[
    {
        "client_msg_id": "dfcfca96-f700-4553-9e01-2575e57ac98e",
        "type": "message",
        "text": "*How to hide URL bar on Google Chrome and Microsoft Edge*\nmsedge.exe --app= <http:\/\/forums.fivetechsupport.com\/index.php>\nchrome.exe --app=<http:\/\/forums.fivetechsupport.com\/index.php>",
        "user": "UJHD6A81H",
        "ts": "1594221244.336700",
        "team": "TJH5YU202",
        "user_team": "TJH5YU202",
        "source_team": "TJH5YU202",
        "user_profile": {
            "avatar_hash": "g6b8073e00e9",
            "image_72": "https:\/\/secure.gravatar.com\/avatar\/b96b8073e00e9eb02bcf05bc1418eb3a.jpg?s=72&d=https%3A%2F%2Fa.slack-edge.com%2Fdf10d%2Fimg%2Favatars%2Fava_0021-72.png",
            "first_name": "Otto",
            "real_name": "Otto Atzwanger",
            "display_name": "Otto",
            "team": "TJH5YU202",
            "name": "otto",
            "is_restricted": false,
            "is_ultra_restricted": false
        },
        "blocks": [
            {
                "type": "rich_text",
                "block_id": "LvsI",
                "elements": [
                    {
                        "type": "rich_text_section",
                        "elements": [
                            {
                                "type": "text",
                                "text": "How to hide URL bar on Google Chrome and Microsoft Edge",
                                "style": {
                                    "bold": true
                                }
                            },
                            {
                                "type": "text",
                                "text": "\nmsedge.exe --app= "
                            },
                            {
                                "type": "link",
                                "url": "http:\/\/forums.fivetechsupport.com\/index.php"
                            },
                            {
                                "type": "text",
                                "text": "\nchrome.exe --app="
                            },
                            {
                                "type": "link",
                                "url": "http:\/\/forums.fivetechsupport.com\/index.php"
                            }
                        ]
                    }
                ]
            }
        ]
    },
    {
        "client_msg_id": "7c8c4f17-6d3b-4a74-bfd5-69fb61db5237",
        "type": "message",
        "text": "does that trigger chromium into thinking it's serving a desktop web app?",
        "user": "UNAHBRTFA",
        "ts": "1594221451.337200",
        "team": "TJH5YU202",
        "user_team": "TJH5YU202",
        "source_team": "TJH5YU202",
        "user_profile": {
            "avatar_hash": "g3d2a3f4c28c",
            "image_72": "https:\/\/secure.gravatar.com\/avatar\/23d2a3f4c28cebb4cf07e48d02620517.jpg?s=72&d=https%3A%2F%2Fa.slack-edge.com%2Fdf10d%2Fimg%2Favatars%2Fava_0020-72.png",
            "first_name": "Andreu",
            "real_name": "Andreu Botella",
            "display_name": "Andreu Botella",
            "team": "TJH5YU202",
            "name": "andreu.132",
            "is_restricted": false,
            "is_ultra_restricted": false
        },
        "blocks": [
            {
                "type": "rich_text",
                "block_id": "ahB1F",
                "elements": [
                    {
                        "type": "rich_text_section",
                        "elements": [
                            {
                                "type": "text",
                                "text": "does that trigger chromium into thinking it's serving a desktop web app?"
                            }
                        ]
                    }
                ]
            }
        ]
    },
    {
        "client_msg_id": "aed2cf34-4dd0-4675-a741-f62addd1573f",
        "type": "message",
        "text": "actually, that probably _is_ how desktop web apps are handled under the hood in chromium",
        "user": "UNAHBRTFA",
        "ts": "1594221491.337700",
        "team": "TJH5YU202",
        "user_team": "TJH5YU202",
        "source_team": "TJH5YU202",
        "user_profile": {
            "avatar_hash": "g3d2a3f4c28c",
            "image_72": "https:\/\/secure.gravatar.com\/avatar\/23d2a3f4c28cebb4cf07e48d02620517.jpg?s=72&d=https%3A%2F%2Fa.slack-edge.com%2Fdf10d%2Fimg%2Favatars%2Fava_0020-72.png",
            "first_name": "Andreu",
            "real_name": "Andreu Botella",
            "display_name": "Andreu Botella",
            "team": "TJH5YU202",
            "name": "andreu.132",
            "is_restricted": false,
            "is_ultra_restricted": false
        },
        "edited": {
            "user": "UNAHBRTFA",
            "ts": "1594221507.000000"
        },
        "blocks": [
            {
                "type": "rich_text",
                "block_id": "7a=",
                "elements": [
                    {
                        "type": "rich_text_section",
                        "elements": [
                            {
                                "type": "text",
                                "text": "actually, that probably "
                            },
                            {
                                "type": "text",
                                "text": "is",
                                "style": {
                                    "italic": true
                                }
                            },
                            {
                                "type": "text",
                                "text": " how desktop web apps are handled under the hood in chromium"
                            }
                        ]
                    }
                ]
            }
        ]
    },
    {
        "client_msg_id": "355ef778-a269-4812-9480-3ef09aada8e6",
        "type": "message",
        "text": "nice !",
        "user": "UM81W8B0Q",
        "ts": "1594223733.338400",
        "team": "TJH5YU202",
        "user_team": "TJH5YU202",
        "source_team": "TJH5YU202",
        "user_profile": {
            "avatar_hash": "gab9279ee8c0",
            "image_72": "https:\/\/secure.gravatar.com\/avatar\/73ab9279ee8c00f66ce4904d30146c8f.jpg?s=72&d=https%3A%2F%2Fa.slack-edge.com%2Fdf10d%2Fimg%2Favatars%2Fava_0010-72.png",
            "first_name": "",
            "real_name": "Angel Pais",
            "display_name": "Angel Pais",
            "team": "TJH5YU202",
            "name": "amigosam",
            "is_restricted": false,
            "is_ultra_restricted": false
        },
        "blocks": [
            {
                "type": "rich_text",
                "block_id": "Rew1",
                "elements": [
                    {
                        "type": "rich_text_section",
                        "elements": [
                            {
                                "type": "text",
                                "text": "nice !"
                            }
                        ]
                    }
                ]
            }
        ]
    },
    {
        "client_msg_id": "58fe240c-c12e-4ef0-b52c-f25432bd7edc",
        "type": "message",
        "text": "now I need the same but for Firefox :P",
        "user": "UM81W8B0Q",
        "ts": "1594223751.338800",
        "team": "TJH5YU202",
        "user_team": "TJH5YU202",
        "source_team": "TJH5YU202",
        "user_profile": {
            "avatar_hash": "gab9279ee8c0",
            "image_72": "https:\/\/secure.gravatar.com\/avatar\/73ab9279ee8c00f66ce4904d30146c8f.jpg?s=72&d=https%3A%2F%2Fa.slack-edge.com%2Fdf10d%2Fimg%2Favatars%2Fava_0010-72.png",
            "first_name": "",
            "real_name": "Angel Pais",
            "display_name": "Angel Pais",
            "team": "TJH5YU202",
            "name": "amigosam",
            "is_restricted": false,
            "is_ultra_restricted": false
        },
        "blocks": [
            {
                "type": "rich_text",
                "block_id": "\/aI5q",
                "elements": [
                    {
                        "type": "rich_text_section",
                        "elements": [
                            {
                                "type": "text",
                                "text": "now I need the same but for Firefox :P"
                            }
                        ]
                    }
                ]
            }
        ]
    },
    {
        "client_msg_id": "afb00b2e-c331-464e-883c-a16d5c7418ca",
        "type": "message",
        "text": "PWA gives you that and many other things ...\n<https:\/\/developer.mozilla.org\/es\/docs\/Web\/Manifest>",
        "user": "UJRQZMTAM",
        "ts": "1594223961.339600",
        "team": "TJH5YU202",
        "user_team": "TJH5YU202",
        "source_team": "TJH5YU202",
        "user_profile": {
            "avatar_hash": "0d8c567df084",
            "image_72": "https:\/\/avatars.slack-edge.com\/2019-11-22\/834908722243_0d8c567df084bf59d639_72.png",
            "first_name": "Diego",
            "real_name": "Diego F",
            "display_name": "Diego F",
            "team": "TJH5YU202",
            "name": "diegohfazio",
            "is_restricted": false,
            "is_ultra_restricted": false
        },
        "attachments": [
            {
                "service_name": "Documentación web de MDN",
                "title": "Web App Manifest",
                "title_link": "https:\/\/developer.mozilla.org\/es\/docs\/Web\/Manifest",
                "text": "El manifiesto de aplicaciones web proporciona información sobre una aplicación (como nombre, autor, icono y descripción) en un documento simplificado. Su principal propósito es crear progressive web apps: aplicaciones web que se pueden instalar desde la pantalla principal de un dispositivo sin necesidad de hacerlo a traves de una app store (y otras ventajas como disponibilidad offline y enviar notificaciones push cuando cambia el contenido de la aplicación.)",
                "fallback": "Documentación web de MDN: Web App Manifest",
                "thumb_url": "https:\/\/developer.mozilla.org\/static\/img\/opengraph-logo.72382e605ce3.png",
                "from_url": "https:\/\/developer.mozilla.org\/es\/docs\/Web\/Manifest",
                "thumb_width": 600,
                "thumb_height": 600,
                "service_icon": "https:\/\/developer.mozilla.org\/static\/img\/favicon144.e7e21ca263ca.png",
                "id": 1,
                "original_url": "https:\/\/developer.mozilla.org\/es\/docs\/Web\/Manifest"
            }
        ],
        "blocks": [
            {
                "type": "rich_text",
                "block_id": "Umkmy",
                "elements": [
                    {
                        "type": "rich_text_section",
                        "elements": [
                            {
                                "type": "text",
                                "text": "PWA gives you that and many other things ...\n"
                            },
                            {
                                "type": "link",
                                "url": "https:\/\/developer.mozilla.org\/es\/docs\/Web\/Manifest"
                            }
                        ]
                    }
                ]
            }
        ]
    },
    {
        "client_msg_id": "fadd085f-5452-4c6c-b6af-0c206630666f",
        "type": "message",
        "text": "<https:\/\/bugzilla.mozilla.org\/show_bug.cgi?id=1407202>",
        "user": "UNAHBRTFA",
        "ts": "1594224403.339900",
        "team": "TJH5YU202",
        "user_team": "TJH5YU202",
        "source_team": "TJH5YU202",
        "user_profile": {
            "avatar_hash": "g3d2a3f4c28c",
            "image_72": "https:\/\/secure.gravatar.com\/avatar\/23d2a3f4c28cebb4cf07e48d02620517.jpg?s=72&d=https%3A%2F%2Fa.slack-edge.com%2Fdf10d%2Fimg%2Favatars%2Fava_0020-72.png",
            "first_name": "Andreu",
            "real_name": "Andreu Botella",
            "display_name": "Andreu Botella",
            "team": "TJH5YU202",
            "name": "andreu.132",
            "is_restricted": false,
            "is_ultra_restricted": false
        },
        "attachments": [
            {
                "title": "1407202 - (desktop-pwa) [Meta] Desktop Progressive Web App Support",
                "title_link": "https:\/\/bugzilla.mozilla.org\/show_bug.cgi?id=1407202",
                "text": "NEW (nobody) in Firefox - General. Last updated 2020-07-07.",
                "fallback": "1407202 - (desktop-pwa) [Meta] Desktop Progressive Web App Support",
                "fields": [
                    {
                        "title": "Type",
                        "value": "enhancement",
                        "short": true
                    },
                    {
                        "title": "Priority",
                        "value": "P3",
                        "short": true
                    }
                ],
                "from_url": "https:\/\/bugzilla.mozilla.org\/show_bug.cgi?id=1407202",
                "service_icon": "https:\/\/bugzilla.mozilla.org\/extensions\/BMO\/web\/images\/favicon.ico",
                "service_name": "bugzilla.mozilla.org",
                "id": 1,
                "original_url": "https:\/\/bugzilla.mozilla.org\/show_bug.cgi?id=1407202"
            }
        ],
        "blocks": [
            {
                "type": "rich_text",
                "block_id": "ZIO",
                "elements": [
                    {
                        "type": "rich_text_section",
                        "elements": [
                            {
                                "type": "link",
                                "url": "https:\/\/bugzilla.mozilla.org\/show_bug.cgi?id=1407202"
                            }
                        ]
                    }
                ]
            }
        ]
    },
    {
        "client_msg_id": "866f7af4-3854-4f3a-a11a-b26c94e1f7ae",
        "type": "message",
        "text": "firefox supports PWAs on mobile, but not on desktop",
        "user": "UNAHBRTFA",
        "ts": "1594224411.340300",
        "team": "TJH5YU202",
        "user_team": "TJH5YU202",
        "source_team": "TJH5YU202",
        "user_profile": {
            "avatar_hash": "g3d2a3f4c28c",
            "image_72": "https:\/\/secure.gravatar.com\/avatar\/23d2a3f4c28cebb4cf07e48d02620517.jpg?s=72&d=https%3A%2F%2Fa.slack-edge.com%2Fdf10d%2Fimg%2Favatars%2Fava_0020-72.png",
            "first_name": "Andreu",
            "real_name": "Andreu Botella",
            "display_name": "Andreu Botella",
            "team": "TJH5YU202",
            "name": "andreu.132",
            "is_restricted": false,
            "is_ultra_restricted": false
        },
        "blocks": [
            {
                "type": "rich_text",
                "block_id": "nWBve",
                "elements": [
                    {
                        "type": "rich_text_section",
                        "elements": [
                            {
                                "type": "text",
                                "text": "firefox supports PWAs on mobile, but not on desktop"
                            }
                        ]
                    }
                ]
            }
        ]
    },
    {
        "client_msg_id": "521b7e92-2bf8-412c-b21d-4e29cf184edd",
        "type": "message",
        "text": ":angry:",
        "user": "UM81W8B0Q",
        "ts": "1594224530.341200",
        "team": "TJH5YU202",
        "user_team": "TJH5YU202",
        "source_team": "TJH5YU202",
        "user_profile": {
            "avatar_hash": "gab9279ee8c0",
            "image_72": "https:\/\/secure.gravatar.com\/avatar\/73ab9279ee8c00f66ce4904d30146c8f.jpg?s=72&d=https%3A%2F%2Fa.slack-edge.com%2Fdf10d%2Fimg%2Favatars%2Fava_0010-72.png",
            "first_name": "",
            "real_name": "Angel Pais",
            "display_name": "Angel Pais",
            "team": "TJH5YU202",
            "name": "amigosam",
            "is_restricted": false,
            "is_ultra_restricted": false
        },
        "blocks": [
            {
                "type": "rich_text",
                "block_id": "8b\/qh",
                "elements": [
                    {
                        "type": "rich_text_section",
                        "elements": [
                            {
                                "type": "emoji",
                                "name": "angry"
                            }
                        ]
                    }
                ]
            }
        ]
    }
]