[
    {
        "client_msg_id": "16e29a28-c709-4142-98a4-7dcda90601ed",
        "type": "message",
        "text": "Today I started to change our program QRCode redirect from SQL to dbf. With mod harbour all is so much easier now.",
        "user": "UJHD6A81H",
        "ts": "1592165263.189800",
        "team": "TJH5YU202",
        "user_team": "TJH5YU202",
        "source_team": "TJH5YU202",
        "user_profile": {
            "avatar_hash": "g6b8073e00e9",
            "image_72": "https:\/\/secure.gravatar.com\/avatar\/b96b8073e00e9eb02bcf05bc1418eb3a.jpg?s=72&d=https%3A%2F%2Fa.slack-edge.com%2Fdf10d%2Fimg%2Favatars%2Fava_0021-72.png",
            "first_name": "Otto",
            "real_name": "Otto Atzwanger",
            "display_name": "Otto",
            "team": "TJH5YU202",
            "name": "otto",
            "is_restricted": false,
            "is_ultra_restricted": false
        },
        "blocks": [
            {
                "type": "rich_text",
                "block_id": "hYv",
                "elements": [
                    {
                        "type": "rich_text_section",
                        "elements": [
                            {
                                "type": "text",
                                "text": "Today I started to change our program QRCode redirect from SQL to dbf. With mod harbour all is so much easier now."
                            }
                        ]
                    }
                ]
            }
        ]
    },
    {
        "client_msg_id": "8537dc9d-8bb8-4c8d-abd9-741893f110b9",
        "type": "message",
        "text": "<http:\/\/forums.fivetechsupport.com\/viewtopic.php?f=3&amp;t=35702&amp;hilit=qrcode#p212824>",
        "user": "UJHD6A81H",
        "ts": "1592165311.190400",
        "team": "TJH5YU202",
        "user_team": "TJH5YU202",
        "source_team": "TJH5YU202",
        "user_profile": {
            "avatar_hash": "g6b8073e00e9",
            "image_72": "https:\/\/secure.gravatar.com\/avatar\/b96b8073e00e9eb02bcf05bc1418eb3a.jpg?s=72&d=https%3A%2F%2Fa.slack-edge.com%2Fdf10d%2Fimg%2Favatars%2Fava_0021-72.png",
            "first_name": "Otto",
            "real_name": "Otto Atzwanger",
            "display_name": "Otto",
            "team": "TJH5YU202",
            "name": "otto",
            "is_restricted": false,
            "is_ultra_restricted": false
        },
        "blocks": [
            {
                "type": "rich_text",
                "block_id": "qWXNx",
                "elements": [
                    {
                        "type": "rich_text_section",
                        "elements": [
                            {
                                "type": "link",
                                "url": "http:\/\/forums.fivetechsupport.com\/viewtopic.php?f=3&t=35702&hilit=qrcode#p212824"
                            }
                        ]
                    }
                ]
            }
        ]
    },
    {
        "client_msg_id": "0dc46a70-1fae-416c-b3d5-2836c4fb0c8e",
        "type": "message",
        "text": "myPHPClone : Fivewin's xBrowse would be very suitable to replace myPHPAdmin.\nI think that would be an excellent project for our community.",
        "user": "UJHD6A81H",
        "ts": "1592165542.190700",
        "team": "TJH5YU202",
        "user_team": "TJH5YU202",
        "source_team": "TJH5YU202",
        "user_profile": {
            "avatar_hash": "g6b8073e00e9",
            "image_72": "https:\/\/secure.gravatar.com\/avatar\/b96b8073e00e9eb02bcf05bc1418eb3a.jpg?s=72&d=https%3A%2F%2Fa.slack-edge.com%2Fdf10d%2Fimg%2Favatars%2Fava_0021-72.png",
            "first_name": "Otto",
            "real_name": "Otto Atzwanger",
            "display_name": "Otto",
            "team": "TJH5YU202",
            "name": "otto",
            "is_restricted": false,
            "is_ultra_restricted": false
        },
        "edited": {
            "user": "UJHD6A81H",
            "ts": "1592216056.000000"
        },
        "blocks": [
            {
                "type": "rich_text",
                "block_id": "OUqiE",
                "elements": [
                    {
                        "type": "rich_text_section",
                        "elements": [
                            {
                                "type": "text",
                                "text": "myPHPClone : Fivewin's xBrowse would be very suitable to replace myPHPAdmin.\nI think that would be an excellent project for our community."
                            }
                        ]
                    }
                ]
            }
        ]
    },
    {
        "client_msg_id": "c0fe4017-9fc3-4aeb-981a-2fa7ea125626",
        "type": "message",
        "text": "QRCode redirect",
        "user": "UJHD6A81H",
        "ts": "1592202562.191200",
        "team": "TJH5YU202",
        "user_team": "TJH5YU202",
        "source_team": "TJH5YU202",
        "user_profile": {
            "avatar_hash": "g6b8073e00e9",
            "image_72": "https:\/\/secure.gravatar.com\/avatar\/b96b8073e00e9eb02bcf05bc1418eb3a.jpg?s=72&d=https%3A%2F%2Fa.slack-edge.com%2Fdf10d%2Fimg%2Favatars%2Fava_0021-72.png",
            "first_name": "Otto",
            "real_name": "Otto Atzwanger",
            "display_name": "Otto",
            "team": "TJH5YU202",
            "name": "otto",
            "is_restricted": false,
            "is_ultra_restricted": false
        },
        "blocks": [
            {
                "type": "rich_text",
                "block_id": "8kaoy",
                "elements": [
                    {
                        "type": "rich_text_section",
                        "elements": [
                            {
                                "type": "text",
                                "text": "QRCode redirect"
                            }
                        ]
                    }
                ]
            }
        ]
    },
    {
        "client_msg_id": "d8b1355b-73e1-47d5-b341-11ad3a83ec56",
        "type": "message",
        "text": "I inserted 2 lines of code to GENESIS and the QRCode manager is working. WOW - thanks Antonio.",
        "user": "UJHD6A81H",
        "ts": "1592202687.191800",
        "team": "TJH5YU202",
        "user_team": "TJH5YU202",
        "source_team": "TJH5YU202",
        "user_profile": {
            "avatar_hash": "g6b8073e00e9",
            "image_72": "https:\/\/secure.gravatar.com\/avatar\/b96b8073e00e9eb02bcf05bc1418eb3a.jpg?s=72&d=https%3A%2F%2Fa.slack-edge.com%2Fdf10d%2Fimg%2Favatars%2Fava_0021-72.png",
            "first_name": "Otto",
            "real_name": "Otto Atzwanger",
            "display_name": "Otto",
            "team": "TJH5YU202",
            "name": "otto",
            "is_restricted": false,
            "is_ultra_restricted": false
        },
        "blocks": [
            {
                "type": "rich_text",
                "block_id": "Hls",
                "elements": [
                    {
                        "type": "rich_text_section",
                        "elements": [
                            {
                                "type": "text",
                                "text": "I inserted 2 lines of code to GENESIS and the QRCode manager is working. WOW - thanks Antonio."
                            }
                        ]
                    }
                ]
            }
        ]
    },
    {
        "type": "message",
        "text": "",
        "files": [
            {
                "id": "F0163FCBFFA",
                "created": 1592202767,
                "timestamp": 1592202767,
                "name": "clip1.jpg",
                "title": "clip1.jpg",
                "mimetype": "image\/jpeg",
                "filetype": "jpg",
                "pretty_type": "JPEG",
                "user": "UJHD6A81H",
                "editable": false,
                "size": 170803,
                "mode": "hosted",
                "is_external": false,
                "external_type": "",
                "is_public": true,
                "public_url_shared": false,
                "display_as_bot": false,
                "username": "",
                "url_private": "https:\/\/files.slack.com\/files-pri\/TJH5YU202-F0163FCBFFA\/clip1.jpg?t=xoxe-629202954002-1307858988048-1296644259825-cbe9e6d0558bfb5b1a5a18db398692ce",
                "url_private_download": "https:\/\/files.slack.com\/files-pri\/TJH5YU202-F0163FCBFFA\/download\/clip1.jpg?t=xoxe-629202954002-1307858988048-1296644259825-cbe9e6d0558bfb5b1a5a18db398692ce",
                "thumb_64": "https:\/\/files.slack.com\/files-tmb\/TJH5YU202-F0163FCBFFA-6ae686bef3\/clip1_64.jpg?t=xoxe-629202954002-1307858988048-1296644259825-cbe9e6d0558bfb5b1a5a18db398692ce",
                "thumb_80": "https:\/\/files.slack.com\/files-tmb\/TJH5YU202-F0163FCBFFA-6ae686bef3\/clip1_80.jpg?t=xoxe-629202954002-1307858988048-1296644259825-cbe9e6d0558bfb5b1a5a18db398692ce",
                "thumb_360": "https:\/\/files.slack.com\/files-tmb\/TJH5YU202-F0163FCBFFA-6ae686bef3\/clip1_360.jpg?t=xoxe-629202954002-1307858988048-1296644259825-cbe9e6d0558bfb5b1a5a18db398692ce",
                "thumb_360_w": 360,
                "thumb_360_h": 324,
                "thumb_480": "https:\/\/files.slack.com\/files-tmb\/TJH5YU202-F0163FCBFFA-6ae686bef3\/clip1_480.jpg?t=xoxe-629202954002-1307858988048-1296644259825-cbe9e6d0558bfb5b1a5a18db398692ce",
                "thumb_480_w": 480,
                "thumb_480_h": 432,
                "thumb_160": "https:\/\/files.slack.com\/files-tmb\/TJH5YU202-F0163FCBFFA-6ae686bef3\/clip1_160.jpg?t=xoxe-629202954002-1307858988048-1296644259825-cbe9e6d0558bfb5b1a5a18db398692ce",
                "thumb_720": "https:\/\/files.slack.com\/files-tmb\/TJH5YU202-F0163FCBFFA-6ae686bef3\/clip1_720.jpg?t=xoxe-629202954002-1307858988048-1296644259825-cbe9e6d0558bfb5b1a5a18db398692ce",
                "thumb_720_w": 720,
                "thumb_720_h": 648,
                "thumb_800": "https:\/\/files.slack.com\/files-tmb\/TJH5YU202-F0163FCBFFA-6ae686bef3\/clip1_800.jpg?t=xoxe-629202954002-1307858988048-1296644259825-cbe9e6d0558bfb5b1a5a18db398692ce",
                "thumb_800_w": 800,
                "thumb_800_h": 721,
                "original_w": 866,
                "original_h": 780,
                "thumb_tiny": "AwArADCl3pD9aUY5z60fLQAnNHNBxijigA5p0R\/ep\/vCm8Yp0f8ArU\/3hQAL3+tBApASAaC3vQAEcUnagnNGeKBijpSx\/wCtX\/eFNzxTo\/8AWp\/vCgQnqKMf7NXfs8Wfu\/qaPs8X939TQBSwfQUnPpV77NF\/c\/U0n2eL+7+poAo0+P8A1qf7wq39ni\/u\/qaVYIg6kL39TQB\/\/9k=",
                "permalink": "https:\/\/harbourproject.slack.com\/files\/UJHD6A81H\/F0163FCBFFA\/clip1.jpg",
                "permalink_public": "https:\/\/slack-files.com\/TJH5YU202-F0163FCBFFA-01a2a9e0a4",
                "is_starred": false,
                "has_rich_preview": false
            }
        ],
        "upload": false,
        "user": "UJHD6A81H",
        "display_as_bot": false,
        "ts": "1592202769.191900"
    },
    {
        "type": "message",
        "text": "",
        "files": [
            {
                "id": "F015S93SJCR",
                "created": 1592202773,
                "timestamp": 1592202773,
                "name": "Clip2.jpg",
                "title": "Clip2.jpg",
                "mimetype": "image\/jpeg",
                "filetype": "jpg",
                "pretty_type": "JPEG",
                "user": "UJHD6A81H",
                "editable": false,
                "size": 231315,
                "mode": "hosted",
                "is_external": false,
                "external_type": "",
                "is_public": true,
                "public_url_shared": false,
                "display_as_bot": false,
                "username": "",
                "url_private": "https:\/\/files.slack.com\/files-pri\/TJH5YU202-F015S93SJCR\/clip2.jpg?t=xoxe-629202954002-1307858988048-1296644259825-cbe9e6d0558bfb5b1a5a18db398692ce",
                "url_private_download": "https:\/\/files.slack.com\/files-pri\/TJH5YU202-F015S93SJCR\/download\/clip2.jpg?t=xoxe-629202954002-1307858988048-1296644259825-cbe9e6d0558bfb5b1a5a18db398692ce",
                "thumb_64": "https:\/\/files.slack.com\/files-tmb\/TJH5YU202-F015S93SJCR-ecdb04a7d7\/clip2_64.jpg?t=xoxe-629202954002-1307858988048-1296644259825-cbe9e6d0558bfb5b1a5a18db398692ce",
                "thumb_80": "https:\/\/files.slack.com\/files-tmb\/TJH5YU202-F015S93SJCR-ecdb04a7d7\/clip2_80.jpg?t=xoxe-629202954002-1307858988048-1296644259825-cbe9e6d0558bfb5b1a5a18db398692ce",
                "thumb_360": "https:\/\/files.slack.com\/files-tmb\/TJH5YU202-F015S93SJCR-ecdb04a7d7\/clip2_360.jpg?t=xoxe-629202954002-1307858988048-1296644259825-cbe9e6d0558bfb5b1a5a18db398692ce",
                "thumb_360_w": 360,
                "thumb_360_h": 77,
                "thumb_480": "https:\/\/files.slack.com\/files-tmb\/TJH5YU202-F015S93SJCR-ecdb04a7d7\/clip2_480.jpg?t=xoxe-629202954002-1307858988048-1296644259825-cbe9e6d0558bfb5b1a5a18db398692ce",
                "thumb_480_w": 480,
                "thumb_480_h": 103,
                "thumb_160": "https:\/\/files.slack.com\/files-tmb\/TJH5YU202-F015S93SJCR-ecdb04a7d7\/clip2_160.jpg?t=xoxe-629202954002-1307858988048-1296644259825-cbe9e6d0558bfb5b1a5a18db398692ce",
                "thumb_720": "https:\/\/files.slack.com\/files-tmb\/TJH5YU202-F015S93SJCR-ecdb04a7d7\/clip2_720.jpg?t=xoxe-629202954002-1307858988048-1296644259825-cbe9e6d0558bfb5b1a5a18db398692ce",
                "thumb_720_w": 720,
                "thumb_720_h": 154,
                "thumb_800": "https:\/\/files.slack.com\/files-tmb\/TJH5YU202-F015S93SJCR-ecdb04a7d7\/clip2_800.jpg?t=xoxe-629202954002-1307858988048-1296644259825-cbe9e6d0558bfb5b1a5a18db398692ce",
                "thumb_800_w": 800,
                "thumb_800_h": 171,
                "thumb_960": "https:\/\/files.slack.com\/files-tmb\/TJH5YU202-F015S93SJCR-ecdb04a7d7\/clip2_960.jpg?t=xoxe-629202954002-1307858988048-1296644259825-cbe9e6d0558bfb5b1a5a18db398692ce",
                "thumb_960_w": 960,
                "thumb_960_h": 206,
                "thumb_1024": "https:\/\/files.slack.com\/files-tmb\/TJH5YU202-F015S93SJCR-ecdb04a7d7\/clip2_1024.jpg?t=xoxe-629202954002-1307858988048-1296644259825-cbe9e6d0558bfb5b1a5a18db398692ce",
                "thumb_1024_w": 1024,
                "thumb_1024_h": 219,
                "original_w": 1779,
                "original_h": 381,
                "thumb_tiny": "AwAKADCn2FJxkelTbV\/uj8qNq\/3R+VAEPGaXAqXav90flRtX+6PyoAhwMdaUAAjnvUu1f7o\/KlVVyPlH5UAf\/9k=",
                "permalink": "https:\/\/harbourproject.slack.com\/files\/UJHD6A81H\/F015S93SJCR\/clip2.jpg",
                "permalink_public": "https:\/\/slack-files.com\/TJH5YU202-F015S93SJCR-2979263a32",
                "is_starred": false,
                "has_rich_preview": false
            }
        ],
        "upload": false,
        "user": "UJHD6A81H",
        "display_as_bot": false,
        "ts": "1592202775.192300"
    },
    {
        "type": "message",
        "text": "",
        "files": [
            {
                "id": "F015DSAUU4T",
                "created": 1592202792,
                "timestamp": 1592202792,
                "name": "quickinfomanager.jpg",
                "title": "quickinfomanager.jpg",
                "mimetype": "image\/jpeg",
                "filetype": "jpg",
                "pretty_type": "JPEG",
                "user": "UJHD6A81H",
                "editable": false,
                "size": 176267,
                "mode": "hosted",
                "is_external": false,
                "external_type": "",
                "is_public": true,
                "public_url_shared": false,
                "display_as_bot": false,
                "username": "",
                "url_private": "https:\/\/files.slack.com\/files-pri\/TJH5YU202-F015DSAUU4T\/quickinfomanager.jpg?t=xoxe-629202954002-1307858988048-1296644259825-cbe9e6d0558bfb5b1a5a18db398692ce",
                "url_private_download": "https:\/\/files.slack.com\/files-pri\/TJH5YU202-F015DSAUU4T\/download\/quickinfomanager.jpg?t=xoxe-629202954002-1307858988048-1296644259825-cbe9e6d0558bfb5b1a5a18db398692ce",
                "thumb_64": "https:\/\/files.slack.com\/files-tmb\/TJH5YU202-F015DSAUU4T-7ed7db1623\/quickinfomanager_64.jpg?t=xoxe-629202954002-1307858988048-1296644259825-cbe9e6d0558bfb5b1a5a18db398692ce",
                "thumb_80": "https:\/\/files.slack.com\/files-tmb\/TJH5YU202-F015DSAUU4T-7ed7db1623\/quickinfomanager_80.jpg?t=xoxe-629202954002-1307858988048-1296644259825-cbe9e6d0558bfb5b1a5a18db398692ce",
                "thumb_360": "https:\/\/files.slack.com\/files-tmb\/TJH5YU202-F015DSAUU4T-7ed7db1623\/quickinfomanager_360.jpg?t=xoxe-629202954002-1307858988048-1296644259825-cbe9e6d0558bfb5b1a5a18db398692ce",
                "thumb_360_w": 360,
                "thumb_360_h": 131,
                "thumb_480": "https:\/\/files.slack.com\/files-tmb\/TJH5YU202-F015DSAUU4T-7ed7db1623\/quickinfomanager_480.jpg?t=xoxe-629202954002-1307858988048-1296644259825-cbe9e6d0558bfb5b1a5a18db398692ce",
                "thumb_480_w": 480,
                "thumb_480_h": 174,
                "thumb_160": "https:\/\/files.slack.com\/files-tmb\/TJH5YU202-F015DSAUU4T-7ed7db1623\/quickinfomanager_160.jpg?t=xoxe-629202954002-1307858988048-1296644259825-cbe9e6d0558bfb5b1a5a18db398692ce",
                "thumb_720": "https:\/\/files.slack.com\/files-tmb\/TJH5YU202-F015DSAUU4T-7ed7db1623\/quickinfomanager_720.jpg?t=xoxe-629202954002-1307858988048-1296644259825-cbe9e6d0558bfb5b1a5a18db398692ce",
                "thumb_720_w": 720,
                "thumb_720_h": 261,
                "thumb_800": "https:\/\/files.slack.com\/files-tmb\/TJH5YU202-F015DSAUU4T-7ed7db1623\/quickinfomanager_800.jpg?t=xoxe-629202954002-1307858988048-1296644259825-cbe9e6d0558bfb5b1a5a18db398692ce",
                "thumb_800_w": 800,
                "thumb_800_h": 290,
                "thumb_960": "https:\/\/files.slack.com\/files-tmb\/TJH5YU202-F015DSAUU4T-7ed7db1623\/quickinfomanager_960.jpg?t=xoxe-629202954002-1307858988048-1296644259825-cbe9e6d0558bfb5b1a5a18db398692ce",
                "thumb_960_w": 960,
                "thumb_960_h": 348,
                "thumb_1024": "https:\/\/files.slack.com\/files-tmb\/TJH5YU202-F015DSAUU4T-7ed7db1623\/quickinfomanager_1024.jpg?t=xoxe-629202954002-1307858988048-1296644259825-cbe9e6d0558bfb5b1a5a18db398692ce",
                "thumb_1024_w": 1024,
                "thumb_1024_h": 372,
                "original_w": 1857,
                "original_h": 674,
                "thumb_tiny": "AwARADCta\/8AH5F9RWyhb+Pb+FY1p\/x+Rf7wrb9aAFyKMikFHegBc0hOMd80YHpSHqKAM23\/AOPhPrWnWZb\/APHwn1rToAKO9FHegBaQ0tIaAP\/Z",
                "permalink": "https:\/\/harbourproject.slack.com\/files\/UJHD6A81H\/F015DSAUU4T\/quickinfomanager.jpg",
                "permalink_public": "https:\/\/slack-files.com\/TJH5YU202-F015DSAUU4T-a581b80dc7",
                "is_starred": false,
                "has_rich_preview": false
            }
        ],
        "upload": false,
        "user": "UJHD6A81H",
        "display_as_bot": false,
        "ts": "1592202797.192700"
    },
    {
        "type": "message",
        "text": "",
        "files": [
            {
                "id": "F015S94EPRP",
                "created": 1592202804,
                "timestamp": 1592202804,
                "name": "Clip81.jpg",
                "title": "Clip81.jpg",
                "mimetype": "image\/jpeg",
                "filetype": "jpg",
                "pretty_type": "JPEG",
                "user": "UJHD6A81H",
                "editable": false,
                "size": 131862,
                "mode": "hosted",
                "is_external": false,
                "external_type": "",
                "is_public": true,
                "public_url_shared": false,
                "display_as_bot": false,
                "username": "",
                "url_private": "https:\/\/files.slack.com\/files-pri\/TJH5YU202-F015S94EPRP\/clip81.jpg?t=xoxe-629202954002-1307858988048-1296644259825-cbe9e6d0558bfb5b1a5a18db398692ce",
                "url_private_download": "https:\/\/files.slack.com\/files-pri\/TJH5YU202-F015S94EPRP\/download\/clip81.jpg?t=xoxe-629202954002-1307858988048-1296644259825-cbe9e6d0558bfb5b1a5a18db398692ce",
                "thumb_64": "https:\/\/files.slack.com\/files-tmb\/TJH5YU202-F015S94EPRP-0e9b346526\/clip81_64.jpg?t=xoxe-629202954002-1307858988048-1296644259825-cbe9e6d0558bfb5b1a5a18db398692ce",
                "thumb_80": "https:\/\/files.slack.com\/files-tmb\/TJH5YU202-F015S94EPRP-0e9b346526\/clip81_80.jpg?t=xoxe-629202954002-1307858988048-1296644259825-cbe9e6d0558bfb5b1a5a18db398692ce",
                "thumb_360": "https:\/\/files.slack.com\/files-tmb\/TJH5YU202-F015S94EPRP-0e9b346526\/clip81_360.jpg?t=xoxe-629202954002-1307858988048-1296644259825-cbe9e6d0558bfb5b1a5a18db398692ce",
                "thumb_360_w": 360,
                "thumb_360_h": 231,
                "thumb_480": "https:\/\/files.slack.com\/files-tmb\/TJH5YU202-F015S94EPRP-0e9b346526\/clip81_480.jpg?t=xoxe-629202954002-1307858988048-1296644259825-cbe9e6d0558bfb5b1a5a18db398692ce",
                "thumb_480_w": 480,
                "thumb_480_h": 308,
                "thumb_160": "https:\/\/files.slack.com\/files-tmb\/TJH5YU202-F015S94EPRP-0e9b346526\/clip81_160.jpg?t=xoxe-629202954002-1307858988048-1296644259825-cbe9e6d0558bfb5b1a5a18db398692ce",
                "thumb_720": "https:\/\/files.slack.com\/files-tmb\/TJH5YU202-F015S94EPRP-0e9b346526\/clip81_720.jpg?t=xoxe-629202954002-1307858988048-1296644259825-cbe9e6d0558bfb5b1a5a18db398692ce",
                "thumb_720_w": 720,
                "thumb_720_h": 461,
                "thumb_800": "https:\/\/files.slack.com\/files-tmb\/TJH5YU202-F015S94EPRP-0e9b346526\/clip81_800.jpg?t=xoxe-629202954002-1307858988048-1296644259825-cbe9e6d0558bfb5b1a5a18db398692ce",
                "thumb_800_w": 800,
                "thumb_800_h": 513,
                "thumb_960": "https:\/\/files.slack.com\/files-tmb\/TJH5YU202-F015S94EPRP-0e9b346526\/clip81_960.jpg?t=xoxe-629202954002-1307858988048-1296644259825-cbe9e6d0558bfb5b1a5a18db398692ce",
                "thumb_960_w": 960,
                "thumb_960_h": 615,
                "thumb_1024": "https:\/\/files.slack.com\/files-tmb\/TJH5YU202-F015S94EPRP-0e9b346526\/clip81_1024.jpg?t=xoxe-629202954002-1307858988048-1296644259825-cbe9e6d0558bfb5b1a5a18db398692ce",
                "thumb_1024_w": 1024,
                "thumb_1024_h": 656,
                "original_w": 1495,
                "original_h": 958,
                "thumb_tiny": "AwAeADCrbY+2R46bq203c7se2DmsS1\/4\/Iv96t2gAoopPwoAWiiigDCtDm7i\/wB6t2sGz\/4+4v8AereoAKQUtJQAtFJRQB\/\/2Q==",
                "permalink": "https:\/\/harbourproject.slack.com\/files\/UJHD6A81H\/F015S94EPRP\/clip81.jpg",
                "permalink_public": "https:\/\/slack-files.com\/TJH5YU202-F015S94EPRP-5864a20949",
                "is_starred": false,
                "has_rich_preview": false
            }
        ],
        "upload": false,
        "user": "UJHD6A81H",
        "display_as_bot": false,
        "ts": "1592202805.193000"
    },
    {
        "type": "message",
        "text": "",
        "files": [
            {
                "id": "F015DL6US74",
                "created": 1592202813,
                "timestamp": 1592202813,
                "name": "quickinfo.jpg",
                "title": "quickinfo.jpg",
                "mimetype": "image\/jpeg",
                "filetype": "jpg",
                "pretty_type": "JPEG",
                "user": "UJHD6A81H",
                "editable": false,
                "size": 34479,
                "mode": "hosted",
                "is_external": false,
                "external_type": "",
                "is_public": true,
                "public_url_shared": false,
                "display_as_bot": false,
                "username": "",
                "url_private": "https:\/\/files.slack.com\/files-pri\/TJH5YU202-F015DL6US74\/quickinfo.jpg?t=xoxe-629202954002-1307858988048-1296644259825-cbe9e6d0558bfb5b1a5a18db398692ce",
                "url_private_download": "https:\/\/files.slack.com\/files-pri\/TJH5YU202-F015DL6US74\/download\/quickinfo.jpg?t=xoxe-629202954002-1307858988048-1296644259825-cbe9e6d0558bfb5b1a5a18db398692ce",
                "thumb_64": "https:\/\/files.slack.com\/files-tmb\/TJH5YU202-F015DL6US74-225e862172\/quickinfo_64.jpg?t=xoxe-629202954002-1307858988048-1296644259825-cbe9e6d0558bfb5b1a5a18db398692ce",
                "thumb_80": "https:\/\/files.slack.com\/files-tmb\/TJH5YU202-F015DL6US74-225e862172\/quickinfo_80.jpg?t=xoxe-629202954002-1307858988048-1296644259825-cbe9e6d0558bfb5b1a5a18db398692ce",
                "thumb_360": "https:\/\/files.slack.com\/files-tmb\/TJH5YU202-F015DL6US74-225e862172\/quickinfo_360.jpg?t=xoxe-629202954002-1307858988048-1296644259825-cbe9e6d0558bfb5b1a5a18db398692ce",
                "thumb_360_w": 287,
                "thumb_360_h": 360,
                "thumb_480": "https:\/\/files.slack.com\/files-tmb\/TJH5YU202-F015DL6US74-225e862172\/quickinfo_480.jpg?t=xoxe-629202954002-1307858988048-1296644259825-cbe9e6d0558bfb5b1a5a18db398692ce",
                "thumb_480_w": 382,
                "thumb_480_h": 480,
                "thumb_160": "https:\/\/files.slack.com\/files-tmb\/TJH5YU202-F015DL6US74-225e862172\/quickinfo_160.jpg?t=xoxe-629202954002-1307858988048-1296644259825-cbe9e6d0558bfb5b1a5a18db398692ce",
                "original_w": 425,
                "original_h": 534,
                "thumb_tiny": "AwAwACbSxSMwU8\/yp1VbqdopFVSBkZ6U0ribsT719f0pVIbpWa1\/MO6\/lVqyuHn37yOMdKbi0FyzijFLRUjCqd5BJJMjpjAGDk1cpkzmOMsBk+lNb6CexltZTZ424\/3qt6fbvB5hcD5sYwc0v2p\/+eY\/WrMbF41YjBI6VUubqJNPYdRRRUFBVVo7gscPxn+9VqimnYTVyp5Vz\/fP\/fVOjjnDqWfIzz81WaKfMLlCiiipKP\/Z",
                "permalink": "https:\/\/harbourproject.slack.com\/files\/UJHD6A81H\/F015DL6US74\/quickinfo.jpg",
                "permalink_public": "https:\/\/slack-files.com\/TJH5YU202-F015DL6US74-8d28e4b347",
                "is_starred": false,
                "has_rich_preview": false
            }
        ],
        "upload": false,
        "user": "UJHD6A81H",
        "display_as_bot": false,
        "ts": "1592202815.193400"
    },
    {
        "client_msg_id": "df506233-8534-4110-8abe-4934f18548c1",
        "type": "message",
        "text": "I am sorry - I forgot to change the icon.",
        "user": "UJHD6A81H",
        "ts": "1592203959.194100",
        "team": "TJH5YU202",
        "user_team": "TJH5YU202",
        "source_team": "TJH5YU202",
        "user_profile": {
            "avatar_hash": "g6b8073e00e9",
            "image_72": "https:\/\/secure.gravatar.com\/avatar\/b96b8073e00e9eb02bcf05bc1418eb3a.jpg?s=72&d=https%3A%2F%2Fa.slack-edge.com%2Fdf10d%2Fimg%2Favatars%2Fava_0021-72.png",
            "first_name": "Otto",
            "real_name": "Otto Atzwanger",
            "display_name": "Otto",
            "team": "TJH5YU202",
            "name": "otto",
            "is_restricted": false,
            "is_ultra_restricted": false
        },
        "blocks": [
            {
                "type": "rich_text",
                "block_id": "c03n6",
                "elements": [
                    {
                        "type": "rich_text_section",
                        "elements": [
                            {
                                "type": "text",
                                "text": "I am sorry - I forgot to change the icon."
                            }
                        ]
                    }
                ]
            }
        ]
    },
    {
        "type": "message",
        "text": "",
        "files": [
            {
                "id": "F0156UTA7HU",
                "created": 1592204005,
                "timestamp": 1592204005,
                "name": "grafik.png",
                "title": "grafik.png",
                "mimetype": "image\/png",
                "filetype": "png",
                "pretty_type": "PNG",
                "user": "UJHD6A81H",
                "editable": false,
                "size": 41282,
                "mode": "hosted",
                "is_external": false,
                "external_type": "",
                "is_public": true,
                "public_url_shared": false,
                "display_as_bot": false,
                "username": "",
                "url_private": "https:\/\/files.slack.com\/files-pri\/TJH5YU202-F0156UTA7HU\/grafik.png?t=xoxe-629202954002-1307858988048-1296644259825-cbe9e6d0558bfb5b1a5a18db398692ce",
                "url_private_download": "https:\/\/files.slack.com\/files-pri\/TJH5YU202-F0156UTA7HU\/download\/grafik.png?t=xoxe-629202954002-1307858988048-1296644259825-cbe9e6d0558bfb5b1a5a18db398692ce",
                "thumb_64": "https:\/\/files.slack.com\/files-tmb\/TJH5YU202-F0156UTA7HU-b00f3973c8\/grafik_64.png?t=xoxe-629202954002-1307858988048-1296644259825-cbe9e6d0558bfb5b1a5a18db398692ce",
                "thumb_80": "https:\/\/files.slack.com\/files-tmb\/TJH5YU202-F0156UTA7HU-b00f3973c8\/grafik_80.png?t=xoxe-629202954002-1307858988048-1296644259825-cbe9e6d0558bfb5b1a5a18db398692ce",
                "thumb_360": "https:\/\/files.slack.com\/files-tmb\/TJH5YU202-F0156UTA7HU-b00f3973c8\/grafik_360.png?t=xoxe-629202954002-1307858988048-1296644259825-cbe9e6d0558bfb5b1a5a18db398692ce",
                "thumb_360_w": 360,
                "thumb_360_h": 77,
                "thumb_480": "https:\/\/files.slack.com\/files-tmb\/TJH5YU202-F0156UTA7HU-b00f3973c8\/grafik_480.png?t=xoxe-629202954002-1307858988048-1296644259825-cbe9e6d0558bfb5b1a5a18db398692ce",
                "thumb_480_w": 480,
                "thumb_480_h": 103,
                "thumb_160": "https:\/\/files.slack.com\/files-tmb\/TJH5YU202-F0156UTA7HU-b00f3973c8\/grafik_160.png?t=xoxe-629202954002-1307858988048-1296644259825-cbe9e6d0558bfb5b1a5a18db398692ce",
                "thumb_720": "https:\/\/files.slack.com\/files-tmb\/TJH5YU202-F0156UTA7HU-b00f3973c8\/grafik_720.png?t=xoxe-629202954002-1307858988048-1296644259825-cbe9e6d0558bfb5b1a5a18db398692ce",
                "thumb_720_w": 720,
                "thumb_720_h": 154,
                "thumb_800": "https:\/\/files.slack.com\/files-tmb\/TJH5YU202-F0156UTA7HU-b00f3973c8\/grafik_800.png?t=xoxe-629202954002-1307858988048-1296644259825-cbe9e6d0558bfb5b1a5a18db398692ce",
                "thumb_800_w": 800,
                "thumb_800_h": 171,
                "thumb_960": "https:\/\/files.slack.com\/files-tmb\/TJH5YU202-F0156UTA7HU-b00f3973c8\/grafik_960.png?t=xoxe-629202954002-1307858988048-1296644259825-cbe9e6d0558bfb5b1a5a18db398692ce",
                "thumb_960_w": 960,
                "thumb_960_h": 206,
                "thumb_1024": "https:\/\/files.slack.com\/files-tmb\/TJH5YU202-F0156UTA7HU-b00f3973c8\/grafik_1024.png?t=xoxe-629202954002-1307858988048-1296644259825-cbe9e6d0558bfb5b1a5a18db398692ce",
                "thumb_1024_w": 1024,
                "thumb_1024_h": 219,
                "original_w": 1700,
                "original_h": 364,
                "thumb_tiny": "AwAKADCp2FNOMiptq\/3R+VJtX+6PyoAiOMil4qTav90flRtX+6PyoAj4oXG4c96k2r\/dH5UoVdw4HX0oA\/\/Z",
                "permalink": "https:\/\/harbourproject.slack.com\/files\/UJHD6A81H\/F0156UTA7HU\/grafik.png",
                "permalink_public": "https:\/\/slack-files.com\/TJH5YU202-F0156UTA7HU-07de550bc3",
                "is_starred": false,
                "has_rich_preview": false
            }
        ],
        "upload": false,
        "user": "UJHD6A81H",
        "display_as_bot": false,
        "ts": "1592204007.194200"
    }
]