[
    {
        "client_msg_id": "8215859e-81d7-4d0a-90b8-c968dbd64959",
        "type": "message",
        "text": "Good morning",
        "user": "UJHD6A81H",
        "ts": "1593243670.220900",
        "team": "TJH5YU202",
        "user_team": "TJH5YU202",
        "source_team": "TJH5YU202",
        "user_profile": {
            "avatar_hash": "g6b8073e00e9",
            "image_72": "https:\/\/secure.gravatar.com\/avatar\/b96b8073e00e9eb02bcf05bc1418eb3a.jpg?s=72&d=https%3A%2F%2Fa.slack-edge.com%2Fdf10d%2Fimg%2Favatars%2Fava_0021-72.png",
            "first_name": "Otto",
            "real_name": "Otto Atzwanger",
            "display_name": "Otto",
            "team": "TJH5YU202",
            "name": "otto",
            "is_restricted": false,
            "is_ultra_restricted": false
        },
        "blocks": [
            {
                "type": "rich_text",
                "block_id": "QzP",
                "elements": [
                    {
                        "type": "rich_text_section",
                        "elements": [
                            {
                                "type": "text",
                                "text": "Good morning"
                            }
                        ]
                    }
                ]
            }
        ]
    },
    {
        "client_msg_id": "2db65f07-bcb8-4a80-8c9c-c47fc3aa134d",
        "type": "message",
        "text": "After scanning and the web server are not on the same machine, I have expanded the system with an FTP upload component.\nThe online database is updated directly via the web page!",
        "user": "UJHD6A81H",
        "ts": "1593243677.221100",
        "team": "TJH5YU202",
        "user_team": "TJH5YU202",
        "source_team": "TJH5YU202",
        "user_profile": {
            "avatar_hash": "g6b8073e00e9",
            "image_72": "https:\/\/secure.gravatar.com\/avatar\/b96b8073e00e9eb02bcf05bc1418eb3a.jpg?s=72&d=https%3A%2F%2Fa.slack-edge.com%2Fdf10d%2Fimg%2Favatars%2Fava_0021-72.png",
            "first_name": "Otto",
            "real_name": "Otto Atzwanger",
            "display_name": "Otto",
            "team": "TJH5YU202",
            "name": "otto",
            "is_restricted": false,
            "is_ultra_restricted": false
        },
        "blocks": [
            {
                "type": "rich_text",
                "block_id": "IMbl",
                "elements": [
                    {
                        "type": "rich_text_section",
                        "elements": [
                            {
                                "type": "text",
                                "text": "After scanning and the web server are not on the same machine, I have expanded the system with an FTP upload component.\nThe online database is updated directly via the web page!"
                            }
                        ]
                    }
                ]
            }
        ]
    },
    {
        "type": "message",
        "text": "",
        "files": [
            {
                "id": "F016VD244AU",
                "created": 1593243912,
                "timestamp": 1593243912,
                "name": "grafik.png",
                "title": "grafik.png",
                "mimetype": "image\/png",
                "filetype": "png",
                "pretty_type": "PNG",
                "user": "UJHD6A81H",
                "editable": false,
                "size": 268596,
                "mode": "hosted",
                "is_external": false,
                "external_type": "",
                "is_public": true,
                "public_url_shared": false,
                "display_as_bot": false,
                "username": "",
                "url_private": "https:\/\/files.slack.com\/files-pri\/TJH5YU202-F016VD244AU\/grafik.png?t=xoxe-629202954002-1307858988048-1296644259825-cbe9e6d0558bfb5b1a5a18db398692ce",
                "url_private_download": "https:\/\/files.slack.com\/files-pri\/TJH5YU202-F016VD244AU\/download\/grafik.png?t=xoxe-629202954002-1307858988048-1296644259825-cbe9e6d0558bfb5b1a5a18db398692ce",
                "thumb_64": "https:\/\/files.slack.com\/files-tmb\/TJH5YU202-F016VD244AU-d85719305d\/grafik_64.png?t=xoxe-629202954002-1307858988048-1296644259825-cbe9e6d0558bfb5b1a5a18db398692ce",
                "thumb_80": "https:\/\/files.slack.com\/files-tmb\/TJH5YU202-F016VD244AU-d85719305d\/grafik_80.png?t=xoxe-629202954002-1307858988048-1296644259825-cbe9e6d0558bfb5b1a5a18db398692ce",
                "thumb_360": "https:\/\/files.slack.com\/files-tmb\/TJH5YU202-F016VD244AU-d85719305d\/grafik_360.png?t=xoxe-629202954002-1307858988048-1296644259825-cbe9e6d0558bfb5b1a5a18db398692ce",
                "thumb_360_w": 360,
                "thumb_360_h": 173,
                "thumb_480": "https:\/\/files.slack.com\/files-tmb\/TJH5YU202-F016VD244AU-d85719305d\/grafik_480.png?t=xoxe-629202954002-1307858988048-1296644259825-cbe9e6d0558bfb5b1a5a18db398692ce",
                "thumb_480_w": 480,
                "thumb_480_h": 230,
                "thumb_160": "https:\/\/files.slack.com\/files-tmb\/TJH5YU202-F016VD244AU-d85719305d\/grafik_160.png?t=xoxe-629202954002-1307858988048-1296644259825-cbe9e6d0558bfb5b1a5a18db398692ce",
                "thumb_720": "https:\/\/files.slack.com\/files-tmb\/TJH5YU202-F016VD244AU-d85719305d\/grafik_720.png?t=xoxe-629202954002-1307858988048-1296644259825-cbe9e6d0558bfb5b1a5a18db398692ce",
                "thumb_720_w": 720,
                "thumb_720_h": 346,
                "thumb_800": "https:\/\/files.slack.com\/files-tmb\/TJH5YU202-F016VD244AU-d85719305d\/grafik_800.png?t=xoxe-629202954002-1307858988048-1296644259825-cbe9e6d0558bfb5b1a5a18db398692ce",
                "thumb_800_w": 800,
                "thumb_800_h": 384,
                "thumb_960": "https:\/\/files.slack.com\/files-tmb\/TJH5YU202-F016VD244AU-d85719305d\/grafik_960.png?t=xoxe-629202954002-1307858988048-1296644259825-cbe9e6d0558bfb5b1a5a18db398692ce",
                "thumb_960_w": 960,
                "thumb_960_h": 461,
                "thumb_1024": "https:\/\/files.slack.com\/files-tmb\/TJH5YU202-F016VD244AU-d85719305d\/grafik_1024.png?t=xoxe-629202954002-1307858988048-1296644259825-cbe9e6d0558bfb5b1a5a18db398692ce",
                "thumb_1024_w": 1024,
                "thumb_1024_h": 491,
                "original_w": 2315,
                "original_h": 1111,
                "thumb_tiny": "AwAXADDTo6dKzyN79csTT\/IZFYnBAHrV8pnz+RcOQKRm2rnvVeJmUeg+lSFiyfj6Vk3Z2NFqriC4yzKpUsvUU6OVmPzKBnpg1GTiljOWFGoEbQuG+UcjvQVnIwen4VaPWkrXmM3BDLaNkDbhjNPkGV47U8dKRvumobuWlZWIMU5ASw9qSnx9TUIZ\/9k=",
                "permalink": "https:\/\/harbourproject.slack.com\/files\/UJHD6A81H\/F016VD244AU\/grafik.png",
                "permalink_public": "https:\/\/slack-files.com\/TJH5YU202-F016VD244AU-e5c61236fa",
                "is_starred": false,
                "has_rich_preview": false
            }
        ],
        "upload": false,
        "user": "UJHD6A81H",
        "display_as_bot": false,
        "ts": "1593243922.221200"
    },
    {
        "client_msg_id": "226b752e-aedd-4429-a81d-e2b59921e22f",
        "type": "message",
        "text": "Yesterday in the Skype session someone asked how my  \"spaghetti code works\".\nBut with the term \"spaghetti code\" you are wrong.\nThe correct name is RAVIOLI CODE.\n\nThe ideal software structure is one having components that are small and loosely coupled; this ideal structure is called ravioli code. In ravioli\ncode, each of the components, or objects, is a package containing some meat or other nourishment for the system; any component can be modified or replaced without significantly affecting other components.",
        "user": "UJHD6A81H",
        "ts": "1593244584.221600",
        "team": "TJH5YU202",
        "user_team": "TJH5YU202",
        "source_team": "TJH5YU202",
        "user_profile": {
            "avatar_hash": "g6b8073e00e9",
            "image_72": "https:\/\/secure.gravatar.com\/avatar\/b96b8073e00e9eb02bcf05bc1418eb3a.jpg?s=72&d=https%3A%2F%2Fa.slack-edge.com%2Fdf10d%2Fimg%2Favatars%2Fava_0021-72.png",
            "first_name": "Otto",
            "real_name": "Otto Atzwanger",
            "display_name": "Otto",
            "team": "TJH5YU202",
            "name": "otto",
            "is_restricted": false,
            "is_ultra_restricted": false
        },
        "blocks": [
            {
                "type": "rich_text",
                "block_id": "grLsb",
                "elements": [
                    {
                        "type": "rich_text_section",
                        "elements": [
                            {
                                "type": "text",
                                "text": "Yesterday in the Skype session someone asked how my  \"spaghetti code works\".\nBut with the term \"spaghetti code\" you are wrong.\nThe correct name is RAVIOLI CODE.\n\nThe ideal software structure is one having components that are small and loosely coupled; this ideal structure is called ravioli code. In ravioli\ncode, each of the components, or objects, is a package containing some meat or other nourishment for the system; any component can be modified or replaced without significantly affecting other components."
                            }
                        ]
                    }
                ]
            }
        ],
        "reactions": [
            {
                "name": "+1",
                "users": [
                    "UK28N3CER"
                ],
                "count": 1
            }
        ]
    },
    {
        "client_msg_id": "872a56d9-329f-4a60-8920-c6fba7a827f0",
        "type": "message",
        "text": "-------------",
        "user": "UJHD6A81H",
        "ts": "1593244824.221800",
        "team": "TJH5YU202",
        "user_team": "TJH5YU202",
        "source_team": "TJH5YU202",
        "user_profile": {
            "avatar_hash": "g6b8073e00e9",
            "image_72": "https:\/\/secure.gravatar.com\/avatar\/b96b8073e00e9eb02bcf05bc1418eb3a.jpg?s=72&d=https%3A%2F%2Fa.slack-edge.com%2Fdf10d%2Fimg%2Favatars%2Fava_0021-72.png",
            "first_name": "Otto",
            "real_name": "Otto Atzwanger",
            "display_name": "Otto",
            "team": "TJH5YU202",
            "name": "otto",
            "is_restricted": false,
            "is_ultra_restricted": false
        },
        "blocks": [
            {
                "type": "rich_text",
                "block_id": "iZel",
                "elements": [
                    {
                        "type": "rich_text_section",
                        "elements": [
                            {
                                "type": "text",
                                "text": "-------------"
                            }
                        ]
                    }
                ]
            }
        ]
    },
    {
        "client_msg_id": "36484e5e-4802-4f88-b480-998b49c5904f",
        "type": "message",
        "text": "And there is also \"Lasagna code\".\n\n\"Lasagna code is used to describe software that has a simple, understandable, and layered structure.  Lasagna code, although structured, is unfortunately monolithic and not easy to modify.  An attempt to change one layer conceptually\nsimple, is often very difficult in actual practice.\"",
        "user": "UJHD6A81H",
        "ts": "1593244854.222200",
        "team": "TJH5YU202",
        "user_team": "TJH5YU202",
        "source_team": "TJH5YU202",
        "user_profile": {
            "avatar_hash": "g6b8073e00e9",
            "image_72": "https:\/\/secure.gravatar.com\/avatar\/b96b8073e00e9eb02bcf05bc1418eb3a.jpg?s=72&d=https%3A%2F%2Fa.slack-edge.com%2Fdf10d%2Fimg%2Favatars%2Fava_0021-72.png",
            "first_name": "Otto",
            "real_name": "Otto Atzwanger",
            "display_name": "Otto",
            "team": "TJH5YU202",
            "name": "otto",
            "is_restricted": false,
            "is_ultra_restricted": false
        },
        "blocks": [
            {
                "type": "rich_text",
                "block_id": "XUX",
                "elements": [
                    {
                        "type": "rich_text_section",
                        "elements": [
                            {
                                "type": "text",
                                "text": "And there is also \"Lasagna code\".\n\n\"Lasagna code is used to describe software that has a simple, understandable, and layered structure.  Lasagna code, although structured, is unfortunately monolithic and not easy to modify.  An attempt to change one layer conceptually\nsimple, is often very difficult in actual practice.\""
                            }
                        ]
                    }
                ]
            }
        ]
    },
    {
        "client_msg_id": "43e4e602-e896-440a-b52b-a7521b502720",
        "type": "message",
        "text": "Mine is cappelletti code. All twisted :stuck_out_tongue:",
        "user": "UM81W8B0Q",
        "ts": "1593268680.222600",
        "team": "TJH5YU202",
        "user_team": "TJH5YU202",
        "source_team": "TJH5YU202",
        "user_profile": {
            "avatar_hash": "gab9279ee8c0",
            "image_72": "https:\/\/secure.gravatar.com\/avatar\/73ab9279ee8c00f66ce4904d30146c8f.jpg?s=72&d=https%3A%2F%2Fa.slack-edge.com%2Fdf10d%2Fimg%2Favatars%2Fava_0010-72.png",
            "first_name": "",
            "real_name": "Angel Pais",
            "display_name": "Angel Pais",
            "team": "TJH5YU202",
            "name": "amigosam",
            "is_restricted": false,
            "is_ultra_restricted": false
        },
        "blocks": [
            {
                "type": "rich_text",
                "block_id": "kwf9X",
                "elements": [
                    {
                        "type": "rich_text_section",
                        "elements": [
                            {
                                "type": "text",
                                "text": "Mine is cappelletti code. All twisted "
                            },
                            {
                                "type": "emoji",
                                "name": "stuck_out_tongue"
                            }
                        ]
                    }
                ]
            }
        ],
        "reactions": [
            {
                "name": "+1",
                "users": [
                    "UK28N3CER"
                ],
                "count": 1
            }
        ]
    }
]