[
    {
        "type": "message",
        "text": "",
        "files": [
            {
                "id": "F015C9TECUD",
                "created": 1592204017,
                "timestamp": 1592204017,
                "name": "grafik.png",
                "title": "grafik.png",
                "mimetype": "image\/png",
                "filetype": "png",
                "pretty_type": "PNG",
                "user": "UJHD6A81H",
                "editable": false,
                "size": 23982,
                "mode": "hosted",
                "is_external": false,
                "external_type": "",
                "is_public": true,
                "public_url_shared": false,
                "display_as_bot": false,
                "username": "",
                "url_private": "https:\/\/files.slack.com\/files-pri\/TJH5YU202-F015C9TECUD\/grafik.png?t=xoxe-629202954002-1307858988048-1296644259825-cbe9e6d0558bfb5b1a5a18db398692ce",
                "url_private_download": "https:\/\/files.slack.com\/files-pri\/TJH5YU202-F015C9TECUD\/download\/grafik.png?t=xoxe-629202954002-1307858988048-1296644259825-cbe9e6d0558bfb5b1a5a18db398692ce",
                "thumb_64": "https:\/\/files.slack.com\/files-tmb\/TJH5YU202-F015C9TECUD-238ecce3b4\/grafik_64.png?t=xoxe-629202954002-1307858988048-1296644259825-cbe9e6d0558bfb5b1a5a18db398692ce",
                "thumb_80": "https:\/\/files.slack.com\/files-tmb\/TJH5YU202-F015C9TECUD-238ecce3b4\/grafik_80.png?t=xoxe-629202954002-1307858988048-1296644259825-cbe9e6d0558bfb5b1a5a18db398692ce",
                "thumb_360": "https:\/\/files.slack.com\/files-tmb\/TJH5YU202-F015C9TECUD-238ecce3b4\/grafik_360.png?t=xoxe-629202954002-1307858988048-1296644259825-cbe9e6d0558bfb5b1a5a18db398692ce",
                "thumb_360_w": 360,
                "thumb_360_h": 259,
                "thumb_480": "https:\/\/files.slack.com\/files-tmb\/TJH5YU202-F015C9TECUD-238ecce3b4\/grafik_480.png?t=xoxe-629202954002-1307858988048-1296644259825-cbe9e6d0558bfb5b1a5a18db398692ce",
                "thumb_480_w": 480,
                "thumb_480_h": 345,
                "thumb_160": "https:\/\/files.slack.com\/files-tmb\/TJH5YU202-F015C9TECUD-238ecce3b4\/grafik_160.png?t=xoxe-629202954002-1307858988048-1296644259825-cbe9e6d0558bfb5b1a5a18db398692ce",
                "thumb_720": "https:\/\/files.slack.com\/files-tmb\/TJH5YU202-F015C9TECUD-238ecce3b4\/grafik_720.png?t=xoxe-629202954002-1307858988048-1296644259825-cbe9e6d0558bfb5b1a5a18db398692ce",
                "thumb_720_w": 720,
                "thumb_720_h": 517,
                "thumb_800": "https:\/\/files.slack.com\/files-tmb\/TJH5YU202-F015C9TECUD-238ecce3b4\/grafik_800.png?t=xoxe-629202954002-1307858988048-1296644259825-cbe9e6d0558bfb5b1a5a18db398692ce",
                "thumb_800_w": 800,
                "thumb_800_h": 574,
                "thumb_960": "https:\/\/files.slack.com\/files-tmb\/TJH5YU202-F015C9TECUD-238ecce3b4\/grafik_960.png?t=xoxe-629202954002-1307858988048-1296644259825-cbe9e6d0558bfb5b1a5a18db398692ce",
                "thumb_960_w": 960,
                "thumb_960_h": 689,
                "original_w": 979,
                "original_h": 703,
                "thumb_tiny": "AwAiADCkWYAHzG57ZPFXdLZi0pZicAdT9aotnav3unc1d0kAtKCMggf1oA0kYP0KkexzTqRUVB8ihfoMUtABRRRQBzpxhfu9PSr+kffl+gqgSMDk8Cr+kffl+goA06KKKACiiigDm60dI+\/L9BWdWjpH35foKANOiiigAooooA\/\/2Q==",
                "permalink": "https:\/\/harbourproject.slack.com\/files\/UJHD6A81H\/F015C9TECUD\/grafik.png",
                "permalink_public": "https:\/\/slack-files.com\/TJH5YU202-F015C9TECUD-a352a3fbd4",
                "is_starred": false,
                "has_rich_preview": false
            }
        ],
        "upload": false,
        "user": "UJHD6A81H",
        "display_as_bot": false,
        "ts": "1592204949.194600"
    },
    {
        "type": "message",
        "text": "",
        "files": [
            {
                "id": "F015E1S9H2N",
                "created": 1592215492,
                "timestamp": 1592215492,
                "name": "grafik.png",
                "title": "grafik.png",
                "mimetype": "image\/png",
                "filetype": "png",
                "pretty_type": "PNG",
                "user": "UJHD6A81H",
                "editable": false,
                "size": 1634086,
                "mode": "hosted",
                "is_external": false,
                "external_type": "",
                "is_public": true,
                "public_url_shared": false,
                "display_as_bot": false,
                "username": "",
                "url_private": "https:\/\/files.slack.com\/files-pri\/TJH5YU202-F015E1S9H2N\/grafik.png?t=xoxe-629202954002-1307858988048-1296644259825-cbe9e6d0558bfb5b1a5a18db398692ce",
                "url_private_download": "https:\/\/files.slack.com\/files-pri\/TJH5YU202-F015E1S9H2N\/download\/grafik.png?t=xoxe-629202954002-1307858988048-1296644259825-cbe9e6d0558bfb5b1a5a18db398692ce",
                "thumb_64": "https:\/\/files.slack.com\/files-tmb\/TJH5YU202-F015E1S9H2N-5198476b9f\/grafik_64.png?t=xoxe-629202954002-1307858988048-1296644259825-cbe9e6d0558bfb5b1a5a18db398692ce",
                "thumb_80": "https:\/\/files.slack.com\/files-tmb\/TJH5YU202-F015E1S9H2N-5198476b9f\/grafik_80.png?t=xoxe-629202954002-1307858988048-1296644259825-cbe9e6d0558bfb5b1a5a18db398692ce",
                "thumb_360": "https:\/\/files.slack.com\/files-tmb\/TJH5YU202-F015E1S9H2N-5198476b9f\/grafik_360.png?t=xoxe-629202954002-1307858988048-1296644259825-cbe9e6d0558bfb5b1a5a18db398692ce",
                "thumb_360_w": 360,
                "thumb_360_h": 339,
                "thumb_480": "https:\/\/files.slack.com\/files-tmb\/TJH5YU202-F015E1S9H2N-5198476b9f\/grafik_480.png?t=xoxe-629202954002-1307858988048-1296644259825-cbe9e6d0558bfb5b1a5a18db398692ce",
                "thumb_480_w": 480,
                "thumb_480_h": 452,
                "thumb_160": "https:\/\/files.slack.com\/files-tmb\/TJH5YU202-F015E1S9H2N-5198476b9f\/grafik_160.png?t=xoxe-629202954002-1307858988048-1296644259825-cbe9e6d0558bfb5b1a5a18db398692ce",
                "thumb_720": "https:\/\/files.slack.com\/files-tmb\/TJH5YU202-F015E1S9H2N-5198476b9f\/grafik_720.png?t=xoxe-629202954002-1307858988048-1296644259825-cbe9e6d0558bfb5b1a5a18db398692ce",
                "thumb_720_w": 720,
                "thumb_720_h": 679,
                "thumb_800": "https:\/\/files.slack.com\/files-tmb\/TJH5YU202-F015E1S9H2N-5198476b9f\/grafik_800.png?t=xoxe-629202954002-1307858988048-1296644259825-cbe9e6d0558bfb5b1a5a18db398692ce",
                "thumb_800_w": 800,
                "thumb_800_h": 754,
                "thumb_960": "https:\/\/files.slack.com\/files-tmb\/TJH5YU202-F015E1S9H2N-5198476b9f\/grafik_960.png?t=xoxe-629202954002-1307858988048-1296644259825-cbe9e6d0558bfb5b1a5a18db398692ce",
                "thumb_960_w": 960,
                "thumb_960_h": 905,
                "thumb_1024": "https:\/\/files.slack.com\/files-tmb\/TJH5YU202-F015E1S9H2N-5198476b9f\/grafik_1024.png?t=xoxe-629202954002-1307858988048-1296644259825-cbe9e6d0558bfb5b1a5a18db398692ce",
                "thumb_1024_w": 1024,
                "thumb_1024_h": 965,
                "original_w": 1476,
                "original_h": 1391,
                "thumb_tiny": "AwAtADDToopuT7UAG0AHk\/nSbkzncP8AvqiT\/VP9DWagDISw7gCmrCd+hp+Yn99fzp3WskxoVJ2d60oP9RH\/ALopDJKbQ7hFyelQG8iBxhifYUATOMxN9DVW3QGI7hnBp4vYnbywGDNwMinLBIqkBhzSAgk24wvGauQ\/6lPoKqtazEcOuatxKUiVWOSBg0wGXAzGB71RyI52JBx04pZNRY\/L5Y\/OqzT7mLbSM+9AEjNuu4mAI+YDn61qsMnqaxA+JFfBJU561b\/tM\/8APIfnQBoilrN\/tNv+eQ\/Oj+1G\/wCeQ\/OgD\/\/Z",
                "permalink": "https:\/\/harbourproject.slack.com\/files\/UJHD6A81H\/F015E1S9H2N\/grafik.png",
                "permalink_public": "https:\/\/slack-files.com\/TJH5YU202-F015E1S9H2N-285754f1fd",
                "is_starred": false,
                "has_rich_preview": false
            }
        ],
        "upload": false,
        "user": "UJHD6A81H",
        "display_as_bot": false,
        "ts": "1592215495.194900"
    },
    {
        "type": "message",
        "text": "",
        "files": [
            {
                "id": "F015SL6NS8Z",
                "created": 1592215583,
                "timestamp": 1592215583,
                "name": "grafik.png",
                "title": "grafik.png",
                "mimetype": "image\/png",
                "filetype": "png",
                "pretty_type": "PNG",
                "user": "UJHD6A81H",
                "editable": false,
                "size": 55520,
                "mode": "hosted",
                "is_external": false,
                "external_type": "",
                "is_public": true,
                "public_url_shared": false,
                "display_as_bot": false,
                "username": "",
                "url_private": "https:\/\/files.slack.com\/files-pri\/TJH5YU202-F015SL6NS8Z\/grafik.png?t=xoxe-629202954002-1307858988048-1296644259825-cbe9e6d0558bfb5b1a5a18db398692ce",
                "url_private_download": "https:\/\/files.slack.com\/files-pri\/TJH5YU202-F015SL6NS8Z\/download\/grafik.png?t=xoxe-629202954002-1307858988048-1296644259825-cbe9e6d0558bfb5b1a5a18db398692ce",
                "thumb_64": "https:\/\/files.slack.com\/files-tmb\/TJH5YU202-F015SL6NS8Z-5e395b4ee0\/grafik_64.png?t=xoxe-629202954002-1307858988048-1296644259825-cbe9e6d0558bfb5b1a5a18db398692ce",
                "thumb_80": "https:\/\/files.slack.com\/files-tmb\/TJH5YU202-F015SL6NS8Z-5e395b4ee0\/grafik_80.png?t=xoxe-629202954002-1307858988048-1296644259825-cbe9e6d0558bfb5b1a5a18db398692ce",
                "thumb_360": "https:\/\/files.slack.com\/files-tmb\/TJH5YU202-F015SL6NS8Z-5e395b4ee0\/grafik_360.png?t=xoxe-629202954002-1307858988048-1296644259825-cbe9e6d0558bfb5b1a5a18db398692ce",
                "thumb_360_w": 360,
                "thumb_360_h": 339,
                "thumb_480": "https:\/\/files.slack.com\/files-tmb\/TJH5YU202-F015SL6NS8Z-5e395b4ee0\/grafik_480.png?t=xoxe-629202954002-1307858988048-1296644259825-cbe9e6d0558bfb5b1a5a18db398692ce",
                "thumb_480_w": 480,
                "thumb_480_h": 452,
                "thumb_160": "https:\/\/files.slack.com\/files-tmb\/TJH5YU202-F015SL6NS8Z-5e395b4ee0\/grafik_160.png?t=xoxe-629202954002-1307858988048-1296644259825-cbe9e6d0558bfb5b1a5a18db398692ce",
                "thumb_720": "https:\/\/files.slack.com\/files-tmb\/TJH5YU202-F015SL6NS8Z-5e395b4ee0\/grafik_720.png?t=xoxe-629202954002-1307858988048-1296644259825-cbe9e6d0558bfb5b1a5a18db398692ce",
                "thumb_720_w": 720,
                "thumb_720_h": 677,
                "thumb_800": "https:\/\/files.slack.com\/files-tmb\/TJH5YU202-F015SL6NS8Z-5e395b4ee0\/grafik_800.png?t=xoxe-629202954002-1307858988048-1296644259825-cbe9e6d0558bfb5b1a5a18db398692ce",
                "thumb_800_w": 800,
                "thumb_800_h": 753,
                "thumb_960": "https:\/\/files.slack.com\/files-tmb\/TJH5YU202-F015SL6NS8Z-5e395b4ee0\/grafik_960.png?t=xoxe-629202954002-1307858988048-1296644259825-cbe9e6d0558bfb5b1a5a18db398692ce",
                "thumb_960_w": 960,
                "thumb_960_h": 903,
                "thumb_1024": "https:\/\/files.slack.com\/files-tmb\/TJH5YU202-F015SL6NS8Z-5e395b4ee0\/grafik_1024.png?t=xoxe-629202954002-1307858988048-1296644259825-cbe9e6d0558bfb5b1a5a18db398692ce",
                "thumb_1024_w": 1024,
                "thumb_1024_h": 963,
                "original_w": 1248,
                "original_h": 1174,
                "thumb_tiny": "AwAtADCl+NJ+NLSYoAPxpKXFJQAU5GIdRk9RTacn31+ooAUEDrSAiikP0FAC5FISD0pKKACnJ99fqKbTk++v1FAB2NJ+IqYwf7X6Un2f\/a\/SgCLNGal+z\/7X6UfZ\/wDa\/SgCLNKn31+oqT7P\/tfpTlgw4+bv6UAf\/9k=",
                "permalink": "https:\/\/harbourproject.slack.com\/files\/UJHD6A81H\/F015SL6NS8Z\/grafik.png",
                "permalink_public": "https:\/\/slack-files.com\/TJH5YU202-F015SL6NS8Z-7b215c5f5d",
                "is_starred": false,
                "has_rich_preview": false
            }
        ],
        "upload": false,
        "user": "UJHD6A81H",
        "display_as_bot": false,
        "ts": "1592215586.195300"
    },
    {
        "type": "message",
        "text": "",
        "files": [
            {
                "id": "F015E1XJGHG",
                "created": 1592215670,
                "timestamp": 1592215670,
                "name": "grafik.png",
                "title": "grafik.png",
                "mimetype": "image\/png",
                "filetype": "png",
                "pretty_type": "PNG",
                "user": "UJHD6A81H",
                "editable": false,
                "size": 63264,
                "mode": "hosted",
                "is_external": false,
                "external_type": "",
                "is_public": true,
                "public_url_shared": false,
                "display_as_bot": false,
                "username": "",
                "url_private": "https:\/\/files.slack.com\/files-pri\/TJH5YU202-F015E1XJGHG\/grafik.png?t=xoxe-629202954002-1307858988048-1296644259825-cbe9e6d0558bfb5b1a5a18db398692ce",
                "url_private_download": "https:\/\/files.slack.com\/files-pri\/TJH5YU202-F015E1XJGHG\/download\/grafik.png?t=xoxe-629202954002-1307858988048-1296644259825-cbe9e6d0558bfb5b1a5a18db398692ce",
                "thumb_64": "https:\/\/files.slack.com\/files-tmb\/TJH5YU202-F015E1XJGHG-1d7622be30\/grafik_64.png?t=xoxe-629202954002-1307858988048-1296644259825-cbe9e6d0558bfb5b1a5a18db398692ce",
                "thumb_80": "https:\/\/files.slack.com\/files-tmb\/TJH5YU202-F015E1XJGHG-1d7622be30\/grafik_80.png?t=xoxe-629202954002-1307858988048-1296644259825-cbe9e6d0558bfb5b1a5a18db398692ce",
                "thumb_360": "https:\/\/files.slack.com\/files-tmb\/TJH5YU202-F015E1XJGHG-1d7622be30\/grafik_360.png?t=xoxe-629202954002-1307858988048-1296644259825-cbe9e6d0558bfb5b1a5a18db398692ce",
                "thumb_360_w": 360,
                "thumb_360_h": 179,
                "thumb_480": "https:\/\/files.slack.com\/files-tmb\/TJH5YU202-F015E1XJGHG-1d7622be30\/grafik_480.png?t=xoxe-629202954002-1307858988048-1296644259825-cbe9e6d0558bfb5b1a5a18db398692ce",
                "thumb_480_w": 480,
                "thumb_480_h": 239,
                "thumb_160": "https:\/\/files.slack.com\/files-tmb\/TJH5YU202-F015E1XJGHG-1d7622be30\/grafik_160.png?t=xoxe-629202954002-1307858988048-1296644259825-cbe9e6d0558bfb5b1a5a18db398692ce",
                "thumb_720": "https:\/\/files.slack.com\/files-tmb\/TJH5YU202-F015E1XJGHG-1d7622be30\/grafik_720.png?t=xoxe-629202954002-1307858988048-1296644259825-cbe9e6d0558bfb5b1a5a18db398692ce",
                "thumb_720_w": 720,
                "thumb_720_h": 359,
                "thumb_800": "https:\/\/files.slack.com\/files-tmb\/TJH5YU202-F015E1XJGHG-1d7622be30\/grafik_800.png?t=xoxe-629202954002-1307858988048-1296644259825-cbe9e6d0558bfb5b1a5a18db398692ce",
                "thumb_800_w": 800,
                "thumb_800_h": 399,
                "original_w": 881,
                "original_h": 439,
                "thumb_tiny": "AwAXADC\/j\/Z70Y\/2aaWYMQFzz60m5zkeX196YrkmP9mkPGOO\/pTN7nPydfejc3PydT60Bck4\/u0HGD8tR7nP\/LP\/AMeoJfBynH+8KAuP+XOe9HydaZ3oqQHjYKPkplFADwVFBYYplFAH\/9k=",
                "permalink": "https:\/\/harbourproject.slack.com\/files\/UJHD6A81H\/F015E1XJGHG\/grafik.png",
                "permalink_public": "https:\/\/slack-files.com\/TJH5YU202-F015E1XJGHG-a2e5b845d8",
                "is_starred": false,
                "has_rich_preview": false
            }
        ],
        "upload": false,
        "user": "UJHD6A81H",
        "display_as_bot": false,
        "ts": "1592215672.195600",
        "reactions": [
            {
                "name": "clap",
                "users": [
                    "UJUJLTWMT"
                ],
                "count": 1
            }
        ]
    },
    {
        "client_msg_id": "3f9ea134-d2b1-487f-9e00-aff4599a0368",
        "type": "message",
        "text": "great job Otto :+1::slightly_smiling_face:.",
        "user": "UJN8D8U3B",
        "ts": "1592224609.196800",
        "team": "TJH5YU202",
        "user_team": "TJH5YU202",
        "source_team": "TJH5YU202",
        "user_profile": {
            "avatar_hash": "g92ad2abcc45",
            "image_72": "https:\/\/secure.gravatar.com\/avatar\/8492ad2abcc45ce53969adcf8420acde.jpg?s=72&d=https%3A%2F%2Fa.slack-edge.com%2Fdf10d%2Fimg%2Favatars%2Fava_0008-72.png",
            "first_name": "",
            "real_name": "Antonio Linares",
            "display_name": "Antonio Linares",
            "team": "TJH5YU202",
            "name": "alinares",
            "is_restricted": false,
            "is_ultra_restricted": false
        },
        "blocks": [
            {
                "type": "rich_text",
                "block_id": "yOm",
                "elements": [
                    {
                        "type": "rich_text_section",
                        "elements": [
                            {
                                "type": "text",
                                "text": "great job Otto "
                            },
                            {
                                "type": "emoji",
                                "name": "+1"
                            },
                            {
                                "type": "emoji",
                                "name": "slightly_smiling_face"
                            },
                            {
                                "type": "text",
                                "text": "."
                            }
                        ]
                    }
                ]
            }
        ]
    },
    {
        "client_msg_id": "9fc1403c-c2e8-4269-8388-bf71316fa384",
        "type": "message",
        "text": "Dear Antonio, it is your GENESIS and mod harbour. Thank you so much.",
        "user": "UJHD6A81H",
        "ts": "1592239931.197700",
        "team": "TJH5YU202",
        "user_team": "TJH5YU202",
        "source_team": "TJH5YU202",
        "user_profile": {
            "avatar_hash": "g6b8073e00e9",
            "image_72": "https:\/\/secure.gravatar.com\/avatar\/b96b8073e00e9eb02bcf05bc1418eb3a.jpg?s=72&d=https%3A%2F%2Fa.slack-edge.com%2Fdf10d%2Fimg%2Favatars%2Fava_0021-72.png",
            "first_name": "Otto",
            "real_name": "Otto Atzwanger",
            "display_name": "Otto",
            "team": "TJH5YU202",
            "name": "otto",
            "is_restricted": false,
            "is_ultra_restricted": false
        },
        "blocks": [
            {
                "type": "rich_text",
                "block_id": "1cbo5",
                "elements": [
                    {
                        "type": "rich_text_section",
                        "elements": [
                            {
                                "type": "text",
                                "text": "Dear Antonio, it is your GENESIS and mod harbour. Thank you so much."
                            }
                        ]
                    }
                ]
            }
        ]
    },
    {
        "client_msg_id": "5c94c03b-b482-4d56-98d5-1e6008867e64",
        "type": "message",
        "text": "<https:\/\/www.modharbour.club\/mh_portfolioqrcode\/portfolio.prg>",
        "user": "UJHD6A81H",
        "ts": "1592240930.197900",
        "team": "TJH5YU202",
        "user_team": "TJH5YU202",
        "source_team": "TJH5YU202",
        "user_profile": {
            "avatar_hash": "g6b8073e00e9",
            "image_72": "https:\/\/secure.gravatar.com\/avatar\/b96b8073e00e9eb02bcf05bc1418eb3a.jpg?s=72&d=https%3A%2F%2Fa.slack-edge.com%2Fdf10d%2Fimg%2Favatars%2Fava_0021-72.png",
            "first_name": "Otto",
            "real_name": "Otto Atzwanger",
            "display_name": "Otto",
            "team": "TJH5YU202",
            "name": "otto",
            "is_restricted": false,
            "is_ultra_restricted": false
        },
        "blocks": [
            {
                "type": "rich_text",
                "block_id": "SEmI",
                "elements": [
                    {
                        "type": "rich_text_section",
                        "elements": [
                            {
                                "type": "link",
                                "url": "https:\/\/www.modharbour.club\/mh_portfolioqrcode\/portfolio.prg"
                            }
                        ]
                    }
                ]
            }
        ]
    }
]