[
    {
        "type": "message",
        "text": "",
        "files": [
            {
                "id": "F0163F008RY",
                "created": 1593155834,
                "timestamp": 1593155834,
                "name": "grafik.png",
                "title": "grafik.png",
                "mimetype": "image\/png",
                "filetype": "png",
                "pretty_type": "PNG",
                "user": "UJHD6A81H",
                "editable": false,
                "size": 299452,
                "mode": "hosted",
                "is_external": false,
                "external_type": "",
                "is_public": true,
                "public_url_shared": false,
                "display_as_bot": false,
                "username": "",
                "url_private": "https:\/\/files.slack.com\/files-pri\/TJH5YU202-F0163F008RY\/grafik.png?t=xoxe-629202954002-1307858988048-1296644259825-cbe9e6d0558bfb5b1a5a18db398692ce",
                "url_private_download": "https:\/\/files.slack.com\/files-pri\/TJH5YU202-F0163F008RY\/download\/grafik.png?t=xoxe-629202954002-1307858988048-1296644259825-cbe9e6d0558bfb5b1a5a18db398692ce",
                "thumb_64": "https:\/\/files.slack.com\/files-tmb\/TJH5YU202-F0163F008RY-f6b65d7266\/grafik_64.png?t=xoxe-629202954002-1307858988048-1296644259825-cbe9e6d0558bfb5b1a5a18db398692ce",
                "thumb_80": "https:\/\/files.slack.com\/files-tmb\/TJH5YU202-F0163F008RY-f6b65d7266\/grafik_80.png?t=xoxe-629202954002-1307858988048-1296644259825-cbe9e6d0558bfb5b1a5a18db398692ce",
                "thumb_360": "https:\/\/files.slack.com\/files-tmb\/TJH5YU202-F0163F008RY-f6b65d7266\/grafik_360.png?t=xoxe-629202954002-1307858988048-1296644259825-cbe9e6d0558bfb5b1a5a18db398692ce",
                "thumb_360_w": 360,
                "thumb_360_h": 220,
                "thumb_480": "https:\/\/files.slack.com\/files-tmb\/TJH5YU202-F0163F008RY-f6b65d7266\/grafik_480.png?t=xoxe-629202954002-1307858988048-1296644259825-cbe9e6d0558bfb5b1a5a18db398692ce",
                "thumb_480_w": 480,
                "thumb_480_h": 293,
                "thumb_160": "https:\/\/files.slack.com\/files-tmb\/TJH5YU202-F0163F008RY-f6b65d7266\/grafik_160.png?t=xoxe-629202954002-1307858988048-1296644259825-cbe9e6d0558bfb5b1a5a18db398692ce",
                "thumb_720": "https:\/\/files.slack.com\/files-tmb\/TJH5YU202-F0163F008RY-f6b65d7266\/grafik_720.png?t=xoxe-629202954002-1307858988048-1296644259825-cbe9e6d0558bfb5b1a5a18db398692ce",
                "thumb_720_w": 720,
                "thumb_720_h": 439,
                "thumb_800": "https:\/\/files.slack.com\/files-tmb\/TJH5YU202-F0163F008RY-f6b65d7266\/grafik_800.png?t=xoxe-629202954002-1307858988048-1296644259825-cbe9e6d0558bfb5b1a5a18db398692ce",
                "thumb_800_w": 800,
                "thumb_800_h": 488,
                "thumb_960": "https:\/\/files.slack.com\/files-tmb\/TJH5YU202-F0163F008RY-f6b65d7266\/grafik_960.png?t=xoxe-629202954002-1307858988048-1296644259825-cbe9e6d0558bfb5b1a5a18db398692ce",
                "thumb_960_w": 960,
                "thumb_960_h": 586,
                "thumb_1024": "https:\/\/files.slack.com\/files-tmb\/TJH5YU202-F0163F008RY-f6b65d7266\/grafik_1024.png?t=xoxe-629202954002-1307858988048-1296644259825-cbe9e6d0558bfb5b1a5a18db398692ce",
                "thumb_1024_w": 1024,
                "thumb_1024_h": 625,
                "original_w": 1819,
                "original_h": 1110,
                "thumb_tiny": "AwAdADDS6mgHnFQG6UE4U49ab9sTOdv60+Vk86JXkIJ5wBUcc4kUsj5A9qUnccjoaQnFRqUKZHIypH406N3zh8c+lMBpy\/eH1o1QFZeSoI4JFWfJi67eKry\/KxT04zTBya6LXObmS31LWAOB0pCAeoqZY1CAeg60eWvvXO1qdCIQAOgpy\/eH1qTy196VUCnIosxn\/9k=",
                "permalink": "https:\/\/harbourproject.slack.com\/files\/UJHD6A81H\/F0163F008RY\/grafik.png",
                "permalink_public": "https:\/\/slack-files.com\/TJH5YU202-F0163F008RY-a4a2fe8990",
                "is_starred": false,
                "has_rich_preview": false
            }
        ],
        "upload": false,
        "user": "UJHD6A81H",
        "display_as_bot": false,
        "ts": "1593155837.220000"
    },
    {
        "client_msg_id": "d4d8e44e-a1e1-44cf-84ad-a2f111f09334",
        "type": "message",
        "text": "We read a PDF document outside of htdocs,\nin a variable, decrypt and save the PDF in the htdocs directory.\nThen we display the PDF in the browser.\nWe would like to delete the temporary PDF immediately.\nHow could you do this.",
        "user": "UJHD6A81H",
        "ts": "1593179130.220400",
        "team": "TJH5YU202",
        "user_team": "TJH5YU202",
        "source_team": "TJH5YU202",
        "user_profile": {
            "avatar_hash": "g6b8073e00e9",
            "image_72": "https:\/\/secure.gravatar.com\/avatar\/b96b8073e00e9eb02bcf05bc1418eb3a.jpg?s=72&d=https%3A%2F%2Fa.slack-edge.com%2Fdf10d%2Fimg%2Favatars%2Fava_0021-72.png",
            "first_name": "Otto",
            "real_name": "Otto Atzwanger",
            "display_name": "Otto",
            "team": "TJH5YU202",
            "name": "otto",
            "is_restricted": false,
            "is_ultra_restricted": false
        },
        "edited": {
            "user": "UJHD6A81H",
            "ts": "1593179160.000000"
        },
        "blocks": [
            {
                "type": "rich_text",
                "block_id": "Xtx",
                "elements": [
                    {
                        "type": "rich_text_section",
                        "elements": [
                            {
                                "type": "text",
                                "text": "We read a PDF document outside of htdocs,\nin a variable, decrypt and save the PDF in the htdocs directory.\nThen we display the PDF in the browser.\nWe would like to delete the temporary PDF immediately.\nHow could you do this."
                            }
                        ]
                    }
                ]
            }
        ]
    },
    {
        "client_msg_id": "da763526-66f0-420a-b663-bf1e54200a87",
        "type": "message",
        "text": "static cSrc := \"c:\\secure\\pdf\\test.pdf\"\n\nfunction main\n\n    local cPDF := memoread( cSrc )\n\n    cPDF := Crypt(cPDF, \"securecode\")\n\n    memowrit( \"c:\\www\\htdocs\\pdf\\temp.pdf\",  cPDF  )\n\n    TEMPLATE\n\n   \/\/ HERE WE SHOW THE PDF \n\n    ENDTEXT\n\n    \/\/ferase (\"c:\\www\\htdocs\\pdf\\temp.pdf\")    \/\/ not working\n\nreturn",
        "user": "UJHD6A81H",
        "ts": "1593179181.220700",
        "team": "TJH5YU202",
        "user_team": "TJH5YU202",
        "source_team": "TJH5YU202",
        "user_profile": {
            "avatar_hash": "g6b8073e00e9",
            "image_72": "https:\/\/secure.gravatar.com\/avatar\/b96b8073e00e9eb02bcf05bc1418eb3a.jpg?s=72&d=https%3A%2F%2Fa.slack-edge.com%2Fdf10d%2Fimg%2Favatars%2Fava_0021-72.png",
            "first_name": "Otto",
            "real_name": "Otto Atzwanger",
            "display_name": "Otto",
            "team": "TJH5YU202",
            "name": "otto",
            "is_restricted": false,
            "is_ultra_restricted": false
        },
        "blocks": [
            {
                "type": "rich_text",
                "block_id": "NK4",
                "elements": [
                    {
                        "type": "rich_text_section",
                        "elements": [
                            {
                                "type": "text",
                                "text": "static cSrc := \"c:\\secure\\pdf\\test.pdf\"\n\nfunction main\n\n    local cPDF := memoread( cSrc )\n\n    cPDF := Crypt(cPDF, \"securecode\")\n\n    memowrit( \"c:\\www\\htdocs\\pdf\\temp.pdf\",  cPDF  )\n\n    TEMPLATE\n\n   \/\/ HERE WE SHOW THE PDF \n\n    ENDTEXT\n\n    \/\/ferase (\"c:\\www\\htdocs\\pdf\\temp.pdf\")    \/\/ not working\n\nreturn"
                            }
                        ]
                    }
                ]
            }
        ]
    }
]