[
    {
        "client_msg_id": "0e101f01-b638-4d58-9676-5e209800e662",
        "type": "message",
        "text": "from FIVEWIN forum",
        "user": "UJHD6A81H",
        "ts": "1593947334.334700",
        "team": "TJH5YU202",
        "user_team": "TJH5YU202",
        "source_team": "TJH5YU202",
        "user_profile": {
            "avatar_hash": "g6b8073e00e9",
            "image_72": "https:\/\/secure.gravatar.com\/avatar\/b96b8073e00e9eb02bcf05bc1418eb3a.jpg?s=72&d=https%3A%2F%2Fa.slack-edge.com%2Fdf10d%2Fimg%2Favatars%2Fava_0021-72.png",
            "first_name": "Otto",
            "real_name": "Otto Atzwanger",
            "display_name": "Otto",
            "team": "TJH5YU202",
            "name": "otto",
            "is_restricted": false,
            "is_ultra_restricted": false
        },
        "blocks": [
            {
                "type": "rich_text",
                "block_id": "vVa",
                "elements": [
                    {
                        "type": "rich_text_section",
                        "elements": [
                            {
                                "type": "text",
                                "text": "from FIVEWIN forum"
                            }
                        ]
                    }
                ]
            }
        ]
    },
    {
        "client_msg_id": "0f5f1db3-3906-40f4-827a-1d397c3935e1",
        "type": "message",
        "text": "<http:\/\/forums.fivetechsupport.com\/viewtopic.php?f=45&amp;t=39158#p233670|New mod_harbour \"viewer\">\nby *<http:\/\/forums.fivetechsupport.com\/memberlist.php?mode=viewprofile&amp;u=2|Antonio Linares>* » Sun Jul 05, 2020 8:57 am\nNew mod_harbour \"viewer\" allows you to use your mod_harbour apps as \"desktop\" apps, without having to use a web browser (this is the basic concept of \"electron\")\n\n<https:\/\/github.com\/FiveTechSoft\/mod_harbour\/tree\/master\/viewer>\n\nSimply download viewer.exe and webview2loader.dll\nsyntax: viewer.exe url\n\nThis is the technique used by Microsoft vscode, WhatsApp desktop and many other modern apps:\nJust one app for the desktop and for the web",
        "user": "UJHD6A81H",
        "ts": "1593947347.335000",
        "team": "TJH5YU202",
        "user_team": "TJH5YU202",
        "source_team": "TJH5YU202",
        "user_profile": {
            "avatar_hash": "g6b8073e00e9",
            "image_72": "https:\/\/secure.gravatar.com\/avatar\/b96b8073e00e9eb02bcf05bc1418eb3a.jpg?s=72&d=https%3A%2F%2Fa.slack-edge.com%2Fdf10d%2Fimg%2Favatars%2Fava_0021-72.png",
            "first_name": "Otto",
            "real_name": "Otto Atzwanger",
            "display_name": "Otto",
            "team": "TJH5YU202",
            "name": "otto",
            "is_restricted": false,
            "is_ultra_restricted": false
        },
        "blocks": [
            {
                "type": "rich_text",
                "block_id": "vpI",
                "elements": [
                    {
                        "type": "rich_text_section",
                        "elements": [
                            {
                                "type": "link",
                                "url": "http:\/\/forums.fivetechsupport.com\/viewtopic.php?f=45&t=39158#p233670",
                                "text": "New mod_harbour \"viewer\""
                            },
                            {
                                "type": "text",
                                "text": "\nby "
                            },
                            {
                                "type": "link",
                                "url": "http:\/\/forums.fivetechsupport.com\/memberlist.php?mode=viewprofile&u=2",
                                "text": "Antonio Linares",
                                "style": {
                                    "bold": true
                                }
                            },
                            {
                                "type": "text",
                                "text": " » Sun Jul 05, 2020 8:57 am\nNew mod_harbour \"viewer\" allows you to use your mod_harbour apps as \"desktop\" apps, without having to use a web browser (this is the basic concept of \"electron\")\n\n"
                            },
                            {
                                "type": "link",
                                "url": "https:\/\/github.com\/FiveTechSoft\/mod_harbour\/tree\/master\/viewer"
                            },
                            {
                                "type": "text",
                                "text": "\n\nSimply download viewer.exe and webview2loader.dll\nsyntax: viewer.exe url\n\nThis is the technique used by Microsoft vscode, WhatsApp desktop and many other modern apps:\nJust one app for the desktop and for the web"
                            }
                        ]
                    }
                ]
            }
        ],
        "reactions": [
            {
                "name": "clap",
                "users": [
                    "U015CUP1T5Z"
                ],
                "count": 1
            }
        ]
    },
    {
        "client_msg_id": "599854E3-534E-4729-A34D-67A956223F18",
        "type": "message",
        "text": ":fearful:",
        "user": "U015CUP1T5Z",
        "ts": "1593969682.335200",
        "team": "TJH5YU202",
        "user_team": "TJH5YU202",
        "source_team": "TJH5YU202",
        "user_profile": {
            "avatar_hash": "2d5981129913",
            "image_72": "https:\/\/avatars.slack-edge.com\/2020-06-14\/1183376598323_2d5981129913ee85447d_72.jpg",
            "first_name": "ricardo",
            "real_name": "ricardo arraes",
            "display_name": "ricardo arraes",
            "team": "TJH5YU202",
            "name": "ricardo",
            "is_restricted": false,
            "is_ultra_restricted": false
        },
        "blocks": [
            {
                "type": "rich_text",
                "block_id": "5Wj",
                "elements": [
                    {
                        "type": "rich_text_section",
                        "elements": [
                            {
                                "type": "emoji",
                                "name": "fearful"
                            }
                        ]
                    }
                ]
            }
        ]
    },
    {
        "client_msg_id": "bf1f15fa-499c-4eef-bd11-b8cc1601fa81",
        "type": "message",
        "text": "myQickInfo - Examples of use",
        "user": "UJHD6A81H",
        "ts": "1593982230.335600",
        "team": "TJH5YU202",
        "user_team": "TJH5YU202",
        "source_team": "TJH5YU202",
        "user_profile": {
            "avatar_hash": "g6b8073e00e9",
            "image_72": "https:\/\/secure.gravatar.com\/avatar\/b96b8073e00e9eb02bcf05bc1418eb3a.jpg?s=72&d=https%3A%2F%2Fa.slack-edge.com%2Fdf10d%2Fimg%2Favatars%2Fava_0021-72.png",
            "first_name": "Otto",
            "real_name": "Otto Atzwanger",
            "display_name": "Otto",
            "team": "TJH5YU202",
            "name": "otto",
            "is_restricted": false,
            "is_ultra_restricted": false
        },
        "blocks": [
            {
                "type": "rich_text",
                "block_id": "VTc=u",
                "elements": [
                    {
                        "type": "rich_text_section",
                        "elements": [
                            {
                                "type": "text",
                                "text": "myQickInfo - Examples of use"
                            }
                        ]
                    }
                ]
            }
        ]
    },
    {
        "type": "message",
        "text": "",
        "files": [
            {
                "id": "F016CGXBVM4",
                "created": 1593982252,
                "timestamp": 1593982252,
                "name": "grafik.png",
                "title": "grafik.png",
                "mimetype": "image\/png",
                "filetype": "png",
                "pretty_type": "PNG",
                "user": "UJHD6A81H",
                "editable": false,
                "size": 1689177,
                "mode": "hosted",
                "is_external": false,
                "external_type": "",
                "is_public": true,
                "public_url_shared": false,
                "display_as_bot": false,
                "username": "",
                "url_private": "https:\/\/files.slack.com\/files-pri\/TJH5YU202-F016CGXBVM4\/grafik.png?t=xoxe-629202954002-1307858988048-1296644259825-cbe9e6d0558bfb5b1a5a18db398692ce",
                "url_private_download": "https:\/\/files.slack.com\/files-pri\/TJH5YU202-F016CGXBVM4\/download\/grafik.png?t=xoxe-629202954002-1307858988048-1296644259825-cbe9e6d0558bfb5b1a5a18db398692ce",
                "thumb_64": "https:\/\/files.slack.com\/files-tmb\/TJH5YU202-F016CGXBVM4-79eb8d38b2\/grafik_64.png?t=xoxe-629202954002-1307858988048-1296644259825-cbe9e6d0558bfb5b1a5a18db398692ce",
                "thumb_80": "https:\/\/files.slack.com\/files-tmb\/TJH5YU202-F016CGXBVM4-79eb8d38b2\/grafik_80.png?t=xoxe-629202954002-1307858988048-1296644259825-cbe9e6d0558bfb5b1a5a18db398692ce",
                "thumb_360": "https:\/\/files.slack.com\/files-tmb\/TJH5YU202-F016CGXBVM4-79eb8d38b2\/grafik_360.png?t=xoxe-629202954002-1307858988048-1296644259825-cbe9e6d0558bfb5b1a5a18db398692ce",
                "thumb_360_w": 297,
                "thumb_360_h": 360,
                "thumb_480": "https:\/\/files.slack.com\/files-tmb\/TJH5YU202-F016CGXBVM4-79eb8d38b2\/grafik_480.png?t=xoxe-629202954002-1307858988048-1296644259825-cbe9e6d0558bfb5b1a5a18db398692ce",
                "thumb_480_w": 397,
                "thumb_480_h": 480,
                "thumb_160": "https:\/\/files.slack.com\/files-tmb\/TJH5YU202-F016CGXBVM4-79eb8d38b2\/grafik_160.png?t=xoxe-629202954002-1307858988048-1296644259825-cbe9e6d0558bfb5b1a5a18db398692ce",
                "thumb_720": "https:\/\/files.slack.com\/files-tmb\/TJH5YU202-F016CGXBVM4-79eb8d38b2\/grafik_720.png?t=xoxe-629202954002-1307858988048-1296644259825-cbe9e6d0558bfb5b1a5a18db398692ce",
                "thumb_720_w": 595,
                "thumb_720_h": 720,
                "thumb_800": "https:\/\/files.slack.com\/files-tmb\/TJH5YU202-F016CGXBVM4-79eb8d38b2\/grafik_800.png?t=xoxe-629202954002-1307858988048-1296644259825-cbe9e6d0558bfb5b1a5a18db398692ce",
                "thumb_800_w": 800,
                "thumb_800_h": 968,
                "thumb_960": "https:\/\/files.slack.com\/files-tmb\/TJH5YU202-F016CGXBVM4-79eb8d38b2\/grafik_960.png?t=xoxe-629202954002-1307858988048-1296644259825-cbe9e6d0558bfb5b1a5a18db398692ce",
                "thumb_960_w": 793,
                "thumb_960_h": 960,
                "original_w": 841,
                "original_h": 1018,
                "thumb_tiny": "AwAwACfTrNubhI7h1Iyc\/wBK0qoy7RO5OMlsfpQBCLtiMJGT9BU9u7tuMyMvpmk85R\/EMZx9acXA7ikBIHw\/ygDI5p3mmqxcA56ijzV9P0pgX6zbgoLlySM5wPyrSrKumUXEoOc5AH5UAKHjGcEYHTA71XlciQhcY+lSAoucbsfzNPSISDOQM+tIBVbgfSnb6icbH25zim7qAJzd3APJX\/vmoS6u5eQcnqRQ+\/dlRxgdKaS+wg5APX3oGIxG\/AAC4z+tN3UsQDTIp6HAP51q\/Yrf\/nmPzNMRk7uaN1a32K3\/AOeY\/M0fY7f\/AJ5j8zQB\/9k=",
                "permalink": "https:\/\/harbourproject.slack.com\/files\/UJHD6A81H\/F016CGXBVM4\/grafik.png",
                "permalink_public": "https:\/\/slack-files.com\/TJH5YU202-F016CGXBVM4-e8e35dac1f",
                "is_starred": false,
                "has_rich_preview": false
            }
        ],
        "upload": false,
        "user": "UJHD6A81H",
        "display_as_bot": false,
        "ts": "1593982254.335700"
    }
]