[
    {
        "client_msg_id": "1a816e82-ffe9-4de5-9d84-3bfe9e2e8863",
        "type": "message",
        "text": "Hace un rato escuchaba una noticia en la TV: Barcelona quiere recomprar a Neymar.",
        "user": "UM81W8B0Q",
        "ts": "1585868175.428000",
        "team": "TJH5YU202",
        "user_team": "TJH5YU202",
        "source_team": "TJH5YU202",
        "user_profile": {
            "avatar_hash": "gab9279ee8c0",
            "image_72": "https:\/\/secure.gravatar.com\/avatar\/73ab9279ee8c00f66ce4904d30146c8f.jpg?s=72&d=https%3A%2F%2Fa.slack-edge.com%2Fdf10d%2Fimg%2Favatars%2Fava_0010-72.png",
            "first_name": "",
            "real_name": "Angel Pais",
            "display_name": "Angel Pais",
            "team": "TJH5YU202",
            "name": "amigosam",
            "is_restricted": false,
            "is_ultra_restricted": false
        },
        "blocks": [
            {
                "type": "rich_text",
                "block_id": "Ce9",
                "elements": [
                    {
                        "type": "rich_text_section",
                        "elements": [
                            {
                                "type": "text",
                                "text": "Hace un rato escuchaba una noticia en la TV: Barcelona quiere recomprar a Neymar."
                            }
                        ]
                    }
                ]
            }
        ]
    },
    {
        "client_msg_id": "7253d7db-f2fa-4ec3-b484-e3377b4779f0",
        "type": "message",
        "text": "Me asaltó un ataque de depresión por el destino de la raza humana. Ver como la gente se niega a reconocer la realidad es desesperante.",
        "user": "UM81W8B0Q",
        "ts": "1585868224.428900",
        "team": "TJH5YU202",
        "user_team": "TJH5YU202",
        "source_team": "TJH5YU202",
        "user_profile": {
            "avatar_hash": "gab9279ee8c0",
            "image_72": "https:\/\/secure.gravatar.com\/avatar\/73ab9279ee8c00f66ce4904d30146c8f.jpg?s=72&d=https%3A%2F%2Fa.slack-edge.com%2Fdf10d%2Fimg%2Favatars%2Fava_0010-72.png",
            "first_name": "",
            "real_name": "Angel Pais",
            "display_name": "Angel Pais",
            "team": "TJH5YU202",
            "name": "amigosam",
            "is_restricted": false,
            "is_ultra_restricted": false
        },
        "edited": {
            "user": "UM81W8B0Q",
            "ts": "1585868712.000000"
        },
        "blocks": [
            {
                "type": "rich_text",
                "block_id": "GkB",
                "elements": [
                    {
                        "type": "rich_text_section",
                        "elements": [
                            {
                                "type": "text",
                                "text": "Me asaltó un ataque de depresión por el destino de la raza humana. Ver como la gente se niega a reconocer la realidad es desesperante."
                            }
                        ]
                    }
                ]
            }
        ]
    },
    {
        "client_msg_id": "fb1d0725-f006-4820-9327-70c500c8d865",
        "type": "message",
        "text": "El fútbol es una cosa del pasado. Se extinguió en Marzo del año 2020.",
        "user": "UM81W8B0Q",
        "ts": "1585868260.429700",
        "team": "TJH5YU202",
        "user_team": "TJH5YU202",
        "source_team": "TJH5YU202",
        "user_profile": {
            "avatar_hash": "gab9279ee8c0",
            "image_72": "https:\/\/secure.gravatar.com\/avatar\/73ab9279ee8c00f66ce4904d30146c8f.jpg?s=72&d=https%3A%2F%2Fa.slack-edge.com%2Fdf10d%2Fimg%2Favatars%2Fava_0010-72.png",
            "first_name": "",
            "real_name": "Angel Pais",
            "display_name": "Angel Pais",
            "team": "TJH5YU202",
            "name": "amigosam",
            "is_restricted": false,
            "is_ultra_restricted": false
        },
        "edited": {
            "user": "UM81W8B0Q",
            "ts": "1585868438.000000"
        },
        "blocks": [
            {
                "type": "rich_text",
                "block_id": "7NZv0",
                "elements": [
                    {
                        "type": "rich_text_section",
                        "elements": [
                            {
                                "type": "text",
                                "text": "El fútbol es una cosa del pasado. Se extinguió en Marzo del año 2020."
                            }
                        ]
                    }
                ]
            }
        ]
    },
    {
        "client_msg_id": "14ca2f91-9f12-4db1-9c11-2cb1d1a29292",
        "type": "message",
        "text": "Qué gobierno en sus cabales va a autorizar que se junten miles de personas en un lugar ?",
        "user": "UM81W8B0Q",
        "ts": "1585868293.430400",
        "team": "TJH5YU202",
        "user_team": "TJH5YU202",
        "source_team": "TJH5YU202",
        "user_profile": {
            "avatar_hash": "gab9279ee8c0",
            "image_72": "https:\/\/secure.gravatar.com\/avatar\/73ab9279ee8c00f66ce4904d30146c8f.jpg?s=72&d=https%3A%2F%2Fa.slack-edge.com%2Fdf10d%2Fimg%2Favatars%2Fava_0010-72.png",
            "first_name": "",
            "real_name": "Angel Pais",
            "display_name": "Angel Pais",
            "team": "TJH5YU202",
            "name": "amigosam",
            "is_restricted": false,
            "is_ultra_restricted": false
        },
        "edited": {
            "user": "UM81W8B0Q",
            "ts": "1585868737.000000"
        },
        "blocks": [
            {
                "type": "rich_text",
                "block_id": "9ijs4",
                "elements": [
                    {
                        "type": "rich_text_section",
                        "elements": [
                            {
                                "type": "text",
                                "text": "Qué gobierno en sus cabales va a autorizar que se junten miles de personas en un lugar ?"
                            }
                        ]
                    }
                ]
            }
        ]
    },
    {
        "client_msg_id": "c2cbf230-54c2-4c3d-81da-333c0e14ab5c",
        "type": "message",
        "text": "Jugadores, \"periodistas deportivos\" y todo tipo de lacra que curra ( en la acepción rioplatense ) con eso, mejor que vayan buscando un trabajo de 8 horas. Todavía no se enteran que su mundo ya no existe.",
        "user": "UM81W8B0Q",
        "ts": "1585868351.431600",
        "team": "TJH5YU202",
        "user_team": "TJH5YU202",
        "source_team": "TJH5YU202",
        "user_profile": {
            "avatar_hash": "gab9279ee8c0",
            "image_72": "https:\/\/secure.gravatar.com\/avatar\/73ab9279ee8c00f66ce4904d30146c8f.jpg?s=72&d=https%3A%2F%2Fa.slack-edge.com%2Fdf10d%2Fimg%2Favatars%2Fava_0010-72.png",
            "first_name": "",
            "real_name": "Angel Pais",
            "display_name": "Angel Pais",
            "team": "TJH5YU202",
            "name": "amigosam",
            "is_restricted": false,
            "is_ultra_restricted": false
        },
        "edited": {
            "user": "UM81W8B0Q",
            "ts": "1585868758.000000"
        },
        "blocks": [
            {
                "type": "rich_text",
                "block_id": "mpy",
                "elements": [
                    {
                        "type": "rich_text_section",
                        "elements": [
                            {
                                "type": "text",
                                "text": "Jugadores, \"periodistas deportivos\" y todo tipo de lacra que curra ( en la acepción rioplatense ) con eso, mejor que vayan buscando un trabajo de 8 horas. Todavía no se enteran que su mundo ya no existe."
                            }
                        ]
                    }
                ]
            }
        ]
    },
    {
        "client_msg_id": "c12a9e71-d7f4-4baf-a6ea-3ec620234d79",
        "type": "message",
        "text": "Lo mismo corre para basketball, cines, teatros, conciertos en vivo etc.",
        "user": "UM81W8B0Q",
        "ts": "1585868388.432300",
        "team": "TJH5YU202",
        "user_team": "TJH5YU202",
        "source_team": "TJH5YU202",
        "user_profile": {
            "avatar_hash": "gab9279ee8c0",
            "image_72": "https:\/\/secure.gravatar.com\/avatar\/73ab9279ee8c00f66ce4904d30146c8f.jpg?s=72&d=https%3A%2F%2Fa.slack-edge.com%2Fdf10d%2Fimg%2Favatars%2Fava_0010-72.png",
            "first_name": "",
            "real_name": "Angel Pais",
            "display_name": "Angel Pais",
            "team": "TJH5YU202",
            "name": "amigosam",
            "is_restricted": false,
            "is_ultra_restricted": false
        },
        "edited": {
            "user": "UM81W8B0Q",
            "ts": "1585868787.000000"
        },
        "blocks": [
            {
                "type": "rich_text",
                "block_id": "jpZa",
                "elements": [
                    {
                        "type": "rich_text_section",
                        "elements": [
                            {
                                "type": "text",
                                "text": "Lo mismo corre para basketball, cines, teatros, conciertos en vivo etc."
                            }
                        ]
                    }
                ]
            }
        ]
    },
    {
        "client_msg_id": "0d7a95b8-6bb6-4e13-92e5-89817f6ba22d",
        "type": "message",
        "text": "Hay miles y miles de personas que aún siguen en su burbuja personal sin darse cuenta que su mundo literalmente acabó.",
        "user": "UM81W8B0Q",
        "ts": "1585868466.433400",
        "team": "TJH5YU202",
        "user_team": "TJH5YU202",
        "source_team": "TJH5YU202",
        "user_profile": {
            "avatar_hash": "gab9279ee8c0",
            "image_72": "https:\/\/secure.gravatar.com\/avatar\/73ab9279ee8c00f66ce4904d30146c8f.jpg?s=72&d=https%3A%2F%2Fa.slack-edge.com%2Fdf10d%2Fimg%2Favatars%2Fava_0010-72.png",
            "first_name": "",
            "real_name": "Angel Pais",
            "display_name": "Angel Pais",
            "team": "TJH5YU202",
            "name": "amigosam",
            "is_restricted": false,
            "is_ultra_restricted": false
        },
        "blocks": [
            {
                "type": "rich_text",
                "block_id": "LAY",
                "elements": [
                    {
                        "type": "rich_text_section",
                        "elements": [
                            {
                                "type": "text",
                                "text": "Hay miles y miles de personas que aún siguen en su burbuja personal sin darse cuenta que su mundo literalmente acabó."
                            }
                        ]
                    }
                ]
            }
        ]
    },
    {
        "client_msg_id": "9ad549c3-52eb-45d4-a6e7-717bbba939fa",
        "type": "message",
        "text": "Bueno era sólo algo que quería compartir con ustedes amigos.",
        "user": "UM81W8B0Q",
        "ts": "1585868497.434000",
        "team": "TJH5YU202",
        "user_team": "TJH5YU202",
        "source_team": "TJH5YU202",
        "user_profile": {
            "avatar_hash": "gab9279ee8c0",
            "image_72": "https:\/\/secure.gravatar.com\/avatar\/73ab9279ee8c00f66ce4904d30146c8f.jpg?s=72&d=https%3A%2F%2Fa.slack-edge.com%2Fdf10d%2Fimg%2Favatars%2Fava_0010-72.png",
            "first_name": "",
            "real_name": "Angel Pais",
            "display_name": "Angel Pais",
            "team": "TJH5YU202",
            "name": "amigosam",
            "is_restricted": false,
            "is_ultra_restricted": false
        },
        "edited": {
            "user": "UM81W8B0Q",
            "ts": "1585869831.000000"
        },
        "blocks": [
            {
                "type": "rich_text",
                "block_id": "jLtyz",
                "elements": [
                    {
                        "type": "rich_text_section",
                        "elements": [
                            {
                                "type": "text",
                                "text": "Bueno era sólo algo que quería compartir con ustedes amigos."
                            }
                        ]
                    }
                ]
            }
        ]
    },
    {
        "client_msg_id": "5ce27ccf-b2c3-44ad-abd2-ce17fb6dd1ab",
        "type": "message",
        "text": "Mañana seguimos con el tutorial de MVC y eso me pone contento :stuck_out_tongue:",
        "user": "UM81W8B0Q",
        "ts": "1585868518.434500",
        "team": "TJH5YU202",
        "user_team": "TJH5YU202",
        "source_team": "TJH5YU202",
        "user_profile": {
            "avatar_hash": "gab9279ee8c0",
            "image_72": "https:\/\/secure.gravatar.com\/avatar\/73ab9279ee8c00f66ce4904d30146c8f.jpg?s=72&d=https%3A%2F%2Fa.slack-edge.com%2Fdf10d%2Fimg%2Favatars%2Fava_0010-72.png",
            "first_name": "",
            "real_name": "Angel Pais",
            "display_name": "Angel Pais",
            "team": "TJH5YU202",
            "name": "amigosam",
            "is_restricted": false,
            "is_ultra_restricted": false
        },
        "blocks": [
            {
                "type": "rich_text",
                "block_id": "Qqe",
                "elements": [
                    {
                        "type": "rich_text_section",
                        "elements": [
                            {
                                "type": "text",
                                "text": "Mañana seguimos con el tutorial de MVC y eso me pone contento "
                            },
                            {
                                "type": "emoji",
                                "name": "stuck_out_tongue"
                            }
                        ]
                    }
                ]
            }
        ]
    },
    {
        "client_msg_id": "d07760e6-c789-4e77-8bb1-d782677725d9",
        "type": "message",
        "text": "Cuando quieran armar un software que agregue tribunas virtuales a un partido de fútbol sin hinchadas avisen. Capaz que los nostálgicos nos llenan el bolsillo de dinero jajajajaja",
        "user": "UM81W8B0Q",
        "ts": "1585868669.435700",
        "team": "TJH5YU202",
        "user_team": "TJH5YU202",
        "source_team": "TJH5YU202",
        "user_profile": {
            "avatar_hash": "gab9279ee8c0",
            "image_72": "https:\/\/secure.gravatar.com\/avatar\/73ab9279ee8c00f66ce4904d30146c8f.jpg?s=72&d=https%3A%2F%2Fa.slack-edge.com%2Fdf10d%2Fimg%2Favatars%2Fava_0010-72.png",
            "first_name": "",
            "real_name": "Angel Pais",
            "display_name": "Angel Pais",
            "team": "TJH5YU202",
            "name": "amigosam",
            "is_restricted": false,
            "is_ultra_restricted": false
        },
        "edited": {
            "user": "UM81W8B0Q",
            "ts": "1585868812.000000"
        },
        "blocks": [
            {
                "type": "rich_text",
                "block_id": "ctjn",
                "elements": [
                    {
                        "type": "rich_text_section",
                        "elements": [
                            {
                                "type": "text",
                                "text": "Cuando quieran armar un software que agregue tribunas virtuales a un partido de fútbol sin hinchadas avisen. Capaz que los nostálgicos nos llenan el bolsillo de dinero jajajajaja"
                            }
                        ]
                    }
                ]
            }
        ]
    },
    {
        "client_msg_id": "45c1c181-b144-4aaf-b7ec-bac5056bbed3",
        "type": "message",
        "text": "Ese fue la cereza al dia de hoy!!!!!",
        "user": "UJUSD6VB2",
        "ts": "1585869552.436500",
        "team": "TJH5YU202",
        "user_team": "TJH5YU202",
        "source_team": "TJH5YU202",
        "user_profile": {
            "avatar_hash": "g1677a02d0b6",
            "image_72": "https:\/\/secure.gravatar.com\/avatar\/bb1677a02d0b69ba91eb245090c7c83a.jpg?s=72&d=https%3A%2F%2Fa.slack-edge.com%2Fdf10d%2Fimg%2Favatars%2Fava_0015-72.png",
            "first_name": "",
            "real_name": "Osvaldo Ramirez",
            "display_name": "Osvaldo Ramirez",
            "team": "TJH5YU202",
            "name": "ramirezosvaldo",
            "is_restricted": false,
            "is_ultra_restricted": false
        },
        "blocks": [
            {
                "type": "rich_text",
                "block_id": "gT+v",
                "elements": [
                    {
                        "type": "rich_text_section",
                        "elements": [
                            {
                                "type": "text",
                                "text": "Ese fue la cereza al dia de hoy!!!!!"
                            }
                        ]
                    }
                ]
            }
        ]
    },
    {
        "client_msg_id": "47cfab8d-e6e8-40d4-9ca3-00cf28ade16c",
        "type": "message",
        "text": "me acabo de tomar un pulque y Angel sale con eso, deja voy por otro.",
        "user": "UK28N3CER",
        "ts": "1585869684.437300",
        "team": "TJH5YU202",
        "user_team": "TJH5YU202",
        "source_team": "TJH5YU202",
        "user_profile": {
            "avatar_hash": "bf50b53e78b3",
            "image_72": "https:\/\/avatars.slack-edge.com\/2020-04-13\/1058586385811_bf50b53e78b35822be35_72.png",
            "first_name": "Cesar",
            "real_name": "Cesar SysCtrl Software",
            "display_name": "Cesar SysCtrl Software",
            "team": "TJH5YU202",
            "name": "sysctrlsoftware",
            "is_restricted": false,
            "is_ultra_restricted": false
        },
        "blocks": [
            {
                "type": "rich_text",
                "block_id": "4Jz",
                "elements": [
                    {
                        "type": "rich_text_section",
                        "elements": [
                            {
                                "type": "text",
                                "text": "me acabo de tomar un pulque y Angel sale con eso, deja voy por otro."
                            }
                        ]
                    }
                ]
            }
        ]
    },
    {
        "client_msg_id": "b3981c14-fa12-4be5-b438-07f08105c1a8",
        "type": "message",
        "text": "jajajajajajaja",
        "user": "UM81W8B0Q",
        "ts": "1585869694.437500",
        "team": "TJH5YU202",
        "user_team": "TJH5YU202",
        "source_team": "TJH5YU202",
        "user_profile": {
            "avatar_hash": "gab9279ee8c0",
            "image_72": "https:\/\/secure.gravatar.com\/avatar\/73ab9279ee8c00f66ce4904d30146c8f.jpg?s=72&d=https%3A%2F%2Fa.slack-edge.com%2Fdf10d%2Fimg%2Favatars%2Fava_0010-72.png",
            "first_name": "",
            "real_name": "Angel Pais",
            "display_name": "Angel Pais",
            "team": "TJH5YU202",
            "name": "amigosam",
            "is_restricted": false,
            "is_ultra_restricted": false
        },
        "blocks": [
            {
                "type": "rich_text",
                "block_id": "kSuA",
                "elements": [
                    {
                        "type": "rich_text_section",
                        "elements": [
                            {
                                "type": "text",
                                "text": "jajajajajajaja"
                            }
                        ]
                    }
                ]
            }
        ]
    },
    {
        "client_msg_id": "147707d7-c51c-41ab-9c76-91cfcd288940",
        "type": "message",
        "text": "SI fuera jugador de futbol estaría preocupado. Pero como programadores tendremos mas trabajo que nunca. Todo va a estar hecho a remoto a partir de ahora.",
        "user": "UM81W8B0Q",
        "ts": "1585869752.438000",
        "team": "TJH5YU202",
        "user_team": "TJH5YU202",
        "source_team": "TJH5YU202",
        "user_profile": {
            "avatar_hash": "gab9279ee8c0",
            "image_72": "https:\/\/secure.gravatar.com\/avatar\/73ab9279ee8c00f66ce4904d30146c8f.jpg?s=72&d=https%3A%2F%2Fa.slack-edge.com%2Fdf10d%2Fimg%2Favatars%2Fava_0010-72.png",
            "first_name": "",
            "real_name": "Angel Pais",
            "display_name": "Angel Pais",
            "team": "TJH5YU202",
            "name": "amigosam",
            "is_restricted": false,
            "is_ultra_restricted": false
        },
        "blocks": [
            {
                "type": "rich_text",
                "block_id": "OXJA",
                "elements": [
                    {
                        "type": "rich_text_section",
                        "elements": [
                            {
                                "type": "text",
                                "text": "SI fuera jugador de futbol estaría preocupado. Pero como programadores tendremos mas trabajo que nunca. Todo va a estar hecho a remoto a partir de ahora."
                            }
                        ]
                    }
                ]
            }
        ]
    },
    {
        "client_msg_id": "05b529ca-bbfc-4ff5-bdc7-ce53f0c1588c",
        "type": "message",
        "text": "Espero que el pulque ése, sea para celebrar.",
        "user": "UM81W8B0Q",
        "ts": "1585869780.438300",
        "team": "TJH5YU202",
        "user_team": "TJH5YU202",
        "source_team": "TJH5YU202",
        "user_profile": {
            "avatar_hash": "gab9279ee8c0",
            "image_72": "https:\/\/secure.gravatar.com\/avatar\/73ab9279ee8c00f66ce4904d30146c8f.jpg?s=72&d=https%3A%2F%2Fa.slack-edge.com%2Fdf10d%2Fimg%2Favatars%2Fava_0010-72.png",
            "first_name": "",
            "real_name": "Angel Pais",
            "display_name": "Angel Pais",
            "team": "TJH5YU202",
            "name": "amigosam",
            "is_restricted": false,
            "is_ultra_restricted": false
        },
        "edited": {
            "user": "UM81W8B0Q",
            "ts": "1585869866.000000"
        },
        "blocks": [
            {
                "type": "rich_text",
                "block_id": "geP",
                "elements": [
                    {
                        "type": "rich_text_section",
                        "elements": [
                            {
                                "type": "text",
                                "text": "Espero que el pulque ése, sea para celebrar."
                            }
                        ]
                    }
                ]
            }
        ]
    },
    {
        "client_msg_id": "54e97309-3736-435a-b6ed-9a08e1aa721e",
        "type": "message",
        "text": "jeje asi es.",
        "user": "UK28N3CER",
        "ts": "1585871759.439300",
        "team": "TJH5YU202",
        "user_team": "TJH5YU202",
        "source_team": "TJH5YU202",
        "user_profile": {
            "avatar_hash": "bf50b53e78b3",
            "image_72": "https:\/\/avatars.slack-edge.com\/2020-04-13\/1058586385811_bf50b53e78b35822be35_72.png",
            "first_name": "Cesar",
            "real_name": "Cesar SysCtrl Software",
            "display_name": "Cesar SysCtrl Software",
            "team": "TJH5YU202",
            "name": "sysctrlsoftware",
            "is_restricted": false,
            "is_ultra_restricted": false
        },
        "blocks": [
            {
                "type": "rich_text",
                "block_id": "vElI",
                "elements": [
                    {
                        "type": "rich_text_section",
                        "elements": [
                            {
                                "type": "text",
                                "text": "jeje asi es."
                            }
                        ]
                    }
                ]
            }
        ]
    },
    {
        "client_msg_id": "bf1f3aa9-b324-43da-bf61-bfafe67f8a4a",
        "type": "message",
        "text": ":tumbler_glass:",
        "user": "UK28N3CER",
        "ts": "1585871795.439500",
        "team": "TJH5YU202",
        "user_team": "TJH5YU202",
        "source_team": "TJH5YU202",
        "user_profile": {
            "avatar_hash": "bf50b53e78b3",
            "image_72": "https:\/\/avatars.slack-edge.com\/2020-04-13\/1058586385811_bf50b53e78b35822be35_72.png",
            "first_name": "Cesar",
            "real_name": "Cesar SysCtrl Software",
            "display_name": "Cesar SysCtrl Software",
            "team": "TJH5YU202",
            "name": "sysctrlsoftware",
            "is_restricted": false,
            "is_ultra_restricted": false
        },
        "blocks": [
            {
                "type": "rich_text",
                "block_id": "q+HjT",
                "elements": [
                    {
                        "type": "rich_text_section",
                        "elements": [
                            {
                                "type": "emoji",
                                "name": "tumbler_glass"
                            }
                        ]
                    }
                ]
            }
        ]
    }
]