[
    {
        "client_msg_id": "a4c118ce-eeeb-4462-8227-df04f4ef71c3",
        "type": "message",
        "text": "nunca es tarde cuando la dicha es buena  ( dicho popular )",
        "user": "UM81W8B0Q",
        "ts": "1586788052.088900",
        "team": "TJH5YU202",
        "user_team": "TJH5YU202",
        "source_team": "TJH5YU202",
        "user_profile": {
            "avatar_hash": "gab9279ee8c0",
            "image_72": "https:\/\/secure.gravatar.com\/avatar\/73ab9279ee8c00f66ce4904d30146c8f.jpg?s=72&d=https%3A%2F%2Fa.slack-edge.com%2Fdf10d%2Fimg%2Favatars%2Fava_0010-72.png",
            "first_name": "",
            "real_name": "Angel Pais",
            "display_name": "Angel Pais",
            "team": "TJH5YU202",
            "name": "amigosam",
            "is_restricted": false,
            "is_ultra_restricted": false
        },
        "blocks": [
            {
                "type": "rich_text",
                "block_id": "ZDvI",
                "elements": [
                    {
                        "type": "rich_text_section",
                        "elements": [
                            {
                                "type": "text",
                                "text": "nunca es tarde cuando la dicha es buena  ( dicho popular )"
                            }
                        ]
                    }
                ]
            }
        ]
    },
    {
        "client_msg_id": "1e9472ce-1529-44c3-94df-a5821a6277e2",
        "type": "message",
        "text": "Dejarse el nelflis... esto no va ni para atrás... Millones de megabytes improductivos... tirados a la basura... País... al menos baja resolución a 420p",
        "user": "UJULQCHL5",
        "ts": "1586816350.090400",
        "team": "TJH5YU202",
        "user_team": "TJH5YU202",
        "source_team": "TJH5YU202",
        "user_profile": {
            "avatar_hash": "g7659142325a",
            "image_72": "https:\/\/secure.gravatar.com\/avatar\/c87659142325a3facb661d85281ec091.jpg?s=72&d=https%3A%2F%2Fa.slack-edge.com%2Fdf10d%2Fimg%2Favatars%2Fava_0003-72.png",
            "first_name": "",
            "real_name": "Paquito",
            "display_name": "Paquito",
            "team": "TJH5YU202",
            "name": "hmpaquito",
            "is_restricted": false,
            "is_ultra_restricted": false
        },
        "blocks": [
            {
                "type": "rich_text",
                "block_id": "yN1nN",
                "elements": [
                    {
                        "type": "rich_text_section",
                        "elements": [
                            {
                                "type": "text",
                                "text": "Dejarse el nelflis... esto no va ni para atrás... Millones de megabytes improductivos... tirados a la basura... País... al menos baja resolución a 420p"
                            }
                        ]
                    }
                ]
            }
        ]
    },
    {
        "client_msg_id": "7a2586fc-bf72-4079-81e5-3584222621a7",
        "type": "message",
        "text": "Y no os da a todos por cocinar... no...",
        "user": "UJULQCHL5",
        "ts": "1586816428.090800",
        "team": "TJH5YU202",
        "user_team": "TJH5YU202",
        "source_team": "TJH5YU202",
        "user_profile": {
            "avatar_hash": "g7659142325a",
            "image_72": "https:\/\/secure.gravatar.com\/avatar\/c87659142325a3facb661d85281ec091.jpg?s=72&d=https%3A%2F%2Fa.slack-edge.com%2Fdf10d%2Fimg%2Favatars%2Fava_0003-72.png",
            "first_name": "",
            "real_name": "Paquito",
            "display_name": "Paquito",
            "team": "TJH5YU202",
            "name": "hmpaquito",
            "is_restricted": false,
            "is_ultra_restricted": false
        },
        "blocks": [
            {
                "type": "rich_text",
                "block_id": "BYsqX",
                "elements": [
                    {
                        "type": "rich_text_section",
                        "elements": [
                            {
                                "type": "text",
                                "text": "Y no os da a todos por cocinar... no..."
                            }
                        ]
                    }
                ]
            }
        ]
    },
    {
        "client_msg_id": "f5876075-a0d6-4fae-8167-f0a2a8ab8f19",
        "type": "message",
        "text": "<https:\/\/www.youtube.com\/watch?v=zaFKFu_qczQ>\nTooodos tirando de megas",
        "user": "UJULQCHL5",
        "ts": "1586816509.091100",
        "team": "TJH5YU202",
        "user_team": "TJH5YU202",
        "source_team": "TJH5YU202",
        "user_profile": {
            "avatar_hash": "g7659142325a",
            "image_72": "https:\/\/secure.gravatar.com\/avatar\/c87659142325a3facb661d85281ec091.jpg?s=72&d=https%3A%2F%2Fa.slack-edge.com%2Fdf10d%2Fimg%2Favatars%2Fava_0003-72.png",
            "first_name": "",
            "real_name": "Paquito",
            "display_name": "Paquito",
            "team": "TJH5YU202",
            "name": "hmpaquito",
            "is_restricted": false,
            "is_ultra_restricted": false
        },
        "attachments": [
            {
                "service_name": "YouTube",
                "service_url": "https:\/\/www.youtube.com\/",
                "title": "Perro Pastor en el TeleTrabajo* www.kiris.org",
                "title_link": "https:\/\/www.youtube.com\/watch?v=zaFKFu_qczQ",
                "author_name": "kiris",
                "author_link": "https:\/\/www.youtube.com\/user\/energyas2",
                "thumb_url": "https:\/\/i.ytimg.com\/vi\/zaFKFu_qczQ\/hqdefault.jpg",
                "thumb_width": 480,
                "thumb_height": 360,
                "fallback": "YouTube Video: Perro Pastor en el TeleTrabajo* www.kiris.org",
                "video_html": "<iframe width=\"400\" height=\"300\" src=\"https:\/\/www.youtube.com\/embed\/zaFKFu_qczQ?feature=oembed&autoplay=1&iv_load_policy=3\" frameborder=\"0\" allow=\"accelerometer; autoplay; encrypted-media; gyroscope; picture-in-picture\" allowfullscreen><\/iframe>",
                "video_html_width": 400,
                "video_html_height": 300,
                "from_url": "https:\/\/www.youtube.com\/watch?v=zaFKFu_qczQ",
                "service_icon": "https:\/\/a.slack-edge.com\/80588\/img\/unfurl_icons\/youtube.png",
                "id": 1,
                "original_url": "https:\/\/www.youtube.com\/watch?v=zaFKFu_qczQ"
            }
        ],
        "blocks": [
            {
                "type": "rich_text",
                "block_id": "w5yfT",
                "elements": [
                    {
                        "type": "rich_text_section",
                        "elements": [
                            {
                                "type": "link",
                                "url": "https:\/\/www.youtube.com\/watch?v=zaFKFu_qczQ"
                            },
                            {
                                "type": "text",
                                "text": "\nTooodos tirando de megas"
                            }
                        ]
                    }
                ]
            }
        ]
    },
    {
        "client_msg_id": "323f8cbb-b0e2-4ff4-b733-d8c1ac6b76c1",
        "type": "message",
        "text": "es casi tan inteligente como mi perro",
        "user": "UM81W8B0Q",
        "ts": "1586817353.091500",
        "team": "TJH5YU202",
        "user_team": "TJH5YU202",
        "source_team": "TJH5YU202",
        "user_profile": {
            "avatar_hash": "gab9279ee8c0",
            "image_72": "https:\/\/secure.gravatar.com\/avatar\/73ab9279ee8c00f66ce4904d30146c8f.jpg?s=72&d=https%3A%2F%2Fa.slack-edge.com%2Fdf10d%2Fimg%2Favatars%2Fava_0010-72.png",
            "first_name": "",
            "real_name": "Angel Pais",
            "display_name": "Angel Pais",
            "team": "TJH5YU202",
            "name": "amigosam",
            "is_restricted": false,
            "is_ultra_restricted": false
        },
        "blocks": [
            {
                "type": "rich_text",
                "block_id": "sTJMP",
                "elements": [
                    {
                        "type": "rich_text_section",
                        "elements": [
                            {
                                "type": "text",
                                "text": "es casi tan inteligente como mi perro"
                            }
                        ]
                    }
                ]
            }
        ]
    }
]