[
    {
        "client_msg_id": "5d2006ea-5f6c-476d-a0f6-2c4a95a64680",
        "type": "message",
        "text": "<https:\/\/www.youtube.com\/watch?v=Hd0cN9HZIK8&amp;list=PLRSdHg3eYEHoTL-ah1osGaSQvzNrT8G56&amp;index=7>",
        "user": "UJWR5N32S",
        "ts": "1585737815.426200",
        "team": "TJH5YU202",
        "user_team": "TJH5YU202",
        "source_team": "TJH5YU202",
        "user_profile": {
            "avatar_hash": "273d3745f7ae",
            "image_72": "https:\/\/avatars.slack-edge.com\/2019-05-20\/634344238497_273d3745f7ae1b176b82_72.jpg",
            "first_name": "Charly",
            "real_name": "Charly",
            "display_name": "Charly",
            "team": "TJH5YU202",
            "name": "carles9000",
            "is_restricted": false,
            "is_ultra_restricted": false
        },
        "attachments": [
            {
                "service_name": "YouTube",
                "service_url": "https:\/\/www.youtube.com\/",
                "title": "STAY HOMAS, Judit Neddermann - GOTTA BE PATIENT (Confination Song VI)",
                "title_link": "https:\/\/www.youtube.com\/watch?v=Hd0cN9HZIK8&amp;index=7",
                "author_name": "STAY HOMAS",
                "author_link": "https:\/\/www.youtube.com\/channel\/UC0PtwzSikWRnftscW9uI_Ug",
                "thumb_url": "https:\/\/i.ytimg.com\/vi\/Hd0cN9HZIK8\/hqdefault.jpg",
                "thumb_width": 480,
                "thumb_height": 360,
                "fallback": "YouTube Video: STAY HOMAS, Judit Neddermann - GOTTA BE PATIENT (Confination Song VI)",
                "video_html": "<iframe width=\"400\" height=\"300\" src=\"https:\/\/www.youtube.com\/embed\/Hd0cN9HZIK8?feature=oembed&autoplay=1&iv_load_policy=3\" frameborder=\"0\" allow=\"accelerometer; autoplay; encrypted-media; gyroscope; picture-in-picture\" allowfullscreen><\/iframe>",
                "video_html_width": 400,
                "video_html_height": 300,
                "from_url": "https:\/\/www.youtube.com\/watch?v=Hd0cN9HZIK8&amp;index=7",
                "service_icon": "https:\/\/a.slack-edge.com\/80588\/img\/unfurl_icons\/youtube.png",
                "id": 1,
                "original_url": "https:\/\/www.youtube.com\/watch?v=Hd0cN9HZIK8&amp;list=PLRSdHg3eYEHoTL-ah1osGaSQvzNrT8G56&amp;index=7"
            }
        ],
        "blocks": [
            {
                "type": "rich_text",
                "block_id": "==3\/L",
                "elements": [
                    {
                        "type": "rich_text_section",
                        "elements": [
                            {
                                "type": "link",
                                "url": "https:\/\/www.youtube.com\/watch?v=Hd0cN9HZIK8&list=PLRSdHg3eYEHoTL-ah1osGaSQvzNrT8G56&index=7"
                            }
                        ]
                    }
                ]
            }
        ]
    },
    {
        "client_msg_id": "cd3a1b78-832e-4da7-abbb-ba14a071b076",
        "type": "message",
        "text": "Fenomenos !",
        "user": "UJWR5N32S",
        "ts": "1585737832.426600",
        "team": "TJH5YU202",
        "user_team": "TJH5YU202",
        "source_team": "TJH5YU202",
        "user_profile": {
            "avatar_hash": "273d3745f7ae",
            "image_72": "https:\/\/avatars.slack-edge.com\/2019-05-20\/634344238497_273d3745f7ae1b176b82_72.jpg",
            "first_name": "Charly",
            "real_name": "Charly",
            "display_name": "Charly",
            "team": "TJH5YU202",
            "name": "carles9000",
            "is_restricted": false,
            "is_ultra_restricted": false
        },
        "blocks": [
            {
                "type": "rich_text",
                "block_id": "vp8u",
                "elements": [
                    {
                        "type": "rich_text_section",
                        "elements": [
                            {
                                "type": "text",
                                "text": "Fenomenos !"
                            }
                        ]
                    }
                ]
            }
        ]
    },
    {
        "client_msg_id": "abfd461e-7af6-40b4-a7d0-72cd6c5451f9",
        "type": "message",
        "text": ":clap:",
        "user": "UM81W8B0Q",
        "ts": "1585745162.426800",
        "team": "TJH5YU202",
        "user_team": "TJH5YU202",
        "source_team": "TJH5YU202",
        "user_profile": {
            "avatar_hash": "gab9279ee8c0",
            "image_72": "https:\/\/secure.gravatar.com\/avatar\/73ab9279ee8c00f66ce4904d30146c8f.jpg?s=72&d=https%3A%2F%2Fa.slack-edge.com%2Fdf10d%2Fimg%2Favatars%2Fava_0010-72.png",
            "first_name": "",
            "real_name": "Angel Pais",
            "display_name": "Angel Pais",
            "team": "TJH5YU202",
            "name": "amigosam",
            "is_restricted": false,
            "is_ultra_restricted": false
        },
        "blocks": [
            {
                "type": "rich_text",
                "block_id": "gr68",
                "elements": [
                    {
                        "type": "rich_text_section",
                        "elements": [
                            {
                                "type": "emoji",
                                "name": "clap"
                            }
                        ]
                    }
                ]
            }
        ]
    },
    {
        "client_msg_id": "d3e62af3-e320-409c-9241-b17c6f8b39bc",
        "type": "message",
        "text": "<https:\/\/xkcd.com\/2287\/>",
        "user": "UNAHBRTFA",
        "ts": "1585747251.427000",
        "team": "TJH5YU202",
        "user_team": "TJH5YU202",
        "source_team": "TJH5YU202",
        "user_profile": {
            "avatar_hash": "g3d2a3f4c28c",
            "image_72": "https:\/\/secure.gravatar.com\/avatar\/23d2a3f4c28cebb4cf07e48d02620517.jpg?s=72&d=https%3A%2F%2Fa.slack-edge.com%2Fdf10d%2Fimg%2Favatars%2Fava_0020-72.png",
            "first_name": "Andreu",
            "real_name": "Andreu Botella",
            "display_name": "Andreu Botella",
            "team": "TJH5YU202",
            "name": "andreu.132",
            "is_restricted": false,
            "is_ultra_restricted": false
        },
        "attachments": [
            {
                "title": "Pathogen Resistance",
                "title_link": "https:\/\/xkcd.com\/2287\/",
                "author_name": "xkcd",
                "author_link": "https:\/\/xkcd.com\/",
                "image_url": "https:\/\/imgs.xkcd.com\/comics\/pathogen_resistance.png",
                "image_width": 740,
                "image_height": 1041,
                "image_bytes": 475325,
                "text": "[Title text] \"We're not trapped in here with the coronavirus. The coronavirus is trapped in here with us.\"",
                "fallback": "xkcd: Pathogen Resistance",
                "service_icon": "https:\/\/a.slack-edge.com\/80588\/img\/unfurl_icons\/xkcd.png",
                "id": 1,
                "original_url": "https:\/\/xkcd.com\/2287\/"
            }
        ],
        "blocks": [
            {
                "type": "rich_text",
                "block_id": "HVUBV",
                "elements": [
                    {
                        "type": "rich_text_section",
                        "elements": [
                            {
                                "type": "link",
                                "url": "https:\/\/xkcd.com\/2287\/"
                            }
                        ]
                    }
                ]
            }
        ],
        "reactions": [
            {
                "name": "joy",
                "users": [
                    "UM81W8B0Q"
                ],
                "count": 1
            }
        ]
    }
]