[
    {
        "client_msg_id": "1cb4bb6a-4934-476c-82d4-0b5f5cbfb4ac",
        "type": "message",
        "text": "Good morning,",
        "user": "UJHD6A81H",
        "ts": "1585471391.417000",
        "team": "TJH5YU202",
        "user_team": "TJH5YU202",
        "source_team": "TJH5YU202",
        "user_profile": {
            "avatar_hash": "g6b8073e00e9",
            "image_72": "https:\/\/secure.gravatar.com\/avatar\/b96b8073e00e9eb02bcf05bc1418eb3a.jpg?s=72&d=https%3A%2F%2Fa.slack-edge.com%2Fdf10d%2Fimg%2Favatars%2Fava_0021-72.png",
            "first_name": "Otto",
            "real_name": "Otto Atzwanger",
            "display_name": "Otto",
            "team": "TJH5YU202",
            "name": "otto",
            "is_restricted": false,
            "is_ultra_restricted": false
        },
        "blocks": [
            {
                "type": "rich_text",
                "block_id": "9vsn",
                "elements": [
                    {
                        "type": "rich_text_section",
                        "elements": [
                            {
                                "type": "text",
                                "text": "Good morning,"
                            }
                        ]
                    }
                ]
            }
        ]
    },
    {
        "client_msg_id": "dd2f13fd-4757-4495-914f-984905a0ff43",
        "type": "message",
        "text": "This is my first \"accounting\". It must have been around 1980. But the program was already called 2000.\nThe program was on two magnetic strips and one strip per account.\nThe tax calculation was particularly progressive - at that time, only printed tables were actually used.\nThe computer system was a TI59 with printer.\nI wish you a lovely Sunday.",
        "user": "UJHD6A81H",
        "ts": "1585471399.417200",
        "team": "TJH5YU202",
        "user_team": "TJH5YU202",
        "source_team": "TJH5YU202",
        "user_profile": {
            "avatar_hash": "g6b8073e00e9",
            "image_72": "https:\/\/secure.gravatar.com\/avatar\/b96b8073e00e9eb02bcf05bc1418eb3a.jpg?s=72&d=https%3A%2F%2Fa.slack-edge.com%2Fdf10d%2Fimg%2Favatars%2Fava_0021-72.png",
            "first_name": "Otto",
            "real_name": "Otto Atzwanger",
            "display_name": "Otto",
            "team": "TJH5YU202",
            "name": "otto",
            "is_restricted": false,
            "is_ultra_restricted": false
        },
        "blocks": [
            {
                "type": "rich_text",
                "block_id": "O0Jym",
                "elements": [
                    {
                        "type": "rich_text_section",
                        "elements": [
                            {
                                "type": "text",
                                "text": "This is my first \"accounting\". It must have been around 1980. But the program was already called 2000.\nThe program was on two magnetic strips and one strip per account.\nThe tax calculation was particularly progressive - at that time, only printed tables were actually used.\nThe computer system was a TI59 with printer.\nI wish you a lovely Sunday."
                            }
                        ]
                    }
                ]
            }
        ]
    },
    {
        "type": "message",
        "text": "",
        "files": [
            {
                "id": "F0111HA2V70",
                "created": 1585471473,
                "timestamp": 1585471473,
                "name": "grafik.png",
                "title": "grafik.png",
                "mimetype": "image\/png",
                "filetype": "png",
                "pretty_type": "PNG",
                "user": "UJHD6A81H",
                "editable": false,
                "size": 2255564,
                "mode": "hosted",
                "is_external": false,
                "external_type": "",
                "is_public": true,
                "public_url_shared": false,
                "display_as_bot": false,
                "username": "",
                "url_private": "https:\/\/files.slack.com\/files-pri\/TJH5YU202-F0111HA2V70\/grafik.png?t=xoxe-629202954002-1115206499825-1101204359349-48e7ea248bf98b7fac300966398406ac",
                "url_private_download": "https:\/\/files.slack.com\/files-pri\/TJH5YU202-F0111HA2V70\/download\/grafik.png?t=xoxe-629202954002-1115206499825-1101204359349-48e7ea248bf98b7fac300966398406ac",
                "thumb_64": "https:\/\/files.slack.com\/files-tmb\/TJH5YU202-F0111HA2V70-eaa2ab0c7d\/grafik_64.png?t=xoxe-629202954002-1115206499825-1101204359349-48e7ea248bf98b7fac300966398406ac",
                "thumb_80": "https:\/\/files.slack.com\/files-tmb\/TJH5YU202-F0111HA2V70-eaa2ab0c7d\/grafik_80.png?t=xoxe-629202954002-1115206499825-1101204359349-48e7ea248bf98b7fac300966398406ac",
                "thumb_360": "https:\/\/files.slack.com\/files-tmb\/TJH5YU202-F0111HA2V70-eaa2ab0c7d\/grafik_360.png?t=xoxe-629202954002-1115206499825-1101204359349-48e7ea248bf98b7fac300966398406ac",
                "thumb_360_w": 360,
                "thumb_360_h": 187,
                "thumb_480": "https:\/\/files.slack.com\/files-tmb\/TJH5YU202-F0111HA2V70-eaa2ab0c7d\/grafik_480.png?t=xoxe-629202954002-1115206499825-1101204359349-48e7ea248bf98b7fac300966398406ac",
                "thumb_480_w": 480,
                "thumb_480_h": 249,
                "thumb_160": "https:\/\/files.slack.com\/files-tmb\/TJH5YU202-F0111HA2V70-eaa2ab0c7d\/grafik_160.png?t=xoxe-629202954002-1115206499825-1101204359349-48e7ea248bf98b7fac300966398406ac",
                "thumb_720": "https:\/\/files.slack.com\/files-tmb\/TJH5YU202-F0111HA2V70-eaa2ab0c7d\/grafik_720.png?t=xoxe-629202954002-1115206499825-1101204359349-48e7ea248bf98b7fac300966398406ac",
                "thumb_720_w": 720,
                "thumb_720_h": 374,
                "thumb_800": "https:\/\/files.slack.com\/files-tmb\/TJH5YU202-F0111HA2V70-eaa2ab0c7d\/grafik_800.png?t=xoxe-629202954002-1115206499825-1101204359349-48e7ea248bf98b7fac300966398406ac",
                "thumb_800_w": 800,
                "thumb_800_h": 416,
                "thumb_960": "https:\/\/files.slack.com\/files-tmb\/TJH5YU202-F0111HA2V70-eaa2ab0c7d\/grafik_960.png?t=xoxe-629202954002-1115206499825-1101204359349-48e7ea248bf98b7fac300966398406ac",
                "thumb_960_w": 960,
                "thumb_960_h": 499,
                "thumb_1024": "https:\/\/files.slack.com\/files-tmb\/TJH5YU202-F0111HA2V70-eaa2ab0c7d\/grafik_1024.png?t=xoxe-629202954002-1115206499825-1101204359349-48e7ea248bf98b7fac300966398406ac",
                "thumb_1024_w": 1024,
                "thumb_1024_h": 532,
                "image_exif_rotation": 1,
                "original_w": 1368,
                "original_h": 711,
                "thumb_tiny": "AwAYADCosTMoII5pDFIP4SfpU8I\/dr9KmRC5wOSaAKsEZcgZwe+R0q9MwgtGVDyRgcVOkQj4HJ7mqt+xLKvYDNAFJfmXPT1Joxwdo\/E0IQCRjJzSsSe+PYUgLEKkqqgc4FX4oxGvJ5PU1Utfvp9Kuv0piD+LrniqN8P3q\/Sri1Vvf9an0oGVDEY2ViOGqyIYyOP5025\/1cX0FPT7oqWUj\/\/Z",
                "permalink": "https:\/\/harbourproject.slack.com\/files\/UJHD6A81H\/F0111HA2V70\/grafik.png",
                "permalink_public": "https:\/\/slack-files.com\/TJH5YU202-F0111HA2V70-1f22358c0a",
                "is_starred": false,
                "has_rich_preview": false
            }
        ],
        "upload": true,
        "user": "UJHD6A81H",
        "display_as_bot": false,
        "ts": "1585471479.417300",
        "client_msg_id": "d1b5a5b1-d8eb-40cf-aac2-9a287f820b49"
    },
    {
        "client_msg_id": "52bd8b62-3c55-45b3-9368-27476403a737",
        "type": "message",
        "text": "<https:\/\/en.wikipedia.org\/wiki\/TI-59_\/_TI-58>",
        "user": "UJHD6A81H",
        "ts": "1585471526.417700",
        "team": "TJH5YU202",
        "user_team": "TJH5YU202",
        "source_team": "TJH5YU202",
        "user_profile": {
            "avatar_hash": "g6b8073e00e9",
            "image_72": "https:\/\/secure.gravatar.com\/avatar\/b96b8073e00e9eb02bcf05bc1418eb3a.jpg?s=72&d=https%3A%2F%2Fa.slack-edge.com%2Fdf10d%2Fimg%2Favatars%2Fava_0021-72.png",
            "first_name": "Otto",
            "real_name": "Otto Atzwanger",
            "display_name": "Otto",
            "team": "TJH5YU202",
            "name": "otto",
            "is_restricted": false,
            "is_ultra_restricted": false
        },
        "attachments": [
            {
                "image_url": "https:\/\/upload.wikimedia.org\/wikipedia\/commons\/0\/03\/TI-59.jpg",
                "image_width": 209,
                "image_height": 185,
                "image_bytes": 8693,
                "title": "TI-59 \/ TI-58",
                "title_link": "https:\/\/en.wikipedia.org\/wiki\/TI-59_\/_TI-58",
                "from_url": "https:\/\/en.wikipedia.org\/wiki\/TI-59_\/_TI-58",
                "author_name": "Wikipedia",
                "author_link": "https:\/\/en.wikipedia.org\/",
                "text": "The TI-59 is an early programmable calculator, that was manufactured by Texas Instruments from 1977.  It is the successor to the TI SR-52, quadrupling the number of \"program steps\" of storage, and adding \"ROM Program Modules\" (an insertable ROM chip, capable of holding 5000 program steps). Just like the SR-52, it has a magnetic card reader for external storage. One quarter of the memory is stored on each side of one card. \nThe TI-58 (May 1977), and later TI-58C (1979), are cut down versions of the TI-59, lacking the magnetic card reader and having half the memory, but otherwise identical.  Although the TI-58C uses a different chip than the TI-58, the technical data remain identical. The \"C\" in a TI (or Hewlett-Packard) model name indicates that the calculator has a constant memory (or continuous memory, respectively) allowing retention of programs and data when turned off.\nThese calculators use a parenthesized infix calculation system called \"Algebraic Operating System\" (AOS), where, compared to the postfix RPN system used by other scientific calculators (such as HP), the operator enters calculations just as they are written on paper, using up to nine levels of parenthesis.The calculator can be powered from an external adapter or from internal NiCd rechargeable battery pack (although the battery has to remain present when using the external AC adapter to avoid damage to the calculator circuitry).",
                "fallback": "wikipedia: TI-59 \/ TI-58",
                "service_icon": "https:\/\/a.slack-edge.com\/80588\/img\/unfurl_icons\/wikipedia.png",
                "id": 1,
                "original_url": "https:\/\/en.wikipedia.org\/wiki\/TI-59_\/_TI-58"
            }
        ],
        "blocks": [
            {
                "type": "rich_text",
                "block_id": "dSzRJ",
                "elements": [
                    {
                        "type": "rich_text_section",
                        "elements": [
                            {
                                "type": "link",
                                "url": "https:\/\/en.wikipedia.org\/wiki\/TI-59_\/_TI-58"
                            }
                        ]
                    }
                ]
            }
        ]
    },
    {
        "client_msg_id": "5ea1ded5-568e-498b-893e-b3321d094242",
        "type": "message",
        "text": "Buenos y confinados días.\nQuería conocer vuestra opinión sobre excel y harbour.\n\nResulta que me he encontrado muchas veces en que algo que según la documentacion se puede hacer con OLE, el programa arroja un error.\n\n¿ Creeis que puede ser el soporte OLE de Harbour ? ¿ Puede ser según versión de Excel ?\n\nOs pongo un ejemplo de intento de pegar un .pdf en una hoja excel:",
        "user": "UJULQCHL5",
        "ts": "1585479982.420100",
        "team": "TJH5YU202",
        "user_team": "TJH5YU202",
        "source_team": "TJH5YU202",
        "user_profile": {
            "avatar_hash": "g7659142325a",
            "image_72": "https:\/\/secure.gravatar.com\/avatar\/c87659142325a3facb661d85281ec091.jpg?s=72&d=https%3A%2F%2Fa.slack-edge.com%2Fdf10d%2Fimg%2Favatars%2Fava_0003-72.png",
            "first_name": "",
            "real_name": "Paquito",
            "display_name": "Paquito",
            "team": "TJH5YU202",
            "name": "hmpaquito",
            "is_restricted": false,
            "is_ultra_restricted": false
        },
        "blocks": [
            {
                "type": "rich_text",
                "block_id": "ARtlm",
                "elements": [
                    {
                        "type": "rich_text_section",
                        "elements": [
                            {
                                "type": "text",
                                "text": "Buenos y confinados días.\nQuería conocer vuestra opinión sobre excel y harbour.\n\nResulta que me he encontrado muchas veces en que algo que según la documentacion se puede hacer con OLE, el programa arroja un error.\n\n¿ Creeis que puede ser el soporte OLE de Harbour ? ¿ Puede ser según versión de Excel ?\n\nOs pongo un ejemplo de intento de pegar un .pdf en una hoja excel:"
                            }
                        ]
                    }
                ]
            }
        ]
    },
    {
        "client_msg_id": "f843f19f-92fc-4ba3-abf3-6a00a7d9518f",
        "type": "message",
        "text": "ole:= oExcel:oExcel:ActiveSheet:OLEObjects\nobj:= ole:Add(\"AcroExch.Document.DC\", cFullPdf, .f., .f., nil, nil, nil, 1, 1, 100, 100)\n\nEso arroja el error \"No se puede obtener la propiedad Add de la clase OLEObjects\"\n\nAl final pude capotear el asunto colocando el .pdf como imagen, previa transformacion...",
        "user": "UJULQCHL5",
        "ts": "1585480156.421400",
        "team": "TJH5YU202",
        "user_team": "TJH5YU202",
        "source_team": "TJH5YU202",
        "user_profile": {
            "avatar_hash": "g7659142325a",
            "image_72": "https:\/\/secure.gravatar.com\/avatar\/c87659142325a3facb661d85281ec091.jpg?s=72&d=https%3A%2F%2Fa.slack-edge.com%2Fdf10d%2Fimg%2Favatars%2Fava_0003-72.png",
            "first_name": "",
            "real_name": "Paquito",
            "display_name": "Paquito",
            "team": "TJH5YU202",
            "name": "hmpaquito",
            "is_restricted": false,
            "is_ultra_restricted": false
        },
        "blocks": [
            {
                "type": "rich_text",
                "block_id": "sL2",
                "elements": [
                    {
                        "type": "rich_text_section",
                        "elements": [
                            {
                                "type": "text",
                                "text": "ole:= oExcel:oExcel:ActiveSheet:OLEObjects\nobj:= ole:Add(\"AcroExch.Document.DC\", cFullPdf, .f., .f., nil, nil, nil, 1, 1, 100, 100)\n\nEso arroja el error \"No se puede obtener la propiedad Add de la clase OLEObjects\"\n\nAl final pude capotear el asunto colocando el .pdf como imagen, previa transformacion..."
                            }
                        ]
                    }
                ]
            }
        ]
    },
    {
        "client_msg_id": "428a5ab6-715a-4041-b7d9-6d8e99750877",
        "type": "message",
        "text": "<@UJULQCHL5> por qué dos oExcel? ( oExcel:oExcel:ActiveSheet:OLEObjects )",
        "user": "UJUJLTWMT",
        "ts": "1585490737.421800",
        "team": "TJH5YU202",
        "user_team": "TJH5YU202",
        "source_team": "TJH5YU202",
        "user_profile": {
            "avatar_hash": "a60e3b1ef2d2",
            "image_72": "https:\/\/avatars.slack-edge.com\/2019-08-20\/726246109489_a60e3b1ef2d2c141969d_72.jpg",
            "first_name": "",
            "real_name": "Cristobal",
            "display_name": "Cristobal",
            "team": "TJH5YU202",
            "name": "navarro.cristobal",
            "is_restricted": false,
            "is_ultra_restricted": false
        },
        "blocks": [
            {
                "type": "rich_text",
                "block_id": "MkHS",
                "elements": [
                    {
                        "type": "rich_text_section",
                        "elements": [
                            {
                                "type": "user",
                                "user_id": "UJULQCHL5"
                            },
                            {
                                "type": "text",
                                "text": " por qué dos oExcel? ( oExcel:oExcel:ActiveSheet:OLEObjects )"
                            }
                        ]
                    }
                ]
            }
        ]
    },
    {
        "client_msg_id": "299a5cc0-9220-4d72-a46e-9cf37b48c310",
        "type": "message",
        "text": "Bien visto... es que tengo una clase intermedia que alberga el oExcel:= CreateObject()",
        "user": "UJULQCHL5",
        "ts": "1585506260.422500",
        "team": "TJH5YU202",
        "user_team": "TJH5YU202",
        "source_team": "TJH5YU202",
        "user_profile": {
            "avatar_hash": "g7659142325a",
            "image_72": "https:\/\/secure.gravatar.com\/avatar\/c87659142325a3facb661d85281ec091.jpg?s=72&d=https%3A%2F%2Fa.slack-edge.com%2Fdf10d%2Fimg%2Favatars%2Fava_0003-72.png",
            "first_name": "",
            "real_name": "Paquito",
            "display_name": "Paquito",
            "team": "TJH5YU202",
            "name": "hmpaquito",
            "is_restricted": false,
            "is_ultra_restricted": false
        },
        "blocks": [
            {
                "type": "rich_text",
                "block_id": "fCL",
                "elements": [
                    {
                        "type": "rich_text_section",
                        "elements": [
                            {
                                "type": "text",
                                "text": "Bien visto... es que tengo una clase intermedia que alberga el oExcel:= CreateObject()"
                            }
                        ]
                    }
                ]
            }
        ]
    },
    {
        "client_msg_id": "42ea9962-111d-452e-a436-0079a610ba25",
        "type": "message",
        "text": "O sea tienes una clase desde la que instancias un objeto que has llamado oExcel que tiene una DATA que también se llama oExcel?",
        "user": "UJUJLTWMT",
        "ts": "1585511001.423500",
        "team": "TJH5YU202",
        "user_team": "TJH5YU202",
        "source_team": "TJH5YU202",
        "user_profile": {
            "avatar_hash": "a60e3b1ef2d2",
            "image_72": "https:\/\/avatars.slack-edge.com\/2019-08-20\/726246109489_a60e3b1ef2d2c141969d_72.jpg",
            "first_name": "",
            "real_name": "Cristobal",
            "display_name": "Cristobal",
            "team": "TJH5YU202",
            "name": "navarro.cristobal",
            "is_restricted": false,
            "is_ultra_restricted": false
        },
        "blocks": [
            {
                "type": "rich_text",
                "block_id": "nA0LI",
                "elements": [
                    {
                        "type": "rich_text_section",
                        "elements": [
                            {
                                "type": "text",
                                "text": "O sea tienes una clase desde la que instancias un objeto que has llamado oExcel que tiene una DATA que también se llama oExcel?"
                            }
                        ]
                    }
                ]
            }
        ]
    },
    {
        "client_msg_id": "09faeadf-7411-4fb4-8ecc-9b415fcdd4d1",
        "type": "message",
        "text": "Exacto",
        "user": "UJULQCHL5",
        "ts": "1585520551.424900",
        "team": "TJH5YU202",
        "user_team": "TJH5YU202",
        "source_team": "TJH5YU202",
        "user_profile": {
            "avatar_hash": "g7659142325a",
            "image_72": "https:\/\/secure.gravatar.com\/avatar\/c87659142325a3facb661d85281ec091.jpg?s=72&d=https%3A%2F%2Fa.slack-edge.com%2Fdf10d%2Fimg%2Favatars%2Fava_0003-72.png",
            "first_name": "",
            "real_name": "Paquito",
            "display_name": "Paquito",
            "team": "TJH5YU202",
            "name": "hmpaquito",
            "is_restricted": false,
            "is_ultra_restricted": false
        },
        "blocks": [
            {
                "type": "rich_text",
                "block_id": "FRb",
                "elements": [
                    {
                        "type": "rich_text_section",
                        "elements": [
                            {
                                "type": "text",
                                "text": "Exacto"
                            }
                        ]
                    }
                ]
            }
        ]
    },
    {
        "client_msg_id": "3ea33814-37ff-4632-bd42-b3132cd22d32",
        "type": "message",
        "text": "El error se produce en la segunda linea",
        "user": "UJULQCHL5",
        "ts": "1585520602.425600",
        "team": "TJH5YU202",
        "user_team": "TJH5YU202",
        "source_team": "TJH5YU202",
        "user_profile": {
            "avatar_hash": "g7659142325a",
            "image_72": "https:\/\/secure.gravatar.com\/avatar\/c87659142325a3facb661d85281ec091.jpg?s=72&d=https%3A%2F%2Fa.slack-edge.com%2Fdf10d%2Fimg%2Favatars%2Fava_0003-72.png",
            "first_name": "",
            "real_name": "Paquito",
            "display_name": "Paquito",
            "team": "TJH5YU202",
            "name": "hmpaquito",
            "is_restricted": false,
            "is_ultra_restricted": false
        },
        "blocks": [
            {
                "type": "rich_text",
                "block_id": "Yn+8R",
                "elements": [
                    {
                        "type": "rich_text_section",
                        "elements": [
                            {
                                "type": "text",
                                "text": "El error se produce en la segunda linea"
                            }
                        ]
                    }
                ]
            }
        ]
    }
]