[
    {
        "client_msg_id": "80d4b0e5-0eb2-4607-bf86-03b85d0766db",
        "type": "message",
        "text": "Bueeenas...\n¿ A que no sabéis quien ha dado señales de vida y supone una magnífica noticia para hrb ?\n<https:\/\/groups.google.com\/forum\/#!topic\/harbour-devel\/G-19t7L7oRg>",
        "user": "UJULQCHL5",
        "ts": "1585165135.000700",
        "team": "TJH5YU202",
        "user_team": "TJH5YU202",
        "source_team": "TJH5YU202",
        "user_profile": {
            "avatar_hash": "g7659142325a",
            "image_72": "https:\/\/secure.gravatar.com\/avatar\/c87659142325a3facb661d85281ec091.jpg?s=72&d=https%3A%2F%2Fa.slack-edge.com%2Fdf10d%2Fimg%2Favatars%2Fava_0003-72.png",
            "first_name": "",
            "real_name": "Paquito",
            "display_name": "Paquito",
            "team": "TJH5YU202",
            "name": "hmpaquito",
            "is_restricted": false,
            "is_ultra_restricted": false
        },
        "blocks": [
            {
                "type": "rich_text",
                "block_id": "r3P",
                "elements": [
                    {
                        "type": "rich_text_section",
                        "elements": [
                            {
                                "type": "text",
                                "text": "Bueeenas...\n¿ A que no sabéis quien ha dado señales de vida y supone una magnífica noticia para hrb ?\n"
                            },
                            {
                                "type": "link",
                                "url": "https:\/\/groups.google.com\/forum\/#!topic\/harbour-devel\/G-19t7L7oRg"
                            }
                        ]
                    }
                ]
            }
        ]
    },
    {
        "client_msg_id": "6a461e43-1d82-4297-9283-16bd2805ae27",
        "type": "message",
        "text": "Mi estimado poquito, pregunta, quien es quien es mundo de harbour ? esto para lograr entender, Saludos",
        "user": "UJUSD6VB2",
        "ts": "1585165768.001400",
        "team": "TJH5YU202",
        "user_team": "TJH5YU202",
        "source_team": "TJH5YU202",
        "user_profile": {
            "avatar_hash": "g1677a02d0b6",
            "image_72": "https:\/\/secure.gravatar.com\/avatar\/bb1677a02d0b69ba91eb245090c7c83a.jpg?s=72&d=https%3A%2F%2Fa.slack-edge.com%2Fdf10d%2Fimg%2Favatars%2Fava_0015-72.png",
            "first_name": "",
            "real_name": "Osvaldo Ramirez",
            "display_name": "Osvaldo Ramirez",
            "team": "TJH5YU202",
            "name": "ramirezosvaldo",
            "is_restricted": false,
            "is_ultra_restricted": false
        },
        "blocks": [
            {
                "type": "rich_text",
                "block_id": "5ffI",
                "elements": [
                    {
                        "type": "rich_text_section",
                        "elements": [
                            {
                                "type": "text",
                                "text": "Mi estimado poquito, pregunta, quien es quien es mundo de harbour ? esto para lograr entender, Saludos"
                            }
                        ]
                    }
                ]
            }
        ]
    },
    {
        "client_msg_id": "ea576cf7-14db-4cf7-ae1a-0fc25e874952",
        "type": "message",
        "text": "Przemek es el mejor programador del mundo",
        "user": "UM81W8B0Q",
        "ts": "1585165794.001700",
        "team": "TJH5YU202",
        "user_team": "TJH5YU202",
        "source_team": "TJH5YU202",
        "user_profile": {
            "avatar_hash": "gab9279ee8c0",
            "image_72": "https:\/\/secure.gravatar.com\/avatar\/73ab9279ee8c00f66ce4904d30146c8f.jpg?s=72&d=https%3A%2F%2Fa.slack-edge.com%2Fdf10d%2Fimg%2Favatars%2Fava_0010-72.png",
            "first_name": "",
            "real_name": "Angel Pais",
            "display_name": "Angel Pais",
            "team": "TJH5YU202",
            "name": "amigosam",
            "is_restricted": false,
            "is_ultra_restricted": false
        },
        "edited": {
            "user": "UM81W8B0Q",
            "ts": "1585165897.000000"
        },
        "blocks": [
            {
                "type": "rich_text",
                "block_id": "0VzJ",
                "elements": [
                    {
                        "type": "rich_text_section",
                        "elements": [
                            {
                                "type": "text",
                                "text": "Przemek es el mejor programador del mundo"
                            }
                        ]
                    }
                ]
            }
        ]
    },
    {
        "client_msg_id": "5b98151f-99e1-4729-a2f9-2a28fa71ef7f",
        "type": "message",
        "text": "Es que rehizo toda la arquitectura de harbour",
        "user": "UM81W8B0Q",
        "ts": "1585165806.002100",
        "team": "TJH5YU202",
        "user_team": "TJH5YU202",
        "source_team": "TJH5YU202",
        "user_profile": {
            "avatar_hash": "gab9279ee8c0",
            "image_72": "https:\/\/secure.gravatar.com\/avatar\/73ab9279ee8c00f66ce4904d30146c8f.jpg?s=72&d=https%3A%2F%2Fa.slack-edge.com%2Fdf10d%2Fimg%2Favatars%2Fava_0010-72.png",
            "first_name": "",
            "real_name": "Angel Pais",
            "display_name": "Angel Pais",
            "team": "TJH5YU202",
            "name": "amigosam",
            "is_restricted": false,
            "is_ultra_restricted": false
        },
        "edited": {
            "user": "UM81W8B0Q",
            "ts": "1585183185.000000"
        },
        "blocks": [
            {
                "type": "rich_text",
                "block_id": "Vkz",
                "elements": [
                    {
                        "type": "rich_text_section",
                        "elements": [
                            {
                                "type": "text",
                                "text": "Es que rehizo toda la arquitectura de harbour"
                            }
                        ]
                    }
                ]
            }
        ]
    },
    {
        "client_msg_id": "dbdd76c7-8833-4558-9357-26efe9206faa",
        "type": "message",
        "text": "hizo que los rdd fueran aprueba de balas",
        "user": "UM81W8B0Q",
        "ts": "1585165814.002400",
        "team": "TJH5YU202",
        "user_team": "TJH5YU202",
        "source_team": "TJH5YU202",
        "user_profile": {
            "avatar_hash": "gab9279ee8c0",
            "image_72": "https:\/\/secure.gravatar.com\/avatar\/73ab9279ee8c00f66ce4904d30146c8f.jpg?s=72&d=https%3A%2F%2Fa.slack-edge.com%2Fdf10d%2Fimg%2Favatars%2Fava_0010-72.png",
            "first_name": "",
            "real_name": "Angel Pais",
            "display_name": "Angel Pais",
            "team": "TJH5YU202",
            "name": "amigosam",
            "is_restricted": false,
            "is_ultra_restricted": false
        },
        "blocks": [
            {
                "type": "rich_text",
                "block_id": "+9F",
                "elements": [
                    {
                        "type": "rich_text_section",
                        "elements": [
                            {
                                "type": "text",
                                "text": "hizo que los rdd fueran aprueba de balas"
                            }
                        ]
                    }
                ]
            }
        ]
    },
    {
        "client_msg_id": "68801e62-f88b-4e0d-9526-6474ed11ec75",
        "type": "message",
        "text": "invento hbnetio y hbmemio",
        "user": "UM81W8B0Q",
        "ts": "1585165828.002800",
        "team": "TJH5YU202",
        "user_team": "TJH5YU202",
        "source_team": "TJH5YU202",
        "user_profile": {
            "avatar_hash": "gab9279ee8c0",
            "image_72": "https:\/\/secure.gravatar.com\/avatar\/73ab9279ee8c00f66ce4904d30146c8f.jpg?s=72&d=https%3A%2F%2Fa.slack-edge.com%2Fdf10d%2Fimg%2Favatars%2Fava_0010-72.png",
            "first_name": "",
            "real_name": "Angel Pais",
            "display_name": "Angel Pais",
            "team": "TJH5YU202",
            "name": "amigosam",
            "is_restricted": false,
            "is_ultra_restricted": false
        },
        "edited": {
            "user": "UM81W8B0Q",
            "ts": "1585183204.000000"
        },
        "blocks": [
            {
                "type": "rich_text",
                "block_id": "IDXrb",
                "elements": [
                    {
                        "type": "rich_text_section",
                        "elements": [
                            {
                                "type": "text",
                                "text": "invento hbnetio y hbmemio"
                            }
                        ]
                    }
                ]
            }
        ]
    },
    {
        "client_msg_id": "e108b586-2120-42f5-ad80-0936434ef902",
        "type": "message",
        "text": "hizo todo el sistema de threading de harbour",
        "user": "UM81W8B0Q",
        "ts": "1585165847.003200",
        "team": "TJH5YU202",
        "user_team": "TJH5YU202",
        "source_team": "TJH5YU202",
        "user_profile": {
            "avatar_hash": "gab9279ee8c0",
            "image_72": "https:\/\/secure.gravatar.com\/avatar\/73ab9279ee8c00f66ce4904d30146c8f.jpg?s=72&d=https%3A%2F%2Fa.slack-edge.com%2Fdf10d%2Fimg%2Favatars%2Fava_0010-72.png",
            "first_name": "",
            "real_name": "Angel Pais",
            "display_name": "Angel Pais",
            "team": "TJH5YU202",
            "name": "amigosam",
            "is_restricted": false,
            "is_ultra_restricted": false
        },
        "edited": {
            "user": "UM81W8B0Q",
            "ts": "1585183223.000000"
        },
        "blocks": [
            {
                "type": "rich_text",
                "block_id": "zHd",
                "elements": [
                    {
                        "type": "rich_text_section",
                        "elements": [
                            {
                                "type": "text",
                                "text": "hizo todo el sistema de threading de harbour"
                            }
                        ]
                    }
                ]
            }
        ]
    },
    {
        "client_msg_id": "162f40ef-4266-44b9-bb22-87ef88088b6e",
        "type": "message",
        "text": "es innumerables cosas mas",
        "user": "UM81W8B0Q",
        "ts": "1585165857.003500",
        "team": "TJH5YU202",
        "user_team": "TJH5YU202",
        "source_team": "TJH5YU202",
        "user_profile": {
            "avatar_hash": "gab9279ee8c0",
            "image_72": "https:\/\/secure.gravatar.com\/avatar\/73ab9279ee8c00f66ce4904d30146c8f.jpg?s=72&d=https%3A%2F%2Fa.slack-edge.com%2Fdf10d%2Fimg%2Favatars%2Fava_0010-72.png",
            "first_name": "",
            "real_name": "Angel Pais",
            "display_name": "Angel Pais",
            "team": "TJH5YU202",
            "name": "amigosam",
            "is_restricted": false,
            "is_ultra_restricted": false
        },
        "edited": {
            "user": "UM81W8B0Q",
            "ts": "1585183236.000000"
        },
        "blocks": [
            {
                "type": "rich_text",
                "block_id": "QHvN",
                "elements": [
                    {
                        "type": "rich_text_section",
                        "elements": [
                            {
                                "type": "text",
                                "text": "es innumerables cosas mas"
                            }
                        ]
                    }
                ]
            }
        ]
    },
    {
        "client_msg_id": "ef5109d5-1b73-4244-b092-d1dfba4689ba",
        "type": "message",
        "text": "que haya aparecido despues de meses es una excelente noticia",
        "user": "UM81W8B0Q",
        "ts": "1585165869.003800",
        "team": "TJH5YU202",
        "user_team": "TJH5YU202",
        "source_team": "TJH5YU202",
        "user_profile": {
            "avatar_hash": "gab9279ee8c0",
            "image_72": "https:\/\/secure.gravatar.com\/avatar\/73ab9279ee8c00f66ce4904d30146c8f.jpg?s=72&d=https%3A%2F%2Fa.slack-edge.com%2Fdf10d%2Fimg%2Favatars%2Fava_0010-72.png",
            "first_name": "",
            "real_name": "Angel Pais",
            "display_name": "Angel Pais",
            "team": "TJH5YU202",
            "name": "amigosam",
            "is_restricted": false,
            "is_ultra_restricted": false
        },
        "edited": {
            "user": "UM81W8B0Q",
            "ts": "1585165881.000000"
        },
        "blocks": [
            {
                "type": "rich_text",
                "block_id": "nF0a",
                "elements": [
                    {
                        "type": "rich_text_section",
                        "elements": [
                            {
                                "type": "text",
                                "text": "que haya aparecido despues de meses es una excelente noticia"
                            }
                        ]
                    }
                ]
            }
        ]
    },
    {
        "client_msg_id": "9ea06d3d-900a-4c72-83eb-cfe4dde5dd05",
        "type": "message",
        "text": "Bueno, entonces hay que enviarle una dotación de buenos tacos cada mes!, Pregunta Przemek es ? Ruso, Polaco, Mexicano ?",
        "user": "UJUSD6VB2",
        "ts": "1585166005.005000",
        "team": "TJH5YU202",
        "user_team": "TJH5YU202",
        "source_team": "TJH5YU202",
        "user_profile": {
            "avatar_hash": "g1677a02d0b6",
            "image_72": "https:\/\/secure.gravatar.com\/avatar\/bb1677a02d0b69ba91eb245090c7c83a.jpg?s=72&d=https%3A%2F%2Fa.slack-edge.com%2Fdf10d%2Fimg%2Favatars%2Fava_0015-72.png",
            "first_name": "",
            "real_name": "Osvaldo Ramirez",
            "display_name": "Osvaldo Ramirez",
            "team": "TJH5YU202",
            "name": "ramirezosvaldo",
            "is_restricted": false,
            "is_ultra_restricted": false
        },
        "blocks": [
            {
                "type": "rich_text",
                "block_id": "ODB62",
                "elements": [
                    {
                        "type": "rich_text_section",
                        "elements": [
                            {
                                "type": "text",
                                "text": "Bueno, entonces hay que enviarle una dotación de buenos tacos cada mes!, Pregunta Przemek es ? Ruso, Polaco, Mexicano ?"
                            }
                        ]
                    }
                ]
            }
        ]
    },
    {
        "client_msg_id": "8d05e65f-bd2f-4656-a504-7045a64d8614",
        "type": "message",
        "text": "Ya se había retirado de harbour ?",
        "user": "UJUSD6VB2",
        "ts": "1585166023.005600",
        "team": "TJH5YU202",
        "user_team": "TJH5YU202",
        "source_team": "TJH5YU202",
        "user_profile": {
            "avatar_hash": "g1677a02d0b6",
            "image_72": "https:\/\/secure.gravatar.com\/avatar\/bb1677a02d0b69ba91eb245090c7c83a.jpg?s=72&d=https%3A%2F%2Fa.slack-edge.com%2Fdf10d%2Fimg%2Favatars%2Fava_0015-72.png",
            "first_name": "",
            "real_name": "Osvaldo Ramirez",
            "display_name": "Osvaldo Ramirez",
            "team": "TJH5YU202",
            "name": "ramirezosvaldo",
            "is_restricted": false,
            "is_ultra_restricted": false
        },
        "blocks": [
            {
                "type": "rich_text",
                "block_id": "8UEol",
                "elements": [
                    {
                        "type": "rich_text_section",
                        "elements": [
                            {
                                "type": "text",
                                "text": "Ya se había retirado de harbour ?"
                            }
                        ]
                    }
                ]
            }
        ]
    },
    {
        "client_msg_id": "dec566cc-9e71-46c0-b3f5-5126f860e2c7",
        "type": "message",
        "text": "Porque es buena noticia ?",
        "user": "UJUSD6VB2",
        "ts": "1585166027.005900",
        "team": "TJH5YU202",
        "user_team": "TJH5YU202",
        "source_team": "TJH5YU202",
        "user_profile": {
            "avatar_hash": "g1677a02d0b6",
            "image_72": "https:\/\/secure.gravatar.com\/avatar\/bb1677a02d0b69ba91eb245090c7c83a.jpg?s=72&d=https%3A%2F%2Fa.slack-edge.com%2Fdf10d%2Fimg%2Favatars%2Fava_0015-72.png",
            "first_name": "",
            "real_name": "Osvaldo Ramirez",
            "display_name": "Osvaldo Ramirez",
            "team": "TJH5YU202",
            "name": "ramirezosvaldo",
            "is_restricted": false,
            "is_ultra_restricted": false
        },
        "blocks": [
            {
                "type": "rich_text",
                "block_id": "tNC",
                "elements": [
                    {
                        "type": "rich_text_section",
                        "elements": [
                            {
                                "type": "text",
                                "text": "Porque es buena noticia ?"
                            }
                        ]
                    }
                ]
            }
        ]
    },
    {
        "client_msg_id": "906d0c00-c970-4796-be5b-35d1268b9353",
        "type": "message",
        "text": "oommmvre... es una buena noticia porque la persona que mejor conoce harbour, con permiso, la persona que más ha innovado con Harbour, la que ha hecho de él una rock... está de vuelta.. Magnífica ? No. Magnifiquísima !",
        "user": "UJULQCHL5",
        "ts": "1585166094.007100",
        "team": "TJH5YU202",
        "user_team": "TJH5YU202",
        "source_team": "TJH5YU202",
        "user_profile": {
            "avatar_hash": "g7659142325a",
            "image_72": "https:\/\/secure.gravatar.com\/avatar\/c87659142325a3facb661d85281ec091.jpg?s=72&d=https%3A%2F%2Fa.slack-edge.com%2Fdf10d%2Fimg%2Favatars%2Fava_0003-72.png",
            "first_name": "",
            "real_name": "Paquito",
            "display_name": "Paquito",
            "team": "TJH5YU202",
            "name": "hmpaquito",
            "is_restricted": false,
            "is_ultra_restricted": false
        },
        "blocks": [
            {
                "type": "rich_text",
                "block_id": "5EQg",
                "elements": [
                    {
                        "type": "rich_text_section",
                        "elements": [
                            {
                                "type": "text",
                                "text": "oommmvre... es una buena noticia porque la persona que mejor conoce harbour, con permiso, la persona que más ha innovado con Harbour, la que ha hecho de él una rock... está de vuelta.. Magnífica ? No. Magnifiquísima !"
                            }
                        ]
                    }
                ]
            }
        ]
    },
    {
        "client_msg_id": "361ca63f-9920-4c4a-aae6-70e56ae0d859",
        "type": "message",
        "text": "Venga, solo esta el ? o quien mas mantiene el core\/kernel de harbour ?",
        "user": "UJUSD6VB2",
        "ts": "1585166160.008000",
        "team": "TJH5YU202",
        "user_team": "TJH5YU202",
        "source_team": "TJH5YU202",
        "user_profile": {
            "avatar_hash": "g1677a02d0b6",
            "image_72": "https:\/\/secure.gravatar.com\/avatar\/bb1677a02d0b69ba91eb245090c7c83a.jpg?s=72&d=https%3A%2F%2Fa.slack-edge.com%2Fdf10d%2Fimg%2Favatars%2Fava_0015-72.png",
            "first_name": "",
            "real_name": "Osvaldo Ramirez",
            "display_name": "Osvaldo Ramirez",
            "team": "TJH5YU202",
            "name": "ramirezosvaldo",
            "is_restricted": false,
            "is_ultra_restricted": false
        },
        "blocks": [
            {
                "type": "rich_text",
                "block_id": "38K",
                "elements": [
                    {
                        "type": "rich_text_section",
                        "elements": [
                            {
                                "type": "text",
                                "text": "Venga, solo esta el ? o quien mas mantiene el core\/kernel de harbour ?"
                            }
                        ]
                    }
                ]
            }
        ]
    },
    {
        "client_msg_id": "be3a5d60-dd56-48e0-8c02-136d049406de",
        "type": "message",
        "text": "El y Viktor pero Viktor es mas un organizador",
        "user": "UM81W8B0Q",
        "ts": "1585166197.008600",
        "team": "TJH5YU202",
        "user_team": "TJH5YU202",
        "source_team": "TJH5YU202",
        "user_profile": {
            "avatar_hash": "gab9279ee8c0",
            "image_72": "https:\/\/secure.gravatar.com\/avatar\/73ab9279ee8c00f66ce4904d30146c8f.jpg?s=72&d=https%3A%2F%2Fa.slack-edge.com%2Fdf10d%2Fimg%2Favatars%2Fava_0010-72.png",
            "first_name": "",
            "real_name": "Angel Pais",
            "display_name": "Angel Pais",
            "team": "TJH5YU202",
            "name": "amigosam",
            "is_restricted": false,
            "is_ultra_restricted": false
        },
        "edited": {
            "user": "UM81W8B0Q",
            "ts": "1585183288.000000"
        },
        "blocks": [
            {
                "type": "rich_text",
                "block_id": "uAe",
                "elements": [
                    {
                        "type": "rich_text_section",
                        "elements": [
                            {
                                "type": "text",
                                "text": "El y Viktor pero Viktor es mas un organizador"
                            }
                        ]
                    }
                ]
            }
        ]
    },
    {
        "client_msg_id": "ca5955f2-f6bc-4187-843c-11e4470361a5",
        "type": "message",
        "text": "el que sabe sabe es el polaco",
        "user": "UM81W8B0Q",
        "ts": "1585166205.008900",
        "team": "TJH5YU202",
        "user_team": "TJH5YU202",
        "source_team": "TJH5YU202",
        "user_profile": {
            "avatar_hash": "gab9279ee8c0",
            "image_72": "https:\/\/secure.gravatar.com\/avatar\/73ab9279ee8c00f66ce4904d30146c8f.jpg?s=72&d=https%3A%2F%2Fa.slack-edge.com%2Fdf10d%2Fimg%2Favatars%2Fava_0010-72.png",
            "first_name": "",
            "real_name": "Angel Pais",
            "display_name": "Angel Pais",
            "team": "TJH5YU202",
            "name": "amigosam",
            "is_restricted": false,
            "is_ultra_restricted": false
        },
        "blocks": [
            {
                "type": "rich_text",
                "block_id": "786",
                "elements": [
                    {
                        "type": "rich_text_section",
                        "elements": [
                            {
                                "type": "text",
                                "text": "el que sabe sabe es el polaco"
                            }
                        ]
                    }
                ]
            }
        ]
    },
    {
        "client_msg_id": "591bb585-d5aa-4a2a-a9df-6918ad6fbf26",
        "type": "message",
        "text": "y hace como 6 meses que no aparecía",
        "user": "UM81W8B0Q",
        "ts": "1585166216.009200",
        "team": "TJH5YU202",
        "user_team": "TJH5YU202",
        "source_team": "TJH5YU202",
        "user_profile": {
            "avatar_hash": "gab9279ee8c0",
            "image_72": "https:\/\/secure.gravatar.com\/avatar\/73ab9279ee8c00f66ce4904d30146c8f.jpg?s=72&d=https%3A%2F%2Fa.slack-edge.com%2Fdf10d%2Fimg%2Favatars%2Fava_0010-72.png",
            "first_name": "",
            "real_name": "Angel Pais",
            "display_name": "Angel Pais",
            "team": "TJH5YU202",
            "name": "amigosam",
            "is_restricted": false,
            "is_ultra_restricted": false
        },
        "blocks": [
            {
                "type": "rich_text",
                "block_id": "bvtn",
                "elements": [
                    {
                        "type": "rich_text_section",
                        "elements": [
                            {
                                "type": "text",
                                "text": "y hace como 6 meses que no aparecía"
                            }
                        ]
                    }
                ]
            }
        ]
    },
    {
        "client_msg_id": "be126950-d921-43fe-bb75-74d37ac8592b",
        "type": "message",
        "text": "digamos que Przemek == Harbour",
        "user": "UM81W8B0Q",
        "ts": "1585166259.010300",
        "team": "TJH5YU202",
        "user_team": "TJH5YU202",
        "source_team": "TJH5YU202",
        "user_profile": {
            "avatar_hash": "gab9279ee8c0",
            "image_72": "https:\/\/secure.gravatar.com\/avatar\/73ab9279ee8c00f66ce4904d30146c8f.jpg?s=72&d=https%3A%2F%2Fa.slack-edge.com%2Fdf10d%2Fimg%2Favatars%2Fava_0010-72.png",
            "first_name": "",
            "real_name": "Angel Pais",
            "display_name": "Angel Pais",
            "team": "TJH5YU202",
            "name": "amigosam",
            "is_restricted": false,
            "is_ultra_restricted": false
        },
        "blocks": [
            {
                "type": "rich_text",
                "block_id": "w8JM",
                "elements": [
                    {
                        "type": "rich_text_section",
                        "elements": [
                            {
                                "type": "text",
                                "text": "digamos que Przemek == Harbour"
                            }
                        ]
                    }
                ]
            }
        ]
    },
    {
        "client_msg_id": "cc3ffb14-87c3-48ec-abaa-9e5d4eb29304",
        "type": "message",
        "text": "Hahah, por eso tanta felicidad, posiblemente estaba con los osos ayudando en el kernel de Xbase++, y como ella si le pagan, pues no había podido venir.",
        "user": "UJUSD6VB2",
        "ts": "1585166277.010500",
        "team": "TJH5YU202",
        "user_team": "TJH5YU202",
        "source_team": "TJH5YU202",
        "user_profile": {
            "avatar_hash": "g1677a02d0b6",
            "image_72": "https:\/\/secure.gravatar.com\/avatar\/bb1677a02d0b69ba91eb245090c7c83a.jpg?s=72&d=https%3A%2F%2Fa.slack-edge.com%2Fdf10d%2Fimg%2Favatars%2Fava_0015-72.png",
            "first_name": "",
            "real_name": "Osvaldo Ramirez",
            "display_name": "Osvaldo Ramirez",
            "team": "TJH5YU202",
            "name": "ramirezosvaldo",
            "is_restricted": false,
            "is_ultra_restricted": false
        },
        "blocks": [
            {
                "type": "rich_text",
                "block_id": "wdCJx",
                "elements": [
                    {
                        "type": "rich_text_section",
                        "elements": [
                            {
                                "type": "text",
                                "text": "Hahah, por eso tanta felicidad, posiblemente estaba con los osos ayudando en el kernel de Xbase++, y como ella si le pagan, pues no había podido venir."
                            }
                        ]
                    }
                ]
            }
        ]
    },
    {
        "client_msg_id": "28a63627-57ad-43e4-ba1d-5c07139f25f9",
        "type": "message",
        "text": "jajajaja",
        "user": "UM81W8B0Q",
        "ts": "1585166335.010900",
        "team": "TJH5YU202",
        "user_team": "TJH5YU202",
        "source_team": "TJH5YU202",
        "user_profile": {
            "avatar_hash": "gab9279ee8c0",
            "image_72": "https:\/\/secure.gravatar.com\/avatar\/73ab9279ee8c00f66ce4904d30146c8f.jpg?s=72&d=https%3A%2F%2Fa.slack-edge.com%2Fdf10d%2Fimg%2Favatars%2Fava_0010-72.png",
            "first_name": "",
            "real_name": "Angel Pais",
            "display_name": "Angel Pais",
            "team": "TJH5YU202",
            "name": "amigosam",
            "is_restricted": false,
            "is_ultra_restricted": false
        },
        "blocks": [
            {
                "type": "rich_text",
                "block_id": "Pl6",
                "elements": [
                    {
                        "type": "rich_text_section",
                        "elements": [
                            {
                                "type": "text",
                                "text": "jajajaja"
                            }
                        ]
                    }
                ]
            }
        ]
    },
    {
        "client_msg_id": "04012b5a-9bd5-455e-be4d-23d6d04aef1e",
        "type": "message",
        "text": "Bueno, si no me crees que pagan, pregúntale a Hannes",
        "user": "UJUSD6VB2",
        "ts": "1585166353.011500",
        "team": "TJH5YU202",
        "user_team": "TJH5YU202",
        "source_team": "TJH5YU202",
        "user_profile": {
            "avatar_hash": "g1677a02d0b6",
            "image_72": "https:\/\/secure.gravatar.com\/avatar\/bb1677a02d0b69ba91eb245090c7c83a.jpg?s=72&d=https%3A%2F%2Fa.slack-edge.com%2Fdf10d%2Fimg%2Favatars%2Fava_0015-72.png",
            "first_name": "",
            "real_name": "Osvaldo Ramirez",
            "display_name": "Osvaldo Ramirez",
            "team": "TJH5YU202",
            "name": "ramirezosvaldo",
            "is_restricted": false,
            "is_ultra_restricted": false
        },
        "blocks": [
            {
                "type": "rich_text",
                "block_id": "90eP",
                "elements": [
                    {
                        "type": "rich_text_section",
                        "elements": [
                            {
                                "type": "text",
                                "text": "Bueno, si no me crees que pagan, pregúntale a Hannes"
                            }
                        ]
                    }
                ]
            }
        ]
    },
    {
        "client_msg_id": "eb89b7ca-b277-4cf7-bc86-a59afc6bb9db",
        "type": "message",
        "text": "Un dato curioso. Przemek nunca en su vida tocó una maquina con windows",
        "user": "UM81W8B0Q",
        "ts": "1585166356.011600",
        "team": "TJH5YU202",
        "user_team": "TJH5YU202",
        "source_team": "TJH5YU202",
        "user_profile": {
            "avatar_hash": "gab9279ee8c0",
            "image_72": "https:\/\/secure.gravatar.com\/avatar\/73ab9279ee8c00f66ce4904d30146c8f.jpg?s=72&d=https%3A%2F%2Fa.slack-edge.com%2Fdf10d%2Fimg%2Favatars%2Fava_0010-72.png",
            "first_name": "",
            "real_name": "Angel Pais",
            "display_name": "Angel Pais",
            "team": "TJH5YU202",
            "name": "amigosam",
            "is_restricted": false,
            "is_ultra_restricted": false
        },
        "edited": {
            "user": "UM81W8B0Q",
            "ts": "1585166374.000000"
        },
        "blocks": [
            {
                "type": "rich_text",
                "block_id": "vvwek",
                "elements": [
                    {
                        "type": "rich_text_section",
                        "elements": [
                            {
                                "type": "text",
                                "text": "Un dato curioso. Przemek nunca en su vida tocó una maquina con windows"
                            }
                        ]
                    }
                ]
            }
        ]
    },
    {
        "client_msg_id": "156efb14-ddb5-446b-9d42-fd8dfd0b12e4",
        "type": "message",
        "text": "No había dinero para comprar licencia de windows ?",
        "user": "UJUSD6VB2",
        "ts": "1585166373.011900",
        "team": "TJH5YU202",
        "user_team": "TJH5YU202",
        "source_team": "TJH5YU202",
        "user_profile": {
            "avatar_hash": "g1677a02d0b6",
            "image_72": "https:\/\/secure.gravatar.com\/avatar\/bb1677a02d0b69ba91eb245090c7c83a.jpg?s=72&d=https%3A%2F%2Fa.slack-edge.com%2Fdf10d%2Fimg%2Favatars%2Fava_0015-72.png",
            "first_name": "",
            "real_name": "Osvaldo Ramirez",
            "display_name": "Osvaldo Ramirez",
            "team": "TJH5YU202",
            "name": "ramirezosvaldo",
            "is_restricted": false,
            "is_ultra_restricted": false
        },
        "blocks": [
            {
                "type": "rich_text",
                "block_id": "DXW",
                "elements": [
                    {
                        "type": "rich_text_section",
                        "elements": [
                            {
                                "type": "text",
                                "text": "No había dinero para comprar licencia de windows ?"
                            }
                        ]
                    }
                ]
            }
        ]
    },
    {
        "client_msg_id": "ffe1d4e7-d38d-4d01-87ca-2cceba8a779e",
        "type": "message",
        "text": "trabaja para grandes banco que usan unix",
        "user": "UM81W8B0Q",
        "ts": "1585166390.012300",
        "team": "TJH5YU202",
        "user_team": "TJH5YU202",
        "source_team": "TJH5YU202",
        "user_profile": {
            "avatar_hash": "gab9279ee8c0",
            "image_72": "https:\/\/secure.gravatar.com\/avatar\/73ab9279ee8c00f66ce4904d30146c8f.jpg?s=72&d=https%3A%2F%2Fa.slack-edge.com%2Fdf10d%2Fimg%2Favatars%2Fava_0010-72.png",
            "first_name": "",
            "real_name": "Angel Pais",
            "display_name": "Angel Pais",
            "team": "TJH5YU202",
            "name": "amigosam",
            "is_restricted": false,
            "is_ultra_restricted": false
        },
        "blocks": [
            {
                "type": "rich_text",
                "block_id": "sPF",
                "elements": [
                    {
                        "type": "rich_text_section",
                        "elements": [
                            {
                                "type": "text",
                                "text": "trabaja para grandes banco que usan unix"
                            }
                        ]
                    }
                ]
            }
        ]
    },
    {
        "client_msg_id": "d6425034-74f2-447c-a0e9-b7bac67066ff",
        "type": "message",
        "text": "no le interesa la mierda esa de güindow$",
        "user": "UM81W8B0Q",
        "ts": "1585166406.012800",
        "team": "TJH5YU202",
        "user_team": "TJH5YU202",
        "source_team": "TJH5YU202",
        "user_profile": {
            "avatar_hash": "gab9279ee8c0",
            "image_72": "https:\/\/secure.gravatar.com\/avatar\/73ab9279ee8c00f66ce4904d30146c8f.jpg?s=72&d=https%3A%2F%2Fa.slack-edge.com%2Fdf10d%2Fimg%2Favatars%2Fava_0010-72.png",
            "first_name": "",
            "real_name": "Angel Pais",
            "display_name": "Angel Pais",
            "team": "TJH5YU202",
            "name": "amigosam",
            "is_restricted": false,
            "is_ultra_restricted": false
        },
        "blocks": [
            {
                "type": "rich_text",
                "block_id": "xRgZ",
                "elements": [
                    {
                        "type": "rich_text_section",
                        "elements": [
                            {
                                "type": "text",
                                "text": "no le interesa la mierda esa de güindow$"
                            }
                        ]
                    }
                ]
            }
        ]
    },
    {
        "client_msg_id": "7587c18c-eae3-45db-841f-2956dc0598d4",
        "type": "message",
        "text": "jajajaj, ya ves por eso eres grosero y nadien te quiere amigo (Yo se te aguanto)",
        "user": "UJUSD6VB2",
        "ts": "1585166436.013300",
        "team": "TJH5YU202",
        "user_team": "TJH5YU202",
        "source_team": "TJH5YU202",
        "user_profile": {
            "avatar_hash": "g1677a02d0b6",
            "image_72": "https:\/\/secure.gravatar.com\/avatar\/bb1677a02d0b69ba91eb245090c7c83a.jpg?s=72&d=https%3A%2F%2Fa.slack-edge.com%2Fdf10d%2Fimg%2Favatars%2Fava_0015-72.png",
            "first_name": "",
            "real_name": "Osvaldo Ramirez",
            "display_name": "Osvaldo Ramirez",
            "team": "TJH5YU202",
            "name": "ramirezosvaldo",
            "is_restricted": false,
            "is_ultra_restricted": false
        },
        "blocks": [
            {
                "type": "rich_text",
                "block_id": "ieH",
                "elements": [
                    {
                        "type": "rich_text_section",
                        "elements": [
                            {
                                "type": "text",
                                "text": "jajajaj, ya ves por eso eres grosero y nadien te quiere amigo (Yo se te aguanto)"
                            }
                        ]
                    }
                ]
            }
        ]
    },
    {
        "client_msg_id": "9d6a579a-b283-405b-b7a5-08a1832c0ab9",
        "type": "message",
        "text": "sniffffffffffffffffff",
        "user": "UM81W8B0Q",
        "ts": "1585166458.013600",
        "team": "TJH5YU202",
        "user_team": "TJH5YU202",
        "source_team": "TJH5YU202",
        "user_profile": {
            "avatar_hash": "gab9279ee8c0",
            "image_72": "https:\/\/secure.gravatar.com\/avatar\/73ab9279ee8c00f66ce4904d30146c8f.jpg?s=72&d=https%3A%2F%2Fa.slack-edge.com%2Fdf10d%2Fimg%2Favatars%2Fava_0010-72.png",
            "first_name": "",
            "real_name": "Angel Pais",
            "display_name": "Angel Pais",
            "team": "TJH5YU202",
            "name": "amigosam",
            "is_restricted": false,
            "is_ultra_restricted": false
        },
        "blocks": [
            {
                "type": "rich_text",
                "block_id": "JRn",
                "elements": [
                    {
                        "type": "rich_text_section",
                        "elements": [
                            {
                                "type": "text",
                                "text": "sniffffffffffffffffff"
                            }
                        ]
                    }
                ]
            }
        ]
    },
    {
        "client_msg_id": "9e6b379a-00e3-41b8-8f9a-70b89aa8bb73",
        "type": "message",
        "text": "me disculpo por haber dicho windows en publico",
        "user": "UM81W8B0Q",
        "ts": "1585166483.014100",
        "team": "TJH5YU202",
        "user_team": "TJH5YU202",
        "source_team": "TJH5YU202",
        "user_profile": {
            "avatar_hash": "gab9279ee8c0",
            "image_72": "https:\/\/secure.gravatar.com\/avatar\/73ab9279ee8c00f66ce4904d30146c8f.jpg?s=72&d=https%3A%2F%2Fa.slack-edge.com%2Fdf10d%2Fimg%2Favatars%2Fava_0010-72.png",
            "first_name": "",
            "real_name": "Angel Pais",
            "display_name": "Angel Pais",
            "team": "TJH5YU202",
            "name": "amigosam",
            "is_restricted": false,
            "is_ultra_restricted": false
        },
        "blocks": [
            {
                "type": "rich_text",
                "block_id": "MOM=8",
                "elements": [
                    {
                        "type": "rich_text_section",
                        "elements": [
                            {
                                "type": "text",
                                "text": "me disculpo por haber dicho windows en publico"
                            }
                        ]
                    }
                ]
            }
        ]
    },
    {
        "client_msg_id": "f49168f6-e8b2-402b-ae26-fae05392bab7",
        "type": "message",
        "text": "Ultima y me voy druzus == Przemek?",
        "user": "UJUSD6VB2",
        "ts": "1585166501.014400",
        "team": "TJH5YU202",
        "user_team": "TJH5YU202",
        "source_team": "TJH5YU202",
        "user_profile": {
            "avatar_hash": "g1677a02d0b6",
            "image_72": "https:\/\/secure.gravatar.com\/avatar\/bb1677a02d0b69ba91eb245090c7c83a.jpg?s=72&d=https%3A%2F%2Fa.slack-edge.com%2Fdf10d%2Fimg%2Favatars%2Fava_0015-72.png",
            "first_name": "",
            "real_name": "Osvaldo Ramirez",
            "display_name": "Osvaldo Ramirez",
            "team": "TJH5YU202",
            "name": "ramirezosvaldo",
            "is_restricted": false,
            "is_ultra_restricted": false
        },
        "blocks": [
            {
                "type": "rich_text",
                "block_id": "nghn",
                "elements": [
                    {
                        "type": "rich_text_section",
                        "elements": [
                            {
                                "type": "text",
                                "text": "Ultima y me voy druzus == Przemek?"
                            }
                        ]
                    }
                ]
            }
        ]
    },
    {
        "client_msg_id": "2576847f-024e-4e3f-b62f-c7bc5f872f84",
        "type": "message",
        "text": "sip",
        "user": "UM81W8B0Q",
        "ts": "1585166507.014600",
        "team": "TJH5YU202",
        "user_team": "TJH5YU202",
        "source_team": "TJH5YU202",
        "user_profile": {
            "avatar_hash": "gab9279ee8c0",
            "image_72": "https:\/\/secure.gravatar.com\/avatar\/73ab9279ee8c00f66ce4904d30146c8f.jpg?s=72&d=https%3A%2F%2Fa.slack-edge.com%2Fdf10d%2Fimg%2Favatars%2Fava_0010-72.png",
            "first_name": "",
            "real_name": "Angel Pais",
            "display_name": "Angel Pais",
            "team": "TJH5YU202",
            "name": "amigosam",
            "is_restricted": false,
            "is_ultra_restricted": false
        },
        "blocks": [
            {
                "type": "rich_text",
                "block_id": "844d",
                "elements": [
                    {
                        "type": "rich_text_section",
                        "elements": [
                            {
                                "type": "text",
                                "text": "sip"
                            }
                        ]
                    }
                ]
            }
        ]
    },
    {
        "client_msg_id": "2d466f20-e855-45c6-be3d-ebbb291d4b2e",
        "type": "message",
        "text": "Venga, ya no les quito mas el tiempo",
        "user": "UJUSD6VB2",
        "ts": "1585166517.014900",
        "team": "TJH5YU202",
        "user_team": "TJH5YU202",
        "source_team": "TJH5YU202",
        "user_profile": {
            "avatar_hash": "g1677a02d0b6",
            "image_72": "https:\/\/secure.gravatar.com\/avatar\/bb1677a02d0b69ba91eb245090c7c83a.jpg?s=72&d=https%3A%2F%2Fa.slack-edge.com%2Fdf10d%2Fimg%2Favatars%2Fava_0015-72.png",
            "first_name": "",
            "real_name": "Osvaldo Ramirez",
            "display_name": "Osvaldo Ramirez",
            "team": "TJH5YU202",
            "name": "ramirezosvaldo",
            "is_restricted": false,
            "is_ultra_restricted": false
        },
        "blocks": [
            {
                "type": "rich_text",
                "block_id": "GDpVc",
                "elements": [
                    {
                        "type": "rich_text_section",
                        "elements": [
                            {
                                "type": "text",
                                "text": "Venga, ya no les quito mas el tiempo"
                            }
                        ]
                    }
                ]
            }
        ]
    },
    {
        "client_msg_id": "30fae5cd-3c0a-4a78-8a44-4375471464ac",
        "type": "message",
        "text": "Conejo Torres",
        "user": "UJUSD6VB2",
        "ts": "1585166525.015100",
        "team": "TJH5YU202",
        "user_team": "TJH5YU202",
        "source_team": "TJH5YU202",
        "user_profile": {
            "avatar_hash": "g1677a02d0b6",
            "image_72": "https:\/\/secure.gravatar.com\/avatar\/bb1677a02d0b69ba91eb245090c7c83a.jpg?s=72&d=https%3A%2F%2Fa.slack-edge.com%2Fdf10d%2Fimg%2Favatars%2Fava_0015-72.png",
            "first_name": "",
            "real_name": "Osvaldo Ramirez",
            "display_name": "Osvaldo Ramirez",
            "team": "TJH5YU202",
            "name": "ramirezosvaldo",
            "is_restricted": false,
            "is_ultra_restricted": false
        },
        "blocks": [
            {
                "type": "rich_text",
                "block_id": "Zcgfz",
                "elements": [
                    {
                        "type": "rich_text_section",
                        "elements": [
                            {
                                "type": "text",
                                "text": "Conejo Torres"
                            }
                        ]
                    }
                ]
            }
        ]
    },
    {
        "client_msg_id": "0135c6ab-fe07-4560-b8b2-721817960a63",
        "type": "message",
        "text": "Hemos desviado un monton de trafico al canal varios...un monton de entradas... mientras el principal ni se ha movido.\nA ver si va a tener razón Cristóbal y el principal está lleno de tonterías... Habrá que identificar a los autores que más barrabasadas meten al principal...yo me encargo de investigarlo...",
        "user": "UJULQCHL5",
        "ts": "1585166678.016800",
        "team": "TJH5YU202",
        "user_team": "TJH5YU202",
        "source_team": "TJH5YU202",
        "user_profile": {
            "avatar_hash": "g7659142325a",
            "image_72": "https:\/\/secure.gravatar.com\/avatar\/c87659142325a3facb661d85281ec091.jpg?s=72&d=https%3A%2F%2Fa.slack-edge.com%2Fdf10d%2Fimg%2Favatars%2Fava_0003-72.png",
            "first_name": "",
            "real_name": "Paquito",
            "display_name": "Paquito",
            "team": "TJH5YU202",
            "name": "hmpaquito",
            "is_restricted": false,
            "is_ultra_restricted": false
        },
        "blocks": [
            {
                "type": "rich_text",
                "block_id": "Iy=",
                "elements": [
                    {
                        "type": "rich_text_section",
                        "elements": [
                            {
                                "type": "text",
                                "text": "Hemos desviado un monton de trafico al canal varios...un monton de entradas... mientras el principal ni se ha movido.\nA ver si va a tener razón Cristóbal y el principal está lleno de tonterías... Habrá que identificar a los autores que más barrabasadas meten al principal...yo me encargo de investigarlo..."
                            }
                        ]
                    }
                ]
            }
        ]
    },
    {
        "client_msg_id": "a2ceeefa-ea72-4e91-a613-34f1c214ddb3",
        "type": "message",
        "text": ":grin:",
        "user": "UK28N3CER",
        "ts": "1585167723.017100",
        "team": "TJH5YU202",
        "user_team": "TJH5YU202",
        "source_team": "TJH5YU202",
        "user_profile": {
            "avatar_hash": "bf50b53e78b3",
            "image_72": "https:\/\/avatars.slack-edge.com\/2020-04-13\/1058586385811_bf50b53e78b35822be35_72.png",
            "first_name": "Cesar",
            "real_name": "Cesar SysCtrl Software",
            "display_name": "Cesar SysCtrl Software",
            "team": "TJH5YU202",
            "name": "sysctrlsoftware",
            "is_restricted": false,
            "is_ultra_restricted": false
        },
        "blocks": [
            {
                "type": "rich_text",
                "block_id": "Wt16",
                "elements": [
                    {
                        "type": "rich_text_section",
                        "elements": [
                            {
                                "type": "emoji",
                                "name": "grin"
                            }
                        ]
                    }
                ]
            }
        ]
    },
    {
        "client_msg_id": "d06eb4da-8b75-42c9-8d49-2999faa4efa7",
        "type": "message",
        "text": ":sunglasses:",
        "user": "UMZ3LNV5Z",
        "ts": "1585167941.017300",
        "team": "TJH5YU202",
        "user_team": "TJH5YU202",
        "source_team": "TJH5YU202",
        "user_profile": {
            "avatar_hash": "0705cbdb2dc9",
            "image_72": "https:\/\/avatars.slack-edge.com\/2020-02-24\/967980533062_0705cbdb2dc9cb3644bb_72.jpg",
            "first_name": "Pablo",
            "real_name": "Pablo Botella",
            "display_name": "Pablo Botella",
            "team": "TJH5YU202",
            "name": "pb",
            "is_restricted": false,
            "is_ultra_restricted": false
        },
        "blocks": [
            {
                "type": "rich_text",
                "block_id": "mWtY",
                "elements": [
                    {
                        "type": "rich_text_section",
                        "elements": [
                            {
                                "type": "emoji",
                                "name": "sunglasses"
                            }
                        ]
                    }
                ]
            }
        ]
    },
    {
        "client_msg_id": "695040fd-6c10-4afc-95a2-e300eee144a8",
        "type": "message",
        "text": "Przemek, es como diría Guardiola, el put* amo del corral.\nSu ausencia se ha notado mucho en el core.\nLos proyectos free son malos pagadores... aunque los oseznos non free tampoco es que tiren cohetes.\nCon Vikthor hacían un magnífico equipo. Uno desarrollaba y el otro refactorizaba una y otra vez.\nLo que han hecho con Harbour es la bomba... el otro día, el que parece que ahora hace cabeza del proyecto, puso la manera de montar hrb para AS-400.\nNunca les estaremos suficientemente agradecidos... y tampoco al creador :wink:",
        "user": "UJULQCHL5",
        "ts": "1585169195.021000",
        "team": "TJH5YU202",
        "user_team": "TJH5YU202",
        "source_team": "TJH5YU202",
        "user_profile": {
            "avatar_hash": "g7659142325a",
            "image_72": "https:\/\/secure.gravatar.com\/avatar\/c87659142325a3facb661d85281ec091.jpg?s=72&d=https%3A%2F%2Fa.slack-edge.com%2Fdf10d%2Fimg%2Favatars%2Fava_0003-72.png",
            "first_name": "",
            "real_name": "Paquito",
            "display_name": "Paquito",
            "team": "TJH5YU202",
            "name": "hmpaquito",
            "is_restricted": false,
            "is_ultra_restricted": false
        },
        "blocks": [
            {
                "type": "rich_text",
                "block_id": "S4IlL",
                "elements": [
                    {
                        "type": "rich_text_section",
                        "elements": [
                            {
                                "type": "text",
                                "text": "Przemek, es como diría Guardiola, el put* amo del corral.\nSu ausencia se ha notado mucho en el core.\nLos proyectos free son malos pagadores... aunque los oseznos non free tampoco es que tiren cohetes.\nCon Vikthor hacían un magnífico equipo. Uno desarrollaba y el otro refactorizaba una y otra vez.\nLo que han hecho con Harbour es la bomba... el otro día, el que parece que ahora hace cabeza del proyecto, puso la manera de montar hrb para AS-400.\nNunca les estaremos suficientemente agradecidos... y tampoco al creador "
                            },
                            {
                                "type": "emoji",
                                "name": "wink"
                            }
                        ]
                    }
                ]
            }
        ]
    },
    {
        "client_msg_id": "d294649f-61de-450f-84d2-5cf5ceb3d479",
        "type": "message",
        "text": "Dios ?",
        "user": "UM81W8B0Q",
        "ts": "1585169404.021300",
        "team": "TJH5YU202",
        "user_team": "TJH5YU202",
        "source_team": "TJH5YU202",
        "user_profile": {
            "avatar_hash": "gab9279ee8c0",
            "image_72": "https:\/\/secure.gravatar.com\/avatar\/73ab9279ee8c00f66ce4904d30146c8f.jpg?s=72&d=https%3A%2F%2Fa.slack-edge.com%2Fdf10d%2Fimg%2Favatars%2Fava_0010-72.png",
            "first_name": "",
            "real_name": "Angel Pais",
            "display_name": "Angel Pais",
            "team": "TJH5YU202",
            "name": "amigosam",
            "is_restricted": false,
            "is_ultra_restricted": false
        },
        "blocks": [
            {
                "type": "rich_text",
                "block_id": "tbiO",
                "elements": [
                    {
                        "type": "rich_text_section",
                        "elements": [
                            {
                                "type": "text",
                                "text": "Dios ?"
                            }
                        ]
                    }
                ]
            }
        ]
    },
    {
        "client_msg_id": "8a913725-4548-4d1c-aefd-f2ce961ab727",
        "type": "message",
        "text": ":joy:",
        "user": "UM81W8B0Q",
        "ts": "1585169434.021500",
        "team": "TJH5YU202",
        "user_team": "TJH5YU202",
        "source_team": "TJH5YU202",
        "user_profile": {
            "avatar_hash": "gab9279ee8c0",
            "image_72": "https:\/\/secure.gravatar.com\/avatar\/73ab9279ee8c00f66ce4904d30146c8f.jpg?s=72&d=https%3A%2F%2Fa.slack-edge.com%2Fdf10d%2Fimg%2Favatars%2Fava_0010-72.png",
            "first_name": "",
            "real_name": "Angel Pais",
            "display_name": "Angel Pais",
            "team": "TJH5YU202",
            "name": "amigosam",
            "is_restricted": false,
            "is_ultra_restricted": false
        },
        "blocks": [
            {
                "type": "rich_text",
                "block_id": "r4l",
                "elements": [
                    {
                        "type": "rich_text_section",
                        "elements": [
                            {
                                "type": "emoji",
                                "name": "joy"
                            }
                        ]
                    }
                ]
            }
        ]
    },
    {
        "client_msg_id": "4458678c-1a87-48d4-adc6-412d38d4b55b",
        "type": "message",
        "text": "jajajajaja País... eres la bomba mon ami",
        "user": "UJULQCHL5",
        "ts": "1585169460.022000",
        "team": "TJH5YU202",
        "user_team": "TJH5YU202",
        "source_team": "TJH5YU202",
        "user_profile": {
            "avatar_hash": "g7659142325a",
            "image_72": "https:\/\/secure.gravatar.com\/avatar\/c87659142325a3facb661d85281ec091.jpg?s=72&d=https%3A%2F%2Fa.slack-edge.com%2Fdf10d%2Fimg%2Favatars%2Fava_0003-72.png",
            "first_name": "",
            "real_name": "Paquito",
            "display_name": "Paquito",
            "team": "TJH5YU202",
            "name": "hmpaquito",
            "is_restricted": false,
            "is_ultra_restricted": false
        },
        "blocks": [
            {
                "type": "rich_text",
                "block_id": "=Qy",
                "elements": [
                    {
                        "type": "rich_text_section",
                        "elements": [
                            {
                                "type": "text",
                                "text": "jajajajaja País... eres la bomba mon ami"
                            }
                        ]
                    }
                ]
            }
        ]
    }
]