[
    {
        "client_msg_id": "3d47e2d3-5d28-4288-9973-326fa1d040d7",
        "type": "message",
        "text": "Lectura de excels sin excel instalado. Sólo lee datos, no formato. Me parece muy buena cosa\n\n<https:\/\/groups.google.com\/forum\/#!topic\/harbour-users\/Re0raFaHvLw>",
        "user": "UJULQCHL5",
        "ts": "1586941305.145300",
        "team": "TJH5YU202",
        "user_team": "TJH5YU202",
        "source_team": "TJH5YU202",
        "user_profile": {
            "avatar_hash": "g7659142325a",
            "image_72": "https:\/\/secure.gravatar.com\/avatar\/c87659142325a3facb661d85281ec091.jpg?s=72&d=https%3A%2F%2Fa.slack-edge.com%2Fdf10d%2Fimg%2Favatars%2Fava_0003-72.png",
            "first_name": "",
            "real_name": "Paquito",
            "display_name": "Paquito",
            "team": "TJH5YU202",
            "name": "hmpaquito",
            "is_restricted": false,
            "is_ultra_restricted": false
        },
        "blocks": [
            {
                "type": "rich_text",
                "block_id": "eEfx",
                "elements": [
                    {
                        "type": "rich_text_section",
                        "elements": [
                            {
                                "type": "text",
                                "text": "Lectura de excels sin excel instalado. Sólo lee datos, no formato. Me parece muy buena cosa\n\n"
                            },
                            {
                                "type": "link",
                                "url": "https:\/\/groups.google.com\/forum\/#!topic\/harbour-users\/Re0raFaHvLw"
                            }
                        ]
                    }
                ]
            }
        ]
    },
    {
        "client_msg_id": "4546eb3c-ff00-47cf-8da9-7a7f13ea8af1",
        "type": "message",
        "text": "No lo probe, pero se ve muyyy bueno",
        "user": "UJRQZMTAM",
        "ts": "1586945732.145800",
        "team": "TJH5YU202",
        "user_team": "TJH5YU202",
        "source_team": "TJH5YU202",
        "user_profile": {
            "avatar_hash": "0d8c567df084",
            "image_72": "https:\/\/avatars.slack-edge.com\/2019-11-22\/834908722243_0d8c567df084bf59d639_72.png",
            "first_name": "Diego",
            "real_name": "Diego F",
            "display_name": "Diego F",
            "team": "TJH5YU202",
            "name": "diegohfazio",
            "is_restricted": false,
            "is_ultra_restricted": false
        },
        "blocks": [
            {
                "type": "rich_text",
                "block_id": "M0xF",
                "elements": [
                    {
                        "type": "rich_text_section",
                        "elements": [
                            {
                                "type": "text",
                                "text": "No lo probe, pero se ve muyyy bueno"
                            }
                        ]
                    }
                ]
            }
        ]
    },
    {
        "client_msg_id": "c7f86c9b-b134-408c-9ff0-85fdceea49aa",
        "type": "message",
        "text": "Porqué los programadores de Europa del Este son mas inteligentes que nosotros ? Será algo que les dan de comer ? O los humos de Chernobil...",
        "user": "UM81W8B0Q",
        "ts": "1586950742.147000",
        "team": "TJH5YU202",
        "user_team": "TJH5YU202",
        "source_team": "TJH5YU202",
        "user_profile": {
            "avatar_hash": "gab9279ee8c0",
            "image_72": "https:\/\/secure.gravatar.com\/avatar\/73ab9279ee8c00f66ce4904d30146c8f.jpg?s=72&d=https%3A%2F%2Fa.slack-edge.com%2Fdf10d%2Fimg%2Favatars%2Fava_0010-72.png",
            "first_name": "",
            "real_name": "Angel Pais",
            "display_name": "Angel Pais",
            "team": "TJH5YU202",
            "name": "amigosam",
            "is_restricted": false,
            "is_ultra_restricted": false
        },
        "blocks": [
            {
                "type": "rich_text",
                "block_id": "tqh",
                "elements": [
                    {
                        "type": "rich_text_section",
                        "elements": [
                            {
                                "type": "text",
                                "text": "Porqué los programadores de Europa del Este son mas inteligentes que nosotros ? Será algo que les dan de comer ? O los humos de Chernobil..."
                            }
                        ]
                    }
                ]
            }
        ]
    },
    {
        "client_msg_id": "8702c70d-72e7-4781-86bd-099e59f19fc8",
        "type": "message",
        "text": "Respiran eso y se convierten en metahumanos.",
        "user": "UM81W8B0Q",
        "ts": "1586950784.147400",
        "team": "TJH5YU202",
        "user_team": "TJH5YU202",
        "source_team": "TJH5YU202",
        "user_profile": {
            "avatar_hash": "gab9279ee8c0",
            "image_72": "https:\/\/secure.gravatar.com\/avatar\/73ab9279ee8c00f66ce4904d30146c8f.jpg?s=72&d=https%3A%2F%2Fa.slack-edge.com%2Fdf10d%2Fimg%2Favatars%2Fava_0010-72.png",
            "first_name": "",
            "real_name": "Angel Pais",
            "display_name": "Angel Pais",
            "team": "TJH5YU202",
            "name": "amigosam",
            "is_restricted": false,
            "is_ultra_restricted": false
        },
        "blocks": [
            {
                "type": "rich_text",
                "block_id": "OwSHt",
                "elements": [
                    {
                        "type": "rich_text_section",
                        "elements": [
                            {
                                "type": "text",
                                "text": "Respiran eso y se convierten en metahumanos."
                            }
                        ]
                    }
                ]
            }
        ]
    },
    {
        "client_msg_id": "bd760dbd-adbb-444f-b20e-fbb308f86a70",
        "type": "message",
        "text": "Según parece los asiaticos, al menos del sudeste asiatico también son más listos que los blancos... (excepción hecha de big, linares, andrew y uno que conozco que vive cerca de la patagonia)\nsolo hay que ver a Corea del Sur. Da sopas en nivel académico.\nTerminaremos haciéndoles chanclas",
        "user": "UJULQCHL5",
        "ts": "1586952583.149600",
        "team": "TJH5YU202",
        "user_team": "TJH5YU202",
        "source_team": "TJH5YU202",
        "user_profile": {
            "avatar_hash": "g7659142325a",
            "image_72": "https:\/\/secure.gravatar.com\/avatar\/c87659142325a3facb661d85281ec091.jpg?s=72&d=https%3A%2F%2Fa.slack-edge.com%2Fdf10d%2Fimg%2Favatars%2Fava_0003-72.png",
            "first_name": "",
            "real_name": "Paquito",
            "display_name": "Paquito",
            "team": "TJH5YU202",
            "name": "hmpaquito",
            "is_restricted": false,
            "is_ultra_restricted": false
        },
        "blocks": [
            {
                "type": "rich_text",
                "block_id": "B++",
                "elements": [
                    {
                        "type": "rich_text_section",
                        "elements": [
                            {
                                "type": "text",
                                "text": "Según parece los asiaticos, al menos del sudeste asiatico también son más listos que los blancos... (excepción hecha de big, linares, andrew y uno que conozco que vive cerca de la patagonia)\nsolo hay que ver a Corea del Sur. Da sopas en nivel académico.\nTerminaremos haciéndoles chanclas"
                            }
                        ]
                    }
                ]
            }
        ]
    },
    {
        "client_msg_id": "72f7ad52-4366-45bd-8927-870e0588bf63",
        "type": "message",
        "text": "nivel académico ≠ inteligencia",
        "user": "UNAHBRTFA",
        "ts": "1586952636.149900",
        "team": "TJH5YU202",
        "user_team": "TJH5YU202",
        "source_team": "TJH5YU202",
        "user_profile": {
            "avatar_hash": "g3d2a3f4c28c",
            "image_72": "https:\/\/secure.gravatar.com\/avatar\/23d2a3f4c28cebb4cf07e48d02620517.jpg?s=72&d=https%3A%2F%2Fa.slack-edge.com%2Fdf10d%2Fimg%2Favatars%2Fava_0020-72.png",
            "first_name": "Andreu",
            "real_name": "Andreu Botella",
            "display_name": "Andreu Botella",
            "team": "TJH5YU202",
            "name": "andreu.132",
            "is_restricted": false,
            "is_ultra_restricted": false
        },
        "blocks": [
            {
                "type": "rich_text",
                "block_id": "2eSAw",
                "elements": [
                    {
                        "type": "rich_text_section",
                        "elements": [
                            {
                                "type": "text",
                                "text": "nivel académico ≠ inteligencia"
                            }
                        ]
                    }
                ]
            }
        ],
        "thread_ts": "1586952636.149900",
        "reply_count": 1,
        "reply_users_count": 1,
        "latest_reply": "1586953762.159100",
        "reply_users": [
            "UJRQZMTAM"
        ],
        "replies": [
            {
                "user": "UJRQZMTAM",
                "ts": "1586953762.159100"
            }
        ],
        "subscribed": false
    },
    {
        "client_msg_id": "bcf2e511-72ec-4040-afda-15149a81a417",
        "type": "message",
        "text": "Y la inteligencia es una medida multivariable, que no se puede medir con un único test",
        "user": "UNAHBRTFA",
        "ts": "1586952768.151000",
        "team": "TJH5YU202",
        "user_team": "TJH5YU202",
        "source_team": "TJH5YU202",
        "user_profile": {
            "avatar_hash": "g3d2a3f4c28c",
            "image_72": "https:\/\/secure.gravatar.com\/avatar\/23d2a3f4c28cebb4cf07e48d02620517.jpg?s=72&d=https%3A%2F%2Fa.slack-edge.com%2Fdf10d%2Fimg%2Favatars%2Fava_0020-72.png",
            "first_name": "Andreu",
            "real_name": "Andreu Botella",
            "display_name": "Andreu Botella",
            "team": "TJH5YU202",
            "name": "andreu.132",
            "is_restricted": false,
            "is_ultra_restricted": false
        },
        "edited": {
            "user": "UNAHBRTFA",
            "ts": "1586952807.000000"
        },
        "blocks": [
            {
                "type": "rich_text",
                "block_id": "uXbFm",
                "elements": [
                    {
                        "type": "rich_text_section",
                        "elements": [
                            {
                                "type": "text",
                                "text": "Y la inteligencia es una medida multivariable, que no se puede medir con un único test"
                            }
                        ]
                    }
                ]
            }
        ]
    },
    {
        "client_msg_id": "50cbfa73-123e-46c4-a8d5-a3c2c0737f25",
        "type": "message",
        "text": "Los asiáticos son otra categoría.",
        "user": "UM81W8B0Q",
        "ts": "1586952842.151900",
        "team": "TJH5YU202",
        "user_team": "TJH5YU202",
        "source_team": "TJH5YU202",
        "user_profile": {
            "avatar_hash": "gab9279ee8c0",
            "image_72": "https:\/\/secure.gravatar.com\/avatar\/73ab9279ee8c00f66ce4904d30146c8f.jpg?s=72&d=https%3A%2F%2Fa.slack-edge.com%2Fdf10d%2Fimg%2Favatars%2Fava_0010-72.png",
            "first_name": "",
            "real_name": "Angel Pais",
            "display_name": "Angel Pais",
            "team": "TJH5YU202",
            "name": "amigosam",
            "is_restricted": false,
            "is_ultra_restricted": false
        },
        "blocks": [
            {
                "type": "rich_text",
                "block_id": "fRZVN",
                "elements": [
                    {
                        "type": "rich_text_section",
                        "elements": [
                            {
                                "type": "text",
                                "text": "Los asiáticos son otra categoría."
                            }
                        ]
                    }
                ]
            }
        ]
    },
    {
        "client_msg_id": "b0c6e79e-b5ca-4427-b48d-b228a5cee54a",
        "type": "message",
        "text": "No por mejores o peores sino que no son comparables.",
        "user": "UM81W8B0Q",
        "ts": "1586953291.153400",
        "team": "TJH5YU202",
        "user_team": "TJH5YU202",
        "source_team": "TJH5YU202",
        "user_profile": {
            "avatar_hash": "gab9279ee8c0",
            "image_72": "https:\/\/secure.gravatar.com\/avatar\/73ab9279ee8c00f66ce4904d30146c8f.jpg?s=72&d=https%3A%2F%2Fa.slack-edge.com%2Fdf10d%2Fimg%2Favatars%2Fava_0010-72.png",
            "first_name": "",
            "real_name": "Angel Pais",
            "display_name": "Angel Pais",
            "team": "TJH5YU202",
            "name": "amigosam",
            "is_restricted": false,
            "is_ultra_restricted": false
        },
        "blocks": [
            {
                "type": "rich_text",
                "block_id": "IKXRq",
                "elements": [
                    {
                        "type": "rich_text_section",
                        "elements": [
                            {
                                "type": "text",
                                "text": "No por mejores o peores sino que no son comparables."
                            }
                        ]
                    }
                ]
            }
        ]
    },
    {
        "client_msg_id": "ecc05525-6c96-4e49-b953-930db4be63f6",
        "type": "message",
        "text": "Ya que tienen otro juego de valores y cultura,",
        "user": "UM81W8B0Q",
        "ts": "1586953305.154000",
        "team": "TJH5YU202",
        "user_team": "TJH5YU202",
        "source_team": "TJH5YU202",
        "user_profile": {
            "avatar_hash": "gab9279ee8c0",
            "image_72": "https:\/\/secure.gravatar.com\/avatar\/73ab9279ee8c00f66ce4904d30146c8f.jpg?s=72&d=https%3A%2F%2Fa.slack-edge.com%2Fdf10d%2Fimg%2Favatars%2Fava_0010-72.png",
            "first_name": "",
            "real_name": "Angel Pais",
            "display_name": "Angel Pais",
            "team": "TJH5YU202",
            "name": "amigosam",
            "is_restricted": false,
            "is_ultra_restricted": false
        },
        "blocks": [
            {
                "type": "rich_text",
                "block_id": "2V8",
                "elements": [
                    {
                        "type": "rich_text_section",
                        "elements": [
                            {
                                "type": "text",
                                "text": "Ya que tienen otro juego de valores y cultura,"
                            }
                        ]
                    }
                ]
            }
        ]
    },
    {
        "client_msg_id": "1977ac54-dc4b-48b6-b133-bf8958710671",
        "type": "message",
        "text": "Era joven, más jove aún cuando leí aquel libro de José Antonio Marina, sobre la inteligencia emocional. Éste, Marina, se basaba en los estudios de Daniel Goleman sobre el mismo tema. La moraleja es que cada uno es inteligente según el ambiente. Un bosquímano no hace nada en la ciudad. Un urbanita no hace nada en medio del Kalahari.\n\n<https:\/\/es.wikipedia.org\/wiki\/Daniel_Goleman>\n\nPero el nivel académico eso sí que es atribuible a la organización social y al esfuerzo personal. No sé quien y cuando alguien decía que la educación de un niño depende no es labor de unos pocos, sino de toda la sociedad. Por supuesto: la educación en buenos valores, la educación de tener buena educación y no ser un zascandil... son cosas que se aprenden con el ejemplo más que con la imposición",
        "user": "UJULQCHL5",
        "ts": "1586953419.156200",
        "team": "TJH5YU202",
        "user_team": "TJH5YU202",
        "source_team": "TJH5YU202",
        "user_profile": {
            "avatar_hash": "g7659142325a",
            "image_72": "https:\/\/secure.gravatar.com\/avatar\/c87659142325a3facb661d85281ec091.jpg?s=72&d=https%3A%2F%2Fa.slack-edge.com%2Fdf10d%2Fimg%2Favatars%2Fava_0003-72.png",
            "first_name": "",
            "real_name": "Paquito",
            "display_name": "Paquito",
            "team": "TJH5YU202",
            "name": "hmpaquito",
            "is_restricted": false,
            "is_ultra_restricted": false
        },
        "attachments": [
            {
                "image_url": "https:\/\/upload.wikimedia.org\/wikipedia\/commons\/thumb\/9\/9e\/Daniel_Goleman_-_World_Economic_Forum_Annual_Meeting_2011.jpg\/1200px-Daniel_Goleman_-_World_Economic_Forum_Annual_Meeting_2011.jpg",
                "image_width": 1200,
                "image_height": 1748,
                "image_bytes": 342274,
                "title": "Daniel Goleman",
                "title_link": "https:\/\/es.wikipedia.org\/wiki\/Daniel_Goleman",
                "from_url": "https:\/\/es.wikipedia.org\/wiki\/Daniel_Goleman",
                "author_name": "Wikipedia",
                "author_link": "https:\/\/es.wikipedia.org\/",
                "text": "Daniel Goleman (Stockton, 7 de marzo de 1946)[1]​es un psicólogo, periodista y escritor estadounidense. Adquirió fama mundial a partir de la publicación de su libro Emotional Intelligence (en español Inteligencia emocional) en 1995.[2]​\nEditado por primera vez en 1995, el libro Inteligencia emocional se mantuvo durante un año y medio en la lista de los libros más vendidos del The New York Times. Según la página web oficial de Daniel Goleman, se han vendido, hasta 2006, alrededor de 5.000.000 de ejemplares en 30  idiomas, y ha sido best seller en muchos países. En 2009 se publicó en español su libro Inteligencia emocional. Daniel Goleman posteriormente también escribió Inteligencia social, la segunda parte del libro Inteligencia emocional.\n\nDaniel Goleman nació y se crio en Stockton, California[3]​, hijo de los profesores universitarios Fay Goleman e Irving Goleman. Fay Goleman fue profesora de psociología en la Universidad del Pacífico mientras que Irving fue profesor de humanidades en el San Joaquín Delta College[4]​.\nDaniel Goleman estudió antropología en la Universidad de Amherst, Massachusetts para posteriormente obtener su doctorado en la Universidad de Harvard, también en Massachusetts[3]​.\nTrabajó como redactor de la sección de ciencias de la conducta y del cerebro del periódico The New York Times.[5]​ Ha sido editor de la revista 'Psychology Today' y profesor de psicología en la Universidad de Harvard, en la que obtuvo su doctorado.\nGoleman fue co-fundador de la Collaborative for Academic, Social and Emotional Learning (Sociedad para el Aprendizaje Académico, Social y Emocional) en el Centro de Estudios Infantiles de la Universidad de Yale (posteriormente en la Universidad de Illinois, en Chicago), cuya misión es ayudar a las escuelas a introducir cursos de educación emocional.",
                "fallback": "wikipedia: Daniel Goleman",
                "service_icon": "https:\/\/a.slack-edge.com\/80588\/img\/unfurl_icons\/wikipedia.png",
                "id": 1,
                "original_url": "https:\/\/es.wikipedia.org\/wiki\/Daniel_Goleman"
            }
        ],
        "blocks": [
            {
                "type": "rich_text",
                "block_id": "JW6A",
                "elements": [
                    {
                        "type": "rich_text_section",
                        "elements": [
                            {
                                "type": "text",
                                "text": "Era joven, más jove aún cuando leí aquel libro de José Antonio Marina, sobre la inteligencia emocional. Éste, Marina, se basaba en los estudios de Daniel Goleman sobre el mismo tema. La moraleja es que cada uno es inteligente según el ambiente. Un bosquímano no hace nada en la ciudad. Un urbanita no hace nada en medio del Kalahari.\n\n"
                            },
                            {
                                "type": "link",
                                "url": "https:\/\/es.wikipedia.org\/wiki\/Daniel_Goleman"
                            },
                            {
                                "type": "text",
                                "text": "\n\nPero el nivel académico eso sí que es atribuible a la organización social y al esfuerzo personal. No sé quien y cuando alguien decía que la educación de un niño depende no es labor de unos pocos, sino de toda la sociedad. Por supuesto: la educación en buenos valores, la educación de tener buena educación y no ser un zascandil... son cosas que se aprenden con el ejemplo más que con la imposición"
                            }
                        ]
                    }
                ]
            }
        ],
        "reactions": [
            {
                "name": "+1",
                "users": [
                    "UJUJLTWMT"
                ],
                "count": 1
            }
        ]
    },
    {
        "client_msg_id": "8116be5b-40da-42ca-b81c-62040bd005f5",
        "type": "message",
        "text": "Mas inteligentes? Que seria inteligencia?",
        "user": "UJRQZMTAM",
        "ts": "1586953623.158000",
        "team": "TJH5YU202",
        "user_team": "TJH5YU202",
        "source_team": "TJH5YU202",
        "user_profile": {
            "avatar_hash": "0d8c567df084",
            "image_72": "https:\/\/avatars.slack-edge.com\/2019-11-22\/834908722243_0d8c567df084bf59d639_72.png",
            "first_name": "Diego",
            "real_name": "Diego F",
            "display_name": "Diego F",
            "team": "TJH5YU202",
            "name": "diegohfazio",
            "is_restricted": false,
            "is_ultra_restricted": false
        },
        "blocks": [
            {
                "type": "rich_text",
                "block_id": "pCQiw",
                "elements": [
                    {
                        "type": "rich_text_section",
                        "elements": [
                            {
                                "type": "text",
                                "text": "Mas inteligentes? Que seria inteligencia?"
                            }
                        ]
                    }
                ]
            }
        ]
    },
    {
        "client_msg_id": "440da101-a8f2-4d08-84f7-e4fb4c6e46a2",
        "type": "message",
        "text": "Tengo un amigo doctor en matemáticas. Croata de nacimiento, enmedio del régimen de Tito decidió estudiar matemáticas porque \"era lo único que el régimen no manipulaba en el colegio\". Todo lo demás: lengua, geografía, historias eran pasadas por el tamiz ideológico del régimen. Por cierto, fue llegar a España y que lo contrataran en secundaria",
        "user": "UJULQCHL5",
        "ts": "1586953677.159000",
        "team": "TJH5YU202",
        "user_team": "TJH5YU202",
        "source_team": "TJH5YU202",
        "user_profile": {
            "avatar_hash": "g7659142325a",
            "image_72": "https:\/\/secure.gravatar.com\/avatar\/c87659142325a3facb661d85281ec091.jpg?s=72&d=https%3A%2F%2Fa.slack-edge.com%2Fdf10d%2Fimg%2Favatars%2Fava_0003-72.png",
            "first_name": "",
            "real_name": "Paquito",
            "display_name": "Paquito",
            "team": "TJH5YU202",
            "name": "hmpaquito",
            "is_restricted": false,
            "is_ultra_restricted": false
        },
        "blocks": [
            {
                "type": "rich_text",
                "block_id": "Ozxw",
                "elements": [
                    {
                        "type": "rich_text_section",
                        "elements": [
                            {
                                "type": "text",
                                "text": "Tengo un amigo doctor en matemáticas. Croata de nacimiento, enmedio del régimen de Tito decidió estudiar matemáticas porque \"era lo único que el régimen no manipulaba en el colegio\". Todo lo demás: lengua, geografía, historias eran pasadas por el tamiz ideológico del régimen. Por cierto, fue llegar a España y que lo contrataran en secundaria"
                            }
                        ]
                    }
                ]
            }
        ]
    },
    {
        "client_msg_id": "979e9f4d-298d-4c2d-87e0-8df0a40764bf",
        "type": "message",
        "text": "100% de acuerdo",
        "user": "UJRQZMTAM",
        "ts": "1586953762.159100",
        "team": "TJH5YU202",
        "user_team": "TJH5YU202",
        "source_team": "TJH5YU202",
        "user_profile": {
            "avatar_hash": "0d8c567df084",
            "image_72": "https:\/\/avatars.slack-edge.com\/2019-11-22\/834908722243_0d8c567df084bf59d639_72.png",
            "first_name": "Diego",
            "real_name": "Diego F",
            "display_name": "Diego F",
            "team": "TJH5YU202",
            "name": "diegohfazio",
            "is_restricted": false,
            "is_ultra_restricted": false
        },
        "blocks": [
            {
                "type": "rich_text",
                "block_id": "ligG",
                "elements": [
                    {
                        "type": "rich_text_section",
                        "elements": [
                            {
                                "type": "text",
                                "text": "100% de acuerdo"
                            }
                        ]
                    }
                ]
            }
        ],
        "thread_ts": "1586952636.149900",
        "parent_user_id": "UNAHBRTFA"
    }
]