[
    {
        "client_msg_id": "385fd995-f971-4fe0-a023-97594e341c83",
        "type": "message",
        "text": "Bon dia !",
        "user": "UJWR5N32S",
        "ts": "1587713200.216700",
        "team": "TJH5YU202",
        "user_team": "TJH5YU202",
        "source_team": "TJH5YU202",
        "user_profile": {
            "avatar_hash": "273d3745f7ae",
            "image_72": "https:\/\/avatars.slack-edge.com\/2019-05-20\/634344238497_273d3745f7ae1b176b82_72.jpg",
            "first_name": "Charly",
            "real_name": "Charly",
            "display_name": "Charly",
            "team": "TJH5YU202",
            "name": "carles9000",
            "is_restricted": false,
            "is_ultra_restricted": false
        },
        "blocks": [
            {
                "type": "rich_text",
                "block_id": "ZJD",
                "elements": [
                    {
                        "type": "rich_text_section",
                        "elements": [
                            {
                                "type": "text",
                                "text": "Bon dia !"
                            }
                        ]
                    }
                ]
            }
        ]
    },
    {
        "client_msg_id": "cdc7ebcd-f393-4e72-8236-9d4f9f4cdc1c",
        "type": "message",
        "text": "<@UJU3NMK0U> Este es el metodo spaguetti :slightly_smiling_face: . Esta bien estrucuturado pero ya ves el churro que empieza a salir.",
        "user": "UJWR5N32S",
        "ts": "1587713255.217500",
        "team": "TJH5YU202",
        "user_team": "TJH5YU202",
        "source_team": "TJH5YU202",
        "user_profile": {
            "avatar_hash": "273d3745f7ae",
            "image_72": "https:\/\/avatars.slack-edge.com\/2019-05-20\/634344238497_273d3745f7ae1b176b82_72.jpg",
            "first_name": "Charly",
            "real_name": "Charly",
            "display_name": "Charly",
            "team": "TJH5YU202",
            "name": "carles9000",
            "is_restricted": false,
            "is_ultra_restricted": false
        },
        "blocks": [
            {
                "type": "rich_text",
                "block_id": "CRj",
                "elements": [
                    {
                        "type": "rich_text_section",
                        "elements": [
                            {
                                "type": "user",
                                "user_id": "UJU3NMK0U"
                            },
                            {
                                "type": "text",
                                "text": " Este es el metodo spaguetti "
                            },
                            {
                                "type": "emoji",
                                "name": "slightly_smiling_face"
                            },
                            {
                                "type": "text",
                                "text": " . Esta bien estrucuturado pero ya ves el churro que empieza a salir."
                            }
                        ]
                    }
                ]
            }
        ]
    },
    {
        "client_msg_id": "9de224c6-b86e-44d7-adee-afa29e50a0ca",
        "type": "message",
        "text": "Si quereis esta tarde os enseño una simple entrada usando form y como pasa a otra pantalla usando MVC y TWEB",
        "user": "UJWR5N32S",
        "ts": "1587713322.218500",
        "team": "TJH5YU202",
        "user_team": "TJH5YU202",
        "source_team": "TJH5YU202",
        "user_profile": {
            "avatar_hash": "273d3745f7ae",
            "image_72": "https:\/\/avatars.slack-edge.com\/2019-05-20\/634344238497_273d3745f7ae1b176b82_72.jpg",
            "first_name": "Charly",
            "real_name": "Charly",
            "display_name": "Charly",
            "team": "TJH5YU202",
            "name": "carles9000",
            "is_restricted": false,
            "is_ultra_restricted": false
        },
        "blocks": [
            {
                "type": "rich_text",
                "block_id": "XnsE3",
                "elements": [
                    {
                        "type": "rich_text_section",
                        "elements": [
                            {
                                "type": "text",
                                "text": "Si quereis esta tarde os enseño una simple entrada usando form y como pasa a otra pantalla usando MVC y TWEB"
                            }
                        ]
                    }
                ]
            }
        ]
    },
    {
        "client_msg_id": "3bcead41-4bcf-46ac-bbd8-3687e740d039",
        "type": "message",
        "text": "Asi podras comparar una metodologia y la otra",
        "user": "UJWR5N32S",
        "ts": "1587713335.218800",
        "team": "TJH5YU202",
        "user_team": "TJH5YU202",
        "source_team": "TJH5YU202",
        "user_profile": {
            "avatar_hash": "273d3745f7ae",
            "image_72": "https:\/\/avatars.slack-edge.com\/2019-05-20\/634344238497_273d3745f7ae1b176b82_72.jpg",
            "first_name": "Charly",
            "real_name": "Charly",
            "display_name": "Charly",
            "team": "TJH5YU202",
            "name": "carles9000",
            "is_restricted": false,
            "is_ultra_restricted": false
        },
        "blocks": [
            {
                "type": "rich_text",
                "block_id": "igSEZ",
                "elements": [
                    {
                        "type": "rich_text_section",
                        "elements": [
                            {
                                "type": "text",
                                "text": "Asi podras comparar una metodologia y la otra"
                            }
                        ]
                    }
                ]
            }
        ]
    },
    {
        "client_msg_id": "5b756e1e-e392-45eb-abc3-3df42cf16f32",
        "type": "message",
        "text": "Voy a currar. Si quereis q lo explique esta tarde me avisais antes de las 16.30, sino al igual ni aparezco...",
        "user": "UJWR5N32S",
        "ts": "1587713398.220000",
        "team": "TJH5YU202",
        "user_team": "TJH5YU202",
        "source_team": "TJH5YU202",
        "user_profile": {
            "avatar_hash": "273d3745f7ae",
            "image_72": "https:\/\/avatars.slack-edge.com\/2019-05-20\/634344238497_273d3745f7ae1b176b82_72.jpg",
            "first_name": "Charly",
            "real_name": "Charly",
            "display_name": "Charly",
            "team": "TJH5YU202",
            "name": "carles9000",
            "is_restricted": false,
            "is_ultra_restricted": false
        },
        "blocks": [
            {
                "type": "rich_text",
                "block_id": "gkXv",
                "elements": [
                    {
                        "type": "rich_text_section",
                        "elements": [
                            {
                                "type": "text",
                                "text": "Voy a currar. Si quereis q lo explique esta tarde me avisais antes de las 16.30, sino al igual ni aparezco..."
                            }
                        ]
                    }
                ]
            }
        ]
    },
    {
        "client_msg_id": "67455229-8df0-4b53-becc-6c05ce5ea421",
        "type": "message",
        "text": "Si, si. Per mi a les 16:30 perfecte. M'interesa!!!",
        "user": "UJU3NMK0U",
        "ts": "1587716138.221000",
        "team": "TJH5YU202",
        "user_team": "TJH5YU202",
        "source_team": "TJH5YU202",
        "user_profile": {
            "avatar_hash": "48f1b9655122",
            "image_72": "https:\/\/avatars.slack-edge.com\/2019-05-20\/640143784356_48f1b96551220d9fdd4d_72.jpg",
            "first_name": "Xevi",
            "real_name": "Xevi",
            "display_name": "Xevi",
            "team": "TJH5YU202",
            "name": "xevicomas",
            "is_restricted": false,
            "is_ultra_restricted": false
        },
        "blocks": [
            {
                "type": "rich_text",
                "block_id": "VAM",
                "elements": [
                    {
                        "type": "rich_text_section",
                        "elements": [
                            {
                                "type": "text",
                                "text": "Si, si. Per mi a les 16:30 perfecte. M'interesa!!!"
                            }
                        ]
                    }
                ]
            }
        ]
    },
    {
        "client_msg_id": "67a6a7d6-e839-4cb6-abc0-e4e4f9cbe5ec",
        "type": "message",
        "text": "Una duda más, disculpad.\n```cHtml += [&lt;form action=\"{{ Route( 'test1' ) }}\" method=\"GET\"&gt;]\n...\ncHtml += [\t\t&lt;select name=\"select\"&gt;&lt;\/i&gt;]\ncHtml += [\t\t&lt;option value=\"tutor1\"&gt;TWeb tutor1&lt;\/option&gt;]\ncHtml += [\t\t&lt;option value=\"tutor4b\" selected&gt; TWeb tutor4b&lt;\/option&gt;]\ncHtml += [\t\t&lt;option value=\"tutor4d\"&gt; TWeb tutord&lt;\/option&gt;]\ncHtml += [\t\t&lt;option value=\"tutor4g\"&gt; TWeb tutor4g&lt;\/option&gt;]\ncHtml += [\t\t&lt;\/select&gt;]\ncHtml += [\t\t&lt;p&gt;&lt;input type=\"submit\" name=\"action\" value=\"valor seleccionado en el select\"&gt;&lt;\/p&gt;]\n...```\n¿Cómo puedo pasar como valor, el valor del select seleccionado???",
        "user": "UJU3NMK0U",
        "ts": "1587729168.224000",
        "team": "TJH5YU202",
        "user_team": "TJH5YU202",
        "source_team": "TJH5YU202",
        "user_profile": {
            "avatar_hash": "48f1b9655122",
            "image_72": "https:\/\/avatars.slack-edge.com\/2019-05-20\/640143784356_48f1b96551220d9fdd4d_72.jpg",
            "first_name": "Xevi",
            "real_name": "Xevi",
            "display_name": "Xevi",
            "team": "TJH5YU202",
            "name": "xevicomas",
            "is_restricted": false,
            "is_ultra_restricted": false
        },
        "blocks": [
            {
                "type": "rich_text",
                "block_id": "k36",
                "elements": [
                    {
                        "type": "rich_text_section",
                        "elements": [
                            {
                                "type": "text",
                                "text": "Una duda más, disculpad.\n"
                            }
                        ]
                    },
                    {
                        "type": "rich_text_preformatted",
                        "elements": [
                            {
                                "type": "text",
                                "text": "cHtml += [<form action=\"{{ Route( 'test1' ) }}\" method=\"GET\">]\n...\ncHtml += [\t\t<select name=\"select\"><\/i>]\ncHtml += [\t\t<option value=\"tutor1\">TWeb tutor1<\/option>]\ncHtml += [\t\t<option value=\"tutor4b\" selected> TWeb tutor4b<\/option>]\ncHtml += [\t\t<option value=\"tutor4d\"> TWeb tutord<\/option>]\ncHtml += [\t\t<option value=\"tutor4g\"> TWeb tutor4g<\/option>]\ncHtml += [\t\t<\/select>]\ncHtml += [\t\t<p><input type=\"submit\" name=\"action\" value=\"valor seleccionado en el select\"><\/p>]\n..."
                            }
                        ]
                    },
                    {
                        "type": "rich_text_section",
                        "elements": [
                            {
                                "type": "text",
                                "text": "¿Cómo puedo pasar como valor, el valor del select seleccionado???"
                            }
                        ]
                    }
                ]
            }
        ]
    },
    {
        "client_msg_id": "474de6c1-0bc7-4b7b-90a5-25d1fda3ecaa",
        "type": "message",
        "text": "`AP_PostPairs()[\"select\"]`",
        "user": "UNAHBRTFA",
        "ts": "1587729824.225100",
        "team": "TJH5YU202",
        "user_team": "TJH5YU202",
        "source_team": "TJH5YU202",
        "user_profile": {
            "avatar_hash": "g3d2a3f4c28c",
            "image_72": "https:\/\/secure.gravatar.com\/avatar\/23d2a3f4c28cebb4cf07e48d02620517.jpg?s=72&d=https%3A%2F%2Fa.slack-edge.com%2Fdf10d%2Fimg%2Favatars%2Fava_0020-72.png",
            "first_name": "Andreu",
            "real_name": "Andreu Botella",
            "display_name": "Andreu Botella",
            "team": "TJH5YU202",
            "name": "andreu.132",
            "is_restricted": false,
            "is_ultra_restricted": false
        },
        "blocks": [
            {
                "type": "rich_text",
                "block_id": "=3eQ",
                "elements": [
                    {
                        "type": "rich_text_section",
                        "elements": [
                            {
                                "type": "text",
                                "text": "AP_PostPairs()[\"select\"]",
                                "style": {
                                    "code": true
                                }
                            }
                        ]
                    }
                ]
            }
        ]
    },
    {
        "client_msg_id": "198480ae-a103-4e89-a94f-eea66c7d7bc9",
        "type": "message",
        "text": "&lt;input type=\"submit\" name=\"action\" value=AP_PostPairs()[\"select\"] &gt;\nNo me funciona",
        "user": "UJU3NMK0U",
        "ts": "1587737905.225400",
        "team": "TJH5YU202",
        "user_team": "TJH5YU202",
        "source_team": "TJH5YU202",
        "user_profile": {
            "avatar_hash": "48f1b9655122",
            "image_72": "https:\/\/avatars.slack-edge.com\/2019-05-20\/640143784356_48f1b96551220d9fdd4d_72.jpg",
            "first_name": "Xevi",
            "real_name": "Xevi",
            "display_name": "Xevi",
            "team": "TJH5YU202",
            "name": "xevicomas",
            "is_restricted": false,
            "is_ultra_restricted": false
        },
        "blocks": [
            {
                "type": "rich_text",
                "block_id": "Qa=",
                "elements": [
                    {
                        "type": "rich_text_section",
                        "elements": [
                            {
                                "type": "text",
                                "text": "<input type=\"submit\" name=\"action\" value=AP_PostPairs()[\"select\"] >\nNo me funciona"
                            }
                        ]
                    }
                ]
            }
        ]
    },
    {
        "client_msg_id": "e1eeab68-f710-4981-8262-015460ba1bb7",
        "type": "message",
        "text": "ah, no había entendido del todo lo que querías",
        "user": "UNAHBRTFA",
        "ts": "1587737958.226000",
        "team": "TJH5YU202",
        "user_team": "TJH5YU202",
        "source_team": "TJH5YU202",
        "user_profile": {
            "avatar_hash": "g3d2a3f4c28c",
            "image_72": "https:\/\/secure.gravatar.com\/avatar\/23d2a3f4c28cebb4cf07e48d02620517.jpg?s=72&d=https%3A%2F%2Fa.slack-edge.com%2Fdf10d%2Fimg%2Favatars%2Fava_0020-72.png",
            "first_name": "Andreu",
            "real_name": "Andreu Botella",
            "display_name": "Andreu Botella",
            "team": "TJH5YU202",
            "name": "andreu.132",
            "is_restricted": false,
            "is_ultra_restricted": false
        },
        "blocks": [
            {
                "type": "rich_text",
                "block_id": "cw98",
                "elements": [
                    {
                        "type": "rich_text_section",
                        "elements": [
                            {
                                "type": "text",
                                "text": "ah, no había entendido del todo lo que querías"
                            }
                        ]
                    }
                ]
            }
        ]
    },
    {
        "client_msg_id": "e71746c7-0f0d-450f-9550-62b769ce8b7e",
        "type": "message",
        "text": "si quieres que el texto se cambie cuando cambias la seleccion, va a tener que ser en javascript",
        "user": "UNAHBRTFA",
        "ts": "1587738101.226900",
        "team": "TJH5YU202",
        "user_team": "TJH5YU202",
        "source_team": "TJH5YU202",
        "user_profile": {
            "avatar_hash": "g3d2a3f4c28c",
            "image_72": "https:\/\/secure.gravatar.com\/avatar\/23d2a3f4c28cebb4cf07e48d02620517.jpg?s=72&d=https%3A%2F%2Fa.slack-edge.com%2Fdf10d%2Fimg%2Favatars%2Fava_0020-72.png",
            "first_name": "Andreu",
            "real_name": "Andreu Botella",
            "display_name": "Andreu Botella",
            "team": "TJH5YU202",
            "name": "andreu.132",
            "is_restricted": false,
            "is_ultra_restricted": false
        },
        "blocks": [
            {
                "type": "rich_text",
                "block_id": "Xj=4q",
                "elements": [
                    {
                        "type": "rich_text_section",
                        "elements": [
                            {
                                "type": "text",
                                "text": "si quieres que el texto se cambie cuando cambias la seleccion, va a tener que ser en javascript"
                            }
                        ]
                    }
                ]
            }
        ]
    },
    {
        "client_msg_id": "20356037-4354-4afd-9b87-b41dd49022f7",
        "type": "message",
        "text": "el texto o el valor si fuera input type=\"hidden\"",
        "user": "UJU3NMK0U",
        "ts": "1587738190.229000",
        "team": "TJH5YU202",
        "user_team": "TJH5YU202",
        "source_team": "TJH5YU202",
        "user_profile": {
            "avatar_hash": "48f1b9655122",
            "image_72": "https:\/\/avatars.slack-edge.com\/2019-05-20\/640143784356_48f1b96551220d9fdd4d_72.jpg",
            "first_name": "Xevi",
            "real_name": "Xevi",
            "display_name": "Xevi",
            "team": "TJH5YU202",
            "name": "xevicomas",
            "is_restricted": false,
            "is_ultra_restricted": false
        },
        "blocks": [
            {
                "type": "rich_text",
                "block_id": "RCA",
                "elements": [
                    {
                        "type": "rich_text_section",
                        "elements": [
                            {
                                "type": "text",
                                "text": "el texto o el valor si fuera input type=\"hidden\""
                            }
                        ]
                    }
                ]
            }
        ]
    },
    {
        "client_msg_id": "745d27bc-6f62-43ad-bd6c-88c1c92f9b90",
        "type": "message",
        "text": "tengo que hacer esto fuera del slack para no darle a enter antes de tenerlo hecho",
        "user": "UNAHBRTFA",
        "ts": "1587738349.231500",
        "team": "TJH5YU202",
        "user_team": "TJH5YU202",
        "source_team": "TJH5YU202",
        "user_profile": {
            "avatar_hash": "g3d2a3f4c28c",
            "image_72": "https:\/\/secure.gravatar.com\/avatar\/23d2a3f4c28cebb4cf07e48d02620517.jpg?s=72&d=https%3A%2F%2Fa.slack-edge.com%2Fdf10d%2Fimg%2Favatars%2Fava_0020-72.png",
            "first_name": "Andreu",
            "real_name": "Andreu Botella",
            "display_name": "Andreu Botella",
            "team": "TJH5YU202",
            "name": "andreu.132",
            "is_restricted": false,
            "is_ultra_restricted": false
        },
        "blocks": [
            {
                "type": "rich_text",
                "block_id": "=klu",
                "elements": [
                    {
                        "type": "rich_text_section",
                        "elements": [
                            {
                                "type": "text",
                                "text": "tengo que hacer esto fuera del slack para no darle a enter antes de tenerlo hecho"
                            }
                        ]
                    }
                ]
            }
        ]
    },
    {
        "client_msg_id": "4bf3ebf5-cb40-484b-9fbd-edbb95def063",
        "type": "message",
        "text": "&lt;input type=\"submit\" name=\"action\" value={{AP_PostPairs()[\"select\"]}} &gt;",
        "user": "UJN8D8U3B",
        "ts": "1587738439.232100",
        "team": "TJH5YU202",
        "user_team": "TJH5YU202",
        "source_team": "TJH5YU202",
        "user_profile": {
            "avatar_hash": "g92ad2abcc45",
            "image_72": "https:\/\/secure.gravatar.com\/avatar\/8492ad2abcc45ce53969adcf8420acde.jpg?s=72&d=https%3A%2F%2Fa.slack-edge.com%2Fdf10d%2Fimg%2Favatars%2Fava_0008-72.png",
            "first_name": "",
            "real_name": "Antonio Linares",
            "display_name": "Antonio Linares",
            "team": "TJH5YU202",
            "name": "alinares",
            "is_restricted": false,
            "is_ultra_restricted": false
        },
        "blocks": [
            {
                "type": "rich_text",
                "block_id": "lrSd9",
                "elements": [
                    {
                        "type": "rich_text_section",
                        "elements": [
                            {
                                "type": "text",
                                "text": "<input type=\"submit\" name=\"action\" value={{AP_PostPairs()[\"select\"]}} >"
                            }
                        ]
                    }
                ]
            }
        ]
    },
    {
        "client_msg_id": "8134fdf0-da36-4cdc-a22a-3214bc1f368b",
        "type": "message",
        "text": "prueba asi",
        "user": "UJN8D8U3B",
        "ts": "1587738445.232300",
        "team": "TJH5YU202",
        "user_team": "TJH5YU202",
        "source_team": "TJH5YU202",
        "user_profile": {
            "avatar_hash": "g92ad2abcc45",
            "image_72": "https:\/\/secure.gravatar.com\/avatar\/8492ad2abcc45ce53969adcf8420acde.jpg?s=72&d=https%3A%2F%2Fa.slack-edge.com%2Fdf10d%2Fimg%2Favatars%2Fava_0008-72.png",
            "first_name": "",
            "real_name": "Antonio Linares",
            "display_name": "Antonio Linares",
            "team": "TJH5YU202",
            "name": "alinares",
            "is_restricted": false,
            "is_ultra_restricted": false
        },
        "blocks": [
            {
                "type": "rich_text",
                "block_id": "a=uUn",
                "elements": [
                    {
                        "type": "rich_text_section",
                        "elements": [
                            {
                                "type": "text",
                                "text": "prueba asi"
                            }
                        ]
                    }
                ]
            }
        ]
    },
    {
        "client_msg_id": "e46e864b-330d-4e53-b8fe-973271f13778",
        "type": "message",
        "text": "shift + enter para \"simular\" el enter y hacer el return",
        "user": "UJU3NMK0U",
        "ts": "1587738452.232400",
        "team": "TJH5YU202",
        "user_team": "TJH5YU202",
        "source_team": "TJH5YU202",
        "user_profile": {
            "avatar_hash": "48f1b9655122",
            "image_72": "https:\/\/avatars.slack-edge.com\/2019-05-20\/640143784356_48f1b96551220d9fdd4d_72.jpg",
            "first_name": "Xevi",
            "real_name": "Xevi",
            "display_name": "Xevi",
            "team": "TJH5YU202",
            "name": "xevicomas",
            "is_restricted": false,
            "is_ultra_restricted": false
        },
        "blocks": [
            {
                "type": "rich_text",
                "block_id": "KJDeV",
                "elements": [
                    {
                        "type": "rich_text_section",
                        "elements": [
                            {
                                "type": "text",
                                "text": "shift + enter para \"simular\" el enter y hacer el return"
                            }
                        ]
                    }
                ]
            }
        ]
    },
    {
        "client_msg_id": "5445f671-a66c-4154-9911-2154a188de35",
        "type": "message",
        "text": "```&lt;select name=\"select\" id=\"select1\"&gt;&lt;!-- ... --&gt;&lt;\/select&gt;\n&lt;input type=\"submit\" id=\"boton1\" name=\"action\" value=\"\"&gt;\n&lt;!-- ... --&gt;\n&lt;script&gt;\n  function renombrarBoton() {\n    document.getElementById(\"boton1\").value = document.getElementById(\"select1\").value;\n  }\n  renombrarBoton();  \/\/ Al cargar la página le ponemos el valor por defecto.\n  document.getElementById(\"select1\").addEventListener(\"change\", renombrarBoton);\n&lt;\/script&gt;```",
        "user": "UNAHBRTFA",
        "ts": "1587738471.232700",
        "team": "TJH5YU202",
        "user_team": "TJH5YU202",
        "source_team": "TJH5YU202",
        "user_profile": {
            "avatar_hash": "g3d2a3f4c28c",
            "image_72": "https:\/\/secure.gravatar.com\/avatar\/23d2a3f4c28cebb4cf07e48d02620517.jpg?s=72&d=https%3A%2F%2Fa.slack-edge.com%2Fdf10d%2Fimg%2Favatars%2Fava_0020-72.png",
            "first_name": "Andreu",
            "real_name": "Andreu Botella",
            "display_name": "Andreu Botella",
            "team": "TJH5YU202",
            "name": "andreu.132",
            "is_restricted": false,
            "is_ultra_restricted": false
        },
        "blocks": [
            {
                "type": "rich_text",
                "block_id": "CeVKl",
                "elements": [
                    {
                        "type": "rich_text_preformatted",
                        "elements": [
                            {
                                "type": "text",
                                "text": "<select name=\"select\" id=\"select1\"><!-- ... --><\/select>\n<input type=\"submit\" id=\"boton1\" name=\"action\" value=\"\">\n<!-- ... -->\n<script>\n  function renombrarBoton() {\n    document.getElementById(\"boton1\").value = document.getElementById(\"select1\").value;\n  }\n  renombrarBoton();  \/\/ Al cargar la página le ponemos el valor por defecto.\n  document.getElementById(\"select1\").addEventListener(\"change\", renombrarBoton);\n<\/script>"
                            }
                        ]
                    }
                ]
            }
        ]
    },
    {
        "client_msg_id": "40ee7036-3d70-46a4-8c18-c8bc5003b0f5",
        "type": "message",
        "text": "<@UJN8D8U3B>\nError Blocs\n*Filename*rootNoMaquetat.view*Error*Bound error*Operation*array access*Args*Args: [ 1] = H {=&gt;} [ 2] = C \"select\"*Error Code*BASE 1132*Num. Code Block*6",
        "user": "UJU3NMK0U",
        "ts": "1587738627.233000",
        "team": "TJH5YU202",
        "user_team": "TJH5YU202",
        "source_team": "TJH5YU202",
        "user_profile": {
            "avatar_hash": "48f1b9655122",
            "image_72": "https:\/\/avatars.slack-edge.com\/2019-05-20\/640143784356_48f1b96551220d9fdd4d_72.jpg",
            "first_name": "Xevi",
            "real_name": "Xevi",
            "display_name": "Xevi",
            "team": "TJH5YU202",
            "name": "xevicomas",
            "is_restricted": false,
            "is_ultra_restricted": false
        },
        "blocks": [
            {
                "type": "rich_text",
                "block_id": "nDWqF",
                "elements": [
                    {
                        "type": "rich_text_section",
                        "elements": [
                            {
                                "type": "user",
                                "user_id": "UJN8D8U3B"
                            },
                            {
                                "type": "text",
                                "text": "\nError Blocs\n"
                            },
                            {
                                "type": "text",
                                "text": "Filename",
                                "style": {
                                    "bold": true
                                }
                            },
                            {
                                "type": "text",
                                "text": "rootNoMaquetat.view"
                            },
                            {
                                "type": "text",
                                "text": "Error",
                                "style": {
                                    "bold": true
                                }
                            },
                            {
                                "type": "text",
                                "text": "Bound error"
                            },
                            {
                                "type": "text",
                                "text": "Operation",
                                "style": {
                                    "bold": true
                                }
                            },
                            {
                                "type": "text",
                                "text": "array access"
                            },
                            {
                                "type": "text",
                                "text": "Args",
                                "style": {
                                    "bold": true
                                }
                            },
                            {
                                "type": "text",
                                "text": "Args: [ 1] = H {=>} [ 2] = C \"select\""
                            },
                            {
                                "type": "text",
                                "text": "Error Code",
                                "style": {
                                    "bold": true
                                }
                            },
                            {
                                "type": "text",
                                "text": "BASE 1132"
                            },
                            {
                                "type": "text",
                                "text": "Num. Code Block",
                                "style": {
                                    "bold": true
                                }
                            },
                            {
                                "type": "text",
                                "text": "6"
                            }
                        ]
                    }
                ]
            }
        ]
    },
    {
        "client_msg_id": "8e3612e2-1666-4c81-b33a-55773ca53752",
        "type": "message",
        "text": "Haz ? AP_PostPairs() para ver lo que te llega",
        "user": "UJN8D8U3B",
        "ts": "1587738796.233500",
        "team": "TJH5YU202",
        "user_team": "TJH5YU202",
        "source_team": "TJH5YU202",
        "user_profile": {
            "avatar_hash": "g92ad2abcc45",
            "image_72": "https:\/\/secure.gravatar.com\/avatar\/8492ad2abcc45ce53969adcf8420acde.jpg?s=72&d=https%3A%2F%2Fa.slack-edge.com%2Fdf10d%2Fimg%2Favatars%2Fava_0008-72.png",
            "first_name": "",
            "real_name": "Antonio Linares",
            "display_name": "Antonio Linares",
            "team": "TJH5YU202",
            "name": "alinares",
            "is_restricted": false,
            "is_ultra_restricted": false
        },
        "blocks": [
            {
                "type": "rich_text",
                "block_id": "1zyvc",
                "elements": [
                    {
                        "type": "rich_text_section",
                        "elements": [
                            {
                                "type": "text",
                                "text": "Haz ? AP_PostPairs() para ver lo que te llega"
                            }
                        ]
                    }
                ]
            }
        ]
    },
    {
        "client_msg_id": "ff487a5c-2d42-4e8a-aa03-4b513f816a50",
        "type": "message",
        "text": "{=&gt;}\nPostPairs, cuando llega a contruir el html no tiene valor porque no recibe ninguno.\nIgual lo que intento, como bien dice Andreu, debe de hacerse por un script. ya que lo que intento es cambiar un valor \"mientras\" se tiene la página activa i cambio un valor de un select...\nProvaré lo de Andreu, también.",
        "user": "UJU3NMK0U",
        "ts": "1587739578.235900",
        "team": "TJH5YU202",
        "user_team": "TJH5YU202",
        "source_team": "TJH5YU202",
        "user_profile": {
            "avatar_hash": "48f1b9655122",
            "image_72": "https:\/\/avatars.slack-edge.com\/2019-05-20\/640143784356_48f1b96551220d9fdd4d_72.jpg",
            "first_name": "Xevi",
            "real_name": "Xevi",
            "display_name": "Xevi",
            "team": "TJH5YU202",
            "name": "xevicomas",
            "is_restricted": false,
            "is_ultra_restricted": false
        },
        "blocks": [
            {
                "type": "rich_text",
                "block_id": "eio",
                "elements": [
                    {
                        "type": "rich_text_section",
                        "elements": [
                            {
                                "type": "text",
                                "text": "{=>}\nPostPairs, cuando llega a contruir el html no tiene valor porque no recibe ninguno.\nIgual lo que intento, como bien dice Andreu, debe de hacerse por un script. ya que lo que intento es cambiar un valor \"mientras\" se tiene la página activa i cambio un valor de un select...\nProvaré lo de Andreu, también."
                            }
                        ]
                    }
                ]
            }
        ]
    },
    {
        "client_msg_id": "a1389d67-a2d2-465f-8c14-5a04a970b4f0",
        "type": "message",
        "text": "Aunque, de momento lo tengo solucionado capturando este valor como hidden, y cuando pulso el boton ya lo recibo y capturo des de la view siguiente.",
        "user": "UJU3NMK0U",
        "ts": "1587739625.236900",
        "team": "TJH5YU202",
        "user_team": "TJH5YU202",
        "source_team": "TJH5YU202",
        "user_profile": {
            "avatar_hash": "48f1b9655122",
            "image_72": "https:\/\/avatars.slack-edge.com\/2019-05-20\/640143784356_48f1b96551220d9fdd4d_72.jpg",
            "first_name": "Xevi",
            "real_name": "Xevi",
            "display_name": "Xevi",
            "team": "TJH5YU202",
            "name": "xevicomas",
            "is_restricted": false,
            "is_ultra_restricted": false
        },
        "blocks": [
            {
                "type": "rich_text",
                "block_id": "l+d",
                "elements": [
                    {
                        "type": "rich_text_section",
                        "elements": [
                            {
                                "type": "text",
                                "text": "Aunque, de momento lo tengo solucionado capturando este valor como hidden, y cuando pulso el boton ya lo recibo y capturo des de la view siguiente."
                            }
                        ]
                    }
                ]
            }
        ]
    },
    {
        "client_msg_id": "4fef7f69-7b74-452c-b890-6f535d94d2f4",
        "type": "message",
        "text": "<@UJWR5N32S> queria mostrar \"una simple entrada usando form y como pasa a otra pantalla usando MVC y TWEB\"",
        "user": "UJU3NMK0U",
        "ts": "1587739671.237400",
        "team": "TJH5YU202",
        "user_team": "TJH5YU202",
        "source_team": "TJH5YU202",
        "user_profile": {
            "avatar_hash": "48f1b9655122",
            "image_72": "https:\/\/avatars.slack-edge.com\/2019-05-20\/640143784356_48f1b96551220d9fdd4d_72.jpg",
            "first_name": "Xevi",
            "real_name": "Xevi",
            "display_name": "Xevi",
            "team": "TJH5YU202",
            "name": "xevicomas",
            "is_restricted": false,
            "is_ultra_restricted": false
        },
        "blocks": [
            {
                "type": "rich_text",
                "block_id": "iHQMX",
                "elements": [
                    {
                        "type": "rich_text_section",
                        "elements": [
                            {
                                "type": "user",
                                "user_id": "UJWR5N32S"
                            },
                            {
                                "type": "text",
                                "text": " queria mostrar \"una simple entrada usando form y como pasa a otra pantalla usando MVC y TWEB\""
                            }
                        ]
                    }
                ]
            }
        ]
    },
    {
        "client_msg_id": "87cb7f97-cf26-4f12-81b7-a8fcf30fe96b",
        "type": "message",
        "text": "Está por ahí ???",
        "user": "UJU3NMK0U",
        "ts": "1587739681.237700",
        "team": "TJH5YU202",
        "user_team": "TJH5YU202",
        "source_team": "TJH5YU202",
        "user_profile": {
            "avatar_hash": "48f1b9655122",
            "image_72": "https:\/\/avatars.slack-edge.com\/2019-05-20\/640143784356_48f1b96551220d9fdd4d_72.jpg",
            "first_name": "Xevi",
            "real_name": "Xevi",
            "display_name": "Xevi",
            "team": "TJH5YU202",
            "name": "xevicomas",
            "is_restricted": false,
            "is_ultra_restricted": false
        },
        "blocks": [
            {
                "type": "rich_text",
                "block_id": "R6JJj",
                "elements": [
                    {
                        "type": "rich_text_section",
                        "elements": [
                            {
                                "type": "text",
                                "text": "Está por ahí ???"
                            }
                        ]
                    }
                ]
            }
        ]
    },
    {
        "client_msg_id": "12701f4a-70aa-455d-bad9-73917950ffd7",
        "type": "message",
        "text": "habemus charla???",
        "user": "UJU3NMK0U",
        "ts": "1587739692.238100",
        "team": "TJH5YU202",
        "user_team": "TJH5YU202",
        "source_team": "TJH5YU202",
        "user_profile": {
            "avatar_hash": "48f1b9655122",
            "image_72": "https:\/\/avatars.slack-edge.com\/2019-05-20\/640143784356_48f1b96551220d9fdd4d_72.jpg",
            "first_name": "Xevi",
            "real_name": "Xevi",
            "display_name": "Xevi",
            "team": "TJH5YU202",
            "name": "xevicomas",
            "is_restricted": false,
            "is_ultra_restricted": false
        },
        "blocks": [
            {
                "type": "rich_text",
                "block_id": "lbtA",
                "elements": [
                    {
                        "type": "rich_text_section",
                        "elements": [
                            {
                                "type": "text",
                                "text": "habemus charla???"
                            }
                        ]
                    }
                ]
            }
        ]
    },
    {
        "client_msg_id": "33551fb1-d6cf-4727-babb-6ff76b9d724f",
        "type": "message",
        "text": "Si en el action usas \"\" comilas sin nada dentro, se llamará a si mismo y ves lo que genera :slightly_smiling_face:",
        "user": "UJN8D8U3B",
        "ts": "1587739902.238700",
        "team": "TJH5YU202",
        "user_team": "TJH5YU202",
        "source_team": "TJH5YU202",
        "user_profile": {
            "avatar_hash": "g92ad2abcc45",
            "image_72": "https:\/\/secure.gravatar.com\/avatar\/8492ad2abcc45ce53969adcf8420acde.jpg?s=72&d=https%3A%2F%2Fa.slack-edge.com%2Fdf10d%2Fimg%2Favatars%2Fava_0008-72.png",
            "first_name": "",
            "real_name": "Antonio Linares",
            "display_name": "Antonio Linares",
            "team": "TJH5YU202",
            "name": "alinares",
            "is_restricted": false,
            "is_ultra_restricted": false
        },
        "blocks": [
            {
                "type": "rich_text",
                "block_id": "TCh",
                "elements": [
                    {
                        "type": "rich_text_section",
                        "elements": [
                            {
                                "type": "text",
                                "text": "Si en el action usas \"\" comilas sin nada dentro, se llamará a si mismo y ves lo que genera "
                            },
                            {
                                "type": "emoji",
                                "name": "slightly_smiling_face"
                            }
                        ]
                    }
                ]
            }
        ]
    },
    {
        "client_msg_id": "c8d80848-79c4-498d-94bd-9bf0d0bf7007",
        "type": "message",
        "text": "<@UJWR5N32S> vas a exponer hoy MVC &amp; tWeb ?",
        "user": "UK28N3CER",
        "ts": "1587740153.239500",
        "team": "TJH5YU202",
        "user_team": "TJH5YU202",
        "source_team": "TJH5YU202",
        "user_profile": {
            "avatar_hash": "bf50b53e78b3",
            "image_72": "https:\/\/avatars.slack-edge.com\/2020-04-13\/1058586385811_bf50b53e78b35822be35_72.png",
            "first_name": "Cesar",
            "real_name": "Cesar SysCtrl Software",
            "display_name": "Cesar SysCtrl Software",
            "team": "TJH5YU202",
            "name": "sysctrlsoftware",
            "is_restricted": false,
            "is_ultra_restricted": false
        },
        "blocks": [
            {
                "type": "rich_text",
                "block_id": "Yop8",
                "elements": [
                    {
                        "type": "rich_text_section",
                        "elements": [
                            {
                                "type": "user",
                                "user_id": "UJWR5N32S"
                            },
                            {
                                "type": "text",
                                "text": " vas a exponer hoy MVC & tWeb ?"
                            }
                        ]
                    }
                ]
            }
        ]
    },
    {
        "client_msg_id": "fd9e3513-fad1-4b20-b767-0c705dd0b2cb",
        "type": "message",
        "text": "Empiezo en 5 min.",
        "user": "UJWR5N32S",
        "ts": "1587740230.239700",
        "team": "TJH5YU202",
        "user_team": "TJH5YU202",
        "source_team": "TJH5YU202",
        "user_profile": {
            "avatar_hash": "273d3745f7ae",
            "image_72": "https:\/\/avatars.slack-edge.com\/2019-05-20\/634344238497_273d3745f7ae1b176b82_72.jpg",
            "first_name": "Charly",
            "real_name": "Charly",
            "display_name": "Charly",
            "team": "TJH5YU202",
            "name": "carles9000",
            "is_restricted": false,
            "is_ultra_restricted": false
        },
        "blocks": [
            {
                "type": "rich_text",
                "block_id": "gxM",
                "elements": [
                    {
                        "type": "rich_text_section",
                        "elements": [
                            {
                                "type": "text",
                                "text": "Empiezo en 5 min."
                            }
                        ]
                    }
                ]
            }
        ]
    },
    {
        "type": "message",
        "text": "<input type=\"submit\" name=\"\" value=AP_PostPairs()[\"select\"] >",
        "files": [
            {
                "id": "F0121T4LL9M",
                "created": 1587740309,
                "timestamp": 1587740309,
                "name": "Captura.JPG",
                "title": "Captura.JPG",
                "mimetype": "image\/jpeg",
                "filetype": "jpg",
                "pretty_type": "JPEG",
                "user": "UJU3NMK0U",
                "editable": false,
                "size": 10600,
                "mode": "hosted",
                "is_external": false,
                "external_type": "",
                "is_public": true,
                "public_url_shared": false,
                "display_as_bot": false,
                "username": "",
                "url_private": "https:\/\/files.slack.com\/files-pri\/TJH5YU202-F0121T4LL9M\/captura.jpg?t=xoxe-629202954002-1115206499825-1101204359349-48e7ea248bf98b7fac300966398406ac",
                "url_private_download": "https:\/\/files.slack.com\/files-pri\/TJH5YU202-F0121T4LL9M\/download\/captura.jpg?t=xoxe-629202954002-1115206499825-1101204359349-48e7ea248bf98b7fac300966398406ac",
                "thumb_64": "https:\/\/files.slack.com\/files-tmb\/TJH5YU202-F0121T4LL9M-5929d3bcfc\/captura_64.jpg?t=xoxe-629202954002-1115206499825-1101204359349-48e7ea248bf98b7fac300966398406ac",
                "thumb_80": "https:\/\/files.slack.com\/files-tmb\/TJH5YU202-F0121T4LL9M-5929d3bcfc\/captura_80.jpg?t=xoxe-629202954002-1115206499825-1101204359349-48e7ea248bf98b7fac300966398406ac",
                "thumb_360": "https:\/\/files.slack.com\/files-tmb\/TJH5YU202-F0121T4LL9M-5929d3bcfc\/captura_360.jpg?t=xoxe-629202954002-1115206499825-1101204359349-48e7ea248bf98b7fac300966398406ac",
                "thumb_360_w": 209,
                "thumb_360_h": 56,
                "thumb_160": "https:\/\/files.slack.com\/files-tmb\/TJH5YU202-F0121T4LL9M-5929d3bcfc\/captura_160.jpg?t=xoxe-629202954002-1115206499825-1101204359349-48e7ea248bf98b7fac300966398406ac",
                "original_w": 209,
                "original_h": 56,
                "thumb_tiny": "AwAMADDSY4Gab5nHQ\/lTyM0mBQAzzPZvypfMGcYP5U7AowKAGeYPRvypytmlwKXAoA\/\/2Q==",
                "permalink": "https:\/\/harbourproject.slack.com\/files\/UJU3NMK0U\/F0121T4LL9M\/captura.jpg",
                "permalink_public": "https:\/\/slack-files.com\/TJH5YU202-F0121T4LL9M-6f2d780c65",
                "is_starred": false,
                "has_rich_preview": false
            }
        ],
        "upload": true,
        "blocks": [
            {
                "type": "rich_text",
                "block_id": "qnHxt",
                "elements": [
                    {
                        "type": "rich_text_section",
                        "elements": [
                            {
                                "type": "text",
                                "text": "<input type=\"submit\" name=\"\" value=AP_PostPairs()[\"select\"] >"
                            }
                        ]
                    }
                ]
            }
        ],
        "user": "UJU3NMK0U",
        "display_as_bot": false,
        "ts": "1587740311.239900",
        "client_msg_id": "ac9d47ac-c7c0-4364-af67-d602dfcf69a0"
    },
    {
        "client_msg_id": "0083cbe4-39d9-456f-9a7d-bc404e74123f",
        "type": "message",
        "text": "me referia al action de un form",
        "user": "UJN8D8U3B",
        "ts": "1587740664.240400",
        "team": "TJH5YU202",
        "user_team": "TJH5YU202",
        "source_team": "TJH5YU202",
        "user_profile": {
            "avatar_hash": "g92ad2abcc45",
            "image_72": "https:\/\/secure.gravatar.com\/avatar\/8492ad2abcc45ce53969adcf8420acde.jpg?s=72&d=https%3A%2F%2Fa.slack-edge.com%2Fdf10d%2Fimg%2Favatars%2Fava_0008-72.png",
            "first_name": "",
            "real_name": "Antonio Linares",
            "display_name": "Antonio Linares",
            "team": "TJH5YU202",
            "name": "alinares",
            "is_restricted": false,
            "is_ultra_restricted": false
        },
        "blocks": [
            {
                "type": "rich_text",
                "block_id": "Vdp",
                "elements": [
                    {
                        "type": "rich_text_section",
                        "elements": [
                            {
                                "type": "text",
                                "text": "me referia al action de un form"
                            }
                        ]
                    }
                ]
            }
        ]
    },
    {
        "client_msg_id": "c85c7d0e-f7ff-43b0-a1c5-e3ced1487b97",
        "type": "message",
        "text": "un action con comillas vacias se llama a si mismo",
        "user": "UJN8D8U3B",
        "ts": "1587740688.240700",
        "team": "TJH5YU202",
        "user_team": "TJH5YU202",
        "source_team": "TJH5YU202",
        "user_profile": {
            "avatar_hash": "g92ad2abcc45",
            "image_72": "https:\/\/secure.gravatar.com\/avatar\/8492ad2abcc45ce53969adcf8420acde.jpg?s=72&d=https%3A%2F%2Fa.slack-edge.com%2Fdf10d%2Fimg%2Favatars%2Fava_0008-72.png",
            "first_name": "",
            "real_name": "Antonio Linares",
            "display_name": "Antonio Linares",
            "team": "TJH5YU202",
            "name": "alinares",
            "is_restricted": false,
            "is_ultra_restricted": false
        },
        "blocks": [
            {
                "type": "rich_text",
                "block_id": "rV\/1y",
                "elements": [
                    {
                        "type": "rich_text_section",
                        "elements": [
                            {
                                "type": "text",
                                "text": "un action con comillas vacias se llama a si mismo"
                            }
                        ]
                    }
                ]
            }
        ]
    },
    {
        "client_msg_id": "17072b85-b0c5-4268-94cf-907cec5cb3ec",
        "type": "message",
        "text": "dado este código...\n\npor una parte el enrute...\n```oApp:oRoute:Map( \"GET\"\t\t, \"test1\"\t\t, \"testtweb1\"\t, \"@twebcontroller.prg\" )\t\t\t```\npor otra parte el view\n```&lt;?prg\n\n\t\t#include {{ TWebInclude() }}\t\t\n\n\t\tLOCAL o\n\t\t\n\t\tDEFINE WEB oWeb TITLE 'Tutor1' INIT\n\n\t\tDEFINE FORM o ID 'demo' ACTION \"{{ Route( 'test1' ) }}\" METHOD 'GET'\n\n\t\tINIT FORM o  \t\t\n\t\t   \n\t\tROWGROUP o\n\t\t\tBUTTON LABEL 'TWeb tutor1' NAME \"action\" VALUE \"tutor1\" GRID 2  SUBMIT  OF o\n\t\t\tBUTTON LABEL 'TWeb tutor4b' NAME \"action\" VALUE \"tutor4b\" GRID 2  SUBMIT  OF o\n\t\t\tBUTTON LABEL 'TWeb tutor4d' NAME \"action\" VALUE \"tutor4d\" GRID 2  SUBMIT  OF o\n\t\t\tBUTTON LABEL 'TWeb tutor4g' NAME \"action\" VALUE \"tutor4g\" GRID 2  SUBMIT  OF o\n\t\tEND o\n\n\t\tROWGROUP o\n\n\t        SELECT oSelect  ID 'selecttweb' PROMPT 'TWeb tutor1', 'TWeb tutor4b', 'TWeb tutor4d', 'TWeb tutor4g' VALUES  'tutor1', 'tutor4b', 'tutor4d', 'tutor4g'  GRID 3  ONCHANGE 'enruta_a()' OF o\n\t\t\tBUTTON LABEL '&gt;&gt;' GRID 1  SUBMIT  OF o\n\n\t\tEND o\n\n\t\tHTML o\n\n\n\t\t\t&lt;script&gt;\n\n\t\t\t\tfunction enruta_a() {\n\n\t\t\t\t\twindow.location.href = '{{ Route( 'test1' ) }}'\n\n\t\t\t\t}\n\n\t\t\t&lt;\/script&gt;\t\n\t\t\t\n\t\tENDTEXT\n\n\t\tEND FORM o RETURN\t\t\n\t?&gt;```\nLos botones funcionan perfectamente y me enchufan al controlador, desde donde capturo los valores action para enviar a un método u otro. Hasta ahí correcto.\n\nAhora, lo que pretendo, es que al cambiar de elemento en el select (utilizo la clausula ONCHANGE), sin necesidad de pulsar el botón, automáticamente se me enchufe al controlador. Bien hasta ahí, pero ¿que me pasa??? que no obtengo los valores del select. Necesitaría que el script enviara ese valor para poder capturarlo en el controlador.",
        "user": "UJU3NMK0U",
        "ts": "1587759140.246300",
        "team": "TJH5YU202",
        "user_team": "TJH5YU202",
        "source_team": "TJH5YU202",
        "user_profile": {
            "avatar_hash": "48f1b9655122",
            "image_72": "https:\/\/avatars.slack-edge.com\/2019-05-20\/640143784356_48f1b96551220d9fdd4d_72.jpg",
            "first_name": "Xevi",
            "real_name": "Xevi",
            "display_name": "Xevi",
            "team": "TJH5YU202",
            "name": "xevicomas",
            "is_restricted": false,
            "is_ultra_restricted": false
        },
        "edited": {
            "user": "UJU3NMK0U",
            "ts": "1587760020.000000"
        },
        "blocks": [
            {
                "type": "rich_text",
                "block_id": "UDs",
                "elements": [
                    {
                        "type": "rich_text_section",
                        "elements": [
                            {
                                "type": "text",
                                "text": "dado este código...\n\npor una parte el enrute...\n"
                            }
                        ]
                    },
                    {
                        "type": "rich_text_preformatted",
                        "elements": [
                            {
                                "type": "text",
                                "text": "oApp:oRoute:Map( \"GET\"\t\t, \"test1\"\t\t, \"testtweb1\"\t, \"@twebcontroller.prg\" )\t\t\t"
                            }
                        ]
                    },
                    {
                        "type": "rich_text_section",
                        "elements": [
                            {
                                "type": "text",
                                "text": "\npor otra parte el view\n"
                            }
                        ]
                    },
                    {
                        "type": "rich_text_preformatted",
                        "elements": [
                            {
                                "type": "text",
                                "text": "<?prg\n\n\t\t#include {{ TWebInclude() }}\t\t\n\n\t\tLOCAL o\n\t\t\n\t\tDEFINE WEB oWeb TITLE 'Tutor1' INIT\n\n\t\tDEFINE FORM o ID 'demo' ACTION \"{{ Route( 'test1' ) }}\" METHOD 'GET'\n\n\t\tINIT FORM o  \t\t\n\t\t   \n\t\tROWGROUP o\n\t\t\tBUTTON LABEL 'TWeb tutor1' NAME \"action\" VALUE \"tutor1\" GRID 2  SUBMIT  OF o\n\t\t\tBUTTON LABEL 'TWeb tutor4b' NAME \"action\" VALUE \"tutor4b\" GRID 2  SUBMIT  OF o\n\t\t\tBUTTON LABEL 'TWeb tutor4d' NAME \"action\" VALUE \"tutor4d\" GRID 2  SUBMIT  OF o\n\t\t\tBUTTON LABEL 'TWeb tutor4g' NAME \"action\" VALUE \"tutor4g\" GRID 2  SUBMIT  OF o\n\t\tEND o\n\n\t\tROWGROUP o\n\n\t        SELECT oSelect  ID 'selecttweb' PROMPT 'TWeb tutor1', 'TWeb tutor4b', 'TWeb tutor4d', 'TWeb tutor4g' VALUES  'tutor1', 'tutor4b', 'tutor4d', 'tutor4g'  GRID 3  ONCHANGE 'enruta_a()' OF o\n\t\t\tBUTTON LABEL '>>' GRID 1  SUBMIT  OF o\n\n\t\tEND o\n\n\t\tHTML o\n\n\n\t\t\t<script>\n\n\t\t\t\tfunction enruta_a() {\n\n\t\t\t\t\twindow.location.href = '{{ Route( 'test1' ) }}'\n\n\t\t\t\t}\n\n\t\t\t<\/script>\t\n\t\t\t\n\t\tENDTEXT\n\n\t\tEND FORM o RETURN\t\t\n\t?>"
                            }
                        ]
                    },
                    {
                        "type": "rich_text_section",
                        "elements": [
                            {
                                "type": "text",
                                "text": "\nLos botones funcionan perfectamente y me enchufan al controlador, desde donde capturo los valores action para enviar a un método u otro. Hasta ahí correcto.\n\nAhora, lo que pretendo, es que al cambiar de elemento en el select (utilizo la clausula ONCHANGE), sin necesidad de pulsar el botón, automáticamente se me enchufe al controlador. Bien hasta ahí, pero ¿que me pasa??? que no obtengo los valores del select. Necesitaría que el script enviara ese valor para poder capturarlo en el controlador."
                            }
                        ]
                    }
                ]
            }
        ]
    },
    {
        "client_msg_id": "836eca7a-0c79-4fe0-b34a-c712a01d0266",
        "type": "message",
        "text": "Mirate el tutor4",
        "user": "UJWR5N32S",
        "ts": "1587790748.247100",
        "team": "TJH5YU202",
        "user_team": "TJH5YU202",
        "source_team": "TJH5YU202",
        "user_profile": {
            "avatar_hash": "273d3745f7ae",
            "image_72": "https:\/\/avatars.slack-edge.com\/2019-05-20\/634344238497_273d3745f7ae1b176b82_72.jpg",
            "first_name": "Charly",
            "real_name": "Charly",
            "display_name": "Charly",
            "team": "TJH5YU202",
            "name": "carles9000",
            "is_restricted": false,
            "is_ultra_restricted": false
        },
        "blocks": [
            {
                "type": "rich_text",
                "block_id": "baK",
                "elements": [
                    {
                        "type": "rich_text_section",
                        "elements": [
                            {
                                "type": "text",
                                "text": "Mirate el tutor4"
                            }
                        ]
                    }
                ]
            }
        ]
    },
    {
        "client_msg_id": "01552523-6b36-496b-baf2-4d909160bb67",
        "type": "message",
        "text": "Has de experimentar con los ejemplos xevi",
        "user": "UJWR5N32S",
        "ts": "1587790759.247400",
        "team": "TJH5YU202",
        "user_team": "TJH5YU202",
        "source_team": "TJH5YU202",
        "user_profile": {
            "avatar_hash": "273d3745f7ae",
            "image_72": "https:\/\/avatars.slack-edge.com\/2019-05-20\/634344238497_273d3745f7ae1b176b82_72.jpg",
            "first_name": "Charly",
            "real_name": "Charly",
            "display_name": "Charly",
            "team": "TJH5YU202",
            "name": "carles9000",
            "is_restricted": false,
            "is_ultra_restricted": false
        },
        "edited": {
            "user": "UJWR5N32S",
            "ts": "1587790772.000000"
        },
        "blocks": [
            {
                "type": "rich_text",
                "block_id": "LBR",
                "elements": [
                    {
                        "type": "rich_text_section",
                        "elements": [
                            {
                                "type": "text",
                                "text": "Has de experimentar con los ejemplos xevi"
                            }
                        ]
                    }
                ]
            }
        ]
    }
]