[
    {
        "client_msg_id": "edbed419-6984-4c01-8168-09166b119bcf",
        "type": "message",
        "text": "Dear Antonio, Do you recognize this way?\nWe are walked  a piece of it today.",
        "user": "UJHD6A81H",
        "ts": "1587920275.333300",
        "team": "TJH5YU202",
        "user_team": "TJH5YU202",
        "source_team": "TJH5YU202",
        "user_profile": {
            "avatar_hash": "g6b8073e00e9",
            "image_72": "https:\/\/secure.gravatar.com\/avatar\/b96b8073e00e9eb02bcf05bc1418eb3a.jpg?s=72&d=https%3A%2F%2Fa.slack-edge.com%2Fdf10d%2Fimg%2Favatars%2Fava_0021-72.png",
            "first_name": "Otto",
            "real_name": "Otto Atzwanger",
            "display_name": "Otto",
            "team": "TJH5YU202",
            "name": "otto",
            "is_restricted": false,
            "is_ultra_restricted": false
        },
        "edited": {
            "user": "UJHD6A81H",
            "ts": "1587920688.000000"
        },
        "blocks": [
            {
                "type": "rich_text",
                "block_id": "aGO7j",
                "elements": [
                    {
                        "type": "rich_text_section",
                        "elements": [
                            {
                                "type": "text",
                                "text": "Dear Antonio, Do you recognize this way?\nWe are walked  a piece of it today."
                            }
                        ]
                    }
                ]
            }
        ]
    },
    {
        "type": "message",
        "text": "",
        "files": [
            {
                "id": "F012C64R4KY",
                "created": 1587920281,
                "timestamp": 1587920281,
                "name": "antonio.jpg",
                "title": "antonio.jpg",
                "mimetype": "image\/jpeg",
                "filetype": "jpg",
                "pretty_type": "JPEG",
                "user": "UJHD6A81H",
                "editable": false,
                "size": 4682373,
                "mode": "hosted",
                "is_external": false,
                "external_type": "",
                "is_public": true,
                "public_url_shared": false,
                "display_as_bot": false,
                "username": "",
                "url_private": "https:\/\/files.slack.com\/files-pri\/TJH5YU202-F012C64R4KY\/antonio.jpg?t=xoxe-629202954002-1115206499825-1101204359349-48e7ea248bf98b7fac300966398406ac",
                "url_private_download": "https:\/\/files.slack.com\/files-pri\/TJH5YU202-F012C64R4KY\/download\/antonio.jpg?t=xoxe-629202954002-1115206499825-1101204359349-48e7ea248bf98b7fac300966398406ac",
                "thumb_64": "https:\/\/files.slack.com\/files-tmb\/TJH5YU202-F012C64R4KY-9cd62ebe6f\/antonio_64.jpg?t=xoxe-629202954002-1115206499825-1101204359349-48e7ea248bf98b7fac300966398406ac",
                "thumb_80": "https:\/\/files.slack.com\/files-tmb\/TJH5YU202-F012C64R4KY-9cd62ebe6f\/antonio_80.jpg?t=xoxe-629202954002-1115206499825-1101204359349-48e7ea248bf98b7fac300966398406ac",
                "thumb_360": "https:\/\/files.slack.com\/files-tmb\/TJH5YU202-F012C64R4KY-9cd62ebe6f\/antonio_360.jpg?t=xoxe-629202954002-1115206499825-1101204359349-48e7ea248bf98b7fac300966398406ac",
                "thumb_360_w": 360,
                "thumb_360_h": 270,
                "thumb_480": "https:\/\/files.slack.com\/files-tmb\/TJH5YU202-F012C64R4KY-9cd62ebe6f\/antonio_480.jpg?t=xoxe-629202954002-1115206499825-1101204359349-48e7ea248bf98b7fac300966398406ac",
                "thumb_480_w": 480,
                "thumb_480_h": 360,
                "thumb_160": "https:\/\/files.slack.com\/files-tmb\/TJH5YU202-F012C64R4KY-9cd62ebe6f\/antonio_160.jpg?t=xoxe-629202954002-1115206499825-1101204359349-48e7ea248bf98b7fac300966398406ac",
                "thumb_720": "https:\/\/files.slack.com\/files-tmb\/TJH5YU202-F012C64R4KY-9cd62ebe6f\/antonio_720.jpg?t=xoxe-629202954002-1115206499825-1101204359349-48e7ea248bf98b7fac300966398406ac",
                "thumb_720_w": 720,
                "thumb_720_h": 540,
                "thumb_800": "https:\/\/files.slack.com\/files-tmb\/TJH5YU202-F012C64R4KY-9cd62ebe6f\/antonio_800.jpg?t=xoxe-629202954002-1115206499825-1101204359349-48e7ea248bf98b7fac300966398406ac",
                "thumb_800_w": 800,
                "thumb_800_h": 600,
                "thumb_960": "https:\/\/files.slack.com\/files-tmb\/TJH5YU202-F012C64R4KY-9cd62ebe6f\/antonio_960.jpg?t=xoxe-629202954002-1115206499825-1101204359349-48e7ea248bf98b7fac300966398406ac",
                "thumb_960_w": 960,
                "thumb_960_h": 720,
                "thumb_1024": "https:\/\/files.slack.com\/files-tmb\/TJH5YU202-F012C64R4KY-9cd62ebe6f\/antonio_1024.jpg?t=xoxe-629202954002-1115206499825-1101204359349-48e7ea248bf98b7fac300966398406ac",
                "thumb_1024_w": 1024,
                "thumb_1024_h": 768,
                "original_w": 4032,
                "original_h": 3024,
                "thumb_tiny": "AwAkADCOVsNgfWnq28MxGDnpUbAmUnBxjHSpIlOw7gQT68UARhyWXAwD1qa4C5IHVeahVcAg5BzTnLMC44xSuFhbYDBXOMnFTyoMFeenBHY1BGm5SBjnk1ZeNhEg4J\/lTQimEmI6n\/vqpItwDhjkj15qurkDjg+3epoiSCSeSatvQlbjATs9R6U9Tntke1NAAbpinD5eRWRoLHIyPgjA9SKnknIi+XaBjsf5VDuz0prY74FMREfvU+Pv9aYfvGnx960lsRHcD605TkgGmnpSp94VmaC7QAxx0pknQcVIejVHJ0H0oA\/\/2Q==",
                "permalink": "https:\/\/harbourproject.slack.com\/files\/UJHD6A81H\/F012C64R4KY\/antonio.jpg",
                "permalink_public": "https:\/\/slack-files.com\/TJH5YU202-F012C64R4KY-145638f84c",
                "is_starred": false,
                "has_rich_preview": false
            }
        ],
        "upload": true,
        "user": "UJHD6A81H",
        "display_as_bot": false,
        "ts": "1587920289.333400",
        "client_msg_id": "b96a35b5-fd8d-43ed-86ee-761ae6259a0b",
        "reactions": [
            {
                "name": "heart_eyes",
                "users": [
                    "UJN8D8U3B"
                ],
                "count": 1
            },
            {
                "name": "ok_hand",
                "users": [
                    "UJN8D8U3B"
                ],
                "count": 1
            }
        ]
    },
    {
        "type": "message",
        "text": "<@UJWR5N32S> otro detalle... un campo carácter, mostrado en Browse, si el contenido de un campo caracter contiene un guion -\n¿porque hace un retorno de carro \/ salto de línea???",
        "files": [
            {
                "id": "F012R656MPE",
                "created": 1587932208,
                "timestamp": 1587932208,
                "name": "Captura.JPG",
                "title": "Captura.JPG",
                "mimetype": "image\/jpeg",
                "filetype": "jpg",
                "pretty_type": "JPEG",
                "user": "UJU3NMK0U",
                "editable": false,
                "size": 18345,
                "mode": "hosted",
                "is_external": false,
                "external_type": "",
                "is_public": true,
                "public_url_shared": false,
                "display_as_bot": false,
                "username": "",
                "url_private": "https:\/\/files.slack.com\/files-pri\/TJH5YU202-F012R656MPE\/captura.jpg?t=xoxe-629202954002-1115206499825-1101204359349-48e7ea248bf98b7fac300966398406ac",
                "url_private_download": "https:\/\/files.slack.com\/files-pri\/TJH5YU202-F012R656MPE\/download\/captura.jpg?t=xoxe-629202954002-1115206499825-1101204359349-48e7ea248bf98b7fac300966398406ac",
                "thumb_64": "https:\/\/files.slack.com\/files-tmb\/TJH5YU202-F012R656MPE-31c8e1484c\/captura_64.jpg?t=xoxe-629202954002-1115206499825-1101204359349-48e7ea248bf98b7fac300966398406ac",
                "thumb_80": "https:\/\/files.slack.com\/files-tmb\/TJH5YU202-F012R656MPE-31c8e1484c\/captura_80.jpg?t=xoxe-629202954002-1115206499825-1101204359349-48e7ea248bf98b7fac300966398406ac",
                "thumb_360": "https:\/\/files.slack.com\/files-tmb\/TJH5YU202-F012R656MPE-31c8e1484c\/captura_360.jpg?t=xoxe-629202954002-1115206499825-1101204359349-48e7ea248bf98b7fac300966398406ac",
                "thumb_360_w": 139,
                "thumb_360_h": 360,
                "thumb_160": "https:\/\/files.slack.com\/files-tmb\/TJH5YU202-F012R656MPE-31c8e1484c\/captura_160.jpg?t=xoxe-629202954002-1115206499825-1101204359349-48e7ea248bf98b7fac300966398406ac",
                "original_w": 164,
                "original_h": 424,
                "thumb_tiny": "AwAwABKUG9\/iB\/ALTkN35q7gdmfmyBVs57daRs7TnHSgB1FA6UUAIaRhhDyTxSt2pGzsOSOlADh0ooHSigBD+P4UmODyTSsMjoD9aTGOw\/CgB1FFFAH\/2Q==",
                "permalink": "https:\/\/harbourproject.slack.com\/files\/UJU3NMK0U\/F012R656MPE\/captura.jpg",
                "permalink_public": "https:\/\/slack-files.com\/TJH5YU202-F012R656MPE-3199d39512",
                "is_starred": false,
                "has_rich_preview": false
            }
        ],
        "upload": true,
        "blocks": [
            {
                "type": "rich_text",
                "block_id": "ygS",
                "elements": [
                    {
                        "type": "rich_text_section",
                        "elements": [
                            {
                                "type": "user",
                                "user_id": "UJWR5N32S"
                            },
                            {
                                "type": "text",
                                "text": " otro detalle... un campo carácter, mostrado en Browse, si el contenido de un campo caracter contiene un guion -\n¿porque hace un retorno de carro \/ salto de línea???"
                            }
                        ]
                    }
                ]
            }
        ],
        "user": "UJU3NMK0U",
        "display_as_bot": false,
        "ts": "1587932210.335700",
        "edited": {
            "user": "UJU3NMK0U",
            "ts": "1587932249.000000"
        },
        "client_msg_id": "c412de83-f875-493a-a0ed-74d3fe58b515"
    },
    {
        "client_msg_id": "adec8124-91ab-40c9-bae9-aba6a26b67d5",
        "type": "message",
        "text": "Porque se conduce por la mano derecha ?",
        "user": "UM81W8B0Q",
        "ts": "1587932275.336500",
        "team": "TJH5YU202",
        "user_team": "TJH5YU202",
        "source_team": "TJH5YU202",
        "user_profile": {
            "avatar_hash": "gab9279ee8c0",
            "image_72": "https:\/\/secure.gravatar.com\/avatar\/73ab9279ee8c00f66ce4904d30146c8f.jpg?s=72&d=https%3A%2F%2Fa.slack-edge.com%2Fdf10d%2Fimg%2Favatars%2Fava_0010-72.png",
            "first_name": "",
            "real_name": "Angel Pais",
            "display_name": "Angel Pais",
            "team": "TJH5YU202",
            "name": "amigosam",
            "is_restricted": false,
            "is_ultra_restricted": false
        },
        "blocks": [
            {
                "type": "rich_text",
                "block_id": "=Zo",
                "elements": [
                    {
                        "type": "rich_text_section",
                        "elements": [
                            {
                                "type": "text",
                                "text": "Porque se conduce por la mano derecha ?"
                            }
                        ]
                    }
                ]
            }
        ]
    },
    {
        "client_msg_id": "6c80b78b-f4f7-467c-b144-86d542bceef4",
        "type": "message",
        "text": ":joy:",
        "user": "UJU3NMK0U",
        "ts": "1587932292.337000",
        "team": "TJH5YU202",
        "user_team": "TJH5YU202",
        "source_team": "TJH5YU202",
        "user_profile": {
            "avatar_hash": "48f1b9655122",
            "image_72": "https:\/\/avatars.slack-edge.com\/2019-05-20\/640143784356_48f1b96551220d9fdd4d_72.jpg",
            "first_name": "Xevi",
            "real_name": "Xevi",
            "display_name": "Xevi",
            "team": "TJH5YU202",
            "name": "xevicomas",
            "is_restricted": false,
            "is_ultra_restricted": false
        },
        "blocks": [
            {
                "type": "rich_text",
                "block_id": "7Jy",
                "elements": [
                    {
                        "type": "rich_text_section",
                        "elements": [
                            {
                                "type": "emoji",
                                "name": "joy"
                            }
                        ]
                    }
                ]
            }
        ]
    },
    {
        "client_msg_id": "43d0539d-27de-44e3-8b2b-1e4c4ed30316",
        "type": "message",
        "text": "Porque usamos corbata en las fiestas importantes ?",
        "user": "UM81W8B0Q",
        "ts": "1587932294.337100",
        "team": "TJH5YU202",
        "user_team": "TJH5YU202",
        "source_team": "TJH5YU202",
        "user_profile": {
            "avatar_hash": "gab9279ee8c0",
            "image_72": "https:\/\/secure.gravatar.com\/avatar\/73ab9279ee8c00f66ce4904d30146c8f.jpg?s=72&d=https%3A%2F%2Fa.slack-edge.com%2Fdf10d%2Fimg%2Favatars%2Fava_0010-72.png",
            "first_name": "",
            "real_name": "Angel Pais",
            "display_name": "Angel Pais",
            "team": "TJH5YU202",
            "name": "amigosam",
            "is_restricted": false,
            "is_ultra_restricted": false
        },
        "blocks": [
            {
                "type": "rich_text",
                "block_id": "Nje=",
                "elements": [
                    {
                        "type": "rich_text_section",
                        "elements": [
                            {
                                "type": "text",
                                "text": "Porque usamos corbata en las fiestas importantes ?"
                            }
                        ]
                    }
                ]
            }
        ]
    },
    {
        "client_msg_id": "87589400-630a-4218-8ada-a5bc2f7f27b1",
        "type": "message",
        "text": "Solo poruqe a un tipo se le ocurrió y todo los demas le siguieron",
        "user": "UM81W8B0Q",
        "ts": "1587932310.337500",
        "team": "TJH5YU202",
        "user_team": "TJH5YU202",
        "source_team": "TJH5YU202",
        "user_profile": {
            "avatar_hash": "gab9279ee8c0",
            "image_72": "https:\/\/secure.gravatar.com\/avatar\/73ab9279ee8c00f66ce4904d30146c8f.jpg?s=72&d=https%3A%2F%2Fa.slack-edge.com%2Fdf10d%2Fimg%2Favatars%2Fava_0010-72.png",
            "first_name": "",
            "real_name": "Angel Pais",
            "display_name": "Angel Pais",
            "team": "TJH5YU202",
            "name": "amigosam",
            "is_restricted": false,
            "is_ultra_restricted": false
        },
        "blocks": [
            {
                "type": "rich_text",
                "block_id": "1zC",
                "elements": [
                    {
                        "type": "rich_text_section",
                        "elements": [
                            {
                                "type": "text",
                                "text": "Solo poruqe a un tipo se le ocurrió y todo los demas le siguieron"
                            }
                        ]
                    }
                ]
            }
        ]
    },
    {
        "client_msg_id": "f62beaac-b11f-4e2c-a28f-d43f0a50183b",
        "type": "message",
        "text": "Vaya uno a saber a que ingeniero de que planeta se le ocurrio hacer el guion un delimitador y todos los otros asintieron.",
        "user": "UM81W8B0Q",
        "ts": "1587932343.338200",
        "team": "TJH5YU202",
        "user_team": "TJH5YU202",
        "source_team": "TJH5YU202",
        "user_profile": {
            "avatar_hash": "gab9279ee8c0",
            "image_72": "https:\/\/secure.gravatar.com\/avatar\/73ab9279ee8c00f66ce4904d30146c8f.jpg?s=72&d=https%3A%2F%2Fa.slack-edge.com%2Fdf10d%2Fimg%2Favatars%2Fava_0010-72.png",
            "first_name": "",
            "real_name": "Angel Pais",
            "display_name": "Angel Pais",
            "team": "TJH5YU202",
            "name": "amigosam",
            "is_restricted": false,
            "is_ultra_restricted": false
        },
        "blocks": [
            {
                "type": "rich_text",
                "block_id": "S5G",
                "elements": [
                    {
                        "type": "rich_text_section",
                        "elements": [
                            {
                                "type": "text",
                                "text": "Vaya uno a saber a que ingeniero de que planeta se le ocurrio hacer el guion un delimitador y todos los otros asintieron."
                            }
                        ]
                    }
                ]
            }
        ]
    },
    {
        "client_msg_id": "67ab9e76-be49-4840-b559-ec898f743d33",
        "type": "message",
        "text": "Tengo una pregunta aún más molesta.",
        "user": "UM81W8B0Q",
        "ts": "1587932378.338500",
        "team": "TJH5YU202",
        "user_team": "TJH5YU202",
        "source_team": "TJH5YU202",
        "user_profile": {
            "avatar_hash": "gab9279ee8c0",
            "image_72": "https:\/\/secure.gravatar.com\/avatar\/73ab9279ee8c00f66ce4904d30146c8f.jpg?s=72&d=https%3A%2F%2Fa.slack-edge.com%2Fdf10d%2Fimg%2Favatars%2Fava_0010-72.png",
            "first_name": "",
            "real_name": "Angel Pais",
            "display_name": "Angel Pais",
            "team": "TJH5YU202",
            "name": "amigosam",
            "is_restricted": false,
            "is_ultra_restricted": false
        },
        "edited": {
            "user": "UM81W8B0Q",
            "ts": "1587932484.000000"
        },
        "blocks": [
            {
                "type": "rich_text",
                "block_id": "uUSdh",
                "elements": [
                    {
                        "type": "rich_text_section",
                        "elements": [
                            {
                                "type": "text",
                                "text": "Tengo una pregunta aún más molesta."
                            }
                        ]
                    }
                ]
            }
        ]
    },
    {
        "client_msg_id": "c7b7eaa2-42d1-4d60-9e4c-54197150f9b2",
        "type": "message",
        "text": "A quien se le ocurrió meter corchetes ( { ) en los lenguajes de programación ?????",
        "user": "UM81W8B0Q",
        "ts": "1587932411.339200",
        "team": "TJH5YU202",
        "user_team": "TJH5YU202",
        "source_team": "TJH5YU202",
        "user_profile": {
            "avatar_hash": "gab9279ee8c0",
            "image_72": "https:\/\/secure.gravatar.com\/avatar\/73ab9279ee8c00f66ce4904d30146c8f.jpg?s=72&d=https%3A%2F%2Fa.slack-edge.com%2Fdf10d%2Fimg%2Favatars%2Fava_0010-72.png",
            "first_name": "",
            "real_name": "Angel Pais",
            "display_name": "Angel Pais",
            "team": "TJH5YU202",
            "name": "amigosam",
            "is_restricted": false,
            "is_ultra_restricted": false
        },
        "blocks": [
            {
                "type": "rich_text",
                "block_id": "=qJ",
                "elements": [
                    {
                        "type": "rich_text_section",
                        "elements": [
                            {
                                "type": "text",
                                "text": "A quien se le ocurrió meter corchetes ( { ) en los lenguajes de programación ?????"
                            }
                        ]
                    }
                ]
            }
        ]
    },
    {
        "client_msg_id": "772ba2ea-50a8-47fe-bbc3-7f359f841758",
        "type": "message",
        "text": "ME PUEDEN EXPLICAR ?!",
        "user": "UM81W8B0Q",
        "ts": "1587932442.339700",
        "team": "TJH5YU202",
        "user_team": "TJH5YU202",
        "source_team": "TJH5YU202",
        "user_profile": {
            "avatar_hash": "gab9279ee8c0",
            "image_72": "https:\/\/secure.gravatar.com\/avatar\/73ab9279ee8c00f66ce4904d30146c8f.jpg?s=72&d=https%3A%2F%2Fa.slack-edge.com%2Fdf10d%2Fimg%2Favatars%2Fava_0010-72.png",
            "first_name": "",
            "real_name": "Angel Pais",
            "display_name": "Angel Pais",
            "team": "TJH5YU202",
            "name": "amigosam",
            "is_restricted": false,
            "is_ultra_restricted": false
        },
        "blocks": [
            {
                "type": "rich_text",
                "block_id": "ZEwar",
                "elements": [
                    {
                        "type": "rich_text_section",
                        "elements": [
                            {
                                "type": "text",
                                "text": "ME PUEDEN EXPLICAR ?!"
                            }
                        ]
                    }
                ]
            }
        ]
    },
    {
        "client_msg_id": "8cf3d608-643c-4c95-a101-a7067a89e9cd",
        "type": "message",
        "text": "<@UJU3NMK0U>,",
        "user": "UJHD6A81H",
        "ts": "1587938203.340300",
        "team": "TJH5YU202",
        "user_team": "TJH5YU202",
        "source_team": "TJH5YU202",
        "user_profile": {
            "avatar_hash": "g6b8073e00e9",
            "image_72": "https:\/\/secure.gravatar.com\/avatar\/b96b8073e00e9eb02bcf05bc1418eb3a.jpg?s=72&d=https%3A%2F%2Fa.slack-edge.com%2Fdf10d%2Fimg%2Favatars%2Fava_0021-72.png",
            "first_name": "Otto",
            "real_name": "Otto Atzwanger",
            "display_name": "Otto",
            "team": "TJH5YU202",
            "name": "otto",
            "is_restricted": false,
            "is_ultra_restricted": false
        },
        "blocks": [
            {
                "type": "rich_text",
                "block_id": "hOu",
                "elements": [
                    {
                        "type": "rich_text_section",
                        "elements": [
                            {
                                "type": "user",
                                "user_id": "UJU3NMK0U"
                            },
                            {
                                "type": "text",
                                "text": ","
                            }
                        ]
                    }
                ]
            }
        ]
    },
    {
        "client_msg_id": "1991a994-c8bf-44bc-82eb-65ed99d0659c",
        "type": "message",
        "text": "for I := 1 to len(cVData)\n? ( cVData + CRLF + substr(cVData,I,1) + \"  #  \"+ str( ASC ( substr(cVData,I,1)) ))\n next",
        "user": "UJHD6A81H",
        "ts": "1587938329.340700",
        "team": "TJH5YU202",
        "user_team": "TJH5YU202",
        "source_team": "TJH5YU202",
        "user_profile": {
            "avatar_hash": "g6b8073e00e9",
            "image_72": "https:\/\/secure.gravatar.com\/avatar\/b96b8073e00e9eb02bcf05bc1418eb3a.jpg?s=72&d=https%3A%2F%2Fa.slack-edge.com%2Fdf10d%2Fimg%2Favatars%2Fava_0021-72.png",
            "first_name": "Otto",
            "real_name": "Otto Atzwanger",
            "display_name": "Otto",
            "team": "TJH5YU202",
            "name": "otto",
            "is_restricted": false,
            "is_ultra_restricted": false
        },
        "blocks": [
            {
                "type": "rich_text",
                "block_id": "viFF",
                "elements": [
                    {
                        "type": "rich_text_section",
                        "elements": [
                            {
                                "type": "text",
                                "text": "for I := 1 to len(cVData)\n? ( cVData + CRLF + substr(cVData,I,1) + \"  #  \"+ str( ASC ( substr(cVData,I,1)) ))\n next"
                            }
                        ]
                    }
                ]
            }
        ]
    },
    {
        "client_msg_id": "33dcae8d-6c33-4415-ace6-e5df02dc8c6a",
        "type": "message",
        "text": "search for  ASC 10 + ASC 13  and replace",
        "user": "UJHD6A81H",
        "ts": "1587938446.341400",
        "team": "TJH5YU202",
        "user_team": "TJH5YU202",
        "source_team": "TJH5YU202",
        "user_profile": {
            "avatar_hash": "g6b8073e00e9",
            "image_72": "https:\/\/secure.gravatar.com\/avatar\/b96b8073e00e9eb02bcf05bc1418eb3a.jpg?s=72&d=https%3A%2F%2Fa.slack-edge.com%2Fdf10d%2Fimg%2Favatars%2Fava_0021-72.png",
            "first_name": "Otto",
            "real_name": "Otto Atzwanger",
            "display_name": "Otto",
            "team": "TJH5YU202",
            "name": "otto",
            "is_restricted": false,
            "is_ultra_restricted": false
        },
        "blocks": [
            {
                "type": "rich_text",
                "block_id": "eI3ia",
                "elements": [
                    {
                        "type": "rich_text_section",
                        "elements": [
                            {
                                "type": "text",
                                "text": "search for  ASC 10 + ASC 13  and replace"
                            }
                        ]
                    }
                ]
            }
        ]
    },
    {
        "client_msg_id": "d9dcf9b5-3703-45dc-84c9-4ddde0a33e32",
        "type": "message",
        "text": "cVData  :=  STRTRAN(cVData, chr(10), \"\" )",
        "user": "UJHD6A81H",
        "ts": "1587938460.341800",
        "team": "TJH5YU202",
        "user_team": "TJH5YU202",
        "source_team": "TJH5YU202",
        "user_profile": {
            "avatar_hash": "g6b8073e00e9",
            "image_72": "https:\/\/secure.gravatar.com\/avatar\/b96b8073e00e9eb02bcf05bc1418eb3a.jpg?s=72&d=https%3A%2F%2Fa.slack-edge.com%2Fdf10d%2Fimg%2Favatars%2Fava_0021-72.png",
            "first_name": "Otto",
            "real_name": "Otto Atzwanger",
            "display_name": "Otto",
            "team": "TJH5YU202",
            "name": "otto",
            "is_restricted": false,
            "is_ultra_restricted": false
        },
        "blocks": [
            {
                "type": "rich_text",
                "block_id": "YKl",
                "elements": [
                    {
                        "type": "rich_text_section",
                        "elements": [
                            {
                                "type": "text",
                                "text": "cVData  :=  STRTRAN(cVData, chr(10), \"\" )"
                            }
                        ]
                    }
                ]
            }
        ]
    },
    {
        "client_msg_id": "3890dfc6-d4d4-4bf3-b26b-f54bb98b333d",
        "type": "message",
        "text": "cVData  :=  STRTRAN(cVData, chr(13), \"\" )",
        "user": "UJHD6A81H",
        "ts": "1587938476.342000",
        "team": "TJH5YU202",
        "user_team": "TJH5YU202",
        "source_team": "TJH5YU202",
        "user_profile": {
            "avatar_hash": "g6b8073e00e9",
            "image_72": "https:\/\/secure.gravatar.com\/avatar\/b96b8073e00e9eb02bcf05bc1418eb3a.jpg?s=72&d=https%3A%2F%2Fa.slack-edge.com%2Fdf10d%2Fimg%2Favatars%2Fava_0021-72.png",
            "first_name": "Otto",
            "real_name": "Otto Atzwanger",
            "display_name": "Otto",
            "team": "TJH5YU202",
            "name": "otto",
            "is_restricted": false,
            "is_ultra_restricted": false
        },
        "blocks": [
            {
                "type": "rich_text",
                "block_id": "Sao5",
                "elements": [
                    {
                        "type": "rich_text_section",
                        "elements": [
                            {
                                "type": "text",
                                "text": "cVData  :=  STRTRAN(cVData, chr(13), \"\" )"
                            }
                        ]
                    }
                ]
            }
        ]
    },
    {
        "type": "message",
        "text": "",
        "files": [
            {
                "id": "F012CACF686",
                "created": 1587938607,
                "timestamp": 1587938607,
                "name": "grafik.png",
                "title": "grafik.png",
                "mimetype": "image\/png",
                "filetype": "png",
                "pretty_type": "PNG",
                "user": "UJHD6A81H",
                "editable": false,
                "size": 6855,
                "mode": "hosted",
                "is_external": false,
                "external_type": "",
                "is_public": true,
                "public_url_shared": false,
                "display_as_bot": false,
                "username": "",
                "url_private": "https:\/\/files.slack.com\/files-pri\/TJH5YU202-F012CACF686\/grafik.png?t=xoxe-629202954002-1115206499825-1101204359349-48e7ea248bf98b7fac300966398406ac",
                "url_private_download": "https:\/\/files.slack.com\/files-pri\/TJH5YU202-F012CACF686\/download\/grafik.png?t=xoxe-629202954002-1115206499825-1101204359349-48e7ea248bf98b7fac300966398406ac",
                "thumb_64": "https:\/\/files.slack.com\/files-tmb\/TJH5YU202-F012CACF686-8a1a85abd2\/grafik_64.png?t=xoxe-629202954002-1115206499825-1101204359349-48e7ea248bf98b7fac300966398406ac",
                "thumb_80": "https:\/\/files.slack.com\/files-tmb\/TJH5YU202-F012CACF686-8a1a85abd2\/grafik_80.png?t=xoxe-629202954002-1115206499825-1101204359349-48e7ea248bf98b7fac300966398406ac",
                "thumb_360": "https:\/\/files.slack.com\/files-tmb\/TJH5YU202-F012CACF686-8a1a85abd2\/grafik_360.png?t=xoxe-629202954002-1115206499825-1101204359349-48e7ea248bf98b7fac300966398406ac",
                "thumb_360_w": 271,
                "thumb_360_h": 360,
                "thumb_160": "https:\/\/files.slack.com\/files-tmb\/TJH5YU202-F012CACF686-8a1a85abd2\/grafik_160.png?t=xoxe-629202954002-1115206499825-1101204359349-48e7ea248bf98b7fac300966398406ac",
                "original_w": 313,
                "original_h": 416,
                "thumb_tiny": "AwAwACS4I8\/xGlMX+2aUbiDg4wKUBj36jNO7FyoZ5PP32oMORjeaftbA+alGSccUXCyGxJ5alcluepp9IvOaWkMav3T9KcvUfSmr0P0py9R9KADnA4xx+VC\/eP0o6AADjFC9TQAnc\/WlpO5+tLQIavQ\/SnL1H0poIC9qQOD\/AProGP7D6UL1NN3j\/JoDA89KAF7n60tIO+KWgD\/\/2Q==",
                "permalink": "https:\/\/harbourproject.slack.com\/files\/UJHD6A81H\/F012CACF686\/grafik.png",
                "permalink_public": "https:\/\/slack-files.com\/TJH5YU202-F012CACF686-8253f1ca43",
                "is_starred": false,
                "has_rich_preview": false
            }
        ],
        "upload": true,
        "user": "UJHD6A81H",
        "display_as_bot": false,
        "ts": "1587938609.342100",
        "client_msg_id": "b0a207ef-8036-4e40-bb5c-d4ebc276851d"
    }
]