[
    {
        "client_msg_id": "005b7814-d39b-43c0-9281-236bd43faeeb",
        "type": "message",
        "text": "si me envias un pequeño ejemplo te lo pruebo",
        "user": "UJUJLTWMT",
        "ts": "1585581660.426000",
        "team": "TJH5YU202",
        "user_team": "TJH5YU202",
        "source_team": "TJH5YU202",
        "user_profile": {
            "avatar_hash": "a60e3b1ef2d2",
            "image_72": "https:\/\/avatars.slack-edge.com\/2019-08-20\/726246109489_a60e3b1ef2d2c141969d_72.jpg",
            "first_name": "",
            "real_name": "Cristobal",
            "display_name": "Cristobal",
            "team": "TJH5YU202",
            "name": "navarro.cristobal",
            "is_restricted": false,
            "is_ultra_restricted": false
        },
        "blocks": [
            {
                "type": "rich_text",
                "block_id": "Iexg",
                "elements": [
                    {
                        "type": "rich_text_section",
                        "elements": [
                            {
                                "type": "text",
                                "text": "si me envias un pequeño ejemplo te lo pruebo"
                            }
                        ]
                    }
                ]
            }
        ]
    }
]