[
    {
        "id": "CJUHF8SBX",
        "name": "modharbour",
        "created": "1558363759",
        "creator": "UJU2ZLJBW",
        "is_archived": false,
        "is_general": false,
        "members": [
            "UJH8DPY58",
            "UJH8HAJQ2",
            "UJH8KKHQB",
            "UJH8PDR35",
            "UJH8Q8JDQ",
            "UJH8ZDJ2F",
            "UJHACB1M1",
            "UJHD0S3FU",
            "UJHD6A81H",
            "UJHGC7Q5R",
            "UJHJDGV6W",
            "UJHK2Q8UT",
            "UJHKRACN7",
            "UJHL77J03",
            "UJHU0DERY",
            "UJJ3A9TR9",
            "UJJ96K98T",
            "UJJD31ADQ",
            "UJJM91LLA",
            "UJJNSR2V8",
            "UJK7SNX51",
            "UJKQTKEPL",
            "UJLCXB75Y",
            "UJLMKK81Y",
            "UJMG94NRY",
            "UJMQNSKCK",
            "UJN8D8U3B",
            "UJNB76C9F",
            "UJNB9FDSM",
            "UJNBZP9KK",
            "UJNCB6NGZ",
            "UJNEM6G7K",
            "UJNFYADR7",
            "UJP03S59P",
            "UJP2S0JG3",
            "UJP3M5Z27",
            "UJP64AQN5",
            "UJPQ9BE9X",
            "UJQF5UK6E",
            "UJQPYC1AM",
            "UJQVBKB7U",
            "UJR3T68P3",
            "UJRBDNTLZ",
            "UJRQZMTAM",
            "UJU2ZLJBW",
            "UJU3NMK0U",
            "UJU5AHSKT",
            "UJU5KF40L",
            "UJU6CJX3N",
            "UJU6D66Q4",
            "UJU6EJHU4",
            "UJUEYPS76",
            "UJUFNFMFE",
            "UJUHTRR28",
            "UJUJ98L1J",
            "UJUJLTWMT",
            "UJUL6623X",
            "UJULAGJG5",
            "UJULFA021",
            "UJULPE8RW",
            "UJULQCHL5",
            "UJULSF7E1",
            "UJUM34LER",
            "UJUN0TLBW",
            "UJUN3GXNC",
            "UJUN8JZR6",
            "UJUNDNRAQ",
            "UJUP0N221",
            "UJUP7JU9E",
            "UJUPHEAPP",
            "UJUQE7X2R",
            "UJURBDZ6U",
            "UJUS0GT8D",
            "UJUSD6VB2",
            "UJUSQ34S0",
            "UJV10QJCC",
            "UJV12UW9W",
            "UJV1HRVB6",
            "UJV24GZT7",
            "UJV2VSQAZ",
            "UJV4XG3J4",
            "UJV598NFJ",
            "UJV76NZ8Q",
            "UJV90Q7HB",
            "UJVAZ9E2Y",
            "UJVB4M0DN",
            "UJVF4N84Q",
            "UJW281FMK",
            "UJW6NRHPA",
            "UJWGS5U6T",
            "UJWGTCNS3",
            "UJWJHT14P",
            "UJWJTJ65D",
            "UJWL69Z8X",
            "UJWMTB0T1",
            "UJWR5N32S",
            "UJWRL1Y77",
            "UJWU1NLQ6",
            "UJWU9P1LP",
            "UJWV3HUKH",
            "UJX314PFY",
            "UJX32B694",
            "UJX3VLXK8",
            "UJX4C0P1U",
            "UJX4HSRUP",
            "UJXA501RC",
            "UJXCA9VE2",
            "UJXD6MMFZ",
            "UJXFG9D2S",
            "UJXK6SVHU",
            "UJXP7LS78",
            "UJY1SQ6MB",
            "UJY3GFN2V",
            "UJY5ETCA1",
            "UJY5KM724",
            "UJY6ZUCSH",
            "UJYP33LDN",
            "UJYP5GGNL",
            "UJYQFNHFS",
            "UJYUK5THC",
            "UJZ7DQX8C",
            "UJZF4V51N",
            "UJZV0T6HZ",
            "UK07V2S6S",
            "UK0922GAC",
            "UK0BTDA3C",
            "UK0JHC0UW",
            "UK15KFSMT",
            "UK1AKPV0F",
            "UK1L4F0NS",
            "UK1UB15U6",
            "UK215QNLF",
            "UK28N3CER",
            "UK49CRGNT",
            "UK4BLGK8F",
            "UK88RQLJE",
            "UK8KRQ6JZ",
            "UK8QEFNGZ",
            "UKAU9T6ET",
            "UKDEXSQJ0",
            "UKE0GJWE8",
            "UKE79TB1D",
            "UKENHGVCZ",
            "UKGM5MTBQ",
            "UKMRM8K16",
            "UKZJJF8R1",
            "UL77SJTB2",
            "UM81W8B0Q",
            "UM99QAYNB",
            "UMEKEE1M5",
            "UMJ74NJAH",
            "UMZ3LNV5Z",
            "UN25G20BD",
            "UN7FXC1L1",
            "UNAHBRTFA",
            "UNG79HVT2"
        ],
        "topic": {
            "value": "",
            "creator": "",
            "last_set": "0"
        },
        "purpose": {
            "value": "",
            "creator": "",
            "last_set": "0"
        }
    },
    {
        "id": "CJUJGSZ5E",
        "name": "general",
        "created": "1558363758",
        "creator": "UJU2ZLJBW",
        "is_archived": false,
        "is_general": true,
        "members": [
            "UJH8DPY58",
            "UJH8HAJQ2",
            "UJH8KKHQB",
            "UJH8PDR35",
            "UJH8Q8JDQ",
            "UJH8ZDJ2F",
            "UJHACB1M1",
            "UJHD0S3FU",
            "UJHD6A81H",
            "UJHGC7Q5R",
            "UJHJDGV6W",
            "UJHK2Q8UT",
            "UJHKRACN7",
            "UJHL77J03",
            "UJHU0DERY",
            "UJJ3A9TR9",
            "UJJ96K98T",
            "UJJD31ADQ",
            "UJJM91LLA",
            "UJJNSR2V8",
            "UJK7SNX51",
            "UJKQTKEPL",
            "UJLCXB75Y",
            "UJLMKK81Y",
            "UJMG94NRY",
            "UJMQNSKCK",
            "UJN8D8U3B",
            "UJNB76C9F",
            "UJNB9FDSM",
            "UJNBZP9KK",
            "UJNCB6NGZ",
            "UJNEM6G7K",
            "UJNFYADR7",
            "UJP03S59P",
            "UJP2S0JG3",
            "UJP3M5Z27",
            "UJP64AQN5",
            "UJPQ9BE9X",
            "UJQF5UK6E",
            "UJQPYC1AM",
            "UJQVBKB7U",
            "UJR3T68P3",
            "UJRBDNTLZ",
            "UJRQZMTAM",
            "UJU2ZLJBW",
            "UJU3NMK0U",
            "UJU5AHSKT",
            "UJU5KF40L",
            "UJU6CJX3N",
            "UJU6D66Q4",
            "UJU6EJHU4",
            "UJUEYPS76",
            "UJUFNFMFE",
            "UJUHTRR28",
            "UJUJ98L1J",
            "UJUJLTWMT",
            "UJUL6623X",
            "UJULAGJG5",
            "UJULFA021",
            "UJULPE8RW",
            "UJULQCHL5",
            "UJULSF7E1",
            "UJUM34LER",
            "UJUN0TLBW",
            "UJUN3GXNC",
            "UJUN8JZR6",
            "UJUNDNRAQ",
            "UJUP0N221",
            "UJUP7JU9E",
            "UJUPHEAPP",
            "UJUQE7X2R",
            "UJURBDZ6U",
            "UJUS0GT8D",
            "UJUSD6VB2",
            "UJUSQ34S0",
            "UJV10QJCC",
            "UJV12UW9W",
            "UJV1HRVB6",
            "UJV24GZT7",
            "UJV2VSQAZ",
            "UJV4XG3J4",
            "UJV598NFJ",
            "UJV76NZ8Q",
            "UJV90Q7HB",
            "UJVAZ9E2Y",
            "UJVB4M0DN",
            "UJVF4N84Q",
            "UJW281FMK",
            "UJW6NRHPA",
            "UJWGS5U6T",
            "UJWGTCNS3",
            "UJWJHT14P",
            "UJWJTJ65D",
            "UJWL69Z8X",
            "UJWMTB0T1",
            "UJWR5N32S",
            "UJWRL1Y77",
            "UJWU1NLQ6",
            "UJWU9P1LP",
            "UJWV3HUKH",
            "UJX314PFY",
            "UJX32B694",
            "UJX3VLXK8",
            "UJX4C0P1U",
            "UJX4HSRUP",
            "UJXA501RC",
            "UJXCA9VE2",
            "UJXD6MMFZ",
            "UJXFG9D2S",
            "UJXK6SVHU",
            "UJXP7LS78",
            "UJY1SQ6MB",
            "UJY3GFN2V",
            "UJY5ETCA1",
            "UJY5KM724",
            "UJY6ZUCSH",
            "UJYP33LDN",
            "UJYP5GGNL",
            "UJYQFNHFS",
            "UJYUK5THC",
            "UJZ7DQX8C",
            "UJZF4V51N",
            "UJZV0T6HZ",
            "UK07V2S6S",
            "UK0922GAC",
            "UK0BTDA3C",
            "UK0JHC0UW",
            "UK15KFSMT",
            "UK1AKPV0F",
            "UK1L4F0NS",
            "UK1UB15U6",
            "UK215QNLF",
            "UK28N3CER",
            "UK49CRGNT",
            "UK4BLGK8F",
            "UK88RQLJE",
            "UK8KRQ6JZ",
            "UK8QEFNGZ",
            "UKAU9T6ET",
            "UKDEXSQJ0",
            "UKE0GJWE8",
            "UKE79TB1D",
            "UKENHGVCZ",
            "UKGM5MTBQ",
            "UKMRM8K16",
            "UKZJJF8R1",
            "UL77SJTB2",
            "UM81W8B0Q",
            "UM99QAYNB",
            "UMEKEE1M5",
            "UMJ74NJAH",
            "UMZ3LNV5Z",
            "UN25G20BD",
            "UN7FXC1L1",
            "UNAHBRTFA",
            "UNG79HVT2"
        ],
        "topic": {
            "value": "Anuncios para toda la empresa y cuestiones de trabajo",
            "creator": "UJU2ZLJBW",
            "last_set": "1558363758"
        },
        "purpose": {
            "value": "Este canal es para comunicaciones y anuncios generales del espacio de trabajo. Todos los miembros están en este canal.",
            "creator": "UJU2ZLJBW",
            "last_set": "1558363758"
        }
    },
    {
        "id": "CJUJGT1S4",
        "name": "varios",
        "created": "1558363758",
        "creator": "UJU2ZLJBW",
        "is_archived": false,
        "is_general": false,
        "members": [
            "UJH8DPY58",
            "UJH8HAJQ2",
            "UJH8KKHQB",
            "UJH8PDR35",
            "UJH8Q8JDQ",
            "UJH8ZDJ2F",
            "UJHACB1M1",
            "UJHD0S3FU",
            "UJHD6A81H",
            "UJHGC7Q5R",
            "UJHJDGV6W",
            "UJHK2Q8UT",
            "UJHKRACN7",
            "UJHL77J03",
            "UJHU0DERY",
            "UJJ3A9TR9",
            "UJJ96K98T",
            "UJJD31ADQ",
            "UJJM91LLA",
            "UJJNSR2V8",
            "UJK7SNX51",
            "UJKQTKEPL",
            "UJLCXB75Y",
            "UJLMKK81Y",
            "UJMG94NRY",
            "UJMQNSKCK",
            "UJN8D8U3B",
            "UJNB76C9F",
            "UJNB9FDSM",
            "UJNBZP9KK",
            "UJNCB6NGZ",
            "UJNEM6G7K",
            "UJNFYADR7",
            "UJP03S59P",
            "UJP2S0JG3",
            "UJP3M5Z27",
            "UJP64AQN5",
            "UJPQ9BE9X",
            "UJQF5UK6E",
            "UJQPYC1AM",
            "UJQVBKB7U",
            "UJR3T68P3",
            "UJRBDNTLZ",
            "UJRQZMTAM",
            "UJU2ZLJBW",
            "UJU3NMK0U",
            "UJU5AHSKT",
            "UJU5KF40L",
            "UJU6CJX3N",
            "UJU6D66Q4",
            "UJU6EJHU4",
            "UJUEYPS76",
            "UJUFNFMFE",
            "UJUHTRR28",
            "UJUJ98L1J",
            "UJUJLTWMT",
            "UJUL6623X",
            "UJULAGJG5",
            "UJULFA021",
            "UJULPE8RW",
            "UJULQCHL5",
            "UJULSF7E1",
            "UJUM34LER",
            "UJUN0TLBW",
            "UJUN3GXNC",
            "UJUN8JZR6",
            "UJUNDNRAQ",
            "UJUP0N221",
            "UJUP7JU9E",
            "UJUPHEAPP",
            "UJUQE7X2R",
            "UJURBDZ6U",
            "UJUS0GT8D",
            "UJUSD6VB2",
            "UJUSQ34S0",
            "UJV10QJCC",
            "UJV12UW9W",
            "UJV1HRVB6",
            "UJV24GZT7",
            "UJV2VSQAZ",
            "UJV4XG3J4",
            "UJV598NFJ",
            "UJV76NZ8Q",
            "UJV90Q7HB",
            "UJVAZ9E2Y",
            "UJVB4M0DN",
            "UJVF4N84Q",
            "UJW281FMK",
            "UJW6NRHPA",
            "UJWGS5U6T",
            "UJWGTCNS3",
            "UJWJHT14P",
            "UJWJTJ65D",
            "UJWL69Z8X",
            "UJWMTB0T1",
            "UJWR5N32S",
            "UJWRL1Y77",
            "UJWU1NLQ6",
            "UJWU9P1LP",
            "UJWV3HUKH",
            "UJX314PFY",
            "UJX32B694",
            "UJX3VLXK8",
            "UJX4C0P1U",
            "UJX4HSRUP",
            "UJXA501RC",
            "UJXCA9VE2",
            "UJXD6MMFZ",
            "UJXFG9D2S",
            "UJXK6SVHU",
            "UJXP7LS78",
            "UJY1SQ6MB",
            "UJY3GFN2V",
            "UJY5ETCA1",
            "UJY5KM724",
            "UJY6ZUCSH",
            "UJYP33LDN",
            "UJYP5GGNL",
            "UJYQFNHFS",
            "UJYUK5THC",
            "UJZ7DQX8C",
            "UJZF4V51N",
            "UJZV0T6HZ",
            "UK07V2S6S",
            "UK0922GAC",
            "UK0BTDA3C",
            "UK0JHC0UW",
            "UK15KFSMT",
            "UK1AKPV0F",
            "UK1L4F0NS",
            "UK1UB15U6",
            "UK215QNLF",
            "UK28N3CER",
            "UK49CRGNT",
            "UK4BLGK8F",
            "UK88RQLJE",
            "UK8KRQ6JZ",
            "UK8QEFNGZ",
            "UKAU9T6ET",
            "UKDEXSQJ0",
            "UKE0GJWE8",
            "UKE79TB1D",
            "UKENHGVCZ",
            "UKGM5MTBQ",
            "UKMRM8K16",
            "UKZJJF8R1",
            "UL77SJTB2",
            "UM81W8B0Q",
            "UM99QAYNB",
            "UMEKEE1M5",
            "UMJ74NJAH",
            "UMZ3LNV5Z",
            "UN25G20BD",
            "UN7FXC1L1",
            "UNAHBRTFA",
            "UNG79HVT2"
        ],
        "topic": {
            "value": "Conversaciones ajenas al trabajo y charlas para socializar",
            "creator": "UJU2ZLJBW",
            "last_set": "1558363758"
        },
        "purpose": {
            "value": "Un lugar para charlar, soltar tonterías y distraerte de otros canales más centrados en cuestiones relacionadas con el trabajo.",
            "creator": "UJU2ZLJBW",
            "last_set": "1558363758"
        }
    },
    {
        "id": "CL6HGTURE",
        "name": "modharbour_en",
        "created": "1562438211",
        "creator": "UJU2ZLJBW",
        "is_archived": false,
        "is_general": false,
        "members": [
            "UJH8HAJQ2",
            "UJK7SNX51",
            "UJKQTKEPL",
            "UJQPYC1AM",
            "UJU2ZLJBW",
            "UJUJLTWMT",
            "UJULQCHL5",
            "UJVB4M0DN",
            "UJWGS5U6T",
            "UJWU9P1LP",
            "UM81W8B0Q",
            "UM99QAYNB",
            "UMZ3LNV5Z",
            "UNAHBRTFA"
        ],
        "topic": {
            "value": "",
            "creator": "",
            "last_set": "0"
        },
        "purpose": {
            "value": "For English speakers",
            "creator": "UJU2ZLJBW",
            "last_set": "1562438212"
        }
    },
    {
        "id": "CMYBD1HUZ",
        "name": "mvc",
        "created": "1567961363",
        "creator": "UJWR5N32S",
        "is_archived": false,
        "is_general": false,
        "members": [
            "UJH8HAJQ2",
            "UJH8PDR35",
            "UJHK2Q8UT",
            "UJJNSR2V8",
            "UJU3NMK0U",
            "UJU6EJHU4",
            "UJUFNFMFE",
            "UJUJLTWMT",
            "UJULAGJG5",
            "UJULQCHL5",
            "UJWR5N32S",
            "UJXP7LS78",
            "UM81W8B0Q",
            "UMZ3LNV5Z",
            "UNAHBRTFA"
        ],
        "topic": {
            "value": "",
            "creator": "",
            "last_set": "0"
        },
        "purpose": {
            "value": "Model View Controller for Harbour",
            "creator": "UJWR5N32S",
            "last_set": "1567961364"
        }
    },
    {
        "id": "CN5QSU3DL",
        "name": "harbour_emscripten",
        "created": "1567788887",
        "creator": "UJWU1NLQ6",
        "is_archived": false,
        "is_general": false,
        "members": [
            "UJWU1NLQ6",
            "UNAHBRTFA"
        ],
        "topic": {
            "value": "",
            "creator": "",
            "last_set": "0"
        },
        "purpose": {
            "value": "",
            "creator": "",
            "last_set": "0"
        }
    }
]