[
    {
        "client_msg_id": "6cb461e5-5b38-412d-a810-6e9ae56bd080",
        "type": "message",
        "text": "Ok Cristobal, Gracias por tu respuesta. Un buen ejercicio de animación sería tener un CRUD sencillito y bien modularizado.\n\nSi ya lo dije yo que lo que necesitamos es un GUI :sweat_smile:\n\nPorcier, al pulsar en el movil ir se lanza \"Forgot password\" en vez de Continue.",
        "user": "UJULQCHL5",
        "ts": "1564042206.194800",
        "team": "TJH5YU202",
        "user_team": "TJH5YU202",
        "source_team": "TJH5YU202",
        "user_profile": {
            "avatar_hash": "g7659142325a",
            "image_72": "https:\/\/secure.gravatar.com\/avatar\/c87659142325a3facb661d85281ec091.jpg?s=72&d=https%3A%2F%2Fa.slack-edge.com%2F80588%2Fimg%2Favatars%2Fuser_shapes%2Fava_0003-72.png",
            "first_name": "",
            "real_name": "Paquito",
            "display_name": "Paquito",
            "team": "TJH5YU202",
            "name": "hmpaquito",
            "is_restricted": false,
            "is_ultra_restricted": false
        },
        "thread_ts": "1563987885.186800",
        "parent_user_id": "UJULQCHL5"
    },
    {
        "client_msg_id": "7de858ab-3bda-4076-a273-fb90a78f91e6",
        "type": "message",
        "text": "Pregúntale a EXE que es tu padre.\nDile a EXE que hoy no se puede.\nEXE sabrá.\n\nEjecutando, ejecutando y ejecutando... :grinning:",
        "user": "UJULQCHL5",
        "ts": "1564042347.196000",
        "team": "TJH5YU202",
        "user_team": "TJH5YU202",
        "source_team": "TJH5YU202",
        "user_profile": {
            "avatar_hash": "g7659142325a",
            "image_72": "https:\/\/secure.gravatar.com\/avatar\/c87659142325a3facb661d85281ec091.jpg?s=72&d=https%3A%2F%2Fa.slack-edge.com%2F80588%2Fimg%2Favatars%2Fuser_shapes%2Fava_0003-72.png",
            "first_name": "",
            "real_name": "Paquito",
            "display_name": "Paquito",
            "team": "TJH5YU202",
            "name": "hmpaquito",
            "is_restricted": false,
            "is_ultra_restricted": false
        }
    },
    {
        "client_msg_id": "031b08f6-f0fd-42cd-9754-7fbc510b08b6",
        "type": "message",
        "text": "ok, dile a Antonio lo del \"Forgot....\"",
        "user": "UJUJLTWMT",
        "ts": "1564048036.196500",
        "team": "TJH5YU202",
        "user_team": "TJH5YU202",
        "source_team": "TJH5YU202",
        "user_profile": {
            "avatar_hash": "a60e3b1ef2d2",
            "image_72": "https:\/\/avatars.slack-edge.com\/2019-08-20\/726246109489_a60e3b1ef2d2c141969d_72.jpg",
            "first_name": "",
            "real_name": "Cristobal",
            "display_name": "Cristobal",
            "team": "TJH5YU202",
            "name": "navarro.cristobal",
            "is_restricted": false,
            "is_ultra_restricted": false
        },
        "thread_ts": "1563987885.186800",
        "parent_user_id": "UJULQCHL5"
    },
    {
        "type": "message",
        "text": "",
        "files": [
            {
                "id": "FLTSV78G7",
                "created": 1564071435,
                "timestamp": 1564071435,
                "name": "image.png",
                "title": "image.png",
                "mimetype": "image\/png",
                "filetype": "png",
                "pretty_type": "PNG",
                "user": "UJN8D8U3B",
                "editable": false,
                "size": 175295,
                "mode": "hosted",
                "is_external": false,
                "external_type": "",
                "is_public": true,
                "public_url_shared": false,
                "display_as_bot": false,
                "username": "",
                "url_private": "https:\/\/files.slack.com\/files-pri\/TJH5YU202-FLTSV78G7\/image.png?t=xoxe-629202954002-776688371669-763909703378-01ffaa4c4eeda75ea92ad255b32a04e5",
                "url_private_download": "https:\/\/files.slack.com\/files-pri\/TJH5YU202-FLTSV78G7\/download\/image.png?t=xoxe-629202954002-776688371669-763909703378-01ffaa4c4eeda75ea92ad255b32a04e5",
                "thumb_64": "https:\/\/files.slack.com\/files-tmb\/TJH5YU202-FLTSV78G7-eabf9ec5ad\/image_64.png?t=xoxe-629202954002-776688371669-763909703378-01ffaa4c4eeda75ea92ad255b32a04e5",
                "thumb_80": "https:\/\/files.slack.com\/files-tmb\/TJH5YU202-FLTSV78G7-eabf9ec5ad\/image_80.png?t=xoxe-629202954002-776688371669-763909703378-01ffaa4c4eeda75ea92ad255b32a04e5",
                "thumb_360": "https:\/\/files.slack.com\/files-tmb\/TJH5YU202-FLTSV78G7-eabf9ec5ad\/image_360.png?t=xoxe-629202954002-776688371669-763909703378-01ffaa4c4eeda75ea92ad255b32a04e5",
                "thumb_360_w": 360,
                "thumb_360_h": 115,
                "thumb_480": "https:\/\/files.slack.com\/files-tmb\/TJH5YU202-FLTSV78G7-eabf9ec5ad\/image_480.png?t=xoxe-629202954002-776688371669-763909703378-01ffaa4c4eeda75ea92ad255b32a04e5",
                "thumb_480_w": 480,
                "thumb_480_h": 153,
                "thumb_160": "https:\/\/files.slack.com\/files-tmb\/TJH5YU202-FLTSV78G7-eabf9ec5ad\/image_160.png?t=xoxe-629202954002-776688371669-763909703378-01ffaa4c4eeda75ea92ad255b32a04e5",
                "thumb_720": "https:\/\/files.slack.com\/files-tmb\/TJH5YU202-FLTSV78G7-eabf9ec5ad\/image_720.png?t=xoxe-629202954002-776688371669-763909703378-01ffaa4c4eeda75ea92ad255b32a04e5",
                "thumb_720_w": 720,
                "thumb_720_h": 229,
                "thumb_800": "https:\/\/files.slack.com\/files-tmb\/TJH5YU202-FLTSV78G7-eabf9ec5ad\/image_800.png?t=xoxe-629202954002-776688371669-763909703378-01ffaa4c4eeda75ea92ad255b32a04e5",
                "thumb_800_w": 800,
                "thumb_800_h": 255,
                "thumb_960": "https:\/\/files.slack.com\/files-tmb\/TJH5YU202-FLTSV78G7-eabf9ec5ad\/image_960.png?t=xoxe-629202954002-776688371669-763909703378-01ffaa4c4eeda75ea92ad255b32a04e5",
                "thumb_960_w": 960,
                "thumb_960_h": 306,
                "thumb_1024": "https:\/\/files.slack.com\/files-tmb\/TJH5YU202-FLTSV78G7-eabf9ec5ad\/image_1024.png?t=xoxe-629202954002-776688371669-763909703378-01ffaa4c4eeda75ea92ad255b32a04e5",
                "thumb_1024_w": 1024,
                "thumb_1024_h": 326,
                "image_exif_rotation": 1,
                "original_w": 1589,
                "original_h": 506,
                "permalink": "https:\/\/harbourproject.slack.com\/files\/UJN8D8U3B\/FLTSV78G7\/image.png",
                "permalink_public": "https:\/\/slack-files.com\/TJH5YU202-FLTSV78G7-ed8b0cd84c",
                "is_starred": false,
                "has_rich_preview": false
            }
        ],
        "upload": true,
        "user": "UJN8D8U3B",
        "display_as_bot": false,
        "ts": "1564071438.196700",
        "client_msg_id": "aa0314d6-4444-4365-bb1a-df2dee0c17d6"
    },
    {
        "client_msg_id": "ab381e29-ae0e-4bf5-8ccc-19f88c9ca00b",
        "type": "message",
        "text": "imagenes circulares automáticas en genesis :slightly_smiling_face:",
        "user": "UJN8D8U3B",
        "ts": "1564071450.197200",
        "team": "TJH5YU202",
        "user_team": "TJH5YU202",
        "source_team": "TJH5YU202",
        "user_profile": {
            "avatar_hash": "g92ad2abcc45",
            "image_72": "https:\/\/secure.gravatar.com\/avatar\/8492ad2abcc45ce53969adcf8420acde.jpg?s=72&d=https%3A%2F%2Fa.slack-edge.com%2F80588%2Fimg%2Favatars%2Fuser_shapes%2Fava_0008-72.png",
            "first_name": "",
            "real_name": "Antonio Linares",
            "display_name": "Antonio Linares",
            "team": "TJH5YU202",
            "name": "alinares",
            "is_restricted": false,
            "is_ultra_restricted": false
        }
    },
    {
        "client_msg_id": "a194c18d-2345-4efc-9607-4d06a9dce98f",
        "type": "message",
        "text": "It's nice !",
        "user": "UJWR5N32S",
        "ts": "1564072016.197400",
        "team": "TJH5YU202",
        "user_team": "TJH5YU202",
        "source_team": "TJH5YU202",
        "user_profile": {
            "avatar_hash": "273d3745f7ae",
            "image_72": "https:\/\/avatars.slack-edge.com\/2019-05-20\/634344238497_273d3745f7ae1b176b82_72.jpg",
            "first_name": "Charly",
            "real_name": "Charly",
            "display_name": "Charly",
            "team": "TJH5YU202",
            "name": "carles9000",
            "is_restricted": false,
            "is_ultra_restricted": false
        }
    },
    {
        "client_msg_id": "92f93e00-2646-4fcf-84da-6e06484d41de",
        "type": "message",
        "text": "Buenas...",
        "user": "UJVAZ9E2Y",
        "ts": "1564072159.197700",
        "team": "TJH5YU202",
        "user_team": "TJH5YU202",
        "source_team": "TJH5YU202",
        "user_profile": {
            "avatar_hash": "g3a75d541ab3",
            "image_72": "https:\/\/secure.gravatar.com\/avatar\/5b3a75d541ab3c18a196b8aa8731b2fb.jpg?s=72&d=https%3A%2F%2Fa.slack-edge.com%2F80588%2Fimg%2Favatars%2Fuser_shapes%2Fava_0015-72.png",
            "first_name": "",
            "real_name": "Angel Pais",
            "display_name": "Angel Pais",
            "team": "TJH5YU202",
            "name": "angel",
            "is_restricted": false,
            "is_ultra_restricted": false
        }
    },
    {
        "client_msg_id": "832e492a-129b-4243-aee6-fd4a8a893c03",
        "type": "message",
        "text": "Muy bonita tabla Antonio",
        "user": "UJVAZ9E2Y",
        "ts": "1564072182.198200",
        "team": "TJH5YU202",
        "user_team": "TJH5YU202",
        "source_team": "TJH5YU202",
        "user_profile": {
            "avatar_hash": "g3a75d541ab3",
            "image_72": "https:\/\/secure.gravatar.com\/avatar\/5b3a75d541ab3c18a196b8aa8731b2fb.jpg?s=72&d=https%3A%2F%2Fa.slack-edge.com%2F80588%2Fimg%2Favatars%2Fuser_shapes%2Fava_0015-72.png",
            "first_name": "",
            "real_name": "Angel Pais",
            "display_name": "Angel Pais",
            "team": "TJH5YU202",
            "name": "angel",
            "is_restricted": false,
            "is_ultra_restricted": false
        }
    },
    {
        "client_msg_id": "ad2f1dae-d98f-4b22-9e42-d60ab51cef6c",
        "type": "message",
        "text": "Charly como podria comprobar que el fichero de imagen existe ?",
        "user": "UJN8D8U3B",
        "ts": "1564072275.198600",
        "team": "TJH5YU202",
        "user_team": "TJH5YU202",
        "source_team": "TJH5YU202",
        "user_profile": {
            "avatar_hash": "g92ad2abcc45",
            "image_72": "https:\/\/secure.gravatar.com\/avatar\/8492ad2abcc45ce53969adcf8420acde.jpg?s=72&d=https%3A%2F%2Fa.slack-edge.com%2F80588%2Fimg%2Favatars%2Fuser_shapes%2Fava_0008-72.png",
            "first_name": "",
            "real_name": "Antonio Linares",
            "display_name": "Antonio Linares",
            "team": "TJH5YU202",
            "name": "alinares",
            "is_restricted": false,
            "is_ultra_restricted": false
        }
    },
    {
        "client_msg_id": "f99890ca-7c7a-458c-86a3-58ed11c9f3f1",
        "type": "message",
        "text": "if File( hb_GetEnv( \"PRGPATH\" ) + FieldGet( n ) )",
        "user": "UJN8D8U3B",
        "ts": "1564072277.198800",
        "team": "TJH5YU202",
        "user_team": "TJH5YU202",
        "source_team": "TJH5YU202",
        "user_profile": {
            "avatar_hash": "g92ad2abcc45",
            "image_72": "https:\/\/secure.gravatar.com\/avatar\/8492ad2abcc45ce53969adcf8420acde.jpg?s=72&d=https%3A%2F%2Fa.slack-edge.com%2F80588%2Fimg%2Favatars%2Fuser_shapes%2Fava_0008-72.png",
            "first_name": "",
            "real_name": "Antonio Linares",
            "display_name": "Antonio Linares",
            "team": "TJH5YU202",
            "name": "alinares",
            "is_restricted": false,
            "is_ultra_restricted": false
        }
    },
    {
        "client_msg_id": "8963a4df-5dc1-4774-9e4a-664d8888e2c6",
        "type": "message",
        "text": "lo he probado asi y también con hb_GetEnv( \"DOCUMENT_ROOT\" )",
        "user": "UJN8D8U3B",
        "ts": "1564072299.199300",
        "team": "TJH5YU202",
        "user_team": "TJH5YU202",
        "source_team": "TJH5YU202",
        "user_profile": {
            "avatar_hash": "g92ad2abcc45",
            "image_72": "https:\/\/secure.gravatar.com\/avatar\/8492ad2abcc45ce53969adcf8420acde.jpg?s=72&d=https%3A%2F%2Fa.slack-edge.com%2F80588%2Fimg%2Favatars%2Fuser_shapes%2Fava_0008-72.png",
            "first_name": "",
            "real_name": "Antonio Linares",
            "display_name": "Antonio Linares",
            "team": "TJH5YU202",
            "name": "alinares",
            "is_restricted": false,
            "is_ultra_restricted": false
        }
    },
    {
        "client_msg_id": "d22be8a9-348d-47a5-99f4-40537c2c13f1",
        "type": "message",
        "text": "Esta es la lógica:",
        "user": "UJN8D8U3B",
        "ts": "1564072319.199500",
        "team": "TJH5YU202",
        "user_team": "TJH5YU202",
        "source_team": "TJH5YU202",
        "user_profile": {
            "avatar_hash": "g92ad2abcc45",
            "image_72": "https:\/\/secure.gravatar.com\/avatar\/8492ad2abcc45ce53969adcf8420acde.jpg?s=72&d=https%3A%2F%2Fa.slack-edge.com%2F80588%2Fimg%2Favatars%2Fuser_shapes%2Fava_0008-72.png",
            "first_name": "",
            "real_name": "Antonio Linares",
            "display_name": "Antonio Linares",
            "team": "TJH5YU202",
            "name": "alinares",
            "is_restricted": false,
            "is_ultra_restricted": false
        }
    },
    {
        "client_msg_id": "c4e211c8-1203-41fc-8aab-ed93e34ec91a",
        "type": "message",
        "text": "file necesita todo el path",
        "user": "UJWR5N32S",
        "ts": "1564072328.199900",
        "team": "TJH5YU202",
        "user_team": "TJH5YU202",
        "source_team": "TJH5YU202",
        "user_profile": {
            "avatar_hash": "273d3745f7ae",
            "image_72": "https:\/\/avatars.slack-edge.com\/2019-05-20\/634344238497_273d3745f7ae1b176b82_72.jpg",
            "first_name": "Charly",
            "real_name": "Charly",
            "display_name": "Charly",
            "team": "TJH5YU202",
            "name": "carles9000",
            "is_restricted": false,
            "is_ultra_restricted": false
        }
    },
    {
        "client_msg_id": "36d9a1f5-852a-4812-8c8b-95cb967ed942",
        "type": "message",
        "text": "if FieldType( n ) == \"C\" .and. \".\" $ FieldGet( n )\n    if File( hb_GetEnv( \"PRGPATH\" ) + FieldGet( n ) )",
        "user": "UJN8D8U3B",
        "ts": "1564072330.200000",
        "team": "TJH5YU202",
        "user_team": "TJH5YU202",
        "source_team": "TJH5YU202",
        "user_profile": {
            "avatar_hash": "g92ad2abcc45",
            "image_72": "https:\/\/secure.gravatar.com\/avatar\/8492ad2abcc45ce53969adcf8420acde.jpg?s=72&d=https%3A%2F%2Fa.slack-edge.com%2F80588%2Fimg%2Favatars%2Fuser_shapes%2Fava_0008-72.png",
            "first_name": "",
            "real_name": "Antonio Linares",
            "display_name": "Antonio Linares",
            "team": "TJH5YU202",
            "name": "alinares",
            "is_restricted": false,
            "is_ultra_restricted": false
        }
    },
    {
        "client_msg_id": "3fc6ee87-3a6b-40a8-a00b-568af34f5ccb",
        "type": "message",
        "text": "haz en pantalla un ? File( hb_GetEnv( \"PRGPATH\" ) + FieldGet( n ) )",
        "user": "UJWR5N32S",
        "ts": "1564072346.200600",
        "team": "TJH5YU202",
        "user_team": "TJH5YU202",
        "source_team": "TJH5YU202",
        "user_profile": {
            "avatar_hash": "273d3745f7ae",
            "image_72": "https:\/\/avatars.slack-edge.com\/2019-05-20\/634344238497_273d3745f7ae1b176b82_72.jpg",
            "first_name": "Charly",
            "real_name": "Charly",
            "display_name": "Charly",
            "team": "TJH5YU202",
            "name": "carles9000",
            "is_restricted": false,
            "is_ultra_restricted": false
        }
    },
    {
        "client_msg_id": "dfce8506-72ae-4a65-82c9-1eb990f2486e",
        "type": "message",
        "text": "Si es una cadena y tiene un punto y existe como fichero...",
        "user": "UJN8D8U3B",
        "ts": "1564072348.200700",
        "team": "TJH5YU202",
        "user_team": "TJH5YU202",
        "source_team": "TJH5YU202",
        "user_profile": {
            "avatar_hash": "g92ad2abcc45",
            "image_72": "https:\/\/secure.gravatar.com\/avatar\/8492ad2abcc45ce53969adcf8420acde.jpg?s=72&d=https%3A%2F%2Fa.slack-edge.com%2F80588%2Fimg%2Favatars%2Fuser_shapes%2Fava_0008-72.png",
            "first_name": "",
            "real_name": "Antonio Linares",
            "display_name": "Antonio Linares",
            "team": "TJH5YU202",
            "name": "alinares",
            "is_restricted": false,
            "is_ultra_restricted": false
        }
    },
    {
        "client_msg_id": "2182a95f-f98a-4661-952e-0b4ea531e0b6",
        "type": "message",
        "text": "Yo siempre muestro el nombre del fichero para ver que hay y el file()",
        "user": "UJWR5N32S",
        "ts": "1564072388.201100",
        "team": "TJH5YU202",
        "user_team": "TJH5YU202",
        "source_team": "TJH5YU202",
        "user_profile": {
            "avatar_hash": "273d3745f7ae",
            "image_72": "https:\/\/avatars.slack-edge.com\/2019-05-20\/634344238497_273d3745f7ae1b176b82_72.jpg",
            "first_name": "Charly",
            "real_name": "Charly",
            "display_name": "Charly",
            "team": "TJH5YU202",
            "name": "carles9000",
            "is_restricted": false,
            "is_ultra_restricted": false
        }
    },
    {
        "client_msg_id": "4dd66bec-d6be-4d6a-96ed-71d749a47131",
        "type": "message",
        "text": "? hb_GetEnv( \"PRGPATH\" ) + FieldGet( n ) ,  File( hb_GetEnv( \"PRGPATH\" ) + FieldGet( n ) )",
        "user": "UJWR5N32S",
        "ts": "1564072401.201500",
        "team": "TJH5YU202",
        "user_team": "TJH5YU202",
        "source_team": "TJH5YU202",
        "user_profile": {
            "avatar_hash": "273d3745f7ae",
            "image_72": "https:\/\/avatars.slack-edge.com\/2019-05-20\/634344238497_273d3745f7ae1b176b82_72.jpg",
            "first_name": "Charly",
            "real_name": "Charly",
            "display_name": "Charly",
            "team": "TJH5YU202",
            "name": "carles9000",
            "is_restricted": false,
            "is_ultra_restricted": false
        }
    },
    {
        "client_msg_id": "f974146f-c0ec-438c-8bc8-8e5b58d31192",
        "type": "message",
        "text": "el \".\" es igual",
        "user": "UJWR5N32S",
        "ts": "1564072441.201700",
        "team": "TJH5YU202",
        "user_team": "TJH5YU202",
        "source_team": "TJH5YU202",
        "user_profile": {
            "avatar_hash": "273d3745f7ae",
            "image_72": "https:\/\/avatars.slack-edge.com\/2019-05-20\/634344238497_273d3745f7ae1b176b82_72.jpg",
            "first_name": "Charly",
            "real_name": "Charly",
            "display_name": "Charly",
            "team": "TJH5YU202",
            "name": "carles9000",
            "is_restricted": false,
            "is_ultra_restricted": false
        }
    },
    {
        "client_msg_id": "05e1ea9f-6f78-4079-a473-840f108cb137",
        "type": "message",
        "text": "File() lo comprobara",
        "user": "UJWR5N32S",
        "ts": "1564072450.202000",
        "team": "TJH5YU202",
        "user_team": "TJH5YU202",
        "source_team": "TJH5YU202",
        "user_profile": {
            "avatar_hash": "273d3745f7ae",
            "image_72": "https:\/\/avatars.slack-edge.com\/2019-05-20\/634344238497_273d3745f7ae1b176b82_72.jpg",
            "first_name": "Charly",
            "real_name": "Charly",
            "display_name": "Charly",
            "team": "TJH5YU202",
            "name": "carles9000",
            "is_restricted": false,
            "is_ultra_restricted": false
        }
    },
    {
        "client_msg_id": "1d104dd1-395b-477a-99b9-63c6fa9be43c",
        "type": "message",
        "text": "Asi no lo encuentra:",
        "user": "UJN8D8U3B",
        "ts": "1564072561.202300",
        "team": "TJH5YU202",
        "user_team": "TJH5YU202",
        "source_team": "TJH5YU202",
        "user_profile": {
            "avatar_hash": "g92ad2abcc45",
            "image_72": "https:\/\/secure.gravatar.com\/avatar\/8492ad2abcc45ce53969adcf8420acde.jpg?s=72&d=https%3A%2F%2Fa.slack-edge.com%2F80588%2Fimg%2Favatars%2Fuser_shapes%2Fava_0008-72.png",
            "first_name": "",
            "real_name": "Antonio Linares",
            "display_name": "Antonio Linares",
            "team": "TJH5YU202",
            "name": "alinares",
            "is_restricted": false,
            "is_ultra_restricted": false
        }
    },
    {
        "client_msg_id": "ecf3c72a-ef1d-42ac-a027-7af3a0b45dc6",
        "type": "message",
        "text": "if File( hb_GetEnv( \"PRGPATH\" ) + FieldGet( n ) )",
        "user": "UJN8D8U3B",
        "ts": "1564072563.202500",
        "team": "TJH5YU202",
        "user_team": "TJH5YU202",
        "source_team": "TJH5YU202",
        "user_profile": {
            "avatar_hash": "g92ad2abcc45",
            "image_72": "https:\/\/secure.gravatar.com\/avatar\/8492ad2abcc45ce53969adcf8420acde.jpg?s=72&d=https%3A%2F%2Fa.slack-edge.com%2F80588%2Fimg%2Favatars%2Fuser_shapes%2Fava_0008-72.png",
            "first_name": "",
            "real_name": "Antonio Linares",
            "display_name": "Antonio Linares",
            "team": "TJH5YU202",
            "name": "alinares",
            "is_restricted": false,
            "is_ultra_restricted": false
        }
    },
    {
        "client_msg_id": "c321f999-14e5-4ba4-8344-e21fcce628f1",
        "type": "message",
        "text": "que te muestra -&gt; hb_GetEnv( \"PRGPATH\" ) + FieldGet( n )",
        "user": "UJWR5N32S",
        "ts": "1564072619.202800",
        "team": "TJH5YU202",
        "user_team": "TJH5YU202",
        "source_team": "TJH5YU202",
        "user_profile": {
            "avatar_hash": "273d3745f7ae",
            "image_72": "https:\/\/avatars.slack-edge.com\/2019-05-20\/634344238497_273d3745f7ae1b176b82_72.jpg",
            "first_name": "Charly",
            "real_name": "Charly",
            "display_name": "Charly",
            "team": "TJH5YU202",
            "name": "carles9000",
            "is_restricted": false,
            "is_ultra_restricted": false
        }
    },
    {
        "client_msg_id": "e9102058-0b08-443e-b0c4-be3c77404833",
        "type": "message",
        "text": "Asi tampoco:",
        "user": "UJN8D8U3B",
        "ts": "1564072621.203000",
        "team": "TJH5YU202",
        "user_team": "TJH5YU202",
        "source_team": "TJH5YU202",
        "user_profile": {
            "avatar_hash": "g92ad2abcc45",
            "image_72": "https:\/\/secure.gravatar.com\/avatar\/8492ad2abcc45ce53969adcf8420acde.jpg?s=72&d=https%3A%2F%2Fa.slack-edge.com%2F80588%2Fimg%2Favatars%2Fuser_shapes%2Fava_0008-72.png",
            "first_name": "",
            "real_name": "Antonio Linares",
            "display_name": "Antonio Linares",
            "team": "TJH5YU202",
            "name": "alinares",
            "is_restricted": false,
            "is_ultra_restricted": false
        }
    },
    {
        "client_msg_id": "7d872b4d-bc4d-4bbb-9184-89d9c2c21832",
        "type": "message",
        "text": "File( FieldGet( n ) )",
        "user": "UJN8D8U3B",
        "ts": "1564072623.203200",
        "team": "TJH5YU202",
        "user_team": "TJH5YU202",
        "source_team": "TJH5YU202",
        "user_profile": {
            "avatar_hash": "g92ad2abcc45",
            "image_72": "https:\/\/secure.gravatar.com\/avatar\/8492ad2abcc45ce53969adcf8420acde.jpg?s=72&d=https%3A%2F%2Fa.slack-edge.com%2F80588%2Fimg%2Favatars%2Fuser_shapes%2Fava_0008-72.png",
            "first_name": "",
            "real_name": "Antonio Linares",
            "display_name": "Antonio Linares",
            "team": "TJH5YU202",
            "name": "alinares",
            "is_restricted": false,
            "is_ultra_restricted": false
        }
    },
    {
        "client_msg_id": "becd9d12-f612-4e7f-8189-74ea83ab12cf",
        "type": "message",
        "text": "piensa que una cosa es chequear si existe fisicamente en l server con la ruta absoluta, p.e. c:\\xampp\\htdocs\\apps\\images\\mifile.jpg",
        "user": "UJWR5N32S",
        "ts": "1564072695.204200",
        "team": "TJH5YU202",
        "user_team": "TJH5YU202",
        "source_team": "TJH5YU202",
        "user_profile": {
            "avatar_hash": "273d3745f7ae",
            "image_72": "https:\/\/avatars.slack-edge.com\/2019-05-20\/634344238497_273d3745f7ae1b176b82_72.jpg",
            "first_name": "Charly",
            "real_name": "Charly",
            "display_name": "Charly",
            "team": "TJH5YU202",
            "name": "carles9000",
            "is_restricted": false,
            "is_ultra_restricted": false
        }
    },
    {
        "client_msg_id": "cb4b2b90-92b8-41a8-a3b7-93d821cf6dc0",
        "type": "message",
        "text": "Deberias en cualquier caso hacer un AllTrim del fieldget",
        "user": "UJUJLTWMT",
        "ts": "1564072755.205700",
        "team": "TJH5YU202",
        "user_team": "TJH5YU202",
        "source_team": "TJH5YU202",
        "user_profile": {
            "avatar_hash": "a60e3b1ef2d2",
            "image_72": "https:\/\/avatars.slack-edge.com\/2019-08-20\/726246109489_a60e3b1ef2d2c141969d_72.jpg",
            "first_name": "",
            "real_name": "Cristobal",
            "display_name": "Cristobal",
            "team": "TJH5YU202",
            "name": "navarro.cristobal",
            "is_restricted": false,
            "is_ultra_restricted": false
        }
    },
    {
        "client_msg_id": "fd78153a-95a4-4a76-b2ba-d182905871a8",
        "type": "message",
        "text": "otra es que con las etiquetas de htmls no puedes hacer referecnia al path fisico sino a la url, p.e.  'images\/mifile.jpg' o localhost\/apps\/images\/mifile.jpg'",
        "user": "UJWR5N32S",
        "ts": "1564072766.205900",
        "team": "TJH5YU202",
        "user_team": "TJH5YU202",
        "source_team": "TJH5YU202",
        "user_profile": {
            "avatar_hash": "273d3745f7ae",
            "image_72": "https:\/\/avatars.slack-edge.com\/2019-05-20\/634344238497_273d3745f7ae1b176b82_72.jpg",
            "first_name": "Charly",
            "real_name": "Charly",
            "display_name": "Charly",
            "team": "TJH5YU202",
            "name": "carles9000",
            "is_restricted": false,
            "is_ultra_restricted": false
        }
    },
    {
        "client_msg_id": "be0bae18-5b95-4c43-8db8-268e03c2b314",
        "type": "message",
        "text": "primero mira que te saca --&gt; ? hb_GetEnv( \"PRGPATH\" ) + FieldGet( n ) ,  File( hb_GetEnv( \"PRGPATH\" ) + FieldGet( n ) )",
        "user": "UJWR5N32S",
        "ts": "1564072796.206300",
        "team": "TJH5YU202",
        "user_team": "TJH5YU202",
        "source_team": "TJH5YU202",
        "user_profile": {
            "avatar_hash": "273d3745f7ae",
            "image_72": "https:\/\/avatars.slack-edge.com\/2019-05-20\/634344238497_273d3745f7ae1b176b82_72.jpg",
            "first_name": "Charly",
            "real_name": "Charly",
            "display_name": "Charly",
            "team": "TJH5YU202",
            "name": "carles9000",
            "is_restricted": false,
            "is_ultra_restricted": false
        }
    },
    {
        "client_msg_id": "1484a378-3edc-4e25-80b1-d112f5bceab6",
        "type": "message",
        "text": "saca tambien los espacios como dice cristobal",
        "user": "UJWR5N32S",
        "ts": "1564072822.206600",
        "team": "TJH5YU202",
        "user_team": "TJH5YU202",
        "source_team": "TJH5YU202",
        "user_profile": {
            "avatar_hash": "273d3745f7ae",
            "image_72": "https:\/\/avatars.slack-edge.com\/2019-05-20\/634344238497_273d3745f7ae1b176b82_72.jpg",
            "first_name": "Charly",
            "real_name": "Charly",
            "display_name": "Charly",
            "team": "TJH5YU202",
            "name": "carles9000",
            "is_restricted": false,
            "is_ultra_restricted": false
        }
    },
    {
        "client_msg_id": "5f343328-877b-4dba-8941-2a167cf4640a",
        "type": "message",
        "text": "y chequea  \\ o \/",
        "user": "UJWR5N32S",
        "ts": "1564072853.206900",
        "team": "TJH5YU202",
        "user_team": "TJH5YU202",
        "source_team": "TJH5YU202",
        "user_profile": {
            "avatar_hash": "273d3745f7ae",
            "image_72": "https:\/\/avatars.slack-edge.com\/2019-05-20\/634344238497_273d3745f7ae1b176b82_72.jpg",
            "first_name": "Charly",
            "real_name": "Charly",
            "display_name": "Charly",
            "team": "TJH5YU202",
            "name": "carles9000",
            "is_restricted": false,
            "is_ultra_restricted": false
        }
    },
    {
        "client_msg_id": "8bfb86a8-b0e9-4b75-bf0a-67e31f5e5e03",
        "type": "message",
        "text": "pon siempre \/",
        "user": "UJWR5N32S",
        "ts": "1564072860.207100",
        "team": "TJH5YU202",
        "user_team": "TJH5YU202",
        "source_team": "TJH5YU202",
        "user_profile": {
            "avatar_hash": "273d3745f7ae",
            "image_72": "https:\/\/avatars.slack-edge.com\/2019-05-20\/634344238497_273d3745f7ae1b176b82_72.jpg",
            "first_name": "Charly",
            "real_name": "Charly",
            "display_name": "Charly",
            "team": "TJH5YU202",
            "name": "carles9000",
            "is_restricted": false,
            "is_ultra_restricted": false
        }
    },
    {
        "client_msg_id": "7739267e-e37e-4687-8597-dc016770f344",
        "type": "message",
        "text": "Antonio Buenas tardes, retomando el hilo de Paco, que genesis muestre primero el login y despues los controles de menu\/browse,",
        "user": "UK28N3CER",
        "ts": "1564076528.208700",
        "team": "TJH5YU202",
        "user_team": "TJH5YU202",
        "source_team": "TJH5YU202",
        "user_profile": {
            "avatar_hash": "3fec6e3393a8",
            "image_72": "https:\/\/avatars.slack-edge.com\/2019-08-17\/723363154273_3fec6e3393a86fb3e470_72.jpg",
            "first_name": "",
            "real_name": "Cesar SysCtrl Software",
            "display_name": "Cesar SysCtrl Software",
            "team": "TJH5YU202",
            "name": "sysctrlsoftware",
            "is_restricted": false,
            "is_ultra_restricted": false
        }
    },
    {
        "type": "message",
        "text": "un ejemplo de primero log \/ register",
        "files": [
            {
                "id": "FLENTJY2F",
                "created": 1564076562,
                "timestamp": 1564076562,
                "name": "image.png",
                "title": "image.png",
                "mimetype": "image\/png",
                "filetype": "png",
                "pretty_type": "PNG",
                "user": "UK28N3CER",
                "editable": false,
                "size": 51521,
                "mode": "hosted",
                "is_external": false,
                "external_type": "",
                "is_public": true,
                "public_url_shared": false,
                "display_as_bot": false,
                "username": "",
                "url_private": "https:\/\/files.slack.com\/files-pri\/TJH5YU202-FLENTJY2F\/image.png?t=xoxe-629202954002-776688371669-763909703378-01ffaa4c4eeda75ea92ad255b32a04e5",
                "url_private_download": "https:\/\/files.slack.com\/files-pri\/TJH5YU202-FLENTJY2F\/download\/image.png?t=xoxe-629202954002-776688371669-763909703378-01ffaa4c4eeda75ea92ad255b32a04e5",
                "thumb_64": "https:\/\/files.slack.com\/files-tmb\/TJH5YU202-FLENTJY2F-776d673e64\/image_64.png?t=xoxe-629202954002-776688371669-763909703378-01ffaa4c4eeda75ea92ad255b32a04e5",
                "thumb_80": "https:\/\/files.slack.com\/files-tmb\/TJH5YU202-FLENTJY2F-776d673e64\/image_80.png?t=xoxe-629202954002-776688371669-763909703378-01ffaa4c4eeda75ea92ad255b32a04e5",
                "thumb_360": "https:\/\/files.slack.com\/files-tmb\/TJH5YU202-FLENTJY2F-776d673e64\/image_360.png?t=xoxe-629202954002-776688371669-763909703378-01ffaa4c4eeda75ea92ad255b32a04e5",
                "thumb_360_w": 360,
                "thumb_360_h": 190,
                "thumb_480": "https:\/\/files.slack.com\/files-tmb\/TJH5YU202-FLENTJY2F-776d673e64\/image_480.png?t=xoxe-629202954002-776688371669-763909703378-01ffaa4c4eeda75ea92ad255b32a04e5",
                "thumb_480_w": 480,
                "thumb_480_h": 253,
                "thumb_160": "https:\/\/files.slack.com\/files-tmb\/TJH5YU202-FLENTJY2F-776d673e64\/image_160.png?t=xoxe-629202954002-776688371669-763909703378-01ffaa4c4eeda75ea92ad255b32a04e5",
                "thumb_720": "https:\/\/files.slack.com\/files-tmb\/TJH5YU202-FLENTJY2F-776d673e64\/image_720.png?t=xoxe-629202954002-776688371669-763909703378-01ffaa4c4eeda75ea92ad255b32a04e5",
                "thumb_720_w": 720,
                "thumb_720_h": 380,
                "thumb_800": "https:\/\/files.slack.com\/files-tmb\/TJH5YU202-FLENTJY2F-776d673e64\/image_800.png?t=xoxe-629202954002-776688371669-763909703378-01ffaa4c4eeda75ea92ad255b32a04e5",
                "thumb_800_w": 800,
                "thumb_800_h": 422,
                "thumb_960": "https:\/\/files.slack.com\/files-tmb\/TJH5YU202-FLENTJY2F-776d673e64\/image_960.png?t=xoxe-629202954002-776688371669-763909703378-01ffaa4c4eeda75ea92ad255b32a04e5",
                "thumb_960_w": 960,
                "thumb_960_h": 506,
                "thumb_1024": "https:\/\/files.slack.com\/files-tmb\/TJH5YU202-FLENTJY2F-776d673e64\/image_1024.png?t=xoxe-629202954002-776688371669-763909703378-01ffaa4c4eeda75ea92ad255b32a04e5",
                "thumb_1024_w": 1024,
                "thumb_1024_h": 540,
                "image_exif_rotation": 1,
                "original_w": 1306,
                "original_h": 689,
                "permalink": "https:\/\/harbourproject.slack.com\/files\/UK28N3CER\/FLENTJY2F\/image.png",
                "permalink_public": "https:\/\/slack-files.com\/TJH5YU202-FLENTJY2F-84db152308",
                "is_starred": false,
                "has_rich_preview": false
            }
        ],
        "upload": true,
        "user": "UK28N3CER",
        "display_as_bot": false,
        "ts": "1564076565.208800",
        "client_msg_id": "a9f1cdf5-b518-4318-ab5c-57dbf074dc0b"
    },
    {
        "client_msg_id": "db3b79bc-1c2e-4619-962f-755fc0a69fbb",
        "type": "message",
        "text": "La function File no necesita todo el path: ? File( \".\\hola.prg\" ) debe funcionar",
        "user": "UJUJLTWMT",
        "ts": "1564076711.209800",
        "team": "TJH5YU202",
        "user_team": "TJH5YU202",
        "source_team": "TJH5YU202",
        "user_profile": {
            "avatar_hash": "a60e3b1ef2d2",
            "image_72": "https:\/\/avatars.slack-edge.com\/2019-08-20\/726246109489_a60e3b1ef2d2c141969d_72.jpg",
            "first_name": "",
            "real_name": "Cristobal",
            "display_name": "Cristobal",
            "team": "TJH5YU202",
            "name": "navarro.cristobal",
            "is_restricted": false,
            "is_ultra_restricted": false
        }
    },
    {
        "client_msg_id": "5770028e-c269-4b32-a727-0428323aa101",
        "type": "message",
        "text": "Charly necesitamos un CRUD MVC como el comer.\nSi. no lo digo reviento :grimacing:",
        "user": "UJULQCHL5",
        "ts": "1564077832.211500",
        "team": "TJH5YU202",
        "user_team": "TJH5YU202",
        "source_team": "TJH5YU202",
        "user_profile": {
            "avatar_hash": "g7659142325a",
            "image_72": "https:\/\/secure.gravatar.com\/avatar\/c87659142325a3facb661d85281ec091.jpg?s=72&d=https%3A%2F%2Fa.slack-edge.com%2F80588%2Fimg%2Favatars%2Fuser_shapes%2Fava_0003-72.png",
            "first_name": "",
            "real_name": "Paquito",
            "display_name": "Paquito",
            "team": "TJH5YU202",
            "name": "hmpaquito",
            "is_restricted": false,
            "is_ultra_restricted": false
        }
    },
    {
        "client_msg_id": "75a3ed72-9273-494b-a2f6-98fba9817073",
        "type": "message",
        "text": "Bueno, la idea es cerrar la base y empezar hacer (Al fin !) pruebas, no?",
        "user": "UJWR5N32S",
        "ts": "1564079329.212600",
        "team": "TJH5YU202",
        "user_team": "TJH5YU202",
        "source_team": "TJH5YU202",
        "user_profile": {
            "avatar_hash": "273d3745f7ae",
            "image_72": "https:\/\/avatars.slack-edge.com\/2019-05-20\/634344238497_273d3745f7ae1b176b82_72.jpg",
            "first_name": "Charly",
            "real_name": "Charly",
            "display_name": "Charly",
            "team": "TJH5YU202",
            "name": "carles9000",
            "is_restricted": false,
            "is_ultra_restricted": false
        },
        "reactions": [
            {
                "name": "+1",
                "users": [
                    "UJULQCHL5"
                ],
                "count": 1
            },
            {
                "name": "100",
                "users": [
                    "UJULQCHL5"
                ],
                "count": 1
            }
        ]
    },
    {
        "client_msg_id": "63c2f0b3-5452-4400-b45d-1167bc714849",
        "type": "message",
        "text": ":slightly_smiling_face:",
        "user": "UJWR5N32S",
        "ts": "1564079334.212700",
        "team": "TJH5YU202",
        "user_team": "TJH5YU202",
        "source_team": "TJH5YU202",
        "user_profile": {
            "avatar_hash": "273d3745f7ae",
            "image_72": "https:\/\/avatars.slack-edge.com\/2019-05-20\/634344238497_273d3745f7ae1b176b82_72.jpg",
            "first_name": "Charly",
            "real_name": "Charly",
            "display_name": "Charly",
            "team": "TJH5YU202",
            "name": "carles9000",
            "is_restricted": false,
            "is_ultra_restricted": false
        }
    },
    {
        "client_msg_id": "d3f37459-4c0f-4fd6-b31b-0f2d80cf19f3",
        "type": "message",
        "text": "<@UJUJLTWMT> tienes razon con lo del file()",
        "user": "UJWR5N32S",
        "ts": "1564079455.213600",
        "team": "TJH5YU202",
        "user_team": "TJH5YU202",
        "source_team": "TJH5YU202",
        "user_profile": {
            "avatar_hash": "273d3745f7ae",
            "image_72": "https:\/\/avatars.slack-edge.com\/2019-05-20\/634344238497_273d3745f7ae1b176b82_72.jpg",
            "first_name": "Charly",
            "real_name": "Charly",
            "display_name": "Charly",
            "team": "TJH5YU202",
            "name": "carles9000",
            "is_restricted": false,
            "is_ultra_restricted": false
        }
    },
    {
        "client_msg_id": "0ea87cfe-bd29-4717-ad94-d5e0c75fdf51",
        "type": "message",
        "text": "Hola, Mi nombre es Diego. Los vengo siguiendo desde que arrancaron con mod_harbour. Recien vi su primer video en donde explicaron el funcionamiento. Muy didactico y excelentemente explicado Charly. Los deberian subir a youtube. No tiene desperdicio. Me faltan ver los demas. Los felicito y los estoy siguiendo paso a paso. Excelente trabajo. Gracias y un abz.",
        "user": "UJRQZMTAM",
        "ts": "1564090438.216400",
        "team": "TJH5YU202",
        "user_team": "TJH5YU202",
        "source_team": "TJH5YU202",
        "user_profile": {
            "avatar_hash": "g15243ac9482",
            "image_72": "https:\/\/secure.gravatar.com\/avatar\/c615243ac94829d2b26193d3b89ec25d.jpg?s=72&d=https%3A%2F%2Fa.slack-edge.com%2F80588%2Fimg%2Favatars%2Fuser_shapes%2Fava_0022-72.png",
            "first_name": "",
            "real_name": "Diego F",
            "display_name": "Diego F",
            "team": "TJH5YU202",
            "name": "diegohfazio",
            "is_restricted": false,
            "is_ultra_restricted": false
        }
    },
    {
        "client_msg_id": "7ef1ae50-207b-44ea-ada8-7a1c02796cb4",
        "type": "message",
        "text": "Bon dia Diego, bienvenido !",
        "user": "UJWR5N32S",
        "ts": "1564118620.217100",
        "team": "TJH5YU202",
        "user_team": "TJH5YU202",
        "source_team": "TJH5YU202",
        "user_profile": {
            "avatar_hash": "273d3745f7ae",
            "image_72": "https:\/\/avatars.slack-edge.com\/2019-05-20\/634344238497_273d3745f7ae1b176b82_72.jpg",
            "first_name": "Charly",
            "real_name": "Charly",
            "display_name": "Charly",
            "team": "TJH5YU202",
            "name": "carles9000",
            "is_restricted": false,
            "is_ultra_restricted": false
        }
    },
    {
        "client_msg_id": "55ed2bbe-8483-4d7a-ac72-1e232550e566",
        "type": "message",
        "text": "Bon dia a todos ! Por fin Viernesss...",
        "user": "UJWR5N32S",
        "ts": "1564118638.217500",
        "team": "TJH5YU202",
        "user_team": "TJH5YU202",
        "source_team": "TJH5YU202",
        "user_profile": {
            "avatar_hash": "273d3745f7ae",
            "image_72": "https:\/\/avatars.slack-edge.com\/2019-05-20\/634344238497_273d3745f7ae1b176b82_72.jpg",
            "first_name": "Charly",
            "real_name": "Charly",
            "display_name": "Charly",
            "team": "TJH5YU202",
            "name": "carles9000",
            "is_restricted": false,
            "is_ultra_restricted": false
        }
    },
    {
        "client_msg_id": "931ba4bc-68fb-43bc-8c35-d0a36cbd6eca",
        "type": "message",
        "text": "Egun on !!! :rain_cloud:",
        "user": "UJK7SNX51",
        "ts": "1564122011.217900",
        "team": "TJH5YU202",
        "user_team": "TJH5YU202",
        "source_team": "TJH5YU202",
        "user_profile": {
            "avatar_hash": "6698a9ba696b",
            "image_72": "https:\/\/avatars.slack-edge.com\/2019-07-04\/673660529330_6698a9ba696bad01eb8c_72.jpg",
            "first_name": "Baxajaun",
            "real_name": "Baxajaun",
            "display_name": "Baxajaun",
            "team": "TJH5YU202",
            "name": "fpgrande",
            "is_restricted": false,
            "is_ultra_restricted": false
        }
    }
]