[
    {
        "type": "message",
        "text": "",
        "files": [
            {
                "id": "FNWFYNT7Z",
                "created": 1569659804,
                "timestamp": 1569659804,
                "name": "image.png",
                "title": "image.png",
                "mimetype": "image\/png",
                "filetype": "png",
                "pretty_type": "PNG",
                "user": "UJU2ZLJBW",
                "editable": false,
                "size": 216303,
                "mode": "hosted",
                "is_external": false,
                "external_type": "",
                "is_public": true,
                "public_url_shared": false,
                "display_as_bot": false,
                "username": "",
                "url_private": "https:\/\/files.slack.com\/files-pri\/TJH5YU202-FNWFYNT7Z\/image.png?t=xoxe-629202954002-776688371669-763909703378-01ffaa4c4eeda75ea92ad255b32a04e5",
                "url_private_download": "https:\/\/files.slack.com\/files-pri\/TJH5YU202-FNWFYNT7Z\/download\/image.png?t=xoxe-629202954002-776688371669-763909703378-01ffaa4c4eeda75ea92ad255b32a04e5",
                "thumb_64": "https:\/\/files.slack.com\/files-tmb\/TJH5YU202-FNWFYNT7Z-f2586f5915\/image_64.png?t=xoxe-629202954002-776688371669-763909703378-01ffaa4c4eeda75ea92ad255b32a04e5",
                "thumb_80": "https:\/\/files.slack.com\/files-tmb\/TJH5YU202-FNWFYNT7Z-f2586f5915\/image_80.png?t=xoxe-629202954002-776688371669-763909703378-01ffaa4c4eeda75ea92ad255b32a04e5",
                "thumb_360": "https:\/\/files.slack.com\/files-tmb\/TJH5YU202-FNWFYNT7Z-f2586f5915\/image_360.png?t=xoxe-629202954002-776688371669-763909703378-01ffaa4c4eeda75ea92ad255b32a04e5",
                "thumb_360_w": 360,
                "thumb_360_h": 163,
                "thumb_480": "https:\/\/files.slack.com\/files-tmb\/TJH5YU202-FNWFYNT7Z-f2586f5915\/image_480.png?t=xoxe-629202954002-776688371669-763909703378-01ffaa4c4eeda75ea92ad255b32a04e5",
                "thumb_480_w": 480,
                "thumb_480_h": 217,
                "thumb_160": "https:\/\/files.slack.com\/files-tmb\/TJH5YU202-FNWFYNT7Z-f2586f5915\/image_160.png?t=xoxe-629202954002-776688371669-763909703378-01ffaa4c4eeda75ea92ad255b32a04e5",
                "thumb_720": "https:\/\/files.slack.com\/files-tmb\/TJH5YU202-FNWFYNT7Z-f2586f5915\/image_720.png?t=xoxe-629202954002-776688371669-763909703378-01ffaa4c4eeda75ea92ad255b32a04e5",
                "thumb_720_w": 720,
                "thumb_720_h": 326,
                "thumb_800": "https:\/\/files.slack.com\/files-tmb\/TJH5YU202-FNWFYNT7Z-f2586f5915\/image_800.png?t=xoxe-629202954002-776688371669-763909703378-01ffaa4c4eeda75ea92ad255b32a04e5",
                "thumb_800_w": 800,
                "thumb_800_h": 362,
                "thumb_960": "https:\/\/files.slack.com\/files-tmb\/TJH5YU202-FNWFYNT7Z-f2586f5915\/image_960.png?t=xoxe-629202954002-776688371669-763909703378-01ffaa4c4eeda75ea92ad255b32a04e5",
                "thumb_960_w": 960,
                "thumb_960_h": 435,
                "thumb_1024": "https:\/\/files.slack.com\/files-tmb\/TJH5YU202-FNWFYNT7Z-f2586f5915\/image_1024.png?t=xoxe-629202954002-776688371669-763909703378-01ffaa4c4eeda75ea92ad255b32a04e5",
                "thumb_1024_w": 1024,
                "thumb_1024_h": 464,
                "image_exif_rotation": 1,
                "original_w": 1838,
                "original_h": 832,
                "permalink": "https:\/\/harbourproject.slack.com\/files\/UJU2ZLJBW\/FNWFYNT7Z\/image.png",
                "permalink_public": "https:\/\/slack-files.com\/TJH5YU202-FNWFYNT7Z-9cdce323cf",
                "is_starred": false,
                "has_rich_preview": false
            }
        ],
        "upload": true,
        "user": "UJU2ZLJBW",
        "display_as_bot": false,
        "ts": "1569659807.252300",
        "client_msg_id": "5a5fc6fc-902c-45c9-8a87-3a1a25411463"
    }
]