[
    {
        "client_msg_id": "c1a99ed5-d1df-4ad2-8bf8-b42614db9f9b",
        "type": "message",
        "text": "good morning :sunny:",
        "user": "UJN8D8U3B",
        "ts": "1567234812.204800",
        "team": "TJH5YU202",
        "user_team": "TJH5YU202",
        "source_team": "TJH5YU202",
        "user_profile": {
            "avatar_hash": "g92ad2abcc45",
            "image_72": "https:\/\/secure.gravatar.com\/avatar\/8492ad2abcc45ce53969adcf8420acde.jpg?s=72&d=https%3A%2F%2Fa.slack-edge.com%2F80588%2Fimg%2Favatars%2Fuser_shapes%2Fava_0008-72.png",
            "first_name": "",
            "real_name": "Antonio Linares",
            "display_name": "Antonio Linares",
            "team": "TJH5YU202",
            "name": "alinares",
            "is_restricted": false,
            "is_ultra_restricted": false
        },
        "reactions": [
            {
                "name": "star-struck",
                "users": [
                    "UJUJLTWMT"
                ],
                "count": 1
            }
        ]
    },
    {
        "client_msg_id": "9a0967e2-47c9-4f8c-a0c4-5d421758a08c",
        "type": "message",
        "text": "<https:\/\/harbour.fourtech.es\/modharbour_samples\/three\/cube.prg>",
        "user": "UJN8D8U3B",
        "ts": "1567234817.205000",
        "team": "TJH5YU202",
        "user_team": "TJH5YU202",
        "source_team": "TJH5YU202",
        "user_profile": {
            "avatar_hash": "g92ad2abcc45",
            "image_72": "https:\/\/secure.gravatar.com\/avatar\/8492ad2abcc45ce53969adcf8420acde.jpg?s=72&d=https%3A%2F%2Fa.slack-edge.com%2F80588%2Fimg%2Favatars%2Fuser_shapes%2Fava_0008-72.png",
            "first_name": "",
            "real_name": "Antonio Linares",
            "display_name": "Antonio Linares",
            "team": "TJH5YU202",
            "name": "alinares",
            "is_restricted": false,
            "is_ultra_restricted": false
        }
    },
    {
        "client_msg_id": "45c16777-f96d-4400-b975-14a062364c26",
        "type": "message",
        "text": "<https:\/\/threejs.org\/examples\/#webgl_shadowmap>",
        "user": "UJN8D8U3B",
        "ts": "1567235905.205200",
        "team": "TJH5YU202",
        "user_team": "TJH5YU202",
        "source_team": "TJH5YU202",
        "user_profile": {
            "avatar_hash": "g92ad2abcc45",
            "image_72": "https:\/\/secure.gravatar.com\/avatar\/8492ad2abcc45ce53969adcf8420acde.jpg?s=72&d=https%3A%2F%2Fa.slack-edge.com%2F80588%2Fimg%2Favatars%2Fuser_shapes%2Fava_0008-72.png",
            "first_name": "",
            "real_name": "Antonio Linares",
            "display_name": "Antonio Linares",
            "team": "TJH5YU202",
            "name": "alinares",
            "is_restricted": false,
            "is_ultra_restricted": false
        },
        "reactions": [
            {
                "name": "star-struck",
                "users": [
                    "UJUJLTWMT"
                ],
                "count": 1
            }
        ]
    },
    {
        "client_msg_id": "4ba9235c-b8e7-45cb-a5b3-b38e39f5b104",
        "type": "message",
        "text": "Simpler and nicer:",
        "user": "UJN8D8U3B",
        "ts": "1567245655.206400",
        "team": "TJH5YU202",
        "user_team": "TJH5YU202",
        "source_team": "TJH5YU202",
        "user_profile": {
            "avatar_hash": "g92ad2abcc45",
            "image_72": "https:\/\/secure.gravatar.com\/avatar\/8492ad2abcc45ce53969adcf8420acde.jpg?s=72&d=https%3A%2F%2Fa.slack-edge.com%2F80588%2Fimg%2Favatars%2Fuser_shapes%2Fava_0008-72.png",
            "first_name": "",
            "real_name": "Antonio Linares",
            "display_name": "Antonio Linares",
            "team": "TJH5YU202",
            "name": "alinares",
            "is_restricted": false,
            "is_ultra_restricted": false
        }
    },
    {
        "client_msg_id": "4dbcf12a-f9b8-4e7d-8fb3-4e66215fb191",
        "type": "message",
        "text": "<https:\/\/harbour.fourtech.es\/modharbour_samples\/three\/cube.prg>",
        "user": "UJN8D8U3B",
        "ts": "1567245657.206600",
        "team": "TJH5YU202",
        "user_team": "TJH5YU202",
        "source_team": "TJH5YU202",
        "user_profile": {
            "avatar_hash": "g92ad2abcc45",
            "image_72": "https:\/\/secure.gravatar.com\/avatar\/8492ad2abcc45ce53969adcf8420acde.jpg?s=72&d=https%3A%2F%2Fa.slack-edge.com%2F80588%2Fimg%2Favatars%2Fuser_shapes%2Fava_0008-72.png",
            "first_name": "",
            "real_name": "Antonio Linares",
            "display_name": "Antonio Linares",
            "team": "TJH5YU202",
            "name": "alinares",
            "is_restricted": false,
            "is_ultra_restricted": false
        }
    },
    {
        "type": "message",
        "text": "",
        "files": [
            {
                "id": "FMK70HK99",
                "created": 1567245963,
                "timestamp": 1567245963,
                "name": "grafik.png",
                "title": "grafik.png",
                "mimetype": "image\/png",
                "filetype": "png",
                "pretty_type": "PNG",
                "user": "UJHD6A81H",
                "editable": false,
                "size": 77442,
                "mode": "hosted",
                "is_external": false,
                "external_type": "",
                "is_public": true,
                "public_url_shared": false,
                "display_as_bot": false,
                "username": "",
                "url_private": "https:\/\/files.slack.com\/files-pri\/TJH5YU202-FMK70HK99\/grafik.png?t=xoxe-629202954002-776688371669-763909703378-01ffaa4c4eeda75ea92ad255b32a04e5",
                "url_private_download": "https:\/\/files.slack.com\/files-pri\/TJH5YU202-FMK70HK99\/download\/grafik.png?t=xoxe-629202954002-776688371669-763909703378-01ffaa4c4eeda75ea92ad255b32a04e5",
                "thumb_64": "https:\/\/files.slack.com\/files-tmb\/TJH5YU202-FMK70HK99-9e2163e069\/grafik_64.png?t=xoxe-629202954002-776688371669-763909703378-01ffaa4c4eeda75ea92ad255b32a04e5",
                "thumb_80": "https:\/\/files.slack.com\/files-tmb\/TJH5YU202-FMK70HK99-9e2163e069\/grafik_80.png?t=xoxe-629202954002-776688371669-763909703378-01ffaa4c4eeda75ea92ad255b32a04e5",
                "thumb_360": "https:\/\/files.slack.com\/files-tmb\/TJH5YU202-FMK70HK99-9e2163e069\/grafik_360.png?t=xoxe-629202954002-776688371669-763909703378-01ffaa4c4eeda75ea92ad255b32a04e5",
                "thumb_360_w": 360,
                "thumb_360_h": 277,
                "thumb_480": "https:\/\/files.slack.com\/files-tmb\/TJH5YU202-FMK70HK99-9e2163e069\/grafik_480.png?t=xoxe-629202954002-776688371669-763909703378-01ffaa4c4eeda75ea92ad255b32a04e5",
                "thumb_480_w": 480,
                "thumb_480_h": 369,
                "thumb_160": "https:\/\/files.slack.com\/files-tmb\/TJH5YU202-FMK70HK99-9e2163e069\/grafik_160.png?t=xoxe-629202954002-776688371669-763909703378-01ffaa4c4eeda75ea92ad255b32a04e5",
                "thumb_720": "https:\/\/files.slack.com\/files-tmb\/TJH5YU202-FMK70HK99-9e2163e069\/grafik_720.png?t=xoxe-629202954002-776688371669-763909703378-01ffaa4c4eeda75ea92ad255b32a04e5",
                "thumb_720_w": 720,
                "thumb_720_h": 554,
                "thumb_800": "https:\/\/files.slack.com\/files-tmb\/TJH5YU202-FMK70HK99-9e2163e069\/grafik_800.png?t=xoxe-629202954002-776688371669-763909703378-01ffaa4c4eeda75ea92ad255b32a04e5",
                "thumb_800_w": 800,
                "thumb_800_h": 616,
                "thumb_960": "https:\/\/files.slack.com\/files-tmb\/TJH5YU202-FMK70HK99-9e2163e069\/grafik_960.png?t=xoxe-629202954002-776688371669-763909703378-01ffaa4c4eeda75ea92ad255b32a04e5",
                "thumb_960_w": 960,
                "thumb_960_h": 739,
                "thumb_1024": "https:\/\/files.slack.com\/files-tmb\/TJH5YU202-FMK70HK99-9e2163e069\/grafik_1024.png?t=xoxe-629202954002-776688371669-763909703378-01ffaa4c4eeda75ea92ad255b32a04e5",
                "thumb_1024_w": 1024,
                "thumb_1024_h": 788,
                "image_exif_rotation": 1,
                "original_w": 1607,
                "original_h": 1237,
                "permalink": "https:\/\/harbourproject.slack.com\/files\/UJHD6A81H\/FMK70HK99\/grafik.png",
                "permalink_public": "https:\/\/slack-files.com\/TJH5YU202-FMK70HK99-c29549025d",
                "is_starred": false,
                "has_rich_preview": false
            }
        ],
        "upload": true,
        "user": "UJHD6A81H",
        "display_as_bot": false,
        "ts": "1567245967.206700",
        "client_msg_id": "239bfb4e-9521-42ef-b083-3b94d4d0bfc9"
    },
    {
        "client_msg_id": "82bd5b02-d4b2-42f3-ad3d-55623c27d755",
        "type": "message",
        "text": "<@UJURBDZ6U> I would like to have a similar behavior like yunus.prg of the FIVEWIN samples. We could then post this in FIVEWIN forum. So all the FIVEWINNERS would have a demonstration what mod harbour is capable Would you be so kind to advice how to make this.",
        "user": "UJHD6A81H",
        "ts": "1567246174.209500",
        "team": "TJH5YU202",
        "user_team": "TJH5YU202",
        "source_team": "TJH5YU202",
        "user_profile": {
            "avatar_hash": "g6b8073e00e9",
            "image_72": "https:\/\/secure.gravatar.com\/avatar\/b96b8073e00e9eb02bcf05bc1418eb3a.jpg?s=72&d=https%3A%2F%2Fa.slack-edge.com%2F80588%2Fimg%2Favatars%2Fuser_shapes%2Fava_0021-72.png",
            "first_name": "Otto",
            "real_name": "Otto Atzwanger",
            "display_name": "Otto",
            "team": "TJH5YU202",
            "name": "otto",
            "is_restricted": false,
            "is_ultra_restricted": false
        }
    },
    {
        "client_msg_id": "63a357eb-8dbd-4c37-8e8d-5306f3176e08",
        "type": "message",
        "text": "Antonio's thesis NR.1  Priority objective: Achieve volume of users. I think such a sample would help much.",
        "user": "UJHD6A81H",
        "ts": "1567246282.210100",
        "team": "TJH5YU202",
        "user_team": "TJH5YU202",
        "source_team": "TJH5YU202",
        "user_profile": {
            "avatar_hash": "g6b8073e00e9",
            "image_72": "https:\/\/secure.gravatar.com\/avatar\/b96b8073e00e9eb02bcf05bc1418eb3a.jpg?s=72&d=https%3A%2F%2Fa.slack-edge.com%2F80588%2Fimg%2Favatars%2Fuser_shapes%2Fava_0021-72.png",
            "first_name": "Otto",
            "real_name": "Otto Atzwanger",
            "display_name": "Otto",
            "team": "TJH5YU202",
            "name": "otto",
            "is_restricted": false,
            "is_ultra_restricted": false
        }
    },
    {
        "client_msg_id": "29642c86-74fb-4b94-b74f-81ee5a755a4e",
        "type": "message",
        "text": "I found a sample for master\/detail but not for 2 grids. <https:\/\/datatables.net\/examples\/api\/row_details.html>",
        "user": "UJHD6A81H",
        "ts": "1567246399.211100",
        "team": "TJH5YU202",
        "user_team": "TJH5YU202",
        "source_team": "TJH5YU202",
        "user_profile": {
            "avatar_hash": "g6b8073e00e9",
            "image_72": "https:\/\/secure.gravatar.com\/avatar\/b96b8073e00e9eb02bcf05bc1418eb3a.jpg?s=72&d=https%3A%2F%2Fa.slack-edge.com%2F80588%2Fimg%2Favatars%2Fuser_shapes%2Fava_0021-72.png",
            "first_name": "Otto",
            "real_name": "Otto Atzwanger",
            "display_name": "Otto",
            "team": "TJH5YU202",
            "name": "otto",
            "is_restricted": false,
            "is_ultra_restricted": false
        }
    },
    {
        "client_msg_id": "bfe8fc66-74f4-4e4c-be69-22b091f7be55",
        "type": "message",
        "text": "this is a kind of tree view.",
        "user": "UJHD6A81H",
        "ts": "1567246417.211400",
        "team": "TJH5YU202",
        "user_team": "TJH5YU202",
        "source_team": "TJH5YU202",
        "user_profile": {
            "avatar_hash": "g6b8073e00e9",
            "image_72": "https:\/\/secure.gravatar.com\/avatar\/b96b8073e00e9eb02bcf05bc1418eb3a.jpg?s=72&d=https%3A%2F%2Fa.slack-edge.com%2F80588%2Fimg%2Favatars%2Fuser_shapes%2Fava_0021-72.png",
            "first_name": "Otto",
            "real_name": "Otto Atzwanger",
            "display_name": "Otto",
            "team": "TJH5YU202",
            "name": "otto",
            "is_restricted": false,
            "is_ultra_restricted": false
        }
    },
    {
        "client_msg_id": "525fa085-d762-4fa9-9ea2-1c1564500715",
        "type": "message",
        "text": "<https:\/\/threejs.org\/examples\/webgl_shaders_ocean.html>",
        "user": "UJN8D8U3B",
        "ts": "1567246721.211600",
        "team": "TJH5YU202",
        "user_team": "TJH5YU202",
        "source_team": "TJH5YU202",
        "user_profile": {
            "avatar_hash": "g92ad2abcc45",
            "image_72": "https:\/\/secure.gravatar.com\/avatar\/8492ad2abcc45ce53969adcf8420acde.jpg?s=72&d=https%3A%2F%2Fa.slack-edge.com%2F80588%2Fimg%2Favatars%2Fuser_shapes%2Fava_0008-72.png",
            "first_name": "",
            "real_name": "Antonio Linares",
            "display_name": "Antonio Linares",
            "team": "TJH5YU202",
            "name": "alinares",
            "is_restricted": false,
            "is_ultra_restricted": false
        }
    },
    {
        "client_msg_id": "31444921-034b-4161-939c-b348f622919d",
        "type": "message",
        "text": "WOW",
        "user": "UJHD6A81H",
        "ts": "1567247924.211800",
        "team": "TJH5YU202",
        "user_team": "TJH5YU202",
        "source_team": "TJH5YU202",
        "user_profile": {
            "avatar_hash": "g6b8073e00e9",
            "image_72": "https:\/\/secure.gravatar.com\/avatar\/b96b8073e00e9eb02bcf05bc1418eb3a.jpg?s=72&d=https%3A%2F%2Fa.slack-edge.com%2F80588%2Fimg%2Favatars%2Fuser_shapes%2Fava_0021-72.png",
            "first_name": "Otto",
            "real_name": "Otto Atzwanger",
            "display_name": "Otto",
            "team": "TJH5YU202",
            "name": "otto",
            "is_restricted": false,
            "is_ultra_restricted": false
        }
    },
    {
        "client_msg_id": "50fe7010-10fd-4d04-aef6-3d5fd6792a9c",
        "type": "message",
        "text": "I am out for lunch - this is waiting for us:   <https:\/\/www.austria.info\/uk\/things-to-do\/food-and-drink\/favourite-austrian-recipes\/kaiserschmarren>",
        "user": "UJHD6A81H",
        "ts": "1567247994.212400",
        "team": "TJH5YU202",
        "user_team": "TJH5YU202",
        "source_team": "TJH5YU202",
        "user_profile": {
            "avatar_hash": "g6b8073e00e9",
            "image_72": "https:\/\/secure.gravatar.com\/avatar\/b96b8073e00e9eb02bcf05bc1418eb3a.jpg?s=72&d=https%3A%2F%2Fa.slack-edge.com%2F80588%2Fimg%2Favatars%2Fuser_shapes%2Fava_0021-72.png",
            "first_name": "Otto",
            "real_name": "Otto Atzwanger",
            "display_name": "Otto",
            "team": "TJH5YU202",
            "name": "otto",
            "is_restricted": false,
            "is_ultra_restricted": false
        },
        "attachments": [
            {
                "title": "Kaiserschmarren Recipe",
                "title_link": "https:\/\/www.austria.info\/uk\/things-to-do\/food-and-drink\/favourite-austrian-recipes\/kaiserschmarren",
                "text": "The chopped sweet pancakes known as Kaiserschmarren are a long-running Austrian favourite.",
                "fallback": "Kaiserschmarren Recipe",
                "image_url": "https:\/\/www.austria.info\/media\/17083\/thumbnails\/00000031591-kaiserschmarren-oesterreich-werbung-Wolfgang%20Schardt.jpg.3070544.jpg",
                "from_url": "https:\/\/www.austria.info\/uk\/things-to-do\/food-and-drink\/favourite-austrian-recipes\/kaiserschmarren",
                "image_width": 1176,
                "image_height": 250,
                "image_bytes": 205920,
                "service_icon": "https:\/\/www.austria.info\/favicon.ico",
                "service_name": "austria.info",
                "id": 1,
                "original_url": "https:\/\/www.austria.info\/uk\/things-to-do\/food-and-drink\/favourite-austrian-recipes\/kaiserschmarren"
            }
        ]
    },
    {
        "client_msg_id": "5f3fe6a6-7a82-4bc3-8113-44d8d1889a46",
        "type": "message",
        "text": "<@UJWR5N32S> bona tarda! Comentaste cuando empecé con datatables que tenías tus preferencias en cuanto a uso de plugin js, qué sueles utilizar tú? Otto está buscando un master\/detail y creo que datatables no va en la dirección que él quiere. Es posible que jqgrid sea lo que busca... En advanced -&gt;master detail\n <http:\/\/trirand.com\/blog\/jqgrid\/jqgrid.html>",
        "user": "UJURBDZ6U",
        "ts": "1567262087.219200",
        "team": "TJH5YU202",
        "user_team": "TJH5YU202",
        "source_team": "TJH5YU202",
        "user_profile": {
            "avatar_hash": "g67538ae1907",
            "image_72": "https:\/\/secure.gravatar.com\/avatar\/b967538ae19073bca8ce8c34fefb13e2.jpg?s=72&d=https%3A%2F%2Fa.slack-edge.com%2F80588%2Fimg%2Favatars%2Fuser_shapes%2Fava_0005-72.png",
            "first_name": "",
            "real_name": "Quim",
            "display_name": "Quim",
            "team": "TJH5YU202",
            "name": "qferrer63",
            "is_restricted": false,
            "is_ultra_restricted": false
        },
        "edited": {
            "user": "UJURBDZ6U",
            "ts": "1567262179.000000"
        }
    },
    {
        "client_msg_id": "154c9a62-846c-4753-999b-31160ed756ab",
        "type": "message",
        "text": "<http:\/\/w2ui.com\/web\/demos\/#!grid\/grid-18>",
        "user": "UJURBDZ6U",
        "ts": "1567262709.219500",
        "team": "TJH5YU202",
        "user_team": "TJH5YU202",
        "source_team": "TJH5YU202",
        "user_profile": {
            "avatar_hash": "g67538ae1907",
            "image_72": "https:\/\/secure.gravatar.com\/avatar\/b967538ae19073bca8ce8c34fefb13e2.jpg?s=72&d=https%3A%2F%2Fa.slack-edge.com%2F80588%2Fimg%2Favatars%2Fuser_shapes%2Fava_0005-72.png",
            "first_name": "",
            "real_name": "Quim",
            "display_name": "Quim",
            "team": "TJH5YU202",
            "name": "qferrer63",
            "is_restricted": false,
            "is_ultra_restricted": false
        }
    },
    {
        "client_msg_id": "f6961233-45e4-4219-a66f-a57dfde1c1b5",
        "type": "message",
        "text": "Hace tiempo también estuve utilizando w2ui",
        "user": "UJURBDZ6U",
        "ts": "1567262751.220200",
        "team": "TJH5YU202",
        "user_team": "TJH5YU202",
        "source_team": "TJH5YU202",
        "user_profile": {
            "avatar_hash": "g67538ae1907",
            "image_72": "https:\/\/secure.gravatar.com\/avatar\/b967538ae19073bca8ce8c34fefb13e2.jpg?s=72&d=https%3A%2F%2Fa.slack-edge.com%2F80588%2Fimg%2Favatars%2Fuser_shapes%2Fava_0005-72.png",
            "first_name": "",
            "real_name": "Quim",
            "display_name": "Quim",
            "team": "TJH5YU202",
            "name": "qferrer63",
            "is_restricted": false,
            "is_ultra_restricted": false
        }
    },
    {
        "client_msg_id": "05f0eb8c-866c-4689-b902-7d27e3e8fdd7",
        "type": "message",
        "text": "Está muy bien para empezar en el mundo de las aplicaciones ui web pero se quedó obsoleta al no ser compatible con bootstrap :(",
        "user": "UJURBDZ6U",
        "ts": "1567262853.222200",
        "team": "TJH5YU202",
        "user_team": "TJH5YU202",
        "source_team": "TJH5YU202",
        "user_profile": {
            "avatar_hash": "g67538ae1907",
            "image_72": "https:\/\/secure.gravatar.com\/avatar\/b967538ae19073bca8ce8c34fefb13e2.jpg?s=72&d=https%3A%2F%2Fa.slack-edge.com%2F80588%2Fimg%2Favatars%2Fuser_shapes%2Fava_0005-72.png",
            "first_name": "",
            "real_name": "Quim",
            "display_name": "Quim",
            "team": "TJH5YU202",
            "name": "qferrer63",
            "is_restricted": false,
            "is_ultra_restricted": false
        },
        "edited": {
            "user": "UJURBDZ6U",
            "ts": "1567262892.000000"
        }
    },
    {
        "client_msg_id": "ff5fa61c-5550-495e-9bcc-b9ffdbb88e6b",
        "type": "message",
        "text": "Yo estuve aquí",
        "user": "UJULQCHL5",
        "ts": "1567264112.222900",
        "team": "TJH5YU202",
        "user_team": "TJH5YU202",
        "source_team": "TJH5YU202",
        "user_profile": {
            "avatar_hash": "g7659142325a",
            "image_72": "https:\/\/secure.gravatar.com\/avatar\/c87659142325a3facb661d85281ec091.jpg?s=72&d=https%3A%2F%2Fa.slack-edge.com%2F80588%2Fimg%2Favatars%2Fuser_shapes%2Fava_0003-72.png",
            "first_name": "",
            "real_name": "Paquito",
            "display_name": "Paquito",
            "team": "TJH5YU202",
            "name": "hmpaquito",
            "is_restricted": false,
            "is_ultra_restricted": false
        }
    },
    {
        "client_msg_id": "fcd7a9e4-b6d3-4158-88aa-79214883a00c",
        "type": "message",
        "text": "Quim w2ui me gusta mucho y es del estilo slickgrid que es mi favorito.  La semana q viene en el cursillo de mvc preparo el ejemplo con datatables por q me lo han pedido. Sera un ejemplo sencillo parecido a los tuyos y esta semana q me lo estado mirando tiene sus cosillas q estan bien. Hay muchas libs de grids y cada una tiene su mundo y su dificultad. El control grid es el que normalmente inviertes mas tiempo en aprenderlo. Un master\/detail se puede montar de muchas maneras y se habria de controlar el evento change del grid y con un $.post cargar el detalle, esto ya lo sabes. No se en datatable como hacerlo, se habria de estudiar la lib....",
        "user": "UJWR5N32S",
        "ts": "1567265061.234900",
        "team": "TJH5YU202",
        "user_team": "TJH5YU202",
        "source_team": "TJH5YU202",
        "user_profile": {
            "avatar_hash": "273d3745f7ae",
            "image_72": "https:\/\/avatars.slack-edge.com\/2019-05-20\/634344238497_273d3745f7ae1b176b82_72.jpg",
            "first_name": "Charly",
            "real_name": "Charly",
            "display_name": "Charly",
            "team": "TJH5YU202",
            "name": "carles9000",
            "is_restricted": false,
            "is_ultra_restricted": false
        },
        "reactions": [
            {
                "name": "+1",
                "users": [
                    "UJURBDZ6U"
                ],
                "count": 1
            }
        ]
    },
    {
        "client_msg_id": "56439b2f-4aca-4bf0-be6b-299ec838df48",
        "type": "message",
        "text": "Conocías w2ui no?",
        "user": "UJURBDZ6U",
        "ts": "1567265962.235600",
        "team": "TJH5YU202",
        "user_team": "TJH5YU202",
        "source_team": "TJH5YU202",
        "user_profile": {
            "avatar_hash": "g67538ae1907",
            "image_72": "https:\/\/secure.gravatar.com\/avatar\/b967538ae19073bca8ce8c34fefb13e2.jpg?s=72&d=https%3A%2F%2Fa.slack-edge.com%2F80588%2Fimg%2Favatars%2Fuser_shapes%2Fava_0005-72.png",
            "first_name": "",
            "real_name": "Quim",
            "display_name": "Quim",
            "team": "TJH5YU202",
            "name": "qferrer63",
            "is_restricted": false,
            "is_ultra_restricted": false
        }
    },
    {
        "client_msg_id": "d008a03f-5e5c-4219-8f4e-c3f60fcbf074",
        "type": "message",
        "text": "Un amigo lo usaba y me gustaba si",
        "user": "UJWR5N32S",
        "ts": "1567266013.236100",
        "team": "TJH5YU202",
        "user_team": "TJH5YU202",
        "source_team": "TJH5YU202",
        "user_profile": {
            "avatar_hash": "273d3745f7ae",
            "image_72": "https:\/\/avatars.slack-edge.com\/2019-05-20\/634344238497_273d3745f7ae1b176b82_72.jpg",
            "first_name": "Charly",
            "real_name": "Charly",
            "display_name": "Charly",
            "team": "TJH5YU202",
            "name": "carles9000",
            "is_restricted": false,
            "is_ultra_restricted": false
        }
    },
    {
        "client_msg_id": "8118d5c8-d682-4f59-9d3f-68eae4dc22d7",
        "type": "message",
        "text": "Y no usarlo por no estar adaptado a bootstrap te hace pensar sibre el tema....:thinking_face:",
        "user": "UJWR5N32S",
        "ts": "1567266078.237700",
        "team": "TJH5YU202",
        "user_team": "TJH5YU202",
        "source_team": "TJH5YU202",
        "user_profile": {
            "avatar_hash": "273d3745f7ae",
            "image_72": "https:\/\/avatars.slack-edge.com\/2019-05-20\/634344238497_273d3745f7ae1b176b82_72.jpg",
            "first_name": "Charly",
            "real_name": "Charly",
            "display_name": "Charly",
            "team": "TJH5YU202",
            "name": "carles9000",
            "is_restricted": false,
            "is_ultra_restricted": false
        }
    },
    {
        "client_msg_id": "5fbdd144-0873-4ff2-86ec-1c8950fb577d",
        "type": "message",
        "text": "Mobile first amigo:joy:",
        "user": "UJURBDZ6U",
        "ts": "1567266118.238100",
        "team": "TJH5YU202",
        "user_team": "TJH5YU202",
        "source_team": "TJH5YU202",
        "user_profile": {
            "avatar_hash": "g67538ae1907",
            "image_72": "https:\/\/secure.gravatar.com\/avatar\/b967538ae19073bca8ce8c34fefb13e2.jpg?s=72&d=https%3A%2F%2Fa.slack-edge.com%2F80588%2Fimg%2Favatars%2Fuser_shapes%2Fava_0005-72.png",
            "first_name": "",
            "real_name": "Quim",
            "display_name": "Quim",
            "team": "TJH5YU202",
            "name": "qferrer63",
            "is_restricted": false,
            "is_ultra_restricted": false
        }
    },
    {
        "client_msg_id": "0209aa8b-1191-4184-a090-000d48a21a6a",
        "type": "message",
        "text": "+1",
        "user": "UJHD6A81H",
        "ts": "1567266144.238300",
        "team": "TJH5YU202",
        "user_team": "TJH5YU202",
        "source_team": "TJH5YU202",
        "user_profile": {
            "avatar_hash": "g6b8073e00e9",
            "image_72": "https:\/\/secure.gravatar.com\/avatar\/b96b8073e00e9eb02bcf05bc1418eb3a.jpg?s=72&d=https%3A%2F%2Fa.slack-edge.com%2F80588%2Fimg%2Favatars%2Fuser_shapes%2Fava_0021-72.png",
            "first_name": "Otto",
            "real_name": "Otto Atzwanger",
            "display_name": "Otto",
            "team": "TJH5YU202",
            "name": "otto",
            "is_restricted": false,
            "is_ultra_restricted": false
        }
    },
    {
        "client_msg_id": "177743e6-7909-419f-bddc-3adae2b1f0d4",
        "type": "message",
        "text": "I did not think that it is difficult to master \/ detail on 2 tables.  Today I  gegoogled hours <http:\/\/datatables.net|datatables.net> vs other girds.\nBut I think at the beginning we should not open too many options. As Antonio writes it is now  important to find mod harbor users.\nA yunus.prg clone with mod harbor (yunus is an invoicing program in the Fivewin sample folder) would be ideal for newcomers to learning.",
        "user": "UJHD6A81H",
        "ts": "1567266674.240200",
        "team": "TJH5YU202",
        "user_team": "TJH5YU202",
        "source_team": "TJH5YU202",
        "user_profile": {
            "avatar_hash": "g6b8073e00e9",
            "image_72": "https:\/\/secure.gravatar.com\/avatar\/b96b8073e00e9eb02bcf05bc1418eb3a.jpg?s=72&d=https%3A%2F%2Fa.slack-edge.com%2F80588%2Fimg%2Favatars%2Fuser_shapes%2Fava_0021-72.png",
            "first_name": "Otto",
            "real_name": "Otto Atzwanger",
            "display_name": "Otto",
            "team": "TJH5YU202",
            "name": "otto",
            "is_restricted": false,
            "is_ultra_restricted": false
        }
    },
    {
        "client_msg_id": "f2a6c419-9657-4023-b3e3-f8da9e870087",
        "type": "message",
        "text": "Quim's programs help so much learning datatables.",
        "user": "UJHD6A81H",
        "ts": "1567266751.240800",
        "team": "TJH5YU202",
        "user_team": "TJH5YU202",
        "source_team": "TJH5YU202",
        "user_profile": {
            "avatar_hash": "g6b8073e00e9",
            "image_72": "https:\/\/secure.gravatar.com\/avatar\/b96b8073e00e9eb02bcf05bc1418eb3a.jpg?s=72&d=https%3A%2F%2Fa.slack-edge.com%2F80588%2Fimg%2Favatars%2Fuser_shapes%2Fava_0021-72.png",
            "first_name": "Otto",
            "real_name": "Otto Atzwanger",
            "display_name": "Otto",
            "team": "TJH5YU202",
            "name": "otto",
            "is_restricted": false,
            "is_ultra_restricted": false
        }
    },
    {
        "client_msg_id": "671fd729-6bad-4482-9102-d6625315d323",
        "type": "message",
        "text": "Pues nada Quim, a preparar un ejemplo master\/detail con datatables",
        "user": "UJWR5N32S",
        "ts": "1567267011.242000",
        "team": "TJH5YU202",
        "user_team": "TJH5YU202",
        "source_team": "TJH5YU202",
        "user_profile": {
            "avatar_hash": "273d3745f7ae",
            "image_72": "https:\/\/avatars.slack-edge.com\/2019-05-20\/634344238497_273d3745f7ae1b176b82_72.jpg",
            "first_name": "Charly",
            "real_name": "Charly",
            "display_name": "Charly",
            "team": "TJH5YU202",
            "name": "carles9000",
            "is_restricted": false,
            "is_ultra_restricted": false
        }
    },
    {
        "client_msg_id": "c671f79e-732f-4d18-b2ef-973cf49feb26",
        "type": "message",
        "text": "Y q funciones bien en el movil eh, sobretodo",
        "user": "UJWR5N32S",
        "ts": "1567267028.242600",
        "team": "TJH5YU202",
        "user_team": "TJH5YU202",
        "source_team": "TJH5YU202",
        "user_profile": {
            "avatar_hash": "273d3745f7ae",
            "image_72": "https:\/\/avatars.slack-edge.com\/2019-05-20\/634344238497_273d3745f7ae1b176b82_72.jpg",
            "first_name": "Charly",
            "real_name": "Charly",
            "display_name": "Charly",
            "team": "TJH5YU202",
            "name": "carles9000",
            "is_restricted": false,
            "is_ultra_restricted": false
        }
    },
    {
        "client_msg_id": "9df79374-b6ae-4242-96c4-72f2eb9127bf",
        "type": "message",
        "text": ":unicorn_face:",
        "user": "UJURBDZ6U",
        "ts": "1567267066.242700",
        "team": "TJH5YU202",
        "user_team": "TJH5YU202",
        "source_team": "TJH5YU202",
        "user_profile": {
            "avatar_hash": "g67538ae1907",
            "image_72": "https:\/\/secure.gravatar.com\/avatar\/b967538ae19073bca8ce8c34fefb13e2.jpg?s=72&d=https%3A%2F%2Fa.slack-edge.com%2F80588%2Fimg%2Favatars%2Fuser_shapes%2Fava_0005-72.png",
            "first_name": "",
            "real_name": "Quim",
            "display_name": "Quim",
            "team": "TJH5YU202",
            "name": "qferrer63",
            "is_restricted": false,
            "is_ultra_restricted": false
        }
    },
    {
        "client_msg_id": "1aaea292-92bb-45a3-8eba-96f8449a077e",
        "type": "message",
        "text": "El mod ya puede controlar sesiones en servidor?",
        "user": "UJURBDZ6U",
        "ts": "1567267205.243500",
        "team": "TJH5YU202",
        "user_team": "TJH5YU202",
        "source_team": "TJH5YU202",
        "user_profile": {
            "avatar_hash": "g67538ae1907",
            "image_72": "https:\/\/secure.gravatar.com\/avatar\/b967538ae19073bca8ce8c34fefb13e2.jpg?s=72&d=https%3A%2F%2Fa.slack-edge.com%2F80588%2Fimg%2Favatars%2Fuser_shapes%2Fava_0005-72.png",
            "first_name": "",
            "real_name": "Quim",
            "display_name": "Quim",
            "team": "TJH5YU202",
            "name": "qferrer63",
            "is_restricted": false,
            "is_ultra_restricted": false
        }
    },
    {
        "client_msg_id": "e49e11c4-6cbd-4268-bd81-99c06ea8baf0",
        "type": "message",
        "text": "Hay un modulo sesiones que prepare que funciona, pero hasta que no controlemos la seguridad de acceso a ficheros no tiene sentido ponerlo en marcha",
        "user": "UJWR5N32S",
        "ts": "1567267281.245100",
        "team": "TJH5YU202",
        "user_team": "TJH5YU202",
        "source_team": "TJH5YU202",
        "user_profile": {
            "avatar_hash": "273d3745f7ae",
            "image_72": "https:\/\/avatars.slack-edge.com\/2019-05-20\/634344238497_273d3745f7ae1b176b82_72.jpg",
            "first_name": "Charly",
            "real_name": "Charly",
            "display_name": "Charly",
            "team": "TJH5YU202",
            "name": "carles9000",
            "is_restricted": false,
            "is_ultra_restricted": false
        }
    },
    {
        "client_msg_id": "3b0dea7b-0077-489b-b9c6-e27ab61a96a3",
        "type": "message",
        "text": "Ok gracias",
        "user": "UJURBDZ6U",
        "ts": "1567267332.245300",
        "team": "TJH5YU202",
        "user_team": "TJH5YU202",
        "source_team": "TJH5YU202",
        "user_profile": {
            "avatar_hash": "g67538ae1907",
            "image_72": "https:\/\/secure.gravatar.com\/avatar\/b967538ae19073bca8ce8c34fefb13e2.jpg?s=72&d=https%3A%2F%2Fa.slack-edge.com%2F80588%2Fimg%2Favatars%2Fuser_shapes%2Fava_0005-72.png",
            "first_name": "",
            "real_name": "Quim",
            "display_name": "Quim",
            "team": "TJH5YU202",
            "name": "qferrer63",
            "is_restricted": false,
            "is_ultra_restricted": false
        }
    },
    {
        "client_msg_id": "b081a939-52cf-4d1e-9392-35391110f2a2",
        "type": "message",
        "text": "Marcelo, el dominio lo tengo comprado con <http:\/\/GoDaddy.com|GoDaddy.com> y quiero instalar ese dominio en mi servidor de mi oficina.  se podra?  entiendo que no-ip  se puede pero  lo que no sé si no-ip te permite usar un dominio propio.. como por ejemplo  <http:\/\/web.sysctrl.org|web.sysctrl.org>",
        "user": "UK28N3CER",
        "ts": "1567273608.245400",
        "team": "TJH5YU202",
        "user_team": "TJH5YU202",
        "source_team": "TJH5YU202",
        "user_profile": {
            "avatar_hash": "3fec6e3393a8",
            "image_72": "https:\/\/avatars.slack-edge.com\/2019-08-17\/723363154273_3fec6e3393a86fb3e470_72.jpg",
            "first_name": "",
            "real_name": "Cesar SysCtrl Software",
            "display_name": "Cesar SysCtrl Software",
            "team": "TJH5YU202",
            "name": "sysctrlsoftware",
            "is_restricted": false,
            "is_ultra_restricted": false
        },
        "thread_ts": "1567213259.193300",
        "parent_user_id": "UK28N3CER"
    },
    {
        "client_msg_id": "a2f69523-28e6-4a8f-a823-1399fdb2a35b",
        "type": "message",
        "text": "ya me explico Angel como funciona todo esto,",
        "user": "UK28N3CER",
        "ts": "1567274739.245600",
        "team": "TJH5YU202",
        "user_team": "TJH5YU202",
        "source_team": "TJH5YU202",
        "user_profile": {
            "avatar_hash": "3fec6e3393a8",
            "image_72": "https:\/\/avatars.slack-edge.com\/2019-08-17\/723363154273_3fec6e3393a86fb3e470_72.jpg",
            "first_name": "",
            "real_name": "Cesar SysCtrl Software",
            "display_name": "Cesar SysCtrl Software",
            "team": "TJH5YU202",
            "name": "sysctrlsoftware",
            "is_restricted": false,
            "is_ultra_restricted": false
        },
        "thread_ts": "1567213259.193300",
        "parent_user_id": "UK28N3CER"
    },
    {
        "client_msg_id": "6b1f91fd-78c1-41bb-ab98-d65e45d796d8",
        "type": "message",
        "text": "se compra el dominio con <http:\/\/GoDaddy.com|GoDaddy.com> y despues se le paga a <http:\/\/no-ip.com|no-ip.com> para que haga la conversion y se pueda usar un nombre propio.",
        "user": "UK28N3CER",
        "ts": "1567274824.245800",
        "team": "TJH5YU202",
        "user_team": "TJH5YU202",
        "source_team": "TJH5YU202",
        "user_profile": {
            "avatar_hash": "3fec6e3393a8",
            "image_72": "https:\/\/avatars.slack-edge.com\/2019-08-17\/723363154273_3fec6e3393a86fb3e470_72.jpg",
            "first_name": "",
            "real_name": "Cesar SysCtrl Software",
            "display_name": "Cesar SysCtrl Software",
            "team": "TJH5YU202",
            "name": "sysctrlsoftware",
            "is_restricted": false,
            "is_ultra_restricted": false
        },
        "thread_ts": "1567213259.193300",
        "parent_user_id": "UK28N3CER"
    },
    {
        "client_msg_id": "bdd3c1d1-bd1e-4543-af5f-733656cea9ba",
        "type": "message",
        "text": "lo voy a intentar.",
        "user": "UK28N3CER",
        "ts": "1567274829.246000",
        "team": "TJH5YU202",
        "user_team": "TJH5YU202",
        "source_team": "TJH5YU202",
        "user_profile": {
            "avatar_hash": "3fec6e3393a8",
            "image_72": "https:\/\/avatars.slack-edge.com\/2019-08-17\/723363154273_3fec6e3393a86fb3e470_72.jpg",
            "first_name": "",
            "real_name": "Cesar SysCtrl Software",
            "display_name": "Cesar SysCtrl Software",
            "team": "TJH5YU202",
            "name": "sysctrlsoftware",
            "is_restricted": false,
            "is_ultra_restricted": false
        },
        "thread_ts": "1567213259.193300",
        "parent_user_id": "UK28N3CER"
    },
    {
        "client_msg_id": "46be4591-12b4-43a1-bd69-ebbe36862f80",
        "type": "message",
        "text": "Charly en el modulo de sesiones solo falta validar el usuario usando un dbf o una mysql.",
        "user": "UK28N3CER",
        "ts": "1567275421.247200",
        "team": "TJH5YU202",
        "user_team": "TJH5YU202",
        "source_team": "TJH5YU202",
        "user_profile": {
            "avatar_hash": "3fec6e3393a8",
            "image_72": "https:\/\/avatars.slack-edge.com\/2019-08-17\/723363154273_3fec6e3393a86fb3e470_72.jpg",
            "first_name": "",
            "real_name": "Cesar SysCtrl Software",
            "display_name": "Cesar SysCtrl Software",
            "team": "TJH5YU202",
            "name": "sysctrlsoftware",
            "is_restricted": false,
            "is_ultra_restricted": false
        }
    },
    {
        "client_msg_id": "2c6da76c-84de-45a9-919f-ec12eb24e345",
        "type": "message",
        "text": "Cesar el tema de sesiones es un poco complejo. Realmente lo que hace la sesion es guardarse para una conexion activa, aquellos datos que quieres. Cada vez que el servidor detecta que vuelves a entrar puedes recuperar estos datos. Pero estos datos guardados en el servidor son accesibles hasta ahora por cualquier prg que pongamos en el servidor. Si en el server solo tienes tus programas no pasara nada, pero si el objetivo es que el mod pueda ejecutar varios mods de varios programadores, no podemos dejar que un programador haga un directory del disco duro y se cargue lo que desee. No se si me explico....",
        "user": "UJWR5N32S",
        "ts": "1567275906.250700",
        "team": "TJH5YU202",
        "user_team": "TJH5YU202",
        "source_team": "TJH5YU202",
        "user_profile": {
            "avatar_hash": "273d3745f7ae",
            "image_72": "https:\/\/avatars.slack-edge.com\/2019-05-20\/634344238497_273d3745f7ae1b176b82_72.jpg",
            "first_name": "Charly",
            "real_name": "Charly",
            "display_name": "Charly",
            "team": "TJH5YU202",
            "name": "carles9000",
            "is_restricted": false,
            "is_ultra_restricted": false
        }
    },
    {
        "client_msg_id": "ea7035c4-08c2-4fdc-8ad7-25dcd0b7419b",
        "type": "message",
        "text": "Hemos de conseguir que si yo hago un directory(), ferase(), copy, .... solo lo puedas hacer desde tu document_root para arriba",
        "user": "UJWR5N32S",
        "ts": "1567275989.251900",
        "team": "TJH5YU202",
        "user_team": "TJH5YU202",
        "source_team": "TJH5YU202",
        "user_profile": {
            "avatar_hash": "273d3745f7ae",
            "image_72": "https:\/\/avatars.slack-edge.com\/2019-05-20\/634344238497_273d3745f7ae1b176b82_72.jpg",
            "first_name": "Charly",
            "real_name": "Charly",
            "display_name": "Charly",
            "team": "TJH5YU202",
            "name": "carles9000",
            "is_restricted": false,
            "is_ultra_restricted": false
        }
    },
    {
        "client_msg_id": "e0435ed5-1934-432c-8fd8-d968c0d101d8",
        "type": "message",
        "text": "es decir, si en tu maquina yo tengo mis programas y tu los tuyos, no has de poder acceder a nada mio y viceversa",
        "user": "UJWR5N32S",
        "ts": "1567276029.252700",
        "team": "TJH5YU202",
        "user_team": "TJH5YU202",
        "source_team": "TJH5YU202",
        "user_profile": {
            "avatar_hash": "273d3745f7ae",
            "image_72": "https:\/\/avatars.slack-edge.com\/2019-05-20\/634344238497_273d3745f7ae1b176b82_72.jpg",
            "first_name": "Charly",
            "real_name": "Charly",
            "display_name": "Charly",
            "team": "TJH5YU202",
            "name": "carles9000",
            "is_restricted": false,
            "is_ultra_restricted": false
        }
    },
    {
        "client_msg_id": "692b215c-349b-47c5-a78f-c01738f7944b",
        "type": "message",
        "text": "ok. Charly entendido.",
        "user": "UK28N3CER",
        "ts": "1567276066.253200",
        "team": "TJH5YU202",
        "user_team": "TJH5YU202",
        "source_team": "TJH5YU202",
        "user_profile": {
            "avatar_hash": "3fec6e3393a8",
            "image_72": "https:\/\/avatars.slack-edge.com\/2019-08-17\/723363154273_3fec6e3393a86fb3e470_72.jpg",
            "first_name": "",
            "real_name": "Cesar SysCtrl Software",
            "display_name": "Cesar SysCtrl Software",
            "team": "TJH5YU202",
            "name": "sysctrlsoftware",
            "is_restricted": false,
            "is_ultra_restricted": false
        }
    },
    {
        "client_msg_id": "59080e3a-4229-45ba-92cf-45f017af34cb",
        "type": "message",
        "text": "Lo conseguiremos, Antonio es un genio en esto :wink:",
        "user": "UJWR5N32S",
        "ts": "1567276091.253600",
        "team": "TJH5YU202",
        "user_team": "TJH5YU202",
        "source_team": "TJH5YU202",
        "user_profile": {
            "avatar_hash": "273d3745f7ae",
            "image_72": "https:\/\/avatars.slack-edge.com\/2019-05-20\/634344238497_273d3745f7ae1b176b82_72.jpg",
            "first_name": "Charly",
            "real_name": "Charly",
            "display_name": "Charly",
            "team": "TJH5YU202",
            "name": "carles9000",
            "is_restricted": false,
            "is_ultra_restricted": false
        }
    },
    {
        "client_msg_id": "272e41be-d13e-4921-be95-cdc7ff168005",
        "type": "message",
        "text": "Charly el tema de las secciones si es como para un jueves o un viernes o un lunes :scream:",
        "user": "UK28N3CER",
        "ts": "1567276230.254300",
        "team": "TJH5YU202",
        "user_team": "TJH5YU202",
        "source_team": "TJH5YU202",
        "user_profile": {
            "avatar_hash": "3fec6e3393a8",
            "image_72": "https:\/\/avatars.slack-edge.com\/2019-08-17\/723363154273_3fec6e3393a86fb3e470_72.jpg",
            "first_name": "",
            "real_name": "Cesar SysCtrl Software",
            "display_name": "Cesar SysCtrl Software",
            "team": "TJH5YU202",
            "name": "sysctrlsoftware",
            "is_restricted": false,
            "is_ultra_restricted": false
        }
    },
    {
        "client_msg_id": "43d82dbb-a9ee-43f3-a6e9-39ade3121120",
        "type": "message",
        "text": "para abajo",
        "user": "UJULQCHL5",
        "ts": "1567276695.254600",
        "team": "TJH5YU202",
        "user_team": "TJH5YU202",
        "source_team": "TJH5YU202",
        "user_profile": {
            "avatar_hash": "g7659142325a",
            "image_72": "https:\/\/secure.gravatar.com\/avatar\/c87659142325a3facb661d85281ec091.jpg?s=72&d=https%3A%2F%2Fa.slack-edge.com%2F80588%2Fimg%2Favatars%2Fuser_shapes%2Fava_0003-72.png",
            "first_name": "",
            "real_name": "Paquito",
            "display_name": "Paquito",
            "team": "TJH5YU202",
            "name": "hmpaquito",
            "is_restricted": false,
            "is_ultra_restricted": false
        }
    },
    {
        "client_msg_id": "a85e9de6-7f9e-49e0-93ed-c7098f00b074",
        "type": "message",
        "text": "estamos seguros que esa labor de seguridad no es cosa del .htaccess ?",
        "user": "UJULQCHL5",
        "ts": "1567277257.257100",
        "team": "TJH5YU202",
        "user_team": "TJH5YU202",
        "source_team": "TJH5YU202",
        "user_profile": {
            "avatar_hash": "g7659142325a",
            "image_72": "https:\/\/secure.gravatar.com\/avatar\/c87659142325a3facb661d85281ec091.jpg?s=72&d=https%3A%2F%2Fa.slack-edge.com%2F80588%2Fimg%2Favatars%2Fuser_shapes%2Fava_0003-72.png",
            "first_name": "",
            "real_name": "Paquito",
            "display_name": "Paquito",
            "team": "TJH5YU202",
            "name": "hmpaquito",
            "is_restricted": false,
            "is_ultra_restricted": false
        }
    },
    {
        "client_msg_id": "8cb10cb4-b45a-4a53-a69d-4d4f09aef63e",
        "type": "message",
        "text": "Paco algo hay de eso,  .htaccess es mas para la seguridad de la pagina web.",
        "user": "UK28N3CER",
        "ts": "1567279633.258600",
        "team": "TJH5YU202",
        "user_team": "TJH5YU202",
        "source_team": "TJH5YU202",
        "user_profile": {
            "avatar_hash": "3fec6e3393a8",
            "image_72": "https:\/\/avatars.slack-edge.com\/2019-08-17\/723363154273_3fec6e3393a86fb3e470_72.jpg",
            "first_name": "",
            "real_name": "Cesar SysCtrl Software",
            "display_name": "Cesar SysCtrl Software",
            "team": "TJH5YU202",
            "name": "sysctrlsoftware",
            "is_restricted": false,
            "is_ultra_restricted": false
        }
    },
    {
        "client_msg_id": "d86e23ec-4e6e-4510-af12-2c528ede30e9",
        "type": "message",
        "text": "<https:\/\/www.php.net\/manual\/en\/security.intro.php>",
        "user": "UJULQCHL5",
        "ts": "1567280723.258700",
        "team": "TJH5YU202",
        "user_team": "TJH5YU202",
        "source_team": "TJH5YU202",
        "user_profile": {
            "avatar_hash": "g7659142325a",
            "image_72": "https:\/\/secure.gravatar.com\/avatar\/c87659142325a3facb661d85281ec091.jpg?s=72&d=https%3A%2F%2Fa.slack-edge.com%2F80588%2Fimg%2Favatars%2Fuser_shapes%2Fava_0003-72.png",
            "first_name": "",
            "real_name": "Paquito",
            "display_name": "Paquito",
            "team": "TJH5YU202",
            "name": "hmpaquito",
            "is_restricted": false,
            "is_ultra_restricted": false
        },
        "reactions": [
            {
                "name": "+1",
                "users": [
                    "UK28N3CER"
                ],
                "count": 1
            }
        ]
    },
    {
        "type": "message",
        "text": "",
        "files": [
            {
                "id": "FMWSJ198D",
                "created": 1567281173,
                "timestamp": 1567281173,
                "name": "Screenshot_20190831-215312_Opera.jpg",
                "title": "Imagen de Android",
                "mimetype": "image\/jpeg",
                "filetype": "jpg",
                "pretty_type": "JPEG",
                "user": "UJULQCHL5",
                "editable": false,
                "size": 43960,
                "mode": "hosted",
                "is_external": false,
                "external_type": "",
                "is_public": true,
                "public_url_shared": false,
                "display_as_bot": false,
                "username": "",
                "url_private": "https:\/\/files.slack.com\/files-pri\/TJH5YU202-FMWSJ198D\/screenshot_20190831-215312_opera.jpg?t=xoxe-629202954002-776688371669-763909703378-01ffaa4c4eeda75ea92ad255b32a04e5",
                "url_private_download": "https:\/\/files.slack.com\/files-pri\/TJH5YU202-FMWSJ198D\/download\/screenshot_20190831-215312_opera.jpg?t=xoxe-629202954002-776688371669-763909703378-01ffaa4c4eeda75ea92ad255b32a04e5",
                "thumb_64": "https:\/\/files.slack.com\/files-tmb\/TJH5YU202-FMWSJ198D-65e484b7b3\/screenshot_20190831-215312_opera_64.jpg?t=xoxe-629202954002-776688371669-763909703378-01ffaa4c4eeda75ea92ad255b32a04e5",
                "thumb_80": "https:\/\/files.slack.com\/files-tmb\/TJH5YU202-FMWSJ198D-65e484b7b3\/screenshot_20190831-215312_opera_80.jpg?t=xoxe-629202954002-776688371669-763909703378-01ffaa4c4eeda75ea92ad255b32a04e5",
                "thumb_360": "https:\/\/files.slack.com\/files-tmb\/TJH5YU202-FMWSJ198D-65e484b7b3\/screenshot_20190831-215312_opera_360.jpg?t=xoxe-629202954002-776688371669-763909703378-01ffaa4c4eeda75ea92ad255b32a04e5",
                "thumb_360_w": 360,
                "thumb_360_h": 170,
                "thumb_480": "https:\/\/files.slack.com\/files-tmb\/TJH5YU202-FMWSJ198D-65e484b7b3\/screenshot_20190831-215312_opera_480.jpg?t=xoxe-629202954002-776688371669-763909703378-01ffaa4c4eeda75ea92ad255b32a04e5",
                "thumb_480_w": 480,
                "thumb_480_h": 227,
                "thumb_160": "https:\/\/files.slack.com\/files-tmb\/TJH5YU202-FMWSJ198D-65e484b7b3\/screenshot_20190831-215312_opera_160.jpg?t=xoxe-629202954002-776688371669-763909703378-01ffaa4c4eeda75ea92ad255b32a04e5",
                "thumb_720": "https:\/\/files.slack.com\/files-tmb\/TJH5YU202-FMWSJ198D-65e484b7b3\/screenshot_20190831-215312_opera_720.jpg?t=xoxe-629202954002-776688371669-763909703378-01ffaa4c4eeda75ea92ad255b32a04e5",
                "thumb_720_w": 720,
                "thumb_720_h": 341,
                "thumb_800": "https:\/\/files.slack.com\/files-tmb\/TJH5YU202-FMWSJ198D-65e484b7b3\/screenshot_20190831-215312_opera_800.jpg?t=xoxe-629202954002-776688371669-763909703378-01ffaa4c4eeda75ea92ad255b32a04e5",
                "thumb_800_w": 800,
                "thumb_800_h": 379,
                "thumb_960": "https:\/\/files.slack.com\/files-tmb\/TJH5YU202-FMWSJ198D-65e484b7b3\/screenshot_20190831-215312_opera_960.jpg?t=xoxe-629202954002-776688371669-763909703378-01ffaa4c4eeda75ea92ad255b32a04e5",
                "thumb_960_w": 960,
                "thumb_960_h": 454,
                "thumb_1024": "https:\/\/files.slack.com\/files-tmb\/TJH5YU202-FMWSJ198D-65e484b7b3\/screenshot_20190831-215312_opera_1024.jpg?t=xoxe-629202954002-776688371669-763909703378-01ffaa4c4eeda75ea92ad255b32a04e5",
                "thumb_1024_w": 1024,
                "thumb_1024_h": 485,
                "image_exif_rotation": 1,
                "original_w": 1080,
                "original_h": 511,
                "permalink": "https:\/\/harbourproject.slack.com\/files\/UJULQCHL5\/FMWSJ198D\/screenshot_20190831-215312_opera.jpg",
                "permalink_public": "https:\/\/slack-files.com\/TJH5YU202-FMWSJ198D-9200f86069",
                "is_starred": false,
                "has_rich_preview": false
            }
        ],
        "upload": true,
        "user": "UJULQCHL5",
        "display_as_bot": false,
        "ts": "1567281176.258800",
        "client_msg_id": "53074564-897c-4b22-9b63-6ea3f2bd1309"
    },
    {
        "client_msg_id": "3eb99f2a-526e-4c3f-ba60-09c850c28fb2",
        "type": "message",
        "text": "<https:\/\/harbour.fourtech.es\/modharbour_samples\/three\/skybox\/skybox.prg>",
        "user": "UJN8D8U3B",
        "ts": "1567283131.259200",
        "team": "TJH5YU202",
        "user_team": "TJH5YU202",
        "source_team": "TJH5YU202",
        "user_profile": {
            "avatar_hash": "g92ad2abcc45",
            "image_72": "https:\/\/secure.gravatar.com\/avatar\/8492ad2abcc45ce53969adcf8420acde.jpg?s=72&d=https%3A%2F%2Fa.slack-edge.com%2F80588%2Fimg%2Favatars%2Fuser_shapes%2Fava_0008-72.png",
            "first_name": "",
            "real_name": "Antonio Linares",
            "display_name": "Antonio Linares",
            "team": "TJH5YU202",
            "name": "alinares",
            "is_restricted": false,
            "is_ultra_restricted": false
        }
    },
    {
        "client_msg_id": "c67ceead-aa25-41d0-b10e-4ced2469bd0a",
        "type": "message",
        "text": "Castillos en la arena :sparkles::sparkles: Castles in the sand",
        "user": "UJN8D8U3B",
        "ts": "1567283152.259600",
        "team": "TJH5YU202",
        "user_team": "TJH5YU202",
        "source_team": "TJH5YU202",
        "user_profile": {
            "avatar_hash": "g92ad2abcc45",
            "image_72": "https:\/\/secure.gravatar.com\/avatar\/8492ad2abcc45ce53969adcf8420acde.jpg?s=72&d=https%3A%2F%2Fa.slack-edge.com%2F80588%2Fimg%2Favatars%2Fuser_shapes%2Fava_0008-72.png",
            "first_name": "",
            "real_name": "Antonio Linares",
            "display_name": "Antonio Linares",
            "team": "TJH5YU202",
            "name": "alinares",
            "is_restricted": false,
            "is_ultra_restricted": false
        }
    },
    {
        "client_msg_id": "71ff21e6-f49d-4785-a7c4-ae5c77e45a26",
        "type": "message",
        "text": "ya me maree :thumbsup_all:",
        "user": "UK28N3CER",
        "ts": "1567284039.260000",
        "team": "TJH5YU202",
        "user_team": "TJH5YU202",
        "source_team": "TJH5YU202",
        "user_profile": {
            "avatar_hash": "3fec6e3393a8",
            "image_72": "https:\/\/avatars.slack-edge.com\/2019-08-17\/723363154273_3fec6e3393a86fb3e470_72.jpg",
            "first_name": "",
            "real_name": "Cesar SysCtrl Software",
            "display_name": "Cesar SysCtrl Software",
            "team": "TJH5YU202",
            "name": "sysctrlsoftware",
            "is_restricted": false,
            "is_ultra_restricted": false
        }
    },
    {
        "client_msg_id": "a3043fc1-64bd-4777-ad68-bef660f4b1e1",
        "type": "message",
        "text": ":smile:",
        "user": "UJN8D8U3B",
        "ts": "1567284413.260200",
        "team": "TJH5YU202",
        "user_team": "TJH5YU202",
        "source_team": "TJH5YU202",
        "user_profile": {
            "avatar_hash": "g92ad2abcc45",
            "image_72": "https:\/\/secure.gravatar.com\/avatar\/8492ad2abcc45ce53969adcf8420acde.jpg?s=72&d=https%3A%2F%2Fa.slack-edge.com%2F80588%2Fimg%2Favatars%2Fuser_shapes%2Fava_0008-72.png",
            "first_name": "",
            "real_name": "Antonio Linares",
            "display_name": "Antonio Linares",
            "team": "TJH5YU202",
            "name": "alinares",
            "is_restricted": false,
            "is_ultra_restricted": false
        },
        "reactions": [
            {
                "name": "+1",
                "users": [
                    "UK28N3CER"
                ],
                "count": 1
            }
        ]
    },
    {
        "client_msg_id": "535ef2f7-99c8-4bac-8bee-766e0c1e89e3",
        "type": "message",
        "text": "Se pueden usar fotos de un lugar, casa, empresa, etc. da mucho juego",
        "user": "UJN8D8U3B",
        "ts": "1567284441.260700",
        "team": "TJH5YU202",
        "user_team": "TJH5YU202",
        "source_team": "TJH5YU202",
        "user_profile": {
            "avatar_hash": "g92ad2abcc45",
            "image_72": "https:\/\/secure.gravatar.com\/avatar\/8492ad2abcc45ce53969adcf8420acde.jpg?s=72&d=https%3A%2F%2Fa.slack-edge.com%2F80588%2Fimg%2Favatars%2Fuser_shapes%2Fava_0008-72.png",
            "first_name": "",
            "real_name": "Antonio Linares",
            "display_name": "Antonio Linares",
            "team": "TJH5YU202",
            "name": "alinares",
            "is_restricted": false,
            "is_ultra_restricted": false
        }
    },
    {
        "client_msg_id": "56a9a84d-9b36-42fc-89be-f47b44107d9d",
        "type": "message",
        "text": "con el ratón y el teclado puedes moverte en 3D",
        "user": "UJN8D8U3B",
        "ts": "1567284474.261000",
        "team": "TJH5YU202",
        "user_team": "TJH5YU202",
        "source_team": "TJH5YU202",
        "user_profile": {
            "avatar_hash": "g92ad2abcc45",
            "image_72": "https:\/\/secure.gravatar.com\/avatar\/8492ad2abcc45ce53969adcf8420acde.jpg?s=72&d=https%3A%2F%2Fa.slack-edge.com%2F80588%2Fimg%2Favatars%2Fuser_shapes%2Fava_0008-72.png",
            "first_name": "",
            "real_name": "Antonio Linares",
            "display_name": "Antonio Linares",
            "team": "TJH5YU202",
            "name": "alinares",
            "is_restricted": false,
            "is_ultra_restricted": false
        }
    },
    {
        "client_msg_id": "20fbbc90-c5f0-4651-a254-0cc2beee43a5",
        "type": "message",
        "text": "<https:\/\/harbour.fourtech.es\/modharbour_samples\/three\/skybox\/stairs.prg>",
        "user": "UJN8D8U3B",
        "ts": "1567293115.261300",
        "team": "TJH5YU202",
        "user_team": "TJH5YU202",
        "source_team": "TJH5YU202",
        "user_profile": {
            "avatar_hash": "g92ad2abcc45",
            "image_72": "https:\/\/secure.gravatar.com\/avatar\/8492ad2abcc45ce53969adcf8420acde.jpg?s=72&d=https%3A%2F%2Fa.slack-edge.com%2F80588%2Fimg%2Favatars%2Fuser_shapes%2Fava_0008-72.png",
            "first_name": "",
            "real_name": "Antonio Linares",
            "display_name": "Antonio Linares",
            "team": "TJH5YU202",
            "name": "alinares",
            "is_restricted": false,
            "is_ultra_restricted": false
        }
    },
    {
        "client_msg_id": "ae4d2036-f4a5-43d8-aa31-753f076b2449",
        "type": "message",
        "text": "al suelo y al techo le falta un giro creo",
        "user": "UJN8D8U3B",
        "ts": "1567293127.261600",
        "team": "TJH5YU202",
        "user_team": "TJH5YU202",
        "source_team": "TJH5YU202",
        "user_profile": {
            "avatar_hash": "g92ad2abcc45",
            "image_72": "https:\/\/secure.gravatar.com\/avatar\/8492ad2abcc45ce53969adcf8420acde.jpg?s=72&d=https%3A%2F%2Fa.slack-edge.com%2F80588%2Fimg%2Favatars%2Fuser_shapes%2Fava_0008-72.png",
            "first_name": "",
            "real_name": "Antonio Linares",
            "display_name": "Antonio Linares",
            "team": "TJH5YU202",
            "name": "alinares",
            "is_restricted": false,
            "is_ultra_restricted": false
        }
    },
    {
        "client_msg_id": "425a5139-8474-4471-b777-37117e6a2407",
        "type": "message",
        "text": "no consigo refrescar el navegador para comprobarlo",
        "user": "UJN8D8U3B",
        "ts": "1567293148.262200",
        "team": "TJH5YU202",
        "user_team": "TJH5YU202",
        "source_team": "TJH5YU202",
        "user_profile": {
            "avatar_hash": "g92ad2abcc45",
            "image_72": "https:\/\/secure.gravatar.com\/avatar\/8492ad2abcc45ce53969adcf8420acde.jpg?s=72&d=https%3A%2F%2Fa.slack-edge.com%2F80588%2Fimg%2Favatars%2Fuser_shapes%2Fava_0008-72.png",
            "first_name": "",
            "real_name": "Antonio Linares",
            "display_name": "Antonio Linares",
            "team": "TJH5YU202",
            "name": "alinares",
            "is_restricted": false,
            "is_ultra_restricted": false
        }
    },
    {
        "client_msg_id": "1f2ac64e-cab1-40d3-afa0-2edd56e153d7",
        "type": "message",
        "text": "Now it is ok. Ahora está bien",
        "user": "UJN8D8U3B",
        "ts": "1567294601.262500",
        "team": "TJH5YU202",
        "user_team": "TJH5YU202",
        "source_team": "TJH5YU202",
        "user_profile": {
            "avatar_hash": "g92ad2abcc45",
            "image_72": "https:\/\/secure.gravatar.com\/avatar\/8492ad2abcc45ce53969adcf8420acde.jpg?s=72&d=https%3A%2F%2Fa.slack-edge.com%2F80588%2Fimg%2Favatars%2Fuser_shapes%2Fava_0008-72.png",
            "first_name": "",
            "real_name": "Antonio Linares",
            "display_name": "Antonio Linares",
            "team": "TJH5YU202",
            "name": "alinares",
            "is_restricted": false,
            "is_ultra_restricted": false
        }
    },
    {
        "client_msg_id": "5ab1bdca-affb-40c0-898b-fd1d716f9ae4",
        "type": "message",
        "text": "<https:\/\/harbour.fourtech.es\/modharbour_samples\/three\/skybox\/stairs.prg>",
        "user": "UJN8D8U3B",
        "ts": "1567294609.262700",
        "team": "TJH5YU202",
        "user_team": "TJH5YU202",
        "source_team": "TJH5YU202",
        "user_profile": {
            "avatar_hash": "g92ad2abcc45",
            "image_72": "https:\/\/secure.gravatar.com\/avatar\/8492ad2abcc45ce53969adcf8420acde.jpg?s=72&d=https%3A%2F%2Fa.slack-edge.com%2F80588%2Fimg%2Favatars%2Fuser_shapes%2Fava_0008-72.png",
            "first_name": "",
            "real_name": "Antonio Linares",
            "display_name": "Antonio Linares",
            "team": "TJH5YU202",
            "name": "alinares",
            "is_restricted": false,
            "is_ultra_restricted": false
        }
    },
    {
        "client_msg_id": "ca63cf3e-67a6-4aab-a2ac-f04e3fde11e5",
        "type": "message",
        "text": "good morning",
        "user": "UJHD6A81H",
        "ts": "1567318887.262900",
        "team": "TJH5YU202",
        "user_team": "TJH5YU202",
        "source_team": "TJH5YU202",
        "user_profile": {
            "avatar_hash": "g6b8073e00e9",
            "image_72": "https:\/\/secure.gravatar.com\/avatar\/b96b8073e00e9eb02bcf05bc1418eb3a.jpg?s=72&d=https%3A%2F%2Fa.slack-edge.com%2F80588%2Fimg%2Favatars%2Fuser_shapes%2Fava_0021-72.png",
            "first_name": "Otto",
            "real_name": "Otto Atzwanger",
            "display_name": "Otto",
            "team": "TJH5YU202",
            "name": "otto",
            "is_restricted": false,
            "is_ultra_restricted": false
        }
    },
    {
        "client_msg_id": "5e4bb99b-4175-4bd5-a7c4-54f64c2c99dd",
        "type": "message",
        "text": "<@UJWR5N32S> Dear Charly\n\nfrom your post yesterday - may I ask you some questions:\n&gt;We have to get that if I make a directory (), ferase (), copy, .... you can only do it from your document root up\n\nIs it possible if we do not provide these functions inside our code that someone can use them.\n---\nAntonio made a UUID sample where we get a UUID from the server. Can't we use this ID for \"sessions\" and locally with the session object from javascript.\n---\nI googled yesterday about APACHE and how we could limited APACHE. It seems that you can install APACHE without admin rights. Would this be of any help.\n---\nWould you be so kind to post here your security concerns with samples.\nFor us beginners it is hard to imagine all what maybe is possible.\n---\n\nFor example I but in every directory (beside  htaccess) an index.html to stop directory browsing if someone enters only the path.  But I am sure if  this is\nsufficient.\n---\nSome sources I found:\n<http:\/\/www.symantec.com\/connect\/articles\/hardening-htaccess-part-one>\n\nAnd I would check out a WAF or mod_security if you want greater operational control:\n\n<http:\/\/www.askapache.com\/htaccess\/modsecurity-htaccess-tricks.html>",
        "user": "UJHD6A81H",
        "ts": "1567319328.264200",
        "team": "TJH5YU202",
        "user_team": "TJH5YU202",
        "source_team": "TJH5YU202",
        "user_profile": {
            "avatar_hash": "g6b8073e00e9",
            "image_72": "https:\/\/secure.gravatar.com\/avatar\/b96b8073e00e9eb02bcf05bc1418eb3a.jpg?s=72&d=https%3A%2F%2Fa.slack-edge.com%2F80588%2Fimg%2Favatars%2Fuser_shapes%2Fava_0021-72.png",
            "first_name": "Otto",
            "real_name": "Otto Atzwanger",
            "display_name": "Otto",
            "team": "TJH5YU202",
            "name": "otto",
            "is_restricted": false,
            "is_ultra_restricted": false
        },
        "attachments": [
            {
                "title": "Hardening HTAccess, Part One | Symantec Connect",
                "title_link": "http:\/\/www.symantec.com\/connect\/articles\/hardening-htaccess-part-one",
                "text": "Symantec helps consumers and organizations secure and manage their information-driven world. Our software and services protect against more risks at more points, more completely and efficiently, enabling confidence wherever information is used or stored. The Symantec Connect community allows customers and users of Symantec to network and learn more about creative and innovative ways to use Symantec products and technologies.",
                "fallback": "Hardening HTAccess, Part One | Symantec Connect",
                "from_url": "http:\/\/www.symantec.com\/connect\/articles\/hardening-htaccess-part-one",
                "service_icon": "https:\/\/www.symantec.com\/connect\/sites\/default\/themes\/connect4\/icons\/apple-touch-icon.png",
                "service_name": "symantec.com",
                "id": 1,
                "original_url": "http:\/\/www.symantec.com\/connect\/articles\/hardening-htaccess-part-one"
            },
            {
                "service_name": "AskApache",
                "title": "Mod_Security .htaccess tricks",
                "title_link": "http:\/\/www.askapache.com\/htaccess\/modsecurity-htaccess-tricks.html",
                "text": "Mod_Security .htaccess tricks",
                "fallback": "AskApache: Mod_Security .htaccess tricks",
                "image_url": "https:\/\/www.askapache.com\/s\/u.askapache.com\/2008\/01\/modsecurity.gif",
                "ts": 1208931421,
                "from_url": "http:\/\/www.askapache.com\/htaccess\/modsecurity-htaccess-tricks.html",
                "image_width": 236,
                "image_height": 193,
                "image_bytes": 10382,
                "service_icon": "https:\/\/www.askapache.com\/apple-touch-icon.png",
                "id": 2,
                "original_url": "http:\/\/www.askapache.com\/htaccess\/modsecurity-htaccess-tricks.html"
            }
        ]
    }
]