[
    {
        "client_msg_id": "dd395100-8e5e-4a58-b62c-51fcde94fd21",
        "type": "message",
        "text": "una preguntilla...alguien se ha podido instalar en un maquina 64 con win7 alguna maquina virtual con todo el tema ?",
        "user": "UJWR5N32S",
        "ts": "1558602929.303900",
        "team": "TJH5YU202",
        "user_team": "TJH5YU202",
        "source_team": "TJH5YU202",
        "user_profile": {
            "avatar_hash": "273d3745f7ae",
            "image_72": "https:\/\/avatars.slack-edge.com\/2019-05-20\/634344238497_273d3745f7ae1b176b82_72.jpg",
            "first_name": "Charly",
            "real_name": "Charly",
            "display_name": "Charly",
            "team": "TJH5YU202",
            "name": "carles9000",
            "is_restricted": false,
            "is_ultra_restricted": false
        }
    },
    {
        "client_msg_id": "c7855bc2-e938-4f07-bdd1-1573487cac4b",
        "type": "message",
        "text": "virtualbox debiera funcionar",
        "user": "UJN8D8U3B",
        "ts": "1558603420.304100",
        "team": "TJH5YU202",
        "user_team": "TJH5YU202",
        "source_team": "TJH5YU202",
        "user_profile": {
            "avatar_hash": "g92ad2abcc45",
            "image_72": "https:\/\/secure.gravatar.com\/avatar\/8492ad2abcc45ce53969adcf8420acde.jpg?s=72&d=https%3A%2F%2Fa.slack-edge.com%2F80588%2Fimg%2Favatars%2Fuser_shapes%2Fava_0008-72.png",
            "first_name": "",
            "real_name": "Antonio Linares",
            "display_name": "Antonio Linares",
            "team": "TJH5YU202",
            "name": "alinares",
            "is_restricted": false,
            "is_ultra_restricted": false
        }
    },
    {
        "client_msg_id": "ebbffc52-019b-488b-bb43-6eaa225d2c83",
        "type": "message",
        "text": "aunque mas liviando seria un docker :slightly_smiling_face:",
        "user": "UJN8D8U3B",
        "ts": "1558603456.304500",
        "team": "TJH5YU202",
        "user_team": "TJH5YU202",
        "source_team": "TJH5YU202",
        "user_profile": {
            "avatar_hash": "g92ad2abcc45",
            "image_72": "https:\/\/secure.gravatar.com\/avatar\/8492ad2abcc45ce53969adcf8420acde.jpg?s=72&d=https%3A%2F%2Fa.slack-edge.com%2F80588%2Fimg%2Favatars%2Fuser_shapes%2Fava_0008-72.png",
            "first_name": "",
            "real_name": "Antonio Linares",
            "display_name": "Antonio Linares",
            "team": "TJH5YU202",
            "name": "alinares",
            "is_restricted": false,
            "is_ultra_restricted": false
        }
    },
    {
        "client_msg_id": "5c37ae7e-5543-4bff-9b6c-73e48a6dcc41",
        "type": "message",
        "text": "ligero",
        "user": "UJN8D8U3B",
        "ts": "1558603462.304800",
        "team": "TJH5YU202",
        "user_team": "TJH5YU202",
        "source_team": "TJH5YU202",
        "user_profile": {
            "avatar_hash": "g92ad2abcc45",
            "image_72": "https:\/\/secure.gravatar.com\/avatar\/8492ad2abcc45ce53969adcf8420acde.jpg?s=72&d=https%3A%2F%2Fa.slack-edge.com%2F80588%2Fimg%2Favatars%2Fuser_shapes%2Fava_0008-72.png",
            "first_name": "",
            "real_name": "Antonio Linares",
            "display_name": "Antonio Linares",
            "team": "TJH5YU202",
            "name": "alinares",
            "is_restricted": false,
            "is_ultra_restricted": false
        }
    },
    {
        "client_msg_id": "727552b8-4f7b-4303-b724-e55be8c90295",
        "type": "message",
        "text": "probare un docker",
        "user": "UJWR5N32S",
        "ts": "1558603483.305100",
        "team": "TJH5YU202",
        "user_team": "TJH5YU202",
        "source_team": "TJH5YU202",
        "user_profile": {
            "avatar_hash": "273d3745f7ae",
            "image_72": "https:\/\/avatars.slack-edge.com\/2019-05-20\/634344238497_273d3745f7ae1b176b82_72.jpg",
            "first_name": "Charly",
            "real_name": "Charly",
            "display_name": "Charly",
            "team": "TJH5YU202",
            "name": "carles9000",
            "is_restricted": false,
            "is_ultra_restricted": false
        }
    },
    {
        "client_msg_id": "7700625d-b1ed-452e-a239-60d4302610cd",
        "type": "message",
        "text": "Necesitamos uno con todo dentro, instalado, listo para usarse :wink:",
        "user": "UJN8D8U3B",
        "ts": "1558603514.305600",
        "team": "TJH5YU202",
        "user_team": "TJH5YU202",
        "source_team": "TJH5YU202",
        "user_profile": {
            "avatar_hash": "g92ad2abcc45",
            "image_72": "https:\/\/secure.gravatar.com\/avatar\/8492ad2abcc45ce53969adcf8420acde.jpg?s=72&d=https%3A%2F%2Fa.slack-edge.com%2F80588%2Fimg%2Favatars%2Fuser_shapes%2Fava_0008-72.png",
            "first_name": "",
            "real_name": "Antonio Linares",
            "display_name": "Antonio Linares",
            "team": "TJH5YU202",
            "name": "alinares",
            "is_restricted": false,
            "is_ultra_restricted": false
        }
    },
    {
        "client_msg_id": "78292e97-904b-47c6-8f9f-e66675482a70",
        "type": "message",
        "text": "Ubuntu + Apache + mod_harbour",
        "user": "UJN8D8U3B",
        "ts": "1558603524.305900",
        "team": "TJH5YU202",
        "user_team": "TJH5YU202",
        "source_team": "TJH5YU202",
        "user_profile": {
            "avatar_hash": "g92ad2abcc45",
            "image_72": "https:\/\/secure.gravatar.com\/avatar\/8492ad2abcc45ce53969adcf8420acde.jpg?s=72&d=https%3A%2F%2Fa.slack-edge.com%2F80588%2Fimg%2Favatars%2Fuser_shapes%2Fava_0008-72.png",
            "first_name": "",
            "real_name": "Antonio Linares",
            "display_name": "Antonio Linares",
            "team": "TJH5YU202",
            "name": "alinares",
            "is_restricted": false,
            "is_ultra_restricted": false
        }
    },
    {
        "client_msg_id": "3b589317-7046-4ccd-a810-a9e42fdd8a6f",
        "type": "message",
        "text": "+ MySQL",
        "user": "UJN8D8U3B",
        "ts": "1558603530.306100",
        "team": "TJH5YU202",
        "user_team": "TJH5YU202",
        "source_team": "TJH5YU202",
        "user_profile": {
            "avatar_hash": "g92ad2abcc45",
            "image_72": "https:\/\/secure.gravatar.com\/avatar\/8492ad2abcc45ce53969adcf8420acde.jpg?s=72&d=https%3A%2F%2Fa.slack-edge.com%2F80588%2Fimg%2Favatars%2Fuser_shapes%2Fava_0008-72.png",
            "first_name": "",
            "real_name": "Antonio Linares",
            "display_name": "Antonio Linares",
            "team": "TJH5YU202",
            "name": "alinares",
            "is_restricted": false,
            "is_ultra_restricted": false
        }
    },
    {
        "client_msg_id": "a9612049-efef-493a-a4b6-8719605d6c71",
        "type": "message",
        "text": "DockerHub",
        "user": "UJN8D8U3B",
        "ts": "1558603545.306300",
        "team": "TJH5YU202",
        "user_team": "TJH5YU202",
        "source_team": "TJH5YU202",
        "user_profile": {
            "avatar_hash": "g92ad2abcc45",
            "image_72": "https:\/\/secure.gravatar.com\/avatar\/8492ad2abcc45ce53969adcf8420acde.jpg?s=72&d=https%3A%2F%2Fa.slack-edge.com%2F80588%2Fimg%2Favatars%2Fuser_shapes%2Fava_0008-72.png",
            "first_name": "",
            "real_name": "Antonio Linares",
            "display_name": "Antonio Linares",
            "team": "TJH5YU202",
            "name": "alinares",
            "is_restricted": false,
            "is_ultra_restricted": false
        }
    },
    {
        "client_msg_id": "6767edfd-0ae2-4494-a197-350839553f21",
        "type": "message",
        "text": "Oido",
        "user": "UJWR5N32S",
        "ts": "1558603679.306500",
        "team": "TJH5YU202",
        "user_team": "TJH5YU202",
        "source_team": "TJH5YU202",
        "user_profile": {
            "avatar_hash": "273d3745f7ae",
            "image_72": "https:\/\/avatars.slack-edge.com\/2019-05-20\/634344238497_273d3745f7ae1b176b82_72.jpg",
            "first_name": "Charly",
            "real_name": "Charly",
            "display_name": "Charly",
            "team": "TJH5YU202",
            "name": "carles9000",
            "is_restricted": false,
            "is_ultra_restricted": false
        }
    },
    {
        "client_msg_id": "0e0715fd-5fb0-4070-bb46-a63038a0f3b1",
        "type": "message",
        "text": "Is there any plans for PostgreSQL ?",
        "user": "UJNEM6G7K",
        "ts": "1558603851.306900",
        "team": "TJH5YU202",
        "user_team": "TJH5YU202",
        "source_team": "TJH5YU202",
        "user_profile": {
            "avatar_hash": "g4b6937dc7ac",
            "image_72": "https:\/\/secure.gravatar.com\/avatar\/a44b6937dc7ac0f16aa71abc758bf51e.jpg?s=72&d=https%3A%2F%2Fa.slack-edge.com%2F80588%2Fimg%2Favatars%2Fuser_shapes%2Fava_0018-72.png",
            "first_name": "",
            "real_name": "Dejan Pesic",
            "display_name": "Dejan Pesic",
            "team": "TJH5YU202",
            "name": "dpesic",
            "is_restricted": false,
            "is_ultra_restricted": false
        }
    },
    {
        "client_msg_id": "628ddc90-6534-4b94-98ff-ad9610a572ec",
        "type": "message",
        "text": "Hello Dejan, you can easily implement it using this guide: <https:\/\/github.com\/FiveTechSoft\/mod_harbour\/blob\/master\/samples\/mysql.prg>",
        "user": "UJN8D8U3B",
        "ts": "1558604023.307300",
        "team": "TJH5YU202",
        "user_team": "TJH5YU202",
        "source_team": "TJH5YU202",
        "user_profile": {
            "avatar_hash": "g92ad2abcc45",
            "image_72": "https:\/\/secure.gravatar.com\/avatar\/8492ad2abcc45ce53969adcf8420acde.jpg?s=72&d=https%3A%2F%2Fa.slack-edge.com%2F80588%2Fimg%2Favatars%2Fuser_shapes%2Fava_0008-72.png",
            "first_name": "",
            "real_name": "Antonio Linares",
            "display_name": "Antonio Linares",
            "team": "TJH5YU202",
            "name": "alinares",
            "is_restricted": false,
            "is_ultra_restricted": false
        },
        "attachments": [
            {
                "service_name": "GitHub",
                "title": "FiveTechSoft\/mod_harbour",
                "title_link": "https:\/\/github.com\/FiveTechSoft\/mod_harbour\/blob\/master\/samples\/mysql.prg",
                "text": "Apache mod for Harbour. Contribute to FiveTechSoft\/mod_harbour development by creating an account on GitHub.",
                "fallback": "GitHub: FiveTechSoft\/mod_harbour",
                "thumb_url": "https:\/\/avatars3.githubusercontent.com\/u\/10235217?s=400&v=4",
                "from_url": "https:\/\/github.com\/FiveTechSoft\/mod_harbour\/blob\/master\/samples\/mysql.prg",
                "thumb_width": 400,
                "thumb_height": 400,
                "service_icon": "https:\/\/a.slack-edge.com\/bfaba\/img\/unfurl_icons\/github.png",
                "id": 1,
                "original_url": "https:\/\/github.com\/FiveTechSoft\/mod_harbour\/blob\/master\/samples\/mysql.prg"
            }
        ]
    },
    {
        "client_msg_id": "3b135356-ff0c-44d0-94c7-a2f69bd0d202",
        "type": "message",
        "text": "that example",
        "user": "UJN8D8U3B",
        "ts": "1558604042.307600",
        "team": "TJH5YU202",
        "user_team": "TJH5YU202",
        "source_team": "TJH5YU202",
        "user_profile": {
            "avatar_hash": "g92ad2abcc45",
            "image_72": "https:\/\/secure.gravatar.com\/avatar\/8492ad2abcc45ce53969adcf8420acde.jpg?s=72&d=https%3A%2F%2Fa.slack-edge.com%2F80588%2Fimg%2Favatars%2Fuser_shapes%2Fava_0008-72.png",
            "first_name": "",
            "real_name": "Antonio Linares",
            "display_name": "Antonio Linares",
            "team": "TJH5YU202",
            "name": "alinares",
            "is_restricted": false,
            "is_ultra_restricted": false
        }
    },
    {
        "client_msg_id": "977afc72-07ce-4dfa-95bf-7b336d974f1f",
        "type": "message",
        "text": "Please try to do the same using PostgreSQL",
        "user": "UJN8D8U3B",
        "ts": "1558604056.307900",
        "team": "TJH5YU202",
        "user_team": "TJH5YU202",
        "source_team": "TJH5YU202",
        "user_profile": {
            "avatar_hash": "g92ad2abcc45",
            "image_72": "https:\/\/secure.gravatar.com\/avatar\/8492ad2abcc45ce53969adcf8420acde.jpg?s=72&d=https%3A%2F%2Fa.slack-edge.com%2F80588%2Fimg%2Favatars%2Fuser_shapes%2Fava_0008-72.png",
            "first_name": "",
            "real_name": "Antonio Linares",
            "display_name": "Antonio Linares",
            "team": "TJH5YU202",
            "name": "alinares",
            "is_restricted": false,
            "is_ultra_restricted": false
        }
    },
    {
        "client_msg_id": "c944a7de-7c22-4d61-a4c2-a938b71edcb5",
        "type": "message",
        "text": "And we will help you",
        "user": "UJN8D8U3B",
        "ts": "1558604062.308100",
        "team": "TJH5YU202",
        "user_team": "TJH5YU202",
        "source_team": "TJH5YU202",
        "user_profile": {
            "avatar_hash": "g92ad2abcc45",
            "image_72": "https:\/\/secure.gravatar.com\/avatar\/8492ad2abcc45ce53969adcf8420acde.jpg?s=72&d=https%3A%2F%2Fa.slack-edge.com%2F80588%2Fimg%2Favatars%2Fuser_shapes%2Fava_0008-72.png",
            "first_name": "",
            "real_name": "Antonio Linares",
            "display_name": "Antonio Linares",
            "team": "TJH5YU202",
            "name": "alinares",
            "is_restricted": false,
            "is_ultra_restricted": false
        }
    },
    {
        "client_msg_id": "95c24088-d688-454e-9c1d-e7bdf1f1ff7e",
        "type": "message",
        "text": "At least please start with that simple steps",
        "user": "UJN8D8U3B",
        "ts": "1558604095.308400",
        "team": "TJH5YU202",
        "user_team": "TJH5YU202",
        "source_team": "TJH5YU202",
        "user_profile": {
            "avatar_hash": "g92ad2abcc45",
            "image_72": "https:\/\/secure.gravatar.com\/avatar\/8492ad2abcc45ce53969adcf8420acde.jpg?s=72&d=https%3A%2F%2Fa.slack-edge.com%2F80588%2Fimg%2Favatars%2Fuser_shapes%2Fava_0008-72.png",
            "first_name": "",
            "real_name": "Antonio Linares",
            "display_name": "Antonio Linares",
            "team": "TJH5YU202",
            "name": "alinares",
            "is_restricted": false,
            "is_ultra_restricted": false
        }
    },
    {
        "client_msg_id": "25cfaca5-6e0a-479a-9984-17fa09c3b1a8",
        "type": "message",
        "text": "Ahora he visto el hilo...Si tienes razon, pero el tema salio cuando detectamos que con Main() interferia con el main principal, y Antonio propuso de renombrearlo a __main. Para mi lo mejor es renombrar el punto de entrada principal a _AppMain, AP_Main,__Main, o lo que sea y asi liberamos el main() del usuario final",
        "user": "UJWR5N32S",
        "ts": "1558612928.308800",
        "team": "TJH5YU202",
        "user_team": "TJH5YU202",
        "source_team": "TJH5YU202",
        "user_profile": {
            "avatar_hash": "273d3745f7ae",
            "image_72": "https:\/\/avatars.slack-edge.com\/2019-05-20\/634344238497_273d3745f7ae1b176b82_72.jpg",
            "first_name": "Charly",
            "real_name": "Charly",
            "display_name": "Charly",
            "team": "TJH5YU202",
            "name": "carles9000",
            "is_restricted": false,
            "is_ultra_restricted": false
        },
        "thread_ts": "1558465064.223400",
        "parent_user_id": "UJWR5N32S"
    },
    {
        "client_msg_id": "6be85d4c-665b-4d36-a1fb-07b4b1a2ccea",
        "type": "message",
        "text": "Solo son detalles que poco a poco hiremos puliendo, tampoco es algo importante ahora... :slightly_smiling_face:",
        "user": "UJWR5N32S",
        "ts": "1558612951.309000",
        "team": "TJH5YU202",
        "user_team": "TJH5YU202",
        "source_team": "TJH5YU202",
        "user_profile": {
            "avatar_hash": "273d3745f7ae",
            "image_72": "https:\/\/avatars.slack-edge.com\/2019-05-20\/634344238497_273d3745f7ae1b176b82_72.jpg",
            "first_name": "Charly",
            "real_name": "Charly",
            "display_name": "Charly",
            "team": "TJH5YU202",
            "name": "carles9000",
            "is_restricted": false,
            "is_ultra_restricted": false
        },
        "thread_ts": "1558465064.223400",
        "parent_user_id": "UJWR5N32S"
    },
    {
        "client_msg_id": "c7ef80d3-9192-4f64-aaa8-7324faf3cd7f",
        "type": "message",
        "text": "step by step...",
        "user": "UJWR5N32S",
        "ts": "1558612955.309200",
        "team": "TJH5YU202",
        "user_team": "TJH5YU202",
        "source_team": "TJH5YU202",
        "user_profile": {
            "avatar_hash": "273d3745f7ae",
            "image_72": "https:\/\/avatars.slack-edge.com\/2019-05-20\/634344238497_273d3745f7ae1b176b82_72.jpg",
            "first_name": "Charly",
            "real_name": "Charly",
            "display_name": "Charly",
            "team": "TJH5YU202",
            "name": "carles9000",
            "is_restricted": false,
            "is_ultra_restricted": false
        },
        "thread_ts": "1558465064.223400",
        "parent_user_id": "UJWR5N32S"
    },
    {
        "client_msg_id": "83a27f2d-a9e3-4700-99f7-ebddabb06e2e",
        "type": "message",
        "text": ":slightly_smiling_face:",
        "user": "UJWR5N32S",
        "ts": "1558612961.309400",
        "team": "TJH5YU202",
        "user_team": "TJH5YU202",
        "source_team": "TJH5YU202",
        "user_profile": {
            "avatar_hash": "273d3745f7ae",
            "image_72": "https:\/\/avatars.slack-edge.com\/2019-05-20\/634344238497_273d3745f7ae1b176b82_72.jpg",
            "first_name": "Charly",
            "real_name": "Charly",
            "display_name": "Charly",
            "team": "TJH5YU202",
            "name": "carles9000",
            "is_restricted": false,
            "is_ultra_restricted": false
        },
        "thread_ts": "1558465064.223400",
        "parent_user_id": "UJWR5N32S"
    },
    {
        "client_msg_id": "88916c58-ec4e-447a-9281-2c38ae7e6fd9",
        "type": "message",
        "text": "Porque no poenmos la carga de libharbour.so.3.2.0 en \/usr\/lib\/apache2\/modules ?",
        "user": "UJWR5N32S",
        "ts": "1558613688.310200",
        "team": "TJH5YU202",
        "user_team": "TJH5YU202",
        "source_team": "TJH5YU202",
        "user_profile": {
            "avatar_hash": "273d3745f7ae",
            "image_72": "https:\/\/avatars.slack-edge.com\/2019-05-20\/634344238497_273d3745f7ae1b176b82_72.jpg",
            "first_name": "Charly",
            "real_name": "Charly",
            "display_name": "Charly",
            "team": "TJH5YU202",
            "name": "carles9000",
            "is_restricted": false,
            "is_ultra_restricted": false
        }
    },
    {
        "client_msg_id": "17301e48-4935-4d3e-819c-92264d0b2a0e",
        "type": "message",
        "text": "y liberamos la \/var\/www\/html de modulos del sistema ?",
        "user": "UJWR5N32S",
        "ts": "1558613784.311100",
        "team": "TJH5YU202",
        "user_team": "TJH5YU202",
        "source_team": "TJH5YU202",
        "user_profile": {
            "avatar_hash": "273d3745f7ae",
            "image_72": "https:\/\/avatars.slack-edge.com\/2019-05-20\/634344238497_273d3745f7ae1b176b82_72.jpg",
            "first_name": "Charly",
            "real_name": "Charly",
            "display_name": "Charly",
            "team": "TJH5YU202",
            "name": "carles9000",
            "is_restricted": false,
            "is_ultra_restricted": false
        }
    },
    {
        "client_msg_id": "a17535c0-271e-4602-805d-24171fbd890d",
        "type": "message",
        "text": "\"Solo son detalles que poco a poco hiremos puliendo, tampoco es algo importante ahora...\"\n\nSin duda el asunto no tiene demasiada importancia Charly, pero yo de momento es en este tipo de cosas en las que puedo colaborar... aportando e investigando de Harbour y ya sois vosotros los que decidis que hacer.\n\nAl no ver lo que comentasteis (_Main) pensé que el asunto no estaba decidido y seguí mirando cosas. Sólo fue eso.\n\n :grinning:",
        "user": "UJULQCHL5",
        "ts": "1558616004.311300",
        "team": "TJH5YU202",
        "user_team": "TJH5YU202",
        "source_team": "TJH5YU202",
        "user_profile": {
            "avatar_hash": "g7659142325a",
            "image_72": "https:\/\/secure.gravatar.com\/avatar\/c87659142325a3facb661d85281ec091.jpg?s=72&d=https%3A%2F%2Fa.slack-edge.com%2F80588%2Fimg%2Favatars%2Fuser_shapes%2Fava_0003-72.png",
            "first_name": "",
            "real_name": "Paquito",
            "display_name": "Paquito",
            "team": "TJH5YU202",
            "name": "hmpaquito",
            "is_restricted": false,
            "is_ultra_restricted": false
        },
        "edited": {
            "user": "UJULQCHL5",
            "ts": "1558616066.000000"
        },
        "thread_ts": "1558465064.223400",
        "parent_user_id": "UJWR5N32S"
    },
    {
        "client_msg_id": "4800970E-7F13-4801-ABC5-E2BA562143AC",
        "type": "message",
        "text": "No creo que el mod pueda acceder ahí, habría que probarlo",
        "user": "UJN8D8U3B",
        "ts": "1558616058.312200",
        "team": "TJH5YU202",
        "user_team": "TJH5YU202",
        "source_team": "TJH5YU202",
        "user_profile": {
            "avatar_hash": "g92ad2abcc45",
            "image_72": "https:\/\/secure.gravatar.com\/avatar\/8492ad2abcc45ce53969adcf8420acde.jpg?s=72&d=https%3A%2F%2Fa.slack-edge.com%2F80588%2Fimg%2Favatars%2Fuser_shapes%2Fava_0008-72.png",
            "first_name": "",
            "real_name": "Antonio Linares",
            "display_name": "Antonio Linares",
            "team": "TJH5YU202",
            "name": "alinares",
            "is_restricted": false,
            "is_ultra_restricted": false
        }
    },
    {
        "client_msg_id": "83cb2a2d-e123-4471-a0a0-beaf1f32ffab",
        "type": "message",
        "text": "Tengo montada una VM con CentOS 7 y he creado libharbour",
        "user": "UJK7SNX51",
        "ts": "1558619201.313300",
        "team": "TJH5YU202",
        "user_team": "TJH5YU202",
        "source_team": "TJH5YU202",
        "user_profile": {
            "avatar_hash": "6698a9ba696b",
            "image_72": "https:\/\/avatars.slack-edge.com\/2019-07-04\/673660529330_6698a9ba696bad01eb8c_72.jpg",
            "first_name": "Baxajaun",
            "real_name": "Baxajaun",
            "display_name": "Baxajaun",
            "team": "TJH5YU202",
            "name": "fpgrande",
            "is_restricted": false,
            "is_ultra_restricted": false
        }
    },
    {
        "client_msg_id": "09efb6bd-c104-439d-b4f0-4b96c065ecae",
        "type": "message",
        "text": "No me ha creado el mod mod_harbour. Qué he podido hacer mal ?",
        "user": "UJK7SNX51",
        "ts": "1558619818.313900",
        "team": "TJH5YU202",
        "user_team": "TJH5YU202",
        "source_team": "TJH5YU202",
        "user_profile": {
            "avatar_hash": "6698a9ba696b",
            "image_72": "https:\/\/avatars.slack-edge.com\/2019-07-04\/673660529330_6698a9ba696bad01eb8c_72.jpg",
            "first_name": "Baxajaun",
            "real_name": "Baxajaun",
            "display_name": "Baxajaun",
            "team": "TJH5YU202",
            "name": "fpgrande",
            "is_restricted": false,
            "is_ultra_restricted": false
        }
    },
    {
        "client_msg_id": "0f97da1c-47e3-4986-80c5-adcd3d91a8b2",
        "type": "message",
        "text": "Me había olvidado de él :wink:",
        "user": "UJK7SNX51",
        "ts": "1558619900.314200",
        "team": "TJH5YU202",
        "user_team": "TJH5YU202",
        "source_team": "TJH5YU202",
        "user_profile": {
            "avatar_hash": "6698a9ba696b",
            "image_72": "https:\/\/avatars.slack-edge.com\/2019-07-04\/673660529330_6698a9ba696bad01eb8c_72.jpg",
            "first_name": "Baxajaun",
            "real_name": "Baxajaun",
            "display_name": "Baxajaun",
            "team": "TJH5YU202",
            "name": "fpgrande",
            "is_restricted": false,
            "is_ultra_restricted": false
        }
    },
    {
        "client_msg_id": "6093f955-e72d-4006-a237-64bb00b5c108",
        "type": "message",
        "text": "A por el ...",
        "user": "UJK7SNX51",
        "ts": "1558619905.314400",
        "team": "TJH5YU202",
        "user_team": "TJH5YU202",
        "source_team": "TJH5YU202",
        "user_profile": {
            "avatar_hash": "6698a9ba696b",
            "image_72": "https:\/\/avatars.slack-edge.com\/2019-07-04\/673660529330_6698a9ba696bad01eb8c_72.jpg",
            "first_name": "Baxajaun",
            "real_name": "Baxajaun",
            "display_name": "Baxajaun",
            "team": "TJH5YU202",
            "name": "fpgrande",
            "is_restricted": false,
            "is_ultra_restricted": false
        }
    },
    {
        "client_msg_id": "62f23b28-aef9-4cc3-aae0-1d8b08eda96a",
        "type": "message",
        "text": "estimados NULL existe en harbour?",
        "user": "UJX3VLXK8",
        "ts": "1558622945.314900",
        "team": "TJH5YU202",
        "user_team": "TJH5YU202",
        "source_team": "TJH5YU202",
        "user_profile": {
            "avatar_hash": "g40064ea8e6b",
            "image_72": "https:\/\/secure.gravatar.com\/avatar\/d640064ea8e6bd640f9314de3695471b.jpg?s=72&d=https%3A%2F%2Fa.slack-edge.com%2F80588%2Fimg%2Favatars%2Fuser_shapes%2Fava_0015-72.png",
            "first_name": "",
            "real_name": "Carlos Vargas",
            "display_name": "Carlos Vargas",
            "team": "TJH5YU202",
            "name": "karlos.vargas",
            "is_restricted": false,
            "is_ultra_restricted": false
        }
    },
    {
        "client_msg_id": "300e1d2d-315f-4374-a67b-7393905d1f08",
        "type": "message",
        "text": "pMySql := hb_DynCall( { \"mysql_init\", pLib, HB_DYN_CALLCONV_CDECL }, NULL )",
        "user": "UJX3VLXK8",
        "ts": "1558622947.315100",
        "team": "TJH5YU202",
        "user_team": "TJH5YU202",
        "source_team": "TJH5YU202",
        "user_profile": {
            "avatar_hash": "g40064ea8e6b",
            "image_72": "https:\/\/secure.gravatar.com\/avatar\/d640064ea8e6bd640f9314de3695471b.jpg?s=72&d=https%3A%2F%2Fa.slack-edge.com%2F80588%2Fimg%2Favatars%2Fuser_shapes%2Fava_0015-72.png",
            "first_name": "",
            "real_name": "Carlos Vargas",
            "display_name": "Carlos Vargas",
            "team": "TJH5YU202",
            "name": "karlos.vargas",
            "is_restricted": false,
            "is_ultra_restricted": false
        }
    },
    {
        "client_msg_id": "bdb970b4-2ceb-47e2-b0a7-5c78f4f01104",
        "type": "message",
        "text": "no recucerdo :slightly_smiling_face:",
        "user": "UJX3VLXK8",
        "ts": "1558622959.315400",
        "team": "TJH5YU202",
        "user_team": "TJH5YU202",
        "source_team": "TJH5YU202",
        "user_profile": {
            "avatar_hash": "g40064ea8e6b",
            "image_72": "https:\/\/secure.gravatar.com\/avatar\/d640064ea8e6bd640f9314de3695471b.jpg?s=72&d=https%3A%2F%2Fa.slack-edge.com%2F80588%2Fimg%2Favatars%2Fuser_shapes%2Fava_0015-72.png",
            "first_name": "",
            "real_name": "Carlos Vargas",
            "display_name": "Carlos Vargas",
            "team": "TJH5YU202",
            "name": "karlos.vargas",
            "is_restricted": false,
            "is_ultra_restricted": false
        }
    },
    {
        "client_msg_id": "64de6cd0-2f84-44b9-b596-9605aa477c05",
        "type": "message",
        "text": "Nope. En Harbour, ASAP, existe NIL que viene a ser un _harbourean_ NULL",
        "user": "UJULQCHL5",
        "ts": "1558623245.316200",
        "team": "TJH5YU202",
        "user_team": "TJH5YU202",
        "source_team": "TJH5YU202",
        "user_profile": {
            "avatar_hash": "g7659142325a",
            "image_72": "https:\/\/secure.gravatar.com\/avatar\/c87659142325a3facb661d85281ec091.jpg?s=72&d=https%3A%2F%2Fa.slack-edge.com%2F80588%2Fimg%2Favatars%2Fuser_shapes%2Fava_0003-72.png",
            "first_name": "",
            "real_name": "Paquito",
            "display_name": "Paquito",
            "team": "TJH5YU202",
            "name": "hmpaquito",
            "is_restricted": false,
            "is_ultra_restricted": false
        }
    },
    {
        "client_msg_id": "85a4e472-4207-406a-864a-a99540ae9d7b",
        "type": "message",
        "text": "aca un ejemplo de mysql usando DynCall, me falta la recuperacion de datos, me he confundido un poco, necesito ayuda. si bien es para windows, con algunos minimos cambios funcionara para linux y apache, lo he realizado para linux para efectos de avanzar un poco mas rapido",
        "user": "UJX3VLXK8",
        "ts": "1558627630.318000",
        "team": "TJH5YU202",
        "user_team": "TJH5YU202",
        "source_team": "TJH5YU202",
        "user_profile": {
            "avatar_hash": "g40064ea8e6b",
            "image_72": "https:\/\/secure.gravatar.com\/avatar\/d640064ea8e6bd640f9314de3695471b.jpg?s=72&d=https%3A%2F%2Fa.slack-edge.com%2F80588%2Fimg%2Favatars%2Fuser_shapes%2Fava_0015-72.png",
            "first_name": "",
            "real_name": "Carlos Vargas",
            "display_name": "Carlos Vargas",
            "team": "TJH5YU202",
            "name": "karlos.vargas",
            "is_restricted": false,
            "is_ultra_restricted": false
        }
    },
    {
        "client_msg_id": "2b792c4a-e534-4eb6-874d-571a0983b1c6",
        "type": "message",
        "text": "<https:\/\/castillolawyers.zapto.org\/owncloud\/index.php\/s\/IsvzMipprFaQdrt>",
        "user": "UJX3VLXK8",
        "ts": "1558627631.318200",
        "team": "TJH5YU202",
        "user_team": "TJH5YU202",
        "source_team": "TJH5YU202",
        "user_profile": {
            "avatar_hash": "g40064ea8e6b",
            "image_72": "https:\/\/secure.gravatar.com\/avatar\/d640064ea8e6bd640f9314de3695471b.jpg?s=72&d=https%3A%2F%2Fa.slack-edge.com%2F80588%2Fimg%2Favatars%2Fuser_shapes%2Fava_0015-72.png",
            "first_name": "",
            "real_name": "Carlos Vargas",
            "display_name": "Carlos Vargas",
            "team": "TJH5YU202",
            "name": "karlos.vargas",
            "is_restricted": false,
            "is_ultra_restricted": false
        },
        "attachments": [
            {
                "service_name": "ownCloud",
                "title": "ownCloud - A safe home for all your data",
                "title_link": "https:\/\/castillolawyers.zapto.org\/owncloud\/index.php\/s\/IsvzMipprFaQdrt",
                "text": "mysql.zip is publicly shared",
                "fallback": "ownCloud: ownCloud - A safe home for all your data",
                "from_url": "https:\/\/castillolawyers.zapto.org\/owncloud\/index.php\/s\/IsvzMipprFaQdrt",
                "thumb_url": "https:\/\/castillolawyers.zapto.org\/owncloud\/core\/img\/favicon-fb.png",
                "thumb_width": 200,
                "thumb_height": 200,
                "service_icon": "https:\/\/castillolawyers.zapto.org\/owncloud\/core\/img\/favicon-touch.png",
                "id": 1,
                "original_url": "https:\/\/castillolawyers.zapto.org\/owncloud\/index.php\/s\/IsvzMipprFaQdrt"
            }
        ]
    },
    {
        "client_msg_id": "1f136e88-ec91-4236-a020-b384d3cd0328",
        "type": "message",
        "text": "perdon ese link tiene el programa con una falla, esperen unos minutos para la correction",
        "user": "UJX3VLXK8",
        "ts": "1558627750.318900",
        "team": "TJH5YU202",
        "user_team": "TJH5YU202",
        "source_team": "TJH5YU202",
        "user_profile": {
            "avatar_hash": "g40064ea8e6b",
            "image_72": "https:\/\/secure.gravatar.com\/avatar\/d640064ea8e6bd640f9314de3695471b.jpg?s=72&d=https%3A%2F%2Fa.slack-edge.com%2F80588%2Fimg%2Favatars%2Fuser_shapes%2Fava_0015-72.png",
            "first_name": "",
            "real_name": "Carlos Vargas",
            "display_name": "Carlos Vargas",
            "team": "TJH5YU202",
            "name": "karlos.vargas",
            "is_restricted": false,
            "is_ultra_restricted": false
        }
    },
    {
        "type": "message",
        "text": "",
        "files": [
            {
                "id": "FK0HNN18W",
                "created": 1558628019,
                "timestamp": 1558628019,
                "name": "test.txt",
                "title": "test",
                "mimetype": "text\/plain",
                "filetype": "text",
                "pretty_type": "Plain Text",
                "user": "UJX3VLXK8",
                "editable": true,
                "size": 5640,
                "mode": "snippet",
                "is_external": false,
                "external_type": "",
                "is_public": true,
                "public_url_shared": false,
                "display_as_bot": false,
                "username": "",
                "url_private": "https:\/\/files.slack.com\/files-pri\/TJH5YU202-FK0HNN18W\/test.txt?t=xoxe-629202954002-776688371669-763909703378-01ffaa4c4eeda75ea92ad255b32a04e5",
                "url_private_download": "https:\/\/files.slack.com\/files-pri\/TJH5YU202-FK0HNN18W\/download\/test.txt?t=xoxe-629202954002-776688371669-763909703378-01ffaa4c4eeda75ea92ad255b32a04e5",
                "permalink": "https:\/\/harbourproject.slack.com\/files\/UJX3VLXK8\/FK0HNN18W\/test.txt",
                "permalink_public": "https:\/\/slack-files.com\/TJH5YU202-FK0HNN18W-cca2979e78",
                "edit_link": "https:\/\/harbourproject.slack.com\/files\/UJX3VLXK8\/FK0HNN18W\/test.txt\/edit",
                "is_starred": false,
                "has_rich_preview": false
            }
        ],
        "upload": true,
        "user": "UJX3VLXK8",
        "display_as_bot": false,
        "ts": "1558628019.319500"
    },
    {
        "client_msg_id": "9bed76ed-1d27-4cfd-81ff-fc00ffe7ddef",
        "type": "message",
        "text": "ahora sip",
        "user": "UJX3VLXK8",
        "ts": "1558628026.319900",
        "team": "TJH5YU202",
        "user_team": "TJH5YU202",
        "source_team": "TJH5YU202",
        "user_profile": {
            "avatar_hash": "g40064ea8e6b",
            "image_72": "https:\/\/secure.gravatar.com\/avatar\/d640064ea8e6bd640f9314de3695471b.jpg?s=72&d=https%3A%2F%2Fa.slack-edge.com%2F80588%2Fimg%2Favatars%2Fuser_shapes%2Fava_0015-72.png",
            "first_name": "",
            "real_name": "Carlos Vargas",
            "display_name": "Carlos Vargas",
            "team": "TJH5YU202",
            "name": "karlos.vargas",
            "is_restricted": false,
            "is_ultra_restricted": false
        }
    },
    {
        "client_msg_id": "34f3fb75-338b-4bd2-942b-3c654e6af980",
        "type": "message",
        "text": "<https:\/\/castillolawyers.zapto.org\/owncloud\/index.php\/s\/XtvLNq9uU5S3gjP>",
        "user": "UJX3VLXK8",
        "ts": "1558628027.320100",
        "team": "TJH5YU202",
        "user_team": "TJH5YU202",
        "source_team": "TJH5YU202",
        "user_profile": {
            "avatar_hash": "g40064ea8e6b",
            "image_72": "https:\/\/secure.gravatar.com\/avatar\/d640064ea8e6bd640f9314de3695471b.jpg?s=72&d=https%3A%2F%2Fa.slack-edge.com%2F80588%2Fimg%2Favatars%2Fuser_shapes%2Fava_0015-72.png",
            "first_name": "",
            "real_name": "Carlos Vargas",
            "display_name": "Carlos Vargas",
            "team": "TJH5YU202",
            "name": "karlos.vargas",
            "is_restricted": false,
            "is_ultra_restricted": false
        },
        "attachments": [
            {
                "service_name": "ownCloud",
                "title": "ownCloud - A safe home for all your data",
                "title_link": "https:\/\/castillolawyers.zapto.org\/owncloud\/index.php\/s\/XtvLNq9uU5S3gjP",
                "text": "mysql.zip is publicly shared",
                "fallback": "ownCloud: ownCloud - A safe home for all your data",
                "from_url": "https:\/\/castillolawyers.zapto.org\/owncloud\/index.php\/s\/XtvLNq9uU5S3gjP",
                "thumb_url": "https:\/\/castillolawyers.zapto.org\/owncloud\/core\/img\/favicon-fb.png",
                "thumb_width": 200,
                "thumb_height": 200,
                "service_icon": "https:\/\/castillolawyers.zapto.org\/owncloud\/core\/img\/favicon-touch.png",
                "id": 1,
                "original_url": "https:\/\/castillolawyers.zapto.org\/owncloud\/index.php\/s\/XtvLNq9uU5S3gjP"
            }
        ]
    },
    {
        "client_msg_id": "1956163a-643c-4338-91dd-7c34f3832559",
        "type": "message",
        "text": "necesito ayuda para recuperar propiamente los datos...",
        "user": "UJX3VLXK8",
        "ts": "1558628093.320600",
        "team": "TJH5YU202",
        "user_team": "TJH5YU202",
        "source_team": "TJH5YU202",
        "user_profile": {
            "avatar_hash": "g40064ea8e6b",
            "image_72": "https:\/\/secure.gravatar.com\/avatar\/d640064ea8e6bd640f9314de3695471b.jpg?s=72&d=https%3A%2F%2Fa.slack-edge.com%2F80588%2Fimg%2Favatars%2Fuser_shapes%2Fava_0015-72.png",
            "first_name": "",
            "real_name": "Carlos Vargas",
            "display_name": "Carlos Vargas",
            "team": "TJH5YU202",
            "name": "karlos.vargas",
            "is_restricted": false,
            "is_ultra_restricted": false
        }
    },
    {
        "client_msg_id": "132180EC-F0C1-4C69-BF43-490B715ECF47",
        "type": "message",
        "text": "#define NULL 0",
        "user": "UJN8D8U3B",
        "ts": "1558638844.321700",
        "team": "TJH5YU202",
        "user_team": "TJH5YU202",
        "source_team": "TJH5YU202",
        "user_profile": {
            "avatar_hash": "g92ad2abcc45",
            "image_72": "https:\/\/secure.gravatar.com\/avatar\/8492ad2abcc45ce53969adcf8420acde.jpg?s=72&d=https%3A%2F%2Fa.slack-edge.com%2F80588%2Fimg%2Favatars%2Fuser_shapes%2Fava_0008-72.png",
            "first_name": "",
            "real_name": "Antonio Linares",
            "display_name": "Antonio Linares",
            "team": "TJH5YU202",
            "name": "alinares",
            "is_restricted": false,
            "is_ultra_restricted": false
        }
    },
    {
        "client_msg_id": "439322b4-fdea-44fe-9c72-07b4655afd9f",
        "type": "message",
        "text": "Postgresql ... It works :slightly_smiling_face:\n\nstatic pLib,PGConnection\nfunction test()\npLib:= hb_LibLoad( \"\/usr\/lib\/x86_64-linux-gnu\/libpq.so\" )\nPGConnection:=pg_connect()\na:=pg_status()\nap_rputs( 'Status : '+str(a)+'&lt;br&gt;' )\na:=pg_version()\nap_rputs( 'Version : '+str(a) )\nreturn nil\n\n\ncConn:=\"host=_HOST_ port=5432 user=postgres password=_PASS_ dbname=_DB_NAME_ \"\nreturn hb_DynCall( { \"PQconnectdb\", pLib }, cConn )\n\nfunction pg_status()\nnRet:=hb_DynCall( { \"PQstatus\", pLib}, PGConnection  )\nreturn nRet\n\nfunction pg_version()\nres:=hb_DynCall( { \"PQserverVersion\", pLib }, PGConnection  )\nreturn res",
        "user": "UJNEM6G7K",
        "ts": "1558640776.322200",
        "team": "TJH5YU202",
        "user_team": "TJH5YU202",
        "source_team": "TJH5YU202",
        "user_profile": {
            "avatar_hash": "g4b6937dc7ac",
            "image_72": "https:\/\/secure.gravatar.com\/avatar\/a44b6937dc7ac0f16aa71abc758bf51e.jpg?s=72&d=https%3A%2F%2Fa.slack-edge.com%2F80588%2Fimg%2Favatars%2Fuser_shapes%2Fava_0018-72.png",
            "first_name": "",
            "real_name": "Dejan Pesic",
            "display_name": "Dejan Pesic",
            "team": "TJH5YU202",
            "name": "dpesic",
            "is_restricted": false,
            "is_ultra_restricted": false
        }
    },
    {
        "client_msg_id": "21e9eb2e-4c2f-4b19-a7cb-588d810ce3e7",
        "type": "message",
        "text": "recuerdo que la api de postgree me hera mas sencilla que la de mysql",
        "user": "UJX3VLXK8",
        "ts": "1558641959.322700",
        "team": "TJH5YU202",
        "user_team": "TJH5YU202",
        "source_team": "TJH5YU202",
        "user_profile": {
            "avatar_hash": "g40064ea8e6b",
            "image_72": "https:\/\/secure.gravatar.com\/avatar\/d640064ea8e6bd640f9314de3695471b.jpg?s=72&d=https%3A%2F%2Fa.slack-edge.com%2F80588%2Fimg%2Favatars%2Fuser_shapes%2Fava_0015-72.png",
            "first_name": "",
            "real_name": "Carlos Vargas",
            "display_name": "Carlos Vargas",
            "team": "TJH5YU202",
            "name": "karlos.vargas",
            "is_restricted": false,
            "is_ultra_restricted": false
        }
    },
    {
        "client_msg_id": "4b0d2c3a-0483-4c3e-afff-74d1c402d15e",
        "type": "message",
        "text": ":=)",
        "user": "UJX3VLXK8",
        "ts": "1558641977.323000",
        "team": "TJH5YU202",
        "user_team": "TJH5YU202",
        "source_team": "TJH5YU202",
        "user_profile": {
            "avatar_hash": "g40064ea8e6b",
            "image_72": "https:\/\/secure.gravatar.com\/avatar\/d640064ea8e6bd640f9314de3695471b.jpg?s=72&d=https%3A%2F%2Fa.slack-edge.com%2F80588%2Fimg%2Favatars%2Fuser_shapes%2Fava_0015-72.png",
            "first_name": "",
            "real_name": "Carlos Vargas",
            "display_name": "Carlos Vargas",
            "team": "TJH5YU202",
            "name": "karlos.vargas",
            "is_restricted": false,
            "is_ultra_restricted": false
        }
    },
    {
        "client_msg_id": "e22f5065-bb19-49a9-908c-3c68c35ca5ad",
        "type": "message",
        "text": "Dejan, congratulations, excelent !!!",
        "user": "UJN8D8U3B",
        "ts": "1558645384.323300",
        "team": "TJH5YU202",
        "user_team": "TJH5YU202",
        "source_team": "TJH5YU202",
        "user_profile": {
            "avatar_hash": "g92ad2abcc45",
            "image_72": "https:\/\/secure.gravatar.com\/avatar\/8492ad2abcc45ce53969adcf8420acde.jpg?s=72&d=https%3A%2F%2Fa.slack-edge.com%2F80588%2Fimg%2Favatars%2Fuser_shapes%2Fava_0008-72.png",
            "first_name": "",
            "real_name": "Antonio Linares",
            "display_name": "Antonio Linares",
            "team": "TJH5YU202",
            "name": "alinares",
            "is_restricted": false,
            "is_ultra_restricted": false
        }
    },
    {
        "client_msg_id": "19475ce9-34e9-42a9-8ec4-fc87f1f5b4d2",
        "type": "message",
        "text": "hola Antonio",
        "user": "UJHD0S3FU",
        "ts": "1558659628.323800",
        "team": "TJH5YU202",
        "user_team": "TJH5YU202",
        "source_team": "TJH5YU202",
        "user_profile": {
            "avatar_hash": "g898e9aea99f",
            "image_72": "https:\/\/secure.gravatar.com\/avatar\/f7898e9aea99f9242be03d2d256020d9.jpg?s=72&d=https%3A%2F%2Fa.slack-edge.com%2F80588%2Fimg%2Favatars%2Fuser_shapes%2Fava_0021-72.png",
            "first_name": "",
            "real_name": "Azul Martin",
            "display_name": "Azul Martin",
            "team": "TJH5YU202",
            "name": "azulmartin2000",
            "is_restricted": false,
            "is_ultra_restricted": false
        }
    },
    {
        "client_msg_id": "ca4ff106-5460-44a0-9761-f3605a830fcc",
        "type": "message",
        "text": "tienes un repositorio para probar los ejemplos en windows ?",
        "user": "UJHD0S3FU",
        "ts": "1558659683.324900",
        "team": "TJH5YU202",
        "user_team": "TJH5YU202",
        "source_team": "TJH5YU202",
        "user_profile": {
            "avatar_hash": "g898e9aea99f",
            "image_72": "https:\/\/secure.gravatar.com\/avatar\/f7898e9aea99f9242be03d2d256020d9.jpg?s=72&d=https%3A%2F%2Fa.slack-edge.com%2F80588%2Fimg%2Favatars%2Fuser_shapes%2Fava_0021-72.png",
            "first_name": "",
            "real_name": "Azul Martin",
            "display_name": "Azul Martin",
            "team": "TJH5YU202",
            "name": "azulmartin2000",
            "is_restricted": false,
            "is_ultra_restricted": false
        }
    },
    {
        "client_msg_id": "0fa073fa-96fb-4749-95e8-23175d8d4074",
        "type": "message",
        "text": "no utilizo linux",
        "user": "UJHD0S3FU",
        "ts": "1558659690.325100",
        "team": "TJH5YU202",
        "user_team": "TJH5YU202",
        "source_team": "TJH5YU202",
        "user_profile": {
            "avatar_hash": "g898e9aea99f",
            "image_72": "https:\/\/secure.gravatar.com\/avatar\/f7898e9aea99f9242be03d2d256020d9.jpg?s=72&d=https%3A%2F%2Fa.slack-edge.com%2F80588%2Fimg%2Favatars%2Fuser_shapes%2Fava_0021-72.png",
            "first_name": "",
            "real_name": "Azul Martin",
            "display_name": "Azul Martin",
            "team": "TJH5YU202",
            "name": "azulmartin2000",
            "is_restricted": false,
            "is_ultra_restricted": false
        }
    },
    {
        "client_msg_id": "927fbfb6-6c64-471c-94d7-a7b4c7b959b1",
        "type": "message",
        "text": "Hola Azul, usas Windows 10 ?",
        "user": "UJN8D8U3B",
        "ts": "1558677477.000300",
        "team": "TJH5YU202",
        "user_team": "TJH5YU202",
        "source_team": "TJH5YU202",
        "user_profile": {
            "avatar_hash": "g92ad2abcc45",
            "image_72": "https:\/\/secure.gravatar.com\/avatar\/8492ad2abcc45ce53969adcf8420acde.jpg?s=72&d=https%3A%2F%2Fa.slack-edge.com%2F80588%2Fimg%2Favatars%2Fuser_shapes%2Fava_0008-72.png",
            "first_name": "",
            "real_name": "Antonio Linares",
            "display_name": "Antonio Linares",
            "team": "TJH5YU202",
            "name": "alinares",
            "is_restricted": false,
            "is_ultra_restricted": false
        }
    },
    {
        "client_msg_id": "e454d01e-6b91-4fd2-b965-425be0a3ded1",
        "type": "message",
        "text": "Siegue estas instrucciones para usarlo en Windows usando el WSL de Windows 10:",
        "user": "UJN8D8U3B",
        "ts": "1558677802.000700",
        "team": "TJH5YU202",
        "user_team": "TJH5YU202",
        "source_team": "TJH5YU202",
        "user_profile": {
            "avatar_hash": "g92ad2abcc45",
            "image_72": "https:\/\/secure.gravatar.com\/avatar\/8492ad2abcc45ce53969adcf8420acde.jpg?s=72&d=https%3A%2F%2Fa.slack-edge.com%2F80588%2Fimg%2Favatars%2Fuser_shapes%2Fava_0008-72.png",
            "first_name": "",
            "real_name": "Antonio Linares",
            "display_name": "Antonio Linares",
            "team": "TJH5YU202",
            "name": "alinares",
            "is_restricted": false,
            "is_ultra_restricted": false
        }
    },
    {
        "client_msg_id": "0d90ec41-88b5-4cb5-bb2f-ad0301d600b6",
        "type": "message",
        "text": "<https:\/\/github.com\/FiveTechSoft\/mod_harbour\/wiki>",
        "user": "UJN8D8U3B",
        "ts": "1558677826.000900",
        "team": "TJH5YU202",
        "user_team": "TJH5YU202",
        "source_team": "TJH5YU202",
        "user_profile": {
            "avatar_hash": "g92ad2abcc45",
            "image_72": "https:\/\/secure.gravatar.com\/avatar\/8492ad2abcc45ce53969adcf8420acde.jpg?s=72&d=https%3A%2F%2Fa.slack-edge.com%2F80588%2Fimg%2Favatars%2Fuser_shapes%2Fava_0008-72.png",
            "first_name": "",
            "real_name": "Antonio Linares",
            "display_name": "Antonio Linares",
            "team": "TJH5YU202",
            "name": "alinares",
            "is_restricted": false,
            "is_ultra_restricted": false
        },
        "attachments": [
            {
                "service_name": "GitHub",
                "title": "FiveTechSoft\/mod_harbour",
                "title_link": "https:\/\/github.com\/FiveTechSoft\/mod_harbour\/wiki",
                "text": "Apache mod for Harbour. Contribute to FiveTechSoft\/mod_harbour development by creating an account on GitHub.",
                "fallback": "GitHub: FiveTechSoft\/mod_harbour",
                "thumb_url": "https:\/\/avatars3.githubusercontent.com\/u\/10235217?s=400&v=4",
                "from_url": "https:\/\/github.com\/FiveTechSoft\/mod_harbour\/wiki",
                "thumb_width": 400,
                "thumb_height": 400,
                "service_icon": "https:\/\/a.slack-edge.com\/bfaba\/img\/unfurl_icons\/github.png",
                "id": 1,
                "original_url": "https:\/\/github.com\/FiveTechSoft\/mod_harbour\/wiki"
            }
        ]
    }
]