[
    {
        "client_msg_id": "d32aa491-bdc1-4be5-bd0d-1fa85b962513",
        "type": "message",
        "text": "buen dia Antonio probado y funciona ok",
        "user": "UJUFNFMFE",
        "ts": "1561564078.023800",
        "team": "TJH5YU202",
        "user_team": "TJH5YU202",
        "source_team": "TJH5YU202",
        "user_profile": {
            "avatar_hash": "aa4e40c137f0",
            "image_72": "https:\/\/avatars.slack-edge.com\/2019-05-21\/630419446595_aa4e40c137f03c23b9cd_72.jpg",
            "first_name": "Marcelo",
            "real_name": "Marcelo Roggeri",
            "display_name": "Marcelo Roggeri",
            "team": "TJH5YU202",
            "name": "roggerimarcelo",
            "is_restricted": false,
            "is_ultra_restricted": false
        }
    },
    {
        "type": "message",
        "text": "",
        "files": [
            {
                "id": "FKQQ3JVSM",
                "created": 1561564083,
                "timestamp": 1561564083,
                "name": "image.png",
                "title": "image.png",
                "mimetype": "image\/png",
                "filetype": "png",
                "pretty_type": "PNG",
                "user": "UJUFNFMFE",
                "editable": false,
                "size": 44371,
                "mode": "hosted",
                "is_external": false,
                "external_type": "",
                "is_public": true,
                "public_url_shared": false,
                "display_as_bot": false,
                "username": "",
                "url_private": "https:\/\/files.slack.com\/files-pri\/TJH5YU202-FKQQ3JVSM\/image.png?t=xoxe-629202954002-776688371669-763909703378-01ffaa4c4eeda75ea92ad255b32a04e5",
                "url_private_download": "https:\/\/files.slack.com\/files-pri\/TJH5YU202-FKQQ3JVSM\/download\/image.png?t=xoxe-629202954002-776688371669-763909703378-01ffaa4c4eeda75ea92ad255b32a04e5",
                "thumb_64": "https:\/\/files.slack.com\/files-tmb\/TJH5YU202-FKQQ3JVSM-a7e5a22fe9\/image_64.png?t=xoxe-629202954002-776688371669-763909703378-01ffaa4c4eeda75ea92ad255b32a04e5",
                "thumb_80": "https:\/\/files.slack.com\/files-tmb\/TJH5YU202-FKQQ3JVSM-a7e5a22fe9\/image_80.png?t=xoxe-629202954002-776688371669-763909703378-01ffaa4c4eeda75ea92ad255b32a04e5",
                "thumb_360": "https:\/\/files.slack.com\/files-tmb\/TJH5YU202-FKQQ3JVSM-a7e5a22fe9\/image_360.png?t=xoxe-629202954002-776688371669-763909703378-01ffaa4c4eeda75ea92ad255b32a04e5",
                "thumb_360_w": 360,
                "thumb_360_h": 214,
                "thumb_480": "https:\/\/files.slack.com\/files-tmb\/TJH5YU202-FKQQ3JVSM-a7e5a22fe9\/image_480.png?t=xoxe-629202954002-776688371669-763909703378-01ffaa4c4eeda75ea92ad255b32a04e5",
                "thumb_480_w": 480,
                "thumb_480_h": 285,
                "thumb_160": "https:\/\/files.slack.com\/files-tmb\/TJH5YU202-FKQQ3JVSM-a7e5a22fe9\/image_160.png?t=xoxe-629202954002-776688371669-763909703378-01ffaa4c4eeda75ea92ad255b32a04e5",
                "thumb_720": "https:\/\/files.slack.com\/files-tmb\/TJH5YU202-FKQQ3JVSM-a7e5a22fe9\/image_720.png?t=xoxe-629202954002-776688371669-763909703378-01ffaa4c4eeda75ea92ad255b32a04e5",
                "thumb_720_w": 720,
                "thumb_720_h": 428,
                "thumb_800": "https:\/\/files.slack.com\/files-tmb\/TJH5YU202-FKQQ3JVSM-a7e5a22fe9\/image_800.png?t=xoxe-629202954002-776688371669-763909703378-01ffaa4c4eeda75ea92ad255b32a04e5",
                "thumb_800_w": 800,
                "thumb_800_h": 476,
                "thumb_960": "https:\/\/files.slack.com\/files-tmb\/TJH5YU202-FKQQ3JVSM-a7e5a22fe9\/image_960.png?t=xoxe-629202954002-776688371669-763909703378-01ffaa4c4eeda75ea92ad255b32a04e5",
                "thumb_960_w": 960,
                "thumb_960_h": 571,
                "thumb_1024": "https:\/\/files.slack.com\/files-tmb\/TJH5YU202-FKQQ3JVSM-a7e5a22fe9\/image_1024.png?t=xoxe-629202954002-776688371669-763909703378-01ffaa4c4eeda75ea92ad255b32a04e5",
                "thumb_1024_w": 1024,
                "thumb_1024_h": 609,
                "image_exif_rotation": 1,
                "original_w": 1174,
                "original_h": 698,
                "permalink": "https:\/\/harbourproject.slack.com\/files\/UJUFNFMFE\/FKQQ3JVSM\/image.png",
                "permalink_public": "https:\/\/slack-files.com\/TJH5YU202-FKQQ3JVSM-fc216ff894",
                "is_starred": false,
                "has_rich_preview": false
            }
        ],
        "upload": true,
        "user": "UJUFNFMFE",
        "display_as_bot": false,
        "ts": "1561564086.023900",
        "client_msg_id": "a153ea49-5ecd-484b-97c0-3ba30b485b48"
    },
    {
        "client_msg_id": "0df438fc-9989-4cab-acf7-783c5b903430",
        "type": "message",
        "text": "gracias Marcelo",
        "user": "UJN8D8U3B",
        "ts": "1561579696.024300",
        "team": "TJH5YU202",
        "user_team": "TJH5YU202",
        "source_team": "TJH5YU202",
        "user_profile": {
            "avatar_hash": "g92ad2abcc45",
            "image_72": "https:\/\/secure.gravatar.com\/avatar\/8492ad2abcc45ce53969adcf8420acde.jpg?s=72&d=https%3A%2F%2Fa.slack-edge.com%2F80588%2Fimg%2Favatars%2Fuser_shapes%2Fava_0008-72.png",
            "first_name": "",
            "real_name": "Antonio Linares",
            "display_name": "Antonio Linares",
            "team": "TJH5YU202",
            "name": "alinares",
            "is_restricted": false,
            "is_ultra_restricted": false
        }
    }
]