[
    {
        "client_msg_id": "8b909d2d-68d9-411c-880a-a1a3286d45ad",
        "type": "message",
        "text": "Bon diiiiia !",
        "user": "UJWR5N32S",
        "ts": "1563176913.136300",
        "team": "TJH5YU202",
        "user_team": "TJH5YU202",
        "source_team": "TJH5YU202",
        "user_profile": {
            "avatar_hash": "273d3745f7ae",
            "image_72": "https:\/\/avatars.slack-edge.com\/2019-05-20\/634344238497_273d3745f7ae1b176b82_72.jpg",
            "first_name": "Charly",
            "real_name": "Charly",
            "display_name": "Charly",
            "team": "TJH5YU202",
            "name": "carles9000",
            "is_restricted": false,
            "is_ultra_restricted": false
        }
    },
    {
        "client_msg_id": "e806f750-ad62-4ef0-9b6a-7d3f7b6fa85c",
        "type": "message",
        "text": "Buen día masters and commanders  ​",
        "user": "UJULQCHL5",
        "ts": "1563180339.136400",
        "team": "TJH5YU202",
        "user_team": "TJH5YU202",
        "source_team": "TJH5YU202",
        "user_profile": {
            "avatar_hash": "g7659142325a",
            "image_72": "https:\/\/secure.gravatar.com\/avatar\/c87659142325a3facb661d85281ec091.jpg?s=72&d=https%3A%2F%2Fa.slack-edge.com%2F80588%2Fimg%2Favatars%2Fuser_shapes%2Fava_0003-72.png",
            "first_name": "",
            "real_name": "Paquito",
            "display_name": "Paquito",
            "team": "TJH5YU202",
            "name": "hmpaquito",
            "is_restricted": false,
            "is_ultra_restricted": false
        }
    },
    {
        "client_msg_id": "5dfe3c3d-5bbc-49de-bf47-fe3c7de50f1a",
        "type": "message",
        "text": ":copyright:",
        "user": "UJULQCHL5",
        "ts": "1563180425.136800",
        "team": "TJH5YU202",
        "user_team": "TJH5YU202",
        "source_team": "TJH5YU202",
        "user_profile": {
            "avatar_hash": "g7659142325a",
            "image_72": "https:\/\/secure.gravatar.com\/avatar\/c87659142325a3facb661d85281ec091.jpg?s=72&d=https%3A%2F%2Fa.slack-edge.com%2F80588%2Fimg%2Favatars%2Fuser_shapes%2Fava_0003-72.png",
            "first_name": "",
            "real_name": "Paquito",
            "display_name": "Paquito",
            "team": "TJH5YU202",
            "name": "hmpaquito",
            "is_restricted": false,
            "is_ultra_restricted": false
        }
    },
    {
        "client_msg_id": "86f35dad-8fda-49ca-9eac-e6b6ec597491",
        "type": "message",
        "text": "saludos a todos",
        "user": "UK28N3CER",
        "ts": "1563210702.137100",
        "team": "TJH5YU202",
        "user_team": "TJH5YU202",
        "source_team": "TJH5YU202",
        "user_profile": {
            "avatar_hash": "3fec6e3393a8",
            "image_72": "https:\/\/avatars.slack-edge.com\/2019-08-17\/723363154273_3fec6e3393a86fb3e470_72.jpg",
            "first_name": "",
            "real_name": "Cesar SysCtrl Software",
            "display_name": "Cesar SysCtrl Software",
            "team": "TJH5YU202",
            "name": "sysctrlsoftware",
            "is_restricted": false,
            "is_ultra_restricted": false
        }
    },
    {
        "type": "message",
        "text": "no logro que se ejecute la app MCV_NOTES.  alguna sugerencia? gracias amigos.",
        "files": [
            {
                "id": "FLH7F3FAB",
                "created": 1563234056,
                "timestamp": 1563234056,
                "name": "image.png",
                "title": "image.png",
                "mimetype": "image\/png",
                "filetype": "png",
                "pretty_type": "PNG",
                "user": "UK28N3CER",
                "editable": false,
                "size": 11484,
                "mode": "hosted",
                "is_external": false,
                "external_type": "",
                "is_public": true,
                "public_url_shared": false,
                "display_as_bot": false,
                "username": "",
                "url_private": "https:\/\/files.slack.com\/files-pri\/TJH5YU202-FLH7F3FAB\/image.png?t=xoxe-629202954002-776688371669-763909703378-01ffaa4c4eeda75ea92ad255b32a04e5",
                "url_private_download": "https:\/\/files.slack.com\/files-pri\/TJH5YU202-FLH7F3FAB\/download\/image.png?t=xoxe-629202954002-776688371669-763909703378-01ffaa4c4eeda75ea92ad255b32a04e5",
                "thumb_64": "https:\/\/files.slack.com\/files-tmb\/TJH5YU202-FLH7F3FAB-85018deed7\/image_64.png?t=xoxe-629202954002-776688371669-763909703378-01ffaa4c4eeda75ea92ad255b32a04e5",
                "thumb_80": "https:\/\/files.slack.com\/files-tmb\/TJH5YU202-FLH7F3FAB-85018deed7\/image_80.png?t=xoxe-629202954002-776688371669-763909703378-01ffaa4c4eeda75ea92ad255b32a04e5",
                "thumb_360": "https:\/\/files.slack.com\/files-tmb\/TJH5YU202-FLH7F3FAB-85018deed7\/image_360.png?t=xoxe-629202954002-776688371669-763909703378-01ffaa4c4eeda75ea92ad255b32a04e5",
                "thumb_360_w": 360,
                "thumb_360_h": 81,
                "thumb_480": "https:\/\/files.slack.com\/files-tmb\/TJH5YU202-FLH7F3FAB-85018deed7\/image_480.png?t=xoxe-629202954002-776688371669-763909703378-01ffaa4c4eeda75ea92ad255b32a04e5",
                "thumb_480_w": 480,
                "thumb_480_h": 108,
                "thumb_160": "https:\/\/files.slack.com\/files-tmb\/TJH5YU202-FLH7F3FAB-85018deed7\/image_160.png?t=xoxe-629202954002-776688371669-763909703378-01ffaa4c4eeda75ea92ad255b32a04e5",
                "thumb_720": "https:\/\/files.slack.com\/files-tmb\/TJH5YU202-FLH7F3FAB-85018deed7\/image_720.png?t=xoxe-629202954002-776688371669-763909703378-01ffaa4c4eeda75ea92ad255b32a04e5",
                "thumb_720_w": 720,
                "thumb_720_h": 162,
                "image_exif_rotation": 1,
                "original_w": 774,
                "original_h": 174,
                "permalink": "https:\/\/harbourproject.slack.com\/files\/UK28N3CER\/FLH7F3FAB\/image.png",
                "permalink_public": "https:\/\/slack-files.com\/TJH5YU202-FLH7F3FAB-2ff6a4cdd9",
                "is_starred": false,
                "has_rich_preview": false
            }
        ],
        "upload": true,
        "user": "UK28N3CER",
        "display_as_bot": false,
        "ts": "1563234058.137200",
        "client_msg_id": "f3728657-fc7b-46c4-82d4-b48fcc3de794"
    },
    {
        "client_msg_id": "93e509e7-4145-4dc1-9c5c-b4f5cf64a4ac",
        "type": "message",
        "text": "<@UK28N3CER> Saludos debes modificar el .htacces que tienes en la carpeta raiz del proyecto modifica SetEnv APP_TITLE           \"Notes v1.0\"\nSetEnv PATH_URL            \"\/hweb\/apps\/mvc_notes\"\nSetEnv PATH_APP            \"\/hweb\/apps\/mvc_notes\"\nSetEnv PATH_DATA           \"\/hweb\/apps\/mvc_notes\/data\"    por tus PATH tu PATH_URL debe quedar algo como \"\/mod_harbour\/samples\/apps\/mvc_notes\" y asi sucesivamente para los otros .",
        "user": "UJJNSR2V8",
        "ts": "1563240090.138800",
        "team": "TJH5YU202",
        "user_team": "TJH5YU202",
        "source_team": "TJH5YU202",
        "user_profile": {
            "avatar_hash": "g5c7770c1441",
            "image_72": "https:\/\/secure.gravatar.com\/avatar\/a95c7770c144160e668fb52dae4a4024.jpg?s=72&d=https%3A%2F%2Fa.slack-edge.com%2F80588%2Fimg%2Favatars%2Fuser_shapes%2Fava_0010-72.png",
            "first_name": "",
            "real_name": "Mario Gonzalez",
            "display_name": "Mario Gonzalez",
            "team": "TJH5YU202",
            "name": "mag071",
            "is_restricted": false,
            "is_ultra_restricted": false
        }
    },
    {
        "client_msg_id": "d1f842e7-0285-4c6d-b1e0-f2d5bfd3bda2",
        "type": "message",
        "text": "Lo reviso Mario y cuento mañana,  gracias.",
        "user": "UK28N3CER",
        "ts": "1563254844.139300",
        "team": "TJH5YU202",
        "user_team": "TJH5YU202",
        "source_team": "TJH5YU202",
        "user_profile": {
            "avatar_hash": "3fec6e3393a8",
            "image_72": "https:\/\/avatars.slack-edge.com\/2019-08-17\/723363154273_3fec6e3393a86fb3e470_72.jpg",
            "first_name": "",
            "real_name": "Cesar SysCtrl Software",
            "display_name": "Cesar SysCtrl Software",
            "team": "TJH5YU202",
            "name": "sysctrlsoftware",
            "is_restricted": false,
            "is_ultra_restricted": false
        }
    }
]