[
    {
        "client_msg_id": "b5092243-c692-4064-9e27-aabeb07e8bc3",
        "type": "message",
        "text": "Estos son los paquetes que tengo instalados",
        "user": "UJK7SNX51",
        "ts": "1559200131.007800",
        "team": "TJH5YU202",
        "user_team": "TJH5YU202",
        "source_team": "TJH5YU202",
        "user_profile": {
            "avatar_hash": "6698a9ba696b",
            "image_72": "https:\/\/avatars.slack-edge.com\/2019-07-04\/673660529330_6698a9ba696bad01eb8c_72.jpg",
            "first_name": "Baxajaun",
            "real_name": "Baxajaun",
            "display_name": "Baxajaun",
            "team": "TJH5YU202",
            "name": "fpgrande",
            "is_restricted": false,
            "is_ultra_restricted": false
        }
    },
    {
        "client_msg_id": "89795269-00fd-42f4-a4b0-aa929ed10539",
        "type": "message",
        "text": "[root@matxin html]# rpm -qa | grep mariadb\nmariadb-test-5.5.60-1.el7_5.x86_64\nmariadb-devel-5.5.60-1.el7_5.x86_64\nmariadb-5.5.60-1.el7_5.x86_64\nmariadb-server-5.5.60-1.el7_5.x86_64\nmariadb-bench-5.5.60-1.el7_5.x86_64\nmariadb-libs-5.5.60-1.el7_5.x86_64",
        "user": "UJK7SNX51",
        "ts": "1559200133.008000",
        "team": "TJH5YU202",
        "user_team": "TJH5YU202",
        "source_team": "TJH5YU202",
        "user_profile": {
            "avatar_hash": "6698a9ba696b",
            "image_72": "https:\/\/avatars.slack-edge.com\/2019-07-04\/673660529330_6698a9ba696bad01eb8c_72.jpg",
            "first_name": "Baxajaun",
            "real_name": "Baxajaun",
            "display_name": "Baxajaun",
            "team": "TJH5YU202",
            "name": "fpgrande",
            "is_restricted": false,
            "is_ultra_restricted": false
        }
    },
    {
        "client_msg_id": "ef4ac408-a3c3-4e6c-8631-b485a845d6c3",
        "type": "message",
        "text": "<@UJK7SNX51> El mismo problema también en CentOS\n<https:\/\/groups.google.com\/forum\/#!topic\/harbour-devel\/qBOvmD_OWHc>",
        "user": "UJULQCHL5",
        "ts": "1559200785.008600",
        "team": "TJH5YU202",
        "user_team": "TJH5YU202",
        "source_team": "TJH5YU202",
        "user_profile": {
            "avatar_hash": "g7659142325a",
            "image_72": "https:\/\/secure.gravatar.com\/avatar\/c87659142325a3facb661d85281ec091.jpg?s=72&d=https%3A%2F%2Fa.slack-edge.com%2F80588%2Fimg%2Favatars%2Fuser_shapes%2Fava_0003-72.png",
            "first_name": "",
            "real_name": "Paquito",
            "display_name": "Paquito",
            "team": "TJH5YU202",
            "name": "hmpaquito",
            "is_restricted": false,
            "is_ultra_restricted": false
        }
    },
    {
        "client_msg_id": "59418789-d6da-406b-afc9-fd805002db4b",
        "type": "message",
        "text": "Paco, la máquina es un CentOS 7",
        "user": "UJK7SNX51",
        "ts": "1559200869.008900",
        "team": "TJH5YU202",
        "user_team": "TJH5YU202",
        "source_team": "TJH5YU202",
        "user_profile": {
            "avatar_hash": "6698a9ba696b",
            "image_72": "https:\/\/avatars.slack-edge.com\/2019-07-04\/673660529330_6698a9ba696bad01eb8c_72.jpg",
            "first_name": "Baxajaun",
            "real_name": "Baxajaun",
            "display_name": "Baxajaun",
            "team": "TJH5YU202",
            "name": "fpgrande",
            "is_restricted": false,
            "is_ultra_restricted": false
        }
    },
    {
        "client_msg_id": "81f26371-64b8-4444-a145-2176c34b9ab8",
        "type": "message",
        "text": "<@UJK7SNX51> Sí, como el el usuario del hilo (LF)\n_\"This is the exact procedure I did:_\n_I've created a new Virtualbox VM and installed Centos 64bit. \"_",
        "user": "UJULQCHL5",
        "ts": "1559201228.009500",
        "team": "TJH5YU202",
        "user_team": "TJH5YU202",
        "source_team": "TJH5YU202",
        "user_profile": {
            "avatar_hash": "g7659142325a",
            "image_72": "https:\/\/secure.gravatar.com\/avatar\/c87659142325a3facb661d85281ec091.jpg?s=72&d=https%3A%2F%2Fa.slack-edge.com%2F80588%2Fimg%2Favatars%2Fuser_shapes%2Fava_0003-72.png",
            "first_name": "",
            "real_name": "Paquito",
            "display_name": "Paquito",
            "team": "TJH5YU202",
            "name": "hmpaquito",
            "is_restricted": false,
            "is_ultra_restricted": false
        }
    },
    {
        "client_msg_id": "daa4b406-4f3a-449a-9e14-c245f1a772f0",
        "type": "message",
        "text": "En OpenSUSE 15",
        "user": "UJK7SNX51",
        "ts": "1559204191.009800",
        "team": "TJH5YU202",
        "user_team": "TJH5YU202",
        "source_team": "TJH5YU202",
        "user_profile": {
            "avatar_hash": "6698a9ba696b",
            "image_72": "https:\/\/avatars.slack-edge.com\/2019-07-04\/673660529330_6698a9ba696bad01eb8c_72.jpg",
            "first_name": "Baxajaun",
            "real_name": "Baxajaun",
            "display_name": "Baxajaun",
            "team": "TJH5YU202",
            "name": "fpgrande",
            "is_restricted": false,
            "is_ultra_restricted": false
        }
    },
    {
        "type": "message",
        "text": "",
        "files": [
            {
                "id": "FK43Q885B",
                "created": 1559204202,
                "timestamp": 1559204202,
                "name": "mysql_OpenSUSE15.JPG",
                "title": "mysql_OpenSUSE15.JPG",
                "mimetype": "image\/jpeg",
                "filetype": "jpg",
                "pretty_type": "JPEG",
                "user": "UJK7SNX51",
                "editable": false,
                "size": 44138,
                "mode": "hosted",
                "is_external": false,
                "external_type": "",
                "is_public": true,
                "public_url_shared": false,
                "display_as_bot": false,
                "username": "",
                "url_private": "https:\/\/files.slack.com\/files-pri\/TJH5YU202-FK43Q885B\/mysql_opensuse15.jpg?t=xoxe-629202954002-776688371669-763909703378-01ffaa4c4eeda75ea92ad255b32a04e5",
                "url_private_download": "https:\/\/files.slack.com\/files-pri\/TJH5YU202-FK43Q885B\/download\/mysql_opensuse15.jpg?t=xoxe-629202954002-776688371669-763909703378-01ffaa4c4eeda75ea92ad255b32a04e5",
                "thumb_64": "https:\/\/files.slack.com\/files-tmb\/TJH5YU202-FK43Q885B-f67c1f40fc\/mysql_opensuse15_64.jpg?t=xoxe-629202954002-776688371669-763909703378-01ffaa4c4eeda75ea92ad255b32a04e5",
                "thumb_80": "https:\/\/files.slack.com\/files-tmb\/TJH5YU202-FK43Q885B-f67c1f40fc\/mysql_opensuse15_80.jpg?t=xoxe-629202954002-776688371669-763909703378-01ffaa4c4eeda75ea92ad255b32a04e5",
                "thumb_360": "https:\/\/files.slack.com\/files-tmb\/TJH5YU202-FK43Q885B-f67c1f40fc\/mysql_opensuse15_360.jpg?t=xoxe-629202954002-776688371669-763909703378-01ffaa4c4eeda75ea92ad255b32a04e5",
                "thumb_360_w": 162,
                "thumb_360_h": 360,
                "thumb_480": "https:\/\/files.slack.com\/files-tmb\/TJH5YU202-FK43Q885B-f67c1f40fc\/mysql_opensuse15_480.jpg?t=xoxe-629202954002-776688371669-763909703378-01ffaa4c4eeda75ea92ad255b32a04e5",
                "thumb_480_w": 216,
                "thumb_480_h": 480,
                "thumb_160": "https:\/\/files.slack.com\/files-tmb\/TJH5YU202-FK43Q885B-f67c1f40fc\/mysql_opensuse15_160.jpg?t=xoxe-629202954002-776688371669-763909703378-01ffaa4c4eeda75ea92ad255b32a04e5",
                "thumb_720": "https:\/\/files.slack.com\/files-tmb\/TJH5YU202-FK43Q885B-f67c1f40fc\/mysql_opensuse15_720.jpg?t=xoxe-629202954002-776688371669-763909703378-01ffaa4c4eeda75ea92ad255b32a04e5",
                "thumb_720_w": 324,
                "thumb_720_h": 720,
                "thumb_800": "https:\/\/files.slack.com\/files-tmb\/TJH5YU202-FK43Q885B-f67c1f40fc\/mysql_opensuse15_800.jpg?t=xoxe-629202954002-776688371669-763909703378-01ffaa4c4eeda75ea92ad255b32a04e5",
                "thumb_800_w": 360,
                "thumb_800_h": 800,
                "image_exif_rotation": 1,
                "original_w": 403,
                "original_h": 895,
                "permalink": "https:\/\/harbourproject.slack.com\/files\/UJK7SNX51\/FK43Q885B\/mysql_opensuse15.jpg",
                "permalink_public": "https:\/\/slack-files.com\/TJH5YU202-FK43Q885B-02b31ca75b",
                "is_starred": false,
                "has_rich_preview": false
            }
        ],
        "upload": true,
        "user": "UJK7SNX51",
        "display_as_bot": false,
        "ts": "1559204204.009900",
        "client_msg_id": "c05a5c7c-eddd-4c70-a819-574208f6b700"
    },
    {
        "client_msg_id": "200f9884-bd1c-40d6-8d1f-93a30ce0e51e",
        "type": "message",
        "text": "Nuevo pull request con los cambios para OpenSUSE 15",
        "user": "UJK7SNX51",
        "ts": "1559205316.010600",
        "team": "TJH5YU202",
        "user_team": "TJH5YU202",
        "source_team": "TJH5YU202",
        "user_profile": {
            "avatar_hash": "6698a9ba696b",
            "image_72": "https:\/\/avatars.slack-edge.com\/2019-07-04\/673660529330_6698a9ba696bad01eb8c_72.jpg",
            "first_name": "Baxajaun",
            "real_name": "Baxajaun",
            "display_name": "Baxajaun",
            "team": "TJH5YU202",
            "name": "fpgrande",
            "is_restricted": false,
            "is_ultra_restricted": false
        }
    },
    {
        "client_msg_id": "e8374f76-f555-4840-9456-b6486ce536db",
        "type": "message",
        "text": "Todo funcionando OK en OpenSUSE 15",
        "user": "UJK7SNX51",
        "ts": "1559205466.011000",
        "team": "TJH5YU202",
        "user_team": "TJH5YU202",
        "source_team": "TJH5YU202",
        "user_profile": {
            "avatar_hash": "6698a9ba696b",
            "image_72": "https:\/\/avatars.slack-edge.com\/2019-07-04\/673660529330_6698a9ba696bad01eb8c_72.jpg",
            "first_name": "Baxajaun",
            "real_name": "Baxajaun",
            "display_name": "Baxajaun",
            "team": "TJH5YU202",
            "name": "fpgrande",
            "is_restricted": false,
            "is_ultra_restricted": false
        }
    },
    {
        "client_msg_id": "1312DE47-A5A5-4347-9F3E-FEAA68894AF6",
        "type": "message",
        "text": "Como lo has solucionado ? Faltaba algo ?",
        "user": "UJN8D8U3B",
        "ts": "1559205908.011600",
        "team": "TJH5YU202",
        "user_team": "TJH5YU202",
        "source_team": "TJH5YU202",
        "user_profile": {
            "avatar_hash": "g92ad2abcc45",
            "image_72": "https:\/\/secure.gravatar.com\/avatar\/8492ad2abcc45ce53969adcf8420acde.jpg?s=72&d=https%3A%2F%2Fa.slack-edge.com%2F80588%2Fimg%2Favatars%2Fuser_shapes%2Fava_0008-72.png",
            "first_name": "",
            "real_name": "Antonio Linares",
            "display_name": "Antonio Linares",
            "team": "TJH5YU202",
            "name": "alinares",
            "is_restricted": false,
            "is_ultra_restricted": false
        }
    },
    {
        "client_msg_id": "9905227c-da21-419c-9b8a-d21a6a6642b3",
        "type": "message",
        "text": "Te he hecho un pull request con los cambios y enseguida te haré otro con fichero .md diciendo dónde tienen que estar los ejemplos, etc ...",
        "user": "UJK7SNX51",
        "ts": "1559207010.013000",
        "team": "TJH5YU202",
        "user_team": "TJH5YU202",
        "source_team": "TJH5YU202",
        "user_profile": {
            "avatar_hash": "6698a9ba696b",
            "image_72": "https:\/\/avatars.slack-edge.com\/2019-07-04\/673660529330_6698a9ba696bad01eb8c_72.jpg",
            "first_name": "Baxajaun",
            "real_name": "Baxajaun",
            "display_name": "Baxajaun",
            "team": "TJH5YU202",
            "name": "fpgrande",
            "is_restricted": false,
            "is_ultra_restricted": false
        }
    },
    {
        "client_msg_id": "4aebe3db-afa1-43b8-8f86-415f10a36299",
        "type": "message",
        "text": "Los problemas los da en CentOS 7",
        "user": "UJK7SNX51",
        "ts": "1559207020.013300",
        "team": "TJH5YU202",
        "user_team": "TJH5YU202",
        "source_team": "TJH5YU202",
        "user_profile": {
            "avatar_hash": "6698a9ba696b",
            "image_72": "https:\/\/avatars.slack-edge.com\/2019-07-04\/673660529330_6698a9ba696bad01eb8c_72.jpg",
            "first_name": "Baxajaun",
            "real_name": "Baxajaun",
            "display_name": "Baxajaun",
            "team": "TJH5YU202",
            "name": "fpgrande",
            "is_restricted": false,
            "is_ultra_restricted": false
        }
    },
    {
        "client_msg_id": "8B795B7C-F2E7-40E8-8A93-8307570EC24B",
        "type": "message",
        "text": "Gracias :blush: ",
        "user": "UJN8D8U3B",
        "ts": "1559207098.013600",
        "team": "TJH5YU202",
        "user_team": "TJH5YU202",
        "source_team": "TJH5YU202",
        "user_profile": {
            "avatar_hash": "g92ad2abcc45",
            "image_72": "https:\/\/secure.gravatar.com\/avatar\/8492ad2abcc45ce53969adcf8420acde.jpg?s=72&d=https%3A%2F%2Fa.slack-edge.com%2F80588%2Fimg%2Favatars%2Fuser_shapes%2Fava_0008-72.png",
            "first_name": "",
            "real_name": "Antonio Linares",
            "display_name": "Antonio Linares",
            "team": "TJH5YU202",
            "name": "alinares",
            "is_restricted": false,
            "is_ultra_restricted": false
        }
    },
    {
        "client_msg_id": "b5a25a9c-177f-4677-8cf9-42280dd56040",
        "type": "message",
        "text": "Nuevo pull request",
        "user": "UJK7SNX51",
        "ts": "1559208230.013800",
        "team": "TJH5YU202",
        "user_team": "TJH5YU202",
        "source_team": "TJH5YU202",
        "user_profile": {
            "avatar_hash": "6698a9ba696b",
            "image_72": "https:\/\/avatars.slack-edge.com\/2019-07-04\/673660529330_6698a9ba696bad01eb8c_72.jpg",
            "first_name": "Baxajaun",
            "real_name": "Baxajaun",
            "display_name": "Baxajaun",
            "team": "TJH5YU202",
            "name": "fpgrande",
            "is_restricted": false,
            "is_ultra_restricted": false
        }
    },
    {
        "client_msg_id": "534c5df8-41e9-4e53-8387-7e6a4e18e454",
        "type": "message",
        "text": "Nuevo pull request con cambio en mysql.prg (Ubicación de la librería de mysql)",
        "user": "UJK7SNX51",
        "ts": "1559209466.014800",
        "team": "TJH5YU202",
        "user_team": "TJH5YU202",
        "source_team": "TJH5YU202",
        "user_profile": {
            "avatar_hash": "6698a9ba696b",
            "image_72": "https:\/\/avatars.slack-edge.com\/2019-07-04\/673660529330_6698a9ba696bad01eb8c_72.jpg",
            "first_name": "Baxajaun",
            "real_name": "Baxajaun",
            "display_name": "Baxajaun",
            "team": "TJH5YU202",
            "name": "fpgrande",
            "is_restricted": false,
            "is_ultra_restricted": false
        }
    },
    {
        "client_msg_id": "ce460c81-0184-4c74-a98c-10494930f872",
        "type": "message",
        "text": "Estoy ahora con Ubuntu 19.04",
        "user": "UJK7SNX51",
        "ts": "1559214247.015200",
        "team": "TJH5YU202",
        "user_team": "TJH5YU202",
        "source_team": "TJH5YU202",
        "user_profile": {
            "avatar_hash": "6698a9ba696b",
            "image_72": "https:\/\/avatars.slack-edge.com\/2019-07-04\/673660529330_6698a9ba696bad01eb8c_72.jpg",
            "first_name": "Baxajaun",
            "real_name": "Baxajaun",
            "display_name": "Baxajaun",
            "team": "TJH5YU202",
            "name": "fpgrande",
            "is_restricted": false,
            "is_ultra_restricted": false
        }
    },
    {
        "client_msg_id": "8de5fe67-b64d-42d0-a384-0a25d90c0fc8",
        "type": "message",
        "text": "Funcionando en Ubuntu 19.04",
        "user": "UJK7SNX51",
        "ts": "1559217828.015500",
        "team": "TJH5YU202",
        "user_team": "TJH5YU202",
        "source_team": "TJH5YU202",
        "user_profile": {
            "avatar_hash": "6698a9ba696b",
            "image_72": "https:\/\/avatars.slack-edge.com\/2019-07-04\/673660529330_6698a9ba696bad01eb8c_72.jpg",
            "first_name": "Baxajaun",
            "real_name": "Baxajaun",
            "display_name": "Baxajaun",
            "team": "TJH5YU202",
            "name": "fpgrande",
            "is_restricted": false,
            "is_ultra_restricted": false
        }
    },
    {
        "client_msg_id": "4077cdcf-6e0a-4a72-8e0c-140b443a1de7",
        "type": "message",
        "text": "New pull request",
        "user": "UJK7SNX51",
        "ts": "1559219136.015800",
        "team": "TJH5YU202",
        "user_team": "TJH5YU202",
        "source_team": "TJH5YU202",
        "user_profile": {
            "avatar_hash": "6698a9ba696b",
            "image_72": "https:\/\/avatars.slack-edge.com\/2019-07-04\/673660529330_6698a9ba696bad01eb8c_72.jpg",
            "first_name": "Baxajaun",
            "real_name": "Baxajaun",
            "display_name": "Baxajaun",
            "team": "TJH5YU202",
            "name": "fpgrande",
            "is_restricted": false,
            "is_ultra_restricted": false
        }
    },
    {
        "client_msg_id": "4E0FB9BC-1642-4D1A-A22C-031BF653F82D",
        "type": "message",
        "text": "Muchas gracias Felix :hugging_face:",
        "user": "UJN8D8U3B",
        "ts": "1559224193.016300",
        "team": "TJH5YU202",
        "user_team": "TJH5YU202",
        "source_team": "TJH5YU202",
        "user_profile": {
            "avatar_hash": "g92ad2abcc45",
            "image_72": "https:\/\/secure.gravatar.com\/avatar\/8492ad2abcc45ce53969adcf8420acde.jpg?s=72&d=https%3A%2F%2Fa.slack-edge.com%2F80588%2Fimg%2Favatars%2Fuser_shapes%2Fava_0008-72.png",
            "first_name": "",
            "real_name": "Antonio Linares",
            "display_name": "Antonio Linares",
            "team": "TJH5YU202",
            "name": "alinares",
            "is_restricted": false,
            "is_ultra_restricted": false
        }
    },
    {
        "client_msg_id": "f12a1c1a-8e7d-417b-83f5-12db517239d1",
        "type": "message",
        "text": ":grinning:",
        "user": "UJK7SNX51",
        "ts": "1559225406.016500",
        "team": "TJH5YU202",
        "user_team": "TJH5YU202",
        "source_team": "TJH5YU202",
        "user_profile": {
            "avatar_hash": "6698a9ba696b",
            "image_72": "https:\/\/avatars.slack-edge.com\/2019-07-04\/673660529330_6698a9ba696bad01eb8c_72.jpg",
            "first_name": "Baxajaun",
            "real_name": "Baxajaun",
            "display_name": "Baxajaun",
            "team": "TJH5YU202",
            "name": "fpgrande",
            "is_restricted": false,
            "is_ultra_restricted": false
        }
    },
    {
        "client_msg_id": "79c8750b-8797-4735-b080-a60fb0e251d3",
        "type": "message",
        "text": "Felix, Ubuntu 19.04, nativo??? en Virtual??? porque como hash en Windows10 no está disponible en la AppStore, veo.",
        "user": "UJU3NMK0U",
        "ts": "1559228061.017800",
        "team": "TJH5YU202",
        "user_team": "TJH5YU202",
        "source_team": "TJH5YU202",
        "user_profile": {
            "avatar_hash": "48f1b9655122",
            "image_72": "https:\/\/avatars.slack-edge.com\/2019-05-20\/640143784356_48f1b96551220d9fdd4d_72.jpg",
            "first_name": "Xevi",
            "real_name": "Xevi",
            "display_name": "Xevi",
            "team": "TJH5YU202",
            "name": "xevicomas",
            "is_restricted": false,
            "is_ultra_restricted": false
        }
    },
    {
        "client_msg_id": "8fb9af77-ee34-4d9b-82d1-9283171e0431",
        "type": "message",
        "text": "<http:\/\/releases.ubuntu.com\/19.04\/>\n???",
        "user": "UJU3NMK0U",
        "ts": "1559228247.018000",
        "team": "TJH5YU202",
        "user_team": "TJH5YU202",
        "source_team": "TJH5YU202",
        "user_profile": {
            "avatar_hash": "48f1b9655122",
            "image_72": "https:\/\/avatars.slack-edge.com\/2019-05-20\/640143784356_48f1b96551220d9fdd4d_72.jpg",
            "first_name": "Xevi",
            "real_name": "Xevi",
            "display_name": "Xevi",
            "team": "TJH5YU202",
            "name": "xevicomas",
            "is_restricted": false,
            "is_ultra_restricted": false
        },
        "attachments": [
            {
                "title": "Ubuntu 19.04 (Disco Dingo)",
                "title_link": "http:\/\/releases.ubuntu.com\/19.04\/",
                "text": "CD images for Ubuntu 19.04 (Disco Dingo)",
                "fallback": "Ubuntu 19.04 (Disco Dingo)",
                "from_url": "http:\/\/releases.ubuntu.com\/19.04\/",
                "service_icon": "http:\/\/releases.ubuntu.com\/favicon.ico",
                "service_name": "releases.ubuntu.com",
                "id": 1,
                "original_url": "http:\/\/releases.ubuntu.com\/19.04\/"
            }
        ]
    },
    {
        "client_msg_id": "58D86BA8-7792-4300-B233-9AD8E51AAA0C",
        "type": "message",
        "text": "Necesitamos descubrir cómo hacer que git guarde los ficheros apuntados por los symlinks y no los symlinks en si",
        "user": "UJN8D8U3B",
        "ts": "1559228435.019600",
        "team": "TJH5YU202",
        "user_team": "TJH5YU202",
        "source_team": "TJH5YU202",
        "user_profile": {
            "avatar_hash": "g92ad2abcc45",
            "image_72": "https:\/\/secure.gravatar.com\/avatar\/8492ad2abcc45ce53969adcf8420acde.jpg?s=72&d=https%3A%2F%2Fa.slack-edge.com%2F80588%2Fimg%2Favatars%2Fuser_shapes%2Fava_0008-72.png",
            "first_name": "",
            "real_name": "Antonio Linares",
            "display_name": "Antonio Linares",
            "team": "TJH5YU202",
            "name": "alinares",
            "is_restricted": false,
            "is_ultra_restricted": false
        }
    },
    {
        "client_msg_id": "093c85ab-a826-4dd9-8faa-87be293fe2eb",
        "type": "message",
        "text": "Y has probado un git add &lt;path\/*.*&gt; ?",
        "user": "UJWR5N32S",
        "ts": "1559229592.020200",
        "team": "TJH5YU202",
        "user_team": "TJH5YU202",
        "source_team": "TJH5YU202",
        "user_profile": {
            "avatar_hash": "273d3745f7ae",
            "image_72": "https:\/\/avatars.slack-edge.com\/2019-05-20\/634344238497_273d3745f7ae1b176b82_72.jpg",
            "first_name": "Charly",
            "real_name": "Charly",
            "display_name": "Charly",
            "team": "TJH5YU202",
            "name": "carles9000",
            "is_restricted": false,
            "is_ultra_restricted": false
        }
    },
    {
        "client_msg_id": "ccb80951-6f35-4bf2-8406-883dcf223147",
        "type": "message",
        "text": "no lo he probado",
        "user": "UJWR5N32S",
        "ts": "1559229599.020400",
        "team": "TJH5YU202",
        "user_team": "TJH5YU202",
        "source_team": "TJH5YU202",
        "user_profile": {
            "avatar_hash": "273d3745f7ae",
            "image_72": "https:\/\/avatars.slack-edge.com\/2019-05-20\/634344238497_273d3745f7ae1b176b82_72.jpg",
            "first_name": "Charly",
            "real_name": "Charly",
            "display_name": "Charly",
            "team": "TJH5YU202",
            "name": "carles9000",
            "is_restricted": false,
            "is_ultra_restricted": false
        }
    },
    {
        "client_msg_id": "d1ee045f-7435-4f0d-829e-014a1b084fbc",
        "type": "message",
        "text": "He instalado Ubuntu 19.04 server, en VirtualMachine \"VirtualBox\"... y instalado el mod_harbour\nDe momento, funciona localhost... me falta poner a funcionar los samples. Ahora lo dejo un rato.",
        "user": "UJU3NMK0U",
        "ts": "1559230238.021800",
        "team": "TJH5YU202",
        "user_team": "TJH5YU202",
        "source_team": "TJH5YU202",
        "user_profile": {
            "avatar_hash": "48f1b9655122",
            "image_72": "https:\/\/avatars.slack-edge.com\/2019-05-20\/640143784356_48f1b96551220d9fdd4d_72.jpg",
            "first_name": "Xevi",
            "real_name": "Xevi",
            "display_name": "Xevi",
            "team": "TJH5YU202",
            "name": "xevicomas",
            "is_restricted": false,
            "is_ultra_restricted": false
        }
    },
    {
        "client_msg_id": "c397dc09-e028-423c-ad75-7cc36be92583",
        "type": "message",
        "text": "no me funciona localhost\/test.prg",
        "user": "UJU3NMK0U",
        "ts": "1559230601.022200",
        "team": "TJH5YU202",
        "user_team": "TJH5YU202",
        "source_team": "TJH5YU202",
        "user_profile": {
            "avatar_hash": "48f1b9655122",
            "image_72": "https:\/\/avatars.slack-edge.com\/2019-05-20\/640143784356_48f1b96551220d9fdd4d_72.jpg",
            "first_name": "Xevi",
            "real_name": "Xevi",
            "display_name": "Xevi",
            "team": "TJH5YU202",
            "name": "xevicomas",
            "is_restricted": false,
            "is_ultra_restricted": false
        }
    },
    {
        "client_msg_id": "7415f288-677e-470b-a76a-2af46def3e2b",
        "type": "message",
        "text": "Xevi, cuando lo tengas, crea Notas del slack y lo compartes. Funciona bien",
        "user": "UJWR5N32S",
        "ts": "1559230624.022600",
        "team": "TJH5YU202",
        "user_team": "TJH5YU202",
        "source_team": "TJH5YU202",
        "user_profile": {
            "avatar_hash": "273d3745f7ae",
            "image_72": "https:\/\/avatars.slack-edge.com\/2019-05-20\/634344238497_273d3745f7ae1b176b82_72.jpg",
            "first_name": "Charly",
            "real_name": "Charly",
            "display_name": "Charly",
            "team": "TJH5YU202",
            "name": "carles9000",
            "is_restricted": false,
            "is_ultra_restricted": false
        }
    },
    {
        "client_msg_id": "d7aaf587-00bf-4a53-bdf3-cd6cb3cd7be2",
        "type": "message",
        "text": "Xevi, es Ubuntu 19.04 en una máquina virtual vSphere 6.5",
        "user": "UJK7SNX51",
        "ts": "1559237644.023300",
        "team": "TJH5YU202",
        "user_team": "TJH5YU202",
        "source_team": "TJH5YU202",
        "user_profile": {
            "avatar_hash": "6698a9ba696b",
            "image_72": "https:\/\/avatars.slack-edge.com\/2019-07-04\/673660529330_6698a9ba696bad01eb8c_72.jpg",
            "first_name": "Baxajaun",
            "real_name": "Baxajaun",
            "display_name": "Baxajaun",
            "team": "TJH5YU202",
            "name": "fpgrande",
            "is_restricted": false,
            "is_ultra_restricted": false
        }
    },
    {
        "client_msg_id": "327fc4f5-2db9-4027-906f-ae5267fce6a9",
        "type": "message",
        "text": "Xevi, si te has descargado lo último del mod en la carpeta Ubuntu 19.04 hay unos ficheros con las modificaciones que he hecho.",
        "user": "UJK7SNX51",
        "ts": "1559237694.024300",
        "team": "TJH5YU202",
        "user_team": "TJH5YU202",
        "source_team": "TJH5YU202",
        "user_profile": {
            "avatar_hash": "6698a9ba696b",
            "image_72": "https:\/\/avatars.slack-edge.com\/2019-07-04\/673660529330_6698a9ba696bad01eb8c_72.jpg",
            "first_name": "Baxajaun",
            "real_name": "Baxajaun",
            "display_name": "Baxajaun",
            "team": "TJH5YU202",
            "name": "fpgrande",
            "is_restricted": false,
            "is_ultra_restricted": false
        }
    },
    {
        "client_msg_id": "cf0f3e63-d43e-4b72-8838-91a754077102",
        "type": "message",
        "text": "Carles, estoy utilizando slack web, se pueden crear las notas en él ? Todas la modificaciones que voy haciendo en las distintas distros Linux, las estoy añadiendo como ficheros .md en los respectivos directorios de las distros en el mod.",
        "user": "UJK7SNX51",
        "ts": "1559237963.026300",
        "team": "TJH5YU202",
        "user_team": "TJH5YU202",
        "source_team": "TJH5YU202",
        "user_profile": {
            "avatar_hash": "6698a9ba696b",
            "image_72": "https:\/\/avatars.slack-edge.com\/2019-07-04\/673660529330_6698a9ba696bad01eb8c_72.jpg",
            "first_name": "Baxajaun",
            "real_name": "Baxajaun",
            "display_name": "Baxajaun",
            "team": "TJH5YU202",
            "name": "fpgrande",
            "is_restricted": false,
            "is_ultra_restricted": false
        }
    },
    {
        "client_msg_id": "09fa648f-a2f7-496d-8945-677a66e33bf5",
        "type": "message",
        "text": "Ya he visto que si se pueden poner notas. Mañana paso los ficheros .md a notas de slack",
        "user": "UJK7SNX51",
        "ts": "1559238156.027100",
        "team": "TJH5YU202",
        "user_team": "TJH5YU202",
        "source_team": "TJH5YU202",
        "user_profile": {
            "avatar_hash": "6698a9ba696b",
            "image_72": "https:\/\/avatars.slack-edge.com\/2019-07-04\/673660529330_6698a9ba696bad01eb8c_72.jpg",
            "first_name": "Baxajaun",
            "real_name": "Baxajaun",
            "display_name": "Baxajaun",
            "team": "TJH5YU202",
            "name": "fpgrande",
            "is_restricted": false,
            "is_ultra_restricted": false
        }
    },
    {
        "client_msg_id": "c0648e2b-c3f5-4da3-a9d8-aee7d968d452",
        "type": "message",
        "text": "Felix, son notas simples pero bueno, van bien para segun que recordatorios y lo puedes compartir bien con el grupo",
        "user": "UJWR5N32S",
        "ts": "1559239824.027900",
        "team": "TJH5YU202",
        "user_team": "TJH5YU202",
        "source_team": "TJH5YU202",
        "user_profile": {
            "avatar_hash": "273d3745f7ae",
            "image_72": "https:\/\/avatars.slack-edge.com\/2019-05-20\/634344238497_273d3745f7ae1b176b82_72.jpg",
            "first_name": "Charly",
            "real_name": "Charly",
            "display_name": "Charly",
            "team": "TJH5YU202",
            "name": "carles9000",
            "is_restricted": false,
            "is_ultra_restricted": false
        }
    },
    {
        "client_msg_id": "10066624-e657-42d3-8a6b-007d65a5c62f",
        "type": "message",
        "text": "Como va ? Como ves al bicho ?",
        "user": "UJWR5N32S",
        "ts": "1559239844.028200",
        "team": "TJH5YU202",
        "user_team": "TJH5YU202",
        "source_team": "TJH5YU202",
        "user_profile": {
            "avatar_hash": "273d3745f7ae",
            "image_72": "https:\/\/avatars.slack-edge.com\/2019-05-20\/634344238497_273d3745f7ae1b176b82_72.jpg",
            "first_name": "Charly",
            "real_name": "Charly",
            "display_name": "Charly",
            "team": "TJH5YU202",
            "name": "carles9000",
            "is_restricted": false,
            "is_ultra_restricted": false
        }
    },
    {
        "client_msg_id": "EF825A4B-CFEB-47D9-B6BC-5061277BCAA6",
        "type": "message",
        "text": "Charly, Felix necesitamos una idea feliz para solucionar symlinks con git :blush:",
        "user": "UJN8D8U3B",
        "ts": "1559239889.029500",
        "team": "TJH5YU202",
        "user_team": "TJH5YU202",
        "source_team": "TJH5YU202",
        "user_profile": {
            "avatar_hash": "g92ad2abcc45",
            "image_72": "https:\/\/secure.gravatar.com\/avatar\/8492ad2abcc45ce53969adcf8420acde.jpg?s=72&d=https%3A%2F%2Fa.slack-edge.com%2F80588%2Fimg%2Favatars%2Fuser_shapes%2Fava_0008-72.png",
            "first_name": "",
            "real_name": "Antonio Linares",
            "display_name": "Antonio Linares",
            "team": "TJH5YU202",
            "name": "alinares",
            "is_restricted": false,
            "is_ultra_restricted": false
        }
    },
    {
        "client_msg_id": "1797c6a4-b8a3-45ba-becd-628a6da3faab",
        "type": "message",
        "text": "Boton de arriba derecha, puedes ver tus notas en archivos. Y asi las tienes guardaditas :wink:",
        "user": "UJWR5N32S",
        "ts": "1559239918.030100",
        "team": "TJH5YU202",
        "user_team": "TJH5YU202",
        "source_team": "TJH5YU202",
        "user_profile": {
            "avatar_hash": "273d3745f7ae",
            "image_72": "https:\/\/avatars.slack-edge.com\/2019-05-20\/634344238497_273d3745f7ae1b176b82_72.jpg",
            "first_name": "Charly",
            "real_name": "Charly",
            "display_name": "Charly",
            "team": "TJH5YU202",
            "name": "carles9000",
            "is_restricted": false,
            "is_ultra_restricted": false
        }
    },
    {
        "client_msg_id": "47743b35-c991-465e-b1a6-be66016f0cc4",
        "type": "message",
        "text": "Antonio has probado lo del git add &lt;path&gt; ?",
        "user": "UJWR5N32S",
        "ts": "1559239938.030600",
        "team": "TJH5YU202",
        "user_team": "TJH5YU202",
        "source_team": "TJH5YU202",
        "user_profile": {
            "avatar_hash": "273d3745f7ae",
            "image_72": "https:\/\/avatars.slack-edge.com\/2019-05-20\/634344238497_273d3745f7ae1b176b82_72.jpg",
            "first_name": "Charly",
            "real_name": "Charly",
            "display_name": "Charly",
            "team": "TJH5YU202",
            "name": "carles9000",
            "is_restricted": false,
            "is_ultra_restricted": false
        }
    },
    {
        "client_msg_id": "56C0F8DB-F9EC-4BD4-B727-E4914F891C51",
        "type": "message",
        "text": "Aún no",
        "user": "UJN8D8U3B",
        "ts": "1559239948.030800",
        "team": "TJH5YU202",
        "user_team": "TJH5YU202",
        "source_team": "TJH5YU202",
        "user_profile": {
            "avatar_hash": "g92ad2abcc45",
            "image_72": "https:\/\/secure.gravatar.com\/avatar\/8492ad2abcc45ce53969adcf8420acde.jpg?s=72&d=https%3A%2F%2Fa.slack-edge.com%2F80588%2Fimg%2Favatars%2Fuser_shapes%2Fava_0008-72.png",
            "first_name": "",
            "real_name": "Antonio Linares",
            "display_name": "Antonio Linares",
            "team": "TJH5YU202",
            "name": "alinares",
            "is_restricted": false,
            "is_ultra_restricted": false
        }
    },
    {
        "client_msg_id": "655543b0-8691-4555-a157-d58d5cdb6482",
        "type": "message",
        "text": "Claro, tanta islita...",
        "user": "UJWR5N32S",
        "ts": "1559239961.031100",
        "team": "TJH5YU202",
        "user_team": "TJH5YU202",
        "source_team": "TJH5YU202",
        "user_profile": {
            "avatar_hash": "273d3745f7ae",
            "image_72": "https:\/\/avatars.slack-edge.com\/2019-05-20\/634344238497_273d3745f7ae1b176b82_72.jpg",
            "first_name": "Charly",
            "real_name": "Charly",
            "display_name": "Charly",
            "team": "TJH5YU202",
            "name": "carles9000",
            "is_restricted": false,
            "is_ultra_restricted": false
        }
    },
    {
        "client_msg_id": "0c5d3808-a679-4fdc-bcdc-716d740f1fd8",
        "type": "message",
        "text": ":stuck_out_tongue:",
        "user": "UJWR5N32S",
        "ts": "1559239963.031300",
        "team": "TJH5YU202",
        "user_team": "TJH5YU202",
        "source_team": "TJH5YU202",
        "user_profile": {
            "avatar_hash": "273d3745f7ae",
            "image_72": "https:\/\/avatars.slack-edge.com\/2019-05-20\/634344238497_273d3745f7ae1b176b82_72.jpg",
            "first_name": "Charly",
            "real_name": "Charly",
            "display_name": "Charly",
            "team": "TJH5YU202",
            "name": "carles9000",
            "is_restricted": false,
            "is_ultra_restricted": false
        }
    },
    {
        "client_msg_id": "9790BA0F-E664-4B65-986C-3AF1F599C037",
        "type": "message",
        "text": "Mañana ya regreso...",
        "user": "UJN8D8U3B",
        "ts": "1559239977.031800",
        "team": "TJH5YU202",
        "user_team": "TJH5YU202",
        "source_team": "TJH5YU202",
        "user_profile": {
            "avatar_hash": "g92ad2abcc45",
            "image_72": "https:\/\/secure.gravatar.com\/avatar\/8492ad2abcc45ce53969adcf8420acde.jpg?s=72&d=https%3A%2F%2Fa.slack-edge.com%2F80588%2Fimg%2Favatars%2Fuser_shapes%2Fava_0008-72.png",
            "first_name": "",
            "real_name": "Antonio Linares",
            "display_name": "Antonio Linares",
            "team": "TJH5YU202",
            "name": "alinares",
            "is_restricted": false,
            "is_ultra_restricted": false
        }
    },
    {
        "client_msg_id": "4AAA900B-FB8C-49C9-A19F-7EB0639B7AE4",
        "type": "message",
        "text": "Me levanto a las 4 para coger el avión :grimacing:",
        "user": "UJN8D8U3B",
        "ts": "1559239994.032400",
        "team": "TJH5YU202",
        "user_team": "TJH5YU202",
        "source_team": "TJH5YU202",
        "user_profile": {
            "avatar_hash": "g92ad2abcc45",
            "image_72": "https:\/\/secure.gravatar.com\/avatar\/8492ad2abcc45ce53969adcf8420acde.jpg?s=72&d=https%3A%2F%2Fa.slack-edge.com%2F80588%2Fimg%2Favatars%2Fuser_shapes%2Fava_0008-72.png",
            "first_name": "",
            "real_name": "Antonio Linares",
            "display_name": "Antonio Linares",
            "team": "TJH5YU202",
            "name": "alinares",
            "is_restricted": false,
            "is_ultra_restricted": false
        }
    },
    {
        "client_msg_id": "8530cb6a-b358-4758-9c75-1a5de1ee09c5",
        "type": "message",
        "text": "kjue",
        "user": "UJWR5N32S",
        "ts": "1559239999.032600",
        "team": "TJH5YU202",
        "user_team": "TJH5YU202",
        "source_team": "TJH5YU202",
        "user_profile": {
            "avatar_hash": "273d3745f7ae",
            "image_72": "https:\/\/avatars.slack-edge.com\/2019-05-20\/634344238497_273d3745f7ae1b176b82_72.jpg",
            "first_name": "Charly",
            "real_name": "Charly",
            "display_name": "Charly",
            "team": "TJH5YU202",
            "name": "carles9000",
            "is_restricted": false,
            "is_ultra_restricted": false
        }
    },
    {
        "client_msg_id": "e385b249-b9d3-47f6-bb53-dbf7c73d8750",
        "type": "message",
        "text": "jue",
        "user": "UJWR5N32S",
        "ts": "1559240001.032800",
        "team": "TJH5YU202",
        "user_team": "TJH5YU202",
        "source_team": "TJH5YU202",
        "user_profile": {
            "avatar_hash": "273d3745f7ae",
            "image_72": "https:\/\/avatars.slack-edge.com\/2019-05-20\/634344238497_273d3745f7ae1b176b82_72.jpg",
            "first_name": "Charly",
            "real_name": "Charly",
            "display_name": "Charly",
            "team": "TJH5YU202",
            "name": "carles9000",
            "is_restricted": false,
            "is_ultra_restricted": false
        }
    },
    {
        "client_msg_id": "363be56e-382e-4c55-9dda-a1d2cc86689a",
        "type": "message",
        "text": "Bueno, te habra sentado bien, seguro",
        "user": "UJWR5N32S",
        "ts": "1559240022.033500",
        "team": "TJH5YU202",
        "user_team": "TJH5YU202",
        "source_team": "TJH5YU202",
        "user_profile": {
            "avatar_hash": "273d3745f7ae",
            "image_72": "https:\/\/avatars.slack-edge.com\/2019-05-20\/634344238497_273d3745f7ae1b176b82_72.jpg",
            "first_name": "Charly",
            "real_name": "Charly",
            "display_name": "Charly",
            "team": "TJH5YU202",
            "name": "carles9000",
            "is_restricted": false,
            "is_ultra_restricted": false
        }
    },
    {
        "client_msg_id": "D2640415-DB8D-4ACC-8254-9276C33E763F",
        "type": "message",
        "text": "Y no paro de darle vueltas a los symlinks",
        "user": "UJN8D8U3B",
        "ts": "1559240026.033700",
        "team": "TJH5YU202",
        "user_team": "TJH5YU202",
        "source_team": "TJH5YU202",
        "user_profile": {
            "avatar_hash": "g92ad2abcc45",
            "image_72": "https:\/\/secure.gravatar.com\/avatar\/8492ad2abcc45ce53969adcf8420acde.jpg?s=72&d=https%3A%2F%2Fa.slack-edge.com%2F80588%2Fimg%2Favatars%2Fuser_shapes%2Fava_0008-72.png",
            "first_name": "",
            "real_name": "Antonio Linares",
            "display_name": "Antonio Linares",
            "team": "TJH5YU202",
            "name": "alinares",
            "is_restricted": false,
            "is_ultra_restricted": false
        }
    },
    {
        "client_msg_id": "46c1081d-ccba-4251-a6b8-dc89e59108ed",
        "type": "message",
        "text": "q envidia tio",
        "user": "UJWR5N32S",
        "ts": "1559240029.033800",
        "team": "TJH5YU202",
        "user_team": "TJH5YU202",
        "source_team": "TJH5YU202",
        "user_profile": {
            "avatar_hash": "273d3745f7ae",
            "image_72": "https:\/\/avatars.slack-edge.com\/2019-05-20\/634344238497_273d3745f7ae1b176b82_72.jpg",
            "first_name": "Charly",
            "real_name": "Charly",
            "display_name": "Charly",
            "team": "TJH5YU202",
            "name": "carles9000",
            "is_restricted": false,
            "is_ultra_restricted": false
        }
    },
    {
        "client_msg_id": "8E3B90A0-A7BC-4CAD-85A2-FB9D90F5DD5B",
        "type": "message",
        "text": "También tengo bastante claro cómo hacer los plugins ",
        "user": "UJN8D8U3B",
        "ts": "1559240047.034500",
        "team": "TJH5YU202",
        "user_team": "TJH5YU202",
        "source_team": "TJH5YU202",
        "user_profile": {
            "avatar_hash": "g92ad2abcc45",
            "image_72": "https:\/\/secure.gravatar.com\/avatar\/8492ad2abcc45ce53969adcf8420acde.jpg?s=72&d=https%3A%2F%2Fa.slack-edge.com%2F80588%2Fimg%2Favatars%2Fuser_shapes%2Fava_0008-72.png",
            "first_name": "",
            "real_name": "Antonio Linares",
            "display_name": "Antonio Linares",
            "team": "TJH5YU202",
            "name": "alinares",
            "is_restricted": false,
            "is_ultra_restricted": false
        }
    },
    {
        "client_msg_id": "d4a015cd-c624-43cd-a538-8d96bb9a5460",
        "type": "message",
        "text": "Aqui esta una de las claves del sistema",
        "user": "UJWR5N32S",
        "ts": "1559240062.034800",
        "team": "TJH5YU202",
        "user_team": "TJH5YU202",
        "source_team": "TJH5YU202",
        "user_profile": {
            "avatar_hash": "273d3745f7ae",
            "image_72": "https:\/\/avatars.slack-edge.com\/2019-05-20\/634344238497_273d3745f7ae1b176b82_72.jpg",
            "first_name": "Charly",
            "real_name": "Charly",
            "display_name": "Charly",
            "team": "TJH5YU202",
            "name": "carles9000",
            "is_restricted": false,
            "is_ultra_restricted": false
        }
    },
    {
        "client_msg_id": "77813DF8-9E00-44A9-A4E2-14B705CBBD1D",
        "type": "message",
        "text": "Si",
        "user": "UJN8D8U3B",
        "ts": "1559240066.035000",
        "team": "TJH5YU202",
        "user_team": "TJH5YU202",
        "source_team": "TJH5YU202",
        "user_profile": {
            "avatar_hash": "g92ad2abcc45",
            "image_72": "https:\/\/secure.gravatar.com\/avatar\/8492ad2abcc45ce53969adcf8420acde.jpg?s=72&d=https%3A%2F%2Fa.slack-edge.com%2F80588%2Fimg%2Favatars%2Fuser_shapes%2Fava_0008-72.png",
            "first_name": "",
            "real_name": "Antonio Linares",
            "display_name": "Antonio Linares",
            "team": "TJH5YU202",
            "name": "alinares",
            "is_restricted": false,
            "is_ultra_restricted": false
        }
    },
    {
        "client_msg_id": "51773281-1C68-4073-A08A-1B08CC8F7880",
        "type": "message",
        "text": "Va a quedar muy bien",
        "user": "UJN8D8U3B",
        "ts": "1559240076.035300",
        "team": "TJH5YU202",
        "user_team": "TJH5YU202",
        "source_team": "TJH5YU202",
        "user_profile": {
            "avatar_hash": "g92ad2abcc45",
            "image_72": "https:\/\/secure.gravatar.com\/avatar\/8492ad2abcc45ce53969adcf8420acde.jpg?s=72&d=https%3A%2F%2Fa.slack-edge.com%2F80588%2Fimg%2Favatars%2Fuser_shapes%2Fava_0008-72.png",
            "first_name": "",
            "real_name": "Antonio Linares",
            "display_name": "Antonio Linares",
            "team": "TJH5YU202",
            "name": "alinares",
            "is_restricted": false,
            "is_ultra_restricted": false
        }
    },
    {
        "client_msg_id": "56b9a6de-8b95-41e8-9101-a1608edafd66",
        "type": "message",
        "text": "Yo esta tarde he empezado un ejemplo, para seguir probando las posibles manera de trabajar y para ver si soporta cargas de libs,etc,...",
        "user": "UJWR5N32S",
        "ts": "1559240131.036300",
        "team": "TJH5YU202",
        "user_team": "TJH5YU202",
        "source_team": "TJH5YU202",
        "user_profile": {
            "avatar_hash": "273d3745f7ae",
            "image_72": "https:\/\/avatars.slack-edge.com\/2019-05-20\/634344238497_273d3745f7ae1b176b82_72.jpg",
            "first_name": "Charly",
            "real_name": "Charly",
            "display_name": "Charly",
            "team": "TJH5YU202",
            "name": "carles9000",
            "is_restricted": false,
            "is_ultra_restricted": false
        }
    },
    {
        "client_msg_id": "4b968f8e-cb21-4825-b86f-d5941ad086f1",
        "type": "message",
        "text": "De momento...aguanta",
        "user": "UJWR5N32S",
        "ts": "1559240141.036600",
        "team": "TJH5YU202",
        "user_team": "TJH5YU202",
        "source_team": "TJH5YU202",
        "user_profile": {
            "avatar_hash": "273d3745f7ae",
            "image_72": "https:\/\/avatars.slack-edge.com\/2019-05-20\/634344238497_273d3745f7ae1b176b82_72.jpg",
            "first_name": "Charly",
            "real_name": "Charly",
            "display_name": "Charly",
            "team": "TJH5YU202",
            "name": "carles9000",
            "is_restricted": false,
            "is_ultra_restricted": false
        }
    },
    {
        "client_msg_id": "7f208791-8fbc-444d-aec9-0c749cc2b653",
        "type": "message",
        "text": "jajaja",
        "user": "UJWR5N32S",
        "ts": "1559240143.036800",
        "team": "TJH5YU202",
        "user_team": "TJH5YU202",
        "source_team": "TJH5YU202",
        "user_profile": {
            "avatar_hash": "273d3745f7ae",
            "image_72": "https:\/\/avatars.slack-edge.com\/2019-05-20\/634344238497_273d3745f7ae1b176b82_72.jpg",
            "first_name": "Charly",
            "real_name": "Charly",
            "display_name": "Charly",
            "team": "TJH5YU202",
            "name": "carles9000",
            "is_restricted": false,
            "is_ultra_restricted": false
        }
    },
    {
        "client_msg_id": "BAB8C0C3-C683-47C8-8475-301D658AD54A",
        "type": "message",
        "text": ":ok_hand::skin-tone-2::blush:",
        "user": "UJN8D8U3B",
        "ts": "1559240164.037400",
        "team": "TJH5YU202",
        "user_team": "TJH5YU202",
        "source_team": "TJH5YU202",
        "user_profile": {
            "avatar_hash": "g92ad2abcc45",
            "image_72": "https:\/\/secure.gravatar.com\/avatar\/8492ad2abcc45ce53969adcf8420acde.jpg?s=72&d=https%3A%2F%2Fa.slack-edge.com%2F80588%2Fimg%2Favatars%2Fuser_shapes%2Fava_0008-72.png",
            "first_name": "",
            "real_name": "Antonio Linares",
            "display_name": "Antonio Linares",
            "team": "TJH5YU202",
            "name": "alinares",
            "is_restricted": false,
            "is_ultra_restricted": false
        }
    },
    {
        "client_msg_id": "346f0918-7dbe-4393-a3e7-c35682f5bc0d",
        "type": "message",
        "text": "Mañana tengo comidad de dpt. y no se si estare en condiciones, pero sino sabado a ver si acaba las 4 tomnterias y os lo enseño",
        "user": "UJWR5N32S",
        "ts": "1559240182.037800",
        "team": "TJH5YU202",
        "user_team": "TJH5YU202",
        "source_team": "TJH5YU202",
        "user_profile": {
            "avatar_hash": "273d3745f7ae",
            "image_72": "https:\/\/avatars.slack-edge.com\/2019-05-20\/634344238497_273d3745f7ae1b176b82_72.jpg",
            "first_name": "Charly",
            "real_name": "Charly",
            "display_name": "Charly",
            "team": "TJH5YU202",
            "name": "carles9000",
            "is_restricted": false,
            "is_ultra_restricted": false
        }
    },
    {
        "client_msg_id": "af23ba58-5493-4076-8d75-1c1fbb19addb",
        "type": "message",
        "text": "hay muchas tecnicas de programar en la web, cada cual la suya, y hasta que no vas probando no sabes como reaccionara...",
        "user": "UJWR5N32S",
        "ts": "1559240226.038400",
        "team": "TJH5YU202",
        "user_team": "TJH5YU202",
        "source_team": "TJH5YU202",
        "user_profile": {
            "avatar_hash": "273d3745f7ae",
            "image_72": "https:\/\/avatars.slack-edge.com\/2019-05-20\/634344238497_273d3745f7ae1b176b82_72.jpg",
            "first_name": "Charly",
            "real_name": "Charly",
            "display_name": "Charly",
            "team": "TJH5YU202",
            "name": "carles9000",
            "is_restricted": false,
            "is_ultra_restricted": false
        }
    },
    {
        "client_msg_id": "08916c6c-408d-46a8-a963-a78ba28d9766",
        "type": "message",
        "text": "pero hiremos madurando conceptos y escalando",
        "user": "UJWR5N32S",
        "ts": "1559240238.038700",
        "team": "TJH5YU202",
        "user_team": "TJH5YU202",
        "source_team": "TJH5YU202",
        "user_profile": {
            "avatar_hash": "273d3745f7ae",
            "image_72": "https:\/\/avatars.slack-edge.com\/2019-05-20\/634344238497_273d3745f7ae1b176b82_72.jpg",
            "first_name": "Charly",
            "real_name": "Charly",
            "display_name": "Charly",
            "team": "TJH5YU202",
            "name": "carles9000",
            "is_restricted": false,
            "is_ultra_restricted": false
        }
    },
    {
        "client_msg_id": "f930cf3c-4bbc-44b4-88e4-c0efd8118278",
        "type": "message",
        "text": "iremos !",
        "user": "UJWR5N32S",
        "ts": "1559240254.038900",
        "team": "TJH5YU202",
        "user_team": "TJH5YU202",
        "source_team": "TJH5YU202",
        "user_profile": {
            "avatar_hash": "273d3745f7ae",
            "image_72": "https:\/\/avatars.slack-edge.com\/2019-05-20\/634344238497_273d3745f7ae1b176b82_72.jpg",
            "first_name": "Charly",
            "real_name": "Charly",
            "display_name": "Charly",
            "team": "TJH5YU202",
            "name": "carles9000",
            "is_restricted": false,
            "is_ultra_restricted": false
        }
    },
    {
        "client_msg_id": "7d786e1a-b7fa-42a2-8a5b-6af98d597586",
        "type": "message",
        "text": "por cierto...",
        "user": "UJWR5N32S",
        "ts": "1559240266.039100",
        "team": "TJH5YU202",
        "user_team": "TJH5YU202",
        "source_team": "TJH5YU202",
        "user_profile": {
            "avatar_hash": "273d3745f7ae",
            "image_72": "https:\/\/avatars.slack-edge.com\/2019-05-20\/634344238497_273d3745f7ae1b176b82_72.jpg",
            "first_name": "Charly",
            "real_name": "Charly",
            "display_name": "Charly",
            "team": "TJH5YU202",
            "name": "carles9000",
            "is_restricted": false,
            "is_ultra_restricted": false
        }
    },
    {
        "client_msg_id": "bd4a874e-9cda-46b4-92e8-9f9e3e44e441",
        "type": "message",
        "text": "necesitamos un tema mas para ir acabando la base http",
        "user": "UJWR5N32S",
        "ts": "1559240290.039600",
        "team": "TJH5YU202",
        "user_team": "TJH5YU202",
        "source_team": "TJH5YU202",
        "user_profile": {
            "avatar_hash": "273d3745f7ae",
            "image_72": "https:\/\/avatars.slack-edge.com\/2019-05-20\/634344238497_273d3745f7ae1b176b82_72.jpg",
            "first_name": "Charly",
            "real_name": "Charly",
            "display_name": "Charly",
            "team": "TJH5YU202",
            "name": "carles9000",
            "is_restricted": false,
            "is_ultra_restricted": false
        }
    },
    {
        "client_msg_id": "a7720149-f6ba-440e-a386-d16ef345db27",
        "type": "message",
        "text": "me parece que Carlos ya lo comento por aqui, voy a ver y si no lo busco",
        "user": "UJWR5N32S",
        "ts": "1559240314.040100",
        "team": "TJH5YU202",
        "user_team": "TJH5YU202",
        "source_team": "TJH5YU202",
        "user_profile": {
            "avatar_hash": "273d3745f7ae",
            "image_72": "https:\/\/avatars.slack-edge.com\/2019-05-20\/634344238497_273d3745f7ae1b176b82_72.jpg",
            "first_name": "Charly",
            "real_name": "Charly",
            "display_name": "Charly",
            "team": "TJH5YU202",
            "name": "carles9000",
            "is_restricted": false,
            "is_ultra_restricted": false
        }
    },
    {
        "client_msg_id": "36bda1e4-6979-45aa-8dac-546e8fbfbcd2",
        "type": "message",
        "text": "espera..",
        "user": "UJWR5N32S",
        "ts": "1559240316.040400",
        "team": "TJH5YU202",
        "user_team": "TJH5YU202",
        "source_team": "TJH5YU202",
        "user_profile": {
            "avatar_hash": "273d3745f7ae",
            "image_72": "https:\/\/avatars.slack-edge.com\/2019-05-20\/634344238497_273d3745f7ae1b176b82_72.jpg",
            "first_name": "Charly",
            "real_name": "Charly",
            "display_name": "Charly",
            "team": "TJH5YU202",
            "name": "carles9000",
            "is_restricted": false,
            "is_ultra_restricted": false
        }
    },
    {
        "client_msg_id": "C7994206-BF45-4F4C-956C-25ABE40D0804",
        "type": "message",
        "text": "Ok",
        "user": "UJN8D8U3B",
        "ts": "1559240325.040600",
        "team": "TJH5YU202",
        "user_team": "TJH5YU202",
        "source_team": "TJH5YU202",
        "user_profile": {
            "avatar_hash": "g92ad2abcc45",
            "image_72": "https:\/\/secure.gravatar.com\/avatar\/8492ad2abcc45ce53969adcf8420acde.jpg?s=72&d=https%3A%2F%2Fa.slack-edge.com%2F80588%2Fimg%2Favatars%2Fuser_shapes%2Fava_0008-72.png",
            "first_name": "",
            "real_name": "Antonio Linares",
            "display_name": "Antonio Linares",
            "team": "TJH5YU202",
            "name": "alinares",
            "is_restricted": false,
            "is_ultra_restricted": false
        }
    },
    {
        "type": "message",
        "text": "",
        "files": [
            {
                "id": "FK4NZJPLY",
                "created": 1559240418,
                "timestamp": 1559240418,
                "name": "-.txt",
                "title": "Sin título",
                "mimetype": "text\/plain",
                "filetype": "text",
                "pretty_type": "Plain Text",
                "user": "UJWR5N32S",
                "editable": true,
                "size": 481,
                "mode": "snippet",
                "is_external": false,
                "external_type": "",
                "is_public": true,
                "public_url_shared": false,
                "display_as_bot": false,
                "username": "",
                "url_private": "https:\/\/files.slack.com\/files-pri\/TJH5YU202-FK4NZJPLY\/-.txt?t=xoxe-629202954002-776688371669-763909703378-01ffaa4c4eeda75ea92ad255b32a04e5",
                "url_private_download": "https:\/\/files.slack.com\/files-pri\/TJH5YU202-FK4NZJPLY\/download\/-.txt?t=xoxe-629202954002-776688371669-763909703378-01ffaa4c4eeda75ea92ad255b32a04e5",
                "permalink": "https:\/\/harbourproject.slack.com\/files\/UJWR5N32S\/FK4NZJPLY\/-.txt",
                "permalink_public": "https:\/\/slack-files.com\/TJH5YU202-FK4NZJPLY-d94679404f",
                "edit_link": "https:\/\/harbourproject.slack.com\/files\/UJWR5N32S\/FK4NZJPLY\/-.txt\/edit",
                "is_starred": false,
                "has_rich_preview": false
            }
        ],
        "upload": true,
        "user": "UJWR5N32S",
        "display_as_bot": false,
        "ts": "1559240418.040700"
    },
    {
        "client_msg_id": "1ef0acb8-b403-450d-9310-e88c2b251efa",
        "type": "message",
        "text": "Este punto es importante tambien.",
        "user": "UJWR5N32S",
        "ts": "1559240439.041500",
        "team": "TJH5YU202",
        "user_team": "TJH5YU202",
        "source_team": "TJH5YU202",
        "user_profile": {
            "avatar_hash": "273d3745f7ae",
            "image_72": "https:\/\/avatars.slack-edge.com\/2019-05-20\/634344238497_273d3745f7ae1b176b82_72.jpg",
            "first_name": "Charly",
            "real_name": "Charly",
            "display_name": "Charly",
            "team": "TJH5YU202",
            "name": "carles9000",
            "is_restricted": false,
            "is_ultra_restricted": false
        }
    },
    {
        "client_msg_id": "1cd19bc0-799b-4bd9-b4e9-b4d8b9d27e3a",
        "type": "message",
        "text": "Aqui tenemos tema -&gt;  <http:\/\/httpd.apache.org\/docs\/current\/mod\/mod_cgi.html>",
        "user": "UJWR5N32S",
        "ts": "1559240462.041800",
        "team": "TJH5YU202",
        "user_team": "TJH5YU202",
        "source_team": "TJH5YU202",
        "user_profile": {
            "avatar_hash": "273d3745f7ae",
            "image_72": "https:\/\/avatars.slack-edge.com\/2019-05-20\/634344238497_273d3745f7ae1b176b82_72.jpg",
            "first_name": "Charly",
            "real_name": "Charly",
            "display_name": "Charly",
            "team": "TJH5YU202",
            "name": "carles9000",
            "is_restricted": false,
            "is_ultra_restricted": false
        }
    },
    {
        "client_msg_id": "412e43b1-8b5f-41fa-a7f0-bc6a2e044b8c",
        "type": "message",
        "text": "Mañana alas 4 en el aeropuerto ya sabes....",
        "user": "UJWR5N32S",
        "ts": "1559240479.042100",
        "team": "TJH5YU202",
        "user_team": "TJH5YU202",
        "source_team": "TJH5YU202",
        "user_profile": {
            "avatar_hash": "273d3745f7ae",
            "image_72": "https:\/\/avatars.slack-edge.com\/2019-05-20\/634344238497_273d3745f7ae1b176b82_72.jpg",
            "first_name": "Charly",
            "real_name": "Charly",
            "display_name": "Charly",
            "team": "TJH5YU202",
            "name": "carles9000",
            "is_restricted": false,
            "is_ultra_restricted": false
        }
    },
    {
        "client_msg_id": "3c72efff-f4d1-4c10-85de-f136c7013046",
        "type": "message",
        "text": "jajaja",
        "user": "UJWR5N32S",
        "ts": "1559240481.042400",
        "team": "TJH5YU202",
        "user_team": "TJH5YU202",
        "source_team": "TJH5YU202",
        "user_profile": {
            "avatar_hash": "273d3745f7ae",
            "image_72": "https:\/\/avatars.slack-edge.com\/2019-05-20\/634344238497_273d3745f7ae1b176b82_72.jpg",
            "first_name": "Charly",
            "real_name": "Charly",
            "display_name": "Charly",
            "team": "TJH5YU202",
            "name": "carles9000",
            "is_restricted": false,
            "is_ultra_restricted": false
        }
    },
    {
        "client_msg_id": "dfe5c568-4440-4d96-984f-624ccf4b5619",
        "type": "message",
        "text": "Saludetes",
        "user": "UJWR5N32S",
        "ts": "1559240487.042700",
        "team": "TJH5YU202",
        "user_team": "TJH5YU202",
        "source_team": "TJH5YU202",
        "user_profile": {
            "avatar_hash": "273d3745f7ae",
            "image_72": "https:\/\/avatars.slack-edge.com\/2019-05-20\/634344238497_273d3745f7ae1b176b82_72.jpg",
            "first_name": "Charly",
            "real_name": "Charly",
            "display_name": "Charly",
            "team": "TJH5YU202",
            "name": "carles9000",
            "is_restricted": false,
            "is_ultra_restricted": false
        }
    },
    {
        "client_msg_id": "65CC6211-8E37-46E3-9BAF-65ED41EF93C3",
        "type": "message",
        "text": "Ufffff",
        "user": "UJN8D8U3B",
        "ts": "1559240487.042800",
        "team": "TJH5YU202",
        "user_team": "TJH5YU202",
        "source_team": "TJH5YU202",
        "user_profile": {
            "avatar_hash": "g92ad2abcc45",
            "image_72": "https:\/\/secure.gravatar.com\/avatar\/8492ad2abcc45ce53969adcf8420acde.jpg?s=72&d=https%3A%2F%2Fa.slack-edge.com%2F80588%2Fimg%2Favatars%2Fuser_shapes%2Fava_0008-72.png",
            "first_name": "",
            "real_name": "Antonio Linares",
            "display_name": "Antonio Linares",
            "team": "TJH5YU202",
            "name": "alinares",
            "is_restricted": false,
            "is_ultra_restricted": false
        }
    },
    {
        "client_msg_id": "4BAF1423-8D40-41D7-960D-AC3062ADCF2C",
        "type": "message",
        "text": ":blush:",
        "user": "UJN8D8U3B",
        "ts": "1559240497.043000",
        "team": "TJH5YU202",
        "user_team": "TJH5YU202",
        "source_team": "TJH5YU202",
        "user_profile": {
            "avatar_hash": "g92ad2abcc45",
            "image_72": "https:\/\/secure.gravatar.com\/avatar\/8492ad2abcc45ce53969adcf8420acde.jpg?s=72&d=https%3A%2F%2Fa.slack-edge.com%2F80588%2Fimg%2Favatars%2Fuser_shapes%2Fava_0008-72.png",
            "first_name": "",
            "real_name": "Antonio Linares",
            "display_name": "Antonio Linares",
            "team": "TJH5YU202",
            "name": "alinares",
            "is_restricted": false,
            "is_ultra_restricted": false
        }
    },
    {
        "client_msg_id": "c23e37f3-3830-4c7f-b314-20e24d456638",
        "type": "message",
        "text": "Charly, aquí hay más variables.\n\/\/ define _SERVER vars (address part)\n   IF ! Empty( aI := hb_socketGetPeerName( hSocket ) )\n      _SERVER[ \"REMOTE_ADDR\" ] := aI[ HB_SOCKET_ADINFO_ADDRESS ]\n      _SERVER[ \"REMOTE_HOST\" ] := _SERVER[ \"REMOTE_ADDR\" ]  \/\/ no reverse DNS\n      _SERVER[ \"REMOTE_PORT\" ] := aI[ HB_SOCKET_ADINFO_PORT ]\n   ENDIF\n\n   IF ! Empty( aI := hb_socketGetSockName( hSocket ) )\n      _SERVER[ \"SERVER_ADDR\" ] := aI[ HB_SOCKET_ADINFO_ADDRESS ]\n      _SERVER[ \"SERVER_PORT\" ] := hb_ntos( aI[ HB_SOCKET_ADINFO_PORT ] )\n   ENDIF\n\n   \/\/ add other _SERVER vars\n   _SERVER[ \"REQUEST_METHOD\"       ] := NIL\n   _SERVER[ \"REQUEST_URI\"          ] := NIL\n   _SERVER[ \"SERVER_PROTOCOL\"      ] := NIL\n   _SERVER[ \"SCRIPT_NAME\"          ] := NIL\n   _SERVER[ \"QUERY_STRING\"         ] := NIL\n   _SERVER[ \"HTTP_ACCEPT\"          ] := NIL\n   _SERVER[ \"HTTP_ACCEPT_CHARSET\"  ] := NIL\n   _SERVER[ \"HTTP_ACCEPT_ENCODING\" ] := NIL\n   _SERVER[ \"HTTP_ACCEPT_LANGUAGE\" ] := NIL\n   _SERVER[ \"HTTP_CONNECTION\"      ] := NIL\n   _SERVER[ \"HTTP_HOST\"            ] := NIL\n   _SERVER[ \"HTTP_KEEP_ALIVE\"      ] := NIL\n   _SERVER[ \"HTTP_REFERER\"         ] := \"\"\n   _SERVER[ \"HTTP_USER_AGENT\"      ] := \"\"\n   _SERVER[ \"HTTP_CACHE_CONTROL\"   ] := NIL\n   _SERVER[ \"HTTP_COOKIE\"          ] := NIL\n   _SERVER[ \"SERVER_NAME\"          ] := \"\"\n   _SERVER[ \"SERVER_SOFTWARE\"      ] := APP_NAME + \" \" + APP_VERSION + \" (\" + OS() + \")\"\n   _SERVER[ \"SERVER_SIGNATURE\"     ] := \"&lt;address&gt;\" + _SERVER[ \"SERVER_SOFTWARE\" ] + \" Server at \" + _SERVER[ \"SERVER_NAME\" ] + \" Port \" + _SERVER[ \"SERVER_PORT\" ] + \"&lt;\/address&gt;\"\n   _SERVER[ \"DOCUMENT_ROOT\"        ] := s_cDocumentRoot\n   _SERVER[ \"SERVER_ADMIN\"         ] := hb_UserName() + \"@\" + NetName()\n   _SERVER[ \"SCRIPT_FILENAME\"      ] := NIL\n   _SERVER[ \"GATEWAY_INTERFACE\"    ] := \"CGI\/1.1\"\n   _SERVER[ \"SCRIPT_URL\"           ] := NIL\n   _SERVER[ \"SCRIPT_URI\"           ] := NIL\n   _SERVER[ \"PATH_INFO\"            ] := NIL\n   _SERVER[ \"PATH_TRANSLATED\"      ] := NIL\n\nFuente: <https:\/\/github.com\/harbour\/core\/blob\/master\/extras\/httpsrv\/uhttpd.prg>",
        "user": "UJULQCHL5",
        "ts": "1559240728.043700",
        "team": "TJH5YU202",
        "user_team": "TJH5YU202",
        "source_team": "TJH5YU202",
        "user_profile": {
            "avatar_hash": "g7659142325a",
            "image_72": "https:\/\/secure.gravatar.com\/avatar\/c87659142325a3facb661d85281ec091.jpg?s=72&d=https%3A%2F%2Fa.slack-edge.com%2F80588%2Fimg%2Favatars%2Fuser_shapes%2Fava_0003-72.png",
            "first_name": "",
            "real_name": "Paquito",
            "display_name": "Paquito",
            "team": "TJH5YU202",
            "name": "hmpaquito",
            "is_restricted": false,
            "is_ultra_restricted": false
        },
        "edited": {
            "user": "UJULQCHL5",
            "ts": "1559241634.000000"
        }
    },
    {
        "client_msg_id": "e14d0a59-3b66-4d4d-8f96-68ed7242d9e7",
        "type": "message",
        "text": "sisi Paquito, si es q estas variables son muy importantes tambien",
        "user": "UJWR5N32S",
        "ts": "1559240798.044400",
        "team": "TJH5YU202",
        "user_team": "TJH5YU202",
        "source_team": "TJH5YU202",
        "user_profile": {
            "avatar_hash": "273d3745f7ae",
            "image_72": "https:\/\/avatars.slack-edge.com\/2019-05-20\/634344238497_273d3745f7ae1b176b82_72.jpg",
            "first_name": "Charly",
            "real_name": "Charly",
            "display_name": "Charly",
            "team": "TJH5YU202",
            "name": "carles9000",
            "is_restricted": false,
            "is_ultra_restricted": false
        }
    },
    {
        "client_msg_id": "cf03e75a-0b4d-44f3-bdac-398e64bd0b94",
        "type": "message",
        "text": "He hecho un copy\/paste del mensajeque ya dejo Carlos",
        "user": "UJWR5N32S",
        "ts": "1559240816.044900",
        "team": "TJH5YU202",
        "user_team": "TJH5YU202",
        "source_team": "TJH5YU202",
        "user_profile": {
            "avatar_hash": "273d3745f7ae",
            "image_72": "https:\/\/avatars.slack-edge.com\/2019-05-20\/634344238497_273d3745f7ae1b176b82_72.jpg",
            "first_name": "Charly",
            "real_name": "Charly",
            "display_name": "Charly",
            "team": "TJH5YU202",
            "name": "carles9000",
            "is_restricted": false,
            "is_ultra_restricted": false
        }
    },
    {
        "client_msg_id": "585b3937-81b8-4814-930f-c9f877e98624",
        "type": "message",
        "text": ":slightly_smiling_face:",
        "user": "UJWR5N32S",
        "ts": "1559240819.045100",
        "team": "TJH5YU202",
        "user_team": "TJH5YU202",
        "source_team": "TJH5YU202",
        "user_profile": {
            "avatar_hash": "273d3745f7ae",
            "image_72": "https:\/\/avatars.slack-edge.com\/2019-05-20\/634344238497_273d3745f7ae1b176b82_72.jpg",
            "first_name": "Charly",
            "real_name": "Charly",
            "display_name": "Charly",
            "team": "TJH5YU202",
            "name": "carles9000",
            "is_restricted": false,
            "is_ultra_restricted": false
        }
    },
    {
        "client_msg_id": "c9131d85-0e8b-4b86-ac19-96599ab3ea35",
        "type": "message",
        "text": "A ver si poco a poco vamos poniendo a punto la machine",
        "user": "UJWR5N32S",
        "ts": "1559240845.045600",
        "team": "TJH5YU202",
        "user_team": "TJH5YU202",
        "source_team": "TJH5YU202",
        "user_profile": {
            "avatar_hash": "273d3745f7ae",
            "image_72": "https:\/\/avatars.slack-edge.com\/2019-05-20\/634344238497_273d3745f7ae1b176b82_72.jpg",
            "first_name": "Charly",
            "real_name": "Charly",
            "display_name": "Charly",
            "team": "TJH5YU202",
            "name": "carles9000",
            "is_restricted": false,
            "is_ultra_restricted": false
        }
    },
    {
        "client_msg_id": "e7c7a624-dcfb-40ff-be57-91232e6b15b2",
        "type": "message",
        "text": "Hola, yo ni siquiera he podido conseguir el mod con git, por el error comentado..., alguna ayuda",
        "user": "UJV4XG3J4",
        "ts": "1559248327.047200",
        "team": "TJH5YU202",
        "user_team": "TJH5YU202",
        "source_team": "TJH5YU202",
        "user_profile": {
            "avatar_hash": "g90d56153d63",
            "image_72": "https:\/\/secure.gravatar.com\/avatar\/6390d56153d63644fb7b405cad9e41e8.jpg?s=72&d=https%3A%2F%2Fa.slack-edge.com%2F80588%2Fimg%2Favatars%2Fuser_shapes%2Fava_0002-72.png",
            "first_name": "Javier",
            "real_name": "Javier Parada",
            "display_name": "Javier",
            "team": "TJH5YU202",
            "name": "jparada_a",
            "is_restricted": false,
            "is_ultra_restricted": false
        },
        "edited": {
            "user": "UJV4XG3J4",
            "ts": "1559248351.000000"
        }
    },
    {
        "client_msg_id": "040B467F-EAE9-42B7-AE61-FE76D48594E4",
        "type": "message",
        "text": "Que error Javier ?",
        "user": "UJN8D8U3B",
        "ts": "1559273419.047800",
        "team": "TJH5YU202",
        "user_team": "TJH5YU202",
        "source_team": "TJH5YU202",
        "user_profile": {
            "avatar_hash": "g92ad2abcc45",
            "image_72": "https:\/\/secure.gravatar.com\/avatar\/8492ad2abcc45ce53969adcf8420acde.jpg?s=72&d=https%3A%2F%2Fa.slack-edge.com%2F80588%2Fimg%2Favatars%2Fuser_shapes%2Fava_0008-72.png",
            "first_name": "",
            "real_name": "Antonio Linares",
            "display_name": "Antonio Linares",
            "team": "TJH5YU202",
            "name": "alinares",
            "is_restricted": false,
            "is_ultra_restricted": false
        }
    },
    {
        "client_msg_id": "9d43ad6e-efa1-41b3-a5e1-cb91282b5019",
        "type": "message",
        "text": "Buenos días !!! Egun on !!!",
        "user": "UJK7SNX51",
        "ts": "1559276297.048200",
        "team": "TJH5YU202",
        "user_team": "TJH5YU202",
        "source_team": "TJH5YU202",
        "user_profile": {
            "avatar_hash": "6698a9ba696b",
            "image_72": "https:\/\/avatars.slack-edge.com\/2019-07-04\/673660529330_6698a9ba696bad01eb8c_72.jpg",
            "first_name": "Baxajaun",
            "real_name": "Baxajaun",
            "display_name": "Baxajaun",
            "team": "TJH5YU202",
            "name": "fpgrande",
            "is_restricted": false,
            "is_ultra_restricted": false
        }
    },
    {
        "client_msg_id": "43e60cd8-ac13-42be-9ab7-c4e99ec0630b",
        "type": "message",
        "text": "<https:\/\/www.mokacoding.com\/blog\/symliks-in-git\/>",
        "user": "UJK7SNX51",
        "ts": "1559276304.048400",
        "team": "TJH5YU202",
        "user_team": "TJH5YU202",
        "source_team": "TJH5YU202",
        "user_profile": {
            "avatar_hash": "6698a9ba696b",
            "image_72": "https:\/\/avatars.slack-edge.com\/2019-07-04\/673660529330_6698a9ba696bad01eb8c_72.jpg",
            "first_name": "Baxajaun",
            "real_name": "Baxajaun",
            "display_name": "Baxajaun",
            "team": "TJH5YU202",
            "name": "fpgrande",
            "is_restricted": false,
            "is_ultra_restricted": false
        },
        "attachments": [
            {
                "service_name": "mokacoding",
                "title": "Symbolic links in Git",
                "title_link": "https:\/\/www.mokacoding.com\/blog\/symliks-in-git\/",
                "text": "Here's how to track symbolic liks in a Git repository, in a way suitable for teams.",
                "fallback": "mokacoding: Symbolic links in Git",
                "from_url": "https:\/\/www.mokacoding.com\/blog\/symliks-in-git\/",
                "service_icon": "https:\/\/s3.amazonaws.com\/mokacoding\/apple-icon-57x57.png",
                "id": 1,
                "original_url": "https:\/\/www.mokacoding.com\/blog\/symliks-in-git\/"
            }
        ]
    },
    {
        "client_msg_id": "db9bf0ea-dc62-4037-bbc1-d4deb715c405",
        "type": "message",
        "text": "Bon dia Carles ! Iré poniendo por aquí lo que he anotado en los ficheros md que he ido poniendo en el repositorio. Cómo veo el bicho ? Uno que no se dedica profesionalmente a esto de la programación, ya que a lo que me dedico es a las infraestructuras (virtualización, BBDD (Oracle,SQL Server, MySQL, etc...), CPDs, …), veo que a los programadores xBase , les abre un mundo de posibilidades. Por mi parte, contento de aportar mi pequeño granito de arena a unos amigos dispersos por el UNIVERSO :wink:",
        "user": "UJK7SNX51",
        "ts": "1559278970.052600",
        "team": "TJH5YU202",
        "user_team": "TJH5YU202",
        "source_team": "TJH5YU202",
        "user_profile": {
            "avatar_hash": "6698a9ba696b",
            "image_72": "https:\/\/avatars.slack-edge.com\/2019-07-04\/673660529330_6698a9ba696bad01eb8c_72.jpg",
            "first_name": "Baxajaun",
            "real_name": "Baxajaun",
            "display_name": "Baxajaun",
            "team": "TJH5YU202",
            "name": "fpgrande",
            "is_restricted": false,
            "is_ultra_restricted": false
        }
    },
    {
        "type": "message",
        "text": "",
        "files": [
            {
                "id": "FJTPU9067",
                "created": 1559279053,
                "timestamp": 1559280721,
                "name": "Cambios_necesarios_para_Ubuntu_19_04",
                "title": "Cambios necesarios para Ubuntu 19.04",
                "mimetype": "text\/plain",
                "filetype": "space",
                "pretty_type": "Post",
                "user": "UJK7SNX51",
                "editable": true,
                "size": 1907,
                "mode": "space",
                "is_external": false,
                "external_type": "",
                "is_public": true,
                "public_url_shared": false,
                "display_as_bot": false,
                "username": "",
                "url_private": "https:\/\/files.slack.com\/files-pri\/TJH5YU202-FJTPU9067\/Cambios_necesarios_para_Ubuntu_19_04?t=xoxe-629202954002-776688371669-763909703378-01ffaa4c4eeda75ea92ad255b32a04e5",
                "url_private_download": "https:\/\/files.slack.com\/files-pri\/TJH5YU202-FJTPU9067\/download\/Cambios_necesarios_para_Ubuntu_19_04?t=xoxe-629202954002-776688371669-763909703378-01ffaa4c4eeda75ea92ad255b32a04e5",
                "permalink": "https:\/\/harbourproject.slack.com\/files\/UJK7SNX51\/FJTPU9067\/Cambios_necesarios_para_Ubuntu_19_04",
                "permalink_public": "https:\/\/slack-files.com\/TJH5YU202-FJTPU9067-d5de2423d1",
                "preview": "<document><p><\/p><p>Estos ficheros son necesarios para hacer funcionar el módulo en Ubuntu 19.04:<\/p><p><\/p><p>\/etc\/apache2\/mods-available\/mod_harbour.load<\/p><p>\/etc\/apache2\/mods-available\/mod_harbour.conf<\/p><p><\/p><p>Se hará también un enlace simbólico de estos ficheros a \/etc\/apache2\/mods-enabled<\/p><\/document>",
                "updated": 1559280721,
                "editor": "UJWR5N32S",
                "last_editor": "UJWR5N32S",
                "state": "inactive",
                "is_starred": false,
                "has_rich_preview": false
            }
        ],
        "upload": false,
        "user": "UJK7SNX51",
        "display_as_bot": false,
        "ts": "1559279120.052700"
    },
    {
        "client_msg_id": "42e96b70-316a-4d8b-b8d9-a20d29a00bcc",
        "type": "message",
        "text": "Felix...toda ayuda será muy buena para este proyecto y cada uno aprotará lo que pueda. Y el tema de infraestructuras...es muy importante en este entorno  :slightly_smiling_face:",
        "user": "UJWR5N32S",
        "ts": "1559280795.054500",
        "team": "TJH5YU202",
        "user_team": "TJH5YU202",
        "source_team": "TJH5YU202",
        "user_profile": {
            "avatar_hash": "273d3745f7ae",
            "image_72": "https:\/\/avatars.slack-edge.com\/2019-05-20\/634344238497_273d3745f7ae1b176b82_72.jpg",
            "first_name": "Charly",
            "real_name": "Charly",
            "display_name": "Charly",
            "team": "TJH5YU202",
            "name": "carles9000",
            "is_restricted": false,
            "is_ultra_restricted": false
        }
    },
    {
        "client_msg_id": "8b21d80f-9c0f-4d9d-acec-c83624b96257",
        "type": "message",
        "text": "A ver si Xevi nos cuelga las notas de su VM cuando lo tenga todo apañado... :wink:",
        "user": "UJWR5N32S",
        "ts": "1559280959.055300",
        "team": "TJH5YU202",
        "user_team": "TJH5YU202",
        "source_team": "TJH5YU202",
        "user_profile": {
            "avatar_hash": "273d3745f7ae",
            "image_72": "https:\/\/avatars.slack-edge.com\/2019-05-20\/634344238497_273d3745f7ae1b176b82_72.jpg",
            "first_name": "Charly",
            "real_name": "Charly",
            "display_name": "Charly",
            "team": "TJH5YU202",
            "name": "carles9000",
            "is_restricted": false,
            "is_ultra_restricted": false
        }
    },
    {
        "client_msg_id": "617d8015-e8d9-49ad-a3d3-990b0cef75b3",
        "type": "message",
        "text": "He instalado Ubuntu 19.04 server en una VM (VirtualBox)\nFuncionando mod_harbour !!!\nsi bien, los samples dan error con la última versión de ayer, precisamente por el ??",
        "user": "UJU3NMK0U",
        "ts": "1559285078.055600",
        "team": "TJH5YU202",
        "user_team": "TJH5YU202",
        "source_team": "TJH5YU202",
        "user_profile": {
            "avatar_hash": "48f1b9655122",
            "image_72": "https:\/\/avatars.slack-edge.com\/2019-05-20\/640143784356_48f1b96551220d9fdd4d_72.jpg",
            "first_name": "Xevi",
            "real_name": "Xevi",
            "display_name": "Xevi",
            "team": "TJH5YU202",
            "name": "xevicomas",
            "is_restricted": false,
            "is_ultra_restricted": false
        }
    },
    {
        "client_msg_id": "6004d15e-ec23-4a5a-a226-b2b1aa254258",
        "type": "message",
        "text": "Charly... muy sencillito TODO.\nme faltaba saber la IP del server de Ubuntu 19.04, que se consigue con ifconfig en el prompt",
        "user": "UJU3NMK0U",
        "ts": "1559285139.056700",
        "team": "TJH5YU202",
        "user_team": "TJH5YU202",
        "source_team": "TJH5YU202",
        "user_profile": {
            "avatar_hash": "48f1b9655122",
            "image_72": "https:\/\/avatars.slack-edge.com\/2019-05-20\/640143784356_48f1b96551220d9fdd4d_72.jpg",
            "first_name": "Xevi",
            "real_name": "Xevi",
            "display_name": "Xevi",
            "team": "TJH5YU202",
            "name": "xevicomas",
            "is_restricted": false,
            "is_ultra_restricted": false
        }
    },
    {
        "client_msg_id": "15a0a33c-6f45-4dde-b8f1-3ee30aa19d01",
        "type": "message",
        "text": "Una vez esto... accedo al navegador de mi windows a la IP del servidor Ubuntu... y funcionando.",
        "user": "UJU3NMK0U",
        "ts": "1559285173.057400",
        "team": "TJH5YU202",
        "user_team": "TJH5YU202",
        "source_team": "TJH5YU202",
        "user_profile": {
            "avatar_hash": "48f1b9655122",
            "image_72": "https:\/\/avatars.slack-edge.com\/2019-05-20\/640143784356_48f1b96551220d9fdd4d_72.jpg",
            "first_name": "Xevi",
            "real_name": "Xevi",
            "display_name": "Xevi",
            "team": "TJH5YU202",
            "name": "xevicomas",
            "is_restricted": false,
            "is_ultra_restricted": false
        }
    },
    {
        "client_msg_id": "824cdee6-5e51-45ff-9c35-3d0c19aa70b8",
        "type": "message",
        "text": "Que version de para la VM has usado ? Y como has instalado Ubuntu ?",
        "user": "UJWR5N32S",
        "ts": "1559285291.058000",
        "team": "TJH5YU202",
        "user_team": "TJH5YU202",
        "source_team": "TJH5YU202",
        "user_profile": {
            "avatar_hash": "273d3745f7ae",
            "image_72": "https:\/\/avatars.slack-edge.com\/2019-05-20\/634344238497_273d3745f7ae1b176b82_72.jpg",
            "first_name": "Charly",
            "real_name": "Charly",
            "display_name": "Charly",
            "team": "TJH5YU202",
            "name": "carles9000",
            "is_restricted": false,
            "is_ultra_restricted": false
        }
    },
    {
        "client_msg_id": "c18bdf50-d27b-4c65-a315-ba869b76f903",
        "type": "message",
        "text": "Ahora debo salir... estaré la mañana fuera.",
        "user": "UJU3NMK0U",
        "ts": "1559285347.058300",
        "team": "TJH5YU202",
        "user_team": "TJH5YU202",
        "source_team": "TJH5YU202",
        "user_profile": {
            "avatar_hash": "48f1b9655122",
            "image_72": "https:\/\/avatars.slack-edge.com\/2019-05-20\/640143784356_48f1b96551220d9fdd4d_72.jpg",
            "first_name": "Xevi",
            "real_name": "Xevi",
            "display_name": "Xevi",
            "team": "TJH5YU202",
            "name": "xevicomas",
            "is_restricted": false,
            "is_ultra_restricted": false
        }
    },
    {
        "client_msg_id": "913ec886-9a50-424c-a286-106bb3ce88b0",
        "type": "message",
        "text": "Por la tarde, lo vuelvo a reinstalar de cero en una VM nueva y voy anotando pasos.",
        "user": "UJU3NMK0U",
        "ts": "1559285367.058800",
        "team": "TJH5YU202",
        "user_team": "TJH5YU202",
        "source_team": "TJH5YU202",
        "user_profile": {
            "avatar_hash": "48f1b9655122",
            "image_72": "https:\/\/avatars.slack-edge.com\/2019-05-20\/640143784356_48f1b96551220d9fdd4d_72.jpg",
            "first_name": "Xevi",
            "real_name": "Xevi",
            "display_name": "Xevi",
            "team": "TJH5YU202",
            "name": "xevicomas",
            "is_restricted": false,
            "is_ultra_restricted": false
        }
    },
    {
        "client_msg_id": "0d22f322-9ecb-4ffa-9f67-449efe3a6ad7",
        "type": "message",
        "text": "Gracias !",
        "user": "UJWR5N32S",
        "ts": "1559285380.059200",
        "team": "TJH5YU202",
        "user_team": "TJH5YU202",
        "source_team": "TJH5YU202",
        "user_profile": {
            "avatar_hash": "273d3745f7ae",
            "image_72": "https:\/\/avatars.slack-edge.com\/2019-05-20\/634344238497_273d3745f7ae1b176b82_72.jpg",
            "first_name": "Charly",
            "real_name": "Charly",
            "display_name": "Charly",
            "team": "TJH5YU202",
            "name": "carles9000",
            "is_restricted": false,
            "is_ultra_restricted": false
        }
    },
    {
        "client_msg_id": "154305e0-abe3-4572-a085-660cb0f7f608",
        "type": "message",
        "text": ":slightly_smiling_face:",
        "user": "UJWR5N32S",
        "ts": "1559285383.059500",
        "team": "TJH5YU202",
        "user_team": "TJH5YU202",
        "source_team": "TJH5YU202",
        "user_profile": {
            "avatar_hash": "273d3745f7ae",
            "image_72": "https:\/\/avatars.slack-edge.com\/2019-05-20\/634344238497_273d3745f7ae1b176b82_72.jpg",
            "first_name": "Charly",
            "real_name": "Charly",
            "display_name": "Charly",
            "team": "TJH5YU202",
            "name": "carles9000",
            "is_restricted": false,
            "is_ultra_restricted": false
        }
    },
    {
        "client_msg_id": "3ba57a32-13c4-4366-8a01-8af08b83fba7",
        "type": "message",
        "text": "Pero... lo he visto muuuuuyyyy sencillo para mi.\nY si lo es para mi, imagina!!! jejeje",
        "user": "UJU3NMK0U",
        "ts": "1559285390.059700",
        "team": "TJH5YU202",
        "user_team": "TJH5YU202",
        "source_team": "TJH5YU202",
        "user_profile": {
            "avatar_hash": "48f1b9655122",
            "image_72": "https:\/\/avatars.slack-edge.com\/2019-05-20\/640143784356_48f1b96551220d9fdd4d_72.jpg",
            "first_name": "Xevi",
            "real_name": "Xevi",
            "display_name": "Xevi",
            "team": "TJH5YU202",
            "name": "xevicomas",
            "is_restricted": false,
            "is_ultra_restricted": false
        }
    },
    {
        "client_msg_id": "c64c9aa7-524f-4a4f-97a3-70e636c92d41",
        "type": "message",
        "text": "Si Xevi, pero cualquier esfuerzo que hagamos entre todos será bueno exponerlo y quede anotdado para otros",
        "user": "UJWR5N32S",
        "ts": "1559285428.060400",
        "team": "TJH5YU202",
        "user_team": "TJH5YU202",
        "source_team": "TJH5YU202",
        "user_profile": {
            "avatar_hash": "273d3745f7ae",
            "image_72": "https:\/\/avatars.slack-edge.com\/2019-05-20\/634344238497_273d3745f7ae1b176b82_72.jpg",
            "first_name": "Charly",
            "real_name": "Charly",
            "display_name": "Charly",
            "team": "TJH5YU202",
            "name": "carles9000",
            "is_restricted": false,
            "is_ultra_restricted": false
        }
    },
    {
        "type": "message",
        "text": "",
        "files": [
            {
                "id": "FK58C0DSL",
                "created": 1559283875,
                "timestamp": 1559286301,
                "name": "Construyendo_mod_harbour_en_OpenSUSE_15",
                "title": "Construyendo mod_harbour en OpenSUSE 15",
                "mimetype": "text\/plain",
                "filetype": "space",
                "pretty_type": "Post",
                "user": "UJK7SNX51",
                "editable": true,
                "size": 3421,
                "mode": "space",
                "is_external": false,
                "external_type": "",
                "is_public": true,
                "public_url_shared": false,
                "display_as_bot": false,
                "username": "",
                "url_private": "https:\/\/files.slack.com\/files-pri\/TJH5YU202-FK58C0DSL\/Construyendo_mod_harbour_en_OpenSUSE_15?t=xoxe-629202954002-776688371669-763909703378-01ffaa4c4eeda75ea92ad255b32a04e5",
                "url_private_download": "https:\/\/files.slack.com\/files-pri\/TJH5YU202-FK58C0DSL\/download\/Construyendo_mod_harbour_en_OpenSUSE_15?t=xoxe-629202954002-776688371669-763909703378-01ffaa4c4eeda75ea92ad255b32a04e5",
                "permalink": "https:\/\/harbourproject.slack.com\/files\/UJK7SNX51\/FK58C0DSL\/Construyendo_mod_harbour_en_OpenSUSE_15",
                "permalink_public": "https:\/\/slack-files.com\/TJH5YU202-FK58C0DSL-d607728d08",
                "preview": "<document><p>Una vez tengamos instalado el sistema operativo, nos disponemos a instalar los paquetes necesarios:<\/p><ul><li>Instalación git zypper install git<\/li><li>Instalación de Apache zypper install apache2 apache2-devel apache2-utils<\/li><li>Instalación de gpm, slang, ncurses, x11:<\/li><\/ul><\/document>",
                "updated": 1559286301,
                "editor": "UJK7SNX51",
                "last_editor": "UJK7SNX51",
                "state": "active",
                "is_starred": false,
                "has_rich_preview": false
            }
        ],
        "upload": false,
        "user": "UJK7SNX51",
        "display_as_bot": false,
        "ts": "1559285647.060500"
    },
    {
        "client_msg_id": "d9084c4b-82de-477f-98aa-abf2935e31c5",
        "type": "message",
        "text": "Felix gracias !  :slightly_smiling_face:",
        "user": "UJWR5N32S",
        "ts": "1559285925.061000",
        "team": "TJH5YU202",
        "user_team": "TJH5YU202",
        "source_team": "TJH5YU202",
        "user_profile": {
            "avatar_hash": "273d3745f7ae",
            "image_72": "https:\/\/avatars.slack-edge.com\/2019-05-20\/634344238497_273d3745f7ae1b176b82_72.jpg",
            "first_name": "Charly",
            "real_name": "Charly",
            "display_name": "Charly",
            "team": "TJH5YU202",
            "name": "carles9000",
            "is_restricted": false,
            "is_ultra_restricted": false
        }
    }
]