[
    {
        "client_msg_id": "5391333a-10a8-4148-8680-ce73af2105ee",
        "type": "message",
        "text": "buenos dias",
        "user": "UJXP7LS78",
        "ts": "1569056882.250500",
        "team": "TJH5YU202",
        "user_team": "TJH5YU202",
        "source_team": "TJH5YU202",
        "user_profile": {
            "avatar_hash": "gc4a0baebb72",
            "image_72": "https:\/\/secure.gravatar.com\/avatar\/a1c4a0baebb720b97e5a197259dbf409.jpg?s=72&d=https%3A%2F%2Fa.slack-edge.com%2F80588%2Fimg%2Favatars%2Fuser_shapes%2Fava_0007-72.png",
            "first_name": "",
            "real_name": "wilson gamboa",
            "display_name": "wilson gamboa",
            "team": "TJH5YU202",
            "name": "wilson.josenet",
            "is_restricted": false,
            "is_ultra_restricted": false
        }
    },
    {
        "client_msg_id": "9e47ea2f-e310-48d9-a1c4-f653f733d89e",
        "type": "message",
        "text": "aca casi amanece",
        "user": "UJXP7LS78",
        "ts": "1569056894.250800",
        "team": "TJH5YU202",
        "user_team": "TJH5YU202",
        "source_team": "TJH5YU202",
        "user_profile": {
            "avatar_hash": "gc4a0baebb72",
            "image_72": "https:\/\/secure.gravatar.com\/avatar\/a1c4a0baebb720b97e5a197259dbf409.jpg?s=72&d=https%3A%2F%2Fa.slack-edge.com%2F80588%2Fimg%2Favatars%2Fuser_shapes%2Fava_0007-72.png",
            "first_name": "",
            "real_name": "wilson gamboa",
            "display_name": "wilson gamboa",
            "team": "TJH5YU202",
            "name": "wilson.josenet",
            "is_restricted": false,
            "is_ultra_restricted": false
        }
    },
    {
        "client_msg_id": "6907866d-9f30-425d-8e6f-9d67e36fadf0",
        "type": "message",
        "text": "Good morning",
        "user": "UK28N3CER",
        "ts": "1569075023.251600",
        "team": "TJH5YU202",
        "user_team": "TJH5YU202",
        "source_team": "TJH5YU202",
        "user_profile": {
            "avatar_hash": "3fec6e3393a8",
            "image_72": "https:\/\/avatars.slack-edge.com\/2019-08-17\/723363154273_3fec6e3393a86fb3e470_72.jpg",
            "first_name": "",
            "real_name": "Cesar SysCtrl Software",
            "display_name": "Cesar SysCtrl Software",
            "team": "TJH5YU202",
            "name": "sysctrlsoftware",
            "is_restricted": false,
            "is_ultra_restricted": false
        }
    },
    {
        "client_msg_id": "c59b8323-ec85-4e3d-8819-73e01cbbc728",
        "type": "message",
        "text": "While you are discussing high tech things I have to deal with everyday things.\nHow can I easily provide server for mod harbor?\n\nI have now created an additional virtual server in my Archer TP Link WLAN router.\nmy public IP on port 80\/443 is redirected to my PC with internal IP 192.168.0.21. There is Apache server and mod harbor listening.\nmy public IP + port 800\/4430 is redirected to my 2nd PC with IP 192.168.0.100. This is a VM server. Again an Apache server is waiting with mod harbor.\n\nAt <http:\/\/whois.com|whois.com> I redirected the IP with \"Domain Forward Service\".\n\nThe public IP on <http:\/\/my3zinnen.com|my3zinnen.com> and the public IP + port 800 on modharbour.live.\n\nEverything is working fine.",
        "user": "UJHD6A81H",
        "ts": "1569086237.252900",
        "team": "TJH5YU202",
        "user_team": "TJH5YU202",
        "source_team": "TJH5YU202",
        "user_profile": {
            "avatar_hash": "g6b8073e00e9",
            "image_72": "https:\/\/secure.gravatar.com\/avatar\/b96b8073e00e9eb02bcf05bc1418eb3a.jpg?s=72&d=https%3A%2F%2Fa.slack-edge.com%2F80588%2Fimg%2Favatars%2Fuser_shapes%2Fava_0021-72.png",
            "first_name": "Otto",
            "real_name": "Otto Atzwanger",
            "display_name": "Otto",
            "team": "TJH5YU202",
            "name": "otto",
            "is_restricted": false,
            "is_ultra_restricted": false
        }
    },
    {
        "type": "message",
        "text": "",
        "files": [
            {
                "id": "FN95RRZRR",
                "created": 1569086260,
                "timestamp": 1569086260,
                "name": "grafik.png",
                "title": "grafik.png",
                "mimetype": "image\/png",
                "filetype": "png",
                "pretty_type": "PNG",
                "user": "UJHD6A81H",
                "editable": false,
                "size": 58369,
                "mode": "hosted",
                "is_external": false,
                "external_type": "",
                "is_public": true,
                "public_url_shared": false,
                "display_as_bot": false,
                "username": "",
                "url_private": "https:\/\/files.slack.com\/files-pri\/TJH5YU202-FN95RRZRR\/grafik.png?t=xoxe-629202954002-776688371669-763909703378-01ffaa4c4eeda75ea92ad255b32a04e5",
                "url_private_download": "https:\/\/files.slack.com\/files-pri\/TJH5YU202-FN95RRZRR\/download\/grafik.png?t=xoxe-629202954002-776688371669-763909703378-01ffaa4c4eeda75ea92ad255b32a04e5",
                "thumb_64": "https:\/\/files.slack.com\/files-tmb\/TJH5YU202-FN95RRZRR-fc56188804\/grafik_64.png?t=xoxe-629202954002-776688371669-763909703378-01ffaa4c4eeda75ea92ad255b32a04e5",
                "thumb_80": "https:\/\/files.slack.com\/files-tmb\/TJH5YU202-FN95RRZRR-fc56188804\/grafik_80.png?t=xoxe-629202954002-776688371669-763909703378-01ffaa4c4eeda75ea92ad255b32a04e5",
                "thumb_360": "https:\/\/files.slack.com\/files-tmb\/TJH5YU202-FN95RRZRR-fc56188804\/grafik_360.png?t=xoxe-629202954002-776688371669-763909703378-01ffaa4c4eeda75ea92ad255b32a04e5",
                "thumb_360_w": 360,
                "thumb_360_h": 254,
                "thumb_480": "https:\/\/files.slack.com\/files-tmb\/TJH5YU202-FN95RRZRR-fc56188804\/grafik_480.png?t=xoxe-629202954002-776688371669-763909703378-01ffaa4c4eeda75ea92ad255b32a04e5",
                "thumb_480_w": 480,
                "thumb_480_h": 339,
                "thumb_160": "https:\/\/files.slack.com\/files-tmb\/TJH5YU202-FN95RRZRR-fc56188804\/grafik_160.png?t=xoxe-629202954002-776688371669-763909703378-01ffaa4c4eeda75ea92ad255b32a04e5",
                "thumb_720": "https:\/\/files.slack.com\/files-tmb\/TJH5YU202-FN95RRZRR-fc56188804\/grafik_720.png?t=xoxe-629202954002-776688371669-763909703378-01ffaa4c4eeda75ea92ad255b32a04e5",
                "thumb_720_w": 720,
                "thumb_720_h": 509,
                "thumb_800": "https:\/\/files.slack.com\/files-tmb\/TJH5YU202-FN95RRZRR-fc56188804\/grafik_800.png?t=xoxe-629202954002-776688371669-763909703378-01ffaa4c4eeda75ea92ad255b32a04e5",
                "thumb_800_w": 800,
                "thumb_800_h": 565,
                "thumb_960": "https:\/\/files.slack.com\/files-tmb\/TJH5YU202-FN95RRZRR-fc56188804\/grafik_960.png?t=xoxe-629202954002-776688371669-763909703378-01ffaa4c4eeda75ea92ad255b32a04e5",
                "thumb_960_w": 960,
                "thumb_960_h": 678,
                "thumb_1024": "https:\/\/files.slack.com\/files-tmb\/TJH5YU202-FN95RRZRR-fc56188804\/grafik_1024.png?t=xoxe-629202954002-776688371669-763909703378-01ffaa4c4eeda75ea92ad255b32a04e5",
                "thumb_1024_w": 1024,
                "thumb_1024_h": 723,
                "image_exif_rotation": 1,
                "original_w": 1305,
                "original_h": 922,
                "permalink": "https:\/\/harbourproject.slack.com\/files\/UJHD6A81H\/FN95RRZRR\/grafik.png",
                "permalink_public": "https:\/\/slack-files.com\/TJH5YU202-FN95RRZRR-d9f59c3153",
                "is_starred": false,
                "has_rich_preview": false
            }
        ],
        "upload": true,
        "user": "UJHD6A81H",
        "display_as_bot": false,
        "ts": "1569086262.253000",
        "client_msg_id": "939a9282-73a0-4a2a-96a8-1b17ad0cc9fe"
    },
    {
        "type": "message",
        "text": "",
        "files": [
            {
                "id": "FNNRRNE4W",
                "created": 1569086271,
                "timestamp": 1569086271,
                "name": "grafik.png",
                "title": "grafik.png",
                "mimetype": "image\/png",
                "filetype": "png",
                "pretty_type": "PNG",
                "user": "UJHD6A81H",
                "editable": false,
                "size": 32673,
                "mode": "hosted",
                "is_external": false,
                "external_type": "",
                "is_public": true,
                "public_url_shared": false,
                "display_as_bot": false,
                "username": "",
                "url_private": "https:\/\/files.slack.com\/files-pri\/TJH5YU202-FNNRRNE4W\/grafik.png?t=xoxe-629202954002-776688371669-763909703378-01ffaa4c4eeda75ea92ad255b32a04e5",
                "url_private_download": "https:\/\/files.slack.com\/files-pri\/TJH5YU202-FNNRRNE4W\/download\/grafik.png?t=xoxe-629202954002-776688371669-763909703378-01ffaa4c4eeda75ea92ad255b32a04e5",
                "thumb_64": "https:\/\/files.slack.com\/files-tmb\/TJH5YU202-FNNRRNE4W-99c22a8005\/grafik_64.png?t=xoxe-629202954002-776688371669-763909703378-01ffaa4c4eeda75ea92ad255b32a04e5",
                "thumb_80": "https:\/\/files.slack.com\/files-tmb\/TJH5YU202-FNNRRNE4W-99c22a8005\/grafik_80.png?t=xoxe-629202954002-776688371669-763909703378-01ffaa4c4eeda75ea92ad255b32a04e5",
                "thumb_360": "https:\/\/files.slack.com\/files-tmb\/TJH5YU202-FNNRRNE4W-99c22a8005\/grafik_360.png?t=xoxe-629202954002-776688371669-763909703378-01ffaa4c4eeda75ea92ad255b32a04e5",
                "thumb_360_w": 203,
                "thumb_360_h": 360,
                "thumb_480": "https:\/\/files.slack.com\/files-tmb\/TJH5YU202-FNNRRNE4W-99c22a8005\/grafik_480.png?t=xoxe-629202954002-776688371669-763909703378-01ffaa4c4eeda75ea92ad255b32a04e5",
                "thumb_480_w": 270,
                "thumb_480_h": 480,
                "thumb_160": "https:\/\/files.slack.com\/files-tmb\/TJH5YU202-FNNRRNE4W-99c22a8005\/grafik_160.png?t=xoxe-629202954002-776688371669-763909703378-01ffaa4c4eeda75ea92ad255b32a04e5",
                "thumb_720": "https:\/\/files.slack.com\/files-tmb\/TJH5YU202-FNNRRNE4W-99c22a8005\/grafik_720.png?t=xoxe-629202954002-776688371669-763909703378-01ffaa4c4eeda75ea92ad255b32a04e5",
                "thumb_720_w": 406,
                "thumb_720_h": 720,
                "thumb_800": "https:\/\/files.slack.com\/files-tmb\/TJH5YU202-FNNRRNE4W-99c22a8005\/grafik_800.png?t=xoxe-629202954002-776688371669-763909703378-01ffaa4c4eeda75ea92ad255b32a04e5",
                "thumb_800_w": 451,
                "thumb_800_h": 800,
                "image_exif_rotation": 1,
                "original_w": 519,
                "original_h": 921,
                "permalink": "https:\/\/harbourproject.slack.com\/files\/UJHD6A81H\/FNNRRNE4W\/grafik.png",
                "permalink_public": "https:\/\/slack-files.com\/TJH5YU202-FNNRRNE4W-1e42e158b2",
                "is_starred": false,
                "has_rich_preview": false
            }
        ],
        "upload": true,
        "user": "UJHD6A81H",
        "display_as_bot": false,
        "ts": "1569086273.253300",
        "client_msg_id": "ab486955-ce08-437b-ba06-c1a9f4a5017c"
    },
    {
        "client_msg_id": "ae0a1489-9376-4f88-84e5-ca8725f1e999",
        "type": "message",
        "text": "<http:\/\/modharbour.live>  points to GENESIS on server 2",
        "user": "UJHD6A81H",
        "ts": "1569086310.254000",
        "team": "TJH5YU202",
        "user_team": "TJH5YU202",
        "source_team": "TJH5YU202",
        "user_profile": {
            "avatar_hash": "g6b8073e00e9",
            "image_72": "https:\/\/secure.gravatar.com\/avatar\/b96b8073e00e9eb02bcf05bc1418eb3a.jpg?s=72&d=https%3A%2F%2Fa.slack-edge.com%2F80588%2Fimg%2Favatars%2Fuser_shapes%2Fava_0021-72.png",
            "first_name": "Otto",
            "real_name": "Otto Atzwanger",
            "display_name": "Otto",
            "team": "TJH5YU202",
            "name": "otto",
            "is_restricted": false,
            "is_ultra_restricted": false
        },
        "edited": {
            "user": "UJHD6A81H",
            "ts": "1569087799.000000"
        }
    },
    {
        "client_msg_id": "2849af68-e8a4-47e2-80c0-825d22dbb0e8",
        "type": "message",
        "text": "and <https:\/\/my3zinnen.com\/tweb.myexamples\/test_barbtn_ex.php> to my first server where I have for example TWeb.",
        "user": "UJHD6A81H",
        "ts": "1569087146.254700",
        "team": "TJH5YU202",
        "user_team": "TJH5YU202",
        "source_team": "TJH5YU202",
        "user_profile": {
            "avatar_hash": "g6b8073e00e9",
            "image_72": "https:\/\/secure.gravatar.com\/avatar\/b96b8073e00e9eb02bcf05bc1418eb3a.jpg?s=72&d=https%3A%2F%2Fa.slack-edge.com%2F80588%2Fimg%2Favatars%2Fuser_shapes%2Fava_0021-72.png",
            "first_name": "Otto",
            "real_name": "Otto Atzwanger",
            "display_name": "Otto",
            "team": "TJH5YU202",
            "name": "otto",
            "is_restricted": false,
            "is_ultra_restricted": false
        }
    },
    {
        "client_msg_id": "87eb63f6-62db-454d-aeff-c503540881fa",
        "type": "message",
        "text": "Now with undert 10 € you have your own server.  A copy of WINDOWS 7 for 4.99 - there is still a free WINDOWS 10 update available and a domain name from <http:\/\/Whois.com|Whois.com> under € 2.- .",
        "user": "UJHD6A81H",
        "ts": "1569087469.257200",
        "team": "TJH5YU202",
        "user_team": "TJH5YU202",
        "source_team": "TJH5YU202",
        "user_profile": {
            "avatar_hash": "g6b8073e00e9",
            "image_72": "https:\/\/secure.gravatar.com\/avatar\/b96b8073e00e9eb02bcf05bc1418eb3a.jpg?s=72&d=https%3A%2F%2Fa.slack-edge.com%2F80588%2Fimg%2Favatars%2Fuser_shapes%2Fava_0021-72.png",
            "first_name": "Otto",
            "real_name": "Otto Atzwanger",
            "display_name": "Otto",
            "team": "TJH5YU202",
            "name": "otto",
            "is_restricted": false,
            "is_ultra_restricted": false
        }
    },
    {
        "client_msg_id": "f307d232-07ed-4615-8df1-7c9592af2d58",
        "type": "message",
        "text": "Installation of Hyper-V on your PC and than a new virtual machine with WINDOWS 7 - than free update to WINDOWS 10.",
        "user": "UJHD6A81H",
        "ts": "1569087540.258600",
        "team": "TJH5YU202",
        "user_team": "TJH5YU202",
        "source_team": "TJH5YU202",
        "user_profile": {
            "avatar_hash": "g6b8073e00e9",
            "image_72": "https:\/\/secure.gravatar.com\/avatar\/b96b8073e00e9eb02bcf05bc1418eb3a.jpg?s=72&d=https%3A%2F%2Fa.slack-edge.com%2F80588%2Fimg%2Favatars%2Fuser_shapes%2Fava_0021-72.png",
            "first_name": "Otto",
            "real_name": "Otto Atzwanger",
            "display_name": "Otto",
            "team": "TJH5YU202",
            "name": "otto",
            "is_restricted": false,
            "is_ultra_restricted": false
        }
    },
    {
        "client_msg_id": "e81cb013-a3ce-4eca-8f8c-32d81bc08c61",
        "type": "message",
        "text": "Follow the \"5 steps and APACHE mod harbour is running\" from here <http:\/\/forums.fivetechsupport.com\/viewtopic.php?f=45&amp;t=37711>",
        "user": "UJHD6A81H",
        "ts": "1569087647.259200",
        "team": "TJH5YU202",
        "user_team": "TJH5YU202",
        "source_team": "TJH5YU202",
        "user_profile": {
            "avatar_hash": "g6b8073e00e9",
            "image_72": "https:\/\/secure.gravatar.com\/avatar\/b96b8073e00e9eb02bcf05bc1418eb3a.jpg?s=72&d=https%3A%2F%2Fa.slack-edge.com%2F80588%2Fimg%2Favatars%2Fuser_shapes%2Fava_0021-72.png",
            "first_name": "Otto",
            "real_name": "Otto Atzwanger",
            "display_name": "Otto",
            "team": "TJH5YU202",
            "name": "otto",
            "is_restricted": false,
            "is_ultra_restricted": false
        },
        "reactions": [
            {
                "name": "clap",
                "users": [
                    "UJUJLTWMT",
                    "UJN8D8U3B",
                    "UJHD6A81H"
                ],
                "count": 3
            }
        ]
    },
    {
        "client_msg_id": "21c11f6f-ca4e-4083-9c70-f827591e6762",
        "type": "message",
        "text": "Para instalar mod_harbour, en un servidor remoto, tenemos algún manual ? gracias",
        "user": "UJULAGJG5",
        "ts": "1569089364.260100",
        "team": "TJH5YU202",
        "user_team": "TJH5YU202",
        "source_team": "TJH5YU202",
        "user_profile": {
            "avatar_hash": "g456e0b2cdb9",
            "image_72": "https:\/\/secure.gravatar.com\/avatar\/dc456e0b2cdb991048d487a08c4a8c7a.jpg?s=72&d=https%3A%2F%2Fa.slack-edge.com%2F80588%2Fimg%2Favatars%2Fuser_shapes%2Fava_0004-72.png",
            "first_name": "",
            "real_name": "Gabriel",
            "display_name": "Gabriel",
            "team": "TJH5YU202",
            "name": "jgabri",
            "is_restricted": false,
            "is_ultra_restricted": false
        }
    },
    {
        "client_msg_id": "27eba532-31b6-463f-89e7-45a3a8adcc35",
        "type": "message",
        "text": "Gabi el enlace que ha puesto Otto",
        "user": "UJN8D8U3B",
        "ts": "1569093624.260600",
        "team": "TJH5YU202",
        "user_team": "TJH5YU202",
        "source_team": "TJH5YU202",
        "user_profile": {
            "avatar_hash": "g92ad2abcc45",
            "image_72": "https:\/\/secure.gravatar.com\/avatar\/8492ad2abcc45ce53969adcf8420acde.jpg?s=72&d=https%3A%2F%2Fa.slack-edge.com%2F80588%2Fimg%2Favatars%2Fuser_shapes%2Fava_0008-72.png",
            "first_name": "",
            "real_name": "Antonio Linares",
            "display_name": "Antonio Linares",
            "team": "TJH5YU202",
            "name": "alinares",
            "is_restricted": false,
            "is_ultra_restricted": false
        }
    },
    {
        "client_msg_id": "4510cf86-4d37-4aae-9577-44017ca8e1fe",
        "type": "message",
        "text": "Gracias",
        "user": "UJULAGJG5",
        "ts": "1569095981.261000",
        "team": "TJH5YU202",
        "user_team": "TJH5YU202",
        "source_team": "TJH5YU202",
        "user_profile": {
            "avatar_hash": "g456e0b2cdb9",
            "image_72": "https:\/\/secure.gravatar.com\/avatar\/dc456e0b2cdb991048d487a08c4a8c7a.jpg?s=72&d=https%3A%2F%2Fa.slack-edge.com%2F80588%2Fimg%2Favatars%2Fuser_shapes%2Fava_0004-72.png",
            "first_name": "",
            "real_name": "Gabriel",
            "display_name": "Gabriel",
            "team": "TJH5YU202",
            "name": "jgabri",
            "is_restricted": false,
            "is_ultra_restricted": false
        }
    },
    {
        "type": "message",
        "text": "Instalado harbour en winserver 2012 r2 STD",
        "files": [
            {
                "id": "FN7V7PL8J",
                "created": 1569104843,
                "timestamp": 1569104843,
                "name": "image.png",
                "title": "image.png",
                "mimetype": "image\/png",
                "filetype": "png",
                "pretty_type": "PNG",
                "user": "UK28N3CER",
                "editable": false,
                "size": 90429,
                "mode": "hosted",
                "is_external": false,
                "external_type": "",
                "is_public": true,
                "public_url_shared": false,
                "display_as_bot": false,
                "username": "",
                "url_private": "https:\/\/files.slack.com\/files-pri\/TJH5YU202-FN7V7PL8J\/image.png?t=xoxe-629202954002-776688371669-763909703378-01ffaa4c4eeda75ea92ad255b32a04e5",
                "url_private_download": "https:\/\/files.slack.com\/files-pri\/TJH5YU202-FN7V7PL8J\/download\/image.png?t=xoxe-629202954002-776688371669-763909703378-01ffaa4c4eeda75ea92ad255b32a04e5",
                "thumb_64": "https:\/\/files.slack.com\/files-tmb\/TJH5YU202-FN7V7PL8J-6d72919aae\/image_64.png?t=xoxe-629202954002-776688371669-763909703378-01ffaa4c4eeda75ea92ad255b32a04e5",
                "thumb_80": "https:\/\/files.slack.com\/files-tmb\/TJH5YU202-FN7V7PL8J-6d72919aae\/image_80.png?t=xoxe-629202954002-776688371669-763909703378-01ffaa4c4eeda75ea92ad255b32a04e5",
                "thumb_360": "https:\/\/files.slack.com\/files-tmb\/TJH5YU202-FN7V7PL8J-6d72919aae\/image_360.png?t=xoxe-629202954002-776688371669-763909703378-01ffaa4c4eeda75ea92ad255b32a04e5",
                "thumb_360_w": 360,
                "thumb_360_h": 306,
                "thumb_480": "https:\/\/files.slack.com\/files-tmb\/TJH5YU202-FN7V7PL8J-6d72919aae\/image_480.png?t=xoxe-629202954002-776688371669-763909703378-01ffaa4c4eeda75ea92ad255b32a04e5",
                "thumb_480_w": 480,
                "thumb_480_h": 407,
                "thumb_160": "https:\/\/files.slack.com\/files-tmb\/TJH5YU202-FN7V7PL8J-6d72919aae\/image_160.png?t=xoxe-629202954002-776688371669-763909703378-01ffaa4c4eeda75ea92ad255b32a04e5",
                "thumb_720": "https:\/\/files.slack.com\/files-tmb\/TJH5YU202-FN7V7PL8J-6d72919aae\/image_720.png?t=xoxe-629202954002-776688371669-763909703378-01ffaa4c4eeda75ea92ad255b32a04e5",
                "thumb_720_w": 720,
                "thumb_720_h": 611,
                "thumb_800": "https:\/\/files.slack.com\/files-tmb\/TJH5YU202-FN7V7PL8J-6d72919aae\/image_800.png?t=xoxe-629202954002-776688371669-763909703378-01ffaa4c4eeda75ea92ad255b32a04e5",
                "thumb_800_w": 800,
                "thumb_800_h": 679,
                "image_exif_rotation": 1,
                "original_w": 853,
                "original_h": 724,
                "permalink": "https:\/\/harbourproject.slack.com\/files\/UK28N3CER\/FN7V7PL8J\/image.png",
                "permalink_public": "https:\/\/slack-files.com\/TJH5YU202-FN7V7PL8J-9e73aa31c5",
                "is_starred": false,
                "has_rich_preview": false
            }
        ],
        "upload": true,
        "user": "UK28N3CER",
        "display_as_bot": false,
        "ts": "1569104845.261100",
        "client_msg_id": "7af6099f-6a53-41ef-a556-253042f15c69"
    },
    {
        "client_msg_id": "17750334-b079-4061-b230-bb5b31da5805",
        "type": "message",
        "text": "Many tanks OTTO ... :+1: !",
        "user": "UK28N3CER",
        "ts": "1569104889.261700",
        "team": "TJH5YU202",
        "user_team": "TJH5YU202",
        "source_team": "TJH5YU202",
        "user_profile": {
            "avatar_hash": "3fec6e3393a8",
            "image_72": "https:\/\/avatars.slack-edge.com\/2019-08-17\/723363154273_3fec6e3393a86fb3e470_72.jpg",
            "first_name": "",
            "real_name": "Cesar SysCtrl Software",
            "display_name": "Cesar SysCtrl Software",
            "team": "TJH5YU202",
            "name": "sysctrlsoftware",
            "is_restricted": false,
            "is_ultra_restricted": false
        },
        "reactions": [
            {
                "name": "clap",
                "users": [
                    "UJUJLTWMT",
                    "UJN8D8U3B"
                ],
                "count": 2
            }
        ]
    },
    {
        "client_msg_id": "c00e99fb-f1c8-42be-9bcc-d7c43fca5a5b",
        "type": "message",
        "text": "buenos dias :sunny:",
        "user": "UJN8D8U3B",
        "ts": "1569133177.262200",
        "team": "TJH5YU202",
        "user_team": "TJH5YU202",
        "source_team": "TJH5YU202",
        "user_profile": {
            "avatar_hash": "g92ad2abcc45",
            "image_72": "https:\/\/secure.gravatar.com\/avatar\/8492ad2abcc45ce53969adcf8420acde.jpg?s=72&d=https%3A%2F%2Fa.slack-edge.com%2F80588%2Fimg%2Favatars%2Fuser_shapes%2Fava_0008-72.png",
            "first_name": "",
            "real_name": "Antonio Linares",
            "display_name": "Antonio Linares",
            "team": "TJH5YU202",
            "name": "alinares",
            "is_restricted": false,
            "is_ultra_restricted": false
        }
    },
    {
        "client_msg_id": "3f30b634-1fe0-4688-ac88-9280ecfe2fed",
        "type": "message",
        "text": "good morning",
        "user": "UJHD6A81H",
        "ts": "1569134499.262500",
        "team": "TJH5YU202",
        "user_team": "TJH5YU202",
        "source_team": "TJH5YU202",
        "user_profile": {
            "avatar_hash": "g6b8073e00e9",
            "image_72": "https:\/\/secure.gravatar.com\/avatar\/b96b8073e00e9eb02bcf05bc1418eb3a.jpg?s=72&d=https%3A%2F%2Fa.slack-edge.com%2F80588%2Fimg%2Favatars%2Fuser_shapes%2Fava_0021-72.png",
            "first_name": "Otto",
            "real_name": "Otto Atzwanger",
            "display_name": "Otto",
            "team": "TJH5YU202",
            "name": "otto",
            "is_restricted": false,
            "is_ultra_restricted": false
        }
    },
    {
        "client_msg_id": "19c20e10-2677-4cc4-aa7d-e944d82c3b92",
        "type": "message",
        "text": "Dear Antonio, would you please be so kind to add to the dbrowse.prg from the mod harbour samples an edit dialog and show how data within table refreshes. This seems to me a very basic function which all need and therefore code should be \"Antonio style\". Have a nice Sunday.",
        "user": "UJHD6A81H",
        "ts": "1569134628.263800",
        "team": "TJH5YU202",
        "user_team": "TJH5YU202",
        "source_team": "TJH5YU202",
        "user_profile": {
            "avatar_hash": "g6b8073e00e9",
            "image_72": "https:\/\/secure.gravatar.com\/avatar\/b96b8073e00e9eb02bcf05bc1418eb3a.jpg?s=72&d=https%3A%2F%2Fa.slack-edge.com%2F80588%2Fimg%2Favatars%2Fuser_shapes%2Fava_0021-72.png",
            "first_name": "Otto",
            "real_name": "Otto Atzwanger",
            "display_name": "Otto",
            "team": "TJH5YU202",
            "name": "otto",
            "is_restricted": false,
            "is_ultra_restricted": false
        }
    }
]