[
    {
        "client_msg_id": "0c7d6e1f-6a7b-4555-b8fd-18b0ca3b0cdc",
        "type": "message",
        "text": "good morning",
        "user": "UJHD6A81H",
        "ts": "1568531475.053200",
        "team": "TJH5YU202",
        "user_team": "TJH5YU202",
        "source_team": "TJH5YU202",
        "user_profile": {
            "avatar_hash": "g6b8073e00e9",
            "image_72": "https:\/\/secure.gravatar.com\/avatar\/b96b8073e00e9eb02bcf05bc1418eb3a.jpg?s=72&d=https%3A%2F%2Fa.slack-edge.com%2F80588%2Fimg%2Favatars%2Fuser_shapes%2Fava_0021-72.png",
            "first_name": "Otto",
            "real_name": "Otto Atzwanger",
            "display_name": "Otto",
            "team": "TJH5YU202",
            "name": "otto",
            "is_restricted": false,
            "is_ultra_restricted": false
        }
    },
    {
        "client_msg_id": "06331482-ea84-4862-9af8-aacf29828a74",
        "type": "message",
        "text": "it seems to me that setcookie makes a space before the name:  {\"viewed_cookie_policy\"=&gt;\"yes\", \" booking\"=&gt;\"mybooking\"}",
        "user": "UJHD6A81H",
        "ts": "1568534529.053900",
        "team": "TJH5YU202",
        "user_team": "TJH5YU202",
        "source_team": "TJH5YU202",
        "user_profile": {
            "avatar_hash": "g6b8073e00e9",
            "image_72": "https:\/\/secure.gravatar.com\/avatar\/b96b8073e00e9eb02bcf05bc1418eb3a.jpg?s=72&d=https%3A%2F%2Fa.slack-edge.com%2F80588%2Fimg%2Favatars%2Fuser_shapes%2Fava_0021-72.png",
            "first_name": "Otto",
            "real_name": "Otto Atzwanger",
            "display_name": "Otto",
            "team": "TJH5YU202",
            "name": "otto",
            "is_restricted": false,
            "is_ultra_restricted": false
        }
    },
    {
        "client_msg_id": "51ea6bf9-fa22-44fb-91e9-8b30c0307995",
        "type": "message",
        "text": "How do you check them ?",
        "user": "UJN8D8U3B",
        "ts": "1568539863.054500",
        "team": "TJH5YU202",
        "user_team": "TJH5YU202",
        "source_team": "TJH5YU202",
        "user_profile": {
            "avatar_hash": "g92ad2abcc45",
            "image_72": "https:\/\/secure.gravatar.com\/avatar\/8492ad2abcc45ce53969adcf8420acde.jpg?s=72&d=https%3A%2F%2Fa.slack-edge.com%2F80588%2Fimg%2Favatars%2Fuser_shapes%2Fava_0008-72.png",
            "first_name": "",
            "real_name": "Antonio Linares",
            "display_name": "Antonio Linares",
            "team": "TJH5YU202",
            "name": "alinares",
            "is_restricted": false,
            "is_ultra_restricted": false
        },
        "thread_ts": "1568539863.054500",
        "reply_count": 1,
        "reply_users_count": 1,
        "latest_reply": "1568545997.061500",
        "reply_users": [
            "UJHD6A81H"
        ],
        "replies": [
            {
                "user": "UJHD6A81H",
                "ts": "1568545997.061500"
            }
        ],
        "subscribed": false
    },
    {
        "client_msg_id": "defdf2d7-4715-435c-b413-e19f9673c4a2",
        "type": "message",
        "text": "MS SQL + ADO working, soon on WDO :+1::wink:",
        "user": "UJN8D8U3B",
        "ts": "1568541139.055300",
        "team": "TJH5YU202",
        "user_team": "TJH5YU202",
        "source_team": "TJH5YU202",
        "user_profile": {
            "avatar_hash": "g92ad2abcc45",
            "image_72": "https:\/\/secure.gravatar.com\/avatar\/8492ad2abcc45ce53969adcf8420acde.jpg?s=72&d=https%3A%2F%2Fa.slack-edge.com%2F80588%2Fimg%2Favatars%2Fuser_shapes%2Fava_0008-72.png",
            "first_name": "",
            "real_name": "Antonio Linares",
            "display_name": "Antonio Linares",
            "team": "TJH5YU202",
            "name": "alinares",
            "is_restricted": false,
            "is_ultra_restricted": false
        },
        "reactions": [
            {
                "name": "scream",
                "users": [
                    "UK28N3CER"
                ],
                "count": 1
            }
        ]
    },
    {
        "client_msg_id": "10b3f8e3-b60d-49e0-9015-984929f9f2b0",
        "type": "message",
        "text": "Access + ADO working too",
        "user": "UJN8D8U3B",
        "ts": "1568541149.055600",
        "team": "TJH5YU202",
        "user_team": "TJH5YU202",
        "source_team": "TJH5YU202",
        "user_profile": {
            "avatar_hash": "g92ad2abcc45",
            "image_72": "https:\/\/secure.gravatar.com\/avatar\/8492ad2abcc45ce53969adcf8420acde.jpg?s=72&d=https%3A%2F%2Fa.slack-edge.com%2F80588%2Fimg%2Favatars%2Fuser_shapes%2Fava_0008-72.png",
            "first_name": "",
            "real_name": "Antonio Linares",
            "display_name": "Antonio Linares",
            "team": "TJH5YU202",
            "name": "alinares",
            "is_restricted": false,
            "is_ultra_restricted": false
        }
    },
    {
        "client_msg_id": "96479d41-6e51-4ff5-9131-dcf5764d885c",
        "type": "message",
        "text": "A lo mejor me estoy perdiendo algo porque no me he mirado en detalle los makefiles de apache, pero linux\/build.sh parece estar compilando mod_harbour.so, pero luego no lo copia a ningún lado.",
        "user": "UNAHBRTFA",
        "ts": "1568545344.056500",
        "team": "TJH5YU202",
        "user_team": "TJH5YU202",
        "source_team": "TJH5YU202",
        "user_profile": {
            "avatar_hash": "g3d2a3f4c28c",
            "image_72": "https:\/\/secure.gravatar.com\/avatar\/23d2a3f4c28cebb4cf07e48d02620517.jpg?s=72&d=https%3A%2F%2Fa.slack-edge.com%2F80588%2Fimg%2Favatars%2Fuser_shapes%2Fava_0020-72.png",
            "first_name": "",
            "real_name": "Andreu Botella",
            "display_name": "Andreu Botella",
            "team": "TJH5YU202",
            "name": "andreu.132",
            "is_restricted": false,
            "is_ultra_restricted": false
        }
    },
    {
        "client_msg_id": "afe2a7bd-2616-4694-b699-d5efecac9b1c",
        "type": "message",
        "text": "usamos symlinks para acceder a mod_harbour.so y a libharbour.so",
        "user": "UJN8D8U3B",
        "ts": "1568545557.057600",
        "team": "TJH5YU202",
        "user_team": "TJH5YU202",
        "source_team": "TJH5YU202",
        "user_profile": {
            "avatar_hash": "g92ad2abcc45",
            "image_72": "https:\/\/secure.gravatar.com\/avatar\/8492ad2abcc45ce53969adcf8420acde.jpg?s=72&d=https%3A%2F%2Fa.slack-edge.com%2F80588%2Fimg%2Favatars%2Fuser_shapes%2Fava_0008-72.png",
            "first_name": "",
            "real_name": "Antonio Linares",
            "display_name": "Antonio Linares",
            "team": "TJH5YU202",
            "name": "alinares",
            "is_restricted": false,
            "is_ultra_restricted": false
        }
    },
    {
        "client_msg_id": "83006b4e-d6fc-443a-8879-4e99f12c726a",
        "type": "message",
        "text": "es lo recomendable, pero hay quienes lo copian y listo",
        "user": "UJN8D8U3B",
        "ts": "1568545589.058400",
        "team": "TJH5YU202",
        "user_team": "TJH5YU202",
        "source_team": "TJH5YU202",
        "user_profile": {
            "avatar_hash": "g92ad2abcc45",
            "image_72": "https:\/\/secure.gravatar.com\/avatar\/8492ad2abcc45ce53969adcf8420acde.jpg?s=72&d=https%3A%2F%2Fa.slack-edge.com%2F80588%2Fimg%2Favatars%2Fuser_shapes%2Fava_0008-72.png",
            "first_name": "",
            "real_name": "Antonio Linares",
            "display_name": "Antonio Linares",
            "team": "TJH5YU202",
            "name": "alinares",
            "is_restricted": false,
            "is_ultra_restricted": false
        }
    },
    {
        "client_msg_id": "2da5e792-33fd-42aa-adac-3cc62dab3018",
        "type": "message",
        "text": "Lo que estoy diciendo es que build.sh no hace ningún symlink desde ~\/temp\/harbour\/.libs\/mod_harbour.so a ~\/mod_harbour\/linux\/\"Ubuntu 18.04\"",
        "user": "UNAHBRTFA",
        "ts": "1568545631.059200",
        "team": "TJH5YU202",
        "user_team": "TJH5YU202",
        "source_team": "TJH5YU202",
        "user_profile": {
            "avatar_hash": "g3d2a3f4c28c",
            "image_72": "https:\/\/secure.gravatar.com\/avatar\/23d2a3f4c28cebb4cf07e48d02620517.jpg?s=72&d=https%3A%2F%2Fa.slack-edge.com%2F80588%2Fimg%2Favatars%2Fuser_shapes%2Fava_0020-72.png",
            "first_name": "",
            "real_name": "Andreu Botella",
            "display_name": "Andreu Botella",
            "team": "TJH5YU202",
            "name": "andreu.132",
            "is_restricted": false,
            "is_ultra_restricted": false
        }
    },
    {
        "client_msg_id": "33904694-b810-43e8-94b6-3ad717477b67",
        "type": "message",
        "text": "pero luego sí hace uno desde Ubuntu 18.04\/mod_harbour.so a \/usr\/lib\/apache2\/modules",
        "user": "UNAHBRTFA",
        "ts": "1568545655.059800",
        "team": "TJH5YU202",
        "user_team": "TJH5YU202",
        "source_team": "TJH5YU202",
        "user_profile": {
            "avatar_hash": "g3d2a3f4c28c",
            "image_72": "https:\/\/secure.gravatar.com\/avatar\/23d2a3f4c28cebb4cf07e48d02620517.jpg?s=72&d=https%3A%2F%2Fa.slack-edge.com%2F80588%2Fimg%2Favatars%2Fuser_shapes%2Fava_0020-72.png",
            "first_name": "",
            "real_name": "Andreu Botella",
            "display_name": "Andreu Botella",
            "team": "TJH5YU202",
            "name": "andreu.132",
            "is_restricted": false,
            "is_ultra_restricted": false
        }
    },
    {
        "client_msg_id": "220dbfb7-33d1-405f-9291-adf256aa6e28",
        "type": "message",
        "text": "No está completo",
        "user": "UJN8D8U3B",
        "ts": "1568545714.060300",
        "team": "TJH5YU202",
        "user_team": "TJH5YU202",
        "source_team": "TJH5YU202",
        "user_profile": {
            "avatar_hash": "g92ad2abcc45",
            "image_72": "https:\/\/secure.gravatar.com\/avatar\/8492ad2abcc45ce53969adcf8420acde.jpg?s=72&d=https%3A%2F%2Fa.slack-edge.com%2F80588%2Fimg%2Favatars%2Fuser_shapes%2Fava_0008-72.png",
            "first_name": "",
            "real_name": "Antonio Linares",
            "display_name": "Antonio Linares",
            "team": "TJH5YU202",
            "name": "alinares",
            "is_restricted": false,
            "is_ultra_restricted": false
        }
    },
    {
        "client_msg_id": "d3fef215-3d1b-4d5b-9082-23040e3fa2de",
        "type": "message",
        "text": "en realidad se construyó a mano y luego build.sh intentó reproducir los pasos",
        "user": "UJN8D8U3B",
        "ts": "1568545738.060900",
        "team": "TJH5YU202",
        "user_team": "TJH5YU202",
        "source_team": "TJH5YU202",
        "user_profile": {
            "avatar_hash": "g92ad2abcc45",
            "image_72": "https:\/\/secure.gravatar.com\/avatar\/8492ad2abcc45ce53969adcf8420acde.jpg?s=72&d=https%3A%2F%2Fa.slack-edge.com%2F80588%2Fimg%2Favatars%2Fuser_shapes%2Fava_0008-72.png",
            "first_name": "",
            "real_name": "Antonio Linares",
            "display_name": "Antonio Linares",
            "team": "TJH5YU202",
            "name": "alinares",
            "is_restricted": false,
            "is_ultra_restricted": false
        }
    },
    {
        "client_msg_id": "bf26ccdb-a6c2-4cb7-9429-cd5c954fe4ad",
        "type": "message",
        "text": "posiblemente falte eso que comentas",
        "user": "UJN8D8U3B",
        "ts": "1568545748.061200",
        "team": "TJH5YU202",
        "user_team": "TJH5YU202",
        "source_team": "TJH5YU202",
        "user_profile": {
            "avatar_hash": "g92ad2abcc45",
            "image_72": "https:\/\/secure.gravatar.com\/avatar\/8492ad2abcc45ce53969adcf8420acde.jpg?s=72&d=https%3A%2F%2Fa.slack-edge.com%2F80588%2Fimg%2Favatars%2Fuser_shapes%2Fava_0008-72.png",
            "first_name": "",
            "real_name": "Antonio Linares",
            "display_name": "Antonio Linares",
            "team": "TJH5YU202",
            "name": "alinares",
            "is_restricted": false,
            "is_ultra_restricted": false
        }
    },
    {
        "client_msg_id": "296304da-93e2-4369-8686-836c187d090b",
        "type": "message",
        "text": "dame un momento y abro el PR",
        "user": "UNAHBRTFA",
        "ts": "1568545762.061400",
        "team": "TJH5YU202",
        "user_team": "TJH5YU202",
        "source_team": "TJH5YU202",
        "user_profile": {
            "avatar_hash": "g3d2a3f4c28c",
            "image_72": "https:\/\/secure.gravatar.com\/avatar\/23d2a3f4c28cebb4cf07e48d02620517.jpg?s=72&d=https%3A%2F%2Fa.slack-edge.com%2F80588%2Fimg%2Favatars%2Fuser_shapes%2Fava_0020-72.png",
            "first_name": "",
            "real_name": "Andreu Botella",
            "display_name": "Andreu Botella",
            "team": "TJH5YU202",
            "name": "andreu.132",
            "is_restricted": false,
            "is_ultra_restricted": false
        }
    },
    {
        "client_msg_id": "d54a140b-f277-4b4b-a238-3d6d79cf137e",
        "type": "message",
        "text": "Post.prg\nGreetings from Cortina",
        "user": "UJHD6A81H",
        "ts": "1568545997.061500",
        "team": "TJH5YU202",
        "user_team": "TJH5YU202",
        "source_team": "TJH5YU202",
        "user_profile": {
            "avatar_hash": "g6b8073e00e9",
            "image_72": "https:\/\/secure.gravatar.com\/avatar\/b96b8073e00e9eb02bcf05bc1418eb3a.jpg?s=72&d=https%3A%2F%2Fa.slack-edge.com%2F80588%2Fimg%2Favatars%2Fuser_shapes%2Fava_0021-72.png",
            "first_name": "Otto",
            "real_name": "Otto Atzwanger",
            "display_name": "Otto",
            "team": "TJH5YU202",
            "name": "otto",
            "is_restricted": false,
            "is_ultra_restricted": false
        },
        "thread_ts": "1568539863.054500",
        "parent_user_id": "UJN8D8U3B"
    },
    {
        "client_msg_id": "97718c71-be9c-4b4d-9eff-ce8dd207f286",
        "type": "message",
        "text": "<https:\/\/github.com\/FiveTechSoft\/mod_harbour\/pull\/79>",
        "user": "UNAHBRTFA",
        "ts": "1568546338.061800",
        "team": "TJH5YU202",
        "user_team": "TJH5YU202",
        "source_team": "TJH5YU202",
        "user_profile": {
            "avatar_hash": "g3d2a3f4c28c",
            "image_72": "https:\/\/secure.gravatar.com\/avatar\/23d2a3f4c28cebb4cf07e48d02620517.jpg?s=72&d=https%3A%2F%2Fa.slack-edge.com%2F80588%2Fimg%2Favatars%2Fuser_shapes%2Fava_0020-72.png",
            "first_name": "",
            "real_name": "Andreu Botella",
            "display_name": "Andreu Botella",
            "team": "TJH5YU202",
            "name": "andreu.132",
            "is_restricted": false,
            "is_ultra_restricted": false
        },
        "attachments": [
            {
                "service_name": "GitHub",
                "title": "Fixing a missing line in the Linux build script. by andreubotella · Pull Request #79 · FiveTechSoft\/mod_harbour",
                "title_link": "https:\/\/github.com\/FiveTechSoft\/mod_harbour\/pull\/79",
                "text": "The way the Linux build script is right now, mod_harbour.so is getting compiled but not updated. This PR fixes that.",
                "fallback": "GitHub: Fixing a missing line in the Linux build script. by andreubotella · Pull Request #79 · FiveTechSoft\/mod_harbour",
                "from_url": "https:\/\/github.com\/FiveTechSoft\/mod_harbour\/pull\/79",
                "thumb_url": "https:\/\/repository-images.githubusercontent.com\/186821405\/052d6000-7f03-11e9-85fa-9472623f216c",
                "thumb_width": 190,
                "thumb_height": 191,
                "service_icon": "https:\/\/a.slack-edge.com\/80588\/img\/unfurl_icons\/github.png",
                "id": 1,
                "original_url": "https:\/\/github.com\/FiveTechSoft\/mod_harbour\/pull\/79"
            }
        ]
    },
    {
        "client_msg_id": "5456c123-c473-4d3f-b3b3-f0854b1dd4ba",
        "type": "message",
        "text": "Había hecho clone antes de crear un fork, y me ha costado cambiar los remotos del repo local",
        "user": "UNAHBRTFA",
        "ts": "1568546394.062700",
        "team": "TJH5YU202",
        "user_team": "TJH5YU202",
        "source_team": "TJH5YU202",
        "user_profile": {
            "avatar_hash": "g3d2a3f4c28c",
            "image_72": "https:\/\/secure.gravatar.com\/avatar\/23d2a3f4c28cebb4cf07e48d02620517.jpg?s=72&d=https%3A%2F%2Fa.slack-edge.com%2F80588%2Fimg%2Favatars%2Fuser_shapes%2Fava_0020-72.png",
            "first_name": "",
            "real_name": "Andreu Botella",
            "display_name": "Andreu Botella",
            "team": "TJH5YU202",
            "name": "andreu.132",
            "is_restricted": false,
            "is_ultra_restricted": false
        }
    },
    {
        "type": "message",
        "text": "",
        "files": [
            {
                "id": "FN6A876D7",
                "created": 1568547753,
                "timestamp": 1568547753,
                "name": "imagen.png",
                "title": "imagen.png",
                "mimetype": "image\/png",
                "filetype": "png",
                "pretty_type": "PNG",
                "user": "UJUJLTWMT",
                "editable": false,
                "size": 249639,
                "mode": "hosted",
                "is_external": false,
                "external_type": "",
                "is_public": true,
                "public_url_shared": false,
                "display_as_bot": false,
                "username": "",
                "url_private": "https:\/\/files.slack.com\/files-pri\/TJH5YU202-FN6A876D7\/imagen.png?t=xoxe-629202954002-776688371669-763909703378-01ffaa4c4eeda75ea92ad255b32a04e5",
                "url_private_download": "https:\/\/files.slack.com\/files-pri\/TJH5YU202-FN6A876D7\/download\/imagen.png?t=xoxe-629202954002-776688371669-763909703378-01ffaa4c4eeda75ea92ad255b32a04e5",
                "thumb_64": "https:\/\/files.slack.com\/files-tmb\/TJH5YU202-FN6A876D7-4ba65ecdb0\/imagen_64.png?t=xoxe-629202954002-776688371669-763909703378-01ffaa4c4eeda75ea92ad255b32a04e5",
                "thumb_80": "https:\/\/files.slack.com\/files-tmb\/TJH5YU202-FN6A876D7-4ba65ecdb0\/imagen_80.png?t=xoxe-629202954002-776688371669-763909703378-01ffaa4c4eeda75ea92ad255b32a04e5",
                "thumb_360": "https:\/\/files.slack.com\/files-tmb\/TJH5YU202-FN6A876D7-4ba65ecdb0\/imagen_360.png?t=xoxe-629202954002-776688371669-763909703378-01ffaa4c4eeda75ea92ad255b32a04e5",
                "thumb_360_w": 360,
                "thumb_360_h": 169,
                "thumb_480": "https:\/\/files.slack.com\/files-tmb\/TJH5YU202-FN6A876D7-4ba65ecdb0\/imagen_480.png?t=xoxe-629202954002-776688371669-763909703378-01ffaa4c4eeda75ea92ad255b32a04e5",
                "thumb_480_w": 480,
                "thumb_480_h": 226,
                "thumb_160": "https:\/\/files.slack.com\/files-tmb\/TJH5YU202-FN6A876D7-4ba65ecdb0\/imagen_160.png?t=xoxe-629202954002-776688371669-763909703378-01ffaa4c4eeda75ea92ad255b32a04e5",
                "thumb_720": "https:\/\/files.slack.com\/files-tmb\/TJH5YU202-FN6A876D7-4ba65ecdb0\/imagen_720.png?t=xoxe-629202954002-776688371669-763909703378-01ffaa4c4eeda75ea92ad255b32a04e5",
                "thumb_720_w": 720,
                "thumb_720_h": 339,
                "thumb_800": "https:\/\/files.slack.com\/files-tmb\/TJH5YU202-FN6A876D7-4ba65ecdb0\/imagen_800.png?t=xoxe-629202954002-776688371669-763909703378-01ffaa4c4eeda75ea92ad255b32a04e5",
                "thumb_800_w": 800,
                "thumb_800_h": 376,
                "image_exif_rotation": 1,
                "original_w": 850,
                "original_h": 400,
                "permalink": "https:\/\/harbourproject.slack.com\/files\/UJUJLTWMT\/FN6A876D7\/imagen.png",
                "permalink_public": "https:\/\/slack-files.com\/TJH5YU202-FN6A876D7-7bb3c50a4f",
                "is_starred": false,
                "has_rich_preview": false
            }
        ],
        "upload": true,
        "user": "UJUJLTWMT",
        "display_as_bot": false,
        "ts": "1568547755.062800",
        "client_msg_id": "c26b849d-1199-4686-9ddb-df18466dea90"
    },
    {
        "client_msg_id": "cc405d0c-32f0-4d74-a7e9-4953464b2082",
        "type": "message",
        "text": ":ok_hand:",
        "user": "UJN8D8U3B",
        "ts": "1568551483.063200",
        "team": "TJH5YU202",
        "user_team": "TJH5YU202",
        "source_team": "TJH5YU202",
        "user_profile": {
            "avatar_hash": "g92ad2abcc45",
            "image_72": "https:\/\/secure.gravatar.com\/avatar\/8492ad2abcc45ce53969adcf8420acde.jpg?s=72&d=https%3A%2F%2Fa.slack-edge.com%2F80588%2Fimg%2Favatars%2Fuser_shapes%2Fava_0008-72.png",
            "first_name": "",
            "real_name": "Antonio Linares",
            "display_name": "Antonio Linares",
            "team": "TJH5YU202",
            "name": "alinares",
            "is_restricted": false,
            "is_ultra_restricted": false
        }
    },
    {
        "client_msg_id": "b77c5256-23ff-4524-9ab2-35e273de2753",
        "type": "message",
        "text": "<@UJN8D8U3B> tengo un problemilla, le hago attach a C:\\Windows\\System32\\inetsrv\\w3wp.exe  para debugear y me corre todo perfectamente ( bueno casi :slightly_smiling_face: )  me carga libharbour.dll da igual donde la ponga ahorita mismo la puse otra vez en c:\\\\Windows\\\\SysWOW64\\\\inetsrv\\\\\n\nLe he puesto peloticas a todos los callbacks y llama a _hb_apache()   . Todo perfecto excepto que nunca llama a  ap_rputs. Lo esty probando con post.prg",
        "user": "UMZ3LNV5Z",
        "ts": "1568558480.067400",
        "team": "TJH5YU202",
        "user_team": "TJH5YU202",
        "source_team": "TJH5YU202",
        "user_profile": {
            "avatar_hash": "ec1f7fc24912",
            "image_72": "https:\/\/avatars.slack-edge.com\/2019-09-16\/760961231605_ec1f7fc24912daa47f98_72.jpg",
            "first_name": "Pablo",
            "real_name": "Pablo Botella",
            "display_name": "Pablo Botella",
            "team": "TJH5YU202",
            "name": "pb",
            "is_restricted": false,
            "is_ultra_restricted": false
        },
        "edited": {
            "user": "UMZ3LNV5Z",
            "ts": "1568560023.000000"
        }
    },
    {
        "client_msg_id": "da6706d3-3e85-4794-817c-40a72814abba",
        "type": "message",
        "text": "No tendrás a mano un libharbour.dll compilado a 64 para debug? me vendría genial  para debugearlo rapidamente y ver donde se engancha",
        "user": "UMZ3LNV5Z",
        "ts": "1568558573.068900",
        "team": "TJH5YU202",
        "user_team": "TJH5YU202",
        "source_team": "TJH5YU202",
        "user_profile": {
            "avatar_hash": "ec1f7fc24912",
            "image_72": "https:\/\/avatars.slack-edge.com\/2019-09-16\/760961231605_ec1f7fc24912daa47f98_72.jpg",
            "first_name": "Pablo",
            "real_name": "Pablo Botella",
            "display_name": "Pablo Botella",
            "team": "TJH5YU202",
            "name": "pb",
            "is_restricted": false,
            "is_ultra_restricted": false
        }
    },
    {
        "client_msg_id": "a64c0eff-349c-49a0-ae5a-143efc409d21",
        "type": "message",
        "text": "como le haces el attach ?",
        "user": "UJN8D8U3B",
        "ts": "1568562421.069300",
        "team": "TJH5YU202",
        "user_team": "TJH5YU202",
        "source_team": "TJH5YU202",
        "user_profile": {
            "avatar_hash": "g92ad2abcc45",
            "image_72": "https:\/\/secure.gravatar.com\/avatar\/8492ad2abcc45ce53969adcf8420acde.jpg?s=72&d=https%3A%2F%2Fa.slack-edge.com%2F80588%2Fimg%2Favatars%2Fuser_shapes%2Fava_0008-72.png",
            "first_name": "",
            "real_name": "Antonio Linares",
            "display_name": "Antonio Linares",
            "team": "TJH5YU202",
            "name": "alinares",
            "is_restricted": false,
            "is_ultra_restricted": false
        }
    },
    {
        "client_msg_id": "721008b3-b0e1-4a36-8046-af2c77326d05",
        "type": "message",
        "text": "estás usando este libharbour.dll ? <https:\/\/github.com\/FiveTechSoft\/mod_harbour\/blob\/master\/IIS\/bin\/libharbour.dll>",
        "user": "UJN8D8U3B",
        "ts": "1568562664.069600",
        "team": "TJH5YU202",
        "user_team": "TJH5YU202",
        "source_team": "TJH5YU202",
        "user_profile": {
            "avatar_hash": "g92ad2abcc45",
            "image_72": "https:\/\/secure.gravatar.com\/avatar\/8492ad2abcc45ce53969adcf8420acde.jpg?s=72&d=https%3A%2F%2Fa.slack-edge.com%2F80588%2Fimg%2Favatars%2Fuser_shapes%2Fava_0008-72.png",
            "first_name": "",
            "real_name": "Antonio Linares",
            "display_name": "Antonio Linares",
            "team": "TJH5YU202",
            "name": "alinares",
            "is_restricted": false,
            "is_ultra_restricted": false
        },
        "attachments": [
            {
                "service_name": "GitHub",
                "title": "FiveTechSoft\/mod_harbour",
                "title_link": "https:\/\/github.com\/FiveTechSoft\/mod_harbour\/blob\/master\/IIS\/bin\/libharbour.dll",
                "text": "Apache mod for Harbour. Contribute to FiveTechSoft\/mod_harbour development by creating an account on GitHub.",
                "fallback": "GitHub: FiveTechSoft\/mod_harbour",
                "from_url": "https:\/\/github.com\/FiveTechSoft\/mod_harbour\/blob\/master\/IIS\/bin\/libharbour.dll",
                "thumb_url": "https:\/\/repository-images.githubusercontent.com\/186821405\/052d6000-7f03-11e9-85fa-9472623f216c",
                "thumb_width": 190,
                "thumb_height": 191,
                "service_icon": "https:\/\/a.slack-edge.com\/80588\/img\/unfurl_icons\/github.png",
                "id": 1,
                "original_url": "https:\/\/github.com\/FiveTechSoft\/mod_harbour\/blob\/master\/IIS\/bin\/libharbour.dll"
            }
        ]
    },
    {
        "client_msg_id": "3e4fabb7-021b-4d45-9f72-658b18ee7b28",
        "type": "message",
        "text": "ya,estoy de vuelta. Si estoy usando ese <https:\/\/github.com\/FiveTechSoft\/mod_harbour\/blob\/master\/IIS\/bin\/libharbour.dll>",
        "user": "UMZ3LNV5Z",
        "ts": "1568573441.070400",
        "team": "TJH5YU202",
        "user_team": "TJH5YU202",
        "source_team": "TJH5YU202",
        "user_profile": {
            "avatar_hash": "ec1f7fc24912",
            "image_72": "https:\/\/avatars.slack-edge.com\/2019-09-16\/760961231605_ec1f7fc24912daa47f98_72.jpg",
            "first_name": "Pablo",
            "real_name": "Pablo Botella",
            "display_name": "Pablo Botella",
            "team": "TJH5YU202",
            "name": "pb",
            "is_restricted": false,
            "is_ultra_restricted": false
        },
        "attachments": [
            {
                "service_name": "GitHub",
                "title": "FiveTechSoft\/mod_harbour",
                "title_link": "https:\/\/github.com\/FiveTechSoft\/mod_harbour\/blob\/master\/IIS\/bin\/libharbour.dll",
                "text": "Apache mod for Harbour. Contribute to FiveTechSoft\/mod_harbour development by creating an account on GitHub.",
                "fallback": "GitHub: FiveTechSoft\/mod_harbour",
                "from_url": "https:\/\/github.com\/FiveTechSoft\/mod_harbour\/blob\/master\/IIS\/bin\/libharbour.dll",
                "thumb_url": "https:\/\/repository-images.githubusercontent.com\/186821405\/052d6000-7f03-11e9-85fa-9472623f216c",
                "thumb_width": 190,
                "thumb_height": 191,
                "service_icon": "https:\/\/a.slack-edge.com\/80588\/img\/unfurl_icons\/github.png",
                "id": 1,
                "original_url": "https:\/\/github.com\/FiveTechSoft\/mod_harbour\/blob\/master\/IIS\/bin\/libharbour.dll"
            }
        ]
    },
    {
        "type": "message",
        "text": "",
        "files": [
            {
                "id": "FNCCLCX7E",
                "created": 1568573516,
                "timestamp": 1568573516,
                "name": "image.png",
                "title": "image.png",
                "mimetype": "image\/png",
                "filetype": "png",
                "pretty_type": "PNG",
                "user": "UMZ3LNV5Z",
                "editable": false,
                "size": 70455,
                "mode": "hosted",
                "is_external": false,
                "external_type": "",
                "is_public": true,
                "public_url_shared": false,
                "display_as_bot": false,
                "username": "",
                "url_private": "https:\/\/files.slack.com\/files-pri\/TJH5YU202-FNCCLCX7E\/image.png?t=xoxe-629202954002-776688371669-763909703378-01ffaa4c4eeda75ea92ad255b32a04e5",
                "url_private_download": "https:\/\/files.slack.com\/files-pri\/TJH5YU202-FNCCLCX7E\/download\/image.png?t=xoxe-629202954002-776688371669-763909703378-01ffaa4c4eeda75ea92ad255b32a04e5",
                "thumb_64": "https:\/\/files.slack.com\/files-tmb\/TJH5YU202-FNCCLCX7E-24f8cf1afb\/image_64.png?t=xoxe-629202954002-776688371669-763909703378-01ffaa4c4eeda75ea92ad255b32a04e5",
                "thumb_80": "https:\/\/files.slack.com\/files-tmb\/TJH5YU202-FNCCLCX7E-24f8cf1afb\/image_80.png?t=xoxe-629202954002-776688371669-763909703378-01ffaa4c4eeda75ea92ad255b32a04e5",
                "thumb_360": "https:\/\/files.slack.com\/files-tmb\/TJH5YU202-FNCCLCX7E-24f8cf1afb\/image_360.png?t=xoxe-629202954002-776688371669-763909703378-01ffaa4c4eeda75ea92ad255b32a04e5",
                "thumb_360_w": 360,
                "thumb_360_h": 192,
                "thumb_480": "https:\/\/files.slack.com\/files-tmb\/TJH5YU202-FNCCLCX7E-24f8cf1afb\/image_480.png?t=xoxe-629202954002-776688371669-763909703378-01ffaa4c4eeda75ea92ad255b32a04e5",
                "thumb_480_w": 480,
                "thumb_480_h": 257,
                "thumb_160": "https:\/\/files.slack.com\/files-tmb\/TJH5YU202-FNCCLCX7E-24f8cf1afb\/image_160.png?t=xoxe-629202954002-776688371669-763909703378-01ffaa4c4eeda75ea92ad255b32a04e5",
                "thumb_720": "https:\/\/files.slack.com\/files-tmb\/TJH5YU202-FNCCLCX7E-24f8cf1afb\/image_720.png?t=xoxe-629202954002-776688371669-763909703378-01ffaa4c4eeda75ea92ad255b32a04e5",
                "thumb_720_w": 720,
                "thumb_720_h": 385,
                "thumb_800": "https:\/\/files.slack.com\/files-tmb\/TJH5YU202-FNCCLCX7E-24f8cf1afb\/image_800.png?t=xoxe-629202954002-776688371669-763909703378-01ffaa4c4eeda75ea92ad255b32a04e5",
                "thumb_800_w": 800,
                "thumb_800_h": 428,
                "image_exif_rotation": 1,
                "original_w": 960,
                "original_h": 513,
                "permalink": "https:\/\/harbourproject.slack.com\/files\/UMZ3LNV5Z\/FNCCLCX7E\/image.png",
                "permalink_public": "https:\/\/slack-files.com\/TJH5YU202-FNCCLCX7E-8cd33362cd",
                "is_starred": false,
                "has_rich_preview": false
            }
        ],
        "upload": true,
        "user": "UMZ3LNV5Z",
        "display_as_bot": false,
        "ts": "1568573518.070700",
        "client_msg_id": "f69c1d7d-60d8-451a-a594-d397d68fe548"
    },
    {
        "client_msg_id": "f7a6c2cd-145f-4bed-b2f8-60e32ff957d5",
        "type": "message",
        "text": "le pongo el proceso  C:\\Windows\\System32\\inetsrv\\w3wp.exe que es el que ejecuta el modulo de iis",
        "user": "UMZ3LNV5Z",
        "ts": "1568573545.071300",
        "team": "TJH5YU202",
        "user_team": "TJH5YU202",
        "source_team": "TJH5YU202",
        "user_profile": {
            "avatar_hash": "ec1f7fc24912",
            "image_72": "https:\/\/avatars.slack-edge.com\/2019-09-16\/760961231605_ec1f7fc24912daa47f98_72.jpg",
            "first_name": "Pablo",
            "real_name": "Pablo Botella",
            "display_name": "Pablo Botella",
            "team": "TJH5YU202",
            "name": "pb",
            "is_restricted": false,
            "is_ultra_restricted": false
        }
    },
    {
        "client_msg_id": "28734967-a227-484b-972a-bb948559eea3",
        "type": "message",
        "text": "Muy bien Pablo, gracias, da gusto tener gente como tú por aquí",
        "user": "UJUJLTWMT",
        "ts": "1568573640.071800",
        "team": "TJH5YU202",
        "user_team": "TJH5YU202",
        "source_team": "TJH5YU202",
        "user_profile": {
            "avatar_hash": "a60e3b1ef2d2",
            "image_72": "https:\/\/avatars.slack-edge.com\/2019-08-20\/726246109489_a60e3b1ef2d2c141969d_72.jpg",
            "first_name": "",
            "real_name": "Cristobal",
            "display_name": "Cristobal",
            "team": "TJH5YU202",
            "name": "navarro.cristobal",
            "is_restricted": false,
            "is_ultra_restricted": false
        }
    },
    {
        "type": "message",
        "text": "me creo un app pool para mi aplicación y le pongo que corra como Administrator ( bueno para las pruebas. En producción  normalmente queremos justo lo contrario un usuario que solo tenga acceso a donde tiene que tener acceso  )  Un truquillo para depurar más fácil es ponerlo como AlwaysRunning así cuando la enchufas ya le puedes hacer attach enseguida",
        "files": [
            {
                "id": "FNCSC5H7A",
                "created": 1568573969,
                "timestamp": 1568573969,
                "name": "image.png",
                "title": "image.png",
                "mimetype": "image\/png",
                "filetype": "png",
                "pretty_type": "PNG",
                "user": "UMZ3LNV5Z",
                "editable": false,
                "size": 91048,
                "mode": "hosted",
                "is_external": false,
                "external_type": "",
                "is_public": true,
                "public_url_shared": false,
                "display_as_bot": false,
                "username": "",
                "url_private": "https:\/\/files.slack.com\/files-pri\/TJH5YU202-FNCSC5H7A\/image.png?t=xoxe-629202954002-776688371669-763909703378-01ffaa4c4eeda75ea92ad255b32a04e5",
                "url_private_download": "https:\/\/files.slack.com\/files-pri\/TJH5YU202-FNCSC5H7A\/download\/image.png?t=xoxe-629202954002-776688371669-763909703378-01ffaa4c4eeda75ea92ad255b32a04e5",
                "thumb_64": "https:\/\/files.slack.com\/files-tmb\/TJH5YU202-FNCSC5H7A-8216b019fe\/image_64.png?t=xoxe-629202954002-776688371669-763909703378-01ffaa4c4eeda75ea92ad255b32a04e5",
                "thumb_80": "https:\/\/files.slack.com\/files-tmb\/TJH5YU202-FNCSC5H7A-8216b019fe\/image_80.png?t=xoxe-629202954002-776688371669-763909703378-01ffaa4c4eeda75ea92ad255b32a04e5",
                "thumb_360": "https:\/\/files.slack.com\/files-tmb\/TJH5YU202-FNCSC5H7A-8216b019fe\/image_360.png?t=xoxe-629202954002-776688371669-763909703378-01ffaa4c4eeda75ea92ad255b32a04e5",
                "thumb_360_w": 360,
                "thumb_360_h": 217,
                "thumb_480": "https:\/\/files.slack.com\/files-tmb\/TJH5YU202-FNCSC5H7A-8216b019fe\/image_480.png?t=xoxe-629202954002-776688371669-763909703378-01ffaa4c4eeda75ea92ad255b32a04e5",
                "thumb_480_w": 480,
                "thumb_480_h": 289,
                "thumb_160": "https:\/\/files.slack.com\/files-tmb\/TJH5YU202-FNCSC5H7A-8216b019fe\/image_160.png?t=xoxe-629202954002-776688371669-763909703378-01ffaa4c4eeda75ea92ad255b32a04e5",
                "thumb_720": "https:\/\/files.slack.com\/files-tmb\/TJH5YU202-FNCSC5H7A-8216b019fe\/image_720.png?t=xoxe-629202954002-776688371669-763909703378-01ffaa4c4eeda75ea92ad255b32a04e5",
                "thumb_720_w": 720,
                "thumb_720_h": 433,
                "thumb_800": "https:\/\/files.slack.com\/files-tmb\/TJH5YU202-FNCSC5H7A-8216b019fe\/image_800.png?t=xoxe-629202954002-776688371669-763909703378-01ffaa4c4eeda75ea92ad255b32a04e5",
                "thumb_800_w": 800,
                "thumb_800_h": 481,
                "thumb_960": "https:\/\/files.slack.com\/files-tmb\/TJH5YU202-FNCSC5H7A-8216b019fe\/image_960.png?t=xoxe-629202954002-776688371669-763909703378-01ffaa4c4eeda75ea92ad255b32a04e5",
                "thumb_960_w": 960,
                "thumb_960_h": 578,
                "thumb_1024": "https:\/\/files.slack.com\/files-tmb\/TJH5YU202-FNCSC5H7A-8216b019fe\/image_1024.png?t=xoxe-629202954002-776688371669-763909703378-01ffaa4c4eeda75ea92ad255b32a04e5",
                "thumb_1024_w": 1024,
                "thumb_1024_h": 616,
                "image_exif_rotation": 1,
                "original_w": 1160,
                "original_h": 698,
                "permalink": "https:\/\/harbourproject.slack.com\/files\/UMZ3LNV5Z\/FNCSC5H7A\/image.png",
                "permalink_public": "https:\/\/slack-files.com\/TJH5YU202-FNCSC5H7A-32975d297e",
                "is_starred": false,
                "has_rich_preview": false
            }
        ],
        "upload": true,
        "user": "UMZ3LNV5Z",
        "display_as_bot": false,
        "ts": "1568573972.071900",
        "edited": {
            "user": "UMZ3LNV5Z",
            "ts": "1568578505.000000"
        },
        "client_msg_id": "63a71316-0f7b-4033-8795-5312f40a6871"
    },
    {
        "type": "message",
        "text": "Y convertimos la carpetica donse tenemos los PRGs a aplicación y le decimos que use el app pool que hemos creado antes",
        "files": [
            {
                "id": "FNCCPNQ8L",
                "created": 1568574147,
                "timestamp": 1568574147,
                "name": "image.png",
                "title": "image.png",
                "mimetype": "image\/png",
                "filetype": "png",
                "pretty_type": "PNG",
                "user": "UMZ3LNV5Z",
                "editable": false,
                "size": 120220,
                "mode": "hosted",
                "is_external": false,
                "external_type": "",
                "is_public": true,
                "public_url_shared": false,
                "display_as_bot": false,
                "username": "",
                "url_private": "https:\/\/files.slack.com\/files-pri\/TJH5YU202-FNCCPNQ8L\/image.png?t=xoxe-629202954002-776688371669-763909703378-01ffaa4c4eeda75ea92ad255b32a04e5",
                "url_private_download": "https:\/\/files.slack.com\/files-pri\/TJH5YU202-FNCCPNQ8L\/download\/image.png?t=xoxe-629202954002-776688371669-763909703378-01ffaa4c4eeda75ea92ad255b32a04e5",
                "thumb_64": "https:\/\/files.slack.com\/files-tmb\/TJH5YU202-FNCCPNQ8L-45eed07cbc\/image_64.png?t=xoxe-629202954002-776688371669-763909703378-01ffaa4c4eeda75ea92ad255b32a04e5",
                "thumb_80": "https:\/\/files.slack.com\/files-tmb\/TJH5YU202-FNCCPNQ8L-45eed07cbc\/image_80.png?t=xoxe-629202954002-776688371669-763909703378-01ffaa4c4eeda75ea92ad255b32a04e5",
                "thumb_360": "https:\/\/files.slack.com\/files-tmb\/TJH5YU202-FNCCPNQ8L-45eed07cbc\/image_360.png?t=xoxe-629202954002-776688371669-763909703378-01ffaa4c4eeda75ea92ad255b32a04e5",
                "thumb_360_w": 360,
                "thumb_360_h": 343,
                "thumb_480": "https:\/\/files.slack.com\/files-tmb\/TJH5YU202-FNCCPNQ8L-45eed07cbc\/image_480.png?t=xoxe-629202954002-776688371669-763909703378-01ffaa4c4eeda75ea92ad255b32a04e5",
                "thumb_480_w": 480,
                "thumb_480_h": 457,
                "thumb_160": "https:\/\/files.slack.com\/files-tmb\/TJH5YU202-FNCCPNQ8L-45eed07cbc\/image_160.png?t=xoxe-629202954002-776688371669-763909703378-01ffaa4c4eeda75ea92ad255b32a04e5",
                "thumb_720": "https:\/\/files.slack.com\/files-tmb\/TJH5YU202-FNCCPNQ8L-45eed07cbc\/image_720.png?t=xoxe-629202954002-776688371669-763909703378-01ffaa4c4eeda75ea92ad255b32a04e5",
                "thumb_720_w": 720,
                "thumb_720_h": 685,
                "thumb_800": "https:\/\/files.slack.com\/files-tmb\/TJH5YU202-FNCCPNQ8L-45eed07cbc\/image_800.png?t=xoxe-629202954002-776688371669-763909703378-01ffaa4c4eeda75ea92ad255b32a04e5",
                "thumb_800_w": 800,
                "thumb_800_h": 762,
                "thumb_960": "https:\/\/files.slack.com\/files-tmb\/TJH5YU202-FNCCPNQ8L-45eed07cbc\/image_960.png?t=xoxe-629202954002-776688371669-763909703378-01ffaa4c4eeda75ea92ad255b32a04e5",
                "thumb_960_w": 960,
                "thumb_960_h": 914,
                "image_exif_rotation": 1,
                "original_w": 979,
                "original_h": 932,
                "permalink": "https:\/\/harbourproject.slack.com\/files\/UMZ3LNV5Z\/FNCCPNQ8L\/image.png",
                "permalink_public": "https:\/\/slack-files.com\/TJH5YU202-FNCCPNQ8L-95c4c984b3",
                "is_starred": false,
                "has_rich_preview": false
            }
        ],
        "upload": true,
        "user": "UMZ3LNV5Z",
        "display_as_bot": false,
        "ts": "1568574150.072200",
        "client_msg_id": "c6d2b799-25aa-4b18-a600-cc84ac1ba19f"
    },
    {
        "type": "message",
        "text": "arrancamos la aplicación",
        "files": [
            {
                "id": "FNCCQ2PN0",
                "created": 1568574206,
                "timestamp": 1568574206,
                "name": "image.png",
                "title": "image.png",
                "mimetype": "image\/png",
                "filetype": "png",
                "pretty_type": "PNG",
                "user": "UMZ3LNV5Z",
                "editable": false,
                "size": 39506,
                "mode": "hosted",
                "is_external": false,
                "external_type": "",
                "is_public": true,
                "public_url_shared": false,
                "display_as_bot": false,
                "username": "",
                "url_private": "https:\/\/files.slack.com\/files-pri\/TJH5YU202-FNCCQ2PN0\/image.png?t=xoxe-629202954002-776688371669-763909703378-01ffaa4c4eeda75ea92ad255b32a04e5",
                "url_private_download": "https:\/\/files.slack.com\/files-pri\/TJH5YU202-FNCCQ2PN0\/download\/image.png?t=xoxe-629202954002-776688371669-763909703378-01ffaa4c4eeda75ea92ad255b32a04e5",
                "thumb_64": "https:\/\/files.slack.com\/files-tmb\/TJH5YU202-FNCCQ2PN0-0a9bc1f11e\/image_64.png?t=xoxe-629202954002-776688371669-763909703378-01ffaa4c4eeda75ea92ad255b32a04e5",
                "thumb_80": "https:\/\/files.slack.com\/files-tmb\/TJH5YU202-FNCCQ2PN0-0a9bc1f11e\/image_80.png?t=xoxe-629202954002-776688371669-763909703378-01ffaa4c4eeda75ea92ad255b32a04e5",
                "thumb_360": "https:\/\/files.slack.com\/files-tmb\/TJH5YU202-FNCCQ2PN0-0a9bc1f11e\/image_360.png?t=xoxe-629202954002-776688371669-763909703378-01ffaa4c4eeda75ea92ad255b32a04e5",
                "thumb_360_w": 360,
                "thumb_360_h": 347,
                "thumb_160": "https:\/\/files.slack.com\/files-tmb\/TJH5YU202-FNCCQ2PN0-0a9bc1f11e\/image_160.png?t=xoxe-629202954002-776688371669-763909703378-01ffaa4c4eeda75ea92ad255b32a04e5",
                "image_exif_rotation": 1,
                "original_w": 442,
                "original_h": 426,
                "permalink": "https:\/\/harbourproject.slack.com\/files\/UMZ3LNV5Z\/FNCCQ2PN0\/image.png",
                "permalink_public": "https:\/\/slack-files.com\/TJH5YU202-FNCCQ2PN0-97a196bf55",
                "is_starred": false,
                "has_rich_preview": false
            }
        ],
        "upload": true,
        "user": "UMZ3LNV5Z",
        "display_as_bot": false,
        "ts": "1568574208.072500",
        "client_msg_id": "c1fedb45-3a86-40c6-93ee-3288512e9e5d"
    },
    {
        "client_msg_id": "c95425c4-e4d7-4911-a788-71fb1b5e370d",
        "type": "message",
        "text": "Se me olvidó decir que el visual studio lo lanzamos con elevación de admin porque el proceso corre en el desktop especial para los servicios no en el nuestro de usuario",
        "user": "UMZ3LNV5Z",
        "ts": "1568574323.073500",
        "team": "TJH5YU202",
        "user_team": "TJH5YU202",
        "source_team": "TJH5YU202",
        "user_profile": {
            "avatar_hash": "ec1f7fc24912",
            "image_72": "https:\/\/avatars.slack-edge.com\/2019-09-16\/760961231605_ec1f7fc24912daa47f98_72.jpg",
            "first_name": "Pablo",
            "real_name": "Pablo Botella",
            "display_name": "Pablo Botella",
            "team": "TJH5YU202",
            "name": "pb",
            "is_restricted": false,
            "is_ultra_restricted": false
        },
        "edited": {
            "user": "UMZ3LNV5Z",
            "ts": "1568574341.000000"
        }
    },
    {
        "client_msg_id": "d4316033-8637-4b0a-9bc9-315ad47157f1",
        "type": "message",
        "text": ":+1::clap:",
        "user": "UJUJLTWMT",
        "ts": "1568574477.073900",
        "team": "TJH5YU202",
        "user_team": "TJH5YU202",
        "source_team": "TJH5YU202",
        "user_profile": {
            "avatar_hash": "a60e3b1ef2d2",
            "image_72": "https:\/\/avatars.slack-edge.com\/2019-08-20\/726246109489_a60e3b1ef2d2c141969d_72.jpg",
            "first_name": "",
            "real_name": "Cristobal",
            "display_name": "Cristobal",
            "team": "TJH5YU202",
            "name": "navarro.cristobal",
            "is_restricted": false,
            "is_ultra_restricted": false
        }
    },
    {
        "type": "message",
        "text": "le ponemos las peloticas al código le damos a debug y refrescamos la página",
        "files": [
            {
                "id": "FN1CL9M8B",
                "created": 1568574526,
                "timestamp": 1568574526,
                "name": "image.png",
                "title": "image.png",
                "mimetype": "image\/png",
                "filetype": "png",
                "pretty_type": "PNG",
                "user": "UMZ3LNV5Z",
                "editable": false,
                "size": 120881,
                "mode": "hosted",
                "is_external": false,
                "external_type": "",
                "is_public": true,
                "public_url_shared": false,
                "display_as_bot": false,
                "username": "",
                "url_private": "https:\/\/files.slack.com\/files-pri\/TJH5YU202-FN1CL9M8B\/image.png?t=xoxe-629202954002-776688371669-763909703378-01ffaa4c4eeda75ea92ad255b32a04e5",
                "url_private_download": "https:\/\/files.slack.com\/files-pri\/TJH5YU202-FN1CL9M8B\/download\/image.png?t=xoxe-629202954002-776688371669-763909703378-01ffaa4c4eeda75ea92ad255b32a04e5",
                "thumb_64": "https:\/\/files.slack.com\/files-tmb\/TJH5YU202-FN1CL9M8B-7b237789e9\/image_64.png?t=xoxe-629202954002-776688371669-763909703378-01ffaa4c4eeda75ea92ad255b32a04e5",
                "thumb_80": "https:\/\/files.slack.com\/files-tmb\/TJH5YU202-FN1CL9M8B-7b237789e9\/image_80.png?t=xoxe-629202954002-776688371669-763909703378-01ffaa4c4eeda75ea92ad255b32a04e5",
                "thumb_360": "https:\/\/files.slack.com\/files-tmb\/TJH5YU202-FN1CL9M8B-7b237789e9\/image_360.png?t=xoxe-629202954002-776688371669-763909703378-01ffaa4c4eeda75ea92ad255b32a04e5",
                "thumb_360_w": 360,
                "thumb_360_h": 146,
                "thumb_480": "https:\/\/files.slack.com\/files-tmb\/TJH5YU202-FN1CL9M8B-7b237789e9\/image_480.png?t=xoxe-629202954002-776688371669-763909703378-01ffaa4c4eeda75ea92ad255b32a04e5",
                "thumb_480_w": 480,
                "thumb_480_h": 195,
                "thumb_160": "https:\/\/files.slack.com\/files-tmb\/TJH5YU202-FN1CL9M8B-7b237789e9\/image_160.png?t=xoxe-629202954002-776688371669-763909703378-01ffaa4c4eeda75ea92ad255b32a04e5",
                "thumb_720": "https:\/\/files.slack.com\/files-tmb\/TJH5YU202-FN1CL9M8B-7b237789e9\/image_720.png?t=xoxe-629202954002-776688371669-763909703378-01ffaa4c4eeda75ea92ad255b32a04e5",
                "thumb_720_w": 720,
                "thumb_720_h": 292,
                "thumb_800": "https:\/\/files.slack.com\/files-tmb\/TJH5YU202-FN1CL9M8B-7b237789e9\/image_800.png?t=xoxe-629202954002-776688371669-763909703378-01ffaa4c4eeda75ea92ad255b32a04e5",
                "thumb_800_w": 800,
                "thumb_800_h": 325,
                "thumb_960": "https:\/\/files.slack.com\/files-tmb\/TJH5YU202-FN1CL9M8B-7b237789e9\/image_960.png?t=xoxe-629202954002-776688371669-763909703378-01ffaa4c4eeda75ea92ad255b32a04e5",
                "thumb_960_w": 960,
                "thumb_960_h": 390,
                "thumb_1024": "https:\/\/files.slack.com\/files-tmb\/TJH5YU202-FN1CL9M8B-7b237789e9\/image_1024.png?t=xoxe-629202954002-776688371669-763909703378-01ffaa4c4eeda75ea92ad255b32a04e5",
                "thumb_1024_w": 1024,
                "thumb_1024_h": 416,
                "image_exif_rotation": 1,
                "original_w": 1372,
                "original_h": 557,
                "permalink": "https:\/\/harbourproject.slack.com\/files\/UMZ3LNV5Z\/FN1CL9M8B\/image.png",
                "permalink_public": "https:\/\/slack-files.com\/TJH5YU202-FN1CL9M8B-fc6521cfed",
                "is_starred": false,
                "has_rich_preview": false
            }
        ],
        "upload": true,
        "user": "UMZ3LNV5Z",
        "display_as_bot": false,
        "ts": "1568574528.074000",
        "client_msg_id": "daf22371-49ba-44fc-bebc-4a050b873789"
    },
    {
        "client_msg_id": "9b4a259f-f93a-4ba5-bff5-72f3e421a6bd",
        "type": "message",
        "text": "Y ahora que era cuando tocaba hacerse el chuleta y enseñarlo pues como  no me escupe la salida pues se jodió el invento agachamos la cabeza y nos ponemos a ver donde la hemos regado :slightly_smiling_face:",
        "user": "UMZ3LNV5Z",
        "ts": "1568574623.075600",
        "team": "TJH5YU202",
        "user_team": "TJH5YU202",
        "source_team": "TJH5YU202",
        "user_profile": {
            "avatar_hash": "ec1f7fc24912",
            "image_72": "https:\/\/avatars.slack-edge.com\/2019-09-16\/760961231605_ec1f7fc24912daa47f98_72.jpg",
            "first_name": "Pablo",
            "real_name": "Pablo Botella",
            "display_name": "Pablo Botella",
            "team": "TJH5YU202",
            "name": "pb",
            "is_restricted": false,
            "is_ultra_restricted": false
        },
        "edited": {
            "user": "UMZ3LNV5Z",
            "ts": "1568575903.000000"
        }
    },
    {
        "client_msg_id": "654758d8-a7a9-4af0-8ceb-07ff42ede88e",
        "type": "message",
        "text": ":joy::rolling_on_the_floor_laughing::+1:",
        "user": "UJUJLTWMT",
        "ts": "1568574963.076000",
        "team": "TJH5YU202",
        "user_team": "TJH5YU202",
        "source_team": "TJH5YU202",
        "user_profile": {
            "avatar_hash": "a60e3b1ef2d2",
            "image_72": "https:\/\/avatars.slack-edge.com\/2019-08-20\/726246109489_a60e3b1ef2d2c141969d_72.jpg",
            "first_name": "",
            "real_name": "Cristobal",
            "display_name": "Cristobal",
            "team": "TJH5YU202",
            "name": "navarro.cristobal",
            "is_restricted": false,
            "is_ultra_restricted": false
        }
    },
    {
        "client_msg_id": "f55966a6-b4aa-469a-8d66-c30125575f31",
        "type": "message",
        "text": "Lo voy a aparcar ahí de momento. Si consigo sacar algún rato esta semana voy a probar de montar el libharbour y así puedo depurar todo seguido, y de paso aprendo cuatro cositas, y si no pues al proximo finde más",
        "user": "UMZ3LNV5Z",
        "ts": "1568575357.079700",
        "team": "TJH5YU202",
        "user_team": "TJH5YU202",
        "source_team": "TJH5YU202",
        "user_profile": {
            "avatar_hash": "ec1f7fc24912",
            "image_72": "https:\/\/avatars.slack-edge.com\/2019-09-16\/760961231605_ec1f7fc24912daa47f98_72.jpg",
            "first_name": "Pablo",
            "real_name": "Pablo Botella",
            "display_name": "Pablo Botella",
            "team": "TJH5YU202",
            "name": "pb",
            "is_restricted": false,
            "is_ultra_restricted": false
        }
    },
    {
        "client_msg_id": "8a71c67a-a6c9-4578-87dc-e278d9a74125",
        "type": "message",
        "text": "gracias Pablo :ok_hand:",
        "user": "UJN8D8U3B",
        "ts": "1568578101.080600",
        "team": "TJH5YU202",
        "user_team": "TJH5YU202",
        "source_team": "TJH5YU202",
        "user_profile": {
            "avatar_hash": "g92ad2abcc45",
            "image_72": "https:\/\/secure.gravatar.com\/avatar\/8492ad2abcc45ce53969adcf8420acde.jpg?s=72&d=https%3A%2F%2Fa.slack-edge.com%2F80588%2Fimg%2Favatars%2Fuser_shapes%2Fava_0008-72.png",
            "first_name": "",
            "real_name": "Antonio Linares",
            "display_name": "Antonio Linares",
            "team": "TJH5YU202",
            "name": "alinares",
            "is_restricted": false,
            "is_ultra_restricted": false
        }
    },
    {
        "client_msg_id": "d32224e0-6b48-458d-a33a-3ff7f1c7396a",
        "type": "message",
        "text": "Bon dia !",
        "user": "UJWR5N32S",
        "ts": "1568610893.081000",
        "team": "TJH5YU202",
        "user_team": "TJH5YU202",
        "source_team": "TJH5YU202",
        "user_profile": {
            "avatar_hash": "273d3745f7ae",
            "image_72": "https:\/\/avatars.slack-edge.com\/2019-05-20\/634344238497_273d3745f7ae1b176b82_72.jpg",
            "first_name": "Charly",
            "real_name": "Charly",
            "display_name": "Charly",
            "team": "TJH5YU202",
            "name": "carles9000",
            "is_restricted": false,
            "is_ultra_restricted": false
        }
    },
    {
        "client_msg_id": "ffd122f2-2caf-4f37-bfb5-0adccc455dd2",
        "type": "message",
        "text": "Bon dia !",
        "user": "UJK7SNX51",
        "ts": "1568611527.081200",
        "team": "TJH5YU202",
        "user_team": "TJH5YU202",
        "source_team": "TJH5YU202",
        "user_profile": {
            "avatar_hash": "6698a9ba696b",
            "image_72": "https:\/\/avatars.slack-edge.com\/2019-07-04\/673660529330_6698a9ba696bad01eb8c_72.jpg",
            "first_name": "Baxajaun",
            "real_name": "Baxajaun",
            "display_name": "Baxajaun",
            "team": "TJH5YU202",
            "name": "fpgrande",
            "is_restricted": false,
            "is_ultra_restricted": false
        }
    },
    {
        "client_msg_id": "bbf7bfde-3222-475a-a00a-0800f304a5a1",
        "type": "message",
        "text": "buenos dias :sunny:",
        "user": "UJN8D8U3B",
        "ts": "1568614232.081500",
        "team": "TJH5YU202",
        "user_team": "TJH5YU202",
        "source_team": "TJH5YU202",
        "user_profile": {
            "avatar_hash": "g92ad2abcc45",
            "image_72": "https:\/\/secure.gravatar.com\/avatar\/8492ad2abcc45ce53969adcf8420acde.jpg?s=72&d=https%3A%2F%2Fa.slack-edge.com%2F80588%2Fimg%2Favatars%2Fuser_shapes%2Fava_0008-72.png",
            "first_name": "",
            "real_name": "Antonio Linares",
            "display_name": "Antonio Linares",
            "team": "TJH5YU202",
            "name": "alinares",
            "is_restricted": false,
            "is_ultra_restricted": false
        }
    },
    {
        "client_msg_id": "da27e4e0-cc42-4e5f-8317-33e72aa53651",
        "type": "message",
        "text": "guten morgen",
        "user": "UJHD6A81H",
        "ts": "1568614747.081700",
        "team": "TJH5YU202",
        "user_team": "TJH5YU202",
        "source_team": "TJH5YU202",
        "user_profile": {
            "avatar_hash": "g6b8073e00e9",
            "image_72": "https:\/\/secure.gravatar.com\/avatar\/b96b8073e00e9eb02bcf05bc1418eb3a.jpg?s=72&d=https%3A%2F%2Fa.slack-edge.com%2F80588%2Fimg%2Favatars%2Fuser_shapes%2Fava_0021-72.png",
            "first_name": "Otto",
            "real_name": "Otto Atzwanger",
            "display_name": "Otto",
            "team": "TJH5YU202",
            "name": "otto",
            "is_restricted": false,
            "is_ultra_restricted": false
        }
    }
]