[
    {
        "client_msg_id": "4fbd4c11-0713-4a18-8b6c-85fadd059f02",
        "type": "message",
        "text": "Itamar\n<https:\/\/github.com\/carles9000\/mod_harbour\/tree\/master\/samples\/browse>",
        "user": "UJU3NMK0U",
        "ts": "1559034000.173300",
        "team": "TJH5YU202",
        "user_team": "TJH5YU202",
        "source_team": "TJH5YU202",
        "user_profile": {
            "avatar_hash": "48f1b9655122",
            "image_72": "https:\/\/avatars.slack-edge.com\/2019-05-20\/640143784356_48f1b96551220d9fdd4d_72.jpg",
            "first_name": "Xevi",
            "real_name": "Xevi",
            "display_name": "Xevi",
            "team": "TJH5YU202",
            "name": "xevicomas",
            "is_restricted": false,
            "is_ultra_restricted": false
        },
        "attachments": [
            {
                "service_name": "GitHub",
                "title": "carles9000\/mod_harbour",
                "title_link": "https:\/\/github.com\/carles9000\/mod_harbour\/tree\/master\/samples\/browse",
                "text": "Apache mod for Harbour. Contribute to carles9000\/mod_harbour development by creating an account on GitHub.",
                "fallback": "GitHub: carles9000\/mod_harbour",
                "thumb_url": "https:\/\/avatars3.githubusercontent.com\/u\/13433884?s=400&v=4",
                "from_url": "https:\/\/github.com\/carles9000\/mod_harbour\/tree\/master\/samples\/browse",
                "thumb_width": 170,
                "thumb_height": 170,
                "service_icon": "https:\/\/a.slack-edge.com\/bfaba\/img\/unfurl_icons\/github.png",
                "id": 1,
                "original_url": "https:\/\/github.com\/carles9000\/mod_harbour\/tree\/master\/samples\/browse"
            }
        ]
    },
    {
        "client_msg_id": "9d5d6889-2dc7-4a3b-8206-c795029ac27b",
        "type": "message",
        "text": "Nuevo pull request con la creación del directorio OpenSUSE 15 y con las librerías generadas dentro.",
        "user": "UJK7SNX51",
        "ts": "1559036043.174300",
        "team": "TJH5YU202",
        "user_team": "TJH5YU202",
        "source_team": "TJH5YU202",
        "user_profile": {
            "avatar_hash": "6698a9ba696b",
            "image_72": "https:\/\/avatars.slack-edge.com\/2019-07-04\/673660529330_6698a9ba696bad01eb8c_72.jpg",
            "first_name": "Baxajaun",
            "real_name": "Baxajaun",
            "display_name": "Baxajaun",
            "team": "TJH5YU202",
            "name": "fpgrande",
            "is_restricted": false,
            "is_ultra_restricted": false
        }
    },
    {
        "client_msg_id": "86809154-414e-4d08-a90a-7c2512be5ba8",
        "type": "message",
        "text": "Podéis utilizar los comandos httpd -t -D DUMP_MODULES  o apache2ctl httpd -t -D DUMP_MODULES para ver que vuestros apaches tienen cargado el módulo mod_harbour",
        "user": "UJK7SNX51",
        "ts": "1559039922.175200",
        "team": "TJH5YU202",
        "user_team": "TJH5YU202",
        "source_team": "TJH5YU202",
        "user_profile": {
            "avatar_hash": "6698a9ba696b",
            "image_72": "https:\/\/avatars.slack-edge.com\/2019-07-04\/673660529330_6698a9ba696bad01eb8c_72.jpg",
            "first_name": "Baxajaun",
            "real_name": "Baxajaun",
            "display_name": "Baxajaun",
            "team": "TJH5YU202",
            "name": "fpgrande",
            "is_restricted": false,
            "is_ultra_restricted": false
        }
    },
    {
        "client_msg_id": "6e03c2da-7c04-4587-be81-65555810f2b3",
        "type": "message",
        "text": "Charly, buenísimo tu codigo. Sí señor. Está Genial. Gracias y felicidades.",
        "user": "UJULQCHL5",
        "ts": "1559041082.176300",
        "team": "TJH5YU202",
        "user_team": "TJH5YU202",
        "source_team": "TJH5YU202",
        "user_profile": {
            "avatar_hash": "g7659142325a",
            "image_72": "https:\/\/secure.gravatar.com\/avatar\/c87659142325a3facb661d85281ec091.jpg?s=72&d=https%3A%2F%2Fa.slack-edge.com%2F80588%2Fimg%2Favatars%2Fuser_shapes%2Fava_0003-72.png",
            "first_name": "",
            "real_name": "Paquito",
            "display_name": "Paquito",
            "team": "TJH5YU202",
            "name": "hmpaquito",
            "is_restricted": false,
            "is_ultra_restricted": false
        }
    },
    {
        "client_msg_id": "41ecab46-8b84-4147-99ee-61f8c998b7d0",
        "type": "message",
        "text": "Paquito gracias. Falta mucho y sobre todo maquetarlo bien (dejarlo bonito) pero esto no me preocupa y es perder tiempo al final en temas bootstrap, css,...",
        "user": "UJWR5N32S",
        "ts": "1559042316.177200",
        "team": "TJH5YU202",
        "user_team": "TJH5YU202",
        "source_team": "TJH5YU202",
        "user_profile": {
            "avatar_hash": "273d3745f7ae",
            "image_72": "https:\/\/avatars.slack-edge.com\/2019-05-20\/634344238497_273d3745f7ae1b176b82_72.jpg",
            "first_name": "Charly",
            "real_name": "Charly",
            "display_name": "Charly",
            "team": "TJH5YU202",
            "name": "carles9000",
            "is_restricted": false,
            "is_ultra_restricted": false
        }
    },
    {
        "client_msg_id": "009c46ed-da31-4053-8cce-472b759d9818",
        "type": "message",
        "text": "Ahora creo que lo que se trata es ir probando funcionalidades, como la posibilidad de hacer includes, crear peticiones GET, POST, como crear una clase, un template, ... y cuando vas haciendo este ejercicios es cuando ves la viabilidad del bicho.  Ahora jugar con el tema de las cabeceras  que Antonio ya lo tiene listo y los codigo de estado.",
        "user": "UJWR5N32S",
        "ts": "1559042325.177400",
        "team": "TJH5YU202",
        "user_team": "TJH5YU202",
        "source_team": "TJH5YU202",
        "user_profile": {
            "avatar_hash": "273d3745f7ae",
            "image_72": "https:\/\/avatars.slack-edge.com\/2019-05-20\/634344238497_273d3745f7ae1b176b82_72.jpg",
            "first_name": "Charly",
            "real_name": "Charly",
            "display_name": "Charly",
            "team": "TJH5YU202",
            "name": "carles9000",
            "is_restricted": false,
            "is_ultra_restricted": false
        }
    },
    {
        "client_msg_id": "f70cb6fa-a5a9-4f7b-92f0-ad79c7cedc13",
        "type": "message",
        "text": "Pienso q vamos por buen camino :wink:",
        "user": "UJWR5N32S",
        "ts": "1559042333.177600",
        "team": "TJH5YU202",
        "user_team": "TJH5YU202",
        "source_team": "TJH5YU202",
        "user_profile": {
            "avatar_hash": "273d3745f7ae",
            "image_72": "https:\/\/avatars.slack-edge.com\/2019-05-20\/634344238497_273d3745f7ae1b176b82_72.jpg",
            "first_name": "Charly",
            "real_name": "Charly",
            "display_name": "Charly",
            "team": "TJH5YU202",
            "name": "carles9000",
            "is_restricted": false,
            "is_ultra_restricted": false
        }
    },
    {
        "client_msg_id": "fe277c5e-5b2b-4616-afe7-7e632610a468",
        "type": "message",
        "text": "Esta tarde voy a subir sobre el tema  template, que sera la base para crear nuestras “VIEWS”",
        "user": "UJWR5N32S",
        "ts": "1559042349.177800",
        "team": "TJH5YU202",
        "user_team": "TJH5YU202",
        "source_team": "TJH5YU202",
        "user_profile": {
            "avatar_hash": "273d3745f7ae",
            "image_72": "https:\/\/avatars.slack-edge.com\/2019-05-20\/634344238497_273d3745f7ae1b176b82_72.jpg",
            "first_name": "Charly",
            "real_name": "Charly",
            "display_name": "Charly",
            "team": "TJH5YU202",
            "name": "carles9000",
            "is_restricted": false,
            "is_ultra_restricted": false
        }
    },
    {
        "client_msg_id": "29d8471f-7a56-49db-b5b9-10d44c41a29a",
        "type": "message",
        "text": "Os animo a ir probando y entre todos ir madurando el HWeb :blush:",
        "user": "UJWR5N32S",
        "ts": "1559042368.178100",
        "team": "TJH5YU202",
        "user_team": "TJH5YU202",
        "source_team": "TJH5YU202",
        "user_profile": {
            "avatar_hash": "273d3745f7ae",
            "image_72": "https:\/\/avatars.slack-edge.com\/2019-05-20\/634344238497_273d3745f7ae1b176b82_72.jpg",
            "first_name": "Charly",
            "real_name": "Charly",
            "display_name": "Charly",
            "team": "TJH5YU202",
            "name": "carles9000",
            "is_restricted": false,
            "is_ultra_restricted": false
        }
    },
    {
        "type": "message",
        "text": "1ª Reunión Novelda - Ya habian inquietudes...",
        "files": [
            {
                "id": "FK3V1TFD4",
                "created": 1559043444,
                "timestamp": 1559043444,
                "name": "imagen.png",
                "title": "imagen.png",
                "mimetype": "image\/png",
                "filetype": "png",
                "pretty_type": "PNG",
                "user": "UJWR5N32S",
                "editable": false,
                "size": 537734,
                "mode": "hosted",
                "is_external": false,
                "external_type": "",
                "is_public": true,
                "public_url_shared": false,
                "display_as_bot": false,
                "username": "",
                "url_private": "https:\/\/files.slack.com\/files-pri\/TJH5YU202-FK3V1TFD4\/imagen.png?t=xoxe-629202954002-776688371669-763909703378-01ffaa4c4eeda75ea92ad255b32a04e5",
                "url_private_download": "https:\/\/files.slack.com\/files-pri\/TJH5YU202-FK3V1TFD4\/download\/imagen.png?t=xoxe-629202954002-776688371669-763909703378-01ffaa4c4eeda75ea92ad255b32a04e5",
                "thumb_64": "https:\/\/files.slack.com\/files-tmb\/TJH5YU202-FK3V1TFD4-708e0a6f20\/imagen_64.png?t=xoxe-629202954002-776688371669-763909703378-01ffaa4c4eeda75ea92ad255b32a04e5",
                "thumb_80": "https:\/\/files.slack.com\/files-tmb\/TJH5YU202-FK3V1TFD4-708e0a6f20\/imagen_80.png?t=xoxe-629202954002-776688371669-763909703378-01ffaa4c4eeda75ea92ad255b32a04e5",
                "thumb_360": "https:\/\/files.slack.com\/files-tmb\/TJH5YU202-FK3V1TFD4-708e0a6f20\/imagen_360.png?t=xoxe-629202954002-776688371669-763909703378-01ffaa4c4eeda75ea92ad255b32a04e5",
                "thumb_360_w": 360,
                "thumb_360_h": 186,
                "thumb_480": "https:\/\/files.slack.com\/files-tmb\/TJH5YU202-FK3V1TFD4-708e0a6f20\/imagen_480.png?t=xoxe-629202954002-776688371669-763909703378-01ffaa4c4eeda75ea92ad255b32a04e5",
                "thumb_480_w": 480,
                "thumb_480_h": 248,
                "thumb_160": "https:\/\/files.slack.com\/files-tmb\/TJH5YU202-FK3V1TFD4-708e0a6f20\/imagen_160.png?t=xoxe-629202954002-776688371669-763909703378-01ffaa4c4eeda75ea92ad255b32a04e5",
                "thumb_720": "https:\/\/files.slack.com\/files-tmb\/TJH5YU202-FK3V1TFD4-708e0a6f20\/imagen_720.png?t=xoxe-629202954002-776688371669-763909703378-01ffaa4c4eeda75ea92ad255b32a04e5",
                "thumb_720_w": 720,
                "thumb_720_h": 372,
                "thumb_800": "https:\/\/files.slack.com\/files-tmb\/TJH5YU202-FK3V1TFD4-708e0a6f20\/imagen_800.png?t=xoxe-629202954002-776688371669-763909703378-01ffaa4c4eeda75ea92ad255b32a04e5",
                "thumb_800_w": 800,
                "thumb_800_h": 413,
                "image_exif_rotation": 1,
                "original_w": 919,
                "original_h": 475,
                "permalink": "https:\/\/harbourproject.slack.com\/files\/UJWR5N32S\/FK3V1TFD4\/imagen.png",
                "permalink_public": "https:\/\/slack-files.com\/TJH5YU202-FK3V1TFD4-73723e6e42",
                "is_starred": false,
                "has_rich_preview": false
            }
        ],
        "upload": true,
        "user": "UJWR5N32S",
        "display_as_bot": false,
        "ts": "1559043447.182000",
        "client_msg_id": "e86c0a32-8255-401d-9cc5-20c380c1b6b6"
    },
    {
        "type": "message",
        "text": "2ª Reunión Calpe. Punto de inflexión...",
        "files": [
            {
                "id": "FK3K3FKLP",
                "created": 1559043727,
                "timestamp": 1559043727,
                "name": "imagen.png",
                "title": "imagen.png",
                "mimetype": "image\/png",
                "filetype": "png",
                "pretty_type": "PNG",
                "user": "UJWR5N32S",
                "editable": false,
                "size": 342837,
                "mode": "hosted",
                "is_external": false,
                "external_type": "",
                "is_public": true,
                "public_url_shared": false,
                "display_as_bot": false,
                "username": "",
                "url_private": "https:\/\/files.slack.com\/files-pri\/TJH5YU202-FK3K3FKLP\/imagen.png?t=xoxe-629202954002-776688371669-763909703378-01ffaa4c4eeda75ea92ad255b32a04e5",
                "url_private_download": "https:\/\/files.slack.com\/files-pri\/TJH5YU202-FK3K3FKLP\/download\/imagen.png?t=xoxe-629202954002-776688371669-763909703378-01ffaa4c4eeda75ea92ad255b32a04e5",
                "thumb_64": "https:\/\/files.slack.com\/files-tmb\/TJH5YU202-FK3K3FKLP-6ef2db5645\/imagen_64.png?t=xoxe-629202954002-776688371669-763909703378-01ffaa4c4eeda75ea92ad255b32a04e5",
                "thumb_80": "https:\/\/files.slack.com\/files-tmb\/TJH5YU202-FK3K3FKLP-6ef2db5645\/imagen_80.png?t=xoxe-629202954002-776688371669-763909703378-01ffaa4c4eeda75ea92ad255b32a04e5",
                "thumb_360": "https:\/\/files.slack.com\/files-tmb\/TJH5YU202-FK3K3FKLP-6ef2db5645\/imagen_360.png?t=xoxe-629202954002-776688371669-763909703378-01ffaa4c4eeda75ea92ad255b32a04e5",
                "thumb_360_w": 360,
                "thumb_360_h": 183,
                "thumb_480": "https:\/\/files.slack.com\/files-tmb\/TJH5YU202-FK3K3FKLP-6ef2db5645\/imagen_480.png?t=xoxe-629202954002-776688371669-763909703378-01ffaa4c4eeda75ea92ad255b32a04e5",
                "thumb_480_w": 480,
                "thumb_480_h": 244,
                "thumb_160": "https:\/\/files.slack.com\/files-tmb\/TJH5YU202-FK3K3FKLP-6ef2db5645\/imagen_160.png?t=xoxe-629202954002-776688371669-763909703378-01ffaa4c4eeda75ea92ad255b32a04e5",
                "image_exif_rotation": 1,
                "original_w": 678,
                "original_h": 345,
                "permalink": "https:\/\/harbourproject.slack.com\/files\/UJWR5N32S\/FK3K3FKLP\/imagen.png",
                "permalink_public": "https:\/\/slack-files.com\/TJH5YU202-FK3K3FKLP-f26509d7bb",
                "is_starred": false,
                "has_rich_preview": false
            }
        ],
        "upload": true,
        "user": "UJWR5N32S",
        "display_as_bot": false,
        "ts": "1559043729.183300",
        "client_msg_id": "ab7149b3-b8a2-46fc-8cec-e1fa79daf76b"
    },
    {
        "client_msg_id": "5d7b52b8-0e8f-4a74-82e9-935dbf952eab",
        "type": "message",
        "text": "No se me va de la cabeza la mano en el bosillo...",
        "user": "UJWR5N32S",
        "ts": "1559043744.183800",
        "team": "TJH5YU202",
        "user_team": "TJH5YU202",
        "source_team": "TJH5YU202",
        "user_profile": {
            "avatar_hash": "273d3745f7ae",
            "image_72": "https:\/\/avatars.slack-edge.com\/2019-05-20\/634344238497_273d3745f7ae1b176b82_72.jpg",
            "first_name": "Charly",
            "real_name": "Charly",
            "display_name": "Charly",
            "team": "TJH5YU202",
            "name": "carles9000",
            "is_restricted": false,
            "is_ultra_restricted": false
        },
        "edited": {
            "user": "UJWR5N32S",
            "ts": "1559043761.000000"
        }
    },
    {
        "client_msg_id": "0FB0FB2F-452B-4089-B86F-0F6E45F3C6DF",
        "type": "message",
        "text": ":relieved::sparkles::sparkles::pray::skin-tone-2:",
        "user": "UJN8D8U3B",
        "ts": "1559044038.184200",
        "team": "TJH5YU202",
        "user_team": "TJH5YU202",
        "source_team": "TJH5YU202",
        "user_profile": {
            "avatar_hash": "g92ad2abcc45",
            "image_72": "https:\/\/secure.gravatar.com\/avatar\/8492ad2abcc45ce53969adcf8420acde.jpg?s=72&d=https%3A%2F%2Fa.slack-edge.com%2F80588%2Fimg%2Favatars%2Fuser_shapes%2Fava_0008-72.png",
            "first_name": "",
            "real_name": "Antonio Linares",
            "display_name": "Antonio Linares",
            "team": "TJH5YU202",
            "name": "alinares",
            "is_restricted": false,
            "is_ultra_restricted": false
        }
    },
    {
        "client_msg_id": "6B9B4D65-9016-4255-9F34-7545504356B8",
        "type": "message",
        "text": "Infinita gratitud al universo por darnos entendimiento cuando llega el momento...",
        "user": "UJN8D8U3B",
        "ts": "1559044348.185200",
        "team": "TJH5YU202",
        "user_team": "TJH5YU202",
        "source_team": "TJH5YU202",
        "user_profile": {
            "avatar_hash": "g92ad2abcc45",
            "image_72": "https:\/\/secure.gravatar.com\/avatar\/8492ad2abcc45ce53969adcf8420acde.jpg?s=72&d=https%3A%2F%2Fa.slack-edge.com%2F80588%2Fimg%2Favatars%2Fuser_shapes%2Fava_0008-72.png",
            "first_name": "",
            "real_name": "Antonio Linares",
            "display_name": "Antonio Linares",
            "team": "TJH5YU202",
            "name": "alinares",
            "is_restricted": false,
            "is_ultra_restricted": false
        }
    },
    {
        "type": "message",
        "text": "A ver que os parece estos cambios en el TEMPLATE",
        "files": [
            {
                "id": "FK47XJ6UW",
                "created": 1559057510,
                "timestamp": 1559057510,
                "name": "TEMPLATE.pdf",
                "title": "TEMPLATE.pdf",
                "mimetype": "application\/pdf",
                "filetype": "pdf",
                "pretty_type": "PDF",
                "user": "UJWR5N32S",
                "editable": false,
                "size": 37500,
                "mode": "hosted",
                "is_external": false,
                "external_type": "",
                "is_public": true,
                "public_url_shared": false,
                "display_as_bot": false,
                "username": "",
                "url_private": "https:\/\/files.slack.com\/files-pri\/TJH5YU202-FK47XJ6UW\/template.pdf?t=xoxe-629202954002-776688371669-763909703378-01ffaa4c4eeda75ea92ad255b32a04e5",
                "url_private_download": "https:\/\/files.slack.com\/files-pri\/TJH5YU202-FK47XJ6UW\/download\/template.pdf?t=xoxe-629202954002-776688371669-763909703378-01ffaa4c4eeda75ea92ad255b32a04e5",
                "thumb_pdf": "https:\/\/files.slack.com\/files-tmb\/TJH5YU202-FK47XJ6UW-f4f16c0097\/template_thumb_pdf.png?t=xoxe-629202954002-776688371669-763909703378-01ffaa4c4eeda75ea92ad255b32a04e5",
                "thumb_pdf_w": 911,
                "thumb_pdf_h": 1288,
                "permalink": "https:\/\/harbourproject.slack.com\/files\/UJWR5N32S\/FK47XJ6UW\/template.pdf",
                "permalink_public": "https:\/\/slack-files.com\/TJH5YU202-FK47XJ6UW-46bb69e656",
                "is_starred": false,
                "has_rich_preview": false
            }
        ],
        "upload": true,
        "user": "UJWR5N32S",
        "display_as_bot": false,
        "ts": "1559057511.186300",
        "client_msg_id": "ae5ccdcb-bf22-4e8c-8a17-2d66ccef4ee1"
    },
    {
        "type": "message",
        "text": "",
        "files": [
            {
                "id": "FJQKY5TL2",
                "created": 1559057605,
                "timestamp": 1559057605,
                "name": "Ejemplo_de_uso.c",
                "title": "Ejemplo de uso",
                "mimetype": "text\/plain",
                "filetype": "c",
                "pretty_type": "C",
                "user": "UJWR5N32S",
                "editable": true,
                "size": 1436,
                "mode": "snippet",
                "is_external": false,
                "external_type": "",
                "is_public": true,
                "public_url_shared": false,
                "display_as_bot": false,
                "username": "",
                "url_private": "https:\/\/files.slack.com\/files-pri\/TJH5YU202-FJQKY5TL2\/Ejemplo_de_uso.c?t=xoxe-629202954002-776688371669-763909703378-01ffaa4c4eeda75ea92ad255b32a04e5",
                "url_private_download": "https:\/\/files.slack.com\/files-pri\/TJH5YU202-FJQKY5TL2\/download\/Ejemplo_de_uso.c?t=xoxe-629202954002-776688371669-763909703378-01ffaa4c4eeda75ea92ad255b32a04e5",
                "permalink": "https:\/\/harbourproject.slack.com\/files\/UJWR5N32S\/FJQKY5TL2\/Ejemplo_de_uso.c",
                "permalink_public": "https:\/\/slack-files.com\/TJH5YU202-FJQKY5TL2-d5b3a983a4",
                "edit_link": "https:\/\/harbourproject.slack.com\/files\/UJWR5N32S\/FJQKY5TL2\/Ejemplo_de_uso.c\/edit",
                "is_starred": false,
                "has_rich_preview": false
            }
        ],
        "upload": true,
        "user": "UJWR5N32S",
        "display_as_bot": false,
        "ts": "1559057605.186600"
    },
    {
        "client_msg_id": "facbd655-7b4e-4088-9167-1b71fa85cc8c",
        "type": "message",
        "text": "Espero comentarios... :wink:",
        "user": "UJWR5N32S",
        "ts": "1559057657.187100",
        "team": "TJH5YU202",
        "user_team": "TJH5YU202",
        "source_team": "TJH5YU202",
        "user_profile": {
            "avatar_hash": "273d3745f7ae",
            "image_72": "https:\/\/avatars.slack-edge.com\/2019-05-20\/634344238497_273d3745f7ae1b176b82_72.jpg",
            "first_name": "Charly",
            "real_name": "Charly",
            "display_name": "Charly",
            "team": "TJH5YU202",
            "name": "carles9000",
            "is_restricted": false,
            "is_ultra_restricted": false
        }
    },
    {
        "type": "message",
        "text": "",
        "files": [
            {
                "id": "FK48449AS",
                "created": 1559057788,
                "timestamp": 1559057788,
                "name": "Codigo_simple.c",
                "title": "Código simple",
                "mimetype": "text\/plain",
                "filetype": "c",
                "pretty_type": "C",
                "user": "UJWR5N32S",
                "editable": true,
                "size": 840,
                "mode": "snippet",
                "is_external": false,
                "external_type": "",
                "is_public": true,
                "public_url_shared": false,
                "display_as_bot": false,
                "username": "",
                "url_private": "https:\/\/files.slack.com\/files-pri\/TJH5YU202-FK48449AS\/codigo_simple.c?t=xoxe-629202954002-776688371669-763909703378-01ffaa4c4eeda75ea92ad255b32a04e5",
                "url_private_download": "https:\/\/files.slack.com\/files-pri\/TJH5YU202-FK48449AS\/download\/codigo_simple.c?t=xoxe-629202954002-776688371669-763909703378-01ffaa4c4eeda75ea92ad255b32a04e5",
                "permalink": "https:\/\/harbourproject.slack.com\/files\/UJWR5N32S\/FK48449AS\/codigo_simple.c",
                "permalink_public": "https:\/\/slack-files.com\/TJH5YU202-FK48449AS-b1a1f07dec",
                "edit_link": "https:\/\/harbourproject.slack.com\/files\/UJWR5N32S\/FK48449AS\/codigo_simple.c\/edit",
                "is_starred": false,
                "has_rich_preview": false
            }
        ],
        "upload": true,
        "user": "UJWR5N32S",
        "display_as_bot": false,
        "ts": "1559057788.187200"
    },
    {
        "client_msg_id": "a190f673-79fa-458b-90c8-f2f316fb5a48",
        "type": "message",
        "text": "Charly. Muchas gracias por la explicación: es clarisima. Hasta yo lo he entendido :-))\nSe me ocurren algunas cosas, pero quizá no valen ni para el cubo de los deshechos. Pero me lanzo.\n\n1. Utilizar una clausula en el TEMPLATE. El TEMPLATE \"crecerá\" y habrá que ponerle clausulas con tags. Recomiendo *USING* por ser like Clipper (RECOVER USING). Así se podría poner TEMPLATE *USING* dDate, nNumber.\n\n2. Otra posible forma de utilizar los parámetros en el codigo embebido es que automaticamente la funcion __inline() se declare (function __inline(dDate, nNumber)) con los parámetros del TEMPLATE, así no hay que recogerlos porque son automáticamente declarados en el código embebido.",
        "user": "UJULQCHL5",
        "ts": "1559059093.192800",
        "team": "TJH5YU202",
        "user_team": "TJH5YU202",
        "source_team": "TJH5YU202",
        "user_profile": {
            "avatar_hash": "g7659142325a",
            "image_72": "https:\/\/secure.gravatar.com\/avatar\/c87659142325a3facb661d85281ec091.jpg?s=72&d=https%3A%2F%2Fa.slack-edge.com%2F80588%2Fimg%2Favatars%2Fuser_shapes%2Fava_0003-72.png",
            "first_name": "",
            "real_name": "Paquito",
            "display_name": "Paquito",
            "team": "TJH5YU202",
            "name": "hmpaquito",
            "is_restricted": false,
            "is_ultra_restricted": false
        },
        "edited": {
            "user": "UJULQCHL5",
            "ts": "1559061468.000000"
        }
    },
    {
        "client_msg_id": "3f9d8012-468e-47d1-bfaf-acc9942b9c57",
        "type": "message",
        "text": "Son opciones que se han de probar y ver la estabilidad del sistema. El template navegará ahora bajo el HB_CompileFromBuf() y no se aun la \"resistencia\" que tendra a todos estos template. Una cosa hemos de tener clara y es que un template no sera un programa, mas bien un \"programita\" que te ayudará a pintar, por loque no creo que haya mucha carga, ya veremos se ha de probar. Una de las osas que hemos de mejorar es el tema del gestor de errores desde el template proque cuesta un poco de digerir cuando casca, pero...llegaremos :slightly_smiling_face:",
        "user": "UJWR5N32S",
        "ts": "1559059699.195600",
        "team": "TJH5YU202",
        "user_team": "TJH5YU202",
        "source_team": "TJH5YU202",
        "user_profile": {
            "avatar_hash": "273d3745f7ae",
            "image_72": "https:\/\/avatars.slack-edge.com\/2019-05-20\/634344238497_273d3745f7ae1b176b82_72.jpg",
            "first_name": "Charly",
            "real_name": "Charly",
            "display_name": "Charly",
            "team": "TJH5YU202",
            "name": "carles9000",
            "is_restricted": false,
            "is_ultra_restricted": false
        }
    },
    {
        "client_msg_id": "ec7b25b2-a6c2-4bda-aa6a-3128e824d685",
        "type": "message",
        "text": "Porcier... podría ser interesante que los parámetros recibidos en la función __inline(dDate, nNumber) fueran parámetros por referencia, así se podrían modificar y cambiar de valor entre código y código embebido.",
        "user": "UJULQCHL5",
        "ts": "1559060244.197700",
        "team": "TJH5YU202",
        "user_team": "TJH5YU202",
        "source_team": "TJH5YU202",
        "user_profile": {
            "avatar_hash": "g7659142325a",
            "image_72": "https:\/\/secure.gravatar.com\/avatar\/c87659142325a3facb661d85281ec091.jpg?s=72&d=https%3A%2F%2Fa.slack-edge.com%2F80588%2Fimg%2Favatars%2Fuser_shapes%2Fava_0003-72.png",
            "first_name": "",
            "real_name": "Paquito",
            "display_name": "Paquito",
            "team": "TJH5YU202",
            "name": "hmpaquito",
            "is_restricted": false,
            "is_ultra_restricted": false
        }
    },
    {
        "client_msg_id": "1825ee85-86f0-4b51-a71e-544ed754eb1b",
        "type": "message",
        "text": ".... y sería una forma de darle continuidad en el codigo embebido al codigo principal.",
        "user": "UJULQCHL5",
        "ts": "1559060608.198300",
        "team": "TJH5YU202",
        "user_team": "TJH5YU202",
        "source_team": "TJH5YU202",
        "user_profile": {
            "avatar_hash": "g7659142325a",
            "image_72": "https:\/\/secure.gravatar.com\/avatar\/c87659142325a3facb661d85281ec091.jpg?s=72&d=https%3A%2F%2Fa.slack-edge.com%2F80588%2Fimg%2Favatars%2Fuser_shapes%2Fava_0003-72.png",
            "first_name": "",
            "real_name": "Paquito",
            "display_name": "Paquito",
            "team": "TJH5YU202",
            "name": "hmpaquito",
            "is_restricted": false,
            "is_ultra_restricted": false
        }
    },
    {
        "client_msg_id": "5C216C3D-4EAE-4C51-AA0A-32B372E67EAF",
        "type": "message",
        "text": "Muy interesante Paco :+1::skin-tone-2::wink:",
        "user": "UJN8D8U3B",
        "ts": "1559062149.198900",
        "team": "TJH5YU202",
        "user_team": "TJH5YU202",
        "source_team": "TJH5YU202",
        "user_profile": {
            "avatar_hash": "g92ad2abcc45",
            "image_72": "https:\/\/secure.gravatar.com\/avatar\/8492ad2abcc45ce53969adcf8420acde.jpg?s=72&d=https%3A%2F%2Fa.slack-edge.com%2F80588%2Fimg%2Favatars%2Fuser_shapes%2Fava_0008-72.png",
            "first_name": "",
            "real_name": "Antonio Linares",
            "display_name": "Antonio Linares",
            "team": "TJH5YU202",
            "name": "alinares",
            "is_restricted": false,
            "is_ultra_restricted": false
        }
    },
    {
        "client_msg_id": "F0234BE7-02E0-444B-A6E1-3C1C74C3C74A",
        "type": "message",
        "text": "USING ... las pondría por referencia automáticamente",
        "user": "UJN8D8U3B",
        "ts": "1559062212.199600",
        "team": "TJH5YU202",
        "user_team": "TJH5YU202",
        "source_team": "TJH5YU202",
        "user_profile": {
            "avatar_hash": "g92ad2abcc45",
            "image_72": "https:\/\/secure.gravatar.com\/avatar\/8492ad2abcc45ce53969adcf8420acde.jpg?s=72&d=https%3A%2F%2Fa.slack-edge.com%2F80588%2Fimg%2Favatars%2Fuser_shapes%2Fava_0008-72.png",
            "first_name": "",
            "real_name": "Antonio Linares",
            "display_name": "Antonio Linares",
            "team": "TJH5YU202",
            "name": "alinares",
            "is_restricted": false,
            "is_ultra_restricted": false
        }
    },
    {
        "client_msg_id": "4c346605-bc56-4018-9ef8-d0e601b890e6",
        "type": "message",
        "text": "Como soy ‘el contreras’ :slightly_smiling_face: seguiré insistiendo que hay que mantener separada la logica de la generación de la vista, eso ya lo habreis escuchado miles de veces. Modificar datos en la vista es justo lo contrario",
        "user": "UJU2ZLJBW",
        "ts": "1559062384.201300",
        "team": "TJH5YU202",
        "user_team": "TJH5YU202",
        "source_team": "TJH5YU202",
        "user_profile": {
            "avatar_hash": "g4df4d90232e",
            "image_72": "https:\/\/secure.gravatar.com\/avatar\/0b4df4d90232ed07739bd4134b92a6d1.jpg?s=72&d=https%3A%2F%2Fa.slack-edge.com%2F80588%2Fimg%2Favatars%2Fuser_shapes%2Fava_0022-72.png",
            "first_name": "Carlos",
            "real_name": "Carlos Mora",
            "display_name": "",
            "team": "TJH5YU202",
            "name": "carlosantoniomora",
            "is_restricted": false,
            "is_ultra_restricted": false
        }
    },
    {
        "client_msg_id": "b843caa0-ede0-4743-b3cb-2a0e13201752",
        "type": "message",
        "text": "Y más con HTML",
        "user": "UJU2ZLJBW",
        "ts": "1559062414.201700",
        "team": "TJH5YU202",
        "user_team": "TJH5YU202",
        "source_team": "TJH5YU202",
        "user_profile": {
            "avatar_hash": "g4df4d90232e",
            "image_72": "https:\/\/secure.gravatar.com\/avatar\/0b4df4d90232ed07739bd4134b92a6d1.jpg?s=72&d=https%3A%2F%2Fa.slack-edge.com%2F80588%2Fimg%2Favatars%2Fuser_shapes%2Fava_0022-72.png",
            "first_name": "Carlos",
            "real_name": "Carlos Mora",
            "display_name": "",
            "team": "TJH5YU202",
            "name": "carlosantoniomora",
            "is_restricted": false,
            "is_ultra_restricted": false
        }
    },
    {
        "client_msg_id": "cddfaefb-d7ce-4d0c-a27b-ee1678618dd8",
        "type": "message",
        "text": "imaginaros que en un .rc se modifica una variable? Y nosotros mirando el prg para descubrir que genera el cambio",
        "user": "UJU2ZLJBW",
        "ts": "1559062455.202700",
        "team": "TJH5YU202",
        "user_team": "TJH5YU202",
        "source_team": "TJH5YU202",
        "user_profile": {
            "avatar_hash": "g4df4d90232e",
            "image_72": "https:\/\/secure.gravatar.com\/avatar\/0b4df4d90232ed07739bd4134b92a6d1.jpg?s=72&d=https%3A%2F%2Fa.slack-edge.com%2F80588%2Fimg%2Favatars%2Fuser_shapes%2Fava_0022-72.png",
            "first_name": "Carlos",
            "real_name": "Carlos Mora",
            "display_name": "",
            "team": "TJH5YU202",
            "name": "carlosantoniomora",
            "is_restricted": false,
            "is_ultra_restricted": false
        }
    },
    {
        "client_msg_id": "0185655e-f08a-4c38-97a4-027fcb0f059e",
        "type": "message",
        "text": "Carlos no ha de ser inclusivo, pero tampoco exclusivo. Ha de ser una opcion para quien quiera usarla tambien, pienso yo. Luego con la capa q uses, framework que hagamos o lo que sea ya definiras la manera de trabajar...",
        "user": "UJWR5N32S",
        "ts": "1559062498.203600",
        "team": "TJH5YU202",
        "user_team": "TJH5YU202",
        "source_team": "TJH5YU202",
        "user_profile": {
            "avatar_hash": "273d3745f7ae",
            "image_72": "https:\/\/avatars.slack-edge.com\/2019-05-20\/634344238497_273d3745f7ae1b176b82_72.jpg",
            "first_name": "Charly",
            "real_name": "Charly",
            "display_name": "Charly",
            "team": "TJH5YU202",
            "name": "carles9000",
            "is_restricted": false,
            "is_ultra_restricted": false
        }
    },
    {
        "client_msg_id": "48401dfb-5208-4eb5-aefa-14f86c9c9955",
        "type": "message",
        "text": "pienso eh",
        "user": "UJWR5N32S",
        "ts": "1559062502.203900",
        "team": "TJH5YU202",
        "user_team": "TJH5YU202",
        "source_team": "TJH5YU202",
        "user_profile": {
            "avatar_hash": "273d3745f7ae",
            "image_72": "https:\/\/avatars.slack-edge.com\/2019-05-20\/634344238497_273d3745f7ae1b176b82_72.jpg",
            "first_name": "Charly",
            "real_name": "Charly",
            "display_name": "Charly",
            "team": "TJH5YU202",
            "name": "carles9000",
            "is_restricted": false,
            "is_ultra_restricted": false
        }
    },
    {
        "client_msg_id": "6572f4ea-98c8-4096-a0d3-7cbed5ef15f8",
        "type": "message",
        "text": "ya se que una vista solo ha de pintar y {{ sustituir variables }}",
        "user": "UJWR5N32S",
        "ts": "1559062522.204600",
        "team": "TJH5YU202",
        "user_team": "TJH5YU202",
        "source_team": "TJH5YU202",
        "user_profile": {
            "avatar_hash": "273d3745f7ae",
            "image_72": "https:\/\/avatars.slack-edge.com\/2019-05-20\/634344238497_273d3745f7ae1b176b82_72.jpg",
            "first_name": "Charly",
            "real_name": "Charly",
            "display_name": "Charly",
            "team": "TJH5YU202",
            "name": "carles9000",
            "is_restricted": false,
            "is_ultra_restricted": false
        }
    },
    {
        "client_msg_id": "88272285-403a-4095-9c44-3a3bad91fd1c",
        "type": "message",
        "text": "pero es otra opcion que no hace daño y puede funcionar bien tambien",
        "user": "UJWR5N32S",
        "ts": "1559062542.205200",
        "team": "TJH5YU202",
        "user_team": "TJH5YU202",
        "source_team": "TJH5YU202",
        "user_profile": {
            "avatar_hash": "273d3745f7ae",
            "image_72": "https:\/\/avatars.slack-edge.com\/2019-05-20\/634344238497_273d3745f7ae1b176b82_72.jpg",
            "first_name": "Charly",
            "real_name": "Charly",
            "display_name": "Charly",
            "team": "TJH5YU202",
            "name": "carles9000",
            "is_restricted": false,
            "is_ultra_restricted": false
        }
    },
    {
        "client_msg_id": "484cb0d7-dc18-42d5-81d6-67e6446ba9c2",
        "type": "message",
        "text": "de hecho creo que template ya es una capa encima",
        "user": "UJWR5N32S",
        "ts": "1559062592.206300",
        "team": "TJH5YU202",
        "user_team": "TJH5YU202",
        "source_team": "TJH5YU202",
        "user_profile": {
            "avatar_hash": "273d3745f7ae",
            "image_72": "https:\/\/avatars.slack-edge.com\/2019-05-20\/634344238497_273d3745f7ae1b176b82_72.jpg",
            "first_name": "Charly",
            "real_name": "Charly",
            "display_name": "Charly",
            "team": "TJH5YU202",
            "name": "carles9000",
            "is_restricted": false,
            "is_ultra_restricted": false
        }
    },
    {
        "client_msg_id": "f93ac6f6-0415-4023-af03-e5cdc4ff9252",
        "type": "message",
        "text": "Ahí está la diferencia: hace un daño que no se percibe como tal, pero bueno…",
        "user": "UJU2ZLJBW",
        "ts": "1559062597.206700",
        "team": "TJH5YU202",
        "user_team": "TJH5YU202",
        "source_team": "TJH5YU202",
        "user_profile": {
            "avatar_hash": "g4df4d90232e",
            "image_72": "https:\/\/secure.gravatar.com\/avatar\/0b4df4d90232ed07739bd4134b92a6d1.jpg?s=72&d=https%3A%2F%2Fa.slack-edge.com%2F80588%2Fimg%2Favatars%2Fuser_shapes%2Fava_0022-72.png",
            "first_name": "Carlos",
            "real_name": "Carlos Mora",
            "display_name": "",
            "team": "TJH5YU202",
            "name": "carlosantoniomora",
            "is_restricted": false,
            "is_ultra_restricted": false
        }
    },
    {
        "client_msg_id": "4c43c657-ba93-45b4-81a0-978a585c9741",
        "type": "message",
        "text": "que cada uno la use como le de la gana",
        "user": "UJWR5N32S",
        "ts": "1559062599.206800",
        "team": "TJH5YU202",
        "user_team": "TJH5YU202",
        "source_team": "TJH5YU202",
        "user_profile": {
            "avatar_hash": "273d3745f7ae",
            "image_72": "https:\/\/avatars.slack-edge.com\/2019-05-20\/634344238497_273d3745f7ae1b176b82_72.jpg",
            "first_name": "Charly",
            "real_name": "Charly",
            "display_name": "Charly",
            "team": "TJH5YU202",
            "name": "carles9000",
            "is_restricted": false,
            "is_ultra_restricted": false
        }
    },
    {
        "client_msg_id": "b1981080-3650-45f4-b025-314fbd52b2ab",
        "type": "message",
        "text": "claro",
        "user": "UJU2ZLJBW",
        "ts": "1559062604.207000",
        "team": "TJH5YU202",
        "user_team": "TJH5YU202",
        "source_team": "TJH5YU202",
        "user_profile": {
            "avatar_hash": "g4df4d90232e",
            "image_72": "https:\/\/secure.gravatar.com\/avatar\/0b4df4d90232ed07739bd4134b92a6d1.jpg?s=72&d=https%3A%2F%2Fa.slack-edge.com%2F80588%2Fimg%2Favatars%2Fuser_shapes%2Fava_0022-72.png",
            "first_name": "Carlos",
            "real_name": "Carlos Mora",
            "display_name": "",
            "team": "TJH5YU202",
            "name": "carlosantoniomora",
            "is_restricted": false,
            "is_ultra_restricted": false
        }
    },
    {
        "client_msg_id": "098ab32e-729f-4813-8460-6d32979cd840",
        "type": "message",
        "text": "pero vamos a ver...",
        "user": "UJWR5N32S",
        "ts": "1559062613.207200",
        "team": "TJH5YU202",
        "user_team": "TJH5YU202",
        "source_team": "TJH5YU202",
        "user_profile": {
            "avatar_hash": "273d3745f7ae",
            "image_72": "https:\/\/avatars.slack-edge.com\/2019-05-20\/634344238497_273d3745f7ae1b176b82_72.jpg",
            "first_name": "Charly",
            "real_name": "Charly",
            "display_name": "Charly",
            "team": "TJH5YU202",
            "name": "carles9000",
            "is_restricted": false,
            "is_ultra_restricted": false
        }
    },
    {
        "client_msg_id": "9d97026a-3ffe-4082-a1ac-83d43e399c6e",
        "type": "message",
        "text": "grrrrr",
        "user": "UJWR5N32S",
        "ts": "1559062622.207600",
        "team": "TJH5YU202",
        "user_team": "TJH5YU202",
        "source_team": "TJH5YU202",
        "user_profile": {
            "avatar_hash": "273d3745f7ae",
            "image_72": "https:\/\/avatars.slack-edge.com\/2019-05-20\/634344238497_273d3745f7ae1b176b82_72.jpg",
            "first_name": "Charly",
            "real_name": "Charly",
            "display_name": "Charly",
            "team": "TJH5YU202",
            "name": "carles9000",
            "is_restricted": false,
            "is_ultra_restricted": false
        }
    },
    {
        "client_msg_id": "9c9933e2-434d-4186-9435-9c8001e8c684",
        "type": "message",
        "text": "vale, chau",
        "user": "UJU2ZLJBW",
        "ts": "1559062628.207900",
        "team": "TJH5YU202",
        "user_team": "TJH5YU202",
        "source_team": "TJH5YU202",
        "user_profile": {
            "avatar_hash": "g4df4d90232e",
            "image_72": "https:\/\/secure.gravatar.com\/avatar\/0b4df4d90232ed07739bd4134b92a6d1.jpg?s=72&d=https%3A%2F%2Fa.slack-edge.com%2F80588%2Fimg%2Favatars%2Fuser_shapes%2Fava_0022-72.png",
            "first_name": "Carlos",
            "real_name": "Carlos Mora",
            "display_name": "",
            "team": "TJH5YU202",
            "name": "carlosantoniomora",
            "is_restricted": false,
            "is_ultra_restricted": false
        }
    },
    {
        "client_msg_id": "2863d72f-c8fd-44de-b0e9-1fcef69d26ac",
        "type": "message",
        "text": "yo no digo que no tengas razon",
        "user": "UJWR5N32S",
        "ts": "1559062634.208100",
        "team": "TJH5YU202",
        "user_team": "TJH5YU202",
        "source_team": "TJH5YU202",
        "user_profile": {
            "avatar_hash": "273d3745f7ae",
            "image_72": "https:\/\/avatars.slack-edge.com\/2019-05-20\/634344238497_273d3745f7ae1b176b82_72.jpg",
            "first_name": "Charly",
            "real_name": "Charly",
            "display_name": "Charly",
            "team": "TJH5YU202",
            "name": "carles9000",
            "is_restricted": false,
            "is_ultra_restricted": false
        }
    },
    {
        "client_msg_id": "a66fedbd-87f5-446d-9769-30390618f9a9",
        "type": "message",
        "text": "ya lo sabes",
        "user": "UJWR5N32S",
        "ts": "1559062642.208400",
        "team": "TJH5YU202",
        "user_team": "TJH5YU202",
        "source_team": "TJH5YU202",
        "user_profile": {
            "avatar_hash": "273d3745f7ae",
            "image_72": "https:\/\/avatars.slack-edge.com\/2019-05-20\/634344238497_273d3745f7ae1b176b82_72.jpg",
            "first_name": "Charly",
            "real_name": "Charly",
            "display_name": "Charly",
            "team": "TJH5YU202",
            "name": "carles9000",
            "is_restricted": false,
            "is_ultra_restricted": false
        }
    },
    {
        "client_msg_id": "e7cd1ff4-e576-4985-899a-0885b23cc2ca",
        "type": "message",
        "text": "yo creo que ahora estamos en un momento de jugar un poco y ver el systema como aguanta",
        "user": "UJWR5N32S",
        "ts": "1559062664.208900",
        "team": "TJH5YU202",
        "user_team": "TJH5YU202",
        "source_team": "TJH5YU202",
        "user_profile": {
            "avatar_hash": "273d3745f7ae",
            "image_72": "https:\/\/avatars.slack-edge.com\/2019-05-20\/634344238497_273d3745f7ae1b176b82_72.jpg",
            "first_name": "Charly",
            "real_name": "Charly",
            "display_name": "Charly",
            "team": "TJH5YU202",
            "name": "carles9000",
            "is_restricted": false,
            "is_ultra_restricted": false
        }
    },
    {
        "client_msg_id": "36980bc6-a2fc-45b9-bbed-99d2e3e0a306",
        "type": "message",
        "text": "y listos",
        "user": "UJWR5N32S",
        "ts": "1559062671.209100",
        "team": "TJH5YU202",
        "user_team": "TJH5YU202",
        "source_team": "TJH5YU202",
        "user_profile": {
            "avatar_hash": "273d3745f7ae",
            "image_72": "https:\/\/avatars.slack-edge.com\/2019-05-20\/634344238497_273d3745f7ae1b176b82_72.jpg",
            "first_name": "Charly",
            "real_name": "Charly",
            "display_name": "Charly",
            "team": "TJH5YU202",
            "name": "carles9000",
            "is_restricted": false,
            "is_ultra_restricted": false
        }
    },
    {
        "client_msg_id": "3199E134-314F-4112-A9D4-CF6CD9059E20",
        "type": "message",
        "text": "La idea de Paco, que es una extensión de la de Charly, que es una extensión de la de Lailton... :rolling_on_the_floor_laughing: me parece buenisima",
        "user": "UJN8D8U3B",
        "ts": "1559062816.210600",
        "team": "TJH5YU202",
        "user_team": "TJH5YU202",
        "source_team": "TJH5YU202",
        "user_profile": {
            "avatar_hash": "g92ad2abcc45",
            "image_72": "https:\/\/secure.gravatar.com\/avatar\/8492ad2abcc45ce53969adcf8420acde.jpg?s=72&d=https%3A%2F%2Fa.slack-edge.com%2F80588%2Fimg%2Favatars%2Fuser_shapes%2Fava_0008-72.png",
            "first_name": "",
            "real_name": "Antonio Linares",
            "display_name": "Antonio Linares",
            "team": "TJH5YU202",
            "name": "alinares",
            "is_restricted": false,
            "is_ultra_restricted": false
        }
    },
    {
        "client_msg_id": "3ED0F2FD-CCF8-4D50-AB99-4CADA5CA3FFD",
        "type": "message",
        "text": "El usuario declara las variables local que quiera",
        "user": "UJN8D8U3B",
        "ts": "1559062859.211300",
        "team": "TJH5YU202",
        "user_team": "TJH5YU202",
        "source_team": "TJH5YU202",
        "user_profile": {
            "avatar_hash": "g92ad2abcc45",
            "image_72": "https:\/\/secure.gravatar.com\/avatar\/8492ad2abcc45ce53969adcf8420acde.jpg?s=72&d=https%3A%2F%2Fa.slack-edge.com%2F80588%2Fimg%2Favatars%2Fuser_shapes%2Fava_0008-72.png",
            "first_name": "",
            "real_name": "Antonio Linares",
            "display_name": "Antonio Linares",
            "team": "TJH5YU202",
            "name": "alinares",
            "is_restricted": false,
            "is_ultra_restricted": false
        }
    },
    {
        "client_msg_id": "4B8689D8-61ED-4471-B7B5-3CC9EE06C0E0",
        "type": "message",
        "text": "Se las da a TEMPLATE USING ...",
        "user": "UJN8D8U3B",
        "ts": "1559062874.211800",
        "team": "TJH5YU202",
        "user_team": "TJH5YU202",
        "source_team": "TJH5YU202",
        "user_profile": {
            "avatar_hash": "g92ad2abcc45",
            "image_72": "https:\/\/secure.gravatar.com\/avatar\/8492ad2abcc45ce53969adcf8420acde.jpg?s=72&d=https%3A%2F%2Fa.slack-edge.com%2F80588%2Fimg%2Favatars%2Fuser_shapes%2Fava_0008-72.png",
            "first_name": "",
            "real_name": "Antonio Linares",
            "display_name": "Antonio Linares",
            "team": "TJH5YU202",
            "name": "alinares",
            "is_restricted": false,
            "is_ultra_restricted": false
        }
    },
    {
        "client_msg_id": "CDE96C8C-6320-45EB-B1B6-6613AA59F1AE",
        "type": "message",
        "text": "Y el resultado de cada bloque queda guardado",
        "user": "UJN8D8U3B",
        "ts": "1559062898.212500",
        "team": "TJH5YU202",
        "user_team": "TJH5YU202",
        "source_team": "TJH5YU202",
        "user_profile": {
            "avatar_hash": "g92ad2abcc45",
            "image_72": "https:\/\/secure.gravatar.com\/avatar\/8492ad2abcc45ce53969adcf8420acde.jpg?s=72&d=https%3A%2F%2Fa.slack-edge.com%2F80588%2Fimg%2Favatars%2Fuser_shapes%2Fava_0008-72.png",
            "first_name": "",
            "real_name": "Antonio Linares",
            "display_name": "Antonio Linares",
            "team": "TJH5YU202",
            "name": "alinares",
            "is_restricted": false,
            "is_ultra_restricted": false
        }
    },
    {
        "client_msg_id": "97DACC1A-F5F5-44CA-A14C-DC96D7E35E03",
        "type": "message",
        "text": "De hecho ASÍ podemos depurarlo",
        "user": "UJN8D8U3B",
        "ts": "1559062914.213400",
        "team": "TJH5YU202",
        "user_team": "TJH5YU202",
        "source_team": "TJH5YU202",
        "user_profile": {
            "avatar_hash": "g92ad2abcc45",
            "image_72": "https:\/\/secure.gravatar.com\/avatar\/8492ad2abcc45ce53969adcf8420acde.jpg?s=72&d=https%3A%2F%2Fa.slack-edge.com%2F80588%2Fimg%2Favatars%2Fuser_shapes%2Fava_0008-72.png",
            "first_name": "",
            "real_name": "Antonio Linares",
            "display_name": "Antonio Linares",
            "team": "TJH5YU202",
            "name": "alinares",
            "is_restricted": false,
            "is_ultra_restricted": false
        }
    },
    {
        "client_msg_id": "6ab4bc21-f4c2-43ba-9ba7-79cb04f74bb2",
        "type": "message",
        "text": "Yo simplemente creo que es una opcion que puede madurar y ayudar a quien lo necesite. Luego que cada uno trabaje como desee, y esta ha de ser una flexibilidad del HW",
        "user": "UJWR5N32S",
        "ts": "1559062951.213900",
        "team": "TJH5YU202",
        "user_team": "TJH5YU202",
        "source_team": "TJH5YU202",
        "user_profile": {
            "avatar_hash": "273d3745f7ae",
            "image_72": "https:\/\/avatars.slack-edge.com\/2019-05-20\/634344238497_273d3745f7ae1b176b82_72.jpg",
            "first_name": "Charly",
            "real_name": "Charly",
            "display_name": "Charly",
            "team": "TJH5YU202",
            "name": "carles9000",
            "is_restricted": false,
            "is_ultra_restricted": false
        }
    },
    {
        "client_msg_id": "16E1EAD5-4CE0-4066-8794-DF8C90C8A42B",
        "type": "message",
        "text": "Un detalle para recordar, que no se nos olvide, los bloques podrían contener otros bloques",
        "user": "UJN8D8U3B",
        "ts": "1559063103.215400",
        "team": "TJH5YU202",
        "user_team": "TJH5YU202",
        "source_team": "TJH5YU202",
        "user_profile": {
            "avatar_hash": "g92ad2abcc45",
            "image_72": "https:\/\/secure.gravatar.com\/avatar\/8492ad2abcc45ce53969adcf8420acde.jpg?s=72&d=https%3A%2F%2Fa.slack-edge.com%2F80588%2Fimg%2Favatars%2Fuser_shapes%2Fava_0008-72.png",
            "first_name": "",
            "real_name": "Antonio Linares",
            "display_name": "Antonio Linares",
            "team": "TJH5YU202",
            "name": "alinares",
            "is_restricted": false,
            "is_ultra_restricted": false
        }
    },
    {
        "client_msg_id": "1341C5A6-CF10-4064-8E15-D509241C38C1",
        "type": "message",
        "text": "Eso lo intentará alguien tarde o temprano",
        "user": "UJN8D8U3B",
        "ts": "1559063116.215900",
        "team": "TJH5YU202",
        "user_team": "TJH5YU202",
        "source_team": "TJH5YU202",
        "user_profile": {
            "avatar_hash": "g92ad2abcc45",
            "image_72": "https:\/\/secure.gravatar.com\/avatar\/8492ad2abcc45ce53969adcf8420acde.jpg?s=72&d=https%3A%2F%2Fa.slack-edge.com%2F80588%2Fimg%2Favatars%2Fuser_shapes%2Fava_0008-72.png",
            "first_name": "",
            "real_name": "Antonio Linares",
            "display_name": "Antonio Linares",
            "team": "TJH5YU202",
            "name": "alinares",
            "is_restricted": false,
            "is_ultra_restricted": false
        }
    },
    {
        "client_msg_id": "A448294F-D24F-436E-8C4C-EEAFBECAC78F",
        "type": "message",
        "text": "Bloques anidados",
        "user": "UJN8D8U3B",
        "ts": "1559063122.216200",
        "team": "TJH5YU202",
        "user_team": "TJH5YU202",
        "source_team": "TJH5YU202",
        "user_profile": {
            "avatar_hash": "g92ad2abcc45",
            "image_72": "https:\/\/secure.gravatar.com\/avatar\/8492ad2abcc45ce53969adcf8420acde.jpg?s=72&d=https%3A%2F%2Fa.slack-edge.com%2F80588%2Fimg%2Favatars%2Fuser_shapes%2Fava_0008-72.png",
            "first_name": "",
            "real_name": "Antonio Linares",
            "display_name": "Antonio Linares",
            "team": "TJH5YU202",
            "name": "alinares",
            "is_restricted": false,
            "is_ultra_restricted": false
        }
    },
    {
        "client_msg_id": "CCFEA17B-F0FA-4939-8C84-E886989610AE",
        "type": "message",
        "text": "De momento no está contemplado y de hecho daria error",
        "user": "UJN8D8U3B",
        "ts": "1559063177.216800",
        "team": "TJH5YU202",
        "user_team": "TJH5YU202",
        "source_team": "TJH5YU202",
        "user_profile": {
            "avatar_hash": "g92ad2abcc45",
            "image_72": "https:\/\/secure.gravatar.com\/avatar\/8492ad2abcc45ce53969adcf8420acde.jpg?s=72&d=https%3A%2F%2Fa.slack-edge.com%2F80588%2Fimg%2Favatars%2Fuser_shapes%2Fava_0008-72.png",
            "first_name": "",
            "real_name": "Antonio Linares",
            "display_name": "Antonio Linares",
            "team": "TJH5YU202",
            "name": "alinares",
            "is_restricted": false,
            "is_ultra_restricted": false
        }
    },
    {
        "client_msg_id": "7CB8AE2D-F86A-4D3C-9010-90C6740CDF8F",
        "type": "message",
        "text": "Ya veremos si eso puede soportarse o no conviene",
        "user": "UJN8D8U3B",
        "ts": "1559063207.217400",
        "team": "TJH5YU202",
        "user_team": "TJH5YU202",
        "source_team": "TJH5YU202",
        "user_profile": {
            "avatar_hash": "g92ad2abcc45",
            "image_72": "https:\/\/secure.gravatar.com\/avatar\/8492ad2abcc45ce53969adcf8420acde.jpg?s=72&d=https%3A%2F%2Fa.slack-edge.com%2F80588%2Fimg%2Favatars%2Fuser_shapes%2Fava_0008-72.png",
            "first_name": "",
            "real_name": "Antonio Linares",
            "display_name": "Antonio Linares",
            "team": "TJH5YU202",
            "name": "alinares",
            "is_restricted": false,
            "is_ultra_restricted": false
        }
    },
    {
        "client_msg_id": "C6A12250-8D36-4457-8D61-39FC8E031630",
        "type": "message",
        "text": "Y la función de soporte pasaría a llamarse InlinePrg()",
        "user": "UJN8D8U3B",
        "ts": "1559063349.218700",
        "team": "TJH5YU202",
        "user_team": "TJH5YU202",
        "source_team": "TJH5YU202",
        "user_profile": {
            "avatar_hash": "g92ad2abcc45",
            "image_72": "https:\/\/secure.gravatar.com\/avatar\/8492ad2abcc45ce53969adcf8420acde.jpg?s=72&d=https%3A%2F%2Fa.slack-edge.com%2F80588%2Fimg%2Favatars%2Fuser_shapes%2Fava_0008-72.png",
            "first_name": "",
            "real_name": "Antonio Linares",
            "display_name": "Antonio Linares",
            "team": "TJH5YU202",
            "name": "alinares",
            "is_restricted": false,
            "is_ultra_restricted": false
        }
    },
    {
        "client_msg_id": "A01C1A5C-1AAD-4ABE-9F02-AA70C241FEB3",
        "type": "message",
        "text": "E iría dentro de apache.prg",
        "user": "UJN8D8U3B",
        "ts": "1559063386.219500",
        "team": "TJH5YU202",
        "user_team": "TJH5YU202",
        "source_team": "TJH5YU202",
        "user_profile": {
            "avatar_hash": "g92ad2abcc45",
            "image_72": "https:\/\/secure.gravatar.com\/avatar\/8492ad2abcc45ce53969adcf8420acde.jpg?s=72&d=https%3A%2F%2Fa.slack-edge.com%2F80588%2Fimg%2Favatars%2Fuser_shapes%2Fava_0008-72.png",
            "first_name": "",
            "real_name": "Antonio Linares",
            "display_name": "Antonio Linares",
            "team": "TJH5YU202",
            "name": "alinares",
            "is_restricted": false,
            "is_ultra_restricted": false
        }
    },
    {
        "client_msg_id": "ba6ec647-c39d-4680-8336-c44d43dfb1b0",
        "type": "message",
        "text": "Antonio, AP_HeadersOutSet( \"Content-Type\", \"application\/json\" ) no funciona bien. En apache esta a piñon fijo r-&gt;content_type = \"text\/html\"; y esto se deberia de poder modificar  :slightly_smiling_face:",
        "user": "UJWR5N32S",
        "ts": "1559065394.220800",
        "team": "TJH5YU202",
        "user_team": "TJH5YU202",
        "source_team": "TJH5YU202",
        "user_profile": {
            "avatar_hash": "273d3745f7ae",
            "image_72": "https:\/\/avatars.slack-edge.com\/2019-05-20\/634344238497_273d3745f7ae1b176b82_72.jpg",
            "first_name": "Charly",
            "real_name": "Charly",
            "display_name": "Charly",
            "team": "TJH5YU202",
            "name": "carles9000",
            "is_restricted": false,
            "is_ultra_restricted": false
        }
    },
    {
        "client_msg_id": "ab95f11e-b8da-4f82-b16e-635c37bd4866",
        "type": "message",
        "text": "Como podemos detectar si tenemos que ponerlo por defecto ?",
        "user": "UJN8D8U3B",
        "ts": "1559065500.221100",
        "team": "TJH5YU202",
        "user_team": "TJH5YU202",
        "source_team": "TJH5YU202",
        "user_profile": {
            "avatar_hash": "g92ad2abcc45",
            "image_72": "https:\/\/secure.gravatar.com\/avatar\/8492ad2abcc45ce53969adcf8420acde.jpg?s=72&d=https%3A%2F%2Fa.slack-edge.com%2F80588%2Fimg%2Favatars%2Fuser_shapes%2Fava_0008-72.png",
            "first_name": "",
            "real_name": "Antonio Linares",
            "display_name": "Antonio Linares",
            "team": "TJH5YU202",
            "name": "alinares",
            "is_restricted": false,
            "is_ultra_restricted": false
        }
    },
    {
        "client_msg_id": "71cba7a4-38d3-48ae-9b73-2ca4cd594317",
        "type": "message",
        "text": "Por defecto ya esta bien, pero habria de haber alguna funcion para modificar el valor",
        "user": "UJWR5N32S",
        "ts": "1559065539.221700",
        "team": "TJH5YU202",
        "user_team": "TJH5YU202",
        "source_team": "TJH5YU202",
        "user_profile": {
            "avatar_hash": "273d3745f7ae",
            "image_72": "https:\/\/avatars.slack-edge.com\/2019-05-20\/634344238497_273d3745f7ae1b176b82_72.jpg",
            "first_name": "Charly",
            "real_name": "Charly",
            "display_name": "Charly",
            "team": "TJH5YU202",
            "name": "carles9000",
            "is_restricted": false,
            "is_ultra_restricted": false
        }
    },
    {
        "client_msg_id": "8a9b3ccd-6fcd-4c21-b38a-266201c5e45d",
        "type": "message",
        "text": "Code Status va Ok",
        "user": "UJWR5N32S",
        "ts": "1559065634.222100",
        "team": "TJH5YU202",
        "user_team": "TJH5YU202",
        "source_team": "TJH5YU202",
        "user_profile": {
            "avatar_hash": "273d3745f7ae",
            "image_72": "https:\/\/avatars.slack-edge.com\/2019-05-20\/634344238497_273d3745f7ae1b176b82_72.jpg",
            "first_name": "Charly",
            "real_name": "Charly",
            "display_name": "Charly",
            "team": "TJH5YU202",
            "name": "carles9000",
            "is_restricted": false,
            "is_ultra_restricted": false
        }
    },
    {
        "client_msg_id": "7ae1b964-b43d-487f-ac7e-60a225ead956",
        "type": "message",
        "text": ":+1:",
        "user": "UJWR5N32S",
        "ts": "1559065672.222300",
        "team": "TJH5YU202",
        "user_team": "TJH5YU202",
        "source_team": "TJH5YU202",
        "user_profile": {
            "avatar_hash": "273d3745f7ae",
            "image_72": "https:\/\/avatars.slack-edge.com\/2019-05-20\/634344238497_273d3745f7ae1b176b82_72.jpg",
            "first_name": "Charly",
            "real_name": "Charly",
            "display_name": "Charly",
            "team": "TJH5YU202",
            "name": "carles9000",
            "is_restricted": false,
            "is_ultra_restricted": false
        }
    },
    {
        "client_msg_id": "eb3c9b4d-acc4-470b-bc8c-d3543aa0dd12",
        "type": "message",
        "text": "necesitamos una función AP_SetContentType()",
        "user": "UJN8D8U3B",
        "ts": "1559065703.222800",
        "team": "TJH5YU202",
        "user_team": "TJH5YU202",
        "source_team": "TJH5YU202",
        "user_profile": {
            "avatar_hash": "g92ad2abcc45",
            "image_72": "https:\/\/secure.gravatar.com\/avatar\/8492ad2abcc45ce53969adcf8420acde.jpg?s=72&d=https%3A%2F%2Fa.slack-edge.com%2F80588%2Fimg%2Favatars%2Fuser_shapes%2Fava_0008-72.png",
            "first_name": "",
            "real_name": "Antonio Linares",
            "display_name": "Antonio Linares",
            "team": "TJH5YU202",
            "name": "alinares",
            "is_restricted": false,
            "is_ultra_restricted": false
        }
    },
    {
        "client_msg_id": "d4f5c847-9d8a-43f3-b6e1-08f66f7364fe",
        "type": "message",
        "text": "Sip",
        "user": "UJWR5N32S",
        "ts": "1559065709.223000",
        "team": "TJH5YU202",
        "user_team": "TJH5YU202",
        "source_team": "TJH5YU202",
        "user_profile": {
            "avatar_hash": "273d3745f7ae",
            "image_72": "https:\/\/avatars.slack-edge.com\/2019-05-20\/634344238497_273d3745f7ae1b176b82_72.jpg",
            "first_name": "Charly",
            "real_name": "Charly",
            "display_name": "Charly",
            "team": "TJH5YU202",
            "name": "carles9000",
            "is_restricted": false,
            "is_ultra_restricted": false
        }
    },
    {
        "client_msg_id": "97d625a4-54f4-48cb-a47d-3457294cab99",
        "type": "message",
        "text": "A no ser q AP_HeadersOutSet() lo trate...",
        "user": "UJWR5N32S",
        "ts": "1559065740.223500",
        "team": "TJH5YU202",
        "user_team": "TJH5YU202",
        "source_team": "TJH5YU202",
        "user_profile": {
            "avatar_hash": "273d3745f7ae",
            "image_72": "https:\/\/avatars.slack-edge.com\/2019-05-20\/634344238497_273d3745f7ae1b176b82_72.jpg",
            "first_name": "Charly",
            "real_name": "Charly",
            "display_name": "Charly",
            "team": "TJH5YU202",
            "name": "carles9000",
            "is_restricted": false,
            "is_ultra_restricted": false
        }
    },
    {
        "client_msg_id": "d67feb96-f4bf-4209-bb64-8ba106e32b12",
        "type": "message",
        "text": "En las pruebas AP_HeadersOutCount() da cero por defecto",
        "user": "UJN8D8U3B",
        "ts": "1559065804.224200",
        "team": "TJH5YU202",
        "user_team": "TJH5YU202",
        "source_team": "TJH5YU202",
        "user_profile": {
            "avatar_hash": "g92ad2abcc45",
            "image_72": "https:\/\/secure.gravatar.com\/avatar\/8492ad2abcc45ce53969adcf8420acde.jpg?s=72&d=https%3A%2F%2Fa.slack-edge.com%2F80588%2Fimg%2Favatars%2Fuser_shapes%2Fava_0008-72.png",
            "first_name": "",
            "real_name": "Antonio Linares",
            "display_name": "Antonio Linares",
            "team": "TJH5YU202",
            "name": "alinares",
            "is_restricted": false,
            "is_ultra_restricted": false
        }
    },
    {
        "client_msg_id": "07dfb375-a87a-4bc4-a7de-b1bb2f48acb2",
        "type": "message",
        "text": "luego no es una key que se pueda borrar por ahi. La solución pienso que es AP_SetContentType()",
        "user": "UJN8D8U3B",
        "ts": "1559065842.225000",
        "team": "TJH5YU202",
        "user_team": "TJH5YU202",
        "source_team": "TJH5YU202",
        "user_profile": {
            "avatar_hash": "g92ad2abcc45",
            "image_72": "https:\/\/secure.gravatar.com\/avatar\/8492ad2abcc45ce53969adcf8420acde.jpg?s=72&d=https%3A%2F%2Fa.slack-edge.com%2F80588%2Fimg%2Favatars%2Fuser_shapes%2Fava_0008-72.png",
            "first_name": "",
            "real_name": "Antonio Linares",
            "display_name": "Antonio Linares",
            "team": "TJH5YU202",
            "name": "alinares",
            "is_restricted": false,
            "is_ultra_restricted": false
        }
    },
    {
        "client_msg_id": "e01864cf-b743-4097-8bba-f0482862d81d",
        "type": "message",
        "text": "Vale",
        "user": "UJWR5N32S",
        "ts": "1559065854.225200",
        "team": "TJH5YU202",
        "user_team": "TJH5YU202",
        "source_team": "TJH5YU202",
        "user_profile": {
            "avatar_hash": "273d3745f7ae",
            "image_72": "https:\/\/avatars.slack-edge.com\/2019-05-20\/634344238497_273d3745f7ae1b176b82_72.jpg",
            "first_name": "Charly",
            "real_name": "Charly",
            "display_name": "Charly",
            "team": "TJH5YU202",
            "name": "carles9000",
            "is_restricted": false,
            "is_ultra_restricted": false
        }
    },
    {
        "client_msg_id": "14255f44-b21b-4ece-b7cd-ff4257d380ed",
        "type": "message",
        "text": "Porque llamas ErrorLevel() al Código de estado http? :face_with_rolling_eyes:",
        "user": "UJWR5N32S",
        "ts": "1559065892.225900",
        "team": "TJH5YU202",
        "user_team": "TJH5YU202",
        "source_team": "TJH5YU202",
        "user_profile": {
            "avatar_hash": "273d3745f7ae",
            "image_72": "https:\/\/avatars.slack-edge.com\/2019-05-20\/634344238497_273d3745f7ae1b176b82_72.jpg",
            "first_name": "Charly",
            "real_name": "Charly",
            "display_name": "Charly",
            "team": "TJH5YU202",
            "name": "carles9000",
            "is_restricted": false,
            "is_ultra_restricted": false
        }
    },
    {
        "client_msg_id": "52d7f625-b9af-4087-a0f1-24488f2d5418",
        "type": "message",
        "text": "Es una función propia de Harbour y es el valor que devuelve hb_vmQuit() que es el que devolvemos al mod",
        "user": "UJN8D8U3B",
        "ts": "1559065929.226400",
        "team": "TJH5YU202",
        "user_team": "TJH5YU202",
        "source_team": "TJH5YU202",
        "user_profile": {
            "avatar_hash": "g92ad2abcc45",
            "image_72": "https:\/\/secure.gravatar.com\/avatar\/8492ad2abcc45ce53969adcf8420acde.jpg?s=72&d=https%3A%2F%2Fa.slack-edge.com%2F80588%2Fimg%2Favatars%2Fuser_shapes%2Fava_0008-72.png",
            "first_name": "",
            "real_name": "Antonio Linares",
            "display_name": "Antonio Linares",
            "team": "TJH5YU202",
            "name": "alinares",
            "is_restricted": false,
            "is_ultra_restricted": false
        }
    },
    {
        "client_msg_id": "54ad6cba-9fd6-4899-9d4c-c55268886507",
        "type": "message",
        "text": "de vuelta a los foros de fivetech, veremos que hay de nuevo :slightly_smiling_face:",
        "user": "UK28N3CER",
        "ts": "1559068474.227300",
        "team": "TJH5YU202",
        "user_team": "TJH5YU202",
        "source_team": "TJH5YU202",
        "user_profile": {
            "avatar_hash": "3fec6e3393a8",
            "image_72": "https:\/\/avatars.slack-edge.com\/2019-08-17\/723363154273_3fec6e3393a86fb3e470_72.jpg",
            "first_name": "",
            "real_name": "Cesar SysCtrl Software",
            "display_name": "Cesar SysCtrl Software",
            "team": "TJH5YU202",
            "name": "sysctrlsoftware",
            "is_restricted": false,
            "is_ultra_restricted": false
        }
    }
]