[
    {
        "client_msg_id": "92262045-1492-4a0d-88a2-cf2447b0d64d",
        "type": "message",
        "text": "Debia ser algun parámetro de Postman que he tochado...desde otro cliente si que funciona",
        "user": "UJWR5N32S",
        "ts": "1560860002.337600",
        "team": "TJH5YU202",
        "user_team": "TJH5YU202",
        "source_team": "TJH5YU202",
        "user_profile": {
            "avatar_hash": "273d3745f7ae",
            "image_72": "https:\/\/avatars.slack-edge.com\/2019-05-20\/634344238497_273d3745f7ae1b176b82_72.jpg",
            "first_name": "Charly",
            "real_name": "Charly",
            "display_name": "Charly",
            "team": "TJH5YU202",
            "name": "carles9000",
            "is_restricted": false,
            "is_ultra_restricted": false
        }
    },
    {
        "client_msg_id": "3620833e-9ae1-4928-9b23-3ada5a40b6b6",
        "type": "message",
        "text": "eso me parecia a mi :joy:",
        "user": "UJULQCHL5",
        "ts": "1560867956.338000",
        "team": "TJH5YU202",
        "user_team": "TJH5YU202",
        "source_team": "TJH5YU202",
        "user_profile": {
            "avatar_hash": "g7659142325a",
            "image_72": "https:\/\/secure.gravatar.com\/avatar\/c87659142325a3facb661d85281ec091.jpg?s=72&d=https%3A%2F%2Fa.slack-edge.com%2F80588%2Fimg%2Favatars%2Fuser_shapes%2Fava_0003-72.png",
            "first_name": "",
            "real_name": "Paquito",
            "display_name": "Paquito",
            "team": "TJH5YU202",
            "name": "hmpaquito",
            "is_restricted": false,
            "is_ultra_restricted": false
        }
    },
    {
        "client_msg_id": "0c0c9ab1-c363-4bab-ab94-c48e8dead4ea",
        "type": "message",
        "text": "paquito, paquito...",
        "user": "UJWR5N32S",
        "ts": "1560868016.338200",
        "team": "TJH5YU202",
        "user_team": "TJH5YU202",
        "source_team": "TJH5YU202",
        "user_profile": {
            "avatar_hash": "273d3745f7ae",
            "image_72": "https:\/\/avatars.slack-edge.com\/2019-05-20\/634344238497_273d3745f7ae1b176b82_72.jpg",
            "first_name": "Charly",
            "real_name": "Charly",
            "display_name": "Charly",
            "team": "TJH5YU202",
            "name": "carles9000",
            "is_restricted": false,
            "is_ultra_restricted": false
        }
    },
    {
        "client_msg_id": "9b42f1bc-61b3-45ab-9214-28513fe98ea4",
        "type": "message",
        "text": "Ya he visto...",
        "user": "UJWR5N32S",
        "ts": "1560868377.338500",
        "team": "TJH5YU202",
        "user_team": "TJH5YU202",
        "source_team": "TJH5YU202",
        "user_profile": {
            "avatar_hash": "273d3745f7ae",
            "image_72": "https:\/\/avatars.slack-edge.com\/2019-05-20\/634344238497_273d3745f7ae1b176b82_72.jpg",
            "first_name": "Charly",
            "real_name": "Charly",
            "display_name": "Charly",
            "team": "TJH5YU202",
            "name": "carles9000",
            "is_restricted": false,
            "is_ultra_restricted": false
        }
    },
    {
        "client_msg_id": "834dc2ef-603f-48f4-a712-b0ba0f70e919",
        "type": "message",
        "text": "El tema esta en que se han de pasar los parametros por el body",
        "user": "UJWR5N32S",
        "ts": "1560868391.338900",
        "team": "TJH5YU202",
        "user_team": "TJH5YU202",
        "source_team": "TJH5YU202",
        "user_profile": {
            "avatar_hash": "273d3745f7ae",
            "image_72": "https:\/\/avatars.slack-edge.com\/2019-05-20\/634344238497_273d3745f7ae1b176b82_72.jpg",
            "first_name": "Charly",
            "real_name": "Charly",
            "display_name": "Charly",
            "team": "TJH5YU202",
            "name": "carles9000",
            "is_restricted": false,
            "is_ultra_restricted": false
        }
    },
    {
        "client_msg_id": "2104c08b-77ac-4424-95bf-8f695204ba20",
        "type": "message",
        "text": "listos",
        "user": "UJWR5N32S",
        "ts": "1560868395.339100",
        "team": "TJH5YU202",
        "user_team": "TJH5YU202",
        "source_team": "TJH5YU202",
        "user_profile": {
            "avatar_hash": "273d3745f7ae",
            "image_72": "https:\/\/avatars.slack-edge.com\/2019-05-20\/634344238497_273d3745f7ae1b176b82_72.jpg",
            "first_name": "Charly",
            "real_name": "Charly",
            "display_name": "Charly",
            "team": "TJH5YU202",
            "name": "carles9000",
            "is_restricted": false,
            "is_ultra_restricted": false
        }
    },
    {
        "client_msg_id": "1460462e-3911-46d6-ad6c-dfb542ead862",
        "type": "message",
        "text": ":muscle:",
        "user": "UJWR5N32S",
        "ts": "1560868402.339300",
        "team": "TJH5YU202",
        "user_team": "TJH5YU202",
        "source_team": "TJH5YU202",
        "user_profile": {
            "avatar_hash": "273d3745f7ae",
            "image_72": "https:\/\/avatars.slack-edge.com\/2019-05-20\/634344238497_273d3745f7ae1b176b82_72.jpg",
            "first_name": "Charly",
            "real_name": "Charly",
            "display_name": "Charly",
            "team": "TJH5YU202",
            "name": "carles9000",
            "is_restricted": false,
            "is_ultra_restricted": false
        }
    },
    {
        "client_msg_id": "979a2f2e-74eb-492c-9078-0924b53afcc8",
        "type": "message",
        "text": "Bueeeeeno",
        "user": "UJWR5N32S",
        "ts": "1560868428.339500",
        "team": "TJH5YU202",
        "user_team": "TJH5YU202",
        "source_team": "TJH5YU202",
        "user_profile": {
            "avatar_hash": "273d3745f7ae",
            "image_72": "https:\/\/avatars.slack-edge.com\/2019-05-20\/634344238497_273d3745f7ae1b176b82_72.jpg",
            "first_name": "Charly",
            "real_name": "Charly",
            "display_name": "Charly",
            "team": "TJH5YU202",
            "name": "carles9000",
            "is_restricted": false,
            "is_ultra_restricted": false
        }
    },
    {
        "client_msg_id": "62c4edb2-5b44-45d1-a7fd-10176b804727",
        "type": "message",
        "text": ":ok_hand:",
        "user": "UJN8D8U3B",
        "ts": "1560870055.339800",
        "team": "TJH5YU202",
        "user_team": "TJH5YU202",
        "source_team": "TJH5YU202",
        "user_profile": {
            "avatar_hash": "g92ad2abcc45",
            "image_72": "https:\/\/secure.gravatar.com\/avatar\/8492ad2abcc45ce53969adcf8420acde.jpg?s=72&d=https%3A%2F%2Fa.slack-edge.com%2F80588%2Fimg%2Favatars%2Fuser_shapes%2Fava_0008-72.png",
            "first_name": "",
            "real_name": "Antonio Linares",
            "display_name": "Antonio Linares",
            "team": "TJH5YU202",
            "name": "alinares",
            "is_restricted": false,
            "is_ultra_restricted": false
        }
    },
    {
        "client_msg_id": "e1f785c9-2bab-4e70-82cf-082796c1124e",
        "type": "message",
        "text": "<https:\/\/github.com\/FiveTechSoft\/mod_harbour>",
        "user": "UJN8D8U3B",
        "ts": "1560883124.340200",
        "team": "TJH5YU202",
        "user_team": "TJH5YU202",
        "source_team": "TJH5YU202",
        "user_profile": {
            "avatar_hash": "g92ad2abcc45",
            "image_72": "https:\/\/secure.gravatar.com\/avatar\/8492ad2abcc45ce53969adcf8420acde.jpg?s=72&d=https%3A%2F%2Fa.slack-edge.com%2F80588%2Fimg%2Favatars%2Fuser_shapes%2Fava_0008-72.png",
            "first_name": "",
            "real_name": "Antonio Linares",
            "display_name": "Antonio Linares",
            "team": "TJH5YU202",
            "name": "alinares",
            "is_restricted": false,
            "is_ultra_restricted": false
        },
        "attachments": [
            {
                "service_name": "GitHub",
                "title": "FiveTechSoft\/mod_harbour",
                "title_link": "https:\/\/github.com\/FiveTechSoft\/mod_harbour",
                "text": "Apache mod for Harbour. Contribute to FiveTechSoft\/mod_harbour development by creating an account on GitHub.",
                "fallback": "GitHub: FiveTechSoft\/mod_harbour",
                "from_url": "https:\/\/github.com\/FiveTechSoft\/mod_harbour",
                "thumb_url": "https:\/\/repository-images.githubusercontent.com\/186821405\/052d6000-7f03-11e9-85fa-9472623f216c",
                "thumb_width": 190,
                "thumb_height": 191,
                "service_icon": "https:\/\/a.slack-edge.com\/bfaba\/img\/unfurl_icons\/github.png",
                "id": 1,
                "original_url": "https:\/\/github.com\/FiveTechSoft\/mod_harbour"
            }
        ]
    },
    {
        "client_msg_id": "092049f3-3bc9-4d87-bbb3-93c90f215dbf",
        "type": "message",
        "text": "Bon dia !",
        "user": "UJWR5N32S",
        "ts": "1560922347.340600",
        "team": "TJH5YU202",
        "user_team": "TJH5YU202",
        "source_team": "TJH5YU202",
        "user_profile": {
            "avatar_hash": "273d3745f7ae",
            "image_72": "https:\/\/avatars.slack-edge.com\/2019-05-20\/634344238497_273d3745f7ae1b176b82_72.jpg",
            "first_name": "Charly",
            "real_name": "Charly",
            "display_name": "Charly",
            "team": "TJH5YU202",
            "name": "carles9000",
            "is_restricted": false,
            "is_ultra_restricted": false
        }
    },
    {
        "client_msg_id": "7ca51797-30b2-4333-a0a9-f232073ee582",
        "type": "message",
        "text": "(Internautas...)",
        "user": "UJWR5N32S",
        "ts": "1560922354.340800",
        "team": "TJH5YU202",
        "user_team": "TJH5YU202",
        "source_team": "TJH5YU202",
        "user_profile": {
            "avatar_hash": "273d3745f7ae",
            "image_72": "https:\/\/avatars.slack-edge.com\/2019-05-20\/634344238497_273d3745f7ae1b176b82_72.jpg",
            "first_name": "Charly",
            "real_name": "Charly",
            "display_name": "Charly",
            "team": "TJH5YU202",
            "name": "carles9000",
            "is_restricted": false,
            "is_ultra_restricted": false
        }
    },
    {
        "client_msg_id": "ec40ff94-ab91-45af-b680-f7c1d8c3ff19",
        "type": "message",
        "text": "Bon dia, mi @comandante",
        "user": "UJULQCHL5",
        "ts": "1560922743.341900",
        "team": "TJH5YU202",
        "user_team": "TJH5YU202",
        "source_team": "TJH5YU202",
        "user_profile": {
            "avatar_hash": "g7659142325a",
            "image_72": "https:\/\/secure.gravatar.com\/avatar\/c87659142325a3facb661d85281ec091.jpg?s=72&d=https%3A%2F%2Fa.slack-edge.com%2F80588%2Fimg%2Favatars%2Fuser_shapes%2Fava_0003-72.png",
            "first_name": "",
            "real_name": "Paquito",
            "display_name": "Paquito",
            "team": "TJH5YU202",
            "name": "hmpaquito",
            "is_restricted": false,
            "is_ultra_restricted": false
        }
    },
    {
        "client_msg_id": "9e1f7813-3850-4646-aeca-2633f07df0ae",
        "type": "message",
        "text": "buenos dias :sunny:",
        "user": "UJN8D8U3B",
        "ts": "1560923226.342200",
        "team": "TJH5YU202",
        "user_team": "TJH5YU202",
        "source_team": "TJH5YU202",
        "user_profile": {
            "avatar_hash": "g92ad2abcc45",
            "image_72": "https:\/\/secure.gravatar.com\/avatar\/8492ad2abcc45ce53969adcf8420acde.jpg?s=72&d=https%3A%2F%2Fa.slack-edge.com%2F80588%2Fimg%2Favatars%2Fuser_shapes%2Fava_0008-72.png",
            "first_name": "",
            "real_name": "Antonio Linares",
            "display_name": "Antonio Linares",
            "team": "TJH5YU202",
            "name": "alinares",
            "is_restricted": false,
            "is_ultra_restricted": false
        }
    },
    {
        "client_msg_id": "1bbf34d5-7253-4d5c-a5d1-d3018d54c836",
        "type": "message",
        "text": "Egun on !!!",
        "user": "UJK7SNX51",
        "ts": "1560923343.342500",
        "team": "TJH5YU202",
        "user_team": "TJH5YU202",
        "source_team": "TJH5YU202",
        "user_profile": {
            "avatar_hash": "6698a9ba696b",
            "image_72": "https:\/\/avatars.slack-edge.com\/2019-07-04\/673660529330_6698a9ba696bad01eb8c_72.jpg",
            "first_name": "Baxajaun",
            "real_name": "Baxajaun",
            "display_name": "Baxajaun",
            "team": "TJH5YU202",
            "name": "fpgrande",
            "is_restricted": false,
            "is_ultra_restricted": false
        }
    },
    {
        "client_msg_id": "d7c66e35-f22f-46e8-9942-e55bedb4d0cc",
        "type": "message",
        "text": "Alguien tiene idea de validacion expresiones ?",
        "user": "UJWR5N32S",
        "ts": "1560925440.342900",
        "team": "TJH5YU202",
        "user_team": "TJH5YU202",
        "source_team": "TJH5YU202",
        "user_profile": {
            "avatar_hash": "273d3745f7ae",
            "image_72": "https:\/\/avatars.slack-edge.com\/2019-05-20\/634344238497_273d3745f7ae1b176b82_72.jpg",
            "first_name": "Charly",
            "real_name": "Charly",
            "display_name": "Charly",
            "team": "TJH5YU202",
            "name": "carles9000",
            "is_restricted": false,
            "is_ultra_restricted": false
        }
    },
    {
        "client_msg_id": "ff0117cb-a66d-4dae-8e39-96a7f20d608c",
        "type": "message",
        "text": "por ejemplo",
        "user": "UJWR5N32S",
        "ts": "1560925446.343100",
        "team": "TJH5YU202",
        "user_team": "TJH5YU202",
        "source_team": "TJH5YU202",
        "user_profile": {
            "avatar_hash": "273d3745f7ae",
            "image_72": "https:\/\/avatars.slack-edge.com\/2019-05-20\/634344238497_273d3745f7ae1b176b82_72.jpg",
            "first_name": "Charly",
            "real_name": "Charly",
            "display_name": "Charly",
            "team": "TJH5YU202",
            "name": "carles9000",
            "is_restricted": false,
            "is_ultra_restricted": false
        }
    },
    {
        "client_msg_id": "0822c8f4-580a-474f-bb8b-1f89c6d48ec9",
        "type": "message",
        "text": "imaginemos que quiero construir algo del tipo: Solo acepto numeros, y seran 3   -&gt; (999)",
        "user": "UJWR5N32S",
        "ts": "1560925484.343800",
        "team": "TJH5YU202",
        "user_team": "TJH5YU202",
        "source_team": "TJH5YU202",
        "user_profile": {
            "avatar_hash": "273d3745f7ae",
            "image_72": "https:\/\/avatars.slack-edge.com\/2019-05-20\/634344238497_273d3745f7ae1b176b82_72.jpg",
            "first_name": "Charly",
            "real_name": "Charly",
            "display_name": "Charly",
            "team": "TJH5YU202",
            "name": "carles9000",
            "is_restricted": false,
            "is_ultra_restricted": false
        }
    },
    {
        "client_msg_id": "cadc0b03-4070-4945-9ef7-0a458e6c533b",
        "type": "message",
        "text": "o Solo acepto una cadena de caracteres de longitud 30, p.e. ---&gt; (a-z,30)",
        "user": "UJWR5N32S",
        "ts": "1560925533.344600",
        "team": "TJH5YU202",
        "user_team": "TJH5YU202",
        "source_team": "TJH5YU202",
        "user_profile": {
            "avatar_hash": "273d3745f7ae",
            "image_72": "https:\/\/avatars.slack-edge.com\/2019-05-20\/634344238497_273d3745f7ae1b176b82_72.jpg",
            "first_name": "Charly",
            "real_name": "Charly",
            "display_name": "Charly",
            "team": "TJH5YU202",
            "name": "carles9000",
            "is_restricted": false,
            "is_ultra_restricted": false
        }
    },
    {
        "client_msg_id": "12dfbb6a-0cfa-4f75-82dc-b790df8f06b6",
        "type": "message",
        "text": "Algun rollete de estos, vaya",
        "user": "UJWR5N32S",
        "ts": "1560925544.344900",
        "team": "TJH5YU202",
        "user_team": "TJH5YU202",
        "source_team": "TJH5YU202",
        "user_profile": {
            "avatar_hash": "273d3745f7ae",
            "image_72": "https:\/\/avatars.slack-edge.com\/2019-05-20\/634344238497_273d3745f7ae1b176b82_72.jpg",
            "first_name": "Charly",
            "real_name": "Charly",
            "display_name": "Charly",
            "team": "TJH5YU202",
            "name": "carles9000",
            "is_restricted": false,
            "is_ultra_restricted": false
        }
    },
    {
        "client_msg_id": "cc733c24-e6fd-4fa9-8701-6d2b9e085f3f",
        "type": "message",
        "text": "en javascript supongo... ni idea... he visto la claúsula \"required\" que fuerza a escribir algo y no dejarlo vacio",
        "user": "UJN8D8U3B",
        "ts": "1560925637.345800",
        "team": "TJH5YU202",
        "user_team": "TJH5YU202",
        "source_team": "TJH5YU202",
        "user_profile": {
            "avatar_hash": "g92ad2abcc45",
            "image_72": "https:\/\/secure.gravatar.com\/avatar\/8492ad2abcc45ce53969adcf8420acde.jpg?s=72&d=https%3A%2F%2Fa.slack-edge.com%2F80588%2Fimg%2Favatars%2Fuser_shapes%2Fava_0008-72.png",
            "first_name": "",
            "real_name": "Antonio Linares",
            "display_name": "Antonio Linares",
            "team": "TJH5YU202",
            "name": "alinares",
            "is_restricted": false,
            "is_ultra_restricted": false
        }
    },
    {
        "client_msg_id": "cf5920b8-f5ac-4dc8-b992-80834798eaae",
        "type": "message",
        "text": "en harbour ? no te suena nada ?",
        "user": "UJWR5N32S",
        "ts": "1560925666.346200",
        "team": "TJH5YU202",
        "user_team": "TJH5YU202",
        "source_team": "TJH5YU202",
        "user_profile": {
            "avatar_hash": "273d3745f7ae",
            "image_72": "https:\/\/avatars.slack-edge.com\/2019-05-20\/634344238497_273d3745f7ae1b176b82_72.jpg",
            "first_name": "Charly",
            "real_name": "Charly",
            "display_name": "Charly",
            "team": "TJH5YU202",
            "name": "carles9000",
            "is_restricted": false,
            "is_ultra_restricted": false
        }
    },
    {
        "client_msg_id": "c9c52f9d-59ce-4c67-a9d3-d9e9e33835ec",
        "type": "message",
        "text": "te refieres a mod_harbour o hablando de Harbour en si ?",
        "user": "UJN8D8U3B",
        "ts": "1560926387.346600",
        "team": "TJH5YU202",
        "user_team": "TJH5YU202",
        "source_team": "TJH5YU202",
        "user_profile": {
            "avatar_hash": "g92ad2abcc45",
            "image_72": "https:\/\/secure.gravatar.com\/avatar\/8492ad2abcc45ce53969adcf8420acde.jpg?s=72&d=https%3A%2F%2Fa.slack-edge.com%2F80588%2Fimg%2Favatars%2Fuser_shapes%2Fava_0008-72.png",
            "first_name": "",
            "real_name": "Antonio Linares",
            "display_name": "Antonio Linares",
            "team": "TJH5YU202",
            "name": "alinares",
            "is_restricted": false,
            "is_ultra_restricted": false
        }
    }
]