[
    {
        "client_msg_id": "a798c829-b6ef-44a7-aeb0-9d6b193f5851",
        "type": "message",
        "text": "El ejemplo eshop de mod_harbour va mejorando :wink:",
        "user": "UJN8D8U3B",
        "ts": "1561361091.005500",
        "team": "TJH5YU202",
        "user_team": "TJH5YU202",
        "source_team": "TJH5YU202",
        "user_profile": {
            "avatar_hash": "g92ad2abcc45",
            "image_72": "https:\/\/secure.gravatar.com\/avatar\/8492ad2abcc45ce53969adcf8420acde.jpg?s=72&d=https%3A%2F%2Fa.slack-edge.com%2F80588%2Fimg%2Favatars%2Fuser_shapes%2Fava_0008-72.png",
            "first_name": "",
            "real_name": "Antonio Linares",
            "display_name": "Antonio Linares",
            "team": "TJH5YU202",
            "name": "alinares",
            "is_restricted": false,
            "is_ultra_restricted": false
        }
    },
    {
        "client_msg_id": "7ec53f61-9ddf-4a5d-b2fe-70f56089d6b7",
        "type": "message",
        "text": "<https:\/\/harbour.fourtech.es\/modharbour_samples\/eshop\/index.prg>",
        "user": "UJN8D8U3B",
        "ts": "1561361111.005700",
        "team": "TJH5YU202",
        "user_team": "TJH5YU202",
        "source_team": "TJH5YU202",
        "user_profile": {
            "avatar_hash": "g92ad2abcc45",
            "image_72": "https:\/\/secure.gravatar.com\/avatar\/8492ad2abcc45ce53969adcf8420acde.jpg?s=72&d=https%3A%2F%2Fa.slack-edge.com%2F80588%2Fimg%2Favatars%2Fuser_shapes%2Fava_0008-72.png",
            "first_name": "",
            "real_name": "Antonio Linares",
            "display_name": "Antonio Linares",
            "team": "TJH5YU202",
            "name": "alinares",
            "is_restricted": false,
            "is_ultra_restricted": false
        },
        "reactions": [
            {
                "name": "+1",
                "users": [
                    "UJJNSR2V8"
                ],
                "count": 1
            }
        ]
    },
    {
        "client_msg_id": "f76a5543-d3b5-4ea8-bb20-d68b430fa9e0",
        "type": "message",
        "text": "buenos dias :sunny:",
        "user": "UJN8D8U3B",
        "ts": "1561361126.006000",
        "team": "TJH5YU202",
        "user_team": "TJH5YU202",
        "source_team": "TJH5YU202",
        "user_profile": {
            "avatar_hash": "g92ad2abcc45",
            "image_72": "https:\/\/secure.gravatar.com\/avatar\/8492ad2abcc45ce53969adcf8420acde.jpg?s=72&d=https%3A%2F%2Fa.slack-edge.com%2F80588%2Fimg%2Favatars%2Fuser_shapes%2Fava_0008-72.png",
            "first_name": "",
            "real_name": "Antonio Linares",
            "display_name": "Antonio Linares",
            "team": "TJH5YU202",
            "name": "alinares",
            "is_restricted": false,
            "is_ultra_restricted": false
        }
    },
    {
        "client_msg_id": "9193580c-4f65-425f-a0dd-212de7b626c4",
        "type": "message",
        "text": "buenos dias desde Quito Ecuador",
        "user": "UJXP7LS78",
        "ts": "1561384428.006300",
        "team": "TJH5YU202",
        "user_team": "TJH5YU202",
        "source_team": "TJH5YU202",
        "user_profile": {
            "avatar_hash": "gc4a0baebb72",
            "image_72": "https:\/\/secure.gravatar.com\/avatar\/a1c4a0baebb720b97e5a197259dbf409.jpg?s=72&d=https%3A%2F%2Fa.slack-edge.com%2F80588%2Fimg%2Favatars%2Fuser_shapes%2Fava_0007-72.png",
            "first_name": "",
            "real_name": "wilson gamboa",
            "display_name": "wilson gamboa",
            "team": "TJH5YU202",
            "name": "wilson.josenet",
            "is_restricted": false,
            "is_ultra_restricted": false
        }
    },
    {
        "client_msg_id": "ba65a93a-3ef6-4b0d-8eb3-64a2c8312517",
        "type": "message",
        "text": "perdon las preguntas de novato",
        "user": "UJXP7LS78",
        "ts": "1561384437.006600",
        "team": "TJH5YU202",
        "user_team": "TJH5YU202",
        "source_team": "TJH5YU202",
        "user_profile": {
            "avatar_hash": "gc4a0baebb72",
            "image_72": "https:\/\/secure.gravatar.com\/avatar\/a1c4a0baebb720b97e5a197259dbf409.jpg?s=72&d=https%3A%2F%2Fa.slack-edge.com%2F80588%2Fimg%2Favatars%2Fuser_shapes%2Fava_0007-72.png",
            "first_name": "",
            "real_name": "wilson gamboa",
            "display_name": "wilson gamboa",
            "team": "TJH5YU202",
            "name": "wilson.josenet",
            "is_restricted": false,
            "is_ultra_restricted": false
        }
    },
    {
        "client_msg_id": "c6668eab-45e2-4976-9972-5c2b2a069479",
        "type": "message",
        "text": "eshop",
        "user": "UJXP7LS78",
        "ts": "1561384456.006800",
        "team": "TJH5YU202",
        "user_team": "TJH5YU202",
        "source_team": "TJH5YU202",
        "user_profile": {
            "avatar_hash": "gc4a0baebb72",
            "image_72": "https:\/\/secure.gravatar.com\/avatar\/a1c4a0baebb720b97e5a197259dbf409.jpg?s=72&d=https%3A%2F%2Fa.slack-edge.com%2F80588%2Fimg%2Favatars%2Fuser_shapes%2Fava_0007-72.png",
            "first_name": "",
            "real_name": "wilson gamboa",
            "display_name": "wilson gamboa",
            "team": "TJH5YU202",
            "name": "wilson.josenet",
            "is_restricted": false,
            "is_ultra_restricted": false
        }
    },
    {
        "client_msg_id": "94fbdd2c-5c73-40e3-8393-eeaaaad85df7",
        "type": "message",
        "text": "es una tienda virtual de compras ?",
        "user": "UJXP7LS78",
        "ts": "1561384464.007100",
        "team": "TJH5YU202",
        "user_team": "TJH5YU202",
        "source_team": "TJH5YU202",
        "user_profile": {
            "avatar_hash": "gc4a0baebb72",
            "image_72": "https:\/\/secure.gravatar.com\/avatar\/a1c4a0baebb720b97e5a197259dbf409.jpg?s=72&d=https%3A%2F%2Fa.slack-edge.com%2F80588%2Fimg%2Favatars%2Fuser_shapes%2Fava_0007-72.png",
            "first_name": "",
            "real_name": "wilson gamboa",
            "display_name": "wilson gamboa",
            "team": "TJH5YU202",
            "name": "wilson.josenet",
            "is_restricted": false,
            "is_ultra_restricted": false
        }
    },
    {
        "client_msg_id": "00b86aaf-7ea4-4474-99a5-24e299669b60",
        "type": "message",
        "text": "la van a hacer usando Dbf's ?",
        "user": "UJXP7LS78",
        "ts": "1561384493.007600",
        "team": "TJH5YU202",
        "user_team": "TJH5YU202",
        "source_team": "TJH5YU202",
        "user_profile": {
            "avatar_hash": "gc4a0baebb72",
            "image_72": "https:\/\/secure.gravatar.com\/avatar\/a1c4a0baebb720b97e5a197259dbf409.jpg?s=72&d=https%3A%2F%2Fa.slack-edge.com%2F80588%2Fimg%2Favatars%2Fuser_shapes%2Fava_0007-72.png",
            "first_name": "",
            "real_name": "wilson gamboa",
            "display_name": "wilson gamboa",
            "team": "TJH5YU202",
            "name": "wilson.josenet",
            "is_restricted": false,
            "is_ultra_restricted": false
        }
    },
    {
        "client_msg_id": "3b7b716b-c1f4-41bd-9f11-0631a57c34d5",
        "type": "message",
        "text": "De momento es solo un prototipo",
        "user": "UJN8D8U3B",
        "ts": "1561385067.008100",
        "team": "TJH5YU202",
        "user_team": "TJH5YU202",
        "source_team": "TJH5YU202",
        "user_profile": {
            "avatar_hash": "g92ad2abcc45",
            "image_72": "https:\/\/secure.gravatar.com\/avatar\/8492ad2abcc45ce53969adcf8420acde.jpg?s=72&d=https%3A%2F%2Fa.slack-edge.com%2F80588%2Fimg%2Favatars%2Fuser_shapes%2Fava_0008-72.png",
            "first_name": "",
            "real_name": "Antonio Linares",
            "display_name": "Antonio Linares",
            "team": "TJH5YU202",
            "name": "alinares",
            "is_restricted": false,
            "is_ultra_restricted": false
        }
    },
    {
        "client_msg_id": "cb6a85b9-1057-4d00-a809-61bc78dfc5ee",
        "type": "message",
        "text": "Si,  comenzaremos usando dbfs",
        "user": "UJN8D8U3B",
        "ts": "1561385122.008700",
        "team": "TJH5YU202",
        "user_team": "TJH5YU202",
        "source_team": "TJH5YU202",
        "user_profile": {
            "avatar_hash": "g92ad2abcc45",
            "image_72": "https:\/\/secure.gravatar.com\/avatar\/8492ad2abcc45ce53969adcf8420acde.jpg?s=72&d=https%3A%2F%2Fa.slack-edge.com%2F80588%2Fimg%2Favatars%2Fuser_shapes%2Fava_0008-72.png",
            "first_name": "",
            "real_name": "Antonio Linares",
            "display_name": "Antonio Linares",
            "team": "TJH5YU202",
            "name": "alinares",
            "is_restricted": false,
            "is_ultra_restricted": false
        }
    },
    {
        "client_msg_id": "b21012bd-fc4b-4065-9a1f-899e674a449a",
        "type": "message",
        "text": "gracias Antonio",
        "user": "UJXP7LS78",
        "ts": "1561385286.008900",
        "team": "TJH5YU202",
        "user_team": "TJH5YU202",
        "source_team": "TJH5YU202",
        "user_profile": {
            "avatar_hash": "gc4a0baebb72",
            "image_72": "https:\/\/secure.gravatar.com\/avatar\/a1c4a0baebb720b97e5a197259dbf409.jpg?s=72&d=https%3A%2F%2Fa.slack-edge.com%2F80588%2Fimg%2Favatars%2Fuser_shapes%2Fava_0007-72.png",
            "first_name": "",
            "real_name": "wilson gamboa",
            "display_name": "wilson gamboa",
            "team": "TJH5YU202",
            "name": "wilson.josenet",
            "is_restricted": false,
            "is_ultra_restricted": false
        }
    },
    {
        "client_msg_id": "13eb5445-a794-4aff-8aa3-a4eabfb68385",
        "type": "message",
        "text": "A ti Wilson",
        "user": "UJN8D8U3B",
        "ts": "1561385352.009000",
        "team": "TJH5YU202",
        "user_team": "TJH5YU202",
        "source_team": "TJH5YU202",
        "user_profile": {
            "avatar_hash": "g92ad2abcc45",
            "image_72": "https:\/\/secure.gravatar.com\/avatar\/8492ad2abcc45ce53969adcf8420acde.jpg?s=72&d=https%3A%2F%2Fa.slack-edge.com%2F80588%2Fimg%2Favatars%2Fuser_shapes%2Fava_0008-72.png",
            "first_name": "",
            "real_name": "Antonio Linares",
            "display_name": "Antonio Linares",
            "team": "TJH5YU202",
            "name": "alinares",
            "is_restricted": false,
            "is_ultra_restricted": false
        }
    },
    {
        "type": "message",
        "text": "Javier copia la carpeta mod_harbour a la carpeta xampp\/httdocs",
        "files": [
            {
                "id": "FKNC21WLR",
                "created": 1561402518,
                "timestamp": 1561402518,
                "name": "image.png",
                "title": "image.png",
                "mimetype": "image\/png",
                "filetype": "png",
                "pretty_type": "PNG",
                "user": "UK28N3CER",
                "editable": false,
                "size": 68769,
                "mode": "hosted",
                "is_external": false,
                "external_type": "",
                "is_public": true,
                "public_url_shared": false,
                "display_as_bot": false,
                "username": "",
                "url_private": "https:\/\/files.slack.com\/files-pri\/TJH5YU202-FKNC21WLR\/image.png?t=xoxe-629202954002-776688371669-763909703378-01ffaa4c4eeda75ea92ad255b32a04e5",
                "url_private_download": "https:\/\/files.slack.com\/files-pri\/TJH5YU202-FKNC21WLR\/download\/image.png?t=xoxe-629202954002-776688371669-763909703378-01ffaa4c4eeda75ea92ad255b32a04e5",
                "thumb_64": "https:\/\/files.slack.com\/files-tmb\/TJH5YU202-FKNC21WLR-65be7fdc40\/image_64.png?t=xoxe-629202954002-776688371669-763909703378-01ffaa4c4eeda75ea92ad255b32a04e5",
                "thumb_80": "https:\/\/files.slack.com\/files-tmb\/TJH5YU202-FKNC21WLR-65be7fdc40\/image_80.png?t=xoxe-629202954002-776688371669-763909703378-01ffaa4c4eeda75ea92ad255b32a04e5",
                "thumb_360": "https:\/\/files.slack.com\/files-tmb\/TJH5YU202-FKNC21WLR-65be7fdc40\/image_360.png?t=xoxe-629202954002-776688371669-763909703378-01ffaa4c4eeda75ea92ad255b32a04e5",
                "thumb_360_w": 360,
                "thumb_360_h": 217,
                "thumb_480": "https:\/\/files.slack.com\/files-tmb\/TJH5YU202-FKNC21WLR-65be7fdc40\/image_480.png?t=xoxe-629202954002-776688371669-763909703378-01ffaa4c4eeda75ea92ad255b32a04e5",
                "thumb_480_w": 480,
                "thumb_480_h": 289,
                "thumb_160": "https:\/\/files.slack.com\/files-tmb\/TJH5YU202-FKNC21WLR-65be7fdc40\/image_160.png?t=xoxe-629202954002-776688371669-763909703378-01ffaa4c4eeda75ea92ad255b32a04e5",
                "thumb_720": "https:\/\/files.slack.com\/files-tmb\/TJH5YU202-FKNC21WLR-65be7fdc40\/image_720.png?t=xoxe-629202954002-776688371669-763909703378-01ffaa4c4eeda75ea92ad255b32a04e5",
                "thumb_720_w": 720,
                "thumb_720_h": 433,
                "image_exif_rotation": 1,
                "original_w": 786,
                "original_h": 473,
                "permalink": "https:\/\/harbourproject.slack.com\/files\/UK28N3CER\/FKNC21WLR\/image.png",
                "permalink_public": "https:\/\/slack-files.com\/TJH5YU202-FKNC21WLR-392f10e90a",
                "is_starred": false,
                "has_rich_preview": false
            }
        ],
        "upload": true,
        "user": "UK28N3CER",
        "display_as_bot": false,
        "ts": "1561402520.009600",
        "client_msg_id": "616bf868-d9a6-41ee-8b5b-556bfe760656"
    },
    {
        "client_msg_id": "076c18d3-0d88-404a-abe8-0346691e426f",
        "type": "message",
        "text": "Hola César, gracias, ya está funcionando....",
        "user": "UJV4XG3J4",
        "ts": "1561408457.010600",
        "team": "TJH5YU202",
        "user_team": "TJH5YU202",
        "source_team": "TJH5YU202",
        "user_profile": {
            "avatar_hash": "g90d56153d63",
            "image_72": "https:\/\/secure.gravatar.com\/avatar\/6390d56153d63644fb7b405cad9e41e8.jpg?s=72&d=https%3A%2F%2Fa.slack-edge.com%2F80588%2Fimg%2Favatars%2Fuser_shapes%2Fava_0002-72.png",
            "first_name": "Javier",
            "real_name": "Javier Parada",
            "display_name": "Javier",
            "team": "TJH5YU202",
            "name": "jparada_a",
            "is_restricted": false,
            "is_ultra_restricted": false
        },
        "edited": {
            "user": "UJV4XG3J4",
            "ts": "1561408479.000000"
        }
    },
    {
        "client_msg_id": "6f0cbb7b-37ff-4376-ba2c-c71fd4793d2e",
        "type": "message",
        "text": ":+1: excelente Javier saludos.",
        "user": "UK28N3CER",
        "ts": "1561409196.011000",
        "team": "TJH5YU202",
        "user_team": "TJH5YU202",
        "source_team": "TJH5YU202",
        "user_profile": {
            "avatar_hash": "3fec6e3393a8",
            "image_72": "https:\/\/avatars.slack-edge.com\/2019-08-17\/723363154273_3fec6e3393a86fb3e470_72.jpg",
            "first_name": "",
            "real_name": "Cesar SysCtrl Software",
            "display_name": "Cesar SysCtrl Software",
            "team": "TJH5YU202",
            "name": "sysctrlsoftware",
            "is_restricted": false,
            "is_ultra_restricted": false
        }
    },
    {
        "client_msg_id": "fbd2a39c-5661-4cb9-8cf0-476a5e2f5d32",
        "type": "message",
        "text": "En vez de copiar la carpeta mod_harbour\/samples es preferible crear un \"symlink\" de esta forma:",
        "user": "UJN8D8U3B",
        "ts": "1561444988.011700",
        "team": "TJH5YU202",
        "user_team": "TJH5YU202",
        "source_team": "TJH5YU202",
        "user_profile": {
            "avatar_hash": "g92ad2abcc45",
            "image_72": "https:\/\/secure.gravatar.com\/avatar\/8492ad2abcc45ce53969adcf8420acde.jpg?s=72&d=https%3A%2F%2Fa.slack-edge.com%2F80588%2Fimg%2Favatars%2Fuser_shapes%2Fava_0008-72.png",
            "first_name": "",
            "real_name": "Antonio Linares",
            "display_name": "Antonio Linares",
            "team": "TJH5YU202",
            "name": "alinares",
            "is_restricted": false,
            "is_ultra_restricted": false
        }
    },
    {
        "client_msg_id": "dd3e2860-d9fc-40d4-ad75-61e781b3c0fb",
        "type": "message",
        "text": "1, Abre una ventana \"cmd\" como Administrador",
        "user": "UJN8D8U3B",
        "ts": "1561445060.012100",
        "team": "TJH5YU202",
        "user_team": "TJH5YU202",
        "source_team": "TJH5YU202",
        "user_profile": {
            "avatar_hash": "g92ad2abcc45",
            "image_72": "https:\/\/secure.gravatar.com\/avatar\/8492ad2abcc45ce53969adcf8420acde.jpg?s=72&d=https%3A%2F%2Fa.slack-edge.com%2F80588%2Fimg%2Favatars%2Fuser_shapes%2Fava_0008-72.png",
            "first_name": "",
            "real_name": "Antonio Linares",
            "display_name": "Antonio Linares",
            "team": "TJH5YU202",
            "name": "alinares",
            "is_restricted": false,
            "is_ultra_restricted": false
        }
    },
    {
        "client_msg_id": "f80e22ac-b723-42ca-a836-eb9ad94ca952",
        "type": "message",
        "text": "2. Desde el cmd ve a c:\\Apache24\\htdocs ó a la carpeta que use tu instalación de Apache",
        "user": "UJN8D8U3B",
        "ts": "1561445143.012700",
        "team": "TJH5YU202",
        "user_team": "TJH5YU202",
        "source_team": "TJH5YU202",
        "user_profile": {
            "avatar_hash": "g92ad2abcc45",
            "image_72": "https:\/\/secure.gravatar.com\/avatar\/8492ad2abcc45ce53969adcf8420acde.jpg?s=72&d=https%3A%2F%2Fa.slack-edge.com%2F80588%2Fimg%2Favatars%2Fuser_shapes%2Fava_0008-72.png",
            "first_name": "",
            "real_name": "Antonio Linares",
            "display_name": "Antonio Linares",
            "team": "TJH5YU202",
            "name": "alinares",
            "is_restricted": false,
            "is_ultra_restricted": false
        }
    },
    {
        "client_msg_id": "3aa1d009-97cc-4461-82b3-f12543ab4bce",
        "type": "message",
        "text": "3. mklink \/j modharbour_samples c:\\mod_harbour\\samples",
        "user": "UJN8D8U3B",
        "ts": "1561445159.012900",
        "team": "TJH5YU202",
        "user_team": "TJH5YU202",
        "source_team": "TJH5YU202",
        "user_profile": {
            "avatar_hash": "g92ad2abcc45",
            "image_72": "https:\/\/secure.gravatar.com\/avatar\/8492ad2abcc45ce53969adcf8420acde.jpg?s=72&d=https%3A%2F%2Fa.slack-edge.com%2F80588%2Fimg%2Favatars%2Fuser_shapes%2Fava_0008-72.png",
            "first_name": "",
            "real_name": "Antonio Linares",
            "display_name": "Antonio Linares",
            "team": "TJH5YU202",
            "name": "alinares",
            "is_restricted": false,
            "is_ultra_restricted": false
        }
    },
    {
        "client_msg_id": "7d874cfb-423f-44c8-885d-c1ae564a55ee",
        "type": "message",
        "text": "4. mklink \/h libharbour.dll c:\\mod_harbour\\windows\\win64\\libharbour.dll",
        "user": "UJN8D8U3B",
        "ts": "1561445172.013100",
        "team": "TJH5YU202",
        "user_team": "TJH5YU202",
        "source_team": "TJH5YU202",
        "user_profile": {
            "avatar_hash": "g92ad2abcc45",
            "image_72": "https:\/\/secure.gravatar.com\/avatar\/8492ad2abcc45ce53969adcf8420acde.jpg?s=72&d=https%3A%2F%2Fa.slack-edge.com%2F80588%2Fimg%2Favatars%2Fuser_shapes%2Fava_0008-72.png",
            "first_name": "",
            "real_name": "Antonio Linares",
            "display_name": "Antonio Linares",
            "team": "TJH5YU202",
            "name": "alinares",
            "is_restricted": false,
            "is_ultra_restricted": false
        }
    },
    {
        "client_msg_id": "b1553391-3aa4-416d-92d2-d84532b0c2db",
        "type": "message",
        "text": "de esta forma, para actualizar todo cada vez que se publica una versión nueva solo hay que hacer:",
        "user": "UJN8D8U3B",
        "ts": "1561445201.013700",
        "team": "TJH5YU202",
        "user_team": "TJH5YU202",
        "source_team": "TJH5YU202",
        "user_profile": {
            "avatar_hash": "g92ad2abcc45",
            "image_72": "https:\/\/secure.gravatar.com\/avatar\/8492ad2abcc45ce53969adcf8420acde.jpg?s=72&d=https%3A%2F%2Fa.slack-edge.com%2F80588%2Fimg%2Favatars%2Fuser_shapes%2Fava_0008-72.png",
            "first_name": "",
            "real_name": "Antonio Linares",
            "display_name": "Antonio Linares",
            "team": "TJH5YU202",
            "name": "alinares",
            "is_restricted": false,
            "is_ultra_restricted": false
        }
    },
    {
        "client_msg_id": "c55dab9a-c566-4b86-9993-8d8691f0526b",
        "type": "message",
        "text": "1. Ir a la carpeta mod_harbour",
        "user": "UJN8D8U3B",
        "ts": "1561445210.014000",
        "team": "TJH5YU202",
        "user_team": "TJH5YU202",
        "source_team": "TJH5YU202",
        "user_profile": {
            "avatar_hash": "g92ad2abcc45",
            "image_72": "https:\/\/secure.gravatar.com\/avatar\/8492ad2abcc45ce53969adcf8420acde.jpg?s=72&d=https%3A%2F%2Fa.slack-edge.com%2F80588%2Fimg%2Favatars%2Fuser_shapes%2Fava_0008-72.png",
            "first_name": "",
            "real_name": "Antonio Linares",
            "display_name": "Antonio Linares",
            "team": "TJH5YU202",
            "name": "alinares",
            "is_restricted": false,
            "is_ultra_restricted": false
        }
    },
    {
        "client_msg_id": "6c7528dd-29f8-43ad-b35e-d516e05e2b57",
        "type": "message",
        "text": "2. git pull",
        "user": "UJN8D8U3B",
        "ts": "1561445213.014200",
        "team": "TJH5YU202",
        "user_team": "TJH5YU202",
        "source_team": "TJH5YU202",
        "user_profile": {
            "avatar_hash": "g92ad2abcc45",
            "image_72": "https:\/\/secure.gravatar.com\/avatar\/8492ad2abcc45ce53969adcf8420acde.jpg?s=72&d=https%3A%2F%2Fa.slack-edge.com%2F80588%2Fimg%2Favatars%2Fuser_shapes%2Fava_0008-72.png",
            "first_name": "",
            "real_name": "Antonio Linares",
            "display_name": "Antonio Linares",
            "team": "TJH5YU202",
            "name": "alinares",
            "is_restricted": false,
            "is_ultra_restricted": false
        },
        "reactions": [
            {
                "name": "100",
                "users": [
                    "UJUJ98L1J"
                ],
                "count": 1
            }
        ]
    }
]