[
    {
        "client_msg_id": "666296cd-5243-4828-ba43-faea66567e50",
        "type": "message",
        "text": "todos son unos grandes yo siguiendo el hilo de Mod_Harbour y viendo que los cliperos siguen vigentes :grin:",
        "user": "UK28N3CER",
        "ts": "1561223345.491200",
        "team": "TJH5YU202",
        "user_team": "TJH5YU202",
        "source_team": "TJH5YU202",
        "user_profile": {
            "avatar_hash": "3fec6e3393a8",
            "image_72": "https:\/\/avatars.slack-edge.com\/2019-08-17\/723363154273_3fec6e3393a86fb3e470_72.jpg",
            "first_name": "",
            "real_name": "Cesar SysCtrl Software",
            "display_name": "Cesar SysCtrl Software",
            "team": "TJH5YU202",
            "name": "sysctrlsoftware",
            "is_restricted": false,
            "is_ultra_restricted": false
        }
    },
    {
        "type": "message",
        "text": "amigo ya pude instalar MOD_HARBOUR Windows 10\/XAMPP",
        "files": [
            {
                "id": "FKTB8F524",
                "created": 1561232970,
                "timestamp": 1561232970,
                "name": "image.png",
                "title": "image.png",
                "mimetype": "image\/png",
                "filetype": "png",
                "pretty_type": "PNG",
                "user": "UK28N3CER",
                "editable": false,
                "size": 25246,
                "mode": "hosted",
                "is_external": false,
                "external_type": "",
                "is_public": true,
                "public_url_shared": false,
                "display_as_bot": false,
                "username": "",
                "url_private": "https:\/\/files.slack.com\/files-pri\/TJH5YU202-FKTB8F524\/image.png?t=xoxe-629202954002-776688371669-763909703378-01ffaa4c4eeda75ea92ad255b32a04e5",
                "url_private_download": "https:\/\/files.slack.com\/files-pri\/TJH5YU202-FKTB8F524\/download\/image.png?t=xoxe-629202954002-776688371669-763909703378-01ffaa4c4eeda75ea92ad255b32a04e5",
                "thumb_64": "https:\/\/files.slack.com\/files-tmb\/TJH5YU202-FKTB8F524-073f294eae\/image_64.png?t=xoxe-629202954002-776688371669-763909703378-01ffaa4c4eeda75ea92ad255b32a04e5",
                "thumb_80": "https:\/\/files.slack.com\/files-tmb\/TJH5YU202-FKTB8F524-073f294eae\/image_80.png?t=xoxe-629202954002-776688371669-763909703378-01ffaa4c4eeda75ea92ad255b32a04e5",
                "thumb_360": "https:\/\/files.slack.com\/files-tmb\/TJH5YU202-FKTB8F524-073f294eae\/image_360.png?t=xoxe-629202954002-776688371669-763909703378-01ffaa4c4eeda75ea92ad255b32a04e5",
                "thumb_360_w": 360,
                "thumb_360_h": 220,
                "thumb_480": "https:\/\/files.slack.com\/files-tmb\/TJH5YU202-FKTB8F524-073f294eae\/image_480.png?t=xoxe-629202954002-776688371669-763909703378-01ffaa4c4eeda75ea92ad255b32a04e5",
                "thumb_480_w": 480,
                "thumb_480_h": 293,
                "thumb_160": "https:\/\/files.slack.com\/files-tmb\/TJH5YU202-FKTB8F524-073f294eae\/image_160.png?t=xoxe-629202954002-776688371669-763909703378-01ffaa4c4eeda75ea92ad255b32a04e5",
                "image_exif_rotation": 1,
                "original_w": 603,
                "original_h": 368,
                "permalink": "https:\/\/harbourproject.slack.com\/files\/UK28N3CER\/FKTB8F524\/image.png",
                "permalink_public": "https:\/\/slack-files.com\/TJH5YU202-FKTB8F524-89ca530408",
                "is_starred": false,
                "has_rich_preview": false
            }
        ],
        "upload": true,
        "user": "UK28N3CER",
        "display_as_bot": false,
        "ts": "1561232971.491400",
        "edited": {
            "user": "UK28N3CER",
            "ts": "1561233593.000000"
        },
        "client_msg_id": "960c1cbc-8461-4138-81d0-b8f402e496e2"
    },
    {
        "client_msg_id": "fd825dcd-33f9-4dac-8725-118130414e86",
        "type": "message",
        "text": "Hola, aún realizando el último cambio en el archivo C:\\xampp\\apache\\conf\\httpd.conf, no me ha funcionando, es decir, me sigue desplegando el código fuente, no se ejecuta nada, qué más puedo verificar..., estoy bajo Win10 64bits, XAMPP v3.2.3",
        "user": "UJV4XG3J4",
        "ts": "1561259249.493500",
        "team": "TJH5YU202",
        "user_team": "TJH5YU202",
        "source_team": "TJH5YU202",
        "user_profile": {
            "avatar_hash": "g90d56153d63",
            "image_72": "https:\/\/secure.gravatar.com\/avatar\/6390d56153d63644fb7b405cad9e41e8.jpg?s=72&d=https%3A%2F%2Fa.slack-edge.com%2F80588%2Fimg%2Favatars%2Fuser_shapes%2Fava_0002-72.png",
            "first_name": "Javier",
            "real_name": "Javier Parada",
            "display_name": "Javier",
            "team": "TJH5YU202",
            "name": "jparada_a",
            "is_restricted": false,
            "is_ultra_restricted": false
        }
    },
    {
        "client_msg_id": "9664ef28-9403-4b55-9da5-f05a91f3b7d5",
        "type": "message",
        "text": "Bon dia!",
        "user": "UJWR5N32S",
        "ts": "1561265109.493800",
        "team": "TJH5YU202",
        "user_team": "TJH5YU202",
        "source_team": "TJH5YU202",
        "user_profile": {
            "avatar_hash": "273d3745f7ae",
            "image_72": "https:\/\/avatars.slack-edge.com\/2019-05-20\/634344238497_273d3745f7ae1b176b82_72.jpg",
            "first_name": "Charly",
            "real_name": "Charly",
            "display_name": "Charly",
            "team": "TJH5YU202",
            "name": "carles9000",
            "is_restricted": false,
            "is_ultra_restricted": false
        }
    },
    {
        "client_msg_id": "ef6280c0-5d46-41a1-aac0-4fd5779e8321",
        "type": "message",
        "text": "<@UJV4XG3J4> cuando ejecutas localhost q te sale?",
        "user": "UJWR5N32S",
        "ts": "1561265207.494800",
        "team": "TJH5YU202",
        "user_team": "TJH5YU202",
        "source_team": "TJH5YU202",
        "user_profile": {
            "avatar_hash": "273d3745f7ae",
            "image_72": "https:\/\/avatars.slack-edge.com\/2019-05-20\/634344238497_273d3745f7ae1b176b82_72.jpg",
            "first_name": "Charly",
            "real_name": "Charly",
            "display_name": "Charly",
            "team": "TJH5YU202",
            "name": "carles9000",
            "is_restricted": false,
            "is_ultra_restricted": false
        }
    },
    {
        "client_msg_id": "1d7b1a7c-cb9e-41c8-afdd-e6c597100d32",
        "type": "message",
        "text": "Donde tienes i stalado mod_hardbour\/samples?",
        "user": "UJWR5N32S",
        "ts": "1561265256.496100",
        "team": "TJH5YU202",
        "user_team": "TJH5YU202",
        "source_team": "TJH5YU202",
        "user_profile": {
            "avatar_hash": "273d3745f7ae",
            "image_72": "https:\/\/avatars.slack-edge.com\/2019-05-20\/634344238497_273d3745f7ae1b176b82_72.jpg",
            "first_name": "Charly",
            "real_name": "Charly",
            "display_name": "Charly",
            "team": "TJH5YU202",
            "name": "carles9000",
            "is_restricted": false,
            "is_ultra_restricted": false
        }
    },
    {
        "client_msg_id": "fc6beeca-4e36-45b0-9662-c7f2ceb59095",
        "type": "message",
        "text": "Has copiado los 2 ficheros necesarios para apache?",
        "user": "UJWR5N32S",
        "ts": "1561265296.497300",
        "team": "TJH5YU202",
        "user_team": "TJH5YU202",
        "source_team": "TJH5YU202",
        "user_profile": {
            "avatar_hash": "273d3745f7ae",
            "image_72": "https:\/\/avatars.slack-edge.com\/2019-05-20\/634344238497_273d3745f7ae1b176b82_72.jpg",
            "first_name": "Charly",
            "real_name": "Charly",
            "display_name": "Charly",
            "team": "TJH5YU202",
            "name": "carles9000",
            "is_restricted": false,
            "is_ultra_restricted": false
        }
    },
    {
        "client_msg_id": "450a1fac-7c6f-498d-91cd-4d00f2faf522",
        "type": "message",
        "text": "buenos dias :sunny:",
        "user": "UJN8D8U3B",
        "ts": "1561268942.497600",
        "team": "TJH5YU202",
        "user_team": "TJH5YU202",
        "source_team": "TJH5YU202",
        "user_profile": {
            "avatar_hash": "g92ad2abcc45",
            "image_72": "https:\/\/secure.gravatar.com\/avatar\/8492ad2abcc45ce53969adcf8420acde.jpg?s=72&d=https%3A%2F%2Fa.slack-edge.com%2F80588%2Fimg%2Favatars%2Fuser_shapes%2Fava_0008-72.png",
            "first_name": "",
            "real_name": "Antonio Linares",
            "display_name": "Antonio Linares",
            "team": "TJH5YU202",
            "name": "alinares",
            "is_restricted": false,
            "is_ultra_restricted": false
        }
    },
    {
        "client_msg_id": "0c2a0baf-dd9d-4958-8c05-cfb67550ae97",
        "type": "message",
        "text": ":muscle:",
        "user": "UJWR5N32S",
        "ts": "1561268977.497800",
        "team": "TJH5YU202",
        "user_team": "TJH5YU202",
        "source_team": "TJH5YU202",
        "user_profile": {
            "avatar_hash": "273d3745f7ae",
            "image_72": "https:\/\/avatars.slack-edge.com\/2019-05-20\/634344238497_273d3745f7ae1b176b82_72.jpg",
            "first_name": "Charly",
            "real_name": "Charly",
            "display_name": "Charly",
            "team": "TJH5YU202",
            "name": "carles9000",
            "is_restricted": false,
            "is_ultra_restricted": false
        }
    },
    {
        "client_msg_id": "837f58f1-4fb4-4921-a6ab-26eee58fcc86",
        "type": "message",
        "text": "<https:\/\/harbour.fourtech.es\/modharbour_samples\/apps\/mvc\/>?",
        "user": "UJN8D8U3B",
        "ts": "1561269028.498000",
        "team": "TJH5YU202",
        "user_team": "TJH5YU202",
        "source_team": "TJH5YU202",
        "user_profile": {
            "avatar_hash": "g92ad2abcc45",
            "image_72": "https:\/\/secure.gravatar.com\/avatar\/8492ad2abcc45ce53969adcf8420acde.jpg?s=72&d=https%3A%2F%2Fa.slack-edge.com%2F80588%2Fimg%2Favatars%2Fuser_shapes%2Fava_0008-72.png",
            "first_name": "",
            "real_name": "Antonio Linares",
            "display_name": "Antonio Linares",
            "team": "TJH5YU202",
            "name": "alinares",
            "is_restricted": false,
            "is_ultra_restricted": false
        }
    },
    {
        "client_msg_id": "ba6bb6fd-47d3-4390-95a1-204c1321d096",
        "type": "message",
        "text": "Se han de ajustar los paths para entorno Linux",
        "user": "UJWR5N32S",
        "ts": "1561269087.498300",
        "team": "TJH5YU202",
        "user_team": "TJH5YU202",
        "source_team": "TJH5YU202",
        "user_profile": {
            "avatar_hash": "273d3745f7ae",
            "image_72": "https:\/\/avatars.slack-edge.com\/2019-05-20\/634344238497_273d3745f7ae1b176b82_72.jpg",
            "first_name": "Charly",
            "real_name": "Charly",
            "display_name": "Charly",
            "team": "TJH5YU202",
            "name": "carles9000",
            "is_restricted": false,
            "is_ultra_restricted": false
        }
    },
    {
        "client_msg_id": "5415d5e1-3bd6-488c-81f1-862fd4178bfe",
        "type": "message",
        "text": "Si no, no funcionará",
        "user": "UJWR5N32S",
        "ts": "1561269099.498600",
        "team": "TJH5YU202",
        "user_team": "TJH5YU202",
        "source_team": "TJH5YU202",
        "user_profile": {
            "avatar_hash": "273d3745f7ae",
            "image_72": "https:\/\/avatars.slack-edge.com\/2019-05-20\/634344238497_273d3745f7ae1b176b82_72.jpg",
            "first_name": "Charly",
            "real_name": "Charly",
            "display_name": "Charly",
            "team": "TJH5YU202",
            "name": "carles9000",
            "is_restricted": false,
            "is_ultra_restricted": false
        },
        "thread_ts": "1561269099.498600",
        "reply_count": 1,
        "reply_users_count": 1,
        "latest_reply": "1561345385.002800",
        "reply_users": [
            "UJJNSR2V8"
        ],
        "replies": [
            {
                "user": "UJJNSR2V8",
                "ts": "1561345385.002800"
            }
        ],
        "subscribed": false
    }
]