[
    {
        "client_msg_id": "416ef951-a334-4f19-ba5b-5e550d42ec11",
        "type": "message",
        "text": "<https:\/\/harbour.fourtech.es\/modharbour_samples\/symbols.prg>",
        "user": "UJN8D8U3B",
        "ts": "1561795079.087500",
        "team": "TJH5YU202",
        "user_team": "TJH5YU202",
        "source_team": "TJH5YU202",
        "user_profile": {
            "avatar_hash": "g92ad2abcc45",
            "image_72": "https:\/\/secure.gravatar.com\/avatar\/8492ad2abcc45ce53969adcf8420acde.jpg?s=72&d=https%3A%2F%2Fa.slack-edge.com%2F80588%2Fimg%2Favatars%2Fuser_shapes%2Fava_0008-72.png",
            "first_name": "",
            "real_name": "Antonio Linares",
            "display_name": "Antonio Linares",
            "team": "TJH5YU202",
            "name": "alinares",
            "is_restricted": false,
            "is_ultra_restricted": false
        }
    },
    {
        "client_msg_id": "ac6de705-53e7-4cac-910f-5ab8576abc6a",
        "type": "message",
        "text": "<https:\/\/harbour.fourtech.es\/modharbour_samples\/panels.prg>",
        "user": "UJN8D8U3B",
        "ts": "1561795103.087700",
        "team": "TJH5YU202",
        "user_team": "TJH5YU202",
        "source_team": "TJH5YU202",
        "user_profile": {
            "avatar_hash": "g92ad2abcc45",
            "image_72": "https:\/\/secure.gravatar.com\/avatar\/8492ad2abcc45ce53969adcf8420acde.jpg?s=72&d=https%3A%2F%2Fa.slack-edge.com%2F80588%2Fimg%2Favatars%2Fuser_shapes%2Fava_0008-72.png",
            "first_name": "",
            "real_name": "Antonio Linares",
            "display_name": "Antonio Linares",
            "team": "TJH5YU202",
            "name": "alinares",
            "is_restricted": false,
            "is_ultra_restricted": false
        }
    },
    {
        "client_msg_id": "65f0bde1-fbeb-4710-b7a5-a76225735237",
        "type": "message",
        "text": "<https:\/\/harbour.fourtech.es\/modharbour_samples\/classes.prg>",
        "user": "UJN8D8U3B",
        "ts": "1561795121.087900",
        "team": "TJH5YU202",
        "user_team": "TJH5YU202",
        "source_team": "TJH5YU202",
        "user_profile": {
            "avatar_hash": "g92ad2abcc45",
            "image_72": "https:\/\/secure.gravatar.com\/avatar\/8492ad2abcc45ce53969adcf8420acde.jpg?s=72&d=https%3A%2F%2Fa.slack-edge.com%2F80588%2Fimg%2Favatars%2Fuser_shapes%2Fava_0008-72.png",
            "first_name": "",
            "real_name": "Antonio Linares",
            "display_name": "Antonio Linares",
            "team": "TJH5YU202",
            "name": "alinares",
            "is_restricted": false,
            "is_ultra_restricted": false
        }
    },
    {
        "client_msg_id": "e0a4ca83-b7b3-486d-a244-7f1d8ccdbab3",
        "type": "message",
        "text": ":+1:",
        "user": "UJK7SNX51",
        "ts": "1561799786.088100",
        "team": "TJH5YU202",
        "user_team": "TJH5YU202",
        "source_team": "TJH5YU202",
        "user_profile": {
            "avatar_hash": "6698a9ba696b",
            "image_72": "https:\/\/avatars.slack-edge.com\/2019-07-04\/673660529330_6698a9ba696bad01eb8c_72.jpg",
            "first_name": "Baxajaun",
            "real_name": "Baxajaun",
            "display_name": "Baxajaun",
            "team": "TJH5YU202",
            "name": "fpgrande",
            "is_restricted": false,
            "is_ultra_restricted": false
        }
    },
    {
        "client_msg_id": "dd61ed57-d15e-44ac-913c-01d2e284753f",
        "type": "message",
        "text": "<https:\/\/harbour.fourtech.es\/modharbour_samples\/symbols.prg>",
        "user": "UJN8D8U3B",
        "ts": "1561804504.088300",
        "team": "TJH5YU202",
        "user_team": "TJH5YU202",
        "source_team": "TJH5YU202",
        "user_profile": {
            "avatar_hash": "g92ad2abcc45",
            "image_72": "https:\/\/secure.gravatar.com\/avatar\/8492ad2abcc45ce53969adcf8420acde.jpg?s=72&d=https%3A%2F%2Fa.slack-edge.com%2F80588%2Fimg%2Favatars%2Fuser_shapes%2Fava_0008-72.png",
            "first_name": "",
            "real_name": "Antonio Linares",
            "display_name": "Antonio Linares",
            "team": "TJH5YU202",
            "name": "alinares",
            "is_restricted": false,
            "is_ultra_restricted": false
        }
    },
    {
        "client_msg_id": "bcca2f2f-fa71-4c10-8566-127867adfc18",
        "type": "message",
        "text": "<https:\/\/harbour.fourtech.es\/modharbour_samples\/apps\/mvc_notes>",
        "user": "UJN8D8U3B",
        "ts": "1561806426.088500",
        "team": "TJH5YU202",
        "user_team": "TJH5YU202",
        "source_team": "TJH5YU202",
        "user_profile": {
            "avatar_hash": "g92ad2abcc45",
            "image_72": "https:\/\/secure.gravatar.com\/avatar\/8492ad2abcc45ce53969adcf8420acde.jpg?s=72&d=https%3A%2F%2Fa.slack-edge.com%2F80588%2Fimg%2Favatars%2Fuser_shapes%2Fava_0008-72.png",
            "first_name": "",
            "real_name": "Antonio Linares",
            "display_name": "Antonio Linares",
            "team": "TJH5YU202",
            "name": "alinares",
            "is_restricted": false,
            "is_ultra_restricted": false
        }
    },
    {
        "client_msg_id": "61f6b7f6-fbe8-4e91-a6ec-996060124481",
        "type": "message",
        "text": "by Charly",
        "user": "UJN8D8U3B",
        "ts": "1561806429.088700",
        "team": "TJH5YU202",
        "user_team": "TJH5YU202",
        "source_team": "TJH5YU202",
        "user_profile": {
            "avatar_hash": "g92ad2abcc45",
            "image_72": "https:\/\/secure.gravatar.com\/avatar\/8492ad2abcc45ce53969adcf8420acde.jpg?s=72&d=https%3A%2F%2Fa.slack-edge.com%2F80588%2Fimg%2Favatars%2Fuser_shapes%2Fava_0008-72.png",
            "first_name": "",
            "real_name": "Antonio Linares",
            "display_name": "Antonio Linares",
            "team": "TJH5YU202",
            "name": "alinares",
            "is_restricted": false,
            "is_ultra_restricted": false
        }
    },
    {
        "client_msg_id": "80fb78ed-0d6b-46a4-ac4b-4ed63b73c06f",
        "type": "message",
        "text": "<https:\/\/harbour.fourtech.es\/modharbour_samples\/apps\/mvc_notes\/>",
        "user": "UJN8D8U3B",
        "ts": "1561806558.088900",
        "team": "TJH5YU202",
        "user_team": "TJH5YU202",
        "source_team": "TJH5YU202",
        "user_profile": {
            "avatar_hash": "g92ad2abcc45",
            "image_72": "https:\/\/secure.gravatar.com\/avatar\/8492ad2abcc45ce53969adcf8420acde.jpg?s=72&d=https%3A%2F%2Fa.slack-edge.com%2F80588%2Fimg%2Favatars%2Fuser_shapes%2Fava_0008-72.png",
            "first_name": "",
            "real_name": "Antonio Linares",
            "display_name": "Antonio Linares",
            "team": "TJH5YU202",
            "name": "alinares",
            "is_restricted": false,
            "is_ultra_restricted": false
        }
    },
    {
        "client_msg_id": "f136848c-b50e-434a-b076-207aa780385d",
        "type": "message",
        "text": "Buenos días gente!",
        "user": "UJU2ZLJBW",
        "ts": "1561807499.089400",
        "team": "TJH5YU202",
        "user_team": "TJH5YU202",
        "source_team": "TJH5YU202",
        "user_profile": {
            "avatar_hash": "g4df4d90232e",
            "image_72": "https:\/\/secure.gravatar.com\/avatar\/0b4df4d90232ed07739bd4134b92a6d1.jpg?s=72&d=https%3A%2F%2Fa.slack-edge.com%2F80588%2Fimg%2Favatars%2Fuser_shapes%2Fava_0022-72.png",
            "first_name": "Carlos",
            "real_name": "Carlos Mora",
            "display_name": "",
            "team": "TJH5YU202",
            "name": "carlosantoniomora",
            "is_restricted": false,
            "is_ultra_restricted": false
        }
    },
    {
        "client_msg_id": "c3a27cac-5693-4e14-a751-64dd1b634898",
        "type": "message",
        "text": "o tardes..",
        "user": "UJU2ZLJBW",
        "ts": "1561807505.089700",
        "team": "TJH5YU202",
        "user_team": "TJH5YU202",
        "source_team": "TJH5YU202",
        "user_profile": {
            "avatar_hash": "g4df4d90232e",
            "image_72": "https:\/\/secure.gravatar.com\/avatar\/0b4df4d90232ed07739bd4134b92a6d1.jpg?s=72&d=https%3A%2F%2Fa.slack-edge.com%2F80588%2Fimg%2Favatars%2Fuser_shapes%2Fava_0022-72.png",
            "first_name": "Carlos",
            "real_name": "Carlos Mora",
            "display_name": "",
            "team": "TJH5YU202",
            "name": "carlosantoniomora",
            "is_restricted": false,
            "is_ultra_restricted": false
        }
    },
    {
        "client_msg_id": "83e27a98-64ec-455e-a1f6-f3aa1e47bc77",
        "type": "message",
        "text": "Jau Carlitos",
        "user": "UJWR5N32S",
        "ts": "1561807506.089800",
        "team": "TJH5YU202",
        "user_team": "TJH5YU202",
        "source_team": "TJH5YU202",
        "user_profile": {
            "avatar_hash": "273d3745f7ae",
            "image_72": "https:\/\/avatars.slack-edge.com\/2019-05-20\/634344238497_273d3745f7ae1b176b82_72.jpg",
            "first_name": "Charly",
            "real_name": "Charly",
            "display_name": "Charly",
            "team": "TJH5YU202",
            "name": "carles9000",
            "is_restricted": false,
            "is_ultra_restricted": false
        }
    },
    {
        "client_msg_id": "cbf12966-48d1-4aec-89bf-d259d2495695",
        "type": "message",
        "text": "Me preguntan porque a veces aparece el error ese del Proxy Error",
        "user": "UJU2ZLJBW",
        "ts": "1561807547.090500",
        "team": "TJH5YU202",
        "user_team": "TJH5YU202",
        "source_team": "TJH5YU202",
        "user_profile": {
            "avatar_hash": "g4df4d90232e",
            "image_72": "https:\/\/secure.gravatar.com\/avatar\/0b4df4d90232ed07739bd4134b92a6d1.jpg?s=72&d=https%3A%2F%2Fa.slack-edge.com%2F80588%2Fimg%2Favatars%2Fuser_shapes%2Fava_0022-72.png",
            "first_name": "Carlos",
            "real_name": "Carlos Mora",
            "display_name": "",
            "team": "TJH5YU202",
            "name": "carlosantoniomora",
            "is_restricted": false,
            "is_ultra_restricted": false
        }
    },
    {
        "client_msg_id": "4c62c82c-3a3c-48a4-b018-74db8adc9b9c",
        "type": "message",
        "text": "Es que <http:\/\/harbour.fourtech.es|harbour.fourtech.es> es un servidor que está detrás de Prometeo, un proxy inverso",
        "user": "UJU2ZLJBW",
        "ts": "1561807577.091300",
        "team": "TJH5YU202",
        "user_team": "TJH5YU202",
        "source_team": "TJH5YU202",
        "user_profile": {
            "avatar_hash": "g4df4d90232e",
            "image_72": "https:\/\/secure.gravatar.com\/avatar\/0b4df4d90232ed07739bd4134b92a6d1.jpg?s=72&d=https%3A%2F%2Fa.slack-edge.com%2F80588%2Fimg%2Favatars%2Fuser_shapes%2Fava_0022-72.png",
            "first_name": "Carlos",
            "real_name": "Carlos Mora",
            "display_name": "",
            "team": "TJH5YU202",
            "name": "carlosantoniomora",
            "is_restricted": false,
            "is_ultra_restricted": false
        }
    },
    {
        "client_msg_id": "cb12b84c-e5e2-47c9-9015-e8d5d3bdfa03",
        "type": "message",
        "text": "Prometeo recibe todas las peticiones del servidor, sin importar a que dominio van",
        "user": "UJU2ZLJBW",
        "ts": "1561807604.092200",
        "team": "TJH5YU202",
        "user_team": "TJH5YU202",
        "source_team": "TJH5YU202",
        "user_profile": {
            "avatar_hash": "g4df4d90232e",
            "image_72": "https:\/\/secure.gravatar.com\/avatar\/0b4df4d90232ed07739bd4134b92a6d1.jpg?s=72&d=https%3A%2F%2Fa.slack-edge.com%2F80588%2Fimg%2Favatars%2Fuser_shapes%2Fava_0022-72.png",
            "first_name": "Carlos",
            "real_name": "Carlos Mora",
            "display_name": "",
            "team": "TJH5YU202",
            "name": "carlosantoniomora",
            "is_restricted": false,
            "is_ultra_restricted": false
        }
    },
    {
        "client_msg_id": "d7578747-50c4-421e-b9ad-b6e0c3a7c31e",
        "type": "message",
        "text": "Hola Carlos :slightly_smiling_face:",
        "user": "UJN8D8U3B",
        "ts": "1561807606.092300",
        "team": "TJH5YU202",
        "user_team": "TJH5YU202",
        "source_team": "TJH5YU202",
        "user_profile": {
            "avatar_hash": "g92ad2abcc45",
            "image_72": "https:\/\/secure.gravatar.com\/avatar\/8492ad2abcc45ce53969adcf8420acde.jpg?s=72&d=https%3A%2F%2Fa.slack-edge.com%2F80588%2Fimg%2Favatars%2Fuser_shapes%2Fava_0008-72.png",
            "first_name": "",
            "real_name": "Antonio Linares",
            "display_name": "Antonio Linares",
            "team": "TJH5YU202",
            "name": "alinares",
            "is_restricted": false,
            "is_ultra_restricted": false
        }
    },
    {
        "client_msg_id": "a3f51961-f4d2-4c61-9739-e30a9ce3e2ce",
        "type": "message",
        "text": "Hace sus cosillas, y pasa la petición al servidor al que corresponda",
        "user": "UJU2ZLJBW",
        "ts": "1561807635.092900",
        "team": "TJH5YU202",
        "user_team": "TJH5YU202",
        "source_team": "TJH5YU202",
        "user_profile": {
            "avatar_hash": "g4df4d90232e",
            "image_72": "https:\/\/secure.gravatar.com\/avatar\/0b4df4d90232ed07739bd4134b92a6d1.jpg?s=72&d=https%3A%2F%2Fa.slack-edge.com%2F80588%2Fimg%2Favatars%2Fuser_shapes%2Fava_0022-72.png",
            "first_name": "Carlos",
            "real_name": "Carlos Mora",
            "display_name": "",
            "team": "TJH5YU202",
            "name": "carlosantoniomora",
            "is_restricted": false,
            "is_ultra_restricted": false
        }
    },
    {
        "client_msg_id": "30691c2e-de07-4d76-aa93-b222b047b05b",
        "type": "message",
        "text": "va muy rapido :ok_hand:",
        "user": "UJN8D8U3B",
        "ts": "1561807664.093700",
        "team": "TJH5YU202",
        "user_team": "TJH5YU202",
        "source_team": "TJH5YU202",
        "user_profile": {
            "avatar_hash": "g92ad2abcc45",
            "image_72": "https:\/\/secure.gravatar.com\/avatar\/8492ad2abcc45ce53969adcf8420acde.jpg?s=72&d=https%3A%2F%2Fa.slack-edge.com%2F80588%2Fimg%2Favatars%2Fuser_shapes%2Fava_0008-72.png",
            "first_name": "",
            "real_name": "Antonio Linares",
            "display_name": "Antonio Linares",
            "team": "TJH5YU202",
            "name": "alinares",
            "is_restricted": false,
            "is_ultra_restricted": false
        }
    },
    {
        "client_msg_id": "81c5604f-84ea-4b3b-808d-d645f1dfb1c5",
        "type": "message",
        "text": "Si ese servidor falla (por ejemplo, está apagado) dice que nonai, que no se obtuvo una respuesta del servidor y muestra un Proxy Error",
        "user": "UJU2ZLJBW",
        "ts": "1561807683.094200",
        "team": "TJH5YU202",
        "user_team": "TJH5YU202",
        "source_team": "TJH5YU202",
        "user_profile": {
            "avatar_hash": "g4df4d90232e",
            "image_72": "https:\/\/secure.gravatar.com\/avatar\/0b4df4d90232ed07739bd4134b92a6d1.jpg?s=72&d=https%3A%2F%2Fa.slack-edge.com%2F80588%2Fimg%2Favatars%2Fuser_shapes%2Fava_0022-72.png",
            "first_name": "Carlos",
            "real_name": "Carlos Mora",
            "display_name": "",
            "team": "TJH5YU202",
            "name": "carlosantoniomora",
            "is_restricted": false,
            "is_ultra_restricted": false
        }
    },
    {
        "client_msg_id": "c7d8e7ba-5ae3-4f2a-bcaa-3b416bffa8dc",
        "type": "message",
        "text": "ahh",
        "user": "UJN8D8U3B",
        "ts": "1561807736.095200",
        "team": "TJH5YU202",
        "user_team": "TJH5YU202",
        "source_team": "TJH5YU202",
        "user_profile": {
            "avatar_hash": "g92ad2abcc45",
            "image_72": "https:\/\/secure.gravatar.com\/avatar\/8492ad2abcc45ce53969adcf8420acde.jpg?s=72&d=https%3A%2F%2Fa.slack-edge.com%2F80588%2Fimg%2Favatars%2Fuser_shapes%2Fava_0008-72.png",
            "first_name": "",
            "real_name": "Antonio Linares",
            "display_name": "Antonio Linares",
            "team": "TJH5YU202",
            "name": "alinares",
            "is_restricted": false,
            "is_ultra_restricted": false
        }
    },
    {
        "client_msg_id": "b461be0a-beb0-4806-8f6a-02cfd4b33c75",
        "type": "message",
        "text": "Prometeo es muy apañaico, hace todas las cosas que tienen que ver con el SSL, seguridad y eso",
        "user": "UJU2ZLJBW",
        "ts": "1561807738.095300",
        "team": "TJH5YU202",
        "user_team": "TJH5YU202",
        "source_team": "TJH5YU202",
        "user_profile": {
            "avatar_hash": "g4df4d90232e",
            "image_72": "https:\/\/secure.gravatar.com\/avatar\/0b4df4d90232ed07739bd4134b92a6d1.jpg?s=72&d=https%3A%2F%2Fa.slack-edge.com%2F80588%2Fimg%2Favatars%2Fuser_shapes%2Fava_0022-72.png",
            "first_name": "Carlos",
            "real_name": "Carlos Mora",
            "display_name": "",
            "team": "TJH5YU202",
            "name": "carlosantoniomora",
            "is_restricted": false,
            "is_ultra_restricted": false
        }
    },
    {
        "client_msg_id": "88f652e7-d5c6-4a79-8bff-8a0dd26a61ea",
        "type": "message",
        "text": "pero una vez que logra abrir una conexión segura, se la pasa al que corresponda",
        "user": "UJU2ZLJBW",
        "ts": "1561807762.095800",
        "team": "TJH5YU202",
        "user_team": "TJH5YU202",
        "source_team": "TJH5YU202",
        "user_profile": {
            "avatar_hash": "g4df4d90232e",
            "image_72": "https:\/\/secure.gravatar.com\/avatar\/0b4df4d90232ed07739bd4134b92a6d1.jpg?s=72&d=https%3A%2F%2Fa.slack-edge.com%2F80588%2Fimg%2Favatars%2Fuser_shapes%2Fava_0022-72.png",
            "first_name": "Carlos",
            "real_name": "Carlos Mora",
            "display_name": "",
            "team": "TJH5YU202",
            "name": "carlosantoniomora",
            "is_restricted": false,
            "is_ultra_restricted": false
        }
    },
    {
        "client_msg_id": "be7505d0-baf3-4813-8f84-5dbde9c54c06",
        "type": "message",
        "text": "si falla la conexión interna -&gt; Proxy Error",
        "user": "UJU2ZLJBW",
        "ts": "1561807782.096300",
        "team": "TJH5YU202",
        "user_team": "TJH5YU202",
        "source_team": "TJH5YU202",
        "user_profile": {
            "avatar_hash": "g4df4d90232e",
            "image_72": "https:\/\/secure.gravatar.com\/avatar\/0b4df4d90232ed07739bd4134b92a6d1.jpg?s=72&d=https%3A%2F%2Fa.slack-edge.com%2F80588%2Fimg%2Favatars%2Fuser_shapes%2Fava_0022-72.png",
            "first_name": "Carlos",
            "real_name": "Carlos Mora",
            "display_name": "",
            "team": "TJH5YU202",
            "name": "carlosantoniomora",
            "is_restricted": false,
            "is_ultra_restricted": false
        }
    },
    {
        "client_msg_id": "93524bcb-ced5-4c07-90f8-b2df7061c6cc",
        "type": "message",
        "text": "Tiene relacion con la cache ?",
        "user": "UJWR5N32S",
        "ts": "1561807786.096500",
        "team": "TJH5YU202",
        "user_team": "TJH5YU202",
        "source_team": "TJH5YU202",
        "user_profile": {
            "avatar_hash": "273d3745f7ae",
            "image_72": "https:\/\/avatars.slack-edge.com\/2019-05-20\/634344238497_273d3745f7ae1b176b82_72.jpg",
            "first_name": "Charly",
            "real_name": "Charly",
            "display_name": "Charly",
            "team": "TJH5YU202",
            "name": "carles9000",
            "is_restricted": false,
            "is_ultra_restricted": false
        }
    },
    {
        "client_msg_id": "35018222-8538-4458-972d-cc6c20fd8b66",
        "type": "message",
        "text": "no",
        "user": "UJU2ZLJBW",
        "ts": "1561807790.096700",
        "team": "TJH5YU202",
        "user_team": "TJH5YU202",
        "source_team": "TJH5YU202",
        "user_profile": {
            "avatar_hash": "g4df4d90232e",
            "image_72": "https:\/\/secure.gravatar.com\/avatar\/0b4df4d90232ed07739bd4134b92a6d1.jpg?s=72&d=https%3A%2F%2Fa.slack-edge.com%2F80588%2Fimg%2Favatars%2Fuser_shapes%2Fava_0022-72.png",
            "first_name": "Carlos",
            "real_name": "Carlos Mora",
            "display_name": "",
            "team": "TJH5YU202",
            "name": "carlosantoniomora",
            "is_restricted": false,
            "is_ultra_restricted": false
        }
    },
    {
        "client_msg_id": "4c3e87f4-4d4a-4756-8b26-bef563a45a17",
        "type": "message",
        "text": "vale",
        "user": "UJWR5N32S",
        "ts": "1561807797.097000",
        "team": "TJH5YU202",
        "user_team": "TJH5YU202",
        "source_team": "TJH5YU202",
        "user_profile": {
            "avatar_hash": "273d3745f7ae",
            "image_72": "https:\/\/avatars.slack-edge.com\/2019-05-20\/634344238497_273d3745f7ae1b176b82_72.jpg",
            "first_name": "Charly",
            "real_name": "Charly",
            "display_name": "Charly",
            "team": "TJH5YU202",
            "name": "carles9000",
            "is_restricted": false,
            "is_ultra_restricted": false
        }
    },
    {
        "client_msg_id": "afc6a019-9fa7-413a-aeff-88c763430856",
        "type": "message",
        "text": "Prometeo no cachea, solo hace de segurata",
        "user": "UJU2ZLJBW",
        "ts": "1561807812.097500",
        "team": "TJH5YU202",
        "user_team": "TJH5YU202",
        "source_team": "TJH5YU202",
        "user_profile": {
            "avatar_hash": "g4df4d90232e",
            "image_72": "https:\/\/secure.gravatar.com\/avatar\/0b4df4d90232ed07739bd4134b92a6d1.jpg?s=72&d=https%3A%2F%2Fa.slack-edge.com%2F80588%2Fimg%2Favatars%2Fuser_shapes%2Fava_0022-72.png",
            "first_name": "Carlos",
            "real_name": "Carlos Mora",
            "display_name": "",
            "team": "TJH5YU202",
            "name": "carlosantoniomora",
            "is_restricted": false,
            "is_ultra_restricted": false
        }
    },
    {
        "client_msg_id": "505efe5d-087d-41db-a735-1b68558d0d45",
        "type": "message",
        "text": "en la proxima reunión queremos una sesión magistral :wink:",
        "user": "UJN8D8U3B",
        "ts": "1561807819.097700",
        "team": "TJH5YU202",
        "user_team": "TJH5YU202",
        "source_team": "TJH5YU202",
        "user_profile": {
            "avatar_hash": "g92ad2abcc45",
            "image_72": "https:\/\/secure.gravatar.com\/avatar\/8492ad2abcc45ce53969adcf8420acde.jpg?s=72&d=https%3A%2F%2Fa.slack-edge.com%2F80588%2Fimg%2Favatars%2Fuser_shapes%2Fava_0008-72.png",
            "first_name": "",
            "real_name": "Antonio Linares",
            "display_name": "Antonio Linares",
            "team": "TJH5YU202",
            "name": "alinares",
            "is_restricted": false,
            "is_ultra_restricted": false
        }
    },
    {
        "client_msg_id": "27faa929-45b4-4abe-87ca-6fa61618fd66",
        "type": "message",
        "text": "Podemos a nivel de code \"saltar\" el tema ?",
        "user": "UJWR5N32S",
        "ts": "1561807843.098100",
        "team": "TJH5YU202",
        "user_team": "TJH5YU202",
        "source_team": "TJH5YU202",
        "user_profile": {
            "avatar_hash": "273d3745f7ae",
            "image_72": "https:\/\/avatars.slack-edge.com\/2019-05-20\/634344238497_273d3745f7ae1b176b82_72.jpg",
            "first_name": "Charly",
            "real_name": "Charly",
            "display_name": "Charly",
            "team": "TJH5YU202",
            "name": "carles9000",
            "is_restricted": false,
            "is_ultra_restricted": false
        }
    },
    {
        "client_msg_id": "09293e60-2e40-4f7b-b65e-7b8474b6e646",
        "type": "message",
        "text": "¿Comor?",
        "user": "UJU2ZLJBW",
        "ts": "1561807858.098300",
        "team": "TJH5YU202",
        "user_team": "TJH5YU202",
        "source_team": "TJH5YU202",
        "user_profile": {
            "avatar_hash": "g4df4d90232e",
            "image_72": "https:\/\/secure.gravatar.com\/avatar\/0b4df4d90232ed07739bd4134b92a6d1.jpg?s=72&d=https%3A%2F%2Fa.slack-edge.com%2F80588%2Fimg%2Favatars%2Fuser_shapes%2Fava_0022-72.png",
            "first_name": "Carlos",
            "real_name": "Carlos Mora",
            "display_name": "",
            "team": "TJH5YU202",
            "name": "carlosantoniomora",
            "is_restricted": false,
            "is_ultra_restricted": false
        }
    },
    {
        "client_msg_id": "1f23ae4c-1af1-41ef-b111-9bbde01cb3fa",
        "type": "message",
        "text": "evitarlo",
        "user": "UJWR5N32S",
        "ts": "1561807865.098600",
        "team": "TJH5YU202",
        "user_team": "TJH5YU202",
        "source_team": "TJH5YU202",
        "user_profile": {
            "avatar_hash": "273d3745f7ae",
            "image_72": "https:\/\/avatars.slack-edge.com\/2019-05-20\/634344238497_273d3745f7ae1b176b82_72.jpg",
            "first_name": "Charly",
            "real_name": "Charly",
            "display_name": "Charly",
            "team": "TJH5YU202",
            "name": "carles9000",
            "is_restricted": false,
            "is_ultra_restricted": false
        }
    },
    {
        "client_msg_id": "04d98e2e-5899-48a7-888c-9c25e61f254a",
        "type": "message",
        "text": "si hago una https:\/...\/pagina.prg\/123456",
        "user": "UJWR5N32S",
        "ts": "1561807885.099400",
        "team": "TJH5YU202",
        "user_team": "TJH5YU202",
        "source_team": "TJH5YU202",
        "user_profile": {
            "avatar_hash": "273d3745f7ae",
            "image_72": "https:\/\/avatars.slack-edge.com\/2019-05-20\/634344238497_273d3745f7ae1b176b82_72.jpg",
            "first_name": "Charly",
            "real_name": "Charly",
            "display_name": "Charly",
            "team": "TJH5YU202",
            "name": "carles9000",
            "is_restricted": false,
            "is_ultra_restricted": false
        }
    },
    {
        "client_msg_id": "7f092079-92d7-4b00-966d-91b4de31e2d7",
        "type": "message",
        "text": "Es que ese problema se produce porque tu apache está caído.",
        "user": "UJU2ZLJBW",
        "ts": "1561807886.099500",
        "team": "TJH5YU202",
        "user_team": "TJH5YU202",
        "source_team": "TJH5YU202",
        "user_profile": {
            "avatar_hash": "g4df4d90232e",
            "image_72": "https:\/\/secure.gravatar.com\/avatar\/0b4df4d90232ed07739bd4134b92a6d1.jpg?s=72&d=https%3A%2F%2Fa.slack-edge.com%2F80588%2Fimg%2Favatars%2Fuser_shapes%2Fava_0022-72.png",
            "first_name": "Carlos",
            "real_name": "Carlos Mora",
            "display_name": "",
            "team": "TJH5YU202",
            "name": "carlosantoniomora",
            "is_restricted": false,
            "is_ultra_restricted": false
        }
    },
    {
        "client_msg_id": "5abc4ebd-daad-4b62-8c9c-0a024107e804",
        "type": "message",
        "text": "No Apache, no party",
        "user": "UJU2ZLJBW",
        "ts": "1561807904.099800",
        "team": "TJH5YU202",
        "user_team": "TJH5YU202",
        "source_team": "TJH5YU202",
        "user_profile": {
            "avatar_hash": "g4df4d90232e",
            "image_72": "https:\/\/secure.gravatar.com\/avatar\/0b4df4d90232ed07739bd4134b92a6d1.jpg?s=72&d=https%3A%2F%2Fa.slack-edge.com%2F80588%2Fimg%2Favatars%2Fuser_shapes%2Fava_0022-72.png",
            "first_name": "Carlos",
            "real_name": "Carlos Mora",
            "display_name": "",
            "team": "TJH5YU202",
            "name": "carlosantoniomora",
            "is_restricted": false,
            "is_ultra_restricted": false
        }
    },
    {
        "client_msg_id": "5a91465f-d158-43b3-b15a-e3be9f191b14",
        "type": "message",
        "text": "ahhh",
        "user": "UJWR5N32S",
        "ts": "1561807909.100000",
        "team": "TJH5YU202",
        "user_team": "TJH5YU202",
        "source_team": "TJH5YU202",
        "user_profile": {
            "avatar_hash": "273d3745f7ae",
            "image_72": "https:\/\/avatars.slack-edge.com\/2019-05-20\/634344238497_273d3745f7ae1b176b82_72.jpg",
            "first_name": "Charly",
            "real_name": "Charly",
            "display_name": "Charly",
            "team": "TJH5YU202",
            "name": "carles9000",
            "is_restricted": false,
            "is_ultra_restricted": false
        }
    },
    {
        "client_msg_id": "b4482784-ccbe-40cf-b6d1-2ca3c2e3bfdc",
        "type": "message",
        "text": "o sea es que es problema de apache",
        "user": "UJWR5N32S",
        "ts": "1561807923.100300",
        "team": "TJH5YU202",
        "user_team": "TJH5YU202",
        "source_team": "TJH5YU202",
        "user_profile": {
            "avatar_hash": "273d3745f7ae",
            "image_72": "https:\/\/avatars.slack-edge.com\/2019-05-20\/634344238497_273d3745f7ae1b176b82_72.jpg",
            "first_name": "Charly",
            "real_name": "Charly",
            "display_name": "Charly",
            "team": "TJH5YU202",
            "name": "carles9000",
            "is_restricted": false,
            "is_ultra_restricted": false
        }
    },
    {
        "client_msg_id": "06485617-cd1e-47f9-ba43-a01344a73183",
        "type": "message",
        "text": "si, del apache de la máquina virtual",
        "user": "UJU2ZLJBW",
        "ts": "1561807938.100600",
        "team": "TJH5YU202",
        "user_team": "TJH5YU202",
        "source_team": "TJH5YU202",
        "user_profile": {
            "avatar_hash": "g4df4d90232e",
            "image_72": "https:\/\/secure.gravatar.com\/avatar\/0b4df4d90232ed07739bd4134b92a6d1.jpg?s=72&d=https%3A%2F%2Fa.slack-edge.com%2F80588%2Fimg%2Favatars%2Fuser_shapes%2Fava_0022-72.png",
            "first_name": "Carlos",
            "real_name": "Carlos Mora",
            "display_name": "",
            "team": "TJH5YU202",
            "name": "carlosantoniomora",
            "is_restricted": false,
            "is_ultra_restricted": false
        }
    },
    {
        "client_msg_id": "b30202c6-4f82-496e-be06-a46ae23c9ffc",
        "type": "message",
        "text": "por alguna razon no respondia",
        "user": "UJU2ZLJBW",
        "ts": "1561807947.100900",
        "team": "TJH5YU202",
        "user_team": "TJH5YU202",
        "source_team": "TJH5YU202",
        "user_profile": {
            "avatar_hash": "g4df4d90232e",
            "image_72": "https:\/\/secure.gravatar.com\/avatar\/0b4df4d90232ed07739bd4134b92a6d1.jpg?s=72&d=https%3A%2F%2Fa.slack-edge.com%2F80588%2Fimg%2Favatars%2Fuser_shapes%2Fava_0022-72.png",
            "first_name": "Carlos",
            "real_name": "Carlos Mora",
            "display_name": "",
            "team": "TJH5YU202",
            "name": "carlosantoniomora",
            "is_restricted": false,
            "is_ultra_restricted": false
        }
    },
    {
        "client_msg_id": "b0d35b3a-5ff0-4c70-a4b8-548da7081da5",
        "type": "message",
        "text": "oks",
        "user": "UJWR5N32S",
        "ts": "1561807958.101200",
        "team": "TJH5YU202",
        "user_team": "TJH5YU202",
        "source_team": "TJH5YU202",
        "user_profile": {
            "avatar_hash": "273d3745f7ae",
            "image_72": "https:\/\/avatars.slack-edge.com\/2019-05-20\/634344238497_273d3745f7ae1b176b82_72.jpg",
            "first_name": "Charly",
            "real_name": "Charly",
            "display_name": "Charly",
            "team": "TJH5YU202",
            "name": "carles9000",
            "is_restricted": false,
            "is_ultra_restricted": false
        }
    },
    {
        "client_msg_id": "71a1ae7f-7859-4964-891c-dd9e52810c71",
        "type": "message",
        "text": "o bien estaba restarteando, o algo así",
        "user": "UJU2ZLJBW",
        "ts": "1561807966.101500",
        "team": "TJH5YU202",
        "user_team": "TJH5YU202",
        "source_team": "TJH5YU202",
        "user_profile": {
            "avatar_hash": "g4df4d90232e",
            "image_72": "https:\/\/secure.gravatar.com\/avatar\/0b4df4d90232ed07739bd4134b92a6d1.jpg?s=72&d=https%3A%2F%2Fa.slack-edge.com%2F80588%2Fimg%2Favatars%2Fuser_shapes%2Fava_0022-72.png",
            "first_name": "Carlos",
            "real_name": "Carlos Mora",
            "display_name": "",
            "team": "TJH5YU202",
            "name": "carlosantoniomora",
            "is_restricted": false,
            "is_ultra_restricted": false
        }
    },
    {
        "type": "message",
        "text": "",
        "files": [
            {
                "id": "FL068R61W",
                "created": 1561808075,
                "timestamp": 1561808075,
                "name": "image.png",
                "title": "image.png",
                "mimetype": "image\/png",
                "filetype": "png",
                "pretty_type": "PNG",
                "user": "UJU2ZLJBW",
                "editable": false,
                "size": 68858,
                "mode": "hosted",
                "is_external": false,
                "external_type": "",
                "is_public": true,
                "public_url_shared": false,
                "display_as_bot": false,
                "username": "",
                "url_private": "https:\/\/files.slack.com\/files-pri\/TJH5YU202-FL068R61W\/image.png?t=xoxe-629202954002-776688371669-763909703378-01ffaa4c4eeda75ea92ad255b32a04e5",
                "url_private_download": "https:\/\/files.slack.com\/files-pri\/TJH5YU202-FL068R61W\/download\/image.png?t=xoxe-629202954002-776688371669-763909703378-01ffaa4c4eeda75ea92ad255b32a04e5",
                "thumb_64": "https:\/\/files.slack.com\/files-tmb\/TJH5YU202-FL068R61W-002405b1d7\/image_64.png?t=xoxe-629202954002-776688371669-763909703378-01ffaa4c4eeda75ea92ad255b32a04e5",
                "thumb_80": "https:\/\/files.slack.com\/files-tmb\/TJH5YU202-FL068R61W-002405b1d7\/image_80.png?t=xoxe-629202954002-776688371669-763909703378-01ffaa4c4eeda75ea92ad255b32a04e5",
                "thumb_360": "https:\/\/files.slack.com\/files-tmb\/TJH5YU202-FL068R61W-002405b1d7\/image_360.png?t=xoxe-629202954002-776688371669-763909703378-01ffaa4c4eeda75ea92ad255b32a04e5",
                "thumb_360_w": 237,
                "thumb_360_h": 360,
                "thumb_480": "https:\/\/files.slack.com\/files-tmb\/TJH5YU202-FL068R61W-002405b1d7\/image_480.png?t=xoxe-629202954002-776688371669-763909703378-01ffaa4c4eeda75ea92ad255b32a04e5",
                "thumb_480_w": 316,
                "thumb_480_h": 480,
                "thumb_160": "https:\/\/files.slack.com\/files-tmb\/TJH5YU202-FL068R61W-002405b1d7\/image_160.png?t=xoxe-629202954002-776688371669-763909703378-01ffaa4c4eeda75ea92ad255b32a04e5",
                "image_exif_rotation": 1,
                "original_w": 386,
                "original_h": 586,
                "permalink": "https:\/\/harbourproject.slack.com\/files\/UJU2ZLJBW\/FL068R61W\/image.png",
                "permalink_public": "https:\/\/slack-files.com\/TJH5YU202-FL068R61W-6506a3097c",
                "is_starred": false,
                "has_rich_preview": false
            }
        ],
        "upload": true,
        "user": "UJU2ZLJBW",
        "display_as_bot": false,
        "ts": "1561808077.101600",
        "client_msg_id": "a4de118a-661d-4e00-a76d-d504efcadb90"
    },
    {
        "client_msg_id": "f4c5b6d5-89e3-45c5-aaaf-65c98a33325d",
        "type": "message",
        "text": "el 100 es prometeo, el 108 es <http:\/\/harbour.fourtech.es|harbour.fourtech.es>",
        "user": "UJU2ZLJBW",
        "ts": "1561808125.102300",
        "team": "TJH5YU202",
        "user_team": "TJH5YU202",
        "source_team": "TJH5YU202",
        "user_profile": {
            "avatar_hash": "g4df4d90232e",
            "image_72": "https:\/\/secure.gravatar.com\/avatar\/0b4df4d90232ed07739bd4134b92a6d1.jpg?s=72&d=https%3A%2F%2Fa.slack-edge.com%2F80588%2Fimg%2Favatars%2Fuser_shapes%2Fava_0022-72.png",
            "first_name": "Carlos",
            "real_name": "Carlos Mora",
            "display_name": "",
            "team": "TJH5YU202",
            "name": "carlosantoniomora",
            "is_restricted": false,
            "is_ultra_restricted": false
        }
    },
    {
        "client_msg_id": "28c605cd-442d-454e-b268-a28417dd6523",
        "type": "message",
        "text": "pero hay muchos mas",
        "user": "UJU2ZLJBW",
        "ts": "1561808142.102700",
        "team": "TJH5YU202",
        "user_team": "TJH5YU202",
        "source_team": "TJH5YU202",
        "user_profile": {
            "avatar_hash": "g4df4d90232e",
            "image_72": "https:\/\/secure.gravatar.com\/avatar\/0b4df4d90232ed07739bd4134b92a6d1.jpg?s=72&d=https%3A%2F%2Fa.slack-edge.com%2F80588%2Fimg%2Favatars%2Fuser_shapes%2Fava_0022-72.png",
            "first_name": "Carlos",
            "real_name": "Carlos Mora",
            "display_name": "",
            "team": "TJH5YU202",
            "name": "carlosantoniomora",
            "is_restricted": false,
            "is_ultra_restricted": false
        }
    },
    {
        "client_msg_id": "62db0fda-955c-4224-b26f-7ad23c9bc7ba",
        "type": "message",
        "text": "Y puede ejecutar Windows en una maquina virtual ?",
        "user": "UJN8D8U3B",
        "ts": "1561808161.103100",
        "team": "TJH5YU202",
        "user_team": "TJH5YU202",
        "source_team": "TJH5YU202",
        "user_profile": {
            "avatar_hash": "g92ad2abcc45",
            "image_72": "https:\/\/secure.gravatar.com\/avatar\/8492ad2abcc45ce53969adcf8420acde.jpg?s=72&d=https%3A%2F%2Fa.slack-edge.com%2F80588%2Fimg%2Favatars%2Fuser_shapes%2Fava_0008-72.png",
            "first_name": "",
            "real_name": "Antonio Linares",
            "display_name": "Antonio Linares",
            "team": "TJH5YU202",
            "name": "alinares",
            "is_restricted": false,
            "is_ultra_restricted": false
        }
    },
    {
        "client_msg_id": "694726ab-12a0-48d4-a0e4-fd7589804e6c",
        "type": "message",
        "text": "si, claro",
        "user": "UJU2ZLJBW",
        "ts": "1561808171.103300",
        "team": "TJH5YU202",
        "user_team": "TJH5YU202",
        "source_team": "TJH5YU202",
        "user_profile": {
            "avatar_hash": "g4df4d90232e",
            "image_72": "https:\/\/secure.gravatar.com\/avatar\/0b4df4d90232ed07739bd4134b92a6d1.jpg?s=72&d=https%3A%2F%2Fa.slack-edge.com%2F80588%2Fimg%2Favatars%2Fuser_shapes%2Fava_0022-72.png",
            "first_name": "Carlos",
            "real_name": "Carlos Mora",
            "display_name": "",
            "team": "TJH5YU202",
            "name": "carlosantoniomora",
            "is_restricted": false,
            "is_ultra_restricted": false
        }
    },
    {
        "client_msg_id": "51846cbc-70e1-4e07-be63-954acce3349b",
        "type": "message",
        "text": "de hecho lo que hago en Win está ahí",
        "user": "UJU2ZLJBW",
        "ts": "1561808189.103700",
        "team": "TJH5YU202",
        "user_team": "TJH5YU202",
        "source_team": "TJH5YU202",
        "user_profile": {
            "avatar_hash": "g4df4d90232e",
            "image_72": "https:\/\/secure.gravatar.com\/avatar\/0b4df4d90232ed07739bd4134b92a6d1.jpg?s=72&d=https%3A%2F%2Fa.slack-edge.com%2F80588%2Fimg%2Favatars%2Fuser_shapes%2Fava_0022-72.png",
            "first_name": "Carlos",
            "real_name": "Carlos Mora",
            "display_name": "",
            "team": "TJH5YU202",
            "name": "carlosantoniomora",
            "is_restricted": false,
            "is_ultra_restricted": false
        }
    },
    {
        "client_msg_id": "a7d7f79b-629c-4bdf-ba01-ad096aed1b04",
        "type": "message",
        "text": "me encantaria probarlo :slightly_smiling_face:",
        "user": "UJN8D8U3B",
        "ts": "1561808211.104300",
        "team": "TJH5YU202",
        "user_team": "TJH5YU202",
        "source_team": "TJH5YU202",
        "user_profile": {
            "avatar_hash": "g92ad2abcc45",
            "image_72": "https:\/\/secure.gravatar.com\/avatar\/8492ad2abcc45ce53969adcf8420acde.jpg?s=72&d=https%3A%2F%2Fa.slack-edge.com%2F80588%2Fimg%2Favatars%2Fuser_shapes%2Fava_0008-72.png",
            "first_name": "",
            "real_name": "Antonio Linares",
            "display_name": "Antonio Linares",
            "team": "TJH5YU202",
            "name": "alinares",
            "is_restricted": false,
            "is_ultra_restricted": false
        }
    },
    {
        "client_msg_id": "f06dcf3b-fb4a-42eb-9aaa-f354cb0069ee",
        "type": "message",
        "text": "Remote Desktop a un 2016 server. Impecable",
        "user": "UJU2ZLJBW",
        "ts": "1561808215.104500",
        "team": "TJH5YU202",
        "user_team": "TJH5YU202",
        "source_team": "TJH5YU202",
        "user_profile": {
            "avatar_hash": "g4df4d90232e",
            "image_72": "https:\/\/secure.gravatar.com\/avatar\/0b4df4d90232ed07739bd4134b92a6d1.jpg?s=72&d=https%3A%2F%2Fa.slack-edge.com%2F80588%2Fimg%2Favatars%2Fuser_shapes%2Fava_0022-72.png",
            "first_name": "Carlos",
            "real_name": "Carlos Mora",
            "display_name": "",
            "team": "TJH5YU202",
            "name": "carlosantoniomora",
            "is_restricted": false,
            "is_ultra_restricted": false
        }
    },
    {
        "client_msg_id": "130bfeda-7d97-48a3-8fce-7b44ebb91ec2",
        "type": "message",
        "text": "con Xeon de cuantos nucleos ?",
        "user": "UJN8D8U3B",
        "ts": "1561808232.104800",
        "team": "TJH5YU202",
        "user_team": "TJH5YU202",
        "source_team": "TJH5YU202",
        "user_profile": {
            "avatar_hash": "g92ad2abcc45",
            "image_72": "https:\/\/secure.gravatar.com\/avatar\/8492ad2abcc45ce53969adcf8420acde.jpg?s=72&d=https%3A%2F%2Fa.slack-edge.com%2F80588%2Fimg%2Favatars%2Fuser_shapes%2Fava_0008-72.png",
            "first_name": "",
            "real_name": "Antonio Linares",
            "display_name": "Antonio Linares",
            "team": "TJH5YU202",
            "name": "alinares",
            "is_restricted": false,
            "is_ultra_restricted": false
        }
    },
    {
        "client_msg_id": "1a433b9e-e0b7-4175-a034-3a339ba6704a",
        "type": "message",
        "text": "16",
        "user": "UJU2ZLJBW",
        "ts": "1561808250.105000",
        "team": "TJH5YU202",
        "user_team": "TJH5YU202",
        "source_team": "TJH5YU202",
        "user_profile": {
            "avatar_hash": "g4df4d90232e",
            "image_72": "https:\/\/secure.gravatar.com\/avatar\/0b4df4d90232ed07739bd4134b92a6d1.jpg?s=72&d=https%3A%2F%2Fa.slack-edge.com%2F80588%2Fimg%2Favatars%2Fuser_shapes%2Fava_0022-72.png",
            "first_name": "Carlos",
            "real_name": "Carlos Mora",
            "display_name": "",
            "team": "TJH5YU202",
            "name": "carlosantoniomora",
            "is_restricted": false,
            "is_ultra_restricted": false
        }
    },
    {
        "client_msg_id": "a57d3903-14f3-4f11-97ef-7e6a3c48412e",
        "type": "message",
        "text": "2 nucleos",
        "user": "UJU2ZLJBW",
        "ts": "1561808254.105200",
        "team": "TJH5YU202",
        "user_team": "TJH5YU202",
        "source_team": "TJH5YU202",
        "user_profile": {
            "avatar_hash": "g4df4d90232e",
            "image_72": "https:\/\/secure.gravatar.com\/avatar\/0b4df4d90232ed07739bd4134b92a6d1.jpg?s=72&d=https%3A%2F%2Fa.slack-edge.com%2F80588%2Fimg%2Favatars%2Fuser_shapes%2Fava_0022-72.png",
            "first_name": "Carlos",
            "real_name": "Carlos Mora",
            "display_name": "",
            "team": "TJH5YU202",
            "name": "carlosantoniomora",
            "is_restricted": false,
            "is_ultra_restricted": false
        }
    },
    {
        "client_msg_id": "ed7ede70-00b4-4b18-bbbf-135fec370c38",
        "type": "message",
        "text": "72 RAM",
        "user": "UJU2ZLJBW",
        "ts": "1561808263.105400",
        "team": "TJH5YU202",
        "user_team": "TJH5YU202",
        "source_team": "TJH5YU202",
        "user_profile": {
            "avatar_hash": "g4df4d90232e",
            "image_72": "https:\/\/secure.gravatar.com\/avatar\/0b4df4d90232ed07739bd4134b92a6d1.jpg?s=72&d=https%3A%2F%2Fa.slack-edge.com%2F80588%2Fimg%2Favatars%2Fuser_shapes%2Fava_0022-72.png",
            "first_name": "Carlos",
            "real_name": "Carlos Mora",
            "display_name": "",
            "team": "TJH5YU202",
            "name": "carlosantoniomora",
            "is_restricted": false,
            "is_ultra_restricted": false
        }
    },
    {
        "client_msg_id": "24f431f8-9294-4f09-8075-8821e48a466a",
        "type": "message",
        "text": "va rapidisimo",
        "user": "UJN8D8U3B",
        "ts": "1561808292.105600",
        "team": "TJH5YU202",
        "user_team": "TJH5YU202",
        "source_team": "TJH5YU202",
        "user_profile": {
            "avatar_hash": "g92ad2abcc45",
            "image_72": "https:\/\/secure.gravatar.com\/avatar\/8492ad2abcc45ce53969adcf8420acde.jpg?s=72&d=https%3A%2F%2Fa.slack-edge.com%2F80588%2Fimg%2Favatars%2Fuser_shapes%2Fava_0008-72.png",
            "first_name": "",
            "real_name": "Antonio Linares",
            "display_name": "Antonio Linares",
            "team": "TJH5YU202",
            "name": "alinares",
            "is_restricted": false,
            "is_ultra_restricted": false
        }
    },
    {
        "client_msg_id": "80b6de6a-5dda-4e94-bb17-8c5b8d5bf810",
        "type": "message",
        "text": "Es que son contenedores. Aunque se ven como maquinas separadas, estás corriendo sobre el hard directamente",
        "user": "UJU2ZLJBW",
        "ts": "1561808335.106400",
        "team": "TJH5YU202",
        "user_team": "TJH5YU202",
        "source_team": "TJH5YU202",
        "user_profile": {
            "avatar_hash": "g4df4d90232e",
            "image_72": "https:\/\/secure.gravatar.com\/avatar\/0b4df4d90232ed07739bd4134b92a6d1.jpg?s=72&d=https%3A%2F%2Fa.slack-edge.com%2F80588%2Fimg%2Favatars%2Fuser_shapes%2Fava_0022-72.png",
            "first_name": "Carlos",
            "real_name": "Carlos Mora",
            "display_name": "",
            "team": "TJH5YU202",
            "name": "carlosantoniomora",
            "is_restricted": false,
            "is_ultra_restricted": false
        }
    },
    {
        "client_msg_id": "016742ac-0d79-4c58-b642-c6976282a04c",
        "type": "message",
        "text": "ahhh nativo",
        "user": "UJN8D8U3B",
        "ts": "1561808348.106700",
        "team": "TJH5YU202",
        "user_team": "TJH5YU202",
        "source_team": "TJH5YU202",
        "user_profile": {
            "avatar_hash": "g92ad2abcc45",
            "image_72": "https:\/\/secure.gravatar.com\/avatar\/8492ad2abcc45ce53969adcf8420acde.jpg?s=72&d=https%3A%2F%2Fa.slack-edge.com%2F80588%2Fimg%2Favatars%2Fuser_shapes%2Fava_0008-72.png",
            "first_name": "",
            "real_name": "Antonio Linares",
            "display_name": "Antonio Linares",
            "team": "TJH5YU202",
            "name": "alinares",
            "is_restricted": false,
            "is_ultra_restricted": false
        }
    },
    {
        "client_msg_id": "31470250-bddc-4f15-8a6c-3eb9d36f2093",
        "type": "message",
        "text": "La configuración de la VM es solo para que limite el uso en realidad",
        "user": "UJU2ZLJBW",
        "ts": "1561808375.107400",
        "team": "TJH5YU202",
        "user_team": "TJH5YU202",
        "source_team": "TJH5YU202",
        "user_profile": {
            "avatar_hash": "g4df4d90232e",
            "image_72": "https:\/\/secure.gravatar.com\/avatar\/0b4df4d90232ed07739bd4134b92a6d1.jpg?s=72&d=https%3A%2F%2Fa.slack-edge.com%2F80588%2Fimg%2Favatars%2Fuser_shapes%2Fava_0022-72.png",
            "first_name": "Carlos",
            "real_name": "Carlos Mora",
            "display_name": "",
            "team": "TJH5YU202",
            "name": "carlosantoniomora",
            "is_restricted": false,
            "is_ultra_restricted": false
        }
    },
    {
        "client_msg_id": "770f84c6-f6d2-4004-adaf-b79a9f1b40ca",
        "type": "message",
        "text": "claro",
        "user": "UJN8D8U3B",
        "ts": "1561808383.107800",
        "team": "TJH5YU202",
        "user_team": "TJH5YU202",
        "source_team": "TJH5YU202",
        "user_profile": {
            "avatar_hash": "g92ad2abcc45",
            "image_72": "https:\/\/secure.gravatar.com\/avatar\/8492ad2abcc45ce53969adcf8420acde.jpg?s=72&d=https%3A%2F%2Fa.slack-edge.com%2F80588%2Fimg%2Favatars%2Fuser_shapes%2Fava_0008-72.png",
            "first_name": "",
            "real_name": "Antonio Linares",
            "display_name": "Antonio Linares",
            "team": "TJH5YU202",
            "name": "alinares",
            "is_restricted": false,
            "is_ultra_restricted": false
        }
    },
    {
        "client_msg_id": "5d3564ee-ae92-49b6-9268-397260a0fe35",
        "type": "message",
        "text": "Y los 16 x 2 cores, si cuentas el HT, es otro x2",
        "user": "UJU2ZLJBW",
        "ts": "1561808404.108200",
        "team": "TJH5YU202",
        "user_team": "TJH5YU202",
        "source_team": "TJH5YU202",
        "user_profile": {
            "avatar_hash": "g4df4d90232e",
            "image_72": "https:\/\/secure.gravatar.com\/avatar\/0b4df4d90232ed07739bd4134b92a6d1.jpg?s=72&d=https%3A%2F%2Fa.slack-edge.com%2F80588%2Fimg%2Favatars%2Fuser_shapes%2Fava_0022-72.png",
            "first_name": "Carlos",
            "real_name": "Carlos Mora",
            "display_name": "",
            "team": "TJH5YU202",
            "name": "carlosantoniomora",
            "is_restricted": false,
            "is_ultra_restricted": false
        }
    },
    {
        "client_msg_id": "8166e00e-bcd6-480f-8331-8a8e1491fba6",
        "type": "message",
        "text": "Hola carlos.. Que es harbour.fourtech.es.. ? todo eso se ve muy interesante..",
        "user": "UJU5KF40L",
        "ts": "1561822461.108900",
        "team": "TJH5YU202",
        "user_team": "TJH5YU202",
        "source_team": "TJH5YU202",
        "user_profile": {
            "avatar_hash": "g4ed10b5a0fa",
            "image_72": "https:\/\/secure.gravatar.com\/avatar\/7d4ed10b5a0fad78716e154511597ff9.jpg?s=72&d=https%3A%2F%2Fa.slack-edge.com%2F80588%2Fimg%2Favatars%2Fuser_shapes%2Fava_0021-72.png",
            "first_name": "Gabriel",
            "real_name": "Gabriel Ornelas",
            "display_name": "GabO",
            "team": "TJH5YU202",
            "name": "gabrielornelasm",
            "is_restricted": false,
            "is_ultra_restricted": false
        }
    },
    {
        "client_msg_id": "8dedd103-0daf-4ea1-9d4f-b2e58ab354c6",
        "type": "message",
        "text": "fourtech es la empresa que nos ha cedido un server para instalar mod_harbour",
        "user": "UJN8D8U3B",
        "ts": "1561823060.109700",
        "team": "TJH5YU202",
        "user_team": "TJH5YU202",
        "source_team": "TJH5YU202",
        "user_profile": {
            "avatar_hash": "g92ad2abcc45",
            "image_72": "https:\/\/secure.gravatar.com\/avatar\/8492ad2abcc45ce53969adcf8420acde.jpg?s=72&d=https%3A%2F%2Fa.slack-edge.com%2F80588%2Fimg%2Favatars%2Fuser_shapes%2Fava_0008-72.png",
            "first_name": "",
            "real_name": "Antonio Linares",
            "display_name": "Antonio Linares",
            "team": "TJH5YU202",
            "name": "alinares",
            "is_restricted": false,
            "is_ultra_restricted": false
        }
    },
    {
        "client_msg_id": "bbeba2e4-aec5-4972-8907-9c420a91ddc9",
        "type": "message",
        "text": "mod_harbour está en github",
        "user": "UJN8D8U3B",
        "ts": "1561823168.110000",
        "team": "TJH5YU202",
        "user_team": "TJH5YU202",
        "source_team": "TJH5YU202",
        "user_profile": {
            "avatar_hash": "g92ad2abcc45",
            "image_72": "https:\/\/secure.gravatar.com\/avatar\/8492ad2abcc45ce53969adcf8420acde.jpg?s=72&d=https%3A%2F%2Fa.slack-edge.com%2F80588%2Fimg%2Favatars%2Fuser_shapes%2Fava_0008-72.png",
            "first_name": "",
            "real_name": "Antonio Linares",
            "display_name": "Antonio Linares",
            "team": "TJH5YU202",
            "name": "alinares",
            "is_restricted": false,
            "is_ultra_restricted": false
        }
    },
    {
        "client_msg_id": "ff9294ec-e5b5-4d3d-902a-59c08bcbe5d6",
        "type": "message",
        "text": "<https:\/\/github.com\/FiveTechSoft\/mod_harbour>",
        "user": "UJN8D8U3B",
        "ts": "1561823182.110200",
        "team": "TJH5YU202",
        "user_team": "TJH5YU202",
        "source_team": "TJH5YU202",
        "user_profile": {
            "avatar_hash": "g92ad2abcc45",
            "image_72": "https:\/\/secure.gravatar.com\/avatar\/8492ad2abcc45ce53969adcf8420acde.jpg?s=72&d=https%3A%2F%2Fa.slack-edge.com%2F80588%2Fimg%2Favatars%2Fuser_shapes%2Fava_0008-72.png",
            "first_name": "",
            "real_name": "Antonio Linares",
            "display_name": "Antonio Linares",
            "team": "TJH5YU202",
            "name": "alinares",
            "is_restricted": false,
            "is_ultra_restricted": false
        },
        "attachments": [
            {
                "service_name": "GitHub",
                "title": "FiveTechSoft\/mod_harbour",
                "title_link": "https:\/\/github.com\/FiveTechSoft\/mod_harbour",
                "text": "Apache mod for Harbour. Contribute to FiveTechSoft\/mod_harbour development by creating an account on GitHub.",
                "fallback": "GitHub: FiveTechSoft\/mod_harbour",
                "from_url": "https:\/\/github.com\/FiveTechSoft\/mod_harbour",
                "thumb_url": "https:\/\/repository-images.githubusercontent.com\/186821405\/052d6000-7f03-11e9-85fa-9472623f216c",
                "thumb_width": 190,
                "thumb_height": 191,
                "service_icon": "https:\/\/a.slack-edge.com\/bfaba\/img\/unfurl_icons\/github.png",
                "id": 1,
                "original_url": "https:\/\/github.com\/FiveTechSoft\/mod_harbour"
            }
        ]
    },
    {
        "client_msg_id": "83788281-e086-4eab-be3d-47b59c2cb7ee",
        "type": "message",
        "text": "#include &lt;stdio.h&gt;\n#include &lt;stdlib.h&gt;\n#include &lt;string.h&gt;\n#include &lt;unistd.h&gt;\n#include &lt;fcntl.h&gt;\n#include &lt;syslog.h&gt;\n\n\/* The message to write to the terminal *\/\n#define MESSAGE \"Somethin...\\n\"\n\nint main(int argc, char **argv)\n{\n    int fd;\n    char *termfile;\n\n    printf(\"Just started. I'm not a daemon yet\\n\");\n\n    \/* Remember the terminal device file we're on at this moment. *\/\n    termfile = strdup(ttyname(1));\n    if (termfile == NULL) { \/* Catch just in case error. *\/\n        fprintf(stderr, \"Error: Out of memory while copying tty-name\\n\");\n        return 1;\n    }\n    printf(\"My terminal device file is: %s\\n\", termfile);\n\n    \/* Daemonize *\/\n    printf(\"Will try to run as a daemon now...\\n\");\n    if (daemon(0,0) &lt; 0) {\n        perror(*argv);\n        return 1;\n    }\n    syslog(LOG_INFO, \"I'm a daemon now.\");\n    syslog(LOG_INFO, \"I will try to write something to the terminal I was started from.\");\n\n    \/* Open filedescriptor to the terminal file *\/\n    fd = open(termfile, O_WRONLY | O_NOCTTY);\n    if (fd &lt; 0) {\n        syslog(LOG_ERR, \"Could not open %s. Exit..\", termfile);\n        return 2;\n    }\n\n    \/* Write something to the terminal *\/\n    if (write(fd, MESSAGE, strlen(MESSAGE)) &lt; 0) {\n        syslog(LOG_ERR, \"Could not write to %s. Exit..\", termfile);\n        return 2;\n    }\n\n    syslog(LOG_INFO, \"Success! I suppose the message is on the terminal now...\");\n    free(termfile);\n    return 0;\n}",
        "user": "UJN8D8U3B",
        "ts": "1561827815.110500",
        "team": "TJH5YU202",
        "user_team": "TJH5YU202",
        "source_team": "TJH5YU202",
        "user_profile": {
            "avatar_hash": "g92ad2abcc45",
            "image_72": "https:\/\/secure.gravatar.com\/avatar\/8492ad2abcc45ce53969adcf8420acde.jpg?s=72&d=https%3A%2F%2Fa.slack-edge.com%2F80588%2Fimg%2Favatars%2Fuser_shapes%2Fava_0008-72.png",
            "first_name": "",
            "real_name": "Antonio Linares",
            "display_name": "Antonio Linares",
            "team": "TJH5YU202",
            "name": "alinares",
            "is_restricted": false,
            "is_ultra_restricted": false
        }
    },
    {
        "client_msg_id": "e6adac4d-e571-414b-885b-b5687fa5b9c3",
        "type": "message",
        "text": "Esto es muy interesante para lo que estuviemos viendo ayer, Paco",
        "user": "UJN8D8U3B",
        "ts": "1561827838.110900",
        "team": "TJH5YU202",
        "user_team": "TJH5YU202",
        "source_team": "TJH5YU202",
        "user_profile": {
            "avatar_hash": "g92ad2abcc45",
            "image_72": "https:\/\/secure.gravatar.com\/avatar\/8492ad2abcc45ce53969adcf8420acde.jpg?s=72&d=https%3A%2F%2Fa.slack-edge.com%2F80588%2Fimg%2Favatars%2Fuser_shapes%2Fava_0008-72.png",
            "first_name": "",
            "real_name": "Antonio Linares",
            "display_name": "Antonio Linares",
            "team": "TJH5YU202",
            "name": "alinares",
            "is_restricted": false,
            "is_ultra_restricted": false
        }
    },
    {
        "client_msg_id": "fce771d5-5cee-4e32-9fce-23a15d762958",
        "type": "message",
        "text": "<https:\/\/www.linuxquestions.org\/questions\/programming-9\/output-to-screen-from-a-deamon-315679\/>",
        "user": "UJN8D8U3B",
        "ts": "1561827962.111100",
        "team": "TJH5YU202",
        "user_team": "TJH5YU202",
        "source_team": "TJH5YU202",
        "user_profile": {
            "avatar_hash": "g92ad2abcc45",
            "image_72": "https:\/\/secure.gravatar.com\/avatar\/8492ad2abcc45ce53969adcf8420acde.jpg?s=72&d=https%3A%2F%2Fa.slack-edge.com%2F80588%2Fimg%2Favatars%2Fuser_shapes%2Fava_0008-72.png",
            "first_name": "",
            "real_name": "Antonio Linares",
            "display_name": "Antonio Linares",
            "team": "TJH5YU202",
            "name": "alinares",
            "is_restricted": false,
            "is_ultra_restricted": false
        },
        "attachments": [
            {
                "title": "output to screen from a deamon",
                "title_link": "https:\/\/www.linuxquestions.org\/questions\/programming-9\/output-to-screen-from-a-deamon-315679\/",
                "text": "Hi, Is it possible to output to the screen where the deamon was started from? How can it be done? For example, if the deamon ran into an error I want",
                "fallback": "output to screen from a deamon",
                "from_url": "https:\/\/www.linuxquestions.org\/questions\/programming-9\/output-to-screen-from-a-deamon-315679\/",
                "thumb_url": "http:\/\/images.linuxquestions.org\/lqthumb.png",
                "thumb_width": 200,
                "thumb_height": 200,
                "service_icon": "https:\/\/www.linuxquestions.org\/favicon.ico",
                "service_name": "linuxquestions.org",
                "id": 1,
                "original_url": "https:\/\/www.linuxquestions.org\/questions\/programming-9\/output-to-screen-from-a-deamon-315679\/"
            }
        ]
    },
    {
        "client_msg_id": "bab6f6ad-bc81-4b9b-b518-098d23549100",
        "type": "message",
        "text": "A great code piece.\nTiene buena pinta",
        "user": "UJULQCHL5",
        "ts": "1561847391.112500",
        "team": "TJH5YU202",
        "user_team": "TJH5YU202",
        "source_team": "TJH5YU202",
        "user_profile": {
            "avatar_hash": "g7659142325a",
            "image_72": "https:\/\/secure.gravatar.com\/avatar\/c87659142325a3facb661d85281ec091.jpg?s=72&d=https%3A%2F%2Fa.slack-edge.com%2F80588%2Fimg%2Favatars%2Fuser_shapes%2Fava_0003-72.png",
            "first_name": "",
            "real_name": "Paquito",
            "display_name": "Paquito",
            "team": "TJH5YU202",
            "name": "hmpaquito",
            "is_restricted": false,
            "is_ultra_restricted": false
        }
    },
    {
        "type": "message",
        "text": "",
        "files": [
            {
                "id": "FKNUNJ750",
                "created": 1561847396,
                "timestamp": 1561847396,
                "name": "Screenshot_20190630-002933_Opera.jpg",
                "title": "Imagen de Android",
                "mimetype": "image\/jpeg",
                "filetype": "jpg",
                "pretty_type": "JPEG",
                "user": "UJULQCHL5",
                "editable": false,
                "size": 48298,
                "mode": "hosted",
                "is_external": false,
                "external_type": "",
                "is_public": true,
                "public_url_shared": false,
                "display_as_bot": false,
                "username": "",
                "url_private": "https:\/\/files.slack.com\/files-pri\/TJH5YU202-FKNUNJ750\/screenshot_20190630-002933_opera.jpg?t=xoxe-629202954002-776688371669-763909703378-01ffaa4c4eeda75ea92ad255b32a04e5",
                "url_private_download": "https:\/\/files.slack.com\/files-pri\/TJH5YU202-FKNUNJ750\/download\/screenshot_20190630-002933_opera.jpg?t=xoxe-629202954002-776688371669-763909703378-01ffaa4c4eeda75ea92ad255b32a04e5",
                "thumb_64": "https:\/\/files.slack.com\/files-tmb\/TJH5YU202-FKNUNJ750-1215a4b515\/screenshot_20190630-002933_opera_64.jpg?t=xoxe-629202954002-776688371669-763909703378-01ffaa4c4eeda75ea92ad255b32a04e5",
                "thumb_80": "https:\/\/files.slack.com\/files-tmb\/TJH5YU202-FKNUNJ750-1215a4b515\/screenshot_20190630-002933_opera_80.jpg?t=xoxe-629202954002-776688371669-763909703378-01ffaa4c4eeda75ea92ad255b32a04e5",
                "thumb_360": "https:\/\/files.slack.com\/files-tmb\/TJH5YU202-FKNUNJ750-1215a4b515\/screenshot_20190630-002933_opera_360.jpg?t=xoxe-629202954002-776688371669-763909703378-01ffaa4c4eeda75ea92ad255b32a04e5",
                "thumb_360_w": 360,
                "thumb_360_h": 228,
                "thumb_480": "https:\/\/files.slack.com\/files-tmb\/TJH5YU202-FKNUNJ750-1215a4b515\/screenshot_20190630-002933_opera_480.jpg?t=xoxe-629202954002-776688371669-763909703378-01ffaa4c4eeda75ea92ad255b32a04e5",
                "thumb_480_w": 480,
                "thumb_480_h": 304,
                "thumb_160": "https:\/\/files.slack.com\/files-tmb\/TJH5YU202-FKNUNJ750-1215a4b515\/screenshot_20190630-002933_opera_160.jpg?t=xoxe-629202954002-776688371669-763909703378-01ffaa4c4eeda75ea92ad255b32a04e5",
                "thumb_720": "https:\/\/files.slack.com\/files-tmb\/TJH5YU202-FKNUNJ750-1215a4b515\/screenshot_20190630-002933_opera_720.jpg?t=xoxe-629202954002-776688371669-763909703378-01ffaa4c4eeda75ea92ad255b32a04e5",
                "thumb_720_w": 720,
                "thumb_720_h": 455,
                "thumb_800": "https:\/\/files.slack.com\/files-tmb\/TJH5YU202-FKNUNJ750-1215a4b515\/screenshot_20190630-002933_opera_800.jpg?t=xoxe-629202954002-776688371669-763909703378-01ffaa4c4eeda75ea92ad255b32a04e5",
                "thumb_800_w": 800,
                "thumb_800_h": 506,
                "thumb_960": "https:\/\/files.slack.com\/files-tmb\/TJH5YU202-FKNUNJ750-1215a4b515\/screenshot_20190630-002933_opera_960.jpg?t=xoxe-629202954002-776688371669-763909703378-01ffaa4c4eeda75ea92ad255b32a04e5",
                "thumb_960_w": 960,
                "thumb_960_h": 607,
                "thumb_1024": "https:\/\/files.slack.com\/files-tmb\/TJH5YU202-FKNUNJ750-1215a4b515\/screenshot_20190630-002933_opera_1024.jpg?t=xoxe-629202954002-776688371669-763909703378-01ffaa4c4eeda75ea92ad255b32a04e5",
                "thumb_1024_w": 1024,
                "thumb_1024_h": 648,
                "image_exif_rotation": 1,
                "original_w": 1080,
                "original_h": 683,
                "permalink": "https:\/\/harbourproject.slack.com\/files\/UJULQCHL5\/FKNUNJ750\/screenshot_20190630-002933_opera.jpg",
                "permalink_public": "https:\/\/slack-files.com\/TJH5YU202-FKNUNJ750-1b3b00b627",
                "is_starred": false,
                "has_rich_preview": false
            }
        ],
        "upload": true,
        "user": "UJULQCHL5",
        "display_as_bot": false,
        "ts": "1561847398.112600",
        "client_msg_id": "5fa29956-da61-4246-807b-d7a89c944245"
    },
    {
        "client_msg_id": "06fb6f5b-7ba5-4c8d-9c9c-47343b701455",
        "type": "message",
        "text": "Yes, is good",
        "user": "UJUJLTWMT",
        "ts": "1561849239.113100",
        "team": "TJH5YU202",
        "user_team": "TJH5YU202",
        "source_team": "TJH5YU202",
        "user_profile": {
            "avatar_hash": "a60e3b1ef2d2",
            "image_72": "https:\/\/avatars.slack-edge.com\/2019-08-20\/726246109489_a60e3b1ef2d2c141969d_72.jpg",
            "first_name": "",
            "real_name": "Cristobal",
            "display_name": "Cristobal",
            "team": "TJH5YU202",
            "name": "navarro.cristobal",
            "is_restricted": false,
            "is_ultra_restricted": false
        }
    }
]