[
    {
        "client_msg_id": "49ab44e0-97c3-487e-ae54-96b9541b9d41",
        "type": "message",
        "text": "genesis haciendo sus logs de uso!",
        "user": "UJN8D8U3B",
        "ts": "1562838210.094400",
        "team": "TJH5YU202",
        "user_team": "TJH5YU202",
        "source_team": "TJH5YU202",
        "user_profile": {
            "avatar_hash": "g92ad2abcc45",
            "image_72": "https:\/\/secure.gravatar.com\/avatar\/8492ad2abcc45ce53969adcf8420acde.jpg?s=72&d=https%3A%2F%2Fa.slack-edge.com%2F80588%2Fimg%2Favatars%2Fuser_shapes%2Fava_0008-72.png",
            "first_name": "",
            "real_name": "Antonio Linares",
            "display_name": "Antonio Linares",
            "team": "TJH5YU202",
            "name": "alinares",
            "is_restricted": false,
            "is_ultra_restricted": false
        }
    },
    {
        "client_msg_id": "6ad4b994-ec87-4916-ab19-77813a4b27a4",
        "type": "message",
        "text": "<https:\/\/harbour.fourtech.es\/modharbour_samples\/genesis\/index.prg>",
        "user": "UJN8D8U3B",
        "ts": "1562838212.094600",
        "team": "TJH5YU202",
        "user_team": "TJH5YU202",
        "source_team": "TJH5YU202",
        "user_profile": {
            "avatar_hash": "g92ad2abcc45",
            "image_72": "https:\/\/secure.gravatar.com\/avatar\/8492ad2abcc45ce53969adcf8420acde.jpg?s=72&d=https%3A%2F%2Fa.slack-edge.com%2F80588%2Fimg%2Favatars%2Fuser_shapes%2Fava_0008-72.png",
            "first_name": "",
            "real_name": "Antonio Linares",
            "display_name": "Antonio Linares",
            "team": "TJH5YU202",
            "name": "alinares",
            "is_restricted": false,
            "is_ultra_restricted": false
        }
    },
    {
        "client_msg_id": "a3546e57-5b19-4dad-91d7-cf121a2a1af8",
        "type": "message",
        "text": "Cuando se edita un checkbox en un form y esta a falso, el valor no viene en el Postpairs",
        "user": "UJN8D8U3B",
        "ts": "1562847615.095600",
        "team": "TJH5YU202",
        "user_team": "TJH5YU202",
        "source_team": "TJH5YU202",
        "user_profile": {
            "avatar_hash": "g92ad2abcc45",
            "image_72": "https:\/\/secure.gravatar.com\/avatar\/8492ad2abcc45ce53969adcf8420acde.jpg?s=72&d=https%3A%2F%2Fa.slack-edge.com%2F80588%2Fimg%2Favatars%2Fuser_shapes%2Fava_0008-72.png",
            "first_name": "",
            "real_name": "Antonio Linares",
            "display_name": "Antonio Linares",
            "team": "TJH5YU202",
            "name": "alinares",
            "is_restricted": false,
            "is_ultra_restricted": false
        }
    },
    {
        "client_msg_id": "1dc96bb6-35ae-4139-bf28-3ef6c57fc1da",
        "type": "message",
        "text": "Charly, que hacer ?",
        "user": "UJN8D8U3B",
        "ts": "1562847626.095900",
        "team": "TJH5YU202",
        "user_team": "TJH5YU202",
        "source_team": "TJH5YU202",
        "user_profile": {
            "avatar_hash": "g92ad2abcc45",
            "image_72": "https:\/\/secure.gravatar.com\/avatar\/8492ad2abcc45ce53969adcf8420acde.jpg?s=72&d=https%3A%2F%2Fa.slack-edge.com%2F80588%2Fimg%2Favatars%2Fuser_shapes%2Fava_0008-72.png",
            "first_name": "",
            "real_name": "Antonio Linares",
            "display_name": "Antonio Linares",
            "team": "TJH5YU202",
            "name": "alinares",
            "is_restricted": false,
            "is_ultra_restricted": false
        }
    },
    {
        "client_msg_id": "7ab31b9c-8223-40f7-854e-e806136b976c",
        "type": "message",
        "text": "ok, ya se que hacer... :slightly_smiling_face:",
        "user": "UJN8D8U3B",
        "ts": "1562847670.096200",
        "team": "TJH5YU202",
        "user_team": "TJH5YU202",
        "source_team": "TJH5YU202",
        "user_profile": {
            "avatar_hash": "g92ad2abcc45",
            "image_72": "https:\/\/secure.gravatar.com\/avatar\/8492ad2abcc45ce53969adcf8420acde.jpg?s=72&d=https%3A%2F%2Fa.slack-edge.com%2F80588%2Fimg%2Favatars%2Fuser_shapes%2Fava_0008-72.png",
            "first_name": "",
            "real_name": "Antonio Linares",
            "display_name": "Antonio Linares",
            "team": "TJH5YU202",
            "name": "alinares",
            "is_restricted": false,
            "is_ultra_restricted": false
        }
    },
    {
        "client_msg_id": "50fa83c3-5542-472f-afd7-e9d680ee4eeb",
        "type": "message",
        "text": "Si esta pinchado el valor es on",
        "user": "UJWR5N32S",
        "ts": "1562847695.096800",
        "team": "TJH5YU202",
        "user_team": "TJH5YU202",
        "source_team": "TJH5YU202",
        "user_profile": {
            "avatar_hash": "273d3745f7ae",
            "image_72": "https:\/\/avatars.slack-edge.com\/2019-05-20\/634344238497_273d3745f7ae1b176b82_72.jpg",
            "first_name": "Charly",
            "real_name": "Charly",
            "display_name": "Charly",
            "team": "TJH5YU202",
            "name": "carles9000",
            "is_restricted": false,
            "is_ultra_restricted": false
        }
    },
    {
        "client_msg_id": "fe71aa3d-054d-4488-81a3-032c765073cc",
        "type": "message",
        "text": "Tienes q identificar con un name el control eh",
        "user": "UJWR5N32S",
        "ts": "1562847724.097600",
        "team": "TJH5YU202",
        "user_team": "TJH5YU202",
        "source_team": "TJH5YU202",
        "user_profile": {
            "avatar_hash": "273d3745f7ae",
            "image_72": "https:\/\/avatars.slack-edge.com\/2019-05-20\/634344238497_273d3745f7ae1b176b82_72.jpg",
            "first_name": "Charly",
            "real_name": "Charly",
            "display_name": "Charly",
            "team": "TJH5YU202",
            "name": "carles9000",
            "is_restricted": false,
            "is_ultra_restricted": false
        }
    },
    {
        "client_msg_id": "01953201-9648-4903-8a9a-db19a8f7f296",
        "type": "message",
        "text": "pero cuando esta a off no viene!",
        "user": "UJN8D8U3B",
        "ts": "1562847829.097900",
        "team": "TJH5YU202",
        "user_team": "TJH5YU202",
        "source_team": "TJH5YU202",
        "user_profile": {
            "avatar_hash": "g92ad2abcc45",
            "image_72": "https:\/\/secure.gravatar.com\/avatar\/8492ad2abcc45ce53969adcf8420acde.jpg?s=72&d=https%3A%2F%2Fa.slack-edge.com%2F80588%2Fimg%2Favatars%2Fuser_shapes%2Fava_0008-72.png",
            "first_name": "",
            "real_name": "Antonio Linares",
            "display_name": "Antonio Linares",
            "team": "TJH5YU202",
            "name": "alinares",
            "is_restricted": false,
            "is_ultra_restricted": false
        }
    },
    {
        "client_msg_id": "7d77e704-5011-4d98-8969-5ba0f9763f49",
        "type": "message",
        "text": "pero ya lo tengo controlado",
        "user": "UJN8D8U3B",
        "ts": "1562847836.098100",
        "team": "TJH5YU202",
        "user_team": "TJH5YU202",
        "source_team": "TJH5YU202",
        "user_profile": {
            "avatar_hash": "g92ad2abcc45",
            "image_72": "https:\/\/secure.gravatar.com\/avatar\/8492ad2abcc45ce53969adcf8420acde.jpg?s=72&d=https%3A%2F%2Fa.slack-edge.com%2F80588%2Fimg%2Favatars%2Fuser_shapes%2Fava_0008-72.png",
            "first_name": "",
            "real_name": "Antonio Linares",
            "display_name": "Antonio Linares",
            "team": "TJH5YU202",
            "name": "alinares",
            "is_restricted": false,
            "is_ultra_restricted": false
        }
    },
    {
        "client_msg_id": "74acaef6-d4e3-4cd2-95aa-b8ee4d299122",
        "type": "message",
        "text": "Cuando esta off el valor es vacio",
        "user": "UJWR5N32S",
        "ts": "1562847856.098700",
        "team": "TJH5YU202",
        "user_team": "TJH5YU202",
        "source_team": "TJH5YU202",
        "user_profile": {
            "avatar_hash": "273d3745f7ae",
            "image_72": "https:\/\/avatars.slack-edge.com\/2019-05-20\/634344238497_273d3745f7ae1b176b82_72.jpg",
            "first_name": "Charly",
            "real_name": "Charly",
            "display_name": "Charly",
            "team": "TJH5YU202",
            "name": "carles9000",
            "is_restricted": false,
            "is_ultra_restricted": false
        }
    },
    {
        "client_msg_id": "8320acc7-4d91-4877-a128-ccdceb6cefb0",
        "type": "message",
        "text": "Si te llega el on va bien",
        "user": "UJWR5N32S",
        "ts": "1562847878.099100",
        "team": "TJH5YU202",
        "user_team": "TJH5YU202",
        "source_team": "TJH5YU202",
        "user_profile": {
            "avatar_hash": "273d3745f7ae",
            "image_72": "https:\/\/avatars.slack-edge.com\/2019-05-20\/634344238497_273d3745f7ae1b176b82_72.jpg",
            "first_name": "Charly",
            "real_name": "Charly",
            "display_name": "Charly",
            "team": "TJH5YU202",
            "name": "carles9000",
            "is_restricted": false,
            "is_ultra_restricted": false
        }
    },
    {
        "client_msg_id": "779ca53d-6f99-4e31-ba0d-a706aa3c8b2d",
        "type": "message",
        "text": "if RLock()\n      for n = 1 to FCount()\n         if hb_HHasKey( hPost, FieldName( n ) )\n            do case\n               case FieldType( n ) == \"D\"\n                    FieldPut( n, CToD( hb_UrlDecode( hb_HGet( hPost, FieldName( n ) ) ) ) )\n\n               case FieldType( n ) == \"L\"\n                    FieldPut( n, \"on\" $ hb_UrlDecode( hb_HGet( hPost, FieldName( n ) ) ) )\n\n               otherwise\n                    FieldPut( n, hb_UrlDecode( hb_HGet( hPost, FieldName( n ) ) ) )\n            endcase\n         else\n            if FieldType( n ) == \"L\"\n               FieldPut( n, .F. )\n            endif\n         endif\n      next\n      DbUnLock()\n   endif",
        "user": "UJN8D8U3B",
        "ts": "1562848404.099300",
        "team": "TJH5YU202",
        "user_team": "TJH5YU202",
        "source_team": "TJH5YU202",
        "user_profile": {
            "avatar_hash": "g92ad2abcc45",
            "image_72": "https:\/\/secure.gravatar.com\/avatar\/8492ad2abcc45ce53969adcf8420acde.jpg?s=72&d=https%3A%2F%2Fa.slack-edge.com%2F80588%2Fimg%2Favatars%2Fuser_shapes%2Fava_0008-72.png",
            "first_name": "",
            "real_name": "Antonio Linares",
            "display_name": "Antonio Linares",
            "team": "TJH5YU202",
            "name": "alinares",
            "is_restricted": false,
            "is_ultra_restricted": false
        }
    },
    {
        "client_msg_id": "993c791c-4df8-46c2-94dd-ecaba4efad01",
        "type": "message",
        "text": "Objecto disabled y checkbox unchecked return empty always",
        "user": "UJWU1NLQ6",
        "ts": "1562861076.100200",
        "team": "TJH5YU202",
        "user_team": "TJH5YU202",
        "source_team": "TJH5YU202",
        "user_profile": {
            "avatar_hash": "034d5c7f6e05",
            "image_72": "https:\/\/avatars.slack-edge.com\/2019-05-20\/640791937568_034d5c7f6e05e4dd4551_72.jpg",
            "first_name": "Lailton",
            "real_name": "Lailton Fernando Mariano",
            "display_name": "Lailton",
            "team": "TJH5YU202",
            "name": "lailton",
            "is_restricted": false,
            "is_ultra_restricted": false
        }
    },
    {
        "type": "message",
        "text": "",
        "files": [
            {
                "id": "FLEKFRC0N",
                "created": 1562911813,
                "timestamp": 1562911813,
                "name": "Sin título",
                "title": "Sin título",
                "mimetype": "text\/plain",
                "filetype": "text",
                "pretty_type": "Plain Text",
                "user": "UJWR5N32S",
                "editable": true,
                "size": 216,
                "mode": "snippet",
                "is_external": false,
                "external_type": "",
                "is_public": true,
                "public_url_shared": false,
                "display_as_bot": false,
                "username": "",
                "url_private": "https:\/\/files.slack.com\/files-pri\/TJH5YU202-FLEKFRC0N\/sin_t__tulo?t=xoxe-629202954002-776688371669-763909703378-01ffaa4c4eeda75ea92ad255b32a04e5",
                "url_private_download": "https:\/\/files.slack.com\/files-pri\/TJH5YU202-FLEKFRC0N\/download\/sin_t__tulo?t=xoxe-629202954002-776688371669-763909703378-01ffaa4c4eeda75ea92ad255b32a04e5",
                "permalink": "https:\/\/harbourproject.slack.com\/files\/UJWR5N32S\/FLEKFRC0N\/sin_t__tulo",
                "permalink_public": "https:\/\/slack-files.com\/TJH5YU202-FLEKFRC0N-451de783c0",
                "edit_link": "https:\/\/harbourproject.slack.com\/files\/UJWR5N32S\/FLEKFRC0N\/sin_t__tulo\/edit",
                "is_starred": false,
                "has_rich_preview": false
            }
        ],
        "upload": true,
        "user": "UJWR5N32S",
        "display_as_bot": false,
        "ts": "1562911814.100300",
        "client_msg_id": "92759acb-6afe-405c-b8f7-559e13993c4b"
    },
    {
        "client_msg_id": "b7e884d1-d094-4ecd-8282-7fcb5a7c1dc0",
        "type": "message",
        "text": "Bon dia :slightly_smiling_face:",
        "user": "UJWR5N32S",
        "ts": "1562911822.100800",
        "team": "TJH5YU202",
        "user_team": "TJH5YU202",
        "source_team": "TJH5YU202",
        "user_profile": {
            "avatar_hash": "273d3745f7ae",
            "image_72": "https:\/\/avatars.slack-edge.com\/2019-05-20\/634344238497_273d3745f7ae1b176b82_72.jpg",
            "first_name": "Charly",
            "real_name": "Charly",
            "display_name": "Charly",
            "team": "TJH5YU202",
            "name": "carles9000",
            "is_restricted": false,
            "is_ultra_restricted": false
        }
    },
    {
        "client_msg_id": "3da64fe8-9d7f-4ef0-812d-d1f0dd0d643a",
        "type": "message",
        "text": "Acordaros que esta tarde al las 17.00 nos conectamos via Skype. Quien quiera participar que lo diga para ponerlo en lista.",
        "user": "UJWR5N32S",
        "ts": "1562911856.101500",
        "team": "TJH5YU202",
        "user_team": "TJH5YU202",
        "source_team": "TJH5YU202",
        "user_profile": {
            "avatar_hash": "273d3745f7ae",
            "image_72": "https:\/\/avatars.slack-edge.com\/2019-05-20\/634344238497_273d3745f7ae1b176b82_72.jpg",
            "first_name": "Charly",
            "real_name": "Charly",
            "display_name": "Charly",
            "team": "TJH5YU202",
            "name": "carles9000",
            "is_restricted": false,
            "is_ultra_restricted": false
        }
    },
    {
        "client_msg_id": "f980603f-b19e-4ae8-8104-0db5e4f9b273",
        "type": "message",
        "text": "Tertulias de Verano...",
        "user": "UJWR5N32S",
        "ts": "1562911896.101800",
        "team": "TJH5YU202",
        "user_team": "TJH5YU202",
        "source_team": "TJH5YU202",
        "user_profile": {
            "avatar_hash": "273d3745f7ae",
            "image_72": "https:\/\/avatars.slack-edge.com\/2019-05-20\/634344238497_273d3745f7ae1b176b82_72.jpg",
            "first_name": "Charly",
            "real_name": "Charly",
            "display_name": "Charly",
            "team": "TJH5YU202",
            "name": "carles9000",
            "is_restricted": false,
            "is_ultra_restricted": false
        }
    },
    {
        "client_msg_id": "2ccdba04-d97c-4081-95f1-afcc6049744d",
        "type": "message",
        "text": ":sunglasses:",
        "user": "UJWR5N32S",
        "ts": "1562911909.102000",
        "team": "TJH5YU202",
        "user_team": "TJH5YU202",
        "source_team": "TJH5YU202",
        "user_profile": {
            "avatar_hash": "273d3745f7ae",
            "image_72": "https:\/\/avatars.slack-edge.com\/2019-05-20\/634344238497_273d3745f7ae1b176b82_72.jpg",
            "first_name": "Charly",
            "real_name": "Charly",
            "display_name": "Charly",
            "team": "TJH5YU202",
            "name": "carles9000",
            "is_restricted": false,
            "is_ultra_restricted": false
        }
    }
]