[
    {
        "client_msg_id": "9c780589-e199-4dbb-a36f-6cf2de03f8f9",
        "type": "message",
        "text": "Bona tarda !",
        "user": "UJWR5N32S",
        "ts": "1564334111.249400",
        "team": "TJH5YU202",
        "user_team": "TJH5YU202",
        "source_team": "TJH5YU202",
        "user_profile": {
            "avatar_hash": "273d3745f7ae",
            "image_72": "https:\/\/avatars.slack-edge.com\/2019-05-20\/634344238497_273d3745f7ae1b176b82_72.jpg",
            "first_name": "Charly",
            "real_name": "Charly",
            "display_name": "Charly",
            "team": "TJH5YU202",
            "name": "carles9000",
            "is_restricted": false,
            "is_ultra_restricted": false
        }
    },
    {
        "client_msg_id": "4f6e66bf-5bcb-43b1-a517-d63e5ce66357",
        "type": "message",
        "text": "Ha llegado el momento de liberar ya la primera versión de Mercury, que es el motor Model\/View\/Controller que podemos usar con harbour for web.",
        "user": "UJWR5N32S",
        "ts": "1564334132.249700",
        "team": "TJH5YU202",
        "user_team": "TJH5YU202",
        "source_team": "TJH5YU202",
        "user_profile": {
            "avatar_hash": "273d3745f7ae",
            "image_72": "https:\/\/avatars.slack-edge.com\/2019-05-20\/634344238497_273d3745f7ae1b176b82_72.jpg",
            "first_name": "Charly",
            "real_name": "Charly",
            "display_name": "Charly",
            "team": "TJH5YU202",
            "name": "carles9000",
            "is_restricted": false,
            "is_ultra_restricted": false
        }
    },
    {
        "client_msg_id": "5d35e46c-59d5-415f-bac2-96e54ad9c761",
        "type": "message",
        "text": "Hemos creado un manual sencillo que iremos ampliando que lo podeis descargar desde -&gt; <https:\/\/github.com\/carles9000\/mercury\/blob\/master\/doc\/hfw_mercury.pdf>",
        "user": "UJWR5N32S",
        "ts": "1564334145.249900",
        "team": "TJH5YU202",
        "user_team": "TJH5YU202",
        "source_team": "TJH5YU202",
        "user_profile": {
            "avatar_hash": "273d3745f7ae",
            "image_72": "https:\/\/avatars.slack-edge.com\/2019-05-20\/634344238497_273d3745f7ae1b176b82_72.jpg",
            "first_name": "Charly",
            "real_name": "Charly",
            "display_name": "Charly",
            "team": "TJH5YU202",
            "name": "carles9000",
            "is_restricted": false,
            "is_ultra_restricted": false
        },
        "attachments": [
            {
                "service_name": "GitHub",
                "title": "carles9000\/mercury",
                "title_link": "https:\/\/github.com\/carles9000\/mercury\/blob\/master\/doc\/hfw_mercury.pdf",
                "text": "MVC Mercury - Model\/View\/Controller for Harbour for Web - carles9000\/mercury",
                "fallback": "GitHub: carles9000\/mercury",
                "thumb_url": "https:\/\/avatars3.githubusercontent.com\/u\/13433884?s=400&v=4",
                "from_url": "https:\/\/github.com\/carles9000\/mercury\/blob\/master\/doc\/hfw_mercury.pdf",
                "thumb_width": 170,
                "thumb_height": 170,
                "service_icon": "https:\/\/a.slack-edge.com\/bfaba\/img\/unfurl_icons\/github.png",
                "id": 1,
                "original_url": "https:\/\/github.com\/carles9000\/mercury\/blob\/master\/doc\/hfw_mercury.pdf"
            }
        ]
    },
    {
        "client_msg_id": "2b8bf4d3-a54d-4fed-9f38-15b6639ef957",
        "type": "message",
        "text": "El Mercury lo podeis bajar desde esta url -&gt; <https:\/\/github.com\/carles9000\/mercury>",
        "user": "UJWR5N32S",
        "ts": "1564334159.250200",
        "team": "TJH5YU202",
        "user_team": "TJH5YU202",
        "source_team": "TJH5YU202",
        "user_profile": {
            "avatar_hash": "273d3745f7ae",
            "image_72": "https:\/\/avatars.slack-edge.com\/2019-05-20\/634344238497_273d3745f7ae1b176b82_72.jpg",
            "first_name": "Charly",
            "real_name": "Charly",
            "display_name": "Charly",
            "team": "TJH5YU202",
            "name": "carles9000",
            "is_restricted": false,
            "is_ultra_restricted": false
        },
        "attachments": [
            {
                "service_name": "GitHub",
                "title": "carles9000\/mercury",
                "title_link": "https:\/\/github.com\/carles9000\/mercury",
                "text": "MVC Mercury - Model\/View\/Controller for Harbour for Web - carles9000\/mercury",
                "fallback": "GitHub: carles9000\/mercury",
                "thumb_url": "https:\/\/avatars3.githubusercontent.com\/u\/13433884?s=400&v=4",
                "from_url": "https:\/\/github.com\/carles9000\/mercury",
                "thumb_width": 170,
                "thumb_height": 170,
                "service_icon": "https:\/\/a.slack-edge.com\/bfaba\/img\/unfurl_icons\/github.png",
                "id": 1,
                "original_url": "https:\/\/github.com\/carles9000\/mercury"
            }
        ]
    },
    {
        "client_msg_id": "c67fc777-fb3a-40d3-9e96-66bb4b3f2189",
        "type": "message",
        "text": "git clone <https:\/\/github.com\/carles9000\/mercury>",
        "user": "UJWR5N32S",
        "ts": "1564334176.250700",
        "team": "TJH5YU202",
        "user_team": "TJH5YU202",
        "source_team": "TJH5YU202",
        "user_profile": {
            "avatar_hash": "273d3745f7ae",
            "image_72": "https:\/\/avatars.slack-edge.com\/2019-05-20\/634344238497_273d3745f7ae1b176b82_72.jpg",
            "first_name": "Charly",
            "real_name": "Charly",
            "display_name": "Charly",
            "team": "TJH5YU202",
            "name": "carles9000",
            "is_restricted": false,
            "is_ultra_restricted": false
        },
        "attachments": [
            {
                "service_name": "GitHub",
                "title": "carles9000\/mercury",
                "title_link": "https:\/\/github.com\/carles9000\/mercury",
                "text": "MVC Mercury - Model\/View\/Controller for Harbour for Web - carles9000\/mercury",
                "fallback": "GitHub: carles9000\/mercury",
                "thumb_url": "https:\/\/avatars3.githubusercontent.com\/u\/13433884?s=400&v=4",
                "from_url": "https:\/\/github.com\/carles9000\/mercury",
                "thumb_width": 170,
                "thumb_height": 170,
                "service_icon": "https:\/\/a.slack-edge.com\/bfaba\/img\/unfurl_icons\/github.png",
                "id": 1,
                "original_url": "https:\/\/github.com\/carles9000\/mercury"
            }
        ]
    },
    {
        "client_msg_id": "6e19ad9b-4fab-43b8-84b1-81f9eb4edcdc",
        "type": "message",
        "text": "Buenas tarde que buena noticia Charly",
        "user": "UJUFNFMFE",
        "ts": "1564334199.251400",
        "team": "TJH5YU202",
        "user_team": "TJH5YU202",
        "source_team": "TJH5YU202",
        "user_profile": {
            "avatar_hash": "aa4e40c137f0",
            "image_72": "https:\/\/avatars.slack-edge.com\/2019-05-21\/630419446595_aa4e40c137f03c23b9cd_72.jpg",
            "first_name": "Marcelo",
            "real_name": "Marcelo Roggeri",
            "display_name": "Marcelo Roggeri",
            "team": "TJH5YU202",
            "name": "roggerimarcelo",
            "is_restricted": false,
            "is_ultra_restricted": false
        }
    },
    {
        "client_msg_id": "36d64c2b-3afa-4009-b43f-35de7b7a0912",
        "type": "message",
        "text": "Marcelo os animo a probarlo y ya marcareis dudas sobre el sistema",
        "user": "UJWR5N32S",
        "ts": "1564334232.251900",
        "team": "TJH5YU202",
        "user_team": "TJH5YU202",
        "source_team": "TJH5YU202",
        "user_profile": {
            "avatar_hash": "273d3745f7ae",
            "image_72": "https:\/\/avatars.slack-edge.com\/2019-05-20\/634344238497_273d3745f7ae1b176b82_72.jpg",
            "first_name": "Charly",
            "real_name": "Charly",
            "display_name": "Charly",
            "team": "TJH5YU202",
            "name": "carles9000",
            "is_restricted": false,
            "is_ultra_restricted": false
        }
    },
    {
        "client_msg_id": "676e0085-8296-4f58-89d9-ea29ae9397af",
        "type": "message",
        "text": "Saludetes",
        "user": "UJWR5N32S",
        "ts": "1564334238.252100",
        "team": "TJH5YU202",
        "user_team": "TJH5YU202",
        "source_team": "TJH5YU202",
        "user_profile": {
            "avatar_hash": "273d3745f7ae",
            "image_72": "https:\/\/avatars.slack-edge.com\/2019-05-20\/634344238497_273d3745f7ae1b176b82_72.jpg",
            "first_name": "Charly",
            "real_name": "Charly",
            "display_name": "Charly",
            "team": "TJH5YU202",
            "name": "carles9000",
            "is_restricted": false,
            "is_ultra_restricted": false
        }
    },
    {
        "client_msg_id": "8ee92bc1-a515-4629-9a2b-93ed9a7e7ee6",
        "type": "message",
        "text": "Si si Charly a probar se ha dicho. Saludos y felicitaciones",
        "user": "UJUFNFMFE",
        "ts": "1564334306.253200",
        "team": "TJH5YU202",
        "user_team": "TJH5YU202",
        "source_team": "TJH5YU202",
        "user_profile": {
            "avatar_hash": "aa4e40c137f0",
            "image_72": "https:\/\/avatars.slack-edge.com\/2019-05-21\/630419446595_aa4e40c137f03c23b9cd_72.jpg",
            "first_name": "Marcelo",
            "real_name": "Marcelo Roggeri",
            "display_name": "Marcelo Roggeri",
            "team": "TJH5YU202",
            "name": "roggerimarcelo",
            "is_restricted": false,
            "is_ultra_restricted": false
        }
    },
    {
        "client_msg_id": "fa394c3e-e2b8-4903-bc3a-2747d0624ac1",
        "type": "message",
        "text": "Charly me da error   error: Undefined function LOADHRB Args: [ 1] = C \/lib\/core\/core_lib.hrb\n\ncalled from: GETERRORINFO, line: 103\ncalled from: DOBREAK, line: 114\ncalled from: (b)_APPMAIN, line: 22\ncalled from: LOADHRB, line: 0\ncalled from: REPLACEBLOCKS, line: 236\ncalled from: EXECUTE, line: 74\ncalled from: _APPMAIN, line: 33",
        "user": "UJUFNFMFE",
        "ts": "1564360423.253600",
        "team": "TJH5YU202",
        "user_team": "TJH5YU202",
        "source_team": "TJH5YU202",
        "user_profile": {
            "avatar_hash": "aa4e40c137f0",
            "image_72": "https:\/\/avatars.slack-edge.com\/2019-05-21\/630419446595_aa4e40c137f03c23b9cd_72.jpg",
            "first_name": "Marcelo",
            "real_name": "Marcelo Roggeri",
            "display_name": "Marcelo Roggeri",
            "team": "TJH5YU202",
            "name": "roggerimarcelo",
            "is_restricted": false,
            "is_ultra_restricted": false
        }
    },
    {
        "client_msg_id": "647e5432-997a-42d5-83e3-c48d193b573d",
        "type": "message",
        "text": "Marcelo actualiza el mod. Dice que no existe la funcion loadhrb",
        "user": "UJWR5N32S",
        "ts": "1564374778.255800",
        "team": "TJH5YU202",
        "user_team": "TJH5YU202",
        "source_team": "TJH5YU202",
        "user_profile": {
            "avatar_hash": "273d3745f7ae",
            "image_72": "https:\/\/avatars.slack-edge.com\/2019-05-20\/634344238497_273d3745f7ae1b176b82_72.jpg",
            "first_name": "Charly",
            "real_name": "Charly",
            "display_name": "Charly",
            "team": "TJH5YU202",
            "name": "carles9000",
            "is_restricted": false,
            "is_ultra_restricted": false
        }
    },
    {
        "client_msg_id": "8afda1d9-5e8c-4c7c-b245-ef384d46cc49",
        "type": "message",
        "text": "Si bajais una actualizacion del mod, podeis probar el ejemplo plugin.prg y os habria de aparecer una pantalla como esta",
        "user": "UJWR5N32S",
        "ts": "1564378014.256700",
        "team": "TJH5YU202",
        "user_team": "TJH5YU202",
        "source_team": "TJH5YU202",
        "user_profile": {
            "avatar_hash": "273d3745f7ae",
            "image_72": "https:\/\/avatars.slack-edge.com\/2019-05-20\/634344238497_273d3745f7ae1b176b82_72.jpg",
            "first_name": "Charly",
            "real_name": "Charly",
            "display_name": "Charly",
            "team": "TJH5YU202",
            "name": "carles9000",
            "is_restricted": false,
            "is_ultra_restricted": false
        }
    },
    {
        "type": "message",
        "text": "",
        "files": [
            {
                "id": "FLUKGH1T7",
                "created": 1564378017,
                "timestamp": 1564378017,
                "name": "imagen.png",
                "title": "imagen.png",
                "mimetype": "image\/png",
                "filetype": "png",
                "pretty_type": "PNG",
                "user": "UJWR5N32S",
                "editable": false,
                "size": 10597,
                "mode": "hosted",
                "is_external": false,
                "external_type": "",
                "is_public": true,
                "public_url_shared": false,
                "display_as_bot": false,
                "username": "",
                "url_private": "https:\/\/files.slack.com\/files-pri\/TJH5YU202-FLUKGH1T7\/imagen.png?t=xoxe-629202954002-776688371669-763909703378-01ffaa4c4eeda75ea92ad255b32a04e5",
                "url_private_download": "https:\/\/files.slack.com\/files-pri\/TJH5YU202-FLUKGH1T7\/download\/imagen.png?t=xoxe-629202954002-776688371669-763909703378-01ffaa4c4eeda75ea92ad255b32a04e5",
                "thumb_64": "https:\/\/files.slack.com\/files-tmb\/TJH5YU202-FLUKGH1T7-d643e9b8a1\/imagen_64.png?t=xoxe-629202954002-776688371669-763909703378-01ffaa4c4eeda75ea92ad255b32a04e5",
                "thumb_80": "https:\/\/files.slack.com\/files-tmb\/TJH5YU202-FLUKGH1T7-d643e9b8a1\/imagen_80.png?t=xoxe-629202954002-776688371669-763909703378-01ffaa4c4eeda75ea92ad255b32a04e5",
                "thumb_360": "https:\/\/files.slack.com\/files-tmb\/TJH5YU202-FLUKGH1T7-d643e9b8a1\/imagen_360.png?t=xoxe-629202954002-776688371669-763909703378-01ffaa4c4eeda75ea92ad255b32a04e5",
                "thumb_360_w": 360,
                "thumb_360_h": 161,
                "thumb_480": "https:\/\/files.slack.com\/files-tmb\/TJH5YU202-FLUKGH1T7-d643e9b8a1\/imagen_480.png?t=xoxe-629202954002-776688371669-763909703378-01ffaa4c4eeda75ea92ad255b32a04e5",
                "thumb_480_w": 480,
                "thumb_480_h": 214,
                "thumb_160": "https:\/\/files.slack.com\/files-tmb\/TJH5YU202-FLUKGH1T7-d643e9b8a1\/imagen_160.png?t=xoxe-629202954002-776688371669-763909703378-01ffaa4c4eeda75ea92ad255b32a04e5",
                "image_exif_rotation": 1,
                "original_w": 555,
                "original_h": 248,
                "permalink": "https:\/\/harbourproject.slack.com\/files\/UJWR5N32S\/FLUKGH1T7\/imagen.png",
                "permalink_public": "https:\/\/slack-files.com\/TJH5YU202-FLUKGH1T7-24339c8707",
                "is_starred": false,
                "has_rich_preview": false
            }
        ],
        "upload": true,
        "user": "UJWR5N32S",
        "display_as_bot": false,
        "ts": "1564378019.256800",
        "client_msg_id": "c90af452-9cc9-4426-b547-7299935b5eb8"
    },
    {
        "client_msg_id": "69b354d8-5426-4050-ad6e-c7a0be1d5f7c",
        "type": "message",
        "text": "Bon dia !",
        "user": "UJWR5N32S",
        "ts": "1564378037.257200",
        "team": "TJH5YU202",
        "user_team": "TJH5YU202",
        "source_team": "TJH5YU202",
        "user_profile": {
            "avatar_hash": "273d3745f7ae",
            "image_72": "https:\/\/avatars.slack-edge.com\/2019-05-20\/634344238497_273d3745f7ae1b176b82_72.jpg",
            "first_name": "Charly",
            "real_name": "Charly",
            "display_name": "Charly",
            "team": "TJH5YU202",
            "name": "carles9000",
            "is_restricted": false,
            "is_ultra_restricted": false
        }
    }
]