[
    {
        "client_msg_id": "506620ff-f58d-4e1c-9d5c-a400eae395b4",
        "type": "message",
        "text": "New build for Ubintu 18.04 already available, after unifying sources",
        "user": "UJN8D8U3B",
        "ts": "1559981170.134200",
        "team": "TJH5YU202",
        "user_team": "TJH5YU202",
        "source_team": "TJH5YU202",
        "user_profile": {
            "avatar_hash": "g92ad2abcc45",
            "image_72": "https:\/\/secure.gravatar.com\/avatar\/8492ad2abcc45ce53969adcf8420acde.jpg?s=72&d=https%3A%2F%2Fa.slack-edge.com%2F80588%2Fimg%2Favatars%2Fuser_shapes%2Fava_0008-72.png",
            "first_name": "",
            "real_name": "Antonio Linares",
            "display_name": "Antonio Linares",
            "team": "TJH5YU202",
            "name": "alinares",
            "is_restricted": false,
            "is_ultra_restricted": false
        }
    },
    {
        "client_msg_id": "8381b437-0cd2-4fed-9146-38d18c52338d",
        "type": "message",
        "text": "Ubuntu",
        "user": "UJN8D8U3B",
        "ts": "1559981173.134400",
        "team": "TJH5YU202",
        "user_team": "TJH5YU202",
        "source_team": "TJH5YU202",
        "user_profile": {
            "avatar_hash": "g92ad2abcc45",
            "image_72": "https:\/\/secure.gravatar.com\/avatar\/8492ad2abcc45ce53969adcf8420acde.jpg?s=72&d=https%3A%2F%2Fa.slack-edge.com%2F80588%2Fimg%2Favatars%2Fuser_shapes%2Fava_0008-72.png",
            "first_name": "",
            "real_name": "Antonio Linares",
            "display_name": "Antonio Linares",
            "team": "TJH5YU202",
            "name": "alinares",
            "is_restricted": false,
            "is_ultra_restricted": false
        }
    },
    {
        "client_msg_id": "10b16d8b-81ef-47b3-812c-bd3f5b94725b",
        "type": "message",
        "text": "mod_harbour just uses two files and the same files for all OSes",
        "user": "UJN8D8U3B",
        "ts": "1559981385.134900",
        "team": "TJH5YU202",
        "user_team": "TJH5YU202",
        "source_team": "TJH5YU202",
        "user_profile": {
            "avatar_hash": "g92ad2abcc45",
            "image_72": "https:\/\/secure.gravatar.com\/avatar\/8492ad2abcc45ce53969adcf8420acde.jpg?s=72&d=https%3A%2F%2Fa.slack-edge.com%2F80588%2Fimg%2Favatars%2Fuser_shapes%2Fava_0008-72.png",
            "first_name": "",
            "real_name": "Antonio Linares",
            "display_name": "Antonio Linares",
            "team": "TJH5YU202",
            "name": "alinares",
            "is_restricted": false,
            "is_ultra_restricted": false
        }
    },
    {
        "client_msg_id": "6a91e083-f2d4-4000-8ec0-8c5e5331de15",
        "type": "message",
        "text": "Hackeamos memowrit y compañia",
        "user": "UJWR5N32S",
        "ts": "1560008597.135500",
        "team": "TJH5YU202",
        "user_team": "TJH5YU202",
        "source_team": "TJH5YU202",
        "user_profile": {
            "avatar_hash": "273d3745f7ae",
            "image_72": "https:\/\/avatars.slack-edge.com\/2019-05-20\/634344238497_273d3745f7ae1b176b82_72.jpg",
            "first_name": "Charly",
            "real_name": "Charly",
            "display_name": "Charly",
            "team": "TJH5YU202",
            "name": "carles9000",
            "is_restricted": false,
            "is_ultra_restricted": false
        }
    },
    {
        "client_msg_id": "c25d7f43-b694-47d0-a30d-7e39ec3b812c",
        "type": "message",
        "text": "??",
        "user": "UJN8D8U3B",
        "ts": "1560008674.135700",
        "team": "TJH5YU202",
        "user_team": "TJH5YU202",
        "source_team": "TJH5YU202",
        "user_profile": {
            "avatar_hash": "g92ad2abcc45",
            "image_72": "https:\/\/secure.gravatar.com\/avatar\/8492ad2abcc45ce53969adcf8420acde.jpg?s=72&d=https%3A%2F%2Fa.slack-edge.com%2F80588%2Fimg%2Favatars%2Fuser_shapes%2Fava_0008-72.png",
            "first_name": "",
            "real_name": "Antonio Linares",
            "display_name": "Antonio Linares",
            "team": "TJH5YU202",
            "name": "alinares",
            "is_restricted": false,
            "is_ultra_restricted": false
        }
    }
]