[
    {
        "type": "message",
        "text": "",
        "files": [
            {
                "id": "FLHSJ5SBW",
                "created": 1563439342,
                "timestamp": 1563439342,
                "name": "image.png",
                "title": "image.png",
                "mimetype": "image\/png",
                "filetype": "png",
                "pretty_type": "PNG",
                "user": "UJN8D8U3B",
                "editable": false,
                "size": 278548,
                "mode": "hosted",
                "is_external": false,
                "external_type": "",
                "is_public": true,
                "public_url_shared": false,
                "display_as_bot": false,
                "username": "",
                "url_private": "https:\/\/files.slack.com\/files-pri\/TJH5YU202-FLHSJ5SBW\/image.png?t=xoxe-629202954002-776688371669-763909703378-01ffaa4c4eeda75ea92ad255b32a04e5",
                "url_private_download": "https:\/\/files.slack.com\/files-pri\/TJH5YU202-FLHSJ5SBW\/download\/image.png?t=xoxe-629202954002-776688371669-763909703378-01ffaa4c4eeda75ea92ad255b32a04e5",
                "thumb_64": "https:\/\/files.slack.com\/files-tmb\/TJH5YU202-FLHSJ5SBW-a3fc9daf78\/image_64.png?t=xoxe-629202954002-776688371669-763909703378-01ffaa4c4eeda75ea92ad255b32a04e5",
                "thumb_80": "https:\/\/files.slack.com\/files-tmb\/TJH5YU202-FLHSJ5SBW-a3fc9daf78\/image_80.png?t=xoxe-629202954002-776688371669-763909703378-01ffaa4c4eeda75ea92ad255b32a04e5",
                "thumb_360": "https:\/\/files.slack.com\/files-tmb\/TJH5YU202-FLHSJ5SBW-a3fc9daf78\/image_360.png?t=xoxe-629202954002-776688371669-763909703378-01ffaa4c4eeda75ea92ad255b32a04e5",
                "thumb_360_w": 360,
                "thumb_360_h": 155,
                "thumb_480": "https:\/\/files.slack.com\/files-tmb\/TJH5YU202-FLHSJ5SBW-a3fc9daf78\/image_480.png?t=xoxe-629202954002-776688371669-763909703378-01ffaa4c4eeda75ea92ad255b32a04e5",
                "thumb_480_w": 480,
                "thumb_480_h": 206,
                "thumb_160": "https:\/\/files.slack.com\/files-tmb\/TJH5YU202-FLHSJ5SBW-a3fc9daf78\/image_160.png?t=xoxe-629202954002-776688371669-763909703378-01ffaa4c4eeda75ea92ad255b32a04e5",
                "thumb_720": "https:\/\/files.slack.com\/files-tmb\/TJH5YU202-FLHSJ5SBW-a3fc9daf78\/image_720.png?t=xoxe-629202954002-776688371669-763909703378-01ffaa4c4eeda75ea92ad255b32a04e5",
                "thumb_720_w": 720,
                "thumb_720_h": 309,
                "thumb_800": "https:\/\/files.slack.com\/files-tmb\/TJH5YU202-FLHSJ5SBW-a3fc9daf78\/image_800.png?t=xoxe-629202954002-776688371669-763909703378-01ffaa4c4eeda75ea92ad255b32a04e5",
                "thumb_800_w": 800,
                "thumb_800_h": 344,
                "thumb_960": "https:\/\/files.slack.com\/files-tmb\/TJH5YU202-FLHSJ5SBW-a3fc9daf78\/image_960.png?t=xoxe-629202954002-776688371669-763909703378-01ffaa4c4eeda75ea92ad255b32a04e5",
                "thumb_960_w": 960,
                "thumb_960_h": 412,
                "thumb_1024": "https:\/\/files.slack.com\/files-tmb\/TJH5YU202-FLHSJ5SBW-a3fc9daf78\/image_1024.png?t=xoxe-629202954002-776688371669-763909703378-01ffaa4c4eeda75ea92ad255b32a04e5",
                "thumb_1024_w": 1024,
                "thumb_1024_h": 440,
                "image_exif_rotation": 1,
                "original_w": 1248,
                "original_h": 536,
                "permalink": "https:\/\/harbourproject.slack.com\/files\/UJN8D8U3B\/FLHSJ5SBW\/image.png",
                "permalink_public": "https:\/\/slack-files.com\/TJH5YU202-FLHSJ5SBW-1a4fc5fecf",
                "is_starred": false,
                "has_rich_preview": false
            }
        ],
        "upload": true,
        "user": "UJN8D8U3B",
        "display_as_bot": false,
        "ts": "1563439345.192200",
        "client_msg_id": "b8f0cda4-6674-4f12-8724-e235b5a11461"
    },
    {
        "type": "message",
        "text": "",
        "files": [
            {
                "id": "FLJSA60PP",
                "created": 1563466187,
                "timestamp": 1563466187,
                "name": "Sin título",
                "title": "Sin título",
                "mimetype": "text\/plain",
                "filetype": "text",
                "pretty_type": "Plain Text",
                "user": "UJWR5N32S",
                "editable": true,
                "size": 114,
                "mode": "snippet",
                "is_external": false,
                "external_type": "",
                "is_public": true,
                "public_url_shared": false,
                "display_as_bot": false,
                "username": "",
                "url_private": "https:\/\/files.slack.com\/files-pri\/TJH5YU202-FLJSA60PP\/sin_t__tulo?t=xoxe-629202954002-776688371669-763909703378-01ffaa4c4eeda75ea92ad255b32a04e5",
                "url_private_download": "https:\/\/files.slack.com\/files-pri\/TJH5YU202-FLJSA60PP\/download\/sin_t__tulo?t=xoxe-629202954002-776688371669-763909703378-01ffaa4c4eeda75ea92ad255b32a04e5",
                "permalink": "https:\/\/harbourproject.slack.com\/files\/UJWR5N32S\/FLJSA60PP\/sin_t__tulo",
                "permalink_public": "https:\/\/slack-files.com\/TJH5YU202-FLJSA60PP-fab5f7b963",
                "edit_link": "https:\/\/harbourproject.slack.com\/files\/UJWR5N32S\/FLJSA60PP\/sin_t__tulo\/edit",
                "is_starred": false,
                "has_rich_preview": false
            }
        ],
        "upload": true,
        "user": "UJWR5N32S",
        "display_as_bot": false,
        "ts": "1563466187.192500",
        "client_msg_id": "fb25edf7-358e-4588-99d8-544436572d3c"
    },
    {
        "client_msg_id": "3bf4c678-8dbd-40d5-abd0-cb084b1287cb",
        "type": "message",
        "text": "Nos conectamos mañana para ver el patio ?",
        "user": "UJWR5N32S",
        "ts": "1563466204.193000",
        "team": "TJH5YU202",
        "user_team": "TJH5YU202",
        "source_team": "TJH5YU202",
        "user_profile": {
            "avatar_hash": "273d3745f7ae",
            "image_72": "https:\/\/avatars.slack-edge.com\/2019-05-20\/634344238497_273d3745f7ae1b176b82_72.jpg",
            "first_name": "Charly",
            "real_name": "Charly",
            "display_name": "Charly",
            "team": "TJH5YU202",
            "name": "carles9000",
            "is_restricted": false,
            "is_ultra_restricted": false
        }
    },
    {
        "client_msg_id": "dbe12c64-adb8-431c-b5a8-ef93a6be63e0",
        "type": "message",
        "text": "2.- Antonio",
        "user": "UJN8D8U3B",
        "ts": "1563466243.193200",
        "team": "TJH5YU202",
        "user_team": "TJH5YU202",
        "source_team": "TJH5YU202",
        "user_profile": {
            "avatar_hash": "g92ad2abcc45",
            "image_72": "https:\/\/secure.gravatar.com\/avatar\/8492ad2abcc45ce53969adcf8420acde.jpg?s=72&d=https%3A%2F%2Fa.slack-edge.com%2F80588%2Fimg%2Favatars%2Fuser_shapes%2Fava_0008-72.png",
            "first_name": "",
            "real_name": "Antonio Linares",
            "display_name": "Antonio Linares",
            "team": "TJH5YU202",
            "name": "alinares",
            "is_restricted": false,
            "is_ultra_restricted": false
        }
    },
    {
        "type": "message",
        "text": "",
        "files": [
            {
                "id": "FLCFWFR9P",
                "created": 1563466265,
                "timestamp": 1563466265,
                "name": "Sin título",
                "title": "Sin título",
                "mimetype": "text\/plain",
                "filetype": "text",
                "pretty_type": "Plain Text",
                "user": "UJWR5N32S",
                "editable": true,
                "size": 126,
                "mode": "snippet",
                "is_external": false,
                "external_type": "",
                "is_public": true,
                "public_url_shared": false,
                "display_as_bot": false,
                "username": "",
                "url_private": "https:\/\/files.slack.com\/files-pri\/TJH5YU202-FLCFWFR9P\/sin_t__tulo?t=xoxe-629202954002-776688371669-763909703378-01ffaa4c4eeda75ea92ad255b32a04e5",
                "url_private_download": "https:\/\/files.slack.com\/files-pri\/TJH5YU202-FLCFWFR9P\/download\/sin_t__tulo?t=xoxe-629202954002-776688371669-763909703378-01ffaa4c4eeda75ea92ad255b32a04e5",
                "permalink": "https:\/\/harbourproject.slack.com\/files\/UJWR5N32S\/FLCFWFR9P\/sin_t__tulo",
                "permalink_public": "https:\/\/slack-files.com\/TJH5YU202-FLCFWFR9P-7d7592d529",
                "edit_link": "https:\/\/harbourproject.slack.com\/files\/UJWR5N32S\/FLCFWFR9P\/sin_t__tulo\/edit",
                "is_starred": false,
                "has_rich_preview": false
            }
        ],
        "upload": true,
        "user": "UJWR5N32S",
        "display_as_bot": false,
        "ts": "1563466265.193300",
        "client_msg_id": "626a8bbb-22e4-45ad-8bcc-2b2a7c749bbe"
    },
    {
        "client_msg_id": "803ac626-1804-4850-9f18-a8c26d5ecd10",
        "type": "message",
        "text": ":ok_hand::slightly_smiling_face:",
        "user": "UJN8D8U3B",
        "ts": "1563466352.193800",
        "team": "TJH5YU202",
        "user_team": "TJH5YU202",
        "source_team": "TJH5YU202",
        "user_profile": {
            "avatar_hash": "g92ad2abcc45",
            "image_72": "https:\/\/secure.gravatar.com\/avatar\/8492ad2abcc45ce53969adcf8420acde.jpg?s=72&d=https%3A%2F%2Fa.slack-edge.com%2F80588%2Fimg%2Favatars%2Fuser_shapes%2Fava_0008-72.png",
            "first_name": "",
            "real_name": "Antonio Linares",
            "display_name": "Antonio Linares",
            "team": "TJH5YU202",
            "name": "alinares",
            "is_restricted": false,
            "is_ultra_restricted": false
        }
    },
    {
        "client_msg_id": "b6995a01-107d-449a-ba2c-e9cf69debc5d",
        "type": "message",
        "text": "Titulo: Estado actual\nDia: 19\/07\/2019\nMedio: Skype\nHora: 17:00\n================================\n1.- Charly\n2.- Antonio\n3.- Xevi\n4.- ???",
        "user": "UJU3NMK0U",
        "ts": "1563466785.194100",
        "team": "TJH5YU202",
        "user_team": "TJH5YU202",
        "source_team": "TJH5YU202",
        "user_profile": {
            "avatar_hash": "48f1b9655122",
            "image_72": "https:\/\/avatars.slack-edge.com\/2019-05-20\/640143784356_48f1b96551220d9fdd4d_72.jpg",
            "first_name": "Xevi",
            "real_name": "Xevi",
            "display_name": "Xevi",
            "team": "TJH5YU202",
            "name": "xevicomas",
            "is_restricted": false,
            "is_ultra_restricted": false
        }
    },
    {
        "client_msg_id": "b2c573da-21e3-4e76-9d3b-fd2770aba96b",
        "type": "message",
        "text": "el #5 automatico.",
        "user": "UK28N3CER",
        "ts": "1563468683.194700",
        "team": "TJH5YU202",
        "user_team": "TJH5YU202",
        "source_team": "TJH5YU202",
        "user_profile": {
            "avatar_hash": "3fec6e3393a8",
            "image_72": "https:\/\/avatars.slack-edge.com\/2019-08-17\/723363154273_3fec6e3393a86fb3e470_72.jpg",
            "first_name": "",
            "real_name": "Cesar SysCtrl Software",
            "display_name": "Cesar SysCtrl Software",
            "team": "TJH5YU202",
            "name": "sysctrlsoftware",
            "is_restricted": false,
            "is_ultra_restricted": false
        }
    },
    {
        "type": "message",
        "text": "",
        "files": [
            {
                "id": "FLM577WNS",
                "created": 1563472756,
                "timestamp": 1563472756,
                "name": "Sin título",
                "title": "Sin título",
                "mimetype": "text\/plain",
                "filetype": "text",
                "pretty_type": "Plain Text",
                "user": "UJWR5N32S",
                "editable": true,
                "size": 145,
                "mode": "snippet",
                "is_external": false,
                "external_type": "",
                "is_public": true,
                "public_url_shared": false,
                "display_as_bot": false,
                "username": "",
                "url_private": "https:\/\/files.slack.com\/files-pri\/TJH5YU202-FLM577WNS\/sin_t__tulo?t=xoxe-629202954002-776688371669-763909703378-01ffaa4c4eeda75ea92ad255b32a04e5",
                "url_private_download": "https:\/\/files.slack.com\/files-pri\/TJH5YU202-FLM577WNS\/download\/sin_t__tulo?t=xoxe-629202954002-776688371669-763909703378-01ffaa4c4eeda75ea92ad255b32a04e5",
                "permalink": "https:\/\/harbourproject.slack.com\/files\/UJWR5N32S\/FLM577WNS\/sin_t__tulo",
                "permalink_public": "https:\/\/slack-files.com\/TJH5YU202-FLM577WNS-c5b0f8b3bc",
                "edit_link": "https:\/\/harbourproject.slack.com\/files\/UJWR5N32S\/FLM577WNS\/sin_t__tulo\/edit",
                "is_starred": false,
                "has_rich_preview": false
            }
        ],
        "upload": true,
        "user": "UJWR5N32S",
        "display_as_bot": false,
        "ts": "1563472756.194800",
        "client_msg_id": "3eccf154-f9be-425d-b55f-ca8c0d0b6c8b"
    },
    {
        "client_msg_id": "c2b9111d-96e0-472a-b7a9-560af334e842",
        "type": "message",
        "text": "Me",
        "user": "UJWU1NLQ6",
        "ts": "1563473332.195200",
        "team": "TJH5YU202",
        "user_team": "TJH5YU202",
        "source_team": "TJH5YU202",
        "user_profile": {
            "avatar_hash": "034d5c7f6e05",
            "image_72": "https:\/\/avatars.slack-edge.com\/2019-05-20\/640791937568_034d5c7f6e05e4dd4551_72.jpg",
            "first_name": "Lailton",
            "real_name": "Lailton Fernando Mariano",
            "display_name": "Lailton",
            "team": "TJH5YU202",
            "name": "lailton",
            "is_restricted": false,
            "is_ultra_restricted": false
        }
    },
    {
        "client_msg_id": "fbe1d3e2-f4ba-462e-b13c-d9be0fdb238b",
        "type": "message",
        "text": "5.- Lailton",
        "user": "UJWU1NLQ6",
        "ts": "1563473360.195400",
        "team": "TJH5YU202",
        "user_team": "TJH5YU202",
        "source_team": "TJH5YU202",
        "user_profile": {
            "avatar_hash": "034d5c7f6e05",
            "image_72": "https:\/\/avatars.slack-edge.com\/2019-05-20\/640791937568_034d5c7f6e05e4dd4551_72.jpg",
            "first_name": "Lailton",
            "real_name": "Lailton Fernando Mariano",
            "display_name": "Lailton",
            "team": "TJH5YU202",
            "name": "lailton",
            "is_restricted": false,
            "is_ultra_restricted": false
        }
    },
    {
        "type": "message",
        "text": "",
        "files": [
            {
                "id": "FL7JYJGUS",
                "created": 1563473782,
                "timestamp": 1563473782,
                "name": "Sin título",
                "title": "Sin título",
                "mimetype": "text\/plain",
                "filetype": "text",
                "pretty_type": "Plain Text",
                "user": "UJWR5N32S",
                "editable": true,
                "size": 157,
                "mode": "snippet",
                "is_external": false,
                "external_type": "",
                "is_public": true,
                "public_url_shared": false,
                "display_as_bot": false,
                "username": "",
                "url_private": "https:\/\/files.slack.com\/files-pri\/TJH5YU202-FL7JYJGUS\/sin_t__tulo?t=xoxe-629202954002-776688371669-763909703378-01ffaa4c4eeda75ea92ad255b32a04e5",
                "url_private_download": "https:\/\/files.slack.com\/files-pri\/TJH5YU202-FL7JYJGUS\/download\/sin_t__tulo?t=xoxe-629202954002-776688371669-763909703378-01ffaa4c4eeda75ea92ad255b32a04e5",
                "permalink": "https:\/\/harbourproject.slack.com\/files\/UJWR5N32S\/FL7JYJGUS\/sin_t__tulo",
                "permalink_public": "https:\/\/slack-files.com\/TJH5YU202-FL7JYJGUS-ad9b90e68b",
                "edit_link": "https:\/\/harbourproject.slack.com\/files\/UJWR5N32S\/FL7JYJGUS\/sin_t__tulo\/edit",
                "is_starred": false,
                "has_rich_preview": false
            }
        ],
        "upload": true,
        "user": "UJWR5N32S",
        "display_as_bot": false,
        "ts": "1563473782.195500",
        "client_msg_id": "53dc5e4b-de0f-4e34-9be9-509b065079e4"
    },
    {
        "client_msg_id": "4b236b3e-4e55-47b1-8325-002a9294062b",
        "type": "message",
        "text": "Hola buenas tardes\/noche yo tambien me sumo a la reunion de mañana. Saludos",
        "user": "UJUFNFMFE",
        "ts": "1563474867.196300",
        "team": "TJH5YU202",
        "user_team": "TJH5YU202",
        "source_team": "TJH5YU202",
        "user_profile": {
            "avatar_hash": "aa4e40c137f0",
            "image_72": "https:\/\/avatars.slack-edge.com\/2019-05-21\/630419446595_aa4e40c137f03c23b9cd_72.jpg",
            "first_name": "Marcelo",
            "real_name": "Marcelo Roggeri",
            "display_name": "Marcelo Roggeri",
            "team": "TJH5YU202",
            "name": "roggerimarcelo",
            "is_restricted": false,
            "is_ultra_restricted": false
        }
    },
    {
        "client_msg_id": "91e25fdb-2533-48fa-a17f-40ac0b0b5a14",
        "type": "message",
        "text": "Titulo: Estado actual\nDia: 19\/07\/2019\nMedio: Skype\nHora: 17:00\n================================\n1.- Charly\n2.- Antonio\n3.- Xevi\n4.- Cesar\n5.- Lailton\n6.- Cristobal",
        "user": "UJUJLTWMT",
        "ts": "1563481563.196600",
        "team": "TJH5YU202",
        "user_team": "TJH5YU202",
        "source_team": "TJH5YU202",
        "user_profile": {
            "avatar_hash": "a60e3b1ef2d2",
            "image_72": "https:\/\/avatars.slack-edge.com\/2019-08-20\/726246109489_a60e3b1ef2d2c141969d_72.jpg",
            "first_name": "",
            "real_name": "Cristobal",
            "display_name": "Cristobal",
            "team": "TJH5YU202",
            "name": "navarro.cristobal",
            "is_restricted": false,
            "is_ultra_restricted": false
        },
        "thread_ts": "1563481563.196600",
        "reply_count": 1,
        "reply_users_count": 1,
        "latest_reply": "1563543288.201400",
        "reply_users": [
            "UJUFNFMFE"
        ],
        "replies": [
            {
                "user": "UJUFNFMFE",
                "ts": "1563543288.201400"
            }
        ],
        "subscribed": false
    },
    {
        "type": "message",
        "text": "",
        "files": [
            {
                "id": "FL84K1UNP",
                "created": 1563514294,
                "timestamp": 1563514294,
                "name": "Sin título",
                "title": "Sin título",
                "mimetype": "text\/plain",
                "filetype": "text",
                "pretty_type": "Plain Text",
                "user": "UJWR5N32S",
                "editable": true,
                "size": 183,
                "mode": "snippet",
                "is_external": false,
                "external_type": "",
                "is_public": true,
                "public_url_shared": false,
                "display_as_bot": false,
                "username": "",
                "url_private": "https:\/\/files.slack.com\/files-pri\/TJH5YU202-FL84K1UNP\/sin_t__tulo?t=xoxe-629202954002-776688371669-763909703378-01ffaa4c4eeda75ea92ad255b32a04e5",
                "url_private_download": "https:\/\/files.slack.com\/files-pri\/TJH5YU202-FL84K1UNP\/download\/sin_t__tulo?t=xoxe-629202954002-776688371669-763909703378-01ffaa4c4eeda75ea92ad255b32a04e5",
                "permalink": "https:\/\/harbourproject.slack.com\/files\/UJWR5N32S\/FL84K1UNP\/sin_t__tulo",
                "permalink_public": "https:\/\/slack-files.com\/TJH5YU202-FL84K1UNP-6369b629d9",
                "edit_link": "https:\/\/harbourproject.slack.com\/files\/UJWR5N32S\/FL84K1UNP\/sin_t__tulo\/edit",
                "is_starred": false,
                "has_rich_preview": false
            }
        ],
        "upload": true,
        "user": "UJWR5N32S",
        "display_as_bot": false,
        "ts": "1563514294.196700",
        "client_msg_id": "abf7c82c-41bf-4878-bff2-fb27546a0b5f"
    },
    {
        "client_msg_id": "62122ec5-7d4f-438b-b197-e91c2d2ef8af",
        "type": "message",
        "text": "Bon dia Harbourianos !",
        "user": "UJWR5N32S",
        "ts": "1563514306.197200",
        "team": "TJH5YU202",
        "user_team": "TJH5YU202",
        "source_team": "TJH5YU202",
        "user_profile": {
            "avatar_hash": "273d3745f7ae",
            "image_72": "https:\/\/avatars.slack-edge.com\/2019-05-20\/634344238497_273d3745f7ae1b176b82_72.jpg",
            "first_name": "Charly",
            "real_name": "Charly",
            "display_name": "Charly",
            "team": "TJH5YU202",
            "name": "carles9000",
            "is_restricted": false,
            "is_ultra_restricted": false
        }
    },
    {
        "client_msg_id": "d9ceecb9-745e-4f98-949f-d98dd0ee0d99",
        "type": "message",
        "text": "buenso dias :slightly_smiling_face:",
        "user": "UJN8D8U3B",
        "ts": "1563517840.197400",
        "team": "TJH5YU202",
        "user_team": "TJH5YU202",
        "source_team": "TJH5YU202",
        "user_profile": {
            "avatar_hash": "g92ad2abcc45",
            "image_72": "https:\/\/secure.gravatar.com\/avatar\/8492ad2abcc45ce53969adcf8420acde.jpg?s=72&d=https%3A%2F%2Fa.slack-edge.com%2F80588%2Fimg%2Favatars%2Fuser_shapes%2Fava_0008-72.png",
            "first_name": "",
            "real_name": "Antonio Linares",
            "display_name": "Antonio Linares",
            "team": "TJH5YU202",
            "name": "alinares",
            "is_restricted": false,
            "is_ultra_restricted": false
        }
    },
    {
        "client_msg_id": "8f8579c0-58c0-40c0-a7d6-ec543cb754f6",
        "type": "message",
        "text": "buenos",
        "user": "UJN8D8U3B",
        "ts": "1563517843.197600",
        "team": "TJH5YU202",
        "user_team": "TJH5YU202",
        "source_team": "TJH5YU202",
        "user_profile": {
            "avatar_hash": "g92ad2abcc45",
            "image_72": "https:\/\/secure.gravatar.com\/avatar\/8492ad2abcc45ce53969adcf8420acde.jpg?s=72&d=https%3A%2F%2Fa.slack-edge.com%2F80588%2Fimg%2Favatars%2Fuser_shapes%2Fava_0008-72.png",
            "first_name": "",
            "real_name": "Antonio Linares",
            "display_name": "Antonio Linares",
            "team": "TJH5YU202",
            "name": "alinares",
            "is_restricted": false,
            "is_ultra_restricted": false
        }
    },
    {
        "client_msg_id": "882f252c-6dfc-4a48-a853-8c82646b54d9",
        "type": "message",
        "text": "Nos han autorizado a publicar la noticia de mod_harbour en developers X en facebook (el grupo de programadores de Jose Elias -Eliax-)",
        "user": "UJN8D8U3B",
        "ts": "1563518182.198500",
        "team": "TJH5YU202",
        "user_team": "TJH5YU202",
        "source_team": "TJH5YU202",
        "user_profile": {
            "avatar_hash": "g92ad2abcc45",
            "image_72": "https:\/\/secure.gravatar.com\/avatar\/8492ad2abcc45ce53969adcf8420acde.jpg?s=72&d=https%3A%2F%2Fa.slack-edge.com%2F80588%2Fimg%2Favatars%2Fuser_shapes%2Fava_0008-72.png",
            "first_name": "",
            "real_name": "Antonio Linares",
            "display_name": "Antonio Linares",
            "team": "TJH5YU202",
            "name": "alinares",
            "is_restricted": false,
            "is_ultra_restricted": false
        }
    },
    {
        "client_msg_id": "246dfb0b-5704-47b7-a1ea-6b02edbcc79c",
        "type": "message",
        "text": "Y el primer comentario no tiene desperdicio :smile:",
        "user": "UJN8D8U3B",
        "ts": "1563518193.198800",
        "team": "TJH5YU202",
        "user_team": "TJH5YU202",
        "source_team": "TJH5YU202",
        "user_profile": {
            "avatar_hash": "g92ad2abcc45",
            "image_72": "https:\/\/secure.gravatar.com\/avatar\/8492ad2abcc45ce53969adcf8420acde.jpg?s=72&d=https%3A%2F%2Fa.slack-edge.com%2F80588%2Fimg%2Favatars%2Fuser_shapes%2Fava_0008-72.png",
            "first_name": "",
            "real_name": "Antonio Linares",
            "display_name": "Antonio Linares",
            "team": "TJH5YU202",
            "name": "alinares",
            "is_restricted": false,
            "is_ultra_restricted": false
        }
    },
    {
        "client_msg_id": "59bacfb6-8120-41e8-adfe-463c321cf7e7",
        "type": "message",
        "text": "<https:\/\/www.facebook.com\/jorgeortiz67\/posts\/10157419509498899?notif_id=1563516865601515&amp;notif_t=story_reshare>",
        "user": "UJN8D8U3B",
        "ts": "1563518196.199000",
        "team": "TJH5YU202",
        "user_team": "TJH5YU202",
        "source_team": "TJH5YU202",
        "user_profile": {
            "avatar_hash": "g92ad2abcc45",
            "image_72": "https:\/\/secure.gravatar.com\/avatar\/8492ad2abcc45ce53969adcf8420acde.jpg?s=72&d=https%3A%2F%2Fa.slack-edge.com%2F80588%2Fimg%2Favatars%2Fuser_shapes%2Fava_0008-72.png",
            "first_name": "",
            "real_name": "Antonio Linares",
            "display_name": "Antonio Linares",
            "team": "TJH5YU202",
            "name": "alinares",
            "is_restricted": false,
            "is_ultra_restricted": false
        },
        "attachments": [
            {
                "title": "Jorge Carlos Ortiz",
                "title_link": "https:\/\/www.facebook.com\/jorgeortiz67\/posts\/10157419509498899?notif_id=1563516865601515&notif_t=story_reshare",
                "text": "diomio, cuanto muelto resusitao.",
                "fallback": "Jorge Carlos Ortiz",
                "from_url": "https:\/\/www.facebook.com\/jorgeortiz67\/posts\/10157419509498899?notif_id=1563516865601515&notif_t=story_reshare",
                "thumb_url": "https:\/\/scontent-iad3-1.xx.fbcdn.net\/v\/t1.0-1\/p200x200\/16996124_10155019002513899_5533916410204112331_n.jpg?_nc_cat=102&_nc_oc=AQn6s5zve84igdxVsmqsbnSDuP6TiFMSLR58tzBn10xfExsdOOHZnKbeqkaYuDKIq98&_nc_ht=scontent-iad3-1.xx&oh=558b9af8ac5f578d4e1b4e622951eec3&oe=5DA1A442",
                "thumb_width": 200,
                "thumb_height": 200,
                "service_icon": "https:\/\/static.xx.fbcdn.net\/rsrc.php\/yz\/r\/KFyVIAWzntM.ico",
                "service_name": "facebook.com",
                "id": 1,
                "original_url": "https:\/\/www.facebook.com\/jorgeortiz67\/posts\/10157419509498899?notif_id=1563516865601515&amp;notif_t=story_reshare"
            }
        ]
    },
    {
        "type": "message",
        "text": "",
        "files": [
            {
                "id": "FLK3AFH36",
                "created": 1563518256,
                "timestamp": 1563518256,
                "name": "image.png",
                "title": "image.png",
                "mimetype": "image\/png",
                "filetype": "png",
                "pretty_type": "PNG",
                "user": "UJN8D8U3B",
                "editable": false,
                "size": 47081,
                "mode": "hosted",
                "is_external": false,
                "external_type": "",
                "is_public": true,
                "public_url_shared": false,
                "display_as_bot": false,
                "username": "",
                "url_private": "https:\/\/files.slack.com\/files-pri\/TJH5YU202-FLK3AFH36\/image.png?t=xoxe-629202954002-776688371669-763909703378-01ffaa4c4eeda75ea92ad255b32a04e5",
                "url_private_download": "https:\/\/files.slack.com\/files-pri\/TJH5YU202-FLK3AFH36\/download\/image.png?t=xoxe-629202954002-776688371669-763909703378-01ffaa4c4eeda75ea92ad255b32a04e5",
                "thumb_64": "https:\/\/files.slack.com\/files-tmb\/TJH5YU202-FLK3AFH36-4df51b0ac7\/image_64.png?t=xoxe-629202954002-776688371669-763909703378-01ffaa4c4eeda75ea92ad255b32a04e5",
                "thumb_80": "https:\/\/files.slack.com\/files-tmb\/TJH5YU202-FLK3AFH36-4df51b0ac7\/image_80.png?t=xoxe-629202954002-776688371669-763909703378-01ffaa4c4eeda75ea92ad255b32a04e5",
                "thumb_360": "https:\/\/files.slack.com\/files-tmb\/TJH5YU202-FLK3AFH36-4df51b0ac7\/image_360.png?t=xoxe-629202954002-776688371669-763909703378-01ffaa4c4eeda75ea92ad255b32a04e5",
                "thumb_360_w": 360,
                "thumb_360_h": 76,
                "thumb_480": "https:\/\/files.slack.com\/files-tmb\/TJH5YU202-FLK3AFH36-4df51b0ac7\/image_480.png?t=xoxe-629202954002-776688371669-763909703378-01ffaa4c4eeda75ea92ad255b32a04e5",
                "thumb_480_w": 480,
                "thumb_480_h": 102,
                "thumb_160": "https:\/\/files.slack.com\/files-tmb\/TJH5YU202-FLK3AFH36-4df51b0ac7\/image_160.png?t=xoxe-629202954002-776688371669-763909703378-01ffaa4c4eeda75ea92ad255b32a04e5",
                "thumb_720": "https:\/\/files.slack.com\/files-tmb\/TJH5YU202-FLK3AFH36-4df51b0ac7\/image_720.png?t=xoxe-629202954002-776688371669-763909703378-01ffaa4c4eeda75ea92ad255b32a04e5",
                "thumb_720_w": 720,
                "thumb_720_h": 153,
                "thumb_800": "https:\/\/files.slack.com\/files-tmb\/TJH5YU202-FLK3AFH36-4df51b0ac7\/image_800.png?t=xoxe-629202954002-776688371669-763909703378-01ffaa4c4eeda75ea92ad255b32a04e5",
                "thumb_800_w": 800,
                "thumb_800_h": 170,
                "thumb_960": "https:\/\/files.slack.com\/files-tmb\/TJH5YU202-FLK3AFH36-4df51b0ac7\/image_960.png?t=xoxe-629202954002-776688371669-763909703378-01ffaa4c4eeda75ea92ad255b32a04e5",
                "thumb_960_w": 960,
                "thumb_960_h": 204,
                "thumb_1024": "https:\/\/files.slack.com\/files-tmb\/TJH5YU202-FLK3AFH36-4df51b0ac7\/image_1024.png?t=xoxe-629202954002-776688371669-763909703378-01ffaa4c4eeda75ea92ad255b32a04e5",
                "thumb_1024_w": 1024,
                "thumb_1024_h": 217,
                "image_exif_rotation": 1,
                "original_w": 1027,
                "original_h": 218,
                "permalink": "https:\/\/harbourproject.slack.com\/files\/UJN8D8U3B\/FLK3AFH36\/image.png",
                "permalink_public": "https:\/\/slack-files.com\/TJH5YU202-FLK3AFH36-41c281eec3",
                "is_starred": false,
                "has_rich_preview": false
            }
        ],
        "upload": true,
        "user": "UJN8D8U3B",
        "display_as_bot": false,
        "ts": "1563518258.199200",
        "client_msg_id": "d051a656-ee62-4a26-aa04-fd256fd4bafe"
    },
    {
        "client_msg_id": "20b440c1-eee2-44b9-9514-618e8c0a0415",
        "type": "message",
        "text": "Q bueno... :slightly_smiling_face:",
        "user": "UJWR5N32S",
        "ts": "1563518738.199600",
        "team": "TJH5YU202",
        "user_team": "TJH5YU202",
        "source_team": "TJH5YU202",
        "user_profile": {
            "avatar_hash": "273d3745f7ae",
            "image_72": "https:\/\/avatars.slack-edge.com\/2019-05-20\/634344238497_273d3745f7ae1b176b82_72.jpg",
            "first_name": "Charly",
            "real_name": "Charly",
            "display_name": "Charly",
            "team": "TJH5YU202",
            "name": "carles9000",
            "is_restricted": false,
            "is_ultra_restricted": false
        }
    }
]