[
    {
        "client_msg_id": "38a3fa62-f4a0-4848-ba86-d1ebcd1bf759",
        "type": "message",
        "text": "buenos dias :sunny:",
        "user": "UJN8D8U3B",
        "ts": "1564130253.218200",
        "team": "TJH5YU202",
        "user_team": "TJH5YU202",
        "source_team": "TJH5YU202",
        "user_profile": {
            "avatar_hash": "g92ad2abcc45",
            "image_72": "https:\/\/secure.gravatar.com\/avatar\/8492ad2abcc45ce53969adcf8420acde.jpg?s=72&d=https%3A%2F%2Fa.slack-edge.com%2F80588%2Fimg%2Favatars%2Fuser_shapes%2Fava_0008-72.png",
            "first_name": "",
            "real_name": "Antonio Linares",
            "display_name": "Antonio Linares",
            "team": "TJH5YU202",
            "name": "alinares",
            "is_restricted": false,
            "is_ultra_restricted": false
        }
    },
    {
        "client_msg_id": "e33fd7db-eb48-4e03-ac08-b3e6a6551a9e",
        "type": "message",
        "text": "Mensaje de Andrés en whatsapp:",
        "user": "UJN8D8U3B",
        "ts": "1564130265.218500",
        "team": "TJH5YU202",
        "user_team": "TJH5YU202",
        "source_team": "TJH5YU202",
        "user_profile": {
            "avatar_hash": "g92ad2abcc45",
            "image_72": "https:\/\/secure.gravatar.com\/avatar\/8492ad2abcc45ce53969adcf8420acde.jpg?s=72&d=https%3A%2F%2Fa.slack-edge.com%2F80588%2Fimg%2Favatars%2Fuser_shapes%2Fava_0008-72.png",
            "first_name": "",
            "real_name": "Antonio Linares",
            "display_name": "Antonio Linares",
            "team": "TJH5YU202",
            "name": "alinares",
            "is_restricted": false,
            "is_ultra_restricted": false
        }
    },
    {
        "client_msg_id": "48bb4ffe-abe5-4333-ad24-18e6a46944cd",
        "type": "message",
        "text": "Buenos días, hoy tenemos reunión? Del otro día quedó pendiente el tema del VSCODE, he empezado a manejarlo y me falta un empujoncito. Antonio podrías dar cuatro ideas y sobre todo lo de la integración con el debuger. Como ya tenemos tantos frentes abiertos seguro que en algún lado ya habreis hablado del tema.",
        "user": "UJN8D8U3B",
        "ts": "1564130267.218700",
        "team": "TJH5YU202",
        "user_team": "TJH5YU202",
        "source_team": "TJH5YU202",
        "user_profile": {
            "avatar_hash": "g92ad2abcc45",
            "image_72": "https:\/\/secure.gravatar.com\/avatar\/8492ad2abcc45ce53969adcf8420acde.jpg?s=72&d=https%3A%2F%2Fa.slack-edge.com%2F80588%2Fimg%2Favatars%2Fuser_shapes%2Fava_0008-72.png",
            "first_name": "",
            "real_name": "Antonio Linares",
            "display_name": "Antonio Linares",
            "team": "TJH5YU202",
            "name": "alinares",
            "is_restricted": false,
            "is_ultra_restricted": false
        }
    },
    {
        "client_msg_id": "0dc88ec0-7eb3-4f30-9d9f-a3500961a0ff",
        "type": "message",
        "text": "Por mi parte ok :+1:",
        "user": "UJN8D8U3B",
        "ts": "1564130301.219100",
        "team": "TJH5YU202",
        "user_team": "TJH5YU202",
        "source_team": "TJH5YU202",
        "user_profile": {
            "avatar_hash": "g92ad2abcc45",
            "image_72": "https:\/\/secure.gravatar.com\/avatar\/8492ad2abcc45ce53969adcf8420acde.jpg?s=72&d=https%3A%2F%2Fa.slack-edge.com%2F80588%2Fimg%2Favatars%2Fuser_shapes%2Fava_0008-72.png",
            "first_name": "",
            "real_name": "Antonio Linares",
            "display_name": "Antonio Linares",
            "team": "TJH5YU202",
            "name": "alinares",
            "is_restricted": false,
            "is_ultra_restricted": false
        }
    },
    {
        "client_msg_id": "3a18f12c-9507-49e8-a5b7-5fb8955e7a8d",
        "type": "message",
        "text": "César, si, lo he hablado con Cristobal y vamos a modificar Genesis para que no muestre el menu hasta haberse identificado",
        "user": "UJN8D8U3B",
        "ts": "1564130374.219800",
        "team": "TJH5YU202",
        "user_team": "TJH5YU202",
        "source_team": "TJH5YU202",
        "user_profile": {
            "avatar_hash": "g92ad2abcc45",
            "image_72": "https:\/\/secure.gravatar.com\/avatar\/8492ad2abcc45ce53969adcf8420acde.jpg?s=72&d=https%3A%2F%2Fa.slack-edge.com%2F80588%2Fimg%2Favatars%2Fuser_shapes%2Fava_0008-72.png",
            "first_name": "",
            "real_name": "Antonio Linares",
            "display_name": "Antonio Linares",
            "team": "TJH5YU202",
            "name": "alinares",
            "is_restricted": false,
            "is_ultra_restricted": false
        }
    },
    {
        "client_msg_id": "49c67654-99dd-4a3f-a495-bd6fa0cea05c",
        "type": "message",
        "text": "Confirmar lo de esta tarde. No se ha puesto la lista de todos los viernes",
        "user": "UJUJLTWMT",
        "ts": "1564133149.220500",
        "team": "TJH5YU202",
        "user_team": "TJH5YU202",
        "source_team": "TJH5YU202",
        "user_profile": {
            "avatar_hash": "a60e3b1ef2d2",
            "image_72": "https:\/\/avatars.slack-edge.com\/2019-08-20\/726246109489_a60e3b1ef2d2c141969d_72.jpg",
            "first_name": "",
            "real_name": "Cristobal",
            "display_name": "Cristobal",
            "team": "TJH5YU202",
            "name": "navarro.cristobal",
            "is_restricted": false,
            "is_ultra_restricted": false
        }
    },
    {
        "client_msg_id": "ef185a49-1e79-45b0-9199-a96decdf6abd",
        "type": "message",
        "text": "Buen dia. Consulta....que version de xampp para w32 es la que necesitaria usar? la ultima que me descarga de la pagina es para w64",
        "user": "UJRQZMTAM",
        "ts": "1564139591.221500",
        "team": "TJH5YU202",
        "user_team": "TJH5YU202",
        "source_team": "TJH5YU202",
        "user_profile": {
            "avatar_hash": "g15243ac9482",
            "image_72": "https:\/\/secure.gravatar.com\/avatar\/c615243ac94829d2b26193d3b89ec25d.jpg?s=72&d=https%3A%2F%2Fa.slack-edge.com%2F80588%2Fimg%2Favatars%2Fuser_shapes%2Fava_0022-72.png",
            "first_name": "",
            "real_name": "Diego F",
            "display_name": "Diego F",
            "team": "TJH5YU202",
            "name": "diegohfazio",
            "is_restricted": false,
            "is_ultra_restricted": false
        }
    },
    {
        "client_msg_id": "f73a83ea-6495-44c5-89ae-bae0df9a40f2",
        "type": "message",
        "text": "Lo normal es que te descargue la que coincide con tu sistema operativo. Si tu sistema operativo es de 64 bits, te proporciona esa. No recuerdo cómo descargar la de 32 si tu sistema es de 64, pero le  echaré un vistazo",
        "user": "UJUJLTWMT",
        "ts": "1564139944.223300",
        "team": "TJH5YU202",
        "user_team": "TJH5YU202",
        "source_team": "TJH5YU202",
        "user_profile": {
            "avatar_hash": "a60e3b1ef2d2",
            "image_72": "https:\/\/avatars.slack-edge.com\/2019-08-20\/726246109489_a60e3b1ef2d2c141969d_72.jpg",
            "first_name": "",
            "real_name": "Cristobal",
            "display_name": "Cristobal",
            "team": "TJH5YU202",
            "name": "navarro.cristobal",
            "is_restricted": false,
            "is_ultra_restricted": false
        }
    },
    {
        "client_msg_id": "2d7be597-ea8b-4e1c-b798-25dae148e8b2",
        "type": "message",
        "text": "Gracias. Ahi baje la 7.3.2 para w32. La que descarga la pag por defecto es para w64.",
        "user": "UJRQZMTAM",
        "ts": "1564140444.225200",
        "team": "TJH5YU202",
        "user_team": "TJH5YU202",
        "source_team": "TJH5YU202",
        "user_profile": {
            "avatar_hash": "g15243ac9482",
            "image_72": "https:\/\/secure.gravatar.com\/avatar\/c615243ac94829d2b26193d3b89ec25d.jpg?s=72&d=https%3A%2F%2Fa.slack-edge.com%2F80588%2Fimg%2Favatars%2Fuser_shapes%2Fava_0022-72.png",
            "first_name": "",
            "real_name": "Diego F",
            "display_name": "Diego F",
            "team": "TJH5YU202",
            "name": "diegohfazio",
            "is_restricted": false,
            "is_ultra_restricted": false
        }
    },
    {
        "client_msg_id": "201b8bd2-e7b6-4234-a742-a8947b6822b5",
        "type": "message",
        "text": "Estoy fuera y me podré conectar a partir 18.00",
        "user": "UJWR5N32S",
        "ts": "1564142868.226100",
        "team": "TJH5YU202",
        "user_team": "TJH5YU202",
        "source_team": "TJH5YU202",
        "user_profile": {
            "avatar_hash": "273d3745f7ae",
            "image_72": "https:\/\/avatars.slack-edge.com\/2019-05-20\/634344238497_273d3745f7ae1b176b82_72.jpg",
            "first_name": "Charly",
            "real_name": "Charly",
            "display_name": "Charly",
            "team": "TJH5YU202",
            "name": "carles9000",
            "is_restricted": false,
            "is_ultra_restricted": false
        }
    },
    {
        "client_msg_id": "c3f10d4a-b1c8-4480-a815-b22a477114cb",
        "type": "message",
        "text": "Podeis ver con Antonio tema VSCODE a las 17 si quereis...",
        "user": "UJWR5N32S",
        "ts": "1564142923.227100",
        "team": "TJH5YU202",
        "user_team": "TJH5YU202",
        "source_team": "TJH5YU202",
        "user_profile": {
            "avatar_hash": "273d3745f7ae",
            "image_72": "https:\/\/avatars.slack-edge.com\/2019-05-20\/634344238497_273d3745f7ae1b176b82_72.jpg",
            "first_name": "Charly",
            "real_name": "Charly",
            "display_name": "Charly",
            "team": "TJH5YU202",
            "name": "carles9000",
            "is_restricted": false,
            "is_ultra_restricted": false
        }
    },
    {
        "client_msg_id": "706bf462-1fc8-4c33-97c0-e69ec0b0fa7c",
        "type": "message",
        "text": ":slightly_smiling_face:",
        "user": "UJWR5N32S",
        "ts": "1564142926.227200",
        "team": "TJH5YU202",
        "user_team": "TJH5YU202",
        "source_team": "TJH5YU202",
        "user_profile": {
            "avatar_hash": "273d3745f7ae",
            "image_72": "https:\/\/avatars.slack-edge.com\/2019-05-20\/634344238497_273d3745f7ae1b176b82_72.jpg",
            "first_name": "Charly",
            "real_name": "Charly",
            "display_name": "Charly",
            "team": "TJH5YU202",
            "name": "carles9000",
            "is_restricted": false,
            "is_ultra_restricted": false
        }
    },
    {
        "client_msg_id": "92511f76-b9a1-4dfb-afae-829e7c7cf0ff",
        "type": "message",
        "text": "Ya direis...",
        "user": "UJWR5N32S",
        "ts": "1564142942.227500",
        "team": "TJH5YU202",
        "user_team": "TJH5YU202",
        "source_team": "TJH5YU202",
        "user_profile": {
            "avatar_hash": "273d3745f7ae",
            "image_72": "https:\/\/avatars.slack-edge.com\/2019-05-20\/634344238497_273d3745f7ae1b176b82_72.jpg",
            "first_name": "Charly",
            "real_name": "Charly",
            "display_name": "Charly",
            "team": "TJH5YU202",
            "name": "carles9000",
            "is_restricted": false,
            "is_ultra_restricted": false
        }
    },
    {
        "client_msg_id": "e7663fd9-4913-4922-888f-296711c6e839",
        "type": "message",
        "text": "Hola buenos días, hay reunión hoy?",
        "user": "UJUFNFMFE",
        "ts": "1564145790.228000",
        "team": "TJH5YU202",
        "user_team": "TJH5YU202",
        "source_team": "TJH5YU202",
        "user_profile": {
            "avatar_hash": "aa4e40c137f0",
            "image_72": "https:\/\/avatars.slack-edge.com\/2019-05-21\/630419446595_aa4e40c137f03c23b9cd_72.jpg",
            "first_name": "Marcelo",
            "real_name": "Marcelo Roggeri",
            "display_name": "Marcelo Roggeri",
            "team": "TJH5YU202",
            "name": "roggerimarcelo",
            "is_restricted": false,
            "is_ultra_restricted": false
        }
    },
    {
        "client_msg_id": "1bf6ce13-f417-48b6-b0cc-c9b0f25a13c4",
        "type": "message",
        "text": "A las 5 vscode y Charly se incorpora a las 6",
        "user": "UJN8D8U3B",
        "ts": "1564147858.228400",
        "team": "TJH5YU202",
        "user_team": "TJH5YU202",
        "source_team": "TJH5YU202",
        "user_profile": {
            "avatar_hash": "g92ad2abcc45",
            "image_72": "https:\/\/secure.gravatar.com\/avatar\/8492ad2abcc45ce53969adcf8420acde.jpg?s=72&d=https%3A%2F%2Fa.slack-edge.com%2F80588%2Fimg%2Favatars%2Fuser_shapes%2Fava_0008-72.png",
            "first_name": "",
            "real_name": "Antonio Linares",
            "display_name": "Antonio Linares",
            "team": "TJH5YU202",
            "name": "alinares",
            "is_restricted": false,
            "is_ultra_restricted": false
        }
    },
    {
        "client_msg_id": "c1c43263-c236-4ff5-8a02-ebf0a1f97731",
        "type": "message",
        "text": "ok gracias Antonio",
        "user": "UJUFNFMFE",
        "ts": "1564147889.228600",
        "team": "TJH5YU202",
        "user_team": "TJH5YU202",
        "source_team": "TJH5YU202",
        "user_profile": {
            "avatar_hash": "aa4e40c137f0",
            "image_72": "https:\/\/avatars.slack-edge.com\/2019-05-21\/630419446595_aa4e40c137f03c23b9cd_72.jpg",
            "first_name": "Marcelo",
            "real_name": "Marcelo Roggeri",
            "display_name": "Marcelo Roggeri",
            "team": "TJH5YU202",
            "name": "roggerimarcelo",
            "is_restricted": false,
            "is_ultra_restricted": false
        }
    },
    {
        "client_msg_id": "520500eb-788a-4073-b568-0be376ed83ce",
        "type": "message",
        "text": "quien sabe como iniciar la conferencia en skype ??",
        "user": "UJN8D8U3B",
        "ts": "1564147904.228900",
        "team": "TJH5YU202",
        "user_team": "TJH5YU202",
        "source_team": "TJH5YU202",
        "user_profile": {
            "avatar_hash": "g92ad2abcc45",
            "image_72": "https:\/\/secure.gravatar.com\/avatar\/8492ad2abcc45ce53969adcf8420acde.jpg?s=72&d=https%3A%2F%2Fa.slack-edge.com%2F80588%2Fimg%2Favatars%2Fuser_shapes%2Fava_0008-72.png",
            "first_name": "",
            "real_name": "Antonio Linares",
            "display_name": "Antonio Linares",
            "team": "TJH5YU202",
            "name": "alinares",
            "is_restricted": false,
            "is_ultra_restricted": false
        },
        "thread_ts": "1564147904.228900",
        "reply_count": 4,
        "reply_users_count": 1,
        "latest_reply": "1564147998.229600",
        "reply_users": [
            "UJUFNFMFE"
        ],
        "replies": [
            {
                "user": "UJUFNFMFE",
                "ts": "1564147951.229000"
            },
            {
                "user": "UJUFNFMFE",
                "ts": "1564147962.229200"
            },
            {
                "user": "UJUFNFMFE",
                "ts": "1564147976.229400"
            },
            {
                "user": "UJUFNFMFE",
                "ts": "1564147998.229600"
            }
        ],
        "subscribed": false
    },
    {
        "client_msg_id": "8436c889-51ce-4e43-99db-a17fe0f985e0",
        "type": "message",
        "text": "Antonio te debe haber quedado la llamada grupal en el historial",
        "user": "UJUFNFMFE",
        "ts": "1564147951.229000",
        "team": "TJH5YU202",
        "user_team": "TJH5YU202",
        "source_team": "TJH5YU202",
        "user_profile": {
            "avatar_hash": "aa4e40c137f0",
            "image_72": "https:\/\/avatars.slack-edge.com\/2019-05-21\/630419446595_aa4e40c137f03c23b9cd_72.jpg",
            "first_name": "Marcelo",
            "real_name": "Marcelo Roggeri",
            "display_name": "Marcelo Roggeri",
            "team": "TJH5YU202",
            "name": "roggerimarcelo",
            "is_restricted": false,
            "is_ultra_restricted": false
        },
        "thread_ts": "1564147904.228900",
        "parent_user_id": "UJN8D8U3B"
    },
    {
        "client_msg_id": "e1bd5620-50d9-4e0d-bf9a-b25b55d5341a",
        "type": "message",
        "text": "solo haces click en esa misma llamada",
        "user": "UJUFNFMFE",
        "ts": "1564147962.229200",
        "team": "TJH5YU202",
        "user_team": "TJH5YU202",
        "source_team": "TJH5YU202",
        "user_profile": {
            "avatar_hash": "aa4e40c137f0",
            "image_72": "https:\/\/avatars.slack-edge.com\/2019-05-21\/630419446595_aa4e40c137f03c23b9cd_72.jpg",
            "first_name": "Marcelo",
            "real_name": "Marcelo Roggeri",
            "display_name": "Marcelo Roggeri",
            "team": "TJH5YU202",
            "name": "roggerimarcelo",
            "is_restricted": false,
            "is_ultra_restricted": false
        },
        "thread_ts": "1564147904.228900",
        "parent_user_id": "UJN8D8U3B"
    },
    {
        "client_msg_id": "0fc39039-b2d4-40f1-90e7-8506c99c3129",
        "type": "message",
        "text": "y se van uniendo a medida que esten en linea",
        "user": "UJUFNFMFE",
        "ts": "1564147976.229400",
        "team": "TJH5YU202",
        "user_team": "TJH5YU202",
        "source_team": "TJH5YU202",
        "user_profile": {
            "avatar_hash": "aa4e40c137f0",
            "image_72": "https:\/\/avatars.slack-edge.com\/2019-05-21\/630419446595_aa4e40c137f03c23b9cd_72.jpg",
            "first_name": "Marcelo",
            "real_name": "Marcelo Roggeri",
            "display_name": "Marcelo Roggeri",
            "team": "TJH5YU202",
            "name": "roggerimarcelo",
            "is_restricted": false,
            "is_ultra_restricted": false
        },
        "thread_ts": "1564147904.228900",
        "parent_user_id": "UJN8D8U3B"
    },
    {
        "client_msg_id": "6db18bb5-b46d-4a79-a92d-ee148492111d",
        "type": "message",
        "text": "cualquier cosa me decis yo la inicio  no hay problemas",
        "user": "UJUFNFMFE",
        "ts": "1564147998.229600",
        "team": "TJH5YU202",
        "user_team": "TJH5YU202",
        "source_team": "TJH5YU202",
        "user_profile": {
            "avatar_hash": "aa4e40c137f0",
            "image_72": "https:\/\/avatars.slack-edge.com\/2019-05-21\/630419446595_aa4e40c137f03c23b9cd_72.jpg",
            "first_name": "Marcelo",
            "real_name": "Marcelo Roggeri",
            "display_name": "Marcelo Roggeri",
            "team": "TJH5YU202",
            "name": "roggerimarcelo",
            "is_restricted": false,
            "is_ultra_restricted": false
        },
        "thread_ts": "1564147904.228900",
        "parent_user_id": "UJN8D8U3B"
    },
    {
        "client_msg_id": "24a50f92-0285-432e-857a-c007815bc718",
        "type": "message",
        "text": "Antonio, buen dia. La van a grabar y despues compartir? :slightly_smiling_face:",
        "user": "UJRQZMTAM",
        "ts": "1564151371.230200",
        "team": "TJH5YU202",
        "user_team": "TJH5YU202",
        "source_team": "TJH5YU202",
        "user_profile": {
            "avatar_hash": "g15243ac9482",
            "image_72": "https:\/\/secure.gravatar.com\/avatar\/c615243ac94829d2b26193d3b89ec25d.jpg?s=72&d=https%3A%2F%2Fa.slack-edge.com%2F80588%2Fimg%2Favatars%2Fuser_shapes%2Fava_0022-72.png",
            "first_name": "",
            "real_name": "Diego F",
            "display_name": "Diego F",
            "team": "TJH5YU202",
            "name": "diegohfazio",
            "is_restricted": false,
            "is_ultra_restricted": false
        }
    },
    {
        "client_msg_id": "ab2b91b5-cdb2-4c9d-a10b-533376c03a0a",
        "type": "message",
        "text": "Si, a ver si es posible",
        "user": "UJN8D8U3B",
        "ts": "1564151943.230400",
        "team": "TJH5YU202",
        "user_team": "TJH5YU202",
        "source_team": "TJH5YU202",
        "user_profile": {
            "avatar_hash": "g92ad2abcc45",
            "image_72": "https:\/\/secure.gravatar.com\/avatar\/8492ad2abcc45ce53969adcf8420acde.jpg?s=72&d=https%3A%2F%2Fa.slack-edge.com%2F80588%2Fimg%2Favatars%2Fuser_shapes%2Fava_0008-72.png",
            "first_name": "",
            "real_name": "Antonio Linares",
            "display_name": "Antonio Linares",
            "team": "TJH5YU202",
            "name": "alinares",
            "is_restricted": false,
            "is_ultra_restricted": false
        }
    },
    {
        "client_msg_id": "25408f92-dbd5-4fbb-afad-228598d85d84",
        "type": "message",
        "text": "Esas ideoconferencias  no tienen precio. Son un autentico trasvase  de conocimiento :heart_eyes:",
        "user": "UJULQCHL5",
        "ts": "1564152750.233300",
        "team": "TJH5YU202",
        "user_team": "TJH5YU202",
        "source_team": "TJH5YU202",
        "user_profile": {
            "avatar_hash": "g7659142325a",
            "image_72": "https:\/\/secure.gravatar.com\/avatar\/c87659142325a3facb661d85281ec091.jpg?s=72&d=https%3A%2F%2Fa.slack-edge.com%2F80588%2Fimg%2Favatars%2Fuser_shapes%2Fava_0003-72.png",
            "first_name": "",
            "real_name": "Paquito",
            "display_name": "Paquito",
            "team": "TJH5YU202",
            "name": "hmpaquito",
            "is_restricted": false,
            "is_ultra_restricted": false
        }
    },
    {
        "client_msg_id": "0f2120b1-4ed0-43d4-8336-fc322147dd93",
        "type": "message",
        "text": "Antonio, coincido con <@UJULQCHL5>. En el primer video cuando te pusiste a hablar de los 20 años de Harbour y que existia la posibilidad de poder meterlo en Web, se me pianto una lagrima :sleepy:",
        "user": "UJRQZMTAM",
        "ts": "1564157549.235600",
        "team": "TJH5YU202",
        "user_team": "TJH5YU202",
        "source_team": "TJH5YU202",
        "user_profile": {
            "avatar_hash": "g15243ac9482",
            "image_72": "https:\/\/secure.gravatar.com\/avatar\/c615243ac94829d2b26193d3b89ec25d.jpg?s=72&d=https%3A%2F%2Fa.slack-edge.com%2F80588%2Fimg%2Favatars%2Fuser_shapes%2Fava_0022-72.png",
            "first_name": "",
            "real_name": "Diego F",
            "display_name": "Diego F",
            "team": "TJH5YU202",
            "name": "diegohfazio",
            "is_restricted": false,
            "is_ultra_restricted": false
        }
    },
    {
        "client_msg_id": "6347b93a-6dc2-46ac-a9c3-469817017003",
        "type": "message",
        "text": ":heart_eyes:",
        "user": "UJN8D8U3B",
        "ts": "1564161393.235800",
        "team": "TJH5YU202",
        "user_team": "TJH5YU202",
        "source_team": "TJH5YU202",
        "user_profile": {
            "avatar_hash": "g92ad2abcc45",
            "image_72": "https:\/\/secure.gravatar.com\/avatar\/8492ad2abcc45ce53969adcf8420acde.jpg?s=72&d=https%3A%2F%2Fa.slack-edge.com%2F80588%2Fimg%2Favatars%2Fuser_shapes%2Fava_0008-72.png",
            "first_name": "",
            "real_name": "Antonio Linares",
            "display_name": "Antonio Linares",
            "team": "TJH5YU202",
            "name": "alinares",
            "is_restricted": false,
            "is_ultra_restricted": false
        }
    },
    {
        "client_msg_id": "FC4F118A-1103-40FB-8B2D-3CAA6FCC7635",
        "type": "message",
        "text": "Tengo la sensación de asistir a algo grande",
        "user": "UJH8DPY58",
        "ts": "1564161501.236600",
        "team": "TJH5YU202",
        "user_team": "TJH5YU202",
        "source_team": "TJH5YU202",
        "user_profile": {
            "avatar_hash": "g1cac88c496c",
            "image_72": "https:\/\/secure.gravatar.com\/avatar\/451cac88c496c2cec0b934a281b6eb94.jpg?s=72&d=https%3A%2F%2Fa.slack-edge.com%2F80588%2Fimg%2Favatars%2Fuser_shapes%2Fava_0020-72.png",
            "first_name": "",
            "real_name": "Juan Pastor",
            "display_name": "",
            "team": "TJH5YU202",
            "name": "jpastor68",
            "is_restricted": false,
            "is_ultra_restricted": false
        }
    },
    {
        "client_msg_id": "634060d5-bce0-47f6-ad2a-4edf0435faf8",
        "type": "message",
        "text": "<@UJH8DPY58>  Paciencia soci.... :wink:",
        "user": "UJWR5N32S",
        "ts": "1564165569.237400",
        "team": "TJH5YU202",
        "user_team": "TJH5YU202",
        "source_team": "TJH5YU202",
        "user_profile": {
            "avatar_hash": "273d3745f7ae",
            "image_72": "https:\/\/avatars.slack-edge.com\/2019-05-20\/634344238497_273d3745f7ae1b176b82_72.jpg",
            "first_name": "Charly",
            "real_name": "Charly",
            "display_name": "Charly",
            "team": "TJH5YU202",
            "name": "carles9000",
            "is_restricted": false,
            "is_ultra_restricted": false
        }
    },
    {
        "client_msg_id": "4dbb5569-3631-42aa-a495-f659d3a6541a",
        "type": "message",
        "text": "Amigos por si algún día se cansa el slack sugiero que se den de alta en skype para que no se pierda el grupo.",
        "user": "UK28N3CER",
        "ts": "1564181277.238300",
        "team": "TJH5YU202",
        "user_team": "TJH5YU202",
        "source_team": "TJH5YU202",
        "user_profile": {
            "avatar_hash": "3fec6e3393a8",
            "image_72": "https:\/\/avatars.slack-edge.com\/2019-08-17\/723363154273_3fec6e3393a86fb3e470_72.jpg",
            "first_name": "",
            "real_name": "Cesar SysCtrl Software",
            "display_name": "Cesar SysCtrl Software",
            "team": "TJH5YU202",
            "name": "sysctrlsoftware",
            "is_restricted": false,
            "is_ultra_restricted": false
        }
    },
    {
        "client_msg_id": "a91dd13e-6572-49d1-8815-3239fb5257fb",
        "type": "message",
        "text": "<https:\/\/youtu.be\/QQ7VgyGrl5Q>",
        "user": "UJN8D8U3B",
        "ts": "1564196480.238500",
        "team": "TJH5YU202",
        "user_team": "TJH5YU202",
        "source_team": "TJH5YU202",
        "user_profile": {
            "avatar_hash": "g92ad2abcc45",
            "image_72": "https:\/\/secure.gravatar.com\/avatar\/8492ad2abcc45ce53969adcf8420acde.jpg?s=72&d=https%3A%2F%2Fa.slack-edge.com%2F80588%2Fimg%2Favatars%2Fuser_shapes%2Fava_0008-72.png",
            "first_name": "",
            "real_name": "Antonio Linares",
            "display_name": "Antonio Linares",
            "team": "TJH5YU202",
            "name": "alinares",
            "is_restricted": false,
            "is_ultra_restricted": false
        },
        "attachments": [
            {
                "service_name": "YouTube",
                "service_url": "https:\/\/www.youtube.com\/",
                "title": "HWeb-mod-harbour 4° Reunión",
                "title_link": "https:\/\/youtu.be\/QQ7VgyGrl5Q",
                "author_name": "Marcelo Roggeri",
                "author_link": "https:\/\/www.youtube.com\/channel\/UCLcisQQ4C6CrFp3Hkvt7FRA",
                "thumb_url": "https:\/\/i.ytimg.com\/vi\/QQ7VgyGrl5Q\/hqdefault.jpg",
                "thumb_width": 480,
                "thumb_height": 360,
                "fallback": "YouTube Video: HWeb-mod-harbour 4° Reunión",
                "video_html": "<iframe width=\"400\" height=\"225\" src=\"https:\/\/www.youtube.com\/embed\/QQ7VgyGrl5Q?feature=oembed&autoplay=1&iv_load_policy=3\" frameborder=\"0\" allow=\"accelerometer; autoplay; encrypted-media; gyroscope; picture-in-picture\" allowfullscreen><\/iframe>",
                "video_html_width": 400,
                "video_html_height": 225,
                "from_url": "https:\/\/youtu.be\/QQ7VgyGrl5Q",
                "service_icon": "https:\/\/a.slack-edge.com\/2089\/img\/unfurl_icons\/youtube.png",
                "id": 1,
                "original_url": "https:\/\/youtu.be\/QQ7VgyGrl5Q"
            }
        ]
    }
]