[
    {
        "type": "message",
        "text": "nice comments about mod_harbour",
        "files": [
            {
                "id": "FMBCY3VK8",
                "created": 1565594497,
                "timestamp": 1565594497,
                "name": "image.png",
                "title": "image.png",
                "mimetype": "image\/png",
                "filetype": "png",
                "pretty_type": "PNG",
                "user": "UJN8D8U3B",
                "editable": false,
                "size": 412973,
                "mode": "hosted",
                "is_external": false,
                "external_type": "",
                "is_public": true,
                "public_url_shared": false,
                "display_as_bot": false,
                "username": "",
                "url_private": "https:\/\/files.slack.com\/files-pri\/TJH5YU202-FMBCY3VK8\/image.png?t=xoxe-629202954002-776688371669-763909703378-01ffaa4c4eeda75ea92ad255b32a04e5",
                "url_private_download": "https:\/\/files.slack.com\/files-pri\/TJH5YU202-FMBCY3VK8\/download\/image.png?t=xoxe-629202954002-776688371669-763909703378-01ffaa4c4eeda75ea92ad255b32a04e5",
                "thumb_64": "https:\/\/files.slack.com\/files-tmb\/TJH5YU202-FMBCY3VK8-b77ab0ebdf\/image_64.png?t=xoxe-629202954002-776688371669-763909703378-01ffaa4c4eeda75ea92ad255b32a04e5",
                "thumb_80": "https:\/\/files.slack.com\/files-tmb\/TJH5YU202-FMBCY3VK8-b77ab0ebdf\/image_80.png?t=xoxe-629202954002-776688371669-763909703378-01ffaa4c4eeda75ea92ad255b32a04e5",
                "thumb_360": "https:\/\/files.slack.com\/files-tmb\/TJH5YU202-FMBCY3VK8-b77ab0ebdf\/image_360.png?t=xoxe-629202954002-776688371669-763909703378-01ffaa4c4eeda75ea92ad255b32a04e5",
                "thumb_360_w": 324,
                "thumb_360_h": 360,
                "thumb_480": "https:\/\/files.slack.com\/files-tmb\/TJH5YU202-FMBCY3VK8-b77ab0ebdf\/image_480.png?t=xoxe-629202954002-776688371669-763909703378-01ffaa4c4eeda75ea92ad255b32a04e5",
                "thumb_480_w": 432,
                "thumb_480_h": 480,
                "thumb_160": "https:\/\/files.slack.com\/files-tmb\/TJH5YU202-FMBCY3VK8-b77ab0ebdf\/image_160.png?t=xoxe-629202954002-776688371669-763909703378-01ffaa4c4eeda75ea92ad255b32a04e5",
                "thumb_720": "https:\/\/files.slack.com\/files-tmb\/TJH5YU202-FMBCY3VK8-b77ab0ebdf\/image_720.png?t=xoxe-629202954002-776688371669-763909703378-01ffaa4c4eeda75ea92ad255b32a04e5",
                "thumb_720_w": 648,
                "thumb_720_h": 720,
                "thumb_800": "https:\/\/files.slack.com\/files-tmb\/TJH5YU202-FMBCY3VK8-b77ab0ebdf\/image_800.png?t=xoxe-629202954002-776688371669-763909703378-01ffaa4c4eeda75ea92ad255b32a04e5",
                "thumb_800_w": 800,
                "thumb_800_h": 889,
                "thumb_960": "https:\/\/files.slack.com\/files-tmb\/TJH5YU202-FMBCY3VK8-b77ab0ebdf\/image_960.png?t=xoxe-629202954002-776688371669-763909703378-01ffaa4c4eeda75ea92ad255b32a04e5",
                "thumb_960_w": 863,
                "thumb_960_h": 960,
                "thumb_1024": "https:\/\/files.slack.com\/files-tmb\/TJH5YU202-FMBCY3VK8-b77ab0ebdf\/image_1024.png?t=xoxe-629202954002-776688371669-763909703378-01ffaa4c4eeda75ea92ad255b32a04e5",
                "thumb_1024_w": 921,
                "thumb_1024_h": 1024,
                "image_exif_rotation": 1,
                "original_w": 1020,
                "original_h": 1134,
                "permalink": "https:\/\/harbourproject.slack.com\/files\/UJN8D8U3B\/FMBCY3VK8\/image.png",
                "permalink_public": "https:\/\/slack-files.com\/TJH5YU202-FMBCY3VK8-46db4b82db",
                "is_starred": false,
                "has_rich_preview": false
            }
        ],
        "upload": true,
        "user": "UJN8D8U3B",
        "display_as_bot": false,
        "ts": "1565594502.335900",
        "client_msg_id": "2d8bb467-2be3-49af-a766-942adc1e04d6"
    },
    {
        "client_msg_id": "1c2b0b76-f0bc-4f89-933b-2400f018f063",
        "type": "message",
        "text": "docPHPsave.txt\t   764.989\t12.08.2019 09:35\t-a--\ndocmodharbour.txt\t8.188\t12.08.2019 09:35\t-a--",
        "user": "UJHD6A81H",
        "ts": "1565597640.336300",
        "team": "TJH5YU202",
        "user_team": "TJH5YU202",
        "source_team": "TJH5YU202",
        "user_profile": {
            "avatar_hash": "g6b8073e00e9",
            "image_72": "https:\/\/secure.gravatar.com\/avatar\/b96b8073e00e9eb02bcf05bc1418eb3a.jpg?s=72&d=https%3A%2F%2Fa.slack-edge.com%2F80588%2Fimg%2Favatars%2Fuser_shapes%2Fava_0021-72.png",
            "first_name": "Otto",
            "real_name": "Otto Atzwanger",
            "display_name": "Otto",
            "team": "TJH5YU202",
            "name": "otto",
            "is_restricted": false,
            "is_ultra_restricted": false
        }
    },
    {
        "client_msg_id": "a3c1bfad-fc1e-4b20-ad66-88a6186b5206",
        "type": "message",
        "text": "Dear Antonio, as I told you yesterday upload.prg is cutting the text. Please compare size of the 2 files.",
        "user": "UJHD6A81H",
        "ts": "1565597723.337400",
        "team": "TJH5YU202",
        "user_team": "TJH5YU202",
        "source_team": "TJH5YU202",
        "user_profile": {
            "avatar_hash": "g6b8073e00e9",
            "image_72": "https:\/\/secure.gravatar.com\/avatar\/b96b8073e00e9eb02bcf05bc1418eb3a.jpg?s=72&d=https%3A%2F%2Fa.slack-edge.com%2F80588%2Fimg%2Favatars%2Fuser_shapes%2Fava_0021-72.png",
            "first_name": "Otto",
            "real_name": "Otto Atzwanger",
            "display_name": "Otto",
            "team": "TJH5YU202",
            "name": "otto",
            "is_restricted": false,
            "is_ultra_restricted": false
        }
    },
    {
        "client_msg_id": "38c4a6ae-33b4-453c-b53e-9d5a9e231ce7",
        "type": "message",
        "text": "simply do this from upload.prg:",
        "user": "UJN8D8U3B",
        "ts": "1565597814.337700",
        "team": "TJH5YU202",
        "user_team": "TJH5YU202",
        "source_team": "TJH5YU202",
        "user_profile": {
            "avatar_hash": "g92ad2abcc45",
            "image_72": "https:\/\/secure.gravatar.com\/avatar\/8492ad2abcc45ce53969adcf8420acde.jpg?s=72&d=https%3A%2F%2Fa.slack-edge.com%2F80588%2Fimg%2Favatars%2Fuser_shapes%2Fava_0008-72.png",
            "first_name": "",
            "real_name": "Antonio Linares",
            "display_name": "Antonio Linares",
            "team": "TJH5YU202",
            "name": "alinares",
            "is_restricted": false,
            "is_ultra_restricted": false
        }
    },
    {
        "client_msg_id": "37b4fed2-440a-48af-8904-36c75996d6d5",
        "type": "message",
        "text": "? AP_PostPairs()",
        "user": "UJN8D8U3B",
        "ts": "1565597818.337900",
        "team": "TJH5YU202",
        "user_team": "TJH5YU202",
        "source_team": "TJH5YU202",
        "user_profile": {
            "avatar_hash": "g92ad2abcc45",
            "image_72": "https:\/\/secure.gravatar.com\/avatar\/8492ad2abcc45ce53969adcf8420acde.jpg?s=72&d=https%3A%2F%2Fa.slack-edge.com%2F80588%2Fimg%2Favatars%2Fuser_shapes%2Fava_0008-72.png",
            "first_name": "",
            "real_name": "Antonio Linares",
            "display_name": "Antonio Linares",
            "team": "TJH5YU202",
            "name": "alinares",
            "is_restricted": false,
            "is_ultra_restricted": false
        }
    },
    {
        "client_msg_id": "5d9f9c80-5d64-43dd-8c8d-d01d9fd79023",
        "type": "message",
        "text": "just show what arrives",
        "user": "UJN8D8U3B",
        "ts": "1565597830.338200",
        "team": "TJH5YU202",
        "user_team": "TJH5YU202",
        "source_team": "TJH5YU202",
        "user_profile": {
            "avatar_hash": "g92ad2abcc45",
            "image_72": "https:\/\/secure.gravatar.com\/avatar\/8492ad2abcc45ce53969adcf8420acde.jpg?s=72&d=https%3A%2F%2Fa.slack-edge.com%2F80588%2Fimg%2Favatars%2Fuser_shapes%2Fava_0008-72.png",
            "first_name": "",
            "real_name": "Antonio Linares",
            "display_name": "Antonio Linares",
            "team": "TJH5YU202",
            "name": "alinares",
            "is_restricted": false,
            "is_ultra_restricted": false
        }
    },
    {
        "client_msg_id": "40e7b0ff-ee34-41a3-b32b-60011b65fb00",
        "type": "message",
        "text": "function Main() ; ? AP_PostPairs() ; return nil",
        "user": "UJN8D8U3B",
        "ts": "1565597862.338700",
        "team": "TJH5YU202",
        "user_team": "TJH5YU202",
        "source_team": "TJH5YU202",
        "user_profile": {
            "avatar_hash": "g92ad2abcc45",
            "image_72": "https:\/\/secure.gravatar.com\/avatar\/8492ad2abcc45ce53969adcf8420acde.jpg?s=72&d=https%3A%2F%2Fa.slack-edge.com%2F80588%2Fimg%2Favatars%2Fuser_shapes%2Fava_0008-72.png",
            "first_name": "",
            "real_name": "Antonio Linares",
            "display_name": "Antonio Linares",
            "team": "TJH5YU202",
            "name": "alinares",
            "is_restricted": false,
            "is_ultra_restricted": false
        }
    },
    {
        "type": "message",
        "text": "",
        "files": [
            {
                "id": "FMB5T9487",
                "created": 1565598153,
                "timestamp": 1565598153,
                "name": "grafik.png",
                "title": "grafik.png",
                "mimetype": "image\/png",
                "filetype": "png",
                "pretty_type": "PNG",
                "user": "UJHD6A81H",
                "editable": false,
                "size": 168318,
                "mode": "hosted",
                "is_external": false,
                "external_type": "",
                "is_public": true,
                "public_url_shared": false,
                "display_as_bot": false,
                "username": "",
                "url_private": "https:\/\/files.slack.com\/files-pri\/TJH5YU202-FMB5T9487\/grafik.png?t=xoxe-629202954002-776688371669-763909703378-01ffaa4c4eeda75ea92ad255b32a04e5",
                "url_private_download": "https:\/\/files.slack.com\/files-pri\/TJH5YU202-FMB5T9487\/download\/grafik.png?t=xoxe-629202954002-776688371669-763909703378-01ffaa4c4eeda75ea92ad255b32a04e5",
                "thumb_64": "https:\/\/files.slack.com\/files-tmb\/TJH5YU202-FMB5T9487-dd21e111bf\/grafik_64.png?t=xoxe-629202954002-776688371669-763909703378-01ffaa4c4eeda75ea92ad255b32a04e5",
                "thumb_80": "https:\/\/files.slack.com\/files-tmb\/TJH5YU202-FMB5T9487-dd21e111bf\/grafik_80.png?t=xoxe-629202954002-776688371669-763909703378-01ffaa4c4eeda75ea92ad255b32a04e5",
                "thumb_360": "https:\/\/files.slack.com\/files-tmb\/TJH5YU202-FMB5T9487-dd21e111bf\/grafik_360.png?t=xoxe-629202954002-776688371669-763909703378-01ffaa4c4eeda75ea92ad255b32a04e5",
                "thumb_360_w": 360,
                "thumb_360_h": 127,
                "thumb_480": "https:\/\/files.slack.com\/files-tmb\/TJH5YU202-FMB5T9487-dd21e111bf\/grafik_480.png?t=xoxe-629202954002-776688371669-763909703378-01ffaa4c4eeda75ea92ad255b32a04e5",
                "thumb_480_w": 480,
                "thumb_480_h": 169,
                "thumb_160": "https:\/\/files.slack.com\/files-tmb\/TJH5YU202-FMB5T9487-dd21e111bf\/grafik_160.png?t=xoxe-629202954002-776688371669-763909703378-01ffaa4c4eeda75ea92ad255b32a04e5",
                "thumb_720": "https:\/\/files.slack.com\/files-tmb\/TJH5YU202-FMB5T9487-dd21e111bf\/grafik_720.png?t=xoxe-629202954002-776688371669-763909703378-01ffaa4c4eeda75ea92ad255b32a04e5",
                "thumb_720_w": 720,
                "thumb_720_h": 253,
                "thumb_800": "https:\/\/files.slack.com\/files-tmb\/TJH5YU202-FMB5T9487-dd21e111bf\/grafik_800.png?t=xoxe-629202954002-776688371669-763909703378-01ffaa4c4eeda75ea92ad255b32a04e5",
                "thumb_800_w": 800,
                "thumb_800_h": 281,
                "thumb_960": "https:\/\/files.slack.com\/files-tmb\/TJH5YU202-FMB5T9487-dd21e111bf\/grafik_960.png?t=xoxe-629202954002-776688371669-763909703378-01ffaa4c4eeda75ea92ad255b32a04e5",
                "thumb_960_w": 960,
                "thumb_960_h": 338,
                "thumb_1024": "https:\/\/files.slack.com\/files-tmb\/TJH5YU202-FMB5T9487-dd21e111bf\/grafik_1024.png?t=xoxe-629202954002-776688371669-763909703378-01ffaa4c4eeda75ea92ad255b32a04e5",
                "thumb_1024_w": 1024,
                "thumb_1024_h": 360,
                "image_exif_rotation": 1,
                "original_w": 1496,
                "original_h": 526,
                "permalink": "https:\/\/harbourproject.slack.com\/files\/UJHD6A81H\/FMB5T9487\/grafik.png",
                "permalink_public": "https:\/\/slack-files.com\/TJH5YU202-FMB5T9487-c96347701e",
                "is_starred": false,
                "has_rich_preview": false
            }
        ],
        "upload": true,
        "user": "UJHD6A81H",
        "display_as_bot": false,
        "ts": "1565598156.338800",
        "client_msg_id": "38fe520f-80bc-4729-80cc-2cd871ffd475"
    },
    {
        "client_msg_id": "336e3c8a-3b5e-46b1-b5e6-f6c1f6bcd11e",
        "type": "message",
        "text": "the string &lt;br&gt;  &lt;br&gt; &lt;p&gt;&lt;\/p&gt;&lt;p&gt;&lt;img src=\"data:image\/png;base64,iVBORw0KGgoAAAANSUhEUgAAAvkA...   is about 11k",
        "user": "UJHD6A81H",
        "ts": "1565598210.339500",
        "team": "TJH5YU202",
        "user_team": "TJH5YU202",
        "source_team": "TJH5YU202",
        "user_profile": {
            "avatar_hash": "g6b8073e00e9",
            "image_72": "https:\/\/secure.gravatar.com\/avatar\/b96b8073e00e9eb02bcf05bc1418eb3a.jpg?s=72&d=https%3A%2F%2Fa.slack-edge.com%2F80588%2Fimg%2Favatars%2Fuser_shapes%2Fava_0021-72.png",
            "first_name": "Otto",
            "real_name": "Otto Atzwanger",
            "display_name": "Otto",
            "team": "TJH5YU202",
            "name": "otto",
            "is_restricted": false,
            "is_ultra_restricted": false
        }
    },
    {
        "type": "message",
        "subtype": "thread_broadcast",
        "text": "Dejan, it's fantastic. We are building WDO that we will use to connect to different databases. If you give us information about your tests we can try to make postgresql part of WDO",
        "user": "UJWR5N32S",
        "ts": "1565599707.339600",
        "thread_ts": "1565554304.328100",
        "root": {
            "client_msg_id": "0ba9a34e-8002-447b-aaab-eb77cf80e07a",
            "type": "message",
            "text": "YES! It works perfect :)",
            "user": "UJNEM6G7K",
            "ts": "1565554304.328100",
            "team": "TJH5YU202",
            "thread_ts": "1565554304.328100",
            "reply_count": 2,
            "reply_users_count": 2,
            "latest_reply": "1565647372.361400",
            "reply_users": [
                "UJWR5N32S",
                "UJNEM6G7K"
            ],
            "replies": [
                {
                    "user": "UJWR5N32S",
                    "ts": "1565599707.339600"
                },
                {
                    "user": "UJNEM6G7K",
                    "ts": "1565647372.361400"
                }
            ],
            "subscribed": false
        },
        "client_msg_id": "e9906f1e-c0fd-4f00-9f82-be58fccdbe44"
    },
    {
        "client_msg_id": "6a89fa3e-705c-4d2d-a7bc-7251c8e662b1",
        "type": "message",
        "text": "Dear Antonio, also  ?  AP_Body() only shows about 11 KB and the picture is more than 800kb.",
        "user": "UJHD6A81H",
        "ts": "1565603173.340900",
        "team": "TJH5YU202",
        "user_team": "TJH5YU202",
        "source_team": "TJH5YU202",
        "user_profile": {
            "avatar_hash": "g6b8073e00e9",
            "image_72": "https:\/\/secure.gravatar.com\/avatar\/b96b8073e00e9eb02bcf05bc1418eb3a.jpg?s=72&d=https%3A%2F%2Fa.slack-edge.com%2F80588%2Fimg%2Favatars%2Fuser_shapes%2Fava_0021-72.png",
            "first_name": "Otto",
            "real_name": "Otto Atzwanger",
            "display_name": "Otto",
            "team": "TJH5YU202",
            "name": "otto",
            "is_restricted": false,
            "is_ultra_restricted": false
        }
    },
    {
        "client_msg_id": "490b549a-ea73-4cf5-9bb8-9a3e0d82a4df",
        "type": "message",
        "text": "Otto could you test it locally ?",
        "user": "UJN8D8U3B",
        "ts": "1565603860.341200",
        "team": "TJH5YU202",
        "user_team": "TJH5YU202",
        "source_team": "TJH5YU202",
        "user_profile": {
            "avatar_hash": "g92ad2abcc45",
            "image_72": "https:\/\/secure.gravatar.com\/avatar\/8492ad2abcc45ce53969adcf8420acde.jpg?s=72&d=https%3A%2F%2Fa.slack-edge.com%2F80588%2Fimg%2Favatars%2Fuser_shapes%2Fava_0008-72.png",
            "first_name": "",
            "real_name": "Antonio Linares",
            "display_name": "Antonio Linares",
            "team": "TJH5YU202",
            "name": "alinares",
            "is_restricted": false,
            "is_ultra_restricted": false
        }
    },
    {
        "client_msg_id": "c5122dbb-0fb9-4cf8-9c1b-61294cd016c4",
        "type": "message",
        "text": "Dejan, as Charly says, we do appreciate if you help us to provide postgresql support to mod_harbour WDO :+1:",
        "user": "UJN8D8U3B",
        "ts": "1565603931.342400",
        "team": "TJH5YU202",
        "user_team": "TJH5YU202",
        "source_team": "TJH5YU202",
        "user_profile": {
            "avatar_hash": "g92ad2abcc45",
            "image_72": "https:\/\/secure.gravatar.com\/avatar\/8492ad2abcc45ce53969adcf8420acde.jpg?s=72&d=https%3A%2F%2Fa.slack-edge.com%2F80588%2Fimg%2Favatars%2Fuser_shapes%2Fava_0008-72.png",
            "first_name": "",
            "real_name": "Antonio Linares",
            "display_name": "Antonio Linares",
            "team": "TJH5YU202",
            "name": "alinares",
            "is_restricted": false,
            "is_ultra_restricted": false
        }
    },
    {
        "client_msg_id": "0b8589ee-1d1e-494a-8d16-bd876b33408a",
        "type": "message",
        "text": "Dear Antonio, no changes.",
        "user": "UJHD6A81H",
        "ts": "1565604425.342700",
        "team": "TJH5YU202",
        "user_team": "TJH5YU202",
        "source_team": "TJH5YU202",
        "user_profile": {
            "avatar_hash": "g6b8073e00e9",
            "image_72": "https:\/\/secure.gravatar.com\/avatar\/b96b8073e00e9eb02bcf05bc1418eb3a.jpg?s=72&d=https%3A%2F%2Fa.slack-edge.com%2F80588%2Fimg%2Favatars%2Fuser_shapes%2Fava_0021-72.png",
            "first_name": "Otto",
            "real_name": "Otto Atzwanger",
            "display_name": "Otto",
            "team": "TJH5YU202",
            "name": "otto",
            "is_restricted": false,
            "is_ultra_restricted": false
        }
    },
    {
        "client_msg_id": "792484c7-3792-495c-8f03-7a89d4abe001",
        "type": "message",
        "text": "docSAVEPHP.txt\t764.992\t12.08.2019 12:05\t-a--\ndocmodHarbour.txt\t81.916\t12.08.2019 12:05\t-a--",
        "user": "UJHD6A81H",
        "ts": "1565604426.342900",
        "team": "TJH5YU202",
        "user_team": "TJH5YU202",
        "source_team": "TJH5YU202",
        "user_profile": {
            "avatar_hash": "g6b8073e00e9",
            "image_72": "https:\/\/secure.gravatar.com\/avatar\/b96b8073e00e9eb02bcf05bc1418eb3a.jpg?s=72&d=https%3A%2F%2Fa.slack-edge.com%2F80588%2Fimg%2Favatars%2Fuser_shapes%2Fava_0021-72.png",
            "first_name": "Otto",
            "real_name": "Otto Atzwanger",
            "display_name": "Otto",
            "team": "TJH5YU202",
            "name": "otto",
            "is_restricted": false,
            "is_ultra_restricted": false
        }
    },
    {
        "client_msg_id": "4d1e04bf-774e-450f-ad1c-a5578338a0ad",
        "type": "message",
        "text": "how do you send the data ?",
        "user": "UJN8D8U3B",
        "ts": "1565604559.343200",
        "team": "TJH5YU202",
        "user_team": "TJH5YU202",
        "source_team": "TJH5YU202",
        "user_profile": {
            "avatar_hash": "g92ad2abcc45",
            "image_72": "https:\/\/secure.gravatar.com\/avatar\/8492ad2abcc45ce53969adcf8420acde.jpg?s=72&d=https%3A%2F%2Fa.slack-edge.com%2F80588%2Fimg%2Favatars%2Fuser_shapes%2Fava_0008-72.png",
            "first_name": "",
            "real_name": "Antonio Linares",
            "display_name": "Antonio Linares",
            "team": "TJH5YU202",
            "name": "alinares",
            "is_restricted": false,
            "is_ultra_restricted": false
        }
    },
    {
        "client_msg_id": "788a2605-74fc-46a6-9ea2-b5a30642f91b",
        "type": "message",
        "text": "In the above test, do you send the data the same way ?",
        "user": "UJN8D8U3B",
        "ts": "1565604589.343600",
        "team": "TJH5YU202",
        "user_team": "TJH5YU202",
        "source_team": "TJH5YU202",
        "user_profile": {
            "avatar_hash": "g92ad2abcc45",
            "image_72": "https:\/\/secure.gravatar.com\/avatar\/8492ad2abcc45ce53969adcf8420acde.jpg?s=72&d=https%3A%2F%2Fa.slack-edge.com%2F80588%2Fimg%2Favatars%2Fuser_shapes%2Fava_0008-72.png",
            "first_name": "",
            "real_name": "Antonio Linares",
            "display_name": "Antonio Linares",
            "team": "TJH5YU202",
            "name": "alinares",
            "is_restricted": false,
            "is_ultra_restricted": false
        }
    },
    {
        "type": "message",
        "text": "",
        "files": [
            {
                "id": "FM9CUNHC5",
                "created": 1565605090,
                "timestamp": 1565605090,
                "name": "text.zip",
                "title": "text.zip",
                "mimetype": "application\/zip",
                "filetype": "zip",
                "pretty_type": "Zip",
                "user": "UJHD6A81H",
                "editable": false,
                "size": 1858345,
                "mode": "hosted",
                "is_external": false,
                "external_type": "",
                "is_public": true,
                "public_url_shared": false,
                "display_as_bot": false,
                "username": "",
                "url_private": "https:\/\/files.slack.com\/files-pri\/TJH5YU202-FM9CUNHC5\/text.zip?t=xoxe-629202954002-776688371669-763909703378-01ffaa4c4eeda75ea92ad255b32a04e5",
                "url_private_download": "https:\/\/files.slack.com\/files-pri\/TJH5YU202-FM9CUNHC5\/download\/text.zip?t=xoxe-629202954002-776688371669-763909703378-01ffaa4c4eeda75ea92ad255b32a04e5",
                "permalink": "https:\/\/harbourproject.slack.com\/files\/UJHD6A81H\/FM9CUNHC5\/text.zip",
                "permalink_public": "https:\/\/slack-files.com\/TJH5YU202-FM9CUNHC5-524c222e1a",
                "is_starred": false,
                "has_rich_preview": false
            }
        ],
        "upload": true,
        "user": "UJHD6A81H",
        "display_as_bot": false,
        "ts": "1565605090.343700",
        "client_msg_id": "a98359f3-ac99-4d9e-b364-a62314722024"
    },
    {
        "client_msg_id": "463e48e1-9587-4485-a9bf-57f6f3186ee6",
        "type": "message",
        "text": "Dear Antonio, I must give up. I am now trying since Saturday. save.php is working  with an encoding problem which I resolved through strtran() function.",
        "user": "UJHD6A81H",
        "ts": "1565605183.345600",
        "team": "TJH5YU202",
        "user_team": "TJH5YU202",
        "source_team": "TJH5YU202",
        "user_profile": {
            "avatar_hash": "g6b8073e00e9",
            "image_72": "https:\/\/secure.gravatar.com\/avatar\/b96b8073e00e9eb02bcf05bc1418eb3a.jpg?s=72&d=https%3A%2F%2Fa.slack-edge.com%2F80588%2Fimg%2Favatars%2Fuser_shapes%2Fava_0021-72.png",
            "first_name": "Otto",
            "real_name": "Otto Atzwanger",
            "display_name": "Otto",
            "team": "TJH5YU202",
            "name": "otto",
            "is_restricted": false,
            "is_ultra_restricted": false
        }
    },
    {
        "client_msg_id": "32631935-11f7-4954-a84f-b233da629f0f",
        "type": "message",
        "text": "upload.prg does only upload 10% - format would be OK.",
        "user": "UJHD6A81H",
        "ts": "1565605213.346400",
        "team": "TJH5YU202",
        "user_team": "TJH5YU202",
        "source_team": "TJH5YU202",
        "user_profile": {
            "avatar_hash": "g6b8073e00e9",
            "image_72": "https:\/\/secure.gravatar.com\/avatar\/b96b8073e00e9eb02bcf05bc1418eb3a.jpg?s=72&d=https%3A%2F%2Fa.slack-edge.com%2F80588%2Fimg%2Favatars%2Fuser_shapes%2Fava_0021-72.png",
            "first_name": "Otto",
            "real_name": "Otto Atzwanger",
            "display_name": "Otto",
            "team": "TJH5YU202",
            "name": "otto",
            "is_restricted": false,
            "is_ultra_restricted": false
        }
    },
    {
        "client_msg_id": "c817f3b6-7468-43ca-855b-3f6f1081a391",
        "type": "message",
        "text": "Maybe you find some time to help me  - a WYSYWIG editor would be fine for mod harbour.",
        "user": "UJHD6A81H",
        "ts": "1565605277.347400",
        "team": "TJH5YU202",
        "user_team": "TJH5YU202",
        "source_team": "TJH5YU202",
        "user_profile": {
            "avatar_hash": "g6b8073e00e9",
            "image_72": "https:\/\/secure.gravatar.com\/avatar\/b96b8073e00e9eb02bcf05bc1418eb3a.jpg?s=72&d=https%3A%2F%2Fa.slack-edge.com%2F80588%2Fimg%2Favatars%2Fuser_shapes%2Fava_0021-72.png",
            "first_name": "Otto",
            "real_name": "Otto Atzwanger",
            "display_name": "Otto",
            "team": "TJH5YU202",
            "name": "otto",
            "is_restricted": false,
            "is_ultra_restricted": false
        }
    },
    {
        "client_msg_id": "a5845bbc-32d2-400b-bafb-71cffde337be",
        "type": "message",
        "text": "Otto please provide me postpairs2.prg too",
        "user": "UJN8D8U3B",
        "ts": "1565605473.348100",
        "team": "TJH5YU202",
        "user_team": "TJH5YU202",
        "source_team": "TJH5YU202",
        "user_profile": {
            "avatar_hash": "g92ad2abcc45",
            "image_72": "https:\/\/secure.gravatar.com\/avatar\/8492ad2abcc45ce53969adcf8420acde.jpg?s=72&d=https%3A%2F%2Fa.slack-edge.com%2F80588%2Fimg%2Favatars%2Fuser_shapes%2Fava_0008-72.png",
            "first_name": "",
            "real_name": "Antonio Linares",
            "display_name": "Antonio Linares",
            "team": "TJH5YU202",
            "name": "alinares",
            "is_restricted": false,
            "is_ultra_restricted": false
        }
    },
    {
        "client_msg_id": "30987544-de3c-4f60-9976-66192bc2624f",
        "type": "message",
        "text": "Thank you. It is all inside the zip file",
        "user": "UJHD6A81H",
        "ts": "1565605525.348900",
        "team": "TJH5YU202",
        "user_team": "TJH5YU202",
        "source_team": "TJH5YU202",
        "user_profile": {
            "avatar_hash": "g6b8073e00e9",
            "image_72": "https:\/\/secure.gravatar.com\/avatar\/b96b8073e00e9eb02bcf05bc1418eb3a.jpg?s=72&d=https%3A%2F%2Fa.slack-edge.com%2F80588%2Fimg%2Favatars%2Fuser_shapes%2Fava_0021-72.png",
            "first_name": "Otto",
            "real_name": "Otto Atzwanger",
            "display_name": "Otto",
            "team": "TJH5YU202",
            "name": "otto",
            "is_restricted": false,
            "is_ultra_restricted": false
        }
    },
    {
        "client_msg_id": "cb35a746-9be7-47a0-acdc-c6c86a654d02",
        "type": "message",
        "text": "Check this ( when you use php, into php.ini is set this configuration yet ), then not need change to httpd.conf",
        "user": "UJUJLTWMT",
        "ts": "1565605720.349900",
        "team": "TJH5YU202",
        "user_team": "TJH5YU202",
        "source_team": "TJH5YU202",
        "user_profile": {
            "avatar_hash": "a60e3b1ef2d2",
            "image_72": "https:\/\/avatars.slack-edge.com\/2019-08-20\/726246109489_a60e3b1ef2d2c141969d_72.jpg",
            "first_name": "",
            "real_name": "Cristobal",
            "display_name": "Cristobal",
            "team": "TJH5YU202",
            "name": "navarro.cristobal",
            "is_restricted": false,
            "is_ultra_restricted": false
        }
    },
    {
        "client_msg_id": "4c063323-1d9d-4952-b8c5-5c97b481a6a2",
        "type": "message",
        "text": "look\n\n[00:23]\n<http:\/\/httpd.apache.org\/docs\/2.2\/mod\/core.html#limitrequestline>\n[00:23]\nand\n[00:23]\n<http:\/\/httpd.apache.org\/docs\/2.2\/mod\/core.html#limitrequestfieldsize>",
        "user": "UJUJLTWMT",
        "ts": "1565605722.350100",
        "team": "TJH5YU202",
        "user_team": "TJH5YU202",
        "source_team": "TJH5YU202",
        "user_profile": {
            "avatar_hash": "a60e3b1ef2d2",
            "image_72": "https:\/\/avatars.slack-edge.com\/2019-08-20\/726246109489_a60e3b1ef2d2c141969d_72.jpg",
            "first_name": "",
            "real_name": "Cristobal",
            "display_name": "Cristobal",
            "team": "TJH5YU202",
            "name": "navarro.cristobal",
            "is_restricted": false,
            "is_ultra_restricted": false
        }
    },
    {
        "client_msg_id": "be9decc9-715c-4e58-a987-83b637066964",
        "type": "message",
        "text": "Otto, could you modify postpairs2.prg like this ?",
        "user": "UJN8D8U3B",
        "ts": "1565605985.350400",
        "team": "TJH5YU202",
        "user_team": "TJH5YU202",
        "source_team": "TJH5YU202",
        "user_profile": {
            "avatar_hash": "g92ad2abcc45",
            "image_72": "https:\/\/secure.gravatar.com\/avatar\/8492ad2abcc45ce53969adcf8420acde.jpg?s=72&d=https%3A%2F%2Fa.slack-edge.com%2F80588%2Fimg%2Favatars%2Fuser_shapes%2Fava_0008-72.png",
            "first_name": "",
            "real_name": "Antonio Linares",
            "display_name": "Antonio Linares",
            "team": "TJH5YU202",
            "name": "alinares",
            "is_restricted": false,
            "is_ultra_restricted": false
        }
    },
    {
        "client_msg_id": "886acc16-6f7a-479a-b613-d10aaf02f417",
        "type": "message",
        "text": "function Main() ; ? AP_PostPairs() ; return nil",
        "user": "UJN8D8U3B",
        "ts": "1565606021.350600",
        "team": "TJH5YU202",
        "user_team": "TJH5YU202",
        "source_team": "TJH5YU202",
        "user_profile": {
            "avatar_hash": "g92ad2abcc45",
            "image_72": "https:\/\/secure.gravatar.com\/avatar\/8492ad2abcc45ce53969adcf8420acde.jpg?s=72&d=https%3A%2F%2Fa.slack-edge.com%2F80588%2Fimg%2Favatars%2Fuser_shapes%2Fava_0008-72.png",
            "first_name": "",
            "real_name": "Antonio Linares",
            "display_name": "Antonio Linares",
            "team": "TJH5YU202",
            "name": "alinares",
            "is_restricted": false,
            "is_ultra_restricted": false
        }
    },
    {
        "client_msg_id": "650f1128-80d5-4be5-85cc-e347a23f3969",
        "type": "message",
        "text": "just that",
        "user": "UJN8D8U3B",
        "ts": "1565606024.350800",
        "team": "TJH5YU202",
        "user_team": "TJH5YU202",
        "source_team": "TJH5YU202",
        "user_profile": {
            "avatar_hash": "g92ad2abcc45",
            "image_72": "https:\/\/secure.gravatar.com\/avatar\/8492ad2abcc45ce53969adcf8420acde.jpg?s=72&d=https%3A%2F%2Fa.slack-edge.com%2F80588%2Fimg%2Favatars%2Fuser_shapes%2Fava_0008-72.png",
            "first_name": "",
            "real_name": "Antonio Linares",
            "display_name": "Antonio Linares",
            "team": "TJH5YU202",
            "name": "alinares",
            "is_restricted": false,
            "is_ultra_restricted": false
        }
    },
    {
        "type": "message",
        "text": "",
        "files": [
            {
                "id": "FMBHM5TV4",
                "created": 1565606308,
                "timestamp": 1565606308,
                "name": "Screenshot 2019-08-12 at 12.38.11.png",
                "title": "Screenshot 2019-08-12 at 12.38.11.png",
                "mimetype": "image\/png",
                "filetype": "png",
                "pretty_type": "PNG",
                "user": "UJN8D8U3B",
                "editable": false,
                "size": 142244,
                "mode": "hosted",
                "is_external": false,
                "external_type": "",
                "is_public": true,
                "public_url_shared": false,
                "display_as_bot": false,
                "username": "",
                "url_private": "https:\/\/files.slack.com\/files-pri\/TJH5YU202-FMBHM5TV4\/screenshot_2019-08-12_at_12.38.11.png?t=xoxe-629202954002-776688371669-763909703378-01ffaa4c4eeda75ea92ad255b32a04e5",
                "url_private_download": "https:\/\/files.slack.com\/files-pri\/TJH5YU202-FMBHM5TV4\/download\/screenshot_2019-08-12_at_12.38.11.png?t=xoxe-629202954002-776688371669-763909703378-01ffaa4c4eeda75ea92ad255b32a04e5",
                "thumb_64": "https:\/\/files.slack.com\/files-tmb\/TJH5YU202-FMBHM5TV4-e817827d3f\/screenshot_2019-08-12_at_12.38.11_64.png?t=xoxe-629202954002-776688371669-763909703378-01ffaa4c4eeda75ea92ad255b32a04e5",
                "thumb_80": "https:\/\/files.slack.com\/files-tmb\/TJH5YU202-FMBHM5TV4-e817827d3f\/screenshot_2019-08-12_at_12.38.11_80.png?t=xoxe-629202954002-776688371669-763909703378-01ffaa4c4eeda75ea92ad255b32a04e5",
                "thumb_360": "https:\/\/files.slack.com\/files-tmb\/TJH5YU202-FMBHM5TV4-e817827d3f\/screenshot_2019-08-12_at_12.38.11_360.png?t=xoxe-629202954002-776688371669-763909703378-01ffaa4c4eeda75ea92ad255b32a04e5",
                "thumb_360_w": 265,
                "thumb_360_h": 360,
                "thumb_480": "https:\/\/files.slack.com\/files-tmb\/TJH5YU202-FMBHM5TV4-e817827d3f\/screenshot_2019-08-12_at_12.38.11_480.png?t=xoxe-629202954002-776688371669-763909703378-01ffaa4c4eeda75ea92ad255b32a04e5",
                "thumb_480_w": 353,
                "thumb_480_h": 480,
                "thumb_160": "https:\/\/files.slack.com\/files-tmb\/TJH5YU202-FMBHM5TV4-e817827d3f\/screenshot_2019-08-12_at_12.38.11_160.png?t=xoxe-629202954002-776688371669-763909703378-01ffaa4c4eeda75ea92ad255b32a04e5",
                "image_exif_rotation": 1,
                "original_w": 497,
                "original_h": 676,
                "permalink": "https:\/\/harbourproject.slack.com\/files\/UJN8D8U3B\/FMBHM5TV4\/screenshot_2019-08-12_at_12.38.11.png",
                "permalink_public": "https:\/\/slack-files.com\/TJH5YU202-FMBHM5TV4-3819803cb3",
                "is_starred": false,
                "has_rich_preview": false
            }
        ],
        "upload": true,
        "user": "UJN8D8U3B",
        "display_as_bot": false,
        "ts": "1565606309.350900",
        "client_msg_id": "6e0e461a-c013-4cd9-90eb-6fa613cb8e0c"
    },
    {
        "type": "message",
        "text": "",
        "files": [
            {
                "id": "FM3281K97",
                "created": 1565606375,
                "timestamp": 1565606375,
                "name": "Screenshot 2019-08-12 at 12.39.10.png",
                "title": "Screenshot 2019-08-12 at 12.39.10.png",
                "mimetype": "image\/png",
                "filetype": "png",
                "pretty_type": "PNG",
                "user": "UJN8D8U3B",
                "editable": false,
                "size": 38109,
                "mode": "hosted",
                "is_external": false,
                "external_type": "",
                "is_public": true,
                "public_url_shared": false,
                "display_as_bot": false,
                "username": "",
                "url_private": "https:\/\/files.slack.com\/files-pri\/TJH5YU202-FM3281K97\/screenshot_2019-08-12_at_12.39.10.png?t=xoxe-629202954002-776688371669-763909703378-01ffaa4c4eeda75ea92ad255b32a04e5",
                "url_private_download": "https:\/\/files.slack.com\/files-pri\/TJH5YU202-FM3281K97\/download\/screenshot_2019-08-12_at_12.39.10.png?t=xoxe-629202954002-776688371669-763909703378-01ffaa4c4eeda75ea92ad255b32a04e5",
                "thumb_64": "https:\/\/files.slack.com\/files-tmb\/TJH5YU202-FM3281K97-4e9e19c246\/screenshot_2019-08-12_at_12.39.10_64.png?t=xoxe-629202954002-776688371669-763909703378-01ffaa4c4eeda75ea92ad255b32a04e5",
                "thumb_80": "https:\/\/files.slack.com\/files-tmb\/TJH5YU202-FM3281K97-4e9e19c246\/screenshot_2019-08-12_at_12.39.10_80.png?t=xoxe-629202954002-776688371669-763909703378-01ffaa4c4eeda75ea92ad255b32a04e5",
                "thumb_360": "https:\/\/files.slack.com\/files-tmb\/TJH5YU202-FM3281K97-4e9e19c246\/screenshot_2019-08-12_at_12.39.10_360.png?t=xoxe-629202954002-776688371669-763909703378-01ffaa4c4eeda75ea92ad255b32a04e5",
                "thumb_360_w": 360,
                "thumb_360_h": 165,
                "thumb_160": "https:\/\/files.slack.com\/files-tmb\/TJH5YU202-FM3281K97-4e9e19c246\/screenshot_2019-08-12_at_12.39.10_160.png?t=xoxe-629202954002-776688371669-763909703378-01ffaa4c4eeda75ea92ad255b32a04e5",
                "image_exif_rotation": 1,
                "original_w": 473,
                "original_h": 217,
                "permalink": "https:\/\/harbourproject.slack.com\/files\/UJN8D8U3B\/FM3281K97\/screenshot_2019-08-12_at_12.39.10.png",
                "permalink_public": "https:\/\/slack-files.com\/TJH5YU202-FM3281K97-3cec4d9ee4",
                "is_starred": false,
                "has_rich_preview": false
            }
        ],
        "upload": true,
        "user": "UJN8D8U3B",
        "display_as_bot": false,
        "ts": "1565606376.351200",
        "client_msg_id": "0da4e940-ec81-424f-8647-cb32e1caa75b"
    },
    {
        "client_msg_id": "d9767f93-3efb-4f74-af56-52d508fefe1e",
        "type": "message",
        "text": "Antonio I get then following error    Error: Variable does not exist&lt;br&gt;operation: RETURN&lt;br&gt;called from: ..\/..\/..\/apache.prg, (b)MAIN, line: 32&lt;br&gt;called from: pcode.hrb, MAIN, line: 5&lt;br&gt;called from: HB_HRBDO, line: 0&lt;br&gt;called from: ..\/..\/..\/apache.prg, EXECUTE, line: 98&lt;br&gt;called from: ..\/..\/..\/apache.prg, MAIN, line: 43&lt;br&gt;",
        "user": "UJHD6A81H",
        "ts": "1565611414.351900",
        "team": "TJH5YU202",
        "user_team": "TJH5YU202",
        "source_team": "TJH5YU202",
        "user_profile": {
            "avatar_hash": "g6b8073e00e9",
            "image_72": "https:\/\/secure.gravatar.com\/avatar\/b96b8073e00e9eb02bcf05bc1418eb3a.jpg?s=72&d=https%3A%2F%2Fa.slack-edge.com%2F80588%2Fimg%2Favatars%2Fuser_shapes%2Fava_0021-72.png",
            "first_name": "Otto",
            "real_name": "Otto Atzwanger",
            "display_name": "Otto",
            "team": "TJH5YU202",
            "name": "otto",
            "is_restricted": false,
            "is_ultra_restricted": false
        }
    },
    {
        "client_msg_id": "13c25016-0dc8-4e79-bcf6-e62482405b7e",
        "type": "message",
        "text": "try RETURN \"&lt;br&gt;\"",
        "user": "UJULQCHL5",
        "ts": "1565614145.352500",
        "team": "TJH5YU202",
        "user_team": "TJH5YU202",
        "source_team": "TJH5YU202",
        "user_profile": {
            "avatar_hash": "g7659142325a",
            "image_72": "https:\/\/secure.gravatar.com\/avatar\/c87659142325a3facb661d85281ec091.jpg?s=72&d=https%3A%2F%2Fa.slack-edge.com%2F80588%2Fimg%2Favatars%2Fuser_shapes%2Fava_0003-72.png",
            "first_name": "",
            "real_name": "Paquito",
            "display_name": "Paquito",
            "team": "TJH5YU202",
            "name": "hmpaquito",
            "is_restricted": false,
            "is_ultra_restricted": false
        }
    },
    {
        "client_msg_id": "73047c08-ee47-4430-b862-f04185157d90",
        "type": "message",
        "text": "hello Pawuito now the error is: error: Variable does not exist&lt;br&gt;operation: RETURN&lt;br&gt;",
        "user": "UJHD6A81H",
        "ts": "1565615787.353100",
        "team": "TJH5YU202",
        "user_team": "TJH5YU202",
        "source_team": "TJH5YU202",
        "user_profile": {
            "avatar_hash": "g6b8073e00e9",
            "image_72": "https:\/\/secure.gravatar.com\/avatar\/b96b8073e00e9eb02bcf05bc1418eb3a.jpg?s=72&d=https%3A%2F%2Fa.slack-edge.com%2F80588%2Fimg%2Favatars%2Fuser_shapes%2Fava_0021-72.png",
            "first_name": "Otto",
            "real_name": "Otto Atzwanger",
            "display_name": "Otto",
            "team": "TJH5YU202",
            "name": "otto",
            "is_restricted": false,
            "is_ultra_restricted": false
        }
    },
    {
        "client_msg_id": "b240c160-2271-421e-bb4b-0a84d3ae0975",
        "type": "message",
        "text": "out off ideas. I'm sorry",
        "user": "UJULQCHL5",
        "ts": "1565617629.353400",
        "team": "TJH5YU202",
        "user_team": "TJH5YU202",
        "source_team": "TJH5YU202",
        "user_profile": {
            "avatar_hash": "g7659142325a",
            "image_72": "https:\/\/secure.gravatar.com\/avatar\/c87659142325a3facb661d85281ec091.jpg?s=72&d=https%3A%2F%2Fa.slack-edge.com%2F80588%2Fimg%2Favatars%2Fuser_shapes%2Fava_0003-72.png",
            "first_name": "",
            "real_name": "Paquito",
            "display_name": "Paquito",
            "team": "TJH5YU202",
            "name": "hmpaquito",
            "is_restricted": false,
            "is_ultra_restricted": false
        }
    },
    {
        "client_msg_id": "70bded97-3eaf-4cd7-8683-dcee198314e9",
        "type": "message",
        "text": "thank you Paquito - I will retry in a couple of weeks when I understand mod harbour somewhat.",
        "user": "UJHD6A81H",
        "ts": "1565622349.354500",
        "team": "TJH5YU202",
        "user_team": "TJH5YU202",
        "source_team": "TJH5YU202",
        "user_profile": {
            "avatar_hash": "g6b8073e00e9",
            "image_72": "https:\/\/secure.gravatar.com\/avatar\/b96b8073e00e9eb02bcf05bc1418eb3a.jpg?s=72&d=https%3A%2F%2Fa.slack-edge.com%2F80588%2Fimg%2Favatars%2Fuser_shapes%2Fava_0021-72.png",
            "first_name": "Otto",
            "real_name": "Otto Atzwanger",
            "display_name": "Otto",
            "team": "TJH5YU202",
            "name": "otto",
            "is_restricted": false,
            "is_ultra_restricted": false
        }
    },
    {
        "client_msg_id": "baa6337d-2c22-470c-920a-ecd2231b3eef",
        "type": "message",
        "text": "BTW do you know a tool to reduce the size of jpg. Does someone have a gallery ready with mod harbour?",
        "user": "UJHD6A81H",
        "ts": "1565622403.355400",
        "team": "TJH5YU202",
        "user_team": "TJH5YU202",
        "source_team": "TJH5YU202",
        "user_profile": {
            "avatar_hash": "g6b8073e00e9",
            "image_72": "https:\/\/secure.gravatar.com\/avatar\/b96b8073e00e9eb02bcf05bc1418eb3a.jpg?s=72&d=https%3A%2F%2Fa.slack-edge.com%2F80588%2Fimg%2Favatars%2Fuser_shapes%2Fava_0021-72.png",
            "first_name": "Otto",
            "real_name": "Otto Atzwanger",
            "display_name": "Otto",
            "team": "TJH5YU202",
            "name": "otto",
            "is_restricted": false,
            "is_ultra_restricted": false
        }
    },
    {
        "client_msg_id": "a3abf45c-bf74-4b6a-ae4e-b865ba32fdd8",
        "type": "message",
        "text": "Otto, <https:\/\/harbour.fourtech.es\/modharbour_samples\/testvue.prg>",
        "user": "UJN8D8U3B",
        "ts": "1565624816.355600",
        "team": "TJH5YU202",
        "user_team": "TJH5YU202",
        "source_team": "TJH5YU202",
        "user_profile": {
            "avatar_hash": "g92ad2abcc45",
            "image_72": "https:\/\/secure.gravatar.com\/avatar\/8492ad2abcc45ce53969adcf8420acde.jpg?s=72&d=https%3A%2F%2Fa.slack-edge.com%2F80588%2Fimg%2Favatars%2Fuser_shapes%2Fava_0008-72.png",
            "first_name": "",
            "real_name": "Antonio Linares",
            "display_name": "Antonio Linares",
            "team": "TJH5YU202",
            "name": "alinares",
            "is_restricted": false,
            "is_ultra_restricted": false
        }
    },
    {
        "client_msg_id": "5dfa51b0-67ba-4a47-843e-3cf2cee7c33f",
        "type": "message",
        "text": "Sosito estamos esta tarde. Hay que animarlo un poco...\n<https:\/\/www.youtube.com\/watch?v=ecVRugLuaBw>",
        "user": "UJULQCHL5",
        "ts": "1565631573.356600",
        "team": "TJH5YU202",
        "user_team": "TJH5YU202",
        "source_team": "TJH5YU202",
        "user_profile": {
            "avatar_hash": "g7659142325a",
            "image_72": "https:\/\/secure.gravatar.com\/avatar\/c87659142325a3facb661d85281ec091.jpg?s=72&d=https%3A%2F%2Fa.slack-edge.com%2F80588%2Fimg%2Favatars%2Fuser_shapes%2Fava_0003-72.png",
            "first_name": "",
            "real_name": "Paquito",
            "display_name": "Paquito",
            "team": "TJH5YU202",
            "name": "hmpaquito",
            "is_restricted": false,
            "is_ultra_restricted": false
        },
        "attachments": [
            {
                "service_name": "YouTube",
                "service_url": "https:\/\/www.youtube.com\/",
                "title": "Moby - Harbour (Official Audio)",
                "title_link": "https:\/\/www.youtube.com\/watch?v=ecVRugLuaBw",
                "author_name": "Moby",
                "author_link": "https:\/\/www.youtube.com\/user\/MobyStuff",
                "thumb_url": "https:\/\/i.ytimg.com\/vi\/ecVRugLuaBw\/hqdefault.jpg",
                "thumb_width": 480,
                "thumb_height": 360,
                "fallback": "YouTube Video: Moby - Harbour (Official Audio)",
                "video_html": "<iframe width=\"400\" height=\"225\" src=\"https:\/\/www.youtube.com\/embed\/ecVRugLuaBw?feature=oembed&autoplay=1&iv_load_policy=3\" frameborder=\"0\" allow=\"accelerometer; autoplay; encrypted-media; gyroscope; picture-in-picture\" allowfullscreen><\/iframe>",
                "video_html_width": 400,
                "video_html_height": 225,
                "from_url": "https:\/\/www.youtube.com\/watch?v=ecVRugLuaBw",
                "service_icon": "https:\/\/a.slack-edge.com\/2089\/img\/unfurl_icons\/youtube.png",
                "id": 1,
                "original_url": "https:\/\/www.youtube.com\/watch?v=ecVRugLuaBw"
            }
        ]
    },
    {
        "client_msg_id": "eaa7ba03-09c4-4200-8b0b-83e39fa51817",
        "type": "message",
        "text": "<https:\/\/github.com\/carles9000\/wdo>",
        "user": "UJWR5N32S",
        "ts": "1565634287.357800",
        "team": "TJH5YU202",
        "user_team": "TJH5YU202",
        "source_team": "TJH5YU202",
        "user_profile": {
            "avatar_hash": "273d3745f7ae",
            "image_72": "https:\/\/avatars.slack-edge.com\/2019-05-20\/634344238497_273d3745f7ae1b176b82_72.jpg",
            "first_name": "Charly",
            "real_name": "Charly",
            "display_name": "Charly",
            "team": "TJH5YU202",
            "name": "carles9000",
            "is_restricted": false,
            "is_ultra_restricted": false
        },
        "attachments": [
            {
                "service_name": "GitHub",
                "title": "carles9000\/wdo",
                "title_link": "https:\/\/github.com\/carles9000\/wdo",
                "text": "WDO Web Database Object. Contribute to carles9000\/wdo development by creating an account on GitHub.",
                "fallback": "GitHub: carles9000\/wdo",
                "thumb_url": "https:\/\/avatars3.githubusercontent.com\/u\/13433884?s=400&v=4",
                "from_url": "https:\/\/github.com\/carles9000\/wdo",
                "thumb_width": 170,
                "thumb_height": 170,
                "service_icon": "https:\/\/a.slack-edge.com\/bfaba\/img\/unfurl_icons\/github.png",
                "id": 1,
                "original_url": "https:\/\/github.com\/carles9000\/wdo"
            }
        ]
    },
    {
        "client_msg_id": "a36ba8bd-863f-45b5-9261-eb40f99b815f",
        "type": "message",
        "text": "Ayuda =&gt; <https:\/\/github.com\/carles9000\/wdo\/blob\/master\/doc\/hfw_wdo.pdf>",
        "user": "UJWR5N32S",
        "ts": "1565634314.358200",
        "team": "TJH5YU202",
        "user_team": "TJH5YU202",
        "source_team": "TJH5YU202",
        "user_profile": {
            "avatar_hash": "273d3745f7ae",
            "image_72": "https:\/\/avatars.slack-edge.com\/2019-05-20\/634344238497_273d3745f7ae1b176b82_72.jpg",
            "first_name": "Charly",
            "real_name": "Charly",
            "display_name": "Charly",
            "team": "TJH5YU202",
            "name": "carles9000",
            "is_restricted": false,
            "is_ultra_restricted": false
        },
        "attachments": [
            {
                "service_name": "GitHub",
                "title": "carles9000\/wdo",
                "title_link": "https:\/\/github.com\/carles9000\/wdo\/blob\/master\/doc\/hfw_wdo.pdf",
                "text": "WDO Web Database Object. Contribute to carles9000\/wdo development by creating an account on GitHub.",
                "fallback": "GitHub: carles9000\/wdo",
                "thumb_url": "https:\/\/avatars3.githubusercontent.com\/u\/13433884?s=400&v=4",
                "from_url": "https:\/\/github.com\/carles9000\/wdo\/blob\/master\/doc\/hfw_wdo.pdf",
                "thumb_width": 170,
                "thumb_height": 170,
                "service_icon": "https:\/\/a.slack-edge.com\/bfaba\/img\/unfurl_icons\/github.png",
                "id": 1,
                "original_url": "https:\/\/github.com\/carles9000\/wdo\/blob\/master\/doc\/hfw_wdo.pdf"
            }
        ]
    },
    {
        "client_msg_id": "23008054-2b36-408b-8336-b4d8ab3de454",
        "type": "message",
        "text": "Gracias Charly. Siempre pisando fuerte. Se nota las botas de montaña de las mil leguas. Luego le echo un vistazo.",
        "user": "UJULQCHL5",
        "ts": "1565634618.360000",
        "team": "TJH5YU202",
        "user_team": "TJH5YU202",
        "source_team": "TJH5YU202",
        "user_profile": {
            "avatar_hash": "g7659142325a",
            "image_72": "https:\/\/secure.gravatar.com\/avatar\/c87659142325a3facb661d85281ec091.jpg?s=72&d=https%3A%2F%2Fa.slack-edge.com%2F80588%2Fimg%2Favatars%2Fuser_shapes%2Fava_0003-72.png",
            "first_name": "",
            "real_name": "Paquito",
            "display_name": "Paquito",
            "team": "TJH5YU202",
            "name": "hmpaquito",
            "is_restricted": false,
            "is_ultra_restricted": false
        }
    },
    {
        "type": "message",
        "text": "modpro forms designer...",
        "files": [
            {
                "id": "FM3L4EJ9F",
                "created": 1565636840,
                "timestamp": 1565636840,
                "name": "Screenshot 2019-08-12 at 21.06.32.png",
                "title": "Screenshot 2019-08-12 at 21.06.32.png",
                "mimetype": "image\/png",
                "filetype": "png",
                "pretty_type": "PNG",
                "user": "UJN8D8U3B",
                "editable": false,
                "size": 235510,
                "mode": "hosted",
                "is_external": false,
                "external_type": "",
                "is_public": true,
                "public_url_shared": false,
                "display_as_bot": false,
                "username": "",
                "url_private": "https:\/\/files.slack.com\/files-pri\/TJH5YU202-FM3L4EJ9F\/screenshot_2019-08-12_at_21.06.32.png?t=xoxe-629202954002-776688371669-763909703378-01ffaa4c4eeda75ea92ad255b32a04e5",
                "url_private_download": "https:\/\/files.slack.com\/files-pri\/TJH5YU202-FM3L4EJ9F\/download\/screenshot_2019-08-12_at_21.06.32.png?t=xoxe-629202954002-776688371669-763909703378-01ffaa4c4eeda75ea92ad255b32a04e5",
                "thumb_64": "https:\/\/files.slack.com\/files-tmb\/TJH5YU202-FM3L4EJ9F-ca7689ebca\/screenshot_2019-08-12_at_21.06.32_64.png?t=xoxe-629202954002-776688371669-763909703378-01ffaa4c4eeda75ea92ad255b32a04e5",
                "thumb_80": "https:\/\/files.slack.com\/files-tmb\/TJH5YU202-FM3L4EJ9F-ca7689ebca\/screenshot_2019-08-12_at_21.06.32_80.png?t=xoxe-629202954002-776688371669-763909703378-01ffaa4c4eeda75ea92ad255b32a04e5",
                "thumb_360": "https:\/\/files.slack.com\/files-tmb\/TJH5YU202-FM3L4EJ9F-ca7689ebca\/screenshot_2019-08-12_at_21.06.32_360.png?t=xoxe-629202954002-776688371669-763909703378-01ffaa4c4eeda75ea92ad255b32a04e5",
                "thumb_360_w": 360,
                "thumb_360_h": 210,
                "thumb_480": "https:\/\/files.slack.com\/files-tmb\/TJH5YU202-FM3L4EJ9F-ca7689ebca\/screenshot_2019-08-12_at_21.06.32_480.png?t=xoxe-629202954002-776688371669-763909703378-01ffaa4c4eeda75ea92ad255b32a04e5",
                "thumb_480_w": 480,
                "thumb_480_h": 280,
                "thumb_160": "https:\/\/files.slack.com\/files-tmb\/TJH5YU202-FM3L4EJ9F-ca7689ebca\/screenshot_2019-08-12_at_21.06.32_160.png?t=xoxe-629202954002-776688371669-763909703378-01ffaa4c4eeda75ea92ad255b32a04e5",
                "thumb_720": "https:\/\/files.slack.com\/files-tmb\/TJH5YU202-FM3L4EJ9F-ca7689ebca\/screenshot_2019-08-12_at_21.06.32_720.png?t=xoxe-629202954002-776688371669-763909703378-01ffaa4c4eeda75ea92ad255b32a04e5",
                "thumb_720_w": 720,
                "thumb_720_h": 420,
                "thumb_800": "https:\/\/files.slack.com\/files-tmb\/TJH5YU202-FM3L4EJ9F-ca7689ebca\/screenshot_2019-08-12_at_21.06.32_800.png?t=xoxe-629202954002-776688371669-763909703378-01ffaa4c4eeda75ea92ad255b32a04e5",
                "thumb_800_w": 800,
                "thumb_800_h": 467,
                "thumb_960": "https:\/\/files.slack.com\/files-tmb\/TJH5YU202-FM3L4EJ9F-ca7689ebca\/screenshot_2019-08-12_at_21.06.32_960.png?t=xoxe-629202954002-776688371669-763909703378-01ffaa4c4eeda75ea92ad255b32a04e5",
                "thumb_960_w": 960,
                "thumb_960_h": 560,
                "thumb_1024": "https:\/\/files.slack.com\/files-tmb\/TJH5YU202-FM3L4EJ9F-ca7689ebca\/screenshot_2019-08-12_at_21.06.32_1024.png?t=xoxe-629202954002-776688371669-763909703378-01ffaa4c4eeda75ea92ad255b32a04e5",
                "thumb_1024_w": 1024,
                "thumb_1024_h": 598,
                "image_exif_rotation": 1,
                "original_w": 2810,
                "original_h": 1640,
                "permalink": "https:\/\/harbourproject.slack.com\/files\/UJN8D8U3B\/FM3L4EJ9F\/screenshot_2019-08-12_at_21.06.32.png",
                "permalink_public": "https:\/\/slack-files.com\/TJH5YU202-FM3L4EJ9F-7e3865c577",
                "is_starred": false,
                "has_rich_preview": false
            }
        ],
        "upload": true,
        "user": "UJN8D8U3B",
        "display_as_bot": false,
        "ts": "1565636844.360600",
        "client_msg_id": "6acd9925-104d-4bbc-9188-83660da1e1ad"
    },
    {
        "client_msg_id": "d744753a-bbc2-4b57-a818-6a9aac2a39bd",
        "type": "message",
        "text": "<https:\/\/harbour.fourtech.es\/modharbour_samples\/modpro\/modpro.prg>",
        "user": "UJN8D8U3B",
        "ts": "1565636963.361000",
        "team": "TJH5YU202",
        "user_team": "TJH5YU202",
        "source_team": "TJH5YU202",
        "user_profile": {
            "avatar_hash": "g92ad2abcc45",
            "image_72": "https:\/\/secure.gravatar.com\/avatar\/8492ad2abcc45ce53969adcf8420acde.jpg?s=72&d=https%3A%2F%2Fa.slack-edge.com%2F80588%2Fimg%2Favatars%2Fuser_shapes%2Fava_0008-72.png",
            "first_name": "",
            "real_name": "Antonio Linares",
            "display_name": "Antonio Linares",
            "team": "TJH5YU202",
            "name": "alinares",
            "is_restricted": false,
            "is_ultra_restricted": false
        }
    },
    {
        "client_msg_id": "d2694db5-c27a-4fac-825e-5ffae2a314fa",
        "type": "message",
        "text": "no funciona en firefox",
        "user": "UM81W8B0Q",
        "ts": "1565640882.361300",
        "team": "TJH5YU202",
        "user_team": "TJH5YU202",
        "source_team": "TJH5YU202",
        "user_profile": {
            "avatar_hash": "gab9279ee8c0",
            "image_72": "https:\/\/secure.gravatar.com\/avatar\/73ab9279ee8c00f66ce4904d30146c8f.jpg?s=72&d=https%3A%2F%2Fa.slack-edge.com%2F80588%2Fimg%2Favatars%2Fuser_shapes%2Fava_0010-72.png",
            "first_name": "",
            "real_name": "Angel Pais",
            "display_name": "Angel Pais",
            "team": "TJH5YU202",
            "name": "amigosam",
            "is_restricted": false,
            "is_ultra_restricted": false
        }
    },
    {
        "client_msg_id": "fde5c33b-cef6-4882-ae2f-e9f1b353933b",
        "type": "message",
        "text": "What kind of information do you need ?",
        "user": "UJNEM6G7K",
        "ts": "1565647372.361400",
        "team": "TJH5YU202",
        "user_team": "TJH5YU202",
        "source_team": "TJH5YU202",
        "user_profile": {
            "avatar_hash": "g4b6937dc7ac",
            "image_72": "https:\/\/secure.gravatar.com\/avatar\/a44b6937dc7ac0f16aa71abc758bf51e.jpg?s=72&d=https%3A%2F%2Fa.slack-edge.com%2F80588%2Fimg%2Favatars%2Fuser_shapes%2Fava_0018-72.png",
            "first_name": "",
            "real_name": "Dejan Pesic",
            "display_name": "Dejan Pesic",
            "team": "TJH5YU202",
            "name": "dpesic",
            "is_restricted": false,
            "is_ultra_restricted": false
        },
        "thread_ts": "1565554304.328100",
        "parent_user_id": "UJNEM6G7K"
    },
    {
        "client_msg_id": "4f787998-e2f9-4665-a0b2-da2574d0e053",
        "type": "message",
        "text": "Egun on !  :slightly_smiling_face:",
        "user": "UJWR5N32S",
        "ts": "1565675580.361900",
        "team": "TJH5YU202",
        "user_team": "TJH5YU202",
        "source_team": "TJH5YU202",
        "user_profile": {
            "avatar_hash": "273d3745f7ae",
            "image_72": "https:\/\/avatars.slack-edge.com\/2019-05-20\/634344238497_273d3745f7ae1b176b82_72.jpg",
            "first_name": "Charly",
            "real_name": "Charly",
            "display_name": "Charly",
            "team": "TJH5YU202",
            "name": "carles9000",
            "is_restricted": false,
            "is_ultra_restricted": false
        }
    },
    {
        "client_msg_id": "b83f4797-4c53-4e99-a17b-88d8a61add88",
        "type": "message",
        "text": "buenos dias :sunny:",
        "user": "UJN8D8U3B",
        "ts": "1565675815.362200",
        "team": "TJH5YU202",
        "user_team": "TJH5YU202",
        "source_team": "TJH5YU202",
        "user_profile": {
            "avatar_hash": "g92ad2abcc45",
            "image_72": "https:\/\/secure.gravatar.com\/avatar\/8492ad2abcc45ce53969adcf8420acde.jpg?s=72&d=https%3A%2F%2Fa.slack-edge.com%2F80588%2Fimg%2Favatars%2Fuser_shapes%2Fava_0008-72.png",
            "first_name": "",
            "real_name": "Antonio Linares",
            "display_name": "Antonio Linares",
            "team": "TJH5YU202",
            "name": "alinares",
            "is_restricted": false,
            "is_ultra_restricted": false
        }
    },
    {
        "client_msg_id": "58004319-10d3-4058-91e1-da4bae03a8c9",
        "type": "message",
        "text": "Ave Maria",
        "user": "UJULQCHL5",
        "ts": "1565676378.362500",
        "team": "TJH5YU202",
        "user_team": "TJH5YU202",
        "source_team": "TJH5YU202",
        "user_profile": {
            "avatar_hash": "g7659142325a",
            "image_72": "https:\/\/secure.gravatar.com\/avatar\/c87659142325a3facb661d85281ec091.jpg?s=72&d=https%3A%2F%2Fa.slack-edge.com%2F80588%2Fimg%2Favatars%2Fuser_shapes%2Fava_0003-72.png",
            "first_name": "",
            "real_name": "Paquito",
            "display_name": "Paquito",
            "team": "TJH5YU202",
            "name": "hmpaquito",
            "is_restricted": false,
            "is_ultra_restricted": false
        }
    },
    {
        "client_msg_id": "0d308a09-cf4d-4fd4-bf30-9d0cb9f79d7d",
        "type": "message",
        "text": "Antonio si te vas a liar con el diseñador, aprovecha jquery que lo tienes cargado y mirate todo el tema del drag",
        "user": "UJWR5N32S",
        "ts": "1565676415.363200",
        "team": "TJH5YU202",
        "user_team": "TJH5YU202",
        "source_team": "TJH5YU202",
        "user_profile": {
            "avatar_hash": "273d3745f7ae",
            "image_72": "https:\/\/avatars.slack-edge.com\/2019-05-20\/634344238497_273d3745f7ae1b176b82_72.jpg",
            "first_name": "Charly",
            "real_name": "Charly",
            "display_name": "Charly",
            "team": "TJH5YU202",
            "name": "carles9000",
            "is_restricted": false,
            "is_ultra_restricted": false
        }
    },
    {
        "client_msg_id": "a018ee28-d6c8-4060-8786-f13e3f3ccfb5",
        "type": "message",
        "text": "<https:\/\/jqueryui.com\/draggable\/#default>",
        "user": "UJWR5N32S",
        "ts": "1565676421.363400",
        "team": "TJH5YU202",
        "user_team": "TJH5YU202",
        "source_team": "TJH5YU202",
        "user_profile": {
            "avatar_hash": "273d3745f7ae",
            "image_72": "https:\/\/avatars.slack-edge.com\/2019-05-20\/634344238497_273d3745f7ae1b176b82_72.jpg",
            "first_name": "Charly",
            "real_name": "Charly",
            "display_name": "Charly",
            "team": "TJH5YU202",
            "name": "carles9000",
            "is_restricted": false,
            "is_ultra_restricted": false
        },
        "attachments": [
            {
                "title": "Draggable | jQuery UI",
                "title_link": "https:\/\/jqueryui.com\/draggable\/#default",
                "text": "jQuery UI is a curated set of user interface interactions, effects, widgets, and themes built on top of the jQuery JavaScript Library. Whether you're building highly interactive web applications or you just need to add a date picker to a form control, jQuery UI is the perfect choice.",
                "fallback": "Draggable | jQuery UI",
                "from_url": "https:\/\/jqueryui.com\/draggable\/#default",
                "service_icon": "https:\/\/jqueryui.com\/favicon.ico",
                "service_name": "jqueryui.com",
                "id": 1,
                "original_url": "https:\/\/jqueryui.com\/draggable\/#default"
            }
        ]
    },
    {
        "client_msg_id": "6559cd49-9b72-4e3d-b5de-adeb1c607553",
        "type": "message",
        "text": "Es facil y tienes montado muchas cosillas",
        "user": "UJWR5N32S",
        "ts": "1565676441.363900",
        "team": "TJH5YU202",
        "user_team": "TJH5YU202",
        "source_team": "TJH5YU202",
        "user_profile": {
            "avatar_hash": "273d3745f7ae",
            "image_72": "https:\/\/avatars.slack-edge.com\/2019-05-20\/634344238497_273d3745f7ae1b176b82_72.jpg",
            "first_name": "Charly",
            "real_name": "Charly",
            "display_name": "Charly",
            "team": "TJH5YU202",
            "name": "carles9000",
            "is_restricted": false,
            "is_ultra_restricted": false
        }
    },
    {
        "client_msg_id": "81e506cf-3c9a-4438-ba2c-8cbb135fee11",
        "type": "message",
        "text": "es lo que estoy usando :slightly_smiling_face:",
        "user": "UJN8D8U3B",
        "ts": "1565677884.364300",
        "team": "TJH5YU202",
        "user_team": "TJH5YU202",
        "source_team": "TJH5YU202",
        "user_profile": {
            "avatar_hash": "g92ad2abcc45",
            "image_72": "https:\/\/secure.gravatar.com\/avatar\/8492ad2abcc45ce53969adcf8420acde.jpg?s=72&d=https%3A%2F%2Fa.slack-edge.com%2F80588%2Fimg%2Favatars%2Fuser_shapes%2Fava_0008-72.png",
            "first_name": "",
            "real_name": "Antonio Linares",
            "display_name": "Antonio Linares",
            "team": "TJH5YU202",
            "name": "alinares",
            "is_restricted": false,
            "is_ultra_restricted": false
        }
    },
    {
        "client_msg_id": "184ad1ab-a948-423c-af7d-bea25db9f4b7",
        "type": "message",
        "text": "el problema es que mete divs adicionales para soportar redimensionado",
        "user": "UJN8D8U3B",
        "ts": "1565677923.364900",
        "team": "TJH5YU202",
        "user_team": "TJH5YU202",
        "source_team": "TJH5YU202",
        "user_profile": {
            "avatar_hash": "g92ad2abcc45",
            "image_72": "https:\/\/secure.gravatar.com\/avatar\/8492ad2abcc45ce53969adcf8420acde.jpg?s=72&d=https%3A%2F%2Fa.slack-edge.com%2F80588%2Fimg%2Favatars%2Fuser_shapes%2Fava_0008-72.png",
            "first_name": "",
            "real_name": "Antonio Linares",
            "display_name": "Antonio Linares",
            "team": "TJH5YU202",
            "name": "alinares",
            "is_restricted": false,
            "is_ultra_restricted": false
        }
    },
    {
        "client_msg_id": "e888f53a-4eef-4366-b2e8-ea8d658f0d86",
        "type": "message",
        "text": "por lo que no podemos obtener el html tal cual",
        "user": "UJN8D8U3B",
        "ts": "1565677933.365200",
        "team": "TJH5YU202",
        "user_team": "TJH5YU202",
        "source_team": "TJH5YU202",
        "user_profile": {
            "avatar_hash": "g92ad2abcc45",
            "image_72": "https:\/\/secure.gravatar.com\/avatar\/8492ad2abcc45ce53969adcf8420acde.jpg?s=72&d=https%3A%2F%2Fa.slack-edge.com%2F80588%2Fimg%2Favatars%2Fuser_shapes%2Fava_0008-72.png",
            "first_name": "",
            "real_name": "Antonio Linares",
            "display_name": "Antonio Linares",
            "team": "TJH5YU202",
            "name": "alinares",
            "is_restricted": false,
            "is_ultra_restricted": false
        }
    },
    {
        "client_msg_id": "2daf849b-f007-4dde-81c5-21cc66e3c611",
        "type": "message",
        "text": "good morning",
        "user": "UJHD6A81H",
        "ts": "1565679447.365600",
        "team": "TJH5YU202",
        "user_team": "TJH5YU202",
        "source_team": "TJH5YU202",
        "user_profile": {
            "avatar_hash": "g6b8073e00e9",
            "image_72": "https:\/\/secure.gravatar.com\/avatar\/b96b8073e00e9eb02bcf05bc1418eb3a.jpg?s=72&d=https%3A%2F%2Fa.slack-edge.com%2F80588%2Fimg%2Favatars%2Fuser_shapes%2Fava_0021-72.png",
            "first_name": "Otto",
            "real_name": "Otto Atzwanger",
            "display_name": "Otto",
            "team": "TJH5YU202",
            "name": "otto",
            "is_restricted": false,
            "is_ultra_restricted": false
        }
    },
    {
        "client_msg_id": "bf723e38-28c1-4729-84bf-5191ebd74962",
        "type": "message",
        "text": "Dear Antonio,  I try to send my document with post.prg and postpair.prg to see what comes back. Here I have the same problem that not all of the input comes back. I do it like this:",
        "user": "UJHD6A81H",
        "ts": "1565679525.367100",
        "team": "TJH5YU202",
        "user_team": "TJH5YU202",
        "source_team": "TJH5YU202",
        "user_profile": {
            "avatar_hash": "g6b8073e00e9",
            "image_72": "https:\/\/secure.gravatar.com\/avatar\/b96b8073e00e9eb02bcf05bc1418eb3a.jpg?s=72&d=https%3A%2F%2Fa.slack-edge.com%2F80588%2Fimg%2Favatars%2Fuser_shapes%2Fava_0021-72.png",
            "first_name": "Otto",
            "real_name": "Otto Atzwanger",
            "display_name": "Otto",
            "team": "TJH5YU202",
            "name": "otto",
            "is_restricted": false,
            "is_ultra_restricted": false
        }
    },
    {
        "client_msg_id": "b09c3d97-e2a0-4b21-9eee-22f31046bb53",
        "type": "message",
        "text": "#define FILELOG   AP_GETENV( 'DOCUMENT_ROOT' ) + AP_GETENV( 'PATH_APP' ) + '\/modharbour_samples\/text\/'\n\n\nfunction Main()\n  local cText :=  STRTRAN( MemoRead( FILELOG + \"document.txt\"  ), CHR(34), \"'\" )\n? cText\n\n  TEMPLATE  PARAMS cText\n&lt;html&gt;\n  &lt;head&gt;\n    &lt;meta charset=\"utf-8\"&gt;\n    &lt;title&gt;POST example&lt;\/title&gt;\n  &lt;\/head&gt;\n  &lt;body&gt;\n    &lt;form action=\"postpairs.prg\" method=\"post\" &gt;\n      User name:\n      &lt;br&gt;\n      &lt;input type=\"text\" name=\"username\" value=\"&lt;?prg return  cText ?&gt;\" &gt;\n      &lt;br&gt;\n      Password:\n      &lt;br&gt;\n      &lt;input type=\"password\" name=\"passw\"&gt;\n      &lt;br&gt;&lt;br&gt;\n      &lt;input type=\"submit\" value=\"Send data\"&gt;\n    &lt;\/form&gt;\n  &lt;\/body&gt;\n&lt;\/html&gt;\n   ENDTEXT\n\nreturn nil",
        "user": "UJHD6A81H",
        "ts": "1565679529.367300",
        "team": "TJH5YU202",
        "user_team": "TJH5YU202",
        "source_team": "TJH5YU202",
        "user_profile": {
            "avatar_hash": "g6b8073e00e9",
            "image_72": "https:\/\/secure.gravatar.com\/avatar\/b96b8073e00e9eb02bcf05bc1418eb3a.jpg?s=72&d=https%3A%2F%2Fa.slack-edge.com%2F80588%2Fimg%2Favatars%2Fuser_shapes%2Fava_0021-72.png",
            "first_name": "Otto",
            "real_name": "Otto Atzwanger",
            "display_name": "Otto",
            "team": "TJH5YU202",
            "name": "otto",
            "is_restricted": false,
            "is_ultra_restricted": false
        }
    },
    {
        "client_msg_id": "34de6751-ede7-4763-a2ca-bc1cd843ea85",
        "type": "message",
        "text": "I use the document from the zip. Should I post the document again.",
        "user": "UJHD6A81H",
        "ts": "1565679566.368000",
        "team": "TJH5YU202",
        "user_team": "TJH5YU202",
        "source_team": "TJH5YU202",
        "user_profile": {
            "avatar_hash": "g6b8073e00e9",
            "image_72": "https:\/\/secure.gravatar.com\/avatar\/b96b8073e00e9eb02bcf05bc1418eb3a.jpg?s=72&d=https%3A%2F%2Fa.slack-edge.com%2F80588%2Fimg%2Favatars%2Fuser_shapes%2Fava_0021-72.png",
            "first_name": "Otto",
            "real_name": "Otto Atzwanger",
            "display_name": "Otto",
            "team": "TJH5YU202",
            "name": "otto",
            "is_restricted": false,
            "is_ultra_restricted": false
        }
    }
]