[
    {
        "client_msg_id": "606ce23a-e0e3-41bb-8db2-cd3184860500",
        "type": "message",
        "text": "function test()\n\n   local cCode := View( [progress])\n\n   cCode = StrTran( cCode, [Server Migration], [Harbour] )\n   cCode = StrTran( cCode, [20%], [80%] )\n   cCode = StrTran( cCode, [Sales Tracking], [Clipper] )\n   cCode = StrTran( cCode, [Customer Database], [mod_harbour] )\n\nreturn cCode",
        "user": "UJN8D8U3B",
        "ts": "1563785624.008800",
        "team": "TJH5YU202",
        "user_team": "TJH5YU202",
        "source_team": "TJH5YU202",
        "user_profile": {
            "avatar_hash": "g92ad2abcc45",
            "image_72": "https:\/\/secure.gravatar.com\/avatar\/8492ad2abcc45ce53969adcf8420acde.jpg?s=72&d=https%3A%2F%2Fa.slack-edge.com%2F80588%2Fimg%2Favatars%2Fuser_shapes%2Fava_0008-72.png",
            "first_name": "",
            "real_name": "Antonio Linares",
            "display_name": "Antonio Linares",
            "team": "TJH5YU202",
            "name": "alinares",
            "is_restricted": false,
            "is_ultra_restricted": false
        }
    },
    {
        "type": "message",
        "text": "",
        "files": [
            {
                "id": "FLF7AN21F",
                "created": 1563785661,
                "timestamp": 1563785661,
                "name": "image.png",
                "title": "image.png",
                "mimetype": "image\/png",
                "filetype": "png",
                "pretty_type": "PNG",
                "user": "UJN8D8U3B",
                "editable": false,
                "size": 75856,
                "mode": "hosted",
                "is_external": false,
                "external_type": "",
                "is_public": true,
                "public_url_shared": false,
                "display_as_bot": false,
                "username": "",
                "url_private": "https:\/\/files.slack.com\/files-pri\/TJH5YU202-FLF7AN21F\/image.png?t=xoxe-629202954002-776688371669-763909703378-01ffaa4c4eeda75ea92ad255b32a04e5",
                "url_private_download": "https:\/\/files.slack.com\/files-pri\/TJH5YU202-FLF7AN21F\/download\/image.png?t=xoxe-629202954002-776688371669-763909703378-01ffaa4c4eeda75ea92ad255b32a04e5",
                "thumb_64": "https:\/\/files.slack.com\/files-tmb\/TJH5YU202-FLF7AN21F-ef9bcd02eb\/image_64.png?t=xoxe-629202954002-776688371669-763909703378-01ffaa4c4eeda75ea92ad255b32a04e5",
                "thumb_80": "https:\/\/files.slack.com\/files-tmb\/TJH5YU202-FLF7AN21F-ef9bcd02eb\/image_80.png?t=xoxe-629202954002-776688371669-763909703378-01ffaa4c4eeda75ea92ad255b32a04e5",
                "thumb_360": "https:\/\/files.slack.com\/files-tmb\/TJH5YU202-FLF7AN21F-ef9bcd02eb\/image_360.png?t=xoxe-629202954002-776688371669-763909703378-01ffaa4c4eeda75ea92ad255b32a04e5",
                "thumb_360_w": 360,
                "thumb_360_h": 254,
                "thumb_480": "https:\/\/files.slack.com\/files-tmb\/TJH5YU202-FLF7AN21F-ef9bcd02eb\/image_480.png?t=xoxe-629202954002-776688371669-763909703378-01ffaa4c4eeda75ea92ad255b32a04e5",
                "thumb_480_w": 480,
                "thumb_480_h": 338,
                "thumb_160": "https:\/\/files.slack.com\/files-tmb\/TJH5YU202-FLF7AN21F-ef9bcd02eb\/image_160.png?t=xoxe-629202954002-776688371669-763909703378-01ffaa4c4eeda75ea92ad255b32a04e5",
                "thumb_720": "https:\/\/files.slack.com\/files-tmb\/TJH5YU202-FLF7AN21F-ef9bcd02eb\/image_720.png?t=xoxe-629202954002-776688371669-763909703378-01ffaa4c4eeda75ea92ad255b32a04e5",
                "thumb_720_w": 720,
                "thumb_720_h": 507,
                "thumb_800": "https:\/\/files.slack.com\/files-tmb\/TJH5YU202-FLF7AN21F-ef9bcd02eb\/image_800.png?t=xoxe-629202954002-776688371669-763909703378-01ffaa4c4eeda75ea92ad255b32a04e5",
                "thumb_800_w": 800,
                "thumb_800_h": 563,
                "thumb_960": "https:\/\/files.slack.com\/files-tmb\/TJH5YU202-FLF7AN21F-ef9bcd02eb\/image_960.png?t=xoxe-629202954002-776688371669-763909703378-01ffaa4c4eeda75ea92ad255b32a04e5",
                "thumb_960_w": 960,
                "thumb_960_h": 676,
                "thumb_1024": "https:\/\/files.slack.com\/files-tmb\/TJH5YU202-FLF7AN21F-ef9bcd02eb\/image_1024.png?t=xoxe-629202954002-776688371669-763909703378-01ffaa4c4eeda75ea92ad255b32a04e5",
                "thumb_1024_w": 1024,
                "thumb_1024_h": 721,
                "image_exif_rotation": 1,
                "original_w": 1731,
                "original_h": 1219,
                "permalink": "https:\/\/harbourproject.slack.com\/files\/UJN8D8U3B\/FLF7AN21F\/image.png",
                "permalink_public": "https:\/\/slack-files.com\/TJH5YU202-FLF7AN21F-c0f54687bd",
                "is_starred": false,
                "has_rich_preview": false
            }
        ],
        "upload": true,
        "user": "UJN8D8U3B",
        "display_as_bot": false,
        "ts": "1563785665.008900",
        "client_msg_id": "04c73edc-006c-4913-b1ba-d3d064d06d32"
    },
    {
        "client_msg_id": "3121d254-dd95-4072-973a-7c871c6ebd06",
        "type": "message",
        "text": "Buenos días másters and commanders :copyright:",
        "user": "UJULQCHL5",
        "ts": "1563789112.009700",
        "team": "TJH5YU202",
        "user_team": "TJH5YU202",
        "source_team": "TJH5YU202",
        "user_profile": {
            "avatar_hash": "g7659142325a",
            "image_72": "https:\/\/secure.gravatar.com\/avatar\/c87659142325a3facb661d85281ec091.jpg?s=72&d=https%3A%2F%2Fa.slack-edge.com%2F80588%2Fimg%2Favatars%2Fuser_shapes%2Fava_0003-72.png",
            "first_name": "",
            "real_name": "Paquito",
            "display_name": "Paquito",
            "team": "TJH5YU202",
            "name": "hmpaquito",
            "is_restricted": false,
            "is_ultra_restricted": false
        }
    },
    {
        "type": "message",
        "text": "Estaba repasando Blade y me llamó la curiosidad la utilización de la sintaxis con arroba.\n\n&lt;!DOCTYPE html&gt;\n&lt;html&gt;\n&lt;head&gt;\n &lt;title&gt;Ejemplo&lt;\/title&gt;\n&lt;\/head&gt;\n &lt;body&gt;\n @if(isset($saludo))\n  {{$saludo}}\n @else\n  No hay saludo\n @endif\n &lt;\/body&gt;\n&lt;\/html&gt;\n\nEra sólo una curiosidad.\nQuería dar las gracias a Charly, Antonio y Xevi por los fantásticos vídeos. La criatura va creciendo a pasos agigantados. Pronto querrá salir por las noches :slightly_smiling_face:",
        "files": [
            {
                "id": "FLMJWN40G",
                "created": 1563789297,
                "timestamp": 1563789297,
                "name": "image.png",
                "title": "image.png",
                "mimetype": "image\/png",
                "filetype": "png",
                "pretty_type": "PNG",
                "user": "UJULQCHL5",
                "editable": false,
                "size": 515719,
                "mode": "hosted",
                "is_external": false,
                "external_type": "",
                "is_public": true,
                "public_url_shared": false,
                "display_as_bot": false,
                "username": "",
                "url_private": "https:\/\/files.slack.com\/files-pri\/TJH5YU202-FLMJWN40G\/image.png?t=xoxe-629202954002-776688371669-763909703378-01ffaa4c4eeda75ea92ad255b32a04e5",
                "url_private_download": "https:\/\/files.slack.com\/files-pri\/TJH5YU202-FLMJWN40G\/download\/image.png?t=xoxe-629202954002-776688371669-763909703378-01ffaa4c4eeda75ea92ad255b32a04e5",
                "thumb_64": "https:\/\/files.slack.com\/files-tmb\/TJH5YU202-FLMJWN40G-22ebb08633\/image_64.png?t=xoxe-629202954002-776688371669-763909703378-01ffaa4c4eeda75ea92ad255b32a04e5",
                "thumb_80": "https:\/\/files.slack.com\/files-tmb\/TJH5YU202-FLMJWN40G-22ebb08633\/image_80.png?t=xoxe-629202954002-776688371669-763909703378-01ffaa4c4eeda75ea92ad255b32a04e5",
                "thumb_360": "https:\/\/files.slack.com\/files-tmb\/TJH5YU202-FLMJWN40G-22ebb08633\/image_360.png?t=xoxe-629202954002-776688371669-763909703378-01ffaa4c4eeda75ea92ad255b32a04e5",
                "thumb_360_w": 360,
                "thumb_360_h": 228,
                "thumb_480": "https:\/\/files.slack.com\/files-tmb\/TJH5YU202-FLMJWN40G-22ebb08633\/image_480.png?t=xoxe-629202954002-776688371669-763909703378-01ffaa4c4eeda75ea92ad255b32a04e5",
                "thumb_480_w": 480,
                "thumb_480_h": 304,
                "thumb_160": "https:\/\/files.slack.com\/files-tmb\/TJH5YU202-FLMJWN40G-22ebb08633\/image_160.png?t=xoxe-629202954002-776688371669-763909703378-01ffaa4c4eeda75ea92ad255b32a04e5",
                "thumb_720": "https:\/\/files.slack.com\/files-tmb\/TJH5YU202-FLMJWN40G-22ebb08633\/image_720.png?t=xoxe-629202954002-776688371669-763909703378-01ffaa4c4eeda75ea92ad255b32a04e5",
                "thumb_720_w": 720,
                "thumb_720_h": 455,
                "thumb_800": "https:\/\/files.slack.com\/files-tmb\/TJH5YU202-FLMJWN40G-22ebb08633\/image_800.png?t=xoxe-629202954002-776688371669-763909703378-01ffaa4c4eeda75ea92ad255b32a04e5",
                "thumb_800_w": 800,
                "thumb_800_h": 506,
                "thumb_960": "https:\/\/files.slack.com\/files-tmb\/TJH5YU202-FLMJWN40G-22ebb08633\/image_960.png?t=xoxe-629202954002-776688371669-763909703378-01ffaa4c4eeda75ea92ad255b32a04e5",
                "thumb_960_w": 960,
                "thumb_960_h": 607,
                "thumb_1024": "https:\/\/files.slack.com\/files-tmb\/TJH5YU202-FLMJWN40G-22ebb08633\/image_1024.png?t=xoxe-629202954002-776688371669-763909703378-01ffaa4c4eeda75ea92ad255b32a04e5",
                "thumb_1024_w": 1024,
                "thumb_1024_h": 648,
                "image_exif_rotation": 1,
                "original_w": 1287,
                "original_h": 814,
                "permalink": "https:\/\/harbourproject.slack.com\/files\/UJULQCHL5\/FLMJWN40G\/image.png",
                "permalink_public": "https:\/\/slack-files.com\/TJH5YU202-FLMJWN40G-b47b89fb02",
                "is_starred": false,
                "has_rich_preview": false
            }
        ],
        "upload": true,
        "user": "UJULQCHL5",
        "display_as_bot": false,
        "ts": "1563789300.010000",
        "client_msg_id": "d3ec67cb-20c6-411b-9c1a-85f30b6ace82"
    },
    {
        "type": "message",
        "text": "",
        "files": [
            {
                "id": "FLPPTB5HC",
                "created": 1563790137,
                "timestamp": 1563790137,
                "name": "Sin título",
                "title": "Sin título",
                "mimetype": "text\/plain",
                "filetype": "html",
                "pretty_type": "HTML",
                "user": "UJWR5N32S",
                "editable": true,
                "size": 214,
                "mode": "snippet",
                "is_external": false,
                "external_type": "",
                "is_public": true,
                "public_url_shared": false,
                "display_as_bot": false,
                "username": "",
                "url_private": "https:\/\/files.slack.com\/files-pri\/TJH5YU202-FLPPTB5HC\/sin_t__tulo?t=xoxe-629202954002-776688371669-763909703378-01ffaa4c4eeda75ea92ad255b32a04e5",
                "url_private_download": "https:\/\/files.slack.com\/files-pri\/TJH5YU202-FLPPTB5HC\/download\/sin_t__tulo?t=xoxe-629202954002-776688371669-763909703378-01ffaa4c4eeda75ea92ad255b32a04e5",
                "permalink": "https:\/\/harbourproject.slack.com\/files\/UJWR5N32S\/FLPPTB5HC\/sin_t__tulo",
                "permalink_public": "https:\/\/slack-files.com\/TJH5YU202-FLPPTB5HC-e021b1e01b",
                "edit_link": "https:\/\/harbourproject.slack.com\/files\/UJWR5N32S\/FLPPTB5HC\/sin_t__tulo\/edit",
                "is_starred": false,
                "has_rich_preview": false
            }
        ],
        "upload": true,
        "user": "UJWR5N32S",
        "display_as_bot": false,
        "ts": "1563790138.010300",
        "client_msg_id": "9765ee31-1c7e-44fb-a952-d637d3a035b8"
    },
    {
        "client_msg_id": "026d2234-a64f-4a46-9371-02533c9bdd15",
        "type": "message",
        "text": "Una manera de hacerlo...",
        "user": "UJWR5N32S",
        "ts": "1563790150.010700",
        "team": "TJH5YU202",
        "user_team": "TJH5YU202",
        "source_team": "TJH5YU202",
        "user_profile": {
            "avatar_hash": "273d3745f7ae",
            "image_72": "https:\/\/avatars.slack-edge.com\/2019-05-20\/634344238497_273d3745f7ae1b176b82_72.jpg",
            "first_name": "Charly",
            "real_name": "Charly",
            "display_name": "Charly",
            "team": "TJH5YU202",
            "name": "carles9000",
            "is_restricted": false,
            "is_ultra_restricted": false
        }
    },
    {
        "client_msg_id": "9ce63ccb-c99b-4e84-9c5d-79fca0d495c4",
        "type": "message",
        "text": "Charly... voy a instalar mod_harbour en Windows, con xampp... x64, mejor ???",
        "user": "UJU3NMK0U",
        "ts": "1563803718.012300",
        "team": "TJH5YU202",
        "user_team": "TJH5YU202",
        "source_team": "TJH5YU202",
        "user_profile": {
            "avatar_hash": "48f1b9655122",
            "image_72": "https:\/\/avatars.slack-edge.com\/2019-05-20\/640143784356_48f1b96551220d9fdd4d_72.jpg",
            "first_name": "Xevi",
            "real_name": "Xevi",
            "display_name": "Xevi",
            "team": "TJH5YU202",
            "name": "xevicomas",
            "is_restricted": false,
            "is_ultra_restricted": false
        }
    },
    {
        "client_msg_id": "4561b151-3a7a-41e3-b16a-21af2d42550c",
        "type": "message",
        "text": "creo tu instalaste o tienes instalado 32bits, es por hacer las pruebas en otro sistema y así no hacerlas sobre el mismo",
        "user": "UJU3NMK0U",
        "ts": "1563803760.013300",
        "team": "TJH5YU202",
        "user_team": "TJH5YU202",
        "source_team": "TJH5YU202",
        "user_profile": {
            "avatar_hash": "48f1b9655122",
            "image_72": "https:\/\/avatars.slack-edge.com\/2019-05-20\/640143784356_48f1b96551220d9fdd4d_72.jpg",
            "first_name": "Xevi",
            "real_name": "Xevi",
            "display_name": "Xevi",
            "team": "TJH5YU202",
            "name": "xevicomas",
            "is_restricted": false,
            "is_ultra_restricted": false
        }
    },
    {
        "client_msg_id": "e70225be-04ac-43ca-a0a0-1f9f3aa45693",
        "type": "message",
        "text": "Yo tengo xampp 32 y 64 por temas php. Cualquiera te ira bien",
        "user": "UJWR5N32S",
        "ts": "1563803825.015000",
        "team": "TJH5YU202",
        "user_team": "TJH5YU202",
        "source_team": "TJH5YU202",
        "user_profile": {
            "avatar_hash": "273d3745f7ae",
            "image_72": "https:\/\/avatars.slack-edge.com\/2019-05-20\/634344238497_273d3745f7ae1b176b82_72.jpg",
            "first_name": "Charly",
            "real_name": "Charly",
            "display_name": "Charly",
            "team": "TJH5YU202",
            "name": "carles9000",
            "is_restricted": false,
            "is_ultra_restricted": false
        }
    },
    {
        "client_msg_id": "cc943531-e801-4138-befa-5097c3bdc5a5",
        "type": "message",
        "text": "okis",
        "user": "UJU3NMK0U",
        "ts": "1563803832.015200",
        "team": "TJH5YU202",
        "user_team": "TJH5YU202",
        "source_team": "TJH5YU202",
        "user_profile": {
            "avatar_hash": "48f1b9655122",
            "image_72": "https:\/\/avatars.slack-edge.com\/2019-05-20\/640143784356_48f1b96551220d9fdd4d_72.jpg",
            "first_name": "Xevi",
            "real_name": "Xevi",
            "display_name": "Xevi",
            "team": "TJH5YU202",
            "name": "xevicomas",
            "is_restricted": false,
            "is_ultra_restricted": false
        }
    },
    {
        "client_msg_id": "1ef6565f-52f5-44df-8d64-d9e9daec435b",
        "type": "message",
        "text": "Xevi yo tengo xampp last version y va bien en windows..",
        "user": "UK28N3CER",
        "ts": "1563814316.015700",
        "team": "TJH5YU202",
        "user_team": "TJH5YU202",
        "source_team": "TJH5YU202",
        "user_profile": {
            "avatar_hash": "3fec6e3393a8",
            "image_72": "https:\/\/avatars.slack-edge.com\/2019-08-17\/723363154273_3fec6e3393a86fb3e470_72.jpg",
            "first_name": "",
            "real_name": "Cesar SysCtrl Software",
            "display_name": "Cesar SysCtrl Software",
            "team": "TJH5YU202",
            "name": "sysctrlsoftware",
            "is_restricted": false,
            "is_ultra_restricted": false
        }
    },
    {
        "client_msg_id": "5a87ed4e-5f3e-4906-9b1b-407e6381e783",
        "type": "message",
        "text": "pero si me gustaria tener linux en bash de windows para empezar a probar de los 2 modos..",
        "user": "UK28N3CER",
        "ts": "1563814340.016300",
        "team": "TJH5YU202",
        "user_team": "TJH5YU202",
        "source_team": "TJH5YU202",
        "user_profile": {
            "avatar_hash": "3fec6e3393a8",
            "image_72": "https:\/\/avatars.slack-edge.com\/2019-08-17\/723363154273_3fec6e3393a86fb3e470_72.jpg",
            "first_name": "",
            "real_name": "Cesar SysCtrl Software",
            "display_name": "Cesar SysCtrl Software",
            "team": "TJH5YU202",
            "name": "sysctrlsoftware",
            "is_restricted": false,
            "is_ultra_restricted": false
        }
    },
    {
        "client_msg_id": "36d09a68-743c-4d83-8f54-e677c9b54c79",
        "type": "message",
        "text": "buena tarde a todos",
        "user": "UK28N3CER",
        "ts": "1563814378.016500",
        "team": "TJH5YU202",
        "user_team": "TJH5YU202",
        "source_team": "TJH5YU202",
        "user_profile": {
            "avatar_hash": "3fec6e3393a8",
            "image_72": "https:\/\/avatars.slack-edge.com\/2019-08-17\/723363154273_3fec6e3393a86fb3e470_72.jpg",
            "first_name": "",
            "real_name": "Cesar SysCtrl Software",
            "display_name": "Cesar SysCtrl Software",
            "team": "TJH5YU202",
            "name": "sysctrlsoftware",
            "is_restricted": false,
            "is_ultra_restricted": false
        }
    },
    {
        "client_msg_id": "6f5d5781-dd8b-4f76-92e5-a40ac2a5b89c",
        "type": "message",
        "text": "Ya lo tengo funcionando en los dos entornos!!!",
        "user": "UJU3NMK0U",
        "ts": "1563815819.019300",
        "team": "TJH5YU202",
        "user_team": "TJH5YU202",
        "source_team": "TJH5YU202",
        "user_profile": {
            "avatar_hash": "48f1b9655122",
            "image_72": "https:\/\/avatars.slack-edge.com\/2019-05-20\/640143784356_48f1b96551220d9fdd4d_72.jpg",
            "first_name": "Xevi",
            "real_name": "Xevi",
            "display_name": "Xevi",
            "team": "TJH5YU202",
            "name": "xevicomas",
            "is_restricted": false,
            "is_ultra_restricted": false
        },
        "reactions": [
            {
                "name": "+1",
                "users": [
                    "UK28N3CER"
                ],
                "count": 1
            }
        ]
    },
    {
        "client_msg_id": "d875eb09-cff0-4c88-a7b5-a68ac2412df6",
        "type": "message",
        "text": "Sabemos que estamos en tiempos de prueba, y se trata de momento de eso, pruebas y más pruebas!!!",
        "user": "UJU3NMK0U",
        "ts": "1563815843.019800",
        "team": "TJH5YU202",
        "user_team": "TJH5YU202",
        "source_team": "TJH5YU202",
        "user_profile": {
            "avatar_hash": "48f1b9655122",
            "image_72": "https:\/\/avatars.slack-edge.com\/2019-05-20\/640143784356_48f1b96551220d9fdd4d_72.jpg",
            "first_name": "Xevi",
            "real_name": "Xevi",
            "display_name": "Xevi",
            "team": "TJH5YU202",
            "name": "xevicomas",
            "is_restricted": false,
            "is_ultra_restricted": false
        }
    },
    {
        "client_msg_id": "3263e854-c1bd-416c-bf53-7d9dc7bfe00a",
        "type": "message",
        "text": "Pues le estaba dando vueltas. Hacer esto puede ser facil si le damos la vuelta al @.\n\n*Es decir, en vez de hacer asi:*\n&lt;!DOCTYPE html&gt;\n&lt;html&gt;\n&lt;head&gt;\n&lt;title&gt;Ejemplo&lt;\/title&gt;\n&lt;\/head&gt;\n&lt;body&gt;\n@if(isset($saludo))\n {{$saludo}}\n@else\n No hay saludo\n@endif\n&lt;\/body&gt;\n&lt;\/html&gt;\n\n*Hacer asi:*\n@&lt;!DOCTYPE html&gt;\n@&lt;html&gt;\n@&lt;head&gt;\n@&lt;title&gt;Ejemplo&lt;\/title&gt;\n@&lt;\/head&gt;\n@&lt;body&gt;\nif(isset($saludo))\n  {{$saludo}}\nelse\n@ No hay saludo\nendif\n@&lt;\/body&gt;\n@&lt;\/html&gt;\n\nNo tiene importancia. Sólo le estaba dando vueltas. Ganas de perder el tiempo :grimacing:",
        "user": "UJULQCHL5",
        "ts": "1563815947.019900",
        "team": "TJH5YU202",
        "user_team": "TJH5YU202",
        "source_team": "TJH5YU202",
        "user_profile": {
            "avatar_hash": "g7659142325a",
            "image_72": "https:\/\/secure.gravatar.com\/avatar\/c87659142325a3facb661d85281ec091.jpg?s=72&d=https%3A%2F%2Fa.slack-edge.com%2F80588%2Fimg%2Favatars%2Fuser_shapes%2Fava_0003-72.png",
            "first_name": "",
            "real_name": "Paquito",
            "display_name": "Paquito",
            "team": "TJH5YU202",
            "name": "hmpaquito",
            "is_restricted": false,
            "is_ultra_restricted": false
        }
    },
    {
        "client_msg_id": "2446ba3a-e005-4fd4-b694-78c87425738c",
        "type": "message",
        "text": "Bueno en realidad no es necesario darle la vuelta al signo @\nPuede funcionar sin darle la vuelta  :grimacing: :grimacing:",
        "user": "UJULQCHL5",
        "ts": "1563817122.021700",
        "team": "TJH5YU202",
        "user_team": "TJH5YU202",
        "source_team": "TJH5YU202",
        "user_profile": {
            "avatar_hash": "g7659142325a",
            "image_72": "https:\/\/secure.gravatar.com\/avatar\/c87659142325a3facb661d85281ec091.jpg?s=72&d=https%3A%2F%2Fa.slack-edge.com%2F80588%2Fimg%2Favatars%2Fuser_shapes%2Fava_0003-72.png",
            "first_name": "",
            "real_name": "Paquito",
            "display_name": "Paquito",
            "team": "TJH5YU202",
            "name": "hmpaquito",
            "is_restricted": false,
            "is_ultra_restricted": false
        }
    },
    {
        "type": "message",
        "text": "Hola Antonio, esta pantalla no hace scroll  , debo de usar el TAB para llegar a los campos de New sccount. First Name, Last Name, etc.",
        "files": [
            {
                "id": "FLQAX92Q7",
                "created": 1563834339,
                "timestamp": 1563834339,
                "name": "image.png",
                "title": "image.png",
                "mimetype": "image\/png",
                "filetype": "png",
                "pretty_type": "PNG",
                "user": "UK28N3CER",
                "editable": false,
                "size": 64859,
                "mode": "hosted",
                "is_external": false,
                "external_type": "",
                "is_public": true,
                "public_url_shared": false,
                "display_as_bot": false,
                "username": "",
                "url_private": "https:\/\/files.slack.com\/files-pri\/TJH5YU202-FLQAX92Q7\/image.png?t=xoxe-629202954002-776688371669-763909703378-01ffaa4c4eeda75ea92ad255b32a04e5",
                "url_private_download": "https:\/\/files.slack.com\/files-pri\/TJH5YU202-FLQAX92Q7\/download\/image.png?t=xoxe-629202954002-776688371669-763909703378-01ffaa4c4eeda75ea92ad255b32a04e5",
                "thumb_64": "https:\/\/files.slack.com\/files-tmb\/TJH5YU202-FLQAX92Q7-84bafbd881\/image_64.png?t=xoxe-629202954002-776688371669-763909703378-01ffaa4c4eeda75ea92ad255b32a04e5",
                "thumb_80": "https:\/\/files.slack.com\/files-tmb\/TJH5YU202-FLQAX92Q7-84bafbd881\/image_80.png?t=xoxe-629202954002-776688371669-763909703378-01ffaa4c4eeda75ea92ad255b32a04e5",
                "thumb_360": "https:\/\/files.slack.com\/files-tmb\/TJH5YU202-FLQAX92Q7-84bafbd881\/image_360.png?t=xoxe-629202954002-776688371669-763909703378-01ffaa4c4eeda75ea92ad255b32a04e5",
                "thumb_360_w": 360,
                "thumb_360_h": 190,
                "thumb_480": "https:\/\/files.slack.com\/files-tmb\/TJH5YU202-FLQAX92Q7-84bafbd881\/image_480.png?t=xoxe-629202954002-776688371669-763909703378-01ffaa4c4eeda75ea92ad255b32a04e5",
                "thumb_480_w": 480,
                "thumb_480_h": 253,
                "thumb_160": "https:\/\/files.slack.com\/files-tmb\/TJH5YU202-FLQAX92Q7-84bafbd881\/image_160.png?t=xoxe-629202954002-776688371669-763909703378-01ffaa4c4eeda75ea92ad255b32a04e5",
                "thumb_720": "https:\/\/files.slack.com\/files-tmb\/TJH5YU202-FLQAX92Q7-84bafbd881\/image_720.png?t=xoxe-629202954002-776688371669-763909703378-01ffaa4c4eeda75ea92ad255b32a04e5",
                "thumb_720_w": 720,
                "thumb_720_h": 380,
                "thumb_800": "https:\/\/files.slack.com\/files-tmb\/TJH5YU202-FLQAX92Q7-84bafbd881\/image_800.png?t=xoxe-629202954002-776688371669-763909703378-01ffaa4c4eeda75ea92ad255b32a04e5",
                "thumb_800_w": 800,
                "thumb_800_h": 422,
                "thumb_960": "https:\/\/files.slack.com\/files-tmb\/TJH5YU202-FLQAX92Q7-84bafbd881\/image_960.png?t=xoxe-629202954002-776688371669-763909703378-01ffaa4c4eeda75ea92ad255b32a04e5",
                "thumb_960_w": 960,
                "thumb_960_h": 506,
                "thumb_1024": "https:\/\/files.slack.com\/files-tmb\/TJH5YU202-FLQAX92Q7-84bafbd881\/image_1024.png?t=xoxe-629202954002-776688371669-763909703378-01ffaa4c4eeda75ea92ad255b32a04e5",
                "thumb_1024_w": 1024,
                "thumb_1024_h": 540,
                "image_exif_rotation": 1,
                "original_w": 1306,
                "original_h": 689,
                "permalink": "https:\/\/harbourproject.slack.com\/files\/UK28N3CER\/FLQAX92Q7\/image.png",
                "permalink_public": "https:\/\/slack-files.com\/TJH5YU202-FLQAX92Q7-d7310cf744",
                "is_starred": false,
                "has_rich_preview": false
            }
        ],
        "upload": true,
        "user": "UK28N3CER",
        "display_as_bot": false,
        "ts": "1563834342.023600",
        "client_msg_id": "2b7224e5-ae56-4be5-a2ee-fb1b95f1e787"
    },
    {
        "client_msg_id": "d4085cfe-32b6-4a3c-81ad-044b855462b1",
        "type": "message",
        "text": "César, arreglado",
        "user": "UJN8D8U3B",
        "ts": "1563858124.024100",
        "team": "TJH5YU202",
        "user_team": "TJH5YU202",
        "source_team": "TJH5YU202",
        "user_profile": {
            "avatar_hash": "g92ad2abcc45",
            "image_72": "https:\/\/secure.gravatar.com\/avatar\/8492ad2abcc45ce53969adcf8420acde.jpg?s=72&d=https%3A%2F%2Fa.slack-edge.com%2F80588%2Fimg%2Favatars%2Fuser_shapes%2Fava_0008-72.png",
            "first_name": "",
            "real_name": "Antonio Linares",
            "display_name": "Antonio Linares",
            "team": "TJH5YU202",
            "name": "alinares",
            "is_restricted": false,
            "is_ultra_restricted": false
        }
    },
    {
        "client_msg_id": "31684092-9373-4c7d-9a3e-8ee29778faff",
        "type": "message",
        "text": "<https:\/\/harbour.fourtech.es\/modharbour_samples\/genesis\/index.prg>",
        "user": "UJN8D8U3B",
        "ts": "1563858127.024300",
        "team": "TJH5YU202",
        "user_team": "TJH5YU202",
        "source_team": "TJH5YU202",
        "user_profile": {
            "avatar_hash": "g92ad2abcc45",
            "image_72": "https:\/\/secure.gravatar.com\/avatar\/8492ad2abcc45ce53969adcf8420acde.jpg?s=72&d=https%3A%2F%2Fa.slack-edge.com%2F80588%2Fimg%2Favatars%2Fuser_shapes%2Fava_0008-72.png",
            "first_name": "",
            "real_name": "Antonio Linares",
            "display_name": "Antonio Linares",
            "team": "TJH5YU202",
            "name": "alinares",
            "is_restricted": false,
            "is_ultra_restricted": false
        }
    },
    {
        "client_msg_id": "ab1d8bf9-dea4-4172-83b1-1afcf5553c10",
        "type": "message",
        "text": "Bon dia",
        "user": "UJWR5N32S",
        "ts": "1563858574.024800",
        "team": "TJH5YU202",
        "user_team": "TJH5YU202",
        "source_team": "TJH5YU202",
        "user_profile": {
            "avatar_hash": "273d3745f7ae",
            "image_72": "https:\/\/avatars.slack-edge.com\/2019-05-20\/634344238497_273d3745f7ae1b176b82_72.jpg",
            "first_name": "Charly",
            "real_name": "Charly",
            "display_name": "Charly",
            "team": "TJH5YU202",
            "name": "carles9000",
            "is_restricted": false,
            "is_ultra_restricted": false
        }
    },
    {
        "client_msg_id": "d4236062-bd3a-421f-947b-1aec0dcb00bf",
        "type": "message",
        "text": "buenos dias :sunny:",
        "user": "UJN8D8U3B",
        "ts": "1563860233.025100",
        "team": "TJH5YU202",
        "user_team": "TJH5YU202",
        "source_team": "TJH5YU202",
        "user_profile": {
            "avatar_hash": "g92ad2abcc45",
            "image_72": "https:\/\/secure.gravatar.com\/avatar\/8492ad2abcc45ce53969adcf8420acde.jpg?s=72&d=https%3A%2F%2Fa.slack-edge.com%2F80588%2Fimg%2Favatars%2Fuser_shapes%2Fava_0008-72.png",
            "first_name": "",
            "real_name": "Antonio Linares",
            "display_name": "Antonio Linares",
            "team": "TJH5YU202",
            "name": "alinares",
            "is_restricted": false,
            "is_ultra_restricted": false
        }
    },
    {
        "client_msg_id": "6346e661-2683-41f5-b0be-1c03d09d263c",
        "type": "message",
        "text": "César arregladas tambien las pantallas de edicción y ejecución en Génesis",
        "user": "UJN8D8U3B",
        "ts": "1563860330.025700",
        "team": "TJH5YU202",
        "user_team": "TJH5YU202",
        "source_team": "TJH5YU202",
        "user_profile": {
            "avatar_hash": "g92ad2abcc45",
            "image_72": "https:\/\/secure.gravatar.com\/avatar\/8492ad2abcc45ce53969adcf8420acde.jpg?s=72&d=https%3A%2F%2Fa.slack-edge.com%2F80588%2Fimg%2Favatars%2Fuser_shapes%2Fava_0008-72.png",
            "first_name": "",
            "real_name": "Antonio Linares",
            "display_name": "Antonio Linares",
            "team": "TJH5YU202",
            "name": "alinares",
            "is_restricted": false,
            "is_ultra_restricted": false
        }
    },
    {
        "client_msg_id": "2fcb3267-54d5-4c18-8d1b-7db7ec045960",
        "type": "message",
        "text": "Bon dia \/ Buenos días",
        "user": "UJU3NMK0U",
        "ts": "1563860345.025900",
        "team": "TJH5YU202",
        "user_team": "TJH5YU202",
        "source_team": "TJH5YU202",
        "user_profile": {
            "avatar_hash": "48f1b9655122",
            "image_72": "https:\/\/avatars.slack-edge.com\/2019-05-20\/640143784356_48f1b96551220d9fdd4d_72.jpg",
            "first_name": "Xevi",
            "real_name": "Xevi",
            "display_name": "Xevi",
            "team": "TJH5YU202",
            "name": "xevicomas",
            "is_restricted": false,
            "is_ultra_restricted": false
        }
    },
    {
        "client_msg_id": "fceba716-80e2-4ab1-92be-3af8e2d5a546",
        "type": "message",
        "text": "La sencillez de utilizar\/instalar modharbour web en Windows, que es el sistema operativo que conocemos y nos es mas familiar a los que programamos en entorno windows... no tiene comparación en lo que se nos \"complica\" al instalar modharbour en Ubuntu. Te das cuenta cuando lo tienes funcionando en uno y otro entorno. Con eso, no quiero decir PARA NADA que uno no sea mejor, mas rápido, mas seguro... lo digo por lo conocido por mi, por la \"sencillez\".  Bajar dos ficheros, alojarlos en dos carpetas determinadas... y a funcionar!!!",
        "user": "UJU3NMK0U",
        "ts": "1563860646.030500",
        "team": "TJH5YU202",
        "user_team": "TJH5YU202",
        "source_team": "TJH5YU202",
        "user_profile": {
            "avatar_hash": "48f1b9655122",
            "image_72": "https:\/\/avatars.slack-edge.com\/2019-05-20\/640143784356_48f1b96551220d9fdd4d_72.jpg",
            "first_name": "Xevi",
            "real_name": "Xevi",
            "display_name": "Xevi",
            "team": "TJH5YU202",
            "name": "xevicomas",
            "is_restricted": false,
            "is_ultra_restricted": false
        }
    },
    {
        "client_msg_id": "b7dd3153-14fe-48a5-83c7-a2e6c34fd328",
        "type": "message",
        "text": "Además... cuando hay algun cambio\/modificación del modharbour o la dll, se cambia ese archivo, y xin-pun...",
        "user": "UJU3NMK0U",
        "ts": "1563860734.031700",
        "team": "TJH5YU202",
        "user_team": "TJH5YU202",
        "source_team": "TJH5YU202",
        "user_profile": {
            "avatar_hash": "48f1b9655122",
            "image_72": "https:\/\/avatars.slack-edge.com\/2019-05-20\/640143784356_48f1b96551220d9fdd4d_72.jpg",
            "first_name": "Xevi",
            "real_name": "Xevi",
            "display_name": "Xevi",
            "team": "TJH5YU202",
            "name": "xevicomas",
            "is_restricted": false,
            "is_ultra_restricted": false
        }
    },
    {
        "client_msg_id": "8f6a92b0-91c8-4499-a0d5-394319a09ff7",
        "type": "message",
        "text": "Pero... una cosa que no veo.\n¿Como me \"descargo\" los Samples del modharbour desde Windows???",
        "user": "UJU3NMK0U",
        "ts": "1563861223.033900",
        "team": "TJH5YU202",
        "user_team": "TJH5YU202",
        "source_team": "TJH5YU202",
        "user_profile": {
            "avatar_hash": "48f1b9655122",
            "image_72": "https:\/\/avatars.slack-edge.com\/2019-05-20\/640143784356_48f1b96551220d9fdd4d_72.jpg",
            "first_name": "Xevi",
            "real_name": "Xevi",
            "display_name": "Xevi",
            "team": "TJH5YU202",
            "name": "xevicomas",
            "is_restricted": false,
            "is_ultra_restricted": false
        }
    },
    {
        "client_msg_id": "c4996ec9-b78a-49a9-92ac-52c8733eccf2",
        "type": "message",
        "text": "Xevi, la mejor manera es create una carpeta rep. Dentro de la carpeta te creas un clone del proyecto",
        "user": "UJWR5N32S",
        "ts": "1563861549.034600",
        "team": "TJH5YU202",
        "user_team": "TJH5YU202",
        "source_team": "TJH5YU202",
        "user_profile": {
            "avatar_hash": "273d3745f7ae",
            "image_72": "https:\/\/avatars.slack-edge.com\/2019-05-20\/634344238497_273d3745f7ae1b176b82_72.jpg",
            "first_name": "Charly",
            "real_name": "Charly",
            "display_name": "Charly",
            "team": "TJH5YU202",
            "name": "carles9000",
            "is_restricted": false,
            "is_ultra_restricted": false
        }
    },
    {
        "client_msg_id": "ae61841a-af1c-4df9-9ad8-2cb5926aeda3",
        "type": "message",
        "text": "git clone <https:\/\/github.com\/FiveTechSoft\/mod_harbour.git>",
        "user": "UJWR5N32S",
        "ts": "1563861554.034800",
        "team": "TJH5YU202",
        "user_team": "TJH5YU202",
        "source_team": "TJH5YU202",
        "user_profile": {
            "avatar_hash": "273d3745f7ae",
            "image_72": "https:\/\/avatars.slack-edge.com\/2019-05-20\/634344238497_273d3745f7ae1b176b82_72.jpg",
            "first_name": "Charly",
            "real_name": "Charly",
            "display_name": "Charly",
            "team": "TJH5YU202",
            "name": "carles9000",
            "is_restricted": false,
            "is_ultra_restricted": false
        },
        "attachments": [
            {
                "service_name": "GitHub",
                "title": "FiveTechSoft\/mod_harbour",
                "title_link": "https:\/\/github.com\/FiveTechSoft\/mod_harbour.git",
                "text": "Apache mod for Harbour. Contribute to FiveTechSoft\/mod_harbour development by creating an account on GitHub.",
                "fallback": "GitHub: FiveTechSoft\/mod_harbour",
                "from_url": "https:\/\/github.com\/FiveTechSoft\/mod_harbour.git",
                "thumb_url": "https:\/\/repository-images.githubusercontent.com\/186821405\/052d6000-7f03-11e9-85fa-9472623f216c",
                "thumb_width": 190,
                "thumb_height": 191,
                "service_icon": "https:\/\/a.slack-edge.com\/bfaba\/img\/unfurl_icons\/github.png",
                "id": 1,
                "original_url": "https:\/\/github.com\/FiveTechSoft\/mod_harbour.git"
            }
        ]
    },
    {
        "client_msg_id": "b718cd54-af0d-451a-b292-c5cf1d1142e7",
        "type": "message",
        "text": "una vez descargado, tendras actualizada todo el proyecto.",
        "user": "UJWR5N32S",
        "ts": "1563861585.035400",
        "team": "TJH5YU202",
        "user_team": "TJH5YU202",
        "source_team": "TJH5YU202",
        "user_profile": {
            "avatar_hash": "273d3745f7ae",
            "image_72": "https:\/\/avatars.slack-edge.com\/2019-05-20\/634344238497_273d3745f7ae1b176b82_72.jpg",
            "first_name": "Charly",
            "real_name": "Charly",
            "display_name": "Charly",
            "team": "TJH5YU202",
            "name": "carles9000",
            "is_restricted": false,
            "is_ultra_restricted": false
        }
    },
    {
        "client_msg_id": "e15feb39-c125-464e-a943-31dc86cd09b0",
        "type": "message",
        "text": "Para refrescar el contenido -&gt; git pull",
        "user": "UJWR5N32S",
        "ts": "1563861598.035800",
        "team": "TJH5YU202",
        "user_team": "TJH5YU202",
        "source_team": "TJH5YU202",
        "user_profile": {
            "avatar_hash": "273d3745f7ae",
            "image_72": "https:\/\/avatars.slack-edge.com\/2019-05-20\/634344238497_273d3745f7ae1b176b82_72.jpg",
            "first_name": "Charly",
            "real_name": "Charly",
            "display_name": "Charly",
            "team": "TJH5YU202",
            "name": "carles9000",
            "is_restricted": false,
            "is_ultra_restricted": false
        }
    },
    {
        "client_msg_id": "87514354-1f8a-442c-8412-880cdb4d8e14",
        "type": "message",
        "text": "lo voy a probar. Gracias Charly.",
        "user": "UJU3NMK0U",
        "ts": "1563861685.036200",
        "team": "TJH5YU202",
        "user_team": "TJH5YU202",
        "source_team": "TJH5YU202",
        "user_profile": {
            "avatar_hash": "48f1b9655122",
            "image_72": "https:\/\/avatars.slack-edge.com\/2019-05-20\/640143784356_48f1b96551220d9fdd4d_72.jpg",
            "first_name": "Xevi",
            "real_name": "Xevi",
            "display_name": "Xevi",
            "team": "TJH5YU202",
            "name": "xevicomas",
            "is_restricted": false,
            "is_ultra_restricted": false
        }
    }
]