[
    {
        "client_msg_id": "424d6db5-5dc9-480d-890a-25de7417af18",
        "type": "message",
        "text": "Ya funciona body.prg",
        "user": "UJU2ZLJBW",
        "ts": "1560239182.237700",
        "team": "TJH5YU202",
        "user_team": "TJH5YU202",
        "source_team": "TJH5YU202",
        "user_profile": {
            "avatar_hash": "g4df4d90232e",
            "image_72": "https:\/\/secure.gravatar.com\/avatar\/0b4df4d90232ed07739bd4134b92a6d1.jpg?s=72&d=https%3A%2F%2Fa.slack-edge.com%2F80588%2Fimg%2Favatars%2Fuser_shapes%2Fava_0022-72.png",
            "first_name": "Carlos",
            "real_name": "Carlos Mora",
            "display_name": "",
            "team": "TJH5YU202",
            "name": "carlosantoniomora",
            "is_restricted": false,
            "is_ultra_restricted": false
        }
    },
    {
        "client_msg_id": "0564e9a3-fd83-4217-a9e3-7d25e79d69af",
        "type": "message",
        "text": "si",
        "user": "UJN8D8U3B",
        "ts": "1560239196.237900",
        "team": "TJH5YU202",
        "user_team": "TJH5YU202",
        "source_team": "TJH5YU202",
        "user_profile": {
            "avatar_hash": "g92ad2abcc45",
            "image_72": "https:\/\/secure.gravatar.com\/avatar\/8492ad2abcc45ce53969adcf8420acde.jpg?s=72&d=https%3A%2F%2Fa.slack-edge.com%2F80588%2Fimg%2Favatars%2Fuser_shapes%2Fava_0008-72.png",
            "first_name": "",
            "real_name": "Antonio Linares",
            "display_name": "Antonio Linares",
            "team": "TJH5YU202",
            "name": "alinares",
            "is_restricted": false,
            "is_ultra_restricted": false
        }
    },
    {
        "type": "message",
        "text": "",
        "files": [
            {
                "id": "FKH32GGP9",
                "created": 1560239296,
                "timestamp": 1560239296,
                "name": "image.png",
                "title": "image.png",
                "mimetype": "image\/png",
                "filetype": "png",
                "pretty_type": "PNG",
                "user": "UJU2ZLJBW",
                "editable": false,
                "size": 115798,
                "mode": "hosted",
                "is_external": false,
                "external_type": "",
                "is_public": true,
                "public_url_shared": false,
                "display_as_bot": false,
                "username": "",
                "url_private": "https:\/\/files.slack.com\/files-pri\/TJH5YU202-FKH32GGP9\/image.png?t=xoxe-629202954002-776688371669-763909703378-01ffaa4c4eeda75ea92ad255b32a04e5",
                "url_private_download": "https:\/\/files.slack.com\/files-pri\/TJH5YU202-FKH32GGP9\/download\/image.png?t=xoxe-629202954002-776688371669-763909703378-01ffaa4c4eeda75ea92ad255b32a04e5",
                "thumb_64": "https:\/\/files.slack.com\/files-tmb\/TJH5YU202-FKH32GGP9-cdc99a79c6\/image_64.png?t=xoxe-629202954002-776688371669-763909703378-01ffaa4c4eeda75ea92ad255b32a04e5",
                "thumb_80": "https:\/\/files.slack.com\/files-tmb\/TJH5YU202-FKH32GGP9-cdc99a79c6\/image_80.png?t=xoxe-629202954002-776688371669-763909703378-01ffaa4c4eeda75ea92ad255b32a04e5",
                "thumb_360": "https:\/\/files.slack.com\/files-tmb\/TJH5YU202-FKH32GGP9-cdc99a79c6\/image_360.png?t=xoxe-629202954002-776688371669-763909703378-01ffaa4c4eeda75ea92ad255b32a04e5",
                "thumb_360_w": 360,
                "thumb_360_h": 286,
                "thumb_480": "https:\/\/files.slack.com\/files-tmb\/TJH5YU202-FKH32GGP9-cdc99a79c6\/image_480.png?t=xoxe-629202954002-776688371669-763909703378-01ffaa4c4eeda75ea92ad255b32a04e5",
                "thumb_480_w": 480,
                "thumb_480_h": 381,
                "thumb_160": "https:\/\/files.slack.com\/files-tmb\/TJH5YU202-FKH32GGP9-cdc99a79c6\/image_160.png?t=xoxe-629202954002-776688371669-763909703378-01ffaa4c4eeda75ea92ad255b32a04e5",
                "thumb_720": "https:\/\/files.slack.com\/files-tmb\/TJH5YU202-FKH32GGP9-cdc99a79c6\/image_720.png?t=xoxe-629202954002-776688371669-763909703378-01ffaa4c4eeda75ea92ad255b32a04e5",
                "thumb_720_w": 720,
                "thumb_720_h": 572,
                "thumb_800": "https:\/\/files.slack.com\/files-tmb\/TJH5YU202-FKH32GGP9-cdc99a79c6\/image_800.png?t=xoxe-629202954002-776688371669-763909703378-01ffaa4c4eeda75ea92ad255b32a04e5",
                "thumb_800_w": 800,
                "thumb_800_h": 635,
                "thumb_960": "https:\/\/files.slack.com\/files-tmb\/TJH5YU202-FKH32GGP9-cdc99a79c6\/image_960.png?t=xoxe-629202954002-776688371669-763909703378-01ffaa4c4eeda75ea92ad255b32a04e5",
                "thumb_960_w": 960,
                "thumb_960_h": 762,
                "thumb_1024": "https:\/\/files.slack.com\/files-tmb\/TJH5YU202-FKH32GGP9-cdc99a79c6\/image_1024.png?t=xoxe-629202954002-776688371669-763909703378-01ffaa4c4eeda75ea92ad255b32a04e5",
                "thumb_1024_w": 1024,
                "thumb_1024_h": 813,
                "image_exif_rotation": 1,
                "original_w": 1292,
                "original_h": 1026,
                "permalink": "https:\/\/harbourproject.slack.com\/files\/UJU2ZLJBW\/FKH32GGP9\/image.png",
                "permalink_public": "https:\/\/slack-files.com\/TJH5YU202-FKH32GGP9-693eac8615",
                "is_starred": false,
                "has_rich_preview": false
            }
        ],
        "upload": true,
        "user": "UJU2ZLJBW",
        "display_as_bot": false,
        "ts": "1560239299.238000",
        "client_msg_id": "caa4453a-2328-46b2-802f-07d61273ab9e"
    },
    {
        "type": "message",
        "text": "Ejemplo xml",
        "files": [
            {
                "id": "FKF7TE9TJ",
                "created": 1560239474,
                "timestamp": 1560239474,
                "name": "image.png",
                "title": "image.png",
                "mimetype": "image\/png",
                "filetype": "png",
                "pretty_type": "PNG",
                "user": "UJU2ZLJBW",
                "editable": false,
                "size": 133225,
                "mode": "hosted",
                "is_external": false,
                "external_type": "",
                "is_public": true,
                "public_url_shared": false,
                "display_as_bot": false,
                "username": "",
                "url_private": "https:\/\/files.slack.com\/files-pri\/TJH5YU202-FKF7TE9TJ\/image.png?t=xoxe-629202954002-776688371669-763909703378-01ffaa4c4eeda75ea92ad255b32a04e5",
                "url_private_download": "https:\/\/files.slack.com\/files-pri\/TJH5YU202-FKF7TE9TJ\/download\/image.png?t=xoxe-629202954002-776688371669-763909703378-01ffaa4c4eeda75ea92ad255b32a04e5",
                "thumb_64": "https:\/\/files.slack.com\/files-tmb\/TJH5YU202-FKF7TE9TJ-80ae947e0d\/image_64.png?t=xoxe-629202954002-776688371669-763909703378-01ffaa4c4eeda75ea92ad255b32a04e5",
                "thumb_80": "https:\/\/files.slack.com\/files-tmb\/TJH5YU202-FKF7TE9TJ-80ae947e0d\/image_80.png?t=xoxe-629202954002-776688371669-763909703378-01ffaa4c4eeda75ea92ad255b32a04e5",
                "thumb_360": "https:\/\/files.slack.com\/files-tmb\/TJH5YU202-FKF7TE9TJ-80ae947e0d\/image_360.png?t=xoxe-629202954002-776688371669-763909703378-01ffaa4c4eeda75ea92ad255b32a04e5",
                "thumb_360_w": 360,
                "thumb_360_h": 313,
                "thumb_480": "https:\/\/files.slack.com\/files-tmb\/TJH5YU202-FKF7TE9TJ-80ae947e0d\/image_480.png?t=xoxe-629202954002-776688371669-763909703378-01ffaa4c4eeda75ea92ad255b32a04e5",
                "thumb_480_w": 480,
                "thumb_480_h": 417,
                "thumb_160": "https:\/\/files.slack.com\/files-tmb\/TJH5YU202-FKF7TE9TJ-80ae947e0d\/image_160.png?t=xoxe-629202954002-776688371669-763909703378-01ffaa4c4eeda75ea92ad255b32a04e5",
                "thumb_720": "https:\/\/files.slack.com\/files-tmb\/TJH5YU202-FKF7TE9TJ-80ae947e0d\/image_720.png?t=xoxe-629202954002-776688371669-763909703378-01ffaa4c4eeda75ea92ad255b32a04e5",
                "thumb_720_w": 720,
                "thumb_720_h": 626,
                "thumb_800": "https:\/\/files.slack.com\/files-tmb\/TJH5YU202-FKF7TE9TJ-80ae947e0d\/image_800.png?t=xoxe-629202954002-776688371669-763909703378-01ffaa4c4eeda75ea92ad255b32a04e5",
                "thumb_800_w": 800,
                "thumb_800_h": 696,
                "thumb_960": "https:\/\/files.slack.com\/files-tmb\/TJH5YU202-FKF7TE9TJ-80ae947e0d\/image_960.png?t=xoxe-629202954002-776688371669-763909703378-01ffaa4c4eeda75ea92ad255b32a04e5",
                "thumb_960_w": 960,
                "thumb_960_h": 835,
                "thumb_1024": "https:\/\/files.slack.com\/files-tmb\/TJH5YU202-FKF7TE9TJ-80ae947e0d\/image_1024.png?t=xoxe-629202954002-776688371669-763909703378-01ffaa4c4eeda75ea92ad255b32a04e5",
                "thumb_1024_w": 1024,
                "thumb_1024_h": 891,
                "image_exif_rotation": 1,
                "original_w": 1304,
                "original_h": 1134,
                "permalink": "https:\/\/harbourproject.slack.com\/files\/UJU2ZLJBW\/FKF7TE9TJ\/image.png",
                "permalink_public": "https:\/\/slack-files.com\/TJH5YU202-FKF7TE9TJ-987a821f95",
                "is_starred": false,
                "has_rich_preview": false
            }
        ],
        "upload": true,
        "user": "UJU2ZLJBW",
        "display_as_bot": false,
        "ts": "1560239477.238300",
        "client_msg_id": "f0b0feb2-259b-47f8-9644-1d36709f3b91"
    },
    {
        "client_msg_id": "9c2b79ba-010f-41c8-9c27-f0d897a70a98",
        "type": "message",
        "text": "From now on, all changes in mod_harbour will be described here:",
        "user": "UJN8D8U3B",
        "ts": "1560252276.239000",
        "team": "TJH5YU202",
        "user_team": "TJH5YU202",
        "source_team": "TJH5YU202",
        "user_profile": {
            "avatar_hash": "g92ad2abcc45",
            "image_72": "https:\/\/secure.gravatar.com\/avatar\/8492ad2abcc45ce53969adcf8420acde.jpg?s=72&d=https%3A%2F%2Fa.slack-edge.com%2F80588%2Fimg%2Favatars%2Fuser_shapes%2Fava_0008-72.png",
            "first_name": "",
            "real_name": "Antonio Linares",
            "display_name": "Antonio Linares",
            "team": "TJH5YU202",
            "name": "alinares",
            "is_restricted": false,
            "is_ultra_restricted": false
        }
    },
    {
        "client_msg_id": "f81cbf39-4853-4859-9894-60f646e02949",
        "type": "message",
        "text": "<https:\/\/github.com\/FiveTechSoft\/mod_harbour\/blob\/master\/whatsnew.txt>",
        "user": "UJN8D8U3B",
        "ts": "1560252278.239200",
        "team": "TJH5YU202",
        "user_team": "TJH5YU202",
        "source_team": "TJH5YU202",
        "user_profile": {
            "avatar_hash": "g92ad2abcc45",
            "image_72": "https:\/\/secure.gravatar.com\/avatar\/8492ad2abcc45ce53969adcf8420acde.jpg?s=72&d=https%3A%2F%2Fa.slack-edge.com%2F80588%2Fimg%2Favatars%2Fuser_shapes%2Fava_0008-72.png",
            "first_name": "",
            "real_name": "Antonio Linares",
            "display_name": "Antonio Linares",
            "team": "TJH5YU202",
            "name": "alinares",
            "is_restricted": false,
            "is_ultra_restricted": false
        },
        "attachments": [
            {
                "service_name": "GitHub",
                "title": "FiveTechSoft\/mod_harbour",
                "title_link": "https:\/\/github.com\/FiveTechSoft\/mod_harbour\/blob\/master\/whatsnew.txt",
                "text": "Apache mod for Harbour. Contribute to FiveTechSoft\/mod_harbour development by creating an account on GitHub.",
                "fallback": "GitHub: FiveTechSoft\/mod_harbour",
                "from_url": "https:\/\/github.com\/FiveTechSoft\/mod_harbour\/blob\/master\/whatsnew.txt",
                "thumb_url": "https:\/\/repository-images.githubusercontent.com\/186821405\/052d6000-7f03-11e9-85fa-9472623f216c",
                "thumb_width": 190,
                "thumb_height": 191,
                "service_icon": "https:\/\/a.slack-edge.com\/bfaba\/img\/unfurl_icons\/github.png",
                "id": 1,
                "original_url": "https:\/\/github.com\/FiveTechSoft\/mod_harbour\/blob\/master\/whatsnew.txt"
            }
        ]
    },
    {
        "client_msg_id": "dfcea081-e9a3-4f03-9d92-29f03a855943",
        "type": "message",
        "text": "renamed as ChangeLog.txt",
        "user": "UJN8D8U3B",
        "ts": "1560252460.239600",
        "team": "TJH5YU202",
        "user_team": "TJH5YU202",
        "source_team": "TJH5YU202",
        "user_profile": {
            "avatar_hash": "g92ad2abcc45",
            "image_72": "https:\/\/secure.gravatar.com\/avatar\/8492ad2abcc45ce53969adcf8420acde.jpg?s=72&d=https%3A%2F%2Fa.slack-edge.com%2F80588%2Fimg%2Favatars%2Fuser_shapes%2Fava_0008-72.png",
            "first_name": "",
            "real_name": "Antonio Linares",
            "display_name": "Antonio Linares",
            "team": "TJH5YU202",
            "name": "alinares",
            "is_restricted": false,
            "is_ultra_restricted": false
        }
    },
    {
        "client_msg_id": "fb67f5be-0efe-442d-b23b-55f032aad6d4",
        "type": "message",
        "text": "<https:\/\/github.com\/FiveTechSoft\/mod_harbour\/blob\/master\/ChangeLog.txt>",
        "user": "UJN8D8U3B",
        "ts": "1560252669.239800",
        "team": "TJH5YU202",
        "user_team": "TJH5YU202",
        "source_team": "TJH5YU202",
        "user_profile": {
            "avatar_hash": "g92ad2abcc45",
            "image_72": "https:\/\/secure.gravatar.com\/avatar\/8492ad2abcc45ce53969adcf8420acde.jpg?s=72&d=https%3A%2F%2Fa.slack-edge.com%2F80588%2Fimg%2Favatars%2Fuser_shapes%2Fava_0008-72.png",
            "first_name": "",
            "real_name": "Antonio Linares",
            "display_name": "Antonio Linares",
            "team": "TJH5YU202",
            "name": "alinares",
            "is_restricted": false,
            "is_ultra_restricted": false
        },
        "attachments": [
            {
                "service_name": "GitHub",
                "title": "FiveTechSoft\/mod_harbour",
                "title_link": "https:\/\/github.com\/FiveTechSoft\/mod_harbour\/blob\/master\/ChangeLog.txt",
                "text": "Apache mod for Harbour. Contribute to FiveTechSoft\/mod_harbour development by creating an account on GitHub.",
                "fallback": "GitHub: FiveTechSoft\/mod_harbour",
                "from_url": "https:\/\/github.com\/FiveTechSoft\/mod_harbour\/blob\/master\/ChangeLog.txt",
                "thumb_url": "https:\/\/repository-images.githubusercontent.com\/186821405\/052d6000-7f03-11e9-85fa-9472623f216c",
                "thumb_width": 190,
                "thumb_height": 191,
                "service_icon": "https:\/\/a.slack-edge.com\/bfaba\/img\/unfurl_icons\/github.png",
                "id": 1,
                "original_url": "https:\/\/github.com\/FiveTechSoft\/mod_harbour\/blob\/master\/ChangeLog.txt"
            }
        ]
    },
    {
        "client_msg_id": "bf71f37e-da54-4a76-8b6b-6395a9e34071",
        "type": "message",
        "text": ":+1:",
        "user": "UJK7SNX51",
        "ts": "1560255313.240100",
        "team": "TJH5YU202",
        "user_team": "TJH5YU202",
        "source_team": "TJH5YU202",
        "user_profile": {
            "avatar_hash": "6698a9ba696b",
            "image_72": "https:\/\/avatars.slack-edge.com\/2019-07-04\/673660529330_6698a9ba696bad01eb8c_72.jpg",
            "first_name": "Baxajaun",
            "real_name": "Baxajaun",
            "display_name": "Baxajaun",
            "team": "TJH5YU202",
            "name": "fpgrande",
            "is_restricted": false,
            "is_ultra_restricted": false
        }
    },
    {
        "client_msg_id": "2ae44889-96ec-432e-9bd4-050c6cbffd5d",
        "type": "message",
        "text": "Cool",
        "user": "UJWU1NLQ6",
        "ts": "1560256938.240300",
        "team": "TJH5YU202",
        "user_team": "TJH5YU202",
        "source_team": "TJH5YU202",
        "user_profile": {
            "avatar_hash": "034d5c7f6e05",
            "image_72": "https:\/\/avatars.slack-edge.com\/2019-05-20\/640791937568_034d5c7f6e05e4dd4551_72.jpg",
            "first_name": "Lailton",
            "real_name": "Lailton Fernando Mariano",
            "display_name": "Lailton",
            "team": "TJH5YU202",
            "name": "lailton",
            "is_restricted": false,
            "is_ultra_restricted": false
        }
    },
    {
        "client_msg_id": "ca1568d6-193a-4d25-89c7-254acf2518df",
        "type": "message",
        "text": "I will check it today :slightly_smiling_face:",
        "user": "UJWU1NLQ6",
        "ts": "1560256944.240500",
        "team": "TJH5YU202",
        "user_team": "TJH5YU202",
        "source_team": "TJH5YU202",
        "user_profile": {
            "avatar_hash": "034d5c7f6e05",
            "image_72": "https:\/\/avatars.slack-edge.com\/2019-05-20\/640791937568_034d5c7f6e05e4dd4551_72.jpg",
            "first_name": "Lailton",
            "real_name": "Lailton Fernando Mariano",
            "display_name": "Lailton",
            "team": "TJH5YU202",
            "name": "lailton",
            "is_restricted": false,
            "is_ultra_restricted": false
        }
    },
    {
        "client_msg_id": "c726d817-337d-4bd3-a61b-5b9546b9e190",
        "type": "message",
        "text": "After new function AP_PostPairs() based on the new function Ap_Body(), text values arrive encoded",
        "user": "UJN8D8U3B",
        "ts": "1560258018.241000",
        "team": "TJH5YU202",
        "user_team": "TJH5YU202",
        "source_team": "TJH5YU202",
        "user_profile": {
            "avatar_hash": "g92ad2abcc45",
            "image_72": "https:\/\/secure.gravatar.com\/avatar\/8492ad2abcc45ce53969adcf8420acde.jpg?s=72&d=https%3A%2F%2Fa.slack-edge.com%2F80588%2Fimg%2Favatars%2Fuser_shapes%2Fava_0008-72.png",
            "first_name": "",
            "real_name": "Antonio Linares",
            "display_name": "Antonio Linares",
            "team": "TJH5YU202",
            "name": "alinares",
            "is_restricted": false,
            "is_ultra_restricted": false
        }
    },
    {
        "client_msg_id": "e37fef84-245c-471a-ad05-a4a68d69c11d",
        "type": "message",
        "text": "There is a new function HB_UrlDecode() (renamed Giancarlo Nicolai's Tip_UrlDecode()) that must be used",
        "user": "UJN8D8U3B",
        "ts": "1560258051.241800",
        "team": "TJH5YU202",
        "user_team": "TJH5YU202",
        "source_team": "TJH5YU202",
        "user_profile": {
            "avatar_hash": "g92ad2abcc45",
            "image_72": "https:\/\/secure.gravatar.com\/avatar\/8492ad2abcc45ce53969adcf8420acde.jpg?s=72&d=https%3A%2F%2Fa.slack-edge.com%2F80588%2Fimg%2Favatars%2Fuser_shapes%2Fava_0008-72.png",
            "first_name": "",
            "real_name": "Antonio Linares",
            "display_name": "Antonio Linares",
            "team": "TJH5YU202",
            "name": "alinares",
            "is_restricted": false,
            "is_ultra_restricted": false
        }
    },
    {
        "client_msg_id": "2010c290-07c5-453b-8ef3-e8457d17c0c6",
        "type": "message",
        "text": "function AP_PostPairs()\n\n   local aPairs := hb_aTokens( AP_Body(), \"&amp;\" )\n   local cPair, hPairs := {=&gt;}\n\n   for each cPair in aPairs\n      hb_HSet( hPairs, SubStr( cPair, 1, At( \"=\", cPair ) - 1 ), SubStr( cPair, At( \"=\", cPair ) + 1 ) )\n   next\n\nreturn hPairs",
        "user": "UJN8D8U3B",
        "ts": "1560258367.242000",
        "team": "TJH5YU202",
        "user_team": "TJH5YU202",
        "source_team": "TJH5YU202",
        "user_profile": {
            "avatar_hash": "g92ad2abcc45",
            "image_72": "https:\/\/secure.gravatar.com\/avatar\/8492ad2abcc45ce53969adcf8420acde.jpg?s=72&d=https%3A%2F%2Fa.slack-edge.com%2F80588%2Fimg%2Favatars%2Fuser_shapes%2Fava_0008-72.png",
            "first_name": "",
            "real_name": "Antonio Linares",
            "display_name": "Antonio Linares",
            "team": "TJH5YU202",
            "name": "alinares",
            "is_restricted": false,
            "is_ultra_restricted": false
        }
    },
    {
        "client_msg_id": "410d187c-cbbf-42d2-aa84-befde3db3141",
        "type": "message",
        "text": "<@UJN8D8U3B>\nI sent a pull request",
        "user": "UJWU1NLQ6",
        "ts": "1560259881.242400",
        "team": "TJH5YU202",
        "user_team": "TJH5YU202",
        "source_team": "TJH5YU202",
        "user_profile": {
            "avatar_hash": "034d5c7f6e05",
            "image_72": "https:\/\/avatars.slack-edge.com\/2019-05-20\/640791937568_034d5c7f6e05e4dd4551_72.jpg",
            "first_name": "Lailton",
            "real_name": "Lailton Fernando Mariano",
            "display_name": "Lailton",
            "team": "TJH5YU202",
            "name": "lailton",
            "is_restricted": false,
            "is_ultra_restricted": false
        }
    },
    {
        "client_msg_id": "d29f244d-5bba-4c8d-875d-8e431f5e5514",
        "type": "message",
        "text": "a small adjust to apache.prg",
        "user": "UJWU1NLQ6",
        "ts": "1560259885.242600",
        "team": "TJH5YU202",
        "user_team": "TJH5YU202",
        "source_team": "TJH5YU202",
        "user_profile": {
            "avatar_hash": "034d5c7f6e05",
            "image_72": "https:\/\/avatars.slack-edge.com\/2019-05-20\/640791937568_034d5c7f6e05e4dd4551_72.jpg",
            "first_name": "Lailton",
            "real_name": "Lailton Fernando Mariano",
            "display_name": "Lailton",
            "team": "TJH5YU202",
            "name": "lailton",
            "is_restricted": false,
            "is_ultra_restricted": false
        }
    },
    {
        "client_msg_id": "915bd14c-340a-4067-8049-3a8c61a255f9",
        "type": "message",
        "text": "please take look.",
        "user": "UJWU1NLQ6",
        "ts": "1560259891.242800",
        "team": "TJH5YU202",
        "user_team": "TJH5YU202",
        "source_team": "TJH5YU202",
        "user_profile": {
            "avatar_hash": "034d5c7f6e05",
            "image_72": "https:\/\/avatars.slack-edge.com\/2019-05-20\/640791937568_034d5c7f6e05e4dd4551_72.jpg",
            "first_name": "Lailton",
            "real_name": "Lailton Fernando Mariano",
            "display_name": "Lailton",
            "team": "TJH5YU202",
            "name": "lailton",
            "is_restricted": false,
            "is_ultra_restricted": false
        }
    },
    {
        "client_msg_id": "ac41cc11-a8db-4ae6-a022-f6a43bf03121",
        "type": "message",
        "text": "AP_SetContentType( \"application\/json\" ) no funciona",
        "user": "UJWR5N32S",
        "ts": "1560265096.243100",
        "team": "TJH5YU202",
        "user_team": "TJH5YU202",
        "source_team": "TJH5YU202",
        "user_profile": {
            "avatar_hash": "273d3745f7ae",
            "image_72": "https:\/\/avatars.slack-edge.com\/2019-05-20\/634344238497_273d3745f7ae1b176b82_72.jpg",
            "first_name": "Charly",
            "real_name": "Charly",
            "display_name": "Charly",
            "team": "TJH5YU202",
            "name": "carles9000",
            "is_restricted": false,
            "is_ultra_restricted": false
        }
    },
    {
        "client_msg_id": "36bcb935-50e1-4e44-8a3a-681725d109df",
        "type": "message",
        "text": "function Main()\n\n\tlocal hRequest\t:= {=&gt;}\n\n\thRequest[ 'action'      ] := time()\n\thRequest[ 'autenticate' ] := .F.\n\t\n\t\/\/AP_SetContentType( \"application\/json\" )\n\t\n\t?? hb_jsonEncode( hRequest )\t\n\nreturn nil",
        "user": "UJWR5N32S",
        "ts": "1560265117.243300",
        "team": "TJH5YU202",
        "user_team": "TJH5YU202",
        "source_team": "TJH5YU202",
        "user_profile": {
            "avatar_hash": "273d3745f7ae",
            "image_72": "https:\/\/avatars.slack-edge.com\/2019-05-20\/634344238497_273d3745f7ae1b176b82_72.jpg",
            "first_name": "Charly",
            "real_name": "Charly",
            "display_name": "Charly",
            "team": "TJH5YU202",
            "name": "carles9000",
            "is_restricted": false,
            "is_ultra_restricted": false
        }
    },
    {
        "client_msg_id": "72ec8772-afe5-4ab5-97c6-30ef93cfb54f",
        "type": "message",
        "text": "charlie, por las dudas no uses ??, llama directamente a AP_Rputs( hb_json----)",
        "user": "UJU2ZLJBW",
        "ts": "1560266161.244200",
        "team": "TJH5YU202",
        "user_team": "TJH5YU202",
        "source_team": "TJH5YU202",
        "user_profile": {
            "avatar_hash": "g4df4d90232e",
            "image_72": "https:\/\/secure.gravatar.com\/avatar\/0b4df4d90232ed07739bd4134b92a6d1.jpg?s=72&d=https%3A%2F%2Fa.slack-edge.com%2F80588%2Fimg%2Favatars%2Fuser_shapes%2Fava_0022-72.png",
            "first_name": "Carlos",
            "real_name": "Carlos Mora",
            "display_name": "",
            "team": "TJH5YU202",
            "name": "carlosantoniomora",
            "is_restricted": false,
            "is_ultra_restricted": false
        }
    },
    {
        "client_msg_id": "7e1b34ca-30e0-4cdf-8eb3-b4adf6595cd2",
        "type": "message",
        "text": "Las funciones de ? insertan codigo html, &lt;br&gt; para saltar de linea",
        "user": "UJU2ZLJBW",
        "ts": "1560266189.244800",
        "team": "TJH5YU202",
        "user_team": "TJH5YU202",
        "source_team": "TJH5YU202",
        "user_profile": {
            "avatar_hash": "g4df4d90232e",
            "image_72": "https:\/\/secure.gravatar.com\/avatar\/0b4df4d90232ed07739bd4134b92a6d1.jpg?s=72&d=https%3A%2F%2Fa.slack-edge.com%2F80588%2Fimg%2Favatars%2Fuser_shapes%2Fava_0022-72.png",
            "first_name": "Carlos",
            "real_name": "Carlos Mora",
            "display_name": "",
            "team": "TJH5YU202",
            "name": "carlosantoniomora",
            "is_restricted": false,
            "is_ultra_restricted": false
        }
    },
    {
        "client_msg_id": "4cddc21f-4a31-4a57-8a96-5eb0c3e28eb2",
        "type": "message",
        "text": "Charly antes si funcionaba si?",
        "user": "UJN8D8U3B",
        "ts": "1560266293.245300",
        "team": "TJH5YU202",
        "user_team": "TJH5YU202",
        "source_team": "TJH5YU202",
        "user_profile": {
            "avatar_hash": "g92ad2abcc45",
            "image_72": "https:\/\/secure.gravatar.com\/avatar\/8492ad2abcc45ce53969adcf8420acde.jpg?s=72&d=https%3A%2F%2Fa.slack-edge.com%2F80588%2Fimg%2Favatars%2Fuser_shapes%2Fava_0008-72.png",
            "first_name": "",
            "real_name": "Antonio Linares",
            "display_name": "Antonio Linares",
            "team": "TJH5YU202",
            "name": "alinares",
            "is_restricted": false,
            "is_ultra_restricted": false
        }
    },
    {
        "client_msg_id": "edf75816-656b-45ae-a37c-42bce8f2b920",
        "type": "message",
        "text": "Sip",
        "user": "UJWR5N32S",
        "ts": "1560266298.245500",
        "team": "TJH5YU202",
        "user_team": "TJH5YU202",
        "source_team": "TJH5YU202",
        "user_profile": {
            "avatar_hash": "273d3745f7ae",
            "image_72": "https:\/\/avatars.slack-edge.com\/2019-05-20\/634344238497_273d3745f7ae1b176b82_72.jpg",
            "first_name": "Charly",
            "real_name": "Charly",
            "display_name": "Charly",
            "team": "TJH5YU202",
            "name": "carles9000",
            "is_restricted": false,
            "is_ultra_restricted": false
        }
    },
    {
        "client_msg_id": "345b2d93-f4e8-45bd-a4e5-597fb0c70100",
        "type": "message",
        "text": "Probare directamente",
        "user": "UJWR5N32S",
        "ts": "1560266307.245800",
        "team": "TJH5YU202",
        "user_team": "TJH5YU202",
        "source_team": "TJH5YU202",
        "user_profile": {
            "avatar_hash": "273d3745f7ae",
            "image_72": "https:\/\/avatars.slack-edge.com\/2019-05-20\/634344238497_273d3745f7ae1b176b82_72.jpg",
            "first_name": "Charly",
            "real_name": "Charly",
            "display_name": "Charly",
            "team": "TJH5YU202",
            "name": "carles9000",
            "is_restricted": false,
            "is_ultra_restricted": false
        }
    },
    {
        "client_msg_id": "16bd94c9-086a-4763-820a-36a5703df581",
        "type": "message",
        "text": "Si lo probais en el sandbox lo vereis",
        "user": "UJWR5N32S",
        "ts": "1560266333.246100",
        "team": "TJH5YU202",
        "user_team": "TJH5YU202",
        "source_team": "TJH5YU202",
        "user_profile": {
            "avatar_hash": "273d3745f7ae",
            "image_72": "https:\/\/avatars.slack-edge.com\/2019-05-20\/634344238497_273d3745f7ae1b176b82_72.jpg",
            "first_name": "Charly",
            "real_name": "Charly",
            "display_name": "Charly",
            "team": "TJH5YU202",
            "name": "carles9000",
            "is_restricted": false,
            "is_ultra_restricted": false
        }
    },
    {
        "client_msg_id": "b1234b41-09dc-4e80-bb45-237e61966107",
        "type": "message",
        "text": "antes me funcionaba en linux",
        "user": "UJWR5N32S",
        "ts": "1560266348.246500",
        "team": "TJH5YU202",
        "user_team": "TJH5YU202",
        "source_team": "TJH5YU202",
        "user_profile": {
            "avatar_hash": "273d3745f7ae",
            "image_72": "https:\/\/avatars.slack-edge.com\/2019-05-20\/634344238497_273d3745f7ae1b176b82_72.jpg",
            "first_name": "Charly",
            "real_name": "Charly",
            "display_name": "Charly",
            "team": "TJH5YU202",
            "name": "carles9000",
            "is_restricted": false,
            "is_ultra_restricted": false
        }
    },
    {
        "client_msg_id": "d4c0c7b1-67fe-433d-b05d-81fa714c12c2",
        "type": "message",
        "text": "no se si en win lo llegue a probar",
        "user": "UJWR5N32S",
        "ts": "1560266354.246700",
        "team": "TJH5YU202",
        "user_team": "TJH5YU202",
        "source_team": "TJH5YU202",
        "user_profile": {
            "avatar_hash": "273d3745f7ae",
            "image_72": "https:\/\/avatars.slack-edge.com\/2019-05-20\/634344238497_273d3745f7ae1b176b82_72.jpg",
            "first_name": "Charly",
            "real_name": "Charly",
            "display_name": "Charly",
            "team": "TJH5YU202",
            "name": "carles9000",
            "is_restricted": false,
            "is_ultra_restricted": false
        }
    },
    {
        "client_msg_id": "3362cb86-1ce0-487b-a674-557bdab26a6c",
        "type": "message",
        "text": "pero ?? no inserta nada, no?",
        "user": "UJWR5N32S",
        "ts": "1560266403.247100",
        "team": "TJH5YU202",
        "user_team": "TJH5YU202",
        "source_team": "TJH5YU202",
        "user_profile": {
            "avatar_hash": "273d3745f7ae",
            "image_72": "https:\/\/avatars.slack-edge.com\/2019-05-20\/634344238497_273d3745f7ae1b176b82_72.jpg",
            "first_name": "Charly",
            "real_name": "Charly",
            "display_name": "Charly",
            "team": "TJH5YU202",
            "name": "carles9000",
            "is_restricted": false,
            "is_ultra_restricted": false
        }
    },
    {
        "client_msg_id": "70c4ee29-bba5-4125-87a4-fec9d14c395b",
        "type": "message",
        "text": "??  Nada",
        "user": "UJN8D8U3B",
        "ts": "1560266619.247300",
        "team": "TJH5YU202",
        "user_team": "TJH5YU202",
        "source_team": "TJH5YU202",
        "user_profile": {
            "avatar_hash": "g92ad2abcc45",
            "image_72": "https:\/\/secure.gravatar.com\/avatar\/8492ad2abcc45ce53969adcf8420acde.jpg?s=72&d=https%3A%2F%2Fa.slack-edge.com%2F80588%2Fimg%2Favatars%2Fuser_shapes%2Fava_0008-72.png",
            "first_name": "",
            "real_name": "Antonio Linares",
            "display_name": "Antonio Linares",
            "team": "TJH5YU202",
            "name": "alinares",
            "is_restricted": false,
            "is_ultra_restricted": false
        }
    },
    {
        "client_msg_id": "cd565dd9-adc3-43e4-930d-cb561a3614b0",
        "type": "message",
        "text": "_\"Si lo probais en el sandbox lo vereis\"_\nEl sandbox está caído",
        "user": "UJULQCHL5",
        "ts": "1560266866.247800",
        "team": "TJH5YU202",
        "user_team": "TJH5YU202",
        "source_team": "TJH5YU202",
        "user_profile": {
            "avatar_hash": "g7659142325a",
            "image_72": "https:\/\/secure.gravatar.com\/avatar\/c87659142325a3facb661d85281ec091.jpg?s=72&d=https%3A%2F%2Fa.slack-edge.com%2F80588%2Fimg%2Favatars%2Fuser_shapes%2Fava_0003-72.png",
            "first_name": "",
            "real_name": "Paquito",
            "display_name": "Paquito",
            "team": "TJH5YU202",
            "name": "hmpaquito",
            "is_restricted": false,
            "is_ultra_restricted": false
        }
    },
    {
        "client_msg_id": "5b034fac-8fb1-4e37-b97c-4e624c4e8acf",
        "type": "message",
        "text": "<https:\/\/harbour.fourtech.es\/modharbour_examples\/sandbox.prg>",
        "user": "UJULQCHL5",
        "ts": "1560266884.248300",
        "team": "TJH5YU202",
        "user_team": "TJH5YU202",
        "source_team": "TJH5YU202",
        "user_profile": {
            "avatar_hash": "g7659142325a",
            "image_72": "https:\/\/secure.gravatar.com\/avatar\/c87659142325a3facb661d85281ec091.jpg?s=72&d=https%3A%2F%2Fa.slack-edge.com%2F80588%2Fimg%2Favatars%2Fuser_shapes%2Fava_0003-72.png",
            "first_name": "",
            "real_name": "Paquito",
            "display_name": "Paquito",
            "team": "TJH5YU202",
            "name": "hmpaquito",
            "is_restricted": false,
            "is_ultra_restricted": false
        }
    },
    {
        "client_msg_id": "7a2437e5-5c7d-4a66-bdd5-46dfc18c4631",
        "type": "message",
        "text": "bueno, lo probaba en el local",
        "user": "UJWR5N32S",
        "ts": "1560266959.248600",
        "team": "TJH5YU202",
        "user_team": "TJH5YU202",
        "source_team": "TJH5YU202",
        "user_profile": {
            "avatar_hash": "273d3745f7ae",
            "image_72": "https:\/\/avatars.slack-edge.com\/2019-05-20\/634344238497_273d3745f7ae1b176b82_72.jpg",
            "first_name": "Charly",
            "real_name": "Charly",
            "display_name": "Charly",
            "team": "TJH5YU202",
            "name": "carles9000",
            "is_restricted": false,
            "is_ultra_restricted": false
        }
    },
    {
        "type": "message",
        "text": "",
        "files": [
            {
                "id": "FK9BUNWKB",
                "created": 1560266964,
                "timestamp": 1560266964,
                "name": "image.png",
                "title": "image.png",
                "mimetype": "image\/png",
                "filetype": "png",
                "pretty_type": "PNG",
                "user": "UJWR5N32S",
                "editable": false,
                "size": 76642,
                "mode": "hosted",
                "is_external": false,
                "external_type": "",
                "is_public": true,
                "public_url_shared": false,
                "display_as_bot": false,
                "username": "",
                "url_private": "https:\/\/files.slack.com\/files-pri\/TJH5YU202-FK9BUNWKB\/image.png?t=xoxe-629202954002-776688371669-763909703378-01ffaa4c4eeda75ea92ad255b32a04e5",
                "url_private_download": "https:\/\/files.slack.com\/files-pri\/TJH5YU202-FK9BUNWKB\/download\/image.png?t=xoxe-629202954002-776688371669-763909703378-01ffaa4c4eeda75ea92ad255b32a04e5",
                "thumb_64": "https:\/\/files.slack.com\/files-tmb\/TJH5YU202-FK9BUNWKB-9ea54b61cb\/image_64.png?t=xoxe-629202954002-776688371669-763909703378-01ffaa4c4eeda75ea92ad255b32a04e5",
                "thumb_80": "https:\/\/files.slack.com\/files-tmb\/TJH5YU202-FK9BUNWKB-9ea54b61cb\/image_80.png?t=xoxe-629202954002-776688371669-763909703378-01ffaa4c4eeda75ea92ad255b32a04e5",
                "thumb_360": "https:\/\/files.slack.com\/files-tmb\/TJH5YU202-FK9BUNWKB-9ea54b61cb\/image_360.png?t=xoxe-629202954002-776688371669-763909703378-01ffaa4c4eeda75ea92ad255b32a04e5",
                "thumb_360_w": 360,
                "thumb_360_h": 218,
                "thumb_480": "https:\/\/files.slack.com\/files-tmb\/TJH5YU202-FK9BUNWKB-9ea54b61cb\/image_480.png?t=xoxe-629202954002-776688371669-763909703378-01ffaa4c4eeda75ea92ad255b32a04e5",
                "thumb_480_w": 480,
                "thumb_480_h": 291,
                "thumb_160": "https:\/\/files.slack.com\/files-tmb\/TJH5YU202-FK9BUNWKB-9ea54b61cb\/image_160.png?t=xoxe-629202954002-776688371669-763909703378-01ffaa4c4eeda75ea92ad255b32a04e5",
                "thumb_720": "https:\/\/files.slack.com\/files-tmb\/TJH5YU202-FK9BUNWKB-9ea54b61cb\/image_720.png?t=xoxe-629202954002-776688371669-763909703378-01ffaa4c4eeda75ea92ad255b32a04e5",
                "thumb_720_w": 720,
                "thumb_720_h": 436,
                "thumb_800": "https:\/\/files.slack.com\/files-tmb\/TJH5YU202-FK9BUNWKB-9ea54b61cb\/image_800.png?t=xoxe-629202954002-776688371669-763909703378-01ffaa4c4eeda75ea92ad255b32a04e5",
                "thumb_800_w": 800,
                "thumb_800_h": 484,
                "image_exif_rotation": 1,
                "original_w": 933,
                "original_h": 565,
                "permalink": "https:\/\/harbourproject.slack.com\/files\/UJWR5N32S\/FK9BUNWKB\/image.png",
                "permalink_public": "https:\/\/slack-files.com\/TJH5YU202-FK9BUNWKB-21636bf367",
                "is_starred": false,
                "has_rich_preview": false
            }
        ],
        "upload": true,
        "user": "UJWR5N32S",
        "display_as_bot": false,
        "ts": "1560266966.248700",
        "client_msg_id": "ca7be92d-000c-4f18-b1ab-c95e5336aad4"
    },
    {
        "client_msg_id": "2c08d556-d6cb-4511-8fb2-3241f5e2ef76",
        "type": "message",
        "text": "ok. Gracias por la aclaración. :hugging_face:",
        "user": "UJULQCHL5",
        "ts": "1560267304.249300",
        "team": "TJH5YU202",
        "user_team": "TJH5YU202",
        "source_team": "TJH5YU202",
        "user_profile": {
            "avatar_hash": "g7659142325a",
            "image_72": "https:\/\/secure.gravatar.com\/avatar\/c87659142325a3facb661d85281ec091.jpg?s=72&d=https%3A%2F%2Fa.slack-edge.com%2F80588%2Fimg%2Favatars%2Fuser_shapes%2Fava_0003-72.png",
            "first_name": "",
            "real_name": "Paquito",
            "display_name": "Paquito",
            "team": "TJH5YU202",
            "name": "hmpaquito",
            "is_restricted": false,
            "is_ultra_restricted": false
        }
    },
    {
        "client_msg_id": "2e0bd56c-a82d-42c1-a1af-1de19b7e164c",
        "type": "message",
        "text": "Paco, hemos renombrado la carpeta de ejmplos",
        "user": "UJN8D8U3B",
        "ts": "1560271362.249700",
        "team": "TJH5YU202",
        "user_team": "TJH5YU202",
        "source_team": "TJH5YU202",
        "user_profile": {
            "avatar_hash": "g92ad2abcc45",
            "image_72": "https:\/\/secure.gravatar.com\/avatar\/8492ad2abcc45ce53969adcf8420acde.jpg?s=72&d=https%3A%2F%2Fa.slack-edge.com%2F80588%2Fimg%2Favatars%2Fuser_shapes%2Fava_0008-72.png",
            "first_name": "",
            "real_name": "Antonio Linares",
            "display_name": "Antonio Linares",
            "team": "TJH5YU202",
            "name": "alinares",
            "is_restricted": false,
            "is_ultra_restricted": false
        }
    },
    {
        "client_msg_id": "04196b51-8e81-47a9-bba2-fc55827b4d62",
        "type": "message",
        "text": "<https:\/\/harbour.fourtech.es\/modharbour_samples\/sandbox.prg>",
        "user": "UJN8D8U3B",
        "ts": "1560271365.249900",
        "team": "TJH5YU202",
        "user_team": "TJH5YU202",
        "source_team": "TJH5YU202",
        "user_profile": {
            "avatar_hash": "g92ad2abcc45",
            "image_72": "https:\/\/secure.gravatar.com\/avatar\/8492ad2abcc45ce53969adcf8420acde.jpg?s=72&d=https%3A%2F%2Fa.slack-edge.com%2F80588%2Fimg%2Favatars%2Fuser_shapes%2Fava_0008-72.png",
            "first_name": "",
            "real_name": "Antonio Linares",
            "display_name": "Antonio Linares",
            "team": "TJH5YU202",
            "name": "alinares",
            "is_restricted": false,
            "is_ultra_restricted": false
        }
    },
    {
        "client_msg_id": "967133b5-92df-49ca-b4be-c74cf50302a1",
        "type": "message",
        "text": "Qué bueno Antonio, no sólo la habeis renombrado, sino que lo habeis mejorado muchíiiisimo !! Muchas Gracias.",
        "user": "UJULQCHL5",
        "ts": "1560271575.250600",
        "team": "TJH5YU202",
        "user_team": "TJH5YU202",
        "source_team": "TJH5YU202",
        "user_profile": {
            "avatar_hash": "g7659142325a",
            "image_72": "https:\/\/secure.gravatar.com\/avatar\/c87659142325a3facb661d85281ec091.jpg?s=72&d=https%3A%2F%2Fa.slack-edge.com%2F80588%2Fimg%2Favatars%2Fuser_shapes%2Fava_0003-72.png",
            "first_name": "",
            "real_name": "Paquito",
            "display_name": "Paquito",
            "team": "TJH5YU202",
            "name": "hmpaquito",
            "is_restricted": false,
            "is_ultra_restricted": false
        }
    },
    {
        "client_msg_id": "dd60e0e5-36b9-48e1-a49f-d187101d30eb",
        "type": "message",
        "text": "Quitado el &lt;br&gt; de AP_RPuts() y puesto en el comando ?",
        "user": "UJN8D8U3B",
        "ts": "1560274137.251100",
        "team": "TJH5YU202",
        "user_team": "TJH5YU202",
        "source_team": "TJH5YU202",
        "user_profile": {
            "avatar_hash": "g92ad2abcc45",
            "image_72": "https:\/\/secure.gravatar.com\/avatar\/8492ad2abcc45ce53969adcf8420acde.jpg?s=72&d=https%3A%2F%2Fa.slack-edge.com%2F80588%2Fimg%2Favatars%2Fuser_shapes%2Fava_0008-72.png",
            "first_name": "",
            "real_name": "Antonio Linares",
            "display_name": "Antonio Linares",
            "team": "TJH5YU202",
            "name": "alinares",
            "is_restricted": false,
            "is_ultra_restricted": false
        }
    },
    {
        "client_msg_id": "0b6e541b-3cdf-4e53-a400-ff4514318440",
        "type": "message",
        "text": "Ya están los cambios en el repositorio",
        "user": "UJN8D8U3B",
        "ts": "1560274148.251400",
        "team": "TJH5YU202",
        "user_team": "TJH5YU202",
        "source_team": "TJH5YU202",
        "user_profile": {
            "avatar_hash": "g92ad2abcc45",
            "image_72": "https:\/\/secure.gravatar.com\/avatar\/8492ad2abcc45ce53969adcf8420acde.jpg?s=72&d=https%3A%2F%2Fa.slack-edge.com%2F80588%2Fimg%2Favatars%2Fuser_shapes%2Fava_0008-72.png",
            "first_name": "",
            "real_name": "Antonio Linares",
            "display_name": "Antonio Linares",
            "team": "TJH5YU202",
            "name": "alinares",
            "is_restricted": false,
            "is_ultra_restricted": false
        }
    }
]