[
    {
        "client_msg_id": "b2a2a89e-273d-448a-a593-d422ecd9957c",
        "type": "message",
        "text": "Sin duda Charly, pero debemos contar con que:\n1. *_AppMain()* no es un nombre facil de repetir. De toda la vida las funciones que empiezan por *_* (guion bajo) son\/eran indocumentadas y no debían usarse.\n2. En las especificaciones de Harbour-Web Evolution habría que aclararlo:\n  RESERVED FUNCTION: *_AppMain()*\n3. Creo que lo importante es Avanzar: Avance 1, 2 y ademas buscar Main o similar en los .prgs del usuario puede ralentizar la carga, siendo, IMHO, innecesario A DIA DE HOY, amén de que es algo no facil de resolver ya que es dificil distinguir cuando no es una cadena; quizá con expresiones regulares.\n4. Además hay que preservar el Main() del usuario... porque ¿ qué cara pondrá cuando vea que en la pila de errores su Main() no está y aparece uno \"extraño\" que se llama Main_Renombrado()\n5.  Qué pasará con este código de usuario:\n\nFUNCTION Main(xPar)\n\nIF xPar != 1\n   MyFunc()\nELSE\n   Alert(\"Hello !!\")\nENDIF\n\nRETURN NIL\n\nFUNCTION MyFunc()\n\nLocal c, x\n\nc:= \"Main\"\nc+= \"(1)\nx:= &amp;c\nRETURN NIL",
        "user": "UJULQCHL5",
        "ts": "1558508668.240200",
        "team": "TJH5YU202",
        "user_team": "TJH5YU202",
        "source_team": "TJH5YU202",
        "user_profile": {
            "avatar_hash": "g7659142325a",
            "image_72": "https:\/\/secure.gravatar.com\/avatar\/c87659142325a3facb661d85281ec091.jpg?s=72&d=https%3A%2F%2Fa.slack-edge.com%2F80588%2Fimg%2Favatars%2Fuser_shapes%2Fava_0003-72.png",
            "first_name": "",
            "real_name": "Paquito",
            "display_name": "Paquito",
            "team": "TJH5YU202",
            "name": "hmpaquito",
            "is_restricted": false,
            "is_ultra_restricted": false
        },
        "edited": {
            "user": "UJULQCHL5",
            "ts": "1558519927.000000"
        },
        "thread_ts": "1558465064.223400",
        "parent_user_id": "UJWR5N32S"
    },
    {
        "client_msg_id": "ae39bc1d-63cc-47e1-83b3-c475478aa1d0",
        "type": "message",
        "text": "dbgen.prg\nle habeis puesto una llave } de más, línea 20",
        "user": "UJU3NMK0U",
        "ts": "1558509843.241700",
        "team": "TJH5YU202",
        "user_team": "TJH5YU202",
        "source_team": "TJH5YU202",
        "user_profile": {
            "avatar_hash": "48f1b9655122",
            "image_72": "https:\/\/avatars.slack-edge.com\/2019-05-20\/640143784356_48f1b96551220d9fdd4d_72.jpg",
            "first_name": "Xevi",
            "real_name": "Xevi",
            "display_name": "Xevi",
            "team": "TJH5YU202",
            "name": "xevicomas",
            "is_restricted": false,
            "is_ultra_restricted": false
        }
    },
    {
        "client_msg_id": "88b301b2-5ee7-4f88-a5ad-6e9fa5b193a5",
        "type": "message",
        "text": "arreglado, gracias",
        "user": "UJN8D8U3B",
        "ts": "1558510794.242000",
        "team": "TJH5YU202",
        "user_team": "TJH5YU202",
        "source_team": "TJH5YU202",
        "user_profile": {
            "avatar_hash": "g92ad2abcc45",
            "image_72": "https:\/\/secure.gravatar.com\/avatar\/8492ad2abcc45ce53969adcf8420acde.jpg?s=72&d=https%3A%2F%2Fa.slack-edge.com%2F80588%2Fimg%2Favatars%2Fuser_shapes%2Fava_0008-72.png",
            "first_name": "",
            "real_name": "Antonio Linares",
            "display_name": "Antonio Linares",
            "team": "TJH5YU202",
            "name": "alinares",
            "is_restricted": false,
            "is_ultra_restricted": false
        }
    },
    {
        "client_msg_id": "21109fe9-34e9-41dc-901a-5a0668af9733",
        "type": "message",
        "text": "DataBase pagination already working, press Prev or Next",
        "user": "UJN8D8U3B",
        "ts": "1558514460.242600",
        "team": "TJH5YU202",
        "user_team": "TJH5YU202",
        "source_team": "TJH5YU202",
        "user_profile": {
            "avatar_hash": "g92ad2abcc45",
            "image_72": "https:\/\/secure.gravatar.com\/avatar\/8492ad2abcc45ce53969adcf8420acde.jpg?s=72&d=https%3A%2F%2Fa.slack-edge.com%2F80588%2Fimg%2Favatars%2Fuser_shapes%2Fava_0008-72.png",
            "first_name": "",
            "real_name": "Antonio Linares",
            "display_name": "Antonio Linares",
            "team": "TJH5YU202",
            "name": "alinares",
            "is_restricted": false,
            "is_ultra_restricted": false
        }
    },
    {
        "client_msg_id": "8f180262-f419-4bf4-a3d9-f88a1b7a0ba4",
        "type": "message",
        "text": "<http:\/\/cloud.backupsegur.es:8088\/mod_harbour_examples\/dbgen.prg>",
        "user": "UJN8D8U3B",
        "ts": "1558514475.242900",
        "team": "TJH5YU202",
        "user_team": "TJH5YU202",
        "source_team": "TJH5YU202",
        "user_profile": {
            "avatar_hash": "g92ad2abcc45",
            "image_72": "https:\/\/secure.gravatar.com\/avatar\/8492ad2abcc45ce53969adcf8420acde.jpg?s=72&d=https%3A%2F%2Fa.slack-edge.com%2F80588%2Fimg%2Favatars%2Fuser_shapes%2Fava_0008-72.png",
            "first_name": "",
            "real_name": "Antonio Linares",
            "display_name": "Antonio Linares",
            "team": "TJH5YU202",
            "name": "alinares",
            "is_restricted": false,
            "is_ultra_restricted": false
        }
    },
    {
        "client_msg_id": "9b10ec65-e706-4ffc-9eac-cf18fa4d0294",
        "type": "message",
        "text": "Hola a tod@s !!!",
        "user": "UJK7SNX51",
        "ts": "1558515779.243300",
        "team": "TJH5YU202",
        "user_team": "TJH5YU202",
        "source_team": "TJH5YU202",
        "user_profile": {
            "avatar_hash": "6698a9ba696b",
            "image_72": "https:\/\/avatars.slack-edge.com\/2019-07-04\/673660529330_6698a9ba696bad01eb8c_72.jpg",
            "first_name": "Baxajaun",
            "real_name": "Baxajaun",
            "display_name": "Baxajaun",
            "team": "TJH5YU202",
            "name": "fpgrande",
            "is_restricted": false,
            "is_ultra_restricted": false
        }
    },
    {
        "client_msg_id": "64d13954-2a2f-43c3-a566-f49fc76fae33",
        "type": "message",
        "text": "Hola Félix !\n\nExcelente Antonio, viento en popa a toda vela Mississippi arriba.",
        "user": "UJULQCHL5",
        "ts": "1558516857.244000",
        "team": "TJH5YU202",
        "user_team": "TJH5YU202",
        "source_team": "TJH5YU202",
        "user_profile": {
            "avatar_hash": "g7659142325a",
            "image_72": "https:\/\/secure.gravatar.com\/avatar\/c87659142325a3facb661d85281ec091.jpg?s=72&d=https%3A%2F%2Fa.slack-edge.com%2F80588%2Fimg%2Favatars%2Fuser_shapes%2Fava_0003-72.png",
            "first_name": "",
            "real_name": "Paquito",
            "display_name": "Paquito",
            "team": "TJH5YU202",
            "name": "hmpaquito",
            "is_restricted": false,
            "is_ultra_restricted": false
        },
        "edited": {
            "user": "UJULQCHL5",
            "ts": "1558516896.000000"
        }
    },
    {
        "client_msg_id": "0b5f842d-38aa-4a2a-84c6-ce820bd72b0d",
        "type": "message",
        "text": "Hola Paquito !",
        "user": "UJK7SNX51",
        "ts": "1558517995.244300",
        "team": "TJH5YU202",
        "user_team": "TJH5YU202",
        "source_team": "TJH5YU202",
        "user_profile": {
            "avatar_hash": "6698a9ba696b",
            "image_72": "https:\/\/avatars.slack-edge.com\/2019-07-04\/673660529330_6698a9ba696bad01eb8c_72.jpg",
            "first_name": "Baxajaun",
            "real_name": "Baxajaun",
            "display_name": "Baxajaun",
            "team": "TJH5YU202",
            "name": "fpgrande",
            "is_restricted": false,
            "is_ultra_restricted": false
        }
    },
    {
        "client_msg_id": "ef379da5-b050-423b-a291-66966920969a",
        "type": "message",
        "text": "<@UJK7SNX51> Hola Felix! ¿Ya estamos todos? :slightly_smiling_face:",
        "user": "UJU2ZLJBW",
        "ts": "1558518536.245100",
        "team": "TJH5YU202",
        "user_team": "TJH5YU202",
        "source_team": "TJH5YU202",
        "user_profile": {
            "avatar_hash": "g4df4d90232e",
            "image_72": "https:\/\/secure.gravatar.com\/avatar\/0b4df4d90232ed07739bd4134b92a6d1.jpg?s=72&d=https%3A%2F%2Fa.slack-edge.com%2F80588%2Fimg%2Favatars%2Fuser_shapes%2Fava_0022-72.png",
            "first_name": "Carlos",
            "real_name": "Carlos Mora",
            "display_name": "",
            "team": "TJH5YU202",
            "name": "carlosantoniomora",
            "is_restricted": false,
            "is_ultra_restricted": false
        }
    },
    {
        "client_msg_id": "a43663ed-3787-453d-8f11-63581fd4a551",
        "type": "message",
        "text": "Hola Carlos !",
        "user": "UJK7SNX51",
        "ts": "1558519205.245400",
        "team": "TJH5YU202",
        "user_team": "TJH5YU202",
        "source_team": "TJH5YU202",
        "user_profile": {
            "avatar_hash": "6698a9ba696b",
            "image_72": "https:\/\/avatars.slack-edge.com\/2019-07-04\/673660529330_6698a9ba696bad01eb8c_72.jpg",
            "first_name": "Baxajaun",
            "real_name": "Baxajaun",
            "display_name": "Baxajaun",
            "team": "TJH5YU202",
            "name": "fpgrande",
            "is_restricted": false,
            "is_ultra_restricted": false
        }
    },
    {
        "client_msg_id": "fb68f7c6-1457-4e3f-921c-731c7c9e783a",
        "type": "message",
        "text": "ola!",
        "user": "UJWMTB0T1",
        "ts": "1558520372.246000",
        "team": "TJH5YU202",
        "user_team": "TJH5YU202",
        "source_team": "TJH5YU202",
        "user_profile": {
            "avatar_hash": "g58817e9bb70",
            "image_72": "https:\/\/secure.gravatar.com\/avatar\/5958817e9bb7001e0db920b1a3f26754.jpg?s=72&d=https%3A%2F%2Fa.slack-edge.com%2F80588%2Fimg%2Favatars%2Fuser_shapes%2Fava_0024-72.png",
            "first_name": "",
            "real_name": "Itamar M. Lins Jr.",
            "display_name": "Itamar M. Lins Jr.",
            "team": "TJH5YU202",
            "name": "itamarlins",
            "is_restricted": false,
            "is_ultra_restricted": false
        }
    },
    {
        "client_msg_id": "9e4148fb-f6ff-4196-ae1b-7274b5431e9d",
        "type": "message",
        "text": "Talvez precise faz upload do mod_harbour.so e libharbour.so.3.2.0 porque alguns exemplos não funcionam,",
        "user": "UJWMTB0T1",
        "ts": "1558520473.247100",
        "team": "TJH5YU202",
        "user_team": "TJH5YU202",
        "source_team": "TJH5YU202",
        "user_profile": {
            "avatar_hash": "g58817e9bb70",
            "image_72": "https:\/\/secure.gravatar.com\/avatar\/5958817e9bb7001e0db920b1a3f26754.jpg?s=72&d=https%3A%2F%2Fa.slack-edge.com%2F80588%2Fimg%2Favatars%2Fuser_shapes%2Fava_0024-72.png",
            "first_name": "",
            "real_name": "Itamar M. Lins Jr.",
            "display_name": "Itamar M. Lins Jr.",
            "team": "TJH5YU202",
            "name": "itamarlins",
            "is_restricted": false,
            "is_ultra_restricted": false
        }
    },
    {
        "client_msg_id": "776ed2ae-e3b9-4de5-a2b8-3c5876cb7c00",
        "type": "message",
        "text": "Itamar hay una nueva version disponible desde aqui:",
        "user": "UJN8D8U3B",
        "ts": "1558520878.249100",
        "team": "TJH5YU202",
        "user_team": "TJH5YU202",
        "source_team": "TJH5YU202",
        "user_profile": {
            "avatar_hash": "g92ad2abcc45",
            "image_72": "https:\/\/secure.gravatar.com\/avatar\/8492ad2abcc45ce53969adcf8420acde.jpg?s=72&d=https%3A%2F%2Fa.slack-edge.com%2F80588%2Fimg%2Favatars%2Fuser_shapes%2Fava_0008-72.png",
            "first_name": "",
            "real_name": "Antonio Linares",
            "display_name": "Antonio Linares",
            "team": "TJH5YU202",
            "name": "alinares",
            "is_restricted": false,
            "is_ultra_restricted": false
        }
    },
    {
        "client_msg_id": "3ed3d913-1f39-4989-b52a-a14ae780c7e1",
        "type": "message",
        "text": "<https:\/\/github.com\/FiveTechSoft\/mod_harbour\/tree\/master\/linux\/Ubuntu%2018.04\/20190521>",
        "user": "UJN8D8U3B",
        "ts": "1558520896.249300",
        "team": "TJH5YU202",
        "user_team": "TJH5YU202",
        "source_team": "TJH5YU202",
        "user_profile": {
            "avatar_hash": "g92ad2abcc45",
            "image_72": "https:\/\/secure.gravatar.com\/avatar\/8492ad2abcc45ce53969adcf8420acde.jpg?s=72&d=https%3A%2F%2Fa.slack-edge.com%2F80588%2Fimg%2Favatars%2Fuser_shapes%2Fava_0008-72.png",
            "first_name": "",
            "real_name": "Antonio Linares",
            "display_name": "Antonio Linares",
            "team": "TJH5YU202",
            "name": "alinares",
            "is_restricted": false,
            "is_ultra_restricted": false
        },
        "attachments": [
            {
                "service_name": "GitHub",
                "title": "FiveTechSoft\/mod_harbour",
                "title_link": "https:\/\/github.com\/FiveTechSoft\/mod_harbour\/tree\/master\/linux\/Ubuntu%2018.04\/20190521",
                "text": "Apache mod for Harbour. Contribute to FiveTechSoft\/mod_harbour development by creating an account on GitHub.",
                "fallback": "GitHub: FiveTechSoft\/mod_harbour",
                "thumb_url": "https:\/\/avatars3.githubusercontent.com\/u\/10235217?s=400&v=4",
                "from_url": "https:\/\/github.com\/FiveTechSoft\/mod_harbour\/tree\/master\/linux\/Ubuntu%2018.04\/20190521",
                "thumb_width": 400,
                "thumb_height": 400,
                "service_icon": "https:\/\/a.slack-edge.com\/bfaba\/img\/unfurl_icons\/github.png",
                "id": 1,
                "original_url": "https:\/\/github.com\/FiveTechSoft\/mod_harbour\/tree\/master\/linux\/Ubuntu%2018.04\/20190521"
            }
        ]
    },
    {
        "client_msg_id": "19132dbf-71c4-46fd-b5fd-b92e1b62db44",
        "type": "message",
        "text": "git pull (AlreadY up to date.)",
        "user": "UJWMTB0T1",
        "ts": "1558521228.249800",
        "team": "TJH5YU202",
        "user_team": "TJH5YU202",
        "source_team": "TJH5YU202",
        "user_profile": {
            "avatar_hash": "g58817e9bb70",
            "image_72": "https:\/\/secure.gravatar.com\/avatar\/5958817e9bb7001e0db920b1a3f26754.jpg?s=72&d=https%3A%2F%2Fa.slack-edge.com%2F80588%2Fimg%2Favatars%2Fuser_shapes%2Fava_0024-72.png",
            "first_name": "",
            "real_name": "Itamar M. Lins Jr.",
            "display_name": "Itamar M. Lins Jr.",
            "team": "TJH5YU202",
            "name": "itamarlins",
            "is_restricted": false,
            "is_ultra_restricted": false
        }
    },
    {
        "client_msg_id": "80320545-eaf2-4df3-b647-bac77d68e89f",
        "type": "message",
        "text": "Estamos fazendo confusão, pois existem duas opções. e de qual o go.sh esta pegando do mais antigo quando instala.",
        "user": "UJWMTB0T1",
        "ts": "1558521455.251000",
        "team": "TJH5YU202",
        "user_team": "TJH5YU202",
        "source_team": "TJH5YU202",
        "user_profile": {
            "avatar_hash": "g58817e9bb70",
            "image_72": "https:\/\/secure.gravatar.com\/avatar\/5958817e9bb7001e0db920b1a3f26754.jpg?s=72&d=https%3A%2F%2Fa.slack-edge.com%2F80588%2Fimg%2Favatars%2Fuser_shapes%2Fava_0024-72.png",
            "first_name": "",
            "real_name": "Itamar M. Lins Jr.",
            "display_name": "Itamar M. Lins Jr.",
            "team": "TJH5YU202",
            "name": "itamarlins",
            "is_restricted": false,
            "is_ultra_restricted": false
        }
    },
    {
        "client_msg_id": "06d97226-2036-459e-b7d0-cee28fff1bf0",
        "type": "message",
        "text": "Si, aun no se ha actualizado go.sh estabamos probandolo",
        "user": "UJN8D8U3B",
        "ts": "1558521593.251400",
        "team": "TJH5YU202",
        "user_team": "TJH5YU202",
        "source_team": "TJH5YU202",
        "user_profile": {
            "avatar_hash": "g92ad2abcc45",
            "image_72": "https:\/\/secure.gravatar.com\/avatar\/8492ad2abcc45ce53969adcf8420acde.jpg?s=72&d=https%3A%2F%2Fa.slack-edge.com%2F80588%2Fimg%2Favatars%2Fuser_shapes%2Fava_0008-72.png",
            "first_name": "",
            "real_name": "Antonio Linares",
            "display_name": "Antonio Linares",
            "team": "TJH5YU202",
            "name": "alinares",
            "is_restricted": false,
            "is_ultra_restricted": false
        }
    },
    {
        "client_msg_id": "31b2f5a0-0027-41ac-a41a-fe84dcf4b39b",
        "type": "message",
        "text": "vamos a actualizarlo ahora",
        "user": "UJN8D8U3B",
        "ts": "1558521601.251700",
        "team": "TJH5YU202",
        "user_team": "TJH5YU202",
        "source_team": "TJH5YU202",
        "user_profile": {
            "avatar_hash": "g92ad2abcc45",
            "image_72": "https:\/\/secure.gravatar.com\/avatar\/8492ad2abcc45ce53969adcf8420acde.jpg?s=72&d=https%3A%2F%2Fa.slack-edge.com%2F80588%2Fimg%2Favatars%2Fuser_shapes%2Fava_0008-72.png",
            "first_name": "",
            "real_name": "Antonio Linares",
            "display_name": "Antonio Linares",
            "team": "TJH5YU202",
            "name": "alinares",
            "is_restricted": false,
            "is_ultra_restricted": false
        }
    },
    {
        "client_msg_id": "3146d09d-6dac-4189-98c6-238fd8ad3431",
        "type": "message",
        "text": "ya esta actualizado. Gracias :slightly_smiling_face:",
        "user": "UJN8D8U3B",
        "ts": "1558521665.252000",
        "team": "TJH5YU202",
        "user_team": "TJH5YU202",
        "source_team": "TJH5YU202",
        "user_profile": {
            "avatar_hash": "g92ad2abcc45",
            "image_72": "https:\/\/secure.gravatar.com\/avatar\/8492ad2abcc45ce53969adcf8420acde.jpg?s=72&d=https%3A%2F%2Fa.slack-edge.com%2F80588%2Fimg%2Favatars%2Fuser_shapes%2Fava_0008-72.png",
            "first_name": "",
            "real_name": "Antonio Linares",
            "display_name": "Antonio Linares",
            "team": "TJH5YU202",
            "name": "alinares",
            "is_restricted": false,
            "is_ultra_restricted": false
        }
    },
    {
        "client_msg_id": "ea6bbe52-c2da-451a-b894-30bef1c91f5e",
        "type": "message",
        "text": "Los archivos que estan en GitHub mod_harbour\/linux\napache.prg   go.sh   y   mod_harbour.c\npara que sirven y si hay que actualizarlos, donde o como ???",
        "user": "UJU3NMK0U",
        "ts": "1558522637.253600",
        "team": "TJH5YU202",
        "user_team": "TJH5YU202",
        "source_team": "TJH5YU202",
        "user_profile": {
            "avatar_hash": "48f1b9655122",
            "image_72": "https:\/\/avatars.slack-edge.com\/2019-05-20\/640143784356_48f1b96551220d9fdd4d_72.jpg",
            "first_name": "Xevi",
            "real_name": "Xevi",
            "display_name": "Xevi",
            "team": "TJH5YU202",
            "name": "xevicomas",
            "is_restricted": false,
            "is_ultra_restricted": false
        }
    },
    {
        "client_msg_id": "3b41be11-ef65-487c-839d-ed41571f6e0e",
        "type": "message",
        "text": "Esos ficheros son para construir el mod Harbour",
        "user": "UJN8D8U3B",
        "ts": "1558522803.254900",
        "team": "TJH5YU202",
        "user_team": "TJH5YU202",
        "source_team": "TJH5YU202",
        "user_profile": {
            "avatar_hash": "g92ad2abcc45",
            "image_72": "https:\/\/secure.gravatar.com\/avatar\/8492ad2abcc45ce53969adcf8420acde.jpg?s=72&d=https%3A%2F%2Fa.slack-edge.com%2F80588%2Fimg%2Favatars%2Fuser_shapes%2Fava_0008-72.png",
            "first_name": "",
            "real_name": "Antonio Linares",
            "display_name": "Antonio Linares",
            "team": "TJH5YU202",
            "name": "alinares",
            "is_restricted": false,
            "is_ultra_restricted": false
        }
    },
    {
        "client_msg_id": "af9eb665-d7d0-4a98-976f-75d4ffeca040",
        "type": "message",
        "text": "No hacen falta si solo se desea usarlo",
        "user": "UJN8D8U3B",
        "ts": "1558522821.255400",
        "team": "TJH5YU202",
        "user_team": "TJH5YU202",
        "source_team": "TJH5YU202",
        "user_profile": {
            "avatar_hash": "g92ad2abcc45",
            "image_72": "https:\/\/secure.gravatar.com\/avatar\/8492ad2abcc45ce53969adcf8420acde.jpg?s=72&d=https%3A%2F%2Fa.slack-edge.com%2F80588%2Fimg%2Favatars%2Fuser_shapes%2Fava_0008-72.png",
            "first_name": "",
            "real_name": "Antonio Linares",
            "display_name": "Antonio Linares",
            "team": "TJH5YU202",
            "name": "alinares",
            "is_restricted": false,
            "is_ultra_restricted": false
        }
    },
    {
        "client_msg_id": "1bc2b430-c0e3-4c4d-a90b-468bad6a3c8d",
        "type": "message",
        "text": "go.sh instala el mod",
        "user": "UJN8D8U3B",
        "ts": "1558522843.255900",
        "team": "TJH5YU202",
        "user_team": "TJH5YU202",
        "source_team": "TJH5YU202",
        "user_profile": {
            "avatar_hash": "g92ad2abcc45",
            "image_72": "https:\/\/secure.gravatar.com\/avatar\/8492ad2abcc45ce53969adcf8420acde.jpg?s=72&d=https%3A%2F%2Fa.slack-edge.com%2F80588%2Fimg%2Favatars%2Fuser_shapes%2Fava_0008-72.png",
            "first_name": "",
            "real_name": "Antonio Linares",
            "display_name": "Antonio Linares",
            "team": "TJH5YU202",
            "name": "alinares",
            "is_restricted": false,
            "is_ultra_restricted": false
        }
    },
    {
        "client_msg_id": "ec10f3a2-91da-4ea0-889b-c942ffef6246",
        "type": "message",
        "text": "hola buenos dias a mi me da este error en los dos ejemplos que pusiste Antonio",
        "user": "UJUFNFMFE",
        "ts": "1558531695.256600",
        "team": "TJH5YU202",
        "user_team": "TJH5YU202",
        "source_team": "TJH5YU202",
        "user_profile": {
            "avatar_hash": "aa4e40c137f0",
            "image_72": "https:\/\/avatars.slack-edge.com\/2019-05-21\/630419446595_aa4e40c137f03c23b9cd_72.jpg",
            "first_name": "Marcelo",
            "real_name": "Marcelo Roggeri",
            "display_name": "Marcelo Roggeri",
            "team": "TJH5YU202",
            "name": "roggerimarcelo",
            "is_restricted": false,
            "is_ultra_restricted": false
        }
    },
    {
        "client_msg_id": "d3661cec-f60a-464d-ab70-1f8be6f1268b",
        "type": "message",
        "text": "error: Unknown or unregistered symbol DBUSEAREA\n\ncalled from: GETERRORINFO, line: 69\ncalled from: DOBREAK, line: 80\ncalled from: (b)EXECUTE, line: 44\ncalled from: HB_HRBLOAD, line: 0\ncalled from: EXECUTE, line: 45\ncalled from: MAIN, line: 21",
        "user": "UJUFNFMFE",
        "ts": "1558531697.256800",
        "team": "TJH5YU202",
        "user_team": "TJH5YU202",
        "source_team": "TJH5YU202",
        "user_profile": {
            "avatar_hash": "aa4e40c137f0",
            "image_72": "https:\/\/avatars.slack-edge.com\/2019-05-21\/630419446595_aa4e40c137f03c23b9cd_72.jpg",
            "first_name": "Marcelo",
            "real_name": "Marcelo Roggeri",
            "display_name": "Marcelo Roggeri",
            "team": "TJH5YU202",
            "name": "roggerimarcelo",
            "is_restricted": false,
            "is_ultra_restricted": false
        }
    },
    {
        "client_msg_id": "8e0429b0-9ce0-4176-9a16-97f0094257ac",
        "type": "message",
        "text": "Estimados, Buenas tardes a todos; Espero que no sea una pregunta tonta;Si tenemos un apache en linux, el cual tiene el modulo cargado de harbour y el modulo cargado de php, es posible coexistir los dos en el mismo código ? ( Codigo PRG tener código PHP  or código PHP tener código  PRG ), o bien tendría que ser  a nivel HTML las llamadas a funciones de ambos scripts?, Gracias Antonio y a todo este foro, Saludos",
        "user": "UJUSD6VB2",
        "ts": "1558539238.260100",
        "team": "TJH5YU202",
        "user_team": "TJH5YU202",
        "source_team": "TJH5YU202",
        "user_profile": {
            "avatar_hash": "g1677a02d0b6",
            "image_72": "https:\/\/secure.gravatar.com\/avatar\/bb1677a02d0b69ba91eb245090c7c83a.jpg?s=72&d=https%3A%2F%2Fa.slack-edge.com%2F80588%2Fimg%2Favatars%2Fuser_shapes%2Fava_0015-72.png",
            "first_name": "",
            "real_name": "Osvaldo Ramirez",
            "display_name": "Osvaldo Ramirez",
            "team": "TJH5YU202",
            "name": "ramirezosvaldo",
            "is_restricted": false,
            "is_ultra_restricted": false
        }
    },
    {
        "client_msg_id": "493d7e0e-99df-4c95-8c1b-22af4647109a",
        "type": "message",
        "text": "No, el servidor pasa el control a un prg o un php, y ya, no puede ‘intervenir’ mas ¿Cual sería la idea de mezclar los dos lenguajes?",
        "user": "UJU2ZLJBW",
        "ts": "1558539378.261600",
        "team": "TJH5YU202",
        "user_team": "TJH5YU202",
        "source_team": "TJH5YU202",
        "user_profile": {
            "avatar_hash": "g4df4d90232e",
            "image_72": "https:\/\/secure.gravatar.com\/avatar\/0b4df4d90232ed07739bd4134b92a6d1.jpg?s=72&d=https%3A%2F%2Fa.slack-edge.com%2F80588%2Fimg%2Favatars%2Fuser_shapes%2Fava_0022-72.png",
            "first_name": "Carlos",
            "real_name": "Carlos Mora",
            "display_name": "",
            "team": "TJH5YU202",
            "name": "carlosantoniomora",
            "is_restricted": false,
            "is_ultra_restricted": false
        }
    },
    {
        "client_msg_id": "133bdcca-3084-4545-9988-d63e95069995",
        "type": "message",
        "text": "Carlos Gracias, me surgió la duda, ya que hay mucho código php y para no tratar de implementar de nuevo la rueda reusarlo.",
        "user": "UJUSD6VB2",
        "ts": "1558539561.263000",
        "team": "TJH5YU202",
        "user_team": "TJH5YU202",
        "source_team": "TJH5YU202",
        "user_profile": {
            "avatar_hash": "g1677a02d0b6",
            "image_72": "https:\/\/secure.gravatar.com\/avatar\/bb1677a02d0b69ba91eb245090c7c83a.jpg?s=72&d=https%3A%2F%2Fa.slack-edge.com%2F80588%2Fimg%2Favatars%2Fuser_shapes%2Fava_0015-72.png",
            "first_name": "",
            "real_name": "Osvaldo Ramirez",
            "display_name": "Osvaldo Ramirez",
            "team": "TJH5YU202",
            "name": "ramirezosvaldo",
            "is_restricted": false,
            "is_ultra_restricted": false
        }
    },
    {
        "client_msg_id": "6592d7e1-d77b-4881-b0b8-bf0a067a19f9",
        "type": "message",
        "text": "hola hay un ejemplo en dbf, el codigo se podra ver ?   <http:\/\/xevicomas.no-ip.org\/viewdbf.prg>",
        "user": "UJUFNFMFE",
        "ts": "1558539836.263600",
        "team": "TJH5YU202",
        "user_team": "TJH5YU202",
        "source_team": "TJH5YU202",
        "user_profile": {
            "avatar_hash": "aa4e40c137f0",
            "image_72": "https:\/\/avatars.slack-edge.com\/2019-05-21\/630419446595_aa4e40c137f03c23b9cd_72.jpg",
            "first_name": "Marcelo",
            "real_name": "Marcelo Roggeri",
            "display_name": "Marcelo Roggeri",
            "team": "TJH5YU202",
            "name": "roggerimarcelo",
            "is_restricted": false,
            "is_ultra_restricted": false
        }
    },
    {
        "client_msg_id": "39706e65-b729-4048-a6a9-272864e640c9",
        "type": "message",
        "text": "<https:\/\/github.com\/FiveTechSoft\/mod_harbour\/blob\/master\/samples\/dbgen.prg>",
        "user": "UJN8D8U3B",
        "ts": "1558540014.264700",
        "team": "TJH5YU202",
        "user_team": "TJH5YU202",
        "source_team": "TJH5YU202",
        "user_profile": {
            "avatar_hash": "g92ad2abcc45",
            "image_72": "https:\/\/secure.gravatar.com\/avatar\/8492ad2abcc45ce53969adcf8420acde.jpg?s=72&d=https%3A%2F%2Fa.slack-edge.com%2F80588%2Fimg%2Favatars%2Fuser_shapes%2Fava_0008-72.png",
            "first_name": "",
            "real_name": "Antonio Linares",
            "display_name": "Antonio Linares",
            "team": "TJH5YU202",
            "name": "alinares",
            "is_restricted": false,
            "is_ultra_restricted": false
        },
        "attachments": [
            {
                "service_name": "GitHub",
                "title": "FiveTechSoft\/mod_harbour",
                "title_link": "https:\/\/github.com\/FiveTechSoft\/mod_harbour\/blob\/master\/samples\/dbgen.prg",
                "text": "Apache mod for Harbour. Contribute to FiveTechSoft\/mod_harbour development by creating an account on GitHub.",
                "fallback": "GitHub: FiveTechSoft\/mod_harbour",
                "thumb_url": "https:\/\/avatars3.githubusercontent.com\/u\/10235217?s=400&v=4",
                "from_url": "https:\/\/github.com\/FiveTechSoft\/mod_harbour\/blob\/master\/samples\/dbgen.prg",
                "thumb_width": 400,
                "thumb_height": 400,
                "service_icon": "https:\/\/a.slack-edge.com\/bfaba\/img\/unfurl_icons\/github.png",
                "id": 1,
                "original_url": "https:\/\/github.com\/FiveTechSoft\/mod_harbour\/blob\/master\/samples\/dbgen.prg"
            }
        ]
    },
    {
        "client_msg_id": "e545d37a-4ea1-4915-826b-b545ddfd828a",
        "type": "message",
        "text": "Marcelo aqui se explica donde situar las DBFs en el servidor y que pasos seguir:",
        "user": "UJN8D8U3B",
        "ts": "1558540077.265300",
        "team": "TJH5YU202",
        "user_team": "TJH5YU202",
        "source_team": "TJH5YU202",
        "user_profile": {
            "avatar_hash": "g92ad2abcc45",
            "image_72": "https:\/\/secure.gravatar.com\/avatar\/8492ad2abcc45ce53969adcf8420acde.jpg?s=72&d=https%3A%2F%2Fa.slack-edge.com%2F80588%2Fimg%2Favatars%2Fuser_shapes%2Fava_0008-72.png",
            "first_name": "",
            "real_name": "Antonio Linares",
            "display_name": "Antonio Linares",
            "team": "TJH5YU202",
            "name": "alinares",
            "is_restricted": false,
            "is_ultra_restricted": false
        }
    },
    {
        "client_msg_id": "df8979e4-bc4b-4fb5-ad6b-0a5e7ccf77a4",
        "type": "message",
        "text": "<https:\/\/github.com\/FiveTechSoft\/mod_harbour\/wiki\/Using-DBFs-from-the-server>",
        "user": "UJN8D8U3B",
        "ts": "1558540079.265500",
        "team": "TJH5YU202",
        "user_team": "TJH5YU202",
        "source_team": "TJH5YU202",
        "user_profile": {
            "avatar_hash": "g92ad2abcc45",
            "image_72": "https:\/\/secure.gravatar.com\/avatar\/8492ad2abcc45ce53969adcf8420acde.jpg?s=72&d=https%3A%2F%2Fa.slack-edge.com%2F80588%2Fimg%2Favatars%2Fuser_shapes%2Fava_0008-72.png",
            "first_name": "",
            "real_name": "Antonio Linares",
            "display_name": "Antonio Linares",
            "team": "TJH5YU202",
            "name": "alinares",
            "is_restricted": false,
            "is_ultra_restricted": false
        },
        "attachments": [
            {
                "service_name": "GitHub",
                "title": "FiveTechSoft\/mod_harbour",
                "title_link": "https:\/\/github.com\/FiveTechSoft\/mod_harbour\/wiki\/Using-DBFs-from-the-server",
                "text": "Apache mod for Harbour. Contribute to FiveTechSoft\/mod_harbour development by creating an account on GitHub.",
                "fallback": "GitHub: FiveTechSoft\/mod_harbour",
                "thumb_url": "https:\/\/avatars3.githubusercontent.com\/u\/10235217?s=400&v=4",
                "from_url": "https:\/\/github.com\/FiveTechSoft\/mod_harbour\/wiki\/Using-DBFs-from-the-server",
                "thumb_width": 400,
                "thumb_height": 400,
                "service_icon": "https:\/\/a.slack-edge.com\/bfaba\/img\/unfurl_icons\/github.png",
                "id": 1,
                "original_url": "https:\/\/github.com\/FiveTechSoft\/mod_harbour\/wiki\/Using-DBFs-from-the-server"
            }
        ]
    },
    {
        "client_msg_id": "e370fdca-1306-49f3-ac12-f146b063cb66",
        "type": "message",
        "text": "gracias Antonip",
        "user": "UJUFNFMFE",
        "ts": "1558540116.266500",
        "team": "TJH5YU202",
        "user_team": "TJH5YU202",
        "source_team": "TJH5YU202",
        "user_profile": {
            "avatar_hash": "aa4e40c137f0",
            "image_72": "https:\/\/avatars.slack-edge.com\/2019-05-21\/630419446595_aa4e40c137f03c23b9cd_72.jpg",
            "first_name": "Marcelo",
            "real_name": "Marcelo Roggeri",
            "display_name": "Marcelo Roggeri",
            "team": "TJH5YU202",
            "name": "roggerimarcelo",
            "is_restricted": false,
            "is_ultra_restricted": false
        }
    },
    {
        "client_msg_id": "94a85cd1-ee15-4a69-90f2-a2deb1c2fa1f",
        "type": "message",
        "text": "Marcelo, lo acabo de subir\n<https:\/\/github.com\/XeviComas\/mod_harbour\/blob\/master\/samples\/viewdbf.prg>",
        "user": "UJU3NMK0U",
        "ts": "1558540121.266800",
        "team": "TJH5YU202",
        "user_team": "TJH5YU202",
        "source_team": "TJH5YU202",
        "user_profile": {
            "avatar_hash": "48f1b9655122",
            "image_72": "https:\/\/avatars.slack-edge.com\/2019-05-20\/640143784356_48f1b96551220d9fdd4d_72.jpg",
            "first_name": "Xevi",
            "real_name": "Xevi",
            "display_name": "Xevi",
            "team": "TJH5YU202",
            "name": "xevicomas",
            "is_restricted": false,
            "is_ultra_restricted": false
        },
        "attachments": [
            {
                "service_name": "GitHub",
                "title": "XeviComas\/mod_harbour",
                "title_link": "https:\/\/github.com\/XeviComas\/mod_harbour\/blob\/master\/samples\/viewdbf.prg",
                "text": "Apache mod for Harbour. Contribute to XeviComas\/mod_harbour development by creating an account on GitHub.",
                "fallback": "GitHub: XeviComas\/mod_harbour",
                "thumb_url": "https:\/\/avatars0.githubusercontent.com\/u\/50912013?s=400&v=4",
                "from_url": "https:\/\/github.com\/XeviComas\/mod_harbour\/blob\/master\/samples\/viewdbf.prg",
                "thumb_width": 420,
                "thumb_height": 420,
                "service_icon": "https:\/\/a.slack-edge.com\/bfaba\/img\/unfurl_icons\/github.png",
                "id": 1,
                "original_url": "https:\/\/github.com\/XeviComas\/mod_harbour\/blob\/master\/samples\/viewdbf.prg"
            }
        ]
    },
    {
        "client_msg_id": "1e6bee8d-82b3-44f2-ad6e-d54c11c3cb2c",
        "type": "message",
        "text": "ahhh buenisimo gracias Xevi",
        "user": "UJUFNFMFE",
        "ts": "1558540136.267200",
        "team": "TJH5YU202",
        "user_team": "TJH5YU202",
        "source_team": "TJH5YU202",
        "user_profile": {
            "avatar_hash": "aa4e40c137f0",
            "image_72": "https:\/\/avatars.slack-edge.com\/2019-05-21\/630419446595_aa4e40c137f03c23b9cd_72.jpg",
            "first_name": "Marcelo",
            "real_name": "Marcelo Roggeri",
            "display_name": "Marcelo Roggeri",
            "team": "TJH5YU202",
            "name": "roggerimarcelo",
            "is_restricted": false,
            "is_ultra_restricted": false
        }
    },
    {
        "client_msg_id": "88b467d5-08a3-4d67-af2b-85c50e3020d5",
        "type": "message",
        "text": "Hoy se ha publicado una nueva version, los nuevos ficheros estan en <https:\/\/github.com\/FiveTechSoft\/mod_harbour\/tree\/master\/linux\/Ubuntu%2018.04\/20190521>",
        "user": "UJN8D8U3B",
        "ts": "1558540140.267400",
        "team": "TJH5YU202",
        "user_team": "TJH5YU202",
        "source_team": "TJH5YU202",
        "user_profile": {
            "avatar_hash": "g92ad2abcc45",
            "image_72": "https:\/\/secure.gravatar.com\/avatar\/8492ad2abcc45ce53969adcf8420acde.jpg?s=72&d=https%3A%2F%2Fa.slack-edge.com%2F80588%2Fimg%2Favatars%2Fuser_shapes%2Fava_0008-72.png",
            "first_name": "",
            "real_name": "Antonio Linares",
            "display_name": "Antonio Linares",
            "team": "TJH5YU202",
            "name": "alinares",
            "is_restricted": false,
            "is_ultra_restricted": false
        },
        "attachments": [
            {
                "service_name": "GitHub",
                "title": "FiveTechSoft\/mod_harbour",
                "title_link": "https:\/\/github.com\/FiveTechSoft\/mod_harbour\/tree\/master\/linux\/Ubuntu%2018.04\/20190521",
                "text": "Apache mod for Harbour. Contribute to FiveTechSoft\/mod_harbour development by creating an account on GitHub.",
                "fallback": "GitHub: FiveTechSoft\/mod_harbour",
                "thumb_url": "https:\/\/avatars3.githubusercontent.com\/u\/10235217?s=400&v=4",
                "from_url": "https:\/\/github.com\/FiveTechSoft\/mod_harbour\/tree\/master\/linux\/Ubuntu%2018.04\/20190521",
                "thumb_width": 400,
                "thumb_height": 400,
                "service_icon": "https:\/\/a.slack-edge.com\/bfaba\/img\/unfurl_icons\/github.png",
                "id": 1,
                "original_url": "https:\/\/github.com\/FiveTechSoft\/mod_harbour\/tree\/master\/linux\/Ubuntu%2018.04\/20190521"
            }
        ]
    },
    {
        "client_msg_id": "39b3134c-3fe9-4178-813a-21591250c983",
        "type": "message",
        "text": "Aquí tengo unos test, funcionando\n<http:\/\/xevicomas.no-ip.org\/test\/>",
        "user": "UJU3NMK0U",
        "ts": "1558540314.268300",
        "team": "TJH5YU202",
        "user_team": "TJH5YU202",
        "source_team": "TJH5YU202",
        "user_profile": {
            "avatar_hash": "48f1b9655122",
            "image_72": "https:\/\/avatars.slack-edge.com\/2019-05-20\/640143784356_48f1b96551220d9fdd4d_72.jpg",
            "first_name": "Xevi",
            "real_name": "Xevi",
            "display_name": "Xevi",
            "team": "TJH5YU202",
            "name": "xevicomas",
            "is_restricted": false,
            "is_ultra_restricted": false
        }
    },
    {
        "type": "message",
        "text": "Vamos, go go",
        "files": [
            {
                "id": "FJKNC3RK5",
                "mode": "tombstone"
            }
        ],
        "upload": true,
        "user": "UJULQCHL5",
        "display_as_bot": false,
        "ts": "1558542364.268800",
        "edited": {
            "user": "UJULQCHL5",
            "ts": "1558544091.000000"
        },
        "client_msg_id": "81a5b055-a26f-46eb-9d7e-895f56b02fcf"
    },
    {
        "client_msg_id": "debab425-abf4-4d63-928a-84fbe7ac25a8",
        "type": "message",
        "text": "HFW?",
        "user": "UJWU1NLQ6",
        "ts": "1558542656.272100",
        "team": "TJH5YU202",
        "user_team": "TJH5YU202",
        "source_team": "TJH5YU202",
        "user_profile": {
            "avatar_hash": "034d5c7f6e05",
            "image_72": "https:\/\/avatars.slack-edge.com\/2019-05-20\/640791937568_034d5c7f6e05e4dd4551_72.jpg",
            "first_name": "Lailton",
            "real_name": "Lailton Fernando Mariano",
            "display_name": "Lailton",
            "team": "TJH5YU202",
            "name": "lailton",
            "is_restricted": false,
            "is_ultra_restricted": false
        }
    },
    {
        "client_msg_id": "69c42503-0c26-4657-886f-2a6b29e6fa3c",
        "type": "message",
        "text": "for web?",
        "user": "UJWU1NLQ6",
        "ts": "1558542663.272400",
        "team": "TJH5YU202",
        "user_team": "TJH5YU202",
        "source_team": "TJH5YU202",
        "user_profile": {
            "avatar_hash": "034d5c7f6e05",
            "image_72": "https:\/\/avatars.slack-edge.com\/2019-05-20\/640791937568_034d5c7f6e05e4dd4551_72.jpg",
            "first_name": "Lailton",
            "real_name": "Lailton Fernando Mariano",
            "display_name": "Lailton",
            "team": "TJH5YU202",
            "name": "lailton",
            "is_restricted": false,
            "is_ultra_restricted": false
        }
    },
    {
        "client_msg_id": "d02e5223-db2a-4ac9-9550-0000cf1a63ae",
        "type": "message",
        "text": "<@UJUSD6VB2> una linea de codigo no navega sola por la memoria de una máquina, sino que forma parte de un organismo lógico mayor. Tampoco es razonable ir pegando trozos de código de cualquier lenguaje porque todo algoritmo o proceso necesita un contexto, no es algo aislado sino que se interconecta a través de sus interfaces. Lo interesante del codigo PHP es ver que problemas resuelven y como , ya que en esto de la web son unos de los que llevan la delantera.",
        "user": "UJU2ZLJBW",
        "ts": "1558542669.272500",
        "team": "TJH5YU202",
        "user_team": "TJH5YU202",
        "source_team": "TJH5YU202",
        "user_profile": {
            "avatar_hash": "g4df4d90232e",
            "image_72": "https:\/\/secure.gravatar.com\/avatar\/0b4df4d90232ed07739bd4134b92a6d1.jpg?s=72&d=https%3A%2F%2Fa.slack-edge.com%2F80588%2Fimg%2Favatars%2Fuser_shapes%2Fava_0022-72.png",
            "first_name": "Carlos",
            "real_name": "Carlos Mora",
            "display_name": "",
            "team": "TJH5YU202",
            "name": "carlosantoniomora",
            "is_restricted": false,
            "is_ultra_restricted": false
        }
    },
    {
        "type": "message",
        "text": "<@UJWU1NLQ6>",
        "files": [
            {
                "id": "FJZBA49KQ",
                "created": 1558542886,
                "timestamp": 1558542886,
                "name": "image.png",
                "title": "image.png",
                "mimetype": "image\/png",
                "filetype": "png",
                "pretty_type": "PNG",
                "user": "UJULQCHL5",
                "editable": false,
                "size": 15729,
                "mode": "hosted",
                "is_external": false,
                "external_type": "",
                "is_public": true,
                "public_url_shared": false,
                "display_as_bot": false,
                "username": "",
                "url_private": "https:\/\/files.slack.com\/files-pri\/TJH5YU202-FJZBA49KQ\/image.png?t=xoxe-629202954002-776688371669-763909703378-01ffaa4c4eeda75ea92ad255b32a04e5",
                "url_private_download": "https:\/\/files.slack.com\/files-pri\/TJH5YU202-FJZBA49KQ\/download\/image.png?t=xoxe-629202954002-776688371669-763909703378-01ffaa4c4eeda75ea92ad255b32a04e5",
                "thumb_64": "https:\/\/files.slack.com\/files-tmb\/TJH5YU202-FJZBA49KQ-c6f45df4a9\/image_64.png?t=xoxe-629202954002-776688371669-763909703378-01ffaa4c4eeda75ea92ad255b32a04e5",
                "thumb_80": "https:\/\/files.slack.com\/files-tmb\/TJH5YU202-FJZBA49KQ-c6f45df4a9\/image_80.png?t=xoxe-629202954002-776688371669-763909703378-01ffaa4c4eeda75ea92ad255b32a04e5",
                "thumb_360": "https:\/\/files.slack.com\/files-tmb\/TJH5YU202-FJZBA49KQ-c6f45df4a9\/image_360.png?t=xoxe-629202954002-776688371669-763909703378-01ffaa4c4eeda75ea92ad255b32a04e5",
                "thumb_360_w": 360,
                "thumb_360_h": 161,
                "thumb_480": "https:\/\/files.slack.com\/files-tmb\/TJH5YU202-FJZBA49KQ-c6f45df4a9\/image_480.png?t=xoxe-629202954002-776688371669-763909703378-01ffaa4c4eeda75ea92ad255b32a04e5",
                "thumb_480_w": 480,
                "thumb_480_h": 215,
                "thumb_160": "https:\/\/files.slack.com\/files-tmb\/TJH5YU202-FJZBA49KQ-c6f45df4a9\/image_160.png?t=xoxe-629202954002-776688371669-763909703378-01ffaa4c4eeda75ea92ad255b32a04e5",
                "image_exif_rotation": 1,
                "original_w": 522,
                "original_h": 234,
                "permalink": "https:\/\/harbourproject.slack.com\/files\/UJULQCHL5\/FJZBA49KQ\/image.png",
                "permalink_public": "https:\/\/slack-files.com\/TJH5YU202-FJZBA49KQ-e6dac67323",
                "is_starred": false,
                "has_rich_preview": false
            }
        ],
        "upload": true,
        "user": "UJULQCHL5",
        "display_as_bot": false,
        "ts": "1558542889.272900",
        "client_msg_id": "ce517f7d-a738-4a1d-a11b-15700ecc49f6"
    },
    {
        "client_msg_id": "bbe834cf-c5d3-488d-9f67-33d21bc63dc7",
        "type": "message",
        "text": "Ah si :slightly_smiling_face:",
        "user": "UJWU1NLQ6",
        "ts": "1558542941.273300",
        "team": "TJH5YU202",
        "user_team": "TJH5YU202",
        "source_team": "TJH5YU202",
        "user_profile": {
            "avatar_hash": "034d5c7f6e05",
            "image_72": "https:\/\/avatars.slack-edge.com\/2019-05-20\/640791937568_034d5c7f6e05e4dd4551_72.jpg",
            "first_name": "Lailton",
            "real_name": "Lailton Fernando Mariano",
            "display_name": "Lailton",
            "team": "TJH5YU202",
            "name": "lailton",
            "is_restricted": false,
            "is_ultra_restricted": false
        },
        "edited": {
            "user": "UJWU1NLQ6",
            "ts": "1558542972.000000"
        }
    },
    {
        "client_msg_id": "9e145424-80b2-4da8-ae08-b2d4470fce42",
        "type": "message",
        "text": "Gracias, carlos",
        "user": "UJUSD6VB2",
        "ts": "1558543185.273900",
        "team": "TJH5YU202",
        "user_team": "TJH5YU202",
        "source_team": "TJH5YU202",
        "user_profile": {
            "avatar_hash": "g1677a02d0b6",
            "image_72": "https:\/\/secure.gravatar.com\/avatar\/bb1677a02d0b69ba91eb245090c7c83a.jpg?s=72&d=https%3A%2F%2Fa.slack-edge.com%2F80588%2Fimg%2Favatars%2Fuser_shapes%2Fava_0015-72.png",
            "first_name": "",
            "real_name": "Osvaldo Ramirez",
            "display_name": "Osvaldo Ramirez",
            "team": "TJH5YU202",
            "name": "ramirezosvaldo",
            "is_restricted": false,
            "is_ultra_restricted": false
        }
    },
    {
        "client_msg_id": "bb4a711d-269f-4b32-9ee9-4c5762a92b6c",
        "type": "message",
        "text": "Estimados, es necesario actualizar algo? desde la version de hace 3 dias? si es asi, cuales son los pasos...",
        "user": "UJX3VLXK8",
        "ts": "1558544005.275300",
        "team": "TJH5YU202",
        "user_team": "TJH5YU202",
        "source_team": "TJH5YU202",
        "user_profile": {
            "avatar_hash": "g40064ea8e6b",
            "image_72": "https:\/\/secure.gravatar.com\/avatar\/d640064ea8e6bd640f9314de3695471b.jpg?s=72&d=https%3A%2F%2Fa.slack-edge.com%2F80588%2Fimg%2Favatars%2Fuser_shapes%2Fava_0015-72.png",
            "first_name": "",
            "real_name": "Carlos Vargas",
            "display_name": "Carlos Vargas",
            "team": "TJH5YU202",
            "name": "karlos.vargas",
            "is_restricted": false,
            "is_ultra_restricted": false
        }
    },
    {
        "type": "message",
        "text": "Mejorada la transparencia",
        "files": [
            {
                "id": "FJQS77LMP",
                "created": 1558544179,
                "timestamp": 1558544179,
                "name": "HFW.png",
                "title": "HFW.png",
                "mimetype": "image\/png",
                "filetype": "png",
                "pretty_type": "PNG",
                "user": "UJULQCHL5",
                "editable": false,
                "size": 24525,
                "mode": "hosted",
                "is_external": false,
                "external_type": "",
                "is_public": true,
                "public_url_shared": false,
                "display_as_bot": false,
                "username": "",
                "url_private": "https:\/\/files.slack.com\/files-pri\/TJH5YU202-FJQS77LMP\/hfw.png?t=xoxe-629202954002-776688371669-763909703378-01ffaa4c4eeda75ea92ad255b32a04e5",
                "url_private_download": "https:\/\/files.slack.com\/files-pri\/TJH5YU202-FJQS77LMP\/download\/hfw.png?t=xoxe-629202954002-776688371669-763909703378-01ffaa4c4eeda75ea92ad255b32a04e5",
                "thumb_64": "https:\/\/files.slack.com\/files-tmb\/TJH5YU202-FJQS77LMP-760df00b0c\/hfw_64.png?t=xoxe-629202954002-776688371669-763909703378-01ffaa4c4eeda75ea92ad255b32a04e5",
                "thumb_80": "https:\/\/files.slack.com\/files-tmb\/TJH5YU202-FJQS77LMP-760df00b0c\/hfw_80.png?t=xoxe-629202954002-776688371669-763909703378-01ffaa4c4eeda75ea92ad255b32a04e5",
                "thumb_360": "https:\/\/files.slack.com\/files-tmb\/TJH5YU202-FJQS77LMP-760df00b0c\/hfw_360.png?t=xoxe-629202954002-776688371669-763909703378-01ffaa4c4eeda75ea92ad255b32a04e5",
                "thumb_360_w": 190,
                "thumb_360_h": 191,
                "thumb_160": "https:\/\/files.slack.com\/files-tmb\/TJH5YU202-FJQS77LMP-760df00b0c\/hfw_160.png?t=xoxe-629202954002-776688371669-763909703378-01ffaa4c4eeda75ea92ad255b32a04e5",
                "image_exif_rotation": 1,
                "original_w": 190,
                "original_h": 191,
                "permalink": "https:\/\/harbourproject.slack.com\/files\/UJULQCHL5\/FJQS77LMP\/hfw.png",
                "permalink_public": "https:\/\/slack-files.com\/TJH5YU202-FJQS77LMP-c4a3be89f6",
                "is_starred": false,
                "has_rich_preview": false
            }
        ],
        "upload": true,
        "user": "UJULQCHL5",
        "display_as_bot": false,
        "ts": "1558544180.275700",
        "client_msg_id": "658de80c-2c7c-4ee2-8c36-48a148b1249d"
    },
    {
        "client_msg_id": "0cfc4d89-48e6-45b0-969f-24d252f41bcb",
        "type": "message",
        "text": "Carlos Vargas, hay una nueva versión que se publicó ayer, está aquí:",
        "user": "UJN8D8U3B",
        "ts": "1558548410.276500",
        "team": "TJH5YU202",
        "user_team": "TJH5YU202",
        "source_team": "TJH5YU202",
        "user_profile": {
            "avatar_hash": "g92ad2abcc45",
            "image_72": "https:\/\/secure.gravatar.com\/avatar\/8492ad2abcc45ce53969adcf8420acde.jpg?s=72&d=https%3A%2F%2Fa.slack-edge.com%2F80588%2Fimg%2Favatars%2Fuser_shapes%2Fava_0008-72.png",
            "first_name": "",
            "real_name": "Antonio Linares",
            "display_name": "Antonio Linares",
            "team": "TJH5YU202",
            "name": "alinares",
            "is_restricted": false,
            "is_ultra_restricted": false
        }
    },
    {
        "client_msg_id": "3093449e-93a8-46d3-bcd2-ab4334c55af8",
        "type": "message",
        "text": "<https:\/\/github.com\/FiveTechSoft\/mod_harbour\/tree\/master\/linux\/Ubuntu%2018.04\/20190521>",
        "user": "UJN8D8U3B",
        "ts": "1558548420.276700",
        "team": "TJH5YU202",
        "user_team": "TJH5YU202",
        "source_team": "TJH5YU202",
        "user_profile": {
            "avatar_hash": "g92ad2abcc45",
            "image_72": "https:\/\/secure.gravatar.com\/avatar\/8492ad2abcc45ce53969adcf8420acde.jpg?s=72&d=https%3A%2F%2Fa.slack-edge.com%2F80588%2Fimg%2Favatars%2Fuser_shapes%2Fava_0008-72.png",
            "first_name": "",
            "real_name": "Antonio Linares",
            "display_name": "Antonio Linares",
            "team": "TJH5YU202",
            "name": "alinares",
            "is_restricted": false,
            "is_ultra_restricted": false
        },
        "attachments": [
            {
                "service_name": "GitHub",
                "title": "FiveTechSoft\/mod_harbour",
                "title_link": "https:\/\/github.com\/FiveTechSoft\/mod_harbour\/tree\/master\/linux\/Ubuntu%2018.04\/20190521",
                "text": "Apache mod for Harbour. Contribute to FiveTechSoft\/mod_harbour development by creating an account on GitHub.",
                "fallback": "GitHub: FiveTechSoft\/mod_harbour",
                "thumb_url": "https:\/\/avatars3.githubusercontent.com\/u\/10235217?s=400&v=4",
                "from_url": "https:\/\/github.com\/FiveTechSoft\/mod_harbour\/tree\/master\/linux\/Ubuntu%2018.04\/20190521",
                "thumb_width": 400,
                "thumb_height": 400,
                "service_icon": "https:\/\/a.slack-edge.com\/bfaba\/img\/unfurl_icons\/github.png",
                "id": 1,
                "original_url": "https:\/\/github.com\/FiveTechSoft\/mod_harbour\/tree\/master\/linux\/Ubuntu%2018.04\/20190521"
            }
        ]
    },
    {
        "client_msg_id": "29d83b19-5559-4ce8-8fbb-60d98cdc589e",
        "type": "message",
        "text": "Descarga estos dos ficheros y reemplazalos en Ubuntu:",
        "user": "UJN8D8U3B",
        "ts": "1558548436.277200",
        "team": "TJH5YU202",
        "user_team": "TJH5YU202",
        "source_team": "TJH5YU202",
        "user_profile": {
            "avatar_hash": "g92ad2abcc45",
            "image_72": "https:\/\/secure.gravatar.com\/avatar\/8492ad2abcc45ce53969adcf8420acde.jpg?s=72&d=https%3A%2F%2Fa.slack-edge.com%2F80588%2Fimg%2Favatars%2Fuser_shapes%2Fava_0008-72.png",
            "first_name": "",
            "real_name": "Antonio Linares",
            "display_name": "Antonio Linares",
            "team": "TJH5YU202",
            "name": "alinares",
            "is_restricted": false,
            "is_ultra_restricted": false
        }
    },
    {
        "client_msg_id": "06213c44-4148-4b49-8f90-9a39de6b5c1e",
        "type": "message",
        "text": "<https:\/\/github.com\/FiveTechSoft\/mod_harbour\/blob\/master\/linux\/Ubuntu%2018.04\/20190521\/libharbour.so.3.2.0>",
        "user": "UJN8D8U3B",
        "ts": "1558548447.277400",
        "team": "TJH5YU202",
        "user_team": "TJH5YU202",
        "source_team": "TJH5YU202",
        "user_profile": {
            "avatar_hash": "g92ad2abcc45",
            "image_72": "https:\/\/secure.gravatar.com\/avatar\/8492ad2abcc45ce53969adcf8420acde.jpg?s=72&d=https%3A%2F%2Fa.slack-edge.com%2F80588%2Fimg%2Favatars%2Fuser_shapes%2Fava_0008-72.png",
            "first_name": "",
            "real_name": "Antonio Linares",
            "display_name": "Antonio Linares",
            "team": "TJH5YU202",
            "name": "alinares",
            "is_restricted": false,
            "is_ultra_restricted": false
        },
        "attachments": [
            {
                "service_name": "GitHub",
                "title": "FiveTechSoft\/mod_harbour",
                "title_link": "https:\/\/github.com\/FiveTechSoft\/mod_harbour\/blob\/master\/linux\/Ubuntu%2018.04\/20190521\/libharbour.so.3.2.0",
                "text": "Apache mod for Harbour. Contribute to FiveTechSoft\/mod_harbour development by creating an account on GitHub.",
                "fallback": "GitHub: FiveTechSoft\/mod_harbour",
                "thumb_url": "https:\/\/avatars3.githubusercontent.com\/u\/10235217?s=400&v=4",
                "from_url": "https:\/\/github.com\/FiveTechSoft\/mod_harbour\/blob\/master\/linux\/Ubuntu%2018.04\/20190521\/libharbour.so.3.2.0",
                "thumb_width": 400,
                "thumb_height": 400,
                "service_icon": "https:\/\/a.slack-edge.com\/bfaba\/img\/unfurl_icons\/github.png",
                "id": 1,
                "original_url": "https:\/\/github.com\/FiveTechSoft\/mod_harbour\/blob\/master\/linux\/Ubuntu%2018.04\/20190521\/libharbour.so.3.2.0"
            }
        ]
    },
    {
        "client_msg_id": "43125b5e-8e0d-45a8-a23e-c79cf1f457c6",
        "type": "message",
        "text": "<https:\/\/github.com\/FiveTechSoft\/mod_harbour\/blob\/master\/linux\/Ubuntu%2018.04\/20190521\/mod_harbour.so>",
        "user": "UJN8D8U3B",
        "ts": "1558548461.277700",
        "team": "TJH5YU202",
        "user_team": "TJH5YU202",
        "source_team": "TJH5YU202",
        "user_profile": {
            "avatar_hash": "g92ad2abcc45",
            "image_72": "https:\/\/secure.gravatar.com\/avatar\/8492ad2abcc45ce53969adcf8420acde.jpg?s=72&d=https%3A%2F%2Fa.slack-edge.com%2F80588%2Fimg%2Favatars%2Fuser_shapes%2Fava_0008-72.png",
            "first_name": "",
            "real_name": "Antonio Linares",
            "display_name": "Antonio Linares",
            "team": "TJH5YU202",
            "name": "alinares",
            "is_restricted": false,
            "is_ultra_restricted": false
        },
        "attachments": [
            {
                "service_name": "GitHub",
                "title": "FiveTechSoft\/mod_harbour",
                "title_link": "https:\/\/github.com\/FiveTechSoft\/mod_harbour\/blob\/master\/linux\/Ubuntu%2018.04\/20190521\/mod_harbour.so",
                "text": "Apache mod for Harbour. Contribute to FiveTechSoft\/mod_harbour development by creating an account on GitHub.",
                "fallback": "GitHub: FiveTechSoft\/mod_harbour",
                "thumb_url": "https:\/\/avatars3.githubusercontent.com\/u\/10235217?s=400&v=4",
                "from_url": "https:\/\/github.com\/FiveTechSoft\/mod_harbour\/blob\/master\/linux\/Ubuntu%2018.04\/20190521\/mod_harbour.so",
                "thumb_width": 400,
                "thumb_height": 400,
                "service_icon": "https:\/\/a.slack-edge.com\/bfaba\/img\/unfurl_icons\/github.png",
                "id": 1,
                "original_url": "https:\/\/github.com\/FiveTechSoft\/mod_harbour\/blob\/master\/linux\/Ubuntu%2018.04\/20190521\/mod_harbour.so"
            }
        ]
    },
    {
        "client_msg_id": "b22958e8-70f9-4e0d-90e6-201c3f7d1536",
        "type": "message",
        "text": "Muy bueno Paquito :grinning:",
        "user": "UJN8D8U3B",
        "ts": "1558548486.278200",
        "team": "TJH5YU202",
        "user_team": "TJH5YU202",
        "source_team": "TJH5YU202",
        "user_profile": {
            "avatar_hash": "g92ad2abcc45",
            "image_72": "https:\/\/secure.gravatar.com\/avatar\/8492ad2abcc45ce53969adcf8420acde.jpg?s=72&d=https%3A%2F%2Fa.slack-edge.com%2F80588%2Fimg%2Favatars%2Fuser_shapes%2Fava_0008-72.png",
            "first_name": "",
            "real_name": "Antonio Linares",
            "display_name": "Antonio Linares",
            "team": "TJH5YU202",
            "name": "alinares",
            "is_restricted": false,
            "is_ultra_restricted": false
        }
    },
    {
        "client_msg_id": "ea7304ac-abef-4def-8748-728059c45895",
        "type": "message",
        "text": "Nuevo ejemplo <http:\/\/cloud.backupsegur.es:8088\/mod_harbour_examples\/dbedit.prg>",
        "user": "UJN8D8U3B",
        "ts": "1558551623.278600",
        "team": "TJH5YU202",
        "user_team": "TJH5YU202",
        "source_team": "TJH5YU202",
        "user_profile": {
            "avatar_hash": "g92ad2abcc45",
            "image_72": "https:\/\/secure.gravatar.com\/avatar\/8492ad2abcc45ce53969adcf8420acde.jpg?s=72&d=https%3A%2F%2Fa.slack-edge.com%2F80588%2Fimg%2Favatars%2Fuser_shapes%2Fava_0008-72.png",
            "first_name": "",
            "real_name": "Antonio Linares",
            "display_name": "Antonio Linares",
            "team": "TJH5YU202",
            "name": "alinares",
            "is_restricted": false,
            "is_ultra_restricted": false
        }
    },
    {
        "client_msg_id": "716c60a7-2d98-4080-88cc-b99a55f04a20",
        "type": "message",
        "text": "<https:\/\/github.com\/FiveTechSoft\/mod_harbour\/blob\/master\/samples\/dbedit.prg>",
        "user": "UJN8D8U3B",
        "ts": "1558551639.278800",
        "team": "TJH5YU202",
        "user_team": "TJH5YU202",
        "source_team": "TJH5YU202",
        "user_profile": {
            "avatar_hash": "g92ad2abcc45",
            "image_72": "https:\/\/secure.gravatar.com\/avatar\/8492ad2abcc45ce53969adcf8420acde.jpg?s=72&d=https%3A%2F%2Fa.slack-edge.com%2F80588%2Fimg%2Favatars%2Fuser_shapes%2Fava_0008-72.png",
            "first_name": "",
            "real_name": "Antonio Linares",
            "display_name": "Antonio Linares",
            "team": "TJH5YU202",
            "name": "alinares",
            "is_restricted": false,
            "is_ultra_restricted": false
        },
        "attachments": [
            {
                "service_name": "GitHub",
                "title": "FiveTechSoft\/mod_harbour",
                "title_link": "https:\/\/github.com\/FiveTechSoft\/mod_harbour\/blob\/master\/samples\/dbedit.prg",
                "text": "Apache mod for Harbour. Contribute to FiveTechSoft\/mod_harbour development by creating an account on GitHub.",
                "fallback": "GitHub: FiveTechSoft\/mod_harbour",
                "thumb_url": "https:\/\/avatars3.githubusercontent.com\/u\/10235217?s=400&v=4",
                "from_url": "https:\/\/github.com\/FiveTechSoft\/mod_harbour\/blob\/master\/samples\/dbedit.prg",
                "thumb_width": 400,
                "thumb_height": 400,
                "service_icon": "https:\/\/a.slack-edge.com\/bfaba\/img\/unfurl_icons\/github.png",
                "id": 1,
                "original_url": "https:\/\/github.com\/FiveTechSoft\/mod_harbour\/blob\/master\/samples\/dbedit.prg"
            }
        ]
    },
    {
        "client_msg_id": "fc4e856e-1703-434a-9de6-5d014c29b0b7",
        "type": "message",
        "text": "hola. veniamos haciendo con relativo exito la parte web con Fiveweb desde hace unos años (grazie mille Antonio!),... bueno, estoy haciendo las primeras pruebas... como haría para conectarme con ADS? tengo que instalar algo mas?",
        "user": "UJV12UW9W",
        "ts": "1558553267.281700",
        "team": "TJH5YU202",
        "user_team": "TJH5YU202",
        "source_team": "TJH5YU202",
        "user_profile": {
            "avatar_hash": "gdc1a4420c40",
            "image_72": "https:\/\/secure.gravatar.com\/avatar\/74dc1a4420c40dea594ef0e0e3a965ce.jpg?s=72&d=https%3A%2F%2Fa.slack-edge.com%2F80588%2Fimg%2Favatars%2Fuser_shapes%2Fava_0022-72.png",
            "first_name": "",
            "real_name": "Silvina Mázzaro",
            "display_name": "Silvina Mázzaro",
            "team": "TJH5YU202",
            "name": "silvinamazzaro",
            "is_restricted": false,
            "is_ultra_restricted": false
        }
    },
    {
        "client_msg_id": "bccc38d7-40a1-4682-a033-919b935ec9cc",
        "type": "message",
        "text": "<@UJN8D8U3B> to update, a \"git pull\" do it?",
        "user": "UJUJ98L1J",
        "ts": "1558553344.282900",
        "team": "TJH5YU202",
        "user_team": "TJH5YU202",
        "source_team": "TJH5YU202",
        "user_profile": {
            "avatar_hash": "g284e1a93788",
            "image_72": "https:\/\/secure.gravatar.com\/avatar\/40284e1a93788a40efb31e60fb58f56a.jpg?s=72&d=https%3A%2F%2Fa.slack-edge.com%2F80588%2Fimg%2Favatars%2Fuser_shapes%2Fava_0020-72.png",
            "first_name": "antonio",
            "real_name": "antonio carlos pantaglione",
            "display_name": "toninhoFWi",
            "team": "TJH5YU202",
            "name": "toninho",
            "is_restricted": false,
            "is_ultra_restricted": false
        }
    },
    {
        "client_msg_id": "a198bc9f-3461-4191-8b4e-1abdb763efc9",
        "type": "message",
        "text": "Hola Silvina. De momento ADS no, pero para q lo necesitas de cara servidor?",
        "user": "UJWR5N32S",
        "ts": "1558553508.284500",
        "team": "TJH5YU202",
        "user_team": "TJH5YU202",
        "source_team": "TJH5YU202",
        "user_profile": {
            "avatar_hash": "273d3745f7ae",
            "image_72": "https:\/\/avatars.slack-edge.com\/2019-05-20\/634344238497_273d3745f7ae1b176b82_72.jpg",
            "first_name": "Charly",
            "real_name": "Charly",
            "display_name": "Charly",
            "team": "TJH5YU202",
            "name": "carles9000",
            "is_restricted": false,
            "is_ultra_restricted": false
        }
    },
    {
        "client_msg_id": "2e5db743-67c9-4604-856d-b5bbd2a06aa0",
        "type": "message",
        "text": "para acceso on line a los datos, me tendria que conectar a ADS , (asi lo venia haciendo con fiveweb)",
        "user": "UJV12UW9W",
        "ts": "1558555758.285700",
        "team": "TJH5YU202",
        "user_team": "TJH5YU202",
        "source_team": "TJH5YU202",
        "user_profile": {
            "avatar_hash": "gdc1a4420c40",
            "image_72": "https:\/\/secure.gravatar.com\/avatar\/74dc1a4420c40dea594ef0e0e3a965ce.jpg?s=72&d=https%3A%2F%2Fa.slack-edge.com%2F80588%2Fimg%2Favatars%2Fuser_shapes%2Fava_0022-72.png",
            "first_name": "",
            "real_name": "Silvina Mázzaro",
            "display_name": "Silvina Mázzaro",
            "team": "TJH5YU202",
            "name": "silvinamazzaro",
            "is_restricted": false,
            "is_ultra_restricted": false
        }
    },
    {
        "client_msg_id": "e7b4022d-3bbb-4bd0-bb97-d38fe743106e",
        "type": "message",
        "text": "x que veo que solo hablan de mysql",
        "user": "UJV12UW9W",
        "ts": "1558555842.286000",
        "team": "TJH5YU202",
        "user_team": "TJH5YU202",
        "source_team": "TJH5YU202",
        "user_profile": {
            "avatar_hash": "gdc1a4420c40",
            "image_72": "https:\/\/secure.gravatar.com\/avatar\/74dc1a4420c40dea594ef0e0e3a965ce.jpg?s=72&d=https%3A%2F%2Fa.slack-edge.com%2F80588%2Fimg%2Favatars%2Fuser_shapes%2Fava_0022-72.png",
            "first_name": "",
            "real_name": "Silvina Mázzaro",
            "display_name": "Silvina Mázzaro",
            "team": "TJH5YU202",
            "name": "silvinamazzaro",
            "is_restricted": false,
            "is_ultra_restricted": false
        }
    },
    {
        "client_msg_id": "3b4c0f20-b8c2-4298-a283-39f9a09c9e6b",
        "type": "message",
        "text": "Toninho, yes!",
        "user": "UJN8D8U3B",
        "ts": "1558556489.286300",
        "team": "TJH5YU202",
        "user_team": "TJH5YU202",
        "source_team": "TJH5YU202",
        "user_profile": {
            "avatar_hash": "g92ad2abcc45",
            "image_72": "https:\/\/secure.gravatar.com\/avatar\/8492ad2abcc45ce53969adcf8420acde.jpg?s=72&d=https%3A%2F%2Fa.slack-edge.com%2F80588%2Fimg%2Favatars%2Fuser_shapes%2Fava_0008-72.png",
            "first_name": "",
            "real_name": "Antonio Linares",
            "display_name": "Antonio Linares",
            "team": "TJH5YU202",
            "name": "alinares",
            "is_restricted": false,
            "is_ultra_restricted": false
        }
    },
    {
        "client_msg_id": "c81ed263-e9bc-4166-b0fe-2562220193fc",
        "type": "message",
        "text": "Silvina hay que averiguar si se puede acceder a ADS desde Linux",
        "user": "UJN8D8U3B",
        "ts": "1558556837.287900",
        "team": "TJH5YU202",
        "user_team": "TJH5YU202",
        "source_team": "TJH5YU202",
        "user_profile": {
            "avatar_hash": "g92ad2abcc45",
            "image_72": "https:\/\/secure.gravatar.com\/avatar\/8492ad2abcc45ce53969adcf8420acde.jpg?s=72&d=https%3A%2F%2Fa.slack-edge.com%2F80588%2Fimg%2Favatars%2Fuser_shapes%2Fava_0008-72.png",
            "first_name": "",
            "real_name": "Antonio Linares",
            "display_name": "Antonio Linares",
            "team": "TJH5YU202",
            "name": "alinares",
            "is_restricted": false,
            "is_ultra_restricted": false
        }
    },
    {
        "client_msg_id": "8048d5ae-871e-4e52-b1c8-d335c96a7bf7",
        "type": "message",
        "text": "En caso afirmativo podriamos modificar el mod para que tenga soporte de ADS :slightly_smiling_face:",
        "user": "UJN8D8U3B",
        "ts": "1558556854.288300",
        "team": "TJH5YU202",
        "user_team": "TJH5YU202",
        "source_team": "TJH5YU202",
        "user_profile": {
            "avatar_hash": "g92ad2abcc45",
            "image_72": "https:\/\/secure.gravatar.com\/avatar\/8492ad2abcc45ce53969adcf8420acde.jpg?s=72&d=https%3A%2F%2Fa.slack-edge.com%2F80588%2Fimg%2Favatars%2Fuser_shapes%2Fava_0008-72.png",
            "first_name": "",
            "real_name": "Antonio Linares",
            "display_name": "Antonio Linares",
            "team": "TJH5YU202",
            "name": "alinares",
            "is_restricted": false,
            "is_ultra_restricted": false
        }
    },
    {
        "client_msg_id": "61e905f7-cfea-4c39-8435-a1619d27e016",
        "type": "message",
        "text": "Para ADS en Linux necesitamos acceder a estas librerias dinámicas:",
        "user": "UJN8D8U3B",
        "ts": "1558559656.289200",
        "team": "TJH5YU202",
        "user_team": "TJH5YU202",
        "source_team": "TJH5YU202",
        "user_profile": {
            "avatar_hash": "g92ad2abcc45",
            "image_72": "https:\/\/secure.gravatar.com\/avatar\/8492ad2abcc45ce53969adcf8420acde.jpg?s=72&d=https%3A%2F%2Fa.slack-edge.com%2F80588%2Fimg%2Favatars%2Fuser_shapes%2Fava_0008-72.png",
            "first_name": "",
            "real_name": "Antonio Linares",
            "display_name": "Antonio Linares",
            "team": "TJH5YU202",
            "name": "alinares",
            "is_restricted": false,
            "is_ultra_restricted": false
        }
    },
    {
        "client_msg_id": "8854eecb-11ef-4224-8e20-051a7f13ddb5",
        "type": "message",
        "text": "libace.so   que es análogo a ace32.dll de Windows",
        "user": "UJN8D8U3B",
        "ts": "1558559659.289400",
        "team": "TJH5YU202",
        "user_team": "TJH5YU202",
        "source_team": "TJH5YU202",
        "user_profile": {
            "avatar_hash": "g92ad2abcc45",
            "image_72": "https:\/\/secure.gravatar.com\/avatar\/8492ad2abcc45ce53969adcf8420acde.jpg?s=72&d=https%3A%2F%2Fa.slack-edge.com%2F80588%2Fimg%2Favatars%2Fuser_shapes%2Fava_0008-72.png",
            "first_name": "",
            "real_name": "Antonio Linares",
            "display_name": "Antonio Linares",
            "team": "TJH5YU202",
            "name": "alinares",
            "is_restricted": false,
            "is_ultra_restricted": false
        }
    },
    {
        "client_msg_id": "26e4b928-13e3-4d5d-934a-a8970f62941d",
        "type": "message",
        "text": "libadsloc.so que es análogo a AdsLoc32.dll de Windows",
        "user": "UJN8D8U3B",
        "ts": "1558559677.289600",
        "team": "TJH5YU202",
        "user_team": "TJH5YU202",
        "source_team": "TJH5YU202",
        "user_profile": {
            "avatar_hash": "g92ad2abcc45",
            "image_72": "https:\/\/secure.gravatar.com\/avatar\/8492ad2abcc45ce53969adcf8420acde.jpg?s=72&d=https%3A%2F%2Fa.slack-edge.com%2F80588%2Fimg%2Favatars%2Fuser_shapes%2Fava_0008-72.png",
            "first_name": "",
            "real_name": "Antonio Linares",
            "display_name": "Antonio Linares",
            "team": "TJH5YU202",
            "name": "alinares",
            "is_restricted": false,
            "is_ultra_restricted": false
        }
    },
    {
        "client_msg_id": "4188ba61-19dc-4c74-8970-fd871e0069ee",
        "type": "message",
        "text": "Hola oky ... vemos que podemos hacer",
        "user": "UJV12UW9W",
        "ts": "1558560066.290500",
        "team": "TJH5YU202",
        "user_team": "TJH5YU202",
        "source_team": "TJH5YU202",
        "user_profile": {
            "avatar_hash": "gdc1a4420c40",
            "image_72": "https:\/\/secure.gravatar.com\/avatar\/74dc1a4420c40dea594ef0e0e3a965ce.jpg?s=72&d=https%3A%2F%2Fa.slack-edge.com%2F80588%2Fimg%2Favatars%2Fuser_shapes%2Fava_0022-72.png",
            "first_name": "",
            "real_name": "Silvina Mázzaro",
            "display_name": "Silvina Mázzaro",
            "team": "TJH5YU202",
            "name": "silvinamazzaro",
            "is_restricted": false,
            "is_ultra_restricted": false
        }
    },
    {
        "client_msg_id": "6892e3df-09d9-4976-b3b7-cfb9d3c86bd6",
        "type": "message",
        "text": "dicen que sí se puede acceder a ADS desde Linux",
        "user": "UJV12UW9W",
        "ts": "1558560320.291500",
        "team": "TJH5YU202",
        "user_team": "TJH5YU202",
        "source_team": "TJH5YU202",
        "user_profile": {
            "avatar_hash": "gdc1a4420c40",
            "image_72": "https:\/\/secure.gravatar.com\/avatar\/74dc1a4420c40dea594ef0e0e3a965ce.jpg?s=72&d=https%3A%2F%2Fa.slack-edge.com%2F80588%2Fimg%2Favatars%2Fuser_shapes%2Fava_0022-72.png",
            "first_name": "",
            "real_name": "Silvina Mázzaro",
            "display_name": "Silvina Mázzaro",
            "team": "TJH5YU202",
            "name": "silvinamazzaro",
            "is_restricted": false,
            "is_ultra_restricted": false
        }
    },
    {
        "client_msg_id": "c1deed03-9fe7-4b63-bb15-3b0b0b672ed1",
        "type": "message",
        "text": "en lugar de HB_LibClose, no es HB_LibFree ?",
        "user": "UJX3VLXK8",
        "ts": "1558562871.291900",
        "team": "TJH5YU202",
        "user_team": "TJH5YU202",
        "source_team": "TJH5YU202",
        "user_profile": {
            "avatar_hash": "g40064ea8e6b",
            "image_72": "https:\/\/secure.gravatar.com\/avatar\/d640064ea8e6bd640f9314de3695471b.jpg?s=72&d=https%3A%2F%2Fa.slack-edge.com%2F80588%2Fimg%2Favatars%2Fuser_shapes%2Fava_0015-72.png",
            "first_name": "",
            "real_name": "Carlos Vargas",
            "display_name": "Carlos Vargas",
            "team": "TJH5YU202",
            "name": "karlos.vargas",
            "is_restricted": false,
            "is_ultra_restricted": false
        }
    },
    {
        "client_msg_id": "2f7089d3-975f-4b8f-b129-50cccd60f128",
        "type": "message",
        "text": "al probar el ejemplo de mysql me indica hb_libclose no esxiste",
        "user": "UJX3VLXK8",
        "ts": "1558563254.292600",
        "team": "TJH5YU202",
        "user_team": "TJH5YU202",
        "source_team": "TJH5YU202",
        "user_profile": {
            "avatar_hash": "g40064ea8e6b",
            "image_72": "https:\/\/secure.gravatar.com\/avatar\/d640064ea8e6bd640f9314de3695471b.jpg?s=72&d=https%3A%2F%2Fa.slack-edge.com%2F80588%2Fimg%2Favatars%2Fuser_shapes%2Fava_0015-72.png",
            "first_name": "",
            "real_name": "Carlos Vargas",
            "display_name": "Carlos Vargas",
            "team": "TJH5YU202",
            "name": "karlos.vargas",
            "is_restricted": false,
            "is_ultra_restricted": false
        }
    },
    {
        "client_msg_id": "8c188272-ebee-459a-b25e-84d4daf76820",
        "type": "message",
        "text": "lo reemplaze por hb_libfree y ya continua, lugo como en my server tengo mariadb y no mysql, tube que cambiar el valor de libmysqlclient.so por libmysqlclient.so.20",
        "user": "UJX3VLXK8",
        "ts": "1558563356.294100",
        "team": "TJH5YU202",
        "user_team": "TJH5YU202",
        "source_team": "TJH5YU202",
        "user_profile": {
            "avatar_hash": "g40064ea8e6b",
            "image_72": "https:\/\/secure.gravatar.com\/avatar\/d640064ea8e6bd640f9314de3695471b.jpg?s=72&d=https%3A%2F%2Fa.slack-edge.com%2F80588%2Fimg%2Favatars%2Fuser_shapes%2Fava_0015-72.png",
            "first_name": "",
            "real_name": "Carlos Vargas",
            "display_name": "Carlos Vargas",
            "team": "TJH5YU202",
            "name": "karlos.vargas",
            "is_restricted": false,
            "is_ultra_restricted": false
        }
    },
    {
        "client_msg_id": "d6a51010-48f5-49d7-9401-778c7a054bd9",
        "type": "message",
        "text": "y ya me funciono",
        "user": "UJX3VLXK8",
        "ts": "1558563361.294300",
        "team": "TJH5YU202",
        "user_team": "TJH5YU202",
        "source_team": "TJH5YU202",
        "user_profile": {
            "avatar_hash": "g40064ea8e6b",
            "image_72": "https:\/\/secure.gravatar.com\/avatar\/d640064ea8e6bd640f9314de3695471b.jpg?s=72&d=https%3A%2F%2Fa.slack-edge.com%2F80588%2Fimg%2Favatars%2Fuser_shapes%2Fava_0015-72.png",
            "first_name": "",
            "real_name": "Carlos Vargas",
            "display_name": "Carlos Vargas",
            "team": "TJH5YU202",
            "name": "karlos.vargas",
            "is_restricted": false,
            "is_ultra_restricted": false
        }
    },
    {
        "client_msg_id": "113f0f9e-01bf-4c76-8682-6d5985b165b7",
        "type": "message",
        "text": "pLib = P\nhMySQL = 93896491366304\nhb_DynCall = 93896491366304.T.",
        "user": "UJX3VLXK8",
        "ts": "1558563374.294500",
        "team": "TJH5YU202",
        "user_team": "TJH5YU202",
        "source_team": "TJH5YU202",
        "user_profile": {
            "avatar_hash": "g40064ea8e6b",
            "image_72": "https:\/\/secure.gravatar.com\/avatar\/d640064ea8e6bd640f9314de3695471b.jpg?s=72&d=https%3A%2F%2Fa.slack-edge.com%2F80588%2Fimg%2Favatars%2Fuser_shapes%2Fava_0015-72.png",
            "first_name": "",
            "real_name": "Carlos Vargas",
            "display_name": "Carlos Vargas",
            "team": "TJH5YU202",
            "name": "karlos.vargas",
            "is_restricted": false,
            "is_ultra_restricted": false
        }
    },
    {
        "client_msg_id": "12e9a685-58a2-4b0f-86c8-2779055402e8",
        "type": "message",
        "text": "genial Carlos !!! muchas gracias",
        "user": "UJN8D8U3B",
        "ts": "1558564193.294800",
        "team": "TJH5YU202",
        "user_team": "TJH5YU202",
        "source_team": "TJH5YU202",
        "user_profile": {
            "avatar_hash": "g92ad2abcc45",
            "image_72": "https:\/\/secure.gravatar.com\/avatar\/8492ad2abcc45ce53969adcf8420acde.jpg?s=72&d=https%3A%2F%2Fa.slack-edge.com%2F80588%2Fimg%2Favatars%2Fuser_shapes%2Fava_0008-72.png",
            "first_name": "",
            "real_name": "Antonio Linares",
            "display_name": "Antonio Linares",
            "team": "TJH5YU202",
            "name": "alinares",
            "is_restricted": false,
            "is_ultra_restricted": false
        }
    },
    {
        "client_msg_id": "5c6c0723-546e-4faf-8205-391f589d016e",
        "type": "message",
        "text": "Carlos he modificado el ejemplo mysql.prg puedes volver a probarlo ?",
        "user": "UJN8D8U3B",
        "ts": "1558564754.295300",
        "team": "TJH5YU202",
        "user_team": "TJH5YU202",
        "source_team": "TJH5YU202",
        "user_profile": {
            "avatar_hash": "g92ad2abcc45",
            "image_72": "https:\/\/secure.gravatar.com\/avatar\/8492ad2abcc45ce53969adcf8420acde.jpg?s=72&d=https%3A%2F%2Fa.slack-edge.com%2F80588%2Fimg%2Favatars%2Fuser_shapes%2Fava_0008-72.png",
            "first_name": "",
            "real_name": "Antonio Linares",
            "display_name": "Antonio Linares",
            "team": "TJH5YU202",
            "name": "alinares",
            "is_restricted": false,
            "is_ultra_restricted": false
        }
    },
    {
        "client_msg_id": "d436e3c1-c6dd-43b6-be94-3f651fc57099",
        "type": "message",
        "text": "Tengo la duda de que mysql_real_connect() use hMySQL en vez de pLib",
        "user": "UJN8D8U3B",
        "ts": "1558564891.295800",
        "team": "TJH5YU202",
        "user_team": "TJH5YU202",
        "source_team": "TJH5YU202",
        "user_profile": {
            "avatar_hash": "g92ad2abcc45",
            "image_72": "https:\/\/secure.gravatar.com\/avatar\/8492ad2abcc45ce53969adcf8420acde.jpg?s=72&d=https%3A%2F%2Fa.slack-edge.com%2F80588%2Fimg%2Favatars%2Fuser_shapes%2Fava_0008-72.png",
            "first_name": "",
            "real_name": "Antonio Linares",
            "display_name": "Antonio Linares",
            "team": "TJH5YU202",
            "name": "alinares",
            "is_restricted": false,
            "is_ultra_restricted": false
        }
    },
    {
        "client_msg_id": "ccb7acb3-c1ff-4dbe-b86e-0f0751aceae5",
        "type": "message",
        "text": "hola buenas noches, los ultimos ejemplos subidos a mi no me funciona. Por ejemplo dbEdit.prg",
        "user": "UJUFNFMFE",
        "ts": "1558565730.296600",
        "team": "TJH5YU202",
        "user_team": "TJH5YU202",
        "source_team": "TJH5YU202",
        "user_profile": {
            "avatar_hash": "aa4e40c137f0",
            "image_72": "https:\/\/avatars.slack-edge.com\/2019-05-21\/630419446595_aa4e40c137f03c23b9cd_72.jpg",
            "first_name": "Marcelo",
            "real_name": "Marcelo Roggeri",
            "display_name": "Marcelo Roggeri",
            "team": "TJH5YU202",
            "name": "roggerimarcelo",
            "is_restricted": false,
            "is_ultra_restricted": false
        }
    },
    {
        "client_msg_id": "659078d9-d7d6-4eae-bac1-ca47d8ebf030",
        "type": "message",
        "text": "el customer.dbf lo puse dentro de la carpeta donde esta el prg",
        "user": "UJUFNFMFE",
        "ts": "1558565757.297200",
        "team": "TJH5YU202",
        "user_team": "TJH5YU202",
        "source_team": "TJH5YU202",
        "user_profile": {
            "avatar_hash": "aa4e40c137f0",
            "image_72": "https:\/\/avatars.slack-edge.com\/2019-05-21\/630419446595_aa4e40c137f03c23b9cd_72.jpg",
            "first_name": "Marcelo",
            "real_name": "Marcelo Roggeri",
            "display_name": "Marcelo Roggeri",
            "team": "TJH5YU202",
            "name": "roggerimarcelo",
            "is_restricted": false,
            "is_ultra_restricted": false
        }
    },
    {
        "client_msg_id": "c1cff215-0847-423c-b97e-4c65d1643c7d",
        "type": "message",
        "text": "me da error",
        "user": "UJUFNFMFE",
        "ts": "1558565768.297400",
        "team": "TJH5YU202",
        "user_team": "TJH5YU202",
        "source_team": "TJH5YU202",
        "user_profile": {
            "avatar_hash": "aa4e40c137f0",
            "image_72": "https:\/\/avatars.slack-edge.com\/2019-05-21\/630419446595_aa4e40c137f03c23b9cd_72.jpg",
            "first_name": "Marcelo",
            "real_name": "Marcelo Roggeri",
            "display_name": "Marcelo Roggeri",
            "team": "TJH5YU202",
            "name": "roggerimarcelo",
            "is_restricted": false,
            "is_ultra_restricted": false
        }
    },
    {
        "client_msg_id": "80ffbe8a-fd33-4a56-a2ec-56346c723ecd",
        "type": "message",
        "text": "error: Unknown or unregistered symbol DBUSEAREA\n\ncalled from: GETERRORINFO, line: 69\ncalled from: DOBREAK, line: 80\ncalled from: (b)EXECUTE, line: 44\ncalled from: HB_HRBLOAD, line: 0\ncalled from: EXECUTE, line: 45\ncalled from: MAIN, line: 21",
        "user": "UJUFNFMFE",
        "ts": "1558565780.297600",
        "team": "TJH5YU202",
        "user_team": "TJH5YU202",
        "source_team": "TJH5YU202",
        "user_profile": {
            "avatar_hash": "aa4e40c137f0",
            "image_72": "https:\/\/avatars.slack-edge.com\/2019-05-21\/630419446595_aa4e40c137f03c23b9cd_72.jpg",
            "first_name": "Marcelo",
            "real_name": "Marcelo Roggeri",
            "display_name": "Marcelo Roggeri",
            "team": "TJH5YU202",
            "name": "roggerimarcelo",
            "is_restricted": false,
            "is_ultra_restricted": false
        }
    },
    {
        "client_msg_id": "6c5263f5-f78b-4ee7-8fa9-cfdf0247bc0d",
        "type": "message",
        "text": "Ola!",
        "user": "UJWMTB0T1",
        "ts": "1558567940.297800",
        "team": "TJH5YU202",
        "user_team": "TJH5YU202",
        "source_team": "TJH5YU202",
        "user_profile": {
            "avatar_hash": "g58817e9bb70",
            "image_72": "https:\/\/secure.gravatar.com\/avatar\/5958817e9bb7001e0db920b1a3f26754.jpg?s=72&d=https%3A%2F%2Fa.slack-edge.com%2F80588%2Fimg%2Favatars%2Fuser_shapes%2Fava_0024-72.png",
            "first_name": "",
            "real_name": "Itamar M. Lins Jr.",
            "display_name": "Itamar M. Lins Jr.",
            "team": "TJH5YU202",
            "name": "itamarlins",
            "is_restricted": false,
            "is_ultra_restricted": false
        }
    },
    {
        "client_msg_id": "28c5f027-124c-4408-85c2-fb720334b66b",
        "type": "message",
        "text": "Atenção para os locais onde estão os arquivos.",
        "user": "UJWMTB0T1",
        "ts": "1558567969.298600",
        "team": "TJH5YU202",
        "user_team": "TJH5YU202",
        "source_team": "TJH5YU202",
        "user_profile": {
            "avatar_hash": "g58817e9bb70",
            "image_72": "https:\/\/secure.gravatar.com\/avatar\/5958817e9bb7001e0db920b1a3f26754.jpg?s=72&d=https%3A%2F%2Fa.slack-edge.com%2F80588%2Fimg%2Favatars%2Fuser_shapes%2Fava_0024-72.png",
            "first_name": "",
            "real_name": "Itamar M. Lins Jr.",
            "display_name": "Itamar M. Lins Jr.",
            "team": "TJH5YU202",
            "name": "itamarlins",
            "is_restricted": false,
            "is_ultra_restricted": false
        }
    },
    {
        "client_msg_id": "b0e76ec7-1002-4309-8a99-085513f44b57",
        "type": "message",
        "text": "USE \"\/var\/www\/test\/customer.dbf\" mas durante a instalação a pasta é \/var\/www\/html",
        "user": "UJWMTB0T1",
        "ts": "1558568020.299500",
        "team": "TJH5YU202",
        "user_team": "TJH5YU202",
        "source_team": "TJH5YU202",
        "user_profile": {
            "avatar_hash": "g58817e9bb70",
            "image_72": "https:\/\/secure.gravatar.com\/avatar\/5958817e9bb7001e0db920b1a3f26754.jpg?s=72&d=https%3A%2F%2Fa.slack-edge.com%2F80588%2Fimg%2Favatars%2Fuser_shapes%2Fava_0024-72.png",
            "first_name": "",
            "real_name": "Itamar M. Lins Jr.",
            "display_name": "Itamar M. Lins Jr.",
            "team": "TJH5YU202",
            "name": "itamarlins",
            "is_restricted": false,
            "is_ultra_restricted": false
        }
    },
    {
        "client_msg_id": "cb998e1c-ef7d-4392-8de1-8af1bce6c4f3",
        "type": "message",
        "text": "Saludos y agradecido por excelente iniciativa",
        "user": "UJRBDNTLZ",
        "ts": "1558579544.300200",
        "team": "TJH5YU202",
        "user_team": "TJH5YU202",
        "source_team": "TJH5YU202",
        "user_profile": {
            "avatar_hash": "g38c0146301a",
            "image_72": "https:\/\/secure.gravatar.com\/avatar\/8638c0146301a2b654230874bcf88eb7.jpg?s=72&d=https%3A%2F%2Fa.slack-edge.com%2F80588%2Fimg%2Favatars%2Fuser_shapes%2Fava_0003-72.png",
            "first_name": "",
            "real_name": "Juan Navas",
            "display_name": "Juan Navas",
            "team": "TJH5YU202",
            "name": "jnavas",
            "is_restricted": false,
            "is_ultra_restricted": false
        }
    },
    {
        "client_msg_id": "be3759eb-41f2-4d79-bc59-33918270c164",
        "type": "message",
        "text": "Marcelo hay un aversion nueva del mod que tienes que instalar",
        "user": "UJN8D8U3B",
        "ts": "1558587997.300800",
        "team": "TJH5YU202",
        "user_team": "TJH5YU202",
        "source_team": "TJH5YU202",
        "user_profile": {
            "avatar_hash": "g92ad2abcc45",
            "image_72": "https:\/\/secure.gravatar.com\/avatar\/8492ad2abcc45ce53969adcf8420acde.jpg?s=72&d=https%3A%2F%2Fa.slack-edge.com%2F80588%2Fimg%2Favatars%2Fuser_shapes%2Fava_0008-72.png",
            "first_name": "",
            "real_name": "Antonio Linares",
            "display_name": "Antonio Linares",
            "team": "TJH5YU202",
            "name": "alinares",
            "is_restricted": false,
            "is_ultra_restricted": false
        }
    },
    {
        "client_msg_id": "5e5f6fa2-baa4-493e-b4f7-7958e37cdf84",
        "type": "message",
        "text": "desinstala ubuntu en Windows 10, reinstalalo desde la Windows Store y repite el proceso de instalacion",
        "user": "UJN8D8U3B",
        "ts": "1558588046.301700",
        "team": "TJH5YU202",
        "user_team": "TJH5YU202",
        "source_team": "TJH5YU202",
        "user_profile": {
            "avatar_hash": "g92ad2abcc45",
            "image_72": "https:\/\/secure.gravatar.com\/avatar\/8492ad2abcc45ce53969adcf8420acde.jpg?s=72&d=https%3A%2F%2Fa.slack-edge.com%2F80588%2Fimg%2Favatars%2Fuser_shapes%2Fava_0008-72.png",
            "first_name": "",
            "real_name": "Antonio Linares",
            "display_name": "Antonio Linares",
            "team": "TJH5YU202",
            "name": "alinares",
            "is_restricted": false,
            "is_ultra_restricted": false
        }
    },
    {
        "client_msg_id": "1de1e0bf-7558-496f-aea9-ccf5cdfe0746",
        "type": "message",
        "text": "Hola Juan encantado de saludarte :slightly_smiling_face:",
        "user": "UJN8D8U3B",
        "ts": "1558588058.302000",
        "team": "TJH5YU202",
        "user_team": "TJH5YU202",
        "source_team": "TJH5YU202",
        "user_profile": {
            "avatar_hash": "g92ad2abcc45",
            "image_72": "https:\/\/secure.gravatar.com\/avatar\/8492ad2abcc45ce53969adcf8420acde.jpg?s=72&d=https%3A%2F%2Fa.slack-edge.com%2F80588%2Fimg%2Favatars%2Fuser_shapes%2Fava_0008-72.png",
            "first_name": "",
            "real_name": "Antonio Linares",
            "display_name": "Antonio Linares",
            "team": "TJH5YU202",
            "name": "alinares",
            "is_restricted": false,
            "is_ultra_restricted": false
        }
    },
    {
        "client_msg_id": "1010671e-8326-4334-8365-b3a26abc852a",
        "type": "message",
        "text": "Itamar lee esto: <https:\/\/github.com\/FiveTechSoft\/mod_harbour\/wiki\/Using-DBFs-from-the-server>",
        "user": "UJN8D8U3B",
        "ts": "1558588091.302200",
        "team": "TJH5YU202",
        "user_team": "TJH5YU202",
        "source_team": "TJH5YU202",
        "user_profile": {
            "avatar_hash": "g92ad2abcc45",
            "image_72": "https:\/\/secure.gravatar.com\/avatar\/8492ad2abcc45ce53969adcf8420acde.jpg?s=72&d=https%3A%2F%2Fa.slack-edge.com%2F80588%2Fimg%2Favatars%2Fuser_shapes%2Fava_0008-72.png",
            "first_name": "",
            "real_name": "Antonio Linares",
            "display_name": "Antonio Linares",
            "team": "TJH5YU202",
            "name": "alinares",
            "is_restricted": false,
            "is_ultra_restricted": false
        },
        "attachments": [
            {
                "service_name": "GitHub",
                "title": "FiveTechSoft\/mod_harbour",
                "title_link": "https:\/\/github.com\/FiveTechSoft\/mod_harbour\/wiki\/Using-DBFs-from-the-server",
                "text": "Apache mod for Harbour. Contribute to FiveTechSoft\/mod_harbour development by creating an account on GitHub.",
                "fallback": "GitHub: FiveTechSoft\/mod_harbour",
                "thumb_url": "https:\/\/avatars3.githubusercontent.com\/u\/10235217?s=400&v=4",
                "from_url": "https:\/\/github.com\/FiveTechSoft\/mod_harbour\/wiki\/Using-DBFs-from-the-server",
                "thumb_width": 400,
                "thumb_height": 400,
                "service_icon": "https:\/\/a.slack-edge.com\/bfaba\/img\/unfurl_icons\/github.png",
                "id": 1,
                "original_url": "https:\/\/github.com\/FiveTechSoft\/mod_harbour\/wiki\/Using-DBFs-from-the-server"
            }
        ]
    },
    {
        "client_msg_id": "01a133bc-83f5-44f9-b114-f7fd5b56d553",
        "type": "message",
        "text": "Marcelo veo que ya tienes el nuevo mod, entonces lee esto:  <https:\/\/github.com\/FiveTechSoft\/mod_harbour\/wiki\/Using-DBFs-from-the-server>",
        "user": "UJN8D8U3B",
        "ts": "1558588260.302900",
        "team": "TJH5YU202",
        "user_team": "TJH5YU202",
        "source_team": "TJH5YU202",
        "user_profile": {
            "avatar_hash": "g92ad2abcc45",
            "image_72": "https:\/\/secure.gravatar.com\/avatar\/8492ad2abcc45ce53969adcf8420acde.jpg?s=72&d=https%3A%2F%2Fa.slack-edge.com%2F80588%2Fimg%2Favatars%2Fuser_shapes%2Fava_0008-72.png",
            "first_name": "",
            "real_name": "Antonio Linares",
            "display_name": "Antonio Linares",
            "team": "TJH5YU202",
            "name": "alinares",
            "is_restricted": false,
            "is_ultra_restricted": false
        },
        "attachments": [
            {
                "service_name": "GitHub",
                "title": "FiveTechSoft\/mod_harbour",
                "title_link": "https:\/\/github.com\/FiveTechSoft\/mod_harbour\/wiki\/Using-DBFs-from-the-server",
                "text": "Apache mod for Harbour. Contribute to FiveTechSoft\/mod_harbour development by creating an account on GitHub.",
                "fallback": "GitHub: FiveTechSoft\/mod_harbour",
                "thumb_url": "https:\/\/avatars3.githubusercontent.com\/u\/10235217?s=400&v=4",
                "from_url": "https:\/\/github.com\/FiveTechSoft\/mod_harbour\/wiki\/Using-DBFs-from-the-server",
                "thumb_width": 400,
                "thumb_height": 400,
                "service_icon": "https:\/\/a.slack-edge.com\/bfaba\/img\/unfurl_icons\/github.png",
                "id": 1,
                "original_url": "https:\/\/github.com\/FiveTechSoft\/mod_harbour\/wiki\/Using-DBFs-from-the-server"
            }
        ]
    }
]