[
    {
        "type": "message",
        "text": "",
        "files": [
            {
                "id": "FLMDW3D1V",
                "created": 1563521314,
                "timestamp": 1563521314,
                "name": "image.png",
                "title": "image.png",
                "mimetype": "image\/png",
                "filetype": "png",
                "pretty_type": "PNG",
                "user": "UJN8D8U3B",
                "editable": false,
                "size": 206190,
                "mode": "hosted",
                "is_external": false,
                "external_type": "",
                "is_public": true,
                "public_url_shared": false,
                "display_as_bot": false,
                "username": "",
                "url_private": "https:\/\/files.slack.com\/files-pri\/TJH5YU202-FLMDW3D1V\/image.png?t=xoxe-629202954002-776688371669-763909703378-01ffaa4c4eeda75ea92ad255b32a04e5",
                "url_private_download": "https:\/\/files.slack.com\/files-pri\/TJH5YU202-FLMDW3D1V\/download\/image.png?t=xoxe-629202954002-776688371669-763909703378-01ffaa4c4eeda75ea92ad255b32a04e5",
                "thumb_64": "https:\/\/files.slack.com\/files-tmb\/TJH5YU202-FLMDW3D1V-aef0991f48\/image_64.png?t=xoxe-629202954002-776688371669-763909703378-01ffaa4c4eeda75ea92ad255b32a04e5",
                "thumb_80": "https:\/\/files.slack.com\/files-tmb\/TJH5YU202-FLMDW3D1V-aef0991f48\/image_80.png?t=xoxe-629202954002-776688371669-763909703378-01ffaa4c4eeda75ea92ad255b32a04e5",
                "thumb_360": "https:\/\/files.slack.com\/files-tmb\/TJH5YU202-FLMDW3D1V-aef0991f48\/image_360.png?t=xoxe-629202954002-776688371669-763909703378-01ffaa4c4eeda75ea92ad255b32a04e5",
                "thumb_360_w": 360,
                "thumb_360_h": 232,
                "thumb_480": "https:\/\/files.slack.com\/files-tmb\/TJH5YU202-FLMDW3D1V-aef0991f48\/image_480.png?t=xoxe-629202954002-776688371669-763909703378-01ffaa4c4eeda75ea92ad255b32a04e5",
                "thumb_480_w": 480,
                "thumb_480_h": 309,
                "thumb_160": "https:\/\/files.slack.com\/files-tmb\/TJH5YU202-FLMDW3D1V-aef0991f48\/image_160.png?t=xoxe-629202954002-776688371669-763909703378-01ffaa4c4eeda75ea92ad255b32a04e5",
                "thumb_720": "https:\/\/files.slack.com\/files-tmb\/TJH5YU202-FLMDW3D1V-aef0991f48\/image_720.png?t=xoxe-629202954002-776688371669-763909703378-01ffaa4c4eeda75ea92ad255b32a04e5",
                "thumb_720_w": 720,
                "thumb_720_h": 464,
                "thumb_800": "https:\/\/files.slack.com\/files-tmb\/TJH5YU202-FLMDW3D1V-aef0991f48\/image_800.png?t=xoxe-629202954002-776688371669-763909703378-01ffaa4c4eeda75ea92ad255b32a04e5",
                "thumb_800_w": 800,
                "thumb_800_h": 516,
                "thumb_960": "https:\/\/files.slack.com\/files-tmb\/TJH5YU202-FLMDW3D1V-aef0991f48\/image_960.png?t=xoxe-629202954002-776688371669-763909703378-01ffaa4c4eeda75ea92ad255b32a04e5",
                "thumb_960_w": 960,
                "thumb_960_h": 619,
                "thumb_1024": "https:\/\/files.slack.com\/files-tmb\/TJH5YU202-FLMDW3D1V-aef0991f48\/image_1024.png?t=xoxe-629202954002-776688371669-763909703378-01ffaa4c4eeda75ea92ad255b32a04e5",
                "thumb_1024_w": 1024,
                "thumb_1024_h": 660,
                "image_exif_rotation": 1,
                "original_w": 1869,
                "original_h": 1205,
                "permalink": "https:\/\/harbourproject.slack.com\/files\/UJN8D8U3B\/FLMDW3D1V\/image.png",
                "permalink_public": "https:\/\/slack-files.com\/TJH5YU202-FLMDW3D1V-7ddc8a7228",
                "is_starred": false,
                "has_rich_preview": false
            }
        ],
        "upload": true,
        "user": "UJN8D8U3B",
        "display_as_bot": false,
        "ts": "1563521317.199700",
        "client_msg_id": "d6a9bac3-aa41-4718-b484-5004bb697cfd"
    },
    {
        "client_msg_id": "48e4db4c-c484-4a84-86a0-52da4dbf1893",
        "type": "message",
        "text": "es correcto para xampp ?",
        "user": "UJN8D8U3B",
        "ts": "1563521336.200100",
        "team": "TJH5YU202",
        "user_team": "TJH5YU202",
        "source_team": "TJH5YU202",
        "user_profile": {
            "avatar_hash": "g92ad2abcc45",
            "image_72": "https:\/\/secure.gravatar.com\/avatar\/8492ad2abcc45ce53969adcf8420acde.jpg?s=72&d=https%3A%2F%2Fa.slack-edge.com%2F80588%2Fimg%2Favatars%2Fuser_shapes%2Fava_0008-72.png",
            "first_name": "",
            "real_name": "Antonio Linares",
            "display_name": "Antonio Linares",
            "team": "TJH5YU202",
            "name": "alinares",
            "is_restricted": false,
            "is_ultra_restricted": false
        }
    },
    {
        "client_msg_id": "97c1037a-57d6-4d74-90c3-3bf7bddb32fd",
        "type": "message",
        "text": "Yes",
        "user": "UJWR5N32S",
        "ts": "1563521903.200300",
        "team": "TJH5YU202",
        "user_team": "TJH5YU202",
        "source_team": "TJH5YU202",
        "user_profile": {
            "avatar_hash": "273d3745f7ae",
            "image_72": "https:\/\/avatars.slack-edge.com\/2019-05-20\/634344238497_273d3745f7ae1b176b82_72.jpg",
            "first_name": "Charly",
            "real_name": "Charly",
            "display_name": "Charly",
            "team": "TJH5YU202",
            "name": "carles9000",
            "is_restricted": false,
            "is_ultra_restricted": false
        }
    },
    {
        "type": "message",
        "text": "",
        "files": [
            {
                "id": "FLKJUAGAH",
                "created": 1563522037,
                "timestamp": 1563522037,
                "name": "image.png",
                "title": "image.png",
                "mimetype": "image\/png",
                "filetype": "png",
                "pretty_type": "PNG",
                "user": "UJN8D8U3B",
                "editable": false,
                "size": 857742,
                "mode": "hosted",
                "is_external": false,
                "external_type": "",
                "is_public": true,
                "public_url_shared": false,
                "display_as_bot": false,
                "username": "",
                "url_private": "https:\/\/files.slack.com\/files-pri\/TJH5YU202-FLKJUAGAH\/image.png?t=xoxe-629202954002-776688371669-763909703378-01ffaa4c4eeda75ea92ad255b32a04e5",
                "url_private_download": "https:\/\/files.slack.com\/files-pri\/TJH5YU202-FLKJUAGAH\/download\/image.png?t=xoxe-629202954002-776688371669-763909703378-01ffaa4c4eeda75ea92ad255b32a04e5",
                "thumb_64": "https:\/\/files.slack.com\/files-tmb\/TJH5YU202-FLKJUAGAH-70a26a82b2\/image_64.png?t=xoxe-629202954002-776688371669-763909703378-01ffaa4c4eeda75ea92ad255b32a04e5",
                "thumb_80": "https:\/\/files.slack.com\/files-tmb\/TJH5YU202-FLKJUAGAH-70a26a82b2\/image_80.png?t=xoxe-629202954002-776688371669-763909703378-01ffaa4c4eeda75ea92ad255b32a04e5",
                "thumb_360": "https:\/\/files.slack.com\/files-tmb\/TJH5YU202-FLKJUAGAH-70a26a82b2\/image_360.png?t=xoxe-629202954002-776688371669-763909703378-01ffaa4c4eeda75ea92ad255b32a04e5",
                "thumb_360_w": 360,
                "thumb_360_h": 247,
                "thumb_480": "https:\/\/files.slack.com\/files-tmb\/TJH5YU202-FLKJUAGAH-70a26a82b2\/image_480.png?t=xoxe-629202954002-776688371669-763909703378-01ffaa4c4eeda75ea92ad255b32a04e5",
                "thumb_480_w": 480,
                "thumb_480_h": 329,
                "thumb_160": "https:\/\/files.slack.com\/files-tmb\/TJH5YU202-FLKJUAGAH-70a26a82b2\/image_160.png?t=xoxe-629202954002-776688371669-763909703378-01ffaa4c4eeda75ea92ad255b32a04e5",
                "thumb_720": "https:\/\/files.slack.com\/files-tmb\/TJH5YU202-FLKJUAGAH-70a26a82b2\/image_720.png?t=xoxe-629202954002-776688371669-763909703378-01ffaa4c4eeda75ea92ad255b32a04e5",
                "thumb_720_w": 720,
                "thumb_720_h": 494,
                "thumb_800": "https:\/\/files.slack.com\/files-tmb\/TJH5YU202-FLKJUAGAH-70a26a82b2\/image_800.png?t=xoxe-629202954002-776688371669-763909703378-01ffaa4c4eeda75ea92ad255b32a04e5",
                "thumb_800_w": 800,
                "thumb_800_h": 549,
                "thumb_960": "https:\/\/files.slack.com\/files-tmb\/TJH5YU202-FLKJUAGAH-70a26a82b2\/image_960.png?t=xoxe-629202954002-776688371669-763909703378-01ffaa4c4eeda75ea92ad255b32a04e5",
                "thumb_960_w": 960,
                "thumb_960_h": 658,
                "thumb_1024": "https:\/\/files.slack.com\/files-tmb\/TJH5YU202-FLKJUAGAH-70a26a82b2\/image_1024.png?t=xoxe-629202954002-776688371669-763909703378-01ffaa4c4eeda75ea92ad255b32a04e5",
                "thumb_1024_w": 1024,
                "thumb_1024_h": 702,
                "image_exif_rotation": 1,
                "original_w": 1751,
                "original_h": 1201,
                "permalink": "https:\/\/harbourproject.slack.com\/files\/UJN8D8U3B\/FLKJUAGAH\/image.png",
                "permalink_public": "https:\/\/slack-files.com\/TJH5YU202-FLKJUAGAH-c65894d2dd",
                "is_starred": false,
                "has_rich_preview": false
            }
        ],
        "upload": true,
        "user": "UJN8D8U3B",
        "display_as_bot": false,
        "ts": "1563522041.200400",
        "client_msg_id": "84600ae4-ced2-4832-b540-34ec83cf4dd1"
    },
    {
        "type": "message",
        "text": "",
        "files": [
            {
                "id": "FLKJ9278Q",
                "created": 1563522063,
                "timestamp": 1563522063,
                "name": "image.png",
                "title": "image.png",
                "mimetype": "image\/png",
                "filetype": "png",
                "pretty_type": "PNG",
                "user": "UJN8D8U3B",
                "editable": false,
                "size": 913800,
                "mode": "hosted",
                "is_external": false,
                "external_type": "",
                "is_public": true,
                "public_url_shared": false,
                "display_as_bot": false,
                "username": "",
                "url_private": "https:\/\/files.slack.com\/files-pri\/TJH5YU202-FLKJ9278Q\/image.png?t=xoxe-629202954002-776688371669-763909703378-01ffaa4c4eeda75ea92ad255b32a04e5",
                "url_private_download": "https:\/\/files.slack.com\/files-pri\/TJH5YU202-FLKJ9278Q\/download\/image.png?t=xoxe-629202954002-776688371669-763909703378-01ffaa4c4eeda75ea92ad255b32a04e5",
                "thumb_64": "https:\/\/files.slack.com\/files-tmb\/TJH5YU202-FLKJ9278Q-9aabe2acd1\/image_64.png?t=xoxe-629202954002-776688371669-763909703378-01ffaa4c4eeda75ea92ad255b32a04e5",
                "thumb_80": "https:\/\/files.slack.com\/files-tmb\/TJH5YU202-FLKJ9278Q-9aabe2acd1\/image_80.png?t=xoxe-629202954002-776688371669-763909703378-01ffaa4c4eeda75ea92ad255b32a04e5",
                "thumb_360": "https:\/\/files.slack.com\/files-tmb\/TJH5YU202-FLKJ9278Q-9aabe2acd1\/image_360.png?t=xoxe-629202954002-776688371669-763909703378-01ffaa4c4eeda75ea92ad255b32a04e5",
                "thumb_360_w": 360,
                "thumb_360_h": 174,
                "thumb_480": "https:\/\/files.slack.com\/files-tmb\/TJH5YU202-FLKJ9278Q-9aabe2acd1\/image_480.png?t=xoxe-629202954002-776688371669-763909703378-01ffaa4c4eeda75ea92ad255b32a04e5",
                "thumb_480_w": 480,
                "thumb_480_h": 231,
                "thumb_160": "https:\/\/files.slack.com\/files-tmb\/TJH5YU202-FLKJ9278Q-9aabe2acd1\/image_160.png?t=xoxe-629202954002-776688371669-763909703378-01ffaa4c4eeda75ea92ad255b32a04e5",
                "thumb_720": "https:\/\/files.slack.com\/files-tmb\/TJH5YU202-FLKJ9278Q-9aabe2acd1\/image_720.png?t=xoxe-629202954002-776688371669-763909703378-01ffaa4c4eeda75ea92ad255b32a04e5",
                "thumb_720_w": 720,
                "thumb_720_h": 347,
                "thumb_800": "https:\/\/files.slack.com\/files-tmb\/TJH5YU202-FLKJ9278Q-9aabe2acd1\/image_800.png?t=xoxe-629202954002-776688371669-763909703378-01ffaa4c4eeda75ea92ad255b32a04e5",
                "thumb_800_w": 800,
                "thumb_800_h": 386,
                "thumb_960": "https:\/\/files.slack.com\/files-tmb\/TJH5YU202-FLKJ9278Q-9aabe2acd1\/image_960.png?t=xoxe-629202954002-776688371669-763909703378-01ffaa4c4eeda75ea92ad255b32a04e5",
                "thumb_960_w": 960,
                "thumb_960_h": 463,
                "thumb_1024": "https:\/\/files.slack.com\/files-tmb\/TJH5YU202-FLKJ9278Q-9aabe2acd1\/image_1024.png?t=xoxe-629202954002-776688371669-763909703378-01ffaa4c4eeda75ea92ad255b32a04e5",
                "thumb_1024_w": 1024,
                "thumb_1024_h": 494,
                "image_exif_rotation": 1,
                "original_w": 2091,
                "original_h": 1008,
                "permalink": "https:\/\/harbourproject.slack.com\/files\/UJN8D8U3B\/FLKJ9278Q\/image.png",
                "permalink_public": "https:\/\/slack-files.com\/TJH5YU202-FLKJ9278Q-e910d31dcb",
                "is_starred": false,
                "has_rich_preview": false
            }
        ],
        "upload": true,
        "user": "UJN8D8U3B",
        "display_as_bot": false,
        "ts": "1563522067.200700",
        "client_msg_id": "ba9d50c7-757a-45a7-8856-eca7e3ca2017"
    },
    {
        "client_msg_id": "e8134511-323c-4241-a509-f9af58227689",
        "type": "message",
        "text": "muy bueno Antonio los colores ayudan en mi caso",
        "user": "UJUFNFMFE",
        "ts": "1563542955.201300",
        "team": "TJH5YU202",
        "user_team": "TJH5YU202",
        "source_team": "TJH5YU202",
        "user_profile": {
            "avatar_hash": "aa4e40c137f0",
            "image_72": "https:\/\/avatars.slack-edge.com\/2019-05-21\/630419446595_aa4e40c137f03c23b9cd_72.jpg",
            "first_name": "Marcelo",
            "real_name": "Marcelo Roggeri",
            "display_name": "Marcelo Roggeri",
            "team": "TJH5YU202",
            "name": "roggerimarcelo",
            "is_restricted": false,
            "is_ultra_restricted": false
        }
    },
    {
        "client_msg_id": "2a12eaf0-b921-458b-be9c-bd0255a59b24",
        "type": "message",
        "text": "7- Marcelo",
        "user": "UJUFNFMFE",
        "ts": "1563543288.201400",
        "team": "TJH5YU202",
        "user_team": "TJH5YU202",
        "source_team": "TJH5YU202",
        "user_profile": {
            "avatar_hash": "aa4e40c137f0",
            "image_72": "https:\/\/avatars.slack-edge.com\/2019-05-21\/630419446595_aa4e40c137f03c23b9cd_72.jpg",
            "first_name": "Marcelo",
            "real_name": "Marcelo Roggeri",
            "display_name": "Marcelo Roggeri",
            "team": "TJH5YU202",
            "name": "roggerimarcelo",
            "is_restricted": false,
            "is_ultra_restricted": false
        },
        "thread_ts": "1563481563.196600",
        "parent_user_id": "UJUJLTWMT"
    },
    {
        "client_msg_id": "6e67e869-3c40-4756-9777-eb702e77500a",
        "type": "message",
        "text": "Buenos D'ias",
        "user": "UJVAZ9E2Y",
        "ts": "1563548476.201900",
        "team": "TJH5YU202",
        "user_team": "TJH5YU202",
        "source_team": "TJH5YU202",
        "user_profile": {
            "avatar_hash": "g3a75d541ab3",
            "image_72": "https:\/\/secure.gravatar.com\/avatar\/5b3a75d541ab3c18a196b8aa8731b2fb.jpg?s=72&d=https%3A%2F%2Fa.slack-edge.com%2F80588%2Fimg%2Favatars%2Fuser_shapes%2Fava_0015-72.png",
            "first_name": "",
            "real_name": "Angel Pais",
            "display_name": "Angel Pais",
            "team": "TJH5YU202",
            "name": "angel",
            "is_restricted": false,
            "is_ultra_restricted": false
        }
    },
    {
        "client_msg_id": "d277b86a-e40c-4726-83b6-960226018bd1",
        "type": "message",
        "text": "Como hago para conectarme a la reunion de Skype ?  mi usuario es <mailto:samltda@outlook.com|samltda@outlook.com>",
        "user": "UJVAZ9E2Y",
        "ts": "1563548515.202600",
        "team": "TJH5YU202",
        "user_team": "TJH5YU202",
        "source_team": "TJH5YU202",
        "user_profile": {
            "avatar_hash": "g3a75d541ab3",
            "image_72": "https:\/\/secure.gravatar.com\/avatar\/5b3a75d541ab3c18a196b8aa8731b2fb.jpg?s=72&d=https%3A%2F%2Fa.slack-edge.com%2F80588%2Fimg%2Favatars%2Fuser_shapes%2Fava_0015-72.png",
            "first_name": "",
            "real_name": "Angel Pais",
            "display_name": "Angel Pais",
            "team": "TJH5YU202",
            "name": "angel",
            "is_restricted": false,
            "is_ultra_restricted": false
        }
    },
    {
        "client_msg_id": "6437d24e-1602-4648-9137-fa66823151c3",
        "type": "message",
        "text": "<https:\/\/join.skype.com\/eXxLemsXd2bc>",
        "user": "UJWR5N32S",
        "ts": "1563549004.202800",
        "team": "TJH5YU202",
        "user_team": "TJH5YU202",
        "source_team": "TJH5YU202",
        "user_profile": {
            "avatar_hash": "273d3745f7ae",
            "image_72": "https:\/\/avatars.slack-edge.com\/2019-05-20\/634344238497_273d3745f7ae1b176b82_72.jpg",
            "first_name": "Charly",
            "real_name": "Charly",
            "display_name": "Charly",
            "team": "TJH5YU202",
            "name": "carles9000",
            "is_restricted": false,
            "is_ultra_restricted": false
        },
        "attachments": [
            {
                "title": "Skype",
                "title_link": "https:\/\/join.skype.com\/eXxLemsXd2bc",
                "fallback": "Skype",
                "image_url": "https:\/\/join.secure.skypeassets.com\/static\/14.172\/images\/icons\/opengraph_image.png",
                "image_width": 250,
                "image_height": 250,
                "from_url": "https:\/\/join.skype.com\/eXxLemsXd2bc",
                "image_bytes": 28276,
                "service_icon": "https:\/\/join.secure.skypeassets.com\/static\/14.172\/images\/icons\/apple-touch-icon.png",
                "service_name": "join.skype.com",
                "id": 1,
                "original_url": "https:\/\/join.skype.com\/eXxLemsXd2bc"
            }
        ]
    },
    {
        "client_msg_id": "7c7f6804-4bb9-4fe5-aa6f-4440ec429612",
        "type": "message",
        "text": "Hola a todos. Lo visto hoy lo he añadido al proyecto de l a semana pasada y lo podeis descargar desde aqui",
        "user": "UJWR5N32S",
        "ts": "1563557866.203500",
        "team": "TJH5YU202",
        "user_team": "TJH5YU202",
        "source_team": "TJH5YU202",
        "user_profile": {
            "avatar_hash": "273d3745f7ae",
            "image_72": "https:\/\/avatars.slack-edge.com\/2019-05-20\/634344238497_273d3745f7ae1b176b82_72.jpg",
            "first_name": "Charly",
            "real_name": "Charly",
            "display_name": "Charly",
            "team": "TJH5YU202",
            "name": "carles9000",
            "is_restricted": false,
            "is_ultra_restricted": false
        }
    },
    {
        "client_msg_id": "f4bc74bb-b7de-4ef6-be5f-4431f3316d57",
        "type": "message",
        "text": "<https:\/\/github.com\/carles9000\/mvc_mercury_work.git>",
        "user": "UJWR5N32S",
        "ts": "1563557868.203700",
        "team": "TJH5YU202",
        "user_team": "TJH5YU202",
        "source_team": "TJH5YU202",
        "user_profile": {
            "avatar_hash": "273d3745f7ae",
            "image_72": "https:\/\/avatars.slack-edge.com\/2019-05-20\/634344238497_273d3745f7ae1b176b82_72.jpg",
            "first_name": "Charly",
            "real_name": "Charly",
            "display_name": "Charly",
            "team": "TJH5YU202",
            "name": "carles9000",
            "is_restricted": false,
            "is_ultra_restricted": false
        }
    },
    {
        "client_msg_id": "479b9777-9d65-49bb-86c3-8cafa5b05f0f",
        "type": "message",
        "text": "Acordaros de ajustar el path de htaccess",
        "user": "UJWR5N32S",
        "ts": "1563557885.204100",
        "team": "TJH5YU202",
        "user_team": "TJH5YU202",
        "source_team": "TJH5YU202",
        "user_profile": {
            "avatar_hash": "273d3745f7ae",
            "image_72": "https:\/\/avatars.slack-edge.com\/2019-05-20\/634344238497_273d3745f7ae1b176b82_72.jpg",
            "first_name": "Charly",
            "real_name": "Charly",
            "display_name": "Charly",
            "team": "TJH5YU202",
            "name": "carles9000",
            "is_restricted": false,
            "is_ultra_restricted": false
        }
    },
    {
        "client_msg_id": "52247f88-70ee-4e03-b7e7-5be7ec5cbd27",
        "type": "message",
        "text": "Buen fin de semana !",
        "user": "UJWR5N32S",
        "ts": "1563557924.204600",
        "team": "TJH5YU202",
        "user_team": "TJH5YU202",
        "source_team": "TJH5YU202",
        "user_profile": {
            "avatar_hash": "273d3745f7ae",
            "image_72": "https:\/\/avatars.slack-edge.com\/2019-05-20\/634344238497_273d3745f7ae1b176b82_72.jpg",
            "first_name": "Charly",
            "real_name": "Charly",
            "display_name": "Charly",
            "team": "TJH5YU202",
            "name": "carles9000",
            "is_restricted": false,
            "is_ultra_restricted": false
        }
    },
    {
        "client_msg_id": "6572b8e1-16a7-4d1a-ad73-a1ddb6757074",
        "type": "message",
        "text": "El video de la charla\/clase\/sesión de hoy\n\n<https:\/\/drive.google.com\/file\/d\/1zsRk06Yu8RXIu-7Vc9kK035pGEaUGOln\/view?usp=sharing>",
        "user": "UJU3NMK0U",
        "ts": "1563557982.204800",
        "team": "TJH5YU202",
        "user_team": "TJH5YU202",
        "source_team": "TJH5YU202",
        "user_profile": {
            "avatar_hash": "48f1b9655122",
            "image_72": "https:\/\/avatars.slack-edge.com\/2019-05-20\/640143784356_48f1b96551220d9fdd4d_72.jpg",
            "first_name": "Xevi",
            "real_name": "Xevi",
            "display_name": "Xevi",
            "team": "TJH5YU202",
            "name": "xevicomas",
            "is_restricted": false,
            "is_ultra_restricted": false
        }
    },
    {
        "client_msg_id": "147e45f5-47a9-406e-afea-161ec5fd3fbe",
        "type": "message",
        "text": "gracias Xavi, Gracias Charly",
        "user": "UK28N3CER",
        "ts": "1563558531.205400",
        "team": "TJH5YU202",
        "user_team": "TJH5YU202",
        "source_team": "TJH5YU202",
        "user_profile": {
            "avatar_hash": "3fec6e3393a8",
            "image_72": "https:\/\/avatars.slack-edge.com\/2019-08-17\/723363154273_3fec6e3393a86fb3e470_72.jpg",
            "first_name": "",
            "real_name": "Cesar SysCtrl Software",
            "display_name": "Cesar SysCtrl Software",
            "team": "TJH5YU202",
            "name": "sysctrlsoftware",
            "is_restricted": false,
            "is_ultra_restricted": false
        }
    },
    {
        "client_msg_id": "8ffd4055-d57b-4209-ad97-cbdf6e7a8103",
        "type": "message",
        "text": "amigos ya tengo instalado el BASH en windows,  alguien tiene una guia de como se activa el xampp\/apache  ?",
        "user": "UK28N3CER",
        "ts": "1563559023.207300",
        "team": "TJH5YU202",
        "user_team": "TJH5YU202",
        "source_team": "TJH5YU202",
        "user_profile": {
            "avatar_hash": "3fec6e3393a8",
            "image_72": "https:\/\/avatars.slack-edge.com\/2019-08-17\/723363154273_3fec6e3393a86fb3e470_72.jpg",
            "first_name": "",
            "real_name": "Cesar SysCtrl Software",
            "display_name": "Cesar SysCtrl Software",
            "team": "TJH5YU202",
            "name": "sysctrlsoftware",
            "is_restricted": false,
            "is_ultra_restricted": false
        }
    },
    {
        "client_msg_id": "fbe0bca7-dfbc-4c56-8385-767462e740b2",
        "type": "message",
        "text": "Charly, la direccion que has puesto del git no es accesible",
        "user": "UJUJLTWMT",
        "ts": "1563559648.207800",
        "team": "TJH5YU202",
        "user_team": "TJH5YU202",
        "source_team": "TJH5YU202",
        "user_profile": {
            "avatar_hash": "a60e3b1ef2d2",
            "image_72": "https:\/\/avatars.slack-edge.com\/2019-08-20\/726246109489_a60e3b1ef2d2c141969d_72.jpg",
            "first_name": "",
            "real_name": "Cristobal",
            "display_name": "Cristobal",
            "team": "TJH5YU202",
            "name": "navarro.cristobal",
            "is_restricted": false,
            "is_ultra_restricted": false
        }
    },
    {
        "client_msg_id": "a8feb1eb-ac09-4357-9be8-7b3e78892f2a",
        "type": "message",
        "text": "Charly... <https:\/\/github.com\/carles9000\/mvc_mercury>",
        "user": "UJU3NMK0U",
        "ts": "1563559871.208000",
        "team": "TJH5YU202",
        "user_team": "TJH5YU202",
        "source_team": "TJH5YU202",
        "user_profile": {
            "avatar_hash": "48f1b9655122",
            "image_72": "https:\/\/avatars.slack-edge.com\/2019-05-20\/640143784356_48f1b96551220d9fdd4d_72.jpg",
            "first_name": "Xevi",
            "real_name": "Xevi",
            "display_name": "Xevi",
            "team": "TJH5YU202",
            "name": "xevicomas",
            "is_restricted": false,
            "is_ultra_restricted": false
        },
        "attachments": [
            {
                "service_name": "GitHub",
                "title": "carles9000\/mvc_mercury",
                "title_link": "https:\/\/github.com\/carles9000\/mvc_mercury",
                "text": "MVC Response. Contribute to carles9000\/mvc_mercury development by creating an account on GitHub.",
                "fallback": "GitHub: carles9000\/mvc_mercury",
                "thumb_url": "https:\/\/avatars3.githubusercontent.com\/u\/13433884?s=400&v=4",
                "from_url": "https:\/\/github.com\/carles9000\/mvc_mercury",
                "thumb_width": 170,
                "thumb_height": 170,
                "service_icon": "https:\/\/a.slack-edge.com\/bfaba\/img\/unfurl_icons\/github.png",
                "id": 1,
                "original_url": "https:\/\/github.com\/carles9000\/mvc_mercury"
            }
        ]
    },
    {
        "client_msg_id": "271e85ba-e591-4208-8664-621bde736548",
        "type": "message",
        "text": "Liberado !",
        "user": "UJWR5N32S",
        "ts": "1563560122.208400",
        "team": "TJH5YU202",
        "user_team": "TJH5YU202",
        "source_team": "TJH5YU202",
        "user_profile": {
            "avatar_hash": "273d3745f7ae",
            "image_72": "https:\/\/avatars.slack-edge.com\/2019-05-20\/634344238497_273d3745f7ae1b176b82_72.jpg",
            "first_name": "Charly",
            "real_name": "Charly",
            "display_name": "Charly",
            "team": "TJH5YU202",
            "name": "carles9000",
            "is_restricted": false,
            "is_ultra_restricted": false
        }
    },
    {
        "client_msg_id": "6e8ed012-3b51-4057-b069-de2c6c1b4ab4",
        "type": "message",
        "text": ":wink:",
        "user": "UJWR5N32S",
        "ts": "1563560128.208500",
        "team": "TJH5YU202",
        "user_team": "TJH5YU202",
        "source_team": "TJH5YU202",
        "user_profile": {
            "avatar_hash": "273d3745f7ae",
            "image_72": "https:\/\/avatars.slack-edge.com\/2019-05-20\/634344238497_273d3745f7ae1b176b82_72.jpg",
            "first_name": "Charly",
            "real_name": "Charly",
            "display_name": "Charly",
            "team": "TJH5YU202",
            "name": "carles9000",
            "is_restricted": false,
            "is_ultra_restricted": false
        }
    },
    {
        "client_msg_id": "53efb37e-8cf1-4491-b0bc-03deb246e7d7",
        "type": "message",
        "text": "<https:\/\/github.com\/carles9000\/mvc_mercury_work.git>",
        "user": "UJWR5N32S",
        "ts": "1563560160.208700",
        "team": "TJH5YU202",
        "user_team": "TJH5YU202",
        "source_team": "TJH5YU202",
        "user_profile": {
            "avatar_hash": "273d3745f7ae",
            "image_72": "https:\/\/avatars.slack-edge.com\/2019-05-20\/634344238497_273d3745f7ae1b176b82_72.jpg",
            "first_name": "Charly",
            "real_name": "Charly",
            "display_name": "Charly",
            "team": "TJH5YU202",
            "name": "carles9000",
            "is_restricted": false,
            "is_ultra_restricted": false
        },
        "attachments": [
            {
                "service_name": "GitHub",
                "title": "carles9000\/mvc_mercury_work",
                "title_link": "https:\/\/github.com\/carles9000\/mvc_mercury_work.git",
                "text": "Pruebas mercury. Contribute to carles9000\/mvc_mercury_work development by creating an account on GitHub.",
                "fallback": "GitHub: carles9000\/mvc_mercury_work",
                "thumb_url": "https:\/\/avatars3.githubusercontent.com\/u\/13433884?s=400&v=4",
                "from_url": "https:\/\/github.com\/carles9000\/mvc_mercury_work.git",
                "thumb_width": 170,
                "thumb_height": 170,
                "service_icon": "https:\/\/a.slack-edge.com\/bfaba\/img\/unfurl_icons\/github.png",
                "id": 1,
                "original_url": "https:\/\/github.com\/carles9000\/mvc_mercury_work.git"
            }
        ]
    },
    {
        "type": "message",
        "text": "",
        "files": [
            {
                "id": "FLNCEKTGE",
                "created": 1563558861,
                "timestamp": 1564215356,
                "name": "HFW_Skype_Sessions___",
                "title": "HFW Skype Sessions...",
                "mimetype": "application\/vnd.slack-docs",
                "filetype": "docs",
                "pretty_type": "Arugula",
                "user": "UJWR5N32S",
                "editable": true,
                "size": 904,
                "mode": "docs",
                "is_external": false,
                "external_type": "",
                "is_public": true,
                "public_url_shared": true,
                "display_as_bot": false,
                "username": "",
                "url_private": "https:\/\/files.slack.com\/files-pri\/TJH5YU202-FLNCEKTGE\/HFW_Skype_Sessions___?t=xoxe-629202954002-776688371669-763909703378-01ffaa4c4eeda75ea92ad255b32a04e5",
                "url_private_download": "https:\/\/files.slack.com\/files-pri\/TJH5YU202-FLNCEKTGE\/download\/HFW_Skype_Sessions___?t=xoxe-629202954002-776688371669-763909703378-01ffaa4c4eeda75ea92ad255b32a04e5",
                "permalink": "https:\/\/harbourproject.slack.com\/files\/TJH5YU202\/FLNCEKTGE",
                "permalink_public": "https:\/\/slack-files.com\/TJH5YU202-FLNCEKTGE-b5cec86294",
                "preview": "<p>Video 1 20190705 <a href=\"https:\/\/drive.google.com\/file\/d\/1uF7iPtH6O5ItXYBrv23noel2usTr-ilS\/view?usp=sharing\" target=\"_blank\">https:&#x2F;&#x2F;drive.google.com&#x2F;file&#x2F;d&#x2F;1uF7iPtH6O5ItXYBrv23noel2usTr-ilS&#x2F;view?usp=sharing<\/a><br\/><br\/>Video 2 20190712        h<a href=\"https:\/\/drive.google.com\/file\/d\/1MMx_InTJlqPAEDEn_KytQ14Cc6TUnoZF\/view?usp=sharing\" target=\"_blank\">ttps:&#x2F;&#x2F;drive.google.com&#x2F;file&#x2F;d&#x2F;1MMx_InTJlqPAEDEn_KytQ14Cc6TUnoZF&#x2F;view?usp=sharing<\/a><br\/><br\/>Video 3 20190719 <a href=\"https:\/\/drive.google.com\/file\/d\/1zsRk06Yu8RXIu-7Vc9kK035pGEaUGOln\/view?usp=sharing\" target=\"_blank\">https:&#x2F;&#x2F;drive.google.com&#x2F;file&#x2F;d&#x2F;1zsRk06Yu8RXIu-7Vc9kK035pGEaUGOln&#x2F;view?usp=sharing<\/a><br\/><br\/>Video 4 20190726 <a href=\"https:\/\/youtu.be\/QQ7VgyGrl5Q\" target=\"_blank\">https:&#x2F;&#x2F;youtu.be&#x2F;QQ7VgyGrl5Q<\/a><br\/><br\/><br\/><\/p>",
                "editor": null,
                "last_editor": "UJWR5N32S",
                "non_owner_editable": false,
                "updated": 1564215356,
                "is_starred": false,
                "has_rich_preview": false
            }
        ],
        "upload": false,
        "user": "UJWR5N32S",
        "display_as_bot": false,
        "ts": "1563560286.208900"
    },
    {
        "client_msg_id": "cce7c72f-49a8-4241-a834-070e6242fed1",
        "type": "message",
        "text": "Gracies Xevi !",
        "user": "UJWR5N32S",
        "ts": "1563560328.209500",
        "team": "TJH5YU202",
        "user_team": "TJH5YU202",
        "source_team": "TJH5YU202",
        "user_profile": {
            "avatar_hash": "273d3745f7ae",
            "image_72": "https:\/\/avatars.slack-edge.com\/2019-05-20\/634344238497_273d3745f7ae1b176b82_72.jpg",
            "first_name": "Charly",
            "real_name": "Charly",
            "display_name": "Charly",
            "team": "TJH5YU202",
            "name": "carles9000",
            "is_restricted": false,
            "is_ultra_restricted": false
        }
    },
    {
        "client_msg_id": "21a10459-63f0-43f8-a191-45a1e14e130e",
        "type": "message",
        "text": "Gracias Xevi",
        "user": "UJUJLTWMT",
        "ts": "1563569117.209700",
        "team": "TJH5YU202",
        "user_team": "TJH5YU202",
        "source_team": "TJH5YU202",
        "user_profile": {
            "avatar_hash": "a60e3b1ef2d2",
            "image_72": "https:\/\/avatars.slack-edge.com\/2019-08-20\/726246109489_a60e3b1ef2d2c141969d_72.jpg",
            "first_name": "",
            "real_name": "Cristobal",
            "display_name": "Cristobal",
            "team": "TJH5YU202",
            "name": "navarro.cristobal",
            "is_restricted": false,
            "is_ultra_restricted": false
        }
    },
    {
        "client_msg_id": "f0b02488-e18c-41a3-af15-ca455aa589fb",
        "type": "message",
        "text": "Gracias Charly",
        "user": "UJUJLTWMT",
        "ts": "1563569126.209900",
        "team": "TJH5YU202",
        "user_team": "TJH5YU202",
        "source_team": "TJH5YU202",
        "user_profile": {
            "avatar_hash": "a60e3b1ef2d2",
            "image_72": "https:\/\/avatars.slack-edge.com\/2019-08-20\/726246109489_a60e3b1ef2d2c141969d_72.jpg",
            "first_name": "",
            "real_name": "Cristobal",
            "display_name": "Cristobal",
            "team": "TJH5YU202",
            "name": "navarro.cristobal",
            "is_restricted": false,
            "is_ultra_restricted": false
        }
    },
    {
        "type": "message",
        "text": "Comparto esta guia que hice cuando Cristobal nos ayudo a instalar Ubuntu en Win 10. Si a alguien le sirve y la puede mejorar bienvenido sea.",
        "files": [
            {
                "id": "FLNBA5XV5",
                "created": 1563574696,
                "timestamp": 1563574696,
                "name": "Instalar Ubuntu Bash en Windows10.docx",
                "title": "Instalar Ubuntu Bash en Windows10.docx",
                "mimetype": "application\/vnd.openxmlformats-officedocument.wordprocessingml.document",
                "filetype": "docx",
                "pretty_type": "Word Document",
                "user": "UJUFNFMFE",
                "editable": false,
                "size": 1524754,
                "mode": "hosted",
                "is_external": false,
                "external_type": "",
                "is_public": true,
                "public_url_shared": false,
                "display_as_bot": false,
                "username": "",
                "url_private": "https:\/\/files.slack.com\/files-pri\/TJH5YU202-FLNBA5XV5\/instalar_ubuntu_bash_en_windows10.docx?t=xoxe-629202954002-776688371669-763909703378-01ffaa4c4eeda75ea92ad255b32a04e5",
                "url_private_download": "https:\/\/files.slack.com\/files-pri\/TJH5YU202-FLNBA5XV5\/download\/instalar_ubuntu_bash_en_windows10.docx?t=xoxe-629202954002-776688371669-763909703378-01ffaa4c4eeda75ea92ad255b32a04e5",
                "converted_pdf": "https:\/\/files.slack.com\/files-tmb\/TJH5YU202-FLNBA5XV5-d21a70921e\/instalar_ubuntu_bash_en_windows10_converted.pdf?t=xoxe-629202954002-776688371669-763909703378-01ffaa4c4eeda75ea92ad255b32a04e5",
                "thumb_pdf": "https:\/\/files.slack.com\/files-tmb\/TJH5YU202-FLNBA5XV5-d21a70921e\/instalar_ubuntu_bash_en_windows10_thumb_pdf.png?t=xoxe-629202954002-776688371669-763909703378-01ffaa4c4eeda75ea92ad255b32a04e5",
                "thumb_pdf_w": 909,
                "thumb_pdf_h": 1286,
                "permalink": "https:\/\/harbourproject.slack.com\/files\/UJUFNFMFE\/FLNBA5XV5\/instalar_ubuntu_bash_en_windows10.docx",
                "permalink_public": "https:\/\/slack-files.com\/TJH5YU202-FLNBA5XV5-c59a4e5a04",
                "is_starred": false,
                "has_rich_preview": false
            }
        ],
        "upload": true,
        "user": "UJUFNFMFE",
        "display_as_bot": false,
        "ts": "1563574700.210000",
        "client_msg_id": "b8702160-da22-4291-aa4a-8489c8b6c41f",
        "reactions": [
            {
                "name": "+1",
                "users": [
                    "UJUJLTWMT",
                    "UJWR5N32S"
                ],
                "count": 2
            }
        ]
    },
    {
        "client_msg_id": "491a749f-1ca0-407f-bcc0-e3a827d202c1",
        "type": "message",
        "text": "Marcelo era lo que estaba esperando espero que pueda configurar con esta rutina, gracias.",
        "user": "UK28N3CER",
        "ts": "1563582667.000600",
        "team": "TJH5YU202",
        "user_team": "TJH5YU202",
        "source_team": "TJH5YU202",
        "user_profile": {
            "avatar_hash": "3fec6e3393a8",
            "image_72": "https:\/\/avatars.slack-edge.com\/2019-08-17\/723363154273_3fec6e3393a86fb3e470_72.jpg",
            "first_name": "",
            "real_name": "Cesar SysCtrl Software",
            "display_name": "Cesar SysCtrl Software",
            "team": "TJH5YU202",
            "name": "sysctrlsoftware",
            "is_restricted": false,
            "is_ultra_restricted": false
        },
        "reactions": [
            {
                "name": "+1",
                "users": [
                    "UJUFNFMFE",
                    "UJUJLTWMT"
                ],
                "count": 2
            }
        ]
    },
    {
        "client_msg_id": "1cc31509-86b0-47bc-abff-b589600d1d0d",
        "type": "message",
        "text": "gracias a Cristobal por compartir.",
        "user": "UK28N3CER",
        "ts": "1563582784.000900",
        "team": "TJH5YU202",
        "user_team": "TJH5YU202",
        "source_team": "TJH5YU202",
        "user_profile": {
            "avatar_hash": "3fec6e3393a8",
            "image_72": "https:\/\/avatars.slack-edge.com\/2019-08-17\/723363154273_3fec6e3393a86fb3e470_72.jpg",
            "first_name": "",
            "real_name": "Cesar SysCtrl Software",
            "display_name": "Cesar SysCtrl Software",
            "team": "TJH5YU202",
            "name": "sysctrlsoftware",
            "is_restricted": false,
            "is_ultra_restricted": false
        }
    }
]