[
    {
        "client_msg_id": "5791bb9e-62c2-476e-a044-002412d2423b",
        "type": "message",
        "text": "\"Poor-man\" Electron",
        "user": "UJN8D8U3B",
        "ts": "1563722127.003100",
        "team": "TJH5YU202",
        "user_team": "TJH5YU202",
        "source_team": "TJH5YU202",
        "user_profile": {
            "avatar_hash": "g92ad2abcc45",
            "image_72": "https:\/\/secure.gravatar.com\/avatar\/8492ad2abcc45ce53969adcf8420acde.jpg?s=72&d=https%3A%2F%2Fa.slack-edge.com%2F80588%2Fimg%2Favatars%2Fuser_shapes%2Fava_0008-72.png",
            "first_name": "",
            "real_name": "Antonio Linares",
            "display_name": "Antonio Linares",
            "team": "TJH5YU202",
            "name": "alinares",
            "is_restricted": false,
            "is_ultra_restricted": false
        }
    },
    {
        "client_msg_id": "a16d884c-ceff-4fb6-97ee-91c216f4a6a2",
        "type": "message",
        "text": "<http:\/\/forums.fivetechsupport.com\/viewtopic.php?f=17&amp;t=37492&amp;start=0>",
        "user": "UJN8D8U3B",
        "ts": "1563722129.003300",
        "team": "TJH5YU202",
        "user_team": "TJH5YU202",
        "source_team": "TJH5YU202",
        "user_profile": {
            "avatar_hash": "g92ad2abcc45",
            "image_72": "https:\/\/secure.gravatar.com\/avatar\/8492ad2abcc45ce53969adcf8420acde.jpg?s=72&d=https%3A%2F%2Fa.slack-edge.com%2F80588%2Fimg%2Favatars%2Fuser_shapes%2Fava_0008-72.png",
            "first_name": "",
            "real_name": "Antonio Linares",
            "display_name": "Antonio Linares",
            "team": "TJH5YU202",
            "name": "alinares",
            "is_restricted": false,
            "is_ultra_restricted": false
        },
        "thread_ts": "1563722129.003300",
        "reply_count": 1,
        "reply_users_count": 1,
        "latest_reply": "1563748975.005700",
        "reply_users": [
            "UJUFNFMFE"
        ],
        "replies": [
            {
                "user": "UJUFNFMFE",
                "ts": "1563748975.005700"
            }
        ],
        "subscribed": false
    },
    {
        "client_msg_id": "0ec596af-9e01-497c-8f99-3deb121298e8",
        "type": "message",
        "text": "La idea de electron es usar usar aplicaciones web como aplicaciones desktop",
        "user": "UJN8D8U3B",
        "ts": "1563722174.003900",
        "team": "TJH5YU202",
        "user_team": "TJH5YU202",
        "source_team": "TJH5YU202",
        "user_profile": {
            "avatar_hash": "g92ad2abcc45",
            "image_72": "https:\/\/secure.gravatar.com\/avatar\/8492ad2abcc45ce53969adcf8420acde.jpg?s=72&d=https%3A%2F%2Fa.slack-edge.com%2F80588%2Fimg%2Favatars%2Fuser_shapes%2Fava_0008-72.png",
            "first_name": "",
            "real_name": "Antonio Linares",
            "display_name": "Antonio Linares",
            "team": "TJH5YU202",
            "name": "alinares",
            "is_restricted": false,
            "is_ultra_restricted": false
        }
    },
    {
        "client_msg_id": "7591404d-b1e3-4c71-8ded-b237e2ba04a3",
        "type": "message",
        "text": "Con esos pequeños ficheros arrancamos la web y vamos a nuestra web-app en mod_harbour :slightly_smiling_face:",
        "user": "UJN8D8U3B",
        "ts": "1563722197.004400",
        "team": "TJH5YU202",
        "user_team": "TJH5YU202",
        "source_team": "TJH5YU202",
        "user_profile": {
            "avatar_hash": "g92ad2abcc45",
            "image_72": "https:\/\/secure.gravatar.com\/avatar\/8492ad2abcc45ce53969adcf8420acde.jpg?s=72&d=https%3A%2F%2Fa.slack-edge.com%2F80588%2Fimg%2Favatars%2Fuser_shapes%2Fava_0008-72.png",
            "first_name": "",
            "real_name": "Antonio Linares",
            "display_name": "Antonio Linares",
            "team": "TJH5YU202",
            "name": "alinares",
            "is_restricted": false,
            "is_ultra_restricted": false
        }
    },
    {
        "client_msg_id": "142623a3-7edd-4631-bcfd-986224c2f9cf",
        "type": "message",
        "text": "<https:\/\/harbour.fourtech.es\/modharbour_samples\/genesis\/index.prg?views:exec:4>",
        "user": "UJN8D8U3B",
        "ts": "1563730383.004700",
        "team": "TJH5YU202",
        "user_team": "TJH5YU202",
        "source_team": "TJH5YU202",
        "user_profile": {
            "avatar_hash": "g92ad2abcc45",
            "image_72": "https:\/\/secure.gravatar.com\/avatar\/8492ad2abcc45ce53969adcf8420acde.jpg?s=72&d=https%3A%2F%2Fa.slack-edge.com%2F80588%2Fimg%2Favatars%2Fuser_shapes%2Fava_0008-72.png",
            "first_name": "",
            "real_name": "Antonio Linares",
            "display_name": "Antonio Linares",
            "team": "TJH5YU202",
            "name": "alinares",
            "is_restricted": false,
            "is_ultra_restricted": false
        }
    },
    {
        "client_msg_id": "1e021cce-072b-4ef8-b1a9-712585d2c5a0",
        "type": "message",
        "text": "start chrome --start-fullscreen -app=<https:\/\/harbour.fourtech.es\/modharbour_samples\/genesis\/index.prg>",
        "user": "UJUJLTWMT",
        "ts": "1563731538.004900",
        "team": "TJH5YU202",
        "user_team": "TJH5YU202",
        "source_team": "TJH5YU202",
        "user_profile": {
            "avatar_hash": "a60e3b1ef2d2",
            "image_72": "https:\/\/avatars.slack-edge.com\/2019-08-20\/726246109489_a60e3b1ef2d2c141969d_72.jpg",
            "first_name": "",
            "real_name": "Cristobal",
            "display_name": "Cristobal",
            "team": "TJH5YU202",
            "name": "navarro.cristobal",
            "is_restricted": false,
            "is_ultra_restricted": false
        }
    },
    {
        "client_msg_id": "26d33df9-6561-4070-9881-5c375482b23b",
        "type": "message",
        "text": "como batch ?",
        "user": "UJN8D8U3B",
        "ts": "1563731654.005100",
        "team": "TJH5YU202",
        "user_team": "TJH5YU202",
        "source_team": "TJH5YU202",
        "user_profile": {
            "avatar_hash": "g92ad2abcc45",
            "image_72": "https:\/\/secure.gravatar.com\/avatar\/8492ad2abcc45ce53969adcf8420acde.jpg?s=72&d=https%3A%2F%2Fa.slack-edge.com%2F80588%2Fimg%2Favatars%2Fuser_shapes%2Fava_0008-72.png",
            "first_name": "",
            "real_name": "Antonio Linares",
            "display_name": "Antonio Linares",
            "team": "TJH5YU202",
            "name": "alinares",
            "is_restricted": false,
            "is_ultra_restricted": false
        }
    },
    {
        "client_msg_id": "3a153ac1-a5dd-4390-a57d-ea5d8976f739",
        "type": "message",
        "text": "<https:\/\/harbour.fourtech.es\/modharbour_samples\/genesis\/index.prg?views:exec:7#>",
        "user": "UJN8D8U3B",
        "ts": "1563732678.005300",
        "team": "TJH5YU202",
        "user_team": "TJH5YU202",
        "source_team": "TJH5YU202",
        "user_profile": {
            "avatar_hash": "g92ad2abcc45",
            "image_72": "https:\/\/secure.gravatar.com\/avatar\/8492ad2abcc45ce53969adcf8420acde.jpg?s=72&d=https%3A%2F%2Fa.slack-edge.com%2F80588%2Fimg%2Favatars%2Fuser_shapes%2Fava_0008-72.png",
            "first_name": "",
            "real_name": "Antonio Linares",
            "display_name": "Antonio Linares",
            "team": "TJH5YU202",
            "name": "alinares",
            "is_restricted": false,
            "is_ultra_restricted": false
        }
    },
    {
        "client_msg_id": "f37aa1b2-145a-4460-a932-55819eec75d2",
        "type": "message",
        "text": "si como batch",
        "user": "UJUJLTWMT",
        "ts": "1563733122.005600",
        "team": "TJH5YU202",
        "user_team": "TJH5YU202",
        "source_team": "TJH5YU202",
        "user_profile": {
            "avatar_hash": "a60e3b1ef2d2",
            "image_72": "https:\/\/avatars.slack-edge.com\/2019-08-20\/726246109489_a60e3b1ef2d2c141969d_72.jpg",
            "first_name": "",
            "real_name": "Cristobal",
            "display_name": "Cristobal",
            "team": "TJH5YU202",
            "name": "navarro.cristobal",
            "is_restricted": false,
            "is_ultra_restricted": false
        }
    },
    {
        "client_msg_id": "954d9191-dbae-4c47-8df6-e6d987b1edc4",
        "type": "message",
        "text": "Antonio ingresando con el celular no aparece el boton de Login. Saludos",
        "user": "UJUFNFMFE",
        "ts": "1563748975.005700",
        "team": "TJH5YU202",
        "user_team": "TJH5YU202",
        "source_team": "TJH5YU202",
        "user_profile": {
            "avatar_hash": "aa4e40c137f0",
            "image_72": "https:\/\/avatars.slack-edge.com\/2019-05-21\/630419446595_aa4e40c137f03c23b9cd_72.jpg",
            "first_name": "Marcelo",
            "real_name": "Marcelo Roggeri",
            "display_name": "Marcelo Roggeri",
            "team": "TJH5YU202",
            "name": "roggerimarcelo",
            "is_restricted": false,
            "is_ultra_restricted": false
        },
        "thread_ts": "1563722129.003300",
        "parent_user_id": "UJN8D8U3B"
    },
    {
        "type": "message",
        "text": "",
        "files": [
            {
                "id": "FLF2FBH09",
                "created": 1563771353,
                "timestamp": 1563771353,
                "name": "image.png",
                "title": "image.png",
                "mimetype": "image\/png",
                "filetype": "png",
                "pretty_type": "PNG",
                "user": "UJN8D8U3B",
                "editable": false,
                "size": 205584,
                "mode": "hosted",
                "is_external": false,
                "external_type": "",
                "is_public": true,
                "public_url_shared": false,
                "display_as_bot": false,
                "username": "",
                "url_private": "https:\/\/files.slack.com\/files-pri\/TJH5YU202-FLF2FBH09\/image.png?t=xoxe-629202954002-776688371669-763909703378-01ffaa4c4eeda75ea92ad255b32a04e5",
                "url_private_download": "https:\/\/files.slack.com\/files-pri\/TJH5YU202-FLF2FBH09\/download\/image.png?t=xoxe-629202954002-776688371669-763909703378-01ffaa4c4eeda75ea92ad255b32a04e5",
                "thumb_64": "https:\/\/files.slack.com\/files-tmb\/TJH5YU202-FLF2FBH09-7ce90c82d1\/image_64.png?t=xoxe-629202954002-776688371669-763909703378-01ffaa4c4eeda75ea92ad255b32a04e5",
                "thumb_80": "https:\/\/files.slack.com\/files-tmb\/TJH5YU202-FLF2FBH09-7ce90c82d1\/image_80.png?t=xoxe-629202954002-776688371669-763909703378-01ffaa4c4eeda75ea92ad255b32a04e5",
                "thumb_360": "https:\/\/files.slack.com\/files-tmb\/TJH5YU202-FLF2FBH09-7ce90c82d1\/image_360.png?t=xoxe-629202954002-776688371669-763909703378-01ffaa4c4eeda75ea92ad255b32a04e5",
                "thumb_360_w": 360,
                "thumb_360_h": 147,
                "thumb_480": "https:\/\/files.slack.com\/files-tmb\/TJH5YU202-FLF2FBH09-7ce90c82d1\/image_480.png?t=xoxe-629202954002-776688371669-763909703378-01ffaa4c4eeda75ea92ad255b32a04e5",
                "thumb_480_w": 480,
                "thumb_480_h": 196,
                "thumb_160": "https:\/\/files.slack.com\/files-tmb\/TJH5YU202-FLF2FBH09-7ce90c82d1\/image_160.png?t=xoxe-629202954002-776688371669-763909703378-01ffaa4c4eeda75ea92ad255b32a04e5",
                "thumb_720": "https:\/\/files.slack.com\/files-tmb\/TJH5YU202-FLF2FBH09-7ce90c82d1\/image_720.png?t=xoxe-629202954002-776688371669-763909703378-01ffaa4c4eeda75ea92ad255b32a04e5",
                "thumb_720_w": 720,
                "thumb_720_h": 294,
                "thumb_800": "https:\/\/files.slack.com\/files-tmb\/TJH5YU202-FLF2FBH09-7ce90c82d1\/image_800.png?t=xoxe-629202954002-776688371669-763909703378-01ffaa4c4eeda75ea92ad255b32a04e5",
                "thumb_800_w": 800,
                "thumb_800_h": 326,
                "thumb_960": "https:\/\/files.slack.com\/files-tmb\/TJH5YU202-FLF2FBH09-7ce90c82d1\/image_960.png?t=xoxe-629202954002-776688371669-763909703378-01ffaa4c4eeda75ea92ad255b32a04e5",
                "thumb_960_w": 960,
                "thumb_960_h": 392,
                "thumb_1024": "https:\/\/files.slack.com\/files-tmb\/TJH5YU202-FLF2FBH09-7ce90c82d1\/image_1024.png?t=xoxe-629202954002-776688371669-763909703378-01ffaa4c4eeda75ea92ad255b32a04e5",
                "thumb_1024_w": 1024,
                "thumb_1024_h": 418,
                "image_exif_rotation": 1,
                "original_w": 3840,
                "original_h": 1566,
                "permalink": "https:\/\/harbourproject.slack.com\/files\/UJN8D8U3B\/FLF2FBH09\/image.png",
                "permalink_public": "https:\/\/slack-files.com\/TJH5YU202-FLF2FBH09-e6feabf332",
                "is_starred": false,
                "has_rich_preview": false
            }
        ],
        "upload": true,
        "user": "UJN8D8U3B",
        "display_as_bot": false,
        "ts": "1563771357.005900",
        "client_msg_id": "99ba54bd-2a7c-4090-b2ce-65f26eb3f44c"
    },
    {
        "client_msg_id": "06205a11-5994-47bb-994e-82bc475a26a5",
        "type": "message",
        "text": "HTML que te gusta, lo guardas en su diccionario y empiezas a usarlo",
        "user": "UJN8D8U3B",
        "ts": "1563772794.006600",
        "team": "TJH5YU202",
        "user_team": "TJH5YU202",
        "source_team": "TJH5YU202",
        "user_profile": {
            "avatar_hash": "g92ad2abcc45",
            "image_72": "https:\/\/secure.gravatar.com\/avatar\/8492ad2abcc45ce53969adcf8420acde.jpg?s=72&d=https%3A%2F%2Fa.slack-edge.com%2F80588%2Fimg%2Favatars%2Fuser_shapes%2Fava_0008-72.png",
            "first_name": "",
            "real_name": "Antonio Linares",
            "display_name": "Antonio Linares",
            "team": "TJH5YU202",
            "name": "alinares",
            "is_restricted": false,
            "is_ultra_restricted": false
        }
    },
    {
        "client_msg_id": "d3bd8d4b-6406-4da6-8606-eb823738e021",
        "type": "message",
        "text": "Hay que automatizar un OnInit, OnPost, etc...",
        "user": "UJN8D8U3B",
        "ts": "1563772813.007100",
        "team": "TJH5YU202",
        "user_team": "TJH5YU202",
        "source_team": "TJH5YU202",
        "user_profile": {
            "avatar_hash": "g92ad2abcc45",
            "image_72": "https:\/\/secure.gravatar.com\/avatar\/8492ad2abcc45ce53969adcf8420acde.jpg?s=72&d=https%3A%2F%2Fa.slack-edge.com%2F80588%2Fimg%2Favatars%2Fuser_shapes%2Fava_0008-72.png",
            "first_name": "",
            "real_name": "Antonio Linares",
            "display_name": "Antonio Linares",
            "team": "TJH5YU202",
            "name": "alinares",
            "is_restricted": false,
            "is_ultra_restricted": false
        }
    },
    {
        "client_msg_id": "7e2a6054-58f8-42c7-aa89-61a98b3fb177",
        "type": "message",
        "text": "Data-driven 100%",
        "user": "UJN8D8U3B",
        "ts": "1563772821.007300",
        "team": "TJH5YU202",
        "user_team": "TJH5YU202",
        "source_team": "TJH5YU202",
        "user_profile": {
            "avatar_hash": "g92ad2abcc45",
            "image_72": "https:\/\/secure.gravatar.com\/avatar\/8492ad2abcc45ce53969adcf8420acde.jpg?s=72&d=https%3A%2F%2Fa.slack-edge.com%2F80588%2Fimg%2Favatars%2Fuser_shapes%2Fava_0008-72.png",
            "first_name": "",
            "real_name": "Antonio Linares",
            "display_name": "Antonio Linares",
            "team": "TJH5YU202",
            "name": "alinares",
            "is_restricted": false,
            "is_ultra_restricted": false
        }
    },
    {
        "type": "message",
        "text": "",
        "files": [
            {
                "id": "FLA130E90",
                "created": 1563774136,
                "timestamp": 1563774136,
                "name": "image.png",
                "title": "image.png",
                "mimetype": "image\/png",
                "filetype": "png",
                "pretty_type": "PNG",
                "user": "UJN8D8U3B",
                "editable": false,
                "size": 178180,
                "mode": "hosted",
                "is_external": false,
                "external_type": "",
                "is_public": true,
                "public_url_shared": false,
                "display_as_bot": false,
                "username": "",
                "url_private": "https:\/\/files.slack.com\/files-pri\/TJH5YU202-FLA130E90\/image.png?t=xoxe-629202954002-776688371669-763909703378-01ffaa4c4eeda75ea92ad255b32a04e5",
                "url_private_download": "https:\/\/files.slack.com\/files-pri\/TJH5YU202-FLA130E90\/download\/image.png?t=xoxe-629202954002-776688371669-763909703378-01ffaa4c4eeda75ea92ad255b32a04e5",
                "thumb_64": "https:\/\/files.slack.com\/files-tmb\/TJH5YU202-FLA130E90-f95b526c14\/image_64.png?t=xoxe-629202954002-776688371669-763909703378-01ffaa4c4eeda75ea92ad255b32a04e5",
                "thumb_80": "https:\/\/files.slack.com\/files-tmb\/TJH5YU202-FLA130E90-f95b526c14\/image_80.png?t=xoxe-629202954002-776688371669-763909703378-01ffaa4c4eeda75ea92ad255b32a04e5",
                "thumb_360": "https:\/\/files.slack.com\/files-tmb\/TJH5YU202-FLA130E90-f95b526c14\/image_360.png?t=xoxe-629202954002-776688371669-763909703378-01ffaa4c4eeda75ea92ad255b32a04e5",
                "thumb_360_w": 360,
                "thumb_360_h": 247,
                "thumb_480": "https:\/\/files.slack.com\/files-tmb\/TJH5YU202-FLA130E90-f95b526c14\/image_480.png?t=xoxe-629202954002-776688371669-763909703378-01ffaa4c4eeda75ea92ad255b32a04e5",
                "thumb_480_w": 480,
                "thumb_480_h": 329,
                "thumb_160": "https:\/\/files.slack.com\/files-tmb\/TJH5YU202-FLA130E90-f95b526c14\/image_160.png?t=xoxe-629202954002-776688371669-763909703378-01ffaa4c4eeda75ea92ad255b32a04e5",
                "thumb_720": "https:\/\/files.slack.com\/files-tmb\/TJH5YU202-FLA130E90-f95b526c14\/image_720.png?t=xoxe-629202954002-776688371669-763909703378-01ffaa4c4eeda75ea92ad255b32a04e5",
                "thumb_720_w": 720,
                "thumb_720_h": 494,
                "thumb_800": "https:\/\/files.slack.com\/files-tmb\/TJH5YU202-FLA130E90-f95b526c14\/image_800.png?t=xoxe-629202954002-776688371669-763909703378-01ffaa4c4eeda75ea92ad255b32a04e5",
                "thumb_800_w": 800,
                "thumb_800_h": 549,
                "thumb_960": "https:\/\/files.slack.com\/files-tmb\/TJH5YU202-FLA130E90-f95b526c14\/image_960.png?t=xoxe-629202954002-776688371669-763909703378-01ffaa4c4eeda75ea92ad255b32a04e5",
                "thumb_960_w": 960,
                "thumb_960_h": 659,
                "thumb_1024": "https:\/\/files.slack.com\/files-tmb\/TJH5YU202-FLA130E90-f95b526c14\/image_1024.png?t=xoxe-629202954002-776688371669-763909703378-01ffaa4c4eeda75ea92ad255b32a04e5",
                "thumb_1024_w": 1024,
                "thumb_1024_h": 703,
                "image_exif_rotation": 1,
                "original_w": 2561,
                "original_h": 1758,
                "permalink": "https:\/\/harbourproject.slack.com\/files\/UJN8D8U3B\/FLA130E90\/image.png",
                "permalink_public": "https:\/\/slack-files.com\/TJH5YU202-FLA130E90-ac1099f0fa",
                "is_starred": false,
                "has_rich_preview": false
            }
        ],
        "upload": true,
        "user": "UJN8D8U3B",
        "display_as_bot": false,
        "ts": "1563774139.007600",
        "client_msg_id": "db54dd65-936c-4ab6-a0ff-15c46b208673"
    },
    {
        "type": "message",
        "text": "",
        "files": [
            {
                "id": "FLMDQ33D3",
                "created": 1563774867,
                "timestamp": 1563774867,
                "name": "image.png",
                "title": "image.png",
                "mimetype": "image\/png",
                "filetype": "png",
                "pretty_type": "PNG",
                "user": "UJN8D8U3B",
                "editable": false,
                "size": 227523,
                "mode": "hosted",
                "is_external": false,
                "external_type": "",
                "is_public": true,
                "public_url_shared": false,
                "display_as_bot": false,
                "username": "",
                "url_private": "https:\/\/files.slack.com\/files-pri\/TJH5YU202-FLMDQ33D3\/image.png?t=xoxe-629202954002-776688371669-763909703378-01ffaa4c4eeda75ea92ad255b32a04e5",
                "url_private_download": "https:\/\/files.slack.com\/files-pri\/TJH5YU202-FLMDQ33D3\/download\/image.png?t=xoxe-629202954002-776688371669-763909703378-01ffaa4c4eeda75ea92ad255b32a04e5",
                "thumb_64": "https:\/\/files.slack.com\/files-tmb\/TJH5YU202-FLMDQ33D3-995f3bf55f\/image_64.png?t=xoxe-629202954002-776688371669-763909703378-01ffaa4c4eeda75ea92ad255b32a04e5",
                "thumb_80": "https:\/\/files.slack.com\/files-tmb\/TJH5YU202-FLMDQ33D3-995f3bf55f\/image_80.png?t=xoxe-629202954002-776688371669-763909703378-01ffaa4c4eeda75ea92ad255b32a04e5",
                "thumb_360": "https:\/\/files.slack.com\/files-tmb\/TJH5YU202-FLMDQ33D3-995f3bf55f\/image_360.png?t=xoxe-629202954002-776688371669-763909703378-01ffaa4c4eeda75ea92ad255b32a04e5",
                "thumb_360_w": 360,
                "thumb_360_h": 159,
                "thumb_480": "https:\/\/files.slack.com\/files-tmb\/TJH5YU202-FLMDQ33D3-995f3bf55f\/image_480.png?t=xoxe-629202954002-776688371669-763909703378-01ffaa4c4eeda75ea92ad255b32a04e5",
                "thumb_480_w": 480,
                "thumb_480_h": 213,
                "thumb_160": "https:\/\/files.slack.com\/files-tmb\/TJH5YU202-FLMDQ33D3-995f3bf55f\/image_160.png?t=xoxe-629202954002-776688371669-763909703378-01ffaa4c4eeda75ea92ad255b32a04e5",
                "thumb_720": "https:\/\/files.slack.com\/files-tmb\/TJH5YU202-FLMDQ33D3-995f3bf55f\/image_720.png?t=xoxe-629202954002-776688371669-763909703378-01ffaa4c4eeda75ea92ad255b32a04e5",
                "thumb_720_w": 720,
                "thumb_720_h": 319,
                "thumb_800": "https:\/\/files.slack.com\/files-tmb\/TJH5YU202-FLMDQ33D3-995f3bf55f\/image_800.png?t=xoxe-629202954002-776688371669-763909703378-01ffaa4c4eeda75ea92ad255b32a04e5",
                "thumb_800_w": 800,
                "thumb_800_h": 354,
                "thumb_960": "https:\/\/files.slack.com\/files-tmb\/TJH5YU202-FLMDQ33D3-995f3bf55f\/image_960.png?t=xoxe-629202954002-776688371669-763909703378-01ffaa4c4eeda75ea92ad255b32a04e5",
                "thumb_960_w": 960,
                "thumb_960_h": 425,
                "thumb_1024": "https:\/\/files.slack.com\/files-tmb\/TJH5YU202-FLMDQ33D3-995f3bf55f\/image_1024.png?t=xoxe-629202954002-776688371669-763909703378-01ffaa4c4eeda75ea92ad255b32a04e5",
                "thumb_1024_w": 1024,
                "thumb_1024_h": 453,
                "image_exif_rotation": 1,
                "original_w": 3839,
                "original_h": 1700,
                "permalink": "https:\/\/harbourproject.slack.com\/files\/UJN8D8U3B\/FLMDQ33D3\/image.png",
                "permalink_public": "https:\/\/slack-files.com\/TJH5YU202-FLMDQ33D3-2910814542",
                "is_starred": false,
                "has_rich_preview": false
            }
        ],
        "upload": true,
        "user": "UJN8D8U3B",
        "display_as_bot": false,
        "ts": "1563774871.007900",
        "client_msg_id": "6efb3e11-0b15-4565-a3b8-a4eab5f0880e"
    },
    {
        "type": "message",
        "text": "",
        "files": [
            {
                "id": "FLMDEJZSL",
                "created": 1563776065,
                "timestamp": 1563776065,
                "name": "image.png",
                "title": "image.png",
                "mimetype": "image\/png",
                "filetype": "png",
                "pretty_type": "PNG",
                "user": "UJN8D8U3B",
                "editable": false,
                "size": 383980,
                "mode": "hosted",
                "is_external": false,
                "external_type": "",
                "is_public": true,
                "public_url_shared": false,
                "display_as_bot": false,
                "username": "",
                "url_private": "https:\/\/files.slack.com\/files-pri\/TJH5YU202-FLMDEJZSL\/image.png?t=xoxe-629202954002-776688371669-763909703378-01ffaa4c4eeda75ea92ad255b32a04e5",
                "url_private_download": "https:\/\/files.slack.com\/files-pri\/TJH5YU202-FLMDEJZSL\/download\/image.png?t=xoxe-629202954002-776688371669-763909703378-01ffaa4c4eeda75ea92ad255b32a04e5",
                "thumb_64": "https:\/\/files.slack.com\/files-tmb\/TJH5YU202-FLMDEJZSL-c8579fc0d9\/image_64.png?t=xoxe-629202954002-776688371669-763909703378-01ffaa4c4eeda75ea92ad255b32a04e5",
                "thumb_80": "https:\/\/files.slack.com\/files-tmb\/TJH5YU202-FLMDEJZSL-c8579fc0d9\/image_80.png?t=xoxe-629202954002-776688371669-763909703378-01ffaa4c4eeda75ea92ad255b32a04e5",
                "thumb_360": "https:\/\/files.slack.com\/files-tmb\/TJH5YU202-FLMDEJZSL-c8579fc0d9\/image_360.png?t=xoxe-629202954002-776688371669-763909703378-01ffaa4c4eeda75ea92ad255b32a04e5",
                "thumb_360_w": 360,
                "thumb_360_h": 167,
                "thumb_480": "https:\/\/files.slack.com\/files-tmb\/TJH5YU202-FLMDEJZSL-c8579fc0d9\/image_480.png?t=xoxe-629202954002-776688371669-763909703378-01ffaa4c4eeda75ea92ad255b32a04e5",
                "thumb_480_w": 480,
                "thumb_480_h": 223,
                "thumb_160": "https:\/\/files.slack.com\/files-tmb\/TJH5YU202-FLMDEJZSL-c8579fc0d9\/image_160.png?t=xoxe-629202954002-776688371669-763909703378-01ffaa4c4eeda75ea92ad255b32a04e5",
                "thumb_720": "https:\/\/files.slack.com\/files-tmb\/TJH5YU202-FLMDEJZSL-c8579fc0d9\/image_720.png?t=xoxe-629202954002-776688371669-763909703378-01ffaa4c4eeda75ea92ad255b32a04e5",
                "thumb_720_w": 720,
                "thumb_720_h": 335,
                "thumb_800": "https:\/\/files.slack.com\/files-tmb\/TJH5YU202-FLMDEJZSL-c8579fc0d9\/image_800.png?t=xoxe-629202954002-776688371669-763909703378-01ffaa4c4eeda75ea92ad255b32a04e5",
                "thumb_800_w": 800,
                "thumb_800_h": 372,
                "thumb_960": "https:\/\/files.slack.com\/files-tmb\/TJH5YU202-FLMDEJZSL-c8579fc0d9\/image_960.png?t=xoxe-629202954002-776688371669-763909703378-01ffaa4c4eeda75ea92ad255b32a04e5",
                "thumb_960_w": 960,
                "thumb_960_h": 446,
                "thumb_1024": "https:\/\/files.slack.com\/files-tmb\/TJH5YU202-FLMDEJZSL-c8579fc0d9\/image_1024.png?t=xoxe-629202954002-776688371669-763909703378-01ffaa4c4eeda75ea92ad255b32a04e5",
                "thumb_1024_w": 1024,
                "thumb_1024_h": 476,
                "image_exif_rotation": 1,
                "original_w": 3840,
                "original_h": 1784,
                "permalink": "https:\/\/harbourproject.slack.com\/files\/UJN8D8U3B\/FLMDEJZSL\/image.png",
                "permalink_public": "https:\/\/slack-files.com\/TJH5YU202-FLMDEJZSL-78a6a1e2b4",
                "is_starred": false,
                "has_rich_preview": false
            }
        ],
        "upload": true,
        "user": "UJN8D8U3B",
        "display_as_bot": false,
        "ts": "1563776068.008200",
        "client_msg_id": "8c0fd836-dfb7-40cf-873b-678651ceee54"
    },
    {
        "client_msg_id": "23ffb12a-ece6-4639-9cc9-38059be97d2e",
        "type": "message",
        "text": "Bon dia !",
        "user": "UJWR5N32S",
        "ts": "1563777462.008600",
        "team": "TJH5YU202",
        "user_team": "TJH5YU202",
        "source_team": "TJH5YU202",
        "user_profile": {
            "avatar_hash": "273d3745f7ae",
            "image_72": "https:\/\/avatars.slack-edge.com\/2019-05-20\/634344238497_273d3745f7ae1b176b82_72.jpg",
            "first_name": "Charly",
            "real_name": "Charly",
            "display_name": "Charly",
            "team": "TJH5YU202",
            "name": "carles9000",
            "is_restricted": false,
            "is_ultra_restricted": false
        }
    }
]