[
    {
        "client_msg_id": "ce33b470-c500-4f14-a327-3b8f23e50e3c",
        "type": "message",
        "text": "Hola charly no se si estoy en ese chat, me puedes añadir o decirme que chat es",
        "user": "UJWGTCNS3",
        "ts": "1562922495.102600",
        "team": "TJH5YU202",
        "user_team": "TJH5YU202",
        "source_team": "TJH5YU202",
        "user_profile": {
            "avatar_hash": "g5117c62f9fd",
            "image_72": "https:\/\/secure.gravatar.com\/avatar\/d65117c62f9fdee40568ff74546ff940.jpg?s=72&d=https%3A%2F%2Fa.slack-edge.com%2F80588%2Fimg%2Favatars%2Fuser_shapes%2Fava_0021-72.png",
            "first_name": "Andrés",
            "real_name": "Andrés González Alonso",
            "display_name": "Andygon",
            "team": "TJH5YU202",
            "name": "zalezalon",
            "is_restricted": false,
            "is_ultra_restricted": false
        }
    },
    {
        "client_msg_id": "c7eb87a5-a9fd-472d-a95b-6dd1189c5103",
        "type": "message",
        "text": "cual es su nombre",
        "user": "UJWGTCNS3",
        "ts": "1562922554.102900",
        "team": "TJH5YU202",
        "user_team": "TJH5YU202",
        "source_team": "TJH5YU202",
        "user_profile": {
            "avatar_hash": "g5117c62f9fd",
            "image_72": "https:\/\/secure.gravatar.com\/avatar\/d65117c62f9fdee40568ff74546ff940.jpg?s=72&d=https%3A%2F%2Fa.slack-edge.com%2F80588%2Fimg%2Favatars%2Fuser_shapes%2Fava_0021-72.png",
            "first_name": "Andrés",
            "real_name": "Andrés González Alonso",
            "display_name": "Andygon",
            "team": "TJH5YU202",
            "name": "zalezalon",
            "is_restricted": false,
            "is_ultra_restricted": false
        }
    },
    {
        "client_msg_id": "60a95c56-5251-4cea-9af0-1ecd5830e576",
        "type": "message",
        "text": "Es videoconferencia x skype. Si quieres conectarte enviame x privado tu mail o user skype",
        "user": "UJWR5N32S",
        "ts": "1562922651.104800",
        "team": "TJH5YU202",
        "user_team": "TJH5YU202",
        "source_team": "TJH5YU202",
        "user_profile": {
            "avatar_hash": "273d3745f7ae",
            "image_72": "https:\/\/avatars.slack-edge.com\/2019-05-20\/634344238497_273d3745f7ae1b176b82_72.jpg",
            "first_name": "Charly",
            "real_name": "Charly",
            "display_name": "Charly",
            "team": "TJH5YU202",
            "name": "carles9000",
            "is_restricted": false,
            "is_ultra_restricted": false
        }
    },
    {
        "client_msg_id": "b4ca1924-d60d-4646-8a2a-80fff56f6a77",
        "type": "message",
        "text": "ok ahora lo estoy mirando",
        "user": "UJWGTCNS3",
        "ts": "1562922762.105200",
        "team": "TJH5YU202",
        "user_team": "TJH5YU202",
        "source_team": "TJH5YU202",
        "user_profile": {
            "avatar_hash": "g5117c62f9fd",
            "image_72": "https:\/\/secure.gravatar.com\/avatar\/d65117c62f9fdee40568ff74546ff940.jpg?s=72&d=https%3A%2F%2Fa.slack-edge.com%2F80588%2Fimg%2Favatars%2Fuser_shapes%2Fava_0021-72.png",
            "first_name": "Andrés",
            "real_name": "Andrés González Alonso",
            "display_name": "Andygon",
            "team": "TJH5YU202",
            "name": "zalezalon",
            "is_restricted": false,
            "is_ultra_restricted": false
        }
    },
    {
        "client_msg_id": "bc762225-3c36-49e3-a3f5-9bf1c2a661b5",
        "type": "message",
        "text": "no estoy muy experimentado en skype",
        "user": "UJWGTCNS3",
        "ts": "1562923051.105600",
        "team": "TJH5YU202",
        "user_team": "TJH5YU202",
        "source_team": "TJH5YU202",
        "user_profile": {
            "avatar_hash": "g5117c62f9fd",
            "image_72": "https:\/\/secure.gravatar.com\/avatar\/d65117c62f9fdee40568ff74546ff940.jpg?s=72&d=https%3A%2F%2Fa.slack-edge.com%2F80588%2Fimg%2Favatars%2Fuser_shapes%2Fava_0021-72.png",
            "first_name": "Andrés",
            "real_name": "Andrés González Alonso",
            "display_name": "Andygon",
            "team": "TJH5YU202",
            "name": "zalezalon",
            "is_restricted": false,
            "is_ultra_restricted": false
        }
    },
    {
        "client_msg_id": "0a5bb2bb-ec4b-46b7-ac86-4e8eaa4b5d16",
        "type": "message",
        "text": "mi usuario andresgonzalezalonso",
        "user": "UJWGTCNS3",
        "ts": "1562923065.106000",
        "team": "TJH5YU202",
        "user_team": "TJH5YU202",
        "source_team": "TJH5YU202",
        "user_profile": {
            "avatar_hash": "g5117c62f9fd",
            "image_72": "https:\/\/secure.gravatar.com\/avatar\/d65117c62f9fdee40568ff74546ff940.jpg?s=72&d=https%3A%2F%2Fa.slack-edge.com%2F80588%2Fimg%2Favatars%2Fuser_shapes%2Fava_0021-72.png",
            "first_name": "Andrés",
            "real_name": "Andrés González Alonso",
            "display_name": "Andygon",
            "team": "TJH5YU202",
            "name": "zalezalon",
            "is_restricted": false,
            "is_ultra_restricted": false
        }
    },
    {
        "client_msg_id": "291d1296-0728-4d11-86d2-0812f256e4e6",
        "type": "message",
        "text": "te he mandado un hola charly",
        "user": "UJWGTCNS3",
        "ts": "1562923076.106600",
        "team": "TJH5YU202",
        "user_team": "TJH5YU202",
        "source_team": "TJH5YU202",
        "user_profile": {
            "avatar_hash": "g5117c62f9fd",
            "image_72": "https:\/\/secure.gravatar.com\/avatar\/d65117c62f9fdee40568ff74546ff940.jpg?s=72&d=https%3A%2F%2Fa.slack-edge.com%2F80588%2Fimg%2Favatars%2Fuser_shapes%2Fava_0021-72.png",
            "first_name": "Andrés",
            "real_name": "Andrés González Alonso",
            "display_name": "Andygon",
            "team": "TJH5YU202",
            "name": "zalezalon",
            "is_restricted": false,
            "is_ultra_restricted": false
        }
    },
    {
        "client_msg_id": "1fda9bda-c377-47b6-a629-2e2ddadf7da6",
        "type": "message",
        "text": "Como todos :wink:",
        "user": "UJWR5N32S",
        "ts": "1562923081.106700",
        "team": "TJH5YU202",
        "user_team": "TJH5YU202",
        "source_team": "TJH5YU202",
        "user_profile": {
            "avatar_hash": "273d3745f7ae",
            "image_72": "https:\/\/avatars.slack-edge.com\/2019-05-20\/634344238497_273d3745f7ae1b176b82_72.jpg",
            "first_name": "Charly",
            "real_name": "Charly",
            "display_name": "Charly",
            "team": "TJH5YU202",
            "name": "carles9000",
            "is_restricted": false,
            "is_ultra_restricted": false
        }
    },
    {
        "client_msg_id": "3ad9a046-3f50-4ab3-b1e0-eae063d1fa08",
        "type": "message",
        "text": "Estoy fuera ahora. Luego reviso. A las 17 nos vemos",
        "user": "UJWR5N32S",
        "ts": "1562923116.108000",
        "team": "TJH5YU202",
        "user_team": "TJH5YU202",
        "source_team": "TJH5YU202",
        "user_profile": {
            "avatar_hash": "273d3745f7ae",
            "image_72": "https:\/\/avatars.slack-edge.com\/2019-05-20\/634344238497_273d3745f7ae1b176b82_72.jpg",
            "first_name": "Charly",
            "real_name": "Charly",
            "display_name": "Charly",
            "team": "TJH5YU202",
            "name": "carles9000",
            "is_restricted": false,
            "is_ultra_restricted": false
        }
    },
    {
        "client_msg_id": "d380e53d-96be-4450-8a20-910ce1a50e2b",
        "type": "message",
        "text": "como se llama el grupo de skype por si lo puedo buscar",
        "user": "UJWGTCNS3",
        "ts": "1562923158.108100",
        "team": "TJH5YU202",
        "user_team": "TJH5YU202",
        "source_team": "TJH5YU202",
        "user_profile": {
            "avatar_hash": "g5117c62f9fd",
            "image_72": "https:\/\/secure.gravatar.com\/avatar\/d65117c62f9fdee40568ff74546ff940.jpg?s=72&d=https%3A%2F%2Fa.slack-edge.com%2F80588%2Fimg%2Favatars%2Fuser_shapes%2Fava_0021-72.png",
            "first_name": "Andrés",
            "real_name": "Andrés González Alonso",
            "display_name": "Andygon",
            "team": "TJH5YU202",
            "name": "zalezalon",
            "is_restricted": false,
            "is_ultra_restricted": false
        }
    },
    {
        "client_msg_id": "fc762fe6-1f65-476e-89e5-96e676db8f55",
        "type": "message",
        "text": "ok charly sorry",
        "user": "UJWGTCNS3",
        "ts": "1562923166.108400",
        "team": "TJH5YU202",
        "user_team": "TJH5YU202",
        "source_team": "TJH5YU202",
        "user_profile": {
            "avatar_hash": "g5117c62f9fd",
            "image_72": "https:\/\/secure.gravatar.com\/avatar\/d65117c62f9fdee40568ff74546ff940.jpg?s=72&d=https%3A%2F%2Fa.slack-edge.com%2F80588%2Fimg%2Favatars%2Fuser_shapes%2Fava_0021-72.png",
            "first_name": "Andrés",
            "real_name": "Andrés González Alonso",
            "display_name": "Andygon",
            "team": "TJH5YU202",
            "name": "zalezalon",
            "is_restricted": false,
            "is_ultra_restricted": false
        }
    },
    {
        "client_msg_id": "a0fc7355-dff9-4cda-8e3b-9e373aaa2a82",
        "type": "message",
        "text": "<https:\/\/harbour.fourtech.es\/modharbour_samples\/genesis\/index.prg?tasks>",
        "user": "UJN8D8U3B",
        "ts": "1562924086.108600",
        "team": "TJH5YU202",
        "user_team": "TJH5YU202",
        "source_team": "TJH5YU202",
        "user_profile": {
            "avatar_hash": "g92ad2abcc45",
            "image_72": "https:\/\/secure.gravatar.com\/avatar\/8492ad2abcc45ce53969adcf8420acde.jpg?s=72&d=https%3A%2F%2Fa.slack-edge.com%2F80588%2Fimg%2Favatars%2Fuser_shapes%2Fava_0008-72.png",
            "first_name": "",
            "real_name": "Antonio Linares",
            "display_name": "Antonio Linares",
            "team": "TJH5YU202",
            "name": "alinares",
            "is_restricted": false,
            "is_ultra_restricted": false
        }
    },
    {
        "client_msg_id": "a8a3c58d-d0ae-44c7-92b6-f707638f8e92",
        "type": "message",
        "text": "Andygon no te veo por Skype",
        "user": "UJWR5N32S",
        "ts": "1562942969.108900",
        "team": "TJH5YU202",
        "user_team": "TJH5YU202",
        "source_team": "TJH5YU202",
        "user_profile": {
            "avatar_hash": "273d3745f7ae",
            "image_72": "https:\/\/avatars.slack-edge.com\/2019-05-20\/634344238497_273d3745f7ae1b176b82_72.jpg",
            "first_name": "Charly",
            "real_name": "Charly",
            "display_name": "Charly",
            "team": "TJH5YU202",
            "name": "carles9000",
            "is_restricted": false,
            "is_ultra_restricted": false
        }
    },
    {
        "client_msg_id": "efd8eaca-0dcc-49cc-93bb-015af87b7791",
        "type": "message",
        "text": "ya nos pasas tu email y buscamos",
        "user": "UJWR5N32S",
        "ts": "1562942982.109200",
        "team": "TJH5YU202",
        "user_team": "TJH5YU202",
        "source_team": "TJH5YU202",
        "user_profile": {
            "avatar_hash": "273d3745f7ae",
            "image_72": "https:\/\/avatars.slack-edge.com\/2019-05-20\/634344238497_273d3745f7ae1b176b82_72.jpg",
            "first_name": "Charly",
            "real_name": "Charly",
            "display_name": "Charly",
            "team": "TJH5YU202",
            "name": "carles9000",
            "is_restricted": false,
            "is_ultra_restricted": false
        }
    },
    {
        "client_msg_id": "6a42ad5a-6f93-4236-b4a1-4ffb59b4b083",
        "type": "message",
        "text": "Mis disculpas, donde cliente en visita tecnica y no podre conectarme a la video conferencia..... Saludos",
        "user": "UJWGS5U6T",
        "ts": "1562943527.110200",
        "team": "TJH5YU202",
        "user_team": "TJH5YU202",
        "source_team": "TJH5YU202",
        "user_profile": {
            "avatar_hash": "0b8b47b206cd",
            "image_72": "https:\/\/avatars.slack-edge.com\/2019-05-20\/629613076418_0b8b47b206cd906ddd25_72.jpg",
            "first_name": "Adolfo",
            "real_name": "Adolfo Lagos",
            "display_name": "Adolfo Lagos",
            "team": "TJH5YU202",
            "name": "adolfo.lagos",
            "is_restricted": false,
            "is_ultra_restricted": false
        }
    },
    {
        "client_msg_id": "e301b657-3ff2-4f3e-b636-739bc3678ed5",
        "type": "message",
        "text": "<https:\/\/join.skype.com\/eXxLemsXd2bc>",
        "user": "UJWR5N32S",
        "ts": "1562943810.110400",
        "team": "TJH5YU202",
        "user_team": "TJH5YU202",
        "source_team": "TJH5YU202",
        "user_profile": {
            "avatar_hash": "273d3745f7ae",
            "image_72": "https:\/\/avatars.slack-edge.com\/2019-05-20\/634344238497_273d3745f7ae1b176b82_72.jpg",
            "first_name": "Charly",
            "real_name": "Charly",
            "display_name": "Charly",
            "team": "TJH5YU202",
            "name": "carles9000",
            "is_restricted": false,
            "is_ultra_restricted": false
        },
        "attachments": [
            {
                "title": "Skype",
                "title_link": "https:\/\/join.skype.com\/eXxLemsXd2bc",
                "fallback": "Skype",
                "image_url": "https:\/\/join.secure.skypeassets.com\/static\/14.172\/images\/icons\/opengraph_image.png",
                "image_width": 250,
                "image_height": 250,
                "from_url": "https:\/\/join.skype.com\/eXxLemsXd2bc",
                "image_bytes": 28276,
                "service_icon": "https:\/\/join.secure.skypeassets.com\/static\/14.172\/images\/icons\/apple-touch-icon.png",
                "service_name": "join.skype.com",
                "id": 1,
                "original_url": "https:\/\/join.skype.com\/eXxLemsXd2bc"
            }
        ]
    },
    {
        "client_msg_id": "65b75ee6-59ad-408a-9122-f135cf2c748b",
        "type": "message",
        "text": "is it possible to use any javascript framework with mod harbour",
        "user": "UJHD6A81H",
        "ts": "1562949281.111100",
        "team": "TJH5YU202",
        "user_team": "TJH5YU202",
        "source_team": "TJH5YU202",
        "user_profile": {
            "avatar_hash": "g6b8073e00e9",
            "image_72": "https:\/\/secure.gravatar.com\/avatar\/b96b8073e00e9eb02bcf05bc1418eb3a.jpg?s=72&d=https%3A%2F%2Fa.slack-edge.com%2F80588%2Fimg%2Favatars%2Fuser_shapes%2Fava_0021-72.png",
            "first_name": "Otto",
            "real_name": "Otto Atzwanger",
            "display_name": "Otto",
            "team": "TJH5YU202",
            "name": "otto",
            "is_restricted": false,
            "is_ultra_restricted": false
        }
    },
    {
        "client_msg_id": "8f086a31-2130-4957-9551-dcc644047936",
        "type": "message",
        "text": "yes",
        "user": "UJN8D8U3B",
        "ts": "1562950931.111400",
        "team": "TJH5YU202",
        "user_team": "TJH5YU202",
        "source_team": "TJH5YU202",
        "user_profile": {
            "avatar_hash": "g92ad2abcc45",
            "image_72": "https:\/\/secure.gravatar.com\/avatar\/8492ad2abcc45ce53969adcf8420acde.jpg?s=72&d=https%3A%2F%2Fa.slack-edge.com%2F80588%2Fimg%2Favatars%2Fuser_shapes%2Fava_0008-72.png",
            "first_name": "",
            "real_name": "Antonio Linares",
            "display_name": "Antonio Linares",
            "team": "TJH5YU202",
            "name": "alinares",
            "is_restricted": false,
            "is_ultra_restricted": false
        }
    },
    {
        "client_msg_id": "ad5124eb-56e4-462e-bb84-0a24983808e2",
        "type": "message",
        "text": "Buenas a todos. El proyecto de hoy lo poedis encontrar en",
        "user": "UJWR5N32S",
        "ts": "1562952623.112900",
        "team": "TJH5YU202",
        "user_team": "TJH5YU202",
        "source_team": "TJH5YU202",
        "user_profile": {
            "avatar_hash": "273d3745f7ae",
            "image_72": "https:\/\/avatars.slack-edge.com\/2019-05-20\/634344238497_273d3745f7ae1b176b82_72.jpg",
            "first_name": "Charly",
            "real_name": "Charly",
            "display_name": "Charly",
            "team": "TJH5YU202",
            "name": "carles9000",
            "is_restricted": false,
            "is_ultra_restricted": false
        }
    },
    {
        "client_msg_id": "b79d9c81-10fb-4e6a-b187-036bff9a1fa9",
        "type": "message",
        "text": "<https:\/\/github.com\/carles9000\/mvc_mercury>",
        "user": "UJWR5N32S",
        "ts": "1562952625.113000",
        "team": "TJH5YU202",
        "user_team": "TJH5YU202",
        "source_team": "TJH5YU202",
        "user_profile": {
            "avatar_hash": "273d3745f7ae",
            "image_72": "https:\/\/avatars.slack-edge.com\/2019-05-20\/634344238497_273d3745f7ae1b176b82_72.jpg",
            "first_name": "Charly",
            "real_name": "Charly",
            "display_name": "Charly",
            "team": "TJH5YU202",
            "name": "carles9000",
            "is_restricted": false,
            "is_ultra_restricted": false
        },
        "attachments": [
            {
                "service_name": "GitHub",
                "title": "carles9000\/mvc_mercury",
                "title_link": "https:\/\/github.com\/carles9000\/mvc_mercury",
                "text": "MVC Response. Contribute to carles9000\/mvc_mercury development by creating an account on GitHub.",
                "fallback": "GitHub: carles9000\/mvc_mercury",
                "thumb_url": "https:\/\/avatars3.githubusercontent.com\/u\/13433884?s=400&v=4",
                "from_url": "https:\/\/github.com\/carles9000\/mvc_mercury",
                "thumb_width": 170,
                "thumb_height": 170,
                "service_icon": "https:\/\/a.slack-edge.com\/bfaba\/img\/unfurl_icons\/github.png",
                "id": 1,
                "original_url": "https:\/\/github.com\/carles9000\/mvc_mercury"
            }
        ]
    },
    {
        "client_msg_id": "3f86b734-dea7-440d-a195-d84b2db60502",
        "type": "message",
        "text": "Quien quiera el del otro dia esta en",
        "user": "UJWR5N32S",
        "ts": "1562952635.113400",
        "team": "TJH5YU202",
        "user_team": "TJH5YU202",
        "source_team": "TJH5YU202",
        "user_profile": {
            "avatar_hash": "273d3745f7ae",
            "image_72": "https:\/\/avatars.slack-edge.com\/2019-05-20\/634344238497_273d3745f7ae1b176b82_72.jpg",
            "first_name": "Charly",
            "real_name": "Charly",
            "display_name": "Charly",
            "team": "TJH5YU202",
            "name": "carles9000",
            "is_restricted": false,
            "is_ultra_restricted": false
        }
    },
    {
        "client_msg_id": "ffc40988-e42a-476c-a312-14f23b72400e",
        "type": "message",
        "text": "<https:\/\/github.com\/carles9000\/mvc_base>",
        "user": "UJWR5N32S",
        "ts": "1562952669.113600",
        "team": "TJH5YU202",
        "user_team": "TJH5YU202",
        "source_team": "TJH5YU202",
        "user_profile": {
            "avatar_hash": "273d3745f7ae",
            "image_72": "https:\/\/avatars.slack-edge.com\/2019-05-20\/634344238497_273d3745f7ae1b176b82_72.jpg",
            "first_name": "Charly",
            "real_name": "Charly",
            "display_name": "Charly",
            "team": "TJH5YU202",
            "name": "carles9000",
            "is_restricted": false,
            "is_ultra_restricted": false
        },
        "attachments": [
            {
                "service_name": "GitHub",
                "title": "carles9000\/mvc_base",
                "title_link": "https:\/\/github.com\/carles9000\/mvc_base",
                "text": "Ejemplo base de MVC. Contribute to carles9000\/mvc_base development by creating an account on GitHub.",
                "fallback": "GitHub: carles9000\/mvc_base",
                "thumb_url": "https:\/\/avatars3.githubusercontent.com\/u\/13433884?s=400&v=4",
                "from_url": "https:\/\/github.com\/carles9000\/mvc_base",
                "thumb_width": 170,
                "thumb_height": 170,
                "service_icon": "https:\/\/a.slack-edge.com\/bfaba\/img\/unfurl_icons\/github.png",
                "id": 1,
                "original_url": "https:\/\/github.com\/carles9000\/mvc_base"
            }
        ]
    },
    {
        "client_msg_id": "c510b919-1e1b-4743-a78b-4330f59251f3",
        "type": "message",
        "text": "Seguimos... :wink:",
        "user": "UJWR5N32S",
        "ts": "1562952679.114000",
        "team": "TJH5YU202",
        "user_team": "TJH5YU202",
        "source_team": "TJH5YU202",
        "user_profile": {
            "avatar_hash": "273d3745f7ae",
            "image_72": "https:\/\/avatars.slack-edge.com\/2019-05-20\/634344238497_273d3745f7ae1b176b82_72.jpg",
            "first_name": "Charly",
            "real_name": "Charly",
            "display_name": "Charly",
            "team": "TJH5YU202",
            "name": "carles9000",
            "is_restricted": false,
            "is_ultra_restricted": false
        }
    },
    {
        "client_msg_id": "7fd68c7d-6ce9-4820-ba37-4c593399c84b",
        "type": "message",
        "text": "Laravel es un framework de código abierto para desarrollar aplicaciones y servicios web .... Fue creado en 2011",
        "user": "UJWR5N32S",
        "ts": "1562952761.114400",
        "team": "TJH5YU202",
        "user_team": "TJH5YU202",
        "source_team": "TJH5YU202",
        "user_profile": {
            "avatar_hash": "273d3745f7ae",
            "image_72": "https:\/\/avatars.slack-edge.com\/2019-05-20\/634344238497_273d3745f7ae1b176b82_72.jpg",
            "first_name": "Charly",
            "real_name": "Charly",
            "display_name": "Charly",
            "team": "TJH5YU202",
            "name": "carles9000",
            "is_restricted": false,
            "is_ultra_restricted": false
        }
    },
    {
        "client_msg_id": "625a6f4a-7683-4e09-97b6-bf0cef33eeb8",
        "type": "message",
        "text": "Llevamos 1 mes y medio !",
        "user": "UJWR5N32S",
        "ts": "1562952782.114800",
        "team": "TJH5YU202",
        "user_team": "TJH5YU202",
        "source_team": "TJH5YU202",
        "user_profile": {
            "avatar_hash": "273d3745f7ae",
            "image_72": "https:\/\/avatars.slack-edge.com\/2019-05-20\/634344238497_273d3745f7ae1b176b82_72.jpg",
            "first_name": "Charly",
            "real_name": "Charly",
            "display_name": "Charly",
            "team": "TJH5YU202",
            "name": "carles9000",
            "is_restricted": false,
            "is_ultra_restricted": false
        }
    },
    {
        "client_msg_id": "a6747332-3a62-44a3-beff-9187ccdc865b",
        "type": "message",
        "text": "Contesto aqui. No hay doc aun.hasta q no estabilicemos no tiene sentido.",
        "user": "UJWR5N32S",
        "ts": "1562962959.116300",
        "team": "TJH5YU202",
        "user_team": "TJH5YU202",
        "source_team": "TJH5YU202",
        "user_profile": {
            "avatar_hash": "273d3745f7ae",
            "image_72": "https:\/\/avatars.slack-edge.com\/2019-05-20\/634344238497_273d3745f7ae1b176b82_72.jpg",
            "first_name": "Charly",
            "real_name": "Charly",
            "display_name": "Charly",
            "team": "TJH5YU202",
            "name": "carles9000",
            "is_restricted": false,
            "is_ultra_restricted": false
        }
    },
    {
        "type": "message",
        "text": "Video de la charla de hoy...\n<https:\/\/drive.google.com\/file\/d\/1MMx_InTJlqPAEDEn_KytQ14Cc6TUnoZF\/view?usp=sharing>",
        "files": [
            {
                "id": "FLDCF6621",
                "created": 1562963784,
                "timestamp": 1562963784,
                "name": "HFW_20190712.mp4",
                "title": "HFW_20190712.mp4",
                "mimetype": "video\/mp4",
                "filetype": "mp4",
                "pretty_type": "MPEG 4 Video",
                "user": "UJU3NMK0U",
                "editable": false,
                "size": 948161522,
                "mode": "external",
                "is_external": true,
                "external_type": "gdrive",
                "is_public": true,
                "public_url_shared": false,
                "display_as_bot": false,
                "username": "",
                "url_private": "https:\/\/drive.google.com\/file\/d\/1MMx_InTJlqPAEDEn_KytQ14Cc6TUnoZF\/view?usp=sharing",
                "permalink": "https:\/\/harbourproject.slack.com\/files\/UJU3NMK0U\/FLDCF6621\/hfw_20190712.mp4",
                "is_starred": false,
                "external_id": "1MMx_InTJlqPAEDEn_KytQ14Cc6TUnoZF",
                "external_url": "https:\/\/drive.google.com\/file\/d\/1MMx_InTJlqPAEDEn_KytQ14Cc6TUnoZF\/view?usp=sharing",
                "has_rich_preview": false
            }
        ],
        "upload": false,
        "user": "UJU3NMK0U",
        "display_as_bot": false,
        "x_files": [
            "FLDCF6621"
        ],
        "ts": "1562963774.116700",
        "client_msg_id": "e4c9ebb0-e682-4a03-b8c2-530d6df28e26",
        "thread_ts": "1562963774.116700",
        "reply_count": 1,
        "reply_users_count": 1,
        "latest_reply": "1562975401.117100",
        "reply_users": [
            "UJUFNFMFE"
        ],
        "replies": [
            {
                "user": "UJUFNFMFE",
                "ts": "1562975401.117100"
            }
        ],
        "subscribed": false
    },
    {
        "client_msg_id": "565ac07f-5744-47c4-859f-3141c6862040",
        "type": "message",
        "text": "Gracias Xevi que susto hoy, menos mal que no perdimos la grabacion ja  Saludos",
        "user": "UJUFNFMFE",
        "ts": "1562975401.117100",
        "team": "TJH5YU202",
        "user_team": "TJH5YU202",
        "source_team": "TJH5YU202",
        "user_profile": {
            "avatar_hash": "aa4e40c137f0",
            "image_72": "https:\/\/avatars.slack-edge.com\/2019-05-21\/630419446595_aa4e40c137f03c23b9cd_72.jpg",
            "first_name": "Marcelo",
            "real_name": "Marcelo Roggeri",
            "display_name": "Marcelo Roggeri",
            "team": "TJH5YU202",
            "name": "roggerimarcelo",
            "is_restricted": false,
            "is_ultra_restricted": false
        },
        "thread_ts": "1562963774.116700",
        "parent_user_id": "UJU3NMK0U"
    },
    {
        "client_msg_id": "51a076de-5096-400e-8080-7b086ef213c2",
        "type": "message",
        "text": "Bon dia joves ! :wink:",
        "user": "UJWR5N32S",
        "ts": "1562993569.117700",
        "team": "TJH5YU202",
        "user_team": "TJH5YU202",
        "source_team": "TJH5YU202",
        "user_profile": {
            "avatar_hash": "273d3745f7ae",
            "image_72": "https:\/\/avatars.slack-edge.com\/2019-05-20\/634344238497_273d3745f7ae1b176b82_72.jpg",
            "first_name": "Charly",
            "real_name": "Charly",
            "display_name": "Charly",
            "team": "TJH5YU202",
            "name": "carles9000",
            "is_restricted": false,
            "is_ultra_restricted": false
        }
    },
    {
        "client_msg_id": "a1b818d7-6a8d-4bd2-bfb1-a30980c08826",
        "type": "message",
        "text": "buenos dias :sunny:",
        "user": "UJN8D8U3B",
        "ts": "1562995884.118000",
        "team": "TJH5YU202",
        "user_team": "TJH5YU202",
        "source_team": "TJH5YU202",
        "user_profile": {
            "avatar_hash": "g92ad2abcc45",
            "image_72": "https:\/\/secure.gravatar.com\/avatar\/8492ad2abcc45ce53969adcf8420acde.jpg?s=72&d=https%3A%2F%2Fa.slack-edge.com%2F80588%2Fimg%2Favatars%2Fuser_shapes%2Fava_0008-72.png",
            "first_name": "",
            "real_name": "Antonio Linares",
            "display_name": "Antonio Linares",
            "team": "TJH5YU202",
            "name": "alinares",
            "is_restricted": false,
            "is_ultra_restricted": false
        }
    },
    {
        "type": "message",
        "text": "",
        "files": [
            {
                "id": "FL26FE2KC",
                "created": 1562996099,
                "timestamp": 1562996099,
                "name": "image.png",
                "title": "image.png",
                "mimetype": "image\/png",
                "filetype": "png",
                "pretty_type": "PNG",
                "user": "UJWR5N32S",
                "editable": false,
                "size": 113023,
                "mode": "hosted",
                "is_external": false,
                "external_type": "",
                "is_public": true,
                "public_url_shared": false,
                "display_as_bot": false,
                "username": "",
                "url_private": "https:\/\/files.slack.com\/files-pri\/TJH5YU202-FL26FE2KC\/image.png?t=xoxe-629202954002-776688371669-763909703378-01ffaa4c4eeda75ea92ad255b32a04e5",
                "url_private_download": "https:\/\/files.slack.com\/files-pri\/TJH5YU202-FL26FE2KC\/download\/image.png?t=xoxe-629202954002-776688371669-763909703378-01ffaa4c4eeda75ea92ad255b32a04e5",
                "thumb_64": "https:\/\/files.slack.com\/files-tmb\/TJH5YU202-FL26FE2KC-8b4e1816db\/image_64.png?t=xoxe-629202954002-776688371669-763909703378-01ffaa4c4eeda75ea92ad255b32a04e5",
                "thumb_80": "https:\/\/files.slack.com\/files-tmb\/TJH5YU202-FL26FE2KC-8b4e1816db\/image_80.png?t=xoxe-629202954002-776688371669-763909703378-01ffaa4c4eeda75ea92ad255b32a04e5",
                "thumb_360": "https:\/\/files.slack.com\/files-tmb\/TJH5YU202-FL26FE2KC-8b4e1816db\/image_360.png?t=xoxe-629202954002-776688371669-763909703378-01ffaa4c4eeda75ea92ad255b32a04e5",
                "thumb_360_w": 360,
                "thumb_360_h": 269,
                "thumb_480": "https:\/\/files.slack.com\/files-tmb\/TJH5YU202-FL26FE2KC-8b4e1816db\/image_480.png?t=xoxe-629202954002-776688371669-763909703378-01ffaa4c4eeda75ea92ad255b32a04e5",
                "thumb_480_w": 480,
                "thumb_480_h": 359,
                "thumb_160": "https:\/\/files.slack.com\/files-tmb\/TJH5YU202-FL26FE2KC-8b4e1816db\/image_160.png?t=xoxe-629202954002-776688371669-763909703378-01ffaa4c4eeda75ea92ad255b32a04e5",
                "thumb_720": "https:\/\/files.slack.com\/files-tmb\/TJH5YU202-FL26FE2KC-8b4e1816db\/image_720.png?t=xoxe-629202954002-776688371669-763909703378-01ffaa4c4eeda75ea92ad255b32a04e5",
                "thumb_720_w": 720,
                "thumb_720_h": 538,
                "thumb_800": "https:\/\/files.slack.com\/files-tmb\/TJH5YU202-FL26FE2KC-8b4e1816db\/image_800.png?t=xoxe-629202954002-776688371669-763909703378-01ffaa4c4eeda75ea92ad255b32a04e5",
                "thumb_800_w": 800,
                "thumb_800_h": 598,
                "image_exif_rotation": 1,
                "original_w": 856,
                "original_h": 640,
                "permalink": "https:\/\/harbourproject.slack.com\/files\/UJWR5N32S\/FL26FE2KC\/image.png",
                "permalink_public": "https:\/\/slack-files.com\/TJH5YU202-FL26FE2KC-5e7326b840",
                "is_starred": false,
                "has_rich_preview": false
            }
        ],
        "upload": true,
        "user": "UJWR5N32S",
        "display_as_bot": false,
        "ts": "1562996102.118100",
        "client_msg_id": "59c7e555-68bc-4680-bd9f-a5b947cac763",
        "reactions": [
            {
                "name": "+1",
                "users": [
                    "UJUFNFMFE",
                    "UJJNSR2V8"
                ],
                "count": 2
            }
        ]
    },
    {
        "client_msg_id": "7f8b8ea5-2847-4274-9853-ef70bf3c18cc",
        "type": "message",
        "text": "Como lo veis ?",
        "user": "UJWR5N32S",
        "ts": "1562996111.118500",
        "team": "TJH5YU202",
        "user_team": "TJH5YU202",
        "source_team": "TJH5YU202",
        "user_profile": {
            "avatar_hash": "273d3745f7ae",
            "image_72": "https:\/\/avatars.slack-edge.com\/2019-05-20\/634344238497_273d3745f7ae1b176b82_72.jpg",
            "first_name": "Charly",
            "real_name": "Charly",
            "display_name": "Charly",
            "team": "TJH5YU202",
            "name": "carles9000",
            "is_restricted": false,
            "is_ultra_restricted": false
        }
    },
    {
        "client_msg_id": "84323b07-1072-4ee7-aec6-ef57a4e7b1fa",
        "type": "message",
        "text": ":ok_hand: super",
        "user": "UJN8D8U3B",
        "ts": "1562996421.118700",
        "team": "TJH5YU202",
        "user_team": "TJH5YU202",
        "source_team": "TJH5YU202",
        "user_profile": {
            "avatar_hash": "g92ad2abcc45",
            "image_72": "https:\/\/secure.gravatar.com\/avatar\/8492ad2abcc45ce53969adcf8420acde.jpg?s=72&d=https%3A%2F%2Fa.slack-edge.com%2F80588%2Fimg%2Favatars%2Fuser_shapes%2Fava_0008-72.png",
            "first_name": "",
            "real_name": "Antonio Linares",
            "display_name": "Antonio Linares",
            "team": "TJH5YU202",
            "name": "alinares",
            "is_restricted": false,
            "is_ultra_restricted": false
        }
    }
]