[
    {
        "client_msg_id": "8508c787-fd67-45f4-a43d-160aa8824df5",
        "type": "message",
        "text": "mira a ver que error emitio y lo copias aqui",
        "user": "UJN8D8U3B",
        "ts": "1558941058.134900",
        "team": "TJH5YU202",
        "user_team": "TJH5YU202",
        "source_team": "TJH5YU202",
        "user_profile": {
            "avatar_hash": "g92ad2abcc45",
            "image_72": "https:\/\/secure.gravatar.com\/avatar\/8492ad2abcc45ce53969adcf8420acde.jpg?s=72&d=https%3A%2F%2Fa.slack-edge.com%2F80588%2Fimg%2Favatars%2Fuser_shapes%2Fava_0008-72.png",
            "first_name": "",
            "real_name": "Antonio Linares",
            "display_name": "Antonio Linares",
            "team": "TJH5YU202",
            "name": "alinares",
            "is_restricted": false,
            "is_ultra_restricted": false
        }
    },
    {
        "client_msg_id": "d44a8519-6614-46a6-915b-a45322cb3e60",
        "type": "message",
        "text": "En cuanto termine ,si me da error lo copio;  Esta vez fue mas tardado pero hay va ... te comento, es un raspberry pi 3b+ con un SSD como usb-boot",
        "user": "UJUSD6VB2",
        "ts": "1558941358.136700",
        "team": "TJH5YU202",
        "user_team": "TJH5YU202",
        "source_team": "TJH5YU202",
        "user_profile": {
            "avatar_hash": "g1677a02d0b6",
            "image_72": "https:\/\/secure.gravatar.com\/avatar\/bb1677a02d0b69ba91eb245090c7c83a.jpg?s=72&d=https%3A%2F%2Fa.slack-edge.com%2F80588%2Fimg%2Favatars%2Fuser_shapes%2Fava_0015-72.png",
            "first_name": "",
            "real_name": "Osvaldo Ramirez",
            "display_name": "Osvaldo Ramirez",
            "team": "TJH5YU202",
            "name": "ramirezosvaldo",
            "is_restricted": false,
            "is_ultra_restricted": false
        }
    },
    {
        "client_msg_id": "29ec4c96-581b-4654-88a9-2d88e5814a21",
        "type": "message",
        "text": "Listo!",
        "user": "UJUSD6VB2",
        "ts": "1558941969.136900",
        "team": "TJH5YU202",
        "user_team": "TJH5YU202",
        "source_team": "TJH5YU202",
        "user_profile": {
            "avatar_hash": "g1677a02d0b6",
            "image_72": "https:\/\/secure.gravatar.com\/avatar\/bb1677a02d0b69ba91eb245090c7c83a.jpg?s=72&d=https%3A%2F%2Fa.slack-edge.com%2F80588%2Fimg%2Favatars%2Fuser_shapes%2Fava_0015-72.png",
            "first_name": "",
            "real_name": "Osvaldo Ramirez",
            "display_name": "Osvaldo Ramirez",
            "team": "TJH5YU202",
            "name": "ramirezosvaldo",
            "is_restricted": false,
            "is_ultra_restricted": false
        }
    },
    {
        "client_msg_id": "8a79bb6d-586b-4eb7-8c14-82fb94353a72",
        "type": "message",
        "text": "Al parecer fue error de la export que tecle mal",
        "user": "UJUSD6VB2",
        "ts": "1558941982.137300",
        "team": "TJH5YU202",
        "user_team": "TJH5YU202",
        "source_team": "TJH5YU202",
        "user_profile": {
            "avatar_hash": "g1677a02d0b6",
            "image_72": "https:\/\/secure.gravatar.com\/avatar\/bb1677a02d0b69ba91eb245090c7c83a.jpg?s=72&d=https%3A%2F%2Fa.slack-edge.com%2F80588%2Fimg%2Favatars%2Fuser_shapes%2Fava_0015-72.png",
            "first_name": "",
            "real_name": "Osvaldo Ramirez",
            "display_name": "Osvaldo Ramirez",
            "team": "TJH5YU202",
            "name": "ramirezosvaldo",
            "is_restricted": false,
            "is_ultra_restricted": false
        }
    },
    {
        "client_msg_id": "4d4d436c-eb13-4578-b24b-4a2ac60d58ba",
        "type": "message",
        "text": "y ahize pull request",
        "user": "UJUSD6VB2",
        "ts": "1558941990.137600",
        "team": "TJH5YU202",
        "user_team": "TJH5YU202",
        "source_team": "TJH5YU202",
        "user_profile": {
            "avatar_hash": "g1677a02d0b6",
            "image_72": "https:\/\/secure.gravatar.com\/avatar\/bb1677a02d0b69ba91eb245090c7c83a.jpg?s=72&d=https%3A%2F%2Fa.slack-edge.com%2F80588%2Fimg%2Favatars%2Fuser_shapes%2Fava_0015-72.png",
            "first_name": "",
            "real_name": "Osvaldo Ramirez",
            "display_name": "Osvaldo Ramirez",
            "team": "TJH5YU202",
            "name": "ramirezosvaldo",
            "is_restricted": false,
            "is_ultra_restricted": false
        }
    },
    {
        "client_msg_id": "ebcb36f6-8d95-42b1-af07-54bc273d2cba",
        "type": "message",
        "text": "Antonio, voy a dormi un rato y ya mas tarde veo  o bien me comentas si me falto algo",
        "user": "UJUSD6VB2",
        "ts": "1558942010.138100",
        "team": "TJH5YU202",
        "user_team": "TJH5YU202",
        "source_team": "TJH5YU202",
        "user_profile": {
            "avatar_hash": "g1677a02d0b6",
            "image_72": "https:\/\/secure.gravatar.com\/avatar\/bb1677a02d0b69ba91eb245090c7c83a.jpg?s=72&d=https%3A%2F%2Fa.slack-edge.com%2F80588%2Fimg%2Favatars%2Fuser_shapes%2Fava_0015-72.png",
            "first_name": "",
            "real_name": "Osvaldo Ramirez",
            "display_name": "Osvaldo Ramirez",
            "team": "TJH5YU202",
            "name": "ramirezosvaldo",
            "is_restricted": false,
            "is_ultra_restricted": false
        }
    },
    {
        "client_msg_id": "faa069ae-d45d-4ca3-b9e0-9ede2e929bd4",
        "type": "message",
        "text": "De nueva cuenta, gracias!!!!!",
        "user": "UJUSD6VB2",
        "ts": "1558942016.138400",
        "team": "TJH5YU202",
        "user_team": "TJH5YU202",
        "source_team": "TJH5YU202",
        "user_profile": {
            "avatar_hash": "g1677a02d0b6",
            "image_72": "https:\/\/secure.gravatar.com\/avatar\/bb1677a02d0b69ba91eb245090c7c83a.jpg?s=72&d=https%3A%2F%2Fa.slack-edge.com%2F80588%2Fimg%2Favatars%2Fuser_shapes%2Fava_0015-72.png",
            "first_name": "",
            "real_name": "Osvaldo Ramirez",
            "display_name": "Osvaldo Ramirez",
            "team": "TJH5YU202",
            "name": "ramirezosvaldo",
            "is_restricted": false,
            "is_ultra_restricted": false
        }
    },
    {
        "client_msg_id": "59c8b07a-030a-41f3-93bd-e7056b2181b8",
        "type": "message",
        "text": "Instalando OpenSUSE Leap 15.1",
        "user": "UJK7SNX51",
        "ts": "1558942412.138800",
        "team": "TJH5YU202",
        "user_team": "TJH5YU202",
        "source_team": "TJH5YU202",
        "user_profile": {
            "avatar_hash": "6698a9ba696b",
            "image_72": "https:\/\/avatars.slack-edge.com\/2019-07-04\/673660529330_6698a9ba696bad01eb8c_72.jpg",
            "first_name": "Baxajaun",
            "real_name": "Baxajaun",
            "display_name": "Baxajaun",
            "team": "TJH5YU202",
            "name": "fpgrande",
            "is_restricted": false,
            "is_ultra_restricted": false
        }
    },
    {
        "client_msg_id": "379202c2-650d-4a2d-aa13-0f2aa77ceb67",
        "type": "message",
        "text": "En un ratito espero tener harbour y mod_harbour para OpenSUSE",
        "user": "UJK7SNX51",
        "ts": "1558942435.139400",
        "team": "TJH5YU202",
        "user_team": "TJH5YU202",
        "source_team": "TJH5YU202",
        "user_profile": {
            "avatar_hash": "6698a9ba696b",
            "image_72": "https:\/\/avatars.slack-edge.com\/2019-07-04\/673660529330_6698a9ba696bad01eb8c_72.jpg",
            "first_name": "Baxajaun",
            "real_name": "Baxajaun",
            "display_name": "Baxajaun",
            "team": "TJH5YU202",
            "name": "fpgrande",
            "is_restricted": false,
            "is_ultra_restricted": false
        }
    },
    {
        "client_msg_id": "E72C50B2-3B5A-4A6A-9039-C2BE46A62F76",
        "type": "message",
        "text": "Gracias a ti Osvaldo ",
        "user": "UJN8D8U3B",
        "ts": "1558943741.139800",
        "team": "TJH5YU202",
        "user_team": "TJH5YU202",
        "source_team": "TJH5YU202",
        "user_profile": {
            "avatar_hash": "g92ad2abcc45",
            "image_72": "https:\/\/secure.gravatar.com\/avatar\/8492ad2abcc45ce53969adcf8420acde.jpg?s=72&d=https%3A%2F%2Fa.slack-edge.com%2F80588%2Fimg%2Favatars%2Fuser_shapes%2Fava_0008-72.png",
            "first_name": "",
            "real_name": "Antonio Linares",
            "display_name": "Antonio Linares",
            "team": "TJH5YU202",
            "name": "alinares",
            "is_restricted": false,
            "is_ultra_restricted": false
        }
    },
    {
        "client_msg_id": "5CC4DE96-7EA6-4C5A-892B-6D0E5922534B",
        "type": "message",
        "text": "Gracias Felix ",
        "user": "UJN8D8U3B",
        "ts": "1558943756.140100",
        "team": "TJH5YU202",
        "user_team": "TJH5YU202",
        "source_team": "TJH5YU202",
        "user_profile": {
            "avatar_hash": "g92ad2abcc45",
            "image_72": "https:\/\/secure.gravatar.com\/avatar\/8492ad2abcc45ce53969adcf8420acde.jpg?s=72&d=https%3A%2F%2Fa.slack-edge.com%2F80588%2Fimg%2Favatars%2Fuser_shapes%2Fava_0008-72.png",
            "first_name": "",
            "real_name": "Antonio Linares",
            "display_name": "Antonio Linares",
            "team": "TJH5YU202",
            "name": "alinares",
            "is_restricted": false,
            "is_ultra_restricted": false
        }
    },
    {
        "client_msg_id": "0336A7DB-6D62-415B-AC3A-DF6013182B30",
        "type": "message",
        "text": "Osvaldo no me llegó tu pull request",
        "user": "UJN8D8U3B",
        "ts": "1558943927.140600",
        "team": "TJH5YU202",
        "user_team": "TJH5YU202",
        "source_team": "TJH5YU202",
        "user_profile": {
            "avatar_hash": "g92ad2abcc45",
            "image_72": "https:\/\/secure.gravatar.com\/avatar\/8492ad2abcc45ce53969adcf8420acde.jpg?s=72&d=https%3A%2F%2Fa.slack-edge.com%2F80588%2Fimg%2Favatars%2Fuser_shapes%2Fava_0008-72.png",
            "first_name": "",
            "real_name": "Antonio Linares",
            "display_name": "Antonio Linares",
            "team": "TJH5YU202",
            "name": "alinares",
            "is_restricted": false,
            "is_ultra_restricted": false
        }
    },
    {
        "client_msg_id": "EF464978-A05F-49ED-A886-A7CE05C3B159",
        "type": "message",
        "text": "Revísalo cuando puedas gracias",
        "user": "UJN8D8U3B",
        "ts": "1558943939.141100",
        "team": "TJH5YU202",
        "user_team": "TJH5YU202",
        "source_team": "TJH5YU202",
        "user_profile": {
            "avatar_hash": "g92ad2abcc45",
            "image_72": "https:\/\/secure.gravatar.com\/avatar\/8492ad2abcc45ce53969adcf8420acde.jpg?s=72&d=https%3A%2F%2Fa.slack-edge.com%2F80588%2Fimg%2Favatars%2Fuser_shapes%2Fava_0008-72.png",
            "first_name": "",
            "real_name": "Antonio Linares",
            "display_name": "Antonio Linares",
            "team": "TJH5YU202",
            "name": "alinares",
            "is_restricted": false,
            "is_ultra_restricted": false
        }
    },
    {
        "client_msg_id": "ce198231-19ef-459e-bcf8-07207902deb1",
        "type": "message",
        "text": "Antonio, he vuelto a salir, pero este code te ah de servir para testear el post. Es lo mas simple posible",
        "user": "UJWR5N32S",
        "ts": "1558945296.141800",
        "team": "TJH5YU202",
        "user_team": "TJH5YU202",
        "source_team": "TJH5YU202",
        "user_profile": {
            "avatar_hash": "273d3745f7ae",
            "image_72": "https:\/\/avatars.slack-edge.com\/2019-05-20\/634344238497_273d3745f7ae1b176b82_72.jpg",
            "first_name": "Charly",
            "real_name": "Charly",
            "display_name": "Charly",
            "team": "TJH5YU202",
            "name": "carles9000",
            "is_restricted": false,
            "is_ultra_restricted": false
        }
    },
    {
        "type": "message",
        "text": "",
        "files": [
            {
                "id": "FK0RNACSU",
                "created": 1558945339,
                "timestamp": 1558945339,
                "name": "-.txt",
                "title": "Sin título",
                "mimetype": "text\/plain",
                "filetype": "text",
                "pretty_type": "Plain Text",
                "user": "UJWR5N32S",
                "editable": true,
                "size": 474,
                "mode": "snippet",
                "is_external": false,
                "external_type": "",
                "is_public": true,
                "public_url_shared": false,
                "display_as_bot": false,
                "username": "",
                "url_private": "https:\/\/files.slack.com\/files-pri\/TJH5YU202-FK0RNACSU\/-.txt?t=xoxe-629202954002-776688371669-763909703378-01ffaa4c4eeda75ea92ad255b32a04e5",
                "url_private_download": "https:\/\/files.slack.com\/files-pri\/TJH5YU202-FK0RNACSU\/download\/-.txt?t=xoxe-629202954002-776688371669-763909703378-01ffaa4c4eeda75ea92ad255b32a04e5",
                "permalink": "https:\/\/harbourproject.slack.com\/files\/UJWR5N32S\/FK0RNACSU\/-.txt",
                "permalink_public": "https:\/\/slack-files.com\/TJH5YU202-FK0RNACSU-f544c69ba5",
                "edit_link": "https:\/\/harbourproject.slack.com\/files\/UJWR5N32S\/FK0RNACSU\/-.txt\/edit",
                "is_starred": false,
                "has_rich_preview": false
            }
        ],
        "upload": true,
        "user": "UJWR5N32S",
        "display_as_bot": false,
        "ts": "1558945339.141900"
    },
    {
        "client_msg_id": "ebc1fe01-96f3-4399-80c1-4bd63e4ec51f",
        "type": "message",
        "text": "No lo he podido probar",
        "user": "UJWR5N32S",
        "ts": "1558945353.142400",
        "team": "TJH5YU202",
        "user_team": "TJH5YU202",
        "source_team": "TJH5YU202",
        "user_profile": {
            "avatar_hash": "273d3745f7ae",
            "image_72": "https:\/\/avatars.slack-edge.com\/2019-05-20\/634344238497_273d3745f7ae1b176b82_72.jpg",
            "first_name": "Charly",
            "real_name": "Charly",
            "display_name": "Charly",
            "team": "TJH5YU202",
            "name": "carles9000",
            "is_restricted": false,
            "is_ultra_restricted": false
        }
    },
    {
        "client_msg_id": "a8957297-17b7-41e3-850c-6ff2e7d55601",
        "type": "message",
        "text": "Para probar...\n<http:\/\/xevicomas.no-ip.org\/test\/testpost.prg>",
        "user": "UJU3NMK0U",
        "ts": "1558946691.142900",
        "team": "TJH5YU202",
        "user_team": "TJH5YU202",
        "source_team": "TJH5YU202",
        "user_profile": {
            "avatar_hash": "48f1b9655122",
            "image_72": "https:\/\/avatars.slack-edge.com\/2019-05-20\/640143784356_48f1b96551220d9fdd4d_72.jpg",
            "first_name": "Xevi",
            "real_name": "Xevi",
            "display_name": "Xevi",
            "team": "TJH5YU202",
            "name": "xevicomas",
            "is_restricted": false,
            "is_ultra_restricted": false
        }
    },
    {
        "client_msg_id": "82c12187-8161-4e79-9275-8330d689e25b",
        "type": "message",
        "text": "Pendiente de revisa la api del post",
        "user": "UJWR5N32S",
        "ts": "1558946740.143200",
        "team": "TJH5YU202",
        "user_team": "TJH5YU202",
        "source_team": "TJH5YU202",
        "user_profile": {
            "avatar_hash": "273d3745f7ae",
            "image_72": "https:\/\/avatars.slack-edge.com\/2019-05-20\/634344238497_273d3745f7ae1b176b82_72.jpg",
            "first_name": "Charly",
            "real_name": "Charly",
            "display_name": "Charly",
            "team": "TJH5YU202",
            "name": "carles9000",
            "is_restricted": false,
            "is_ultra_restricted": false
        }
    },
    {
        "client_msg_id": "84aa8f4d-591f-4172-a27a-b4826fd8b3c3",
        "type": "message",
        "text": "Construida libharbour.so.3.2.0 en OpenSUSE LEAP 15.1 :wink:",
        "user": "UJK7SNX51",
        "ts": "1558949068.143800",
        "team": "TJH5YU202",
        "user_team": "TJH5YU202",
        "source_team": "TJH5YU202",
        "user_profile": {
            "avatar_hash": "6698a9ba696b",
            "image_72": "https:\/\/avatars.slack-edge.com\/2019-07-04\/673660529330_6698a9ba696bad01eb8c_72.jpg",
            "first_name": "Baxajaun",
            "real_name": "Baxajaun",
            "display_name": "Baxajaun",
            "team": "TJH5YU202",
            "name": "fpgrande",
            "is_restricted": false,
            "is_ultra_restricted": false
        }
    },
    {
        "client_msg_id": "5e13028a-f39c-46fa-9b50-8ea65aab14b9",
        "type": "message",
        "text": "Creado mod_harbour en OpenSUSE LEAP 15.1",
        "user": "UJK7SNX51",
        "ts": "1558950640.144400",
        "team": "TJH5YU202",
        "user_team": "TJH5YU202",
        "source_team": "TJH5YU202",
        "user_profile": {
            "avatar_hash": "6698a9ba696b",
            "image_72": "https:\/\/avatars.slack-edge.com\/2019-07-04\/673660529330_6698a9ba696bad01eb8c_72.jpg",
            "first_name": "Baxajaun",
            "real_name": "Baxajaun",
            "display_name": "Baxajaun",
            "team": "TJH5YU202",
            "name": "fpgrande",
            "is_restricted": false,
            "is_ultra_restricted": false
        }
    },
    {
        "client_msg_id": "82072338-51d9-44b3-bcc7-bb779a9d75ba",
        "type": "message",
        "text": "Creando pequeño documento con la instalación",
        "user": "UJK7SNX51",
        "ts": "1558950680.145000",
        "team": "TJH5YU202",
        "user_team": "TJH5YU202",
        "source_team": "TJH5YU202",
        "user_profile": {
            "avatar_hash": "6698a9ba696b",
            "image_72": "https:\/\/avatars.slack-edge.com\/2019-07-04\/673660529330_6698a9ba696bad01eb8c_72.jpg",
            "first_name": "Baxajaun",
            "real_name": "Baxajaun",
            "display_name": "Baxajaun",
            "team": "TJH5YU202",
            "name": "fpgrande",
            "is_restricted": false,
            "is_ultra_restricted": false
        }
    },
    {
        "client_msg_id": "8a95be2d-957f-4734-ba1a-79466a9dbf8c",
        "type": "message",
        "text": "Hola todos :smile:",
        "user": "UJWU1NLQ6",
        "ts": "1558957748.145200",
        "team": "TJH5YU202",
        "user_team": "TJH5YU202",
        "source_team": "TJH5YU202",
        "user_profile": {
            "avatar_hash": "034d5c7f6e05",
            "image_72": "https:\/\/avatars.slack-edge.com\/2019-05-20\/640791937568_034d5c7f6e05e4dd4551_72.jpg",
            "first_name": "Lailton",
            "real_name": "Lailton Fernando Mariano",
            "display_name": "Lailton",
            "team": "TJH5YU202",
            "name": "lailton",
            "is_restricted": false,
            "is_ultra_restricted": false
        }
    },
    {
        "client_msg_id": "99253c16-eb2f-49c1-8617-bfc44a3e7a40",
        "type": "message",
        "text": "Antonio,\nTiene visto lo mio mod_harbour.c donde se pode aggregar el PATH para el Harbour ( .so, .dll, dylib ) ?",
        "user": "UJWU1NLQ6",
        "ts": "1558957802.145800",
        "team": "TJH5YU202",
        "user_team": "TJH5YU202",
        "source_team": "TJH5YU202",
        "user_profile": {
            "avatar_hash": "034d5c7f6e05",
            "image_72": "https:\/\/avatars.slack-edge.com\/2019-05-20\/640791937568_034d5c7f6e05e4dd4551_72.jpg",
            "first_name": "Lailton",
            "real_name": "Lailton Fernando Mariano",
            "display_name": "Lailton",
            "team": "TJH5YU202",
            "name": "lailton",
            "is_restricted": false,
            "is_ultra_restricted": false
        }
    },
    {
        "client_msg_id": "4d58f595-f376-4d98-9ee1-992128cb0fed",
        "type": "message",
        "text": "com este fichero podemos hacer el uso de mod_harbour.c para todos OS",
        "user": "UJWU1NLQ6",
        "ts": "1558957820.146200",
        "team": "TJH5YU202",
        "user_team": "TJH5YU202",
        "source_team": "TJH5YU202",
        "user_profile": {
            "avatar_hash": "034d5c7f6e05",
            "image_72": "https:\/\/avatars.slack-edge.com\/2019-05-20\/640791937568_034d5c7f6e05e4dd4551_72.jpg",
            "first_name": "Lailton",
            "real_name": "Lailton Fernando Mariano",
            "display_name": "Lailton",
            "team": "TJH5YU202",
            "name": "lailton",
            "is_restricted": false,
            "is_ultra_restricted": false
        }
    },
    {
        "client_msg_id": "977f0312-534a-42b2-a56a-e2c63a33318e",
        "type": "message",
        "text": "win, linux y osx",
        "user": "UJWU1NLQ6",
        "ts": "1558957826.146500",
        "team": "TJH5YU202",
        "user_team": "TJH5YU202",
        "source_team": "TJH5YU202",
        "user_profile": {
            "avatar_hash": "034d5c7f6e05",
            "image_72": "https:\/\/avatars.slack-edge.com\/2019-05-20\/640791937568_034d5c7f6e05e4dd4551_72.jpg",
            "first_name": "Lailton",
            "real_name": "Lailton Fernando Mariano",
            "display_name": "Lailton",
            "team": "TJH5YU202",
            "name": "lailton",
            "is_restricted": false,
            "is_ultra_restricted": false
        }
    },
    {
        "client_msg_id": "46a6fc4b-0c44-4611-9da5-f225e7a7f8eb",
        "type": "message",
        "text": "y tambien pode hacer alguna function para pegar el valor del path para aggregar a una carpeta donde tienes lo .CH ( includes de harbour )",
        "user": "UJWU1NLQ6",
        "ts": "1558957869.147200",
        "team": "TJH5YU202",
        "user_team": "TJH5YU202",
        "source_team": "TJH5YU202",
        "user_profile": {
            "avatar_hash": "034d5c7f6e05",
            "image_72": "https:\/\/avatars.slack-edge.com\/2019-05-20\/640791937568_034d5c7f6e05e4dd4551_72.jpg",
            "first_name": "Lailton",
            "real_name": "Lailton Fernando Mariano",
            "display_name": "Lailton",
            "team": "TJH5YU202",
            "name": "lailton",
            "is_restricted": false,
            "is_ultra_restricted": false
        }
    },
    {
        "client_msg_id": "633cdcc3-2305-40a4-9ddc-bbb729c61e95",
        "type": "message",
        "text": "asi fica todos compativel con lo miesmo codigo",
        "user": "UJWU1NLQ6",
        "ts": "1558957878.147500",
        "team": "TJH5YU202",
        "user_team": "TJH5YU202",
        "source_team": "TJH5YU202",
        "user_profile": {
            "avatar_hash": "034d5c7f6e05",
            "image_72": "https:\/\/avatars.slack-edge.com\/2019-05-20\/640791937568_034d5c7f6e05e4dd4551_72.jpg",
            "first_name": "Lailton",
            "real_name": "Lailton Fernando Mariano",
            "display_name": "Lailton",
            "team": "TJH5YU202",
            "name": "lailton",
            "is_restricted": false,
            "is_ultra_restricted": false
        }
    },
    {
        "client_msg_id": "fb97132a-1f9b-49ec-969a-aebecab47b0c",
        "type": "message",
        "text": "Tambien pode ativar el uso del .htaccess para facilitar la configuracion del harbour para apache :smile:\nY tudo que necessita hacer es:\n\n.htaccess\nDirectoryIndex main.prg\nAddHandler harbour .prg\n&lt;FilesMatch \"\\.(prg)$\"&gt;\n    HarbourPath \"\/usr\/local\/apache\/htdocs\/\"\n    HarbourLib \"libharbour.3.2.0.dylib\"\n&lt;\/FilesMatch&gt;",
        "user": "UJWU1NLQ6",
        "ts": "1558957969.148300",
        "team": "TJH5YU202",
        "user_team": "TJH5YU202",
        "source_team": "TJH5YU202",
        "user_profile": {
            "avatar_hash": "034d5c7f6e05",
            "image_72": "https:\/\/avatars.slack-edge.com\/2019-05-20\/640791937568_034d5c7f6e05e4dd4551_72.jpg",
            "first_name": "Lailton",
            "real_name": "Lailton Fernando Mariano",
            "display_name": "Lailton",
            "team": "TJH5YU202",
            "name": "lailton",
            "is_restricted": false,
            "is_ultra_restricted": false
        }
    },
    {
        "client_msg_id": "a7095aff-ec17-4283-932b-8e1d0f482297",
        "type": "message",
        "text": "Felix eres un fiera :wink:",
        "user": "UJN8D8U3B",
        "ts": "1558971210.148900",
        "team": "TJH5YU202",
        "user_team": "TJH5YU202",
        "source_team": "TJH5YU202",
        "user_profile": {
            "avatar_hash": "g92ad2abcc45",
            "image_72": "https:\/\/secure.gravatar.com\/avatar\/8492ad2abcc45ce53969adcf8420acde.jpg?s=72&d=https%3A%2F%2Fa.slack-edge.com%2F80588%2Fimg%2Favatars%2Fuser_shapes%2Fava_0008-72.png",
            "first_name": "",
            "real_name": "Antonio Linares",
            "display_name": "Antonio Linares",
            "team": "TJH5YU202",
            "name": "alinares",
            "is_restricted": false,
            "is_ultra_restricted": false
        }
    },
    {
        "client_msg_id": "31ee761f-bd2e-42d7-805c-4dfeb17d6f10",
        "type": "message",
        "text": "Lailton muito obrigado :hugging_face:",
        "user": "UJN8D8U3B",
        "ts": "1558971234.149400",
        "team": "TJH5YU202",
        "user_team": "TJH5YU202",
        "source_team": "TJH5YU202",
        "user_profile": {
            "avatar_hash": "g92ad2abcc45",
            "image_72": "https:\/\/secure.gravatar.com\/avatar\/8492ad2abcc45ce53969adcf8420acde.jpg?s=72&d=https%3A%2F%2Fa.slack-edge.com%2F80588%2Fimg%2Favatars%2Fuser_shapes%2Fava_0008-72.png",
            "first_name": "",
            "real_name": "Antonio Linares",
            "display_name": "Antonio Linares",
            "team": "TJH5YU202",
            "name": "alinares",
            "is_restricted": false,
            "is_ultra_restricted": false
        }
    },
    {
        "client_msg_id": "92302dae-77d5-490a-b8ec-4244f28b8d7f",
        "type": "message",
        "text": "Hello Antonio, What is the best way to keep modharbour up to date?",
        "user": "UJXFG9D2S",
        "ts": "1558973958.149900",
        "team": "TJH5YU202",
        "user_team": "TJH5YU202",
        "source_team": "TJH5YU202",
        "user_profile": {
            "avatar_hash": "a243fc96fe44",
            "image_72": "https:\/\/avatars.slack-edge.com\/2019-07-16\/684757739954_a243fc96fe44a9514065_72.jpg",
            "first_name": "",
            "real_name": "Maurizio",
            "display_name": "Maurizio",
            "team": "TJH5YU202",
            "name": "info703",
            "is_restricted": false,
            "is_ultra_restricted": false
        }
    },
    {
        "client_msg_id": "57a6c152-69f8-4687-942a-ff874baee565",
        "type": "message",
        "text": "if you are a mod_harbour first time user:",
        "user": "UJN8D8U3B",
        "ts": "1558974290.150400",
        "team": "TJH5YU202",
        "user_team": "TJH5YU202",
        "source_team": "TJH5YU202",
        "user_profile": {
            "avatar_hash": "g92ad2abcc45",
            "image_72": "https:\/\/secure.gravatar.com\/avatar\/8492ad2abcc45ce53969adcf8420acde.jpg?s=72&d=https%3A%2F%2Fa.slack-edge.com%2F80588%2Fimg%2Favatars%2Fuser_shapes%2Fava_0008-72.png",
            "first_name": "",
            "real_name": "Antonio Linares",
            "display_name": "Antonio Linares",
            "team": "TJH5YU202",
            "name": "alinares",
            "is_restricted": false,
            "is_ultra_restricted": false
        }
    },
    {
        "client_msg_id": "ab0bcae6-80e2-4015-9324-9df1dbcf8fd8",
        "type": "message",
        "text": "git clone <https:\/\/github.com\/fivetechsoft\/mod_harbour>",
        "user": "UJN8D8U3B",
        "ts": "1558974310.150800",
        "team": "TJH5YU202",
        "user_team": "TJH5YU202",
        "source_team": "TJH5YU202",
        "user_profile": {
            "avatar_hash": "g92ad2abcc45",
            "image_72": "https:\/\/secure.gravatar.com\/avatar\/8492ad2abcc45ce53969adcf8420acde.jpg?s=72&d=https%3A%2F%2Fa.slack-edge.com%2F80588%2Fimg%2Favatars%2Fuser_shapes%2Fava_0008-72.png",
            "first_name": "",
            "real_name": "Antonio Linares",
            "display_name": "Antonio Linares",
            "team": "TJH5YU202",
            "name": "alinares",
            "is_restricted": false,
            "is_ultra_restricted": false
        },
        "attachments": [
            {
                "service_name": "GitHub",
                "title": "FiveTechSoft\/mod_harbour",
                "title_link": "https:\/\/github.com\/fivetechsoft\/mod_harbour",
                "text": "Apache mod for Harbour. Contribute to FiveTechSoft\/mod_harbour development by creating an account on GitHub.",
                "fallback": "GitHub: FiveTechSoft\/mod_harbour",
                "from_url": "https:\/\/github.com\/fivetechsoft\/mod_harbour",
                "thumb_url": "https:\/\/repository-images.githubusercontent.com\/186821405\/052d6000-7f03-11e9-85fa-9472623f216c",
                "thumb_width": 190,
                "thumb_height": 191,
                "service_icon": "https:\/\/a.slack-edge.com\/bfaba\/img\/unfurl_icons\/github.png",
                "id": 1,
                "original_url": "https:\/\/github.com\/fivetechsoft\/mod_harbour"
            }
        ]
    },
    {
        "client_msg_id": "5a74edc3-dcc3-46d8-bf90-4b68606d8b7d",
        "type": "message",
        "text": "once you have already cloned it, simply go to mod_harbour folder and do:",
        "user": "UJN8D8U3B",
        "ts": "1558974334.151400",
        "team": "TJH5YU202",
        "user_team": "TJH5YU202",
        "source_team": "TJH5YU202",
        "user_profile": {
            "avatar_hash": "g92ad2abcc45",
            "image_72": "https:\/\/secure.gravatar.com\/avatar\/8492ad2abcc45ce53969adcf8420acde.jpg?s=72&d=https%3A%2F%2Fa.slack-edge.com%2F80588%2Fimg%2Favatars%2Fuser_shapes%2Fava_0008-72.png",
            "first_name": "",
            "real_name": "Antonio Linares",
            "display_name": "Antonio Linares",
            "team": "TJH5YU202",
            "name": "alinares",
            "is_restricted": false,
            "is_ultra_restricted": false
        }
    },
    {
        "client_msg_id": "bf02ae35-cd89-473b-b72b-cd4df35e6c6b",
        "type": "message",
        "text": "git pull",
        "user": "UJN8D8U3B",
        "ts": "1558974338.151600",
        "team": "TJH5YU202",
        "user_team": "TJH5YU202",
        "source_team": "TJH5YU202",
        "user_profile": {
            "avatar_hash": "g92ad2abcc45",
            "image_72": "https:\/\/secure.gravatar.com\/avatar\/8492ad2abcc45ce53969adcf8420acde.jpg?s=72&d=https%3A%2F%2Fa.slack-edge.com%2F80588%2Fimg%2Favatars%2Fuser_shapes%2Fava_0008-72.png",
            "first_name": "",
            "real_name": "Antonio Linares",
            "display_name": "Antonio Linares",
            "team": "TJH5YU202",
            "name": "alinares",
            "is_restricted": false,
            "is_ultra_restricted": false
        }
    },
    {
        "client_msg_id": "1793eaad-db15-4dc9-898f-b6c887739c55",
        "type": "message",
        "text": "You should do the same above steps for <https:\/\/github.com\/fivetechsoft\/harbour_for_modharbour>",
        "user": "UJN8D8U3B",
        "ts": "1558974374.152400",
        "team": "TJH5YU202",
        "user_team": "TJH5YU202",
        "source_team": "TJH5YU202",
        "user_profile": {
            "avatar_hash": "g92ad2abcc45",
            "image_72": "https:\/\/secure.gravatar.com\/avatar\/8492ad2abcc45ce53969adcf8420acde.jpg?s=72&d=https%3A%2F%2Fa.slack-edge.com%2F80588%2Fimg%2Favatars%2Fuser_shapes%2Fava_0008-72.png",
            "first_name": "",
            "real_name": "Antonio Linares",
            "display_name": "Antonio Linares",
            "team": "TJH5YU202",
            "name": "alinares",
            "is_restricted": false,
            "is_ultra_restricted": false
        },
        "attachments": [
            {
                "service_name": "GitHub",
                "title": "FiveTechSoft\/harbour_for_modHarbour",
                "title_link": "https:\/\/github.com\/fivetechsoft\/harbour_for_modharbour",
                "text": "Contribute to FiveTechSoft\/harbour_for_modHarbour development by creating an account on GitHub.",
                "fallback": "GitHub: FiveTechSoft\/harbour_for_modHarbour",
                "thumb_url": "https:\/\/avatars3.githubusercontent.com\/u\/10235217?s=400&v=4",
                "from_url": "https:\/\/github.com\/fivetechsoft\/harbour_for_modharbour",
                "thumb_width": 400,
                "thumb_height": 400,
                "service_icon": "https:\/\/a.slack-edge.com\/bfaba\/img\/unfurl_icons\/github.png",
                "id": 1,
                "original_url": "https:\/\/github.com\/fivetechsoft\/harbour_for_modharbour"
            }
        ]
    },
    {
        "client_msg_id": "82d7715a-3af1-499e-8033-19399c772829",
        "type": "message",
        "text": "in case that you ever plan to build it entirely yourself",
        "user": "UJN8D8U3B",
        "ts": "1558974388.152900",
        "team": "TJH5YU202",
        "user_team": "TJH5YU202",
        "source_team": "TJH5YU202",
        "user_profile": {
            "avatar_hash": "g92ad2abcc45",
            "image_72": "https:\/\/secure.gravatar.com\/avatar\/8492ad2abcc45ce53969adcf8420acde.jpg?s=72&d=https%3A%2F%2Fa.slack-edge.com%2F80588%2Fimg%2Favatars%2Fuser_shapes%2Fava_0008-72.png",
            "first_name": "",
            "real_name": "Antonio Linares",
            "display_name": "Antonio Linares",
            "team": "TJH5YU202",
            "name": "alinares",
            "is_restricted": false,
            "is_ultra_restricted": false
        }
    },
    {
        "client_msg_id": "0dd24935-36a1-479f-b345-c1438e5d09ed",
        "type": "message",
        "text": "harbour_for_modharbour is a fork of official Harbour with some little required changes",
        "user": "UJN8D8U3B",
        "ts": "1558974434.153500",
        "team": "TJH5YU202",
        "user_team": "TJH5YU202",
        "source_team": "TJH5YU202",
        "user_profile": {
            "avatar_hash": "g92ad2abcc45",
            "image_72": "https:\/\/secure.gravatar.com\/avatar\/8492ad2abcc45ce53969adcf8420acde.jpg?s=72&d=https%3A%2F%2Fa.slack-edge.com%2F80588%2Fimg%2Favatars%2Fuser_shapes%2Fava_0008-72.png",
            "first_name": "",
            "real_name": "Antonio Linares",
            "display_name": "Antonio Linares",
            "team": "TJH5YU202",
            "name": "alinares",
            "is_restricted": false,
            "is_ultra_restricted": false
        }
    },
    {
        "client_msg_id": "2057f0cb-0014-4111-990d-5ffaa1680cb5",
        "type": "message",
        "text": "just to include the compiler library inside libharbour.so.3.2.0",
        "user": "UJN8D8U3B",
        "ts": "1558974463.154100",
        "team": "TJH5YU202",
        "user_team": "TJH5YU202",
        "source_team": "TJH5YU202",
        "user_profile": {
            "avatar_hash": "g92ad2abcc45",
            "image_72": "https:\/\/secure.gravatar.com\/avatar\/8492ad2abcc45ce53969adcf8420acde.jpg?s=72&d=https%3A%2F%2Fa.slack-edge.com%2F80588%2Fimg%2Favatars%2Fuser_shapes%2Fava_0008-72.png",
            "first_name": "",
            "real_name": "Antonio Linares",
            "display_name": "Antonio Linares",
            "team": "TJH5YU202",
            "name": "alinares",
            "is_restricted": false,
            "is_ultra_restricted": false
        }
    },
    {
        "client_msg_id": "b19119af-d19b-4303-8bf7-0bdbf323b2a2",
        "type": "message",
        "text": "official libharbour.so.3.2.0 does not include it, thats why we keep this fork to automatize the changes :slightly_smiling_face:",
        "user": "UJN8D8U3B",
        "ts": "1558974504.155000",
        "team": "TJH5YU202",
        "user_team": "TJH5YU202",
        "source_team": "TJH5YU202",
        "user_profile": {
            "avatar_hash": "g92ad2abcc45",
            "image_72": "https:\/\/secure.gravatar.com\/avatar\/8492ad2abcc45ce53969adcf8420acde.jpg?s=72&d=https%3A%2F%2Fa.slack-edge.com%2F80588%2Fimg%2Favatars%2Fuser_shapes%2Fava_0008-72.png",
            "first_name": "",
            "real_name": "Antonio Linares",
            "display_name": "Antonio Linares",
            "team": "TJH5YU202",
            "name": "alinares",
            "is_restricted": false,
            "is_ultra_restricted": false
        }
    },
    {
        "client_msg_id": "8a61fd56-6739-4875-b4ca-b7b4a709d5dc",
        "type": "message",
        "text": "New build already available:",
        "user": "UJN8D8U3B",
        "ts": "1558976646.155400",
        "team": "TJH5YU202",
        "user_team": "TJH5YU202",
        "source_team": "TJH5YU202",
        "user_profile": {
            "avatar_hash": "g92ad2abcc45",
            "image_72": "https:\/\/secure.gravatar.com\/avatar\/8492ad2abcc45ce53969adcf8420acde.jpg?s=72&d=https%3A%2F%2Fa.slack-edge.com%2F80588%2Fimg%2Favatars%2Fuser_shapes%2Fava_0008-72.png",
            "first_name": "",
            "real_name": "Antonio Linares",
            "display_name": "Antonio Linares",
            "team": "TJH5YU202",
            "name": "alinares",
            "is_restricted": false,
            "is_ultra_restricted": false
        }
    },
    {
        "client_msg_id": "69b812da-8c72-4782-a80d-6200c7c9754c",
        "type": "message",
        "text": "<https:\/\/github.com\/FiveTechSoft\/mod_harbour\/tree\/master\/linux\/Ubuntu%2018.04\/20190527>",
        "user": "UJN8D8U3B",
        "ts": "1558976698.155600",
        "team": "TJH5YU202",
        "user_team": "TJH5YU202",
        "source_team": "TJH5YU202",
        "user_profile": {
            "avatar_hash": "g92ad2abcc45",
            "image_72": "https:\/\/secure.gravatar.com\/avatar\/8492ad2abcc45ce53969adcf8420acde.jpg?s=72&d=https%3A%2F%2Fa.slack-edge.com%2F80588%2Fimg%2Favatars%2Fuser_shapes%2Fava_0008-72.png",
            "first_name": "",
            "real_name": "Antonio Linares",
            "display_name": "Antonio Linares",
            "team": "TJH5YU202",
            "name": "alinares",
            "is_restricted": false,
            "is_ultra_restricted": false
        },
        "attachments": [
            {
                "service_name": "GitHub",
                "title": "FiveTechSoft\/mod_harbour",
                "title_link": "https:\/\/github.com\/FiveTechSoft\/mod_harbour\/tree\/master\/linux\/Ubuntu%2018.04\/20190527",
                "text": "Apache mod for Harbour. Contribute to FiveTechSoft\/mod_harbour development by creating an account on GitHub.",
                "fallback": "GitHub: FiveTechSoft\/mod_harbour",
                "from_url": "https:\/\/github.com\/FiveTechSoft\/mod_harbour\/tree\/master\/linux\/Ubuntu%2018.04\/20190527",
                "thumb_url": "https:\/\/repository-images.githubusercontent.com\/186821405\/052d6000-7f03-11e9-85fa-9472623f216c",
                "thumb_width": 190,
                "thumb_height": 191,
                "service_icon": "https:\/\/a.slack-edge.com\/bfaba\/img\/unfurl_icons\/github.png",
                "id": 1,
                "original_url": "https:\/\/github.com\/FiveTechSoft\/mod_harbour\/tree\/master\/linux\/Ubuntu%2018.04\/20190527"
            }
        ]
    },
    {
        "client_msg_id": "16ab1025-a26b-491d-82f7-687888ca7fc2",
        "type": "message",
        "text": "POST operations already available",
        "user": "UJN8D8U3B",
        "ts": "1558976711.156000",
        "team": "TJH5YU202",
        "user_team": "TJH5YU202",
        "source_team": "TJH5YU202",
        "user_profile": {
            "avatar_hash": "g92ad2abcc45",
            "image_72": "https:\/\/secure.gravatar.com\/avatar\/8492ad2abcc45ce53969adcf8420acde.jpg?s=72&d=https%3A%2F%2Fa.slack-edge.com%2F80588%2Fimg%2Favatars%2Fuser_shapes%2Fava_0008-72.png",
            "first_name": "",
            "real_name": "Antonio Linares",
            "display_name": "Antonio Linares",
            "team": "TJH5YU202",
            "name": "alinares",
            "is_restricted": false,
            "is_ultra_restricted": false
        }
    },
    {
        "client_msg_id": "620a3e0c-92c0-4ccf-8cfe-90588be26254",
        "type": "message",
        "text": "Please review the new samples\/post.prg",
        "user": "UJN8D8U3B",
        "ts": "1558976732.156500",
        "team": "TJH5YU202",
        "user_team": "TJH5YU202",
        "source_team": "TJH5YU202",
        "user_profile": {
            "avatar_hash": "g92ad2abcc45",
            "image_72": "https:\/\/secure.gravatar.com\/avatar\/8492ad2abcc45ce53969adcf8420acde.jpg?s=72&d=https%3A%2F%2Fa.slack-edge.com%2F80588%2Fimg%2Favatars%2Fuser_shapes%2Fava_0008-72.png",
            "first_name": "",
            "real_name": "Antonio Linares",
            "display_name": "Antonio Linares",
            "team": "TJH5YU202",
            "name": "alinares",
            "is_restricted": false,
            "is_ultra_restricted": false
        }
    },
    {
        "client_msg_id": "716360e3-62bc-4f48-9b38-3e51600b9cc9",
        "type": "message",
        "text": "Write any username and any password, and post.prg jumps to postpairs.prg to retrieve the posted info",
        "user": "UJN8D8U3B",
        "ts": "1558976761.157100",
        "team": "TJH5YU202",
        "user_team": "TJH5YU202",
        "source_team": "TJH5YU202",
        "user_profile": {
            "avatar_hash": "g92ad2abcc45",
            "image_72": "https:\/\/secure.gravatar.com\/avatar\/8492ad2abcc45ce53969adcf8420acde.jpg?s=72&d=https%3A%2F%2Fa.slack-edge.com%2F80588%2Fimg%2Favatars%2Fuser_shapes%2Fava_0008-72.png",
            "first_name": "",
            "real_name": "Antonio Linares",
            "display_name": "Antonio Linares",
            "team": "TJH5YU202",
            "name": "alinares",
            "is_restricted": false,
            "is_ultra_restricted": false
        }
    },
    {
        "client_msg_id": "851e396d-6ecb-4211-bfb0-1a67fa397f9b",
        "type": "message",
        "text": "<https:\/\/harbour.fourtech.es\/mod_harbour_examples\/post.prg>",
        "user": "UJN8D8U3B",
        "ts": "1558979191.157300",
        "team": "TJH5YU202",
        "user_team": "TJH5YU202",
        "source_team": "TJH5YU202",
        "user_profile": {
            "avatar_hash": "g92ad2abcc45",
            "image_72": "https:\/\/secure.gravatar.com\/avatar\/8492ad2abcc45ce53969adcf8420acde.jpg?s=72&d=https%3A%2F%2Fa.slack-edge.com%2F80588%2Fimg%2Favatars%2Fuser_shapes%2Fava_0008-72.png",
            "first_name": "",
            "real_name": "Antonio Linares",
            "display_name": "Antonio Linares",
            "team": "TJH5YU202",
            "name": "alinares",
            "is_restricted": false,
            "is_ultra_restricted": false
        }
    },
    {
        "client_msg_id": "48638e11-46a8-4f10-b04f-efffef9e135d",
        "type": "message",
        "text": "Antonio, buenas tardes, no se si hizo el pull request",
        "user": "UJUSD6VB2",
        "ts": "1558979460.157800",
        "team": "TJH5YU202",
        "user_team": "TJH5YU202",
        "source_team": "TJH5YU202",
        "user_profile": {
            "avatar_hash": "g1677a02d0b6",
            "image_72": "https:\/\/secure.gravatar.com\/avatar\/bb1677a02d0b69ba91eb245090c7c83a.jpg?s=72&d=https%3A%2F%2Fa.slack-edge.com%2F80588%2Fimg%2Favatars%2Fuser_shapes%2Fava_0015-72.png",
            "first_name": "",
            "real_name": "Osvaldo Ramirez",
            "display_name": "Osvaldo Ramirez",
            "team": "TJH5YU202",
            "name": "ramirezosvaldo",
            "is_restricted": false,
            "is_ultra_restricted": false
        },
        "edited": {
            "user": "UJUSD6VB2",
            "ts": "1558979952.000000"
        }
    },
    {
        "client_msg_id": "C5943887-463B-4B21-8073-FAAA453A7D15",
        "type": "message",
        "text": "No me ha llegado",
        "user": "UJN8D8U3B",
        "ts": "1558982695.158300",
        "team": "TJH5YU202",
        "user_team": "TJH5YU202",
        "source_team": "TJH5YU202",
        "user_profile": {
            "avatar_hash": "g92ad2abcc45",
            "image_72": "https:\/\/secure.gravatar.com\/avatar\/8492ad2abcc45ce53969adcf8420acde.jpg?s=72&d=https%3A%2F%2Fa.slack-edge.com%2F80588%2Fimg%2Favatars%2Fuser_shapes%2Fava_0008-72.png",
            "first_name": "",
            "real_name": "Antonio Linares",
            "display_name": "Antonio Linares",
            "team": "TJH5YU202",
            "name": "alinares",
            "is_restricted": false,
            "is_ultra_restricted": false
        }
    },
    {
        "client_msg_id": "DC0AF90A-7EDF-41E3-A26C-6D61118195BD",
        "type": "message",
        "text": "Tienes que ir <https:\/\/github.com\/FiveTechsoft\/mod_harbour>",
        "user": "UJN8D8U3B",
        "ts": "1558982750.159700",
        "team": "TJH5YU202",
        "user_team": "TJH5YU202",
        "source_team": "TJH5YU202",
        "user_profile": {
            "avatar_hash": "g92ad2abcc45",
            "image_72": "https:\/\/secure.gravatar.com\/avatar\/8492ad2abcc45ce53969adcf8420acde.jpg?s=72&d=https%3A%2F%2Fa.slack-edge.com%2F80588%2Fimg%2Favatars%2Fuser_shapes%2Fava_0008-72.png",
            "first_name": "",
            "real_name": "Antonio Linares",
            "display_name": "Antonio Linares",
            "team": "TJH5YU202",
            "name": "alinares",
            "is_restricted": false,
            "is_ultra_restricted": false
        },
        "attachments": [
            {
                "service_name": "GitHub",
                "title": "FiveTechSoft\/mod_harbour",
                "title_link": "https:\/\/github.com\/FiveTechsoft\/mod_harbour",
                "text": "Apache mod for Harbour. Contribute to FiveTechSoft\/mod_harbour development by creating an account on GitHub.",
                "fallback": "GitHub: FiveTechSoft\/mod_harbour",
                "from_url": "https:\/\/github.com\/FiveTechsoft\/mod_harbour",
                "thumb_url": "https:\/\/repository-images.githubusercontent.com\/186821405\/052d6000-7f03-11e9-85fa-9472623f216c",
                "thumb_width": 190,
                "thumb_height": 191,
                "service_icon": "https:\/\/a.slack-edge.com\/bfaba\/img\/unfurl_icons\/github.png",
                "id": 1,
                "original_url": "https:\/\/github.com\/FiveTechsoft\/mod_harbour"
            }
        ]
    },
    {
        "client_msg_id": "2FF6B394-64A5-45C7-9B3F-08C4714B4EFE",
        "type": "message",
        "text": "Y pulsar en pull request ",
        "user": "UJN8D8U3B",
        "ts": "1558982789.160500",
        "team": "TJH5YU202",
        "user_team": "TJH5YU202",
        "source_team": "TJH5YU202",
        "user_profile": {
            "avatar_hash": "g92ad2abcc45",
            "image_72": "https:\/\/secure.gravatar.com\/avatar\/8492ad2abcc45ce53969adcf8420acde.jpg?s=72&d=https%3A%2F%2Fa.slack-edge.com%2F80588%2Fimg%2Favatars%2Fuser_shapes%2Fava_0008-72.png",
            "first_name": "",
            "real_name": "Antonio Linares",
            "display_name": "Antonio Linares",
            "team": "TJH5YU202",
            "name": "alinares",
            "is_restricted": false,
            "is_ultra_restricted": false
        }
    },
    {
        "client_msg_id": "5E1A3419-2D52-4C24-9599-6474A27A94A2",
        "type": "message",
        "text": "Si me llego y ya está añadido :clap::skin-tone-2::clap::skin-tone-2::clap::skin-tone-2:",
        "user": "UJN8D8U3B",
        "ts": "1558983118.161000",
        "team": "TJH5YU202",
        "user_team": "TJH5YU202",
        "source_team": "TJH5YU202",
        "user_profile": {
            "avatar_hash": "g92ad2abcc45",
            "image_72": "https:\/\/secure.gravatar.com\/avatar\/8492ad2abcc45ce53969adcf8420acde.jpg?s=72&d=https%3A%2F%2Fa.slack-edge.com%2F80588%2Fimg%2Favatars%2Fuser_shapes%2Fava_0008-72.png",
            "first_name": "",
            "real_name": "Antonio Linares",
            "display_name": "Antonio Linares",
            "team": "TJH5YU202",
            "name": "alinares",
            "is_restricted": false,
            "is_ultra_restricted": false
        }
    },
    {
        "client_msg_id": "A2B5A466-567C-41D0-A5ED-685DFA67A157",
        "type": "message",
        "text": "Muchas gracias Osvaldo !!!",
        "user": "UJN8D8U3B",
        "ts": "1558983134.161500",
        "team": "TJH5YU202",
        "user_team": "TJH5YU202",
        "source_team": "TJH5YU202",
        "user_profile": {
            "avatar_hash": "g92ad2abcc45",
            "image_72": "https:\/\/secure.gravatar.com\/avatar\/8492ad2abcc45ce53969adcf8420acde.jpg?s=72&d=https%3A%2F%2Fa.slack-edge.com%2F80588%2Fimg%2Favatars%2Fuser_shapes%2Fava_0008-72.png",
            "first_name": "",
            "real_name": "Antonio Linares",
            "display_name": "Antonio Linares",
            "team": "TJH5YU202",
            "name": "alinares",
            "is_restricted": false,
            "is_ultra_restricted": false
        }
    },
    {
        "client_msg_id": "F67154B8-E89B-4E48-9DA7-7E1E75F4A3FD",
        "type": "message",
        "text": "Hay un nuevo build con soporte de POST así que tendrías que volver a construirlo :wink:",
        "user": "UJN8D8U3B",
        "ts": "1558983187.162500",
        "team": "TJH5YU202",
        "user_team": "TJH5YU202",
        "source_team": "TJH5YU202",
        "user_profile": {
            "avatar_hash": "g92ad2abcc45",
            "image_72": "https:\/\/secure.gravatar.com\/avatar\/8492ad2abcc45ce53969adcf8420acde.jpg?s=72&d=https%3A%2F%2Fa.slack-edge.com%2F80588%2Fimg%2Favatars%2Fuser_shapes%2Fava_0008-72.png",
            "first_name": "",
            "real_name": "Antonio Linares",
            "display_name": "Antonio Linares",
            "team": "TJH5YU202",
            "name": "alinares",
            "is_restricted": false,
            "is_ultra_restricted": false
        }
    },
    {
        "client_msg_id": "fe8278f3-17db-43c1-8900-1399ecc44a22",
        "type": "message",
        "text": "Si, lo intentare y te comento, y sirve que voy probando los ejemplos, Saludos!",
        "user": "UJUSD6VB2",
        "ts": "1558984638.163300",
        "team": "TJH5YU202",
        "user_team": "TJH5YU202",
        "source_team": "TJH5YU202",
        "user_profile": {
            "avatar_hash": "g1677a02d0b6",
            "image_72": "https:\/\/secure.gravatar.com\/avatar\/bb1677a02d0b69ba91eb245090c7c83a.jpg?s=72&d=https%3A%2F%2Fa.slack-edge.com%2F80588%2Fimg%2Favatars%2Fuser_shapes%2Fava_0015-72.png",
            "first_name": "",
            "real_name": "Osvaldo Ramirez",
            "display_name": "Osvaldo Ramirez",
            "team": "TJH5YU202",
            "name": "ramirezosvaldo",
            "is_restricted": false,
            "is_ultra_restricted": false
        }
    },
    {
        "client_msg_id": "dcba0a0f-9e66-4c3d-9996-0c4c2b90d8d5",
        "type": "message",
        "text": "Ejemplo Browse de Charly, actualizado y funcionando\nPodeis testear la edición\n<http:\/\/xevicomas.no-ip.org\/browse\/main.prg>",
        "user": "UJU3NMK0U",
        "ts": "1558985864.164000",
        "team": "TJH5YU202",
        "user_team": "TJH5YU202",
        "source_team": "TJH5YU202",
        "user_profile": {
            "avatar_hash": "48f1b9655122",
            "image_72": "https:\/\/avatars.slack-edge.com\/2019-05-20\/640143784356_48f1b96551220d9fdd4d_72.jpg",
            "first_name": "Xevi",
            "real_name": "Xevi",
            "display_name": "Xevi",
            "team": "TJH5YU202",
            "name": "xevicomas",
            "is_restricted": false,
            "is_ultra_restricted": false
        }
    },
    {
        "client_msg_id": "1cf095cf-b117-4544-99f8-91555d4f2993",
        "type": "message",
        "text": "Ola Xevi, onde podemos ver o código ?",
        "user": "UJWMTB0T1",
        "ts": "1558993614.164600",
        "team": "TJH5YU202",
        "user_team": "TJH5YU202",
        "source_team": "TJH5YU202",
        "user_profile": {
            "avatar_hash": "g58817e9bb70",
            "image_72": "https:\/\/secure.gravatar.com\/avatar\/5958817e9bb7001e0db920b1a3f26754.jpg?s=72&d=https%3A%2F%2Fa.slack-edge.com%2F80588%2Fimg%2Favatars%2Fuser_shapes%2Fava_0024-72.png",
            "first_name": "",
            "real_name": "Itamar M. Lins Jr.",
            "display_name": "Itamar M. Lins Jr.",
            "team": "TJH5YU202",
            "name": "itamarlins",
            "is_restricted": false,
            "is_ultra_restricted": false
        }
    },
    {
        "client_msg_id": "247ce768-2cb6-482a-a1de-4cae34091a79",
        "type": "message",
        "text": "<@UJN8D8U3B>\nImportante aggregar ao WIKI para los programadores no colocar los DBF en la carpeta o sub carpeta donde pode ser accessible para outras personas",
        "user": "UJWU1NLQ6",
        "ts": "1558997556.165600",
        "team": "TJH5YU202",
        "user_team": "TJH5YU202",
        "source_team": "TJH5YU202",
        "user_profile": {
            "avatar_hash": "034d5c7f6e05",
            "image_72": "https:\/\/avatars.slack-edge.com\/2019-05-20\/640791937568_034d5c7f6e05e4dd4551_72.jpg",
            "first_name": "Lailton",
            "real_name": "Lailton Fernando Mariano",
            "display_name": "Lailton",
            "team": "TJH5YU202",
            "name": "lailton",
            "is_restricted": false,
            "is_ultra_restricted": false
        }
    },
    {
        "client_msg_id": "ccad1cf1-a99c-409d-93a9-d345b776d7fa",
        "type": "message",
        "text": "o tiene de aggregar un codigo para negar accesso directo a los ficheros DBF",
        "user": "UJWU1NLQ6",
        "ts": "1558997572.166100",
        "team": "TJH5YU202",
        "user_team": "TJH5YU202",
        "source_team": "TJH5YU202",
        "user_profile": {
            "avatar_hash": "034d5c7f6e05",
            "image_72": "https:\/\/avatars.slack-edge.com\/2019-05-20\/640791937568_034d5c7f6e05e4dd4551_72.jpg",
            "first_name": "Lailton",
            "real_name": "Lailton Fernando Mariano",
            "display_name": "Lailton",
            "team": "TJH5YU202",
            "name": "lailton",
            "is_restricted": false,
            "is_ultra_restricted": false
        }
    },
    {
        "client_msg_id": "be094afd-5c24-41ef-90d9-f03f05597d69",
        "type": "message",
        "text": "o colocar fuera de accesso del apache :smile:",
        "user": "UJWU1NLQ6",
        "ts": "1558997579.166400",
        "team": "TJH5YU202",
        "user_team": "TJH5YU202",
        "source_team": "TJH5YU202",
        "user_profile": {
            "avatar_hash": "034d5c7f6e05",
            "image_72": "https:\/\/avatars.slack-edge.com\/2019-05-20\/640791937568_034d5c7f6e05e4dd4551_72.jpg",
            "first_name": "Lailton",
            "real_name": "Lailton Fernando Mariano",
            "display_name": "Lailton",
            "team": "TJH5YU202",
            "name": "lailton",
            "is_restricted": false,
            "is_ultra_restricted": false
        }
    },
    {
        "client_msg_id": "99863d79-84cf-499d-82ce-da72d39bbe3c",
        "type": "message",
        "text": "Un ejemplo es aqui:\n<http:\/\/xevicomas.no-ip.org\/browse\/data\/customer.dbf>\n\ndonde se desgarga la base de dados accessando directamente :smile:",
        "user": "UJWU1NLQ6",
        "ts": "1558997612.166900",
        "team": "TJH5YU202",
        "user_team": "TJH5YU202",
        "source_team": "TJH5YU202",
        "user_profile": {
            "avatar_hash": "034d5c7f6e05",
            "image_72": "https:\/\/avatars.slack-edge.com\/2019-05-20\/640791937568_034d5c7f6e05e4dd4551_72.jpg",
            "first_name": "Lailton",
            "real_name": "Lailton Fernando Mariano",
            "display_name": "Lailton",
            "team": "TJH5YU202",
            "name": "lailton",
            "is_restricted": false,
            "is_ultra_restricted": false
        }
    },
    {
        "client_msg_id": "70bb0da6-c8c3-4104-b220-37dd683a52cb",
        "type": "message",
        "text": ".htaccess\n&lt;Files ~ \"\\.dbf$\"&gt;\nOrder allow,deny\nDeny from all\n&lt;\/Files&gt;\n\nOu asi tambien funciona bien:\n\n&lt;FilesMatch \"\\.(dbf|cdx|cfg|ini)$\"&gt;\nOrder allow,deny\nDeny from all\n&lt;\/FilesMatch&gt;",
        "user": "UJWU1NLQ6",
        "ts": "1558997675.167300",
        "team": "TJH5YU202",
        "user_team": "TJH5YU202",
        "source_team": "TJH5YU202",
        "user_profile": {
            "avatar_hash": "034d5c7f6e05",
            "image_72": "https:\/\/avatars.slack-edge.com\/2019-05-20\/640791937568_034d5c7f6e05e4dd4551_72.jpg",
            "first_name": "Lailton",
            "real_name": "Lailton Fernando Mariano",
            "display_name": "Lailton",
            "team": "TJH5YU202",
            "name": "lailton",
            "is_restricted": false,
            "is_ultra_restricted": false
        },
        "edited": {
            "user": "UJWU1NLQ6",
            "ts": "1558997876.000000"
        }
    },
    {
        "client_msg_id": "21fe4f63-2350-43a8-bb28-75a7155b834e",
        "type": "message",
        "text": "com isto nega accesso ao DBF.",
        "user": "UJWU1NLQ6",
        "ts": "1558997682.167500",
        "team": "TJH5YU202",
        "user_team": "TJH5YU202",
        "source_team": "TJH5YU202",
        "user_profile": {
            "avatar_hash": "034d5c7f6e05",
            "image_72": "https:\/\/avatars.slack-edge.com\/2019-05-20\/640791937568_034d5c7f6e05e4dd4551_72.jpg",
            "first_name": "Lailton",
            "real_name": "Lailton Fernando Mariano",
            "display_name": "Lailton",
            "team": "TJH5YU202",
            "name": "lailton",
            "is_restricted": false,
            "is_ultra_restricted": false
        }
    },
    {
        "client_msg_id": "d9486384-46d7-4d59-bee1-a8104cc0dc07",
        "type": "message",
        "text": "outra coisa que las persona que usa FiveWeb gosta mucho es poder executar fichero sen ter de usar extension del ficheros:\nRewriteEngine on\nRewriteCond %{REQUEST_FILENAME} !-f\nRewriteRule ^([^\\.]+)$ $1.prg [NC,L]",
        "user": "UJWU1NLQ6",
        "ts": "1558997785.168200",
        "team": "TJH5YU202",
        "user_team": "TJH5YU202",
        "source_team": "TJH5YU202",
        "user_profile": {
            "avatar_hash": "034d5c7f6e05",
            "image_72": "https:\/\/avatars.slack-edge.com\/2019-05-20\/640791937568_034d5c7f6e05e4dd4551_72.jpg",
            "first_name": "Lailton",
            "real_name": "Lailton Fernando Mariano",
            "display_name": "Lailton",
            "team": "TJH5YU202",
            "name": "lailton",
            "is_restricted": false,
            "is_ultra_restricted": false
        }
    },
    {
        "client_msg_id": "1206a9e3-53e4-4dbe-a1cf-c26bf9a83762",
        "type": "message",
        "text": "asi pode cargar asi:\n<http:\/\/localhost\/nombre_del_fichero>",
        "user": "UJWU1NLQ6",
        "ts": "1558997810.168800",
        "team": "TJH5YU202",
        "user_team": "TJH5YU202",
        "source_team": "TJH5YU202",
        "user_profile": {
            "avatar_hash": "034d5c7f6e05",
            "image_72": "https:\/\/avatars.slack-edge.com\/2019-05-20\/640791937568_034d5c7f6e05e4dd4551_72.jpg",
            "first_name": "Lailton",
            "real_name": "Lailton Fernando Mariano",
            "display_name": "Lailton",
            "team": "TJH5YU202",
            "name": "lailton",
            "is_restricted": false,
            "is_ultra_restricted": false
        }
    },
    {
        "client_msg_id": "d97dff6b-6e67-45b2-acb3-c5144111cccf",
        "type": "message",
        "text": ":slightly_smiling_face:",
        "user": "UJWU1NLQ6",
        "ts": "1558997812.169000",
        "team": "TJH5YU202",
        "user_team": "TJH5YU202",
        "source_team": "TJH5YU202",
        "user_profile": {
            "avatar_hash": "034d5c7f6e05",
            "image_72": "https:\/\/avatars.slack-edge.com\/2019-05-20\/640791937568_034d5c7f6e05e4dd4551_72.jpg",
            "first_name": "Lailton",
            "real_name": "Lailton Fernando Mariano",
            "display_name": "Lailton",
            "team": "TJH5YU202",
            "name": "lailton",
            "is_restricted": false,
            "is_ultra_restricted": false
        }
    },
    {
        "client_msg_id": "986db764-e669-4032-84a3-c992063fcc4a",
        "type": "message",
        "text": "Hola, espero que a alguien como yo le sirva el documento: <https:\/\/httpd.apache.org\/docs\/trunk\/developer\/modguide.html>",
        "user": "UJUSD6VB2",
        "ts": "1559002822.170000",
        "team": "TJH5YU202",
        "user_team": "TJH5YU202",
        "source_team": "TJH5YU202",
        "user_profile": {
            "avatar_hash": "g1677a02d0b6",
            "image_72": "https:\/\/secure.gravatar.com\/avatar\/bb1677a02d0b69ba91eb245090c7c83a.jpg?s=72&d=https%3A%2F%2Fa.slack-edge.com%2F80588%2Fimg%2Favatars%2Fuser_shapes%2Fava_0015-72.png",
            "first_name": "",
            "real_name": "Osvaldo Ramirez",
            "display_name": "Osvaldo Ramirez",
            "team": "TJH5YU202",
            "name": "ramirezosvaldo",
            "is_restricted": false,
            "is_ultra_restricted": false
        }
    },
    {
        "client_msg_id": "c28602a5-1f69-4ca0-ab34-fedf9988557d",
        "type": "message",
        "text": "Nuevo build de mod_harbour con las funciones AP_HeadersOutCount() y AP_HeadersOutSet( cKey, cValue )",
        "user": "UJN8D8U3B",
        "ts": "1559017851.170800",
        "team": "TJH5YU202",
        "user_team": "TJH5YU202",
        "source_team": "TJH5YU202",
        "user_profile": {
            "avatar_hash": "g92ad2abcc45",
            "image_72": "https:\/\/secure.gravatar.com\/avatar\/8492ad2abcc45ce53969adcf8420acde.jpg?s=72&d=https%3A%2F%2Fa.slack-edge.com%2F80588%2Fimg%2Favatars%2Fuser_shapes%2Fava_0008-72.png",
            "first_name": "",
            "real_name": "Antonio Linares",
            "display_name": "Antonio Linares",
            "team": "TJH5YU202",
            "name": "alinares",
            "is_restricted": false,
            "is_ultra_restricted": false
        }
    },
    {
        "client_msg_id": "10ad21e0-9def-4aba-aa76-badbcb5c1dde",
        "type": "message",
        "text": "<https:\/\/github.com\/FiveTechSoft\/mod_harbour\/tree\/master\/linux\/Ubuntu%2018.04\/20190528>",
        "user": "UJN8D8U3B",
        "ts": "1559017856.171000",
        "team": "TJH5YU202",
        "user_team": "TJH5YU202",
        "source_team": "TJH5YU202",
        "user_profile": {
            "avatar_hash": "g92ad2abcc45",
            "image_72": "https:\/\/secure.gravatar.com\/avatar\/8492ad2abcc45ce53969adcf8420acde.jpg?s=72&d=https%3A%2F%2Fa.slack-edge.com%2F80588%2Fimg%2Favatars%2Fuser_shapes%2Fava_0008-72.png",
            "first_name": "",
            "real_name": "Antonio Linares",
            "display_name": "Antonio Linares",
            "team": "TJH5YU202",
            "name": "alinares",
            "is_restricted": false,
            "is_ultra_restricted": false
        },
        "attachments": [
            {
                "service_name": "GitHub",
                "title": "FiveTechSoft\/mod_harbour",
                "title_link": "https:\/\/github.com\/FiveTechSoft\/mod_harbour\/tree\/master\/linux\/Ubuntu%2018.04\/20190528",
                "text": "Apache mod for Harbour. Contribute to FiveTechSoft\/mod_harbour development by creating an account on GitHub.",
                "fallback": "GitHub: FiveTechSoft\/mod_harbour",
                "from_url": "https:\/\/github.com\/FiveTechSoft\/mod_harbour\/tree\/master\/linux\/Ubuntu%2018.04\/20190528",
                "thumb_url": "https:\/\/repository-images.githubusercontent.com\/186821405\/052d6000-7f03-11e9-85fa-9472623f216c",
                "thumb_width": 190,
                "thumb_height": 191,
                "service_icon": "https:\/\/a.slack-edge.com\/bfaba\/img\/unfurl_icons\/github.png",
                "id": 1,
                "original_url": "https:\/\/github.com\/FiveTechSoft\/mod_harbour\/tree\/master\/linux\/Ubuntu%2018.04\/20190528"
            }
        ]
    },
    {
        "client_msg_id": "bf893374-7cc6-4569-a96b-c7b8bf9d8df5",
        "type": "message",
        "text": "creating cookies, doing redirections and much more! :wink:",
        "user": "UJN8D8U3B",
        "ts": "1559021322.171500",
        "team": "TJH5YU202",
        "user_team": "TJH5YU202",
        "source_team": "TJH5YU202",
        "user_profile": {
            "avatar_hash": "g92ad2abcc45",
            "image_72": "https:\/\/secure.gravatar.com\/avatar\/8492ad2abcc45ce53969adcf8420acde.jpg?s=72&d=https%3A%2F%2Fa.slack-edge.com%2F80588%2Fimg%2Favatars%2Fuser_shapes%2Fava_0008-72.png",
            "first_name": "",
            "real_name": "Antonio Linares",
            "display_name": "Antonio Linares",
            "team": "TJH5YU202",
            "name": "alinares",
            "is_restricted": false,
            "is_ultra_restricted": false
        }
    },
    {
        "client_msg_id": "28bee3db-8b83-4d3d-8865-4cf78d721313",
        "type": "message",
        "text": "<https:\/\/github.com\/FiveTechSoft\/mod_harbour\/blob\/master\/samples\/headersout.prg>",
        "user": "UJN8D8U3B",
        "ts": "1559021326.171700",
        "team": "TJH5YU202",
        "user_team": "TJH5YU202",
        "source_team": "TJH5YU202",
        "user_profile": {
            "avatar_hash": "g92ad2abcc45",
            "image_72": "https:\/\/secure.gravatar.com\/avatar\/8492ad2abcc45ce53969adcf8420acde.jpg?s=72&d=https%3A%2F%2Fa.slack-edge.com%2F80588%2Fimg%2Favatars%2Fuser_shapes%2Fava_0008-72.png",
            "first_name": "",
            "real_name": "Antonio Linares",
            "display_name": "Antonio Linares",
            "team": "TJH5YU202",
            "name": "alinares",
            "is_restricted": false,
            "is_ultra_restricted": false
        },
        "attachments": [
            {
                "service_name": "GitHub",
                "title": "FiveTechSoft\/mod_harbour",
                "title_link": "https:\/\/github.com\/FiveTechSoft\/mod_harbour\/blob\/master\/samples\/headersout.prg",
                "text": "Apache mod for Harbour. Contribute to FiveTechSoft\/mod_harbour development by creating an account on GitHub.",
                "fallback": "GitHub: FiveTechSoft\/mod_harbour",
                "from_url": "https:\/\/github.com\/FiveTechSoft\/mod_harbour\/blob\/master\/samples\/headersout.prg",
                "thumb_url": "https:\/\/repository-images.githubusercontent.com\/186821405\/052d6000-7f03-11e9-85fa-9472623f216c",
                "thumb_width": 190,
                "thumb_height": 191,
                "service_icon": "https:\/\/a.slack-edge.com\/bfaba\/img\/unfurl_icons\/github.png",
                "id": 1,
                "original_url": "https:\/\/github.com\/FiveTechSoft\/mod_harbour\/blob\/master\/samples\/headersout.prg"
            }
        ]
    },
    {
        "client_msg_id": "c2f69f0d-98f7-454e-b437-8660d32b22c0",
        "type": "message",
        "text": "Redireccion Ok",
        "user": "UJWR5N32S",
        "ts": "1559023611.172000",
        "team": "TJH5YU202",
        "user_team": "TJH5YU202",
        "source_team": "TJH5YU202",
        "user_profile": {
            "avatar_hash": "273d3745f7ae",
            "image_72": "https:\/\/avatars.slack-edge.com\/2019-05-20\/634344238497_273d3745f7ae1b176b82_72.jpg",
            "first_name": "Charly",
            "real_name": "Charly",
            "display_name": "Charly",
            "team": "TJH5YU202",
            "name": "carles9000",
            "is_restricted": false,
            "is_ultra_restricted": false
        }
    },
    {
        "type": "message",
        "text": "",
        "files": [
            {
                "id": "FJQ3SR0GJ",
                "created": 1559023616,
                "timestamp": 1559023616,
                "name": "imagen.png",
                "title": "imagen.png",
                "mimetype": "image\/png",
                "filetype": "png",
                "pretty_type": "PNG",
                "user": "UJWR5N32S",
                "editable": false,
                "size": 25391,
                "mode": "hosted",
                "is_external": false,
                "external_type": "",
                "is_public": true,
                "public_url_shared": false,
                "display_as_bot": false,
                "username": "",
                "url_private": "https:\/\/files.slack.com\/files-pri\/TJH5YU202-FJQ3SR0GJ\/imagen.png?t=xoxe-629202954002-776688371669-763909703378-01ffaa4c4eeda75ea92ad255b32a04e5",
                "url_private_download": "https:\/\/files.slack.com\/files-pri\/TJH5YU202-FJQ3SR0GJ\/download\/imagen.png?t=xoxe-629202954002-776688371669-763909703378-01ffaa4c4eeda75ea92ad255b32a04e5",
                "thumb_64": "https:\/\/files.slack.com\/files-tmb\/TJH5YU202-FJQ3SR0GJ-bb4841fd74\/imagen_64.png?t=xoxe-629202954002-776688371669-763909703378-01ffaa4c4eeda75ea92ad255b32a04e5",
                "thumb_80": "https:\/\/files.slack.com\/files-tmb\/TJH5YU202-FJQ3SR0GJ-bb4841fd74\/imagen_80.png?t=xoxe-629202954002-776688371669-763909703378-01ffaa4c4eeda75ea92ad255b32a04e5",
                "thumb_360": "https:\/\/files.slack.com\/files-tmb\/TJH5YU202-FJQ3SR0GJ-bb4841fd74\/imagen_360.png?t=xoxe-629202954002-776688371669-763909703378-01ffaa4c4eeda75ea92ad255b32a04e5",
                "thumb_360_w": 360,
                "thumb_360_h": 273,
                "thumb_480": "https:\/\/files.slack.com\/files-tmb\/TJH5YU202-FJQ3SR0GJ-bb4841fd74\/imagen_480.png?t=xoxe-629202954002-776688371669-763909703378-01ffaa4c4eeda75ea92ad255b32a04e5",
                "thumb_480_w": 480,
                "thumb_480_h": 364,
                "thumb_160": "https:\/\/files.slack.com\/files-tmb\/TJH5YU202-FJQ3SR0GJ-bb4841fd74\/imagen_160.png?t=xoxe-629202954002-776688371669-763909703378-01ffaa4c4eeda75ea92ad255b32a04e5",
                "thumb_720": "https:\/\/files.slack.com\/files-tmb\/TJH5YU202-FJQ3SR0GJ-bb4841fd74\/imagen_720.png?t=xoxe-629202954002-776688371669-763909703378-01ffaa4c4eeda75ea92ad255b32a04e5",
                "thumb_720_w": 720,
                "thumb_720_h": 546,
                "thumb_800": "https:\/\/files.slack.com\/files-tmb\/TJH5YU202-FJQ3SR0GJ-bb4841fd74\/imagen_800.png?t=xoxe-629202954002-776688371669-763909703378-01ffaa4c4eeda75ea92ad255b32a04e5",
                "thumb_800_w": 800,
                "thumb_800_h": 606,
                "thumb_960": "https:\/\/files.slack.com\/files-tmb\/TJH5YU202-FJQ3SR0GJ-bb4841fd74\/imagen_960.png?t=xoxe-629202954002-776688371669-763909703378-01ffaa4c4eeda75ea92ad255b32a04e5",
                "thumb_960_w": 960,
                "thumb_960_h": 727,
                "image_exif_rotation": 1,
                "original_w": 978,
                "original_h": 741,
                "permalink": "https:\/\/harbourproject.slack.com\/files\/UJWR5N32S\/FJQ3SR0GJ\/imagen.png",
                "permalink_public": "https:\/\/slack-files.com\/TJH5YU202-FJQ3SR0GJ-b4a744dcf7",
                "is_starred": false,
                "has_rich_preview": false
            }
        ],
        "upload": true,
        "user": "UJWR5N32S",
        "display_as_bot": false,
        "ts": "1559023618.172100",
        "client_msg_id": "cf65733b-9d77-401b-881c-8a067a23158c"
    },
    {
        "client_msg_id": "fefcd920-6c26-4ef7-a5a8-cb7329fa841c",
        "type": "message",
        "text": "managing the Headers In as a hash:",
        "user": "UJN8D8U3B",
        "ts": "1559024927.172600",
        "team": "TJH5YU202",
        "user_team": "TJH5YU202",
        "source_team": "TJH5YU202",
        "user_profile": {
            "avatar_hash": "g92ad2abcc45",
            "image_72": "https:\/\/secure.gravatar.com\/avatar\/8492ad2abcc45ce53969adcf8420acde.jpg?s=72&d=https%3A%2F%2Fa.slack-edge.com%2F80588%2Fimg%2Favatars%2Fuser_shapes%2Fava_0008-72.png",
            "first_name": "",
            "real_name": "Antonio Linares",
            "display_name": "Antonio Linares",
            "team": "TJH5YU202",
            "name": "alinares",
            "is_restricted": false,
            "is_ultra_restricted": false
        }
    },
    {
        "client_msg_id": "74c974ce-f6a9-4dfc-97fe-e978ee73b049",
        "type": "message",
        "text": "<https:\/\/github.com\/FiveTechSoft\/mod_harbour\/blob\/master\/samples\/hheaders.prg>",
        "user": "UJN8D8U3B",
        "ts": "1559024956.172800",
        "team": "TJH5YU202",
        "user_team": "TJH5YU202",
        "source_team": "TJH5YU202",
        "user_profile": {
            "avatar_hash": "g92ad2abcc45",
            "image_72": "https:\/\/secure.gravatar.com\/avatar\/8492ad2abcc45ce53969adcf8420acde.jpg?s=72&d=https%3A%2F%2Fa.slack-edge.com%2F80588%2Fimg%2Favatars%2Fuser_shapes%2Fava_0008-72.png",
            "first_name": "",
            "real_name": "Antonio Linares",
            "display_name": "Antonio Linares",
            "team": "TJH5YU202",
            "name": "alinares",
            "is_restricted": false,
            "is_ultra_restricted": false
        },
        "attachments": [
            {
                "service_name": "GitHub",
                "title": "FiveTechSoft\/mod_harbour",
                "title_link": "https:\/\/github.com\/FiveTechSoft\/mod_harbour\/blob\/master\/samples\/hheaders.prg",
                "text": "Apache mod for Harbour. Contribute to FiveTechSoft\/mod_harbour development by creating an account on GitHub.",
                "fallback": "GitHub: FiveTechSoft\/mod_harbour",
                "from_url": "https:\/\/github.com\/FiveTechSoft\/mod_harbour\/blob\/master\/samples\/hheaders.prg",
                "thumb_url": "https:\/\/repository-images.githubusercontent.com\/186821405\/052d6000-7f03-11e9-85fa-9472623f216c",
                "thumb_width": 190,
                "thumb_height": 191,
                "service_icon": "https:\/\/a.slack-edge.com\/bfaba\/img\/unfurl_icons\/github.png",
                "id": 1,
                "original_url": "https:\/\/github.com\/FiveTechSoft\/mod_harbour\/blob\/master\/samples\/hheaders.prg"
            }
        ]
    },
    {
        "client_msg_id": "c9a49f57-4619-42e2-a95e-6e0722675511",
        "type": "message",
        "text": "<https:\/\/harbour.fourtech.es\/mod_harbour_examples\/hheaders.prg>",
        "user": "UJN8D8U3B",
        "ts": "1559024984.173100",
        "team": "TJH5YU202",
        "user_team": "TJH5YU202",
        "source_team": "TJH5YU202",
        "user_profile": {
            "avatar_hash": "g92ad2abcc45",
            "image_72": "https:\/\/secure.gravatar.com\/avatar\/8492ad2abcc45ce53969adcf8420acde.jpg?s=72&d=https%3A%2F%2Fa.slack-edge.com%2F80588%2Fimg%2Favatars%2Fuser_shapes%2Fava_0008-72.png",
            "first_name": "",
            "real_name": "Antonio Linares",
            "display_name": "Antonio Linares",
            "team": "TJH5YU202",
            "name": "alinares",
            "is_restricted": false,
            "is_ultra_restricted": false
        }
    }
]