[
    {
        "type": "message",
        "text": "Un poco más de Harbour Virtual Machine",
        "files": [
            {
                "id": "FKQ5W541Z",
                "created": 1562000871,
                "timestamp": 1562000871,
                "name": "machine1.gif",
                "title": "machine1.gif",
                "mimetype": "image\/gif",
                "filetype": "gif",
                "pretty_type": "GIF",
                "user": "UJUJLTWMT",
                "editable": false,
                "size": 2174777,
                "mode": "hosted",
                "is_external": false,
                "external_type": "",
                "is_public": true,
                "public_url_shared": false,
                "display_as_bot": false,
                "username": "",
                "url_private": "https:\/\/files.slack.com\/files-pri\/TJH5YU202-FKQ5W541Z\/machine1.gif?t=xoxe-629202954002-776688371669-763909703378-01ffaa4c4eeda75ea92ad255b32a04e5",
                "url_private_download": "https:\/\/files.slack.com\/files-pri\/TJH5YU202-FKQ5W541Z\/download\/machine1.gif?t=xoxe-629202954002-776688371669-763909703378-01ffaa4c4eeda75ea92ad255b32a04e5",
                "thumb_64": "https:\/\/files.slack.com\/files-tmb\/TJH5YU202-FKQ5W541Z-543652650d\/machine1_64.png?t=xoxe-629202954002-776688371669-763909703378-01ffaa4c4eeda75ea92ad255b32a04e5",
                "thumb_80": "https:\/\/files.slack.com\/files-tmb\/TJH5YU202-FKQ5W541Z-543652650d\/machine1_80.png?t=xoxe-629202954002-776688371669-763909703378-01ffaa4c4eeda75ea92ad255b32a04e5",
                "thumb_360": "https:\/\/files.slack.com\/files-tmb\/TJH5YU202-FKQ5W541Z-543652650d\/machine1_360.png?t=xoxe-629202954002-776688371669-763909703378-01ffaa4c4eeda75ea92ad255b32a04e5",
                "thumb_360_w": 360,
                "thumb_360_h": 192,
                "thumb_480": "https:\/\/files.slack.com\/files-tmb\/TJH5YU202-FKQ5W541Z-543652650d\/machine1_480.png?t=xoxe-629202954002-776688371669-763909703378-01ffaa4c4eeda75ea92ad255b32a04e5",
                "thumb_480_w": 480,
                "thumb_480_h": 256,
                "thumb_160": "https:\/\/files.slack.com\/files-tmb\/TJH5YU202-FKQ5W541Z-543652650d\/machine1_160.png?t=xoxe-629202954002-776688371669-763909703378-01ffaa4c4eeda75ea92ad255b32a04e5",
                "thumb_720": "https:\/\/files.slack.com\/files-tmb\/TJH5YU202-FKQ5W541Z-543652650d\/machine1_720.png?t=xoxe-629202954002-776688371669-763909703378-01ffaa4c4eeda75ea92ad255b32a04e5",
                "thumb_720_w": 720,
                "thumb_720_h": 384,
                "thumb_800": "https:\/\/files.slack.com\/files-tmb\/TJH5YU202-FKQ5W541Z-543652650d\/machine1_800.png?t=xoxe-629202954002-776688371669-763909703378-01ffaa4c4eeda75ea92ad255b32a04e5",
                "thumb_800_w": 800,
                "thumb_800_h": 427,
                "thumb_960": "https:\/\/files.slack.com\/files-tmb\/TJH5YU202-FKQ5W541Z-543652650d\/machine1_960.png?t=xoxe-629202954002-776688371669-763909703378-01ffaa4c4eeda75ea92ad255b32a04e5",
                "thumb_960_w": 960,
                "thumb_960_h": 512,
                "thumb_1024": "https:\/\/files.slack.com\/files-tmb\/TJH5YU202-FKQ5W541Z-543652650d\/machine1_1024.png?t=xoxe-629202954002-776688371669-763909703378-01ffaa4c4eeda75ea92ad255b32a04e5",
                "thumb_1024_w": 1024,
                "thumb_1024_h": 546,
                "thumb_360_gif": "https:\/\/files.slack.com\/files-tmb\/TJH5YU202-FKQ5W541Z-543652650d\/machine1_360.gif?t=xoxe-629202954002-776688371669-763909703378-01ffaa4c4eeda75ea92ad255b32a04e5",
                "thumb_480_gif": "https:\/\/files.slack.com\/files-tmb\/TJH5YU202-FKQ5W541Z-543652650d\/machine1_480.gif?t=xoxe-629202954002-776688371669-763909703378-01ffaa4c4eeda75ea92ad255b32a04e5",
                "image_exif_rotation": 1,
                "original_w": 1336,
                "original_h": 713,
                "deanimate_gif": "https:\/\/files.slack.com\/files-tmb\/TJH5YU202-FKQ5W541Z-543652650d\/machine1_deanimate_gif.png?t=xoxe-629202954002-776688371669-763909703378-01ffaa4c4eeda75ea92ad255b32a04e5",
                "permalink": "https:\/\/harbourproject.slack.com\/files\/UJUJLTWMT\/FKQ5W541Z\/machine1.gif",
                "permalink_public": "https:\/\/slack-files.com\/TJH5YU202-FKQ5W541Z-8dc28855b3",
                "is_starred": false,
                "has_rich_preview": false
            }
        ],
        "upload": true,
        "user": "UJUJLTWMT",
        "display_as_bot": false,
        "ts": "1562000928.115200",
        "client_msg_id": "82a50931-c5b9-49d5-9cf3-21fbe737ec14",
        "reactions": [
            {
                "name": "clap",
                "users": [
                    "UJUFNFMFE"
                ],
                "count": 1
            }
        ]
    },
    {
        "client_msg_id": "783ad93b-4022-4c7a-ae99-b4ac8622e7a2",
        "type": "message",
        "text": "Muy bueno Cristobal",
        "user": "UJWR5N32S",
        "ts": "1562003175.115800",
        "team": "TJH5YU202",
        "user_team": "TJH5YU202",
        "source_team": "TJH5YU202",
        "user_profile": {
            "avatar_hash": "273d3745f7ae",
            "image_72": "https:\/\/avatars.slack-edge.com\/2019-05-20\/634344238497_273d3745f7ae1b176b82_72.jpg",
            "first_name": "Charly",
            "real_name": "Charly",
            "display_name": "Charly",
            "team": "TJH5YU202",
            "name": "carles9000",
            "is_restricted": false,
            "is_ultra_restricted": false
        }
    },
    {
        "client_msg_id": "1789360f-b129-42ef-b642-7f49bc7e32a2",
        "type": "message",
        "text": ":muscle: :muscle: :muscle:",
        "user": "UJWR5N32S",
        "ts": "1562003185.115900",
        "team": "TJH5YU202",
        "user_team": "TJH5YU202",
        "source_team": "TJH5YU202",
        "user_profile": {
            "avatar_hash": "273d3745f7ae",
            "image_72": "https:\/\/avatars.slack-edge.com\/2019-05-20\/634344238497_273d3745f7ae1b176b82_72.jpg",
            "first_name": "Charly",
            "real_name": "Charly",
            "display_name": "Charly",
            "team": "TJH5YU202",
            "name": "carles9000",
            "is_restricted": false,
            "is_ultra_restricted": false
        }
    },
    {
        "client_msg_id": "be46a809-c94d-4b07-942f-fb02b18c3ef0",
        "type": "message",
        "text": "Muy guapo ….",
        "user": "UJK7SNX51",
        "ts": "1562047584.116500",
        "team": "TJH5YU202",
        "user_team": "TJH5YU202",
        "source_team": "TJH5YU202",
        "user_profile": {
            "avatar_hash": "6698a9ba696b",
            "image_72": "https:\/\/avatars.slack-edge.com\/2019-07-04\/673660529330_6698a9ba696bad01eb8c_72.jpg",
            "first_name": "Baxajaun",
            "real_name": "Baxajaun",
            "display_name": "Baxajaun",
            "team": "TJH5YU202",
            "name": "fpgrande",
            "is_restricted": false,
            "is_ultra_restricted": false
        }
    },
    {
        "client_msg_id": "4c37725c-3a7a-42f7-ac96-d8f96f6ff483",
        "type": "message",
        "text": "Este Cristobal va como un tiro!",
        "user": "UJU2ZLJBW",
        "ts": "1562047716.116800",
        "team": "TJH5YU202",
        "user_team": "TJH5YU202",
        "source_team": "TJH5YU202",
        "user_profile": {
            "avatar_hash": "g4df4d90232e",
            "image_72": "https:\/\/secure.gravatar.com\/avatar\/0b4df4d90232ed07739bd4134b92a6d1.jpg?s=72&d=https%3A%2F%2Fa.slack-edge.com%2F80588%2Fimg%2Favatars%2Fuser_shapes%2Fava_0022-72.png",
            "first_name": "Carlos",
            "real_name": "Carlos Mora",
            "display_name": "",
            "team": "TJH5YU202",
            "name": "carlosantoniomora",
            "is_restricted": false,
            "is_ultra_restricted": false
        }
    },
    {
        "client_msg_id": "e6805958-ff5b-42c6-b26e-9750a263088b",
        "type": "message",
        "text": "Desbocado diría un servidor … :wink:",
        "user": "UJK7SNX51",
        "ts": "1562049511.117300",
        "team": "TJH5YU202",
        "user_team": "TJH5YU202",
        "source_team": "TJH5YU202",
        "user_profile": {
            "avatar_hash": "6698a9ba696b",
            "image_72": "https:\/\/avatars.slack-edge.com\/2019-07-04\/673660529330_6698a9ba696bad01eb8c_72.jpg",
            "first_name": "Baxajaun",
            "real_name": "Baxajaun",
            "display_name": "Baxajaun",
            "team": "TJH5YU202",
            "name": "fpgrande",
            "is_restricted": false,
            "is_ultra_restricted": false
        }
    }
]