[
    {
        "client_msg_id": "65d21c76-3a38-4a0d-901b-633cfc6f1091",
        "type": "message",
        "text": "El sistema de registro de usuarios e identificación ya funciona en la tienda (eshop)",
        "user": "UJN8D8U3B",
        "ts": "1561458614.014900",
        "team": "TJH5YU202",
        "user_team": "TJH5YU202",
        "source_team": "TJH5YU202",
        "user_profile": {
            "avatar_hash": "g92ad2abcc45",
            "image_72": "https:\/\/secure.gravatar.com\/avatar\/8492ad2abcc45ce53969adcf8420acde.jpg?s=72&d=https%3A%2F%2Fa.slack-edge.com%2F80588%2Fimg%2Favatars%2Fuser_shapes%2Fava_0008-72.png",
            "first_name": "",
            "real_name": "Antonio Linares",
            "display_name": "Antonio Linares",
            "team": "TJH5YU202",
            "name": "alinares",
            "is_restricted": false,
            "is_ultra_restricted": false
        }
    },
    {
        "client_msg_id": "8a7f9c8a-190e-4775-800b-3abf1d6e810a",
        "type": "message",
        "text": "Se agradece si lo probais:",
        "user": "UJN8D8U3B",
        "ts": "1561458619.015100",
        "team": "TJH5YU202",
        "user_team": "TJH5YU202",
        "source_team": "TJH5YU202",
        "user_profile": {
            "avatar_hash": "g92ad2abcc45",
            "image_72": "https:\/\/secure.gravatar.com\/avatar\/8492ad2abcc45ce53969adcf8420acde.jpg?s=72&d=https%3A%2F%2Fa.slack-edge.com%2F80588%2Fimg%2Favatars%2Fuser_shapes%2Fava_0008-72.png",
            "first_name": "",
            "real_name": "Antonio Linares",
            "display_name": "Antonio Linares",
            "team": "TJH5YU202",
            "name": "alinares",
            "is_restricted": false,
            "is_ultra_restricted": false
        }
    },
    {
        "client_msg_id": "c03955a0-6345-4773-a70e-c2ac328bb171",
        "type": "message",
        "text": "<https:\/\/harbour.fourtech.es\/modharbour_samples\/eshop\/index.prg?login>",
        "user": "UJN8D8U3B",
        "ts": "1561458622.015300",
        "team": "TJH5YU202",
        "user_team": "TJH5YU202",
        "source_team": "TJH5YU202",
        "user_profile": {
            "avatar_hash": "g92ad2abcc45",
            "image_72": "https:\/\/secure.gravatar.com\/avatar\/8492ad2abcc45ce53969adcf8420acde.jpg?s=72&d=https%3A%2F%2Fa.slack-edge.com%2F80588%2Fimg%2Favatars%2Fuser_shapes%2Fava_0008-72.png",
            "first_name": "",
            "real_name": "Antonio Linares",
            "display_name": "Antonio Linares",
            "team": "TJH5YU202",
            "name": "alinares",
            "is_restricted": false,
            "is_ultra_restricted": false
        }
    },
    {
        "client_msg_id": "274afb2a-5e3f-4c00-af8e-625706806019",
        "type": "message",
        "text": "Los passwords no se guardan. Solo sus valores MD5",
        "user": "UJN8D8U3B",
        "ts": "1561458635.015700",
        "team": "TJH5YU202",
        "user_team": "TJH5YU202",
        "source_team": "TJH5YU202",
        "user_profile": {
            "avatar_hash": "g92ad2abcc45",
            "image_72": "https:\/\/secure.gravatar.com\/avatar\/8492ad2abcc45ce53969adcf8420acde.jpg?s=72&d=https%3A%2F%2Fa.slack-edge.com%2F80588%2Fimg%2Favatars%2Fuser_shapes%2Fava_0008-72.png",
            "first_name": "",
            "real_name": "Antonio Linares",
            "display_name": "Antonio Linares",
            "team": "TJH5YU202",
            "name": "alinares",
            "is_restricted": false,
            "is_ultra_restricted": false
        }
    },
    {
        "client_msg_id": "edda7809-82bf-4224-b303-3e4e30e72ad6",
        "type": "message",
        "text": "Hola Antonio, hice la prueba como comentas y funciona perfecto!!!",
        "user": "UJV4XG3J4",
        "ts": "1561473117.016600",
        "team": "TJH5YU202",
        "user_team": "TJH5YU202",
        "source_team": "TJH5YU202",
        "user_profile": {
            "avatar_hash": "g90d56153d63",
            "image_72": "https:\/\/secure.gravatar.com\/avatar\/6390d56153d63644fb7b405cad9e41e8.jpg?s=72&d=https%3A%2F%2Fa.slack-edge.com%2F80588%2Fimg%2Favatars%2Fuser_shapes%2Fava_0002-72.png",
            "first_name": "Javier",
            "real_name": "Javier Parada",
            "display_name": "Javier",
            "team": "TJH5YU202",
            "name": "jparada_a",
            "is_restricted": false,
            "is_ultra_restricted": false
        }
    },
    {
        "client_msg_id": "ac035f51-fcf1-4eeb-b108-9ede5d785c0b",
        "type": "message",
        "text": "Con los symlinks si?",
        "user": "UJN8D8U3B",
        "ts": "1561475447.017100",
        "team": "TJH5YU202",
        "user_team": "TJH5YU202",
        "source_team": "TJH5YU202",
        "user_profile": {
            "avatar_hash": "g92ad2abcc45",
            "image_72": "https:\/\/secure.gravatar.com\/avatar\/8492ad2abcc45ce53969adcf8420acde.jpg?s=72&d=https%3A%2F%2Fa.slack-edge.com%2F80588%2Fimg%2Favatars%2Fuser_shapes%2Fava_0008-72.png",
            "first_name": "",
            "real_name": "Antonio Linares",
            "display_name": "Antonio Linares",
            "team": "TJH5YU202",
            "name": "alinares",
            "is_restricted": false,
            "is_ultra_restricted": false
        }
    },
    {
        "client_msg_id": "c2fc104a-1881-4e45-851b-f2e850868308",
        "type": "message",
        "text": "O te refieres al eShop?",
        "user": "UJN8D8U3B",
        "ts": "1561475472.017500",
        "team": "TJH5YU202",
        "user_team": "TJH5YU202",
        "source_team": "TJH5YU202",
        "user_profile": {
            "avatar_hash": "g92ad2abcc45",
            "image_72": "https:\/\/secure.gravatar.com\/avatar\/8492ad2abcc45ce53969adcf8420acde.jpg?s=72&d=https%3A%2F%2Fa.slack-edge.com%2F80588%2Fimg%2Favatars%2Fuser_shapes%2Fava_0008-72.png",
            "first_name": "",
            "real_name": "Antonio Linares",
            "display_name": "Antonio Linares",
            "team": "TJH5YU202",
            "name": "alinares",
            "is_restricted": false,
            "is_ultra_restricted": false
        }
    },
    {
        "type": "message",
        "text": "Si Antonio el login del eshop funciona de muerte.\n\n¿ Será ese el modelo de desarrollo, con templates, o es sólo una de las posibilidades ?",
        "files": [
            {
                "id": "FKVTDDGCV",
                "created": 1561481545,
                "timestamp": 1561481545,
                "name": "9BA.gif",
                "title": "9BA.gif",
                "mimetype": "image\/gif",
                "filetype": "gif",
                "pretty_type": "GIF",
                "user": "UJULQCHL5",
                "editable": false,
                "size": 493674,
                "mode": "hosted",
                "is_external": false,
                "external_type": "",
                "is_public": true,
                "public_url_shared": false,
                "display_as_bot": false,
                "username": "",
                "url_private": "https:\/\/files.slack.com\/files-pri\/TJH5YU202-FKVTDDGCV\/9ba.gif?t=xoxe-629202954002-776688371669-763909703378-01ffaa4c4eeda75ea92ad255b32a04e5",
                "url_private_download": "https:\/\/files.slack.com\/files-pri\/TJH5YU202-FKVTDDGCV\/download\/9ba.gif?t=xoxe-629202954002-776688371669-763909703378-01ffaa4c4eeda75ea92ad255b32a04e5",
                "thumb_64": "https:\/\/files.slack.com\/files-tmb\/TJH5YU202-FKVTDDGCV-1ab87b23ff\/9ba_64.png?t=xoxe-629202954002-776688371669-763909703378-01ffaa4c4eeda75ea92ad255b32a04e5",
                "thumb_80": "https:\/\/files.slack.com\/files-tmb\/TJH5YU202-FKVTDDGCV-1ab87b23ff\/9ba_80.png?t=xoxe-629202954002-776688371669-763909703378-01ffaa4c4eeda75ea92ad255b32a04e5",
                "thumb_360": "https:\/\/files.slack.com\/files-tmb\/TJH5YU202-FKVTDDGCV-1ab87b23ff\/9ba_360.png?t=xoxe-629202954002-776688371669-763909703378-01ffaa4c4eeda75ea92ad255b32a04e5",
                "thumb_360_w": 360,
                "thumb_360_h": 233,
                "thumb_480": "https:\/\/files.slack.com\/files-tmb\/TJH5YU202-FKVTDDGCV-1ab87b23ff\/9ba_480.png?t=xoxe-629202954002-776688371669-763909703378-01ffaa4c4eeda75ea92ad255b32a04e5",
                "thumb_480_w": 480,
                "thumb_480_h": 310,
                "thumb_160": "https:\/\/files.slack.com\/files-tmb\/TJH5YU202-FKVTDDGCV-1ab87b23ff\/9ba_160.png?t=xoxe-629202954002-776688371669-763909703378-01ffaa4c4eeda75ea92ad255b32a04e5",
                "thumb_360_gif": "https:\/\/files.slack.com\/files-tmb\/TJH5YU202-FKVTDDGCV-1ab87b23ff\/9ba_360.gif?t=xoxe-629202954002-776688371669-763909703378-01ffaa4c4eeda75ea92ad255b32a04e5",
                "thumb_480_gif": "https:\/\/files.slack.com\/files-tmb\/TJH5YU202-FKVTDDGCV-1ab87b23ff\/9ba_480.gif?t=xoxe-629202954002-776688371669-763909703378-01ffaa4c4eeda75ea92ad255b32a04e5",
                "image_exif_rotation": 1,
                "original_w": 500,
                "original_h": 323,
                "deanimate_gif": "https:\/\/files.slack.com\/files-tmb\/TJH5YU202-FKVTDDGCV-1ab87b23ff\/9ba_deanimate_gif.png?t=xoxe-629202954002-776688371669-763909703378-01ffaa4c4eeda75ea92ad255b32a04e5",
                "permalink": "https:\/\/harbourproject.slack.com\/files\/UJULQCHL5\/FKVTDDGCV\/9ba.gif",
                "permalink_public": "https:\/\/slack-files.com\/TJH5YU202-FKVTDDGCV-56a8187b50",
                "is_starred": false,
                "has_rich_preview": false
            }
        ],
        "upload": true,
        "user": "UJULQCHL5",
        "display_as_bot": false,
        "ts": "1561481553.019000",
        "client_msg_id": "dad1c212-3160-4724-83a0-b8129a586dc5"
    },
    {
        "client_msg_id": "ef8d47da-26f0-4f87-882f-1e17833c8ec0",
        "type": "message",
        "text": "Ambos Antonio, todo bien",
        "user": "UJV4XG3J4",
        "ts": "1561482309.020000",
        "team": "TJH5YU202",
        "user_team": "TJH5YU202",
        "source_team": "TJH5YU202",
        "user_profile": {
            "avatar_hash": "g90d56153d63",
            "image_72": "https:\/\/secure.gravatar.com\/avatar\/6390d56153d63644fb7b405cad9e41e8.jpg?s=72&d=https%3A%2F%2Fa.slack-edge.com%2F80588%2Fimg%2Favatars%2Fuser_shapes%2Fava_0002-72.png",
            "first_name": "Javier",
            "real_name": "Javier Parada",
            "display_name": "Javier",
            "team": "TJH5YU202",
            "name": "jparada_a",
            "is_restricted": false,
            "is_ultra_restricted": false
        }
    },
    {
        "client_msg_id": "6d197668-6d74-456f-8921-d1a6b5e51dd6",
        "type": "message",
        "text": "mklink \/h libharbour.dll h:\\mod_harbour\\windows\\win32\\libharbour.dll\nEl sistema no puede mover el archivo a otra unidad de disco.",
        "user": "UK28N3CER",
        "ts": "1561484002.020500",
        "team": "TJH5YU202",
        "user_team": "TJH5YU202",
        "source_team": "TJH5YU202",
        "user_profile": {
            "avatar_hash": "3fec6e3393a8",
            "image_72": "https:\/\/avatars.slack-edge.com\/2019-08-17\/723363154273_3fec6e3393a86fb3e470_72.jpg",
            "first_name": "",
            "real_name": "Cesar SysCtrl Software",
            "display_name": "Cesar SysCtrl Software",
            "team": "TJH5YU202",
            "name": "sysctrlsoftware",
            "is_restricted": false,
            "is_ultra_restricted": false
        }
    },
    {
        "client_msg_id": "fe2425fd-27d2-4d82-80ad-75c84f66dffd",
        "type": "message",
        "text": "Paco, aún tenemos que llegar a un nivel superior",
        "user": "UJN8D8U3B",
        "ts": "1561485428.021000",
        "team": "TJH5YU202",
        "user_team": "TJH5YU202",
        "source_team": "TJH5YU202",
        "user_profile": {
            "avatar_hash": "g92ad2abcc45",
            "image_72": "https:\/\/secure.gravatar.com\/avatar\/8492ad2abcc45ce53969adcf8420acde.jpg?s=72&d=https%3A%2F%2Fa.slack-edge.com%2F80588%2Fimg%2Favatars%2Fuser_shapes%2Fava_0008-72.png",
            "first_name": "",
            "real_name": "Antonio Linares",
            "display_name": "Antonio Linares",
            "team": "TJH5YU202",
            "name": "alinares",
            "is_restricted": false,
            "is_ultra_restricted": false
        }
    },
    {
        "client_msg_id": "26f2727c-39f8-41e8-aa51-dc4b1d463cbd",
        "type": "message",
        "text": "Estamos solo viendo la punta del iceberg... :slightly_smiling_face:",
        "user": "UJN8D8U3B",
        "ts": "1561485472.021600",
        "team": "TJH5YU202",
        "user_team": "TJH5YU202",
        "source_team": "TJH5YU202",
        "user_profile": {
            "avatar_hash": "g92ad2abcc45",
            "image_72": "https:\/\/secure.gravatar.com\/avatar\/8492ad2abcc45ce53969adcf8420acde.jpg?s=72&d=https%3A%2F%2Fa.slack-edge.com%2F80588%2Fimg%2Favatars%2Fuser_shapes%2Fava_0008-72.png",
            "first_name": "",
            "real_name": "Antonio Linares",
            "display_name": "Antonio Linares",
            "team": "TJH5YU202",
            "name": "alinares",
            "is_restricted": false,
            "is_ultra_restricted": false
        }
    },
    {
        "client_msg_id": "8587f1e4-a415-4860-bf6b-7422208e908e",
        "type": "message",
        "text": "Seria un buen nombre para un framework",
        "user": "UJN8D8U3B",
        "ts": "1561485572.022600",
        "team": "TJH5YU202",
        "user_team": "TJH5YU202",
        "source_team": "TJH5YU202",
        "user_profile": {
            "avatar_hash": "g92ad2abcc45",
            "image_72": "https:\/\/secure.gravatar.com\/avatar\/8492ad2abcc45ce53969adcf8420acde.jpg?s=72&d=https%3A%2F%2Fa.slack-edge.com%2F80588%2Fimg%2Favatars%2Fuser_shapes%2Fava_0008-72.png",
            "first_name": "",
            "real_name": "Antonio Linares",
            "display_name": "Antonio Linares",
            "team": "TJH5YU202",
            "name": "alinares",
            "is_restricted": false,
            "is_ultra_restricted": false
        }
    },
    {
        "client_msg_id": "247b5027-bba6-45b7-b910-7c106ed434fa",
        "type": "message",
        "text": "gracias Master",
        "user": "UJULQCHL5",
        "ts": "1561487337.023400",
        "team": "TJH5YU202",
        "user_team": "TJH5YU202",
        "source_team": "TJH5YU202",
        "user_profile": {
            "avatar_hash": "g7659142325a",
            "image_72": "https:\/\/secure.gravatar.com\/avatar\/c87659142325a3facb661d85281ec091.jpg?s=72&d=https%3A%2F%2Fa.slack-edge.com%2F80588%2Fimg%2Favatars%2Fuser_shapes%2Fava_0003-72.png",
            "first_name": "",
            "real_name": "Paquito",
            "display_name": "Paquito",
            "team": "TJH5YU202",
            "name": "hmpaquito",
            "is_restricted": false,
            "is_ultra_restricted": false
        }
    }
]