[
    {
        "client_msg_id": "93e0570f-6254-4d05-a2c5-a69705b5ca12",
        "type": "message",
        "text": "There is a new mod Harbour build available from <https:\/\/github.com\/FiveTechSoft\/mod_harbour\/tree\/master\/linux\/Ubuntu%2018.04\/20190524>",
        "user": "UJN8D8U3B",
        "ts": "1558681635.001700",
        "team": "TJH5YU202",
        "user_team": "TJH5YU202",
        "source_team": "TJH5YU202",
        "user_profile": {
            "avatar_hash": "g92ad2abcc45",
            "image_72": "https:\/\/secure.gravatar.com\/avatar\/8492ad2abcc45ce53969adcf8420acde.jpg?s=72&d=https%3A%2F%2Fa.slack-edge.com%2F80588%2Fimg%2Favatars%2Fuser_shapes%2Fava_0008-72.png",
            "first_name": "",
            "real_name": "Antonio Linares",
            "display_name": "Antonio Linares",
            "team": "TJH5YU202",
            "name": "alinares",
            "is_restricted": false,
            "is_ultra_restricted": false
        },
        "attachments": [
            {
                "service_name": "GitHub",
                "title": "FiveTechSoft\/mod_harbour",
                "title_link": "https:\/\/github.com\/FiveTechSoft\/mod_harbour\/tree\/master\/linux\/Ubuntu%2018.04\/20190524",
                "text": "Apache mod for Harbour. Contribute to FiveTechSoft\/mod_harbour development by creating an account on GitHub.",
                "fallback": "GitHub: FiveTechSoft\/mod_harbour",
                "thumb_url": "https:\/\/avatars3.githubusercontent.com\/u\/10235217?s=400&v=4",
                "from_url": "https:\/\/github.com\/FiveTechSoft\/mod_harbour\/tree\/master\/linux\/Ubuntu%2018.04\/20190524",
                "thumb_width": 400,
                "thumb_height": 400,
                "service_icon": "https:\/\/a.slack-edge.com\/bfaba\/img\/unfurl_icons\/github.png",
                "id": 1,
                "original_url": "https:\/\/github.com\/FiveTechSoft\/mod_harbour\/tree\/master\/linux\/Ubuntu%2018.04\/20190524"
            }
        ]
    },
    {
        "client_msg_id": "533d298a-6e00-4870-98e3-08b3ee4760cb",
        "type": "message",
        "text": "Hay un nuevo build de mod Harbour disponible desde <https:\/\/github.com\/FiveTechSoft\/mod_harbour\/tree\/master\/linux\/Ubuntu%2018.04\/20190524>",
        "user": "UJN8D8U3B",
        "ts": "1558681649.002200",
        "team": "TJH5YU202",
        "user_team": "TJH5YU202",
        "source_team": "TJH5YU202",
        "user_profile": {
            "avatar_hash": "g92ad2abcc45",
            "image_72": "https:\/\/secure.gravatar.com\/avatar\/8492ad2abcc45ce53969adcf8420acde.jpg?s=72&d=https%3A%2F%2Fa.slack-edge.com%2F80588%2Fimg%2Favatars%2Fuser_shapes%2Fava_0008-72.png",
            "first_name": "",
            "real_name": "Antonio Linares",
            "display_name": "Antonio Linares",
            "team": "TJH5YU202",
            "name": "alinares",
            "is_restricted": false,
            "is_ultra_restricted": false
        },
        "attachments": [
            {
                "service_name": "GitHub",
                "title": "FiveTechSoft\/mod_harbour",
                "title_link": "https:\/\/github.com\/FiveTechSoft\/mod_harbour\/tree\/master\/linux\/Ubuntu%2018.04\/20190524",
                "text": "Apache mod for Harbour. Contribute to FiveTechSoft\/mod_harbour development by creating an account on GitHub.",
                "fallback": "GitHub: FiveTechSoft\/mod_harbour",
                "thumb_url": "https:\/\/avatars3.githubusercontent.com\/u\/10235217?s=400&v=4",
                "from_url": "https:\/\/github.com\/FiveTechSoft\/mod_harbour\/tree\/master\/linux\/Ubuntu%2018.04\/20190524",
                "thumb_width": 400,
                "thumb_height": 400,
                "service_icon": "https:\/\/a.slack-edge.com\/bfaba\/img\/unfurl_icons\/github.png",
                "id": 1,
                "original_url": "https:\/\/github.com\/FiveTechSoft\/mod_harbour\/tree\/master\/linux\/Ubuntu%2018.04\/20190524"
            }
        ]
    },
    {
        "client_msg_id": "7e6aa5ec-0303-4ad3-a6d6-8a9a9fd6720a",
        "type": "message",
        "text": "Creado el mod en CentOS 7 y funcionando",
        "user": "UJK7SNX51",
        "ts": "1558683931.002900",
        "team": "TJH5YU202",
        "user_team": "TJH5YU202",
        "source_team": "TJH5YU202",
        "user_profile": {
            "avatar_hash": "6698a9ba696b",
            "image_72": "https:\/\/avatars.slack-edge.com\/2019-07-04\/673660529330_6698a9ba696bad01eb8c_72.jpg",
            "first_name": "Baxajaun",
            "real_name": "Baxajaun",
            "display_name": "Baxajaun",
            "team": "TJH5YU202",
            "name": "fpgrande",
            "is_restricted": false,
            "is_ultra_restricted": false
        }
    },
    {
        "client_msg_id": "354c513b-4622-4d2a-b21b-041b55497017",
        "type": "message",
        "text": "Enhorabuena Felix !!! :smile:",
        "user": "UJN8D8U3B",
        "ts": "1558683953.003100",
        "team": "TJH5YU202",
        "user_team": "TJH5YU202",
        "source_team": "TJH5YU202",
        "user_profile": {
            "avatar_hash": "g92ad2abcc45",
            "image_72": "https:\/\/secure.gravatar.com\/avatar\/8492ad2abcc45ce53969adcf8420acde.jpg?s=72&d=https%3A%2F%2Fa.slack-edge.com%2F80588%2Fimg%2Favatars%2Fuser_shapes%2Fava_0008-72.png",
            "first_name": "",
            "real_name": "Antonio Linares",
            "display_name": "Antonio Linares",
            "team": "TJH5YU202",
            "name": "alinares",
            "is_restricted": false,
            "is_ultra_restricted": false
        }
    },
    {
        "client_msg_id": "3463589d-963f-4ae0-9219-68416cd50e44",
        "type": "message",
        "text": "bravo !!!!!!",
        "user": "UJN8D8U3B",
        "ts": "1558683960.003300",
        "team": "TJH5YU202",
        "user_team": "TJH5YU202",
        "source_team": "TJH5YU202",
        "user_profile": {
            "avatar_hash": "g92ad2abcc45",
            "image_72": "https:\/\/secure.gravatar.com\/avatar\/8492ad2abcc45ce53969adcf8420acde.jpg?s=72&d=https%3A%2F%2Fa.slack-edge.com%2F80588%2Fimg%2Favatars%2Fuser_shapes%2Fava_0008-72.png",
            "first_name": "",
            "real_name": "Antonio Linares",
            "display_name": "Antonio Linares",
            "team": "TJH5YU202",
            "name": "alinares",
            "is_restricted": false,
            "is_ultra_restricted": false
        }
    },
    {
        "client_msg_id": "31d518f0-748e-4582-bc26-9b5e989c004a",
        "type": "message",
        "text": "Podrias recrear en un pequeño doc y colgarlo Felix",
        "user": "UJWR5N32S",
        "ts": "1558684731.004200",
        "team": "TJH5YU202",
        "user_team": "TJH5YU202",
        "source_team": "TJH5YU202",
        "user_profile": {
            "avatar_hash": "273d3745f7ae",
            "image_72": "https:\/\/avatars.slack-edge.com\/2019-05-20\/634344238497_273d3745f7ae1b176b82_72.jpg",
            "first_name": "Charly",
            "real_name": "Charly",
            "display_name": "Charly",
            "team": "TJH5YU202",
            "name": "carles9000",
            "is_restricted": false,
            "is_ultra_restricted": false
        }
    },
    {
        "client_msg_id": "1515497b-1da7-4c2e-afca-0308722acc0d",
        "type": "message",
        "text": "Por supuesto",
        "user": "UJK7SNX51",
        "ts": "1558685156.004400",
        "team": "TJH5YU202",
        "user_team": "TJH5YU202",
        "source_team": "TJH5YU202",
        "user_profile": {
            "avatar_hash": "6698a9ba696b",
            "image_72": "https:\/\/avatars.slack-edge.com\/2019-07-04\/673660529330_6698a9ba696bad01eb8c_72.jpg",
            "first_name": "Baxajaun",
            "real_name": "Baxajaun",
            "display_name": "Baxajaun",
            "team": "TJH5YU202",
            "name": "fpgrande",
            "is_restricted": false,
            "is_ultra_restricted": false
        }
    },
    {
        "client_msg_id": "e9397fc0-14aa-4be6-8a97-478bcabfbcef",
        "type": "message",
        "text": "Se lo acabo de enviar a Antonio.",
        "user": "UJK7SNX51",
        "ts": "1558686864.004900",
        "team": "TJH5YU202",
        "user_team": "TJH5YU202",
        "source_team": "TJH5YU202",
        "user_profile": {
            "avatar_hash": "6698a9ba696b",
            "image_72": "https:\/\/avatars.slack-edge.com\/2019-07-04\/673660529330_6698a9ba696bad01eb8c_72.jpg",
            "first_name": "Baxajaun",
            "real_name": "Baxajaun",
            "display_name": "Baxajaun",
            "team": "TJH5YU202",
            "name": "fpgrande",
            "is_restricted": false,
            "is_ultra_restricted": false
        }
    },
    {
        "type": "message",
        "text": "sample file run as PHP",
        "files": [
            {
                "id": "FJYKAUP8U",
                "created": 1558688504,
                "timestamp": 1558688504,
                "name": "zzz.7z",
                "title": "zzz.7z",
                "mimetype": "application\/octet-stream",
                "filetype": "binary",
                "pretty_type": "Binary",
                "user": "UJY6ZUCSH",
                "editable": false,
                "size": 1919,
                "mode": "hosted",
                "is_external": false,
                "external_type": "",
                "is_public": true,
                "public_url_shared": false,
                "display_as_bot": false,
                "username": "",
                "url_private": "https:\/\/files.slack.com\/files-pri\/TJH5YU202-FJYKAUP8U\/zzz.7z?t=xoxe-629202954002-776688371669-763909703378-01ffaa4c4eeda75ea92ad255b32a04e5",
                "url_private_download": "https:\/\/files.slack.com\/files-pri\/TJH5YU202-FJYKAUP8U\/download\/zzz.7z?t=xoxe-629202954002-776688371669-763909703378-01ffaa4c4eeda75ea92ad255b32a04e5",
                "permalink": "https:\/\/harbourproject.slack.com\/files\/UJY6ZUCSH\/FJYKAUP8U\/zzz.7z",
                "permalink_public": "https:\/\/slack-files.com\/TJH5YU202-FJYKAUP8U-96aa9de3d0",
                "is_starred": false,
                "has_rich_preview": false
            }
        ],
        "upload": true,
        "user": "UJY6ZUCSH",
        "display_as_bot": false,
        "ts": "1558688504.005000",
        "client_msg_id": "195795a7-3cd8-4805-a807-efb57911509e"
    },
    {
        "client_msg_id": "0bf589da-968e-4782-8a68-1a79d0236bfd",
        "type": "message",
        "text": "Can Wen run as PHP?",
        "user": "UJY6ZUCSH",
        "ts": "1558688517.005500",
        "team": "TJH5YU202",
        "user_team": "TJH5YU202",
        "source_team": "TJH5YU202",
        "user_profile": {
            "avatar_hash": "gb0f18c1424f",
            "image_72": "https:\/\/secure.gravatar.com\/avatar\/88b0f18c1424fca9048fca4b9d87db6e.jpg?s=72&d=https%3A%2F%2Fa.slack-edge.com%2F80588%2Fimg%2Favatars%2Fuser_shapes%2Fava_0002-72.png",
            "first_name": "",
            "real_name": "WenSheng",
            "display_name": "WenSheng",
            "team": "TJH5YU202",
            "name": "ssbbstw",
            "is_restricted": false,
            "is_ultra_restricted": false
        }
    },
    {
        "client_msg_id": "02f1acd3-5d4b-42f9-928e-0ca62e4e20c9",
        "type": "message",
        "text": "Felix ha creado un fork de mod_harbour para hacer sus cambios y luego hacer \"pull request\"",
        "user": "UJN8D8U3B",
        "ts": "1558689681.006000",
        "team": "TJH5YU202",
        "user_team": "TJH5YU202",
        "source_team": "TJH5YU202",
        "user_profile": {
            "avatar_hash": "g92ad2abcc45",
            "image_72": "https:\/\/secure.gravatar.com\/avatar\/8492ad2abcc45ce53969adcf8420acde.jpg?s=72&d=https%3A%2F%2Fa.slack-edge.com%2F80588%2Fimg%2Favatars%2Fuser_shapes%2Fava_0008-72.png",
            "first_name": "",
            "real_name": "Antonio Linares",
            "display_name": "Antonio Linares",
            "team": "TJH5YU202",
            "name": "alinares",
            "is_restricted": false,
            "is_ultra_restricted": false
        }
    },
    {
        "client_msg_id": "15e01a93-c5a1-4bf9-a1f8-59c69846cd27",
        "type": "message",
        "text": "es la forma correcta de colaborar al proyecto :slightly_smiling_face:",
        "user": "UJN8D8U3B",
        "ts": "1558689693.006300",
        "team": "TJH5YU202",
        "user_team": "TJH5YU202",
        "source_team": "TJH5YU202",
        "user_profile": {
            "avatar_hash": "g92ad2abcc45",
            "image_72": "https:\/\/secure.gravatar.com\/avatar\/8492ad2abcc45ce53969adcf8420acde.jpg?s=72&d=https%3A%2F%2Fa.slack-edge.com%2F80588%2Fimg%2Favatars%2Fuser_shapes%2Fava_0008-72.png",
            "first_name": "",
            "real_name": "Antonio Linares",
            "display_name": "Antonio Linares",
            "team": "TJH5YU202",
            "name": "alinares",
            "is_restricted": false,
            "is_ultra_restricted": false
        }
    },
    {
        "client_msg_id": "b5e90bc1-84af-45b3-9f85-727055f07e49",
        "type": "message",
        "text": "Se agradece mucho quienes lo hagan asi",
        "user": "UJN8D8U3B",
        "ts": "1558689700.006600",
        "team": "TJH5YU202",
        "user_team": "TJH5YU202",
        "source_team": "TJH5YU202",
        "user_profile": {
            "avatar_hash": "g92ad2abcc45",
            "image_72": "https:\/\/secure.gravatar.com\/avatar\/8492ad2abcc45ce53969adcf8420acde.jpg?s=72&d=https%3A%2F%2Fa.slack-edge.com%2F80588%2Fimg%2Favatars%2Fuser_shapes%2Fava_0008-72.png",
            "first_name": "",
            "real_name": "Antonio Linares",
            "display_name": "Antonio Linares",
            "team": "TJH5YU202",
            "name": "alinares",
            "is_restricted": false,
            "is_ultra_restricted": false
        }
    },
    {
        "client_msg_id": "0D0FC6D0-DEAF-496B-9C94-00D2822BDB39",
        "type": "message",
        "text": "WenSheng please review the samples dbedit.prg and dbrowse.prg in the samples folder of the mod repo",
        "user": "UJN8D8U3B",
        "ts": "1558691210.008400",
        "team": "TJH5YU202",
        "user_team": "TJH5YU202",
        "source_team": "TJH5YU202",
        "user_profile": {
            "avatar_hash": "g92ad2abcc45",
            "image_72": "https:\/\/secure.gravatar.com\/avatar\/8492ad2abcc45ce53969adcf8420acde.jpg?s=72&d=https%3A%2F%2Fa.slack-edge.com%2F80588%2Fimg%2Favatars%2Fuser_shapes%2Fava_0008-72.png",
            "first_name": "",
            "real_name": "Antonio Linares",
            "display_name": "Antonio Linares",
            "team": "TJH5YU202",
            "name": "alinares",
            "is_restricted": false,
            "is_ultra_restricted": false
        }
    },
    {
        "client_msg_id": "6c79df9f-d345-4a82-8c50-01da573b0205",
        "type": "message",
        "text": "Hecho \"pull request\"",
        "user": "UJK7SNX51",
        "ts": "1558692006.009400",
        "team": "TJH5YU202",
        "user_team": "TJH5YU202",
        "source_team": "TJH5YU202",
        "user_profile": {
            "avatar_hash": "6698a9ba696b",
            "image_72": "https:\/\/avatars.slack-edge.com\/2019-07-04\/673660529330_6698a9ba696bad01eb8c_72.jpg",
            "first_name": "Baxajaun",
            "real_name": "Baxajaun",
            "display_name": "Baxajaun",
            "team": "TJH5YU202",
            "name": "fpgrande",
            "is_restricted": false,
            "is_ultra_restricted": false
        }
    },
    {
        "client_msg_id": "7a579970-19d3-4efb-af28-cabe4620c070",
        "type": "message",
        "text": "WenSheng:\n\nRunning samples: <http:\/\/xevicomas.no-ip.org\/test\/>\nSource code samples:  <https:\/\/github.com\/FiveTechSoft\/mod_harbour\/tree\/master\/samples>",
        "user": "UJULQCHL5",
        "ts": "1558692106.009600",
        "team": "TJH5YU202",
        "user_team": "TJH5YU202",
        "source_team": "TJH5YU202",
        "user_profile": {
            "avatar_hash": "g7659142325a",
            "image_72": "https:\/\/secure.gravatar.com\/avatar\/c87659142325a3facb661d85281ec091.jpg?s=72&d=https%3A%2F%2Fa.slack-edge.com%2F80588%2Fimg%2Favatars%2Fuser_shapes%2Fava_0003-72.png",
            "first_name": "",
            "real_name": "Paquito",
            "display_name": "Paquito",
            "team": "TJH5YU202",
            "name": "hmpaquito",
            "is_restricted": false,
            "is_ultra_restricted": false
        },
        "attachments": [
            {
                "service_name": "GitHub",
                "title": "FiveTechSoft\/mod_harbour",
                "title_link": "https:\/\/github.com\/FiveTechSoft\/mod_harbour\/tree\/master\/samples",
                "text": "Apache mod for Harbour. Contribute to FiveTechSoft\/mod_harbour development by creating an account on GitHub.",
                "fallback": "GitHub: FiveTechSoft\/mod_harbour",
                "thumb_url": "https:\/\/avatars3.githubusercontent.com\/u\/10235217?s=400&v=4",
                "from_url": "https:\/\/github.com\/FiveTechSoft\/mod_harbour\/tree\/master\/samples",
                "thumb_width": 400,
                "thumb_height": 400,
                "service_icon": "https:\/\/a.slack-edge.com\/bfaba\/img\/unfurl_icons\/github.png",
                "id": 1,
                "original_url": "https:\/\/github.com\/FiveTechSoft\/mod_harbour\/tree\/master\/samples"
            }
        ],
        "thread_ts": "1558692106.009600",
        "reply_count": 2,
        "reply_users_count": 2,
        "latest_reply": "1558692644.010000",
        "reply_users": [
            "UJY6ZUCSH",
            "UJULQCHL5"
        ],
        "replies": [
            {
                "user": "UJY6ZUCSH",
                "ts": "1558692378.009800"
            },
            {
                "user": "UJULQCHL5",
                "ts": "1558692644.010000"
            }
        ],
        "subscribed": false
    },
    {
        "client_msg_id": "92a67093-7b49-48b8-801e-5db3c5f0b37e",
        "type": "message",
        "text": "can't to view source code, only Results of the execute.",
        "user": "UJY6ZUCSH",
        "ts": "1558692378.009800",
        "team": "TJH5YU202",
        "user_team": "TJH5YU202",
        "source_team": "TJH5YU202",
        "user_profile": {
            "avatar_hash": "gb0f18c1424f",
            "image_72": "https:\/\/secure.gravatar.com\/avatar\/88b0f18c1424fca9048fca4b9d87db6e.jpg?s=72&d=https%3A%2F%2Fa.slack-edge.com%2F80588%2Fimg%2Favatars%2Fuser_shapes%2Fava_0002-72.png",
            "first_name": "",
            "real_name": "WenSheng",
            "display_name": "WenSheng",
            "team": "TJH5YU202",
            "name": "ssbbstw",
            "is_restricted": false,
            "is_ultra_restricted": false
        },
        "thread_ts": "1558692106.009600",
        "parent_user_id": "UJULQCHL5"
    },
    {
        "client_msg_id": "087036e4-3cfc-429e-9abe-d37411cacdc5",
        "type": "message",
        "text": "Source code in: <https:\/\/github.com\/FiveTechSoft\/mod_harbour\/tree\/master\/samples>",
        "user": "UJULQCHL5",
        "ts": "1558692644.010000",
        "team": "TJH5YU202",
        "user_team": "TJH5YU202",
        "source_team": "TJH5YU202",
        "user_profile": {
            "avatar_hash": "g7659142325a",
            "image_72": "https:\/\/secure.gravatar.com\/avatar\/c87659142325a3facb661d85281ec091.jpg?s=72&d=https%3A%2F%2Fa.slack-edge.com%2F80588%2Fimg%2Favatars%2Fuser_shapes%2Fava_0003-72.png",
            "first_name": "",
            "real_name": "Paquito",
            "display_name": "Paquito",
            "team": "TJH5YU202",
            "name": "hmpaquito",
            "is_restricted": false,
            "is_ultra_restricted": false
        },
        "thread_ts": "1558692106.009600",
        "parent_user_id": "UJULQCHL5"
    },
    {
        "client_msg_id": "55129b14-bc3b-4878-a2dc-85acc8ddff7c",
        "type": "message",
        "text": "gracias Paco, y gracias por el _ApMain() tip :wink:",
        "user": "UJN8D8U3B",
        "ts": "1558692968.010500",
        "team": "TJH5YU202",
        "user_team": "TJH5YU202",
        "source_team": "TJH5YU202",
        "user_profile": {
            "avatar_hash": "g92ad2abcc45",
            "image_72": "https:\/\/secure.gravatar.com\/avatar\/8492ad2abcc45ce53969adcf8420acde.jpg?s=72&d=https%3A%2F%2Fa.slack-edge.com%2F80588%2Fimg%2Favatars%2Fuser_shapes%2Fava_0008-72.png",
            "first_name": "",
            "real_name": "Antonio Linares",
            "display_name": "Antonio Linares",
            "team": "TJH5YU202",
            "name": "alinares",
            "is_restricted": false,
            "is_ultra_restricted": false
        }
    },
    {
        "client_msg_id": "93a242c0-7598-41f2-a283-045b92b93248",
        "type": "message",
        "text": "_AppMain()",
        "user": "UJN8D8U3B",
        "ts": "1558692978.010700",
        "team": "TJH5YU202",
        "user_team": "TJH5YU202",
        "source_team": "TJH5YU202",
        "user_profile": {
            "avatar_hash": "g92ad2abcc45",
            "image_72": "https:\/\/secure.gravatar.com\/avatar\/8492ad2abcc45ce53969adcf8420acde.jpg?s=72&d=https%3A%2F%2Fa.slack-edge.com%2F80588%2Fimg%2Favatars%2Fuser_shapes%2Fava_0008-72.png",
            "first_name": "",
            "real_name": "Antonio Linares",
            "display_name": "Antonio Linares",
            "team": "TJH5YU202",
            "name": "alinares",
            "is_restricted": false,
            "is_ultra_restricted": false
        }
    },
    {
        "type": "message",
        "text": "Gracias a ti Antonio, que has vuelto a hacer navegar el barco :wink:",
        "files": [
            {
                "id": "FK1CSFVAA",
                "created": 1558694673,
                "timestamp": 1558694673,
                "name": "image.png",
                "title": "image.png",
                "mimetype": "image\/png",
                "filetype": "png",
                "pretty_type": "PNG",
                "user": "UJULQCHL5",
                "editable": false,
                "size": 214302,
                "mode": "hosted",
                "is_external": false,
                "external_type": "",
                "is_public": true,
                "public_url_shared": false,
                "display_as_bot": false,
                "username": "",
                "url_private": "https:\/\/files.slack.com\/files-pri\/TJH5YU202-FK1CSFVAA\/image.png?t=xoxe-629202954002-776688371669-763909703378-01ffaa4c4eeda75ea92ad255b32a04e5",
                "url_private_download": "https:\/\/files.slack.com\/files-pri\/TJH5YU202-FK1CSFVAA\/download\/image.png?t=xoxe-629202954002-776688371669-763909703378-01ffaa4c4eeda75ea92ad255b32a04e5",
                "thumb_64": "https:\/\/files.slack.com\/files-tmb\/TJH5YU202-FK1CSFVAA-9b58a64930\/image_64.png?t=xoxe-629202954002-776688371669-763909703378-01ffaa4c4eeda75ea92ad255b32a04e5",
                "thumb_80": "https:\/\/files.slack.com\/files-tmb\/TJH5YU202-FK1CSFVAA-9b58a64930\/image_80.png?t=xoxe-629202954002-776688371669-763909703378-01ffaa4c4eeda75ea92ad255b32a04e5",
                "thumb_360": "https:\/\/files.slack.com\/files-tmb\/TJH5YU202-FK1CSFVAA-9b58a64930\/image_360.png?t=xoxe-629202954002-776688371669-763909703378-01ffaa4c4eeda75ea92ad255b32a04e5",
                "thumb_360_w": 360,
                "thumb_360_h": 360,
                "thumb_480": "https:\/\/files.slack.com\/files-tmb\/TJH5YU202-FK1CSFVAA-9b58a64930\/image_480.png?t=xoxe-629202954002-776688371669-763909703378-01ffaa4c4eeda75ea92ad255b32a04e5",
                "thumb_480_w": 480,
                "thumb_480_h": 480,
                "thumb_160": "https:\/\/files.slack.com\/files-tmb\/TJH5YU202-FK1CSFVAA-9b58a64930\/image_160.png?t=xoxe-629202954002-776688371669-763909703378-01ffaa4c4eeda75ea92ad255b32a04e5",
                "thumb_720": "https:\/\/files.slack.com\/files-tmb\/TJH5YU202-FK1CSFVAA-9b58a64930\/image_720.png?t=xoxe-629202954002-776688371669-763909703378-01ffaa4c4eeda75ea92ad255b32a04e5",
                "thumb_720_w": 720,
                "thumb_720_h": 720,
                "thumb_800": "https:\/\/files.slack.com\/files-tmb\/TJH5YU202-FK1CSFVAA-9b58a64930\/image_800.png?t=xoxe-629202954002-776688371669-763909703378-01ffaa4c4eeda75ea92ad255b32a04e5",
                "thumb_800_w": 800,
                "thumb_800_h": 800,
                "thumb_960": "https:\/\/files.slack.com\/files-tmb\/TJH5YU202-FK1CSFVAA-9b58a64930\/image_960.png?t=xoxe-629202954002-776688371669-763909703378-01ffaa4c4eeda75ea92ad255b32a04e5",
                "thumb_960_w": 960,
                "thumb_960_h": 960,
                "thumb_1024": "https:\/\/files.slack.com\/files-tmb\/TJH5YU202-FK1CSFVAA-9b58a64930\/image_1024.png?t=xoxe-629202954002-776688371669-763909703378-01ffaa4c4eeda75ea92ad255b32a04e5",
                "thumb_1024_w": 1024,
                "thumb_1024_h": 1024,
                "image_exif_rotation": 1,
                "original_w": 2260,
                "original_h": 2260,
                "permalink": "https:\/\/harbourproject.slack.com\/files\/UJULQCHL5\/FK1CSFVAA\/image.png",
                "permalink_public": "https:\/\/slack-files.com\/TJH5YU202-FK1CSFVAA-9b78922ccf",
                "is_starred": false,
                "has_rich_preview": false
            }
        ],
        "upload": true,
        "user": "UJULQCHL5",
        "display_as_bot": false,
        "ts": "1558694677.011200",
        "client_msg_id": "70810fd6-29ee-4682-a3cd-b8efd116e773"
    },
    {
        "client_msg_id": "5b5d2575-fc58-4a10-b004-0de424218ceb",
        "type": "message",
        "text": "Con la mejor tripulación que se puede tener :wink:",
        "user": "UJN8D8U3B",
        "ts": "1558695066.012700",
        "team": "TJH5YU202",
        "user_team": "TJH5YU202",
        "source_team": "TJH5YU202",
        "user_profile": {
            "avatar_hash": "g92ad2abcc45",
            "image_72": "https:\/\/secure.gravatar.com\/avatar\/8492ad2abcc45ce53969adcf8420acde.jpg?s=72&d=https%3A%2F%2Fa.slack-edge.com%2F80588%2Fimg%2Favatars%2Fuser_shapes%2Fava_0008-72.png",
            "first_name": "",
            "real_name": "Antonio Linares",
            "display_name": "Antonio Linares",
            "team": "TJH5YU202",
            "name": "alinares",
            "is_restricted": false,
            "is_ultra_restricted": false
        }
    },
    {
        "client_msg_id": "d9d01f75-b636-4a63-a70b-65f051490069",
        "type": "message",
        "text": "Por si queréis usar Notepad++ para editar los ficheros remotamente :wink: <https:\/\/blog.sleeplessbeastie.eu\/2015\/07\/27\/how-to-edit-files-using-notepad-plus-plus-over-ssh-file-transfer-protocol\/>",
        "user": "UJK7SNX51",
        "ts": "1558699796.013400",
        "team": "TJH5YU202",
        "user_team": "TJH5YU202",
        "source_team": "TJH5YU202",
        "user_profile": {
            "avatar_hash": "6698a9ba696b",
            "image_72": "https:\/\/avatars.slack-edge.com\/2019-07-04\/673660529330_6698a9ba696bad01eb8c_72.jpg",
            "first_name": "Baxajaun",
            "real_name": "Baxajaun",
            "display_name": "Baxajaun",
            "team": "TJH5YU202",
            "name": "fpgrande",
            "is_restricted": false,
            "is_ultra_restricted": false
        },
        "attachments": [
            {
                "title": "How to edit files using Notepad++ over SSH File Transfer Protocol",
                "title_link": "https:\/\/blog.sleeplessbeastie.eu\/2015\/07\/27\/how-to-edit-files-using-notepad-plus-plus-over-ssh-file-transfer-protocol\/",
                "text": "Notepad++ is a GPL licensed source code editor for Windows operating system. I use it rarely due to Linux related habits, but my friends are using it all the time, so there must be something about it. Taking this into account, I will briefly describe how to edit files using this editor over SSH File Transfer Protocol.",
                "fallback": "How to edit files using Notepad++ over SSH File Transfer Protocol",
                "from_url": "https:\/\/blog.sleeplessbeastie.eu\/2015\/07\/27\/how-to-edit-files-using-notepad-plus-plus-over-ssh-file-transfer-protocol\/",
                "service_icon": "https:\/\/blog.sleeplessbeastie.eu\/favicon.ico",
                "service_name": "blog.sleeplessbeastie.eu",
                "id": 1,
                "original_url": "https:\/\/blog.sleeplessbeastie.eu\/2015\/07\/27\/how-to-edit-files-using-notepad-plus-plus-over-ssh-file-transfer-protocol\/"
            }
        ]
    },
    {
        "client_msg_id": "9951ca72-e719-4f48-851f-a284de33563e",
        "type": "message",
        "text": "Notepad++ lo uso para todo... :slightly_smiling_face:",
        "user": "UJWR5N32S",
        "ts": "1558700591.013900",
        "team": "TJH5YU202",
        "user_team": "TJH5YU202",
        "source_team": "TJH5YU202",
        "user_profile": {
            "avatar_hash": "273d3745f7ae",
            "image_72": "https:\/\/avatars.slack-edge.com\/2019-05-20\/634344238497_273d3745f7ae1b176b82_72.jpg",
            "first_name": "Charly",
            "real_name": "Charly",
            "display_name": "Charly",
            "team": "TJH5YU202",
            "name": "carles9000",
            "is_restricted": false,
            "is_ultra_restricted": false
        }
    },
    {
        "client_msg_id": "047f0824-4fef-4cd0-a059-db94bbb6fcfd",
        "type": "message",
        "text": "que bueno Felix, gracias!",
        "user": "UJN8D8U3B",
        "ts": "1558705258.014100",
        "team": "TJH5YU202",
        "user_team": "TJH5YU202",
        "source_team": "TJH5YU202",
        "user_profile": {
            "avatar_hash": "g92ad2abcc45",
            "image_72": "https:\/\/secure.gravatar.com\/avatar\/8492ad2abcc45ce53969adcf8420acde.jpg?s=72&d=https%3A%2F%2Fa.slack-edge.com%2F80588%2Fimg%2Favatars%2Fuser_shapes%2Fava_0008-72.png",
            "first_name": "",
            "real_name": "Antonio Linares",
            "display_name": "Antonio Linares",
            "team": "TJH5YU202",
            "name": "alinares",
            "is_restricted": false,
            "is_ultra_restricted": false
        }
    },
    {
        "client_msg_id": "031b572c-d91c-4863-b816-f500d080d146",
        "type": "message",
        "text": "Quien va a construir el mod en OpenSuse ? :wink:",
        "user": "UJN8D8U3B",
        "ts": "1558705401.014400",
        "team": "TJH5YU202",
        "user_team": "TJH5YU202",
        "source_team": "TJH5YU202",
        "user_profile": {
            "avatar_hash": "g92ad2abcc45",
            "image_72": "https:\/\/secure.gravatar.com\/avatar\/8492ad2abcc45ce53969adcf8420acde.jpg?s=72&d=https%3A%2F%2Fa.slack-edge.com%2F80588%2Fimg%2Favatars%2Fuser_shapes%2Fava_0008-72.png",
            "first_name": "",
            "real_name": "Antonio Linares",
            "display_name": "Antonio Linares",
            "team": "TJH5YU202",
            "name": "alinares",
            "is_restricted": false,
            "is_ultra_restricted": false
        }
    },
    {
        "client_msg_id": "db92b900-06f7-4f23-baa0-05bd23ea29a3",
        "type": "message",
        "text": "Who is going to build the mod for OpenSuse ?",
        "user": "UJN8D8U3B",
        "ts": "1558705415.014800",
        "team": "TJH5YU202",
        "user_team": "TJH5YU202",
        "source_team": "TJH5YU202",
        "user_profile": {
            "avatar_hash": "g92ad2abcc45",
            "image_72": "https:\/\/secure.gravatar.com\/avatar\/8492ad2abcc45ce53969adcf8420acde.jpg?s=72&d=https%3A%2F%2Fa.slack-edge.com%2F80588%2Fimg%2Favatars%2Fuser_shapes%2Fava_0008-72.png",
            "first_name": "",
            "real_name": "Antonio Linares",
            "display_name": "Antonio Linares",
            "team": "TJH5YU202",
            "name": "alinares",
            "is_restricted": false,
            "is_ultra_restricted": false
        }
    },
    {
        "client_msg_id": "71b4a456-7339-4cf5-bf76-82f31f194c18",
        "type": "message",
        "text": "buen dia. con windows sever 64 +ubuntu  funciona? o me tengo que cambiar al 10...",
        "user": "UJV12UW9W",
        "ts": "1558712383.016000",
        "team": "TJH5YU202",
        "user_team": "TJH5YU202",
        "source_team": "TJH5YU202",
        "user_profile": {
            "avatar_hash": "gdc1a4420c40",
            "image_72": "https:\/\/secure.gravatar.com\/avatar\/74dc1a4420c40dea594ef0e0e3a965ce.jpg?s=72&d=https%3A%2F%2Fa.slack-edge.com%2F80588%2Fimg%2Favatars%2Fuser_shapes%2Fava_0022-72.png",
            "first_name": "",
            "real_name": "Silvina Mázzaro",
            "display_name": "Silvina Mázzaro",
            "team": "TJH5YU202",
            "name": "silvinamazzaro",
            "is_restricted": false,
            "is_ultra_restricted": false
        }
    },
    {
        "client_msg_id": "ffc98234-2879-4d60-9339-f98baf6227b4",
        "type": "message",
        "text": "Hola buen dia",
        "user": "UJWU1NLQ6",
        "ts": "1558712453.016200",
        "team": "TJH5YU202",
        "user_team": "TJH5YU202",
        "source_team": "TJH5YU202",
        "user_profile": {
            "avatar_hash": "034d5c7f6e05",
            "image_72": "https:\/\/avatars.slack-edge.com\/2019-05-20\/640791937568_034d5c7f6e05e4dd4551_72.jpg",
            "first_name": "Lailton",
            "real_name": "Lailton Fernando Mariano",
            "display_name": "Lailton",
            "team": "TJH5YU202",
            "name": "lailton",
            "is_restricted": false,
            "is_ultra_restricted": false
        }
    },
    {
        "client_msg_id": "2d39746b-cab0-4781-9fc5-c5e4e1914c97",
        "type": "message",
        "text": "Con windows server pode hacer como en lo windows 10",
        "user": "UJWU1NLQ6",
        "ts": "1558712463.016600",
        "team": "TJH5YU202",
        "user_team": "TJH5YU202",
        "source_team": "TJH5YU202",
        "user_profile": {
            "avatar_hash": "034d5c7f6e05",
            "image_72": "https:\/\/avatars.slack-edge.com\/2019-05-20\/640791937568_034d5c7f6e05e4dd4551_72.jpg",
            "first_name": "Lailton",
            "real_name": "Lailton Fernando Mariano",
            "display_name": "Lailton",
            "team": "TJH5YU202",
            "name": "lailton",
            "is_restricted": false,
            "is_ultra_restricted": false
        }
    },
    {
        "client_msg_id": "7db8675e-f43b-4e37-9cc2-0a744e5dcac4",
        "type": "message",
        "text": "pero no tiene como instalar ubuntu en win server :slightly_smiling_face:",
        "user": "UJWU1NLQ6",
        "ts": "1558712659.017100",
        "team": "TJH5YU202",
        "user_team": "TJH5YU202",
        "source_team": "TJH5YU202",
        "user_profile": {
            "avatar_hash": "034d5c7f6e05",
            "image_72": "https:\/\/avatars.slack-edge.com\/2019-05-20\/640791937568_034d5c7f6e05e4dd4551_72.jpg",
            "first_name": "Lailton",
            "real_name": "Lailton Fernando Mariano",
            "display_name": "Lailton",
            "team": "TJH5YU202",
            "name": "lailton",
            "is_restricted": false,
            "is_ultra_restricted": false
        }
    },
    {
        "client_msg_id": "4e2a1db0-0041-490d-b8ee-e09bed745210",
        "type": "message",
        "text": "pode hacer prueba con cygwin <https:\/\/www.cygwin.com\/>",
        "user": "UJWU1NLQ6",
        "ts": "1558712687.017600",
        "team": "TJH5YU202",
        "user_team": "TJH5YU202",
        "source_team": "TJH5YU202",
        "user_profile": {
            "avatar_hash": "034d5c7f6e05",
            "image_72": "https:\/\/avatars.slack-edge.com\/2019-05-20\/640791937568_034d5c7f6e05e4dd4551_72.jpg",
            "first_name": "Lailton",
            "real_name": "Lailton Fernando Mariano",
            "display_name": "Lailton",
            "team": "TJH5YU202",
            "name": "lailton",
            "is_restricted": false,
            "is_ultra_restricted": false
        }
    },
    {
        "client_msg_id": "72af83bd-e503-4d34-9ea8-ca4f12111711",
        "type": "message",
        "text": "Silvina puedes usar VirtualBox e instalar Ubuntu 18.04 en él",
        "user": "UJN8D8U3B",
        "ts": "1558713383.018200",
        "team": "TJH5YU202",
        "user_team": "TJH5YU202",
        "source_team": "TJH5YU202",
        "user_profile": {
            "avatar_hash": "g92ad2abcc45",
            "image_72": "https:\/\/secure.gravatar.com\/avatar\/8492ad2abcc45ce53969adcf8420acde.jpg?s=72&d=https%3A%2F%2Fa.slack-edge.com%2F80588%2Fimg%2Favatars%2Fuser_shapes%2Fava_0008-72.png",
            "first_name": "",
            "real_name": "Antonio Linares",
            "display_name": "Antonio Linares",
            "team": "TJH5YU202",
            "name": "alinares",
            "is_restricted": false,
            "is_ultra_restricted": false
        }
    },
    {
        "client_msg_id": "8508c18d-bc82-437e-9d3e-81327b496264",
        "type": "message",
        "text": "pero no irá tan rápido como va con Windows 10 bash",
        "user": "UJN8D8U3B",
        "ts": "1558713402.018700",
        "team": "TJH5YU202",
        "user_team": "TJH5YU202",
        "source_team": "TJH5YU202",
        "user_profile": {
            "avatar_hash": "g92ad2abcc45",
            "image_72": "https:\/\/secure.gravatar.com\/avatar\/8492ad2abcc45ce53969adcf8420acde.jpg?s=72&d=https%3A%2F%2Fa.slack-edge.com%2F80588%2Fimg%2Favatars%2Fuser_shapes%2Fava_0008-72.png",
            "first_name": "",
            "real_name": "Antonio Linares",
            "display_name": "Antonio Linares",
            "team": "TJH5YU202",
            "name": "alinares",
            "is_restricted": false,
            "is_ultra_restricted": false
        }
    },
    {
        "client_msg_id": "1c9bc066-fb10-4384-af3f-44b2276ef90a",
        "type": "message",
        "text": "aun asi irá muy rápido :slightly_smiling_face:",
        "user": "UJN8D8U3B",
        "ts": "1558713420.019000",
        "team": "TJH5YU202",
        "user_team": "TJH5YU202",
        "source_team": "TJH5YU202",
        "user_profile": {
            "avatar_hash": "g92ad2abcc45",
            "image_72": "https:\/\/secure.gravatar.com\/avatar\/8492ad2abcc45ce53969adcf8420acde.jpg?s=72&d=https%3A%2F%2Fa.slack-edge.com%2F80588%2Fimg%2Favatars%2Fuser_shapes%2Fava_0008-72.png",
            "first_name": "",
            "real_name": "Antonio Linares",
            "display_name": "Antonio Linares",
            "team": "TJH5YU202",
            "name": "alinares",
            "is_restricted": false,
            "is_ultra_restricted": false
        }
    },
    {
        "client_msg_id": "846dbd00-1b62-4498-a479-33b41d25b839",
        "type": "message",
        "text": "La semana que viene, quiero probar de montar una VirtualBox, con Windows10 y bash Ubuntu... para poder comprobar\/testear velocidades",
        "user": "UJU3NMK0U",
        "ts": "1558713567.020100",
        "team": "TJH5YU202",
        "user_team": "TJH5YU202",
        "source_team": "TJH5YU202",
        "user_profile": {
            "avatar_hash": "48f1b9655122",
            "image_72": "https:\/\/avatars.slack-edge.com\/2019-05-20\/640143784356_48f1b96551220d9fdd4d_72.jpg",
            "first_name": "Xevi",
            "real_name": "Xevi",
            "display_name": "Xevi",
            "team": "TJH5YU202",
            "name": "xevicomas",
            "is_restricted": false,
            "is_ultra_restricted": false
        }
    },
    {
        "client_msg_id": "e3303078-8834-47e5-8abd-16eeeb6dddb9",
        "type": "message",
        "text": "Xevi, VirtualBox + Windows 7, en Windows 10 bash",
        "user": "UJN8D8U3B",
        "ts": "1558713621.020500",
        "team": "TJH5YU202",
        "user_team": "TJH5YU202",
        "source_team": "TJH5YU202",
        "user_profile": {
            "avatar_hash": "g92ad2abcc45",
            "image_72": "https:\/\/secure.gravatar.com\/avatar\/8492ad2abcc45ce53969adcf8420acde.jpg?s=72&d=https%3A%2F%2Fa.slack-edge.com%2F80588%2Fimg%2Favatars%2Fuser_shapes%2Fava_0008-72.png",
            "first_name": "",
            "real_name": "Antonio Linares",
            "display_name": "Antonio Linares",
            "team": "TJH5YU202",
            "name": "alinares",
            "is_restricted": false,
            "is_ultra_restricted": false
        }
    },
    {
        "client_msg_id": "15a72068-49af-4374-bd7d-3ac06f6bb7fe",
        "type": "message",
        "text": "Windows 7 no lo tengo... hace que uso Win10.\nAunque, una VM Win10 con VirtualBox... y desde ahí ir probando.",
        "user": "UJU3NMK0U",
        "ts": "1558713717.021700",
        "team": "TJH5YU202",
        "user_team": "TJH5YU202",
        "source_team": "TJH5YU202",
        "user_profile": {
            "avatar_hash": "48f1b9655122",
            "image_72": "https:\/\/avatars.slack-edge.com\/2019-05-20\/640143784356_48f1b96551220d9fdd4d_72.jpg",
            "first_name": "Xevi",
            "real_name": "Xevi",
            "display_name": "Xevi",
            "team": "TJH5YU202",
            "name": "xevicomas",
            "is_restricted": false,
            "is_ultra_restricted": false
        }
    },
    {
        "client_msg_id": "00e7313b-3fe1-4947-828d-3ff0f32b6f76",
        "type": "message",
        "text": "Yo uso windows 7",
        "user": "UJWU1NLQ6",
        "ts": "1558713778.021900",
        "team": "TJH5YU202",
        "user_team": "TJH5YU202",
        "source_team": "TJH5YU202",
        "user_profile": {
            "avatar_hash": "034d5c7f6e05",
            "image_72": "https:\/\/avatars.slack-edge.com\/2019-05-20\/640791937568_034d5c7f6e05e4dd4551_72.jpg",
            "first_name": "Lailton",
            "real_name": "Lailton Fernando Mariano",
            "display_name": "Lailton",
            "team": "TJH5YU202",
            "name": "lailton",
            "is_restricted": false,
            "is_ultra_restricted": false
        }
    },
    {
        "client_msg_id": "3f67f851-1c80-41ad-b19a-43aa59272467",
        "type": "message",
        "text": "Yo ahora en el curro tengo un win7 64 y necesitare montar algo para testear todo el tema",
        "user": "UJWR5N32S",
        "ts": "1558713977.022800",
        "team": "TJH5YU202",
        "user_team": "TJH5YU202",
        "source_team": "TJH5YU202",
        "user_profile": {
            "avatar_hash": "273d3745f7ae",
            "image_72": "https:\/\/avatars.slack-edge.com\/2019-05-20\/634344238497_273d3745f7ae1b176b82_72.jpg",
            "first_name": "Charly",
            "real_name": "Charly",
            "display_name": "Charly",
            "team": "TJH5YU202",
            "name": "carles9000",
            "is_restricted": false,
            "is_ultra_restricted": false
        }
    },
    {
        "client_msg_id": "46b26ff4-b56f-4629-833b-8ab3025d22f4",
        "type": "message",
        "text": "Charly... Instala VirtualBox. Yo las pruebas que he hecho hasta hoy, son muy buenas.",
        "user": "UJU3NMK0U",
        "ts": "1558714023.023500",
        "team": "TJH5YU202",
        "user_team": "TJH5YU202",
        "source_team": "TJH5YU202",
        "user_profile": {
            "avatar_hash": "48f1b9655122",
            "image_72": "https:\/\/avatars.slack-edge.com\/2019-05-20\/640143784356_48f1b96551220d9fdd4d_72.jpg",
            "first_name": "Xevi",
            "real_name": "Xevi",
            "display_name": "Xevi",
            "team": "TJH5YU202",
            "name": "xevicomas",
            "is_restricted": false,
            "is_ultra_restricted": false
        }
    },
    {
        "client_msg_id": "35bd15d8-5197-4879-b746-f035f99245ef",
        "type": "message",
        "text": "Tenia un Server2003 en una VirtualBox, funcioanndo perfectamente!!!",
        "user": "UJU3NMK0U",
        "ts": "1558714044.024000",
        "team": "TJH5YU202",
        "user_team": "TJH5YU202",
        "source_team": "TJH5YU202",
        "user_profile": {
            "avatar_hash": "48f1b9655122",
            "image_72": "https:\/\/avatars.slack-edge.com\/2019-05-20\/640143784356_48f1b96551220d9fdd4d_72.jpg",
            "first_name": "Xevi",
            "real_name": "Xevi",
            "display_name": "Xevi",
            "team": "TJH5YU202",
            "name": "xevicomas",
            "is_restricted": false,
            "is_ultra_restricted": false
        }
    },
    {
        "client_msg_id": "e8ffad5a-3c05-46bb-8398-9fe664f1da56",
        "type": "message",
        "text": "Incluso, MAriaDB colgaba de ese Server2003, y el FTP...",
        "user": "UJU3NMK0U",
        "ts": "1558714094.024700",
        "team": "TJH5YU202",
        "user_team": "TJH5YU202",
        "source_team": "TJH5YU202",
        "user_profile": {
            "avatar_hash": "48f1b9655122",
            "image_72": "https:\/\/avatars.slack-edge.com\/2019-05-20\/640143784356_48f1b96551220d9fdd4d_72.jpg",
            "first_name": "Xevi",
            "real_name": "Xevi",
            "display_name": "Xevi",
            "team": "TJH5YU202",
            "name": "xevicomas",
            "is_restricted": false,
            "is_ultra_restricted": false
        }
    },
    {
        "client_msg_id": "5276d17a-7f74-48f6-8050-747617af65df",
        "type": "message",
        "text": "Y tirará bien con la VB ?",
        "user": "UJWR5N32S",
        "ts": "1558714123.025900",
        "team": "TJH5YU202",
        "user_team": "TJH5YU202",
        "source_team": "TJH5YU202",
        "user_profile": {
            "avatar_hash": "273d3745f7ae",
            "image_72": "https:\/\/avatars.slack-edge.com\/2019-05-20\/634344238497_273d3745f7ae1b176b82_72.jpg",
            "first_name": "Charly",
            "real_name": "Charly",
            "display_name": "Charly",
            "team": "TJH5YU202",
            "name": "carles9000",
            "is_restricted": false,
            "is_ultra_restricted": false
        }
    },
    {
        "client_msg_id": "6e779507-8602-4495-a47d-d7df1678f0a8",
        "type": "message",
        "text": "Charly ia idea de Lailton de usar cygwin puede ser muy rapida para Windows 7",
        "user": "UJN8D8U3B",
        "ts": "1558714131.026100",
        "team": "TJH5YU202",
        "user_team": "TJH5YU202",
        "source_team": "TJH5YU202",
        "user_profile": {
            "avatar_hash": "g92ad2abcc45",
            "image_72": "https:\/\/secure.gravatar.com\/avatar\/8492ad2abcc45ce53969adcf8420acde.jpg?s=72&d=https%3A%2F%2Fa.slack-edge.com%2F80588%2Fimg%2Favatars%2Fuser_shapes%2Fava_0008-72.png",
            "first_name": "",
            "real_name": "Antonio Linares",
            "display_name": "Antonio Linares",
            "team": "TJH5YU202",
            "name": "alinares",
            "is_restricted": false,
            "is_ultra_restricted": false
        }
    },
    {
        "client_msg_id": "b00ce558-2ce2-4945-82ad-e4c85edd71ac",
        "type": "message",
        "text": "no lo he probado nunca   :disappointed:",
        "user": "UJWR5N32S",
        "ts": "1558714150.026700",
        "team": "TJH5YU202",
        "user_team": "TJH5YU202",
        "source_team": "TJH5YU202",
        "user_profile": {
            "avatar_hash": "273d3745f7ae",
            "image_72": "https:\/\/avatars.slack-edge.com\/2019-05-20\/634344238497_273d3745f7ae1b176b82_72.jpg",
            "first_name": "Charly",
            "real_name": "Charly",
            "display_name": "Charly",
            "team": "TJH5YU202",
            "name": "carles9000",
            "is_restricted": false,
            "is_ultra_restricted": false
        }
    },
    {
        "client_msg_id": "58f18e1e-3a19-43e5-9537-62b192fe6f1a",
        "type": "message",
        "text": "Tiene una enorme ventaja. Si pasa cualquier cosa en la máquina, con una copia de esa imaen virtualizada, la pones en marcha en otro PC en cuestión de minutos.",
        "user": "UJU3NMK0U",
        "ts": "1558714151.026800",
        "team": "TJH5YU202",
        "user_team": "TJH5YU202",
        "source_team": "TJH5YU202",
        "user_profile": {
            "avatar_hash": "48f1b9655122",
            "image_72": "https:\/\/avatars.slack-edge.com\/2019-05-20\/640143784356_48f1b96551220d9fdd4d_72.jpg",
            "first_name": "Xevi",
            "real_name": "Xevi",
            "display_name": "Xevi",
            "team": "TJH5YU202",
            "name": "xevicomas",
            "is_restricted": false,
            "is_ultra_restricted": false
        }
    },
    {
        "client_msg_id": "4be0c5a1-898a-4136-a4ee-b39f4975da1f",
        "type": "message",
        "text": "es un terminal, tipo bash",
        "user": "UJN8D8U3B",
        "ts": "1558714169.027100",
        "team": "TJH5YU202",
        "user_team": "TJH5YU202",
        "source_team": "TJH5YU202",
        "user_profile": {
            "avatar_hash": "g92ad2abcc45",
            "image_72": "https:\/\/secure.gravatar.com\/avatar\/8492ad2abcc45ce53969adcf8420acde.jpg?s=72&d=https%3A%2F%2Fa.slack-edge.com%2F80588%2Fimg%2Favatars%2Fuser_shapes%2Fava_0008-72.png",
            "first_name": "",
            "real_name": "Antonio Linares",
            "display_name": "Antonio Linares",
            "team": "TJH5YU202",
            "name": "alinares",
            "is_restricted": false,
            "is_ultra_restricted": false
        }
    },
    {
        "client_msg_id": "968c5822-8e26-4398-94ae-f67658db3795",
        "type": "message",
        "text": "corriendo nativamente",
        "user": "UJN8D8U3B",
        "ts": "1558714175.027400",
        "team": "TJH5YU202",
        "user_team": "TJH5YU202",
        "source_team": "TJH5YU202",
        "user_profile": {
            "avatar_hash": "g92ad2abcc45",
            "image_72": "https:\/\/secure.gravatar.com\/avatar\/8492ad2abcc45ce53969adcf8420acde.jpg?s=72&d=https%3A%2F%2Fa.slack-edge.com%2F80588%2Fimg%2Favatars%2Fuser_shapes%2Fava_0008-72.png",
            "first_name": "",
            "real_name": "Antonio Linares",
            "display_name": "Antonio Linares",
            "team": "TJH5YU202",
            "name": "alinares",
            "is_restricted": false,
            "is_ultra_restricted": false
        }
    },
    {
        "client_msg_id": "db505d34-0ad8-48d1-836e-d60cbf20556b",
        "type": "message",
        "text": "uhmmm",
        "user": "UJWR5N32S",
        "ts": "1558714194.028000",
        "team": "TJH5YU202",
        "user_team": "TJH5YU202",
        "source_team": "TJH5YU202",
        "user_profile": {
            "avatar_hash": "273d3745f7ae",
            "image_72": "https:\/\/avatars.slack-edge.com\/2019-05-20\/634344238497_273d3745f7ae1b176b82_72.jpg",
            "first_name": "Charly",
            "real_name": "Charly",
            "display_name": "Charly",
            "team": "TJH5YU202",
            "name": "carles9000",
            "is_restricted": false,
            "is_ultra_restricted": false
        }
    },
    {
        "client_msg_id": "2326d831-8cd1-42f0-842b-4982f03d5c92",
        "type": "message",
        "text": "Tendre de probar",
        "user": "UJWR5N32S",
        "ts": "1558714229.028800",
        "team": "TJH5YU202",
        "user_team": "TJH5YU202",
        "source_team": "TJH5YU202",
        "user_profile": {
            "avatar_hash": "273d3745f7ae",
            "image_72": "https:\/\/avatars.slack-edge.com\/2019-05-20\/634344238497_273d3745f7ae1b176b82_72.jpg",
            "first_name": "Charly",
            "real_name": "Charly",
            "display_name": "Charly",
            "team": "TJH5YU202",
            "name": "carles9000",
            "is_restricted": false,
            "is_ultra_restricted": false
        }
    },
    {
        "client_msg_id": "1f3519fa-a290-4e0e-bd3c-d2b957c0f5c1",
        "type": "message",
        "text": "Tengo un cliente, que está funcionando con VmWare... un servidor abasteciendo con Escritorio Remoto, MariaDB, y red local... todo funciona desde hace años  perfectamente",
        "user": "UJU3NMK0U",
        "ts": "1558714245.029400",
        "team": "TJH5YU202",
        "user_team": "TJH5YU202",
        "source_team": "TJH5YU202",
        "user_profile": {
            "avatar_hash": "48f1b9655122",
            "image_72": "https:\/\/avatars.slack-edge.com\/2019-05-20\/640143784356_48f1b96551220d9fdd4d_72.jpg",
            "first_name": "Xevi",
            "real_name": "Xevi",
            "display_name": "Xevi",
            "team": "TJH5YU202",
            "name": "xevicomas",
            "is_restricted": false,
            "is_ultra_restricted": false
        }
    },
    {
        "client_msg_id": "dda63b85-8cec-49ca-8e72-648bb8809cce",
        "type": "message",
        "text": "Xevi, si, pero no funciona de forma nativa, es emulación",
        "user": "UJN8D8U3B",
        "ts": "1558714278.030000",
        "team": "TJH5YU202",
        "user_team": "TJH5YU202",
        "source_team": "TJH5YU202",
        "user_profile": {
            "avatar_hash": "g92ad2abcc45",
            "image_72": "https:\/\/secure.gravatar.com\/avatar\/8492ad2abcc45ce53969adcf8420acde.jpg?s=72&d=https%3A%2F%2Fa.slack-edge.com%2F80588%2Fimg%2Favatars%2Fuser_shapes%2Fava_0008-72.png",
            "first_name": "",
            "real_name": "Antonio Linares",
            "display_name": "Antonio Linares",
            "team": "TJH5YU202",
            "name": "alinares",
            "is_restricted": false,
            "is_ultra_restricted": false
        }
    },
    {
        "client_msg_id": "cc55fe62-24ab-4985-9b18-62c64d91aacb",
        "type": "message",
        "text": "nativo corre más",
        "user": "UJN8D8U3B",
        "ts": "1558714287.030300",
        "team": "TJH5YU202",
        "user_team": "TJH5YU202",
        "source_team": "TJH5YU202",
        "user_profile": {
            "avatar_hash": "g92ad2abcc45",
            "image_72": "https:\/\/secure.gravatar.com\/avatar\/8492ad2abcc45ce53969adcf8420acde.jpg?s=72&d=https%3A%2F%2Fa.slack-edge.com%2F80588%2Fimg%2Favatars%2Fuser_shapes%2Fava_0008-72.png",
            "first_name": "",
            "real_name": "Antonio Linares",
            "display_name": "Antonio Linares",
            "team": "TJH5YU202",
            "name": "alinares",
            "is_restricted": false,
            "is_ultra_restricted": false
        }
    },
    {
        "client_msg_id": "aaf2da25-27ef-46a5-8ff7-a52984a189d4",
        "type": "message",
        "text": "Ya... pero con todo y con eso, va muy rápido.",
        "user": "UJU3NMK0U",
        "ts": "1558714317.030900",
        "team": "TJH5YU202",
        "user_team": "TJH5YU202",
        "source_team": "TJH5YU202",
        "user_profile": {
            "avatar_hash": "48f1b9655122",
            "image_72": "https:\/\/avatars.slack-edge.com\/2019-05-20\/640143784356_48f1b96551220d9fdd4d_72.jpg",
            "first_name": "Xevi",
            "real_name": "Xevi",
            "display_name": "Xevi",
            "team": "TJH5YU202",
            "name": "xevicomas",
            "is_restricted": false,
            "is_ultra_restricted": false
        }
    },
    {
        "client_msg_id": "be2c0652-f4c6-4baf-818c-055427a455a8",
        "type": "message",
        "text": "si, si",
        "user": "UJN8D8U3B",
        "ts": "1558714322.031100",
        "team": "TJH5YU202",
        "user_team": "TJH5YU202",
        "source_team": "TJH5YU202",
        "user_profile": {
            "avatar_hash": "g92ad2abcc45",
            "image_72": "https:\/\/secure.gravatar.com\/avatar\/8492ad2abcc45ce53969adcf8420acde.jpg?s=72&d=https%3A%2F%2Fa.slack-edge.com%2F80588%2Fimg%2Favatars%2Fuser_shapes%2Fava_0008-72.png",
            "first_name": "",
            "real_name": "Antonio Linares",
            "display_name": "Antonio Linares",
            "team": "TJH5YU202",
            "name": "alinares",
            "is_restricted": false,
            "is_ultra_restricted": false
        }
    },
    {
        "client_msg_id": "bec53360-88ed-42bb-bf8f-276f6f36ac99",
        "type": "message",
        "text": "Seguro que nativo es mejor.",
        "user": "UJU3NMK0U",
        "ts": "1558714332.031400",
        "team": "TJH5YU202",
        "user_team": "TJH5YU202",
        "source_team": "TJH5YU202",
        "user_profile": {
            "avatar_hash": "48f1b9655122",
            "image_72": "https:\/\/avatars.slack-edge.com\/2019-05-20\/640143784356_48f1b96551220d9fdd4d_72.jpg",
            "first_name": "Xevi",
            "real_name": "Xevi",
            "display_name": "Xevi",
            "team": "TJH5YU202",
            "name": "xevicomas",
            "is_restricted": false,
            "is_ultra_restricted": false
        }
    },
    {
        "client_msg_id": "c422e288-e74a-416e-84b4-e436e624d285",
        "type": "message",
        "text": "Tendremos tiempo para ir haciendo pruebas. A ver si lo monto para la semana que viene.",
        "user": "UJU3NMK0U",
        "ts": "1558714360.031900",
        "team": "TJH5YU202",
        "user_team": "TJH5YU202",
        "source_team": "TJH5YU202",
        "user_profile": {
            "avatar_hash": "48f1b9655122",
            "image_72": "https:\/\/avatars.slack-edge.com\/2019-05-20\/640143784356_48f1b96551220d9fdd4d_72.jpg",
            "first_name": "Xevi",
            "real_name": "Xevi",
            "display_name": "Xevi",
            "team": "TJH5YU202",
            "name": "xevicomas",
            "is_restricted": false,
            "is_ultra_restricted": false
        }
    },
    {
        "client_msg_id": "0c0b434f-de2c-4a3c-9b1b-d7a3fd7c9546",
        "type": "message",
        "text": "En el cygwin que se habria de hacer ?",
        "user": "UJWR5N32S",
        "ts": "1558714387.032200",
        "team": "TJH5YU202",
        "user_team": "TJH5YU202",
        "source_team": "TJH5YU202",
        "user_profile": {
            "avatar_hash": "273d3745f7ae",
            "image_72": "https:\/\/avatars.slack-edge.com\/2019-05-20\/634344238497_273d3745f7ae1b176b82_72.jpg",
            "first_name": "Charly",
            "real_name": "Charly",
            "display_name": "Charly",
            "team": "TJH5YU202",
            "name": "carles9000",
            "is_restricted": false,
            "is_ultra_restricted": false
        }
    },
    {
        "client_msg_id": "4b26220a-469a-40d5-8405-838899c16c89",
        "type": "message",
        "text": "Laiton me echas un cable ?",
        "user": "UJWR5N32S",
        "ts": "1558714411.032500",
        "team": "TJH5YU202",
        "user_team": "TJH5YU202",
        "source_team": "TJH5YU202",
        "user_profile": {
            "avatar_hash": "273d3745f7ae",
            "image_72": "https:\/\/avatars.slack-edge.com\/2019-05-20\/634344238497_273d3745f7ae1b176b82_72.jpg",
            "first_name": "Charly",
            "real_name": "Charly",
            "display_name": "Charly",
            "team": "TJH5YU202",
            "name": "carles9000",
            "is_restricted": false,
            "is_ultra_restricted": false
        }
    },
    {
        "client_msg_id": "95b33656-c10a-4baa-bfbf-e2d644927c4f",
        "type": "message",
        "text": "Charly se pode criar .so para linux desde cygwin",
        "user": "UJWU1NLQ6",
        "ts": "1558714495.032800",
        "team": "TJH5YU202",
        "user_team": "TJH5YU202",
        "source_team": "TJH5YU202",
        "user_profile": {
            "avatar_hash": "034d5c7f6e05",
            "image_72": "https:\/\/avatars.slack-edge.com\/2019-05-20\/640791937568_034d5c7f6e05e4dd4551_72.jpg",
            "first_name": "Lailton",
            "real_name": "Lailton Fernando Mariano",
            "display_name": "Lailton",
            "team": "TJH5YU202",
            "name": "lailton",
            "is_restricted": false,
            "is_ultra_restricted": false
        }
    },
    {
        "client_msg_id": "b59ad4de-ccc1-4103-a70d-34e77149bccc",
        "type": "message",
        "text": "tambien pode hacer la instalacion de apache y todo ambient que tiene en linux",
        "user": "UJWU1NLQ6",
        "ts": "1558714508.033200",
        "team": "TJH5YU202",
        "user_team": "TJH5YU202",
        "source_team": "TJH5YU202",
        "user_profile": {
            "avatar_hash": "034d5c7f6e05",
            "image_72": "https:\/\/avatars.slack-edge.com\/2019-05-20\/640791937568_034d5c7f6e05e4dd4551_72.jpg",
            "first_name": "Lailton",
            "real_name": "Lailton Fernando Mariano",
            "display_name": "Lailton",
            "team": "TJH5YU202",
            "name": "lailton",
            "is_restricted": false,
            "is_ultra_restricted": false
        }
    },
    {
        "client_msg_id": "5345fffa-1267-4fb1-a24f-3143acae39b8",
        "type": "message",
        "text": "lo utilizo para criar .so para android",
        "user": "UJWU1NLQ6",
        "ts": "1558714519.033500",
        "team": "TJH5YU202",
        "user_team": "TJH5YU202",
        "source_team": "TJH5YU202",
        "user_profile": {
            "avatar_hash": "034d5c7f6e05",
            "image_72": "https:\/\/avatars.slack-edge.com\/2019-05-20\/640791937568_034d5c7f6e05e4dd4551_72.jpg",
            "first_name": "Lailton",
            "real_name": "Lailton Fernando Mariano",
            "display_name": "Lailton",
            "team": "TJH5YU202",
            "name": "lailton",
            "is_restricted": false,
            "is_ultra_restricted": false
        }
    },
    {
        "client_msg_id": "55d10465-6129-4f71-8453-3294be4b71eb",
        "type": "message",
        "text": "Para probar todo el tema q estamos montando q se ha de instalar mejor ? un Ubuntu ?",
        "user": "UJWR5N32S",
        "ts": "1558714555.034200",
        "team": "TJH5YU202",
        "user_team": "TJH5YU202",
        "source_team": "TJH5YU202",
        "user_profile": {
            "avatar_hash": "273d3745f7ae",
            "image_72": "https:\/\/avatars.slack-edge.com\/2019-05-20\/634344238497_273d3745f7ae1b176b82_72.jpg",
            "first_name": "Charly",
            "real_name": "Charly",
            "display_name": "Charly",
            "team": "TJH5YU202",
            "name": "carles9000",
            "is_restricted": false,
            "is_ultra_restricted": false
        }
    },
    {
        "client_msg_id": "62120a43-1af9-4871-a8d1-b5d0d8ed0ac2",
        "type": "message",
        "text": "VirtualBox es muy facil de instalar sera muy mejor para ti :slightly_smiling_face:",
        "user": "UJWU1NLQ6",
        "ts": "1558714585.034600",
        "team": "TJH5YU202",
        "user_team": "TJH5YU202",
        "source_team": "TJH5YU202",
        "user_profile": {
            "avatar_hash": "034d5c7f6e05",
            "image_72": "https:\/\/avatars.slack-edge.com\/2019-05-20\/640791937568_034d5c7f6e05e4dd4551_72.jpg",
            "first_name": "Lailton",
            "real_name": "Lailton Fernando Mariano",
            "display_name": "Lailton",
            "team": "TJH5YU202",
            "name": "lailton",
            "is_restricted": false,
            "is_ultra_restricted": false
        }
    },
    {
        "client_msg_id": "d7ecc63c-e278-4c64-8c55-49eda32b1e55",
        "type": "message",
        "text": "de preferencia la version SERVER",
        "user": "UJWU1NLQ6",
        "ts": "1558714590.034800",
        "team": "TJH5YU202",
        "user_team": "TJH5YU202",
        "source_team": "TJH5YU202",
        "user_profile": {
            "avatar_hash": "034d5c7f6e05",
            "image_72": "https:\/\/avatars.slack-edge.com\/2019-05-20\/640791937568_034d5c7f6e05e4dd4551_72.jpg",
            "first_name": "Lailton",
            "real_name": "Lailton Fernando Mariano",
            "display_name": "Lailton",
            "team": "TJH5YU202",
            "name": "lailton",
            "is_restricted": false,
            "is_ultra_restricted": false
        }
    },
    {
        "client_msg_id": "4412da11-d343-40c8-b5e0-142bebd422c1",
        "type": "message",
        "text": "que es mas leve y rapido!",
        "user": "UJWU1NLQ6",
        "ts": "1558714594.035000",
        "team": "TJH5YU202",
        "user_team": "TJH5YU202",
        "source_team": "TJH5YU202",
        "user_profile": {
            "avatar_hash": "034d5c7f6e05",
            "image_72": "https:\/\/avatars.slack-edge.com\/2019-05-20\/640791937568_034d5c7f6e05e4dd4551_72.jpg",
            "first_name": "Lailton",
            "real_name": "Lailton Fernando Mariano",
            "display_name": "Lailton",
            "team": "TJH5YU202",
            "name": "lailton",
            "is_restricted": false,
            "is_ultra_restricted": false
        }
    },
    {
        "client_msg_id": "40bdaff5-29c0-49d6-a2b5-348d17cce00c",
        "type": "message",
        "text": "ubuntu-server",
        "user": "UJWU1NLQ6",
        "ts": "1558714606.035400",
        "team": "TJH5YU202",
        "user_team": "TJH5YU202",
        "source_team": "TJH5YU202",
        "user_profile": {
            "avatar_hash": "034d5c7f6e05",
            "image_72": "https:\/\/avatars.slack-edge.com\/2019-05-20\/640791937568_034d5c7f6e05e4dd4551_72.jpg",
            "first_name": "Lailton",
            "real_name": "Lailton Fernando Mariano",
            "display_name": "Lailton",
            "team": "TJH5YU202",
            "name": "lailton",
            "is_restricted": false,
            "is_ultra_restricted": false
        }
    },
    {
        "client_msg_id": "7d5173d8-495a-4761-b82d-81773f964f78",
        "type": "message",
        "text": "vale, entendido",
        "user": "UJWR5N32S",
        "ts": "1558714617.035600",
        "team": "TJH5YU202",
        "user_team": "TJH5YU202",
        "source_team": "TJH5YU202",
        "user_profile": {
            "avatar_hash": "273d3745f7ae",
            "image_72": "https:\/\/avatars.slack-edge.com\/2019-05-20\/634344238497_273d3745f7ae1b176b82_72.jpg",
            "first_name": "Charly",
            "real_name": "Charly",
            "display_name": "Charly",
            "team": "TJH5YU202",
            "name": "carles9000",
            "is_restricted": false,
            "is_ultra_restricted": false
        }
    },
    {
        "client_msg_id": "285c5af9-9ac1-4bea-8556-470cc41a4c3d",
        "type": "message",
        "text": "Le cascare un VBox y listos",
        "user": "UJWR5N32S",
        "ts": "1558714634.036000",
        "team": "TJH5YU202",
        "user_team": "TJH5YU202",
        "source_team": "TJH5YU202",
        "user_profile": {
            "avatar_hash": "273d3745f7ae",
            "image_72": "https:\/\/avatars.slack-edge.com\/2019-05-20\/634344238497_273d3745f7ae1b176b82_72.jpg",
            "first_name": "Charly",
            "real_name": "Charly",
            "display_name": "Charly",
            "team": "TJH5YU202",
            "name": "carles9000",
            "is_restricted": false,
            "is_ultra_restricted": false
        }
    },
    {
        "client_msg_id": "9ec301eb-0e3b-4d2b-9af0-e769416ea1fe",
        "type": "message",
        "text": ":slightly_smiling_face:",
        "user": "UJWR5N32S",
        "ts": "1558714642.036200",
        "team": "TJH5YU202",
        "user_team": "TJH5YU202",
        "source_team": "TJH5YU202",
        "user_profile": {
            "avatar_hash": "273d3745f7ae",
            "image_72": "https:\/\/avatars.slack-edge.com\/2019-05-20\/634344238497_273d3745f7ae1b176b82_72.jpg",
            "first_name": "Charly",
            "real_name": "Charly",
            "display_name": "Charly",
            "team": "TJH5YU202",
            "name": "carles9000",
            "is_restricted": false,
            "is_ultra_restricted": false
        }
    },
    {
        "client_msg_id": "92d83fc4-6be5-469a-a30a-442f5dada9c5",
        "type": "message",
        "text": "<https:\/\/www.ubuntu.com\/download\/server>",
        "user": "UJWU1NLQ6",
        "ts": "1558714673.036400",
        "team": "TJH5YU202",
        "user_team": "TJH5YU202",
        "source_team": "TJH5YU202",
        "user_profile": {
            "avatar_hash": "034d5c7f6e05",
            "image_72": "https:\/\/avatars.slack-edge.com\/2019-05-20\/640791937568_034d5c7f6e05e4dd4551_72.jpg",
            "first_name": "Lailton",
            "real_name": "Lailton Fernando Mariano",
            "display_name": "Lailton",
            "team": "TJH5YU202",
            "name": "lailton",
            "is_restricted": false,
            "is_ultra_restricted": false
        },
        "attachments": [
            {
                "title": "Download Ubuntu Server | Download | Ubuntu",
                "title_link": "https:\/\/www.ubuntu.com\/download\/server",
                "text": "Ubuntu is an open source software operating system that runs from the desktop, to the cloud, to all your internet connected things.",
                "fallback": "Download Ubuntu Server | Download | Ubuntu",
                "from_url": "https:\/\/www.ubuntu.com\/download\/server",
                "service_icon": "https:\/\/assets.ubuntu.com\/v1\/3361409d-apple-touch-icon-144x144-precomposed.png",
                "service_name": "ubuntu.com",
                "id": 1,
                "original_url": "https:\/\/www.ubuntu.com\/download\/server"
            }
        ]
    },
    {
        "client_msg_id": "62c8aa64-2c8c-4fc8-b4ad-c898335d4bb3",
        "type": "message",
        "text": ":slightly_smiling_face:",
        "user": "UJWU1NLQ6",
        "ts": "1558714673.036600",
        "team": "TJH5YU202",
        "user_team": "TJH5YU202",
        "source_team": "TJH5YU202",
        "user_profile": {
            "avatar_hash": "034d5c7f6e05",
            "image_72": "https:\/\/avatars.slack-edge.com\/2019-05-20\/640791937568_034d5c7f6e05e4dd4551_72.jpg",
            "first_name": "Lailton",
            "real_name": "Lailton Fernando Mariano",
            "display_name": "Lailton",
            "team": "TJH5YU202",
            "name": "lailton",
            "is_restricted": false,
            "is_ultra_restricted": false
        }
    },
    {
        "client_msg_id": "d4b24aa6-723e-4575-bb53-295512d80c18",
        "type": "message",
        "text": "Obrigado !!!  :slightly_smiling_face:",
        "user": "UJWR5N32S",
        "ts": "1558714706.037500",
        "team": "TJH5YU202",
        "user_team": "TJH5YU202",
        "source_team": "TJH5YU202",
        "user_profile": {
            "avatar_hash": "273d3745f7ae",
            "image_72": "https:\/\/avatars.slack-edge.com\/2019-05-20\/634344238497_273d3745f7ae1b176b82_72.jpg",
            "first_name": "Charly",
            "real_name": "Charly",
            "display_name": "Charly",
            "team": "TJH5YU202",
            "name": "carles9000",
            "is_restricted": false,
            "is_ultra_restricted": false
        }
    },
    {
        "client_msg_id": "9592794d-4f85-4790-9ff6-209a2871657b",
        "type": "message",
        "text": "tiene un commando para virtualbox iniciar como SERVICE que possibilita el LINUX rodando en background muy interesasnte para windows 7 :slightly_smiling_face:",
        "user": "UJWU1NLQ6",
        "ts": "1558714708.037600",
        "team": "TJH5YU202",
        "user_team": "TJH5YU202",
        "source_team": "TJH5YU202",
        "user_profile": {
            "avatar_hash": "034d5c7f6e05",
            "image_72": "https:\/\/avatars.slack-edge.com\/2019-05-20\/640791937568_034d5c7f6e05e4dd4551_72.jpg",
            "first_name": "Lailton",
            "real_name": "Lailton Fernando Mariano",
            "display_name": "Lailton",
            "team": "TJH5YU202",
            "name": "lailton",
            "is_restricted": false,
            "is_ultra_restricted": false
        }
    },
    {
        "client_msg_id": "91fbb19a-82e6-4e63-9934-2cda53672835",
        "type": "message",
        "text": "Voy a probarlo el lunes. Ahora estoy en casa ya. Thanks por la info !",
        "user": "UJWR5N32S",
        "ts": "1558714747.038200",
        "team": "TJH5YU202",
        "user_team": "TJH5YU202",
        "source_team": "TJH5YU202",
        "user_profile": {
            "avatar_hash": "273d3745f7ae",
            "image_72": "https:\/\/avatars.slack-edge.com\/2019-05-20\/634344238497_273d3745f7ae1b176b82_72.jpg",
            "first_name": "Charly",
            "real_name": "Charly",
            "display_name": "Charly",
            "team": "TJH5YU202",
            "name": "carles9000",
            "is_restricted": false,
            "is_ultra_restricted": false
        }
    },
    {
        "client_msg_id": "7555de40-2004-4d3c-b62d-c2e5e875d18f",
        "type": "message",
        "text": "Si tengo algun problemilla te pego un toque :wink:",
        "user": "UJWR5N32S",
        "ts": "1558714776.038600",
        "team": "TJH5YU202",
        "user_team": "TJH5YU202",
        "source_team": "TJH5YU202",
        "user_profile": {
            "avatar_hash": "273d3745f7ae",
            "image_72": "https:\/\/avatars.slack-edge.com\/2019-05-20\/634344238497_273d3745f7ae1b176b82_72.jpg",
            "first_name": "Charly",
            "real_name": "Charly",
            "display_name": "Charly",
            "team": "TJH5YU202",
            "name": "carles9000",
            "is_restricted": false,
            "is_ultra_restricted": false
        }
    },
    {
        "client_msg_id": "506089d6-d1e5-4097-acba-e8d67d450d45",
        "type": "message",
        "text": ":+1:",
        "user": "UJWU1NLQ6",
        "ts": "1558714798.038900",
        "team": "TJH5YU202",
        "user_team": "TJH5YU202",
        "source_team": "TJH5YU202",
        "user_profile": {
            "avatar_hash": "034d5c7f6e05",
            "image_72": "https:\/\/avatars.slack-edge.com\/2019-05-20\/640791937568_034d5c7f6e05e4dd4551_72.jpg",
            "first_name": "Lailton",
            "real_name": "Lailton Fernando Mariano",
            "display_name": "Lailton",
            "team": "TJH5YU202",
            "name": "lailton",
            "is_restricted": false,
            "is_ultra_restricted": false
        }
    },
    {
        "client_msg_id": "d00e58eb-51c1-4d93-8bb6-ab00c3290464",
        "type": "message",
        "text": "Perdonad, pero tengo una conexión de internet en casa que es un churro. Me apunto crear una VM para Open SUSE y crear el mod en ella.",
        "user": "UJK7SNX51",
        "ts": "1558724604.040700",
        "team": "TJH5YU202",
        "user_team": "TJH5YU202",
        "source_team": "TJH5YU202",
        "user_profile": {
            "avatar_hash": "6698a9ba696b",
            "image_72": "https:\/\/avatars.slack-edge.com\/2019-07-04\/673660529330_6698a9ba696bad01eb8c_72.jpg",
            "first_name": "Baxajaun",
            "real_name": "Baxajaun",
            "display_name": "Baxajaun",
            "team": "TJH5YU202",
            "name": "fpgrande",
            "is_restricted": false,
            "is_ultra_restricted": false
        }
    },
    {
        "client_msg_id": "dd783347-6147-4b3c-ab60-dc126cf64b24",
        "type": "message",
        "text": "gracias Felix :heart_eyes:",
        "user": "UJN8D8U3B",
        "ts": "1558725824.041000",
        "team": "TJH5YU202",
        "user_team": "TJH5YU202",
        "source_team": "TJH5YU202",
        "user_profile": {
            "avatar_hash": "g92ad2abcc45",
            "image_72": "https:\/\/secure.gravatar.com\/avatar\/8492ad2abcc45ce53969adcf8420acde.jpg?s=72&d=https%3A%2F%2Fa.slack-edge.com%2F80588%2Fimg%2Favatars%2Fuser_shapes%2Fava_0008-72.png",
            "first_name": "",
            "real_name": "Antonio Linares",
            "display_name": "Antonio Linares",
            "team": "TJH5YU202",
            "name": "alinares",
            "is_restricted": false,
            "is_ultra_restricted": false
        }
    },
    {
        "client_msg_id": "5fda98a1-71b3-40c8-89dc-494c71b4046a",
        "type": "message",
        "text": "\"Silvina puedes usar VirtualBox e instalar Ubuntu 18.04 ..\"  es buena esa para safar por ahora. Lo intento. gracias",
        "user": "UJV12UW9W",
        "ts": "1558727503.043100",
        "team": "TJH5YU202",
        "user_team": "TJH5YU202",
        "source_team": "TJH5YU202",
        "user_profile": {
            "avatar_hash": "gdc1a4420c40",
            "image_72": "https:\/\/secure.gravatar.com\/avatar\/74dc1a4420c40dea594ef0e0e3a965ce.jpg?s=72&d=https%3A%2F%2Fa.slack-edge.com%2F80588%2Fimg%2Favatars%2Fuser_shapes%2Fava_0022-72.png",
            "first_name": "",
            "real_name": "Silvina Mázzaro",
            "display_name": "Silvina Mázzaro",
            "team": "TJH5YU202",
            "name": "silvinamazzaro",
            "is_restricted": false,
            "is_ultra_restricted": false
        }
    },
    {
        "client_msg_id": "e99fffeb-efa2-4126-b1e4-e49c135e0a7e",
        "type": "message",
        "text": "New build available, please update:",
        "user": "UJN8D8U3B",
        "ts": "1558731146.043500",
        "team": "TJH5YU202",
        "user_team": "TJH5YU202",
        "source_team": "TJH5YU202",
        "user_profile": {
            "avatar_hash": "g92ad2abcc45",
            "image_72": "https:\/\/secure.gravatar.com\/avatar\/8492ad2abcc45ce53969adcf8420acde.jpg?s=72&d=https%3A%2F%2Fa.slack-edge.com%2F80588%2Fimg%2Favatars%2Fuser_shapes%2Fava_0008-72.png",
            "first_name": "",
            "real_name": "Antonio Linares",
            "display_name": "Antonio Linares",
            "team": "TJH5YU202",
            "name": "alinares",
            "is_restricted": false,
            "is_ultra_restricted": false
        }
    },
    {
        "client_msg_id": "2067fa19-ff1f-4788-8ec1-5996a8d3b138",
        "type": "message",
        "text": "<https:\/\/github.com\/FiveTechSoft\/mod_harbour\/blob\/master\/linux\/Ubuntu%2018.04\/20190524\/mod_harbour.so>",
        "user": "UJN8D8U3B",
        "ts": "1558731156.043700",
        "team": "TJH5YU202",
        "user_team": "TJH5YU202",
        "source_team": "TJH5YU202",
        "user_profile": {
            "avatar_hash": "g92ad2abcc45",
            "image_72": "https:\/\/secure.gravatar.com\/avatar\/8492ad2abcc45ce53969adcf8420acde.jpg?s=72&d=https%3A%2F%2Fa.slack-edge.com%2F80588%2Fimg%2Favatars%2Fuser_shapes%2Fava_0008-72.png",
            "first_name": "",
            "real_name": "Antonio Linares",
            "display_name": "Antonio Linares",
            "team": "TJH5YU202",
            "name": "alinares",
            "is_restricted": false,
            "is_ultra_restricted": false
        },
        "attachments": [
            {
                "service_name": "GitHub",
                "title": "FiveTechSoft\/mod_harbour",
                "title_link": "https:\/\/github.com\/FiveTechSoft\/mod_harbour\/blob\/master\/linux\/Ubuntu%2018.04\/20190524\/mod_harbour.so",
                "text": "Apache mod for Harbour. Contribute to FiveTechSoft\/mod_harbour development by creating an account on GitHub.",
                "fallback": "GitHub: FiveTechSoft\/mod_harbour",
                "thumb_url": "https:\/\/avatars3.githubusercontent.com\/u\/10235217?s=400&v=4",
                "from_url": "https:\/\/github.com\/FiveTechSoft\/mod_harbour\/blob\/master\/linux\/Ubuntu%2018.04\/20190524\/mod_harbour.so",
                "thumb_width": 400,
                "thumb_height": 400,
                "service_icon": "https:\/\/a.slack-edge.com\/bfaba\/img\/unfurl_icons\/github.png",
                "id": 1,
                "original_url": "https:\/\/github.com\/FiveTechSoft\/mod_harbour\/blob\/master\/linux\/Ubuntu%2018.04\/20190524\/mod_harbour.so"
            }
        ]
    },
    {
        "client_msg_id": "c53fc883-1b6b-4470-a3e1-3f05a1491fb3",
        "type": "message",
        "text": "<https:\/\/github.com\/FiveTechSoft\/mod_harbour\/blob\/master\/linux\/Ubuntu%2018.04\/20190524\/libharbour.so.3.2.0>",
        "user": "UJN8D8U3B",
        "ts": "1558731165.044000",
        "team": "TJH5YU202",
        "user_team": "TJH5YU202",
        "source_team": "TJH5YU202",
        "user_profile": {
            "avatar_hash": "g92ad2abcc45",
            "image_72": "https:\/\/secure.gravatar.com\/avatar\/8492ad2abcc45ce53969adcf8420acde.jpg?s=72&d=https%3A%2F%2Fa.slack-edge.com%2F80588%2Fimg%2Favatars%2Fuser_shapes%2Fava_0008-72.png",
            "first_name": "",
            "real_name": "Antonio Linares",
            "display_name": "Antonio Linares",
            "team": "TJH5YU202",
            "name": "alinares",
            "is_restricted": false,
            "is_ultra_restricted": false
        },
        "attachments": [
            {
                "service_name": "GitHub",
                "title": "FiveTechSoft\/mod_harbour",
                "title_link": "https:\/\/github.com\/FiveTechSoft\/mod_harbour\/blob\/master\/linux\/Ubuntu%2018.04\/20190524\/libharbour.so.3.2.0",
                "text": "Apache mod for Harbour. Contribute to FiveTechSoft\/mod_harbour development by creating an account on GitHub.",
                "fallback": "GitHub: FiveTechSoft\/mod_harbour",
                "thumb_url": "https:\/\/avatars3.githubusercontent.com\/u\/10235217?s=400&v=4",
                "from_url": "https:\/\/github.com\/FiveTechSoft\/mod_harbour\/blob\/master\/linux\/Ubuntu%2018.04\/20190524\/libharbour.so.3.2.0",
                "thumb_width": 400,
                "thumb_height": 400,
                "service_icon": "https:\/\/a.slack-edge.com\/bfaba\/img\/unfurl_icons\/github.png",
                "id": 1,
                "original_url": "https:\/\/github.com\/FiveTechSoft\/mod_harbour\/blob\/master\/linux\/Ubuntu%2018.04\/20190524\/libharbour.so.3.2.0"
            }
        ]
    },
    {
        "client_msg_id": "af7de8be-6d98-440d-8cb7-569779d7640f",
        "type": "message",
        "text": "Compiler errors are now properly reported. In previous versions the mod hanged !!!",
        "user": "UJN8D8U3B",
        "ts": "1558731189.044600",
        "team": "TJH5YU202",
        "user_team": "TJH5YU202",
        "source_team": "TJH5YU202",
        "user_profile": {
            "avatar_hash": "g92ad2abcc45",
            "image_72": "https:\/\/secure.gravatar.com\/avatar\/8492ad2abcc45ce53969adcf8420acde.jpg?s=72&d=https%3A%2F%2Fa.slack-edge.com%2F80588%2Fimg%2Favatars%2Fuser_shapes%2Fava_0008-72.png",
            "first_name": "",
            "real_name": "Antonio Linares",
            "display_name": "Antonio Linares",
            "team": "TJH5YU202",
            "name": "alinares",
            "is_restricted": false,
            "is_ultra_restricted": false
        }
    },
    {
        "client_msg_id": "741b4996-ef87-483b-a042-2ca80e3302ae",
        "type": "message",
        "text": "Ola!",
        "user": "UJWMTB0T1",
        "ts": "1558742937.044800",
        "team": "TJH5YU202",
        "user_team": "TJH5YU202",
        "source_team": "TJH5YU202",
        "user_profile": {
            "avatar_hash": "g58817e9bb70",
            "image_72": "https:\/\/secure.gravatar.com\/avatar\/5958817e9bb7001e0db920b1a3f26754.jpg?s=72&d=https%3A%2F%2Fa.slack-edge.com%2F80588%2Fimg%2Favatars%2Fuser_shapes%2Fava_0024-72.png",
            "first_name": "",
            "real_name": "Itamar M. Lins Jr.",
            "display_name": "Itamar M. Lins Jr.",
            "team": "TJH5YU202",
            "name": "itamarlins",
            "is_restricted": false,
            "is_ultra_restricted": false
        }
    },
    {
        "client_msg_id": "1b125f9b-aa89-4508-857b-1840c3158811",
        "type": "message",
        "text": "Boa noite, eu tenho um projeto que uso uHttpd do dbtopas, e ele funciona muito rápido com arquivos .hrb",
        "user": "UJWMTB0T1",
        "ts": "1558742975.045600",
        "team": "TJH5YU202",
        "user_team": "TJH5YU202",
        "source_team": "TJH5YU202",
        "user_profile": {
            "avatar_hash": "g58817e9bb70",
            "image_72": "https:\/\/secure.gravatar.com\/avatar\/5958817e9bb7001e0db920b1a3f26754.jpg?s=72&d=https%3A%2F%2Fa.slack-edge.com%2F80588%2Fimg%2Favatars%2Fuser_shapes%2Fava_0024-72.png",
            "first_name": "",
            "real_name": "Itamar M. Lins Jr.",
            "display_name": "Itamar M. Lins Jr.",
            "team": "TJH5YU202",
            "name": "itamarlins",
            "is_restricted": false,
            "is_ultra_restricted": false
        }
    },
    {
        "client_msg_id": "16623066-a6e2-47e3-adec-324a2c73a601",
        "type": "message",
        "text": "#include \"<http:\/\/rddleto.ch|rddleto.ch>\"\n\nMEMVAR _SERVER, _REQUEST, _GET, _POST, _COOKIE, _SESSION, _HTTP_REQUEST, _HTTP_RESPONSE\n\nREQUEST DBFNTX, DBFCDX, DBFFPT, DBFDBT, LETO\nREQUEST HB_LANG_PT,HB_CODEPAGE_PTISO,HB_CODEPAGE_PT850\n\nFUNCTION HRBMAIN(...)\n\nLOCAL cHtml := \"\", cPATH := \"\/\/localhost:2812\/\", cEOL := hb_eol()\nLOCAL cLogin:=cSenha:=cPDV:=cGargo:=\"\", cSection, cKey, cCodVendedor := \"\"\nLOCAL hINI  := hb_IniRead(\"\\farol\\farol.ini\"), cHost := \"\"\n\nLOCAL cSetor:=cPadrao:=cCodCliente:=cCliente:=\"\"\n\ncHost   :=  _SERVER[ \"REMOTE_HOST\" ]\ncLogin  := uhttpd_GetField( \"cLogin\" )\ncSenha  := uhttpd_GetField( \"cSenha\" )\ncPDV    := uhttpd_GetField( \"cPDV\" )\ncCargo  := uhttpd_GetField( \"cCargo\" )",
        "user": "UJWMTB0T1",
        "ts": "1558743284.045900",
        "team": "TJH5YU202",
        "user_team": "TJH5YU202",
        "source_team": "TJH5YU202",
        "user_profile": {
            "avatar_hash": "g58817e9bb70",
            "image_72": "https:\/\/secure.gravatar.com\/avatar\/5958817e9bb7001e0db920b1a3f26754.jpg?s=72&d=https%3A%2F%2Fa.slack-edge.com%2F80588%2Fimg%2Favatars%2Fuser_shapes%2Fava_0024-72.png",
            "first_name": "",
            "real_name": "Itamar M. Lins Jr.",
            "display_name": "Itamar M. Lins Jr.",
            "team": "TJH5YU202",
            "name": "itamarlins",
            "is_restricted": false,
            "is_ultra_restricted": false
        }
    },
    {
        "client_msg_id": "26460273-b462-440b-b610-47f3b74186fb",
        "type": "message",
        "text": "...",
        "user": "UJWMTB0T1",
        "ts": "1558743286.046000",
        "team": "TJH5YU202",
        "user_team": "TJH5YU202",
        "source_team": "TJH5YU202",
        "user_profile": {
            "avatar_hash": "g58817e9bb70",
            "image_72": "https:\/\/secure.gravatar.com\/avatar\/5958817e9bb7001e0db920b1a3f26754.jpg?s=72&d=https%3A%2F%2Fa.slack-edge.com%2F80588%2Fimg%2Favatars%2Fuser_shapes%2Fava_0024-72.png",
            "first_name": "",
            "real_name": "Itamar M. Lins Jr.",
            "display_name": "Itamar M. Lins Jr.",
            "team": "TJH5YU202",
            "name": "itamarlins",
            "is_restricted": false,
            "is_ultra_restricted": false
        }
    },
    {
        "client_msg_id": "1d905c78-8a62-4772-a020-583543679c17",
        "type": "message",
        "text": "SET PROCEDURE TO \"farol_lib.prg\" \/\/uso no final do prg",
        "user": "UJWMTB0T1",
        "ts": "1558743328.046800",
        "team": "TJH5YU202",
        "user_team": "TJH5YU202",
        "source_team": "TJH5YU202",
        "user_profile": {
            "avatar_hash": "g58817e9bb70",
            "image_72": "https:\/\/secure.gravatar.com\/avatar\/5958817e9bb7001e0db920b1a3f26754.jpg?s=72&d=https%3A%2F%2Fa.slack-edge.com%2F80588%2Fimg%2Favatars%2Fuser_shapes%2Fava_0024-72.png",
            "first_name": "",
            "real_name": "Itamar M. Lins Jr.",
            "display_name": "Itamar M. Lins Jr.",
            "team": "TJH5YU202",
            "name": "itamarlins",
            "is_restricted": false,
            "is_ultra_restricted": false
        }
    },
    {
        "client_msg_id": "4857cb89-c12a-4252-9e85-6e21dc0f7d48",
        "type": "message",
        "text": "arquivo modulos.hbp",
        "user": "UJWMTB0T1",
        "ts": "1558743397.047300",
        "team": "TJH5YU202",
        "user_team": "TJH5YU202",
        "source_team": "TJH5YU202",
        "user_profile": {
            "avatar_hash": "g58817e9bb70",
            "image_72": "https:\/\/secure.gravatar.com\/avatar\/5958817e9bb7001e0db920b1a3f26754.jpg?s=72&d=https%3A%2F%2Fa.slack-edge.com%2F80588%2Fimg%2Favatars%2Fuser_shapes%2Fava_0024-72.png",
            "first_name": "",
            "real_name": "Itamar M. Lins Jr.",
            "display_name": "Itamar M. Lins Jr.",
            "team": "TJH5YU202",
            "name": "itamarlins",
            "is_restricted": false,
            "is_ultra_restricted": false
        }
    },
    {
        "client_msg_id": "847b0e6b-e724-431d-96a3-fe3048fbc763",
        "type": "message",
        "text": "-gh -w3\n-ohome\/cgi-bin\/\nmodules\/*.prg",
        "user": "UJWMTB0T1",
        "ts": "1558743399.047500",
        "team": "TJH5YU202",
        "user_team": "TJH5YU202",
        "source_team": "TJH5YU202",
        "user_profile": {
            "avatar_hash": "g58817e9bb70",
            "image_72": "https:\/\/secure.gravatar.com\/avatar\/5958817e9bb7001e0db920b1a3f26754.jpg?s=72&d=https%3A%2F%2Fa.slack-edge.com%2F80588%2Fimg%2Favatars%2Fuser_shapes%2Fava_0024-72.png",
            "first_name": "",
            "real_name": "Itamar M. Lins Jr.",
            "display_name": "Itamar M. Lins Jr.",
            "team": "TJH5YU202",
            "name": "itamarlins",
            "is_restricted": false,
            "is_ultra_restricted": false
        }
    },
    {
        "client_msg_id": "436b4d85-8a9d-4eee-b7bb-473af290b8a8",
        "type": "message",
        "text": "Trabalho assim com arquivos .hrb, seria muito bom poder usar dessa forma com apache",
        "user": "UJWMTB0T1",
        "ts": "1558743446.048200",
        "team": "TJH5YU202",
        "user_team": "TJH5YU202",
        "source_team": "TJH5YU202",
        "user_profile": {
            "avatar_hash": "g58817e9bb70",
            "image_72": "https:\/\/secure.gravatar.com\/avatar\/5958817e9bb7001e0db920b1a3f26754.jpg?s=72&d=https%3A%2F%2Fa.slack-edge.com%2F80588%2Fimg%2Favatars%2Fuser_shapes%2Fava_0024-72.png",
            "first_name": "",
            "real_name": "Itamar M. Lins Jr.",
            "display_name": "Itamar M. Lins Jr.",
            "team": "TJH5YU202",
            "name": "itamarlins",
            "is_restricted": false,
            "is_ultra_restricted": false
        },
        "edited": {
            "user": "UJWMTB0T1",
            "ts": "1558743614.000000"
        }
    },
    {
        "client_msg_id": "79f31069-46c8-484e-a673-f12f51f302c8",
        "type": "message",
        "text": "Quando usamos o Windows temos a nossa disposição a lib \\contrib\\hbwim no linux fica mais restrito.",
        "user": "UJWMTB0T1",
        "ts": "1558744337.049700",
        "team": "TJH5YU202",
        "user_team": "TJH5YU202",
        "source_team": "TJH5YU202",
        "user_profile": {
            "avatar_hash": "g58817e9bb70",
            "image_72": "https:\/\/secure.gravatar.com\/avatar\/5958817e9bb7001e0db920b1a3f26754.jpg?s=72&d=https%3A%2F%2Fa.slack-edge.com%2F80588%2Fimg%2Favatars%2Fuser_shapes%2Fava_0024-72.png",
            "first_name": "",
            "real_name": "Itamar M. Lins Jr.",
            "display_name": "Itamar M. Lins Jr.",
            "team": "TJH5YU202",
            "name": "itamarlins",
            "is_restricted": false,
            "is_ultra_restricted": false
        }
    },
    {
        "client_msg_id": "73b38373-daa3-4bb4-a3af-dc7c7923e201",
        "type": "message",
        "text": "<https:\/\/dbtopas.lt\/hrb\/uhttpd-0.4.zip>",
        "user": "UJWMTB0T1",
        "ts": "1558744605.050100",
        "team": "TJH5YU202",
        "user_team": "TJH5YU202",
        "source_team": "TJH5YU202",
        "user_profile": {
            "avatar_hash": "g58817e9bb70",
            "image_72": "https:\/\/secure.gravatar.com\/avatar\/5958817e9bb7001e0db920b1a3f26754.jpg?s=72&d=https%3A%2F%2Fa.slack-edge.com%2F80588%2Fimg%2Favatars%2Fuser_shapes%2Fava_0024-72.png",
            "first_name": "",
            "real_name": "Itamar M. Lins Jr.",
            "display_name": "Itamar M. Lins Jr.",
            "team": "TJH5YU202",
            "name": "itamarlins",
            "is_restricted": false,
            "is_ultra_restricted": false
        }
    },
    {
        "client_msg_id": "d6ec3d64-36d0-4368-90fa-4cd21f6d985b",
        "type": "message",
        "text": "Inclusive com pequenas adições, consegui modificar e usar o LetoDbf do Elch, junto com ele.",
        "user": "UJWMTB0T1",
        "ts": "1558744661.051000",
        "team": "TJH5YU202",
        "user_team": "TJH5YU202",
        "source_team": "TJH5YU202",
        "user_profile": {
            "avatar_hash": "g58817e9bb70",
            "image_72": "https:\/\/secure.gravatar.com\/avatar\/5958817e9bb7001e0db920b1a3f26754.jpg?s=72&d=https%3A%2F%2Fa.slack-edge.com%2F80588%2Fimg%2Favatars%2Fuser_shapes%2Fava_0024-72.png",
            "first_name": "",
            "real_name": "Itamar M. Lins Jr.",
            "display_name": "Itamar M. Lins Jr.",
            "team": "TJH5YU202",
            "name": "itamarlins",
            "is_restricted": false,
            "is_ultra_restricted": false
        }
    },
    {
        "client_msg_id": "1193b892-af1c-445d-a4ac-9640ed614aa6",
        "type": "message",
        "text": "obrigado :slightly_smiling_face:",
        "user": "UJN8D8U3B",
        "ts": "1558757547.051200",
        "team": "TJH5YU202",
        "user_team": "TJH5YU202",
        "source_team": "TJH5YU202",
        "user_profile": {
            "avatar_hash": "g92ad2abcc45",
            "image_72": "https:\/\/secure.gravatar.com\/avatar\/8492ad2abcc45ce53969adcf8420acde.jpg?s=72&d=https%3A%2F%2Fa.slack-edge.com%2F80588%2Fimg%2Favatars%2Fuser_shapes%2Fava_0008-72.png",
            "first_name": "",
            "real_name": "Antonio Linares",
            "display_name": "Antonio Linares",
            "team": "TJH5YU202",
            "name": "alinares",
            "is_restricted": false,
            "is_ultra_restricted": false
        }
    }
]