[
    {
        "client_msg_id": "2f218699-48cc-4e3a-83b4-4289e36d44e4",
        "type": "message",
        "text": "Hi there:slightly_smiling_face:",
        "user": "UJN8D8U3B",
        "ts": "1561014073.448300",
        "team": "TJH5YU202",
        "user_team": "TJH5YU202",
        "source_team": "TJH5YU202",
        "user_profile": {
            "avatar_hash": "g92ad2abcc45",
            "image_72": "https:\/\/secure.gravatar.com\/avatar\/8492ad2abcc45ce53969adcf8420acde.jpg?s=72&d=https%3A%2F%2Fa.slack-edge.com%2F80588%2Fimg%2Favatars%2Fuser_shapes%2Fava_0008-72.png",
            "first_name": "",
            "real_name": "Antonio Linares",
            "display_name": "Antonio Linares",
            "team": "TJH5YU202",
            "name": "alinares",
            "is_restricted": false,
            "is_ultra_restricted": false
        }
    },
    {
        "client_msg_id": "f8c4bb98-fc76-4c51-8a51-780547ab5839",
        "type": "message",
        "text": "你好世界",
        "user": "UJULQCHL5",
        "ts": "1561014218.448500",
        "team": "TJH5YU202",
        "user_team": "TJH5YU202",
        "source_team": "TJH5YU202",
        "user_profile": {
            "avatar_hash": "g7659142325a",
            "image_72": "https:\/\/secure.gravatar.com\/avatar\/c87659142325a3facb661d85281ec091.jpg?s=72&d=https%3A%2F%2Fa.slack-edge.com%2F80588%2Fimg%2Favatars%2Fuser_shapes%2Fava_0003-72.png",
            "first_name": "",
            "real_name": "Paquito",
            "display_name": "Paquito",
            "team": "TJH5YU202",
            "name": "hmpaquito",
            "is_restricted": false,
            "is_ultra_restricted": false
        }
    },
    {
        "client_msg_id": "a91981bf-86b0-4b93-8858-c0931c575cea",
        "type": "message",
        "text": ":open_mouth:",
        "user": "UJN8D8U3B",
        "ts": "1561014247.448600",
        "team": "TJH5YU202",
        "user_team": "TJH5YU202",
        "source_team": "TJH5YU202",
        "user_profile": {
            "avatar_hash": "g92ad2abcc45",
            "image_72": "https:\/\/secure.gravatar.com\/avatar\/8492ad2abcc45ce53969adcf8420acde.jpg?s=72&d=https%3A%2F%2Fa.slack-edge.com%2F80588%2Fimg%2Favatars%2Fuser_shapes%2Fava_0008-72.png",
            "first_name": "",
            "real_name": "Antonio Linares",
            "display_name": "Antonio Linares",
            "team": "TJH5YU202",
            "name": "alinares",
            "is_restricted": false,
            "is_ultra_restricted": false
        }
    },
    {
        "type": "message",
        "text": "",
        "files": [
            {
                "id": "FKQRU3J3S",
                "created": 1561015943,
                "timestamp": 1561015943,
                "name": "imagen.png",
                "title": "imagen.png",
                "mimetype": "image\/png",
                "filetype": "png",
                "pretty_type": "PNG",
                "user": "UJWR5N32S",
                "editable": false,
                "size": 15705,
                "mode": "hosted",
                "is_external": false,
                "external_type": "",
                "is_public": true,
                "public_url_shared": false,
                "display_as_bot": false,
                "username": "",
                "url_private": "https:\/\/files.slack.com\/files-pri\/TJH5YU202-FKQRU3J3S\/imagen.png?t=xoxe-629202954002-776688371669-763909703378-01ffaa4c4eeda75ea92ad255b32a04e5",
                "url_private_download": "https:\/\/files.slack.com\/files-pri\/TJH5YU202-FKQRU3J3S\/download\/imagen.png?t=xoxe-629202954002-776688371669-763909703378-01ffaa4c4eeda75ea92ad255b32a04e5",
                "thumb_64": "https:\/\/files.slack.com\/files-tmb\/TJH5YU202-FKQRU3J3S-3f3715c821\/imagen_64.png?t=xoxe-629202954002-776688371669-763909703378-01ffaa4c4eeda75ea92ad255b32a04e5",
                "thumb_80": "https:\/\/files.slack.com\/files-tmb\/TJH5YU202-FKQRU3J3S-3f3715c821\/imagen_80.png?t=xoxe-629202954002-776688371669-763909703378-01ffaa4c4eeda75ea92ad255b32a04e5",
                "thumb_360": "https:\/\/files.slack.com\/files-tmb\/TJH5YU202-FKQRU3J3S-3f3715c821\/imagen_360.png?t=xoxe-629202954002-776688371669-763909703378-01ffaa4c4eeda75ea92ad255b32a04e5",
                "thumb_360_w": 360,
                "thumb_360_h": 202,
                "thumb_480": "https:\/\/files.slack.com\/files-tmb\/TJH5YU202-FKQRU3J3S-3f3715c821\/imagen_480.png?t=xoxe-629202954002-776688371669-763909703378-01ffaa4c4eeda75ea92ad255b32a04e5",
                "thumb_480_w": 480,
                "thumb_480_h": 270,
                "thumb_160": "https:\/\/files.slack.com\/files-tmb\/TJH5YU202-FKQRU3J3S-3f3715c821\/imagen_160.png?t=xoxe-629202954002-776688371669-763909703378-01ffaa4c4eeda75ea92ad255b32a04e5",
                "image_exif_rotation": 1,
                "original_w": 612,
                "original_h": 344,
                "permalink": "https:\/\/harbourproject.slack.com\/files\/UJWR5N32S\/FKQRU3J3S\/imagen.png",
                "permalink_public": "https:\/\/slack-files.com\/TJH5YU202-FKQRU3J3S-1a88400d84",
                "is_starred": false,
                "has_rich_preview": false
            }
        ],
        "upload": true,
        "user": "UJWR5N32S",
        "display_as_bot": false,
        "ts": "1561015944.449100",
        "client_msg_id": "41c254f8-2351-403c-b65d-cd82f55498b7"
    },
    {
        "client_msg_id": "6743465a-240d-4cab-9d13-3767b03a104a",
        "type": "message",
        "text": ":joy:",
        "user": "UJULQCHL5",
        "ts": "1561016045.449500",
        "team": "TJH5YU202",
        "user_team": "TJH5YU202",
        "source_team": "TJH5YU202",
        "user_profile": {
            "avatar_hash": "g7659142325a",
            "image_72": "https:\/\/secure.gravatar.com\/avatar\/c87659142325a3facb661d85281ec091.jpg?s=72&d=https%3A%2F%2Fa.slack-edge.com%2F80588%2Fimg%2Favatars%2Fuser_shapes%2Fava_0003-72.png",
            "first_name": "",
            "real_name": "Paquito",
            "display_name": "Paquito",
            "team": "TJH5YU202",
            "name": "hmpaquito",
            "is_restricted": false,
            "is_ultra_restricted": false
        }
    },
    {
        "client_msg_id": "1a9fa9cd-9227-4408-847f-82da613dbc3f",
        "type": "message",
        "text": "路由器已经工作了！ :wink:",
        "user": "UJWR5N32S",
        "ts": "1561016285.449800",
        "team": "TJH5YU202",
        "user_team": "TJH5YU202",
        "source_team": "TJH5YU202",
        "user_profile": {
            "avatar_hash": "273d3745f7ae",
            "image_72": "https:\/\/avatars.slack-edge.com\/2019-05-20\/634344238497_273d3745f7ae1b176b82_72.jpg",
            "first_name": "Charly",
            "real_name": "Charly",
            "display_name": "Charly",
            "team": "TJH5YU202",
            "name": "carles9000",
            "is_restricted": false,
            "is_ultra_restricted": false
        }
    },
    {
        "client_msg_id": "fe92e745-61c0-49dc-9db8-b1cd1c6bb234",
        "type": "message",
        "text": "The router is already working.\n\nMáquina eres un máquina. :clap:",
        "user": "UJULQCHL5",
        "ts": "1561016630.450400",
        "team": "TJH5YU202",
        "user_team": "TJH5YU202",
        "source_team": "TJH5YU202",
        "user_profile": {
            "avatar_hash": "g7659142325a",
            "image_72": "https:\/\/secure.gravatar.com\/avatar\/c87659142325a3facb661d85281ec091.jpg?s=72&d=https%3A%2F%2Fa.slack-edge.com%2F80588%2Fimg%2Favatars%2Fuser_shapes%2Fava_0003-72.png",
            "first_name": "",
            "real_name": "Paquito",
            "display_name": "Paquito",
            "team": "TJH5YU202",
            "name": "hmpaquito",
            "is_restricted": false,
            "is_ultra_restricted": false
        }
    },
    {
        "client_msg_id": "40781b39-d829-4160-b4fa-64d6586933cc",
        "type": "message",
        "text": "Cuanta gente de por aqui usa el mod en xampp ?",
        "user": "UJWR5N32S",
        "ts": "1561018701.450800",
        "team": "TJH5YU202",
        "user_team": "TJH5YU202",
        "source_team": "TJH5YU202",
        "user_profile": {
            "avatar_hash": "273d3745f7ae",
            "image_72": "https:\/\/avatars.slack-edge.com\/2019-05-20\/634344238497_273d3745f7ae1b176b82_72.jpg",
            "first_name": "Charly",
            "real_name": "Charly",
            "display_name": "Charly",
            "team": "TJH5YU202",
            "name": "carles9000",
            "is_restricted": false,
            "is_ultra_restricted": false
        }
    },
    {
        "client_msg_id": "edef23a9-f0be-44f1-9d25-051b88b0bf57",
        "type": "message",
        "text": "yo",
        "user": "UJUJLTWMT",
        "ts": "1561023162.451000",
        "team": "TJH5YU202",
        "user_team": "TJH5YU202",
        "source_team": "TJH5YU202",
        "user_profile": {
            "avatar_hash": "a60e3b1ef2d2",
            "image_72": "https:\/\/avatars.slack-edge.com\/2019-08-20\/726246109489_a60e3b1ef2d2c141969d_72.jpg",
            "first_name": "",
            "real_name": "Cristobal",
            "display_name": "Cristobal",
            "team": "TJH5YU202",
            "name": "navarro.cristobal",
            "is_restricted": false,
            "is_ultra_restricted": false
        }
    },
    {
        "client_msg_id": "10e9eceb-b193-4cff-884e-60f145150aea",
        "type": "message",
        "text": "Somos casi un equipo :muscle:",
        "user": "UJWR5N32S",
        "ts": "1561024309.451400",
        "team": "TJH5YU202",
        "user_team": "TJH5YU202",
        "source_team": "TJH5YU202",
        "user_profile": {
            "avatar_hash": "273d3745f7ae",
            "image_72": "https:\/\/avatars.slack-edge.com\/2019-05-20\/634344238497_273d3745f7ae1b176b82_72.jpg",
            "first_name": "Charly",
            "real_name": "Charly",
            "display_name": "Charly",
            "team": "TJH5YU202",
            "name": "carles9000",
            "is_restricted": false,
            "is_ultra_restricted": false
        }
    },
    {
        "client_msg_id": "c147bd2f-d3fc-406b-bd3e-bb0b724ff6a1",
        "type": "message",
        "text": "De hecho llevaba tiempo sin probar en el bash, y ayer lo probé y no me funciona nada",
        "user": "UJUJLTWMT",
        "ts": "1561026338.452000",
        "team": "TJH5YU202",
        "user_team": "TJH5YU202",
        "source_team": "TJH5YU202",
        "user_profile": {
            "avatar_hash": "a60e3b1ef2d2",
            "image_72": "https:\/\/avatars.slack-edge.com\/2019-08-20\/726246109489_a60e3b1ef2d2c141969d_72.jpg",
            "first_name": "",
            "real_name": "Cristobal",
            "display_name": "Cristobal",
            "team": "TJH5YU202",
            "name": "navarro.cristobal",
            "is_restricted": false,
            "is_ultra_restricted": false
        }
    },
    {
        "client_msg_id": "353e112f-2216-4887-bb83-01837ab8bba2",
        "type": "message",
        "text": "Hahaha",
        "user": "UJWR5N32S",
        "ts": "1561027320.452200",
        "team": "TJH5YU202",
        "user_team": "TJH5YU202",
        "source_team": "TJH5YU202",
        "user_profile": {
            "avatar_hash": "273d3745f7ae",
            "image_72": "https:\/\/avatars.slack-edge.com\/2019-05-20\/634344238497_273d3745f7ae1b176b82_72.jpg",
            "first_name": "Charly",
            "real_name": "Charly",
            "display_name": "Charly",
            "team": "TJH5YU202",
            "name": "carles9000",
            "is_restricted": false,
            "is_ultra_restricted": false
        }
    },
    {
        "client_msg_id": "ad9bacb5-7846-4674-94a4-d83f99c56fcc",
        "type": "message",
        "text": "Jope",
        "user": "UJN8D8U3B",
        "ts": "1561027618.452400",
        "team": "TJH5YU202",
        "user_team": "TJH5YU202",
        "source_team": "TJH5YU202",
        "user_profile": {
            "avatar_hash": "g92ad2abcc45",
            "image_72": "https:\/\/secure.gravatar.com\/avatar\/8492ad2abcc45ce53969adcf8420acde.jpg?s=72&d=https%3A%2F%2Fa.slack-edge.com%2F80588%2Fimg%2Favatars%2Fuser_shapes%2Fava_0008-72.png",
            "first_name": "",
            "real_name": "Antonio Linares",
            "display_name": "Antonio Linares",
            "team": "TJH5YU202",
            "name": "alinares",
            "is_restricted": false,
            "is_ultra_restricted": false
        }
    },
    {
        "client_msg_id": "b156087d-092f-4815-8e8c-14ca698fc906",
        "type": "message",
        "text": "Este es el error que me da al intentar acceder a un fichero desde el explorador",
        "user": "UJUJLTWMT",
        "ts": "1561047841.453100",
        "team": "TJH5YU202",
        "user_team": "TJH5YU202",
        "source_team": "TJH5YU202",
        "user_profile": {
            "avatar_hash": "a60e3b1ef2d2",
            "image_72": "https:\/\/avatars.slack-edge.com\/2019-08-20\/726246109489_a60e3b1ef2d2c141969d_72.jpg",
            "first_name": "",
            "real_name": "Cristobal",
            "display_name": "Cristobal",
            "team": "TJH5YU202",
            "name": "navarro.cristobal",
            "is_restricted": false,
            "is_ultra_restricted": false
        }
    },
    {
        "type": "message",
        "text": "",
        "files": [
            {
                "id": "FKRCLQW56",
                "created": 1561047845,
                "timestamp": 1561047845,
                "name": "image.png",
                "title": "image.png",
                "mimetype": "image\/png",
                "filetype": "png",
                "pretty_type": "PNG",
                "user": "UJUJLTWMT",
                "editable": false,
                "size": 105099,
                "mode": "hosted",
                "is_external": false,
                "external_type": "",
                "is_public": true,
                "public_url_shared": false,
                "display_as_bot": false,
                "username": "",
                "url_private": "https:\/\/files.slack.com\/files-pri\/TJH5YU202-FKRCLQW56\/image.png?t=xoxe-629202954002-776688371669-763909703378-01ffaa4c4eeda75ea92ad255b32a04e5",
                "url_private_download": "https:\/\/files.slack.com\/files-pri\/TJH5YU202-FKRCLQW56\/download\/image.png?t=xoxe-629202954002-776688371669-763909703378-01ffaa4c4eeda75ea92ad255b32a04e5",
                "thumb_64": "https:\/\/files.slack.com\/files-tmb\/TJH5YU202-FKRCLQW56-5ff0d30ba3\/image_64.png?t=xoxe-629202954002-776688371669-763909703378-01ffaa4c4eeda75ea92ad255b32a04e5",
                "thumb_80": "https:\/\/files.slack.com\/files-tmb\/TJH5YU202-FKRCLQW56-5ff0d30ba3\/image_80.png?t=xoxe-629202954002-776688371669-763909703378-01ffaa4c4eeda75ea92ad255b32a04e5",
                "thumb_360": "https:\/\/files.slack.com\/files-tmb\/TJH5YU202-FKRCLQW56-5ff0d30ba3\/image_360.png?t=xoxe-629202954002-776688371669-763909703378-01ffaa4c4eeda75ea92ad255b32a04e5",
                "thumb_360_w": 360,
                "thumb_360_h": 202,
                "thumb_480": "https:\/\/files.slack.com\/files-tmb\/TJH5YU202-FKRCLQW56-5ff0d30ba3\/image_480.png?t=xoxe-629202954002-776688371669-763909703378-01ffaa4c4eeda75ea92ad255b32a04e5",
                "thumb_480_w": 480,
                "thumb_480_h": 270,
                "thumb_160": "https:\/\/files.slack.com\/files-tmb\/TJH5YU202-FKRCLQW56-5ff0d30ba3\/image_160.png?t=xoxe-629202954002-776688371669-763909703378-01ffaa4c4eeda75ea92ad255b32a04e5",
                "thumb_720": "https:\/\/files.slack.com\/files-tmb\/TJH5YU202-FKRCLQW56-5ff0d30ba3\/image_720.png?t=xoxe-629202954002-776688371669-763909703378-01ffaa4c4eeda75ea92ad255b32a04e5",
                "thumb_720_w": 720,
                "thumb_720_h": 405,
                "thumb_800": "https:\/\/files.slack.com\/files-tmb\/TJH5YU202-FKRCLQW56-5ff0d30ba3\/image_800.png?t=xoxe-629202954002-776688371669-763909703378-01ffaa4c4eeda75ea92ad255b32a04e5",
                "thumb_800_w": 800,
                "thumb_800_h": 450,
                "thumb_960": "https:\/\/files.slack.com\/files-tmb\/TJH5YU202-FKRCLQW56-5ff0d30ba3\/image_960.png?t=xoxe-629202954002-776688371669-763909703378-01ffaa4c4eeda75ea92ad255b32a04e5",
                "thumb_960_w": 960,
                "thumb_960_h": 540,
                "thumb_1024": "https:\/\/files.slack.com\/files-tmb\/TJH5YU202-FKRCLQW56-5ff0d30ba3\/image_1024.png?t=xoxe-629202954002-776688371669-763909703378-01ffaa4c4eeda75ea92ad255b32a04e5",
                "thumb_1024_w": 1024,
                "thumb_1024_h": 576,
                "image_exif_rotation": 1,
                "original_w": 1366,
                "original_h": 768,
                "permalink": "https:\/\/harbourproject.slack.com\/files\/UJUJLTWMT\/FKRCLQW56\/image.png",
                "permalink_public": "https:\/\/slack-files.com\/TJH5YU202-FKRCLQW56-8fa7628490",
                "is_starred": false,
                "has_rich_preview": false
            }
        ],
        "upload": true,
        "user": "UJUJLTWMT",
        "display_as_bot": false,
        "ts": "1561047848.453200",
        "client_msg_id": "b610c138-b433-4cf0-b274-dcf13a089e7e"
    },
    {
        "client_msg_id": "25649a46-358e-40cc-a8f0-02b1476689b1",
        "type": "message",
        "text": "Cristobal el symlink apunta a un fichero de root y esto no está permitido",
        "user": "UJN8D8U3B",
        "ts": "1561052694.453800",
        "team": "TJH5YU202",
        "user_team": "TJH5YU202",
        "source_team": "TJH5YU202",
        "user_profile": {
            "avatar_hash": "g92ad2abcc45",
            "image_72": "https:\/\/secure.gravatar.com\/avatar\/8492ad2abcc45ce53969adcf8420acde.jpg?s=72&d=https%3A%2F%2Fa.slack-edge.com%2F80588%2Fimg%2Favatars%2Fuser_shapes%2Fava_0008-72.png",
            "first_name": "",
            "real_name": "Antonio Linares",
            "display_name": "Antonio Linares",
            "team": "TJH5YU202",
            "name": "alinares",
            "is_restricted": false,
            "is_ultra_restricted": false
        }
    },
    {
        "client_msg_id": "23613358-9945-44a5-ab00-564467515ca8",
        "type": "message",
        "text": "tiene que apuntar a un fichero en una carpeta de usuario",
        "user": "UJN8D8U3B",
        "ts": "1561052708.454200",
        "team": "TJH5YU202",
        "user_team": "TJH5YU202",
        "source_team": "TJH5YU202",
        "user_profile": {
            "avatar_hash": "g92ad2abcc45",
            "image_72": "https:\/\/secure.gravatar.com\/avatar\/8492ad2abcc45ce53969adcf8420acde.jpg?s=72&d=https%3A%2F%2Fa.slack-edge.com%2F80588%2Fimg%2Favatars%2Fuser_shapes%2Fava_0008-72.png",
            "first_name": "",
            "real_name": "Antonio Linares",
            "display_name": "Antonio Linares",
            "team": "TJH5YU202",
            "name": "alinares",
            "is_restricted": false,
            "is_ultra_restricted": false
        }
    },
    {
        "client_msg_id": "63002d8a-e7ff-462e-a584-9f31d6424c2f",
        "type": "message",
        "text": "Ok, y cómo lo soluciono, instalando de nuevo Bash?",
        "user": "UJUJLTWMT",
        "ts": "1561056819.454900",
        "team": "TJH5YU202",
        "user_team": "TJH5YU202",
        "source_team": "TJH5YU202",
        "user_profile": {
            "avatar_hash": "a60e3b1ef2d2",
            "image_72": "https:\/\/avatars.slack-edge.com\/2019-08-20\/726246109489_a60e3b1ef2d2c141969d_72.jpg",
            "first_name": "",
            "real_name": "Cristobal",
            "display_name": "Cristobal",
            "team": "TJH5YU202",
            "name": "navarro.cristobal",
            "is_restricted": false,
            "is_ultra_restricted": false
        }
    },
    {
        "client_msg_id": "e5788f5a-8dc7-4ba4-8f4f-854b01a38e28",
        "type": "message",
        "text": "Saludos , Primero FELICITARLES  a todos los duros del equipo modharbour.  en Vez de usar xampp yo estoy usando laragon y me va de perlas solo por ahora tanto en win32 como en win64 no he podido hacer que lea el PATH del .dll y simplemente me creo la carpeta vacia de Apache24\/.... y me funciona bien. si tienen tiempo de revisar laragon a mi me ha encantado. ahora la pregunta como hago para configurar el PATH donde se va a ubicar el .dll en win32 y win64???",
        "user": "UJJNSR2V8",
        "ts": "1561065983.460400",
        "team": "TJH5YU202",
        "user_team": "TJH5YU202",
        "source_team": "TJH5YU202",
        "user_profile": {
            "avatar_hash": "g5c7770c1441",
            "image_72": "https:\/\/secure.gravatar.com\/avatar\/a95c7770c144160e668fb52dae4a4024.jpg?s=72&d=https%3A%2F%2Fa.slack-edge.com%2F80588%2Fimg%2Favatars%2Fuser_shapes%2Fava_0010-72.png",
            "first_name": "",
            "real_name": "Mario Gonzalez",
            "display_name": "Mario Gonzalez",
            "team": "TJH5YU202",
            "name": "mag071",
            "is_restricted": false,
            "is_ultra_restricted": false
        }
    },
    {
        "client_msg_id": "e9e4793d-bf2e-486e-aa19-523c053c4898",
        "type": "message",
        "text": "No habia oido hablar de Laragon pero lo probaré ya que lo recomiendas con tanto entusiasmo. Saludos Mario",
        "user": "UJUJLTWMT",
        "ts": "1561072763.461100",
        "team": "TJH5YU202",
        "user_team": "TJH5YU202",
        "source_team": "TJH5YU202",
        "user_profile": {
            "avatar_hash": "a60e3b1ef2d2",
            "image_72": "https:\/\/avatars.slack-edge.com\/2019-08-20\/726246109489_a60e3b1ef2d2c141969d_72.jpg",
            "first_name": "",
            "real_name": "Cristobal",
            "display_name": "Cristobal",
            "team": "TJH5YU202",
            "name": "navarro.cristobal",
            "is_restricted": false,
            "is_ultra_restricted": false
        }
    },
    {
        "client_msg_id": "8817b07a-1ce7-42f7-9b78-51957e5dd11d",
        "type": "message",
        "text": "hola, yo tenía ya instalado xampp, lo que hice fue descargar como zip el mod y copiar libharbour.dll a C:\\xampp\\htdocs, copiar mod_harbour.so a C:\\xampp\\apache\\modules, editar el archivo httpd.conf de la ruta C:\\xampp\\apache\\conf, y poner LoadModule harbour_module modules\/mod_harbour.so y también al final del archivo agregué &lt;FilesMatch \"\\.(prg|hrb)$\"&gt;\n    SetEnv LIBHARBOUR \"c:\/xampp\/htdocs\"\n    SetHandler harbour\n&lt;\/FilesMatch&gt; renicio xampp y al ir al navegador a <http:\/\/localhost\/modharbour_examples\/> me despliega toda la lista de ejemplos, pero al intentar con alguno me despliega el código fuente en el navegador, qué me faltó?",
        "user": "UJV4XG3J4",
        "ts": "1561085392.464100",
        "team": "TJH5YU202",
        "user_team": "TJH5YU202",
        "source_team": "TJH5YU202",
        "user_profile": {
            "avatar_hash": "g90d56153d63",
            "image_72": "https:\/\/secure.gravatar.com\/avatar\/6390d56153d63644fb7b405cad9e41e8.jpg?s=72&d=https%3A%2F%2Fa.slack-edge.com%2F80588%2Fimg%2Favatars%2Fuser_shapes%2Fava_0002-72.png",
            "first_name": "Javier",
            "real_name": "Javier Parada",
            "display_name": "Javier",
            "team": "TJH5YU202",
            "name": "jparada_a",
            "is_restricted": false,
            "is_ultra_restricted": false
        }
    },
    {
        "client_msg_id": "543e2f53-3b7c-4fe8-b0ae-ea9aec24810b",
        "type": "message",
        "text": "Cristobal, no hace falta. Crea un usuario nuevo y cambia el symlink a la carpeta del usuario",
        "user": "UJN8D8U3B",
        "ts": "1561089574.464900",
        "team": "TJH5YU202",
        "user_team": "TJH5YU202",
        "source_team": "TJH5YU202",
        "user_profile": {
            "avatar_hash": "g92ad2abcc45",
            "image_72": "https:\/\/secure.gravatar.com\/avatar\/8492ad2abcc45ce53969adcf8420acde.jpg?s=72&d=https%3A%2F%2Fa.slack-edge.com%2F80588%2Fimg%2Favatars%2Fuser_shapes%2Fava_0008-72.png",
            "first_name": "",
            "real_name": "Antonio Linares",
            "display_name": "Antonio Linares",
            "team": "TJH5YU202",
            "name": "alinares",
            "is_restricted": false,
            "is_ultra_restricted": false
        }
    },
    {
        "client_msg_id": "cab1150c-12dc-4266-bbf5-b6e224a0faea",
        "type": "message",
        "text": "useradd cristobal",
        "user": "UJN8D8U3B",
        "ts": "1561093871.465100",
        "team": "TJH5YU202",
        "user_team": "TJH5YU202",
        "source_team": "TJH5YU202",
        "user_profile": {
            "avatar_hash": "g92ad2abcc45",
            "image_72": "https:\/\/secure.gravatar.com\/avatar\/8492ad2abcc45ce53969adcf8420acde.jpg?s=72&d=https%3A%2F%2Fa.slack-edge.com%2F80588%2Fimg%2Favatars%2Fuser_shapes%2Fava_0008-72.png",
            "first_name": "",
            "real_name": "Antonio Linares",
            "display_name": "Antonio Linares",
            "team": "TJH5YU202",
            "name": "alinares",
            "is_restricted": false,
            "is_ultra_restricted": false
        }
    },
    {
        "client_msg_id": "65923624-ff2f-4e41-81c6-3523f33e898f",
        "type": "message",
        "text": "Bon dia ! :muscle:",
        "user": "UJWR5N32S",
        "ts": "1561094353.465400",
        "team": "TJH5YU202",
        "user_team": "TJH5YU202",
        "source_team": "TJH5YU202",
        "user_profile": {
            "avatar_hash": "273d3745f7ae",
            "image_72": "https:\/\/avatars.slack-edge.com\/2019-05-20\/634344238497_273d3745f7ae1b176b82_72.jpg",
            "first_name": "Charly",
            "real_name": "Charly",
            "display_name": "Charly",
            "team": "TJH5YU202",
            "name": "carles9000",
            "is_restricted": false,
            "is_ultra_restricted": false
        }
    },
    {
        "type": "message",
        "text": "<@UJV4XG3J4> <https:\/\/harbourproject.slack.com\/files\/UJWR5N32S\/FJZ1JL5K5\/Entorno_Win32_64>",
        "files": [
            {
                "id": "FJZ1JL5K5",
                "created": 1559761351,
                "timestamp": 1560092046,
                "name": "Entorno_Win32_64",
                "title": "Entorno Win32\/64",
                "mimetype": "text\/plain",
                "filetype": "space",
                "pretty_type": "Post",
                "user": "UJWR5N32S",
                "editable": true,
                "size": 804,
                "mode": "space",
                "is_external": false,
                "external_type": "",
                "is_public": true,
                "public_url_shared": false,
                "display_as_bot": false,
                "username": "",
                "url_private": "https:\/\/files.slack.com\/files-pri\/TJH5YU202-FJZ1JL5K5\/Entorno_Win32_64?t=xoxe-629202954002-776688371669-763909703378-01ffaa4c4eeda75ea92ad255b32a04e5",
                "url_private_download": "https:\/\/files.slack.com\/files-pri\/TJH5YU202-FJZ1JL5K5\/download\/Entorno_Win32_64?t=xoxe-629202954002-776688371669-763909703378-01ffaa4c4eeda75ea92ad255b32a04e5",
                "permalink": "https:\/\/harbourproject.slack.com\/files\/UJWR5N32S\/FJZ1JL5K5\/Entorno_Win32_64",
                "permalink_public": "https:\/\/slack-files.com\/TJH5YU202-FJZ1JL5K5-b9b2aa9df8",
                "preview": "<document><p>Copiar libharbour.dll por ejemplo en c:\\xampp\\htdocs<\/p><p>Copiar mod_harbour.so en ..\\apache\\modules<\/p><p><\/p><p>Modificar fichero ..\\apache\\conf\\httpd.conf y añadir<\/p><p><\/p><pre>LoadModule harbour_module modules\/mod_harbour.so<\/pre><\/document>",
                "updated": 1560092046,
                "editor": "UJWR5N32S",
                "last_editor": "UJWR5N32S",
                "state": "locked",
                "is_starred": false,
                "has_rich_preview": false
            }
        ],
        "upload": false,
        "user": "UJWR5N32S",
        "display_as_bot": false,
        "x_files": [
            "FJZ1JL5K5"
        ],
        "ts": "1561094425.466100",
        "client_msg_id": "2ace9acf-e758-40d8-b5c5-1f321f15b54a",
        "reactions": [
            {
                "name": "+1",
                "users": [
                    "UJJNSR2V8"
                ],
                "count": 1
            }
        ]
    },
    {
        "client_msg_id": "b5f2fbec-346c-4d12-8441-c0902c3c48a0",
        "type": "message",
        "text": "Ya, pero no entiendo por qué no puedo actuar como root. Antes funcionaba",
        "user": "UJUJLTWMT",
        "ts": "1561094609.467000",
        "team": "TJH5YU202",
        "user_team": "TJH5YU202",
        "source_team": "TJH5YU202",
        "user_profile": {
            "avatar_hash": "a60e3b1ef2d2",
            "image_72": "https:\/\/avatars.slack-edge.com\/2019-08-20\/726246109489_a60e3b1ef2d2c141969d_72.jpg",
            "first_name": "",
            "real_name": "Cristobal",
            "display_name": "Cristobal",
            "team": "TJH5YU202",
            "name": "navarro.cristobal",
            "is_restricted": false,
            "is_ultra_restricted": false
        }
    },
    {
        "client_msg_id": "e1f0c6ca-365c-4a68-a7d5-4b9bda610305",
        "type": "message",
        "text": "El usuario de apache (www-data) no puede ir a root",
        "user": "UJN8D8U3B",
        "ts": "1561096285.468000",
        "team": "TJH5YU202",
        "user_team": "TJH5YU202",
        "source_team": "TJH5YU202",
        "user_profile": {
            "avatar_hash": "g92ad2abcc45",
            "image_72": "https:\/\/secure.gravatar.com\/avatar\/8492ad2abcc45ce53969adcf8420acde.jpg?s=72&d=https%3A%2F%2Fa.slack-edge.com%2F80588%2Fimg%2Favatars%2Fuser_shapes%2Fava_0008-72.png",
            "first_name": "",
            "real_name": "Antonio Linares",
            "display_name": "Antonio Linares",
            "team": "TJH5YU202",
            "name": "alinares",
            "is_restricted": false,
            "is_ultra_restricted": false
        }
    },
    {
        "client_msg_id": "7360f3ab-9e40-4e96-90b9-28348bc5206c",
        "type": "message",
        "text": "Imposible que te funcionase antes",
        "user": "UJN8D8U3B",
        "ts": "1561096291.468200",
        "team": "TJH5YU202",
        "user_team": "TJH5YU202",
        "source_team": "TJH5YU202",
        "user_profile": {
            "avatar_hash": "g92ad2abcc45",
            "image_72": "https:\/\/secure.gravatar.com\/avatar\/8492ad2abcc45ce53969adcf8420acde.jpg?s=72&d=https%3A%2F%2Fa.slack-edge.com%2F80588%2Fimg%2Favatars%2Fuser_shapes%2Fava_0008-72.png",
            "first_name": "",
            "real_name": "Antonio Linares",
            "display_name": "Antonio Linares",
            "team": "TJH5YU202",
            "name": "alinares",
            "is_restricted": false,
            "is_ultra_restricted": false
        }
    }
]