[
    {
        "client_msg_id": "6d858101-0491-405d-ac99-d7e06e667f03",
        "type": "message",
        "text": "buenos dias :sunny:",
        "user": "UJN8D8U3B",
        "ts": "1562397472.357300",
        "team": "TJH5YU202",
        "user_team": "TJH5YU202",
        "source_team": "TJH5YU202",
        "user_profile": {
            "avatar_hash": "g92ad2abcc45",
            "image_72": "https:\/\/secure.gravatar.com\/avatar\/8492ad2abcc45ce53969adcf8420acde.jpg?s=72&d=https%3A%2F%2Fa.slack-edge.com%2F80588%2Fimg%2Favatars%2Fuser_shapes%2Fava_0008-72.png",
            "first_name": "",
            "real_name": "Antonio Linares",
            "display_name": "Antonio Linares",
            "team": "TJH5YU202",
            "name": "alinares",
            "is_restricted": false,
            "is_ultra_restricted": false
        }
    },
    {
        "type": "message",
        "text": "",
        "files": [
            {
                "id": "FL032A597",
                "created": 1562402954,
                "timestamp": 1562402954,
                "name": "image.png",
                "title": "image.png",
                "mimetype": "image\/png",
                "filetype": "png",
                "pretty_type": "PNG",
                "user": "UJWR5N32S",
                "editable": false,
                "size": 34082,
                "mode": "hosted",
                "is_external": false,
                "external_type": "",
                "is_public": true,
                "public_url_shared": false,
                "display_as_bot": false,
                "username": "",
                "url_private": "https:\/\/files.slack.com\/files-pri\/TJH5YU202-FL032A597\/image.png?t=xoxe-629202954002-776688371669-763909703378-01ffaa4c4eeda75ea92ad255b32a04e5",
                "url_private_download": "https:\/\/files.slack.com\/files-pri\/TJH5YU202-FL032A597\/download\/image.png?t=xoxe-629202954002-776688371669-763909703378-01ffaa4c4eeda75ea92ad255b32a04e5",
                "thumb_64": "https:\/\/files.slack.com\/files-tmb\/TJH5YU202-FL032A597-76cddba1b8\/image_64.png?t=xoxe-629202954002-776688371669-763909703378-01ffaa4c4eeda75ea92ad255b32a04e5",
                "thumb_80": "https:\/\/files.slack.com\/files-tmb\/TJH5YU202-FL032A597-76cddba1b8\/image_80.png?t=xoxe-629202954002-776688371669-763909703378-01ffaa4c4eeda75ea92ad255b32a04e5",
                "thumb_360": "https:\/\/files.slack.com\/files-tmb\/TJH5YU202-FL032A597-76cddba1b8\/image_360.png?t=xoxe-629202954002-776688371669-763909703378-01ffaa4c4eeda75ea92ad255b32a04e5",
                "thumb_360_w": 360,
                "thumb_360_h": 124,
                "thumb_480": "https:\/\/files.slack.com\/files-tmb\/TJH5YU202-FL032A597-76cddba1b8\/image_480.png?t=xoxe-629202954002-776688371669-763909703378-01ffaa4c4eeda75ea92ad255b32a04e5",
                "thumb_480_w": 480,
                "thumb_480_h": 166,
                "thumb_160": "https:\/\/files.slack.com\/files-tmb\/TJH5YU202-FL032A597-76cddba1b8\/image_160.png?t=xoxe-629202954002-776688371669-763909703378-01ffaa4c4eeda75ea92ad255b32a04e5",
                "image_exif_rotation": 1,
                "original_w": 596,
                "original_h": 206,
                "permalink": "https:\/\/harbourproject.slack.com\/files\/UJWR5N32S\/FL032A597\/image.png",
                "permalink_public": "https:\/\/slack-files.com\/TJH5YU202-FL032A597-e8af900ea8",
                "is_starred": false,
                "has_rich_preview": false
            }
        ],
        "upload": true,
        "user": "UJWR5N32S",
        "display_as_bot": false,
        "ts": "1562402955.357400",
        "client_msg_id": "dcb54ac4-81b6-402f-9dd9-cc09e3416115"
    },
    {
        "client_msg_id": "90950a30-178b-40cb-b4e6-f475d5092b26",
        "type": "message",
        "text": "Hablamos demasiado...  :joy:",
        "user": "UJWR5N32S",
        "ts": "1562402965.357900",
        "team": "TJH5YU202",
        "user_team": "TJH5YU202",
        "source_team": "TJH5YU202",
        "user_profile": {
            "avatar_hash": "273d3745f7ae",
            "image_72": "https:\/\/avatars.slack-edge.com\/2019-05-20\/634344238497_273d3745f7ae1b176b82_72.jpg",
            "first_name": "Charly",
            "real_name": "Charly",
            "display_name": "Charly",
            "team": "TJH5YU202",
            "name": "carles9000",
            "is_restricted": false,
            "is_ultra_restricted": false
        }
    },
    {
        "client_msg_id": "81611dd1-4438-4dd6-bd2b-b93e776c9274",
        "type": "message",
        "text": "hola buenos días, les dejo una imagen del editor. Porque me marca en rojo y en amarillo parte del codigo?",
        "user": "UJUFNFMFE",
        "ts": "1562408849.358600",
        "team": "TJH5YU202",
        "user_team": "TJH5YU202",
        "source_team": "TJH5YU202",
        "user_profile": {
            "avatar_hash": "aa4e40c137f0",
            "image_72": "https:\/\/avatars.slack-edge.com\/2019-05-21\/630419446595_aa4e40c137f03c23b9cd_72.jpg",
            "first_name": "Marcelo",
            "real_name": "Marcelo Roggeri",
            "display_name": "Marcelo Roggeri",
            "team": "TJH5YU202",
            "name": "roggerimarcelo",
            "is_restricted": false,
            "is_ultra_restricted": false
        }
    },
    {
        "type": "message",
        "text": "",
        "files": [
            {
                "id": "FKV1SL490",
                "created": 1562408857,
                "timestamp": 1562408857,
                "name": "image.png",
                "title": "image.png",
                "mimetype": "image\/png",
                "filetype": "png",
                "pretty_type": "PNG",
                "user": "UJUFNFMFE",
                "editable": false,
                "size": 108204,
                "mode": "hosted",
                "is_external": false,
                "external_type": "",
                "is_public": true,
                "public_url_shared": false,
                "display_as_bot": false,
                "username": "",
                "url_private": "https:\/\/files.slack.com\/files-pri\/TJH5YU202-FKV1SL490\/image.png?t=xoxe-629202954002-776688371669-763909703378-01ffaa4c4eeda75ea92ad255b32a04e5",
                "url_private_download": "https:\/\/files.slack.com\/files-pri\/TJH5YU202-FKV1SL490\/download\/image.png?t=xoxe-629202954002-776688371669-763909703378-01ffaa4c4eeda75ea92ad255b32a04e5",
                "thumb_64": "https:\/\/files.slack.com\/files-tmb\/TJH5YU202-FKV1SL490-12120ac35c\/image_64.png?t=xoxe-629202954002-776688371669-763909703378-01ffaa4c4eeda75ea92ad255b32a04e5",
                "thumb_80": "https:\/\/files.slack.com\/files-tmb\/TJH5YU202-FKV1SL490-12120ac35c\/image_80.png?t=xoxe-629202954002-776688371669-763909703378-01ffaa4c4eeda75ea92ad255b32a04e5",
                "thumb_360": "https:\/\/files.slack.com\/files-tmb\/TJH5YU202-FKV1SL490-12120ac35c\/image_360.png?t=xoxe-629202954002-776688371669-763909703378-01ffaa4c4eeda75ea92ad255b32a04e5",
                "thumb_360_w": 360,
                "thumb_360_h": 315,
                "thumb_480": "https:\/\/files.slack.com\/files-tmb\/TJH5YU202-FKV1SL490-12120ac35c\/image_480.png?t=xoxe-629202954002-776688371669-763909703378-01ffaa4c4eeda75ea92ad255b32a04e5",
                "thumb_480_w": 480,
                "thumb_480_h": 420,
                "thumb_160": "https:\/\/files.slack.com\/files-tmb\/TJH5YU202-FKV1SL490-12120ac35c\/image_160.png?t=xoxe-629202954002-776688371669-763909703378-01ffaa4c4eeda75ea92ad255b32a04e5",
                "thumb_720": "https:\/\/files.slack.com\/files-tmb\/TJH5YU202-FKV1SL490-12120ac35c\/image_720.png?t=xoxe-629202954002-776688371669-763909703378-01ffaa4c4eeda75ea92ad255b32a04e5",
                "thumb_720_w": 720,
                "thumb_720_h": 631,
                "thumb_800": "https:\/\/files.slack.com\/files-tmb\/TJH5YU202-FKV1SL490-12120ac35c\/image_800.png?t=xoxe-629202954002-776688371669-763909703378-01ffaa4c4eeda75ea92ad255b32a04e5",
                "thumb_800_w": 800,
                "thumb_800_h": 701,
                "thumb_960": "https:\/\/files.slack.com\/files-tmb\/TJH5YU202-FKV1SL490-12120ac35c\/image_960.png?t=xoxe-629202954002-776688371669-763909703378-01ffaa4c4eeda75ea92ad255b32a04e5",
                "thumb_960_w": 960,
                "thumb_960_h": 841,
                "image_exif_rotation": 1,
                "original_w": 991,
                "original_h": 868,
                "permalink": "https:\/\/harbourproject.slack.com\/files\/UJUFNFMFE\/FKV1SL490\/image.png",
                "permalink_public": "https:\/\/slack-files.com\/TJH5YU202-FKV1SL490-dff2577205",
                "is_starred": false,
                "has_rich_preview": false
            }
        ],
        "upload": true,
        "user": "UJUFNFMFE",
        "display_as_bot": false,
        "ts": "1562408859.358700",
        "client_msg_id": "7c6fcef1-d287-4198-bde4-88d43d850411"
    },
    {
        "client_msg_id": "7cc19a62-fcf2-4717-8e33-1be640896db4",
        "type": "message",
        "text": "Marcelo, que editor es ?",
        "user": "UJN8D8U3B",
        "ts": "1562410663.359100",
        "team": "TJH5YU202",
        "user_team": "TJH5YU202",
        "source_team": "TJH5YU202",
        "user_profile": {
            "avatar_hash": "g92ad2abcc45",
            "image_72": "https:\/\/secure.gravatar.com\/avatar\/8492ad2abcc45ce53969adcf8420acde.jpg?s=72&d=https%3A%2F%2Fa.slack-edge.com%2F80588%2Fimg%2Favatars%2Fuser_shapes%2Fava_0008-72.png",
            "first_name": "",
            "real_name": "Antonio Linares",
            "display_name": "Antonio Linares",
            "team": "TJH5YU202",
            "name": "alinares",
            "is_restricted": false,
            "is_ultra_restricted": false
        },
        "thread_ts": "1562410663.359100",
        "reply_count": 1,
        "reply_users_count": 1,
        "latest_reply": "1562413653.360600",
        "reply_users": [
            "UJUFNFMFE"
        ],
        "replies": [
            {
                "user": "UJUFNFMFE",
                "ts": "1562413653.360600"
            }
        ],
        "subscribed": false
    },
    {
        "client_msg_id": "d4e4133c-24d6-4e70-a64b-e7d9b850d16b",
        "type": "message",
        "text": "Ojeo un zorro. Hagamos una batida :joy:",
        "user": "UJULQCHL5",
        "ts": "1562412305.359900",
        "team": "TJH5YU202",
        "user_team": "TJH5YU202",
        "source_team": "TJH5YU202",
        "user_profile": {
            "avatar_hash": "g7659142325a",
            "image_72": "https:\/\/secure.gravatar.com\/avatar\/c87659142325a3facb661d85281ec091.jpg?s=72&d=https%3A%2F%2Fa.slack-edge.com%2F80588%2Fimg%2Favatars%2Fuser_shapes%2Fava_0003-72.png",
            "first_name": "",
            "real_name": "Paquito",
            "display_name": "Paquito",
            "team": "TJH5YU202",
            "name": "hmpaquito",
            "is_restricted": false,
            "is_ultra_restricted": false
        }
    },
    {
        "type": "message",
        "text": "",
        "files": [
            {
                "id": "FL8JQ2KJA",
                "created": 1562413555,
                "timestamp": 1562413555,
                "name": "machine4.gif",
                "title": "machine4.gif",
                "mimetype": "image\/gif",
                "filetype": "gif",
                "pretty_type": "GIF",
                "user": "UJUJLTWMT",
                "editable": false,
                "size": 3675374,
                "mode": "hosted",
                "is_external": false,
                "external_type": "",
                "is_public": true,
                "public_url_shared": false,
                "display_as_bot": false,
                "username": "",
                "url_private": "https:\/\/files.slack.com\/files-pri\/TJH5YU202-FL8JQ2KJA\/machine4.gif?t=xoxe-629202954002-776688371669-763909703378-01ffaa4c4eeda75ea92ad255b32a04e5",
                "url_private_download": "https:\/\/files.slack.com\/files-pri\/TJH5YU202-FL8JQ2KJA\/download\/machine4.gif?t=xoxe-629202954002-776688371669-763909703378-01ffaa4c4eeda75ea92ad255b32a04e5",
                "thumb_64": "https:\/\/files.slack.com\/files-tmb\/TJH5YU202-FL8JQ2KJA-f72028cdc6\/machine4_64.png?t=xoxe-629202954002-776688371669-763909703378-01ffaa4c4eeda75ea92ad255b32a04e5",
                "thumb_80": "https:\/\/files.slack.com\/files-tmb\/TJH5YU202-FL8JQ2KJA-f72028cdc6\/machine4_80.png?t=xoxe-629202954002-776688371669-763909703378-01ffaa4c4eeda75ea92ad255b32a04e5",
                "thumb_360": "https:\/\/files.slack.com\/files-tmb\/TJH5YU202-FL8JQ2KJA-f72028cdc6\/machine4_360.png?t=xoxe-629202954002-776688371669-763909703378-01ffaa4c4eeda75ea92ad255b32a04e5",
                "thumb_360_w": 360,
                "thumb_360_h": 191,
                "thumb_480": "https:\/\/files.slack.com\/files-tmb\/TJH5YU202-FL8JQ2KJA-f72028cdc6\/machine4_480.png?t=xoxe-629202954002-776688371669-763909703378-01ffaa4c4eeda75ea92ad255b32a04e5",
                "thumb_480_w": 480,
                "thumb_480_h": 255,
                "thumb_160": "https:\/\/files.slack.com\/files-tmb\/TJH5YU202-FL8JQ2KJA-f72028cdc6\/machine4_160.png?t=xoxe-629202954002-776688371669-763909703378-01ffaa4c4eeda75ea92ad255b32a04e5",
                "thumb_720": "https:\/\/files.slack.com\/files-tmb\/TJH5YU202-FL8JQ2KJA-f72028cdc6\/machine4_720.png?t=xoxe-629202954002-776688371669-763909703378-01ffaa4c4eeda75ea92ad255b32a04e5",
                "thumb_720_w": 720,
                "thumb_720_h": 383,
                "thumb_800": "https:\/\/files.slack.com\/files-tmb\/TJH5YU202-FL8JQ2KJA-f72028cdc6\/machine4_800.png?t=xoxe-629202954002-776688371669-763909703378-01ffaa4c4eeda75ea92ad255b32a04e5",
                "thumb_800_w": 800,
                "thumb_800_h": 425,
                "thumb_960": "https:\/\/files.slack.com\/files-tmb\/TJH5YU202-FL8JQ2KJA-f72028cdc6\/machine4_960.png?t=xoxe-629202954002-776688371669-763909703378-01ffaa4c4eeda75ea92ad255b32a04e5",
                "thumb_960_w": 960,
                "thumb_960_h": 510,
                "thumb_1024": "https:\/\/files.slack.com\/files-tmb\/TJH5YU202-FL8JQ2KJA-f72028cdc6\/machine4_1024.png?t=xoxe-629202954002-776688371669-763909703378-01ffaa4c4eeda75ea92ad255b32a04e5",
                "thumb_1024_w": 1024,
                "thumb_1024_h": 544,
                "thumb_360_gif": "https:\/\/files.slack.com\/files-tmb\/TJH5YU202-FL8JQ2KJA-f72028cdc6\/machine4_360.gif?t=xoxe-629202954002-776688371669-763909703378-01ffaa4c4eeda75ea92ad255b32a04e5",
                "thumb_480_gif": "https:\/\/files.slack.com\/files-tmb\/TJH5YU202-FL8JQ2KJA-f72028cdc6\/machine4_480.gif?t=xoxe-629202954002-776688371669-763909703378-01ffaa4c4eeda75ea92ad255b32a04e5",
                "image_exif_rotation": 1,
                "original_w": 1341,
                "original_h": 713,
                "deanimate_gif": "https:\/\/files.slack.com\/files-tmb\/TJH5YU202-FL8JQ2KJA-f72028cdc6\/machine4_deanimate_gif.png?t=xoxe-629202954002-776688371669-763909703378-01ffaa4c4eeda75ea92ad255b32a04e5",
                "permalink": "https:\/\/harbourproject.slack.com\/files\/UJUJLTWMT\/FL8JQ2KJA\/machine4.gif",
                "permalink_public": "https:\/\/slack-files.com\/TJH5YU202-FL8JQ2KJA-a00b20be8f",
                "is_starred": false,
                "has_rich_preview": false
            }
        ],
        "upload": true,
        "user": "UJUJLTWMT",
        "display_as_bot": false,
        "ts": "1562413604.360000",
        "client_msg_id": "b037ece9-ee82-4372-ac5e-89ef8acbaba9",
        "reactions": [
            {
                "name": "clap",
                "users": [
                    "UJUFNFMFE",
                    "UJWR5N32S"
                ],
                "count": 2
            },
            {
                "name": "+1",
                "users": [
                    "UJJNSR2V8"
                ],
                "count": 1
            }
        ]
    },
    {
        "client_msg_id": "3bde75ae-af7e-4595-99e3-ab2dcd8fdc65",
        "type": "message",
        "text": "Visual Studio Code",
        "user": "UJUFNFMFE",
        "ts": "1562413653.360600",
        "team": "TJH5YU202",
        "user_team": "TJH5YU202",
        "source_team": "TJH5YU202",
        "user_profile": {
            "avatar_hash": "aa4e40c137f0",
            "image_72": "https:\/\/avatars.slack-edge.com\/2019-05-21\/630419446595_aa4e40c137f03c23b9cd_72.jpg",
            "first_name": "Marcelo",
            "real_name": "Marcelo Roggeri",
            "display_name": "Marcelo Roggeri",
            "team": "TJH5YU202",
            "name": "roggerimarcelo",
            "is_restricted": false,
            "is_ultra_restricted": false
        },
        "thread_ts": "1562410663.359100",
        "parent_user_id": "UJN8D8U3B"
    },
    {
        "client_msg_id": "e2eb0284-147d-4a5e-a2ec-22ef356a67d1",
        "type": "message",
        "text": "Barbaro !",
        "user": "UJWR5N32S",
        "ts": "1562414475.361100",
        "team": "TJH5YU202",
        "user_team": "TJH5YU202",
        "source_team": "TJH5YU202",
        "user_profile": {
            "avatar_hash": "273d3745f7ae",
            "image_72": "https:\/\/avatars.slack-edge.com\/2019-05-20\/634344238497_273d3745f7ae1b176b82_72.jpg",
            "first_name": "Charly",
            "real_name": "Charly",
            "display_name": "Charly",
            "team": "TJH5YU202",
            "name": "carles9000",
            "is_restricted": false,
            "is_ultra_restricted": false
        }
    },
    {
        "client_msg_id": "c04adc2b-04d2-44e8-910b-cf476792d736",
        "type": "message",
        "text": "Grax. Aun queda algun detalle a pulir pero bueno",
        "user": "UJUJLTWMT",
        "ts": "1562416947.361800",
        "team": "TJH5YU202",
        "user_team": "TJH5YU202",
        "source_team": "TJH5YU202",
        "user_profile": {
            "avatar_hash": "a60e3b1ef2d2",
            "image_72": "https:\/\/avatars.slack-edge.com\/2019-08-20\/726246109489_a60e3b1ef2d2c141969d_72.jpg",
            "first_name": "",
            "real_name": "Cristobal",
            "display_name": "Cristobal",
            "team": "TJH5YU202",
            "name": "navarro.cristobal",
            "is_restricted": false,
            "is_ultra_restricted": false
        }
    },
    {
        "client_msg_id": "272e9987-2dd4-463c-8db3-dc47ea9e70c9",
        "type": "message",
        "text": "Im presionante.. q diria el de Ubrique.\nGracias Mr. Cristóbal. Haciendo grande HFW",
        "user": "UJULQCHL5",
        "ts": "1562420469.364200",
        "team": "TJH5YU202",
        "user_team": "TJH5YU202",
        "source_team": "TJH5YU202",
        "user_profile": {
            "avatar_hash": "g7659142325a",
            "image_72": "https:\/\/secure.gravatar.com\/avatar\/c87659142325a3facb661d85281ec091.jpg?s=72&d=https%3A%2F%2Fa.slack-edge.com%2F80588%2Fimg%2Favatars%2Fuser_shapes%2Fava_0003-72.png",
            "first_name": "",
            "real_name": "Paquito",
            "display_name": "Paquito",
            "team": "TJH5YU202",
            "name": "hmpaquito",
            "is_restricted": false,
            "is_ultra_restricted": false
        },
        "reactions": [
            {
                "name": "+1",
                "users": [
                    "UJUJLTWMT",
                    "UJWR5N32S",
                    "UJULQCHL5"
                ],
                "count": 3
            }
        ]
    },
    {
        "client_msg_id": "2c576993-18d6-486c-8a54-e4a8ca560afa",
        "type": "message",
        "text": "Saludos a todos luego de la explicacion ayer de <@UJWR5N32S> y bajando el notes para correrlo localmente ya he entendido como es todo lo del dibujito MVC :slightly_smiling_face: , ahora partiendo de que con el router mas las url amigables uno puede simular el comportamiento de un restful y teniendo en cuenta el ejemplo json.prg donde podemos ya generar los json quiero intentar hacer una mini api que genera .json. Ahora en harbour y en fwh con curl tengo el concepto claro de agarrar el json y procesarlo, mi pregunta es como se hace en .html esa captura del .json para procesarlo es que al querer hacer un api ademas de que lo use una aplicacion hecha en harbour o modharbour quiero usarla por ejemplo desde un .apk hecho en phonegap que eso solo html\/js\/ccs. espero me sepan entender y lanzarme una idea de como se hace eso desde el concepto .html me imagino mas .js,  no desde un .prg. Gracias.",
        "user": "UJJNSR2V8",
        "ts": "1562423218.371800",
        "team": "TJH5YU202",
        "user_team": "TJH5YU202",
        "source_team": "TJH5YU202",
        "user_profile": {
            "avatar_hash": "g5c7770c1441",
            "image_72": "https:\/\/secure.gravatar.com\/avatar\/a95c7770c144160e668fb52dae4a4024.jpg?s=72&d=https%3A%2F%2Fa.slack-edge.com%2F80588%2Fimg%2Favatars%2Fuser_shapes%2Fava_0010-72.png",
            "first_name": "",
            "real_name": "Mario Gonzalez",
            "display_name": "Mario Gonzalez",
            "team": "TJH5YU202",
            "name": "mag071",
            "is_restricted": false,
            "is_ultra_restricted": false
        }
    },
    {
        "client_msg_id": "05f01d4c-481e-4c5c-b840-d6a8bcaf4a12",
        "type": "message",
        "text": "Buenas tardes! Me ha vuelto internet, y con ello la vida",
        "user": "UJU2ZLJBW",
        "ts": "1562428174.374900",
        "team": "TJH5YU202",
        "user_team": "TJH5YU202",
        "source_team": "TJH5YU202",
        "user_profile": {
            "avatar_hash": "g4df4d90232e",
            "image_72": "https:\/\/secure.gravatar.com\/avatar\/0b4df4d90232ed07739bd4134b92a6d1.jpg?s=72&d=https%3A%2F%2Fa.slack-edge.com%2F80588%2Fimg%2Favatars%2Fuser_shapes%2Fava_0022-72.png",
            "first_name": "Carlos",
            "real_name": "Carlos Mora",
            "display_name": "",
            "team": "TJH5YU202",
            "name": "carlosantoniomora",
            "is_restricted": false,
            "is_ultra_restricted": false
        }
    },
    {
        "client_msg_id": "b1bb61f4-0898-4e11-be99-273c2a46ede6",
        "type": "message",
        "text": "Quisiera proponer algo: actualmente tenemos en el Slack un canal <#CJUHF8SBX|modharbour> donde solo hablamos cristiano. ¿Que les parece si abrimos un canal #modharbour_en para los que se animan al inglés? y al nuestro lo renombraríamos (si se puede) _es",
        "user": "UJU2ZLJBW",
        "ts": "1562428295.376800",
        "team": "TJH5YU202",
        "user_team": "TJH5YU202",
        "source_team": "TJH5YU202",
        "user_profile": {
            "avatar_hash": "g4df4d90232e",
            "image_72": "https:\/\/secure.gravatar.com\/avatar\/0b4df4d90232ed07739bd4134b92a6d1.jpg?s=72&d=https%3A%2F%2Fa.slack-edge.com%2F80588%2Fimg%2Favatars%2Fuser_shapes%2Fava_0022-72.png",
            "first_name": "Carlos",
            "real_name": "Carlos Mora",
            "display_name": "",
            "team": "TJH5YU202",
            "name": "carlosantoniomora",
            "is_restricted": false,
            "is_ultra_restricted": false
        }
    },
    {
        "client_msg_id": "b11949ca-8ad4-41b2-8cfd-adead52123a1",
        "type": "message",
        "text": "Hay gente que contacta por email ya que no se anima\/entiende castellano, y creo que puede ser importante para poder ayudar a los que todavía no pudieron entrar",
        "user": "UJU2ZLJBW",
        "ts": "1562428397.378000",
        "team": "TJH5YU202",
        "user_team": "TJH5YU202",
        "source_team": "TJH5YU202",
        "user_profile": {
            "avatar_hash": "g4df4d90232e",
            "image_72": "https:\/\/secure.gravatar.com\/avatar\/0b4df4d90232ed07739bd4134b92a6d1.jpg?s=72&d=https%3A%2F%2Fa.slack-edge.com%2F80588%2Fimg%2Favatars%2Fuser_shapes%2Fava_0022-72.png",
            "first_name": "Carlos",
            "real_name": "Carlos Mora",
            "display_name": "",
            "team": "TJH5YU202",
            "name": "carlosantoniomora",
            "is_restricted": false,
            "is_ultra_restricted": false
        }
    },
    {
        "client_msg_id": "a059aa5a-9cda-4b6b-9120-f616b5f93cda",
        "type": "message",
        "text": "<@UJJNSR2V8> Me alegro que lo entendieras :slightly_smiling_face:. Ahora se trata de ir escalando todo el tema poco a poco. Para hacer lo mismo que vimos ayer pero enfocándolo a una api, te propongo lo siguiente:",
        "user": "UJWR5N32S",
        "ts": "1562429912.379500",
        "team": "TJH5YU202",
        "user_team": "TJH5YU202",
        "source_team": "TJH5YU202",
        "user_profile": {
            "avatar_hash": "273d3745f7ae",
            "image_72": "https:\/\/avatars.slack-edge.com\/2019-05-20\/634344238497_273d3745f7ae1b176b82_72.jpg",
            "first_name": "Charly",
            "real_name": "Charly",
            "display_name": "Charly",
            "team": "TJH5YU202",
            "name": "carles9000",
            "is_restricted": false,
            "is_ultra_restricted": false
        }
    },
    {
        "client_msg_id": "09428570-2886-4306-988b-9f2e33da41b4",
        "type": "message",
        "text": "Te creas un nuevo proyecto, partiendo del que vimos ayer mvc_base",
        "user": "UJWR5N32S",
        "ts": "1562429936.380100",
        "team": "TJH5YU202",
        "user_team": "TJH5YU202",
        "source_team": "TJH5YU202",
        "user_profile": {
            "avatar_hash": "273d3745f7ae",
            "image_72": "https:\/\/avatars.slack-edge.com\/2019-05-20\/634344238497_273d3745f7ae1b176b82_72.jpg",
            "first_name": "Charly",
            "real_name": "Charly",
            "display_name": "Charly",
            "team": "TJH5YU202",
            "name": "carles9000",
            "is_restricted": false,
            "is_ultra_restricted": false
        }
    },
    {
        "client_msg_id": "149b2db0-4de9-49dd-8633-56abccdd1da4",
        "type": "message",
        "text": "creas un mapa\/ruta nueva, por ejemplo asi:",
        "user": "UJWR5N32S",
        "ts": "1562429959.380600",
        "team": "TJH5YU202",
        "user_team": "TJH5YU202",
        "source_team": "TJH5YU202",
        "user_profile": {
            "avatar_hash": "273d3745f7ae",
            "image_72": "https:\/\/avatars.slack-edge.com\/2019-05-20\/634344238497_273d3745f7ae1b176b82_72.jpg",
            "first_name": "Charly",
            "real_name": "Charly",
            "display_name": "Charly",
            "team": "TJH5YU202",
            "name": "carles9000",
            "is_restricted": false,
            "is_ultra_restricted": false
        }
    },
    {
        "client_msg_id": "9571dfc9-24d6-4080-9e42-15c3e4572d64",
        "type": "message",
        "text": "oRoute:Map( 'GET'\t, '<http:\/\/users.info|users.info>'\t\t, 'users\/(id)\/(type)'\t, 'export@users.prg' )",
        "user": "UJWR5N32S",
        "ts": "1562429969.380800",
        "team": "TJH5YU202",
        "user_team": "TJH5YU202",
        "source_team": "TJH5YU202",
        "user_profile": {
            "avatar_hash": "273d3745f7ae",
            "image_72": "https:\/\/avatars.slack-edge.com\/2019-05-20\/634344238497_273d3745f7ae1b176b82_72.jpg",
            "first_name": "Charly",
            "real_name": "Charly",
            "display_name": "Charly",
            "team": "TJH5YU202",
            "name": "carles9000",
            "is_restricted": false,
            "is_ultra_restricted": false
        }
    },
    {
        "client_msg_id": "3383658f-96ca-47d0-8b59-bab45f4c1038",
        "type": "message",
        "text": "Esto ya os va sonando, ahora no ? :slightly_smiling_face:",
        "user": "UJWR5N32S",
        "ts": "1562429986.381200",
        "team": "TJH5YU202",
        "user_team": "TJH5YU202",
        "source_team": "TJH5YU202",
        "user_profile": {
            "avatar_hash": "273d3745f7ae",
            "image_72": "https:\/\/avatars.slack-edge.com\/2019-05-20\/634344238497_273d3745f7ae1b176b82_72.jpg",
            "first_name": "Charly",
            "real_name": "Charly",
            "display_name": "Charly",
            "team": "TJH5YU202",
            "name": "carles9000",
            "is_restricted": false,
            "is_ultra_restricted": false
        }
    },
    {
        "client_msg_id": "65530a05-9306-43cb-887d-1f7c68680e6f",
        "type": "message",
        "text": "Creamos esta ruta pidiendo la info de un usuario con id (id) y que la salida de los datos nos la de en el formato (type)",
        "user": "UJWR5N32S",
        "ts": "1562430029.382000",
        "team": "TJH5YU202",
        "user_team": "TJH5YU202",
        "source_team": "TJH5YU202",
        "user_profile": {
            "avatar_hash": "273d3745f7ae",
            "image_72": "https:\/\/avatars.slack-edge.com\/2019-05-20\/634344238497_273d3745f7ae1b176b82_72.jpg",
            "first_name": "Charly",
            "real_name": "Charly",
            "display_name": "Charly",
            "team": "TJH5YU202",
            "name": "carles9000",
            "is_restricted": false,
            "is_ultra_restricted": false
        }
    },
    {
        "client_msg_id": "14172b0e-1cee-4407-9f0f-b756371d1568",
        "type": "message",
        "text": "donde por ejemplo (type) puede ser JSON",
        "user": "UJWR5N32S",
        "ts": "1562430047.382400",
        "team": "TJH5YU202",
        "user_team": "TJH5YU202",
        "source_team": "TJH5YU202",
        "user_profile": {
            "avatar_hash": "273d3745f7ae",
            "image_72": "https:\/\/avatars.slack-edge.com\/2019-05-20\/634344238497_273d3745f7ae1b176b82_72.jpg",
            "first_name": "Charly",
            "real_name": "Charly",
            "display_name": "Charly",
            "team": "TJH5YU202",
            "name": "carles9000",
            "is_restricted": false,
            "is_ultra_restricted": false
        }
    },
    {
        "client_msg_id": "ec7453ef-eaa6-411f-9468-8f30dc5b79c4",
        "type": "message",
        "text": "es decir la llamada seria asi: localhost\/mvc_base\/users\/2\/json",
        "user": "UJWR5N32S",
        "ts": "1562430075.382900",
        "team": "TJH5YU202",
        "user_team": "TJH5YU202",
        "source_team": "TJH5YU202",
        "user_profile": {
            "avatar_hash": "273d3745f7ae",
            "image_72": "https:\/\/avatars.slack-edge.com\/2019-05-20\/634344238497_273d3745f7ae1b176b82_72.jpg",
            "first_name": "Charly",
            "real_name": "Charly",
            "display_name": "Charly",
            "team": "TJH5YU202",
            "name": "carles9000",
            "is_restricted": false,
            "is_ultra_restricted": false
        }
    },
    {
        "client_msg_id": "256791c7-320e-40de-ba14-9a2be51d6d52",
        "type": "message",
        "text": "Ahora solo te tocaria montar el pequeño controler como vimos ayer. Podria ser asi:",
        "user": "UJWR5N32S",
        "ts": "1562430113.383600",
        "team": "TJH5YU202",
        "user_team": "TJH5YU202",
        "source_team": "TJH5YU202",
        "user_profile": {
            "avatar_hash": "273d3745f7ae",
            "image_72": "https:\/\/avatars.slack-edge.com\/2019-05-20\/634344238497_273d3745f7ae1b176b82_72.jpg",
            "first_name": "Charly",
            "real_name": "Charly",
            "display_name": "Charly",
            "team": "TJH5YU202",
            "name": "carles9000",
            "is_restricted": false,
            "is_ultra_restricted": false
        }
    },
    {
        "type": "message",
        "text": "",
        "files": [
            {
                "id": "FL067DAU9",
                "created": 1562430151,
                "timestamp": 1562430151,
                "name": "Sin_titulo.js",
                "title": "Sin título",
                "mimetype": "text\/plain",
                "filetype": "javascript",
                "pretty_type": "JavaScript\/JSON",
                "user": "UJWR5N32S",
                "editable": true,
                "size": 1150,
                "mode": "snippet",
                "is_external": false,
                "external_type": "",
                "is_public": true,
                "public_url_shared": false,
                "display_as_bot": false,
                "username": "",
                "url_private": "https:\/\/files.slack.com\/files-pri\/TJH5YU202-FL067DAU9\/Sin_titulo.js?t=xoxe-629202954002-776688371669-763909703378-01ffaa4c4eeda75ea92ad255b32a04e5",
                "url_private_download": "https:\/\/files.slack.com\/files-pri\/TJH5YU202-FL067DAU9\/download\/Sin_titulo.js?t=xoxe-629202954002-776688371669-763909703378-01ffaa4c4eeda75ea92ad255b32a04e5",
                "permalink": "https:\/\/harbourproject.slack.com\/files\/UJWR5N32S\/FL067DAU9\/Sin_titulo.js",
                "permalink_public": "https:\/\/slack-files.com\/TJH5YU202-FL067DAU9-ec3f0f0974",
                "edit_link": "https:\/\/harbourproject.slack.com\/files\/UJWR5N32S\/FL067DAU9\/Sin_titulo.js\/edit",
                "is_starred": false,
                "has_rich_preview": false
            }
        ],
        "upload": true,
        "user": "UJWR5N32S",
        "display_as_bot": false,
        "ts": "1562430151.383700"
    },
    {
        "client_msg_id": "50040e0b-b415-4fcd-a5e3-19cd725d60d7",
        "type": "message",
        "text": "Y listos !!!",
        "user": "UJWR5N32S",
        "ts": "1562430182.384200",
        "team": "TJH5YU202",
        "user_team": "TJH5YU202",
        "source_team": "TJH5YU202",
        "user_profile": {
            "avatar_hash": "273d3745f7ae",
            "image_72": "https:\/\/avatars.slack-edge.com\/2019-05-20\/634344238497_273d3745f7ae1b176b82_72.jpg",
            "first_name": "Charly",
            "real_name": "Charly",
            "display_name": "Charly",
            "team": "TJH5YU202",
            "name": "carles9000",
            "is_restricted": false,
            "is_ultra_restricted": false
        }
    },
    {
        "client_msg_id": "9bf536b5-af49-489d-8d92-8de9b120a046",
        "type": "message",
        "text": "Como ves he creado el controller que puede aceptar 2 tipos de salida: json o xml",
        "user": "UJWR5N32S",
        "ts": "1562430207.384700",
        "team": "TJH5YU202",
        "user_team": "TJH5YU202",
        "source_team": "TJH5YU202",
        "user_profile": {
            "avatar_hash": "273d3745f7ae",
            "image_72": "https:\/\/avatars.slack-edge.com\/2019-05-20\/634344238497_273d3745f7ae1b176b82_72.jpg",
            "first_name": "Charly",
            "real_name": "Charly",
            "display_name": "Charly",
            "team": "TJH5YU202",
            "name": "carles9000",
            "is_restricted": false,
            "is_ultra_restricted": false
        }
    },
    {
        "client_msg_id": "8610e64d-63fe-4d75-97e2-176078cfa2c0",
        "type": "message",
        "text": "Carlos, en todo caso, no renombres este, haz el nuevo simplemente terminado en _en",
        "user": "UJUJLTWMT",
        "ts": "1562430373.385400",
        "team": "TJH5YU202",
        "user_team": "TJH5YU202",
        "source_team": "TJH5YU202",
        "user_profile": {
            "avatar_hash": "a60e3b1ef2d2",
            "image_72": "https:\/\/avatars.slack-edge.com\/2019-08-20\/726246109489_a60e3b1ef2d2c141969d_72.jpg",
            "first_name": "",
            "real_name": "Cristobal",
            "display_name": "Cristobal",
            "team": "TJH5YU202",
            "name": "navarro.cristobal",
            "is_restricted": false,
            "is_ultra_restricted": false
        }
    },
    {
        "client_msg_id": "e801d7ae-c785-4df5-8b8d-8c1951fc81c9",
        "type": "message",
        "text": "ok",
        "user": "UJU2ZLJBW",
        "ts": "1562430383.385600",
        "team": "TJH5YU202",
        "user_team": "TJH5YU202",
        "source_team": "TJH5YU202",
        "user_profile": {
            "avatar_hash": "g4df4d90232e",
            "image_72": "https:\/\/secure.gravatar.com\/avatar\/0b4df4d90232ed07739bd4134b92a6d1.jpg?s=72&d=https%3A%2F%2Fa.slack-edge.com%2F80588%2Fimg%2Favatars%2Fuser_shapes%2Fava_0022-72.png",
            "first_name": "Carlos",
            "real_name": "Carlos Mora",
            "display_name": "",
            "team": "TJH5YU202",
            "name": "carlosantoniomora",
            "is_restricted": false,
            "is_ultra_restricted": false
        }
    },
    {
        "client_msg_id": "600faa26-eaf1-4d68-8a82-3b61d0692309",
        "type": "message",
        "text": "<@UJJNSR2V8> Y fijate ahora si haces la llamada desde el Postman para ver como tu nueva api funciona te apareceria algo asi",
        "user": "UJWR5N32S",
        "ts": "1562430494.386300",
        "team": "TJH5YU202",
        "user_team": "TJH5YU202",
        "source_team": "TJH5YU202",
        "user_profile": {
            "avatar_hash": "273d3745f7ae",
            "image_72": "https:\/\/avatars.slack-edge.com\/2019-05-20\/634344238497_273d3745f7ae1b176b82_72.jpg",
            "first_name": "Charly",
            "real_name": "Charly",
            "display_name": "Charly",
            "team": "TJH5YU202",
            "name": "carles9000",
            "is_restricted": false,
            "is_ultra_restricted": false
        }
    },
    {
        "type": "message",
        "text": "",
        "files": [
            {
                "id": "FL068T70R",
                "created": 1562430502,
                "timestamp": 1562430502,
                "name": "image.png",
                "title": "image.png",
                "mimetype": "image\/png",
                "filetype": "png",
                "pretty_type": "PNG",
                "user": "UJWR5N32S",
                "editable": false,
                "size": 97947,
                "mode": "hosted",
                "is_external": false,
                "external_type": "",
                "is_public": true,
                "public_url_shared": false,
                "display_as_bot": false,
                "username": "",
                "url_private": "https:\/\/files.slack.com\/files-pri\/TJH5YU202-FL068T70R\/image.png?t=xoxe-629202954002-776688371669-763909703378-01ffaa4c4eeda75ea92ad255b32a04e5",
                "url_private_download": "https:\/\/files.slack.com\/files-pri\/TJH5YU202-FL068T70R\/download\/image.png?t=xoxe-629202954002-776688371669-763909703378-01ffaa4c4eeda75ea92ad255b32a04e5",
                "thumb_64": "https:\/\/files.slack.com\/files-tmb\/TJH5YU202-FL068T70R-cd5721eaaa\/image_64.png?t=xoxe-629202954002-776688371669-763909703378-01ffaa4c4eeda75ea92ad255b32a04e5",
                "thumb_80": "https:\/\/files.slack.com\/files-tmb\/TJH5YU202-FL068T70R-cd5721eaaa\/image_80.png?t=xoxe-629202954002-776688371669-763909703378-01ffaa4c4eeda75ea92ad255b32a04e5",
                "thumb_360": "https:\/\/files.slack.com\/files-tmb\/TJH5YU202-FL068T70R-cd5721eaaa\/image_360.png?t=xoxe-629202954002-776688371669-763909703378-01ffaa4c4eeda75ea92ad255b32a04e5",
                "thumb_360_w": 360,
                "thumb_360_h": 231,
                "thumb_480": "https:\/\/files.slack.com\/files-tmb\/TJH5YU202-FL068T70R-cd5721eaaa\/image_480.png?t=xoxe-629202954002-776688371669-763909703378-01ffaa4c4eeda75ea92ad255b32a04e5",
                "thumb_480_w": 480,
                "thumb_480_h": 308,
                "thumb_160": "https:\/\/files.slack.com\/files-tmb\/TJH5YU202-FL068T70R-cd5721eaaa\/image_160.png?t=xoxe-629202954002-776688371669-763909703378-01ffaa4c4eeda75ea92ad255b32a04e5",
                "thumb_720": "https:\/\/files.slack.com\/files-tmb\/TJH5YU202-FL068T70R-cd5721eaaa\/image_720.png?t=xoxe-629202954002-776688371669-763909703378-01ffaa4c4eeda75ea92ad255b32a04e5",
                "thumb_720_w": 720,
                "thumb_720_h": 462,
                "thumb_800": "https:\/\/files.slack.com\/files-tmb\/TJH5YU202-FL068T70R-cd5721eaaa\/image_800.png?t=xoxe-629202954002-776688371669-763909703378-01ffaa4c4eeda75ea92ad255b32a04e5",
                "thumb_800_w": 800,
                "thumb_800_h": 514,
                "image_exif_rotation": 1,
                "original_w": 880,
                "original_h": 565,
                "permalink": "https:\/\/harbourproject.slack.com\/files\/UJWR5N32S\/FL068T70R\/image.png",
                "permalink_public": "https:\/\/slack-files.com\/TJH5YU202-FL068T70R-9a245f1277",
                "is_starred": false,
                "has_rich_preview": false
            }
        ],
        "upload": true,
        "user": "UJWR5N32S",
        "display_as_bot": false,
        "ts": "1562430504.386400",
        "client_msg_id": "7af53b42-0e55-4ccd-8248-245ff8fe0f21"
    },
    {
        "client_msg_id": "29e6e53b-9e52-4361-832e-faa61de6580f",
        "type": "message",
        "text": "y si le pido a la api que me lo de en xml",
        "user": "UJWR5N32S",
        "ts": "1562430578.386900",
        "team": "TJH5YU202",
        "user_team": "TJH5YU202",
        "source_team": "TJH5YU202",
        "user_profile": {
            "avatar_hash": "273d3745f7ae",
            "image_72": "https:\/\/avatars.slack-edge.com\/2019-05-20\/634344238497_273d3745f7ae1b176b82_72.jpg",
            "first_name": "Charly",
            "real_name": "Charly",
            "display_name": "Charly",
            "team": "TJH5YU202",
            "name": "carles9000",
            "is_restricted": false,
            "is_ultra_restricted": false
        }
    },
    {
        "type": "message",
        "text": "",
        "files": [
            {
                "id": "FL62QNYJG",
                "created": 1562430585,
                "timestamp": 1562430585,
                "name": "image.png",
                "title": "image.png",
                "mimetype": "image\/png",
                "filetype": "png",
                "pretty_type": "PNG",
                "user": "UJWR5N32S",
                "editable": false,
                "size": 50031,
                "mode": "hosted",
                "is_external": false,
                "external_type": "",
                "is_public": true,
                "public_url_shared": false,
                "display_as_bot": false,
                "username": "",
                "url_private": "https:\/\/files.slack.com\/files-pri\/TJH5YU202-FL62QNYJG\/image.png?t=xoxe-629202954002-776688371669-763909703378-01ffaa4c4eeda75ea92ad255b32a04e5",
                "url_private_download": "https:\/\/files.slack.com\/files-pri\/TJH5YU202-FL62QNYJG\/download\/image.png?t=xoxe-629202954002-776688371669-763909703378-01ffaa4c4eeda75ea92ad255b32a04e5",
                "thumb_64": "https:\/\/files.slack.com\/files-tmb\/TJH5YU202-FL62QNYJG-776429f183\/image_64.png?t=xoxe-629202954002-776688371669-763909703378-01ffaa4c4eeda75ea92ad255b32a04e5",
                "thumb_80": "https:\/\/files.slack.com\/files-tmb\/TJH5YU202-FL62QNYJG-776429f183\/image_80.png?t=xoxe-629202954002-776688371669-763909703378-01ffaa4c4eeda75ea92ad255b32a04e5",
                "thumb_360": "https:\/\/files.slack.com\/files-tmb\/TJH5YU202-FL62QNYJG-776429f183\/image_360.png?t=xoxe-629202954002-776688371669-763909703378-01ffaa4c4eeda75ea92ad255b32a04e5",
                "thumb_360_w": 360,
                "thumb_360_h": 233,
                "thumb_480": "https:\/\/files.slack.com\/files-tmb\/TJH5YU202-FL62QNYJG-776429f183\/image_480.png?t=xoxe-629202954002-776688371669-763909703378-01ffaa4c4eeda75ea92ad255b32a04e5",
                "thumb_480_w": 480,
                "thumb_480_h": 310,
                "thumb_160": "https:\/\/files.slack.com\/files-tmb\/TJH5YU202-FL62QNYJG-776429f183\/image_160.png?t=xoxe-629202954002-776688371669-763909703378-01ffaa4c4eeda75ea92ad255b32a04e5",
                "thumb_720": "https:\/\/files.slack.com\/files-tmb\/TJH5YU202-FL62QNYJG-776429f183\/image_720.png?t=xoxe-629202954002-776688371669-763909703378-01ffaa4c4eeda75ea92ad255b32a04e5",
                "thumb_720_w": 720,
                "thumb_720_h": 465,
                "image_exif_rotation": 1,
                "original_w": 768,
                "original_h": 496,
                "permalink": "https:\/\/harbourproject.slack.com\/files\/UJWR5N32S\/FL62QNYJG\/image.png",
                "permalink_public": "https:\/\/slack-files.com\/TJH5YU202-FL62QNYJG-204726890e",
                "is_starred": false,
                "has_rich_preview": false
            }
        ],
        "upload": true,
        "user": "UJWR5N32S",
        "display_as_bot": false,
        "ts": "1562430587.387000",
        "client_msg_id": "e67a96b8-78e6-4b9d-9132-d98d168e8661"
    },
    {
        "client_msg_id": "f57a3c6a-674a-4017-8ca2-2e26857a89ef",
        "type": "message",
        "text": ":slightly_smiling_face:",
        "user": "UJWR5N32S",
        "ts": "1562430603.387400",
        "team": "TJH5YU202",
        "user_team": "TJH5YU202",
        "source_team": "TJH5YU202",
        "user_profile": {
            "avatar_hash": "273d3745f7ae",
            "image_72": "https:\/\/avatars.slack-edge.com\/2019-05-20\/634344238497_273d3745f7ae1b176b82_72.jpg",
            "first_name": "Charly",
            "real_name": "Charly",
            "display_name": "Charly",
            "team": "TJH5YU202",
            "name": "carles9000",
            "is_restricted": false,
            "is_ultra_restricted": false
        }
    },
    {
        "client_msg_id": "5113675d-adf9-4c7f-ad4f-44a42ae97836",
        "type": "message",
        "text": "He puesto en la api un mensaje de vuelta con un status 400",
        "user": "UJWR5N32S",
        "ts": "1562430995.387800",
        "team": "TJH5YU202",
        "user_team": "TJH5YU202",
        "source_team": "TJH5YU202",
        "user_profile": {
            "avatar_hash": "273d3745f7ae",
            "image_72": "https:\/\/avatars.slack-edge.com\/2019-05-20\/634344238497_273d3745f7ae1b176b82_72.jpg",
            "first_name": "Charly",
            "real_name": "Charly",
            "display_name": "Charly",
            "team": "TJH5YU202",
            "name": "carles9000",
            "is_restricted": false,
            "is_ultra_restricted": false
        }
    },
    {
        "client_msg_id": "920c8616-171d-4c8e-b57b-e559beba453d",
        "type": "message",
        "text": "en el caso de que el tipo no sea ninguno de estos 2",
        "user": "UJWR5N32S",
        "ts": "1562431035.388100",
        "team": "TJH5YU202",
        "user_team": "TJH5YU202",
        "source_team": "TJH5YU202",
        "user_profile": {
            "avatar_hash": "273d3745f7ae",
            "image_72": "https:\/\/avatars.slack-edge.com\/2019-05-20\/634344238497_273d3745f7ae1b176b82_72.jpg",
            "first_name": "Charly",
            "real_name": "Charly",
            "display_name": "Charly",
            "team": "TJH5YU202",
            "name": "carles9000",
            "is_restricted": false,
            "is_ultra_restricted": false
        }
    },
    {
        "type": "message",
        "text": "",
        "files": [
            {
                "id": "FL62TFPK6",
                "created": 1562431223,
                "timestamp": 1562431223,
                "name": "image.png",
                "title": "image.png",
                "mimetype": "image\/png",
                "filetype": "png",
                "pretty_type": "PNG",
                "user": "UJWR5N32S",
                "editable": false,
                "size": 98384,
                "mode": "hosted",
                "is_external": false,
                "external_type": "",
                "is_public": true,
                "public_url_shared": false,
                "display_as_bot": false,
                "username": "",
                "url_private": "https:\/\/files.slack.com\/files-pri\/TJH5YU202-FL62TFPK6\/image.png?t=xoxe-629202954002-776688371669-763909703378-01ffaa4c4eeda75ea92ad255b32a04e5",
                "url_private_download": "https:\/\/files.slack.com\/files-pri\/TJH5YU202-FL62TFPK6\/download\/image.png?t=xoxe-629202954002-776688371669-763909703378-01ffaa4c4eeda75ea92ad255b32a04e5",
                "thumb_64": "https:\/\/files.slack.com\/files-tmb\/TJH5YU202-FL62TFPK6-6e409b787c\/image_64.png?t=xoxe-629202954002-776688371669-763909703378-01ffaa4c4eeda75ea92ad255b32a04e5",
                "thumb_80": "https:\/\/files.slack.com\/files-tmb\/TJH5YU202-FL62TFPK6-6e409b787c\/image_80.png?t=xoxe-629202954002-776688371669-763909703378-01ffaa4c4eeda75ea92ad255b32a04e5",
                "thumb_360": "https:\/\/files.slack.com\/files-tmb\/TJH5YU202-FL62TFPK6-6e409b787c\/image_360.png?t=xoxe-629202954002-776688371669-763909703378-01ffaa4c4eeda75ea92ad255b32a04e5",
                "thumb_360_w": 360,
                "thumb_360_h": 228,
                "thumb_480": "https:\/\/files.slack.com\/files-tmb\/TJH5YU202-FL62TFPK6-6e409b787c\/image_480.png?t=xoxe-629202954002-776688371669-763909703378-01ffaa4c4eeda75ea92ad255b32a04e5",
                "thumb_480_w": 480,
                "thumb_480_h": 304,
                "thumb_160": "https:\/\/files.slack.com\/files-tmb\/TJH5YU202-FL62TFPK6-6e409b787c\/image_160.png?t=xoxe-629202954002-776688371669-763909703378-01ffaa4c4eeda75ea92ad255b32a04e5",
                "thumb_720": "https:\/\/files.slack.com\/files-tmb\/TJH5YU202-FL62TFPK6-6e409b787c\/image_720.png?t=xoxe-629202954002-776688371669-763909703378-01ffaa4c4eeda75ea92ad255b32a04e5",
                "thumb_720_w": 720,
                "thumb_720_h": 456,
                "thumb_800": "https:\/\/files.slack.com\/files-tmb\/TJH5YU202-FL62TFPK6-6e409b787c\/image_800.png?t=xoxe-629202954002-776688371669-763909703378-01ffaa4c4eeda75ea92ad255b32a04e5",
                "thumb_800_w": 800,
                "thumb_800_h": 507,
                "image_exif_rotation": 1,
                "original_w": 856,
                "original_h": 542,
                "permalink": "https:\/\/harbourproject.slack.com\/files\/UJWR5N32S\/FL62TFPK6\/image.png",
                "permalink_public": "https:\/\/slack-files.com\/TJH5YU202-FL62TFPK6-339c955bf8",
                "is_starred": false,
                "has_rich_preview": false
            }
        ],
        "upload": true,
        "user": "UJWR5N32S",
        "display_as_bot": false,
        "ts": "1562431225.388200",
        "client_msg_id": "cf7f0bc5-32ed-4ea3-b04b-eacb3a5a6099"
    },
    {
        "client_msg_id": "fa3a7020-c8a1-4c42-b397-1f270a89f81e",
        "type": "message",
        "text": "<@UJWR5N32S> Gracias voy a intentar , ahora despues de eso si por ejemplo tengo en un formulario de login en .html, como hago para tomar los datos que se envia sea en formato json o xml y procesarlos. teniendo claro que el boton login por ejemplo me llame a <https:\/\/harbour.fourtech.es\/modharbour_charly\/mvc_api\/users\/2\/json>     y ahora yo quiero agarrar la variable name y guardarla o cualquier variable como id y guardarlo o escribir bienvenido name ... por ejemplo.",
        "user": "UJJNSR2V8",
        "ts": "1562431700.391800",
        "team": "TJH5YU202",
        "user_team": "TJH5YU202",
        "source_team": "TJH5YU202",
        "user_profile": {
            "avatar_hash": "g5c7770c1441",
            "image_72": "https:\/\/secure.gravatar.com\/avatar\/a95c7770c144160e668fb52dae4a4024.jpg?s=72&d=https%3A%2F%2Fa.slack-edge.com%2F80588%2Fimg%2Favatars%2Fuser_shapes%2Fava_0010-72.png",
            "first_name": "",
            "real_name": "Mario Gonzalez",
            "display_name": "Mario Gonzalez",
            "team": "TJH5YU202",
            "name": "mag071",
            "is_restricted": false,
            "is_ultra_restricted": false
        }
    },
    {
        "client_msg_id": "f120f93a-1712-4bd5-b0f5-a7a6d6415f9f",
        "type": "message",
        "text": "Mario esta parte se sulone q esta en l cliente. Tu deseas hacer una peticion a la api y procesar la respuesta, no? Esto lo habras de hacer via ajax. De momento aun no hemos desarrollado nada",
        "user": "UJWR5N32S",
        "ts": "1562438924.395500",
        "team": "TJH5YU202",
        "user_team": "TJH5YU202",
        "source_team": "TJH5YU202",
        "user_profile": {
            "avatar_hash": "273d3745f7ae",
            "image_72": "https:\/\/avatars.slack-edge.com\/2019-05-20\/634344238497_273d3745f7ae1b176b82_72.jpg",
            "first_name": "Charly",
            "real_name": "Charly",
            "display_name": "Charly",
            "team": "TJH5YU202",
            "name": "carles9000",
            "is_restricted": false,
            "is_ultra_restricted": false
        }
    },
    {
        "client_msg_id": "15c2f811-005e-4260-99f3-fafd46145f6f",
        "type": "message",
        "text": "Puedes probar con jquery",
        "user": "UJWR5N32S",
        "ts": "1562438939.396100",
        "team": "TJH5YU202",
        "user_team": "TJH5YU202",
        "source_team": "TJH5YU202",
        "user_profile": {
            "avatar_hash": "273d3745f7ae",
            "image_72": "https:\/\/avatars.slack-edge.com\/2019-05-20\/634344238497_273d3745f7ae1b176b82_72.jpg",
            "first_name": "Charly",
            "real_name": "Charly",
            "display_name": "Charly",
            "team": "TJH5YU202",
            "name": "carles9000",
            "is_restricted": false,
            "is_ultra_restricted": false
        }
    },
    {
        "client_msg_id": "243ef453-1f51-49ab-8028-ff58487ec963",
        "type": "message",
        "text": "Charly despues de tiempo seguimos por el mismo camino, tambien me dio mucho gusto volver a contactarte y de aqui para delante por aqui andaremos.  saludos.",
        "user": "UK28N3CER",
        "ts": "1562442103.397400",
        "team": "TJH5YU202",
        "user_team": "TJH5YU202",
        "source_team": "TJH5YU202",
        "user_profile": {
            "avatar_hash": "3fec6e3393a8",
            "image_72": "https:\/\/avatars.slack-edge.com\/2019-08-17\/723363154273_3fec6e3393a86fb3e470_72.jpg",
            "first_name": "",
            "real_name": "Cesar SysCtrl Software",
            "display_name": "Cesar SysCtrl Software",
            "team": "TJH5YU202",
            "name": "sysctrlsoftware",
            "is_restricted": false,
            "is_ultra_restricted": false
        }
    },
    {
        "type": "message",
        "text": "El video de la sesión\/charla de ayer, subido a Drive.\nLa podeis descargar. Pesa 1Gb aprox.\n<https:\/\/drive.google.com\/file\/d\/1uF7iPtH6O5ItXYBrv23noel2usTr-ilS\/view?usp=sharing>\nGracias a los maestros por tan buena charla.\nTenemos un gran equipo en HFW.",
        "files": [
            {
                "id": "FL6JBQCJC",
                "created": 1562444667,
                "timestamp": 1562444667,
                "name": "HFW_20190705.mp4",
                "title": "HFW_20190705.mp4",
                "mimetype": "video\/mp4",
                "filetype": "mp4",
                "pretty_type": "MPEG 4 Video",
                "user": "UJU3NMK0U",
                "editable": false,
                "size": 1007721044,
                "mode": "external",
                "is_external": true,
                "external_type": "gdrive",
                "is_public": true,
                "public_url_shared": false,
                "display_as_bot": false,
                "username": "",
                "url_private": "https:\/\/drive.google.com\/file\/d\/1uF7iPtH6O5ItXYBrv23noel2usTr-ilS\/view?usp=sharing",
                "permalink": "https:\/\/harbourproject.slack.com\/files\/UJU3NMK0U\/FL6JBQCJC\/hfw_20190705.mp4",
                "is_starred": false,
                "external_id": "1uF7iPtH6O5ItXYBrv23noel2usTr-ilS",
                "external_url": "https:\/\/drive.google.com\/file\/d\/1uF7iPtH6O5ItXYBrv23noel2usTr-ilS\/view?usp=sharing",
                "has_rich_preview": false
            }
        ],
        "upload": false,
        "user": "UJU3NMK0U",
        "display_as_bot": false,
        "x_files": [
            "FL6JBQCJC"
        ],
        "ts": "1562444602.400200",
        "client_msg_id": "1f74addb-bf45-4c15-83f6-2256cea5c59b",
        "reactions": [
            {
                "name": "clap",
                "users": [
                    "UJUFNFMFE",
                    "UJULQCHL5"
                ],
                "count": 2
            }
        ]
    },
    {
        "client_msg_id": "c80c0c5b-db8a-42c1-8fb8-0a438d6b463e",
        "type": "message",
        "text": "<@UJWR5N32S> probe con un codigo jquery que me consegui en internet pero no lograba ver el json me di cuenta que el inspeccionar elemento en la console me colocaba un mensaje de CORS que no me dejaba ver la respuesta , por postman si la lograba ver y escribiendo directamente en el explorador tambien podia ver el resultado del json pero por el html no. segun algo que lei modifique la cabecera del envio del .json y chim pum. :slightly_smiling_face:.",
        "user": "UJJNSR2V8",
        "ts": "1562468157.404000",
        "team": "TJH5YU202",
        "user_team": "TJH5YU202",
        "source_team": "TJH5YU202",
        "user_profile": {
            "avatar_hash": "g5c7770c1441",
            "image_72": "https:\/\/secure.gravatar.com\/avatar\/a95c7770c144160e668fb52dae4a4024.jpg?s=72&d=https%3A%2F%2Fa.slack-edge.com%2F80588%2Fimg%2Favatars%2Fuser_shapes%2Fava_0010-72.png",
            "first_name": "",
            "real_name": "Mario Gonzalez",
            "display_name": "Mario Gonzalez",
            "team": "TJH5YU202",
            "name": "mag071",
            "is_restricted": false,
            "is_ultra_restricted": false
        }
    },
    {
        "client_msg_id": "524c5f74-939a-4c03-9645-74fd65e8a77c",
        "type": "message",
        "text": "&lt;!DOCTYPE html&gt;\n&lt;html&gt;\n&lt;head&gt;\n&lt;script src=\"<https:\/\/ajax.googleapis.com\/ajax\/libs\/jquery\/3.4.1\/jquery.min.js>\"&gt;&lt;\/script&gt;\n&lt;script&gt;\n$(document).ready(function(){\n  $(\"button\").click(function(){\n    $.getJSON(\"<http:\/\/mvcbase.zion:8057\/users\/3\/json>\", function(result){\n      $.each(result, function(i, field){\n        $(\"div\").append(field + \"   \");\n      });\n    });\n  });\n});\n&lt;\/script&gt;\n&lt;\/head&gt;\n&lt;body&gt;\n\n&lt;button&gt;Obtener data Json desde URL&lt;\/button&gt;\n\n&lt;div&gt;&lt;\/div&gt;\n\n&lt;\/body&gt;\n&lt;\/html&gt;",
        "user": "UJJNSR2V8",
        "ts": "1562468280.404500",
        "team": "TJH5YU202",
        "user_team": "TJH5YU202",
        "source_team": "TJH5YU202",
        "user_profile": {
            "avatar_hash": "g5c7770c1441",
            "image_72": "https:\/\/secure.gravatar.com\/avatar\/a95c7770c144160e668fb52dae4a4024.jpg?s=72&d=https%3A%2F%2Fa.slack-edge.com%2F80588%2Fimg%2Favatars%2Fuser_shapes%2Fava_0010-72.png",
            "first_name": "",
            "real_name": "Mario Gonzalez",
            "display_name": "Mario Gonzalez",
            "team": "TJH5YU202",
            "name": "mag071",
            "is_restricted": false,
            "is_ultra_restricted": false
        }
    },
    {
        "client_msg_id": "4c503191-0f99-41a3-9003-2fce5a9cf872",
        "type": "message",
        "text": "y solo se debe cambiar la funcion export colocandole una linea antes de content type",
        "user": "UJJNSR2V8",
        "ts": "1562468347.405200",
        "team": "TJH5YU202",
        "user_team": "TJH5YU202",
        "source_team": "TJH5YU202",
        "user_profile": {
            "avatar_hash": "g5c7770c1441",
            "image_72": "https:\/\/secure.gravatar.com\/avatar\/a95c7770c144160e668fb52dae4a4024.jpg?s=72&d=https%3A%2F%2Fa.slack-edge.com%2F80588%2Fimg%2Favatars%2Fuser_shapes%2Fava_0010-72.png",
            "first_name": "",
            "real_name": "Mario Gonzalez",
            "display_name": "Mario Gonzalez",
            "team": "TJH5YU202",
            "name": "mag071",
            "is_restricted": false,
            "is_ultra_restricted": false
        }
    },
    {
        "client_msg_id": "d764db1f-3f68-4f10-b1f5-8e2be81b623f",
        "type": "message",
        "text": "DO CASE\n\t\tCASE cType == 'json'\n\t\t\n\t\t\t\/\/\tPara evitar CORS\n\t\t        AP_HeadersOutSet( \"Access-Control-Allow-Origin\", \"*\" )\n\n\t\t    \/\/\tCreamos cabecera de tipo json\n\t\t    \tAP_SetContentType( \"application\/json\" )\n\t\t\t\t\n\t\t\t\/\/\tGeneramos salida de datos...\n\t\n\t\t\t\t?? hb_jsonEncode( hReg )\t\n\t\t\t\t\n\t\t\t\/\/\tChim pum !\n\t\t\t\n\t\tCASE cType == 'xml'\n\t\t\n\t\t\t\/\/\tGeneramos XML\n\t\t\t........",
        "user": "UJJNSR2V8",
        "ts": "1562468393.405400",
        "team": "TJH5YU202",
        "user_team": "TJH5YU202",
        "source_team": "TJH5YU202",
        "user_profile": {
            "avatar_hash": "g5c7770c1441",
            "image_72": "https:\/\/secure.gravatar.com\/avatar\/a95c7770c144160e668fb52dae4a4024.jpg?s=72&d=https%3A%2F%2Fa.slack-edge.com%2F80588%2Fimg%2Favatars%2Fuser_shapes%2Fava_0010-72.png",
            "first_name": "",
            "real_name": "Mario Gonzalez",
            "display_name": "Mario Gonzalez",
            "team": "TJH5YU202",
            "name": "mag071",
            "is_restricted": false,
            "is_ultra_restricted": false
        }
    },
    {
        "client_msg_id": "0770883e-9a51-48fa-9e9a-ed0fff5f04f6",
        "type": "message",
        "text": "<@UJJNSR2V8> Perfecto. :slightly_smiling_face: Una cosa q va para todos. Pensad q el sistema no esta en \"produccion\". Esto significa q van a haber cambios q pueden alterar tu programa. Por ahora sirve para q is intruduzcais en la metodologia y juguemos. Seguimos...",
        "user": "UJWR5N32S",
        "ts": "1562479605.409400",
        "team": "TJH5YU202",
        "user_team": "TJH5YU202",
        "source_team": "TJH5YU202",
        "user_profile": {
            "avatar_hash": "273d3745f7ae",
            "image_72": "https:\/\/avatars.slack-edge.com\/2019-05-20\/634344238497_273d3745f7ae1b176b82_72.jpg",
            "first_name": "Charly",
            "real_name": "Charly",
            "display_name": "Charly",
            "team": "TJH5YU202",
            "name": "carles9000",
            "is_restricted": false,
            "is_ultra_restricted": false
        },
        "reactions": [
            {
                "name": "+1",
                "users": [
                    "UJUFNFMFE"
                ],
                "count": 1
            }
        ]
    },
    {
        "client_msg_id": "fc8369af-ad89-4880-bf94-90490e81399e",
        "type": "message",
        "text": "Buenos dias world !",
        "user": "UJWR5N32S",
        "ts": "1562479624.410000",
        "team": "TJH5YU202",
        "user_team": "TJH5YU202",
        "source_team": "TJH5YU202",
        "user_profile": {
            "avatar_hash": "273d3745f7ae",
            "image_72": "https:\/\/avatars.slack-edge.com\/2019-05-20\/634344238497_273d3745f7ae1b176b82_72.jpg",
            "first_name": "Charly",
            "real_name": "Charly",
            "display_name": "Charly",
            "team": "TJH5YU202",
            "name": "carles9000",
            "is_restricted": false,
            "is_ultra_restricted": false
        }
    },
    {
        "client_msg_id": "2576872d-ca7c-42f7-8c0c-9ac62acab7a5",
        "type": "message",
        "text": ":slightly_smiling_face:",
        "user": "UJWR5N32S",
        "ts": "1562479630.410100",
        "team": "TJH5YU202",
        "user_team": "TJH5YU202",
        "source_team": "TJH5YU202",
        "user_profile": {
            "avatar_hash": "273d3745f7ae",
            "image_72": "https:\/\/avatars.slack-edge.com\/2019-05-20\/634344238497_273d3745f7ae1b176b82_72.jpg",
            "first_name": "Charly",
            "real_name": "Charly",
            "display_name": "Charly",
            "team": "TJH5YU202",
            "name": "carles9000",
            "is_restricted": false,
            "is_ultra_restricted": false
        }
    },
    {
        "client_msg_id": "ad9b0e81-65c1-4692-b96b-0eb36fe84cfc",
        "type": "message",
        "text": "Bon dia mr. máster",
        "user": "UJULQCHL5",
        "ts": "1562482521.410500",
        "team": "TJH5YU202",
        "user_team": "TJH5YU202",
        "source_team": "TJH5YU202",
        "user_profile": {
            "avatar_hash": "g7659142325a",
            "image_72": "https:\/\/secure.gravatar.com\/avatar\/c87659142325a3facb661d85281ec091.jpg?s=72&d=https%3A%2F%2Fa.slack-edge.com%2F80588%2Fimg%2Favatars%2Fuser_shapes%2Fava_0003-72.png",
            "first_name": "",
            "real_name": "Paquito",
            "display_name": "Paquito",
            "team": "TJH5YU202",
            "name": "hmpaquito",
            "is_restricted": false,
            "is_ultra_restricted": false
        }
    }
]