[
    {
        "client_msg_id": "1d40f13a-5665-4377-80dc-fa5bc27cd534",
        "type": "message",
        "text": "good morning - have a nice sunday",
        "user": "UJHD6A81H",
        "ts": "1565507548.309400",
        "team": "TJH5YU202",
        "user_team": "TJH5YU202",
        "source_team": "TJH5YU202",
        "user_profile": {
            "avatar_hash": "g6b8073e00e9",
            "image_72": "https:\/\/secure.gravatar.com\/avatar\/b96b8073e00e9eb02bcf05bc1418eb3a.jpg?s=72&d=https%3A%2F%2Fa.slack-edge.com%2F80588%2Fimg%2Favatars%2Fuser_shapes%2Fava_0021-72.png",
            "first_name": "Otto",
            "real_name": "Otto Atzwanger",
            "display_name": "Otto",
            "team": "TJH5YU202",
            "name": "otto",
            "is_restricted": false,
            "is_ultra_restricted": false
        }
    },
    {
        "client_msg_id": "e6e80dc4-e0c2-4956-a401-f7d17b6cc03d",
        "type": "message",
        "text": "{\n    var html = $(\"#summernote\").summernote(\"code\");\n    console.log(html);\n    var form = document.createElement('form');\n    form.setAttribute('method', 'post');\n    form.setAttribute('action', '<https:\/\/winhotel.space\/modharbour_samples\/text\/postpairs2.prg>' );\n    form.style.display = 'hidden';\n    var hiddenField = document.createElement(\"input\");\n    hiddenField.setAttribute(\"name\", \"text\");\n    hiddenField.setAttribute(\"value\", html );\n    form.appendChild(hiddenField);\n    document.body.appendChild(form)\n    form.submit();\n    }",
        "user": "UJHD6A81H",
        "ts": "1565507574.309600",
        "team": "TJH5YU202",
        "user_team": "TJH5YU202",
        "source_team": "TJH5YU202",
        "user_profile": {
            "avatar_hash": "g6b8073e00e9",
            "image_72": "https:\/\/secure.gravatar.com\/avatar\/b96b8073e00e9eb02bcf05bc1418eb3a.jpg?s=72&d=https%3A%2F%2Fa.slack-edge.com%2F80588%2Fimg%2Favatars%2Fuser_shapes%2Fava_0021-72.png",
            "first_name": "Otto",
            "real_name": "Otto Atzwanger",
            "display_name": "Otto",
            "team": "TJH5YU202",
            "name": "otto",
            "is_restricted": false,
            "is_ultra_restricted": false
        }
    },
    {
        "client_msg_id": "873312c0-0659-4700-8ca3-311477c00268",
        "type": "message",
        "text": "With this function I get the text - It seems that \"POST\" has no upload limits",
        "user": "UJHD6A81H",
        "ts": "1565507655.310800",
        "team": "TJH5YU202",
        "user_team": "TJH5YU202",
        "source_team": "TJH5YU202",
        "user_profile": {
            "avatar_hash": "g6b8073e00e9",
            "image_72": "https:\/\/secure.gravatar.com\/avatar\/b96b8073e00e9eb02bcf05bc1418eb3a.jpg?s=72&d=https%3A%2F%2Fa.slack-edge.com%2F80588%2Fimg%2Favatars%2Fuser_shapes%2Fava_0021-72.png",
            "first_name": "Otto",
            "real_name": "Otto Atzwanger",
            "display_name": "Otto",
            "team": "TJH5YU202",
            "name": "otto",
            "is_restricted": false,
            "is_ultra_restricted": false
        }
    },
    {
        "client_msg_id": "e69dbf98-0250-44c1-bf59-25627ae163b3",
        "type": "message",
        "text": "But now I have the problem that cText :=  hb_UrlDecode(cText) deletes the picture  which is stored in the cText completely.",
        "user": "UJHD6A81H",
        "ts": "1565508647.312200",
        "team": "TJH5YU202",
        "user_team": "TJH5YU202",
        "source_team": "TJH5YU202",
        "user_profile": {
            "avatar_hash": "g6b8073e00e9",
            "image_72": "https:\/\/secure.gravatar.com\/avatar\/b96b8073e00e9eb02bcf05bc1418eb3a.jpg?s=72&d=https%3A%2F%2Fa.slack-edge.com%2F80588%2Fimg%2Favatars%2Fuser_shapes%2Fava_0021-72.png",
            "first_name": "Otto",
            "real_name": "Otto Atzwanger",
            "display_name": "Otto",
            "team": "TJH5YU202",
            "name": "otto",
            "is_restricted": false,
            "is_ultra_restricted": false
        }
    },
    {
        "client_msg_id": "2e6dc2f2-5f81-4912-830c-497baa83dc8c",
        "type": "message",
        "text": "Me gusta el olor a café recién hecho por la mañana.... también a HFW",
        "user": "UJULQCHL5",
        "ts": "1565508865.313400",
        "team": "TJH5YU202",
        "user_team": "TJH5YU202",
        "source_team": "TJH5YU202",
        "user_profile": {
            "avatar_hash": "g7659142325a",
            "image_72": "https:\/\/secure.gravatar.com\/avatar\/c87659142325a3facb661d85281ec091.jpg?s=72&d=https%3A%2F%2Fa.slack-edge.com%2F80588%2Fimg%2Favatars%2Fuser_shapes%2Fava_0003-72.png",
            "first_name": "",
            "real_name": "Paquito",
            "display_name": "Paquito",
            "team": "TJH5YU202",
            "name": "hmpaquito",
            "is_restricted": false,
            "is_ultra_restricted": false
        }
    },
    {
        "client_msg_id": "9e4b3b84-2fe9-4d62-a807-a6e31e63c40e",
        "type": "message",
        "text": "Buenísimos y felicisimos dias jóvenes",
        "user": "UJULQCHL5",
        "ts": "1565508890.314300",
        "team": "TJH5YU202",
        "user_team": "TJH5YU202",
        "source_team": "TJH5YU202",
        "user_profile": {
            "avatar_hash": "g7659142325a",
            "image_72": "https:\/\/secure.gravatar.com\/avatar\/c87659142325a3facb661d85281ec091.jpg?s=72&d=https%3A%2F%2Fa.slack-edge.com%2F80588%2Fimg%2Favatars%2Fuser_shapes%2Fava_0003-72.png",
            "first_name": "",
            "real_name": "Paquito",
            "display_name": "Paquito",
            "team": "TJH5YU202",
            "name": "hmpaquito",
            "is_restricted": false,
            "is_ultra_restricted": false
        }
    },
    {
        "type": "message",
        "text": "",
        "files": [
            {
                "id": "FM8R0AGTA",
                "created": 1565508909,
                "timestamp": 1565508909,
                "name": "image.png",
                "title": "image.png",
                "mimetype": "image\/png",
                "filetype": "png",
                "pretty_type": "PNG",
                "user": "UJHD6A81H",
                "editable": false,
                "size": 69554,
                "mode": "hosted",
                "is_external": false,
                "external_type": "",
                "is_public": true,
                "public_url_shared": false,
                "display_as_bot": false,
                "username": "",
                "url_private": "https:\/\/files.slack.com\/files-pri\/TJH5YU202-FM8R0AGTA\/image.png?t=xoxe-629202954002-776688371669-763909703378-01ffaa4c4eeda75ea92ad255b32a04e5",
                "url_private_download": "https:\/\/files.slack.com\/files-pri\/TJH5YU202-FM8R0AGTA\/download\/image.png?t=xoxe-629202954002-776688371669-763909703378-01ffaa4c4eeda75ea92ad255b32a04e5",
                "thumb_64": "https:\/\/files.slack.com\/files-tmb\/TJH5YU202-FM8R0AGTA-22239df023\/image_64.png?t=xoxe-629202954002-776688371669-763909703378-01ffaa4c4eeda75ea92ad255b32a04e5",
                "thumb_80": "https:\/\/files.slack.com\/files-tmb\/TJH5YU202-FM8R0AGTA-22239df023\/image_80.png?t=xoxe-629202954002-776688371669-763909703378-01ffaa4c4eeda75ea92ad255b32a04e5",
                "thumb_360": "https:\/\/files.slack.com\/files-tmb\/TJH5YU202-FM8R0AGTA-22239df023\/image_360.png?t=xoxe-629202954002-776688371669-763909703378-01ffaa4c4eeda75ea92ad255b32a04e5",
                "thumb_360_w": 360,
                "thumb_360_h": 85,
                "thumb_480": "https:\/\/files.slack.com\/files-tmb\/TJH5YU202-FM8R0AGTA-22239df023\/image_480.png?t=xoxe-629202954002-776688371669-763909703378-01ffaa4c4eeda75ea92ad255b32a04e5",
                "thumb_480_w": 480,
                "thumb_480_h": 113,
                "thumb_160": "https:\/\/files.slack.com\/files-tmb\/TJH5YU202-FM8R0AGTA-22239df023\/image_160.png?t=xoxe-629202954002-776688371669-763909703378-01ffaa4c4eeda75ea92ad255b32a04e5",
                "thumb_720": "https:\/\/files.slack.com\/files-tmb\/TJH5YU202-FM8R0AGTA-22239df023\/image_720.png?t=xoxe-629202954002-776688371669-763909703378-01ffaa4c4eeda75ea92ad255b32a04e5",
                "thumb_720_w": 720,
                "thumb_720_h": 170,
                "thumb_800": "https:\/\/files.slack.com\/files-tmb\/TJH5YU202-FM8R0AGTA-22239df023\/image_800.png?t=xoxe-629202954002-776688371669-763909703378-01ffaa4c4eeda75ea92ad255b32a04e5",
                "thumb_800_w": 800,
                "thumb_800_h": 188,
                "thumb_960": "https:\/\/files.slack.com\/files-tmb\/TJH5YU202-FM8R0AGTA-22239df023\/image_960.png?t=xoxe-629202954002-776688371669-763909703378-01ffaa4c4eeda75ea92ad255b32a04e5",
                "thumb_960_w": 960,
                "thumb_960_h": 226,
                "thumb_1024": "https:\/\/files.slack.com\/files-tmb\/TJH5YU202-FM8R0AGTA-22239df023\/image_1024.png?t=xoxe-629202954002-776688371669-763909703378-01ffaa4c4eeda75ea92ad255b32a04e5",
                "thumb_1024_w": 1024,
                "thumb_1024_h": 241,
                "image_exif_rotation": 1,
                "original_w": 2285,
                "original_h": 538,
                "permalink": "https:\/\/harbourproject.slack.com\/files\/UJHD6A81H\/FM8R0AGTA\/image.png",
                "permalink_public": "https:\/\/slack-files.com\/TJH5YU202-FM8R0AGTA-9b7cd14368",
                "is_starred": false,
                "has_rich_preview": false
            }
        ],
        "upload": true,
        "user": "UJHD6A81H",
        "display_as_bot": false,
        "ts": "1565508911.314700",
        "client_msg_id": "915ab94e-fb1d-4fba-8347-a2e80e5cf339"
    },
    {
        "client_msg_id": "9c77b5ae-a166-4018-921b-50defb460228",
        "type": "message",
        "text": "I think POST also has a limit please see:",
        "user": "UJHD6A81H",
        "ts": "1565509511.315300",
        "team": "TJH5YU202",
        "user_team": "TJH5YU202",
        "source_team": "TJH5YU202",
        "user_profile": {
            "avatar_hash": "g6b8073e00e9",
            "image_72": "https:\/\/secure.gravatar.com\/avatar\/b96b8073e00e9eb02bcf05bc1418eb3a.jpg?s=72&d=https%3A%2F%2Fa.slack-edge.com%2F80588%2Fimg%2Favatars%2Fuser_shapes%2Fava_0021-72.png",
            "first_name": "Otto",
            "real_name": "Otto Atzwanger",
            "display_name": "Otto",
            "team": "TJH5YU202",
            "name": "otto",
            "is_restricted": false,
            "is_ultra_restricted": false
        }
    },
    {
        "client_msg_id": "29424982-b926-400a-80b3-003639be8b08",
        "type": "message",
        "text": "this size is the max which works on my server",
        "user": "UJHD6A81H",
        "ts": "1565509655.315800",
        "team": "TJH5YU202",
        "user_team": "TJH5YU202",
        "source_team": "TJH5YU202",
        "user_profile": {
            "avatar_hash": "g6b8073e00e9",
            "image_72": "https:\/\/secure.gravatar.com\/avatar\/b96b8073e00e9eb02bcf05bc1418eb3a.jpg?s=72&d=https%3A%2F%2Fa.slack-edge.com%2F80588%2Fimg%2Favatars%2Fuser_shapes%2Fava_0021-72.png",
            "first_name": "Otto",
            "real_name": "Otto Atzwanger",
            "display_name": "Otto",
            "team": "TJH5YU202",
            "name": "otto",
            "is_restricted": false,
            "is_ultra_restricted": false
        }
    },
    {
        "type": "message",
        "text": "",
        "files": [
            {
                "id": "FM8RA5EE9",
                "created": 1565509660,
                "timestamp": 1565509660,
                "name": "image.png",
                "title": "image.png",
                "mimetype": "image\/png",
                "filetype": "png",
                "pretty_type": "PNG",
                "user": "UJHD6A81H",
                "editable": false,
                "size": 101520,
                "mode": "hosted",
                "is_external": false,
                "external_type": "",
                "is_public": true,
                "public_url_shared": false,
                "display_as_bot": false,
                "username": "",
                "url_private": "https:\/\/files.slack.com\/files-pri\/TJH5YU202-FM8RA5EE9\/image.png?t=xoxe-629202954002-776688371669-763909703378-01ffaa4c4eeda75ea92ad255b32a04e5",
                "url_private_download": "https:\/\/files.slack.com\/files-pri\/TJH5YU202-FM8RA5EE9\/download\/image.png?t=xoxe-629202954002-776688371669-763909703378-01ffaa4c4eeda75ea92ad255b32a04e5",
                "thumb_64": "https:\/\/files.slack.com\/files-tmb\/TJH5YU202-FM8RA5EE9-18e2102bb3\/image_64.png?t=xoxe-629202954002-776688371669-763909703378-01ffaa4c4eeda75ea92ad255b32a04e5",
                "thumb_80": "https:\/\/files.slack.com\/files-tmb\/TJH5YU202-FM8RA5EE9-18e2102bb3\/image_80.png?t=xoxe-629202954002-776688371669-763909703378-01ffaa4c4eeda75ea92ad255b32a04e5",
                "thumb_360": "https:\/\/files.slack.com\/files-tmb\/TJH5YU202-FM8RA5EE9-18e2102bb3\/image_360.png?t=xoxe-629202954002-776688371669-763909703378-01ffaa4c4eeda75ea92ad255b32a04e5",
                "thumb_360_w": 274,
                "thumb_360_h": 360,
                "thumb_480": "https:\/\/files.slack.com\/files-tmb\/TJH5YU202-FM8RA5EE9-18e2102bb3\/image_480.png?t=xoxe-629202954002-776688371669-763909703378-01ffaa4c4eeda75ea92ad255b32a04e5",
                "thumb_480_w": 365,
                "thumb_480_h": 480,
                "thumb_160": "https:\/\/files.slack.com\/files-tmb\/TJH5YU202-FM8RA5EE9-18e2102bb3\/image_160.png?t=xoxe-629202954002-776688371669-763909703378-01ffaa4c4eeda75ea92ad255b32a04e5",
                "thumb_720": "https:\/\/files.slack.com\/files-tmb\/TJH5YU202-FM8RA5EE9-18e2102bb3\/image_720.png?t=xoxe-629202954002-776688371669-763909703378-01ffaa4c4eeda75ea92ad255b32a04e5",
                "thumb_720_w": 548,
                "thumb_720_h": 720,
                "thumb_800": "https:\/\/files.slack.com\/files-tmb\/TJH5YU202-FM8RA5EE9-18e2102bb3\/image_800.png?t=xoxe-629202954002-776688371669-763909703378-01ffaa4c4eeda75ea92ad255b32a04e5",
                "thumb_800_w": 609,
                "thumb_800_h": 800,
                "thumb_960": "https:\/\/files.slack.com\/files-tmb\/TJH5YU202-FM8RA5EE9-18e2102bb3\/image_960.png?t=xoxe-629202954002-776688371669-763909703378-01ffaa4c4eeda75ea92ad255b32a04e5",
                "thumb_960_w": 730,
                "thumb_960_h": 960,
                "image_exif_rotation": 1,
                "original_w": 731,
                "original_h": 961,
                "permalink": "https:\/\/harbourproject.slack.com\/files\/UJHD6A81H\/FM8RA5EE9\/image.png",
                "permalink_public": "https:\/\/slack-files.com\/TJH5YU202-FM8RA5EE9-aade5e0420",
                "is_starred": false,
                "has_rich_preview": false
            }
        ],
        "upload": true,
        "user": "UJHD6A81H",
        "display_as_bot": false,
        "ts": "1565509663.315900",
        "client_msg_id": "b228737d-7f7c-4f67-9bd9-ef73da3fcb68"
    },
    {
        "client_msg_id": "9aaa83c9-1e88-44ea-9941-3c226c082c82",
        "type": "message",
        "text": "I found suggestion to use session and store there - can we do that.",
        "user": "UJHD6A81H",
        "ts": "1565509719.316800",
        "team": "TJH5YU202",
        "user_team": "TJH5YU202",
        "source_team": "TJH5YU202",
        "user_profile": {
            "avatar_hash": "g6b8073e00e9",
            "image_72": "https:\/\/secure.gravatar.com\/avatar\/b96b8073e00e9eb02bcf05bc1418eb3a.jpg?s=72&d=https%3A%2F%2Fa.slack-edge.com%2F80588%2Fimg%2Favatars%2Fuser_shapes%2Fava_0021-72.png",
            "first_name": "Otto",
            "real_name": "Otto Atzwanger",
            "display_name": "Otto",
            "team": "TJH5YU202",
            "name": "otto",
            "is_restricted": false,
            "is_ultra_restricted": false
        }
    },
    {
        "type": "message",
        "text": "",
        "files": [
            {
                "id": "FM8BK568L",
                "created": 1565510274,
                "timestamp": 1565510274,
                "name": "Código ejemplo controller con Datatable",
                "title": "Código ejemplo controller con Datatable",
                "mimetype": "text\/plain",
                "filetype": "c",
                "pretty_type": "C",
                "user": "UJWR5N32S",
                "editable": true,
                "size": 372,
                "mode": "snippet",
                "is_external": false,
                "external_type": "",
                "is_public": true,
                "public_url_shared": false,
                "display_as_bot": false,
                "username": "",
                "url_private": "https:\/\/files.slack.com\/files-pri\/TJH5YU202-FM8BK568L\/c__digo_ejemplo_controller_con_datatable?t=xoxe-629202954002-776688371669-763909703378-01ffaa4c4eeda75ea92ad255b32a04e5",
                "url_private_download": "https:\/\/files.slack.com\/files-pri\/TJH5YU202-FM8BK568L\/download\/c__digo_ejemplo_controller_con_datatable?t=xoxe-629202954002-776688371669-763909703378-01ffaa4c4eeda75ea92ad255b32a04e5",
                "permalink": "https:\/\/harbourproject.slack.com\/files\/UJWR5N32S\/FM8BK568L\/c__digo_ejemplo_controller_con_datatable",
                "permalink_public": "https:\/\/slack-files.com\/TJH5YU202-FM8BK568L-bdad1339f1",
                "edit_link": "https:\/\/harbourproject.slack.com\/files\/UJWR5N32S\/FM8BK568L\/c__digo_ejemplo_controller_con_datatable\/edit",
                "is_starred": false,
                "has_rich_preview": false
            }
        ],
        "upload": true,
        "user": "UJWR5N32S",
        "display_as_bot": false,
        "ts": "1565510274.316900",
        "client_msg_id": "1d6ea5c5-659b-4cff-ba16-24db162a7432"
    },
    {
        "client_msg_id": "e2e4091d-b3e2-4b11-adfa-51d11daea9e2",
        "type": "message",
        "text": "Funcionando ejemplo de Quim en Controller del MVC",
        "user": "UJWR5N32S",
        "ts": "1565510299.317500",
        "team": "TJH5YU202",
        "user_team": "TJH5YU202",
        "source_team": "TJH5YU202",
        "user_profile": {
            "avatar_hash": "273d3745f7ae",
            "image_72": "https:\/\/avatars.slack-edge.com\/2019-05-20\/634344238497_273d3745f7ae1b176b82_72.jpg",
            "first_name": "Charly",
            "real_name": "Charly",
            "display_name": "Charly",
            "team": "TJH5YU202",
            "name": "carles9000",
            "is_restricted": false,
            "is_ultra_restricted": false
        }
    },
    {
        "type": "message",
        "text": "",
        "files": [
            {
                "id": "FLXCEV5AN",
                "created": 1565510367,
                "timestamp": 1565510367,
                "name": "image.png",
                "title": "image.png",
                "mimetype": "image\/png",
                "filetype": "png",
                "pretty_type": "PNG",
                "user": "UJWR5N32S",
                "editable": false,
                "size": 67359,
                "mode": "hosted",
                "is_external": false,
                "external_type": "",
                "is_public": true,
                "public_url_shared": false,
                "display_as_bot": false,
                "username": "",
                "url_private": "https:\/\/files.slack.com\/files-pri\/TJH5YU202-FLXCEV5AN\/image.png?t=xoxe-629202954002-776688371669-763909703378-01ffaa4c4eeda75ea92ad255b32a04e5",
                "url_private_download": "https:\/\/files.slack.com\/files-pri\/TJH5YU202-FLXCEV5AN\/download\/image.png?t=xoxe-629202954002-776688371669-763909703378-01ffaa4c4eeda75ea92ad255b32a04e5",
                "thumb_64": "https:\/\/files.slack.com\/files-tmb\/TJH5YU202-FLXCEV5AN-915d47dd98\/image_64.png?t=xoxe-629202954002-776688371669-763909703378-01ffaa4c4eeda75ea92ad255b32a04e5",
                "thumb_80": "https:\/\/files.slack.com\/files-tmb\/TJH5YU202-FLXCEV5AN-915d47dd98\/image_80.png?t=xoxe-629202954002-776688371669-763909703378-01ffaa4c4eeda75ea92ad255b32a04e5",
                "thumb_360": "https:\/\/files.slack.com\/files-tmb\/TJH5YU202-FLXCEV5AN-915d47dd98\/image_360.png?t=xoxe-629202954002-776688371669-763909703378-01ffaa4c4eeda75ea92ad255b32a04e5",
                "thumb_360_w": 360,
                "thumb_360_h": 160,
                "thumb_480": "https:\/\/files.slack.com\/files-tmb\/TJH5YU202-FLXCEV5AN-915d47dd98\/image_480.png?t=xoxe-629202954002-776688371669-763909703378-01ffaa4c4eeda75ea92ad255b32a04e5",
                "thumb_480_w": 480,
                "thumb_480_h": 214,
                "thumb_160": "https:\/\/files.slack.com\/files-tmb\/TJH5YU202-FLXCEV5AN-915d47dd98\/image_160.png?t=xoxe-629202954002-776688371669-763909703378-01ffaa4c4eeda75ea92ad255b32a04e5",
                "thumb_720": "https:\/\/files.slack.com\/files-tmb\/TJH5YU202-FLXCEV5AN-915d47dd98\/image_720.png?t=xoxe-629202954002-776688371669-763909703378-01ffaa4c4eeda75ea92ad255b32a04e5",
                "thumb_720_w": 720,
                "thumb_720_h": 321,
                "thumb_800": "https:\/\/files.slack.com\/files-tmb\/TJH5YU202-FLXCEV5AN-915d47dd98\/image_800.png?t=xoxe-629202954002-776688371669-763909703378-01ffaa4c4eeda75ea92ad255b32a04e5",
                "thumb_800_w": 800,
                "thumb_800_h": 356,
                "thumb_960": "https:\/\/files.slack.com\/files-tmb\/TJH5YU202-FLXCEV5AN-915d47dd98\/image_960.png?t=xoxe-629202954002-776688371669-763909703378-01ffaa4c4eeda75ea92ad255b32a04e5",
                "thumb_960_w": 960,
                "thumb_960_h": 428,
                "thumb_1024": "https:\/\/files.slack.com\/files-tmb\/TJH5YU202-FLXCEV5AN-915d47dd98\/image_1024.png?t=xoxe-629202954002-776688371669-763909703378-01ffaa4c4eeda75ea92ad255b32a04e5",
                "thumb_1024_w": 1024,
                "thumb_1024_h": 456,
                "image_exif_rotation": 1,
                "original_w": 1172,
                "original_h": 522,
                "permalink": "https:\/\/harbourproject.slack.com\/files\/UJWR5N32S\/FLXCEV5AN\/image.png",
                "permalink_public": "https:\/\/slack-files.com\/TJH5YU202-FLXCEV5AN-5b1ea837a8",
                "is_starred": false,
                "has_rich_preview": false
            }
        ],
        "upload": true,
        "user": "UJWR5N32S",
        "display_as_bot": false,
        "ts": "1565510369.317600",
        "client_msg_id": "c1035f66-1a90-4ec2-b78a-465fdb75c390"
    },
    {
        "client_msg_id": "03a794a8-4c8c-44fb-aeed-be0cdada18d8",
        "type": "message",
        "text": "El viernes que viene lo explico si quereis",
        "user": "UJWR5N32S",
        "ts": "1565510497.318200",
        "team": "TJH5YU202",
        "user_team": "TJH5YU202",
        "source_team": "TJH5YU202",
        "user_profile": {
            "avatar_hash": "273d3745f7ae",
            "image_72": "https:\/\/avatars.slack-edge.com\/2019-05-20\/634344238497_273d3745f7ae1b176b82_72.jpg",
            "first_name": "Charly",
            "real_name": "Charly",
            "display_name": "Charly",
            "team": "TJH5YU202",
            "name": "carles9000",
            "is_restricted": false,
            "is_ultra_restricted": false
        }
    },
    {
        "client_msg_id": "b92a1d37-19a6-410a-a62c-fed1e359cef6",
        "type": "message",
        "text": "Gracias máster",
        "user": "UJULQCHL5",
        "ts": "1565511333.318500",
        "team": "TJH5YU202",
        "user_team": "TJH5YU202",
        "source_team": "TJH5YU202",
        "user_profile": {
            "avatar_hash": "g7659142325a",
            "image_72": "https:\/\/secure.gravatar.com\/avatar\/c87659142325a3facb661d85281ec091.jpg?s=72&d=https%3A%2F%2Fa.slack-edge.com%2F80588%2Fimg%2Favatars%2Fuser_shapes%2Fava_0003-72.png",
            "first_name": "",
            "real_name": "Paquito",
            "display_name": "Paquito",
            "team": "TJH5YU202",
            "name": "hmpaquito",
            "is_restricted": false,
            "is_ultra_restricted": false
        }
    },
    {
        "client_msg_id": "3a927789-bc28-41c8-b022-c1e1c2eeebd6",
        "type": "message",
        "text": "I am developing offline my web programs and test online.\nI wrote a little tool in FIVEWIN to change the path from offline to online.",
        "user": "UJHD6A81H",
        "ts": "1565513906.318800",
        "team": "TJH5YU202",
        "user_team": "TJH5YU202",
        "source_team": "TJH5YU202",
        "user_profile": {
            "avatar_hash": "g6b8073e00e9",
            "image_72": "https:\/\/secure.gravatar.com\/avatar\/b96b8073e00e9eb02bcf05bc1418eb3a.jpg?s=72&d=https%3A%2F%2Fa.slack-edge.com%2F80588%2Fimg%2Favatars%2Fuser_shapes%2Fava_0021-72.png",
            "first_name": "Otto",
            "real_name": "Otto Atzwanger",
            "display_name": "Otto",
            "team": "TJH5YU202",
            "name": "otto",
            "is_restricted": false,
            "is_ultra_restricted": false
        }
    },
    {
        "client_msg_id": "210da2bc-ebae-4b39-9f8c-ebe923ac4724",
        "type": "message",
        "text": "null",
        "user": "UJHD6A81H",
        "ts": "1565513955.319000",
        "team": "TJH5YU202",
        "user_team": "TJH5YU202",
        "source_team": "TJH5YU202",
        "user_profile": {
            "avatar_hash": "g6b8073e00e9",
            "image_72": "https:\/\/secure.gravatar.com\/avatar\/b96b8073e00e9eb02bcf05bc1418eb3a.jpg?s=72&d=https%3A%2F%2Fa.slack-edge.com%2F80588%2Fimg%2Favatars%2Fuser_shapes%2Fava_0021-72.png",
            "first_name": "Otto",
            "real_name": "Otto Atzwanger",
            "display_name": "Otto",
            "team": "TJH5YU202",
            "name": "otto",
            "is_restricted": false,
            "is_ultra_restricted": false
        }
    },
    {
        "type": "message",
        "text": "",
        "files": [
            {
                "id": "FM2EU1A8H",
                "created": 1565513984,
                "timestamp": 1565513984,
                "name": "local2web.gif",
                "title": "local2web.gif",
                "mimetype": "image\/gif",
                "filetype": "gif",
                "pretty_type": "GIF",
                "user": "UJHD6A81H",
                "editable": false,
                "size": 1533463,
                "mode": "hosted",
                "is_external": false,
                "external_type": "",
                "is_public": true,
                "public_url_shared": false,
                "display_as_bot": false,
                "username": "",
                "url_private": "https:\/\/files.slack.com\/files-pri\/TJH5YU202-FM2EU1A8H\/local2web.gif?t=xoxe-629202954002-776688371669-763909703378-01ffaa4c4eeda75ea92ad255b32a04e5",
                "url_private_download": "https:\/\/files.slack.com\/files-pri\/TJH5YU202-FM2EU1A8H\/download\/local2web.gif?t=xoxe-629202954002-776688371669-763909703378-01ffaa4c4eeda75ea92ad255b32a04e5",
                "thumb_64": "https:\/\/files.slack.com\/files-tmb\/TJH5YU202-FM2EU1A8H-bac775eaf2\/local2web_64.png?t=xoxe-629202954002-776688371669-763909703378-01ffaa4c4eeda75ea92ad255b32a04e5",
                "thumb_80": "https:\/\/files.slack.com\/files-tmb\/TJH5YU202-FM2EU1A8H-bac775eaf2\/local2web_80.png?t=xoxe-629202954002-776688371669-763909703378-01ffaa4c4eeda75ea92ad255b32a04e5",
                "thumb_360": "https:\/\/files.slack.com\/files-tmb\/TJH5YU202-FM2EU1A8H-bac775eaf2\/local2web_360.png?t=xoxe-629202954002-776688371669-763909703378-01ffaa4c4eeda75ea92ad255b32a04e5",
                "thumb_360_w": 360,
                "thumb_360_h": 334,
                "thumb_480": "https:\/\/files.slack.com\/files-tmb\/TJH5YU202-FM2EU1A8H-bac775eaf2\/local2web_480.png?t=xoxe-629202954002-776688371669-763909703378-01ffaa4c4eeda75ea92ad255b32a04e5",
                "thumb_480_w": 480,
                "thumb_480_h": 445,
                "thumb_160": "https:\/\/files.slack.com\/files-tmb\/TJH5YU202-FM2EU1A8H-bac775eaf2\/local2web_160.png?t=xoxe-629202954002-776688371669-763909703378-01ffaa4c4eeda75ea92ad255b32a04e5",
                "thumb_720": "https:\/\/files.slack.com\/files-tmb\/TJH5YU202-FM2EU1A8H-bac775eaf2\/local2web_720.png?t=xoxe-629202954002-776688371669-763909703378-01ffaa4c4eeda75ea92ad255b32a04e5",
                "thumb_720_w": 720,
                "thumb_720_h": 668,
                "thumb_800": "https:\/\/files.slack.com\/files-tmb\/TJH5YU202-FM2EU1A8H-bac775eaf2\/local2web_800.png?t=xoxe-629202954002-776688371669-763909703378-01ffaa4c4eeda75ea92ad255b32a04e5",
                "thumb_800_w": 800,
                "thumb_800_h": 742,
                "thumb_960": "https:\/\/files.slack.com\/files-tmb\/TJH5YU202-FM2EU1A8H-bac775eaf2\/local2web_960.png?t=xoxe-629202954002-776688371669-763909703378-01ffaa4c4eeda75ea92ad255b32a04e5",
                "thumb_960_w": 960,
                "thumb_960_h": 890,
                "thumb_1024": "https:\/\/files.slack.com\/files-tmb\/TJH5YU202-FM2EU1A8H-bac775eaf2\/local2web_1024.png?t=xoxe-629202954002-776688371669-763909703378-01ffaa4c4eeda75ea92ad255b32a04e5",
                "thumb_1024_w": 1024,
                "thumb_1024_h": 950,
                "thumb_360_gif": "https:\/\/files.slack.com\/files-tmb\/TJH5YU202-FM2EU1A8H-bac775eaf2\/local2web_360.gif?t=xoxe-629202954002-776688371669-763909703378-01ffaa4c4eeda75ea92ad255b32a04e5",
                "thumb_480_gif": "https:\/\/files.slack.com\/files-tmb\/TJH5YU202-FM2EU1A8H-bac775eaf2\/local2web_480.gif?t=xoxe-629202954002-776688371669-763909703378-01ffaa4c4eeda75ea92ad255b32a04e5",
                "image_exif_rotation": 1,
                "original_w": 1144,
                "original_h": 1061,
                "deanimate_gif": "https:\/\/files.slack.com\/files-tmb\/TJH5YU202-FM2EU1A8H-bac775eaf2\/local2web_deanimate_gif.png?t=xoxe-629202954002-776688371669-763909703378-01ffaa4c4eeda75ea92ad255b32a04e5",
                "permalink": "https:\/\/harbourproject.slack.com\/files\/UJHD6A81H\/FM2EU1A8H\/local2web.gif",
                "permalink_public": "https:\/\/slack-files.com\/TJH5YU202-FM2EU1A8H-49005f2fb8",
                "is_starred": false,
                "has_rich_preview": false
            }
        ],
        "upload": true,
        "user": "UJHD6A81H",
        "display_as_bot": false,
        "ts": "1565514006.319100",
        "client_msg_id": "89d6fb4c-854c-4fac-bbf2-8c5edb4a09dd"
    },
    {
        "client_msg_id": "4e00296d-f649-401d-b176-1d2a553c55d0",
        "type": "message",
        "text": "#include \"<http:\/\/FiveWin.ch|FiveWin.ch>\"\n\nstatic oWnd, oFont\nstatic cResultPath := \"\"\n\/\/----------------------------------------------------------------------------\/\/\n\nfunction Main( cDbfFile )\n\tlocal aFiles := {}\n\tlocal oBtn\n   *----------------------------------------------------------\n\tDEFINE FONT oFont ;\n          NAME \"Segoe UI\" ;\n          SIZE 0, 22\n\t\n\t\n\tIF cDbfFile&lt;&gt;nil\n\t\tAADD( aFiles, cDbfFile )\n\tendif\n\n   DEFINE WINDOW oWnd TITLE \"Droping Files from FileManager to change path from local to web\"\n\n          @ 50,10 ;\n   BUTTONBMP oBtn ;\n          OF oWnd ;\n       PIXEL ;\n           SIZE 200, 56 ;\n      PROMPT \"Domain Path\" + CRLF +  \"to Clipboard\" ;\n        FONT oFont ;\n      ACTION ( CopyToClipboard( \"EX\" ), oWnd:End() )\n\n\n \t    @ 50,250 ;\n   BUTTONBMP  ;\n          OF oWnd ;\n             PIXEL ;\n        SIZE 200, 56 ;\n      PROMPT \"LOCALHOST-&gt;Path\" + CRLF +  \"to Clipboard\" ;\n        FONT oFont ;\n      ACTION ( CopyToClipboard( \"LH\" ), oWnd:End() )\n\n\n      @ 200,5 ;\n   BUTTONBMP  ;\n          OF oWnd ;\n        SIZE 100, 32 ;\n       PIXEL ;\n      PROMPT \"setup\" ;\n        FONT oFont ;\n      ACTION setup()\n\n\n\n\n\n   oWnd:bInit := {||IIF( cDbfFile&lt;&gt;nil, ( PaintTheName( 0, 0, afiles  ) ), ), oWnd:refresh() }\n\n   ACTIVATE WINDOW oWnd ;\n      ON DROPFILES PaintTheName( nRow, nCol, aFiles )\n\nreturn nil\n\n\/\/----------------------------------------------------------------------------\/\/\n\nfunction PaintTheName( nRow, nCol, aFiles )\n\n   local cName, cResult := \"\"\n   local n := 1\n   while ! Empty( cName := StrToken( aFiles[ 1 ], n++, \"\\\" ) )\n      if \"~\" $ cName\n         cName = SFN2LFN( cResult + cName )\n      endif\n      cResult += cName + \"\\\"\n   end\n\n   cResult = SubStr( cResult, 1, Len( cResult ) - 1 )\n\n   oWnd:Say( nRow, nCol, cResult,,,, .t. )  \/\/ Say in pixels\n   cResultPath :=  cResult\n\nreturn nil\n\/\/----------------------------------------------------------------------------\/\/\n\nfunction CopyToClipboard( cCall )\n\tlocal cText\t\t\t:= lower( cResultPath )\n   local oClip \t\t:= TClipBoard():New()\n\tlocal cDomain \t\t:= GetPvProfString( \"Setup\", \"domainname\", \"<https:\/\/winhotel.space\/>\",  \".\\test2web.ini\")\n\tlocal clocalDir \t:= GetPvProfString( \"Setup\", \"localDir\", \"c:\\www\\htdocs\\\",  \".\\test2web.ini\")\n\t*----------------------------------------------------------\n\t\n\tWritePProString( \"Setup\", \"CopyToClipboard\", cCall,\".\\test2web.ini\"  )\n\t\n\tif cCall = \"LH\"\n\t\tcText := STRTRAN( cText, clocalDir, \"localhost\/\"  )\n\telse\n\t\tfwlog cDomain , clocalDir\n\t\n \t\tcText := STRTRAN( cText, clocalDir, cDomain  )\n \t\t\n\tendif\n\t\n\tcText := STRTRAN(cText, \"\\\", \"\/\"  )\n\t\n   if oClip:Open()\n      oClip:SetText( cText )\n      oClip:Close()\n   endif\n\n   oClip:End()\n\nreturn nil\n\n\/\/----------------------------------------------------------------------------\/\/\n\n\n\nfunction setup\n\tlocal cDomain := GetPvProfString( \"Setup\", \"domainname\", \"<https:\/\/winhotel.space\/>\",  \".\\test2web.ini\") + space(100)\n\tlocal clocalDir := GetPvProfString( \"Setup\", \"localDir\", \"c:\\www\\htdocs\\\",  \".\\test2web.ini\")+ space(100)\n\tLOCAL oDlg, oGet\n\tlocal lOK := .f.\n\t*---------------------------\n\n\n   DEFINE DIALOG oDlg ;\n           TITLE \"Setup \" ;\n            FONT oFont\n\n\n   @ 1,    2 SAY \"Domain:\" OF oDlg\n   @ 1,    6 GET oGet VAR cDomain OF oDlg SIZE 100, 16 COLOR \"W\/G\"\n   @ 1.8,  2 SAY \"local Dir:\" OF oDlg\n   @ 2,    6 GET oGet VAR clocalDir OF oDlg SIZE 100, 16  COLOR \"W\/G\"\n\n   @ 3,    7 BUTTON \"&amp;Ok\" OF oDlg SIZE 30, 12 ACTION (lOK := .t., oDlg:End() )\n   @ 3,   16 BUTTON \"&amp;Cancel\" SIZE 30, 12 OF oDlg ACTION oDlg:End() CANCEL\n\n\n   ACTIVATE DIALOG oDlg CENTERED\n\nif lOK = .t.\n\n   WritePProString( \"Setup\" , \"domainname\", cDomain,  \".\\test2web.ini\")\n   WritePProString( \"Setup\" , \"localDir\", clocalDir,  \".\\test2web.ini\")\n? \"Einstellungen gespeichert\"\nendif\n\nreturn nil",
        "user": "UJHD6A81H",
        "ts": "1565514296.319500",
        "team": "TJH5YU202",
        "user_team": "TJH5YU202",
        "source_team": "TJH5YU202",
        "user_profile": {
            "avatar_hash": "g6b8073e00e9",
            "image_72": "https:\/\/secure.gravatar.com\/avatar\/b96b8073e00e9eb02bcf05bc1418eb3a.jpg?s=72&d=https%3A%2F%2Fa.slack-edge.com%2F80588%2Fimg%2Favatars%2Fuser_shapes%2Fava_0021-72.png",
            "first_name": "Otto",
            "real_name": "Otto Atzwanger",
            "display_name": "Otto",
            "team": "TJH5YU202",
            "name": "otto",
            "is_restricted": false,
            "is_ultra_restricted": false
        }
    },
    {
        "client_msg_id": "aa0dedc9-30c3-4840-afb4-1d52f31a005e",
        "type": "message",
        "text": "Otto, I develop on the local computer, then send to github, then go to remote server and git pull from there to synch",
        "user": "UJN8D8U3B",
        "ts": "1565514845.320100",
        "team": "TJH5YU202",
        "user_team": "TJH5YU202",
        "source_team": "TJH5YU202",
        "user_profile": {
            "avatar_hash": "g92ad2abcc45",
            "image_72": "https:\/\/secure.gravatar.com\/avatar\/8492ad2abcc45ce53969adcf8420acde.jpg?s=72&d=https%3A%2F%2Fa.slack-edge.com%2F80588%2Fimg%2Favatars%2Fuser_shapes%2Fava_0008-72.png",
            "first_name": "",
            "real_name": "Antonio Linares",
            "display_name": "Antonio Linares",
            "team": "TJH5YU202",
            "name": "alinares",
            "is_restricted": false,
            "is_ultra_restricted": false
        }
    },
    {
        "client_msg_id": "ab1819d0-b1e1-430f-9bbc-b5111e9192f0",
        "type": "message",
        "text": "what is your sequence ?",
        "user": "UJN8D8U3B",
        "ts": "1565514856.320400",
        "team": "TJH5YU202",
        "user_team": "TJH5YU202",
        "source_team": "TJH5YU202",
        "user_profile": {
            "avatar_hash": "g92ad2abcc45",
            "image_72": "https:\/\/secure.gravatar.com\/avatar\/8492ad2abcc45ce53969adcf8420acde.jpg?s=72&d=https%3A%2F%2Fa.slack-edge.com%2F80588%2Fimg%2Favatars%2Fuser_shapes%2Fava_0008-72.png",
            "first_name": "",
            "real_name": "Antonio Linares",
            "display_name": "Antonio Linares",
            "team": "TJH5YU202",
            "name": "alinares",
            "is_restricted": false,
            "is_ultra_restricted": false
        }
    },
    {
        "client_msg_id": "00eab878-cc64-4279-aa7c-706930dee7d9",
        "type": "message",
        "text": "I work with RDP on my server - and test on local PC with web browser",
        "user": "UJHD6A81H",
        "ts": "1565516139.321200",
        "team": "TJH5YU202",
        "user_team": "TJH5YU202",
        "source_team": "TJH5YU202",
        "user_profile": {
            "avatar_hash": "g6b8073e00e9",
            "image_72": "https:\/\/secure.gravatar.com\/avatar\/b96b8073e00e9eb02bcf05bc1418eb3a.jpg?s=72&d=https%3A%2F%2Fa.slack-edge.com%2F80588%2Fimg%2Favatars%2Fuser_shapes%2Fava_0021-72.png",
            "first_name": "Otto",
            "real_name": "Otto Atzwanger",
            "display_name": "Otto",
            "team": "TJH5YU202",
            "name": "otto",
            "is_restricted": false,
            "is_ultra_restricted": false
        }
    },
    {
        "client_msg_id": "5ec4d8d1-22fe-4fb3-9526-87cb7f9e88db",
        "type": "message",
        "text": "Antonio is there HB_POINTER2STRING in mod_harbour ?",
        "user": "UJNEM6G7K",
        "ts": "1565529977.321700",
        "team": "TJH5YU202",
        "user_team": "TJH5YU202",
        "source_team": "TJH5YU202",
        "user_profile": {
            "avatar_hash": "g4b6937dc7ac",
            "image_72": "https:\/\/secure.gravatar.com\/avatar\/a44b6937dc7ac0f16aa71abc758bf51e.jpg?s=72&d=https%3A%2F%2Fa.slack-edge.com%2F80588%2Fimg%2Favatars%2Fuser_shapes%2Fava_0018-72.png",
            "first_name": "",
            "real_name": "Dejan Pesic",
            "display_name": "Dejan Pesic",
            "team": "TJH5YU202",
            "name": "dpesic",
            "is_restricted": false,
            "is_ultra_restricted": false
        }
    },
    {
        "client_msg_id": "ad2da031-f8c8-4387-af32-5263be68207f",
        "type": "message",
        "text": "summernote WYSIWYG editor integration",
        "user": "UJHD6A81H",
        "ts": "1565531578.322200",
        "team": "TJH5YU202",
        "user_team": "TJH5YU202",
        "source_team": "TJH5YU202",
        "user_profile": {
            "avatar_hash": "g6b8073e00e9",
            "image_72": "https:\/\/secure.gravatar.com\/avatar\/b96b8073e00e9eb02bcf05bc1418eb3a.jpg?s=72&d=https%3A%2F%2Fa.slack-edge.com%2F80588%2Fimg%2Favatars%2Fuser_shapes%2Fava_0021-72.png",
            "first_name": "Otto",
            "real_name": "Otto Atzwanger",
            "display_name": "Otto",
            "team": "TJH5YU202",
            "name": "otto",
            "is_restricted": false,
            "is_ultra_restricted": false
        }
    },
    {
        "client_msg_id": "2b8cb4b1-fd81-4269-a078-a36159444de0",
        "type": "message",
        "text": "function getCode(){\n\n    var html = $(\"#summernote\").summernote(\"code\");\n    console.log(html);\n\n    var response=document.getElementById(\"response\");\n    var data = 'data='+document.getElementById(\"data\").value;\n    console.log(data);\n\n    var xmlhttp = new XMLHttpRequest();\n    xmlhttp.onreadystatechange=function(){\n    if (xmlhttp.readyState==4 &amp;&amp; xmlhttp.status==200){\n      response.innerHTML='&lt;a href=\"files\/'+xmlhttp.responseText+'.txt\"&gt;'+xmlhttp.responseText+'.txt&lt;\/a&gt;';\n      }\n      }\n\n      xmlhttp.open(\"POST\",\"save.php\",true);\n      console.log('Must add this request header to XMLHttpRequest request for POST');\n      xmlhttp.setRequestHeader(\"Content-type\", \"application\/x-www-form-urlencoded\");\n      xmlhttp.send(data);\n      }\n      with this function I can also inset large pictures.",
        "user": "UJHD6A81H",
        "ts": "1565531606.322800",
        "team": "TJH5YU202",
        "user_team": "TJH5YU202",
        "source_team": "TJH5YU202",
        "user_profile": {
            "avatar_hash": "g6b8073e00e9",
            "image_72": "https:\/\/secure.gravatar.com\/avatar\/b96b8073e00e9eb02bcf05bc1418eb3a.jpg?s=72&d=https%3A%2F%2Fa.slack-edge.com%2F80588%2Fimg%2Favatars%2Fuser_shapes%2Fava_0021-72.png",
            "first_name": "Otto",
            "real_name": "Otto Atzwanger",
            "display_name": "Otto",
            "team": "TJH5YU202",
            "name": "otto",
            "is_restricted": false,
            "is_ultra_restricted": false
        }
    },
    {
        "client_msg_id": "494a6f30-4858-42ce-b56a-bd3859e7eb2b",
        "type": "message",
        "text": "the only problem which remains is if I store the file inside the img Tag there are space characters instead of the + sign.",
        "user": "UJHD6A81H",
        "ts": "1565531789.324400",
        "team": "TJH5YU202",
        "user_team": "TJH5YU202",
        "source_team": "TJH5YU202",
        "user_profile": {
            "avatar_hash": "g6b8073e00e9",
            "image_72": "https:\/\/secure.gravatar.com\/avatar\/b96b8073e00e9eb02bcf05bc1418eb3a.jpg?s=72&d=https%3A%2F%2Fa.slack-edge.com%2F80588%2Fimg%2Favatars%2Fuser_shapes%2Fava_0021-72.png",
            "first_name": "Otto",
            "real_name": "Otto Atzwanger",
            "display_name": "Otto",
            "team": "TJH5YU202",
            "name": "otto",
            "is_restricted": false,
            "is_ultra_restricted": false
        }
    },
    {
        "client_msg_id": "47ee6e2a-f4f0-4b39-a825-9ef6ac66f006",
        "type": "message",
        "text": "maybe someone knows a solution for that. Otherwise I have to locate &lt;img tag and then use strtran().",
        "user": "UJHD6A81H",
        "ts": "1565531849.325600",
        "team": "TJH5YU202",
        "user_team": "TJH5YU202",
        "source_team": "TJH5YU202",
        "user_profile": {
            "avatar_hash": "g6b8073e00e9",
            "image_72": "https:\/\/secure.gravatar.com\/avatar\/b96b8073e00e9eb02bcf05bc1418eb3a.jpg?s=72&d=https%3A%2F%2Fa.slack-edge.com%2F80588%2Fimg%2Favatars%2Fuser_shapes%2Fava_0021-72.png",
            "first_name": "Otto",
            "real_name": "Otto Atzwanger",
            "display_name": "Otto",
            "team": "TJH5YU202",
            "name": "otto",
            "is_restricted": false,
            "is_ultra_restricted": false
        }
    },
    {
        "client_msg_id": "69f91d72-1b8b-40b5-950e-acaa35c39804",
        "type": "message",
        "text": "Sorry about (HB_POINTER2STRING) I found how to get record set from Postgresql.",
        "user": "UJNEM6G7K",
        "ts": "1565532377.326500",
        "team": "TJH5YU202",
        "user_team": "TJH5YU202",
        "source_team": "TJH5YU202",
        "user_profile": {
            "avatar_hash": "g4b6937dc7ac",
            "image_72": "https:\/\/secure.gravatar.com\/avatar\/a44b6937dc7ac0f16aa71abc758bf51e.jpg?s=72&d=https%3A%2F%2Fa.slack-edge.com%2F80588%2Fimg%2Favatars%2Fuser_shapes%2Fava_0018-72.png",
            "first_name": "",
            "real_name": "Dejan Pesic",
            "display_name": "Dejan Pesic",
            "team": "TJH5YU202",
            "name": "dpesic",
            "is_restricted": false,
            "is_ultra_restricted": false
        }
    },
    {
        "client_msg_id": "5e2d3264-5f13-475d-a326-fe116d5ab032",
        "type": "message",
        "text": "ok Dejan",
        "user": "UJN8D8U3B",
        "ts": "1565547242.326700",
        "team": "TJH5YU202",
        "user_team": "TJH5YU202",
        "source_team": "TJH5YU202",
        "user_profile": {
            "avatar_hash": "g92ad2abcc45",
            "image_72": "https:\/\/secure.gravatar.com\/avatar\/8492ad2abcc45ce53969adcf8420acde.jpg?s=72&d=https%3A%2F%2Fa.slack-edge.com%2F80588%2Fimg%2Favatars%2Fuser_shapes%2Fava_0008-72.png",
            "first_name": "",
            "real_name": "Antonio Linares",
            "display_name": "Antonio Linares",
            "team": "TJH5YU202",
            "name": "alinares",
            "is_restricted": false,
            "is_ultra_restricted": false
        }
    },
    {
        "client_msg_id": "8fbd999f-e707-409b-9fee-3642e8ca14ed",
        "type": "message",
        "text": "is Postgresql working fine with mod_harbour ?",
        "user": "UJN8D8U3B",
        "ts": "1565547271.327300",
        "team": "TJH5YU202",
        "user_team": "TJH5YU202",
        "source_team": "TJH5YU202",
        "user_profile": {
            "avatar_hash": "g92ad2abcc45",
            "image_72": "https:\/\/secure.gravatar.com\/avatar\/8492ad2abcc45ce53969adcf8420acde.jpg?s=72&d=https%3A%2F%2Fa.slack-edge.com%2F80588%2Fimg%2Favatars%2Fuser_shapes%2Fava_0008-72.png",
            "first_name": "",
            "real_name": "Antonio Linares",
            "display_name": "Antonio Linares",
            "team": "TJH5YU202",
            "name": "alinares",
            "is_restricted": false,
            "is_ultra_restricted": false
        }
    },
    {
        "type": "message",
        "text": "From server to client and from client to server...",
        "files": [
            {
                "id": "FM91390NL",
                "created": 1565549388,
                "timestamp": 1565549388,
                "name": "Screenshot 2019-08-11 at 20.47.10.png",
                "title": "Screenshot 2019-08-11 at 20.47.10.png",
                "mimetype": "image\/png",
                "filetype": "png",
                "pretty_type": "PNG",
                "user": "UJN8D8U3B",
                "editable": false,
                "size": 136709,
                "mode": "hosted",
                "is_external": false,
                "external_type": "",
                "is_public": true,
                "public_url_shared": false,
                "display_as_bot": false,
                "username": "",
                "url_private": "https:\/\/files.slack.com\/files-pri\/TJH5YU202-FM91390NL\/screenshot_2019-08-11_at_20.47.10.png?t=xoxe-629202954002-776688371669-763909703378-01ffaa4c4eeda75ea92ad255b32a04e5",
                "url_private_download": "https:\/\/files.slack.com\/files-pri\/TJH5YU202-FM91390NL\/download\/screenshot_2019-08-11_at_20.47.10.png?t=xoxe-629202954002-776688371669-763909703378-01ffaa4c4eeda75ea92ad255b32a04e5",
                "thumb_64": "https:\/\/files.slack.com\/files-tmb\/TJH5YU202-FM91390NL-32394f0362\/screenshot_2019-08-11_at_20.47.10_64.png?t=xoxe-629202954002-776688371669-763909703378-01ffaa4c4eeda75ea92ad255b32a04e5",
                "thumb_80": "https:\/\/files.slack.com\/files-tmb\/TJH5YU202-FM91390NL-32394f0362\/screenshot_2019-08-11_at_20.47.10_80.png?t=xoxe-629202954002-776688371669-763909703378-01ffaa4c4eeda75ea92ad255b32a04e5",
                "thumb_360": "https:\/\/files.slack.com\/files-tmb\/TJH5YU202-FM91390NL-32394f0362\/screenshot_2019-08-11_at_20.47.10_360.png?t=xoxe-629202954002-776688371669-763909703378-01ffaa4c4eeda75ea92ad255b32a04e5",
                "thumb_360_w": 360,
                "thumb_360_h": 203,
                "thumb_480": "https:\/\/files.slack.com\/files-tmb\/TJH5YU202-FM91390NL-32394f0362\/screenshot_2019-08-11_at_20.47.10_480.png?t=xoxe-629202954002-776688371669-763909703378-01ffaa4c4eeda75ea92ad255b32a04e5",
                "thumb_480_w": 480,
                "thumb_480_h": 271,
                "thumb_160": "https:\/\/files.slack.com\/files-tmb\/TJH5YU202-FM91390NL-32394f0362\/screenshot_2019-08-11_at_20.47.10_160.png?t=xoxe-629202954002-776688371669-763909703378-01ffaa4c4eeda75ea92ad255b32a04e5",
                "thumb_720": "https:\/\/files.slack.com\/files-tmb\/TJH5YU202-FM91390NL-32394f0362\/screenshot_2019-08-11_at_20.47.10_720.png?t=xoxe-629202954002-776688371669-763909703378-01ffaa4c4eeda75ea92ad255b32a04e5",
                "thumb_720_w": 720,
                "thumb_720_h": 407,
                "thumb_800": "https:\/\/files.slack.com\/files-tmb\/TJH5YU202-FM91390NL-32394f0362\/screenshot_2019-08-11_at_20.47.10_800.png?t=xoxe-629202954002-776688371669-763909703378-01ffaa4c4eeda75ea92ad255b32a04e5",
                "thumb_800_w": 800,
                "thumb_800_h": 452,
                "thumb_960": "https:\/\/files.slack.com\/files-tmb\/TJH5YU202-FM91390NL-32394f0362\/screenshot_2019-08-11_at_20.47.10_960.png?t=xoxe-629202954002-776688371669-763909703378-01ffaa4c4eeda75ea92ad255b32a04e5",
                "thumb_960_w": 960,
                "thumb_960_h": 543,
                "thumb_1024": "https:\/\/files.slack.com\/files-tmb\/TJH5YU202-FM91390NL-32394f0362\/screenshot_2019-08-11_at_20.47.10_1024.png?t=xoxe-629202954002-776688371669-763909703378-01ffaa4c4eeda75ea92ad255b32a04e5",
                "thumb_1024_w": 1024,
                "thumb_1024_h": 579,
                "image_exif_rotation": 1,
                "original_w": 1134,
                "original_h": 641,
                "permalink": "https:\/\/harbourproject.slack.com\/files\/UJN8D8U3B\/FM91390NL\/screenshot_2019-08-11_at_20.47.10.png",
                "permalink_public": "https:\/\/slack-files.com\/TJH5YU202-FM91390NL-8067fce9ef",
                "is_starred": false,
                "has_rich_preview": false
            }
        ],
        "upload": true,
        "user": "UJN8D8U3B",
        "display_as_bot": false,
        "ts": "1565549390.327400",
        "client_msg_id": "53d4877c-e266-49c2-a65f-6b090e39cf94"
    },
    {
        "client_msg_id": "f401c78d-afe9-431e-a4b3-9e0859835eeb",
        "type": "message",
        "text": "Do you get it ? Se entiende ? :slightly_smiling_face:",
        "user": "UJN8D8U3B",
        "ts": "1565549406.328000",
        "team": "TJH5YU202",
        "user_team": "TJH5YU202",
        "source_team": "TJH5YU202",
        "user_profile": {
            "avatar_hash": "g92ad2abcc45",
            "image_72": "https:\/\/secure.gravatar.com\/avatar\/8492ad2abcc45ce53969adcf8420acde.jpg?s=72&d=https%3A%2F%2Fa.slack-edge.com%2F80588%2Fimg%2Favatars%2Fuser_shapes%2Fava_0008-72.png",
            "first_name": "",
            "real_name": "Antonio Linares",
            "display_name": "Antonio Linares",
            "team": "TJH5YU202",
            "name": "alinares",
            "is_restricted": false,
            "is_ultra_restricted": false
        }
    },
    {
        "client_msg_id": "0ba9a34e-8002-447b-aaab-eb77cf80e07a",
        "type": "message",
        "text": "YES! It works perfect :)",
        "user": "UJNEM6G7K",
        "ts": "1565554304.328100",
        "team": "TJH5YU202",
        "user_team": "TJH5YU202",
        "source_team": "TJH5YU202",
        "user_profile": {
            "avatar_hash": "g4b6937dc7ac",
            "image_72": "https:\/\/secure.gravatar.com\/avatar\/a44b6937dc7ac0f16aa71abc758bf51e.jpg?s=72&d=https%3A%2F%2Fa.slack-edge.com%2F80588%2Fimg%2Favatars%2Fuser_shapes%2Fava_0018-72.png",
            "first_name": "",
            "real_name": "Dejan Pesic",
            "display_name": "Dejan Pesic",
            "team": "TJH5YU202",
            "name": "dpesic",
            "is_restricted": false,
            "is_ultra_restricted": false
        },
        "thread_ts": "1565554304.328100",
        "reply_count": 2,
        "reply_users_count": 2,
        "latest_reply": "1565647372.361400",
        "reply_users": [
            "UJWR5N32S",
            "UJNEM6G7K"
        ],
        "replies": [
            {
                "user": "UJWR5N32S",
                "ts": "1565599707.339600"
            },
            {
                "user": "UJNEM6G7K",
                "ts": "1565647372.361400"
            }
        ],
        "subscribed": false
    },
    {
        "client_msg_id": "64cf4567-ce09-4e52-a4ff-67ea7ca04eba",
        "type": "message",
        "text": "Antonio: At the moment I can not go on.\nThis PHP code reads $ _POST ['data'].\nOnly the format is not quite right. Instead of + an empty space is transferred.\n\nThe mod harbour program cuts off the text.\nThe format would fit.",
        "user": "UJHD6A81H",
        "ts": "1565557992.328400",
        "team": "TJH5YU202",
        "user_team": "TJH5YU202",
        "source_team": "TJH5YU202",
        "user_profile": {
            "avatar_hash": "g6b8073e00e9",
            "image_72": "https:\/\/secure.gravatar.com\/avatar\/b96b8073e00e9eb02bcf05bc1418eb3a.jpg?s=72&d=https%3A%2F%2Fa.slack-edge.com%2F80588%2Fimg%2Favatars%2Fuser_shapes%2Fava_0021-72.png",
            "first_name": "Otto",
            "real_name": "Otto Atzwanger",
            "display_name": "Otto",
            "team": "TJH5YU202",
            "name": "otto",
            "is_restricted": false,
            "is_ultra_restricted": false
        }
    },
    {
        "client_msg_id": "d79f3185-1f19-479e-bea7-5f35e473ae33",
        "type": "message",
        "text": "PHP code",
        "user": "UJHD6A81H",
        "ts": "1565557996.328600",
        "team": "TJH5YU202",
        "user_team": "TJH5YU202",
        "source_team": "TJH5YU202",
        "user_profile": {
            "avatar_hash": "g6b8073e00e9",
            "image_72": "https:\/\/secure.gravatar.com\/avatar\/b96b8073e00e9eb02bcf05bc1418eb3a.jpg?s=72&d=https%3A%2F%2Fa.slack-edge.com%2F80588%2Fimg%2Favatars%2Fuser_shapes%2Fava_0021-72.png",
            "first_name": "Otto",
            "real_name": "Otto Atzwanger",
            "display_name": "Otto",
            "team": "TJH5YU202",
            "name": "otto",
            "is_restricted": false,
            "is_ultra_restricted": false
        }
    },
    {
        "client_msg_id": "2900c11d-e8d8-401d-b1e8-04372d4e522d",
        "type": "message",
        "text": "&lt;?php\n\/\/error_reporting(E_ALL);\n\/\/var_dump($_SERVER);\n$post_data = $_POST['data'];\necho \"--------------------\";\necho $post_data;\n\nif (!empty($post_data)) {\n    $dir = 'c:\/www\/htdocs\/modharbour_samples\/text\/files';\n    $file = uniqid().getmypid();\n    $filename = $dir.$file.'.txt';\n    $handle = fopen($filename, \"w\");\n    fwrite($handle, $post_data);\n    fclose($handle);\n    echo $file;\n}\n?&gt;",
        "user": "UJHD6A81H",
        "ts": "1565558008.328800",
        "team": "TJH5YU202",
        "user_team": "TJH5YU202",
        "source_team": "TJH5YU202",
        "user_profile": {
            "avatar_hash": "g6b8073e00e9",
            "image_72": "https:\/\/secure.gravatar.com\/avatar\/b96b8073e00e9eb02bcf05bc1418eb3a.jpg?s=72&d=https%3A%2F%2Fa.slack-edge.com%2F80588%2Fimg%2Favatars%2Fuser_shapes%2Fava_0021-72.png",
            "first_name": "Otto",
            "real_name": "Otto Atzwanger",
            "display_name": "Otto",
            "team": "TJH5YU202",
            "name": "otto",
            "is_restricted": false,
            "is_ultra_restricted": false
        }
    },
    {
        "client_msg_id": "4ca36c2a-9cac-40ee-b86b-c2491a444b8d",
        "type": "message",
        "text": "#define FILELOG   AP_GETENV( 'DOCUMENT_ROOT' ) + AP_GETENV( 'PATH_APP' ) + '\/modharbour_samples\/text\/document.txt'\n\n\n\nfunction Main()\n   local hPairs := AP_PostPairs()\n   local cText := \"\"\n   ? \"--before decode--------------------\"\n   ? VALTYP(hPairs)\n\n   if Len( hPairs ) == 0\n      ? \"This example is used from samples\/post.prg\"\n   else\n      if hb_HHasKey( hPairs, \"data\" )\n         cText = hPairs[ \"data\" ]\n      endif\n      ? cText\n      memowrit( FILELOG, cText )\n\n   endif\n\nreturn nil",
        "user": "UJHD6A81H",
        "ts": "1565558057.329000",
        "team": "TJH5YU202",
        "user_team": "TJH5YU202",
        "source_team": "TJH5YU202",
        "user_profile": {
            "avatar_hash": "g6b8073e00e9",
            "image_72": "https:\/\/secure.gravatar.com\/avatar\/b96b8073e00e9eb02bcf05bc1418eb3a.jpg?s=72&d=https%3A%2F%2Fa.slack-edge.com%2F80588%2Fimg%2Favatars%2Fuser_shapes%2Fava_0021-72.png",
            "first_name": "Otto",
            "real_name": "Otto Atzwanger",
            "display_name": "Otto",
            "team": "TJH5YU202",
            "name": "otto",
            "is_restricted": false,
            "is_ultra_restricted": false
        }
    },
    {
        "client_msg_id": "6b475caa-89f9-4d7d-ac7e-9b5b54d5b647",
        "type": "message",
        "text": "I have GitHub Desktop installed. I also cloned mod harbor  and inserted in the local version of my folder \"Text\" with the development status.\n\nHow does it go from here.",
        "user": "UJHD6A81H",
        "ts": "1565558346.329500",
        "team": "TJH5YU202",
        "user_team": "TJH5YU202",
        "source_team": "TJH5YU202",
        "user_profile": {
            "avatar_hash": "g6b8073e00e9",
            "image_72": "https:\/\/secure.gravatar.com\/avatar\/b96b8073e00e9eb02bcf05bc1418eb3a.jpg?s=72&d=https%3A%2F%2Fa.slack-edge.com%2F80588%2Fimg%2Favatars%2Fuser_shapes%2Fava_0021-72.png",
            "first_name": "Otto",
            "real_name": "Otto Atzwanger",
            "display_name": "Otto",
            "team": "TJH5YU202",
            "name": "otto",
            "is_restricted": false,
            "is_ultra_restricted": false
        }
    },
    {
        "client_msg_id": "d60cef62-f7ee-4eea-b841-4d09027268a3",
        "type": "message",
        "text": "where do I find AP_postPairs. Should this work like PHP  $_POST['data']; -",
        "user": "UJHD6A81H",
        "ts": "1565558447.330700",
        "team": "TJH5YU202",
        "user_team": "TJH5YU202",
        "source_team": "TJH5YU202",
        "user_profile": {
            "avatar_hash": "g6b8073e00e9",
            "image_72": "https:\/\/secure.gravatar.com\/avatar\/b96b8073e00e9eb02bcf05bc1418eb3a.jpg?s=72&d=https%3A%2F%2Fa.slack-edge.com%2F80588%2Fimg%2Favatars%2Fuser_shapes%2Fava_0021-72.png",
            "first_name": "Otto",
            "real_name": "Otto Atzwanger",
            "display_name": "Otto",
            "team": "TJH5YU202",
            "name": "otto",
            "is_restricted": false,
            "is_ultra_restricted": false
        }
    },
    {
        "client_msg_id": "e9adeffa-26e1-4efe-8b20-c15b7cbba323",
        "type": "message",
        "text": "good morning :sunny:",
        "user": "UJN8D8U3B",
        "ts": "1565588135.331100",
        "team": "TJH5YU202",
        "user_team": "TJH5YU202",
        "source_team": "TJH5YU202",
        "user_profile": {
            "avatar_hash": "g92ad2abcc45",
            "image_72": "https:\/\/secure.gravatar.com\/avatar\/8492ad2abcc45ce53969adcf8420acde.jpg?s=72&d=https%3A%2F%2Fa.slack-edge.com%2F80588%2Fimg%2Favatars%2Fuser_shapes%2Fava_0008-72.png",
            "first_name": "",
            "real_name": "Antonio Linares",
            "display_name": "Antonio Linares",
            "team": "TJH5YU202",
            "name": "alinares",
            "is_restricted": false,
            "is_ultra_restricted": false
        }
    },
    {
        "client_msg_id": "3f65cf0b-5860-4c71-aaf6-0484c0fb6244",
        "type": "message",
        "text": "Otto use \"application\/octet-stream\" to send the data",
        "user": "UJN8D8U3B",
        "ts": "1565588393.331700",
        "team": "TJH5YU202",
        "user_team": "TJH5YU202",
        "source_team": "TJH5YU202",
        "user_profile": {
            "avatar_hash": "g92ad2abcc45",
            "image_72": "https:\/\/secure.gravatar.com\/avatar\/8492ad2abcc45ce53969adcf8420acde.jpg?s=72&d=https%3A%2F%2Fa.slack-edge.com%2F80588%2Fimg%2Favatars%2Fuser_shapes%2Fava_0008-72.png",
            "first_name": "",
            "real_name": "Antonio Linares",
            "display_name": "Antonio Linares",
            "team": "TJH5YU202",
            "name": "alinares",
            "is_restricted": false,
            "is_ultra_restricted": false
        }
    },
    {
        "client_msg_id": "70738507-73c7-4776-a3d3-b5b87375ee39",
        "type": "message",
        "text": "See how we do it from modpro example:",
        "user": "UJN8D8U3B",
        "ts": "1565588426.332100",
        "team": "TJH5YU202",
        "user_team": "TJH5YU202",
        "source_team": "TJH5YU202",
        "user_profile": {
            "avatar_hash": "g92ad2abcc45",
            "image_72": "https:\/\/secure.gravatar.com\/avatar\/8492ad2abcc45ce53969adcf8420acde.jpg?s=72&d=https%3A%2F%2Fa.slack-edge.com%2F80588%2Fimg%2Favatars%2Fuser_shapes%2Fava_0008-72.png",
            "first_name": "",
            "real_name": "Antonio Linares",
            "display_name": "Antonio Linares",
            "team": "TJH5YU202",
            "name": "alinares",
            "is_restricted": false,
            "is_ultra_restricted": false
        }
    },
    {
        "client_msg_id": "6885604b-cda1-444f-8b14-48dd4eddacb6",
        "type": "message",
        "text": "function OpenDbf()\n      {\n        var oFile;\n        oFPicker = document.createElement( \"input\" );\n        oFPicker.type = \"file\";\n        oFPicker.accept = \".dbf,.dbt,.fpt,.cdx,.ntx\";\n        oFPicker.style.visibility = \"hidden\";\n        oFPicker.onchange = function( evt ){\n           var reader = new FileReader();\n           oFile = evt.target.files[0];\n           reader.readAsDataURL( oFile );\n           reader.onload = function( e ) {\n               var formData = new FormData();\n               var xhr = new XMLHttpRequest();\n               var blob = new Blob( [e.target.result], {type: \"application\/octet-stream\"} );\n               formData.append( oFile.name, blob );\n               xhr.onreadystatechange = function() {\n                  if( this.readyState == XMLHttpRequest.DONE &amp;&amp; this.status == 200 ) {\n                     Command( this.responseText, true ); } };\n            xhr.open( \"POST\", 'upload.prg' );\n            xhr.send( formData );\n           }\n         };\n\n        oFPicker.click();\n      }",
        "user": "UJN8D8U3B",
        "ts": "1565588429.332300",
        "team": "TJH5YU202",
        "user_team": "TJH5YU202",
        "source_team": "TJH5YU202",
        "user_profile": {
            "avatar_hash": "g92ad2abcc45",
            "image_72": "https:\/\/secure.gravatar.com\/avatar\/8492ad2abcc45ce53969adcf8420acde.jpg?s=72&d=https%3A%2F%2Fa.slack-edge.com%2F80588%2Fimg%2Favatars%2Fuser_shapes%2Fava_0008-72.png",
            "first_name": "",
            "real_name": "Antonio Linares",
            "display_name": "Antonio Linares",
            "team": "TJH5YU202",
            "name": "alinares",
            "is_restricted": false,
            "is_ultra_restricted": false
        }
    },
    {
        "client_msg_id": "b040e476-d474-4287-a184-1328fc1439d0",
        "type": "message",
        "text": "readAsDataURL() automatically encodes as base64",
        "user": "UJN8D8U3B",
        "ts": "1565588476.332700",
        "team": "TJH5YU202",
        "user_team": "TJH5YU202",
        "source_team": "TJH5YU202",
        "user_profile": {
            "avatar_hash": "g92ad2abcc45",
            "image_72": "https:\/\/secure.gravatar.com\/avatar\/8492ad2abcc45ce53969adcf8420acde.jpg?s=72&d=https%3A%2F%2Fa.slack-edge.com%2F80588%2Fimg%2Favatars%2Fuser_shapes%2Fava_0008-72.png",
            "first_name": "",
            "real_name": "Antonio Linares",
            "display_name": "Antonio Linares",
            "team": "TJH5YU202",
            "name": "alinares",
            "is_restricted": false,
            "is_ultra_restricted": false
        }
    },
    {
        "client_msg_id": "cb0e9114-0649-4717-be3d-4bd099ec74da",
        "type": "message",
        "text": "hello antonio. Many thanks. I have now in my source code\n \"application \/ octet-stream\" changed - but  I do not receive any  data.\nYesterday, as a workaround, I added these lines to my code:\n\n\n  cText: = STRTRAN (MemoRead (FILELOG + \"document.txt\"), CHR (34), \"'\")\n  nAt: = At ​​(\"&lt;img\", cText)\n\n  if nAt&gt; 0\n    cTxtNew: = left (cText, nAt -1)\n    cTmpText: = SubStr (cText, nAt)\n    \/\/? cTmpText\n    nAt2: = At ​​(\"&gt;\", cTmpText)\n\n    if nAt2&gt; 0\n      cImage: = left (cTmpText, nAt2-1)\n      cImage: = StrTran (cImage, \"\", \"+\")\n      cImage: = \"&lt;img src =\" + SubStr (cImage, 10)\n\n    endif\n\n    cTxtNew + = cImage\n  endif\n\n  cTxtNew + = substr (cTmpText, nAt2)\n\n  cText: = cTxtNew\n\nThe images are displayed.\nBut the program is a mishmash.\nmod harbor - call of php save.prg and then open with a selfmade converting function. It seems to me that saving with php is slow much slower than memowrit().\n\nI will to stop here and try again some month later when I do understand more.",
        "user": "UJHD6A81H",
        "ts": "1565590385.334200",
        "team": "TJH5YU202",
        "user_team": "TJH5YU202",
        "source_team": "TJH5YU202",
        "user_profile": {
            "avatar_hash": "g6b8073e00e9",
            "image_72": "https:\/\/secure.gravatar.com\/avatar\/b96b8073e00e9eb02bcf05bc1418eb3a.jpg?s=72&d=https%3A%2F%2Fa.slack-edge.com%2F80588%2Fimg%2Favatars%2Fuser_shapes%2Fava_0021-72.png",
            "first_name": "Otto",
            "real_name": "Otto Atzwanger",
            "display_name": "Otto",
            "team": "TJH5YU202",
            "name": "otto",
            "is_restricted": false,
            "is_ultra_restricted": false
        }
    },
    {
        "client_msg_id": "6a0ed34e-d076-4999-8324-8226729af071",
        "type": "message",
        "text": "Use mod_harbour upload.prg",
        "user": "UJN8D8U3B",
        "ts": "1565591566.334800",
        "team": "TJH5YU202",
        "user_team": "TJH5YU202",
        "source_team": "TJH5YU202",
        "user_profile": {
            "avatar_hash": "g92ad2abcc45",
            "image_72": "https:\/\/secure.gravatar.com\/avatar\/8492ad2abcc45ce53969adcf8420acde.jpg?s=72&d=https%3A%2F%2Fa.slack-edge.com%2F80588%2Fimg%2Favatars%2Fuser_shapes%2Fava_0008-72.png",
            "first_name": "",
            "real_name": "Antonio Linares",
            "display_name": "Antonio Linares",
            "team": "TJH5YU202",
            "name": "alinares",
            "is_restricted": false,
            "is_ultra_restricted": false
        }
    },
    {
        "client_msg_id": "19058580-1ba7-4004-a120-54abe6a18cb7",
        "type": "message",
        "text": "don't use save.php",
        "user": "UJN8D8U3B",
        "ts": "1565591608.335300",
        "team": "TJH5YU202",
        "user_team": "TJH5YU202",
        "source_team": "TJH5YU202",
        "user_profile": {
            "avatar_hash": "g92ad2abcc45",
            "image_72": "https:\/\/secure.gravatar.com\/avatar\/8492ad2abcc45ce53969adcf8420acde.jpg?s=72&d=https%3A%2F%2Fa.slack-edge.com%2F80588%2Fimg%2Favatars%2Fuser_shapes%2Fava_0008-72.png",
            "first_name": "",
            "real_name": "Antonio Linares",
            "display_name": "Antonio Linares",
            "team": "TJH5YU202",
            "name": "alinares",
            "is_restricted": false,
            "is_ultra_restricted": false
        }
    },
    {
        "client_msg_id": "3a80bc7d-6b89-4544-9911-b26a48c1405c",
        "type": "message",
        "text": "upload.prg does the same work as php but you are in control",
        "user": "UJN8D8U3B",
        "ts": "1565591631.335800",
        "team": "TJH5YU202",
        "user_team": "TJH5YU202",
        "source_team": "TJH5YU202",
        "user_profile": {
            "avatar_hash": "g92ad2abcc45",
            "image_72": "https:\/\/secure.gravatar.com\/avatar\/8492ad2abcc45ce53969adcf8420acde.jpg?s=72&d=https%3A%2F%2Fa.slack-edge.com%2F80588%2Fimg%2Favatars%2Fuser_shapes%2Fava_0008-72.png",
            "first_name": "",
            "real_name": "Antonio Linares",
            "display_name": "Antonio Linares",
            "team": "TJH5YU202",
            "name": "alinares",
            "is_restricted": false,
            "is_ultra_restricted": false
        }
    }
]