[
    {
        "client_msg_id": "642c1e53-cf81-40fd-8b65-ba3129351b78",
        "type": "message",
        "text": "buenos dias :sunny:",
        "user": "UJN8D8U3B",
        "ts": "1563095609.125800",
        "team": "TJH5YU202",
        "user_team": "TJH5YU202",
        "source_team": "TJH5YU202",
        "user_profile": {
            "avatar_hash": "g92ad2abcc45",
            "image_72": "https:\/\/secure.gravatar.com\/avatar\/8492ad2abcc45ce53969adcf8420acde.jpg?s=72&d=https%3A%2F%2Fa.slack-edge.com%2F80588%2Fimg%2Favatars%2Fuser_shapes%2Fava_0008-72.png",
            "first_name": "",
            "real_name": "Antonio Linares",
            "display_name": "Antonio Linares",
            "team": "TJH5YU202",
            "name": "alinares",
            "is_restricted": false,
            "is_ultra_restricted": false
        }
    },
    {
        "client_msg_id": "91ae09bb-2e6d-45b2-9d96-38dc456634ee",
        "type": "message",
        "text": "Bon dia",
        "user": "UJWR5N32S",
        "ts": "1563097271.126100",
        "team": "TJH5YU202",
        "user_team": "TJH5YU202",
        "source_team": "TJH5YU202",
        "user_profile": {
            "avatar_hash": "273d3745f7ae",
            "image_72": "https:\/\/avatars.slack-edge.com\/2019-05-20\/634344238497_273d3745f7ae1b176b82_72.jpg",
            "first_name": "Charly",
            "real_name": "Charly",
            "display_name": "Charly",
            "team": "TJH5YU202",
            "name": "carles9000",
            "is_restricted": false,
            "is_ultra_restricted": false
        }
    },
    {
        "client_msg_id": "f72afba7-41ef-4811-b649-80ddab082d94",
        "type": "message",
        "text": "la identificación usando cookies ya funciona :+1:",
        "user": "UJN8D8U3B",
        "ts": "1563101626.126600",
        "team": "TJH5YU202",
        "user_team": "TJH5YU202",
        "source_team": "TJH5YU202",
        "user_profile": {
            "avatar_hash": "g92ad2abcc45",
            "image_72": "https:\/\/secure.gravatar.com\/avatar\/8492ad2abcc45ce53969adcf8420acde.jpg?s=72&d=https%3A%2F%2Fa.slack-edge.com%2F80588%2Fimg%2Favatars%2Fuser_shapes%2Fava_0008-72.png",
            "first_name": "",
            "real_name": "Antonio Linares",
            "display_name": "Antonio Linares",
            "team": "TJH5YU202",
            "name": "alinares",
            "is_restricted": false,
            "is_ultra_restricted": false
        }
    },
    {
        "client_msg_id": "3941ac4b-1515-4245-8160-dba8f05db029",
        "type": "message",
        "text": "<https:\/\/harbour.fourtech.es\/modharbour_samples\/genesis\/index.prg>",
        "user": "UJN8D8U3B",
        "ts": "1563101628.126800",
        "team": "TJH5YU202",
        "user_team": "TJH5YU202",
        "source_team": "TJH5YU202",
        "user_profile": {
            "avatar_hash": "g92ad2abcc45",
            "image_72": "https:\/\/secure.gravatar.com\/avatar\/8492ad2abcc45ce53969adcf8420acde.jpg?s=72&d=https%3A%2F%2Fa.slack-edge.com%2F80588%2Fimg%2Favatars%2Fuser_shapes%2Fava_0008-72.png",
            "first_name": "",
            "real_name": "Antonio Linares",
            "display_name": "Antonio Linares",
            "team": "TJH5YU202",
            "name": "alinares",
            "is_restricted": false,
            "is_ultra_restricted": false
        }
    },
    {
        "client_msg_id": "d6525f3f-5d7b-45a6-9d1f-b21fc257bfd0",
        "type": "message",
        "text": "muy básica pero funciona :wink:",
        "user": "UJN8D8U3B",
        "ts": "1563101635.127100",
        "team": "TJH5YU202",
        "user_team": "TJH5YU202",
        "source_team": "TJH5YU202",
        "user_profile": {
            "avatar_hash": "g92ad2abcc45",
            "image_72": "https:\/\/secure.gravatar.com\/avatar\/8492ad2abcc45ce53969adcf8420acde.jpg?s=72&d=https%3A%2F%2Fa.slack-edge.com%2F80588%2Fimg%2Favatars%2Fuser_shapes%2Fava_0008-72.png",
            "first_name": "",
            "real_name": "Antonio Linares",
            "display_name": "Antonio Linares",
            "team": "TJH5YU202",
            "name": "alinares",
            "is_restricted": false,
            "is_ultra_restricted": false
        }
    },
    {
        "client_msg_id": "56b6a676-a516-4587-884b-725659533c87",
        "type": "message",
        "text": "Antonio can you please insert data dir in git too. With old database I get error only the new one there are missing some.",
        "user": "UJHD6A81H",
        "ts": "1563121716.128200",
        "team": "TJH5YU202",
        "user_team": "TJH5YU202",
        "source_team": "TJH5YU202",
        "user_profile": {
            "avatar_hash": "g6b8073e00e9",
            "image_72": "https:\/\/secure.gravatar.com\/avatar\/b96b8073e00e9eb02bcf05bc1418eb3a.jpg?s=72&d=https%3A%2F%2Fa.slack-edge.com%2F80588%2Fimg%2Favatars%2Fuser_shapes%2Fava_0021-72.png",
            "first_name": "Otto",
            "real_name": "Otto Atzwanger",
            "display_name": "Otto",
            "team": "TJH5YU202",
            "name": "otto",
            "is_restricted": false,
            "is_ultra_restricted": false
        }
    },
    {
        "client_msg_id": "4c49b34e-f3c6-44fa-9f8c-059d2b1d6320",
        "type": "message",
        "text": "en users.dbf agrega el campo date y passmd5 Caracter 40 ... son dos campos nuevos.  yo lo hice con fivedbu :slightly_smiling_face: y me funciono localmente.",
        "user": "UJJNSR2V8",
        "ts": "1563123304.129900",
        "team": "TJH5YU202",
        "user_team": "TJH5YU202",
        "source_team": "TJH5YU202",
        "user_profile": {
            "avatar_hash": "g5c7770c1441",
            "image_72": "https:\/\/secure.gravatar.com\/avatar\/a95c7770c144160e668fb52dae4a4024.jpg?s=72&d=https%3A%2F%2Fa.slack-edge.com%2F80588%2Fimg%2Favatars%2Fuser_shapes%2Fava_0010-72.png",
            "first_name": "",
            "real_name": "Mario Gonzalez",
            "display_name": "Mario Gonzalez",
            "team": "TJH5YU202",
            "name": "mag071",
            "is_restricted": false,
            "is_ultra_restricted": false
        }
    },
    {
        "client_msg_id": "2c24bb91-1483-44e1-bd45-296707bc0cdf",
        "type": "message",
        "text": "<@UJHD6A81H> tambien puedes borrar el users.dbf o cualquier dbf ya que el la vuelve a crear automaticamente si no la encuentra.   if ! File( hb_GetEnv( \"PRGPATH\" ) + \"\/data\/users.dbf\" )\n      DbCreate( hb_GetEnv( \"PRGPATH\" ) + \"\/data\/users.dbf\",;\n                { { \"DATE\",    \"D\",  8, 0 },;\n                  { \"FIRST\",   \"C\", 20, 0 },;\n                  { \"LAST\",    \"C\", 20, 0 },;\n                  { \"ACTIVE\",  \"L\",  1, 0 },;\n                  { \"EMAIL\",   \"C\", 20, 0 },;\n                  { \"PHONE\",   \"C\", 20, 0 },;\n                  { \"PASSMD5\", \"C\", 32, 0 },;\n                  { \"NOTES\",   \"M\", 10, 0 } } )\n   endif",
        "user": "UJJNSR2V8",
        "ts": "1563127324.131000",
        "team": "TJH5YU202",
        "user_team": "TJH5YU202",
        "source_team": "TJH5YU202",
        "user_profile": {
            "avatar_hash": "g5c7770c1441",
            "image_72": "https:\/\/secure.gravatar.com\/avatar\/a95c7770c144160e668fb52dae4a4024.jpg?s=72&d=https%3A%2F%2Fa.slack-edge.com%2F80588%2Fimg%2Favatars%2Fuser_shapes%2Fava_0010-72.png",
            "first_name": "",
            "real_name": "Mario Gonzalez",
            "display_name": "Mario Gonzalez",
            "team": "TJH5YU202",
            "name": "mag071",
            "is_restricted": false,
            "is_ultra_restricted": false
        }
    },
    {
        "client_msg_id": "b9891484-c14b-4938-8975-2e7caa166952",
        "type": "message",
        "text": "already fixed in the mod_harbour repo",
        "user": "UJN8D8U3B",
        "ts": "1563129397.131300",
        "team": "TJH5YU202",
        "user_team": "TJH5YU202",
        "source_team": "TJH5YU202",
        "user_profile": {
            "avatar_hash": "g92ad2abcc45",
            "image_72": "https:\/\/secure.gravatar.com\/avatar\/8492ad2abcc45ce53969adcf8420acde.jpg?s=72&d=https%3A%2F%2Fa.slack-edge.com%2F80588%2Fimg%2Favatars%2Fuser_shapes%2Fava_0008-72.png",
            "first_name": "",
            "real_name": "Antonio Linares",
            "display_name": "Antonio Linares",
            "team": "TJH5YU202",
            "name": "alinares",
            "is_restricted": false,
            "is_ultra_restricted": false
        }
    },
    {
        "client_msg_id": "2efc1bc7-3937-40ad-b8e9-7153a4e88a61",
        "type": "message",
        "text": "buenos dias :sunny:",
        "user": "UJN8D8U3B",
        "ts": "1563170904.131800",
        "team": "TJH5YU202",
        "user_team": "TJH5YU202",
        "source_team": "TJH5YU202",
        "user_profile": {
            "avatar_hash": "g92ad2abcc45",
            "image_72": "https:\/\/secure.gravatar.com\/avatar\/8492ad2abcc45ce53969adcf8420acde.jpg?s=72&d=https%3A%2F%2Fa.slack-edge.com%2F80588%2Fimg%2Favatars%2Fuser_shapes%2Fava_0008-72.png",
            "first_name": "",
            "real_name": "Antonio Linares",
            "display_name": "Antonio Linares",
            "team": "TJH5YU202",
            "name": "alinares",
            "is_restricted": false,
            "is_ultra_restricted": false
        }
    },
    {
        "client_msg_id": "3b4a9970-fb89-4cc9-9929-bb0a85cc2773",
        "type": "message",
        "text": "Egun on !!! :sunny:",
        "user": "UJK7SNX51",
        "ts": "1563171087.132200",
        "team": "TJH5YU202",
        "user_team": "TJH5YU202",
        "source_team": "TJH5YU202",
        "user_profile": {
            "avatar_hash": "6698a9ba696b",
            "image_72": "https:\/\/avatars.slack-edge.com\/2019-07-04\/673660529330_6698a9ba696bad01eb8c_72.jpg",
            "first_name": "Baxajaun",
            "real_name": "Baxajaun",
            "display_name": "Baxajaun",
            "team": "TJH5YU202",
            "name": "fpgrande",
            "is_restricted": false,
            "is_ultra_restricted": false
        }
    },
    {
        "client_msg_id": "c5ae8e62-dca7-4789-abb7-742d317f7894",
        "type": "message",
        "text": "good morning - AP_RPuts  - may I ask where I find documantation for this function",
        "user": "UJHD6A81H",
        "ts": "1563172142.133000",
        "team": "TJH5YU202",
        "user_team": "TJH5YU202",
        "source_team": "TJH5YU202",
        "user_profile": {
            "avatar_hash": "g6b8073e00e9",
            "image_72": "https:\/\/secure.gravatar.com\/avatar\/b96b8073e00e9eb02bcf05bc1418eb3a.jpg?s=72&d=https%3A%2F%2Fa.slack-edge.com%2F80588%2Fimg%2Favatars%2Fuser_shapes%2Fava_0021-72.png",
            "first_name": "Otto",
            "real_name": "Otto Atzwanger",
            "display_name": "Otto",
            "team": "TJH5YU202",
            "name": "otto",
            "is_restricted": false,
            "is_ultra_restricted": false
        }
    },
    {
        "client_msg_id": "47aead2f-b618-41e9-99df-86af78485acc",
        "type": "message",
        "text": "Dear Otto, AP_RPuts() is a wrapper to the Apache function ap_rputs()",
        "user": "UJN8D8U3B",
        "ts": "1563172529.133600",
        "team": "TJH5YU202",
        "user_team": "TJH5YU202",
        "source_team": "TJH5YU202",
        "user_profile": {
            "avatar_hash": "g92ad2abcc45",
            "image_72": "https:\/\/secure.gravatar.com\/avatar\/8492ad2abcc45ce53969adcf8420acde.jpg?s=72&d=https%3A%2F%2Fa.slack-edge.com%2F80588%2Fimg%2Favatars%2Fuser_shapes%2Fava_0008-72.png",
            "first_name": "",
            "real_name": "Antonio Linares",
            "display_name": "Antonio Linares",
            "team": "TJH5YU202",
            "name": "alinares",
            "is_restricted": false,
            "is_ultra_restricted": false
        }
    },
    {
        "client_msg_id": "59546a57-6909-4c15-9e92-5fd33098b993",
        "type": "message",
        "text": "<http:\/\/www.up-comp.com\/french\/ressources\/normes\/reseau\/apr\/ap_rputs\/index.html>",
        "user": "UJN8D8U3B",
        "ts": "1563172531.133800",
        "team": "TJH5YU202",
        "user_team": "TJH5YU202",
        "source_team": "TJH5YU202",
        "user_profile": {
            "avatar_hash": "g92ad2abcc45",
            "image_72": "https:\/\/secure.gravatar.com\/avatar\/8492ad2abcc45ce53969adcf8420acde.jpg?s=72&d=https%3A%2F%2Fa.slack-edge.com%2F80588%2Fimg%2Favatars%2Fuser_shapes%2Fava_0008-72.png",
            "first_name": "",
            "real_name": "Antonio Linares",
            "display_name": "Antonio Linares",
            "team": "TJH5YU202",
            "name": "alinares",
            "is_restricted": false,
            "is_ultra_restricted": false
        },
        "attachments": [
            {
                "text": "ap_rputs",
                "fallback": "ap_rputs",
                "from_url": "http:\/\/www.up-comp.com\/french\/ressources\/normes\/reseau\/apr\/ap_rputs\/index.html",
                "service_icon": "http:\/\/www.up-comp.com\/favicon.ico",
                "service_name": "up-comp.com",
                "id": 1,
                "original_url": "http:\/\/www.up-comp.com\/french\/ressources\/normes\/reseau\/apr\/ap_rputs\/index.html"
            }
        ]
    },
    {
        "client_msg_id": "6b66e2a8-be9c-40d5-9e47-d6a0d45e5c76",
        "type": "message",
        "text": "but there is no need to provide the handle request_rec *RequeteApache as we automatically provide it from mod_harbour",
        "user": "UJN8D8U3B",
        "ts": "1563172566.134600",
        "team": "TJH5YU202",
        "user_team": "TJH5YU202",
        "source_team": "TJH5YU202",
        "user_profile": {
            "avatar_hash": "g92ad2abcc45",
            "image_72": "https:\/\/secure.gravatar.com\/avatar\/8492ad2abcc45ce53969adcf8420acde.jpg?s=72&d=https%3A%2F%2Fa.slack-edge.com%2F80588%2Fimg%2Favatars%2Fuser_shapes%2Fava_0008-72.png",
            "first_name": "",
            "real_name": "Antonio Linares",
            "display_name": "Antonio Linares",
            "team": "TJH5YU202",
            "name": "alinares",
            "is_restricted": false,
            "is_ultra_restricted": false
        }
    },
    {
        "client_msg_id": "bf4fe943-24a2-4182-83c3-dacb0ace1a8c",
        "type": "message",
        "text": "wrapper source code is availble in apache.prg in mod_harbour repo",
        "user": "UJN8D8U3B",
        "ts": "1563172628.135000",
        "team": "TJH5YU202",
        "user_team": "TJH5YU202",
        "source_team": "TJH5YU202",
        "user_profile": {
            "avatar_hash": "g92ad2abcc45",
            "image_72": "https:\/\/secure.gravatar.com\/avatar\/8492ad2abcc45ce53969adcf8420acde.jpg?s=72&d=https%3A%2F%2Fa.slack-edge.com%2F80588%2Fimg%2Favatars%2Fuser_shapes%2Fava_0008-72.png",
            "first_name": "",
            "real_name": "Antonio Linares",
            "display_name": "Antonio Linares",
            "team": "TJH5YU202",
            "name": "alinares",
            "is_restricted": false,
            "is_ultra_restricted": false
        }
    },
    {
        "client_msg_id": "2e667f28-c267-467f-a692-c39f21dafd10",
        "type": "message",
        "text": "HB_FUNC( AP_RPUTS )\n{\n   AP_RPUTS ap_rputs = ( AP_RPUTS ) pAPRPuts;\n   int iParams = hb_pcount(), iParam;\n\n   for( iParam = 1; iParam &lt;= iParams; iParam++ )\n   {\n      HB_SIZE nLen;\n      HB_BOOL bFreeReq;\n      char * buffer = hb_itemString( hb_param( iParam, HB_IT_ANY ), &amp;nLen, &amp;bFreeReq );\n\n      ap_rputs( buffer, pRequestRec );\n      ap_rputs( \" \", pRequestRec );\n\n      if( bFreeReq )\n         hb_xfree( buffer );\n   }\n}",
        "user": "UJN8D8U3B",
        "ts": "1563172631.135200",
        "team": "TJH5YU202",
        "user_team": "TJH5YU202",
        "source_team": "TJH5YU202",
        "user_profile": {
            "avatar_hash": "g92ad2abcc45",
            "image_72": "https:\/\/secure.gravatar.com\/avatar\/8492ad2abcc45ce53969adcf8420acde.jpg?s=72&d=https%3A%2F%2Fa.slack-edge.com%2F80588%2Fimg%2Favatars%2Fuser_shapes%2Fava_0008-72.png",
            "first_name": "",
            "real_name": "Antonio Linares",
            "display_name": "Antonio Linares",
            "team": "TJH5YU202",
            "name": "alinares",
            "is_restricted": false,
            "is_ultra_restricted": false
        }
    },
    {
        "client_msg_id": "e96f67b1-91a7-4880-b5ea-578b809d1b3c",
        "type": "message",
        "text": "mod_harbour AP_RPuts() automatically converts the values into strings",
        "user": "UJN8D8U3B",
        "ts": "1563172666.135900",
        "team": "TJH5YU202",
        "user_team": "TJH5YU202",
        "source_team": "TJH5YU202",
        "user_profile": {
            "avatar_hash": "g92ad2abcc45",
            "image_72": "https:\/\/secure.gravatar.com\/avatar\/8492ad2abcc45ce53969adcf8420acde.jpg?s=72&d=https%3A%2F%2Fa.slack-edge.com%2F80588%2Fimg%2Favatars%2Fuser_shapes%2Fava_0008-72.png",
            "first_name": "",
            "real_name": "Antonio Linares",
            "display_name": "Antonio Linares",
            "team": "TJH5YU202",
            "name": "alinares",
            "is_restricted": false,
            "is_ultra_restricted": false
        }
    }
]