[
    {
        "client_msg_id": "3a77f00a-791f-4542-bfa2-dac2a7e3c61f",
        "type": "message",
        "text": "Alguien sabe como crear anuncios aqui en slack ?",
        "user": "UJWR5N32S",
        "ts": "1562317112.331300",
        "team": "TJH5YU202",
        "user_team": "TJH5YU202",
        "source_team": "TJH5YU202",
        "user_profile": {
            "avatar_hash": "273d3745f7ae",
            "image_72": "https:\/\/avatars.slack-edge.com\/2019-05-20\/634344238497_273d3745f7ae1b176b82_72.jpg",
            "first_name": "Charly",
            "real_name": "Charly",
            "display_name": "Charly",
            "team": "TJH5YU202",
            "name": "carles9000",
            "is_restricted": false,
            "is_ultra_restricted": false
        }
    },
    {
        "client_msg_id": "3551360d-5836-4463-831f-9f51b00489e7",
        "type": "message",
        "text": "<https:\/\/get.slack.help\/hc\/es\/articles\/202009646-Cómo-notificar-a-un-canal-o-espacio-de-trabajo>",
        "user": "UJK7SNX51",
        "ts": "1562317192.331500",
        "team": "TJH5YU202",
        "user_team": "TJH5YU202",
        "source_team": "TJH5YU202",
        "user_profile": {
            "avatar_hash": "6698a9ba696b",
            "image_72": "https:\/\/avatars.slack-edge.com\/2019-07-04\/673660529330_6698a9ba696bad01eb8c_72.jpg",
            "first_name": "Baxajaun",
            "real_name": "Baxajaun",
            "display_name": "Baxajaun",
            "team": "TJH5YU202",
            "name": "fpgrande",
            "is_restricted": false,
            "is_ultra_restricted": false
        },
        "attachments": [
            {
                "service_name": "Slack",
                "title": "Cómo notificar a un canal o espacio de trabajo",
                "title_link": "https:\/\/get.slack.help\/hc\/es\/articles\/202009646-Cómo-notificar-a-un-canal-o-espacio-de-trabajo",
                "text": "En función de a cuántas personas necesites avisar, dispones de varias opciones para hacer un anuncio en Slack. :mega: Aspectos básicos @aquí envía notificaciones solo a los miembros activos de un cana...",
                "fallback": "Slack: Cómo notificar a un canal o espacio de trabajo",
                "from_url": "https:\/\/get.slack.help\/hc\/es\/articles\/202009646-Cómo-notificar-a-un-canal-o-espacio-de-trabajo",
                "thumb_url": "https:\/\/theme.zdassets.com\/theme_assets\/138842\/cb1a08fa34d208bebf6a03eb681ee12c4dea4b74.png",
                "thumb_width": 192,
                "thumb_height": 192,
                "service_icon": "http:\/\/theme.zdassets.com\/theme_assets\/138842\/58155410879c22113e327848a76177c77668ebcc.png",
                "id": 1,
                "original_url": "https:\/\/get.slack.help\/hc\/es\/articles\/202009646-Cómo-notificar-a-un-canal-o-espacio-de-trabajo"
            }
        ]
    },
    {
        "client_msg_id": "d15a27ca-8deb-4e5b-bec8-8b1a8509c89b",
        "type": "message",
        "text": "Gracias Felix, me lo miro",
        "user": "UJWR5N32S",
        "ts": "1562317273.331900",
        "team": "TJH5YU202",
        "user_team": "TJH5YU202",
        "source_team": "TJH5YU202",
        "user_profile": {
            "avatar_hash": "273d3745f7ae",
            "image_72": "https:\/\/avatars.slack-edge.com\/2019-05-20\/634344238497_273d3745f7ae1b176b82_72.jpg",
            "first_name": "Charly",
            "real_name": "Charly",
            "display_name": "Charly",
            "team": "TJH5YU202",
            "name": "carles9000",
            "is_restricted": false,
            "is_ultra_restricted": false
        }
    },
    {
        "type": "message",
        "text": "Félix, qué buen dibujante eres... felicidades",
        "files": [
            {
                "id": "FKU8JCKR8",
                "created": 1562317775,
                "timestamp": 1562317775,
                "name": "image.png",
                "title": "image.png",
                "mimetype": "image\/png",
                "filetype": "png",
                "pretty_type": "PNG",
                "user": "UJULQCHL5",
                "editable": false,
                "size": 280631,
                "mode": "hosted",
                "is_external": false,
                "external_type": "",
                "is_public": true,
                "public_url_shared": false,
                "display_as_bot": false,
                "username": "",
                "url_private": "https:\/\/files.slack.com\/files-pri\/TJH5YU202-FKU8JCKR8\/image.png?t=xoxe-629202954002-776688371669-763909703378-01ffaa4c4eeda75ea92ad255b32a04e5",
                "url_private_download": "https:\/\/files.slack.com\/files-pri\/TJH5YU202-FKU8JCKR8\/download\/image.png?t=xoxe-629202954002-776688371669-763909703378-01ffaa4c4eeda75ea92ad255b32a04e5",
                "thumb_64": "https:\/\/files.slack.com\/files-tmb\/TJH5YU202-FKU8JCKR8-5780101bed\/image_64.png?t=xoxe-629202954002-776688371669-763909703378-01ffaa4c4eeda75ea92ad255b32a04e5",
                "thumb_80": "https:\/\/files.slack.com\/files-tmb\/TJH5YU202-FKU8JCKR8-5780101bed\/image_80.png?t=xoxe-629202954002-776688371669-763909703378-01ffaa4c4eeda75ea92ad255b32a04e5",
                "thumb_360": "https:\/\/files.slack.com\/files-tmb\/TJH5YU202-FKU8JCKR8-5780101bed\/image_360.png?t=xoxe-629202954002-776688371669-763909703378-01ffaa4c4eeda75ea92ad255b32a04e5",
                "thumb_360_w": 360,
                "thumb_360_h": 351,
                "thumb_160": "https:\/\/files.slack.com\/files-tmb\/TJH5YU202-FKU8JCKR8-5780101bed\/image_160.png?t=xoxe-629202954002-776688371669-763909703378-01ffaa4c4eeda75ea92ad255b32a04e5",
                "image_exif_rotation": 1,
                "original_w": 419,
                "original_h": 408,
                "permalink": "https:\/\/harbourproject.slack.com\/files\/UJULQCHL5\/FKU8JCKR8\/image.png",
                "permalink_public": "https:\/\/slack-files.com\/TJH5YU202-FKU8JCKR8-8b42fcb13a",
                "is_starred": false,
                "has_rich_preview": false
            }
        ],
        "upload": true,
        "user": "UJULQCHL5",
        "display_as_bot": false,
        "ts": "1562317777.332300",
        "client_msg_id": "cf36b693-3aa2-4970-9700-a003e84f1fa1"
    },
    {
        "client_msg_id": "4514b7f6-ecde-4376-9949-2f17d48fb898",
        "type": "message",
        "text": "Salgo muy favorecido :wink:",
        "user": "UJK7SNX51",
        "ts": "1562319071.332800",
        "team": "TJH5YU202",
        "user_team": "TJH5YU202",
        "source_team": "TJH5YU202",
        "user_profile": {
            "avatar_hash": "6698a9ba696b",
            "image_72": "https:\/\/avatars.slack-edge.com\/2019-07-04\/673660529330_6698a9ba696bad01eb8c_72.jpg",
            "first_name": "Baxajaun",
            "real_name": "Baxajaun",
            "display_name": "Baxajaun",
            "team": "TJH5YU202",
            "name": "fpgrande",
            "is_restricted": false,
            "is_ultra_restricted": false
        }
    },
    {
        "client_msg_id": "2db3706a-a616-4db8-af26-66bc6a5df64f",
        "type": "message",
        "text": "Ya lo siento, pero la imagen no es mía, la pillé en Google.",
        "user": "UJK7SNX51",
        "ts": "1562319127.333400",
        "team": "TJH5YU202",
        "user_team": "TJH5YU202",
        "source_team": "TJH5YU202",
        "user_profile": {
            "avatar_hash": "6698a9ba696b",
            "image_72": "https:\/\/avatars.slack-edge.com\/2019-07-04\/673660529330_6698a9ba696bad01eb8c_72.jpg",
            "first_name": "Baxajaun",
            "real_name": "Baxajaun",
            "display_name": "Baxajaun",
            "team": "TJH5YU202",
            "name": "fpgrande",
            "is_restricted": false,
            "is_ultra_restricted": false
        }
    },
    {
        "client_msg_id": "4c36a2a5-6307-434d-942c-a9cb38c7ef46",
        "type": "message",
        "text": "jajajaja... ya leí... es un abominable hombre de las nieves local que teneis por ahí...\n¡ Cuidado con las leyendas que casi siempre son verdad !\nBueno... si apareciera se le invita a un txakolin y haciendo amigos... que es lo mejor..",
        "user": "UJULQCHL5",
        "ts": "1562319973.335000",
        "team": "TJH5YU202",
        "user_team": "TJH5YU202",
        "source_team": "TJH5YU202",
        "user_profile": {
            "avatar_hash": "g7659142325a",
            "image_72": "https:\/\/secure.gravatar.com\/avatar\/c87659142325a3facb661d85281ec091.jpg?s=72&d=https%3A%2F%2Fa.slack-edge.com%2F80588%2Fimg%2Favatars%2Fuser_shapes%2Fava_0003-72.png",
            "first_name": "",
            "real_name": "Paquito",
            "display_name": "Paquito",
            "team": "TJH5YU202",
            "name": "hmpaquito",
            "is_restricted": false,
            "is_ultra_restricted": false
        }
    },
    {
        "client_msg_id": "f448843c-fdca-4dd9-add7-8af0004fb4f6",
        "type": "message",
        "text": "Nos vamos de poteo y arreglado queda la cosa ...",
        "user": "UJK7SNX51",
        "ts": "1562320424.335400",
        "team": "TJH5YU202",
        "user_team": "TJH5YU202",
        "source_team": "TJH5YU202",
        "user_profile": {
            "avatar_hash": "6698a9ba696b",
            "image_72": "https:\/\/avatars.slack-edge.com\/2019-07-04\/673660529330_6698a9ba696bad01eb8c_72.jpg",
            "first_name": "Baxajaun",
            "real_name": "Baxajaun",
            "display_name": "Baxajaun",
            "team": "TJH5YU202",
            "name": "fpgrande",
            "is_restricted": false,
            "is_ultra_restricted": false
        }
    },
    {
        "type": "message",
        "text": "",
        "files": [
            {
                "id": "FKUAFKF7V",
                "created": 1562321062,
                "timestamp": 1562321062,
                "name": "image.png",
                "title": "image.png",
                "mimetype": "image\/png",
                "filetype": "png",
                "pretty_type": "PNG",
                "user": "UJN8D8U3B",
                "editable": false,
                "size": 890463,
                "mode": "hosted",
                "is_external": false,
                "external_type": "",
                "is_public": true,
                "public_url_shared": false,
                "display_as_bot": false,
                "username": "",
                "url_private": "https:\/\/files.slack.com\/files-pri\/TJH5YU202-FKUAFKF7V\/image.png?t=xoxe-629202954002-776688371669-763909703378-01ffaa4c4eeda75ea92ad255b32a04e5",
                "url_private_download": "https:\/\/files.slack.com\/files-pri\/TJH5YU202-FKUAFKF7V\/download\/image.png?t=xoxe-629202954002-776688371669-763909703378-01ffaa4c4eeda75ea92ad255b32a04e5",
                "thumb_64": "https:\/\/files.slack.com\/files-tmb\/TJH5YU202-FKUAFKF7V-a6ed03d809\/image_64.png?t=xoxe-629202954002-776688371669-763909703378-01ffaa4c4eeda75ea92ad255b32a04e5",
                "thumb_80": "https:\/\/files.slack.com\/files-tmb\/TJH5YU202-FKUAFKF7V-a6ed03d809\/image_80.png?t=xoxe-629202954002-776688371669-763909703378-01ffaa4c4eeda75ea92ad255b32a04e5",
                "thumb_360": "https:\/\/files.slack.com\/files-tmb\/TJH5YU202-FKUAFKF7V-a6ed03d809\/image_360.png?t=xoxe-629202954002-776688371669-763909703378-01ffaa4c4eeda75ea92ad255b32a04e5",
                "thumb_360_w": 360,
                "thumb_360_h": 300,
                "thumb_480": "https:\/\/files.slack.com\/files-tmb\/TJH5YU202-FKUAFKF7V-a6ed03d809\/image_480.png?t=xoxe-629202954002-776688371669-763909703378-01ffaa4c4eeda75ea92ad255b32a04e5",
                "thumb_480_w": 480,
                "thumb_480_h": 401,
                "thumb_160": "https:\/\/files.slack.com\/files-tmb\/TJH5YU202-FKUAFKF7V-a6ed03d809\/image_160.png?t=xoxe-629202954002-776688371669-763909703378-01ffaa4c4eeda75ea92ad255b32a04e5",
                "thumb_720": "https:\/\/files.slack.com\/files-tmb\/TJH5YU202-FKUAFKF7V-a6ed03d809\/image_720.png?t=xoxe-629202954002-776688371669-763909703378-01ffaa4c4eeda75ea92ad255b32a04e5",
                "thumb_720_w": 720,
                "thumb_720_h": 601,
                "thumb_800": "https:\/\/files.slack.com\/files-tmb\/TJH5YU202-FKUAFKF7V-a6ed03d809\/image_800.png?t=xoxe-629202954002-776688371669-763909703378-01ffaa4c4eeda75ea92ad255b32a04e5",
                "thumb_800_w": 800,
                "thumb_800_h": 668,
                "thumb_960": "https:\/\/files.slack.com\/files-tmb\/TJH5YU202-FKUAFKF7V-a6ed03d809\/image_960.png?t=xoxe-629202954002-776688371669-763909703378-01ffaa4c4eeda75ea92ad255b32a04e5",
                "thumb_960_w": 960,
                "thumb_960_h": 801,
                "thumb_1024": "https:\/\/files.slack.com\/files-tmb\/TJH5YU202-FKUAFKF7V-a6ed03d809\/image_1024.png?t=xoxe-629202954002-776688371669-763909703378-01ffaa4c4eeda75ea92ad255b32a04e5",
                "thumb_1024_w": 1024,
                "thumb_1024_h": 854,
                "image_exif_rotation": 1,
                "original_w": 1600,
                "original_h": 1335,
                "permalink": "https:\/\/harbourproject.slack.com\/files\/UJN8D8U3B\/FKUAFKF7V\/image.png",
                "permalink_public": "https:\/\/slack-files.com\/TJH5YU202-FKUAFKF7V-c887c68403",
                "is_starred": false,
                "has_rich_preview": false
            }
        ],
        "upload": true,
        "user": "UJN8D8U3B",
        "display_as_bot": false,
        "ts": "1562321066.335500",
        "client_msg_id": "5e7a7679-e358-4e1c-921b-32cba2a7ab29"
    },
    {
        "client_msg_id": "9feced84-069f-468b-adac-06812ca068d8",
        "type": "message",
        "text": "Bueno... a ver",
        "user": "UJWR5N32S",
        "ts": "1562347231.335900",
        "team": "TJH5YU202",
        "user_team": "TJH5YU202",
        "source_team": "TJH5YU202",
        "user_profile": {
            "avatar_hash": "273d3745f7ae",
            "image_72": "https:\/\/avatars.slack-edge.com\/2019-05-20\/634344238497_273d3745f7ae1b176b82_72.jpg",
            "first_name": "Charly",
            "real_name": "Charly",
            "display_name": "Charly",
            "team": "TJH5YU202",
            "name": "carles9000",
            "is_restricted": false,
            "is_ultra_restricted": false
        }
    },
    {
        "client_msg_id": "6bfd7a80-7530-456a-95b0-2006f2eb57a2",
        "type": "message",
        "text": "muy buena la charla,  gracias a todos",
        "user": "UK28N3CER",
        "ts": "1562347265.336600",
        "team": "TJH5YU202",
        "user_team": "TJH5YU202",
        "source_team": "TJH5YU202",
        "user_profile": {
            "avatar_hash": "3fec6e3393a8",
            "image_72": "https:\/\/avatars.slack-edge.com\/2019-08-17\/723363154273_3fec6e3393a86fb3e470_72.jpg",
            "first_name": "",
            "real_name": "Cesar SysCtrl Software",
            "display_name": "Cesar SysCtrl Software",
            "team": "TJH5YU202",
            "name": "sysctrlsoftware",
            "is_restricted": false,
            "is_ultra_restricted": false
        }
    },
    {
        "client_msg_id": "daac23c2-4e4e-44d6-8861-db32de1b9c6b",
        "type": "message",
        "text": "La demo que hemos vista de  la base del MVC con el mod esta en  <https:\/\/github.com\/carles9000\/mvc_base>",
        "user": "UJWR5N32S",
        "ts": "1562347279.336800",
        "team": "TJH5YU202",
        "user_team": "TJH5YU202",
        "source_team": "TJH5YU202",
        "user_profile": {
            "avatar_hash": "273d3745f7ae",
            "image_72": "https:\/\/avatars.slack-edge.com\/2019-05-20\/634344238497_273d3745f7ae1b176b82_72.jpg",
            "first_name": "Charly",
            "real_name": "Charly",
            "display_name": "Charly",
            "team": "TJH5YU202",
            "name": "carles9000",
            "is_restricted": false,
            "is_ultra_restricted": false
        },
        "attachments": [
            {
                "service_name": "GitHub",
                "title": "carles9000\/mvc_base",
                "title_link": "https:\/\/github.com\/carles9000\/mvc_base",
                "text": "Ejemplo base de MVC. Contribute to carles9000\/mvc_base development by creating an account on GitHub.",
                "fallback": "GitHub: carles9000\/mvc_base",
                "thumb_url": "https:\/\/avatars3.githubusercontent.com\/u\/13433884?s=400&v=4",
                "from_url": "https:\/\/github.com\/carles9000\/mvc_base",
                "thumb_width": 170,
                "thumb_height": 170,
                "service_icon": "https:\/\/a.slack-edge.com\/bfaba\/img\/unfurl_icons\/github.png",
                "id": 1,
                "original_url": "https:\/\/github.com\/carles9000\/mvc_base"
            }
        ]
    },
    {
        "client_msg_id": "d892a82d-e182-4b21-b90b-fcb07110172c",
        "type": "message",
        "text": "y todo lo visto aplicado en un punto mas de nivel esta en el notes <https:\/\/github.com\/carles9000\/mvc_notes>",
        "user": "UJWR5N32S",
        "ts": "1562347318.337500",
        "team": "TJH5YU202",
        "user_team": "TJH5YU202",
        "source_team": "TJH5YU202",
        "user_profile": {
            "avatar_hash": "273d3745f7ae",
            "image_72": "https:\/\/avatars.slack-edge.com\/2019-05-20\/634344238497_273d3745f7ae1b176b82_72.jpg",
            "first_name": "Charly",
            "real_name": "Charly",
            "display_name": "Charly",
            "team": "TJH5YU202",
            "name": "carles9000",
            "is_restricted": false,
            "is_ultra_restricted": false
        },
        "attachments": [
            {
                "service_name": "GitHub",
                "title": "carles9000\/mvc_notes",
                "title_link": "https:\/\/github.com\/carles9000\/mvc_notes",
                "text": "Ejemplo CRUD estilo Laravel. Contribute to carles9000\/mvc_notes development by creating an account on GitHub.",
                "fallback": "GitHub: carles9000\/mvc_notes",
                "thumb_url": "https:\/\/avatars3.githubusercontent.com\/u\/13433884?s=400&v=4",
                "from_url": "https:\/\/github.com\/carles9000\/mvc_notes",
                "thumb_width": 170,
                "thumb_height": 170,
                "service_icon": "https:\/\/a.slack-edge.com\/bfaba\/img\/unfurl_icons\/github.png",
                "id": 1,
                "original_url": "https:\/\/github.com\/carles9000\/mvc_notes"
            }
        ]
    },
    {
        "client_msg_id": "4db2d0e9-a4d2-4bee-b827-84d21f491d9a",
        "type": "message",
        "text": "Acordaros de ajustar el path en el .htaccess",
        "user": "UJWR5N32S",
        "ts": "1562347336.338000",
        "team": "TJH5YU202",
        "user_team": "TJH5YU202",
        "source_team": "TJH5YU202",
        "user_profile": {
            "avatar_hash": "273d3745f7ae",
            "image_72": "https:\/\/avatars.slack-edge.com\/2019-05-20\/634344238497_273d3745f7ae1b176b82_72.jpg",
            "first_name": "Charly",
            "real_name": "Charly",
            "display_name": "Charly",
            "team": "TJH5YU202",
            "name": "carles9000",
            "is_restricted": false,
            "is_ultra_restricted": false
        }
    },
    {
        "client_msg_id": "61e13fcd-6a41-4db2-a0b1-4ad1e3a61983",
        "type": "message",
        "text": "Un placer habernos reunido y \"petar\" la charla :slightly_smiling_face:",
        "user": "UJWR5N32S",
        "ts": "1562347358.338400",
        "team": "TJH5YU202",
        "user_team": "TJH5YU202",
        "source_team": "TJH5YU202",
        "user_profile": {
            "avatar_hash": "273d3745f7ae",
            "image_72": "https:\/\/avatars.slack-edge.com\/2019-05-20\/634344238497_273d3745f7ae1b176b82_72.jpg",
            "first_name": "Charly",
            "real_name": "Charly",
            "display_name": "Charly",
            "team": "TJH5YU202",
            "name": "carles9000",
            "is_restricted": false,
            "is_ultra_restricted": false
        },
        "reactions": [
            {
                "name": "+1",
                "users": [
                    "UJJNSR2V8"
                ],
                "count": 1
            }
        ]
    },
    {
        "client_msg_id": "0489ef90-2394-4bf2-be35-fb39698cda88",
        "type": "message",
        "text": ":+1:",
        "user": "UJWR5N32S",
        "ts": "1562347372.338700",
        "team": "TJH5YU202",
        "user_team": "TJH5YU202",
        "source_team": "TJH5YU202",
        "user_profile": {
            "avatar_hash": "273d3745f7ae",
            "image_72": "https:\/\/avatars.slack-edge.com\/2019-05-20\/634344238497_273d3745f7ae1b176b82_72.jpg",
            "first_name": "Charly",
            "real_name": "Charly",
            "display_name": "Charly",
            "team": "TJH5YU202",
            "name": "carles9000",
            "is_restricted": false,
            "is_ultra_restricted": false
        }
    },
    {
        "client_msg_id": "2239f383-c0cf-4c8c-ad7d-3d655956cec7",
        "type": "message",
        "text": "muchas gracias Charly, Antonio Cristobal y a todos lo que estuvieron en la reunión.",
        "user": "UJUFNFMFE",
        "ts": "1562347416.339400",
        "team": "TJH5YU202",
        "user_team": "TJH5YU202",
        "source_team": "TJH5YU202",
        "user_profile": {
            "avatar_hash": "aa4e40c137f0",
            "image_72": "https:\/\/avatars.slack-edge.com\/2019-05-21\/630419446595_aa4e40c137f03c23b9cd_72.jpg",
            "first_name": "Marcelo",
            "real_name": "Marcelo Roggeri",
            "display_name": "Marcelo Roggeri",
            "team": "TJH5YU202",
            "name": "roggerimarcelo",
            "is_restricted": false,
            "is_ultra_restricted": false
        }
    },
    {
        "client_msg_id": "1f677212-59f3-4128-944f-bb7f059eca72",
        "type": "message",
        "text": ":+1:",
        "user": "UK28N3CER",
        "ts": "1562347460.339600",
        "team": "TJH5YU202",
        "user_team": "TJH5YU202",
        "source_team": "TJH5YU202",
        "user_profile": {
            "avatar_hash": "3fec6e3393a8",
            "image_72": "https:\/\/avatars.slack-edge.com\/2019-08-17\/723363154273_3fec6e3393a86fb3e470_72.jpg",
            "first_name": "",
            "real_name": "Cesar SysCtrl Software",
            "display_name": "Cesar SysCtrl Software",
            "team": "TJH5YU202",
            "name": "sysctrlsoftware",
            "is_restricted": false,
            "is_ultra_restricted": false
        }
    },
    {
        "client_msg_id": "8883bfca-b869-4c1f-9bb4-5a7e217c16cf",
        "type": "message",
        "text": "Charly, muy bien explicado. gracias.",
        "user": "UK28N3CER",
        "ts": "1562347565.340000",
        "team": "TJH5YU202",
        "user_team": "TJH5YU202",
        "source_team": "TJH5YU202",
        "user_profile": {
            "avatar_hash": "3fec6e3393a8",
            "image_72": "https:\/\/avatars.slack-edge.com\/2019-08-17\/723363154273_3fec6e3393a86fb3e470_72.jpg",
            "first_name": "",
            "real_name": "Cesar SysCtrl Software",
            "display_name": "Cesar SysCtrl Software",
            "team": "TJH5YU202",
            "name": "sysctrlsoftware",
            "is_restricted": false,
            "is_ultra_restricted": false
        }
    },
    {
        "client_msg_id": "76bb208b-61a2-4748-8c00-49d9d7ef26af",
        "type": "message",
        "text": "Buenas tardes ! Al final he salido de compras con la familia y no he podido asistir al encuentro. Otra vez será, muchas gracias a todos los que lo habéis hecho posible.",
        "user": "UJK7SNX51",
        "ts": "1562351490.341400",
        "team": "TJH5YU202",
        "user_team": "TJH5YU202",
        "source_team": "TJH5YU202",
        "user_profile": {
            "avatar_hash": "6698a9ba696b",
            "image_72": "https:\/\/avatars.slack-edge.com\/2019-07-04\/673660529330_6698a9ba696bad01eb8c_72.jpg",
            "first_name": "Baxajaun",
            "real_name": "Baxajaun",
            "display_name": "Baxajaun",
            "team": "TJH5YU202",
            "name": "fpgrande",
            "is_restricted": false,
            "is_ultra_restricted": false
        }
    },
    {
        "client_msg_id": "b21076ff-1c9d-4079-a3ca-c974621176fb",
        "type": "message",
        "text": "en el grupo de skype esta el video que grabó Xavi",
        "user": "UK28N3CER",
        "ts": "1562354326.341900",
        "team": "TJH5YU202",
        "user_team": "TJH5YU202",
        "source_team": "TJH5YU202",
        "user_profile": {
            "avatar_hash": "3fec6e3393a8",
            "image_72": "https:\/\/avatars.slack-edge.com\/2019-08-17\/723363154273_3fec6e3393a86fb3e470_72.jpg",
            "first_name": "",
            "real_name": "Cesar SysCtrl Software",
            "display_name": "Cesar SysCtrl Software",
            "team": "TJH5YU202",
            "name": "sysctrlsoftware",
            "is_restricted": false,
            "is_ultra_restricted": false
        }
    },
    {
        "client_msg_id": "5dba426e-3d84-45b4-a677-e0d2e3d0cfcf",
        "type": "message",
        "text": "Charly ya probando y funcionando los ejemplos que compartiste. ahora solo queda hacer nuestras modificaciones para ir asimilando los conceptos del MVC",
        "user": "UJUFNFMFE",
        "ts": "1562354581.342900",
        "team": "TJH5YU202",
        "user_team": "TJH5YU202",
        "source_team": "TJH5YU202",
        "user_profile": {
            "avatar_hash": "aa4e40c137f0",
            "image_72": "https:\/\/avatars.slack-edge.com\/2019-05-21\/630419446595_aa4e40c137f03c23b9cd_72.jpg",
            "first_name": "Marcelo",
            "real_name": "Marcelo Roggeri",
            "display_name": "Marcelo Roggeri",
            "team": "TJH5YU202",
            "name": "roggerimarcelo",
            "is_restricted": false,
            "is_ultra_restricted": false
        }
    },
    {
        "client_msg_id": "99db3763-d813-4c51-82a1-b5b7f4ed1c82",
        "type": "message",
        "text": "Hola",
        "user": "UJHD0S3FU",
        "ts": "1562355839.343100",
        "team": "TJH5YU202",
        "user_team": "TJH5YU202",
        "source_team": "TJH5YU202",
        "user_profile": {
            "avatar_hash": "g898e9aea99f",
            "image_72": "https:\/\/secure.gravatar.com\/avatar\/f7898e9aea99f9242be03d2d256020d9.jpg?s=72&d=https%3A%2F%2Fa.slack-edge.com%2F80588%2Fimg%2Favatars%2Fuser_shapes%2Fava_0021-72.png",
            "first_name": "",
            "real_name": "Azul Martin",
            "display_name": "Azul Martin",
            "team": "TJH5YU202",
            "name": "azulmartin2000",
            "is_restricted": false,
            "is_ultra_restricted": false
        }
    },
    {
        "client_msg_id": "7fe4e333-9572-4719-ae10-13acabfc83c7",
        "type": "message",
        "text": "será posible ue compartan el video de la reunion por este medio ?",
        "user": "UJHD0S3FU",
        "ts": "1562355859.343600",
        "team": "TJH5YU202",
        "user_team": "TJH5YU202",
        "source_team": "TJH5YU202",
        "user_profile": {
            "avatar_hash": "g898e9aea99f",
            "image_72": "https:\/\/secure.gravatar.com\/avatar\/f7898e9aea99f9242be03d2d256020d9.jpg?s=72&d=https%3A%2F%2Fa.slack-edge.com%2F80588%2Fimg%2Favatars%2Fuser_shapes%2Fava_0021-72.png",
            "first_name": "",
            "real_name": "Azul Martin",
            "display_name": "Azul Martin",
            "team": "TJH5YU202",
            "name": "azulmartin2000",
            "is_restricted": false,
            "is_ultra_restricted": false
        }
    },
    {
        "client_msg_id": "b8563952-2231-418f-b8b4-9581af980f20",
        "type": "message",
        "text": "Si, Xevi ha grabado la sesión completa",
        "user": "UJN8D8U3B",
        "ts": "1562357107.343900",
        "team": "TJH5YU202",
        "user_team": "TJH5YU202",
        "source_team": "TJH5YU202",
        "user_profile": {
            "avatar_hash": "g92ad2abcc45",
            "image_72": "https:\/\/secure.gravatar.com\/avatar\/8492ad2abcc45ce53969adcf8420acde.jpg?s=72&d=https%3A%2F%2Fa.slack-edge.com%2F80588%2Fimg%2Favatars%2Fuser_shapes%2Fava_0008-72.png",
            "first_name": "",
            "real_name": "Antonio Linares",
            "display_name": "Antonio Linares",
            "team": "TJH5YU202",
            "name": "alinares",
            "is_restricted": false,
            "is_ultra_restricted": false
        }
    },
    {
        "client_msg_id": "81e40c65-898f-4511-84b7-a639ae475a2c",
        "type": "message",
        "text": "asi que lo antes posible estará disponible :slightly_smiling_face:",
        "user": "UJN8D8U3B",
        "ts": "1562357123.344300",
        "team": "TJH5YU202",
        "user_team": "TJH5YU202",
        "source_team": "TJH5YU202",
        "user_profile": {
            "avatar_hash": "g92ad2abcc45",
            "image_72": "https:\/\/secure.gravatar.com\/avatar\/8492ad2abcc45ce53969adcf8420acde.jpg?s=72&d=https%3A%2F%2Fa.slack-edge.com%2F80588%2Fimg%2Favatars%2Fuser_shapes%2Fava_0008-72.png",
            "first_name": "",
            "real_name": "Antonio Linares",
            "display_name": "Antonio Linares",
            "team": "TJH5YU202",
            "name": "alinares",
            "is_restricted": false,
            "is_ultra_restricted": false
        }
    },
    {
        "client_msg_id": "8ae35d28-a11c-42e9-a867-27ba932e40b5",
        "type": "message",
        "text": "Egun on !!! :slightly_smiling_face:",
        "user": "UJWR5N32S",
        "ts": "1562392942.345300",
        "team": "TJH5YU202",
        "user_team": "TJH5YU202",
        "source_team": "TJH5YU202",
        "user_profile": {
            "avatar_hash": "273d3745f7ae",
            "image_72": "https:\/\/avatars.slack-edge.com\/2019-05-20\/634344238497_273d3745f7ae1b176b82_72.jpg",
            "first_name": "Charly",
            "real_name": "Charly",
            "display_name": "Charly",
            "team": "TJH5YU202",
            "name": "carles9000",
            "is_restricted": false,
            "is_ultra_restricted": false
        }
    },
    {
        "client_msg_id": "c9ebef0d-065c-4c4c-957c-146b2c046827",
        "type": "message",
        "text": "Felix, la proxima pronto :wink:",
        "user": "UJWR5N32S",
        "ts": "1562392969.345800",
        "team": "TJH5YU202",
        "user_team": "TJH5YU202",
        "source_team": "TJH5YU202",
        "user_profile": {
            "avatar_hash": "273d3745f7ae",
            "image_72": "https:\/\/avatars.slack-edge.com\/2019-05-20\/634344238497_273d3745f7ae1b176b82_72.jpg",
            "first_name": "Charly",
            "real_name": "Charly",
            "display_name": "Charly",
            "team": "TJH5YU202",
            "name": "carles9000",
            "is_restricted": false,
            "is_ultra_restricted": false
        }
    },
    {
        "client_msg_id": "abe0f1ae-a7a6-4d48-a46b-d2d5678c3de5",
        "type": "message",
        "text": "<@UJUFNFMFE> me alegro :slightly_smiling_face: . Paso a paso montaremos el sistema...",
        "user": "UJWR5N32S",
        "ts": "1562393028.346900",
        "team": "TJH5YU202",
        "user_team": "TJH5YU202",
        "source_team": "TJH5YU202",
        "user_profile": {
            "avatar_hash": "273d3745f7ae",
            "image_72": "https:\/\/avatars.slack-edge.com\/2019-05-20\/634344238497_273d3745f7ae1b176b82_72.jpg",
            "first_name": "Charly",
            "real_name": "Charly",
            "display_name": "Charly",
            "team": "TJH5YU202",
            "name": "carles9000",
            "is_restricted": false,
            "is_ultra_restricted": false
        }
    },
    {
        "client_msg_id": "84c5021b-8913-43ef-81b1-dd7104d1e86f",
        "type": "message",
        "text": "<@UK28N3CER> me ha alegrado verte por la reunion. :muscle:",
        "user": "UJWR5N32S",
        "ts": "1562393091.347800",
        "team": "TJH5YU202",
        "user_team": "TJH5YU202",
        "source_team": "TJH5YU202",
        "user_profile": {
            "avatar_hash": "273d3745f7ae",
            "image_72": "https:\/\/avatars.slack-edge.com\/2019-05-20\/634344238497_273d3745f7ae1b176b82_72.jpg",
            "first_name": "Charly",
            "real_name": "Charly",
            "display_name": "Charly",
            "team": "TJH5YU202",
            "name": "carles9000",
            "is_restricted": false,
            "is_ultra_restricted": false
        }
    },
    {
        "client_msg_id": "0010bc18-a778-4841-ae4c-deb2bc2d43c6",
        "type": "message",
        "text": "Es una camino largo pero...despegamos  :rocket:",
        "user": "UJWR5N32S",
        "ts": "1562393193.348400",
        "team": "TJH5YU202",
        "user_team": "TJH5YU202",
        "source_team": "TJH5YU202",
        "user_profile": {
            "avatar_hash": "273d3745f7ae",
            "image_72": "https:\/\/avatars.slack-edge.com\/2019-05-20\/634344238497_273d3745f7ae1b176b82_72.jpg",
            "first_name": "Charly",
            "real_name": "Charly",
            "display_name": "Charly",
            "team": "TJH5YU202",
            "name": "carles9000",
            "is_restricted": false,
            "is_ultra_restricted": false
        }
    },
    {
        "client_msg_id": "3186dd14-9813-4b6e-ab0d-135839d74d10",
        "type": "message",
        "text": "Sobre el tema MVC...Esta es la manera que hoy en dia se ha instalado en los mayores frameworks para web. Si solo queremos crear pequeños prg para dar salida a unos datos, quizas no tiene sentido, pero si nuestro objetvo es crear aplicacion si lo es. Como habreis visto todo esta bien organizado y podemos escalarlo bien. Independientement que nosotros (harbourianos) sepamos hacerlo de otras maneras, hemos tambien de ser capaces de adaptarnos con nuestro sistema a las tendencias principales de millones de programadores que si bien lo usan, es que sera por algo :wink:",
        "user": "UJWR5N32S",
        "ts": "1562394185.354800",
        "team": "TJH5YU202",
        "user_team": "TJH5YU202",
        "source_team": "TJH5YU202",
        "user_profile": {
            "avatar_hash": "273d3745f7ae",
            "image_72": "https:\/\/avatars.slack-edge.com\/2019-05-20\/634344238497_273d3745f7ae1b176b82_72.jpg",
            "first_name": "Charly",
            "real_name": "Charly",
            "display_name": "Charly",
            "team": "TJH5YU202",
            "name": "carles9000",
            "is_restricted": false,
            "is_ultra_restricted": false
        }
    },
    {
        "client_msg_id": "0d249e61-975e-4c33-9fb1-7dc010f6d993",
        "type": "message",
        "text": "De todas maneras como dije ayer, ha de ser una opcion mas que tengamos para quien quiera usarla...",
        "user": "UJWR5N32S",
        "ts": "1562394231.356000",
        "team": "TJH5YU202",
        "user_team": "TJH5YU202",
        "source_team": "TJH5YU202",
        "user_profile": {
            "avatar_hash": "273d3745f7ae",
            "image_72": "https:\/\/avatars.slack-edge.com\/2019-05-20\/634344238497_273d3745f7ae1b176b82_72.jpg",
            "first_name": "Charly",
            "real_name": "Charly",
            "display_name": "Charly",
            "team": "TJH5YU202",
            "name": "carles9000",
            "is_restricted": false,
            "is_ultra_restricted": false
        }
    },
    {
        "client_msg_id": "d956f893-9063-4932-989a-174e141f17a7",
        "type": "message",
        "text": "Bon dia Carles ! :wink:",
        "user": "UJK7SNX51",
        "ts": "1562395740.356400",
        "team": "TJH5YU202",
        "user_team": "TJH5YU202",
        "source_team": "TJH5YU202",
        "user_profile": {
            "avatar_hash": "6698a9ba696b",
            "image_72": "https:\/\/avatars.slack-edge.com\/2019-07-04\/673660529330_6698a9ba696bad01eb8c_72.jpg",
            "first_name": "Baxajaun",
            "real_name": "Baxajaun",
            "display_name": "Baxajaun",
            "team": "TJH5YU202",
            "name": "fpgrande",
            "is_restricted": false,
            "is_ultra_restricted": false
        }
    },
    {
        "client_msg_id": "19b721e3-733d-420e-b49d-84408db5bdb1",
        "type": "message",
        "text": "Espero que sí.",
        "user": "UJK7SNX51",
        "ts": "1562395798.357000",
        "team": "TJH5YU202",
        "user_team": "TJH5YU202",
        "source_team": "TJH5YU202",
        "user_profile": {
            "avatar_hash": "6698a9ba696b",
            "image_72": "https:\/\/avatars.slack-edge.com\/2019-07-04\/673660529330_6698a9ba696bad01eb8c_72.jpg",
            "first_name": "Baxajaun",
            "real_name": "Baxajaun",
            "display_name": "Baxajaun",
            "team": "TJH5YU202",
            "name": "fpgrande",
            "is_restricted": false,
            "is_ultra_restricted": false
        }
    }
]