[
    {
        "type": "message",
        "text": "",
        "files": [
            {
                "id": "FK31H2UKA",
                "created": 1559128608,
                "timestamp": 1559128608,
                "name": "Imagen de iOS.jpg",
                "title": "Imagen de iOS",
                "mimetype": "image\/jpeg",
                "filetype": "jpg",
                "pretty_type": "JPEG",
                "user": "UJN8D8U3B",
                "editable": false,
                "size": 980619,
                "mode": "hosted",
                "is_external": false,
                "external_type": "",
                "is_public": true,
                "public_url_shared": false,
                "display_as_bot": false,
                "username": "",
                "url_private": "https:\/\/files.slack.com\/files-pri\/TJH5YU202-FK31H2UKA\/imagen_de_ios.jpg?t=xoxe-629202954002-776688371669-763909703378-01ffaa4c4eeda75ea92ad255b32a04e5",
                "url_private_download": "https:\/\/files.slack.com\/files-pri\/TJH5YU202-FK31H2UKA\/download\/imagen_de_ios.jpg?t=xoxe-629202954002-776688371669-763909703378-01ffaa4c4eeda75ea92ad255b32a04e5",
                "thumb_64": "https:\/\/files.slack.com\/files-tmb\/TJH5YU202-FK31H2UKA-b52d2cdf0e\/imagen_de_ios_64.jpg?t=xoxe-629202954002-776688371669-763909703378-01ffaa4c4eeda75ea92ad255b32a04e5",
                "thumb_80": "https:\/\/files.slack.com\/files-tmb\/TJH5YU202-FK31H2UKA-b52d2cdf0e\/imagen_de_ios_80.jpg?t=xoxe-629202954002-776688371669-763909703378-01ffaa4c4eeda75ea92ad255b32a04e5",
                "thumb_360": "https:\/\/files.slack.com\/files-tmb\/TJH5YU202-FK31H2UKA-b52d2cdf0e\/imagen_de_ios_360.jpg?t=xoxe-629202954002-776688371669-763909703378-01ffaa4c4eeda75ea92ad255b32a04e5",
                "thumb_360_w": 360,
                "thumb_360_h": 270,
                "thumb_480": "https:\/\/files.slack.com\/files-tmb\/TJH5YU202-FK31H2UKA-b52d2cdf0e\/imagen_de_ios_480.jpg?t=xoxe-629202954002-776688371669-763909703378-01ffaa4c4eeda75ea92ad255b32a04e5",
                "thumb_480_w": 480,
                "thumb_480_h": 360,
                "thumb_160": "https:\/\/files.slack.com\/files-tmb\/TJH5YU202-FK31H2UKA-b52d2cdf0e\/imagen_de_ios_160.jpg?t=xoxe-629202954002-776688371669-763909703378-01ffaa4c4eeda75ea92ad255b32a04e5",
                "thumb_720": "https:\/\/files.slack.com\/files-tmb\/TJH5YU202-FK31H2UKA-b52d2cdf0e\/imagen_de_ios_720.jpg?t=xoxe-629202954002-776688371669-763909703378-01ffaa4c4eeda75ea92ad255b32a04e5",
                "thumb_720_w": 720,
                "thumb_720_h": 540,
                "thumb_800": "https:\/\/files.slack.com\/files-tmb\/TJH5YU202-FK31H2UKA-b52d2cdf0e\/imagen_de_ios_800.jpg?t=xoxe-629202954002-776688371669-763909703378-01ffaa4c4eeda75ea92ad255b32a04e5",
                "thumb_800_w": 800,
                "thumb_800_h": 600,
                "thumb_960": "https:\/\/files.slack.com\/files-tmb\/TJH5YU202-FK31H2UKA-b52d2cdf0e\/imagen_de_ios_960.jpg?t=xoxe-629202954002-776688371669-763909703378-01ffaa4c4eeda75ea92ad255b32a04e5",
                "thumb_960_w": 960,
                "thumb_960_h": 720,
                "thumb_1024": "https:\/\/files.slack.com\/files-tmb\/TJH5YU202-FK31H2UKA-b52d2cdf0e\/imagen_de_ios_1024.jpg?t=xoxe-629202954002-776688371669-763909703378-01ffaa4c4eeda75ea92ad255b32a04e5",
                "thumb_1024_w": 1024,
                "thumb_1024_h": 768,
                "image_exif_rotation": 1,
                "original_w": 4032,
                "original_h": 3024,
                "permalink": "https:\/\/harbourproject.slack.com\/files\/UJN8D8U3B\/FK31H2UKA\/imagen_de_ios.jpg",
                "permalink_public": "https:\/\/slack-files.com\/TJH5YU202-FK31H2UKA-7509c7436b",
                "is_starred": false,
                "has_rich_preview": false
            }
        ],
        "upload": true,
        "user": "UJN8D8U3B",
        "display_as_bot": false,
        "ts": "1559128613.227700",
        "client_msg_id": "0BCE9016-8C8B-4E57-A003-08C4B03168CA"
    },
    {
        "client_msg_id": "5724B5AE-000B-463B-BD0C-880D3C6297F5",
        "type": "message",
        "text": "...",
        "user": "UJN8D8U3B",
        "ts": "1559128634.228100",
        "team": "TJH5YU202",
        "user_team": "TJH5YU202",
        "source_team": "TJH5YU202",
        "user_profile": {
            "avatar_hash": "g92ad2abcc45",
            "image_72": "https:\/\/secure.gravatar.com\/avatar\/8492ad2abcc45ce53969adcf8420acde.jpg?s=72&d=https%3A%2F%2Fa.slack-edge.com%2F80588%2Fimg%2Favatars%2Fuser_shapes%2Fava_0008-72.png",
            "first_name": "",
            "real_name": "Antonio Linares",
            "display_name": "Antonio Linares",
            "team": "TJH5YU202",
            "name": "alinares",
            "is_restricted": false,
            "is_ultra_restricted": false
        }
    },
    {
        "client_msg_id": "c08bfcfc-3680-4d01-b2b2-f90bf6fa6cb9",
        "type": "message",
        "text": "Bonito día para navegar sin pensar en demasiadas cosas... montarse en un barquito... un velero... un Clipper... que te devuelva a un buen puerto Harbour.... y si tiene soporte web-server pues superb :joy:\nDisfrútalo por nosotros... :grinning:",
        "user": "UJULQCHL5",
        "ts": "1559128930.230000",
        "team": "TJH5YU202",
        "user_team": "TJH5YU202",
        "source_team": "TJH5YU202",
        "user_profile": {
            "avatar_hash": "g7659142325a",
            "image_72": "https:\/\/secure.gravatar.com\/avatar\/c87659142325a3facb661d85281ec091.jpg?s=72&d=https%3A%2F%2Fa.slack-edge.com%2F80588%2Fimg%2Favatars%2Fuser_shapes%2Fava_0003-72.png",
            "first_name": "",
            "real_name": "Paquito",
            "display_name": "Paquito",
            "team": "TJH5YU202",
            "name": "hmpaquito",
            "is_restricted": false,
            "is_ultra_restricted": false
        },
        "reactions": [
            {
                "name": "joy",
                "users": [
                    "UJUJ98L1J"
                ],
                "count": 1
            }
        ]
    },
    {
        "type": "message",
        "text": "",
        "files": [
            {
                "id": "FLP425Q3G",
                "created": 1563677061,
                "timestamp": 1561185398,
                "name": "Como_sincronizar_tu_fork_con_el_original",
                "title": "Como sincronizar tu fork con el original",
                "mimetype": "application\/vnd.slack-docs",
                "filetype": "docs",
                "pretty_type": "Arugula",
                "user": "UJWR5N32S",
                "editable": true,
                "size": 3669,
                "mode": "docs",
                "is_external": false,
                "external_type": "",
                "is_public": true,
                "public_url_shared": false,
                "display_as_bot": false,
                "username": "",
                "url_private": "https:\/\/files.slack.com\/files-pri\/TJH5YU202-FLP425Q3G\/como_sincronizar_tu_fork_con_el_original?t=xoxe-629202954002-776688371669-763909703378-01ffaa4c4eeda75ea92ad255b32a04e5",
                "url_private_download": "https:\/\/files.slack.com\/files-pri\/TJH5YU202-FLP425Q3G\/download\/como_sincronizar_tu_fork_con_el_original?t=xoxe-629202954002-776688371669-763909703378-01ffaa4c4eeda75ea92ad255b32a04e5",
                "permalink": "https:\/\/harbourproject.slack.com\/files\/TJH5YU202\/FLP425Q3G",
                "permalink_public": "https:\/\/slack-files.com\/TJH5YU202-FLP425Q3G-830106a21a",
                "preview": "<p>Creamos nuestro directorio de repositorios, por ejemplo<\/p><ul><li>c:\\repo<\/li><\/ul><p><br\/>Nos clonamos nuestro fork (Nos hará una copia de nuestro repo en github a local)<\/p><pre>git clone https:&#x2F;&#x2F;github.com&#x2F;carles9000&#x2F;mod_harbour.git<\/pre><p>Nos habrá creado la carpeta mod_harbour. No situamos en ella (cd mod_harbour)<br\/><br\/>Configuramos nuestro user, mail  para no tener que entrarlos cada vez q actualizemos<\/p><pre>git config user.name &quot;Charly&quot;\ngit config user.mail &quot;tumail@mail.com&quot;<\/pre><p><br\/>Crearemos una conexion remota con el repositorio original de fivetech<\/p><pre>git remote add fivetech https:&#x2F;&#x2F;github.com&#x2F;FiveTechSoft&#x2F;mod_harbour.git<\/pre><p><br\/>Para comprobar que lo tenemos bien hecho consultamos<\/p><pre>git remote -v<\/pre><p><em>fivetech        <\/em><a href=\"https:\/\/github.com\/FiveTechSoft\/mod_harbour.git\" target=\"_blank\"><em>https:&#x2F;&#x2F;github.com&#x2F;FiveTechSoft&#x2F;mod_harbour.git<\/em><\/a><em> (fetch)<\/em><br\/><em>fivetech        <\/em><a href=\"https:\/\/github.com\/FiveTechSoft\/mod_harbour.git\" target=\"_blank\"><em>https:&#x2F;&#x2F;github.com&#x2F;FiveTechSoft&#x2F;mod_harbour.git<\/em><\/a><em> (push)<\/em><br\/><em>origin  <\/em><a href=\"https:\/\/github.com\/carles9000\/mod_harbour.git\" target=\"_blank\"><em>https:&#x2F;&#x2F;github.com&#x2F;carles9000&#x2F;mod_harbour.git<\/em><\/a><em> (fetch)<\/em><br\/><em>origin  <\/em><a href=\"https:\/\/github.com\/carles9000\/mod_harbour.git\" target=\"_blank\"><em>https:&#x2F;&#x2F;github.com&#x2F;carles9000&#x2F;mod_harbour.git<\/em><\/a><em> (push)<\/em><br\/><br\/>Creamos una copia desde el repositorio original de fivetech al nuestro<\/p><pre>git fetch fivetech<\/pre><p><em>From <\/em><a href=\"https:\/\/github.com\/FiveTechSoft\/mod_harbour\" target=\"_blank\"><em>https:&#x2F;&#x2F;github.com&#x2F;FiveTechSoft&#x2F;mod_harbour<\/em><\/a><br\/><em>[new branch]      master     -&gt; fivetech&#x2F;master<\/em><br\/><br\/>Situarse en nuestro master<\/p><pre>git checkout master<\/pre><p><em>Your branch is up to date with &#x27;origin&#x2F;master&#x27;.<\/em><br\/><br\/>Mezclamos el codigo original de fivetech con nuestro repositorio<\/p><pre>git merge fivetech&#x2F;master<\/pre><p><em>C:\\repo\\mod_harbour&gt;git merge fivetech&#x2F;master<\/em><br\/><em>Merge made by the &#x27;recursive&#x27; strategy.<\/em><br\/><em>linux&#x2F;build.sh | 7 +++++--<\/em><br\/><em>1 file changed, 5 insertions(+), 2 deletions(-)<\/em><br\/><br\/>Nuestro git local estará actualizado con el original de Fivetech. En el momento que modifiquemos cualquier fichero, haremos un commit para posteriormente sincronicar con nuestro repo<br\/><\/p><pre>git add .\ngit commit -m “Prueba actualizacion…”<\/pre><p><em>[master 7e1e885] Prueba actualizacion repo...<\/em><br\/><em>1 file changed, 2 insertions(+), 2 deletions(-)<\/em><br\/><br\/>Subiremos los cambios a nuestro repositorio<br\/><\/p><pre>git push<\/pre><p>(Es posible, en funcion de si teneis o no ya credenciales que os pida le user&#x2F;psw)<br\/><br\/><em>Counting objects: 17, done.<\/em><br\/><em>Delta compression using up to 4 threads.<\/em><br\/><em>Compressing objects: 100% (17&#x2F;17), done.<\/em><br\/><em>Writing objects: 100% (17&#x2F;17), 2.71 KiB | 1.35 MiB&#x2F;s, done.<\/em><br\/><em>Total 17 (delta 12), reused 0 (delta 0)<\/em><br\/><em>remote: Resolving deltas: 100% (12&#x2F;12), completed with 5 local objects.<\/em><br\/><em>To <\/em><a href=\"https:\/\/github.com\/carles9000\/mod_harbour.git\" target=\"_blank\"><em>https:&#x2F;&#x2F;github.com&#x2F;carles9000&#x2F;mod_harbour.git<\/em><\/a><br\/><em>7e29dfe..7e1e885  master -&gt; master<\/em><br\/><br\/>Todo estará replicado en nuestro repositorio local y en gitthub  :-)<br\/><\/p>",
                "editor": null,
                "last_editor": "UJWR5N32S",
                "non_owner_editable": false,
                "updated": 1561185398,
                "migrated_id": "FK4K462ET",
                "is_starred": false,
                "has_rich_preview": false
            }
        ],
        "upload": false,
        "user": "UJWR5N32S",
        "display_as_bot": false,
        "ts": "1559131671.230100"
    },
    {
        "type": "message",
        "text": "AP_SetContentType( \"application\/json\" )  -&gt; Ok",
        "files": [
            {
                "id": "FK2NU2YJY",
                "created": 1559141434,
                "timestamp": 1559141434,
                "name": "image.png",
                "title": "image.png",
                "mimetype": "image\/png",
                "filetype": "png",
                "pretty_type": "PNG",
                "user": "UJWR5N32S",
                "editable": false,
                "size": 56163,
                "mode": "hosted",
                "is_external": false,
                "external_type": "",
                "is_public": true,
                "public_url_shared": false,
                "display_as_bot": false,
                "username": "",
                "url_private": "https:\/\/files.slack.com\/files-pri\/TJH5YU202-FK2NU2YJY\/image.png?t=xoxe-629202954002-776688371669-763909703378-01ffaa4c4eeda75ea92ad255b32a04e5",
                "url_private_download": "https:\/\/files.slack.com\/files-pri\/TJH5YU202-FK2NU2YJY\/download\/image.png?t=xoxe-629202954002-776688371669-763909703378-01ffaa4c4eeda75ea92ad255b32a04e5",
                "thumb_64": "https:\/\/files.slack.com\/files-tmb\/TJH5YU202-FK2NU2YJY-ec14b27a90\/image_64.png?t=xoxe-629202954002-776688371669-763909703378-01ffaa4c4eeda75ea92ad255b32a04e5",
                "thumb_80": "https:\/\/files.slack.com\/files-tmb\/TJH5YU202-FK2NU2YJY-ec14b27a90\/image_80.png?t=xoxe-629202954002-776688371669-763909703378-01ffaa4c4eeda75ea92ad255b32a04e5",
                "thumb_360": "https:\/\/files.slack.com\/files-tmb\/TJH5YU202-FK2NU2YJY-ec14b27a90\/image_360.png?t=xoxe-629202954002-776688371669-763909703378-01ffaa4c4eeda75ea92ad255b32a04e5",
                "thumb_360_w": 360,
                "thumb_360_h": 326,
                "thumb_480": "https:\/\/files.slack.com\/files-tmb\/TJH5YU202-FK2NU2YJY-ec14b27a90\/image_480.png?t=xoxe-629202954002-776688371669-763909703378-01ffaa4c4eeda75ea92ad255b32a04e5",
                "thumb_480_w": 480,
                "thumb_480_h": 435,
                "thumb_160": "https:\/\/files.slack.com\/files-tmb\/TJH5YU202-FK2NU2YJY-ec14b27a90\/image_160.png?t=xoxe-629202954002-776688371669-763909703378-01ffaa4c4eeda75ea92ad255b32a04e5",
                "thumb_720": "https:\/\/files.slack.com\/files-tmb\/TJH5YU202-FK2NU2YJY-ec14b27a90\/image_720.png?t=xoxe-629202954002-776688371669-763909703378-01ffaa4c4eeda75ea92ad255b32a04e5",
                "thumb_720_w": 720,
                "thumb_720_h": 652,
                "image_exif_rotation": 1,
                "original_w": 788,
                "original_h": 714,
                "permalink": "https:\/\/harbourproject.slack.com\/files\/UJWR5N32S\/FK2NU2YJY\/image.png",
                "permalink_public": "https:\/\/slack-files.com\/TJH5YU202-FK2NU2YJY-63063a781a",
                "is_starred": false,
                "has_rich_preview": false
            }
        ],
        "upload": true,
        "user": "UJWR5N32S",
        "display_as_bot": false,
        "ts": "1559141435.230900",
        "client_msg_id": "5749aa5d-cb6d-4ff9-a4ad-9748899778e4",
        "reactions": [
            {
                "name": "+1",
                "users": [
                    "UJJNSR2V8"
                ],
                "count": 1
            }
        ]
    },
    {
        "client_msg_id": "aece4f86-18fa-4193-b070-f35d1e52b655",
        "type": "message",
        "text": ":ok_hand:",
        "user": "UJN8D8U3B",
        "ts": "1559141504.231300",
        "team": "TJH5YU202",
        "user_team": "TJH5YU202",
        "source_team": "TJH5YU202",
        "user_profile": {
            "avatar_hash": "g92ad2abcc45",
            "image_72": "https:\/\/secure.gravatar.com\/avatar\/8492ad2abcc45ce53969adcf8420acde.jpg?s=72&d=https%3A%2F%2Fa.slack-edge.com%2F80588%2Fimg%2Favatars%2Fuser_shapes%2Fava_0008-72.png",
            "first_name": "",
            "real_name": "Antonio Linares",
            "display_name": "Antonio Linares",
            "team": "TJH5YU202",
            "name": "alinares",
            "is_restricted": false,
            "is_ultra_restricted": false
        }
    },
    {
        "client_msg_id": "696dd65b-304d-4d16-adce-ec4ee6c73708",
        "type": "message",
        "text": "<@UJN8D8U3B>\n\nWhat about .hrb files? maybe we can add a new handle for it?\nThen the developer will have your code safe :slightly_smiling_face:\nSomtimes we neeed to install the system on client servers then it can protect the copyrights\n\nI am not sure what is limitation of .hrb files, I dont understand well about the changes in PCODE.\n\nWhat do you think?",
        "user": "UJWU1NLQ6",
        "ts": "1559143042.233400",
        "team": "TJH5YU202",
        "user_team": "TJH5YU202",
        "source_team": "TJH5YU202",
        "user_profile": {
            "avatar_hash": "034d5c7f6e05",
            "image_72": "https:\/\/avatars.slack-edge.com\/2019-05-20\/640791937568_034d5c7f6e05e4dd4551_72.jpg",
            "first_name": "Lailton",
            "real_name": "Lailton Fernando Mariano",
            "display_name": "Lailton",
            "team": "TJH5YU202",
            "name": "lailton",
            "is_restricted": false,
            "is_ultra_restricted": false
        }
    },
    {
        "client_msg_id": "dd7e55f7-cb58-430c-a6c1-cc58f3096fb3",
        "type": "message",
        "text": "Hello friends.\n\nI did the mod_harbour installation procedure but it gave the following error:\n\nerror: Corruption detected HB_HRBLOAD.\n\nCan anyone help?\n\nSorry for english, I'm using a translator",
        "user": "UJQVBKB7U",
        "ts": "1559147630.233600",
        "team": "TJH5YU202",
        "user_team": "TJH5YU202",
        "source_team": "TJH5YU202",
        "user_profile": {
            "avatar_hash": "g8afe159664f",
            "image_72": "https:\/\/secure.gravatar.com\/avatar\/5e8afe159664f17cac71387cc478d472.jpg?s=72&d=https%3A%2F%2Fa.slack-edge.com%2F80588%2Fimg%2Favatars%2Fuser_shapes%2Fava_0005-72.png",
            "first_name": "Christiano",
            "real_name": "Christiano Augusto Silveira",
            "display_name": "Christiano Silveira",
            "team": "TJH5YU202",
            "name": "christiano.silveira",
            "is_restricted": false,
            "is_ultra_restricted": false
        }
    },
    {
        "client_msg_id": "dbf77190-84f9-4587-8b66-66a1245634ce",
        "type": "message",
        "text": "Christiano, what info.prg hb_buildDate() returns ?",
        "user": "UJN8D8U3B",
        "ts": "1559149830.234300",
        "team": "TJH5YU202",
        "user_team": "TJH5YU202",
        "source_team": "TJH5YU202",
        "user_profile": {
            "avatar_hash": "g92ad2abcc45",
            "image_72": "https:\/\/secure.gravatar.com\/avatar\/8492ad2abcc45ce53969adcf8420acde.jpg?s=72&d=https%3A%2F%2Fa.slack-edge.com%2F80588%2Fimg%2Favatars%2Fuser_shapes%2Fava_0008-72.png",
            "first_name": "",
            "real_name": "Antonio Linares",
            "display_name": "Antonio Linares",
            "team": "TJH5YU202",
            "name": "alinares",
            "is_restricted": false,
            "is_ultra_restricted": false
        }
    },
    {
        "client_msg_id": "81e0a724-8f1c-4064-a4fd-a64628c0b535",
        "type": "message",
        "text": "Please copy here info.prg output, thanks",
        "user": "UJN8D8U3B",
        "ts": "1559149849.234800",
        "team": "TJH5YU202",
        "user_team": "TJH5YU202",
        "source_team": "TJH5YU202",
        "user_profile": {
            "avatar_hash": "g92ad2abcc45",
            "image_72": "https:\/\/secure.gravatar.com\/avatar\/8492ad2abcc45ce53969adcf8420acde.jpg?s=72&d=https%3A%2F%2Fa.slack-edge.com%2F80588%2Fimg%2Favatars%2Fuser_shapes%2Fava_0008-72.png",
            "first_name": "",
            "real_name": "Antonio Linares",
            "display_name": "Antonio Linares",
            "team": "TJH5YU202",
            "name": "alinares",
            "is_restricted": false,
            "is_ultra_restricted": false
        }
    },
    {
        "client_msg_id": "ce2f6656-e3e1-4002-b52d-df29f9b3b7f5",
        "type": "message",
        "text": "Antonio, info.prg returns:\n\nerror: Corruption detected HB_HRBLOAD\n\ncalled from: GETERRORINFO, line: 55\ncalled from: DOBREAK, line: 66\ncalled from: (b)_APPMAIN, line: 14\ncalled from: HB_HRBLOAD, line: 0\ncalled from: EXECUTE, line: 33\ncalled from: _APPMAIN, line: 17\n\nAnd hb_buildDate () returns:\nMay 28 2019 08:05:55",
        "user": "UJQVBKB7U",
        "ts": "1559151026.235300",
        "team": "TJH5YU202",
        "user_team": "TJH5YU202",
        "source_team": "TJH5YU202",
        "user_profile": {
            "avatar_hash": "g8afe159664f",
            "image_72": "https:\/\/secure.gravatar.com\/avatar\/5e8afe159664f17cac71387cc478d472.jpg?s=72&d=https%3A%2F%2Fa.slack-edge.com%2F80588%2Fimg%2Favatars%2Fuser_shapes%2Fava_0005-72.png",
            "first_name": "Christiano",
            "real_name": "Christiano Augusto Silveira",
            "display_name": "Christiano Silveira",
            "team": "TJH5YU202",
            "name": "christiano.silveira",
            "is_restricted": false,
            "is_ultra_restricted": false
        },
        "edited": {
            "user": "UJQVBKB7U",
            "ts": "1559151488.000000"
        }
    },
    {
        "client_msg_id": "cdbd743b-67af-4421-b5a3-e9766f541b9d",
        "type": "message",
        "text": "Buen día",
        "user": "UJJD31ADQ",
        "ts": "1559153054.235800",
        "team": "TJH5YU202",
        "user_team": "TJH5YU202",
        "source_team": "TJH5YU202",
        "user_profile": {
            "avatar_hash": "ga3196581d86",
            "image_72": "https:\/\/secure.gravatar.com\/avatar\/5ba3196581d86047c9753c7349b09a5c.jpg?s=72&d=https%3A%2F%2Fa.slack-edge.com%2F80588%2Fimg%2Favatars%2Fuser_shapes%2Fava_0024-72.png",
            "first_name": "",
            "real_name": "Daniel Medina",
            "display_name": "Daniel Medina",
            "team": "TJH5YU202",
            "name": "mpdani",
            "is_restricted": false,
            "is_ultra_restricted": false
        }
    },
    {
        "client_msg_id": "dd107284-7dbc-44ca-b83f-0e9d6f8b6c6f",
        "type": "message",
        "text": "estoy probando",
        "user": "UJJD31ADQ",
        "ts": "1559153062.236000",
        "team": "TJH5YU202",
        "user_team": "TJH5YU202",
        "source_team": "TJH5YU202",
        "user_profile": {
            "avatar_hash": "ga3196581d86",
            "image_72": "https:\/\/secure.gravatar.com\/avatar\/5ba3196581d86047c9753c7349b09a5c.jpg?s=72&d=https%3A%2F%2Fa.slack-edge.com%2F80588%2Fimg%2Favatars%2Fuser_shapes%2Fava_0024-72.png",
            "first_name": "",
            "real_name": "Daniel Medina",
            "display_name": "Daniel Medina",
            "team": "TJH5YU202",
            "name": "mpdani",
            "is_restricted": false,
            "is_ultra_restricted": false
        }
    },
    {
        "client_msg_id": "be6eeff2-ce31-462b-be19-cd3a3360d9aa",
        "type": "message",
        "text": "la revisar los ejemplos tengo:",
        "user": "UJJD31ADQ",
        "ts": "1559153069.236300",
        "team": "TJH5YU202",
        "user_team": "TJH5YU202",
        "source_team": "TJH5YU202",
        "user_profile": {
            "avatar_hash": "ga3196581d86",
            "image_72": "https:\/\/secure.gravatar.com\/avatar\/5ba3196581d86047c9753c7349b09a5c.jpg?s=72&d=https%3A%2F%2Fa.slack-edge.com%2F80588%2Fimg%2Favatars%2Fuser_shapes%2Fava_0024-72.png",
            "first_name": "",
            "real_name": "Daniel Medina",
            "display_name": "Daniel Medina",
            "team": "TJH5YU202",
            "name": "mpdani",
            "is_restricted": false,
            "is_ultra_restricted": false
        }
    },
    {
        "client_msg_id": "6cfb7bb8-d852-4047-97e2-55d6ae350cb8",
        "type": "message",
        "text": "error: Unknown or unregistered symbol DBGOTO\n\ncalled from: GETERRORINFO, line: 69\ncalled from: DOBREAK, line: 80\ncalled from: (b)EXECUTE, line: 44\ncalled from: HB_HRBLOAD, line: 0\ncalled from: EXECUTE, line: 45\ncalled from: MAIN, line: 21",
        "user": "UJJD31ADQ",
        "ts": "1559153071.236500",
        "team": "TJH5YU202",
        "user_team": "TJH5YU202",
        "source_team": "TJH5YU202",
        "user_profile": {
            "avatar_hash": "ga3196581d86",
            "image_72": "https:\/\/secure.gravatar.com\/avatar\/5ba3196581d86047c9753c7349b09a5c.jpg?s=72&d=https%3A%2F%2Fa.slack-edge.com%2F80588%2Fimg%2Favatars%2Fuser_shapes%2Fava_0024-72.png",
            "first_name": "",
            "real_name": "Daniel Medina",
            "display_name": "Daniel Medina",
            "team": "TJH5YU202",
            "name": "mpdani",
            "is_restricted": false,
            "is_ultra_restricted": false
        }
    },
    {
        "client_msg_id": "192fcaf3-0e7c-4bfc-aebb-450844d7623c",
        "type": "message",
        "text": "en este caso, elimine (puse como comentario) el comando USE \"...customer.db\" por que tenia el error de unregisteres DBUSEAREA",
        "user": "UJJD31ADQ",
        "ts": "1559153181.238300",
        "team": "TJH5YU202",
        "user_team": "TJH5YU202",
        "source_team": "TJH5YU202",
        "user_profile": {
            "avatar_hash": "ga3196581d86",
            "image_72": "https:\/\/secure.gravatar.com\/avatar\/5ba3196581d86047c9753c7349b09a5c.jpg?s=72&d=https%3A%2F%2Fa.slack-edge.com%2F80588%2Fimg%2Favatars%2Fuser_shapes%2Fava_0024-72.png",
            "first_name": "",
            "real_name": "Daniel Medina",
            "display_name": "Daniel Medina",
            "team": "TJH5YU202",
            "name": "mpdani",
            "is_restricted": false,
            "is_ultra_restricted": false
        }
    },
    {
        "client_msg_id": "3c790d41-2b46-40bb-a37a-0f55005923ec",
        "type": "message",
        "text": "Estoy usando lo que vi en : <https:\/\/webcache.googleusercontent.com\/search?q=cache:_3MEQzAIp1MJ:https:\/\/github.com\/FiveTechSoft\/mod_harbour\/wiki+&amp;cd=2&amp;hl=es&amp;ct=clnk&amp;gl=mx>",
        "user": "UJJD31ADQ",
        "ts": "1559153229.238600",
        "team": "TJH5YU202",
        "user_team": "TJH5YU202",
        "source_team": "TJH5YU202",
        "user_profile": {
            "avatar_hash": "ga3196581d86",
            "image_72": "https:\/\/secure.gravatar.com\/avatar\/5ba3196581d86047c9753c7349b09a5c.jpg?s=72&d=https%3A%2F%2Fa.slack-edge.com%2F80588%2Fimg%2Favatars%2Fuser_shapes%2Fava_0024-72.png",
            "first_name": "",
            "real_name": "Daniel Medina",
            "display_name": "Daniel Medina",
            "team": "TJH5YU202",
            "name": "mpdani",
            "is_restricted": false,
            "is_ultra_restricted": false
        },
        "attachments": [
            {
                "service_name": "GitHub",
                "title": "FiveTechSoft\/mod_harbour",
                "title_link": "https:\/\/webcache.googleusercontent.com\/search?q=cache:_3MEQzAIp1MJ:https:\/\/github.com\/FiveTechSoft\/mod_harbour\/wiki+&cd=2&hl=es&ct=clnk&gl=mx",
                "text": "Apache mod for Harbour. Contribute to FiveTechSoft\/mod_harbour development by creating an account on GitHub.",
                "fallback": "GitHub: FiveTechSoft\/mod_harbour",
                "thumb_url": "https:\/\/avatars3.githubusercontent.com\/u\/10235217?s=400&v=4",
                "from_url": "https:\/\/webcache.googleusercontent.com\/search?q=cache:_3MEQzAIp1MJ:https:\/\/github.com\/FiveTechSoft\/mod_harbour\/wiki+&cd=2&hl=es&ct=clnk&gl=mx",
                "thumb_width": 400,
                "thumb_height": 400,
                "service_icon": "https:\/\/github.githubassets.com\/favicon.ico",
                "id": 1,
                "original_url": "https:\/\/webcache.googleusercontent.com\/search?q=cache:_3MEQzAIp1MJ:https:\/\/github.com\/FiveTechSoft\/mod_harbour\/wiki+&amp;cd=2&amp;hl=es&amp;ct=clnk&amp;gl=mx"
            }
        ]
    },
    {
        "client_msg_id": "4cfa43fd-2a1d-40be-9232-69713bfe624b",
        "type": "message",
        "text": "me faltará algo?",
        "user": "UJJD31ADQ",
        "ts": "1559153236.238900",
        "team": "TJH5YU202",
        "user_team": "TJH5YU202",
        "source_team": "TJH5YU202",
        "user_profile": {
            "avatar_hash": "ga3196581d86",
            "image_72": "https:\/\/secure.gravatar.com\/avatar\/5ba3196581d86047c9753c7349b09a5c.jpg?s=72&d=https%3A%2F%2Fa.slack-edge.com%2F80588%2Fimg%2Favatars%2Fuser_shapes%2Fava_0024-72.png",
            "first_name": "",
            "real_name": "Daniel Medina",
            "display_name": "Daniel Medina",
            "team": "TJH5YU202",
            "name": "mpdani",
            "is_restricted": false,
            "is_ultra_restricted": false
        }
    },
    {
        "client_msg_id": "0E6B5794-D964-490F-9ADD-5108BB4CF1FB",
        "type": "message",
        "text": "Daniel por favor ejecuta info.prg y copia aquí lo que te aparece",
        "user": "UJN8D8U3B",
        "ts": "1559153354.239800",
        "team": "TJH5YU202",
        "user_team": "TJH5YU202",
        "source_team": "TJH5YU202",
        "user_profile": {
            "avatar_hash": "g92ad2abcc45",
            "image_72": "https:\/\/secure.gravatar.com\/avatar\/8492ad2abcc45ce53969adcf8420acde.jpg?s=72&d=https%3A%2F%2Fa.slack-edge.com%2F80588%2Fimg%2Favatars%2Fuser_shapes%2Fava_0008-72.png",
            "first_name": "",
            "real_name": "Antonio Linares",
            "display_name": "Antonio Linares",
            "team": "TJH5YU202",
            "name": "alinares",
            "is_restricted": false,
            "is_ultra_restricted": false
        }
    },
    {
        "client_msg_id": "0ADCD983-E434-41E4-99FB-C46A3D1B78F7",
        "type": "message",
        "text": "Christiano test.prg te funciona bien ?",
        "user": "UJN8D8U3B",
        "ts": "1559153413.240500",
        "team": "TJH5YU202",
        "user_team": "TJH5YU202",
        "source_team": "TJH5YU202",
        "user_profile": {
            "avatar_hash": "g92ad2abcc45",
            "image_72": "https:\/\/secure.gravatar.com\/avatar\/8492ad2abcc45ce53969adcf8420acde.jpg?s=72&d=https%3A%2F%2Fa.slack-edge.com%2F80588%2Fimg%2Favatars%2Fuser_shapes%2Fava_0008-72.png",
            "first_name": "",
            "real_name": "Antonio Linares",
            "display_name": "Antonio Linares",
            "team": "TJH5YU202",
            "name": "alinares",
            "is_restricted": false,
            "is_ultra_restricted": false
        }
    },
    {
        "client_msg_id": "48604d21-21ed-4ec5-9c64-595b7f8726b2",
        "type": "message",
        "text": "Antonio, presents the same error as info.prg",
        "user": "UJQVBKB7U",
        "ts": "1559153589.241500",
        "team": "TJH5YU202",
        "user_team": "TJH5YU202",
        "source_team": "TJH5YU202",
        "user_profile": {
            "avatar_hash": "g8afe159664f",
            "image_72": "https:\/\/secure.gravatar.com\/avatar\/5e8afe159664f17cac71387cc478d472.jpg?s=72&d=https%3A%2F%2Fa.slack-edge.com%2F80588%2Fimg%2Favatars%2Fuser_shapes%2Fava_0005-72.png",
            "first_name": "Christiano",
            "real_name": "Christiano Augusto Silveira",
            "display_name": "Christiano Silveira",
            "team": "TJH5YU202",
            "name": "christiano.silveira",
            "is_restricted": false,
            "is_ultra_restricted": false
        }
    },
    {
        "client_msg_id": "d4c9dea2-ff32-4ce7-9800-682444033861",
        "type": "message",
        "text": "error: Unknown or unregistered symbol QOUT\n\ncalled from: GETERRORINFO, line: 69\ncalled from: DOBREAK, line: 80\ncalled from: (b)EXECUTE, line: 44\ncalled from: HB_HRBLOAD, line: 0\ncalled from: EXECUTE, line: 45\ncalled from: MAIN, line: 21",
        "user": "UJJD31ADQ",
        "ts": "1559153612.241700",
        "team": "TJH5YU202",
        "user_team": "TJH5YU202",
        "source_team": "TJH5YU202",
        "user_profile": {
            "avatar_hash": "ga3196581d86",
            "image_72": "https:\/\/secure.gravatar.com\/avatar\/5ba3196581d86047c9753c7349b09a5c.jpg?s=72&d=https%3A%2F%2Fa.slack-edge.com%2F80588%2Fimg%2Favatars%2Fuser_shapes%2Fava_0024-72.png",
            "first_name": "",
            "real_name": "Daniel Medina",
            "display_name": "Daniel Medina",
            "team": "TJH5YU202",
            "name": "mpdani",
            "is_restricted": false,
            "is_ultra_restricted": false
        }
    },
    {
        "client_msg_id": "537C82E6-0D83-4F76-9BF3-CE8A29736888",
        "type": "message",
        "text": "Daniel descarga los ficheros mod_harbour.so y libharbour.so.3.2.0 desde la carpeta 20190529",
        "user": "UJN8D8U3B",
        "ts": "1559153765.244900",
        "team": "TJH5YU202",
        "user_team": "TJH5YU202",
        "source_team": "TJH5YU202",
        "user_profile": {
            "avatar_hash": "g92ad2abcc45",
            "image_72": "https:\/\/secure.gravatar.com\/avatar\/8492ad2abcc45ce53969adcf8420acde.jpg?s=72&d=https%3A%2F%2Fa.slack-edge.com%2F80588%2Fimg%2Favatars%2Fuser_shapes%2Fava_0008-72.png",
            "first_name": "",
            "real_name": "Antonio Linares",
            "display_name": "Antonio Linares",
            "team": "TJH5YU202",
            "name": "alinares",
            "is_restricted": false,
            "is_ultra_restricted": false
        }
    },
    {
        "client_msg_id": "D0F4850F-2E1A-4919-A483-67C15F721B21",
        "type": "message",
        "text": "Es la versión más reciente ",
        "user": "UJN8D8U3B",
        "ts": "1559153781.245400",
        "team": "TJH5YU202",
        "user_team": "TJH5YU202",
        "source_team": "TJH5YU202",
        "user_profile": {
            "avatar_hash": "g92ad2abcc45",
            "image_72": "https:\/\/secure.gravatar.com\/avatar\/8492ad2abcc45ce53969adcf8420acde.jpg?s=72&d=https%3A%2F%2Fa.slack-edge.com%2F80588%2Fimg%2Favatars%2Fuser_shapes%2Fava_0008-72.png",
            "first_name": "",
            "real_name": "Antonio Linares",
            "display_name": "Antonio Linares",
            "team": "TJH5YU202",
            "name": "alinares",
            "is_restricted": false,
            "is_ultra_restricted": false
        }
    },
    {
        "client_msg_id": "4A3B5962-2039-4039-9617-7F9101AAE364",
        "type": "message",
        "text": "Christiano descarga los ficheros más recientes desde 20190529 en github",
        "user": "UJN8D8U3B",
        "ts": "1559153837.246600",
        "team": "TJH5YU202",
        "user_team": "TJH5YU202",
        "source_team": "TJH5YU202",
        "user_profile": {
            "avatar_hash": "g92ad2abcc45",
            "image_72": "https:\/\/secure.gravatar.com\/avatar\/8492ad2abcc45ce53969adcf8420acde.jpg?s=72&d=https%3A%2F%2Fa.slack-edge.com%2F80588%2Fimg%2Favatars%2Fuser_shapes%2Fava_0008-72.png",
            "first_name": "",
            "real_name": "Antonio Linares",
            "display_name": "Antonio Linares",
            "team": "TJH5YU202",
            "name": "alinares",
            "is_restricted": false,
            "is_ultra_restricted": false
        }
    },
    {
        "client_msg_id": "9375293E-11DF-4B0E-9295-4D2FCA465496",
        "type": "message",
        "text": "Hay que copiar mod_harbour.so a \/usr\/lib\/apache2\/modules ",
        "user": "UJN8D8U3B",
        "ts": "1559153888.248200",
        "team": "TJH5YU202",
        "user_team": "TJH5YU202",
        "source_team": "TJH5YU202",
        "user_profile": {
            "avatar_hash": "g92ad2abcc45",
            "image_72": "https:\/\/secure.gravatar.com\/avatar\/8492ad2abcc45ce53969adcf8420acde.jpg?s=72&d=https%3A%2F%2Fa.slack-edge.com%2F80588%2Fimg%2Favatars%2Fuser_shapes%2Fava_0008-72.png",
            "first_name": "",
            "real_name": "Antonio Linares",
            "display_name": "Antonio Linares",
            "team": "TJH5YU202",
            "name": "alinares",
            "is_restricted": false,
            "is_ultra_restricted": false
        }
    },
    {
        "client_msg_id": "BF9CACAD-2047-47D9-9EBB-522C6AEED28F",
        "type": "message",
        "text": "Y libharbour.so.3.2.0 a \/var\/www\/html",
        "user": "UJN8D8U3B",
        "ts": "1559153933.249900",
        "team": "TJH5YU202",
        "user_team": "TJH5YU202",
        "source_team": "TJH5YU202",
        "user_profile": {
            "avatar_hash": "g92ad2abcc45",
            "image_72": "https:\/\/secure.gravatar.com\/avatar\/8492ad2abcc45ce53969adcf8420acde.jpg?s=72&d=https%3A%2F%2Fa.slack-edge.com%2F80588%2Fimg%2Favatars%2Fuser_shapes%2Fava_0008-72.png",
            "first_name": "",
            "real_name": "Antonio Linares",
            "display_name": "Antonio Linares",
            "team": "TJH5YU202",
            "name": "alinares",
            "is_restricted": false,
            "is_ultra_restricted": false
        }
    },
    {
        "client_msg_id": "559D2E67-DB6A-406B-8235-F83E9E746B51",
        "type": "message",
        "text": "Y reiniciar apache con:",
        "user": "UJN8D8U3B",
        "ts": "1559153949.250400",
        "team": "TJH5YU202",
        "user_team": "TJH5YU202",
        "source_team": "TJH5YU202",
        "user_profile": {
            "avatar_hash": "g92ad2abcc45",
            "image_72": "https:\/\/secure.gravatar.com\/avatar\/8492ad2abcc45ce53969adcf8420acde.jpg?s=72&d=https%3A%2F%2Fa.slack-edge.com%2F80588%2Fimg%2Favatars%2Fuser_shapes%2Fava_0008-72.png",
            "first_name": "",
            "real_name": "Antonio Linares",
            "display_name": "Antonio Linares",
            "team": "TJH5YU202",
            "name": "alinares",
            "is_restricted": false,
            "is_ultra_restricted": false
        }
    },
    {
        "client_msg_id": "1B3CEA9F-A96A-4983-A07D-2204DADAE8A3",
        "type": "message",
        "text": "sudo apachectl restart",
        "user": "UJN8D8U3B",
        "ts": "1559153962.250900",
        "team": "TJH5YU202",
        "user_team": "TJH5YU202",
        "source_team": "TJH5YU202",
        "user_profile": {
            "avatar_hash": "g92ad2abcc45",
            "image_72": "https:\/\/secure.gravatar.com\/avatar\/8492ad2abcc45ce53969adcf8420acde.jpg?s=72&d=https%3A%2F%2Fa.slack-edge.com%2F80588%2Fimg%2Favatars%2Fuser_shapes%2Fava_0008-72.png",
            "first_name": "",
            "real_name": "Antonio Linares",
            "display_name": "Antonio Linares",
            "team": "TJH5YU202",
            "name": "alinares",
            "is_restricted": false,
            "is_ultra_restricted": false
        }
    },
    {
        "client_msg_id": "0a6c1573-ca64-40cc-a122-567a2640ea95",
        "type": "message",
        "text": "yo tengo mod_harbour sobre apache para windows",
        "user": "UJJD31ADQ",
        "ts": "1559154000.251900",
        "team": "TJH5YU202",
        "user_team": "TJH5YU202",
        "source_team": "TJH5YU202",
        "user_profile": {
            "avatar_hash": "ga3196581d86",
            "image_72": "https:\/\/secure.gravatar.com\/avatar\/5ba3196581d86047c9753c7349b09a5c.jpg?s=72&d=https%3A%2F%2Fa.slack-edge.com%2F80588%2Fimg%2Favatars%2Fuser_shapes%2Fava_0024-72.png",
            "first_name": "",
            "real_name": "Daniel Medina",
            "display_name": "Daniel Medina",
            "team": "TJH5YU202",
            "name": "mpdani",
            "is_restricted": false,
            "is_ultra_restricted": false
        }
    },
    {
        "client_msg_id": "c26eadc4-fc56-4d68-966c-d00799066943",
        "type": "message",
        "text": "sera ese el problema?",
        "user": "UJJD31ADQ",
        "ts": "1559154023.252700",
        "team": "TJH5YU202",
        "user_team": "TJH5YU202",
        "source_team": "TJH5YU202",
        "user_profile": {
            "avatar_hash": "ga3196581d86",
            "image_72": "https:\/\/secure.gravatar.com\/avatar\/5ba3196581d86047c9753c7349b09a5c.jpg?s=72&d=https%3A%2F%2Fa.slack-edge.com%2F80588%2Fimg%2Favatars%2Fuser_shapes%2Fava_0024-72.png",
            "first_name": "",
            "real_name": "Daniel Medina",
            "display_name": "Daniel Medina",
            "team": "TJH5YU202",
            "name": "mpdani",
            "is_restricted": false,
            "is_ultra_restricted": false
        }
    },
    {
        "client_msg_id": "E3F9ECE3-DB45-4A2C-9F5A-39883D6AAFAE",
        "type": "message",
        "text": "Daniel USA el de Linux desde windows 10 bash",
        "user": "UJN8D8U3B",
        "ts": "1559154027.253000",
        "team": "TJH5YU202",
        "user_team": "TJH5YU202",
        "source_team": "TJH5YU202",
        "user_profile": {
            "avatar_hash": "g92ad2abcc45",
            "image_72": "https:\/\/secure.gravatar.com\/avatar\/8492ad2abcc45ce53969adcf8420acde.jpg?s=72&d=https%3A%2F%2Fa.slack-edge.com%2F80588%2Fimg%2Favatars%2Fuser_shapes%2Fava_0008-72.png",
            "first_name": "",
            "real_name": "Antonio Linares",
            "display_name": "Antonio Linares",
            "team": "TJH5YU202",
            "name": "alinares",
            "is_restricted": false,
            "is_ultra_restricted": false
        }
    },
    {
        "client_msg_id": "F2159446-2CCE-4CD5-965F-CFB078105933",
        "type": "message",
        "text": "Si posiblemente",
        "user": "UJN8D8U3B",
        "ts": "1559154034.253400",
        "team": "TJH5YU202",
        "user_team": "TJH5YU202",
        "source_team": "TJH5YU202",
        "user_profile": {
            "avatar_hash": "g92ad2abcc45",
            "image_72": "https:\/\/secure.gravatar.com\/avatar\/8492ad2abcc45ce53969adcf8420acde.jpg?s=72&d=https%3A%2F%2Fa.slack-edge.com%2F80588%2Fimg%2Favatars%2Fuser_shapes%2Fava_0008-72.png",
            "first_name": "",
            "real_name": "Antonio Linares",
            "display_name": "Antonio Linares",
            "team": "TJH5YU202",
            "name": "alinares",
            "is_restricted": false,
            "is_ultra_restricted": false
        }
    },
    {
        "client_msg_id": "34fac95e-7109-407a-991d-227ef10fbb95",
        "type": "message",
        "text": "hola buenas tardes, Antonio podrias decime como actualizo los archivos en linux esos que dijiste en el mensaje anterior?",
        "user": "UJUFNFMFE",
        "ts": "1559154069.254200",
        "team": "TJH5YU202",
        "user_team": "TJH5YU202",
        "source_team": "TJH5YU202",
        "user_profile": {
            "avatar_hash": "aa4e40c137f0",
            "image_72": "https:\/\/avatars.slack-edge.com\/2019-05-21\/630419446595_aa4e40c137f03c23b9cd_72.jpg",
            "first_name": "Marcelo",
            "real_name": "Marcelo Roggeri",
            "display_name": "Marcelo Roggeri",
            "team": "TJH5YU202",
            "name": "roggerimarcelo",
            "is_restricted": false,
            "is_ultra_restricted": false
        }
    },
    {
        "client_msg_id": "31005A6C-7F40-4CE0-AD5B-1C116714410B",
        "type": "message",
        "text": "La versión de Linux es la que funciona realmente muy bien",
        "user": "UJN8D8U3B",
        "ts": "1559154089.254900",
        "team": "TJH5YU202",
        "user_team": "TJH5YU202",
        "source_team": "TJH5YU202",
        "user_profile": {
            "avatar_hash": "g92ad2abcc45",
            "image_72": "https:\/\/secure.gravatar.com\/avatar\/8492ad2abcc45ce53969adcf8420acde.jpg?s=72&d=https%3A%2F%2Fa.slack-edge.com%2F80588%2Fimg%2Favatars%2Fuser_shapes%2Fava_0008-72.png",
            "first_name": "",
            "real_name": "Antonio Linares",
            "display_name": "Antonio Linares",
            "team": "TJH5YU202",
            "name": "alinares",
            "is_restricted": false,
            "is_ultra_restricted": false
        }
    },
    {
        "client_msg_id": "cdcaa374-481f-4767-bf79-e98ebce3219e",
        "type": "message",
        "text": "ok, lo voy a instalar",
        "user": "UJJD31ADQ",
        "ts": "1559154089.255000",
        "team": "TJH5YU202",
        "user_team": "TJH5YU202",
        "source_team": "TJH5YU202",
        "user_profile": {
            "avatar_hash": "ga3196581d86",
            "image_72": "https:\/\/secure.gravatar.com\/avatar\/5ba3196581d86047c9753c7349b09a5c.jpg?s=72&d=https%3A%2F%2Fa.slack-edge.com%2F80588%2Fimg%2Favatars%2Fuser_shapes%2Fava_0024-72.png",
            "first_name": "",
            "real_name": "Daniel Medina",
            "display_name": "Daniel Medina",
            "team": "TJH5YU202",
            "name": "mpdani",
            "is_restricted": false,
            "is_ultra_restricted": false
        }
    },
    {
        "client_msg_id": "e04b56dc-fd28-4166-bd95-44e453d9a5ac",
        "type": "message",
        "text": "y comento",
        "user": "UJJD31ADQ",
        "ts": "1559154094.255300",
        "team": "TJH5YU202",
        "user_team": "TJH5YU202",
        "source_team": "TJH5YU202",
        "user_profile": {
            "avatar_hash": "ga3196581d86",
            "image_72": "https:\/\/secure.gravatar.com\/avatar\/5ba3196581d86047c9753c7349b09a5c.jpg?s=72&d=https%3A%2F%2Fa.slack-edge.com%2F80588%2Fimg%2Favatars%2Fuser_shapes%2Fava_0024-72.png",
            "first_name": "",
            "real_name": "Daniel Medina",
            "display_name": "Daniel Medina",
            "team": "TJH5YU202",
            "name": "mpdani",
            "is_restricted": false,
            "is_ultra_restricted": false
        }
    },
    {
        "client_msg_id": "5fa6e4b6-0778-40ba-8fe8-4410a7662e7f",
        "type": "message",
        "text": "donde esta esa carpeta",
        "user": "UJJD31ADQ",
        "ts": "1559154123.256500",
        "team": "TJH5YU202",
        "user_team": "TJH5YU202",
        "source_team": "TJH5YU202",
        "user_profile": {
            "avatar_hash": "ga3196581d86",
            "image_72": "https:\/\/secure.gravatar.com\/avatar\/5ba3196581d86047c9753c7349b09a5c.jpg?s=72&d=https%3A%2F%2Fa.slack-edge.com%2F80588%2Fimg%2Favatars%2Fuser_shapes%2Fava_0024-72.png",
            "first_name": "",
            "real_name": "Daniel Medina",
            "display_name": "Daniel Medina",
            "team": "TJH5YU202",
            "name": "mpdani",
            "is_restricted": false,
            "is_ultra_restricted": false
        }
    },
    {
        "client_msg_id": "d7ceb4c7-3054-4ea8-8355-479e32edeb90",
        "type": "message",
        "text": "con la version mas reciente?",
        "user": "UJJD31ADQ",
        "ts": "1559154128.256900",
        "team": "TJH5YU202",
        "user_team": "TJH5YU202",
        "source_team": "TJH5YU202",
        "user_profile": {
            "avatar_hash": "ga3196581d86",
            "image_72": "https:\/\/secure.gravatar.com\/avatar\/5ba3196581d86047c9753c7349b09a5c.jpg?s=72&d=https%3A%2F%2Fa.slack-edge.com%2F80588%2Fimg%2Favatars%2Fuser_shapes%2Fava_0024-72.png",
            "first_name": "",
            "real_name": "Daniel Medina",
            "display_name": "Daniel Medina",
            "team": "TJH5YU202",
            "name": "mpdani",
            "is_restricted": false,
            "is_ultra_restricted": false
        }
    },
    {
        "client_msg_id": "67617fdf-31e7-478b-9b86-de6bc9c66a70",
        "type": "message",
        "text": "Ok Antonio",
        "user": "UJQVBKB7U",
        "ts": "1559154130.257100",
        "team": "TJH5YU202",
        "user_team": "TJH5YU202",
        "source_team": "TJH5YU202",
        "user_profile": {
            "avatar_hash": "g8afe159664f",
            "image_72": "https:\/\/secure.gravatar.com\/avatar\/5e8afe159664f17cac71387cc478d472.jpg?s=72&d=https%3A%2F%2Fa.slack-edge.com%2F80588%2Fimg%2Favatars%2Fuser_shapes%2Fava_0005-72.png",
            "first_name": "Christiano",
            "real_name": "Christiano Augusto Silveira",
            "display_name": "Christiano Silveira",
            "team": "TJH5YU202",
            "name": "christiano.silveira",
            "is_restricted": false,
            "is_ultra_restricted": false
        }
    },
    {
        "client_msg_id": "BE938241-80CC-4731-983E-A8E9F45E2D86",
        "type": "message",
        "text": "Marcelo instala midnight commander que es la forma más sencilla de copiar etc en Linux",
        "user": "UJN8D8U3B",
        "ts": "1559154152.258100",
        "team": "TJH5YU202",
        "user_team": "TJH5YU202",
        "source_team": "TJH5YU202",
        "user_profile": {
            "avatar_hash": "g92ad2abcc45",
            "image_72": "https:\/\/secure.gravatar.com\/avatar\/8492ad2abcc45ce53969adcf8420acde.jpg?s=72&d=https%3A%2F%2Fa.slack-edge.com%2F80588%2Fimg%2Favatars%2Fuser_shapes%2Fava_0008-72.png",
            "first_name": "",
            "real_name": "Antonio Linares",
            "display_name": "Antonio Linares",
            "team": "TJH5YU202",
            "name": "alinares",
            "is_restricted": false,
            "is_ultra_restricted": false
        }
    },
    {
        "client_msg_id": "21C1FE03-7F73-4603-9EE8-20FF7FC9E45A",
        "type": "message",
        "text": "sudo apt-get install mc",
        "user": "UJN8D8U3B",
        "ts": "1559154167.258700",
        "team": "TJH5YU202",
        "user_team": "TJH5YU202",
        "source_team": "TJH5YU202",
        "user_profile": {
            "avatar_hash": "g92ad2abcc45",
            "image_72": "https:\/\/secure.gravatar.com\/avatar\/8492ad2abcc45ce53969adcf8420acde.jpg?s=72&d=https%3A%2F%2Fa.slack-edge.com%2F80588%2Fimg%2Favatars%2Fuser_shapes%2Fava_0008-72.png",
            "first_name": "",
            "real_name": "Antonio Linares",
            "display_name": "Antonio Linares",
            "team": "TJH5YU202",
            "name": "alinares",
            "is_restricted": false,
            "is_ultra_restricted": false
        }
    },
    {
        "client_msg_id": "b177ed31-89e9-4d17-9f40-009358aa460a",
        "type": "message",
        "text": "si ya lo instale",
        "user": "UJUFNFMFE",
        "ts": "1559154167.258800",
        "team": "TJH5YU202",
        "user_team": "TJH5YU202",
        "source_team": "TJH5YU202",
        "user_profile": {
            "avatar_hash": "aa4e40c137f0",
            "image_72": "https:\/\/avatars.slack-edge.com\/2019-05-21\/630419446595_aa4e40c137f03c23b9cd_72.jpg",
            "first_name": "Marcelo",
            "real_name": "Marcelo Roggeri",
            "display_name": "Marcelo Roggeri",
            "team": "TJH5YU202",
            "name": "roggerimarcelo",
            "is_restricted": false,
            "is_ultra_restricted": false
        }
    },
    {
        "client_msg_id": "5D59EE7F-7452-4748-8FAC-1AF6441C7BEC",
        "type": "message",
        "text": "sudo mc",
        "user": "UJN8D8U3B",
        "ts": "1559154174.259100",
        "team": "TJH5YU202",
        "user_team": "TJH5YU202",
        "source_team": "TJH5YU202",
        "user_profile": {
            "avatar_hash": "g92ad2abcc45",
            "image_72": "https:\/\/secure.gravatar.com\/avatar\/8492ad2abcc45ce53969adcf8420acde.jpg?s=72&d=https%3A%2F%2Fa.slack-edge.com%2F80588%2Fimg%2Favatars%2Fuser_shapes%2Fava_0008-72.png",
            "first_name": "",
            "real_name": "Antonio Linares",
            "display_name": "Antonio Linares",
            "team": "TJH5YU202",
            "name": "alinares",
            "is_restricted": false,
            "is_ultra_restricted": false
        }
    },
    {
        "client_msg_id": "abfc2574-f014-4a2d-81ca-5f53d5546321",
        "type": "message",
        "text": "sisi eso ya lo hice",
        "user": "UJUFNFMFE",
        "ts": "1559154182.259400",
        "team": "TJH5YU202",
        "user_team": "TJH5YU202",
        "source_team": "TJH5YU202",
        "user_profile": {
            "avatar_hash": "aa4e40c137f0",
            "image_72": "https:\/\/avatars.slack-edge.com\/2019-05-21\/630419446595_aa4e40c137f03c23b9cd_72.jpg",
            "first_name": "Marcelo",
            "real_name": "Marcelo Roggeri",
            "display_name": "Marcelo Roggeri",
            "team": "TJH5YU202",
            "name": "roggerimarcelo",
            "is_restricted": false,
            "is_ultra_restricted": false
        }
    },
    {
        "client_msg_id": "05FE9F9C-D0B9-4B6D-B0FA-C551781A6F26",
        "type": "message",
        "text": "Todo copiado en su sitio ?",
        "user": "UJN8D8U3B",
        "ts": "1559154196.260000",
        "team": "TJH5YU202",
        "user_team": "TJH5YU202",
        "source_team": "TJH5YU202",
        "user_profile": {
            "avatar_hash": "g92ad2abcc45",
            "image_72": "https:\/\/secure.gravatar.com\/avatar\/8492ad2abcc45ce53969adcf8420acde.jpg?s=72&d=https%3A%2F%2Fa.slack-edge.com%2F80588%2Fimg%2Favatars%2Fuser_shapes%2Fava_0008-72.png",
            "first_name": "",
            "real_name": "Antonio Linares",
            "display_name": "Antonio Linares",
            "team": "TJH5YU202",
            "name": "alinares",
            "is_restricted": false,
            "is_ultra_restricted": false
        }
    },
    {
        "client_msg_id": "93eaca3d-8e20-4557-8a7a-f046a0bc93c9",
        "type": "message",
        "text": "pero como actualizo para poder copiarlo",
        "user": "UJUFNFMFE",
        "ts": "1559154200.260100",
        "team": "TJH5YU202",
        "user_team": "TJH5YU202",
        "source_team": "TJH5YU202",
        "user_profile": {
            "avatar_hash": "aa4e40c137f0",
            "image_72": "https:\/\/avatars.slack-edge.com\/2019-05-21\/630419446595_aa4e40c137f03c23b9cd_72.jpg",
            "first_name": "Marcelo",
            "real_name": "Marcelo Roggeri",
            "display_name": "Marcelo Roggeri",
            "team": "TJH5YU202",
            "name": "roggerimarcelo",
            "is_restricted": false,
            "is_ultra_restricted": false
        }
    },
    {
        "client_msg_id": "3d153c80-60e9-4a86-9cae-55a5a090f634",
        "type": "message",
        "text": "me refieo al mod-harbour y  libharbour.so.3.2.0",
        "user": "UJUFNFMFE",
        "ts": "1559154238.260900",
        "team": "TJH5YU202",
        "user_team": "TJH5YU202",
        "source_team": "TJH5YU202",
        "user_profile": {
            "avatar_hash": "aa4e40c137f0",
            "image_72": "https:\/\/avatars.slack-edge.com\/2019-05-21\/630419446595_aa4e40c137f03c23b9cd_72.jpg",
            "first_name": "Marcelo",
            "real_name": "Marcelo Roggeri",
            "display_name": "Marcelo Roggeri",
            "team": "TJH5YU202",
            "name": "roggerimarcelo",
            "is_restricted": false,
            "is_ultra_restricted": false
        }
    },
    {
        "client_msg_id": "D55B8987-A46E-4983-8063-CFA54C3B4677",
        "type": "message",
        "text": "Los descargas desde github y los copias en su sitio y reinicias apache",
        "user": "UJN8D8U3B",
        "ts": "1559154317.261800",
        "team": "TJH5YU202",
        "user_team": "TJH5YU202",
        "source_team": "TJH5YU202",
        "user_profile": {
            "avatar_hash": "g92ad2abcc45",
            "image_72": "https:\/\/secure.gravatar.com\/avatar\/8492ad2abcc45ce53969adcf8420acde.jpg?s=72&d=https%3A%2F%2Fa.slack-edge.com%2F80588%2Fimg%2Favatars%2Fuser_shapes%2Fava_0008-72.png",
            "first_name": "",
            "real_name": "Antonio Linares",
            "display_name": "Antonio Linares",
            "team": "TJH5YU202",
            "name": "alinares",
            "is_restricted": false,
            "is_ultra_restricted": false
        }
    },
    {
        "client_msg_id": "9fc26da3-5886-43c7-a082-f0b7cada867d",
        "type": "message",
        "text": "ok ok",
        "user": "UJUFNFMFE",
        "ts": "1559154335.262300",
        "team": "TJH5YU202",
        "user_team": "TJH5YU202",
        "source_team": "TJH5YU202",
        "user_profile": {
            "avatar_hash": "aa4e40c137f0",
            "image_72": "https:\/\/avatars.slack-edge.com\/2019-05-21\/630419446595_aa4e40c137f03c23b9cd_72.jpg",
            "first_name": "Marcelo",
            "real_name": "Marcelo Roggeri",
            "display_name": "Marcelo Roggeri",
            "team": "TJH5YU202",
            "name": "roggerimarcelo",
            "is_restricted": false,
            "is_ultra_restricted": false
        }
    },
    {
        "client_msg_id": "a57df30a-934c-4374-bfd6-04dd18b8b0f3",
        "type": "message",
        "text": "gracias",
        "user": "UJUFNFMFE",
        "ts": "1559154344.262700",
        "team": "TJH5YU202",
        "user_team": "TJH5YU202",
        "source_team": "TJH5YU202",
        "user_profile": {
            "avatar_hash": "aa4e40c137f0",
            "image_72": "https:\/\/avatars.slack-edge.com\/2019-05-21\/630419446595_aa4e40c137f03c23b9cd_72.jpg",
            "first_name": "Marcelo",
            "real_name": "Marcelo Roggeri",
            "display_name": "Marcelo Roggeri",
            "team": "TJH5YU202",
            "name": "roggerimarcelo",
            "is_restricted": false,
            "is_ultra_restricted": false
        }
    },
    {
        "client_msg_id": "DEF61011-6313-4C06-BD34-AFCE8B182507",
        "type": "message",
        "text": "La versión más reciente está en 20190529",
        "user": "UJN8D8U3B",
        "ts": "1559154346.262900",
        "team": "TJH5YU202",
        "user_team": "TJH5YU202",
        "source_team": "TJH5YU202",
        "user_profile": {
            "avatar_hash": "g92ad2abcc45",
            "image_72": "https:\/\/secure.gravatar.com\/avatar\/8492ad2abcc45ce53969adcf8420acde.jpg?s=72&d=https%3A%2F%2Fa.slack-edge.com%2F80588%2Fimg%2Favatars%2Fuser_shapes%2Fava_0008-72.png",
            "first_name": "",
            "real_name": "Antonio Linares",
            "display_name": "Antonio Linares",
            "team": "TJH5YU202",
            "name": "alinares",
            "is_restricted": false,
            "is_ultra_restricted": false
        }
    },
    {
        "client_msg_id": "51b8686e-f125-4149-9d02-dc170803c91f",
        "type": "message",
        "text": ":+1:",
        "user": "UJUFNFMFE",
        "ts": "1559154356.263100",
        "team": "TJH5YU202",
        "user_team": "TJH5YU202",
        "source_team": "TJH5YU202",
        "user_profile": {
            "avatar_hash": "aa4e40c137f0",
            "image_72": "https:\/\/avatars.slack-edge.com\/2019-05-21\/630419446595_aa4e40c137f03c23b9cd_72.jpg",
            "first_name": "Marcelo",
            "real_name": "Marcelo Roggeri",
            "display_name": "Marcelo Roggeri",
            "team": "TJH5YU202",
            "name": "roggerimarcelo",
            "is_restricted": false,
            "is_ultra_restricted": false
        }
    },
    {
        "client_msg_id": "18c77cff-6905-4289-94ed-28a2f6778ead",
        "type": "message",
        "text": "Gracias",
        "user": "UJJD31ADQ",
        "ts": "1559154541.263300",
        "team": "TJH5YU202",
        "user_team": "TJH5YU202",
        "source_team": "TJH5YU202",
        "user_profile": {
            "avatar_hash": "ga3196581d86",
            "image_72": "https:\/\/secure.gravatar.com\/avatar\/5ba3196581d86047c9753c7349b09a5c.jpg?s=72&d=https%3A%2F%2Fa.slack-edge.com%2F80588%2Fimg%2Favatars%2Fuser_shapes%2Fava_0024-72.png",
            "first_name": "",
            "real_name": "Daniel Medina",
            "display_name": "Daniel Medina",
            "team": "TJH5YU202",
            "name": "mpdani",
            "is_restricted": false,
            "is_ultra_restricted": false
        }
    },
    {
        "client_msg_id": "b73b0ec9-b204-4a85-bbc0-87437bcdb54a",
        "type": "message",
        "text": "comentaré mis pruebas",
        "user": "UJJD31ADQ",
        "ts": "1559154546.263500",
        "team": "TJH5YU202",
        "user_team": "TJH5YU202",
        "source_team": "TJH5YU202",
        "user_profile": {
            "avatar_hash": "ga3196581d86",
            "image_72": "https:\/\/secure.gravatar.com\/avatar\/5ba3196581d86047c9753c7349b09a5c.jpg?s=72&d=https%3A%2F%2Fa.slack-edge.com%2F80588%2Fimg%2Favatars%2Fuser_shapes%2Fava_0024-72.png",
            "first_name": "",
            "real_name": "Daniel Medina",
            "display_name": "Daniel Medina",
            "team": "TJH5YU202",
            "name": "mpdani",
            "is_restricted": false,
            "is_ultra_restricted": false
        }
    },
    {
        "client_msg_id": "79c8fd00-c834-40b7-9f30-ce00059c3703",
        "type": "message",
        "text": "Excelente",
        "user": "UJJD31ADQ",
        "ts": "1559163046.263800",
        "team": "TJH5YU202",
        "user_team": "TJH5YU202",
        "source_team": "TJH5YU202",
        "user_profile": {
            "avatar_hash": "ga3196581d86",
            "image_72": "https:\/\/secure.gravatar.com\/avatar\/5ba3196581d86047c9753c7349b09a5c.jpg?s=72&d=https%3A%2F%2Fa.slack-edge.com%2F80588%2Fimg%2Favatars%2Fuser_shapes%2Fava_0024-72.png",
            "first_name": "",
            "real_name": "Daniel Medina",
            "display_name": "Daniel Medina",
            "team": "TJH5YU202",
            "name": "mpdani",
            "is_restricted": false,
            "is_ultra_restricted": false
        }
    },
    {
        "client_msg_id": "efe7930d-4c5b-445b-b696-d9c1469ca5fb",
        "type": "message",
        "text": "con la version linux si me funcionaron los ejemplos",
        "user": "UJJD31ADQ",
        "ts": "1559163057.264100",
        "team": "TJH5YU202",
        "user_team": "TJH5YU202",
        "source_team": "TJH5YU202",
        "user_profile": {
            "avatar_hash": "ga3196581d86",
            "image_72": "https:\/\/secure.gravatar.com\/avatar\/5ba3196581d86047c9753c7349b09a5c.jpg?s=72&d=https%3A%2F%2Fa.slack-edge.com%2F80588%2Fimg%2Favatars%2Fuser_shapes%2Fava_0024-72.png",
            "first_name": "",
            "real_name": "Daniel Medina",
            "display_name": "Daniel Medina",
            "team": "TJH5YU202",
            "name": "mpdani",
            "is_restricted": false,
            "is_ultra_restricted": false
        }
    },
    {
        "client_msg_id": "a969c978-9e15-481d-969e-18ad11a71028",
        "type": "message",
        "text": "Gracias!!",
        "user": "UJJD31ADQ",
        "ts": "1559163137.264300",
        "team": "TJH5YU202",
        "user_team": "TJH5YU202",
        "source_team": "TJH5YU202",
        "user_profile": {
            "avatar_hash": "ga3196581d86",
            "image_72": "https:\/\/secure.gravatar.com\/avatar\/5ba3196581d86047c9753c7349b09a5c.jpg?s=72&d=https%3A%2F%2Fa.slack-edge.com%2F80588%2Fimg%2Favatars%2Fuser_shapes%2Fava_0024-72.png",
            "first_name": "",
            "real_name": "Daniel Medina",
            "display_name": "Daniel Medina",
            "team": "TJH5YU202",
            "name": "mpdani",
            "is_restricted": false,
            "is_ultra_restricted": false
        }
    },
    {
        "client_msg_id": "35310ef5-167a-4940-b911-da365138d428",
        "type": "message",
        "text": "Hola a todos!, tengo funcionando mod_harbour en raspberry pi model b con Raspbian, he podido generar la libharbour.so.3.2.0, y bajé una version de mod_harbour hecha por un usuario aquí. Todo funcionando!, la pregunta es: puedo generar el mod_harbour directamente desde raspbian?, porque hay constantes actualizaciones y quedo desactualizado dependiendo de que el usuario cree una nueva versión. Gracias!",
        "user": "UK15KFSMT",
        "ts": "1559171609.268200",
        "team": "TJH5YU202",
        "user_team": "TJH5YU202",
        "source_team": "TJH5YU202",
        "user_profile": {
            "avatar_hash": "g9ceb070a2a4",
            "image_72": "https:\/\/secure.gravatar.com\/avatar\/289ceb070a2a4bde487ac29ae089ee4b.jpg?s=72&d=https%3A%2F%2Fa.slack-edge.com%2F80588%2Fimg%2Favatars%2Fuser_shapes%2Fava_0008-72.png",
            "first_name": "",
            "real_name": "Roberto Olaciregui",
            "display_name": "Roberto Olaciregui",
            "team": "TJH5YU202",
            "name": "roberto.olaciregui",
            "is_restricted": false,
            "is_ultra_restricted": false
        }
    },
    {
        "client_msg_id": "501ba211-2647-44a6-abc9-14a6f1a02c0b",
        "type": "message",
        "text": "Estimado, hoy sin falta me doy prisa a generar de nuevo la actualización y subirlar, yo soy el que inicio la compilación en raspberry, desde luego gracias a antonio",
        "user": "UJUSD6VB2",
        "ts": "1559184191.000900",
        "team": "TJH5YU202",
        "user_team": "TJH5YU202",
        "source_team": "TJH5YU202",
        "user_profile": {
            "avatar_hash": "g1677a02d0b6",
            "image_72": "https:\/\/secure.gravatar.com\/avatar\/bb1677a02d0b69ba91eb245090c7c83a.jpg?s=72&d=https%3A%2F%2Fa.slack-edge.com%2F80588%2Fimg%2Favatars%2Fuser_shapes%2Fava_0015-72.png",
            "first_name": "",
            "real_name": "Osvaldo Ramirez",
            "display_name": "Osvaldo Ramirez",
            "team": "TJH5YU202",
            "name": "ramirezosvaldo",
            "is_restricted": false,
            "is_ultra_restricted": false
        }
    },
    {
        "client_msg_id": "21302f45-d880-430e-9504-12537811e992",
        "type": "message",
        "text": "Listo Roberto, actualización completa, saludos",
        "user": "UJUSD6VB2",
        "ts": "1559190082.001400",
        "team": "TJH5YU202",
        "user_team": "TJH5YU202",
        "source_team": "TJH5YU202",
        "user_profile": {
            "avatar_hash": "g1677a02d0b6",
            "image_72": "https:\/\/secure.gravatar.com\/avatar\/bb1677a02d0b69ba91eb245090c7c83a.jpg?s=72&d=https%3A%2F%2Fa.slack-edge.com%2F80588%2Fimg%2Favatars%2Fuser_shapes%2Fava_0015-72.png",
            "first_name": "",
            "real_name": "Osvaldo Ramirez",
            "display_name": "Osvaldo Ramirez",
            "team": "TJH5YU202",
            "name": "ramirezosvaldo",
            "is_restricted": false,
            "is_ultra_restricted": false
        },
        "reactions": [
            {
                "name": "grinning",
                "users": [
                    "UK15KFSMT"
                ],
                "count": 1
            }
        ]
    },
    {
        "client_msg_id": "7af7234a-ed1d-4987-a74f-9ad79e56d061",
        "type": "message",
        "text": "Antonio, subi cambios hizo un pull request, te comento, ahora fue mas fácil la compilación.",
        "user": "UJUSD6VB2",
        "ts": "1559190124.002300",
        "team": "TJH5YU202",
        "user_team": "TJH5YU202",
        "source_team": "TJH5YU202",
        "user_profile": {
            "avatar_hash": "g1677a02d0b6",
            "image_72": "https:\/\/secure.gravatar.com\/avatar\/bb1677a02d0b69ba91eb245090c7c83a.jpg?s=72&d=https%3A%2F%2Fa.slack-edge.com%2F80588%2Fimg%2Favatars%2Fuser_shapes%2Fava_0015-72.png",
            "first_name": "",
            "real_name": "Osvaldo Ramirez",
            "display_name": "Osvaldo Ramirez",
            "team": "TJH5YU202",
            "name": "ramirezosvaldo",
            "is_restricted": false,
            "is_ultra_restricted": false
        }
    },
    {
        "client_msg_id": "31f24dff-12fb-414e-8a22-d7dc1d005fc4",
        "type": "message",
        "text": "gracias Osvaldo :+1:",
        "user": "UJN8D8U3B",
        "ts": "1559192728.002600",
        "team": "TJH5YU202",
        "user_team": "TJH5YU202",
        "source_team": "TJH5YU202",
        "user_profile": {
            "avatar_hash": "g92ad2abcc45",
            "image_72": "https:\/\/secure.gravatar.com\/avatar\/8492ad2abcc45ce53969adcf8420acde.jpg?s=72&d=https%3A%2F%2Fa.slack-edge.com%2F80588%2Fimg%2Favatars%2Fuser_shapes%2Fava_0008-72.png",
            "first_name": "",
            "real_name": "Antonio Linares",
            "display_name": "Antonio Linares",
            "team": "TJH5YU202",
            "name": "alinares",
            "is_restricted": false,
            "is_ultra_restricted": false
        }
    },
    {
        "client_msg_id": "d2ea7d01-1736-4b63-8fcb-112c456fb7c7",
        "type": "message",
        "text": "Me estoy encontrando con los siguientes errores:",
        "user": "UJK7SNX51",
        "ts": "1559197799.003200",
        "team": "TJH5YU202",
        "user_team": "TJH5YU202",
        "source_team": "TJH5YU202",
        "user_profile": {
            "avatar_hash": "6698a9ba696b",
            "image_72": "https:\/\/avatars.slack-edge.com\/2019-07-04\/673660529330_6698a9ba696bad01eb8c_72.jpg",
            "first_name": "Baxajaun",
            "real_name": "Baxajaun",
            "display_name": "Baxajaun",
            "team": "TJH5YU202",
            "name": "fpgrande",
            "is_restricted": false,
            "is_ultra_restricted": false
        }
    },
    {
        "client_msg_id": "33f1a94c-edfb-41e3-bfc6-8ef4e3f1d358",
        "type": "message",
        "text": "Unrecoverable error 6005: Exception SIGSEGV at address (nil)\nCalled from HB_DYNCALL(0)\nCalled from MYSQL_NUM_ROWS(151) in pcode.hrb\nCalled from MAIN(51) in pcode.hrb\nCalled from HB_HRBDO(0)\nCalled from EXECUTE(54) in ..\/..\/..\/apache.prg\nCalled from _APPMAIN(21) in ..\/..\/..\/apache.prg\n\nUnrecoverable error 6005: Exception SIGSEGV at address (nil)\nCalled from HB_DYNCALL(0)\nCalled from MYSQL_NUM_ROWS(151) in pcode.hrb\nCalled from MAIN(51) in pcode.hrb\nCalled from HB_HRBDO(0)\nCalled from EXECUTE(54) in ..\/..\/..\/apache.prg\nCalled from _APPMAIN(21) in ..\/..\/..\/apache.prg\n\nUnrecoverable error 6005: Exception SIGSEGV at address (nil)\nCalled from HB_DYNCALL(0)\nCalled from MYSQL_NUM_ROWS(151) in pcode.hrb\nCalled from MAIN(51) in pcode.hrb\nCalled from HB_HRBDO(0)\nCalled from EXECUTE(54) in ..\/..\/..\/apache.prg\nCalled from _APPMAIN(21) in ..\/..\/..\/apache.prg\n\nUnrecoverable error 6005: Exception SIGSEGV at address (nil)\nCalled from HB_DYNCALL(0)\nCalled from MYSQL_NUM_ROWS(151) in pcode.hrb\nCalled from MAIN(51) in pcode.hrb\nCalled from HB_HRBDO(0)\nCalled from EXECUTE(54) in ..\/..\/..\/apache.prg\nCalled from _APPMAIN(21) in ..\/..\/..\/apache.prg\n\nUnrecoverable error 6005: Exception SIGSEGV at address (nil)\nCalled from HB_DYNCALL(0)\nCalled from MYSQL_NUM_ROWS(151) in pcode.hrb\nCalled from MAIN(51) in pcode.hrb\nCalled from HB_HRBDO(0)\nCalled from EXECUTE(54) in ..\/..\/..\/apache.prg\nCalled from _APPMAIN(21) in ..\/..\/..\/apache.prg\n\nUnrecoverable error 6005: Exception SIGSEGV at address (nil)\nCalled from HB_DYNCALL(0)\nCalled from MYSQL_NUM_ROWS(151) in pcode.hrb\nCalled from MAIN(51) in pcode.hrb\nCalled from HB_HRBDO(0)\nCalled from EXECUTE(54) in ..\/..\/..\/apache.prg\nCalled from _APPMAIN(21) in ..\/..\/..\/apache.prg",
        "user": "UJK7SNX51",
        "ts": "1559197807.003400",
        "team": "TJH5YU202",
        "user_team": "TJH5YU202",
        "source_team": "TJH5YU202",
        "user_profile": {
            "avatar_hash": "6698a9ba696b",
            "image_72": "https:\/\/avatars.slack-edge.com\/2019-07-04\/673660529330_6698a9ba696bad01eb8c_72.jpg",
            "first_name": "Baxajaun",
            "real_name": "Baxajaun",
            "display_name": "Baxajaun",
            "team": "TJH5YU202",
            "name": "fpgrande",
            "is_restricted": false,
            "is_ultra_restricted": false
        }
    },
    {
        "client_msg_id": "182f4d8b-bb1d-4e0f-a1fa-b615de70d8f8",
        "type": "message",
        "text": "Felix ejecutando samples\/mysql.prg ?",
        "user": "UJN8D8U3B",
        "ts": "1559198084.003700",
        "team": "TJH5YU202",
        "user_team": "TJH5YU202",
        "source_team": "TJH5YU202",
        "user_profile": {
            "avatar_hash": "g92ad2abcc45",
            "image_72": "https:\/\/secure.gravatar.com\/avatar\/8492ad2abcc45ce53969adcf8420acde.jpg?s=72&d=https%3A%2F%2Fa.slack-edge.com%2F80588%2Fimg%2Favatars%2Fuser_shapes%2Fava_0008-72.png",
            "first_name": "",
            "real_name": "Antonio Linares",
            "display_name": "Antonio Linares",
            "team": "TJH5YU202",
            "name": "alinares",
            "is_restricted": false,
            "is_ultra_restricted": false
        }
    },
    {
        "client_msg_id": "c1a98bfc-fa79-4803-91a3-b3a6a9f389d5",
        "type": "message",
        "text": "lo has modificado ?",
        "user": "UJN8D8U3B",
        "ts": "1559198110.004000",
        "team": "TJH5YU202",
        "user_team": "TJH5YU202",
        "source_team": "TJH5YU202",
        "user_profile": {
            "avatar_hash": "g92ad2abcc45",
            "image_72": "https:\/\/secure.gravatar.com\/avatar\/8492ad2abcc45ce53969adcf8420acde.jpg?s=72&d=https%3A%2F%2Fa.slack-edge.com%2F80588%2Fimg%2Favatars%2Fuser_shapes%2Fava_0008-72.png",
            "first_name": "",
            "real_name": "Antonio Linares",
            "display_name": "Antonio Linares",
            "team": "TJH5YU202",
            "name": "alinares",
            "is_restricted": false,
            "is_ultra_restricted": false
        }
    },
    {
        "client_msg_id": "edadfcdf-2cab-4d92-9d64-dffa4750f9be",
        "type": "message",
        "text": "Si, ejecutando ese ejemplo. Sólo he modificado la lib de mariadb.",
        "user": "UJK7SNX51",
        "ts": "1559198200.004600",
        "team": "TJH5YU202",
        "user_team": "TJH5YU202",
        "source_team": "TJH5YU202",
        "user_profile": {
            "avatar_hash": "6698a9ba696b",
            "image_72": "https:\/\/avatars.slack-edge.com\/2019-07-04\/673660529330_6698a9ba696bad01eb8c_72.jpg",
            "first_name": "Baxajaun",
            "real_name": "Baxajaun",
            "display_name": "Baxajaun",
            "team": "TJH5YU202",
            "name": "fpgrande",
            "is_restricted": false,
            "is_ultra_restricted": false
        }
    },
    {
        "client_msg_id": "74f856aa-62ce-40af-8f6d-5d72d8131cd9",
        "type": "message",
        "text": "busca la documentación de mysql_num_rows() para MariaDB",
        "user": "UJN8D8U3B",
        "ts": "1559198264.005100",
        "team": "TJH5YU202",
        "user_team": "TJH5YU202",
        "source_team": "TJH5YU202",
        "user_profile": {
            "avatar_hash": "g92ad2abcc45",
            "image_72": "https:\/\/secure.gravatar.com\/avatar\/8492ad2abcc45ce53969adcf8420acde.jpg?s=72&d=https%3A%2F%2Fa.slack-edge.com%2F80588%2Fimg%2Favatars%2Fuser_shapes%2Fava_0008-72.png",
            "first_name": "",
            "real_name": "Antonio Linares",
            "display_name": "Antonio Linares",
            "team": "TJH5YU202",
            "name": "alinares",
            "is_restricted": false,
            "is_ultra_restricted": false
        }
    },
    {
        "client_msg_id": "cd01132a-42d3-4e12-903a-adf4177575ac",
        "type": "message",
        "text": "por si hubiese alguna diferencia respecto a mysql_num_rows() de MySQL",
        "user": "UJN8D8U3B",
        "ts": "1559198282.005700",
        "team": "TJH5YU202",
        "user_team": "TJH5YU202",
        "source_team": "TJH5YU202",
        "user_profile": {
            "avatar_hash": "g92ad2abcc45",
            "image_72": "https:\/\/secure.gravatar.com\/avatar\/8492ad2abcc45ce53969adcf8420acde.jpg?s=72&d=https%3A%2F%2Fa.slack-edge.com%2F80588%2Fimg%2Favatars%2Fuser_shapes%2Fava_0008-72.png",
            "first_name": "",
            "real_name": "Antonio Linares",
            "display_name": "Antonio Linares",
            "team": "TJH5YU202",
            "name": "alinares",
            "is_restricted": false,
            "is_ultra_restricted": false
        }
    },
    {
        "client_msg_id": "f26b1927-f9cd-43f9-94c1-bb7b86b16d06",
        "type": "message",
        "text": "Esta es mi línea:  pLib = hb_LibLoad( \"\/usr\/lib64\/mysql\/libmysqlclient.so.18\" ) \/\/ libmysqlclient.so.20 for mariaDB",
        "user": "UJK7SNX51",
        "ts": "1559198287.005900",
        "team": "TJH5YU202",
        "user_team": "TJH5YU202",
        "source_team": "TJH5YU202",
        "user_profile": {
            "avatar_hash": "6698a9ba696b",
            "image_72": "https:\/\/avatars.slack-edge.com\/2019-07-04\/673660529330_6698a9ba696bad01eb8c_72.jpg",
            "first_name": "Baxajaun",
            "real_name": "Baxajaun",
            "display_name": "Baxajaun",
            "team": "TJH5YU202",
            "name": "fpgrande",
            "is_restricted": false,
            "is_ultra_restricted": false
        }
    },
    {
        "client_msg_id": "6e835485-2d77-4035-a59f-e8c9c0b0434c",
        "type": "message",
        "text": "MariaDB : The behaviour of mysql_num_rows() depends on whether buffered or unbuffered result sets are being used. For unbuffered result sets, mysql_num_rows() will not return the correct number of rows until all the rows in the result have been retrieved.",
        "user": "UJK7SNX51",
        "ts": "1559198430.006200",
        "team": "TJH5YU202",
        "user_team": "TJH5YU202",
        "source_team": "TJH5YU202",
        "user_profile": {
            "avatar_hash": "6698a9ba696b",
            "image_72": "https:\/\/avatars.slack-edge.com\/2019-07-04\/673660529330_6698a9ba696bad01eb8c_72.jpg",
            "first_name": "Baxajaun",
            "real_name": "Baxajaun",
            "display_name": "Baxajaun",
            "team": "TJH5YU202",
            "name": "fpgrande",
            "is_restricted": false,
            "is_ultra_restricted": false
        }
    },
    {
        "client_msg_id": "d7053846-8fc1-4097-a8da-860c300821ca",
        "type": "message",
        "text": "my_ulonglong mysql_num_rows(MYSQL_RES * );",
        "user": "UJK7SNX51",
        "ts": "1559198492.006700",
        "team": "TJH5YU202",
        "user_team": "TJH5YU202",
        "source_team": "TJH5YU202",
        "user_profile": {
            "avatar_hash": "6698a9ba696b",
            "image_72": "https:\/\/avatars.slack-edge.com\/2019-07-04\/673660529330_6698a9ba696bad01eb8c_72.jpg",
            "first_name": "Baxajaun",
            "real_name": "Baxajaun",
            "display_name": "Baxajaun",
            "team": "TJH5YU202",
            "name": "fpgrande",
            "is_restricted": false,
            "is_ultra_restricted": false
        }
    },
    {
        "client_msg_id": "d513127b-1c53-42d8-b827-d76bf7230f95",
        "type": "message",
        "text": "Felix copia aqui todo lo que te sale en pantalla del ejemplo mysql.prg",
        "user": "UJN8D8U3B",
        "ts": "1559198581.007200",
        "team": "TJH5YU202",
        "user_team": "TJH5YU202",
        "source_team": "TJH5YU202",
        "user_profile": {
            "avatar_hash": "g92ad2abcc45",
            "image_72": "https:\/\/secure.gravatar.com\/avatar\/8492ad2abcc45ce53969adcf8420acde.jpg?s=72&d=https%3A%2F%2Fa.slack-edge.com%2F80588%2Fimg%2Favatars%2Fuser_shapes%2Fava_0008-72.png",
            "first_name": "",
            "real_name": "Antonio Linares",
            "display_name": "Antonio Linares",
            "team": "TJH5YU202",
            "name": "alinares",
            "is_restricted": false,
            "is_ultra_restricted": false
        }
    },
    {
        "type": "message",
        "text": "Esto es lo que aparece",
        "files": [
            {
                "id": "FK3GZ9ZNY",
                "created": 1559198795,
                "timestamp": 1559198795,
                "name": "mysql.prg.jpg",
                "title": "mysql.prg.jpg",
                "mimetype": "image\/jpeg",
                "filetype": "jpg",
                "pretty_type": "JPEG",
                "user": "UJK7SNX51",
                "editable": false,
                "size": 39612,
                "mode": "hosted",
                "is_external": false,
                "external_type": "",
                "is_public": true,
                "public_url_shared": false,
                "display_as_bot": false,
                "username": "",
                "url_private": "https:\/\/files.slack.com\/files-pri\/TJH5YU202-FK3GZ9ZNY\/mysql.prg.jpg?t=xoxe-629202954002-776688371669-763909703378-01ffaa4c4eeda75ea92ad255b32a04e5",
                "url_private_download": "https:\/\/files.slack.com\/files-pri\/TJH5YU202-FK3GZ9ZNY\/download\/mysql.prg.jpg?t=xoxe-629202954002-776688371669-763909703378-01ffaa4c4eeda75ea92ad255b32a04e5",
                "thumb_64": "https:\/\/files.slack.com\/files-tmb\/TJH5YU202-FK3GZ9ZNY-9279e1b9aa\/mysql.prg_64.jpg?t=xoxe-629202954002-776688371669-763909703378-01ffaa4c4eeda75ea92ad255b32a04e5",
                "thumb_80": "https:\/\/files.slack.com\/files-tmb\/TJH5YU202-FK3GZ9ZNY-9279e1b9aa\/mysql.prg_80.jpg?t=xoxe-629202954002-776688371669-763909703378-01ffaa4c4eeda75ea92ad255b32a04e5",
                "thumb_360": "https:\/\/files.slack.com\/files-tmb\/TJH5YU202-FK3GZ9ZNY-9279e1b9aa\/mysql.prg_360.jpg?t=xoxe-629202954002-776688371669-763909703378-01ffaa4c4eeda75ea92ad255b32a04e5",
                "thumb_360_w": 360,
                "thumb_360_h": 227,
                "thumb_480": "https:\/\/files.slack.com\/files-tmb\/TJH5YU202-FK3GZ9ZNY-9279e1b9aa\/mysql.prg_480.jpg?t=xoxe-629202954002-776688371669-763909703378-01ffaa4c4eeda75ea92ad255b32a04e5",
                "thumb_480_w": 480,
                "thumb_480_h": 303,
                "thumb_160": "https:\/\/files.slack.com\/files-tmb\/TJH5YU202-FK3GZ9ZNY-9279e1b9aa\/mysql.prg_160.jpg?t=xoxe-629202954002-776688371669-763909703378-01ffaa4c4eeda75ea92ad255b32a04e5",
                "image_exif_rotation": 1,
                "original_w": 708,
                "original_h": 447,
                "permalink": "https:\/\/harbourproject.slack.com\/files\/UJK7SNX51\/FK3GZ9ZNY\/mysql.prg.jpg",
                "permalink_public": "https:\/\/slack-files.com\/TJH5YU202-FK3GZ9ZNY-98029294a9",
                "is_starred": false,
                "has_rich_preview": false
            }
        ],
        "upload": true,
        "user": "UJK7SNX51",
        "display_as_bot": false,
        "ts": "1559198797.007300",
        "client_msg_id": "3b5b4064-c4ce-4ff5-b96d-d0164057f120"
    }
]