[
    {
        "client_msg_id": "9df44e8f-e402-484a-b832-1ab2982c883b",
        "type": "message",
        "text": ":+1:",
        "user": "UJK7SNX51",
        "ts": "1559637945.019700",
        "team": "TJH5YU202",
        "user_team": "TJH5YU202",
        "source_team": "TJH5YU202",
        "user_profile": {
            "avatar_hash": "6698a9ba696b",
            "image_72": "https:\/\/avatars.slack-edge.com\/2019-07-04\/673660529330_6698a9ba696bad01eb8c_72.jpg",
            "first_name": "Baxajaun",
            "real_name": "Baxajaun",
            "display_name": "Baxajaun",
            "team": "TJH5YU202",
            "name": "fpgrande",
            "is_restricted": false,
            "is_ultra_restricted": false
        }
    },
    {
        "client_msg_id": "8978eda8-2152-421f-9fea-09284a1bd843",
        "type": "message",
        "text": "excelente",
        "user": "UJJD31ADQ",
        "ts": "1559651126.020000",
        "team": "TJH5YU202",
        "user_team": "TJH5YU202",
        "source_team": "TJH5YU202",
        "user_profile": {
            "avatar_hash": "ga3196581d86",
            "image_72": "https:\/\/secure.gravatar.com\/avatar\/5ba3196581d86047c9753c7349b09a5c.jpg?s=72&d=https%3A%2F%2Fa.slack-edge.com%2F80588%2Fimg%2Favatars%2Fuser_shapes%2Fava_0024-72.png",
            "first_name": "",
            "real_name": "Daniel Medina",
            "display_name": "Daniel Medina",
            "team": "TJH5YU202",
            "name": "mpdani",
            "is_restricted": false,
            "is_ultra_restricted": false
        }
    },
    {
        "client_msg_id": "92b6cf10-9b6b-4a93-aa05-63b403eabb19",
        "type": "message",
        "text": "(y)",
        "user": "UJJD31ADQ",
        "ts": "1559651137.020400",
        "team": "TJH5YU202",
        "user_team": "TJH5YU202",
        "source_team": "TJH5YU202",
        "user_profile": {
            "avatar_hash": "ga3196581d86",
            "image_72": "https:\/\/secure.gravatar.com\/avatar\/5ba3196581d86047c9753c7349b09a5c.jpg?s=72&d=https%3A%2F%2Fa.slack-edge.com%2F80588%2Fimg%2Favatars%2Fuser_shapes%2Fava_0024-72.png",
            "first_name": "",
            "real_name": "Daniel Medina",
            "display_name": "Daniel Medina",
            "team": "TJH5YU202",
            "name": "mpdani",
            "is_restricted": false,
            "is_ultra_restricted": false
        }
    },
    {
        "client_msg_id": "3979d04f-2652-43ef-99ec-d1264e8dd8d9",
        "type": "message",
        "text": "Gracias Antonio!",
        "user": "UJJD31ADQ",
        "ts": "1559651175.020900",
        "team": "TJH5YU202",
        "user_team": "TJH5YU202",
        "source_team": "TJH5YU202",
        "user_profile": {
            "avatar_hash": "ga3196581d86",
            "image_72": "https:\/\/secure.gravatar.com\/avatar\/5ba3196581d86047c9753c7349b09a5c.jpg?s=72&d=https%3A%2F%2Fa.slack-edge.com%2F80588%2Fimg%2Favatars%2Fuser_shapes%2Fava_0024-72.png",
            "first_name": "",
            "real_name": "Daniel Medina",
            "display_name": "Daniel Medina",
            "team": "TJH5YU202",
            "name": "mpdani",
            "is_restricted": false,
            "is_ultra_restricted": false
        }
    },
    {
        "client_msg_id": "eb8baff4-fd4a-4009-abe8-2e91cb8639d1",
        "type": "message",
        "text": "Daniel ya está disponible el mod_harbour para Windows 64 bits, usando la misma arquitectura que el de Linux:",
        "user": "UJN8D8U3B",
        "ts": "1559663405.021900",
        "team": "TJH5YU202",
        "user_team": "TJH5YU202",
        "source_team": "TJH5YU202",
        "user_profile": {
            "avatar_hash": "g92ad2abcc45",
            "image_72": "https:\/\/secure.gravatar.com\/avatar\/8492ad2abcc45ce53969adcf8420acde.jpg?s=72&d=https%3A%2F%2Fa.slack-edge.com%2F80588%2Fimg%2Favatars%2Fuser_shapes%2Fava_0008-72.png",
            "first_name": "",
            "real_name": "Antonio Linares",
            "display_name": "Antonio Linares",
            "team": "TJH5YU202",
            "name": "alinares",
            "is_restricted": false,
            "is_ultra_restricted": false
        }
    },
    {
        "client_msg_id": "76937fd0-3763-4e40-95c4-16ecd317756a",
        "type": "message",
        "text": "<https:\/\/github.com\/FiveTechSoft\/mod_harbour\/tree\/master\/windows_new\/win64>",
        "user": "UJN8D8U3B",
        "ts": "1559663429.022100",
        "team": "TJH5YU202",
        "user_team": "TJH5YU202",
        "source_team": "TJH5YU202",
        "user_profile": {
            "avatar_hash": "g92ad2abcc45",
            "image_72": "https:\/\/secure.gravatar.com\/avatar\/8492ad2abcc45ce53969adcf8420acde.jpg?s=72&d=https%3A%2F%2Fa.slack-edge.com%2F80588%2Fimg%2Favatars%2Fuser_shapes%2Fava_0008-72.png",
            "first_name": "",
            "real_name": "Antonio Linares",
            "display_name": "Antonio Linares",
            "team": "TJH5YU202",
            "name": "alinares",
            "is_restricted": false,
            "is_ultra_restricted": false
        },
        "attachments": [
            {
                "service_name": "GitHub",
                "title": "FiveTechSoft\/mod_harbour",
                "title_link": "https:\/\/github.com\/FiveTechSoft\/mod_harbour\/tree\/master\/windows_new\/win64",
                "text": "Apache mod for Harbour. Contribute to FiveTechSoft\/mod_harbour development by creating an account on GitHub.",
                "fallback": "GitHub: FiveTechSoft\/mod_harbour",
                "from_url": "https:\/\/github.com\/FiveTechSoft\/mod_harbour\/tree\/master\/windows_new\/win64",
                "thumb_url": "https:\/\/repository-images.githubusercontent.com\/186821405\/052d6000-7f03-11e9-85fa-9472623f216c",
                "thumb_width": 190,
                "thumb_height": 191,
                "service_icon": "https:\/\/a.slack-edge.com\/bfaba\/img\/unfurl_icons\/github.png",
                "id": 1,
                "original_url": "https:\/\/github.com\/FiveTechSoft\/mod_harbour\/tree\/master\/windows_new\/win64"
            }
        ]
    },
    {
        "client_msg_id": "774b44fa-0d71-4708-8107-c143fa8c2079",
        "type": "message",
        "text": "Charly y como ves ahora este nuevo concepto modharbour.   saludos amigo desde mexico.",
        "user": "UK28N3CER",
        "ts": "1559663748.022300",
        "team": "TJH5YU202",
        "user_team": "TJH5YU202",
        "source_team": "TJH5YU202",
        "user_profile": {
            "avatar_hash": "3fec6e3393a8",
            "image_72": "https:\/\/avatars.slack-edge.com\/2019-08-17\/723363154273_3fec6e3393a86fb3e470_72.jpg",
            "first_name": "",
            "real_name": "Cesar SysCtrl Software",
            "display_name": "Cesar SysCtrl Software",
            "team": "TJH5YU202",
            "name": "sysctrlsoftware",
            "is_restricted": false,
            "is_ultra_restricted": false
        },
        "thread_ts": "1559420750.221800",
        "parent_user_id": "UK28N3CER"
    },
    {
        "client_msg_id": "d0c5c19c-8dfd-4c06-a777-ddb6329ef43c",
        "type": "message",
        "text": "a probar!",
        "user": "UJJD31ADQ",
        "ts": "1559664106.022600",
        "team": "TJH5YU202",
        "user_team": "TJH5YU202",
        "source_team": "TJH5YU202",
        "user_profile": {
            "avatar_hash": "ga3196581d86",
            "image_72": "https:\/\/secure.gravatar.com\/avatar\/5ba3196581d86047c9753c7349b09a5c.jpg?s=72&d=https%3A%2F%2Fa.slack-edge.com%2F80588%2Fimg%2Favatars%2Fuser_shapes%2Fava_0024-72.png",
            "first_name": "",
            "real_name": "Daniel Medina",
            "display_name": "Daniel Medina",
            "team": "TJH5YU202",
            "name": "mpdani",
            "is_restricted": false,
            "is_ultra_restricted": false
        }
    },
    {
        "client_msg_id": "eb6b423a-aa29-498d-a490-13fccd404b7f",
        "type": "message",
        "text": ":+1:",
        "user": "UJN8D8U3B",
        "ts": "1559664193.022800",
        "team": "TJH5YU202",
        "user_team": "TJH5YU202",
        "source_team": "TJH5YU202",
        "user_profile": {
            "avatar_hash": "g92ad2abcc45",
            "image_72": "https:\/\/secure.gravatar.com\/avatar\/8492ad2abcc45ce53969adcf8420acde.jpg?s=72&d=https%3A%2F%2Fa.slack-edge.com%2F80588%2Fimg%2Favatars%2Fuser_shapes%2Fava_0008-72.png",
            "first_name": "",
            "real_name": "Antonio Linares",
            "display_name": "Antonio Linares",
            "team": "TJH5YU202",
            "name": "alinares",
            "is_restricted": false,
            "is_ultra_restricted": false
        }
    },
    {
        "client_msg_id": "7df80ee5-5a86-484d-9711-7af668d97e66",
        "type": "message",
        "text": "No es tan rápido como el de Linux pero funciona :slightly_smiling_face:",
        "user": "UJN8D8U3B",
        "ts": "1559664206.023100",
        "team": "TJH5YU202",
        "user_team": "TJH5YU202",
        "source_team": "TJH5YU202",
        "user_profile": {
            "avatar_hash": "g92ad2abcc45",
            "image_72": "https:\/\/secure.gravatar.com\/avatar\/8492ad2abcc45ce53969adcf8420acde.jpg?s=72&d=https%3A%2F%2Fa.slack-edge.com%2F80588%2Fimg%2Favatars%2Fuser_shapes%2Fava_0008-72.png",
            "first_name": "",
            "real_name": "Antonio Linares",
            "display_name": "Antonio Linares",
            "team": "TJH5YU202",
            "name": "alinares",
            "is_restricted": false,
            "is_ultra_restricted": false
        }
    },
    {
        "client_msg_id": "366c976f-82ab-4870-a277-6e76ba3e9590",
        "type": "message",
        "text": "Muy bueno Antonio",
        "user": "UJWR5N32S",
        "ts": "1559664242.023700",
        "team": "TJH5YU202",
        "user_team": "TJH5YU202",
        "source_team": "TJH5YU202",
        "user_profile": {
            "avatar_hash": "273d3745f7ae",
            "image_72": "https:\/\/avatars.slack-edge.com\/2019-05-20\/634344238497_273d3745f7ae1b176b82_72.jpg",
            "first_name": "Charly",
            "real_name": "Charly",
            "display_name": "Charly",
            "team": "TJH5YU202",
            "name": "carles9000",
            "is_restricted": false,
            "is_ultra_restricted": false
        }
    },
    {
        "client_msg_id": "8f045102-34ae-4de4-b811-b53c470c602d",
        "type": "message",
        "text": "Ideal para Windows 64 server, Windows 7 64, etc. (Windows que no sean 10 con bash)",
        "user": "UJN8D8U3B",
        "ts": "1559664249.023900",
        "team": "TJH5YU202",
        "user_team": "TJH5YU202",
        "source_team": "TJH5YU202",
        "user_profile": {
            "avatar_hash": "g92ad2abcc45",
            "image_72": "https:\/\/secure.gravatar.com\/avatar\/8492ad2abcc45ce53969adcf8420acde.jpg?s=72&d=https%3A%2F%2Fa.slack-edge.com%2F80588%2Fimg%2Favatars%2Fuser_shapes%2Fava_0008-72.png",
            "first_name": "",
            "real_name": "Antonio Linares",
            "display_name": "Antonio Linares",
            "team": "TJH5YU202",
            "name": "alinares",
            "is_restricted": false,
            "is_ultra_restricted": false
        }
    },
    {
        "client_msg_id": "7faad3a3-00d5-4a90-b033-e9c01ec6fadc",
        "type": "message",
        "text": "En el curro tengo un win7 prof y pondre este con el xampp a ver si lo carga bien",
        "user": "UJWR5N32S",
        "ts": "1559664280.024500",
        "team": "TJH5YU202",
        "user_team": "TJH5YU202",
        "source_team": "TJH5YU202",
        "user_profile": {
            "avatar_hash": "273d3745f7ae",
            "image_72": "https:\/\/avatars.slack-edge.com\/2019-05-20\/634344238497_273d3745f7ae1b176b82_72.jpg",
            "first_name": "Charly",
            "real_name": "Charly",
            "display_name": "Charly",
            "team": "TJH5YU202",
            "name": "carles9000",
            "is_restricted": false,
            "is_ultra_restricted": false
        }
    },
    {
        "client_msg_id": "d2b0dc1b-c4c6-42de-852c-6989a95a4f6d",
        "type": "message",
        "text": "ya hace dias queria poner una virtual pero esto mejor",
        "user": "UJWR5N32S",
        "ts": "1559664294.025000",
        "team": "TJH5YU202",
        "user_team": "TJH5YU202",
        "source_team": "TJH5YU202",
        "user_profile": {
            "avatar_hash": "273d3745f7ae",
            "image_72": "https:\/\/avatars.slack-edge.com\/2019-05-20\/634344238497_273d3745f7ae1b176b82_72.jpg",
            "first_name": "Charly",
            "real_name": "Charly",
            "display_name": "Charly",
            "team": "TJH5YU202",
            "name": "carles9000",
            "is_restricted": false,
            "is_ultra_restricted": false
        }
    },
    {
        "client_msg_id": "31af0194-3d69-4972-befb-e6d4cde73f20",
        "type": "message",
        "text": "Solo hay que instalar Apache 64 para Windows, ó Xampp",
        "user": "UJN8D8U3B",
        "ts": "1559664301.025100",
        "team": "TJH5YU202",
        "user_team": "TJH5YU202",
        "source_team": "TJH5YU202",
        "user_profile": {
            "avatar_hash": "g92ad2abcc45",
            "image_72": "https:\/\/secure.gravatar.com\/avatar\/8492ad2abcc45ce53969adcf8420acde.jpg?s=72&d=https%3A%2F%2Fa.slack-edge.com%2F80588%2Fimg%2Favatars%2Fuser_shapes%2Fava_0008-72.png",
            "first_name": "",
            "real_name": "Antonio Linares",
            "display_name": "Antonio Linares",
            "team": "TJH5YU202",
            "name": "alinares",
            "is_restricted": false,
            "is_ultra_restricted": false
        }
    },
    {
        "client_msg_id": "be466131-9249-42cb-918c-48da03bb9986",
        "type": "message",
        "text": "Es más lento que el de Linux pero bueno, a muchos puede venirles muy bien :slightly_smiling_face:",
        "user": "UJN8D8U3B",
        "ts": "1559664353.026300",
        "team": "TJH5YU202",
        "user_team": "TJH5YU202",
        "source_team": "TJH5YU202",
        "user_profile": {
            "avatar_hash": "g92ad2abcc45",
            "image_72": "https:\/\/secure.gravatar.com\/avatar\/8492ad2abcc45ce53969adcf8420acde.jpg?s=72&d=https%3A%2F%2Fa.slack-edge.com%2F80588%2Fimg%2Favatars%2Fuser_shapes%2Fava_0008-72.png",
            "first_name": "",
            "real_name": "Antonio Linares",
            "display_name": "Antonio Linares",
            "team": "TJH5YU202",
            "name": "alinares",
            "is_restricted": false,
            "is_ultra_restricted": false
        }
    },
    {
        "client_msg_id": "b7d51531-9140-4c68-9094-4519abe7966b",
        "type": "message",
        "text": "El tema esta en poder hacer pruebas con la machine...",
        "user": "UJWR5N32S",
        "ts": "1559664375.026700",
        "team": "TJH5YU202",
        "user_team": "TJH5YU202",
        "source_team": "TJH5YU202",
        "user_profile": {
            "avatar_hash": "273d3745f7ae",
            "image_72": "https:\/\/avatars.slack-edge.com\/2019-05-20\/634344238497_273d3745f7ae1b176b82_72.jpg",
            "first_name": "Charly",
            "real_name": "Charly",
            "display_name": "Charly",
            "team": "TJH5YU202",
            "name": "carles9000",
            "is_restricted": false,
            "is_ultra_restricted": false
        }
    },
    {
        "client_msg_id": "0b9b3af0-2163-4372-ad4b-c2ebf3ecc04d",
        "type": "message",
        "text": ":wink:",
        "user": "UJN8D8U3B",
        "ts": "1559664382.026900",
        "team": "TJH5YU202",
        "user_team": "TJH5YU202",
        "source_team": "TJH5YU202",
        "user_profile": {
            "avatar_hash": "g92ad2abcc45",
            "image_72": "https:\/\/secure.gravatar.com\/avatar\/8492ad2abcc45ce53969adcf8420acde.jpg?s=72&d=https%3A%2F%2Fa.slack-edge.com%2F80588%2Fimg%2Favatars%2Fuser_shapes%2Fava_0008-72.png",
            "first_name": "",
            "real_name": "Antonio Linares",
            "display_name": "Antonio Linares",
            "team": "TJH5YU202",
            "name": "alinares",
            "is_restricted": false,
            "is_ultra_restricted": false
        }
    },
    {
        "client_msg_id": "fee1d149-ced3-40e4-89bc-8c8747740aba",
        "type": "message",
        "text": "lo bueno es que son dos ficheros independientes como en Linux",
        "user": "UJN8D8U3B",
        "ts": "1559664535.027200",
        "team": "TJH5YU202",
        "user_team": "TJH5YU202",
        "source_team": "TJH5YU202",
        "user_profile": {
            "avatar_hash": "g92ad2abcc45",
            "image_72": "https:\/\/secure.gravatar.com\/avatar\/8492ad2abcc45ce53969adcf8420acde.jpg?s=72&d=https%3A%2F%2Fa.slack-edge.com%2F80588%2Fimg%2Favatars%2Fuser_shapes%2Fava_0008-72.png",
            "first_name": "",
            "real_name": "Antonio Linares",
            "display_name": "Antonio Linares",
            "team": "TJH5YU202",
            "name": "alinares",
            "is_restricted": false,
            "is_ultra_restricted": false
        }
    },
    {
        "client_msg_id": "8a2d9014-5cf6-4da3-bd91-79bad1dc97f8",
        "type": "message",
        "text": "asi que la carga del mod es mucho mas rápida",
        "user": "UJN8D8U3B",
        "ts": "1559664547.027500",
        "team": "TJH5YU202",
        "user_team": "TJH5YU202",
        "source_team": "TJH5YU202",
        "user_profile": {
            "avatar_hash": "g92ad2abcc45",
            "image_72": "https:\/\/secure.gravatar.com\/avatar\/8492ad2abcc45ce53969adcf8420acde.jpg?s=72&d=https%3A%2F%2Fa.slack-edge.com%2F80588%2Fimg%2Favatars%2Fuser_shapes%2Fava_0008-72.png",
            "first_name": "",
            "real_name": "Antonio Linares",
            "display_name": "Antonio Linares",
            "team": "TJH5YU202",
            "name": "alinares",
            "is_restricted": false,
            "is_ultra_restricted": false
        }
    },
    {
        "client_msg_id": "a0f77cf0-c8e8-44fc-9ef5-4207212ada2a",
        "type": "message",
        "text": "lo que pasa es que la carga de la DLL en Windows no es tan eficiente como en Linux",
        "user": "UJN8D8U3B",
        "ts": "1559664567.028000",
        "team": "TJH5YU202",
        "user_team": "TJH5YU202",
        "source_team": "TJH5YU202",
        "user_profile": {
            "avatar_hash": "g92ad2abcc45",
            "image_72": "https:\/\/secure.gravatar.com\/avatar\/8492ad2abcc45ce53969adcf8420acde.jpg?s=72&d=https%3A%2F%2Fa.slack-edge.com%2F80588%2Fimg%2Favatars%2Fuser_shapes%2Fava_0008-72.png",
            "first_name": "",
            "real_name": "Antonio Linares",
            "display_name": "Antonio Linares",
            "team": "TJH5YU202",
            "name": "alinares",
            "is_restricted": false,
            "is_ultra_restricted": false
        }
    },
    {
        "client_msg_id": "1bd8c0c3-f024-4743-ace8-23d9a2c8c07c",
        "type": "message",
        "text": "Vale, para testear ya ira bien",
        "user": "UJWR5N32S",
        "ts": "1559664587.028300",
        "team": "TJH5YU202",
        "user_team": "TJH5YU202",
        "source_team": "TJH5YU202",
        "user_profile": {
            "avatar_hash": "273d3745f7ae",
            "image_72": "https:\/\/avatars.slack-edge.com\/2019-05-20\/634344238497_273d3745f7ae1b176b82_72.jpg",
            "first_name": "Charly",
            "real_name": "Charly",
            "display_name": "Charly",
            "team": "TJH5YU202",
            "name": "carles9000",
            "is_restricted": false,
            "is_ultra_restricted": false
        }
    },
    {
        "client_msg_id": "98161a9d-3d71-4405-b2f2-e7cd65687909",
        "type": "message",
        "text": "si, va ok :ok_hand:",
        "user": "UJN8D8U3B",
        "ts": "1559664600.028600",
        "team": "TJH5YU202",
        "user_team": "TJH5YU202",
        "source_team": "TJH5YU202",
        "user_profile": {
            "avatar_hash": "g92ad2abcc45",
            "image_72": "https:\/\/secure.gravatar.com\/avatar\/8492ad2abcc45ce53969adcf8420acde.jpg?s=72&d=https%3A%2F%2Fa.slack-edge.com%2F80588%2Fimg%2Favatars%2Fuser_shapes%2Fava_0008-72.png",
            "first_name": "",
            "real_name": "Antonio Linares",
            "display_name": "Antonio Linares",
            "team": "TJH5YU202",
            "name": "alinares",
            "is_restricted": false,
            "is_ultra_restricted": false
        }
    },
    {
        "client_msg_id": "5d77a41e-3936-410a-a510-3a7c01b81243",
        "type": "message",
        "text": "Trabaja excelente bien",
        "user": "UJJD31ADQ",
        "ts": "1559667257.028900",
        "team": "TJH5YU202",
        "user_team": "TJH5YU202",
        "source_team": "TJH5YU202",
        "user_profile": {
            "avatar_hash": "ga3196581d86",
            "image_72": "https:\/\/secure.gravatar.com\/avatar\/5ba3196581d86047c9753c7349b09a5c.jpg?s=72&d=https%3A%2F%2Fa.slack-edge.com%2F80588%2Fimg%2Favatars%2Fuser_shapes%2Fava_0024-72.png",
            "first_name": "",
            "real_name": "Daniel Medina",
            "display_name": "Daniel Medina",
            "team": "TJH5YU202",
            "name": "mpdani",
            "is_restricted": false,
            "is_ultra_restricted": false
        }
    },
    {
        "client_msg_id": "c9ae27ff-a235-453f-8679-0cb52f934cea",
        "type": "message",
        "text": "muy rapido",
        "user": "UJJD31ADQ",
        "ts": "1559667259.029100",
        "team": "TJH5YU202",
        "user_team": "TJH5YU202",
        "source_team": "TJH5YU202",
        "user_profile": {
            "avatar_hash": "ga3196581d86",
            "image_72": "https:\/\/secure.gravatar.com\/avatar\/5ba3196581d86047c9753c7349b09a5c.jpg?s=72&d=https%3A%2F%2Fa.slack-edge.com%2F80588%2Fimg%2Favatars%2Fuser_shapes%2Fava_0024-72.png",
            "first_name": "",
            "real_name": "Daniel Medina",
            "display_name": "Daniel Medina",
            "team": "TJH5YU202",
            "name": "mpdani",
            "is_restricted": false,
            "is_ultra_restricted": false
        }
    },
    {
        "client_msg_id": "c66bea8d-28dd-42df-a624-ac0271fdb07c",
        "type": "message",
        "text": ":+1:",
        "user": "UJJD31ADQ",
        "ts": "1559667279.029500",
        "team": "TJH5YU202",
        "user_team": "TJH5YU202",
        "source_team": "TJH5YU202",
        "user_profile": {
            "avatar_hash": "ga3196581d86",
            "image_72": "https:\/\/secure.gravatar.com\/avatar\/5ba3196581d86047c9753c7349b09a5c.jpg?s=72&d=https%3A%2F%2Fa.slack-edge.com%2F80588%2Fimg%2Favatars%2Fuser_shapes%2Fava_0024-72.png",
            "first_name": "",
            "real_name": "Daniel Medina",
            "display_name": "Daniel Medina",
            "team": "TJH5YU202",
            "name": "mpdani",
            "is_restricted": false,
            "is_ultra_restricted": false
        }
    },
    {
        "client_msg_id": "cddfb5a7-7e0d-4ab0-8b28-8bdd62568186",
        "type": "message",
        "text": "El de Linux es más rápido aún pero bueno, este también sirve :slightly_smiling_face:",
        "user": "UJN8D8U3B",
        "ts": "1559667694.030000",
        "team": "TJH5YU202",
        "user_team": "TJH5YU202",
        "source_team": "TJH5YU202",
        "user_profile": {
            "avatar_hash": "g92ad2abcc45",
            "image_72": "https:\/\/secure.gravatar.com\/avatar\/8492ad2abcc45ce53969adcf8420acde.jpg?s=72&d=https%3A%2F%2Fa.slack-edge.com%2F80588%2Fimg%2Favatars%2Fuser_shapes%2Fava_0008-72.png",
            "first_name": "",
            "real_name": "Antonio Linares",
            "display_name": "Antonio Linares",
            "team": "TJH5YU202",
            "name": "alinares",
            "is_restricted": false,
            "is_ultra_restricted": false
        }
    },
    {
        "client_msg_id": "ecbc06ba-4a11-4885-a4c3-7df2e7cae2be",
        "type": "message",
        "text": "El de Linux llega a tardar menos de un segundo en servir una petición",
        "user": "UJN8D8U3B",
        "ts": "1559667719.030400",
        "team": "TJH5YU202",
        "user_team": "TJH5YU202",
        "source_team": "TJH5YU202",
        "user_profile": {
            "avatar_hash": "g92ad2abcc45",
            "image_72": "https:\/\/secure.gravatar.com\/avatar\/8492ad2abcc45ce53969adcf8420acde.jpg?s=72&d=https%3A%2F%2Fa.slack-edge.com%2F80588%2Fimg%2Favatars%2Fuser_shapes%2Fava_0008-72.png",
            "first_name": "",
            "real_name": "Antonio Linares",
            "display_name": "Antonio Linares",
            "team": "TJH5YU202",
            "name": "alinares",
            "is_restricted": false,
            "is_ultra_restricted": false
        }
    },
    {
        "client_msg_id": "b38e9506-a01d-4a10-b208-b4a2f38152b6",
        "type": "message",
        "text": "es capaz de procesar en torno a 70 peticiones por minuto",
        "user": "UJN8D8U3B",
        "ts": "1559667740.030700",
        "team": "TJH5YU202",
        "user_team": "TJH5YU202",
        "source_team": "TJH5YU202",
        "user_profile": {
            "avatar_hash": "g92ad2abcc45",
            "image_72": "https:\/\/secure.gravatar.com\/avatar\/8492ad2abcc45ce53969adcf8420acde.jpg?s=72&d=https%3A%2F%2Fa.slack-edge.com%2F80588%2Fimg%2Favatars%2Fuser_shapes%2Fava_0008-72.png",
            "first_name": "",
            "real_name": "Antonio Linares",
            "display_name": "Antonio Linares",
            "team": "TJH5YU202",
            "name": "alinares",
            "is_restricted": false,
            "is_ultra_restricted": false
        }
    },
    {
        "client_msg_id": "ac84aef0-27de-4b26-9691-cee9e597006d",
        "type": "message",
        "text": "los más rápidos están en torno a 100-110",
        "user": "UJN8D8U3B",
        "ts": "1559667756.031100",
        "team": "TJH5YU202",
        "user_team": "TJH5YU202",
        "source_team": "TJH5YU202",
        "user_profile": {
            "avatar_hash": "g92ad2abcc45",
            "image_72": "https:\/\/secure.gravatar.com\/avatar\/8492ad2abcc45ce53969adcf8420acde.jpg?s=72&d=https%3A%2F%2Fa.slack-edge.com%2F80588%2Fimg%2Favatars%2Fuser_shapes%2Fava_0008-72.png",
            "first_name": "",
            "real_name": "Antonio Linares",
            "display_name": "Antonio Linares",
            "team": "TJH5YU202",
            "name": "alinares",
            "is_restricted": false,
            "is_ultra_restricted": false
        }
    },
    {
        "client_msg_id": "828a37f9-be35-4300-ab57-46d690c113da",
        "type": "message",
        "text": "y aun podemos hacerlo más rápido :wink:",
        "user": "UJN8D8U3B",
        "ts": "1559667776.031400",
        "team": "TJH5YU202",
        "user_team": "TJH5YU202",
        "source_team": "TJH5YU202",
        "user_profile": {
            "avatar_hash": "g92ad2abcc45",
            "image_72": "https:\/\/secure.gravatar.com\/avatar\/8492ad2abcc45ce53969adcf8420acde.jpg?s=72&d=https%3A%2F%2Fa.slack-edge.com%2F80588%2Fimg%2Favatars%2Fuser_shapes%2Fava_0008-72.png",
            "first_name": "",
            "real_name": "Antonio Linares",
            "display_name": "Antonio Linares",
            "team": "TJH5YU202",
            "name": "alinares",
            "is_restricted": false,
            "is_ultra_restricted": false
        }
    },
    {
        "client_msg_id": "65b93de4-4693-4d95-a50e-97bf8917d574",
        "type": "message",
        "text": "está muy bien y no hemos necesitado usar FastCGI que implica el uso de sockets",
        "user": "UJN8D8U3B",
        "ts": "1559667819.032000",
        "team": "TJH5YU202",
        "user_team": "TJH5YU202",
        "source_team": "TJH5YU202",
        "user_profile": {
            "avatar_hash": "g92ad2abcc45",
            "image_72": "https:\/\/secure.gravatar.com\/avatar\/8492ad2abcc45ce53969adcf8420acde.jpg?s=72&d=https%3A%2F%2Fa.slack-edge.com%2F80588%2Fimg%2Favatars%2Fuser_shapes%2Fava_0008-72.png",
            "first_name": "",
            "real_name": "Antonio Linares",
            "display_name": "Antonio Linares",
            "team": "TJH5YU202",
            "name": "alinares",
            "is_restricted": false,
            "is_ultra_restricted": false
        }
    },
    {
        "client_msg_id": "9928c7ea-a755-4c34-9459-53d6503a3d97",
        "type": "message",
        "text": "mientras no carguemmos el mod_apache :wink:",
        "user": "UJWR5N32S",
        "ts": "1559668303.033300",
        "team": "TJH5YU202",
        "user_team": "TJH5YU202",
        "source_team": "TJH5YU202",
        "user_profile": {
            "avatar_hash": "273d3745f7ae",
            "image_72": "https:\/\/avatars.slack-edge.com\/2019-05-20\/634344238497_273d3745f7ae1b176b82_72.jpg",
            "first_name": "Charly",
            "real_name": "Charly",
            "display_name": "Charly",
            "team": "TJH5YU202",
            "name": "carles9000",
            "is_restricted": false,
            "is_ultra_restricted": false
        }
    },
    {
        "client_msg_id": "d8df3a70-6096-4321-a37f-01379cb0c79f",
        "type": "message",
        "text": "harbour",
        "user": "UJWR5N32S",
        "ts": "1559671712.035200",
        "team": "TJH5YU202",
        "user_team": "TJH5YU202",
        "source_team": "TJH5YU202",
        "user_profile": {
            "avatar_hash": "273d3745f7ae",
            "image_72": "https:\/\/avatars.slack-edge.com\/2019-05-20\/634344238497_273d3745f7ae1b176b82_72.jpg",
            "first_name": "Charly",
            "real_name": "Charly",
            "display_name": "Charly",
            "team": "TJH5YU202",
            "name": "carles9000",
            "is_restricted": false,
            "is_ultra_restricted": false
        }
    },
    {
        "client_msg_id": "443c3f07-2ebd-4da5-a748-a42c2ad05b2e",
        "type": "message",
        "text": "(se me ha ido) :slightly_smiling_face:",
        "user": "UJWR5N32S",
        "ts": "1559671727.035500",
        "team": "TJH5YU202",
        "user_team": "TJH5YU202",
        "source_team": "TJH5YU202",
        "user_profile": {
            "avatar_hash": "273d3745f7ae",
            "image_72": "https:\/\/avatars.slack-edge.com\/2019-05-20\/634344238497_273d3745f7ae1b176b82_72.jpg",
            "first_name": "Charly",
            "real_name": "Charly",
            "display_name": "Charly",
            "team": "TJH5YU202",
            "name": "carles9000",
            "is_restricted": false,
            "is_ultra_restricted": false
        }
    },
    {
        "client_msg_id": "296ce3ac-d67f-4370-94b8-57ed8a8b7811",
        "type": "message",
        "text": "la olla ?",
        "user": "UJULQCHL5",
        "ts": "1559671754.035700",
        "team": "TJH5YU202",
        "user_team": "TJH5YU202",
        "source_team": "TJH5YU202",
        "user_profile": {
            "avatar_hash": "g7659142325a",
            "image_72": "https:\/\/secure.gravatar.com\/avatar\/c87659142325a3facb661d85281ec091.jpg?s=72&d=https%3A%2F%2Fa.slack-edge.com%2F80588%2Fimg%2Favatars%2Fuser_shapes%2Fava_0003-72.png",
            "first_name": "",
            "real_name": "Paquito",
            "display_name": "Paquito",
            "team": "TJH5YU202",
            "name": "hmpaquito",
            "is_restricted": false,
            "is_ultra_restricted": false
        }
    },
    {
        "client_msg_id": "f8cbec2f-36f4-4add-b648-19c1aac96c44",
        "type": "message",
        "text": "Seeee",
        "user": "UJWR5N32S",
        "ts": "1559671805.035900",
        "team": "TJH5YU202",
        "user_team": "TJH5YU202",
        "source_team": "TJH5YU202",
        "user_profile": {
            "avatar_hash": "273d3745f7ae",
            "image_72": "https:\/\/avatars.slack-edge.com\/2019-05-20\/634344238497_273d3745f7ae1b176b82_72.jpg",
            "first_name": "Charly",
            "real_name": "Charly",
            "display_name": "Charly",
            "team": "TJH5YU202",
            "name": "carles9000",
            "is_restricted": false,
            "is_ultra_restricted": false
        }
    },
    {
        "client_msg_id": "ce8a0e1b-3b25-42c5-8a2e-1dbf08510cb9",
        "type": "message",
        "text": "mod_harbour 32 bits para Apache 32 bits Windows",
        "user": "UJN8D8U3B",
        "ts": "1559671912.036200",
        "team": "TJH5YU202",
        "user_team": "TJH5YU202",
        "source_team": "TJH5YU202",
        "user_profile": {
            "avatar_hash": "g92ad2abcc45",
            "image_72": "https:\/\/secure.gravatar.com\/avatar\/8492ad2abcc45ce53969adcf8420acde.jpg?s=72&d=https%3A%2F%2Fa.slack-edge.com%2F80588%2Fimg%2Favatars%2Fuser_shapes%2Fava_0008-72.png",
            "first_name": "",
            "real_name": "Antonio Linares",
            "display_name": "Antonio Linares",
            "team": "TJH5YU202",
            "name": "alinares",
            "is_restricted": false,
            "is_ultra_restricted": false
        }
    },
    {
        "client_msg_id": "db5f7d4a-2bdf-4f71-b4da-a4d8130f6c4c",
        "type": "message",
        "text": "<https:\/\/github.com\/FiveTechSoft\/mod_harbour\/tree\/master\/windows_new\/win32>",
        "user": "UJN8D8U3B",
        "ts": "1559671914.036400",
        "team": "TJH5YU202",
        "user_team": "TJH5YU202",
        "source_team": "TJH5YU202",
        "user_profile": {
            "avatar_hash": "g92ad2abcc45",
            "image_72": "https:\/\/secure.gravatar.com\/avatar\/8492ad2abcc45ce53969adcf8420acde.jpg?s=72&d=https%3A%2F%2Fa.slack-edge.com%2F80588%2Fimg%2Favatars%2Fuser_shapes%2Fava_0008-72.png",
            "first_name": "",
            "real_name": "Antonio Linares",
            "display_name": "Antonio Linares",
            "team": "TJH5YU202",
            "name": "alinares",
            "is_restricted": false,
            "is_ultra_restricted": false
        },
        "attachments": [
            {
                "service_name": "GitHub",
                "title": "FiveTechSoft\/mod_harbour",
                "title_link": "https:\/\/github.com\/FiveTechSoft\/mod_harbour\/tree\/master\/windows_new\/win32",
                "text": "Apache mod for Harbour. Contribute to FiveTechSoft\/mod_harbour development by creating an account on GitHub.",
                "fallback": "GitHub: FiveTechSoft\/mod_harbour",
                "from_url": "https:\/\/github.com\/FiveTechSoft\/mod_harbour\/tree\/master\/windows_new\/win32",
                "thumb_url": "https:\/\/repository-images.githubusercontent.com\/186821405\/052d6000-7f03-11e9-85fa-9472623f216c",
                "thumb_width": 190,
                "thumb_height": 191,
                "service_icon": "https:\/\/a.slack-edge.com\/bfaba\/img\/unfurl_icons\/github.png",
                "id": 1,
                "original_url": "https:\/\/github.com\/FiveTechSoft\/mod_harbour\/tree\/master\/windows_new\/win32"
            }
        ]
    },
    {
        "client_msg_id": "08cb4ecf-26a3-4b99-ba49-13d93409c7e2",
        "type": "message",
        "text": "No lo he probado porque Apache 32 bits no me arranca en Windows 10 64 bits",
        "user": "UJN8D8U3B",
        "ts": "1559671936.037000",
        "team": "TJH5YU202",
        "user_team": "TJH5YU202",
        "source_team": "TJH5YU202",
        "user_profile": {
            "avatar_hash": "g92ad2abcc45",
            "image_72": "https:\/\/secure.gravatar.com\/avatar\/8492ad2abcc45ce53969adcf8420acde.jpg?s=72&d=https%3A%2F%2Fa.slack-edge.com%2F80588%2Fimg%2Favatars%2Fuser_shapes%2Fava_0008-72.png",
            "first_name": "",
            "real_name": "Antonio Linares",
            "display_name": "Antonio Linares",
            "team": "TJH5YU202",
            "name": "alinares",
            "is_restricted": false,
            "is_ultra_restricted": false
        }
    },
    {
        "client_msg_id": "c55e9aa0-b422-4338-87c8-69e5a4ad1c62",
        "type": "message",
        "text": "Se agradece si alguien puede probarlo :slightly_smiling_face:",
        "user": "UJN8D8U3B",
        "ts": "1559671945.037300",
        "team": "TJH5YU202",
        "user_team": "TJH5YU202",
        "source_team": "TJH5YU202",
        "user_profile": {
            "avatar_hash": "g92ad2abcc45",
            "image_72": "https:\/\/secure.gravatar.com\/avatar\/8492ad2abcc45ce53969adcf8420acde.jpg?s=72&d=https%3A%2F%2Fa.slack-edge.com%2F80588%2Fimg%2Favatars%2Fuser_shapes%2Fava_0008-72.png",
            "first_name": "",
            "real_name": "Antonio Linares",
            "display_name": "Antonio Linares",
            "team": "TJH5YU202",
            "name": "alinares",
            "is_restricted": false,
            "is_ultra_restricted": false
        }
    },
    {
        "client_msg_id": "ab4f3003-1125-4909-8cd7-105a38fc9d03",
        "type": "message",
        "text": "Qué bueno... esto si que es variedad para todos los gustos... va a faltar sólo el mod_harbour con georgie dan yendo en un galloper hacia el polo norte con un señor mayor vestido de comunión... cantando la barbacoa... porque el resto de combinaciones están cubiertas :joy:",
        "user": "UJULQCHL5",
        "ts": "1559672070.039000",
        "team": "TJH5YU202",
        "user_team": "TJH5YU202",
        "source_team": "TJH5YU202",
        "user_profile": {
            "avatar_hash": "g7659142325a",
            "image_72": "https:\/\/secure.gravatar.com\/avatar\/c87659142325a3facb661d85281ec091.jpg?s=72&d=https%3A%2F%2Fa.slack-edge.com%2F80588%2Fimg%2Favatars%2Fuser_shapes%2Fava_0003-72.png",
            "first_name": "",
            "real_name": "Paquito",
            "display_name": "Paquito",
            "team": "TJH5YU202",
            "name": "hmpaquito",
            "is_restricted": false,
            "is_ultra_restricted": false
        }
    },
    {
        "client_msg_id": "9eff03f5-91c2-4855-9df8-fb6ba3d7fa4f",
        "type": "message",
        "text": "<https:\/\/www.youtube.com\/watch?v=HvMD0pdCJw8>",
        "user": "UJULQCHL5",
        "ts": "1559672154.039200",
        "team": "TJH5YU202",
        "user_team": "TJH5YU202",
        "source_team": "TJH5YU202",
        "user_profile": {
            "avatar_hash": "g7659142325a",
            "image_72": "https:\/\/secure.gravatar.com\/avatar\/c87659142325a3facb661d85281ec091.jpg?s=72&d=https%3A%2F%2Fa.slack-edge.com%2F80588%2Fimg%2Favatars%2Fuser_shapes%2Fava_0003-72.png",
            "first_name": "",
            "real_name": "Paquito",
            "display_name": "Paquito",
            "team": "TJH5YU202",
            "name": "hmpaquito",
            "is_restricted": false,
            "is_ultra_restricted": false
        },
        "attachments": [
            {
                "service_name": "YouTube",
                "service_url": "https:\/\/www.youtube.com\/",
                "title": "[Anuncio 2000] Galloper: Georgie Dann",
                "title_link": "https:\/\/www.youtube.com\/watch?v=HvMD0pdCJw8",
                "author_name": "Vincent Vega",
                "author_link": "https:\/\/www.youtube.com\/user\/Anuncios1990o2000",
                "thumb_url": "https:\/\/i.ytimg.com\/vi\/HvMD0pdCJw8\/hqdefault.jpg",
                "thumb_width": 480,
                "thumb_height": 360,
                "fallback": "YouTube Video: [Anuncio 2000] Galloper: Georgie Dann",
                "video_html": "<iframe width=\"400\" height=\"300\" src=\"https:\/\/www.youtube.com\/embed\/HvMD0pdCJw8?feature=oembed&autoplay=1&iv_load_policy=3\" frameborder=\"0\" allow=\"accelerometer; autoplay; encrypted-media; gyroscope; picture-in-picture\" allowfullscreen><\/iframe>",
                "video_html_width": 400,
                "video_html_height": 300,
                "from_url": "https:\/\/www.youtube.com\/watch?v=HvMD0pdCJw8",
                "service_icon": "https:\/\/a.slack-edge.com\/2089\/img\/unfurl_icons\/youtube.png",
                "id": 1,
                "original_url": "https:\/\/www.youtube.com\/watch?v=HvMD0pdCJw8"
            }
        ]
    },
    {
        "client_msg_id": "2fd2c398-3526-4f14-89fd-4fc4f436c5c6",
        "type": "message",
        "text": ":joy::joy::joy:",
        "user": "UJWR5N32S",
        "ts": "1559672237.039600",
        "team": "TJH5YU202",
        "user_team": "TJH5YU202",
        "source_team": "TJH5YU202",
        "user_profile": {
            "avatar_hash": "273d3745f7ae",
            "image_72": "https:\/\/avatars.slack-edge.com\/2019-05-20\/634344238497_273d3745f7ae1b176b82_72.jpg",
            "first_name": "Charly",
            "real_name": "Charly",
            "display_name": "Charly",
            "team": "TJH5YU202",
            "name": "carles9000",
            "is_restricted": false,
            "is_ultra_restricted": false
        }
    },
    {
        "client_msg_id": "3172e2c5-5b0e-43aa-af6f-99f226658c01",
        "type": "message",
        "text": ":joy: :joy: :joy:",
        "user": "UJN8D8U3B",
        "ts": "1559672507.039700",
        "team": "TJH5YU202",
        "user_team": "TJH5YU202",
        "source_team": "TJH5YU202",
        "user_profile": {
            "avatar_hash": "g92ad2abcc45",
            "image_72": "https:\/\/secure.gravatar.com\/avatar\/8492ad2abcc45ce53969adcf8420acde.jpg?s=72&d=https%3A%2F%2Fa.slack-edge.com%2F80588%2Fimg%2Favatars%2Fuser_shapes%2Fava_0008-72.png",
            "first_name": "",
            "real_name": "Antonio Linares",
            "display_name": "Antonio Linares",
            "team": "TJH5YU202",
            "name": "alinares",
            "is_restricted": false,
            "is_ultra_restricted": false
        }
    },
    {
        "client_msg_id": "3838461a-543c-4b2f-b2b3-ba6dc845dbda",
        "type": "message",
        "text": "That is slower run second about version of win, now I'm stop to test it.",
        "user": "UJY6ZUCSH",
        "ts": "1559702805.001000",
        "team": "TJH5YU202",
        "user_team": "TJH5YU202",
        "source_team": "TJH5YU202",
        "user_profile": {
            "avatar_hash": "gb0f18c1424f",
            "image_72": "https:\/\/secure.gravatar.com\/avatar\/88b0f18c1424fca9048fca4b9d87db6e.jpg?s=72&d=https%3A%2F%2Fa.slack-edge.com%2F80588%2Fimg%2Favatars%2Fuser_shapes%2Fava_0002-72.png",
            "first_name": "",
            "real_name": "WenSheng",
            "display_name": "WenSheng",
            "team": "TJH5YU202",
            "name": "ssbbstw",
            "is_restricted": false,
            "is_ultra_restricted": false
        }
    },
    {
        "client_msg_id": "a0b462db-f69f-4a95-903e-02642fdbd085",
        "type": "message",
        "text": "Wen Linux one is the best one",
        "user": "UJN8D8U3B",
        "ts": "1559706710.001500",
        "team": "TJH5YU202",
        "user_team": "TJH5YU202",
        "source_team": "TJH5YU202",
        "user_profile": {
            "avatar_hash": "g92ad2abcc45",
            "image_72": "https:\/\/secure.gravatar.com\/avatar\/8492ad2abcc45ce53969adcf8420acde.jpg?s=72&d=https%3A%2F%2Fa.slack-edge.com%2F80588%2Fimg%2Favatars%2Fuser_shapes%2Fava_0008-72.png",
            "first_name": "",
            "real_name": "Antonio Linares",
            "display_name": "Antonio Linares",
            "team": "TJH5YU202",
            "name": "alinares",
            "is_restricted": false,
            "is_ultra_restricted": false
        }
    },
    {
        "client_msg_id": "4f4de22b-548f-4331-9d01-19bb42da88b4",
        "type": "message",
        "text": "Buenos dias.",
        "user": "UJWR5N32S",
        "ts": "1559712648.001900",
        "team": "TJH5YU202",
        "user_team": "TJH5YU202",
        "source_team": "TJH5YU202",
        "user_profile": {
            "avatar_hash": "273d3745f7ae",
            "image_72": "https:\/\/avatars.slack-edge.com\/2019-05-20\/634344238497_273d3745f7ae1b176b82_72.jpg",
            "first_name": "Charly",
            "real_name": "Charly",
            "display_name": "Charly",
            "team": "TJH5YU202",
            "name": "carles9000",
            "is_restricted": false,
            "is_ultra_restricted": false
        }
    },
    {
        "client_msg_id": "9133cb55-b5c3-402c-8ccd-25949ab720d8",
        "type": "message",
        "text": "mod_harbour.c tiene a piñon fijo la carga de libreria en c:\\\\Apache24\\\\htdocs\\\\libharbour.dll",
        "user": "UJWR5N32S",
        "ts": "1559712679.002500",
        "team": "TJH5YU202",
        "user_team": "TJH5YU202",
        "source_team": "TJH5YU202",
        "user_profile": {
            "avatar_hash": "273d3745f7ae",
            "image_72": "https:\/\/avatars.slack-edge.com\/2019-05-20\/634344238497_273d3745f7ae1b176b82_72.jpg",
            "first_name": "Charly",
            "real_name": "Charly",
            "display_name": "Charly",
            "team": "TJH5YU202",
            "name": "carles9000",
            "is_restricted": false,
            "is_ultra_restricted": false
        }
    },
    {
        "client_msg_id": "99d6d0ec-2596-47eb-ad86-d5a620262cb9",
        "type": "message",
        "text": "Esto te obliga ha hacer muchos cambiosa los usuarios que tienen xampp",
        "user": "UJWR5N32S",
        "ts": "1559712700.003000",
        "team": "TJH5YU202",
        "user_team": "TJH5YU202",
        "source_team": "TJH5YU202",
        "user_profile": {
            "avatar_hash": "273d3745f7ae",
            "image_72": "https:\/\/avatars.slack-edge.com\/2019-05-20\/634344238497_273d3745f7ae1b176b82_72.jpg",
            "first_name": "Charly",
            "real_name": "Charly",
            "display_name": "Charly",
            "team": "TJH5YU202",
            "name": "carles9000",
            "is_restricted": false,
            "is_ultra_restricted": false
        }
    },
    {
        "client_msg_id": "164db54d-d1d6-47ab-b113-c0d1ba17a142",
        "type": "message",
        "text": "Se habria de poder decidir dinamicamente donde se tiene instalado apache... :face_with_rolling_eyes:",
        "user": "UJWR5N32S",
        "ts": "1559713270.003600",
        "team": "TJH5YU202",
        "user_team": "TJH5YU202",
        "source_team": "TJH5YU202",
        "user_profile": {
            "avatar_hash": "273d3745f7ae",
            "image_72": "https:\/\/avatars.slack-edge.com\/2019-05-20\/634344238497_273d3745f7ae1b176b82_72.jpg",
            "first_name": "Charly",
            "real_name": "Charly",
            "display_name": "Charly",
            "team": "TJH5YU202",
            "name": "carles9000",
            "is_restricted": false,
            "is_ultra_restricted": false
        }
    },
    {
        "client_msg_id": "17c54439-6aa0-4707-8ecb-7c88708d354c",
        "type": "message",
        "text": "podemos buscar la DLL en ambos sitios",
        "user": "UJN8D8U3B",
        "ts": "1559713392.003900",
        "team": "TJH5YU202",
        "user_team": "TJH5YU202",
        "source_team": "TJH5YU202",
        "user_profile": {
            "avatar_hash": "g92ad2abcc45",
            "image_72": "https:\/\/secure.gravatar.com\/avatar\/8492ad2abcc45ce53969adcf8420acde.jpg?s=72&d=https%3A%2F%2Fa.slack-edge.com%2F80588%2Fimg%2Favatars%2Fuser_shapes%2Fava_0008-72.png",
            "first_name": "",
            "real_name": "Antonio Linares",
            "display_name": "Antonio Linares",
            "team": "TJH5YU202",
            "name": "alinares",
            "is_restricted": false,
            "is_ultra_restricted": false
        }
    },
    {
        "client_msg_id": "bfb70210-c8df-4188-a164-6f24aad01a2d",
        "type": "message",
        "text": "donde tiene Xampp la carpeta htdocs ?",
        "user": "UJN8D8U3B",
        "ts": "1559713416.004600",
        "team": "TJH5YU202",
        "user_team": "TJH5YU202",
        "source_team": "TJH5YU202",
        "user_profile": {
            "avatar_hash": "g92ad2abcc45",
            "image_72": "https:\/\/secure.gravatar.com\/avatar\/8492ad2abcc45ce53969adcf8420acde.jpg?s=72&d=https%3A%2F%2Fa.slack-edge.com%2F80588%2Fimg%2Favatars%2Fuser_shapes%2Fava_0008-72.png",
            "first_name": "",
            "real_name": "Antonio Linares",
            "display_name": "Antonio Linares",
            "team": "TJH5YU202",
            "name": "alinares",
            "is_restricted": false,
            "is_ultra_restricted": false
        }
    },
    {
        "client_msg_id": "10af7919-ab7c-432b-ba95-c7956cb1fe13",
        "type": "message",
        "text": "Por defecto es xampp\\htdocs peroooo",
        "user": "UJWR5N32S",
        "ts": "1559713642.005000",
        "team": "TJH5YU202",
        "user_team": "TJH5YU202",
        "source_team": "TJH5YU202",
        "user_profile": {
            "avatar_hash": "273d3745f7ae",
            "image_72": "https:\/\/avatars.slack-edge.com\/2019-05-20\/634344238497_273d3745f7ae1b176b82_72.jpg",
            "first_name": "Charly",
            "real_name": "Charly",
            "display_name": "Charly",
            "team": "TJH5YU202",
            "name": "carles9000",
            "is_restricted": false,
            "is_ultra_restricted": false
        }
    },
    {
        "client_msg_id": "70103a0a-30bd-4c01-8f7e-e1cdecfd5092",
        "type": "message",
        "text": "yo tengo en el ordenador lo 2 y uno esta como c:\\xampp y otro como c:\\xampp.64",
        "user": "UJWR5N32S",
        "ts": "1559713680.005700",
        "team": "TJH5YU202",
        "user_team": "TJH5YU202",
        "source_team": "TJH5YU202",
        "user_profile": {
            "avatar_hash": "273d3745f7ae",
            "image_72": "https:\/\/avatars.slack-edge.com\/2019-05-20\/634344238497_273d3745f7ae1b176b82_72.jpg",
            "first_name": "Charly",
            "real_name": "Charly",
            "display_name": "Charly",
            "team": "TJH5YU202",
            "name": "carles9000",
            "is_restricted": false,
            "is_ultra_restricted": false
        }
    },
    {
        "client_msg_id": "42c5d6ac-9f52-4b01-8216-c3395c49837d",
        "type": "message",
        "text": "es decir que puede variar segun instalacion. Se habria de mirar de que tenga un path por defecto pero que pudiera modificarse, leerse de algun ficherete, variable de entorno,...",
        "user": "UJWR5N32S",
        "ts": "1559713759.007300",
        "team": "TJH5YU202",
        "user_team": "TJH5YU202",
        "source_team": "TJH5YU202",
        "user_profile": {
            "avatar_hash": "273d3745f7ae",
            "image_72": "https:\/\/avatars.slack-edge.com\/2019-05-20\/634344238497_273d3745f7ae1b176b82_72.jpg",
            "first_name": "Charly",
            "real_name": "Charly",
            "display_name": "Charly",
            "team": "TJH5YU202",
            "name": "carles9000",
            "is_restricted": false,
            "is_ultra_restricted": false
        }
    },
    {
        "client_msg_id": "982bd3a6-60ca-4ee6-b08c-2be7fe661157",
        "type": "message",
        "text": "sino obligas  a muchos usuarios a tener el xampp (para tener aparte de apache, mysql, ftp..) en un sitio y c:\\apache en otro",
        "user": "UJWR5N32S",
        "ts": "1559713813.008100",
        "team": "TJH5YU202",
        "user_team": "TJH5YU202",
        "source_team": "TJH5YU202",
        "user_profile": {
            "avatar_hash": "273d3745f7ae",
            "image_72": "https:\/\/avatars.slack-edge.com\/2019-05-20\/634344238497_273d3745f7ae1b176b82_72.jpg",
            "first_name": "Charly",
            "real_name": "Charly",
            "display_name": "Charly",
            "team": "TJH5YU202",
            "name": "carles9000",
            "is_restricted": false,
            "is_ultra_restricted": false
        }
    },
    {
        "client_msg_id": "2566e2f2-100a-4daf-b763-d80bf19fe796",
        "type": "message",
        "text": "a ver que se nos ocurre...",
        "user": "UJN8D8U3B",
        "ts": "1559714627.008300",
        "team": "TJH5YU202",
        "user_team": "TJH5YU202",
        "source_team": "TJH5YU202",
        "user_profile": {
            "avatar_hash": "g92ad2abcc45",
            "image_72": "https:\/\/secure.gravatar.com\/avatar\/8492ad2abcc45ce53969adcf8420acde.jpg?s=72&d=https%3A%2F%2Fa.slack-edge.com%2F80588%2Fimg%2Favatars%2Fuser_shapes%2Fava_0008-72.png",
            "first_name": "",
            "real_name": "Antonio Linares",
            "display_name": "Antonio Linares",
            "team": "TJH5YU202",
            "name": "alinares",
            "is_restricted": false,
            "is_ultra_restricted": false
        }
    },
    {
        "client_msg_id": "fe295889-1d81-46e7-aed0-2b2a76880732",
        "type": "message",
        "text": "<https:\/\/harbour.fourtech.es\/modharbour_examples\/sayget.prg>",
        "user": "UJN8D8U3B",
        "ts": "1559714630.008500",
        "team": "TJH5YU202",
        "user_team": "TJH5YU202",
        "source_team": "TJH5YU202",
        "user_profile": {
            "avatar_hash": "g92ad2abcc45",
            "image_72": "https:\/\/secure.gravatar.com\/avatar\/8492ad2abcc45ce53969adcf8420acde.jpg?s=72&d=https%3A%2F%2Fa.slack-edge.com%2F80588%2Fimg%2Favatars%2Fuser_shapes%2Fava_0008-72.png",
            "first_name": "",
            "real_name": "Antonio Linares",
            "display_name": "Antonio Linares",
            "team": "TJH5YU202",
            "name": "alinares",
            "is_restricted": false,
            "is_ultra_restricted": false
        }
    },
    {
        "client_msg_id": "7bf4537e-bd8e-42b9-b919-a676ce3d8a48",
        "type": "message",
        "text": "con POST automatico :wink:",
        "user": "UJN8D8U3B",
        "ts": "1559714642.008700",
        "team": "TJH5YU202",
        "user_team": "TJH5YU202",
        "source_team": "TJH5YU202",
        "user_profile": {
            "avatar_hash": "g92ad2abcc45",
            "image_72": "https:\/\/secure.gravatar.com\/avatar\/8492ad2abcc45ce53969adcf8420acde.jpg?s=72&d=https%3A%2F%2Fa.slack-edge.com%2F80588%2Fimg%2Favatars%2Fuser_shapes%2Fava_0008-72.png",
            "first_name": "",
            "real_name": "Antonio Linares",
            "display_name": "Antonio Linares",
            "team": "TJH5YU202",
            "name": "alinares",
            "is_restricted": false,
            "is_ultra_restricted": false
        }
    }
]