[
    {
        "type": "message",
        "text": "Y de comer traditional spanish meal migas",
        "files": [
            {
                "id": "FM9JV1URF",
                "created": 1566130956,
                "timestamp": 1566130956,
                "name": "IMG_20190818_142106.jpg",
                "title": "IMG_20190818_142106.jpg",
                "mimetype": "image\/jpeg",
                "filetype": "jpg",
                "pretty_type": "JPEG",
                "user": "UJULQCHL5",
                "editable": false,
                "size": 5032333,
                "mode": "hosted",
                "is_external": false,
                "external_type": "",
                "is_public": true,
                "public_url_shared": false,
                "display_as_bot": false,
                "username": "",
                "url_private": "https:\/\/files.slack.com\/files-pri\/TJH5YU202-FM9JV1URF\/img_20190818_142106.jpg?t=xoxe-629202954002-776688371669-763909703378-01ffaa4c4eeda75ea92ad255b32a04e5",
                "url_private_download": "https:\/\/files.slack.com\/files-pri\/TJH5YU202-FM9JV1URF\/download\/img_20190818_142106.jpg?t=xoxe-629202954002-776688371669-763909703378-01ffaa4c4eeda75ea92ad255b32a04e5",
                "thumb_64": "https:\/\/files.slack.com\/files-tmb\/TJH5YU202-FM9JV1URF-513983464b\/img_20190818_142106_64.jpg?t=xoxe-629202954002-776688371669-763909703378-01ffaa4c4eeda75ea92ad255b32a04e5",
                "thumb_80": "https:\/\/files.slack.com\/files-tmb\/TJH5YU202-FM9JV1URF-513983464b\/img_20190818_142106_80.jpg?t=xoxe-629202954002-776688371669-763909703378-01ffaa4c4eeda75ea92ad255b32a04e5",
                "thumb_360": "https:\/\/files.slack.com\/files-tmb\/TJH5YU202-FM9JV1URF-513983464b\/img_20190818_142106_360.jpg?t=xoxe-629202954002-776688371669-763909703378-01ffaa4c4eeda75ea92ad255b32a04e5",
                "thumb_360_w": 360,
                "thumb_360_h": 270,
                "thumb_480": "https:\/\/files.slack.com\/files-tmb\/TJH5YU202-FM9JV1URF-513983464b\/img_20190818_142106_480.jpg?t=xoxe-629202954002-776688371669-763909703378-01ffaa4c4eeda75ea92ad255b32a04e5",
                "thumb_480_w": 480,
                "thumb_480_h": 360,
                "thumb_160": "https:\/\/files.slack.com\/files-tmb\/TJH5YU202-FM9JV1URF-513983464b\/img_20190818_142106_160.jpg?t=xoxe-629202954002-776688371669-763909703378-01ffaa4c4eeda75ea92ad255b32a04e5",
                "thumb_720": "https:\/\/files.slack.com\/files-tmb\/TJH5YU202-FM9JV1URF-513983464b\/img_20190818_142106_720.jpg?t=xoxe-629202954002-776688371669-763909703378-01ffaa4c4eeda75ea92ad255b32a04e5",
                "thumb_720_w": 720,
                "thumb_720_h": 540,
                "thumb_800": "https:\/\/files.slack.com\/files-tmb\/TJH5YU202-FM9JV1URF-513983464b\/img_20190818_142106_800.jpg?t=xoxe-629202954002-776688371669-763909703378-01ffaa4c4eeda75ea92ad255b32a04e5",
                "thumb_800_w": 800,
                "thumb_800_h": 600,
                "thumb_960": "https:\/\/files.slack.com\/files-tmb\/TJH5YU202-FM9JV1URF-513983464b\/img_20190818_142106_960.jpg?t=xoxe-629202954002-776688371669-763909703378-01ffaa4c4eeda75ea92ad255b32a04e5",
                "thumb_960_w": 960,
                "thumb_960_h": 720,
                "thumb_1024": "https:\/\/files.slack.com\/files-tmb\/TJH5YU202-FM9JV1URF-513983464b\/img_20190818_142106_1024.jpg?t=xoxe-629202954002-776688371669-763909703378-01ffaa4c4eeda75ea92ad255b32a04e5",
                "thumb_1024_w": 1024,
                "thumb_1024_h": 768,
                "image_exif_rotation": 1,
                "original_w": 4608,
                "original_h": 3456,
                "permalink": "https:\/\/harbourproject.slack.com\/files\/UJULQCHL5\/FM9JV1URF\/img_20190818_142106.jpg",
                "permalink_public": "https:\/\/slack-files.com\/TJH5YU202-FM9JV1URF-5ac39ad6af",
                "is_starred": false,
                "has_rich_preview": false
            }
        ],
        "upload": true,
        "user": "UJULQCHL5",
        "display_as_bot": false,
        "ts": "1566130961.416400",
        "client_msg_id": "358f349f-452c-4f66-9449-ce45b6fa967c",
        "reactions": [
            {
                "name": "star-struck",
                "users": [
                    "UJUJLTWMT"
                ],
                "count": 1
            }
        ]
    },
    {
        "client_msg_id": "83742173-8cf7-4d11-ace7-730701861984",
        "type": "message",
        "text": "Otto, please try it again. It should be ok now",
        "user": "UJN8D8U3B",
        "ts": "1566138720.417100",
        "team": "TJH5YU202",
        "user_team": "TJH5YU202",
        "source_team": "TJH5YU202",
        "user_profile": {
            "avatar_hash": "g92ad2abcc45",
            "image_72": "https:\/\/secure.gravatar.com\/avatar\/8492ad2abcc45ce53969adcf8420acde.jpg?s=72&d=https%3A%2F%2Fa.slack-edge.com%2F80588%2Fimg%2Favatars%2Fuser_shapes%2Fava_0008-72.png",
            "first_name": "",
            "real_name": "Antonio Linares",
            "display_name": "Antonio Linares",
            "team": "TJH5YU202",
            "name": "alinares",
            "is_restricted": false,
            "is_ultra_restricted": false
        }
    },
    {
        "client_msg_id": "28905545-2abf-4422-9170-83887ec7a93a",
        "type": "message",
        "text": "I missed to give the right permissions:",
        "user": "UJN8D8U3B",
        "ts": "1566138741.417600",
        "team": "TJH5YU202",
        "user_team": "TJH5YU202",
        "source_team": "TJH5YU202",
        "user_profile": {
            "avatar_hash": "g92ad2abcc45",
            "image_72": "https:\/\/secure.gravatar.com\/avatar\/8492ad2abcc45ce53969adcf8420acde.jpg?s=72&d=https%3A%2F%2Fa.slack-edge.com%2F80588%2Fimg%2Favatars%2Fuser_shapes%2Fava_0008-72.png",
            "first_name": "",
            "real_name": "Antonio Linares",
            "display_name": "Antonio Linares",
            "team": "TJH5YU202",
            "name": "alinares",
            "is_restricted": false,
            "is_ultra_restricted": false
        }
    },
    {
        "client_msg_id": "b515a5aa-770e-4f4f-ad41-89a0a59d989b",
        "type": "message",
        "text": "~ cd mod_harbour\/\n~\/mod_harbour cd samples\/\n~\/mod_harbour\/samples cd genesis\/\n~\/mod_harbour\/samples\/genesis sudo chown -R www-data:www-data data",
        "user": "UJN8D8U3B",
        "ts": "1566138763.417800",
        "team": "TJH5YU202",
        "user_team": "TJH5YU202",
        "source_team": "TJH5YU202",
        "user_profile": {
            "avatar_hash": "g92ad2abcc45",
            "image_72": "https:\/\/secure.gravatar.com\/avatar\/8492ad2abcc45ce53969adcf8420acde.jpg?s=72&d=https%3A%2F%2Fa.slack-edge.com%2F80588%2Fimg%2Favatars%2Fuser_shapes%2Fava_0008-72.png",
            "first_name": "",
            "real_name": "Antonio Linares",
            "display_name": "Antonio Linares",
            "team": "TJH5YU202",
            "name": "alinares",
            "is_restricted": false,
            "is_ultra_restricted": false
        }
    },
    {
        "client_msg_id": "944269e2-7804-440d-b868-138fd4b33812",
        "type": "message",
        "text": "_www:_www for OSX Apple",
        "user": "UJN8D8U3B",
        "ts": "1566138776.418100",
        "team": "TJH5YU202",
        "user_team": "TJH5YU202",
        "source_team": "TJH5YU202",
        "user_profile": {
            "avatar_hash": "g92ad2abcc45",
            "image_72": "https:\/\/secure.gravatar.com\/avatar\/8492ad2abcc45ce53969adcf8420acde.jpg?s=72&d=https%3A%2F%2Fa.slack-edge.com%2F80588%2Fimg%2Favatars%2Fuser_shapes%2Fava_0008-72.png",
            "first_name": "",
            "real_name": "Antonio Linares",
            "display_name": "Antonio Linares",
            "team": "TJH5YU202",
            "name": "alinares",
            "is_restricted": false,
            "is_ultra_restricted": false
        }
    },
    {
        "client_msg_id": "125b3688-8172-43c3-8ca5-3be401d41a0b",
        "type": "message",
        "text": "Hi Otto, sorry, I didn’t read your question.",
        "user": "UJU2ZLJBW",
        "ts": "1566139791.418200",
        "team": "TJH5YU202",
        "user_team": "TJH5YU202",
        "source_team": "TJH5YU202",
        "user_profile": {
            "avatar_hash": "g4df4d90232e",
            "image_72": "https:\/\/secure.gravatar.com\/avatar\/0b4df4d90232ed07739bd4134b92a6d1.jpg?s=72&d=https%3A%2F%2Fa.slack-edge.com%2F80588%2Fimg%2Favatars%2Fuser_shapes%2Fava_0022-72.png",
            "first_name": "Carlos",
            "real_name": "Carlos Mora",
            "display_name": "",
            "team": "TJH5YU202",
            "name": "carlosantoniomora",
            "is_restricted": false,
            "is_ultra_restricted": false
        },
        "thread_ts": "1566029464.383700",
        "parent_user_id": "UJHD6A81H"
    },
    {
        "client_msg_id": "76f6bfbd-db0d-4198-9453-78f18e5c2fef",
        "type": "message",
        "text": "The responsabilities begin with the Regulation 2016\/679 of the European Parliament. <https:\/\/eur-lex.europa.eu\/legal-content\/EN\/TXT\/?uri=CELEX:32016R0679>",
        "user": "UJU2ZLJBW",
        "ts": "1566139861.418400",
        "team": "TJH5YU202",
        "user_team": "TJH5YU202",
        "source_team": "TJH5YU202",
        "user_profile": {
            "avatar_hash": "g4df4d90232e",
            "image_72": "https:\/\/secure.gravatar.com\/avatar\/0b4df4d90232ed07739bd4134b92a6d1.jpg?s=72&d=https%3A%2F%2Fa.slack-edge.com%2F80588%2Fimg%2Favatars%2Fuser_shapes%2Fava_0022-72.png",
            "first_name": "Carlos",
            "real_name": "Carlos Mora",
            "display_name": "",
            "team": "TJH5YU202",
            "name": "carlosantoniomora",
            "is_restricted": false,
            "is_ultra_restricted": false
        },
        "thread_ts": "1566029464.383700",
        "parent_user_id": "UJHD6A81H"
    },
    {
        "client_msg_id": "f7de3af6-0a18-4613-92a9-f6259a281a91",
        "type": "message",
        "text": "Obvously, TL;DR, but in short:",
        "user": "UJU2ZLJBW",
        "ts": "1566139897.418600",
        "team": "TJH5YU202",
        "user_team": "TJH5YU202",
        "source_team": "TJH5YU202",
        "user_profile": {
            "avatar_hash": "g4df4d90232e",
            "image_72": "https:\/\/secure.gravatar.com\/avatar\/0b4df4d90232ed07739bd4134b92a6d1.jpg?s=72&d=https%3A%2F%2Fa.slack-edge.com%2F80588%2Fimg%2Favatars%2Fuser_shapes%2Fava_0022-72.png",
            "first_name": "Carlos",
            "real_name": "Carlos Mora",
            "display_name": "",
            "team": "TJH5YU202",
            "name": "carlosantoniomora",
            "is_restricted": false,
            "is_ultra_restricted": false
        },
        "thread_ts": "1566029464.383700",
        "parent_user_id": "UJHD6A81H"
    },
    {
        "client_msg_id": "61500f6f-85a8-42b3-bb3b-d8a9133b9622",
        "type": "message",
        "text": "Every company is responsible of the protection of the data they handle. The first obligation is TO PROTECT any personal data, private, public or professional, like name, address, email, age, gender, IP of access, etc.",
        "user": "UJU2ZLJBW",
        "ts": "1566140097.418800",
        "team": "TJH5YU202",
        "user_team": "TJH5YU202",
        "source_team": "TJH5YU202",
        "user_profile": {
            "avatar_hash": "g4df4d90232e",
            "image_72": "https:\/\/secure.gravatar.com\/avatar\/0b4df4d90232ed07739bd4134b92a6d1.jpg?s=72&d=https%3A%2F%2Fa.slack-edge.com%2F80588%2Fimg%2Favatars%2Fuser_shapes%2Fava_0022-72.png",
            "first_name": "Carlos",
            "real_name": "Carlos Mora",
            "display_name": "",
            "team": "TJH5YU202",
            "name": "carlosantoniomora",
            "is_restricted": false,
            "is_ultra_restricted": false
        },
        "thread_ts": "1566029464.383700",
        "parent_user_id": "UJHD6A81H"
    },
    {
        "client_msg_id": "816b925c-4682-4931-b0d8-e81d12c8c89c",
        "type": "message",
        "text": "Text based files and independent files like dbfs or spreadsheet don’t provide enough protection as required by regulation, and don’t pass basic test of protection. Basic encryption like using SET PASSWORD or similar commands are not considered safe enough, given they can be broken with little effort.",
        "user": "UJU2ZLJBW",
        "ts": "1566140289.419000",
        "team": "TJH5YU202",
        "user_team": "TJH5YU202",
        "source_team": "TJH5YU202",
        "user_profile": {
            "avatar_hash": "g4df4d90232e",
            "image_72": "https:\/\/secure.gravatar.com\/avatar\/0b4df4d90232ed07739bd4134b92a6d1.jpg?s=72&d=https%3A%2F%2Fa.slack-edge.com%2F80588%2Fimg%2Favatars%2Fuser_shapes%2Fava_0022-72.png",
            "first_name": "Carlos",
            "real_name": "Carlos Mora",
            "display_name": "",
            "team": "TJH5YU202",
            "name": "carlosantoniomora",
            "is_restricted": false,
            "is_ultra_restricted": false
        },
        "thread_ts": "1566029464.383700",
        "parent_user_id": "UJHD6A81H"
    },
    {
        "client_msg_id": "6b104a23-0c83-48b6-bacb-21bbe5c37366",
        "type": "message",
        "text": "Se puede usar tambien el € en lugar del $",
        "user": "UJU2ZLJBW",
        "ts": "1566141136.419200",
        "team": "TJH5YU202",
        "user_team": "TJH5YU202",
        "source_team": "TJH5YU202",
        "user_profile": {
            "avatar_hash": "g4df4d90232e",
            "image_72": "https:\/\/secure.gravatar.com\/avatar\/0b4df4d90232ed07739bd4134b92a6d1.jpg?s=72&d=https%3A%2F%2Fa.slack-edge.com%2F80588%2Fimg%2Favatars%2Fuser_shapes%2Fava_0022-72.png",
            "first_name": "Carlos",
            "real_name": "Carlos Mora",
            "display_name": "",
            "team": "TJH5YU202",
            "name": "carlosantoniomora",
            "is_restricted": false,
            "is_ultra_restricted": false
        },
        "thread_ts": "1565776437.466600",
        "parent_user_id": "UJU2ZLJBW"
    },
    {
        "client_msg_id": "b97e9eb2-b9d3-4597-8ad0-494af1292ed9",
        "type": "message",
        "text": "Lo jodio es que si haces €importe = 100, si luego haces ? $importe te sale 108,33. Por el cambio",
        "user": "UJU2ZLJBW",
        "ts": "1566141199.419400",
        "team": "TJH5YU202",
        "user_team": "TJH5YU202",
        "source_team": "TJH5YU202",
        "user_profile": {
            "avatar_hash": "g4df4d90232e",
            "image_72": "https:\/\/secure.gravatar.com\/avatar\/0b4df4d90232ed07739bd4134b92a6d1.jpg?s=72&d=https%3A%2F%2Fa.slack-edge.com%2F80588%2Fimg%2Favatars%2Fuser_shapes%2Fava_0022-72.png",
            "first_name": "Carlos",
            "real_name": "Carlos Mora",
            "display_name": "",
            "team": "TJH5YU202",
            "name": "carlosantoniomora",
            "is_restricted": false,
            "is_ultra_restricted": false
        },
        "thread_ts": "1565776437.466600",
        "parent_user_id": "UJU2ZLJBW"
    },
    {
        "client_msg_id": "6d5018c8-0201-4519-82cb-2b79ade4591f",
        "type": "message",
        "text": "Busque en internet y las migas es pan duro con chorizo y panceta. Es eso paquito ?",
        "user": "UM81W8B0Q",
        "ts": "1566142289.420200",
        "team": "TJH5YU202",
        "user_team": "TJH5YU202",
        "source_team": "TJH5YU202",
        "user_profile": {
            "avatar_hash": "gab9279ee8c0",
            "image_72": "https:\/\/secure.gravatar.com\/avatar\/73ab9279ee8c00f66ce4904d30146c8f.jpg?s=72&d=https%3A%2F%2Fa.slack-edge.com%2F80588%2Fimg%2Favatars%2Fuser_shapes%2Fava_0010-72.png",
            "first_name": "",
            "real_name": "Angel Pais",
            "display_name": "Angel Pais",
            "team": "TJH5YU202",
            "name": "amigosam",
            "is_restricted": false,
            "is_ultra_restricted": false
        }
    },
    {
        "client_msg_id": "b538627a-6848-4478-8cc4-15188975fdfe",
        "type": "message",
        "text": "Esta bueno para aprovechar el pan que sobra. Y debe ser muy sabroso. Voy a probar algun dia de estos.",
        "user": "UM81W8B0Q",
        "ts": "1566142593.421400",
        "team": "TJH5YU202",
        "user_team": "TJH5YU202",
        "source_team": "TJH5YU202",
        "user_profile": {
            "avatar_hash": "gab9279ee8c0",
            "image_72": "https:\/\/secure.gravatar.com\/avatar\/73ab9279ee8c00f66ce4904d30146c8f.jpg?s=72&d=https%3A%2F%2Fa.slack-edge.com%2F80588%2Fimg%2Favatars%2Fuser_shapes%2Fava_0010-72.png",
            "first_name": "",
            "real_name": "Angel Pais",
            "display_name": "Angel Pais",
            "team": "TJH5YU202",
            "name": "amigosam",
            "is_restricted": false,
            "is_ultra_restricted": false
        }
    },
    {
        "client_msg_id": "992a7b25-3903-40ce-be2f-15cba70dbb9e",
        "type": "message",
        "text": "Ángel se hacen aqui con harina agua y sal. Y el sofrito de salchicha longaniza agua y tocino. Luego bebimos vino Faustino VI. :slightly_smiling_face:",
        "user": "UJULQCHL5",
        "ts": "1566146094.424900",
        "team": "TJH5YU202",
        "user_team": "TJH5YU202",
        "source_team": "TJH5YU202",
        "user_profile": {
            "avatar_hash": "g7659142325a",
            "image_72": "https:\/\/secure.gravatar.com\/avatar\/c87659142325a3facb661d85281ec091.jpg?s=72&d=https%3A%2F%2Fa.slack-edge.com%2F80588%2Fimg%2Favatars%2Fuser_shapes%2Fava_0003-72.png",
            "first_name": "",
            "real_name": "Paquito",
            "display_name": "Paquito",
            "team": "TJH5YU202",
            "name": "hmpaquito",
            "is_restricted": false,
            "is_ultra_restricted": false
        },
        "thread_ts": "1566146094.424900",
        "reply_count": 1,
        "reply_users_count": 1,
        "latest_reply": "1566157361.430600",
        "reply_users": [
            "UJUJLTWMT"
        ],
        "replies": [
            {
                "user": "UJUJLTWMT",
                "ts": "1566157361.430600"
            }
        ],
        "subscribed": false
    },
    {
        "client_msg_id": "e9720b1f-4cd5-49f1-a6c3-573bd0f1ea70",
        "type": "message",
        "text": "Buenisimo !",
        "user": "UM81W8B0Q",
        "ts": "1566146172.425200",
        "team": "TJH5YU202",
        "user_team": "TJH5YU202",
        "source_team": "TJH5YU202",
        "user_profile": {
            "avatar_hash": "gab9279ee8c0",
            "image_72": "https:\/\/secure.gravatar.com\/avatar\/73ab9279ee8c00f66ce4904d30146c8f.jpg?s=72&d=https%3A%2F%2Fa.slack-edge.com%2F80588%2Fimg%2Favatars%2Fuser_shapes%2Fava_0010-72.png",
            "first_name": "",
            "real_name": "Angel Pais",
            "display_name": "Angel Pais",
            "team": "TJH5YU202",
            "name": "amigosam",
            "is_restricted": false,
            "is_ultra_restricted": false
        }
    },
    {
        "client_msg_id": "c981a85d-b54d-4eac-9c4f-2b69e954bdc0",
        "type": "message",
        "text": "Dear Antonio, thank you now it is working fine. Is new mod_harbour.so integrated in GIT. May I execute a GIT pull.",
        "user": "UJHD6A81H",
        "ts": "1566154180.426400",
        "team": "TJH5YU202",
        "user_team": "TJH5YU202",
        "source_team": "TJH5YU202",
        "user_profile": {
            "avatar_hash": "g6b8073e00e9",
            "image_72": "https:\/\/secure.gravatar.com\/avatar\/b96b8073e00e9eb02bcf05bc1418eb3a.jpg?s=72&d=https%3A%2F%2Fa.slack-edge.com%2F80588%2Fimg%2Favatars%2Fuser_shapes%2Fava_0021-72.png",
            "first_name": "Otto",
            "real_name": "Otto Atzwanger",
            "display_name": "Otto",
            "team": "TJH5YU202",
            "name": "otto",
            "is_restricted": false,
            "is_ultra_restricted": false
        }
    },
    {
        "client_msg_id": "2303be08-7b10-4d3f-9a3d-6bf15f494062",
        "type": "message",
        "text": "yes",
        "user": "UJN8D8U3B",
        "ts": "1566154216.427200",
        "team": "TJH5YU202",
        "user_team": "TJH5YU202",
        "source_team": "TJH5YU202",
        "user_profile": {
            "avatar_hash": "g92ad2abcc45",
            "image_72": "https:\/\/secure.gravatar.com\/avatar\/8492ad2abcc45ce53969adcf8420acde.jpg?s=72&d=https%3A%2F%2Fa.slack-edge.com%2F80588%2Fimg%2Favatars%2Fuser_shapes%2Fava_0008-72.png",
            "first_name": "",
            "real_name": "Antonio Linares",
            "display_name": "Antonio Linares",
            "team": "TJH5YU202",
            "name": "alinares",
            "is_restricted": false,
            "is_ultra_restricted": false
        }
    },
    {
        "client_msg_id": "e80f6e1d-7a0c-42a4-b849-5e216b703559",
        "type": "message",
        "text": "BTW how can we set cursor in genisis input fileds aligned left.",
        "user": "UJHD6A81H",
        "ts": "1566154247.427800",
        "team": "TJH5YU202",
        "user_team": "TJH5YU202",
        "source_team": "TJH5YU202",
        "user_profile": {
            "avatar_hash": "g6b8073e00e9",
            "image_72": "https:\/\/secure.gravatar.com\/avatar\/b96b8073e00e9eb02bcf05bc1418eb3a.jpg?s=72&d=https%3A%2F%2Fa.slack-edge.com%2F80588%2Fimg%2Favatars%2Fuser_shapes%2Fava_0021-72.png",
            "first_name": "Otto",
            "real_name": "Otto Atzwanger",
            "display_name": "Otto",
            "team": "TJH5YU202",
            "name": "otto",
            "is_restricted": false,
            "is_ultra_restricted": false
        }
    },
    {
        "client_msg_id": "26ad68e9-b6d2-4564-8656-eb4b04eb5bc4",
        "type": "message",
        "text": "when you edit a record ?",
        "user": "UJN8D8U3B",
        "ts": "1566154305.428000",
        "team": "TJH5YU202",
        "user_team": "TJH5YU202",
        "source_team": "TJH5YU202",
        "user_profile": {
            "avatar_hash": "g92ad2abcc45",
            "image_72": "https:\/\/secure.gravatar.com\/avatar\/8492ad2abcc45ce53969adcf8420acde.jpg?s=72&d=https%3A%2F%2Fa.slack-edge.com%2F80588%2Fimg%2Favatars%2Fuser_shapes%2Fava_0008-72.png",
            "first_name": "",
            "real_name": "Antonio Linares",
            "display_name": "Antonio Linares",
            "team": "TJH5YU202",
            "name": "alinares",
            "is_restricted": false,
            "is_ultra_restricted": false
        }
    },
    {
        "client_msg_id": "d37b4302-8789-4983-be68-bc4826c6cce9",
        "type": "message",
        "text": "yes",
        "user": "UJHD6A81H",
        "ts": "1566155188.428200",
        "team": "TJH5YU202",
        "user_team": "TJH5YU202",
        "source_team": "TJH5YU202",
        "user_profile": {
            "avatar_hash": "g6b8073e00e9",
            "image_72": "https:\/\/secure.gravatar.com\/avatar\/b96b8073e00e9eb02bcf05bc1418eb3a.jpg?s=72&d=https%3A%2F%2Fa.slack-edge.com%2F80588%2Fimg%2Favatars%2Fuser_shapes%2Fava_0021-72.png",
            "first_name": "Otto",
            "real_name": "Otto Atzwanger",
            "display_name": "Otto",
            "team": "TJH5YU202",
            "name": "otto",
            "is_restricted": false,
            "is_ultra_restricted": false
        }
    },
    {
        "client_msg_id": "962117d8-6145-4f8d-aec1-54b0cb65d847",
        "type": "message",
        "text": "Is there a variable in genesis to deactivate login.",
        "user": "UJHD6A81H",
        "ts": "1566155363.428800",
        "team": "TJH5YU202",
        "user_team": "TJH5YU202",
        "source_team": "TJH5YU202",
        "user_profile": {
            "avatar_hash": "g6b8073e00e9",
            "image_72": "https:\/\/secure.gravatar.com\/avatar\/b96b8073e00e9eb02bcf05bc1418eb3a.jpg?s=72&d=https%3A%2F%2Fa.slack-edge.com%2F80588%2Fimg%2Favatars%2Fuser_shapes%2Fava_0021-72.png",
            "first_name": "Otto",
            "real_name": "Otto Atzwanger",
            "display_name": "Otto",
            "team": "TJH5YU202",
            "name": "otto",
            "is_restricted": false,
            "is_ultra_restricted": false
        }
    },
    {
        "client_msg_id": "e7335bf6-3588-4b8d-8ee6-9b5cfe9dd257",
        "type": "message",
        "text": "simply login and next time you won't have to login",
        "user": "UJN8D8U3B",
        "ts": "1566155571.429100",
        "team": "TJH5YU202",
        "user_team": "TJH5YU202",
        "source_team": "TJH5YU202",
        "user_profile": {
            "avatar_hash": "g92ad2abcc45",
            "image_72": "https:\/\/secure.gravatar.com\/avatar\/8492ad2abcc45ce53969adcf8420acde.jpg?s=72&d=https%3A%2F%2Fa.slack-edge.com%2F80588%2Fimg%2Favatars%2Fuser_shapes%2Fava_0008-72.png",
            "first_name": "",
            "real_name": "Antonio Linares",
            "display_name": "Antonio Linares",
            "team": "TJH5YU202",
            "name": "alinares",
            "is_restricted": false,
            "is_ultra_restricted": false
        }
    },
    {
        "client_msg_id": "96381bb3-5f27-42d3-bca0-6030b0d55b31",
        "type": "message",
        "text": "if you edit a record and there is data in it, then you can freely write",
        "user": "UJN8D8U3B",
        "ts": "1566155595.429600",
        "team": "TJH5YU202",
        "user_team": "TJH5YU202",
        "source_team": "TJH5YU202",
        "user_profile": {
            "avatar_hash": "g92ad2abcc45",
            "image_72": "https:\/\/secure.gravatar.com\/avatar\/8492ad2abcc45ce53969adcf8420acde.jpg?s=72&d=https%3A%2F%2Fa.slack-edge.com%2F80588%2Fimg%2Favatars%2Fuser_shapes%2Fava_0008-72.png",
            "first_name": "",
            "real_name": "Antonio Linares",
            "display_name": "Antonio Linares",
            "team": "TJH5YU202",
            "name": "alinares",
            "is_restricted": false,
            "is_ultra_restricted": false
        }
    },
    {
        "client_msg_id": "72719e6c-49ff-44b1-b93d-71da96affe03",
        "type": "message",
        "text": "see this example:",
        "user": "UJN8D8U3B",
        "ts": "1566155598.429900",
        "team": "TJH5YU202",
        "user_team": "TJH5YU202",
        "source_team": "TJH5YU202",
        "user_profile": {
            "avatar_hash": "g92ad2abcc45",
            "image_72": "https:\/\/secure.gravatar.com\/avatar\/8492ad2abcc45ce53969adcf8420acde.jpg?s=72&d=https%3A%2F%2Fa.slack-edge.com%2F80588%2Fimg%2Favatars%2Fuser_shapes%2Fava_0008-72.png",
            "first_name": "",
            "real_name": "Antonio Linares",
            "display_name": "Antonio Linares",
            "team": "TJH5YU202",
            "name": "alinares",
            "is_restricted": false,
            "is_ultra_restricted": false
        }
    },
    {
        "client_msg_id": "0bed444e-fb89-49b8-9f80-5f63e7fa20be",
        "type": "message",
        "text": "<http:\/\/jsfiddle.net\/T6zhj\/1\/>",
        "user": "UJN8D8U3B",
        "ts": "1566155603.430100",
        "team": "TJH5YU202",
        "user_team": "TJH5YU202",
        "source_team": "TJH5YU202",
        "user_profile": {
            "avatar_hash": "g92ad2abcc45",
            "image_72": "https:\/\/secure.gravatar.com\/avatar\/8492ad2abcc45ce53969adcf8420acde.jpg?s=72&d=https%3A%2F%2Fa.slack-edge.com%2F80588%2Fimg%2Favatars%2Fuser_shapes%2Fava_0008-72.png",
            "first_name": "",
            "real_name": "Antonio Linares",
            "display_name": "Antonio Linares",
            "team": "TJH5YU202",
            "name": "alinares",
            "is_restricted": false,
            "is_ultra_restricted": false
        },
        "attachments": [
            {
                "title": "Edit fiddle - JSFiddle",
                "title_link": "http:\/\/jsfiddle.net\/T6zhj\/1\/",
                "text": "Test your JavaScript, CSS, HTML or CoffeeScript online with JSFiddle code editor.",
                "fallback": "Edit fiddle - JSFiddle",
                "from_url": "http:\/\/jsfiddle.net\/T6zhj\/1\/",
                "service_icon": "http:\/\/jsfiddle.net\/img\/favicon.png",
                "service_name": "jsfiddle.net",
                "id": 1,
                "original_url": "http:\/\/jsfiddle.net\/T6zhj\/1\/"
            }
        ]
    },
    {
        "client_msg_id": "dc20c7df-4dff-4289-b429-5f301d567ea3",
        "type": "message",
        "text": "Thank you.",
        "user": "UJHD6A81H",
        "ts": "1566155739.430500",
        "team": "TJH5YU202",
        "user_team": "TJH5YU202",
        "source_team": "TJH5YU202",
        "user_profile": {
            "avatar_hash": "g6b8073e00e9",
            "image_72": "https:\/\/secure.gravatar.com\/avatar\/b96b8073e00e9eb02bcf05bc1418eb3a.jpg?s=72&d=https%3A%2F%2Fa.slack-edge.com%2F80588%2Fimg%2Favatars%2Fuser_shapes%2Fava_0021-72.png",
            "first_name": "Otto",
            "real_name": "Otto Atzwanger",
            "display_name": "Otto",
            "team": "TJH5YU202",
            "name": "otto",
            "is_restricted": false,
            "is_ultra_restricted": false
        }
    },
    {
        "client_msg_id": "3dc14a4a-b257-4968-91aa-b30abb1bffb1",
        "type": "message",
        "text": "En mi pueblo se hacen con pan \"duro\", se echa en agua la noche de antes",
        "user": "UJUJLTWMT",
        "ts": "1566157361.430600",
        "team": "TJH5YU202",
        "user_team": "TJH5YU202",
        "source_team": "TJH5YU202",
        "user_profile": {
            "avatar_hash": "a60e3b1ef2d2",
            "image_72": "https:\/\/avatars.slack-edge.com\/2019-08-20\/726246109489_a60e3b1ef2d2c141969d_72.jpg",
            "first_name": "",
            "real_name": "Cristobal",
            "display_name": "Cristobal",
            "team": "TJH5YU202",
            "name": "navarro.cristobal",
            "is_restricted": false,
            "is_ultra_restricted": false
        },
        "thread_ts": "1566146094.424900",
        "parent_user_id": "UJULQCHL5"
    },
    {
        "type": "message",
        "text": "",
        "files": [
            {
                "id": "FMGAS3LGG",
                "created": 1566194017,
                "timestamp": 1566194017,
                "name": "Screenshot 2019-08-19 at 07.53.17.png",
                "title": "Screenshot 2019-08-19 at 07.53.17.png",
                "mimetype": "image\/png",
                "filetype": "png",
                "pretty_type": "PNG",
                "user": "UJN8D8U3B",
                "editable": false,
                "size": 602368,
                "mode": "hosted",
                "is_external": false,
                "external_type": "",
                "is_public": true,
                "public_url_shared": false,
                "display_as_bot": false,
                "username": "",
                "url_private": "https:\/\/files.slack.com\/files-pri\/TJH5YU202-FMGAS3LGG\/screenshot_2019-08-19_at_07.53.17.png?t=xoxe-629202954002-776688371669-763909703378-01ffaa4c4eeda75ea92ad255b32a04e5",
                "url_private_download": "https:\/\/files.slack.com\/files-pri\/TJH5YU202-FMGAS3LGG\/download\/screenshot_2019-08-19_at_07.53.17.png?t=xoxe-629202954002-776688371669-763909703378-01ffaa4c4eeda75ea92ad255b32a04e5",
                "thumb_64": "https:\/\/files.slack.com\/files-tmb\/TJH5YU202-FMGAS3LGG-0f5b2f2289\/screenshot_2019-08-19_at_07.53.17_64.png?t=xoxe-629202954002-776688371669-763909703378-01ffaa4c4eeda75ea92ad255b32a04e5",
                "thumb_80": "https:\/\/files.slack.com\/files-tmb\/TJH5YU202-FMGAS3LGG-0f5b2f2289\/screenshot_2019-08-19_at_07.53.17_80.png?t=xoxe-629202954002-776688371669-763909703378-01ffaa4c4eeda75ea92ad255b32a04e5",
                "thumb_360": "https:\/\/files.slack.com\/files-tmb\/TJH5YU202-FMGAS3LGG-0f5b2f2289\/screenshot_2019-08-19_at_07.53.17_360.png?t=xoxe-629202954002-776688371669-763909703378-01ffaa4c4eeda75ea92ad255b32a04e5",
                "thumb_360_w": 360,
                "thumb_360_h": 165,
                "thumb_480": "https:\/\/files.slack.com\/files-tmb\/TJH5YU202-FMGAS3LGG-0f5b2f2289\/screenshot_2019-08-19_at_07.53.17_480.png?t=xoxe-629202954002-776688371669-763909703378-01ffaa4c4eeda75ea92ad255b32a04e5",
                "thumb_480_w": 480,
                "thumb_480_h": 220,
                "thumb_160": "https:\/\/files.slack.com\/files-tmb\/TJH5YU202-FMGAS3LGG-0f5b2f2289\/screenshot_2019-08-19_at_07.53.17_160.png?t=xoxe-629202954002-776688371669-763909703378-01ffaa4c4eeda75ea92ad255b32a04e5",
                "thumb_720": "https:\/\/files.slack.com\/files-tmb\/TJH5YU202-FMGAS3LGG-0f5b2f2289\/screenshot_2019-08-19_at_07.53.17_720.png?t=xoxe-629202954002-776688371669-763909703378-01ffaa4c4eeda75ea92ad255b32a04e5",
                "thumb_720_w": 720,
                "thumb_720_h": 331,
                "thumb_800": "https:\/\/files.slack.com\/files-tmb\/TJH5YU202-FMGAS3LGG-0f5b2f2289\/screenshot_2019-08-19_at_07.53.17_800.png?t=xoxe-629202954002-776688371669-763909703378-01ffaa4c4eeda75ea92ad255b32a04e5",
                "thumb_800_w": 800,
                "thumb_800_h": 367,
                "thumb_960": "https:\/\/files.slack.com\/files-tmb\/TJH5YU202-FMGAS3LGG-0f5b2f2289\/screenshot_2019-08-19_at_07.53.17_960.png?t=xoxe-629202954002-776688371669-763909703378-01ffaa4c4eeda75ea92ad255b32a04e5",
                "thumb_960_w": 960,
                "thumb_960_h": 441,
                "thumb_1024": "https:\/\/files.slack.com\/files-tmb\/TJH5YU202-FMGAS3LGG-0f5b2f2289\/screenshot_2019-08-19_at_07.53.17_1024.png?t=xoxe-629202954002-776688371669-763909703378-01ffaa4c4eeda75ea92ad255b32a04e5",
                "thumb_1024_w": 1024,
                "thumb_1024_h": 470,
                "image_exif_rotation": 1,
                "original_w": 4094,
                "original_h": 1880,
                "permalink": "https:\/\/harbourproject.slack.com\/files\/UJN8D8U3B\/FMGAS3LGG\/screenshot_2019-08-19_at_07.53.17.png",
                "permalink_public": "https:\/\/slack-files.com\/TJH5YU202-FMGAS3LGG-f379f3b9cf",
                "is_starred": false,
                "has_rich_preview": false
            }
        ],
        "upload": true,
        "user": "UJN8D8U3B",
        "display_as_bot": false,
        "ts": "1566194021.430800",
        "client_msg_id": "198c409d-a8bf-4fe0-a04c-4e8cd14e10e9"
    },
    {
        "client_msg_id": "85404fb0-e0bc-45f2-97cf-0d9ab4021625",
        "type": "message",
        "text": "buenos dias :sunny:",
        "user": "UJN8D8U3B",
        "ts": "1566194037.431300",
        "team": "TJH5YU202",
        "user_team": "TJH5YU202",
        "source_team": "TJH5YU202",
        "user_profile": {
            "avatar_hash": "g92ad2abcc45",
            "image_72": "https:\/\/secure.gravatar.com\/avatar\/8492ad2abcc45ce53969adcf8420acde.jpg?s=72&d=https%3A%2F%2Fa.slack-edge.com%2F80588%2Fimg%2Favatars%2Fuser_shapes%2Fava_0008-72.png",
            "first_name": "",
            "real_name": "Antonio Linares",
            "display_name": "Antonio Linares",
            "team": "TJH5YU202",
            "name": "alinares",
            "is_restricted": false,
            "is_ultra_restricted": false
        }
    },
    {
        "type": "message",
        "text": "",
        "files": [
            {
                "id": "FMFT4L7PE",
                "created": 1566196281,
                "timestamp": 1566196281,
                "name": "Screenshot 2019-08-19 at 08.29.50.png",
                "title": "Screenshot 2019-08-19 at 08.29.50.png",
                "mimetype": "image\/png",
                "filetype": "png",
                "pretty_type": "PNG",
                "user": "UJN8D8U3B",
                "editable": false,
                "size": 635540,
                "mode": "hosted",
                "is_external": false,
                "external_type": "",
                "is_public": true,
                "public_url_shared": false,
                "display_as_bot": false,
                "username": "",
                "url_private": "https:\/\/files.slack.com\/files-pri\/TJH5YU202-FMFT4L7PE\/screenshot_2019-08-19_at_08.29.50.png?t=xoxe-629202954002-776688371669-763909703378-01ffaa4c4eeda75ea92ad255b32a04e5",
                "url_private_download": "https:\/\/files.slack.com\/files-pri\/TJH5YU202-FMFT4L7PE\/download\/screenshot_2019-08-19_at_08.29.50.png?t=xoxe-629202954002-776688371669-763909703378-01ffaa4c4eeda75ea92ad255b32a04e5",
                "thumb_64": "https:\/\/files.slack.com\/files-tmb\/TJH5YU202-FMFT4L7PE-db4ffcfece\/screenshot_2019-08-19_at_08.29.50_64.png?t=xoxe-629202954002-776688371669-763909703378-01ffaa4c4eeda75ea92ad255b32a04e5",
                "thumb_80": "https:\/\/files.slack.com\/files-tmb\/TJH5YU202-FMFT4L7PE-db4ffcfece\/screenshot_2019-08-19_at_08.29.50_80.png?t=xoxe-629202954002-776688371669-763909703378-01ffaa4c4eeda75ea92ad255b32a04e5",
                "thumb_360": "https:\/\/files.slack.com\/files-tmb\/TJH5YU202-FMFT4L7PE-db4ffcfece\/screenshot_2019-08-19_at_08.29.50_360.png?t=xoxe-629202954002-776688371669-763909703378-01ffaa4c4eeda75ea92ad255b32a04e5",
                "thumb_360_w": 360,
                "thumb_360_h": 170,
                "thumb_480": "https:\/\/files.slack.com\/files-tmb\/TJH5YU202-FMFT4L7PE-db4ffcfece\/screenshot_2019-08-19_at_08.29.50_480.png?t=xoxe-629202954002-776688371669-763909703378-01ffaa4c4eeda75ea92ad255b32a04e5",
                "thumb_480_w": 480,
                "thumb_480_h": 226,
                "thumb_160": "https:\/\/files.slack.com\/files-tmb\/TJH5YU202-FMFT4L7PE-db4ffcfece\/screenshot_2019-08-19_at_08.29.50_160.png?t=xoxe-629202954002-776688371669-763909703378-01ffaa4c4eeda75ea92ad255b32a04e5",
                "thumb_720": "https:\/\/files.slack.com\/files-tmb\/TJH5YU202-FMFT4L7PE-db4ffcfece\/screenshot_2019-08-19_at_08.29.50_720.png?t=xoxe-629202954002-776688371669-763909703378-01ffaa4c4eeda75ea92ad255b32a04e5",
                "thumb_720_w": 720,
                "thumb_720_h": 339,
                "thumb_800": "https:\/\/files.slack.com\/files-tmb\/TJH5YU202-FMFT4L7PE-db4ffcfece\/screenshot_2019-08-19_at_08.29.50_800.png?t=xoxe-629202954002-776688371669-763909703378-01ffaa4c4eeda75ea92ad255b32a04e5",
                "thumb_800_w": 800,
                "thumb_800_h": 377,
                "thumb_960": "https:\/\/files.slack.com\/files-tmb\/TJH5YU202-FMFT4L7PE-db4ffcfece\/screenshot_2019-08-19_at_08.29.50_960.png?t=xoxe-629202954002-776688371669-763909703378-01ffaa4c4eeda75ea92ad255b32a04e5",
                "thumb_960_w": 960,
                "thumb_960_h": 452,
                "thumb_1024": "https:\/\/files.slack.com\/files-tmb\/TJH5YU202-FMFT4L7PE-db4ffcfece\/screenshot_2019-08-19_at_08.29.50_1024.png?t=xoxe-629202954002-776688371669-763909703378-01ffaa4c4eeda75ea92ad255b32a04e5",
                "thumb_1024_w": 1024,
                "thumb_1024_h": 483,
                "image_exif_rotation": 1,
                "original_w": 4078,
                "original_h": 1922,
                "permalink": "https:\/\/harbourproject.slack.com\/files\/UJN8D8U3B\/FMFT4L7PE\/screenshot_2019-08-19_at_08.29.50.png",
                "permalink_public": "https:\/\/slack-files.com\/TJH5YU202-FMFT4L7PE-5fa4a6b520",
                "is_starred": false,
                "has_rich_preview": false
            }
        ],
        "upload": true,
        "user": "UJN8D8U3B",
        "display_as_bot": false,
        "ts": "1566196285.431400",
        "client_msg_id": "a814a18d-9087-4947-b20c-e853d9396d5f"
    }
]