[
    {
        "client_msg_id": "281d46f5-da6e-4e5a-ae3d-0c8d388e22d7",
        "type": "message",
        "text": "buenos dias :sunny:",
        "user": "UJN8D8U3B",
        "ts": "1561711176.072100",
        "team": "TJH5YU202",
        "user_team": "TJH5YU202",
        "source_team": "TJH5YU202",
        "user_profile": {
            "avatar_hash": "g92ad2abcc45",
            "image_72": "https:\/\/secure.gravatar.com\/avatar\/8492ad2abcc45ce53969adcf8420acde.jpg?s=72&d=https%3A%2F%2Fa.slack-edge.com%2F80588%2Fimg%2Favatars%2Fuser_shapes%2Fava_0008-72.png",
            "first_name": "",
            "real_name": "Antonio Linares",
            "display_name": "Antonio Linares",
            "team": "TJH5YU202",
            "name": "alinares",
            "is_restricted": false,
            "is_ultra_restricted": false
        }
    },
    {
        "client_msg_id": "444d9841-482e-47e2-939c-d460b10d260b",
        "type": "message",
        "text": "Paco estás ?",
        "user": "UJN8D8U3B",
        "ts": "1561711180.072300",
        "team": "TJH5YU202",
        "user_team": "TJH5YU202",
        "source_team": "TJH5YU202",
        "user_profile": {
            "avatar_hash": "g92ad2abcc45",
            "image_72": "https:\/\/secure.gravatar.com\/avatar\/8492ad2abcc45ce53969adcf8420acde.jpg?s=72&d=https%3A%2F%2Fa.slack-edge.com%2F80588%2Fimg%2Favatars%2Fuser_shapes%2Fava_0008-72.png",
            "first_name": "",
            "real_name": "Antonio Linares",
            "display_name": "Antonio Linares",
            "team": "TJH5YU202",
            "name": "alinares",
            "is_restricted": false,
            "is_ultra_restricted": false
        }
    },
    {
        "client_msg_id": "85a728a1-c55b-4bd9-ba2a-3a99097c97d4",
        "type": "message",
        "text": "Se presenta el grumete paquito, Capitán !",
        "user": "UJULQCHL5",
        "ts": "1561711228.073000",
        "team": "TJH5YU202",
        "user_team": "TJH5YU202",
        "source_team": "TJH5YU202",
        "user_profile": {
            "avatar_hash": "g7659142325a",
            "image_72": "https:\/\/secure.gravatar.com\/avatar\/c87659142325a3facb661d85281ec091.jpg?s=72&d=https%3A%2F%2Fa.slack-edge.com%2F80588%2Fimg%2Favatars%2Fuser_shapes%2Fava_0003-72.png",
            "first_name": "",
            "real_name": "Paquito",
            "display_name": "Paquito",
            "team": "TJH5YU202",
            "name": "hmpaquito",
            "is_restricted": false,
            "is_ultra_restricted": false
        }
    },
    {
        "client_msg_id": "6d92c8b1-b2fe-43f5-a1aa-8ef68ea937c3",
        "type": "message",
        "text": ":smile:",
        "user": "UJN8D8U3B",
        "ts": "1561711321.073200",
        "team": "TJH5YU202",
        "user_team": "TJH5YU202",
        "source_team": "TJH5YU202",
        "user_profile": {
            "avatar_hash": "g92ad2abcc45",
            "image_72": "https:\/\/secure.gravatar.com\/avatar\/8492ad2abcc45ce53969adcf8420acde.jpg?s=72&d=https%3A%2F%2Fa.slack-edge.com%2F80588%2Fimg%2Favatars%2Fuser_shapes%2Fava_0008-72.png",
            "first_name": "",
            "real_name": "Antonio Linares",
            "display_name": "Antonio Linares",
            "team": "TJH5YU202",
            "name": "alinares",
            "is_restricted": false,
            "is_ultra_restricted": false
        }
    },
    {
        "client_msg_id": "b95140df-c707-4849-9ef4-1fbf940c45b6",
        "type": "message",
        "text": "Ayer me dijiste que has usado el gtwvt si ?",
        "user": "UJN8D8U3B",
        "ts": "1561711345.073600",
        "team": "TJH5YU202",
        "user_team": "TJH5YU202",
        "source_team": "TJH5YU202",
        "user_profile": {
            "avatar_hash": "g92ad2abcc45",
            "image_72": "https:\/\/secure.gravatar.com\/avatar\/8492ad2abcc45ce53969adcf8420acde.jpg?s=72&d=https%3A%2F%2Fa.slack-edge.com%2F80588%2Fimg%2Favatars%2Fuser_shapes%2Fava_0008-72.png",
            "first_name": "",
            "real_name": "Antonio Linares",
            "display_name": "Antonio Linares",
            "team": "TJH5YU202",
            "name": "alinares",
            "is_restricted": false,
            "is_ultra_restricted": false
        }
    },
    {
        "client_msg_id": "97ac1093-18f0-4596-8713-4794cfc48a9d",
        "type": "message",
        "text": "has usado alguno en Linux ?",
        "user": "UJN8D8U3B",
        "ts": "1561711398.074400",
        "team": "TJH5YU202",
        "user_team": "TJH5YU202",
        "source_team": "TJH5YU202",
        "user_profile": {
            "avatar_hash": "g92ad2abcc45",
            "image_72": "https:\/\/secure.gravatar.com\/avatar\/8492ad2abcc45ce53969adcf8420acde.jpg?s=72&d=https%3A%2F%2Fa.slack-edge.com%2F80588%2Fimg%2Favatars%2Fuser_shapes%2Fava_0008-72.png",
            "first_name": "",
            "real_name": "Antonio Linares",
            "display_name": "Antonio Linares",
            "team": "TJH5YU202",
            "name": "alinares",
            "is_restricted": false,
            "is_ultra_restricted": false
        }
    },
    {
        "client_msg_id": "e507c33e-d4be-493a-8990-0805ff6453a0",
        "type": "message",
        "text": "Creo que dije que había usado el gtwvw, pero en realidad he usado el gtwvg de Pritpal Bedi.\nNo he usado ninguno en Linux. Sólo Windows.\nLo usé para migrar varias aplicaciones DOS-Clipper a Windows-Harbour",
        "user": "UJULQCHL5",
        "ts": "1561711525.075300",
        "team": "TJH5YU202",
        "user_team": "TJH5YU202",
        "source_team": "TJH5YU202",
        "user_profile": {
            "avatar_hash": "g7659142325a",
            "image_72": "https:\/\/secure.gravatar.com\/avatar\/c87659142325a3facb661d85281ec091.jpg?s=72&d=https%3A%2F%2Fa.slack-edge.com%2F80588%2Fimg%2Favatars%2Fuser_shapes%2Fava_0003-72.png",
            "first_name": "",
            "real_name": "Paquito",
            "display_name": "Paquito",
            "team": "TJH5YU202",
            "name": "hmpaquito",
            "is_restricted": false,
            "is_ultra_restricted": false
        }
    },
    {
        "client_msg_id": "43cc6ddb-9b4a-4de0-ba3a-195cf39b2e19",
        "type": "message",
        "text": "Si usamos el sandbox que tenemos en el server en Linux:",
        "user": "UJN8D8U3B",
        "ts": "1561711695.076300",
        "team": "TJH5YU202",
        "user_team": "TJH5YU202",
        "source_team": "TJH5YU202",
        "user_profile": {
            "avatar_hash": "g92ad2abcc45",
            "image_72": "https:\/\/secure.gravatar.com\/avatar\/8492ad2abcc45ce53969adcf8420acde.jpg?s=72&d=https%3A%2F%2Fa.slack-edge.com%2F80588%2Fimg%2Favatars%2Fuser_shapes%2Fava_0008-72.png",
            "first_name": "",
            "real_name": "Antonio Linares",
            "display_name": "Antonio Linares",
            "team": "TJH5YU202",
            "name": "alinares",
            "is_restricted": false,
            "is_ultra_restricted": false
        }
    },
    {
        "client_msg_id": "8fdd0f5d-cd21-4e2b-8671-2bec152c8eea",
        "type": "message",
        "text": "<https:\/\/harbour.fourtech.es\/modharbour_samples\/sandbox.prg>",
        "user": "UJN8D8U3B",
        "ts": "1561711709.076500",
        "team": "TJH5YU202",
        "user_team": "TJH5YU202",
        "source_team": "TJH5YU202",
        "user_profile": {
            "avatar_hash": "g92ad2abcc45",
            "image_72": "https:\/\/secure.gravatar.com\/avatar\/8492ad2abcc45ce53969adcf8420acde.jpg?s=72&d=https%3A%2F%2Fa.slack-edge.com%2F80588%2Fimg%2Favatars%2Fuser_shapes%2Fava_0008-72.png",
            "first_name": "",
            "real_name": "Antonio Linares",
            "display_name": "Antonio Linares",
            "team": "TJH5YU202",
            "name": "alinares",
            "is_restricted": false,
            "is_ultra_restricted": false
        }
    },
    {
        "client_msg_id": "db8d5fc7-c666-4987-9bca-e3eeb362fd30",
        "type": "message",
        "text": "Y hacemos ? hb_GetEnv( \"TERM\" )",
        "user": "UJN8D8U3B",
        "ts": "1561711776.076900",
        "team": "TJH5YU202",
        "user_team": "TJH5YU202",
        "source_team": "TJH5YU202",
        "user_profile": {
            "avatar_hash": "g92ad2abcc45",
            "image_72": "https:\/\/secure.gravatar.com\/avatar\/8492ad2abcc45ce53969adcf8420acde.jpg?s=72&d=https%3A%2F%2Fa.slack-edge.com%2F80588%2Fimg%2Favatars%2Fuser_shapes%2Fava_0008-72.png",
            "first_name": "",
            "real_name": "Antonio Linares",
            "display_name": "Antonio Linares",
            "team": "TJH5YU202",
            "name": "alinares",
            "is_restricted": false,
            "is_ultra_restricted": false
        }
    },
    {
        "client_msg_id": "7ca9523a-b2b4-4297-b4eb-6c1fdb95e244",
        "type": "message",
        "text": "desde el server remoto no aparece nada...",
        "user": "UJN8D8U3B",
        "ts": "1561711786.077200",
        "team": "TJH5YU202",
        "user_team": "TJH5YU202",
        "source_team": "TJH5YU202",
        "user_profile": {
            "avatar_hash": "g92ad2abcc45",
            "image_72": "https:\/\/secure.gravatar.com\/avatar\/8492ad2abcc45ce53969adcf8420acde.jpg?s=72&d=https%3A%2F%2Fa.slack-edge.com%2F80588%2Fimg%2Favatars%2Fuser_shapes%2Fava_0008-72.png",
            "first_name": "",
            "real_name": "Antonio Linares",
            "display_name": "Antonio Linares",
            "team": "TJH5YU202",
            "name": "alinares",
            "is_restricted": false,
            "is_ultra_restricted": false
        }
    },
    {
        "client_msg_id": "37ae15a1-dc05-4695-afdb-8ec907fead72",
        "type": "message",
        "text": "desde Windows bash (Ubuntu) aparece xterm-256color",
        "user": "UJN8D8U3B",
        "ts": "1561711805.077600",
        "team": "TJH5YU202",
        "user_team": "TJH5YU202",
        "source_team": "TJH5YU202",
        "user_profile": {
            "avatar_hash": "g92ad2abcc45",
            "image_72": "https:\/\/secure.gravatar.com\/avatar\/8492ad2abcc45ce53969adcf8420acde.jpg?s=72&d=https%3A%2F%2Fa.slack-edge.com%2F80588%2Fimg%2Favatars%2Fuser_shapes%2Fava_0008-72.png",
            "first_name": "",
            "real_name": "Antonio Linares",
            "display_name": "Antonio Linares",
            "team": "TJH5YU202",
            "name": "alinares",
            "is_restricted": false,
            "is_ultra_restricted": false
        }
    },
    {
        "client_msg_id": "42e162d9-db68-449c-bc6a-70014c009615",
        "type": "message",
        "text": "Los valores esperados son:\n\n#define TERM_ANSI          1\n#define TERM_LINUX         2\n#define TERM_XTERM         3\n#define TERM_CONS          4\n#define TERM_CYGWIN        5\n#define TERM_PUTTY         16\n\n<https:\/\/github.com\/harbour\/core\/blob\/d0be1949077f4e3da41fb490b43830d17669f66a\/src\/rtl\/gttrm\/gttrm.c>",
        "user": "UJULQCHL5",
        "ts": "1561712046.078100",
        "team": "TJH5YU202",
        "user_team": "TJH5YU202",
        "source_team": "TJH5YU202",
        "user_profile": {
            "avatar_hash": "g7659142325a",
            "image_72": "https:\/\/secure.gravatar.com\/avatar\/c87659142325a3facb661d85281ec091.jpg?s=72&d=https%3A%2F%2Fa.slack-edge.com%2F80588%2Fimg%2Favatars%2Fuser_shapes%2Fava_0003-72.png",
            "first_name": "",
            "real_name": "Paquito",
            "display_name": "Paquito",
            "team": "TJH5YU202",
            "name": "hmpaquito",
            "is_restricted": false,
            "is_ultra_restricted": false
        },
        "attachments": [
            {
                "service_name": "GitHub",
                "title": "harbour\/core",
                "title_link": "https:\/\/github.com\/harbour\/core\/blob\/d0be1949077f4e3da41fb490b43830d17669f66a\/src\/rtl\/gttrm\/gttrm.c",
                "text": "Portable, xBase compatible programming language and environment - harbour\/core",
                "fallback": "GitHub: harbour\/core",
                "thumb_url": "https:\/\/avatars0.githubusercontent.com\/u\/1824697?s=400&v=4",
                "from_url": "https:\/\/github.com\/harbour\/core\/blob\/d0be1949077f4e3da41fb490b43830d17669f66a\/src\/rtl\/gttrm\/gttrm.c",
                "thumb_width": 256,
                "thumb_height": 256,
                "service_icon": "https:\/\/a.slack-edge.com\/bfaba\/img\/unfurl_icons\/github.png",
                "id": 1,
                "original_url": "https:\/\/github.com\/harbour\/core\/blob\/d0be1949077f4e3da41fb490b43830d17669f66a\/src\/rtl\/gttrm\/gttrm.c"
            }
        ]
    },
    {
        "client_msg_id": "0c5f8e94-748c-41ab-89c3-8db6f1592453",
        "type": "message",
        "text": "muy buena observación...",
        "user": "UJN8D8U3B",
        "ts": "1561712248.078400",
        "team": "TJH5YU202",
        "user_team": "TJH5YU202",
        "source_team": "TJH5YU202",
        "user_profile": {
            "avatar_hash": "g92ad2abcc45",
            "image_72": "https:\/\/secure.gravatar.com\/avatar\/8492ad2abcc45ce53969adcf8420acde.jpg?s=72&d=https%3A%2F%2Fa.slack-edge.com%2F80588%2Fimg%2Favatars%2Fuser_shapes%2Fava_0008-72.png",
            "first_name": "",
            "real_name": "Antonio Linares",
            "display_name": "Antonio Linares",
            "team": "TJH5YU202",
            "name": "alinares",
            "is_restricted": false,
            "is_ultra_restricted": false
        }
    },
    {
        "client_msg_id": "18a7764b-db85-4588-926b-5eaf89376277",
        "type": "message",
        "text": "la cuestión ahora es como podemos seleccionar uno de esos valores ?",
        "user": "UJN8D8U3B",
        "ts": "1561712383.078900",
        "team": "TJH5YU202",
        "user_team": "TJH5YU202",
        "source_team": "TJH5YU202",
        "user_profile": {
            "avatar_hash": "g92ad2abcc45",
            "image_72": "https:\/\/secure.gravatar.com\/avatar\/8492ad2abcc45ce53969adcf8420acde.jpg?s=72&d=https%3A%2F%2Fa.slack-edge.com%2F80588%2Fimg%2Favatars%2Fuser_shapes%2Fava_0008-72.png",
            "first_name": "",
            "real_name": "Antonio Linares",
            "display_name": "Antonio Linares",
            "team": "TJH5YU202",
            "name": "alinares",
            "is_restricted": false,
            "is_ultra_restricted": false
        }
    },
    {
        "client_msg_id": "020add2f-ab7b-400e-81c1-2447187b6681",
        "type": "message",
        "text": "Cuál quieres seleccionar?",
        "user": "UJUJLTWMT",
        "ts": "1561712722.079000",
        "team": "TJH5YU202",
        "user_team": "TJH5YU202",
        "source_team": "TJH5YU202",
        "user_profile": {
            "avatar_hash": "a60e3b1ef2d2",
            "image_72": "https:\/\/avatars.slack-edge.com\/2019-08-20\/726246109489_a60e3b1ef2d2c141969d_72.jpg",
            "first_name": "",
            "real_name": "Cristobal",
            "display_name": "Cristobal",
            "team": "TJH5YU202",
            "name": "navarro.cristobal",
            "is_restricted": false,
            "is_ultra_restricted": false
        }
    },
    {
        "client_msg_id": "b6118337-985a-4f65-b2e2-e070cedfa131",
        "type": "message",
        "text": "cada uno de ellos, uno a uno",
        "user": "UJN8D8U3B",
        "ts": "1561712836.080200",
        "team": "TJH5YU202",
        "user_team": "TJH5YU202",
        "source_team": "TJH5YU202",
        "user_profile": {
            "avatar_hash": "g92ad2abcc45",
            "image_72": "https:\/\/secure.gravatar.com\/avatar\/8492ad2abcc45ce53969adcf8420acde.jpg?s=72&d=https%3A%2F%2Fa.slack-edge.com%2F80588%2Fimg%2Favatars%2Fuser_shapes%2Fava_0008-72.png",
            "first_name": "",
            "real_name": "Antonio Linares",
            "display_name": "Antonio Linares",
            "team": "TJH5YU202",
            "name": "alinares",
            "is_restricted": false,
            "is_ultra_restricted": false
        }
    },
    {
        "client_msg_id": "f7d2035a-b946-4076-9c38-6c5e1eb77be0",
        "type": "message",
        "text": "Máster, como siempre, la razón tu:\n\nstatic InOutBase * create_ioBase( char * term, int infd, int outfd, int errfd,\n                                  pid_t termpid )\n{\n   InOutBase * ioBase;\n   int bg, fg;\n   unsigned int i;\n   char buf[ 256 ], * ptr, * crsterm = NULL;\n\n   ioBase = ( InOutBase * ) hb_xgrabz( sizeof( InOutBase ) );\n\n   if( ! term || ! *term )\n      term = getenv( \"HB_TERM\" );\n   if( ! term || ! *term )\n      term = getenv( \"TERM\" );\n\n   if( term &amp;&amp; *term )\n   {\n      if( strncmp( term, \"linux\", 5 ) == 0 )\n         ioBase-&gt;terminal_type = TERM_LINUX;\n      else if( strstr( term, \"xterm\" ) != NULL ||\n               strncmp( term, \"rxvt\", 4 ) == 0 ||\n               strstr( term, \"putty\" ) == 0 )\n         ioBase-&gt;terminal_type = TERM_XTERM;\n\n      if( ( ptr = strchr( term, '\/' ) ) != NULL )\n      {\n         if( ( i = ptr - term ) &gt;= sizeof( buf ) )\n            i = sizeof( buf ) - 1;\n         hb_strncpy( buf, term, i );\n         if( i )\n            crsterm = buf;\n      }\n      else\n         crsterm = term;\n   }\n\n<https:\/\/github.com\/harbour\/core\/blob\/068a923d6f9b2edebac5bfec9ced2334ac887223\/src\/rtl\/gtcrs\/gtcrs.c>\nHarbour detecta el terminal según la variable de entorno.",
        "user": "UJULQCHL5",
        "ts": "1561712850.080400",
        "team": "TJH5YU202",
        "user_team": "TJH5YU202",
        "source_team": "TJH5YU202",
        "user_profile": {
            "avatar_hash": "g7659142325a",
            "image_72": "https:\/\/secure.gravatar.com\/avatar\/c87659142325a3facb661d85281ec091.jpg?s=72&d=https%3A%2F%2Fa.slack-edge.com%2F80588%2Fimg%2Favatars%2Fuser_shapes%2Fava_0003-72.png",
            "first_name": "",
            "real_name": "Paquito",
            "display_name": "Paquito",
            "team": "TJH5YU202",
            "name": "hmpaquito",
            "is_restricted": false,
            "is_ultra_restricted": false
        },
        "attachments": [
            {
                "service_name": "GitHub",
                "title": "harbour\/core",
                "title_link": "https:\/\/github.com\/harbour\/core\/blob\/068a923d6f9b2edebac5bfec9ced2334ac887223\/src\/rtl\/gtcrs\/gtcrs.c",
                "text": "Portable, xBase compatible programming language and environment - harbour\/core",
                "fallback": "GitHub: harbour\/core",
                "thumb_url": "https:\/\/avatars0.githubusercontent.com\/u\/1824697?s=400&v=4",
                "from_url": "https:\/\/github.com\/harbour\/core\/blob\/068a923d6f9b2edebac5bfec9ced2334ac887223\/src\/rtl\/gtcrs\/gtcrs.c",
                "thumb_width": 256,
                "thumb_height": 256,
                "service_icon": "https:\/\/a.slack-edge.com\/bfaba\/img\/unfurl_icons\/github.png",
                "id": 1,
                "original_url": "https:\/\/github.com\/harbour\/core\/blob\/068a923d6f9b2edebac5bfec9ced2334ac887223\/src\/rtl\/gtcrs\/gtcrs.c"
            }
        ]
    },
    {
        "client_msg_id": "0ece7ded-ba92-4a3c-a6ed-d9930c344802",
        "type": "message",
        "text": "Ahora mismo _*la teoría*_ que va ganando es que la variable TERM en Linux puro hay que configurarla MANUALMENTE.\nEn terminales virtuales es el terminal el que la establece de ahí que te aparezca valor.",
        "user": "UJULQCHL5",
        "ts": "1561713229.081600",
        "team": "TJH5YU202",
        "user_team": "TJH5YU202",
        "source_team": "TJH5YU202",
        "user_profile": {
            "avatar_hash": "g7659142325a",
            "image_72": "https:\/\/secure.gravatar.com\/avatar\/c87659142325a3facb661d85281ec091.jpg?s=72&d=https%3A%2F%2Fa.slack-edge.com%2F80588%2Fimg%2Favatars%2Fuser_shapes%2Fava_0003-72.png",
            "first_name": "",
            "real_name": "Paquito",
            "display_name": "Paquito",
            "team": "TJH5YU202",
            "name": "hmpaquito",
            "is_restricted": false,
            "is_ultra_restricted": false
        }
    },
    {
        "type": "message",
        "text": "",
        "files": [
            {
                "id": "FKZAUG1AL",
                "created": 1561713366,
                "timestamp": 1561713366,
                "name": "image.png",
                "title": "image.png",
                "mimetype": "image\/png",
                "filetype": "png",
                "pretty_type": "PNG",
                "user": "UJULQCHL5",
                "editable": false,
                "size": 59308,
                "mode": "hosted",
                "is_external": false,
                "external_type": "",
                "is_public": true,
                "public_url_shared": false,
                "display_as_bot": false,
                "username": "",
                "url_private": "https:\/\/files.slack.com\/files-pri\/TJH5YU202-FKZAUG1AL\/image.png?t=xoxe-629202954002-776688371669-763909703378-01ffaa4c4eeda75ea92ad255b32a04e5",
                "url_private_download": "https:\/\/files.slack.com\/files-pri\/TJH5YU202-FKZAUG1AL\/download\/image.png?t=xoxe-629202954002-776688371669-763909703378-01ffaa4c4eeda75ea92ad255b32a04e5",
                "thumb_64": "https:\/\/files.slack.com\/files-tmb\/TJH5YU202-FKZAUG1AL-ce359ae2dd\/image_64.png?t=xoxe-629202954002-776688371669-763909703378-01ffaa4c4eeda75ea92ad255b32a04e5",
                "thumb_80": "https:\/\/files.slack.com\/files-tmb\/TJH5YU202-FKZAUG1AL-ce359ae2dd\/image_80.png?t=xoxe-629202954002-776688371669-763909703378-01ffaa4c4eeda75ea92ad255b32a04e5",
                "thumb_360": "https:\/\/files.slack.com\/files-tmb\/TJH5YU202-FKZAUG1AL-ce359ae2dd\/image_360.png?t=xoxe-629202954002-776688371669-763909703378-01ffaa4c4eeda75ea92ad255b32a04e5",
                "thumb_360_w": 360,
                "thumb_360_h": 129,
                "thumb_480": "https:\/\/files.slack.com\/files-tmb\/TJH5YU202-FKZAUG1AL-ce359ae2dd\/image_480.png?t=xoxe-629202954002-776688371669-763909703378-01ffaa4c4eeda75ea92ad255b32a04e5",
                "thumb_480_w": 480,
                "thumb_480_h": 172,
                "thumb_160": "https:\/\/files.slack.com\/files-tmb\/TJH5YU202-FKZAUG1AL-ce359ae2dd\/image_160.png?t=xoxe-629202954002-776688371669-763909703378-01ffaa4c4eeda75ea92ad255b32a04e5",
                "thumb_720": "https:\/\/files.slack.com\/files-tmb\/TJH5YU202-FKZAUG1AL-ce359ae2dd\/image_720.png?t=xoxe-629202954002-776688371669-763909703378-01ffaa4c4eeda75ea92ad255b32a04e5",
                "thumb_720_w": 720,
                "thumb_720_h": 258,
                "thumb_800": "https:\/\/files.slack.com\/files-tmb\/TJH5YU202-FKZAUG1AL-ce359ae2dd\/image_800.png?t=xoxe-629202954002-776688371669-763909703378-01ffaa4c4eeda75ea92ad255b32a04e5",
                "thumb_800_w": 800,
                "thumb_800_h": 287,
                "thumb_960": "https:\/\/files.slack.com\/files-tmb\/TJH5YU202-FKZAUG1AL-ce359ae2dd\/image_960.png?t=xoxe-629202954002-776688371669-763909703378-01ffaa4c4eeda75ea92ad255b32a04e5",
                "thumb_960_w": 960,
                "thumb_960_h": 344,
                "thumb_1024": "https:\/\/files.slack.com\/files-tmb\/TJH5YU202-FKZAUG1AL-ce359ae2dd\/image_1024.png?t=xoxe-629202954002-776688371669-763909703378-01ffaa4c4eeda75ea92ad255b32a04e5",
                "thumb_1024_w": 1024,
                "thumb_1024_h": 367,
                "image_exif_rotation": 1,
                "original_w": 1325,
                "original_h": 475,
                "permalink": "https:\/\/harbourproject.slack.com\/files\/UJULQCHL5\/FKZAUG1AL\/image.png",
                "permalink_public": "https:\/\/slack-files.com\/TJH5YU202-FKZAUG1AL-629eb4491b",
                "is_starred": false,
                "has_rich_preview": false
            }
        ],
        "upload": true,
        "user": "UJULQCHL5",
        "display_as_bot": false,
        "ts": "1561713369.081700",
        "client_msg_id": "680ff830-082c-4f95-af95-a800075ae501"
    },
    {
        "client_msg_id": "9fb4e69f-ce99-4939-a7f5-6021e8aea378",
        "type": "message",
        "text": "Tan parece la cosa asi que Harbour tiene su propia variable *HB_TERM* para que el usuario defina con ella el terminal que quiere ejecutar.\nAdemás se pueden seleccionar varios según esto:\n\n# Harbour program is looking for this file in $HB_CHARMAP,\n# $HB_ROOT\/etc\/harbour\/hb-charmap.def, \/etc\/harbour\/hb-charmap.def\n# terminal name is taken from 'HB_TERM' or 'TERM' environment variable\n# if terminal name contains '\/' character then is divided to subsections\n# by this char and then each of them is included e.g.:\n#   export HB_TERM=linux\/acsc\/maz2iso\n# means that sections :linux, :acsc, :maz2iso will be loaded\n# remember that first subsection name (linux) will be used for terminfo\n# initialization\n\n<https:\/\/github.com\/vszakats\/harbour-core\/blob\/master\/src\/rtl\/gtcrs\/hb-charmap.def>",
        "user": "UJULQCHL5",
        "ts": "1561714388.083200",
        "team": "TJH5YU202",
        "user_team": "TJH5YU202",
        "source_team": "TJH5YU202",
        "user_profile": {
            "avatar_hash": "g7659142325a",
            "image_72": "https:\/\/secure.gravatar.com\/avatar\/c87659142325a3facb661d85281ec091.jpg?s=72&d=https%3A%2F%2Fa.slack-edge.com%2F80588%2Fimg%2Favatars%2Fuser_shapes%2Fava_0003-72.png",
            "first_name": "",
            "real_name": "Paquito",
            "display_name": "Paquito",
            "team": "TJH5YU202",
            "name": "hmpaquito",
            "is_restricted": false,
            "is_ultra_restricted": false
        },
        "edited": {
            "user": "UJULQCHL5",
            "ts": "1561714403.000000"
        },
        "attachments": [
            {
                "service_name": "GitHub",
                "title": "vszakats\/harbour-core",
                "title_link": "https:\/\/github.com\/vszakats\/harbour-core\/blob\/master\/src\/rtl\/gtcrs\/hb-charmap.def",
                "text": "Harbour fork (from <https:\/\/github.com\/harbour\/core>) + updates &amp; fixes = 3.4 - vszakats\/harbour-core",
                "fallback": "GitHub: vszakats\/harbour-core",
                "thumb_url": "https:\/\/avatars3.githubusercontent.com\/u\/1446897?s=400&v=4",
                "from_url": "https:\/\/github.com\/vszakats\/harbour-core\/blob\/master\/src\/rtl\/gtcrs\/hb-charmap.def",
                "thumb_width": 278,
                "thumb_height": 278,
                "service_icon": "https:\/\/a.slack-edge.com\/bfaba\/img\/unfurl_icons\/github.png",
                "id": 1,
                "original_url": "https:\/\/github.com\/vszakats\/harbour-core\/blob\/master\/src\/rtl\/gtcrs\/hb-charmap.def"
            }
        ]
    },
    {
        "client_msg_id": "152bc34c-bca4-490b-8059-b49c894d8ac1",
        "type": "message",
        "text": "Por lo visto el equivalente de AllocConsole() en Linux es openpty()",
        "user": "UJN8D8U3B",
        "ts": "1561715099.083800",
        "team": "TJH5YU202",
        "user_team": "TJH5YU202",
        "source_team": "TJH5YU202",
        "user_profile": {
            "avatar_hash": "g92ad2abcc45",
            "image_72": "https:\/\/secure.gravatar.com\/avatar\/8492ad2abcc45ce53969adcf8420acde.jpg?s=72&d=https%3A%2F%2Fa.slack-edge.com%2F80588%2Fimg%2Favatars%2Fuser_shapes%2Fava_0008-72.png",
            "first_name": "",
            "real_name": "Antonio Linares",
            "display_name": "Antonio Linares",
            "team": "TJH5YU202",
            "name": "alinares",
            "is_restricted": false,
            "is_ultra_restricted": false
        }
    },
    {
        "client_msg_id": "1def496c-32f4-42df-87c0-d107fdbfb253",
        "type": "message",
        "text": "Hay una sola referencia a él en Harbour y está dentro de un #if 0",
        "user": "UJN8D8U3B",
        "ts": "1561715135.084500",
        "team": "TJH5YU202",
        "user_team": "TJH5YU202",
        "source_team": "TJH5YU202",
        "user_profile": {
            "avatar_hash": "g92ad2abcc45",
            "image_72": "https:\/\/secure.gravatar.com\/avatar\/8492ad2abcc45ce53969adcf8420acde.jpg?s=72&d=https%3A%2F%2Fa.slack-edge.com%2F80588%2Fimg%2Favatars%2Fuser_shapes%2Fava_0008-72.png",
            "first_name": "",
            "real_name": "Antonio Linares",
            "display_name": "Antonio Linares",
            "team": "TJH5YU202",
            "name": "alinares",
            "is_restricted": false,
            "is_ultra_restricted": false
        }
    },
    {
        "client_msg_id": "e13e7e7d-48fb-4fc8-aa9c-fe62acbe1a65",
        "type": "message",
        "text": "y aqui un ejemplo de uso:",
        "user": "UJN8D8U3B",
        "ts": "1561715156.084700",
        "team": "TJH5YU202",
        "user_team": "TJH5YU202",
        "source_team": "TJH5YU202",
        "user_profile": {
            "avatar_hash": "g92ad2abcc45",
            "image_72": "https:\/\/secure.gravatar.com\/avatar\/8492ad2abcc45ce53969adcf8420acde.jpg?s=72&d=https%3A%2F%2Fa.slack-edge.com%2F80588%2Fimg%2Favatars%2Fuser_shapes%2Fava_0008-72.png",
            "first_name": "",
            "real_name": "Antonio Linares",
            "display_name": "Antonio Linares",
            "team": "TJH5YU202",
            "name": "alinares",
            "is_restricted": false,
            "is_ultra_restricted": false
        }
    },
    {
        "client_msg_id": "a429193c-191f-4265-9f03-6ccf07db5ec4",
        "type": "message",
        "text": "<https:\/\/gist.github.com\/zmwangx\/2bac2af9195cad47069419ccd9ee98d8>",
        "user": "UJN8D8U3B",
        "ts": "1561715158.084900",
        "team": "TJH5YU202",
        "user_team": "TJH5YU202",
        "source_team": "TJH5YU202",
        "user_profile": {
            "avatar_hash": "g92ad2abcc45",
            "image_72": "https:\/\/secure.gravatar.com\/avatar\/8492ad2abcc45ce53969adcf8420acde.jpg?s=72&d=https%3A%2F%2Fa.slack-edge.com%2F80588%2Fimg%2Favatars%2Fuser_shapes%2Fava_0008-72.png",
            "first_name": "",
            "real_name": "Antonio Linares",
            "display_name": "Antonio Linares",
            "team": "TJH5YU202",
            "name": "alinares",
            "is_restricted": false,
            "is_ultra_restricted": false
        }
    },
    {
        "client_msg_id": "74f276b8-1e9a-4855-9550-511a0dedeaf1",
        "type": "message",
        "text": "Tal vez lo que buscamos es esto:",
        "user": "UJN8D8U3B",
        "ts": "1561715397.085100",
        "team": "TJH5YU202",
        "user_team": "TJH5YU202",
        "source_team": "TJH5YU202",
        "user_profile": {
            "avatar_hash": "g92ad2abcc45",
            "image_72": "https:\/\/secure.gravatar.com\/avatar\/8492ad2abcc45ce53969adcf8420acde.jpg?s=72&d=https%3A%2F%2Fa.slack-edge.com%2F80588%2Fimg%2Favatars%2Fuser_shapes%2Fava_0008-72.png",
            "first_name": "",
            "real_name": "Antonio Linares",
            "display_name": "Antonio Linares",
            "team": "TJH5YU202",
            "name": "alinares",
            "is_restricted": false,
            "is_ultra_restricted": false
        }
    },
    {
        "client_msg_id": "d9b98a3e-f0ac-4911-95d9-ec69c62e8f28",
        "type": "message",
        "text": "HB_FUNC( SHOWCONSOLE )                                                                                                  {                                                                                                                         int master;                                                                                                             int slave;                                                                                                              int _stdout;\n\n  openpty( &amp;master, &amp;slave, NULL, NULL, NULL );\n  _stdout = dup( STDOUT_FILENO );\n  dup2( slave, STDOUT_FILENO );                                                                                         }",
        "user": "UJN8D8U3B",
        "ts": "1561715398.085300",
        "team": "TJH5YU202",
        "user_team": "TJH5YU202",
        "source_team": "TJH5YU202",
        "user_profile": {
            "avatar_hash": "g92ad2abcc45",
            "image_72": "https:\/\/secure.gravatar.com\/avatar\/8492ad2abcc45ce53969adcf8420acde.jpg?s=72&d=https%3A%2F%2Fa.slack-edge.com%2F80588%2Fimg%2Favatars%2Fuser_shapes%2Fava_0008-72.png",
            "first_name": "",
            "real_name": "Antonio Linares",
            "display_name": "Antonio Linares",
            "team": "TJH5YU202",
            "name": "alinares",
            "is_restricted": false,
            "is_ultra_restricted": false
        }
    },
    {
        "client_msg_id": "bfe3c3c7-f844-41ea-8e85-c98e271c63c4",
        "type": "message",
        "text": "Y, funciona el openpty ?\n\n<http:\/\/man7.org\/linux\/man-pages\/man3\/openpty.3.html>",
        "user": "UJULQCHL5",
        "ts": "1561715599.085700",
        "team": "TJH5YU202",
        "user_team": "TJH5YU202",
        "source_team": "TJH5YU202",
        "user_profile": {
            "avatar_hash": "g7659142325a",
            "image_72": "https:\/\/secure.gravatar.com\/avatar\/c87659142325a3facb661d85281ec091.jpg?s=72&d=https%3A%2F%2Fa.slack-edge.com%2F80588%2Fimg%2Favatars%2Fuser_shapes%2Fava_0003-72.png",
            "first_name": "",
            "real_name": "Paquito",
            "display_name": "Paquito",
            "team": "TJH5YU202",
            "name": "hmpaquito",
            "is_restricted": false,
            "is_ultra_restricted": false
        }
    },
    {
        "client_msg_id": "f8f0b43a-3de6-4a77-9aca-9f22b5a9f2eb",
        "type": "message",
        "text": "voy a ver que devuelve esta función:",
        "user": "UJN8D8U3B",
        "ts": "1561716076.086000",
        "team": "TJH5YU202",
        "user_team": "TJH5YU202",
        "source_team": "TJH5YU202",
        "user_profile": {
            "avatar_hash": "g92ad2abcc45",
            "image_72": "https:\/\/secure.gravatar.com\/avatar\/8492ad2abcc45ce53969adcf8420acde.jpg?s=72&d=https%3A%2F%2Fa.slack-edge.com%2F80588%2Fimg%2Favatars%2Fuser_shapes%2Fava_0008-72.png",
            "first_name": "",
            "real_name": "Antonio Linares",
            "display_name": "Antonio Linares",
            "team": "TJH5YU202",
            "name": "alinares",
            "is_restricted": false,
            "is_ultra_restricted": false
        }
    },
    {
        "client_msg_id": "6e4b8ea0-0d7f-4c18-a492-9b7246cc6db1",
        "type": "message",
        "text": "#include &lt;pty.h&gt;\n#include &lt;unistd.h&gt;\n\nHB_FUNC( SHOWCONSOLE )\n{\n  int master;\n  int slave;\n  int _stdout;\n  int ireturn;\n\n  ireturn = openpty( &amp;master, &amp;slave, NULL, NULL, NULL );\n  _stdout = dup( STDOUT_FILENO );\n  dup2( slave, STDOUT_FILENO );\n\n  hb_retnl( ireturn );\n}",
        "user": "UJN8D8U3B",
        "ts": "1561716078.086200",
        "team": "TJH5YU202",
        "user_team": "TJH5YU202",
        "source_team": "TJH5YU202",
        "user_profile": {
            "avatar_hash": "g92ad2abcc45",
            "image_72": "https:\/\/secure.gravatar.com\/avatar\/8492ad2abcc45ce53969adcf8420acde.jpg?s=72&d=https%3A%2F%2Fa.slack-edge.com%2F80588%2Fimg%2Favatars%2Fuser_shapes%2Fava_0008-72.png",
            "first_name": "",
            "real_name": "Antonio Linares",
            "display_name": "Antonio Linares",
            "team": "TJH5YU202",
            "name": "alinares",
            "is_restricted": false,
            "is_ultra_restricted": false
        }
    },
    {
        "client_msg_id": "890ee7be-e57b-4e6a-a5c1-729a35e7ba7a",
        "type": "message",
        "text": "debe funcionar porque bloquea... pero no es eso lo que buscamos",
        "user": "UJN8D8U3B",
        "ts": "1561716697.086700",
        "team": "TJH5YU202",
        "user_team": "TJH5YU202",
        "source_team": "TJH5YU202",
        "user_profile": {
            "avatar_hash": "g92ad2abcc45",
            "image_72": "https:\/\/secure.gravatar.com\/avatar\/8492ad2abcc45ce53969adcf8420acde.jpg?s=72&d=https%3A%2F%2Fa.slack-edge.com%2F80588%2Fimg%2Favatars%2Fuser_shapes%2Fava_0008-72.png",
            "first_name": "",
            "real_name": "Antonio Linares",
            "display_name": "Antonio Linares",
            "team": "TJH5YU202",
            "name": "alinares",
            "is_restricted": false,
            "is_ultra_restricted": false
        }
    },
    {
        "client_msg_id": "02632aea-011a-4a37-83ec-ff9efff88e97",
        "type": "message",
        "text": "function Main()\n\n   local n\n\n   for n = 1 to __DYNSCOUNT()\n      ? __DYNSGETNAME( n )\n   next\n\nreturn nil",
        "user": "UJN8D8U3B",
        "ts": "1561747216.086900",
        "team": "TJH5YU202",
        "user_team": "TJH5YU202",
        "source_team": "TJH5YU202",
        "user_profile": {
            "avatar_hash": "g92ad2abcc45",
            "image_72": "https:\/\/secure.gravatar.com\/avatar\/8492ad2abcc45ce53969adcf8420acde.jpg?s=72&d=https%3A%2F%2Fa.slack-edge.com%2F80588%2Fimg%2Favatars%2Fuser_shapes%2Fava_0008-72.png",
            "first_name": "",
            "real_name": "Antonio Linares",
            "display_name": "Antonio Linares",
            "team": "TJH5YU202",
            "name": "alinares",
            "is_restricted": false,
            "is_ultra_restricted": false
        }
    },
    {
        "client_msg_id": "2d56d3b1-7259-4d47-8a7b-8374d3ea1fee",
        "type": "message",
        "text": "[img]<https:\/\/i.postimg.cc\/xCb5PG2f\/sandbox02.gif[\/img]>",
        "user": "UJUJLTWMT",
        "ts": "1561767691.087100",
        "team": "TJH5YU202",
        "user_team": "TJH5YU202",
        "source_team": "TJH5YU202",
        "user_profile": {
            "avatar_hash": "a60e3b1ef2d2",
            "image_72": "https:\/\/avatars.slack-edge.com\/2019-08-20\/726246109489_a60e3b1ef2d2c141969d_72.jpg",
            "first_name": "",
            "real_name": "Cristobal",
            "display_name": "Cristobal",
            "team": "TJH5YU202",
            "name": "navarro.cristobal",
            "is_restricted": false,
            "is_ultra_restricted": false
        },
        "edited": {
            "user": "UJUJLTWMT",
            "ts": "1561767734.000000"
        },
        "attachments": [
            {
                "title": "sandbox02 — Postimage.org",
                "title_link": "https:\/\/postimg.cc\/ftDYz9yp",
                "fallback": "sandbox02 — Postimage.org",
                "image_url": "https:\/\/i.postimg.cc\/xCb5PG2f\/sandbox02.gif",
                "from_url": "https:\/\/postimg.cc\/ftDYz9yp",
                "image_width": 475,
                "image_height": 250,
                "image_bytes": 1106163,
                "service_icon": "http:\/\/postimgs.org\/apple-touch-icon.png",
                "service_name": "postimg.cc",
                "id": 1,
                "original_url": "https:\/\/postimg.cc\/ftDYz9yp"
            },
            {
                "fallback": "1280x674px image",
                "image_url": "https:\/\/i.postimg.cc\/xCb5PG2f\/sandbox02.gif[\/img][\/url]",
                "image_width": 1280,
                "image_height": 674,
                "image_bytes": 1106163,
                "is_animated": true,
                "from_url": "https:\/\/i.postimg.cc\/xCb5PG2f\/sandbox02.gif[\/img][\/url]",
                "id": 2,
                "original_url": "https:\/\/i.postimg.cc\/xCb5PG2f\/sandbox02.gif[\/img][\/url]"
            }
        ]
    }
]