[
    {
        "client_msg_id": "9719bf47-4b25-4833-b84d-d91582d0d44f",
        "type": "message",
        "text": "<https:\/\/harbour.fourtech.es\/modharbour_samples\/designer.prg>",
        "user": "UJN8D8U3B",
        "ts": "1566459813.379100",
        "team": "TJH5YU202",
        "user_team": "TJH5YU202",
        "source_team": "TJH5YU202",
        "user_profile": {
            "avatar_hash": "g92ad2abcc45",
            "image_72": "https:\/\/secure.gravatar.com\/avatar\/8492ad2abcc45ce53969adcf8420acde.jpg?s=72&d=https%3A%2F%2Fa.slack-edge.com%2F80588%2Fimg%2Favatars%2Fuser_shapes%2Fava_0008-72.png",
            "first_name": "",
            "real_name": "Antonio Linares",
            "display_name": "Antonio Linares",
            "team": "TJH5YU202",
            "name": "alinares",
            "is_restricted": false,
            "is_ultra_restricted": false
        }
    },
    {
        "client_msg_id": "7809c1bb-4f6f-4aac-8d89-61c9823f4672",
        "type": "message",
        "text": "<@UJHD6A81H>, look",
        "user": "UJUJLTWMT",
        "ts": "1566465105.379400",
        "team": "TJH5YU202",
        "user_team": "TJH5YU202",
        "source_team": "TJH5YU202",
        "user_profile": {
            "avatar_hash": "a60e3b1ef2d2",
            "image_72": "https:\/\/avatars.slack-edge.com\/2019-08-20\/726246109489_a60e3b1ef2d2c141969d_72.jpg",
            "first_name": "",
            "real_name": "Cristobal",
            "display_name": "Cristobal",
            "team": "TJH5YU202",
            "name": "navarro.cristobal",
            "is_restricted": false,
            "is_ultra_restricted": false
        }
    },
    {
        "type": "message",
        "text": "",
        "files": [
            {
                "id": "FM9605U2E",
                "created": 1566465109,
                "timestamp": 1566465109,
                "name": "image.png",
                "title": "image.png",
                "mimetype": "image\/png",
                "filetype": "png",
                "pretty_type": "PNG",
                "user": "UJUJLTWMT",
                "editable": false,
                "size": 107344,
                "mode": "hosted",
                "is_external": false,
                "external_type": "",
                "is_public": true,
                "public_url_shared": false,
                "display_as_bot": false,
                "username": "",
                "url_private": "https:\/\/files.slack.com\/files-pri\/TJH5YU202-FM9605U2E\/image.png?t=xoxe-629202954002-776688371669-763909703378-01ffaa4c4eeda75ea92ad255b32a04e5",
                "url_private_download": "https:\/\/files.slack.com\/files-pri\/TJH5YU202-FM9605U2E\/download\/image.png?t=xoxe-629202954002-776688371669-763909703378-01ffaa4c4eeda75ea92ad255b32a04e5",
                "thumb_64": "https:\/\/files.slack.com\/files-tmb\/TJH5YU202-FM9605U2E-8a78198d53\/image_64.png?t=xoxe-629202954002-776688371669-763909703378-01ffaa4c4eeda75ea92ad255b32a04e5",
                "thumb_80": "https:\/\/files.slack.com\/files-tmb\/TJH5YU202-FM9605U2E-8a78198d53\/image_80.png?t=xoxe-629202954002-776688371669-763909703378-01ffaa4c4eeda75ea92ad255b32a04e5",
                "thumb_360": "https:\/\/files.slack.com\/files-tmb\/TJH5YU202-FM9605U2E-8a78198d53\/image_360.png?t=xoxe-629202954002-776688371669-763909703378-01ffaa4c4eeda75ea92ad255b32a04e5",
                "thumb_360_w": 360,
                "thumb_360_h": 202,
                "thumb_480": "https:\/\/files.slack.com\/files-tmb\/TJH5YU202-FM9605U2E-8a78198d53\/image_480.png?t=xoxe-629202954002-776688371669-763909703378-01ffaa4c4eeda75ea92ad255b32a04e5",
                "thumb_480_w": 480,
                "thumb_480_h": 270,
                "thumb_160": "https:\/\/files.slack.com\/files-tmb\/TJH5YU202-FM9605U2E-8a78198d53\/image_160.png?t=xoxe-629202954002-776688371669-763909703378-01ffaa4c4eeda75ea92ad255b32a04e5",
                "thumb_720": "https:\/\/files.slack.com\/files-tmb\/TJH5YU202-FM9605U2E-8a78198d53\/image_720.png?t=xoxe-629202954002-776688371669-763909703378-01ffaa4c4eeda75ea92ad255b32a04e5",
                "thumb_720_w": 720,
                "thumb_720_h": 405,
                "thumb_800": "https:\/\/files.slack.com\/files-tmb\/TJH5YU202-FM9605U2E-8a78198d53\/image_800.png?t=xoxe-629202954002-776688371669-763909703378-01ffaa4c4eeda75ea92ad255b32a04e5",
                "thumb_800_w": 800,
                "thumb_800_h": 450,
                "thumb_960": "https:\/\/files.slack.com\/files-tmb\/TJH5YU202-FM9605U2E-8a78198d53\/image_960.png?t=xoxe-629202954002-776688371669-763909703378-01ffaa4c4eeda75ea92ad255b32a04e5",
                "thumb_960_w": 960,
                "thumb_960_h": 540,
                "thumb_1024": "https:\/\/files.slack.com\/files-tmb\/TJH5YU202-FM9605U2E-8a78198d53\/image_1024.png?t=xoxe-629202954002-776688371669-763909703378-01ffaa4c4eeda75ea92ad255b32a04e5",
                "thumb_1024_w": 1024,
                "thumb_1024_h": 576,
                "image_exif_rotation": 1,
                "original_w": 1366,
                "original_h": 768,
                "permalink": "https:\/\/harbourproject.slack.com\/files\/UJUJLTWMT\/FM9605U2E\/image.png",
                "permalink_public": "https:\/\/slack-files.com\/TJH5YU202-FM9605U2E-352a2a5c6c",
                "is_starred": false,
                "has_rich_preview": false
            }
        ],
        "upload": true,
        "user": "UJUJLTWMT",
        "display_as_bot": false,
        "ts": "1566465113.379500",
        "client_msg_id": "2459c31f-3206-4259-b33c-e9dec0d7e533"
    },
    {
        "client_msg_id": "dc109ccb-1f37-4691-9efb-a796b38d6964",
        "type": "message",
        "text": "Something similar is what you need \/ look for?",
        "user": "UJUJLTWMT",
        "ts": "1566465301.379900",
        "team": "TJH5YU202",
        "user_team": "TJH5YU202",
        "source_team": "TJH5YU202",
        "user_profile": {
            "avatar_hash": "a60e3b1ef2d2",
            "image_72": "https:\/\/avatars.slack-edge.com\/2019-08-20\/726246109489_a60e3b1ef2d2c141969d_72.jpg",
            "first_name": "",
            "real_name": "Cristobal",
            "display_name": "Cristobal",
            "team": "TJH5YU202",
            "name": "navarro.cristobal",
            "is_restricted": false,
            "is_ultra_restricted": false
        },
        "edited": {
            "user": "UJUJLTWMT",
            "ts": "1566465478.000000"
        }
    },
    {
        "client_msg_id": "dc2cd360-7b5f-43f7-b3e0-1311e99bf60a",
        "type": "message",
        "text": "Dear Cristobal,",
        "user": "UJHD6A81H",
        "ts": "1566469155.380200",
        "team": "TJH5YU202",
        "user_team": "TJH5YU202",
        "source_team": "TJH5YU202",
        "user_profile": {
            "avatar_hash": "g6b8073e00e9",
            "image_72": "https:\/\/secure.gravatar.com\/avatar\/b96b8073e00e9eb02bcf05bc1418eb3a.jpg?s=72&d=https%3A%2F%2Fa.slack-edge.com%2F80588%2Fimg%2Favatars%2Fuser_shapes%2Fava_0021-72.png",
            "first_name": "Otto",
            "real_name": "Otto Atzwanger",
            "display_name": "Otto",
            "team": "TJH5YU202",
            "name": "otto",
            "is_restricted": false,
            "is_ultra_restricted": false
        }
    },
    {
        "client_msg_id": "3f6374bd-da2d-4424-bf25-ddd9ae546850",
        "type": "message",
        "text": "thank you. Yes this is what I need. Can you please share the code.",
        "user": "UJHD6A81H",
        "ts": "1566469179.380800",
        "team": "TJH5YU202",
        "user_team": "TJH5YU202",
        "source_team": "TJH5YU202",
        "user_profile": {
            "avatar_hash": "g6b8073e00e9",
            "image_72": "https:\/\/secure.gravatar.com\/avatar\/b96b8073e00e9eb02bcf05bc1418eb3a.jpg?s=72&d=https%3A%2F%2Fa.slack-edge.com%2F80588%2Fimg%2Favatars%2Fuser_shapes%2Fava_0021-72.png",
            "first_name": "Otto",
            "real_name": "Otto Atzwanger",
            "display_name": "Otto",
            "team": "TJH5YU202",
            "name": "otto",
            "is_restricted": false,
            "is_ultra_restricted": false
        }
    },
    {
        "client_msg_id": "b412c240-7aa2-4dc2-898f-12352b39cebb",
        "type": "message",
        "text": "In the mean time I tried using GENESIS.",
        "user": "UJHD6A81H",
        "ts": "1566469193.381200",
        "team": "TJH5YU202",
        "user_team": "TJH5YU202",
        "source_team": "TJH5YU202",
        "user_profile": {
            "avatar_hash": "g6b8073e00e9",
            "image_72": "https:\/\/secure.gravatar.com\/avatar\/b96b8073e00e9eb02bcf05bc1418eb3a.jpg?s=72&d=https%3A%2F%2Fa.slack-edge.com%2F80588%2Fimg%2Favatars%2Fuser_shapes%2Fava_0021-72.png",
            "first_name": "Otto",
            "real_name": "Otto Atzwanger",
            "display_name": "Otto",
            "team": "TJH5YU202",
            "name": "otto",
            "is_restricted": false,
            "is_ultra_restricted": false
        }
    },
    {
        "type": "message",
        "text": "",
        "files": [
            {
                "id": "FM97X6JRG",
                "created": 1566469200,
                "timestamp": 1566469200,
                "name": "grafik.png",
                "title": "grafik.png",
                "mimetype": "image\/png",
                "filetype": "png",
                "pretty_type": "PNG",
                "user": "UJHD6A81H",
                "editable": false,
                "size": 48593,
                "mode": "hosted",
                "is_external": false,
                "external_type": "",
                "is_public": true,
                "public_url_shared": false,
                "display_as_bot": false,
                "username": "",
                "url_private": "https:\/\/files.slack.com\/files-pri\/TJH5YU202-FM97X6JRG\/grafik.png?t=xoxe-629202954002-776688371669-763909703378-01ffaa4c4eeda75ea92ad255b32a04e5",
                "url_private_download": "https:\/\/files.slack.com\/files-pri\/TJH5YU202-FM97X6JRG\/download\/grafik.png?t=xoxe-629202954002-776688371669-763909703378-01ffaa4c4eeda75ea92ad255b32a04e5",
                "thumb_64": "https:\/\/files.slack.com\/files-tmb\/TJH5YU202-FM97X6JRG-1b69e04c61\/grafik_64.png?t=xoxe-629202954002-776688371669-763909703378-01ffaa4c4eeda75ea92ad255b32a04e5",
                "thumb_80": "https:\/\/files.slack.com\/files-tmb\/TJH5YU202-FM97X6JRG-1b69e04c61\/grafik_80.png?t=xoxe-629202954002-776688371669-763909703378-01ffaa4c4eeda75ea92ad255b32a04e5",
                "thumb_360": "https:\/\/files.slack.com\/files-tmb\/TJH5YU202-FM97X6JRG-1b69e04c61\/grafik_360.png?t=xoxe-629202954002-776688371669-763909703378-01ffaa4c4eeda75ea92ad255b32a04e5",
                "thumb_360_w": 360,
                "thumb_360_h": 245,
                "thumb_480": "https:\/\/files.slack.com\/files-tmb\/TJH5YU202-FM97X6JRG-1b69e04c61\/grafik_480.png?t=xoxe-629202954002-776688371669-763909703378-01ffaa4c4eeda75ea92ad255b32a04e5",
                "thumb_480_w": 480,
                "thumb_480_h": 326,
                "thumb_160": "https:\/\/files.slack.com\/files-tmb\/TJH5YU202-FM97X6JRG-1b69e04c61\/grafik_160.png?t=xoxe-629202954002-776688371669-763909703378-01ffaa4c4eeda75ea92ad255b32a04e5",
                "thumb_720": "https:\/\/files.slack.com\/files-tmb\/TJH5YU202-FM97X6JRG-1b69e04c61\/grafik_720.png?t=xoxe-629202954002-776688371669-763909703378-01ffaa4c4eeda75ea92ad255b32a04e5",
                "thumb_720_w": 720,
                "thumb_720_h": 489,
                "thumb_800": "https:\/\/files.slack.com\/files-tmb\/TJH5YU202-FM97X6JRG-1b69e04c61\/grafik_800.png?t=xoxe-629202954002-776688371669-763909703378-01ffaa4c4eeda75ea92ad255b32a04e5",
                "thumb_800_w": 800,
                "thumb_800_h": 544,
                "thumb_960": "https:\/\/files.slack.com\/files-tmb\/TJH5YU202-FM97X6JRG-1b69e04c61\/grafik_960.png?t=xoxe-629202954002-776688371669-763909703378-01ffaa4c4eeda75ea92ad255b32a04e5",
                "thumb_960_w": 960,
                "thumb_960_h": 652,
                "thumb_1024": "https:\/\/files.slack.com\/files-tmb\/TJH5YU202-FM97X6JRG-1b69e04c61\/grafik_1024.png?t=xoxe-629202954002-776688371669-763909703378-01ffaa4c4eeda75ea92ad255b32a04e5",
                "thumb_1024_w": 1024,
                "thumb_1024_h": 696,
                "image_exif_rotation": 1,
                "original_w": 1554,
                "original_h": 1056,
                "permalink": "https:\/\/harbourproject.slack.com\/files\/UJHD6A81H\/FM97X6JRG\/grafik.png",
                "permalink_public": "https:\/\/slack-files.com\/TJH5YU202-FM97X6JRG-17a7e55f80",
                "is_starred": false,
                "has_rich_preview": false
            }
        ],
        "upload": true,
        "user": "UJHD6A81H",
        "display_as_bot": false,
        "ts": "1566469203.381300",
        "client_msg_id": "42d95e81-618c-4b5b-a9f6-bac284fa5369"
    },
    {
        "client_msg_id": "fc31cff7-9f65-4dd3-9f64-782e20bfbbb0",
        "type": "message",
        "text": "But navigation is here all to code. And how about search.",
        "user": "UJHD6A81H",
        "ts": "1566469271.382100",
        "team": "TJH5YU202",
        "user_team": "TJH5YU202",
        "source_team": "TJH5YU202",
        "user_profile": {
            "avatar_hash": "g6b8073e00e9",
            "image_72": "https:\/\/secure.gravatar.com\/avatar\/b96b8073e00e9eb02bcf05bc1418eb3a.jpg?s=72&d=https%3A%2F%2Fa.slack-edge.com%2F80588%2Fimg%2Favatars%2Fuser_shapes%2Fava_0021-72.png",
            "first_name": "Otto",
            "real_name": "Otto Atzwanger",
            "display_name": "Otto",
            "team": "TJH5YU202",
            "name": "otto",
            "is_restricted": false,
            "is_ultra_restricted": false
        }
    },
    {
        "client_msg_id": "15c453ca-a128-4911-9c54-ef481d47d7a5",
        "type": "message",
        "text": "Datatable. prg modified",
        "user": "UJUJLTWMT",
        "ts": "1566469307.382500",
        "team": "TJH5YU202",
        "user_team": "TJH5YU202",
        "source_team": "TJH5YU202",
        "user_profile": {
            "avatar_hash": "a60e3b1ef2d2",
            "image_72": "https:\/\/avatars.slack-edge.com\/2019-08-20\/726246109489_a60e3b1ef2d2c141969d_72.jpg",
            "first_name": "",
            "real_name": "Cristobal",
            "display_name": "Cristobal",
            "team": "TJH5YU202",
            "name": "navarro.cristobal",
            "is_restricted": false,
            "is_ultra_restricted": false
        }
    },
    {
        "type": "message",
        "text": "",
        "files": [
            {
                "id": "FMNH72ZHD",
                "created": 1566469333,
                "timestamp": 1566469333,
                "name": "Sin título",
                "title": "Sin título",
                "mimetype": "text\/plain",
                "filetype": "text",
                "pretty_type": "Plain Text",
                "user": "UJUJLTWMT",
                "editable": true,
                "size": 4265,
                "mode": "snippet",
                "is_external": false,
                "external_type": "",
                "is_public": true,
                "public_url_shared": false,
                "display_as_bot": false,
                "username": "",
                "url_private": "https:\/\/files.slack.com\/files-pri\/TJH5YU202-FMNH72ZHD\/sin_t__tulo?t=xoxe-629202954002-776688371669-763909703378-01ffaa4c4eeda75ea92ad255b32a04e5",
                "url_private_download": "https:\/\/files.slack.com\/files-pri\/TJH5YU202-FMNH72ZHD\/download\/sin_t__tulo?t=xoxe-629202954002-776688371669-763909703378-01ffaa4c4eeda75ea92ad255b32a04e5",
                "permalink": "https:\/\/harbourproject.slack.com\/files\/UJUJLTWMT\/FMNH72ZHD\/sin_t__tulo",
                "permalink_public": "https:\/\/slack-files.com\/TJH5YU202-FMNH72ZHD-5239adae49",
                "edit_link": "https:\/\/harbourproject.slack.com\/files\/UJUJLTWMT\/FMNH72ZHD\/sin_t__tulo\/edit",
                "is_starred": false,
                "has_rich_preview": false
            }
        ],
        "upload": true,
        "user": "UJUJLTWMT",
        "display_as_bot": false,
        "ts": "1566469333.382600",
        "client_msg_id": "ee480042-cabd-4829-a4ec-53b4dc676579"
    },
    {
        "client_msg_id": "9894aaf9-6bf9-4df5-8e29-fe5e7b0d2ed1",
        "type": "message",
        "text": "And DataJson modified",
        "user": "UJUJLTWMT",
        "ts": "1566469363.383200",
        "team": "TJH5YU202",
        "user_team": "TJH5YU202",
        "source_team": "TJH5YU202",
        "user_profile": {
            "avatar_hash": "a60e3b1ef2d2",
            "image_72": "https:\/\/avatars.slack-edge.com\/2019-08-20\/726246109489_a60e3b1ef2d2c141969d_72.jpg",
            "first_name": "",
            "real_name": "Cristobal",
            "display_name": "Cristobal",
            "team": "TJH5YU202",
            "name": "navarro.cristobal",
            "is_restricted": false,
            "is_ultra_restricted": false
        }
    },
    {
        "client_msg_id": "37af8a7f-7e1d-4a8a-b97b-6d4f66a09ed6",
        "type": "message",
        "text": "\/\/----------------------------------------------------------------------------\/\/\n\/\/   Aplicacion: Test jQuery DataTable con Ajax para mod_harbour\n\/\/       Fuente: datajson.prg\n\/\/        Autor: Joaquim Ferrer Godoy\n\/\/       Inicio: 06-08-2019\n\/\/\n\/\/   Modificado: 07\/08\/2019  - Cristobal Navarro\n\/\/\n\/\/----------------------------------------------------------------------------\/\/\n\nfunction main()\n\n\tlocal\thData := {=&gt;}\t\n\tlocal hItem\n\n   USE ( hb_GetEnv( \"PRGPATH\" ) + \"\/customer.dbf\" ) ALIAS \"data\" SHARED\n\t\n\thData['data'] := {}\n\n   if rlock()\n\n\t   do while !eof()\n\t\t\thItem := {=&gt;}\t\n         hItem['s']        := \"\"\n\t\t\thItem['id'] \t \t:= data-&gt;id\n\t\t\thItem['first']  \t:= rtrim(data-&gt;first)\n\t\t\thItem['last'] \t \t:= rtrim(data-&gt;last)\n\t\t\thItem['street'] \t:= rtrim(data-&gt;street)\n\t\t\thItem['city']   \t:= rtrim(data-&gt;city)\n\t\t\thItem['state']  \t:= rtrim(data-&gt;state)\n\t\t\thItem['zip']  \t\t:= rtrim(data-&gt;zip)\n\t\t\thItem['hiredate'] := data-&gt;hiredate\n\t\t\thItem['married']  := data-&gt;married\n\t\t\thItem['age']  \t\t:= data-&gt;age\n\t\t\thItem['salary']  \t:= data-&gt;salary\n\n\t\t\taadd( hData['data'], hItem )\n\t\t\tdbskip()\n\t\tenddo\n\t\n      dbunlock()\n   endif\n\n\tCLOSE\n\n\tAP_SetContentType( \"application\/json\" )\n\n\t?? hb_jsonEncode( hData, .T. )\t\/\/ T=pretty\n\nreturn NIL",
        "user": "UJUJLTWMT",
        "ts": "1566469371.383300",
        "team": "TJH5YU202",
        "user_team": "TJH5YU202",
        "source_team": "TJH5YU202",
        "user_profile": {
            "avatar_hash": "a60e3b1ef2d2",
            "image_72": "https:\/\/avatars.slack-edge.com\/2019-08-20\/726246109489_a60e3b1ef2d2c141969d_72.jpg",
            "first_name": "",
            "real_name": "Cristobal",
            "display_name": "Cristobal",
            "team": "TJH5YU202",
            "name": "navarro.cristobal",
            "is_restricted": false,
            "is_ultra_restricted": false
        }
    },
    {
        "client_msg_id": "418ba1e4-c9c1-4f18-b13c-283e9cd4a175",
        "type": "message",
        "text": "Done",
        "user": "UJUJLTWMT",
        "ts": "1566469382.383500",
        "team": "TJH5YU202",
        "user_team": "TJH5YU202",
        "source_team": "TJH5YU202",
        "user_profile": {
            "avatar_hash": "a60e3b1ef2d2",
            "image_72": "https:\/\/avatars.slack-edge.com\/2019-08-20\/726246109489_a60e3b1ef2d2c141969d_72.jpg",
            "first_name": "",
            "real_name": "Cristobal",
            "display_name": "Cristobal",
            "team": "TJH5YU202",
            "name": "navarro.cristobal",
            "is_restricted": false,
            "is_ultra_restricted": false
        }
    },
    {
        "type": "message",
        "text": "",
        "files": [
            {
                "id": "FMEA4K59P",
                "created": 1566469675,
                "timestamp": 1566469675,
                "name": "image.png",
                "title": "image.png",
                "mimetype": "image\/png",
                "filetype": "png",
                "pretty_type": "PNG",
                "user": "UJUJLTWMT",
                "editable": false,
                "size": 99825,
                "mode": "hosted",
                "is_external": false,
                "external_type": "",
                "is_public": true,
                "public_url_shared": false,
                "display_as_bot": false,
                "username": "",
                "url_private": "https:\/\/files.slack.com\/files-pri\/TJH5YU202-FMEA4K59P\/image.png?t=xoxe-629202954002-776688371669-763909703378-01ffaa4c4eeda75ea92ad255b32a04e5",
                "url_private_download": "https:\/\/files.slack.com\/files-pri\/TJH5YU202-FMEA4K59P\/download\/image.png?t=xoxe-629202954002-776688371669-763909703378-01ffaa4c4eeda75ea92ad255b32a04e5",
                "thumb_64": "https:\/\/files.slack.com\/files-tmb\/TJH5YU202-FMEA4K59P-8bcc05036b\/image_64.png?t=xoxe-629202954002-776688371669-763909703378-01ffaa4c4eeda75ea92ad255b32a04e5",
                "thumb_80": "https:\/\/files.slack.com\/files-tmb\/TJH5YU202-FMEA4K59P-8bcc05036b\/image_80.png?t=xoxe-629202954002-776688371669-763909703378-01ffaa4c4eeda75ea92ad255b32a04e5",
                "thumb_360": "https:\/\/files.slack.com\/files-tmb\/TJH5YU202-FMEA4K59P-8bcc05036b\/image_360.png?t=xoxe-629202954002-776688371669-763909703378-01ffaa4c4eeda75ea92ad255b32a04e5",
                "thumb_360_w": 360,
                "thumb_360_h": 202,
                "thumb_480": "https:\/\/files.slack.com\/files-tmb\/TJH5YU202-FMEA4K59P-8bcc05036b\/image_480.png?t=xoxe-629202954002-776688371669-763909703378-01ffaa4c4eeda75ea92ad255b32a04e5",
                "thumb_480_w": 480,
                "thumb_480_h": 270,
                "thumb_160": "https:\/\/files.slack.com\/files-tmb\/TJH5YU202-FMEA4K59P-8bcc05036b\/image_160.png?t=xoxe-629202954002-776688371669-763909703378-01ffaa4c4eeda75ea92ad255b32a04e5",
                "thumb_720": "https:\/\/files.slack.com\/files-tmb\/TJH5YU202-FMEA4K59P-8bcc05036b\/image_720.png?t=xoxe-629202954002-776688371669-763909703378-01ffaa4c4eeda75ea92ad255b32a04e5",
                "thumb_720_w": 720,
                "thumb_720_h": 405,
                "thumb_800": "https:\/\/files.slack.com\/files-tmb\/TJH5YU202-FMEA4K59P-8bcc05036b\/image_800.png?t=xoxe-629202954002-776688371669-763909703378-01ffaa4c4eeda75ea92ad255b32a04e5",
                "thumb_800_w": 800,
                "thumb_800_h": 450,
                "thumb_960": "https:\/\/files.slack.com\/files-tmb\/TJH5YU202-FMEA4K59P-8bcc05036b\/image_960.png?t=xoxe-629202954002-776688371669-763909703378-01ffaa4c4eeda75ea92ad255b32a04e5",
                "thumb_960_w": 960,
                "thumb_960_h": 540,
                "thumb_1024": "https:\/\/files.slack.com\/files-tmb\/TJH5YU202-FMEA4K59P-8bcc05036b\/image_1024.png?t=xoxe-629202954002-776688371669-763909703378-01ffaa4c4eeda75ea92ad255b32a04e5",
                "thumb_1024_w": 1024,
                "thumb_1024_h": 576,
                "image_exif_rotation": 1,
                "original_w": 1366,
                "original_h": 768,
                "permalink": "https:\/\/harbourproject.slack.com\/files\/UJUJLTWMT\/FMEA4K59P\/image.png",
                "permalink_public": "https:\/\/slack-files.com\/TJH5YU202-FMEA4K59P-559b9588b7",
                "is_starred": false,
                "has_rich_preview": false
            }
        ],
        "upload": true,
        "user": "UJUJLTWMT",
        "display_as_bot": false,
        "ts": "1566469679.383600",
        "client_msg_id": "cc15b320-1da1-4dc6-bf31-d80d913470af"
    },
    {
        "client_msg_id": "1a99cfa5-63d2-4db7-b897-96b6b0f9d306",
        "type": "message",
        "text": "El ejemplo incluye dos formas distintas de incluir un boton en una tabla:\n1.- Checkbox de selección: añado una columna vacía en datajson.prg a la estructura de la base de datos. Le asigno un header a esa columna y en datatable.prg defino su \"columnDefs\", indicando 'targets':   0 ( columna 0 ), que se corresponde con nuestra columna número 1.\n2.- Columna de botones: como se va a definir la columna al final del grid, es suficiente añadir el header de esa columna y a la estructura de datos un valor vacío. En este caso en su \"columnDefs\", definimos el valor por defecto que va a contener con el tag \"defaultContent\",\nsu \"data\": null, e indicando además el número de columna, que en este caso al ser la última, podemos poner: \"targets\": -1, o bien indicando explícitamente el orden que ocupa esa columna: \"targets\": 12 ( recuerda que la numeración de las columnas empieza en 0 )",
        "user": "UJUJLTWMT",
        "ts": "1566472597.384000",
        "team": "TJH5YU202",
        "user_team": "TJH5YU202",
        "source_team": "TJH5YU202",
        "user_profile": {
            "avatar_hash": "a60e3b1ef2d2",
            "image_72": "https:\/\/avatars.slack-edge.com\/2019-08-20\/726246109489_a60e3b1ef2d2c141969d_72.jpg",
            "first_name": "",
            "real_name": "Cristobal",
            "display_name": "Cristobal",
            "team": "TJH5YU202",
            "name": "navarro.cristobal",
            "is_restricted": false,
            "is_ultra_restricted": false
        }
    },
    {
        "client_msg_id": "a41af1d2-13cd-415d-bf3c-c30752383b1d",
        "type": "message",
        "text": "The example includes two different ways to include a button in a table:\n1.- Selection checkbox: I add an empty column in datajson.prg to the database structure. I assign a header to that column and in datatable.prg I define its \"columnDefs\", indicating 'targets': 0 (column 0), which corresponds to our column number 1.\n2.- Button column: as the column is to be defined at the end of the grid, it is sufficient to add the header of that column and to the data structure an empty value. In this case in your \"columnDefs\", we define the default value that will contain with the tag \"defaultContent\",\nits \"data\": null, and also indicating the column number, which in this case being the last, we can put: \"targets\": -1, or explicitly indicating the order that column occupies: \"targets\": 12 (remember that the numbering of the columns starts at 0)",
        "user": "UJUJLTWMT",
        "ts": "1566472607.384200",
        "team": "TJH5YU202",
        "user_team": "TJH5YU202",
        "source_team": "TJH5YU202",
        "user_profile": {
            "avatar_hash": "a60e3b1ef2d2",
            "image_72": "https:\/\/avatars.slack-edge.com\/2019-08-20\/726246109489_a60e3b1ef2d2c141969d_72.jpg",
            "first_name": "",
            "real_name": "Cristobal",
            "display_name": "Cristobal",
            "team": "TJH5YU202",
            "name": "navarro.cristobal",
            "is_restricted": false,
            "is_ultra_restricted": false
        }
    },
    {
        "client_msg_id": "0de9fbe4-bb6e-4333-80cd-aea94df33c3b",
        "type": "message",
        "text": "Dear Cristobal, I am back at work.",
        "user": "UJHD6A81H",
        "ts": "1566478466.384500",
        "team": "TJH5YU202",
        "user_team": "TJH5YU202",
        "source_team": "TJH5YU202",
        "user_profile": {
            "avatar_hash": "g6b8073e00e9",
            "image_72": "https:\/\/secure.gravatar.com\/avatar\/b96b8073e00e9eb02bcf05bc1418eb3a.jpg?s=72&d=https%3A%2F%2Fa.slack-edge.com%2F80588%2Fimg%2Favatars%2Fuser_shapes%2Fava_0021-72.png",
            "first_name": "Otto",
            "real_name": "Otto Atzwanger",
            "display_name": "Otto",
            "team": "TJH5YU202",
            "name": "otto",
            "is_restricted": false,
            "is_ultra_restricted": false
        }
    },
    {
        "client_msg_id": "d328893a-8840-4fc8-a31c-94df241326d9",
        "type": "message",
        "text": "&gt;The example includes two different ways to include a button in a table",
        "user": "UJHD6A81H",
        "ts": "1566494235.384700",
        "team": "TJH5YU202",
        "user_team": "TJH5YU202",
        "source_team": "TJH5YU202",
        "user_profile": {
            "avatar_hash": "g6b8073e00e9",
            "image_72": "https:\/\/secure.gravatar.com\/avatar\/b96b8073e00e9eb02bcf05bc1418eb3a.jpg?s=72&d=https%3A%2F%2Fa.slack-edge.com%2F80588%2Fimg%2Favatars%2Fuser_shapes%2Fava_0021-72.png",
            "first_name": "Otto",
            "real_name": "Otto Atzwanger",
            "display_name": "Otto",
            "team": "TJH5YU202",
            "name": "otto",
            "is_restricted": false,
            "is_ultra_restricted": false
        }
    },
    {
        "client_msg_id": "ba1ac1a0-76ad-4040-8037-1f4b39d28f12",
        "type": "message",
        "text": "Cristobal, can I download the sample.",
        "user": "UJHD6A81H",
        "ts": "1566494257.385100",
        "team": "TJH5YU202",
        "user_team": "TJH5YU202",
        "source_team": "TJH5YU202",
        "user_profile": {
            "avatar_hash": "g6b8073e00e9",
            "image_72": "https:\/\/secure.gravatar.com\/avatar\/b96b8073e00e9eb02bcf05bc1418eb3a.jpg?s=72&d=https%3A%2F%2Fa.slack-edge.com%2F80588%2Fimg%2Favatars%2Fuser_shapes%2Fava_0021-72.png",
            "first_name": "Otto",
            "real_name": "Otto Atzwanger",
            "display_name": "Otto",
            "team": "TJH5YU202",
            "name": "otto",
            "is_restricted": false,
            "is_ultra_restricted": false
        }
    },
    {
        "client_msg_id": "b5d005b1-e016-4600-a28a-7ef3b985b4af",
        "type": "message",
        "text": "<https:\/\/harbour.fourtech.es\/modharbour_samples\/designer.prg>",
        "user": "UJN8D8U3B",
        "ts": "1566532628.385500",
        "team": "TJH5YU202",
        "user_team": "TJH5YU202",
        "source_team": "TJH5YU202",
        "user_profile": {
            "avatar_hash": "g92ad2abcc45",
            "image_72": "https:\/\/secure.gravatar.com\/avatar\/8492ad2abcc45ce53969adcf8420acde.jpg?s=72&d=https%3A%2F%2Fa.slack-edge.com%2F80588%2Fimg%2Favatars%2Fuser_shapes%2Fava_0008-72.png",
            "first_name": "",
            "real_name": "Antonio Linares",
            "display_name": "Antonio Linares",
            "team": "TJH5YU202",
            "name": "alinares",
            "is_restricted": false,
            "is_ultra_restricted": false
        },
        "reactions": [
            {
                "name": "+1",
                "users": [
                    "UJUJLTWMT"
                ],
                "count": 1
            }
        ]
    },
    {
        "client_msg_id": "f1534ae3-23e1-4208-9009-4a3ec3216c03",
        "type": "message",
        "text": "buenos dias :sunny:",
        "user": "UJN8D8U3B",
        "ts": "1566536931.385900",
        "team": "TJH5YU202",
        "user_team": "TJH5YU202",
        "source_team": "TJH5YU202",
        "user_profile": {
            "avatar_hash": "g92ad2abcc45",
            "image_72": "https:\/\/secure.gravatar.com\/avatar\/8492ad2abcc45ce53969adcf8420acde.jpg?s=72&d=https%3A%2F%2Fa.slack-edge.com%2F80588%2Fimg%2Favatars%2Fuser_shapes%2Fava_0008-72.png",
            "first_name": "",
            "real_name": "Antonio Linares",
            "display_name": "Antonio Linares",
            "team": "TJH5YU202",
            "name": "alinares",
            "is_restricted": false,
            "is_ultra_restricted": false
        }
    },
    {
        "client_msg_id": "2f5f2f64-39b9-470d-87a8-afbdf793df1f",
        "type": "message",
        "text": "Egun On !",
        "user": "UJWR5N32S",
        "ts": "1566537621.386100",
        "team": "TJH5YU202",
        "user_team": "TJH5YU202",
        "source_team": "TJH5YU202",
        "user_profile": {
            "avatar_hash": "273d3745f7ae",
            "image_72": "https:\/\/avatars.slack-edge.com\/2019-05-20\/634344238497_273d3745f7ae1b176b82_72.jpg",
            "first_name": "Charly",
            "real_name": "Charly",
            "display_name": "Charly",
            "team": "TJH5YU202",
            "name": "carles9000",
            "is_restricted": false,
            "is_ultra_restricted": false
        }
    }
]