[
    {
        "client_msg_id": "8fe6455a-fb17-4e37-962a-d1daa4d384e4",
        "type": "message",
        "text": "Cristobal, gracias por tu fenomenal trabajo.\nSigue sin funcionar esto:\nfunction Main()\n   Local a:= {{\"campo\", \"C\", 1, 0}}\n   dbcreate(\"mem:Temporal.Dbf\", a)\nreturn nil\n\nArroja:\nerror: Create error\n\ncalled from: GETERRORINFO, line: 96\ncalled from: DOBREAK, line: 107\ncalled from: (b)_APPMAIN, line: 21\ncalled from: DBCREATE, line: 0\ncalled from: MAIN, line: 3\ncalled from: HB_HRBDO, line: 0\ncalled from: EXECUTE, line: 74\ncalled from: RUN, line: 17\ncalled from: HB_HRBDO, line: 0\ncalled from: EXECUTE, line: 74\ncalled from: _APPMAIN, line: 32\n\nParece que no hay permisos para crear ficheros ¡ ni siquiera en memoria !",
        "user": "UJULQCHL5",
        "ts": "1560765273.297500",
        "team": "TJH5YU202",
        "user_team": "TJH5YU202",
        "source_team": "TJH5YU202",
        "user_profile": {
            "avatar_hash": "g7659142325a",
            "image_72": "https:\/\/secure.gravatar.com\/avatar\/c87659142325a3facb661d85281ec091.jpg?s=72&d=https%3A%2F%2Fa.slack-edge.com%2F80588%2Fimg%2Favatars%2Fuser_shapes%2Fava_0003-72.png",
            "first_name": "",
            "real_name": "Paquito",
            "display_name": "Paquito",
            "team": "TJH5YU202",
            "name": "hmpaquito",
            "is_restricted": false,
            "is_ultra_restricted": false
        }
    },
    {
        "client_msg_id": "49e33e4f-0c73-40a6-afb0-4b36c186ba58",
        "type": "message",
        "text": "Máster Antonio, a ver si puede añadir esto al Execute:",
        "user": "UJULQCHL5",
        "ts": "1560765367.297900",
        "team": "TJH5YU202",
        "user_team": "TJH5YU202",
        "source_team": "TJH5YU202",
        "user_profile": {
            "avatar_hash": "g7659142325a",
            "image_72": "https:\/\/secure.gravatar.com\/avatar\/c87659142325a3facb661d85281ec091.jpg?s=72&d=https%3A%2F%2Fa.slack-edge.com%2F80588%2Fimg%2Favatars%2Fuser_shapes%2Fava_0003-72.png",
            "first_name": "",
            "real_name": "Paquito",
            "display_name": "Paquito",
            "team": "TJH5YU202",
            "name": "hmpaquito",
            "is_restricted": false,
            "is_ultra_restricted": false
        }
    },
    {
        "client_msg_id": "eeda4f0e-8bae-4635-a0da-9e76fc979f97",
        "type": "message",
        "text": "<https:\/\/harbourproject.slack.com\/archives\/CJUHF8SBX\/p1560512861208200>",
        "user": "UJULQCHL5",
        "ts": "1560765370.298100",
        "team": "TJH5YU202",
        "user_team": "TJH5YU202",
        "source_team": "TJH5YU202",
        "user_profile": {
            "avatar_hash": "g7659142325a",
            "image_72": "https:\/\/secure.gravatar.com\/avatar\/c87659142325a3facb661d85281ec091.jpg?s=72&d=https%3A%2F%2Fa.slack-edge.com%2F80588%2Fimg%2Favatars%2Fuser_shapes%2Fava_0003-72.png",
            "first_name": "",
            "real_name": "Paquito",
            "display_name": "Paquito",
            "team": "TJH5YU202",
            "name": "hmpaquito",
            "is_restricted": false,
            "is_ultra_restricted": false
        },
        "attachments": [
            {
                "from_url": "https:\/\/harbourproject.slack.com\/archives\/CJUHF8SBX\/p1560512861208200",
                "fallback": "[June 14th, 2019 4:47 AM] hmpaquito: Un insignificante detalle:\n\nEn func Execute(), para ahorrar una llamada a __pp_process( hPP, cCode ), la ultima vez, cuando no haya cambios (lReplaced) porque no haya HFW macros que evaluar:\n\n*En vez de:*\n\n   while lReplaced\n      lReplaced = ReplaceBlocks( @cCode, \"{%\", \"%}\" )\n      cCode = __pp_process( hPP, cCode )\n   end\n\n*Podríamos poner:*\n   lReplaced = ReplaceBlocks( @cCode, \"{%\", \"%}\" )\n   cCode = __pp_process( hPP, cCode )\n\n   while lReplaced\n      lReplaced = ReplaceBlocks( @cCode, \"{%\", \"%}\" )\n      if lReplaced\n         cCode = __pp_process( hPP, cCode )\n      else\n         exit\n      endif\n   end\n\nY quitarmos la inicializacion de lReplaced:= .T.\n\n[Editado]",
                "ts": "1560512861.208200",
                "author_id": "UJULQCHL5",
                "author_subname": "Paquito",
                "channel_id": "CJUHF8SBX",
                "channel_name": "modharbour",
                "is_msg_unfurl": true,
                "text": "Un insignificante detalle:\n\nEn func Execute(), para ahorrar una llamada a __pp_process( hPP, cCode ), la ultima vez, cuando no haya cambios (lReplaced) porque no haya HFW macros que evaluar:\n\n*En vez de:*\n\n   while lReplaced\n      lReplaced = ReplaceBlocks( @cCode, \"{%\", \"%}\" )\n      cCode = __pp_process( hPP, cCode )\n   end\n\n*Podríamos poner:*\n   lReplaced = ReplaceBlocks( @cCode, \"{%\", \"%}\" )\n   cCode = __pp_process( hPP, cCode )\n\n   while lReplaced\n      lReplaced = ReplaceBlocks( @cCode, \"{%\", \"%}\" )\n      if lReplaced\n         cCode = __pp_process( hPP, cCode )\n      else\n         exit\n      endif\n   end\n\nY quitarmos la inicializacion de lReplaced:= .T.\n\n[Editado]",
                "author_name": "Paquito",
                "author_link": "https:\/\/harbourproject.slack.com\/team\/UJULQCHL5",
                "author_icon": "https:\/\/secure.gravatar.com\/avatar\/c87659142325a3facb661d85281ec091.jpg?s=48&d=https%3A%2F%2Fa.slack-edge.com%2F00b63%2Fimg%2Favatars%2Fava_0003-48.png",
                "mrkdwn_in": [
                    "text"
                ],
                "id": 1,
                "original_url": "https:\/\/harbourproject.slack.com\/archives\/CJUHF8SBX\/p1560512861208200",
                "footer": "Publicado en #modharbour"
            }
        ]
    },
    {
        "client_msg_id": "2b5218f6-9f12-4082-b7d5-f740d539f7f5",
        "type": "message",
        "text": "Hay otras cosillas que tampoco funcionan desde el sandbox, como los prgs de ejemplos de blog pero se irá solucionando, como la carga de un fichero ( local ) desde la barra de direcciones, que ya está solucionado, en remoto sigo sin poder ver por qué como comenté en unos posts más arriba. Voy a subir la corrección ahora mismo. Voy a tener seguramente el mismo problema que tú porque ahora tiene un fichero ini para guardar la configuración. Y ha de crearlo si no existe",
        "user": "UJUJLTWMT",
        "ts": "1560765653.301700",
        "team": "TJH5YU202",
        "user_team": "TJH5YU202",
        "source_team": "TJH5YU202",
        "user_profile": {
            "avatar_hash": "a60e3b1ef2d2",
            "image_72": "https:\/\/avatars.slack-edge.com\/2019-08-20\/726246109489_a60e3b1ef2d2c141969d_72.jpg",
            "first_name": "",
            "real_name": "Cristobal",
            "display_name": "Cristobal",
            "team": "TJH5YU202",
            "name": "navarro.cristobal",
            "is_restricted": false,
            "is_ultra_restricted": false
        }
    },
    {
        "client_msg_id": "523e5624-18d6-4038-9b76-10284b52b6fa",
        "type": "message",
        "text": "Paco, para crear DBFs en memoria tiene que estar enlazada hbmemio.lib",
        "user": "UJN8D8U3B",
        "ts": "1560765767.302300",
        "team": "TJH5YU202",
        "user_team": "TJH5YU202",
        "source_team": "TJH5YU202",
        "user_profile": {
            "avatar_hash": "g92ad2abcc45",
            "image_72": "https:\/\/secure.gravatar.com\/avatar\/8492ad2abcc45ce53969adcf8420acde.jpg?s=72&d=https%3A%2F%2Fa.slack-edge.com%2F80588%2Fimg%2Favatars%2Fuser_shapes%2Fava_0008-72.png",
            "first_name": "",
            "real_name": "Antonio Linares",
            "display_name": "Antonio Linares",
            "team": "TJH5YU202",
            "name": "alinares",
            "is_restricted": false,
            "is_ultra_restricted": false
        }
    },
    {
        "client_msg_id": "88b5beea-d257-411a-9f91-b9ccfccc976f",
        "type": "message",
        "text": "Paco, más simple así:",
        "user": "UJN8D8U3B",
        "ts": "1560766060.302600",
        "team": "TJH5YU202",
        "user_team": "TJH5YU202",
        "source_team": "TJH5YU202",
        "user_profile": {
            "avatar_hash": "g92ad2abcc45",
            "image_72": "https:\/\/secure.gravatar.com\/avatar\/8492ad2abcc45ce53969adcf8420acde.jpg?s=72&d=https%3A%2F%2Fa.slack-edge.com%2F80588%2Fimg%2Favatars%2Fuser_shapes%2Fava_0008-72.png",
            "first_name": "",
            "real_name": "Antonio Linares",
            "display_name": "Antonio Linares",
            "team": "TJH5YU202",
            "name": "alinares",
            "is_restricted": false,
            "is_ultra_restricted": false
        }
    },
    {
        "client_msg_id": "1083a99b-64fb-4114-9cd8-f9fd8e438d37",
        "type": "message",
        "text": "function Execute( cCode, ... )\n\n   local oHrb, uRet, lReplaced := ReplaceBlocks( @cCode, \"{%\", \"%}\" )\n   local cHBheaders1 := \"~\/harbour\/include\"\n   local cHBheaders2 := \"c:\\harbour\\include\"\n\n   cCode = __pp_process( hPP, cCode )\n\n   while ( lReplaced := ReplaceBlocks( @cCode, \"{%\", \"%}\" ) )\n      cCode = __pp_process( hPP, cCode )\n   end\n\n   oHrb = HB_CompileFromBuf( cCode, .T., \"-n\", \"-I\" + cHBheaders1, \"-I\" + cHBheaders2,;\n                             \"-I\" + hb_GetEnv( \"HB_INCLUDE\" ) )\n   if ! Empty( oHrb )\n      uRet = hb_HrbDo( hb_HrbLoad( oHrb ), ... )\n   endif\n\nreturn uRet",
        "user": "UJN8D8U3B",
        "ts": "1560766062.302800",
        "team": "TJH5YU202",
        "user_team": "TJH5YU202",
        "source_team": "TJH5YU202",
        "user_profile": {
            "avatar_hash": "g92ad2abcc45",
            "image_72": "https:\/\/secure.gravatar.com\/avatar\/8492ad2abcc45ce53969adcf8420acde.jpg?s=72&d=https%3A%2F%2Fa.slack-edge.com%2F80588%2Fimg%2Favatars%2Fuser_shapes%2Fava_0008-72.png",
            "first_name": "",
            "real_name": "Antonio Linares",
            "display_name": "Antonio Linares",
            "team": "TJH5YU202",
            "name": "alinares",
            "is_restricted": false,
            "is_ultra_restricted": false
        }
    },
    {
        "client_msg_id": "0a97e499-292c-463f-824e-892af9abab1c",
        "type": "message",
        "text": "y de paso queda puesto el HB_INCLUDE Cristobal",
        "user": "UJN8D8U3B",
        "ts": "1560766140.303200",
        "team": "TJH5YU202",
        "user_team": "TJH5YU202",
        "source_team": "TJH5YU202",
        "user_profile": {
            "avatar_hash": "g92ad2abcc45",
            "image_72": "https:\/\/secure.gravatar.com\/avatar\/8492ad2abcc45ce53969adcf8420acde.jpg?s=72&d=https%3A%2F%2Fa.slack-edge.com%2F80588%2Fimg%2Favatars%2Fuser_shapes%2Fava_0008-72.png",
            "first_name": "",
            "real_name": "Antonio Linares",
            "display_name": "Antonio Linares",
            "team": "TJH5YU202",
            "name": "alinares",
            "is_restricted": false,
            "is_ultra_restricted": false
        }
    },
    {
        "client_msg_id": "8ca81e4d-37a6-446b-b779-7c1bc9e725d4",
        "type": "message",
        "text": "Ok.",
        "user": "UJUJLTWMT",
        "ts": "1560766577.303400",
        "team": "TJH5YU202",
        "user_team": "TJH5YU202",
        "source_team": "TJH5YU202",
        "user_profile": {
            "avatar_hash": "a60e3b1ef2d2",
            "image_72": "https:\/\/avatars.slack-edge.com\/2019-08-20\/726246109489_a60e3b1ef2d2c141969d_72.jpg",
            "first_name": "",
            "real_name": "Cristobal",
            "display_name": "Cristobal",
            "team": "TJH5YU202",
            "name": "navarro.cristobal",
            "is_restricted": false,
            "is_ultra_restricted": false
        }
    },
    {
        "client_msg_id": "ea84289c-e916-4fa9-aa82-2f8b3a70649b",
        "type": "message",
        "text": "Te entiendo Antonio, los C masters os gusta las expresiones compactas. A mi me gusta más la lógica todo junta en el mismo bloque y sencillita.\nEn todo caso tiene muy buena pinta.",
        "user": "UJULQCHL5",
        "ts": "1560766734.305100",
        "team": "TJH5YU202",
        "user_team": "TJH5YU202",
        "source_team": "TJH5YU202",
        "user_profile": {
            "avatar_hash": "g7659142325a",
            "image_72": "https:\/\/secure.gravatar.com\/avatar\/c87659142325a3facb661d85281ec091.jpg?s=72&d=https%3A%2F%2Fa.slack-edge.com%2F80588%2Fimg%2Favatars%2Fuser_shapes%2Fava_0003-72.png",
            "first_name": "",
            "real_name": "Paquito",
            "display_name": "Paquito",
            "team": "TJH5YU202",
            "name": "hmpaquito",
            "is_restricted": false,
            "is_ultra_restricted": false
        }
    },
    {
        "client_msg_id": "e5d71232-9505-4b44-9715-bf6b4984e7b7",
        "type": "message",
        "text": "Estoy viendo que haría una \"pasada\"  \"de más\"\n\nEsta llamada a ReplaceBlocks se ejecutará aunque la primera vez no hubiera HFW macrosustitucion.\n  while ( lReplaced := ReplaceBlocks( @cCode, \"{%\", \"%}\" ) )\n\nAsumo que __pp_process() no afecta a la HFW macrosustitucion y solo la HFW macrosustitucion se afecta a si misma.\n\nAsí que, basándose en la anterior premisa, el trozo que propuse arriba es el único que no hace una llamada innecesaria, bien en ReplaceBlock(), bien en __pp_process()",
        "user": "UJULQCHL5",
        "ts": "1560767049.308100",
        "team": "TJH5YU202",
        "user_team": "TJH5YU202",
        "source_team": "TJH5YU202",
        "user_profile": {
            "avatar_hash": "g7659142325a",
            "image_72": "https:\/\/secure.gravatar.com\/avatar\/c87659142325a3facb661d85281ec091.jpg?s=72&d=https%3A%2F%2Fa.slack-edge.com%2F80588%2Fimg%2Favatars%2Fuser_shapes%2Fava_0003-72.png",
            "first_name": "",
            "real_name": "Paquito",
            "display_name": "Paquito",
            "team": "TJH5YU202",
            "name": "hmpaquito",
            "is_restricted": false,
            "is_ultra_restricted": false
        }
    },
    {
        "client_msg_id": "de6a5409-56e8-482a-b3de-cdb6853b5b2e",
        "type": "message",
        "text": "Tienes toda la razón",
        "user": "UJN8D8U3B",
        "ts": "1560769190.309200",
        "team": "TJH5YU202",
        "user_team": "TJH5YU202",
        "source_team": "TJH5YU202",
        "user_profile": {
            "avatar_hash": "g92ad2abcc45",
            "image_72": "https:\/\/secure.gravatar.com\/avatar\/8492ad2abcc45ce53969adcf8420acde.jpg?s=72&d=https%3A%2F%2Fa.slack-edge.com%2F80588%2Fimg%2Favatars%2Fuser_shapes%2Fava_0008-72.png",
            "first_name": "",
            "real_name": "Antonio Linares",
            "display_name": "Antonio Linares",
            "team": "TJH5YU202",
            "name": "alinares",
            "is_restricted": false,
            "is_ultra_restricted": false
        }
    },
    {
        "client_msg_id": "1c354dae-73e1-4008-8809-ee20fd9029ee",
        "type": "message",
        "text": "function Execute( cCode, ... )\n\n   local oHrb, uRet, lReplaced := ReplaceBlocks( @cCode, \"{%\", \"%}\" )\n   local cHBheaders1 := \"~\/harbour\/include\"\n   local cHBheaders2 := \"c:\\harbour\\include\"\n\n   cCode = __pp_process( hPP, cCode )\n\n   while lReplaced\n      lReplaced = ReplaceBlocks( @cCode, \"{%\", \"%}\" )\n      if lReplaced\n         cCode = __pp_process( hPP, cCode )\n      else\n         exit\n      endif\n   end\n\n   oHrb = HB_CompileFromBuf( cCode, .T., \"-n\", \"-I\" + cHBheaders1, \"-I\" + cHBheaders2,;\n                             \"-I\" + hb_GetEnv( \"HB_INCLUDE\" ) )\n   if ! Empty( oHrb )\n      uRet = hb_HrbDo( hb_HrbLoad( oHrb ), ... )\n   endif\n\nreturn uRet",
        "user": "UJN8D8U3B",
        "ts": "1560769192.309400",
        "team": "TJH5YU202",
        "user_team": "TJH5YU202",
        "source_team": "TJH5YU202",
        "user_profile": {
            "avatar_hash": "g92ad2abcc45",
            "image_72": "https:\/\/secure.gravatar.com\/avatar\/8492ad2abcc45ce53969adcf8420acde.jpg?s=72&d=https%3A%2F%2Fa.slack-edge.com%2F80588%2Fimg%2Favatars%2Fuser_shapes%2Fava_0008-72.png",
            "first_name": "",
            "real_name": "Antonio Linares",
            "display_name": "Antonio Linares",
            "team": "TJH5YU202",
            "name": "alinares",
            "is_restricted": false,
            "is_ultra_restricted": false
        }
    },
    {
        "client_msg_id": "541e9c42-8d82-442f-a762-15411ec1d5c7",
        "type": "message",
        "text": "queda asi",
        "user": "UJN8D8U3B",
        "ts": "1560769196.309600",
        "team": "TJH5YU202",
        "user_team": "TJH5YU202",
        "source_team": "TJH5YU202",
        "user_profile": {
            "avatar_hash": "g92ad2abcc45",
            "image_72": "https:\/\/secure.gravatar.com\/avatar\/8492ad2abcc45ce53969adcf8420acde.jpg?s=72&d=https%3A%2F%2Fa.slack-edge.com%2F80588%2Fimg%2Favatars%2Fuser_shapes%2Fava_0008-72.png",
            "first_name": "",
            "real_name": "Antonio Linares",
            "display_name": "Antonio Linares",
            "team": "TJH5YU202",
            "name": "alinares",
            "is_restricted": false,
            "is_ultra_restricted": false
        }
    },
    {
        "client_msg_id": "f0347120-3f48-404b-a5f5-2db04437b4d0",
        "type": "message",
        "text": "Bueno, asi quitamos una línea :slightly_smiling_face:",
        "user": "UJN8D8U3B",
        "ts": "1560769277.310100",
        "team": "TJH5YU202",
        "user_team": "TJH5YU202",
        "source_team": "TJH5YU202",
        "user_profile": {
            "avatar_hash": "g92ad2abcc45",
            "image_72": "https:\/\/secure.gravatar.com\/avatar\/8492ad2abcc45ce53969adcf8420acde.jpg?s=72&d=https%3A%2F%2Fa.slack-edge.com%2F80588%2Fimg%2Favatars%2Fuser_shapes%2Fava_0008-72.png",
            "first_name": "",
            "real_name": "Antonio Linares",
            "display_name": "Antonio Linares",
            "team": "TJH5YU202",
            "name": "alinares",
            "is_restricted": false,
            "is_ultra_restricted": false
        }
    },
    {
        "client_msg_id": "c2291999-ac1b-4a5f-96a9-6dac5f745b60",
        "type": "message",
        "text": "while lReplaced\n      if lReplaced := ReplaceBlocks( @cCode, \"{%\", \"%}\" )\n         cCode = __pp_process( hPP, cCode )\n      else\n         exit\n      endif\n   end",
        "user": "UJN8D8U3B",
        "ts": "1560769279.310300",
        "team": "TJH5YU202",
        "user_team": "TJH5YU202",
        "source_team": "TJH5YU202",
        "user_profile": {
            "avatar_hash": "g92ad2abcc45",
            "image_72": "https:\/\/secure.gravatar.com\/avatar\/8492ad2abcc45ce53969adcf8420acde.jpg?s=72&d=https%3A%2F%2Fa.slack-edge.com%2F80588%2Fimg%2Favatars%2Fuser_shapes%2Fava_0008-72.png",
            "first_name": "",
            "real_name": "Antonio Linares",
            "display_name": "Antonio Linares",
            "team": "TJH5YU202",
            "name": "alinares",
            "is_restricted": false,
            "is_ultra_restricted": false
        }
    },
    {
        "client_msg_id": "8692d499-7dc2-427d-92e8-a861e0dd7186",
        "type": "message",
        "text": "Se puede simplificar más:",
        "user": "UJN8D8U3B",
        "ts": "1560769347.310600",
        "team": "TJH5YU202",
        "user_team": "TJH5YU202",
        "source_team": "TJH5YU202",
        "user_profile": {
            "avatar_hash": "g92ad2abcc45",
            "image_72": "https:\/\/secure.gravatar.com\/avatar\/8492ad2abcc45ce53969adcf8420acde.jpg?s=72&d=https%3A%2F%2Fa.slack-edge.com%2F80588%2Fimg%2Favatars%2Fuser_shapes%2Fava_0008-72.png",
            "first_name": "",
            "real_name": "Antonio Linares",
            "display_name": "Antonio Linares",
            "team": "TJH5YU202",
            "name": "alinares",
            "is_restricted": false,
            "is_ultra_restricted": false
        }
    },
    {
        "client_msg_id": "f27e69e6-10a9-4777-bff5-184328f6ca6c",
        "type": "message",
        "text": "while lReplaced\n      if lReplaced := ReplaceBlocks( @cCode, \"{%\", \"%}\" )\n         cCode = __pp_process( hPP, cCode )\n      endif\n   end",
        "user": "UJN8D8U3B",
        "ts": "1560769349.310800",
        "team": "TJH5YU202",
        "user_team": "TJH5YU202",
        "source_team": "TJH5YU202",
        "user_profile": {
            "avatar_hash": "g92ad2abcc45",
            "image_72": "https:\/\/secure.gravatar.com\/avatar\/8492ad2abcc45ce53969adcf8420acde.jpg?s=72&d=https%3A%2F%2Fa.slack-edge.com%2F80588%2Fimg%2Favatars%2Fuser_shapes%2Fava_0008-72.png",
            "first_name": "",
            "real_name": "Antonio Linares",
            "display_name": "Antonio Linares",
            "team": "TJH5YU202",
            "name": "alinares",
            "is_restricted": false,
            "is_ultra_restricted": false
        }
    },
    {
        "client_msg_id": "34243e2c-057f-462a-9a9f-21b00186377e",
        "type": "message",
        "text": "Antonio, perfecto. Gracias.",
        "user": "UJULQCHL5",
        "ts": "1560769764.311000",
        "team": "TJH5YU202",
        "user_team": "TJH5YU202",
        "source_team": "TJH5YU202",
        "user_profile": {
            "avatar_hash": "g7659142325a",
            "image_72": "https:\/\/secure.gravatar.com\/avatar\/c87659142325a3facb661d85281ec091.jpg?s=72&d=https%3A%2F%2Fa.slack-edge.com%2F80588%2Fimg%2Favatars%2Fuser_shapes%2Fava_0003-72.png",
            "first_name": "",
            "real_name": "Paquito",
            "display_name": "Paquito",
            "team": "TJH5YU202",
            "name": "hmpaquito",
            "is_restricted": false,
            "is_ultra_restricted": false
        }
    },
    {
        "client_msg_id": "f5d835e3-2f0b-4238-9e76-a532a0195cb8",
        "type": "message",
        "text": "a ti",
        "user": "UJN8D8U3B",
        "ts": "1560769959.312600",
        "team": "TJH5YU202",
        "user_team": "TJH5YU202",
        "source_team": "TJH5YU202",
        "user_profile": {
            "avatar_hash": "g92ad2abcc45",
            "image_72": "https:\/\/secure.gravatar.com\/avatar\/8492ad2abcc45ce53969adcf8420acde.jpg?s=72&d=https%3A%2F%2Fa.slack-edge.com%2F80588%2Fimg%2Favatars%2Fuser_shapes%2Fava_0008-72.png",
            "first_name": "",
            "real_name": "Antonio Linares",
            "display_name": "Antonio Linares",
            "team": "TJH5YU202",
            "name": "alinares",
            "is_restricted": false,
            "is_ultra_restricted": false
        }
    },
    {
        "client_msg_id": "25fd25f2-1eb5-4611-b344-2cedbf469023",
        "type": "message",
        "text": "Podría ocurrir que después del último __pp_process() hubiera que aplicar si o si el ReplaceBlock() porque asumimos que __pp_process() puede producir literales de HFW macrosustituciones.\n\nAsi, si queremos evaluar SIEMRPE despues del preprocesado por si *emergen* literales de HFW macrosustituciones, seria asi\n\nLocal lReplaced := ReplaceBlocks( @cCode, \"{%\", \"%}\" )\n\ncCode = __pp_process( hPP, cCode )\nwhile .t.\n     if lReplaced := ReplaceBlocks( @cCode, \"{%\", \"%}\" )\n        cCode = __pp_process( hPP, cCode )\n     else\n         exit\n     endif\n  end",
        "user": "UJULQCHL5",
        "ts": "1560770295.314300",
        "team": "TJH5YU202",
        "user_team": "TJH5YU202",
        "source_team": "TJH5YU202",
        "user_profile": {
            "avatar_hash": "g7659142325a",
            "image_72": "https:\/\/secure.gravatar.com\/avatar\/c87659142325a3facb661d85281ec091.jpg?s=72&d=https%3A%2F%2Fa.slack-edge.com%2F80588%2Fimg%2Favatars%2Fuser_shapes%2Fava_0003-72.png",
            "first_name": "",
            "real_name": "Paquito",
            "display_name": "Paquito",
            "team": "TJH5YU202",
            "name": "hmpaquito",
            "is_restricted": false,
            "is_ultra_restricted": false
        }
    },
    {
        "client_msg_id": "4c1826f5-796b-47bf-af61-40209e578b0b",
        "type": "message",
        "text": "Asi mejor:\n\nReplaceBlocks( @cCode, \"{%\", \"%}\" )\ncCode = __pp_process( hPP, cCode )\n\nwhile .t.\n    if ReplaceBlocks( @cCode, \"{%\", \"%}\" )\n       cCode = __pp_process( hPP, cCode )\n    else\n        exit\n    endif\n end",
        "user": "UJULQCHL5",
        "ts": "1560770457.315400",
        "team": "TJH5YU202",
        "user_team": "TJH5YU202",
        "source_team": "TJH5YU202",
        "user_profile": {
            "avatar_hash": "g7659142325a",
            "image_72": "https:\/\/secure.gravatar.com\/avatar\/c87659142325a3facb661d85281ec091.jpg?s=72&d=https%3A%2F%2Fa.slack-edge.com%2F80588%2Fimg%2Favatars%2Fuser_shapes%2Fava_0003-72.png",
            "first_name": "",
            "real_name": "Paquito",
            "display_name": "Paquito",
            "team": "TJH5YU202",
            "name": "hmpaquito",
            "is_restricted": false,
            "is_ultra_restricted": false
        }
    },
    {
        "client_msg_id": "3b0da395-b217-4736-bb95-1a09424455ac",
        "type": "message",
        "text": "-\n\nLo unico que hay que hacer es cambiar en el repositorio el while lReplaced por while .t.",
        "user": "UJULQCHL5",
        "ts": "1560770594.316200",
        "team": "TJH5YU202",
        "user_team": "TJH5YU202",
        "source_team": "TJH5YU202",
        "user_profile": {
            "avatar_hash": "g7659142325a",
            "image_72": "https:\/\/secure.gravatar.com\/avatar\/c87659142325a3facb661d85281ec091.jpg?s=72&d=https%3A%2F%2Fa.slack-edge.com%2F80588%2Fimg%2Favatars%2Fuser_shapes%2Fava_0003-72.png",
            "first_name": "",
            "real_name": "Paquito",
            "display_name": "Paquito",
            "team": "TJH5YU202",
            "name": "hmpaquito",
            "is_restricted": false,
            "is_ultra_restricted": false
        }
    },
    {
        "client_msg_id": "d27754d9-68d9-44ed-aee3-bbdf92c5874d",
        "type": "message",
        "text": "Pues entonces el Código original estaba bien :+1:",
        "user": "UJN8D8U3B",
        "ts": "1560771571.317000",
        "team": "TJH5YU202",
        "user_team": "TJH5YU202",
        "source_team": "TJH5YU202",
        "user_profile": {
            "avatar_hash": "g92ad2abcc45",
            "image_72": "https:\/\/secure.gravatar.com\/avatar\/8492ad2abcc45ce53969adcf8420acde.jpg?s=72&d=https%3A%2F%2Fa.slack-edge.com%2F80588%2Fimg%2Favatars%2Fuser_shapes%2Fava_0008-72.png",
            "first_name": "",
            "real_name": "Antonio Linares",
            "display_name": "Antonio Linares",
            "team": "TJH5YU202",
            "name": "alinares",
            "is_restricted": false,
            "is_ultra_restricted": false
        }
    },
    {
        "client_msg_id": "b86949d4-a38e-461f-afd3-21b53e914f2d",
        "type": "message",
        "text": "También lo estaba pensando... pero no he podido encontrar el codigo original para comprobarlo _exactamente_\n\nPero la regla de oro es:\n\nPueden producir HFW macros:\n- Las HFW macrosustituciones ( ReplaceBlocks() )\n- El preprocesado ( __pp_process() )\n\nY por tanto después de alguno de esos items hay que pasar el ReplaceBlocks()",
        "user": "UJULQCHL5",
        "ts": "1560772009.320700",
        "team": "TJH5YU202",
        "user_team": "TJH5YU202",
        "source_team": "TJH5YU202",
        "user_profile": {
            "avatar_hash": "g7659142325a",
            "image_72": "https:\/\/secure.gravatar.com\/avatar\/c87659142325a3facb661d85281ec091.jpg?s=72&d=https%3A%2F%2Fa.slack-edge.com%2F80588%2Fimg%2Favatars%2Fuser_shapes%2Fava_0003-72.png",
            "first_name": "",
            "real_name": "Paquito",
            "display_name": "Paquito",
            "team": "TJH5YU202",
            "name": "hmpaquito",
            "is_restricted": false,
            "is_ultra_restricted": false
        }
    },
    {
        "client_msg_id": "b4f20ba4-99da-495a-bea7-493e9cfe19f2",
        "type": "message",
        "text": "Cuando añado al principio del documento &lt;!DOCTYPE html&gt;, no se muestra el editor, solo en nav, alguien sabe por qué?",
        "user": "UJUJLTWMT",
        "ts": "1560774249.321600",
        "team": "TJH5YU202",
        "user_team": "TJH5YU202",
        "source_team": "TJH5YU202",
        "user_profile": {
            "avatar_hash": "a60e3b1ef2d2",
            "image_72": "https:\/\/avatars.slack-edge.com\/2019-08-20\/726246109489_a60e3b1ef2d2c141969d_72.jpg",
            "first_name": "",
            "real_name": "Cristobal",
            "display_name": "Cristobal",
            "team": "TJH5YU202",
            "name": "navarro.cristobal",
            "is_restricted": false,
            "is_ultra_restricted": false
        }
    },
    {
        "client_msg_id": "12453cc4-c691-434b-8671-88594f5c692d",
        "type": "message",
        "text": "Ahora tambien puedes ejecutar código html directamente en el editor, y por supuesto ficheros .view",
        "user": "UJUJLTWMT",
        "ts": "1560782737.322400",
        "team": "TJH5YU202",
        "user_team": "TJH5YU202",
        "source_team": "TJH5YU202",
        "user_profile": {
            "avatar_hash": "a60e3b1ef2d2",
            "image_72": "https:\/\/avatars.slack-edge.com\/2019-08-20\/726246109489_a60e3b1ef2d2c141969d_72.jpg",
            "first_name": "",
            "real_name": "Cristobal",
            "display_name": "Cristobal",
            "team": "TJH5YU202",
            "name": "navarro.cristobal",
            "is_restricted": false,
            "is_ultra_restricted": false
        },
        "reactions": [
            {
                "name": "clap",
                "users": [
                    "UJUFNFMFE"
                ],
                "count": 1
            }
        ]
    },
    {
        "type": "message",
        "text": "",
        "files": [
            {
                "id": "FKF19JC9X",
                "created": 1560782741,
                "timestamp": 1560782741,
                "name": "image.png",
                "title": "image.png",
                "mimetype": "image\/png",
                "filetype": "png",
                "pretty_type": "PNG",
                "user": "UJUJLTWMT",
                "editable": false,
                "size": 170902,
                "mode": "hosted",
                "is_external": false,
                "external_type": "",
                "is_public": true,
                "public_url_shared": false,
                "display_as_bot": false,
                "username": "",
                "url_private": "https:\/\/files.slack.com\/files-pri\/TJH5YU202-FKF19JC9X\/image.png?t=xoxe-629202954002-776688371669-763909703378-01ffaa4c4eeda75ea92ad255b32a04e5",
                "url_private_download": "https:\/\/files.slack.com\/files-pri\/TJH5YU202-FKF19JC9X\/download\/image.png?t=xoxe-629202954002-776688371669-763909703378-01ffaa4c4eeda75ea92ad255b32a04e5",
                "thumb_64": "https:\/\/files.slack.com\/files-tmb\/TJH5YU202-FKF19JC9X-2214b2fade\/image_64.png?t=xoxe-629202954002-776688371669-763909703378-01ffaa4c4eeda75ea92ad255b32a04e5",
                "thumb_80": "https:\/\/files.slack.com\/files-tmb\/TJH5YU202-FKF19JC9X-2214b2fade\/image_80.png?t=xoxe-629202954002-776688371669-763909703378-01ffaa4c4eeda75ea92ad255b32a04e5",
                "thumb_360": "https:\/\/files.slack.com\/files-tmb\/TJH5YU202-FKF19JC9X-2214b2fade\/image_360.png?t=xoxe-629202954002-776688371669-763909703378-01ffaa4c4eeda75ea92ad255b32a04e5",
                "thumb_360_w": 360,
                "thumb_360_h": 202,
                "thumb_480": "https:\/\/files.slack.com\/files-tmb\/TJH5YU202-FKF19JC9X-2214b2fade\/image_480.png?t=xoxe-629202954002-776688371669-763909703378-01ffaa4c4eeda75ea92ad255b32a04e5",
                "thumb_480_w": 480,
                "thumb_480_h": 270,
                "thumb_160": "https:\/\/files.slack.com\/files-tmb\/TJH5YU202-FKF19JC9X-2214b2fade\/image_160.png?t=xoxe-629202954002-776688371669-763909703378-01ffaa4c4eeda75ea92ad255b32a04e5",
                "thumb_720": "https:\/\/files.slack.com\/files-tmb\/TJH5YU202-FKF19JC9X-2214b2fade\/image_720.png?t=xoxe-629202954002-776688371669-763909703378-01ffaa4c4eeda75ea92ad255b32a04e5",
                "thumb_720_w": 720,
                "thumb_720_h": 405,
                "thumb_800": "https:\/\/files.slack.com\/files-tmb\/TJH5YU202-FKF19JC9X-2214b2fade\/image_800.png?t=xoxe-629202954002-776688371669-763909703378-01ffaa4c4eeda75ea92ad255b32a04e5",
                "thumb_800_w": 800,
                "thumb_800_h": 450,
                "thumb_960": "https:\/\/files.slack.com\/files-tmb\/TJH5YU202-FKF19JC9X-2214b2fade\/image_960.png?t=xoxe-629202954002-776688371669-763909703378-01ffaa4c4eeda75ea92ad255b32a04e5",
                "thumb_960_w": 960,
                "thumb_960_h": 540,
                "thumb_1024": "https:\/\/files.slack.com\/files-tmb\/TJH5YU202-FKF19JC9X-2214b2fade\/image_1024.png?t=xoxe-629202954002-776688371669-763909703378-01ffaa4c4eeda75ea92ad255b32a04e5",
                "thumb_1024_w": 1024,
                "thumb_1024_h": 576,
                "image_exif_rotation": 1,
                "original_w": 1366,
                "original_h": 768,
                "permalink": "https:\/\/harbourproject.slack.com\/files\/UJUJLTWMT\/FKF19JC9X\/image.png",
                "permalink_public": "https:\/\/slack-files.com\/TJH5YU202-FKF19JC9X-81706dac2f",
                "is_starred": false,
                "has_rich_preview": false
            }
        ],
        "upload": true,
        "user": "UJUJLTWMT",
        "display_as_bot": false,
        "ts": "1560782744.322500",
        "client_msg_id": "4242728a-32ff-47f2-a36b-76e8947f77c5"
    },
    {
        "client_msg_id": "9a6daccb-9ff0-4423-b17b-505881af7f48",
        "type": "message",
        "text": "Really cool :slightly_smiling_face:",
        "user": "UJWU1NLQ6",
        "ts": "1560783032.322900",
        "team": "TJH5YU202",
        "user_team": "TJH5YU202",
        "source_team": "TJH5YU202",
        "user_profile": {
            "avatar_hash": "034d5c7f6e05",
            "image_72": "https:\/\/avatars.slack-edge.com\/2019-05-20\/640791937568_034d5c7f6e05e4dd4551_72.jpg",
            "first_name": "Lailton",
            "real_name": "Lailton Fernando Mariano",
            "display_name": "Lailton",
            "team": "TJH5YU202",
            "name": "lailton",
            "is_restricted": false,
            "is_ultra_restricted": false
        }
    },
    {
        "client_msg_id": "c8bbad05-2c72-4276-bb36-f1d8ef1c3607",
        "type": "message",
        "text": "I would like suggest you to change this part ( right side ) to be a IFRAME and all the time you compile th ecode make the HTML and then refresh the frame",
        "user": "UJWU1NLQ6",
        "ts": "1560783068.323700",
        "team": "TJH5YU202",
        "user_team": "TJH5YU202",
        "source_team": "TJH5YU202",
        "user_profile": {
            "avatar_hash": "034d5c7f6e05",
            "image_72": "https:\/\/avatars.slack-edge.com\/2019-05-20\/640791937568_034d5c7f6e05e4dd4551_72.jpg",
            "first_name": "Lailton",
            "real_name": "Lailton Fernando Mariano",
            "display_name": "Lailton",
            "team": "TJH5YU202",
            "name": "lailton",
            "is_restricted": false,
            "is_ultra_restricted": false
        }
    },
    {
        "client_msg_id": "37f30836-7d57-449b-bb5a-82c21f973326",
        "type": "message",
        "text": "so you will be able to set a SCROOLBAR to it :slightly_smiling_face:",
        "user": "UJWU1NLQ6",
        "ts": "1560783079.324000",
        "team": "TJH5YU202",
        "user_team": "TJH5YU202",
        "source_team": "TJH5YU202",
        "user_profile": {
            "avatar_hash": "034d5c7f6e05",
            "image_72": "https:\/\/avatars.slack-edge.com\/2019-05-20\/640791937568_034d5c7f6e05e4dd4551_72.jpg",
            "first_name": "Lailton",
            "real_name": "Lailton Fernando Mariano",
            "display_name": "Lailton",
            "team": "TJH5YU202",
            "name": "lailton",
            "is_restricted": false,
            "is_ultra_restricted": false
        }
    },
    {
        "client_msg_id": "e705f118-22a1-4e86-8804-09fa7235d28d",
        "type": "message",
        "text": "It will be much more friendly",
        "user": "UJWU1NLQ6",
        "ts": "1560783086.324200",
        "team": "TJH5YU202",
        "user_team": "TJH5YU202",
        "source_team": "TJH5YU202",
        "user_profile": {
            "avatar_hash": "034d5c7f6e05",
            "image_72": "https:\/\/avatars.slack-edge.com\/2019-05-20\/640791937568_034d5c7f6e05e4dd4551_72.jpg",
            "first_name": "Lailton",
            "real_name": "Lailton Fernando Mariano",
            "display_name": "Lailton",
            "team": "TJH5YU202",
            "name": "lailton",
            "is_restricted": false,
            "is_ultra_restricted": false
        }
    },
    {
        "client_msg_id": "104035b2-5e15-4b56-9841-c1f39566ff61",
        "type": "message",
        "text": "This is V.1.1, wait to V.2.0",
        "user": "UJUJLTWMT",
        "ts": "1560783359.324600",
        "team": "TJH5YU202",
        "user_team": "TJH5YU202",
        "source_team": "TJH5YU202",
        "user_profile": {
            "avatar_hash": "a60e3b1ef2d2",
            "image_72": "https:\/\/avatars.slack-edge.com\/2019-08-20\/726246109489_a60e3b1ef2d2c141969d_72.jpg",
            "first_name": "",
            "real_name": "Cristobal",
            "display_name": "Cristobal",
            "team": "TJH5YU202",
            "name": "navarro.cristobal",
            "is_restricted": false,
            "is_ultra_restricted": false
        }
    },
    {
        "client_msg_id": "c8044bbc-647b-4fe2-a782-5c5a350f7a9a",
        "type": "message",
        "text": "Many changes will be included aesthetically. Thanks",
        "user": "UJUJLTWMT",
        "ts": "1560783363.324800",
        "team": "TJH5YU202",
        "user_team": "TJH5YU202",
        "source_team": "TJH5YU202",
        "user_profile": {
            "avatar_hash": "a60e3b1ef2d2",
            "image_72": "https:\/\/avatars.slack-edge.com\/2019-08-20\/726246109489_a60e3b1ef2d2c141969d_72.jpg",
            "first_name": "",
            "real_name": "Cristobal",
            "display_name": "Cristobal",
            "team": "TJH5YU202",
            "name": "navarro.cristobal",
            "is_restricted": false,
            "is_ultra_restricted": false
        }
    },
    {
        "client_msg_id": "6edf6bac-5e2a-467b-933c-9417ea75e0f0",
        "type": "message",
        "text": "Cristóbal, please, muestra versión + build date",
        "user": "UJULQCHL5",
        "ts": "1560783424.325800",
        "team": "TJH5YU202",
        "user_team": "TJH5YU202",
        "source_team": "TJH5YU202",
        "user_profile": {
            "avatar_hash": "g7659142325a",
            "image_72": "https:\/\/secure.gravatar.com\/avatar\/c87659142325a3facb661d85281ec091.jpg?s=72&d=https%3A%2F%2Fa.slack-edge.com%2F80588%2Fimg%2Favatars%2Fuser_shapes%2Fava_0003-72.png",
            "first_name": "",
            "real_name": "Paquito",
            "display_name": "Paquito",
            "team": "TJH5YU202",
            "name": "hmpaquito",
            "is_restricted": false,
            "is_ultra_restricted": false
        }
    },
    {
        "client_msg_id": "34dcc804-0362-4e61-ae7c-37a7923e5677",
        "type": "message",
        "text": "Now I am working more on its functionality.",
        "user": "UJUJLTWMT",
        "ts": "1560783446.326000",
        "team": "TJH5YU202",
        "user_team": "TJH5YU202",
        "source_team": "TJH5YU202",
        "user_profile": {
            "avatar_hash": "a60e3b1ef2d2",
            "image_72": "https:\/\/avatars.slack-edge.com\/2019-08-20\/726246109489_a60e3b1ef2d2c141969d_72.jpg",
            "first_name": "",
            "real_name": "Cristobal",
            "display_name": "Cristobal",
            "team": "TJH5YU202",
            "name": "navarro.cristobal",
            "is_restricted": false,
            "is_ultra_restricted": false
        }
    },
    {
        "client_msg_id": "529e243a-e760-4a62-92c9-35853f467485",
        "type": "message",
        "text": "Ok, aparecerá \"Build Date\" :grinning:",
        "user": "UJUJLTWMT",
        "ts": "1560783484.326600",
        "team": "TJH5YU202",
        "user_team": "TJH5YU202",
        "source_team": "TJH5YU202",
        "user_profile": {
            "avatar_hash": "a60e3b1ef2d2",
            "image_72": "https:\/\/avatars.slack-edge.com\/2019-08-20\/726246109489_a60e3b1ef2d2c141969d_72.jpg",
            "first_name": "",
            "real_name": "Cristobal",
            "display_name": "Cristobal",
            "team": "TJH5YU202",
            "name": "navarro.cristobal",
            "is_restricted": false,
            "is_ultra_restricted": false
        }
    },
    {
        "client_msg_id": "384d4587-01a4-42e2-bec7-381ae2024d87",
        "type": "message",
        "text": "Pero, siempre será la versión que esté en el repositorio, no?",
        "user": "UJUJLTWMT",
        "ts": "1560783531.327000",
        "team": "TJH5YU202",
        "user_team": "TJH5YU202",
        "source_team": "TJH5YU202",
        "user_profile": {
            "avatar_hash": "a60e3b1ef2d2",
            "image_72": "https:\/\/avatars.slack-edge.com\/2019-08-20\/726246109489_a60e3b1ef2d2c141969d_72.jpg",
            "first_name": "",
            "real_name": "Cristobal",
            "display_name": "Cristobal",
            "team": "TJH5YU202",
            "name": "navarro.cristobal",
            "is_restricted": false,
            "is_ultra_restricted": false
        }
    },
    {
        "client_msg_id": "ba76be61-4f3e-4f36-9769-2e5288409e80",
        "type": "message",
        "text": "si. se trataria de no ir al repositorio a comprobar :grinning:",
        "user": "UJULQCHL5",
        "ts": "1560783787.328400",
        "team": "TJH5YU202",
        "user_team": "TJH5YU202",
        "source_team": "TJH5YU202",
        "user_profile": {
            "avatar_hash": "g7659142325a",
            "image_72": "https:\/\/secure.gravatar.com\/avatar\/c87659142325a3facb661d85281ec091.jpg?s=72&d=https%3A%2F%2Fa.slack-edge.com%2F80588%2Fimg%2Favatars%2Fuser_shapes%2Fava_0003-72.png",
            "first_name": "",
            "real_name": "Paquito",
            "display_name": "Paquito",
            "team": "TJH5YU202",
            "name": "hmpaquito",
            "is_restricted": false,
            "is_ultra_restricted": false
        }
    },
    {
        "client_msg_id": "2d083f6e-6f40-4426-ad50-f3bdc90abf46",
        "type": "message",
        "text": "Ok, pero cómo sabrás entonces que hay uno más actualizado. Aunque yo siempre voy a poner la versión. Si te fijas en las imágenes de ayer pone V.1.0 y hoy V.1.1.",
        "user": "UJUJLTWMT",
        "ts": "1560783847.329600",
        "team": "TJH5YU202",
        "user_team": "TJH5YU202",
        "source_team": "TJH5YU202",
        "user_profile": {
            "avatar_hash": "a60e3b1ef2d2",
            "image_72": "https:\/\/avatars.slack-edge.com\/2019-08-20\/726246109489_a60e3b1ef2d2c141969d_72.jpg",
            "first_name": "",
            "real_name": "Cristobal",
            "display_name": "Cristobal",
            "team": "TJH5YU202",
            "name": "navarro.cristobal",
            "is_restricted": false,
            "is_ultra_restricted": false
        }
    },
    {
        "client_msg_id": "64e20356-9e5f-4bd9-a1ea-382030b0bdc8",
        "type": "message",
        "text": "Pero si es por la fecha, lo puedo poner",
        "user": "UJUJLTWMT",
        "ts": "1560783860.329900",
        "team": "TJH5YU202",
        "user_team": "TJH5YU202",
        "source_team": "TJH5YU202",
        "user_profile": {
            "avatar_hash": "a60e3b1ef2d2",
            "image_72": "https:\/\/avatars.slack-edge.com\/2019-08-20\/726246109489_a60e3b1ef2d2c141969d_72.jpg",
            "first_name": "",
            "real_name": "Cristobal",
            "display_name": "Cristobal",
            "team": "TJH5YU202",
            "name": "navarro.cristobal",
            "is_restricted": false,
            "is_ultra_restricted": false
        }
    },
    {
        "client_msg_id": "deda95ed-a2c1-42d2-bebc-175d1afa8162",
        "type": "message",
        "text": "Cristóbal, yo veo mejor con la fecha de construccion (build date)\nAntonio my buena la reducción: :+1:\n   while lReplaced\n      lReplaced = ReplaceBlocks( @cCode, \"{%\", \"%}\" )\n      cCode = __pp_process( hPP, cCode )\n   end",
        "user": "UJULQCHL5",
        "ts": "1560785626.330700",
        "team": "TJH5YU202",
        "user_team": "TJH5YU202",
        "source_team": "TJH5YU202",
        "user_profile": {
            "avatar_hash": "g7659142325a",
            "image_72": "https:\/\/secure.gravatar.com\/avatar\/c87659142325a3facb661d85281ec091.jpg?s=72&d=https%3A%2F%2Fa.slack-edge.com%2F80588%2Fimg%2Favatars%2Fuser_shapes%2Fava_0003-72.png",
            "first_name": "",
            "real_name": "Paquito",
            "display_name": "Paquito",
            "team": "TJH5YU202",
            "name": "hmpaquito",
            "is_restricted": false,
            "is_ultra_restricted": false
        }
    },
    {
        "client_msg_id": "76d0a01b-f92e-4955-964f-b65e2fd81f24",
        "type": "message",
        "text": "El buid date de Harbour?",
        "user": "UJUJLTWMT",
        "ts": "1560785658.331000",
        "team": "TJH5YU202",
        "user_team": "TJH5YU202",
        "source_team": "TJH5YU202",
        "user_profile": {
            "avatar_hash": "a60e3b1ef2d2",
            "image_72": "https:\/\/avatars.slack-edge.com\/2019-08-20\/726246109489_a60e3b1ef2d2c141969d_72.jpg",
            "first_name": "",
            "real_name": "Cristobal",
            "display_name": "Cristobal",
            "team": "TJH5YU202",
            "name": "navarro.cristobal",
            "is_restricted": false,
            "is_ultra_restricted": false
        }
    },
    {
        "client_msg_id": "eb0eb577-4984-4e1a-9bc9-ea2d372d1570",
        "type": "message",
        "text": "No. La fecha de SandBox.prg.\nRealmente al HFW (mod_harbour) habría que ir poniéndole versión o como minimo build date.\n\nYo pondría así:\nHarbour version: Harbour 3.2.0dev (r1904111533)\nBuild date: Jun 14 2019 12:01:24\nEn todo caso, ahora mismo no es determinante.",
        "user": "UJULQCHL5",
        "ts": "1560785891.332600",
        "team": "TJH5YU202",
        "user_team": "TJH5YU202",
        "source_team": "TJH5YU202",
        "user_profile": {
            "avatar_hash": "g7659142325a",
            "image_72": "https:\/\/secure.gravatar.com\/avatar\/c87659142325a3facb661d85281ec091.jpg?s=72&d=https%3A%2F%2Fa.slack-edge.com%2F80588%2Fimg%2Favatars%2Fuser_shapes%2Fava_0003-72.png",
            "first_name": "",
            "real_name": "Paquito",
            "display_name": "Paquito",
            "team": "TJH5YU202",
            "name": "hmpaquito",
            "is_restricted": false,
            "is_ultra_restricted": false
        }
    },
    {
        "client_msg_id": "764a04d7-6016-4502-adfd-6903d12a96a6",
        "type": "message",
        "text": "HFW version: v0.1\nbuild date Jun 14 2019 13:01:01\n\nSandBox version: v0.3\nbuild date Jun 14 2019 13:02:02",
        "user": "UJULQCHL5",
        "ts": "1560785951.333600",
        "team": "TJH5YU202",
        "user_team": "TJH5YU202",
        "source_team": "TJH5YU202",
        "user_profile": {
            "avatar_hash": "g7659142325a",
            "image_72": "https:\/\/secure.gravatar.com\/avatar\/c87659142325a3facb661d85281ec091.jpg?s=72&d=https%3A%2F%2Fa.slack-edge.com%2F80588%2Fimg%2Favatars%2Fuser_shapes%2Fava_0003-72.png",
            "first_name": "",
            "real_name": "Paquito",
            "display_name": "Paquito",
            "team": "TJH5YU202",
            "name": "hmpaquito",
            "is_restricted": false,
            "is_ultra_restricted": false
        }
    },
    {
        "type": "message",
        "text": "",
        "files": [
            {
                "id": "FKPSWSRHC",
                "created": 1560800545,
                "timestamp": 1560800545,
                "name": "image.png",
                "title": "image.png",
                "mimetype": "image\/png",
                "filetype": "png",
                "pretty_type": "PNG",
                "user": "UJUJLTWMT",
                "editable": false,
                "size": 174491,
                "mode": "hosted",
                "is_external": false,
                "external_type": "",
                "is_public": true,
                "public_url_shared": false,
                "display_as_bot": false,
                "username": "",
                "url_private": "https:\/\/files.slack.com\/files-pri\/TJH5YU202-FKPSWSRHC\/image.png?t=xoxe-629202954002-776688371669-763909703378-01ffaa4c4eeda75ea92ad255b32a04e5",
                "url_private_download": "https:\/\/files.slack.com\/files-pri\/TJH5YU202-FKPSWSRHC\/download\/image.png?t=xoxe-629202954002-776688371669-763909703378-01ffaa4c4eeda75ea92ad255b32a04e5",
                "thumb_64": "https:\/\/files.slack.com\/files-tmb\/TJH5YU202-FKPSWSRHC-35d663a9df\/image_64.png?t=xoxe-629202954002-776688371669-763909703378-01ffaa4c4eeda75ea92ad255b32a04e5",
                "thumb_80": "https:\/\/files.slack.com\/files-tmb\/TJH5YU202-FKPSWSRHC-35d663a9df\/image_80.png?t=xoxe-629202954002-776688371669-763909703378-01ffaa4c4eeda75ea92ad255b32a04e5",
                "thumb_360": "https:\/\/files.slack.com\/files-tmb\/TJH5YU202-FKPSWSRHC-35d663a9df\/image_360.png?t=xoxe-629202954002-776688371669-763909703378-01ffaa4c4eeda75ea92ad255b32a04e5",
                "thumb_360_w": 360,
                "thumb_360_h": 202,
                "thumb_480": "https:\/\/files.slack.com\/files-tmb\/TJH5YU202-FKPSWSRHC-35d663a9df\/image_480.png?t=xoxe-629202954002-776688371669-763909703378-01ffaa4c4eeda75ea92ad255b32a04e5",
                "thumb_480_w": 480,
                "thumb_480_h": 270,
                "thumb_160": "https:\/\/files.slack.com\/files-tmb\/TJH5YU202-FKPSWSRHC-35d663a9df\/image_160.png?t=xoxe-629202954002-776688371669-763909703378-01ffaa4c4eeda75ea92ad255b32a04e5",
                "thumb_720": "https:\/\/files.slack.com\/files-tmb\/TJH5YU202-FKPSWSRHC-35d663a9df\/image_720.png?t=xoxe-629202954002-776688371669-763909703378-01ffaa4c4eeda75ea92ad255b32a04e5",
                "thumb_720_w": 720,
                "thumb_720_h": 405,
                "thumb_800": "https:\/\/files.slack.com\/files-tmb\/TJH5YU202-FKPSWSRHC-35d663a9df\/image_800.png?t=xoxe-629202954002-776688371669-763909703378-01ffaa4c4eeda75ea92ad255b32a04e5",
                "thumb_800_w": 800,
                "thumb_800_h": 450,
                "thumb_960": "https:\/\/files.slack.com\/files-tmb\/TJH5YU202-FKPSWSRHC-35d663a9df\/image_960.png?t=xoxe-629202954002-776688371669-763909703378-01ffaa4c4eeda75ea92ad255b32a04e5",
                "thumb_960_w": 960,
                "thumb_960_h": 540,
                "thumb_1024": "https:\/\/files.slack.com\/files-tmb\/TJH5YU202-FKPSWSRHC-35d663a9df\/image_1024.png?t=xoxe-629202954002-776688371669-763909703378-01ffaa4c4eeda75ea92ad255b32a04e5",
                "thumb_1024_w": 1024,
                "thumb_1024_h": 576,
                "image_exif_rotation": 1,
                "original_w": 1366,
                "original_h": 768,
                "permalink": "https:\/\/harbourproject.slack.com\/files\/UJUJLTWMT\/FKPSWSRHC\/image.png",
                "permalink_public": "https:\/\/slack-files.com\/TJH5YU202-FKPSWSRHC-cac30a0aa9",
                "is_starred": false,
                "has_rich_preview": false
            }
        ],
        "upload": true,
        "user": "UJUJLTWMT",
        "display_as_bot": false,
        "ts": "1560800548.333700",
        "client_msg_id": "d9c6bc11-cea3-4305-b4d5-4bcde13552ab"
    },
    {
        "client_msg_id": "217078ee-1d32-4050-a72f-a60132e4b629",
        "type": "message",
        "text": "Ahora por lo menos me dice dónde hay algún error en el código html",
        "user": "UJUJLTWMT",
        "ts": "1560800590.334600",
        "team": "TJH5YU202",
        "user_team": "TJH5YU202",
        "source_team": "TJH5YU202",
        "user_profile": {
            "avatar_hash": "a60e3b1ef2d2",
            "image_72": "https:\/\/avatars.slack-edge.com\/2019-08-20\/726246109489_a60e3b1ef2d2c141969d_72.jpg",
            "first_name": "",
            "real_name": "Cristobal",
            "display_name": "Cristobal",
            "team": "TJH5YU202",
            "name": "navarro.cristobal",
            "is_restricted": false,
            "is_ultra_restricted": false
        }
    },
    {
        "client_msg_id": "3326aeff-77a4-40a5-b5da-36af28eef60d",
        "type": "message",
        "text": "Hola,",
        "user": "UJWR5N32S",
        "ts": "1560840356.334900",
        "team": "TJH5YU202",
        "user_team": "TJH5YU202",
        "source_team": "TJH5YU202",
        "user_profile": {
            "avatar_hash": "273d3745f7ae",
            "image_72": "https:\/\/avatars.slack-edge.com\/2019-05-20\/634344238497_273d3745f7ae1b176b82_72.jpg",
            "first_name": "Charly",
            "real_name": "Charly",
            "display_name": "Charly",
            "team": "TJH5YU202",
            "name": "carles9000",
            "is_restricted": false,
            "is_ultra_restricted": false
        }
    },
    {
        "client_msg_id": "53827a60-75cf-4096-a273-56556f6d286b",
        "type": "message",
        "text": "Si haceis un post por  postman, os contesta bien ?",
        "user": "UJWR5N32S",
        "ts": "1560840368.335300",
        "team": "TJH5YU202",
        "user_team": "TJH5YU202",
        "source_team": "TJH5YU202",
        "user_profile": {
            "avatar_hash": "273d3745f7ae",
            "image_72": "https:\/\/avatars.slack-edge.com\/2019-05-20\/634344238497_273d3745f7ae1b176b82_72.jpg",
            "first_name": "Charly",
            "real_name": "Charly",
            "display_name": "Charly",
            "team": "TJH5YU202",
            "name": "carles9000",
            "is_restricted": false,
            "is_ultra_restricted": false
        }
    },
    {
        "type": "message",
        "text": "",
        "files": [
            {
                "id": "FKAP0BXAN",
                "created": 1560840376,
                "timestamp": 1560840376,
                "name": "-.txt",
                "title": "Sin título",
                "mimetype": "text\/plain",
                "filetype": "text",
                "pretty_type": "Plain Text",
                "user": "UJWR5N32S",
                "editable": true,
                "size": 91,
                "mode": "snippet",
                "is_external": false,
                "external_type": "",
                "is_public": true,
                "public_url_shared": false,
                "display_as_bot": false,
                "username": "",
                "url_private": "https:\/\/files.slack.com\/files-pri\/TJH5YU202-FKAP0BXAN\/-.txt?t=xoxe-629202954002-776688371669-763909703378-01ffaa4c4eeda75ea92ad255b32a04e5",
                "url_private_download": "https:\/\/files.slack.com\/files-pri\/TJH5YU202-FKAP0BXAN\/download\/-.txt?t=xoxe-629202954002-776688371669-763909703378-01ffaa4c4eeda75ea92ad255b32a04e5",
                "permalink": "https:\/\/harbourproject.slack.com\/files\/UJWR5N32S\/FKAP0BXAN\/-.txt",
                "permalink_public": "https:\/\/slack-files.com\/TJH5YU202-FKAP0BXAN-dea8285449",
                "edit_link": "https:\/\/harbourproject.slack.com\/files\/UJWR5N32S\/FKAP0BXAN\/-.txt\/edit",
                "is_starred": false,
                "has_rich_preview": false
            }
        ],
        "upload": true,
        "user": "UJWR5N32S",
        "display_as_bot": false,
        "ts": "1560840376.335400"
    },
    {
        "type": "message",
        "text": "",
        "files": [
            {
                "id": "FKN61G8ER",
                "created": 1560840409,
                "timestamp": 1560840409,
                "name": "imagen.png",
                "title": "imagen.png",
                "mimetype": "image\/png",
                "filetype": "png",
                "pretty_type": "PNG",
                "user": "UJWR5N32S",
                "editable": false,
                "size": 23533,
                "mode": "hosted",
                "is_external": false,
                "external_type": "",
                "is_public": true,
                "public_url_shared": false,
                "display_as_bot": false,
                "username": "",
                "url_private": "https:\/\/files.slack.com\/files-pri\/TJH5YU202-FKN61G8ER\/imagen.png?t=xoxe-629202954002-776688371669-763909703378-01ffaa4c4eeda75ea92ad255b32a04e5",
                "url_private_download": "https:\/\/files.slack.com\/files-pri\/TJH5YU202-FKN61G8ER\/download\/imagen.png?t=xoxe-629202954002-776688371669-763909703378-01ffaa4c4eeda75ea92ad255b32a04e5",
                "thumb_64": "https:\/\/files.slack.com\/files-tmb\/TJH5YU202-FKN61G8ER-f0c85acda3\/imagen_64.png?t=xoxe-629202954002-776688371669-763909703378-01ffaa4c4eeda75ea92ad255b32a04e5",
                "thumb_80": "https:\/\/files.slack.com\/files-tmb\/TJH5YU202-FKN61G8ER-f0c85acda3\/imagen_80.png?t=xoxe-629202954002-776688371669-763909703378-01ffaa4c4eeda75ea92ad255b32a04e5",
                "thumb_360": "https:\/\/files.slack.com\/files-tmb\/TJH5YU202-FKN61G8ER-f0c85acda3\/imagen_360.png?t=xoxe-629202954002-776688371669-763909703378-01ffaa4c4eeda75ea92ad255b32a04e5",
                "thumb_360_w": 360,
                "thumb_360_h": 190,
                "thumb_480": "https:\/\/files.slack.com\/files-tmb\/TJH5YU202-FKN61G8ER-f0c85acda3\/imagen_480.png?t=xoxe-629202954002-776688371669-763909703378-01ffaa4c4eeda75ea92ad255b32a04e5",
                "thumb_480_w": 480,
                "thumb_480_h": 253,
                "thumb_160": "https:\/\/files.slack.com\/files-tmb\/TJH5YU202-FKN61G8ER-f0c85acda3\/imagen_160.png?t=xoxe-629202954002-776688371669-763909703378-01ffaa4c4eeda75ea92ad255b32a04e5",
                "thumb_720": "https:\/\/files.slack.com\/files-tmb\/TJH5YU202-FKN61G8ER-f0c85acda3\/imagen_720.png?t=xoxe-629202954002-776688371669-763909703378-01ffaa4c4eeda75ea92ad255b32a04e5",
                "thumb_720_w": 720,
                "thumb_720_h": 379,
                "image_exif_rotation": 1,
                "original_w": 744,
                "original_h": 392,
                "permalink": "https:\/\/harbourproject.slack.com\/files\/UJWR5N32S\/FKN61G8ER\/imagen.png",
                "permalink_public": "https:\/\/slack-files.com\/TJH5YU202-FKN61G8ER-4534ac183a",
                "is_starred": false,
                "has_rich_preview": false
            }
        ],
        "upload": true,
        "user": "UJWR5N32S",
        "display_as_bot": false,
        "ts": "1560840411.335700",
        "client_msg_id": "b8d851ab-34f6-4f54-ac4b-7a589a1690f7"
    },
    {
        "client_msg_id": "c69bf932-9ed8-4254-92b9-f62b3193cf7f",
        "type": "message",
        "text": "Bon dia !",
        "user": "UJWR5N32S",
        "ts": "1560840416.336200",
        "team": "TJH5YU202",
        "user_team": "TJH5YU202",
        "source_team": "TJH5YU202",
        "user_profile": {
            "avatar_hash": "273d3745f7ae",
            "image_72": "https:\/\/avatars.slack-edge.com\/2019-05-20\/634344238497_273d3745f7ae1b176b82_72.jpg",
            "first_name": "Charly",
            "real_name": "Charly",
            "display_name": "Charly",
            "team": "TJH5YU202",
            "name": "carles9000",
            "is_restricted": false,
            "is_ultra_restricted": false
        }
    },
    {
        "client_msg_id": "d82d5210-8cd9-4c1b-8bd0-1c4b8ec8ef16",
        "type": "message",
        "text": "el post.prg -&gt; postpairs.prg   Funciona !",
        "user": "UJWR5N32S",
        "ts": "1560840456.336700",
        "team": "TJH5YU202",
        "user_team": "TJH5YU202",
        "source_team": "TJH5YU202",
        "user_profile": {
            "avatar_hash": "273d3745f7ae",
            "image_72": "https:\/\/avatars.slack-edge.com\/2019-05-20\/634344238497_273d3745f7ae1b176b82_72.jpg",
            "first_name": "Charly",
            "real_name": "Charly",
            "display_name": "Charly",
            "team": "TJH5YU202",
            "name": "carles9000",
            "is_restricted": false,
            "is_ultra_restricted": false
        }
    },
    {
        "client_msg_id": "b2703d86-1fa9-44ae-b031-218c3f33e771",
        "type": "message",
        "text": "pero desde postman, no",
        "user": "UJWR5N32S",
        "ts": "1560840463.336900",
        "team": "TJH5YU202",
        "user_team": "TJH5YU202",
        "source_team": "TJH5YU202",
        "user_profile": {
            "avatar_hash": "273d3745f7ae",
            "image_72": "https:\/\/avatars.slack-edge.com\/2019-05-20\/634344238497_273d3745f7ae1b176b82_72.jpg",
            "first_name": "Charly",
            "real_name": "Charly",
            "display_name": "Charly",
            "team": "TJH5YU202",
            "name": "carles9000",
            "is_restricted": false,
            "is_ultra_restricted": false
        }
    },
    {
        "client_msg_id": "4713ad72-6747-4f1f-bf45-fd054b442f9a",
        "type": "message",
        "text": ":thinking_face:",
        "user": "UJWR5N32S",
        "ts": "1560840474.337100",
        "team": "TJH5YU202",
        "user_team": "TJH5YU202",
        "source_team": "TJH5YU202",
        "user_profile": {
            "avatar_hash": "273d3745f7ae",
            "image_72": "https:\/\/avatars.slack-edge.com\/2019-05-20\/634344238497_273d3745f7ae1b176b82_72.jpg",
            "first_name": "Charly",
            "real_name": "Charly",
            "display_name": "Charly",
            "team": "TJH5YU202",
            "name": "carles9000",
            "is_restricted": false,
            "is_ultra_restricted": false
        }
    }
]