[
    {
        "type": "message",
        "subtype": "channel_join",
        "ts": "1585034707.000200",
        "user": "UJHD6A81H",
        "text": "<@UJHD6A81H> se ha unido al canal"
    },
    {
        "type": "message",
        "subtype": "channel_purpose",
        "ts": "1585034708.000300",
        "user": "UJHD6A81H",
        "text": "<@UJHD6A81H> ha definido la finalidad del canal: mod harbour Fivewin javascript html",
        "purpose": "mod harbour Fivewin javascript html"
    },
    {
        "type": "message",
        "subtype": "channel_purpose",
        "ts": "1585034856.000400",
        "user": "UJHD6A81H",
        "text": "<@UJHD6A81H> ha definido la finalidad del canal: mod harbour Fivewin javascript html DBF",
        "purpose": "mod harbour Fivewin javascript html DBF"
    },
    {
        "type": "message",
        "subtype": "channel_purpose",
        "ts": "1585035239.000500",
        "user": "UJHD6A81H",
        "text": "<@UJHD6A81H> ha definido la finalidad del canal: mod harbour Fivewin javascript html DBF Small talk",
        "purpose": "mod harbour Fivewin javascript html DBF Small talk"
    }
]