[
    {
        "type": "message",
        "text": "",
        "files": [
            {
                "id": "F011MC5V4JE",
                "created": 1586590669,
                "timestamp": 1586590669,
                "name": "image.png",
                "title": "image.png",
                "mimetype": "image\/png",
                "filetype": "png",
                "pretty_type": "PNG",
                "user": "UJN8D8U3B",
                "editable": false,
                "size": 139580,
                "mode": "hosted",
                "is_external": false,
                "external_type": "",
                "is_public": true,
                "public_url_shared": false,
                "display_as_bot": false,
                "username": "",
                "url_private": "https:\/\/files.slack.com\/files-pri\/TJH5YU202-F011MC5V4JE\/image.png?t=xoxe-629202954002-1115206499825-1101204359349-48e7ea248bf98b7fac300966398406ac",
                "url_private_download": "https:\/\/files.slack.com\/files-pri\/TJH5YU202-F011MC5V4JE\/download\/image.png?t=xoxe-629202954002-1115206499825-1101204359349-48e7ea248bf98b7fac300966398406ac",
                "thumb_64": "https:\/\/files.slack.com\/files-tmb\/TJH5YU202-F011MC5V4JE-a54390f416\/image_64.png?t=xoxe-629202954002-1115206499825-1101204359349-48e7ea248bf98b7fac300966398406ac",
                "thumb_80": "https:\/\/files.slack.com\/files-tmb\/TJH5YU202-F011MC5V4JE-a54390f416\/image_80.png?t=xoxe-629202954002-1115206499825-1101204359349-48e7ea248bf98b7fac300966398406ac",
                "thumb_360": "https:\/\/files.slack.com\/files-tmb\/TJH5YU202-F011MC5V4JE-a54390f416\/image_360.png?t=xoxe-629202954002-1115206499825-1101204359349-48e7ea248bf98b7fac300966398406ac",
                "thumb_360_w": 360,
                "thumb_360_h": 209,
                "thumb_480": "https:\/\/files.slack.com\/files-tmb\/TJH5YU202-F011MC5V4JE-a54390f416\/image_480.png?t=xoxe-629202954002-1115206499825-1101204359349-48e7ea248bf98b7fac300966398406ac",
                "thumb_480_w": 480,
                "thumb_480_h": 279,
                "thumb_160": "https:\/\/files.slack.com\/files-tmb\/TJH5YU202-F011MC5V4JE-a54390f416\/image_160.png?t=xoxe-629202954002-1115206499825-1101204359349-48e7ea248bf98b7fac300966398406ac",
                "thumb_720": "https:\/\/files.slack.com\/files-tmb\/TJH5YU202-F011MC5V4JE-a54390f416\/image_720.png?t=xoxe-629202954002-1115206499825-1101204359349-48e7ea248bf98b7fac300966398406ac",
                "thumb_720_w": 720,
                "thumb_720_h": 419,
                "thumb_800": "https:\/\/files.slack.com\/files-tmb\/TJH5YU202-F011MC5V4JE-a54390f416\/image_800.png?t=xoxe-629202954002-1115206499825-1101204359349-48e7ea248bf98b7fac300966398406ac",
                "thumb_800_w": 800,
                "thumb_800_h": 465,
                "thumb_960": "https:\/\/files.slack.com\/files-tmb\/TJH5YU202-F011MC5V4JE-a54390f416\/image_960.png?t=xoxe-629202954002-1115206499825-1101204359349-48e7ea248bf98b7fac300966398406ac",
                "thumb_960_w": 960,
                "thumb_960_h": 558,
                "thumb_1024": "https:\/\/files.slack.com\/files-tmb\/TJH5YU202-F011MC5V4JE-a54390f416\/image_1024.png?t=xoxe-629202954002-1115206499825-1101204359349-48e7ea248bf98b7fac300966398406ac",
                "thumb_1024_w": 1024,
                "thumb_1024_h": 596,
                "original_w": 1683,
                "original_h": 979,
                "thumb_tiny": "AwAbADCvM7LIQp44qMyuP4qdPzM34fyqLFdMUrEknmS+9J5kvvV5nG4jL\/gaDuK5DHGDnNZ+0XYV09Ch5z\/3jS+c\/wDeNR0d+tbWQyac4mb8P5VFke9Sv8zknrTCox0qVsBY+2j\/AJ5D86Q3uQR5ePxqvgUYFLkiMbQOtOwKMCruI\/\/Z",
                "permalink": "https:\/\/harbourproject.slack.com\/files\/UJN8D8U3B\/F011MC5V4JE\/image.png",
                "permalink_public": "https:\/\/slack-files.com\/TJH5YU202-F011MC5V4JE-7f34f1b8b8",
                "is_starred": false,
                "has_rich_preview": false
            }
        ],
        "upload": true,
        "user": "UJN8D8U3B",
        "display_as_bot": false,
        "ts": "1586590671.079300",
        "client_msg_id": "7f7f7e5b-82d4-4e57-a687-d5cd44dddd3f"
    }
]