[
    {
        "client_msg_id": "723f749d-3f18-4f03-abae-05a02e98d2bb",
        "type": "message",
        "text": "<https:\/\/jdan.github.io\/98.css\/>",
        "user": "UM81W8B0Q",
        "ts": "1587765574.079700",
        "team": "TJH5YU202",
        "user_team": "TJH5YU202",
        "source_team": "TJH5YU202",
        "user_profile": {
            "avatar_hash": "gab9279ee8c0",
            "image_72": "https:\/\/secure.gravatar.com\/avatar\/73ab9279ee8c00f66ce4904d30146c8f.jpg?s=72&d=https%3A%2F%2Fa.slack-edge.com%2Fdf10d%2Fimg%2Favatars%2Fava_0010-72.png",
            "first_name": "",
            "real_name": "Angel Pais",
            "display_name": "Angel Pais",
            "team": "TJH5YU202",
            "name": "amigosam",
            "is_restricted": false,
            "is_ultra_restricted": false
        },
        "attachments": [
            {
                "title": "98.css",
                "title_link": "https:\/\/jdan.github.io\/98.css\/",
                "text": "A design system for building faithful recreations of old UIs.",
                "fallback": "98.css",
                "image_url": "https:\/\/github.com\/jdan\/98.css\/raw\/master\/docs\/window.png?raw=true",
                "from_url": "https:\/\/jdan.github.io\/98.css\/",
                "image_width": 293,
                "image_height": 133,
                "image_bytes": 3588,
                "service_name": "jdan.github.io",
                "id": 1,
                "original_url": "https:\/\/jdan.github.io\/98.css\/"
            }
        ],
        "blocks": [
            {
                "type": "rich_text",
                "block_id": "YDc",
                "elements": [
                    {
                        "type": "rich_text_section",
                        "elements": [
                            {
                                "type": "link",
                                "url": "https:\/\/jdan.github.io\/98.css\/"
                            }
                        ]
                    }
                ]
            }
        ]
    }
]