[
    {
        "type": "message",
        "text": "Alguien lo conocio?",
        "files": [
            {
                "id": "F0112LL46SD",
                "created": 1585848252,
                "timestamp": 1585848252,
                "name": "IMG_3647.JPG",
                "title": "IMG_3647.JPG",
                "mimetype": "image\/jpeg",
                "filetype": "jpg",
                "pretty_type": "JPEG",
                "user": "UJRQZMTAM",
                "editable": false,
                "size": 44542,
                "mode": "hosted",
                "is_external": false,
                "external_type": "",
                "is_public": true,
                "public_url_shared": false,
                "display_as_bot": false,
                "username": "",
                "url_private": "https:\/\/files.slack.com\/files-pri\/TJH5YU202-F0112LL46SD\/img_3647.jpg?t=xoxe-629202954002-1115206499825-1101204359349-48e7ea248bf98b7fac300966398406ac",
                "url_private_download": "https:\/\/files.slack.com\/files-pri\/TJH5YU202-F0112LL46SD\/download\/img_3647.jpg?t=xoxe-629202954002-1115206499825-1101204359349-48e7ea248bf98b7fac300966398406ac",
                "thumb_64": "https:\/\/files.slack.com\/files-tmb\/TJH5YU202-F0112LL46SD-57bc66249e\/img_3647_64.jpg?t=xoxe-629202954002-1115206499825-1101204359349-48e7ea248bf98b7fac300966398406ac",
                "thumb_80": "https:\/\/files.slack.com\/files-tmb\/TJH5YU202-F0112LL46SD-57bc66249e\/img_3647_80.jpg?t=xoxe-629202954002-1115206499825-1101204359349-48e7ea248bf98b7fac300966398406ac",
                "thumb_360": "https:\/\/files.slack.com\/files-tmb\/TJH5YU202-F0112LL46SD-57bc66249e\/img_3647_360.jpg?t=xoxe-629202954002-1115206499825-1101204359349-48e7ea248bf98b7fac300966398406ac",
                "thumb_360_w": 360,
                "thumb_360_h": 270,
                "thumb_480": "https:\/\/files.slack.com\/files-tmb\/TJH5YU202-F0112LL46SD-57bc66249e\/img_3647_480.jpg?t=xoxe-629202954002-1115206499825-1101204359349-48e7ea248bf98b7fac300966398406ac",
                "thumb_480_w": 480,
                "thumb_480_h": 360,
                "thumb_160": "https:\/\/files.slack.com\/files-tmb\/TJH5YU202-F0112LL46SD-57bc66249e\/img_3647_160.jpg?t=xoxe-629202954002-1115206499825-1101204359349-48e7ea248bf98b7fac300966398406ac",
                "image_exif_rotation": 1,
                "original_w": 500,
                "original_h": 375,
                "thumb_tiny": "AwAkADC1siRFLvtyO+KNsXneVuO7Ge1UbtSsgYoQpAwfXimxrKGVx1xlST6U7aXLsrblnz1DBdpB3bSDj\/CmrdKcZU989OP0qFlcSs7Y+8CcU14WUNyO3TvRoHuFpbqEnD7l\/AH+lT4jeNij7sD0H+FZrxON3HC981NZhy7uEO3acmiytdDaj0IZ4riSQkElc8fMKdEs64DICP8AeFa8f+rX6ClOe2PxpGTVzNKuQff3FGH9P1FaBL9gKAX7gU7k8iMmVbhuFUAf7wpsMVxHICSQvfDCtoZ74\/Ckk\/1bfQ0ikrFISsABk\/maXzW9T+ZqPsKWgZJ5rf5Y\/wCNHmt\/lj\/jTKKAH+a3+WP+NI0rFT9PU\/402kPQ0Af\/2Q==",
                "permalink": "https:\/\/harbourproject.slack.com\/files\/UJRQZMTAM\/F0112LL46SD\/img_3647.jpg",
                "permalink_public": "https:\/\/slack-files.com\/TJH5YU202-F0112LL46SD-cb0d7083a8",
                "is_starred": false,
                "has_rich_preview": false
            }
        ],
        "upload": true,
        "blocks": [
            {
                "type": "rich_text",
                "block_id": "F7c9=",
                "elements": [
                    {
                        "type": "rich_text_section",
                        "elements": [
                            {
                                "type": "text",
                                "text": "Alguien lo conocio?"
                            }
                        ]
                    }
                ]
            }
        ],
        "user": "UJRQZMTAM",
        "display_as_bot": false,
        "ts": "1585848257.075100",
        "client_msg_id": "0293c029-ba14-4378-8ba8-e3e28d480b26"
    },
    {
        "client_msg_id": "e07edbf3-049e-45f8-8fb1-f1c55721d100",
        "type": "message",
        "text": "Jajaja si. Yo tenía un local de ventas de insumos de computadoras y lo usaba para hacer carteles para la vidriera. Por dios.",
        "user": "UM81W8B0Q",
        "ts": "1585848342.076200",
        "team": "TJH5YU202",
        "user_team": "TJH5YU202",
        "source_team": "TJH5YU202",
        "user_profile": {
            "avatar_hash": "gab9279ee8c0",
            "image_72": "https:\/\/secure.gravatar.com\/avatar\/73ab9279ee8c00f66ce4904d30146c8f.jpg?s=72&d=https%3A%2F%2Fa.slack-edge.com%2Fdf10d%2Fimg%2Favatars%2Fava_0010-72.png",
            "first_name": "",
            "real_name": "Angel Pais",
            "display_name": "Angel Pais",
            "team": "TJH5YU202",
            "name": "amigosam",
            "is_restricted": false,
            "is_ultra_restricted": false
        },
        "blocks": [
            {
                "type": "rich_text",
                "block_id": "L9sD",
                "elements": [
                    {
                        "type": "rich_text_section",
                        "elements": [
                            {
                                "type": "text",
                                "text": "Jajaja si. Yo tenía un local de ventas de insumos de computadoras y lo usaba para hacer carteles para la vidriera. Por dios."
                            }
                        ]
                    }
                ]
            }
        ]
    },
    {
        "client_msg_id": "f85c4a9d-04ed-46f8-8e19-76b5f6c0ddf5",
        "type": "message",
        "text": "Cuando llevaba las impresiones a mi colegio, quedaba como un campeon!!",
        "user": "UJRQZMTAM",
        "ts": "1585848369.076600",
        "team": "TJH5YU202",
        "user_team": "TJH5YU202",
        "source_team": "TJH5YU202",
        "user_profile": {
            "avatar_hash": "0d8c567df084",
            "image_72": "https:\/\/avatars.slack-edge.com\/2019-11-22\/834908722243_0d8c567df084bf59d639_72.png",
            "first_name": "Diego",
            "real_name": "Diego F",
            "display_name": "Diego F",
            "team": "TJH5YU202",
            "name": "diegohfazio",
            "is_restricted": false,
            "is_ultra_restricted": false
        },
        "blocks": [
            {
                "type": "rich_text",
                "block_id": "6U2",
                "elements": [
                    {
                        "type": "rich_text_section",
                        "elements": [
                            {
                                "type": "text",
                                "text": "Cuando llevaba las impresiones a mi colegio, quedaba como un campeon!!"
                            }
                        ]
                    }
                ]
            }
        ]
    },
    {
        "client_msg_id": "d2ae56b2-aedc-403a-b97c-5680158d0cec",
        "type": "message",
        "text": "a color!!",
        "user": "UJRQZMTAM",
        "ts": "1585848375.076800",
        "team": "TJH5YU202",
        "user_team": "TJH5YU202",
        "source_team": "TJH5YU202",
        "user_profile": {
            "avatar_hash": "0d8c567df084",
            "image_72": "https:\/\/avatars.slack-edge.com\/2019-11-22\/834908722243_0d8c567df084bf59d639_72.png",
            "first_name": "Diego",
            "real_name": "Diego F",
            "display_name": "Diego F",
            "team": "TJH5YU202",
            "name": "diegohfazio",
            "is_restricted": false,
            "is_ultra_restricted": false
        },
        "blocks": [
            {
                "type": "rich_text",
                "block_id": "xlf56",
                "elements": [
                    {
                        "type": "rich_text_section",
                        "elements": [
                            {
                                "type": "text",
                                "text": "a color!!"
                            }
                        ]
                    }
                ]
            }
        ]
    },
    {
        "client_msg_id": "ed2a03b0-0124-4fd6-8c0f-cbeae5d03028",
        "type": "message",
        "text": "le habia puesto a la matriz de punto el modulo(motor paso a pasos) para usar la cinta que traia varios colores",
        "user": "UJRQZMTAM",
        "ts": "1585848405.077500",
        "team": "TJH5YU202",
        "user_team": "TJH5YU202",
        "source_team": "TJH5YU202",
        "user_profile": {
            "avatar_hash": "0d8c567df084",
            "image_72": "https:\/\/avatars.slack-edge.com\/2019-11-22\/834908722243_0d8c567df084bf59d639_72.png",
            "first_name": "Diego",
            "real_name": "Diego F",
            "display_name": "Diego F",
            "team": "TJH5YU202",
            "name": "diegohfazio",
            "is_restricted": false,
            "is_ultra_restricted": false
        },
        "blocks": [
            {
                "type": "rich_text",
                "block_id": "0RZ",
                "elements": [
                    {
                        "type": "rich_text_section",
                        "elements": [
                            {
                                "type": "text",
                                "text": "le habia puesto a la matriz de punto el modulo(motor paso a pasos) para usar la cinta que traia varios colores"
                            }
                        ]
                    }
                ]
            }
        ]
    },
    {
        "client_msg_id": "93c24f6e-c6c9-49b2-bf7f-b9b940d667d3",
        "type": "message",
        "text": "tardaba una vida! Pero era a color...",
        "user": "UJRQZMTAM",
        "ts": "1585848408.077700",
        "team": "TJH5YU202",
        "user_team": "TJH5YU202",
        "source_team": "TJH5YU202",
        "user_profile": {
            "avatar_hash": "0d8c567df084",
            "image_72": "https:\/\/avatars.slack-edge.com\/2019-11-22\/834908722243_0d8c567df084bf59d639_72.png",
            "first_name": "Diego",
            "real_name": "Diego F",
            "display_name": "Diego F",
            "team": "TJH5YU202",
            "name": "diegohfazio",
            "is_restricted": false,
            "is_ultra_restricted": false
        },
        "edited": {
            "user": "UJRQZMTAM",
            "ts": "1585848422.000000"
        },
        "blocks": [
            {
                "type": "rich_text",
                "block_id": "fNCg9",
                "elements": [
                    {
                        "type": "rich_text_section",
                        "elements": [
                            {
                                "type": "text",
                                "text": "tardaba una vida! Pero era a color..."
                            }
                        ]
                    }
                ]
            }
        ]
    },
    {
        "client_msg_id": "282977a1-0ef6-49d0-b254-fd1dba730224",
        "type": "message",
        "text": "jaja",
        "user": "UM81W8B0Q",
        "ts": "1585848447.078000",
        "team": "TJH5YU202",
        "user_team": "TJH5YU202",
        "source_team": "TJH5YU202",
        "user_profile": {
            "avatar_hash": "gab9279ee8c0",
            "image_72": "https:\/\/secure.gravatar.com\/avatar\/73ab9279ee8c00f66ce4904d30146c8f.jpg?s=72&d=https%3A%2F%2Fa.slack-edge.com%2Fdf10d%2Fimg%2Favatars%2Fava_0010-72.png",
            "first_name": "",
            "real_name": "Angel Pais",
            "display_name": "Angel Pais",
            "team": "TJH5YU202",
            "name": "amigosam",
            "is_restricted": false,
            "is_ultra_restricted": false
        },
        "blocks": [
            {
                "type": "rich_text",
                "block_id": "W0n",
                "elements": [
                    {
                        "type": "rich_text_section",
                        "elements": [
                            {
                                "type": "text",
                                "text": "jaja"
                            }
                        ]
                    }
                ]
            }
        ]
    },
    {
        "client_msg_id": "56d91246-ef0b-4952-9a38-3ca7376a9e38",
        "type": "message",
        "text": "Wow, Diego, eso fue hace mucho tiempo, ya no me arcordaba",
        "user": "UJUSD6VB2",
        "ts": "1585848889.078400",
        "team": "TJH5YU202",
        "user_team": "TJH5YU202",
        "source_team": "TJH5YU202",
        "user_profile": {
            "avatar_hash": "g1677a02d0b6",
            "image_72": "https:\/\/secure.gravatar.com\/avatar\/bb1677a02d0b69ba91eb245090c7c83a.jpg?s=72&d=https%3A%2F%2Fa.slack-edge.com%2Fdf10d%2Fimg%2Favatars%2Fava_0015-72.png",
            "first_name": "",
            "real_name": "Osvaldo Ramirez",
            "display_name": "Osvaldo Ramirez",
            "team": "TJH5YU202",
            "name": "ramirezosvaldo",
            "is_restricted": false,
            "is_ultra_restricted": false
        },
        "blocks": [
            {
                "type": "rich_text",
                "block_id": "na8J",
                "elements": [
                    {
                        "type": "rich_text_section",
                        "elements": [
                            {
                                "type": "text",
                                "text": "Wow, Diego, eso fue hace mucho tiempo, ya no me arcordaba"
                            }
                        ]
                    }
                ]
            }
        ]
    },
    {
        "client_msg_id": "1ee615ae-5a00-491b-867a-aaff1f52ce1e",
        "type": "message",
        "text": "habit otro que generaba gráficas, no era lotus, pero ya mi disco duro esta lenton",
        "user": "UJUSD6VB2",
        "ts": "1585848941.079000",
        "team": "TJH5YU202",
        "user_team": "TJH5YU202",
        "source_team": "TJH5YU202",
        "user_profile": {
            "avatar_hash": "g1677a02d0b6",
            "image_72": "https:\/\/secure.gravatar.com\/avatar\/bb1677a02d0b69ba91eb245090c7c83a.jpg?s=72&d=https%3A%2F%2Fa.slack-edge.com%2Fdf10d%2Fimg%2Favatars%2Fava_0015-72.png",
            "first_name": "",
            "real_name": "Osvaldo Ramirez",
            "display_name": "Osvaldo Ramirez",
            "team": "TJH5YU202",
            "name": "ramirezosvaldo",
            "is_restricted": false,
            "is_ultra_restricted": false
        },
        "blocks": [
            {
                "type": "rich_text",
                "block_id": "30p",
                "elements": [
                    {
                        "type": "rich_text_section",
                        "elements": [
                            {
                                "type": "text",
                                "text": "habit otro que generaba gráficas, no era lotus, pero ya mi disco duro esta lenton"
                            }
                        ]
                    }
                ]
            }
        ]
    }
]