[
    {
        "client_msg_id": "32c1f242-c64e-40c7-b468-47c116697642",
        "type": "message",
        "text": "I am trying to get it to take multiple lines of input.",
        "user": "UJHD6A81H",
        "ts": "1585406652.001700",
        "team": "TJH5YU202",
        "user_team": "TJH5YU202",
        "source_team": "TJH5YU202",
        "user_profile": {
            "avatar_hash": "g6b8073e00e9",
            "image_72": "https:\/\/secure.gravatar.com\/avatar\/b96b8073e00e9eb02bcf05bc1418eb3a.jpg?s=72&d=https%3A%2F%2Fa.slack-edge.com%2Fdf10d%2Fimg%2Favatars%2Fava_0021-72.png",
            "first_name": "Otto",
            "real_name": "Otto Atzwanger",
            "display_name": "Otto",
            "team": "TJH5YU202",
            "name": "otto",
            "is_restricted": false,
            "is_ultra_restricted": false
        },
        "blocks": [
            {
                "type": "rich_text",
                "block_id": "DVzWb",
                "elements": [
                    {
                        "type": "rich_text_section",
                        "elements": [
                            {
                                "type": "text",
                                "text": "I am trying to get it to take multiple lines of input."
                            }
                        ]
                    }
                ]
            }
        ]
    },
    {
        "type": "message",
        "text": "",
        "files": [
            {
                "id": "F010LD2GH7C",
                "created": 1585406705,
                "timestamp": 1585406705,
                "name": "chatmultiline.gif",
                "title": "chatmultiline.gif",
                "mimetype": "image\/gif",
                "filetype": "gif",
                "pretty_type": "GIF",
                "user": "UJHD6A81H",
                "editable": false,
                "size": 110165,
                "mode": "hosted",
                "is_external": false,
                "external_type": "",
                "is_public": true,
                "public_url_shared": false,
                "display_as_bot": false,
                "username": "",
                "url_private": "https:\/\/files.slack.com\/files-pri\/TJH5YU202-F010LD2GH7C\/chatmultiline.gif?t=xoxe-629202954002-1115206499825-1101204359349-48e7ea248bf98b7fac300966398406ac",
                "url_private_download": "https:\/\/files.slack.com\/files-pri\/TJH5YU202-F010LD2GH7C\/download\/chatmultiline.gif?t=xoxe-629202954002-1115206499825-1101204359349-48e7ea248bf98b7fac300966398406ac",
                "thumb_64": "https:\/\/files.slack.com\/files-tmb\/TJH5YU202-F010LD2GH7C-c0c9cc3160\/chatmultiline_64.png?t=xoxe-629202954002-1115206499825-1101204359349-48e7ea248bf98b7fac300966398406ac",
                "thumb_80": "https:\/\/files.slack.com\/files-tmb\/TJH5YU202-F010LD2GH7C-c0c9cc3160\/chatmultiline_80.png?t=xoxe-629202954002-1115206499825-1101204359349-48e7ea248bf98b7fac300966398406ac",
                "thumb_360": "https:\/\/files.slack.com\/files-tmb\/TJH5YU202-F010LD2GH7C-c0c9cc3160\/chatmultiline_360.png?t=xoxe-629202954002-1115206499825-1101204359349-48e7ea248bf98b7fac300966398406ac",
                "thumb_360_w": 360,
                "thumb_360_h": 312,
                "thumb_480": "https:\/\/files.slack.com\/files-tmb\/TJH5YU202-F010LD2GH7C-c0c9cc3160\/chatmultiline_480.png?t=xoxe-629202954002-1115206499825-1101204359349-48e7ea248bf98b7fac300966398406ac",
                "thumb_480_w": 480,
                "thumb_480_h": 417,
                "thumb_160": "https:\/\/files.slack.com\/files-tmb\/TJH5YU202-F010LD2GH7C-c0c9cc3160\/chatmultiline_160.png?t=xoxe-629202954002-1115206499825-1101204359349-48e7ea248bf98b7fac300966398406ac",
                "thumb_720": "https:\/\/files.slack.com\/files-tmb\/TJH5YU202-F010LD2GH7C-c0c9cc3160\/chatmultiline_720.png?t=xoxe-629202954002-1115206499825-1101204359349-48e7ea248bf98b7fac300966398406ac",
                "thumb_720_w": 720,
                "thumb_720_h": 625,
                "thumb_800": "https:\/\/files.slack.com\/files-tmb\/TJH5YU202-F010LD2GH7C-c0c9cc3160\/chatmultiline_800.png?t=xoxe-629202954002-1115206499825-1101204359349-48e7ea248bf98b7fac300966398406ac",
                "thumb_800_w": 800,
                "thumb_800_h": 694,
                "thumb_360_gif": "https:\/\/files.slack.com\/files-tmb\/TJH5YU202-F010LD2GH7C-c0c9cc3160\/chatmultiline_360.gif?t=xoxe-629202954002-1115206499825-1101204359349-48e7ea248bf98b7fac300966398406ac",
                "thumb_480_gif": "https:\/\/files.slack.com\/files-tmb\/TJH5YU202-F010LD2GH7C-c0c9cc3160\/chatmultiline_480.gif?t=xoxe-629202954002-1115206499825-1101204359349-48e7ea248bf98b7fac300966398406ac",
                "image_exif_rotation": 1,
                "original_w": 879,
                "original_h": 763,
                "deanimate_gif": "https:\/\/files.slack.com\/files-tmb\/TJH5YU202-F010LD2GH7C-c0c9cc3160\/chatmultiline_deanimate_gif.png?t=xoxe-629202954002-1115206499825-1101204359349-48e7ea248bf98b7fac300966398406ac",
                "thumb_tiny": "AwApADC8gzFH\/uinqCKbH\/q4+3ying++aAFooooAjuP+PeT\/AHTWLW1cf8e8n+6axauJpA2YN3lDPpxn0qUZ71XjuIhGgMijCjPNP+0w\/wDPVfzqSLEtFRfaYf8Anqv50faYf+eq\/nSsFguf+PeT\/dNY1as88TQSASKSVPesqtIlwNCOa1Cru25AGfkp\/wBos\/Rf++KzKKOUfKjT+0Wfov8A3xR9os\/Rf++KzKKOUOVGjJNaNGwUKGIwDsrOIwcZB9xRRTSsNKx\/\/9k=",
                "permalink": "https:\/\/harbourproject.slack.com\/files\/UJHD6A81H\/F010LD2GH7C\/chatmultiline.gif",
                "permalink_public": "https:\/\/slack-files.com\/TJH5YU202-F010LD2GH7C-2d049a31df",
                "is_starred": false,
                "has_rich_preview": false
            }
        ],
        "upload": true,
        "user": "UJHD6A81H",
        "display_as_bot": false,
        "ts": "1585406765.001800",
        "client_msg_id": "c0bba0cf-0c11-4235-8625-d430d8787584"
    },
    {
        "client_msg_id": "0c4d48ef-2d5a-4c65-be5f-d8b5f2b46563",
        "type": "message",
        "text": "It seems that CRLF is %0D%0A.",
        "user": "UJHD6A81H",
        "ts": "1585406877.002400",
        "team": "TJH5YU202",
        "user_team": "TJH5YU202",
        "source_team": "TJH5YU202",
        "user_profile": {
            "avatar_hash": "g6b8073e00e9",
            "image_72": "https:\/\/secure.gravatar.com\/avatar\/b96b8073e00e9eb02bcf05bc1418eb3a.jpg?s=72&d=https%3A%2F%2Fa.slack-edge.com%2Fdf10d%2Fimg%2Favatars%2Fava_0021-72.png",
            "first_name": "Otto",
            "real_name": "Otto Atzwanger",
            "display_name": "Otto",
            "team": "TJH5YU202",
            "name": "otto",
            "is_restricted": false,
            "is_ultra_restricted": false
        },
        "blocks": [
            {
                "type": "rich_text",
                "block_id": "MKfPp",
                "elements": [
                    {
                        "type": "rich_text_section",
                        "elements": [
                            {
                                "type": "text",
                                "text": "It seems that CRLF is %0D%0A."
                            }
                        ]
                    }
                ]
            }
        ]
    },
    {
        "client_msg_id": "a4e7f40d-29d9-4257-ab7b-4b722da2242b",
        "type": "message",
        "text": "before doing `hb_UrlDecode()`, sure",
        "user": "UNAHBRTFA",
        "ts": "1585406927.003200",
        "team": "TJH5YU202",
        "user_team": "TJH5YU202",
        "source_team": "TJH5YU202",
        "user_profile": {
            "avatar_hash": "g3d2a3f4c28c",
            "image_72": "https:\/\/secure.gravatar.com\/avatar\/23d2a3f4c28cebb4cf07e48d02620517.jpg?s=72&d=https%3A%2F%2Fa.slack-edge.com%2Fdf10d%2Fimg%2Favatars%2Fava_0020-72.png",
            "first_name": "Andreu",
            "real_name": "Andreu Botella",
            "display_name": "Andreu Botella",
            "team": "TJH5YU202",
            "name": "andreu.132",
            "is_restricted": false,
            "is_ultra_restricted": false
        },
        "blocks": [
            {
                "type": "rich_text",
                "block_id": "vp6A",
                "elements": [
                    {
                        "type": "rich_text_section",
                        "elements": [
                            {
                                "type": "text",
                                "text": "before doing "
                            },
                            {
                                "type": "text",
                                "text": "hb_UrlDecode()",
                                "style": {
                                    "code": true
                                }
                            },
                            {
                                "type": "text",
                                "text": ", sure"
                            }
                        ]
                    }
                ]
            }
        ]
    },
    {
        "client_msg_id": "c309b28c-ddc4-46cc-9d1e-58e67518c46c",
        "type": "message",
        "text": "my project, post-data, would handle the url decoding for you, and handle file uploads and so on",
        "user": "UNAHBRTFA",
        "ts": "1585406992.004400",
        "team": "TJH5YU202",
        "user_team": "TJH5YU202",
        "source_team": "TJH5YU202",
        "user_profile": {
            "avatar_hash": "g3d2a3f4c28c",
            "image_72": "https:\/\/secure.gravatar.com\/avatar\/23d2a3f4c28cebb4cf07e48d02620517.jpg?s=72&d=https%3A%2F%2Fa.slack-edge.com%2Fdf10d%2Fimg%2Favatars%2Fava_0020-72.png",
            "first_name": "Andreu",
            "real_name": "Andreu Botella",
            "display_name": "Andreu Botella",
            "team": "TJH5YU202",
            "name": "andreu.132",
            "is_restricted": false,
            "is_ultra_restricted": false
        },
        "blocks": [
            {
                "type": "rich_text",
                "block_id": "Xd\/",
                "elements": [
                    {
                        "type": "rich_text_section",
                        "elements": [
                            {
                                "type": "text",
                                "text": "my project, post-data, would handle the url decoding for you, and handle file uploads and so on"
                            }
                        ]
                    }
                ]
            }
        ]
    },
    {
        "client_msg_id": "3432f60e-d97c-4ed4-abfa-ada2d22865c8",
        "type": "message",
        "text": "For me it didn't work. Therefore I had to use nAT.",
        "user": "UJHD6A81H",
        "ts": "1585407011.004900",
        "team": "TJH5YU202",
        "user_team": "TJH5YU202",
        "source_team": "TJH5YU202",
        "user_profile": {
            "avatar_hash": "g6b8073e00e9",
            "image_72": "https:\/\/secure.gravatar.com\/avatar\/b96b8073e00e9eb02bcf05bc1418eb3a.jpg?s=72&d=https%3A%2F%2Fa.slack-edge.com%2Fdf10d%2Fimg%2Favatars%2Fava_0021-72.png",
            "first_name": "Otto",
            "real_name": "Otto Atzwanger",
            "display_name": "Otto",
            "team": "TJH5YU202",
            "name": "otto",
            "is_restricted": false,
            "is_ultra_restricted": false
        },
        "blocks": [
            {
                "type": "rich_text",
                "block_id": "sVv",
                "elements": [
                    {
                        "type": "rich_text_section",
                        "elements": [
                            {
                                "type": "text",
                                "text": "For me it didn't work. Therefore I had to use nAT."
                            }
                        ]
                    }
                ]
            }
        ]
    },
    {
        "client_msg_id": "5f187b6e-788d-41ae-a872-5e94e7219bb2",
        "type": "message",
        "text": "With nAt it is working fine.",
        "user": "UJHD6A81H",
        "ts": "1585407097.005900",
        "team": "TJH5YU202",
        "user_team": "TJH5YU202",
        "source_team": "TJH5YU202",
        "user_profile": {
            "avatar_hash": "g6b8073e00e9",
            "image_72": "https:\/\/secure.gravatar.com\/avatar\/b96b8073e00e9eb02bcf05bc1418eb3a.jpg?s=72&d=https%3A%2F%2Fa.slack-edge.com%2Fdf10d%2Fimg%2Favatars%2Fava_0021-72.png",
            "first_name": "Otto",
            "real_name": "Otto Atzwanger",
            "display_name": "Otto",
            "team": "TJH5YU202",
            "name": "otto",
            "is_restricted": false,
            "is_ultra_restricted": false
        },
        "blocks": [
            {
                "type": "rich_text",
                "block_id": "8AA=",
                "elements": [
                    {
                        "type": "rich_text_section",
                        "elements": [
                            {
                                "type": "text",
                                "text": "With nAt it is working fine."
                            }
                        ]
                    }
                ]
            }
        ]
    },
    {
        "client_msg_id": "8c2818a1-2f5e-45c5-ab72-7cbceec890fd",
        "type": "message",
        "text": "I will test again with STRTRAN.",
        "user": "UJHD6A81H",
        "ts": "1585407108.006200",
        "team": "TJH5YU202",
        "user_team": "TJH5YU202",
        "source_team": "TJH5YU202",
        "user_profile": {
            "avatar_hash": "g6b8073e00e9",
            "image_72": "https:\/\/secure.gravatar.com\/avatar\/b96b8073e00e9eb02bcf05bc1418eb3a.jpg?s=72&d=https%3A%2F%2Fa.slack-edge.com%2Fdf10d%2Fimg%2Favatars%2Fava_0021-72.png",
            "first_name": "Otto",
            "real_name": "Otto Atzwanger",
            "display_name": "Otto",
            "team": "TJH5YU202",
            "name": "otto",
            "is_restricted": false,
            "is_ultra_restricted": false
        },
        "blocks": [
            {
                "type": "rich_text",
                "block_id": "HwC4",
                "elements": [
                    {
                        "type": "rich_text_section",
                        "elements": [
                            {
                                "type": "text",
                                "text": "I will test again with STRTRAN."
                            }
                        ]
                    }
                ]
            }
        ]
    },
    {
        "client_msg_id": "3bd177ac-63bf-4926-b26f-03613e507249",
        "type": "message",
        "text": "I am now installing simple encryption.\nThen we can use the modHarbour Chat very well for communication within the company.\nIt also works very well on the smartphone.\nAnd it is extremely fast.",
        "user": "UJHD6A81H",
        "ts": "1585417811.007700",
        "team": "TJH5YU202",
        "user_team": "TJH5YU202",
        "source_team": "TJH5YU202",
        "user_profile": {
            "avatar_hash": "g6b8073e00e9",
            "image_72": "https:\/\/secure.gravatar.com\/avatar\/b96b8073e00e9eb02bcf05bc1418eb3a.jpg?s=72&d=https%3A%2F%2Fa.slack-edge.com%2Fdf10d%2Fimg%2Favatars%2Fava_0021-72.png",
            "first_name": "Otto",
            "real_name": "Otto Atzwanger",
            "display_name": "Otto",
            "team": "TJH5YU202",
            "name": "otto",
            "is_restricted": false,
            "is_ultra_restricted": false
        },
        "blocks": [
            {
                "type": "rich_text",
                "block_id": "r+iP",
                "elements": [
                    {
                        "type": "rich_text_section",
                        "elements": [
                            {
                                "type": "text",
                                "text": "I am now installing simple encryption.\nThen we can use the modHarbour Chat very well for communication within the company.\nIt also works very well on the smartphone.\nAnd it is extremely fast."
                            }
                        ]
                    }
                ]
            }
        ]
    },
    {
        "type": "message",
        "text": "",
        "files": [
            {
                "id": "F010Z8FTAVB",
                "created": 1585417853,
                "timestamp": 1585417853,
                "name": "grafik.png",
                "title": "grafik.png",
                "mimetype": "image\/png",
                "filetype": "png",
                "pretty_type": "PNG",
                "user": "UJHD6A81H",
                "editable": false,
                "size": 47783,
                "mode": "hosted",
                "is_external": false,
                "external_type": "",
                "is_public": true,
                "public_url_shared": false,
                "display_as_bot": false,
                "username": "",
                "url_private": "https:\/\/files.slack.com\/files-pri\/TJH5YU202-F010Z8FTAVB\/grafik.png?t=xoxe-629202954002-1115206499825-1101204359349-48e7ea248bf98b7fac300966398406ac",
                "url_private_download": "https:\/\/files.slack.com\/files-pri\/TJH5YU202-F010Z8FTAVB\/download\/grafik.png?t=xoxe-629202954002-1115206499825-1101204359349-48e7ea248bf98b7fac300966398406ac",
                "thumb_64": "https:\/\/files.slack.com\/files-tmb\/TJH5YU202-F010Z8FTAVB-8590972451\/grafik_64.png?t=xoxe-629202954002-1115206499825-1101204359349-48e7ea248bf98b7fac300966398406ac",
                "thumb_80": "https:\/\/files.slack.com\/files-tmb\/TJH5YU202-F010Z8FTAVB-8590972451\/grafik_80.png?t=xoxe-629202954002-1115206499825-1101204359349-48e7ea248bf98b7fac300966398406ac",
                "thumb_360": "https:\/\/files.slack.com\/files-tmb\/TJH5YU202-F010Z8FTAVB-8590972451\/grafik_360.png?t=xoxe-629202954002-1115206499825-1101204359349-48e7ea248bf98b7fac300966398406ac",
                "thumb_360_w": 195,
                "thumb_360_h": 360,
                "thumb_480": "https:\/\/files.slack.com\/files-tmb\/TJH5YU202-F010Z8FTAVB-8590972451\/grafik_480.png?t=xoxe-629202954002-1115206499825-1101204359349-48e7ea248bf98b7fac300966398406ac",
                "thumb_480_w": 260,
                "thumb_480_h": 480,
                "thumb_160": "https:\/\/files.slack.com\/files-tmb\/TJH5YU202-F010Z8FTAVB-8590972451\/grafik_160.png?t=xoxe-629202954002-1115206499825-1101204359349-48e7ea248bf98b7fac300966398406ac",
                "thumb_720": "https:\/\/files.slack.com\/files-tmb\/TJH5YU202-F010Z8FTAVB-8590972451\/grafik_720.png?t=xoxe-629202954002-1115206499825-1101204359349-48e7ea248bf98b7fac300966398406ac",
                "thumb_720_w": 390,
                "thumb_720_h": 720,
                "thumb_800": "https:\/\/files.slack.com\/files-tmb\/TJH5YU202-F010Z8FTAVB-8590972451\/grafik_800.png?t=xoxe-629202954002-1115206499825-1101204359349-48e7ea248bf98b7fac300966398406ac",
                "thumb_800_w": 434,
                "thumb_800_h": 800,
                "thumb_960": "https:\/\/files.slack.com\/files-tmb\/TJH5YU202-F010Z8FTAVB-8590972451\/grafik_960.png?t=xoxe-629202954002-1115206499825-1101204359349-48e7ea248bf98b7fac300966398406ac",
                "thumb_960_w": 520,
                "thumb_960_h": 960,
                "image_exif_rotation": 1,
                "original_w": 540,
                "original_h": 996,
                "thumb_tiny": "AwAwABo+xXH98f8AfRp32O49V\/76NXQCoC56CnZ+lVzMrmZnmyuM\/eUf8CNJ9juP7w\/76rS\/z0pKOZhzMAwPI5BpwpgJ4yMH0zS7qkkdTT1o3CmFzk0AQmO5\/wCe6\/8AfNL5dz\/z3X\/vmq7X7\/wqv40n2+T+4v61dmWk2Wdl1\/z3X\/vmmlLjP+uX\/vmoP7Qk\/uJ+tH2+T+6tFmFmf\/\/Z",
                "permalink": "https:\/\/harbourproject.slack.com\/files\/UJHD6A81H\/F010Z8FTAVB\/grafik.png",
                "permalink_public": "https:\/\/slack-files.com\/TJH5YU202-F010Z8FTAVB-cb8312b04e",
                "is_starred": false,
                "has_rich_preview": false
            }
        ],
        "upload": true,
        "user": "UJHD6A81H",
        "display_as_bot": false,
        "ts": "1585417856.007800",
        "client_msg_id": "a250151f-9ad1-4551-9ef9-aea6966b079f"
    },
    {
        "type": "message",
        "text": "",
        "files": [
            {
                "id": "F010P93SJ4R",
                "created": 1585417906,
                "timestamp": 1585417906,
                "name": "grafik.png",
                "title": "grafik.png",
                "mimetype": "image\/png",
                "filetype": "png",
                "pretty_type": "PNG",
                "user": "UJHD6A81H",
                "editable": false,
                "size": 29936,
                "mode": "hosted",
                "is_external": false,
                "external_type": "",
                "is_public": true,
                "public_url_shared": false,
                "display_as_bot": false,
                "username": "",
                "url_private": "https:\/\/files.slack.com\/files-pri\/TJH5YU202-F010P93SJ4R\/grafik.png?t=xoxe-629202954002-1115206499825-1101204359349-48e7ea248bf98b7fac300966398406ac",
                "url_private_download": "https:\/\/files.slack.com\/files-pri\/TJH5YU202-F010P93SJ4R\/download\/grafik.png?t=xoxe-629202954002-1115206499825-1101204359349-48e7ea248bf98b7fac300966398406ac",
                "thumb_64": "https:\/\/files.slack.com\/files-tmb\/TJH5YU202-F010P93SJ4R-88524a18f2\/grafik_64.png?t=xoxe-629202954002-1115206499825-1101204359349-48e7ea248bf98b7fac300966398406ac",
                "thumb_80": "https:\/\/files.slack.com\/files-tmb\/TJH5YU202-F010P93SJ4R-88524a18f2\/grafik_80.png?t=xoxe-629202954002-1115206499825-1101204359349-48e7ea248bf98b7fac300966398406ac",
                "thumb_360": "https:\/\/files.slack.com\/files-tmb\/TJH5YU202-F010P93SJ4R-88524a18f2\/grafik_360.png?t=xoxe-629202954002-1115206499825-1101204359349-48e7ea248bf98b7fac300966398406ac",
                "thumb_360_w": 360,
                "thumb_360_h": 278,
                "thumb_480": "https:\/\/files.slack.com\/files-tmb\/TJH5YU202-F010P93SJ4R-88524a18f2\/grafik_480.png?t=xoxe-629202954002-1115206499825-1101204359349-48e7ea248bf98b7fac300966398406ac",
                "thumb_480_w": 480,
                "thumb_480_h": 371,
                "thumb_160": "https:\/\/files.slack.com\/files-tmb\/TJH5YU202-F010P93SJ4R-88524a18f2\/grafik_160.png?t=xoxe-629202954002-1115206499825-1101204359349-48e7ea248bf98b7fac300966398406ac",
                "image_exif_rotation": 1,
                "original_w": 664,
                "original_h": 513,
                "thumb_tiny": "AwAlADCl1Y5Pf1oPHc\/nSH73407OD1z9DQA3J9aMn1p5UE\/eH50p45zn8aAsR5PrT4SfOj5\/iFNbOc5pYf8AXx\/7woAT+L15pckc7SPxNJgknGetGHPHNACc9eeaXLdcmm0uT60AG5vU06H\/AF8f+8KZUkP+uj\/3h\/OgCybHk\/vP\/HaPsP8A01\/Srh6mkoAp\/Yf+mn\/jtH2H\/pp\/47VyigCn9h\/6af8AjtOjstsit5nQg9KtUo+8PrQB\/9k=",
                "permalink": "https:\/\/harbourproject.slack.com\/files\/UJHD6A81H\/F010P93SJ4R\/grafik.png",
                "permalink_public": "https:\/\/slack-files.com\/TJH5YU202-F010P93SJ4R-437e67c77a",
                "is_starred": false,
                "has_rich_preview": false
            }
        ],
        "upload": true,
        "user": "UJHD6A81H",
        "display_as_bot": false,
        "ts": "1585417909.008100",
        "client_msg_id": "6043c114-6cbb-4d88-808b-95a70e95e7b2"
    },
    {
        "client_msg_id": "ce0692e7-12e1-4188-a1c9-8493b1acd3c8",
        "type": "message",
        "text": "Why don't you use UTF-8",
        "user": "UNAHBRTFA",
        "ts": "1585418076.008600",
        "team": "TJH5YU202",
        "user_team": "TJH5YU202",
        "source_team": "TJH5YU202",
        "user_profile": {
            "avatar_hash": "g3d2a3f4c28c",
            "image_72": "https:\/\/secure.gravatar.com\/avatar\/23d2a3f4c28cebb4cf07e48d02620517.jpg?s=72&d=https%3A%2F%2Fa.slack-edge.com%2Fdf10d%2Fimg%2Favatars%2Fava_0020-72.png",
            "first_name": "Andreu",
            "real_name": "Andreu Botella",
            "display_name": "Andreu Botella",
            "team": "TJH5YU202",
            "name": "andreu.132",
            "is_restricted": false,
            "is_ultra_restricted": false
        },
        "blocks": [
            {
                "type": "rich_text",
                "block_id": "jrNr",
                "elements": [
                    {
                        "type": "rich_text_section",
                        "elements": [
                            {
                                "type": "text",
                                "text": "Why don't you use UTF-8"
                            }
                        ]
                    }
                ]
            }
        ]
    },
    {
        "client_msg_id": "f51e66a5-ceea-4624-ae5d-eebddc30d344",
        "type": "message",
        "text": "That way you don't have to worry about non-ascii characters",
        "user": "UNAHBRTFA",
        "ts": "1585418092.009100",
        "team": "TJH5YU202",
        "user_team": "TJH5YU202",
        "source_team": "TJH5YU202",
        "user_profile": {
            "avatar_hash": "g3d2a3f4c28c",
            "image_72": "https:\/\/secure.gravatar.com\/avatar\/23d2a3f4c28cebb4cf07e48d02620517.jpg?s=72&d=https%3A%2F%2Fa.slack-edge.com%2Fdf10d%2Fimg%2Favatars%2Fava_0020-72.png",
            "first_name": "Andreu",
            "real_name": "Andreu Botella",
            "display_name": "Andreu Botella",
            "team": "TJH5YU202",
            "name": "andreu.132",
            "is_restricted": false,
            "is_ultra_restricted": false
        },
        "blocks": [
            {
                "type": "rich_text",
                "block_id": "k6G",
                "elements": [
                    {
                        "type": "rich_text_section",
                        "elements": [
                            {
                                "type": "text",
                                "text": "That way you don't have to worry about non-ascii characters"
                            }
                        ]
                    }
                ]
            }
        ]
    },
    {
        "client_msg_id": "f534ffe8-9a19-4fd3-9f59-f6e29e647edc",
        "type": "message",
        "text": "as long as every chat message comes only from the chat app",
        "user": "UNAHBRTFA",
        "ts": "1585418107.009500",
        "team": "TJH5YU202",
        "user_team": "TJH5YU202",
        "source_team": "TJH5YU202",
        "user_profile": {
            "avatar_hash": "g3d2a3f4c28c",
            "image_72": "https:\/\/secure.gravatar.com\/avatar\/23d2a3f4c28cebb4cf07e48d02620517.jpg?s=72&d=https%3A%2F%2Fa.slack-edge.com%2Fdf10d%2Fimg%2Favatars%2Fava_0020-72.png",
            "first_name": "Andreu",
            "real_name": "Andreu Botella",
            "display_name": "Andreu Botella",
            "team": "TJH5YU202",
            "name": "andreu.132",
            "is_restricted": false,
            "is_ultra_restricted": false
        },
        "blocks": [
            {
                "type": "rich_text",
                "block_id": "ryRn",
                "elements": [
                    {
                        "type": "rich_text_section",
                        "elements": [
                            {
                                "type": "text",
                                "text": "as long as every chat message comes only from the chat app"
                            }
                        ]
                    }
                ]
            }
        ]
    },
    {
        "client_msg_id": "adc0c3f1-b812-463b-b81d-73bc1b71838b",
        "type": "message",
        "text": "we tried it Thursday with Antonio, I asked him to add `&lt;meta charset=\"UTF-8\"&gt;` and I tried typing something like ə¯¹₁₀₂₄",
        "user": "UNAHBRTFA",
        "ts": "1585418354.011300",
        "team": "TJH5YU202",
        "user_team": "TJH5YU202",
        "source_team": "TJH5YU202",
        "user_profile": {
            "avatar_hash": "g3d2a3f4c28c",
            "image_72": "https:\/\/secure.gravatar.com\/avatar\/23d2a3f4c28cebb4cf07e48d02620517.jpg?s=72&d=https%3A%2F%2Fa.slack-edge.com%2Fdf10d%2Fimg%2Favatars%2Fava_0020-72.png",
            "first_name": "Andreu",
            "real_name": "Andreu Botella",
            "display_name": "Andreu Botella",
            "team": "TJH5YU202",
            "name": "andreu.132",
            "is_restricted": false,
            "is_ultra_restricted": false
        },
        "blocks": [
            {
                "type": "rich_text",
                "block_id": "vZjx4",
                "elements": [
                    {
                        "type": "rich_text_section",
                        "elements": [
                            {
                                "type": "text",
                                "text": "we tried it Thursday with Antonio, I asked him to add "
                            },
                            {
                                "type": "text",
                                "text": "<meta charset=\"UTF-8\">",
                                "style": {
                                    "code": true
                                }
                            },
                            {
                                "type": "text",
                                "text": " and I tried typing something like ə¯¹₁₀₂₄"
                            }
                        ]
                    }
                ]
            }
        ]
    },
    {
        "client_msg_id": "4fff5edb-c5f7-4ba3-bd0d-5727dfdd4951",
        "type": "message",
        "text": "worked like a charm",
        "user": "UNAHBRTFA",
        "ts": "1585418437.013000",
        "team": "TJH5YU202",
        "user_team": "TJH5YU202",
        "source_team": "TJH5YU202",
        "user_profile": {
            "avatar_hash": "g3d2a3f4c28c",
            "image_72": "https:\/\/secure.gravatar.com\/avatar\/23d2a3f4c28cebb4cf07e48d02620517.jpg?s=72&d=https%3A%2F%2Fa.slack-edge.com%2Fdf10d%2Fimg%2Favatars%2Fava_0020-72.png",
            "first_name": "Andreu",
            "real_name": "Andreu Botella",
            "display_name": "Andreu Botella",
            "team": "TJH5YU202",
            "name": "andreu.132",
            "is_restricted": false,
            "is_ultra_restricted": false
        },
        "blocks": [
            {
                "type": "rich_text",
                "block_id": "Fs8",
                "elements": [
                    {
                        "type": "rich_text_section",
                        "elements": [
                            {
                                "type": "text",
                                "text": "worked like a charm"
                            }
                        ]
                    }
                ]
            }
        ]
    },
    {
        "client_msg_id": "d2a03adc-abe5-49ef-a621-af254b32d4f4",
        "type": "message",
        "text": "that's an IPA symbol, plus Unicode subscripts and superscripts, and even a non-number superscript",
        "user": "UNAHBRTFA",
        "ts": "1585418483.013500",
        "team": "TJH5YU202",
        "user_team": "TJH5YU202",
        "source_team": "TJH5YU202",
        "user_profile": {
            "avatar_hash": "g3d2a3f4c28c",
            "image_72": "https:\/\/secure.gravatar.com\/avatar\/23d2a3f4c28cebb4cf07e48d02620517.jpg?s=72&d=https%3A%2F%2Fa.slack-edge.com%2Fdf10d%2Fimg%2Favatars%2Fava_0020-72.png",
            "first_name": "Andreu",
            "real_name": "Andreu Botella",
            "display_name": "Andreu Botella",
            "team": "TJH5YU202",
            "name": "andreu.132",
            "is_restricted": false,
            "is_ultra_restricted": false
        },
        "blocks": [
            {
                "type": "rich_text",
                "block_id": "m2pID",
                "elements": [
                    {
                        "type": "rich_text_section",
                        "elements": [
                            {
                                "type": "text",
                                "text": "that's an IPA symbol, plus Unicode subscripts and superscripts, and even a non-number superscript"
                            }
                        ]
                    }
                ]
            }
        ]
    },
    {
        "client_msg_id": "e87324f0-fe18-470e-9154-539e4cd96e47",
        "type": "message",
        "text": "Only the name is convertUmlaute, But this function resolves the problem with CRLF - &gt; &lt;br&gt; as in my copy I can insert multiline.",
        "user": "UJHD6A81H",
        "ts": "1585418526.014200",
        "team": "TJH5YU202",
        "user_team": "TJH5YU202",
        "source_team": "TJH5YU202",
        "user_profile": {
            "avatar_hash": "g6b8073e00e9",
            "image_72": "https:\/\/secure.gravatar.com\/avatar\/b96b8073e00e9eb02bcf05bc1418eb3a.jpg?s=72&d=https%3A%2F%2Fa.slack-edge.com%2Fdf10d%2Fimg%2Favatars%2Fava_0021-72.png",
            "first_name": "Otto",
            "real_name": "Otto Atzwanger",
            "display_name": "Otto",
            "team": "TJH5YU202",
            "name": "otto",
            "is_restricted": false,
            "is_ultra_restricted": false
        },
        "blocks": [
            {
                "type": "rich_text",
                "block_id": "4K2w0",
                "elements": [
                    {
                        "type": "rich_text_section",
                        "elements": [
                            {
                                "type": "text",
                                "text": "Only the name is convertUmlaute, But this function resolves the problem with CRLF - > <br> as in my copy I can insert multiline."
                            }
                        ]
                    }
                ]
            }
        ]
    },
    {
        "client_msg_id": "7eddf7d3-2755-4f86-a925-5f41d69bd97b",
        "type": "message",
        "text": "I wouldn't recommend that, I'd rather have `white-space: pre-line`",
        "user": "UNAHBRTFA",
        "ts": "1585418652.014700",
        "team": "TJH5YU202",
        "user_team": "TJH5YU202",
        "source_team": "TJH5YU202",
        "user_profile": {
            "avatar_hash": "g3d2a3f4c28c",
            "image_72": "https:\/\/secure.gravatar.com\/avatar\/23d2a3f4c28cebb4cf07e48d02620517.jpg?s=72&d=https%3A%2F%2Fa.slack-edge.com%2Fdf10d%2Fimg%2Favatars%2Fava_0020-72.png",
            "first_name": "Andreu",
            "real_name": "Andreu Botella",
            "display_name": "Andreu Botella",
            "team": "TJH5YU202",
            "name": "andreu.132",
            "is_restricted": false,
            "is_ultra_restricted": false
        },
        "blocks": [
            {
                "type": "rich_text",
                "block_id": "sy3V",
                "elements": [
                    {
                        "type": "rich_text_section",
                        "elements": [
                            {
                                "type": "text",
                                "text": "I wouldn't recommend that, I'd rather have "
                            },
                            {
                                "type": "text",
                                "text": "white-space: pre-line",
                                "style": {
                                    "code": true
                                }
                            }
                        ]
                    }
                ]
            }
        ]
    },
    {
        "client_msg_id": "0b910a67-9865-40cb-86f0-1c87c0bae271",
        "type": "message",
        "text": "I don't think this is working. <https:\/\/jsfiddle.net\/api\/mdn\/>",
        "user": "UJHD6A81H",
        "ts": "1585432035.015000",
        "team": "TJH5YU202",
        "user_team": "TJH5YU202",
        "source_team": "TJH5YU202",
        "user_profile": {
            "avatar_hash": "g6b8073e00e9",
            "image_72": "https:\/\/secure.gravatar.com\/avatar\/b96b8073e00e9eb02bcf05bc1418eb3a.jpg?s=72&d=https%3A%2F%2Fa.slack-edge.com%2Fdf10d%2Fimg%2Favatars%2Fava_0021-72.png",
            "first_name": "Otto",
            "real_name": "Otto Atzwanger",
            "display_name": "Otto",
            "team": "TJH5YU202",
            "name": "otto",
            "is_restricted": false,
            "is_ultra_restricted": false
        },
        "blocks": [
            {
                "type": "rich_text",
                "block_id": "o3er",
                "elements": [
                    {
                        "type": "rich_text_section",
                        "elements": [
                            {
                                "type": "text",
                                "text": "I don't think this is working. "
                            },
                            {
                                "type": "link",
                                "url": "https:\/\/jsfiddle.net\/api\/mdn\/"
                            }
                        ]
                    }
                ]
            }
        ]
    },
    {
        "client_msg_id": "2cdb41a5-68b5-43aa-b7fd-521783e5d487",
        "type": "message",
        "text": "If you do not replace the text is saved like this.",
        "user": "UJHD6A81H",
        "ts": "1585432058.015500",
        "team": "TJH5YU202",
        "user_team": "TJH5YU202",
        "source_team": "TJH5YU202",
        "user_profile": {
            "avatar_hash": "g6b8073e00e9",
            "image_72": "https:\/\/secure.gravatar.com\/avatar\/b96b8073e00e9eb02bcf05bc1418eb3a.jpg?s=72&d=https%3A%2F%2Fa.slack-edge.com%2Fdf10d%2Fimg%2Favatars%2Fava_0021-72.png",
            "first_name": "Otto",
            "real_name": "Otto Atzwanger",
            "display_name": "Otto",
            "team": "TJH5YU202",
            "name": "otto",
            "is_restricted": false,
            "is_ultra_restricted": false
        },
        "blocks": [
            {
                "type": "rich_text",
                "block_id": "zWtz",
                "elements": [
                    {
                        "type": "rich_text_section",
                        "elements": [
                            {
                                "type": "text",
                                "text": "If you do not replace the text is saved like this."
                            }
                        ]
                    }
                ]
            }
        ]
    },
    {
        "client_msg_id": "3fe45411-fdf2-4439-88d2-f88706adf260",
        "type": "message",
        "text": "A%0D%0AB%0D%0AC",
        "user": "UJHD6A81H",
        "ts": "1585432078.015700",
        "team": "TJH5YU202",
        "user_team": "TJH5YU202",
        "source_team": "TJH5YU202",
        "user_profile": {
            "avatar_hash": "g6b8073e00e9",
            "image_72": "https:\/\/secure.gravatar.com\/avatar\/b96b8073e00e9eb02bcf05bc1418eb3a.jpg?s=72&d=https%3A%2F%2Fa.slack-edge.com%2Fdf10d%2Fimg%2Favatars%2Fava_0021-72.png",
            "first_name": "Otto",
            "real_name": "Otto Atzwanger",
            "display_name": "Otto",
            "team": "TJH5YU202",
            "name": "otto",
            "is_restricted": false,
            "is_ultra_restricted": false
        },
        "blocks": [
            {
                "type": "rich_text",
                "block_id": "o+B",
                "elements": [
                    {
                        "type": "rich_text_section",
                        "elements": [
                            {
                                "type": "text",
                                "text": "A%0D%0AB%0D%0AC"
                            }
                        ]
                    }
                ]
            }
        ]
    },
    {
        "client_msg_id": "f4a48571-6af3-43be-b2ae-149c3eb5dbbf",
        "type": "message",
        "text": "Please test with <http:\/\/jsfiddler.net|jsfiddler.net>. It is not working.",
        "user": "UJHD6A81H",
        "ts": "1585432099.016100",
        "team": "TJH5YU202",
        "user_team": "TJH5YU202",
        "source_team": "TJH5YU202",
        "user_profile": {
            "avatar_hash": "g6b8073e00e9",
            "image_72": "https:\/\/secure.gravatar.com\/avatar\/b96b8073e00e9eb02bcf05bc1418eb3a.jpg?s=72&d=https%3A%2F%2Fa.slack-edge.com%2Fdf10d%2Fimg%2Favatars%2Fava_0021-72.png",
            "first_name": "Otto",
            "real_name": "Otto Atzwanger",
            "display_name": "Otto",
            "team": "TJH5YU202",
            "name": "otto",
            "is_restricted": false,
            "is_ultra_restricted": false
        },
        "blocks": [
            {
                "type": "rich_text",
                "block_id": "oMyt",
                "elements": [
                    {
                        "type": "rich_text_section",
                        "elements": [
                            {
                                "type": "text",
                                "text": "Please test with "
                            },
                            {
                                "type": "link",
                                "url": "http:\/\/jsfiddler.net",
                                "text": "jsfiddler.net"
                            },
                            {
                                "type": "text",
                                "text": ". It is not working."
                            }
                        ]
                    }
                ]
            }
        ]
    },
    {
        "client_msg_id": "f796a0c3-9f5a-4183-b677-a975fb018cc3",
        "type": "message",
        "text": "I'm getting a 404",
        "user": "UNAHBRTFA",
        "ts": "1585432126.016300",
        "team": "TJH5YU202",
        "user_team": "TJH5YU202",
        "source_team": "TJH5YU202",
        "user_profile": {
            "avatar_hash": "g3d2a3f4c28c",
            "image_72": "https:\/\/secure.gravatar.com\/avatar\/23d2a3f4c28cebb4cf07e48d02620517.jpg?s=72&d=https%3A%2F%2Fa.slack-edge.com%2Fdf10d%2Fimg%2Favatars%2Fava_0020-72.png",
            "first_name": "Andreu",
            "real_name": "Andreu Botella",
            "display_name": "Andreu Botella",
            "team": "TJH5YU202",
            "name": "andreu.132",
            "is_restricted": false,
            "is_ultra_restricted": false
        },
        "blocks": [
            {
                "type": "rich_text",
                "block_id": "VuyQW",
                "elements": [
                    {
                        "type": "rich_text_section",
                        "elements": [
                            {
                                "type": "text",
                                "text": "I'm getting a 404"
                            }
                        ]
                    }
                ]
            }
        ]
    },
    {
        "client_msg_id": "d445fad6-63e8-48cb-9b44-3ca26acf1e5c",
        "type": "message",
        "text": "<https:\/\/developer.mozilla.org\/en-US\/docs\/Web\/CSS\/white-space>",
        "user": "UJHD6A81H",
        "ts": "1585432498.016500",
        "team": "TJH5YU202",
        "user_team": "TJH5YU202",
        "source_team": "TJH5YU202",
        "user_profile": {
            "avatar_hash": "g6b8073e00e9",
            "image_72": "https:\/\/secure.gravatar.com\/avatar\/b96b8073e00e9eb02bcf05bc1418eb3a.jpg?s=72&d=https%3A%2F%2Fa.slack-edge.com%2Fdf10d%2Fimg%2Favatars%2Fava_0021-72.png",
            "first_name": "Otto",
            "real_name": "Otto Atzwanger",
            "display_name": "Otto",
            "team": "TJH5YU202",
            "name": "otto",
            "is_restricted": false,
            "is_ultra_restricted": false
        },
        "attachments": [
            {
                "service_name": "MDN Web Docs",
                "title": "white-space",
                "title_link": "https:\/\/developer.mozilla.org\/en-US\/docs\/Web\/CSS\/white-space",
                "text": "The white-space CSS property sets how white space inside an element is handled.",
                "fallback": "MDN Web Docs: white-space",
                "thumb_url": "https:\/\/developer.mozilla.org\/static\/img\/opengraph-logo.72382e605ce3.png",
                "from_url": "https:\/\/developer.mozilla.org\/en-US\/docs\/Web\/CSS\/white-space",
                "thumb_width": 600,
                "thumb_height": 600,
                "service_icon": "https:\/\/developer.mozilla.org\/static\/img\/favicon144.e7e21ca263ca.png",
                "id": 1,
                "original_url": "https:\/\/developer.mozilla.org\/en-US\/docs\/Web\/CSS\/white-space"
            }
        ],
        "blocks": [
            {
                "type": "rich_text",
                "block_id": "Q0+",
                "elements": [
                    {
                        "type": "rich_text_section",
                        "elements": [
                            {
                                "type": "link",
                                "url": "https:\/\/developer.mozilla.org\/en-US\/docs\/Web\/CSS\/white-space"
                            }
                        ]
                    }
                ]
            }
        ]
    },
    {
        "client_msg_id": "9c4633ca-2755-48af-9cd4-57285f358c6a",
        "type": "message",
        "text": "then See in action",
        "user": "UJHD6A81H",
        "ts": "1585432530.016800",
        "team": "TJH5YU202",
        "user_team": "TJH5YU202",
        "source_team": "TJH5YU202",
        "user_profile": {
            "avatar_hash": "g6b8073e00e9",
            "image_72": "https:\/\/secure.gravatar.com\/avatar\/b96b8073e00e9eb02bcf05bc1418eb3a.jpg?s=72&d=https%3A%2F%2Fa.slack-edge.com%2Fdf10d%2Fimg%2Favatars%2Fava_0021-72.png",
            "first_name": "Otto",
            "real_name": "Otto Atzwanger",
            "display_name": "Otto",
            "team": "TJH5YU202",
            "name": "otto",
            "is_restricted": false,
            "is_ultra_restricted": false
        },
        "blocks": [
            {
                "type": "rich_text",
                "block_id": "J=kn",
                "elements": [
                    {
                        "type": "rich_text_section",
                        "elements": [
                            {
                                "type": "text",
                                "text": "then See in action"
                            }
                        ]
                    }
                ]
            }
        ]
    }
]