[
    {
        "client_msg_id": "13f8ddac-2dd8-4824-879e-652227b128c1",
        "type": "message",
        "text": "Now I copied Identify from GENESIS into form.prg from Lailton Fernando.",
        "user": "UJHD6A81H",
        "ts": "1585910074.022500",
        "team": "TJH5YU202",
        "user_team": "TJH5YU202",
        "source_team": "TJH5YU202",
        "user_profile": {
            "avatar_hash": "g6b8073e00e9",
            "image_72": "https:\/\/secure.gravatar.com\/avatar\/b96b8073e00e9eb02bcf05bc1418eb3a.jpg?s=72&d=https%3A%2F%2Fa.slack-edge.com%2Fdf10d%2Fimg%2Favatars%2Fava_0021-72.png",
            "first_name": "Otto",
            "real_name": "Otto Atzwanger",
            "display_name": "Otto",
            "team": "TJH5YU202",
            "name": "otto",
            "is_restricted": false,
            "is_ultra_restricted": false
        },
        "blocks": [
            {
                "type": "rich_text",
                "block_id": "jCWm",
                "elements": [
                    {
                        "type": "rich_text_section",
                        "elements": [
                            {
                                "type": "text",
                                "text": "Now I copied Identify from GENESIS into form.prg from Lailton Fernando."
                            }
                        ]
                    }
                ]
            }
        ]
    },
    {
        "client_msg_id": "2e6716d1-eb37-401e-b97a-9c126048d9d9",
        "type": "message",
        "text": "I try to use as much tested code from the mod harbor samples as possible.\nRefurbished is the new way to go!",
        "user": "UJHD6A81H",
        "ts": "1585910075.022700",
        "team": "TJH5YU202",
        "user_team": "TJH5YU202",
        "source_team": "TJH5YU202",
        "user_profile": {
            "avatar_hash": "g6b8073e00e9",
            "image_72": "https:\/\/secure.gravatar.com\/avatar\/b96b8073e00e9eb02bcf05bc1418eb3a.jpg?s=72&d=https%3A%2F%2Fa.slack-edge.com%2Fdf10d%2Fimg%2Favatars%2Fava_0021-72.png",
            "first_name": "Otto",
            "real_name": "Otto Atzwanger",
            "display_name": "Otto",
            "team": "TJH5YU202",
            "name": "otto",
            "is_restricted": false,
            "is_ultra_restricted": false
        },
        "blocks": [
            {
                "type": "rich_text",
                "block_id": "ENZb",
                "elements": [
                    {
                        "type": "rich_text_section",
                        "elements": [
                            {
                                "type": "text",
                                "text": "I try to use as much tested code from the mod harbor samples as possible.\nRefurbished is the new way to go!"
                            }
                        ]
                    }
                ]
            }
        ]
    },
    {
        "type": "message",
        "text": "",
        "files": [
            {
                "id": "F01110EU64A",
                "created": 1585910104,
                "timestamp": 1585910104,
                "name": "grafik.png",
                "title": "grafik.png",
                "mimetype": "image\/png",
                "filetype": "png",
                "pretty_type": "PNG",
                "user": "UJHD6A81H",
                "editable": false,
                "size": 77052,
                "mode": "hosted",
                "is_external": false,
                "external_type": "",
                "is_public": true,
                "public_url_shared": false,
                "display_as_bot": false,
                "username": "",
                "url_private": "https:\/\/files.slack.com\/files-pri\/TJH5YU202-F01110EU64A\/grafik.png?t=xoxe-629202954002-1115206499825-1101204359349-48e7ea248bf98b7fac300966398406ac",
                "url_private_download": "https:\/\/files.slack.com\/files-pri\/TJH5YU202-F01110EU64A\/download\/grafik.png?t=xoxe-629202954002-1115206499825-1101204359349-48e7ea248bf98b7fac300966398406ac",
                "thumb_64": "https:\/\/files.slack.com\/files-tmb\/TJH5YU202-F01110EU64A-c420080d34\/grafik_64.png?t=xoxe-629202954002-1115206499825-1101204359349-48e7ea248bf98b7fac300966398406ac",
                "thumb_80": "https:\/\/files.slack.com\/files-tmb\/TJH5YU202-F01110EU64A-c420080d34\/grafik_80.png?t=xoxe-629202954002-1115206499825-1101204359349-48e7ea248bf98b7fac300966398406ac",
                "thumb_360": "https:\/\/files.slack.com\/files-tmb\/TJH5YU202-F01110EU64A-c420080d34\/grafik_360.png?t=xoxe-629202954002-1115206499825-1101204359349-48e7ea248bf98b7fac300966398406ac",
                "thumb_360_w": 360,
                "thumb_360_h": 314,
                "thumb_480": "https:\/\/files.slack.com\/files-tmb\/TJH5YU202-F01110EU64A-c420080d34\/grafik_480.png?t=xoxe-629202954002-1115206499825-1101204359349-48e7ea248bf98b7fac300966398406ac",
                "thumb_480_w": 480,
                "thumb_480_h": 418,
                "thumb_160": "https:\/\/files.slack.com\/files-tmb\/TJH5YU202-F01110EU64A-c420080d34\/grafik_160.png?t=xoxe-629202954002-1115206499825-1101204359349-48e7ea248bf98b7fac300966398406ac",
                "thumb_720": "https:\/\/files.slack.com\/files-tmb\/TJH5YU202-F01110EU64A-c420080d34\/grafik_720.png?t=xoxe-629202954002-1115206499825-1101204359349-48e7ea248bf98b7fac300966398406ac",
                "thumb_720_w": 720,
                "thumb_720_h": 628,
                "thumb_800": "https:\/\/files.slack.com\/files-tmb\/TJH5YU202-F01110EU64A-c420080d34\/grafik_800.png?t=xoxe-629202954002-1115206499825-1101204359349-48e7ea248bf98b7fac300966398406ac",
                "thumb_800_w": 800,
                "thumb_800_h": 697,
                "thumb_960": "https:\/\/files.slack.com\/files-tmb\/TJH5YU202-F01110EU64A-c420080d34\/grafik_960.png?t=xoxe-629202954002-1115206499825-1101204359349-48e7ea248bf98b7fac300966398406ac",
                "thumb_960_w": 960,
                "thumb_960_h": 837,
                "thumb_1024": "https:\/\/files.slack.com\/files-tmb\/TJH5YU202-F01110EU64A-c420080d34\/grafik_1024.png?t=xoxe-629202954002-1115206499825-1101204359349-48e7ea248bf98b7fac300966398406ac",
                "thumb_1024_w": 1024,
                "thumb_1024_h": 893,
                "image_exif_rotation": 1,
                "original_w": 1263,
                "original_h": 1101,
                "thumb_tiny": "AwApADClxSUo+lJz6UAFGT6mkooAXJ9TTkY715PUUynJ99fqKAAenFGPb9aQdaCc96ADHt+tJS0UAJTk++v1FJSp99fqKAEpKumkoAp0VcooAp0qffX6irdKv3h9aAP\/2Q==",
                "permalink": "https:\/\/harbourproject.slack.com\/files\/UJHD6A81H\/F01110EU64A\/grafik.png",
                "permalink_public": "https:\/\/slack-files.com\/TJH5YU202-F01110EU64A-70a4884d9a",
                "is_starred": false,
                "has_rich_preview": false
            }
        ],
        "upload": true,
        "user": "UJHD6A81H",
        "display_as_bot": false,
        "ts": "1585910108.022800",
        "client_msg_id": "57eb3354-e9f1-4270-ae57-85bef4840745"
    },
    {
        "client_msg_id": "2afb8f5c-5c7d-41e6-a056-45324a536932",
        "type": "message",
        "text": "function Identify( _cUserName, _cPassword )\n\n        local lFound\n     \n        logging(   _cUserName    + \"  \/   \"  +  _cPassword  )\n        USE ( hb_GetEnv( \"PRGPATH\" ) + \"\/data\/users\" ) SHARED\n     \n        LOCATE FOR ( field-&gt;email = hb_UrlDecode( _cUserName ) .or. field-&gt;phone = _cUserName ) .and. ;\n                     field-&gt;passmd5 = hb_Md5( _cPassword )\n        \n        lFound = Found()\n        \n        if lFound\n           cUserName = field-&gt;first\n        endif   \n     \n        USE\n     \n     return lFound\n     \n     \/\/----------------------------------------------------------------------------\/\/",
        "user": "UJHD6A81H",
        "ts": "1585910146.023200",
        "team": "TJH5YU202",
        "user_team": "TJH5YU202",
        "source_team": "TJH5YU202",
        "user_profile": {
            "avatar_hash": "g6b8073e00e9",
            "image_72": "https:\/\/secure.gravatar.com\/avatar\/b96b8073e00e9eb02bcf05bc1418eb3a.jpg?s=72&d=https%3A%2F%2Fa.slack-edge.com%2Fdf10d%2Fimg%2Favatars%2Fava_0021-72.png",
            "first_name": "Otto",
            "real_name": "Otto Atzwanger",
            "display_name": "Otto",
            "team": "TJH5YU202",
            "name": "otto",
            "is_restricted": false,
            "is_ultra_restricted": false
        },
        "blocks": [
            {
                "type": "rich_text",
                "block_id": "sPTaF",
                "elements": [
                    {
                        "type": "rich_text_section",
                        "elements": [
                            {
                                "type": "text",
                                "text": "function Identify( _cUserName, _cPassword )\n\n        local lFound\n     \n        logging(   _cUserName    + \"  \/   \"  +  _cPassword  )\n        USE ( hb_GetEnv( \"PRGPATH\" ) + \"\/data\/users\" ) SHARED\n     \n        LOCATE FOR ( field->email = hb_UrlDecode( _cUserName ) .or. field->phone = _cUserName ) .and. ;\n                     field->passmd5 = hb_Md5( _cPassword )\n        \n        lFound = Found()\n        \n        if lFound\n           cUserName = field->first\n        endif   \n     \n        USE\n     \n     return lFound\n     \n     \/\/----------------------------------------------------------------------------\/\/"
                            }
                        ]
                    }
                ]
            }
        ]
    },
    {
        "client_msg_id": "4cfd0b9a-1e07-4813-b6f5-acec2115b1bf",
        "type": "message",
        "text": "Now I am working on the admin console.",
        "user": "UJHD6A81H",
        "ts": "1585918995.023700",
        "team": "TJH5YU202",
        "user_team": "TJH5YU202",
        "source_team": "TJH5YU202",
        "user_profile": {
            "avatar_hash": "g6b8073e00e9",
            "image_72": "https:\/\/secure.gravatar.com\/avatar\/b96b8073e00e9eb02bcf05bc1418eb3a.jpg?s=72&d=https%3A%2F%2Fa.slack-edge.com%2Fdf10d%2Fimg%2Favatars%2Fava_0021-72.png",
            "first_name": "Otto",
            "real_name": "Otto Atzwanger",
            "display_name": "Otto",
            "team": "TJH5YU202",
            "name": "otto",
            "is_restricted": false,
            "is_ultra_restricted": false
        },
        "blocks": [
            {
                "type": "rich_text",
                "block_id": "0inG",
                "elements": [
                    {
                        "type": "rich_text_section",
                        "elements": [
                            {
                                "type": "text",
                                "text": "Now I am working on the admin console."
                            }
                        ]
                    }
                ]
            }
        ]
    },
    {
        "type": "message",
        "text": "",
        "files": [
            {
                "id": "F011BLF5J85",
                "created": 1585919007,
                "timestamp": 1585919007,
                "name": "grafik.png",
                "title": "grafik.png",
                "mimetype": "image\/png",
                "filetype": "png",
                "pretty_type": "PNG",
                "user": "UJHD6A81H",
                "editable": false,
                "size": 24508,
                "mode": "hosted",
                "is_external": false,
                "external_type": "",
                "is_public": true,
                "public_url_shared": false,
                "display_as_bot": false,
                "username": "",
                "url_private": "https:\/\/files.slack.com\/files-pri\/TJH5YU202-F011BLF5J85\/grafik.png?t=xoxe-629202954002-1115206499825-1101204359349-48e7ea248bf98b7fac300966398406ac",
                "url_private_download": "https:\/\/files.slack.com\/files-pri\/TJH5YU202-F011BLF5J85\/download\/grafik.png?t=xoxe-629202954002-1115206499825-1101204359349-48e7ea248bf98b7fac300966398406ac",
                "thumb_64": "https:\/\/files.slack.com\/files-tmb\/TJH5YU202-F011BLF5J85-6bab547a15\/grafik_64.png?t=xoxe-629202954002-1115206499825-1101204359349-48e7ea248bf98b7fac300966398406ac",
                "thumb_80": "https:\/\/files.slack.com\/files-tmb\/TJH5YU202-F011BLF5J85-6bab547a15\/grafik_80.png?t=xoxe-629202954002-1115206499825-1101204359349-48e7ea248bf98b7fac300966398406ac",
                "thumb_360": "https:\/\/files.slack.com\/files-tmb\/TJH5YU202-F011BLF5J85-6bab547a15\/grafik_360.png?t=xoxe-629202954002-1115206499825-1101204359349-48e7ea248bf98b7fac300966398406ac",
                "thumb_360_w": 307,
                "thumb_360_h": 360,
                "thumb_480": "https:\/\/files.slack.com\/files-tmb\/TJH5YU202-F011BLF5J85-6bab547a15\/grafik_480.png?t=xoxe-629202954002-1115206499825-1101204359349-48e7ea248bf98b7fac300966398406ac",
                "thumb_480_w": 410,
                "thumb_480_h": 480,
                "thumb_160": "https:\/\/files.slack.com\/files-tmb\/TJH5YU202-F011BLF5J85-6bab547a15\/grafik_160.png?t=xoxe-629202954002-1115206499825-1101204359349-48e7ea248bf98b7fac300966398406ac",
                "thumb_720": "https:\/\/files.slack.com\/files-tmb\/TJH5YU202-F011BLF5J85-6bab547a15\/grafik_720.png?t=xoxe-629202954002-1115206499825-1101204359349-48e7ea248bf98b7fac300966398406ac",
                "thumb_720_w": 615,
                "thumb_720_h": 720,
                "thumb_800": "https:\/\/files.slack.com\/files-tmb\/TJH5YU202-F011BLF5J85-6bab547a15\/grafik_800.png?t=xoxe-629202954002-1115206499825-1101204359349-48e7ea248bf98b7fac300966398406ac",
                "thumb_800_w": 683,
                "thumb_800_h": 800,
                "image_exif_rotation": 1,
                "original_w": 723,
                "original_h": 847,
                "thumb_tiny": "AwAwACjR2j\/a\/Ojbzn5vzpFwDwpFOzQAm3\/e\/Ojb\/vfnTs0ZoAaFwR97j3p1GaM0AN5\/vj8qdkU0DB4TH407FABRRijFABRRijFADBjP38+2adikBbPIApeaAF5o5ozRmgA5o5ozRmgD\/9k=",
                "permalink": "https:\/\/harbourproject.slack.com\/files\/UJHD6A81H\/F011BLF5J85\/grafik.png",
                "permalink_public": "https:\/\/slack-files.com\/TJH5YU202-F011BLF5J85-2ad505ee1a",
                "is_starred": false,
                "has_rich_preview": false
            }
        ],
        "upload": true,
        "user": "UJHD6A81H",
        "display_as_bot": false,
        "ts": "1585919011.023800",
        "client_msg_id": "523d865e-afb5-4bb1-a4a7-b2297f08e1ba"
    }
]