[
    {
        "client_msg_id": "c076b8e6-88c1-46a2-afd3-42171e46e875",
        "type": "message",
        "text": "Part 3 - video chat software directory\/hash   <https:\/\/mybergland.com\/fwforum\/managerchat3.mp4>",
        "user": "UJHD6A81H",
        "ts": "1586207164.026200",
        "team": "TJH5YU202",
        "user_team": "TJH5YU202",
        "source_team": "TJH5YU202",
        "user_profile": {
            "avatar_hash": "g6b8073e00e9",
            "image_72": "https:\/\/secure.gravatar.com\/avatar\/b96b8073e00e9eb02bcf05bc1418eb3a.jpg?s=72&d=https%3A%2F%2Fa.slack-edge.com%2Fdf10d%2Fimg%2Favatars%2Fava_0021-72.png",
            "first_name": "Otto",
            "real_name": "Otto Atzwanger",
            "display_name": "Otto",
            "team": "TJH5YU202",
            "name": "otto",
            "is_restricted": false,
            "is_ultra_restricted": false
        },
        "blocks": [
            {
                "type": "rich_text",
                "block_id": "H4SN",
                "elements": [
                    {
                        "type": "rich_text_section",
                        "elements": [
                            {
                                "type": "text",
                                "text": "Part 3 - video chat software directory\/hash   "
                            },
                            {
                                "type": "link",
                                "url": "https:\/\/mybergland.com\/fwforum\/managerchat3.mp4"
                            }
                        ]
                    }
                ]
            }
        ]
    }
]