[
    {
        "client_msg_id": "ec0a9baa-766d-4e54-ad88-5f59d8cf4d36",
        "type": "message",
        "text": "<https:\/\/mybergland.com\/fwforum\/part1.mp4|next video Part 1: HTML -> mod harbour&gt;   <https:\/\/mybergland.com\/fwforum\/part1.mp4>",
        "user": "UJHD6A81H",
        "ts": "1586079934.025000",
        "team": "TJH5YU202",
        "user_team": "TJH5YU202",
        "source_team": "TJH5YU202",
        "user_profile": {
            "avatar_hash": "g6b8073e00e9",
            "image_72": "https:\/\/secure.gravatar.com\/avatar\/b96b8073e00e9eb02bcf05bc1418eb3a.jpg?s=72&d=https%3A%2F%2Fa.slack-edge.com%2Fdf10d%2Fimg%2Favatars%2Fava_0021-72.png",
            "first_name": "Otto",
            "real_name": "Otto Atzwanger",
            "display_name": "Otto",
            "team": "TJH5YU202",
            "name": "otto",
            "is_restricted": false,
            "is_ultra_restricted": false
        },
        "edited": {
            "user": "UJHD6A81H",
            "ts": "1586079956.000000"
        },
        "blocks": [
            {
                "type": "rich_text",
                "block_id": "PpTrV",
                "elements": [
                    {
                        "type": "rich_text_section",
                        "elements": [
                            {
                                "type": "link",
                                "url": "https:\/\/mybergland.com\/fwforum\/part1.mp4",
                                "text": "next video Part 1: HTML -> mod harbour"
                            },
                            {
                                "type": "text",
                                "text": "   "
                            },
                            {
                                "type": "link",
                                "url": "https:\/\/mybergland.com\/fwforum\/part1.mp4"
                            }
                        ]
                    }
                ]
            }
        ],
        "reactions": [
            {
                "name": "clap",
                "users": [
                    "UJUJLTWMT"
                ],
                "count": 1
            }
        ]
    }
]