[
    {
        "client_msg_id": "8a5c4ec8-8dc2-479b-9d87-6ecd405efa98",
        "type": "message",
        "text": "Good morning",
        "user": "UJHD6A81H",
        "ts": "1584778607.009700",
        "team": "TJH5YU202",
        "user_team": "TJH5YU202",
        "source_team": "TJH5YU202",
        "user_profile": {
            "avatar_hash": "g6b8073e00e9",
            "image_72": "https:\/\/secure.gravatar.com\/avatar\/b96b8073e00e9eb02bcf05bc1418eb3a.jpg?s=72&d=https%3A%2F%2Fa.slack-edge.com%2Fdf10d%2Fimg%2Favatars%2Fava_0021-72.png",
            "first_name": "Otto",
            "real_name": "Otto Atzwanger",
            "display_name": "Otto",
            "team": "TJH5YU202",
            "name": "otto",
            "is_restricted": false,
            "is_ultra_restricted": false
        },
        "blocks": [
            {
                "type": "rich_text",
                "block_id": "i6a",
                "elements": [
                    {
                        "type": "rich_text_section",
                        "elements": [
                            {
                                "type": "text",
                                "text": "Good morning"
                            }
                        ]
                    }
                ]
            }
        ]
    },
    {
        "client_msg_id": "71e425ce-3638-480c-9c00-8b42c035f064",
        "type": "message",
        "text": "I have made a program to extract the lines including .js and .css from a source code.",
        "user": "UJHD6A81H",
        "ts": "1584778674.010500",
        "team": "TJH5YU202",
        "user_team": "TJH5YU202",
        "source_team": "TJH5YU202",
        "user_profile": {
            "avatar_hash": "g6b8073e00e9",
            "image_72": "https:\/\/secure.gravatar.com\/avatar\/b96b8073e00e9eb02bcf05bc1418eb3a.jpg?s=72&d=https%3A%2F%2Fa.slack-edge.com%2Fdf10d%2Fimg%2Favatars%2Fava_0021-72.png",
            "first_name": "Otto",
            "real_name": "Otto Atzwanger",
            "display_name": "Otto",
            "team": "TJH5YU202",
            "name": "otto",
            "is_restricted": false,
            "is_ultra_restricted": false
        },
        "blocks": [
            {
                "type": "rich_text",
                "block_id": "Nczn",
                "elements": [
                    {
                        "type": "rich_text_section",
                        "elements": [
                            {
                                "type": "text",
                                "text": "I have made a program to extract the lines including .js and .css from a source code."
                            }
                        ]
                    }
                ]
            }
        ]
    },
    {
        "type": "message",
        "text": "",
        "files": [
            {
                "id": "F010GJBH5B2",
                "created": 1584778730,
                "timestamp": 1584778730,
                "name": "grafik.png",
                "title": "grafik.png",
                "mimetype": "image\/png",
                "filetype": "png",
                "pretty_type": "PNG",
                "user": "UJHD6A81H",
                "editable": false,
                "size": 60836,
                "mode": "hosted",
                "is_external": false,
                "external_type": "",
                "is_public": true,
                "public_url_shared": false,
                "display_as_bot": false,
                "username": "",
                "url_private": "https:\/\/files.slack.com\/files-pri\/TJH5YU202-F010GJBH5B2\/grafik.png?t=xoxe-629202954002-1115206499825-1101204359349-48e7ea248bf98b7fac300966398406ac",
                "url_private_download": "https:\/\/files.slack.com\/files-pri\/TJH5YU202-F010GJBH5B2\/download\/grafik.png?t=xoxe-629202954002-1115206499825-1101204359349-48e7ea248bf98b7fac300966398406ac",
                "thumb_64": "https:\/\/files.slack.com\/files-tmb\/TJH5YU202-F010GJBH5B2-977e305433\/grafik_64.png?t=xoxe-629202954002-1115206499825-1101204359349-48e7ea248bf98b7fac300966398406ac",
                "thumb_80": "https:\/\/files.slack.com\/files-tmb\/TJH5YU202-F010GJBH5B2-977e305433\/grafik_80.png?t=xoxe-629202954002-1115206499825-1101204359349-48e7ea248bf98b7fac300966398406ac",
                "thumb_360": "https:\/\/files.slack.com\/files-tmb\/TJH5YU202-F010GJBH5B2-977e305433\/grafik_360.png?t=xoxe-629202954002-1115206499825-1101204359349-48e7ea248bf98b7fac300966398406ac",
                "thumb_360_w": 360,
                "thumb_360_h": 260,
                "thumb_480": "https:\/\/files.slack.com\/files-tmb\/TJH5YU202-F010GJBH5B2-977e305433\/grafik_480.png?t=xoxe-629202954002-1115206499825-1101204359349-48e7ea248bf98b7fac300966398406ac",
                "thumb_480_w": 480,
                "thumb_480_h": 346,
                "thumb_160": "https:\/\/files.slack.com\/files-tmb\/TJH5YU202-F010GJBH5B2-977e305433\/grafik_160.png?t=xoxe-629202954002-1115206499825-1101204359349-48e7ea248bf98b7fac300966398406ac",
                "thumb_720": "https:\/\/files.slack.com\/files-tmb\/TJH5YU202-F010GJBH5B2-977e305433\/grafik_720.png?t=xoxe-629202954002-1115206499825-1101204359349-48e7ea248bf98b7fac300966398406ac",
                "thumb_720_w": 720,
                "thumb_720_h": 519,
                "thumb_800": "https:\/\/files.slack.com\/files-tmb\/TJH5YU202-F010GJBH5B2-977e305433\/grafik_800.png?t=xoxe-629202954002-1115206499825-1101204359349-48e7ea248bf98b7fac300966398406ac",
                "thumb_800_w": 800,
                "thumb_800_h": 577,
                "thumb_960": "https:\/\/files.slack.com\/files-tmb\/TJH5YU202-F010GJBH5B2-977e305433\/grafik_960.png?t=xoxe-629202954002-1115206499825-1101204359349-48e7ea248bf98b7fac300966398406ac",
                "thumb_960_w": 960,
                "thumb_960_h": 692,
                "image_exif_rotation": 1,
                "original_w": 993,
                "original_h": 716,
                "thumb_tiny": "AwAiADC6UH92kwv92pf4aYadxWQmE\/550YT\/AJ50UoouFkIAh\/gpTGuP9XT16Up6Gi4WQn8NMp\/8NNYAGkMSlUZ70gp4we36UAAUj+Kgjg85pelB+6aAISTnrSZpT1pKAFpcn1NNp1ABk+poyfWiigD\/2Q==",
                "permalink": "https:\/\/harbourproject.slack.com\/files\/UJHD6A81H\/F010GJBH5B2\/grafik.png",
                "permalink_public": "https:\/\/slack-files.com\/TJH5YU202-F010GJBH5B2-d39fffce33",
                "is_starred": false,
                "has_rich_preview": false
            }
        ],
        "upload": true,
        "user": "UJHD6A81H",
        "display_as_bot": false,
        "ts": "1584778737.010600",
        "client_msg_id": "0ce793e4-4cae-45fd-a24c-6d2f58f3681b"
    },
    {
        "client_msg_id": "c764d67e-e6c0-42d7-afc2-a6884554d8af",
        "type": "message",
        "text": "Send me a msg if you want the code.",
        "user": "UJHD6A81H",
        "ts": "1584778775.011200",
        "team": "TJH5YU202",
        "user_team": "TJH5YU202",
        "source_team": "TJH5YU202",
        "user_profile": {
            "avatar_hash": "g6b8073e00e9",
            "image_72": "https:\/\/secure.gravatar.com\/avatar\/b96b8073e00e9eb02bcf05bc1418eb3a.jpg?s=72&d=https%3A%2F%2Fa.slack-edge.com%2Fdf10d%2Fimg%2Favatars%2Fava_0021-72.png",
            "first_name": "Otto",
            "real_name": "Otto Atzwanger",
            "display_name": "Otto",
            "team": "TJH5YU202",
            "name": "otto",
            "is_restricted": false,
            "is_ultra_restricted": false
        },
        "blocks": [
            {
                "type": "rich_text",
                "block_id": "vtG",
                "elements": [
                    {
                        "type": "rich_text_section",
                        "elements": [
                            {
                                "type": "text",
                                "text": "Send me a msg if you want the code."
                            }
                        ]
                    }
                ]
            }
        ]
    },
    {
        "client_msg_id": "dae967d3-c295-4feb-b43c-abfe0ea4abc7",
        "type": "message",
        "text": "I extended the program to show the extracted filename, too.\nI think a helpful tool that makes it easy to handle the different file versions and to check your source.",
        "user": "UJHD6A81H",
        "ts": "1584782018.012000",
        "team": "TJH5YU202",
        "user_team": "TJH5YU202",
        "source_team": "TJH5YU202",
        "user_profile": {
            "avatar_hash": "g6b8073e00e9",
            "image_72": "https:\/\/secure.gravatar.com\/avatar\/b96b8073e00e9eb02bcf05bc1418eb3a.jpg?s=72&d=https%3A%2F%2Fa.slack-edge.com%2Fdf10d%2Fimg%2Favatars%2Fava_0021-72.png",
            "first_name": "Otto",
            "real_name": "Otto Atzwanger",
            "display_name": "Otto",
            "team": "TJH5YU202",
            "name": "otto",
            "is_restricted": false,
            "is_ultra_restricted": false
        },
        "blocks": [
            {
                "type": "rich_text",
                "block_id": "85m",
                "elements": [
                    {
                        "type": "rich_text_section",
                        "elements": [
                            {
                                "type": "text",
                                "text": "I extended the program to show the extracted filename, too.\nI think a helpful tool that makes it easy to handle the different file versions and to check your source."
                            }
                        ]
                    }
                ]
            }
        ]
    },
    {
        "type": "message",
        "text": "",
        "files": [
            {
                "id": "F0106HAEC73",
                "created": 1584782034,
                "timestamp": 1584782034,
                "name": "grafik.png",
                "title": "grafik.png",
                "mimetype": "image\/png",
                "filetype": "png",
                "pretty_type": "PNG",
                "user": "UJHD6A81H",
                "editable": false,
                "size": 35705,
                "mode": "hosted",
                "is_external": false,
                "external_type": "",
                "is_public": true,
                "public_url_shared": false,
                "display_as_bot": false,
                "username": "",
                "url_private": "https:\/\/files.slack.com\/files-pri\/TJH5YU202-F0106HAEC73\/grafik.png?t=xoxe-629202954002-1115206499825-1101204359349-48e7ea248bf98b7fac300966398406ac",
                "url_private_download": "https:\/\/files.slack.com\/files-pri\/TJH5YU202-F0106HAEC73\/download\/grafik.png?t=xoxe-629202954002-1115206499825-1101204359349-48e7ea248bf98b7fac300966398406ac",
                "thumb_64": "https:\/\/files.slack.com\/files-tmb\/TJH5YU202-F0106HAEC73-dfb6b30180\/grafik_64.png?t=xoxe-629202954002-1115206499825-1101204359349-48e7ea248bf98b7fac300966398406ac",
                "thumb_80": "https:\/\/files.slack.com\/files-tmb\/TJH5YU202-F0106HAEC73-dfb6b30180\/grafik_80.png?t=xoxe-629202954002-1115206499825-1101204359349-48e7ea248bf98b7fac300966398406ac",
                "thumb_360": "https:\/\/files.slack.com\/files-tmb\/TJH5YU202-F0106HAEC73-dfb6b30180\/grafik_360.png?t=xoxe-629202954002-1115206499825-1101204359349-48e7ea248bf98b7fac300966398406ac",
                "thumb_360_w": 360,
                "thumb_360_h": 85,
                "thumb_480": "https:\/\/files.slack.com\/files-tmb\/TJH5YU202-F0106HAEC73-dfb6b30180\/grafik_480.png?t=xoxe-629202954002-1115206499825-1101204359349-48e7ea248bf98b7fac300966398406ac",
                "thumb_480_w": 480,
                "thumb_480_h": 114,
                "thumb_160": "https:\/\/files.slack.com\/files-tmb\/TJH5YU202-F0106HAEC73-dfb6b30180\/grafik_160.png?t=xoxe-629202954002-1115206499825-1101204359349-48e7ea248bf98b7fac300966398406ac",
                "thumb_720": "https:\/\/files.slack.com\/files-tmb\/TJH5YU202-F0106HAEC73-dfb6b30180\/grafik_720.png?t=xoxe-629202954002-1115206499825-1101204359349-48e7ea248bf98b7fac300966398406ac",
                "thumb_720_w": 720,
                "thumb_720_h": 171,
                "thumb_800": "https:\/\/files.slack.com\/files-tmb\/TJH5YU202-F0106HAEC73-dfb6b30180\/grafik_800.png?t=xoxe-629202954002-1115206499825-1101204359349-48e7ea248bf98b7fac300966398406ac",
                "thumb_800_w": 800,
                "thumb_800_h": 190,
                "thumb_960": "https:\/\/files.slack.com\/files-tmb\/TJH5YU202-F0106HAEC73-dfb6b30180\/grafik_960.png?t=xoxe-629202954002-1115206499825-1101204359349-48e7ea248bf98b7fac300966398406ac",
                "thumb_960_w": 960,
                "thumb_960_h": 228,
                "thumb_1024": "https:\/\/files.slack.com\/files-tmb\/TJH5YU202-F0106HAEC73-dfb6b30180\/grafik_1024.png?t=xoxe-629202954002-1115206499825-1101204359349-48e7ea248bf98b7fac300966398406ac",
                "thumb_1024_w": 1024,
                "thumb_1024_h": 243,
                "image_exif_rotation": 1,
                "original_w": 1415,
                "original_h": 336,
                "thumb_tiny": "AwALADC\/sXGcChQp7D8qTPy0L07flTFYVgo\/hX8qb8v91fyobr2ptILDwFP8K0rouw8Dp6U1TzSsflNAWP\/Z",
                "permalink": "https:\/\/harbourproject.slack.com\/files\/UJHD6A81H\/F0106HAEC73\/grafik.png",
                "permalink_public": "https:\/\/slack-files.com\/TJH5YU202-F0106HAEC73-5c8d15b87a",
                "is_starred": false,
                "has_rich_preview": false
            }
        ],
        "upload": true,
        "user": "UJHD6A81H",
        "display_as_bot": false,
        "ts": "1584782040.012100",
        "client_msg_id": "40bcf01f-b910-43e9-844f-8a21ff4f3992"
    },
    {
        "client_msg_id": "38a81d97-7d8e-4851-b3ba-9989ceb94929",
        "type": "message",
        "text": "Very good Otto, send me, please",
        "user": "UJUJLTWMT",
        "ts": "1584785392.012700",
        "team": "TJH5YU202",
        "user_team": "TJH5YU202",
        "source_team": "TJH5YU202",
        "user_profile": {
            "avatar_hash": "a60e3b1ef2d2",
            "image_72": "https:\/\/avatars.slack-edge.com\/2019-08-20\/726246109489_a60e3b1ef2d2c141969d_72.jpg",
            "first_name": "",
            "real_name": "Cristobal",
            "display_name": "Cristobal",
            "team": "TJH5YU202",
            "name": "navarro.cristobal",
            "is_restricted": false,
            "is_ultra_restricted": false
        },
        "blocks": [
            {
                "type": "rich_text",
                "block_id": "4bNtK",
                "elements": [
                    {
                        "type": "rich_text_section",
                        "elements": [
                            {
                                "type": "text",
                                "text": "Very good Otto, send me, please"
                            }
                        ]
                    }
                ]
            }
        ]
    },
    {
        "client_msg_id": "c6bc2e03-71da-4a89-8341-9d1deb955e82",
        "type": "message",
        "text": "I have sent you.",
        "user": "UJHD6A81H",
        "ts": "1584805416.012900",
        "team": "TJH5YU202",
        "user_team": "TJH5YU202",
        "source_team": "TJH5YU202",
        "user_profile": {
            "avatar_hash": "g6b8073e00e9",
            "image_72": "https:\/\/secure.gravatar.com\/avatar\/b96b8073e00e9eb02bcf05bc1418eb3a.jpg?s=72&d=https%3A%2F%2Fa.slack-edge.com%2Fdf10d%2Fimg%2Favatars%2Fava_0021-72.png",
            "first_name": "Otto",
            "real_name": "Otto Atzwanger",
            "display_name": "Otto",
            "team": "TJH5YU202",
            "name": "otto",
            "is_restricted": false,
            "is_ultra_restricted": false
        },
        "blocks": [
            {
                "type": "rich_text",
                "block_id": "39di",
                "elements": [
                    {
                        "type": "rich_text_section",
                        "elements": [
                            {
                                "type": "text",
                                "text": "I have sent you."
                            }
                        ]
                    }
                ]
            }
        ]
    },
    {
        "type": "message",
        "text": "",
        "files": [
            {
                "id": "F0105CTTM5H",
                "created": 1584806082,
                "timestamp": 1584806082,
                "name": "grafik.png",
                "title": "grafik.png",
                "mimetype": "image\/png",
                "filetype": "png",
                "pretty_type": "PNG",
                "user": "UJHD6A81H",
                "editable": false,
                "size": 74540,
                "mode": "hosted",
                "is_external": false,
                "external_type": "",
                "is_public": true,
                "public_url_shared": false,
                "display_as_bot": false,
                "username": "",
                "url_private": "https:\/\/files.slack.com\/files-pri\/TJH5YU202-F0105CTTM5H\/grafik.png?t=xoxe-629202954002-1115206499825-1101204359349-48e7ea248bf98b7fac300966398406ac",
                "url_private_download": "https:\/\/files.slack.com\/files-pri\/TJH5YU202-F0105CTTM5H\/download\/grafik.png?t=xoxe-629202954002-1115206499825-1101204359349-48e7ea248bf98b7fac300966398406ac",
                "thumb_64": "https:\/\/files.slack.com\/files-tmb\/TJH5YU202-F0105CTTM5H-8583dcf013\/grafik_64.png?t=xoxe-629202954002-1115206499825-1101204359349-48e7ea248bf98b7fac300966398406ac",
                "thumb_80": "https:\/\/files.slack.com\/files-tmb\/TJH5YU202-F0105CTTM5H-8583dcf013\/grafik_80.png?t=xoxe-629202954002-1115206499825-1101204359349-48e7ea248bf98b7fac300966398406ac",
                "thumb_360": "https:\/\/files.slack.com\/files-tmb\/TJH5YU202-F0105CTTM5H-8583dcf013\/grafik_360.png?t=xoxe-629202954002-1115206499825-1101204359349-48e7ea248bf98b7fac300966398406ac",
                "thumb_360_w": 265,
                "thumb_360_h": 360,
                "thumb_480": "https:\/\/files.slack.com\/files-tmb\/TJH5YU202-F0105CTTM5H-8583dcf013\/grafik_480.png?t=xoxe-629202954002-1115206499825-1101204359349-48e7ea248bf98b7fac300966398406ac",
                "thumb_480_w": 354,
                "thumb_480_h": 480,
                "thumb_160": "https:\/\/files.slack.com\/files-tmb\/TJH5YU202-F0105CTTM5H-8583dcf013\/grafik_160.png?t=xoxe-629202954002-1115206499825-1101204359349-48e7ea248bf98b7fac300966398406ac",
                "thumb_720": "https:\/\/files.slack.com\/files-tmb\/TJH5YU202-F0105CTTM5H-8583dcf013\/grafik_720.png?t=xoxe-629202954002-1115206499825-1101204359349-48e7ea248bf98b7fac300966398406ac",
                "thumb_720_w": 530,
                "thumb_720_h": 720,
                "thumb_800": "https:\/\/files.slack.com\/files-tmb\/TJH5YU202-F0105CTTM5H-8583dcf013\/grafik_800.png?t=xoxe-629202954002-1115206499825-1101204359349-48e7ea248bf98b7fac300966398406ac",
                "thumb_800_w": 589,
                "thumb_800_h": 800,
                "thumb_960": "https:\/\/files.slack.com\/files-tmb\/TJH5YU202-F0105CTTM5H-8583dcf013\/grafik_960.png?t=xoxe-629202954002-1115206499825-1101204359349-48e7ea248bf98b7fac300966398406ac",
                "thumb_960_w": 707,
                "thumb_960_h": 960,
                "thumb_1024": "https:\/\/files.slack.com\/files-tmb\/TJH5YU202-F0105CTTM5H-8583dcf013\/grafik_1024.png?t=xoxe-629202954002-1115206499825-1101204359349-48e7ea248bf98b7fac300966398406ac",
                "thumb_1024_w": 754,
                "thumb_1024_h": 1024,
                "image_exif_rotation": 1,
                "original_w": 794,
                "original_h": 1078,
                "thumb_tiny": "AwAwACO6QucYFKVA7CjALHNOb7vFArDPlH8NHy\/3RTfm9qPm9qYEu1f7o\/KjavoKB0FLSHYZ\/EacelIv3zSn+tAEdFObqaRTyKAJB0FFFFACBMnOaUrQGFG8UAIUyetHl+9KXxS7hQAnSijNFAH\/2Q==",
                "permalink": "https:\/\/harbourproject.slack.com\/files\/UJHD6A81H\/F0105CTTM5H\/grafik.png",
                "permalink_public": "https:\/\/slack-files.com\/TJH5YU202-F0105CTTM5H-403a226a2f",
                "is_starred": false,
                "has_rich_preview": false
            }
        ],
        "upload": true,
        "user": "UJHD6A81H",
        "display_as_bot": false,
        "ts": "1584806086.014600",
        "client_msg_id": "81a06de7-847e-4cae-970a-1a7726e5042a"
    }
]