[
    {
        "client_msg_id": "cda7bda9-e2f8-4fa1-b373-403e59c3f5e5",
        "type": "message",
        "text": "I actually wanted to save all JS scripts and CSS files directly on my webserver.\nI have now found that when I call the CDN files, I reach between 8% and 15% and more speed per file.\n\nMy development server only has an upload speed of 4 Mbps.\nOverall, the performance test depends on the server upload speed. You have to take that into account when optimizing.",
        "user": "UJHD6A81H",
        "ts": "1587801590.050100",
        "team": "TJH5YU202",
        "user_team": "TJH5YU202",
        "source_team": "TJH5YU202",
        "user_profile": {
            "avatar_hash": "g6b8073e00e9",
            "image_72": "https:\/\/secure.gravatar.com\/avatar\/b96b8073e00e9eb02bcf05bc1418eb3a.jpg?s=72&d=https%3A%2F%2Fa.slack-edge.com%2Fdf10d%2Fimg%2Favatars%2Fava_0021-72.png",
            "first_name": "Otto",
            "real_name": "Otto Atzwanger",
            "display_name": "Otto",
            "team": "TJH5YU202",
            "name": "otto",
            "is_restricted": false,
            "is_ultra_restricted": false
        },
        "blocks": [
            {
                "type": "rich_text",
                "block_id": "K5a76",
                "elements": [
                    {
                        "type": "rich_text_section",
                        "elements": [
                            {
                                "type": "text",
                                "text": "I actually wanted to save all JS scripts and CSS files directly on my webserver.\nI have now found that when I call the CDN files, I reach between 8% and 15% and more speed per file.\n\nMy development server only has an upload speed of 4 Mbps.\nOverall, the performance test depends on the server upload speed. You have to take that into account when optimizing."
                            }
                        ]
                    }
                ]
            }
        ]
    },
    {
        "client_msg_id": "c273c63a-0352-4ab6-8396-41e600162475",
        "type": "message",
        "text": "&gt; I try to draw a flow chart. Does someone have instructions about how to paint such flow charts?\nThere are a few JS libraries for different use cases, which usually use SVG under the hood.",
        "user": "UNAHBRTFA",
        "ts": "1587801709.051000",
        "team": "TJH5YU202",
        "user_team": "TJH5YU202",
        "source_team": "TJH5YU202",
        "user_profile": {
            "avatar_hash": "g3d2a3f4c28c",
            "image_72": "https:\/\/secure.gravatar.com\/avatar\/23d2a3f4c28cebb4cf07e48d02620517.jpg?s=72&d=https%3A%2F%2Fa.slack-edge.com%2Fdf10d%2Fimg%2Favatars%2Fava_0020-72.png",
            "first_name": "Andreu",
            "real_name": "Andreu Botella",
            "display_name": "Andreu Botella",
            "team": "TJH5YU202",
            "name": "andreu.132",
            "is_restricted": false,
            "is_ultra_restricted": false
        },
        "blocks": [
            {
                "type": "rich_text",
                "block_id": "zecVc",
                "elements": [
                    {
                        "type": "rich_text_quote",
                        "elements": [
                            {
                                "type": "text",
                                "text": "I try to draw a flow chart. Does someone have instructions about how to paint such flow charts?"
                            }
                        ]
                    },
                    {
                        "type": "rich_text_section",
                        "elements": [
                            {
                                "type": "text",
                                "text": "There are a few JS libraries for different use cases, which usually use SVG under the hood."
                            }
                        ]
                    }
                ]
            }
        ]
    },
    {
        "client_msg_id": "7590d7d0-41e8-405e-af14-780c6f77ceed",
        "type": "message",
        "text": "Haven't had to use any of those, though",
        "user": "UNAHBRTFA",
        "ts": "1587801719.051400",
        "team": "TJH5YU202",
        "user_team": "TJH5YU202",
        "source_team": "TJH5YU202",
        "user_profile": {
            "avatar_hash": "g3d2a3f4c28c",
            "image_72": "https:\/\/secure.gravatar.com\/avatar\/23d2a3f4c28cebb4cf07e48d02620517.jpg?s=72&d=https%3A%2F%2Fa.slack-edge.com%2Fdf10d%2Fimg%2Favatars%2Fava_0020-72.png",
            "first_name": "Andreu",
            "real_name": "Andreu Botella",
            "display_name": "Andreu Botella",
            "team": "TJH5YU202",
            "name": "andreu.132",
            "is_restricted": false,
            "is_ultra_restricted": false
        },
        "blocks": [
            {
                "type": "rich_text",
                "block_id": "GKQ0k",
                "elements": [
                    {
                        "type": "rich_text_section",
                        "elements": [
                            {
                                "type": "text",
                                "text": "Haven't had to use any of those, though"
                            }
                        ]
                    }
                ]
            }
        ]
    },
    {
        "client_msg_id": "04e58e12-0f80-49c9-bba3-ceb4ef29b9a8",
        "type": "message",
        "text": "About CDNs: their main trick to performance is that they're used by lots of people, so browsers typically cache a file once they first load it, and then they don't need to load it again if some other site uses it too",
        "user": "UNAHBRTFA",
        "ts": "1587801821.053000",
        "team": "TJH5YU202",
        "user_team": "TJH5YU202",
        "source_team": "TJH5YU202",
        "user_profile": {
            "avatar_hash": "g3d2a3f4c28c",
            "image_72": "https:\/\/secure.gravatar.com\/avatar\/23d2a3f4c28cebb4cf07e48d02620517.jpg?s=72&d=https%3A%2F%2Fa.slack-edge.com%2Fdf10d%2Fimg%2Favatars%2Fava_0020-72.png",
            "first_name": "Andreu",
            "real_name": "Andreu Botella",
            "display_name": "Andreu Botella",
            "team": "TJH5YU202",
            "name": "andreu.132",
            "is_restricted": false,
            "is_ultra_restricted": false
        },
        "edited": {
            "user": "UNAHBRTFA",
            "ts": "1587801827.000000"
        },
        "blocks": [
            {
                "type": "rich_text",
                "block_id": "1I7pk",
                "elements": [
                    {
                        "type": "rich_text_section",
                        "elements": [
                            {
                                "type": "text",
                                "text": "About CDNs: their main trick to performance is that they're used by lots of people, so browsers typically cache a file once they first load it, and then they don't need to load it again if some other site uses it too"
                            }
                        ]
                    }
                ]
            }
        ]
    },
    {
        "client_msg_id": "a1e2c19a-0d6f-4288-8cac-1062d8d58d13",
        "type": "message",
        "text": "Though they also tune their settings for best performance and usually have different edge servers to have a faster connection to users around the globe",
        "user": "UNAHBRTFA",
        "ts": "1587801877.054100",
        "team": "TJH5YU202",
        "user_team": "TJH5YU202",
        "source_team": "TJH5YU202",
        "user_profile": {
            "avatar_hash": "g3d2a3f4c28c",
            "image_72": "https:\/\/secure.gravatar.com\/avatar\/23d2a3f4c28cebb4cf07e48d02620517.jpg?s=72&d=https%3A%2F%2Fa.slack-edge.com%2Fdf10d%2Fimg%2Favatars%2Fava_0020-72.png",
            "first_name": "Andreu",
            "real_name": "Andreu Botella",
            "display_name": "Andreu Botella",
            "team": "TJH5YU202",
            "name": "andreu.132",
            "is_restricted": false,
            "is_ultra_restricted": false
        },
        "edited": {
            "user": "UNAHBRTFA",
            "ts": "1587801902.000000"
        },
        "blocks": [
            {
                "type": "rich_text",
                "block_id": "+biEl",
                "elements": [
                    {
                        "type": "rich_text_section",
                        "elements": [
                            {
                                "type": "text",
                                "text": "Though they also tune their settings for best performance and usually have different edge servers to have a faster connection to users around the globe"
                            }
                        ]
                    }
                ]
            }
        ]
    },
    {
        "client_msg_id": "5cb76264-5458-422d-a0e0-d195a1298398",
        "type": "message",
        "text": "<@UJHD6A81H> Not sure if you're interested, but here's a list of the encodings that the web supports and the names for them that they accept",
        "user": "UNAHBRTFA",
        "ts": "1587883662.054900",
        "team": "TJH5YU202",
        "user_team": "TJH5YU202",
        "source_team": "TJH5YU202",
        "user_profile": {
            "avatar_hash": "g3d2a3f4c28c",
            "image_72": "https:\/\/secure.gravatar.com\/avatar\/23d2a3f4c28cebb4cf07e48d02620517.jpg?s=72&d=https%3A%2F%2Fa.slack-edge.com%2Fdf10d%2Fimg%2Favatars%2Fava_0020-72.png",
            "first_name": "Andreu",
            "real_name": "Andreu Botella",
            "display_name": "Andreu Botella",
            "team": "TJH5YU202",
            "name": "andreu.132",
            "is_restricted": false,
            "is_ultra_restricted": false
        },
        "blocks": [
            {
                "type": "rich_text",
                "block_id": "Jw9V2",
                "elements": [
                    {
                        "type": "rich_text_section",
                        "elements": [
                            {
                                "type": "user",
                                "user_id": "UJHD6A81H"
                            },
                            {
                                "type": "text",
                                "text": " Not sure if you're interested, but here's a list of the encodings that the web supports and the names for them that they accept"
                            }
                        ]
                    }
                ]
            }
        ]
    },
    {
        "client_msg_id": "9d14b301-724d-4ba2-a2a2-79d6447c797b",
        "type": "message",
        "text": "<https:\/\/encoding.spec.whatwg.org\/#names-and-labels>",
        "user": "UNAHBRTFA",
        "ts": "1587883663.055100",
        "team": "TJH5YU202",
        "user_team": "TJH5YU202",
        "source_team": "TJH5YU202",
        "user_profile": {
            "avatar_hash": "g3d2a3f4c28c",
            "image_72": "https:\/\/secure.gravatar.com\/avatar\/23d2a3f4c28cebb4cf07e48d02620517.jpg?s=72&d=https%3A%2F%2Fa.slack-edge.com%2Fdf10d%2Fimg%2Favatars%2Fava_0020-72.png",
            "first_name": "Andreu",
            "real_name": "Andreu Botella",
            "display_name": "Andreu Botella",
            "team": "TJH5YU202",
            "name": "andreu.132",
            "is_restricted": false,
            "is_ultra_restricted": false
        },
        "blocks": [
            {
                "type": "rich_text",
                "block_id": "8FB+",
                "elements": [
                    {
                        "type": "rich_text_section",
                        "elements": [
                            {
                                "type": "link",
                                "url": "https:\/\/encoding.spec.whatwg.org\/#names-and-labels"
                            }
                        ]
                    }
                ]
            }
        ]
    },
    {
        "client_msg_id": "6737c7a2-faa2-4776-ac39-67d7220268dc",
        "type": "message",
        "text": "and here's the encoding sniffing algorithm that browsers use: <https:\/\/html.spec.whatwg.org\/multipage\/parsing.html#determining-the-character-encoding>",
        "user": "UNAHBRTFA",
        "ts": "1587883700.055500",
        "team": "TJH5YU202",
        "user_team": "TJH5YU202",
        "source_team": "TJH5YU202",
        "user_profile": {
            "avatar_hash": "g3d2a3f4c28c",
            "image_72": "https:\/\/secure.gravatar.com\/avatar\/23d2a3f4c28cebb4cf07e48d02620517.jpg?s=72&d=https%3A%2F%2Fa.slack-edge.com%2Fdf10d%2Fimg%2Favatars%2Fava_0020-72.png",
            "first_name": "Andreu",
            "real_name": "Andreu Botella",
            "display_name": "Andreu Botella",
            "team": "TJH5YU202",
            "name": "andreu.132",
            "is_restricted": false,
            "is_ultra_restricted": false
        },
        "blocks": [
            {
                "type": "rich_text",
                "block_id": "5RGO",
                "elements": [
                    {
                        "type": "rich_text_section",
                        "elements": [
                            {
                                "type": "text",
                                "text": "and here's the encoding sniffing algorithm that browsers use: "
                            },
                            {
                                "type": "link",
                                "url": "https:\/\/html.spec.whatwg.org\/multipage\/parsing.html#determining-the-character-encoding"
                            }
                        ]
                    }
                ]
            }
        ]
    },
    {
        "client_msg_id": "ace4c3fb-1f8c-46e6-8463-b323dbec79a2",
        "type": "message",
        "text": "btw, I noticed a bug in that algorithm a couple months ago, and step #1 in that algorithm has my wording",
        "user": "UNAHBRTFA",
        "ts": "1587883825.057100",
        "team": "TJH5YU202",
        "user_team": "TJH5YU202",
        "source_team": "TJH5YU202",
        "user_profile": {
            "avatar_hash": "g3d2a3f4c28c",
            "image_72": "https:\/\/secure.gravatar.com\/avatar\/23d2a3f4c28cebb4cf07e48d02620517.jpg?s=72&d=https%3A%2F%2Fa.slack-edge.com%2Fdf10d%2Fimg%2Favatars%2Fava_0020-72.png",
            "first_name": "Andreu",
            "real_name": "Andreu Botella",
            "display_name": "Andreu Botella",
            "team": "TJH5YU202",
            "name": "andreu.132",
            "is_restricted": false,
            "is_ultra_restricted": false
        },
        "blocks": [
            {
                "type": "rich_text",
                "block_id": "N82",
                "elements": [
                    {
                        "type": "rich_text_section",
                        "elements": [
                            {
                                "type": "text",
                                "text": "btw, I noticed a bug in that algorithm a couple months ago, and step #1 in that algorithm has my wording"
                            }
                        ]
                    }
                ]
            }
        ]
    },
    {
        "client_msg_id": "004cf10f-c650-4ccb-948a-cffbcbe1b9c6",
        "type": "message",
        "text": "I know it's a weird thing to brag about :smile:",
        "user": "UNAHBRTFA",
        "ts": "1587883835.057500",
        "team": "TJH5YU202",
        "user_team": "TJH5YU202",
        "source_team": "TJH5YU202",
        "user_profile": {
            "avatar_hash": "g3d2a3f4c28c",
            "image_72": "https:\/\/secure.gravatar.com\/avatar\/23d2a3f4c28cebb4cf07e48d02620517.jpg?s=72&d=https%3A%2F%2Fa.slack-edge.com%2Fdf10d%2Fimg%2Favatars%2Fava_0020-72.png",
            "first_name": "Andreu",
            "real_name": "Andreu Botella",
            "display_name": "Andreu Botella",
            "team": "TJH5YU202",
            "name": "andreu.132",
            "is_restricted": false,
            "is_ultra_restricted": false
        },
        "blocks": [
            {
                "type": "rich_text",
                "block_id": "k+dj",
                "elements": [
                    {
                        "type": "rich_text_section",
                        "elements": [
                            {
                                "type": "text",
                                "text": "I know it's a weird thing to brag about "
                            },
                            {
                                "type": "emoji",
                                "name": "smile"
                            }
                        ]
                    }
                ]
            }
        ]
    },
    {
        "client_msg_id": "c7fe194c-c401-4745-8386-4798f52d9ac4",
        "type": "message",
        "text": "Andreu, thank you so much. I will study.\n\nFor the moment s a workaround and till I am more experienced I use my convert function.",
        "user": "UJHD6A81H",
        "ts": "1587883991.057800",
        "team": "TJH5YU202",
        "user_team": "TJH5YU202",
        "source_team": "TJH5YU202",
        "user_profile": {
            "avatar_hash": "g6b8073e00e9",
            "image_72": "https:\/\/secure.gravatar.com\/avatar\/b96b8073e00e9eb02bcf05bc1418eb3a.jpg?s=72&d=https%3A%2F%2Fa.slack-edge.com%2Fdf10d%2Fimg%2Favatars%2Fava_0021-72.png",
            "first_name": "Otto",
            "real_name": "Otto Atzwanger",
            "display_name": "Otto",
            "team": "TJH5YU202",
            "name": "otto",
            "is_restricted": false,
            "is_ultra_restricted": false
        },
        "blocks": [
            {
                "type": "rich_text",
                "block_id": "vyd",
                "elements": [
                    {
                        "type": "rich_text_section",
                        "elements": [
                            {
                                "type": "text",
                                "text": "Andreu, thank you so much. I will study.\n\nFor the moment s a workaround and till I am more experienced I use my convert function."
                            }
                        ]
                    }
                ]
            }
        ]
    },
    {
        "client_msg_id": "b9e20dcb-cba0-4959-8d51-3c923f194e9a",
        "type": "message",
        "text": "that's totally fine, most even experienced web developers don't know this stuff beyond the basics",
        "user": "UNAHBRTFA",
        "ts": "1587884051.058600",
        "team": "TJH5YU202",
        "user_team": "TJH5YU202",
        "source_team": "TJH5YU202",
        "user_profile": {
            "avatar_hash": "g3d2a3f4c28c",
            "image_72": "https:\/\/secure.gravatar.com\/avatar\/23d2a3f4c28cebb4cf07e48d02620517.jpg?s=72&d=https%3A%2F%2Fa.slack-edge.com%2Fdf10d%2Fimg%2Favatars%2Fava_0020-72.png",
            "first_name": "Andreu",
            "real_name": "Andreu Botella",
            "display_name": "Andreu Botella",
            "team": "TJH5YU202",
            "name": "andreu.132",
            "is_restricted": false,
            "is_ultra_restricted": false
        },
        "blocks": [
            {
                "type": "rich_text",
                "block_id": "puFJ",
                "elements": [
                    {
                        "type": "rich_text_section",
                        "elements": [
                            {
                                "type": "text",
                                "text": "that's totally fine, most even experienced web developers don't know this stuff beyond the basics"
                            }
                        ]
                    }
                ]
            }
        ]
    }
]