[
    {
        "client_msg_id": "2d71e87b-d1a5-415c-8181-6ef06138b55e",
        "type": "message",
        "text": "We don't always have the resources to develop everything ideally.\nBut since I need a login so that we can work with the chat, I simply integrated lailton's login prg from the mod harbor samples into Antonio's new chat program.",
        "user": "UJHD6A81H",
        "ts": "1585771015.018700",
        "team": "TJH5YU202",
        "user_team": "TJH5YU202",
        "source_team": "TJH5YU202",
        "user_profile": {
            "avatar_hash": "g6b8073e00e9",
            "image_72": "https:\/\/secure.gravatar.com\/avatar\/b96b8073e00e9eb02bcf05bc1418eb3a.jpg?s=72&d=https%3A%2F%2Fa.slack-edge.com%2Fdf10d%2Fimg%2Favatars%2Fava_0021-72.png",
            "first_name": "Otto",
            "real_name": "Otto Atzwanger",
            "display_name": "Otto",
            "team": "TJH5YU202",
            "name": "otto",
            "is_restricted": false,
            "is_ultra_restricted": false
        },
        "blocks": [
            {
                "type": "rich_text",
                "block_id": "qlQSX",
                "elements": [
                    {
                        "type": "rich_text_section",
                        "elements": [
                            {
                                "type": "text",
                                "text": "We don't always have the resources to develop everything ideally.\nBut since I need a login so that we can work with the chat, I simply integrated lailton's login prg from the mod harbor samples into Antonio's new chat program."
                            }
                        ]
                    }
                ]
            }
        ]
    },
    {
        "type": "message",
        "text": "",
        "files": [
            {
                "id": "F011ACCDANS",
                "created": 1585771022,
                "timestamp": 1585771022,
                "name": "chatlogin.gif",
                "title": "chatlogin.gif",
                "mimetype": "image\/gif",
                "filetype": "gif",
                "pretty_type": "GIF",
                "user": "UJHD6A81H",
                "editable": false,
                "size": 241663,
                "mode": "hosted",
                "is_external": false,
                "external_type": "",
                "is_public": true,
                "public_url_shared": false,
                "display_as_bot": false,
                "username": "",
                "url_private": "https:\/\/files.slack.com\/files-pri\/TJH5YU202-F011ACCDANS\/chatlogin.gif?t=xoxe-629202954002-1115206499825-1101204359349-48e7ea248bf98b7fac300966398406ac",
                "url_private_download": "https:\/\/files.slack.com\/files-pri\/TJH5YU202-F011ACCDANS\/download\/chatlogin.gif?t=xoxe-629202954002-1115206499825-1101204359349-48e7ea248bf98b7fac300966398406ac",
                "thumb_64": "https:\/\/files.slack.com\/files-tmb\/TJH5YU202-F011ACCDANS-9208e29d87\/chatlogin_64.png?t=xoxe-629202954002-1115206499825-1101204359349-48e7ea248bf98b7fac300966398406ac",
                "thumb_80": "https:\/\/files.slack.com\/files-tmb\/TJH5YU202-F011ACCDANS-9208e29d87\/chatlogin_80.png?t=xoxe-629202954002-1115206499825-1101204359349-48e7ea248bf98b7fac300966398406ac",
                "thumb_360": "https:\/\/files.slack.com\/files-tmb\/TJH5YU202-F011ACCDANS-9208e29d87\/chatlogin_360.png?t=xoxe-629202954002-1115206499825-1101204359349-48e7ea248bf98b7fac300966398406ac",
                "thumb_360_w": 360,
                "thumb_360_h": 222,
                "thumb_480": "https:\/\/files.slack.com\/files-tmb\/TJH5YU202-F011ACCDANS-9208e29d87\/chatlogin_480.png?t=xoxe-629202954002-1115206499825-1101204359349-48e7ea248bf98b7fac300966398406ac",
                "thumb_480_w": 480,
                "thumb_480_h": 297,
                "thumb_160": "https:\/\/files.slack.com\/files-tmb\/TJH5YU202-F011ACCDANS-9208e29d87\/chatlogin_160.png?t=xoxe-629202954002-1115206499825-1101204359349-48e7ea248bf98b7fac300966398406ac",
                "thumb_720": "https:\/\/files.slack.com\/files-tmb\/TJH5YU202-F011ACCDANS-9208e29d87\/chatlogin_720.png?t=xoxe-629202954002-1115206499825-1101204359349-48e7ea248bf98b7fac300966398406ac",
                "thumb_720_w": 720,
                "thumb_720_h": 445,
                "thumb_800": "https:\/\/files.slack.com\/files-tmb\/TJH5YU202-F011ACCDANS-9208e29d87\/chatlogin_800.png?t=xoxe-629202954002-1115206499825-1101204359349-48e7ea248bf98b7fac300966398406ac",
                "thumb_800_w": 800,
                "thumb_800_h": 494,
                "thumb_960": "https:\/\/files.slack.com\/files-tmb\/TJH5YU202-F011ACCDANS-9208e29d87\/chatlogin_960.png?t=xoxe-629202954002-1115206499825-1101204359349-48e7ea248bf98b7fac300966398406ac",
                "thumb_960_w": 960,
                "thumb_960_h": 593,
                "thumb_1024": "https:\/\/files.slack.com\/files-tmb\/TJH5YU202-F011ACCDANS-9208e29d87\/chatlogin_1024.png?t=xoxe-629202954002-1115206499825-1101204359349-48e7ea248bf98b7fac300966398406ac",
                "thumb_1024_w": 1024,
                "thumb_1024_h": 633,
                "thumb_360_gif": "https:\/\/files.slack.com\/files-tmb\/TJH5YU202-F011ACCDANS-9208e29d87\/chatlogin_360.gif?t=xoxe-629202954002-1115206499825-1101204359349-48e7ea248bf98b7fac300966398406ac",
                "thumb_480_gif": "https:\/\/files.slack.com\/files-tmb\/TJH5YU202-F011ACCDANS-9208e29d87\/chatlogin_480.gif?t=xoxe-629202954002-1115206499825-1101204359349-48e7ea248bf98b7fac300966398406ac",
                "image_exif_rotation": 1,
                "original_w": 1858,
                "original_h": 1148,
                "deanimate_gif": "https:\/\/files.slack.com\/files-tmb\/TJH5YU202-F011ACCDANS-9208e29d87\/chatlogin_deanimate_gif.png?t=xoxe-629202954002-1115206499825-1101204359349-48e7ea248bf98b7fac300966398406ac",
                "thumb_tiny": "AwAdADC9AP3Eef7o\/lUtRwf6iP8A3R\/KpKACiiigAooooAjg\/wBRH\/uj+VSVHB\/qI\/8AdH8qkoAKKKKACiiigD\/\/2Q==",
                "permalink": "https:\/\/harbourproject.slack.com\/files\/UJHD6A81H\/F011ACCDANS\/chatlogin.gif",
                "permalink_public": "https:\/\/slack-files.com\/TJH5YU202-F011ACCDANS-ac3ca68c58",
                "is_starred": false,
                "has_rich_preview": false
            }
        ],
        "upload": true,
        "user": "UJHD6A81H",
        "display_as_bot": false,
        "ts": "1585771039.018800",
        "client_msg_id": "31ff2056-d3c6-46bc-a188-c3f19359f39d"
    },
    {
        "client_msg_id": "d0f06ac4-a667-4815-856e-3b8ab04fe365",
        "type": "message",
        "text": "```static cUserName\n\n\nfunction Main()\n\n   local hCookies \n   \n\n   hCookies := GetCookies()\n   if hb_HHasKey( hCookies, \"mylivechat\" ) .and. ! Empty( hCookies[ \"mylivechat\" ] )\n      cUserName = hCookies[ \"mylivechat\" ]\n   else\n      cUserName = \"guest\" \n   endif\n  \n  \n   if len(cUserName) &lt; 8\n      ?  '\"&lt;meta http-equiv=\"Refresh\" content=\"0; url=formok.prg\" \/&gt;'\n   else\n      logging(\"ok\" )\n   \n   endif ```",
        "user": "UJHD6A81H",
        "ts": "1585771131.019300",
        "team": "TJH5YU202",
        "user_team": "TJH5YU202",
        "source_team": "TJH5YU202",
        "user_profile": {
            "avatar_hash": "g6b8073e00e9",
            "image_72": "https:\/\/secure.gravatar.com\/avatar\/b96b8073e00e9eb02bcf05bc1418eb3a.jpg?s=72&d=https%3A%2F%2Fa.slack-edge.com%2Fdf10d%2Fimg%2Favatars%2Fava_0021-72.png",
            "first_name": "Otto",
            "real_name": "Otto Atzwanger",
            "display_name": "Otto",
            "team": "TJH5YU202",
            "name": "otto",
            "is_restricted": false,
            "is_ultra_restricted": false
        },
        "blocks": [
            {
                "type": "rich_text",
                "block_id": "M7r",
                "elements": [
                    {
                        "type": "rich_text_preformatted",
                        "elements": [
                            {
                                "type": "text",
                                "text": "static cUserName\n\n\nfunction Main()\n\n   local hCookies \n   \n\n   hCookies := GetCookies()\n   if hb_HHasKey( hCookies, \"mylivechat\" ) .and. ! Empty( hCookies[ \"mylivechat\" ] )\n      cUserName = hCookies[ \"mylivechat\" ]\n   else\n      cUserName = \"guest\" \n   endif\n  \n  \n   if len(cUserName) < 8\n      ?  '\"<meta http-equiv=\"Refresh\" content=\"0; url=formok.prg\" \/>'\n   else\n      logging(\"ok\" )\n   \n   endif "
                            }
                        ]
                    }
                ]
            }
        ]
    }
]