[
    {
        "type": "message",
        "text": "",
        "files": [
            {
                "id": "F011N9VFMPF",
                "created": 1586526585,
                "timestamp": 1586526585,
                "name": "seamap.gif",
                "title": "seamap.gif",
                "mimetype": "image\/gif",
                "filetype": "gif",
                "pretty_type": "GIF",
                "user": "UJHD6A81H",
                "editable": false,
                "size": 1846828,
                "mode": "hosted",
                "is_external": false,
                "external_type": "",
                "is_public": true,
                "public_url_shared": false,
                "display_as_bot": false,
                "username": "",
                "url_private": "https:\/\/files.slack.com\/files-pri\/TJH5YU202-F011N9VFMPF\/seamap.gif?t=xoxe-629202954002-1115206499825-1101204359349-48e7ea248bf98b7fac300966398406ac",
                "url_private_download": "https:\/\/files.slack.com\/files-pri\/TJH5YU202-F011N9VFMPF\/download\/seamap.gif?t=xoxe-629202954002-1115206499825-1101204359349-48e7ea248bf98b7fac300966398406ac",
                "thumb_64": "https:\/\/files.slack.com\/files-tmb\/TJH5YU202-F011N9VFMPF-e4d6eea9a9\/seamap_64.png?t=xoxe-629202954002-1115206499825-1101204359349-48e7ea248bf98b7fac300966398406ac",
                "thumb_80": "https:\/\/files.slack.com\/files-tmb\/TJH5YU202-F011N9VFMPF-e4d6eea9a9\/seamap_80.png?t=xoxe-629202954002-1115206499825-1101204359349-48e7ea248bf98b7fac300966398406ac",
                "thumb_360": "https:\/\/files.slack.com\/files-tmb\/TJH5YU202-F011N9VFMPF-e4d6eea9a9\/seamap_360.png?t=xoxe-629202954002-1115206499825-1101204359349-48e7ea248bf98b7fac300966398406ac",
                "thumb_360_w": 360,
                "thumb_360_h": 236,
                "thumb_480": "https:\/\/files.slack.com\/files-tmb\/TJH5YU202-F011N9VFMPF-e4d6eea9a9\/seamap_480.png?t=xoxe-629202954002-1115206499825-1101204359349-48e7ea248bf98b7fac300966398406ac",
                "thumb_480_w": 480,
                "thumb_480_h": 315,
                "thumb_160": "https:\/\/files.slack.com\/files-tmb\/TJH5YU202-F011N9VFMPF-e4d6eea9a9\/seamap_160.png?t=xoxe-629202954002-1115206499825-1101204359349-48e7ea248bf98b7fac300966398406ac",
                "thumb_720": "https:\/\/files.slack.com\/files-tmb\/TJH5YU202-F011N9VFMPF-e4d6eea9a9\/seamap_720.png?t=xoxe-629202954002-1115206499825-1101204359349-48e7ea248bf98b7fac300966398406ac",
                "thumb_720_w": 720,
                "thumb_720_h": 473,
                "thumb_800": "https:\/\/files.slack.com\/files-tmb\/TJH5YU202-F011N9VFMPF-e4d6eea9a9\/seamap_800.png?t=xoxe-629202954002-1115206499825-1101204359349-48e7ea248bf98b7fac300966398406ac",
                "thumb_800_w": 800,
                "thumb_800_h": 525,
                "thumb_960": "https:\/\/files.slack.com\/files-tmb\/TJH5YU202-F011N9VFMPF-e4d6eea9a9\/seamap_960.png?t=xoxe-629202954002-1115206499825-1101204359349-48e7ea248bf98b7fac300966398406ac",
                "thumb_960_w": 960,
                "thumb_960_h": 630,
                "thumb_1024": "https:\/\/files.slack.com\/files-tmb\/TJH5YU202-F011N9VFMPF-e4d6eea9a9\/seamap_1024.png?t=xoxe-629202954002-1115206499825-1101204359349-48e7ea248bf98b7fac300966398406ac",
                "thumb_1024_w": 1024,
                "thumb_1024_h": 672,
                "thumb_360_gif": "https:\/\/files.slack.com\/files-tmb\/TJH5YU202-F011N9VFMPF-e4d6eea9a9\/seamap_360.gif?t=xoxe-629202954002-1115206499825-1101204359349-48e7ea248bf98b7fac300966398406ac",
                "thumb_480_gif": "https:\/\/files.slack.com\/files-tmb\/TJH5YU202-F011N9VFMPF-e4d6eea9a9\/seamap_480.gif?t=xoxe-629202954002-1115206499825-1101204359349-48e7ea248bf98b7fac300966398406ac",
                "original_w": 1574,
                "original_h": 1033,
                "deanimate_gif": "https:\/\/files.slack.com\/files-tmb\/TJH5YU202-F011N9VFMPF-e4d6eea9a9\/seamap_deanimate_gif.png?t=xoxe-629202954002-1115206499825-1101204359349-48e7ea248bf98b7fac300966398406ac",
                "thumb_tiny": "AwAfADDTNN\/z0pxpo\/zzQAvakPSlpD0\/+vQAjdO35Uv\/ACz\/AApD06\/ril\/5Z\/hQIVjgZ5\/CkH40OMoQKMf5xQMXtSYwOKXFBFADTnHel\/g\/Ckbpzj8qXGEx7UAf\/9k=",
                "permalink": "https:\/\/harbourproject.slack.com\/files\/UJHD6A81H\/F011N9VFMPF\/seamap.gif",
                "permalink_public": "https:\/\/slack-files.com\/TJH5YU202-F011N9VFMPF-6b5d712946",
                "is_starred": false,
                "has_rich_preview": false
            }
        ],
        "upload": true,
        "user": "UJHD6A81H",
        "display_as_bot": false,
        "ts": "1586526590.027500",
        "client_msg_id": "2dde4206-42ff-493f-9ddf-c52d5dd7eac6"
    }
]