[
    {
        "client_msg_id": "45b14d43-37fd-4400-8459-23aa0e9cc17d",
        "type": "message",
        "text": "Good afternoon\nOur ordering system is now basically developed.\nWe take care of the details now.\nIf anyone wants to try it.\n<https:\/\/www.modharbour.club\/mh_bestellservice\/restaurant.prg>\n\n\"Beer\" product group has assigned most of the items.",
        "user": "UJHD6A81H",
        "ts": "1587752242.048400",
        "team": "TJH5YU202",
        "user_team": "TJH5YU202",
        "source_team": "TJH5YU202",
        "user_profile": {
            "avatar_hash": "g6b8073e00e9",
            "image_72": "https:\/\/secure.gravatar.com\/avatar\/b96b8073e00e9eb02bcf05bc1418eb3a.jpg?s=72&d=https%3A%2F%2Fa.slack-edge.com%2Fdf10d%2Fimg%2Favatars%2Fava_0021-72.png",
            "first_name": "Otto",
            "real_name": "Otto Atzwanger",
            "display_name": "Otto",
            "team": "TJH5YU202",
            "name": "otto",
            "is_restricted": false,
            "is_ultra_restricted": false
        },
        "edited": {
            "user": "UJHD6A81H",
            "ts": "1587752360.000000"
        },
        "blocks": [
            {
                "type": "rich_text",
                "block_id": "KSj",
                "elements": [
                    {
                        "type": "rich_text_section",
                        "elements": [
                            {
                                "type": "text",
                                "text": "Good afternoon\nOur ordering system is now basically developed.\nWe take care of the details now.\nIf anyone wants to try it.\n"
                            },
                            {
                                "type": "link",
                                "url": "https:\/\/www.modharbour.club\/mh_bestellservice\/restaurant.prg"
                            },
                            {
                                "type": "text",
                                "text": "\n\n\"Beer\" product group has assigned most of the items."
                            }
                        ]
                    }
                ]
            }
        ]
    },
    {
        "client_msg_id": "fdad0def-cf9a-421e-b355-71628b35f3b7",
        "type": "message",
        "text": "I try to draw a flow chart. Does someone have instructions about how to paint such flow charts?",
        "user": "UJHD6A81H",
        "ts": "1587753615.049200",
        "team": "TJH5YU202",
        "user_team": "TJH5YU202",
        "source_team": "TJH5YU202",
        "user_profile": {
            "avatar_hash": "g6b8073e00e9",
            "image_72": "https:\/\/secure.gravatar.com\/avatar\/b96b8073e00e9eb02bcf05bc1418eb3a.jpg?s=72&d=https%3A%2F%2Fa.slack-edge.com%2Fdf10d%2Fimg%2Favatars%2Fava_0021-72.png",
            "first_name": "Otto",
            "real_name": "Otto Atzwanger",
            "display_name": "Otto",
            "team": "TJH5YU202",
            "name": "otto",
            "is_restricted": false,
            "is_ultra_restricted": false
        },
        "blocks": [
            {
                "type": "rich_text",
                "block_id": "PdI",
                "elements": [
                    {
                        "type": "rich_text_section",
                        "elements": [
                            {
                                "type": "text",
                                "text": "I try to draw a flow chart. Does someone have instructions about how to paint such flow charts?"
                            }
                        ]
                    }
                ]
            }
        ]
    },
    {
        "type": "message",
        "text": "",
        "files": [
            {
                "id": "F0122F76Y6T",
                "created": 1587753635,
                "timestamp": 1587753635,
                "name": "grafik.png",
                "title": "grafik.png",
                "mimetype": "image\/png",
                "filetype": "png",
                "pretty_type": "PNG",
                "user": "UJHD6A81H",
                "editable": false,
                "size": 70643,
                "mode": "hosted",
                "is_external": false,
                "external_type": "",
                "is_public": true,
                "public_url_shared": false,
                "display_as_bot": false,
                "username": "",
                "url_private": "https:\/\/files.slack.com\/files-pri\/TJH5YU202-F0122F76Y6T\/grafik.png?t=xoxe-629202954002-1115206499825-1101204359349-48e7ea248bf98b7fac300966398406ac",
                "url_private_download": "https:\/\/files.slack.com\/files-pri\/TJH5YU202-F0122F76Y6T\/download\/grafik.png?t=xoxe-629202954002-1115206499825-1101204359349-48e7ea248bf98b7fac300966398406ac",
                "thumb_64": "https:\/\/files.slack.com\/files-tmb\/TJH5YU202-F0122F76Y6T-9a215fa202\/grafik_64.png?t=xoxe-629202954002-1115206499825-1101204359349-48e7ea248bf98b7fac300966398406ac",
                "thumb_80": "https:\/\/files.slack.com\/files-tmb\/TJH5YU202-F0122F76Y6T-9a215fa202\/grafik_80.png?t=xoxe-629202954002-1115206499825-1101204359349-48e7ea248bf98b7fac300966398406ac",
                "thumb_360": "https:\/\/files.slack.com\/files-tmb\/TJH5YU202-F0122F76Y6T-9a215fa202\/grafik_360.png?t=xoxe-629202954002-1115206499825-1101204359349-48e7ea248bf98b7fac300966398406ac",
                "thumb_360_w": 360,
                "thumb_360_h": 276,
                "thumb_480": "https:\/\/files.slack.com\/files-tmb\/TJH5YU202-F0122F76Y6T-9a215fa202\/grafik_480.png?t=xoxe-629202954002-1115206499825-1101204359349-48e7ea248bf98b7fac300966398406ac",
                "thumb_480_w": 480,
                "thumb_480_h": 368,
                "thumb_160": "https:\/\/files.slack.com\/files-tmb\/TJH5YU202-F0122F76Y6T-9a215fa202\/grafik_160.png?t=xoxe-629202954002-1115206499825-1101204359349-48e7ea248bf98b7fac300966398406ac",
                "thumb_720": "https:\/\/files.slack.com\/files-tmb\/TJH5YU202-F0122F76Y6T-9a215fa202\/grafik_720.png?t=xoxe-629202954002-1115206499825-1101204359349-48e7ea248bf98b7fac300966398406ac",
                "thumb_720_w": 720,
                "thumb_720_h": 553,
                "thumb_800": "https:\/\/files.slack.com\/files-tmb\/TJH5YU202-F0122F76Y6T-9a215fa202\/grafik_800.png?t=xoxe-629202954002-1115206499825-1101204359349-48e7ea248bf98b7fac300966398406ac",
                "thumb_800_w": 800,
                "thumb_800_h": 614,
                "thumb_960": "https:\/\/files.slack.com\/files-tmb\/TJH5YU202-F0122F76Y6T-9a215fa202\/grafik_960.png?t=xoxe-629202954002-1115206499825-1101204359349-48e7ea248bf98b7fac300966398406ac",
                "thumb_960_w": 960,
                "thumb_960_h": 737,
                "thumb_1024": "https:\/\/files.slack.com\/files-tmb\/TJH5YU202-F0122F76Y6T-9a215fa202\/grafik_1024.png?t=xoxe-629202954002-1115206499825-1101204359349-48e7ea248bf98b7fac300966398406ac",
                "thumb_1024_w": 1024,
                "thumb_1024_h": 786,
                "original_w": 1161,
                "original_h": 891,
                "thumb_tiny": "AwAkADDTpp3Z4IpN537dhx60rIGIOTxQA4e9IVB9fzprlwfkUEe9PoAQADp\/OlpM845paACiiigCMOPMxhs0\/Jz04oyc9OKWgBuPn6H86dSbRnNJj5+hoAdRRRQA0D5qdSD71LQAUUUUAf\/Z",
                "permalink": "https:\/\/harbourproject.slack.com\/files\/UJHD6A81H\/F0122F76Y6T\/grafik.png",
                "permalink_public": "https:\/\/slack-files.com\/TJH5YU202-F0122F76Y6T-603cfc4a20",
                "is_starred": false,
                "has_rich_preview": false
            }
        ],
        "upload": true,
        "user": "UJHD6A81H",
        "display_as_bot": false,
        "ts": "1587753637.049300",
        "client_msg_id": "f73ed204-d5fa-4fa8-8454-ed9c80ad9b2e"
    }
]