[
    {
        "type": "message",
        "text": "",
        "files": [
            {
                "id": "F01191S632Q",
                "created": 1585814161,
                "timestamp": 1585814161,
                "name": "grafik.png",
                "title": "grafik.png",
                "mimetype": "image\/png",
                "filetype": "png",
                "pretty_type": "PNG",
                "user": "UJHD6A81H",
                "editable": false,
                "size": 8662,
                "mode": "hosted",
                "is_external": false,
                "external_type": "",
                "is_public": true,
                "public_url_shared": false,
                "display_as_bot": false,
                "username": "",
                "url_private": "https:\/\/files.slack.com\/files-pri\/TJH5YU202-F01191S632Q\/grafik.png?t=xoxe-629202954002-1115206499825-1101204359349-48e7ea248bf98b7fac300966398406ac",
                "url_private_download": "https:\/\/files.slack.com\/files-pri\/TJH5YU202-F01191S632Q\/download\/grafik.png?t=xoxe-629202954002-1115206499825-1101204359349-48e7ea248bf98b7fac300966398406ac",
                "thumb_64": "https:\/\/files.slack.com\/files-tmb\/TJH5YU202-F01191S632Q-ca335717cd\/grafik_64.png?t=xoxe-629202954002-1115206499825-1101204359349-48e7ea248bf98b7fac300966398406ac",
                "thumb_80": "https:\/\/files.slack.com\/files-tmb\/TJH5YU202-F01191S632Q-ca335717cd\/grafik_80.png?t=xoxe-629202954002-1115206499825-1101204359349-48e7ea248bf98b7fac300966398406ac",
                "thumb_360": "https:\/\/files.slack.com\/files-tmb\/TJH5YU202-F01191S632Q-ca335717cd\/grafik_360.png?t=xoxe-629202954002-1115206499825-1101204359349-48e7ea248bf98b7fac300966398406ac",
                "thumb_360_w": 360,
                "thumb_360_h": 332,
                "thumb_480": "https:\/\/files.slack.com\/files-tmb\/TJH5YU202-F01191S632Q-ca335717cd\/grafik_480.png?t=xoxe-629202954002-1115206499825-1101204359349-48e7ea248bf98b7fac300966398406ac",
                "thumb_480_w": 480,
                "thumb_480_h": 443,
                "thumb_160": "https:\/\/files.slack.com\/files-tmb\/TJH5YU202-F01191S632Q-ca335717cd\/grafik_160.png?t=xoxe-629202954002-1115206499825-1101204359349-48e7ea248bf98b7fac300966398406ac",
                "image_exif_rotation": 1,
                "original_w": 516,
                "original_h": 476,
                "thumb_tiny": "AwAsADDSJPpSj3GKaSM9RSgfSgBaKKKACiiigBDmgU1njU4ZwD9ajbcxzG4I7d6dhXJ6KbGGC\/OQT7CnUhhRRRQBG8CO245z7GnJGqLhRxTqKd3sKyCiiikMDRRRQB\/\/2Q==",
                "permalink": "https:\/\/harbourproject.slack.com\/files\/UJHD6A81H\/F01191S632Q\/grafik.png",
                "permalink_public": "https:\/\/slack-files.com\/TJH5YU202-F01191S632Q-4c5ccb9a3f",
                "is_starred": false,
                "has_rich_preview": false
            }
        ],
        "upload": true,
        "user": "UJHD6A81H",
        "display_as_bot": false,
        "ts": "1585814163.019500",
        "client_msg_id": "7fe1de19-2bc8-4f1a-a6bd-59a86f0539cf"
    },
    {
        "client_msg_id": "7634609b-0579-4a4c-aae0-c400a72119eb",
        "type": "message",
        "text": "Updating modHarbour  <http:\/\/forums.fivetechsupport.com\/viewtopic.php?f=45&amp;t=38727>",
        "user": "UJHD6A81H",
        "ts": "1585821648.020000",
        "team": "TJH5YU202",
        "user_team": "TJH5YU202",
        "source_team": "TJH5YU202",
        "user_profile": {
            "avatar_hash": "g6b8073e00e9",
            "image_72": "https:\/\/secure.gravatar.com\/avatar\/b96b8073e00e9eb02bcf05bc1418eb3a.jpg?s=72&d=https%3A%2F%2Fa.slack-edge.com%2Fdf10d%2Fimg%2Favatars%2Fava_0021-72.png",
            "first_name": "Otto",
            "real_name": "Otto Atzwanger",
            "display_name": "Otto",
            "team": "TJH5YU202",
            "name": "otto",
            "is_restricted": false,
            "is_ultra_restricted": false
        },
        "blocks": [
            {
                "type": "rich_text",
                "block_id": "GsW",
                "elements": [
                    {
                        "type": "rich_text_section",
                        "elements": [
                            {
                                "type": "text",
                                "text": "Updating modHarbour  "
                            },
                            {
                                "type": "link",
                                "url": "http:\/\/forums.fivetechsupport.com\/viewtopic.php?f=45&t=38727"
                            }
                        ]
                    }
                ]
            }
        ]
    },
    {
        "client_msg_id": "85f3cf63-b2d7-4bc1-82c5-8de25e80615b",
        "type": "message",
        "text": ":+1:",
        "user": "UK28N3CER",
        "ts": "1585842822.020200",
        "team": "TJH5YU202",
        "user_team": "TJH5YU202",
        "source_team": "TJH5YU202",
        "user_profile": {
            "avatar_hash": "bf50b53e78b3",
            "image_72": "https:\/\/avatars.slack-edge.com\/2020-04-13\/1058586385811_bf50b53e78b35822be35_72.png",
            "first_name": "Cesar",
            "real_name": "Cesar SysCtrl Software",
            "display_name": "Cesar SysCtrl Software",
            "team": "TJH5YU202",
            "name": "sysctrlsoftware",
            "is_restricted": false,
            "is_ultra_restricted": false
        },
        "blocks": [
            {
                "type": "rich_text",
                "block_id": "EZjJD",
                "elements": [
                    {
                        "type": "rich_text_section",
                        "elements": [
                            {
                                "type": "emoji",
                                "name": "+1"
                            }
                        ]
                    }
                ]
            }
        ]
    },
    {
        "client_msg_id": "48ad0c16-de0c-4804-bd2a-6b5a2a5f1369",
        "type": "message",
        "text": "Now I can select the database which is used.",
        "user": "UJHD6A81H",
        "ts": "1585856204.020700",
        "team": "TJH5YU202",
        "user_team": "TJH5YU202",
        "source_team": "TJH5YU202",
        "user_profile": {
            "avatar_hash": "g6b8073e00e9",
            "image_72": "https:\/\/secure.gravatar.com\/avatar\/b96b8073e00e9eb02bcf05bc1418eb3a.jpg?s=72&d=https%3A%2F%2Fa.slack-edge.com%2Fdf10d%2Fimg%2Favatars%2Fava_0021-72.png",
            "first_name": "Otto",
            "real_name": "Otto Atzwanger",
            "display_name": "Otto",
            "team": "TJH5YU202",
            "name": "otto",
            "is_restricted": false,
            "is_ultra_restricted": false
        },
        "blocks": [
            {
                "type": "rich_text",
                "block_id": "nwlS",
                "elements": [
                    {
                        "type": "rich_text_section",
                        "elements": [
                            {
                                "type": "text",
                                "text": "Now I can select the database which is used."
                            }
                        ]
                    }
                ]
            }
        ]
    },
    {
        "type": "message",
        "text": "",
        "files": [
            {
                "id": "F01139B0801",
                "created": 1585856209,
                "timestamp": 1585856209,
                "name": "grafik.png",
                "title": "grafik.png",
                "mimetype": "image\/png",
                "filetype": "png",
                "pretty_type": "PNG",
                "user": "UJHD6A81H",
                "editable": false,
                "size": 8746,
                "mode": "hosted",
                "is_external": false,
                "external_type": "",
                "is_public": true,
                "public_url_shared": false,
                "display_as_bot": false,
                "username": "",
                "url_private": "https:\/\/files.slack.com\/files-pri\/TJH5YU202-F01139B0801\/grafik.png?t=xoxe-629202954002-1115206499825-1101204359349-48e7ea248bf98b7fac300966398406ac",
                "url_private_download": "https:\/\/files.slack.com\/files-pri\/TJH5YU202-F01139B0801\/download\/grafik.png?t=xoxe-629202954002-1115206499825-1101204359349-48e7ea248bf98b7fac300966398406ac",
                "thumb_64": "https:\/\/files.slack.com\/files-tmb\/TJH5YU202-F01139B0801-9fe3e839f7\/grafik_64.png?t=xoxe-629202954002-1115206499825-1101204359349-48e7ea248bf98b7fac300966398406ac",
                "thumb_80": "https:\/\/files.slack.com\/files-tmb\/TJH5YU202-F01139B0801-9fe3e839f7\/grafik_80.png?t=xoxe-629202954002-1115206499825-1101204359349-48e7ea248bf98b7fac300966398406ac",
                "thumb_360": "https:\/\/files.slack.com\/files-tmb\/TJH5YU202-F01139B0801-9fe3e839f7\/grafik_360.png?t=xoxe-629202954002-1115206499825-1101204359349-48e7ea248bf98b7fac300966398406ac",
                "thumb_360_w": 277,
                "thumb_360_h": 360,
                "thumb_480": "https:\/\/files.slack.com\/files-tmb\/TJH5YU202-F01139B0801-9fe3e839f7\/grafik_480.png?t=xoxe-629202954002-1115206499825-1101204359349-48e7ea248bf98b7fac300966398406ac",
                "thumb_480_w": 369,
                "thumb_480_h": 480,
                "thumb_160": "https:\/\/files.slack.com\/files-tmb\/TJH5YU202-F01139B0801-9fe3e839f7\/grafik_160.png?t=xoxe-629202954002-1115206499825-1101204359349-48e7ea248bf98b7fac300966398406ac",
                "image_exif_rotation": 1,
                "original_w": 550,
                "original_h": 716,
                "thumb_tiny": "AwAwACSpRW35cf8AcX8qXy4\/7i\/lV8xpzmHRW55Uf9xfyo8qP+4v5Ucwc5h0VueVH\/cX8qPKj\/uL+VHMHOKe1A+lBoBzUGYtFFFABRRRQAyQSHHlsB65pyBgo3kFu+KWincVgooopDCiiigD\/9k=",
                "permalink": "https:\/\/harbourproject.slack.com\/files\/UJHD6A81H\/F01139B0801\/grafik.png",
                "permalink_public": "https:\/\/slack-files.com\/TJH5YU202-F01139B0801-e11aaf4208",
                "is_starred": false,
                "has_rich_preview": false
            }
        ],
        "upload": true,
        "user": "UJHD6A81H",
        "display_as_bot": false,
        "ts": "1585856213.020800",
        "client_msg_id": "f34ba7c5-b836-4d93-8ceb-c923834fcc39"
    },
    {
        "type": "message",
        "text": "",
        "files": [
            {
                "id": "F010Z888S66",
                "created": 1585856245,
                "timestamp": 1585856245,
                "name": "grafik.png",
                "title": "grafik.png",
                "mimetype": "image\/png",
                "filetype": "png",
                "pretty_type": "PNG",
                "user": "UJHD6A81H",
                "editable": false,
                "size": 22968,
                "mode": "hosted",
                "is_external": false,
                "external_type": "",
                "is_public": true,
                "public_url_shared": false,
                "display_as_bot": false,
                "username": "",
                "url_private": "https:\/\/files.slack.com\/files-pri\/TJH5YU202-F010Z888S66\/grafik.png?t=xoxe-629202954002-1115206499825-1101204359349-48e7ea248bf98b7fac300966398406ac",
                "url_private_download": "https:\/\/files.slack.com\/files-pri\/TJH5YU202-F010Z888S66\/download\/grafik.png?t=xoxe-629202954002-1115206499825-1101204359349-48e7ea248bf98b7fac300966398406ac",
                "thumb_64": "https:\/\/files.slack.com\/files-tmb\/TJH5YU202-F010Z888S66-ac7db7eb4f\/grafik_64.png?t=xoxe-629202954002-1115206499825-1101204359349-48e7ea248bf98b7fac300966398406ac",
                "thumb_80": "https:\/\/files.slack.com\/files-tmb\/TJH5YU202-F010Z888S66-ac7db7eb4f\/grafik_80.png?t=xoxe-629202954002-1115206499825-1101204359349-48e7ea248bf98b7fac300966398406ac",
                "thumb_360": "https:\/\/files.slack.com\/files-tmb\/TJH5YU202-F010Z888S66-ac7db7eb4f\/grafik_360.png?t=xoxe-629202954002-1115206499825-1101204359349-48e7ea248bf98b7fac300966398406ac",
                "thumb_360_w": 360,
                "thumb_360_h": 288,
                "thumb_480": "https:\/\/files.slack.com\/files-tmb\/TJH5YU202-F010Z888S66-ac7db7eb4f\/grafik_480.png?t=xoxe-629202954002-1115206499825-1101204359349-48e7ea248bf98b7fac300966398406ac",
                "thumb_480_w": 480,
                "thumb_480_h": 385,
                "thumb_160": "https:\/\/files.slack.com\/files-tmb\/TJH5YU202-F010Z888S66-ac7db7eb4f\/grafik_160.png?t=xoxe-629202954002-1115206499825-1101204359349-48e7ea248bf98b7fac300966398406ac",
                "thumb_720": "https:\/\/files.slack.com\/files-tmb\/TJH5YU202-F010Z888S66-ac7db7eb4f\/grafik_720.png?t=xoxe-629202954002-1115206499825-1101204359349-48e7ea248bf98b7fac300966398406ac",
                "thumb_720_w": 720,
                "thumb_720_h": 577,
                "thumb_800": "https:\/\/files.slack.com\/files-tmb\/TJH5YU202-F010Z888S66-ac7db7eb4f\/grafik_800.png?t=xoxe-629202954002-1115206499825-1101204359349-48e7ea248bf98b7fac300966398406ac",
                "thumb_800_w": 800,
                "thumb_800_h": 641,
                "image_exif_rotation": 1,
                "original_w": 880,
                "original_h": 705,
                "thumb_tiny": "AwAmADCD99\/00\/Wj99\/00\/WtknFG4VfMXzmN++\/6afrR++\/6afrWzuo3Ucwc5jfvv+mn60fvv+mn61s7qN1HMHONf8fwpoBPc096b+FQQGD6mjB\/vGlFFACYPqaUDHfNFFACSoHABJH0oUbVAznHrTm60lO4gooopDCiiigD\/9k=",
                "permalink": "https:\/\/harbourproject.slack.com\/files\/UJHD6A81H\/F010Z888S66\/grafik.png",
                "permalink_public": "https:\/\/slack-files.com\/TJH5YU202-F010Z888S66-b979a31792",
                "is_starred": false,
                "has_rich_preview": false
            }
        ],
        "upload": true,
        "user": "UJHD6A81H",
        "display_as_bot": false,
        "ts": "1585856251.021100",
        "client_msg_id": "8ff29de0-7510-4757-bd77-ea9388af265b"
    },
    {
        "type": "message",
        "text": "",
        "files": [
            {
                "id": "F0110F9N7FV",
                "created": 1585856295,
                "timestamp": 1585856295,
                "name": "grafik.png",
                "title": "grafik.png",
                "mimetype": "image\/png",
                "filetype": "png",
                "pretty_type": "PNG",
                "user": "UJHD6A81H",
                "editable": false,
                "size": 105687,
                "mode": "hosted",
                "is_external": false,
                "external_type": "",
                "is_public": true,
                "public_url_shared": false,
                "display_as_bot": false,
                "username": "",
                "url_private": "https:\/\/files.slack.com\/files-pri\/TJH5YU202-F0110F9N7FV\/grafik.png?t=xoxe-629202954002-1115206499825-1101204359349-48e7ea248bf98b7fac300966398406ac",
                "url_private_download": "https:\/\/files.slack.com\/files-pri\/TJH5YU202-F0110F9N7FV\/download\/grafik.png?t=xoxe-629202954002-1115206499825-1101204359349-48e7ea248bf98b7fac300966398406ac",
                "thumb_64": "https:\/\/files.slack.com\/files-tmb\/TJH5YU202-F0110F9N7FV-318308a55a\/grafik_64.png?t=xoxe-629202954002-1115206499825-1101204359349-48e7ea248bf98b7fac300966398406ac",
                "thumb_80": "https:\/\/files.slack.com\/files-tmb\/TJH5YU202-F0110F9N7FV-318308a55a\/grafik_80.png?t=xoxe-629202954002-1115206499825-1101204359349-48e7ea248bf98b7fac300966398406ac",
                "thumb_360": "https:\/\/files.slack.com\/files-tmb\/TJH5YU202-F0110F9N7FV-318308a55a\/grafik_360.png?t=xoxe-629202954002-1115206499825-1101204359349-48e7ea248bf98b7fac300966398406ac",
                "thumb_360_w": 360,
                "thumb_360_h": 237,
                "thumb_480": "https:\/\/files.slack.com\/files-tmb\/TJH5YU202-F0110F9N7FV-318308a55a\/grafik_480.png?t=xoxe-629202954002-1115206499825-1101204359349-48e7ea248bf98b7fac300966398406ac",
                "thumb_480_w": 480,
                "thumb_480_h": 316,
                "thumb_160": "https:\/\/files.slack.com\/files-tmb\/TJH5YU202-F0110F9N7FV-318308a55a\/grafik_160.png?t=xoxe-629202954002-1115206499825-1101204359349-48e7ea248bf98b7fac300966398406ac",
                "thumb_720": "https:\/\/files.slack.com\/files-tmb\/TJH5YU202-F0110F9N7FV-318308a55a\/grafik_720.png?t=xoxe-629202954002-1115206499825-1101204359349-48e7ea248bf98b7fac300966398406ac",
                "thumb_720_w": 720,
                "thumb_720_h": 474,
                "thumb_800": "https:\/\/files.slack.com\/files-tmb\/TJH5YU202-F0110F9N7FV-318308a55a\/grafik_800.png?t=xoxe-629202954002-1115206499825-1101204359349-48e7ea248bf98b7fac300966398406ac",
                "thumb_800_w": 800,
                "thumb_800_h": 526,
                "thumb_960": "https:\/\/files.slack.com\/files-tmb\/TJH5YU202-F0110F9N7FV-318308a55a\/grafik_960.png?t=xoxe-629202954002-1115206499825-1101204359349-48e7ea248bf98b7fac300966398406ac",
                "thumb_960_w": 960,
                "thumb_960_h": 632,
                "thumb_1024": "https:\/\/files.slack.com\/files-tmb\/TJH5YU202-F0110F9N7FV-318308a55a\/grafik_1024.png?t=xoxe-629202954002-1115206499825-1101204359349-48e7ea248bf98b7fac300966398406ac",
                "thumb_1024_w": 1024,
                "thumb_1024_h": 674,
                "image_exif_rotation": 1,
                "original_w": 1248,
                "original_h": 821,
                "thumb_tiny": "AwAfADCkATSZNLjjOf1oxnv+tADaKXHHUUlAGpYAm2Axnk1Z2kD7tV9N\/wBQPqauMcCgDAHfil\/CnCNwfu\/rRsfH3f1FAEZz6Yoyaf5b\/wB3+VJ5b\/3f5UAaWm\/6gfU1bbpVC0mWGEK4bdkngCp\/taHj5ufYUAf\/2Q==",
                "permalink": "https:\/\/harbourproject.slack.com\/files\/UJHD6A81H\/F0110F9N7FV\/grafik.png",
                "permalink_public": "https:\/\/slack-files.com\/TJH5YU202-F0110F9N7FV-05c6e85f46",
                "is_starred": false,
                "has_rich_preview": false
            }
        ],
        "upload": true,
        "user": "UJHD6A81H",
        "display_as_bot": false,
        "ts": "1585856299.021400",
        "client_msg_id": "29f2df04-b078-4c7b-91a7-ec0f313a3614"
    }
]