[
    {
        "client_msg_id": "2e562cc2-d933-434f-a2a3-6725923a0c18",
        "type": "message",
        "text": "<https:\/\/forum.mod-harbour.org\/viewtopic.php?f=6&amp;t=448> here is the translated version of the blog entry about the 4th blog's workshop",
        "user": "UMZ3LNV5Z",
        "ts": "1585507735.017500",
        "team": "TJH5YU202",
        "user_team": "TJH5YU202",
        "source_team": "TJH5YU202",
        "user_profile": {
            "avatar_hash": "0705cbdb2dc9",
            "image_72": "https:\/\/avatars.slack-edge.com\/2020-02-24\/967980533062_0705cbdb2dc9cb3644bb_72.jpg",
            "first_name": "Pablo",
            "real_name": "Pablo Botella",
            "display_name": "Pablo Botella",
            "team": "TJH5YU202",
            "name": "pb",
            "is_restricted": false,
            "is_ultra_restricted": false
        },
        "blocks": [
            {
                "type": "rich_text",
                "block_id": "j98D+",
                "elements": [
                    {
                        "type": "rich_text_section",
                        "elements": [
                            {
                                "type": "link",
                                "url": "https:\/\/forum.mod-harbour.org\/viewtopic.php?f=6&t=448"
                            },
                            {
                                "type": "text",
                                "text": " here is the translated version of the blog entry about the 4th blog's workshop"
                            }
                        ]
                    }
                ]
            }
        ]
    },
    {
        "client_msg_id": "2f3de655-cad6-4966-980c-ebce91048c55",
        "type": "message",
        "text": "Xevi, I made a test with PDF. Please see: <https:\/\/www.modharbour.club\/mh_pdf\/pdfviewer.prg>",
        "user": "UJHD6A81H",
        "ts": "1585511242.018200",
        "team": "TJH5YU202",
        "user_team": "TJH5YU202",
        "source_team": "TJH5YU202",
        "user_profile": {
            "avatar_hash": "g6b8073e00e9",
            "image_72": "https:\/\/secure.gravatar.com\/avatar\/b96b8073e00e9eb02bcf05bc1418eb3a.jpg?s=72&d=https%3A%2F%2Fa.slack-edge.com%2Fdf10d%2Fimg%2Favatars%2Fava_0021-72.png",
            "first_name": "Otto",
            "real_name": "Otto Atzwanger",
            "display_name": "Otto",
            "team": "TJH5YU202",
            "name": "otto",
            "is_restricted": false,
            "is_ultra_restricted": false
        },
        "blocks": [
            {
                "type": "rich_text",
                "block_id": "Ms45",
                "elements": [
                    {
                        "type": "rich_text_section",
                        "elements": [
                            {
                                "type": "text",
                                "text": "Xevi, I made a test with PDF. Please see: "
                            },
                            {
                                "type": "link",
                                "url": "https:\/\/www.modharbour.club\/mh_pdf\/pdfviewer.prg"
                            }
                        ]
                    }
                ]
            }
        ]
    }
]