[
    {
        "client_msg_id": "222fd31f-a5bb-4953-9e28-376b589cae36",
        "type": "message",
        "text": "DATABASE DRIVEN WEB PAGES             <https:\/\/winhotel.space\/harbourino\/html\/forum_pagedata.html>",
        "user": "UJHD6A81H",
        "ts": "1587157938.037000",
        "team": "TJH5YU202",
        "user_team": "TJH5YU202",
        "source_team": "TJH5YU202",
        "user_profile": {
            "avatar_hash": "g6b8073e00e9",
            "image_72": "https:\/\/secure.gravatar.com\/avatar\/b96b8073e00e9eb02bcf05bc1418eb3a.jpg?s=72&d=https%3A%2F%2Fa.slack-edge.com%2Fdf10d%2Fimg%2Favatars%2Fava_0021-72.png",
            "first_name": "Otto",
            "real_name": "Otto Atzwanger",
            "display_name": "Otto",
            "team": "TJH5YU202",
            "name": "otto",
            "is_restricted": false,
            "is_ultra_restricted": false
        },
        "blocks": [
            {
                "type": "rich_text",
                "block_id": "3WKB",
                "elements": [
                    {
                        "type": "rich_text_section",
                        "elements": [
                            {
                                "type": "text",
                                "text": "DATABASE DRIVEN WEB PAGES             "
                            },
                            {
                                "type": "link",
                                "url": "https:\/\/winhotel.space\/harbourino\/html\/forum_pagedata.html"
                            }
                        ]
                    }
                ]
            }
        ],
        "reactions": [
            {
                "name": "clap",
                "users": [
                    "UJUJLTWMT"
                ],
                "count": 1
            },
            {
                "name": "+1",
                "users": [
                    "UK28N3CER"
                ],
                "count": 1
            }
        ]
    }
]