[
    {
        "client_msg_id": "a9a559aa-2ba0-41be-9732-df449d577cfa",
        "type": "message",
        "text": "Andreu, this is the report I get&gt;",
        "user": "UJHD6A81H",
        "ts": "1587634171.039700",
        "team": "TJH5YU202",
        "user_team": "TJH5YU202",
        "source_team": "TJH5YU202",
        "user_profile": {
            "avatar_hash": "g6b8073e00e9",
            "image_72": "https:\/\/secure.gravatar.com\/avatar\/b96b8073e00e9eb02bcf05bc1418eb3a.jpg?s=72&d=https%3A%2F%2Fa.slack-edge.com%2Fdf10d%2Fimg%2Favatars%2Fava_0021-72.png",
            "first_name": "Otto",
            "real_name": "Otto Atzwanger",
            "display_name": "Otto",
            "team": "TJH5YU202",
            "name": "otto",
            "is_restricted": false,
            "is_ultra_restricted": false
        },
        "blocks": [
            {
                "type": "rich_text",
                "block_id": "aAP\/K",
                "elements": [
                    {
                        "type": "rich_text_section",
                        "elements": [
                            {
                                "type": "text",
                                "text": "Andreu, this is the report I get>"
                            }
                        ]
                    }
                ]
            }
        ]
    },
    {
        "type": "message",
        "text": "",
        "files": [
            {
                "id": "F012BNPGYF7",
                "created": 1587634174,
                "timestamp": 1587634174,
                "name": "grafik.png",
                "title": "grafik.png",
                "mimetype": "image\/png",
                "filetype": "png",
                "pretty_type": "PNG",
                "user": "UJHD6A81H",
                "editable": false,
                "size": 23254,
                "mode": "hosted",
                "is_external": false,
                "external_type": "",
                "is_public": true,
                "public_url_shared": false,
                "display_as_bot": false,
                "username": "",
                "url_private": "https:\/\/files.slack.com\/files-pri\/TJH5YU202-F012BNPGYF7\/grafik.png?t=xoxe-629202954002-1115206499825-1101204359349-48e7ea248bf98b7fac300966398406ac",
                "url_private_download": "https:\/\/files.slack.com\/files-pri\/TJH5YU202-F012BNPGYF7\/download\/grafik.png?t=xoxe-629202954002-1115206499825-1101204359349-48e7ea248bf98b7fac300966398406ac",
                "thumb_64": "https:\/\/files.slack.com\/files-tmb\/TJH5YU202-F012BNPGYF7-ad5548d031\/grafik_64.png?t=xoxe-629202954002-1115206499825-1101204359349-48e7ea248bf98b7fac300966398406ac",
                "thumb_80": "https:\/\/files.slack.com\/files-tmb\/TJH5YU202-F012BNPGYF7-ad5548d031\/grafik_80.png?t=xoxe-629202954002-1115206499825-1101204359349-48e7ea248bf98b7fac300966398406ac",
                "thumb_360": "https:\/\/files.slack.com\/files-tmb\/TJH5YU202-F012BNPGYF7-ad5548d031\/grafik_360.png?t=xoxe-629202954002-1115206499825-1101204359349-48e7ea248bf98b7fac300966398406ac",
                "thumb_360_w": 360,
                "thumb_360_h": 216,
                "thumb_480": "https:\/\/files.slack.com\/files-tmb\/TJH5YU202-F012BNPGYF7-ad5548d031\/grafik_480.png?t=xoxe-629202954002-1115206499825-1101204359349-48e7ea248bf98b7fac300966398406ac",
                "thumb_480_w": 480,
                "thumb_480_h": 288,
                "thumb_160": "https:\/\/files.slack.com\/files-tmb\/TJH5YU202-F012BNPGYF7-ad5548d031\/grafik_160.png?t=xoxe-629202954002-1115206499825-1101204359349-48e7ea248bf98b7fac300966398406ac",
                "thumb_720": "https:\/\/files.slack.com\/files-tmb\/TJH5YU202-F012BNPGYF7-ad5548d031\/grafik_720.png?t=xoxe-629202954002-1115206499825-1101204359349-48e7ea248bf98b7fac300966398406ac",
                "thumb_720_w": 720,
                "thumb_720_h": 433,
                "original_w": 759,
                "original_h": 456,
                "thumb_tiny": "AwAcADDR79P1pf8APWlwM0YHpQAnFB\/zzS4HpRgelADfw\/WlGaCPp+VA4OKABqQU4jNJj3NABRS0UAIelA+9S4oxzQB\/\/9k=",
                "permalink": "https:\/\/harbourproject.slack.com\/files\/UJHD6A81H\/F012BNPGYF7\/grafik.png",
                "permalink_public": "https:\/\/slack-files.com\/TJH5YU202-F012BNPGYF7-6f7e908af7",
                "is_starred": false,
                "has_rich_preview": false
            }
        ],
        "upload": true,
        "user": "UJHD6A81H",
        "display_as_bot": false,
        "ts": "1587634175.039800",
        "client_msg_id": "e75199b0-a229-484c-9530-f49254265fa4"
    },
    {
        "client_msg_id": "f814b50e-9c16-4314-b9d2-899d8c8ca06e",
        "type": "message",
        "text": "that's something you usually configure apache to do",
        "user": "UNAHBRTFA",
        "ts": "1587635118.040300",
        "team": "TJH5YU202",
        "user_team": "TJH5YU202",
        "source_team": "TJH5YU202",
        "user_profile": {
            "avatar_hash": "g3d2a3f4c28c",
            "image_72": "https:\/\/secure.gravatar.com\/avatar\/23d2a3f4c28cebb4cf07e48d02620517.jpg?s=72&d=https%3A%2F%2Fa.slack-edge.com%2Fdf10d%2Fimg%2Favatars%2Fava_0020-72.png",
            "first_name": "Andreu",
            "real_name": "Andreu Botella",
            "display_name": "Andreu Botella",
            "team": "TJH5YU202",
            "name": "andreu.132",
            "is_restricted": false,
            "is_ultra_restricted": false
        },
        "edited": {
            "user": "UNAHBRTFA",
            "ts": "1587635193.000000"
        },
        "blocks": [
            {
                "type": "rich_text",
                "block_id": "wgZ7",
                "elements": [
                    {
                        "type": "rich_text_section",
                        "elements": [
                            {
                                "type": "text",
                                "text": "that's something you usually configure apache to do"
                            }
                        ]
                    }
                ]
            }
        ]
    },
    {
        "client_msg_id": "c60d379f-04b2-4b05-aae5-864cecc1a29c",
        "type": "message",
        "text": "it's not affected by whether you're pulling data from dbfs, sql or whatever",
        "user": "UNAHBRTFA",
        "ts": "1587635147.040900",
        "team": "TJH5YU202",
        "user_team": "TJH5YU202",
        "source_team": "TJH5YU202",
        "user_profile": {
            "avatar_hash": "g3d2a3f4c28c",
            "image_72": "https:\/\/secure.gravatar.com\/avatar\/23d2a3f4c28cebb4cf07e48d02620517.jpg?s=72&d=https%3A%2F%2Fa.slack-edge.com%2Fdf10d%2Fimg%2Favatars%2Fava_0020-72.png",
            "first_name": "Andreu",
            "real_name": "Andreu Botella",
            "display_name": "Andreu Botella",
            "team": "TJH5YU202",
            "name": "andreu.132",
            "is_restricted": false,
            "is_ultra_restricted": false
        },
        "blocks": [
            {
                "type": "rich_text",
                "block_id": "j=LU",
                "elements": [
                    {
                        "type": "rich_text_section",
                        "elements": [
                            {
                                "type": "text",
                                "text": "it's not affected by whether you're pulling data from dbfs, sql or whatever"
                            }
                        ]
                    }
                ]
            }
        ]
    },
    {
        "client_msg_id": "3dc42fae-042c-4cb4-8564-cba8dcfa7735",
        "type": "message",
        "text": "Thank you . Can you show me please where you can set that at Apache.",
        "user": "UJHD6A81H",
        "ts": "1587635482.041300",
        "team": "TJH5YU202",
        "user_team": "TJH5YU202",
        "source_team": "TJH5YU202",
        "user_profile": {
            "avatar_hash": "g6b8073e00e9",
            "image_72": "https:\/\/secure.gravatar.com\/avatar\/b96b8073e00e9eb02bcf05bc1418eb3a.jpg?s=72&d=https%3A%2F%2Fa.slack-edge.com%2Fdf10d%2Fimg%2Favatars%2Fava_0021-72.png",
            "first_name": "Otto",
            "real_name": "Otto Atzwanger",
            "display_name": "Otto",
            "team": "TJH5YU202",
            "name": "otto",
            "is_restricted": false,
            "is_ultra_restricted": false
        },
        "blocks": [
            {
                "type": "rich_text",
                "block_id": "BttKj",
                "elements": [
                    {
                        "type": "rich_text_section",
                        "elements": [
                            {
                                "type": "text",
                                "text": "Thank you . Can you show me please where you can set that at Apache."
                            }
                        ]
                    }
                ]
            }
        ]
    },
    {
        "client_msg_id": "56a1eaf1-93cf-422d-9215-8d77c72d8e72",
        "type": "message",
        "text": "Andreu, I see there are a lot of instructions in google search. I test.",
        "user": "UJHD6A81H",
        "ts": "1587635667.041900",
        "team": "TJH5YU202",
        "user_team": "TJH5YU202",
        "source_team": "TJH5YU202",
        "user_profile": {
            "avatar_hash": "g6b8073e00e9",
            "image_72": "https:\/\/secure.gravatar.com\/avatar\/b96b8073e00e9eb02bcf05bc1418eb3a.jpg?s=72&d=https%3A%2F%2Fa.slack-edge.com%2Fdf10d%2Fimg%2Favatars%2Fava_0021-72.png",
            "first_name": "Otto",
            "real_name": "Otto Atzwanger",
            "display_name": "Otto",
            "team": "TJH5YU202",
            "name": "otto",
            "is_restricted": false,
            "is_ultra_restricted": false
        },
        "blocks": [
            {
                "type": "rich_text",
                "block_id": "FONli",
                "elements": [
                    {
                        "type": "rich_text_section",
                        "elements": [
                            {
                                "type": "text",
                                "text": "Andreu, I see there are a lot of instructions in google search. I test."
                            }
                        ]
                    }
                ]
            }
        ]
    },
    {
        "client_msg_id": "3927f08c-188d-46de-a1bf-5114256f8a57",
        "type": "message",
        "text": "tbh, I'm not sure how to set it up in apache",
        "user": "UNAHBRTFA",
        "ts": "1587635872.042300",
        "team": "TJH5YU202",
        "user_team": "TJH5YU202",
        "source_team": "TJH5YU202",
        "user_profile": {
            "avatar_hash": "g3d2a3f4c28c",
            "image_72": "https:\/\/secure.gravatar.com\/avatar\/23d2a3f4c28cebb4cf07e48d02620517.jpg?s=72&d=https%3A%2F%2Fa.slack-edge.com%2Fdf10d%2Fimg%2Favatars%2Fava_0020-72.png",
            "first_name": "Andreu",
            "real_name": "Andreu Botella",
            "display_name": "Andreu Botella",
            "team": "TJH5YU202",
            "name": "andreu.132",
            "is_restricted": false,
            "is_ultra_restricted": false
        },
        "blocks": [
            {
                "type": "rich_text",
                "block_id": "8K0Y",
                "elements": [
                    {
                        "type": "rich_text_section",
                        "elements": [
                            {
                                "type": "text",
                                "text": "tbh, I'm not sure how to set it up in apache"
                            }
                        ]
                    }
                ]
            }
        ]
    },
    {
        "client_msg_id": "eb0a28d7-631f-42cc-b8fd-1deb4a260674",
        "type": "message",
        "text": "in nginx, sure",
        "user": "UNAHBRTFA",
        "ts": "1587635881.042600",
        "team": "TJH5YU202",
        "user_team": "TJH5YU202",
        "source_team": "TJH5YU202",
        "user_profile": {
            "avatar_hash": "g3d2a3f4c28c",
            "image_72": "https:\/\/secure.gravatar.com\/avatar\/23d2a3f4c28cebb4cf07e48d02620517.jpg?s=72&d=https%3A%2F%2Fa.slack-edge.com%2Fdf10d%2Fimg%2Favatars%2Fava_0020-72.png",
            "first_name": "Andreu",
            "real_name": "Andreu Botella",
            "display_name": "Andreu Botella",
            "team": "TJH5YU202",
            "name": "andreu.132",
            "is_restricted": false,
            "is_ultra_restricted": false
        },
        "blocks": [
            {
                "type": "rich_text",
                "block_id": "hS1s",
                "elements": [
                    {
                        "type": "rich_text_section",
                        "elements": [
                            {
                                "type": "text",
                                "text": "in nginx, sure"
                            }
                        ]
                    }
                ]
            }
        ]
    },
    {
        "client_msg_id": "2d9a82f7-cb04-4dd5-a33f-7e76bf721e77",
        "type": "message",
        "text": "DearAntonio, WebSockets are not very clear to me.\nLet's say I have a webshop that stores the orders in dbf files on the APACHE server.\nThe files should now be automatically transferred to the office.\nIf a website supporting WebSockets is opened in the office and if there are new DBF files, are they transfered automatically?\nCan you solve such a problem with it?",
        "user": "UJHD6A81H",
        "ts": "1587643466.044100",
        "team": "TJH5YU202",
        "user_team": "TJH5YU202",
        "source_team": "TJH5YU202",
        "user_profile": {
            "avatar_hash": "g6b8073e00e9",
            "image_72": "https:\/\/secure.gravatar.com\/avatar\/b96b8073e00e9eb02bcf05bc1418eb3a.jpg?s=72&d=https%3A%2F%2Fa.slack-edge.com%2Fdf10d%2Fimg%2Favatars%2Fava_0021-72.png",
            "first_name": "Otto",
            "real_name": "Otto Atzwanger",
            "display_name": "Otto",
            "team": "TJH5YU202",
            "name": "otto",
            "is_restricted": false,
            "is_ultra_restricted": false
        },
        "blocks": [
            {
                "type": "rich_text",
                "block_id": "hrE",
                "elements": [
                    {
                        "type": "rich_text_section",
                        "elements": [
                            {
                                "type": "text",
                                "text": "DearAntonio, WebSockets are not very clear to me.\nLet's say I have a webshop that stores the orders in dbf files on the APACHE server.\nThe files should now be automatically transferred to the office.\nIf a website supporting WebSockets is opened in the office and if there are new DBF files, are they transfered automatically?\nCan you solve such a problem with it?"
                            }
                        ]
                    }
                ]
            }
        ]
    },
    {
        "client_msg_id": "d0b6916a-0146-4846-a62e-4dd39d8278cc",
        "type": "message",
        "text": "Yes. You can notify from server to client all new records.",
        "user": "UM81W8B0Q",
        "ts": "1587658804.044600",
        "team": "TJH5YU202",
        "user_team": "TJH5YU202",
        "source_team": "TJH5YU202",
        "user_profile": {
            "avatar_hash": "gab9279ee8c0",
            "image_72": "https:\/\/secure.gravatar.com\/avatar\/73ab9279ee8c00f66ce4904d30146c8f.jpg?s=72&d=https%3A%2F%2Fa.slack-edge.com%2Fdf10d%2Fimg%2Favatars%2Fava_0010-72.png",
            "first_name": "",
            "real_name": "Angel Pais",
            "display_name": "Angel Pais",
            "team": "TJH5YU202",
            "name": "amigosam",
            "is_restricted": false,
            "is_ultra_restricted": false
        },
        "blocks": [
            {
                "type": "rich_text",
                "block_id": "xNVL",
                "elements": [
                    {
                        "type": "rich_text_section",
                        "elements": [
                            {
                                "type": "text",
                                "text": "Yes. You can notify from server to client all new records."
                            }
                        ]
                    }
                ]
            }
        ]
    },
    {
        "client_msg_id": "d16593c5-fe5b-4770-95b8-d4fbe823f337",
        "type": "message",
        "text": "Thank you, do you have a little sample.",
        "user": "UJHD6A81H",
        "ts": "1587663962.045000",
        "team": "TJH5YU202",
        "user_team": "TJH5YU202",
        "source_team": "TJH5YU202",
        "user_profile": {
            "avatar_hash": "g6b8073e00e9",
            "image_72": "https:\/\/secure.gravatar.com\/avatar\/b96b8073e00e9eb02bcf05bc1418eb3a.jpg?s=72&d=https%3A%2F%2Fa.slack-edge.com%2Fdf10d%2Fimg%2Favatars%2Fava_0021-72.png",
            "first_name": "Otto",
            "real_name": "Otto Atzwanger",
            "display_name": "Otto",
            "team": "TJH5YU202",
            "name": "otto",
            "is_restricted": false,
            "is_ultra_restricted": false
        },
        "blocks": [
            {
                "type": "rich_text",
                "block_id": "Csc",
                "elements": [
                    {
                        "type": "rich_text_section",
                        "elements": [
                            {
                                "type": "text",
                                "text": "Thank you, do you have a little sample."
                            }
                        ]
                    }
                ]
            }
        ]
    },
    {
        "client_msg_id": "6c50f76b-0075-4471-bafa-c2ed370e18c7",
        "type": "message",
        "text": "Sorry I don't but I know it is possible.",
        "user": "UM81W8B0Q",
        "ts": "1587678545.045700",
        "team": "TJH5YU202",
        "user_team": "TJH5YU202",
        "source_team": "TJH5YU202",
        "user_profile": {
            "avatar_hash": "gab9279ee8c0",
            "image_72": "https:\/\/secure.gravatar.com\/avatar\/73ab9279ee8c00f66ce4904d30146c8f.jpg?s=72&d=https%3A%2F%2Fa.slack-edge.com%2Fdf10d%2Fimg%2Favatars%2Fava_0010-72.png",
            "first_name": "",
            "real_name": "Angel Pais",
            "display_name": "Angel Pais",
            "team": "TJH5YU202",
            "name": "amigosam",
            "is_restricted": false,
            "is_ultra_restricted": false
        },
        "blocks": [
            {
                "type": "rich_text",
                "block_id": "qAwI",
                "elements": [
                    {
                        "type": "rich_text_section",
                        "elements": [
                            {
                                "type": "text",
                                "text": "Sorry I don't but I know it is possible."
                            }
                        ]
                    }
                ]
            }
        ]
    },
    {
        "client_msg_id": "0bf1a8a2-7aa4-40cd-8896-e2c20e9ddc70",
        "type": "message",
        "text": "Otto if you need copy to remote server or by lan",
        "user": "UJXP7LS78",
        "ts": "1587683349.046300",
        "team": "TJH5YU202",
        "user_team": "TJH5YU202",
        "source_team": "TJH5YU202",
        "user_profile": {
            "avatar_hash": "gc4a0baebb72",
            "image_72": "https:\/\/secure.gravatar.com\/avatar\/a1c4a0baebb720b97e5a197259dbf409.jpg?s=72&d=https%3A%2F%2Fa.slack-edge.com%2Fdf10d%2Fimg%2Favatars%2Fava_0007-72.png",
            "first_name": "",
            "real_name": "wilson gamboa",
            "display_name": "wilson gamboa",
            "team": "TJH5YU202",
            "name": "wilson.josenet",
            "is_restricted": false,
            "is_ultra_restricted": false
        },
        "blocks": [
            {
                "type": "rich_text",
                "block_id": "c10",
                "elements": [
                    {
                        "type": "rich_text_section",
                        "elements": [
                            {
                                "type": "text",
                                "text": "Otto if you need copy to remote server or by lan"
                            }
                        ]
                    }
                ]
            }
        ]
    },
    {
        "client_msg_id": "2e56851d-8b22-44e8-bb11-1244c0d0bf05",
        "type": "message",
        "text": "use hbnetio",
        "user": "UJXP7LS78",
        "ts": "1587683357.046500",
        "team": "TJH5YU202",
        "user_team": "TJH5YU202",
        "source_team": "TJH5YU202",
        "user_profile": {
            "avatar_hash": "gc4a0baebb72",
            "image_72": "https:\/\/secure.gravatar.com\/avatar\/a1c4a0baebb720b97e5a197259dbf409.jpg?s=72&d=https%3A%2F%2Fa.slack-edge.com%2Fdf10d%2Fimg%2Favatars%2Fava_0007-72.png",
            "first_name": "",
            "real_name": "wilson gamboa",
            "display_name": "wilson gamboa",
            "team": "TJH5YU202",
            "name": "wilson.josenet",
            "is_restricted": false,
            "is_ultra_restricted": false
        },
        "blocks": [
            {
                "type": "rich_text",
                "block_id": "=Q8",
                "elements": [
                    {
                        "type": "rich_text_section",
                        "elements": [
                            {
                                "type": "text",
                                "text": "use hbnetio"
                            }
                        ]
                    }
                ]
            }
        ]
    },
    {
        "client_msg_id": "6f79aacf-a68c-4263-95aa-9b6ddc166edd",
        "type": "message",
        "text": "you can program a server",
        "user": "UJXP7LS78",
        "ts": "1587683377.046900",
        "team": "TJH5YU202",
        "user_team": "TJH5YU202",
        "source_team": "TJH5YU202",
        "user_profile": {
            "avatar_hash": "gc4a0baebb72",
            "image_72": "https:\/\/secure.gravatar.com\/avatar\/a1c4a0baebb720b97e5a197259dbf409.jpg?s=72&d=https%3A%2F%2Fa.slack-edge.com%2Fdf10d%2Fimg%2Favatars%2Fava_0007-72.png",
            "first_name": "",
            "real_name": "wilson gamboa",
            "display_name": "wilson gamboa",
            "team": "TJH5YU202",
            "name": "wilson.josenet",
            "is_restricted": false,
            "is_ultra_restricted": false
        },
        "blocks": [
            {
                "type": "rich_text",
                "block_id": "HOd",
                "elements": [
                    {
                        "type": "rich_text_section",
                        "elements": [
                            {
                                "type": "text",
                                "text": "you can program a server"
                            }
                        ]
                    }
                ]
            }
        ]
    },
    {
        "client_msg_id": "7abcfdfa-af35-4c4e-901c-1d780c7153e8",
        "type": "message",
        "text": "and on moh_harbour you act as a cliente and send the dbf to the server",
        "user": "UJXP7LS78",
        "ts": "1587683413.047600",
        "team": "TJH5YU202",
        "user_team": "TJH5YU202",
        "source_team": "TJH5YU202",
        "user_profile": {
            "avatar_hash": "gc4a0baebb72",
            "image_72": "https:\/\/secure.gravatar.com\/avatar\/a1c4a0baebb720b97e5a197259dbf409.jpg?s=72&d=https%3A%2F%2Fa.slack-edge.com%2Fdf10d%2Fimg%2Favatars%2Fava_0007-72.png",
            "first_name": "",
            "real_name": "wilson gamboa",
            "display_name": "wilson gamboa",
            "team": "TJH5YU202",
            "name": "wilson.josenet",
            "is_restricted": false,
            "is_ultra_restricted": false
        },
        "blocks": [
            {
                "type": "rich_text",
                "block_id": "G3kLx",
                "elements": [
                    {
                        "type": "rich_text_section",
                        "elements": [
                            {
                                "type": "text",
                                "text": "and on moh_harbour you act as a cliente and send the dbf to the server"
                            }
                        ]
                    }
                ]
            }
        ]
    },
    {
        "client_msg_id": "a60f39a5-4ed0-499a-a044-b72811a30076",
        "type": "message",
        "text": "or only append some records from client to server",
        "user": "UJXP7LS78",
        "ts": "1587684069.048100",
        "team": "TJH5YU202",
        "user_team": "TJH5YU202",
        "source_team": "TJH5YU202",
        "user_profile": {
            "avatar_hash": "gc4a0baebb72",
            "image_72": "https:\/\/secure.gravatar.com\/avatar\/a1c4a0baebb720b97e5a197259dbf409.jpg?s=72&d=https%3A%2F%2Fa.slack-edge.com%2Fdf10d%2Fimg%2Favatars%2Fava_0007-72.png",
            "first_name": "",
            "real_name": "wilson gamboa",
            "display_name": "wilson gamboa",
            "team": "TJH5YU202",
            "name": "wilson.josenet",
            "is_restricted": false,
            "is_ultra_restricted": false
        },
        "blocks": [
            {
                "type": "rich_text",
                "block_id": "Gqonf",
                "elements": [
                    {
                        "type": "rich_text_section",
                        "elements": [
                            {
                                "type": "text",
                                "text": "or only append some records from client to server"
                            }
                        ]
                    }
                ]
            }
        ]
    }
]