[
    {
        "client_msg_id": "7964822c-f044-4c24-85b0-d1de8a9c89fd",
        "type": "message",
        "text": "Good morning",
        "user": "UJHD6A81H",
        "ts": "1586679503.033400",
        "team": "TJH5YU202",
        "user_team": "TJH5YU202",
        "source_team": "TJH5YU202",
        "user_profile": {
            "avatar_hash": "g6b8073e00e9",
            "image_72": "https:\/\/secure.gravatar.com\/avatar\/b96b8073e00e9eb02bcf05bc1418eb3a.jpg?s=72&d=https%3A%2F%2Fa.slack-edge.com%2Fdf10d%2Fimg%2Favatars%2Fava_0021-72.png",
            "first_name": "Otto",
            "real_name": "Otto Atzwanger",
            "display_name": "Otto",
            "team": "TJH5YU202",
            "name": "otto",
            "is_restricted": false,
            "is_ultra_restricted": false
        },
        "blocks": [
            {
                "type": "rich_text",
                "block_id": "FNWj",
                "elements": [
                    {
                        "type": "rich_text_section",
                        "elements": [
                            {
                                "type": "text",
                                "text": "Good morning"
                            }
                        ]
                    }
                ]
            }
        ]
    },
    {
        "client_msg_id": "930387a8-22a8-4939-8c63-e59f052e42ca",
        "type": "message",
        "text": "Now I can select from products, and the items are stored in the shopping card.",
        "user": "UJHD6A81H",
        "ts": "1586679582.034100",
        "team": "TJH5YU202",
        "user_team": "TJH5YU202",
        "source_team": "TJH5YU202",
        "user_profile": {
            "avatar_hash": "g6b8073e00e9",
            "image_72": "https:\/\/secure.gravatar.com\/avatar\/b96b8073e00e9eb02bcf05bc1418eb3a.jpg?s=72&d=https%3A%2F%2Fa.slack-edge.com%2Fdf10d%2Fimg%2Favatars%2Fava_0021-72.png",
            "first_name": "Otto",
            "real_name": "Otto Atzwanger",
            "display_name": "Otto",
            "team": "TJH5YU202",
            "name": "otto",
            "is_restricted": false,
            "is_ultra_restricted": false
        },
        "blocks": [
            {
                "type": "rich_text",
                "block_id": "7ie",
                "elements": [
                    {
                        "type": "rich_text_section",
                        "elements": [
                            {
                                "type": "text",
                                "text": "Now I can select from products, and the items are stored in the shopping card."
                            }
                        ]
                    }
                ]
            }
        ]
    },
    {
        "type": "message",
        "text": "",
        "files": [
            {
                "id": "F011PMCSZHB",
                "created": 1586679592,
                "timestamp": 1586679592,
                "name": "shoppingcard.gif",
                "title": "shoppingcard.gif",
                "mimetype": "image\/gif",
                "filetype": "gif",
                "pretty_type": "GIF",
                "user": "UJHD6A81H",
                "editable": false,
                "size": 2458551,
                "mode": "hosted",
                "is_external": false,
                "external_type": "",
                "is_public": true,
                "public_url_shared": false,
                "display_as_bot": false,
                "username": "",
                "url_private": "https:\/\/files.slack.com\/files-pri\/TJH5YU202-F011PMCSZHB\/shoppingcard.gif?t=xoxe-629202954002-1115206499825-1101204359349-48e7ea248bf98b7fac300966398406ac",
                "url_private_download": "https:\/\/files.slack.com\/files-pri\/TJH5YU202-F011PMCSZHB\/download\/shoppingcard.gif?t=xoxe-629202954002-1115206499825-1101204359349-48e7ea248bf98b7fac300966398406ac",
                "thumb_64": "https:\/\/files.slack.com\/files-tmb\/TJH5YU202-F011PMCSZHB-ff16c5ccb2\/shoppingcard_64.png?t=xoxe-629202954002-1115206499825-1101204359349-48e7ea248bf98b7fac300966398406ac",
                "thumb_80": "https:\/\/files.slack.com\/files-tmb\/TJH5YU202-F011PMCSZHB-ff16c5ccb2\/shoppingcard_80.png?t=xoxe-629202954002-1115206499825-1101204359349-48e7ea248bf98b7fac300966398406ac",
                "thumb_360": "https:\/\/files.slack.com\/files-tmb\/TJH5YU202-F011PMCSZHB-ff16c5ccb2\/shoppingcard_360.png?t=xoxe-629202954002-1115206499825-1101204359349-48e7ea248bf98b7fac300966398406ac",
                "thumb_360_w": 360,
                "thumb_360_h": 181,
                "thumb_480": "https:\/\/files.slack.com\/files-tmb\/TJH5YU202-F011PMCSZHB-ff16c5ccb2\/shoppingcard_480.png?t=xoxe-629202954002-1115206499825-1101204359349-48e7ea248bf98b7fac300966398406ac",
                "thumb_480_w": 480,
                "thumb_480_h": 241,
                "thumb_160": "https:\/\/files.slack.com\/files-tmb\/TJH5YU202-F011PMCSZHB-ff16c5ccb2\/shoppingcard_160.png?t=xoxe-629202954002-1115206499825-1101204359349-48e7ea248bf98b7fac300966398406ac",
                "thumb_720": "https:\/\/files.slack.com\/files-tmb\/TJH5YU202-F011PMCSZHB-ff16c5ccb2\/shoppingcard_720.png?t=xoxe-629202954002-1115206499825-1101204359349-48e7ea248bf98b7fac300966398406ac",
                "thumb_720_w": 720,
                "thumb_720_h": 362,
                "thumb_800": "https:\/\/files.slack.com\/files-tmb\/TJH5YU202-F011PMCSZHB-ff16c5ccb2\/shoppingcard_800.png?t=xoxe-629202954002-1115206499825-1101204359349-48e7ea248bf98b7fac300966398406ac",
                "thumb_800_w": 800,
                "thumb_800_h": 402,
                "thumb_960": "https:\/\/files.slack.com\/files-tmb\/TJH5YU202-F011PMCSZHB-ff16c5ccb2\/shoppingcard_960.png?t=xoxe-629202954002-1115206499825-1101204359349-48e7ea248bf98b7fac300966398406ac",
                "thumb_960_w": 960,
                "thumb_960_h": 482,
                "thumb_1024": "https:\/\/files.slack.com\/files-tmb\/TJH5YU202-F011PMCSZHB-ff16c5ccb2\/shoppingcard_1024.png?t=xoxe-629202954002-1115206499825-1101204359349-48e7ea248bf98b7fac300966398406ac",
                "thumb_1024_w": 1024,
                "thumb_1024_h": 515,
                "thumb_360_gif": "https:\/\/files.slack.com\/files-tmb\/TJH5YU202-F011PMCSZHB-ff16c5ccb2\/shoppingcard_360.gif?t=xoxe-629202954002-1115206499825-1101204359349-48e7ea248bf98b7fac300966398406ac",
                "thumb_480_gif": "https:\/\/files.slack.com\/files-tmb\/TJH5YU202-F011PMCSZHB-ff16c5ccb2\/shoppingcard_480.gif?t=xoxe-629202954002-1115206499825-1101204359349-48e7ea248bf98b7fac300966398406ac",
                "original_w": 1590,
                "original_h": 799,
                "deanimate_gif": "https:\/\/files.slack.com\/files-tmb\/TJH5YU202-F011PMCSZHB-ff16c5ccb2\/shoppingcard_deanimate_gif.png?t=xoxe-629202954002-1115206499825-1101204359349-48e7ea248bf98b7fac300966398406ac",
                "thumb_tiny": "AwAYADC032jcdrDGeKTF0ejD9KnbIzhc+1CKqjhdueooAgxd\/wB5f0pQLrIywxn2qxTH+8KAH96KTcgP3l\/OgMpOAwz9aAEJAySQMUqupXIbI9ajk6SfSmQf8e5\/3qBlikGGJ46eopV+6PpRQIMD0FGB6ClooA\/\/2Q==",
                "permalink": "https:\/\/harbourproject.slack.com\/files\/UJHD6A81H\/F011PMCSZHB\/shoppingcard.gif",
                "permalink_public": "https:\/\/slack-files.com\/TJH5YU202-F011PMCSZHB-c39dac7e42",
                "is_starred": false,
                "has_rich_preview": false
            }
        ],
        "upload": true,
        "user": "UJHD6A81H",
        "display_as_bot": false,
        "ts": "1586679597.034200",
        "client_msg_id": "89853a9a-f512-4773-9970-c3eb5593bec1"
    },
    {
        "type": "message",
        "text": "",
        "files": [
            {
                "id": "F011PMJ9E13",
                "created": 1586680751,
                "timestamp": 1586680751,
                "name": "shoppingcardHarbourino.jpg",
                "title": "shoppingcardHarbourino.jpg",
                "mimetype": "image\/jpeg",
                "filetype": "jpg",
                "pretty_type": "JPEG",
                "user": "UJHD6A81H",
                "editable": false,
                "size": 554873,
                "mode": "hosted",
                "is_external": false,
                "external_type": "",
                "is_public": true,
                "public_url_shared": false,
                "display_as_bot": false,
                "username": "",
                "url_private": "https:\/\/files.slack.com\/files-pri\/TJH5YU202-F011PMJ9E13\/shoppingcardharbourino.jpg?t=xoxe-629202954002-1115206499825-1101204359349-48e7ea248bf98b7fac300966398406ac",
                "url_private_download": "https:\/\/files.slack.com\/files-pri\/TJH5YU202-F011PMJ9E13\/download\/shoppingcardharbourino.jpg?t=xoxe-629202954002-1115206499825-1101204359349-48e7ea248bf98b7fac300966398406ac",
                "thumb_64": "https:\/\/files.slack.com\/files-tmb\/TJH5YU202-F011PMJ9E13-994d01a7c0\/shoppingcardharbourino_64.jpg?t=xoxe-629202954002-1115206499825-1101204359349-48e7ea248bf98b7fac300966398406ac",
                "thumb_80": "https:\/\/files.slack.com\/files-tmb\/TJH5YU202-F011PMJ9E13-994d01a7c0\/shoppingcardharbourino_80.jpg?t=xoxe-629202954002-1115206499825-1101204359349-48e7ea248bf98b7fac300966398406ac",
                "thumb_360": "https:\/\/files.slack.com\/files-tmb\/TJH5YU202-F011PMJ9E13-994d01a7c0\/shoppingcardharbourino_360.jpg?t=xoxe-629202954002-1115206499825-1101204359349-48e7ea248bf98b7fac300966398406ac",
                "thumb_360_w": 360,
                "thumb_360_h": 150,
                "thumb_480": "https:\/\/files.slack.com\/files-tmb\/TJH5YU202-F011PMJ9E13-994d01a7c0\/shoppingcardharbourino_480.jpg?t=xoxe-629202954002-1115206499825-1101204359349-48e7ea248bf98b7fac300966398406ac",
                "thumb_480_w": 480,
                "thumb_480_h": 201,
                "thumb_160": "https:\/\/files.slack.com\/files-tmb\/TJH5YU202-F011PMJ9E13-994d01a7c0\/shoppingcardharbourino_160.jpg?t=xoxe-629202954002-1115206499825-1101204359349-48e7ea248bf98b7fac300966398406ac",
                "thumb_720": "https:\/\/files.slack.com\/files-tmb\/TJH5YU202-F011PMJ9E13-994d01a7c0\/shoppingcardharbourino_720.jpg?t=xoxe-629202954002-1115206499825-1101204359349-48e7ea248bf98b7fac300966398406ac",
                "thumb_720_w": 720,
                "thumb_720_h": 301,
                "thumb_800": "https:\/\/files.slack.com\/files-tmb\/TJH5YU202-F011PMJ9E13-994d01a7c0\/shoppingcardharbourino_800.jpg?t=xoxe-629202954002-1115206499825-1101204359349-48e7ea248bf98b7fac300966398406ac",
                "thumb_800_w": 800,
                "thumb_800_h": 334,
                "thumb_960": "https:\/\/files.slack.com\/files-tmb\/TJH5YU202-F011PMJ9E13-994d01a7c0\/shoppingcardharbourino_960.jpg?t=xoxe-629202954002-1115206499825-1101204359349-48e7ea248bf98b7fac300966398406ac",
                "thumb_960_w": 960,
                "thumb_960_h": 401,
                "thumb_1024": "https:\/\/files.slack.com\/files-tmb\/TJH5YU202-F011PMJ9E13-994d01a7c0\/shoppingcardharbourino_1024.jpg?t=xoxe-629202954002-1115206499825-1101204359349-48e7ea248bf98b7fac300966398406ac",
                "thumb_1024_w": 1024,
                "thumb_1024_h": 428,
                "original_w": 2641,
                "original_h": 1104,
                "thumb_tiny": "AwAUADClSUUUAAJozRRQAppAeR9aXPFA6igBxQe9JsHqaeaSgBNg9TRsHqaWloAaUHqaAgyOtONA6igD\/9k=",
                "permalink": "https:\/\/harbourproject.slack.com\/files\/UJHD6A81H\/F011PMJ9E13\/shoppingcardharbourino.jpg",
                "permalink_public": "https:\/\/slack-files.com\/TJH5YU202-F011PMJ9E13-dea0caccf7",
                "is_starred": false,
                "has_rich_preview": false
            }
        ],
        "upload": true,
        "user": "UJHD6A81H",
        "display_as_bot": false,
        "ts": "1586680755.034500",
        "client_msg_id": "64f7921a-eb4e-44f1-94fc-f9e92c8d6043"
    },
    {
        "client_msg_id": "e1b6d1e1-4e0d-4a20-a540-d40335c49ecb",
        "type": "message",
        "text": "Can someone please help me to decode this string: {\"NaN+H.Schokolade+Schlag+++++++++++++++%3Cbr%3E+Preis%3A+++++++3.50+%22\"=&gt;\"\"}",
        "user": "UJHD6A81H",
        "ts": "1586717209.035300",
        "team": "TJH5YU202",
        "user_team": "TJH5YU202",
        "source_team": "TJH5YU202",
        "user_profile": {
            "avatar_hash": "g6b8073e00e9",
            "image_72": "https:\/\/secure.gravatar.com\/avatar\/b96b8073e00e9eb02bcf05bc1418eb3a.jpg?s=72&d=https%3A%2F%2Fa.slack-edge.com%2Fdf10d%2Fimg%2Favatars%2Fava_0021-72.png",
            "first_name": "Otto",
            "real_name": "Otto Atzwanger",
            "display_name": "Otto",
            "team": "TJH5YU202",
            "name": "otto",
            "is_restricted": false,
            "is_ultra_restricted": false
        },
        "blocks": [
            {
                "type": "rich_text",
                "block_id": "tHf",
                "elements": [
                    {
                        "type": "rich_text_section",
                        "elements": [
                            {
                                "type": "text",
                                "text": "Can someone please help me to decode this string: {\"NaN+H.Schokolade+Schlag+++++++++++++++%3Cbr%3E+Preis%3A+++++++3.50+%22\"=>\"\"}"
                            }
                        ]
                    }
                ]
            }
        ]
    },
    {
        "client_msg_id": "98544d7e-81f6-4b26-b704-44f1253ec572",
        "type": "message",
        "text": "I found the function: cLog := ValToChar( hPairs ) \n   cLog := HB_URLDECODE( cLog )",
        "user": "UJHD6A81H",
        "ts": "1586718194.035600",
        "team": "TJH5YU202",
        "user_team": "TJH5YU202",
        "source_team": "TJH5YU202",
        "user_profile": {
            "avatar_hash": "g6b8073e00e9",
            "image_72": "https:\/\/secure.gravatar.com\/avatar\/b96b8073e00e9eb02bcf05bc1418eb3a.jpg?s=72&d=https%3A%2F%2Fa.slack-edge.com%2Fdf10d%2Fimg%2Favatars%2Fava_0021-72.png",
            "first_name": "Otto",
            "real_name": "Otto Atzwanger",
            "display_name": "Otto",
            "team": "TJH5YU202",
            "name": "otto",
            "is_restricted": false,
            "is_ultra_restricted": false
        },
        "blocks": [
            {
                "type": "rich_text",
                "block_id": "wfV3I",
                "elements": [
                    {
                        "type": "rich_text_section",
                        "elements": [
                            {
                                "type": "text",
                                "text": "I found the function: cLog := ValToChar( hPairs ) \n   cLog := HB_URLDECODE( cLog )"
                            }
                        ]
                    }
                ]
            }
        ]
    }
]