[
    {
        "client_msg_id": "3b9ea982-279b-45c0-8fb9-fc72308b93b6",
        "type": "message",
        "text": "hi",
        "user": "UNAHBRTFA",
        "ts": "1584873055.015000",
        "team": "TJH5YU202",
        "user_team": "TJH5YU202",
        "source_team": "TJH5YU202",
        "user_profile": {
            "avatar_hash": "g3d2a3f4c28c",
            "image_72": "https:\/\/secure.gravatar.com\/avatar\/23d2a3f4c28cebb4cf07e48d02620517.jpg?s=72&d=https%3A%2F%2Fa.slack-edge.com%2Fdf10d%2Fimg%2Favatars%2Fava_0020-72.png",
            "first_name": "Andreu",
            "real_name": "Andreu Botella",
            "display_name": "Andreu Botella",
            "team": "TJH5YU202",
            "name": "andreu.132",
            "is_restricted": false,
            "is_ultra_restricted": false
        },
        "blocks": [
            {
                "type": "rich_text",
                "block_id": "jPsUo",
                "elements": [
                    {
                        "type": "rich_text_section",
                        "elements": [
                            {
                                "type": "text",
                                "text": "hi"
                            }
                        ]
                    }
                ]
            }
        ]
    },
    {
        "client_msg_id": "ec25a61c-a6c7-40cc-810c-08482b752f85",
        "type": "message",
        "text": "I've now translated to English the first two \"chapters\" of the overview on the JS execution order that I gave last Friday",
        "user": "UNAHBRTFA",
        "ts": "1584873115.016100",
        "team": "TJH5YU202",
        "user_team": "TJH5YU202",
        "source_team": "TJH5YU202",
        "user_profile": {
            "avatar_hash": "g3d2a3f4c28c",
            "image_72": "https:\/\/secure.gravatar.com\/avatar\/23d2a3f4c28cebb4cf07e48d02620517.jpg?s=72&d=https%3A%2F%2Fa.slack-edge.com%2Fdf10d%2Fimg%2Favatars%2Fava_0020-72.png",
            "first_name": "Andreu",
            "real_name": "Andreu Botella",
            "display_name": "Andreu Botella",
            "team": "TJH5YU202",
            "name": "andreu.132",
            "is_restricted": false,
            "is_ultra_restricted": false
        },
        "blocks": [
            {
                "type": "rich_text",
                "block_id": "BIPd",
                "elements": [
                    {
                        "type": "rich_text_section",
                        "elements": [
                            {
                                "type": "text",
                                "text": "I've now translated to English the first two \"chapters\" of the overview on the JS execution order that I gave last Friday"
                            }
                        ]
                    }
                ]
            }
        ]
    },
    {
        "client_msg_id": "250a4641-2225-41bb-80d8-8f7288a6fde9",
        "type": "message",
        "text": "<https:\/\/github.com\/andreubotella\/js-execution-order\/>",
        "user": "UNAHBRTFA",
        "ts": "1584873119.016300",
        "team": "TJH5YU202",
        "user_team": "TJH5YU202",
        "source_team": "TJH5YU202",
        "user_profile": {
            "avatar_hash": "g3d2a3f4c28c",
            "image_72": "https:\/\/secure.gravatar.com\/avatar\/23d2a3f4c28cebb4cf07e48d02620517.jpg?s=72&d=https%3A%2F%2Fa.slack-edge.com%2Fdf10d%2Fimg%2Favatars%2Fava_0020-72.png",
            "first_name": "Andreu",
            "real_name": "Andreu Botella",
            "display_name": "Andreu Botella",
            "team": "TJH5YU202",
            "name": "andreu.132",
            "is_restricted": false,
            "is_ultra_restricted": false
        },
        "attachments": [
            {
                "service_name": "GitHub",
                "title": "andreubotella\/js-execution-order",
                "title_link": "https:\/\/github.com\/andreubotella\/js-execution-order\/",
                "text": "An overview of the Javascript execution order for beginners to the web. - andreubotella\/js-execution-order",
                "fallback": "GitHub: andreubotella\/js-execution-order",
                "thumb_url": "https:\/\/avatars0.githubusercontent.com\/u\/8225977?s=400&v=4",
                "from_url": "https:\/\/github.com\/andreubotella\/js-execution-order\/",
                "thumb_width": 420,
                "thumb_height": 420,
                "service_icon": "https:\/\/a.slack-edge.com\/80588\/img\/unfurl_icons\/github.png",
                "id": 1,
                "original_url": "https:\/\/github.com\/andreubotella\/js-execution-order\/"
            }
        ],
        "blocks": [
            {
                "type": "rich_text",
                "block_id": "YAhym",
                "elements": [
                    {
                        "type": "rich_text_section",
                        "elements": [
                            {
                                "type": "link",
                                "url": "https:\/\/github.com\/andreubotella\/js-execution-order\/"
                            }
                        ]
                    }
                ]
            }
        ]
    },
    {
        "client_msg_id": "a2c80148-2e98-4b03-a65b-8123776cb78a",
        "type": "message",
        "text": "Thank you Andreu. I will study the two chapters.",
        "user": "UJHD6A81H",
        "ts": "1584875262.017200",
        "team": "TJH5YU202",
        "user_team": "TJH5YU202",
        "source_team": "TJH5YU202",
        "user_profile": {
            "avatar_hash": "g6b8073e00e9",
            "image_72": "https:\/\/secure.gravatar.com\/avatar\/b96b8073e00e9eb02bcf05bc1418eb3a.jpg?s=72&d=https%3A%2F%2Fa.slack-edge.com%2Fdf10d%2Fimg%2Favatars%2Fava_0021-72.png",
            "first_name": "Otto",
            "real_name": "Otto Atzwanger",
            "display_name": "Otto",
            "team": "TJH5YU202",
            "name": "otto",
            "is_restricted": false,
            "is_ultra_restricted": false
        },
        "blocks": [
            {
                "type": "rich_text",
                "block_id": "sys",
                "elements": [
                    {
                        "type": "rich_text_section",
                        "elements": [
                            {
                                "type": "text",
                                "text": "Thank you Andreu. I will study the two chapters."
                            }
                        ]
                    }
                ]
            }
        ]
    },
    {
        "client_msg_id": "767789c3-3b89-49ff-89d6-97b05a9c59dc",
        "type": "message",
        "text": "btw, I mentioned this on Friday, but I'm using `alert()` because it stops the parsing and execution of the page completely until you click Ok... except that Chrome doesn't display all of the page that has been parsed up to that point.",
        "user": "UNAHBRTFA",
        "ts": "1584876727.018700",
        "team": "TJH5YU202",
        "user_team": "TJH5YU202",
        "source_team": "TJH5YU202",
        "user_profile": {
            "avatar_hash": "g3d2a3f4c28c",
            "image_72": "https:\/\/secure.gravatar.com\/avatar\/23d2a3f4c28cebb4cf07e48d02620517.jpg?s=72&d=https%3A%2F%2Fa.slack-edge.com%2Fdf10d%2Fimg%2Favatars%2Fava_0020-72.png",
            "first_name": "Andreu",
            "real_name": "Andreu Botella",
            "display_name": "Andreu Botella",
            "team": "TJH5YU202",
            "name": "andreu.132",
            "is_restricted": false,
            "is_ultra_restricted": false
        },
        "blocks": [
            {
                "type": "rich_text",
                "block_id": "UwLlj",
                "elements": [
                    {
                        "type": "rich_text_section",
                        "elements": [
                            {
                                "type": "text",
                                "text": "btw, I mentioned this on Friday, but I'm using "
                            },
                            {
                                "type": "text",
                                "text": "alert()",
                                "style": {
                                    "code": true
                                }
                            },
                            {
                                "type": "text",
                                "text": " because it stops the parsing and execution of the page completely until you click Ok... except that Chrome doesn't display all of the page that has been parsed up to that point."
                            }
                        ]
                    }
                ]
            }
        ]
    },
    {
        "client_msg_id": "3d7bd85f-b070-441e-a016-60cf1369fe88",
        "type": "message",
        "text": "Firefox does",
        "user": "UNAHBRTFA",
        "ts": "1584876729.019000",
        "team": "TJH5YU202",
        "user_team": "TJH5YU202",
        "source_team": "TJH5YU202",
        "user_profile": {
            "avatar_hash": "g3d2a3f4c28c",
            "image_72": "https:\/\/secure.gravatar.com\/avatar\/23d2a3f4c28cebb4cf07e48d02620517.jpg?s=72&d=https%3A%2F%2Fa.slack-edge.com%2Fdf10d%2Fimg%2Favatars%2Fava_0020-72.png",
            "first_name": "Andreu",
            "real_name": "Andreu Botella",
            "display_name": "Andreu Botella",
            "team": "TJH5YU202",
            "name": "andreu.132",
            "is_restricted": false,
            "is_ultra_restricted": false
        },
        "blocks": [
            {
                "type": "rich_text",
                "block_id": "8tovM",
                "elements": [
                    {
                        "type": "rich_text_section",
                        "elements": [
                            {
                                "type": "text",
                                "text": "Firefox does"
                            }
                        ]
                    }
                ]
            }
        ]
    },
    {
        "client_msg_id": "1c727ce2-f3cf-46d2-9f77-5bcfdd75bafb",
        "type": "message",
        "text": "Hello Andreu, do you have time? Can you help me with a scrolling problem.",
        "user": "UJHD6A81H",
        "ts": "1584895153.019600",
        "team": "TJH5YU202",
        "user_team": "TJH5YU202",
        "source_team": "TJH5YU202",
        "user_profile": {
            "avatar_hash": "g6b8073e00e9",
            "image_72": "https:\/\/secure.gravatar.com\/avatar\/b96b8073e00e9eb02bcf05bc1418eb3a.jpg?s=72&d=https%3A%2F%2Fa.slack-edge.com%2Fdf10d%2Fimg%2Favatars%2Fava_0021-72.png",
            "first_name": "Otto",
            "real_name": "Otto Atzwanger",
            "display_name": "Otto",
            "team": "TJH5YU202",
            "name": "otto",
            "is_restricted": false,
            "is_ultra_restricted": false
        },
        "blocks": [
            {
                "type": "rich_text",
                "block_id": "PPaN",
                "elements": [
                    {
                        "type": "rich_text_section",
                        "elements": [
                            {
                                "type": "text",
                                "text": "Hello Andreu, do you have time? Can you help me with a scrolling problem."
                            }
                        ]
                    }
                ]
            }
        ]
    },
    {
        "client_msg_id": "275461e3-4bbf-4a72-8e9b-a25fb3151f17",
        "type": "message",
        "text": "I can't find out how to detect the bottom of the &lt;div&gt;.",
        "user": "UJHD6A81H",
        "ts": "1584895314.020400",
        "team": "TJH5YU202",
        "user_team": "TJH5YU202",
        "source_team": "TJH5YU202",
        "user_profile": {
            "avatar_hash": "g6b8073e00e9",
            "image_72": "https:\/\/secure.gravatar.com\/avatar\/b96b8073e00e9eb02bcf05bc1418eb3a.jpg?s=72&d=https%3A%2F%2Fa.slack-edge.com%2Fdf10d%2Fimg%2Favatars%2Fava_0021-72.png",
            "first_name": "Otto",
            "real_name": "Otto Atzwanger",
            "display_name": "Otto",
            "team": "TJH5YU202",
            "name": "otto",
            "is_restricted": false,
            "is_ultra_restricted": false
        },
        "blocks": [
            {
                "type": "rich_text",
                "block_id": "tVG",
                "elements": [
                    {
                        "type": "rich_text_section",
                        "elements": [
                            {
                                "type": "text",
                                "text": "I can't find out how to detect the bottom of the <div>."
                            }
                        ]
                    }
                ]
            }
        ]
    },
    {
        "type": "message",
        "text": "",
        "files": [
            {
                "id": "F01066AJGQK",
                "created": 1584895373,
                "timestamp": 1584895373,
                "name": "scoll.zip",
                "title": "scoll.zip",
                "mimetype": "application\/zip",
                "filetype": "zip",
                "pretty_type": "Zip",
                "user": "UJHD6A81H",
                "editable": false,
                "size": 1444,
                "mode": "hosted",
                "is_external": false,
                "external_type": "",
                "is_public": true,
                "public_url_shared": false,
                "display_as_bot": false,
                "username": "",
                "url_private": "https:\/\/files.slack.com\/files-pri\/TJH5YU202-F01066AJGQK\/scoll.zip?t=xoxe-629202954002-1115206499825-1101204359349-48e7ea248bf98b7fac300966398406ac",
                "url_private_download": "https:\/\/files.slack.com\/files-pri\/TJH5YU202-F01066AJGQK\/download\/scoll.zip?t=xoxe-629202954002-1115206499825-1101204359349-48e7ea248bf98b7fac300966398406ac",
                "permalink": "https:\/\/harbourproject.slack.com\/files\/UJHD6A81H\/F01066AJGQK\/scoll.zip",
                "permalink_public": "https:\/\/slack-files.com\/TJH5YU202-F01066AJGQK-7e7d9b12e1",
                "is_starred": false,
                "has_rich_preview": false
            }
        ],
        "upload": true,
        "user": "UJHD6A81H",
        "display_as_bot": false,
        "ts": "1584895375.020500",
        "client_msg_id": "9c879b15-c673-4e21-bcd2-a180d3668fe4"
    },
    {
        "client_msg_id": "53c54cdc-03b9-40c1-8284-895f0826a68d",
        "type": "message",
        "text": "<@UJHD6A81H> You should indent stuff",
        "user": "UNAHBRTFA",
        "ts": "1584895969.021000",
        "team": "TJH5YU202",
        "user_team": "TJH5YU202",
        "source_team": "TJH5YU202",
        "user_profile": {
            "avatar_hash": "g3d2a3f4c28c",
            "image_72": "https:\/\/secure.gravatar.com\/avatar\/23d2a3f4c28cebb4cf07e48d02620517.jpg?s=72&d=https%3A%2F%2Fa.slack-edge.com%2Fdf10d%2Fimg%2Favatars%2Fava_0020-72.png",
            "first_name": "Andreu",
            "real_name": "Andreu Botella",
            "display_name": "Andreu Botella",
            "team": "TJH5YU202",
            "name": "andreu.132",
            "is_restricted": false,
            "is_ultra_restricted": false
        },
        "blocks": [
            {
                "type": "rich_text",
                "block_id": "aGX5\/",
                "elements": [
                    {
                        "type": "rich_text_section",
                        "elements": [
                            {
                                "type": "user",
                                "user_id": "UJHD6A81H"
                            },
                            {
                                "type": "text",
                                "text": " You should indent stuff"
                            }
                        ]
                    }
                ]
            }
        ]
    },
    {
        "type": "message",
        "text": "",
        "files": [
            {
                "id": "F0107JGHPB3",
                "created": 1584896051,
                "timestamp": 1584896051,
                "name": "image.png",
                "title": "image.png",
                "mimetype": "image\/png",
                "filetype": "png",
                "pretty_type": "PNG",
                "user": "UNAHBRTFA",
                "editable": false,
                "size": 76310,
                "mode": "hosted",
                "is_external": false,
                "external_type": "",
                "is_public": true,
                "public_url_shared": false,
                "display_as_bot": false,
                "username": "",
                "url_private": "https:\/\/files.slack.com\/files-pri\/TJH5YU202-F0107JGHPB3\/image.png?t=xoxe-629202954002-1115206499825-1101204359349-48e7ea248bf98b7fac300966398406ac",
                "url_private_download": "https:\/\/files.slack.com\/files-pri\/TJH5YU202-F0107JGHPB3\/download\/image.png?t=xoxe-629202954002-1115206499825-1101204359349-48e7ea248bf98b7fac300966398406ac",
                "thumb_64": "https:\/\/files.slack.com\/files-tmb\/TJH5YU202-F0107JGHPB3-f3b661efde\/image_64.png?t=xoxe-629202954002-1115206499825-1101204359349-48e7ea248bf98b7fac300966398406ac",
                "thumb_80": "https:\/\/files.slack.com\/files-tmb\/TJH5YU202-F0107JGHPB3-f3b661efde\/image_80.png?t=xoxe-629202954002-1115206499825-1101204359349-48e7ea248bf98b7fac300966398406ac",
                "thumb_360": "https:\/\/files.slack.com\/files-tmb\/TJH5YU202-F0107JGHPB3-f3b661efde\/image_360.png?t=xoxe-629202954002-1115206499825-1101204359349-48e7ea248bf98b7fac300966398406ac",
                "thumb_360_w": 360,
                "thumb_360_h": 238,
                "thumb_480": "https:\/\/files.slack.com\/files-tmb\/TJH5YU202-F0107JGHPB3-f3b661efde\/image_480.png?t=xoxe-629202954002-1115206499825-1101204359349-48e7ea248bf98b7fac300966398406ac",
                "thumb_480_w": 480,
                "thumb_480_h": 318,
                "thumb_160": "https:\/\/files.slack.com\/files-tmb\/TJH5YU202-F0107JGHPB3-f3b661efde\/image_160.png?t=xoxe-629202954002-1115206499825-1101204359349-48e7ea248bf98b7fac300966398406ac",
                "thumb_720": "https:\/\/files.slack.com\/files-tmb\/TJH5YU202-F0107JGHPB3-f3b661efde\/image_720.png?t=xoxe-629202954002-1115206499825-1101204359349-48e7ea248bf98b7fac300966398406ac",
                "thumb_720_w": 720,
                "thumb_720_h": 477,
                "image_exif_rotation": 1,
                "original_w": 743,
                "original_h": 492,
                "thumb_tiny": "AwAfADCiKX8KTtRg0AGR6UZHpSUUALkelHFJRQAop3NNoyfWgA59aPxoyaMn1oAKSilzQB\/\/2Q==",
                "permalink": "https:\/\/harbourproject.slack.com\/files\/UNAHBRTFA\/F0107JGHPB3\/image.png",
                "permalink_public": "https:\/\/slack-files.com\/TJH5YU202-F0107JGHPB3-46d91789b8",
                "is_starred": false,
                "has_rich_preview": false
            }
        ],
        "upload": true,
        "user": "UNAHBRTFA",
        "display_as_bot": false,
        "ts": "1584896054.021100",
        "client_msg_id": "a39fc432-27c6-497f-b1d4-e081a67e7921"
    },
    {
        "type": "message",
        "text": "",
        "files": [
            {
                "id": "F010KT526B0",
                "created": 1584898027,
                "timestamp": 1584898027,
                "name": "grafik.png",
                "title": "grafik.png",
                "mimetype": "image\/png",
                "filetype": "png",
                "pretty_type": "PNG",
                "user": "UJHD6A81H",
                "editable": false,
                "size": 96452,
                "mode": "hosted",
                "is_external": false,
                "external_type": "",
                "is_public": true,
                "public_url_shared": false,
                "display_as_bot": false,
                "username": "",
                "url_private": "https:\/\/files.slack.com\/files-pri\/TJH5YU202-F010KT526B0\/grafik.png?t=xoxe-629202954002-1115206499825-1101204359349-48e7ea248bf98b7fac300966398406ac",
                "url_private_download": "https:\/\/files.slack.com\/files-pri\/TJH5YU202-F010KT526B0\/download\/grafik.png?t=xoxe-629202954002-1115206499825-1101204359349-48e7ea248bf98b7fac300966398406ac",
                "thumb_64": "https:\/\/files.slack.com\/files-tmb\/TJH5YU202-F010KT526B0-9930a65194\/grafik_64.png?t=xoxe-629202954002-1115206499825-1101204359349-48e7ea248bf98b7fac300966398406ac",
                "thumb_80": "https:\/\/files.slack.com\/files-tmb\/TJH5YU202-F010KT526B0-9930a65194\/grafik_80.png?t=xoxe-629202954002-1115206499825-1101204359349-48e7ea248bf98b7fac300966398406ac",
                "thumb_360": "https:\/\/files.slack.com\/files-tmb\/TJH5YU202-F010KT526B0-9930a65194\/grafik_360.png?t=xoxe-629202954002-1115206499825-1101204359349-48e7ea248bf98b7fac300966398406ac",
                "thumb_360_w": 360,
                "thumb_360_h": 199,
                "thumb_480": "https:\/\/files.slack.com\/files-tmb\/TJH5YU202-F010KT526B0-9930a65194\/grafik_480.png?t=xoxe-629202954002-1115206499825-1101204359349-48e7ea248bf98b7fac300966398406ac",
                "thumb_480_w": 480,
                "thumb_480_h": 265,
                "thumb_160": "https:\/\/files.slack.com\/files-tmb\/TJH5YU202-F010KT526B0-9930a65194\/grafik_160.png?t=xoxe-629202954002-1115206499825-1101204359349-48e7ea248bf98b7fac300966398406ac",
                "thumb_720": "https:\/\/files.slack.com\/files-tmb\/TJH5YU202-F010KT526B0-9930a65194\/grafik_720.png?t=xoxe-629202954002-1115206499825-1101204359349-48e7ea248bf98b7fac300966398406ac",
                "thumb_720_w": 720,
                "thumb_720_h": 398,
                "thumb_800": "https:\/\/files.slack.com\/files-tmb\/TJH5YU202-F010KT526B0-9930a65194\/grafik_800.png?t=xoxe-629202954002-1115206499825-1101204359349-48e7ea248bf98b7fac300966398406ac",
                "thumb_800_w": 800,
                "thumb_800_h": 442,
                "thumb_960": "https:\/\/files.slack.com\/files-tmb\/TJH5YU202-F010KT526B0-9930a65194\/grafik_960.png?t=xoxe-629202954002-1115206499825-1101204359349-48e7ea248bf98b7fac300966398406ac",
                "thumb_960_w": 960,
                "thumb_960_h": 531,
                "thumb_1024": "https:\/\/files.slack.com\/files-tmb\/TJH5YU202-F010KT526B0-9930a65194\/grafik_1024.png?t=xoxe-629202954002-1115206499825-1101204359349-48e7ea248bf98b7fac300966398406ac",
                "thumb_1024_w": 1024,
                "thumb_1024_h": 566,
                "image_exif_rotation": 1,
                "original_w": 1432,
                "original_h": 792,
                "thumb_tiny": "AwAaADCozEMaATjrTW+8aMjpQAu40bzTc\/SjNADixx1pY2PmLz3FMzSx\/wCsX6igAb7xo\/AVqGKP+4v5UeVH\/cX8qdhmVkelGR6Vq+VH\/cX8qBFH\/cX8qLAZXFOjx5i\/7wrU8qP+4v5UCNMj5F\/KgD\/\/2Q==",
                "permalink": "https:\/\/harbourproject.slack.com\/files\/UJHD6A81H\/F010KT526B0\/grafik.png",
                "permalink_public": "https:\/\/slack-files.com\/TJH5YU202-F010KT526B0-807a3cc21a",
                "is_starred": false,
                "has_rich_preview": false
            }
        ],
        "upload": true,
        "user": "UJHD6A81H",
        "display_as_bot": false,
        "ts": "1584898033.021400",
        "client_msg_id": "657e1a16-4ac4-45e5-b526-66f251f24949"
    },
    {
        "client_msg_id": "8a596dbf-cc45-43d6-b899-f3b4f959ce13",
        "type": "message",
        "text": "Yes I know.",
        "user": "UJHD6A81H",
        "ts": "1584898067.022200",
        "team": "TJH5YU202",
        "user_team": "TJH5YU202",
        "source_team": "TJH5YU202",
        "user_profile": {
            "avatar_hash": "g6b8073e00e9",
            "image_72": "https:\/\/secure.gravatar.com\/avatar\/b96b8073e00e9eb02bcf05bc1418eb3a.jpg?s=72&d=https%3A%2F%2Fa.slack-edge.com%2Fdf10d%2Fimg%2Favatars%2Fava_0021-72.png",
            "first_name": "Otto",
            "real_name": "Otto Atzwanger",
            "display_name": "Otto",
            "team": "TJH5YU202",
            "name": "otto",
            "is_restricted": false,
            "is_ultra_restricted": false
        },
        "blocks": [
            {
                "type": "rich_text",
                "block_id": "oHp6",
                "elements": [
                    {
                        "type": "rich_text_section",
                        "elements": [
                            {
                                "type": "text",
                                "text": "Yes I know."
                            }
                        ]
                    }
                ]
            }
        ]
    },
    {
        "client_msg_id": "1699d2d5-6fc0-405d-ae9e-ec1c9a7a5c89",
        "type": "message",
        "text": "BTW, I worked with the Edge browser today.\nThe developer mode is very clear.",
        "user": "UJHD6A81H",
        "ts": "1584898223.022700",
        "team": "TJH5YU202",
        "user_team": "TJH5YU202",
        "source_team": "TJH5YU202",
        "user_profile": {
            "avatar_hash": "g6b8073e00e9",
            "image_72": "https:\/\/secure.gravatar.com\/avatar\/b96b8073e00e9eb02bcf05bc1418eb3a.jpg?s=72&d=https%3A%2F%2Fa.slack-edge.com%2Fdf10d%2Fimg%2Favatars%2Fava_0021-72.png",
            "first_name": "Otto",
            "real_name": "Otto Atzwanger",
            "display_name": "Otto",
            "team": "TJH5YU202",
            "name": "otto",
            "is_restricted": false,
            "is_ultra_restricted": false
        },
        "blocks": [
            {
                "type": "rich_text",
                "block_id": "Eqk",
                "elements": [
                    {
                        "type": "rich_text_section",
                        "elements": [
                            {
                                "type": "text",
                                "text": "BTW, I worked with the Edge browser today.\nThe developer mode is very clear."
                            }
                        ]
                    }
                ]
            }
        ]
    },
    {
        "client_msg_id": "1e32cad2-3664-4c87-9a15-11b13bfa7688",
        "type": "message",
        "text": "Huh, aren't Edge's devtools the exact same as Chrome's?",
        "user": "UNAHBRTFA",
        "ts": "1584898720.023200",
        "team": "TJH5YU202",
        "user_team": "TJH5YU202",
        "source_team": "TJH5YU202",
        "user_profile": {
            "avatar_hash": "g3d2a3f4c28c",
            "image_72": "https:\/\/secure.gravatar.com\/avatar\/23d2a3f4c28cebb4cf07e48d02620517.jpg?s=72&d=https%3A%2F%2Fa.slack-edge.com%2Fdf10d%2Fimg%2Favatars%2Fava_0020-72.png",
            "first_name": "Andreu",
            "real_name": "Andreu Botella",
            "display_name": "Andreu Botella",
            "team": "TJH5YU202",
            "name": "andreu.132",
            "is_restricted": false,
            "is_ultra_restricted": false
        },
        "blocks": [
            {
                "type": "rich_text",
                "block_id": "RDvSs",
                "elements": [
                    {
                        "type": "rich_text_section",
                        "elements": [
                            {
                                "type": "text",
                                "text": "Huh, aren't Edge's devtools the exact same as Chrome's?"
                            }
                        ]
                    }
                ]
            }
        ]
    },
    {
        "client_msg_id": "1797a430-1176-435b-a481-8713e2396789",
        "type": "message",
        "text": "I do not know",
        "user": "UJHD6A81H",
        "ts": "1584898968.023700",
        "team": "TJH5YU202",
        "user_team": "TJH5YU202",
        "source_team": "TJH5YU202",
        "user_profile": {
            "avatar_hash": "g6b8073e00e9",
            "image_72": "https:\/\/secure.gravatar.com\/avatar\/b96b8073e00e9eb02bcf05bc1418eb3a.jpg?s=72&d=https%3A%2F%2Fa.slack-edge.com%2Fdf10d%2Fimg%2Favatars%2Fava_0021-72.png",
            "first_name": "Otto",
            "real_name": "Otto Atzwanger",
            "display_name": "Otto",
            "team": "TJH5YU202",
            "name": "otto",
            "is_restricted": false,
            "is_ultra_restricted": false
        },
        "blocks": [
            {
                "type": "rich_text",
                "block_id": "WPkhc",
                "elements": [
                    {
                        "type": "rich_text_section",
                        "elements": [
                            {
                                "type": "text",
                                "text": "I do not know"
                            }
                        ]
                    }
                ]
            }
        ]
    },
    {
        "client_msg_id": "2b743db2-07e9-4266-9d54-a40fabbeb867",
        "type": "message",
        "text": "Edge, since the rebranding late last year, is basically using Chromium's source code (not quite Chrome's, but the difference is tiny)",
        "user": "UNAHBRTFA",
        "ts": "1584899052.024500",
        "team": "TJH5YU202",
        "user_team": "TJH5YU202",
        "source_team": "TJH5YU202",
        "user_profile": {
            "avatar_hash": "g3d2a3f4c28c",
            "image_72": "https:\/\/secure.gravatar.com\/avatar\/23d2a3f4c28cebb4cf07e48d02620517.jpg?s=72&d=https%3A%2F%2Fa.slack-edge.com%2Fdf10d%2Fimg%2Favatars%2Fava_0020-72.png",
            "first_name": "Andreu",
            "real_name": "Andreu Botella",
            "display_name": "Andreu Botella",
            "team": "TJH5YU202",
            "name": "andreu.132",
            "is_restricted": false,
            "is_ultra_restricted": false
        },
        "blocks": [
            {
                "type": "rich_text",
                "block_id": "gZCZ",
                "elements": [
                    {
                        "type": "rich_text_section",
                        "elements": [
                            {
                                "type": "text",
                                "text": "Edge, since the rebranding late last year, is basically using Chromium's source code (not quite Chrome's, but the difference is tiny)"
                            }
                        ]
                    }
                ]
            }
        ]
    },
    {
        "client_msg_id": "1bb4665d-2237-4a83-bfc1-3148b6d1f330",
        "type": "message",
        "text": "It's not implausible that Microsoft might have rewritten the devtools or taken the ones from old Edge and ported them to Chromium, but it's unlikely.",
        "user": "UNAHBRTFA",
        "ts": "1584899114.025600",
        "team": "TJH5YU202",
        "user_team": "TJH5YU202",
        "source_team": "TJH5YU202",
        "user_profile": {
            "avatar_hash": "g3d2a3f4c28c",
            "image_72": "https:\/\/secure.gravatar.com\/avatar\/23d2a3f4c28cebb4cf07e48d02620517.jpg?s=72&d=https%3A%2F%2Fa.slack-edge.com%2Fdf10d%2Fimg%2Favatars%2Fava_0020-72.png",
            "first_name": "Andreu",
            "real_name": "Andreu Botella",
            "display_name": "Andreu Botella",
            "team": "TJH5YU202",
            "name": "andreu.132",
            "is_restricted": false,
            "is_ultra_restricted": false
        },
        "blocks": [
            {
                "type": "rich_text",
                "block_id": "z\/K=",
                "elements": [
                    {
                        "type": "rich_text_section",
                        "elements": [
                            {
                                "type": "text",
                                "text": "It's not implausible that Microsoft might have rewritten the devtools or taken the ones from old Edge and ported them to Chromium, but it's unlikely."
                            }
                        ]
                    }
                ]
            }
        ]
    },
    {
        "client_msg_id": "99685453-37f2-4534-bdfb-e248b31f4368",
        "type": "message",
        "text": "You are right - only in Edge, I have German as language and Chrome has English. Therefore maybe it seemed to be more precise.",
        "user": "UJHD6A81H",
        "ts": "1584899734.026900",
        "team": "TJH5YU202",
        "user_team": "TJH5YU202",
        "source_team": "TJH5YU202",
        "user_profile": {
            "avatar_hash": "g6b8073e00e9",
            "image_72": "https:\/\/secure.gravatar.com\/avatar\/b96b8073e00e9eb02bcf05bc1418eb3a.jpg?s=72&d=https%3A%2F%2Fa.slack-edge.com%2Fdf10d%2Fimg%2Favatars%2Fava_0021-72.png",
            "first_name": "Otto",
            "real_name": "Otto Atzwanger",
            "display_name": "Otto",
            "team": "TJH5YU202",
            "name": "otto",
            "is_restricted": false,
            "is_ultra_restricted": false
        },
        "blocks": [
            {
                "type": "rich_text",
                "block_id": "CjHi",
                "elements": [
                    {
                        "type": "rich_text_section",
                        "elements": [
                            {
                                "type": "text",
                                "text": "You are right - only in Edge, I have German as language and Chrome has English. Therefore maybe it seemed to be more precise."
                            }
                        ]
                    }
                ]
            }
        ]
    },
    {
        "client_msg_id": "697a76c8-8fe5-47fb-894a-a45513b7cd32",
        "type": "message",
        "text": "Andreu, I think I found a solution.",
        "user": "UJHD6A81H",
        "ts": "1584902212.027400",
        "team": "TJH5YU202",
        "user_team": "TJH5YU202",
        "source_team": "TJH5YU202",
        "user_profile": {
            "avatar_hash": "g6b8073e00e9",
            "image_72": "https:\/\/secure.gravatar.com\/avatar\/b96b8073e00e9eb02bcf05bc1418eb3a.jpg?s=72&d=https%3A%2F%2Fa.slack-edge.com%2Fdf10d%2Fimg%2Favatars%2Fava_0021-72.png",
            "first_name": "Otto",
            "real_name": "Otto Atzwanger",
            "display_name": "Otto",
            "team": "TJH5YU202",
            "name": "otto",
            "is_restricted": false,
            "is_ultra_restricted": false
        },
        "blocks": [
            {
                "type": "rich_text",
                "block_id": "0alK",
                "elements": [
                    {
                        "type": "rich_text_section",
                        "elements": [
                            {
                                "type": "text",
                                "text": "Andreu, I think I found a solution."
                            }
                        ]
                    }
                ]
            }
        ]
    },
    {
        "client_msg_id": "38345499-df60-466c-ada5-479eba54516f",
        "type": "message",
        "text": "$('#myDIV').bind('scroll', function()\n      {\n        if($(this).scrollTop() + $(this).innerHeight()&gt;=$(this)[0].scrollHeight)\n        {\n          alert('end reached');\n        }\n      })\n    }",
        "user": "UJHD6A81H",
        "ts": "1584902215.027600",
        "team": "TJH5YU202",
        "user_team": "TJH5YU202",
        "source_team": "TJH5YU202",
        "user_profile": {
            "avatar_hash": "g6b8073e00e9",
            "image_72": "https:\/\/secure.gravatar.com\/avatar\/b96b8073e00e9eb02bcf05bc1418eb3a.jpg?s=72&d=https%3A%2F%2Fa.slack-edge.com%2Fdf10d%2Fimg%2Favatars%2Fava_0021-72.png",
            "first_name": "Otto",
            "real_name": "Otto Atzwanger",
            "display_name": "Otto",
            "team": "TJH5YU202",
            "name": "otto",
            "is_restricted": false,
            "is_ultra_restricted": false
        },
        "blocks": [
            {
                "type": "rich_text",
                "block_id": "fe7",
                "elements": [
                    {
                        "type": "rich_text_section",
                        "elements": [
                            {
                                "type": "text",
                                "text": "$('#myDIV').bind('scroll', function()\n      {\n        if($(this).scrollTop() + $(this).innerHeight()>=$(this)[0].scrollHeight)\n        {\n          alert('end reached');\n        }\n      })\n    }"
                            }
                        ]
                    }
                ]
            }
        ]
    },
    {
        "client_msg_id": "b35cbb76-1667-452e-91d5-3f62912b645a",
        "type": "message",
        "text": "Wait, are you doing that in order to debug, or what?",
        "user": "UNAHBRTFA",
        "ts": "1584902306.028100",
        "team": "TJH5YU202",
        "user_team": "TJH5YU202",
        "source_team": "TJH5YU202",
        "user_profile": {
            "avatar_hash": "g3d2a3f4c28c",
            "image_72": "https:\/\/secure.gravatar.com\/avatar\/23d2a3f4c28cebb4cf07e48d02620517.jpg?s=72&d=https%3A%2F%2Fa.slack-edge.com%2Fdf10d%2Fimg%2Favatars%2Fava_0020-72.png",
            "first_name": "Andreu",
            "real_name": "Andreu Botella",
            "display_name": "Andreu Botella",
            "team": "TJH5YU202",
            "name": "andreu.132",
            "is_restricted": false,
            "is_ultra_restricted": false
        },
        "blocks": [
            {
                "type": "rich_text",
                "block_id": "7cu",
                "elements": [
                    {
                        "type": "rich_text_section",
                        "elements": [
                            {
                                "type": "text",
                                "text": "Wait, are you doing that in order to debug, or what?"
                            }
                        ]
                    }
                ]
            }
        ]
    },
    {
        "client_msg_id": "4a4ebcb7-c8e6-4fc6-ac68-6ff37f1b9c57",
        "type": "message",
        "text": "You shouldn't do something that \"stops the world\" as `alert()` does inside a scroll event handler, because scrolling in browsers is usually handled by the GPU",
        "user": "UNAHBRTFA",
        "ts": "1584902343.028900",
        "team": "TJH5YU202",
        "user_team": "TJH5YU202",
        "source_team": "TJH5YU202",
        "user_profile": {
            "avatar_hash": "g3d2a3f4c28c",
            "image_72": "https:\/\/secure.gravatar.com\/avatar\/23d2a3f4c28cebb4cf07e48d02620517.jpg?s=72&d=https%3A%2F%2Fa.slack-edge.com%2Fdf10d%2Fimg%2Favatars%2Fava_0020-72.png",
            "first_name": "Andreu",
            "real_name": "Andreu Botella",
            "display_name": "Andreu Botella",
            "team": "TJH5YU202",
            "name": "andreu.132",
            "is_restricted": false,
            "is_ultra_restricted": false
        },
        "blocks": [
            {
                "type": "rich_text",
                "block_id": "Uva",
                "elements": [
                    {
                        "type": "rich_text_section",
                        "elements": [
                            {
                                "type": "text",
                                "text": "You shouldn't do something that \"stops the world\" as "
                            },
                            {
                                "type": "text",
                                "text": "alert()",
                                "style": {
                                    "code": true
                                }
                            },
                            {
                                "type": "text",
                                "text": " does inside a scroll event handler, because scrolling in browsers is usually handled by the GPU"
                            }
                        ]
                    }
                ]
            }
        ]
    },
    {
        "client_msg_id": "c5a83719-7586-4118-b8e1-fd29187982b8",
        "type": "message",
        "text": "I have it only for testing.",
        "user": "UJHD6A81H",
        "ts": "1584902481.029400",
        "team": "TJH5YU202",
        "user_team": "TJH5YU202",
        "source_team": "TJH5YU202",
        "user_profile": {
            "avatar_hash": "g6b8073e00e9",
            "image_72": "https:\/\/secure.gravatar.com\/avatar\/b96b8073e00e9eb02bcf05bc1418eb3a.jpg?s=72&d=https%3A%2F%2Fa.slack-edge.com%2Fdf10d%2Fimg%2Favatars%2Fava_0021-72.png",
            "first_name": "Otto",
            "real_name": "Otto Atzwanger",
            "display_name": "Otto",
            "team": "TJH5YU202",
            "name": "otto",
            "is_restricted": false,
            "is_ultra_restricted": false
        },
        "blocks": [
            {
                "type": "rich_text",
                "block_id": "Z+T+K",
                "elements": [
                    {
                        "type": "rich_text_section",
                        "elements": [
                            {
                                "type": "text",
                                "text": "I have it only for testing."
                            }
                        ]
                    }
                ]
            }
        ]
    },
    {
        "client_msg_id": "edcf4e11-8c88-4067-aa6e-9f442f1d3349",
        "type": "message",
        "text": "ok then",
        "user": "UNAHBRTFA",
        "ts": "1584902489.029600",
        "team": "TJH5YU202",
        "user_team": "TJH5YU202",
        "source_team": "TJH5YU202",
        "user_profile": {
            "avatar_hash": "g3d2a3f4c28c",
            "image_72": "https:\/\/secure.gravatar.com\/avatar\/23d2a3f4c28cebb4cf07e48d02620517.jpg?s=72&d=https%3A%2F%2Fa.slack-edge.com%2Fdf10d%2Fimg%2Favatars%2Fava_0020-72.png",
            "first_name": "Andreu",
            "real_name": "Andreu Botella",
            "display_name": "Andreu Botella",
            "team": "TJH5YU202",
            "name": "andreu.132",
            "is_restricted": false,
            "is_ultra_restricted": false
        },
        "blocks": [
            {
                "type": "rich_text",
                "block_id": "U3m",
                "elements": [
                    {
                        "type": "rich_text_section",
                        "elements": [
                            {
                                "type": "text",
                                "text": "ok then"
                            }
                        ]
                    }
                ]
            }
        ]
    },
    {
        "type": "message",
        "text": "",
        "files": [
            {
                "id": "F010HNXV2QM",
                "created": 1584902484,
                "timestamp": 1584902484,
                "name": "grafik.png",
                "title": "grafik.png",
                "mimetype": "image\/png",
                "filetype": "png",
                "pretty_type": "PNG",
                "user": "UJHD6A81H",
                "editable": false,
                "size": 28776,
                "mode": "hosted",
                "is_external": false,
                "external_type": "",
                "is_public": true,
                "public_url_shared": false,
                "display_as_bot": false,
                "username": "",
                "url_private": "https:\/\/files.slack.com\/files-pri\/TJH5YU202-F010HNXV2QM\/grafik.png?t=xoxe-629202954002-1115206499825-1101204359349-48e7ea248bf98b7fac300966398406ac",
                "url_private_download": "https:\/\/files.slack.com\/files-pri\/TJH5YU202-F010HNXV2QM\/download\/grafik.png?t=xoxe-629202954002-1115206499825-1101204359349-48e7ea248bf98b7fac300966398406ac",
                "thumb_64": "https:\/\/files.slack.com\/files-tmb\/TJH5YU202-F010HNXV2QM-c66bcf3acc\/grafik_64.png?t=xoxe-629202954002-1115206499825-1101204359349-48e7ea248bf98b7fac300966398406ac",
                "thumb_80": "https:\/\/files.slack.com\/files-tmb\/TJH5YU202-F010HNXV2QM-c66bcf3acc\/grafik_80.png?t=xoxe-629202954002-1115206499825-1101204359349-48e7ea248bf98b7fac300966398406ac",
                "thumb_360": "https:\/\/files.slack.com\/files-tmb\/TJH5YU202-F010HNXV2QM-c66bcf3acc\/grafik_360.png?t=xoxe-629202954002-1115206499825-1101204359349-48e7ea248bf98b7fac300966398406ac",
                "thumb_360_w": 360,
                "thumb_360_h": 281,
                "thumb_160": "https:\/\/files.slack.com\/files-tmb\/TJH5YU202-F010HNXV2QM-c66bcf3acc\/grafik_160.png?t=xoxe-629202954002-1115206499825-1101204359349-48e7ea248bf98b7fac300966398406ac",
                "image_exif_rotation": 1,
                "original_w": 427,
                "original_h": 333,
                "thumb_tiny": "AwAlADDRwTRg04UUAMKtkYOBS7T60nlrjGOKPLWgBcGjBFO6Cg9KAAUGgUhoAOtGMUE8cCgHjkGgBeooPSkFKelAAKKBRQAlFHejvQAtB6UUHpQB\/9k=",
                "permalink": "https:\/\/harbourproject.slack.com\/files\/UJHD6A81H\/F010HNXV2QM\/grafik.png",
                "permalink_public": "https:\/\/slack-files.com\/TJH5YU202-F010HNXV2QM-7636868283",
                "is_starred": false,
                "has_rich_preview": false
            }
        ],
        "upload": true,
        "user": "UJHD6A81H",
        "display_as_bot": false,
        "ts": "1584902489.029700",
        "client_msg_id": "1f7597c1-056d-48b7-bd28-c983b3309890"
    },
    {
        "client_msg_id": "b1282268-b057-498a-b6a9-be7237d1f1dc",
        "type": "message",
        "text": "It's so exciting. If I search with Google and log in through our local Austrian provider, then I get practically no useful answers.\nThat's why I'm now mostly use a US IP.\nThe localized search is a real disadvantage for us.",
        "user": "UJHD6A81H",
        "ts": "1584902683.030100",
        "team": "TJH5YU202",
        "user_team": "TJH5YU202",
        "source_team": "TJH5YU202",
        "user_profile": {
            "avatar_hash": "g6b8073e00e9",
            "image_72": "https:\/\/secure.gravatar.com\/avatar\/b96b8073e00e9eb02bcf05bc1418eb3a.jpg?s=72&d=https%3A%2F%2Fa.slack-edge.com%2Fdf10d%2Fimg%2Favatars%2Fava_0021-72.png",
            "first_name": "Otto",
            "real_name": "Otto Atzwanger",
            "display_name": "Otto",
            "team": "TJH5YU202",
            "name": "otto",
            "is_restricted": false,
            "is_ultra_restricted": false
        },
        "edited": {
            "user": "UJHD6A81H",
            "ts": "1584902709.000000"
        },
        "blocks": [
            {
                "type": "rich_text",
                "block_id": "XRN",
                "elements": [
                    {
                        "type": "rich_text_section",
                        "elements": [
                            {
                                "type": "text",
                                "text": "It's so exciting. If I search with Google and log in through our local Austrian provider, then I get practically no useful answers.\nThat's why I'm now mostly use a US IP.\nThe localized search is a real disadvantage for us."
                            }
                        ]
                    }
                ]
            }
        ]
    },
    {
        "client_msg_id": "1f4d0b26-c0c4-4b78-9a47-0907317c9b7b",
        "type": "message",
        "text": "Andreu, now it is working.",
        "user": "UJHD6A81H",
        "ts": "1584904485.030700",
        "team": "TJH5YU202",
        "user_team": "TJH5YU202",
        "source_team": "TJH5YU202",
        "user_profile": {
            "avatar_hash": "g6b8073e00e9",
            "image_72": "https:\/\/secure.gravatar.com\/avatar\/b96b8073e00e9eb02bcf05bc1418eb3a.jpg?s=72&d=https%3A%2F%2Fa.slack-edge.com%2Fdf10d%2Fimg%2Favatars%2Fava_0021-72.png",
            "first_name": "Otto",
            "real_name": "Otto Atzwanger",
            "display_name": "Otto",
            "team": "TJH5YU202",
            "name": "otto",
            "is_restricted": false,
            "is_ultra_restricted": false
        },
        "blocks": [
            {
                "type": "rich_text",
                "block_id": "H9+Y",
                "elements": [
                    {
                        "type": "rich_text_section",
                        "elements": [
                            {
                                "type": "text",
                                "text": "Andreu, now it is working."
                            }
                        ]
                    }
                ]
            }
        ]
    },
    {
        "client_msg_id": "efa43fcc-6db6-4f53-bbe4-9744e68e52f1",
        "type": "message",
        "text": "<https:\/\/www.modharbour.club\/scroll\/index.prg>",
        "user": "UJHD6A81H",
        "ts": "1584904486.030800",
        "team": "TJH5YU202",
        "user_team": "TJH5YU202",
        "source_team": "TJH5YU202",
        "user_profile": {
            "avatar_hash": "g6b8073e00e9",
            "image_72": "https:\/\/secure.gravatar.com\/avatar\/b96b8073e00e9eb02bcf05bc1418eb3a.jpg?s=72&d=https%3A%2F%2Fa.slack-edge.com%2Fdf10d%2Fimg%2Favatars%2Fava_0021-72.png",
            "first_name": "Otto",
            "real_name": "Otto Atzwanger",
            "display_name": "Otto",
            "team": "TJH5YU202",
            "name": "otto",
            "is_restricted": false,
            "is_ultra_restricted": false
        },
        "blocks": [
            {
                "type": "rich_text",
                "block_id": "4n8",
                "elements": [
                    {
                        "type": "rich_text_section",
                        "elements": [
                            {
                                "type": "link",
                                "url": "https:\/\/www.modharbour.club\/scroll\/index.prg"
                            }
                        ]
                    }
                ]
            }
        ]
    },
    {
        "client_msg_id": "21d139d3-09cf-46a5-9841-b571f96d01d2",
        "type": "message",
        "text": "Next work - integrating into blog.",
        "user": "UJHD6A81H",
        "ts": "1584904628.031300",
        "team": "TJH5YU202",
        "user_team": "TJH5YU202",
        "source_team": "TJH5YU202",
        "user_profile": {
            "avatar_hash": "g6b8073e00e9",
            "image_72": "https:\/\/secure.gravatar.com\/avatar\/b96b8073e00e9eb02bcf05bc1418eb3a.jpg?s=72&d=https%3A%2F%2Fa.slack-edge.com%2Fdf10d%2Fimg%2Favatars%2Fava_0021-72.png",
            "first_name": "Otto",
            "real_name": "Otto Atzwanger",
            "display_name": "Otto",
            "team": "TJH5YU202",
            "name": "otto",
            "is_restricted": false,
            "is_ultra_restricted": false
        },
        "blocks": [
            {
                "type": "rich_text",
                "block_id": "TqaJw",
                "elements": [
                    {
                        "type": "rich_text_section",
                        "elements": [
                            {
                                "type": "text",
                                "text": "Next work - integrating into blog."
                            }
                        ]
                    }
                ]
            }
        ]
    },
    {
        "client_msg_id": "a363383d-3272-44e3-8860-9d739cd6d266",
        "type": "message",
        "text": "<https:\/\/forum.mod-harbour.org\/viewtopic.php?f=6&amp;t=446>",
        "user": "UMZ3LNV5Z",
        "ts": "1584923409.031600",
        "team": "TJH5YU202",
        "user_team": "TJH5YU202",
        "source_team": "TJH5YU202",
        "user_profile": {
            "avatar_hash": "0705cbdb2dc9",
            "image_72": "https:\/\/avatars.slack-edge.com\/2020-02-24\/967980533062_0705cbdb2dc9cb3644bb_72.jpg",
            "first_name": "Pablo",
            "real_name": "Pablo Botella",
            "display_name": "Pablo Botella",
            "team": "TJH5YU202",
            "name": "pb",
            "is_restricted": false,
            "is_ultra_restricted": false
        },
        "blocks": [
            {
                "type": "rich_text",
                "block_id": "cEp",
                "elements": [
                    {
                        "type": "rich_text_section",
                        "elements": [
                            {
                                "type": "link",
                                "url": "https:\/\/forum.mod-harbour.org\/viewtopic.php?f=6&t=446"
                            }
                        ]
                    }
                ]
            }
        ]
    },
    {
        "client_msg_id": "872e5b8d-b2fb-418c-8532-3daed86a4594",
        "type": "message",
        "text": "here is the translation from the <@UJWR5N32S>’s notes of the saturdays's workshop.  We was done the workshop this friday but for technical reasons <@UJWR5N32S> was need to grab the video again on saturday  ( thx <@UJWR5N32S> :muscle: )",
        "user": "UMZ3LNV5Z",
        "ts": "1584923453.032300",
        "team": "TJH5YU202",
        "user_team": "TJH5YU202",
        "source_team": "TJH5YU202",
        "user_profile": {
            "avatar_hash": "0705cbdb2dc9",
            "image_72": "https:\/\/avatars.slack-edge.com\/2020-02-24\/967980533062_0705cbdb2dc9cb3644bb_72.jpg",
            "first_name": "Pablo",
            "real_name": "Pablo Botella",
            "display_name": "Pablo Botella",
            "team": "TJH5YU202",
            "name": "pb",
            "is_restricted": false,
            "is_ultra_restricted": false
        },
        "edited": {
            "user": "UMZ3LNV5Z",
            "ts": "1584923609.000000"
        },
        "blocks": [
            {
                "type": "rich_text",
                "block_id": "5vr",
                "elements": [
                    {
                        "type": "rich_text_section",
                        "elements": [
                            {
                                "type": "text",
                                "text": "here is the translation from the "
                            },
                            {
                                "type": "user",
                                "user_id": "UJWR5N32S"
                            },
                            {
                                "type": "text",
                                "text": "’s notes of the saturdays's workshop.  We was done the workshop this friday but for technical reasons "
                            },
                            {
                                "type": "user",
                                "user_id": "UJWR5N32S"
                            },
                            {
                                "type": "text",
                                "text": " was need to grab the video again on saturday  ( thx "
                            },
                            {
                                "type": "user",
                                "user_id": "UJWR5N32S"
                            },
                            {
                                "type": "text",
                                "text": " "
                            },
                            {
                                "type": "emoji",
                                "name": "muscle"
                            },
                            {
                                "type": "text",
                                "text": " )"
                            }
                        ]
                    }
                ]
            }
        ],
        "reactions": [
            {
                "name": "+1",
                "users": [
                    "UJHD6A81H"
                ],
                "count": 1
            }
        ]
    },
    {
        "client_msg_id": "2b3d6112-87dd-4da6-94a6-c2cd441cd8d1",
        "type": "message",
        "text": "Pablo, thank you for your work.",
        "user": "UJHD6A81H",
        "ts": "1584946256.032800",
        "team": "TJH5YU202",
        "user_team": "TJH5YU202",
        "source_team": "TJH5YU202",
        "user_profile": {
            "avatar_hash": "g6b8073e00e9",
            "image_72": "https:\/\/secure.gravatar.com\/avatar\/b96b8073e00e9eb02bcf05bc1418eb3a.jpg?s=72&d=https%3A%2F%2Fa.slack-edge.com%2Fdf10d%2Fimg%2Favatars%2Fava_0021-72.png",
            "first_name": "Otto",
            "real_name": "Otto Atzwanger",
            "display_name": "Otto",
            "team": "TJH5YU202",
            "name": "otto",
            "is_restricted": false,
            "is_ultra_restricted": false
        },
        "blocks": [
            {
                "type": "rich_text",
                "block_id": "rVe",
                "elements": [
                    {
                        "type": "rich_text_section",
                        "elements": [
                            {
                                "type": "text",
                                "text": "Pablo, thank you for your work."
                            }
                        ]
                    }
                ]
            }
        ]
    }
]