[
    {
        "client_msg_id": "165c6f31-9307-4afe-a869-502077329555",
        "type": "message",
        "text": "Good morning.",
        "user": "UJHD6A81H",
        "ts": "1586595598.028000",
        "team": "TJH5YU202",
        "user_team": "TJH5YU202",
        "source_team": "TJH5YU202",
        "user_profile": {
            "avatar_hash": "g6b8073e00e9",
            "image_72": "https:\/\/secure.gravatar.com\/avatar\/b96b8073e00e9eb02bcf05bc1418eb3a.jpg?s=72&d=https%3A%2F%2Fa.slack-edge.com%2Fdf10d%2Fimg%2Favatars%2Fava_0021-72.png",
            "first_name": "Otto",
            "real_name": "Otto Atzwanger",
            "display_name": "Otto",
            "team": "TJH5YU202",
            "name": "otto",
            "is_restricted": false,
            "is_ultra_restricted": false
        },
        "blocks": [
            {
                "type": "rich_text",
                "block_id": "qqLMW",
                "elements": [
                    {
                        "type": "rich_text_section",
                        "elements": [
                            {
                                "type": "text",
                                "text": "Good morning."
                            }
                        ]
                    }
                ]
            }
        ]
    },
    {
        "client_msg_id": "c613c381-5502-450d-be1f-28c83b6918eb",
        "type": "message",
        "text": "At the moment, it looks that you must place orders in restaurants with your smartphone after coronavirus restart.\n\nTherefore we have to develop an APP to take orders quickly.\n\nWe start with the search for a suitable template.",
        "user": "UJHD6A81H",
        "ts": "1586595613.028200",
        "team": "TJH5YU202",
        "user_team": "TJH5YU202",
        "source_team": "TJH5YU202",
        "user_profile": {
            "avatar_hash": "g6b8073e00e9",
            "image_72": "https:\/\/secure.gravatar.com\/avatar\/b96b8073e00e9eb02bcf05bc1418eb3a.jpg?s=72&d=https%3A%2F%2Fa.slack-edge.com%2Fdf10d%2Fimg%2Favatars%2Fava_0021-72.png",
            "first_name": "Otto",
            "real_name": "Otto Atzwanger",
            "display_name": "Otto",
            "team": "TJH5YU202",
            "name": "otto",
            "is_restricted": false,
            "is_ultra_restricted": false
        },
        "blocks": [
            {
                "type": "rich_text",
                "block_id": "lnN3y",
                "elements": [
                    {
                        "type": "rich_text_section",
                        "elements": [
                            {
                                "type": "text",
                                "text": "At the moment, it looks that you must place orders in restaurants with your smartphone after coronavirus restart.\n\nTherefore we have to develop an APP to take orders quickly.\n\nWe start with the search for a suitable template."
                            }
                        ]
                    }
                ]
            }
        ]
    },
    {
        "client_msg_id": "b8431dea-d2e7-45a7-aeea-eab60a1c7258",
        "type": "message",
        "text": "Step 2)\nI have found a beautiful template and am now preparing the source code so I can start programming with Harbour.",
        "user": "UJHD6A81H",
        "ts": "1586599398.028500",
        "team": "TJH5YU202",
        "user_team": "TJH5YU202",
        "source_team": "TJH5YU202",
        "user_profile": {
            "avatar_hash": "g6b8073e00e9",
            "image_72": "https:\/\/secure.gravatar.com\/avatar\/b96b8073e00e9eb02bcf05bc1418eb3a.jpg?s=72&d=https%3A%2F%2Fa.slack-edge.com%2Fdf10d%2Fimg%2Favatars%2Fava_0021-72.png",
            "first_name": "Otto",
            "real_name": "Otto Atzwanger",
            "display_name": "Otto",
            "team": "TJH5YU202",
            "name": "otto",
            "is_restricted": false,
            "is_ultra_restricted": false
        },
        "blocks": [
            {
                "type": "rich_text",
                "block_id": "zeLuV",
                "elements": [
                    {
                        "type": "rich_text_section",
                        "elements": [
                            {
                                "type": "text",
                                "text": "Step 2)\nI have found a beautiful template and am now preparing the source code so I can start programming with Harbour."
                            }
                        ]
                    }
                ]
            }
        ]
    },
    {
        "client_msg_id": "a3c0ca61-86f4-49b7-9499-e09f7e2bfe7b",
        "type": "message",
        "text": "I'll keep saying that it's better to at least try and understand somewhat the code you're copy-pasting, even if that code is a template.",
        "user": "UNAHBRTFA",
        "ts": "1586600638.029200",
        "team": "TJH5YU202",
        "user_team": "TJH5YU202",
        "source_team": "TJH5YU202",
        "user_profile": {
            "avatar_hash": "g3d2a3f4c28c",
            "image_72": "https:\/\/secure.gravatar.com\/avatar\/23d2a3f4c28cebb4cf07e48d02620517.jpg?s=72&d=https%3A%2F%2Fa.slack-edge.com%2Fdf10d%2Fimg%2Favatars%2Fava_0020-72.png",
            "first_name": "Andreu",
            "real_name": "Andreu Botella",
            "display_name": "Andreu Botella",
            "team": "TJH5YU202",
            "name": "andreu.132",
            "is_restricted": false,
            "is_ultra_restricted": false
        },
        "blocks": [
            {
                "type": "rich_text",
                "block_id": "TQI",
                "elements": [
                    {
                        "type": "rich_text_section",
                        "elements": [
                            {
                                "type": "text",
                                "text": "I'll keep saying that it's better to at least try and understand somewhat the code you're copy-pasting, even if that code is a template."
                            }
                        ]
                    }
                ]
            }
        ]
    },
    {
        "client_msg_id": "a224a642-b50d-4656-8c95-95d5429e69c9",
        "type": "message",
        "text": "I'm not asking you to try and test what happens when you comment out each CSS property, but maybe hop on the inspector and play somewhat :slightly_smiling_face:",
        "user": "UNAHBRTFA",
        "ts": "1586600737.031200",
        "team": "TJH5YU202",
        "user_team": "TJH5YU202",
        "source_team": "TJH5YU202",
        "user_profile": {
            "avatar_hash": "g3d2a3f4c28c",
            "image_72": "https:\/\/secure.gravatar.com\/avatar\/23d2a3f4c28cebb4cf07e48d02620517.jpg?s=72&d=https%3A%2F%2Fa.slack-edge.com%2Fdf10d%2Fimg%2Favatars%2Fava_0020-72.png",
            "first_name": "Andreu",
            "real_name": "Andreu Botella",
            "display_name": "Andreu Botella",
            "team": "TJH5YU202",
            "name": "andreu.132",
            "is_restricted": false,
            "is_ultra_restricted": false
        },
        "blocks": [
            {
                "type": "rich_text",
                "block_id": "R\/FIz",
                "elements": [
                    {
                        "type": "rich_text_section",
                        "elements": [
                            {
                                "type": "text",
                                "text": "I'm not asking you to try and test what happens when you comment out each CSS property, but maybe hop on the inspector and play somewhat "
                            },
                            {
                                "type": "emoji",
                                "name": "slightly_smiling_face"
                            }
                        ]
                    }
                ]
            }
        ]
    },
    {
        "client_msg_id": "773dcb76-c6b6-4aca-ac6b-4daec2965903",
        "type": "message",
        "text": "Online food ordering   <https:\/\/mybergland.com\/fwforum\/restaurant.mp4>",
        "user": "UJHD6A81H",
        "ts": "1586613845.031400",
        "team": "TJH5YU202",
        "user_team": "TJH5YU202",
        "source_team": "TJH5YU202",
        "user_profile": {
            "avatar_hash": "g6b8073e00e9",
            "image_72": "https:\/\/secure.gravatar.com\/avatar\/b96b8073e00e9eb02bcf05bc1418eb3a.jpg?s=72&d=https%3A%2F%2Fa.slack-edge.com%2Fdf10d%2Fimg%2Favatars%2Fava_0021-72.png",
            "first_name": "Otto",
            "real_name": "Otto Atzwanger",
            "display_name": "Otto",
            "team": "TJH5YU202",
            "name": "otto",
            "is_restricted": false,
            "is_ultra_restricted": false
        },
        "blocks": [
            {
                "type": "rich_text",
                "block_id": "C8BPw",
                "elements": [
                    {
                        "type": "rich_text_section",
                        "elements": [
                            {
                                "type": "text",
                                "text": "Online food ordering   "
                            },
                            {
                                "type": "link",
                                "url": "https:\/\/mybergland.com\/fwforum\/restaurant.mp4"
                            }
                        ]
                    }
                ]
            }
        ]
    },
    {
        "type": "message",
        "text": "",
        "files": [
            {
                "id": "F011PCGLD29",
                "created": 1586619195,
                "timestamp": 1586619195,
                "name": "grafik.png",
                "title": "grafik.png",
                "mimetype": "image\/png",
                "filetype": "png",
                "pretty_type": "PNG",
                "user": "UJHD6A81H",
                "editable": false,
                "size": 127490,
                "mode": "hosted",
                "is_external": false,
                "external_type": "",
                "is_public": true,
                "public_url_shared": false,
                "display_as_bot": false,
                "username": "",
                "url_private": "https:\/\/files.slack.com\/files-pri\/TJH5YU202-F011PCGLD29\/grafik.png?t=xoxe-629202954002-1115206499825-1101204359349-48e7ea248bf98b7fac300966398406ac",
                "url_private_download": "https:\/\/files.slack.com\/files-pri\/TJH5YU202-F011PCGLD29\/download\/grafik.png?t=xoxe-629202954002-1115206499825-1101204359349-48e7ea248bf98b7fac300966398406ac",
                "thumb_64": "https:\/\/files.slack.com\/files-tmb\/TJH5YU202-F011PCGLD29-fefef98e4c\/grafik_64.png?t=xoxe-629202954002-1115206499825-1101204359349-48e7ea248bf98b7fac300966398406ac",
                "thumb_80": "https:\/\/files.slack.com\/files-tmb\/TJH5YU202-F011PCGLD29-fefef98e4c\/grafik_80.png?t=xoxe-629202954002-1115206499825-1101204359349-48e7ea248bf98b7fac300966398406ac",
                "thumb_360": "https:\/\/files.slack.com\/files-tmb\/TJH5YU202-F011PCGLD29-fefef98e4c\/grafik_360.png?t=xoxe-629202954002-1115206499825-1101204359349-48e7ea248bf98b7fac300966398406ac",
                "thumb_360_w": 338,
                "thumb_360_h": 360,
                "thumb_480": "https:\/\/files.slack.com\/files-tmb\/TJH5YU202-F011PCGLD29-fefef98e4c\/grafik_480.png?t=xoxe-629202954002-1115206499825-1101204359349-48e7ea248bf98b7fac300966398406ac",
                "thumb_480_w": 451,
                "thumb_480_h": 480,
                "thumb_160": "https:\/\/files.slack.com\/files-tmb\/TJH5YU202-F011PCGLD29-fefef98e4c\/grafik_160.png?t=xoxe-629202954002-1115206499825-1101204359349-48e7ea248bf98b7fac300966398406ac",
                "thumb_720": "https:\/\/files.slack.com\/files-tmb\/TJH5YU202-F011PCGLD29-fefef98e4c\/grafik_720.png?t=xoxe-629202954002-1115206499825-1101204359349-48e7ea248bf98b7fac300966398406ac",
                "thumb_720_w": 676,
                "thumb_720_h": 720,
                "thumb_800": "https:\/\/files.slack.com\/files-tmb\/TJH5YU202-F011PCGLD29-fefef98e4c\/grafik_800.png?t=xoxe-629202954002-1115206499825-1101204359349-48e7ea248bf98b7fac300966398406ac",
                "thumb_800_w": 800,
                "thumb_800_h": 852,
                "thumb_960": "https:\/\/files.slack.com\/files-tmb\/TJH5YU202-F011PCGLD29-fefef98e4c\/grafik_960.png?t=xoxe-629202954002-1115206499825-1101204359349-48e7ea248bf98b7fac300966398406ac",
                "thumb_960_w": 902,
                "thumb_960_h": 960,
                "thumb_1024": "https:\/\/files.slack.com\/files-tmb\/TJH5YU202-F011PCGLD29-fefef98e4c\/grafik_1024.png?t=xoxe-629202954002-1115206499825-1101204359349-48e7ea248bf98b7fac300966398406ac",
                "thumb_1024_w": 962,
                "thumb_1024_h": 1024,
                "original_w": 1024,
                "original_h": 1090,
                "thumb_tiny": "AwAwAC2xK04kbZv29sCmbrn\/AKaflVsgZ7UjBzjY4A91zQBU3XX+3+VG66\/2\/wAqvDOBnk\/SigCjuuv9v8qkjM\/O7f8AiKsscA0wMT1oAeevemohBzvc+xpeOPpTNkTvnI3f71AEtFFFACN0P0qNakbofpTFzQA89ajRoi+FA3ey1Ic5pGYqM7Wb2FADqKajbhkqy+xp1ACN0P0qNakbofpUa0Af\/9k=",
                "permalink": "https:\/\/harbourproject.slack.com\/files\/UJHD6A81H\/F011PCGLD29\/grafik.png",
                "permalink_public": "https:\/\/slack-files.com\/TJH5YU202-F011PCGLD29-7ca826d994",
                "is_starred": false,
                "has_rich_preview": false
            }
        ],
        "upload": true,
        "user": "UJHD6A81H",
        "display_as_bot": false,
        "ts": "1586619199.031500",
        "client_msg_id": "c8148e31-111e-4886-8a2e-a49f58f53dd5"
    },
    {
        "client_msg_id": "d1dd3bc8-d577-4918-8dda-60d8714f451d",
        "type": "message",
        "text": "Now products are filled from artikel.dbf.",
        "user": "UJHD6A81H",
        "ts": "1586619323.032400",
        "team": "TJH5YU202",
        "user_team": "TJH5YU202",
        "source_team": "TJH5YU202",
        "user_profile": {
            "avatar_hash": "g6b8073e00e9",
            "image_72": "https:\/\/secure.gravatar.com\/avatar\/b96b8073e00e9eb02bcf05bc1418eb3a.jpg?s=72&d=https%3A%2F%2Fa.slack-edge.com%2Fdf10d%2Fimg%2Favatars%2Fava_0021-72.png",
            "first_name": "Otto",
            "real_name": "Otto Atzwanger",
            "display_name": "Otto",
            "team": "TJH5YU202",
            "name": "otto",
            "is_restricted": false,
            "is_ultra_restricted": false
        },
        "blocks": [
            {
                "type": "rich_text",
                "block_id": "qPlf",
                "elements": [
                    {
                        "type": "rich_text_section",
                        "elements": [
                            {
                                "type": "text",
                                "text": "Now products are filled from artikel.dbf."
                            }
                        ]
                    }
                ]
            }
        ]
    },
    {
        "type": "message",
        "text": "",
        "files": [
            {
                "id": "F011K8Z7YDU",
                "created": 1586619350,
                "timestamp": 1586619350,
                "name": "grafik.png",
                "title": "grafik.png",
                "mimetype": "image\/png",
                "filetype": "png",
                "pretty_type": "PNG",
                "user": "UJHD6A81H",
                "editable": false,
                "size": 26841,
                "mode": "hosted",
                "is_external": false,
                "external_type": "",
                "is_public": true,
                "public_url_shared": false,
                "display_as_bot": false,
                "username": "",
                "url_private": "https:\/\/files.slack.com\/files-pri\/TJH5YU202-F011K8Z7YDU\/grafik.png?t=xoxe-629202954002-1115206499825-1101204359349-48e7ea248bf98b7fac300966398406ac",
                "url_private_download": "https:\/\/files.slack.com\/files-pri\/TJH5YU202-F011K8Z7YDU\/download\/grafik.png?t=xoxe-629202954002-1115206499825-1101204359349-48e7ea248bf98b7fac300966398406ac",
                "thumb_64": "https:\/\/files.slack.com\/files-tmb\/TJH5YU202-F011K8Z7YDU-e638225a99\/grafik_64.png?t=xoxe-629202954002-1115206499825-1101204359349-48e7ea248bf98b7fac300966398406ac",
                "thumb_80": "https:\/\/files.slack.com\/files-tmb\/TJH5YU202-F011K8Z7YDU-e638225a99\/grafik_80.png?t=xoxe-629202954002-1115206499825-1101204359349-48e7ea248bf98b7fac300966398406ac",
                "thumb_360": "https:\/\/files.slack.com\/files-tmb\/TJH5YU202-F011K8Z7YDU-e638225a99\/grafik_360.png?t=xoxe-629202954002-1115206499825-1101204359349-48e7ea248bf98b7fac300966398406ac",
                "thumb_360_w": 360,
                "thumb_360_h": 295,
                "thumb_480": "https:\/\/files.slack.com\/files-tmb\/TJH5YU202-F011K8Z7YDU-e638225a99\/grafik_480.png?t=xoxe-629202954002-1115206499825-1101204359349-48e7ea248bf98b7fac300966398406ac",
                "thumb_480_w": 480,
                "thumb_480_h": 394,
                "thumb_160": "https:\/\/files.slack.com\/files-tmb\/TJH5YU202-F011K8Z7YDU-e638225a99\/grafik_160.png?t=xoxe-629202954002-1115206499825-1101204359349-48e7ea248bf98b7fac300966398406ac",
                "thumb_720": "https:\/\/files.slack.com\/files-tmb\/TJH5YU202-F011K8Z7YDU-e638225a99\/grafik_720.png?t=xoxe-629202954002-1115206499825-1101204359349-48e7ea248bf98b7fac300966398406ac",
                "thumb_720_w": 720,
                "thumb_720_h": 591,
                "thumb_800": "https:\/\/files.slack.com\/files-tmb\/TJH5YU202-F011K8Z7YDU-e638225a99\/grafik_800.png?t=xoxe-629202954002-1115206499825-1101204359349-48e7ea248bf98b7fac300966398406ac",
                "thumb_800_w": 800,
                "thumb_800_h": 656,
                "original_w": 919,
                "original_h": 754,
                "thumb_tiny": "AwAnADClx60n4\/rSgjvRwTzQAnPrRz6\/rRxmg47UAGadGf3qf7wplOj\/ANan+8KAAd+cUcHvSZpKAFwPWkoooAKdH\/rE\/wB4U2nR\/wCtT\/eFAD\/Ik\/uH8xR5D\/3D+Yq6etFAFLyJP7h\/MUeRJ\/cP5irtFAFLyJP7h\/MUqQSCRTt4yO4q5Qv3h9aAP\/\/Z",
                "permalink": "https:\/\/harbourproject.slack.com\/files\/UJHD6A81H\/F011K8Z7YDU\/grafik.png",
                "permalink_public": "https:\/\/slack-files.com\/TJH5YU202-F011K8Z7YDU-f8a5883e36",
                "is_starred": false,
                "has_rich_preview": false
            }
        ],
        "upload": true,
        "user": "UJHD6A81H",
        "display_as_bot": false,
        "ts": "1586619353.032500",
        "client_msg_id": "0582f41a-894c-4e9a-9c41-478422a4e982"
    },
    {
        "client_msg_id": "64c16422-7ab9-4f27-96a4-2349ebb0dbd0",
        "type": "message",
        "text": "I think thanks to mod harbour I am ready with the software much before the restart.",
        "user": "UJHD6A81H",
        "ts": "1586621990.033200",
        "team": "TJH5YU202",
        "user_team": "TJH5YU202",
        "source_team": "TJH5YU202",
        "user_profile": {
            "avatar_hash": "g6b8073e00e9",
            "image_72": "https:\/\/secure.gravatar.com\/avatar\/b96b8073e00e9eb02bcf05bc1418eb3a.jpg?s=72&d=https%3A%2F%2Fa.slack-edge.com%2Fdf10d%2Fimg%2Favatars%2Fava_0021-72.png",
            "first_name": "Otto",
            "real_name": "Otto Atzwanger",
            "display_name": "Otto",
            "team": "TJH5YU202",
            "name": "otto",
            "is_restricted": false,
            "is_ultra_restricted": false
        },
        "blocks": [
            {
                "type": "rich_text",
                "block_id": "DGhl",
                "elements": [
                    {
                        "type": "rich_text_section",
                        "elements": [
                            {
                                "type": "text",
                                "text": "I think thanks to mod harbour I am ready with the software much before the restart."
                            }
                        ]
                    }
                ]
            }
        ]
    }
]