[
    {
        "client_msg_id": "4ab5956c-dbd0-49b5-92eb-50bc5078920c",
        "type": "message",
        "text": "For beginners: JavaScript is a case-sensitive language",
        "user": "UJHD6A81H",
        "ts": "1588366106.070000",
        "team": "TJH5YU202",
        "user_team": "TJH5YU202",
        "source_team": "TJH5YU202",
        "user_profile": {
            "avatar_hash": "g6b8073e00e9",
            "image_72": "https:\/\/secure.gravatar.com\/avatar\/b96b8073e00e9eb02bcf05bc1418eb3a.jpg?s=72&d=https%3A%2F%2Fa.slack-edge.com%2Fdf10d%2Fimg%2Favatars%2Fava_0021-72.png",
            "first_name": "Otto",
            "real_name": "Otto Atzwanger",
            "display_name": "Otto",
            "team": "TJH5YU202",
            "name": "otto",
            "is_restricted": false,
            "is_ultra_restricted": false
        },
        "blocks": [
            {
                "type": "rich_text",
                "block_id": "kCw",
                "elements": [
                    {
                        "type": "rich_text_section",
                        "elements": [
                            {
                                "type": "text",
                                "text": "For beginners: JavaScript is a case-sensitive language"
                            }
                        ]
                    }
                ]
            }
        ]
    },
    {
        "client_msg_id": "7094d46d-86a7-4024-85bf-b629fe8195f5",
        "type": "message",
        "text": "I actually don't know of any case-insensitive language other than xbase",
        "user": "UNAHBRTFA",
        "ts": "1588366118.070300",
        "team": "TJH5YU202",
        "user_team": "TJH5YU202",
        "source_team": "TJH5YU202",
        "user_profile": {
            "avatar_hash": "g3d2a3f4c28c",
            "image_72": "https:\/\/secure.gravatar.com\/avatar\/23d2a3f4c28cebb4cf07e48d02620517.jpg?s=72&d=https%3A%2F%2Fa.slack-edge.com%2Fdf10d%2Fimg%2Favatars%2Fava_0020-72.png",
            "first_name": "Andreu",
            "real_name": "Andreu Botella",
            "display_name": "Andreu Botella",
            "team": "TJH5YU202",
            "name": "andreu.132",
            "is_restricted": false,
            "is_ultra_restricted": false
        },
        "edited": {
            "user": "UNAHBRTFA",
            "ts": "1588366127.000000"
        },
        "blocks": [
            {
                "type": "rich_text",
                "block_id": "MG2iH",
                "elements": [
                    {
                        "type": "rich_text_section",
                        "elements": [
                            {
                                "type": "text",
                                "text": "I actually don't know of any case-insensitive language other than xbase"
                            }
                        ]
                    }
                ]
            }
        ]
    }
]