[
    {
        "client_msg_id": "ad16852b-fe7a-4610-bd12-7e9ebd5f994d",
        "type": "message",
        "text": "To find an error when creating an array, I do the following.\n MemoWrit (\"c: \\ www \\ htdocs \\ mh_chat \\ array.txt\", ASave (aMsgBoxes))\nI link in the FIVEWIN function ASave to save an array on the hard drive.\nThen I read the array with a small Fivewin program and can display it in an xBrowse.",
        "user": "UJHD6A81H",
        "ts": "1586377921.026500",
        "team": "TJH5YU202",
        "user_team": "TJH5YU202",
        "source_team": "TJH5YU202",
        "user_profile": {
            "avatar_hash": "g6b8073e00e9",
            "image_72": "https:\/\/secure.gravatar.com\/avatar\/b96b8073e00e9eb02bcf05bc1418eb3a.jpg?s=72&d=https%3A%2F%2Fa.slack-edge.com%2Fdf10d%2Fimg%2Favatars%2Fava_0021-72.png",
            "first_name": "Otto",
            "real_name": "Otto Atzwanger",
            "display_name": "Otto",
            "team": "TJH5YU202",
            "name": "otto",
            "is_restricted": false,
            "is_ultra_restricted": false
        },
        "edited": {
            "user": "UJHD6A81H",
            "ts": "1586378001.000000"
        },
        "blocks": [
            {
                "type": "rich_text",
                "block_id": "gvQS",
                "elements": [
                    {
                        "type": "rich_text_section",
                        "elements": [
                            {
                                "type": "text",
                                "text": "To find an error when creating an array, I do the following.\n MemoWrit (\"c: \\ www \\ htdocs \\ mh_chat \\ array.txt\", ASave (aMsgBoxes))\nI link in the FIVEWIN function ASave to save an array on the hard drive.\nThen I read the array with a small Fivewin program and can display it in an xBrowse."
                            }
                        ]
                    }
                ]
            }
        ]
    },
    {
        "type": "message",
        "text": "",
        "files": [
            {
                "id": "F011PVBE0VA",
                "created": 1586378040,
                "timestamp": 1586378040,
                "name": "grafik.png",
                "title": "grafik.png",
                "mimetype": "image\/png",
                "filetype": "png",
                "pretty_type": "PNG",
                "user": "UJHD6A81H",
                "editable": false,
                "size": 35533,
                "mode": "hosted",
                "is_external": false,
                "external_type": "",
                "is_public": true,
                "public_url_shared": false,
                "display_as_bot": false,
                "username": "",
                "url_private": "https:\/\/files.slack.com\/files-pri\/TJH5YU202-F011PVBE0VA\/grafik.png?t=xoxe-629202954002-1115206499825-1101204359349-48e7ea248bf98b7fac300966398406ac",
                "url_private_download": "https:\/\/files.slack.com\/files-pri\/TJH5YU202-F011PVBE0VA\/download\/grafik.png?t=xoxe-629202954002-1115206499825-1101204359349-48e7ea248bf98b7fac300966398406ac",
                "thumb_64": "https:\/\/files.slack.com\/files-tmb\/TJH5YU202-F011PVBE0VA-3942ca9ff2\/grafik_64.png?t=xoxe-629202954002-1115206499825-1101204359349-48e7ea248bf98b7fac300966398406ac",
                "thumb_80": "https:\/\/files.slack.com\/files-tmb\/TJH5YU202-F011PVBE0VA-3942ca9ff2\/grafik_80.png?t=xoxe-629202954002-1115206499825-1101204359349-48e7ea248bf98b7fac300966398406ac",
                "thumb_360": "https:\/\/files.slack.com\/files-tmb\/TJH5YU202-F011PVBE0VA-3942ca9ff2\/grafik_360.png?t=xoxe-629202954002-1115206499825-1101204359349-48e7ea248bf98b7fac300966398406ac",
                "thumb_360_w": 360,
                "thumb_360_h": 284,
                "thumb_480": "https:\/\/files.slack.com\/files-tmb\/TJH5YU202-F011PVBE0VA-3942ca9ff2\/grafik_480.png?t=xoxe-629202954002-1115206499825-1101204359349-48e7ea248bf98b7fac300966398406ac",
                "thumb_480_w": 480,
                "thumb_480_h": 379,
                "thumb_160": "https:\/\/files.slack.com\/files-tmb\/TJH5YU202-F011PVBE0VA-3942ca9ff2\/grafik_160.png?t=xoxe-629202954002-1115206499825-1101204359349-48e7ea248bf98b7fac300966398406ac",
                "thumb_720": "https:\/\/files.slack.com\/files-tmb\/TJH5YU202-F011PVBE0VA-3942ca9ff2\/grafik_720.png?t=xoxe-629202954002-1115206499825-1101204359349-48e7ea248bf98b7fac300966398406ac",
                "thumb_720_w": 720,
                "thumb_720_h": 568,
                "thumb_800": "https:\/\/files.slack.com\/files-tmb\/TJH5YU202-F011PVBE0VA-3942ca9ff2\/grafik_800.png?t=xoxe-629202954002-1115206499825-1101204359349-48e7ea248bf98b7fac300966398406ac",
                "thumb_800_w": 800,
                "thumb_800_h": 631,
                "original_w": 835,
                "original_h": 659,
                "thumb_tiny": "AwAlADClk56mgnJ5NH+elIee\/wClAB+NGaMe9GKADNOiP71P94U3FOj\/ANan+8KAEyPfNITxxSgDnNHGOooA0\/Lt1Rd+wEqDzTxBCwBCjB6EVIgzGnGflFSEcYFO4rEAggxyoqtdRRxtEUGCX5q9tNVr\/rB\/v0gKhtOT8\/6UfZP9v9KtHqaSgZB5En\/Pdv1\/xo8iT\/nu36\/41PRQBB5En\/Pdv1\/xpVt2LrulJwQcGpqVfvD60Af\/2Q==",
                "permalink": "https:\/\/harbourproject.slack.com\/files\/UJHD6A81H\/F011PVBE0VA\/grafik.png",
                "permalink_public": "https:\/\/slack-files.com\/TJH5YU202-F011PVBE0VA-fb515043d1",
                "is_starred": false,
                "has_rich_preview": false
            }
        ],
        "upload": true,
        "user": "UJHD6A81H",
        "display_as_bot": false,
        "ts": "1586378043.026900",
        "client_msg_id": "6b3ad791-75bd-45d5-a27a-927f8946f24a"
    },
    {
        "type": "message",
        "text": "",
        "files": [
            {
                "id": "F011F0Q1MFU",
                "created": 1586378062,
                "timestamp": 1586378062,
                "name": "grafik.png",
                "title": "grafik.png",
                "mimetype": "image\/png",
                "filetype": "png",
                "pretty_type": "PNG",
                "user": "UJHD6A81H",
                "editable": false,
                "size": 9812,
                "mode": "hosted",
                "is_external": false,
                "external_type": "",
                "is_public": true,
                "public_url_shared": false,
                "display_as_bot": false,
                "username": "",
                "url_private": "https:\/\/files.slack.com\/files-pri\/TJH5YU202-F011F0Q1MFU\/grafik.png?t=xoxe-629202954002-1115206499825-1101204359349-48e7ea248bf98b7fac300966398406ac",
                "url_private_download": "https:\/\/files.slack.com\/files-pri\/TJH5YU202-F011F0Q1MFU\/download\/grafik.png?t=xoxe-629202954002-1115206499825-1101204359349-48e7ea248bf98b7fac300966398406ac",
                "thumb_64": "https:\/\/files.slack.com\/files-tmb\/TJH5YU202-F011F0Q1MFU-2c2af52885\/grafik_64.png?t=xoxe-629202954002-1115206499825-1101204359349-48e7ea248bf98b7fac300966398406ac",
                "thumb_80": "https:\/\/files.slack.com\/files-tmb\/TJH5YU202-F011F0Q1MFU-2c2af52885\/grafik_80.png?t=xoxe-629202954002-1115206499825-1101204359349-48e7ea248bf98b7fac300966398406ac",
                "thumb_360": "https:\/\/files.slack.com\/files-tmb\/TJH5YU202-F011F0Q1MFU-2c2af52885\/grafik_360.png?t=xoxe-629202954002-1115206499825-1101204359349-48e7ea248bf98b7fac300966398406ac",
                "thumb_360_w": 360,
                "thumb_360_h": 201,
                "thumb_480": "https:\/\/files.slack.com\/files-tmb\/TJH5YU202-F011F0Q1MFU-2c2af52885\/grafik_480.png?t=xoxe-629202954002-1115206499825-1101204359349-48e7ea248bf98b7fac300966398406ac",
                "thumb_480_w": 480,
                "thumb_480_h": 269,
                "thumb_160": "https:\/\/files.slack.com\/files-tmb\/TJH5YU202-F011F0Q1MFU-2c2af52885\/grafik_160.png?t=xoxe-629202954002-1115206499825-1101204359349-48e7ea248bf98b7fac300966398406ac",
                "original_w": 656,
                "original_h": 367,
                "thumb_tiny": "AwAaADDQyo6ilyucYpR0ozz0NAC4HpRgUUUAGBRgUUUANxle9G360q9KWgBNo9KXAoooAKKKKAP\/2Q==",
                "permalink": "https:\/\/harbourproject.slack.com\/files\/UJHD6A81H\/F011F0Q1MFU\/grafik.png",
                "permalink_public": "https:\/\/slack-files.com\/TJH5YU202-F011F0Q1MFU-9a93462002",
                "is_starred": false,
                "has_rich_preview": false
            }
        ],
        "upload": true,
        "user": "UJHD6A81H",
        "display_as_bot": false,
        "ts": "1586378064.027200",
        "client_msg_id": "9cd4fbff-2e90-4b89-bc48-a39ebfa43c1f"
    }
]