[
    {
        "type": "message",
        "text": "",
        "files": [
            {
                "id": "F011YD5KW0J",
                "created": 1587033559,
                "timestamp": 1587033559,
                "name": "bestellsystem.mp4",
                "title": "bestellsystem.mp4",
                "mimetype": "video\/mp4",
                "filetype": "mp4",
                "pretty_type": "MPEG 4 Video",
                "user": "UJHD6A81H",
                "editable": false,
                "size": 2499786,
                "mode": "hosted",
                "is_external": false,
                "external_type": "",
                "is_public": true,
                "public_url_shared": false,
                "display_as_bot": false,
                "username": "",
                "url_private": "https:\/\/files.slack.com\/files-pri\/TJH5YU202-F011YD5KW0J\/bestellsystem.mp4?t=xoxe-629202954002-1115206499825-1101204359349-48e7ea248bf98b7fac300966398406ac",
                "url_private_download": "https:\/\/files.slack.com\/files-pri\/TJH5YU202-F011YD5KW0J\/download\/bestellsystem.mp4?t=xoxe-629202954002-1115206499825-1101204359349-48e7ea248bf98b7fac300966398406ac",
                "thumb_video": "https:\/\/files.slack.com\/files-tmb\/TJH5YU202-F011YD5KW0J-57dd92c588\/bestellsystem_thumb_video.jpeg?t=xoxe-629202954002-1115206499825-1101204359349-48e7ea248bf98b7fac300966398406ac",
                "permalink": "https:\/\/harbourproject.slack.com\/files\/UJHD6A81H\/F011YD5KW0J\/bestellsystem.mp4",
                "permalink_public": "https:\/\/slack-files.com\/TJH5YU202-F011YD5KW0J-6721161483",
                "is_starred": false,
                "has_rich_preview": false
            }
        ],
        "upload": true,
        "user": "UJHD6A81H",
        "display_as_bot": false,
        "ts": "1587033563.036200",
        "client_msg_id": "5659d09c-9661-478d-b2ae-cfbf7421bfaa"
    }
]