[
    {
        "client_msg_id": "edea1727-d4f5-430f-9921-ca396cf1eeb0",
        "type": "message",
        "text": "<https:\/\/mybergland.com\/fwforum\/ecrverbund.mp4>",
        "user": "UJHD6A81H",
        "ts": "1587991302.067500",
        "team": "TJH5YU202",
        "user_team": "TJH5YU202",
        "source_team": "TJH5YU202",
        "user_profile": {
            "avatar_hash": "g6b8073e00e9",
            "image_72": "https:\/\/secure.gravatar.com\/avatar\/b96b8073e00e9eb02bcf05bc1418eb3a.jpg?s=72&d=https%3A%2F%2Fa.slack-edge.com%2Fdf10d%2Fimg%2Favatars%2Fava_0021-72.png",
            "first_name": "Otto",
            "real_name": "Otto Atzwanger",
            "display_name": "Otto",
            "team": "TJH5YU202",
            "name": "otto",
            "is_restricted": false,
            "is_ultra_restricted": false
        },
        "blocks": [
            {
                "type": "rich_text",
                "block_id": "aK9l",
                "elements": [
                    {
                        "type": "rich_text_section",
                        "elements": [
                            {
                                "type": "link",
                                "url": "https:\/\/mybergland.com\/fwforum\/ecrverbund.mp4"
                            }
                        ]
                    }
                ]
            }
        ]
    },
    {
        "client_msg_id": "69687272-e90e-4f3e-b006-15c68fddf9bf",
        "type": "message",
        "text": "netDrive:  mapped drives between your desktop and web programs.",
        "user": "UJHD6A81H",
        "ts": "1587991442.068400",
        "team": "TJH5YU202",
        "user_team": "TJH5YU202",
        "source_team": "TJH5YU202",
        "user_profile": {
            "avatar_hash": "g6b8073e00e9",
            "image_72": "https:\/\/secure.gravatar.com\/avatar\/b96b8073e00e9eb02bcf05bc1418eb3a.jpg?s=72&d=https%3A%2F%2Fa.slack-edge.com%2Fdf10d%2Fimg%2Favatars%2Fava_0021-72.png",
            "first_name": "Otto",
            "real_name": "Otto Atzwanger",
            "display_name": "Otto",
            "team": "TJH5YU202",
            "name": "otto",
            "is_restricted": false,
            "is_ultra_restricted": false
        },
        "blocks": [
            {
                "type": "rich_text",
                "block_id": "Pm90f",
                "elements": [
                    {
                        "type": "rich_text_section",
                        "elements": [
                            {
                                "type": "text",
                                "text": "netDrive:  mapped drives between your desktop and web programs."
                            }
                        ]
                    }
                ]
            }
        ]
    }
]