[
    {
        "type": "message",
        "text": "",
        "files": [
            {
                "id": "F012FF1RSAG",
                "created": 1587503146,
                "timestamp": 1587503146,
                "name": "grafik.png",
                "title": "grafik.png",
                "mimetype": "image\/png",
                "filetype": "png",
                "pretty_type": "PNG",
                "user": "UJHD6A81H",
                "editable": false,
                "size": 1245509,
                "mode": "hosted",
                "is_external": false,
                "external_type": "",
                "is_public": true,
                "public_url_shared": false,
                "display_as_bot": false,
                "username": "",
                "url_private": "https:\/\/files.slack.com\/files-pri\/TJH5YU202-F012FF1RSAG\/grafik.png?t=xoxe-629202954002-1115206499825-1101204359349-48e7ea248bf98b7fac300966398406ac",
                "url_private_download": "https:\/\/files.slack.com\/files-pri\/TJH5YU202-F012FF1RSAG\/download\/grafik.png?t=xoxe-629202954002-1115206499825-1101204359349-48e7ea248bf98b7fac300966398406ac",
                "thumb_64": "https:\/\/files.slack.com\/files-tmb\/TJH5YU202-F012FF1RSAG-9454caef3a\/grafik_64.png?t=xoxe-629202954002-1115206499825-1101204359349-48e7ea248bf98b7fac300966398406ac",
                "thumb_80": "https:\/\/files.slack.com\/files-tmb\/TJH5YU202-F012FF1RSAG-9454caef3a\/grafik_80.png?t=xoxe-629202954002-1115206499825-1101204359349-48e7ea248bf98b7fac300966398406ac",
                "thumb_360": "https:\/\/files.slack.com\/files-tmb\/TJH5YU202-F012FF1RSAG-9454caef3a\/grafik_360.png?t=xoxe-629202954002-1115206499825-1101204359349-48e7ea248bf98b7fac300966398406ac",
                "thumb_360_w": 360,
                "thumb_360_h": 260,
                "thumb_480": "https:\/\/files.slack.com\/files-tmb\/TJH5YU202-F012FF1RSAG-9454caef3a\/grafik_480.png?t=xoxe-629202954002-1115206499825-1101204359349-48e7ea248bf98b7fac300966398406ac",
                "thumb_480_w": 480,
                "thumb_480_h": 347,
                "thumb_160": "https:\/\/files.slack.com\/files-tmb\/TJH5YU202-F012FF1RSAG-9454caef3a\/grafik_160.png?t=xoxe-629202954002-1115206499825-1101204359349-48e7ea248bf98b7fac300966398406ac",
                "thumb_720": "https:\/\/files.slack.com\/files-tmb\/TJH5YU202-F012FF1RSAG-9454caef3a\/grafik_720.png?t=xoxe-629202954002-1115206499825-1101204359349-48e7ea248bf98b7fac300966398406ac",
                "thumb_720_w": 720,
                "thumb_720_h": 521,
                "thumb_800": "https:\/\/files.slack.com\/files-tmb\/TJH5YU202-F012FF1RSAG-9454caef3a\/grafik_800.png?t=xoxe-629202954002-1115206499825-1101204359349-48e7ea248bf98b7fac300966398406ac",
                "thumb_800_w": 800,
                "thumb_800_h": 579,
                "thumb_960": "https:\/\/files.slack.com\/files-tmb\/TJH5YU202-F012FF1RSAG-9454caef3a\/grafik_960.png?t=xoxe-629202954002-1115206499825-1101204359349-48e7ea248bf98b7fac300966398406ac",
                "thumb_960_w": 960,
                "thumb_960_h": 695,
                "thumb_1024": "https:\/\/files.slack.com\/files-tmb\/TJH5YU202-F012FF1RSAG-9454caef3a\/grafik_1024.png?t=xoxe-629202954002-1115206499825-1101204359349-48e7ea248bf98b7fac300966398406ac",
                "thumb_1024_w": 1024,
                "thumb_1024_h": 741,
                "original_w": 1353,
                "original_h": 979,
                "thumb_tiny": "AwAiADCd7Muq\/vAMe1R\/YP8ApsPy\/wDr1eIJT5etVzFOZIz5mAOoyf8AJoAhGnk9Jh+VL\/Zzf89f0qcxT7CBJhic0\/ZJ5gO49PXj8qAKv9nN\/wA9f0o\/s4\/89v0qZ4p2RcSAEHtUkayiVi5BXtQBJ0UUhcCkc7Y81XeXCsACzAdh+tJuw0i0WAGScfWjI65rMjuCsG18g9s1aEn7lDgnIH8qL6BYs5HqKA6ltoYZ9KptLz8tSWuWO4jnFTGVxuNiZwDHz7UwKv8AdH5U9v8AV\/lTRVkkLRRsSSik57ipgoCgYGMelRnqfrUv8I+lAEflp\/cX8qljAA4AH0plSJ0oA\/\/Z",
                "permalink": "https:\/\/harbourproject.slack.com\/files\/UJHD6A81H\/F012FF1RSAG\/grafik.png",
                "permalink_public": "https:\/\/slack-files.com\/TJH5YU202-F012FF1RSAG-241402e90c",
                "is_starred": false,
                "has_rich_preview": false
            }
        ],
        "upload": true,
        "user": "UJHD6A81H",
        "display_as_bot": false,
        "ts": "1587503150.037500",
        "client_msg_id": "4b4d5cd0-d4d0-4ae2-9c7d-8b6aa1314f82"
    },
    {
        "type": "message",
        "text": "",
        "files": [
            {
                "id": "F012FF4F7JQ",
                "created": 1587503223,
                "timestamp": 1587503223,
                "name": "grafik.png",
                "title": "grafik.png",
                "mimetype": "image\/png",
                "filetype": "png",
                "pretty_type": "PNG",
                "user": "UJHD6A81H",
                "editable": false,
                "size": 293412,
                "mode": "hosted",
                "is_external": false,
                "external_type": "",
                "is_public": true,
                "public_url_shared": false,
                "display_as_bot": false,
                "username": "",
                "url_private": "https:\/\/files.slack.com\/files-pri\/TJH5YU202-F012FF4F7JQ\/grafik.png?t=xoxe-629202954002-1115206499825-1101204359349-48e7ea248bf98b7fac300966398406ac",
                "url_private_download": "https:\/\/files.slack.com\/files-pri\/TJH5YU202-F012FF4F7JQ\/download\/grafik.png?t=xoxe-629202954002-1115206499825-1101204359349-48e7ea248bf98b7fac300966398406ac",
                "thumb_64": "https:\/\/files.slack.com\/files-tmb\/TJH5YU202-F012FF4F7JQ-5954caa3c8\/grafik_64.png?t=xoxe-629202954002-1115206499825-1101204359349-48e7ea248bf98b7fac300966398406ac",
                "thumb_80": "https:\/\/files.slack.com\/files-tmb\/TJH5YU202-F012FF4F7JQ-5954caa3c8\/grafik_80.png?t=xoxe-629202954002-1115206499825-1101204359349-48e7ea248bf98b7fac300966398406ac",
                "thumb_360": "https:\/\/files.slack.com\/files-tmb\/TJH5YU202-F012FF4F7JQ-5954caa3c8\/grafik_360.png?t=xoxe-629202954002-1115206499825-1101204359349-48e7ea248bf98b7fac300966398406ac",
                "thumb_360_w": 360,
                "thumb_360_h": 296,
                "thumb_480": "https:\/\/files.slack.com\/files-tmb\/TJH5YU202-F012FF4F7JQ-5954caa3c8\/grafik_480.png?t=xoxe-629202954002-1115206499825-1101204359349-48e7ea248bf98b7fac300966398406ac",
                "thumb_480_w": 480,
                "thumb_480_h": 395,
                "thumb_160": "https:\/\/files.slack.com\/files-tmb\/TJH5YU202-F012FF4F7JQ-5954caa3c8\/grafik_160.png?t=xoxe-629202954002-1115206499825-1101204359349-48e7ea248bf98b7fac300966398406ac",
                "thumb_720": "https:\/\/files.slack.com\/files-tmb\/TJH5YU202-F012FF4F7JQ-5954caa3c8\/grafik_720.png?t=xoxe-629202954002-1115206499825-1101204359349-48e7ea248bf98b7fac300966398406ac",
                "thumb_720_w": 720,
                "thumb_720_h": 593,
                "thumb_800": "https:\/\/files.slack.com\/files-tmb\/TJH5YU202-F012FF4F7JQ-5954caa3c8\/grafik_800.png?t=xoxe-629202954002-1115206499825-1101204359349-48e7ea248bf98b7fac300966398406ac",
                "thumb_800_w": 800,
                "thumb_800_h": 658,
                "thumb_960": "https:\/\/files.slack.com\/files-tmb\/TJH5YU202-F012FF4F7JQ-5954caa3c8\/grafik_960.png?t=xoxe-629202954002-1115206499825-1101204359349-48e7ea248bf98b7fac300966398406ac",
                "thumb_960_w": 960,
                "thumb_960_h": 790,
                "thumb_1024": "https:\/\/files.slack.com\/files-tmb\/TJH5YU202-F012FF4F7JQ-5954caa3c8\/grafik_1024.png?t=xoxe-629202954002-1115206499825-1101204359349-48e7ea248bf98b7fac300966398406ac",
                "thumb_1024_w": 1024,
                "thumb_1024_h": 843,
                "original_w": 1419,
                "original_h": 1168,
                "thumb_tiny": "AwAnADCeWyDgEyYx\/s1H9gQ\/8tv0q83K0gT\/AGRQBTOnqOs3\/jtA09T0m\/8AHadfsVAYEhVIJHr7UtlkvIwKmNiduD09qAGDTgekp\/75pf7NH\/PU\/wDfNXOc0o70AIxCqSSAPU0KwYZVgR7UrDIxnH0pmwj\/AJaN+lABJCsq7ZAGFJFCkCkRrjvgU7Yf+ejfpSqpByXJ+tACBm\/uHP1FKuTkkEfWlooGJt96XHNLSUCAigjIxS0UAIBgYpCARjn8DTqSgD\/\/2Q==",
                "permalink": "https:\/\/harbourproject.slack.com\/files\/UJHD6A81H\/F012FF4F7JQ\/grafik.png",
                "permalink_public": "https:\/\/slack-files.com\/TJH5YU202-F012FF4F7JQ-8551d0d8da",
                "is_starred": false,
                "has_rich_preview": false
            }
        ],
        "upload": true,
        "user": "UJHD6A81H",
        "display_as_bot": false,
        "ts": "1587503226.037800",
        "client_msg_id": "29025c35-f688-4af8-8561-7e21ec325634"
    }
]