[
    {
        "client_msg_id": "d2a372d5-edbc-410b-bf8d-ac7347c7f78f",
        "type": "message",
        "text": "[Off topic] <http:\/\/ssllabs.com|ssllabs.com> es un sitio que testea la calidad de la seguridad de una web a nivel de conexión.",
        "user": "UJU2ZLJBW",
        "ts": "1560190609.001700",
        "team": "TJH5YU202",
        "user_team": "TJH5YU202",
        "source_team": "TJH5YU202",
        "user_profile": {
            "avatar_hash": "g4df4d90232e",
            "image_72": "https:\/\/secure.gravatar.com\/avatar\/0b4df4d90232ed07739bd4134b92a6d1.jpg?s=72&d=https%3A%2F%2Fa.slack-edge.com%2F80588%2Fimg%2Favatars%2Fuser_shapes%2Fava_0022-72.png",
            "first_name": "Carlos",
            "real_name": "Carlos Mora",
            "display_name": "",
            "team": "TJH5YU202",
            "name": "carlosantoniomora",
            "is_restricted": false,
            "is_ultra_restricted": false
        }
    },
    {
        "client_msg_id": "ceef198f-2c07-4acc-809b-633290bf62e6",
        "type": "message",
        "text": "Por ejemplo: <https:\/\/www.ssllabs.com\/ssltest\/analyze.html?d=harbour.fourtech.es>",
        "user": "UJU2ZLJBW",
        "ts": "1560190618.001900",
        "team": "TJH5YU202",
        "user_team": "TJH5YU202",
        "source_team": "TJH5YU202",
        "user_profile": {
            "avatar_hash": "g4df4d90232e",
            "image_72": "https:\/\/secure.gravatar.com\/avatar\/0b4df4d90232ed07739bd4134b92a6d1.jpg?s=72&d=https%3A%2F%2Fa.slack-edge.com%2F80588%2Fimg%2Favatars%2Fuser_shapes%2Fava_0022-72.png",
            "first_name": "Carlos",
            "real_name": "Carlos Mora",
            "display_name": "",
            "team": "TJH5YU202",
            "name": "carlosantoniomora",
            "is_restricted": false,
            "is_ultra_restricted": false
        }
    },
    {
        "type": "message",
        "text": "",
        "files": [
            {
                "id": "FK380AUAE",
                "created": 1560190674,
                "timestamp": 1560190674,
                "name": "image.png",
                "title": "image.png",
                "mimetype": "image\/png",
                "filetype": "png",
                "pretty_type": "PNG",
                "user": "UJU2ZLJBW",
                "editable": false,
                "size": 44810,
                "mode": "hosted",
                "is_external": false,
                "external_type": "",
                "is_public": true,
                "public_url_shared": false,
                "display_as_bot": false,
                "username": "",
                "url_private": "https:\/\/files.slack.com\/files-pri\/TJH5YU202-FK380AUAE\/image.png?t=xoxe-629202954002-776688371669-763909703378-01ffaa4c4eeda75ea92ad255b32a04e5",
                "url_private_download": "https:\/\/files.slack.com\/files-pri\/TJH5YU202-FK380AUAE\/download\/image.png?t=xoxe-629202954002-776688371669-763909703378-01ffaa4c4eeda75ea92ad255b32a04e5",
                "thumb_64": "https:\/\/files.slack.com\/files-tmb\/TJH5YU202-FK380AUAE-bbb0a8c52e\/image_64.png?t=xoxe-629202954002-776688371669-763909703378-01ffaa4c4eeda75ea92ad255b32a04e5",
                "thumb_80": "https:\/\/files.slack.com\/files-tmb\/TJH5YU202-FK380AUAE-bbb0a8c52e\/image_80.png?t=xoxe-629202954002-776688371669-763909703378-01ffaa4c4eeda75ea92ad255b32a04e5",
                "thumb_360": "https:\/\/files.slack.com\/files-tmb\/TJH5YU202-FK380AUAE-bbb0a8c52e\/image_360.png?t=xoxe-629202954002-776688371669-763909703378-01ffaa4c4eeda75ea92ad255b32a04e5",
                "thumb_360_w": 360,
                "thumb_360_h": 105,
                "thumb_480": "https:\/\/files.slack.com\/files-tmb\/TJH5YU202-FK380AUAE-bbb0a8c52e\/image_480.png?t=xoxe-629202954002-776688371669-763909703378-01ffaa4c4eeda75ea92ad255b32a04e5",
                "thumb_480_w": 480,
                "thumb_480_h": 140,
                "thumb_160": "https:\/\/files.slack.com\/files-tmb\/TJH5YU202-FK380AUAE-bbb0a8c52e\/image_160.png?t=xoxe-629202954002-776688371669-763909703378-01ffaa4c4eeda75ea92ad255b32a04e5",
                "thumb_720": "https:\/\/files.slack.com\/files-tmb\/TJH5YU202-FK380AUAE-bbb0a8c52e\/image_720.png?t=xoxe-629202954002-776688371669-763909703378-01ffaa4c4eeda75ea92ad255b32a04e5",
                "thumb_720_w": 720,
                "thumb_720_h": 209,
                "thumb_800": "https:\/\/files.slack.com\/files-tmb\/TJH5YU202-FK380AUAE-bbb0a8c52e\/image_800.png?t=xoxe-629202954002-776688371669-763909703378-01ffaa4c4eeda75ea92ad255b32a04e5",
                "thumb_800_w": 800,
                "thumb_800_h": 233,
                "thumb_960": "https:\/\/files.slack.com\/files-tmb\/TJH5YU202-FK380AUAE-bbb0a8c52e\/image_960.png?t=xoxe-629202954002-776688371669-763909703378-01ffaa4c4eeda75ea92ad255b32a04e5",
                "thumb_960_w": 960,
                "thumb_960_h": 279,
                "thumb_1024": "https:\/\/files.slack.com\/files-tmb\/TJH5YU202-FK380AUAE-bbb0a8c52e\/image_1024.png?t=xoxe-629202954002-776688371669-763909703378-01ffaa4c4eeda75ea92ad255b32a04e5",
                "thumb_1024_w": 1024,
                "thumb_1024_h": 298,
                "image_exif_rotation": 1,
                "original_w": 1588,
                "original_h": 462,
                "permalink": "https:\/\/harbourproject.slack.com\/files\/UJU2ZLJBW\/FK380AUAE\/image.png",
                "permalink_public": "https:\/\/slack-files.com\/TJH5YU202-FK380AUAE-fb5951a2e1",
                "is_starred": false,
                "has_rich_preview": false
            }
        ],
        "upload": true,
        "user": "UJU2ZLJBW",
        "display_as_bot": false,
        "ts": "1560190678.002000",
        "client_msg_id": "eebe8b1e-1679-4287-855a-d92cbab96f53",
        "reactions": [
            {
                "name": "+1",
                "users": [
                    "UJJNSR2V8"
                ],
                "count": 1
            }
        ]
    }
]