[
    {
        "client_msg_id": "d089e2a4-6ac0-4edc-91ec-3a386665a140",
        "type": "message",
        "text": "Hoy me ha dado por puesto a mirar la propuesta de interface types en webassembly, que es lo que permitiría interactuar con el DOM de forma nativa, sin que emscripten tenga que meter un montón de código js.",
        "user": "UNAHBRTFA",
        "ts": "1586601148.002000",
        "team": "TJH5YU202",
        "user_team": "TJH5YU202",
        "source_team": "TJH5YU202",
        "user_profile": {
            "avatar_hash": "g3d2a3f4c28c",
            "image_72": "https:\/\/secure.gravatar.com\/avatar\/23d2a3f4c28cebb4cf07e48d02620517.jpg?s=72&d=https%3A%2F%2Fa.slack-edge.com%2Fdf10d%2Fimg%2Favatars%2Fava_0020-72.png",
            "first_name": "Andreu",
            "real_name": "Andreu Botella",
            "display_name": "Andreu Botella",
            "team": "TJH5YU202",
            "name": "andreu.132",
            "is_restricted": false,
            "is_ultra_restricted": false
        },
        "blocks": [
            {
                "type": "rich_text",
                "block_id": "X6l",
                "elements": [
                    {
                        "type": "rich_text_section",
                        "elements": [
                            {
                                "type": "text",
                                "text": "Hoy me ha dado por puesto a mirar la propuesta de interface types en webassembly, que es lo que permitiría interactuar con el DOM de forma nativa, sin que emscripten tenga que meter un montón de código js."
                            }
                        ]
                    }
                ]
            }
        ]
    },
    {
        "client_msg_id": "c768d5dd-1b28-43fd-aa57-319b5ec20090",
        "type": "message",
        "text": "Y al parecer de momento el texto del DOM solo se podrá acceder desde wasm como UTF-8.",
        "user": "UNAHBRTFA",
        "ts": "1586601195.003100",
        "team": "TJH5YU202",
        "user_team": "TJH5YU202",
        "source_team": "TJH5YU202",
        "user_profile": {
            "avatar_hash": "g3d2a3f4c28c",
            "image_72": "https:\/\/secure.gravatar.com\/avatar\/23d2a3f4c28cebb4cf07e48d02620517.jpg?s=72&d=https%3A%2F%2Fa.slack-edge.com%2Fdf10d%2Fimg%2Favatars%2Fava_0020-72.png",
            "first_name": "Andreu",
            "real_name": "Andreu Botella",
            "display_name": "Andreu Botella",
            "team": "TJH5YU202",
            "name": "andreu.132",
            "is_restricted": false,
            "is_ultra_restricted": false
        },
        "blocks": [
            {
                "type": "rich_text",
                "block_id": "34D\/",
                "elements": [
                    {
                        "type": "rich_text_section",
                        "elements": [
                            {
                                "type": "text",
                                "text": "Y al parecer de momento el texto del DOM solo se podrá acceder desde wasm como UTF-8."
                            }
                        ]
                    }
                ]
            }
        ]
    },
    {
        "client_msg_id": "04ed8891-8087-4d54-83df-ad814a48b7ad",
        "type": "message",
        "text": "Ni latin-1 ni OEM ni hostias, UTF-8 puro y duro.",
        "user": "UNAHBRTFA",
        "ts": "1586601228.003700",
        "team": "TJH5YU202",
        "user_team": "TJH5YU202",
        "source_team": "TJH5YU202",
        "user_profile": {
            "avatar_hash": "g3d2a3f4c28c",
            "image_72": "https:\/\/secure.gravatar.com\/avatar\/23d2a3f4c28cebb4cf07e48d02620517.jpg?s=72&d=https%3A%2F%2Fa.slack-edge.com%2Fdf10d%2Fimg%2Favatars%2Fava_0020-72.png",
            "first_name": "Andreu",
            "real_name": "Andreu Botella",
            "display_name": "Andreu Botella",
            "team": "TJH5YU202",
            "name": "andreu.132",
            "is_restricted": false,
            "is_ultra_restricted": false
        },
        "blocks": [
            {
                "type": "rich_text",
                "block_id": "=jjJ",
                "elements": [
                    {
                        "type": "rich_text_section",
                        "elements": [
                            {
                                "type": "text",
                                "text": "Ni latin-1 ni OEM ni hostias, UTF-8 puro y duro."
                            }
                        ]
                    }
                ]
            }
        ]
    },
    {
        "client_msg_id": "2c7c4197-f108-4aa2-8679-56fed2c40ea2",
        "type": "message",
        "text": "Por supuesto puedes convertirlo desde harbour, pero eso ya es hacer una tercera copia de la cadena.",
        "user": "UNAHBRTFA",
        "ts": "1586601250.004300",
        "team": "TJH5YU202",
        "user_team": "TJH5YU202",
        "source_team": "TJH5YU202",
        "user_profile": {
            "avatar_hash": "g3d2a3f4c28c",
            "image_72": "https:\/\/secure.gravatar.com\/avatar\/23d2a3f4c28cebb4cf07e48d02620517.jpg?s=72&d=https%3A%2F%2Fa.slack-edge.com%2Fdf10d%2Fimg%2Favatars%2Fava_0020-72.png",
            "first_name": "Andreu",
            "real_name": "Andreu Botella",
            "display_name": "Andreu Botella",
            "team": "TJH5YU202",
            "name": "andreu.132",
            "is_restricted": false,
            "is_ultra_restricted": false
        },
        "blocks": [
            {
                "type": "rich_text",
                "block_id": "ElI",
                "elements": [
                    {
                        "type": "rich_text_section",
                        "elements": [
                            {
                                "type": "text",
                                "text": "Por supuesto puedes convertirlo desde harbour, pero eso ya es hacer una tercera copia de la cadena."
                            }
                        ]
                    }
                ]
            }
        ]
    },
    {
        "client_msg_id": "01b9f87b-35a0-4cad-8abe-f600b5885828",
        "type": "message",
        "text": "Así que creo que muchos de vosotros tendréis que adaptaros a Unicode después de tanto tiempo...",
        "user": "UNAHBRTFA",
        "ts": "1586601327.005200",
        "team": "TJH5YU202",
        "user_team": "TJH5YU202",
        "source_team": "TJH5YU202",
        "user_profile": {
            "avatar_hash": "g3d2a3f4c28c",
            "image_72": "https:\/\/secure.gravatar.com\/avatar\/23d2a3f4c28cebb4cf07e48d02620517.jpg?s=72&d=https%3A%2F%2Fa.slack-edge.com%2Fdf10d%2Fimg%2Favatars%2Fava_0020-72.png",
            "first_name": "Andreu",
            "real_name": "Andreu Botella",
            "display_name": "Andreu Botella",
            "team": "TJH5YU202",
            "name": "andreu.132",
            "is_restricted": false,
            "is_ultra_restricted": false
        },
        "edited": {
            "user": "UNAHBRTFA",
            "ts": "1586601334.000000"
        },
        "blocks": [
            {
                "type": "rich_text",
                "block_id": "SHsH",
                "elements": [
                    {
                        "type": "rich_text_section",
                        "elements": [
                            {
                                "type": "text",
                                "text": "Así que creo que muchos de vosotros tendréis que adaptaros a Unicode después de tanto tiempo..."
                            }
                        ]
                    }
                ]
            }
        ]
    }
]