[
    {
        "client_msg_id": "ad9b51b8-31d7-4029-82c9-2ee4c00b5674",
        "type": "message",
        "text": "VAIL, the technology Microsoft uses to <https:\/\/docs.microsoft.com\/en-us\/windows\/apps\/10x\/faq|virtualize legacy Win32 programs> on Windows 10X via containers, has been removed from the latest internal builds of the OS. This is a deliberate change as the company moves to reposition Windows 10X as a platform designed to compete at the low-end, head-to-head with Chromebooks with *web apps* front and center.",
        "user": "UM81W8B0Q",
        "ts": "1595989770.351700",
        "team": "TJH5YU202",
        "user_team": "TJH5YU202",
        "source_team": "TJH5YU202",
        "user_profile": {
            "avatar_hash": "gab9279ee8c0",
            "image_72": "https:\/\/secure.gravatar.com\/avatar\/73ab9279ee8c00f66ce4904d30146c8f.jpg?s=72&d=https%3A%2F%2Fa.slack-edge.com%2Fdf10d%2Fimg%2Favatars%2Fava_0010-72.png",
            "first_name": "",
            "real_name": "Angel Pais",
            "display_name": "Angel Pais",
            "team": "TJH5YU202",
            "name": "amigosam",
            "is_restricted": false,
            "is_ultra_restricted": false
        },
        "attachments": [
            {
                "title": "Windows 10X Developer FAQ",
                "title_link": "https:\/\/docs.microsoft.com\/en-us\/windows\/apps\/10x\/faq",
                "text": "Learn the answers to some basic developer questions about Windows 10X.",
                "fallback": "Windows 10X Developer FAQ",
                "from_url": "https:\/\/docs.microsoft.com\/en-us\/windows\/apps\/10x\/faq",
                "service_icon": "https:\/\/docs.microsoft.com\/favicon.ico",
                "service_name": "docs.microsoft.com",
                "id": 1,
                "original_url": "https:\/\/docs.microsoft.com\/en-us\/windows\/apps\/10x\/faq"
            }
        ],
        "blocks": [
            {
                "type": "rich_text",
                "block_id": "dHt",
                "elements": [
                    {
                        "type": "rich_text_section",
                        "elements": [
                            {
                                "type": "text",
                                "text": "VAIL, the technology Microsoft uses to "
                            },
                            {
                                "type": "link",
                                "url": "https:\/\/docs.microsoft.com\/en-us\/windows\/apps\/10x\/faq",
                                "text": "virtualize legacy Win32 programs"
                            },
                            {
                                "type": "text",
                                "text": " on Windows 10X via containers, has been removed from the latest internal builds of the OS. This is a deliberate change as the company moves to reposition Windows 10X as a platform designed to compete at the low-end, head-to-head with Chromebooks with "
                            },
                            {
                                "type": "text",
                                "text": "web apps",
                                "style": {
                                    "bold": true
                                }
                            },
                            {
                                "type": "text",
                                "text": " front and center."
                            }
                        ]
                    }
                ]
            }
        ]
    },
    {
        "client_msg_id": "a41295d2-f782-484f-b47e-8dde85f6b8d7",
        "type": "message",
        "text": "Microsoft will be pushing the web versions of apps like Office, Skype, and Teams instead of their Win32 or UWP counterparts to really drive home the idea that Windows 10X is a web-first OS.",
        "user": "UM81W8B0Q",
        "ts": "1595989830.352000",
        "team": "TJH5YU202",
        "user_team": "TJH5YU202",
        "source_team": "TJH5YU202",
        "user_profile": {
            "avatar_hash": "gab9279ee8c0",
            "image_72": "https:\/\/secure.gravatar.com\/avatar\/73ab9279ee8c00f66ce4904d30146c8f.jpg?s=72&d=https%3A%2F%2Fa.slack-edge.com%2Fdf10d%2Fimg%2Favatars%2Fava_0010-72.png",
            "first_name": "",
            "real_name": "Angel Pais",
            "display_name": "Angel Pais",
            "team": "TJH5YU202",
            "name": "amigosam",
            "is_restricted": false,
            "is_ultra_restricted": false
        },
        "blocks": [
            {
                "type": "rich_text",
                "block_id": "pq1Ie",
                "elements": [
                    {
                        "type": "rich_text_section",
                        "elements": [
                            {
                                "type": "text",
                                "text": "Microsoft will be pushing the web versions of apps like Office, Skype, and Teams instead of their Win32 or UWP counterparts to really drive home the idea that Windows 10X is a web-first OS."
                            }
                        ]
                    }
                ]
            }
        ]
    }
]