[
    {
        "client_msg_id": "da4f81bd-b53c-4449-aa9f-8a455e9014f5",
        "type": "message",
        "text": "HARBOURINO is ready to evolve to front-end framework for mod harbour.\nWe have used now HARBOURINO for months and appreciate the concept. It is hard to find a more effective tool than HARBOURINO.\nBut every web designer or developer should at least be familiar with the basics of HTML\/javascript and Bootstrap.",
        "user": "UJHD6A81H",
        "ts": "1592992251.202000",
        "team": "TJH5YU202",
        "user_team": "TJH5YU202",
        "source_team": "TJH5YU202",
        "user_profile": {
            "avatar_hash": "g6b8073e00e9",
            "image_72": "https:\/\/secure.gravatar.com\/avatar\/b96b8073e00e9eb02bcf05bc1418eb3a.jpg?s=72&d=https%3A%2F%2Fa.slack-edge.com%2Fdf10d%2Fimg%2Favatars%2Fava_0021-72.png",
            "first_name": "Otto",
            "real_name": "Otto Atzwanger",
            "display_name": "Otto",
            "team": "TJH5YU202",
            "name": "otto",
            "is_restricted": false,
            "is_ultra_restricted": false
        },
        "blocks": [
            {
                "type": "rich_text",
                "block_id": "Ggjk1",
                "elements": [
                    {
                        "type": "rich_text_section",
                        "elements": [
                            {
                                "type": "text",
                                "text": "HARBOURINO is ready to evolve to front-end framework for mod harbour.\nWe have used now HARBOURINO for months and appreciate the concept. It is hard to find a more effective tool than HARBOURINO.\nBut every web designer or developer should at least be familiar with the basics of HTML\/javascript and Bootstrap."
                            }
                        ]
                    }
                ]
            }
        ]
    },
    {
        "client_msg_id": "5c9cbbed-a208-49c7-a132-5888fd9262c7",
        "type": "message",
        "text": "Today I spent a lot of time programming serial QRcodes in WORD.",
        "user": "UJHD6A81H",
        "ts": "1593010967.202200",
        "team": "TJH5YU202",
        "user_team": "TJH5YU202",
        "source_team": "TJH5YU202",
        "user_profile": {
            "avatar_hash": "g6b8073e00e9",
            "image_72": "https:\/\/secure.gravatar.com\/avatar\/b96b8073e00e9eb02bcf05bc1418eb3a.jpg?s=72&d=https%3A%2F%2Fa.slack-edge.com%2Fdf10d%2Fimg%2Favatars%2Fava_0021-72.png",
            "first_name": "Otto",
            "real_name": "Otto Atzwanger",
            "display_name": "Otto",
            "team": "TJH5YU202",
            "name": "otto",
            "is_restricted": false,
            "is_ultra_restricted": false
        },
        "blocks": [
            {
                "type": "rich_text",
                "block_id": "+I4",
                "elements": [
                    {
                        "type": "rich_text_section",
                        "elements": [
                            {
                                "type": "text",
                                "text": "Today I spent a lot of time programming serial QRcodes in WORD."
                            }
                        ]
                    }
                ]
            }
        ]
    },
    {
        "type": "message",
        "text": "",
        "files": [
            {
                "id": "F015SHV1KP0",
                "created": 1593010978,
                "timestamp": 1593010978,
                "name": "grafik.png",
                "title": "grafik.png",
                "mimetype": "image\/png",
                "filetype": "png",
                "pretty_type": "PNG",
                "user": "UJHD6A81H",
                "editable": false,
                "size": 12817,
                "mode": "hosted",
                "is_external": false,
                "external_type": "",
                "is_public": true,
                "public_url_shared": false,
                "display_as_bot": false,
                "username": "",
                "url_private": "https:\/\/files.slack.com\/files-pri\/TJH5YU202-F015SHV1KP0\/grafik.png?t=xoxe-629202954002-1316365335585-1303739558562-bb0d767c5143c02b3f1039cae658c718",
                "url_private_download": "https:\/\/files.slack.com\/files-pri\/TJH5YU202-F015SHV1KP0\/download\/grafik.png?t=xoxe-629202954002-1316365335585-1303739558562-bb0d767c5143c02b3f1039cae658c718",
                "thumb_64": "https:\/\/files.slack.com\/files-tmb\/TJH5YU202-F015SHV1KP0-bc027ce1b4\/grafik_64.png?t=xoxe-629202954002-1316365335585-1303739558562-bb0d767c5143c02b3f1039cae658c718",
                "thumb_80": "https:\/\/files.slack.com\/files-tmb\/TJH5YU202-F015SHV1KP0-bc027ce1b4\/grafik_80.png?t=xoxe-629202954002-1316365335585-1303739558562-bb0d767c5143c02b3f1039cae658c718",
                "thumb_360": "https:\/\/files.slack.com\/files-tmb\/TJH5YU202-F015SHV1KP0-bc027ce1b4\/grafik_360.png?t=xoxe-629202954002-1316365335585-1303739558562-bb0d767c5143c02b3f1039cae658c718",
                "thumb_360_w": 360,
                "thumb_360_h": 173,
                "thumb_480": "https:\/\/files.slack.com\/files-tmb\/TJH5YU202-F015SHV1KP0-bc027ce1b4\/grafik_480.png?t=xoxe-629202954002-1316365335585-1303739558562-bb0d767c5143c02b3f1039cae658c718",
                "thumb_480_w": 480,
                "thumb_480_h": 231,
                "thumb_160": "https:\/\/files.slack.com\/files-tmb\/TJH5YU202-F015SHV1KP0-bc027ce1b4\/grafik_160.png?t=xoxe-629202954002-1316365335585-1303739558562-bb0d767c5143c02b3f1039cae658c718",
                "thumb_720": "https:\/\/files.slack.com\/files-tmb\/TJH5YU202-F015SHV1KP0-bc027ce1b4\/grafik_720.png?t=xoxe-629202954002-1316365335585-1303739558562-bb0d767c5143c02b3f1039cae658c718",
                "thumb_720_w": 720,
                "thumb_720_h": 346,
                "original_w": 769,
                "original_h": 370,
                "thumb_tiny": "AwAXADDSJ20Bs9jQSAMkgfWgMp4BB\/GgADA+mfrTZJFjALZwTilUDGRj8qZOm9ANwXnqaAFWZXBK849eKkBB6GoIoxGrAuGzjtUwAFAEN2Mw475FRWf+tbHpU1z\/AKsf71Q2f+sb6UAWlX1J\/OmXKlowFGealpG6UAV7aNlDZBGcd6sAY7n8TSJ3p1AH\/9k=",
                "permalink": "https:\/\/harbourproject.slack.com\/files\/UJHD6A81H\/F015SHV1KP0\/grafik.png",
                "permalink_public": "https:\/\/slack-files.com\/TJH5YU202-F015SHV1KP0-88c0ef8d8a",
                "is_starred": false,
                "has_rich_preview": false
            }
        ],
        "upload": false,
        "user": "UJHD6A81H",
        "display_as_bot": false,
        "ts": "1593010979.202300"
    },
    {
        "client_msg_id": "9ad72a76-763c-4a20-8e43-acbec18a0cce",
        "type": "message",
        "text": "But  for the MyQuickInfo system  we need a possibilitythat you can generate QR codes yourself.",
        "user": "UJHD6A81H",
        "ts": "1593011104.203000",
        "team": "TJH5YU202",
        "user_team": "TJH5YU202",
        "source_team": "TJH5YU202",
        "user_profile": {
            "avatar_hash": "g6b8073e00e9",
            "image_72": "https:\/\/secure.gravatar.com\/avatar\/b96b8073e00e9eb02bcf05bc1418eb3a.jpg?s=72&d=https%3A%2F%2Fa.slack-edge.com%2Fdf10d%2Fimg%2Favatars%2Fava_0021-72.png",
            "first_name": "Otto",
            "real_name": "Otto Atzwanger",
            "display_name": "Otto",
            "team": "TJH5YU202",
            "name": "otto",
            "is_restricted": false,
            "is_ultra_restricted": false
        },
        "blocks": [
            {
                "type": "rich_text",
                "block_id": "ADy",
                "elements": [
                    {
                        "type": "rich_text_section",
                        "elements": [
                            {
                                "type": "text",
                                "text": "But  for the MyQuickInfo system  we need a possibilitythat you can generate QR codes yourself."
                            }
                        ]
                    }
                ]
            }
        ]
    },
    {
        "client_msg_id": "8afdb7e0-8d92-4d73-8b6b-01282c62fe40",
        "type": "message",
        "text": "hbzebra",
        "user": "UM81W8B0Q",
        "ts": "1593011179.203200",
        "team": "TJH5YU202",
        "user_team": "TJH5YU202",
        "source_team": "TJH5YU202",
        "user_profile": {
            "avatar_hash": "gab9279ee8c0",
            "image_72": "https:\/\/secure.gravatar.com\/avatar\/73ab9279ee8c00f66ce4904d30146c8f.jpg?s=72&d=https%3A%2F%2Fa.slack-edge.com%2Fdf10d%2Fimg%2Favatars%2Fava_0010-72.png",
            "first_name": "",
            "real_name": "Angel Pais",
            "display_name": "Angel Pais",
            "team": "TJH5YU202",
            "name": "amigosam",
            "is_restricted": false,
            "is_ultra_restricted": false
        },
        "blocks": [
            {
                "type": "rich_text",
                "block_id": "qPpo",
                "elements": [
                    {
                        "type": "rich_text_section",
                        "elements": [
                            {
                                "type": "text",
                                "text": "hbzebra"
                            }
                        ]
                    }
                ]
            }
        ]
    },
    {
        "client_msg_id": "193d4244-6f0b-4c71-a7bd-a5e50f7e150b",
        "type": "message",
        "text": "Do you know if hbzebra can create vector graphic format. The company that makes the aluminum signs needs the codes in this format.\nCan you use HBZEBRA with mod harbor?",
        "user": "UJHD6A81H",
        "ts": "1593011434.203600",
        "team": "TJH5YU202",
        "user_team": "TJH5YU202",
        "source_team": "TJH5YU202",
        "user_profile": {
            "avatar_hash": "g6b8073e00e9",
            "image_72": "https:\/\/secure.gravatar.com\/avatar\/b96b8073e00e9eb02bcf05bc1418eb3a.jpg?s=72&d=https%3A%2F%2Fa.slack-edge.com%2Fdf10d%2Fimg%2Favatars%2Fava_0021-72.png",
            "first_name": "Otto",
            "real_name": "Otto Atzwanger",
            "display_name": "Otto",
            "team": "TJH5YU202",
            "name": "otto",
            "is_restricted": false,
            "is_ultra_restricted": false
        },
        "blocks": [
            {
                "type": "rich_text",
                "block_id": "Uv=lt",
                "elements": [
                    {
                        "type": "rich_text_section",
                        "elements": [
                            {
                                "type": "text",
                                "text": "Do you know if hbzebra can create vector graphic format. The company that makes the aluminum signs needs the codes in this format.\nCan you use HBZEBRA with mod harbor?"
                            }
                        ]
                    }
                ]
            }
        ]
    },
    {
        "client_msg_id": "fc6aa339-b4bc-449d-bec8-5f43201e26f8",
        "type": "message",
        "text": "you have to link it when creating mod_harbour. Actually it is not linked it",
        "user": "UJN8D8U3B",
        "ts": "1593011967.204100",
        "team": "TJH5YU202",
        "user_team": "TJH5YU202",
        "source_team": "TJH5YU202",
        "user_profile": {
            "avatar_hash": "g92ad2abcc45",
            "image_72": "https:\/\/secure.gravatar.com\/avatar\/8492ad2abcc45ce53969adcf8420acde.jpg?s=72&d=https%3A%2F%2Fa.slack-edge.com%2Fdf10d%2Fimg%2Favatars%2Fava_0008-72.png",
            "first_name": "",
            "real_name": "Antonio Linares",
            "display_name": "Antonio Linares",
            "team": "TJH5YU202",
            "name": "alinares",
            "is_restricted": false,
            "is_ultra_restricted": false
        },
        "blocks": [
            {
                "type": "rich_text",
                "block_id": "sy=l",
                "elements": [
                    {
                        "type": "rich_text_section",
                        "elements": [
                            {
                                "type": "text",
                                "text": "you have to link it when creating mod_harbour. Actually it is not linked it"
                            }
                        ]
                    }
                ]
            }
        ]
    },
    {
        "client_msg_id": "5ddc26f8-a747-4dc9-acff-eb6056c79e3e",
        "type": "message",
        "text": "also hbzebra.hbx must be included inside modharbour.hbx or harbour.def (initial version)",
        "user": "UJN8D8U3B",
        "ts": "1593011993.204700",
        "team": "TJH5YU202",
        "user_team": "TJH5YU202",
        "source_team": "TJH5YU202",
        "user_profile": {
            "avatar_hash": "g92ad2abcc45",
            "image_72": "https:\/\/secure.gravatar.com\/avatar\/8492ad2abcc45ce53969adcf8420acde.jpg?s=72&d=https%3A%2F%2Fa.slack-edge.com%2Fdf10d%2Fimg%2Favatars%2Fava_0008-72.png",
            "first_name": "",
            "real_name": "Antonio Linares",
            "display_name": "Antonio Linares",
            "team": "TJH5YU202",
            "name": "alinares",
            "is_restricted": false,
            "is_ultra_restricted": false
        },
        "blocks": [
            {
                "type": "rich_text",
                "block_id": "1AU",
                "elements": [
                    {
                        "type": "rich_text_section",
                        "elements": [
                            {
                                "type": "text",
                                "text": "also hbzebra.hbx must be included inside modharbour.hbx or harbour.def (initial version)"
                            }
                        ]
                    }
                ]
            }
        ]
    },
    {
        "client_msg_id": "d4c4a170-8e5f-4e2c-8c91-a8207fc36f6e",
        "type": "message",
        "text": "Otto I really don't know. All samples seem to be rendering in a canvas. Hopefully someone more experienced than me can jump in.",
        "user": "UM81W8B0Q",
        "ts": "1593012404.206300",
        "team": "TJH5YU202",
        "user_team": "TJH5YU202",
        "source_team": "TJH5YU202",
        "user_profile": {
            "avatar_hash": "gab9279ee8c0",
            "image_72": "https:\/\/secure.gravatar.com\/avatar\/73ab9279ee8c00f66ce4904d30146c8f.jpg?s=72&d=https%3A%2F%2Fa.slack-edge.com%2Fdf10d%2Fimg%2Favatars%2Fava_0010-72.png",
            "first_name": "",
            "real_name": "Angel Pais",
            "display_name": "Angel Pais",
            "team": "TJH5YU202",
            "name": "amigosam",
            "is_restricted": false,
            "is_ultra_restricted": false
        },
        "blocks": [
            {
                "type": "rich_text",
                "block_id": "VAgO",
                "elements": [
                    {
                        "type": "rich_text_section",
                        "elements": [
                            {
                                "type": "text",
                                "text": "Otto I really don't know. All samples seem to be rendering in a canvas. Hopefully someone more experienced than me can jump in."
                            }
                        ]
                    }
                ]
            }
        ]
    },
    {
        "client_msg_id": "c5e337a6-b0d7-4193-a3c8-be04d720cd54",
        "type": "message",
        "text": "Thank you for your answers. At the moment to start I am OK with WORD.",
        "user": "UJHD6A81H",
        "ts": "1593013773.207200",
        "team": "TJH5YU202",
        "user_team": "TJH5YU202",
        "source_team": "TJH5YU202",
        "user_profile": {
            "avatar_hash": "g6b8073e00e9",
            "image_72": "https:\/\/secure.gravatar.com\/avatar\/b96b8073e00e9eb02bcf05bc1418eb3a.jpg?s=72&d=https%3A%2F%2Fa.slack-edge.com%2Fdf10d%2Fimg%2Favatars%2Fava_0021-72.png",
            "first_name": "Otto",
            "real_name": "Otto Atzwanger",
            "display_name": "Otto",
            "team": "TJH5YU202",
            "name": "otto",
            "is_restricted": false,
            "is_ultra_restricted": false
        },
        "blocks": [
            {
                "type": "rich_text",
                "block_id": "Vtmmd",
                "elements": [
                    {
                        "type": "rich_text_section",
                        "elements": [
                            {
                                "type": "text",
                                "text": "Thank you for your answers. At the moment to start I am OK with WORD."
                            }
                        ]
                    }
                ]
            }
        ]
    },
    {
        "client_msg_id": "64b9a432-8f32-4639-ab7d-0c97c7aacdb0",
        "type": "message",
        "text": "Fivewin program creates the MSWord data source and filles the qrcode.dbf",
        "user": "UJHD6A81H",
        "ts": "1593018616.207400",
        "team": "TJH5YU202",
        "user_team": "TJH5YU202",
        "source_team": "TJH5YU202",
        "user_profile": {
            "avatar_hash": "g6b8073e00e9",
            "image_72": "https:\/\/secure.gravatar.com\/avatar\/b96b8073e00e9eb02bcf05bc1418eb3a.jpg?s=72&d=https%3A%2F%2Fa.slack-edge.com%2Fdf10d%2Fimg%2Favatars%2Fava_0021-72.png",
            "first_name": "Otto",
            "real_name": "Otto Atzwanger",
            "display_name": "Otto",
            "team": "TJH5YU202",
            "name": "otto",
            "is_restricted": false,
            "is_ultra_restricted": false
        },
        "blocks": [
            {
                "type": "rich_text",
                "block_id": "XkLl",
                "elements": [
                    {
                        "type": "rich_text_section",
                        "elements": [
                            {
                                "type": "text",
                                "text": "Fivewin program creates the MSWord data source and filles the qrcode.dbf"
                            }
                        ]
                    }
                ]
            }
        ]
    },
    {
        "type": "message",
        "text": "",
        "files": [
            {
                "id": "F015Y9A5FBP",
                "created": 1593018710,
                "timestamp": 1593018710,
                "name": "grafik.png",
                "title": "grafik.png",
                "mimetype": "image\/png",
                "filetype": "png",
                "pretty_type": "PNG",
                "user": "UJHD6A81H",
                "editable": false,
                "size": 116866,
                "mode": "hosted",
                "is_external": false,
                "external_type": "",
                "is_public": true,
                "public_url_shared": false,
                "display_as_bot": false,
                "username": "",
                "url_private": "https:\/\/files.slack.com\/files-pri\/TJH5YU202-F015Y9A5FBP\/grafik.png?t=xoxe-629202954002-1316365335585-1303739558562-bb0d767c5143c02b3f1039cae658c718",
                "url_private_download": "https:\/\/files.slack.com\/files-pri\/TJH5YU202-F015Y9A5FBP\/download\/grafik.png?t=xoxe-629202954002-1316365335585-1303739558562-bb0d767c5143c02b3f1039cae658c718",
                "thumb_64": "https:\/\/files.slack.com\/files-tmb\/TJH5YU202-F015Y9A5FBP-a5f1d10ef9\/grafik_64.png?t=xoxe-629202954002-1316365335585-1303739558562-bb0d767c5143c02b3f1039cae658c718",
                "thumb_80": "https:\/\/files.slack.com\/files-tmb\/TJH5YU202-F015Y9A5FBP-a5f1d10ef9\/grafik_80.png?t=xoxe-629202954002-1316365335585-1303739558562-bb0d767c5143c02b3f1039cae658c718",
                "thumb_360": "https:\/\/files.slack.com\/files-tmb\/TJH5YU202-F015Y9A5FBP-a5f1d10ef9\/grafik_360.png?t=xoxe-629202954002-1316365335585-1303739558562-bb0d767c5143c02b3f1039cae658c718",
                "thumb_360_w": 360,
                "thumb_360_h": 229,
                "thumb_480": "https:\/\/files.slack.com\/files-tmb\/TJH5YU202-F015Y9A5FBP-a5f1d10ef9\/grafik_480.png?t=xoxe-629202954002-1316365335585-1303739558562-bb0d767c5143c02b3f1039cae658c718",
                "thumb_480_w": 480,
                "thumb_480_h": 305,
                "thumb_160": "https:\/\/files.slack.com\/files-tmb\/TJH5YU202-F015Y9A5FBP-a5f1d10ef9\/grafik_160.png?t=xoxe-629202954002-1316365335585-1303739558562-bb0d767c5143c02b3f1039cae658c718",
                "thumb_720": "https:\/\/files.slack.com\/files-tmb\/TJH5YU202-F015Y9A5FBP-a5f1d10ef9\/grafik_720.png?t=xoxe-629202954002-1316365335585-1303739558562-bb0d767c5143c02b3f1039cae658c718",
                "thumb_720_w": 720,
                "thumb_720_h": 457,
                "thumb_800": "https:\/\/files.slack.com\/files-tmb\/TJH5YU202-F015Y9A5FBP-a5f1d10ef9\/grafik_800.png?t=xoxe-629202954002-1316365335585-1303739558562-bb0d767c5143c02b3f1039cae658c718",
                "thumb_800_w": 800,
                "thumb_800_h": 508,
                "thumb_960": "https:\/\/files.slack.com\/files-tmb\/TJH5YU202-F015Y9A5FBP-a5f1d10ef9\/grafik_960.png?t=xoxe-629202954002-1316365335585-1303739558562-bb0d767c5143c02b3f1039cae658c718",
                "thumb_960_w": 960,
                "thumb_960_h": 609,
                "thumb_1024": "https:\/\/files.slack.com\/files-tmb\/TJH5YU202-F015Y9A5FBP-a5f1d10ef9\/grafik_1024.png?t=xoxe-629202954002-1316365335585-1303739558562-bb0d767c5143c02b3f1039cae658c718",
                "thumb_1024_w": 1024,
                "thumb_1024_h": 650,
                "original_w": 1744,
                "original_h": 1107,
                "thumb_tiny": "AwAeADCtE7\/aYhubG4dzWyF2tnLH2JrEh\/4+Yv8AfH863TQAZoz7UnU9qXueaADPtRn2pG354AP40dqAMqGxuFnRigwGBPzD1rWNLRQA3IyRRwD1oBFLmgA4pDS5FKOlAH\/\/2Q==",
                "permalink": "https:\/\/harbourproject.slack.com\/files\/UJHD6A81H\/F015Y9A5FBP\/grafik.png",
                "permalink_public": "https:\/\/slack-files.com\/TJH5YU202-F015Y9A5FBP-39425e334e",
                "is_starred": false,
                "has_rich_preview": false
            }
        ],
        "upload": false,
        "user": "UJHD6A81H",
        "display_as_bot": false,
        "ts": "1593018715.207900"
    },
    {
        "client_msg_id": "c6ae9523-0e39-4cf4-9590-0f991d63a13b",
        "type": "message",
        "text": "Then what was the aiming of the post from 2 hours ago ?",
        "user": "UM81W8B0Q",
        "ts": "1593018716.208200",
        "team": "TJH5YU202",
        "user_team": "TJH5YU202",
        "source_team": "TJH5YU202",
        "user_profile": {
            "avatar_hash": "gab9279ee8c0",
            "image_72": "https:\/\/secure.gravatar.com\/avatar\/73ab9279ee8c00f66ce4904d30146c8f.jpg?s=72&d=https%3A%2F%2Fa.slack-edge.com%2Fdf10d%2Fimg%2Favatars%2Fava_0010-72.png",
            "first_name": "",
            "real_name": "Angel Pais",
            "display_name": "Angel Pais",
            "team": "TJH5YU202",
            "name": "amigosam",
            "is_restricted": false,
            "is_ultra_restricted": false
        },
        "blocks": [
            {
                "type": "rich_text",
                "block_id": "yV9Ja",
                "elements": [
                    {
                        "type": "rich_text_section",
                        "elements": [
                            {
                                "type": "text",
                                "text": "Then what was the aiming of the post from 2 hours ago ?"
                            }
                        ]
                    }
                ]
            }
        ]
    },
    {
        "client_msg_id": "e5d6ca4f-894a-47ae-a1d9-82d6602fd158",
        "type": "message",
        "text": "aluminum signs needs the codes in vector graphic",
        "user": "UJHD6A81H",
        "ts": "1593018900.208600",
        "team": "TJH5YU202",
        "user_team": "TJH5YU202",
        "source_team": "TJH5YU202",
        "user_profile": {
            "avatar_hash": "g6b8073e00e9",
            "image_72": "https:\/\/secure.gravatar.com\/avatar\/b96b8073e00e9eb02bcf05bc1418eb3a.jpg?s=72&d=https%3A%2F%2Fa.slack-edge.com%2Fdf10d%2Fimg%2Favatars%2Fava_0021-72.png",
            "first_name": "Otto",
            "real_name": "Otto Atzwanger",
            "display_name": "Otto",
            "team": "TJH5YU202",
            "name": "otto",
            "is_restricted": false,
            "is_ultra_restricted": false
        },
        "blocks": [
            {
                "type": "rich_text",
                "block_id": "Xb8",
                "elements": [
                    {
                        "type": "rich_text_section",
                        "elements": [
                            {
                                "type": "text",
                                "text": "aluminum signs needs the codes in vector graphic"
                            }
                        ]
                    }
                ]
            }
        ]
    },
    {
        "client_msg_id": "750732d1-5dd8-486c-9764-862bfca1278b",
        "type": "message",
        "text": "For now I printed Outdoor Labels ( AVERY Zweckform L7913)",
        "user": "UJHD6A81H",
        "ts": "1593018955.209400",
        "team": "TJH5YU202",
        "user_team": "TJH5YU202",
        "source_team": "TJH5YU202",
        "user_profile": {
            "avatar_hash": "g6b8073e00e9",
            "image_72": "https:\/\/secure.gravatar.com\/avatar\/b96b8073e00e9eb02bcf05bc1418eb3a.jpg?s=72&d=https%3A%2F%2Fa.slack-edge.com%2Fdf10d%2Fimg%2Favatars%2Fava_0021-72.png",
            "first_name": "Otto",
            "real_name": "Otto Atzwanger",
            "display_name": "Otto",
            "team": "TJH5YU202",
            "name": "otto",
            "is_restricted": false,
            "is_ultra_restricted": false
        },
        "blocks": [
            {
                "type": "rich_text",
                "block_id": "o6lvl",
                "elements": [
                    {
                        "type": "rich_text_section",
                        "elements": [
                            {
                                "type": "text",
                                "text": "For now I printed Outdoor Labels ( AVERY Zweckform L7913)"
                            }
                        ]
                    }
                ]
            }
        ]
    },
    {
        "client_msg_id": "3a2b6ff9-1f64-4ae1-87c2-c71ba0f2e22c",
        "type": "message",
        "text": "pdf is postcript",
        "user": "UM81W8B0Q",
        "ts": "1593019275.209800",
        "team": "TJH5YU202",
        "user_team": "TJH5YU202",
        "source_team": "TJH5YU202",
        "user_profile": {
            "avatar_hash": "gab9279ee8c0",
            "image_72": "https:\/\/secure.gravatar.com\/avatar\/73ab9279ee8c00f66ce4904d30146c8f.jpg?s=72&d=https%3A%2F%2Fa.slack-edge.com%2Fdf10d%2Fimg%2Favatars%2Fava_0010-72.png",
            "first_name": "",
            "real_name": "Angel Pais",
            "display_name": "Angel Pais",
            "team": "TJH5YU202",
            "name": "amigosam",
            "is_restricted": false,
            "is_ultra_restricted": false
        },
        "blocks": [
            {
                "type": "rich_text",
                "block_id": "cBcWz",
                "elements": [
                    {
                        "type": "rich_text_section",
                        "elements": [
                            {
                                "type": "text",
                                "text": "pdf is postcript"
                            }
                        ]
                    }
                ]
            }
        ]
    },
    {
        "client_msg_id": "504091bd-1ec6-455d-921c-77853127ffa8",
        "type": "message",
        "text": "you need to find if your provider supports pdfs",
        "user": "UM81W8B0Q",
        "ts": "1593019358.210400",
        "team": "TJH5YU202",
        "user_team": "TJH5YU202",
        "source_team": "TJH5YU202",
        "user_profile": {
            "avatar_hash": "gab9279ee8c0",
            "image_72": "https:\/\/secure.gravatar.com\/avatar\/73ab9279ee8c00f66ce4904d30146c8f.jpg?s=72&d=https%3A%2F%2Fa.slack-edge.com%2Fdf10d%2Fimg%2Favatars%2Fava_0010-72.png",
            "first_name": "",
            "real_name": "Angel Pais",
            "display_name": "Angel Pais",
            "team": "TJH5YU202",
            "name": "amigosam",
            "is_restricted": false,
            "is_ultra_restricted": false
        },
        "blocks": [
            {
                "type": "rich_text",
                "block_id": "hZAP",
                "elements": [
                    {
                        "type": "rich_text_section",
                        "elements": [
                            {
                                "type": "text",
                                "text": "you need to find if your provider supports pdfs"
                            }
                        ]
                    }
                ]
            }
        ]
    },
    {
        "client_msg_id": "04934006-2bab-46d6-b8a6-64e5c98e9533",
        "type": "message",
        "text": "So that I always have SLACK with me, I pick a QR code into my glasses case",
        "user": "UJHD6A81H",
        "ts": "1593019661.210700",
        "team": "TJH5YU202",
        "user_team": "TJH5YU202",
        "source_team": "TJH5YU202",
        "user_profile": {
            "avatar_hash": "g6b8073e00e9",
            "image_72": "https:\/\/secure.gravatar.com\/avatar\/b96b8073e00e9eb02bcf05bc1418eb3a.jpg?s=72&d=https%3A%2F%2Fa.slack-edge.com%2Fdf10d%2Fimg%2Favatars%2Fava_0021-72.png",
            "first_name": "Otto",
            "real_name": "Otto Atzwanger",
            "display_name": "Otto",
            "team": "TJH5YU202",
            "name": "otto",
            "is_restricted": false,
            "is_ultra_restricted": false
        },
        "blocks": [
            {
                "type": "rich_text",
                "block_id": "x6I",
                "elements": [
                    {
                        "type": "rich_text_section",
                        "elements": [
                            {
                                "type": "text",
                                "text": "So that I always have SLACK with me, I pick a QR code into my glasses case"
                            }
                        ]
                    }
                ]
            }
        ]
    },
    {
        "type": "message",
        "text": "",
        "files": [
            {
                "id": "F016CAGDMLH",
                "created": 1593019673,
                "timestamp": 1593019673,
                "name": "grafik.png",
                "title": "grafik.png",
                "mimetype": "image\/png",
                "filetype": "png",
                "pretty_type": "PNG",
                "user": "UJHD6A81H",
                "editable": false,
                "size": 1216048,
                "mode": "hosted",
                "is_external": false,
                "external_type": "",
                "is_public": true,
                "public_url_shared": false,
                "display_as_bot": false,
                "username": "",
                "url_private": "https:\/\/files.slack.com\/files-pri\/TJH5YU202-F016CAGDMLH\/grafik.png?t=xoxe-629202954002-1316365335585-1303739558562-bb0d767c5143c02b3f1039cae658c718",
                "url_private_download": "https:\/\/files.slack.com\/files-pri\/TJH5YU202-F016CAGDMLH\/download\/grafik.png?t=xoxe-629202954002-1316365335585-1303739558562-bb0d767c5143c02b3f1039cae658c718",
                "thumb_64": "https:\/\/files.slack.com\/files-tmb\/TJH5YU202-F016CAGDMLH-f168ea7c16\/grafik_64.png?t=xoxe-629202954002-1316365335585-1303739558562-bb0d767c5143c02b3f1039cae658c718",
                "thumb_80": "https:\/\/files.slack.com\/files-tmb\/TJH5YU202-F016CAGDMLH-f168ea7c16\/grafik_80.png?t=xoxe-629202954002-1316365335585-1303739558562-bb0d767c5143c02b3f1039cae658c718",
                "thumb_360": "https:\/\/files.slack.com\/files-tmb\/TJH5YU202-F016CAGDMLH-f168ea7c16\/grafik_360.png?t=xoxe-629202954002-1316365335585-1303739558562-bb0d767c5143c02b3f1039cae658c718",
                "thumb_360_w": 360,
                "thumb_360_h": 266,
                "thumb_480": "https:\/\/files.slack.com\/files-tmb\/TJH5YU202-F016CAGDMLH-f168ea7c16\/grafik_480.png?t=xoxe-629202954002-1316365335585-1303739558562-bb0d767c5143c02b3f1039cae658c718",
                "thumb_480_w": 480,
                "thumb_480_h": 355,
                "thumb_160": "https:\/\/files.slack.com\/files-tmb\/TJH5YU202-F016CAGDMLH-f168ea7c16\/grafik_160.png?t=xoxe-629202954002-1316365335585-1303739558562-bb0d767c5143c02b3f1039cae658c718",
                "thumb_720": "https:\/\/files.slack.com\/files-tmb\/TJH5YU202-F016CAGDMLH-f168ea7c16\/grafik_720.png?t=xoxe-629202954002-1316365335585-1303739558562-bb0d767c5143c02b3f1039cae658c718",
                "thumb_720_w": 720,
                "thumb_720_h": 532,
                "thumb_800": "https:\/\/files.slack.com\/files-tmb\/TJH5YU202-F016CAGDMLH-f168ea7c16\/grafik_800.png?t=xoxe-629202954002-1316365335585-1303739558562-bb0d767c5143c02b3f1039cae658c718",
                "thumb_800_w": 800,
                "thumb_800_h": 591,
                "original_w": 903,
                "original_h": 667,
                "thumb_tiny": "AwAjADCKJ1nmKOi8ZxirAtov7g\/OqVucXa+5IrTFAEX2aH+4Pzo+zQ\/3BU1JQBCbeL+4KaYIv7gqY000CM5EcTBgjcN6e9agNQb+TTg9AybNITWbK7PM2ScZwBTP4sdqVwsaZNNJrNI4qeEnZgsRjpTTCxXaV9x+Y9abvY\/xH86H+8frTaAJovm6881I4AHAqOD+tSv0rN7lrYjpjcnJp\/emGqQmf\/\/Z",
                "permalink": "https:\/\/harbourproject.slack.com\/files\/UJHD6A81H\/F016CAGDMLH\/grafik.png",
                "permalink_public": "https:\/\/slack-files.com\/TJH5YU202-F016CAGDMLH-1ca017b7b1",
                "is_starred": false,
                "has_rich_preview": false
            }
        ],
        "upload": false,
        "user": "UJHD6A81H",
        "display_as_bot": false,
        "ts": "1593019678.210800"
    },
    {
        "client_msg_id": "cd788df1-bebc-42fe-99c9-8944e2546103",
        "type": "message",
        "text": "Then I insert through GENESIS the link to SLACK and a preview picture.",
        "user": "UJHD6A81H",
        "ts": "1593019773.211600",
        "team": "TJH5YU202",
        "user_team": "TJH5YU202",
        "source_team": "TJH5YU202",
        "user_profile": {
            "avatar_hash": "g6b8073e00e9",
            "image_72": "https:\/\/secure.gravatar.com\/avatar\/b96b8073e00e9eb02bcf05bc1418eb3a.jpg?s=72&d=https%3A%2F%2Fa.slack-edge.com%2Fdf10d%2Fimg%2Favatars%2Fava_0021-72.png",
            "first_name": "Otto",
            "real_name": "Otto Atzwanger",
            "display_name": "Otto",
            "team": "TJH5YU202",
            "name": "otto",
            "is_restricted": false,
            "is_ultra_restricted": false
        },
        "blocks": [
            {
                "type": "rich_text",
                "block_id": "v6YZ3",
                "elements": [
                    {
                        "type": "rich_text_section",
                        "elements": [
                            {
                                "type": "text",
                                "text": "Then I insert through GENESIS the link to SLACK and a preview picture."
                            }
                        ]
                    }
                ]
            }
        ]
    },
    {
        "type": "message",
        "text": "",
        "files": [
            {
                "id": "F015ZMNP3LJ",
                "created": 1593019774,
                "timestamp": 1593019774,
                "name": "grafik.png",
                "title": "grafik.png",
                "mimetype": "image\/png",
                "filetype": "png",
                "pretty_type": "PNG",
                "user": "UJHD6A81H",
                "editable": false,
                "size": 36697,
                "mode": "hosted",
                "is_external": false,
                "external_type": "",
                "is_public": true,
                "public_url_shared": false,
                "display_as_bot": false,
                "username": "",
                "url_private": "https:\/\/files.slack.com\/files-pri\/TJH5YU202-F015ZMNP3LJ\/grafik.png?t=xoxe-629202954002-1316365335585-1303739558562-bb0d767c5143c02b3f1039cae658c718",
                "url_private_download": "https:\/\/files.slack.com\/files-pri\/TJH5YU202-F015ZMNP3LJ\/download\/grafik.png?t=xoxe-629202954002-1316365335585-1303739558562-bb0d767c5143c02b3f1039cae658c718",
                "thumb_64": "https:\/\/files.slack.com\/files-tmb\/TJH5YU202-F015ZMNP3LJ-63a819373e\/grafik_64.png?t=xoxe-629202954002-1316365335585-1303739558562-bb0d767c5143c02b3f1039cae658c718",
                "thumb_80": "https:\/\/files.slack.com\/files-tmb\/TJH5YU202-F015ZMNP3LJ-63a819373e\/grafik_80.png?t=xoxe-629202954002-1316365335585-1303739558562-bb0d767c5143c02b3f1039cae658c718",
                "thumb_360": "https:\/\/files.slack.com\/files-tmb\/TJH5YU202-F015ZMNP3LJ-63a819373e\/grafik_360.png?t=xoxe-629202954002-1316365335585-1303739558562-bb0d767c5143c02b3f1039cae658c718",
                "thumb_360_w": 360,
                "thumb_360_h": 246,
                "thumb_480": "https:\/\/files.slack.com\/files-tmb\/TJH5YU202-F015ZMNP3LJ-63a819373e\/grafik_480.png?t=xoxe-629202954002-1316365335585-1303739558562-bb0d767c5143c02b3f1039cae658c718",
                "thumb_480_w": 480,
                "thumb_480_h": 327,
                "thumb_160": "https:\/\/files.slack.com\/files-tmb\/TJH5YU202-F015ZMNP3LJ-63a819373e\/grafik_160.png?t=xoxe-629202954002-1316365335585-1303739558562-bb0d767c5143c02b3f1039cae658c718",
                "thumb_720": "https:\/\/files.slack.com\/files-tmb\/TJH5YU202-F015ZMNP3LJ-63a819373e\/grafik_720.png?t=xoxe-629202954002-1316365335585-1303739558562-bb0d767c5143c02b3f1039cae658c718",
                "thumb_720_w": 720,
                "thumb_720_h": 491,
                "thumb_800": "https:\/\/files.slack.com\/files-tmb\/TJH5YU202-F015ZMNP3LJ-63a819373e\/grafik_800.png?t=xoxe-629202954002-1316365335585-1303739558562-bb0d767c5143c02b3f1039cae658c718",
                "thumb_800_w": 800,
                "thumb_800_h": 546,
                "thumb_960": "https:\/\/files.slack.com\/files-tmb\/TJH5YU202-F015ZMNP3LJ-63a819373e\/grafik_960.png?t=xoxe-629202954002-1316365335585-1303739558562-bb0d767c5143c02b3f1039cae658c718",
                "thumb_960_w": 960,
                "thumb_960_h": 655,
                "thumb_1024": "https:\/\/files.slack.com\/files-tmb\/TJH5YU202-F015ZMNP3LJ-63a819373e\/grafik_1024.png?t=xoxe-629202954002-1316365335585-1303739558562-bb0d767c5143c02b3f1039cae658c718",
                "thumb_1024_w": 1024,
                "thumb_1024_h": 698,
                "original_w": 1305,
                "original_h": 890,
                "thumb_tiny": "AwAgADCizEYwx6f3q2bdiIIRhjlRzjgVit2+grdtf+PWL\/cFAEtFFJxQAtFFFAHOkj9K3bX\/AI9Yv9wVgVvWv\/HrF\/uCgCak4NFANABiloooA\/\/Z",
                "permalink": "https:\/\/harbourproject.slack.com\/files\/UJHD6A81H\/F015ZMNP3LJ\/grafik.png",
                "permalink_public": "https:\/\/slack-files.com\/TJH5YU202-F015ZMNP3LJ-396fa0a065",
                "is_starred": false,
                "has_rich_preview": false
            }
        ],
        "upload": false,
        "user": "UJHD6A81H",
        "display_as_bot": false,
        "ts": "1593019780.211700"
    },
    {
        "client_msg_id": "cb3e85e6-1b82-4033-86f8-daf4776cd722",
        "type": "message",
        "text": "When I scan the QRCode I am redirected to SLACK.",
        "user": "UJHD6A81H",
        "ts": "1593019953.212400",
        "team": "TJH5YU202",
        "user_team": "TJH5YU202",
        "source_team": "TJH5YU202",
        "user_profile": {
            "avatar_hash": "g6b8073e00e9",
            "image_72": "https:\/\/secure.gravatar.com\/avatar\/b96b8073e00e9eb02bcf05bc1418eb3a.jpg?s=72&d=https%3A%2F%2Fa.slack-edge.com%2Fdf10d%2Fimg%2Favatars%2Fava_0021-72.png",
            "first_name": "Otto",
            "real_name": "Otto Atzwanger",
            "display_name": "Otto",
            "team": "TJH5YU202",
            "name": "otto",
            "is_restricted": false,
            "is_ultra_restricted": false
        },
        "blocks": [
            {
                "type": "rich_text",
                "block_id": "Iejm",
                "elements": [
                    {
                        "type": "rich_text_section",
                        "elements": [
                            {
                                "type": "text",
                                "text": "When I scan the QRCode I am redirected to SLACK."
                            }
                        ]
                    }
                ]
            }
        ]
    },
    {
        "type": "message",
        "text": "",
        "files": [
            {
                "id": "F015YATKGA1",
                "created": 1593019982,
                "timestamp": 1593019982,
                "name": "slack.jpg",
                "title": "slack.jpg",
                "mimetype": "image\/jpeg",
                "filetype": "jpg",
                "pretty_type": "JPEG",
                "user": "UJHD6A81H",
                "editable": false,
                "size": 132998,
                "mode": "hosted",
                "is_external": false,
                "external_type": "",
                "is_public": true,
                "public_url_shared": false,
                "display_as_bot": false,
                "username": "",
                "url_private": "https:\/\/files.slack.com\/files-pri\/TJH5YU202-F015YATKGA1\/slack.jpg?t=xoxe-629202954002-1316365335585-1303739558562-bb0d767c5143c02b3f1039cae658c718",
                "url_private_download": "https:\/\/files.slack.com\/files-pri\/TJH5YU202-F015YATKGA1\/download\/slack.jpg?t=xoxe-629202954002-1316365335585-1303739558562-bb0d767c5143c02b3f1039cae658c718",
                "thumb_64": "https:\/\/files.slack.com\/files-tmb\/TJH5YU202-F015YATKGA1-e615764e75\/slack_64.jpg?t=xoxe-629202954002-1316365335585-1303739558562-bb0d767c5143c02b3f1039cae658c718",
                "thumb_80": "https:\/\/files.slack.com\/files-tmb\/TJH5YU202-F015YATKGA1-e615764e75\/slack_80.jpg?t=xoxe-629202954002-1316365335585-1303739558562-bb0d767c5143c02b3f1039cae658c718",
                "thumb_360": "https:\/\/files.slack.com\/files-tmb\/TJH5YU202-F015YATKGA1-e615764e75\/slack_360.jpg?t=xoxe-629202954002-1316365335585-1303739558562-bb0d767c5143c02b3f1039cae658c718",
                "thumb_360_w": 180,
                "thumb_360_h": 360,
                "thumb_480": "https:\/\/files.slack.com\/files-tmb\/TJH5YU202-F015YATKGA1-e615764e75\/slack_480.jpg?t=xoxe-629202954002-1316365335585-1303739558562-bb0d767c5143c02b3f1039cae658c718",
                "thumb_480_w": 240,
                "thumb_480_h": 480,
                "thumb_160": "https:\/\/files.slack.com\/files-tmb\/TJH5YU202-F015YATKGA1-e615764e75\/slack_160.jpg?t=xoxe-629202954002-1316365335585-1303739558562-bb0d767c5143c02b3f1039cae658c718",
                "thumb_720": "https:\/\/files.slack.com\/files-tmb\/TJH5YU202-F015YATKGA1-e615764e75\/slack_720.jpg?t=xoxe-629202954002-1316365335585-1303739558562-bb0d767c5143c02b3f1039cae658c718",
                "thumb_720_w": 360,
                "thumb_720_h": 720,
                "thumb_800": "https:\/\/files.slack.com\/files-tmb\/TJH5YU202-F015YATKGA1-e615764e75\/slack_800.jpg?t=xoxe-629202954002-1316365335585-1303739558562-bb0d767c5143c02b3f1039cae658c718",
                "thumb_800_w": 800,
                "thumb_800_h": 1600,
                "thumb_960": "https:\/\/files.slack.com\/files-tmb\/TJH5YU202-F015YATKGA1-e615764e75\/slack_960.jpg?t=xoxe-629202954002-1316365335585-1303739558562-bb0d767c5143c02b3f1039cae658c718",
                "thumb_960_w": 480,
                "thumb_960_h": 960,
                "thumb_1024": "https:\/\/files.slack.com\/files-tmb\/TJH5YU202-F015YATKGA1-e615764e75\/slack_1024.jpg?t=xoxe-629202954002-1316365335585-1303739558562-bb0d767c5143c02b3f1039cae658c718",
                "thumb_1024_w": 512,
                "thumb_1024_h": 1024,
                "original_w": 1080,
                "original_h": 2160,
                "thumb_tiny": "AwAwABjRIABOM\/Sm5\/2G\/Km3hItZCDg4rJG8\/wDLT\/x+mNI2gARnGKXFRWZJtYyTk4qakIZNH5sTJnG4dapf2aM\/60\/kKuSuygbUL561V8o\/88H\/AO+quKuS5W2LcMflRKmc7R1p9RxOzA7k246VJUsq9woph3f3h+VHzZxkflSAfRTRu7n9KXn1oA\/\/2Q==",
                "permalink": "https:\/\/harbourproject.slack.com\/files\/UJHD6A81H\/F015YATKGA1\/slack.jpg",
                "permalink_public": "https:\/\/slack-files.com\/TJH5YU202-F015YATKGA1-686f33154b",
                "is_starred": false,
                "has_rich_preview": false
            }
        ],
        "upload": false,
        "user": "UJHD6A81H",
        "display_as_bot": false,
        "ts": "1593019986.212500"
    }
]