[
    {
        "type": "message",
        "text": "",
        "files": [
            {
                "id": "F017D5BTZT3",
                "created": 1594664839,
                "timestamp": 1594664839,
                "name": "grafik.png",
                "title": "grafik.png",
                "mimetype": "image\/png",
                "filetype": "png",
                "pretty_type": "PNG",
                "user": "UJHD6A81H",
                "editable": false,
                "size": 452791,
                "mode": "hosted",
                "is_external": false,
                "external_type": "",
                "is_public": true,
                "public_url_shared": false,
                "display_as_bot": false,
                "username": "",
                "url_private": "https:\/\/files.slack.com\/files-pri\/TJH5YU202-F017D5BTZT3\/grafik.png?t=xoxe-629202954002-1316365335585-1303739558562-bb0d767c5143c02b3f1039cae658c718",
                "url_private_download": "https:\/\/files.slack.com\/files-pri\/TJH5YU202-F017D5BTZT3\/download\/grafik.png?t=xoxe-629202954002-1316365335585-1303739558562-bb0d767c5143c02b3f1039cae658c718",
                "thumb_64": "https:\/\/files.slack.com\/files-tmb\/TJH5YU202-F017D5BTZT3-bc3cb832fa\/grafik_64.png?t=xoxe-629202954002-1316365335585-1303739558562-bb0d767c5143c02b3f1039cae658c718",
                "thumb_80": "https:\/\/files.slack.com\/files-tmb\/TJH5YU202-F017D5BTZT3-bc3cb832fa\/grafik_80.png?t=xoxe-629202954002-1316365335585-1303739558562-bb0d767c5143c02b3f1039cae658c718",
                "thumb_360": "https:\/\/files.slack.com\/files-tmb\/TJH5YU202-F017D5BTZT3-bc3cb832fa\/grafik_360.png?t=xoxe-629202954002-1316365335585-1303739558562-bb0d767c5143c02b3f1039cae658c718",
                "thumb_360_w": 360,
                "thumb_360_h": 193,
                "thumb_480": "https:\/\/files.slack.com\/files-tmb\/TJH5YU202-F017D5BTZT3-bc3cb832fa\/grafik_480.png?t=xoxe-629202954002-1316365335585-1303739558562-bb0d767c5143c02b3f1039cae658c718",
                "thumb_480_w": 480,
                "thumb_480_h": 257,
                "thumb_160": "https:\/\/files.slack.com\/files-tmb\/TJH5YU202-F017D5BTZT3-bc3cb832fa\/grafik_160.png?t=xoxe-629202954002-1316365335585-1303739558562-bb0d767c5143c02b3f1039cae658c718",
                "thumb_720": "https:\/\/files.slack.com\/files-tmb\/TJH5YU202-F017D5BTZT3-bc3cb832fa\/grafik_720.png?t=xoxe-629202954002-1316365335585-1303739558562-bb0d767c5143c02b3f1039cae658c718",
                "thumb_720_w": 720,
                "thumb_720_h": 385,
                "thumb_800": "https:\/\/files.slack.com\/files-tmb\/TJH5YU202-F017D5BTZT3-bc3cb832fa\/grafik_800.png?t=xoxe-629202954002-1316365335585-1303739558562-bb0d767c5143c02b3f1039cae658c718",
                "thumb_800_w": 800,
                "thumb_800_h": 428,
                "thumb_960": "https:\/\/files.slack.com\/files-tmb\/TJH5YU202-F017D5BTZT3-bc3cb832fa\/grafik_960.png?t=xoxe-629202954002-1316365335585-1303739558562-bb0d767c5143c02b3f1039cae658c718",
                "thumb_960_w": 960,
                "thumb_960_h": 514,
                "thumb_1024": "https:\/\/files.slack.com\/files-tmb\/TJH5YU202-F017D5BTZT3-bc3cb832fa\/grafik_1024.png?t=xoxe-629202954002-1316365335585-1303739558562-bb0d767c5143c02b3f1039cae658c718",
                "thumb_1024_w": 1024,
                "thumb_1024_h": 548,
                "original_w": 1659,
                "original_h": 888,
                "thumb_tiny": "AwAZADDQOQ2AevvTQzY6j8xTnHI5\/nTcdef0NAC7m9R+YpysMDLDP1pnbr+hpef8qaAHgg9CKU9KaCBjg\/lTj0NACEA9QDRsX+6PyptFADti\/wB0flQMAccD6U2kPQ0AOLD1o3VFTqAP\/9k=",
                "permalink": "https:\/\/harbourproject.slack.com\/files\/UJHD6A81H\/F017D5BTZT3\/grafik.png",
                "permalink_public": "https:\/\/slack-files.com\/TJH5YU202-F017D5BTZT3-7038b85fc6",
                "is_starred": false,
                "has_rich_preview": false
            }
        ],
        "upload": false,
        "user": "UJHD6A81H",
        "display_as_bot": false,
        "ts": "1594664844.341800"
    },
    {
        "client_msg_id": "72861db2-ebfe-40d9-9281-ba0787da810a",
        "type": "message",
        "text": "I would't trust much on someone named Blow. :rolling_on_the_floor_laughing::rolling_on_the_floor_laughing::rolling_on_the_floor_laughing:",
        "user": "UM81W8B0Q",
        "ts": "1594665670.342900",
        "team": "TJH5YU202",
        "user_team": "TJH5YU202",
        "source_team": "TJH5YU202",
        "user_profile": {
            "avatar_hash": "gab9279ee8c0",
            "image_72": "https:\/\/secure.gravatar.com\/avatar\/73ab9279ee8c00f66ce4904d30146c8f.jpg?s=72&d=https%3A%2F%2Fa.slack-edge.com%2Fdf10d%2Fimg%2Favatars%2Fava_0010-72.png",
            "first_name": "",
            "real_name": "Angel Pais",
            "display_name": "Angel Pais",
            "team": "TJH5YU202",
            "name": "amigosam",
            "is_restricted": false,
            "is_ultra_restricted": false
        },
        "blocks": [
            {
                "type": "rich_text",
                "block_id": "NHmF=",
                "elements": [
                    {
                        "type": "rich_text_section",
                        "elements": [
                            {
                                "type": "text",
                                "text": "I would't trust much on someone named Blow. "
                            },
                            {
                                "type": "emoji",
                                "name": "rolling_on_the_floor_laughing"
                            },
                            {
                                "type": "emoji",
                                "name": "rolling_on_the_floor_laughing"
                            },
                            {
                                "type": "emoji",
                                "name": "rolling_on_the_floor_laughing"
                            }
                        ]
                    }
                ]
            }
        ]
    },
    {
        "client_msg_id": "7c60a22b-8060-4e2f-ab4c-d71334c87a6f",
        "type": "message",
        "text": "But I think he's right. Especially with us older programmers.",
        "user": "UJHD6A81H",
        "ts": "1594666635.343100",
        "team": "TJH5YU202",
        "user_team": "TJH5YU202",
        "source_team": "TJH5YU202",
        "user_profile": {
            "avatar_hash": "g6b8073e00e9",
            "image_72": "https:\/\/secure.gravatar.com\/avatar\/b96b8073e00e9eb02bcf05bc1418eb3a.jpg?s=72&d=https%3A%2F%2Fa.slack-edge.com%2Fdf10d%2Fimg%2Favatars%2Fava_0021-72.png",
            "first_name": "Otto",
            "real_name": "Otto Atzwanger",
            "display_name": "Otto",
            "team": "TJH5YU202",
            "name": "otto",
            "is_restricted": false,
            "is_ultra_restricted": false
        },
        "blocks": [
            {
                "type": "rich_text",
                "block_id": "qR5n",
                "elements": [
                    {
                        "type": "rich_text_section",
                        "elements": [
                            {
                                "type": "text",
                                "text": "But I think he's right. Especially with us older programmers."
                            }
                        ]
                    }
                ]
            }
        ]
    },
    {
        "client_msg_id": "a7159174-c2e0-4bbf-aaeb-76a43d5e61ac",
        "type": "message",
        "text": "and you have the magic formula for this... :slightly_smiling_face:",
        "user": "UJWR5N32S",
        "ts": "1594667071.343400",
        "team": "TJH5YU202",
        "user_team": "TJH5YU202",
        "source_team": "TJH5YU202",
        "user_profile": {
            "avatar_hash": "273d3745f7ae",
            "image_72": "https:\/\/avatars.slack-edge.com\/2019-05-20\/634344238497_273d3745f7ae1b176b82_72.jpg",
            "first_name": "Charly",
            "real_name": "Charly",
            "display_name": "Charly",
            "team": "TJH5YU202",
            "name": "carles9000",
            "is_restricted": false,
            "is_ultra_restricted": false
        },
        "blocks": [
            {
                "type": "rich_text",
                "block_id": "zs=z9",
                "elements": [
                    {
                        "type": "rich_text_section",
                        "elements": [
                            {
                                "type": "text",
                                "text": "and you have the magic formula for this... "
                            },
                            {
                                "type": "emoji",
                                "name": "slightly_smiling_face"
                            }
                        ]
                    }
                ]
            }
        ]
    },
    {
        "client_msg_id": "2ad366b3-095e-4ff1-ae3f-710ec906a27a",
        "type": "message",
        "text": "I am sorry - but no.",
        "user": "UJHD6A81H",
        "ts": "1594667269.343600",
        "team": "TJH5YU202",
        "user_team": "TJH5YU202",
        "source_team": "TJH5YU202",
        "user_profile": {
            "avatar_hash": "g6b8073e00e9",
            "image_72": "https:\/\/secure.gravatar.com\/avatar\/b96b8073e00e9eb02bcf05bc1418eb3a.jpg?s=72&d=https%3A%2F%2Fa.slack-edge.com%2Fdf10d%2Fimg%2Favatars%2Fava_0021-72.png",
            "first_name": "Otto",
            "real_name": "Otto Atzwanger",
            "display_name": "Otto",
            "team": "TJH5YU202",
            "name": "otto",
            "is_restricted": false,
            "is_ultra_restricted": false
        },
        "blocks": [
            {
                "type": "rich_text",
                "block_id": "t\/MJA",
                "elements": [
                    {
                        "type": "rich_text_section",
                        "elements": [
                            {
                                "type": "text",
                                "text": "I am sorry - but no."
                            }
                        ]
                    }
                ]
            }
        ]
    },
    {
        "client_msg_id": "ba979482-289f-4834-b5df-830fe2dc9d58",
        "type": "message",
        "text": "I'm currently plaguing myself with the event listeners.\nI then thought how much the TWeb programmers get from you.\nIt's a steep learning curve that you take away from developers with TWeb.",
        "user": "UJHD6A81H",
        "ts": "1594667426.344000",
        "team": "TJH5YU202",
        "user_team": "TJH5YU202",
        "source_team": "TJH5YU202",
        "user_profile": {
            "avatar_hash": "g6b8073e00e9",
            "image_72": "https:\/\/secure.gravatar.com\/avatar\/b96b8073e00e9eb02bcf05bc1418eb3a.jpg?s=72&d=https%3A%2F%2Fa.slack-edge.com%2Fdf10d%2Fimg%2Favatars%2Fava_0021-72.png",
            "first_name": "Otto",
            "real_name": "Otto Atzwanger",
            "display_name": "Otto",
            "team": "TJH5YU202",
            "name": "otto",
            "is_restricted": false,
            "is_ultra_restricted": false
        },
        "blocks": [
            {
                "type": "rich_text",
                "block_id": "=W9I",
                "elements": [
                    {
                        "type": "rich_text_section",
                        "elements": [
                            {
                                "type": "text",
                                "text": "I'm currently plaguing myself with the event listeners.\nI then thought how much the TWeb programmers get from you.\nIt's a steep learning curve that you take away from developers with TWeb."
                            }
                        ]
                    }
                ]
            }
        ]
    },
    {
        "client_msg_id": "fdd6cc73-afa9-402c-9175-7de9801b030a",
        "type": "message",
        "text": "In addition, you also have a structured source code.",
        "user": "UJHD6A81H",
        "ts": "1594667456.344200",
        "team": "TJH5YU202",
        "user_team": "TJH5YU202",
        "source_team": "TJH5YU202",
        "user_profile": {
            "avatar_hash": "g6b8073e00e9",
            "image_72": "https:\/\/secure.gravatar.com\/avatar\/b96b8073e00e9eb02bcf05bc1418eb3a.jpg?s=72&d=https%3A%2F%2Fa.slack-edge.com%2Fdf10d%2Fimg%2Favatars%2Fava_0021-72.png",
            "first_name": "Otto",
            "real_name": "Otto Atzwanger",
            "display_name": "Otto",
            "team": "TJH5YU202",
            "name": "otto",
            "is_restricted": false,
            "is_ultra_restricted": false
        },
        "blocks": [
            {
                "type": "rich_text",
                "block_id": "IvU",
                "elements": [
                    {
                        "type": "rich_text_section",
                        "elements": [
                            {
                                "type": "text",
                                "text": "In addition, you also have a structured source code."
                            }
                        ]
                    }
                ]
            }
        ]
    },
    {
        "client_msg_id": "e3b8c8fe-bc0f-4eb8-9648-b2f02371c28a",
        "type": "message",
        "text": "I learn a lot from your source code.",
        "user": "UJHD6A81H",
        "ts": "1594667481.344400",
        "team": "TJH5YU202",
        "user_team": "TJH5YU202",
        "source_team": "TJH5YU202",
        "user_profile": {
            "avatar_hash": "g6b8073e00e9",
            "image_72": "https:\/\/secure.gravatar.com\/avatar\/b96b8073e00e9eb02bcf05bc1418eb3a.jpg?s=72&d=https%3A%2F%2Fa.slack-edge.com%2Fdf10d%2Fimg%2Favatars%2Fava_0021-72.png",
            "first_name": "Otto",
            "real_name": "Otto Atzwanger",
            "display_name": "Otto",
            "team": "TJH5YU202",
            "name": "otto",
            "is_restricted": false,
            "is_ultra_restricted": false
        },
        "blocks": [
            {
                "type": "rich_text",
                "block_id": "u=bzM",
                "elements": [
                    {
                        "type": "rich_text_section",
                        "elements": [
                            {
                                "type": "text",
                                "text": "I learn a lot from your source code."
                            }
                        ]
                    }
                ]
            }
        ]
    },
    {
        "client_msg_id": "c255520a-4023-451e-8d66-a1e4ff5193b9",
        "type": "message",
        "text": "I'm glad you liked it.  First version Tweb for harbour with all the code is on the github.  You can add new options if you want :slightly_smiling_face:",
        "user": "UJWR5N32S",
        "ts": "1594668512.345300",
        "team": "TJH5YU202",
        "user_team": "TJH5YU202",
        "source_team": "TJH5YU202",
        "user_profile": {
            "avatar_hash": "273d3745f7ae",
            "image_72": "https:\/\/avatars.slack-edge.com\/2019-05-20\/634344238497_273d3745f7ae1b176b82_72.jpg",
            "first_name": "Charly",
            "real_name": "Charly",
            "display_name": "Charly",
            "team": "TJH5YU202",
            "name": "carles9000",
            "is_restricted": false,
            "is_ultra_restricted": false
        },
        "blocks": [
            {
                "type": "rich_text",
                "block_id": "KIDbq",
                "elements": [
                    {
                        "type": "rich_text_section",
                        "elements": [
                            {
                                "type": "text",
                                "text": "I'm glad you liked it.  First version Tweb for harbour with all the code is on the github.  You can add new options if you want "
                            },
                            {
                                "type": "emoji",
                                "name": "slightly_smiling_face"
                            }
                        ]
                    }
                ]
            }
        ]
    },
    {
        "client_msg_id": "e22de887-1948-4b62-a92d-effc36e7fe46",
        "type": "message",
        "text": "Thank you and thank you for your work.",
        "user": "UJHD6A81H",
        "ts": "1594668738.345700",
        "team": "TJH5YU202",
        "user_team": "TJH5YU202",
        "source_team": "TJH5YU202",
        "user_profile": {
            "avatar_hash": "g6b8073e00e9",
            "image_72": "https:\/\/secure.gravatar.com\/avatar\/b96b8073e00e9eb02bcf05bc1418eb3a.jpg?s=72&d=https%3A%2F%2Fa.slack-edge.com%2Fdf10d%2Fimg%2Favatars%2Fava_0021-72.png",
            "first_name": "Otto",
            "real_name": "Otto Atzwanger",
            "display_name": "Otto",
            "team": "TJH5YU202",
            "name": "otto",
            "is_restricted": false,
            "is_ultra_restricted": false
        },
        "blocks": [
            {
                "type": "rich_text",
                "block_id": "spop",
                "elements": [
                    {
                        "type": "rich_text_section",
                        "elements": [
                            {
                                "type": "text",
                                "text": "Thank you and thank you for your work."
                            }
                        ]
                    }
                ]
            }
        ]
    },
    {
        "client_msg_id": "8018d9c0-6fa2-4251-8d2c-251bc338f810",
        "type": "message",
        "text": "This year a lot of work has been done and I think we are on the right way.  I try to open a way, but it is not the only one.  My way is very hard and I know that the old harbour programmers will have a hard time.  The most important thing is that they can choose and try, but ... the magic formula does not exist, but everyone would use it.  Creating a good web program, safe, reliable, scalable, ... is not easy, although we try little by little to advance to get a good system, but years or a long time of your life you will have to invest to get control of this monster of the web  .  to say the opposite is to lie I think ... but I insist, we are doing well and we will succeed :slightly_smiling_face: :muscle:",
        "user": "UJWR5N32S",
        "ts": "1594669826.346300",
        "team": "TJH5YU202",
        "user_team": "TJH5YU202",
        "source_team": "TJH5YU202",
        "user_profile": {
            "avatar_hash": "273d3745f7ae",
            "image_72": "https:\/\/avatars.slack-edge.com\/2019-05-20\/634344238497_273d3745f7ae1b176b82_72.jpg",
            "first_name": "Charly",
            "real_name": "Charly",
            "display_name": "Charly",
            "team": "TJH5YU202",
            "name": "carles9000",
            "is_restricted": false,
            "is_ultra_restricted": false
        },
        "blocks": [
            {
                "type": "rich_text",
                "block_id": "1ZGC",
                "elements": [
                    {
                        "type": "rich_text_section",
                        "elements": [
                            {
                                "type": "text",
                                "text": "This year a lot of work has been done and I think we are on the right way.  I try to open a way, but it is not the only one.  My way is very hard and I know that the old harbour programmers will have a hard time.  The most important thing is that they can choose and try, but ... the magic formula does not exist, but everyone would use it.  Creating a good web program, safe, reliable, scalable, ... is not easy, although we try little by little to advance to get a good system, but years or a long time of your life you will have to invest to get control of this monster of the web  .  to say the opposite is to lie I think ... but I insist, we are doing well and we will succeed "
                            },
                            {
                                "type": "emoji",
                                "name": "slightly_smiling_face"
                            },
                            {
                                "type": "text",
                                "text": " "
                            },
                            {
                                "type": "emoji",
                                "name": "muscle"
                            }
                        ]
                    }
                ]
            }
        ]
    },
    {
        "client_msg_id": "351acaa8-973a-430f-9072-3d16cd624f38",
        "type": "message",
        "text": "ahora cantamelo en spanish :scream:",
        "user": "UK28N3CER",
        "ts": "1594670156.346700",
        "team": "TJH5YU202",
        "user_team": "TJH5YU202",
        "source_team": "TJH5YU202",
        "user_profile": {
            "avatar_hash": "0eafa7153ff3",
            "image_72": "https:\/\/avatars.slack-edge.com\/2020-05-18\/1155120542496_0eafa7153ff35206c804_72.jpg",
            "first_name": "Cesar",
            "real_name": "Cesar SysCtrl Software",
            "display_name": "Cesar SysCtrl Software",
            "team": "TJH5YU202",
            "name": "sysctrlsoftware",
            "is_restricted": false,
            "is_ultra_restricted": false
        },
        "blocks": [
            {
                "type": "rich_text",
                "block_id": "bmyg8",
                "elements": [
                    {
                        "type": "rich_text_section",
                        "elements": [
                            {
                                "type": "text",
                                "text": "ahora cantamelo en spanish "
                            },
                            {
                                "type": "emoji",
                                "name": "scream"
                            }
                        ]
                    }
                ]
            }
        ]
    },
    {
        "client_msg_id": "0e560664-72b3-4ac4-bef0-421cd10877e8",
        "type": "message",
        "text": "Que vamos bien...",
        "user": "UJWR5N32S",
        "ts": "1594670299.347100",
        "team": "TJH5YU202",
        "user_team": "TJH5YU202",
        "source_team": "TJH5YU202",
        "user_profile": {
            "avatar_hash": "273d3745f7ae",
            "image_72": "https:\/\/avatars.slack-edge.com\/2019-05-20\/634344238497_273d3745f7ae1b176b82_72.jpg",
            "first_name": "Charly",
            "real_name": "Charly",
            "display_name": "Charly",
            "team": "TJH5YU202",
            "name": "carles9000",
            "is_restricted": false,
            "is_ultra_restricted": false
        },
        "blocks": [
            {
                "type": "rich_text",
                "block_id": "pxB",
                "elements": [
                    {
                        "type": "rich_text_section",
                        "elements": [
                            {
                                "type": "text",
                                "text": "Que vamos bien..."
                            }
                        ]
                    }
                ]
            }
        ]
    },
    {
        "client_msg_id": "206002f0-d9a9-472b-a1f3-07b0719a9860",
        "type": "message",
        "text": "QUe poder de resumen !",
        "user": "UM81W8B0Q",
        "ts": "1594670423.347400",
        "team": "TJH5YU202",
        "user_team": "TJH5YU202",
        "source_team": "TJH5YU202",
        "user_profile": {
            "avatar_hash": "gab9279ee8c0",
            "image_72": "https:\/\/secure.gravatar.com\/avatar\/73ab9279ee8c00f66ce4904d30146c8f.jpg?s=72&d=https%3A%2F%2Fa.slack-edge.com%2Fdf10d%2Fimg%2Favatars%2Fava_0010-72.png",
            "first_name": "",
            "real_name": "Angel Pais",
            "display_name": "Angel Pais",
            "team": "TJH5YU202",
            "name": "amigosam",
            "is_restricted": false,
            "is_ultra_restricted": false
        },
        "blocks": [
            {
                "type": "rich_text",
                "block_id": "kUt",
                "elements": [
                    {
                        "type": "rich_text_section",
                        "elements": [
                            {
                                "type": "text",
                                "text": "QUe poder de resumen !"
                            }
                        ]
                    }
                ]
            }
        ]
    },
    {
        "client_msg_id": "86aa025e-9d6b-48ee-abd5-26b9352aa8b5",
        "type": "message",
        "text": "But here we are in the English section.",
        "user": "UJHD6A81H",
        "ts": "1594670440.347800",
        "team": "TJH5YU202",
        "user_team": "TJH5YU202",
        "source_team": "TJH5YU202",
        "user_profile": {
            "avatar_hash": "g6b8073e00e9",
            "image_72": "https:\/\/secure.gravatar.com\/avatar\/b96b8073e00e9eb02bcf05bc1418eb3a.jpg?s=72&d=https%3A%2F%2Fa.slack-edge.com%2Fdf10d%2Fimg%2Favatars%2Fava_0021-72.png",
            "first_name": "Otto",
            "real_name": "Otto Atzwanger",
            "display_name": "Otto",
            "team": "TJH5YU202",
            "name": "otto",
            "is_restricted": false,
            "is_ultra_restricted": false
        },
        "blocks": [
            {
                "type": "rich_text",
                "block_id": "G3M",
                "elements": [
                    {
                        "type": "rich_text_section",
                        "elements": [
                            {
                                "type": "text",
                                "text": "But here we are in the English section."
                            }
                        ]
                    }
                ]
            }
        ]
    },
    {
        "client_msg_id": "31873646-d4cc-47f9-bb89-175de6b3b188",
        "type": "message",
        "text": "Hahaha",
        "user": "UJWR5N32S",
        "ts": "1594670457.348100",
        "team": "TJH5YU202",
        "user_team": "TJH5YU202",
        "source_team": "TJH5YU202",
        "user_profile": {
            "avatar_hash": "273d3745f7ae",
            "image_72": "https:\/\/avatars.slack-edge.com\/2019-05-20\/634344238497_273d3745f7ae1b176b82_72.jpg",
            "first_name": "Charly",
            "real_name": "Charly",
            "display_name": "Charly",
            "team": "TJH5YU202",
            "name": "carles9000",
            "is_restricted": false,
            "is_ultra_restricted": false
        },
        "blocks": [
            {
                "type": "rich_text",
                "block_id": "4EbJ5",
                "elements": [
                    {
                        "type": "rich_text_section",
                        "elements": [
                            {
                                "type": "text",
                                "text": "Hahaha"
                            }
                        ]
                    }
                ]
            }
        ]
    },
    {
        "client_msg_id": "e7a1e596-8f88-4268-9acf-d859457b2973",
        "type": "message",
        "text": "I think it makes a difference what kind of program you want to do.\nIf it is just a landing page with content from a database, then I think it can also be done with less structured code.\nOn the other hand, if you want to do the right thing: billing, bookkeeping or a web shop, you need good tools.",
        "user": "UJHD6A81H",
        "ts": "1594670475.348300",
        "team": "TJH5YU202",
        "user_team": "TJH5YU202",
        "source_team": "TJH5YU202",
        "user_profile": {
            "avatar_hash": "g6b8073e00e9",
            "image_72": "https:\/\/secure.gravatar.com\/avatar\/b96b8073e00e9eb02bcf05bc1418eb3a.jpg?s=72&d=https%3A%2F%2Fa.slack-edge.com%2Fdf10d%2Fimg%2Favatars%2Fava_0021-72.png",
            "first_name": "Otto",
            "real_name": "Otto Atzwanger",
            "display_name": "Otto",
            "team": "TJH5YU202",
            "name": "otto",
            "is_restricted": false,
            "is_ultra_restricted": false
        },
        "blocks": [
            {
                "type": "rich_text",
                "block_id": "9Fo",
                "elements": [
                    {
                        "type": "rich_text_section",
                        "elements": [
                            {
                                "type": "text",
                                "text": "I think it makes a difference what kind of program you want to do.\nIf it is just a landing page with content from a database, then I think it can also be done with less structured code.\nOn the other hand, if you want to do the right thing: billing, bookkeeping or a web shop, you need good tools."
                            }
                        ]
                    }
                ]
            }
        ]
    },
    {
        "client_msg_id": "35d1e739-f079-4981-aa6c-60dc87b13f64",
        "type": "message",
        "text": "ok Otto",
        "user": "UK28N3CER",
        "ts": "1594670712.348600",
        "team": "TJH5YU202",
        "user_team": "TJH5YU202",
        "source_team": "TJH5YU202",
        "user_profile": {
            "avatar_hash": "0eafa7153ff3",
            "image_72": "https:\/\/avatars.slack-edge.com\/2020-05-18\/1155120542496_0eafa7153ff35206c804_72.jpg",
            "first_name": "Cesar",
            "real_name": "Cesar SysCtrl Software",
            "display_name": "Cesar SysCtrl Software",
            "team": "TJH5YU202",
            "name": "sysctrlsoftware",
            "is_restricted": false,
            "is_ultra_restricted": false
        },
        "blocks": [
            {
                "type": "rich_text",
                "block_id": "SF7",
                "elements": [
                    {
                        "type": "rich_text_section",
                        "elements": [
                            {
                                "type": "text",
                                "text": "ok Otto"
                            }
                        ]
                    }
                ]
            }
        ]
    },
    {
        "client_msg_id": "8020d7d2-f88e-4097-bcc6-d465de05b2c6",
        "type": "message",
        "text": "Of course, the great magic of harbour is that you can use it in many ways.  But ... no matter how simple you make a program, if you want to do it well you need to know how to do it correctly.  Of course you can do it in other ways, but time and experience have taught me that it is important for me to have a well-structured system, however simple it may be.  If you only want to make a simple page, it is clear that it is not necessary to invest so much effort.  But I always think about how to create business applications, and this involves programming technique and ... effort to learn this.  Young people today spend years learning all this, do you think that we Harbourians are smarter?  I don `t believe...",
        "user": "UJWR5N32S",
        "ts": "1594671469.349400",
        "team": "TJH5YU202",
        "user_team": "TJH5YU202",
        "source_team": "TJH5YU202",
        "user_profile": {
            "avatar_hash": "273d3745f7ae",
            "image_72": "https:\/\/avatars.slack-edge.com\/2019-05-20\/634344238497_273d3745f7ae1b176b82_72.jpg",
            "first_name": "Charly",
            "real_name": "Charly",
            "display_name": "Charly",
            "team": "TJH5YU202",
            "name": "carles9000",
            "is_restricted": false,
            "is_ultra_restricted": false
        },
        "blocks": [
            {
                "type": "rich_text",
                "block_id": "4H0\/",
                "elements": [
                    {
                        "type": "rich_text_section",
                        "elements": [
                            {
                                "type": "text",
                                "text": "Of course, the great magic of harbour is that you can use it in many ways.  But ... no matter how simple you make a program, if you want to do it well you need to know how to do it correctly.  Of course you can do it in other ways, but time and experience have taught me that it is important for me to have a well-structured system, however simple it may be.  If you only want to make a simple page, it is clear that it is not necessary to invest so much effort.  But I always think about how to create business applications, and this involves programming technique and ... effort to learn this.  Young people today spend years learning all this, do you think that we Harbourians are smarter?  I don `t believe..."
                            }
                        ]
                    }
                ]
            }
        ]
    },
    {
        "client_msg_id": "217c9635-5498-4bce-a39b-b0cf14362f0d",
        "type": "message",
        "text": "I have seen with 2 users in this course, a young guy and another with web and mvc experience, who have quickly learned to use mercury and for me it means that the tool works.  Now little by little I am encapsulating it more so that it is easier to use it with the prepro, and I am going to try to make it increasingly friendly.  To get here, you must first create the system.  Now I can try to create commands that encapsulate the system.  and be easier for the harbourianos, the others enter easily. Srep by steep :slightly_smiling_face:",
        "user": "UJWR5N32S",
        "ts": "1594671762.349900",
        "team": "TJH5YU202",
        "user_team": "TJH5YU202",
        "source_team": "TJH5YU202",
        "user_profile": {
            "avatar_hash": "273d3745f7ae",
            "image_72": "https:\/\/avatars.slack-edge.com\/2019-05-20\/634344238497_273d3745f7ae1b176b82_72.jpg",
            "first_name": "Charly",
            "real_name": "Charly",
            "display_name": "Charly",
            "team": "TJH5YU202",
            "name": "carles9000",
            "is_restricted": false,
            "is_ultra_restricted": false
        },
        "blocks": [
            {
                "type": "rich_text",
                "block_id": "jso",
                "elements": [
                    {
                        "type": "rich_text_section",
                        "elements": [
                            {
                                "type": "text",
                                "text": "I have seen with 2 users in this course, a young guy and another with web and mvc experience, who have quickly learned to use mercury and for me it means that the tool works.  Now little by little I am encapsulating it more so that it is easier to use it with the prepro, and I am going to try to make it increasingly friendly.  To get here, you must first create the system.  Now I can try to create commands that encapsulate the system.  and be easier for the harbourianos, the others enter easily. Srep by steep "
                            },
                            {
                                "type": "emoji",
                                "name": "slightly_smiling_face"
                            }
                        ]
                    }
                ]
            }
        ],
        "reactions": [
            {
                "name": "+1",
                "users": [
                    "UJUJLTWMT"
                ],
                "count": 1
            },
            {
                "name": "clap",
                "users": [
                    "U015CUP1T5Z"
                ],
                "count": 1
            }
        ]
    },
    {
        "client_msg_id": "7f102907-5fb1-4146-ac45-a56a5b3f750c",
        "type": "message",
        "text": "I think evolving encapsulating it more is definitely the right way and providing design blocks.",
        "user": "UJHD6A81H",
        "ts": "1594672273.350900",
        "team": "TJH5YU202",
        "user_team": "TJH5YU202",
        "source_team": "TJH5YU202",
        "user_profile": {
            "avatar_hash": "g6b8073e00e9",
            "image_72": "https:\/\/secure.gravatar.com\/avatar\/b96b8073e00e9eb02bcf05bc1418eb3a.jpg?s=72&d=https%3A%2F%2Fa.slack-edge.com%2Fdf10d%2Fimg%2Favatars%2Fava_0021-72.png",
            "first_name": "Otto",
            "real_name": "Otto Atzwanger",
            "display_name": "Otto",
            "team": "TJH5YU202",
            "name": "otto",
            "is_restricted": false,
            "is_ultra_restricted": false
        },
        "blocks": [
            {
                "type": "rich_text",
                "block_id": "gmYe",
                "elements": [
                    {
                        "type": "rich_text_section",
                        "elements": [
                            {
                                "type": "text",
                                "text": "I think evolving encapsulating it more is definitely the right way and providing design blocks."
                            }
                        ]
                    }
                ]
            }
        ]
    }
]