[
    {
        "client_msg_id": "DF8A3755-3D61-46B3-B6FC-8F093739BBA5",
        "type": "message",
        "text": "Mod Harbour and Mercury course in English is out now! :pray:\nHope you guys enjoy it!\n\n<https:\/\/groups.google.com\/u\/2\/g\/modharbour\/c\/OEdCGJRklPk|https:\/\/groups.google.com\/u\/2\/g\/modharbour\/c\/OEdCGJRklPk>",
        "user": "U015CUP1T5Z",
        "ts": "1597461291.035600",
        "team": "TJH5YU202",
        "user_team": "TJH5YU202",
        "source_team": "TJH5YU202",
        "user_profile": {
            "avatar_hash": "2d5981129913",
            "image_72": "https:\/\/avatars.slack-edge.com\/2020-06-14\/1183376598323_2d5981129913ee85447d_72.jpg",
            "first_name": "ricardo",
            "real_name": "ricardo arraes",
            "display_name": "ricardo arraes",
            "team": "TJH5YU202",
            "name": "ricardo",
            "is_restricted": false,
            "is_ultra_restricted": false
        },
        "blocks": [
            {
                "type": "rich_text",
                "block_id": "dMtF",
                "elements": [
                    {
                        "type": "rich_text_section",
                        "elements": [
                            {
                                "type": "text",
                                "text": "Mod Harbour and Mercury course in English is out now! "
                            },
                            {
                                "type": "emoji",
                                "name": "pray"
                            },
                            {
                                "type": "text",
                                "text": "\nHope you guys enjoy it!\n\n"
                            },
                            {
                                "type": "link",
                                "url": "https:\/\/groups.google.com\/u\/2\/g\/modharbour\/c\/OEdCGJRklPk",
                                "text": "https:\/\/groups.google.com\/u\/2\/g\/modharbour\/c\/OEdCGJRklPk"
                            }
                        ]
                    }
                ]
            }
        ]
    }
]