[
    {
        "type": "message",
        "text": "",
        "files": [
            {
                "id": "F015ZR86GDD",
                "created": 1593673651,
                "timestamp": 1593673651,
                "name": "grafik.png",
                "title": "grafik.png",
                "mimetype": "image\/png",
                "filetype": "png",
                "pretty_type": "PNG",
                "user": "UJHD6A81H",
                "editable": false,
                "size": 13241,
                "mode": "hosted",
                "is_external": false,
                "external_type": "",
                "is_public": true,
                "public_url_shared": false,
                "display_as_bot": false,
                "username": "",
                "url_private": "https:\/\/files.slack.com\/files-pri\/TJH5YU202-F015ZR86GDD\/grafik.png?t=xoxe-629202954002-1316365335585-1303739558562-bb0d767c5143c02b3f1039cae658c718",
                "url_private_download": "https:\/\/files.slack.com\/files-pri\/TJH5YU202-F015ZR86GDD\/download\/grafik.png?t=xoxe-629202954002-1316365335585-1303739558562-bb0d767c5143c02b3f1039cae658c718",
                "thumb_64": "https:\/\/files.slack.com\/files-tmb\/TJH5YU202-F015ZR86GDD-e1b186ab0d\/grafik_64.png?t=xoxe-629202954002-1316365335585-1303739558562-bb0d767c5143c02b3f1039cae658c718",
                "thumb_80": "https:\/\/files.slack.com\/files-tmb\/TJH5YU202-F015ZR86GDD-e1b186ab0d\/grafik_80.png?t=xoxe-629202954002-1316365335585-1303739558562-bb0d767c5143c02b3f1039cae658c718",
                "thumb_360": "https:\/\/files.slack.com\/files-tmb\/TJH5YU202-F015ZR86GDD-e1b186ab0d\/grafik_360.png?t=xoxe-629202954002-1316365335585-1303739558562-bb0d767c5143c02b3f1039cae658c718",
                "thumb_360_w": 290,
                "thumb_360_h": 360,
                "thumb_480": "https:\/\/files.slack.com\/files-tmb\/TJH5YU202-F015ZR86GDD-e1b186ab0d\/grafik_480.png?t=xoxe-629202954002-1316365335585-1303739558562-bb0d767c5143c02b3f1039cae658c718",
                "thumb_480_w": 386,
                "thumb_480_h": 480,
                "thumb_160": "https:\/\/files.slack.com\/files-tmb\/TJH5YU202-F015ZR86GDD-e1b186ab0d\/grafik_160.png?t=xoxe-629202954002-1316365335585-1303739558562-bb0d767c5143c02b3f1039cae658c718",
                "original_w": 502,
                "original_h": 624,
                "thumb_tiny": "AwAwACbTooooAaQSeGIpRwOuaM+xpaAGSHgYNR5Pqakl6Co6AJj9aWjmigBB9c0tQB5sjMYxmp6BJ3GS9BUdSS9BUdAybv3ozRuHqKN6+ooAAMetLSb19RRuX1FADZegqOnuQ3A5pmD6UAf\/2Q==",
                "permalink": "https:\/\/harbourproject.slack.com\/files\/UJHD6A81H\/F015ZR86GDD\/grafik.png",
                "permalink_public": "https:\/\/slack-files.com\/TJH5YU202-F015ZR86GDD-bfbfb767a4",
                "is_starred": false,
                "has_rich_preview": false
            }
        ],
        "upload": false,
        "user": "UJHD6A81H",
        "display_as_bot": false,
        "ts": "1593673654.333000"
    },
    {
        "type": "message",
        "text": "",
        "files": [
            {
                "id": "F016D6P3H1B",
                "created": 1593673823,
                "timestamp": 1593673823,
                "name": "grafik.png",
                "title": "grafik.png",
                "mimetype": "image\/png",
                "filetype": "png",
                "pretty_type": "PNG",
                "user": "UJHD6A81H",
                "editable": false,
                "size": 35638,
                "mode": "hosted",
                "is_external": false,
                "external_type": "",
                "is_public": true,
                "public_url_shared": false,
                "display_as_bot": false,
                "username": "",
                "url_private": "https:\/\/files.slack.com\/files-pri\/TJH5YU202-F016D6P3H1B\/grafik.png?t=xoxe-629202954002-1316365335585-1303739558562-bb0d767c5143c02b3f1039cae658c718",
                "url_private_download": "https:\/\/files.slack.com\/files-pri\/TJH5YU202-F016D6P3H1B\/download\/grafik.png?t=xoxe-629202954002-1316365335585-1303739558562-bb0d767c5143c02b3f1039cae658c718",
                "thumb_64": "https:\/\/files.slack.com\/files-tmb\/TJH5YU202-F016D6P3H1B-99b667d1a2\/grafik_64.png?t=xoxe-629202954002-1316365335585-1303739558562-bb0d767c5143c02b3f1039cae658c718",
                "thumb_80": "https:\/\/files.slack.com\/files-tmb\/TJH5YU202-F016D6P3H1B-99b667d1a2\/grafik_80.png?t=xoxe-629202954002-1316365335585-1303739558562-bb0d767c5143c02b3f1039cae658c718",
                "thumb_360": "https:\/\/files.slack.com\/files-tmb\/TJH5YU202-F016D6P3H1B-99b667d1a2\/grafik_360.png?t=xoxe-629202954002-1316365335585-1303739558562-bb0d767c5143c02b3f1039cae658c718",
                "thumb_360_w": 360,
                "thumb_360_h": 238,
                "thumb_480": "https:\/\/files.slack.com\/files-tmb\/TJH5YU202-F016D6P3H1B-99b667d1a2\/grafik_480.png?t=xoxe-629202954002-1316365335585-1303739558562-bb0d767c5143c02b3f1039cae658c718",
                "thumb_480_w": 480,
                "thumb_480_h": 317,
                "thumb_160": "https:\/\/files.slack.com\/files-tmb\/TJH5YU202-F016D6P3H1B-99b667d1a2\/grafik_160.png?t=xoxe-629202954002-1316365335585-1303739558562-bb0d767c5143c02b3f1039cae658c718",
                "thumb_720": "https:\/\/files.slack.com\/files-tmb\/TJH5YU202-F016D6P3H1B-99b667d1a2\/grafik_720.png?t=xoxe-629202954002-1316365335585-1303739558562-bb0d767c5143c02b3f1039cae658c718",
                "thumb_720_w": 720,
                "thumb_720_h": 476,
                "thumb_800": "https:\/\/files.slack.com\/files-tmb\/TJH5YU202-F016D6P3H1B-99b667d1a2\/grafik_800.png?t=xoxe-629202954002-1316365335585-1303739558562-bb0d767c5143c02b3f1039cae658c718",
                "thumb_800_w": 800,
                "thumb_800_h": 528,
                "thumb_960": "https:\/\/files.slack.com\/files-tmb\/TJH5YU202-F016D6P3H1B-99b667d1a2\/grafik_960.png?t=xoxe-629202954002-1316365335585-1303739558562-bb0d767c5143c02b3f1039cae658c718",
                "thumb_960_w": 960,
                "thumb_960_h": 634,
                "original_w": 978,
                "original_h": 646,
                "thumb_tiny": "AwAfADCmSw703J9aXPrRigBMmkpcUYNACU6P\/WL9RSYpY\/8AWL9RQAnenYyOad5Emfu\/qKXyJMYx+tADNopMD3p\/ky+n6ijypf7v6igBhAx3oj\/1i\/UU\/wAmX+7+opUik3rle47igD\/\/2Q==",
                "permalink": "https:\/\/harbourproject.slack.com\/files\/UJHD6A81H\/F016D6P3H1B\/grafik.png",
                "permalink_public": "https:\/\/slack-files.com\/TJH5YU202-F016D6P3H1B-8bf6f8769f",
                "is_starred": false,
                "has_rich_preview": false
            }
        ],
        "upload": false,
        "user": "UJHD6A81H",
        "display_as_bot": false,
        "ts": "1593673825.333300"
    },
    {
        "type": "message",
        "text": "",
        "files": [
            {
                "id": "F016FDRU603",
                "created": 1593695464,
                "timestamp": 1593695464,
                "name": "grafik.png",
                "title": "grafik.png",
                "mimetype": "image\/png",
                "filetype": "png",
                "pretty_type": "PNG",
                "user": "UJHD6A81H",
                "editable": false,
                "size": 1142045,
                "mode": "hosted",
                "is_external": false,
                "external_type": "",
                "is_public": true,
                "public_url_shared": false,
                "display_as_bot": false,
                "username": "",
                "url_private": "https:\/\/files.slack.com\/files-pri\/TJH5YU202-F016FDRU603\/grafik.png?t=xoxe-629202954002-1316365335585-1303739558562-bb0d767c5143c02b3f1039cae658c718",
                "url_private_download": "https:\/\/files.slack.com\/files-pri\/TJH5YU202-F016FDRU603\/download\/grafik.png?t=xoxe-629202954002-1316365335585-1303739558562-bb0d767c5143c02b3f1039cae658c718",
                "thumb_64": "https:\/\/files.slack.com\/files-tmb\/TJH5YU202-F016FDRU603-610372a8bf\/grafik_64.png?t=xoxe-629202954002-1316365335585-1303739558562-bb0d767c5143c02b3f1039cae658c718",
                "thumb_80": "https:\/\/files.slack.com\/files-tmb\/TJH5YU202-F016FDRU603-610372a8bf\/grafik_80.png?t=xoxe-629202954002-1316365335585-1303739558562-bb0d767c5143c02b3f1039cae658c718",
                "thumb_360": "https:\/\/files.slack.com\/files-tmb\/TJH5YU202-F016FDRU603-610372a8bf\/grafik_360.png?t=xoxe-629202954002-1316365335585-1303739558562-bb0d767c5143c02b3f1039cae658c718",
                "thumb_360_w": 186,
                "thumb_360_h": 360,
                "thumb_480": "https:\/\/files.slack.com\/files-tmb\/TJH5YU202-F016FDRU603-610372a8bf\/grafik_480.png?t=xoxe-629202954002-1316365335585-1303739558562-bb0d767c5143c02b3f1039cae658c718",
                "thumb_480_w": 248,
                "thumb_480_h": 480,
                "thumb_160": "https:\/\/files.slack.com\/files-tmb\/TJH5YU202-F016FDRU603-610372a8bf\/grafik_160.png?t=xoxe-629202954002-1316365335585-1303739558562-bb0d767c5143c02b3f1039cae658c718",
                "thumb_720": "https:\/\/files.slack.com\/files-tmb\/TJH5YU202-F016FDRU603-610372a8bf\/grafik_720.png?t=xoxe-629202954002-1316365335585-1303739558562-bb0d767c5143c02b3f1039cae658c718",
                "thumb_720_w": 372,
                "thumb_720_h": 720,
                "thumb_800": "https:\/\/files.slack.com\/files-tmb\/TJH5YU202-F016FDRU603-610372a8bf\/grafik_800.png?t=xoxe-629202954002-1316365335585-1303739558562-bb0d767c5143c02b3f1039cae658c718",
                "thumb_800_w": 413,
                "thumb_800_h": 800,
                "original_w": 445,
                "original_h": 861,
                "thumb_tiny": "AwAwABivEcSqUGT6ZqRpWBVTjcTxjpTEwpdu46U63QSEktg5pDsShtykHg5HGPenbakkXbxkHkdKMUCZm561NbcMDxzUHrVi3AOPpQy4ls8hfdqdTCMbAfX+lPoRMtzMkHJx2qe1XewGRx1qN4y\/SkiaRHwFYNSd2tBp2L7D5lHuadio1z+7DdcHNSU0Sz\/\/2Q==",
                "permalink": "https:\/\/harbourproject.slack.com\/files\/UJHD6A81H\/F016FDRU603\/grafik.png",
                "permalink_public": "https:\/\/slack-files.com\/TJH5YU202-F016FDRU603-e8cb42f273",
                "is_starred": false,
                "has_rich_preview": false
            }
        ],
        "upload": false,
        "user": "UJHD6A81H",
        "display_as_bot": false,
        "ts": "1593695467.333700"
    },
    {
        "type": "message",
        "text": "",
        "files": [
            {
                "id": "F016DRY16G5",
                "created": 1593695485,
                "timestamp": 1593695485,
                "name": "grafik.png",
                "title": "grafik.png",
                "mimetype": "image\/png",
                "filetype": "png",
                "pretty_type": "PNG",
                "user": "UJHD6A81H",
                "editable": false,
                "size": 55546,
                "mode": "hosted",
                "is_external": false,
                "external_type": "",
                "is_public": true,
                "public_url_shared": false,
                "display_as_bot": false,
                "username": "",
                "url_private": "https:\/\/files.slack.com\/files-pri\/TJH5YU202-F016DRY16G5\/grafik.png?t=xoxe-629202954002-1316365335585-1303739558562-bb0d767c5143c02b3f1039cae658c718",
                "url_private_download": "https:\/\/files.slack.com\/files-pri\/TJH5YU202-F016DRY16G5\/download\/grafik.png?t=xoxe-629202954002-1316365335585-1303739558562-bb0d767c5143c02b3f1039cae658c718",
                "thumb_64": "https:\/\/files.slack.com\/files-tmb\/TJH5YU202-F016DRY16G5-b066e42a78\/grafik_64.png?t=xoxe-629202954002-1316365335585-1303739558562-bb0d767c5143c02b3f1039cae658c718",
                "thumb_80": "https:\/\/files.slack.com\/files-tmb\/TJH5YU202-F016DRY16G5-b066e42a78\/grafik_80.png?t=xoxe-629202954002-1316365335585-1303739558562-bb0d767c5143c02b3f1039cae658c718",
                "thumb_360": "https:\/\/files.slack.com\/files-tmb\/TJH5YU202-F016DRY16G5-b066e42a78\/grafik_360.png?t=xoxe-629202954002-1316365335585-1303739558562-bb0d767c5143c02b3f1039cae658c718",
                "thumb_360_w": 318,
                "thumb_360_h": 360,
                "thumb_480": "https:\/\/files.slack.com\/files-tmb\/TJH5YU202-F016DRY16G5-b066e42a78\/grafik_480.png?t=xoxe-629202954002-1316365335585-1303739558562-bb0d767c5143c02b3f1039cae658c718",
                "thumb_480_w": 424,
                "thumb_480_h": 480,
                "thumb_160": "https:\/\/files.slack.com\/files-tmb\/TJH5YU202-F016DRY16G5-b066e42a78\/grafik_160.png?t=xoxe-629202954002-1316365335585-1303739558562-bb0d767c5143c02b3f1039cae658c718",
                "original_w": 479,
                "original_h": 542,
                "thumb_tiny": "AwAwACrSxSMQvU4p1Nc4WgBN6\/3hSghuhzTQ+fSnqc0AGKMUtFABTXBYYFOpHbajNjOBmgCMKR3FPQEdarfaj\/zyH51Yhk8xNxGOelU4tbkqSY+iiipKCq8qTmQlGwvbmrFFNOwmrlTy7n++f++qUR3GRl+P96rVFVzi5QoooqCj\/9k=",
                "permalink": "https:\/\/harbourproject.slack.com\/files\/UJHD6A81H\/F016DRY16G5\/grafik.png",
                "permalink_public": "https:\/\/slack-files.com\/TJH5YU202-F016DRY16G5-0f50681f42",
                "is_starred": false,
                "has_rich_preview": false
            }
        ],
        "upload": false,
        "user": "UJHD6A81H",
        "display_as_bot": false,
        "ts": "1593695487.334000"
    }
]