[
    {
        "client_msg_id": "17cb9848-0f54-4bcd-84cd-661f520db361",
        "type": "message",
        "text": "In parallel to product development, I'm building a landing page for myQuickInfo with mod harbor.\nWe use mod harbourPress to edit the content.",
        "user": "UJHD6A81H",
        "ts": "1593073784.212900",
        "team": "TJH5YU202",
        "user_team": "TJH5YU202",
        "source_team": "TJH5YU202",
        "user_profile": {
            "avatar_hash": "g6b8073e00e9",
            "image_72": "https:\/\/secure.gravatar.com\/avatar\/b96b8073e00e9eb02bcf05bc1418eb3a.jpg?s=72&d=https%3A%2F%2Fa.slack-edge.com%2Fdf10d%2Fimg%2Favatars%2Fava_0021-72.png",
            "first_name": "Otto",
            "real_name": "Otto Atzwanger",
            "display_name": "Otto",
            "team": "TJH5YU202",
            "name": "otto",
            "is_restricted": false,
            "is_ultra_restricted": false
        },
        "blocks": [
            {
                "type": "rich_text",
                "block_id": "otm",
                "elements": [
                    {
                        "type": "rich_text_section",
                        "elements": [
                            {
                                "type": "text",
                                "text": "In parallel to product development, I'm building a landing page for myQuickInfo with mod harbor.\nWe use mod harbourPress to edit the content."
                            }
                        ]
                    }
                ]
            }
        ]
    },
    {
        "type": "message",
        "text": "",
        "files": [
            {
                "id": "F015ZL9EDFF",
                "created": 1593073798,
                "timestamp": 1593073798,
                "name": "grafik.png",
                "title": "grafik.png",
                "mimetype": "image\/png",
                "filetype": "png",
                "pretty_type": "PNG",
                "user": "UJHD6A81H",
                "editable": false,
                "size": 169103,
                "mode": "hosted",
                "is_external": false,
                "external_type": "",
                "is_public": true,
                "public_url_shared": false,
                "display_as_bot": false,
                "username": "",
                "url_private": "https:\/\/files.slack.com\/files-pri\/TJH5YU202-F015ZL9EDFF\/grafik.png?t=xoxe-629202954002-1316365335585-1303739558562-bb0d767c5143c02b3f1039cae658c718",
                "url_private_download": "https:\/\/files.slack.com\/files-pri\/TJH5YU202-F015ZL9EDFF\/download\/grafik.png?t=xoxe-629202954002-1316365335585-1303739558562-bb0d767c5143c02b3f1039cae658c718",
                "thumb_64": "https:\/\/files.slack.com\/files-tmb\/TJH5YU202-F015ZL9EDFF-d49047df28\/grafik_64.png?t=xoxe-629202954002-1316365335585-1303739558562-bb0d767c5143c02b3f1039cae658c718",
                "thumb_80": "https:\/\/files.slack.com\/files-tmb\/TJH5YU202-F015ZL9EDFF-d49047df28\/grafik_80.png?t=xoxe-629202954002-1316365335585-1303739558562-bb0d767c5143c02b3f1039cae658c718",
                "thumb_360": "https:\/\/files.slack.com\/files-tmb\/TJH5YU202-F015ZL9EDFF-d49047df28\/grafik_360.png?t=xoxe-629202954002-1316365335585-1303739558562-bb0d767c5143c02b3f1039cae658c718",
                "thumb_360_w": 360,
                "thumb_360_h": 150,
                "thumb_480": "https:\/\/files.slack.com\/files-tmb\/TJH5YU202-F015ZL9EDFF-d49047df28\/grafik_480.png?t=xoxe-629202954002-1316365335585-1303739558562-bb0d767c5143c02b3f1039cae658c718",
                "thumb_480_w": 480,
                "thumb_480_h": 200,
                "thumb_160": "https:\/\/files.slack.com\/files-tmb\/TJH5YU202-F015ZL9EDFF-d49047df28\/grafik_160.png?t=xoxe-629202954002-1316365335585-1303739558562-bb0d767c5143c02b3f1039cae658c718",
                "thumb_720": "https:\/\/files.slack.com\/files-tmb\/TJH5YU202-F015ZL9EDFF-d49047df28\/grafik_720.png?t=xoxe-629202954002-1316365335585-1303739558562-bb0d767c5143c02b3f1039cae658c718",
                "thumb_720_w": 720,
                "thumb_720_h": 299,
                "thumb_800": "https:\/\/files.slack.com\/files-tmb\/TJH5YU202-F015ZL9EDFF-d49047df28\/grafik_800.png?t=xoxe-629202954002-1316365335585-1303739558562-bb0d767c5143c02b3f1039cae658c718",
                "thumb_800_w": 800,
                "thumb_800_h": 333,
                "thumb_960": "https:\/\/files.slack.com\/files-tmb\/TJH5YU202-F015ZL9EDFF-d49047df28\/grafik_960.png?t=xoxe-629202954002-1316365335585-1303739558562-bb0d767c5143c02b3f1039cae658c718",
                "thumb_960_w": 960,
                "thumb_960_h": 399,
                "thumb_1024": "https:\/\/files.slack.com\/files-tmb\/TJH5YU202-F015ZL9EDFF-d49047df28\/grafik_1024.png?t=xoxe-629202954002-1316365335585-1303739558562-bb0d767c5143c02b3f1039cae658c718",
                "thumb_1024_w": 1024,
                "thumb_1024_h": 426,
                "original_w": 1891,
                "original_h": 786,
                "thumb_tiny": "AwATADDRkZlXKLuPpmoJTLKhUIRggkA9R6VZpuAaAK0Bkj34iYKTwpPSpRJLlf3XfnmpNopcDP8A9agCNTIqAbcn1JqRSSORilopJWASgACiimAYA5xTT9+n0w\/foAdRRRQB\/9k=",
                "permalink": "https:\/\/harbourproject.slack.com\/files\/UJHD6A81H\/F015ZL9EDFF\/grafik.png",
                "permalink_public": "https:\/\/slack-files.com\/TJH5YU202-F015ZL9EDFF-6ca14176ad",
                "is_starred": false,
                "has_rich_preview": false
            }
        ],
        "upload": false,
        "user": "UJHD6A81H",
        "display_as_bot": false,
        "ts": "1593073801.213000"
    },
    {
        "client_msg_id": "d95404a2-9e07-4cd9-8d14-451127400c34",
        "type": "message",
        "text": "modHarbourPress",
        "user": "UJHD6A81H",
        "ts": "1593074235.213500",
        "team": "TJH5YU202",
        "user_team": "TJH5YU202",
        "source_team": "TJH5YU202",
        "user_profile": {
            "avatar_hash": "g6b8073e00e9",
            "image_72": "https:\/\/secure.gravatar.com\/avatar\/b96b8073e00e9eb02bcf05bc1418eb3a.jpg?s=72&d=https%3A%2F%2Fa.slack-edge.com%2Fdf10d%2Fimg%2Favatars%2Fava_0021-72.png",
            "first_name": "Otto",
            "real_name": "Otto Atzwanger",
            "display_name": "Otto",
            "team": "TJH5YU202",
            "name": "otto",
            "is_restricted": false,
            "is_ultra_restricted": false
        },
        "blocks": [
            {
                "type": "rich_text",
                "block_id": "L9F",
                "elements": [
                    {
                        "type": "rich_text_section",
                        "elements": [
                            {
                                "type": "text",
                                "text": "modHarbourPress"
                            }
                        ]
                    }
                ]
            }
        ]
    },
    {
        "type": "message",
        "text": "",
        "files": [
            {
                "id": "F015L9ZKKKR",
                "created": 1593074242,
                "timestamp": 1593074242,
                "name": "press.JPG",
                "title": "press.JPG",
                "mimetype": "image\/jpeg",
                "filetype": "jpg",
                "pretty_type": "JPEG",
                "user": "UJHD6A81H",
                "editable": false,
                "size": 107022,
                "mode": "hosted",
                "is_external": false,
                "external_type": "",
                "is_public": true,
                "public_url_shared": false,
                "display_as_bot": false,
                "username": "",
                "url_private": "https:\/\/files.slack.com\/files-pri\/TJH5YU202-F015L9ZKKKR\/press.jpg?t=xoxe-629202954002-1316365335585-1303739558562-bb0d767c5143c02b3f1039cae658c718",
                "url_private_download": "https:\/\/files.slack.com\/files-pri\/TJH5YU202-F015L9ZKKKR\/download\/press.jpg?t=xoxe-629202954002-1316365335585-1303739558562-bb0d767c5143c02b3f1039cae658c718",
                "thumb_64": "https:\/\/files.slack.com\/files-tmb\/TJH5YU202-F015L9ZKKKR-686024ddfd\/press_64.jpg?t=xoxe-629202954002-1316365335585-1303739558562-bb0d767c5143c02b3f1039cae658c718",
                "thumb_80": "https:\/\/files.slack.com\/files-tmb\/TJH5YU202-F015L9ZKKKR-686024ddfd\/press_80.jpg?t=xoxe-629202954002-1316365335585-1303739558562-bb0d767c5143c02b3f1039cae658c718",
                "thumb_360": "https:\/\/files.slack.com\/files-tmb\/TJH5YU202-F015L9ZKKKR-686024ddfd\/press_360.jpg?t=xoxe-629202954002-1316365335585-1303739558562-bb0d767c5143c02b3f1039cae658c718",
                "thumb_360_w": 360,
                "thumb_360_h": 252,
                "thumb_480": "https:\/\/files.slack.com\/files-tmb\/TJH5YU202-F015L9ZKKKR-686024ddfd\/press_480.jpg?t=xoxe-629202954002-1316365335585-1303739558562-bb0d767c5143c02b3f1039cae658c718",
                "thumb_480_w": 480,
                "thumb_480_h": 336,
                "thumb_160": "https:\/\/files.slack.com\/files-tmb\/TJH5YU202-F015L9ZKKKR-686024ddfd\/press_160.jpg?t=xoxe-629202954002-1316365335585-1303739558562-bb0d767c5143c02b3f1039cae658c718",
                "thumb_720": "https:\/\/files.slack.com\/files-tmb\/TJH5YU202-F015L9ZKKKR-686024ddfd\/press_720.jpg?t=xoxe-629202954002-1316365335585-1303739558562-bb0d767c5143c02b3f1039cae658c718",
                "thumb_720_w": 720,
                "thumb_720_h": 504,
                "thumb_800": "https:\/\/files.slack.com\/files-tmb\/TJH5YU202-F015L9ZKKKR-686024ddfd\/press_800.jpg?t=xoxe-629202954002-1316365335585-1303739558562-bb0d767c5143c02b3f1039cae658c718",
                "thumb_800_w": 800,
                "thumb_800_h": 560,
                "thumb_960": "https:\/\/files.slack.com\/files-tmb\/TJH5YU202-F015L9ZKKKR-686024ddfd\/press_960.jpg?t=xoxe-629202954002-1316365335585-1303739558562-bb0d767c5143c02b3f1039cae658c718",
                "thumb_960_w": 960,
                "thumb_960_h": 671,
                "thumb_1024": "https:\/\/files.slack.com\/files-tmb\/TJH5YU202-F015L9ZKKKR-686024ddfd\/press_1024.jpg?t=xoxe-629202954002-1316365335585-1303739558562-bb0d767c5143c02b3f1039cae658c718",
                "thumb_1024_w": 1024,
                "thumb_1024_h": 716,
                "original_w": 1414,
                "original_h": 989,
                "thumb_tiny": "AwAhADCg3A\/CtkYUD5ZTwPu5xWM\/T8K34\/8AVr9BQA8dB\/WikFLQAUUhNANAHOt0\/Cugj\/1a\/QVz5OR+FdBH\/q1+goAcKWkFLQAhoFBoFAHOHpXQp9xP90Vzx6V0KfcT\/dFAD6KKKACiiigD\/9k=",
                "permalink": "https:\/\/harbourproject.slack.com\/files\/UJHD6A81H\/F015L9ZKKKR\/press.jpg",
                "permalink_public": "https:\/\/slack-files.com\/TJH5YU202-F015L9ZKKKR-4d4d9722db",
                "is_starred": false,
                "has_rich_preview": false
            }
        ],
        "upload": false,
        "user": "UJHD6A81H",
        "display_as_bot": false,
        "ts": "1593074247.213600"
    },
    {
        "client_msg_id": "b9277228-2580-4945-bbb1-04c7188418b2",
        "type": "message",
        "text": "modHarbourPress is based on GENESIS",
        "user": "UJHD6A81H",
        "ts": "1593074276.214300",
        "team": "TJH5YU202",
        "user_team": "TJH5YU202",
        "source_team": "TJH5YU202",
        "user_profile": {
            "avatar_hash": "g6b8073e00e9",
            "image_72": "https:\/\/secure.gravatar.com\/avatar\/b96b8073e00e9eb02bcf05bc1418eb3a.jpg?s=72&d=https%3A%2F%2Fa.slack-edge.com%2Fdf10d%2Fimg%2Favatars%2Fava_0021-72.png",
            "first_name": "Otto",
            "real_name": "Otto Atzwanger",
            "display_name": "Otto",
            "team": "TJH5YU202",
            "name": "otto",
            "is_restricted": false,
            "is_ultra_restricted": false
        },
        "blocks": [
            {
                "type": "rich_text",
                "block_id": "iK1",
                "elements": [
                    {
                        "type": "rich_text_section",
                        "elements": [
                            {
                                "type": "text",
                                "text": "modHarbourPress is based on GENESIS"
                            }
                        ]
                    }
                ]
            }
        ]
    },
    {
        "type": "message",
        "text": "",
        "files": [
            {
                "id": "F015UABGKB8",
                "created": 1593074310,
                "timestamp": 1593074310,
                "name": "pressedit.JPG",
                "title": "pressedit.JPG",
                "mimetype": "image\/jpeg",
                "filetype": "jpg",
                "pretty_type": "JPEG",
                "user": "UJHD6A81H",
                "editable": false,
                "size": 67562,
                "mode": "hosted",
                "is_external": false,
                "external_type": "",
                "is_public": true,
                "public_url_shared": false,
                "display_as_bot": false,
                "username": "",
                "url_private": "https:\/\/files.slack.com\/files-pri\/TJH5YU202-F015UABGKB8\/pressedit.jpg?t=xoxe-629202954002-1316365335585-1303739558562-bb0d767c5143c02b3f1039cae658c718",
                "url_private_download": "https:\/\/files.slack.com\/files-pri\/TJH5YU202-F015UABGKB8\/download\/pressedit.jpg?t=xoxe-629202954002-1316365335585-1303739558562-bb0d767c5143c02b3f1039cae658c718",
                "thumb_64": "https:\/\/files.slack.com\/files-tmb\/TJH5YU202-F015UABGKB8-af51eac6e0\/pressedit_64.jpg?t=xoxe-629202954002-1316365335585-1303739558562-bb0d767c5143c02b3f1039cae658c718",
                "thumb_80": "https:\/\/files.slack.com\/files-tmb\/TJH5YU202-F015UABGKB8-af51eac6e0\/pressedit_80.jpg?t=xoxe-629202954002-1316365335585-1303739558562-bb0d767c5143c02b3f1039cae658c718",
                "thumb_360": "https:\/\/files.slack.com\/files-tmb\/TJH5YU202-F015UABGKB8-af51eac6e0\/pressedit_360.jpg?t=xoxe-629202954002-1316365335585-1303739558562-bb0d767c5143c02b3f1039cae658c718",
                "thumb_360_w": 360,
                "thumb_360_h": 290,
                "thumb_480": "https:\/\/files.slack.com\/files-tmb\/TJH5YU202-F015UABGKB8-af51eac6e0\/pressedit_480.jpg?t=xoxe-629202954002-1316365335585-1303739558562-bb0d767c5143c02b3f1039cae658c718",
                "thumb_480_w": 480,
                "thumb_480_h": 387,
                "thumb_160": "https:\/\/files.slack.com\/files-tmb\/TJH5YU202-F015UABGKB8-af51eac6e0\/pressedit_160.jpg?t=xoxe-629202954002-1316365335585-1303739558562-bb0d767c5143c02b3f1039cae658c718",
                "thumb_720": "https:\/\/files.slack.com\/files-tmb\/TJH5YU202-F015UABGKB8-af51eac6e0\/pressedit_720.jpg?t=xoxe-629202954002-1316365335585-1303739558562-bb0d767c5143c02b3f1039cae658c718",
                "thumb_720_w": 720,
                "thumb_720_h": 581,
                "thumb_800": "https:\/\/files.slack.com\/files-tmb\/TJH5YU202-F015UABGKB8-af51eac6e0\/pressedit_800.jpg?t=xoxe-629202954002-1316365335585-1303739558562-bb0d767c5143c02b3f1039cae658c718",
                "thumb_800_w": 800,
                "thumb_800_h": 645,
                "thumb_960": "https:\/\/files.slack.com\/files-tmb\/TJH5YU202-F015UABGKB8-af51eac6e0\/pressedit_960.jpg?t=xoxe-629202954002-1316365335585-1303739558562-bb0d767c5143c02b3f1039cae658c718",
                "thumb_960_w": 960,
                "thumb_960_h": 774,
                "thumb_1024": "https:\/\/files.slack.com\/files-tmb\/TJH5YU202-F015UABGKB8-af51eac6e0\/pressedit_1024.jpg?t=xoxe-629202954002-1316365335585-1303739558562-bb0d767c5143c02b3f1039cae658c718",
                "thumb_1024_w": 1024,
                "thumb_1024_h": 826,
                "original_w": 1163,
                "original_h": 938,
                "thumb_tiny": "AwAmADCgwxjryM9a07XYtnEzyFM5H3iO9Zj9voPStnT\/APjyj\/H+dAE6Jt53E\/U5p1Ic0ZPvQAtFJ+FLQBzrdunT0xWzp\/8Ax5R\/j\/OsZu2PTtmtnT\/+PKP8f50AWaKKKACotsv2jduHl+mfb6VLRTuBzlbWn\/8AHlH+P86xa2tP\/wCPKP8AH+dICzRRRQAUUUUAf\/\/Z",
                "permalink": "https:\/\/harbourproject.slack.com\/files\/UJHD6A81H\/F015UABGKB8\/pressedit.jpg",
                "permalink_public": "https:\/\/slack-files.com\/TJH5YU202-F015UABGKB8-f636b6e60b",
                "is_starred": false,
                "has_rich_preview": false
            }
        ],
        "upload": false,
        "user": "UJHD6A81H",
        "display_as_bot": false,
        "ts": "1593074311.215000"
    },
    {
        "client_msg_id": "9eae40e2-51de-46bd-9660-7fb08927afca",
        "type": "message",
        "text": "Source code header",
        "user": "UJHD6A81H",
        "ts": "1593074497.215600",
        "team": "TJH5YU202",
        "user_team": "TJH5YU202",
        "source_team": "TJH5YU202",
        "user_profile": {
            "avatar_hash": "g6b8073e00e9",
            "image_72": "https:\/\/secure.gravatar.com\/avatar\/b96b8073e00e9eb02bcf05bc1418eb3a.jpg?s=72&d=https%3A%2F%2Fa.slack-edge.com%2Fdf10d%2Fimg%2Favatars%2Fava_0021-72.png",
            "first_name": "Otto",
            "real_name": "Otto Atzwanger",
            "display_name": "Otto",
            "team": "TJH5YU202",
            "name": "otto",
            "is_restricted": false,
            "is_ultra_restricted": false
        },
        "blocks": [
            {
                "type": "rich_text",
                "block_id": "jd3",
                "elements": [
                    {
                        "type": "rich_text_section",
                        "elements": [
                            {
                                "type": "text",
                                "text": "Source code header"
                            }
                        ]
                    }
                ]
            }
        ]
    },
    {
        "type": "message",
        "text": "",
        "files": [
            {
                "id": "F016QT825CG",
                "created": 1593074501,
                "timestamp": 1593074501,
                "name": "grafik.png",
                "title": "grafik.png",
                "mimetype": "image\/png",
                "filetype": "png",
                "pretty_type": "PNG",
                "user": "UJHD6A81H",
                "editable": false,
                "size": 29335,
                "mode": "hosted",
                "is_external": false,
                "external_type": "",
                "is_public": true,
                "public_url_shared": false,
                "display_as_bot": false,
                "username": "",
                "url_private": "https:\/\/files.slack.com\/files-pri\/TJH5YU202-F016QT825CG\/grafik.png?t=xoxe-629202954002-1316365335585-1303739558562-bb0d767c5143c02b3f1039cae658c718",
                "url_private_download": "https:\/\/files.slack.com\/files-pri\/TJH5YU202-F016QT825CG\/download\/grafik.png?t=xoxe-629202954002-1316365335585-1303739558562-bb0d767c5143c02b3f1039cae658c718",
                "thumb_64": "https:\/\/files.slack.com\/files-tmb\/TJH5YU202-F016QT825CG-9573a23315\/grafik_64.png?t=xoxe-629202954002-1316365335585-1303739558562-bb0d767c5143c02b3f1039cae658c718",
                "thumb_80": "https:\/\/files.slack.com\/files-tmb\/TJH5YU202-F016QT825CG-9573a23315\/grafik_80.png?t=xoxe-629202954002-1316365335585-1303739558562-bb0d767c5143c02b3f1039cae658c718",
                "thumb_360": "https:\/\/files.slack.com\/files-tmb\/TJH5YU202-F016QT825CG-9573a23315\/grafik_360.png?t=xoxe-629202954002-1316365335585-1303739558562-bb0d767c5143c02b3f1039cae658c718",
                "thumb_360_w": 360,
                "thumb_360_h": 201,
                "thumb_480": "https:\/\/files.slack.com\/files-tmb\/TJH5YU202-F016QT825CG-9573a23315\/grafik_480.png?t=xoxe-629202954002-1316365335585-1303739558562-bb0d767c5143c02b3f1039cae658c718",
                "thumb_480_w": 480,
                "thumb_480_h": 267,
                "thumb_160": "https:\/\/files.slack.com\/files-tmb\/TJH5YU202-F016QT825CG-9573a23315\/grafik_160.png?t=xoxe-629202954002-1316365335585-1303739558562-bb0d767c5143c02b3f1039cae658c718",
                "thumb_720": "https:\/\/files.slack.com\/files-tmb\/TJH5YU202-F016QT825CG-9573a23315\/grafik_720.png?t=xoxe-629202954002-1316365335585-1303739558562-bb0d767c5143c02b3f1039cae658c718",
                "thumb_720_w": 720,
                "thumb_720_h": 401,
                "thumb_800": "https:\/\/files.slack.com\/files-tmb\/TJH5YU202-F016QT825CG-9573a23315\/grafik_800.png?t=xoxe-629202954002-1316365335585-1303739558562-bb0d767c5143c02b3f1039cae658c718",
                "thumb_800_w": 800,
                "thumb_800_h": 446,
                "thumb_960": "https:\/\/files.slack.com\/files-tmb\/TJH5YU202-F016QT825CG-9573a23315\/grafik_960.png?t=xoxe-629202954002-1316365335585-1303739558562-bb0d767c5143c02b3f1039cae658c718",
                "thumb_960_w": 960,
                "thumb_960_h": 535,
                "original_w": 1023,
                "original_h": 570,
                "thumb_tiny": "AwAaADClk0Emk70ufpQAmTSUv5UflQAlOj\/1i\/UUmKVP9Yv1FACUVdMaZ+4v5Unlp\/cX8qAKdGfYVc8tP7i\/lR5af3F\/KgCnn2FLH\/rF+oq35af3F\/KlWNNw+RevpQB\/\/9k=",
                "permalink": "https:\/\/harbourproject.slack.com\/files\/UJHD6A81H\/F016QT825CG\/grafik.png",
                "permalink_public": "https:\/\/slack-files.com\/TJH5YU202-F016QT825CG-2689889101",
                "is_starred": false,
                "has_rich_preview": false
            }
        ],
        "upload": false,
        "user": "UJHD6A81H",
        "display_as_bot": false,
        "ts": "1593074502.215700"
    },
    {
        "client_msg_id": "9f8376f6-ed26-4213-aebe-c52376a11228",
        "type": "message",
        "text": "great job :+1:",
        "user": "UJN8D8U3B",
        "ts": "1593074530.216200",
        "team": "TJH5YU202",
        "user_team": "TJH5YU202",
        "source_team": "TJH5YU202",
        "user_profile": {
            "avatar_hash": "g92ad2abcc45",
            "image_72": "https:\/\/secure.gravatar.com\/avatar\/8492ad2abcc45ce53969adcf8420acde.jpg?s=72&d=https%3A%2F%2Fa.slack-edge.com%2Fdf10d%2Fimg%2Favatars%2Fava_0008-72.png",
            "first_name": "",
            "real_name": "Antonio Linares",
            "display_name": "Antonio Linares",
            "team": "TJH5YU202",
            "name": "alinares",
            "is_restricted": false,
            "is_ultra_restricted": false
        },
        "blocks": [
            {
                "type": "rich_text",
                "block_id": "zLUHZ",
                "elements": [
                    {
                        "type": "rich_text_section",
                        "elements": [
                            {
                                "type": "text",
                                "text": "great job "
                            },
                            {
                                "type": "emoji",
                                "name": "+1"
                            }
                        ]
                    }
                ]
            }
        ]
    },
    {
        "client_msg_id": "2e5edaa2-cfde-42ca-abeb-dc02549d3c62",
        "type": "message",
        "text": "read database",
        "user": "UJHD6A81H",
        "ts": "1593074555.216400",
        "team": "TJH5YU202",
        "user_team": "TJH5YU202",
        "source_team": "TJH5YU202",
        "user_profile": {
            "avatar_hash": "g6b8073e00e9",
            "image_72": "https:\/\/secure.gravatar.com\/avatar\/b96b8073e00e9eb02bcf05bc1418eb3a.jpg?s=72&d=https%3A%2F%2Fa.slack-edge.com%2Fdf10d%2Fimg%2Favatars%2Fava_0021-72.png",
            "first_name": "Otto",
            "real_name": "Otto Atzwanger",
            "display_name": "Otto",
            "team": "TJH5YU202",
            "name": "otto",
            "is_restricted": false,
            "is_ultra_restricted": false
        },
        "blocks": [
            {
                "type": "rich_text",
                "block_id": "6NbB",
                "elements": [
                    {
                        "type": "rich_text_section",
                        "elements": [
                            {
                                "type": "text",
                                "text": "read database"
                            }
                        ]
                    }
                ]
            }
        ]
    },
    {
        "type": "message",
        "text": "",
        "files": [
            {
                "id": "F016QT9P4NL",
                "created": 1593074560,
                "timestamp": 1593074560,
                "name": "grafik.png",
                "title": "grafik.png",
                "mimetype": "image\/png",
                "filetype": "png",
                "pretty_type": "PNG",
                "user": "UJHD6A81H",
                "editable": false,
                "size": 18712,
                "mode": "hosted",
                "is_external": false,
                "external_type": "",
                "is_public": true,
                "public_url_shared": false,
                "display_as_bot": false,
                "username": "",
                "url_private": "https:\/\/files.slack.com\/files-pri\/TJH5YU202-F016QT9P4NL\/grafik.png?t=xoxe-629202954002-1316365335585-1303739558562-bb0d767c5143c02b3f1039cae658c718",
                "url_private_download": "https:\/\/files.slack.com\/files-pri\/TJH5YU202-F016QT9P4NL\/download\/grafik.png?t=xoxe-629202954002-1316365335585-1303739558562-bb0d767c5143c02b3f1039cae658c718",
                "thumb_64": "https:\/\/files.slack.com\/files-tmb\/TJH5YU202-F016QT9P4NL-a45d52af83\/grafik_64.png?t=xoxe-629202954002-1316365335585-1303739558562-bb0d767c5143c02b3f1039cae658c718",
                "thumb_80": "https:\/\/files.slack.com\/files-tmb\/TJH5YU202-F016QT9P4NL-a45d52af83\/grafik_80.png?t=xoxe-629202954002-1316365335585-1303739558562-bb0d767c5143c02b3f1039cae658c718",
                "thumb_360": "https:\/\/files.slack.com\/files-tmb\/TJH5YU202-F016QT9P4NL-a45d52af83\/grafik_360.png?t=xoxe-629202954002-1316365335585-1303739558562-bb0d767c5143c02b3f1039cae658c718",
                "thumb_360_w": 360,
                "thumb_360_h": 209,
                "thumb_480": "https:\/\/files.slack.com\/files-tmb\/TJH5YU202-F016QT9P4NL-a45d52af83\/grafik_480.png?t=xoxe-629202954002-1316365335585-1303739558562-bb0d767c5143c02b3f1039cae658c718",
                "thumb_480_w": 480,
                "thumb_480_h": 279,
                "thumb_160": "https:\/\/files.slack.com\/files-tmb\/TJH5YU202-F016QT9P4NL-a45d52af83\/grafik_160.png?t=xoxe-629202954002-1316365335585-1303739558562-bb0d767c5143c02b3f1039cae658c718",
                "thumb_720": "https:\/\/files.slack.com\/files-tmb\/TJH5YU202-F016QT9P4NL-a45d52af83\/grafik_720.png?t=xoxe-629202954002-1316365335585-1303739558562-bb0d767c5143c02b3f1039cae658c718",
                "thumb_720_w": 720,
                "thumb_720_h": 418,
                "thumb_800": "https:\/\/files.slack.com\/files-tmb\/TJH5YU202-F016QT9P4NL-a45d52af83\/grafik_800.png?t=xoxe-629202954002-1316365335585-1303739558562-bb0d767c5143c02b3f1039cae658c718",
                "thumb_800_w": 800,
                "thumb_800_h": 465,
                "original_w": 888,
                "original_h": 516,
                "thumb_tiny": "AwAbADClzSHOaX1oxQAnNJmlxRigBM0+M\/vU\/wB4U3FOj\/1qf7woASkNXTbxZ+7+ppPs8X939TQBSoq79ni\/u\/qaPs8X939TQBSp0f8ArU\/3hVv7PF\/d\/U0qQRh1O3v6mgD\/2Q==",
                "permalink": "https:\/\/harbourproject.slack.com\/files\/UJHD6A81H\/F016QT9P4NL\/grafik.png",
                "permalink_public": "https:\/\/slack-files.com\/TJH5YU202-F016QT9P4NL-e4d337ccf1",
                "is_starred": false,
                "has_rich_preview": false
            }
        ],
        "upload": false,
        "user": "UJHD6A81H",
        "display_as_bot": false,
        "ts": "1593074563.216500"
    },
    {
        "client_msg_id": "db5829a1-5230-41c8-b347-3c5bf1fd4695",
        "type": "message",
        "text": "*main file of the landing page*",
        "user": "UJHD6A81H",
        "ts": "1593074724.217000",
        "team": "TJH5YU202",
        "user_team": "TJH5YU202",
        "source_team": "TJH5YU202",
        "user_profile": {
            "avatar_hash": "g6b8073e00e9",
            "image_72": "https:\/\/secure.gravatar.com\/avatar\/b96b8073e00e9eb02bcf05bc1418eb3a.jpg?s=72&d=https%3A%2F%2Fa.slack-edge.com%2Fdf10d%2Fimg%2Favatars%2Fava_0021-72.png",
            "first_name": "Otto",
            "real_name": "Otto Atzwanger",
            "display_name": "Otto",
            "team": "TJH5YU202",
            "name": "otto",
            "is_restricted": false,
            "is_ultra_restricted": false
        },
        "blocks": [
            {
                "type": "rich_text",
                "block_id": "7IsQ",
                "elements": [
                    {
                        "type": "rich_text_section",
                        "elements": [
                            {
                                "type": "text",
                                "text": "main file of the landing page",
                                "style": {
                                    "bold": true
                                }
                            }
                        ]
                    }
                ]
            }
        ]
    },
    {
        "type": "message",
        "text": "",
        "files": [
            {
                "id": "F015UAQ2UBG",
                "created": 1593074729,
                "timestamp": 1593074729,
                "name": "grafik.png",
                "title": "grafik.png",
                "mimetype": "image\/png",
                "filetype": "png",
                "pretty_type": "PNG",
                "user": "UJHD6A81H",
                "editable": false,
                "size": 23078,
                "mode": "hosted",
                "is_external": false,
                "external_type": "",
                "is_public": true,
                "public_url_shared": false,
                "display_as_bot": false,
                "username": "",
                "url_private": "https:\/\/files.slack.com\/files-pri\/TJH5YU202-F015UAQ2UBG\/grafik.png?t=xoxe-629202954002-1316365335585-1303739558562-bb0d767c5143c02b3f1039cae658c718",
                "url_private_download": "https:\/\/files.slack.com\/files-pri\/TJH5YU202-F015UAQ2UBG\/download\/grafik.png?t=xoxe-629202954002-1316365335585-1303739558562-bb0d767c5143c02b3f1039cae658c718",
                "thumb_64": "https:\/\/files.slack.com\/files-tmb\/TJH5YU202-F015UAQ2UBG-eec2b6828a\/grafik_64.png?t=xoxe-629202954002-1316365335585-1303739558562-bb0d767c5143c02b3f1039cae658c718",
                "thumb_80": "https:\/\/files.slack.com\/files-tmb\/TJH5YU202-F015UAQ2UBG-eec2b6828a\/grafik_80.png?t=xoxe-629202954002-1316365335585-1303739558562-bb0d767c5143c02b3f1039cae658c718",
                "thumb_360": "https:\/\/files.slack.com\/files-tmb\/TJH5YU202-F015UAQ2UBG-eec2b6828a\/grafik_360.png?t=xoxe-629202954002-1316365335585-1303739558562-bb0d767c5143c02b3f1039cae658c718",
                "thumb_360_w": 360,
                "thumb_360_h": 347,
                "thumb_480": "https:\/\/files.slack.com\/files-tmb\/TJH5YU202-F015UAQ2UBG-eec2b6828a\/grafik_480.png?t=xoxe-629202954002-1316365335585-1303739558562-bb0d767c5143c02b3f1039cae658c718",
                "thumb_480_w": 480,
                "thumb_480_h": 462,
                "thumb_160": "https:\/\/files.slack.com\/files-tmb\/TJH5YU202-F015UAQ2UBG-eec2b6828a\/grafik_160.png?t=xoxe-629202954002-1316365335585-1303739558562-bb0d767c5143c02b3f1039cae658c718",
                "thumb_720": "https:\/\/files.slack.com\/files-tmb\/TJH5YU202-F015UAQ2UBG-eec2b6828a\/grafik_720.png?t=xoxe-629202954002-1316365335585-1303739558562-bb0d767c5143c02b3f1039cae658c718",
                "thumb_720_w": 720,
                "thumb_720_h": 693,
                "thumb_800": "https:\/\/files.slack.com\/files-tmb\/TJH5YU202-F015UAQ2UBG-eec2b6828a\/grafik_800.png?t=xoxe-629202954002-1316365335585-1303739558562-bb0d767c5143c02b3f1039cae658c718",
                "thumb_800_w": 800,
                "thumb_800_h": 770,
                "original_w": 908,
                "original_h": 874,
                "thumb_tiny": "AwAuADCkO\/NBP+cUZ60h980AGTRk0cUlAC5NOjJ81P8AeFMp0f8ArU\/3hQADqaQ9aO5oNACUUUUAFOj\/ANan+8KbTo\/9an+8KAEHejj3qf7M\/Iyv50n2V\/VfzoAgoqf7K\/qv50fZX9V\/OgCCnR\/61P8AeFS\/ZX9V\/OlS2cSKcrwR3oA\/\/9k=",
                "permalink": "https:\/\/harbourproject.slack.com\/files\/UJHD6A81H\/F015UAQ2UBG\/grafik.png",
                "permalink_public": "https:\/\/slack-files.com\/TJH5YU202-F015UAQ2UBG-05699d8fe5",
                "is_starred": false,
                "has_rich_preview": false
            }
        ],
        "upload": false,
        "user": "UJHD6A81H",
        "display_as_bot": false,
        "ts": "1593074748.217100"
    },
    {
        "client_msg_id": "cf53a28b-ec4a-4456-8029-6b7d0a0e6926",
        "type": "message",
        "text": "Icons grid block",
        "user": "UJHD6A81H",
        "ts": "1593074863.217600",
        "team": "TJH5YU202",
        "user_team": "TJH5YU202",
        "source_team": "TJH5YU202",
        "user_profile": {
            "avatar_hash": "g6b8073e00e9",
            "image_72": "https:\/\/secure.gravatar.com\/avatar\/b96b8073e00e9eb02bcf05bc1418eb3a.jpg?s=72&d=https%3A%2F%2Fa.slack-edge.com%2Fdf10d%2Fimg%2Favatars%2Fava_0021-72.png",
            "first_name": "Otto",
            "real_name": "Otto Atzwanger",
            "display_name": "Otto",
            "team": "TJH5YU202",
            "name": "otto",
            "is_restricted": false,
            "is_ultra_restricted": false
        },
        "blocks": [
            {
                "type": "rich_text",
                "block_id": "TS3+B",
                "elements": [
                    {
                        "type": "rich_text_section",
                        "elements": [
                            {
                                "type": "text",
                                "text": "Icons grid block"
                            }
                        ]
                    }
                ]
            }
        ]
    },
    {
        "type": "message",
        "text": "",
        "files": [
            {
                "id": "F016QTK6MDW",
                "created": 1593074870,
                "timestamp": 1593074870,
                "name": "grafik.png",
                "title": "grafik.png",
                "mimetype": "image\/png",
                "filetype": "png",
                "pretty_type": "PNG",
                "user": "UJHD6A81H",
                "editable": false,
                "size": 59579,
                "mode": "hosted",
                "is_external": false,
                "external_type": "",
                "is_public": true,
                "public_url_shared": false,
                "display_as_bot": false,
                "username": "",
                "url_private": "https:\/\/files.slack.com\/files-pri\/TJH5YU202-F016QTK6MDW\/grafik.png?t=xoxe-629202954002-1316365335585-1303739558562-bb0d767c5143c02b3f1039cae658c718",
                "url_private_download": "https:\/\/files.slack.com\/files-pri\/TJH5YU202-F016QTK6MDW\/download\/grafik.png?t=xoxe-629202954002-1316365335585-1303739558562-bb0d767c5143c02b3f1039cae658c718",
                "thumb_64": "https:\/\/files.slack.com\/files-tmb\/TJH5YU202-F016QTK6MDW-53594c0d35\/grafik_64.png?t=xoxe-629202954002-1316365335585-1303739558562-bb0d767c5143c02b3f1039cae658c718",
                "thumb_80": "https:\/\/files.slack.com\/files-tmb\/TJH5YU202-F016QTK6MDW-53594c0d35\/grafik_80.png?t=xoxe-629202954002-1316365335585-1303739558562-bb0d767c5143c02b3f1039cae658c718",
                "thumb_360": "https:\/\/files.slack.com\/files-tmb\/TJH5YU202-F016QTK6MDW-53594c0d35\/grafik_360.png?t=xoxe-629202954002-1316365335585-1303739558562-bb0d767c5143c02b3f1039cae658c718",
                "thumb_360_w": 360,
                "thumb_360_h": 346,
                "thumb_480": "https:\/\/files.slack.com\/files-tmb\/TJH5YU202-F016QTK6MDW-53594c0d35\/grafik_480.png?t=xoxe-629202954002-1316365335585-1303739558562-bb0d767c5143c02b3f1039cae658c718",
                "thumb_480_w": 480,
                "thumb_480_h": 461,
                "thumb_160": "https:\/\/files.slack.com\/files-tmb\/TJH5YU202-F016QTK6MDW-53594c0d35\/grafik_160.png?t=xoxe-629202954002-1316365335585-1303739558562-bb0d767c5143c02b3f1039cae658c718",
                "thumb_720": "https:\/\/files.slack.com\/files-tmb\/TJH5YU202-F016QTK6MDW-53594c0d35\/grafik_720.png?t=xoxe-629202954002-1316365335585-1303739558562-bb0d767c5143c02b3f1039cae658c718",
                "thumb_720_w": 720,
                "thumb_720_h": 691,
                "thumb_800": "https:\/\/files.slack.com\/files-tmb\/TJH5YU202-F016QTK6MDW-53594c0d35\/grafik_800.png?t=xoxe-629202954002-1316365335585-1303739558562-bb0d767c5143c02b3f1039cae658c718",
                "thumb_800_w": 800,
                "thumb_800_h": 768,
                "thumb_960": "https:\/\/files.slack.com\/files-tmb\/TJH5YU202-F016QTK6MDW-53594c0d35\/grafik_960.png?t=xoxe-629202954002-1316365335585-1303739558562-bb0d767c5143c02b3f1039cae658c718",
                "thumb_960_w": 960,
                "thumb_960_h": 921,
                "thumb_1024": "https:\/\/files.slack.com\/files-tmb\/TJH5YU202-F016QTK6MDW-53594c0d35\/grafik_1024.png?t=xoxe-629202954002-1316365335585-1303739558562-bb0d767c5143c02b3f1039cae658c718",
                "thumb_1024_w": 1024,
                "thumb_1024_h": 983,
                "original_w": 1192,
                "original_h": 1144,
                "thumb_tiny": "AwAuADCkDzRzSd6UigAwfWk\/GgikoAKcn31+optOT76\/UUAJS5OOlJS4GOnNACc0ZNHFH4UAGaVPvr9RTacn31+ooATvRntxUvkuM8rSeQ\/qv50ARUVL5D+q\/nR5D+q\/nQBFTk++v1FP8h\/VfzpUgYOvI6jvQB\/\/2Q==",
                "permalink": "https:\/\/harbourproject.slack.com\/files\/UJHD6A81H\/F016QTK6MDW\/grafik.png",
                "permalink_public": "https:\/\/slack-files.com\/TJH5YU202-F016QTK6MDW-551e638c9a",
                "is_starred": false,
                "has_rich_preview": false
            }
        ],
        "upload": false,
        "user": "UJHD6A81H",
        "display_as_bot": false,
        "ts": "1593074872.217700"
    },
    {
        "client_msg_id": "7fd6962f-4395-4919-97c8-ac63b16669f2",
        "type": "message",
        "text": "I was lucky today. I found a good command com QRCode reader.\nI can now attach a QR code label to the documents before scanning and the scan is then automatically filed and can be called up via <http:\/\/myQickInfo.com|myQickInfo.com>.",
        "user": "UJHD6A81H",
        "ts": "1593111490.218200",
        "team": "TJH5YU202",
        "user_team": "TJH5YU202",
        "source_team": "TJH5YU202",
        "user_profile": {
            "avatar_hash": "g6b8073e00e9",
            "image_72": "https:\/\/secure.gravatar.com\/avatar\/b96b8073e00e9eb02bcf05bc1418eb3a.jpg?s=72&d=https%3A%2F%2Fa.slack-edge.com%2Fdf10d%2Fimg%2Favatars%2Fava_0021-72.png",
            "first_name": "Otto",
            "real_name": "Otto Atzwanger",
            "display_name": "Otto",
            "team": "TJH5YU202",
            "name": "otto",
            "is_restricted": false,
            "is_ultra_restricted": false
        },
        "blocks": [
            {
                "type": "rich_text",
                "block_id": "5YJx",
                "elements": [
                    {
                        "type": "rich_text_section",
                        "elements": [
                            {
                                "type": "text",
                                "text": "I was lucky today. I found a good command com QRCode reader.\nI can now attach a QR code label to the documents before scanning and the scan is then automatically filed and can be called up via "
                            },
                            {
                                "type": "link",
                                "url": "http:\/\/myQickInfo.com",
                                "text": "myQickInfo.com"
                            },
                            {
                                "type": "text",
                                "text": "."
                            }
                        ]
                    }
                ]
            }
        ]
    },
    {
        "type": "message",
        "text": "",
        "files": [
            {
                "id": "F0162FHDDAN",
                "created": 1593111504,
                "timestamp": 1593111504,
                "name": "grafik.png",
                "title": "grafik.png",
                "mimetype": "image\/png",
                "filetype": "png",
                "pretty_type": "PNG",
                "user": "UJHD6A81H",
                "editable": false,
                "size": 991282,
                "mode": "hosted",
                "is_external": false,
                "external_type": "",
                "is_public": true,
                "public_url_shared": false,
                "display_as_bot": false,
                "username": "",
                "url_private": "https:\/\/files.slack.com\/files-pri\/TJH5YU202-F0162FHDDAN\/grafik.png?t=xoxe-629202954002-1316365335585-1303739558562-bb0d767c5143c02b3f1039cae658c718",
                "url_private_download": "https:\/\/files.slack.com\/files-pri\/TJH5YU202-F0162FHDDAN\/download\/grafik.png?t=xoxe-629202954002-1316365335585-1303739558562-bb0d767c5143c02b3f1039cae658c718",
                "thumb_64": "https:\/\/files.slack.com\/files-tmb\/TJH5YU202-F0162FHDDAN-d499881a6c\/grafik_64.png?t=xoxe-629202954002-1316365335585-1303739558562-bb0d767c5143c02b3f1039cae658c718",
                "thumb_80": "https:\/\/files.slack.com\/files-tmb\/TJH5YU202-F0162FHDDAN-d499881a6c\/grafik_80.png?t=xoxe-629202954002-1316365335585-1303739558562-bb0d767c5143c02b3f1039cae658c718",
                "thumb_360": "https:\/\/files.slack.com\/files-tmb\/TJH5YU202-F0162FHDDAN-d499881a6c\/grafik_360.png?t=xoxe-629202954002-1316365335585-1303739558562-bb0d767c5143c02b3f1039cae658c718",
                "thumb_360_w": 360,
                "thumb_360_h": 239,
                "thumb_480": "https:\/\/files.slack.com\/files-tmb\/TJH5YU202-F0162FHDDAN-d499881a6c\/grafik_480.png?t=xoxe-629202954002-1316365335585-1303739558562-bb0d767c5143c02b3f1039cae658c718",
                "thumb_480_w": 480,
                "thumb_480_h": 318,
                "thumb_160": "https:\/\/files.slack.com\/files-tmb\/TJH5YU202-F0162FHDDAN-d499881a6c\/grafik_160.png?t=xoxe-629202954002-1316365335585-1303739558562-bb0d767c5143c02b3f1039cae658c718",
                "thumb_720": "https:\/\/files.slack.com\/files-tmb\/TJH5YU202-F0162FHDDAN-d499881a6c\/grafik_720.png?t=xoxe-629202954002-1316365335585-1303739558562-bb0d767c5143c02b3f1039cae658c718",
                "thumb_720_w": 720,
                "thumb_720_h": 477,
                "thumb_800": "https:\/\/files.slack.com\/files-tmb\/TJH5YU202-F0162FHDDAN-d499881a6c\/grafik_800.png?t=xoxe-629202954002-1316365335585-1303739558562-bb0d767c5143c02b3f1039cae658c718",
                "thumb_800_w": 800,
                "thumb_800_h": 530,
                "thumb_960": "https:\/\/files.slack.com\/files-tmb\/TJH5YU202-F0162FHDDAN-d499881a6c\/grafik_960.png?t=xoxe-629202954002-1316365335585-1303739558562-bb0d767c5143c02b3f1039cae658c718",
                "thumb_960_w": 960,
                "thumb_960_h": 636,
                "thumb_1024": "https:\/\/files.slack.com\/files-tmb\/TJH5YU202-F0162FHDDAN-d499881a6c\/grafik_1024.png?t=xoxe-629202954002-1316365335585-1303739558562-bb0d767c5143c02b3f1039cae658c718",
                "thumb_1024_w": 1024,
                "thumb_1024_h": 679,
                "original_w": 1696,
                "original_h": 1124,
                "thumb_tiny": "AwAfADDRyAOaNw9KTIHWgkehoAXcPSsr7fP\/ALH5VqAgZ69Kwec0AWvt0\/8AsflSf2hPuA+Tn2qtz70gzvHXqKAOhHSo9xyfr6VJketNkyY2CnntQAA5bpx9KU4UZNRQq4B35zxjnNSnBGCc0AG5cZzQSMUm1KMKBxmgD\/\/Z",
                "permalink": "https:\/\/harbourproject.slack.com\/files\/UJHD6A81H\/F0162FHDDAN\/grafik.png",
                "permalink_public": "https:\/\/slack-files.com\/TJH5YU202-F0162FHDDAN-290fd8108e",
                "is_starred": false,
                "has_rich_preview": false
            }
        ],
        "upload": false,
        "user": "UJHD6A81H",
        "display_as_bot": false,
        "ts": "1593111508.218300"
    },
    {
        "client_msg_id": "a4ac1dab-a020-4222-b280-b5906e034917",
        "type": "message",
        "text": "I downloaded from here:   <https:\/\/sourceforge.net\/projects\/zbar\/files\/zbar\/0.10\/zbar-0.10-setup.exe\/download>",
        "user": "UJHD6A81H",
        "ts": "1593111590.218800",
        "team": "TJH5YU202",
        "user_team": "TJH5YU202",
        "source_team": "TJH5YU202",
        "user_profile": {
            "avatar_hash": "g6b8073e00e9",
            "image_72": "https:\/\/secure.gravatar.com\/avatar\/b96b8073e00e9eb02bcf05bc1418eb3a.jpg?s=72&d=https%3A%2F%2Fa.slack-edge.com%2Fdf10d%2Fimg%2Favatars%2Fava_0021-72.png",
            "first_name": "Otto",
            "real_name": "Otto Atzwanger",
            "display_name": "Otto",
            "team": "TJH5YU202",
            "name": "otto",
            "is_restricted": false,
            "is_ultra_restricted": false
        },
        "blocks": [
            {
                "type": "rich_text",
                "block_id": "uth4",
                "elements": [
                    {
                        "type": "rich_text_section",
                        "elements": [
                            {
                                "type": "text",
                                "text": "I downloaded from here:   "
                            },
                            {
                                "type": "link",
                                "url": "https:\/\/sourceforge.net\/projects\/zbar\/files\/zbar\/0.10\/zbar-0.10-setup.exe\/download"
                            }
                        ]
                    }
                ]
            }
        ]
    },
    {
        "client_msg_id": "1110ca9d-aa96-4544-a4de-66047ca2688f",
        "type": "message",
        "text": "Now I have to make a small program with a timer that monitors the target folder of the scanner and then creates the bat file for the QR code reader and then enters the result in the DBF file for <http:\/\/myQuickInfo.com|myQuickInfo.com>.",
        "user": "UJHD6A81H",
        "ts": "1593111809.219200",
        "team": "TJH5YU202",
        "user_team": "TJH5YU202",
        "source_team": "TJH5YU202",
        "user_profile": {
            "avatar_hash": "g6b8073e00e9",
            "image_72": "https:\/\/secure.gravatar.com\/avatar\/b96b8073e00e9eb02bcf05bc1418eb3a.jpg?s=72&d=https%3A%2F%2Fa.slack-edge.com%2Fdf10d%2Fimg%2Favatars%2Fava_0021-72.png",
            "first_name": "Otto",
            "real_name": "Otto Atzwanger",
            "display_name": "Otto",
            "team": "TJH5YU202",
            "name": "otto",
            "is_restricted": false,
            "is_ultra_restricted": false
        },
        "blocks": [
            {
                "type": "rich_text",
                "block_id": "Mq=Q",
                "elements": [
                    {
                        "type": "rich_text_section",
                        "elements": [
                            {
                                "type": "text",
                                "text": "Now I have to make a small program with a timer that monitors the target folder of the scanner and then creates the bat file for the QR code reader and then enters the result in the DBF file for "
                            },
                            {
                                "type": "link",
                                "url": "http:\/\/myQuickInfo.com",
                                "text": "myQuickInfo.com"
                            },
                            {
                                "type": "text",
                                "text": "."
                            }
                        ]
                    }
                ]
            }
        ]
    },
    {
        "client_msg_id": "435d2b21-af5b-4882-8c69-3b256e582473",
        "type": "message",
        "text": "Congratulations Otto! :grinning:",
        "user": "U015CUP1T5Z",
        "ts": "1593114156.219900",
        "team": "TJH5YU202",
        "user_team": "TJH5YU202",
        "source_team": "TJH5YU202",
        "user_profile": {
            "avatar_hash": "2d5981129913",
            "image_72": "https:\/\/avatars.slack-edge.com\/2020-06-14\/1183376598323_2d5981129913ee85447d_72.jpg",
            "first_name": "ricardo",
            "real_name": "ricardo arraes",
            "display_name": "ricardo arraes",
            "team": "TJH5YU202",
            "name": "ricardo",
            "is_restricted": false,
            "is_ultra_restricted": false
        },
        "blocks": [
            {
                "type": "rich_text",
                "block_id": "eCS",
                "elements": [
                    {
                        "type": "rich_text_section",
                        "elements": [
                            {
                                "type": "text",
                                "text": "Congratulations Otto! "
                            },
                            {
                                "type": "emoji",
                                "name": "grinning"
                            }
                        ]
                    }
                ]
            }
        ]
    }
]