[
    {
        "client_msg_id": "c12cb5a7-a5e0-402e-88f7-2b11991cc676",
        "type": "message",
        "text": "Buenos días",
        "user": "UJULAGJG5",
        "ts": "1568707640.000300",
        "team": "TJH5YU202",
        "user_team": "TJH5YU202",
        "source_team": "TJH5YU202",
        "user_profile": {
            "avatar_hash": "g456e0b2cdb9",
            "image_72": "https:\/\/secure.gravatar.com\/avatar\/dc456e0b2cdb991048d487a08c4a8c7a.jpg?s=72&d=https%3A%2F%2Fa.slack-edge.com%2F80588%2Fimg%2Favatars%2Fuser_shapes%2Fava_0004-72.png",
            "first_name": "",
            "real_name": "Gabriel",
            "display_name": "Gabriel",
            "team": "TJH5YU202",
            "name": "jgabri",
            "is_restricted": false,
            "is_ultra_restricted": false
        }
    },
    {
        "client_msg_id": "c12f3e09-6061-4f29-b70f-f1e8a168ac35",
        "type": "message",
        "text": "Hoy hay Charla ?",
        "user": "UJULAGJG5",
        "ts": "1568707656.000800",
        "team": "TJH5YU202",
        "user_team": "TJH5YU202",
        "source_team": "TJH5YU202",
        "user_profile": {
            "avatar_hash": "g456e0b2cdb9",
            "image_72": "https:\/\/secure.gravatar.com\/avatar\/dc456e0b2cdb991048d487a08c4a8c7a.jpg?s=72&d=https%3A%2F%2Fa.slack-edge.com%2F80588%2Fimg%2Favatars%2Fuser_shapes%2Fava_0004-72.png",
            "first_name": "",
            "real_name": "Gabriel",
            "display_name": "Gabriel",
            "team": "TJH5YU202",
            "name": "jgabri",
            "is_restricted": false,
            "is_ultra_restricted": false
        }
    },
    {
        "client_msg_id": "6a86c3e4-43f7-4636-b19e-745e7561f050",
        "type": "message",
        "text": "Gracias",
        "user": "UJULAGJG5",
        "ts": "1568707658.001000",
        "team": "TJH5YU202",
        "user_team": "TJH5YU202",
        "source_team": "TJH5YU202",
        "user_profile": {
            "avatar_hash": "g456e0b2cdb9",
            "image_72": "https:\/\/secure.gravatar.com\/avatar\/dc456e0b2cdb991048d487a08c4a8c7a.jpg?s=72&d=https%3A%2F%2Fa.slack-edge.com%2F80588%2Fimg%2Favatars%2Fuser_shapes%2Fava_0004-72.png",
            "first_name": "",
            "real_name": "Gabriel",
            "display_name": "Gabriel",
            "team": "TJH5YU202",
            "name": "jgabri",
            "is_restricted": false,
            "is_ultra_restricted": false
        }
    },
    {
        "client_msg_id": "6f953272-9804-442c-bb0c-e4f864aa3db6",
        "type": "message",
        "text": "No Gabriel. Quedamos en que vosotros probarais el code que se ha mostrado y si quereis avanzar, nos reunimos de nuevo para ver el tema del grid",
        "user": "UJWR5N32S",
        "ts": "1568707914.002000",
        "team": "TJH5YU202",
        "user_team": "TJH5YU202",
        "source_team": "TJH5YU202",
        "user_profile": {
            "avatar_hash": "273d3745f7ae",
            "image_72": "https:\/\/avatars.slack-edge.com\/2019-05-20\/634344238497_273d3745f7ae1b176b82_72.jpg",
            "first_name": "Charly",
            "real_name": "Charly",
            "display_name": "Charly",
            "team": "TJH5YU202",
            "name": "carles9000",
            "is_restricted": false,
            "is_ultra_restricted": false
        }
    },
    {
        "client_msg_id": "d10f16fc-7783-413f-be9e-1503ff1cf33e",
        "type": "message",
        "text": "Perfecto",
        "user": "UJULAGJG5",
        "ts": "1568708239.002400",
        "team": "TJH5YU202",
        "user_team": "TJH5YU202",
        "source_team": "TJH5YU202",
        "user_profile": {
            "avatar_hash": "g456e0b2cdb9",
            "image_72": "https:\/\/secure.gravatar.com\/avatar\/dc456e0b2cdb991048d487a08c4a8c7a.jpg?s=72&d=https%3A%2F%2Fa.slack-edge.com%2F80588%2Fimg%2Favatars%2Fuser_shapes%2Fava_0004-72.png",
            "first_name": "",
            "real_name": "Gabriel",
            "display_name": "Gabriel",
            "team": "TJH5YU202",
            "name": "jgabri",
            "is_restricted": false,
            "is_ultra_restricted": false
        }
    },
    {
        "client_msg_id": "994d9348-a8ab-40b7-bf5c-22ca2272a9d1",
        "type": "message",
        "text": "Gracias",
        "user": "UJULAGJG5",
        "ts": "1568708241.002600",
        "team": "TJH5YU202",
        "user_team": "TJH5YU202",
        "source_team": "TJH5YU202",
        "user_profile": {
            "avatar_hash": "g456e0b2cdb9",
            "image_72": "https:\/\/secure.gravatar.com\/avatar\/dc456e0b2cdb991048d487a08c4a8c7a.jpg?s=72&d=https%3A%2F%2Fa.slack-edge.com%2F80588%2Fimg%2Favatars%2Fuser_shapes%2Fava_0004-72.png",
            "first_name": "",
            "real_name": "Gabriel",
            "display_name": "Gabriel",
            "team": "TJH5YU202",
            "name": "jgabri",
            "is_restricted": false,
            "is_ultra_restricted": false
        }
    }
]