[
    {
        "user": "UJWR5N32S",
        "type": "message",
        "subtype": "channel_join",
        "ts": "1567961363.000200",
        "text": "<@UJWR5N32S> se ha unido al canal"
    },
    {
        "user": "UJWR5N32S",
        "type": "message",
        "subtype": "channel_purpose",
        "ts": "1567961364.000300",
        "text": "<@UJWR5N32S> ha definido la finalidad del canal: Model View Controller for Harbour",
        "purpose": "Model View Controller for Harbour"
    },
    {
        "client_msg_id": "3c1e6f19-449c-439d-bda1-def34968329c",
        "type": "message",
        "text": "Dia 09\/09\/19 a las 19.00 =&gt; *Curso MVC para Harbour*",
        "user": "UJWR5N32S",
        "ts": "1567961529.000800",
        "team": "TJH5YU202",
        "user_team": "TJH5YU202",
        "source_team": "TJH5YU202",
        "user_profile": {
            "avatar_hash": "273d3745f7ae",
            "image_72": "https:\/\/avatars.slack-edge.com\/2019-05-20\/634344238497_273d3745f7ae1b176b82_72.jpg",
            "first_name": "Charly",
            "real_name": "Charly",
            "display_name": "Charly",
            "team": "TJH5YU202",
            "name": "carles9000",
            "is_restricted": false,
            "is_ultra_restricted": false
        }
    },
    {
        "client_msg_id": "8b424c34-6f9a-40de-a3d4-4fd04ba414f6",
        "type": "message",
        "text": "Los que querais seguirlo en directo, ya sabeis por la cuenta de Skype",
        "user": "UJWR5N32S",
        "ts": "1567961540.001000",
        "team": "TJH5YU202",
        "user_team": "TJH5YU202",
        "source_team": "TJH5YU202",
        "user_profile": {
            "avatar_hash": "273d3745f7ae",
            "image_72": "https:\/\/avatars.slack-edge.com\/2019-05-20\/634344238497_273d3745f7ae1b176b82_72.jpg",
            "first_name": "Charly",
            "real_name": "Charly",
            "display_name": "Charly",
            "team": "TJH5YU202",
            "name": "carles9000",
            "is_restricted": false,
            "is_ultra_restricted": false
        }
    },
    {
        "client_msg_id": "e779234c-90d6-4674-a94e-f1502d5ea47f",
        "type": "message",
        "text": "Si quereis ir probándolo debereis tener instalado",
        "user": "UJWR5N32S",
        "ts": "1567961549.001200",
        "team": "TJH5YU202",
        "user_team": "TJH5YU202",
        "source_team": "TJH5YU202",
        "user_profile": {
            "avatar_hash": "273d3745f7ae",
            "image_72": "https:\/\/avatars.slack-edge.com\/2019-05-20\/634344238497_273d3745f7ae1b176b82_72.jpg",
            "first_name": "Charly",
            "real_name": "Charly",
            "display_name": "Charly",
            "team": "TJH5YU202",
            "name": "carles9000",
            "is_restricted": false,
            "is_ultra_restricted": false
        }
    },
    {
        "client_msg_id": "d4f72504-32ce-4802-a53c-076b6a0b80dd",
        "type": "message",
        "text": "- Editor\n- apache \/ xampp\n- git (opcional) (editado)\n- postman (opcional) por si lo necesitamos",
        "user": "UJWR5N32S",
        "ts": "1567961564.001500",
        "team": "TJH5YU202",
        "user_team": "TJH5YU202",
        "source_team": "TJH5YU202",
        "user_profile": {
            "avatar_hash": "273d3745f7ae",
            "image_72": "https:\/\/avatars.slack-edge.com\/2019-05-20\/634344238497_273d3745f7ae1b176b82_72.jpg",
            "first_name": "Charly",
            "real_name": "Charly",
            "display_name": "Charly",
            "team": "TJH5YU202",
            "name": "carles9000",
            "is_restricted": false,
            "is_ultra_restricted": false
        }
    },
    {
        "client_msg_id": "2491b95c-85cc-40f8-8da0-3fe1dff3494c",
        "type": "message",
        "text": "Este intento de curso esta destinado a ala gente que ya dispone de un minimo conocimiento de html, javascript, css\n\nUsaremos en la parte frontend bootstrap aunque no sea necesario para diseñar usando MVC\n\nNo se enseñara mañana ha hacer instalaciones: apache, git, bootstrap, editores,... Se supone que ya lo teneis listo\n\nLa idea es partir de cero y crear code. Mucho o mparte del code lo ire pasando por el chat de skype, como por ejemplo cuando creemos la pantalla que carga las diferentes librerias js y css\n\nIntentaremos acabar un ABM y en funcion de como vaya todo veremos un CRUD hecho con TDatatables\n\nSi hay alguna cuestion relacionada con MVC la soltaremos en este canal. Ok ?",
        "user": "UJWR5N32S",
        "ts": "1567961591.001900",
        "team": "TJH5YU202",
        "user_team": "TJH5YU202",
        "source_team": "TJH5YU202",
        "user_profile": {
            "avatar_hash": "273d3745f7ae",
            "image_72": "https:\/\/avatars.slack-edge.com\/2019-05-20\/634344238497_273d3745f7ae1b176b82_72.jpg",
            "first_name": "Charly",
            "real_name": "Charly",
            "display_name": "Charly",
            "team": "TJH5YU202",
            "name": "carles9000",
            "is_restricted": false,
            "is_ultra_restricted": false
        }
    },
    {
        "user": "UJWR5N32S",
        "type": "message",
        "subtype": "channel_name",
        "ts": "1567961648.002000",
        "text": "<@UJWR5N32S> ha cambiado el nombre del canal de \"mvc-mercury\" a \"mvc\"",
        "old_name": "mvc-mercury",
        "name": "mvc"
    },
    {
        "user": "UM81W8B0Q",
        "type": "message",
        "subtype": "channel_join",
        "ts": "1567961746.002200",
        "text": "<@UM81W8B0Q> se ha unido al canal"
    },
    {
        "user": "UJUJLTWMT",
        "type": "message",
        "subtype": "channel_join",
        "ts": "1567961939.002400",
        "text": "<@UJUJLTWMT> se ha unido al canal"
    },
    {
        "user": "UJULQCHL5",
        "type": "message",
        "subtype": "channel_join",
        "ts": "1567962449.002600",
        "text": "<@UJULQCHL5> se ha unido al canal"
    },
    {
        "type": "message",
        "text": "",
        "files": [
            {
                "id": "FN4PFBMG8",
                "created": 1567962483,
                "timestamp": 1567962483,
                "name": "mercury.png",
                "title": "mercury.png",
                "mimetype": "image\/png",
                "filetype": "png",
                "pretty_type": "PNG",
                "user": "UJWR5N32S",
                "editable": false,
                "size": 154304,
                "mode": "hosted",
                "is_external": false,
                "external_type": "",
                "is_public": true,
                "public_url_shared": false,
                "display_as_bot": false,
                "username": "",
                "url_private": "https:\/\/files.slack.com\/files-pri\/TJH5YU202-FN4PFBMG8\/mercury.png?t=xoxe-629202954002-776688371669-763909703378-01ffaa4c4eeda75ea92ad255b32a04e5",
                "url_private_download": "https:\/\/files.slack.com\/files-pri\/TJH5YU202-FN4PFBMG8\/download\/mercury.png?t=xoxe-629202954002-776688371669-763909703378-01ffaa4c4eeda75ea92ad255b32a04e5",
                "thumb_64": "https:\/\/files.slack.com\/files-tmb\/TJH5YU202-FN4PFBMG8-ce054dc571\/mercury_64.png?t=xoxe-629202954002-776688371669-763909703378-01ffaa4c4eeda75ea92ad255b32a04e5",
                "thumb_80": "https:\/\/files.slack.com\/files-tmb\/TJH5YU202-FN4PFBMG8-ce054dc571\/mercury_80.png?t=xoxe-629202954002-776688371669-763909703378-01ffaa4c4eeda75ea92ad255b32a04e5",
                "thumb_360": "https:\/\/files.slack.com\/files-tmb\/TJH5YU202-FN4PFBMG8-ce054dc571\/mercury_360.png?t=xoxe-629202954002-776688371669-763909703378-01ffaa4c4eeda75ea92ad255b32a04e5",
                "thumb_360_w": 360,
                "thumb_360_h": 90,
                "thumb_480": "https:\/\/files.slack.com\/files-tmb\/TJH5YU202-FN4PFBMG8-ce054dc571\/mercury_480.png?t=xoxe-629202954002-776688371669-763909703378-01ffaa4c4eeda75ea92ad255b32a04e5",
                "thumb_480_w": 480,
                "thumb_480_h": 120,
                "thumb_160": "https:\/\/files.slack.com\/files-tmb\/TJH5YU202-FN4PFBMG8-ce054dc571\/mercury_160.png?t=xoxe-629202954002-776688371669-763909703378-01ffaa4c4eeda75ea92ad255b32a04e5",
                "thumb_720": "https:\/\/files.slack.com\/files-tmb\/TJH5YU202-FN4PFBMG8-ce054dc571\/mercury_720.png?t=xoxe-629202954002-776688371669-763909703378-01ffaa4c4eeda75ea92ad255b32a04e5",
                "thumb_720_w": 720,
                "thumb_720_h": 180,
                "thumb_800": "https:\/\/files.slack.com\/files-tmb\/TJH5YU202-FN4PFBMG8-ce054dc571\/mercury_800.png?t=xoxe-629202954002-776688371669-763909703378-01ffaa4c4eeda75ea92ad255b32a04e5",
                "thumb_800_w": 800,
                "thumb_800_h": 200,
                "image_exif_rotation": 1,
                "original_w": 800,
                "original_h": 200,
                "permalink": "https:\/\/harbourproject.slack.com\/files\/UJWR5N32S\/FN4PFBMG8\/mercury.png",
                "permalink_public": "https:\/\/slack-files.com\/TJH5YU202-FN4PFBMG8-27bd95d67c",
                "is_starred": false,
                "has_rich_preview": false
            }
        ],
        "upload": true,
        "user": "UJWR5N32S",
        "display_as_bot": false,
        "ts": "1567962485.002700",
        "client_msg_id": "fc98d03f-6708-427e-aef0-15af723326d5"
    },
    {
        "user": "UJULAGJG5",
        "type": "message",
        "subtype": "channel_join",
        "ts": "1567962831.003400",
        "text": "<@UJULAGJG5> se ha unido al canal"
    },
    {
        "client_msg_id": "de659262-719f-4e55-9c3b-531b35ff2224",
        "type": "message",
        "text": "se puede decir tonterias y poner fotos de serranias y videos de napalm?",
        "user": "UJULQCHL5",
        "ts": "1567962859.004300",
        "team": "TJH5YU202",
        "user_team": "TJH5YU202",
        "source_team": "TJH5YU202",
        "user_profile": {
            "avatar_hash": "g7659142325a",
            "image_72": "https:\/\/secure.gravatar.com\/avatar\/c87659142325a3facb661d85281ec091.jpg?s=72&d=https%3A%2F%2Fa.slack-edge.com%2F80588%2Fimg%2Favatars%2Fuser_shapes%2Fava_0003-72.png",
            "first_name": "",
            "real_name": "Paquito",
            "display_name": "Paquito",
            "team": "TJH5YU202",
            "name": "hmpaquito",
            "is_restricted": false,
            "is_ultra_restricted": false
        }
    },
    {
        "client_msg_id": "cb06523e-2687-4667-8e5f-af82b3a105f0",
        "type": "message",
        "text": "Sientete libre... :slightly_smiling_face:",
        "user": "UJWR5N32S",
        "ts": "1567962992.004800",
        "team": "TJH5YU202",
        "user_team": "TJH5YU202",
        "source_team": "TJH5YU202",
        "user_profile": {
            "avatar_hash": "273d3745f7ae",
            "image_72": "https:\/\/avatars.slack-edge.com\/2019-05-20\/634344238497_273d3745f7ae1b176b82_72.jpg",
            "first_name": "Charly",
            "real_name": "Charly",
            "display_name": "Charly",
            "team": "TJH5YU202",
            "name": "carles9000",
            "is_restricted": false,
            "is_ultra_restricted": false
        }
    },
    {
        "client_msg_id": "64a49bdf-0f2c-4ff8-a970-5ffbe65abfb6",
        "type": "message",
        "text": "pero con ropa",
        "user": "UM81W8B0Q",
        "ts": "1567963171.005100",
        "team": "TJH5YU202",
        "user_team": "TJH5YU202",
        "source_team": "TJH5YU202",
        "user_profile": {
            "avatar_hash": "gab9279ee8c0",
            "image_72": "https:\/\/secure.gravatar.com\/avatar\/73ab9279ee8c00f66ce4904d30146c8f.jpg?s=72&d=https%3A%2F%2Fa.slack-edge.com%2F80588%2Fimg%2Favatars%2Fuser_shapes%2Fava_0010-72.png",
            "first_name": "",
            "real_name": "Angel Pais",
            "display_name": "Angel Pais",
            "team": "TJH5YU202",
            "name": "amigosam",
            "is_restricted": false,
            "is_ultra_restricted": false
        }
    },
    {
        "client_msg_id": "4d46649b-1633-48a4-9d36-0126bd291c7d",
        "type": "message",
        "text": "opcional sombrero",
        "user": "UM81W8B0Q",
        "ts": "1567963183.005500",
        "team": "TJH5YU202",
        "user_team": "TJH5YU202",
        "source_team": "TJH5YU202",
        "user_profile": {
            "avatar_hash": "gab9279ee8c0",
            "image_72": "https:\/\/secure.gravatar.com\/avatar\/73ab9279ee8c00f66ce4904d30146c8f.jpg?s=72&d=https%3A%2F%2Fa.slack-edge.com%2F80588%2Fimg%2Favatars%2Fuser_shapes%2Fava_0010-72.png",
            "first_name": "",
            "real_name": "Angel Pais",
            "display_name": "Angel Pais",
            "team": "TJH5YU202",
            "name": "amigosam",
            "is_restricted": false,
            "is_ultra_restricted": false
        }
    },
    {
        "client_msg_id": "3b75d06a-7744-4b28-b067-87ada43bdcda",
        "type": "message",
        "text": "fotos de perros tambien ?\nperdon por el olvido",
        "user": "UJULQCHL5",
        "ts": "1567963414.006400",
        "team": "TJH5YU202",
        "user_team": "TJH5YU202",
        "source_team": "TJH5YU202",
        "user_profile": {
            "avatar_hash": "g7659142325a",
            "image_72": "https:\/\/secure.gravatar.com\/avatar\/c87659142325a3facb661d85281ec091.jpg?s=72&d=https%3A%2F%2Fa.slack-edge.com%2F80588%2Fimg%2Favatars%2Fuser_shapes%2Fava_0003-72.png",
            "first_name": "",
            "real_name": "Paquito",
            "display_name": "Paquito",
            "team": "TJH5YU202",
            "name": "hmpaquito",
            "is_restricted": false,
            "is_ultra_restricted": false
        }
    },
    {
        "client_msg_id": "5457862f-0d0e-4ac6-b1dd-9406d97c4594",
        "type": "message",
        "text": "Siiii",
        "user": "UJULAGJG5",
        "ts": "1567963564.006700",
        "team": "TJH5YU202",
        "user_team": "TJH5YU202",
        "source_team": "TJH5YU202",
        "user_profile": {
            "avatar_hash": "g456e0b2cdb9",
            "image_72": "https:\/\/secure.gravatar.com\/avatar\/dc456e0b2cdb991048d487a08c4a8c7a.jpg?s=72&d=https%3A%2F%2Fa.slack-edge.com%2F80588%2Fimg%2Favatars%2Fuser_shapes%2Fava_0004-72.png",
            "first_name": "",
            "real_name": "Gabriel",
            "display_name": "Gabriel",
            "team": "TJH5YU202",
            "name": "jgabri",
            "is_restricted": false,
            "is_ultra_restricted": false
        }
    },
    {
        "user": "UJHK2Q8UT",
        "type": "message",
        "subtype": "channel_join",
        "ts": "1567966757.006900",
        "text": "<@UJHK2Q8UT> se ha unido al canal"
    },
    {
        "user": "UJJNSR2V8",
        "type": "message",
        "subtype": "channel_join",
        "ts": "1567980749.007100",
        "text": "<@UJJNSR2V8> se ha unido al canal"
    },
    {
        "user": "UJUFNFMFE",
        "type": "message",
        "subtype": "channel_join",
        "ts": "1567983566.007300",
        "text": "<@UJUFNFMFE> se ha unido al canal"
    }
]