[
    {
        "client_msg_id": "d371c6f2-e852-4152-8ea1-87aa4e8584b5",
        "type": "message",
        "text": "Bon dia, Buenos días.\nEn el sample, Charly, si cambiamos el Show Entry de 5 a 10, 25 o 50, la barra inferior de info \"MVC Mercury...\" se 'come' literalmente los botones de paginación.",
        "user": "UJU3NMK0U",
        "ts": "1568102063.006800",
        "team": "TJH5YU202",
        "user_team": "TJH5YU202",
        "source_team": "TJH5YU202",
        "user_profile": {
            "avatar_hash": "48f1b9655122",
            "image_72": "https:\/\/avatars.slack-edge.com\/2019-05-20\/640143784356_48f1b96551220d9fdd4d_72.jpg",
            "first_name": "Xevi",
            "real_name": "Xevi",
            "display_name": "Xevi",
            "team": "TJH5YU202",
            "name": "xevicomas",
            "is_restricted": false,
            "is_ultra_restricted": false
        }
    },
    {
        "client_msg_id": "0ac647ed-cdbb-4bff-9e98-4b2f3dfb119a",
        "type": "message",
        "text": "<@UJWR5N32S> aunque me uní muy tarde al skype, lo que vi me gusto mucho el tema de las rutas, veo q los conceptos los tienes muy muy claros",
        "user": "UJHK2Q8UT",
        "ts": "1568102147.007800",
        "team": "TJH5YU202",
        "user_team": "TJH5YU202",
        "source_team": "TJH5YU202",
        "user_profile": {
            "avatar_hash": "g94f8c70b95d",
            "image_72": "https:\/\/secure.gravatar.com\/avatar\/6e94f8c70b95dd8f53de15d4e4e763d0.jpg?s=72&d=https%3A%2F%2Fa.slack-edge.com%2F80588%2Fimg%2Favatars%2Fuser_shapes%2Fava_0021-72.png",
            "first_name": "",
            "real_name": "manuelcalerosolis",
            "display_name": "manuelcalerosolis",
            "team": "TJH5YU202",
            "name": "manuelcalerosolis",
            "is_restricted": false,
            "is_ultra_restricted": false
        }
    },
    {
        "client_msg_id": "4a91490d-ef00-4cfb-9e1c-8a20f2de39e3",
        "type": "message",
        "text": "enhorabuena",
        "user": "UJHK2Q8UT",
        "ts": "1568102157.008000",
        "team": "TJH5YU202",
        "user_team": "TJH5YU202",
        "source_team": "TJH5YU202",
        "user_profile": {
            "avatar_hash": "g94f8c70b95d",
            "image_72": "https:\/\/secure.gravatar.com\/avatar\/6e94f8c70b95dd8f53de15d4e4e763d0.jpg?s=72&d=https%3A%2F%2Fa.slack-edge.com%2F80588%2Fimg%2Favatars%2Fuser_shapes%2Fava_0021-72.png",
            "first_name": "",
            "real_name": "manuelcalerosolis",
            "display_name": "manuelcalerosolis",
            "team": "TJH5YU202",
            "name": "manuelcalerosolis",
            "is_restricted": false,
            "is_ultra_restricted": false
        }
    },
    {
        "client_msg_id": "3e3dfa2f-6052-48f3-be4c-f0eed2e9ca99",
        "type": "message",
        "text": "solo no entendí pq hacías un oApp:Init() al final",
        "user": "UJHK2Q8UT",
        "ts": "1568102191.008700",
        "team": "TJH5YU202",
        "user_team": "TJH5YU202",
        "source_team": "TJH5YU202",
        "user_profile": {
            "avatar_hash": "g94f8c70b95d",
            "image_72": "https:\/\/secure.gravatar.com\/avatar\/6e94f8c70b95dd8f53de15d4e4e763d0.jpg?s=72&d=https%3A%2F%2Fa.slack-edge.com%2F80588%2Fimg%2Favatars%2Fuser_shapes%2Fava_0021-72.png",
            "first_name": "",
            "real_name": "manuelcalerosolis",
            "display_name": "manuelcalerosolis",
            "team": "TJH5YU202",
            "name": "manuelcalerosolis",
            "is_restricted": false,
            "is_ultra_restricted": false
        }
    },
    {
        "type": "message",
        "text": "Veo que Marcelo todavía no ha colgado el video del curso...\nLo pongo en este enlace para quien quiera descargarlo y verlo... hasta que se suba a youtube\n<https:\/\/drive.google.com\/file\/d\/1gBBRpEDz28j3rb5egJwRf26cCMZnuFAp\/view?usp=sharing>",
        "files": [
            {
                "id": "FN65WSR8U",
                "created": 1568103575,
                "timestamp": 1568103575,
                "name": "Curs(1) MVC mod_harbour.mp4",
                "title": "Curs(1) MVC mod_harbour.mp4",
                "mimetype": "video\/mp4",
                "filetype": "mp4",
                "pretty_type": "MPEG 4 Video",
                "user": "UJU3NMK0U",
                "editable": false,
                "size": 701687661,
                "mode": "external",
                "is_external": true,
                "external_type": "gdrive",
                "is_public": true,
                "public_url_shared": false,
                "display_as_bot": false,
                "username": "",
                "url_private": "https:\/\/drive.google.com\/file\/d\/1gBBRpEDz28j3rb5egJwRf26cCMZnuFAp\/view?usp=sharing",
                "permalink": "https:\/\/harbourproject.slack.com\/files\/UJU3NMK0U\/FN65WSR8U\/curs_1__mvc_mod_harbour.mp4",
                "is_starred": false,
                "external_id": "1gBBRpEDz28j3rb5egJwRf26cCMZnuFAp",
                "external_url": "https:\/\/drive.google.com\/file\/d\/1gBBRpEDz28j3rb5egJwRf26cCMZnuFAp\/view?usp=sharing",
                "has_rich_preview": false
            }
        ],
        "upload": false,
        "user": "UJU3NMK0U",
        "display_as_bot": false,
        "x_files": [
            "FN65WSR8U"
        ],
        "ts": "1568103568.009800",
        "client_msg_id": "7672d777-c8d3-4cc3-9e0b-61d999d3a7a9"
    },
    {
        "client_msg_id": "6118456e-2456-4381-9a4c-2984ea154736",
        "type": "message",
        "text": "Gracias Xevi",
        "user": "UJULAGJG5",
        "ts": "1568103810.010600",
        "team": "TJH5YU202",
        "user_team": "TJH5YU202",
        "source_team": "TJH5YU202",
        "user_profile": {
            "avatar_hash": "g456e0b2cdb9",
            "image_72": "https:\/\/secure.gravatar.com\/avatar\/dc456e0b2cdb991048d487a08c4a8c7a.jpg?s=72&d=https%3A%2F%2Fa.slack-edge.com%2F80588%2Fimg%2Favatars%2Fuser_shapes%2Fava_0004-72.png",
            "first_name": "",
            "real_name": "Gabriel",
            "display_name": "Gabriel",
            "team": "TJH5YU202",
            "name": "jgabri",
            "is_restricted": false,
            "is_ultra_restricted": false
        }
    },
    {
        "client_msg_id": "329e92e3-1542-4ffe-9fba-d2da21fff6c6",
        "type": "message",
        "text": "<@UJU3NMK0U> Lo reviso cuando tenga un momento",
        "user": "UJWR5N32S",
        "ts": "1568105419.011100",
        "team": "TJH5YU202",
        "user_team": "TJH5YU202",
        "source_team": "TJH5YU202",
        "user_profile": {
            "avatar_hash": "273d3745f7ae",
            "image_72": "https:\/\/avatars.slack-edge.com\/2019-05-20\/634344238497_273d3745f7ae1b176b82_72.jpg",
            "first_name": "Charly",
            "real_name": "Charly",
            "display_name": "Charly",
            "team": "TJH5YU202",
            "name": "carles9000",
            "is_restricted": false,
            "is_ultra_restricted": false
        }
    },
    {
        "client_msg_id": "872f6f9c-866c-4522-a615-cf2b439150e9",
        "type": "message",
        "text": "<@UJHK2Q8UT> Me alegro :slightly_smiling_face:. La idea es sentar la base del concepto. Y si la gente lo va usando pues escalar sus funcionalidades. Tu conoces mucho Laravel, podrias aportar ideas o conceptos para mirar de implementarlos si podemos",
        "user": "UJWR5N32S",
        "ts": "1568105499.012500",
        "team": "TJH5YU202",
        "user_team": "TJH5YU202",
        "source_team": "TJH5YU202",
        "user_profile": {
            "avatar_hash": "273d3745f7ae",
            "image_72": "https:\/\/avatars.slack-edge.com\/2019-05-20\/634344238497_273d3745f7ae1b176b82_72.jpg",
            "first_name": "Charly",
            "real_name": "Charly",
            "display_name": "Charly",
            "team": "TJH5YU202",
            "name": "carles9000",
            "is_restricted": false,
            "is_ultra_restricted": false
        },
        "edited": {
            "user": "UJWR5N32S",
            "ts": "1568106244.000000"
        }
    },
    {
        "client_msg_id": "d983f179-230e-465f-a604-66734084df37",
        "type": "message",
        "text": "oApp:Init() acaba de configurar el sistema y ejecuta el metodo oRoute:Listen() que se encarga de escuchar la entrada via GET\/POST y chequear los diferentes maps que hemos definido para intentar enrutarlo",
        "user": "UJWR5N32S",
        "ts": "1568105740.014100",
        "team": "TJH5YU202",
        "user_team": "TJH5YU202",
        "source_team": "TJH5YU202",
        "user_profile": {
            "avatar_hash": "273d3745f7ae",
            "image_72": "https:\/\/avatars.slack-edge.com\/2019-05-20\/634344238497_273d3745f7ae1b176b82_72.jpg",
            "first_name": "Charly",
            "real_name": "Charly",
            "display_name": "Charly",
            "team": "TJH5YU202",
            "name": "carles9000",
            "is_restricted": false,
            "is_ultra_restricted": false
        }
    },
    {
        "client_msg_id": "0f6cccc2-0092-4aef-a438-f57fa15a70f2",
        "type": "message",
        "text": "Es bastante básico y se puede aumentar mucho la potencia de esta y las otras clases...pero primero lo basico :slightly_smiling_face:",
        "user": "UJWR5N32S",
        "ts": "1568106184.014800",
        "team": "TJH5YU202",
        "user_team": "TJH5YU202",
        "source_team": "TJH5YU202",
        "user_profile": {
            "avatar_hash": "273d3745f7ae",
            "image_72": "https:\/\/avatars.slack-edge.com\/2019-05-20\/634344238497_273d3745f7ae1b176b82_72.jpg",
            "first_name": "Charly",
            "real_name": "Charly",
            "display_name": "Charly",
            "team": "TJH5YU202",
            "name": "carles9000",
            "is_restricted": false,
            "is_ultra_restricted": false
        }
    },
    {
        "client_msg_id": "68bd9644-8b27-4c20-b201-9bbd2621765a",
        "type": "message",
        "text": "Animate y entra :wink:",
        "user": "UJWR5N32S",
        "ts": "1568106195.015100",
        "team": "TJH5YU202",
        "user_team": "TJH5YU202",
        "source_team": "TJH5YU202",
        "user_profile": {
            "avatar_hash": "273d3745f7ae",
            "image_72": "https:\/\/avatars.slack-edge.com\/2019-05-20\/634344238497_273d3745f7ae1b176b82_72.jpg",
            "first_name": "Charly",
            "real_name": "Charly",
            "display_name": "Charly",
            "team": "TJH5YU202",
            "name": "carles9000",
            "is_restricted": false,
            "is_ultra_restricted": false
        }
    },
    {
        "client_msg_id": "066d8728-b3fa-413b-8375-f63ddf8dbe15",
        "type": "message",
        "text": "<@UJWR5N32S> por aportar conozco los maneras de uso de los Routers el de Laravel y el Django, su funcionalidad es muy parecida pero la de Laravel me parece mas limpia",
        "user": "UJHK2Q8UT",
        "ts": "1568108944.016300",
        "team": "TJH5YU202",
        "user_team": "TJH5YU202",
        "source_team": "TJH5YU202",
        "user_profile": {
            "avatar_hash": "g94f8c70b95d",
            "image_72": "https:\/\/secure.gravatar.com\/avatar\/6e94f8c70b95dd8f53de15d4e4e763d0.jpg?s=72&d=https%3A%2F%2Fa.slack-edge.com%2F80588%2Fimg%2Favatars%2Fuser_shapes%2Fava_0021-72.png",
            "first_name": "",
            "real_name": "manuelcalerosolis",
            "display_name": "manuelcalerosolis",
            "team": "TJH5YU202",
            "name": "manuelcalerosolis",
            "is_restricted": false,
            "is_ultra_restricted": false
        }
    },
    {
        "client_msg_id": "76ab56b5-00ae-483d-b69c-eee8060aa89b",
        "type": "message",
        "text": "Django usa arrays para sus rutas mientras Laravel usa llamadas al singleton Route::",
        "user": "UJHK2Q8UT",
        "ts": "1568109026.017600",
        "team": "TJH5YU202",
        "user_team": "TJH5YU202",
        "source_team": "TJH5YU202",
        "user_profile": {
            "avatar_hash": "g94f8c70b95d",
            "image_72": "https:\/\/secure.gravatar.com\/avatar\/6e94f8c70b95dd8f53de15d4e4e763d0.jpg?s=72&d=https%3A%2F%2Fa.slack-edge.com%2F80588%2Fimg%2Favatars%2Fuser_shapes%2Fava_0021-72.png",
            "first_name": "",
            "real_name": "manuelcalerosolis",
            "display_name": "manuelcalerosolis",
            "team": "TJH5YU202",
            "name": "manuelcalerosolis",
            "is_restricted": false,
            "is_ultra_restricted": false
        }
    },
    {
        "client_msg_id": "6d7e3e1b-e019-4e67-9ed0-e82c5ef498df",
        "type": "message",
        "text": "muy parecido a como lo has realizado tu",
        "user": "UJHK2Q8UT",
        "ts": "1568109048.018000",
        "team": "TJH5YU202",
        "user_team": "TJH5YU202",
        "source_team": "TJH5YU202",
        "user_profile": {
            "avatar_hash": "g94f8c70b95d",
            "image_72": "https:\/\/secure.gravatar.com\/avatar\/6e94f8c70b95dd8f53de15d4e4e763d0.jpg?s=72&d=https%3A%2F%2Fa.slack-edge.com%2F80588%2Fimg%2Favatars%2Fuser_shapes%2Fava_0021-72.png",
            "first_name": "",
            "real_name": "manuelcalerosolis",
            "display_name": "manuelcalerosolis",
            "team": "TJH5YU202",
            "name": "manuelcalerosolis",
            "is_restricted": false,
            "is_ultra_restricted": false
        }
    },
    {
        "client_msg_id": "89eb1ea2-7e57-4c77-99d3-514af9fb0b9f",
        "type": "message",
        "text": "Pero sin necesidad de pasar por App()",
        "user": "UJHK2Q8UT",
        "ts": "1568109074.018300",
        "team": "TJH5YU202",
        "user_team": "TJH5YU202",
        "source_team": "TJH5YU202",
        "user_profile": {
            "avatar_hash": "g94f8c70b95d",
            "image_72": "https:\/\/secure.gravatar.com\/avatar\/6e94f8c70b95dd8f53de15d4e4e763d0.jpg?s=72&d=https%3A%2F%2Fa.slack-edge.com%2F80588%2Fimg%2Favatars%2Fuser_shapes%2Fava_0021-72.png",
            "first_name": "",
            "real_name": "manuelcalerosolis",
            "display_name": "manuelcalerosolis",
            "team": "TJH5YU202",
            "name": "manuelcalerosolis",
            "is_restricted": false,
            "is_ultra_restricted": false
        }
    },
    {
        "client_msg_id": "9ca678b2-a48e-4994-bd22-f34dc0a8517e",
        "type": "message",
        "text": "Es que oApp debería estar en el core del mod como una PUBLIC.\nPara mi no hay duda de que MVC debe formar, aunque sea minimamente, del core, pero Charly no ha querido interferir en el core y lo ha solucionado con eso.\nLa leche, que parece que soy su apoderado...",
        "user": "UJULQCHL5",
        "ts": "1568109959.020400",
        "team": "TJH5YU202",
        "user_team": "TJH5YU202",
        "source_team": "TJH5YU202",
        "user_profile": {
            "avatar_hash": "g7659142325a",
            "image_72": "https:\/\/secure.gravatar.com\/avatar\/c87659142325a3facb661d85281ec091.jpg?s=72&d=https%3A%2F%2Fa.slack-edge.com%2F80588%2Fimg%2Favatars%2Fuser_shapes%2Fava_0003-72.png",
            "first_name": "",
            "real_name": "Paquito",
            "display_name": "Paquito",
            "team": "TJH5YU202",
            "name": "hmpaquito",
            "is_restricted": false,
            "is_ultra_restricted": false
        }
    },
    {
        "client_msg_id": "3f3599e0-e0a5-427c-b32f-ef63748c5ed6",
        "type": "message",
        "text": "<@UJHK2Q8UT> Vale, piensa que App es una simple capa que pretende englobar \"todo\" sin ser estrictamente parte de route. Tambien lo he querido diseñar sin interfirir en el core. Imaginate que ahora vienes tu u otro y crean otro MVC Pluton. La gracia del mod es que cargamos la libreria que queramos y listos, ya tenemops esa funcionalidad lista. Pienso que es una buena manera de plantearlo y ofreces una buena flexibilidad al sistema",
        "user": "UJWR5N32S",
        "ts": "1568110871.023200",
        "team": "TJH5YU202",
        "user_team": "TJH5YU202",
        "source_team": "TJH5YU202",
        "user_profile": {
            "avatar_hash": "273d3745f7ae",
            "image_72": "https:\/\/avatars.slack-edge.com\/2019-05-20\/634344238497_273d3745f7ae1b176b82_72.jpg",
            "first_name": "Charly",
            "real_name": "Charly",
            "display_name": "Charly",
            "team": "TJH5YU202",
            "name": "carles9000",
            "is_restricted": false,
            "is_ultra_restricted": false
        },
        "edited": {
            "user": "UJWR5N32S",
            "ts": "1568110916.000000"
        }
    },
    {
        "client_msg_id": "ec183b94-526d-4ee4-b788-17158bf767ac",
        "type": "message",
        "text": "Pues seria dificil dos frameworks en una app",
        "user": "UJHK2Q8UT",
        "ts": "1568111026.024300",
        "team": "TJH5YU202",
        "user_team": "TJH5YU202",
        "source_team": "TJH5YU202",
        "user_profile": {
            "avatar_hash": "g94f8c70b95d",
            "image_72": "https:\/\/secure.gravatar.com\/avatar\/6e94f8c70b95dd8f53de15d4e4e763d0.jpg?s=72&d=https%3A%2F%2Fa.slack-edge.com%2F80588%2Fimg%2Favatars%2Fuser_shapes%2Fava_0021-72.png",
            "first_name": "",
            "real_name": "manuelcalerosolis",
            "display_name": "manuelcalerosolis",
            "team": "TJH5YU202",
            "name": "manuelcalerosolis",
            "is_restricted": false,
            "is_ultra_restricted": false
        }
    },
    {
        "client_msg_id": "f9a2ed32-3233-4e96-96ac-7c8e2ea90778",
        "type": "message",
        "text": "y dos enrrutadores",
        "user": "UJHK2Q8UT",
        "ts": "1568111043.024800",
        "team": "TJH5YU202",
        "user_team": "TJH5YU202",
        "source_team": "TJH5YU202",
        "user_profile": {
            "avatar_hash": "g94f8c70b95d",
            "image_72": "https:\/\/secure.gravatar.com\/avatar\/6e94f8c70b95dd8f53de15d4e4e763d0.jpg?s=72&d=https%3A%2F%2Fa.slack-edge.com%2F80588%2Fimg%2Favatars%2Fuser_shapes%2Fava_0021-72.png",
            "first_name": "",
            "real_name": "manuelcalerosolis",
            "display_name": "manuelcalerosolis",
            "team": "TJH5YU202",
            "name": "manuelcalerosolis",
            "is_restricted": false,
            "is_ultra_restricted": false
        }
    },
    {
        "client_msg_id": "d822d217-1f7f-48fb-a002-444aaaa5c3af",
        "type": "message",
        "text": "Claro, pero es lo q te digo imaginate que en el mod_harbour quieres usar el MVC Mercury , pero otro usario quiere usar el MVC Pluton",
        "user": "UJWR5N32S",
        "ts": "1568111074.025900",
        "team": "TJH5YU202",
        "user_team": "TJH5YU202",
        "source_team": "TJH5YU202",
        "user_profile": {
            "avatar_hash": "273d3745f7ae",
            "image_72": "https:\/\/avatars.slack-edge.com\/2019-05-20\/634344238497_273d3745f7ae1b176b82_72.jpg",
            "first_name": "Charly",
            "real_name": "Charly",
            "display_name": "Charly",
            "team": "TJH5YU202",
            "name": "carles9000",
            "is_restricted": false,
            "is_ultra_restricted": false
        }
    },
    {
        "client_msg_id": "3c67acb6-665c-4fca-b3f5-6c7639d69be6",
        "type": "message",
        "text": "o usas uno o otro no ?",
        "user": "UJWR5N32S",
        "ts": "1568111085.026300",
        "team": "TJH5YU202",
        "user_team": "TJH5YU202",
        "source_team": "TJH5YU202",
        "user_profile": {
            "avatar_hash": "273d3745f7ae",
            "image_72": "https:\/\/avatars.slack-edge.com\/2019-05-20\/634344238497_273d3745f7ae1b176b82_72.jpg",
            "first_name": "Charly",
            "real_name": "Charly",
            "display_name": "Charly",
            "team": "TJH5YU202",
            "name": "carles9000",
            "is_restricted": false,
            "is_ultra_restricted": false
        }
    },
    {
        "client_msg_id": "59cecfe2-a73c-473c-abf2-0dce63d3c8d7",
        "type": "message",
        "text": "he visto algunas apps q usan el enrrutador de vue p.e. y el back en Laravel",
        "user": "UJHK2Q8UT",
        "ts": "1568111088.026500",
        "team": "TJH5YU202",
        "user_team": "TJH5YU202",
        "source_team": "TJH5YU202",
        "user_profile": {
            "avatar_hash": "g94f8c70b95d",
            "image_72": "https:\/\/secure.gravatar.com\/avatar\/6e94f8c70b95dd8f53de15d4e4e763d0.jpg?s=72&d=https%3A%2F%2Fa.slack-edge.com%2F80588%2Fimg%2Favatars%2Fuser_shapes%2Fava_0021-72.png",
            "first_name": "",
            "real_name": "manuelcalerosolis",
            "display_name": "manuelcalerosolis",
            "team": "TJH5YU202",
            "name": "manuelcalerosolis",
            "is_restricted": false,
            "is_ultra_restricted": false
        }
    },
    {
        "client_msg_id": "2b63177b-cf68-4b2c-a043-a783cfd5e596",
        "type": "message",
        "text": "Vale, esto es flexibilidad",
        "user": "UJWR5N32S",
        "ts": "1568111110.026800",
        "team": "TJH5YU202",
        "user_team": "TJH5YU202",
        "source_team": "TJH5YU202",
        "user_profile": {
            "avatar_hash": "273d3745f7ae",
            "image_72": "https:\/\/avatars.slack-edge.com\/2019-05-20\/634344238497_273d3745f7ae1b176b82_72.jpg",
            "first_name": "Charly",
            "real_name": "Charly",
            "display_name": "Charly",
            "team": "TJH5YU202",
            "name": "carles9000",
            "is_restricted": false,
            "is_ultra_restricted": false
        }
    },
    {
        "client_msg_id": "c22bbb8b-e27a-40b0-8410-62f9e54f57da",
        "type": "message",
        "text": "Por ejemplo, en la parte de model, usamos la base del WDO (para manejar dbf y mysql).",
        "user": "UJWR5N32S",
        "ts": "1568111143.027500",
        "team": "TJH5YU202",
        "user_team": "TJH5YU202",
        "source_team": "TJH5YU202",
        "user_profile": {
            "avatar_hash": "273d3745f7ae",
            "image_72": "https:\/\/avatars.slack-edge.com\/2019-05-20\/634344238497_273d3745f7ae1b176b82_72.jpg",
            "first_name": "Charly",
            "real_name": "Charly",
            "display_name": "Charly",
            "team": "TJH5YU202",
            "name": "carles9000",
            "is_restricted": false,
            "is_ultra_restricted": false
        }
    },
    {
        "client_msg_id": "2fdc85eb-2bfa-45d8-aee2-219302137102",
        "type": "message",
        "text": "Si algun dia dentro del MVC quiere usar en lugar del WDO el HDO de Manu, pues se lo cascas y listos",
        "user": "UJWR5N32S",
        "ts": "1568111177.028300",
        "team": "TJH5YU202",
        "user_team": "TJH5YU202",
        "source_team": "TJH5YU202",
        "user_profile": {
            "avatar_hash": "273d3745f7ae",
            "image_72": "https:\/\/avatars.slack-edge.com\/2019-05-20\/634344238497_273d3745f7ae1b176b82_72.jpg",
            "first_name": "Charly",
            "real_name": "Charly",
            "display_name": "Charly",
            "team": "TJH5YU202",
            "name": "carles9000",
            "is_restricted": false,
            "is_ultra_restricted": false
        }
    },
    {
        "client_msg_id": "e38c2d59-9e2c-4b50-a0d9-a339b7aebe43",
        "type": "message",
        "text": "De todas maneras es todo una base para currarlo",
        "user": "UJWR5N32S",
        "ts": "1568111188.028600",
        "team": "TJH5YU202",
        "user_team": "TJH5YU202",
        "source_team": "TJH5YU202",
        "user_profile": {
            "avatar_hash": "273d3745f7ae",
            "image_72": "https:\/\/avatars.slack-edge.com\/2019-05-20\/634344238497_273d3745f7ae1b176b82_72.jpg",
            "first_name": "Charly",
            "real_name": "Charly",
            "display_name": "Charly",
            "team": "TJH5YU202",
            "name": "carles9000",
            "is_restricted": false,
            "is_ultra_restricted": false
        }
    },
    {
        "client_msg_id": "421ff9c4-f0e6-42c7-ac7f-92717cacd6fb",
        "type": "message",
        "text": ":slightly_smiling_face:",
        "user": "UJWR5N32S",
        "ts": "1568111190.028800",
        "team": "TJH5YU202",
        "user_team": "TJH5YU202",
        "source_team": "TJH5YU202",
        "user_profile": {
            "avatar_hash": "273d3745f7ae",
            "image_72": "https:\/\/avatars.slack-edge.com\/2019-05-20\/634344238497_273d3745f7ae1b176b82_72.jpg",
            "first_name": "Charly",
            "real_name": "Charly",
            "display_name": "Charly",
            "team": "TJH5YU202",
            "name": "carles9000",
            "is_restricted": false,
            "is_ultra_restricted": false
        }
    },
    {
        "client_msg_id": "6a73d4de-1980-4cd4-99ed-4145effd1df9",
        "type": "message",
        "text": "<https:\/\/youtu.be\/YsAqhTICS-I>",
        "user": "UJUFNFMFE",
        "ts": "1568118891.029000",
        "team": "TJH5YU202",
        "user_team": "TJH5YU202",
        "source_team": "TJH5YU202",
        "user_profile": {
            "avatar_hash": "aa4e40c137f0",
            "image_72": "https:\/\/avatars.slack-edge.com\/2019-05-21\/630419446595_aa4e40c137f03c23b9cd_72.jpg",
            "first_name": "Marcelo",
            "real_name": "Marcelo Roggeri",
            "display_name": "Marcelo Roggeri",
            "team": "TJH5YU202",
            "name": "roggerimarcelo",
            "is_restricted": false,
            "is_ultra_restricted": false
        },
        "attachments": [
            {
                "service_name": "YouTube",
                "service_url": "https:\/\/www.youtube.com\/",
                "title": "HWeb MVC1",
                "title_link": "https:\/\/youtu.be\/YsAqhTICS-I",
                "author_name": "Marcelo Roggeri",
                "author_link": "https:\/\/www.youtube.com\/channel\/UCLcisQQ4C6CrFp3Hkvt7FRA",
                "thumb_url": "https:\/\/i.ytimg.com\/vi\/YsAqhTICS-I\/hqdefault.jpg",
                "thumb_width": 480,
                "thumb_height": 360,
                "fallback": "YouTube Video: HWeb MVC1",
                "video_html": "<iframe width=\"400\" height=\"225\" src=\"https:\/\/www.youtube.com\/embed\/YsAqhTICS-I?feature=oembed&autoplay=1&iv_load_policy=3\" frameborder=\"0\" allow=\"accelerometer; autoplay; encrypted-media; gyroscope; picture-in-picture\" allowfullscreen><\/iframe>",
                "video_html_width": 400,
                "video_html_height": 225,
                "from_url": "https:\/\/youtu.be\/YsAqhTICS-I",
                "service_icon": "https:\/\/a.slack-edge.com\/80588\/img\/unfurl_icons\/youtube.png",
                "id": 1,
                "original_url": "https:\/\/youtu.be\/YsAqhTICS-I"
            }
        ],
        "reactions": [
            {
                "name": "+1",
                "users": [
                    "UJUJLTWMT",
                    "UJULQCHL5",
                    "UJWR5N32S"
                ],
                "count": 3
            },
            {
                "name": "heart_eyes",
                "users": [
                    "UJULQCHL5"
                ],
                "count": 1
            }
        ]
    },
    {
        "client_msg_id": "15ae83ad-ba0d-452f-9d52-bfcd1f4d1402",
        "type": "message",
        "text": "Perdon por la demora ayer tuve un dia complicado",
        "user": "UJUFNFMFE",
        "ts": "1568118908.029400",
        "team": "TJH5YU202",
        "user_team": "TJH5YU202",
        "source_team": "TJH5YU202",
        "user_profile": {
            "avatar_hash": "aa4e40c137f0",
            "image_72": "https:\/\/avatars.slack-edge.com\/2019-05-21\/630419446595_aa4e40c137f03c23b9cd_72.jpg",
            "first_name": "Marcelo",
            "real_name": "Marcelo Roggeri",
            "display_name": "Marcelo Roggeri",
            "team": "TJH5YU202",
            "name": "roggerimarcelo",
            "is_restricted": false,
            "is_ultra_restricted": false
        }
    },
    {
        "client_msg_id": "5e913972-e7c3-49a2-9e67-caccb6388eb1",
        "type": "message",
        "text": "Lo que haces no tiene precio, no te disculpes",
        "user": "UJUJLTWMT",
        "ts": "1568119262.029700",
        "team": "TJH5YU202",
        "user_team": "TJH5YU202",
        "source_team": "TJH5YU202",
        "user_profile": {
            "avatar_hash": "a60e3b1ef2d2",
            "image_72": "https:\/\/avatars.slack-edge.com\/2019-08-20\/726246109489_a60e3b1ef2d2c141969d_72.jpg",
            "first_name": "",
            "real_name": "Cristobal",
            "display_name": "Cristobal",
            "team": "TJH5YU202",
            "name": "navarro.cristobal",
            "is_restricted": false,
            "is_ultra_restricted": false
        },
        "reactions": [
            {
                "name": "+1",
                "users": [
                    "UJUFNFMFE"
                ],
                "count": 1
            }
        ]
    },
    {
        "user": "UJH8HAJQ2",
        "type": "message",
        "subtype": "channel_join",
        "ts": "1568121514.030600",
        "text": "<@UJH8HAJQ2> se ha unido al canal"
    },
    {
        "type": "message",
        "text": "A las 19.00 (II parte MVC)",
        "files": [
            {
                "id": "FN6PZ2JRJ",
                "created": 1568132506,
                "timestamp": 1568132506,
                "name": "mercury.png",
                "title": "mercury.png",
                "mimetype": "image\/png",
                "filetype": "png",
                "pretty_type": "PNG",
                "user": "UJWR5N32S",
                "editable": false,
                "size": 154304,
                "mode": "hosted",
                "is_external": false,
                "external_type": "",
                "is_public": true,
                "public_url_shared": false,
                "display_as_bot": false,
                "username": "",
                "url_private": "https:\/\/files.slack.com\/files-pri\/TJH5YU202-FN6PZ2JRJ\/mercury.png?t=xoxe-629202954002-776688371669-763909703378-01ffaa4c4eeda75ea92ad255b32a04e5",
                "url_private_download": "https:\/\/files.slack.com\/files-pri\/TJH5YU202-FN6PZ2JRJ\/download\/mercury.png?t=xoxe-629202954002-776688371669-763909703378-01ffaa4c4eeda75ea92ad255b32a04e5",
                "thumb_64": "https:\/\/files.slack.com\/files-tmb\/TJH5YU202-FN6PZ2JRJ-5cc8c26cca\/mercury_64.png?t=xoxe-629202954002-776688371669-763909703378-01ffaa4c4eeda75ea92ad255b32a04e5",
                "thumb_80": "https:\/\/files.slack.com\/files-tmb\/TJH5YU202-FN6PZ2JRJ-5cc8c26cca\/mercury_80.png?t=xoxe-629202954002-776688371669-763909703378-01ffaa4c4eeda75ea92ad255b32a04e5",
                "thumb_360": "https:\/\/files.slack.com\/files-tmb\/TJH5YU202-FN6PZ2JRJ-5cc8c26cca\/mercury_360.png?t=xoxe-629202954002-776688371669-763909703378-01ffaa4c4eeda75ea92ad255b32a04e5",
                "thumb_360_w": 360,
                "thumb_360_h": 90,
                "thumb_480": "https:\/\/files.slack.com\/files-tmb\/TJH5YU202-FN6PZ2JRJ-5cc8c26cca\/mercury_480.png?t=xoxe-629202954002-776688371669-763909703378-01ffaa4c4eeda75ea92ad255b32a04e5",
                "thumb_480_w": 480,
                "thumb_480_h": 120,
                "thumb_160": "https:\/\/files.slack.com\/files-tmb\/TJH5YU202-FN6PZ2JRJ-5cc8c26cca\/mercury_160.png?t=xoxe-629202954002-776688371669-763909703378-01ffaa4c4eeda75ea92ad255b32a04e5",
                "thumb_720": "https:\/\/files.slack.com\/files-tmb\/TJH5YU202-FN6PZ2JRJ-5cc8c26cca\/mercury_720.png?t=xoxe-629202954002-776688371669-763909703378-01ffaa4c4eeda75ea92ad255b32a04e5",
                "thumb_720_w": 720,
                "thumb_720_h": 180,
                "thumb_800": "https:\/\/files.slack.com\/files-tmb\/TJH5YU202-FN6PZ2JRJ-5cc8c26cca\/mercury_800.png?t=xoxe-629202954002-776688371669-763909703378-01ffaa4c4eeda75ea92ad255b32a04e5",
                "thumb_800_w": 800,
                "thumb_800_h": 200,
                "image_exif_rotation": 1,
                "original_w": 800,
                "original_h": 200,
                "permalink": "https:\/\/harbourproject.slack.com\/files\/UJWR5N32S\/FN6PZ2JRJ\/mercury.png",
                "permalink_public": "https:\/\/slack-files.com\/TJH5YU202-FN6PZ2JRJ-7791048b71",
                "is_starred": false,
                "has_rich_preview": false
            }
        ],
        "upload": true,
        "user": "UJWR5N32S",
        "display_as_bot": false,
        "ts": "1568132507.030700",
        "client_msg_id": "d81bec38-f4fc-4161-8332-aad4f1377231"
    },
    {
        "client_msg_id": "464fc22d-b4ae-4f69-bc09-11ee0159ed81",
        "type": "message",
        "text": "<https:\/\/join.skype.com\/eXxLemsXd2bc>",
        "user": "UJWR5N32S",
        "ts": "1568132547.031100",
        "team": "TJH5YU202",
        "user_team": "TJH5YU202",
        "source_team": "TJH5YU202",
        "user_profile": {
            "avatar_hash": "273d3745f7ae",
            "image_72": "https:\/\/avatars.slack-edge.com\/2019-05-20\/634344238497_273d3745f7ae1b176b82_72.jpg",
            "first_name": "Charly",
            "real_name": "Charly",
            "display_name": "Charly",
            "team": "TJH5YU202",
            "name": "carles9000",
            "is_restricted": false,
            "is_ultra_restricted": false
        },
        "attachments": [
            {
                "title": "Skype",
                "title_link": "https:\/\/join.skype.com\/eXxLemsXd2bc",
                "fallback": "Skype",
                "image_url": "https:\/\/join.secure.skypeassets.com\/static\/14.172\/images\/icons\/opengraph_image.png",
                "image_width": 250,
                "image_height": 250,
                "from_url": "https:\/\/join.skype.com\/eXxLemsXd2bc",
                "image_bytes": 28276,
                "service_icon": "https:\/\/join.secure.skypeassets.com\/static\/14.172\/images\/icons\/apple-touch-icon.png",
                "service_name": "join.skype.com",
                "id": 1,
                "original_url": "https:\/\/join.skype.com\/eXxLemsXd2bc"
            }
        ]
    },
    {
        "type": "message",
        "text": "Video del curso (2) de hoy\nPor si lo quereis ver antes no se cuelgue en Youtube...\n<https:\/\/drive.google.com\/file\/d\/1gPTbTvKZc14esEPTfPd9tkN_YbUe9Il2\/view?usp=sharing>",
        "files": [
            {
                "id": "FN71N8ABE",
                "created": 1568142256,
                "timestamp": 1568142256,
                "name": "Curs(2) MVC mod_harbour.mp4",
                "title": "Curs(2) MVC mod_harbour.mp4",
                "mimetype": "video\/mp4",
                "filetype": "mp4",
                "pretty_type": "MPEG 4 Video",
                "user": "UJU3NMK0U",
                "editable": false,
                "size": 924583443,
                "mode": "external",
                "is_external": true,
                "external_type": "gdrive",
                "is_public": true,
                "public_url_shared": false,
                "display_as_bot": false,
                "username": "",
                "url_private": "https:\/\/drive.google.com\/file\/d\/1gPTbTvKZc14esEPTfPd9tkN_YbUe9Il2\/view?usp=sharing",
                "permalink": "https:\/\/harbourproject.slack.com\/files\/UJU3NMK0U\/FN71N8ABE\/curs_2__mvc_mod_harbour.mp4",
                "is_starred": false,
                "external_id": "1gPTbTvKZc14esEPTfPd9tkN_YbUe9Il2",
                "external_url": "https:\/\/drive.google.com\/file\/d\/1gPTbTvKZc14esEPTfPd9tkN_YbUe9Il2\/view?usp=sharing",
                "has_rich_preview": false
            }
        ],
        "upload": false,
        "user": "UJU3NMK0U",
        "display_as_bot": false,
        "x_files": [
            "FN71N8ABE"
        ],
        "ts": "1568142247.032100",
        "client_msg_id": "3b55a132-4255-46a1-a03d-807ce104a26c"
    },
    {
        "client_msg_id": "db406690-3962-4ca4-90a0-f60620ad71bd",
        "type": "message",
        "text": "Hoy no he podido estar en vivo\/directo.",
        "user": "UJU3NMK0U",
        "ts": "1568142307.033600",
        "team": "TJH5YU202",
        "user_team": "TJH5YU202",
        "source_team": "TJH5YU202",
        "user_profile": {
            "avatar_hash": "48f1b9655122",
            "image_72": "https:\/\/avatars.slack-edge.com\/2019-05-20\/640143784356_48f1b96551220d9fdd4d_72.jpg",
            "first_name": "Xevi",
            "real_name": "Xevi",
            "display_name": "Xevi",
            "team": "TJH5YU202",
            "name": "xevicomas",
            "is_restricted": false,
            "is_ultra_restricted": false
        }
    },
    {
        "client_msg_id": "0e046f53-1345-416f-8cbb-dc395d672f1a",
        "type": "message",
        "text": "<@UJWR5N32S> de nuevo felicitarte gran trabajo",
        "user": "UJHK2Q8UT",
        "ts": "1568142483.034200",
        "team": "TJH5YU202",
        "user_team": "TJH5YU202",
        "source_team": "TJH5YU202",
        "user_profile": {
            "avatar_hash": "g94f8c70b95d",
            "image_72": "https:\/\/secure.gravatar.com\/avatar\/6e94f8c70b95dd8f53de15d4e4e763d0.jpg?s=72&d=https%3A%2F%2Fa.slack-edge.com%2F80588%2Fimg%2Favatars%2Fuser_shapes%2Fava_0021-72.png",
            "first_name": "",
            "real_name": "manuelcalerosolis",
            "display_name": "manuelcalerosolis",
            "team": "TJH5YU202",
            "name": "manuelcalerosolis",
            "is_restricted": false,
            "is_ultra_restricted": false
        }
    },
    {
        "client_msg_id": "4e1d4ce3-4534-4613-a4b8-e83a4ea3f0a0",
        "type": "message",
        "text": "te mando una clase validator q yo usaba en mi version SQL",
        "user": "UJHK2Q8UT",
        "ts": "1568142513.034700",
        "team": "TJH5YU202",
        "user_team": "TJH5YU202",
        "source_team": "TJH5YU202",
        "user_profile": {
            "avatar_hash": "g94f8c70b95d",
            "image_72": "https:\/\/secure.gravatar.com\/avatar\/6e94f8c70b95dd8f53de15d4e4e763d0.jpg?s=72&d=https%3A%2F%2Fa.slack-edge.com%2F80588%2Fimg%2Favatars%2Fuser_shapes%2Fava_0021-72.png",
            "first_name": "",
            "real_name": "manuelcalerosolis",
            "display_name": "manuelcalerosolis",
            "team": "TJH5YU202",
            "name": "manuelcalerosolis",
            "is_restricted": false,
            "is_ultra_restricted": false
        }
    },
    {
        "client_msg_id": "1d67494f-fe01-4373-b814-df75d0319f93",
        "type": "message",
        "text": "evita el uso de un CASE muy grande",
        "user": "UJHK2Q8UT",
        "ts": "1568142533.035300",
        "team": "TJH5YU202",
        "user_team": "TJH5YU202",
        "source_team": "TJH5YU202",
        "user_profile": {
            "avatar_hash": "g94f8c70b95d",
            "image_72": "https:\/\/secure.gravatar.com\/avatar\/6e94f8c70b95dd8f53de15d4e4e763d0.jpg?s=72&d=https%3A%2F%2Fa.slack-edge.com%2F80588%2Fimg%2Favatars%2Fuser_shapes%2Fava_0021-72.png",
            "first_name": "",
            "real_name": "manuelcalerosolis",
            "display_name": "manuelcalerosolis",
            "team": "TJH5YU202",
            "name": "manuelcalerosolis",
            "is_restricted": false,
            "is_ultra_restricted": false
        }
    },
    {
        "client_msg_id": "e462b4f2-5800-406b-a6fe-be7b3301dbab",
        "type": "message",
        "text": "Gracias Manu",
        "user": "UJWR5N32S",
        "ts": "1568142533.035400",
        "team": "TJH5YU202",
        "user_team": "TJH5YU202",
        "source_team": "TJH5YU202",
        "user_profile": {
            "avatar_hash": "273d3745f7ae",
            "image_72": "https:\/\/avatars.slack-edge.com\/2019-05-20\/634344238497_273d3745f7ae1b176b82_72.jpg",
            "first_name": "Charly",
            "real_name": "Charly",
            "display_name": "Charly",
            "team": "TJH5YU202",
            "name": "carles9000",
            "is_restricted": false,
            "is_ultra_restricted": false
        }
    },
    {
        "client_msg_id": "62bb34d6-c6ad-4982-a66e-c85a367eff12",
        "type": "message",
        "text": "igual te vale",
        "user": "UJHK2Q8UT",
        "ts": "1568142536.035700",
        "team": "TJH5YU202",
        "user_team": "TJH5YU202",
        "source_team": "TJH5YU202",
        "user_profile": {
            "avatar_hash": "g94f8c70b95d",
            "image_72": "https:\/\/secure.gravatar.com\/avatar\/6e94f8c70b95dd8f53de15d4e4e763d0.jpg?s=72&d=https%3A%2F%2Fa.slack-edge.com%2F80588%2Fimg%2Favatars%2Fuser_shapes%2Fava_0021-72.png",
            "first_name": "",
            "real_name": "manuelcalerosolis",
            "display_name": "manuelcalerosolis",
            "team": "TJH5YU202",
            "name": "manuelcalerosolis",
            "is_restricted": false,
            "is_ultra_restricted": false
        }
    },
    {
        "client_msg_id": "e5e9ba8b-a099-43d2-9d4b-8560bd7cf575",
        "type": "message",
        "text": "Me la miro",
        "user": "UJWR5N32S",
        "ts": "1568142537.035800",
        "team": "TJH5YU202",
        "user_team": "TJH5YU202",
        "source_team": "TJH5YU202",
        "user_profile": {
            "avatar_hash": "273d3745f7ae",
            "image_72": "https:\/\/avatars.slack-edge.com\/2019-05-20\/634344238497_273d3745f7ae1b176b82_72.jpg",
            "first_name": "Charly",
            "real_name": "Charly",
            "display_name": "Charly",
            "team": "TJH5YU202",
            "name": "carles9000",
            "is_restricted": false,
            "is_ultra_restricted": false
        }
    },
    {
        "client_msg_id": "b3a11210-b97c-4b74-ae14-a29bdef5d7cf",
        "type": "message",
        "text": "<https:\/\/github.com\/manuelcalerosolis\/gestool-sql\/blob\/master\/validators\/SQLBaseValidator.prg>",
        "user": "UJHK2Q8UT",
        "ts": "1568142540.036000",
        "team": "TJH5YU202",
        "user_team": "TJH5YU202",
        "source_team": "TJH5YU202",
        "user_profile": {
            "avatar_hash": "g94f8c70b95d",
            "image_72": "https:\/\/secure.gravatar.com\/avatar\/6e94f8c70b95dd8f53de15d4e4e763d0.jpg?s=72&d=https%3A%2F%2Fa.slack-edge.com%2F80588%2Fimg%2Favatars%2Fuser_shapes%2Fava_0021-72.png",
            "first_name": "",
            "real_name": "manuelcalerosolis",
            "display_name": "manuelcalerosolis",
            "team": "TJH5YU202",
            "name": "manuelcalerosolis",
            "is_restricted": false,
            "is_ultra_restricted": false
        },
        "attachments": [
            {
                "service_name": "GitHub",
                "title": "manuelcalerosolis\/gestool-sql",
                "title_link": "https:\/\/github.com\/manuelcalerosolis\/gestool-sql\/blob\/master\/validators\/SQLBaseValidator.prg",
                "text": "Contribute to manuelcalerosolis\/gestool-sql development by creating an account on GitHub.",
                "fallback": "GitHub: manuelcalerosolis\/gestool-sql",
                "thumb_url": "https:\/\/avatars3.githubusercontent.com\/u\/3088246?s=400&v=4",
                "from_url": "https:\/\/github.com\/manuelcalerosolis\/gestool-sql\/blob\/master\/validators\/SQLBaseValidator.prg",
                "thumb_width": 160,
                "thumb_height": 160,
                "service_icon": "https:\/\/a.slack-edge.com\/80588\/img\/unfurl_icons\/github.png",
                "id": 1,
                "original_url": "https:\/\/github.com\/manuelcalerosolis\/gestool-sql\/blob\/master\/validators\/SQLBaseValidator.prg"
            }
        ]
    },
    {
        "client_msg_id": "18b65da4-aead-4f3b-bb27-4f391e7e8f2d",
        "type": "message",
        "text": "Si tienes tiempo y te quieres mirar la TValidator...es muy facil y super escalable",
        "user": "UJWR5N32S",
        "ts": "1568142579.037300",
        "team": "TJH5YU202",
        "user_team": "TJH5YU202",
        "source_team": "TJH5YU202",
        "user_profile": {
            "avatar_hash": "273d3745f7ae",
            "image_72": "https:\/\/avatars.slack-edge.com\/2019-05-20\/634344238497_273d3745f7ae1b176b82_72.jpg",
            "first_name": "Charly",
            "real_name": "Charly",
            "display_name": "Charly",
            "team": "TJH5YU202",
            "name": "carles9000",
            "is_restricted": false,
            "is_ultra_restricted": false
        }
    },
    {
        "client_msg_id": "0a3f4b2f-f44b-449a-92a0-d21110be82b1",
        "type": "message",
        "text": "Me miro la tuya cuando pueda",
        "user": "UJWR5N32S",
        "ts": "1568142591.037700",
        "team": "TJH5YU202",
        "user_team": "TJH5YU202",
        "source_team": "TJH5YU202",
        "user_profile": {
            "avatar_hash": "273d3745f7ae",
            "image_72": "https:\/\/avatars.slack-edge.com\/2019-05-20\/634344238497_273d3745f7ae1b176b82_72.jpg",
            "first_name": "Charly",
            "real_name": "Charly",
            "display_name": "Charly",
            "team": "TJH5YU202",
            "name": "carles9000",
            "is_restricted": false,
            "is_ultra_restricted": false
        }
    },
    {
        "client_msg_id": "0b54786d-823e-4eb1-9b96-51a4b945ff39",
        "type": "message",
        "text": "donde esta?",
        "user": "UJHK2Q8UT",
        "ts": "1568142605.038000",
        "team": "TJH5YU202",
        "user_team": "TJH5YU202",
        "source_team": "TJH5YU202",
        "user_profile": {
            "avatar_hash": "g94f8c70b95d",
            "image_72": "https:\/\/secure.gravatar.com\/avatar\/6e94f8c70b95dd8f53de15d4e4e763d0.jpg?s=72&d=https%3A%2F%2Fa.slack-edge.com%2F80588%2Fimg%2Favatars%2Fuser_shapes%2Fava_0021-72.png",
            "first_name": "",
            "real_name": "manuelcalerosolis",
            "display_name": "manuelcalerosolis",
            "team": "TJH5YU202",
            "name": "manuelcalerosolis",
            "is_restricted": false,
            "is_ultra_restricted": false
        }
    },
    {
        "client_msg_id": "4c2497fb-0de3-4be3-9d39-e84d06b5719b",
        "type": "message",
        "text": "<https:\/\/github.com\/carles9000\/mercury.git>",
        "user": "UJWR5N32S",
        "ts": "1568142650.038200",
        "team": "TJH5YU202",
        "user_team": "TJH5YU202",
        "source_team": "TJH5YU202",
        "user_profile": {
            "avatar_hash": "273d3745f7ae",
            "image_72": "https:\/\/avatars.slack-edge.com\/2019-05-20\/634344238497_273d3745f7ae1b176b82_72.jpg",
            "first_name": "Charly",
            "real_name": "Charly",
            "display_name": "Charly",
            "team": "TJH5YU202",
            "name": "carles9000",
            "is_restricted": false,
            "is_ultra_restricted": false
        },
        "attachments": [
            {
                "service_name": "GitHub",
                "title": "carles9000\/mercury",
                "title_link": "https:\/\/github.com\/carles9000\/mercury.git",
                "text": "MVC Mercury - Model\/View\/Controller for Harbour for Web - carles9000\/mercury",
                "fallback": "GitHub: carles9000\/mercury",
                "thumb_url": "https:\/\/avatars3.githubusercontent.com\/u\/13433884?s=400&v=4",
                "from_url": "https:\/\/github.com\/carles9000\/mercury.git",
                "thumb_width": 170,
                "thumb_height": 170,
                "service_icon": "https:\/\/a.slack-edge.com\/80588\/img\/unfurl_icons\/github.png",
                "id": 1,
                "original_url": "https:\/\/github.com\/carles9000\/mercury.git"
            }
        ]
    },
    {
        "client_msg_id": "e328beca-fd45-4ae8-a4ca-d9a259e0d9cf",
        "type": "message",
        "text": "En la carpeta lib hay las clases",
        "user": "UJWR5N32S",
        "ts": "1568142662.038700",
        "team": "TJH5YU202",
        "user_team": "TJH5YU202",
        "source_team": "TJH5YU202",
        "user_profile": {
            "avatar_hash": "273d3745f7ae",
            "image_72": "https:\/\/avatars.slack-edge.com\/2019-05-20\/634344238497_273d3745f7ae1b176b82_72.jpg",
            "first_name": "Charly",
            "real_name": "Charly",
            "display_name": "Charly",
            "team": "TJH5YU202",
            "name": "carles9000",
            "is_restricted": false,
            "is_ultra_restricted": false
        }
    },
    {
        "client_msg_id": "a79f3549-8a25-4111-9f32-2d100f9be0c7",
        "type": "message",
        "text": "Pilla la TValidator",
        "user": "UJWR5N32S",
        "ts": "1568142671.039000",
        "team": "TJH5YU202",
        "user_team": "TJH5YU202",
        "source_team": "TJH5YU202",
        "user_profile": {
            "avatar_hash": "273d3745f7ae",
            "image_72": "https:\/\/avatars.slack-edge.com\/2019-05-20\/634344238497_273d3745f7ae1b176b82_72.jpg",
            "first_name": "Charly",
            "real_name": "Charly",
            "display_name": "Charly",
            "team": "TJH5YU202",
            "name": "carles9000",
            "is_restricted": false,
            "is_ultra_restricted": false
        }
    },
    {
        "client_msg_id": "f274b073-f6f7-4dd6-9a27-f9f70b8ee5df",
        "type": "message",
        "text": "Gracias :muscle:",
        "user": "UJWR5N32S",
        "ts": "1568142685.039200",
        "team": "TJH5YU202",
        "user_team": "TJH5YU202",
        "source_team": "TJH5YU202",
        "user_profile": {
            "avatar_hash": "273d3745f7ae",
            "image_72": "https:\/\/avatars.slack-edge.com\/2019-05-20\/634344238497_273d3745f7ae1b176b82_72.jpg",
            "first_name": "Charly",
            "real_name": "Charly",
            "display_name": "Charly",
            "team": "TJH5YU202",
            "name": "carles9000",
            "is_restricted": false,
            "is_ultra_restricted": false
        }
    },
    {
        "client_msg_id": "629b3db7-9a0b-4e54-bbf1-2648f06e5faa",
        "type": "message",
        "text": "Xevi gracias",
        "user": "UJWR5N32S",
        "ts": "1568142773.039700",
        "team": "TJH5YU202",
        "user_team": "TJH5YU202",
        "source_team": "TJH5YU202",
        "user_profile": {
            "avatar_hash": "273d3745f7ae",
            "image_72": "https:\/\/avatars.slack-edge.com\/2019-05-20\/634344238497_273d3745f7ae1b176b82_72.jpg",
            "first_name": "Charly",
            "real_name": "Charly",
            "display_name": "Charly",
            "team": "TJH5YU202",
            "name": "carles9000",
            "is_restricted": false,
            "is_ultra_restricted": false
        }
    },
    {
        "client_msg_id": "1b38f8c6-f76f-43a1-a634-a808e36b5b0c",
        "type": "message",
        "text": "<https:\/\/youtu.be\/FsqXIER4JTo>",
        "user": "UJUFNFMFE",
        "ts": "1568152066.039900",
        "team": "TJH5YU202",
        "user_team": "TJH5YU202",
        "source_team": "TJH5YU202",
        "user_profile": {
            "avatar_hash": "aa4e40c137f0",
            "image_72": "https:\/\/avatars.slack-edge.com\/2019-05-21\/630419446595_aa4e40c137f03c23b9cd_72.jpg",
            "first_name": "Marcelo",
            "real_name": "Marcelo Roggeri",
            "display_name": "Marcelo Roggeri",
            "team": "TJH5YU202",
            "name": "roggerimarcelo",
            "is_restricted": false,
            "is_ultra_restricted": false
        },
        "attachments": [
            {
                "service_name": "YouTube",
                "service_url": "https:\/\/www.youtube.com\/",
                "title": "HWeb MVC2",
                "title_link": "https:\/\/youtu.be\/FsqXIER4JTo",
                "author_name": "Marcelo Roggeri",
                "author_link": "https:\/\/www.youtube.com\/channel\/UCLcisQQ4C6CrFp3Hkvt7FRA",
                "thumb_url": "https:\/\/i.ytimg.com\/vi\/FsqXIER4JTo\/hqdefault.jpg",
                "thumb_width": 480,
                "thumb_height": 360,
                "fallback": "YouTube Video: HWeb MVC2",
                "video_html": "<iframe width=\"400\" height=\"225\" src=\"https:\/\/www.youtube.com\/embed\/FsqXIER4JTo?feature=oembed&autoplay=1&iv_load_policy=3\" frameborder=\"0\" allow=\"accelerometer; autoplay; encrypted-media; gyroscope; picture-in-picture\" allowfullscreen><\/iframe>",
                "video_html_width": 400,
                "video_html_height": 225,
                "from_url": "https:\/\/youtu.be\/FsqXIER4JTo",
                "service_icon": "https:\/\/a.slack-edge.com\/80588\/img\/unfurl_icons\/youtube.png",
                "id": 1,
                "original_url": "https:\/\/youtu.be\/FsqXIER4JTo"
            }
        ]
    },
    {
        "client_msg_id": "cd2b1564-6fe6-4248-9d1a-c50646b405b6",
        "type": "message",
        "text": "Gracias Marcelo\nBuenos dias por la mañana temprano",
        "user": "UJULQCHL5",
        "ts": "1568179032.041200",
        "team": "TJH5YU202",
        "user_team": "TJH5YU202",
        "source_team": "TJH5YU202",
        "user_profile": {
            "avatar_hash": "g7659142325a",
            "image_72": "https:\/\/secure.gravatar.com\/avatar\/c87659142325a3facb661d85281ec091.jpg?s=72&d=https%3A%2F%2Fa.slack-edge.com%2F80588%2Fimg%2Favatars%2Fuser_shapes%2Fava_0003-72.png",
            "first_name": "",
            "real_name": "Paquito",
            "display_name": "Paquito",
            "team": "TJH5YU202",
            "name": "hmpaquito",
            "is_restricted": false,
            "is_ultra_restricted": false
        }
    },
    {
        "client_msg_id": "abfa0cbc-74d6-46e1-b233-a7879e282358",
        "type": "message",
        "text": "Bon dia :thunder_cloud_and_rain: :thunder_cloud_and_rain: :thunder_cloud_and_rain:",
        "user": "UJWR5N32S",
        "ts": "1568179975.041500",
        "team": "TJH5YU202",
        "user_team": "TJH5YU202",
        "source_team": "TJH5YU202",
        "user_profile": {
            "avatar_hash": "273d3745f7ae",
            "image_72": "https:\/\/avatars.slack-edge.com\/2019-05-20\/634344238497_273d3745f7ae1b176b82_72.jpg",
            "first_name": "Charly",
            "real_name": "Charly",
            "display_name": "Charly",
            "team": "TJH5YU202",
            "name": "carles9000",
            "is_restricted": false,
            "is_ultra_restricted": false
        }
    }
]