[
    {
        "client_msg_id": "92082c61-7315-42a1-a0d7-6d3edc581050",
        "type": "message",
        "text": "Hoy es fiesta en Cataluña, pero seguimos por aqui. No se si ayer os aburristeis, entendisteis algo, pudisteis entender y seguir el tema,...",
        "user": "UJWR5N32S",
        "ts": "1568185645.043100",
        "team": "TJH5YU202",
        "user_team": "TJH5YU202",
        "source_team": "TJH5YU202",
        "user_profile": {
            "avatar_hash": "273d3745f7ae",
            "image_72": "https:\/\/avatars.slack-edge.com\/2019-05-20\/634344238497_273d3745f7ae1b176b82_72.jpg",
            "first_name": "Charly",
            "real_name": "Charly",
            "display_name": "Charly",
            "team": "TJH5YU202",
            "name": "carles9000",
            "is_restricted": false,
            "is_ultra_restricted": false
        }
    },
    {
        "client_msg_id": "77e77c32-cdc7-469b-bfb3-7c0fb0012ca8",
        "type": "message",
        "text": "Os paso el link de todo el ejemplo con la parte del TDatatables para que lo podais ver y estudiar",
        "user": "UJWR5N32S",
        "ts": "1568185688.043800",
        "team": "TJH5YU202",
        "user_team": "TJH5YU202",
        "source_team": "TJH5YU202",
        "user_profile": {
            "avatar_hash": "273d3745f7ae",
            "image_72": "https:\/\/avatars.slack-edge.com\/2019-05-20\/634344238497_273d3745f7ae1b176b82_72.jpg",
            "first_name": "Charly",
            "real_name": "Charly",
            "display_name": "Charly",
            "team": "TJH5YU202",
            "name": "carles9000",
            "is_restricted": false,
            "is_ultra_restricted": false
        }
    },
    {
        "client_msg_id": "8c4a48b5-4596-420d-b0dd-b351ff87d901",
        "type": "message",
        "text": "El jueves a las 19.00 volvemos a conectarnos para explicar el ejemplo TDatatables paso a paso como hemos hecho y que os podais situar bien en todo el code",
        "user": "UJWR5N32S",
        "ts": "1568185735.044800",
        "team": "TJH5YU202",
        "user_team": "TJH5YU202",
        "source_team": "TJH5YU202",
        "user_profile": {
            "avatar_hash": "273d3745f7ae",
            "image_72": "https:\/\/avatars.slack-edge.com\/2019-05-20\/634344238497_273d3745f7ae1b176b82_72.jpg",
            "first_name": "Charly",
            "real_name": "Charly",
            "display_name": "Charly",
            "team": "TJH5YU202",
            "name": "carles9000",
            "is_restricted": false,
            "is_ultra_restricted": false
        }
    },
    {
        "client_msg_id": "0db9878f-4b70-464f-a737-c430dde91eca",
        "type": "message",
        "text": "El 2 ejemplo costará menos que el primero de seguir... :slightly_smiling_face:",
        "user": "UJWR5N32S",
        "ts": "1568185766.045400",
        "team": "TJH5YU202",
        "user_team": "TJH5YU202",
        "source_team": "TJH5YU202",
        "user_profile": {
            "avatar_hash": "273d3745f7ae",
            "image_72": "https:\/\/avatars.slack-edge.com\/2019-05-20\/634344238497_273d3745f7ae1b176b82_72.jpg",
            "first_name": "Charly",
            "real_name": "Charly",
            "display_name": "Charly",
            "team": "TJH5YU202",
            "name": "carles9000",
            "is_restricted": false,
            "is_ultra_restricted": false
        }
    },
    {
        "client_msg_id": "81de1666-e3ea-4bac-8a35-199491dcb49e",
        "type": "message",
        "text": "<https:\/\/github.com\/carles9000\/mvc-one.git>",
        "user": "UJWR5N32S",
        "ts": "1568185769.045600",
        "team": "TJH5YU202",
        "user_team": "TJH5YU202",
        "source_team": "TJH5YU202",
        "user_profile": {
            "avatar_hash": "273d3745f7ae",
            "image_72": "https:\/\/avatars.slack-edge.com\/2019-05-20\/634344238497_273d3745f7ae1b176b82_72.jpg",
            "first_name": "Charly",
            "real_name": "Charly",
            "display_name": "Charly",
            "team": "TJH5YU202",
            "name": "carles9000",
            "is_restricted": false,
            "is_ultra_restricted": false
        },
        "attachments": [
            {
                "service_name": "GitHub",
                "title": "carles9000\/mvc-one",
                "title_link": "https:\/\/github.com\/carles9000\/mvc-one.git",
                "text": "Curso MVC con Harbour. Recursos. Contribute to carles9000\/mvc-one development by creating an account on GitHub.",
                "fallback": "GitHub: carles9000\/mvc-one",
                "thumb_url": "https:\/\/avatars3.githubusercontent.com\/u\/13433884?s=400&v=4",
                "from_url": "https:\/\/github.com\/carles9000\/mvc-one.git",
                "thumb_width": 170,
                "thumb_height": 170,
                "service_icon": "https:\/\/a.slack-edge.com\/80588\/img\/unfurl_icons\/github.png",
                "id": 1,
                "original_url": "https:\/\/github.com\/carles9000\/mvc-one.git"
            }
        ]
    },
    {
        "client_msg_id": "2a49c7e4-7511-412d-bb6d-511ecef069a3",
        "type": "message",
        "text": "Os pongo una frase de un colega del foro que me hizo ayer y que pienso que es muy acertada",
        "user": "UJWR5N32S",
        "ts": "1568185846.046400",
        "team": "TJH5YU202",
        "user_team": "TJH5YU202",
        "source_team": "TJH5YU202",
        "user_profile": {
            "avatar_hash": "273d3745f7ae",
            "image_72": "https:\/\/avatars.slack-edge.com\/2019-05-20\/634344238497_273d3745f7ae1b176b82_72.jpg",
            "first_name": "Charly",
            "real_name": "Charly",
            "display_name": "Charly",
            "team": "TJH5YU202",
            "name": "carles9000",
            "is_restricted": false,
            "is_ultra_restricted": false
        }
    },
    {
        "client_msg_id": "eb64fd26-3b59-4fab-996f-243cf3a384d7",
        "type": "message",
        "text": "*La web más q nada requiere un patron que sistematice su complejidad. Eso es MVC*",
        "user": "UJWR5N32S",
        "ts": "1568185856.046600",
        "team": "TJH5YU202",
        "user_team": "TJH5YU202",
        "source_team": "TJH5YU202",
        "user_profile": {
            "avatar_hash": "273d3745f7ae",
            "image_72": "https:\/\/avatars.slack-edge.com\/2019-05-20\/634344238497_273d3745f7ae1b176b82_72.jpg",
            "first_name": "Charly",
            "real_name": "Charly",
            "display_name": "Charly",
            "team": "TJH5YU202",
            "name": "carles9000",
            "is_restricted": false,
            "is_ultra_restricted": false
        }
    },
    {
        "client_msg_id": "d6a7f1af-c661-44d1-be52-53cb21ba7199",
        "type": "message",
        "text": "Gracias a los que vais aguantando y seguiendo y muchos animos !!! :muscle:",
        "user": "UJWR5N32S",
        "ts": "1568185878.047000",
        "team": "TJH5YU202",
        "user_team": "TJH5YU202",
        "source_team": "TJH5YU202",
        "user_profile": {
            "avatar_hash": "273d3745f7ae",
            "image_72": "https:\/\/avatars.slack-edge.com\/2019-05-20\/634344238497_273d3745f7ae1b176b82_72.jpg",
            "first_name": "Charly",
            "real_name": "Charly",
            "display_name": "Charly",
            "team": "TJH5YU202",
            "name": "carles9000",
            "is_restricted": false,
            "is_ultra_restricted": false
        }
    },
    {
        "client_msg_id": "d0cb8ef9-d8ad-4174-ae46-73b37bb48335",
        "type": "message",
        "text": "Ayer, al igual que el resto de tus sesiones, estuvo genial. Seguiremos conectados a tu \"canal\"",
        "user": "UJUJLTWMT",
        "ts": "1568186353.047900",
        "team": "TJH5YU202",
        "user_team": "TJH5YU202",
        "source_team": "TJH5YU202",
        "user_profile": {
            "avatar_hash": "a60e3b1ef2d2",
            "image_72": "https:\/\/avatars.slack-edge.com\/2019-08-20\/726246109489_a60e3b1ef2d2c141969d_72.jpg",
            "first_name": "",
            "real_name": "Cristobal",
            "display_name": "Cristobal",
            "team": "TJH5YU202",
            "name": "navarro.cristobal",
            "is_restricted": false,
            "is_ultra_restricted": false
        }
    },
    {
        "client_msg_id": "6903d3a6-63c6-4813-954a-a2bbfc92350a",
        "type": "message",
        "text": "Nuestro",
        "user": "UJWR5N32S",
        "ts": "1568186456.048100",
        "team": "TJH5YU202",
        "user_team": "TJH5YU202",
        "source_team": "TJH5YU202",
        "user_profile": {
            "avatar_hash": "273d3745f7ae",
            "image_72": "https:\/\/avatars.slack-edge.com\/2019-05-20\/634344238497_273d3745f7ae1b176b82_72.jpg",
            "first_name": "Charly",
            "real_name": "Charly",
            "display_name": "Charly",
            "team": "TJH5YU202",
            "name": "carles9000",
            "is_restricted": false,
            "is_ultra_restricted": false
        }
    },
    {
        "client_msg_id": "c2c93648-e33d-4300-841e-3b85ad96b09a",
        "type": "message",
        "text": "Esto es como las buenas series de TV, por eso lo digo. Que pases un buen dia y descanses ( si puedes )",
        "user": "UJUJLTWMT",
        "ts": "1568186711.050000",
        "team": "TJH5YU202",
        "user_team": "TJH5YU202",
        "source_team": "TJH5YU202",
        "user_profile": {
            "avatar_hash": "a60e3b1ef2d2",
            "image_72": "https:\/\/avatars.slack-edge.com\/2019-08-20\/726246109489_a60e3b1ef2d2c141969d_72.jpg",
            "first_name": "",
            "real_name": "Cristobal",
            "display_name": "Cristobal",
            "team": "TJH5YU202",
            "name": "navarro.cristobal",
            "is_restricted": false,
            "is_ultra_restricted": false
        }
    },
    {
        "client_msg_id": "01d47d20-ddfc-4747-b46e-a4bf9e5484e3",
        "type": "message",
        "text": "Por aqui estaremos,...",
        "user": "UJWR5N32S",
        "ts": "1568186733.050300",
        "team": "TJH5YU202",
        "user_team": "TJH5YU202",
        "source_team": "TJH5YU202",
        "user_profile": {
            "avatar_hash": "273d3745f7ae",
            "image_72": "https:\/\/avatars.slack-edge.com\/2019-05-20\/634344238497_273d3745f7ae1b176b82_72.jpg",
            "first_name": "Charly",
            "real_name": "Charly",
            "display_name": "Charly",
            "team": "TJH5YU202",
            "name": "carles9000",
            "is_restricted": false,
            "is_ultra_restricted": false
        }
    },
    {
        "client_msg_id": "19329e5a-838e-4114-84cb-9cf3353dadd9",
        "type": "message",
        "text": "queria comentar sobre lo q vi ayer, vi muy complejo la parte de javascript",
        "user": "UJHK2Q8UT",
        "ts": "1568201540.050900",
        "team": "TJH5YU202",
        "user_team": "TJH5YU202",
        "source_team": "TJH5YU202",
        "user_profile": {
            "avatar_hash": "g94f8c70b95d",
            "image_72": "https:\/\/secure.gravatar.com\/avatar\/6e94f8c70b95dd8f53de15d4e4e763d0.jpg?s=72&d=https%3A%2F%2Fa.slack-edge.com%2F80588%2Fimg%2Favatars%2Fuser_shapes%2Fava_0021-72.png",
            "first_name": "",
            "real_name": "manuelcalerosolis",
            "display_name": "manuelcalerosolis",
            "team": "TJH5YU202",
            "name": "manuelcalerosolis",
            "is_restricted": false,
            "is_ultra_restricted": false
        }
    },
    {
        "client_msg_id": "c5455b2d-5ac3-426e-9d3a-aea71b391e38",
        "type": "message",
        "text": "crearte un objeto y crear uno a uno los campos",
        "user": "UJHK2Q8UT",
        "ts": "1568201557.051300",
        "team": "TJH5YU202",
        "user_team": "TJH5YU202",
        "source_team": "TJH5YU202",
        "user_profile": {
            "avatar_hash": "g94f8c70b95d",
            "image_72": "https:\/\/secure.gravatar.com\/avatar\/6e94f8c70b95dd8f53de15d4e4e763d0.jpg?s=72&d=https%3A%2F%2Fa.slack-edge.com%2F80588%2Fimg%2Favatars%2Fuser_shapes%2Fava_0021-72.png",
            "first_name": "",
            "real_name": "manuelcalerosolis",
            "display_name": "manuelcalerosolis",
            "team": "TJH5YU202",
            "name": "manuelcalerosolis",
            "is_restricted": false,
            "is_ultra_restricted": false
        }
    },
    {
        "client_msg_id": "2cc9e7f9-d93a-42fc-821a-683ba012a44e",
        "type": "message",
        "text": "eso para un documento tipo factura puede ser la muerte a pellizcos",
        "user": "UJHK2Q8UT",
        "ts": "1568201581.051900",
        "team": "TJH5YU202",
        "user_team": "TJH5YU202",
        "source_team": "TJH5YU202",
        "user_profile": {
            "avatar_hash": "g94f8c70b95d",
            "image_72": "https:\/\/secure.gravatar.com\/avatar\/6e94f8c70b95dd8f53de15d4e4e763d0.jpg?s=72&d=https%3A%2F%2Fa.slack-edge.com%2F80588%2Fimg%2Favatars%2Fuser_shapes%2Fava_0021-72.png",
            "first_name": "",
            "real_name": "manuelcalerosolis",
            "display_name": "manuelcalerosolis",
            "team": "TJH5YU202",
            "name": "manuelcalerosolis",
            "is_restricted": false,
            "is_ultra_restricted": false
        },
        "reactions": [
            {
                "name": "joy",
                "users": [
                    "UJULQCHL5"
                ],
                "count": 1
            }
        ]
    },
    {
        "client_msg_id": "f53fb325-06f5-4b3f-b202-b8dca55b8509",
        "type": "message",
        "text": "Laravel te devuelve un parámetro $request donde viene todo el hash de los campos del formulario y se crea automaticamente",
        "user": "UJHK2Q8UT",
        "ts": "1568201647.053000",
        "team": "TJH5YU202",
        "user_team": "TJH5YU202",
        "source_team": "TJH5YU202",
        "user_profile": {
            "avatar_hash": "g94f8c70b95d",
            "image_72": "https:\/\/secure.gravatar.com\/avatar\/6e94f8c70b95dd8f53de15d4e4e763d0.jpg?s=72&d=https%3A%2F%2Fa.slack-edge.com%2F80588%2Fimg%2Favatars%2Fuser_shapes%2Fava_0021-72.png",
            "first_name": "",
            "real_name": "manuelcalerosolis",
            "display_name": "manuelcalerosolis",
            "team": "TJH5YU202",
            "name": "manuelcalerosolis",
            "is_restricted": false,
            "is_ultra_restricted": false
        }
    },
    {
        "client_msg_id": "07b7d312-8920-4750-a351-2e223ca459b6",
        "type": "message",
        "text": "te muestro un ejemplo q es mas descriptivo",
        "user": "UJHK2Q8UT",
        "ts": "1568201675.053400",
        "team": "TJH5YU202",
        "user_team": "TJH5YU202",
        "source_team": "TJH5YU202",
        "user_profile": {
            "avatar_hash": "g94f8c70b95d",
            "image_72": "https:\/\/secure.gravatar.com\/avatar\/6e94f8c70b95dd8f53de15d4e4e763d0.jpg?s=72&d=https%3A%2F%2Fa.slack-edge.com%2F80588%2Fimg%2Favatars%2Fuser_shapes%2Fava_0021-72.png",
            "first_name": "",
            "real_name": "manuelcalerosolis",
            "display_name": "manuelcalerosolis",
            "team": "TJH5YU202",
            "name": "manuelcalerosolis",
            "is_restricted": false,
            "is_ultra_restricted": false
        }
    },
    {
        "client_msg_id": "d402a0e3-517a-4b6c-afbc-0b183ddf9d10",
        "type": "message",
        "text": "<https:\/\/www.ecodeup.com\/como-crear-un-crud-en-laravel-5-5-desde-cero\/>",
        "user": "UJHK2Q8UT",
        "ts": "1568201677.053600",
        "team": "TJH5YU202",
        "user_team": "TJH5YU202",
        "source_team": "TJH5YU202",
        "user_profile": {
            "avatar_hash": "g94f8c70b95d",
            "image_72": "https:\/\/secure.gravatar.com\/avatar\/6e94f8c70b95dd8f53de15d4e4e763d0.jpg?s=72&d=https%3A%2F%2Fa.slack-edge.com%2F80588%2Fimg%2Favatars%2Fuser_shapes%2Fava_0021-72.png",
            "first_name": "",
            "real_name": "manuelcalerosolis",
            "display_name": "manuelcalerosolis",
            "team": "TJH5YU202",
            "name": "manuelcalerosolis",
            "is_restricted": false,
            "is_ultra_restricted": false
        },
        "attachments": [
            {
                "service_name": "Programación Web Full Stack",
                "title": "Cómo crear un crud en Laravel 5.5 desde cero",
                "title_link": "https:\/\/www.ecodeup.com\/como-crear-un-crud-en-laravel-5-5-desde-cero\/",
                "text": "Hola que tal, bienvenido a este nuevo artículo en donde aprenderás cómo crear un crud en Laravel 5.5 desde cero.",
                "fallback": "Programación Web Full Stack: Cómo crear un crud en Laravel 5.5 desde cero",
                "thumb_url": "https:\/\/www.ecodeup.com\/wp-content\/uploads\/2018\/01\/Como-crear-un-crud-en-Laravel-5-compressor.jpg",
                "ts": 1517030785,
                "from_url": "https:\/\/www.ecodeup.com\/como-crear-un-crud-en-laravel-5-5-desde-cero\/",
                "thumb_width": 560,
                "thumb_height": 315,
                "service_icon": "https:\/\/www.ecodeup.com\/wp-content\/uploads\/2016\/07\/cropped-logo-vista-180x180.png",
                "id": 1,
                "original_url": "https:\/\/www.ecodeup.com\/como-crear-un-crud-en-laravel-5-5-desde-cero\/"
            }
        ]
    },
    {
        "client_msg_id": "4f043b0f-2045-451f-a3bd-4eeec60d7ef9",
        "type": "message",
        "text": "Ep Manu :slightly_smiling_face: ,",
        "user": "UJWR5N32S",
        "ts": "1568204456.054100",
        "team": "TJH5YU202",
        "user_team": "TJH5YU202",
        "source_team": "TJH5YU202",
        "user_profile": {
            "avatar_hash": "273d3745f7ae",
            "image_72": "https:\/\/avatars.slack-edge.com\/2019-05-20\/634344238497_273d3745f7ae1b176b82_72.jpg",
            "first_name": "Charly",
            "real_name": "Charly",
            "display_name": "Charly",
            "team": "TJH5YU202",
            "name": "carles9000",
            "is_restricted": false,
            "is_ultra_restricted": false
        }
    },
    {
        "client_msg_id": "b136c2ab-f998-4a00-bc8c-cb1f1366367f",
        "type": "message",
        "text": "ya era hora q alguien empezara :stuck_out_tongue:",
        "user": "UJWR5N32S",
        "ts": "1568204466.054400",
        "team": "TJH5YU202",
        "user_team": "TJH5YU202",
        "source_team": "TJH5YU202",
        "user_profile": {
            "avatar_hash": "273d3745f7ae",
            "image_72": "https:\/\/avatars.slack-edge.com\/2019-05-20\/634344238497_273d3745f7ae1b176b82_72.jpg",
            "first_name": "Charly",
            "real_name": "Charly",
            "display_name": "Charly",
            "team": "TJH5YU202",
            "name": "carles9000",
            "is_restricted": false,
            "is_ultra_restricted": false
        }
    },
    {
        "client_msg_id": "3a3b12e0-cc91-4cc7-b867-43d1a62e92d7",
        "type": "message",
        "text": "A ver, por partes...",
        "user": "UJWR5N32S",
        "ts": "1568204475.054600",
        "team": "TJH5YU202",
        "user_team": "TJH5YU202",
        "source_team": "TJH5YU202",
        "user_profile": {
            "avatar_hash": "273d3745f7ae",
            "image_72": "https:\/\/avatars.slack-edge.com\/2019-05-20\/634344238497_273d3745f7ae1b176b82_72.jpg",
            "first_name": "Charly",
            "real_name": "Charly",
            "display_name": "Charly",
            "team": "TJH5YU202",
            "name": "carles9000",
            "is_restricted": false,
            "is_ultra_restricted": false
        }
    },
    {
        "client_msg_id": "9f228fad-c146-4e85-a535-6d1296af1f49",
        "type": "message",
        "text": "hay debate en la red: ajax vs. form",
        "user": "UJWR5N32S",
        "ts": "1568204500.055300",
        "team": "TJH5YU202",
        "user_team": "TJH5YU202",
        "source_team": "TJH5YU202",
        "user_profile": {
            "avatar_hash": "273d3745f7ae",
            "image_72": "https:\/\/avatars.slack-edge.com\/2019-05-20\/634344238497_273d3745f7ae1b176b82_72.jpg",
            "first_name": "Charly",
            "real_name": "Charly",
            "display_name": "Charly",
            "team": "TJH5YU202",
            "name": "carles9000",
            "is_restricted": false,
            "is_ultra_restricted": false
        }
    },
    {
        "client_msg_id": "65651fe5-4b47-4ec0-9e90-4ad1aceacf13",
        "type": "message",
        "text": "Lo que cuentas tu es creando un formulario y usar el &lt;form&gt; para enviarlo al servidor. Esto es más facil y mas limpio y quizas yo tenia que haber empezado con este ejemplo. Montare el mismo usando esta metodologia",
        "user": "UJWR5N32S",
        "ts": "1568204555.056500",
        "team": "TJH5YU202",
        "user_team": "TJH5YU202",
        "source_team": "TJH5YU202",
        "user_profile": {
            "avatar_hash": "273d3745f7ae",
            "image_72": "https:\/\/avatars.slack-edge.com\/2019-05-20\/634344238497_273d3745f7ae1b176b82_72.jpg",
            "first_name": "Charly",
            "real_name": "Charly",
            "display_name": "Charly",
            "team": "TJH5YU202",
            "name": "carles9000",
            "is_restricted": false,
            "is_ultra_restricted": false
        }
    },
    {
        "client_msg_id": "eedfb35c-1642-44a0-ab60-ed4f3f4fa08f",
        "type": "message",
        "text": "La parte ajax y su tratamiento via js es mas \"laboriosa\" en un principio. Luego tu te haes tus tecnicas para recoletar todos los tags del formulario y no pasa nada, pero asi la gente veia en code puro y duro como funciona.",
        "user": "UJWR5N32S",
        "ts": "1568204621.057800",
        "team": "TJH5YU202",
        "user_team": "TJH5YU202",
        "source_team": "TJH5YU202",
        "user_profile": {
            "avatar_hash": "273d3745f7ae",
            "image_72": "https:\/\/avatars.slack-edge.com\/2019-05-20\/634344238497_273d3745f7ae1b176b82_72.jpg",
            "first_name": "Charly",
            "real_name": "Charly",
            "display_name": "Charly",
            "team": "TJH5YU202",
            "name": "carles9000",
            "is_restricted": false,
            "is_ultra_restricted": false
        }
    },
    {
        "client_msg_id": "6cee54da-d96f-468f-9651-10bbc67084b7",
        "type": "message",
        "text": "Voy a montar el mismo ejemplo usando el &lt;form&gt;, para q tambien se vea sus defactos y sus virtudes y asi todo el mundo podra comparar",
        "user": "UJWR5N32S",
        "ts": "1568204664.058700",
        "team": "TJH5YU202",
        "user_team": "TJH5YU202",
        "source_team": "TJH5YU202",
        "user_profile": {
            "avatar_hash": "273d3745f7ae",
            "image_72": "https:\/\/avatars.slack-edge.com\/2019-05-20\/634344238497_273d3745f7ae1b176b82_72.jpg",
            "first_name": "Charly",
            "real_name": "Charly",
            "display_name": "Charly",
            "team": "TJH5YU202",
            "name": "carles9000",
            "is_restricted": false,
            "is_ultra_restricted": false
        }
    },
    {
        "client_msg_id": "14b71907-2729-492c-9246-552dd0b3d574",
        "type": "message",
        "text": ":slightly_smiling_face:",
        "user": "UJWR5N32S",
        "ts": "1568204665.058900",
        "team": "TJH5YU202",
        "user_team": "TJH5YU202",
        "source_team": "TJH5YU202",
        "user_profile": {
            "avatar_hash": "273d3745f7ae",
            "image_72": "https:\/\/avatars.slack-edge.com\/2019-05-20\/634344238497_273d3745f7ae1b176b82_72.jpg",
            "first_name": "Charly",
            "real_name": "Charly",
            "display_name": "Charly",
            "team": "TJH5YU202",
            "name": "carles9000",
            "is_restricted": false,
            "is_ultra_restricted": false
        }
    },
    {
        "client_msg_id": "7b67baab-b096-45d3-8966-1d49e0e77cef",
        "type": "message",
        "text": "fácil",
        "user": "UJWR5N32S",
        "ts": "1568204671.059100",
        "team": "TJH5YU202",
        "user_team": "TJH5YU202",
        "source_team": "TJH5YU202",
        "user_profile": {
            "avatar_hash": "273d3745f7ae",
            "image_72": "https:\/\/avatars.slack-edge.com\/2019-05-20\/634344238497_273d3745f7ae1b176b82_72.jpg",
            "first_name": "Charly",
            "real_name": "Charly",
            "display_name": "Charly",
            "team": "TJH5YU202",
            "name": "carles9000",
            "is_restricted": false,
            "is_ultra_restricted": false
        }
    },
    {
        "client_msg_id": "67b68fe4-ebbf-4378-9f80-c8da732fda31",
        "type": "message",
        "text": "(A mi me gusta mas via ajax.... :wink: )",
        "user": "UJWR5N32S",
        "ts": "1568204696.059500",
        "team": "TJH5YU202",
        "user_team": "TJH5YU202",
        "source_team": "TJH5YU202",
        "user_profile": {
            "avatar_hash": "273d3745f7ae",
            "image_72": "https:\/\/avatars.slack-edge.com\/2019-05-20\/634344238497_273d3745f7ae1b176b82_72.jpg",
            "first_name": "Charly",
            "real_name": "Charly",
            "display_name": "Charly",
            "team": "TJH5YU202",
            "name": "carles9000",
            "is_restricted": false,
            "is_ultra_restricted": false
        }
    },
    {
        "client_msg_id": "76b9140e-1871-49e1-8966-5a1214b60deb",
        "type": "message",
        "text": "Pero tienes razon, se ha de ver la parte form",
        "user": "UJWR5N32S",
        "ts": "1568204710.059800",
        "team": "TJH5YU202",
        "user_team": "TJH5YU202",
        "source_team": "TJH5YU202",
        "user_profile": {
            "avatar_hash": "273d3745f7ae",
            "image_72": "https:\/\/avatars.slack-edge.com\/2019-05-20\/634344238497_273d3745f7ae1b176b82_72.jpg",
            "first_name": "Charly",
            "real_name": "Charly",
            "display_name": "Charly",
            "team": "TJH5YU202",
            "name": "carles9000",
            "is_restricted": false,
            "is_ultra_restricted": false
        }
    },
    {
        "client_msg_id": "7a78c690-5ceb-4fd2-929f-2202bb8d3ebd",
        "type": "message",
        "text": "Merci por tus comentarios, seguimos",
        "user": "UJWR5N32S",
        "ts": "1568204730.060200",
        "team": "TJH5YU202",
        "user_team": "TJH5YU202",
        "source_team": "TJH5YU202",
        "user_profile": {
            "avatar_hash": "273d3745f7ae",
            "image_72": "https:\/\/avatars.slack-edge.com\/2019-05-20\/634344238497_273d3745f7ae1b176b82_72.jpg",
            "first_name": "Charly",
            "real_name": "Charly",
            "display_name": "Charly",
            "team": "TJH5YU202",
            "name": "carles9000",
            "is_restricted": false,
            "is_ultra_restricted": false
        }
    },
    {
        "client_msg_id": "7e860c31-02d3-44f0-a6d8-002343628ad0",
        "type": "message",
        "text": "DE hecho cuando vean ahora lo mismo con el &lt;form&gt; lo entenderan mas rapido y diran que es mas facil, pero tambien les servira para comparar el comportamiento usando una técnica u otra....",
        "user": "UJWR5N32S",
        "ts": "1568204816.061200",
        "team": "TJH5YU202",
        "user_team": "TJH5YU202",
        "source_team": "TJH5YU202",
        "user_profile": {
            "avatar_hash": "273d3745f7ae",
            "image_72": "https:\/\/avatars.slack-edge.com\/2019-05-20\/634344238497_273d3745f7ae1b176b82_72.jpg",
            "first_name": "Charly",
            "real_name": "Charly",
            "display_name": "Charly",
            "team": "TJH5YU202",
            "name": "carles9000",
            "is_restricted": false,
            "is_ultra_restricted": false
        }
    },
    {
        "client_msg_id": "a38b3619-bf5b-4b56-85e2-6bc5f36003b4",
        "type": "message",
        "text": "A comer :shallow_pan_of_food:",
        "user": "UJWR5N32S",
        "ts": "1568204874.061500",
        "team": "TJH5YU202",
        "user_team": "TJH5YU202",
        "source_team": "TJH5YU202",
        "user_profile": {
            "avatar_hash": "273d3745f7ae",
            "image_72": "https:\/\/avatars.slack-edge.com\/2019-05-20\/634344238497_273d3745f7ae1b176b82_72.jpg",
            "first_name": "Charly",
            "real_name": "Charly",
            "display_name": "Charly",
            "team": "TJH5YU202",
            "name": "carles9000",
            "is_restricted": false,
            "is_ultra_restricted": false
        }
    },
    {
        "client_msg_id": "cb2e19db-cc99-4b5f-b9f0-91b4065976c9",
        "type": "message",
        "text": "¿ Y cuales serían esas tecnicas para recolectar todos los tags del formulario ?\nTener que asignar uno a uno los tags es contraproducente.... hay que visitar todo el codigo cada vez que se incluya un tag nuevo... Digo esto... pero yo no soy tecnico.",
        "user": "UJULQCHL5",
        "ts": "1568206226.063400",
        "team": "TJH5YU202",
        "user_team": "TJH5YU202",
        "source_team": "TJH5YU202",
        "user_profile": {
            "avatar_hash": "g7659142325a",
            "image_72": "https:\/\/secure.gravatar.com\/avatar\/c87659142325a3facb661d85281ec091.jpg?s=72&d=https%3A%2F%2Fa.slack-edge.com%2F80588%2Fimg%2Favatars%2Fuser_shapes%2Fava_0003-72.png",
            "first_name": "",
            "real_name": "Paquito",
            "display_name": "Paquito",
            "team": "TJH5YU202",
            "name": "hmpaquito",
            "is_restricted": false,
            "is_ultra_restricted": false
        }
    },
    {
        "client_msg_id": "3e4100c6-1b90-4306-8b8c-9cb196a8311c",
        "type": "message",
        "text": "El form es como ir al supermercado y llenar el carro. Ajax es como llamar al delivery.",
        "user": "UM81W8B0Q",
        "ts": "1568209333.064200",
        "team": "TJH5YU202",
        "user_team": "TJH5YU202",
        "source_team": "TJH5YU202",
        "user_profile": {
            "avatar_hash": "gab9279ee8c0",
            "image_72": "https:\/\/secure.gravatar.com\/avatar\/73ab9279ee8c00f66ce4904d30146c8f.jpg?s=72&d=https%3A%2F%2Fa.slack-edge.com%2F80588%2Fimg%2Favatars%2Fuser_shapes%2Fava_0010-72.png",
            "first_name": "",
            "real_name": "Angel Pais",
            "display_name": "Angel Pais",
            "team": "TJH5YU202",
            "name": "amigosam",
            "is_restricted": false,
            "is_ultra_restricted": false
        }
    },
    {
        "client_msg_id": "add67041-45a0-4261-8898-a55d2ca8275c",
        "type": "message",
        "text": "Hay un intermedio, que es una funcion en JS a la que se le pasa una lista de #id y los devuelve en un json. Luego lo mandamos por Ajax. Digo esto... pero yo no soy tecnico experto... en supermercados y nunca llamé al deliveroo... País.",
        "user": "UJULQCHL5",
        "ts": "1568211567.065800",
        "team": "TJH5YU202",
        "user_team": "TJH5YU202",
        "source_team": "TJH5YU202",
        "user_profile": {
            "avatar_hash": "g7659142325a",
            "image_72": "https:\/\/secure.gravatar.com\/avatar\/c87659142325a3facb661d85281ec091.jpg?s=72&d=https%3A%2F%2Fa.slack-edge.com%2F80588%2Fimg%2Favatars%2Fuser_shapes%2Fava_0003-72.png",
            "first_name": "",
            "real_name": "Paquito",
            "display_name": "Paquito",
            "team": "TJH5YU202",
            "name": "hmpaquito",
            "is_restricted": false,
            "is_ultra_restricted": false
        }
    },
    {
        "client_msg_id": "25cb820c-2b1e-420b-9886-4e517fe0c543",
        "type": "message",
        "text": "Es lo que tienen las analogías...",
        "user": "UM81W8B0Q",
        "ts": "1568211985.066400",
        "team": "TJH5YU202",
        "user_team": "TJH5YU202",
        "source_team": "TJH5YU202",
        "user_profile": {
            "avatar_hash": "gab9279ee8c0",
            "image_72": "https:\/\/secure.gravatar.com\/avatar\/73ab9279ee8c00f66ce4904d30146c8f.jpg?s=72&d=https%3A%2F%2Fa.slack-edge.com%2F80588%2Fimg%2Favatars%2Fuser_shapes%2Fava_0010-72.png",
            "first_name": "",
            "real_name": "Angel Pais",
            "display_name": "Angel Pais",
            "team": "TJH5YU202",
            "name": "amigosam",
            "is_restricted": false,
            "is_ultra_restricted": false
        }
    },
    {
        "client_msg_id": "b8ef5da6-d91f-4f23-98a8-d220841a29a4",
        "type": "message",
        "text": "Esa funcion seria como enviar a tu empleada a hacer las compras del super.",
        "user": "UM81W8B0Q",
        "ts": "1568212153.067100",
        "team": "TJH5YU202",
        "user_team": "TJH5YU202",
        "source_team": "TJH5YU202",
        "user_profile": {
            "avatar_hash": "gab9279ee8c0",
            "image_72": "https:\/\/secure.gravatar.com\/avatar\/73ab9279ee8c00f66ce4904d30146c8f.jpg?s=72&d=https%3A%2F%2Fa.slack-edge.com%2F80588%2Fimg%2Favatars%2Fuser_shapes%2Fava_0010-72.png",
            "first_name": "",
            "real_name": "Angel Pais",
            "display_name": "Angel Pais",
            "team": "TJH5YU202",
            "name": "amigosam",
            "is_restricted": false,
            "is_ultra_restricted": false
        }
    },
    {
        "client_msg_id": "0e2b1f2d-caa2-4656-a4a8-43418b1b0e67",
        "type": "message",
        "text": "Y qué tal un ejemplito real por ambas partes para que la \"peña\" entienda de lo que habláis, de paso puedan aprender, y valorar de lo que estáis hablando?. Es una posibilidad, no?.",
        "user": "UJUJLTWMT",
        "ts": "1568218103.069500",
        "team": "TJH5YU202",
        "user_team": "TJH5YU202",
        "source_team": "TJH5YU202",
        "user_profile": {
            "avatar_hash": "a60e3b1ef2d2",
            "image_72": "https:\/\/avatars.slack-edge.com\/2019-08-20\/726246109489_a60e3b1ef2d2c141969d_72.jpg",
            "first_name": "",
            "real_name": "Cristobal",
            "display_name": "Cristobal",
            "team": "TJH5YU202",
            "name": "navarro.cristobal",
            "is_restricted": false,
            "is_ultra_restricted": false
        }
    },
    {
        "client_msg_id": "b2c087b6-f840-4339-af8c-3dad1065de92",
        "type": "message",
        "text": "Venga Charly, Manu, animaros...",
        "user": "UJULQCHL5",
        "ts": "1568218171.069800",
        "team": "TJH5YU202",
        "user_team": "TJH5YU202",
        "source_team": "TJH5YU202",
        "user_profile": {
            "avatar_hash": "g7659142325a",
            "image_72": "https:\/\/secure.gravatar.com\/avatar\/c87659142325a3facb661d85281ec091.jpg?s=72&d=https%3A%2F%2Fa.slack-edge.com%2F80588%2Fimg%2Favatars%2Fuser_shapes%2Fava_0003-72.png",
            "first_name": "",
            "real_name": "Paquito",
            "display_name": "Paquito",
            "team": "TJH5YU202",
            "name": "hmpaquito",
            "is_restricted": false,
            "is_ultra_restricted": false
        }
    },
    {
        "client_msg_id": "9eecc7a9-6c3c-45b5-8415-7f9daa5fdfbe",
        "type": "message",
        "text": "Que no todo va a ser Diada",
        "user": "UJULQCHL5",
        "ts": "1568218206.070100",
        "team": "TJH5YU202",
        "user_team": "TJH5YU202",
        "source_team": "TJH5YU202",
        "user_profile": {
            "avatar_hash": "g7659142325a",
            "image_72": "https:\/\/secure.gravatar.com\/avatar\/c87659142325a3facb661d85281ec091.jpg?s=72&d=https%3A%2F%2Fa.slack-edge.com%2F80588%2Fimg%2Favatars%2Fuser_shapes%2Fava_0003-72.png",
            "first_name": "",
            "real_name": "Paquito",
            "display_name": "Paquito",
            "team": "TJH5YU202",
            "name": "hmpaquito",
            "is_restricted": false,
            "is_ultra_restricted": false
        }
    },
    {
        "client_msg_id": "b2566108-cb67-41fc-b758-812733284e28",
        "type": "message",
        "text": "Estouy fuera, pero ya lo he comentado :slightly_smiling_face:",
        "user": "UJWR5N32S",
        "ts": "1568218214.070400",
        "team": "TJH5YU202",
        "user_team": "TJH5YU202",
        "source_team": "TJH5YU202",
        "user_profile": {
            "avatar_hash": "273d3745f7ae",
            "image_72": "https:\/\/avatars.slack-edge.com\/2019-05-20\/634344238497_273d3745f7ae1b176b82_72.jpg",
            "first_name": "Charly",
            "real_name": "Charly",
            "display_name": "Charly",
            "team": "TJH5YU202",
            "name": "carles9000",
            "is_restricted": false,
            "is_ultra_restricted": false
        }
    },
    {
        "client_msg_id": "176733d3-66f1-4ebc-b124-bbfc92cddd30",
        "type": "message",
        "text": "Mañana nos vemos todos y si puedo viernes preparo el ejemplo tal como dice manu",
        "user": "UJWR5N32S",
        "ts": "1568218238.070900",
        "team": "TJH5YU202",
        "user_team": "TJH5YU202",
        "source_team": "TJH5YU202",
        "user_profile": {
            "avatar_hash": "273d3745f7ae",
            "image_72": "https:\/\/avatars.slack-edge.com\/2019-05-20\/634344238497_273d3745f7ae1b176b82_72.jpg",
            "first_name": "Charly",
            "real_name": "Charly",
            "display_name": "Charly",
            "team": "TJH5YU202",
            "name": "carles9000",
            "is_restricted": false,
            "is_ultra_restricted": false
        }
    },
    {
        "client_msg_id": "bec42ef2-c30e-4602-a556-3415e5018618",
        "type": "message",
        "text": "Son simplemente 2 maneras de trabajar",
        "user": "UJWR5N32S",
        "ts": "1568218251.071200",
        "team": "TJH5YU202",
        "user_team": "TJH5YU202",
        "source_team": "TJH5YU202",
        "user_profile": {
            "avatar_hash": "273d3745f7ae",
            "image_72": "https:\/\/avatars.slack-edge.com\/2019-05-20\/634344238497_273d3745f7ae1b176b82_72.jpg",
            "first_name": "Charly",
            "real_name": "Charly",
            "display_name": "Charly",
            "team": "TJH5YU202",
            "name": "carles9000",
            "is_restricted": false,
            "is_ultra_restricted": false
        }
    },
    {
        "client_msg_id": "b6c60bee-45ad-4700-9158-5a8bcf9c2369",
        "type": "message",
        "text": ":slightly_smiling_face:",
        "user": "UJWR5N32S",
        "ts": "1568218253.071400",
        "team": "TJH5YU202",
        "user_team": "TJH5YU202",
        "source_team": "TJH5YU202",
        "user_profile": {
            "avatar_hash": "273d3745f7ae",
            "image_72": "https:\/\/avatars.slack-edge.com\/2019-05-20\/634344238497_273d3745f7ae1b176b82_72.jpg",
            "first_name": "Charly",
            "real_name": "Charly",
            "display_name": "Charly",
            "team": "TJH5YU202",
            "name": "carles9000",
            "is_restricted": false,
            "is_ultra_restricted": false
        }
    },
    {
        "client_msg_id": "9e0bdabc-8b0f-4af6-bb28-2bd1768340f3",
        "type": "message",
        "text": "Gracias máster por tu support",
        "user": "UJULQCHL5",
        "ts": "1568218270.071700",
        "team": "TJH5YU202",
        "user_team": "TJH5YU202",
        "source_team": "TJH5YU202",
        "user_profile": {
            "avatar_hash": "g7659142325a",
            "image_72": "https:\/\/secure.gravatar.com\/avatar\/c87659142325a3facb661d85281ec091.jpg?s=72&d=https%3A%2F%2Fa.slack-edge.com%2F80588%2Fimg%2Favatars%2Fuser_shapes%2Fava_0003-72.png",
            "first_name": "",
            "real_name": "Paquito",
            "display_name": "Paquito",
            "team": "TJH5YU202",
            "name": "hmpaquito",
            "is_restricted": false,
            "is_ultra_restricted": false
        }
    },
    {
        "client_msg_id": "308b3909-dd49-4e8f-bb95-4448ea95473f",
        "type": "message",
        "text": "Quizas tenia que haber hecho primero el ejemplo con form",
        "user": "UJWR5N32S",
        "ts": "1568218291.072100",
        "team": "TJH5YU202",
        "user_team": "TJH5YU202",
        "source_team": "TJH5YU202",
        "user_profile": {
            "avatar_hash": "273d3745f7ae",
            "image_72": "https:\/\/avatars.slack-edge.com\/2019-05-20\/634344238497_273d3745f7ae1b176b82_72.jpg",
            "first_name": "Charly",
            "real_name": "Charly",
            "display_name": "Charly",
            "team": "TJH5YU202",
            "name": "carles9000",
            "is_restricted": false,
            "is_ultra_restricted": false
        }
    },
    {
        "client_msg_id": "73acdbb2-d60d-4b84-bab1-ea4146c0fcc6",
        "type": "message",
        "text": "pero ya va bien",
        "user": "UJWR5N32S",
        "ts": "1568218300.072400",
        "team": "TJH5YU202",
        "user_team": "TJH5YU202",
        "source_team": "TJH5YU202",
        "user_profile": {
            "avatar_hash": "273d3745f7ae",
            "image_72": "https:\/\/avatars.slack-edge.com\/2019-05-20\/634344238497_273d3745f7ae1b176b82_72.jpg",
            "first_name": "Charly",
            "real_name": "Charly",
            "display_name": "Charly",
            "team": "TJH5YU202",
            "name": "carles9000",
            "is_restricted": false,
            "is_ultra_restricted": false
        }
    },
    {
        "client_msg_id": "88522bec-2f17-4a25-a054-3275d6c5858f",
        "type": "message",
        "text": "Es normal empezar por Ajax, es lo que más corre, lo mas IN",
        "user": "UJULQCHL5",
        "ts": "1568218341.073300",
        "team": "TJH5YU202",
        "user_team": "TJH5YU202",
        "source_team": "TJH5YU202",
        "user_profile": {
            "avatar_hash": "g7659142325a",
            "image_72": "https:\/\/secure.gravatar.com\/avatar\/c87659142325a3facb661d85281ec091.jpg?s=72&d=https%3A%2F%2Fa.slack-edge.com%2F80588%2Fimg%2Favatars%2Fuser_shapes%2Fava_0003-72.png",
            "first_name": "",
            "real_name": "Paquito",
            "display_name": "Paquito",
            "team": "TJH5YU202",
            "name": "hmpaquito",
            "is_restricted": false,
            "is_ultra_restricted": false
        }
    },
    {
        "client_msg_id": "0d0622b2-45d2-4b83-afc8-f88677070c35",
        "type": "message",
        "text": "Pero lo mas laborioso al principio",
        "user": "UJWR5N32S",
        "ts": "1568218361.073600",
        "team": "TJH5YU202",
        "user_team": "TJH5YU202",
        "source_team": "TJH5YU202",
        "user_profile": {
            "avatar_hash": "273d3745f7ae",
            "image_72": "https:\/\/avatars.slack-edge.com\/2019-05-20\/634344238497_273d3745f7ae1b176b82_72.jpg",
            "first_name": "Charly",
            "real_name": "Charly",
            "display_name": "Charly",
            "team": "TJH5YU202",
            "name": "carles9000",
            "is_restricted": false,
            "is_ultra_restricted": false
        }
    },
    {
        "client_msg_id": "ce73b408-1023-4422-bde1-10206c397c8b",
        "type": "message",
        "text": "Es igual, lo vamos a plantear de las 2 maneras",
        "user": "UJWR5N32S",
        "ts": "1568218373.073900",
        "team": "TJH5YU202",
        "user_team": "TJH5YU202",
        "source_team": "TJH5YU202",
        "user_profile": {
            "avatar_hash": "273d3745f7ae",
            "image_72": "https:\/\/avatars.slack-edge.com\/2019-05-20\/634344238497_273d3745f7ae1b176b82_72.jpg",
            "first_name": "Charly",
            "real_name": "Charly",
            "display_name": "Charly",
            "team": "TJH5YU202",
            "name": "carles9000",
            "is_restricted": false,
            "is_ultra_restricted": false
        }
    },
    {
        "client_msg_id": "4f065af2-7d5f-4dc6-b691-74f989494aa8",
        "type": "message",
        "text": "chin pum",
        "user": "UJWR5N32S",
        "ts": "1568218378.074100",
        "team": "TJH5YU202",
        "user_team": "TJH5YU202",
        "source_team": "TJH5YU202",
        "user_profile": {
            "avatar_hash": "273d3745f7ae",
            "image_72": "https:\/\/avatars.slack-edge.com\/2019-05-20\/634344238497_273d3745f7ae1b176b82_72.jpg",
            "first_name": "Charly",
            "real_name": "Charly",
            "display_name": "Charly",
            "team": "TJH5YU202",
            "name": "carles9000",
            "is_restricted": false,
            "is_ultra_restricted": false
        }
    },
    {
        "type": "message",
        "text": "",
        "files": [
            {
                "id": "FNAJN1Y5D",
                "created": 1568218901,
                "timestamp": 1568218901,
                "name": "tenor (2).gif",
                "title": "tenor (2).gif",
                "mimetype": "image\/gif",
                "filetype": "gif",
                "pretty_type": "GIF",
                "user": "UJULQCHL5",
                "editable": false,
                "size": 309667,
                "mode": "hosted",
                "is_external": false,
                "external_type": "",
                "is_public": true,
                "public_url_shared": false,
                "display_as_bot": false,
                "username": "",
                "url_private": "https:\/\/files.slack.com\/files-pri\/TJH5YU202-FNAJN1Y5D\/tenor__2_.gif?t=xoxe-629202954002-776688371669-763909703378-01ffaa4c4eeda75ea92ad255b32a04e5",
                "url_private_download": "https:\/\/files.slack.com\/files-pri\/TJH5YU202-FNAJN1Y5D\/download\/tenor__2_.gif?t=xoxe-629202954002-776688371669-763909703378-01ffaa4c4eeda75ea92ad255b32a04e5",
                "thumb_64": "https:\/\/files.slack.com\/files-tmb\/TJH5YU202-FNAJN1Y5D-d1a99a0398\/tenor__2__64.png?t=xoxe-629202954002-776688371669-763909703378-01ffaa4c4eeda75ea92ad255b32a04e5",
                "thumb_80": "https:\/\/files.slack.com\/files-tmb\/TJH5YU202-FNAJN1Y5D-d1a99a0398\/tenor__2__80.png?t=xoxe-629202954002-776688371669-763909703378-01ffaa4c4eeda75ea92ad255b32a04e5",
                "thumb_360": "https:\/\/files.slack.com\/files-tmb\/TJH5YU202-FNAJN1Y5D-d1a99a0398\/tenor__2__360.png?t=xoxe-629202954002-776688371669-763909703378-01ffaa4c4eeda75ea92ad255b32a04e5",
                "thumb_360_w": 360,
                "thumb_360_h": 269,
                "thumb_480": "https:\/\/files.slack.com\/files-tmb\/TJH5YU202-FNAJN1Y5D-d1a99a0398\/tenor__2__480.png?t=xoxe-629202954002-776688371669-763909703378-01ffaa4c4eeda75ea92ad255b32a04e5",
                "thumb_480_w": 480,
                "thumb_480_h": 359,
                "thumb_160": "https:\/\/files.slack.com\/files-tmb\/TJH5YU202-FNAJN1Y5D-d1a99a0398\/tenor__2__160.png?t=xoxe-629202954002-776688371669-763909703378-01ffaa4c4eeda75ea92ad255b32a04e5",
                "thumb_360_gif": "https:\/\/files.slack.com\/files-tmb\/TJH5YU202-FNAJN1Y5D-d1a99a0398\/tenor__2__360.gif?t=xoxe-629202954002-776688371669-763909703378-01ffaa4c4eeda75ea92ad255b32a04e5",
                "thumb_480_gif": "https:\/\/files.slack.com\/files-tmb\/TJH5YU202-FNAJN1Y5D-d1a99a0398\/tenor__2__480.gif?t=xoxe-629202954002-776688371669-763909703378-01ffaa4c4eeda75ea92ad255b32a04e5",
                "image_exif_rotation": 1,
                "original_w": 498,
                "original_h": 372,
                "deanimate_gif": "https:\/\/files.slack.com\/files-tmb\/TJH5YU202-FNAJN1Y5D-d1a99a0398\/tenor__2__deanimate_gif.png?t=xoxe-629202954002-776688371669-763909703378-01ffaa4c4eeda75ea92ad255b32a04e5",
                "permalink": "https:\/\/harbourproject.slack.com\/files\/UJULQCHL5\/FNAJN1Y5D\/tenor__2_.gif",
                "permalink_public": "https:\/\/slack-files.com\/TJH5YU202-FNAJN1Y5D-ece226f06b",
                "is_starred": false,
                "has_rich_preview": false
            }
        ],
        "upload": true,
        "user": "UJULQCHL5",
        "display_as_bot": false,
        "ts": "1568218905.074200",
        "client_msg_id": "a945cdaf-8558-4619-928e-cd6e2aa5753f"
    },
    {
        "user": "UJXP7LS78",
        "type": "message",
        "subtype": "channel_join",
        "ts": "1568236083.076800",
        "text": "<@UJXP7LS78> se ha unido al canal"
    }
]