[
    {
        "type": "message",
        "text": "19.00 Skype",
        "files": [
            {
                "id": "FN9AQ9Y68",
                "created": 1568288249,
                "timestamp": 1568288249,
                "name": "mercury.png",
                "title": "mercury.png",
                "mimetype": "image\/png",
                "filetype": "png",
                "pretty_type": "PNG",
                "user": "UJWR5N32S",
                "editable": false,
                "size": 154304,
                "mode": "hosted",
                "is_external": false,
                "external_type": "",
                "is_public": true,
                "public_url_shared": false,
                "display_as_bot": false,
                "username": "",
                "url_private": "https:\/\/files.slack.com\/files-pri\/TJH5YU202-FN9AQ9Y68\/mercury.png?t=xoxe-629202954002-776688371669-763909703378-01ffaa4c4eeda75ea92ad255b32a04e5",
                "url_private_download": "https:\/\/files.slack.com\/files-pri\/TJH5YU202-FN9AQ9Y68\/download\/mercury.png?t=xoxe-629202954002-776688371669-763909703378-01ffaa4c4eeda75ea92ad255b32a04e5",
                "thumb_64": "https:\/\/files.slack.com\/files-tmb\/TJH5YU202-FN9AQ9Y68-81694bfac8\/mercury_64.png?t=xoxe-629202954002-776688371669-763909703378-01ffaa4c4eeda75ea92ad255b32a04e5",
                "thumb_80": "https:\/\/files.slack.com\/files-tmb\/TJH5YU202-FN9AQ9Y68-81694bfac8\/mercury_80.png?t=xoxe-629202954002-776688371669-763909703378-01ffaa4c4eeda75ea92ad255b32a04e5",
                "thumb_360": "https:\/\/files.slack.com\/files-tmb\/TJH5YU202-FN9AQ9Y68-81694bfac8\/mercury_360.png?t=xoxe-629202954002-776688371669-763909703378-01ffaa4c4eeda75ea92ad255b32a04e5",
                "thumb_360_w": 360,
                "thumb_360_h": 90,
                "thumb_480": "https:\/\/files.slack.com\/files-tmb\/TJH5YU202-FN9AQ9Y68-81694bfac8\/mercury_480.png?t=xoxe-629202954002-776688371669-763909703378-01ffaa4c4eeda75ea92ad255b32a04e5",
                "thumb_480_w": 480,
                "thumb_480_h": 120,
                "thumb_160": "https:\/\/files.slack.com\/files-tmb\/TJH5YU202-FN9AQ9Y68-81694bfac8\/mercury_160.png?t=xoxe-629202954002-776688371669-763909703378-01ffaa4c4eeda75ea92ad255b32a04e5",
                "thumb_720": "https:\/\/files.slack.com\/files-tmb\/TJH5YU202-FN9AQ9Y68-81694bfac8\/mercury_720.png?t=xoxe-629202954002-776688371669-763909703378-01ffaa4c4eeda75ea92ad255b32a04e5",
                "thumb_720_w": 720,
                "thumb_720_h": 180,
                "thumb_800": "https:\/\/files.slack.com\/files-tmb\/TJH5YU202-FN9AQ9Y68-81694bfac8\/mercury_800.png?t=xoxe-629202954002-776688371669-763909703378-01ffaa4c4eeda75ea92ad255b32a04e5",
                "thumb_800_w": 800,
                "thumb_800_h": 200,
                "image_exif_rotation": 1,
                "original_w": 800,
                "original_h": 200,
                "permalink": "https:\/\/harbourproject.slack.com\/files\/UJWR5N32S\/FN9AQ9Y68\/mercury.png",
                "permalink_public": "https:\/\/slack-files.com\/TJH5YU202-FN9AQ9Y68-7a740f0f4e",
                "is_starred": false,
                "has_rich_preview": false
            }
        ],
        "upload": true,
        "user": "UJWR5N32S",
        "display_as_bot": false,
        "ts": "1568288250.000100",
        "client_msg_id": "997c580e-3024-44d5-982c-459d1c030a36"
    },
    {
        "client_msg_id": "cd68f07a-59b2-4889-9931-3dc3b3b40389",
        "type": "message",
        "text": "<https:\/\/youtu.be\/cHooVWc2rDk>",
        "user": "UJUFNFMFE",
        "ts": "1568319318.000500",
        "team": "TJH5YU202",
        "user_team": "TJH5YU202",
        "source_team": "TJH5YU202",
        "user_profile": {
            "avatar_hash": "aa4e40c137f0",
            "image_72": "https:\/\/avatars.slack-edge.com\/2019-05-21\/630419446595_aa4e40c137f03c23b9cd_72.jpg",
            "first_name": "Marcelo",
            "real_name": "Marcelo Roggeri",
            "display_name": "Marcelo Roggeri",
            "team": "TJH5YU202",
            "name": "roggerimarcelo",
            "is_restricted": false,
            "is_ultra_restricted": false
        },
        "attachments": [
            {
                "service_name": "YouTube",
                "service_url": "https:\/\/www.youtube.com\/",
                "title": "HWeb MVC3",
                "title_link": "https:\/\/youtu.be\/cHooVWc2rDk",
                "author_name": "Marcelo Roggeri",
                "author_link": "https:\/\/www.youtube.com\/channel\/UCLcisQQ4C6CrFp3Hkvt7FRA",
                "thumb_url": "https:\/\/i.ytimg.com\/vi\/cHooVWc2rDk\/hqdefault.jpg",
                "thumb_width": 480,
                "thumb_height": 360,
                "fallback": "YouTube Video: HWeb MVC3",
                "video_html": "<iframe width=\"400\" height=\"225\" src=\"https:\/\/www.youtube.com\/embed\/cHooVWc2rDk?feature=oembed&autoplay=1&iv_load_policy=3\" frameborder=\"0\" allow=\"accelerometer; autoplay; encrypted-media; gyroscope; picture-in-picture\" allowfullscreen><\/iframe>",
                "video_html_width": 400,
                "video_html_height": 225,
                "from_url": "https:\/\/youtu.be\/cHooVWc2rDk",
                "service_icon": "https:\/\/a.slack-edge.com\/80588\/img\/unfurl_icons\/youtube.png",
                "id": 1,
                "original_url": "https:\/\/youtu.be\/cHooVWc2rDk"
            }
        ],
        "reactions": [
            {
                "name": "+1",
                "users": [
                    "UJUJLTWMT"
                ],
                "count": 1
            }
        ]
    },
    {
        "user": "UMZ3LNV5Z",
        "type": "message",
        "subtype": "channel_join",
        "ts": "1568320069.000900",
        "text": "<@UMZ3LNV5Z> se ha unido al canal",
        "inviter": "UM81W8B0Q"
    },
    {
        "user": "UNAHBRTFA",
        "type": "message",
        "subtype": "channel_join",
        "ts": "1568326307.001100",
        "text": "<@UNAHBRTFA> se ha unido al canal",
        "inviter": "UM81W8B0Q"
    }
]