[
    {
        "client_msg_id": "34922343-2ba8-4d30-b2e4-edeb12def648",
        "type": "message",
        "text": "vivir desde el balcon de mi oficina",
        "user": "UJHD6A81H",
        "ts": "1597476491.274000",
        "team": "TJH5YU202",
        "user_team": "TJH5YU202",
        "source_team": "TJH5YU202",
        "user_profile": {
            "avatar_hash": "g6b8073e00e9",
            "image_72": "https:\/\/secure.gravatar.com\/avatar\/b96b8073e00e9eb02bcf05bc1418eb3a.jpg?s=72&d=https%3A%2F%2Fa.slack-edge.com%2Fdf10d%2Fimg%2Favatars%2Fava_0021-72.png",
            "first_name": "Otto",
            "real_name": "Otto Atzwanger",
            "display_name": "Otto",
            "team": "TJH5YU202",
            "name": "otto",
            "is_restricted": false,
            "is_ultra_restricted": false
        },
        "blocks": [
            {
                "type": "rich_text",
                "block_id": "Bg8Nw",
                "elements": [
                    {
                        "type": "rich_text_section",
                        "elements": [
                            {
                                "type": "text",
                                "text": "vivir desde el balcon de mi oficina"
                            }
                        ]
                    }
                ]
            }
        ]
    },
    {
        "type": "message",
        "text": "",
        "files": [
            {
                "id": "F018WT53ARG",
                "created": 1597476498,
                "timestamp": 1597476498,
                "name": "Patrozinium in Sillian-15-08-2020.mp4",
                "title": "Patrozinium in Sillian-15-08-2020.mp4",
                "mimetype": "video\/mp4",
                "filetype": "mp4",
                "pretty_type": "MPEG 4 Video",
                "user": "UJHD6A81H",
                "editable": false,
                "size": 362347130,
                "mode": "hosted",
                "is_external": false,
                "external_type": "",
                "is_public": true,
                "public_url_shared": false,
                "display_as_bot": false,
                "username": "",
                "url_private": "https:\/\/files.slack.com\/files-pri\/TJH5YU202-F018WT53ARG\/patrozinium_in_sillian-15-08-2020.mp4?t=xoxe-629202954002-1316365335585-1303739558562-bb0d767c5143c02b3f1039cae658c718",
                "url_private_download": "https:\/\/files.slack.com\/files-pri\/TJH5YU202-F018WT53ARG\/download\/patrozinium_in_sillian-15-08-2020.mp4?t=xoxe-629202954002-1316365335585-1303739558562-bb0d767c5143c02b3f1039cae658c718",
                "thumb_video": "https:\/\/files.slack.com\/files-tmb\/TJH5YU202-F018WT53ARG-af71d03c25\/patrozinium_in_sillian-15-08-2020_thumb_video.jpeg?t=xoxe-629202954002-1316365335585-1303739558562-bb0d767c5143c02b3f1039cae658c718",
                "permalink": "https:\/\/harbourproject.slack.com\/files\/UJHD6A81H\/F018WT53ARG\/patrozinium_in_sillian-15-08-2020.mp4",
                "permalink_public": "https:\/\/slack-files.com\/TJH5YU202-F018WT53ARG-1659ab62d4",
                "is_starred": false,
                "has_rich_preview": false
            }
        ],
        "upload": false,
        "user": "UJHD6A81H",
        "display_as_bot": false,
        "ts": "1597476645.274100"
    }
]