[
    {
        "client_msg_id": "be13f4c4-9135-4d67-96be-5078a51c21f5",
        "type": "message",
        "text": "¿por qué Heisenberg nunca tuvo hijos? porque cuando encontró el momento, no encontró la posición!",
        "user": "UM81W8B0Q",
        "ts": "1593295462.231100",
        "team": "TJH5YU202",
        "user_team": "TJH5YU202",
        "source_team": "TJH5YU202",
        "user_profile": {
            "avatar_hash": "gab9279ee8c0",
            "image_72": "https:\/\/secure.gravatar.com\/avatar\/73ab9279ee8c00f66ce4904d30146c8f.jpg?s=72&d=https%3A%2F%2Fa.slack-edge.com%2Fdf10d%2Fimg%2Favatars%2Fava_0010-72.png",
            "first_name": "",
            "real_name": "Angel Pais",
            "display_name": "Angel Pais",
            "team": "TJH5YU202",
            "name": "amigosam",
            "is_restricted": false,
            "is_ultra_restricted": false
        },
        "blocks": [
            {
                "type": "rich_text",
                "block_id": "rDc9",
                "elements": [
                    {
                        "type": "rich_text_section",
                        "elements": [
                            {
                                "type": "text",
                                "text": "¿por qué Heisenberg nunca tuvo hijos? porque cuando encontró el momento, no encontró la posición!"
                            }
                        ]
                    }
                ]
            }
        ]
    }
]