[
    {
        "client_msg_id": "f377ca4c-d31e-4731-a341-757119d6e820",
        "type": "message",
        "text": "<https:\/\/www.nytimes.com\/2020\/06\/26\/opinion\/confederate-monuments-racism.html>",
        "user": "UJUSD6VB2",
        "ts": "1593697153.233200",
        "team": "TJH5YU202",
        "user_team": "TJH5YU202",
        "source_team": "TJH5YU202",
        "user_profile": {
            "avatar_hash": "g1677a02d0b6",
            "image_72": "https:\/\/secure.gravatar.com\/avatar\/bb1677a02d0b69ba91eb245090c7c83a.jpg?s=72&d=https%3A%2F%2Fa.slack-edge.com%2Fdf10d%2Fimg%2Favatars%2Fava_0015-72.png",
            "first_name": "",
            "real_name": "Osvaldo Ramirez",
            "display_name": "Osvaldo Ramirez",
            "team": "TJH5YU202",
            "name": "ramirezosvaldo",
            "is_restricted": false,
            "is_ultra_restricted": false
        },
        "attachments": [
            {
                "service_name": "The New York Times",
                "service_url": "https:\/\/www.nytimes.com",
                "title": "You Want a Confederate Monument? My Body Is a Confederate Monument",
                "title_link": "https:\/\/www.nytimes.com\/2020\/06\/26\/opinion\/confederate-monuments-racism.html",
                "author_name": "By Caroline Randall Williams",
                "thumb_url": "https:\/\/static01.nyt.com\/images\/2020\/06\/26\/opinion\/sunday\/26Williams-1\/26Williams-1-mediumThreeByTwo440.jpg",
                "thumb_width": 440,
                "thumb_height": 293,
                "text": "The black people I come from were owned and raped by the white people I come from. Who dares to tell me to celebrate them?",
                "fallback": "The New York Times You Want a Confederate Monument? My Body Is a Confederate Monument",
                "from_url": "https:\/\/www.nytimes.com\/2020\/06\/26\/opinion\/confederate-monuments-racism.html",
                "service_icon": "https:\/\/a.slack-edge.com\/80588\/img\/unfurl_icons\/nytimes.png",
                "id": 1,
                "original_url": "https:\/\/www.nytimes.com\/2020\/06\/26\/opinion\/confederate-monuments-racism.html"
            }
        ],
        "blocks": [
            {
                "type": "rich_text",
                "block_id": "\/7Vu2",
                "elements": [
                    {
                        "type": "rich_text_section",
                        "elements": [
                            {
                                "type": "link",
                                "url": "https:\/\/www.nytimes.com\/2020\/06\/26\/opinion\/confederate-monuments-racism.html"
                            }
                        ]
                    }
                ]
            }
        ]
    },
    {
        "client_msg_id": "dd39acb2-0d01-41f8-bbb5-a8305c76c144",
        "type": "message",
        "text": "Buen dia  a todos, me gusto el articulo, por si alguno le interesa, este es la traducción :",
        "user": "UJUSD6VB2",
        "ts": "1593697184.233900",
        "team": "TJH5YU202",
        "user_team": "TJH5YU202",
        "source_team": "TJH5YU202",
        "user_profile": {
            "avatar_hash": "g1677a02d0b6",
            "image_72": "https:\/\/secure.gravatar.com\/avatar\/bb1677a02d0b69ba91eb245090c7c83a.jpg?s=72&d=https%3A%2F%2Fa.slack-edge.com%2Fdf10d%2Fimg%2Favatars%2Fava_0015-72.png",
            "first_name": "",
            "real_name": "Osvaldo Ramirez",
            "display_name": "Osvaldo Ramirez",
            "team": "TJH5YU202",
            "name": "ramirezosvaldo",
            "is_restricted": false,
            "is_ultra_restricted": false
        },
        "blocks": [
            {
                "type": "rich_text",
                "block_id": "jzXtI",
                "elements": [
                    {
                        "type": "rich_text_section",
                        "elements": [
                            {
                                "type": "text",
                                "text": "Buen dia  a todos, me gusto el articulo, por si alguno le interesa, este es la traducción :"
                            }
                        ]
                    }
                ]
            }
        ]
    },
    {
        "client_msg_id": "6dcebf5a-09c2-4e20-afda-e90b13b4516e",
        "type": "message",
        "text": "<https:\/\/diario.mx\/el-paso\/mi-cuerpo-es-un-monumento-de-la-confederacion-20200701-1679885.html>",
        "user": "UJUSD6VB2",
        "ts": "1593697202.234100",
        "team": "TJH5YU202",
        "user_team": "TJH5YU202",
        "source_team": "TJH5YU202",
        "user_profile": {
            "avatar_hash": "g1677a02d0b6",
            "image_72": "https:\/\/secure.gravatar.com\/avatar\/bb1677a02d0b69ba91eb245090c7c83a.jpg?s=72&d=https%3A%2F%2Fa.slack-edge.com%2Fdf10d%2Fimg%2Favatars%2Fava_0015-72.png",
            "first_name": "",
            "real_name": "Osvaldo Ramirez",
            "display_name": "Osvaldo Ramirez",
            "team": "TJH5YU202",
            "name": "ramirezosvaldo",
            "is_restricted": false,
            "is_ultra_restricted": false
        },
        "attachments": [
            {
                "service_name": "El Diario",
                "title": "Mi cuerpo es un monumento de la Confederación",
                "title_link": "https:\/\/diario.mx\/el-paso\/mi-cuerpo-es-un-monumento-de-la-confederacion-20200701-1679885.html",
                "text": "Y debo decir que hay muchas cosas del sur que me resultan valiosas",
                "fallback": "El Diario: Mi cuerpo es un monumento de la Confederación",
                "image_url": "https:\/\/diario.mx\/jrz\/media\/uploads\/galeria\/def.jpg",
                "image_width": 397,
                "image_height": 250,
                "from_url": "https:\/\/diario.mx\/el-paso\/mi-cuerpo-es-un-monumento-de-la-confederacion-20200701-1679885.html",
                "image_bytes": 16799,
                "service_icon": "https:\/\/diario.mx\/jrz\/media\/logos\/iconos\/180x180.png",
                "id": 1,
                "original_url": "https:\/\/diario.mx\/el-paso\/mi-cuerpo-es-un-monumento-de-la-confederacion-20200701-1679885.html"
            }
        ],
        "blocks": [
            {
                "type": "rich_text",
                "block_id": "o4nq",
                "elements": [
                    {
                        "type": "rich_text_section",
                        "elements": [
                            {
                                "type": "link",
                                "url": "https:\/\/diario.mx\/el-paso\/mi-cuerpo-es-un-monumento-de-la-confederacion-20200701-1679885.html"
                            }
                        ]
                    }
                ]
            }
        ]
    },
    {
        "client_msg_id": "fc35f680-4da8-4d98-8a6b-e70321f4a247",
        "type": "message",
        "text": "Claro aca estamos los mas mejores :stuck_out_tongue:",
        "user": "UM81W8B0Q",
        "ts": "1593698220.234600",
        "team": "TJH5YU202",
        "user_team": "TJH5YU202",
        "source_team": "TJH5YU202",
        "user_profile": {
            "avatar_hash": "gab9279ee8c0",
            "image_72": "https:\/\/secure.gravatar.com\/avatar\/73ab9279ee8c00f66ce4904d30146c8f.jpg?s=72&d=https%3A%2F%2Fa.slack-edge.com%2Fdf10d%2Fimg%2Favatars%2Fava_0010-72.png",
            "first_name": "",
            "real_name": "Angel Pais",
            "display_name": "Angel Pais",
            "team": "TJH5YU202",
            "name": "amigosam",
            "is_restricted": false,
            "is_ultra_restricted": false
        },
        "blocks": [
            {
                "type": "rich_text",
                "block_id": "YPuu",
                "elements": [
                    {
                        "type": "rich_text_section",
                        "elements": [
                            {
                                "type": "text",
                                "text": "Claro aca estamos los mas mejores "
                            },
                            {
                                "type": "emoji",
                                "name": "stuck_out_tongue"
                            }
                        ]
                    }
                ]
            }
        ]
    },
    {
        "client_msg_id": "3caf6337-7d2f-4799-9d57-eee9c5694220",
        "type": "message",
        "text": "jajajaj, nombre amigo, te pasas!!!!:nauseated_face:",
        "user": "UJUSD6VB2",
        "ts": "1593698971.235000",
        "team": "TJH5YU202",
        "user_team": "TJH5YU202",
        "source_team": "TJH5YU202",
        "user_profile": {
            "avatar_hash": "g1677a02d0b6",
            "image_72": "https:\/\/secure.gravatar.com\/avatar\/bb1677a02d0b69ba91eb245090c7c83a.jpg?s=72&d=https%3A%2F%2Fa.slack-edge.com%2Fdf10d%2Fimg%2Favatars%2Fava_0015-72.png",
            "first_name": "",
            "real_name": "Osvaldo Ramirez",
            "display_name": "Osvaldo Ramirez",
            "team": "TJH5YU202",
            "name": "ramirezosvaldo",
            "is_restricted": false,
            "is_ultra_restricted": false
        },
        "blocks": [
            {
                "type": "rich_text",
                "block_id": "5pq3I",
                "elements": [
                    {
                        "type": "rich_text_section",
                        "elements": [
                            {
                                "type": "text",
                                "text": "jajajaj, nombre amigo, te pasas!!!!"
                            },
                            {
                                "type": "emoji",
                                "name": "nauseated_face"
                            }
                        ]
                    }
                ]
            }
        ]
    },
    {
        "client_msg_id": "cc7414b7-4b65-470e-996c-8e9714cfea82",
        "type": "message",
        "text": "Pero imagina un Angel sin humor, no seria Angel:innocent:",
        "user": "UJUSD6VB2",
        "ts": "1593699002.235500",
        "team": "TJH5YU202",
        "user_team": "TJH5YU202",
        "source_team": "TJH5YU202",
        "user_profile": {
            "avatar_hash": "g1677a02d0b6",
            "image_72": "https:\/\/secure.gravatar.com\/avatar\/bb1677a02d0b69ba91eb245090c7c83a.jpg?s=72&d=https%3A%2F%2Fa.slack-edge.com%2Fdf10d%2Fimg%2Favatars%2Fava_0015-72.png",
            "first_name": "",
            "real_name": "Osvaldo Ramirez",
            "display_name": "Osvaldo Ramirez",
            "team": "TJH5YU202",
            "name": "ramirezosvaldo",
            "is_restricted": false,
            "is_ultra_restricted": false
        },
        "blocks": [
            {
                "type": "rich_text",
                "block_id": "Ph6",
                "elements": [
                    {
                        "type": "rich_text_section",
                        "elements": [
                            {
                                "type": "text",
                                "text": "Pero imagina un Angel sin humor, no seria Angel"
                            },
                            {
                                "type": "emoji",
                                "name": "innocent"
                            }
                        ]
                    }
                ]
            }
        ]
    },
    {
        "client_msg_id": "95c7f0b5-e71d-4683-a136-8f335f8f600f",
        "type": "message",
        "text": "Mas al sur sólo pingüinos",
        "user": "UM81W8B0Q",
        "ts": "1593699146.235900",
        "team": "TJH5YU202",
        "user_team": "TJH5YU202",
        "source_team": "TJH5YU202",
        "user_profile": {
            "avatar_hash": "gab9279ee8c0",
            "image_72": "https:\/\/secure.gravatar.com\/avatar\/73ab9279ee8c00f66ce4904d30146c8f.jpg?s=72&d=https%3A%2F%2Fa.slack-edge.com%2Fdf10d%2Fimg%2Favatars%2Fava_0010-72.png",
            "first_name": "",
            "real_name": "Angel Pais",
            "display_name": "Angel Pais",
            "team": "TJH5YU202",
            "name": "amigosam",
            "is_restricted": false,
            "is_ultra_restricted": false
        },
        "blocks": [
            {
                "type": "rich_text",
                "block_id": "THX",
                "elements": [
                    {
                        "type": "rich_text_section",
                        "elements": [
                            {
                                "type": "text",
                                "text": "Mas al sur sólo pingüinos"
                            }
                        ]
                    }
                ]
            }
        ]
    }
]