[
{
    "user_id": "UJXFG9D2S",
    "user_name": "info703",
    "date": "1595518716",
    "change_type": "added",
    "app_type": "Translate",
    "app_id": "A0ZJS6Z7E"
},
{
    "user_id": "UM81W8B0Q",
    "user_name": "amigosam",
    "date": "1589417627",
    "change_type": "resource_grant_created",
    "service_id": 1123047033667,
    "service_type": "App",
    "scope": null,
    "channel": "private",
    "app_type": "GitHub",
    "app_id": "A8GBNUWU8"
},
{
    "user_id": "UM99QAYNB",
    "user_name": "jonathan",
    "date": "1589415147",
    "change_type": "resource_grant_created",
    "service_id": 1123047033667,
    "service_type": "App",
    "scope": null,
    "channel": "private",
    "app_type": "GitHub",
    "app_id": "A8GBNUWU8"
},
{
    "user_id": "UM99QAYNB",
    "user_name": "jonathan",
    "date": "1589415147",
    "change_type": "resource_grant_created",
    "service_id": 1123047033667,
    "service_type": "App",
    "scope": null,
    "channel": "C010MGK3PHT",
    "app_type": "GitHub",
    "app_id": "A8GBNUWU8"
},
{
    "user_id": "UM99QAYNB",
    "user_name": "jonathan",
    "date": "1589415147",
    "change_type": "resource_grant_created",
    "service_id": 1123047033667,
    "service_type": "App",
    "scope": null,
    "channel": "C013Z343GSC",
    "app_type": "GitHub",
    "app_id": "A8GBNUWU8"
},
{
    "user_id": "UM99QAYNB",
    "user_name": "jonathan",
    "date": "1589415147",
    "change_type": "resource_grant_created",
    "service_id": 1123047033667,
    "service_type": "App",
    "scope": null,
    "channel": "CJUJGSZ5E",
    "app_type": "GitHub",
    "app_id": "A8GBNUWU8"
},
{
    "user_id": "UM99QAYNB",
    "user_name": "jonathan",
    "date": "1589415147",
    "change_type": "resource_grant_created",
    "service_id": 1123047033667,
    "service_type": "App",
    "scope": null,
    "channel": "private",
    "app_type": "GitHub",
    "app_id": "A8GBNUWU8"
},
{
    "user_id": "UM99QAYNB",
    "user_name": "jonathan",
    "date": "1589415147",
    "change_type": "resource_grant_created",
    "service_id": 1123047033667,
    "service_type": "App",
    "scope": null,
    "channel": "CJUHF8SBX",
    "app_type": "GitHub",
    "app_id": "A8GBNUWU8"
},
{
    "user_id": "UM99QAYNB",
    "user_name": "jonathan",
    "date": "1589415147",
    "change_type": "resource_grant_created",
    "service_id": 1123047033667,
    "service_type": "App",
    "scope": null,
    "channel": "CN5QSU3DL",
    "app_type": "GitHub",
    "app_id": "A8GBNUWU8"
},
{
    "user_id": "UM99QAYNB",
    "user_name": "jonathan",
    "date": "1589415147",
    "change_type": "resource_grant_created",
    "service_id": 1123047033667,
    "service_type": "App",
    "scope": null,
    "channel": "CL6HGTURE",
    "app_type": "GitHub",
    "app_id": "A8GBNUWU8"
},
{
    "user_id": "UM99QAYNB",
    "user_name": "jonathan",
    "date": "1589415146",
    "change_type": "resource_grant_created",
    "service_id": 1123047033667,
    "service_type": "App",
    "scope": null,
    "app_type": "GitHub",
    "app_id": "A8GBNUWU8"
},
{
    "user_id": "UM99QAYNB",
    "user_name": "jonathan",
    "date": "1589415146",
    "change_type": "expanded",
    "service_id": 1123047033667,
    "service_type": "App",
    "scope": null,
    "app_type": "GitHub",
    "app_id": "A8GBNUWU8"
},
{
    "user_id": "UM99QAYNB",
    "user_name": "jonathan",
    "date": "1589415146",
    "change_type": "expanded",
    "service_id": 1123047033667,
    "service_type": "App",
    "scope": null,
    "app_type": "GitHub",
    "app_id": "A8GBNUWU8"
},
{
    "user_id": "UM99QAYNB",
    "user_name": "jonathan",
    "date": "1589415145",
    "change_type": "added",
    "app_type": "GitHub",
    "app_id": "A8GBNUWU8"
},
{
    "user_id": "UJWR5N32S",
    "user_name": "carles9000",
    "date": "1585687606",
    "change_type": "added",
    "app_type": "Zoom",
    "app_id": "A5GE9BMQC",
    "scope": "identify,bot,commands,team:read,users:read,users:read.email,chat:write:bot,links:read,links:write"
},
{
    "user_id": "UJKQTKEPL",
    "user_name": "dagoberto.toledo",
    "date": "1580161686",
    "change_type": "resource_grant_created",
    "service_id": 640828322228,
    "service_type": "App",
    "scope": null,
    "channel": "private",
    "app_type": "Slack Developer Tools (Legacy)",
    "app_id": "AARDLSURF"
},
{
    "user_id": "UJWGTCNS3",
    "user_name": "zalezalon",
    "date": "1573237606",
    "change_type": "added",
    "app_type": "Google Calendar",
    "app_id": "ADZ494LHY",
    "scope": "identify,bot,commands,users.profile:write"
},
{
    "user_id": "UNAHBRTFA",
    "user_name": "andreu.132",
    "date": "1571055538",
    "change_type": "resource_grant_revoked",
    "service_id": 640828322228,
    "service_type": "App",
    "scope": null,
    "channel": "private",
    "app_type": "Slack Developer Tools (Legacy)",
    "app_id": "AARDLSURF"
},
{
    "user_id": "UNAHBRTFA",
    "user_name": "andreu.132",
    "date": "1571055118",
    "change_type": "resource_grant_created",
    "service_id": 640828322228,
    "service_type": "App",
    "scope": null,
    "channel": "private",
    "app_type": "Slack Developer Tools (Legacy)",
    "app_id": "AARDLSURF"
},
{
    "user_id": "UJWR5N32S",
    "user_name": "carles9000",
    "date": "1566406498",
    "change_type": "updated",
    "rss_feed": true,
    "rss_feed_change_type": "removed",
    "rss_feed_title": "FiveTech Software tech support forums",
    "rss_feed_url": "https:\/\/forums.fivetechsupport.com\/rss.php?sid=cdc2bacfe4728a1239eb3555ad4bcdb3",
    "service_id": 731261460213,
    "service_type": "RSS",
    "scope": "commands,incoming-webhook",
    "channel": "private"
},
{
    "user_id": "UJWR5N32S",
    "user_name": "carles9000",
    "date": "1566406472",
    "change_type": "updated",
    "rss_feed": true,
    "rss_feed_change_type": "removed",
    "rss_feed_title": "FiveTech Software tech support forums",
    "rss_feed_url": "https:\/\/forums.fivetechsupport.com\/rss.php?sid=cdc2bacfe4728a1239eb3555ad4bcdb3",
    "service_id": 731261460213,
    "service_type": "RSS",
    "scope": "commands,incoming-webhook",
    "channel": "private"
},
{
    "user_id": "UJWR5N32S",
    "user_name": "carles9000",
    "date": "1566243263",
    "change_type": "updated",
    "rss_feed": true,
    "rss_feed_change_type": "added",
    "rss_feed_title": "FiveTech Software tech support forums",
    "rss_feed_url": "https:\/\/forums.fivetechsupport.com\/rss.php?sid=cdc2bacfe4728a1239eb3555ad4bcdb3",
    "service_id": 731261460213,
    "service_type": "RSS",
    "scope": "commands,incoming-webhook",
    "channel": "private"
},
{
    "user_id": "UJWR5N32S",
    "user_name": "carles9000",
    "date": "1566242349",
    "change_type": "updated",
    "rss_feed": true,
    "rss_feed_change_type": "added",
    "rss_feed_title": "FiveTech Software tech support forums",
    "rss_feed_url": "https:\/\/forums.fivetechsupport.com\/rss.php?sid=cdc2bacfe4728a1239eb3555ad4bcdb3",
    "service_id": 731261460213,
    "service_type": "RSS",
    "scope": "commands,incoming-webhook",
    "channel": "private"
},
{
    "user_id": "UJWR5N32S",
    "user_name": "carles9000",
    "date": "1566242283",
    "change_type": "added",
    "service_id": 731261460213,
    "service_type": "RSS",
    "scope": "commands,incoming-webhook"
},
{
    "user_id": "UJXFG9D2S",
    "user_name": "info703",
    "date": "1565940564",
    "change_type": "added",
    "app_type": "Export",
    "app_id": "A19P6G35Y",
    "scope": "identify,commands,channels:history,groups:history,im:history,users:read,users:read.email"
},
{
    "user_id": "UJN8D8U3B",
    "user_name": "alinares",
    "date": "1565939945",
    "change_type": "added",
    "app_type": "Export",
    "app_id": "A19P6G35Y",
    "scope": "identify,commands,channels:history,groups:history,im:history,users:read,users:read.email"
},
{
    "user_id": "UJWR5N32S",
    "user_name": "carles9000",
    "date": "1564492638",
    "change_type": "removed",
    "reason": "user_uninstalled_app",
    "app_type": "Tettra Wiki",
    "app_id": "A0H4VM9FG",
    "scope": "identify,bot,commands,team:read,users:read,users:read.email"
},
{
    "user_id": "UJU3NMK0U",
    "user_name": "xevicomas",
    "date": "1562444670",
    "change_type": "added",
    "app_type": "Google Drive",
    "app_id": "A6NL8MJ6Q",
    "scope": "identify,bot,channels:read,files:read,team:read,users:read,users:read.email,chat:write:bot,links:read"
},
{
    "user_id": "UJWR5N32S",
    "user_name": "carles9000",
    "date": "1561233153",
    "change_type": "added",
    "app_type": "Tettra Wiki",
    "app_id": "A0H4VM9FG",
    "scope": "identify,bot,commands,team:read,users:read,users:read.email"
},
{
    "user_id": "UKE0GJWE8",
    "user_name": "taavi",
    "date": "1560182222",
    "change_type": "resource_grant_created",
    "service_id": 640828322228,
    "service_type": "App",
    "scope": null,
    "channel": "private",
    "app_type": "Slack Developer Tools (Legacy)",
    "app_id": "AARDLSURF"
},
{
    "user_id": "UJQVBKB7U",
    "user_name": "christiano.silveira",
    "date": "1559236683",
    "change_type": "added",
    "app_type": "Google Drive",
    "app_id": "A6NL8MJ6Q",
    "scope": "identify,bot,channels:read,files:read,team:read,users:read,users:read.email,chat:write:bot,links:read"
},
{
    "user_id": "UJQVBKB7U",
    "user_name": "christiano.silveira",
    "date": "1559236537",
    "change_type": "added",
    "service_id": 650701815680,
    "service_type": "Google Drive",
    "scope": "files:write:user"
},
{
    "user_id": "UJUJ98L1J",
    "user_name": "toninho",
    "date": "1558526918",
    "change_type": "added",
    "app_type": "Workast",
    "app_id": "A0HBTUUPK",
    "scope": "identity.basic"
},
{
    "user_id": "UJU2ZLJBW",
    "user_name": "carlosantoniomora",
    "date": "1558521087",
    "change_type": "added",
    "app_type": "Workast",
    "app_id": "A0HBTUUPK",
    "scope": "identity.basic"
},
{
    "user_id": "UJULQCHL5",
    "user_name": "hmpaquito",
    "date": "1558508984",
    "change_type": "added",
    "app_type": "Workast",
    "app_id": "A0HBTUUPK",
    "scope": "identity.basic"
},
{
    "user_id": "UJWR5N32S",
    "user_name": "carles9000",
    "date": "1558424772",
    "change_type": "added",
    "app_type": "Workast",
    "app_id": "A0HBTUUPK",
    "scope": "identify,bot,commands,chat:write:bot"
},
{
    "user_id": "UJWR5N32S",
    "user_name": "carles9000",
    "date": "1558420680",
    "change_type": "expanded",
    "service_id": 640828322228,
    "service_type": "App",
    "scope": null,
    "app_type": "Slack Developer Tools (Legacy)",
    "app_id": "AARDLSURF"
},
{
    "user_id": "UJWR5N32S",
    "user_name": "carles9000",
    "date": "1558420680",
    "change_type": "resource_grant_created",
    "service_id": 640828322228,
    "service_type": "App",
    "scope": null,
    "app_type": "Slack Developer Tools (Legacy)",
    "app_id": "AARDLSURF"
},
{
    "user_id": "UJWR5N32S",
    "user_name": "carles9000",
    "date": "1558420680",
    "change_type": "wildcard_resource_grant_created",
    "service_id": 640828322228,
    "service_type": "App",
    "scope": null,
    "app_type": "Slack Developer Tools (Legacy)",
    "app_id": "AARDLSURF"
},
{
    "user_id": "UJWR5N32S",
    "user_name": "carles9000",
    "date": "1558420680",
    "change_type": "resource_grant_created",
    "service_id": 640828322228,
    "service_type": "App",
    "scope": null,
    "channel": "private",
    "app_type": "Slack Developer Tools (Legacy)",
    "app_id": "AARDLSURF"
},
{
    "user_id": "UJWR5N32S",
    "user_name": "carles9000",
    "date": "1558420680",
    "change_type": "added",
    "app_type": "Slack Developer Tools (Legacy)",
    "app_id": "AARDLSURF"
},
{
    "user_id": "UJWR5N32S",
    "user_name": "carles9000",
    "date": "1558418515",
    "change_type": "added",
    "app_type": "\/notes",
    "app_id": "A0SPKPAQ3",
    "scope": "identify,commands,channels:read,groups:read,users:read,users:read.email,chat:write:bot"
}
]