[
    {
        "type": "message",
        "text": "",
        "files": [
            {
                "id": "F01AD21KPT9",
                "created": 1600273165,
                "timestamp": 1600273165,
                "name": "image.png",
                "title": "image.png",
                "mimetype": "image\/png",
                "filetype": "png",
                "pretty_type": "PNG",
                "user": "UJULQCHL5",
                "editable": false,
                "size": 16519,
                "mode": "hosted",
                "is_external": false,
                "external_type": "",
                "is_public": true,
                "public_url_shared": false,
                "display_as_bot": false,
                "username": "",
                "url_private": "https:\/\/files.slack.com\/files-pri\/TJH5YU202-F01AD21KPT9\/image.png?t=xoxe-629202954002-1408710291175-1429611969940-666c705f8dd944d59ed88b8cd6be975e",
                "url_private_download": "https:\/\/files.slack.com\/files-pri\/TJH5YU202-F01AD21KPT9\/download\/image.png?t=xoxe-629202954002-1408710291175-1429611969940-666c705f8dd944d59ed88b8cd6be975e",
                "thumb_64": "https:\/\/files.slack.com\/files-tmb\/TJH5YU202-F01AD21KPT9-0e776c9547\/image_64.png?t=xoxe-629202954002-1408710291175-1429611969940-666c705f8dd944d59ed88b8cd6be975e",
                "thumb_80": "https:\/\/files.slack.com\/files-tmb\/TJH5YU202-F01AD21KPT9-0e776c9547\/image_80.png?t=xoxe-629202954002-1408710291175-1429611969940-666c705f8dd944d59ed88b8cd6be975e",
                "thumb_360": "https:\/\/files.slack.com\/files-tmb\/TJH5YU202-F01AD21KPT9-0e776c9547\/image_360.png?t=xoxe-629202954002-1408710291175-1429611969940-666c705f8dd944d59ed88b8cd6be975e",
                "thumb_360_w": 360,
                "thumb_360_h": 44,
                "thumb_480": "https:\/\/files.slack.com\/files-tmb\/TJH5YU202-F01AD21KPT9-0e776c9547\/image_480.png?t=xoxe-629202954002-1408710291175-1429611969940-666c705f8dd944d59ed88b8cd6be975e",
                "thumb_480_w": 480,
                "thumb_480_h": 58,
                "thumb_160": "https:\/\/files.slack.com\/files-tmb\/TJH5YU202-F01AD21KPT9-0e776c9547\/image_160.png?t=xoxe-629202954002-1408710291175-1429611969940-666c705f8dd944d59ed88b8cd6be975e",
                "thumb_720": "https:\/\/files.slack.com\/files-tmb\/TJH5YU202-F01AD21KPT9-0e776c9547\/image_720.png?t=xoxe-629202954002-1408710291175-1429611969940-666c705f8dd944d59ed88b8cd6be975e",
                "thumb_720_w": 720,
                "thumb_720_h": 87,
                "thumb_800": "https:\/\/files.slack.com\/files-tmb\/TJH5YU202-F01AD21KPT9-0e776c9547\/image_800.png?t=xoxe-629202954002-1408710291175-1429611969940-666c705f8dd944d59ed88b8cd6be975e",
                "thumb_800_w": 800,
                "thumb_800_h": 97,
                "original_w": 933,
                "original_h": 113,
                "thumb_tiny": "AwAFADCmQM0pUBTSHrTn+6aAIuozTCe3NPH3fxqM9TQAuR6UZHpSUUAf\/9k=",
                "permalink": "https:\/\/harbourproject.slack.com\/files\/UJULQCHL5\/F01AD21KPT9\/image.png",
                "permalink_public": "https:\/\/slack-files.com\/TJH5YU202-F01AD21KPT9-f9c51d099b",
                "is_starred": false,
                "has_rich_preview": false
            }
        ],
        "upload": false,
        "user": "UJULQCHL5",
        "display_as_bot": false,
        "ts": "1600273175.000700"
    },
    {
        "client_msg_id": "f1a46062-2b86-4dcb-bc99-d73ac966d9ad",
        "type": "message",
        "text": "Buenos dias, paquito, nunca lo habia visto; Muy grande el archivo ?",
        "user": "UJUSD6VB2",
        "ts": "1600273974.001700",
        "team": "TJH5YU202",
        "user_team": "TJH5YU202",
        "source_team": "TJH5YU202",
        "user_profile": {
            "avatar_hash": "g1677a02d0b6",
            "image_72": "https:\/\/secure.gravatar.com\/avatar\/bb1677a02d0b69ba91eb245090c7c83a.jpg?s=72&d=https%3A%2F%2Fa.slack-edge.com%2Fdf10d%2Fimg%2Favatars%2Fava_0015-72.png",
            "first_name": "",
            "real_name": "Osvaldo Ramirez",
            "display_name": "Osvaldo Ramirez",
            "team": "TJH5YU202",
            "name": "ramirezosvaldo",
            "is_restricted": false,
            "is_ultra_restricted": false
        },
        "blocks": [
            {
                "type": "rich_text",
                "block_id": "5qen",
                "elements": [
                    {
                        "type": "rich_text_section",
                        "elements": [
                            {
                                "type": "text",
                                "text": "Buenos dias, paquito, nunca lo habia visto; Muy grande el archivo ?"
                            }
                        ]
                    }
                ]
            }
        ]
    },
    {
        "client_msg_id": "e4dc0958-5dda-4803-8c07-1d42ca90b1ef",
        "type": "message",
        "text": "Ni yo... sus muelas...\nExe de 23.100.000 bytes\nAbriendo tropecientas dbfs\n\nMe temo que sólo acaba de empezar",
        "user": "UJULQCHL5",
        "ts": "1600274067.003000",
        "team": "TJH5YU202",
        "user_team": "TJH5YU202",
        "source_team": "TJH5YU202",
        "user_profile": {
            "avatar_hash": "g7659142325a",
            "image_72": "https:\/\/secure.gravatar.com\/avatar\/c87659142325a3facb661d85281ec091.jpg?s=72&d=https%3A%2F%2Fa.slack-edge.com%2Fdf10d%2Fimg%2Favatars%2Fava_0003-72.png",
            "first_name": "",
            "real_name": "Paquito",
            "display_name": "Paquito",
            "team": "TJH5YU202",
            "name": "hmpaquito",
            "is_restricted": false,
            "is_ultra_restricted": false
        },
        "blocks": [
            {
                "type": "rich_text",
                "block_id": "uxLC",
                "elements": [
                    {
                        "type": "rich_text_section",
                        "elements": [
                            {
                                "type": "text",
                                "text": "Ni yo... sus muelas...\nExe de 23.100.000 bytes\nAbriendo tropecientas dbfs\n\nMe temo que sólo acaba de empezar"
                            }
                        ]
                    }
                ]
            }
        ]
    },
    {
        "type": "message",
        "text": "",
        "files": [
            {
                "id": "F01AQNGULTF",
                "created": 1600274070,
                "timestamp": 1600274070,
                "name": "image.png",
                "title": "image.png",
                "mimetype": "image\/png",
                "filetype": "png",
                "pretty_type": "PNG",
                "user": "UJULQCHL5",
                "editable": false,
                "size": 20549,
                "mode": "hosted",
                "is_external": false,
                "external_type": "",
                "is_public": true,
                "public_url_shared": false,
                "display_as_bot": false,
                "username": "",
                "url_private": "https:\/\/files.slack.com\/files-pri\/TJH5YU202-F01AQNGULTF\/image.png?t=xoxe-629202954002-1408710291175-1429611969940-666c705f8dd944d59ed88b8cd6be975e",
                "url_private_download": "https:\/\/files.slack.com\/files-pri\/TJH5YU202-F01AQNGULTF\/download\/image.png?t=xoxe-629202954002-1408710291175-1429611969940-666c705f8dd944d59ed88b8cd6be975e",
                "thumb_64": "https:\/\/files.slack.com\/files-tmb\/TJH5YU202-F01AQNGULTF-214d6f4ae1\/image_64.png?t=xoxe-629202954002-1408710291175-1429611969940-666c705f8dd944d59ed88b8cd6be975e",
                "thumb_80": "https:\/\/files.slack.com\/files-tmb\/TJH5YU202-F01AQNGULTF-214d6f4ae1\/image_80.png?t=xoxe-629202954002-1408710291175-1429611969940-666c705f8dd944d59ed88b8cd6be975e",
                "thumb_360": "https:\/\/files.slack.com\/files-tmb\/TJH5YU202-F01AQNGULTF-214d6f4ae1\/image_360.png?t=xoxe-629202954002-1408710291175-1429611969940-666c705f8dd944d59ed88b8cd6be975e",
                "thumb_360_w": 360,
                "thumb_360_h": 85,
                "thumb_480": "https:\/\/files.slack.com\/files-tmb\/TJH5YU202-F01AQNGULTF-214d6f4ae1\/image_480.png?t=xoxe-629202954002-1408710291175-1429611969940-666c705f8dd944d59ed88b8cd6be975e",
                "thumb_480_w": 480,
                "thumb_480_h": 113,
                "thumb_160": "https:\/\/files.slack.com\/files-tmb\/TJH5YU202-F01AQNGULTF-214d6f4ae1\/image_160.png?t=xoxe-629202954002-1408710291175-1429611969940-666c705f8dd944d59ed88b8cd6be975e",
                "thumb_720": "https:\/\/files.slack.com\/files-tmb\/TJH5YU202-F01AQNGULTF-214d6f4ae1\/image_720.png?t=xoxe-629202954002-1408710291175-1429611969940-666c705f8dd944d59ed88b8cd6be975e",
                "thumb_720_w": 720,
                "thumb_720_h": 169,
                "thumb_800": "https:\/\/files.slack.com\/files-tmb\/TJH5YU202-F01AQNGULTF-214d6f4ae1\/image_800.png?t=xoxe-629202954002-1408710291175-1429611969940-666c705f8dd944d59ed88b8cd6be975e",
                "thumb_800_w": 800,
                "thumb_800_h": 188,
                "original_w": 905,
                "original_h": 213,
                "thumb_tiny": "AwALADDRA29STS7qRiQeKFJJoAXI9aMj1paKACiiigD\/2Q==",
                "permalink": "https:\/\/harbourproject.slack.com\/files\/UJULQCHL5\/F01AQNGULTF\/image.png",
                "permalink_public": "https:\/\/slack-files.com\/TJH5YU202-F01AQNGULTF-e705c4c0e2",
                "is_starred": false,
                "has_rich_preview": false
            }
        ],
        "upload": false,
        "user": "UJULQCHL5",
        "display_as_bot": false,
        "ts": "1600274074.003100"
    },
    {
        "client_msg_id": "dcaf9e0b-2009-4dda-aafa-1d6f3635c75f",
        "type": "message",
        "text": "Sabía que estaba solucionado. Concretamente en Marzo de este año",
        "user": "UJULQCHL5",
        "ts": "1600274094.003800",
        "team": "TJH5YU202",
        "user_team": "TJH5YU202",
        "source_team": "TJH5YU202",
        "user_profile": {
            "avatar_hash": "g7659142325a",
            "image_72": "https:\/\/secure.gravatar.com\/avatar\/c87659142325a3facb661d85281ec091.jpg?s=72&d=https%3A%2F%2Fa.slack-edge.com%2Fdf10d%2Fimg%2Favatars%2Fava_0003-72.png",
            "first_name": "",
            "real_name": "Paquito",
            "display_name": "Paquito",
            "team": "TJH5YU202",
            "name": "hmpaquito",
            "is_restricted": false,
            "is_ultra_restricted": false
        },
        "blocks": [
            {
                "type": "rich_text",
                "block_id": "FEqt9",
                "elements": [
                    {
                        "type": "rich_text_section",
                        "elements": [
                            {
                                "type": "text",
                                "text": "Sabía que estaba solucionado. Concretamente en Marzo de este año"
                            }
                        ]
                    }
                ]
            }
        ]
    },
    {
        "client_msg_id": "8a502dc1-ab0a-45d6-9338-57b5103230b9",
        "type": "message",
        "text": "¿ Alguien tiene el Harbour actual o más viejo que marzo de este año compilado para BCC 7.3 ?\nMe harían un hombre",
        "user": "UJULQCHL5",
        "ts": "1600274184.004500",
        "team": "TJH5YU202",
        "user_team": "TJH5YU202",
        "source_team": "TJH5YU202",
        "user_profile": {
            "avatar_hash": "g7659142325a",
            "image_72": "https:\/\/secure.gravatar.com\/avatar\/c87659142325a3facb661d85281ec091.jpg?s=72&d=https%3A%2F%2Fa.slack-edge.com%2Fdf10d%2Fimg%2Favatars%2Fava_0003-72.png",
            "first_name": "",
            "real_name": "Paquito",
            "display_name": "Paquito",
            "team": "TJH5YU202",
            "name": "hmpaquito",
            "is_restricted": false,
            "is_ultra_restricted": false
        },
        "blocks": [
            {
                "type": "rich_text",
                "block_id": "BxDm7",
                "elements": [
                    {
                        "type": "rich_text_section",
                        "elements": [
                            {
                                "type": "text",
                                "text": "¿ Alguien tiene el Harbour actual o más viejo que marzo de este año compilado para BCC 7.3 ?\nMe harían un hombre"
                            }
                        ]
                    }
                ]
            }
        ]
    },
    {
        "client_msg_id": "16702b01-b86a-4947-a129-a5ed7fc808b9",
        "type": "message",
        "text": "Xbase++ de Alaska ?",
        "user": "UJUSD6VB2",
        "ts": "1600274474.004800",
        "team": "TJH5YU202",
        "user_team": "TJH5YU202",
        "source_team": "TJH5YU202",
        "user_profile": {
            "avatar_hash": "g1677a02d0b6",
            "image_72": "https:\/\/secure.gravatar.com\/avatar\/bb1677a02d0b69ba91eb245090c7c83a.jpg?s=72&d=https%3A%2F%2Fa.slack-edge.com%2Fdf10d%2Fimg%2Favatars%2Fava_0015-72.png",
            "first_name": "",
            "real_name": "Osvaldo Ramirez",
            "display_name": "Osvaldo Ramirez",
            "team": "TJH5YU202",
            "name": "ramirezosvaldo",
            "is_restricted": false,
            "is_ultra_restricted": false
        },
        "blocks": [
            {
                "type": "rich_text",
                "block_id": "\/Sft4",
                "elements": [
                    {
                        "type": "rich_text_section",
                        "elements": [
                            {
                                "type": "text",
                                "text": "Xbase++ de Alaska ?"
                            }
                        ]
                    }
                ]
            }
        ]
    },
    {
        "client_msg_id": "d1b0bb95-d5dd-4349-96f3-82a57c113f81",
        "type": "message",
        "text": "Sorry",
        "user": "UJUSD6VB2",
        "ts": "1600274496.005000",
        "team": "TJH5YU202",
        "user_team": "TJH5YU202",
        "source_team": "TJH5YU202",
        "user_profile": {
            "avatar_hash": "g1677a02d0b6",
            "image_72": "https:\/\/secure.gravatar.com\/avatar\/bb1677a02d0b69ba91eb245090c7c83a.jpg?s=72&d=https%3A%2F%2Fa.slack-edge.com%2Fdf10d%2Fimg%2Favatars%2Fava_0015-72.png",
            "first_name": "",
            "real_name": "Osvaldo Ramirez",
            "display_name": "Osvaldo Ramirez",
            "team": "TJH5YU202",
            "name": "ramirezosvaldo",
            "is_restricted": false,
            "is_ultra_restricted": false
        },
        "blocks": [
            {
                "type": "rich_text",
                "block_id": "nAzE",
                "elements": [
                    {
                        "type": "rich_text_section",
                        "elements": [
                            {
                                "type": "text",
                                "text": "Sorry"
                            }
                        ]
                    }
                ]
            }
        ]
    },
    {
        "client_msg_id": "25f70ed6-ffc2-4d7f-98f0-c410ba456f88",
        "type": "message",
        "text": "Nope. Es Harbour + BCC 7.3",
        "user": "UJULQCHL5",
        "ts": "1600274634.005400",
        "team": "TJH5YU202",
        "user_team": "TJH5YU202",
        "source_team": "TJH5YU202",
        "user_profile": {
            "avatar_hash": "g7659142325a",
            "image_72": "https:\/\/secure.gravatar.com\/avatar\/c87659142325a3facb661d85281ec091.jpg?s=72&d=https%3A%2F%2Fa.slack-edge.com%2Fdf10d%2Fimg%2Favatars%2Fava_0003-72.png",
            "first_name": "",
            "real_name": "Paquito",
            "display_name": "Paquito",
            "team": "TJH5YU202",
            "name": "hmpaquito",
            "is_restricted": false,
            "is_ultra_restricted": false
        },
        "blocks": [
            {
                "type": "rich_text",
                "block_id": "XxQ",
                "elements": [
                    {
                        "type": "rich_text_section",
                        "elements": [
                            {
                                "type": "text",
                                "text": "Nope. Es Harbour + BCC 7.3"
                            }
                        ]
                    }
                ]
            }
        ]
    },
    {
        "client_msg_id": "8aa0a1cd-85a4-477c-afa9-651ccbcf48d1",
        "type": "message",
        "text": "<@UJULQCHL5> yo compilo con harbour+bcc7.0",
        "user": "UK28N3CER",
        "ts": "1600284251.006300",
        "team": "TJH5YU202",
        "user_team": "TJH5YU202",
        "source_team": "TJH5YU202",
        "user_profile": {
            "avatar_hash": "0eafa7153ff3",
            "image_72": "https:\/\/avatars.slack-edge.com\/2020-05-18\/1155120542496_0eafa7153ff35206c804_72.jpg",
            "first_name": "Cesar",
            "real_name": "Cesar SysCtrl Software",
            "display_name": "Cesar SysCtrl Software",
            "team": "TJH5YU202",
            "name": "sysctrlsoftware",
            "is_restricted": false,
            "is_ultra_restricted": false
        },
        "blocks": [
            {
                "type": "rich_text",
                "block_id": "Djq",
                "elements": [
                    {
                        "type": "rich_text_section",
                        "elements": [
                            {
                                "type": "user",
                                "user_id": "UJULQCHL5"
                            },
                            {
                                "type": "text",
                                "text": " yo compilo con harbour+bcc7.0"
                            }
                        ]
                    }
                ]
            }
        ]
    },
    {
        "client_msg_id": "ab1194a4-ad0b-4423-9a3e-dc8b3c4b410d",
        "type": "message",
        "text": "sin embargo este mismo harbour que tengo es el que uso con 7.3",
        "user": "UK28N3CER",
        "ts": "1600284718.008300",
        "team": "TJH5YU202",
        "user_team": "TJH5YU202",
        "source_team": "TJH5YU202",
        "user_profile": {
            "avatar_hash": "0eafa7153ff3",
            "image_72": "https:\/\/avatars.slack-edge.com\/2020-05-18\/1155120542496_0eafa7153ff35206c804_72.jpg",
            "first_name": "Cesar",
            "real_name": "Cesar SysCtrl Software",
            "display_name": "Cesar SysCtrl Software",
            "team": "TJH5YU202",
            "name": "sysctrlsoftware",
            "is_restricted": false,
            "is_ultra_restricted": false
        },
        "blocks": [
            {
                "type": "rich_text",
                "block_id": "1Uw43",
                "elements": [
                    {
                        "type": "rich_text_section",
                        "elements": [
                            {
                                "type": "text",
                                "text": "sin embargo este mismo harbour que tengo es el que uso con 7.3"
                            }
                        ]
                    }
                ]
            }
        ]
    },
    {
        "client_msg_id": "d9864c31-9d44-490d-9051-c29ba0e7cb78",
        "type": "message",
        "text": "bcc 7.0 me resulta mas estable que bcc7.3",
        "user": "UK28N3CER",
        "ts": "1600284749.008900",
        "team": "TJH5YU202",
        "user_team": "TJH5YU202",
        "source_team": "TJH5YU202",
        "user_profile": {
            "avatar_hash": "0eafa7153ff3",
            "image_72": "https:\/\/avatars.slack-edge.com\/2020-05-18\/1155120542496_0eafa7153ff35206c804_72.jpg",
            "first_name": "Cesar",
            "real_name": "Cesar SysCtrl Software",
            "display_name": "Cesar SysCtrl Software",
            "team": "TJH5YU202",
            "name": "sysctrlsoftware",
            "is_restricted": false,
            "is_ultra_restricted": false
        },
        "blocks": [
            {
                "type": "rich_text",
                "block_id": "8os",
                "elements": [
                    {
                        "type": "rich_text_section",
                        "elements": [
                            {
                                "type": "text",
                                "text": "bcc 7.0 me resulta mas estable que bcc7.3"
                            }
                        ]
                    }
                ]
            }
        ]
    },
    {
        "client_msg_id": "f892da1f-8800-4bf7-acd6-06c19d66ac3b",
        "type": "message",
        "text": "Gracias César.\nMe ha pasado Cristóbal ya una version harbour + bcc7.3 que es la que yo necesito.\nAdemás necesito desliarme y probarlo. Me está haciendo mucha falta.\n---\n\nEl tema es que el harbour ha de ser posterior a 24-3-2020 que es cuando se implemento la mejora consistente en soportar una tabla de simbolos mas grande. Esto me recuerda a cuando el vende pandemias Guillermo Puertas dijo que con 640 kb nunca iba a faltar\n\n---\nEn bcc lo mejor, IMHO, es tener lo ultimo",
        "user": "UJULQCHL5",
        "ts": "1600284884.011100",
        "team": "TJH5YU202",
        "user_team": "TJH5YU202",
        "source_team": "TJH5YU202",
        "user_profile": {
            "avatar_hash": "g7659142325a",
            "image_72": "https:\/\/secure.gravatar.com\/avatar\/c87659142325a3facb661d85281ec091.jpg?s=72&d=https%3A%2F%2Fa.slack-edge.com%2Fdf10d%2Fimg%2Favatars%2Fava_0003-72.png",
            "first_name": "",
            "real_name": "Paquito",
            "display_name": "Paquito",
            "team": "TJH5YU202",
            "name": "hmpaquito",
            "is_restricted": false,
            "is_ultra_restricted": false
        },
        "blocks": [
            {
                "type": "rich_text",
                "block_id": "\/v0HE",
                "elements": [
                    {
                        "type": "rich_text_section",
                        "elements": [
                            {
                                "type": "text",
                                "text": "Gracias César.\nMe ha pasado Cristóbal ya una version harbour + bcc7.3 que es la que yo necesito.\nAdemás necesito desliarme y probarlo. Me está haciendo mucha falta.\n---\n\nEl tema es que el harbour ha de ser posterior a 24-3-2020 que es cuando se implemento la mejora consistente en soportar una tabla de simbolos mas grande. Esto me recuerda a cuando el vende pandemias Guillermo Puertas dijo que con 640 kb nunca iba a faltar\n\n---\nEn bcc lo mejor, IMHO, es tener lo ultimo"
                            }
                        ]
                    }
                ]
            }
        ]
    },
    {
        "client_msg_id": "ec38dd40-cb01-41cd-a485-1c4e3c8716e3",
        "type": "message",
        "text": "Puestos a comparar, cualquier aplicación que se saque a producción, mi opinión y recomendación: usa VSC",
        "user": "UJUJLTWMT",
        "ts": "1600286981.011800",
        "team": "TJH5YU202",
        "user_team": "TJH5YU202",
        "source_team": "TJH5YU202",
        "user_profile": {
            "avatar_hash": "a60e3b1ef2d2",
            "image_72": "https:\/\/avatars.slack-edge.com\/2019-08-20\/726246109489_a60e3b1ef2d2c141969d_72.jpg",
            "first_name": "",
            "real_name": "Cristobal",
            "display_name": "Cristobal",
            "team": "TJH5YU202",
            "name": "navarro.cristobal",
            "is_restricted": false,
            "is_ultra_restricted": false
        },
        "blocks": [
            {
                "type": "rich_text",
                "block_id": "KLx=",
                "elements": [
                    {
                        "type": "rich_text_section",
                        "elements": [
                            {
                                "type": "text",
                                "text": "Puestos a comparar, cualquier aplicación que se saque a producción, mi opinión y recomendación: usa VSC"
                            }
                        ]
                    }
                ]
            }
        ]
    },
    {
        "client_msg_id": "866d19cb-d6a4-4f2d-8bb0-8e4fa82e0011",
        "type": "message",
        "text": "tienes razon <@UJUJLTWMT>",
        "user": "UK28N3CER",
        "ts": "1600288385.012200",
        "team": "TJH5YU202",
        "user_team": "TJH5YU202",
        "source_team": "TJH5YU202",
        "user_profile": {
            "avatar_hash": "0eafa7153ff3",
            "image_72": "https:\/\/avatars.slack-edge.com\/2020-05-18\/1155120542496_0eafa7153ff35206c804_72.jpg",
            "first_name": "Cesar",
            "real_name": "Cesar SysCtrl Software",
            "display_name": "Cesar SysCtrl Software",
            "team": "TJH5YU202",
            "name": "sysctrlsoftware",
            "is_restricted": false,
            "is_ultra_restricted": false
        },
        "blocks": [
            {
                "type": "rich_text",
                "block_id": "SRh",
                "elements": [
                    {
                        "type": "rich_text_section",
                        "elements": [
                            {
                                "type": "text",
                                "text": "tienes razon "
                            },
                            {
                                "type": "user",
                                "user_id": "UJUJLTWMT"
                            }
                        ]
                    }
                ]
            }
        ]
    },
    {
        "client_msg_id": "c2b8d4ff-ddf6-4edd-ac91-a7c8ca04dc19",
        "type": "message",
        "text": "Ventajas evidentes de VSC frente a BCC ?",
        "user": "UJULQCHL5",
        "ts": "1600290646.013100",
        "team": "TJH5YU202",
        "user_team": "TJH5YU202",
        "source_team": "TJH5YU202",
        "user_profile": {
            "avatar_hash": "g7659142325a",
            "image_72": "https:\/\/secure.gravatar.com\/avatar\/c87659142325a3facb661d85281ec091.jpg?s=72&d=https%3A%2F%2Fa.slack-edge.com%2Fdf10d%2Fimg%2Favatars%2Fava_0003-72.png",
            "first_name": "",
            "real_name": "Paquito",
            "display_name": "Paquito",
            "team": "TJH5YU202",
            "name": "hmpaquito",
            "is_restricted": false,
            "is_ultra_restricted": false
        },
        "blocks": [
            {
                "type": "rich_text",
                "block_id": "rN9HA",
                "elements": [
                    {
                        "type": "rich_text_section",
                        "elements": [
                            {
                                "type": "text",
                                "text": "Ventajas evidentes de VSC frente a BCC ?"
                            }
                        ]
                    }
                ]
            }
        ]
    },
    {
        "client_msg_id": "440a8488-aedf-4f92-a6d5-477b6a99e385",
        "type": "message",
        "text": "Bueno, pues la principal, mi experiencia. Si voy a ejecutar una aplicación en entorno Windows, considero que es consecuente utilizar el mismo compilador. Un ejemplo: una aplicación tan compleja como mi editor FE, y con los requerimientos de memoria que supone: hablo de 50, 60 o más ficheros abiertos, y de longitudes entre 20.000 y 200.000 caracteres y jamás ( hasta ahora, toquemos madera ) me ha dado ningún problema, al igual que la estabilidad de la misma. Eso, evidentemente me hizo tomar esa decisión.",
        "user": "UJUJLTWMT",
        "ts": "1600294064.017400",
        "team": "TJH5YU202",
        "user_team": "TJH5YU202",
        "source_team": "TJH5YU202",
        "user_profile": {
            "avatar_hash": "a60e3b1ef2d2",
            "image_72": "https:\/\/avatars.slack-edge.com\/2019-08-20\/726246109489_a60e3b1ef2d2c141969d_72.jpg",
            "first_name": "",
            "real_name": "Cristobal",
            "display_name": "Cristobal",
            "team": "TJH5YU202",
            "name": "navarro.cristobal",
            "is_restricted": false,
            "is_ultra_restricted": false
        },
        "blocks": [
            {
                "type": "rich_text",
                "block_id": "0Ff",
                "elements": [
                    {
                        "type": "rich_text_section",
                        "elements": [
                            {
                                "type": "text",
                                "text": "Bueno, pues la principal, mi experiencia. Si voy a ejecutar una aplicación en entorno Windows, considero que es consecuente utilizar el mismo compilador. Un ejemplo: una aplicación tan compleja como mi editor FE, y con los requerimientos de memoria que supone: hablo de 50, 60 o más ficheros abiertos, y de longitudes entre 20.000 y 200.000 caracteres y jamás ( hasta ahora, toquemos madera ) me ha dado ningún problema, al igual que la estabilidad de la misma. Eso, evidentemente me hizo tomar esa decisión."
                            }
                        ]
                    }
                ]
            }
        ]
    },
    {
        "client_msg_id": "22984527-6ebe-4615-be83-d8f7075e8bf9",
        "type": "message",
        "text": "Comprendo Cristobal.\nEn mi caso hacer la transicion requiere esfuerzo. sangre, sudor y lagrimas (Churchill) y sobre todo consolidar la aplicacion.\nTengo algunos fuentes en C. TSBrowse, TCBrowse y alguno mas.\nCambiar, cambiaria si la ventaja fuera a ser _en mi caso_ evidente\nGracias por dar tu opinion",
        "user": "UJULQCHL5",
        "ts": "1600295408.019900",
        "team": "TJH5YU202",
        "user_team": "TJH5YU202",
        "source_team": "TJH5YU202",
        "user_profile": {
            "avatar_hash": "g7659142325a",
            "image_72": "https:\/\/secure.gravatar.com\/avatar\/c87659142325a3facb661d85281ec091.jpg?s=72&d=https%3A%2F%2Fa.slack-edge.com%2Fdf10d%2Fimg%2Favatars%2Fava_0003-72.png",
            "first_name": "",
            "real_name": "Paquito",
            "display_name": "Paquito",
            "team": "TJH5YU202",
            "name": "hmpaquito",
            "is_restricted": false,
            "is_ultra_restricted": false
        },
        "blocks": [
            {
                "type": "rich_text",
                "block_id": "14=",
                "elements": [
                    {
                        "type": "rich_text_section",
                        "elements": [
                            {
                                "type": "text",
                                "text": "Comprendo Cristobal.\nEn mi caso hacer la transicion requiere esfuerzo. sangre, sudor y lagrimas (Churchill) y sobre todo consolidar la aplicacion.\nTengo algunos fuentes en C. TSBrowse, TCBrowse y alguno mas.\nCambiar, cambiaria si la ventaja fuera a ser "
                            },
                            {
                                "type": "text",
                                "text": "en mi caso",
                                "style": {
                                    "italic": true
                                }
                            },
                            {
                                "type": "text",
                                "text": " evidente\nGracias por dar tu opinion"
                            }
                        ]
                    }
                ]
            }
        ]
    },
    {
        "client_msg_id": "db5b7dbf-a359-4044-a712-11d048b0488d",
        "type": "message",
        "text": "<@UJUJLTWMT> buildh32.bat es para compilar con VS ?",
        "user": "UK28N3CER",
        "ts": "1600297137.020600",
        "team": "TJH5YU202",
        "user_team": "TJH5YU202",
        "source_team": "TJH5YU202",
        "user_profile": {
            "avatar_hash": "0eafa7153ff3",
            "image_72": "https:\/\/avatars.slack-edge.com\/2020-05-18\/1155120542496_0eafa7153ff35206c804_72.jpg",
            "first_name": "Cesar",
            "real_name": "Cesar SysCtrl Software",
            "display_name": "Cesar SysCtrl Software",
            "team": "TJH5YU202",
            "name": "sysctrlsoftware",
            "is_restricted": false,
            "is_ultra_restricted": false
        },
        "blocks": [
            {
                "type": "rich_text",
                "block_id": "+FEKr",
                "elements": [
                    {
                        "type": "rich_text_section",
                        "elements": [
                            {
                                "type": "user",
                                "user_id": "UJUJLTWMT"
                            },
                            {
                                "type": "text",
                                "text": " buildh32.bat es para compilar con VS ?"
                            }
                        ]
                    }
                ]
            }
        ]
    },
    {
        "client_msg_id": "e369080c-8002-49fb-8231-eefce9eed41b",
        "type": "message",
        "text": "Sip",
        "user": "UJUJLTWMT",
        "ts": "1600300820.020800",
        "team": "TJH5YU202",
        "user_team": "TJH5YU202",
        "source_team": "TJH5YU202",
        "user_profile": {
            "avatar_hash": "a60e3b1ef2d2",
            "image_72": "https:\/\/avatars.slack-edge.com\/2019-08-20\/726246109489_a60e3b1ef2d2c141969d_72.jpg",
            "first_name": "",
            "real_name": "Cristobal",
            "display_name": "Cristobal",
            "team": "TJH5YU202",
            "name": "navarro.cristobal",
            "is_restricted": false,
            "is_ultra_restricted": false
        },
        "blocks": [
            {
                "type": "rich_text",
                "block_id": "YjKK",
                "elements": [
                    {
                        "type": "rich_text_section",
                        "elements": [
                            {
                                "type": "text",
                                "text": "Sip"
                            }
                        ]
                    }
                ]
            }
        ]
    },
    {
        "client_msg_id": "b6912dbd-4d94-484d-9f77-d6d110248f91",
        "type": "message",
        "text": "Gracias",
        "user": "UK28N3CER",
        "ts": "1600313943.021000",
        "team": "TJH5YU202",
        "user_team": "TJH5YU202",
        "source_team": "TJH5YU202",
        "user_profile": {
            "avatar_hash": "0eafa7153ff3",
            "image_72": "https:\/\/avatars.slack-edge.com\/2020-05-18\/1155120542496_0eafa7153ff35206c804_72.jpg",
            "first_name": "Cesar",
            "real_name": "Cesar SysCtrl Software",
            "display_name": "Cesar SysCtrl Software",
            "team": "TJH5YU202",
            "name": "sysctrlsoftware",
            "is_restricted": false,
            "is_ultra_restricted": false
        },
        "blocks": [
            {
                "type": "rich_text",
                "block_id": "uZaK",
                "elements": [
                    {
                        "type": "rich_text_section",
                        "elements": [
                            {
                                "type": "text",
                                "text": "Gracias"
                            }
                        ]
                    }
                ]
            }
        ]
    }
]