[
    {
        "client_msg_id": "ccf364e4-9b80-4686-8122-34d0662428fa",
        "type": "message",
        "text": "Decir que con los nuevos binarios de Hasrbour se me soluciono el problema de la tabla de simbolos y lo mejor es que no hubo que mover una coma. Todo un logro. Gracias Cristobal.",
        "user": "UJULQCHL5",
        "ts": "1600372333.022000",
        "team": "TJH5YU202",
        "user_team": "TJH5YU202",
        "source_team": "TJH5YU202",
        "user_profile": {
            "avatar_hash": "g7659142325a",
            "image_72": "https:\/\/secure.gravatar.com\/avatar\/c87659142325a3facb661d85281ec091.jpg?s=72&d=https%3A%2F%2Fa.slack-edge.com%2Fdf10d%2Fimg%2Favatars%2Fava_0003-72.png",
            "first_name": "",
            "real_name": "Paquito",
            "display_name": "Paquito",
            "team": "TJH5YU202",
            "name": "hmpaquito",
            "is_restricted": false,
            "is_ultra_restricted": false
        },
        "blocks": [
            {
                "type": "rich_text",
                "block_id": "r5S",
                "elements": [
                    {
                        "type": "rich_text_section",
                        "elements": [
                            {
                                "type": "text",
                                "text": "Decir que con los nuevos binarios de Hasrbour se me soluciono el problema de la tabla de simbolos y lo mejor es que no hubo que mover una coma. Todo un logro. Gracias Cristobal."
                            }
                        ]
                    }
                ]
            }
        ]
    },
    {
        "client_msg_id": "7c29c6b7-8bac-46de-8da4-d2af6941afa3",
        "type": "message",
        "text": "harbour 3.2. ?",
        "user": "UK28N3CER",
        "ts": "1600372424.023000",
        "team": "TJH5YU202",
        "user_team": "TJH5YU202",
        "source_team": "TJH5YU202",
        "user_profile": {
            "avatar_hash": "0eafa7153ff3",
            "image_72": "https:\/\/avatars.slack-edge.com\/2020-05-18\/1155120542496_0eafa7153ff35206c804_72.jpg",
            "first_name": "Cesar",
            "real_name": "Cesar SysCtrl Software",
            "display_name": "Cesar SysCtrl Software",
            "team": "TJH5YU202",
            "name": "sysctrlsoftware",
            "is_restricted": false,
            "is_ultra_restricted": false
        },
        "blocks": [
            {
                "type": "rich_text",
                "block_id": "x4V",
                "elements": [
                    {
                        "type": "rich_text_section",
                        "elements": [
                            {
                                "type": "text",
                                "text": "harbour 3.2. ?"
                            }
                        ]
                    }
                ]
            }
        ]
    },
    {
        "client_msg_id": "8408e311-f2c9-4a39-97a0-b3297dbc3ea6",
        "type": "message",
        "text": "Si. El harbour autentico... jajajajajajajaja",
        "user": "UJULQCHL5",
        "ts": "1600372453.023400",
        "team": "TJH5YU202",
        "user_team": "TJH5YU202",
        "source_team": "TJH5YU202",
        "user_profile": {
            "avatar_hash": "g7659142325a",
            "image_72": "https:\/\/secure.gravatar.com\/avatar\/c87659142325a3facb661d85281ec091.jpg?s=72&d=https%3A%2F%2Fa.slack-edge.com%2Fdf10d%2Fimg%2Favatars%2Fava_0003-72.png",
            "first_name": "",
            "real_name": "Paquito",
            "display_name": "Paquito",
            "team": "TJH5YU202",
            "name": "hmpaquito",
            "is_restricted": false,
            "is_ultra_restricted": false
        },
        "blocks": [
            {
                "type": "rich_text",
                "block_id": "s2Vk",
                "elements": [
                    {
                        "type": "rich_text_section",
                        "elements": [
                            {
                                "type": "text",
                                "text": "Si. El harbour autentico... jajajajajajajaja"
                            }
                        ]
                    }
                ]
            }
        ]
    },
    {
        "client_msg_id": "60e08ed5-4732-406b-b973-c580114b223a",
        "type": "message",
        "text": "es el mismo con que se custrulle modharbour",
        "user": "UK28N3CER",
        "ts": "1600372683.023900",
        "team": "TJH5YU202",
        "user_team": "TJH5YU202",
        "source_team": "TJH5YU202",
        "user_profile": {
            "avatar_hash": "0eafa7153ff3",
            "image_72": "https:\/\/avatars.slack-edge.com\/2020-05-18\/1155120542496_0eafa7153ff35206c804_72.jpg",
            "first_name": "Cesar",
            "real_name": "Cesar SysCtrl Software",
            "display_name": "Cesar SysCtrl Software",
            "team": "TJH5YU202",
            "name": "sysctrlsoftware",
            "is_restricted": false,
            "is_ultra_restricted": false
        },
        "blocks": [
            {
                "type": "rich_text",
                "block_id": "=Ynw",
                "elements": [
                    {
                        "type": "rich_text_section",
                        "elements": [
                            {
                                "type": "text",
                                "text": "es el mismo con que se custrulle modharbour"
                            }
                        ]
                    }
                ]
            }
        ]
    },
    {
        "client_msg_id": "1a53e52f-22f9-448d-b182-43bb2b23de39",
        "type": "message",
        "text": "Eso creo. Es el mismo repositorio.",
        "user": "UJULQCHL5",
        "ts": "1600372768.024200",
        "team": "TJH5YU202",
        "user_team": "TJH5YU202",
        "source_team": "TJH5YU202",
        "user_profile": {
            "avatar_hash": "g7659142325a",
            "image_72": "https:\/\/secure.gravatar.com\/avatar\/c87659142325a3facb661d85281ec091.jpg?s=72&d=https%3A%2F%2Fa.slack-edge.com%2Fdf10d%2Fimg%2Favatars%2Fava_0003-72.png",
            "first_name": "",
            "real_name": "Paquito",
            "display_name": "Paquito",
            "team": "TJH5YU202",
            "name": "hmpaquito",
            "is_restricted": false,
            "is_ultra_restricted": false
        },
        "blocks": [
            {
                "type": "rich_text",
                "block_id": "MeT",
                "elements": [
                    {
                        "type": "rich_text_section",
                        "elements": [
                            {
                                "type": "text",
                                "text": "Eso creo. Es el mismo repositorio."
                            }
                        ]
                    }
                ]
            }
        ]
    },
    {
        "client_msg_id": "8ef904a1-4965-4abd-b39f-6405a087966c",
        "type": "message",
        "text": "Oye a ver si a ti te suena el tema.\nNecesito que mi .exe ejecute otro .exe pero que lo ejecute como administrador. ¿ Se te ocurre como ?\nHe puesto el .exe llamado con la propiedad \"Ejecutar como administrador\", pero cuando mi programa lo invoca aparece el cuadro de dialogo este:",
        "user": "UJULQCHL5",
        "ts": "1600372885.026000",
        "team": "TJH5YU202",
        "user_team": "TJH5YU202",
        "source_team": "TJH5YU202",
        "user_profile": {
            "avatar_hash": "g7659142325a",
            "image_72": "https:\/\/secure.gravatar.com\/avatar\/c87659142325a3facb661d85281ec091.jpg?s=72&d=https%3A%2F%2Fa.slack-edge.com%2Fdf10d%2Fimg%2Favatars%2Fava_0003-72.png",
            "first_name": "",
            "real_name": "Paquito",
            "display_name": "Paquito",
            "team": "TJH5YU202",
            "name": "hmpaquito",
            "is_restricted": false,
            "is_ultra_restricted": false
        },
        "blocks": [
            {
                "type": "rich_text",
                "block_id": "YBPub",
                "elements": [
                    {
                        "type": "rich_text_section",
                        "elements": [
                            {
                                "type": "text",
                                "text": "Oye a ver si a ti te suena el tema.\nNecesito que mi .exe ejecute otro .exe pero que lo ejecute como administrador. ¿ Se te ocurre como ?\nHe puesto el .exe llamado con la propiedad \"Ejecutar como administrador\", pero cuando mi programa lo invoca aparece el cuadro de dialogo este:"
                            }
                        ]
                    }
                ]
            }
        ]
    },
    {
        "type": "message",
        "text": "",
        "files": [
            {
                "id": "F01B3CU86NQ",
                "created": 1600372983,
                "timestamp": 1600372983,
                "name": "image.png",
                "title": "image.png",
                "mimetype": "image\/png",
                "filetype": "png",
                "pretty_type": "PNG",
                "user": "UJULQCHL5",
                "editable": false,
                "size": 39357,
                "mode": "hosted",
                "is_external": false,
                "external_type": "",
                "is_public": true,
                "public_url_shared": false,
                "display_as_bot": false,
                "username": "",
                "url_private": "https:\/\/files.slack.com\/files-pri\/TJH5YU202-F01B3CU86NQ\/image.png?t=xoxe-629202954002-1408710291175-1429611969940-666c705f8dd944d59ed88b8cd6be975e",
                "url_private_download": "https:\/\/files.slack.com\/files-pri\/TJH5YU202-F01B3CU86NQ\/download\/image.png?t=xoxe-629202954002-1408710291175-1429611969940-666c705f8dd944d59ed88b8cd6be975e",
                "thumb_64": "https:\/\/files.slack.com\/files-tmb\/TJH5YU202-F01B3CU86NQ-624f77d8c4\/image_64.png?t=xoxe-629202954002-1408710291175-1429611969940-666c705f8dd944d59ed88b8cd6be975e",
                "thumb_80": "https:\/\/files.slack.com\/files-tmb\/TJH5YU202-F01B3CU86NQ-624f77d8c4\/image_80.png?t=xoxe-629202954002-1408710291175-1429611969940-666c705f8dd944d59ed88b8cd6be975e",
                "thumb_360": "https:\/\/files.slack.com\/files-tmb\/TJH5YU202-F01B3CU86NQ-624f77d8c4\/image_360.png?t=xoxe-629202954002-1408710291175-1429611969940-666c705f8dd944d59ed88b8cd6be975e",
                "thumb_360_w": 360,
                "thumb_360_h": 203,
                "thumb_160": "https:\/\/files.slack.com\/files-tmb\/TJH5YU202-F01B3CU86NQ-624f77d8c4\/image_160.png?t=xoxe-629202954002-1408710291175-1429611969940-666c705f8dd944d59ed88b8cd6be975e",
                "original_w": 460,
                "original_h": 259,
                "thumb_tiny": "AwAbADBpuGB429TQbhsc4H4GtHYuzhFJ9xSFVGPkUfhVcxHKZ32g+o\/Wl88+o\/WtABScbV\/Kj5QxGxfyo5g5CgJz6j8qDLuIzg81f+T+4PyFKAhB+UZ+lHMHK0KC2BjFGT3xUQdsdaCxPX+VKw+ZE2fegk9jUO4+35Ubj7flRYOYly3qKTLc5IxUe4+35Ubj7flRYOY\/\/9k=",
                "permalink": "https:\/\/harbourproject.slack.com\/files\/UJULQCHL5\/F01B3CU86NQ\/image.png",
                "permalink_public": "https:\/\/slack-files.com\/TJH5YU202-F01B3CU86NQ-a9a3ce3c96",
                "is_starred": false,
                "has_rich_preview": false
            }
        ],
        "upload": false,
        "user": "UJULQCHL5",
        "display_as_bot": false,
        "ts": "1600372986.026700"
    },
    {
        "client_msg_id": "f62613a0-da30-4c20-9564-fa9c2d5fdb23",
        "type": "message",
        "text": "Me seria suficiente quizas con que por defecto el boton por defecto del cuadro de dialogo fuera el SI",
        "user": "UJULQCHL5",
        "ts": "1600373055.027500",
        "team": "TJH5YU202",
        "user_team": "TJH5YU202",
        "source_team": "TJH5YU202",
        "user_profile": {
            "avatar_hash": "g7659142325a",
            "image_72": "https:\/\/secure.gravatar.com\/avatar\/c87659142325a3facb661d85281ec091.jpg?s=72&d=https%3A%2F%2Fa.slack-edge.com%2Fdf10d%2Fimg%2Favatars%2Fava_0003-72.png",
            "first_name": "",
            "real_name": "Paquito",
            "display_name": "Paquito",
            "team": "TJH5YU202",
            "name": "hmpaquito",
            "is_restricted": false,
            "is_ultra_restricted": false
        },
        "blocks": [
            {
                "type": "rich_text",
                "block_id": "eqNL",
                "elements": [
                    {
                        "type": "rich_text_section",
                        "elements": [
                            {
                                "type": "text",
                                "text": "Me seria suficiente quizas con que por defecto el boton por defecto del cuadro de dialogo fuera el SI"
                            }
                        ]
                    }
                ]
            }
        ]
    },
    {
        "client_msg_id": "cbf29873-ebf6-4bc3-b1e2-cb367e888a7e",
        "type": "message",
        "text": "que raro, en mi caso mi caso no tengo ese problema,",
        "user": "UK28N3CER",
        "ts": "1600373898.028000",
        "team": "TJH5YU202",
        "user_team": "TJH5YU202",
        "source_team": "TJH5YU202",
        "user_profile": {
            "avatar_hash": "0eafa7153ff3",
            "image_72": "https:\/\/avatars.slack-edge.com\/2020-05-18\/1155120542496_0eafa7153ff35206c804_72.jpg",
            "first_name": "Cesar",
            "real_name": "Cesar SysCtrl Software",
            "display_name": "Cesar SysCtrl Software",
            "team": "TJH5YU202",
            "name": "sysctrlsoftware",
            "is_restricted": false,
            "is_ultra_restricted": false
        },
        "blocks": [
            {
                "type": "rich_text",
                "block_id": "eRJHu",
                "elements": [
                    {
                        "type": "rich_text_section",
                        "elements": [
                            {
                                "type": "text",
                                "text": "que raro, en mi caso mi caso no tengo ese problema,"
                            }
                        ]
                    }
                ]
            }
        ]
    },
    {
        "client_msg_id": "9679e468-8755-4179-8b7e-1b5369283b20",
        "type": "message",
        "text": "tengo una aplicacion que corre otros exes, y no me afecta de esa forma",
        "user": "UK28N3CER",
        "ts": "1600373924.028600",
        "team": "TJH5YU202",
        "user_team": "TJH5YU202",
        "source_team": "TJH5YU202",
        "user_profile": {
            "avatar_hash": "0eafa7153ff3",
            "image_72": "https:\/\/avatars.slack-edge.com\/2020-05-18\/1155120542496_0eafa7153ff35206c804_72.jpg",
            "first_name": "Cesar",
            "real_name": "Cesar SysCtrl Software",
            "display_name": "Cesar SysCtrl Software",
            "team": "TJH5YU202",
            "name": "sysctrlsoftware",
            "is_restricted": false,
            "is_ultra_restricted": false
        },
        "blocks": [
            {
                "type": "rich_text",
                "block_id": "O0S8A",
                "elements": [
                    {
                        "type": "rich_text_section",
                        "elements": [
                            {
                                "type": "text",
                                "text": "tengo una aplicacion que corre otros exes, y no me afecta de esa forma"
                            }
                        ]
                    }
                ]
            }
        ]
    },
    {
        "client_msg_id": "0D62B88C-36A5-429F-AEBB-80CF31458BC4",
        "type": "message",
        "text": "Desactivando el UAC no haría esa advertencia. Hay otros métodos para agregar excepciones",
        "user": "UJRQZMTAM",
        "ts": "1600374682.029600",
        "team": "TJH5YU202",
        "user_team": "TJH5YU202",
        "source_team": "TJH5YU202",
        "user_profile": {
            "avatar_hash": "0d8c567df084",
            "image_72": "https:\/\/avatars.slack-edge.com\/2019-11-22\/834908722243_0d8c567df084bf59d639_72.png",
            "first_name": "Diego",
            "real_name": "Diego F",
            "display_name": "Diego F",
            "team": "TJH5YU202",
            "name": "diegohfazio",
            "is_restricted": false,
            "is_ultra_restricted": false
        },
        "blocks": [
            {
                "type": "rich_text",
                "block_id": "T4\/L",
                "elements": [
                    {
                        "type": "rich_text_section",
                        "elements": [
                            {
                                "type": "text",
                                "text": "Desactivando el UAC no haría esa advertencia. Hay otros métodos para agregar excepciones"
                            }
                        ]
                    }
                ]
            }
        ]
    },
    {
        "client_msg_id": "426d435c-fcf6-49d0-b662-dede3bfda309",
        "type": "message",
        "text": "César y Diego. Gracias por las respuesta.\n\nCon respecto al UAC parece que habria que desactivarlo para todos los programas. Eso no puedo hacerlo\n<https:\/\/www.xataka.com\/basics\/uac-windows-que-como-funciona-como-se-configura-control-cuentas-usuario>",
        "user": "UJULQCHL5",
        "ts": "1600375717.030600",
        "team": "TJH5YU202",
        "user_team": "TJH5YU202",
        "source_team": "TJH5YU202",
        "user_profile": {
            "avatar_hash": "g7659142325a",
            "image_72": "https:\/\/secure.gravatar.com\/avatar\/c87659142325a3facb661d85281ec091.jpg?s=72&d=https%3A%2F%2Fa.slack-edge.com%2Fdf10d%2Fimg%2Favatars%2Fava_0003-72.png",
            "first_name": "",
            "real_name": "Paquito",
            "display_name": "Paquito",
            "team": "TJH5YU202",
            "name": "hmpaquito",
            "is_restricted": false,
            "is_ultra_restricted": false
        },
        "attachments": [
            {
                "title": "UAC de Windows: qué es, cómo funciona y cómo se configura el Control de cuentas de usuario",
                "title_link": "https:\/\/www.xataka.com\/basics\/uac-windows-que-como-funciona-como-se-configura-control-cuentas-usuario",
                "text": "Vamos a explicarte qué es el Control de cuentas de usuario de Windows, cómo funciona y cómo se configura esta herramienta que lleva estando presente en el...",
                "fallback": "UAC de Windows: qué es, cómo funciona y cómo se configura el Control de cuentas de usuario",
                "image_url": "https:\/\/i.blogs.es\/44e549\/uac-windows\/840_560.jpg",
                "ts": 1576057562,
                "from_url": "https:\/\/www.xataka.com\/basics\/uac-windows-que-como-funciona-como-se-configura-control-cuentas-usuario",
                "image_width": 375,
                "image_height": 250,
                "image_bytes": 89315,
                "service_icon": "https:\/\/img.weblogssl.com\/css\/xataka\/p\/common\/apple-touch-icon.png",
                "service_name": "Xataka",
                "id": 1,
                "original_url": "https:\/\/www.xataka.com\/basics\/uac-windows-que-como-funciona-como-se-configura-control-cuentas-usuario"
            }
        ],
        "blocks": [
            {
                "type": "rich_text",
                "block_id": "5lCm",
                "elements": [
                    {
                        "type": "rich_text_section",
                        "elements": [
                            {
                                "type": "text",
                                "text": "César y Diego. Gracias por las respuesta.\n\nCon respecto al UAC parece que habria que desactivarlo para todos los programas. Eso no puedo hacerlo\n"
                            },
                            {
                                "type": "link",
                                "url": "https:\/\/www.xataka.com\/basics\/uac-windows-que-como-funciona-como-se-configura-control-cuentas-usuario"
                            }
                        ]
                    }
                ]
            }
        ]
    },
    {
        "client_msg_id": "5a031b08-f3a7-421f-a0f1-aa0121e2172e",
        "type": "message",
        "text": "<@UJULQCHL5> puedes instalar un antivirus y poner la carpeta de tu app en excepciones",
        "user": "UK28N3CER",
        "ts": "1600376225.031500",
        "team": "TJH5YU202",
        "user_team": "TJH5YU202",
        "source_team": "TJH5YU202",
        "user_profile": {
            "avatar_hash": "0eafa7153ff3",
            "image_72": "https:\/\/avatars.slack-edge.com\/2020-05-18\/1155120542496_0eafa7153ff35206c804_72.jpg",
            "first_name": "Cesar",
            "real_name": "Cesar SysCtrl Software",
            "display_name": "Cesar SysCtrl Software",
            "team": "TJH5YU202",
            "name": "sysctrlsoftware",
            "is_restricted": false,
            "is_ultra_restricted": false
        },
        "blocks": [
            {
                "type": "rich_text",
                "block_id": "7RnRE",
                "elements": [
                    {
                        "type": "rich_text_section",
                        "elements": [
                            {
                                "type": "user",
                                "user_id": "UJULQCHL5"
                            },
                            {
                                "type": "text",
                                "text": " puedes instalar un antivirus y poner la carpeta de tu app en excepciones"
                            }
                        ]
                    }
                ]
            }
        ]
    },
    {
        "client_msg_id": "02a0b6ca-5410-4360-9061-9db2f69a6181",
        "type": "message",
        "text": "Realmente no creo que eso sea solucion.\nAl final creo que voy a ejecutar con un usuario con permisos de administrador y chim pum... No me acuerdo quien decia eso... Uno que conocí una vez...",
        "user": "UJULQCHL5",
        "ts": "1600376568.032700",
        "team": "TJH5YU202",
        "user_team": "TJH5YU202",
        "source_team": "TJH5YU202",
        "user_profile": {
            "avatar_hash": "g7659142325a",
            "image_72": "https:\/\/secure.gravatar.com\/avatar\/c87659142325a3facb661d85281ec091.jpg?s=72&d=https%3A%2F%2Fa.slack-edge.com%2Fdf10d%2Fimg%2Favatars%2Fava_0003-72.png",
            "first_name": "",
            "real_name": "Paquito",
            "display_name": "Paquito",
            "team": "TJH5YU202",
            "name": "hmpaquito",
            "is_restricted": false,
            "is_ultra_restricted": false
        },
        "blocks": [
            {
                "type": "rich_text",
                "block_id": "iEs3p",
                "elements": [
                    {
                        "type": "rich_text_section",
                        "elements": [
                            {
                                "type": "text",
                                "text": "Realmente no creo que eso sea solucion.\nAl final creo que voy a ejecutar con un usuario con permisos de administrador y chim pum... No me acuerdo quien decia eso... Uno que conocí una vez..."
                            }
                        ]
                    }
                ]
            }
        ]
    },
    {
        "client_msg_id": "3a3e2fcb-725f-48e8-8652-a008d245a6bc",
        "type": "message",
        "text": ":grin:",
        "user": "UK28N3CER",
        "ts": "1600402586.000100",
        "team": "TJH5YU202",
        "user_team": "TJH5YU202",
        "source_team": "TJH5YU202",
        "user_profile": {
            "avatar_hash": "0eafa7153ff3",
            "image_72": "https:\/\/avatars.slack-edge.com\/2020-05-18\/1155120542496_0eafa7153ff35206c804_72.jpg",
            "first_name": "Cesar",
            "real_name": "Cesar SysCtrl Software",
            "display_name": "Cesar SysCtrl Software",
            "team": "TJH5YU202",
            "name": "sysctrlsoftware",
            "is_restricted": false,
            "is_ultra_restricted": false
        },
        "blocks": [
            {
                "type": "rich_text",
                "block_id": "QHsrk",
                "elements": [
                    {
                        "type": "rich_text_section",
                        "elements": [
                            {
                                "type": "emoji",
                                "name": "grin"
                            }
                        ]
                    }
                ]
            }
        ]
    }
]