[
    {
        "client_msg_id": "fe604cc7-3697-4533-b54c-d542cb92e41c",
        "type": "message",
        "text": "<https:\/\/youtu.be\/dbt3RgC0aHI>",
        "user": "UJH8DPY58",
        "ts": "1597664784.274600",
        "team": "TJH5YU202",
        "user_team": "TJH5YU202",
        "source_team": "TJH5YU202",
        "user_profile": {
            "avatar_hash": "g1cac88c496c",
            "image_72": "https:\/\/secure.gravatar.com\/avatar\/451cac88c496c2cec0b934a281b6eb94.jpg?s=72&d=https%3A%2F%2Fa.slack-edge.com%2Fdf10d%2Fimg%2Favatars%2Fava_0020-72.png",
            "first_name": "",
            "real_name": "Juan Pastor",
            "display_name": "",
            "team": "TJH5YU202",
            "name": "jpastor68",
            "is_restricted": false,
            "is_ultra_restricted": false
        },
        "attachments": [
            {
                "service_name": "YouTube",
                "service_url": "https:\/\/www.youtube.com\/",
                "title": "Moros i Cristians Calp 2018 video oficial",
                "title_link": "https:\/\/youtu.be\/dbt3RgC0aHI",
                "author_name": "Ayuntamiento de Calp",
                "author_link": "https:\/\/www.youtube.com\/user\/Calpenoticias",
                "thumb_url": "https:\/\/i.ytimg.com\/vi\/dbt3RgC0aHI\/hqdefault.jpg",
                "thumb_width": 480,
                "thumb_height": 360,
                "fallback": "YouTube Video: Moros i Cristians Calp 2018 video oficial",
                "video_html": "<iframe width=\"400\" height=\"225\" src=\"https:\/\/www.youtube.com\/embed\/dbt3RgC0aHI?feature=oembed&autoplay=1&iv_load_policy=3\" frameborder=\"0\" allow=\"accelerometer; autoplay; encrypted-media; gyroscope; picture-in-picture\" allowfullscreen><\/iframe>",
                "video_html_width": 400,
                "video_html_height": 225,
                "from_url": "https:\/\/youtu.be\/dbt3RgC0aHI",
                "service_icon": "https:\/\/a.slack-edge.com\/80588\/img\/unfurl_icons\/youtube.png",
                "id": 1,
                "original_url": "https:\/\/youtu.be\/dbt3RgC0aHI"
            }
        ],
        "blocks": [
            {
                "type": "rich_text",
                "block_id": "\/dEF",
                "elements": [
                    {
                        "type": "rich_text_section",
                        "elements": [
                            {
                                "type": "link",
                                "url": "https:\/\/youtu.be\/dbt3RgC0aHI"
                            }
                        ]
                    }
                ]
            }
        ]
    },
    {
        "client_msg_id": "e7a8e973-a0e9-4a17-9f1a-c44f59728a81",
        "type": "message",
        "text": "Esto también pasa por mi balcón (aunque este video es el oficial), son en Octubre, aunque este año por el COVID19 no vamos a tener nada de nada :disappointed_relieved:",
        "user": "UJH8DPY58",
        "ts": "1597664875.276000",
        "team": "TJH5YU202",
        "user_team": "TJH5YU202",
        "source_team": "TJH5YU202",
        "user_profile": {
            "avatar_hash": "g1cac88c496c",
            "image_72": "https:\/\/secure.gravatar.com\/avatar\/451cac88c496c2cec0b934a281b6eb94.jpg?s=72&d=https%3A%2F%2Fa.slack-edge.com%2Fdf10d%2Fimg%2Favatars%2Fava_0020-72.png",
            "first_name": "",
            "real_name": "Juan Pastor",
            "display_name": "",
            "team": "TJH5YU202",
            "name": "jpastor68",
            "is_restricted": false,
            "is_ultra_restricted": false
        },
        "blocks": [
            {
                "type": "rich_text",
                "block_id": "K4m9",
                "elements": [
                    {
                        "type": "rich_text_section",
                        "elements": [
                            {
                                "type": "text",
                                "text": "Esto también pasa por mi balcón (aunque este video es el oficial), son en Octubre, aunque este año por el COVID19 no vamos a tener nada de nada "
                            },
                            {
                                "type": "emoji",
                                "name": "disappointed_relieved"
                            }
                        ]
                    }
                ]
            }
        ]
    },
    {
        "client_msg_id": "26c20e59-f0fc-4cb2-a15a-978da8c27f47",
        "type": "message",
        "text": "Se ha cancelado hasta la Oktoberfest <https:\/\/youtu.be\/hrhiCHaMdro>",
        "user": "UJH8DPY58",
        "ts": "1597664994.276500",
        "team": "TJH5YU202",
        "user_team": "TJH5YU202",
        "source_team": "TJH5YU202",
        "user_profile": {
            "avatar_hash": "g1cac88c496c",
            "image_72": "https:\/\/secure.gravatar.com\/avatar\/451cac88c496c2cec0b934a281b6eb94.jpg?s=72&d=https%3A%2F%2Fa.slack-edge.com%2Fdf10d%2Fimg%2Favatars%2Fava_0020-72.png",
            "first_name": "",
            "real_name": "Juan Pastor",
            "display_name": "",
            "team": "TJH5YU202",
            "name": "jpastor68",
            "is_restricted": false,
            "is_ultra_restricted": false
        },
        "attachments": [
            {
                "service_name": "YouTube",
                "service_url": "https:\/\/www.youtube.com\/",
                "title": "O K T O B E R F E S T Calpe!!!",
                "title_link": "https:\/\/youtu.be\/hrhiCHaMdro",
                "author_name": "Calpe",
                "author_link": "https:\/\/www.youtube.com\/user\/Turismocalpe",
                "thumb_url": "https:\/\/i.ytimg.com\/vi\/hrhiCHaMdro\/hqdefault.jpg",
                "thumb_width": 480,
                "thumb_height": 360,
                "fallback": "YouTube Video: O K T O B E R F E S T Calpe!!!",
                "video_html": "<iframe width=\"400\" height=\"225\" src=\"https:\/\/www.youtube.com\/embed\/hrhiCHaMdro?feature=oembed&autoplay=1&iv_load_policy=3\" frameborder=\"0\" allow=\"accelerometer; autoplay; encrypted-media; gyroscope; picture-in-picture\" allowfullscreen><\/iframe>",
                "video_html_width": 400,
                "video_html_height": 225,
                "from_url": "https:\/\/youtu.be\/hrhiCHaMdro",
                "service_icon": "https:\/\/a.slack-edge.com\/80588\/img\/unfurl_icons\/youtube.png",
                "id": 1,
                "original_url": "https:\/\/youtu.be\/hrhiCHaMdro"
            }
        ],
        "blocks": [
            {
                "type": "rich_text",
                "block_id": "VtlH5",
                "elements": [
                    {
                        "type": "rich_text_section",
                        "elements": [
                            {
                                "type": "text",
                                "text": "Se ha cancelado hasta la Oktoberfest "
                            },
                            {
                                "type": "link",
                                "url": "https:\/\/youtu.be\/hrhiCHaMdro"
                            }
                        ]
                    }
                ]
            }
        ]
    }
]