[
    {
        "client_msg_id": "6f97c5f0-4755-4c2d-b288-326a8e88783e",
        "type": "message",
        "text": "Buenas. Supongo que este es el lugar indicado para hacer preguntas sobre el curso de Mercury. SI no lo es mis disculpas adelantadas. Primero felicitar a Charly por el curso, es estupendo. Y las preguntas que son dos:",
        "user": "UJU6EJHU4",
        "ts": "1594028325.028600",
        "team": "TJH5YU202",
        "user_team": "TJH5YU202",
        "source_team": "TJH5YU202",
        "user_profile": {
            "avatar_hash": "ge91f7ce2dab",
            "image_72": "https:\/\/secure.gravatar.com\/avatar\/86e91f7ce2dab87299ca03646dcf2603.jpg?s=72&d=https%3A%2F%2Fa.slack-edge.com%2Fdf10d%2Fimg%2Favatars%2Fava_0019-72.png",
            "first_name": "Angel",
            "real_name": "Angel Reigosa",
            "display_name": "Anxo",
            "team": "TJH5YU202",
            "name": "areigosa",
            "is_restricted": false,
            "is_ultra_restricted": false
        },
        "blocks": [
            {
                "type": "rich_text",
                "block_id": "80r",
                "elements": [
                    {
                        "type": "rich_text_section",
                        "elements": [
                            {
                                "type": "text",
                                "text": "Buenas. Supongo que este es el lugar indicado para hacer preguntas sobre el curso de Mercury. SI no lo es mis disculpas adelantadas. Primero felicitar a Charly por el curso, es estupendo. Y las preguntas que son dos:"
                            }
                        ]
                    }
                ]
            }
        ]
    },
    {
        "client_msg_id": "39e0d584-a174-48d0-8e19-d605771baa7a",
        "type": "message",
        "text": "1º Si el navegador tiene las cookies deshabilitadas, no funcionaría la autenticación ¿no es así? ¿Podríamos detectar si están deshabilitadas y actuar en consecuencia?",
        "user": "UJU6EJHU4",
        "ts": "1594028393.029800",
        "team": "TJH5YU202",
        "user_team": "TJH5YU202",
        "source_team": "TJH5YU202",
        "user_profile": {
            "avatar_hash": "ge91f7ce2dab",
            "image_72": "https:\/\/secure.gravatar.com\/avatar\/86e91f7ce2dab87299ca03646dcf2603.jpg?s=72&d=https%3A%2F%2Fa.slack-edge.com%2Fdf10d%2Fimg%2Favatars%2Fava_0019-72.png",
            "first_name": "Angel",
            "real_name": "Angel Reigosa",
            "display_name": "Anxo",
            "team": "TJH5YU202",
            "name": "areigosa",
            "is_restricted": false,
            "is_ultra_restricted": false
        },
        "blocks": [
            {
                "type": "rich_text",
                "block_id": "i2c5+",
                "elements": [
                    {
                        "type": "rich_text_section",
                        "elements": [
                            {
                                "type": "text",
                                "text": "1º Si el navegador tiene las cookies deshabilitadas, no funcionaría la autenticación ¿no es así? ¿Podríamos detectar si están deshabilitadas y actuar en consecuencia?"
                            }
                        ]
                    }
                ]
            }
        ]
    },
    {
        "client_msg_id": "f8fc4aea-1af2-4bff-9dde-0483a8725109",
        "type": "message",
        "text": "2º ¿El paso de datos del controller de acceso a la base de datos a la vista, se hace siempre a través de tablas o hash? ¡Hay otra manera de hacerlo? ¿Que pasa si el volumen de datos a enviar es alto?",
        "user": "UJU6EJHU4",
        "ts": "1594028550.031300",
        "team": "TJH5YU202",
        "user_team": "TJH5YU202",
        "source_team": "TJH5YU202",
        "user_profile": {
            "avatar_hash": "ge91f7ce2dab",
            "image_72": "https:\/\/secure.gravatar.com\/avatar\/86e91f7ce2dab87299ca03646dcf2603.jpg?s=72&d=https%3A%2F%2Fa.slack-edge.com%2Fdf10d%2Fimg%2Favatars%2Fava_0019-72.png",
            "first_name": "Angel",
            "real_name": "Angel Reigosa",
            "display_name": "Anxo",
            "team": "TJH5YU202",
            "name": "areigosa",
            "is_restricted": false,
            "is_ultra_restricted": false
        },
        "blocks": [
            {
                "type": "rich_text",
                "block_id": "v5Eu",
                "elements": [
                    {
                        "type": "rich_text_section",
                        "elements": [
                            {
                                "type": "text",
                                "text": "2º ¿El paso de datos del controller de acceso a la base de datos a la vista, se hace siempre a través de tablas o hash? ¡Hay otra manera de hacerlo? ¿Que pasa si el volumen de datos a enviar es alto?"
                            }
                        ]
                    }
                ]
            }
        ]
    },
    {
        "client_msg_id": "13b3f2ee-2fbc-4d48-b51d-c774e8099115",
        "type": "message",
        "text": "Gracias.",
        "user": "UJU6EJHU4",
        "ts": "1594028554.031500",
        "team": "TJH5YU202",
        "user_team": "TJH5YU202",
        "source_team": "TJH5YU202",
        "user_profile": {
            "avatar_hash": "ge91f7ce2dab",
            "image_72": "https:\/\/secure.gravatar.com\/avatar\/86e91f7ce2dab87299ca03646dcf2603.jpg?s=72&d=https%3A%2F%2Fa.slack-edge.com%2Fdf10d%2Fimg%2Favatars%2Fava_0019-72.png",
            "first_name": "Angel",
            "real_name": "Angel Reigosa",
            "display_name": "Anxo",
            "team": "TJH5YU202",
            "name": "areigosa",
            "is_restricted": false,
            "is_ultra_restricted": false
        },
        "blocks": [
            {
                "type": "rich_text",
                "block_id": "zuA",
                "elements": [
                    {
                        "type": "rich_text_section",
                        "elements": [
                            {
                                "type": "text",
                                "text": "Gracias."
                            }
                        ]
                    }
                ]
            }
        ]
    },
    {
        "client_msg_id": "76e13c6e-6342-49d7-99b6-8d9eb08d07b6",
        "type": "message",
        "text": "Hola <@UJU6EJHU4>, me alegro si te gusta el curso. Ahora poco a  poco afianzar los conceptos",
        "user": "UJWR5N32S",
        "ts": "1594028773.032000",
        "team": "TJH5YU202",
        "user_team": "TJH5YU202",
        "source_team": "TJH5YU202",
        "user_profile": {
            "avatar_hash": "273d3745f7ae",
            "image_72": "https:\/\/avatars.slack-edge.com\/2019-05-20\/634344238497_273d3745f7ae1b176b82_72.jpg",
            "first_name": "Charly",
            "real_name": "Charly",
            "display_name": "Charly",
            "team": "TJH5YU202",
            "name": "carles9000",
            "is_restricted": false,
            "is_ultra_restricted": false
        },
        "blocks": [
            {
                "type": "rich_text",
                "block_id": "wD3q",
                "elements": [
                    {
                        "type": "rich_text_section",
                        "elements": [
                            {
                                "type": "text",
                                "text": "Hola "
                            },
                            {
                                "type": "user",
                                "user_id": "UJU6EJHU4"
                            },
                            {
                                "type": "text",
                                "text": ", me alegro si te gusta el curso. Ahora poco a  poco afianzar los conceptos"
                            }
                        ]
                    }
                ]
            }
        ]
    },
    {
        "client_msg_id": "b11785e7-16a0-469e-939e-6a230bde9503",
        "type": "message",
        "text": "1.- Si buscas por inet hay muchas opciones para detectar si el navegador tiene cookies desactivadas, por ejemplo",
        "user": "UJWR5N32S",
        "ts": "1594028805.032700",
        "team": "TJH5YU202",
        "user_team": "TJH5YU202",
        "source_team": "TJH5YU202",
        "user_profile": {
            "avatar_hash": "273d3745f7ae",
            "image_72": "https:\/\/avatars.slack-edge.com\/2019-05-20\/634344238497_273d3745f7ae1b176b82_72.jpg",
            "first_name": "Charly",
            "real_name": "Charly",
            "display_name": "Charly",
            "team": "TJH5YU202",
            "name": "carles9000",
            "is_restricted": false,
            "is_ultra_restricted": false
        },
        "blocks": [
            {
                "type": "rich_text",
                "block_id": "=uw",
                "elements": [
                    {
                        "type": "rich_text_section",
                        "elements": [
                            {
                                "type": "text",
                                "text": "1.- Si buscas por inet hay muchas opciones para detectar si el navegador tiene cookies desactivadas, por ejemplo"
                            }
                        ]
                    }
                ]
            }
        ]
    },
    {
        "client_msg_id": "dd0c75f1-42b1-44e3-be06-16536106035e",
        "type": "message",
        "text": "```if (navigator.cookieEnabled === false)\n{\n    alert(\"Error: cookies not enabled!\");\n}```",
        "user": "UJWR5N32S",
        "ts": "1594028821.032900",
        "team": "TJH5YU202",
        "user_team": "TJH5YU202",
        "source_team": "TJH5YU202",
        "user_profile": {
            "avatar_hash": "273d3745f7ae",
            "image_72": "https:\/\/avatars.slack-edge.com\/2019-05-20\/634344238497_273d3745f7ae1b176b82_72.jpg",
            "first_name": "Charly",
            "real_name": "Charly",
            "display_name": "Charly",
            "team": "TJH5YU202",
            "name": "carles9000",
            "is_restricted": false,
            "is_ultra_restricted": false
        },
        "blocks": [
            {
                "type": "rich_text",
                "block_id": "C\/Ay",
                "elements": [
                    {
                        "type": "rich_text_preformatted",
                        "elements": [
                            {
                                "type": "text",
                                "text": "if (navigator.cookieEnabled === false)\n{\n    alert(\"Error: cookies not enabled!\");\n}"
                            }
                        ]
                    }
                ]
            }
        ]
    },
    {
        "client_msg_id": "90604d27-ee70-40e7-8322-d247171a9809",
        "type": "message",
        "text": "En navegadores antiguos no funcionara creo...",
        "user": "UJWR5N32S",
        "ts": "1594028833.033200",
        "team": "TJH5YU202",
        "user_team": "TJH5YU202",
        "source_team": "TJH5YU202",
        "user_profile": {
            "avatar_hash": "273d3745f7ae",
            "image_72": "https:\/\/avatars.slack-edge.com\/2019-05-20\/634344238497_273d3745f7ae1b176b82_72.jpg",
            "first_name": "Charly",
            "real_name": "Charly",
            "display_name": "Charly",
            "team": "TJH5YU202",
            "name": "carles9000",
            "is_restricted": false,
            "is_ultra_restricted": false
        },
        "blocks": [
            {
                "type": "rich_text",
                "block_id": "uZDuq",
                "elements": [
                    {
                        "type": "rich_text_section",
                        "elements": [
                            {
                                "type": "text",
                                "text": "En navegadores antiguos no funcionara creo..."
                            }
                        ]
                    }
                ]
            }
        ]
    },
    {
        "client_msg_id": "dd887f2e-b23b-4cef-8c44-8d1479cfe544",
        "type": "message",
        "text": "2.- El controlador procesara datos. Normalmente estos datos estaran contenidos en tablas. Puedes procesar tu información y el resultado a mostrar puede ser quizas cientos de paginas, como un reporting. Estos datos procesados los enviaras a una view y esta se encargara de montar las paginas y listos, lo enviará al navegador. Si el tamaño importa ? a nivel técnico no, ahora si decides enviar a una view 10 millones de registros entonces quizas te digan de todo :grinning:",
        "user": "UJWR5N32S",
        "ts": "1594028977.036000",
        "team": "TJH5YU202",
        "user_team": "TJH5YU202",
        "source_team": "TJH5YU202",
        "user_profile": {
            "avatar_hash": "273d3745f7ae",
            "image_72": "https:\/\/avatars.slack-edge.com\/2019-05-20\/634344238497_273d3745f7ae1b176b82_72.jpg",
            "first_name": "Charly",
            "real_name": "Charly",
            "display_name": "Charly",
            "team": "TJH5YU202",
            "name": "carles9000",
            "is_restricted": false,
            "is_ultra_restricted": false
        },
        "blocks": [
            {
                "type": "rich_text",
                "block_id": "cQJ",
                "elements": [
                    {
                        "type": "rich_text_section",
                        "elements": [
                            {
                                "type": "text",
                                "text": "2.- El controlador procesara datos. Normalmente estos datos estaran contenidos en tablas. Puedes procesar tu información y el resultado a mostrar puede ser quizas cientos de paginas, como un reporting. Estos datos procesados los enviaras a una view y esta se encargara de montar las paginas y listos, lo enviará al navegador. Si el tamaño importa ? a nivel técnico no, ahora si decides enviar a una view 10 millones de registros entonces quizas te digan de todo "
                            },
                            {
                                "type": "emoji",
                                "name": "grinning"
                            }
                        ]
                    }
                ]
            }
        ]
    },
    {
        "client_msg_id": "44c83133-50a5-4b0b-b36d-9241bc84b456",
        "type": "message",
        "text": "Piensa q un navegador descargas hasta peliculas de gigas...",
        "user": "UJWR5N32S",
        "ts": "1594028999.036500",
        "team": "TJH5YU202",
        "user_team": "TJH5YU202",
        "source_team": "TJH5YU202",
        "user_profile": {
            "avatar_hash": "273d3745f7ae",
            "image_72": "https:\/\/avatars.slack-edge.com\/2019-05-20\/634344238497_273d3745f7ae1b176b82_72.jpg",
            "first_name": "Charly",
            "real_name": "Charly",
            "display_name": "Charly",
            "team": "TJH5YU202",
            "name": "carles9000",
            "is_restricted": false,
            "is_ultra_restricted": false
        },
        "blocks": [
            {
                "type": "rich_text",
                "block_id": "rm0i",
                "elements": [
                    {
                        "type": "rich_text_section",
                        "elements": [
                            {
                                "type": "text",
                                "text": "Piensa q un navegador descargas hasta peliculas de gigas..."
                            }
                        ]
                    }
                ]
            }
        ]
    },
    {
        "client_msg_id": "97039810-a3f9-4ec3-908b-703f7555f2ef",
        "type": "message",
        "text": "No se si es esto lo que preguntas",
        "user": "UJWR5N32S",
        "ts": "1594029014.036800",
        "team": "TJH5YU202",
        "user_team": "TJH5YU202",
        "source_team": "TJH5YU202",
        "user_profile": {
            "avatar_hash": "273d3745f7ae",
            "image_72": "https:\/\/avatars.slack-edge.com\/2019-05-20\/634344238497_273d3745f7ae1b176b82_72.jpg",
            "first_name": "Charly",
            "real_name": "Charly",
            "display_name": "Charly",
            "team": "TJH5YU202",
            "name": "carles9000",
            "is_restricted": false,
            "is_ultra_restricted": false
        },
        "blocks": [
            {
                "type": "rich_text",
                "block_id": "zVe",
                "elements": [
                    {
                        "type": "rich_text_section",
                        "elements": [
                            {
                                "type": "text",
                                "text": "No se si es esto lo que preguntas"
                            }
                        ]
                    }
                ]
            }
        ]
    },
    {
        "client_msg_id": "96af2f04-82c8-4e85-9d97-aa66b256c8c4",
        "type": "message",
        "text": "Más o menos. Supongamos que el volumen de datos solicitado es muy grande aunque realmente sea inmanejable y dificulte el paso de todos los datos al view por diversas razones. ¿No puede el controlador enviar los datos paginados al viewer? Que el viewer los vaya solicitando al controller y que este los envíe a petición?",
        "user": "UJU6EJHU4",
        "ts": "1594029164.038900",
        "team": "TJH5YU202",
        "user_team": "TJH5YU202",
        "source_team": "TJH5YU202",
        "user_profile": {
            "avatar_hash": "ge91f7ce2dab",
            "image_72": "https:\/\/secure.gravatar.com\/avatar\/86e91f7ce2dab87299ca03646dcf2603.jpg?s=72&d=https%3A%2F%2Fa.slack-edge.com%2Fdf10d%2Fimg%2Favatars%2Fava_0019-72.png",
            "first_name": "Angel",
            "real_name": "Angel Reigosa",
            "display_name": "Anxo",
            "team": "TJH5YU202",
            "name": "areigosa",
            "is_restricted": false,
            "is_ultra_restricted": false
        },
        "blocks": [
            {
                "type": "rich_text",
                "block_id": "ZRE4",
                "elements": [
                    {
                        "type": "rich_text_section",
                        "elements": [
                            {
                                "type": "text",
                                "text": "Más o menos. Supongamos que el volumen de datos solicitado es muy grande aunque realmente sea inmanejable y dificulte el paso de todos los datos al view por diversas razones. ¿No puede el controlador enviar los datos paginados al viewer? Que el viewer los vaya solicitando al controller y que este los envíe a petición?"
                            }
                        ]
                    }
                ]
            }
        ]
    },
    {
        "client_msg_id": "459c4caa-56d6-4e98-9b55-410b98c54e01",
        "type": "message",
        "text": "Por lo visto en el curso hasta ahora, entiendo que no.",
        "user": "UJU6EJHU4",
        "ts": "1594029198.039200",
        "team": "TJH5YU202",
        "user_team": "TJH5YU202",
        "source_team": "TJH5YU202",
        "user_profile": {
            "avatar_hash": "ge91f7ce2dab",
            "image_72": "https:\/\/secure.gravatar.com\/avatar\/86e91f7ce2dab87299ca03646dcf2603.jpg?s=72&d=https%3A%2F%2Fa.slack-edge.com%2Fdf10d%2Fimg%2Favatars%2Fava_0019-72.png",
            "first_name": "Angel",
            "real_name": "Angel Reigosa",
            "display_name": "Anxo",
            "team": "TJH5YU202",
            "name": "areigosa",
            "is_restricted": false,
            "is_ultra_restricted": false
        },
        "blocks": [
            {
                "type": "rich_text",
                "block_id": "uMc2X",
                "elements": [
                    {
                        "type": "rich_text_section",
                        "elements": [
                            {
                                "type": "text",
                                "text": "Por lo visto en el curso hasta ahora, entiendo que no."
                            }
                        ]
                    }
                ]
            }
        ]
    },
    {
        "client_msg_id": "39cb778a-5368-43f2-8138-0fe720322df5",
        "type": "message",
        "text": "Si tut tienes numerosos registros que quieres mosntrar, la tecnica que se usa es la \"paginacion\" que se trata de mostrar unos pocos registros y unos botones para avanzar y retrocedeer. Para esto has de montar una view que muestre el browse y cada boton que crea una peticion al controlador para cargar x registros mas o menos.  Es un ejercicio completo pero que no es facil al principio. Piensa que al servidor una vez que te muestras p.e. 10 registros por pantalla, le aprietas el boton de avanzar y le debes enviar la accion de enviar y a partir de que registro avanzar. Lo mismo para retrtoceder. Y si tienes filtros activados, le debes de indicar que filtro tiene activado para aplciar el mismo, y si esta ordenado, y si juegas con el set deleted on, ...  En resumen...Has de montar un browse !!!",
        "user": "UJWR5N32S",
        "ts": "1594029488.044400",
        "team": "TJH5YU202",
        "user_team": "TJH5YU202",
        "source_team": "TJH5YU202",
        "user_profile": {
            "avatar_hash": "273d3745f7ae",
            "image_72": "https:\/\/avatars.slack-edge.com\/2019-05-20\/634344238497_273d3745f7ae1b176b82_72.jpg",
            "first_name": "Charly",
            "real_name": "Charly",
            "display_name": "Charly",
            "team": "TJH5YU202",
            "name": "carles9000",
            "is_restricted": false,
            "is_ultra_restricted": false
        },
        "blocks": [
            {
                "type": "rich_text",
                "block_id": "xV1",
                "elements": [
                    {
                        "type": "rich_text_section",
                        "elements": [
                            {
                                "type": "text",
                                "text": "Si tut tienes numerosos registros que quieres mosntrar, la tecnica que se usa es la \"paginacion\" que se trata de mostrar unos pocos registros y unos botones para avanzar y retrocedeer. Para esto has de montar una view que muestre el browse y cada boton que crea una peticion al controlador para cargar x registros mas o menos.  Es un ejercicio completo pero que no es facil al principio. Piensa que al servidor una vez que te muestras p.e. 10 registros por pantalla, le aprietas el boton de avanzar y le debes enviar la accion de enviar y a partir de que registro avanzar. Lo mismo para retrtoceder. Y si tienes filtros activados, le debes de indicar que filtro tiene activado para aplciar el mismo, y si esta ordenado, y si juegas con el set deleted on, ...  En resumen...Has de montar un browse !!!"
                            }
                        ]
                    }
                ]
            }
        ]
    },
    {
        "client_msg_id": "3a2fccda-3418-4a4b-8596-9baaa2527d53",
        "type": "message",
        "text": "En resumen, todo pasa en que la view que recibes ademas de los registros a mostrar, recibe una serie de informacion de la tabla: Registro en que empieza tu seleccion y acaba, filtro, ordenacion,.... para luego al crear una nueva peticion enviarlo para que el servidor sepa tu estado actual en tu pantalla",
        "user": "UJWR5N32S",
        "ts": "1594029598.046100",
        "team": "TJH5YU202",
        "user_team": "TJH5YU202",
        "source_team": "TJH5YU202",
        "user_profile": {
            "avatar_hash": "273d3745f7ae",
            "image_72": "https:\/\/avatars.slack-edge.com\/2019-05-20\/634344238497_273d3745f7ae1b176b82_72.jpg",
            "first_name": "Charly",
            "real_name": "Charly",
            "display_name": "Charly",
            "team": "TJH5YU202",
            "name": "carles9000",
            "is_restricted": false,
            "is_ultra_restricted": false
        },
        "blocks": [
            {
                "type": "rich_text",
                "block_id": "g9El",
                "elements": [
                    {
                        "type": "rich_text_section",
                        "elements": [
                            {
                                "type": "text",
                                "text": "En resumen, todo pasa en que la view que recibes ademas de los registros a mostrar, recibe una serie de informacion de la tabla: Registro en que empieza tu seleccion y acaba, filtro, ordenacion,.... para luego al crear una nueva peticion enviarlo para que el servidor sepa tu estado actual en tu pantalla"
                            }
                        ]
                    }
                ]
            }
        ]
    },
    {
        "client_msg_id": "e98f737f-3876-4af2-baf5-0418e421e89d",
        "type": "message",
        "text": "Antes de llegar a montar un browse has de digerir todos los otros conceptos. La primera semana que usabais Fivewin o lo que sea, a que no creabas un browse ?",
        "user": "UJWR5N32S",
        "ts": "1594029642.047000",
        "team": "TJH5YU202",
        "user_team": "TJH5YU202",
        "source_team": "TJH5YU202",
        "user_profile": {
            "avatar_hash": "273d3745f7ae",
            "image_72": "https:\/\/avatars.slack-edge.com\/2019-05-20\/634344238497_273d3745f7ae1b176b82_72.jpg",
            "first_name": "Charly",
            "real_name": "Charly",
            "display_name": "Charly",
            "team": "TJH5YU202",
            "name": "carles9000",
            "is_restricted": false,
            "is_ultra_restricted": false
        },
        "blocks": [
            {
                "type": "rich_text",
                "block_id": "c54",
                "elements": [
                    {
                        "type": "rich_text_section",
                        "elements": [
                            {
                                "type": "text",
                                "text": "Antes de llegar a montar un browse has de digerir todos los otros conceptos. La primera semana que usabais Fivewin o lo que sea, a que no creabas un browse ?"
                            }
                        ]
                    }
                ]
            }
        ]
    },
    {
        "client_msg_id": "49c440a6-1cde-447a-84a2-64b62427e703",
        "type": "message",
        "text": ":slightly_smiling_face:",
        "user": "UJWR5N32S",
        "ts": "1594029644.047200",
        "team": "TJH5YU202",
        "user_team": "TJH5YU202",
        "source_team": "TJH5YU202",
        "user_profile": {
            "avatar_hash": "273d3745f7ae",
            "image_72": "https:\/\/avatars.slack-edge.com\/2019-05-20\/634344238497_273d3745f7ae1b176b82_72.jpg",
            "first_name": "Charly",
            "real_name": "Charly",
            "display_name": "Charly",
            "team": "TJH5YU202",
            "name": "carles9000",
            "is_restricted": false,
            "is_ultra_restricted": false
        },
        "blocks": [
            {
                "type": "rich_text",
                "block_id": "GwU",
                "elements": [
                    {
                        "type": "rich_text_section",
                        "elements": [
                            {
                                "type": "emoji",
                                "name": "slightly_smiling_face"
                            }
                        ]
                    }
                ]
            }
        ]
    },
    {
        "client_msg_id": "cc0f3b0a-a84a-400a-a6bf-b8e7fefbd234",
        "type": "message",
        "text": "Gracias Charly. Si que se necesita tiempo para digerir todos estos conceptos. Entiendo el proceso del browse, a eso me refería con mi pregunta, pero claro que es algo para abordar más adelante. Ahora ya voy caliente con lo que tengo :sweat_smile:",
        "user": "UJU6EJHU4",
        "ts": "1594030102.048900",
        "team": "TJH5YU202",
        "user_team": "TJH5YU202",
        "source_team": "TJH5YU202",
        "user_profile": {
            "avatar_hash": "ge91f7ce2dab",
            "image_72": "https:\/\/secure.gravatar.com\/avatar\/86e91f7ce2dab87299ca03646dcf2603.jpg?s=72&d=https%3A%2F%2Fa.slack-edge.com%2Fdf10d%2Fimg%2Favatars%2Fava_0019-72.png",
            "first_name": "Angel",
            "real_name": "Angel Reigosa",
            "display_name": "Anxo",
            "team": "TJH5YU202",
            "name": "areigosa",
            "is_restricted": false,
            "is_ultra_restricted": false
        },
        "blocks": [
            {
                "type": "rich_text",
                "block_id": "rbgJh",
                "elements": [
                    {
                        "type": "rich_text_section",
                        "elements": [
                            {
                                "type": "text",
                                "text": "Gracias Charly. Si que se necesita tiempo para digerir todos estos conceptos. Entiendo el proceso del browse, a eso me refería con mi pregunta, pero claro que es algo para abordar más adelante. Ahora ya voy caliente con lo que tengo "
                            },
                            {
                                "type": "emoji",
                                "name": "sweat_smile"
                            }
                        ]
                    }
                ]
            }
        ]
    },
    {
        "client_msg_id": "43245de4-1ddc-4e04-a129-39e1c06a5756",
        "type": "message",
        "text": "Hahaha",
        "user": "UJWR5N32S",
        "ts": "1594030627.049100",
        "team": "TJH5YU202",
        "user_team": "TJH5YU202",
        "source_team": "TJH5YU202",
        "user_profile": {
            "avatar_hash": "273d3745f7ae",
            "image_72": "https:\/\/avatars.slack-edge.com\/2019-05-20\/634344238497_273d3745f7ae1b176b82_72.jpg",
            "first_name": "Charly",
            "real_name": "Charly",
            "display_name": "Charly",
            "team": "TJH5YU202",
            "name": "carles9000",
            "is_restricted": false,
            "is_ultra_restricted": false
        },
        "blocks": [
            {
                "type": "rich_text",
                "block_id": "z9S",
                "elements": [
                    {
                        "type": "rich_text_section",
                        "elements": [
                            {
                                "type": "text",
                                "text": "Hahaha"
                            }
                        ]
                    }
                ]
            }
        ]
    },
    {
        "client_msg_id": "19238c97-3965-4204-a70a-b68b7f616e2a",
        "type": "message",
        "text": "Paso a paso y sentando conceptos",
        "user": "UJWR5N32S",
        "ts": "1594030648.049700",
        "team": "TJH5YU202",
        "user_team": "TJH5YU202",
        "source_team": "TJH5YU202",
        "user_profile": {
            "avatar_hash": "273d3745f7ae",
            "image_72": "https:\/\/avatars.slack-edge.com\/2019-05-20\/634344238497_273d3745f7ae1b176b82_72.jpg",
            "first_name": "Charly",
            "real_name": "Charly",
            "display_name": "Charly",
            "team": "TJH5YU202",
            "name": "carles9000",
            "is_restricted": false,
            "is_ultra_restricted": false
        },
        "blocks": [
            {
                "type": "rich_text",
                "block_id": "5Z8",
                "elements": [
                    {
                        "type": "rich_text_section",
                        "elements": [
                            {
                                "type": "text",
                                "text": "Paso a paso y sentando conceptos"
                            }
                        ]
                    }
                ]
            }
        ]
    },
    {
        "client_msg_id": "57481254-222a-4195-a991-9e62078f16c2",
        "type": "message",
        "text": "Charly puedes montar .sql la test-&gt;customer   quiero la tabla para hacer pruebas porque hice lo de colocar el mysql\/model y cree una tabla vacia con los campos que intervienen en la consulta y logicamente me da vacio... y queria probar la velocidad con datos.",
        "user": "UJJNSR2V8",
        "ts": "1594095389.051900",
        "team": "TJH5YU202",
        "user_team": "TJH5YU202",
        "source_team": "TJH5YU202",
        "user_profile": {
            "avatar_hash": "g5c7770c1441",
            "image_72": "https:\/\/secure.gravatar.com\/avatar\/a95c7770c144160e668fb52dae4a4024.jpg?s=72&d=https%3A%2F%2Fa.slack-edge.com%2Fdf10d%2Fimg%2Favatars%2Fava_0010-72.png",
            "first_name": "",
            "real_name": "Mario Gonzalez",
            "display_name": "Mario Gonzalez",
            "team": "TJH5YU202",
            "name": "mag071",
            "is_restricted": false,
            "is_ultra_restricted": false
        },
        "blocks": [
            {
                "type": "rich_text",
                "block_id": "iurzH",
                "elements": [
                    {
                        "type": "rich_text_section",
                        "elements": [
                            {
                                "type": "text",
                                "text": "Charly puedes montar .sql la test->customer   quiero la tabla para hacer pruebas porque hice lo de colocar el mysql\/model y cree una tabla vacia con los campos que intervienen en la consulta y logicamente me da vacio... y queria probar la velocidad con datos."
                            }
                        ]
                    }
                ]
            }
        ]
    },
    {
        "client_msg_id": "474796a3-2628-4038-89d1-0b4b06e35b14",
        "type": "message",
        "text": "<@UJJNSR2V8> he dejado una carpeta en el directorio \/curso",
        "user": "UJWR5N32S",
        "ts": "1594101985.052600",
        "team": "TJH5YU202",
        "user_team": "TJH5YU202",
        "source_team": "TJH5YU202",
        "user_profile": {
            "avatar_hash": "273d3745f7ae",
            "image_72": "https:\/\/avatars.slack-edge.com\/2019-05-20\/634344238497_273d3745f7ae1b176b82_72.jpg",
            "first_name": "Charly",
            "real_name": "Charly",
            "display_name": "Charly",
            "team": "TJH5YU202",
            "name": "carles9000",
            "is_restricted": false,
            "is_ultra_restricted": false
        },
        "blocks": [
            {
                "type": "rich_text",
                "block_id": "j9nqI",
                "elements": [
                    {
                        "type": "rich_text_section",
                        "elements": [
                            {
                                "type": "user",
                                "user_id": "UJJNSR2V8"
                            },
                            {
                                "type": "text",
                                "text": " he dejado una carpeta en el directorio \/curso"
                            }
                        ]
                    }
                ]
            }
        ]
    }
]