[
    {
        "client_msg_id": "4fa9a886-ba05-480e-abd1-a1e5de512e91",
        "type": "message",
        "text": "Gracias ... Listo .... Ahora otra inquietud  si escribo dentro de la url mayusculas ejemplo   <http:\/\/localhost\/GO\/mod-a>   o localhost\/go\/MOD-B , me sale un error 404   si uso todo minúsculas <http:\/\/localhost\/go\/mod-b>  si me ejecuta bien...  faltaria lower o upper todo ... a nivel de mercury , porque al usuario final no le puedo decir escriba por favor solo en minúsculas no grite :slightly_smiling_face:...",
        "user": "UJJNSR2V8",
        "ts": "1594144127.055700",
        "team": "TJH5YU202",
        "user_team": "TJH5YU202",
        "source_team": "TJH5YU202",
        "user_profile": {
            "avatar_hash": "g5c7770c1441",
            "image_72": "https:\/\/secure.gravatar.com\/avatar\/a95c7770c144160e668fb52dae4a4024.jpg?s=72&d=https%3A%2F%2Fa.slack-edge.com%2Fdf10d%2Fimg%2Favatars%2Fava_0010-72.png",
            "first_name": "",
            "real_name": "Mario Gonzalez",
            "display_name": "Mario Gonzalez",
            "team": "TJH5YU202",
            "name": "mag071",
            "is_restricted": false,
            "is_ultra_restricted": false
        },
        "blocks": [
            {
                "type": "rich_text",
                "block_id": "Btxs+",
                "elements": [
                    {
                        "type": "rich_text_section",
                        "elements": [
                            {
                                "type": "text",
                                "text": "Gracias ... Listo .... Ahora otra inquietud  si escribo dentro de la url mayusculas ejemplo   "
                            },
                            {
                                "type": "link",
                                "url": "http:\/\/localhost\/GO\/mod-a"
                            },
                            {
                                "type": "text",
                                "text": "   o localhost\/go\/MOD-B , me sale un error 404   si uso todo minúsculas "
                            },
                            {
                                "type": "link",
                                "url": "http:\/\/localhost\/go\/mod-b"
                            },
                            {
                                "type": "text",
                                "text": "  si me ejecuta bien...  faltaria lower o upper todo ... a nivel de mercury , porque al usuario final no le puedo decir escriba por favor solo en minúsculas no grite "
                            },
                            {
                                "type": "emoji",
                                "name": "slightly_smiling_face"
                            },
                            {
                                "type": "text",
                                "text": "..."
                            }
                        ]
                    }
                ]
            }
        ]
    },
    {
        "client_msg_id": "f47f2d52-f570-40d1-b1c6-4b1893ec05ee",
        "type": "message",
        "text": "normalmente los usuarios finales no escriben urls, solo las copian o clican en enlaces, así que da un poco igual",
        "user": "UNAHBRTFA",
        "ts": "1594144321.056300",
        "team": "TJH5YU202",
        "user_team": "TJH5YU202",
        "source_team": "TJH5YU202",
        "user_profile": {
            "avatar_hash": "g3d2a3f4c28c",
            "image_72": "https:\/\/secure.gravatar.com\/avatar\/23d2a3f4c28cebb4cf07e48d02620517.jpg?s=72&d=https%3A%2F%2Fa.slack-edge.com%2Fdf10d%2Fimg%2Favatars%2Fava_0020-72.png",
            "first_name": "Andreu",
            "real_name": "Andreu Botella",
            "display_name": "Andreu Botella",
            "team": "TJH5YU202",
            "name": "andreu.132",
            "is_restricted": false,
            "is_ultra_restricted": false
        },
        "blocks": [
            {
                "type": "rich_text",
                "block_id": "JDLY",
                "elements": [
                    {
                        "type": "rich_text_section",
                        "elements": [
                            {
                                "type": "text",
                                "text": "normalmente los usuarios finales no escriben urls, solo las copian o clican en enlaces, así que da un poco igual"
                            }
                        ]
                    }
                ]
            }
        ]
    },
    {
        "client_msg_id": "a925ab05-8f95-4543-b7f8-e1d26d8056f6",
        "type": "message",
        "text": "y si no usas mvc, un servidor en windows te aceptaría las urls en mayúsculas, pero en linux no, porque en linux los nombres de ficheros son case-sensitive",
        "user": "UNAHBRTFA",
        "ts": "1594144375.057200",
        "team": "TJH5YU202",
        "user_team": "TJH5YU202",
        "source_team": "TJH5YU202",
        "user_profile": {
            "avatar_hash": "g3d2a3f4c28c",
            "image_72": "https:\/\/secure.gravatar.com\/avatar\/23d2a3f4c28cebb4cf07e48d02620517.jpg?s=72&d=https%3A%2F%2Fa.slack-edge.com%2Fdf10d%2Fimg%2Favatars%2Fava_0020-72.png",
            "first_name": "Andreu",
            "real_name": "Andreu Botella",
            "display_name": "Andreu Botella",
            "team": "TJH5YU202",
            "name": "andreu.132",
            "is_restricted": false,
            "is_ultra_restricted": false
        },
        "blocks": [
            {
                "type": "rich_text",
                "block_id": "4RIoF",
                "elements": [
                    {
                        "type": "rich_text_section",
                        "elements": [
                            {
                                "type": "text",
                                "text": "y si no usas mvc, un servidor en windows te aceptaría las urls en mayúsculas, pero en linux no, porque en linux los nombres de ficheros son case-sensitive"
                            }
                        ]
                    }
                ]
            }
        ]
    },
    {
        "client_msg_id": "009c7fae-4e0b-4ab5-87d9-ddd98769074d",
        "type": "message",
        "text": "eso depende del htaccess y el rewrite",
        "user": "UM81W8B0Q",
        "ts": "1594154850.059800",
        "team": "TJH5YU202",
        "user_team": "TJH5YU202",
        "source_team": "TJH5YU202",
        "user_profile": {
            "avatar_hash": "gab9279ee8c0",
            "image_72": "https:\/\/secure.gravatar.com\/avatar\/73ab9279ee8c00f66ce4904d30146c8f.jpg?s=72&d=https%3A%2F%2Fa.slack-edge.com%2Fdf10d%2Fimg%2Favatars%2Fava_0010-72.png",
            "first_name": "",
            "real_name": "Angel Pais",
            "display_name": "Angel Pais",
            "team": "TJH5YU202",
            "name": "amigosam",
            "is_restricted": false,
            "is_ultra_restricted": false
        },
        "blocks": [
            {
                "type": "rich_text",
                "block_id": "WxW98",
                "elements": [
                    {
                        "type": "rich_text_section",
                        "elements": [
                            {
                                "type": "text",
                                "text": "eso depende del htaccess y el rewrite"
                            }
                        ]
                    }
                ]
            }
        ]
    },
    {
        "client_msg_id": "27d4116b-35a5-4772-bc57-f4c4bca42ab8",
        "type": "message",
        "text": "no sé si la configuración por defecho de apache trata las urls como case-insensitive, pero estoy acostumbrado a nginx que no lo hace por defecto",
        "user": "UNAHBRTFA",
        "ts": "1594154928.060800",
        "team": "TJH5YU202",
        "user_team": "TJH5YU202",
        "source_team": "TJH5YU202",
        "user_profile": {
            "avatar_hash": "g3d2a3f4c28c",
            "image_72": "https:\/\/secure.gravatar.com\/avatar\/23d2a3f4c28cebb4cf07e48d02620517.jpg?s=72&d=https%3A%2F%2Fa.slack-edge.com%2Fdf10d%2Fimg%2Favatars%2Fava_0020-72.png",
            "first_name": "Andreu",
            "real_name": "Andreu Botella",
            "display_name": "Andreu Botella",
            "team": "TJH5YU202",
            "name": "andreu.132",
            "is_restricted": false,
            "is_ultra_restricted": false
        },
        "blocks": [
            {
                "type": "rich_text",
                "block_id": "onmJ",
                "elements": [
                    {
                        "type": "rich_text_section",
                        "elements": [
                            {
                                "type": "text",
                                "text": "no sé si la configuración por defecho de apache trata las urls como case-insensitive, pero estoy acostumbrado a nginx que no lo hace por defecto"
                            }
                        ]
                    }
                ]
            }
        ]
    }
]