[
    {
        "client_msg_id": "c43e2e5d-3e73-468b-92eb-e6254b7a90ca",
        "type": "message",
        "text": "<http:\/\/www.dbfree.org\/>",
        "user": "UJHK2Q8UT",
        "ts": "1571999821.000600",
        "team": "TJH5YU202",
        "user_team": "TJH5YU202",
        "source_team": "TJH5YU202",
        "user_profile": {
            "avatar_hash": "g94f8c70b95d",
            "image_72": "https:\/\/secure.gravatar.com\/avatar\/6e94f8c70b95dd8f53de15d4e4e763d0.jpg?s=72&d=https%3A%2F%2Fa.slack-edge.com%2Fdf10d%2Fimg%2Favatars%2Fava_0021-72.png",
            "first_name": "",
            "real_name": "manuelcalerosolis",
            "display_name": "manuelcalerosolis",
            "team": "TJH5YU202",
            "name": "manuelcalerosolis",
            "is_restricted": false,
            "is_ultra_restricted": false
        }
    },
    {
        "client_msg_id": "d43a800c-b3dc-477d-b42a-3bd1b8d76450",
        "type": "message",
        "text": "web con clipper",
        "user": "UJHK2Q8UT",
        "ts": "1571999837.000900",
        "team": "TJH5YU202",
        "user_team": "TJH5YU202",
        "source_team": "TJH5YU202",
        "user_profile": {
            "avatar_hash": "g94f8c70b95d",
            "image_72": "https:\/\/secure.gravatar.com\/avatar\/6e94f8c70b95dd8f53de15d4e4e763d0.jpg?s=72&d=https%3A%2F%2Fa.slack-edge.com%2Fdf10d%2Fimg%2Favatars%2Fava_0021-72.png",
            "first_name": "",
            "real_name": "manuelcalerosolis",
            "display_name": "manuelcalerosolis",
            "team": "TJH5YU202",
            "name": "manuelcalerosolis",
            "is_restricted": false,
            "is_ultra_restricted": false
        }
    },
    {
        "client_msg_id": "2726a407-7f12-4baa-9369-593862a24b83",
        "type": "message",
        "text": ":scream:",
        "user": "UK28N3CER",
        "ts": "1572012550.001100",
        "team": "TJH5YU202",
        "user_team": "TJH5YU202",
        "source_team": "TJH5YU202",
        "user_profile": {
            "avatar_hash": "7f09da813e5b",
            "image_72": "https:\/\/avatars.slack-edge.com\/2020-01-01\/880554116721_7f09da813e5b80b5a0a0_72.jpg",
            "first_name": "",
            "real_name": "Cesar SysCtrl Software",
            "display_name": "Cesar SysCtrl Software",
            "team": "TJH5YU202",
            "name": "sysctrlsoftware",
            "is_restricted": false,
            "is_ultra_restricted": false
        }
    }
]