[
    {
        "client_msg_id": "23f8104a-f21a-4320-a700-dad92e40de1d",
        "type": "message",
        "text": "---------------------------",
        "user": "UJHD6A81H",
        "ts": "1594538217.273500",
        "team": "TJH5YU202",
        "user_team": "TJH5YU202",
        "source_team": "TJH5YU202",
        "user_profile": {
            "avatar_hash": "g6b8073e00e9",
            "image_72": "https:\/\/secure.gravatar.com\/avatar\/b96b8073e00e9eb02bcf05bc1418eb3a.jpg?s=72&d=https%3A%2F%2Fa.slack-edge.com%2Fdf10d%2Fimg%2Favatars%2Fava_0021-72.png",
            "first_name": "Otto",
            "real_name": "Otto Atzwanger",
            "display_name": "Otto",
            "team": "TJH5YU202",
            "name": "otto",
            "is_restricted": false,
            "is_ultra_restricted": false
        },
        "blocks": [
            {
                "type": "rich_text",
                "block_id": "pWC",
                "elements": [
                    {
                        "type": "rich_text_section",
                        "elements": [
                            {
                                "type": "text",
                                "text": "---------------------------"
                            }
                        ]
                    }
                ]
            }
        ]
    },
    {
        "client_msg_id": "5b538615-4059-4091-9282-9b5229aa3535",
        "type": "message",
        "text": "Hoy me gustaría publicar mi video, que ya publiqué en enero, aquí nuevamente.\nEn ese momento no creo que haya llegado el momento.\nAhora encaja bien con la discusión en curso.",
        "user": "UJHD6A81H",
        "ts": "1594538220.273700",
        "team": "TJH5YU202",
        "user_team": "TJH5YU202",
        "source_team": "TJH5YU202",
        "user_profile": {
            "avatar_hash": "g6b8073e00e9",
            "image_72": "https:\/\/secure.gravatar.com\/avatar\/b96b8073e00e9eb02bcf05bc1418eb3a.jpg?s=72&d=https%3A%2F%2Fa.slack-edge.com%2Fdf10d%2Fimg%2Favatars%2Fava_0021-72.png",
            "first_name": "Otto",
            "real_name": "Otto Atzwanger",
            "display_name": "Otto",
            "team": "TJH5YU202",
            "name": "otto",
            "is_restricted": false,
            "is_ultra_restricted": false
        },
        "blocks": [
            {
                "type": "rich_text",
                "block_id": "qipgb",
                "elements": [
                    {
                        "type": "rich_text_section",
                        "elements": [
                            {
                                "type": "text",
                                "text": "Hoy me gustaría publicar mi video, que ya publiqué en enero, aquí nuevamente.\nEn ese momento no creo que haya llegado el momento.\nAhora encaja bien con la discusión en curso."
                            }
                        ]
                    }
                ]
            }
        ]
    },
    {
        "client_msg_id": "35d0de0a-b0a6-4290-a8f2-57db4982090f",
        "type": "message",
        "text": "<https:\/\/mybergland.com\/fwforum\/newsletter.mp4>",
        "user": "UJHD6A81H",
        "ts": "1594538233.273900",
        "team": "TJH5YU202",
        "user_team": "TJH5YU202",
        "source_team": "TJH5YU202",
        "user_profile": {
            "avatar_hash": "g6b8073e00e9",
            "image_72": "https:\/\/secure.gravatar.com\/avatar\/b96b8073e00e9eb02bcf05bc1418eb3a.jpg?s=72&d=https%3A%2F%2Fa.slack-edge.com%2Fdf10d%2Fimg%2Favatars%2Fava_0021-72.png",
            "first_name": "Otto",
            "real_name": "Otto Atzwanger",
            "display_name": "Otto",
            "team": "TJH5YU202",
            "name": "otto",
            "is_restricted": false,
            "is_ultra_restricted": false
        },
        "blocks": [
            {
                "type": "rich_text",
                "block_id": "5di",
                "elements": [
                    {
                        "type": "rich_text_section",
                        "elements": [
                            {
                                "type": "link",
                                "url": "https:\/\/mybergland.com\/fwforum\/newsletter.mp4"
                            }
                        ]
                    }
                ]
            }
        ]
    },
    {
        "client_msg_id": "5bf83ed6-2b2f-4bad-87de-e62e4cb32411",
        "type": "message",
        "text": "Gracias <@UJWR5N32S> buen domingo",
        "user": "UK28N3CER",
        "ts": "1594561484.274400",
        "team": "TJH5YU202",
        "user_team": "TJH5YU202",
        "source_team": "TJH5YU202",
        "user_profile": {
            "avatar_hash": "0eafa7153ff3",
            "image_72": "https:\/\/avatars.slack-edge.com\/2020-05-18\/1155120542496_0eafa7153ff35206c804_72.jpg",
            "first_name": "Cesar",
            "real_name": "Cesar SysCtrl Software",
            "display_name": "Cesar SysCtrl Software",
            "team": "TJH5YU202",
            "name": "sysctrlsoftware",
            "is_restricted": false,
            "is_ultra_restricted": false
        },
        "blocks": [
            {
                "type": "rich_text",
                "block_id": "TJO",
                "elements": [
                    {
                        "type": "rich_text_section",
                        "elements": [
                            {
                                "type": "text",
                                "text": "Gracias "
                            },
                            {
                                "type": "user",
                                "user_id": "UJWR5N32S"
                            },
                            {
                                "type": "text",
                                "text": " buen domingo"
                            }
                        ]
                    }
                ]
            }
        ]
    },
    {
        "client_msg_id": "9cd70ce3-312e-4d0b-a197-2fb2f1bba916",
        "type": "message",
        "text": "Listo ! Anunciado en el foro -&gt; <https:\/\/forum.mod-harbour.org\/viewtopic.php?f=7&amp;t=480>",
        "user": "UJWR5N32S",
        "ts": "1594572821.274800",
        "team": "TJH5YU202",
        "user_team": "TJH5YU202",
        "source_team": "TJH5YU202",
        "user_profile": {
            "avatar_hash": "273d3745f7ae",
            "image_72": "https:\/\/avatars.slack-edge.com\/2019-05-20\/634344238497_273d3745f7ae1b176b82_72.jpg",
            "first_name": "Charly",
            "real_name": "Charly",
            "display_name": "Charly",
            "team": "TJH5YU202",
            "name": "carles9000",
            "is_restricted": false,
            "is_ultra_restricted": false
        },
        "blocks": [
            {
                "type": "rich_text",
                "block_id": "kcxk",
                "elements": [
                    {
                        "type": "rich_text_section",
                        "elements": [
                            {
                                "type": "text",
                                "text": "Listo ! Anunciado en el foro -> "
                            },
                            {
                                "type": "link",
                                "url": "https:\/\/forum.mod-harbour.org\/viewtopic.php?f=7&t=480"
                            }
                        ]
                    }
                ]
            }
        ]
    },
    {
        "client_msg_id": "78d14f54-1d38-4ae0-85af-be867f36133a",
        "type": "message",
        "text": "¿Alguien puede explicar las diferencias entre el patrón orientado a objetos y la programación funcional? ¿Cómo hacemos programación funcional con mod harbour?",
        "user": "UJHD6A81H",
        "ts": "1594577423.275000",
        "team": "TJH5YU202",
        "user_team": "TJH5YU202",
        "source_team": "TJH5YU202",
        "user_profile": {
            "avatar_hash": "g6b8073e00e9",
            "image_72": "https:\/\/secure.gravatar.com\/avatar\/b96b8073e00e9eb02bcf05bc1418eb3a.jpg?s=72&d=https%3A%2F%2Fa.slack-edge.com%2Fdf10d%2Fimg%2Favatars%2Fava_0021-72.png",
            "first_name": "Otto",
            "real_name": "Otto Atzwanger",
            "display_name": "Otto",
            "team": "TJH5YU202",
            "name": "otto",
            "is_restricted": false,
            "is_ultra_restricted": false
        },
        "blocks": [
            {
                "type": "rich_text",
                "block_id": "DmA",
                "elements": [
                    {
                        "type": "rich_text_section",
                        "elements": [
                            {
                                "type": "text",
                                "text": "¿Alguien puede explicar las diferencias entre el patrón orientado a objetos y la programación funcional? ¿Cómo hacemos programación funcional con mod harbour?"
                            }
                        ]
                    }
                ]
            }
        ]
    },
    {
        "client_msg_id": "3141cbe4-28fd-4115-acce-d855f1ac3b03",
        "type": "message",
        "text": "Patrón OO o funcional es eso. Haces lo que tu patrón te dice.",
        "user": "UM81W8B0Q",
        "ts": "1594601270.275600",
        "team": "TJH5YU202",
        "user_team": "TJH5YU202",
        "source_team": "TJH5YU202",
        "user_profile": {
            "avatar_hash": "gab9279ee8c0",
            "image_72": "https:\/\/secure.gravatar.com\/avatar\/73ab9279ee8c00f66ce4904d30146c8f.jpg?s=72&d=https%3A%2F%2Fa.slack-edge.com%2Fdf10d%2Fimg%2Favatars%2Fava_0010-72.png",
            "first_name": "",
            "real_name": "Angel Pais",
            "display_name": "Angel Pais",
            "team": "TJH5YU202",
            "name": "amigosam",
            "is_restricted": false,
            "is_ultra_restricted": false
        },
        "edited": {
            "user": "UM81W8B0Q",
            "ts": "1594601778.000000"
        },
        "blocks": [
            {
                "type": "rich_text",
                "block_id": "6yRc",
                "elements": [
                    {
                        "type": "rich_text_section",
                        "elements": [
                            {
                                "type": "text",
                                "text": "Patrón OO o funcional es eso. Haces lo que tu patrón te dice."
                            }
                        ]
                    }
                ]
            }
        ]
    },
    {
        "client_msg_id": "bcddb9ea-d8d4-495c-9e26-d2c03b240537",
        "type": "message",
        "text": "creo que otto no va a entender ese juego de palabras",
        "user": "UNAHBRTFA",
        "ts": "1594601824.276000",
        "team": "TJH5YU202",
        "user_team": "TJH5YU202",
        "source_team": "TJH5YU202",
        "user_profile": {
            "avatar_hash": "g3d2a3f4c28c",
            "image_72": "https:\/\/secure.gravatar.com\/avatar\/23d2a3f4c28cebb4cf07e48d02620517.jpg?s=72&d=https%3A%2F%2Fa.slack-edge.com%2Fdf10d%2Fimg%2Favatars%2Fava_0020-72.png",
            "first_name": "Andreu",
            "real_name": "Andreu Botella",
            "display_name": "Andreu Botella",
            "team": "TJH5YU202",
            "name": "andreu.132",
            "is_restricted": false,
            "is_ultra_restricted": false
        },
        "blocks": [
            {
                "type": "rich_text",
                "block_id": "mrwpl",
                "elements": [
                    {
                        "type": "rich_text_section",
                        "elements": [
                            {
                                "type": "text",
                                "text": "creo que otto no va a entender ese juego de palabras"
                            }
                        ]
                    }
                ]
            }
        ]
    },
    {
        "client_msg_id": "350b43e7-8c32-47ba-a5de-5c2eeb4d8ea8",
        "type": "message",
        "text": "eso espero jaj",
        "user": "UM81W8B0Q",
        "ts": "1594601862.276200",
        "team": "TJH5YU202",
        "user_team": "TJH5YU202",
        "source_team": "TJH5YU202",
        "user_profile": {
            "avatar_hash": "gab9279ee8c0",
            "image_72": "https:\/\/secure.gravatar.com\/avatar\/73ab9279ee8c00f66ce4904d30146c8f.jpg?s=72&d=https%3A%2F%2Fa.slack-edge.com%2Fdf10d%2Fimg%2Favatars%2Fava_0010-72.png",
            "first_name": "",
            "real_name": "Angel Pais",
            "display_name": "Angel Pais",
            "team": "TJH5YU202",
            "name": "amigosam",
            "is_restricted": false,
            "is_ultra_restricted": false
        },
        "blocks": [
            {
                "type": "rich_text",
                "block_id": "tDV",
                "elements": [
                    {
                        "type": "rich_text_section",
                        "elements": [
                            {
                                "type": "text",
                                "text": "eso espero jaj"
                            }
                        ]
                    }
                ]
            }
        ],
        "reactions": [
            {
                "name": "face_with_raised_eyebrow",
                "users": [
                    "UJUSD6VB2"
                ],
                "count": 1
            }
        ]
    },
    {
        "client_msg_id": "7f8f1245-fff3-4ada-ab88-a433597d97ac",
        "type": "message",
        "text": "sino me da un palo por la cabeza por el mal chiste",
        "user": "UM81W8B0Q",
        "ts": "1594601892.276500",
        "team": "TJH5YU202",
        "user_team": "TJH5YU202",
        "source_team": "TJH5YU202",
        "user_profile": {
            "avatar_hash": "gab9279ee8c0",
            "image_72": "https:\/\/secure.gravatar.com\/avatar\/73ab9279ee8c00f66ce4904d30146c8f.jpg?s=72&d=https%3A%2F%2Fa.slack-edge.com%2Fdf10d%2Fimg%2Favatars%2Fava_0010-72.png",
            "first_name": "",
            "real_name": "Angel Pais",
            "display_name": "Angel Pais",
            "team": "TJH5YU202",
            "name": "amigosam",
            "is_restricted": false,
            "is_ultra_restricted": false
        },
        "blocks": [
            {
                "type": "rich_text",
                "block_id": "VBy1W",
                "elements": [
                    {
                        "type": "rich_text_section",
                        "elements": [
                            {
                                "type": "text",
                                "text": "sino me da un palo por la cabeza por el mal chiste"
                            }
                        ]
                    }
                ]
            }
        ]
    },
    {
        "client_msg_id": "7466bd31-db4b-424a-a032-652ce1b65437",
        "type": "message",
        "text": "Anjana Vakil: Functional Programming mit JavaScript lernen - JSUnconf 2016\n<https:\/\/www.youtube.com\/watch?v=e-5obm1G_FY>",
        "user": "UJHD6A81H",
        "ts": "1594622741.276800",
        "team": "TJH5YU202",
        "user_team": "TJH5YU202",
        "source_team": "TJH5YU202",
        "user_profile": {
            "avatar_hash": "g6b8073e00e9",
            "image_72": "https:\/\/secure.gravatar.com\/avatar\/b96b8073e00e9eb02bcf05bc1418eb3a.jpg?s=72&d=https%3A%2F%2Fa.slack-edge.com%2Fdf10d%2Fimg%2Favatars%2Fava_0021-72.png",
            "first_name": "Otto",
            "real_name": "Otto Atzwanger",
            "display_name": "Otto",
            "team": "TJH5YU202",
            "name": "otto",
            "is_restricted": false,
            "is_ultra_restricted": false
        },
        "attachments": [
            {
                "service_name": "YouTube",
                "service_url": "https:\/\/www.youtube.com\/",
                "title": "Learning Functional Programming with JavaScript - Anjana Vakil - JSUnconf",
                "title_link": "https:\/\/www.youtube.com\/watch?v=e-5obm1G_FY",
                "author_name": "JSConf",
                "author_link": "https:\/\/www.youtube.com\/user\/jsconfeu",
                "thumb_url": "https:\/\/i.ytimg.com\/vi\/e-5obm1G_FY\/hqdefault.jpg",
                "thumb_width": 480,
                "thumb_height": 360,
                "fallback": "YouTube Video: Learning Functional Programming with JavaScript - Anjana Vakil - JSUnconf",
                "video_html": "<iframe width=\"400\" height=\"225\" src=\"https:\/\/www.youtube.com\/embed\/e-5obm1G_FY?feature=oembed&autoplay=1&iv_load_policy=3\" frameborder=\"0\" allow=\"accelerometer; autoplay; encrypted-media; gyroscope; picture-in-picture\" allowfullscreen><\/iframe>",
                "video_html_width": 400,
                "video_html_height": 225,
                "from_url": "https:\/\/www.youtube.com\/watch?v=e-5obm1G_FY",
                "service_icon": "https:\/\/a.slack-edge.com\/80588\/img\/unfurl_icons\/youtube.png",
                "id": 1,
                "original_url": "https:\/\/www.youtube.com\/watch?v=e-5obm1G_FY"
            }
        ],
        "blocks": [
            {
                "type": "rich_text",
                "block_id": "7Lxaw",
                "elements": [
                    {
                        "type": "rich_text_section",
                        "elements": [
                            {
                                "type": "text",
                                "text": "Anjana Vakil: Functional Programming mit JavaScript lernen - JSUnconf 2016\n"
                            },
                            {
                                "type": "link",
                                "url": "https:\/\/www.youtube.com\/watch?v=e-5obm1G_FY"
                            }
                        ]
                    }
                ]
            }
        ]
    }
]