[
    {
        "client_msg_id": "36f316bb-f2df-4135-897b-48e642b69ec9",
        "type": "message",
        "text": "good morning",
        "user": "UJHD6A81H",
        "ts": "1595835338.444200",
        "team": "TJH5YU202",
        "user_team": "TJH5YU202",
        "source_team": "TJH5YU202",
        "user_profile": {
            "avatar_hash": "g6b8073e00e9",
            "image_72": "https:\/\/secure.gravatar.com\/avatar\/b96b8073e00e9eb02bcf05bc1418eb3a.jpg?s=72&d=https%3A%2F%2Fa.slack-edge.com%2Fdf10d%2Fimg%2Favatars%2Fava_0021-72.png",
            "first_name": "Otto",
            "real_name": "Otto Atzwanger",
            "display_name": "Otto",
            "team": "TJH5YU202",
            "name": "otto",
            "is_restricted": false,
            "is_ultra_restricted": false
        },
        "blocks": [
            {
                "type": "rich_text",
                "block_id": "Szht",
                "elements": [
                    {
                        "type": "rich_text_section",
                        "elements": [
                            {
                                "type": "text",
                                "text": "good morning"
                            }
                        ]
                    }
                ]
            }
        ]
    },
    {
        "client_msg_id": "09e1fe68-79a9-49e8-bcb4-b3b7e799214e",
        "type": "message",
        "text": "alguien puede ayudarme a averiguar por qué este código no muestra 3 columnas.",
        "user": "UJHD6A81H",
        "ts": "1595835391.444400",
        "team": "TJH5YU202",
        "user_team": "TJH5YU202",
        "source_team": "TJH5YU202",
        "user_profile": {
            "avatar_hash": "g6b8073e00e9",
            "image_72": "https:\/\/secure.gravatar.com\/avatar\/b96b8073e00e9eb02bcf05bc1418eb3a.jpg?s=72&d=https%3A%2F%2Fa.slack-edge.com%2Fdf10d%2Fimg%2Favatars%2Fava_0021-72.png",
            "first_name": "Otto",
            "real_name": "Otto Atzwanger",
            "display_name": "Otto",
            "team": "TJH5YU202",
            "name": "otto",
            "is_restricted": false,
            "is_ultra_restricted": false
        },
        "blocks": [
            {
                "type": "rich_text",
                "block_id": "+V5",
                "elements": [
                    {
                        "type": "rich_text_section",
                        "elements": [
                            {
                                "type": "text",
                                "text": "alguien puede ayudarme a averiguar por qué este código no muestra 3 columnas."
                            }
                        ]
                    }
                ]
            }
        ]
    },
    {
        "client_msg_id": "d0a1d3c4-75e1-4581-8d29-9f73e9d21ea8",
        "type": "message",
        "text": "`document.getElementById (\"postxy\"   ).innerHTML +=  '&lt;div class=\"container\"&gt;&lt;div class=\"row\"&gt;';`\n`  `\n    `document.getElementById (\"postxy\"   ).innerHTML += '&lt;div class=\"col-md-4 col-sm-4 \" &gt;';`\n    `document.getElementById (\"postxy\"   ).innerHTML += '&lt;p&gt;' + data.data[nCount][3]+  '&lt;\/p&gt;';`\n    `document.getElementById (\"postxy\"   ).innerHTML += '&lt;\/div&gt;';`        \n`    `\n    `nCount = nCount + 1;`\n    `document.getElementById (\"postxy\"   ).innerHTML += '&lt;div class=\"col-md-4 col-sm-4 \" &gt;';`\n    `document.getElementById (\"postxy\"   ).innerHTML += '&lt;p&gt;' + data.data[nCount][3]+  '&lt;\/p&gt;';`\n    `document.getElementById (\"postxy\"   ).innerHTML += '&lt;\/div&gt;';`        \n`      `\n    `nCount = nCount + 1;`\n    `document.getElementById (\"postxy\"   ).innerHTML += '&lt;div class=\"col-md-4 col-sm-4 \"  &gt;';`\n    `document.getElementById (\"postxy\"   ).innerHTML += '&lt;p&gt;' + data.data[nCount][3]+  '&lt;\/p&gt;';`\n    `document.getElementById (\"postxy\"   ).innerHTML += '&lt;\/div&gt;';`\n`        `\n`        `\n`document.getElementById (\"postxy\"   ).innerHTML += '&lt;\/div&gt;&lt;\/div&gt;' ;`",
        "user": "UJHD6A81H",
        "ts": "1595835409.444700",
        "team": "TJH5YU202",
        "user_team": "TJH5YU202",
        "source_team": "TJH5YU202",
        "user_profile": {
            "avatar_hash": "g6b8073e00e9",
            "image_72": "https:\/\/secure.gravatar.com\/avatar\/b96b8073e00e9eb02bcf05bc1418eb3a.jpg?s=72&d=https%3A%2F%2Fa.slack-edge.com%2Fdf10d%2Fimg%2Favatars%2Fava_0021-72.png",
            "first_name": "Otto",
            "real_name": "Otto Atzwanger",
            "display_name": "Otto",
            "team": "TJH5YU202",
            "name": "otto",
            "is_restricted": false,
            "is_ultra_restricted": false
        },
        "blocks": [
            {
                "type": "rich_text",
                "block_id": "Dzs",
                "elements": [
                    {
                        "type": "rich_text_section",
                        "elements": [
                            {
                                "type": "text",
                                "text": "document.getElementById (\"postxy\"   ).innerHTML +=  '<div class=\"container\"><div class=\"row\">';",
                                "style": {
                                    "code": true
                                }
                            },
                            {
                                "type": "text",
                                "text": "\n"
                            },
                            {
                                "type": "text",
                                "text": "  ",
                                "style": {
                                    "code": true
                                }
                            },
                            {
                                "type": "text",
                                "text": "\n"
                            },
                            {
                                "type": "text",
                                "text": "    document.getElementById (\"postxy\"   ).innerHTML += '<div class=\"col-md-4 col-sm-4 \" >';",
                                "style": {
                                    "code": true
                                }
                            },
                            {
                                "type": "text",
                                "text": "\n"
                            },
                            {
                                "type": "text",
                                "text": "    document.getElementById (\"postxy\"   ).innerHTML += '<p>' + data.data[nCount][3]+  '<\/p>';",
                                "style": {
                                    "code": true
                                }
                            },
                            {
                                "type": "text",
                                "text": "\n"
                            },
                            {
                                "type": "text",
                                "text": "    document.getElementById (\"postxy\"   ).innerHTML += '<\/div>';        ",
                                "style": {
                                    "code": true
                                }
                            },
                            {
                                "type": "text",
                                "text": "\n"
                            },
                            {
                                "type": "text",
                                "text": "    ",
                                "style": {
                                    "code": true
                                }
                            },
                            {
                                "type": "text",
                                "text": "\n"
                            },
                            {
                                "type": "text",
                                "text": "    nCount = nCount + 1;",
                                "style": {
                                    "code": true
                                }
                            },
                            {
                                "type": "text",
                                "text": "\n"
                            },
                            {
                                "type": "text",
                                "text": "    document.getElementById (\"postxy\"   ).innerHTML += '<div class=\"col-md-4 col-sm-4 \" >';",
                                "style": {
                                    "code": true
                                }
                            },
                            {
                                "type": "text",
                                "text": "\n"
                            },
                            {
                                "type": "text",
                                "text": "    document.getElementById (\"postxy\"   ).innerHTML += '<p>' + data.data[nCount][3]+  '<\/p>';",
                                "style": {
                                    "code": true
                                }
                            },
                            {
                                "type": "text",
                                "text": "\n"
                            },
                            {
                                "type": "text",
                                "text": "    document.getElementById (\"postxy\"   ).innerHTML += '<\/div>';        ",
                                "style": {
                                    "code": true
                                }
                            },
                            {
                                "type": "text",
                                "text": "\n"
                            },
                            {
                                "type": "text",
                                "text": "      ",
                                "style": {
                                    "code": true
                                }
                            },
                            {
                                "type": "text",
                                "text": "\n"
                            },
                            {
                                "type": "text",
                                "text": "    nCount = nCount + 1;",
                                "style": {
                                    "code": true
                                }
                            },
                            {
                                "type": "text",
                                "text": "\n"
                            },
                            {
                                "type": "text",
                                "text": "    document.getElementById (\"postxy\"   ).innerHTML += '<div class=\"col-md-4 col-sm-4 \"  >';",
                                "style": {
                                    "code": true
                                }
                            },
                            {
                                "type": "text",
                                "text": "\n"
                            },
                            {
                                "type": "text",
                                "text": "    document.getElementById (\"postxy\"   ).innerHTML += '<p>' + data.data[nCount][3]+  '<\/p>';",
                                "style": {
                                    "code": true
                                }
                            },
                            {
                                "type": "text",
                                "text": "\n"
                            },
                            {
                                "type": "text",
                                "text": "    document.getElementById (\"postxy\"   ).innerHTML += '<\/div>';",
                                "style": {
                                    "code": true
                                }
                            },
                            {
                                "type": "text",
                                "text": "\n"
                            },
                            {
                                "type": "text",
                                "text": "        ",
                                "style": {
                                    "code": true
                                }
                            },
                            {
                                "type": "text",
                                "text": "\n"
                            },
                            {
                                "type": "text",
                                "text": "        ",
                                "style": {
                                    "code": true
                                }
                            },
                            {
                                "type": "text",
                                "text": "\n"
                            },
                            {
                                "type": "text",
                                "text": "document.getElementById (\"postxy\"   ).innerHTML += '<\/div><\/div>' ;",
                                "style": {
                                    "code": true
                                }
                            }
                        ]
                    }
                ]
            }
        ]
    },
    {
        "client_msg_id": "4b191f9b-b7c8-4e91-93b4-5ec336afaca8",
        "type": "message",
        "text": "Encontré mi error. La identificación no coincide.",
        "user": "UJHD6A81H",
        "ts": "1595839612.444900",
        "team": "TJH5YU202",
        "user_team": "TJH5YU202",
        "source_team": "TJH5YU202",
        "user_profile": {
            "avatar_hash": "g6b8073e00e9",
            "image_72": "https:\/\/secure.gravatar.com\/avatar\/b96b8073e00e9eb02bcf05bc1418eb3a.jpg?s=72&d=https%3A%2F%2Fa.slack-edge.com%2Fdf10d%2Fimg%2Favatars%2Fava_0021-72.png",
            "first_name": "Otto",
            "real_name": "Otto Atzwanger",
            "display_name": "Otto",
            "team": "TJH5YU202",
            "name": "otto",
            "is_restricted": false,
            "is_ultra_restricted": false
        },
        "blocks": [
            {
                "type": "rich_text",
                "block_id": "plWY",
                "elements": [
                    {
                        "type": "rich_text_section",
                        "elements": [
                            {
                                "type": "text",
                                "text": "Encontré mi error. La identificación no coincide."
                            }
                        ]
                    }
                ]
            }
        ]
    },
    {
        "client_msg_id": "e9f87181-9359-4c74-a807-4801c9dc585e",
        "type": "message",
        "text": "buenos dias, amigos! :+1:",
        "user": "U015CUP1T5Z",
        "ts": "1595855961.445200",
        "team": "TJH5YU202",
        "user_team": "TJH5YU202",
        "source_team": "TJH5YU202",
        "user_profile": {
            "avatar_hash": "2d5981129913",
            "image_72": "https:\/\/avatars.slack-edge.com\/2020-06-14\/1183376598323_2d5981129913ee85447d_72.jpg",
            "first_name": "ricardo",
            "real_name": "ricardo arraes",
            "display_name": "ricardo arraes",
            "team": "TJH5YU202",
            "name": "ricardo",
            "is_restricted": false,
            "is_ultra_restricted": false
        },
        "blocks": [
            {
                "type": "rich_text",
                "block_id": "wloS",
                "elements": [
                    {
                        "type": "rich_text_section",
                        "elements": [
                            {
                                "type": "text",
                                "text": "buenos dias, amigos! "
                            },
                            {
                                "type": "emoji",
                                "name": "+1"
                            }
                        ]
                    }
                ]
            }
        ]
    },
    {
        "client_msg_id": "4d6ac8c7-9183-414f-88cf-bb5753c0e59a",
        "type": "message",
        "text": "Good morning",
        "user": "UK28N3CER",
        "ts": "1595856117.445500",
        "team": "TJH5YU202",
        "user_team": "TJH5YU202",
        "source_team": "TJH5YU202",
        "user_profile": {
            "avatar_hash": "0eafa7153ff3",
            "image_72": "https:\/\/avatars.slack-edge.com\/2020-05-18\/1155120542496_0eafa7153ff35206c804_72.jpg",
            "first_name": "Cesar",
            "real_name": "Cesar SysCtrl Software",
            "display_name": "Cesar SysCtrl Software",
            "team": "TJH5YU202",
            "name": "sysctrlsoftware",
            "is_restricted": false,
            "is_ultra_restricted": false
        },
        "blocks": [
            {
                "type": "rich_text",
                "block_id": "TXZQt",
                "elements": [
                    {
                        "type": "rich_text_section",
                        "elements": [
                            {
                                "type": "text",
                                "text": "Good morning"
                            }
                        ]
                    }
                ]
            }
        ]
    },
    {
        "client_msg_id": "80ca84ee-ed3c-41c9-89b6-6e2dbe488def",
        "type": "message",
        "text": "buenos dias con todos",
        "user": "UJXP7LS78",
        "ts": "1595866013.445800",
        "team": "TJH5YU202",
        "user_team": "TJH5YU202",
        "source_team": "TJH5YU202",
        "user_profile": {
            "avatar_hash": "gc4a0baebb72",
            "image_72": "https:\/\/secure.gravatar.com\/avatar\/a1c4a0baebb720b97e5a197259dbf409.jpg?s=72&d=https%3A%2F%2Fa.slack-edge.com%2Fdf10d%2Fimg%2Favatars%2Fava_0007-72.png",
            "first_name": "",
            "real_name": "wilson gamboa",
            "display_name": "wilson gamboa",
            "team": "TJH5YU202",
            "name": "wilson.josenet",
            "is_restricted": false,
            "is_ultra_restricted": false
        },
        "blocks": [
            {
                "type": "rich_text",
                "block_id": "rs2s",
                "elements": [
                    {
                        "type": "rich_text_section",
                        "elements": [
                            {
                                "type": "text",
                                "text": "buenos dias con todos"
                            }
                        ]
                    }
                ]
            }
        ]
    },
    {
        "client_msg_id": "c459a0ab-968b-4ae0-bc1a-9a25f2a31582",
        "type": "message",
        "text": "buenos dias :sunny:",
        "user": "UJN8D8U3B",
        "ts": "1595919467.446000",
        "team": "TJH5YU202",
        "user_team": "TJH5YU202",
        "source_team": "TJH5YU202",
        "user_profile": {
            "avatar_hash": "g92ad2abcc45",
            "image_72": "https:\/\/secure.gravatar.com\/avatar\/8492ad2abcc45ce53969adcf8420acde.jpg?s=72&d=https%3A%2F%2Fa.slack-edge.com%2Fdf10d%2Fimg%2Favatars%2Fava_0008-72.png",
            "first_name": "",
            "real_name": "Antonio Linares",
            "display_name": "Antonio Linares",
            "team": "TJH5YU202",
            "name": "alinares",
            "is_restricted": false,
            "is_ultra_restricted": false
        },
        "blocks": [
            {
                "type": "rich_text",
                "block_id": "TJ\/Nb",
                "elements": [
                    {
                        "type": "rich_text_section",
                        "elements": [
                            {
                                "type": "text",
                                "text": "buenos dias "
                            },
                            {
                                "type": "emoji",
                                "name": "sunny"
                            }
                        ]
                    }
                ]
            }
        ]
    }
]