[
    {
        "client_msg_id": "b1595684-25ac-4190-9d90-beac7334674f",
        "type": "message",
        "text": "Hace tiempo creé un group en Google, por si acaso.\n<https:\/\/groups.google.com\/forum\/#!forum\/modharbour>",
        "user": "UJUJLTWMT",
        "ts": "1596275841.000000",
        "team": "TJH5YU202",
        "user_team": "TJH5YU202",
        "source_team": "TJH5YU202",
        "user_profile": {
            "avatar_hash": "a60e3b1ef2d2",
            "image_72": "https:\/\/avatars.slack-edge.com\/2019-08-20\/726246109489_a60e3b1ef2d2c141969d_72.jpg",
            "first_name": "",
            "real_name": "Cristobal",
            "display_name": "Cristobal",
            "team": "TJH5YU202",
            "name": "navarro.cristobal",
            "is_restricted": false,
            "is_ultra_restricted": false
        },
        "blocks": [
            {
                "type": "rich_text",
                "block_id": "tLVsu",
                "elements": [
                    {
                        "type": "rich_text_section",
                        "elements": [
                            {
                                "type": "text",
                                "text": "Hace tiempo creé un group en Google, por si acaso.\n"
                            },
                            {
                                "type": "link",
                                "url": "https:\/\/groups.google.com\/forum\/#!forum\/modharbour"
                            }
                        ]
                    }
                ]
            }
        ]
    }
]