[
    {
        "client_msg_id": "7f644f10-d411-4618-8cc8-a5c81b730bd2",
        "type": "message",
        "text": "Recordad ! Nos vemos esta tarde a les 17:00",
        "user": "UJWR5N32S",
        "ts": "1593598008.405000",
        "team": "TJH5YU202",
        "user_team": "TJH5YU202",
        "source_team": "TJH5YU202",
        "user_profile": {
            "avatar_hash": "273d3745f7ae",
            "image_72": "https:\/\/avatars.slack-edge.com\/2019-05-20\/634344238497_273d3745f7ae1b176b82_72.jpg",
            "first_name": "Charly",
            "real_name": "Charly",
            "display_name": "Charly",
            "team": "TJH5YU202",
            "name": "carles9000",
            "is_restricted": false,
            "is_ultra_restricted": false
        },
        "blocks": [
            {
                "type": "rich_text",
                "block_id": "aTy",
                "elements": [
                    {
                        "type": "rich_text_section",
                        "elements": [
                            {
                                "type": "text",
                                "text": "Recordad ! Nos vemos esta tarde a les 17:00"
                            }
                        ]
                    }
                ]
            }
        ],
        "reactions": [
            {
                "name": "clap",
                "users": [
                    "U015CUP1T5Z"
                ],
                "count": 1
            }
        ]
    },
    {
        "type": "message",
        "text": "",
        "files": [
            {
                "id": "F016CCRM7QS",
                "created": 1593598013,
                "timestamp": 1593598013,
                "name": "mercury_logo.png",
                "title": "mercury_logo.png",
                "mimetype": "image\/png",
                "filetype": "png",
                "pretty_type": "PNG",
                "user": "UJWR5N32S",
                "editable": false,
                "size": 61629,
                "mode": "hosted",
                "is_external": false,
                "external_type": "",
                "is_public": true,
                "public_url_shared": false,
                "display_as_bot": false,
                "username": "",
                "url_private": "https:\/\/files.slack.com\/files-pri\/TJH5YU202-F016CCRM7QS\/mercury_logo.png?t=xoxe-629202954002-1307858988048-1296644259825-cbe9e6d0558bfb5b1a5a18db398692ce",
                "url_private_download": "https:\/\/files.slack.com\/files-pri\/TJH5YU202-F016CCRM7QS\/download\/mercury_logo.png?t=xoxe-629202954002-1307858988048-1296644259825-cbe9e6d0558bfb5b1a5a18db398692ce",
                "thumb_64": "https:\/\/files.slack.com\/files-tmb\/TJH5YU202-F016CCRM7QS-880f5c57b2\/mercury_logo_64.png?t=xoxe-629202954002-1307858988048-1296644259825-cbe9e6d0558bfb5b1a5a18db398692ce",
                "thumb_80": "https:\/\/files.slack.com\/files-tmb\/TJH5YU202-F016CCRM7QS-880f5c57b2\/mercury_logo_80.png?t=xoxe-629202954002-1307858988048-1296644259825-cbe9e6d0558bfb5b1a5a18db398692ce",
                "thumb_360": "https:\/\/files.slack.com\/files-tmb\/TJH5YU202-F016CCRM7QS-880f5c57b2\/mercury_logo_360.png?t=xoxe-629202954002-1307858988048-1296644259825-cbe9e6d0558bfb5b1a5a18db398692ce",
                "thumb_360_w": 300,
                "thumb_360_h": 181,
                "thumb_160": "https:\/\/files.slack.com\/files-tmb\/TJH5YU202-F016CCRM7QS-880f5c57b2\/mercury_logo_160.png?t=xoxe-629202954002-1307858988048-1296644259825-cbe9e6d0558bfb5b1a5a18db398692ce",
                "original_w": 300,
                "original_h": 181,
                "thumb_tiny": "AwAcADDORdzAVeiQKAMVUg\/1hq+OnSgBJrNJEJXCv7d6zGBViCMEda21BHeqtzaCWQurbSe2PwoAzqKsi1BPyucZI5XHQZpzWaqeZeg3HjsOtAEERw496vKw4rN6VaikOzPFAF5WABJ6Dk5rNnnaSVirEL0HNJLPJJ8rHC+gqKgCaKXLN50j7SMcGnSSRFG2M+T6k1XooA\/\/2Q==",
                "permalink": "https:\/\/harbourproject.slack.com\/files\/UJWR5N32S\/F016CCRM7QS\/mercury_logo.png",
                "permalink_public": "https:\/\/slack-files.com\/TJH5YU202-F016CCRM7QS-f2b9f47aa7",
                "is_starred": false,
                "has_rich_preview": false
            }
        ],
        "upload": false,
        "user": "UJWR5N32S",
        "display_as_bot": false,
        "ts": "1593598016.405100"
    },
    {
        "client_msg_id": "a0973546-ff53-48c4-bfda-4f5a785ea775",
        "type": "message",
        "text": ":+1: muy bien!",
        "user": "UJN8D8U3B",
        "ts": "1593601420.405500",
        "team": "TJH5YU202",
        "user_team": "TJH5YU202",
        "source_team": "TJH5YU202",
        "user_profile": {
            "avatar_hash": "g92ad2abcc45",
            "image_72": "https:\/\/secure.gravatar.com\/avatar\/8492ad2abcc45ce53969adcf8420acde.jpg?s=72&d=https%3A%2F%2Fa.slack-edge.com%2Fdf10d%2Fimg%2Favatars%2Fava_0008-72.png",
            "first_name": "",
            "real_name": "Antonio Linares",
            "display_name": "Antonio Linares",
            "team": "TJH5YU202",
            "name": "alinares",
            "is_restricted": false,
            "is_ultra_restricted": false
        },
        "blocks": [
            {
                "type": "rich_text",
                "block_id": "wSD",
                "elements": [
                    {
                        "type": "rich_text_section",
                        "elements": [
                            {
                                "type": "emoji",
                                "name": "+1"
                            },
                            {
                                "type": "text",
                                "text": " muy bien!"
                            }
                        ]
                    }
                ]
            }
        ]
    },
    {
        "type": "message",
        "text": "Buenos días, enfilando entusiasmo instalé todo paso a paso pero lo único que no me funcionó precisamente es Mercury. Obtengo esto:",
        "files": [
            {
                "id": "F0165U3DE0N",
                "created": 1593606948,
                "timestamp": 1593606948,
                "name": "image.png",
                "title": "image.png",
                "mimetype": "image\/png",
                "filetype": "png",
                "pretty_type": "PNG",
                "user": "U016JJSHGKB",
                "editable": false,
                "size": 18699,
                "mode": "hosted",
                "is_external": false,
                "external_type": "",
                "is_public": true,
                "public_url_shared": false,
                "display_as_bot": false,
                "username": "",
                "url_private": "https:\/\/files.slack.com\/files-pri\/TJH5YU202-F0165U3DE0N\/image.png?t=xoxe-629202954002-1307858988048-1296644259825-cbe9e6d0558bfb5b1a5a18db398692ce",
                "url_private_download": "https:\/\/files.slack.com\/files-pri\/TJH5YU202-F0165U3DE0N\/download\/image.png?t=xoxe-629202954002-1307858988048-1296644259825-cbe9e6d0558bfb5b1a5a18db398692ce",
                "thumb_64": "https:\/\/files.slack.com\/files-tmb\/TJH5YU202-F0165U3DE0N-4ea1d6940d\/image_64.png?t=xoxe-629202954002-1307858988048-1296644259825-cbe9e6d0558bfb5b1a5a18db398692ce",
                "thumb_80": "https:\/\/files.slack.com\/files-tmb\/TJH5YU202-F0165U3DE0N-4ea1d6940d\/image_80.png?t=xoxe-629202954002-1307858988048-1296644259825-cbe9e6d0558bfb5b1a5a18db398692ce",
                "thumb_360": "https:\/\/files.slack.com\/files-tmb\/TJH5YU202-F0165U3DE0N-4ea1d6940d\/image_360.png?t=xoxe-629202954002-1307858988048-1296644259825-cbe9e6d0558bfb5b1a5a18db398692ce",
                "thumb_360_w": 360,
                "thumb_360_h": 173,
                "thumb_160": "https:\/\/files.slack.com\/files-tmb\/TJH5YU202-F0165U3DE0N-4ea1d6940d\/image_160.png?t=xoxe-629202954002-1307858988048-1296644259825-cbe9e6d0558bfb5b1a5a18db398692ce",
                "original_w": 446,
                "original_h": 214,
                "thumb_tiny": "AwAXADDQyPf8qNw65P5Uw9T9aVgM4oAduB7mlXnoT+NMoDkemKAJcUUwPnrTg2exoAaFBPenFQTnmkH3qdQA3YPejYPenUUAIFFLRRQB\/9k=",
                "permalink": "https:\/\/harbourproject.slack.com\/files\/U016JJSHGKB\/F0165U3DE0N\/image.png",
                "permalink_public": "https:\/\/slack-files.com\/TJH5YU202-F0165U3DE0N-a5e606e945",
                "is_starred": false,
                "has_rich_preview": false
            }
        ],
        "upload": false,
        "blocks": [
            {
                "type": "rich_text",
                "block_id": "NRGBH",
                "elements": [
                    {
                        "type": "rich_text_section",
                        "elements": [
                            {
                                "type": "text",
                                "text": "Buenos días, enfilando entusiasmo instalé todo paso a paso pero lo único que no me funcionó precisamente es Mercury. Obtengo esto:"
                            }
                        ]
                    }
                ]
            }
        ],
        "user": "U016JJSHGKB",
        "display_as_bot": false,
        "ts": "1593606993.407700"
    },
    {
        "client_msg_id": "93690aaf-b271-425c-abb0-40bd4ee1a44d",
        "type": "message",
        "text": "<@U016JJSHGKB>\n\n<https:\/\/forums.fivetechsupport.com\/viewtopic.php?f=45&amp;t=39099>",
        "user": "U015CUP1T5Z",
        "ts": "1593608266.411700",
        "team": "TJH5YU202",
        "user_team": "TJH5YU202",
        "source_team": "TJH5YU202",
        "user_profile": {
            "avatar_hash": "2d5981129913",
            "image_72": "https:\/\/avatars.slack-edge.com\/2020-06-14\/1183376598323_2d5981129913ee85447d_72.jpg",
            "first_name": "ricardo",
            "real_name": "ricardo arraes",
            "display_name": "ricardo arraes",
            "team": "TJH5YU202",
            "name": "ricardo",
            "is_restricted": false,
            "is_ultra_restricted": false
        },
        "blocks": [
            {
                "type": "rich_text",
                "block_id": "xdt",
                "elements": [
                    {
                        "type": "rich_text_section",
                        "elements": [
                            {
                                "type": "user",
                                "user_id": "U016JJSHGKB"
                            },
                            {
                                "type": "text",
                                "text": "\n\n"
                            },
                            {
                                "type": "link",
                                "url": "https:\/\/forums.fivetechsupport.com\/viewtopic.php?f=45&t=39099"
                            }
                        ]
                    }
                ]
            }
        ]
    },
    {
        "client_msg_id": "99a12092-e952-4190-a588-281e7bcb9e74",
        "type": "message",
        "text": "Prueba a añadir esta función en tu PRG: function AP_HeadersInCount() ; return 0",
        "user": "UJN8D8U3B",
        "ts": "1593608284.412000",
        "team": "TJH5YU202",
        "user_team": "TJH5YU202",
        "source_team": "TJH5YU202",
        "user_profile": {
            "avatar_hash": "g92ad2abcc45",
            "image_72": "https:\/\/secure.gravatar.com\/avatar\/8492ad2abcc45ce53969adcf8420acde.jpg?s=72&d=https%3A%2F%2Fa.slack-edge.com%2Fdf10d%2Fimg%2Favatars%2Fava_0008-72.png",
            "first_name": "",
            "real_name": "Antonio Linares",
            "display_name": "Antonio Linares",
            "team": "TJH5YU202",
            "name": "alinares",
            "is_restricted": false,
            "is_ultra_restricted": false
        },
        "blocks": [
            {
                "type": "rich_text",
                "block_id": "=qZ",
                "elements": [
                    {
                        "type": "rich_text_section",
                        "elements": [
                            {
                                "type": "text",
                                "text": "Prueba a añadir esta función en tu PRG: function AP_HeadersInCount() ; return 0"
                            }
                        ]
                    }
                ]
            }
        ]
    },
    {
        "client_msg_id": "bc3d60d2-30a0-4f80-a3d6-da8405718060",
        "type": "message",
        "text": "para solucionarlo rapidamente",
        "user": "UJN8D8U3B",
        "ts": "1593608293.412200",
        "team": "TJH5YU202",
        "user_team": "TJH5YU202",
        "source_team": "TJH5YU202",
        "user_profile": {
            "avatar_hash": "g92ad2abcc45",
            "image_72": "https:\/\/secure.gravatar.com\/avatar\/8492ad2abcc45ce53969adcf8420acde.jpg?s=72&d=https%3A%2F%2Fa.slack-edge.com%2Fdf10d%2Fimg%2Favatars%2Fava_0008-72.png",
            "first_name": "",
            "real_name": "Antonio Linares",
            "display_name": "Antonio Linares",
            "team": "TJH5YU202",
            "name": "alinares",
            "is_restricted": false,
            "is_ultra_restricted": false
        },
        "blocks": [
            {
                "type": "rich_text",
                "block_id": "f8M",
                "elements": [
                    {
                        "type": "rich_text_section",
                        "elements": [
                            {
                                "type": "text",
                                "text": "para solucionarlo rapidamente"
                            }
                        ]
                    }
                ]
            }
        ]
    },
    {
        "client_msg_id": "e32b50a5-7849-4be2-aaef-61df03673584",
        "type": "message",
        "text": "Tuve este mismo problema, vea el tema del foro que Otto me ayudó a resolver",
        "user": "U015CUP1T5Z",
        "ts": "1593608306.412400",
        "team": "TJH5YU202",
        "user_team": "TJH5YU202",
        "source_team": "TJH5YU202",
        "user_profile": {
            "avatar_hash": "2d5981129913",
            "image_72": "https:\/\/avatars.slack-edge.com\/2020-06-14\/1183376598323_2d5981129913ee85447d_72.jpg",
            "first_name": "ricardo",
            "real_name": "ricardo arraes",
            "display_name": "ricardo arraes",
            "team": "TJH5YU202",
            "name": "ricardo",
            "is_restricted": false,
            "is_ultra_restricted": false
        },
        "blocks": [
            {
                "type": "rich_text",
                "block_id": "O9Fx",
                "elements": [
                    {
                        "type": "rich_text_section",
                        "elements": [
                            {
                                "type": "text",
                                "text": "Tuve este mismo problema, vea el tema del foro que Otto me ayudó a resolver"
                            }
                        ]
                    }
                ]
            }
        ]
    },
    {
        "client_msg_id": "04244cf9-96aa-4618-b579-017df132c879",
        "type": "message",
        "text": "asegúrese de que la estructura del archivo httpd.conf sea correcta en su directorio apache, apunta a su directorio libharbour",
        "user": "U015CUP1T5Z",
        "ts": "1593608459.412700",
        "team": "TJH5YU202",
        "user_team": "TJH5YU202",
        "source_team": "TJH5YU202",
        "user_profile": {
            "avatar_hash": "2d5981129913",
            "image_72": "https:\/\/avatars.slack-edge.com\/2020-06-14\/1183376598323_2d5981129913ee85447d_72.jpg",
            "first_name": "ricardo",
            "real_name": "ricardo arraes",
            "display_name": "ricardo arraes",
            "team": "TJH5YU202",
            "name": "ricardo",
            "is_restricted": false,
            "is_ultra_restricted": false
        },
        "blocks": [
            {
                "type": "rich_text",
                "block_id": "qlxf",
                "elements": [
                    {
                        "type": "rich_text_section",
                        "elements": [
                            {
                                "type": "text",
                                "text": "asegúrese de que la estructura del archivo httpd.conf sea correcta en su directorio apache, apunta a su directorio libharbour"
                            }
                        ]
                    }
                ]
            }
        ]
    },
    {
        "client_msg_id": "b43009d1-7e19-4ced-8dae-cc917010d69f",
        "type": "message",
        "text": "<@UJWR5N32S>, ¿Dónde estarán disponibles las grabaciones del curso? lamentablemente es probable que el viernes no pueda seguir, estaré en una reunión a tiempo",
        "user": "U015CUP1T5Z",
        "ts": "1593609357.413100",
        "team": "TJH5YU202",
        "user_team": "TJH5YU202",
        "source_team": "TJH5YU202",
        "user_profile": {
            "avatar_hash": "2d5981129913",
            "image_72": "https:\/\/avatars.slack-edge.com\/2020-06-14\/1183376598323_2d5981129913ee85447d_72.jpg",
            "first_name": "ricardo",
            "real_name": "ricardo arraes",
            "display_name": "ricardo arraes",
            "team": "TJH5YU202",
            "name": "ricardo",
            "is_restricted": false,
            "is_ultra_restricted": false
        },
        "blocks": [
            {
                "type": "rich_text",
                "block_id": "pPu",
                "elements": [
                    {
                        "type": "rich_text_section",
                        "elements": [
                            {
                                "type": "user",
                                "user_id": "UJWR5N32S"
                            },
                            {
                                "type": "text",
                                "text": ", ¿Dónde estarán disponibles las grabaciones del curso? lamentablemente es probable que el viernes no pueda seguir, estaré en una reunión a tiempo"
                            }
                        ]
                    }
                ]
            }
        ]
    },
    {
        "client_msg_id": "7b4a1503-829d-471f-b9bc-39deab480ccd",
        "type": "message",
        "text": "¿Cuáles son los términos técnicos para estos dos métodos de programación?\nA)\n\n ::cHtml += ' &lt;a href=\"' +  hData[ \"rows\" ][ n ][ 1 ]  + '\" class=\"btn btn-info\" target=\"_blank\"&gt;Link  &amp;ouml;ffnen&lt;\/a&gt;' + CRLF\n  ? ::cHtml\n\nB)\n TEMPLATE\n  &lt;a href=\"' +  hData[ \"rows\" ][ n ][ 1 ]  + '\" class=\"btn btn-info\" target=\"_blank\"&gt;Link  &amp;ouml;ffnen&lt;\/a&gt;\n\nCódigo no funciona\n\n¿Cómo se pasa mejor una variable o HASH a HTML?",
        "user": "UJHD6A81H",
        "ts": "1593623266.413300",
        "team": "TJH5YU202",
        "user_team": "TJH5YU202",
        "source_team": "TJH5YU202",
        "user_profile": {
            "avatar_hash": "g6b8073e00e9",
            "image_72": "https:\/\/secure.gravatar.com\/avatar\/b96b8073e00e9eb02bcf05bc1418eb3a.jpg?s=72&d=https%3A%2F%2Fa.slack-edge.com%2Fdf10d%2Fimg%2Favatars%2Fava_0021-72.png",
            "first_name": "Otto",
            "real_name": "Otto Atzwanger",
            "display_name": "Otto",
            "team": "TJH5YU202",
            "name": "otto",
            "is_restricted": false,
            "is_ultra_restricted": false
        },
        "blocks": [
            {
                "type": "rich_text",
                "block_id": "MVo6",
                "elements": [
                    {
                        "type": "rich_text_section",
                        "elements": [
                            {
                                "type": "text",
                                "text": "¿Cuáles son los términos técnicos para estos dos métodos de programación?\nA)\n\n ::cHtml += ' <a href=\"' +  hData[ \"rows\" ][ n ][ 1 ]  + '\" class=\"btn btn-info\" target=\"_blank\">Link  &ouml;ffnen<\/a>' + CRLF\n  ? ::cHtml\n\nB)\n TEMPLATE\n  <a href=\"' +  hData[ \"rows\" ][ n ][ 1 ]  + '\" class=\"btn btn-info\" target=\"_blank\">Link  &ouml;ffnen<\/a>\n\nCódigo no funciona\n\n¿Cómo se pasa mejor una variable o HASH a HTML?"
                            }
                        ]
                    }
                ]
            }
        ]
    },
    {
        "client_msg_id": "28ae49fa-c1d6-4381-90bc-0f6644f00e15",
        "type": "message",
        "text": "TEMPLATE\n  &lt;a href=\"' + {{ hData[ \"rows\" ][ n ][ 1 ] }} + '\" class=\"btn btn-info\" target=\"_blank\"&gt;Link &amp;ouml;ffnen&lt;\/a&gt;  ??",
        "user": "UM81W8B0Q",
        "ts": "1593625134.413800",
        "team": "TJH5YU202",
        "user_team": "TJH5YU202",
        "source_team": "TJH5YU202",
        "user_profile": {
            "avatar_hash": "gab9279ee8c0",
            "image_72": "https:\/\/secure.gravatar.com\/avatar\/73ab9279ee8c00f66ce4904d30146c8f.jpg?s=72&d=https%3A%2F%2Fa.slack-edge.com%2Fdf10d%2Fimg%2Favatars%2Fava_0010-72.png",
            "first_name": "",
            "real_name": "Angel Pais",
            "display_name": "Angel Pais",
            "team": "TJH5YU202",
            "name": "amigosam",
            "is_restricted": false,
            "is_ultra_restricted": false
        },
        "blocks": [
            {
                "type": "rich_text",
                "block_id": "1uQwF",
                "elements": [
                    {
                        "type": "rich_text_section",
                        "elements": [
                            {
                                "type": "text",
                                "text": "TEMPLATE\n  <a href=\"' + {{ hData[ \"rows\" ][ n ][ 1 ] }} + '\" class=\"btn btn-info\" target=\"_blank\">Link &ouml;ffnen<\/a>  ??"
                            }
                        ]
                    }
                ]
            }
        ]
    },
    {
        "client_msg_id": "867078f9-7814-4f62-a386-a451719352a8",
        "type": "message",
        "text": "Hola, hemos finalizado la 1ª Session de MVC . Al final 18 !",
        "user": "UJWR5N32S",
        "ts": "1593625362.414500",
        "team": "TJH5YU202",
        "user_team": "TJH5YU202",
        "source_team": "TJH5YU202",
        "user_profile": {
            "avatar_hash": "273d3745f7ae",
            "image_72": "https:\/\/avatars.slack-edge.com\/2019-05-20\/634344238497_273d3745f7ae1b176b82_72.jpg",
            "first_name": "Charly",
            "real_name": "Charly",
            "display_name": "Charly",
            "team": "TJH5YU202",
            "name": "carles9000",
            "is_restricted": false,
            "is_ultra_restricted": false
        },
        "blocks": [
            {
                "type": "rich_text",
                "block_id": "TrWao",
                "elements": [
                    {
                        "type": "rich_text_section",
                        "elements": [
                            {
                                "type": "text",
                                "text": "Hola, hemos finalizado la 1ª Session de MVC . Al final 18 !"
                            }
                        ]
                    }
                ]
            }
        ],
        "reactions": [
            {
                "name": "clap",
                "users": [
                    "U015CUP1T5Z"
                ],
                "count": 1
            }
        ]
    },
    {
        "type": "message",
        "text": "",
        "files": [
            {
                "id": "F016DL8TAJX",
                "created": 1593625369,
                "timestamp": 1593625369,
                "name": "colonos.PNG",
                "title": "colonos.PNG",
                "mimetype": "image\/png",
                "filetype": "png",
                "pretty_type": "PNG",
                "user": "UJWR5N32S",
                "editable": false,
                "size": 847700,
                "mode": "hosted",
                "is_external": false,
                "external_type": "",
                "is_public": true,
                "public_url_shared": false,
                "display_as_bot": false,
                "username": "",
                "url_private": "https:\/\/files.slack.com\/files-pri\/TJH5YU202-F016DL8TAJX\/colonos.png?t=xoxe-629202954002-1307858988048-1296644259825-cbe9e6d0558bfb5b1a5a18db398692ce",
                "url_private_download": "https:\/\/files.slack.com\/files-pri\/TJH5YU202-F016DL8TAJX\/download\/colonos.png?t=xoxe-629202954002-1307858988048-1296644259825-cbe9e6d0558bfb5b1a5a18db398692ce",
                "thumb_64": "https:\/\/files.slack.com\/files-tmb\/TJH5YU202-F016DL8TAJX-5f1e74d0d8\/colonos_64.png?t=xoxe-629202954002-1307858988048-1296644259825-cbe9e6d0558bfb5b1a5a18db398692ce",
                "thumb_80": "https:\/\/files.slack.com\/files-tmb\/TJH5YU202-F016DL8TAJX-5f1e74d0d8\/colonos_80.png?t=xoxe-629202954002-1307858988048-1296644259825-cbe9e6d0558bfb5b1a5a18db398692ce",
                "thumb_360": "https:\/\/files.slack.com\/files-tmb\/TJH5YU202-F016DL8TAJX-5f1e74d0d8\/colonos_360.png?t=xoxe-629202954002-1307858988048-1296644259825-cbe9e6d0558bfb5b1a5a18db398692ce",
                "thumb_360_w": 360,
                "thumb_360_h": 207,
                "thumb_480": "https:\/\/files.slack.com\/files-tmb\/TJH5YU202-F016DL8TAJX-5f1e74d0d8\/colonos_480.png?t=xoxe-629202954002-1307858988048-1296644259825-cbe9e6d0558bfb5b1a5a18db398692ce",
                "thumb_480_w": 480,
                "thumb_480_h": 276,
                "thumb_160": "https:\/\/files.slack.com\/files-tmb\/TJH5YU202-F016DL8TAJX-5f1e74d0d8\/colonos_160.png?t=xoxe-629202954002-1307858988048-1296644259825-cbe9e6d0558bfb5b1a5a18db398692ce",
                "thumb_720": "https:\/\/files.slack.com\/files-tmb\/TJH5YU202-F016DL8TAJX-5f1e74d0d8\/colonos_720.png?t=xoxe-629202954002-1307858988048-1296644259825-cbe9e6d0558bfb5b1a5a18db398692ce",
                "thumb_720_w": 720,
                "thumb_720_h": 414,
                "thumb_800": "https:\/\/files.slack.com\/files-tmb\/TJH5YU202-F016DL8TAJX-5f1e74d0d8\/colonos_800.png?t=xoxe-629202954002-1307858988048-1296644259825-cbe9e6d0558bfb5b1a5a18db398692ce",
                "thumb_800_w": 800,
                "thumb_800_h": 460,
                "thumb_960": "https:\/\/files.slack.com\/files-tmb\/TJH5YU202-F016DL8TAJX-5f1e74d0d8\/colonos_960.png?t=xoxe-629202954002-1307858988048-1296644259825-cbe9e6d0558bfb5b1a5a18db398692ce",
                "thumb_960_w": 960,
                "thumb_960_h": 552,
                "thumb_1024": "https:\/\/files.slack.com\/files-tmb\/TJH5YU202-F016DL8TAJX-5f1e74d0d8\/colonos_1024.png?t=xoxe-629202954002-1307858988048-1296644259825-cbe9e6d0558bfb5b1a5a18db398692ce",
                "thumb_1024_w": 1024,
                "thumb_1024_h": 588,
                "original_w": 1312,
                "original_h": 754,
                "thumb_tiny": "AwAbADCGZ2LEZwBUcdyyHkkrUk3zLuXj1quQAMUAXw27ocU78vzqsrMoBwenWnLMSeD09aAJvxH50AEA8g85603zRgNu69KXzAQAWHPQGgCsrFeDyRSGMvllU470qjJYGphGu4DHagCBQWGMn2oIYtt\/iI61aSJN2NtSCNByFFAFERO4AAJAo8hiN2QAPWrTqN5A4B9KgI2SHbx+NAH\/2Q==",
                "permalink": "https:\/\/harbourproject.slack.com\/files\/UJWR5N32S\/F016DL8TAJX\/colonos.png",
                "permalink_public": "https:\/\/slack-files.com\/TJH5YU202-F016DL8TAJX-ea0df7c0bd",
                "is_starred": false,
                "has_rich_preview": false
            }
        ],
        "upload": false,
        "user": "UJWR5N32S",
        "display_as_bot": false,
        "ts": "1593625373.414600",
        "reactions": [
            {
                "name": "+1",
                "users": [
                    "UJUSD6VB2",
                    "UK28N3CER",
                    "UJN8D8U3B",
                    "UJUJLTWMT"
                ],
                "count": 4
            },
            {
                "name": "clap",
                "users": [
                    "U016JJSHGKB",
                    "U015CUP1T5Z",
                    "UJN8D8U3B"
                ],
                "count": 3
            }
        ]
    },
    {
        "client_msg_id": "577ffe03-3c5e-4b11-8ad1-a72171be8503",
        "type": "message",
        "text": "Gracias a los que habeis asistido y ahora a empezar a rascar...",
        "user": "UJWR5N32S",
        "ts": "1593625395.415400",
        "team": "TJH5YU202",
        "user_team": "TJH5YU202",
        "source_team": "TJH5YU202",
        "user_profile": {
            "avatar_hash": "273d3745f7ae",
            "image_72": "https:\/\/avatars.slack-edge.com\/2019-05-20\/634344238497_273d3745f7ae1b176b82_72.jpg",
            "first_name": "Charly",
            "real_name": "Charly",
            "display_name": "Charly",
            "team": "TJH5YU202",
            "name": "carles9000",
            "is_restricted": false,
            "is_ultra_restricted": false
        },
        "blocks": [
            {
                "type": "rich_text",
                "block_id": "f0g4d",
                "elements": [
                    {
                        "type": "rich_text_section",
                        "elements": [
                            {
                                "type": "text",
                                "text": "Gracias a los que habeis asistido y ahora a empezar a rascar..."
                            }
                        ]
                    }
                ]
            }
        ]
    },
    {
        "client_msg_id": "039952ee-9c66-4297-90a9-1f5829f407d1",
        "type": "message",
        "text": ":muscle:",
        "user": "UJWR5N32S",
        "ts": "1593625422.415600",
        "team": "TJH5YU202",
        "user_team": "TJH5YU202",
        "source_team": "TJH5YU202",
        "user_profile": {
            "avatar_hash": "273d3745f7ae",
            "image_72": "https:\/\/avatars.slack-edge.com\/2019-05-20\/634344238497_273d3745f7ae1b176b82_72.jpg",
            "first_name": "Charly",
            "real_name": "Charly",
            "display_name": "Charly",
            "team": "TJH5YU202",
            "name": "carles9000",
            "is_restricted": false,
            "is_ultra_restricted": false
        },
        "blocks": [
            {
                "type": "rich_text",
                "block_id": "GdK",
                "elements": [
                    {
                        "type": "rich_text_section",
                        "elements": [
                            {
                                "type": "emoji",
                                "name": "muscle"
                            }
                        ]
                    }
                ]
            }
        ]
    },
    {
        "client_msg_id": "e2351e5d-9ed2-495a-9492-6af7cb350e53",
        "type": "message",
        "text": "Angel, gracias, ¿cómo funciona eso con &lt;?prg ?&gt;\n¿Conoces los términos técnicos de esta técnica?",
        "user": "UJHD6A81H",
        "ts": "1593627633.417100",
        "team": "TJH5YU202",
        "user_team": "TJH5YU202",
        "source_team": "TJH5YU202",
        "user_profile": {
            "avatar_hash": "g6b8073e00e9",
            "image_72": "https:\/\/secure.gravatar.com\/avatar\/b96b8073e00e9eb02bcf05bc1418eb3a.jpg?s=72&d=https%3A%2F%2Fa.slack-edge.com%2Fdf10d%2Fimg%2Favatars%2Fava_0021-72.png",
            "first_name": "Otto",
            "real_name": "Otto Atzwanger",
            "display_name": "Otto",
            "team": "TJH5YU202",
            "name": "otto",
            "is_restricted": false,
            "is_ultra_restricted": false
        },
        "blocks": [
            {
                "type": "rich_text",
                "block_id": "gppCy",
                "elements": [
                    {
                        "type": "rich_text_section",
                        "elements": [
                            {
                                "type": "text",
                                "text": "Angel, gracias, ¿cómo funciona eso con <?prg ?>\n¿Conoces los términos técnicos de esta técnica?"
                            }
                        ]
                    }
                ]
            }
        ]
    },
    {
        "client_msg_id": "21ccb1f5-d28b-4621-b2be-0fad66d7dfaf",
        "type": "message",
        "text": "¿Me puede decir también cuándo pasar los parámetros en TEMPLATE PARAMS",
        "user": "UJHD6A81H",
        "ts": "1593627704.417400",
        "team": "TJH5YU202",
        "user_team": "TJH5YU202",
        "source_team": "TJH5YU202",
        "user_profile": {
            "avatar_hash": "g6b8073e00e9",
            "image_72": "https:\/\/secure.gravatar.com\/avatar\/b96b8073e00e9eb02bcf05bc1418eb3a.jpg?s=72&d=https%3A%2F%2Fa.slack-edge.com%2Fdf10d%2Fimg%2Favatars%2Fava_0021-72.png",
            "first_name": "Otto",
            "real_name": "Otto Atzwanger",
            "display_name": "Otto",
            "team": "TJH5YU202",
            "name": "otto",
            "is_restricted": false,
            "is_ultra_restricted": false
        },
        "blocks": [
            {
                "type": "rich_text",
                "block_id": "YCI\/",
                "elements": [
                    {
                        "type": "rich_text_section",
                        "elements": [
                            {
                                "type": "text",
                                "text": "¿Me puede decir también cuándo pasar los parámetros en TEMPLATE PARAMS"
                            }
                        ]
                    }
                ]
            }
        ]
    },
    {
        "client_msg_id": "78bb8788-4ea5-4bdc-9691-45a2c73beaf4",
        "type": "message",
        "text": "Charly lo puede explicar mejor",
        "user": "UM81W8B0Q",
        "ts": "1593627722.417600",
        "team": "TJH5YU202",
        "user_team": "TJH5YU202",
        "source_team": "TJH5YU202",
        "user_profile": {
            "avatar_hash": "gab9279ee8c0",
            "image_72": "https:\/\/secure.gravatar.com\/avatar\/73ab9279ee8c00f66ce4904d30146c8f.jpg?s=72&d=https%3A%2F%2Fa.slack-edge.com%2Fdf10d%2Fimg%2Favatars%2Fava_0010-72.png",
            "first_name": "",
            "real_name": "Angel Pais",
            "display_name": "Angel Pais",
            "team": "TJH5YU202",
            "name": "amigosam",
            "is_restricted": false,
            "is_ultra_restricted": false
        },
        "blocks": [
            {
                "type": "rich_text",
                "block_id": "mkACH",
                "elements": [
                    {
                        "type": "rich_text_section",
                        "elements": [
                            {
                                "type": "text",
                                "text": "Charly lo puede explicar mejor"
                            }
                        ]
                    }
                ]
            }
        ]
    },
    {
        "client_msg_id": "bc6d0cf6-9b1b-4a18-9f8f-890723cfc265",
        "type": "message",
        "text": "YO solo lo he visto",
        "user": "UM81W8B0Q",
        "ts": "1593627727.417800",
        "team": "TJH5YU202",
        "user_team": "TJH5YU202",
        "source_team": "TJH5YU202",
        "user_profile": {
            "avatar_hash": "gab9279ee8c0",
            "image_72": "https:\/\/secure.gravatar.com\/avatar\/73ab9279ee8c00f66ce4904d30146c8f.jpg?s=72&d=https%3A%2F%2Fa.slack-edge.com%2Fdf10d%2Fimg%2Favatars%2Fava_0010-72.png",
            "first_name": "",
            "real_name": "Angel Pais",
            "display_name": "Angel Pais",
            "team": "TJH5YU202",
            "name": "amigosam",
            "is_restricted": false,
            "is_ultra_restricted": false
        },
        "blocks": [
            {
                "type": "rich_text",
                "block_id": "nuo8",
                "elements": [
                    {
                        "type": "rich_text_section",
                        "elements": [
                            {
                                "type": "text",
                                "text": "YO solo lo he visto"
                            }
                        ]
                    }
                ]
            }
        ]
    },
    {
        "client_msg_id": "5ecab87d-9211-4411-8021-bd89547a568e",
        "type": "message",
        "text": "funciona parecido al &lt;?prg ?&gt;",
        "user": "UM81W8B0Q",
        "ts": "1593627759.418200",
        "team": "TJH5YU202",
        "user_team": "TJH5YU202",
        "source_team": "TJH5YU202",
        "user_profile": {
            "avatar_hash": "gab9279ee8c0",
            "image_72": "https:\/\/secure.gravatar.com\/avatar\/73ab9279ee8c00f66ce4904d30146c8f.jpg?s=72&d=https%3A%2F%2Fa.slack-edge.com%2Fdf10d%2Fimg%2Favatars%2Fava_0010-72.png",
            "first_name": "",
            "real_name": "Angel Pais",
            "display_name": "Angel Pais",
            "team": "TJH5YU202",
            "name": "amigosam",
            "is_restricted": false,
            "is_ultra_restricted": false
        },
        "blocks": [
            {
                "type": "rich_text",
                "block_id": "lop76",
                "elements": [
                    {
                        "type": "rich_text_section",
                        "elements": [
                            {
                                "type": "text",
                                "text": "funciona parecido al <?prg ?>"
                            }
                        ]
                    }
                ]
            }
        ]
    },
    {
        "client_msg_id": "d9c05081-8a68-439b-a229-dd0ef46f304e",
        "type": "message",
        "text": "todo lo que va entre {{  y }} se evalúa",
        "user": "UM81W8B0Q",
        "ts": "1593627776.418600",
        "team": "TJH5YU202",
        "user_team": "TJH5YU202",
        "source_team": "TJH5YU202",
        "user_profile": {
            "avatar_hash": "gab9279ee8c0",
            "image_72": "https:\/\/secure.gravatar.com\/avatar\/73ab9279ee8c00f66ce4904d30146c8f.jpg?s=72&d=https%3A%2F%2Fa.slack-edge.com%2Fdf10d%2Fimg%2Favatars%2Fava_0010-72.png",
            "first_name": "",
            "real_name": "Angel Pais",
            "display_name": "Angel Pais",
            "team": "TJH5YU202",
            "name": "amigosam",
            "is_restricted": false,
            "is_ultra_restricted": false
        },
        "blocks": [
            {
                "type": "rich_text",
                "block_id": "rg0B4",
                "elements": [
                    {
                        "type": "rich_text_section",
                        "elements": [
                            {
                                "type": "text",
                                "text": "todo lo que va entre {{  y }} se evalúa"
                            }
                        ]
                    }
                ]
            }
        ]
    },
    {
        "client_msg_id": "7836c3d8-2d31-4f0d-9723-c0b58235b3a0",
        "type": "message",
        "text": "Utilizo ambas variantes pero no sé cómo decir sobre los estilos.\n\nPrefiero TEMPLATE ENDTEXT.",
        "user": "UJHD6A81H",
        "ts": "1593628093.418800",
        "team": "TJH5YU202",
        "user_team": "TJH5YU202",
        "source_team": "TJH5YU202",
        "user_profile": {
            "avatar_hash": "g6b8073e00e9",
            "image_72": "https:\/\/secure.gravatar.com\/avatar\/b96b8073e00e9eb02bcf05bc1418eb3a.jpg?s=72&d=https%3A%2F%2Fa.slack-edge.com%2Fdf10d%2Fimg%2Favatars%2Fava_0021-72.png",
            "first_name": "Otto",
            "real_name": "Otto Atzwanger",
            "display_name": "Otto",
            "team": "TJH5YU202",
            "name": "otto",
            "is_restricted": false,
            "is_ultra_restricted": false
        },
        "blocks": [
            {
                "type": "rich_text",
                "block_id": "rRX0",
                "elements": [
                    {
                        "type": "rich_text_section",
                        "elements": [
                            {
                                "type": "text",
                                "text": "Utilizo ambas variantes pero no sé cómo decir sobre los estilos.\n\nPrefiero TEMPLATE ENDTEXT."
                            }
                        ]
                    }
                ]
            }
        ]
    },
    {
        "client_msg_id": "fa0d8d79-8635-4101-b5aa-8e9265b6b22e",
        "type": "message",
        "text": "el {{ evita tener que hacer strtran al final",
        "user": "UM81W8B0Q",
        "ts": "1593628136.419100",
        "team": "TJH5YU202",
        "user_team": "TJH5YU202",
        "source_team": "TJH5YU202",
        "user_profile": {
            "avatar_hash": "gab9279ee8c0",
            "image_72": "https:\/\/secure.gravatar.com\/avatar\/73ab9279ee8c00f66ce4904d30146c8f.jpg?s=72&d=https%3A%2F%2Fa.slack-edge.com%2Fdf10d%2Fimg%2Favatars%2Fava_0010-72.png",
            "first_name": "",
            "real_name": "Angel Pais",
            "display_name": "Angel Pais",
            "team": "TJH5YU202",
            "name": "amigosam",
            "is_restricted": false,
            "is_ultra_restricted": false
        },
        "blocks": [
            {
                "type": "rich_text",
                "block_id": "DgGrK",
                "elements": [
                    {
                        "type": "rich_text_section",
                        "elements": [
                            {
                                "type": "text",
                                "text": "el {{ evita tener que hacer strtran al final"
                            }
                        ]
                    }
                ]
            }
        ]
    },
    {
        "client_msg_id": "167e7d3d-947d-4165-98d3-cba19b25e911",
        "type": "message",
        "text": "Escribo en una ayuda y manual las cosas que aprendo sobre mod harbour. A menudo solo copio las conversaciones de SLACK. De vez en cuando embellezco los textos.",
        "user": "UJHD6A81H",
        "ts": "1593628295.419300",
        "team": "TJH5YU202",
        "user_team": "TJH5YU202",
        "source_team": "TJH5YU202",
        "user_profile": {
            "avatar_hash": "g6b8073e00e9",
            "image_72": "https:\/\/secure.gravatar.com\/avatar\/b96b8073e00e9eb02bcf05bc1418eb3a.jpg?s=72&d=https%3A%2F%2Fa.slack-edge.com%2Fdf10d%2Fimg%2Favatars%2Fava_0021-72.png",
            "first_name": "Otto",
            "real_name": "Otto Atzwanger",
            "display_name": "Otto",
            "team": "TJH5YU202",
            "name": "otto",
            "is_restricted": false,
            "is_ultra_restricted": false
        },
        "blocks": [
            {
                "type": "rich_text",
                "block_id": "ArDpF",
                "elements": [
                    {
                        "type": "rich_text_section",
                        "elements": [
                            {
                                "type": "text",
                                "text": "Escribo en una ayuda y manual las cosas que aprendo sobre mod harbour. A menudo solo copio las conversaciones de SLACK. De vez en cuando embellezco los textos."
                            }
                        ]
                    }
                ]
            }
        ]
    },
    {
        "client_msg_id": "a5aecaf5-bfcf-4988-8bce-1831aa014d38",
        "type": "message",
        "text": "todo sirve",
        "user": "UM81W8B0Q",
        "ts": "1593628335.419500",
        "team": "TJH5YU202",
        "user_team": "TJH5YU202",
        "source_team": "TJH5YU202",
        "user_profile": {
            "avatar_hash": "gab9279ee8c0",
            "image_72": "https:\/\/secure.gravatar.com\/avatar\/73ab9279ee8c00f66ce4904d30146c8f.jpg?s=72&d=https%3A%2F%2Fa.slack-edge.com%2Fdf10d%2Fimg%2Favatars%2Fava_0010-72.png",
            "first_name": "",
            "real_name": "Angel Pais",
            "display_name": "Angel Pais",
            "team": "TJH5YU202",
            "name": "amigosam",
            "is_restricted": false,
            "is_ultra_restricted": false
        },
        "blocks": [
            {
                "type": "rich_text",
                "block_id": "gHhz",
                "elements": [
                    {
                        "type": "rich_text_section",
                        "elements": [
                            {
                                "type": "text",
                                "text": "todo sirve"
                            }
                        ]
                    }
                ]
            }
        ]
    },
    {
        "client_msg_id": "8bfbb091-64ab-4b10-9262-c6c7e237871b",
        "type": "message",
        "text": "algún día se compilará todo en algo que se parezca a un manual",
        "user": "UM81W8B0Q",
        "ts": "1593628358.420000",
        "team": "TJH5YU202",
        "user_team": "TJH5YU202",
        "source_team": "TJH5YU202",
        "user_profile": {
            "avatar_hash": "gab9279ee8c0",
            "image_72": "https:\/\/secure.gravatar.com\/avatar\/73ab9279ee8c00f66ce4904d30146c8f.jpg?s=72&d=https%3A%2F%2Fa.slack-edge.com%2Fdf10d%2Fimg%2Favatars%2Fava_0010-72.png",
            "first_name": "",
            "real_name": "Angel Pais",
            "display_name": "Angel Pais",
            "team": "TJH5YU202",
            "name": "amigosam",
            "is_restricted": false,
            "is_ultra_restricted": false
        },
        "blocks": [
            {
                "type": "rich_text",
                "block_id": "bNA",
                "elements": [
                    {
                        "type": "rich_text_section",
                        "elements": [
                            {
                                "type": "text",
                                "text": "algún día se compilará todo en algo que se parezca a un manual"
                            }
                        ]
                    }
                ]
            }
        ]
    },
    {
        "type": "message",
        "text": "",
        "files": [
            {
                "id": "F016KNUAS92",
                "created": 1593628310,
                "timestamp": 1593628310,
                "name": "grafik.png",
                "title": "grafik.png",
                "mimetype": "image\/png",
                "filetype": "png",
                "pretty_type": "PNG",
                "user": "UJHD6A81H",
                "editable": false,
                "size": 72105,
                "mode": "hosted",
                "is_external": false,
                "external_type": "",
                "is_public": true,
                "public_url_shared": false,
                "display_as_bot": false,
                "username": "",
                "url_private": "https:\/\/files.slack.com\/files-pri\/TJH5YU202-F016KNUAS92\/grafik.png?t=xoxe-629202954002-1307858988048-1296644259825-cbe9e6d0558bfb5b1a5a18db398692ce",
                "url_private_download": "https:\/\/files.slack.com\/files-pri\/TJH5YU202-F016KNUAS92\/download\/grafik.png?t=xoxe-629202954002-1307858988048-1296644259825-cbe9e6d0558bfb5b1a5a18db398692ce",
                "thumb_64": "https:\/\/files.slack.com\/files-tmb\/TJH5YU202-F016KNUAS92-da60e3dcaa\/grafik_64.png?t=xoxe-629202954002-1307858988048-1296644259825-cbe9e6d0558bfb5b1a5a18db398692ce",
                "thumb_80": "https:\/\/files.slack.com\/files-tmb\/TJH5YU202-F016KNUAS92-da60e3dcaa\/grafik_80.png?t=xoxe-629202954002-1307858988048-1296644259825-cbe9e6d0558bfb5b1a5a18db398692ce",
                "thumb_360": "https:\/\/files.slack.com\/files-tmb\/TJH5YU202-F016KNUAS92-da60e3dcaa\/grafik_360.png?t=xoxe-629202954002-1307858988048-1296644259825-cbe9e6d0558bfb5b1a5a18db398692ce",
                "thumb_360_w": 157,
                "thumb_360_h": 360,
                "thumb_480": "https:\/\/files.slack.com\/files-tmb\/TJH5YU202-F016KNUAS92-da60e3dcaa\/grafik_480.png?t=xoxe-629202954002-1307858988048-1296644259825-cbe9e6d0558bfb5b1a5a18db398692ce",
                "thumb_480_w": 209,
                "thumb_480_h": 480,
                "thumb_160": "https:\/\/files.slack.com\/files-tmb\/TJH5YU202-F016KNUAS92-da60e3dcaa\/grafik_160.png?t=xoxe-629202954002-1307858988048-1296644259825-cbe9e6d0558bfb5b1a5a18db398692ce",
                "thumb_720": "https:\/\/files.slack.com\/files-tmb\/TJH5YU202-F016KNUAS92-da60e3dcaa\/grafik_720.png?t=xoxe-629202954002-1307858988048-1296644259825-cbe9e6d0558bfb5b1a5a18db398692ce",
                "thumb_720_w": 314,
                "thumb_720_h": 720,
                "thumb_800": "https:\/\/files.slack.com\/files-tmb\/TJH5YU202-F016KNUAS92-da60e3dcaa\/grafik_800.png?t=xoxe-629202954002-1307858988048-1296644259825-cbe9e6d0558bfb5b1a5a18db398692ce",
                "thumb_800_w": 349,
                "thumb_800_h": 800,
                "thumb_960": "https:\/\/files.slack.com\/files-tmb\/TJH5YU202-F016KNUAS92-da60e3dcaa\/grafik_960.png?t=xoxe-629202954002-1307858988048-1296644259825-cbe9e6d0558bfb5b1a5a18db398692ce",
                "thumb_960_w": 418,
                "thumb_960_h": 960,
                "thumb_1024": "https:\/\/files.slack.com\/files-tmb\/TJH5YU202-F016KNUAS92-da60e3dcaa\/grafik_1024.png?t=xoxe-629202954002-1307858988048-1296644259825-cbe9e6d0558bfb5b1a5a18db398692ce",
                "thumb_1024_w": 446,
                "thumb_1024_h": 1024,
                "original_w": 575,
                "original_h": 1319,
                "thumb_tiny": "AwAwABTRAA4HFLimn72afQAxuDSU5utNoAdzup1M\/i70\/FADW602lbrSUAOP3qUD603I3dadketADW60lKx5pKAP\/9k=",
                "permalink": "https:\/\/harbourproject.slack.com\/files\/UJHD6A81H\/F016KNUAS92\/grafik.png",
                "permalink_public": "https:\/\/slack-files.com\/TJH5YU202-F016KNUAS92-97aa61494c",
                "is_starred": false,
                "has_rich_preview": false
            }
        ],
        "upload": false,
        "user": "UJHD6A81H",
        "display_as_bot": false,
        "ts": "1593628368.420100"
    },
    {
        "client_msg_id": "473fc0e3-8a30-4cf5-9a63-6fdbf6ef0cd2",
        "type": "message",
        "text": "is it open source ?",
        "user": "UM81W8B0Q",
        "ts": "1593628396.420600",
        "team": "TJH5YU202",
        "user_team": "TJH5YU202",
        "source_team": "TJH5YU202",
        "user_profile": {
            "avatar_hash": "gab9279ee8c0",
            "image_72": "https:\/\/secure.gravatar.com\/avatar\/73ab9279ee8c00f66ce4904d30146c8f.jpg?s=72&d=https%3A%2F%2Fa.slack-edge.com%2Fdf10d%2Fimg%2Favatars%2Fava_0010-72.png",
            "first_name": "",
            "real_name": "Angel Pais",
            "display_name": "Angel Pais",
            "team": "TJH5YU202",
            "name": "amigosam",
            "is_restricted": false,
            "is_ultra_restricted": false
        },
        "blocks": [
            {
                "type": "rich_text",
                "block_id": "GWZ",
                "elements": [
                    {
                        "type": "rich_text_section",
                        "elements": [
                            {
                                "type": "text",
                                "text": "is it open source ?"
                            }
                        ]
                    }
                ]
            }
        ]
    },
    {
        "client_msg_id": "67879fd9-04be-4c8a-b4e8-86ec99d19334",
        "type": "message",
        "text": "Tiene solo la calidad para uso interno.",
        "user": "UJHD6A81H",
        "ts": "1593628671.420800",
        "team": "TJH5YU202",
        "user_team": "TJH5YU202",
        "source_team": "TJH5YU202",
        "user_profile": {
            "avatar_hash": "g6b8073e00e9",
            "image_72": "https:\/\/secure.gravatar.com\/avatar\/b96b8073e00e9eb02bcf05bc1418eb3a.jpg?s=72&d=https%3A%2F%2Fa.slack-edge.com%2Fdf10d%2Fimg%2Favatars%2Fava_0021-72.png",
            "first_name": "Otto",
            "real_name": "Otto Atzwanger",
            "display_name": "Otto",
            "team": "TJH5YU202",
            "name": "otto",
            "is_restricted": false,
            "is_ultra_restricted": false
        },
        "blocks": [
            {
                "type": "rich_text",
                "block_id": "GHh5v",
                "elements": [
                    {
                        "type": "rich_text_section",
                        "elements": [
                            {
                                "type": "text",
                                "text": "Tiene solo la calidad para uso interno."
                            }
                        ]
                    }
                ]
            }
        ]
    },
    {
        "client_msg_id": "ca90d340-374b-4785-be66-d6d367a44a7d",
        "type": "message",
        "text": "no importa",
        "user": "UM81W8B0Q",
        "ts": "1593628813.421000",
        "team": "TJH5YU202",
        "user_team": "TJH5YU202",
        "source_team": "TJH5YU202",
        "user_profile": {
            "avatar_hash": "gab9279ee8c0",
            "image_72": "https:\/\/secure.gravatar.com\/avatar\/73ab9279ee8c00f66ce4904d30146c8f.jpg?s=72&d=https%3A%2F%2Fa.slack-edge.com%2Fdf10d%2Fimg%2Favatars%2Fava_0010-72.png",
            "first_name": "",
            "real_name": "Angel Pais",
            "display_name": "Angel Pais",
            "team": "TJH5YU202",
            "name": "amigosam",
            "is_restricted": false,
            "is_ultra_restricted": false
        },
        "blocks": [
            {
                "type": "rich_text",
                "block_id": "oE7Mg",
                "elements": [
                    {
                        "type": "rich_text_section",
                        "elements": [
                            {
                                "type": "text",
                                "text": "no importa"
                            }
                        ]
                    }
                ]
            }
        ]
    },
    {
        "client_msg_id": "7f3438bf-17d4-43a0-adb3-fd8a77343d28",
        "type": "message",
        "text": "pienso que si pusieras eso en github la gente podría agregarle cambios aquí y alla",
        "user": "UM81W8B0Q",
        "ts": "1593628837.421600",
        "team": "TJH5YU202",
        "user_team": "TJH5YU202",
        "source_team": "TJH5YU202",
        "user_profile": {
            "avatar_hash": "gab9279ee8c0",
            "image_72": "https:\/\/secure.gravatar.com\/avatar\/73ab9279ee8c00f66ce4904d30146c8f.jpg?s=72&d=https%3A%2F%2Fa.slack-edge.com%2Fdf10d%2Fimg%2Favatars%2Fava_0010-72.png",
            "first_name": "",
            "real_name": "Angel Pais",
            "display_name": "Angel Pais",
            "team": "TJH5YU202",
            "name": "amigosam",
            "is_restricted": false,
            "is_ultra_restricted": false
        },
        "edited": {
            "user": "UM81W8B0Q",
            "ts": "1593628883.000000"
        },
        "blocks": [
            {
                "type": "rich_text",
                "block_id": "DkK3h",
                "elements": [
                    {
                        "type": "rich_text_section",
                        "elements": [
                            {
                                "type": "text",
                                "text": "pienso que si pusieras eso en github la gente podría agregarle cambios aquí y alla"
                            }
                        ]
                    }
                ]
            }
        ]
    },
    {
        "client_msg_id": "5043bae8-0be5-41c3-9bd2-bb8b67c088e8",
        "type": "message",
        "text": "la calidad visual es otro tema",
        "user": "UM81W8B0Q",
        "ts": "1593628846.422000",
        "team": "TJH5YU202",
        "user_team": "TJH5YU202",
        "source_team": "TJH5YU202",
        "user_profile": {
            "avatar_hash": "gab9279ee8c0",
            "image_72": "https:\/\/secure.gravatar.com\/avatar\/73ab9279ee8c00f66ce4904d30146c8f.jpg?s=72&d=https%3A%2F%2Fa.slack-edge.com%2Fdf10d%2Fimg%2Favatars%2Fava_0010-72.png",
            "first_name": "",
            "real_name": "Angel Pais",
            "display_name": "Angel Pais",
            "team": "TJH5YU202",
            "name": "amigosam",
            "is_restricted": false,
            "is_ultra_restricted": false
        },
        "blocks": [
            {
                "type": "rich_text",
                "block_id": "2CFC",
                "elements": [
                    {
                        "type": "rich_text_section",
                        "elements": [
                            {
                                "type": "text",
                                "text": "la calidad visual es otro tema"
                            }
                        ]
                    }
                ]
            }
        ]
    },
    {
        "client_msg_id": "1641f9e0-077a-44cb-a894-f81c492555c5",
        "type": "message",
        "text": "Creo que no es tan interesante porque se trata principalmente de HARBOURINO. He compartido un enlace antes.",
        "user": "UJHD6A81H",
        "ts": "1593629508.422400",
        "team": "TJH5YU202",
        "user_team": "TJH5YU202",
        "source_team": "TJH5YU202",
        "user_profile": {
            "avatar_hash": "g6b8073e00e9",
            "image_72": "https:\/\/secure.gravatar.com\/avatar\/b96b8073e00e9eb02bcf05bc1418eb3a.jpg?s=72&d=https%3A%2F%2Fa.slack-edge.com%2Fdf10d%2Fimg%2Favatars%2Fava_0021-72.png",
            "first_name": "Otto",
            "real_name": "Otto Atzwanger",
            "display_name": "Otto",
            "team": "TJH5YU202",
            "name": "otto",
            "is_restricted": false,
            "is_ultra_restricted": false
        },
        "blocks": [
            {
                "type": "rich_text",
                "block_id": "URUMk",
                "elements": [
                    {
                        "type": "rich_text_section",
                        "elements": [
                            {
                                "type": "text",
                                "text": "Creo que no es tan interesante porque se trata principalmente de HARBOURINO. He compartido un enlace antes."
                            }
                        ]
                    }
                ]
            }
        ]
    },
    {
        "client_msg_id": "c68db656-a201-4157-b33d-5182466761cd",
        "type": "message",
        "text": "<https:\/\/winhotel.space\/harbourino\/html\/index.html>",
        "user": "UJHD6A81H",
        "ts": "1593629579.422600",
        "team": "TJH5YU202",
        "user_team": "TJH5YU202",
        "source_team": "TJH5YU202",
        "user_profile": {
            "avatar_hash": "g6b8073e00e9",
            "image_72": "https:\/\/secure.gravatar.com\/avatar\/b96b8073e00e9eb02bcf05bc1418eb3a.jpg?s=72&d=https%3A%2F%2Fa.slack-edge.com%2Fdf10d%2Fimg%2Favatars%2Fava_0021-72.png",
            "first_name": "Otto",
            "real_name": "Otto Atzwanger",
            "display_name": "Otto",
            "team": "TJH5YU202",
            "name": "otto",
            "is_restricted": false,
            "is_ultra_restricted": false
        },
        "blocks": [
            {
                "type": "rich_text",
                "block_id": "mX8d",
                "elements": [
                    {
                        "type": "rich_text_section",
                        "elements": [
                            {
                                "type": "link",
                                "url": "https:\/\/winhotel.space\/harbourino\/html\/index.html"
                            }
                        ]
                    }
                ]
            }
        ]
    },
    {
        "client_msg_id": "dcaf0ec6-fd46-4805-9e88-21e6aeb2cbe2",
        "type": "message",
        "text": "La sección sobre GENESIS puede ser interesante. Realmente lo resolví en ese entonces. Casi siempre uso el ejemplo ahora.",
        "user": "UJHD6A81H",
        "ts": "1593629643.422800",
        "team": "TJH5YU202",
        "user_team": "TJH5YU202",
        "source_team": "TJH5YU202",
        "user_profile": {
            "avatar_hash": "g6b8073e00e9",
            "image_72": "https:\/\/secure.gravatar.com\/avatar\/b96b8073e00e9eb02bcf05bc1418eb3a.jpg?s=72&d=https%3A%2F%2Fa.slack-edge.com%2Fdf10d%2Fimg%2Favatars%2Fava_0021-72.png",
            "first_name": "Otto",
            "real_name": "Otto Atzwanger",
            "display_name": "Otto",
            "team": "TJH5YU202",
            "name": "otto",
            "is_restricted": false,
            "is_ultra_restricted": false
        },
        "blocks": [
            {
                "type": "rich_text",
                "block_id": "0opEj",
                "elements": [
                    {
                        "type": "rich_text_section",
                        "elements": [
                            {
                                "type": "text",
                                "text": "La sección sobre GENESIS puede ser interesante. Realmente lo resolví en ese entonces. Casi siempre uso el ejemplo ahora."
                            }
                        ]
                    }
                ]
            }
        ]
    },
    {
        "type": "message",
        "text": "No sé si hay términos técnicos muy extendidos, pero \"concatenación\" vs \"templating\/plantillas\" parece lo típico.",
        "user": "UNAHBRTFA",
        "ts": "1593631129.422900",
        "team": "TJH5YU202",
        "user_team": "TJH5YU202",
        "source_team": "TJH5YU202",
        "user_profile": {
            "avatar_hash": "g3d2a3f4c28c",
            "image_72": "https:\/\/secure.gravatar.com\/avatar\/23d2a3f4c28cebb4cf07e48d02620517.jpg?s=72&d=https%3A%2F%2Fa.slack-edge.com%2Fdf10d%2Fimg%2Favatars%2Fava_0020-72.png",
            "first_name": "Andreu",
            "real_name": "Andreu Botella",
            "display_name": "Andreu Botella",
            "team": "TJH5YU202",
            "name": "andreu.132",
            "is_restricted": false,
            "is_ultra_restricted": false
        },
        "attachments": [
            {
                "fallback": "[July 1st, 2020 7:07 PM] otto: ¿Cuáles son los términos técnicos para estos dos métodos de programación?\nA)\n\n ::cHtml += ' &lt;a href=\"' +  hData[ \"rows\" ][ n ][ 1 ]  + '\" class=\"btn btn-info\" target=\"_blank\"&gt;Link  &amp;ouml;ffnen&lt;\/a&gt;' + CRLF\n  ? ::cHtml\n\nB)\n TEMPLATE\n  &lt;a href=\"' +  hData[ \"rows\" ][ n ][ 1 ]  + '\" class=\"btn btn-info\" target=\"_blank\"&gt;Link  &amp;ouml;ffnen&lt;\/a&gt;\n\nCódigo no funciona\n\n¿Cómo se pasa mejor una variable o HASH a HTML?",
                "ts": "1593623266.413300",
                "author_id": "UJHD6A81H",
                "author_subname": "Otto Atzwanger",
                "channel_id": "CJUHF8SBX",
                "channel_name": "modharbour",
                "is_msg_unfurl": true,
                "text": "¿Cuáles son los términos técnicos para estos dos métodos de programación?\nA)\n\n ::cHtml += ' &lt;a href=\"' +  hData[ \"rows\" ][ n ][ 1 ]  + '\" class=\"btn btn-info\" target=\"_blank\"&gt;Link  &amp;ouml;ffnen&lt;\/a&gt;' + CRLF\n  ? ::cHtml\n\nB)\n TEMPLATE\n  &lt;a href=\"' +  hData[ \"rows\" ][ n ][ 1 ]  + '\" class=\"btn btn-info\" target=\"_blank\"&gt;Link  &amp;ouml;ffnen&lt;\/a&gt;\n\nCódigo no funciona\n\n¿Cómo se pasa mejor una variable o HASH a HTML?",
                "author_name": "Otto Atzwanger",
                "author_link": "https:\/\/harbourproject.slack.com\/team\/UJHD6A81H",
                "author_icon": "https:\/\/secure.gravatar.com\/avatar\/b96b8073e00e9eb02bcf05bc1418eb3a.jpg?s=48&d=https%3A%2F%2Fa.slack-edge.com%2Fdf10d%2Fimg%2Favatars%2Fava_0021-48.png",
                "mrkdwn_in": [
                    "text"
                ],
                "color": "D0D0D0",
                "from_url": "https:\/\/harbourproject.slack.com\/archives\/CJUHF8SBX\/p1593623266413300",
                "is_share": true,
                "footer": "Publicado en #modharbour"
            }
        ],
        "blocks": [
            {
                "type": "rich_text",
                "block_id": "qHfD",
                "elements": [
                    {
                        "type": "rich_text_section",
                        "elements": [
                            {
                                "type": "text",
                                "text": "No sé si hay términos técnicos muy extendidos, pero \"concatenación\" vs \"templating\/plantillas\" parece lo típico."
                            }
                        ]
                    }
                ]
            }
        ]
    },
    {
        "client_msg_id": "dad38212-d84c-4f22-be49-ce629ce758cc",
        "type": "message",
        "text": "Y dejando de lado la parte de cómo pasar una variable en el código, asegúrate de escaparla",
        "user": "UNAHBRTFA",
        "ts": "1593631245.423500",
        "team": "TJH5YU202",
        "user_team": "TJH5YU202",
        "source_team": "TJH5YU202",
        "user_profile": {
            "avatar_hash": "g3d2a3f4c28c",
            "image_72": "https:\/\/secure.gravatar.com\/avatar\/23d2a3f4c28cebb4cf07e48d02620517.jpg?s=72&d=https%3A%2F%2Fa.slack-edge.com%2Fdf10d%2Fimg%2Favatars%2Fava_0020-72.png",
            "first_name": "Andreu",
            "real_name": "Andreu Botella",
            "display_name": "Andreu Botella",
            "team": "TJH5YU202",
            "name": "andreu.132",
            "is_restricted": false,
            "is_ultra_restricted": false
        },
        "blocks": [
            {
                "type": "rich_text",
                "block_id": "jn\/5",
                "elements": [
                    {
                        "type": "rich_text_section",
                        "elements": [
                            {
                                "type": "text",
                                "text": "Y dejando de lado la parte de cómo pasar una variable en el código, asegúrate de escaparla"
                            }
                        ]
                    }
                ]
            }
        ]
    },
    {
        "client_msg_id": "66cc67ee-d28e-4597-b275-efce1be887b8",
        "type": "message",
        "text": "```::cHtml += \"&lt;p&gt;\" + escaparHtmlSuelto(var) + \"&lt;\/p&gt;\"\n::cHtml += '&lt;a href=\"' + escaparAtributoHtml(var) + '\"&gt;'\n::cHtml += \"&lt;script&gt;var a = \" + hb_jsonEncode(var) + \";&lt;\/script&gt;\"```",
        "user": "UNAHBRTFA",
        "ts": "1593631430.426100",
        "team": "TJH5YU202",
        "user_team": "TJH5YU202",
        "source_team": "TJH5YU202",
        "user_profile": {
            "avatar_hash": "g3d2a3f4c28c",
            "image_72": "https:\/\/secure.gravatar.com\/avatar\/23d2a3f4c28cebb4cf07e48d02620517.jpg?s=72&d=https%3A%2F%2Fa.slack-edge.com%2Fdf10d%2Fimg%2Favatars%2Fava_0020-72.png",
            "first_name": "Andreu",
            "real_name": "Andreu Botella",
            "display_name": "Andreu Botella",
            "team": "TJH5YU202",
            "name": "andreu.132",
            "is_restricted": false,
            "is_ultra_restricted": false
        },
        "blocks": [
            {
                "type": "rich_text",
                "block_id": "Akm3",
                "elements": [
                    {
                        "type": "rich_text_preformatted",
                        "elements": [
                            {
                                "type": "text",
                                "text": "::cHtml += \"<p>\" + escaparHtmlSuelto(var) + \"<\/p>\"\n::cHtml += '<a href=\"' + escaparAtributoHtml(var) + '\">'\n::cHtml += \"<script>var a = \" + hb_jsonEncode(var) + \";<\/script>\""
                            }
                        ]
                    }
                ]
            }
        ],
        "reactions": [
            {
                "name": "+1",
                "users": [
                    "UK28N3CER"
                ],
                "count": 1
            }
        ]
    },
    {
        "client_msg_id": "957785fd-51c9-4d0a-9fc7-e6340d759dc6",
        "type": "message",
        "text": "`escaparHtmlSuelto` y `escaparAtributoHtml` pueden ser la misma función",
        "user": "UNAHBRTFA",
        "ts": "1593631486.426800",
        "team": "TJH5YU202",
        "user_team": "TJH5YU202",
        "source_team": "TJH5YU202",
        "user_profile": {
            "avatar_hash": "g3d2a3f4c28c",
            "image_72": "https:\/\/secure.gravatar.com\/avatar\/23d2a3f4c28cebb4cf07e48d02620517.jpg?s=72&d=https%3A%2F%2Fa.slack-edge.com%2Fdf10d%2Fimg%2Favatars%2Fava_0020-72.png",
            "first_name": "Andreu",
            "real_name": "Andreu Botella",
            "display_name": "Andreu Botella",
            "team": "TJH5YU202",
            "name": "andreu.132",
            "is_restricted": false,
            "is_ultra_restricted": false
        },
        "blocks": [
            {
                "type": "rich_text",
                "block_id": "S8MaS",
                "elements": [
                    {
                        "type": "rich_text_section",
                        "elements": [
                            {
                                "type": "text",
                                "text": "escaparHtmlSuelto",
                                "style": {
                                    "code": true
                                }
                            },
                            {
                                "type": "text",
                                "text": " y "
                            },
                            {
                                "type": "text",
                                "text": "escaparAtributoHtml",
                                "style": {
                                    "code": true
                                }
                            },
                            {
                                "type": "text",
                                "text": " pueden ser la misma función"
                            }
                        ]
                    }
                ]
            }
        ]
    },
    {
        "client_msg_id": "4d11c18c-75b0-440e-8cb5-b8122f579159",
        "type": "message",
        "text": "eso sí, en un script no puedes meter una cadena que incluye `&lt;\/script&gt;`, incluso con estos escapes",
        "user": "UNAHBRTFA",
        "ts": "1593631564.427800",
        "team": "TJH5YU202",
        "user_team": "TJH5YU202",
        "source_team": "TJH5YU202",
        "user_profile": {
            "avatar_hash": "g3d2a3f4c28c",
            "image_72": "https:\/\/secure.gravatar.com\/avatar\/23d2a3f4c28cebb4cf07e48d02620517.jpg?s=72&d=https%3A%2F%2Fa.slack-edge.com%2Fdf10d%2Fimg%2Favatars%2Fava_0020-72.png",
            "first_name": "Andreu",
            "real_name": "Andreu Botella",
            "display_name": "Andreu Botella",
            "team": "TJH5YU202",
            "name": "andreu.132",
            "is_restricted": false,
            "is_ultra_restricted": false
        },
        "blocks": [
            {
                "type": "rich_text",
                "block_id": "1AB",
                "elements": [
                    {
                        "type": "rich_text_section",
                        "elements": [
                            {
                                "type": "text",
                                "text": "eso sí, en un script no puedes meter una cadena que incluye "
                            },
                            {
                                "type": "text",
                                "text": "<\/script>",
                                "style": {
                                    "code": true
                                }
                            },
                            {
                                "type": "text",
                                "text": ", incluso con estos escapes"
                            }
                        ]
                    }
                ]
            }
        ]
    },
    {
        "client_msg_id": "5790874d-0ec7-4b39-89cd-99a0a457482c",
        "type": "message",
        "text": "tendrías que hacer `&lt;\/scr\" + \"ipt&gt;`, porque el parser de HTML no entiende de js",
        "user": "UNAHBRTFA",
        "ts": "1593631589.428400",
        "team": "TJH5YU202",
        "user_team": "TJH5YU202",
        "source_team": "TJH5YU202",
        "user_profile": {
            "avatar_hash": "g3d2a3f4c28c",
            "image_72": "https:\/\/secure.gravatar.com\/avatar\/23d2a3f4c28cebb4cf07e48d02620517.jpg?s=72&d=https%3A%2F%2Fa.slack-edge.com%2Fdf10d%2Fimg%2Favatars%2Fava_0020-72.png",
            "first_name": "Andreu",
            "real_name": "Andreu Botella",
            "display_name": "Andreu Botella",
            "team": "TJH5YU202",
            "name": "andreu.132",
            "is_restricted": false,
            "is_ultra_restricted": false
        },
        "edited": {
            "user": "UNAHBRTFA",
            "ts": "1593631759.000000"
        },
        "blocks": [
            {
                "type": "rich_text",
                "block_id": "6D4",
                "elements": [
                    {
                        "type": "rich_text_section",
                        "elements": [
                            {
                                "type": "text",
                                "text": "tendrías que hacer "
                            },
                            {
                                "type": "text",
                                "text": "<\/scr\" + \"ipt>",
                                "style": {
                                    "code": true
                                }
                            },
                            {
                                "type": "text",
                                "text": ", porque el parser de HTML no entiende de js"
                            }
                        ]
                    }
                ]
            }
        ]
    },
    {
        "client_msg_id": "917d1c41-89b2-4a5c-acb4-980b3e5078b8",
        "type": "message",
        "text": "Andreu, gracias.",
        "user": "UJHD6A81H",
        "ts": "1593632138.429000",
        "team": "TJH5YU202",
        "user_team": "TJH5YU202",
        "source_team": "TJH5YU202",
        "user_profile": {
            "avatar_hash": "g6b8073e00e9",
            "image_72": "https:\/\/secure.gravatar.com\/avatar\/b96b8073e00e9eb02bcf05bc1418eb3a.jpg?s=72&d=https%3A%2F%2Fa.slack-edge.com%2Fdf10d%2Fimg%2Favatars%2Fava_0021-72.png",
            "first_name": "Otto",
            "real_name": "Otto Atzwanger",
            "display_name": "Otto",
            "team": "TJH5YU202",
            "name": "otto",
            "is_restricted": false,
            "is_ultra_restricted": false
        },
        "blocks": [
            {
                "type": "rich_text",
                "block_id": "fKfx",
                "elements": [
                    {
                        "type": "rich_text_section",
                        "elements": [
                            {
                                "type": "text",
                                "text": "Andreu, gracias."
                            }
                        ]
                    }
                ]
            }
        ]
    },
    {
        "client_msg_id": "773e762c-35bf-4c6f-b8d0-a4991fab575c",
        "type": "message",
        "text": "de nada",
        "user": "UNAHBRTFA",
        "ts": "1593632150.429200",
        "team": "TJH5YU202",
        "user_team": "TJH5YU202",
        "source_team": "TJH5YU202",
        "user_profile": {
            "avatar_hash": "g3d2a3f4c28c",
            "image_72": "https:\/\/secure.gravatar.com\/avatar\/23d2a3f4c28cebb4cf07e48d02620517.jpg?s=72&d=https%3A%2F%2Fa.slack-edge.com%2Fdf10d%2Fimg%2Favatars%2Fava_0020-72.png",
            "first_name": "Andreu",
            "real_name": "Andreu Botella",
            "display_name": "Andreu Botella",
            "team": "TJH5YU202",
            "name": "andreu.132",
            "is_restricted": false,
            "is_ultra_restricted": false
        },
        "blocks": [
            {
                "type": "rich_text",
                "block_id": "IoB",
                "elements": [
                    {
                        "type": "rich_text_section",
                        "elements": [
                            {
                                "type": "text",
                                "text": "de nada"
                            }
                        ]
                    }
                ]
            }
        ]
    },
    {
        "client_msg_id": "81c57041-9d18-4bce-ac9a-6b144f21a45d",
        "type": "message",
        "text": "A) Concatenation\nB) Embebed (html)",
        "user": "UJULQCHL5",
        "ts": "1593638994.429900",
        "team": "TJH5YU202",
        "user_team": "TJH5YU202",
        "source_team": "TJH5YU202",
        "user_profile": {
            "avatar_hash": "g7659142325a",
            "image_72": "https:\/\/secure.gravatar.com\/avatar\/c87659142325a3facb661d85281ec091.jpg?s=72&d=https%3A%2F%2Fa.slack-edge.com%2Fdf10d%2Fimg%2Favatars%2Fava_0003-72.png",
            "first_name": "",
            "real_name": "Paquito",
            "display_name": "Paquito",
            "team": "TJH5YU202",
            "name": "hmpaquito",
            "is_restricted": false,
            "is_ultra_restricted": false
        },
        "blocks": [
            {
                "type": "rich_text",
                "block_id": "rZFC",
                "elements": [
                    {
                        "type": "rich_text_section",
                        "elements": [
                            {
                                "type": "text",
                                "text": "A) Concatenation\nB) Embebed (html)"
                            }
                        ]
                    }
                ]
            }
        ]
    },
    {
        "client_msg_id": "002e9c03-fb54-4fc2-912d-a3a164593a52",
        "type": "message",
        "text": "Embebedization ??",
        "user": "UM81W8B0Q",
        "ts": "1593639799.430200",
        "team": "TJH5YU202",
        "user_team": "TJH5YU202",
        "source_team": "TJH5YU202",
        "user_profile": {
            "avatar_hash": "gab9279ee8c0",
            "image_72": "https:\/\/secure.gravatar.com\/avatar\/73ab9279ee8c00f66ce4904d30146c8f.jpg?s=72&d=https%3A%2F%2Fa.slack-edge.com%2Fdf10d%2Fimg%2Favatars%2Fava_0010-72.png",
            "first_name": "",
            "real_name": "Angel Pais",
            "display_name": "Angel Pais",
            "team": "TJH5YU202",
            "name": "amigosam",
            "is_restricted": false,
            "is_ultra_restricted": false
        },
        "blocks": [
            {
                "type": "rich_text",
                "block_id": "R79A",
                "elements": [
                    {
                        "type": "rich_text_section",
                        "elements": [
                            {
                                "type": "text",
                                "text": "Embebedization ??"
                            }
                        ]
                    }
                ]
            }
        ]
    },
    {
        "client_msg_id": "90ea1d57-d737-4085-9ba9-36af9788610e",
        "type": "message",
        "text": ":rolling_on_the_floor_laughing:",
        "user": "UM81W8B0Q",
        "ts": "1593639816.430400",
        "team": "TJH5YU202",
        "user_team": "TJH5YU202",
        "source_team": "TJH5YU202",
        "user_profile": {
            "avatar_hash": "gab9279ee8c0",
            "image_72": "https:\/\/secure.gravatar.com\/avatar\/73ab9279ee8c00f66ce4904d30146c8f.jpg?s=72&d=https%3A%2F%2Fa.slack-edge.com%2Fdf10d%2Fimg%2Favatars%2Fava_0010-72.png",
            "first_name": "",
            "real_name": "Angel Pais",
            "display_name": "Angel Pais",
            "team": "TJH5YU202",
            "name": "amigosam",
            "is_restricted": false,
            "is_ultra_restricted": false
        },
        "blocks": [
            {
                "type": "rich_text",
                "block_id": "FkZ",
                "elements": [
                    {
                        "type": "rich_text_section",
                        "elements": [
                            {
                                "type": "emoji",
                                "name": "rolling_on_the_floor_laughing"
                            }
                        ]
                    }
                ]
            }
        ]
    },
    {
        "client_msg_id": "9497658f-6284-4d5e-8ab7-ff77b72ffaa0",
        "type": "message",
        "text": "That's what Charly ussualy does.",
        "user": "UM81W8B0Q",
        "ts": "1593639834.430800",
        "team": "TJH5YU202",
        "user_team": "TJH5YU202",
        "source_team": "TJH5YU202",
        "user_profile": {
            "avatar_hash": "gab9279ee8c0",
            "image_72": "https:\/\/secure.gravatar.com\/avatar\/73ab9279ee8c00f66ce4904d30146c8f.jpg?s=72&d=https%3A%2F%2Fa.slack-edge.com%2Fdf10d%2Fimg%2Favatars%2Fava_0010-72.png",
            "first_name": "",
            "real_name": "Angel Pais",
            "display_name": "Angel Pais",
            "team": "TJH5YU202",
            "name": "amigosam",
            "is_restricted": false,
            "is_ultra_restricted": false
        },
        "blocks": [
            {
                "type": "rich_text",
                "block_id": "L=Av0",
                "elements": [
                    {
                        "type": "rich_text_section",
                        "elements": [
                            {
                                "type": "text",
                                "text": "That's what Charly ussualy does."
                            }
                        ]
                    }
                ]
            }
        ],
        "reactions": [
            {
                "name": "facepunch",
                "users": [
                    "UJWR5N32S"
                ],
                "count": 1
            }
        ]
    },
    {
        "client_msg_id": "49dd8d9a-2df6-4705-bbc4-5c47720b7dd9",
        "type": "message",
        "text": "Paquito, Gracias de nuevo. Ahora he llegado al sitio web a través de los términos: <https:\/\/www.php.net\/manual\/en\/language.types.string.php#language.types.string.syntax.heredoc>\nMucho se aplica aquí 1: 1 para mod harbour también.",
        "user": "UJHD6A81H",
        "ts": "1593665702.431600",
        "team": "TJH5YU202",
        "user_team": "TJH5YU202",
        "source_team": "TJH5YU202",
        "user_profile": {
            "avatar_hash": "g6b8073e00e9",
            "image_72": "https:\/\/secure.gravatar.com\/avatar\/b96b8073e00e9eb02bcf05bc1418eb3a.jpg?s=72&d=https%3A%2F%2Fa.slack-edge.com%2Fdf10d%2Fimg%2Favatars%2Fava_0021-72.png",
            "first_name": "Otto",
            "real_name": "Otto Atzwanger",
            "display_name": "Otto",
            "team": "TJH5YU202",
            "name": "otto",
            "is_restricted": false,
            "is_ultra_restricted": false
        },
        "blocks": [
            {
                "type": "rich_text",
                "block_id": "Q2fkf",
                "elements": [
                    {
                        "type": "rich_text_section",
                        "elements": [
                            {
                                "type": "text",
                                "text": "Paquito, Gracias de nuevo. Ahora he llegado al sitio web a través de los términos: "
                            },
                            {
                                "type": "link",
                                "url": "https:\/\/www.php.net\/manual\/en\/language.types.string.php#language.types.string.syntax.heredoc"
                            },
                            {
                                "type": "text",
                                "text": "\nMucho se aplica aquí 1: 1 para mod harbour también."
                            }
                        ]
                    }
                ]
            }
        ]
    },
    {
        "client_msg_id": "ea9cb958-f673-4942-a69a-b2fc0ab5b6d7",
        "type": "message",
        "text": "Bon dia",
        "user": "UJWR5N32S",
        "ts": "1593669489.431900",
        "team": "TJH5YU202",
        "user_team": "TJH5YU202",
        "source_team": "TJH5YU202",
        "user_profile": {
            "avatar_hash": "273d3745f7ae",
            "image_72": "https:\/\/avatars.slack-edge.com\/2019-05-20\/634344238497_273d3745f7ae1b176b82_72.jpg",
            "first_name": "Charly",
            "real_name": "Charly",
            "display_name": "Charly",
            "team": "TJH5YU202",
            "name": "carles9000",
            "is_restricted": false,
            "is_ultra_restricted": false
        },
        "blocks": [
            {
                "type": "rich_text",
                "block_id": "VioV",
                "elements": [
                    {
                        "type": "rich_text_section",
                        "elements": [
                            {
                                "type": "text",
                                "text": "Bon dia"
                            }
                        ]
                    }
                ]
            }
        ]
    }
]