[
    {
        "client_msg_id": "2026c0ff-19a8-4c92-9834-bb19b282e667",
        "type": "message",
        "text": "93\/5000\nDear Cristobal, ¿sugiere que usemos el nuevo grupo Google en lugar de SLACK?",
        "user": "UJHD6A81H",
        "ts": "1596360111.003700",
        "team": "TJH5YU202",
        "user_team": "TJH5YU202",
        "source_team": "TJH5YU202",
        "user_profile": {
            "avatar_hash": "g6b8073e00e9",
            "image_72": "https:\/\/secure.gravatar.com\/avatar\/b96b8073e00e9eb02bcf05bc1418eb3a.jpg?s=72&d=https%3A%2F%2Fa.slack-edge.com%2Fdf10d%2Fimg%2Favatars%2Fava_0021-72.png",
            "first_name": "Otto",
            "real_name": "Otto Atzwanger",
            "display_name": "Otto",
            "team": "TJH5YU202",
            "name": "otto",
            "is_restricted": false,
            "is_ultra_restricted": false
        },
        "blocks": [
            {
                "type": "rich_text",
                "block_id": "Xyd",
                "elements": [
                    {
                        "type": "rich_text_section",
                        "elements": [
                            {
                                "type": "text",
                                "text": "93\/5000\nDear Cristobal, ¿sugiere que usemos el nuevo grupo Google en lugar de SLACK?"
                            }
                        ]
                    }
                ]
            }
        ]
    },
    {
        "client_msg_id": "74612748-c61c-4cd5-9e1d-62125fc8ee9d",
        "type": "message",
        "text": "Dear Otto\nThe possibility of having a message history in the slack is impossible. Although it is not aesthetically so beautiful, we must think about migrating to other supports that do not involve maintenance work and give us the assurance that messages and contributions from users will not be lost. It is just one more alternative that we can use in addition to the existing modharbour forum and the fivetech forum, obviously.",
        "user": "UJUJLTWMT",
        "ts": "1596368682.003900",
        "team": "TJH5YU202",
        "user_team": "TJH5YU202",
        "source_team": "TJH5YU202",
        "user_profile": {
            "avatar_hash": "a60e3b1ef2d2",
            "image_72": "https:\/\/avatars.slack-edge.com\/2019-08-20\/726246109489_a60e3b1ef2d2c141969d_72.jpg",
            "first_name": "",
            "real_name": "Cristobal",
            "display_name": "Cristobal",
            "team": "TJH5YU202",
            "name": "navarro.cristobal",
            "is_restricted": false,
            "is_ultra_restricted": false
        },
        "blocks": [
            {
                "type": "rich_text",
                "block_id": "Uf4g",
                "elements": [
                    {
                        "type": "rich_text_section",
                        "elements": [
                            {
                                "type": "text",
                                "text": "Dear Otto\nThe possibility of having a message history in the slack is impossible. Although it is not aesthetically so beautiful, we must think about migrating to other supports that do not involve maintenance work and give us the assurance that messages and contributions from users will not be lost. It is just one more alternative that we can use in addition to the existing modharbour forum and the fivetech forum, obviously."
                            }
                        ]
                    }
                ]
            }
        ],
        "thread_ts": "1596368682.003900",
        "reply_count": 1,
        "reply_users_count": 1,
        "latest_reply": "1596443582.015100",
        "reply_users": [
            "URQ8AJCQZ"
        ],
        "replies": [
            {
                "user": "URQ8AJCQZ",
                "ts": "1596443582.015100"
            }
        ],
        "subscribed": false
    },
    {
        "client_msg_id": "65215085-70f0-4bb3-b356-2e776d5dc564",
        "type": "message",
        "text": "I fully agree on this. We are loosing a lot of very valuable messages. Lets move to google groups",
        "user": "UJN8D8U3B",
        "ts": "1596370972.004600",
        "team": "TJH5YU202",
        "user_team": "TJH5YU202",
        "source_team": "TJH5YU202",
        "user_profile": {
            "avatar_hash": "g92ad2abcc45",
            "image_72": "https:\/\/secure.gravatar.com\/avatar\/8492ad2abcc45ce53969adcf8420acde.jpg?s=72&d=https%3A%2F%2Fa.slack-edge.com%2Fdf10d%2Fimg%2Favatars%2Fava_0008-72.png",
            "first_name": "",
            "real_name": "Antonio Linares",
            "display_name": "Antonio Linares",
            "team": "TJH5YU202",
            "name": "alinares",
            "is_restricted": false,
            "is_ultra_restricted": false
        },
        "blocks": [
            {
                "type": "rich_text",
                "block_id": "F+ipB",
                "elements": [
                    {
                        "type": "rich_text_section",
                        "elements": [
                            {
                                "type": "text",
                                "text": "I fully agree on this. We are loosing a lot of very valuable messages. Lets move to google groups"
                            }
                        ]
                    }
                ]
            }
        ]
    },
    {
        "client_msg_id": "01b76b7d-aa6e-4bbe-b9da-564139237550",
        "type": "message",
        "text": "Totalmente de acuerdo. Estamos perdiendo mensajes muy valiosos. Migremos a google groups :+1:",
        "user": "UJN8D8U3B",
        "ts": "1596370998.005200",
        "team": "TJH5YU202",
        "user_team": "TJH5YU202",
        "source_team": "TJH5YU202",
        "user_profile": {
            "avatar_hash": "g92ad2abcc45",
            "image_72": "https:\/\/secure.gravatar.com\/avatar\/8492ad2abcc45ce53969adcf8420acde.jpg?s=72&d=https%3A%2F%2Fa.slack-edge.com%2Fdf10d%2Fimg%2Favatars%2Fava_0008-72.png",
            "first_name": "",
            "real_name": "Antonio Linares",
            "display_name": "Antonio Linares",
            "team": "TJH5YU202",
            "name": "alinares",
            "is_restricted": false,
            "is_ultra_restricted": false
        },
        "blocks": [
            {
                "type": "rich_text",
                "block_id": "547p8",
                "elements": [
                    {
                        "type": "rich_text_section",
                        "elements": [
                            {
                                "type": "text",
                                "text": "Totalmente de acuerdo. Estamos perdiendo mensajes muy valiosos. Migremos a google groups "
                            },
                            {
                                "type": "emoji",
                                "name": "+1"
                            }
                        ]
                    }
                ]
            }
        ]
    },
    {
        "client_msg_id": "865A2D12-E9E5-4D50-9708-ADEDF9EC4270",
        "type": "message",
        "text": "Esta muy de moda Discord y tiene videoconferencia también. Creo que de momento no tiene limitaciones y es bastante parecido al slacks ",
        "user": "UJH8DPY58",
        "ts": "1596372268.007000",
        "team": "TJH5YU202",
        "user_team": "TJH5YU202",
        "source_team": "TJH5YU202",
        "user_profile": {
            "avatar_hash": "g1cac88c496c",
            "image_72": "https:\/\/secure.gravatar.com\/avatar\/451cac88c496c2cec0b934a281b6eb94.jpg?s=72&d=https%3A%2F%2Fa.slack-edge.com%2Fdf10d%2Fimg%2Favatars%2Fava_0020-72.png",
            "first_name": "",
            "real_name": "Juan Pastor",
            "display_name": "",
            "team": "TJH5YU202",
            "name": "jpastor68",
            "is_restricted": false,
            "is_ultra_restricted": false
        },
        "blocks": [
            {
                "type": "rich_text",
                "block_id": "Iz=",
                "elements": [
                    {
                        "type": "rich_text_section",
                        "elements": [
                            {
                                "type": "text",
                                "text": "Esta muy de moda Discord y tiene videoconferencia también. Creo que de momento no tiene limitaciones y es bastante parecido al slacks "
                            }
                        ]
                    }
                ]
            }
        ]
    },
    {
        "client_msg_id": "de6b3523-7727-41f2-964a-178dec381cea",
        "type": "message",
        "text": "El problema de estas herramientas es que no sabemos el futuro que, cuando, tengan \"fama\", van a tomar. Por eso, después de pensarlo bien, me decidí por algo que lleva muchos años funcionando sin problemas. También he estado valorando \"Microsoft Teams\"",
        "user": "UJUJLTWMT",
        "ts": "1596372370.008700",
        "team": "TJH5YU202",
        "user_team": "TJH5YU202",
        "source_team": "TJH5YU202",
        "user_profile": {
            "avatar_hash": "a60e3b1ef2d2",
            "image_72": "https:\/\/avatars.slack-edge.com\/2019-08-20\/726246109489_a60e3b1ef2d2c141969d_72.jpg",
            "first_name": "",
            "real_name": "Cristobal",
            "display_name": "Cristobal",
            "team": "TJH5YU202",
            "name": "navarro.cristobal",
            "is_restricted": false,
            "is_ultra_restricted": false
        },
        "blocks": [
            {
                "type": "rich_text",
                "block_id": "7GTJ",
                "elements": [
                    {
                        "type": "rich_text_section",
                        "elements": [
                            {
                                "type": "text",
                                "text": "El problema de estas herramientas es que no sabemos el futuro que, cuando, tengan \"fama\", van a tomar. Por eso, después de pensarlo bien, me decidí por algo que lleva muchos años funcionando sin problemas. También he estado valorando \"Microsoft Teams\""
                            }
                        ]
                    }
                ]
            }
        ]
    },
    {
        "client_msg_id": "041839cc-9f05-437f-a66e-57c3420110e3",
        "type": "message",
        "text": "<@UJH8DPY58>, gracias, no lo conozco. Voy a echarle un vistazo a lo que comentas esta tarde",
        "user": "UJUJLTWMT",
        "ts": "1596372579.009300",
        "team": "TJH5YU202",
        "user_team": "TJH5YU202",
        "source_team": "TJH5YU202",
        "user_profile": {
            "avatar_hash": "a60e3b1ef2d2",
            "image_72": "https:\/\/avatars.slack-edge.com\/2019-08-20\/726246109489_a60e3b1ef2d2c141969d_72.jpg",
            "first_name": "",
            "real_name": "Cristobal",
            "display_name": "Cristobal",
            "team": "TJH5YU202",
            "name": "navarro.cristobal",
            "is_restricted": false,
            "is_ultra_restricted": false
        },
        "blocks": [
            {
                "type": "rich_text",
                "block_id": "=AkS\/",
                "elements": [
                    {
                        "type": "rich_text_section",
                        "elements": [
                            {
                                "type": "user",
                                "user_id": "UJH8DPY58"
                            },
                            {
                                "type": "text",
                                "text": ", gracias, no lo conozco. Voy a echarle un vistazo a lo que comentas esta tarde"
                            }
                        ]
                    }
                ]
            }
        ]
    },
    {
        "client_msg_id": "2E2BE12D-AC98-4C11-ABBE-B7574931C745",
        "type": "message",
        "text": "Discord lo bueno es que tiene App para móviles y PC ",
        "user": "UJH8DPY58",
        "ts": "1596372641.010100",
        "team": "TJH5YU202",
        "user_team": "TJH5YU202",
        "source_team": "TJH5YU202",
        "user_profile": {
            "avatar_hash": "g1cac88c496c",
            "image_72": "https:\/\/secure.gravatar.com\/avatar\/451cac88c496c2cec0b934a281b6eb94.jpg?s=72&d=https%3A%2F%2Fa.slack-edge.com%2Fdf10d%2Fimg%2Favatars%2Fava_0020-72.png",
            "first_name": "",
            "real_name": "Juan Pastor",
            "display_name": "",
            "team": "TJH5YU202",
            "name": "jpastor68",
            "is_restricted": false,
            "is_ultra_restricted": false
        },
        "blocks": [
            {
                "type": "rich_text",
                "block_id": "lCQ1I",
                "elements": [
                    {
                        "type": "rich_text_section",
                        "elements": [
                            {
                                "type": "text",
                                "text": "Discord lo bueno es que tiene App para móviles y PC "
                            }
                        ]
                    }
                ]
            }
        ]
    },
    {
        "client_msg_id": "14B6BDDE-1EE9-4438-8900-E33420FD9E5F",
        "type": "message",
        "text": ":+1:",
        "user": "UJH8DPY58",
        "ts": "1596372651.010300",
        "team": "TJH5YU202",
        "user_team": "TJH5YU202",
        "source_team": "TJH5YU202",
        "user_profile": {
            "avatar_hash": "g1cac88c496c",
            "image_72": "https:\/\/secure.gravatar.com\/avatar\/451cac88c496c2cec0b934a281b6eb94.jpg?s=72&d=https%3A%2F%2Fa.slack-edge.com%2Fdf10d%2Fimg%2Favatars%2Fava_0020-72.png",
            "first_name": "",
            "real_name": "Juan Pastor",
            "display_name": "",
            "team": "TJH5YU202",
            "name": "jpastor68",
            "is_restricted": false,
            "is_ultra_restricted": false
        },
        "blocks": [
            {
                "type": "rich_text",
                "block_id": "6S1s",
                "elements": [
                    {
                        "type": "rich_text_section",
                        "elements": [
                            {
                                "type": "emoji",
                                "name": "+1"
                            }
                        ]
                    }
                ]
            }
        ]
    },
    {
        "client_msg_id": "ad4fc2b4-85d5-478e-860e-47dc97c822e2",
        "type": "message",
        "text": "Ok, gracias de nuevo",
        "user": "UJUJLTWMT",
        "ts": "1596372688.010500",
        "team": "TJH5YU202",
        "user_team": "TJH5YU202",
        "source_team": "TJH5YU202",
        "user_profile": {
            "avatar_hash": "a60e3b1ef2d2",
            "image_72": "https:\/\/avatars.slack-edge.com\/2019-08-20\/726246109489_a60e3b1ef2d2c141969d_72.jpg",
            "first_name": "",
            "real_name": "Cristobal",
            "display_name": "Cristobal",
            "team": "TJH5YU202",
            "name": "navarro.cristobal",
            "is_restricted": false,
            "is_ultra_restricted": false
        },
        "blocks": [
            {
                "type": "rich_text",
                "block_id": "YkcW",
                "elements": [
                    {
                        "type": "rich_text_section",
                        "elements": [
                            {
                                "type": "text",
                                "text": "Ok, gracias de nuevo"
                            }
                        ]
                    }
                ]
            }
        ]
    },
    {
        "type": "message",
        "text": "No tiene mala pinta",
        "files": [
            {
                "id": "F017Q34G38X",
                "created": 1596372848,
                "timestamp": 1596372848,
                "name": "image.png",
                "title": "image.png",
                "mimetype": "image\/png",
                "filetype": "png",
                "pretty_type": "PNG",
                "user": "UJUJLTWMT",
                "editable": false,
                "size": 132036,
                "mode": "hosted",
                "is_external": false,
                "external_type": "",
                "is_public": true,
                "public_url_shared": false,
                "display_as_bot": false,
                "username": "",
                "url_private": "https:\/\/files.slack.com\/files-pri\/TJH5YU202-F017Q34G38X\/image.png?t=xoxe-629202954002-1307858988048-1296644259825-cbe9e6d0558bfb5b1a5a18db398692ce",
                "url_private_download": "https:\/\/files.slack.com\/files-pri\/TJH5YU202-F017Q34G38X\/download\/image.png?t=xoxe-629202954002-1307858988048-1296644259825-cbe9e6d0558bfb5b1a5a18db398692ce",
                "thumb_64": "https:\/\/files.slack.com\/files-tmb\/TJH5YU202-F017Q34G38X-c63f3b25c9\/image_64.png?t=xoxe-629202954002-1307858988048-1296644259825-cbe9e6d0558bfb5b1a5a18db398692ce",
                "thumb_80": "https:\/\/files.slack.com\/files-tmb\/TJH5YU202-F017Q34G38X-c63f3b25c9\/image_80.png?t=xoxe-629202954002-1307858988048-1296644259825-cbe9e6d0558bfb5b1a5a18db398692ce",
                "thumb_360": "https:\/\/files.slack.com\/files-tmb\/TJH5YU202-F017Q34G38X-c63f3b25c9\/image_360.png?t=xoxe-629202954002-1307858988048-1296644259825-cbe9e6d0558bfb5b1a5a18db398692ce",
                "thumb_360_w": 360,
                "thumb_360_h": 202,
                "thumb_480": "https:\/\/files.slack.com\/files-tmb\/TJH5YU202-F017Q34G38X-c63f3b25c9\/image_480.png?t=xoxe-629202954002-1307858988048-1296644259825-cbe9e6d0558bfb5b1a5a18db398692ce",
                "thumb_480_w": 480,
                "thumb_480_h": 270,
                "thumb_160": "https:\/\/files.slack.com\/files-tmb\/TJH5YU202-F017Q34G38X-c63f3b25c9\/image_160.png?t=xoxe-629202954002-1307858988048-1296644259825-cbe9e6d0558bfb5b1a5a18db398692ce",
                "thumb_720": "https:\/\/files.slack.com\/files-tmb\/TJH5YU202-F017Q34G38X-c63f3b25c9\/image_720.png?t=xoxe-629202954002-1307858988048-1296644259825-cbe9e6d0558bfb5b1a5a18db398692ce",
                "thumb_720_w": 720,
                "thumb_720_h": 405,
                "thumb_800": "https:\/\/files.slack.com\/files-tmb\/TJH5YU202-F017Q34G38X-c63f3b25c9\/image_800.png?t=xoxe-629202954002-1307858988048-1296644259825-cbe9e6d0558bfb5b1a5a18db398692ce",
                "thumb_800_w": 800,
                "thumb_800_h": 450,
                "thumb_960": "https:\/\/files.slack.com\/files-tmb\/TJH5YU202-F017Q34G38X-c63f3b25c9\/image_960.png?t=xoxe-629202954002-1307858988048-1296644259825-cbe9e6d0558bfb5b1a5a18db398692ce",
                "thumb_960_w": 960,
                "thumb_960_h": 540,
                "thumb_1024": "https:\/\/files.slack.com\/files-tmb\/TJH5YU202-F017Q34G38X-c63f3b25c9\/image_1024.png?t=xoxe-629202954002-1307858988048-1296644259825-cbe9e6d0558bfb5b1a5a18db398692ce",
                "thumb_1024_w": 1024,
                "thumb_1024_h": 576,
                "original_w": 1366,
                "original_h": 768,
                "thumb_tiny": "AwAaADBTft2jQj8qBfMf+WafnVIUtAFz7e3\/ADyX86X7e3\/PJfzqlS8j1FMC5\/aD9o1\/Ok+3t3iH51TJOaMmkA0dKcKB\/q\/xooAWlLFutNopgBpKDRSA\/9k=",
                "permalink": "https:\/\/harbourproject.slack.com\/files\/UJUJLTWMT\/F017Q34G38X\/image.png",
                "permalink_public": "https:\/\/slack-files.com\/TJH5YU202-F017Q34G38X-f56e6b56d9",
                "is_starred": false,
                "has_rich_preview": false
            }
        ],
        "upload": false,
        "blocks": [
            {
                "type": "rich_text",
                "block_id": "SxOh",
                "elements": [
                    {
                        "type": "rich_text_section",
                        "elements": [
                            {
                                "type": "text",
                                "text": "No tiene mala pinta"
                            }
                        ]
                    }
                ]
            }
        ],
        "user": "UJUJLTWMT",
        "display_as_bot": false,
        "ts": "1596372850.010700"
    },
    {
        "client_msg_id": "5a59ccee-3f41-4943-b148-ed51dbbd6072",
        "type": "message",
        "text": "Leeré con detenimiento las \"normas\" y demás \"letra pequeña\" que pueda tener",
        "user": "UJUJLTWMT",
        "ts": "1596372972.011600",
        "team": "TJH5YU202",
        "user_team": "TJH5YU202",
        "source_team": "TJH5YU202",
        "user_profile": {
            "avatar_hash": "a60e3b1ef2d2",
            "image_72": "https:\/\/avatars.slack-edge.com\/2019-08-20\/726246109489_a60e3b1ef2d2c141969d_72.jpg",
            "first_name": "",
            "real_name": "Cristobal",
            "display_name": "Cristobal",
            "team": "TJH5YU202",
            "name": "navarro.cristobal",
            "is_restricted": false,
            "is_ultra_restricted": false
        },
        "blocks": [
            {
                "type": "rich_text",
                "block_id": "8Mk4a",
                "elements": [
                    {
                        "type": "rich_text_section",
                        "elements": [
                            {
                                "type": "text",
                                "text": "Leeré con detenimiento las \"normas\" y demás \"letra pequeña\" que pueda tener"
                            }
                        ]
                    }
                ]
            }
        ]
    },
    {
        "client_msg_id": "C8C7A40F-CF1D-4AB4-8F20-11C9B26677D4",
        "type": "message",
        "text": "Varios de este grupo ya están en el, pero si es conveniente saber bien a qué nos exponemos para no estar en lo mismo, gracias a ti, esto es en beneficio de todos ",
        "user": "UJH8DPY58",
        "ts": "1596373346.014000",
        "team": "TJH5YU202",
        "user_team": "TJH5YU202",
        "source_team": "TJH5YU202",
        "user_profile": {
            "avatar_hash": "g1cac88c496c",
            "image_72": "https:\/\/secure.gravatar.com\/avatar\/451cac88c496c2cec0b934a281b6eb94.jpg?s=72&d=https%3A%2F%2Fa.slack-edge.com%2Fdf10d%2Fimg%2Favatars%2Fava_0020-72.png",
            "first_name": "",
            "real_name": "Juan Pastor",
            "display_name": "",
            "team": "TJH5YU202",
            "name": "jpastor68",
            "is_restricted": false,
            "is_ultra_restricted": false
        },
        "blocks": [
            {
                "type": "rich_text",
                "block_id": "Crp",
                "elements": [
                    {
                        "type": "rich_text_section",
                        "elements": [
                            {
                                "type": "text",
                                "text": "Varios de este grupo ya están en el, pero si es conveniente saber bien a qué nos exponemos para no estar en lo mismo, gracias a ti, esto es en beneficio de todos "
                            }
                        ]
                    }
                ]
            }
        ]
    },
    {
        "client_msg_id": "eeb12fc6-d844-4941-bddc-81c46772d9d4",
        "type": "message",
        "text": "Hola buen dia, uso este: <https:\/\/element.io\/get-started>",
        "user": "UJUSD6VB2",
        "ts": "1596432166.014400",
        "team": "TJH5YU202",
        "user_team": "TJH5YU202",
        "source_team": "TJH5YU202",
        "user_profile": {
            "avatar_hash": "g1677a02d0b6",
            "image_72": "https:\/\/secure.gravatar.com\/avatar\/bb1677a02d0b69ba91eb245090c7c83a.jpg?s=72&d=https%3A%2F%2Fa.slack-edge.com%2Fdf10d%2Fimg%2Favatars%2Fava_0015-72.png",
            "first_name": "",
            "real_name": "Osvaldo Ramirez",
            "display_name": "Osvaldo Ramirez",
            "team": "TJH5YU202",
            "name": "ramirezosvaldo",
            "is_restricted": false,
            "is_ultra_restricted": false
        },
        "attachments": [
            {
                "title": "Download Element Group Chat App Free | secure end-to-end encryption messaging and video calls for teams on iOS and Android",
                "title_link": "https:\/\/element.io\/get-started",
                "text": "Download Element Group Chat App with secure end-to-end encryption messaging and video calls for teams. Available on iOS, Android and Desktop. Uses Matrix Services world-class hosting platform to protect your private conversations",
                "fallback": "Download Element Group Chat App Free | secure end-to-end encryption messaging and video calls for teams on iOS and Android",
                "image_url": "https:\/\/static.element.io\/images\/open-graph-large.png",
                "from_url": "https:\/\/element.io\/get-started",
                "image_width": 476,
                "image_height": 250,
                "image_bytes": 342853,
                "service_name": "element.io",
                "id": 1,
                "original_url": "https:\/\/element.io\/get-started"
            }
        ],
        "blocks": [
            {
                "type": "rich_text",
                "block_id": "Zz+C",
                "elements": [
                    {
                        "type": "rich_text_section",
                        "elements": [
                            {
                                "type": "text",
                                "text": "Hola buen dia, uso este: "
                            },
                            {
                                "type": "link",
                                "url": "https:\/\/element.io\/get-started"
                            }
                        ]
                    }
                ]
            }
        ]
    },
    {
        "client_msg_id": "677f2d19-a5df-4a7e-b84a-12e7995c6b09",
        "type": "message",
        "text": "Buenos días\nOsvaldo, no entiendo por qué no solo comenzamos con el mod Harbor CHAT ya desarrollado y luego seguimos desarrollando.\nTambién aprenderíamos mucho sobre mod harbour.",
        "user": "UJHD6A81H",
        "ts": "1596435831.014700",
        "team": "TJH5YU202",
        "user_team": "TJH5YU202",
        "source_team": "TJH5YU202",
        "user_profile": {
            "avatar_hash": "g6b8073e00e9",
            "image_72": "https:\/\/secure.gravatar.com\/avatar\/b96b8073e00e9eb02bcf05bc1418eb3a.jpg?s=72&d=https%3A%2F%2Fa.slack-edge.com%2Fdf10d%2Fimg%2Favatars%2Fava_0021-72.png",
            "first_name": "Otto",
            "real_name": "Otto Atzwanger",
            "display_name": "Otto",
            "team": "TJH5YU202",
            "name": "otto",
            "is_restricted": false,
            "is_ultra_restricted": false
        },
        "blocks": [
            {
                "type": "rich_text",
                "block_id": "hs21",
                "elements": [
                    {
                        "type": "rich_text_section",
                        "elements": [
                            {
                                "type": "text",
                                "text": "Buenos días\nOsvaldo, no entiendo por qué no solo comenzamos con el mod Harbor CHAT ya desarrollado y luego seguimos desarrollando.\nTambién aprenderíamos mucho sobre mod harbour."
                            }
                        ]
                    }
                ]
            }
        ]
    }
]