[
    {
        "client_msg_id": "62284d68-0b88-4731-8f34-b98853745ebd",
        "type": "message",
        "text": "Viva España !",
        "user": "UJULQCHL5",
        "ts": "1593427070.388600",
        "team": "TJH5YU202",
        "user_team": "TJH5YU202",
        "source_team": "TJH5YU202",
        "user_profile": {
            "avatar_hash": "g7659142325a",
            "image_72": "https:\/\/secure.gravatar.com\/avatar\/c87659142325a3facb661d85281ec091.jpg?s=72&d=https%3A%2F%2Fa.slack-edge.com%2Fdf10d%2Fimg%2Favatars%2Fava_0003-72.png",
            "first_name": "",
            "real_name": "Paquito",
            "display_name": "Paquito",
            "team": "TJH5YU202",
            "name": "hmpaquito",
            "is_restricted": false,
            "is_ultra_restricted": false
        },
        "blocks": [
            {
                "type": "rich_text",
                "block_id": "uoEHe",
                "elements": [
                    {
                        "type": "rich_text_section",
                        "elements": [
                            {
                                "type": "text",
                                "text": "Viva España !"
                            }
                        ]
                    }
                ]
            }
        ]
    },
    {
        "client_msg_id": "be4510f1-b9e3-4f1f-b145-c0a007678a40",
        "type": "message",
        "text": "muy buenas :sunny:",
        "user": "UJN8D8U3B",
        "ts": "1593427991.388900",
        "team": "TJH5YU202",
        "user_team": "TJH5YU202",
        "source_team": "TJH5YU202",
        "user_profile": {
            "avatar_hash": "g92ad2abcc45",
            "image_72": "https:\/\/secure.gravatar.com\/avatar\/8492ad2abcc45ce53969adcf8420acde.jpg?s=72&d=https%3A%2F%2Fa.slack-edge.com%2Fdf10d%2Fimg%2Favatars%2Fava_0008-72.png",
            "first_name": "",
            "real_name": "Antonio Linares",
            "display_name": "Antonio Linares",
            "team": "TJH5YU202",
            "name": "alinares",
            "is_restricted": false,
            "is_ultra_restricted": false
        },
        "blocks": [
            {
                "type": "rich_text",
                "block_id": "MHT\/k",
                "elements": [
                    {
                        "type": "rich_text_section",
                        "elements": [
                            {
                                "type": "text",
                                "text": "muy buenas "
                            },
                            {
                                "type": "emoji",
                                "name": "sunny"
                            }
                        ]
                    }
                ]
            }
        ]
    },
    {
        "client_msg_id": "AB703A16-45B7-4FC5-8374-E04E5ED72C3C",
        "type": "message",
        "text": "¡Buenos dias amigos!",
        "user": "U015CUP1T5Z",
        "ts": "1593431382.389400",
        "team": "TJH5YU202",
        "user_team": "TJH5YU202",
        "source_team": "TJH5YU202",
        "user_profile": {
            "avatar_hash": "2d5981129913",
            "image_72": "https:\/\/avatars.slack-edge.com\/2020-06-14\/1183376598323_2d5981129913ee85447d_72.jpg",
            "first_name": "ricardo",
            "real_name": "ricardo arraes",
            "display_name": "ricardo arraes",
            "team": "TJH5YU202",
            "name": "ricardo",
            "is_restricted": false,
            "is_ultra_restricted": false
        },
        "blocks": [
            {
                "type": "rich_text",
                "block_id": "o9t",
                "elements": [
                    {
                        "type": "rich_text_section",
                        "elements": [
                            {
                                "type": "text",
                                "text": "¡Buenos dias amigos!"
                            }
                        ]
                    }
                ]
            }
        ]
    },
    {
        "client_msg_id": "6e4f134c-38ca-432c-b9b4-d6ff4e2dfacb",
        "type": "message",
        "text": "¿mod_harbour ya tiene una biblioteca o una forma de hacer conexiones a través de websocket?",
        "user": "U015CUP1T5Z",
        "ts": "1593431676.389800",
        "team": "TJH5YU202",
        "user_team": "TJH5YU202",
        "source_team": "TJH5YU202",
        "user_profile": {
            "avatar_hash": "2d5981129913",
            "image_72": "https:\/\/avatars.slack-edge.com\/2020-06-14\/1183376598323_2d5981129913ee85447d_72.jpg",
            "first_name": "ricardo",
            "real_name": "ricardo arraes",
            "display_name": "ricardo arraes",
            "team": "TJH5YU202",
            "name": "ricardo",
            "is_restricted": false,
            "is_ultra_restricted": false
        },
        "blocks": [
            {
                "type": "rich_text",
                "block_id": "yO8RX",
                "elements": [
                    {
                        "type": "rich_text_section",
                        "elements": [
                            {
                                "type": "text",
                                "text": "¿mod_harbour ya tiene una biblioteca o una forma de hacer conexiones a través de websocket?"
                            }
                        ]
                    }
                ]
            }
        ]
    },
    {
        "client_msg_id": "e644edfe-1608-4cd4-8b37-8134c0bc9ee3",
        "type": "message",
        "text": "hace un par de meses Antonio probó a desarrollar un servidor de websockets en harbour, pero integrarlo con mod_harbour no era fácil con el mod antiguo",
        "user": "UNAHBRTFA",
        "ts": "1593431726.390600",
        "team": "TJH5YU202",
        "user_team": "TJH5YU202",
        "source_team": "TJH5YU202",
        "user_profile": {
            "avatar_hash": "g3d2a3f4c28c",
            "image_72": "https:\/\/secure.gravatar.com\/avatar\/23d2a3f4c28cebb4cf07e48d02620517.jpg?s=72&d=https%3A%2F%2Fa.slack-edge.com%2Fdf10d%2Fimg%2Favatars%2Fava_0020-72.png",
            "first_name": "Andreu",
            "real_name": "Andreu Botella",
            "display_name": "Andreu Botella",
            "team": "TJH5YU202",
            "name": "andreu.132",
            "is_restricted": false,
            "is_ultra_restricted": false
        },
        "blocks": [
            {
                "type": "rich_text",
                "block_id": "5nX9",
                "elements": [
                    {
                        "type": "rich_text_section",
                        "elements": [
                            {
                                "type": "text",
                                "text": "hace un par de meses Antonio probó a desarrollar un servidor de websockets en harbour, pero integrarlo con mod_harbour no era fácil con el mod antiguo"
                            }
                        ]
                    }
                ]
            }
        ]
    },
    {
        "client_msg_id": "d9b4b3b5-ac07-4c08-a417-837fa25065d5",
        "type": "message",
        "text": "sospecho que es ligeramente más fácil con fastCGI, pero no lo he mirado",
        "user": "UNAHBRTFA",
        "ts": "1593431741.391000",
        "team": "TJH5YU202",
        "user_team": "TJH5YU202",
        "source_team": "TJH5YU202",
        "user_profile": {
            "avatar_hash": "g3d2a3f4c28c",
            "image_72": "https:\/\/secure.gravatar.com\/avatar\/23d2a3f4c28cebb4cf07e48d02620517.jpg?s=72&d=https%3A%2F%2Fa.slack-edge.com%2Fdf10d%2Fimg%2Favatars%2Fava_0020-72.png",
            "first_name": "Andreu",
            "real_name": "Andreu Botella",
            "display_name": "Andreu Botella",
            "team": "TJH5YU202",
            "name": "andreu.132",
            "is_restricted": false,
            "is_ultra_restricted": false
        },
        "blocks": [
            {
                "type": "rich_text",
                "block_id": "JYn",
                "elements": [
                    {
                        "type": "rich_text_section",
                        "elements": [
                            {
                                "type": "text",
                                "text": "sospecho que es ligeramente más fácil con fastCGI, pero no lo he mirado"
                            }
                        ]
                    }
                ]
            }
        ]
    },
    {
        "client_msg_id": "fe55515f-aaab-4806-bca8-c82ca9771f4d",
        "type": "message",
        "text": "EL mod ws para Apache ya existe",
        "user": "UM81W8B0Q",
        "ts": "1593431783.391300",
        "team": "TJH5YU202",
        "user_team": "TJH5YU202",
        "source_team": "TJH5YU202",
        "user_profile": {
            "avatar_hash": "gab9279ee8c0",
            "image_72": "https:\/\/secure.gravatar.com\/avatar\/73ab9279ee8c00f66ce4904d30146c8f.jpg?s=72&d=https%3A%2F%2Fa.slack-edge.com%2Fdf10d%2Fimg%2Favatars%2Fava_0010-72.png",
            "first_name": "",
            "real_name": "Angel Pais",
            "display_name": "Angel Pais",
            "team": "TJH5YU202",
            "name": "amigosam",
            "is_restricted": false,
            "is_ultra_restricted": false
        },
        "blocks": [
            {
                "type": "rich_text",
                "block_id": "6r=",
                "elements": [
                    {
                        "type": "rich_text_section",
                        "elements": [
                            {
                                "type": "text",
                                "text": "EL mod ws para Apache ya existe"
                            }
                        ]
                    }
                ]
            }
        ]
    },
    {
        "client_msg_id": "c932b1e7-171c-42ff-a07f-97c93923687b",
        "type": "message",
        "text": "Desde antes  de eso. Pero todos lo ignoraron",
        "user": "UM81W8B0Q",
        "ts": "1593431802.391800",
        "team": "TJH5YU202",
        "user_team": "TJH5YU202",
        "source_team": "TJH5YU202",
        "user_profile": {
            "avatar_hash": "gab9279ee8c0",
            "image_72": "https:\/\/secure.gravatar.com\/avatar\/73ab9279ee8c00f66ce4904d30146c8f.jpg?s=72&d=https%3A%2F%2Fa.slack-edge.com%2Fdf10d%2Fimg%2Favatars%2Fava_0010-72.png",
            "first_name": "",
            "real_name": "Angel Pais",
            "display_name": "Angel Pais",
            "team": "TJH5YU202",
            "name": "amigosam",
            "is_restricted": false,
            "is_ultra_restricted": false
        },
        "edited": {
            "user": "UM81W8B0Q",
            "ts": "1593431814.000000"
        },
        "blocks": [
            {
                "type": "rich_text",
                "block_id": "L0RPm",
                "elements": [
                    {
                        "type": "rich_text_section",
                        "elements": [
                            {
                                "type": "text",
                                "text": "Desde antes  de eso. Pero todos lo ignoraron"
                            }
                        ]
                    }
                ]
            }
        ]
    },
    {
        "client_msg_id": "b51643ab-5d75-47f3-9081-bccdaa348de5",
        "type": "message",
        "text": "NO se molestaron ni en probarlo. SOlo en clonarlo.",
        "user": "UM81W8B0Q",
        "ts": "1593431848.392400",
        "team": "TJH5YU202",
        "user_team": "TJH5YU202",
        "source_team": "TJH5YU202",
        "user_profile": {
            "avatar_hash": "gab9279ee8c0",
            "image_72": "https:\/\/secure.gravatar.com\/avatar\/73ab9279ee8c00f66ce4904d30146c8f.jpg?s=72&d=https%3A%2F%2Fa.slack-edge.com%2Fdf10d%2Fimg%2Favatars%2Fava_0010-72.png",
            "first_name": "",
            "real_name": "Angel Pais",
            "display_name": "Angel Pais",
            "team": "TJH5YU202",
            "name": "amigosam",
            "is_restricted": false,
            "is_ultra_restricted": false
        },
        "blocks": [
            {
                "type": "rich_text",
                "block_id": "HxZok",
                "elements": [
                    {
                        "type": "rich_text_section",
                        "elements": [
                            {
                                "type": "text",
                                "text": "NO se molestaron ni en probarlo. SOlo en clonarlo."
                            }
                        ]
                    }
                ]
            }
        ]
    },
    {
        "client_msg_id": "5df6a156-a59a-4012-ac60-4a9e81a02b0a",
        "type": "message",
        "text": "hmm interesante ... ¿está esto en el foro de Fivetech? Lo buscaré y probaré entonces, ¡gracias!",
        "user": "U015CUP1T5Z",
        "ts": "1593431941.392600",
        "team": "TJH5YU202",
        "user_team": "TJH5YU202",
        "source_team": "TJH5YU202",
        "user_profile": {
            "avatar_hash": "2d5981129913",
            "image_72": "https:\/\/avatars.slack-edge.com\/2020-06-14\/1183376598323_2d5981129913ee85447d_72.jpg",
            "first_name": "ricardo",
            "real_name": "ricardo arraes",
            "display_name": "ricardo arraes",
            "team": "TJH5YU202",
            "name": "ricardo",
            "is_restricted": false,
            "is_ultra_restricted": false
        },
        "blocks": [
            {
                "type": "rich_text",
                "block_id": "lFIdK",
                "elements": [
                    {
                        "type": "rich_text_section",
                        "elements": [
                            {
                                "type": "text",
                                "text": "hmm interesante ... ¿está esto en el foro de Fivetech? Lo buscaré y probaré entonces, ¡gracias!"
                            }
                        ]
                    }
                ]
            }
        ]
    },
    {
        "client_msg_id": "22146f88-1fc9-452b-bffe-c276e6d42c93",
        "type": "message",
        "text": "<https:\/\/github.com\/FiveTechSoft\/wsserver>",
        "user": "UJN8D8U3B",
        "ts": "1593440526.393600",
        "team": "TJH5YU202",
        "user_team": "TJH5YU202",
        "source_team": "TJH5YU202",
        "user_profile": {
            "avatar_hash": "g92ad2abcc45",
            "image_72": "https:\/\/secure.gravatar.com\/avatar\/8492ad2abcc45ce53969adcf8420acde.jpg?s=72&d=https%3A%2F%2Fa.slack-edge.com%2Fdf10d%2Fimg%2Favatars%2Fava_0008-72.png",
            "first_name": "",
            "real_name": "Antonio Linares",
            "display_name": "Antonio Linares",
            "team": "TJH5YU202",
            "name": "alinares",
            "is_restricted": false,
            "is_ultra_restricted": false
        },
        "attachments": [
            {
                "fallback": "FiveTechSoft\/wsserver",
                "text": "Harbour websocket server",
                "title": "FiveTechSoft\/wsserver",
                "footer": "<https:\/\/github.com\/FiveTechSoft\/wsserver|FiveTechSoft\/wsserver>",
                "id": 1,
                "footer_icon": "https:\/\/github.githubassets.com\/favicon.ico",
                "ts": 1587192695,
                "color": "24292f",
                "fields": [
                    {
                        "title": "Website",
                        "value": "<https:\/\/fivetechsoft.github.io\/wsserver\/>",
                        "short": true
                    },
                    {
                        "title": "Stars",
                        "value": "1",
                        "short": true
                    }
                ],
                "mrkdwn_in": [
                    "text",
                    "fields"
                ],
                "bot_id": "B013M1D0ZKM",
                "app_unfurl_url": "https:\/\/github.com\/FiveTechSoft\/wsserver",
                "is_app_unfurl": true
            }
        ],
        "blocks": [
            {
                "type": "rich_text",
                "block_id": "DVbD",
                "elements": [
                    {
                        "type": "rich_text_section",
                        "elements": [
                            {
                                "type": "link",
                                "url": "https:\/\/github.com\/FiveTechSoft\/wsserver"
                            }
                        ]
                    }
                ]
            }
        ]
    },
    {
        "client_msg_id": "57b16efb-dc57-4a16-ad2a-56cb818f9cb3",
        "type": "message",
        "text": "Dear Antonio, ¿Puedo preguntar cuál es la diferencia con el servidor de socket en las muestras de FIVEWIN?",
        "user": "UJHD6A81H",
        "ts": "1593445980.393900",
        "team": "TJH5YU202",
        "user_team": "TJH5YU202",
        "source_team": "TJH5YU202",
        "user_profile": {
            "avatar_hash": "g6b8073e00e9",
            "image_72": "https:\/\/secure.gravatar.com\/avatar\/b96b8073e00e9eb02bcf05bc1418eb3a.jpg?s=72&d=https%3A%2F%2Fa.slack-edge.com%2Fdf10d%2Fimg%2Favatars%2Fava_0021-72.png",
            "first_name": "Otto",
            "real_name": "Otto Atzwanger",
            "display_name": "Otto",
            "team": "TJH5YU202",
            "name": "otto",
            "is_restricted": false,
            "is_ultra_restricted": false
        },
        "blocks": [
            {
                "type": "rich_text",
                "block_id": "U2cRJ",
                "elements": [
                    {
                        "type": "rich_text_section",
                        "elements": [
                            {
                                "type": "text",
                                "text": "Dear Antonio, ¿Puedo preguntar cuál es la diferencia con el servidor de socket en las muestras de FIVEWIN?"
                            }
                        ]
                    }
                ]
            }
        ]
    },
    {
        "client_msg_id": "96a826ad-6c14-4dba-8466-756a40c3550c",
        "type": "message",
        "text": "this server is for web sockets (html5) only",
        "user": "UJN8D8U3B",
        "ts": "1593447392.394300",
        "team": "TJH5YU202",
        "user_team": "TJH5YU202",
        "source_team": "TJH5YU202",
        "user_profile": {
            "avatar_hash": "g92ad2abcc45",
            "image_72": "https:\/\/secure.gravatar.com\/avatar\/8492ad2abcc45ce53969adcf8420acde.jpg?s=72&d=https%3A%2F%2Fa.slack-edge.com%2Fdf10d%2Fimg%2Favatars%2Fava_0008-72.png",
            "first_name": "",
            "real_name": "Antonio Linares",
            "display_name": "Antonio Linares",
            "team": "TJH5YU202",
            "name": "alinares",
            "is_restricted": false,
            "is_ultra_restricted": false
        },
        "blocks": [
            {
                "type": "rich_text",
                "block_id": "\/h0Bu",
                "elements": [
                    {
                        "type": "rich_text_section",
                        "elements": [
                            {
                                "type": "text",
                                "text": "this server is for web sockets (html5) only"
                            }
                        ]
                    }
                ]
            }
        ]
    },
    {
        "client_msg_id": "30381f7e-278a-4e62-8169-029f8d0412b3",
        "type": "message",
        "text": "Bon dia",
        "user": "UJWR5N32S",
        "ts": "1593495974.395200",
        "team": "TJH5YU202",
        "user_team": "TJH5YU202",
        "source_team": "TJH5YU202",
        "user_profile": {
            "avatar_hash": "273d3745f7ae",
            "image_72": "https:\/\/avatars.slack-edge.com\/2019-05-20\/634344238497_273d3745f7ae1b176b82_72.jpg",
            "first_name": "Charly",
            "real_name": "Charly",
            "display_name": "Charly",
            "team": "TJH5YU202",
            "name": "carles9000",
            "is_restricted": false,
            "is_ultra_restricted": false
        },
        "blocks": [
            {
                "type": "rich_text",
                "block_id": "i=P",
                "elements": [
                    {
                        "type": "rich_text_section",
                        "elements": [
                            {
                                "type": "text",
                                "text": "Bon dia"
                            }
                        ]
                    }
                ]
            }
        ]
    },
    {
        "client_msg_id": "91360d9b-220a-490b-a4eb-ee37506fbe35",
        "type": "message",
        "text": "Queda 1 dia para el curso MVC  :muscle:",
        "user": "UJWR5N32S",
        "ts": "1593498748.395800",
        "team": "TJH5YU202",
        "user_team": "TJH5YU202",
        "source_team": "TJH5YU202",
        "user_profile": {
            "avatar_hash": "273d3745f7ae",
            "image_72": "https:\/\/avatars.slack-edge.com\/2019-05-20\/634344238497_273d3745f7ae1b176b82_72.jpg",
            "first_name": "Charly",
            "real_name": "Charly",
            "display_name": "Charly",
            "team": "TJH5YU202",
            "name": "carles9000",
            "is_restricted": false,
            "is_ultra_restricted": false
        },
        "blocks": [
            {
                "type": "rich_text",
                "block_id": "p16",
                "elements": [
                    {
                        "type": "rich_text_section",
                        "elements": [
                            {
                                "type": "text",
                                "text": "Queda 1 dia para el curso MVC  "
                            },
                            {
                                "type": "emoji",
                                "name": "muscle"
                            }
                        ]
                    }
                ]
            }
        ],
        "reactions": [
            {
                "name": "clap",
                "users": [
                    "U015CUP1T5Z",
                    "UK28N3CER",
                    "U016JJSHGKB"
                ],
                "count": 3
            }
        ]
    }
]