[
    {
        "client_msg_id": "ac824463-8087-48c8-b595-686869f56f70",
        "type": "message",
        "text": "Saludos bue día",
        "user": "UK28N3CER",
        "ts": "1592483609.104100",
        "team": "TJH5YU202",
        "user_team": "TJH5YU202",
        "source_team": "TJH5YU202",
        "user_profile": {
            "avatar_hash": "0eafa7153ff3",
            "image_72": "https:\/\/avatars.slack-edge.com\/2020-05-18\/1155120542496_0eafa7153ff35206c804_72.jpg",
            "first_name": "Cesar",
            "real_name": "Cesar SysCtrl Software",
            "display_name": "Cesar SysCtrl Software",
            "team": "TJH5YU202",
            "name": "sysctrlsoftware",
            "is_restricted": false,
            "is_ultra_restricted": false
        },
        "blocks": [
            {
                "type": "rich_text",
                "block_id": "lzii",
                "elements": [
                    {
                        "type": "rich_text_section",
                        "elements": [
                            {
                                "type": "text",
                                "text": "Saludos bue día"
                            }
                        ]
                    }
                ]
            }
        ]
    },
    {
        "type": "message",
        "text": "",
        "files": [
            {
                "id": "F016C580VB2",
                "created": 1592490416,
                "timestamp": 1592490416,
                "name": "curso_es.pdf",
                "title": "curso_es.pdf",
                "mimetype": "application\/pdf",
                "filetype": "pdf",
                "pretty_type": "PDF",
                "user": "UJXP7LS78",
                "editable": false,
                "size": 1187702,
                "mode": "hosted",
                "is_external": false,
                "external_type": "",
                "is_public": true,
                "public_url_shared": false,
                "display_as_bot": false,
                "username": "",
                "url_private": "https:\/\/files.slack.com\/files-pri\/TJH5YU202-F016C580VB2\/curso_es.pdf?t=xoxe-629202954002-1307858988048-1296644259825-cbe9e6d0558bfb5b1a5a18db398692ce",
                "url_private_download": "https:\/\/files.slack.com\/files-pri\/TJH5YU202-F016C580VB2\/download\/curso_es.pdf?t=xoxe-629202954002-1307858988048-1296644259825-cbe9e6d0558bfb5b1a5a18db398692ce",
                "thumb_pdf": "https:\/\/files.slack.com\/files-tmb\/TJH5YU202-F016C580VB2-bfad6fea82\/curso_es_thumb_pdf.png?t=xoxe-629202954002-1307858988048-1296644259825-cbe9e6d0558bfb5b1a5a18db398692ce",
                "thumb_pdf_w": 935,
                "thumb_pdf_h": 1210,
                "permalink": "https:\/\/harbourproject.slack.com\/files\/UJXP7LS78\/F016C580VB2\/curso_es.pdf",
                "permalink_public": "https:\/\/slack-files.com\/TJH5YU202-F016C580VB2-16fdc96aa3",
                "is_starred": false,
                "has_rich_preview": false
            },
            {
                "id": "F015NA1QJ3U",
                "created": 1592490418,
                "timestamp": 1592490418,
                "name": "curso_en.pdf",
                "title": "curso_en.pdf",
                "mimetype": "application\/pdf",
                "filetype": "pdf",
                "pretty_type": "PDF",
                "user": "UJXP7LS78",
                "editable": false,
                "size": 1423618,
                "mode": "hosted",
                "is_external": false,
                "external_type": "",
                "is_public": true,
                "public_url_shared": false,
                "display_as_bot": false,
                "username": "",
                "url_private": "https:\/\/files.slack.com\/files-pri\/TJH5YU202-F015NA1QJ3U\/curso_en.pdf?t=xoxe-629202954002-1307858988048-1296644259825-cbe9e6d0558bfb5b1a5a18db398692ce",
                "url_private_download": "https:\/\/files.slack.com\/files-pri\/TJH5YU202-F015NA1QJ3U\/download\/curso_en.pdf?t=xoxe-629202954002-1307858988048-1296644259825-cbe9e6d0558bfb5b1a5a18db398692ce",
                "thumb_pdf": "https:\/\/files.slack.com\/files-tmb\/TJH5YU202-F015NA1QJ3U-698c873a00\/curso_en_thumb_pdf.png?t=xoxe-629202954002-1307858988048-1296644259825-cbe9e6d0558bfb5b1a5a18db398692ce",
                "thumb_pdf_w": 935,
                "thumb_pdf_h": 1210,
                "permalink": "https:\/\/harbourproject.slack.com\/files\/UJXP7LS78\/F015NA1QJ3U\/curso_en.pdf",
                "permalink_public": "https:\/\/slack-files.com\/TJH5YU202-F015NA1QJ3U-1dc65fd425",
                "is_starred": false,
                "has_rich_preview": false
            }
        ],
        "upload": false,
        "user": "UJXP7LS78",
        "ts": "1592490421.104400"
    },
    {
        "client_msg_id": "9794423c-588f-4831-b5d2-4796b306e332",
        "type": "message",
        "text": "buenos dias con todos",
        "user": "UJXP7LS78",
        "ts": "1592490426.105100",
        "team": "TJH5YU202",
        "user_team": "TJH5YU202",
        "source_team": "TJH5YU202",
        "user_profile": {
            "avatar_hash": "gc4a0baebb72",
            "image_72": "https:\/\/secure.gravatar.com\/avatar\/a1c4a0baebb720b97e5a197259dbf409.jpg?s=72&d=https%3A%2F%2Fa.slack-edge.com%2Fdf10d%2Fimg%2Favatars%2Fava_0007-72.png",
            "first_name": "",
            "real_name": "wilson gamboa",
            "display_name": "wilson gamboa",
            "team": "TJH5YU202",
            "name": "wilson.josenet",
            "is_restricted": false,
            "is_ultra_restricted": false
        },
        "blocks": [
            {
                "type": "rich_text",
                "block_id": "vdimv",
                "elements": [
                    {
                        "type": "rich_text_section",
                        "elements": [
                            {
                                "type": "text",
                                "text": "buenos dias con todos"
                            }
                        ]
                    }
                ]
            }
        ]
    },
    {
        "client_msg_id": "3942161c-6b9b-4bbe-9608-8946ab64d329",
        "type": "message",
        "text": "en la ultima reunion del sabado anterior",
        "user": "UJXP7LS78",
        "ts": "1592490442.105500",
        "team": "TJH5YU202",
        "user_team": "TJH5YU202",
        "source_team": "TJH5YU202",
        "user_profile": {
            "avatar_hash": "gc4a0baebb72",
            "image_72": "https:\/\/secure.gravatar.com\/avatar\/a1c4a0baebb720b97e5a197259dbf409.jpg?s=72&d=https%3A%2F%2Fa.slack-edge.com%2Fdf10d%2Fimg%2Favatars%2Fava_0007-72.png",
            "first_name": "",
            "real_name": "wilson gamboa",
            "display_name": "wilson gamboa",
            "team": "TJH5YU202",
            "name": "wilson.josenet",
            "is_restricted": false,
            "is_ultra_restricted": false
        },
        "blocks": [
            {
                "type": "rich_text",
                "block_id": "FK1c",
                "elements": [
                    {
                        "type": "rich_text_section",
                        "elements": [
                            {
                                "type": "text",
                                "text": "en la ultima reunion del sabado anterior"
                            }
                        ]
                    }
                ]
            }
        ]
    },
    {
        "client_msg_id": "d08c490a-64a6-4d98-8b39-a56284724e03",
        "type": "message",
        "text": "quedamos en pedirle a Charly nos dicte un curso de ModHarbour + Mercury MVC",
        "user": "UJXP7LS78",
        "ts": "1592490474.106100",
        "team": "TJH5YU202",
        "user_team": "TJH5YU202",
        "source_team": "TJH5YU202",
        "user_profile": {
            "avatar_hash": "gc4a0baebb72",
            "image_72": "https:\/\/secure.gravatar.com\/avatar\/a1c4a0baebb720b97e5a197259dbf409.jpg?s=72&d=https%3A%2F%2Fa.slack-edge.com%2Fdf10d%2Fimg%2Favatars%2Fava_0007-72.png",
            "first_name": "",
            "real_name": "wilson gamboa",
            "display_name": "wilson gamboa",
            "team": "TJH5YU202",
            "name": "wilson.josenet",
            "is_restricted": false,
            "is_ultra_restricted": false
        },
        "blocks": [
            {
                "type": "rich_text",
                "block_id": "cV1ZO",
                "elements": [
                    {
                        "type": "rich_text_section",
                        "elements": [
                            {
                                "type": "text",
                                "text": "quedamos en pedirle a Charly nos dicte un curso de ModHarbour + Mercury MVC"
                            }
                        ]
                    }
                ]
            }
        ]
    },
    {
        "client_msg_id": "3403daab-8ece-4ced-9534-57b47759b30f",
        "type": "message",
        "text": "aca esta",
        "user": "UJXP7LS78",
        "ts": "1592490499.106600",
        "team": "TJH5YU202",
        "user_team": "TJH5YU202",
        "source_team": "TJH5YU202",
        "user_profile": {
            "avatar_hash": "gc4a0baebb72",
            "image_72": "https:\/\/secure.gravatar.com\/avatar\/a1c4a0baebb720b97e5a197259dbf409.jpg?s=72&d=https%3A%2F%2Fa.slack-edge.com%2Fdf10d%2Fimg%2Favatars%2Fava_0007-72.png",
            "first_name": "",
            "real_name": "wilson gamboa",
            "display_name": "wilson gamboa",
            "team": "TJH5YU202",
            "name": "wilson.josenet",
            "is_restricted": false,
            "is_ultra_restricted": false
        },
        "blocks": [
            {
                "type": "rich_text",
                "block_id": "lWp",
                "elements": [
                    {
                        "type": "rich_text_section",
                        "elements": [
                            {
                                "type": "text",
                                "text": "aca esta"
                            }
                        ]
                    }
                ]
            }
        ]
    },
    {
        "client_msg_id": "408cf0f1-7fa6-4b0c-97f1-d7037a3c1484",
        "type": "message",
        "text": "saludos cordiales",
        "user": "UJXP7LS78",
        "ts": "1592490502.106800",
        "team": "TJH5YU202",
        "user_team": "TJH5YU202",
        "source_team": "TJH5YU202",
        "user_profile": {
            "avatar_hash": "gc4a0baebb72",
            "image_72": "https:\/\/secure.gravatar.com\/avatar\/a1c4a0baebb720b97e5a197259dbf409.jpg?s=72&d=https%3A%2F%2Fa.slack-edge.com%2Fdf10d%2Fimg%2Favatars%2Fava_0007-72.png",
            "first_name": "",
            "real_name": "wilson gamboa",
            "display_name": "wilson gamboa",
            "team": "TJH5YU202",
            "name": "wilson.josenet",
            "is_restricted": false,
            "is_ultra_restricted": false
        },
        "blocks": [
            {
                "type": "rich_text",
                "block_id": "5snoV",
                "elements": [
                    {
                        "type": "rich_text_section",
                        "elements": [
                            {
                                "type": "text",
                                "text": "saludos cordiales"
                            }
                        ]
                    }
                ]
            }
        ]
    },
    {
        "client_msg_id": "fb89e162-32a6-4f2c-8f82-1762b8814999",
        "type": "message",
        "text": "si no hay objeciones de parte de Charly para promocionarlo en otros foros",
        "user": "UJXP7LS78",
        "ts": "1592490517.107200",
        "team": "TJH5YU202",
        "user_team": "TJH5YU202",
        "source_team": "TJH5YU202",
        "user_profile": {
            "avatar_hash": "gc4a0baebb72",
            "image_72": "https:\/\/secure.gravatar.com\/avatar\/a1c4a0baebb720b97e5a197259dbf409.jpg?s=72&d=https%3A%2F%2Fa.slack-edge.com%2Fdf10d%2Fimg%2Favatars%2Fava_0007-72.png",
            "first_name": "",
            "real_name": "wilson gamboa",
            "display_name": "wilson gamboa",
            "team": "TJH5YU202",
            "name": "wilson.josenet",
            "is_restricted": false,
            "is_ultra_restricted": false
        },
        "blocks": [
            {
                "type": "rich_text",
                "block_id": "txC",
                "elements": [
                    {
                        "type": "rich_text_section",
                        "elements": [
                            {
                                "type": "text",
                                "text": "si no hay objeciones de parte de Charly para promocionarlo en otros foros"
                            }
                        ]
                    }
                ]
            }
        ]
    },
    {
        "client_msg_id": "e29e5fe5-a241-449c-825f-154046a486f5",
        "type": "message",
        "text": "perdon cualquier falta de ortografía o sintaxis no escribo mas que codigo saludos",
        "user": "UJXP7LS78",
        "ts": "1592490564.107900",
        "team": "TJH5YU202",
        "user_team": "TJH5YU202",
        "source_team": "TJH5YU202",
        "user_profile": {
            "avatar_hash": "gc4a0baebb72",
            "image_72": "https:\/\/secure.gravatar.com\/avatar\/a1c4a0baebb720b97e5a197259dbf409.jpg?s=72&d=https%3A%2F%2Fa.slack-edge.com%2Fdf10d%2Fimg%2Favatars%2Fava_0007-72.png",
            "first_name": "",
            "real_name": "wilson gamboa",
            "display_name": "wilson gamboa",
            "team": "TJH5YU202",
            "name": "wilson.josenet",
            "is_restricted": false,
            "is_ultra_restricted": false
        },
        "blocks": [
            {
                "type": "rich_text",
                "block_id": "HZ5uR",
                "elements": [
                    {
                        "type": "rich_text_section",
                        "elements": [
                            {
                                "type": "text",
                                "text": "perdon cualquier falta de ortografía o sintaxis no escribo mas que codigo saludos"
                            }
                        ]
                    }
                ]
            }
        ]
    },
    {
        "client_msg_id": "6cf48677-0e60-487b-8956-c36626da8c09",
        "type": "message",
        "text": "how well do you sign up?\n(   :smirk: I would have preferred in English)",
        "user": "UJXFG9D2S",
        "ts": "1592492458.108200",
        "team": "TJH5YU202",
        "user_team": "TJH5YU202",
        "source_team": "TJH5YU202",
        "user_profile": {
            "avatar_hash": "a243fc96fe44",
            "image_72": "https:\/\/avatars.slack-edge.com\/2019-07-16\/684757739954_a243fc96fe44a9514065_72.jpg",
            "first_name": "",
            "real_name": "Maurizio",
            "display_name": "Maurizio",
            "team": "TJH5YU202",
            "name": "info703",
            "is_restricted": false,
            "is_ultra_restricted": false
        },
        "blocks": [
            {
                "type": "rich_text",
                "block_id": "V=l",
                "elements": [
                    {
                        "type": "rich_text_section",
                        "elements": [
                            {
                                "type": "text",
                                "text": "how well do you sign up?\n(   "
                            },
                            {
                                "type": "emoji",
                                "name": "smirk"
                            },
                            {
                                "type": "text",
                                "text": " I would have preferred in English)"
                            }
                        ]
                    }
                ]
            }
        ]
    },
    {
        "client_msg_id": "70b1edb0-a262-4822-b865-8a37251861ff",
        "type": "message",
        "text": "Hola, si al final hacemos el curso, se hará el primero en Español. Segun como vaya haremos otro en Ingles",
        "user": "UJWR5N32S",
        "ts": "1592493897.109000",
        "team": "TJH5YU202",
        "user_team": "TJH5YU202",
        "source_team": "TJH5YU202",
        "user_profile": {
            "avatar_hash": "273d3745f7ae",
            "image_72": "https:\/\/avatars.slack-edge.com\/2019-05-20\/634344238497_273d3745f7ae1b176b82_72.jpg",
            "first_name": "Charly",
            "real_name": "Charly",
            "display_name": "Charly",
            "team": "TJH5YU202",
            "name": "carles9000",
            "is_restricted": false,
            "is_ultra_restricted": false
        },
        "blocks": [
            {
                "type": "rich_text",
                "block_id": "qdP",
                "elements": [
                    {
                        "type": "rich_text_section",
                        "elements": [
                            {
                                "type": "text",
                                "text": "Hola, si al final hacemos el curso, se hará el primero en Español. Segun como vaya haremos otro en Ingles"
                            }
                        ]
                    }
                ]
            }
        ],
        "reactions": [
            {
                "name": "+1",
                "users": [
                    "UJUSD6VB2"
                ],
                "count": 1
            }
        ]
    },
    {
        "client_msg_id": "1e6bf242-d93b-4078-9ec5-12e041b2243b",
        "type": "message",
        "text": "La leche, mi madre, el Charly domina la lengua del imperio :stuck_out_tongue_winking_eye:",
        "user": "UJULQCHL5",
        "ts": "1592496348.109700",
        "team": "TJH5YU202",
        "user_team": "TJH5YU202",
        "source_team": "TJH5YU202",
        "user_profile": {
            "avatar_hash": "g7659142325a",
            "image_72": "https:\/\/secure.gravatar.com\/avatar\/c87659142325a3facb661d85281ec091.jpg?s=72&d=https%3A%2F%2Fa.slack-edge.com%2Fdf10d%2Fimg%2Favatars%2Fava_0003-72.png",
            "first_name": "",
            "real_name": "Paquito",
            "display_name": "Paquito",
            "team": "TJH5YU202",
            "name": "hmpaquito",
            "is_restricted": false,
            "is_ultra_restricted": false
        },
        "blocks": [
            {
                "type": "rich_text",
                "block_id": "r9s",
                "elements": [
                    {
                        "type": "rich_text_section",
                        "elements": [
                            {
                                "type": "text",
                                "text": "La leche, mi madre, el Charly domina la lengua del imperio "
                            },
                            {
                                "type": "emoji",
                                "name": "stuck_out_tongue_winking_eye"
                            }
                        ]
                    }
                ]
            }
        ]
    },
    {
        "client_msg_id": "33e9a3a7-780a-451f-b75f-b17abf130237",
        "type": "message",
        "text": "<@UJN8D8U3B> Puedes hacer que la version FastCgi vaya un poco mas lenta ? Es que me cuesta tracearla...",
        "user": "UJWR5N32S",
        "ts": "1592496718.110300",
        "team": "TJH5YU202",
        "user_team": "TJH5YU202",
        "source_team": "TJH5YU202",
        "user_profile": {
            "avatar_hash": "273d3745f7ae",
            "image_72": "https:\/\/avatars.slack-edge.com\/2019-05-20\/634344238497_273d3745f7ae1b176b82_72.jpg",
            "first_name": "Charly",
            "real_name": "Charly",
            "display_name": "Charly",
            "team": "TJH5YU202",
            "name": "carles9000",
            "is_restricted": false,
            "is_ultra_restricted": false
        },
        "blocks": [
            {
                "type": "rich_text",
                "block_id": "bR5",
                "elements": [
                    {
                        "type": "rich_text_section",
                        "elements": [
                            {
                                "type": "user",
                                "user_id": "UJN8D8U3B"
                            },
                            {
                                "type": "text",
                                "text": " Puedes hacer que la version FastCgi vaya un poco mas lenta ? Es que me cuesta tracearla..."
                            }
                        ]
                    }
                ]
            }
        ],
        "reactions": [
            {
                "name": "rolling_on_the_floor_laughing",
                "users": [
                    "UJN8D8U3B"
                ],
                "count": 1
            }
        ]
    },
    {
        "client_msg_id": "4498e003-e402-486f-b352-ac84d69ec22e",
        "type": "message",
        "text": "Para el curso... deberiamos de saber que version de ModHarbour, para no hacer ir mal a los que sigamos el curso, y tenerlo perfectamente funcionando.",
        "user": "UJU3NMK0U",
        "ts": "1592496879.111500",
        "team": "TJH5YU202",
        "user_team": "TJH5YU202",
        "source_team": "TJH5YU202",
        "user_profile": {
            "avatar_hash": "48f1b9655122",
            "image_72": "https:\/\/avatars.slack-edge.com\/2019-05-20\/640143784356_48f1b96551220d9fdd4d_72.jpg",
            "first_name": "Xevi",
            "real_name": "Xevi",
            "display_name": "Xevi",
            "team": "TJH5YU202",
            "name": "xevicomas",
            "is_restricted": false,
            "is_ultra_restricted": false
        },
        "blocks": [
            {
                "type": "rich_text",
                "block_id": "=yvDz",
                "elements": [
                    {
                        "type": "rich_text_section",
                        "elements": [
                            {
                                "type": "text",
                                "text": "Para el curso... deberiamos de saber que version de ModHarbour, para no hacer ir mal a los que sigamos el curso, y tenerlo perfectamente funcionando."
                            }
                        ]
                    }
                ]
            }
        ]
    },
    {
        "client_msg_id": "bcb09cd8-b85a-47cc-8349-32419643fea5",
        "type": "message",
        "text": "Y,,, no se, viendo que se está encarando ModHarbour a fastcgi, se va a enforcar el curso a esta versión???",
        "user": "UJU3NMK0U",
        "ts": "1592496952.113000",
        "team": "TJH5YU202",
        "user_team": "TJH5YU202",
        "source_team": "TJH5YU202",
        "user_profile": {
            "avatar_hash": "48f1b9655122",
            "image_72": "https:\/\/avatars.slack-edge.com\/2019-05-20\/640143784356_48f1b96551220d9fdd4d_72.jpg",
            "first_name": "Xevi",
            "real_name": "Xevi",
            "display_name": "Xevi",
            "team": "TJH5YU202",
            "name": "xevicomas",
            "is_restricted": false,
            "is_ultra_restricted": false
        },
        "blocks": [
            {
                "type": "rich_text",
                "block_id": "j\/\/0",
                "elements": [
                    {
                        "type": "rich_text_section",
                        "elements": [
                            {
                                "type": "text",
                                "text": "Y,,, no se, viendo que se está encarando ModHarbour a fastcgi, se va a enforcar el curso a esta versión???"
                            }
                        ]
                    }
                ]
            }
        ]
    },
    {
        "client_msg_id": "040d9e31-2516-4f97-9d06-dcc8dab89f71",
        "type": "message",
        "text": "No",
        "user": "UJWR5N32S",
        "ts": "1592496988.113500",
        "team": "TJH5YU202",
        "user_team": "TJH5YU202",
        "source_team": "TJH5YU202",
        "user_profile": {
            "avatar_hash": "273d3745f7ae",
            "image_72": "https:\/\/avatars.slack-edge.com\/2019-05-20\/634344238497_273d3745f7ae1b176b82_72.jpg",
            "first_name": "Charly",
            "real_name": "Charly",
            "display_name": "Charly",
            "team": "TJH5YU202",
            "name": "carles9000",
            "is_restricted": false,
            "is_ultra_restricted": false
        },
        "blocks": [
            {
                "type": "rich_text",
                "block_id": "RUwc5",
                "elements": [
                    {
                        "type": "rich_text_section",
                        "elements": [
                            {
                                "type": "text",
                                "text": "No"
                            }
                        ]
                    }
                ]
            }
        ]
    },
    {
        "client_msg_id": "99ff27ad-d6f3-4457-9bb4-24bd60948cba",
        "type": "message",
        "text": "El curso es sobre modharbour y con la version que Mercury tiene testeada. Esta version está publicada en el foro.",
        "user": "UJWR5N32S",
        "ts": "1592497042.114400",
        "team": "TJH5YU202",
        "user_team": "TJH5YU202",
        "source_team": "TJH5YU202",
        "user_profile": {
            "avatar_hash": "273d3745f7ae",
            "image_72": "https:\/\/avatars.slack-edge.com\/2019-05-20\/634344238497_273d3745f7ae1b176b82_72.jpg",
            "first_name": "Charly",
            "real_name": "Charly",
            "display_name": "Charly",
            "team": "TJH5YU202",
            "name": "carles9000",
            "is_restricted": false,
            "is_ultra_restricted": false
        },
        "blocks": [
            {
                "type": "rich_text",
                "block_id": "M4hZp",
                "elements": [
                    {
                        "type": "rich_text_section",
                        "elements": [
                            {
                                "type": "text",
                                "text": "El curso es sobre modharbour y con la version que Mercury tiene testeada. Esta version está publicada en el foro."
                            }
                        ]
                    }
                ]
            }
        ]
    },
    {
        "client_msg_id": "73234a83-3b45-4053-b429-f5868c9d74eb",
        "type": "message",
        "text": "Estoy haciendo cambios para crear la version para fastcgi pero no se cuando va a llegar",
        "user": "UJWR5N32S",
        "ts": "1592497082.115200",
        "team": "TJH5YU202",
        "user_team": "TJH5YU202",
        "source_team": "TJH5YU202",
        "user_profile": {
            "avatar_hash": "273d3745f7ae",
            "image_72": "https:\/\/avatars.slack-edge.com\/2019-05-20\/634344238497_273d3745f7ae1b176b82_72.jpg",
            "first_name": "Charly",
            "real_name": "Charly",
            "display_name": "Charly",
            "team": "TJH5YU202",
            "name": "carles9000",
            "is_restricted": false,
            "is_ultra_restricted": false
        },
        "blocks": [
            {
                "type": "rich_text",
                "block_id": "A309",
                "elements": [
                    {
                        "type": "rich_text_section",
                        "elements": [
                            {
                                "type": "text",
                                "text": "Estoy haciendo cambios para crear la version para fastcgi pero no se cuando va a llegar"
                            }
                        ]
                    }
                ]
            }
        ]
    },
    {
        "client_msg_id": "3e717bb6-34e1-4199-92e1-36a8797890f9",
        "type": "message",
        "text": "El comportamiento ha de ser el mismo",
        "user": "UJWR5N32S",
        "ts": "1592497092.115500",
        "team": "TJH5YU202",
        "user_team": "TJH5YU202",
        "source_team": "TJH5YU202",
        "user_profile": {
            "avatar_hash": "273d3745f7ae",
            "image_72": "https:\/\/avatars.slack-edge.com\/2019-05-20\/634344238497_273d3745f7ae1b176b82_72.jpg",
            "first_name": "Charly",
            "real_name": "Charly",
            "display_name": "Charly",
            "team": "TJH5YU202",
            "name": "carles9000",
            "is_restricted": false,
            "is_ultra_restricted": false
        },
        "blocks": [
            {
                "type": "rich_text",
                "block_id": "Aad=p",
                "elements": [
                    {
                        "type": "rich_text_section",
                        "elements": [
                            {
                                "type": "text",
                                "text": "El comportamiento ha de ser el mismo"
                            }
                        ]
                    }
                ]
            }
        ]
    },
    {
        "client_msg_id": "9a060d1e-c17b-4e1b-af3f-8b11d75dcfe4",
        "type": "message",
        "text": "Mas que nada, por los cambios o renombramientos de funciones AP_ a MH_\nY, que visto lo FAST que corre el mod con fastcgi, vienen ganas de ir a por esa versión :grinning:",
        "user": "UJU3NMK0U",
        "ts": "1592497246.116900",
        "team": "TJH5YU202",
        "user_team": "TJH5YU202",
        "source_team": "TJH5YU202",
        "user_profile": {
            "avatar_hash": "48f1b9655122",
            "image_72": "https:\/\/avatars.slack-edge.com\/2019-05-20\/640143784356_48f1b96551220d9fdd4d_72.jpg",
            "first_name": "Xevi",
            "real_name": "Xevi",
            "display_name": "Xevi",
            "team": "TJH5YU202",
            "name": "xevicomas",
            "is_restricted": false,
            "is_ultra_restricted": false
        },
        "blocks": [
            {
                "type": "rich_text",
                "block_id": "M9A",
                "elements": [
                    {
                        "type": "rich_text_section",
                        "elements": [
                            {
                                "type": "text",
                                "text": "Mas que nada, por los cambios o renombramientos de funciones AP_ a MH_\nY, que visto lo FAST que corre el mod con fastcgi, vienen ganas de ir a por esa versión "
                            },
                            {
                                "type": "emoji",
                                "name": "grinning"
                            }
                        ]
                    }
                ]
            }
        ]
    },
    {
        "client_msg_id": "17883f70-deb6-4f00-8e50-d6c3716590ae",
        "type": "message",
        "text": "segun el foro...\nversion de modHarbour del 200517 (hay un link para descarga)\nPero, la versión de Mercury???\nSeria bueno poner un zip en el mensaje con un link para descarga.",
        "user": "UJU3NMK0U",
        "ts": "1592497505.118400",
        "team": "TJH5YU202",
        "user_team": "TJH5YU202",
        "source_team": "TJH5YU202",
        "user_profile": {
            "avatar_hash": "48f1b9655122",
            "image_72": "https:\/\/avatars.slack-edge.com\/2019-05-20\/640143784356_48f1b96551220d9fdd4d_72.jpg",
            "first_name": "Xevi",
            "real_name": "Xevi",
            "display_name": "Xevi",
            "team": "TJH5YU202",
            "name": "xevicomas",
            "is_restricted": false,
            "is_ultra_restricted": false
        },
        "blocks": [
            {
                "type": "rich_text",
                "block_id": "dAYw",
                "elements": [
                    {
                        "type": "rich_text_section",
                        "elements": [
                            {
                                "type": "text",
                                "text": "segun el foro...\nversion de modHarbour del 200517 (hay un link para descarga)\nPero, la versión de Mercury???\nSeria bueno poner un zip en el mensaje con un link para descarga."
                            }
                        ]
                    }
                ]
            }
        ]
    },
    {
        "client_msg_id": "ad7d20c2-fdf5-4917-b3d9-5b43731091f3",
        "type": "message",
        "text": "buenas tardes con todos",
        "user": "UJXP7LS78",
        "ts": "1592501849.118600",
        "team": "TJH5YU202",
        "user_team": "TJH5YU202",
        "source_team": "TJH5YU202",
        "user_profile": {
            "avatar_hash": "gc4a0baebb72",
            "image_72": "https:\/\/secure.gravatar.com\/avatar\/a1c4a0baebb720b97e5a197259dbf409.jpg?s=72&d=https%3A%2F%2Fa.slack-edge.com%2Fdf10d%2Fimg%2Favatars%2Fava_0007-72.png",
            "first_name": "",
            "real_name": "wilson gamboa",
            "display_name": "wilson gamboa",
            "team": "TJH5YU202",
            "name": "wilson.josenet",
            "is_restricted": false,
            "is_ultra_restricted": false
        },
        "blocks": [
            {
                "type": "rich_text",
                "block_id": "Vpf6q",
                "elements": [
                    {
                        "type": "rich_text_section",
                        "elements": [
                            {
                                "type": "text",
                                "text": "buenas tardes con todos"
                            }
                        ]
                    }
                ]
            }
        ]
    },
    {
        "client_msg_id": "c7247d04-2b0a-43eb-b64d-383bcd6fc710",
        "type": "message",
        "text": "me alegra que se discuta del curso muchas gracias todo es  bienvenido",
        "user": "UJXP7LS78",
        "ts": "1592501863.119100",
        "team": "TJH5YU202",
        "user_team": "TJH5YU202",
        "source_team": "TJH5YU202",
        "user_profile": {
            "avatar_hash": "gc4a0baebb72",
            "image_72": "https:\/\/secure.gravatar.com\/avatar\/a1c4a0baebb720b97e5a197259dbf409.jpg?s=72&d=https%3A%2F%2Fa.slack-edge.com%2Fdf10d%2Fimg%2Favatars%2Fava_0007-72.png",
            "first_name": "",
            "real_name": "wilson gamboa",
            "display_name": "wilson gamboa",
            "team": "TJH5YU202",
            "name": "wilson.josenet",
            "is_restricted": false,
            "is_ultra_restricted": false
        },
        "blocks": [
            {
                "type": "rich_text",
                "block_id": "kbfX3",
                "elements": [
                    {
                        "type": "rich_text_section",
                        "elements": [
                            {
                                "type": "text",
                                "text": "me alegra que se discuta del curso muchas gracias todo es  bienvenido"
                            }
                        ]
                    }
                ]
            }
        ]
    },
    {
        "client_msg_id": "17694c70-386e-4a6e-a6c3-b5a1f2a57ffc",
        "type": "message",
        "text": "<@UJXP7LS78> estamos listos",
        "user": "UK28N3CER",
        "ts": "1592506389.119600",
        "team": "TJH5YU202",
        "user_team": "TJH5YU202",
        "source_team": "TJH5YU202",
        "user_profile": {
            "avatar_hash": "0eafa7153ff3",
            "image_72": "https:\/\/avatars.slack-edge.com\/2020-05-18\/1155120542496_0eafa7153ff35206c804_72.jpg",
            "first_name": "Cesar",
            "real_name": "Cesar SysCtrl Software",
            "display_name": "Cesar SysCtrl Software",
            "team": "TJH5YU202",
            "name": "sysctrlsoftware",
            "is_restricted": false,
            "is_ultra_restricted": false
        },
        "blocks": [
            {
                "type": "rich_text",
                "block_id": "659",
                "elements": [
                    {
                        "type": "rich_text_section",
                        "elements": [
                            {
                                "type": "user",
                                "user_id": "UJXP7LS78"
                            },
                            {
                                "type": "text",
                                "text": " estamos listos"
                            }
                        ]
                    }
                ]
            }
        ]
    },
    {
        "client_msg_id": "43c37250-4a64-4eb1-919f-f2611f0f9125",
        "type": "message",
        "text": "¿Dónde encontramos la descarga de la versión Fastcgi de windows?",
        "user": "UJHD6A81H",
        "ts": "1592506960.119800",
        "team": "TJH5YU202",
        "user_team": "TJH5YU202",
        "source_team": "TJH5YU202",
        "user_profile": {
            "avatar_hash": "g6b8073e00e9",
            "image_72": "https:\/\/secure.gravatar.com\/avatar\/b96b8073e00e9eb02bcf05bc1418eb3a.jpg?s=72&d=https%3A%2F%2Fa.slack-edge.com%2Fdf10d%2Fimg%2Favatars%2Fava_0021-72.png",
            "first_name": "Otto",
            "real_name": "Otto Atzwanger",
            "display_name": "Otto",
            "team": "TJH5YU202",
            "name": "otto",
            "is_restricted": false,
            "is_ultra_restricted": false
        },
        "blocks": [
            {
                "type": "rich_text",
                "block_id": "Lagl",
                "elements": [
                    {
                        "type": "rich_text_section",
                        "elements": [
                            {
                                "type": "text",
                                "text": "¿Dónde encontramos la descarga de la versión Fastcgi de windows?"
                            }
                        ]
                    }
                ]
            }
        ]
    },
    {
        "client_msg_id": "b1437ab5-1cd7-4006-8698-d68394c326d3",
        "type": "message",
        "text": "esta en el repositorio de modharbour",
        "user": "UK28N3CER",
        "ts": "1592507003.120100",
        "team": "TJH5YU202",
        "user_team": "TJH5YU202",
        "source_team": "TJH5YU202",
        "user_profile": {
            "avatar_hash": "0eafa7153ff3",
            "image_72": "https:\/\/avatars.slack-edge.com\/2020-05-18\/1155120542496_0eafa7153ff35206c804_72.jpg",
            "first_name": "Cesar",
            "real_name": "Cesar SysCtrl Software",
            "display_name": "Cesar SysCtrl Software",
            "team": "TJH5YU202",
            "name": "sysctrlsoftware",
            "is_restricted": false,
            "is_ultra_restricted": false
        },
        "blocks": [
            {
                "type": "rich_text",
                "block_id": "riF",
                "elements": [
                    {
                        "type": "rich_text_section",
                        "elements": [
                            {
                                "type": "text",
                                "text": "esta en el repositorio de modharbour"
                            }
                        ]
                    }
                ]
            }
        ]
    },
    {
        "client_msg_id": "fc781ec5-0678-4442-882b-d43faa8de3fe",
        "type": "message",
        "text": "git clone <https:\/\/github.com\/fivetechsoft\/mod_harbour>",
        "user": "UK28N3CER",
        "ts": "1592507095.120300",
        "team": "TJH5YU202",
        "user_team": "TJH5YU202",
        "source_team": "TJH5YU202",
        "user_profile": {
            "avatar_hash": "0eafa7153ff3",
            "image_72": "https:\/\/avatars.slack-edge.com\/2020-05-18\/1155120542496_0eafa7153ff35206c804_72.jpg",
            "first_name": "Cesar",
            "real_name": "Cesar SysCtrl Software",
            "display_name": "Cesar SysCtrl Software",
            "team": "TJH5YU202",
            "name": "sysctrlsoftware",
            "is_restricted": false,
            "is_ultra_restricted": false
        },
        "attachments": [
            {
                "fallback": "FiveTechSoft\/mod_harbour",
                "text": "Apache mod for Harbour",
                "title": "FiveTechSoft\/mod_harbour",
                "footer": "<https:\/\/github.com\/FiveTechSoft\/mod_harbour|FiveTechSoft\/mod_harbour>",
                "id": 1,
                "footer_icon": "https:\/\/github.githubassets.com\/favicon.ico",
                "ts": 1557923176,
                "color": "24292f",
                "fields": [
                    {
                        "title": "Website",
                        "value": "<https:\/\/fivetechsoft.github.io\/mod_harbour\/>",
                        "short": true
                    },
                    {
                        "title": "Stars",
                        "value": "24",
                        "short": true
                    }
                ],
                "mrkdwn_in": [
                    "text",
                    "fields"
                ],
                "bot_id": "B013M1D0ZKM",
                "app_unfurl_url": "https:\/\/github.com\/fivetechsoft\/mod_harbour",
                "is_app_unfurl": true
            }
        ],
        "blocks": [
            {
                "type": "rich_text",
                "block_id": "0eq5",
                "elements": [
                    {
                        "type": "rich_text_section",
                        "elements": [
                            {
                                "type": "text",
                                "text": "git clone "
                            },
                            {
                                "type": "link",
                                "url": "https:\/\/github.com\/fivetechsoft\/mod_harbour"
                            }
                        ]
                    }
                ]
            }
        ]
    },
    {
        "type": "message",
        "text": "",
        "files": [
            {
                "id": "F015P8X47DH",
                "created": 1592507177,
                "timestamp": 1592507177,
                "name": "image.png",
                "title": "image.png",
                "mimetype": "image\/png",
                "filetype": "png",
                "pretty_type": "PNG",
                "user": "UK28N3CER",
                "editable": false,
                "size": 47300,
                "mode": "hosted",
                "is_external": false,
                "external_type": "",
                "is_public": true,
                "public_url_shared": false,
                "display_as_bot": false,
                "username": "",
                "url_private": "https:\/\/files.slack.com\/files-pri\/TJH5YU202-F015P8X47DH\/image.png?t=xoxe-629202954002-1307858988048-1296644259825-cbe9e6d0558bfb5b1a5a18db398692ce",
                "url_private_download": "https:\/\/files.slack.com\/files-pri\/TJH5YU202-F015P8X47DH\/download\/image.png?t=xoxe-629202954002-1307858988048-1296644259825-cbe9e6d0558bfb5b1a5a18db398692ce",
                "thumb_64": "https:\/\/files.slack.com\/files-tmb\/TJH5YU202-F015P8X47DH-519a92620a\/image_64.png?t=xoxe-629202954002-1307858988048-1296644259825-cbe9e6d0558bfb5b1a5a18db398692ce",
                "thumb_80": "https:\/\/files.slack.com\/files-tmb\/TJH5YU202-F015P8X47DH-519a92620a\/image_80.png?t=xoxe-629202954002-1307858988048-1296644259825-cbe9e6d0558bfb5b1a5a18db398692ce",
                "thumb_360": "https:\/\/files.slack.com\/files-tmb\/TJH5YU202-F015P8X47DH-519a92620a\/image_360.png?t=xoxe-629202954002-1307858988048-1296644259825-cbe9e6d0558bfb5b1a5a18db398692ce",
                "thumb_360_w": 360,
                "thumb_360_h": 242,
                "thumb_480": "https:\/\/files.slack.com\/files-tmb\/TJH5YU202-F015P8X47DH-519a92620a\/image_480.png?t=xoxe-629202954002-1307858988048-1296644259825-cbe9e6d0558bfb5b1a5a18db398692ce",
                "thumb_480_w": 480,
                "thumb_480_h": 323,
                "thumb_160": "https:\/\/files.slack.com\/files-tmb\/TJH5YU202-F015P8X47DH-519a92620a\/image_160.png?t=xoxe-629202954002-1307858988048-1296644259825-cbe9e6d0558bfb5b1a5a18db398692ce",
                "original_w": 608,
                "original_h": 409,
                "thumb_tiny": "AwAgADC8gkBO9wfoMU7vS7R170Yx2oABxS7qTH4il28YoAN1J1HHFGMUDGKAEb7xoY7QD6UrcnFLzj1oAYkmTj196kpoyO1Lk\/3TQANSHkGlOT2xSdPxoA\/\/2Q==",
                "permalink": "https:\/\/harbourproject.slack.com\/files\/UK28N3CER\/F015P8X47DH\/image.png",
                "permalink_public": "https:\/\/slack-files.com\/TJH5YU202-F015P8X47DH-d715d8293b",
                "is_starred": false,
                "has_rich_preview": false
            }
        ],
        "upload": false,
        "user": "UK28N3CER",
        "display_as_bot": false,
        "ts": "1592507178.120500"
    },
    {
        "client_msg_id": "8a370eb9-6e60-4843-9fa3-ab1913a38998",
        "type": "message",
        "text": "Cesar, gracias. Pero los archivos que veo son del 16.6.2020. Es esto correcto. ¿Hay alguna instrucción de cómo instalar?",
        "user": "UJHD6A81H",
        "ts": "1592507851.121800",
        "team": "TJH5YU202",
        "user_team": "TJH5YU202",
        "source_team": "TJH5YU202",
        "user_profile": {
            "avatar_hash": "g6b8073e00e9",
            "image_72": "https:\/\/secure.gravatar.com\/avatar\/b96b8073e00e9eb02bcf05bc1418eb3a.jpg?s=72&d=https%3A%2F%2Fa.slack-edge.com%2Fdf10d%2Fimg%2Favatars%2Fava_0021-72.png",
            "first_name": "Otto",
            "real_name": "Otto Atzwanger",
            "display_name": "Otto",
            "team": "TJH5YU202",
            "name": "otto",
            "is_restricted": false,
            "is_ultra_restricted": false
        },
        "blocks": [
            {
                "type": "rich_text",
                "block_id": "R1hn",
                "elements": [
                    {
                        "type": "rich_text_section",
                        "elements": [
                            {
                                "type": "text",
                                "text": "Cesar, gracias. Pero los archivos que veo son del 16.6.2020. Es esto correcto. ¿Hay alguna instrucción de cómo instalar?"
                            }
                        ]
                    }
                ]
            }
        ]
    },
    {
        "client_msg_id": "10d365d1-db80-422f-9eec-da2dafd463e5",
        "type": "message",
        "text": "Copy mod_fcgid.so to c:\\Apache24\\modules\\mod_fcgid.so\n\nCopy modharbour.exe to c:\\Apache24\/bin\/modharbour.exe\n\nCopy libfcgi.dll to c:\\Apache24\/bin\/libfcgi.dll\n\nAdd these lines at the bottom of c:\\Apache24\\conf\\httpd.conf\n\n```\nLoadModule fcgid_module modules\/mod_fcgid.so\n\n&lt;FilesMatch \"\\.(prg|hrb)$\"&gt;\n    SetHandler fcgid-script\n    Options +ExecCGI\n    FcgidWrapper c:\/Apache24\/bin\/modharbour.exe\n&lt;\/FilesMatch&gt;",
        "user": "UK28N3CER",
        "ts": "1592508684.122000",
        "team": "TJH5YU202",
        "user_team": "TJH5YU202",
        "source_team": "TJH5YU202",
        "user_profile": {
            "avatar_hash": "0eafa7153ff3",
            "image_72": "https:\/\/avatars.slack-edge.com\/2020-05-18\/1155120542496_0eafa7153ff35206c804_72.jpg",
            "first_name": "Cesar",
            "real_name": "Cesar SysCtrl Software",
            "display_name": "Cesar SysCtrl Software",
            "team": "TJH5YU202",
            "name": "sysctrlsoftware",
            "is_restricted": false,
            "is_ultra_restricted": false
        },
        "blocks": [
            {
                "type": "rich_text",
                "block_id": "l5N",
                "elements": [
                    {
                        "type": "rich_text_section",
                        "elements": [
                            {
                                "type": "text",
                                "text": "Copy mod_fcgid.so to c:\\Apache24\\modules\\mod_fcgid.so\n\nCopy modharbour.exe to c:\\Apache24\/bin\/modharbour.exe\n\nCopy libfcgi.dll to c:\\Apache24\/bin\/libfcgi.dll\n\nAdd these lines at the bottom of c:\\Apache24\\conf\\httpd.conf\n\n```\nLoadModule fcgid_module modules\/mod_fcgid.so\n\n<FilesMatch \"\\.(prg|hrb)$\">\n    SetHandler fcgid-script\n    Options +ExecCGI\n    FcgidWrapper c:\/Apache24\/bin\/modharbour.exe\n<\/FilesMatch>"
                            }
                        ]
                    }
                ]
            }
        ]
    },
    {
        "client_msg_id": "ac27c9d2-2cb6-4650-86e2-761c8dbbd114",
        "type": "message",
        "text": "stop apache",
        "user": "UK28N3CER",
        "ts": "1592508738.122400",
        "team": "TJH5YU202",
        "user_team": "TJH5YU202",
        "source_team": "TJH5YU202",
        "user_profile": {
            "avatar_hash": "0eafa7153ff3",
            "image_72": "https:\/\/avatars.slack-edge.com\/2020-05-18\/1155120542496_0eafa7153ff35206c804_72.jpg",
            "first_name": "Cesar",
            "real_name": "Cesar SysCtrl Software",
            "display_name": "Cesar SysCtrl Software",
            "team": "TJH5YU202",
            "name": "sysctrlsoftware",
            "is_restricted": false,
            "is_ultra_restricted": false
        },
        "blocks": [
            {
                "type": "rich_text",
                "block_id": "VcAaw",
                "elements": [
                    {
                        "type": "rich_text_section",
                        "elements": [
                            {
                                "type": "text",
                                "text": "stop apache"
                            }
                        ]
                    }
                ]
            }
        ]
    },
    {
        "client_msg_id": "aaa40c8d-63aa-449d-9613-0b1711669eb1",
        "type": "message",
        "text": "mod_fcgid.so debe de ser del 13\/06\/2020",
        "user": "UK28N3CER",
        "ts": "1592508798.122800",
        "team": "TJH5YU202",
        "user_team": "TJH5YU202",
        "source_team": "TJH5YU202",
        "user_profile": {
            "avatar_hash": "0eafa7153ff3",
            "image_72": "https:\/\/avatars.slack-edge.com\/2020-05-18\/1155120542496_0eafa7153ff35206c804_72.jpg",
            "first_name": "Cesar",
            "real_name": "Cesar SysCtrl Software",
            "display_name": "Cesar SysCtrl Software",
            "team": "TJH5YU202",
            "name": "sysctrlsoftware",
            "is_restricted": false,
            "is_ultra_restricted": false
        },
        "blocks": [
            {
                "type": "rich_text",
                "block_id": "ube",
                "elements": [
                    {
                        "type": "rich_text_section",
                        "elements": [
                            {
                                "type": "text",
                                "text": "mod_fcgid.so debe de ser del 13\/06\/2020"
                            }
                        ]
                    }
                ]
            }
        ]
    },
    {
        "client_msg_id": "ec07092f-f41c-4577-88fa-f7c76b4788ec",
        "type": "message",
        "text": "fastcgi\/windows\/readme.md",
        "user": "UK28N3CER",
        "ts": "1592509844.123600",
        "team": "TJH5YU202",
        "user_team": "TJH5YU202",
        "source_team": "TJH5YU202",
        "user_profile": {
            "avatar_hash": "0eafa7153ff3",
            "image_72": "https:\/\/avatars.slack-edge.com\/2020-05-18\/1155120542496_0eafa7153ff35206c804_72.jpg",
            "first_name": "Cesar",
            "real_name": "Cesar SysCtrl Software",
            "display_name": "Cesar SysCtrl Software",
            "team": "TJH5YU202",
            "name": "sysctrlsoftware",
            "is_restricted": false,
            "is_ultra_restricted": false
        },
        "blocks": [
            {
                "type": "rich_text",
                "block_id": "oc0d",
                "elements": [
                    {
                        "type": "rich_text_section",
                        "elements": [
                            {
                                "type": "text",
                                "text": "fastcgi\/windows\/readme.md"
                            }
                        ]
                    }
                ]
            }
        ]
    },
    {
        "client_msg_id": "6c46dcc6-f75d-452c-ad48-9bfd5a712ae1",
        "type": "message",
        "text": "Cesar, thank you. I am now at home and the server is in the office and I forgot the TV ID.",
        "user": "UJHD6A81H",
        "ts": "1592511343.124500",
        "team": "TJH5YU202",
        "user_team": "TJH5YU202",
        "source_team": "TJH5YU202",
        "user_profile": {
            "avatar_hash": "g6b8073e00e9",
            "image_72": "https:\/\/secure.gravatar.com\/avatar\/b96b8073e00e9eb02bcf05bc1418eb3a.jpg?s=72&d=https%3A%2F%2Fa.slack-edge.com%2Fdf10d%2Fimg%2Favatars%2Fava_0021-72.png",
            "first_name": "Otto",
            "real_name": "Otto Atzwanger",
            "display_name": "Otto",
            "team": "TJH5YU202",
            "name": "otto",
            "is_restricted": false,
            "is_ultra_restricted": false
        },
        "blocks": [
            {
                "type": "rich_text",
                "block_id": "nbG=y",
                "elements": [
                    {
                        "type": "rich_text_section",
                        "elements": [
                            {
                                "type": "text",
                                "text": "Cesar, thank you. I am now at home and the server is in the office and I forgot the TV ID."
                            }
                        ]
                    }
                ]
            }
        ]
    },
    {
        "client_msg_id": "fd00ae9a-5305-4edc-ad37-815db11c6cdd",
        "type": "message",
        "text": "I will update tomorrow morning.",
        "user": "UJHD6A81H",
        "ts": "1592511358.124900",
        "team": "TJH5YU202",
        "user_team": "TJH5YU202",
        "source_team": "TJH5YU202",
        "user_profile": {
            "avatar_hash": "g6b8073e00e9",
            "image_72": "https:\/\/secure.gravatar.com\/avatar\/b96b8073e00e9eb02bcf05bc1418eb3a.jpg?s=72&d=https%3A%2F%2Fa.slack-edge.com%2Fdf10d%2Fimg%2Favatars%2Fava_0021-72.png",
            "first_name": "Otto",
            "real_name": "Otto Atzwanger",
            "display_name": "Otto",
            "team": "TJH5YU202",
            "name": "otto",
            "is_restricted": false,
            "is_ultra_restricted": false
        },
        "blocks": [
            {
                "type": "rich_text",
                "block_id": "8Ni",
                "elements": [
                    {
                        "type": "rich_text_section",
                        "elements": [
                            {
                                "type": "text",
                                "text": "I will update tomorrow morning."
                            }
                        ]
                    }
                ]
            }
        ]
    },
    {
        "client_msg_id": "2fb63257-eeb0-4325-8230-5dedf8cfa86c",
        "type": "message",
        "text": "ok. Otto",
        "user": "UK28N3CER",
        "ts": "1592513108.125100",
        "team": "TJH5YU202",
        "user_team": "TJH5YU202",
        "source_team": "TJH5YU202",
        "user_profile": {
            "avatar_hash": "0eafa7153ff3",
            "image_72": "https:\/\/avatars.slack-edge.com\/2020-05-18\/1155120542496_0eafa7153ff35206c804_72.jpg",
            "first_name": "Cesar",
            "real_name": "Cesar SysCtrl Software",
            "display_name": "Cesar SysCtrl Software",
            "team": "TJH5YU202",
            "name": "sysctrlsoftware",
            "is_restricted": false,
            "is_ultra_restricted": false
        },
        "blocks": [
            {
                "type": "rich_text",
                "block_id": "j6PgN",
                "elements": [
                    {
                        "type": "rich_text_section",
                        "elements": [
                            {
                                "type": "text",
                                "text": "ok. Otto"
                            }
                        ]
                    }
                ]
            }
        ]
    },
    {
        "client_msg_id": "1abaea64-a894-450a-9033-eee8989a106b",
        "type": "message",
        "text": "Bon dia",
        "user": "UJWR5N32S",
        "ts": "1592546160.125300",
        "team": "TJH5YU202",
        "user_team": "TJH5YU202",
        "source_team": "TJH5YU202",
        "user_profile": {
            "avatar_hash": "273d3745f7ae",
            "image_72": "https:\/\/avatars.slack-edge.com\/2019-05-20\/634344238497_273d3745f7ae1b176b82_72.jpg",
            "first_name": "Charly",
            "real_name": "Charly",
            "display_name": "Charly",
            "team": "TJH5YU202",
            "name": "carles9000",
            "is_restricted": false,
            "is_ultra_restricted": false
        },
        "blocks": [
            {
                "type": "rich_text",
                "block_id": "pA4fh",
                "elements": [
                    {
                        "type": "rich_text_section",
                        "elements": [
                            {
                                "type": "text",
                                "text": "Bon dia"
                            }
                        ]
                    }
                ]
            }
        ]
    },
    {
        "client_msg_id": "e6fc1009-f0b0-4fec-8b07-75309aadf52e",
        "type": "message",
        "text": "buenos dias :sunny:",
        "user": "UJN8D8U3B",
        "ts": "1592546519.125500",
        "team": "TJH5YU202",
        "user_team": "TJH5YU202",
        "source_team": "TJH5YU202",
        "user_profile": {
            "avatar_hash": "g92ad2abcc45",
            "image_72": "https:\/\/secure.gravatar.com\/avatar\/8492ad2abcc45ce53969adcf8420acde.jpg?s=72&d=https%3A%2F%2Fa.slack-edge.com%2Fdf10d%2Fimg%2Favatars%2Fava_0008-72.png",
            "first_name": "",
            "real_name": "Antonio Linares",
            "display_name": "Antonio Linares",
            "team": "TJH5YU202",
            "name": "alinares",
            "is_restricted": false,
            "is_ultra_restricted": false
        },
        "blocks": [
            {
                "type": "rich_text",
                "block_id": "wIO",
                "elements": [
                    {
                        "type": "rich_text_section",
                        "elements": [
                            {
                                "type": "text",
                                "text": "buenos dias "
                            },
                            {
                                "type": "emoji",
                                "name": "sunny"
                            }
                        ]
                    }
                ]
            }
        ]
    }
]