[
    {
        "client_msg_id": "89658e10-badd-429d-8677-13d1b16bd94a",
        "type": "message",
        "text": "Hola, ya me han llegado un par de peticiones sobre tema curso. Los interesados me enviais un mail a --&gt; <mailto:mod.harbour@gmail.com|mod.harbour@gmail.com>  y os pondre en la lista, no hace falta de momento realizar el pago. Cerraremos la lista semana que viene, crearemos un grupo en skype, montamos fechas y empezamos. Cualquier duda, por mail",
        "user": "UJWR5N32S",
        "ts": "1592897311.290000",
        "team": "TJH5YU202",
        "user_team": "TJH5YU202",
        "source_team": "TJH5YU202",
        "user_profile": {
            "avatar_hash": "273d3745f7ae",
            "image_72": "https:\/\/avatars.slack-edge.com\/2019-05-20\/634344238497_273d3745f7ae1b176b82_72.jpg",
            "first_name": "Charly",
            "real_name": "Charly",
            "display_name": "Charly",
            "team": "TJH5YU202",
            "name": "carles9000",
            "is_restricted": false,
            "is_ultra_restricted": false
        },
        "blocks": [
            {
                "type": "rich_text",
                "block_id": "U1jov",
                "elements": [
                    {
                        "type": "rich_text_section",
                        "elements": [
                            {
                                "type": "text",
                                "text": "Hola, ya me han llegado un par de peticiones sobre tema curso. Los interesados me enviais un mail a --> "
                            },
                            {
                                "type": "link",
                                "url": "mailto:mod.harbour@gmail.com",
                                "text": "mod.harbour@gmail.com"
                            },
                            {
                                "type": "text",
                                "text": "  y os pondre en la lista, no hace falta de momento realizar el pago. Cerraremos la lista semana que viene, crearemos un grupo en skype, montamos fechas y empezamos. Cualquier duda, por mail"
                            }
                        ]
                    }
                ]
            }
        ]
    },
    {
        "client_msg_id": "6d4fc419-b712-431d-badb-b24cc1410f8d",
        "type": "message",
        "text": "saludos amigos, mi español no es muy bueno pero necesito ayuda para implementar un selector de fechas. Sé que no tiene mucho que ver con mod_harbour o mercury, pero si puedes ayudarme con eso, ¡te lo agradeceré! Tengo problemas para encontrar una solución en la web con bootstrap",
        "user": "U015CUP1T5Z",
        "ts": "1592912794.290600",
        "team": "TJH5YU202",
        "user_team": "TJH5YU202",
        "source_team": "TJH5YU202",
        "user_profile": {
            "avatar_hash": "2d5981129913",
            "image_72": "https:\/\/avatars.slack-edge.com\/2020-06-14\/1183376598323_2d5981129913ee85447d_72.jpg",
            "first_name": "ricardo",
            "real_name": "ricardo arraes",
            "display_name": "ricardo arraes",
            "team": "TJH5YU202",
            "name": "ricardo",
            "is_restricted": false,
            "is_ultra_restricted": false
        },
        "blocks": [
            {
                "type": "rich_text",
                "block_id": "DgZ",
                "elements": [
                    {
                        "type": "rich_text_section",
                        "elements": [
                            {
                                "type": "text",
                                "text": "saludos amigos, mi español no es muy bueno pero necesito ayuda para implementar un selector de fechas. Sé que no tiene mucho que ver con mod_harbour o mercury, pero si puedes ayudarme con eso, ¡te lo agradeceré! Tengo problemas para encontrar una solución en la web con bootstrap"
                            }
                        ]
                    }
                ]
            }
        ]
    },
    {
        "client_msg_id": "c006c975-fa81-47c7-b5da-bfd2688ef1d8",
        "type": "message",
        "text": "Bienvenido Ricardo ! :wink:",
        "user": "UJWR5N32S",
        "ts": "1592912842.290900",
        "team": "TJH5YU202",
        "user_team": "TJH5YU202",
        "source_team": "TJH5YU202",
        "user_profile": {
            "avatar_hash": "273d3745f7ae",
            "image_72": "https:\/\/avatars.slack-edge.com\/2019-05-20\/634344238497_273d3745f7ae1b176b82_72.jpg",
            "first_name": "Charly",
            "real_name": "Charly",
            "display_name": "Charly",
            "team": "TJH5YU202",
            "name": "carles9000",
            "is_restricted": false,
            "is_ultra_restricted": false
        },
        "blocks": [
            {
                "type": "rich_text",
                "block_id": "BmiG",
                "elements": [
                    {
                        "type": "rich_text_section",
                        "elements": [
                            {
                                "type": "text",
                                "text": "Bienvenido Ricardo ! "
                            },
                            {
                                "type": "emoji",
                                "name": "wink"
                            }
                        ]
                    }
                ]
            }
        ]
    },
    {
        "client_msg_id": "139ecff2-fb14-4d3a-a5f7-f481ab97881c",
        "type": "message",
        "text": "Te refieres a algo como el campo \"Fecha de Nacimiento\"  ? --&gt; <https:\/\/modharbour.app\/htweb\/tutor20.prg>",
        "user": "UJWR5N32S",
        "ts": "1592912958.292100",
        "team": "TJH5YU202",
        "user_team": "TJH5YU202",
        "source_team": "TJH5YU202",
        "user_profile": {
            "avatar_hash": "273d3745f7ae",
            "image_72": "https:\/\/avatars.slack-edge.com\/2019-05-20\/634344238497_273d3745f7ae1b176b82_72.jpg",
            "first_name": "Charly",
            "real_name": "Charly",
            "display_name": "Charly",
            "team": "TJH5YU202",
            "name": "carles9000",
            "is_restricted": false,
            "is_ultra_restricted": false
        },
        "blocks": [
            {
                "type": "rich_text",
                "block_id": "\/Sa+B",
                "elements": [
                    {
                        "type": "rich_text_section",
                        "elements": [
                            {
                                "type": "text",
                                "text": "Te refieres a algo como el campo \"Fecha de Nacimiento\"  ? --> "
                            },
                            {
                                "type": "link",
                                "url": "https:\/\/modharbour.app\/htweb\/tutor20.prg"
                            }
                        ]
                    }
                ]
            }
        ]
    },
    {
        "client_msg_id": "c092e8c0-bae1-46cc-9c30-eb03b4a51aa0",
        "type": "message",
        "text": "Este ejemplo forma parte de la libreria TWeb que empece a portar a Harbour. Tienes todo el code en el repo --&gt; <https:\/\/github.com\/carles9000\/tweb>",
        "user": "UJWR5N32S",
        "ts": "1592913046.292800",
        "team": "TJH5YU202",
        "user_team": "TJH5YU202",
        "source_team": "TJH5YU202",
        "user_profile": {
            "avatar_hash": "273d3745f7ae",
            "image_72": "https:\/\/avatars.slack-edge.com\/2019-05-20\/634344238497_273d3745f7ae1b176b82_72.jpg",
            "first_name": "Charly",
            "real_name": "Charly",
            "display_name": "Charly",
            "team": "TJH5YU202",
            "name": "carles9000",
            "is_restricted": false,
            "is_ultra_restricted": false
        },
        "attachments": [
            {
                "fallback": "carles9000\/tweb",
                "text": "TWeb for mod_harbour",
                "title": "carles9000\/tweb",
                "footer": "<https:\/\/github.com\/carles9000\/tweb|carles9000\/tweb>",
                "id": 1,
                "footer_icon": "https:\/\/github.githubassets.com\/favicon.ico",
                "ts": 1586254664,
                "color": "24292f",
                "fields": [
                    {
                        "title": "Stars",
                        "value": "1",
                        "short": true
                    },
                    {
                        "title": "Language",
                        "value": "xBase",
                        "short": true
                    }
                ],
                "mrkdwn_in": [
                    "text",
                    "fields"
                ],
                "bot_id": "B013M1D0ZKM",
                "app_unfurl_url": "https:\/\/github.com\/carles9000\/tweb",
                "is_app_unfurl": true
            }
        ],
        "blocks": [
            {
                "type": "rich_text",
                "block_id": "UGo",
                "elements": [
                    {
                        "type": "rich_text_section",
                        "elements": [
                            {
                                "type": "text",
                                "text": "Este ejemplo forma parte de la libreria TWeb que empece a portar a Harbour. Tienes todo el code en el repo --> "
                            },
                            {
                                "type": "link",
                                "url": "https:\/\/github.com\/carles9000\/tweb"
                            }
                        ]
                    }
                ]
            }
        ]
    },
    {
        "client_msg_id": "ab0cd14e-731d-4f30-9083-975782b43c91",
        "type": "message",
        "text": "Para crear una simple entrada GET con selector de fecha, a nivel code seria asi de facil",
        "user": "UJWR5N32S",
        "ts": "1592913119.293600",
        "team": "TJH5YU202",
        "user_team": "TJH5YU202",
        "source_team": "TJH5YU202",
        "user_profile": {
            "avatar_hash": "273d3745f7ae",
            "image_72": "https:\/\/avatars.slack-edge.com\/2019-05-20\/634344238497_273d3745f7ae1b176b82_72.jpg",
            "first_name": "Charly",
            "real_name": "Charly",
            "display_name": "Charly",
            "team": "TJH5YU202",
            "name": "carles9000",
            "is_restricted": false,
            "is_ultra_restricted": false
        },
        "blocks": [
            {
                "type": "rich_text",
                "block_id": "xKAe",
                "elements": [
                    {
                        "type": "rich_text_section",
                        "elements": [
                            {
                                "type": "text",
                                "text": "Para crear una simple entrada GET con selector de fecha, a nivel code seria asi de facil"
                            }
                        ]
                    }
                ]
            }
        ]
    },
    {
        "client_msg_id": "85b291f5-223d-4ee5-94be-e6de8c353718",
        "type": "message",
        "text": "```GET ID 'date'   VALUE hData[ 'date' ] GRID 4 PLACEHOLDER 'Entra tu nombre...' LABEL 'Fecha de Nacimiento'  TYPE 'date' OF o```",
        "user": "UJWR5N32S",
        "ts": "1592913134.293800",
        "team": "TJH5YU202",
        "user_team": "TJH5YU202",
        "source_team": "TJH5YU202",
        "user_profile": {
            "avatar_hash": "273d3745f7ae",
            "image_72": "https:\/\/avatars.slack-edge.com\/2019-05-20\/634344238497_273d3745f7ae1b176b82_72.jpg",
            "first_name": "Charly",
            "real_name": "Charly",
            "display_name": "Charly",
            "team": "TJH5YU202",
            "name": "carles9000",
            "is_restricted": false,
            "is_ultra_restricted": false
        },
        "blocks": [
            {
                "type": "rich_text",
                "block_id": "+Y+AR",
                "elements": [
                    {
                        "type": "rich_text_preformatted",
                        "elements": [
                            {
                                "type": "text",
                                "text": "GET ID 'date'   VALUE hData[ 'date' ] GRID 4 PLACEHOLDER 'Entra tu nombre...' LABEL 'Fecha de Nacimiento'  TYPE 'date' OF o"
                            }
                        ]
                    }
                ]
            }
        ]
    },
    {
        "type": "message",
        "text": "",
        "files": [
            {
                "id": "F015PHHBB7G",
                "created": 1592913211,
                "timestamp": 1592913211,
                "name": "image.png",
                "title": "image.png",
                "mimetype": "image\/png",
                "filetype": "png",
                "pretty_type": "PNG",
                "user": "UJWR5N32S",
                "editable": false,
                "size": 3184,
                "mode": "hosted",
                "is_external": false,
                "external_type": "",
                "is_public": true,
                "public_url_shared": false,
                "display_as_bot": false,
                "username": "",
                "url_private": "https:\/\/files.slack.com\/files-pri\/TJH5YU202-F015PHHBB7G\/image.png?t=xoxe-629202954002-1307858988048-1296644259825-cbe9e6d0558bfb5b1a5a18db398692ce",
                "url_private_download": "https:\/\/files.slack.com\/files-pri\/TJH5YU202-F015PHHBB7G\/download\/image.png?t=xoxe-629202954002-1307858988048-1296644259825-cbe9e6d0558bfb5b1a5a18db398692ce",
                "thumb_64": "https:\/\/files.slack.com\/files-tmb\/TJH5YU202-F015PHHBB7G-b7d7ee27d8\/image_64.png?t=xoxe-629202954002-1307858988048-1296644259825-cbe9e6d0558bfb5b1a5a18db398692ce",
                "thumb_80": "https:\/\/files.slack.com\/files-tmb\/TJH5YU202-F015PHHBB7G-b7d7ee27d8\/image_80.png?t=xoxe-629202954002-1307858988048-1296644259825-cbe9e6d0558bfb5b1a5a18db398692ce",
                "thumb_360": "https:\/\/files.slack.com\/files-tmb\/TJH5YU202-F015PHHBB7G-b7d7ee27d8\/image_360.png?t=xoxe-629202954002-1307858988048-1296644259825-cbe9e6d0558bfb5b1a5a18db398692ce",
                "thumb_360_w": 360,
                "thumb_360_h": 94,
                "thumb_160": "https:\/\/files.slack.com\/files-tmb\/TJH5YU202-F015PHHBB7G-b7d7ee27d8\/image_160.png?t=xoxe-629202954002-1307858988048-1296644259825-cbe9e6d0558bfb5b1a5a18db398692ce",
                "original_w": 384,
                "original_h": 100,
                "thumb_tiny": "AwAMADDSPX72KTP+3TqKAEAPrmloooAKQMCSO4paKAP\/2Q==",
                "permalink": "https:\/\/harbourproject.slack.com\/files\/UJWR5N32S\/F015PHHBB7G\/image.png",
                "permalink_public": "https:\/\/slack-files.com\/TJH5YU202-F015PHHBB7G-d5810b42cc",
                "is_starred": false,
                "has_rich_preview": false
            }
        ],
        "upload": false,
        "user": "UJWR5N32S",
        "display_as_bot": false,
        "ts": "1592913212.294100"
    },
    {
        "client_msg_id": "428f0aa3-e708-402a-8e90-6866108c3496",
        "type": "message",
        "text": "Si lo quieres con html5 puro y duro seria este ejemplo asi",
        "user": "UJWR5N32S",
        "ts": "1592913719.294900",
        "team": "TJH5YU202",
        "user_team": "TJH5YU202",
        "source_team": "TJH5YU202",
        "user_profile": {
            "avatar_hash": "273d3745f7ae",
            "image_72": "https:\/\/avatars.slack-edge.com\/2019-05-20\/634344238497_273d3745f7ae1b176b82_72.jpg",
            "first_name": "Charly",
            "real_name": "Charly",
            "display_name": "Charly",
            "team": "TJH5YU202",
            "name": "carles9000",
            "is_restricted": false,
            "is_ultra_restricted": false
        },
        "blocks": [
            {
                "type": "rich_text",
                "block_id": "JVI",
                "elements": [
                    {
                        "type": "rich_text_section",
                        "elements": [
                            {
                                "type": "text",
                                "text": "Si lo quieres con html5 puro y duro seria este ejemplo asi"
                            }
                        ]
                    }
                ]
            }
        ]
    },
    {
        "client_msg_id": "b034fa6b-5dcb-4d5d-8b73-d7769e8d478c",
        "type": "message",
        "text": "```&lt;div class=\"col-4\"&gt;\n  &lt;label class=\"col-form-label \" for=\"date\"&gt;\n    Fecha de Nacimiento\n  &lt;\/label&gt;\n  &lt;div class=\"input-group\"&gt;\n    &lt;input type=\"date\" class=\"form-control \" id=\"date\" name=\"date\" placeholder=\"Entra tu nombre...\" value=\"\"&gt;\n  &lt;\/div&gt;\n&lt;\/div&gt;```",
        "user": "UJWR5N32S",
        "ts": "1592913724.295100",
        "team": "TJH5YU202",
        "user_team": "TJH5YU202",
        "source_team": "TJH5YU202",
        "user_profile": {
            "avatar_hash": "273d3745f7ae",
            "image_72": "https:\/\/avatars.slack-edge.com\/2019-05-20\/634344238497_273d3745f7ae1b176b82_72.jpg",
            "first_name": "Charly",
            "real_name": "Charly",
            "display_name": "Charly",
            "team": "TJH5YU202",
            "name": "carles9000",
            "is_restricted": false,
            "is_ultra_restricted": false
        },
        "blocks": [
            {
                "type": "rich_text",
                "block_id": "ISSx",
                "elements": [
                    {
                        "type": "rich_text_preformatted",
                        "elements": [
                            {
                                "type": "text",
                                "text": "<div class=\"col-4\">\n  <label class=\"col-form-label \" for=\"date\">\n    Fecha de Nacimiento\n  <\/label>\n  <div class=\"input-group\">\n    <input type=\"date\" class=\"form-control \" id=\"date\" name=\"date\" placeholder=\"Entra tu nombre...\" value=\"\">\n  <\/div>\n<\/div>"
                            }
                        ]
                    }
                ]
            }
        ]
    },
    {
        "client_msg_id": "28cb59f6-d720-4b39-a4e4-2fbacce83957",
        "type": "message",
        "text": "hola Charly! de hecho, es para definir un rango de período para un informe, pero creo que sería la misma base. Probaré tu solución y miraré los repositorios, muchas gracias amigo!",
        "user": "U015CUP1T5Z",
        "ts": "1592914189.295900",
        "team": "TJH5YU202",
        "user_team": "TJH5YU202",
        "source_team": "TJH5YU202",
        "user_profile": {
            "avatar_hash": "2d5981129913",
            "image_72": "https:\/\/avatars.slack-edge.com\/2020-06-14\/1183376598323_2d5981129913ee85447d_72.jpg",
            "first_name": "ricardo",
            "real_name": "ricardo arraes",
            "display_name": "ricardo arraes",
            "team": "TJH5YU202",
            "name": "ricardo",
            "is_restricted": false,
            "is_ultra_restricted": false
        },
        "blocks": [
            {
                "type": "rich_text",
                "block_id": "hZx",
                "elements": [
                    {
                        "type": "rich_text_section",
                        "elements": [
                            {
                                "type": "text",
                                "text": "hola Charly! de hecho, es para definir un rango de período para un informe, pero creo que sería la misma base. Probaré tu solución y miraré los repositorios, muchas gracias amigo!"
                            }
                        ]
                    }
                ]
            }
        ]
    },
    {
        "client_msg_id": "5f746476-0025-4ca1-87a9-04d7cca90c81",
        "type": "message",
        "text": "Buen dia amigos",
        "user": "UK28N3CER",
        "ts": "1592917983.296600",
        "team": "TJH5YU202",
        "user_team": "TJH5YU202",
        "source_team": "TJH5YU202",
        "user_profile": {
            "avatar_hash": "0eafa7153ff3",
            "image_72": "https:\/\/avatars.slack-edge.com\/2020-05-18\/1155120542496_0eafa7153ff35206c804_72.jpg",
            "first_name": "Cesar",
            "real_name": "Cesar SysCtrl Software",
            "display_name": "Cesar SysCtrl Software",
            "team": "TJH5YU202",
            "name": "sysctrlsoftware",
            "is_restricted": false,
            "is_ultra_restricted": false
        },
        "blocks": [
            {
                "type": "rich_text",
                "block_id": "rFH",
                "elements": [
                    {
                        "type": "rich_text_section",
                        "elements": [
                            {
                                "type": "text",
                                "text": "Buen dia amigos"
                            }
                        ]
                    }
                ]
            }
        ]
    },
    {
        "client_msg_id": "05be0930-1e6f-49b4-8d94-ea7a1fe755ab",
        "type": "message",
        "text": "Gracias <@UJN8D8U3B> por la actualización",
        "user": "UK28N3CER",
        "ts": "1592918015.297200",
        "team": "TJH5YU202",
        "user_team": "TJH5YU202",
        "source_team": "TJH5YU202",
        "user_profile": {
            "avatar_hash": "0eafa7153ff3",
            "image_72": "https:\/\/avatars.slack-edge.com\/2020-05-18\/1155120542496_0eafa7153ff35206c804_72.jpg",
            "first_name": "Cesar",
            "real_name": "Cesar SysCtrl Software",
            "display_name": "Cesar SysCtrl Software",
            "team": "TJH5YU202",
            "name": "sysctrlsoftware",
            "is_restricted": false,
            "is_ultra_restricted": false
        },
        "blocks": [
            {
                "type": "rich_text",
                "block_id": "6vW",
                "elements": [
                    {
                        "type": "rich_text_section",
                        "elements": [
                            {
                                "type": "text",
                                "text": "Gracias "
                            },
                            {
                                "type": "user",
                                "user_id": "UJN8D8U3B"
                            },
                            {
                                "type": "text",
                                "text": " por la actualización"
                            }
                        ]
                    }
                ]
            }
        ]
    },
    {
        "client_msg_id": "79676fc3-6611-4fe7-b9d5-a21a6626538a",
        "type": "message",
        "text": "Hola <@UJWR5N32S> ya envie mi inscripción :thumbsup_all:",
        "user": "UK28N3CER",
        "ts": "1592918193.298300",
        "team": "TJH5YU202",
        "user_team": "TJH5YU202",
        "source_team": "TJH5YU202",
        "user_profile": {
            "avatar_hash": "0eafa7153ff3",
            "image_72": "https:\/\/avatars.slack-edge.com\/2020-05-18\/1155120542496_0eafa7153ff35206c804_72.jpg",
            "first_name": "Cesar",
            "real_name": "Cesar SysCtrl Software",
            "display_name": "Cesar SysCtrl Software",
            "team": "TJH5YU202",
            "name": "sysctrlsoftware",
            "is_restricted": false,
            "is_ultra_restricted": false
        },
        "blocks": [
            {
                "type": "rich_text",
                "block_id": "\/Dsu+",
                "elements": [
                    {
                        "type": "rich_text_section",
                        "elements": [
                            {
                                "type": "text",
                                "text": "Hola "
                            },
                            {
                                "type": "user",
                                "user_id": "UJWR5N32S"
                            },
                            {
                                "type": "text",
                                "text": " ya envie mi inscripción "
                            },
                            {
                                "type": "emoji",
                                "name": "thumbsup_all"
                            }
                        ]
                    }
                ]
            }
        ]
    },
    {
        "client_msg_id": "2a3d505a-a8cb-49e6-984d-d865aba24247",
        "type": "message",
        "text": "sufrimos un sismo de 7.5 en las costas de Oaxaca Mexico,",
        "user": "UK28N3CER",
        "ts": "1592935298.299000",
        "team": "TJH5YU202",
        "user_team": "TJH5YU202",
        "source_team": "TJH5YU202",
        "user_profile": {
            "avatar_hash": "0eafa7153ff3",
            "image_72": "https:\/\/avatars.slack-edge.com\/2020-05-18\/1155120542496_0eafa7153ff35206c804_72.jpg",
            "first_name": "Cesar",
            "real_name": "Cesar SysCtrl Software",
            "display_name": "Cesar SysCtrl Software",
            "team": "TJH5YU202",
            "name": "sysctrlsoftware",
            "is_restricted": false,
            "is_ultra_restricted": false
        },
        "blocks": [
            {
                "type": "rich_text",
                "block_id": "FDqW",
                "elements": [
                    {
                        "type": "rich_text_section",
                        "elements": [
                            {
                                "type": "text",
                                "text": "sufrimos un sismo de 7.5 en las costas de Oaxaca Mexico,"
                            }
                        ]
                    }
                ]
            }
        ]
    },
    {
        "client_msg_id": "c6e175c8-fae9-4740-8939-6cf777f5a04c",
        "type": "message",
        "text": "<https:\/\/twitter.com\/SSNMexico\/status\/1275455102275317761>",
        "user": "UK28N3CER",
        "ts": "1592935357.299200",
        "team": "TJH5YU202",
        "user_team": "TJH5YU202",
        "source_team": "TJH5YU202",
        "user_profile": {
            "avatar_hash": "0eafa7153ff3",
            "image_72": "https:\/\/avatars.slack-edge.com\/2020-05-18\/1155120542496_0eafa7153ff35206c804_72.jpg",
            "first_name": "Cesar",
            "real_name": "Cesar SysCtrl Software",
            "display_name": "Cesar SysCtrl Software",
            "team": "TJH5YU202",
            "name": "sysctrlsoftware",
            "is_restricted": false,
            "is_ultra_restricted": false
        },
        "blocks": [
            {
                "type": "rich_text",
                "block_id": "XKUlu",
                "elements": [
                    {
                        "type": "rich_text_section",
                        "elements": [
                            {
                                "type": "link",
                                "url": "https:\/\/twitter.com\/SSNMexico\/status\/1275455102275317761"
                            }
                        ]
                    }
                ]
            }
        ]
    },
    {
        "client_msg_id": "b2ad780c-12b4-481b-81f8-71cc9ae32b0a",
        "type": "message",
        "text": "Acaban de pasarlo en losnoticieros.",
        "user": "UM81W8B0Q",
        "ts": "1592935783.299600",
        "team": "TJH5YU202",
        "user_team": "TJH5YU202",
        "source_team": "TJH5YU202",
        "user_profile": {
            "avatar_hash": "gab9279ee8c0",
            "image_72": "https:\/\/secure.gravatar.com\/avatar\/73ab9279ee8c00f66ce4904d30146c8f.jpg?s=72&d=https%3A%2F%2Fa.slack-edge.com%2Fdf10d%2Fimg%2Favatars%2Fava_0010-72.png",
            "first_name": "",
            "real_name": "Angel Pais",
            "display_name": "Angel Pais",
            "team": "TJH5YU202",
            "name": "amigosam",
            "is_restricted": false,
            "is_ultra_restricted": false
        },
        "blocks": [
            {
                "type": "rich_text",
                "block_id": "1dYn",
                "elements": [
                    {
                        "type": "rich_text_section",
                        "elements": [
                            {
                                "type": "text",
                                "text": "Acaban de pasarlo en losnoticieros."
                            }
                        ]
                    }
                ]
            }
        ]
    },
    {
        "client_msg_id": "0f545e9e-58b5-4992-ad2b-ce3ae2053c9e",
        "type": "message",
        "text": "Espero estén todos bien.",
        "user": "UM81W8B0Q",
        "ts": "1592935791.300000",
        "team": "TJH5YU202",
        "user_team": "TJH5YU202",
        "source_team": "TJH5YU202",
        "user_profile": {
            "avatar_hash": "gab9279ee8c0",
            "image_72": "https:\/\/secure.gravatar.com\/avatar\/73ab9279ee8c00f66ce4904d30146c8f.jpg?s=72&d=https%3A%2F%2Fa.slack-edge.com%2Fdf10d%2Fimg%2Favatars%2Fava_0010-72.png",
            "first_name": "",
            "real_name": "Angel Pais",
            "display_name": "Angel Pais",
            "team": "TJH5YU202",
            "name": "amigosam",
            "is_restricted": false,
            "is_ultra_restricted": false
        },
        "blocks": [
            {
                "type": "rich_text",
                "block_id": "I73=f",
                "elements": [
                    {
                        "type": "rich_text_section",
                        "elements": [
                            {
                                "type": "text",
                                "text": "Espero estén todos bien."
                            }
                        ]
                    }
                ]
            }
        ]
    },
    {
        "client_msg_id": "3bfa8f2e-243e-4038-8088-3ddd167c4a73",
        "type": "message",
        "text": "Si, esperemos que todo este bien!!!",
        "user": "UJUSD6VB2",
        "ts": "1592936146.300500",
        "team": "TJH5YU202",
        "user_team": "TJH5YU202",
        "source_team": "TJH5YU202",
        "user_profile": {
            "avatar_hash": "g1677a02d0b6",
            "image_72": "https:\/\/secure.gravatar.com\/avatar\/bb1677a02d0b69ba91eb245090c7c83a.jpg?s=72&d=https%3A%2F%2Fa.slack-edge.com%2Fdf10d%2Fimg%2Favatars%2Fava_0015-72.png",
            "first_name": "",
            "real_name": "Osvaldo Ramirez",
            "display_name": "Osvaldo Ramirez",
            "team": "TJH5YU202",
            "name": "ramirezosvaldo",
            "is_restricted": false,
            "is_ultra_restricted": false
        },
        "blocks": [
            {
                "type": "rich_text",
                "block_id": "S1PFp",
                "elements": [
                    {
                        "type": "rich_text_section",
                        "elements": [
                            {
                                "type": "text",
                                "text": "Si, esperemos que todo este bien!!!"
                            }
                        ]
                    }
                ]
            }
        ]
    },
    {
        "client_msg_id": "ff926d14-5d31-4e29-b2b5-74c3eae83c04",
        "type": "message",
        "text": "todos bien aca en Puebla Mexico,",
        "user": "UK28N3CER",
        "ts": "1592936593.301400",
        "team": "TJH5YU202",
        "user_team": "TJH5YU202",
        "source_team": "TJH5YU202",
        "user_profile": {
            "avatar_hash": "0eafa7153ff3",
            "image_72": "https:\/\/avatars.slack-edge.com\/2020-05-18\/1155120542496_0eafa7153ff35206c804_72.jpg",
            "first_name": "Cesar",
            "real_name": "Cesar SysCtrl Software",
            "display_name": "Cesar SysCtrl Software",
            "team": "TJH5YU202",
            "name": "sysctrlsoftware",
            "is_restricted": false,
            "is_ultra_restricted": false
        },
        "blocks": [
            {
                "type": "rich_text",
                "block_id": "XixDH",
                "elements": [
                    {
                        "type": "rich_text_section",
                        "elements": [
                            {
                                "type": "text",
                                "text": "todos bien aca en Puebla Mexico,"
                            }
                        ]
                    }
                ]
            }
        ]
    },
    {
        "client_msg_id": "bf4f2385-6250-4c7c-814c-b5e56b96ab12",
        "type": "message",
        "text": ":+1:",
        "user": "UJULQCHL5",
        "ts": "1592936618.301600",
        "team": "TJH5YU202",
        "user_team": "TJH5YU202",
        "source_team": "TJH5YU202",
        "user_profile": {
            "avatar_hash": "g7659142325a",
            "image_72": "https:\/\/secure.gravatar.com\/avatar\/c87659142325a3facb661d85281ec091.jpg?s=72&d=https%3A%2F%2Fa.slack-edge.com%2Fdf10d%2Fimg%2Favatars%2Fava_0003-72.png",
            "first_name": "",
            "real_name": "Paquito",
            "display_name": "Paquito",
            "team": "TJH5YU202",
            "name": "hmpaquito",
            "is_restricted": false,
            "is_ultra_restricted": false
        },
        "blocks": [
            {
                "type": "rich_text",
                "block_id": "qnqG",
                "elements": [
                    {
                        "type": "rich_text_section",
                        "elements": [
                            {
                                "type": "emoji",
                                "name": "+1"
                            }
                        ]
                    }
                ]
            }
        ]
    },
    {
        "client_msg_id": "00a470a1-23a6-4803-aec7-f4e7c0ac0537",
        "type": "message",
        "text": "Hoy me entere que el temblor de hace como un mes aqui en mi ciudad, se debió a unas bombas de nuestro país vecino, espero que no se les pase la mano.",
        "user": "UJUSD6VB2",
        "ts": "1592939289.302900",
        "team": "TJH5YU202",
        "user_team": "TJH5YU202",
        "source_team": "TJH5YU202",
        "user_profile": {
            "avatar_hash": "g1677a02d0b6",
            "image_72": "https:\/\/secure.gravatar.com\/avatar\/bb1677a02d0b69ba91eb245090c7c83a.jpg?s=72&d=https%3A%2F%2Fa.slack-edge.com%2Fdf10d%2Fimg%2Favatars%2Fava_0015-72.png",
            "first_name": "",
            "real_name": "Osvaldo Ramirez",
            "display_name": "Osvaldo Ramirez",
            "team": "TJH5YU202",
            "name": "ramirezosvaldo",
            "is_restricted": false,
            "is_ultra_restricted": false
        },
        "blocks": [
            {
                "type": "rich_text",
                "block_id": "4glt",
                "elements": [
                    {
                        "type": "rich_text_section",
                        "elements": [
                            {
                                "type": "text",
                                "text": "Hoy me entere que el temblor de hace como un mes aqui en mi ciudad, se debió a unas bombas de nuestro país vecino, espero que no se les pase la mano."
                            }
                        ]
                    }
                ]
            }
        ]
    },
    {
        "client_msg_id": "be226cba-1cce-4137-9e80-e6ff63863f5e",
        "type": "message",
        "text": "Guatemala ?",
        "user": "UM81W8B0Q",
        "ts": "1592941038.303100",
        "team": "TJH5YU202",
        "user_team": "TJH5YU202",
        "source_team": "TJH5YU202",
        "user_profile": {
            "avatar_hash": "gab9279ee8c0",
            "image_72": "https:\/\/secure.gravatar.com\/avatar\/73ab9279ee8c00f66ce4904d30146c8f.jpg?s=72&d=https%3A%2F%2Fa.slack-edge.com%2Fdf10d%2Fimg%2Favatars%2Fava_0010-72.png",
            "first_name": "",
            "real_name": "Angel Pais",
            "display_name": "Angel Pais",
            "team": "TJH5YU202",
            "name": "amigosam",
            "is_restricted": false,
            "is_ultra_restricted": false
        },
        "blocks": [
            {
                "type": "rich_text",
                "block_id": "Z3I",
                "elements": [
                    {
                        "type": "rich_text_section",
                        "elements": [
                            {
                                "type": "text",
                                "text": "Guatemala ?"
                            }
                        ]
                    }
                ]
            }
        ]
    },
    {
        "client_msg_id": "1fa13f74-a2a4-4e6e-abb1-ae09dfbb3dcb",
        "type": "message",
        "text": "US",
        "user": "UK28N3CER",
        "ts": "1592941372.303300",
        "team": "TJH5YU202",
        "user_team": "TJH5YU202",
        "source_team": "TJH5YU202",
        "user_profile": {
            "avatar_hash": "0eafa7153ff3",
            "image_72": "https:\/\/avatars.slack-edge.com\/2020-05-18\/1155120542496_0eafa7153ff35206c804_72.jpg",
            "first_name": "Cesar",
            "real_name": "Cesar SysCtrl Software",
            "display_name": "Cesar SysCtrl Software",
            "team": "TJH5YU202",
            "name": "sysctrlsoftware",
            "is_restricted": false,
            "is_ultra_restricted": false
        },
        "blocks": [
            {
                "type": "rich_text",
                "block_id": "+7sOi",
                "elements": [
                    {
                        "type": "rich_text_section",
                        "elements": [
                            {
                                "type": "text",
                                "text": "US"
                            }
                        ]
                    }
                ]
            }
        ]
    },
    {
        "client_msg_id": "e6535a87-6903-40da-a7e4-b56b20797c01",
        "type": "message",
        "text": "Osvaldo está en la frontera con US a unos cuantos KM.",
        "user": "UK28N3CER",
        "ts": "1592941398.303900",
        "team": "TJH5YU202",
        "user_team": "TJH5YU202",
        "source_team": "TJH5YU202",
        "user_profile": {
            "avatar_hash": "0eafa7153ff3",
            "image_72": "https:\/\/avatars.slack-edge.com\/2020-05-18\/1155120542496_0eafa7153ff35206c804_72.jpg",
            "first_name": "Cesar",
            "real_name": "Cesar SysCtrl Software",
            "display_name": "Cesar SysCtrl Software",
            "team": "TJH5YU202",
            "name": "sysctrlsoftware",
            "is_restricted": false,
            "is_ultra_restricted": false
        },
        "blocks": [
            {
                "type": "rich_text",
                "block_id": "Nl1",
                "elements": [
                    {
                        "type": "rich_text_section",
                        "elements": [
                            {
                                "type": "text",
                                "text": "Osvaldo está en la frontera con US a unos cuantos KM."
                            }
                        ]
                    }
                ]
            }
        ]
    },
    {
        "client_msg_id": "03be9242-9b22-49b2-823c-743dbb36f9a7",
        "type": "message",
        "text": "Era chiste, pensé que no hacia falta aclarar jej",
        "user": "UM81W8B0Q",
        "ts": "1592942112.304300",
        "team": "TJH5YU202",
        "user_team": "TJH5YU202",
        "source_team": "TJH5YU202",
        "user_profile": {
            "avatar_hash": "gab9279ee8c0",
            "image_72": "https:\/\/secure.gravatar.com\/avatar\/73ab9279ee8c00f66ce4904d30146c8f.jpg?s=72&d=https%3A%2F%2Fa.slack-edge.com%2Fdf10d%2Fimg%2Favatars%2Fava_0010-72.png",
            "first_name": "",
            "real_name": "Angel Pais",
            "display_name": "Angel Pais",
            "team": "TJH5YU202",
            "name": "amigosam",
            "is_restricted": false,
            "is_ultra_restricted": false
        },
        "blocks": [
            {
                "type": "rich_text",
                "block_id": "8BsJe",
                "elements": [
                    {
                        "type": "rich_text_section",
                        "elements": [
                            {
                                "type": "text",
                                "text": "Era chiste, pensé que no hacia falta aclarar jej"
                            }
                        ]
                    }
                ]
            }
        ]
    },
    {
        "client_msg_id": "ed5a1bd8-781a-47ab-b7a8-c7d05156bfd7",
        "type": "message",
        "text": "jjaja",
        "user": "UK28N3CER",
        "ts": "1592942894.305500",
        "team": "TJH5YU202",
        "user_team": "TJH5YU202",
        "source_team": "TJH5YU202",
        "user_profile": {
            "avatar_hash": "0eafa7153ff3",
            "image_72": "https:\/\/avatars.slack-edge.com\/2020-05-18\/1155120542496_0eafa7153ff35206c804_72.jpg",
            "first_name": "Cesar",
            "real_name": "Cesar SysCtrl Software",
            "display_name": "Cesar SysCtrl Software",
            "team": "TJH5YU202",
            "name": "sysctrlsoftware",
            "is_restricted": false,
            "is_ultra_restricted": false
        },
        "blocks": [
            {
                "type": "rich_text",
                "block_id": "wbD",
                "elements": [
                    {
                        "type": "rich_text_section",
                        "elements": [
                            {
                                "type": "text",
                                "text": "jjaja"
                            }
                        ]
                    }
                ]
            }
        ]
    },
    {
        "client_msg_id": "6b1239fc-0000-4da3-a898-e94cdcca7cb3",
        "type": "message",
        "text": "En España, enfrente de la costa de Tarragona, querían hacer unas extracciones de gas en el mar. Eso provocó seismos. Finalmente clausuraron la explotación.",
        "user": "UJULQCHL5",
        "ts": "1592942901.305600",
        "team": "TJH5YU202",
        "user_team": "TJH5YU202",
        "source_team": "TJH5YU202",
        "user_profile": {
            "avatar_hash": "g7659142325a",
            "image_72": "https:\/\/secure.gravatar.com\/avatar\/c87659142325a3facb661d85281ec091.jpg?s=72&d=https%3A%2F%2Fa.slack-edge.com%2Fdf10d%2Fimg%2Favatars%2Fava_0003-72.png",
            "first_name": "",
            "real_name": "Paquito",
            "display_name": "Paquito",
            "team": "TJH5YU202",
            "name": "hmpaquito",
            "is_restricted": false,
            "is_ultra_restricted": false
        },
        "blocks": [
            {
                "type": "rich_text",
                "block_id": "4Bh",
                "elements": [
                    {
                        "type": "rich_text_section",
                        "elements": [
                            {
                                "type": "text",
                                "text": "En España, enfrente de la costa de Tarragona, querían hacer unas extracciones de gas en el mar. Eso provocó seismos. Finalmente clausuraron la explotación."
                            }
                        ]
                    }
                ]
            }
        ],
        "thread_ts": "1592942901.305600",
        "reply_count": 2,
        "reply_users_count": 2,
        "latest_reply": "1592997715.319200",
        "reply_users": [
            "URQ8AJCQZ",
            "UJULQCHL5"
        ],
        "replies": [
            {
                "user": "URQ8AJCQZ",
                "ts": "1592995249.319000"
            },
            {
                "user": "UJULQCHL5",
                "ts": "1592997715.319200"
            }
        ],
        "subscribed": false
    },
    {
        "client_msg_id": "fc1aefa4-d4a6-4917-aacc-e00ec2468d9d",
        "type": "message",
        "text": "César dicen que tenéis alerta de tsunami....",
        "user": "UJULQCHL5",
        "ts": "1592943263.305900",
        "team": "TJH5YU202",
        "user_team": "TJH5YU202",
        "source_team": "TJH5YU202",
        "user_profile": {
            "avatar_hash": "g7659142325a",
            "image_72": "https:\/\/secure.gravatar.com\/avatar\/c87659142325a3facb661d85281ec091.jpg?s=72&d=https%3A%2F%2Fa.slack-edge.com%2Fdf10d%2Fimg%2Favatars%2Fava_0003-72.png",
            "first_name": "",
            "real_name": "Paquito",
            "display_name": "Paquito",
            "team": "TJH5YU202",
            "name": "hmpaquito",
            "is_restricted": false,
            "is_ultra_restricted": false
        },
        "blocks": [
            {
                "type": "rich_text",
                "block_id": "pdv",
                "elements": [
                    {
                        "type": "rich_text_section",
                        "elements": [
                            {
                                "type": "text",
                                "text": "César dicen que tenéis alerta de tsunami...."
                            }
                        ]
                    }
                ]
            }
        ]
    },
    {
        "type": "message",
        "text": "",
        "files": [
            {
                "id": "F016MCF0L4Q",
                "created": 1592943288,
                "timestamp": 1592943288,
                "name": "image.png",
                "title": "image.png",
                "mimetype": "image\/png",
                "filetype": "png",
                "pretty_type": "PNG",
                "user": "UJULQCHL5",
                "editable": false,
                "size": 58156,
                "mode": "hosted",
                "is_external": false,
                "external_type": "",
                "is_public": true,
                "public_url_shared": false,
                "display_as_bot": false,
                "username": "",
                "url_private": "https:\/\/files.slack.com\/files-pri\/TJH5YU202-F016MCF0L4Q\/image.png?t=xoxe-629202954002-1307858988048-1296644259825-cbe9e6d0558bfb5b1a5a18db398692ce",
                "url_private_download": "https:\/\/files.slack.com\/files-pri\/TJH5YU202-F016MCF0L4Q\/download\/image.png?t=xoxe-629202954002-1307858988048-1296644259825-cbe9e6d0558bfb5b1a5a18db398692ce",
                "thumb_64": "https:\/\/files.slack.com\/files-tmb\/TJH5YU202-F016MCF0L4Q-3259a5e6b0\/image_64.png?t=xoxe-629202954002-1307858988048-1296644259825-cbe9e6d0558bfb5b1a5a18db398692ce",
                "thumb_80": "https:\/\/files.slack.com\/files-tmb\/TJH5YU202-F016MCF0L4Q-3259a5e6b0\/image_80.png?t=xoxe-629202954002-1307858988048-1296644259825-cbe9e6d0558bfb5b1a5a18db398692ce",
                "thumb_360": "https:\/\/files.slack.com\/files-tmb\/TJH5YU202-F016MCF0L4Q-3259a5e6b0\/image_360.png?t=xoxe-629202954002-1307858988048-1296644259825-cbe9e6d0558bfb5b1a5a18db398692ce",
                "thumb_360_w": 292,
                "thumb_360_h": 223,
                "thumb_160": "https:\/\/files.slack.com\/files-tmb\/TJH5YU202-F016MCF0L4Q-3259a5e6b0\/image_160.png?t=xoxe-629202954002-1307858988048-1296644259825-cbe9e6d0558bfb5b1a5a18db398692ce",
                "original_w": 292,
                "original_h": 223,
                "thumb_tiny": "AwAkADC6D279qeGJHBqOjPOR+PvTESZPqacp7c596hkk2Rlh1\/lSQyF92SDtONw70hkkkqxrk5\/CoTckyqE+6fXvRKpdCB1pIwyxBCAcHOfSnYRJjPelCd935mlGzJ+ZqPl\/vGgBBgdwfoaCQBx0pfk\/vGkIj\/vGkMZkN\/hUgwF6UmyNT94inAocAH9KFfqGg3c23O40iuxH3jS\/wU1On50APBOByetALcfMeaB0FIOi0ALk4b5j1oBbP3jR2b60D71AH\/\/Z",
                "permalink": "https:\/\/harbourproject.slack.com\/files\/UJULQCHL5\/F016MCF0L4Q\/image.png",
                "permalink_public": "https:\/\/slack-files.com\/TJH5YU202-F016MCF0L4Q-d9c59d10af",
                "is_starred": false,
                "has_rich_preview": false
            }
        ],
        "upload": false,
        "user": "UJULQCHL5",
        "display_as_bot": false,
        "ts": "1592943291.306000"
    },
    {
        "client_msg_id": "ce920732-54b0-4171-901e-b99808b71060",
        "type": "message",
        "text": "subio dos metros el nivel del mar,",
        "user": "UK28N3CER",
        "ts": "1592943453.306700",
        "team": "TJH5YU202",
        "user_team": "TJH5YU202",
        "source_team": "TJH5YU202",
        "user_profile": {
            "avatar_hash": "0eafa7153ff3",
            "image_72": "https:\/\/avatars.slack-edge.com\/2020-05-18\/1155120542496_0eafa7153ff35206c804_72.jpg",
            "first_name": "Cesar",
            "real_name": "Cesar SysCtrl Software",
            "display_name": "Cesar SysCtrl Software",
            "team": "TJH5YU202",
            "name": "sysctrlsoftware",
            "is_restricted": false,
            "is_ultra_restricted": false
        },
        "blocks": [
            {
                "type": "rich_text",
                "block_id": "TA8",
                "elements": [
                    {
                        "type": "rich_text_section",
                        "elements": [
                            {
                                "type": "text",
                                "text": "subio dos metros el nivel del mar,"
                            }
                        ]
                    }
                ]
            }
        ]
    },
    {
        "client_msg_id": "a29e6eca-14f0-4887-8d67-0f539fe1dd2a",
        "type": "message",
        "text": "pero no ha llegado a sunami,",
        "user": "UK28N3CER",
        "ts": "1592943514.307700",
        "team": "TJH5YU202",
        "user_team": "TJH5YU202",
        "source_team": "TJH5YU202",
        "user_profile": {
            "avatar_hash": "0eafa7153ff3",
            "image_72": "https:\/\/avatars.slack-edge.com\/2020-05-18\/1155120542496_0eafa7153ff35206c804_72.jpg",
            "first_name": "Cesar",
            "real_name": "Cesar SysCtrl Software",
            "display_name": "Cesar SysCtrl Software",
            "team": "TJH5YU202",
            "name": "sysctrlsoftware",
            "is_restricted": false,
            "is_ultra_restricted": false
        },
        "blocks": [
            {
                "type": "rich_text",
                "block_id": "nNzCt",
                "elements": [
                    {
                        "type": "rich_text_section",
                        "elements": [
                            {
                                "type": "text",
                                "text": "pero no ha llegado a sunami,"
                            }
                        ]
                    }
                ]
            }
        ]
    },
    {
        "client_msg_id": "09be4d0b-d9d5-41d7-bdc7-889bfa99e1b1",
        "type": "message",
        "text": "un abrazo fuerte desde aqui con el deseo de que esteis todos bien :hugging_face:",
        "user": "UJN8D8U3B",
        "ts": "1592943546.308200",
        "team": "TJH5YU202",
        "user_team": "TJH5YU202",
        "source_team": "TJH5YU202",
        "user_profile": {
            "avatar_hash": "g92ad2abcc45",
            "image_72": "https:\/\/secure.gravatar.com\/avatar\/8492ad2abcc45ce53969adcf8420acde.jpg?s=72&d=https%3A%2F%2Fa.slack-edge.com%2Fdf10d%2Fimg%2Favatars%2Fava_0008-72.png",
            "first_name": "",
            "real_name": "Antonio Linares",
            "display_name": "Antonio Linares",
            "team": "TJH5YU202",
            "name": "alinares",
            "is_restricted": false,
            "is_ultra_restricted": false
        },
        "blocks": [
            {
                "type": "rich_text",
                "block_id": "r8Uq",
                "elements": [
                    {
                        "type": "rich_text_section",
                        "elements": [
                            {
                                "type": "text",
                                "text": "un abrazo fuerte desde aqui con el deseo de que esteis todos bien "
                            },
                            {
                                "type": "emoji",
                                "name": "hugging_face"
                            }
                        ]
                    }
                ]
            }
        ]
    },
    {
        "client_msg_id": "aaabac02-c6f7-4189-a9de-f94c77783aea",
        "type": "message",
        "text": "Muchas gracias, ya paso el susto",
        "user": "UK28N3CER",
        "ts": "1592943951.308600",
        "team": "TJH5YU202",
        "user_team": "TJH5YU202",
        "source_team": "TJH5YU202",
        "user_profile": {
            "avatar_hash": "0eafa7153ff3",
            "image_72": "https:\/\/avatars.slack-edge.com\/2020-05-18\/1155120542496_0eafa7153ff35206c804_72.jpg",
            "first_name": "Cesar",
            "real_name": "Cesar SysCtrl Software",
            "display_name": "Cesar SysCtrl Software",
            "team": "TJH5YU202",
            "name": "sysctrlsoftware",
            "is_restricted": false,
            "is_ultra_restricted": false
        },
        "blocks": [
            {
                "type": "rich_text",
                "block_id": "czJg",
                "elements": [
                    {
                        "type": "rich_text_section",
                        "elements": [
                            {
                                "type": "text",
                                "text": "Muchas gracias, ya paso el susto"
                            }
                        ]
                    }
                ]
            }
        ]
    },
    {
        "client_msg_id": "caa4bdd6-c78a-466e-90f4-f57b4b3e9008",
        "type": "message",
        "text": "Poco a poco nos estamos acabando nuestro planeta!",
        "user": "UJUSD6VB2",
        "ts": "1592949767.309400",
        "team": "TJH5YU202",
        "user_team": "TJH5YU202",
        "source_team": "TJH5YU202",
        "user_profile": {
            "avatar_hash": "g1677a02d0b6",
            "image_72": "https:\/\/secure.gravatar.com\/avatar\/bb1677a02d0b69ba91eb245090c7c83a.jpg?s=72&d=https%3A%2F%2Fa.slack-edge.com%2Fdf10d%2Fimg%2Favatars%2Fava_0015-72.png",
            "first_name": "",
            "real_name": "Osvaldo Ramirez",
            "display_name": "Osvaldo Ramirez",
            "team": "TJH5YU202",
            "name": "ramirezosvaldo",
            "is_restricted": false,
            "is_ultra_restricted": false
        },
        "blocks": [
            {
                "type": "rich_text",
                "block_id": "K9ZD",
                "elements": [
                    {
                        "type": "rich_text_section",
                        "elements": [
                            {
                                "type": "text",
                                "text": "Poco a poco nos estamos acabando nuestro planeta!"
                            }
                        ]
                    }
                ]
            }
        ]
    },
    {
        "client_msg_id": "b2a71aef-3040-42bd-aaff-5fec4e0b449c",
        "type": "message",
        "text": "dudo mucho que los seísmos tengan mucho que ver con lo que estamos haciendo en la corteza terrestre, excepto en casos como lo que ha mencionado Paquito arriba",
        "user": "UNAHBRTFA",
        "ts": "1592950506.310200",
        "team": "TJH5YU202",
        "user_team": "TJH5YU202",
        "source_team": "TJH5YU202",
        "user_profile": {
            "avatar_hash": "g3d2a3f4c28c",
            "image_72": "https:\/\/secure.gravatar.com\/avatar\/23d2a3f4c28cebb4cf07e48d02620517.jpg?s=72&d=https%3A%2F%2Fa.slack-edge.com%2Fdf10d%2Fimg%2Favatars%2Fava_0020-72.png",
            "first_name": "Andreu",
            "real_name": "Andreu Botella",
            "display_name": "Andreu Botella",
            "team": "TJH5YU202",
            "name": "andreu.132",
            "is_restricted": false,
            "is_ultra_restricted": false
        },
        "blocks": [
            {
                "type": "rich_text",
                "block_id": "x6W0",
                "elements": [
                    {
                        "type": "rich_text_section",
                        "elements": [
                            {
                                "type": "text",
                                "text": "dudo mucho que los seísmos tengan mucho que ver con lo que estamos haciendo en la corteza terrestre, excepto en casos como lo que ha mencionado Paquito arriba"
                            }
                        ]
                    }
                ]
            }
        ]
    },
    {
        "client_msg_id": "bbe553d5-154f-43f6-8440-1ffcdc0743e7",
        "type": "message",
        "text": "Bueno, mi estimado Andreu, en mi zona, como he comentado, hubo un temblor que lo sentí, pero en otras partes cerca de aqui le echan la culpa al sistema que usan para sacar petróleo, cerca de Tejas, Oklahoma, asi que si, creo que en mucho parte tenemos la culpa.",
        "user": "UJUSD6VB2",
        "ts": "1592951186.311900",
        "team": "TJH5YU202",
        "user_team": "TJH5YU202",
        "source_team": "TJH5YU202",
        "user_profile": {
            "avatar_hash": "g1677a02d0b6",
            "image_72": "https:\/\/secure.gravatar.com\/avatar\/bb1677a02d0b69ba91eb245090c7c83a.jpg?s=72&d=https%3A%2F%2Fa.slack-edge.com%2Fdf10d%2Fimg%2Favatars%2Fava_0015-72.png",
            "first_name": "",
            "real_name": "Osvaldo Ramirez",
            "display_name": "Osvaldo Ramirez",
            "team": "TJH5YU202",
            "name": "ramirezosvaldo",
            "is_restricted": false,
            "is_ultra_restricted": false
        },
        "blocks": [
            {
                "type": "rich_text",
                "block_id": "Gbwsi",
                "elements": [
                    {
                        "type": "rich_text_section",
                        "elements": [
                            {
                                "type": "text",
                                "text": "Bueno, mi estimado Andreu, en mi zona, como he comentado, hubo un temblor que lo sentí, pero en otras partes cerca de aqui le echan la culpa al sistema que usan para sacar petróleo, cerca de Tejas, Oklahoma, asi que si, creo que en mucho parte tenemos la culpa."
                            }
                        ]
                    }
                ]
            }
        ]
    },
    {
        "client_msg_id": "ebdd16f4-2564-478b-b585-b16a2a97c769",
        "type": "message",
        "text": "Mira, no soy yo para decirte pero cuando temblo en chile hace un par de anos, se dice que se juntaron todos los chilenos y saltaron de tal suerte que los argentinos y uruguayos tuvieron que mover la cocina de lugar ya que se movió el eje terrestre.",
        "user": "UJUSD6VB2",
        "ts": "1592951331.314000",
        "team": "TJH5YU202",
        "user_team": "TJH5YU202",
        "source_team": "TJH5YU202",
        "user_profile": {
            "avatar_hash": "g1677a02d0b6",
            "image_72": "https:\/\/secure.gravatar.com\/avatar\/bb1677a02d0b69ba91eb245090c7c83a.jpg?s=72&d=https%3A%2F%2Fa.slack-edge.com%2Fdf10d%2Fimg%2Favatars%2Fava_0015-72.png",
            "first_name": "",
            "real_name": "Osvaldo Ramirez",
            "display_name": "Osvaldo Ramirez",
            "team": "TJH5YU202",
            "name": "ramirezosvaldo",
            "is_restricted": false,
            "is_ultra_restricted": false
        },
        "blocks": [
            {
                "type": "rich_text",
                "block_id": "I\/KVg",
                "elements": [
                    {
                        "type": "rich_text_section",
                        "elements": [
                            {
                                "type": "text",
                                "text": "Mira, no soy yo para decirte pero cuando temblo en chile hace un par de anos, se dice que se juntaron todos los chilenos y saltaron de tal suerte que los argentinos y uruguayos tuvieron que mover la cocina de lugar ya que se movió el eje terrestre."
                            }
                        ]
                    }
                ]
            }
        ]
    },
    {
        "client_msg_id": "9b4135f6-51b5-4cfc-a5b5-1a1111c35256",
        "type": "message",
        "text": "Y la culpa de quien fue ? de los chilenos y de paso de los uruguayos por dejados! \"Que les costaba fruncir el .... y no dejarse mover\"",
        "user": "UJUSD6VB2",
        "ts": "1592951505.315000",
        "team": "TJH5YU202",
        "user_team": "TJH5YU202",
        "source_team": "TJH5YU202",
        "user_profile": {
            "avatar_hash": "g1677a02d0b6",
            "image_72": "https:\/\/secure.gravatar.com\/avatar\/bb1677a02d0b69ba91eb245090c7c83a.jpg?s=72&d=https%3A%2F%2Fa.slack-edge.com%2Fdf10d%2Fimg%2Favatars%2Fava_0015-72.png",
            "first_name": "",
            "real_name": "Osvaldo Ramirez",
            "display_name": "Osvaldo Ramirez",
            "team": "TJH5YU202",
            "name": "ramirezosvaldo",
            "is_restricted": false,
            "is_ultra_restricted": false
        },
        "blocks": [
            {
                "type": "rich_text",
                "block_id": "MF06v",
                "elements": [
                    {
                        "type": "rich_text_section",
                        "elements": [
                            {
                                "type": "text",
                                "text": "Y la culpa de quien fue ? de los chilenos y de paso de los uruguayos por dejados! \"Que les costaba fruncir el .... y no dejarse mover\""
                            }
                        ]
                    }
                ]
            }
        ]
    },
    {
        "type": "message",
        "text": "",
        "files": [
            {
                "id": "F015XQU02LA",
                "created": 1592951555,
                "timestamp": 1592951555,
                "name": "image.png",
                "title": "image.png",
                "mimetype": "image\/png",
                "filetype": "png",
                "pretty_type": "PNG",
                "user": "UJUSD6VB2",
                "editable": false,
                "size": 486258,
                "mode": "hosted",
                "is_external": false,
                "external_type": "",
                "is_public": true,
                "public_url_shared": false,
                "display_as_bot": false,
                "username": "",
                "url_private": "https:\/\/files.slack.com\/files-pri\/TJH5YU202-F015XQU02LA\/image.png?t=xoxe-629202954002-1307858988048-1296644259825-cbe9e6d0558bfb5b1a5a18db398692ce",
                "url_private_download": "https:\/\/files.slack.com\/files-pri\/TJH5YU202-F015XQU02LA\/download\/image.png?t=xoxe-629202954002-1307858988048-1296644259825-cbe9e6d0558bfb5b1a5a18db398692ce",
                "thumb_64": "https:\/\/files.slack.com\/files-tmb\/TJH5YU202-F015XQU02LA-f5d54b2ee5\/image_64.png?t=xoxe-629202954002-1307858988048-1296644259825-cbe9e6d0558bfb5b1a5a18db398692ce",
                "thumb_80": "https:\/\/files.slack.com\/files-tmb\/TJH5YU202-F015XQU02LA-f5d54b2ee5\/image_80.png?t=xoxe-629202954002-1307858988048-1296644259825-cbe9e6d0558bfb5b1a5a18db398692ce",
                "thumb_360": "https:\/\/files.slack.com\/files-tmb\/TJH5YU202-F015XQU02LA-f5d54b2ee5\/image_360.png?t=xoxe-629202954002-1307858988048-1296644259825-cbe9e6d0558bfb5b1a5a18db398692ce",
                "thumb_360_w": 360,
                "thumb_360_h": 275,
                "thumb_480": "https:\/\/files.slack.com\/files-tmb\/TJH5YU202-F015XQU02LA-f5d54b2ee5\/image_480.png?t=xoxe-629202954002-1307858988048-1296644259825-cbe9e6d0558bfb5b1a5a18db398692ce",
                "thumb_480_w": 480,
                "thumb_480_h": 366,
                "thumb_160": "https:\/\/files.slack.com\/files-tmb\/TJH5YU202-F015XQU02LA-f5d54b2ee5\/image_160.png?t=xoxe-629202954002-1307858988048-1296644259825-cbe9e6d0558bfb5b1a5a18db398692ce",
                "original_w": 575,
                "original_h": 439,
                "thumb_tiny": "AwAkADDQYAtz\/OmhQfYfWnN1po5zQA7YuO\/5mnc44qJmVTjP5UhYHoDQA6SQoB0pElLMBgc01sbCSOnaiPG9cLUsaHu4UnNIrA9GwaSVRuzk0iJ3yfxqhD2jUnJ5ppiHpTmJX1xTTJ\/vflQAjRhVzjvRGfnAoZ8ryD+NNhYGQYqWNFhlB60BQOlLRVCEKA9eab5SelPooAYYkx0qOFAJOKnPSoov9ZQB\/9k=",
                "permalink": "https:\/\/harbourproject.slack.com\/files\/UJUSD6VB2\/F015XQU02LA\/image.png",
                "permalink_public": "https:\/\/slack-files.com\/TJH5YU202-F015XQU02LA-3cf7d29fe4",
                "is_starred": false,
                "has_rich_preview": false
            }
        ],
        "upload": false,
        "user": "UJUSD6VB2",
        "display_as_bot": false,
        "ts": "1592951558.315100"
    },
    {
        "client_msg_id": "91a5e1a4-e978-4dc3-90a7-2a8afc61bc9f",
        "type": "message",
        "text": "yo estaba pensando más en seísmos tectónicos: que yo sepa, no mucho de lo que hagamos en la corteza puede provocarlos o evitarlos",
        "user": "UNAHBRTFA",
        "ts": "1592951679.316100",
        "team": "TJH5YU202",
        "user_team": "TJH5YU202",
        "source_team": "TJH5YU202",
        "user_profile": {
            "avatar_hash": "g3d2a3f4c28c",
            "image_72": "https:\/\/secure.gravatar.com\/avatar\/23d2a3f4c28cebb4cf07e48d02620517.jpg?s=72&d=https%3A%2F%2Fa.slack-edge.com%2Fdf10d%2Fimg%2Favatars%2Fava_0020-72.png",
            "first_name": "Andreu",
            "real_name": "Andreu Botella",
            "display_name": "Andreu Botella",
            "team": "TJH5YU202",
            "name": "andreu.132",
            "is_restricted": false,
            "is_ultra_restricted": false
        },
        "blocks": [
            {
                "type": "rich_text",
                "block_id": "P\/WG",
                "elements": [
                    {
                        "type": "rich_text_section",
                        "elements": [
                            {
                                "type": "text",
                                "text": "yo estaba pensando más en seísmos tectónicos: que yo sepa, no mucho de lo que hagamos en la corteza puede provocarlos o evitarlos"
                            }
                        ]
                    }
                ]
            }
        ]
    },
    {
        "client_msg_id": "818aa2ef-0e8b-4309-bc1f-bddd66277b37",
        "type": "message",
        "text": "otra cosa son seísmos por fracking, etc",
        "user": "UNAHBRTFA",
        "ts": "1592951702.316600",
        "team": "TJH5YU202",
        "user_team": "TJH5YU202",
        "source_team": "TJH5YU202",
        "user_profile": {
            "avatar_hash": "g3d2a3f4c28c",
            "image_72": "https:\/\/secure.gravatar.com\/avatar\/23d2a3f4c28cebb4cf07e48d02620517.jpg?s=72&d=https%3A%2F%2Fa.slack-edge.com%2Fdf10d%2Fimg%2Favatars%2Fava_0020-72.png",
            "first_name": "Andreu",
            "real_name": "Andreu Botella",
            "display_name": "Andreu Botella",
            "team": "TJH5YU202",
            "name": "andreu.132",
            "is_restricted": false,
            "is_ultra_restricted": false
        },
        "blocks": [
            {
                "type": "rich_text",
                "block_id": "TUegu",
                "elements": [
                    {
                        "type": "rich_text_section",
                        "elements": [
                            {
                                "type": "text",
                                "text": "otra cosa son seísmos por fracking, etc"
                            }
                        ]
                    }
                ]
            }
        ]
    },
    {
        "client_msg_id": "d7951839-ed84-4c91-951f-0a2ad3e5eecf",
        "type": "message",
        "text": "Muy buenos días",
        "user": "UK28N3CER",
        "ts": "1592974872.317000",
        "team": "TJH5YU202",
        "user_team": "TJH5YU202",
        "source_team": "TJH5YU202",
        "user_profile": {
            "avatar_hash": "0eafa7153ff3",
            "image_72": "https:\/\/avatars.slack-edge.com\/2020-05-18\/1155120542496_0eafa7153ff35206c804_72.jpg",
            "first_name": "Cesar",
            "real_name": "Cesar SysCtrl Software",
            "display_name": "Cesar SysCtrl Software",
            "team": "TJH5YU202",
            "name": "sysctrlsoftware",
            "is_restricted": false,
            "is_ultra_restricted": false
        },
        "blocks": [
            {
                "type": "rich_text",
                "block_id": "EFp",
                "elements": [
                    {
                        "type": "rich_text_section",
                        "elements": [
                            {
                                "type": "text",
                                "text": "Muy buenos días"
                            }
                        ]
                    }
                ]
            }
        ]
    },
    {
        "client_msg_id": "c42e73d4-9204-4565-b820-9af0d6fc6064",
        "type": "message",
        "text": "buenos dias :sunny:",
        "user": "UJN8D8U3B",
        "ts": "1592978461.317300",
        "team": "TJH5YU202",
        "user_team": "TJH5YU202",
        "source_team": "TJH5YU202",
        "user_profile": {
            "avatar_hash": "g92ad2abcc45",
            "image_72": "https:\/\/secure.gravatar.com\/avatar\/8492ad2abcc45ce53969adcf8420acde.jpg?s=72&d=https%3A%2F%2Fa.slack-edge.com%2Fdf10d%2Fimg%2Favatars%2Fava_0008-72.png",
            "first_name": "",
            "real_name": "Antonio Linares",
            "display_name": "Antonio Linares",
            "team": "TJH5YU202",
            "name": "alinares",
            "is_restricted": false,
            "is_ultra_restricted": false
        },
        "blocks": [
            {
                "type": "rich_text",
                "block_id": "kr8",
                "elements": [
                    {
                        "type": "rich_text_section",
                        "elements": [
                            {
                                "type": "text",
                                "text": "buenos dias "
                            },
                            {
                                "type": "emoji",
                                "name": "sunny"
                            }
                        ]
                    }
                ]
            }
        ]
    }
]