[
    {
        "client_msg_id": "ef35f13b-c419-4eb0-aac5-41f04d504006",
        "type": "message",
        "text": "I have the email-desktop ready in mod harbour.\nSame functionality as desktop version and best you can work simultaneously.",
        "user": "UJHD6A81H",
        "ts": "1595660424.424100",
        "team": "TJH5YU202",
        "user_team": "TJH5YU202",
        "source_team": "TJH5YU202",
        "user_profile": {
            "avatar_hash": "g6b8073e00e9",
            "image_72": "https:\/\/secure.gravatar.com\/avatar\/b96b8073e00e9eb02bcf05bc1418eb3a.jpg?s=72&d=https%3A%2F%2Fa.slack-edge.com%2Fdf10d%2Fimg%2Favatars%2Fava_0021-72.png",
            "first_name": "Otto",
            "real_name": "Otto Atzwanger",
            "display_name": "Otto",
            "team": "TJH5YU202",
            "name": "otto",
            "is_restricted": false,
            "is_ultra_restricted": false
        },
        "blocks": [
            {
                "type": "rich_text",
                "block_id": "mY+",
                "elements": [
                    {
                        "type": "rich_text_section",
                        "elements": [
                            {
                                "type": "text",
                                "text": "I have the email-desktop ready in mod harbour.\nSame functionality as desktop version and best you can work simultaneously."
                            }
                        ]
                    }
                ]
            }
        ]
    },
    {
        "client_msg_id": "b24c4202-1d15-4ed8-8b95-5e9522b6d714",
        "type": "message",
        "text": "<http:\/\/forums.fivetechsupport.com\/viewtopic.php?f=3&amp;t=33215>",
        "user": "UJHD6A81H",
        "ts": "1595660434.424300",
        "team": "TJH5YU202",
        "user_team": "TJH5YU202",
        "source_team": "TJH5YU202",
        "user_profile": {
            "avatar_hash": "g6b8073e00e9",
            "image_72": "https:\/\/secure.gravatar.com\/avatar\/b96b8073e00e9eb02bcf05bc1418eb3a.jpg?s=72&d=https%3A%2F%2Fa.slack-edge.com%2Fdf10d%2Fimg%2Favatars%2Fava_0021-72.png",
            "first_name": "Otto",
            "real_name": "Otto Atzwanger",
            "display_name": "Otto",
            "team": "TJH5YU202",
            "name": "otto",
            "is_restricted": false,
            "is_ultra_restricted": false
        },
        "blocks": [
            {
                "type": "rich_text",
                "block_id": "YkP\/+",
                "elements": [
                    {
                        "type": "rich_text_section",
                        "elements": [
                            {
                                "type": "link",
                                "url": "http:\/\/forums.fivetechsupport.com\/viewtopic.php?f=3&t=33215"
                            }
                        ]
                    }
                ]
            }
        ]
    },
    {
        "type": "message",
        "text": "",
        "files": [
            {
                "id": "F018EBW8ESC",
                "created": 1595660442,
                "timestamp": 1595660442,
                "name": "modharboureDesktop.jpg",
                "title": "modharboureDesktop.jpg",
                "mimetype": "image\/jpeg",
                "filetype": "jpg",
                "pretty_type": "JPEG",
                "user": "UJHD6A81H",
                "editable": false,
                "size": 304478,
                "mode": "hosted",
                "is_external": false,
                "external_type": "",
                "is_public": true,
                "public_url_shared": false,
                "display_as_bot": false,
                "username": "",
                "url_private": "https:\/\/files.slack.com\/files-pri\/TJH5YU202-F018EBW8ESC\/modharbouredesktop.jpg?t=xoxe-629202954002-1307858988048-1296644259825-cbe9e6d0558bfb5b1a5a18db398692ce",
                "url_private_download": "https:\/\/files.slack.com\/files-pri\/TJH5YU202-F018EBW8ESC\/download\/modharbouredesktop.jpg?t=xoxe-629202954002-1307858988048-1296644259825-cbe9e6d0558bfb5b1a5a18db398692ce",
                "thumb_64": "https:\/\/files.slack.com\/files-tmb\/TJH5YU202-F018EBW8ESC-2f5dc34700\/modharbouredesktop_64.jpg?t=xoxe-629202954002-1307858988048-1296644259825-cbe9e6d0558bfb5b1a5a18db398692ce",
                "thumb_80": "https:\/\/files.slack.com\/files-tmb\/TJH5YU202-F018EBW8ESC-2f5dc34700\/modharbouredesktop_80.jpg?t=xoxe-629202954002-1307858988048-1296644259825-cbe9e6d0558bfb5b1a5a18db398692ce",
                "thumb_360": "https:\/\/files.slack.com\/files-tmb\/TJH5YU202-F018EBW8ESC-2f5dc34700\/modharbouredesktop_360.jpg?t=xoxe-629202954002-1307858988048-1296644259825-cbe9e6d0558bfb5b1a5a18db398692ce",
                "thumb_360_w": 360,
                "thumb_360_h": 218,
                "thumb_480": "https:\/\/files.slack.com\/files-tmb\/TJH5YU202-F018EBW8ESC-2f5dc34700\/modharbouredesktop_480.jpg?t=xoxe-629202954002-1307858988048-1296644259825-cbe9e6d0558bfb5b1a5a18db398692ce",
                "thumb_480_w": 480,
                "thumb_480_h": 291,
                "thumb_160": "https:\/\/files.slack.com\/files-tmb\/TJH5YU202-F018EBW8ESC-2f5dc34700\/modharbouredesktop_160.jpg?t=xoxe-629202954002-1307858988048-1296644259825-cbe9e6d0558bfb5b1a5a18db398692ce",
                "thumb_720": "https:\/\/files.slack.com\/files-tmb\/TJH5YU202-F018EBW8ESC-2f5dc34700\/modharbouredesktop_720.jpg?t=xoxe-629202954002-1307858988048-1296644259825-cbe9e6d0558bfb5b1a5a18db398692ce",
                "thumb_720_w": 720,
                "thumb_720_h": 436,
                "thumb_800": "https:\/\/files.slack.com\/files-tmb\/TJH5YU202-F018EBW8ESC-2f5dc34700\/modharbouredesktop_800.jpg?t=xoxe-629202954002-1307858988048-1296644259825-cbe9e6d0558bfb5b1a5a18db398692ce",
                "thumb_800_w": 800,
                "thumb_800_h": 485,
                "thumb_960": "https:\/\/files.slack.com\/files-tmb\/TJH5YU202-F018EBW8ESC-2f5dc34700\/modharbouredesktop_960.jpg?t=xoxe-629202954002-1307858988048-1296644259825-cbe9e6d0558bfb5b1a5a18db398692ce",
                "thumb_960_w": 960,
                "thumb_960_h": 582,
                "thumb_1024": "https:\/\/files.slack.com\/files-tmb\/TJH5YU202-F018EBW8ESC-2f5dc34700\/modharbouredesktop_1024.jpg?t=xoxe-629202954002-1307858988048-1296644259825-cbe9e6d0558bfb5b1a5a18db398692ce",
                "thumb_1024_w": 1024,
                "thumb_1024_h": 621,
                "original_w": 1622,
                "original_h": 983,
                "thumb_tiny": "AwAdADDRweMZ\/OlA\/wA5pASCRjNGcnvQApFJjrigHjrS+tAAAfU0Ed8mkz9KXnHNAGbOZRcOVMmM8YBqUM5iB8x0IGTkZq9RQBGv+rXPJxThwBxmlIzVG4vTGWAjB2nHJoAvc\/3aUHIrHkupic7gM9gK1o\/uD6UAf\/\/Z",
                "permalink": "https:\/\/harbourproject.slack.com\/files\/UJHD6A81H\/F018EBW8ESC\/modharbouredesktop.jpg",
                "permalink_public": "https:\/\/slack-files.com\/TJH5YU202-F018EBW8ESC-9f631ad36c",
                "is_starred": false,
                "has_rich_preview": false
            }
        ],
        "upload": false,
        "user": "UJHD6A81H",
        "display_as_bot": false,
        "ts": "1595660446.424400"
    },
    {
        "client_msg_id": "d1f032f2-842f-4651-afc5-8565a979ad2f",
        "type": "message",
        "text": "EmailDesktop es realmente una ganancia de productividad en la vida diaria de la oficina. Único.",
        "user": "UJHD6A81H",
        "ts": "1595660541.424800",
        "team": "TJH5YU202",
        "user_team": "TJH5YU202",
        "source_team": "TJH5YU202",
        "user_profile": {
            "avatar_hash": "g6b8073e00e9",
            "image_72": "https:\/\/secure.gravatar.com\/avatar\/b96b8073e00e9eb02bcf05bc1418eb3a.jpg?s=72&d=https%3A%2F%2Fa.slack-edge.com%2Fdf10d%2Fimg%2Favatars%2Fava_0021-72.png",
            "first_name": "Otto",
            "real_name": "Otto Atzwanger",
            "display_name": "Otto",
            "team": "TJH5YU202",
            "name": "otto",
            "is_restricted": false,
            "is_ultra_restricted": false
        },
        "blocks": [
            {
                "type": "rich_text",
                "block_id": "77g\/T",
                "elements": [
                    {
                        "type": "rich_text_section",
                        "elements": [
                            {
                                "type": "text",
                                "text": "EmailDesktop es realmente una ganancia de productividad en la vida diaria de la oficina. Único."
                            }
                        ]
                    }
                ]
            }
        ]
    },
    {
        "type": "message",
        "subtype": "thread_broadcast",
        "text": "<@U015CUP1T5Z> Yo creo mod-harbour tiene capacidad para levantar un sitio sin problemas, y si quieres que aguante más volumen, hay formas de optimizarlo después.\n\nPor otro lado node.js es una plataforma bastante usable, o al menos es lo que me ha parecido con lo poquito que he trasteado con node, así que a menos que el framework que usen sea horrible  tampoco es como para tener que salir corriendo imperativamente a buscar otra solución.\n\nAsí que aquí la clave está en el tiempo de desarrollo y lo grande que sea el proyecto, si es muy chiquitín pues tanto da, lo reescribes con mod-harbour que seguro que te encontrarás más cómodo y listo, pero si tienes un proyecto que ya está funcionando y no está tan mal escrito que no tengas por donde agarrarlo, pues probablemente te va a ser mucho más fácil aprender un poquito se node y mantenerlo que escribirlo desde cero, con lo que esto significa: nuevos bugs que limpiar, pequeñas alteraciones del spec original, meteduras de pata que salen muchas veces cuando empiezas un proyecto,...\n\nOtra cosa es que a menos que lo reinventes desde el principio o tengas unas especificaciones muy precisas, pues te va a tocar meter las narices en el código y estudiar un poco el proyecto, con cualquiera de las opciones.\n\nEso sí si el tiempo no es un factor determinante y decides reescribirlo, vas a aprender un montón",
        "user": "UMZ3LNV5Z",
        "ts": "1595673549.424900",
        "thread_ts": "1595612609.416600",
        "root": {
            "client_msg_id": "73155ac4-fe6e-4258-8af1-aee449f41e09",
            "type": "message",
            "text": "amigos, un cliente está haciendo una propuesta interesante y me hizo pensar mucho. él tiene un sitio de comercio electrónico creado básicamente en node.js, estamos negociando para hacerse cargo de su sitio, pero él quería mantener la parte visual del sitio. Sé que node.js es en realidad una plataforma que usa javascript. mi pregunta es, ¿hay algún impedimento para migrar el sitio de node.js a mod_harbour? :thinking_face: Sé que es una pregunta muy extraña, pero si alguien ha tenido esta experiencia y puede compartirla, estoy agradecido",
            "user": "U015CUP1T5Z",
            "ts": "1595612609.416600",
            "team": "TJH5YU202",
            "blocks": [
                {
                    "type": "rich_text",
                    "block_id": "8ax",
                    "elements": [
                        {
                            "type": "rich_text_section",
                            "elements": [
                                {
                                    "type": "text",
                                    "text": "amigos, un cliente está haciendo una propuesta interesante y me hizo pensar mucho. él tiene un sitio de comercio electrónico creado básicamente en node.js, estamos negociando para hacerse cargo de su sitio, pero él quería mantener la parte visual del sitio. Sé que node.js es en realidad una plataforma que usa javascript. mi pregunta es, ¿hay algún impedimento para migrar el sitio de node.js a mod_harbour? "
                                },
                                {
                                    "type": "emoji",
                                    "name": "thinking_face"
                                },
                                {
                                    "type": "text",
                                    "text": " Sé que es una pregunta muy extraña, pero si alguien ha tenido esta experiencia y puede compartirla, estoy agradecido"
                                }
                            ]
                        }
                    ]
                }
            ],
            "thread_ts": "1595612609.416600",
            "reply_count": 1,
            "reply_users_count": 1,
            "latest_reply": "1595673549.424900",
            "reply_users": [
                "UMZ3LNV5Z"
            ],
            "subscribed": false
        },
        "blocks": [
            {
                "type": "rich_text",
                "block_id": "BSkt",
                "elements": [
                    {
                        "type": "rich_text_section",
                        "elements": [
                            {
                                "type": "user",
                                "user_id": "U015CUP1T5Z"
                            },
                            {
                                "type": "text",
                                "text": " Yo creo mod-harbour tiene capacidad para levantar un sitio sin problemas, y si quieres que aguante más volumen, hay formas de optimizarlo después.\n\nPor otro lado node.js es una plataforma bastante usable, o al menos es lo que me ha parecido con lo poquito que he trasteado con node, así que a menos que el framework que usen sea horrible  tampoco es como para tener que salir corriendo imperativamente a buscar otra solución.\n\nAsí que aquí la clave está en el tiempo de desarrollo y lo grande que sea el proyecto, si es muy chiquitín pues tanto da, lo reescribes con mod-harbour que seguro que te encontrarás más cómodo y listo, pero si tienes un proyecto que ya está funcionando y no está tan mal escrito que no tengas por donde agarrarlo, pues probablemente te va a ser mucho más fácil aprender un poquito se node y mantenerlo que escribirlo desde cero, con lo que esto significa: nuevos bugs que limpiar, pequeñas alteraciones del spec original, meteduras de pata que salen muchas veces cuando empiezas un proyecto,...\n\nOtra cosa es que a menos que lo reinventes desde el principio o tengas unas especificaciones muy precisas, pues te va a tocar meter las narices en el código y estudiar un poco el proyecto, con cualquiera de las opciones.\n\nEso sí si el tiempo no es un factor determinante y decides reescribirlo, vas a aprender un montón"
                            }
                        ]
                    }
                ]
            }
        ],
        "client_msg_id": "21bcb833-0e5c-49d6-8752-0cd8db99a08c",
        "edited": {
            "user": "UMZ3LNV5Z",
            "ts": "1595674851.000000"
        }
    },
    {
        "client_msg_id": "740567c3-1f6f-422d-952f-ffff644df0ea",
        "type": "message",
        "text": "Gracias por la respuesta <@UMZ3LNV5Z>. Sí, sobre la capacidad de mod_harbour para levantar un sitio, no tengo dudas, ¡incluso estoy finalizando uno! mi pregunta era si había algún impedimento, algo que mod_harbour todavía no puede reproducir como node.js, a pesar de que el node.js se realiza en javascript ... pero he realizado algunas pruebas y descubrí que es posible mantener todo funcionando sin problemas, incluidos los plugins utilizados. Todavía estoy estudiando este código en el sitio, ¡pero parece que todo estará bien! realmente, como dijiste, puede ser complicado migrar un sitio completo, pero debido a que nuestro cliente ya usa nuestra aplicación desktop, tenemos muchas ganancias al hacer esta migración, así que estoy considerando hacerlo, de hecho. gracias, de nuevo, amigo! :blush:",
        "user": "U015CUP1T5Z",
        "ts": "1595687959.426400",
        "team": "TJH5YU202",
        "user_team": "TJH5YU202",
        "source_team": "TJH5YU202",
        "user_profile": {
            "avatar_hash": "2d5981129913",
            "image_72": "https:\/\/avatars.slack-edge.com\/2020-06-14\/1183376598323_2d5981129913ee85447d_72.jpg",
            "first_name": "ricardo",
            "real_name": "ricardo arraes",
            "display_name": "ricardo arraes",
            "team": "TJH5YU202",
            "name": "ricardo",
            "is_restricted": false,
            "is_ultra_restricted": false
        },
        "blocks": [
            {
                "type": "rich_text",
                "block_id": "Dygj",
                "elements": [
                    {
                        "type": "rich_text_section",
                        "elements": [
                            {
                                "type": "text",
                                "text": "Gracias por la respuesta "
                            },
                            {
                                "type": "user",
                                "user_id": "UMZ3LNV5Z"
                            },
                            {
                                "type": "text",
                                "text": ". Sí, sobre la capacidad de mod_harbour para levantar un sitio, no tengo dudas, ¡incluso estoy finalizando uno! mi pregunta era si había algún impedimento, algo que mod_harbour todavía no puede reproducir como node.js, a pesar de que el node.js se realiza en javascript ... pero he realizado algunas pruebas y descubrí que es posible mantener todo funcionando sin problemas, incluidos los plugins utilizados. Todavía estoy estudiando este código en el sitio, ¡pero parece que todo estará bien! realmente, como dijiste, puede ser complicado migrar un sitio completo, pero debido a que nuestro cliente ya usa nuestra aplicación desktop, tenemos muchas ganancias al hacer esta migración, así que estoy considerando hacerlo, de hecho. gracias, de nuevo, amigo! "
                            },
                            {
                                "type": "emoji",
                                "name": "blush"
                            }
                        ]
                    }
                ]
            }
        ],
        "thread_ts": "1595687959.426400",
        "reply_count": 1,
        "reply_users_count": 1,
        "latest_reply": "1595689483.428900",
        "reply_users": [
            "UMZ3LNV5Z"
        ],
        "replies": [
            {
                "user": "UMZ3LNV5Z",
                "ts": "1595689483.428900"
            }
        ],
        "subscribed": false
    },
    {
        "client_msg_id": "d85cd99c-18d4-47b5-83ca-63af9a219449",
        "type": "message",
        "text": "<@U015CUP1T5Z> Con node y express, por ejemplo, tienes muchos plugins y middleware que te permiten ahorrar código, y que evidentemente no existen para mod_harbour. Pero si estás dispuesto a implementar lo que hacen esos plugins en mod_harbour, eso no es un problema.",
        "user": "UNAHBRTFA",
        "ts": "1595688227.428200",
        "team": "TJH5YU202",
        "user_team": "TJH5YU202",
        "source_team": "TJH5YU202",
        "user_profile": {
            "avatar_hash": "g3d2a3f4c28c",
            "image_72": "https:\/\/secure.gravatar.com\/avatar\/23d2a3f4c28cebb4cf07e48d02620517.jpg?s=72&d=https%3A%2F%2Fa.slack-edge.com%2Fdf10d%2Fimg%2Favatars%2Fava_0020-72.png",
            "first_name": "Andreu",
            "real_name": "Andreu Botella",
            "display_name": "Andreu Botella",
            "team": "TJH5YU202",
            "name": "andreu.132",
            "is_restricted": false,
            "is_ultra_restricted": false
        },
        "blocks": [
            {
                "type": "rich_text",
                "block_id": "fUEb",
                "elements": [
                    {
                        "type": "rich_text_section",
                        "elements": [
                            {
                                "type": "user",
                                "user_id": "U015CUP1T5Z"
                            },
                            {
                                "type": "text",
                                "text": " Con node y express, por ejemplo, tienes muchos plugins y middleware que te permiten ahorrar código, y que evidentemente no existen para mod_harbour. Pero si estás dispuesto a implementar lo que hacen esos plugins en mod_harbour, eso no es un problema."
                            }
                        ]
                    }
                ]
            }
        ]
    },
    {
        "client_msg_id": "90080758-6f82-4426-a2ac-063304976d7e",
        "type": "message",
        "text": "Lo único que creo que node.js con express puede hacer pero mod_harbour no son websockets",
        "user": "UNAHBRTFA",
        "ts": "1595688254.428800",
        "team": "TJH5YU202",
        "user_team": "TJH5YU202",
        "source_team": "TJH5YU202",
        "user_profile": {
            "avatar_hash": "g3d2a3f4c28c",
            "image_72": "https:\/\/secure.gravatar.com\/avatar\/23d2a3f4c28cebb4cf07e48d02620517.jpg?s=72&d=https%3A%2F%2Fa.slack-edge.com%2Fdf10d%2Fimg%2Favatars%2Fava_0020-72.png",
            "first_name": "Andreu",
            "real_name": "Andreu Botella",
            "display_name": "Andreu Botella",
            "team": "TJH5YU202",
            "name": "andreu.132",
            "is_restricted": false,
            "is_ultra_restricted": false
        },
        "blocks": [
            {
                "type": "rich_text",
                "block_id": "exuBo",
                "elements": [
                    {
                        "type": "rich_text_section",
                        "elements": [
                            {
                                "type": "text",
                                "text": "Lo único que creo que node.js con express puede hacer pero mod_harbour no son websockets"
                            }
                        ]
                    }
                ]
            }
        ],
        "thread_ts": "1595688254.428800",
        "reply_count": 2,
        "reply_users_count": 2,
        "latest_reply": "1595696926.431100",
        "reply_users": [
            "UMZ3LNV5Z",
            "UM81W8B0Q"
        ],
        "replies": [
            {
                "user": "UMZ3LNV5Z",
                "ts": "1595689634.429100"
            },
            {
                "user": "UM81W8B0Q",
                "ts": "1595696926.431100"
            }
        ],
        "subscribed": false
    },
    {
        "client_msg_id": "64e8c4b8-1f16-4138-b1f5-9559f5daf2d4",
        "type": "message",
        "text": "<@U015CUP1T5Z>\n\"tenemos muchas ganancias al hacer esta migración\"\nBueno eso es una razón de peso :slightly_smiling_face:",
        "user": "UMZ3LNV5Z",
        "ts": "1595689483.428900",
        "team": "TJH5YU202",
        "user_team": "TJH5YU202",
        "source_team": "TJH5YU202",
        "user_profile": {
            "avatar_hash": "0705cbdb2dc9",
            "image_72": "https:\/\/avatars.slack-edge.com\/2020-02-24\/967980533062_0705cbdb2dc9cb3644bb_72.jpg",
            "first_name": "Pablo",
            "real_name": "Pablo Botella",
            "display_name": "Pablo Botella",
            "team": "TJH5YU202",
            "name": "pb",
            "is_restricted": false,
            "is_ultra_restricted": false
        },
        "blocks": [
            {
                "type": "rich_text",
                "block_id": "U+m2d",
                "elements": [
                    {
                        "type": "rich_text_section",
                        "elements": [
                            {
                                "type": "user",
                                "user_id": "U015CUP1T5Z"
                            },
                            {
                                "type": "text",
                                "text": "\n\"tenemos muchas ganancias al hacer esta migración\"\nBueno eso es una razón de peso "
                            },
                            {
                                "type": "emoji",
                                "name": "slightly_smiling_face"
                            }
                        ]
                    }
                ]
            }
        ],
        "thread_ts": "1595687959.426400",
        "parent_user_id": "U015CUP1T5Z"
    },
    {
        "client_msg_id": "9b419a0a-7095-4d09-8b3b-cf07989c61e0",
        "type": "message",
        "text": "pero hay por ahi ejemplos en harbour  de websockets aunque no sea exactamente mod harbour, así que los websockets tampoco son un stopper",
        "user": "UMZ3LNV5Z",
        "ts": "1595689634.429100",
        "team": "TJH5YU202",
        "user_team": "TJH5YU202",
        "source_team": "TJH5YU202",
        "user_profile": {
            "avatar_hash": "0705cbdb2dc9",
            "image_72": "https:\/\/avatars.slack-edge.com\/2020-02-24\/967980533062_0705cbdb2dc9cb3644bb_72.jpg",
            "first_name": "Pablo",
            "real_name": "Pablo Botella",
            "display_name": "Pablo Botella",
            "team": "TJH5YU202",
            "name": "pb",
            "is_restricted": false,
            "is_ultra_restricted": false
        },
        "blocks": [
            {
                "type": "rich_text",
                "block_id": "p0J",
                "elements": [
                    {
                        "type": "rich_text_section",
                        "elements": [
                            {
                                "type": "text",
                                "text": "pero hay por ahi ejemplos en harbour  de websockets aunque no sea exactamente mod harbour, así que los websockets tampoco son un stopper"
                            }
                        ]
                    }
                ]
            }
        ],
        "thread_ts": "1595688254.428800",
        "parent_user_id": "UNAHBRTFA",
        "reactions": [
            {
                "name": "+1",
                "users": [
                    "UJN8D8U3B"
                ],
                "count": 1
            }
        ]
    },
    {
        "client_msg_id": "8e42f9e6-d6a0-46ff-ade4-8dab2b8880a8",
        "type": "message",
        "text": "se pueden hacer websockets Andreu",
        "user": "UM81W8B0Q",
        "ts": "1595696831.430000",
        "team": "TJH5YU202",
        "user_team": "TJH5YU202",
        "source_team": "TJH5YU202",
        "user_profile": {
            "avatar_hash": "gab9279ee8c0",
            "image_72": "https:\/\/secure.gravatar.com\/avatar\/73ab9279ee8c00f66ce4904d30146c8f.jpg?s=72&d=https%3A%2F%2Fa.slack-edge.com%2Fdf10d%2Fimg%2Favatars%2Fava_0010-72.png",
            "first_name": "",
            "real_name": "Angel Pais",
            "display_name": "Angel Pais",
            "team": "TJH5YU202",
            "name": "amigosam",
            "is_restricted": false,
            "is_ultra_restricted": false
        },
        "edited": {
            "user": "UM81W8B0Q",
            "ts": "1595696854.000000"
        },
        "blocks": [
            {
                "type": "rich_text",
                "block_id": "zIt",
                "elements": [
                    {
                        "type": "rich_text_section",
                        "elements": [
                            {
                                "type": "text",
                                "text": "se pueden hacer websockets Andreu"
                            }
                        ]
                    }
                ]
            }
        ]
    },
    {
        "client_msg_id": "374651fc-c431-4a33-9257-21feaf638089",
        "type": "message",
        "text": "como se nota que nunca revisaste mi pagina ...",
        "user": "UM81W8B0Q",
        "ts": "1595696876.430600",
        "team": "TJH5YU202",
        "user_team": "TJH5YU202",
        "source_team": "TJH5YU202",
        "user_profile": {
            "avatar_hash": "gab9279ee8c0",
            "image_72": "https:\/\/secure.gravatar.com\/avatar\/73ab9279ee8c00f66ce4904d30146c8f.jpg?s=72&d=https%3A%2F%2Fa.slack-edge.com%2Fdf10d%2Fimg%2Favatars%2Fava_0010-72.png",
            "first_name": "",
            "real_name": "Angel Pais",
            "display_name": "Angel Pais",
            "team": "TJH5YU202",
            "name": "amigosam",
            "is_restricted": false,
            "is_ultra_restricted": false
        },
        "blocks": [
            {
                "type": "rich_text",
                "block_id": "FsL",
                "elements": [
                    {
                        "type": "rich_text_section",
                        "elements": [
                            {
                                "type": "text",
                                "text": "como se nota que nunca revisaste mi pagina ..."
                            }
                        ]
                    }
                ]
            }
        ]
    },
    {
        "client_msg_id": "907a2ae7-cbb2-44fe-94e0-749a13a3ebf5",
        "type": "message",
        "text": "no la revisé, pero estaba asumiendo que ricardo hablaba del mod_harbour original",
        "user": "UNAHBRTFA",
        "ts": "1595696924.431000",
        "team": "TJH5YU202",
        "user_team": "TJH5YU202",
        "source_team": "TJH5YU202",
        "user_profile": {
            "avatar_hash": "g3d2a3f4c28c",
            "image_72": "https:\/\/secure.gravatar.com\/avatar\/23d2a3f4c28cebb4cf07e48d02620517.jpg?s=72&d=https%3A%2F%2Fa.slack-edge.com%2Fdf10d%2Fimg%2Favatars%2Fava_0020-72.png",
            "first_name": "Andreu",
            "real_name": "Andreu Botella",
            "display_name": "Andreu Botella",
            "team": "TJH5YU202",
            "name": "andreu.132",
            "is_restricted": false,
            "is_ultra_restricted": false
        },
        "blocks": [
            {
                "type": "rich_text",
                "block_id": "=Mqz",
                "elements": [
                    {
                        "type": "rich_text_section",
                        "elements": [
                            {
                                "type": "text",
                                "text": "no la revisé, pero estaba asumiendo que ricardo hablaba del mod_harbour original"
                            }
                        ]
                    }
                ]
            }
        ]
    },
    {
        "client_msg_id": "d352f50a-f2b7-4f60-ba6b-1c456f3e980e",
        "type": "message",
        "text": "SI son websockete de verdad. Diego y yo hiciomos un mod para websokects perfectamente integrado con apache. EL demo hace meses que está colgado en mi página",
        "user": "UM81W8B0Q",
        "ts": "1595696926.431100",
        "team": "TJH5YU202",
        "user_team": "TJH5YU202",
        "source_team": "TJH5YU202",
        "user_profile": {
            "avatar_hash": "gab9279ee8c0",
            "image_72": "https:\/\/secure.gravatar.com\/avatar\/73ab9279ee8c00f66ce4904d30146c8f.jpg?s=72&d=https%3A%2F%2Fa.slack-edge.com%2Fdf10d%2Fimg%2Favatars%2Fava_0010-72.png",
            "first_name": "",
            "real_name": "Angel Pais",
            "display_name": "Angel Pais",
            "team": "TJH5YU202",
            "name": "amigosam",
            "is_restricted": false,
            "is_ultra_restricted": false
        },
        "blocks": [
            {
                "type": "rich_text",
                "block_id": "nk90",
                "elements": [
                    {
                        "type": "rich_text_section",
                        "elements": [
                            {
                                "type": "text",
                                "text": "SI son websockete de verdad. Diego y yo hiciomos un mod para websokects perfectamente integrado con apache. EL demo hace meses que está colgado en mi página"
                            }
                        ]
                    }
                ]
            }
        ],
        "thread_ts": "1595688254.428800",
        "parent_user_id": "UNAHBRTFA"
    },
    {
        "client_msg_id": "4331ec4d-5602-4433-8a35-a357814fc031",
        "type": "message",
        "text": "Pueden correr en paralelo xq son protocolos distintos",
        "user": "UM81W8B0Q",
        "ts": "1595696950.431600",
        "team": "TJH5YU202",
        "user_team": "TJH5YU202",
        "source_team": "TJH5YU202",
        "user_profile": {
            "avatar_hash": "gab9279ee8c0",
            "image_72": "https:\/\/secure.gravatar.com\/avatar\/73ab9279ee8c00f66ce4904d30146c8f.jpg?s=72&d=https%3A%2F%2Fa.slack-edge.com%2Fdf10d%2Fimg%2Favatars%2Fava_0010-72.png",
            "first_name": "",
            "real_name": "Angel Pais",
            "display_name": "Angel Pais",
            "team": "TJH5YU202",
            "name": "amigosam",
            "is_restricted": false,
            "is_ultra_restricted": false
        },
        "edited": {
            "user": "UM81W8B0Q",
            "ts": "1595696967.000000"
        },
        "blocks": [
            {
                "type": "rich_text",
                "block_id": "VYXL",
                "elements": [
                    {
                        "type": "rich_text_section",
                        "elements": [
                            {
                                "type": "text",
                                "text": "Pueden correr en paralelo xq son protocolos distintos"
                            }
                        ]
                    }
                ]
            }
        ]
    },
    {
        "client_msg_id": "a53aa26c-6904-445d-9a13-6a98fe4db6b3",
        "type": "message",
        "text": "no he dicho que no se puedan correr en paralelo, solo que mod_harbour no lo soporta",
        "user": "UNAHBRTFA",
        "ts": "1595696973.432100",
        "team": "TJH5YU202",
        "user_team": "TJH5YU202",
        "source_team": "TJH5YU202",
        "user_profile": {
            "avatar_hash": "g3d2a3f4c28c",
            "image_72": "https:\/\/secure.gravatar.com\/avatar\/23d2a3f4c28cebb4cf07e48d02620517.jpg?s=72&d=https%3A%2F%2Fa.slack-edge.com%2Fdf10d%2Fimg%2Favatars%2Fava_0020-72.png",
            "first_name": "Andreu",
            "real_name": "Andreu Botella",
            "display_name": "Andreu Botella",
            "team": "TJH5YU202",
            "name": "andreu.132",
            "is_restricted": false,
            "is_ultra_restricted": false
        },
        "blocks": [
            {
                "type": "rich_text",
                "block_id": "3Zkb",
                "elements": [
                    {
                        "type": "rich_text_section",
                        "elements": [
                            {
                                "type": "text",
                                "text": "no he dicho que no se puedan correr en paralelo, solo que mod_harbour no lo soporta"
                            }
                        ]
                    }
                ]
            }
        ]
    },
    {
        "client_msg_id": "0a978a13-cb30-4ea9-83b0-c0b4c39b1162",
        "type": "message",
        "text": "ok me rindo",
        "user": "UM81W8B0Q",
        "ts": "1595696987.432300",
        "team": "TJH5YU202",
        "user_team": "TJH5YU202",
        "source_team": "TJH5YU202",
        "user_profile": {
            "avatar_hash": "gab9279ee8c0",
            "image_72": "https:\/\/secure.gravatar.com\/avatar\/73ab9279ee8c00f66ce4904d30146c8f.jpg?s=72&d=https%3A%2F%2Fa.slack-edge.com%2Fdf10d%2Fimg%2Favatars%2Fava_0010-72.png",
            "first_name": "",
            "real_name": "Angel Pais",
            "display_name": "Angel Pais",
            "team": "TJH5YU202",
            "name": "amigosam",
            "is_restricted": false,
            "is_ultra_restricted": false
        },
        "blocks": [
            {
                "type": "rich_text",
                "block_id": "ZUBVB",
                "elements": [
                    {
                        "type": "rich_text_section",
                        "elements": [
                            {
                                "type": "text",
                                "text": "ok me rindo"
                            }
                        ]
                    }
                ]
            }
        ]
    },
    {
        "client_msg_id": "0df3d564-89d3-484c-8d6e-0fbbd0a2f615",
        "type": "message",
        "text": "EN el modelo de mod tradicional no se puede meter todo en el mismo modulo",
        "user": "UM81W8B0Q",
        "ts": "1595697014.432700",
        "team": "TJH5YU202",
        "user_team": "TJH5YU202",
        "source_team": "TJH5YU202",
        "user_profile": {
            "avatar_hash": "gab9279ee8c0",
            "image_72": "https:\/\/secure.gravatar.com\/avatar\/73ab9279ee8c00f66ce4904d30146c8f.jpg?s=72&d=https%3A%2F%2Fa.slack-edge.com%2Fdf10d%2Fimg%2Favatars%2Fava_0010-72.png",
            "first_name": "",
            "real_name": "Angel Pais",
            "display_name": "Angel Pais",
            "team": "TJH5YU202",
            "name": "amigosam",
            "is_restricted": false,
            "is_ultra_restricted": false
        },
        "edited": {
            "user": "UM81W8B0Q",
            "ts": "1595699977.000000"
        },
        "blocks": [
            {
                "type": "rich_text",
                "block_id": "qD3W",
                "elements": [
                    {
                        "type": "rich_text_section",
                        "elements": [
                            {
                                "type": "text",
                                "text": "EN el modelo de mod tradicional no se puede meter todo en el mismo modulo"
                            }
                        ]
                    }
                ]
            }
        ]
    },
    {
        "client_msg_id": "9fc14601-319e-42d7-b260-8ab65e46af16",
        "type": "message",
        "text": "Porque el manejo de memoria que hace Apache es diferente para casda protocolo.",
        "user": "UM81W8B0Q",
        "ts": "1595697033.433200",
        "team": "TJH5YU202",
        "user_team": "TJH5YU202",
        "source_team": "TJH5YU202",
        "user_profile": {
            "avatar_hash": "gab9279ee8c0",
            "image_72": "https:\/\/secure.gravatar.com\/avatar\/73ab9279ee8c00f66ce4904d30146c8f.jpg?s=72&d=https%3A%2F%2Fa.slack-edge.com%2Fdf10d%2Fimg%2Favatars%2Fava_0010-72.png",
            "first_name": "",
            "real_name": "Angel Pais",
            "display_name": "Angel Pais",
            "team": "TJH5YU202",
            "name": "amigosam",
            "is_restricted": false,
            "is_ultra_restricted": false
        },
        "blocks": [
            {
                "type": "rich_text",
                "block_id": "3B2l2",
                "elements": [
                    {
                        "type": "rich_text_section",
                        "elements": [
                            {
                                "type": "text",
                                "text": "Porque el manejo de memoria que hace Apache es diferente para casda protocolo."
                            }
                        ]
                    }
                ]
            }
        ]
    },
    {
        "client_msg_id": "c0cbb6f6-82c2-4c8a-9fcb-b65707f70f25",
        "type": "message",
        "text": "Por eso es que existe un mod para http y otro para ws",
        "user": "UM81W8B0Q",
        "ts": "1595697049.433700",
        "team": "TJH5YU202",
        "user_team": "TJH5YU202",
        "source_team": "TJH5YU202",
        "user_profile": {
            "avatar_hash": "gab9279ee8c0",
            "image_72": "https:\/\/secure.gravatar.com\/avatar\/73ab9279ee8c00f66ce4904d30146c8f.jpg?s=72&d=https%3A%2F%2Fa.slack-edge.com%2Fdf10d%2Fimg%2Favatars%2Fava_0010-72.png",
            "first_name": "",
            "real_name": "Angel Pais",
            "display_name": "Angel Pais",
            "team": "TJH5YU202",
            "name": "amigosam",
            "is_restricted": false,
            "is_ultra_restricted": false
        },
        "edited": {
            "user": "UM81W8B0Q",
            "ts": "1595697058.000000"
        },
        "blocks": [
            {
                "type": "rich_text",
                "block_id": "\/cU6X",
                "elements": [
                    {
                        "type": "rich_text_section",
                        "elements": [
                            {
                                "type": "text",
                                "text": "Por eso es que existe un mod para http y otro para ws"
                            }
                        ]
                    }
                ]
            }
        ]
    },
    {
        "client_msg_id": "14c72bc5-5e02-4365-8fbd-3e70be824d73",
        "type": "message",
        "text": "EN cambio fastcgi, si puede combinar ambos protocolos.",
        "user": "UM81W8B0Q",
        "ts": "1595697075.434200",
        "team": "TJH5YU202",
        "user_team": "TJH5YU202",
        "source_team": "TJH5YU202",
        "user_profile": {
            "avatar_hash": "gab9279ee8c0",
            "image_72": "https:\/\/secure.gravatar.com\/avatar\/73ab9279ee8c00f66ce4904d30146c8f.jpg?s=72&d=https%3A%2F%2Fa.slack-edge.com%2Fdf10d%2Fimg%2Favatars%2Fava_0010-72.png",
            "first_name": "",
            "real_name": "Angel Pais",
            "display_name": "Angel Pais",
            "team": "TJH5YU202",
            "name": "amigosam",
            "is_restricted": false,
            "is_ultra_restricted": false
        },
        "blocks": [
            {
                "type": "rich_text",
                "block_id": "VHBr",
                "elements": [
                    {
                        "type": "rich_text_section",
                        "elements": [
                            {
                                "type": "text",
                                "text": "EN cambio fastcgi, si puede combinar ambos protocolos."
                            }
                        ]
                    }
                ]
            }
        ]
    },
    {
        "client_msg_id": "439ae7f7-5fab-4e57-a5f9-4054ce3cd38b",
        "type": "message",
        "text": "exacto :ok_hand:",
        "user": "UJN8D8U3B",
        "ts": "1595698342.434400",
        "team": "TJH5YU202",
        "user_team": "TJH5YU202",
        "source_team": "TJH5YU202",
        "user_profile": {
            "avatar_hash": "g92ad2abcc45",
            "image_72": "https:\/\/secure.gravatar.com\/avatar\/8492ad2abcc45ce53969adcf8420acde.jpg?s=72&d=https%3A%2F%2Fa.slack-edge.com%2Fdf10d%2Fimg%2Favatars%2Fava_0008-72.png",
            "first_name": "",
            "real_name": "Antonio Linares",
            "display_name": "Antonio Linares",
            "team": "TJH5YU202",
            "name": "alinares",
            "is_restricted": false,
            "is_ultra_restricted": false
        },
        "blocks": [
            {
                "type": "rich_text",
                "block_id": "qaT",
                "elements": [
                    {
                        "type": "rich_text_section",
                        "elements": [
                            {
                                "type": "text",
                                "text": "exacto "
                            },
                            {
                                "type": "emoji",
                                "name": "ok_hand"
                            }
                        ]
                    }
                ]
            }
        ]
    },
    {
        "client_msg_id": "9319B7EA-B09F-4356-95AB-7C4463117D4B",
        "type": "message",
        "text": "Buenas noches ... Sres profesionales, algun dibujo para ver las diferencias entre modharbour, web socket con harbour, fastcgi o bien como funcionan todos estos protocolos cuando entra alguna petición?",
        "user": "UJUSD6VB2",
        "ts": "1595705932.437700",
        "team": "TJH5YU202",
        "user_team": "TJH5YU202",
        "source_team": "TJH5YU202",
        "user_profile": {
            "avatar_hash": "g1677a02d0b6",
            "image_72": "https:\/\/secure.gravatar.com\/avatar\/bb1677a02d0b69ba91eb245090c7c83a.jpg?s=72&d=https%3A%2F%2Fa.slack-edge.com%2Fdf10d%2Fimg%2Favatars%2Fava_0015-72.png",
            "first_name": "",
            "real_name": "Osvaldo Ramirez",
            "display_name": "Osvaldo Ramirez",
            "team": "TJH5YU202",
            "name": "ramirezosvaldo",
            "is_restricted": false,
            "is_ultra_restricted": false
        },
        "blocks": [
            {
                "type": "rich_text",
                "block_id": "=0Wq",
                "elements": [
                    {
                        "type": "rich_text_section",
                        "elements": [
                            {
                                "type": "text",
                                "text": "Buenas noches ... Sres profesionales, algun dibujo para ver las diferencias entre modharbour, web socket con harbour, fastcgi o bien como funcionan todos estos protocolos cuando entra alguna petición?"
                            }
                        ]
                    }
                ]
            }
        ]
    },
    {
        "client_msg_id": "CE53B253-2E61-4989-8123-C1A81BF2657F",
        "type": "message",
        "text": "Con manzanitas porfavor? Hombre desde ya gracias a todos!",
        "user": "UJUSD6VB2",
        "ts": "1595705971.438700",
        "team": "TJH5YU202",
        "user_team": "TJH5YU202",
        "source_team": "TJH5YU202",
        "user_profile": {
            "avatar_hash": "g1677a02d0b6",
            "image_72": "https:\/\/secure.gravatar.com\/avatar\/bb1677a02d0b69ba91eb245090c7c83a.jpg?s=72&d=https%3A%2F%2Fa.slack-edge.com%2Fdf10d%2Fimg%2Favatars%2Fava_0015-72.png",
            "first_name": "",
            "real_name": "Osvaldo Ramirez",
            "display_name": "Osvaldo Ramirez",
            "team": "TJH5YU202",
            "name": "ramirezosvaldo",
            "is_restricted": false,
            "is_ultra_restricted": false
        },
        "blocks": [
            {
                "type": "rich_text",
                "block_id": "wzX",
                "elements": [
                    {
                        "type": "rich_text_section",
                        "elements": [
                            {
                                "type": "text",
                                "text": "Con manzanitas porfavor? Hombre desde ya gracias a todos!"
                            }
                        ]
                    }
                ]
            }
        ]
    },
    {
        "client_msg_id": "41228d73-1632-4370-92b8-d4f149760d35",
        "type": "message",
        "text": "buenos dias :sunny:",
        "user": "UJN8D8U3B",
        "ts": "1595743469.439100",
        "team": "TJH5YU202",
        "user_team": "TJH5YU202",
        "source_team": "TJH5YU202",
        "user_profile": {
            "avatar_hash": "g92ad2abcc45",
            "image_72": "https:\/\/secure.gravatar.com\/avatar\/8492ad2abcc45ce53969adcf8420acde.jpg?s=72&d=https%3A%2F%2Fa.slack-edge.com%2Fdf10d%2Fimg%2Favatars%2Fava_0008-72.png",
            "first_name": "",
            "real_name": "Antonio Linares",
            "display_name": "Antonio Linares",
            "team": "TJH5YU202",
            "name": "alinares",
            "is_restricted": false,
            "is_ultra_restricted": false
        },
        "blocks": [
            {
                "type": "rich_text",
                "block_id": "kHF",
                "elements": [
                    {
                        "type": "rich_text_section",
                        "elements": [
                            {
                                "type": "text",
                                "text": "buenos dias "
                            },
                            {
                                "type": "emoji",
                                "name": "sunny"
                            }
                        ]
                    }
                ]
            }
        ]
    },
    {
        "client_msg_id": "5b9a247a-cb8a-405b-8f31-23d5755154c6",
        "type": "message",
        "text": "Pablo me ha aparecido tu mensaje pero al ir a leerlo aparece como eliminado ???",
        "user": "UJN8D8U3B",
        "ts": "1595743490.439600",
        "team": "TJH5YU202",
        "user_team": "TJH5YU202",
        "source_team": "TJH5YU202",
        "user_profile": {
            "avatar_hash": "g92ad2abcc45",
            "image_72": "https:\/\/secure.gravatar.com\/avatar\/8492ad2abcc45ce53969adcf8420acde.jpg?s=72&d=https%3A%2F%2Fa.slack-edge.com%2Fdf10d%2Fimg%2Favatars%2Fava_0008-72.png",
            "first_name": "",
            "real_name": "Antonio Linares",
            "display_name": "Antonio Linares",
            "team": "TJH5YU202",
            "name": "alinares",
            "is_restricted": false,
            "is_ultra_restricted": false
        },
        "edited": {
            "user": "UJN8D8U3B",
            "ts": "1595743507.000000"
        },
        "blocks": [
            {
                "type": "rich_text",
                "block_id": "YlbHs",
                "elements": [
                    {
                        "type": "rich_text_section",
                        "elements": [
                            {
                                "type": "text",
                                "text": "Pablo me ha aparecido tu mensaje pero al ir a leerlo aparece como eliminado ???"
                            }
                        ]
                    }
                ]
            }
        ],
        "thread_ts": "1595743490.439600",
        "reply_count": 4,
        "reply_users_count": 2,
        "latest_reply": "1595757249.441600",
        "reply_users": [
            "URQ8AJCQZ",
            "UMZ3LNV5Z"
        ],
        "replies": [
            {
                "user": "URQ8AJCQZ",
                "ts": "1595748010.439800"
            },
            {
                "user": "UMZ3LNV5Z",
                "ts": "1595755671.441100"
            },
            {
                "user": "UMZ3LNV5Z",
                "ts": "1595755722.441400"
            },
            {
                "user": "UMZ3LNV5Z",
                "ts": "1595757249.441600"
            }
        ],
        "subscribed": false
    }
]