[
    {
        "client_msg_id": "EF89DEF3-A799-42C4-B041-38AF0700B9C2",
        "type": "message",
        "text": "Buenos dias amigos!",
        "user": "U015CUP1T5Z",
        "ts": "1594644796.278300",
        "team": "TJH5YU202",
        "user_team": "TJH5YU202",
        "source_team": "TJH5YU202",
        "user_profile": {
            "avatar_hash": "2d5981129913",
            "image_72": "https:\/\/avatars.slack-edge.com\/2020-06-14\/1183376598323_2d5981129913ee85447d_72.jpg",
            "first_name": "ricardo",
            "real_name": "ricardo arraes",
            "display_name": "ricardo arraes",
            "team": "TJH5YU202",
            "name": "ricardo",
            "is_restricted": false,
            "is_ultra_restricted": false
        },
        "blocks": [
            {
                "type": "rich_text",
                "block_id": "QO46",
                "elements": [
                    {
                        "type": "rich_text_section",
                        "elements": [
                            {
                                "type": "text",
                                "text": "Buenos dias amigos!"
                            }
                        ]
                    }
                ]
            }
        ]
    },
    {
        "client_msg_id": "5c82ae42-6f31-437c-aff3-6a665dac0f06",
        "type": "message",
        "text": "Hola Ricardo :slightly_smiling_face:",
        "user": "UJN8D8U3B",
        "ts": "1594644825.278600",
        "team": "TJH5YU202",
        "user_team": "TJH5YU202",
        "source_team": "TJH5YU202",
        "user_profile": {
            "avatar_hash": "g92ad2abcc45",
            "image_72": "https:\/\/secure.gravatar.com\/avatar\/8492ad2abcc45ce53969adcf8420acde.jpg?s=72&d=https%3A%2F%2Fa.slack-edge.com%2Fdf10d%2Fimg%2Favatars%2Fava_0008-72.png",
            "first_name": "",
            "real_name": "Antonio Linares",
            "display_name": "Antonio Linares",
            "team": "TJH5YU202",
            "name": "alinares",
            "is_restricted": false,
            "is_ultra_restricted": false
        },
        "blocks": [
            {
                "type": "rich_text",
                "block_id": "nRnrR",
                "elements": [
                    {
                        "type": "rich_text_section",
                        "elements": [
                            {
                                "type": "text",
                                "text": "Hola Ricardo "
                            },
                            {
                                "type": "emoji",
                                "name": "slightly_smiling_face"
                            }
                        ]
                    }
                ]
            }
        ]
    },
    {
        "client_msg_id": "7B925140-3FC8-4938-B850-11CEA302F7F5",
        "type": "message",
        "text": "Saludos Antonio :smile:",
        "user": "U015CUP1T5Z",
        "ts": "1594644887.279400",
        "team": "TJH5YU202",
        "user_team": "TJH5YU202",
        "source_team": "TJH5YU202",
        "user_profile": {
            "avatar_hash": "2d5981129913",
            "image_72": "https:\/\/avatars.slack-edge.com\/2020-06-14\/1183376598323_2d5981129913ee85447d_72.jpg",
            "first_name": "ricardo",
            "real_name": "ricardo arraes",
            "display_name": "ricardo arraes",
            "team": "TJH5YU202",
            "name": "ricardo",
            "is_restricted": false,
            "is_ultra_restricted": false
        },
        "blocks": [
            {
                "type": "rich_text",
                "block_id": "5I7",
                "elements": [
                    {
                        "type": "rich_text_section",
                        "elements": [
                            {
                                "type": "text",
                                "text": "Saludos Antonio "
                            },
                            {
                                "type": "emoji",
                                "name": "smile"
                            }
                        ]
                    }
                ]
            }
        ]
    },
    {
        "client_msg_id": "8168dbff-f55b-44e4-963f-af23f148e7e7",
        "type": "message",
        "text": "Buenos dias",
        "user": "UK28N3CER",
        "ts": "1594647639.279800",
        "team": "TJH5YU202",
        "user_team": "TJH5YU202",
        "source_team": "TJH5YU202",
        "user_profile": {
            "avatar_hash": "0eafa7153ff3",
            "image_72": "https:\/\/avatars.slack-edge.com\/2020-05-18\/1155120542496_0eafa7153ff35206c804_72.jpg",
            "first_name": "Cesar",
            "real_name": "Cesar SysCtrl Software",
            "display_name": "Cesar SysCtrl Software",
            "team": "TJH5YU202",
            "name": "sysctrlsoftware",
            "is_restricted": false,
            "is_ultra_restricted": false
        },
        "blocks": [
            {
                "type": "rich_text",
                "block_id": "Cu7",
                "elements": [
                    {
                        "type": "rich_text_section",
                        "elements": [
                            {
                                "type": "text",
                                "text": "Buenos dias"
                            }
                        ]
                    }
                ]
            }
        ]
    },
    {
        "client_msg_id": "2d4ee274-e752-496e-a997-7fd3b8b74f24",
        "type": "message",
        "text": "Hola <@UJN8D8U3B> en que que quedó el proyecto mod. Cgi? Que falta?",
        "user": "UK28N3CER",
        "ts": "1594647758.282000",
        "team": "TJH5YU202",
        "user_team": "TJH5YU202",
        "source_team": "TJH5YU202",
        "user_profile": {
            "avatar_hash": "0eafa7153ff3",
            "image_72": "https:\/\/avatars.slack-edge.com\/2020-05-18\/1155120542496_0eafa7153ff35206c804_72.jpg",
            "first_name": "Cesar",
            "real_name": "Cesar SysCtrl Software",
            "display_name": "Cesar SysCtrl Software",
            "team": "TJH5YU202",
            "name": "sysctrlsoftware",
            "is_restricted": false,
            "is_ultra_restricted": false
        },
        "blocks": [
            {
                "type": "rich_text",
                "block_id": "OkkE",
                "elements": [
                    {
                        "type": "rich_text_section",
                        "elements": [
                            {
                                "type": "text",
                                "text": "Hola "
                            },
                            {
                                "type": "user",
                                "user_id": "UJN8D8U3B"
                            },
                            {
                                "type": "text",
                                "text": " en que que quedó el proyecto mod. Cgi? Que falta?"
                            }
                        ]
                    }
                ]
            }
        ]
    },
    {
        "client_msg_id": "b4f811ad-106f-44c9-a44e-b5c5ae03fbe1",
        "type": "message",
        "text": "Hola César, solo falta que se pruebe más a fondo :slightly_smiling_face:",
        "user": "UJN8D8U3B",
        "ts": "1594648391.282500",
        "team": "TJH5YU202",
        "user_team": "TJH5YU202",
        "source_team": "TJH5YU202",
        "user_profile": {
            "avatar_hash": "g92ad2abcc45",
            "image_72": "https:\/\/secure.gravatar.com\/avatar\/8492ad2abcc45ce53969adcf8420acde.jpg?s=72&d=https%3A%2F%2Fa.slack-edge.com%2Fdf10d%2Fimg%2Favatars%2Fava_0008-72.png",
            "first_name": "",
            "real_name": "Antonio Linares",
            "display_name": "Antonio Linares",
            "team": "TJH5YU202",
            "name": "alinares",
            "is_restricted": false,
            "is_ultra_restricted": false
        },
        "blocks": [
            {
                "type": "rich_text",
                "block_id": "bPa4",
                "elements": [
                    {
                        "type": "rich_text_section",
                        "elements": [
                            {
                                "type": "text",
                                "text": "Hola César, solo falta que se pruebe más a fondo "
                            },
                            {
                                "type": "emoji",
                                "name": "slightly_smiling_face"
                            }
                        ]
                    }
                ]
            }
        ]
    },
    {
        "client_msg_id": "9e28d8dc-f182-45c2-a00e-389c90c2049b",
        "type": "message",
        "text": "con los ejemplos de mod_harbour funciona bien",
        "user": "UJN8D8U3B",
        "ts": "1594648416.283100",
        "team": "TJH5YU202",
        "user_team": "TJH5YU202",
        "source_team": "TJH5YU202",
        "user_profile": {
            "avatar_hash": "g92ad2abcc45",
            "image_72": "https:\/\/secure.gravatar.com\/avatar\/8492ad2abcc45ce53969adcf8420acde.jpg?s=72&d=https%3A%2F%2Fa.slack-edge.com%2Fdf10d%2Fimg%2Favatars%2Fava_0008-72.png",
            "first_name": "",
            "real_name": "Antonio Linares",
            "display_name": "Antonio Linares",
            "team": "TJH5YU202",
            "name": "alinares",
            "is_restricted": false,
            "is_ultra_restricted": false
        },
        "blocks": [
            {
                "type": "rich_text",
                "block_id": "lbXzY",
                "elements": [
                    {
                        "type": "rich_text_section",
                        "elements": [
                            {
                                "type": "text",
                                "text": "con los ejemplos de mod_harbour funciona bien"
                            }
                        ]
                    }
                ]
            }
        ]
    },
    {
        "client_msg_id": "baa43fd0-3a43-4216-8b09-1e06db96a839",
        "type": "message",
        "text": "Es correcto he probado algunos y es muy confortable el comportamiento esperemos que pronto quede MVC allí no funciona del todo bien.",
        "user": "UK28N3CER",
        "ts": "1594648554.286200",
        "team": "TJH5YU202",
        "user_team": "TJH5YU202",
        "source_team": "TJH5YU202",
        "user_profile": {
            "avatar_hash": "0eafa7153ff3",
            "image_72": "https:\/\/avatars.slack-edge.com\/2020-05-18\/1155120542496_0eafa7153ff35206c804_72.jpg",
            "first_name": "Cesar",
            "real_name": "Cesar SysCtrl Software",
            "display_name": "Cesar SysCtrl Software",
            "team": "TJH5YU202",
            "name": "sysctrlsoftware",
            "is_restricted": false,
            "is_ultra_restricted": false
        },
        "blocks": [
            {
                "type": "rich_text",
                "block_id": "rtSXj",
                "elements": [
                    {
                        "type": "rich_text_section",
                        "elements": [
                            {
                                "type": "text",
                                "text": "Es correcto he probado algunos y es muy confortable el comportamiento esperemos que pronto quede MVC allí no funciona del todo bien."
                            }
                        ]
                    }
                ]
            }
        ]
    },
    {
        "client_msg_id": "982de4b3-f23c-4aea-9f61-8d3a79cf2d97",
        "type": "message",
        "text": "<https:\/\/www.youtube.com\/watch?v=80Mr2Z6Qikc>",
        "user": "UJHD6A81H",
        "ts": "1594653668.286400",
        "team": "TJH5YU202",
        "user_team": "TJH5YU202",
        "source_team": "TJH5YU202",
        "user_profile": {
            "avatar_hash": "g6b8073e00e9",
            "image_72": "https:\/\/secure.gravatar.com\/avatar\/b96b8073e00e9eb02bcf05bc1418eb3a.jpg?s=72&d=https%3A%2F%2Fa.slack-edge.com%2Fdf10d%2Fimg%2Favatars%2Fava_0021-72.png",
            "first_name": "Otto",
            "real_name": "Otto Atzwanger",
            "display_name": "Otto",
            "team": "TJH5YU202",
            "name": "otto",
            "is_restricted": false,
            "is_ultra_restricted": false
        },
        "attachments": [
            {
                "service_name": "YouTube",
                "service_url": "https:\/\/www.youtube.com\/",
                "title": "The DOM: What's the Document Object Model?",
                "title_link": "https:\/\/www.youtube.com\/watch?v=80Mr2Z6Qikc",
                "author_name": "freeCodeCamp.org",
                "author_link": "https:\/\/www.youtube.com\/channel\/UC8butISFwT-Wl7EV0hUK0BQ",
                "thumb_url": "https:\/\/i.ytimg.com\/vi\/80Mr2Z6Qikc\/hqdefault.jpg",
                "thumb_width": 480,
                "thumb_height": 360,
                "fallback": "YouTube Video: The DOM: What's the Document Object Model?",
                "video_html": "<iframe width=\"400\" height=\"225\" src=\"https:\/\/www.youtube.com\/embed\/80Mr2Z6Qikc?feature=oembed&autoplay=1&iv_load_policy=3\" frameborder=\"0\" allow=\"accelerometer; autoplay; encrypted-media; gyroscope; picture-in-picture\" allowfullscreen><\/iframe>",
                "video_html_width": 400,
                "video_html_height": 225,
                "from_url": "https:\/\/www.youtube.com\/watch?v=80Mr2Z6Qikc",
                "service_icon": "https:\/\/a.slack-edge.com\/80588\/img\/unfurl_icons\/youtube.png",
                "id": 1,
                "original_url": "https:\/\/www.youtube.com\/watch?v=80Mr2Z6Qikc"
            }
        ],
        "blocks": [
            {
                "type": "rich_text",
                "block_id": "jqe",
                "elements": [
                    {
                        "type": "rich_text_section",
                        "elements": [
                            {
                                "type": "link",
                                "url": "https:\/\/www.youtube.com\/watch?v=80Mr2Z6Qikc"
                            }
                        ]
                    }
                ]
            }
        ]
    }
]