[
    {
        "client_msg_id": "a2f2259c-63a1-4609-9b51-e60ac732c75c",
        "type": "message",
        "text": "Good morning",
        "user": "UJHD6A81H",
        "ts": "1592984321.317500",
        "team": "TJH5YU202",
        "user_team": "TJH5YU202",
        "source_team": "TJH5YU202",
        "user_profile": {
            "avatar_hash": "g6b8073e00e9",
            "image_72": "https:\/\/secure.gravatar.com\/avatar\/b96b8073e00e9eb02bcf05bc1418eb3a.jpg?s=72&d=https%3A%2F%2Fa.slack-edge.com%2Fdf10d%2Fimg%2Favatars%2Fava_0021-72.png",
            "first_name": "Otto",
            "real_name": "Otto Atzwanger",
            "display_name": "Otto",
            "team": "TJH5YU202",
            "name": "otto",
            "is_restricted": false,
            "is_ultra_restricted": false
        },
        "blocks": [
            {
                "type": "rich_text",
                "block_id": "7Kg\/5",
                "elements": [
                    {
                        "type": "rich_text_section",
                        "elements": [
                            {
                                "type": "text",
                                "text": "Good morning"
                            }
                        ]
                    }
                ]
            }
        ]
    },
    {
        "type": "message",
        "text": "",
        "files": [
            {
                "id": "F015RLXHLBY",
                "created": 1592984327,
                "timestamp": 1592984327,
                "name": "image.png",
                "title": "image.png",
                "mimetype": "image\/png",
                "filetype": "png",
                "pretty_type": "PNG",
                "user": "UJHD6A81H",
                "editable": false,
                "size": 78300,
                "mode": "hosted",
                "is_external": false,
                "external_type": "",
                "is_public": true,
                "public_url_shared": false,
                "display_as_bot": false,
                "username": "",
                "url_private": "https:\/\/files.slack.com\/files-pri\/TJH5YU202-F015RLXHLBY\/image.png?t=xoxe-629202954002-1307858988048-1296644259825-cbe9e6d0558bfb5b1a5a18db398692ce",
                "url_private_download": "https:\/\/files.slack.com\/files-pri\/TJH5YU202-F015RLXHLBY\/download\/image.png?t=xoxe-629202954002-1307858988048-1296644259825-cbe9e6d0558bfb5b1a5a18db398692ce",
                "thumb_64": "https:\/\/files.slack.com\/files-tmb\/TJH5YU202-F015RLXHLBY-67113c4841\/image_64.png?t=xoxe-629202954002-1307858988048-1296644259825-cbe9e6d0558bfb5b1a5a18db398692ce",
                "thumb_80": "https:\/\/files.slack.com\/files-tmb\/TJH5YU202-F015RLXHLBY-67113c4841\/image_80.png?t=xoxe-629202954002-1307858988048-1296644259825-cbe9e6d0558bfb5b1a5a18db398692ce",
                "thumb_360": "https:\/\/files.slack.com\/files-tmb\/TJH5YU202-F015RLXHLBY-67113c4841\/image_360.png?t=xoxe-629202954002-1307858988048-1296644259825-cbe9e6d0558bfb5b1a5a18db398692ce",
                "thumb_360_w": 360,
                "thumb_360_h": 93,
                "thumb_480": "https:\/\/files.slack.com\/files-tmb\/TJH5YU202-F015RLXHLBY-67113c4841\/image_480.png?t=xoxe-629202954002-1307858988048-1296644259825-cbe9e6d0558bfb5b1a5a18db398692ce",
                "thumb_480_w": 480,
                "thumb_480_h": 124,
                "thumb_160": "https:\/\/files.slack.com\/files-tmb\/TJH5YU202-F015RLXHLBY-67113c4841\/image_160.png?t=xoxe-629202954002-1307858988048-1296644259825-cbe9e6d0558bfb5b1a5a18db398692ce",
                "thumb_720": "https:\/\/files.slack.com\/files-tmb\/TJH5YU202-F015RLXHLBY-67113c4841\/image_720.png?t=xoxe-629202954002-1307858988048-1296644259825-cbe9e6d0558bfb5b1a5a18db398692ce",
                "thumb_720_w": 720,
                "thumb_720_h": 186,
                "thumb_800": "https:\/\/files.slack.com\/files-tmb\/TJH5YU202-F015RLXHLBY-67113c4841\/image_800.png?t=xoxe-629202954002-1307858988048-1296644259825-cbe9e6d0558bfb5b1a5a18db398692ce",
                "thumb_800_w": 800,
                "thumb_800_h": 207,
                "thumb_960": "https:\/\/files.slack.com\/files-tmb\/TJH5YU202-F015RLXHLBY-67113c4841\/image_960.png?t=xoxe-629202954002-1307858988048-1296644259825-cbe9e6d0558bfb5b1a5a18db398692ce",
                "thumb_960_w": 960,
                "thumb_960_h": 248,
                "thumb_1024": "https:\/\/files.slack.com\/files-tmb\/TJH5YU202-F015RLXHLBY-67113c4841\/image_1024.png?t=xoxe-629202954002-1307858988048-1296644259825-cbe9e6d0558bfb5b1a5a18db398692ce",
                "thumb_1024_w": 1024,
                "thumb_1024_h": 265,
                "original_w": 2113,
                "original_h": 546,
                "thumb_tiny": "AwAMADCjmjPtT\/LHqaPLHqaAGUo6U7yx6mjYPU0AMoH3h9af5Y9TSiMZHJ60Af\/Z",
                "permalink": "https:\/\/harbourproject.slack.com\/files\/UJHD6A81H\/F015RLXHLBY\/image.png",
                "permalink_public": "https:\/\/slack-files.com\/TJH5YU202-F015RLXHLBY-adeecd2146",
                "is_starred": false,
                "has_rich_preview": false
            }
        ],
        "upload": false,
        "user": "UJHD6A81H",
        "display_as_bot": false,
        "ts": "1592984332.317600"
    },
    {
        "client_msg_id": "c30f80f6-40f9-4c55-926d-bfac3f4ab19d",
        "type": "message",
        "text": "preprocessor inside paragraph\n\n&amp;-\n$-&gt; FORM\\INPUT : type=text;\n\tid = inputUsername;\n\tlabeltext = Email address;\n\tplaceholder = Benutzername;\n\tname = username;\n\ttext-muted = Use the username \"lailton\"\n-&amp;\n\nWe can put preprocessor inside paragraph. This way we get nicer code",
        "user": "UJHD6A81H",
        "ts": "1592984377.318100",
        "team": "TJH5YU202",
        "user_team": "TJH5YU202",
        "source_team": "TJH5YU202",
        "user_profile": {
            "avatar_hash": "g6b8073e00e9",
            "image_72": "https:\/\/secure.gravatar.com\/avatar\/b96b8073e00e9eb02bcf05bc1418eb3a.jpg?s=72&d=https%3A%2F%2Fa.slack-edge.com%2Fdf10d%2Fimg%2Favatars%2Fava_0021-72.png",
            "first_name": "Otto",
            "real_name": "Otto Atzwanger",
            "display_name": "Otto",
            "team": "TJH5YU202",
            "name": "otto",
            "is_restricted": false,
            "is_ultra_restricted": false
        },
        "blocks": [
            {
                "type": "rich_text",
                "block_id": "5V6xB",
                "elements": [
                    {
                        "type": "rich_text_section",
                        "elements": [
                            {
                                "type": "text",
                                "text": "preprocessor inside paragraph\n\n&-\n$-> FORM\\INPUT : type=text;\n\tid = inputUsername;\n\tlabeltext = Email address;\n\tplaceholder = Benutzername;\n\tname = username;\n\ttext-muted = Use the username \"lailton\"\n-&\n\nWe can put preprocessor inside paragraph. This way we get nicer code"
                            }
                        ]
                    }
                ]
            }
        ]
    },
    {
        "client_msg_id": "40ac86a0-b751-4354-a60c-a564e83ad595",
        "type": "message",
        "text": "<https:\/\/winhotel.space\/modharbour\/modharbouronline.prg>",
        "user": "UJHD6A81H",
        "ts": "1592984419.318300",
        "team": "TJH5YU202",
        "user_team": "TJH5YU202",
        "source_team": "TJH5YU202",
        "user_profile": {
            "avatar_hash": "g6b8073e00e9",
            "image_72": "https:\/\/secure.gravatar.com\/avatar\/b96b8073e00e9eb02bcf05bc1418eb3a.jpg?s=72&d=https%3A%2F%2Fa.slack-edge.com%2Fdf10d%2Fimg%2Favatars%2Fava_0021-72.png",
            "first_name": "Otto",
            "real_name": "Otto Atzwanger",
            "display_name": "Otto",
            "team": "TJH5YU202",
            "name": "otto",
            "is_restricted": false,
            "is_ultra_restricted": false
        },
        "blocks": [
            {
                "type": "rich_text",
                "block_id": "yVXK",
                "elements": [
                    {
                        "type": "rich_text_section",
                        "elements": [
                            {
                                "type": "link",
                                "url": "https:\/\/winhotel.space\/modharbour\/modharbouronline.prg"
                            }
                        ]
                    }
                ]
            }
        ]
    },
    {
        "client_msg_id": "5e8629bc-a8b1-43b9-bb1c-e3808e2b1fb5",
        "type": "message",
        "text": "HOW TO VIDEO:     <https:\/\/mybergland.com\/fwforum\/harbourinoparagraph.mp4>",
        "user": "UJHD6A81H",
        "ts": "1592987897.318500",
        "team": "TJH5YU202",
        "user_team": "TJH5YU202",
        "source_team": "TJH5YU202",
        "user_profile": {
            "avatar_hash": "g6b8073e00e9",
            "image_72": "https:\/\/secure.gravatar.com\/avatar\/b96b8073e00e9eb02bcf05bc1418eb3a.jpg?s=72&d=https%3A%2F%2Fa.slack-edge.com%2Fdf10d%2Fimg%2Favatars%2Fava_0021-72.png",
            "first_name": "Otto",
            "real_name": "Otto Atzwanger",
            "display_name": "Otto",
            "team": "TJH5YU202",
            "name": "otto",
            "is_restricted": false,
            "is_ultra_restricted": false
        },
        "edited": {
            "user": "UJHD6A81H",
            "ts": "1592987970.000000"
        },
        "blocks": [
            {
                "type": "rich_text",
                "block_id": "Hl9B",
                "elements": [
                    {
                        "type": "rich_text_section",
                        "elements": [
                            {
                                "type": "text",
                                "text": "HOW TO VIDEO:     "
                            },
                            {
                                "type": "link",
                                "url": "https:\/\/mybergland.com\/fwforum\/harbourinoparagraph.mp4"
                            }
                        ]
                    }
                ]
            }
        ]
    },
    {
        "client_msg_id": "9da5a435-9396-4d3d-8bb5-fa57aa87210a",
        "type": "message",
        "text": "Bueno más concretamente en Vinaròs (Castellón). Yo vivo a 20 km y algunos vecinos dijeron que notaban temblores. Pero Angel Salom vive alli, . Lo clausuraron pero con un coste de 6000 millones de euros a cargo del gobierno Español. Beneficiario: Florentino Pérez (presidente del R. MADRID)",
        "user": "URQ8AJCQZ",
        "ts": "1592995249.319000",
        "team": "TJH5YU202",
        "user_team": "TJH5YU202",
        "source_team": "TJH5YU202",
        "user_profile": {
            "avatar_hash": "7ce81101b209",
            "image_72": "https:\/\/avatars.slack-edge.com\/2020-06-02\/1166191418788_7ce81101b20935b160c6_72.jpg",
            "first_name": "Jose",
            "real_name": "Jose Vte. Cheto",
            "display_name": "jvtecheto",
            "team": "TJH5YU202",
            "name": "jvtecheto",
            "is_restricted": false,
            "is_ultra_restricted": false
        },
        "blocks": [
            {
                "type": "rich_text",
                "block_id": "ia5ci",
                "elements": [
                    {
                        "type": "rich_text_section",
                        "elements": [
                            {
                                "type": "text",
                                "text": "Bueno más concretamente en Vinaròs (Castellón). Yo vivo a 20 km y algunos vecinos dijeron que notaban temblores. Pero Angel Salom vive alli, . Lo clausuraron pero con un coste de 6000 millones de euros a cargo del gobierno Español. Beneficiario: Florentino Pérez (presidente del R. MADRID)"
                            }
                        ]
                    }
                ]
            }
        ],
        "thread_ts": "1592942901.305600",
        "parent_user_id": "UJULQCHL5"
    },
    {
        "client_msg_id": "f1877eea-3451-4406-a686-2b0f8d190a6d",
        "type": "message",
        "text": "Da gusto ver como un español se forra porque tiene buenos contactos en el gobierno. Hoy voy a pasar un mejor día. Gracias\n<https:\/\/www.elmundo.es\/economia\/empresas\/2020\/05\/27\/5ecd982afc6c83c2408b4594.html>",
        "user": "UJULQCHL5",
        "ts": "1592997715.319200",
        "team": "TJH5YU202",
        "user_team": "TJH5YU202",
        "source_team": "TJH5YU202",
        "user_profile": {
            "avatar_hash": "g7659142325a",
            "image_72": "https:\/\/secure.gravatar.com\/avatar\/c87659142325a3facb661d85281ec091.jpg?s=72&d=https%3A%2F%2Fa.slack-edge.com%2Fdf10d%2Fimg%2Favatars%2Fava_0003-72.png",
            "first_name": "",
            "real_name": "Paquito",
            "display_name": "Paquito",
            "team": "TJH5YU202",
            "name": "hmpaquito",
            "is_restricted": false,
            "is_ultra_restricted": false
        },
        "attachments": [
            {
                "service_name": "ELMUNDO",
                "title": "Más puertas giratorias en Enagás: Montilla, Blanco y Cristóbal Gallego ultiman su entrada en el consejo",
                "title_link": "https:\/\/www.elmundo.es\/economia\/empresas\/2020\/05\/27\/5ecd982afc6c83c2408b4594.html",
                "text": "El consejo de administración de Enagás ha acordado el nombramiento como nuevos consejeros de los ex ministros Josep Montilla y José Blanco y del científico vinculado a Podemos Cris",
                "fallback": "ELMUNDO: Más puertas giratorias en Enagás: Montilla, Blanco y Cristóbal Gallego ultiman su entrada en el consejo",
                "ts": 1590563260,
                "from_url": "https:\/\/www.elmundo.es\/economia\/empresas\/2020\/05\/27\/5ecd982afc6c83c2408b4594.html",
                "service_icon": "https:\/\/www.elmundo.es\/favicon.ico",
                "id": 1,
                "original_url": "https:\/\/www.elmundo.es\/economia\/empresas\/2020\/05\/27\/5ecd982afc6c83c2408b4594.html"
            }
        ],
        "blocks": [
            {
                "type": "rich_text",
                "block_id": "A2ZR",
                "elements": [
                    {
                        "type": "rich_text_section",
                        "elements": [
                            {
                                "type": "text",
                                "text": "Da gusto ver como un español se forra porque tiene buenos contactos en el gobierno. Hoy voy a pasar un mejor día. Gracias\n"
                            },
                            {
                                "type": "link",
                                "url": "https:\/\/www.elmundo.es\/economia\/empresas\/2020\/05\/27\/5ecd982afc6c83c2408b4594.html"
                            }
                        ]
                    }
                ]
            }
        ],
        "thread_ts": "1592942901.305600",
        "parent_user_id": "UJULQCHL5"
    },
    {
        "client_msg_id": "9ef8bbbd-695c-46bd-bdd6-fbd5e5db2768",
        "type": "message",
        "text": "Hola amigos,",
        "user": "U015CUP1T5Z",
        "ts": "1593003891.319700",
        "team": "TJH5YU202",
        "user_team": "TJH5YU202",
        "source_team": "TJH5YU202",
        "user_profile": {
            "avatar_hash": "2d5981129913",
            "image_72": "https:\/\/avatars.slack-edge.com\/2020-06-14\/1183376598323_2d5981129913ee85447d_72.jpg",
            "first_name": "ricardo",
            "real_name": "ricardo arraes",
            "display_name": "ricardo arraes",
            "team": "TJH5YU202",
            "name": "ricardo",
            "is_restricted": false,
            "is_ultra_restricted": false
        },
        "blocks": [
            {
                "type": "rich_text",
                "block_id": "NMo1",
                "elements": [
                    {
                        "type": "rich_text_section",
                        "elements": [
                            {
                                "type": "text",
                                "text": "Hola amigos,"
                            }
                        ]
                    }
                ]
            }
        ]
    },
    {
        "client_msg_id": "4bdca19e-d766-46a0-bf39-6d328b963a7b",
        "type": "message",
        "text": "Primero me gustaría desear mucha fuerza a los amigos de México, espero que todo esté bien",
        "user": "U015CUP1T5Z",
        "ts": "1593003950.320000",
        "team": "TJH5YU202",
        "user_team": "TJH5YU202",
        "source_team": "TJH5YU202",
        "user_profile": {
            "avatar_hash": "2d5981129913",
            "image_72": "https:\/\/avatars.slack-edge.com\/2020-06-14\/1183376598323_2d5981129913ee85447d_72.jpg",
            "first_name": "ricardo",
            "real_name": "ricardo arraes",
            "display_name": "ricardo arraes",
            "team": "TJH5YU202",
            "name": "ricardo",
            "is_restricted": false,
            "is_ultra_restricted": false
        },
        "blocks": [
            {
                "type": "rich_text",
                "block_id": "byHJB",
                "elements": [
                    {
                        "type": "rich_text_section",
                        "elements": [
                            {
                                "type": "text",
                                "text": "Primero me gustaría desear mucha fuerza a los amigos de México, espero que todo esté bien"
                            }
                        ]
                    }
                ]
            }
        ],
        "reactions": [
            {
                "name": "+1",
                "users": [
                    "UJUSD6VB2"
                ],
                "count": 1
            }
        ]
    },
    {
        "client_msg_id": "bedb4df5-a5a3-4bcb-82fa-76403d0f11ab",
        "type": "message",
        "text": "segundo, tengo un fragmento &lt;? prg&gt; ejecutándose en mi vista. ¿es posible volver a ejecutar este tramo sin volver a cargar la vista? No sé si mi duda era clara ...",
        "user": "U015CUP1T5Z",
        "ts": "1593004396.320200",
        "team": "TJH5YU202",
        "user_team": "TJH5YU202",
        "source_team": "TJH5YU202",
        "user_profile": {
            "avatar_hash": "2d5981129913",
            "image_72": "https:\/\/avatars.slack-edge.com\/2020-06-14\/1183376598323_2d5981129913ee85447d_72.jpg",
            "first_name": "ricardo",
            "real_name": "ricardo arraes",
            "display_name": "ricardo arraes",
            "team": "TJH5YU202",
            "name": "ricardo",
            "is_restricted": false,
            "is_ultra_restricted": false
        },
        "blocks": [
            {
                "type": "rich_text",
                "block_id": "tdNk",
                "elements": [
                    {
                        "type": "rich_text_section",
                        "elements": [
                            {
                                "type": "text",
                                "text": "segundo, tengo un fragmento <? prg> ejecutándose en mi vista. ¿es posible volver a ejecutar este tramo sin volver a cargar la vista? No sé si mi duda era clara ..."
                            }
                        ]
                    }
                ]
            }
        ]
    },
    {
        "client_msg_id": "0169370e-de90-406f-980c-a28c6fdd475d",
        "type": "message",
        "text": "Todo código PRG tiene que ser ejecutado en el servidor, luego de una forma u otra se lo tienes que pedir a él",
        "user": "UJN8D8U3B",
        "ts": "1593009923.321000",
        "team": "TJH5YU202",
        "user_team": "TJH5YU202",
        "source_team": "TJH5YU202",
        "user_profile": {
            "avatar_hash": "g92ad2abcc45",
            "image_72": "https:\/\/secure.gravatar.com\/avatar\/8492ad2abcc45ce53969adcf8420acde.jpg?s=72&d=https%3A%2F%2Fa.slack-edge.com%2Fdf10d%2Fimg%2Favatars%2Fava_0008-72.png",
            "first_name": "",
            "real_name": "Antonio Linares",
            "display_name": "Antonio Linares",
            "team": "TJH5YU202",
            "name": "alinares",
            "is_restricted": false,
            "is_ultra_restricted": false
        },
        "blocks": [
            {
                "type": "rich_text",
                "block_id": "mQB",
                "elements": [
                    {
                        "type": "rich_text_section",
                        "elements": [
                            {
                                "type": "text",
                                "text": "Todo código PRG tiene que ser ejecutado en el servidor, luego de una forma u otra se lo tienes que pedir a él"
                            }
                        ]
                    }
                ]
            }
        ]
    },
    {
        "client_msg_id": "50b842ef-7186-4242-b6f5-997ac568f7c1",
        "type": "message",
        "text": "La solución está en pedirlo de una manera diferente a como se lo has pedido al controlador",
        "user": "UJN8D8U3B",
        "ts": "1593010012.321700",
        "team": "TJH5YU202",
        "user_team": "TJH5YU202",
        "source_team": "TJH5YU202",
        "user_profile": {
            "avatar_hash": "g92ad2abcc45",
            "image_72": "https:\/\/secure.gravatar.com\/avatar\/8492ad2abcc45ce53969adcf8420acde.jpg?s=72&d=https%3A%2F%2Fa.slack-edge.com%2Fdf10d%2Fimg%2Favatars%2Fava_0008-72.png",
            "first_name": "",
            "real_name": "Antonio Linares",
            "display_name": "Antonio Linares",
            "team": "TJH5YU202",
            "name": "alinares",
            "is_restricted": false,
            "is_ultra_restricted": false
        },
        "edited": {
            "user": "UJN8D8U3B",
            "ts": "1593010169.000000"
        },
        "blocks": [
            {
                "type": "rich_text",
                "block_id": "+zMC",
                "elements": [
                    {
                        "type": "rich_text_section",
                        "elements": [
                            {
                                "type": "text",
                                "text": "La solución está en pedirlo de una manera diferente a como se lo has pedido al controlador"
                            }
                        ]
                    }
                ]
            }
        ]
    },
    {
        "client_msg_id": "5dc357db-e063-4475-819e-2b7de527a2cf",
        "type": "message",
        "text": "Bien porque proporciones diferentes parámetros, ó porque el método sea diferente (GET ó POST)",
        "user": "UJN8D8U3B",
        "ts": "1593010056.322400",
        "team": "TJH5YU202",
        "user_team": "TJH5YU202",
        "source_team": "TJH5YU202",
        "user_profile": {
            "avatar_hash": "g92ad2abcc45",
            "image_72": "https:\/\/secure.gravatar.com\/avatar\/8492ad2abcc45ce53969adcf8420acde.jpg?s=72&d=https%3A%2F%2Fa.slack-edge.com%2Fdf10d%2Fimg%2Favatars%2Fava_0008-72.png",
            "first_name": "",
            "real_name": "Antonio Linares",
            "display_name": "Antonio Linares",
            "team": "TJH5YU202",
            "name": "alinares",
            "is_restricted": false,
            "is_ultra_restricted": false
        },
        "blocks": [
            {
                "type": "rich_text",
                "block_id": "MwE",
                "elements": [
                    {
                        "type": "rich_text_section",
                        "elements": [
                            {
                                "type": "text",
                                "text": "Bien porque proporciones diferentes parámetros, ó porque el método sea diferente (GET ó POST)"
                            }
                        ]
                    }
                ]
            }
        ]
    },
    {
        "client_msg_id": "3013ff6a-972a-4ab5-be18-b7ecccd74b01",
        "type": "message",
        "text": "<@UJHD6A81H> <https:\/\/github.com\/harbour\/core\/blob\/master\/contrib\/hbzebra\/tests\/harupdf.prg>",
        "user": "UJRQZMTAM",
        "ts": "1593013295.323000",
        "team": "TJH5YU202",
        "user_team": "TJH5YU202",
        "source_team": "TJH5YU202",
        "user_profile": {
            "avatar_hash": "0d8c567df084",
            "image_72": "https:\/\/avatars.slack-edge.com\/2019-11-22\/834908722243_0d8c567df084bf59d639_72.png",
            "first_name": "Diego",
            "real_name": "Diego F",
            "display_name": "Diego F",
            "team": "TJH5YU202",
            "name": "diegohfazio",
            "is_restricted": false,
            "is_ultra_restricted": false
        },
        "attachments": [
            {
                "fallback": "[harbour\/core] contrib\/hbzebra\/tests\/harupdf.prg",
                "text": "```\n\/*\n *\n * Copyright 2010 Viktor Szakats (<http:\/\/vszakats.net\/harbour|vszakats.net\/harbour>)\n *\n *\/\n\n#require \"hbzebra\"\n#require \"hbhpdf\"\n\nPROCEDURE Main()\n\n   LOCAL pdf\n   LOCAL page\n\n   pdf := HPDF_New()\n   page := HPDF_AddPage( pdf )\n   HPDF_Page_SetSize( page, HPDF_PAGE_SIZE_A4, HPDF_PAGE_PORTRAIT )\n   HPDF_Page_SetFontAndSize( page, HPDF_GetFont( pdf, \"Helvetica\", NIL ), 12 )\n\n   DrawBarcode( page,  20,   1, \"EAN13\",      \"477012345678\" )\n   DrawBarcode( page,  40,   1, \"EAN8\",       \"1234567\" )\n   DrawBarcode( page,  60,   1, \"UPCA\",       \"01234567891\" )\n   DrawBarcode( page,  80,   1, \"UPCE\",       \"123456\" )\n   DrawBarcode( page, 100,   1, \"CODE39\",     \"ABC123\" )\n   DrawBarcode( page, 120,   1, \"CODE39\",     \"ABC123\", HB_ZEBRA_FLAG_CHECKSUM )\n   DrawBarcode( page, 140, 0.5, \"CODE39\",     \"ABC123\", HB_ZEBRA_FLAG_CHECKSUM + HB_ZEBRA_FLAG_WIDE2_5 )\n   DrawBarcode( page, 160,   1, \"CODE39\",     \"ABC123\", HB_ZEBRA_FLAG_CHECKSUM + HB_ZEBRA_FLAG_WIDE3 )\n   DrawBarcode( page, 180,   1, \"ITF\",        \"1234\", HB_ZEBRA_FLAG_WIDE3 )\n   DrawBarcode( page, 200,   1, \"ITF\",        \"12345678901\", HB_ZEBRA_FLAG_CHECKSUM )\n   DrawBarcode( page, 220,   1, \"MSI\",        \"1234\" )\n   DrawBarcode( page, 240,   1, \"MSI\",        \"1234\", HB_ZEBRA_FLAG_CHECKSUM + HB_ZEBRA_FLAG_WIDE3 )\n   DrawBarcode( page, 260,   1, \"MSI\",        \"1234567\", HB_ZEBRA_FLAG_CHECKSUM )\n   DrawBarcode( page, 280,   1, \"CODABAR\",    \"40156\", HB_ZEBRA_FLAG_WIDE3 )\n   DrawBarcode( page, 300,   1, \"CODABAR\",    \"-1234\", HB_ZEBRA_FLAG_WIDE3 )\n   DrawBarcode( page, 320,   1, \"CODE93\",     \"ABC-123\" )\n   DrawBarcode( page, 340,   1, \"CODE93\",     \"TEST93\" )\n   DrawBarcode( page, 360,   1, \"CODE11\",     \"12\", HB_ZEBRA_FLAG_WIDE3 )\n   DrawBarcode( page, 380,   1, \"CODE11\",     \"1234567890\", HB_ZEBRA_FLAG_CHECKSUM + HB_ZEBRA_FLAG_WIDE3 )\n   DrawBarcode( page, 400,   1, \"CODE128\",    \"Code 128\" )\n   DrawBarcode( page, 420,   1, \"CODE128\",    \"1234567890\" )\n   DrawBarcode( page, 440,   1, \"CODE128\",    \"Wikipedia\" )\n   DrawBarcode( page, 460,   1, \"PDF417\",     \"Hello, World of Harbour!!! It's 2D barcode PDF417 :)\" )\n   DrawBarcode( page, 540,   1, \"DATAMATRIX\", \"Hello, World of Harbour!!! It's 2D barcode DataMatrix :)\" )\n   DrawBarcode( page, 580,   1, \"QRCODE\",     \"<http:\/\/harbour.github.io\/>\" )\n\n   FErase( hb_FNameExtSet( __FILE__, \".pdf\" ) )\n   ? HPDF_SaveToFile( pdf, hb_FNameExtSet( __FILE__, \".pdf\" ) )\n\n   RETURN\n\nPROCEDURE DrawBarcode( page, nY, nLineWidth, cType, cCode, nFlags )\n\n   LOCAL hZebra, nLineHeight, cTxt\n\n   nY := HPDF_Page_GetHeight( page ) - nY\n\n   SWITCH cType\n   CASE \"EAN13\"      ; hZebra := hb_zebra_create_ean13( cCode, nFlags )   ; EXIT\n   CASE \"EAN8\"       ; hZebra := hb_zebra_create_ean8( cCode, nFlags )    ; EXIT\n   CASE \"UPCA\"       ; hZebra := hb_zebra_create_upca( cCode, nFlags )    ; EXIT\n   CASE \"UPCE\"       ; hZebra := hb_zebra_create_upce( cCode, nFlags )    ; EXIT\n   CASE \"CODE39\"     ; hZebra := hb_zebra_create_code39( cCode, nFlags )  ; EXIT\n   CASE \"ITF\"        ; hZebra := hb_zebra_create_itf( cCode, nFlags )     ; EXIT\n   CASE \"MSI\"        ; hZebra := hb_zebra_create_msi( cCode, nFlags )     ; EXIT\n   CASE \"CODABAR\"    ; hZebra := hb_zebra_create_codabar( cCode, nFlags ) ; EXIT\n   CASE \"CODE93\"     ; hZebra := hb_zebra_create_code93( cCode, nFlags )  ; EXIT\n   CASE \"CODE11\"     ; hZebra := hb_zebra_create_code11( cCode, nFlags )  ; EXIT\n   CASE \"CODE128\"    ; hZebra := hb_zebra_create_code128( cCode, nFlags ) ; EXIT\n   CASE \"PDF417\"     ; hZebra := hb_zebra_create_pdf417( cCode, nFlags ); nLineHeight := nLineWidth * 3 ; EXIT\n   CASE \"DATAMATRIX\" ; hZebra := hb_zebra_create_datamatrix( cCode, nFlags ); nLineHeight := nLineWidth ; EXIT\n   CASE \"QRCODE\"     ; hZebra := hb_zebra_create_qrcode( cCode, nFlags ); nLineHeight := nLineWidth ; EXIT\n   ENDSWITCH\n\n   IF hZebra != NIL\n      IF hb_zebra_geterror( hZebra ) == 0\n         IF Empty( nLineHeight )\n            nLineHeight := 16\n         ENDIF\n         HPDF_Page_BeginText( page )\n         HPDF_Page_TextOut( page,  40, nY - 13, cType )\n         cTxt := hb_zebra_getcode( hZebra )\n         IF Len( cTxt ) &lt; 20\n            HPDF_Page_TextOut( page, 150, nY - 13, cTxt )\n         ENDIF\n         HPDF_Page_EndText( page )\n         hb_zebra_draw_hpdf( hZebra, page, 300, nY, nLineWidth, -nLineHeight )\n      ELSE\n         ? \"Type\", cType, \"Code\", cCode, \"Error\", hb_zebra_geterror( hZebra )\n      ENDIF\n      hb_zebra_destroy( hZebra )\n   ELSE\n      ? \"Invalid barcode type\", cType\n   ENDIF\n\n   RETURN\n\nSTATIC FUNCTION hb_zebra_draw_hpdf( hZebra, page, ... )\n\n   IF hb_zebra_geterror( hZebra ) != 0\n      RETURN HB_ZEBRA_ERROR_INVALIDZEBRA\n   ENDIF\n\n   hb_zebra_draw( hZebra, {| x, y, w, h | HPDF_Page_Rectangle( page, x, y, w, h ) }, ... )\n\n   HPDF_Page_Fill( page )\n\n   RETURN 0\n\n```",
                "title": "contrib\/hbzebra\/tests\/harupdf.prg",
                "footer": "<https:\/\/github.com\/harbour\/core|harbour\/core>",
                "id": 1,
                "title_link": "https:\/\/github.com\/harbour\/core\/blob\/master\/contrib\/hbzebra\/tests\/harupdf.prg",
                "footer_icon": "https:\/\/github.githubassets.com\/favicon.ico",
                "color": "24292f",
                "mrkdwn_in": [
                    "text"
                ],
                "bot_id": "B013M1D0ZKM",
                "app_unfurl_url": "https:\/\/github.com\/harbour\/core\/blob\/master\/contrib\/hbzebra\/tests\/harupdf.prg",
                "is_app_unfurl": true
            }
        ],
        "blocks": [
            {
                "type": "rich_text",
                "block_id": "TuxV",
                "elements": [
                    {
                        "type": "rich_text_section",
                        "elements": [
                            {
                                "type": "user",
                                "user_id": "UJHD6A81H"
                            },
                            {
                                "type": "text",
                                "text": " "
                            },
                            {
                                "type": "link",
                                "url": "https:\/\/github.com\/harbour\/core\/blob\/master\/contrib\/hbzebra\/tests\/harupdf.prg"
                            }
                        ]
                    }
                ]
            }
        ]
    },
    {
        "client_msg_id": "11c4c9b3-0c61-4b24-803c-67246ec8e799",
        "type": "message",
        "text": "Diego, thank you.",
        "user": "UJHD6A81H",
        "ts": "1593014405.323400",
        "team": "TJH5YU202",
        "user_team": "TJH5YU202",
        "source_team": "TJH5YU202",
        "user_profile": {
            "avatar_hash": "g6b8073e00e9",
            "image_72": "https:\/\/secure.gravatar.com\/avatar\/b96b8073e00e9eb02bcf05bc1418eb3a.jpg?s=72&d=https%3A%2F%2Fa.slack-edge.com%2Fdf10d%2Fimg%2Favatars%2Fava_0021-72.png",
            "first_name": "Otto",
            "real_name": "Otto Atzwanger",
            "display_name": "Otto",
            "team": "TJH5YU202",
            "name": "otto",
            "is_restricted": false,
            "is_ultra_restricted": false
        },
        "blocks": [
            {
                "type": "rich_text",
                "block_id": "sQSU",
                "elements": [
                    {
                        "type": "rich_text_section",
                        "elements": [
                            {
                                "type": "text",
                                "text": "Diego, thank you."
                            }
                        ]
                    }
                ]
            }
        ]
    },
    {
        "client_msg_id": "672cac3b-b098-481c-8819-3d1424f70178",
        "type": "message",
        "text": "De momento hay 10 valientes apuntados para el curso mvc con Mercury !",
        "user": "UJWR5N32S",
        "ts": "1593020851.324400",
        "team": "TJH5YU202",
        "user_team": "TJH5YU202",
        "source_team": "TJH5YU202",
        "user_profile": {
            "avatar_hash": "273d3745f7ae",
            "image_72": "https:\/\/avatars.slack-edge.com\/2019-05-20\/634344238497_273d3745f7ae1b176b82_72.jpg",
            "first_name": "Charly",
            "real_name": "Charly",
            "display_name": "Charly",
            "team": "TJH5YU202",
            "name": "carles9000",
            "is_restricted": false,
            "is_ultra_restricted": false
        },
        "blocks": [
            {
                "type": "rich_text",
                "block_id": "mTV",
                "elements": [
                    {
                        "type": "rich_text_section",
                        "elements": [
                            {
                                "type": "text",
                                "text": "De momento hay 10 valientes apuntados para el curso mvc con Mercury !"
                            }
                        ]
                    }
                ]
            }
        ],
        "thread_ts": "1593020851.324400",
        "reply_count": 7,
        "reply_users_count": 4,
        "latest_reply": "1593092105.344500",
        "reply_users": [
            "UJUSD6VB2",
            "UJWR5N32S",
            "UJXP7LS78",
            "URQ8AJCQZ"
        ],
        "replies": [
            {
                "user": "UJUSD6VB2",
                "ts": "1593021244.325100"
            },
            {
                "user": "UJWR5N32S",
                "ts": "1593021637.326800"
            },
            {
                "user": "UJXP7LS78",
                "ts": "1593026267.327800"
            },
            {
                "user": "UJXP7LS78",
                "ts": "1593026270.328000"
            },
            {
                "user": "UJWR5N32S",
                "ts": "1593027260.328200"
            },
            {
                "user": "URQ8AJCQZ",
                "ts": "1593091296.344300"
            },
            {
                "user": "URQ8AJCQZ",
                "ts": "1593092105.344500"
            }
        ],
        "subscribed": false,
        "reactions": [
            {
                "name": "+1",
                "users": [
                    "U015CUP1T5Z"
                ],
                "count": 1
            }
        ]
    },
    {
        "client_msg_id": "cd49d7d3-fa22-4b51-8052-4ab5a32f636c",
        "type": "message",
        "text": ":wink:",
        "user": "UJWR5N32S",
        "ts": "1593020863.324600",
        "team": "TJH5YU202",
        "user_team": "TJH5YU202",
        "source_team": "TJH5YU202",
        "user_profile": {
            "avatar_hash": "273d3745f7ae",
            "image_72": "https:\/\/avatars.slack-edge.com\/2019-05-20\/634344238497_273d3745f7ae1b176b82_72.jpg",
            "first_name": "Charly",
            "real_name": "Charly",
            "display_name": "Charly",
            "team": "TJH5YU202",
            "name": "carles9000",
            "is_restricted": false,
            "is_ultra_restricted": false
        },
        "blocks": [
            {
                "type": "rich_text",
                "block_id": "UdlV",
                "elements": [
                    {
                        "type": "rich_text_section",
                        "elements": [
                            {
                                "type": "emoji",
                                "name": "wink"
                            }
                        ]
                    }
                ]
            }
        ],
        "reactions": [
            {
                "name": "+1",
                "users": [
                    "UJHD6A81H"
                ],
                "count": 1
            }
        ]
    },
    {
        "client_msg_id": "8e3017d4-d920-4256-ba38-17275f69d538",
        "type": "message",
        "text": "Hello Charly, Estoy feliz y deseo buena suerte al curso. Estoy feliz con ustedes de que su arduo trabajo está dando frutos. Estoy esperando la edición en inglés.",
        "user": "UJHD6A81H",
        "ts": "1593021155.325000",
        "team": "TJH5YU202",
        "user_team": "TJH5YU202",
        "source_team": "TJH5YU202",
        "user_profile": {
            "avatar_hash": "g6b8073e00e9",
            "image_72": "https:\/\/secure.gravatar.com\/avatar\/b96b8073e00e9eb02bcf05bc1418eb3a.jpg?s=72&d=https%3A%2F%2Fa.slack-edge.com%2Fdf10d%2Fimg%2Favatars%2Fava_0021-72.png",
            "first_name": "Otto",
            "real_name": "Otto Atzwanger",
            "display_name": "Otto",
            "team": "TJH5YU202",
            "name": "otto",
            "is_restricted": false,
            "is_ultra_restricted": false
        },
        "blocks": [
            {
                "type": "rich_text",
                "block_id": "4RXm",
                "elements": [
                    {
                        "type": "rich_text_section",
                        "elements": [
                            {
                                "type": "text",
                                "text": "Hello Charly, Estoy feliz y deseo buena suerte al curso. Estoy feliz con ustedes de que su arduo trabajo está dando frutos. Estoy esperando la edición en inglés."
                            }
                        ]
                    }
                ]
            }
        ]
    },
    {
        "client_msg_id": "3d8ac053-e243-4577-913d-9e761546379f",
        "type": "message",
        "text": "Falto yo... mas tarde envio correo, espérenme, no se se vallan",
        "user": "UJUSD6VB2",
        "ts": "1593021244.325100",
        "team": "TJH5YU202",
        "user_team": "TJH5YU202",
        "source_team": "TJH5YU202",
        "user_profile": {
            "avatar_hash": "g1677a02d0b6",
            "image_72": "https:\/\/secure.gravatar.com\/avatar\/bb1677a02d0b69ba91eb245090c7c83a.jpg?s=72&d=https%3A%2F%2Fa.slack-edge.com%2Fdf10d%2Fimg%2Favatars%2Fava_0015-72.png",
            "first_name": "",
            "real_name": "Osvaldo Ramirez",
            "display_name": "Osvaldo Ramirez",
            "team": "TJH5YU202",
            "name": "ramirezosvaldo",
            "is_restricted": false,
            "is_ultra_restricted": false
        },
        "blocks": [
            {
                "type": "rich_text",
                "block_id": "3zH",
                "elements": [
                    {
                        "type": "rich_text_section",
                        "elements": [
                            {
                                "type": "text",
                                "text": "Falto yo... mas tarde envio correo, espérenme, no se se vallan"
                            }
                        ]
                    }
                ]
            }
        ],
        "thread_ts": "1593020851.324400",
        "parent_user_id": "UJWR5N32S"
    },
    {
        "client_msg_id": "2f6cd84d-904f-4d10-aee1-8a58c93ad7b5",
        "type": "message",
        "text": "dando frutos\nNo sé si eso está traducido correctamente. Sé que lo haces fuera del idealismo.",
        "user": "UJHD6A81H",
        "ts": "1593021261.325400",
        "team": "TJH5YU202",
        "user_team": "TJH5YU202",
        "source_team": "TJH5YU202",
        "user_profile": {
            "avatar_hash": "g6b8073e00e9",
            "image_72": "https:\/\/secure.gravatar.com\/avatar\/b96b8073e00e9eb02bcf05bc1418eb3a.jpg?s=72&d=https%3A%2F%2Fa.slack-edge.com%2Fdf10d%2Fimg%2Favatars%2Fava_0021-72.png",
            "first_name": "Otto",
            "real_name": "Otto Atzwanger",
            "display_name": "Otto",
            "team": "TJH5YU202",
            "name": "otto",
            "is_restricted": false,
            "is_ultra_restricted": false
        },
        "blocks": [
            {
                "type": "rich_text",
                "block_id": "nB0",
                "elements": [
                    {
                        "type": "rich_text_section",
                        "elements": [
                            {
                                "type": "text",
                                "text": "dando frutos\nNo sé si eso está traducido correctamente. Sé que lo haces fuera del idealismo."
                            }
                        ]
                    }
                ]
            }
        ]
    },
    {
        "client_msg_id": "05ac5916-ecbb-485b-a11c-5b4292e80d07",
        "type": "message",
        "text": "Gracias <@UJN8D8U3B>!",
        "user": "U015CUP1T5Z",
        "ts": "1593021411.326300",
        "team": "TJH5YU202",
        "user_team": "TJH5YU202",
        "source_team": "TJH5YU202",
        "user_profile": {
            "avatar_hash": "2d5981129913",
            "image_72": "https:\/\/avatars.slack-edge.com\/2020-06-14\/1183376598323_2d5981129913ee85447d_72.jpg",
            "first_name": "ricardo",
            "real_name": "ricardo arraes",
            "display_name": "ricardo arraes",
            "team": "TJH5YU202",
            "name": "ricardo",
            "is_restricted": false,
            "is_ultra_restricted": false
        },
        "blocks": [
            {
                "type": "rich_text",
                "block_id": "YGfqT",
                "elements": [
                    {
                        "type": "rich_text_section",
                        "elements": [
                            {
                                "type": "text",
                                "text": "Gracias "
                            },
                            {
                                "type": "user",
                                "user_id": "UJN8D8U3B"
                            },
                            {
                                "type": "text",
                                "text": "!"
                            }
                        ]
                    }
                ]
            }
        ]
    },
    {
        "client_msg_id": "20f118f8-1742-40ec-9048-08b6f9f06355",
        "type": "message",
        "text": "Thanks <@UJHD6A81H> for your comment ;-)\n\nWe will have conclusions at the end of the course. If colleagues absorb the system, we will try to do one in English.",
        "user": "UJWR5N32S",
        "ts": "1593021507.326700",
        "team": "TJH5YU202",
        "user_team": "TJH5YU202",
        "source_team": "TJH5YU202",
        "user_profile": {
            "avatar_hash": "273d3745f7ae",
            "image_72": "https:\/\/avatars.slack-edge.com\/2019-05-20\/634344238497_273d3745f7ae1b176b82_72.jpg",
            "first_name": "Charly",
            "real_name": "Charly",
            "display_name": "Charly",
            "team": "TJH5YU202",
            "name": "carles9000",
            "is_restricted": false,
            "is_ultra_restricted": false
        },
        "blocks": [
            {
                "type": "rich_text",
                "block_id": "e03",
                "elements": [
                    {
                        "type": "rich_text_section",
                        "elements": [
                            {
                                "type": "text",
                                "text": "Thanks "
                            },
                            {
                                "type": "user",
                                "user_id": "UJHD6A81H"
                            },
                            {
                                "type": "text",
                                "text": " for your comment ;-)\n\nWe will have conclusions at the end of the course. If colleagues absorb the system, we will try to do one in English."
                            }
                        ]
                    }
                ]
            }
        ]
    },
    {
        "type": "message",
        "subtype": "thread_broadcast",
        "text": "No nos vamos sin ti... :stuck_out_tongue:",
        "user": "UJWR5N32S",
        "ts": "1593021637.326800",
        "thread_ts": "1593020851.324400",
        "root": {
            "client_msg_id": "672cac3b-b098-481c-8819-3d1424f70178",
            "type": "message",
            "text": "De momento hay 10 valientes apuntados para el curso mvc con Mercury !",
            "user": "UJWR5N32S",
            "ts": "1593020851.324400",
            "team": "TJH5YU202",
            "blocks": [
                {
                    "type": "rich_text",
                    "block_id": "mTV",
                    "elements": [
                        {
                            "type": "rich_text_section",
                            "elements": [
                                {
                                    "type": "text",
                                    "text": "De momento hay 10 valientes apuntados para el curso mvc con Mercury !"
                                }
                            ]
                        }
                    ]
                }
            ],
            "thread_ts": "1593020851.324400",
            "reply_count": 7,
            "reply_users_count": 4,
            "latest_reply": "1593092105.344500",
            "reply_users": [
                "UJUSD6VB2",
                "UJWR5N32S",
                "UJXP7LS78",
                "URQ8AJCQZ"
            ],
            "subscribed": false
        },
        "blocks": [
            {
                "type": "rich_text",
                "block_id": "7Sw2q",
                "elements": [
                    {
                        "type": "rich_text_section",
                        "elements": [
                            {
                                "type": "text",
                                "text": "No nos vamos sin ti... "
                            },
                            {
                                "type": "emoji",
                                "name": "stuck_out_tongue"
                            }
                        ]
                    }
                ]
            }
        ],
        "client_msg_id": "f3309252-a550-47eb-a5b1-fb0759116ca2"
    },
    {
        "client_msg_id": "88a6181e-c693-4099-a32f-3bbe82629ad2",
        "type": "message",
        "text": "11",
        "user": "UJWR5N32S",
        "ts": "1593021651.327200",
        "team": "TJH5YU202",
        "user_team": "TJH5YU202",
        "source_team": "TJH5YU202",
        "user_profile": {
            "avatar_hash": "273d3745f7ae",
            "image_72": "https:\/\/avatars.slack-edge.com\/2019-05-20\/634344238497_273d3745f7ae1b176b82_72.jpg",
            "first_name": "Charly",
            "real_name": "Charly",
            "display_name": "Charly",
            "team": "TJH5YU202",
            "name": "carles9000",
            "is_restricted": false,
            "is_ultra_restricted": false
        },
        "blocks": [
            {
                "type": "rich_text",
                "block_id": "Q=xHb",
                "elements": [
                    {
                        "type": "rich_text_section",
                        "elements": [
                            {
                                "type": "text",
                                "text": "11"
                            }
                        ]
                    }
                ]
            }
        ]
    },
    {
        "client_msg_id": "db57092b-d443-454b-9fb7-10bb9c789cb0",
        "type": "message",
        "text": "hey <@UJWR5N32S> envié el correo antes, ¿ya estoy en esa lista? :grin:",
        "user": "U015CUP1T5Z",
        "ts": "1593022703.327700",
        "team": "TJH5YU202",
        "user_team": "TJH5YU202",
        "source_team": "TJH5YU202",
        "user_profile": {
            "avatar_hash": "2d5981129913",
            "image_72": "https:\/\/avatars.slack-edge.com\/2020-06-14\/1183376598323_2d5981129913ee85447d_72.jpg",
            "first_name": "ricardo",
            "real_name": "ricardo arraes",
            "display_name": "ricardo arraes",
            "team": "TJH5YU202",
            "name": "ricardo",
            "is_restricted": false,
            "is_ultra_restricted": false
        },
        "blocks": [
            {
                "type": "rich_text",
                "block_id": "gB2",
                "elements": [
                    {
                        "type": "rich_text_section",
                        "elements": [
                            {
                                "type": "text",
                                "text": "hey "
                            },
                            {
                                "type": "user",
                                "user_id": "UJWR5N32S"
                            },
                            {
                                "type": "text",
                                "text": " envié el correo antes, ¿ya estoy en esa lista? "
                            },
                            {
                                "type": "emoji",
                                "name": "grin"
                            }
                        ]
                    }
                ]
            }
        ]
    },
    {
        "client_msg_id": "1979e1a9-41e2-4eae-a861-f03144f0e365",
        "type": "message",
        "text": "ya estoy yo Charly",
        "user": "UJXP7LS78",
        "ts": "1593026267.327800",
        "team": "TJH5YU202",
        "user_team": "TJH5YU202",
        "source_team": "TJH5YU202",
        "user_profile": {
            "avatar_hash": "gc4a0baebb72",
            "image_72": "https:\/\/secure.gravatar.com\/avatar\/a1c4a0baebb720b97e5a197259dbf409.jpg?s=72&d=https%3A%2F%2Fa.slack-edge.com%2Fdf10d%2Fimg%2Favatars%2Fava_0007-72.png",
            "first_name": "",
            "real_name": "wilson gamboa",
            "display_name": "wilson gamboa",
            "team": "TJH5YU202",
            "name": "wilson.josenet",
            "is_restricted": false,
            "is_ultra_restricted": false
        },
        "blocks": [
            {
                "type": "rich_text",
                "block_id": "oWV",
                "elements": [
                    {
                        "type": "rich_text_section",
                        "elements": [
                            {
                                "type": "text",
                                "text": "ya estoy yo Charly"
                            }
                        ]
                    }
                ]
            }
        ],
        "thread_ts": "1593020851.324400",
        "parent_user_id": "UJWR5N32S"
    },
    {
        "client_msg_id": "4ff6597b-4a28-42de-9e69-98203bc54033",
        "type": "message",
        "text": "?",
        "user": "UJXP7LS78",
        "ts": "1593026270.328000",
        "team": "TJH5YU202",
        "user_team": "TJH5YU202",
        "source_team": "TJH5YU202",
        "user_profile": {
            "avatar_hash": "gc4a0baebb72",
            "image_72": "https:\/\/secure.gravatar.com\/avatar\/a1c4a0baebb720b97e5a197259dbf409.jpg?s=72&d=https%3A%2F%2Fa.slack-edge.com%2Fdf10d%2Fimg%2Favatars%2Fava_0007-72.png",
            "first_name": "",
            "real_name": "wilson gamboa",
            "display_name": "wilson gamboa",
            "team": "TJH5YU202",
            "name": "wilson.josenet",
            "is_restricted": false,
            "is_ultra_restricted": false
        },
        "blocks": [
            {
                "type": "rich_text",
                "block_id": "Knp",
                "elements": [
                    {
                        "type": "rich_text_section",
                        "elements": [
                            {
                                "type": "text",
                                "text": "?"
                            }
                        ]
                    }
                ]
            }
        ],
        "thread_ts": "1593020851.324400",
        "parent_user_id": "UJWR5N32S"
    },
    {
        "client_msg_id": "ade9f36c-527b-40ed-8b86-851a1ea7208d",
        "type": "message",
        "text": "Si",
        "user": "UJWR5N32S",
        "ts": "1593027260.328200",
        "team": "TJH5YU202",
        "user_team": "TJH5YU202",
        "source_team": "TJH5YU202",
        "user_profile": {
            "avatar_hash": "273d3745f7ae",
            "image_72": "https:\/\/avatars.slack-edge.com\/2019-05-20\/634344238497_273d3745f7ae1b176b82_72.jpg",
            "first_name": "Charly",
            "real_name": "Charly",
            "display_name": "Charly",
            "team": "TJH5YU202",
            "name": "carles9000",
            "is_restricted": false,
            "is_ultra_restricted": false
        },
        "blocks": [
            {
                "type": "rich_text",
                "block_id": "pyP",
                "elements": [
                    {
                        "type": "rich_text_section",
                        "elements": [
                            {
                                "type": "text",
                                "text": "Si"
                            }
                        ]
                    }
                ]
            }
        ],
        "thread_ts": "1593020851.324400",
        "parent_user_id": "UJWR5N32S"
    },
    {
        "client_msg_id": "6f4ef1fc-da4d-4165-a9f3-36f7c1f6972c",
        "type": "message",
        "text": "Charly buenas tardes hay un Sr en foro de harbour users que pregunta si puede el traducir al Ingles le dije que si, por supuesto va a tomar el curso",
        "user": "UJXP7LS78",
        "ts": "1593030199.329200",
        "team": "TJH5YU202",
        "user_team": "TJH5YU202",
        "source_team": "TJH5YU202",
        "user_profile": {
            "avatar_hash": "gc4a0baebb72",
            "image_72": "https:\/\/secure.gravatar.com\/avatar\/a1c4a0baebb720b97e5a197259dbf409.jpg?s=72&d=https%3A%2F%2Fa.slack-edge.com%2Fdf10d%2Fimg%2Favatars%2Fava_0007-72.png",
            "first_name": "",
            "real_name": "wilson gamboa",
            "display_name": "wilson gamboa",
            "team": "TJH5YU202",
            "name": "wilson.josenet",
            "is_restricted": false,
            "is_ultra_restricted": false
        },
        "blocks": [
            {
                "type": "rich_text",
                "block_id": "j5Tw",
                "elements": [
                    {
                        "type": "rich_text_section",
                        "elements": [
                            {
                                "type": "text",
                                "text": "Charly buenas tardes hay un Sr en foro de harbour users que pregunta si puede el traducir al Ingles le dije que si, por supuesto va a tomar el curso"
                            }
                        ]
                    }
                ]
            }
        ]
    },
    {
        "client_msg_id": "5c0836df-eb49-48da-9774-b50360ad2864",
        "type": "message",
        "text": "yo se lo traduzco en español",
        "user": "UK28N3CER",
        "ts": "1593030377.329500",
        "team": "TJH5YU202",
        "user_team": "TJH5YU202",
        "source_team": "TJH5YU202",
        "user_profile": {
            "avatar_hash": "0eafa7153ff3",
            "image_72": "https:\/\/avatars.slack-edge.com\/2020-05-18\/1155120542496_0eafa7153ff35206c804_72.jpg",
            "first_name": "Cesar",
            "real_name": "Cesar SysCtrl Software",
            "display_name": "Cesar SysCtrl Software",
            "team": "TJH5YU202",
            "name": "sysctrlsoftware",
            "is_restricted": false,
            "is_ultra_restricted": false
        },
        "blocks": [
            {
                "type": "rich_text",
                "block_id": "UxC8A",
                "elements": [
                    {
                        "type": "rich_text_section",
                        "elements": [
                            {
                                "type": "text",
                                "text": "yo se lo traduzco en español"
                            }
                        ]
                    }
                ]
            }
        ]
    },
    {
        "client_msg_id": "c8896329-2aaa-4b4f-bc83-c8fec2d4db8f",
        "type": "message",
        "text": "ja ja ja",
        "user": "UJXP7LS78",
        "ts": "1593030386.329700",
        "team": "TJH5YU202",
        "user_team": "TJH5YU202",
        "source_team": "TJH5YU202",
        "user_profile": {
            "avatar_hash": "gc4a0baebb72",
            "image_72": "https:\/\/secure.gravatar.com\/avatar\/a1c4a0baebb720b97e5a197259dbf409.jpg?s=72&d=https%3A%2F%2Fa.slack-edge.com%2Fdf10d%2Fimg%2Favatars%2Fava_0007-72.png",
            "first_name": "",
            "real_name": "wilson gamboa",
            "display_name": "wilson gamboa",
            "team": "TJH5YU202",
            "name": "wilson.josenet",
            "is_restricted": false,
            "is_ultra_restricted": false
        },
        "blocks": [
            {
                "type": "rich_text",
                "block_id": "NuvvE",
                "elements": [
                    {
                        "type": "rich_text_section",
                        "elements": [
                            {
                                "type": "text",
                                "text": "ja ja ja"
                            }
                        ]
                    }
                ]
            }
        ]
    },
    {
        "client_msg_id": "b574f3bb-a54b-4c3b-8e7c-16cdcbf7a97b",
        "type": "message",
        "text": "hola de nuevo amigos. viendo los videos de las reuniones, viendo el manual de Mercury y el foro de Fivetech. Noté que en algunos momentos los archivos .view se usan con html puro y otras veces se programa en html en el propio prg usando TEMPLATE. ¿Hay alguna razón específica para elegir uno u otro?",
        "user": "U015CUP1T5Z",
        "ts": "1593036771.331200",
        "team": "TJH5YU202",
        "user_team": "TJH5YU202",
        "source_team": "TJH5YU202",
        "user_profile": {
            "avatar_hash": "2d5981129913",
            "image_72": "https:\/\/avatars.slack-edge.com\/2020-06-14\/1183376598323_2d5981129913ee85447d_72.jpg",
            "first_name": "ricardo",
            "real_name": "ricardo arraes",
            "display_name": "ricardo arraes",
            "team": "TJH5YU202",
            "name": "ricardo",
            "is_restricted": false,
            "is_ultra_restricted": false
        },
        "blocks": [
            {
                "type": "rich_text",
                "block_id": "0NoX",
                "elements": [
                    {
                        "type": "rich_text_section",
                        "elements": [
                            {
                                "type": "text",
                                "text": "hola de nuevo amigos. viendo los videos de las reuniones, viendo el manual de Mercury y el foro de Fivetech. Noté que en algunos momentos los archivos .view se usan con html puro y otras veces se programa en html en el propio prg usando TEMPLATE. ¿Hay alguna razón específica para elegir uno u otro?"
                            }
                        ]
                    }
                ]
            }
        ]
    },
    {
        "client_msg_id": "12934041-67b6-4caf-9670-ff51b76e6518",
        "type": "message",
        "text": "...alguna ventaja o desventaja entre estas prácticas",
        "user": "U015CUP1T5Z",
        "ts": "1593036833.331400",
        "team": "TJH5YU202",
        "user_team": "TJH5YU202",
        "source_team": "TJH5YU202",
        "user_profile": {
            "avatar_hash": "2d5981129913",
            "image_72": "https:\/\/avatars.slack-edge.com\/2020-06-14\/1183376598323_2d5981129913ee85447d_72.jpg",
            "first_name": "ricardo",
            "real_name": "ricardo arraes",
            "display_name": "ricardo arraes",
            "team": "TJH5YU202",
            "name": "ricardo",
            "is_restricted": false,
            "is_ultra_restricted": false
        },
        "blocks": [
            {
                "type": "rich_text",
                "block_id": "nLblS",
                "elements": [
                    {
                        "type": "rich_text_section",
                        "elements": [
                            {
                                "type": "text",
                                "text": "...alguna ventaja o desventaja entre estas prácticas"
                            }
                        ]
                    }
                ]
            }
        ]
    },
    {
        "client_msg_id": "67f5fb97-d819-41c5-a610-b5c9efc4ebde",
        "type": "message",
        "text": "hay muchas formas de pelar un chancho...",
        "user": "UM81W8B0Q",
        "ts": "1593037311.332000",
        "team": "TJH5YU202",
        "user_team": "TJH5YU202",
        "source_team": "TJH5YU202",
        "user_profile": {
            "avatar_hash": "gab9279ee8c0",
            "image_72": "https:\/\/secure.gravatar.com\/avatar\/73ab9279ee8c00f66ce4904d30146c8f.jpg?s=72&d=https%3A%2F%2Fa.slack-edge.com%2Fdf10d%2Fimg%2Favatars%2Fava_0010-72.png",
            "first_name": "",
            "real_name": "Angel Pais",
            "display_name": "Angel Pais",
            "team": "TJH5YU202",
            "name": "amigosam",
            "is_restricted": false,
            "is_ultra_restricted": false
        },
        "blocks": [
            {
                "type": "rich_text",
                "block_id": "Ncn",
                "elements": [
                    {
                        "type": "rich_text_section",
                        "elements": [
                            {
                                "type": "text",
                                "text": "hay muchas formas de pelar un chancho..."
                            }
                        ]
                    }
                ]
            }
        ]
    },
    {
        "client_msg_id": "aa628142-46fc-44af-8ea3-a14c4dada12a",
        "type": "message",
        "text": "buenos dias :sunny:",
        "user": "UJN8D8U3B",
        "ts": "1593062340.332300",
        "team": "TJH5YU202",
        "user_team": "TJH5YU202",
        "source_team": "TJH5YU202",
        "user_profile": {
            "avatar_hash": "g92ad2abcc45",
            "image_72": "https:\/\/secure.gravatar.com\/avatar\/8492ad2abcc45ce53969adcf8420acde.jpg?s=72&d=https%3A%2F%2Fa.slack-edge.com%2Fdf10d%2Fimg%2Favatars%2Fava_0008-72.png",
            "first_name": "",
            "real_name": "Antonio Linares",
            "display_name": "Antonio Linares",
            "team": "TJH5YU202",
            "name": "alinares",
            "is_restricted": false,
            "is_ultra_restricted": false
        },
        "blocks": [
            {
                "type": "rich_text",
                "block_id": "s2A",
                "elements": [
                    {
                        "type": "rich_text_section",
                        "elements": [
                            {
                                "type": "text",
                                "text": "buenos dias "
                            },
                            {
                                "type": "emoji",
                                "name": "sunny"
                            }
                        ]
                    }
                ]
            }
        ]
    },
    {
        "client_msg_id": "a81b5d2e-cbf6-4500-9cf7-498cbb72db92",
        "type": "message",
        "text": "Ricardo cuanto más estructurado esté el código, es más facil de mantener",
        "user": "UJN8D8U3B",
        "ts": "1593062373.332800",
        "team": "TJH5YU202",
        "user_team": "TJH5YU202",
        "source_team": "TJH5YU202",
        "user_profile": {
            "avatar_hash": "g92ad2abcc45",
            "image_72": "https:\/\/secure.gravatar.com\/avatar\/8492ad2abcc45ce53969adcf8420acde.jpg?s=72&d=https%3A%2F%2Fa.slack-edge.com%2Fdf10d%2Fimg%2Favatars%2Fava_0008-72.png",
            "first_name": "",
            "real_name": "Antonio Linares",
            "display_name": "Antonio Linares",
            "team": "TJH5YU202",
            "name": "alinares",
            "is_restricted": false,
            "is_ultra_restricted": false
        },
        "blocks": [
            {
                "type": "rich_text",
                "block_id": "0RE",
                "elements": [
                    {
                        "type": "rich_text_section",
                        "elements": [
                            {
                                "type": "text",
                                "text": "Ricardo cuanto más estructurado esté el código, es más facil de mantener"
                            }
                        ]
                    }
                ]
            }
        ]
    },
    {
        "client_msg_id": "776dce50-6cb3-458b-877b-29d44b24bb18",
        "type": "message",
        "text": "no diferenciar bien los elementos del modelo *MVC*, nos lleva a código spagetti :slightly_smiling_face:",
        "user": "UJN8D8U3B",
        "ts": "1593062435.333700",
        "team": "TJH5YU202",
        "user_team": "TJH5YU202",
        "source_team": "TJH5YU202",
        "user_profile": {
            "avatar_hash": "g92ad2abcc45",
            "image_72": "https:\/\/secure.gravatar.com\/avatar\/8492ad2abcc45ce53969adcf8420acde.jpg?s=72&d=https%3A%2F%2Fa.slack-edge.com%2Fdf10d%2Fimg%2Favatars%2Fava_0008-72.png",
            "first_name": "",
            "real_name": "Antonio Linares",
            "display_name": "Antonio Linares",
            "team": "TJH5YU202",
            "name": "alinares",
            "is_restricted": false,
            "is_ultra_restricted": false
        },
        "edited": {
            "user": "UJN8D8U3B",
            "ts": "1593062748.000000"
        },
        "blocks": [
            {
                "type": "rich_text",
                "block_id": "qTL",
                "elements": [
                    {
                        "type": "rich_text_section",
                        "elements": [
                            {
                                "type": "text",
                                "text": "no diferenciar bien los elementos del modelo "
                            },
                            {
                                "type": "text",
                                "text": "MVC",
                                "style": {
                                    "bold": true
                                }
                            },
                            {
                                "type": "text",
                                "text": ", nos lleva a código spagetti "
                            },
                            {
                                "type": "emoji",
                                "name": "slightly_smiling_face"
                            }
                        ]
                    }
                ]
            }
        ]
    },
    {
        "client_msg_id": "9a1e716e-7601-40ff-9a40-dc41b56f20ae",
        "type": "message",
        "text": "*M*odelo (datos), *V*ista (interface), *C*ontrolador (gestor de peticiones y resultados)",
        "user": "UJN8D8U3B",
        "ts": "1593062544.334900",
        "team": "TJH5YU202",
        "user_team": "TJH5YU202",
        "source_team": "TJH5YU202",
        "user_profile": {
            "avatar_hash": "g92ad2abcc45",
            "image_72": "https:\/\/secure.gravatar.com\/avatar\/8492ad2abcc45ce53969adcf8420acde.jpg?s=72&d=https%3A%2F%2Fa.slack-edge.com%2Fdf10d%2Fimg%2Favatars%2Fava_0008-72.png",
            "first_name": "",
            "real_name": "Antonio Linares",
            "display_name": "Antonio Linares",
            "team": "TJH5YU202",
            "name": "alinares",
            "is_restricted": false,
            "is_ultra_restricted": false
        },
        "edited": {
            "user": "UJN8D8U3B",
            "ts": "1593062605.000000"
        },
        "blocks": [
            {
                "type": "rich_text",
                "block_id": "mTEy",
                "elements": [
                    {
                        "type": "rich_text_section",
                        "elements": [
                            {
                                "type": "text",
                                "text": "M",
                                "style": {
                                    "bold": true
                                }
                            },
                            {
                                "type": "text",
                                "text": "odelo (datos), "
                            },
                            {
                                "type": "text",
                                "text": "V",
                                "style": {
                                    "bold": true
                                }
                            },
                            {
                                "type": "text",
                                "text": "ista (interface), "
                            },
                            {
                                "type": "text",
                                "text": "C",
                                "style": {
                                    "bold": true
                                }
                            },
                            {
                                "type": "text",
                                "text": "ontrolador (gestor de peticiones y resultados)"
                            }
                        ]
                    }
                ]
            }
        ]
    },
    {
        "client_msg_id": "76f1a125-fd57-4002-b018-b4edd467b7e2",
        "type": "message",
        "text": "no deben mezclarse, o mezclarse lo mínimo :slightly_smiling_face:",
        "user": "UJN8D8U3B",
        "ts": "1593062656.335600",
        "team": "TJH5YU202",
        "user_team": "TJH5YU202",
        "source_team": "TJH5YU202",
        "user_profile": {
            "avatar_hash": "g92ad2abcc45",
            "image_72": "https:\/\/secure.gravatar.com\/avatar\/8492ad2abcc45ce53969adcf8420acde.jpg?s=72&d=https%3A%2F%2Fa.slack-edge.com%2Fdf10d%2Fimg%2Favatars%2Fava_0008-72.png",
            "first_name": "",
            "real_name": "Antonio Linares",
            "display_name": "Antonio Linares",
            "team": "TJH5YU202",
            "name": "alinares",
            "is_restricted": false,
            "is_ultra_restricted": false
        },
        "blocks": [
            {
                "type": "rich_text",
                "block_id": "me7i",
                "elements": [
                    {
                        "type": "rich_text_section",
                        "elements": [
                            {
                                "type": "text",
                                "text": "no deben mezclarse, o mezclarse lo mínimo "
                            },
                            {
                                "type": "emoji",
                                "name": "slightly_smiling_face"
                            }
                        ]
                    }
                ]
            }
        ]
    },
    {
        "client_msg_id": "55354f98-7eb3-40f5-8b4f-35a7dace3912",
        "type": "message",
        "text": "Bon dia",
        "user": "UJWR5N32S",
        "ts": "1593066504.336500",
        "team": "TJH5YU202",
        "user_team": "TJH5YU202",
        "source_team": "TJH5YU202",
        "user_profile": {
            "avatar_hash": "273d3745f7ae",
            "image_72": "https:\/\/avatars.slack-edge.com\/2019-05-20\/634344238497_273d3745f7ae1b176b82_72.jpg",
            "first_name": "Charly",
            "real_name": "Charly",
            "display_name": "Charly",
            "team": "TJH5YU202",
            "name": "carles9000",
            "is_restricted": false,
            "is_ultra_restricted": false
        },
        "blocks": [
            {
                "type": "rich_text",
                "block_id": "rw+6v",
                "elements": [
                    {
                        "type": "rich_text_section",
                        "elements": [
                            {
                                "type": "text",
                                "text": "Bon dia"
                            }
                        ]
                    }
                ]
            }
        ]
    },
    {
        "client_msg_id": "38146dd6-5dfe-4c4d-b50f-891c82c38a0f",
        "type": "message",
        "text": "<@U015CUP1T5Z> es como siempre, la versatilidad de nuestro Harbour :slightly_smiling_face:",
        "user": "UJWR5N32S",
        "ts": "1593066555.337100",
        "team": "TJH5YU202",
        "user_team": "TJH5YU202",
        "source_team": "TJH5YU202",
        "user_profile": {
            "avatar_hash": "273d3745f7ae",
            "image_72": "https:\/\/avatars.slack-edge.com\/2019-05-20\/634344238497_273d3745f7ae1b176b82_72.jpg",
            "first_name": "Charly",
            "real_name": "Charly",
            "display_name": "Charly",
            "team": "TJH5YU202",
            "name": "carles9000",
            "is_restricted": false,
            "is_ultra_restricted": false
        },
        "blocks": [
            {
                "type": "rich_text",
                "block_id": "43Pqw",
                "elements": [
                    {
                        "type": "rich_text_section",
                        "elements": [
                            {
                                "type": "user",
                                "user_id": "U015CUP1T5Z"
                            },
                            {
                                "type": "text",
                                "text": " es como siempre, la versatilidad de nuestro Harbour "
                            },
                            {
                                "type": "emoji",
                                "name": "slightly_smiling_face"
                            }
                        ]
                    }
                ]
            }
        ]
    },
    {
        "client_msg_id": "b84d0dcc-0014-4278-bca7-6314fe450fc0",
        "type": "message",
        "text": "Por defecto modharbour ejecuta ficheros.prg . Mercury ejecutas los ficheros.view como codigo html puro. En el puedes inyectar harbour con las etiquetas &lt;?prg ... ?&gt; . E incluso si se te queda corto, dentro de las etiquetas &lt;?prg ... ?&gt; puedes inyectar code html,js,... pasando variables :slightly_smiling_face:",
        "user": "UJWR5N32S",
        "ts": "1593067734.339600",
        "team": "TJH5YU202",
        "user_team": "TJH5YU202",
        "source_team": "TJH5YU202",
        "user_profile": {
            "avatar_hash": "273d3745f7ae",
            "image_72": "https:\/\/avatars.slack-edge.com\/2019-05-20\/634344238497_273d3745f7ae1b176b82_72.jpg",
            "first_name": "Charly",
            "real_name": "Charly",
            "display_name": "Charly",
            "team": "TJH5YU202",
            "name": "carles9000",
            "is_restricted": false,
            "is_ultra_restricted": false
        },
        "blocks": [
            {
                "type": "rich_text",
                "block_id": "DBbz",
                "elements": [
                    {
                        "type": "rich_text_section",
                        "elements": [
                            {
                                "type": "text",
                                "text": "Por defecto modharbour ejecuta ficheros.prg . Mercury ejecutas los ficheros.view como codigo html puro. En el puedes inyectar harbour con las etiquetas <?prg ... ?> . E incluso si se te queda corto, dentro de las etiquetas <?prg ... ?> puedes inyectar code html,js,... pasando variables "
                            },
                            {
                                "type": "emoji",
                                "name": "slightly_smiling_face"
                            }
                        ]
                    }
                ]
            }
        ]
    },
    {
        "type": "message",
        "text": "",
        "files": [
            {
                "id": "F015ZF8UU6R",
                "created": 1593067735,
                "timestamp": 1593067735,
                "name": "image.png",
                "title": "image.png",
                "mimetype": "image\/png",
                "filetype": "png",
                "pretty_type": "PNG",
                "user": "UJWR5N32S",
                "editable": false,
                "size": 23317,
                "mode": "hosted",
                "is_external": false,
                "external_type": "",
                "is_public": true,
                "public_url_shared": false,
                "display_as_bot": false,
                "username": "",
                "url_private": "https:\/\/files.slack.com\/files-pri\/TJH5YU202-F015ZF8UU6R\/image.png?t=xoxe-629202954002-1307858988048-1296644259825-cbe9e6d0558bfb5b1a5a18db398692ce",
                "url_private_download": "https:\/\/files.slack.com\/files-pri\/TJH5YU202-F015ZF8UU6R\/download\/image.png?t=xoxe-629202954002-1307858988048-1296644259825-cbe9e6d0558bfb5b1a5a18db398692ce",
                "thumb_64": "https:\/\/files.slack.com\/files-tmb\/TJH5YU202-F015ZF8UU6R-9f727500b7\/image_64.png?t=xoxe-629202954002-1307858988048-1296644259825-cbe9e6d0558bfb5b1a5a18db398692ce",
                "thumb_80": "https:\/\/files.slack.com\/files-tmb\/TJH5YU202-F015ZF8UU6R-9f727500b7\/image_80.png?t=xoxe-629202954002-1307858988048-1296644259825-cbe9e6d0558bfb5b1a5a18db398692ce",
                "thumb_360": "https:\/\/files.slack.com\/files-tmb\/TJH5YU202-F015ZF8UU6R-9f727500b7\/image_360.png?t=xoxe-629202954002-1307858988048-1296644259825-cbe9e6d0558bfb5b1a5a18db398692ce",
                "thumb_360_w": 360,
                "thumb_360_h": 170,
                "thumb_480": "https:\/\/files.slack.com\/files-tmb\/TJH5YU202-F015ZF8UU6R-9f727500b7\/image_480.png?t=xoxe-629202954002-1307858988048-1296644259825-cbe9e6d0558bfb5b1a5a18db398692ce",
                "thumb_480_w": 480,
                "thumb_480_h": 227,
                "thumb_160": "https:\/\/files.slack.com\/files-tmb\/TJH5YU202-F015ZF8UU6R-9f727500b7\/image_160.png?t=xoxe-629202954002-1307858988048-1296644259825-cbe9e6d0558bfb5b1a5a18db398692ce",
                "thumb_720": "https:\/\/files.slack.com\/files-tmb\/TJH5YU202-F015ZF8UU6R-9f727500b7\/image_720.png?t=xoxe-629202954002-1307858988048-1296644259825-cbe9e6d0558bfb5b1a5a18db398692ce",
                "thumb_720_w": 720,
                "thumb_720_h": 340,
                "original_w": 783,
                "original_h": 370,
                "thumb_tiny": "AwAWADDRwPQGlH0oPIFG0UALTcAdgaXAoPSgBfwoPSk20dqAEGPel496SigBc03ePelqPvQBJvHvS7gQaiFPHQ0Af\/\/Z",
                "permalink": "https:\/\/harbourproject.slack.com\/files\/UJWR5N32S\/F015ZF8UU6R\/image.png",
                "permalink_public": "https:\/\/slack-files.com\/TJH5YU202-F015ZF8UU6R-0c6692c02f",
                "is_starred": false,
                "has_rich_preview": false
            }
        ],
        "upload": false,
        "user": "UJWR5N32S",
        "display_as_bot": false,
        "ts": "1593067738.339700"
    }
]