[
    {
        "client_msg_id": "67edbcc2-d773-477d-9389-c712784c5f21",
        "type": "message",
        "text": "Hola Charly, lo raro es que solo hice copy pegue desde word como tus indicaciones, siguiendo el video y la guía.",
        "user": "U016JJSHGKB",
        "ts": "1595251911.085500",
        "team": "TJH5YU202",
        "user_team": "TJH5YU202",
        "source_team": "TJH5YU202",
        "user_profile": {
            "avatar_hash": "g82054a3b3a7",
            "image_72": "https:\/\/secure.gravatar.com\/avatar\/82054a3b3a7d69e08f7077c46bcd79c3.jpg?s=72&d=https%3A%2F%2Fa.slack-edge.com%2Fdf10d%2Fimg%2Favatars%2Fava_0009-72.png",
            "first_name": "",
            "real_name": "Ribo Salamanca",
            "display_name": "Ribo Salamanca",
            "team": "TJH5YU202",
            "name": "ribosama",
            "is_restricted": false,
            "is_ultra_restricted": false
        },
        "blocks": [
            {
                "type": "rich_text",
                "block_id": "77nM",
                "elements": [
                    {
                        "type": "rich_text_section",
                        "elements": [
                            {
                                "type": "text",
                                "text": "Hola Charly, lo raro es que solo hice copy pegue desde word como tus indicaciones, siguiendo el video y la guía."
                            }
                        ]
                    }
                ]
            }
        ]
    },
    {
        "client_msg_id": "45fd588a-ec3b-495f-9aa5-a91c42215a2a",
        "type": "message",
        "text": "Ribo ya viste que yo copiaba directamente del manual. Seguro q algo se te escapa. Como te he dicho , si pones el codigo aqui le echo un vistazo",
        "user": "UJWR5N32S",
        "ts": "1595264836.086300",
        "team": "TJH5YU202",
        "user_team": "TJH5YU202",
        "source_team": "TJH5YU202",
        "user_profile": {
            "avatar_hash": "273d3745f7ae",
            "image_72": "https:\/\/avatars.slack-edge.com\/2019-05-20\/634344238497_273d3745f7ae1b176b82_72.jpg",
            "first_name": "Charly",
            "real_name": "Charly",
            "display_name": "Charly",
            "team": "TJH5YU202",
            "name": "carles9000",
            "is_restricted": false,
            "is_ultra_restricted": false
        },
        "blocks": [
            {
                "type": "rich_text",
                "block_id": "DX0",
                "elements": [
                    {
                        "type": "rich_text_section",
                        "elements": [
                            {
                                "type": "text",
                                "text": "Ribo ya viste que yo copiaba directamente del manual. Seguro q algo se te escapa. Como te he dicho , si pones el codigo aqui le echo un vistazo"
                            }
                        ]
                    }
                ]
            }
        ]
    },
    {
        "client_msg_id": "75d5a76e-2f5b-464b-8ee1-ea0e7dd5d23d",
        "type": "message",
        "text": "Ojo con el origen desde el que copias, y cómo pegas y si tu editor te permite ver caracteres \"no visibles\" para estar seguro de que no hay caracteres \"raros\"",
        "user": "UJUJLTWMT",
        "ts": "1595279445.087300",
        "team": "TJH5YU202",
        "user_team": "TJH5YU202",
        "source_team": "TJH5YU202",
        "user_profile": {
            "avatar_hash": "a60e3b1ef2d2",
            "image_72": "https:\/\/avatars.slack-edge.com\/2019-08-20\/726246109489_a60e3b1ef2d2c141969d_72.jpg",
            "first_name": "",
            "real_name": "Cristobal",
            "display_name": "Cristobal",
            "team": "TJH5YU202",
            "name": "navarro.cristobal",
            "is_restricted": false,
            "is_ultra_restricted": false
        },
        "edited": {
            "user": "UJUJLTWMT",
            "ts": "1595279456.000000"
        },
        "blocks": [
            {
                "type": "rich_text",
                "block_id": "Lh2",
                "elements": [
                    {
                        "type": "rich_text_section",
                        "elements": [
                            {
                                "type": "text",
                                "text": "Ojo con el origen desde el que copias, y cómo pegas y si tu editor te permite ver caracteres \"no visibles\" para estar seguro de que no hay caracteres \"raros\""
                            }
                        ]
                    }
                ]
            }
        ]
    },
    {
        "client_msg_id": "4a31681f-de0a-49d3-b6b4-2ff48fba8d04",
        "type": "message",
        "text": "es problema del editor de codigo que usas, intenta usar el bloc de notas",
        "user": "UK28N3CER",
        "ts": "1595280743.088400",
        "team": "TJH5YU202",
        "user_team": "TJH5YU202",
        "source_team": "TJH5YU202",
        "user_profile": {
            "avatar_hash": "0eafa7153ff3",
            "image_72": "https:\/\/avatars.slack-edge.com\/2020-05-18\/1155120542496_0eafa7153ff35206c804_72.jpg",
            "first_name": "Cesar",
            "real_name": "Cesar SysCtrl Software",
            "display_name": "Cesar SysCtrl Software",
            "team": "TJH5YU202",
            "name": "sysctrlsoftware",
            "is_restricted": false,
            "is_ultra_restricted": false
        },
        "blocks": [
            {
                "type": "rich_text",
                "block_id": "MxsH",
                "elements": [
                    {
                        "type": "rich_text_section",
                        "elements": [
                            {
                                "type": "text",
                                "text": "es problema del editor de codigo que usas, intenta usar el bloc de notas"
                            }
                        ]
                    }
                ]
            }
        ]
    },
    {
        "client_msg_id": "dd1a394c-f0e1-4ef2-9a1e-73847a0f84d2",
        "type": "message",
        "text": "el copiar y pegar en ocaciones no resulta,",
        "user": "UK28N3CER",
        "ts": "1595281545.088800",
        "team": "TJH5YU202",
        "user_team": "TJH5YU202",
        "source_team": "TJH5YU202",
        "user_profile": {
            "avatar_hash": "0eafa7153ff3",
            "image_72": "https:\/\/avatars.slack-edge.com\/2020-05-18\/1155120542496_0eafa7153ff35206c804_72.jpg",
            "first_name": "Cesar",
            "real_name": "Cesar SysCtrl Software",
            "display_name": "Cesar SysCtrl Software",
            "team": "TJH5YU202",
            "name": "sysctrlsoftware",
            "is_restricted": false,
            "is_ultra_restricted": false
        },
        "blocks": [
            {
                "type": "rich_text",
                "block_id": "=a\/",
                "elements": [
                    {
                        "type": "rich_text_section",
                        "elements": [
                            {
                                "type": "text",
                                "text": "el copiar y pegar en ocaciones no resulta,"
                            }
                        ]
                    }
                ]
            }
        ]
    },
    {
        "client_msg_id": "f9c64573-3bd5-4946-80c8-c8cc8e2b5505",
        "type": "message",
        "text": "Gracias a todos por los tips, utilizo notepad.",
        "user": "U016JJSHGKB",
        "ts": "1595281639.089300",
        "team": "TJH5YU202",
        "user_team": "TJH5YU202",
        "source_team": "TJH5YU202",
        "user_profile": {
            "avatar_hash": "g82054a3b3a7",
            "image_72": "https:\/\/secure.gravatar.com\/avatar\/82054a3b3a7d69e08f7077c46bcd79c3.jpg?s=72&d=https%3A%2F%2Fa.slack-edge.com%2Fdf10d%2Fimg%2Favatars%2Fava_0009-72.png",
            "first_name": "",
            "real_name": "Ribo Salamanca",
            "display_name": "Ribo Salamanca",
            "team": "TJH5YU202",
            "name": "ribosama",
            "is_restricted": false,
            "is_ultra_restricted": false
        },
        "blocks": [
            {
                "type": "rich_text",
                "block_id": "pWpX",
                "elements": [
                    {
                        "type": "rich_text_section",
                        "elements": [
                            {
                                "type": "text",
                                "text": "Gracias a todos por los tips, utilizo notepad."
                            }
                        ]
                    }
                ]
            }
        ]
    }
]