[
    {
        "client_msg_id": "a2ffebbd-9009-4887-ad50-28ce1e586d58",
        "type": "message",
        "text": "Hola chicos buen día para todos, la verdad que no es el código porque el info.prg no se ha tocado y este presenta el síntoma.",
        "user": "U016JJSHGKB",
        "ts": "1595336824.091300",
        "team": "TJH5YU202",
        "user_team": "TJH5YU202",
        "source_team": "TJH5YU202",
        "user_profile": {
            "avatar_hash": "g82054a3b3a7",
            "image_72": "https:\/\/secure.gravatar.com\/avatar\/82054a3b3a7d69e08f7077c46bcd79c3.jpg?s=72&d=https%3A%2F%2Fa.slack-edge.com%2Fdf10d%2Fimg%2Favatars%2Fava_0009-72.png",
            "first_name": "",
            "real_name": "Ribo Salamanca",
            "display_name": "Ribo Salamanca",
            "team": "TJH5YU202",
            "name": "ribosama",
            "is_restricted": false,
            "is_ultra_restricted": false
        },
        "blocks": [
            {
                "type": "rich_text",
                "block_id": "JJ\/W",
                "elements": [
                    {
                        "type": "rich_text_section",
                        "elements": [
                            {
                                "type": "text",
                                "text": "Hola chicos buen día para todos, la verdad que no es el código porque el info.prg no se ha tocado y este presenta el síntoma."
                            }
                        ]
                    }
                ]
            }
        ]
    },
    {
        "client_msg_id": "5f78cf69-9972-4f36-bc91-14dc88c67d8c",
        "type": "message",
        "text": "Pon el info.prg aqui",
        "user": "UJWR5N32S",
        "ts": "1595337278.091800",
        "team": "TJH5YU202",
        "user_team": "TJH5YU202",
        "source_team": "TJH5YU202",
        "user_profile": {
            "avatar_hash": "273d3745f7ae",
            "image_72": "https:\/\/avatars.slack-edge.com\/2019-05-20\/634344238497_273d3745f7ae1b176b82_72.jpg",
            "first_name": "Charly",
            "real_name": "Charly",
            "display_name": "Charly",
            "team": "TJH5YU202",
            "name": "carles9000",
            "is_restricted": false,
            "is_ultra_restricted": false
        },
        "blocks": [
            {
                "type": "rich_text",
                "block_id": "7bzQC",
                "elements": [
                    {
                        "type": "rich_text_section",
                        "elements": [
                            {
                                "type": "text",
                                "text": "Pon el info.prg aqui"
                            }
                        ]
                    }
                ]
            }
        ],
        "thread_ts": "1595337278.091800",
        "reply_count": 7,
        "reply_users_count": 2,
        "latest_reply": "1595349380.130100",
        "reply_users": [
            "UJWR5N32S",
            "U016JJSHGKB"
        ],
        "replies": [
            {
                "user": "UJWR5N32S",
                "ts": "1595343619.112800"
            },
            {
                "user": "U016JJSHGKB",
                "ts": "1595345276.127700"
            },
            {
                "user": "UJWR5N32S",
                "ts": "1595345388.128000"
            },
            {
                "user": "U016JJSHGKB",
                "ts": "1595347868.128300"
            },
            {
                "user": "UJWR5N32S",
                "ts": "1595348224.129400"
            },
            {
                "user": "UJWR5N32S",
                "ts": "1595348239.129900"
            },
            {
                "user": "U016JJSHGKB",
                "ts": "1595349380.130100"
            }
        ],
        "subscribed": false
    },
    {
        "type": "message",
        "text": "",
        "files": [
            {
                "id": "F017UBLKDT3",
                "created": 1595337491,
                "timestamp": 1595337491,
                "name": "info.prg",
                "title": "info.prg",
                "mimetype": "text\/plain",
                "filetype": "text",
                "pretty_type": "Plain Text",
                "user": "U016JJSHGKB",
                "editable": true,
                "size": 3007,
                "mode": "snippet",
                "is_external": false,
                "external_type": "",
                "is_public": true,
                "public_url_shared": false,
                "display_as_bot": false,
                "username": "",
                "url_private": "https:\/\/files.slack.com\/files-pri\/TJH5YU202-F017UBLKDT3\/info.prg?t=xoxe-629202954002-1307858988048-1296644259825-cbe9e6d0558bfb5b1a5a18db398692ce",
                "url_private_download": "https:\/\/files.slack.com\/files-pri\/TJH5YU202-F017UBLKDT3\/download\/info.prg?t=xoxe-629202954002-1307858988048-1296644259825-cbe9e6d0558bfb5b1a5a18db398692ce",
                "permalink": "https:\/\/harbourproject.slack.com\/files\/U016JJSHGKB\/F017UBLKDT3\/info.prg",
                "permalink_public": "https:\/\/slack-files.com\/TJH5YU202-F017UBLKDT3-0f1abfa16c",
                "edit_link": "https:\/\/harbourproject.slack.com\/files\/U016JJSHGKB\/F017UBLKDT3\/info.prg\/edit",
                "is_starred": false,
                "has_rich_preview": false
            }
        ],
        "upload": true,
        "user": "U016JJSHGKB",
        "display_as_bot": false,
        "ts": "1595337493.091900",
        "client_msg_id": "a862baea-5b67-4b61-89b2-3571f535f395"
    },
    {
        "client_msg_id": "f76e428a-9581-4c7a-930c-ec6a330ab54d",
        "type": "message",
        "text": "<@UJWR5N32S> Tengo curiosidad: para una aplicación que necesita bastante código tanto en el server como en el cliente, ¿tú usarías MVC en los dos lados?",
        "user": "UNAHBRTFA",
        "ts": "1595338560.092900",
        "team": "TJH5YU202",
        "user_team": "TJH5YU202",
        "source_team": "TJH5YU202",
        "user_profile": {
            "avatar_hash": "g3d2a3f4c28c",
            "image_72": "https:\/\/secure.gravatar.com\/avatar\/23d2a3f4c28cebb4cf07e48d02620517.jpg?s=72&d=https%3A%2F%2Fa.slack-edge.com%2Fdf10d%2Fimg%2Favatars%2Fava_0020-72.png",
            "first_name": "Andreu",
            "real_name": "Andreu Botella",
            "display_name": "Andreu Botella",
            "team": "TJH5YU202",
            "name": "andreu.132",
            "is_restricted": false,
            "is_ultra_restricted": false
        },
        "blocks": [
            {
                "type": "rich_text",
                "block_id": "JHKm",
                "elements": [
                    {
                        "type": "rich_text_section",
                        "elements": [
                            {
                                "type": "user",
                                "user_id": "UJWR5N32S"
                            },
                            {
                                "type": "text",
                                "text": " Tengo curiosidad: para una aplicación que necesita bastante código tanto en el server como en el cliente, ¿tú usarías MVC en los dos lados?"
                            }
                        ]
                    }
                ]
            }
        ]
    },
    {
        "client_msg_id": "65aef0a7-7ca3-45da-bb0e-611423262e32",
        "type": "message",
        "text": "con el modelo del cliente usando los mismos métodos que en el server, sólo que conectándose con el API",
        "user": "UNAHBRTFA",
        "ts": "1595338590.093600",
        "team": "TJH5YU202",
        "user_team": "TJH5YU202",
        "source_team": "TJH5YU202",
        "user_profile": {
            "avatar_hash": "g3d2a3f4c28c",
            "image_72": "https:\/\/secure.gravatar.com\/avatar\/23d2a3f4c28cebb4cf07e48d02620517.jpg?s=72&d=https%3A%2F%2Fa.slack-edge.com%2Fdf10d%2Fimg%2Favatars%2Fava_0020-72.png",
            "first_name": "Andreu",
            "real_name": "Andreu Botella",
            "display_name": "Andreu Botella",
            "team": "TJH5YU202",
            "name": "andreu.132",
            "is_restricted": false,
            "is_ultra_restricted": false
        },
        "blocks": [
            {
                "type": "rich_text",
                "block_id": "7fr",
                "elements": [
                    {
                        "type": "rich_text_section",
                        "elements": [
                            {
                                "type": "text",
                                "text": "con el modelo del cliente usando los mismos métodos que en el server, sólo que conectándose con el API"
                            }
                        ]
                    }
                ]
            }
        ]
    },
    {
        "client_msg_id": "5837c8a8-e391-4b5d-9665-2f4fbd1341e4",
        "type": "message",
        "text": "porque estoy pensando que ya que voy a tener que hacer una buena refactorización del proyecto en el que estoy trabajando, podría usar eso",
        "user": "UNAHBRTFA",
        "ts": "1595338667.094600",
        "team": "TJH5YU202",
        "user_team": "TJH5YU202",
        "source_team": "TJH5YU202",
        "user_profile": {
            "avatar_hash": "g3d2a3f4c28c",
            "image_72": "https:\/\/secure.gravatar.com\/avatar\/23d2a3f4c28cebb4cf07e48d02620517.jpg?s=72&d=https%3A%2F%2Fa.slack-edge.com%2Fdf10d%2Fimg%2Favatars%2Fava_0020-72.png",
            "first_name": "Andreu",
            "real_name": "Andreu Botella",
            "display_name": "Andreu Botella",
            "team": "TJH5YU202",
            "name": "andreu.132",
            "is_restricted": false,
            "is_ultra_restricted": false
        },
        "blocks": [
            {
                "type": "rich_text",
                "block_id": "QuSY",
                "elements": [
                    {
                        "type": "rich_text_section",
                        "elements": [
                            {
                                "type": "text",
                                "text": "porque estoy pensando que ya que voy a tener que hacer una buena refactorización del proyecto en el que estoy trabajando, podría usar eso"
                            }
                        ]
                    }
                ]
            }
        ]
    },
    {
        "client_msg_id": "60464553-bb6b-4cbf-a4bc-e9ec7724968c",
        "type": "message",
        "text": "Puedo Opinar ?",
        "user": "UM81W8B0Q",
        "ts": "1595338763.094800",
        "team": "TJH5YU202",
        "user_team": "TJH5YU202",
        "source_team": "TJH5YU202",
        "user_profile": {
            "avatar_hash": "gab9279ee8c0",
            "image_72": "https:\/\/secure.gravatar.com\/avatar\/73ab9279ee8c00f66ce4904d30146c8f.jpg?s=72&d=https%3A%2F%2Fa.slack-edge.com%2Fdf10d%2Fimg%2Favatars%2Fava_0010-72.png",
            "first_name": "",
            "real_name": "Angel Pais",
            "display_name": "Angel Pais",
            "team": "TJH5YU202",
            "name": "amigosam",
            "is_restricted": false,
            "is_ultra_restricted": false
        },
        "blocks": [
            {
                "type": "rich_text",
                "block_id": "dO2y",
                "elements": [
                    {
                        "type": "rich_text_section",
                        "elements": [
                            {
                                "type": "text",
                                "text": "Puedo Opinar ?"
                            }
                        ]
                    }
                ]
            }
        ]
    },
    {
        "client_msg_id": "204da756-a3ee-43c4-ad05-ee0734c2dee0",
        "type": "message",
        "text": "claro",
        "user": "UNAHBRTFA",
        "ts": "1595338797.095000",
        "team": "TJH5YU202",
        "user_team": "TJH5YU202",
        "source_team": "TJH5YU202",
        "user_profile": {
            "avatar_hash": "g3d2a3f4c28c",
            "image_72": "https:\/\/secure.gravatar.com\/avatar\/23d2a3f4c28cebb4cf07e48d02620517.jpg?s=72&d=https%3A%2F%2Fa.slack-edge.com%2Fdf10d%2Fimg%2Favatars%2Fava_0020-72.png",
            "first_name": "Andreu",
            "real_name": "Andreu Botella",
            "display_name": "Andreu Botella",
            "team": "TJH5YU202",
            "name": "andreu.132",
            "is_restricted": false,
            "is_ultra_restricted": false
        },
        "blocks": [
            {
                "type": "rich_text",
                "block_id": "RUqwT",
                "elements": [
                    {
                        "type": "rich_text_section",
                        "elements": [
                            {
                                "type": "text",
                                "text": "claro"
                            }
                        ]
                    }
                ]
            }
        ]
    },
    {
        "client_msg_id": "8c84977a-c9ac-4597-ad57-f2ed5f3404d5",
        "type": "message",
        "text": "Es que la pregunta no iba dirigda a mi ni son tan experto en MVC como Charly",
        "user": "UM81W8B0Q",
        "ts": "1595338825.095500",
        "team": "TJH5YU202",
        "user_team": "TJH5YU202",
        "source_team": "TJH5YU202",
        "user_profile": {
            "avatar_hash": "gab9279ee8c0",
            "image_72": "https:\/\/secure.gravatar.com\/avatar\/73ab9279ee8c00f66ce4904d30146c8f.jpg?s=72&d=https%3A%2F%2Fa.slack-edge.com%2Fdf10d%2Fimg%2Favatars%2Fava_0010-72.png",
            "first_name": "",
            "real_name": "Angel Pais",
            "display_name": "Angel Pais",
            "team": "TJH5YU202",
            "name": "amigosam",
            "is_restricted": false,
            "is_ultra_restricted": false
        },
        "blocks": [
            {
                "type": "rich_text",
                "block_id": "mrJoQ",
                "elements": [
                    {
                        "type": "rich_text_section",
                        "elements": [
                            {
                                "type": "text",
                                "text": "Es que la pregunta no iba dirigda a mi ni son tan experto en MVC como Charly"
                            }
                        ]
                    }
                ]
            }
        ]
    },
    {
        "client_msg_id": "2465db9b-1858-43e5-867d-921a3945310f",
        "type": "message",
        "text": "Pero en mi opinion hay 2 formas de encarar una aplicación. 1) comandada desde el server o 2) comandada desde el cliente",
        "user": "UM81W8B0Q",
        "ts": "1595338871.096300",
        "team": "TJH5YU202",
        "user_team": "TJH5YU202",
        "source_team": "TJH5YU202",
        "user_profile": {
            "avatar_hash": "gab9279ee8c0",
            "image_72": "https:\/\/secure.gravatar.com\/avatar\/73ab9279ee8c00f66ce4904d30146c8f.jpg?s=72&d=https%3A%2F%2Fa.slack-edge.com%2Fdf10d%2Fimg%2Favatars%2Fava_0010-72.png",
            "first_name": "",
            "real_name": "Angel Pais",
            "display_name": "Angel Pais",
            "team": "TJH5YU202",
            "name": "amigosam",
            "is_restricted": false,
            "is_ultra_restricted": false
        },
        "blocks": [
            {
                "type": "rich_text",
                "block_id": "9\/hex",
                "elements": [
                    {
                        "type": "rich_text_section",
                        "elements": [
                            {
                                "type": "text",
                                "text": "Pero en mi opinion hay 2 formas de encarar una aplicación. 1) comandada desde el server o 2) comandada desde el cliente"
                            }
                        ]
                    }
                ]
            }
        ]
    },
    {
        "client_msg_id": "ae0c9f80-cc6f-4be4-a6df-b651f425dc46",
        "type": "message",
        "text": "Para mi MVC sólo tiene sentido en el server",
        "user": "UM81W8B0Q",
        "ts": "1595338896.096800",
        "team": "TJH5YU202",
        "user_team": "TJH5YU202",
        "source_team": "TJH5YU202",
        "user_profile": {
            "avatar_hash": "gab9279ee8c0",
            "image_72": "https:\/\/secure.gravatar.com\/avatar\/73ab9279ee8c00f66ce4904d30146c8f.jpg?s=72&d=https%3A%2F%2Fa.slack-edge.com%2Fdf10d%2Fimg%2Favatars%2Fava_0010-72.png",
            "first_name": "",
            "real_name": "Angel Pais",
            "display_name": "Angel Pais",
            "team": "TJH5YU202",
            "name": "amigosam",
            "is_restricted": false,
            "is_ultra_restricted": false
        },
        "blocks": [
            {
                "type": "rich_text",
                "block_id": "Tlq",
                "elements": [
                    {
                        "type": "rich_text_section",
                        "elements": [
                            {
                                "type": "text",
                                "text": "Para mi MVC sólo tiene sentido en el server"
                            }
                        ]
                    }
                ]
            }
        ]
    },
    {
        "client_msg_id": "9b235519-576b-4ffb-8520-c19fc4afa815",
        "type": "message",
        "text": "Cuando uno hace una app y carga todo el peso en javascript es un mero consumo de servicios.",
        "user": "UM81W8B0Q",
        "ts": "1595338940.097600",
        "team": "TJH5YU202",
        "user_team": "TJH5YU202",
        "source_team": "TJH5YU202",
        "user_profile": {
            "avatar_hash": "gab9279ee8c0",
            "image_72": "https:\/\/secure.gravatar.com\/avatar\/73ab9279ee8c00f66ce4904d30146c8f.jpg?s=72&d=https%3A%2F%2Fa.slack-edge.com%2Fdf10d%2Fimg%2Favatars%2Fava_0010-72.png",
            "first_name": "",
            "real_name": "Angel Pais",
            "display_name": "Angel Pais",
            "team": "TJH5YU202",
            "name": "amigosam",
            "is_restricted": false,
            "is_ultra_restricted": false
        },
        "blocks": [
            {
                "type": "rich_text",
                "block_id": "jMu=",
                "elements": [
                    {
                        "type": "rich_text_section",
                        "elements": [
                            {
                                "type": "text",
                                "text": "Cuando uno hace una app y carga todo el peso en javascript es un mero consumo de servicios."
                            }
                        ]
                    }
                ]
            }
        ]
    },
    {
        "client_msg_id": "68a3fe17-3158-4736-8b73-e05ca31ba83e",
        "type": "message",
        "text": "La parte de controller es mas complicada.",
        "user": "UM81W8B0Q",
        "ts": "1595338954.098000",
        "team": "TJH5YU202",
        "user_team": "TJH5YU202",
        "source_team": "TJH5YU202",
        "user_profile": {
            "avatar_hash": "gab9279ee8c0",
            "image_72": "https:\/\/secure.gravatar.com\/avatar\/73ab9279ee8c00f66ce4904d30146c8f.jpg?s=72&d=https%3A%2F%2Fa.slack-edge.com%2Fdf10d%2Fimg%2Favatars%2Fava_0010-72.png",
            "first_name": "",
            "real_name": "Angel Pais",
            "display_name": "Angel Pais",
            "team": "TJH5YU202",
            "name": "amigosam",
            "is_restricted": false,
            "is_ultra_restricted": false
        },
        "blocks": [
            {
                "type": "rich_text",
                "block_id": "QlT1Y",
                "elements": [
                    {
                        "type": "rich_text_section",
                        "elements": [
                            {
                                "type": "text",
                                "text": "La parte de controller es mas complicada."
                            }
                        ]
                    }
                ]
            }
        ]
    },
    {
        "client_msg_id": "89bcc3cc-753f-425d-9250-68ddaf152f2a",
        "type": "message",
        "text": "Porque uno puede asumir que la propia pagina es la vista y el model es el server entero. Pero controlar la lógica es mas dificil.",
        "user": "UM81W8B0Q",
        "ts": "1595338987.098700",
        "team": "TJH5YU202",
        "user_team": "TJH5YU202",
        "source_team": "TJH5YU202",
        "user_profile": {
            "avatar_hash": "gab9279ee8c0",
            "image_72": "https:\/\/secure.gravatar.com\/avatar\/73ab9279ee8c00f66ce4904d30146c8f.jpg?s=72&d=https%3A%2F%2Fa.slack-edge.com%2Fdf10d%2Fimg%2Favatars%2Fava_0010-72.png",
            "first_name": "",
            "real_name": "Angel Pais",
            "display_name": "Angel Pais",
            "team": "TJH5YU202",
            "name": "amigosam",
            "is_restricted": false,
            "is_ultra_restricted": false
        },
        "edited": {
            "user": "UM81W8B0Q",
            "ts": "1595339077.000000"
        },
        "blocks": [
            {
                "type": "rich_text",
                "block_id": "nL15",
                "elements": [
                    {
                        "type": "rich_text_section",
                        "elements": [
                            {
                                "type": "text",
                                "text": "Porque uno puede asumir que la propia pagina es la vista y el model es el server entero. Pero controlar la lógica es mas dificil."
                            }
                        ]
                    }
                ]
            }
        ]
    },
    {
        "client_msg_id": "4f01629c-7be4-4b0b-b870-c92c46446415",
        "type": "message",
        "text": "Bueno es sólo un opinión y no muy bien estructurada jaj",
        "user": "UM81W8B0Q",
        "ts": "1595339001.099100",
        "team": "TJH5YU202",
        "user_team": "TJH5YU202",
        "source_team": "TJH5YU202",
        "user_profile": {
            "avatar_hash": "gab9279ee8c0",
            "image_72": "https:\/\/secure.gravatar.com\/avatar\/73ab9279ee8c00f66ce4904d30146c8f.jpg?s=72&d=https%3A%2F%2Fa.slack-edge.com%2Fdf10d%2Fimg%2Favatars%2Fava_0010-72.png",
            "first_name": "",
            "real_name": "Angel Pais",
            "display_name": "Angel Pais",
            "team": "TJH5YU202",
            "name": "amigosam",
            "is_restricted": false,
            "is_ultra_restricted": false
        },
        "blocks": [
            {
                "type": "rich_text",
                "block_id": "deaK",
                "elements": [
                    {
                        "type": "rich_text_section",
                        "elements": [
                            {
                                "type": "text",
                                "text": "Bueno es sólo un opinión y no muy bien estructurada jaj"
                            }
                        ]
                    }
                ]
            }
        ]
    },
    {
        "client_msg_id": "244e7ebd-bc07-471d-a249-f9f03f911481",
        "type": "message",
        "text": "Resumiendo. Para mi, el modelo MVC sólo tiene sentido desde el lado del server",
        "user": "UM81W8B0Q",
        "ts": "1595339020.099600",
        "team": "TJH5YU202",
        "user_team": "TJH5YU202",
        "source_team": "TJH5YU202",
        "user_profile": {
            "avatar_hash": "gab9279ee8c0",
            "image_72": "https:\/\/secure.gravatar.com\/avatar\/73ab9279ee8c00f66ce4904d30146c8f.jpg?s=72&d=https%3A%2F%2Fa.slack-edge.com%2Fdf10d%2Fimg%2Favatars%2Fava_0010-72.png",
            "first_name": "",
            "real_name": "Angel Pais",
            "display_name": "Angel Pais",
            "team": "TJH5YU202",
            "name": "amigosam",
            "is_restricted": false,
            "is_ultra_restricted": false
        },
        "edited": {
            "user": "UM81W8B0Q",
            "ts": "1595339039.000000"
        },
        "blocks": [
            {
                "type": "rich_text",
                "block_id": "JNE",
                "elements": [
                    {
                        "type": "rich_text_section",
                        "elements": [
                            {
                                "type": "text",
                                "text": "Resumiendo. Para mi, el modelo MVC sólo tiene sentido desde el lado del server"
                            }
                        ]
                    }
                ]
            }
        ]
    },
    {
        "client_msg_id": "faac4b95-7d16-482e-92c3-859e43ec186b",
        "type": "message",
        "text": "Ahora veamos que dice Don Aubia",
        "user": "UM81W8B0Q",
        "ts": "1595339099.101100",
        "team": "TJH5YU202",
        "user_team": "TJH5YU202",
        "source_team": "TJH5YU202",
        "user_profile": {
            "avatar_hash": "gab9279ee8c0",
            "image_72": "https:\/\/secure.gravatar.com\/avatar\/73ab9279ee8c00f66ce4904d30146c8f.jpg?s=72&d=https%3A%2F%2Fa.slack-edge.com%2Fdf10d%2Fimg%2Favatars%2Fava_0010-72.png",
            "first_name": "",
            "real_name": "Angel Pais",
            "display_name": "Angel Pais",
            "team": "TJH5YU202",
            "name": "amigosam",
            "is_restricted": false,
            "is_ultra_restricted": false
        },
        "edited": {
            "user": "UM81W8B0Q",
            "ts": "1595339106.000000"
        },
        "blocks": [
            {
                "type": "rich_text",
                "block_id": "dGUMh",
                "elements": [
                    {
                        "type": "rich_text_section",
                        "elements": [
                            {
                                "type": "text",
                                "text": "Ahora veamos que dice Don Aubia"
                            }
                        ]
                    }
                ]
            }
        ]
    },
    {
        "client_msg_id": "5053c6bc-0c03-440b-9caa-e92e94a28c67",
        "type": "message",
        "text": "la aplicación en la que estoy trabajando tiene dos partes muy distintas: la página principal, que necesita relativamente poco javascript y está comandada desde el server, y el admin, que me resultaba mucho más sencillo hacer con React",
        "user": "UNAHBRTFA",
        "ts": "1595339105.101300",
        "team": "TJH5YU202",
        "user_team": "TJH5YU202",
        "source_team": "TJH5YU202",
        "user_profile": {
            "avatar_hash": "g3d2a3f4c28c",
            "image_72": "https:\/\/secure.gravatar.com\/avatar\/23d2a3f4c28cebb4cf07e48d02620517.jpg?s=72&d=https%3A%2F%2Fa.slack-edge.com%2Fdf10d%2Fimg%2Favatars%2Fava_0020-72.png",
            "first_name": "Andreu",
            "real_name": "Andreu Botella",
            "display_name": "Andreu Botella",
            "team": "TJH5YU202",
            "name": "andreu.132",
            "is_restricted": false,
            "is_ultra_restricted": false
        },
        "blocks": [
            {
                "type": "rich_text",
                "block_id": "j8bSi",
                "elements": [
                    {
                        "type": "rich_text_section",
                        "elements": [
                            {
                                "type": "text",
                                "text": "la aplicación en la que estoy trabajando tiene dos partes muy distintas: la página principal, que necesita relativamente poco javascript y está comandada desde el server, y el admin, que me resultaba mucho más sencillo hacer con React"
                            }
                        ]
                    }
                ]
            }
        ]
    },
    {
        "client_msg_id": "61099b08-3946-4485-b875-cf3dda49dfb7",
        "type": "message",
        "text": "pero en el admin hay tal base de código que me vendría bien separar la comunicación con el server en una capa de modelo, como mínimo",
        "user": "UNAHBRTFA",
        "ts": "1595339157.102200",
        "team": "TJH5YU202",
        "user_team": "TJH5YU202",
        "source_team": "TJH5YU202",
        "user_profile": {
            "avatar_hash": "g3d2a3f4c28c",
            "image_72": "https:\/\/secure.gravatar.com\/avatar\/23d2a3f4c28cebb4cf07e48d02620517.jpg?s=72&d=https%3A%2F%2Fa.slack-edge.com%2Fdf10d%2Fimg%2Favatars%2Fava_0020-72.png",
            "first_name": "Andreu",
            "real_name": "Andreu Botella",
            "display_name": "Andreu Botella",
            "team": "TJH5YU202",
            "name": "andreu.132",
            "is_restricted": false,
            "is_ultra_restricted": false
        },
        "blocks": [
            {
                "type": "rich_text",
                "block_id": "jf4zC",
                "elements": [
                    {
                        "type": "rich_text_section",
                        "elements": [
                            {
                                "type": "text",
                                "text": "pero en el admin hay tal base de código que me vendría bien separar la comunicación con el server en una capa de modelo, como mínimo"
                            }
                        ]
                    }
                ]
            }
        ]
    },
    {
        "client_msg_id": "20d5462d-5c3f-4864-bb25-fa851e4e73aa",
        "type": "message",
        "text": "y usar una arquitectura flux\/redux para separar la vista y el controlador no vendría mal",
        "user": "UNAHBRTFA",
        "ts": "1595339187.102700",
        "team": "TJH5YU202",
        "user_team": "TJH5YU202",
        "source_team": "TJH5YU202",
        "user_profile": {
            "avatar_hash": "g3d2a3f4c28c",
            "image_72": "https:\/\/secure.gravatar.com\/avatar\/23d2a3f4c28cebb4cf07e48d02620517.jpg?s=72&d=https%3A%2F%2Fa.slack-edge.com%2Fdf10d%2Fimg%2Favatars%2Fava_0020-72.png",
            "first_name": "Andreu",
            "real_name": "Andreu Botella",
            "display_name": "Andreu Botella",
            "team": "TJH5YU202",
            "name": "andreu.132",
            "is_restricted": false,
            "is_ultra_restricted": false
        },
        "blocks": [
            {
                "type": "rich_text",
                "block_id": "OEXgr",
                "elements": [
                    {
                        "type": "rich_text_section",
                        "elements": [
                            {
                                "type": "text",
                                "text": "y usar una arquitectura flux\/redux para separar la vista y el controlador no vendría mal"
                            }
                        ]
                    }
                ]
            }
        ]
    },
    {
        "client_msg_id": "c429b2f5-8a78-4a2f-8a63-470697253d63",
        "type": "message",
        "text": "Pues si la carga en el server no es mucha, yo preferiría meter todo en el server. Todas esas cosas que nombraste aun no me terminan de convencer. Las he mirado y vuelto a revisitar varias veces pero me parecen que la han complicado demasiado. Es demasiada responsabilidad para un Web Browser je",
        "user": "UM81W8B0Q",
        "ts": "1595339351.104800",
        "team": "TJH5YU202",
        "user_team": "TJH5YU202",
        "source_team": "TJH5YU202",
        "user_profile": {
            "avatar_hash": "gab9279ee8c0",
            "image_72": "https:\/\/secure.gravatar.com\/avatar\/73ab9279ee8c00f66ce4904d30146c8f.jpg?s=72&d=https%3A%2F%2Fa.slack-edge.com%2Fdf10d%2Fimg%2Favatars%2Fava_0010-72.png",
            "first_name": "",
            "real_name": "Angel Pais",
            "display_name": "Angel Pais",
            "team": "TJH5YU202",
            "name": "amigosam",
            "is_restricted": false,
            "is_ultra_restricted": false
        },
        "blocks": [
            {
                "type": "rich_text",
                "block_id": "eZhmC",
                "elements": [
                    {
                        "type": "rich_text_section",
                        "elements": [
                            {
                                "type": "text",
                                "text": "Pues si la carga en el server no es mucha, yo preferiría meter todo en el server. Todas esas cosas que nombraste aun no me terminan de convencer. Las he mirado y vuelto a revisitar varias veces pero me parecen que la han complicado demasiado. Es demasiada responsabilidad para un Web Browser je"
                            }
                        ]
                    }
                ]
            }
        ]
    },
    {
        "client_msg_id": "9588a7fc-f8c9-40aa-a3f9-2538e4d68445",
        "type": "message",
        "text": "Pero bueno cada app tiene sus características y el más indicado para decidir que usar eres tu que sabes todas las internas del tema.",
        "user": "UM81W8B0Q",
        "ts": "1595339386.105500",
        "team": "TJH5YU202",
        "user_team": "TJH5YU202",
        "source_team": "TJH5YU202",
        "user_profile": {
            "avatar_hash": "gab9279ee8c0",
            "image_72": "https:\/\/secure.gravatar.com\/avatar\/73ab9279ee8c00f66ce4904d30146c8f.jpg?s=72&d=https%3A%2F%2Fa.slack-edge.com%2Fdf10d%2Fimg%2Favatars%2Fava_0010-72.png",
            "first_name": "",
            "real_name": "Angel Pais",
            "display_name": "Angel Pais",
            "team": "TJH5YU202",
            "name": "amigosam",
            "is_restricted": false,
            "is_ultra_restricted": false
        },
        "edited": {
            "user": "UM81W8B0Q",
            "ts": "1595339404.000000"
        },
        "blocks": [
            {
                "type": "rich_text",
                "block_id": "xIjPc",
                "elements": [
                    {
                        "type": "rich_text_section",
                        "elements": [
                            {
                                "type": "text",
                                "text": "Pero bueno cada app tiene sus características y el más indicado para decidir que usar eres tu que sabes todas las internas del tema."
                            }
                        ]
                    }
                ]
            }
        ]
    },
    {
        "client_msg_id": "bf8294ce-53d2-4245-b751-20f3ca39f98d",
        "type": "message",
        "text": "en este caso, con React, la vista no es modificar el DOM directamente, sino crear un DOM virtual, no muy distinto a como usáis los templates en harbour, y React se encarga de modificar el DOM real",
        "user": "UNAHBRTFA",
        "ts": "1595339505.107000",
        "team": "TJH5YU202",
        "user_team": "TJH5YU202",
        "source_team": "TJH5YU202",
        "user_profile": {
            "avatar_hash": "g3d2a3f4c28c",
            "image_72": "https:\/\/secure.gravatar.com\/avatar\/23d2a3f4c28cebb4cf07e48d02620517.jpg?s=72&d=https%3A%2F%2Fa.slack-edge.com%2Fdf10d%2Fimg%2Favatars%2Fava_0020-72.png",
            "first_name": "Andreu",
            "real_name": "Andreu Botella",
            "display_name": "Andreu Botella",
            "team": "TJH5YU202",
            "name": "andreu.132",
            "is_restricted": false,
            "is_ultra_restricted": false
        },
        "blocks": [
            {
                "type": "rich_text",
                "block_id": "0ez",
                "elements": [
                    {
                        "type": "rich_text_section",
                        "elements": [
                            {
                                "type": "text",
                                "text": "en este caso, con React, la vista no es modificar el DOM directamente, sino crear un DOM virtual, no muy distinto a como usáis los templates en harbour, y React se encarga de modificar el DOM real"
                            }
                        ]
                    }
                ]
            }
        ]
    },
    {
        "client_msg_id": "d480de97-9dea-4efd-a571-f14edd81ad2c",
        "type": "message",
        "text": "hasta cierto punto es aún más carga sobre el navegador, pero es mucho menos trabajo para el programador -- en mi humilde opinión como alguien a quien le gusta más el JS que harbour :sweat_smile:",
        "user": "UNAHBRTFA",
        "ts": "1595339555.107900",
        "team": "TJH5YU202",
        "user_team": "TJH5YU202",
        "source_team": "TJH5YU202",
        "user_profile": {
            "avatar_hash": "g3d2a3f4c28c",
            "image_72": "https:\/\/secure.gravatar.com\/avatar\/23d2a3f4c28cebb4cf07e48d02620517.jpg?s=72&d=https%3A%2F%2Fa.slack-edge.com%2Fdf10d%2Fimg%2Favatars%2Fava_0020-72.png",
            "first_name": "Andreu",
            "real_name": "Andreu Botella",
            "display_name": "Andreu Botella",
            "team": "TJH5YU202",
            "name": "andreu.132",
            "is_restricted": false,
            "is_ultra_restricted": false
        },
        "blocks": [
            {
                "type": "rich_text",
                "block_id": "ax3H3",
                "elements": [
                    {
                        "type": "rich_text_section",
                        "elements": [
                            {
                                "type": "text",
                                "text": "hasta cierto punto es aún más carga sobre el navegador, pero es mucho menos trabajo para el programador -- en mi humilde opinión como alguien a quien le gusta más el JS que harbour "
                            },
                            {
                                "type": "emoji",
                                "name": "sweat_smile"
                            }
                        ]
                    }
                ]
            }
        ]
    },
    {
        "client_msg_id": "a32ba4e7-8891-4113-89b7-42effeaa5590",
        "type": "message",
        "text": "Sobre gustos no hay nada escrito...",
        "user": "UM81W8B0Q",
        "ts": "1595339575.108200",
        "team": "TJH5YU202",
        "user_team": "TJH5YU202",
        "source_team": "TJH5YU202",
        "user_profile": {
            "avatar_hash": "gab9279ee8c0",
            "image_72": "https:\/\/secure.gravatar.com\/avatar\/73ab9279ee8c00f66ce4904d30146c8f.jpg?s=72&d=https%3A%2F%2Fa.slack-edge.com%2Fdf10d%2Fimg%2Favatars%2Fava_0010-72.png",
            "first_name": "",
            "real_name": "Angel Pais",
            "display_name": "Angel Pais",
            "team": "TJH5YU202",
            "name": "amigosam",
            "is_restricted": false,
            "is_ultra_restricted": false
        },
        "blocks": [
            {
                "type": "rich_text",
                "block_id": "F+P",
                "elements": [
                    {
                        "type": "rich_text_section",
                        "elements": [
                            {
                                "type": "text",
                                "text": "Sobre gustos no hay nada escrito..."
                            }
                        ]
                    }
                ]
            }
        ]
    },
    {
        "client_msg_id": "a90d1ae1-c0b4-4e9f-ad3a-390343a070ef",
        "type": "message",
        "text": ":smile:",
        "user": "UNAHBRTFA",
        "ts": "1595339595.108400",
        "team": "TJH5YU202",
        "user_team": "TJH5YU202",
        "source_team": "TJH5YU202",
        "user_profile": {
            "avatar_hash": "g3d2a3f4c28c",
            "image_72": "https:\/\/secure.gravatar.com\/avatar\/23d2a3f4c28cebb4cf07e48d02620517.jpg?s=72&d=https%3A%2F%2Fa.slack-edge.com%2Fdf10d%2Fimg%2Favatars%2Fava_0020-72.png",
            "first_name": "Andreu",
            "real_name": "Andreu Botella",
            "display_name": "Andreu Botella",
            "team": "TJH5YU202",
            "name": "andreu.132",
            "is_restricted": false,
            "is_ultra_restricted": false
        },
        "blocks": [
            {
                "type": "rich_text",
                "block_id": "QxaTp",
                "elements": [
                    {
                        "type": "rich_text_section",
                        "elements": [
                            {
                                "type": "emoji",
                                "name": "smile"
                            }
                        ]
                    }
                ]
            }
        ]
    },
    {
        "client_msg_id": "be768954-6327-4534-b7d1-0e5b9782979a",
        "type": "message",
        "text": "No sé si he llegado a decir esto hasta ahora :grinning:, pero creo que lo que dice Andreu a mí me parece que puede ser también una buena solución",
        "user": "UJUJLTWMT",
        "ts": "1595340121.109400",
        "team": "TJH5YU202",
        "user_team": "TJH5YU202",
        "source_team": "TJH5YU202",
        "user_profile": {
            "avatar_hash": "a60e3b1ef2d2",
            "image_72": "https:\/\/avatars.slack-edge.com\/2019-08-20\/726246109489_a60e3b1ef2d2c141969d_72.jpg",
            "first_name": "",
            "real_name": "Cristobal",
            "display_name": "Cristobal",
            "team": "TJH5YU202",
            "name": "navarro.cristobal",
            "is_restricted": false,
            "is_ultra_restricted": false
        },
        "blocks": [
            {
                "type": "rich_text",
                "block_id": "mOzW",
                "elements": [
                    {
                        "type": "rich_text_section",
                        "elements": [
                            {
                                "type": "text",
                                "text": "No sé si he llegado a decir esto hasta ahora "
                            },
                            {
                                "type": "emoji",
                                "name": "grinning"
                            },
                            {
                                "type": "text",
                                "text": ", pero creo que lo que dice Andreu a mí me parece que puede ser también una buena solución"
                            }
                        ]
                    }
                ]
            }
        ]
    },
    {
        "client_msg_id": "29645cd2-8e78-441a-b4f6-d9f783d23918",
        "type": "message",
        "text": "No puse en duda eso.",
        "user": "UM81W8B0Q",
        "ts": "1595340243.109600",
        "team": "TJH5YU202",
        "user_team": "TJH5YU202",
        "source_team": "TJH5YU202",
        "user_profile": {
            "avatar_hash": "gab9279ee8c0",
            "image_72": "https:\/\/secure.gravatar.com\/avatar\/73ab9279ee8c00f66ce4904d30146c8f.jpg?s=72&d=https%3A%2F%2Fa.slack-edge.com%2Fdf10d%2Fimg%2Favatars%2Fava_0010-72.png",
            "first_name": "",
            "real_name": "Angel Pais",
            "display_name": "Angel Pais",
            "team": "TJH5YU202",
            "name": "amigosam",
            "is_restricted": false,
            "is_ultra_restricted": false
        },
        "blocks": [
            {
                "type": "rich_text",
                "block_id": "Cxy=S",
                "elements": [
                    {
                        "type": "rich_text_section",
                        "elements": [
                            {
                                "type": "text",
                                "text": "No puse en duda eso."
                            }
                        ]
                    }
                ]
            }
        ]
    },
    {
        "client_msg_id": "519e3efe-ef99-4e6b-8ec3-0f14ec6fbbfc",
        "type": "message",
        "text": "Solo que no veo tan claro como separar la capas en ese entorno.",
        "user": "UM81W8B0Q",
        "ts": "1595340263.110100",
        "team": "TJH5YU202",
        "user_team": "TJH5YU202",
        "source_team": "TJH5YU202",
        "user_profile": {
            "avatar_hash": "gab9279ee8c0",
            "image_72": "https:\/\/secure.gravatar.com\/avatar\/73ab9279ee8c00f66ce4904d30146c8f.jpg?s=72&d=https%3A%2F%2Fa.slack-edge.com%2Fdf10d%2Fimg%2Favatars%2Fava_0010-72.png",
            "first_name": "",
            "real_name": "Angel Pais",
            "display_name": "Angel Pais",
            "team": "TJH5YU202",
            "name": "amigosam",
            "is_restricted": false,
            "is_ultra_restricted": false
        },
        "blocks": [
            {
                "type": "rich_text",
                "block_id": "8bRcX",
                "elements": [
                    {
                        "type": "rich_text_section",
                        "elements": [
                            {
                                "type": "text",
                                "text": "Solo que no veo tan claro como separar la capas en ese entorno."
                            }
                        ]
                    }
                ]
            }
        ]
    },
    {
        "client_msg_id": "e6a95062-703e-4264-b5dc-965a9df4228b",
        "type": "message",
        "text": "el modelo flux\/redux está basado en paso de mensajes: el controlador (los event listeners) le mandan un mensaje al modelo diciendo \"oye, cámbiame este dato\", y cuando el modelo cambia, la vista crea un nuevo DOM virtual basado en este modelo que luego React aplica al DOM real",
        "user": "UNAHBRTFA",
        "ts": "1595340430.112100",
        "team": "TJH5YU202",
        "user_team": "TJH5YU202",
        "source_team": "TJH5YU202",
        "user_profile": {
            "avatar_hash": "g3d2a3f4c28c",
            "image_72": "https:\/\/secure.gravatar.com\/avatar\/23d2a3f4c28cebb4cf07e48d02620517.jpg?s=72&d=https%3A%2F%2Fa.slack-edge.com%2Fdf10d%2Fimg%2Favatars%2Fava_0020-72.png",
            "first_name": "Andreu",
            "real_name": "Andreu Botella",
            "display_name": "Andreu Botella",
            "team": "TJH5YU202",
            "name": "andreu.132",
            "is_restricted": false,
            "is_ultra_restricted": false
        },
        "blocks": [
            {
                "type": "rich_text",
                "block_id": "Jy1lc",
                "elements": [
                    {
                        "type": "rich_text_section",
                        "elements": [
                            {
                                "type": "text",
                                "text": "el modelo flux\/redux está basado en paso de mensajes: el controlador (los event listeners) le mandan un mensaje al modelo diciendo \"oye, cámbiame este dato\", y cuando el modelo cambia, la vista crea un nuevo DOM virtual basado en este modelo que luego React aplica al DOM real"
                            }
                        ]
                    }
                ]
            }
        ]
    },
    {
        "client_msg_id": "ee7d00be-04b1-424f-b44a-d4c3f61c2bc2",
        "type": "message",
        "text": "React está muy optimizado para cambiar solo lo necesario, en vez de tener que recrear el DOM real",
        "user": "UNAHBRTFA",
        "ts": "1595340473.112500",
        "team": "TJH5YU202",
        "user_team": "TJH5YU202",
        "source_team": "TJH5YU202",
        "user_profile": {
            "avatar_hash": "g3d2a3f4c28c",
            "image_72": "https:\/\/secure.gravatar.com\/avatar\/23d2a3f4c28cebb4cf07e48d02620517.jpg?s=72&d=https%3A%2F%2Fa.slack-edge.com%2Fdf10d%2Fimg%2Favatars%2Fava_0020-72.png",
            "first_name": "Andreu",
            "real_name": "Andreu Botella",
            "display_name": "Andreu Botella",
            "team": "TJH5YU202",
            "name": "andreu.132",
            "is_restricted": false,
            "is_ultra_restricted": false
        },
        "blocks": [
            {
                "type": "rich_text",
                "block_id": "egqfv",
                "elements": [
                    {
                        "type": "rich_text_section",
                        "elements": [
                            {
                                "type": "text",
                                "text": "React está muy optimizado para cambiar solo lo necesario, en vez de tener que recrear el DOM real"
                            }
                        ]
                    }
                ]
            }
        ]
    },
    {
        "client_msg_id": "6b7e7dd4-4a40-4613-bdc1-32fc58cd08b4",
        "type": "message",
        "text": "y el DOM virtual son objetos ligeros",
        "user": "UNAHBRTFA",
        "ts": "1595340483.112700",
        "team": "TJH5YU202",
        "user_team": "TJH5YU202",
        "source_team": "TJH5YU202",
        "user_profile": {
            "avatar_hash": "g3d2a3f4c28c",
            "image_72": "https:\/\/secure.gravatar.com\/avatar\/23d2a3f4c28cebb4cf07e48d02620517.jpg?s=72&d=https%3A%2F%2Fa.slack-edge.com%2Fdf10d%2Fimg%2Favatars%2Fava_0020-72.png",
            "first_name": "Andreu",
            "real_name": "Andreu Botella",
            "display_name": "Andreu Botella",
            "team": "TJH5YU202",
            "name": "andreu.132",
            "is_restricted": false,
            "is_ultra_restricted": false
        },
        "blocks": [
            {
                "type": "rich_text",
                "block_id": "KXWtT",
                "elements": [
                    {
                        "type": "rich_text_section",
                        "elements": [
                            {
                                "type": "text",
                                "text": "y el DOM virtual son objetos ligeros"
                            }
                        ]
                    }
                ]
            }
        ]
    },
    {
        "type": "message",
        "subtype": "thread_broadcast",
        "text": "Ribo, esto es html puro y duro. Info.prg no tiene este contenido",
        "user": "UJWR5N32S",
        "ts": "1595343619.112800",
        "thread_ts": "1595337278.091800",
        "root": {
            "client_msg_id": "5f78cf69-9972-4f36-bc91-14dc88c67d8c",
            "type": "message",
            "text": "Pon el info.prg aqui",
            "user": "UJWR5N32S",
            "ts": "1595337278.091800",
            "team": "TJH5YU202",
            "blocks": [
                {
                    "type": "rich_text",
                    "block_id": "7bzQC",
                    "elements": [
                        {
                            "type": "rich_text_section",
                            "elements": [
                                {
                                    "type": "text",
                                    "text": "Pon el info.prg aqui"
                                }
                            ]
                        }
                    ]
                }
            ],
            "thread_ts": "1595337278.091800",
            "reply_count": 7,
            "reply_users_count": 2,
            "latest_reply": "1595349380.130100",
            "reply_users": [
                "UJWR5N32S",
                "U016JJSHGKB"
            ],
            "subscribed": false
        },
        "blocks": [
            {
                "type": "rich_text",
                "block_id": "ZUz8P",
                "elements": [
                    {
                        "type": "rich_text_section",
                        "elements": [
                            {
                                "type": "text",
                                "text": "Ribo, esto es html puro y duro. Info.prg no tiene este contenido"
                            }
                        ]
                    }
                ]
            }
        ],
        "client_msg_id": "8a74e434-8f1f-4700-a378-607f27eaee7c"
    },
    {
        "client_msg_id": "a28add17-630b-498e-a378-8791bcea693c",
        "type": "message",
        "text": "<@UNAHBRTFA> Es otro tipo de aquitectura. Tampoco es que la conozca mucho pero hay muchisimas maneras de trabajar la web, con sus defensores y retractores. Bajo mi punto de vista me encanta js, pero lo veo como el lenguaje ideal para manipular el dom y crear peticiones ajax. Se ha de pensar q el javascript es manipulable muy facilmente y aqui es donde entra el tema seguridad. Para mi el peso de una aplicación por el comandamiento, seguridad,...ha de ir en el backend. A mi me importa un pito q me manipulen la página, luego pasará por el tubo que sera el backend y ahi se gestionara todo lo que sea necesario, por eso opino como Angel que el MVC tiene sentido en backend. Si que uno puede enfuscar el javascript y todo lo que quieras pero yo que se solo un poco,soy capaz de manipular la mayoria de ellas....imaginate el q sabe. JS perfecto para manipulacion en la parte cliente de la pantallita y crear peticiones ajax. Toda la lógica ha de ir en el server, pero es solo mi opinion eh",
        "user": "UJWR5N32S",
        "ts": "1595344334.120000",
        "team": "TJH5YU202",
        "user_team": "TJH5YU202",
        "source_team": "TJH5YU202",
        "user_profile": {
            "avatar_hash": "273d3745f7ae",
            "image_72": "https:\/\/avatars.slack-edge.com\/2019-05-20\/634344238497_273d3745f7ae1b176b82_72.jpg",
            "first_name": "Charly",
            "real_name": "Charly",
            "display_name": "Charly",
            "team": "TJH5YU202",
            "name": "carles9000",
            "is_restricted": false,
            "is_ultra_restricted": false
        },
        "blocks": [
            {
                "type": "rich_text",
                "block_id": "bYBI",
                "elements": [
                    {
                        "type": "rich_text_section",
                        "elements": [
                            {
                                "type": "user",
                                "user_id": "UNAHBRTFA"
                            },
                            {
                                "type": "text",
                                "text": " Es otro tipo de aquitectura. Tampoco es que la conozca mucho pero hay muchisimas maneras de trabajar la web, con sus defensores y retractores. Bajo mi punto de vista me encanta js, pero lo veo como el lenguaje ideal para manipular el dom y crear peticiones ajax. Se ha de pensar q el javascript es manipulable muy facilmente y aqui es donde entra el tema seguridad. Para mi el peso de una aplicación por el comandamiento, seguridad,...ha de ir en el backend. A mi me importa un pito q me manipulen la página, luego pasará por el tubo que sera el backend y ahi se gestionara todo lo que sea necesario, por eso opino como Angel que el MVC tiene sentido en backend. Si que uno puede enfuscar el javascript y todo lo que quieras pero yo que se solo un poco,soy capaz de manipular la mayoria de ellas....imaginate el q sabe. JS perfecto para manipulacion en la parte cliente de la pantallita y crear peticiones ajax. Toda la lógica ha de ir en el server, pero es solo mi opinion eh"
                            }
                        ]
                    }
                ]
            }
        ]
    },
    {
        "client_msg_id": "06e8db53-767d-44c4-b56b-ac062fdffaec",
        "type": "message",
        "text": "no digo que no con lo de seguridad, pero se puede hacer la mayor parte de cosas en el cliente, y validar los cambios de la base de datos en el servidor",
        "user": "UNAHBRTFA",
        "ts": "1595344413.120900",
        "team": "TJH5YU202",
        "user_team": "TJH5YU202",
        "source_team": "TJH5YU202",
        "user_profile": {
            "avatar_hash": "g3d2a3f4c28c",
            "image_72": "https:\/\/secure.gravatar.com\/avatar\/23d2a3f4c28cebb4cf07e48d02620517.jpg?s=72&d=https%3A%2F%2Fa.slack-edge.com%2Fdf10d%2Fimg%2Favatars%2Fava_0020-72.png",
            "first_name": "Andreu",
            "real_name": "Andreu Botella",
            "display_name": "Andreu Botella",
            "team": "TJH5YU202",
            "name": "andreu.132",
            "is_restricted": false,
            "is_ultra_restricted": false
        },
        "blocks": [
            {
                "type": "rich_text",
                "block_id": "sS01",
                "elements": [
                    {
                        "type": "rich_text_section",
                        "elements": [
                            {
                                "type": "text",
                                "text": "no digo que no con lo de seguridad, pero se puede hacer la mayor parte de cosas en el cliente, y validar los cambios de la base de datos en el servidor"
                            }
                        ]
                    }
                ]
            }
        ]
    },
    {
        "client_msg_id": "d051c4c9-9e03-4a47-992c-33fe8b76986c",
        "type": "message",
        "text": "Si, pero entonces te lias ha poner las logicas en los 2 sitios: front y back",
        "user": "UJWR5N32S",
        "ts": "1595344451.121600",
        "team": "TJH5YU202",
        "user_team": "TJH5YU202",
        "source_team": "TJH5YU202",
        "user_profile": {
            "avatar_hash": "273d3745f7ae",
            "image_72": "https:\/\/avatars.slack-edge.com\/2019-05-20\/634344238497_273d3745f7ae1b176b82_72.jpg",
            "first_name": "Charly",
            "real_name": "Charly",
            "display_name": "Charly",
            "team": "TJH5YU202",
            "name": "carles9000",
            "is_restricted": false,
            "is_ultra_restricted": false
        },
        "blocks": [
            {
                "type": "rich_text",
                "block_id": "baK8c",
                "elements": [
                    {
                        "type": "rich_text_section",
                        "elements": [
                            {
                                "type": "text",
                                "text": "Si, pero entonces te lias ha poner las logicas en los 2 sitios: front y back"
                            }
                        ]
                    }
                ]
            }
        ]
    },
    {
        "client_msg_id": "ec8b8dd5-5f3a-41f0-aa32-3f262d7da4b1",
        "type": "message",
        "text": "Evidentemente si solo tuvieras frontend puedes hacer lo que quieras",
        "user": "UJWR5N32S",
        "ts": "1595344482.122300",
        "team": "TJH5YU202",
        "user_team": "TJH5YU202",
        "source_team": "TJH5YU202",
        "user_profile": {
            "avatar_hash": "273d3745f7ae",
            "image_72": "https:\/\/avatars.slack-edge.com\/2019-05-20\/634344238497_273d3745f7ae1b176b82_72.jpg",
            "first_name": "Charly",
            "real_name": "Charly",
            "display_name": "Charly",
            "team": "TJH5YU202",
            "name": "carles9000",
            "is_restricted": false,
            "is_ultra_restricted": false
        },
        "blocks": [
            {
                "type": "rich_text",
                "block_id": "1puUO",
                "elements": [
                    {
                        "type": "rich_text_section",
                        "elements": [
                            {
                                "type": "text",
                                "text": "Evidentemente si solo tuvieras frontend puedes hacer lo que quieras"
                            }
                        ]
                    }
                ]
            }
        ]
    },
    {
        "client_msg_id": "befab4bb-ceed-48dd-af90-dfd6d431efcd",
        "type": "message",
        "text": "pero el precio a pagar con la seguridad es muy alto",
        "user": "UJWR5N32S",
        "ts": "1595344492.122600",
        "team": "TJH5YU202",
        "user_team": "TJH5YU202",
        "source_team": "TJH5YU202",
        "user_profile": {
            "avatar_hash": "273d3745f7ae",
            "image_72": "https:\/\/avatars.slack-edge.com\/2019-05-20\/634344238497_273d3745f7ae1b176b82_72.jpg",
            "first_name": "Charly",
            "real_name": "Charly",
            "display_name": "Charly",
            "team": "TJH5YU202",
            "name": "carles9000",
            "is_restricted": false,
            "is_ultra_restricted": false
        },
        "blocks": [
            {
                "type": "rich_text",
                "block_id": "h=+F",
                "elements": [
                    {
                        "type": "rich_text_section",
                        "elements": [
                            {
                                "type": "text",
                                "text": "pero el precio a pagar con la seguridad es muy alto"
                            }
                        ]
                    }
                ]
            }
        ]
    },
    {
        "client_msg_id": "5750340c-0e8d-45eb-a8ae-5e9ab103326f",
        "type": "message",
        "text": "Parte de la lógica sí que habría que ponerla en los dos sitios, pero donde es más importante es en el backend",
        "user": "UNAHBRTFA",
        "ts": "1595344520.123100",
        "team": "TJH5YU202",
        "user_team": "TJH5YU202",
        "source_team": "TJH5YU202",
        "user_profile": {
            "avatar_hash": "g3d2a3f4c28c",
            "image_72": "https:\/\/secure.gravatar.com\/avatar\/23d2a3f4c28cebb4cf07e48d02620517.jpg?s=72&d=https%3A%2F%2Fa.slack-edge.com%2Fdf10d%2Fimg%2Favatars%2Fava_0020-72.png",
            "first_name": "Andreu",
            "real_name": "Andreu Botella",
            "display_name": "Andreu Botella",
            "team": "TJH5YU202",
            "name": "andreu.132",
            "is_restricted": false,
            "is_ultra_restricted": false
        },
        "blocks": [
            {
                "type": "rich_text",
                "block_id": "EvboT",
                "elements": [
                    {
                        "type": "rich_text_section",
                        "elements": [
                            {
                                "type": "text",
                                "text": "Parte de la lógica sí que habría que ponerla en los dos sitios, pero donde es más importante es en el backend"
                            }
                        ]
                    }
                ]
            }
        ]
    },
    {
        "client_msg_id": "513ee072-8b6d-4d51-ac84-d6cc3581b1af",
        "type": "message",
        "text": "si no hay tanta lógica relacionada con la seguridad en el front-end, tampoco pasa demasiado",
        "user": "UNAHBRTFA",
        "ts": "1595344538.123600",
        "team": "TJH5YU202",
        "user_team": "TJH5YU202",
        "source_team": "TJH5YU202",
        "user_profile": {
            "avatar_hash": "g3d2a3f4c28c",
            "image_72": "https:\/\/secure.gravatar.com\/avatar\/23d2a3f4c28cebb4cf07e48d02620517.jpg?s=72&d=https%3A%2F%2Fa.slack-edge.com%2Fdf10d%2Fimg%2Favatars%2Fava_0020-72.png",
            "first_name": "Andreu",
            "real_name": "Andreu Botella",
            "display_name": "Andreu Botella",
            "team": "TJH5YU202",
            "name": "andreu.132",
            "is_restricted": false,
            "is_ultra_restricted": false
        },
        "blocks": [
            {
                "type": "rich_text",
                "block_id": "44RYm",
                "elements": [
                    {
                        "type": "rich_text_section",
                        "elements": [
                            {
                                "type": "text",
                                "text": "si no hay tanta lógica relacionada con la seguridad en el front-end, tampoco pasa demasiado"
                            }
                        ]
                    }
                ]
            }
        ]
    },
    {
        "client_msg_id": "6fae764f-9e51-4ff4-9cb6-ad37fccc1946",
        "type": "message",
        "text": "Yo entiendo q el frontend es para gestionar los controles y poca cosa mas (a parte de peticiones)",
        "user": "UJWR5N32S",
        "ts": "1595344566.124600",
        "team": "TJH5YU202",
        "user_team": "TJH5YU202",
        "source_team": "TJH5YU202",
        "user_profile": {
            "avatar_hash": "273d3745f7ae",
            "image_72": "https:\/\/avatars.slack-edge.com\/2019-05-20\/634344238497_273d3745f7ae1b176b82_72.jpg",
            "first_name": "Charly",
            "real_name": "Charly",
            "display_name": "Charly",
            "team": "TJH5YU202",
            "name": "carles9000",
            "is_restricted": false,
            "is_ultra_restricted": false
        },
        "blocks": [
            {
                "type": "rich_text",
                "block_id": "KGDx",
                "elements": [
                    {
                        "type": "rich_text_section",
                        "elements": [
                            {
                                "type": "text",
                                "text": "Yo entiendo q el frontend es para gestionar los controles y poca cosa mas (a parte de peticiones)"
                            }
                        ]
                    }
                ]
            }
        ]
    },
    {
        "client_msg_id": "46d43295-aaaf-44fb-9720-b66351bc7c42",
        "type": "message",
        "text": "en cualquier caso, a estas alturas no me estoy planteando coger todo el código del frontend y reescribirlo para el backend",
        "user": "UNAHBRTFA",
        "ts": "1595344641.125400",
        "team": "TJH5YU202",
        "user_team": "TJH5YU202",
        "source_team": "TJH5YU202",
        "user_profile": {
            "avatar_hash": "g3d2a3f4c28c",
            "image_72": "https:\/\/secure.gravatar.com\/avatar\/23d2a3f4c28cebb4cf07e48d02620517.jpg?s=72&d=https%3A%2F%2Fa.slack-edge.com%2Fdf10d%2Fimg%2Favatars%2Fava_0020-72.png",
            "first_name": "Andreu",
            "real_name": "Andreu Botella",
            "display_name": "Andreu Botella",
            "team": "TJH5YU202",
            "name": "andreu.132",
            "is_restricted": false,
            "is_ultra_restricted": false
        },
        "blocks": [
            {
                "type": "rich_text",
                "block_id": "Ui9r",
                "elements": [
                    {
                        "type": "rich_text_section",
                        "elements": [
                            {
                                "type": "text",
                                "text": "en cualquier caso, a estas alturas no me estoy planteando coger todo el código del frontend y reescribirlo para el backend"
                            }
                        ]
                    }
                ]
            }
        ]
    },
    {
        "client_msg_id": "bbb110a0-3e49-46c3-8d34-8ce81b529639",
        "type": "message",
        "text": "Esta claro",
        "user": "UJWR5N32S",
        "ts": "1595344650.125900",
        "team": "TJH5YU202",
        "user_team": "TJH5YU202",
        "source_team": "TJH5YU202",
        "user_profile": {
            "avatar_hash": "273d3745f7ae",
            "image_72": "https:\/\/avatars.slack-edge.com\/2019-05-20\/634344238497_273d3745f7ae1b176b82_72.jpg",
            "first_name": "Charly",
            "real_name": "Charly",
            "display_name": "Charly",
            "team": "TJH5YU202",
            "name": "carles9000",
            "is_restricted": false,
            "is_ultra_restricted": false
        },
        "blocks": [
            {
                "type": "rich_text",
                "block_id": "l4tP",
                "elements": [
                    {
                        "type": "rich_text_section",
                        "elements": [
                            {
                                "type": "text",
                                "text": "Esta claro"
                            }
                        ]
                    }
                ]
            }
        ]
    },
    {
        "client_msg_id": "adabe76e-4630-4ada-a7a1-0735cfc74951",
        "type": "message",
        "text": "pero separar el modelo del resto del frontend es más sencillo, al menos de la forma en la que estaba haciendo el código",
        "user": "UNAHBRTFA",
        "ts": "1595344656.126100",
        "team": "TJH5YU202",
        "user_team": "TJH5YU202",
        "source_team": "TJH5YU202",
        "user_profile": {
            "avatar_hash": "g3d2a3f4c28c",
            "image_72": "https:\/\/secure.gravatar.com\/avatar\/23d2a3f4c28cebb4cf07e48d02620517.jpg?s=72&d=https%3A%2F%2Fa.slack-edge.com%2Fdf10d%2Fimg%2Favatars%2Fava_0020-72.png",
            "first_name": "Andreu",
            "real_name": "Andreu Botella",
            "display_name": "Andreu Botella",
            "team": "TJH5YU202",
            "name": "andreu.132",
            "is_restricted": false,
            "is_ultra_restricted": false
        },
        "edited": {
            "user": "UNAHBRTFA",
            "ts": "1595344725.000000"
        },
        "blocks": [
            {
                "type": "rich_text",
                "block_id": "Ed0xr",
                "elements": [
                    {
                        "type": "rich_text_section",
                        "elements": [
                            {
                                "type": "text",
                                "text": "pero separar el modelo del resto del frontend es más sencillo, al menos de la forma en la que estaba haciendo el código"
                            }
                        ]
                    }
                ]
            }
        ]
    },
    {
        "client_msg_id": "af5e0245-e67c-432a-81fb-7a69e29d16d3",
        "type": "message",
        "text": "y en el futuro miraré a ver si se puede separar la vista del controlador",
        "user": "UNAHBRTFA",
        "ts": "1595344700.126700",
        "team": "TJH5YU202",
        "user_team": "TJH5YU202",
        "source_team": "TJH5YU202",
        "user_profile": {
            "avatar_hash": "g3d2a3f4c28c",
            "image_72": "https:\/\/secure.gravatar.com\/avatar\/23d2a3f4c28cebb4cf07e48d02620517.jpg?s=72&d=https%3A%2F%2Fa.slack-edge.com%2Fdf10d%2Fimg%2Favatars%2Fava_0020-72.png",
            "first_name": "Andreu",
            "real_name": "Andreu Botella",
            "display_name": "Andreu Botella",
            "team": "TJH5YU202",
            "name": "andreu.132",
            "is_restricted": false,
            "is_ultra_restricted": false
        },
        "blocks": [
            {
                "type": "rich_text",
                "block_id": "a+O",
                "elements": [
                    {
                        "type": "rich_text_section",
                        "elements": [
                            {
                                "type": "text",
                                "text": "y en el futuro miraré a ver si se puede separar la vista del controlador"
                            }
                        ]
                    }
                ]
            }
        ]
    },
    {
        "client_msg_id": "e06c54b9-c05e-4794-be1d-1dea999ab382",
        "type": "message",
        "text": "Cuando lo tengas, nos lo enseñas para poder valorar... siempre es interesante",
        "user": "UJWR5N32S",
        "ts": "1595344761.127400",
        "team": "TJH5YU202",
        "user_team": "TJH5YU202",
        "source_team": "TJH5YU202",
        "user_profile": {
            "avatar_hash": "273d3745f7ae",
            "image_72": "https:\/\/avatars.slack-edge.com\/2019-05-20\/634344238497_273d3745f7ae1b176b82_72.jpg",
            "first_name": "Charly",
            "real_name": "Charly",
            "display_name": "Charly",
            "team": "TJH5YU202",
            "name": "carles9000",
            "is_restricted": false,
            "is_ultra_restricted": false
        },
        "blocks": [
            {
                "type": "rich_text",
                "block_id": "svIyE",
                "elements": [
                    {
                        "type": "rich_text_section",
                        "elements": [
                            {
                                "type": "text",
                                "text": "Cuando lo tengas, nos lo enseñas para poder valorar... siempre es interesante"
                            }
                        ]
                    }
                ]
            }
        ]
    },
    {
        "client_msg_id": "c1014592-3ec6-496a-9ff2-5e6433166592",
        "type": "message",
        "text": "vale",
        "user": "UNAHBRTFA",
        "ts": "1595344810.127600",
        "team": "TJH5YU202",
        "user_team": "TJH5YU202",
        "source_team": "TJH5YU202",
        "user_profile": {
            "avatar_hash": "g3d2a3f4c28c",
            "image_72": "https:\/\/secure.gravatar.com\/avatar\/23d2a3f4c28cebb4cf07e48d02620517.jpg?s=72&d=https%3A%2F%2Fa.slack-edge.com%2Fdf10d%2Fimg%2Favatars%2Fava_0020-72.png",
            "first_name": "Andreu",
            "real_name": "Andreu Botella",
            "display_name": "Andreu Botella",
            "team": "TJH5YU202",
            "name": "andreu.132",
            "is_restricted": false,
            "is_ultra_restricted": false
        },
        "blocks": [
            {
                "type": "rich_text",
                "block_id": "oHc",
                "elements": [
                    {
                        "type": "rich_text_section",
                        "elements": [
                            {
                                "type": "text",
                                "text": "vale"
                            }
                        ]
                    }
                ]
            }
        ]
    },
    {
        "client_msg_id": "857a2efb-96fd-4812-8c53-5f70d91ec66c",
        "type": "message",
        "text": "He ahí el dilema, que puede estar pasando, pues tanto el prg como html y en distintos navegadores ocurre.",
        "user": "U016JJSHGKB",
        "ts": "1595345276.127700",
        "team": "TJH5YU202",
        "user_team": "TJH5YU202",
        "source_team": "TJH5YU202",
        "user_profile": {
            "avatar_hash": "g82054a3b3a7",
            "image_72": "https:\/\/secure.gravatar.com\/avatar\/82054a3b3a7d69e08f7077c46bcd79c3.jpg?s=72&d=https%3A%2F%2Fa.slack-edge.com%2Fdf10d%2Fimg%2Favatars%2Fava_0009-72.png",
            "first_name": "",
            "real_name": "Ribo Salamanca",
            "display_name": "Ribo Salamanca",
            "team": "TJH5YU202",
            "name": "ribosama",
            "is_restricted": false,
            "is_ultra_restricted": false
        },
        "blocks": [
            {
                "type": "rich_text",
                "block_id": "PQqRc",
                "elements": [
                    {
                        "type": "rich_text_section",
                        "elements": [
                            {
                                "type": "text",
                                "text": "He ahí el dilema, que puede estar pasando, pues tanto el prg como html y en distintos navegadores ocurre."
                            }
                        ]
                    }
                ]
            }
        ],
        "thread_ts": "1595337278.091800",
        "parent_user_id": "UJWR5N32S"
    },
    {
        "client_msg_id": "d66824e9-d24a-484c-93a6-e4690d41895f",
        "type": "message",
        "text": "Ribo, pero tu has de ejecutar el info.prg con su contenido que toca, no el html. Copia el samples\/info.prg en tu carpeta y ejecutalo",
        "user": "UJWR5N32S",
        "ts": "1595345388.128000",
        "team": "TJH5YU202",
        "user_team": "TJH5YU202",
        "source_team": "TJH5YU202",
        "user_profile": {
            "avatar_hash": "273d3745f7ae",
            "image_72": "https:\/\/avatars.slack-edge.com\/2019-05-20\/634344238497_273d3745f7ae1b176b82_72.jpg",
            "first_name": "Charly",
            "real_name": "Charly",
            "display_name": "Charly",
            "team": "TJH5YU202",
            "name": "carles9000",
            "is_restricted": false,
            "is_ultra_restricted": false
        },
        "blocks": [
            {
                "type": "rich_text",
                "block_id": "\/NJh",
                "elements": [
                    {
                        "type": "rich_text_section",
                        "elements": [
                            {
                                "type": "text",
                                "text": "Ribo, pero tu has de ejecutar el info.prg con su contenido que toca, no el html. Copia el samples\/info.prg en tu carpeta y ejecutalo"
                            }
                        ]
                    }
                ]
            }
        ],
        "thread_ts": "1595337278.091800",
        "parent_user_id": "UJWR5N32S"
    },
    {
        "type": "message",
        "text": "Charly, disculpa mi inexperiencia pero exactamente esto es lo que hago, ejecuto el info.prg en mi carpeta.",
        "files": [
            {
                "id": "F0171EQR1UP",
                "created": 1595347716,
                "timestamp": 1595347716,
                "name": "image.png",
                "title": "image.png",
                "mimetype": "image\/png",
                "filetype": "png",
                "pretty_type": "PNG",
                "user": "U016JJSHGKB",
                "editable": false,
                "size": 20553,
                "mode": "hosted",
                "is_external": false,
                "external_type": "",
                "is_public": true,
                "public_url_shared": false,
                "display_as_bot": false,
                "username": "",
                "url_private": "https:\/\/files.slack.com\/files-pri\/TJH5YU202-F0171EQR1UP\/image.png?t=xoxe-629202954002-1307858988048-1296644259825-cbe9e6d0558bfb5b1a5a18db398692ce",
                "url_private_download": "https:\/\/files.slack.com\/files-pri\/TJH5YU202-F0171EQR1UP\/download\/image.png?t=xoxe-629202954002-1307858988048-1296644259825-cbe9e6d0558bfb5b1a5a18db398692ce",
                "thumb_64": "https:\/\/files.slack.com\/files-tmb\/TJH5YU202-F0171EQR1UP-d5688fce8b\/image_64.png?t=xoxe-629202954002-1307858988048-1296644259825-cbe9e6d0558bfb5b1a5a18db398692ce",
                "thumb_80": "https:\/\/files.slack.com\/files-tmb\/TJH5YU202-F0171EQR1UP-d5688fce8b\/image_80.png?t=xoxe-629202954002-1307858988048-1296644259825-cbe9e6d0558bfb5b1a5a18db398692ce",
                "thumb_360": "https:\/\/files.slack.com\/files-tmb\/TJH5YU202-F0171EQR1UP-d5688fce8b\/image_360.png?t=xoxe-629202954002-1307858988048-1296644259825-cbe9e6d0558bfb5b1a5a18db398692ce",
                "thumb_360_w": 360,
                "thumb_360_h": 216,
                "thumb_480": "https:\/\/files.slack.com\/files-tmb\/TJH5YU202-F0171EQR1UP-d5688fce8b\/image_480.png?t=xoxe-629202954002-1307858988048-1296644259825-cbe9e6d0558bfb5b1a5a18db398692ce",
                "thumb_480_w": 480,
                "thumb_480_h": 287,
                "thumb_160": "https:\/\/files.slack.com\/files-tmb\/TJH5YU202-F0171EQR1UP-d5688fce8b\/image_160.png?t=xoxe-629202954002-1307858988048-1296644259825-cbe9e6d0558bfb5b1a5a18db398692ce",
                "original_w": 516,
                "original_h": 309,
                "thumb_tiny": "AwAcADC+sinjJ\/EGjzF9T+Rp24EfKwpckjgjNABjPc0Y+lJ82eox9KPm9R+VAC4HoKMD0FAzjmloAhj+6BUjcDikBJ70EnnmgAyfenDvmm5ODzRk460APopmT60oJ45oA\/\/Z",
                "permalink": "https:\/\/harbourproject.slack.com\/files\/U016JJSHGKB\/F0171EQR1UP\/image.png",
                "permalink_public": "https:\/\/slack-files.com\/TJH5YU202-F0171EQR1UP-f55b24fe8e",
                "is_starred": false,
                "has_rich_preview": false
            },
            {
                "id": "F017GDA6411",
                "created": 1595347783,
                "timestamp": 1595347783,
                "name": "image.png",
                "title": "image.png",
                "mimetype": "image\/png",
                "filetype": "png",
                "pretty_type": "PNG",
                "user": "U016JJSHGKB",
                "editable": false,
                "size": 10296,
                "mode": "hosted",
                "is_external": false,
                "external_type": "",
                "is_public": true,
                "public_url_shared": false,
                "display_as_bot": false,
                "username": "",
                "url_private": "https:\/\/files.slack.com\/files-pri\/TJH5YU202-F017GDA6411\/image.png?t=xoxe-629202954002-1307858988048-1296644259825-cbe9e6d0558bfb5b1a5a18db398692ce",
                "url_private_download": "https:\/\/files.slack.com\/files-pri\/TJH5YU202-F017GDA6411\/download\/image.png?t=xoxe-629202954002-1307858988048-1296644259825-cbe9e6d0558bfb5b1a5a18db398692ce",
                "thumb_64": "https:\/\/files.slack.com\/files-tmb\/TJH5YU202-F017GDA6411-055caf376a\/image_64.png?t=xoxe-629202954002-1307858988048-1296644259825-cbe9e6d0558bfb5b1a5a18db398692ce",
                "thumb_80": "https:\/\/files.slack.com\/files-tmb\/TJH5YU202-F017GDA6411-055caf376a\/image_80.png?t=xoxe-629202954002-1307858988048-1296644259825-cbe9e6d0558bfb5b1a5a18db398692ce",
                "thumb_360": "https:\/\/files.slack.com\/files-tmb\/TJH5YU202-F017GDA6411-055caf376a\/image_360.png?t=xoxe-629202954002-1307858988048-1296644259825-cbe9e6d0558bfb5b1a5a18db398692ce",
                "thumb_360_w": 350,
                "thumb_360_h": 165,
                "thumb_160": "https:\/\/files.slack.com\/files-tmb\/TJH5YU202-F017GDA6411-055caf376a\/image_160.png?t=xoxe-629202954002-1307858988048-1296644259825-cbe9e6d0558bfb5b1a5a18db398692ce",
                "original_w": 350,
                "original_h": 165,
                "thumb_tiny": "AwAWADC+MZzuGPrTiRj7w\/OoyeTz+v8A9alzjB4x35oAfkY+8PzpCefvj9KTfkj7tJvPoKAHgH1z+FLg00OeOBk05TkUAHzZ6jFLRRQAUUUUAFFFFAH\/2Q==",
                "permalink": "https:\/\/harbourproject.slack.com\/files\/U016JJSHGKB\/F017GDA6411\/image.png",
                "permalink_public": "https:\/\/slack-files.com\/TJH5YU202-F017GDA6411-f978820dcf",
                "is_starred": false,
                "has_rich_preview": false
            }
        ],
        "upload": false,
        "blocks": [
            {
                "type": "rich_text",
                "block_id": "pXOY",
                "elements": [
                    {
                        "type": "rich_text_section",
                        "elements": [
                            {
                                "type": "text",
                                "text": "Charly, disculpa mi inexperiencia pero exactamente esto es lo que hago, ejecuto el info.prg en mi carpeta."
                            }
                        ]
                    }
                ]
            }
        ],
        "user": "U016JJSHGKB",
        "ts": "1595347868.128300",
        "thread_ts": "1595337278.091800",
        "parent_user_id": "UJWR5N32S"
    },
    {
        "type": "message",
        "text": "",
        "files": [
            {
                "id": "F017G7T956W",
                "created": 1595348223,
                "timestamp": 1595348223,
                "name": "info.prg",
                "title": "info.prg",
                "mimetype": "text\/plain",
                "filetype": "text",
                "pretty_type": "Plain Text",
                "user": "UJWR5N32S",
                "editable": true,
                "size": 2843,
                "mode": "snippet",
                "is_external": false,
                "external_type": "",
                "is_public": true,
                "public_url_shared": false,
                "display_as_bot": false,
                "username": "",
                "url_private": "https:\/\/files.slack.com\/files-pri\/TJH5YU202-F017G7T956W\/info.prg?t=xoxe-629202954002-1307858988048-1296644259825-cbe9e6d0558bfb5b1a5a18db398692ce",
                "url_private_download": "https:\/\/files.slack.com\/files-pri\/TJH5YU202-F017G7T956W\/download\/info.prg?t=xoxe-629202954002-1307858988048-1296644259825-cbe9e6d0558bfb5b1a5a18db398692ce",
                "permalink": "https:\/\/harbourproject.slack.com\/files\/UJWR5N32S\/F017G7T956W\/info.prg",
                "permalink_public": "https:\/\/slack-files.com\/TJH5YU202-F017G7T956W-f6f1832dc9",
                "edit_link": "https:\/\/harbourproject.slack.com\/files\/UJWR5N32S\/F017G7T956W\/info.prg\/edit",
                "is_starred": false,
                "has_rich_preview": false
            }
        ],
        "upload": false,
        "user": "UJWR5N32S",
        "display_as_bot": false,
        "ts": "1595348224.129400",
        "thread_ts": "1595337278.091800",
        "parent_user_id": "UJWR5N32S"
    },
    {
        "client_msg_id": "db0fd7ae-ad0b-4e4d-937a-b8ad6e937d5e",
        "type": "message",
        "text": "Bajate este fichero y ejecutalo",
        "user": "UJWR5N32S",
        "ts": "1595348239.129900",
        "team": "TJH5YU202",
        "user_team": "TJH5YU202",
        "source_team": "TJH5YU202",
        "user_profile": {
            "avatar_hash": "273d3745f7ae",
            "image_72": "https:\/\/avatars.slack-edge.com\/2019-05-20\/634344238497_273d3745f7ae1b176b82_72.jpg",
            "first_name": "Charly",
            "real_name": "Charly",
            "display_name": "Charly",
            "team": "TJH5YU202",
            "name": "carles9000",
            "is_restricted": false,
            "is_ultra_restricted": false
        },
        "blocks": [
            {
                "type": "rich_text",
                "block_id": "mnv",
                "elements": [
                    {
                        "type": "rich_text_section",
                        "elements": [
                            {
                                "type": "text",
                                "text": "Bajate este fichero y ejecutalo"
                            }
                        ]
                    }
                ]
            }
        ],
        "thread_ts": "1595337278.091800",
        "parent_user_id": "UJWR5N32S"
    },
    {
        "client_msg_id": "88d210d4-2bce-4f49-ab6e-7388073fb421",
        "type": "message",
        "text": "Perfecto Charly corre bién no se en que momento se contaminó si en ejercicio previo me corria.",
        "user": "U016JJSHGKB",
        "ts": "1595349380.130100",
        "team": "TJH5YU202",
        "user_team": "TJH5YU202",
        "source_team": "TJH5YU202",
        "user_profile": {
            "avatar_hash": "g82054a3b3a7",
            "image_72": "https:\/\/secure.gravatar.com\/avatar\/82054a3b3a7d69e08f7077c46bcd79c3.jpg?s=72&d=https%3A%2F%2Fa.slack-edge.com%2Fdf10d%2Fimg%2Favatars%2Fava_0009-72.png",
            "first_name": "",
            "real_name": "Ribo Salamanca",
            "display_name": "Ribo Salamanca",
            "team": "TJH5YU202",
            "name": "ribosama",
            "is_restricted": false,
            "is_ultra_restricted": false
        },
        "blocks": [
            {
                "type": "rich_text",
                "block_id": "t4lJG",
                "elements": [
                    {
                        "type": "rich_text_section",
                        "elements": [
                            {
                                "type": "text",
                                "text": "Perfecto Charly corre bién no se en que momento se contaminó si en ejercicio previo me corria."
                            }
                        ]
                    }
                ]
            }
        ],
        "thread_ts": "1595337278.091800",
        "parent_user_id": "UJWR5N32S"
    },
    {
        "client_msg_id": "d2223319-09a3-4521-b564-d9109592489d",
        "type": "message",
        "text": "Charly, veo en el canal de modharbour que has cambiado el sistema de gestión de errores en Mercury. ¿Podemos probarlo? ¿Está actualizado el Git? La verdad que a veces encontrar un error es una tarea titánica y ésto puede ayudar mucho.",
        "user": "UJU6EJHU4",
        "ts": "1595360291.131600",
        "team": "TJH5YU202",
        "user_team": "TJH5YU202",
        "source_team": "TJH5YU202",
        "user_profile": {
            "avatar_hash": "ge91f7ce2dab",
            "image_72": "https:\/\/secure.gravatar.com\/avatar\/86e91f7ce2dab87299ca03646dcf2603.jpg?s=72&d=https%3A%2F%2Fa.slack-edge.com%2Fdf10d%2Fimg%2Favatars%2Fava_0019-72.png",
            "first_name": "Angel",
            "real_name": "Angel Reigosa",
            "display_name": "Anxo",
            "team": "TJH5YU202",
            "name": "areigosa",
            "is_restricted": false,
            "is_ultra_restricted": false
        },
        "blocks": [
            {
                "type": "rich_text",
                "block_id": "6HM",
                "elements": [
                    {
                        "type": "rich_text_section",
                        "elements": [
                            {
                                "type": "text",
                                "text": "Charly, veo en el canal de modharbour que has cambiado el sistema de gestión de errores en Mercury. ¿Podemos probarlo? ¿Está actualizado el Git? La verdad que a veces encontrar un error es una tarea titánica y ésto puede ayudar mucho."
                            }
                        ]
                    }
                ]
            }
        ]
    },
    {
        "client_msg_id": "c53460c6-01ff-430e-a239-c7260a92cc8b",
        "type": "message",
        "text": "Si. Esta en el repo",
        "user": "UJWR5N32S",
        "ts": "1595361037.132200",
        "team": "TJH5YU202",
        "user_team": "TJH5YU202",
        "source_team": "TJH5YU202",
        "user_profile": {
            "avatar_hash": "273d3745f7ae",
            "image_72": "https:\/\/avatars.slack-edge.com\/2019-05-20\/634344238497_273d3745f7ae1b176b82_72.jpg",
            "first_name": "Charly",
            "real_name": "Charly",
            "display_name": "Charly",
            "team": "TJH5YU202",
            "name": "carles9000",
            "is_restricted": false,
            "is_ultra_restricted": false
        },
        "blocks": [
            {
                "type": "rich_text",
                "block_id": "jHk",
                "elements": [
                    {
                        "type": "rich_text_section",
                        "elements": [
                            {
                                "type": "text",
                                "text": "Si. Esta en el repo"
                            }
                        ]
                    }
                ]
            }
        ]
    },
    {
        "client_msg_id": "ad4af0e0-281d-4d43-b0cc-3e45cfe46540",
        "type": "message",
        "text": "Pruebalo y me cuentas",
        "user": "UJWR5N32S",
        "ts": "1595361050.132600",
        "team": "TJH5YU202",
        "user_team": "TJH5YU202",
        "source_team": "TJH5YU202",
        "user_profile": {
            "avatar_hash": "273d3745f7ae",
            "image_72": "https:\/\/avatars.slack-edge.com\/2019-05-20\/634344238497_273d3745f7ae1b176b82_72.jpg",
            "first_name": "Charly",
            "real_name": "Charly",
            "display_name": "Charly",
            "team": "TJH5YU202",
            "name": "carles9000",
            "is_restricted": false,
            "is_ultra_restricted": false
        },
        "blocks": [
            {
                "type": "rich_text",
                "block_id": "tO3H",
                "elements": [
                    {
                        "type": "rich_text_section",
                        "elements": [
                            {
                                "type": "text",
                                "text": "Pruebalo y me cuentas"
                            }
                        ]
                    }
                ]
            }
        ]
    }
]