[
    {
        "client_msg_id": "d394d971-abf4-4cdf-9fbd-936472a844a8",
        "type": "message",
        "text": "Buenas:  Estoy intentando conectarme al curso desde skype. Buscoel titulo del curso, pero no me aparece nada. ¿Hay algún problema?",
        "user": "UJU6EJHU4",
        "ts": "1593616763.017900",
        "team": "TJH5YU202",
        "user_team": "TJH5YU202",
        "source_team": "TJH5YU202",
        "user_profile": {
            "avatar_hash": "ge91f7ce2dab",
            "image_72": "https:\/\/secure.gravatar.com\/avatar\/86e91f7ce2dab87299ca03646dcf2603.jpg?s=72&d=https%3A%2F%2Fa.slack-edge.com%2Fdf10d%2Fimg%2Favatars%2Fava_0019-72.png",
            "first_name": "Angel",
            "real_name": "Angel Reigosa",
            "display_name": "Anxo",
            "team": "TJH5YU202",
            "name": "areigosa",
            "is_restricted": false,
            "is_ultra_restricted": false
        },
        "blocks": [
            {
                "type": "rich_text",
                "block_id": "MUbUZ",
                "elements": [
                    {
                        "type": "rich_text_section",
                        "elements": [
                            {
                                "type": "text",
                                "text": "Buenas:  Estoy intentando conectarme al curso desde skype. Buscoel titulo del curso, pero no me aparece nada. ¿Hay algún problema?"
                            }
                        ]
                    }
                ]
            }
        ]
    },
    {
        "client_msg_id": "bf5f22c8-685a-4cd0-b3cd-dafb73bbdb19",
        "type": "message",
        "text": "estás inscrito al curso ?",
        "user": "UJULQCHL5",
        "ts": "1593618923.018400",
        "team": "TJH5YU202",
        "user_team": "TJH5YU202",
        "source_team": "TJH5YU202",
        "user_profile": {
            "avatar_hash": "g7659142325a",
            "image_72": "https:\/\/secure.gravatar.com\/avatar\/c87659142325a3facb661d85281ec091.jpg?s=72&d=https%3A%2F%2Fa.slack-edge.com%2Fdf10d%2Fimg%2Favatars%2Fava_0003-72.png",
            "first_name": "",
            "real_name": "Paquito",
            "display_name": "Paquito",
            "team": "TJH5YU202",
            "name": "hmpaquito",
            "is_restricted": false,
            "is_ultra_restricted": false
        },
        "blocks": [
            {
                "type": "rich_text",
                "block_id": "\/=7f",
                "elements": [
                    {
                        "type": "rich_text_section",
                        "elements": [
                            {
                                "type": "text",
                                "text": "estás inscrito al curso ?"
                            }
                        ]
                    }
                ]
            }
        ]
    },
    {
        "client_msg_id": "ec084c29-249a-40f5-9a4e-17420f31b5e7",
        "type": "message",
        "text": "Si, claro.",
        "user": "UJU6EJHU4",
        "ts": "1593619335.018600",
        "team": "TJH5YU202",
        "user_team": "TJH5YU202",
        "source_team": "TJH5YU202",
        "user_profile": {
            "avatar_hash": "ge91f7ce2dab",
            "image_72": "https:\/\/secure.gravatar.com\/avatar\/86e91f7ce2dab87299ca03646dcf2603.jpg?s=72&d=https%3A%2F%2Fa.slack-edge.com%2Fdf10d%2Fimg%2Favatars%2Fava_0019-72.png",
            "first_name": "Angel",
            "real_name": "Angel Reigosa",
            "display_name": "Anxo",
            "team": "TJH5YU202",
            "name": "areigosa",
            "is_restricted": false,
            "is_ultra_restricted": false
        },
        "blocks": [
            {
                "type": "rich_text",
                "block_id": "Ml2Ag",
                "elements": [
                    {
                        "type": "rich_text_section",
                        "elements": [
                            {
                                "type": "text",
                                "text": "Si, claro."
                            }
                        ]
                    }
                ]
            }
        ]
    },
    {
        "client_msg_id": "b100d3fa-22ae-495e-8dc8-02d13341d7a7",
        "type": "message",
        "text": "Enviaste paypal al correo del curso?",
        "user": "UK28N3CER",
        "ts": "1593620659.020300",
        "team": "TJH5YU202",
        "user_team": "TJH5YU202",
        "source_team": "TJH5YU202",
        "user_profile": {
            "avatar_hash": "0eafa7153ff3",
            "image_72": "https:\/\/avatars.slack-edge.com\/2020-05-18\/1155120542496_0eafa7153ff35206c804_72.jpg",
            "first_name": "Cesar",
            "real_name": "Cesar SysCtrl Software",
            "display_name": "Cesar SysCtrl Software",
            "team": "TJH5YU202",
            "name": "sysctrlsoftware",
            "is_restricted": false,
            "is_ultra_restricted": false
        },
        "blocks": [
            {
                "type": "rich_text",
                "block_id": "L0N",
                "elements": [
                    {
                        "type": "rich_text_section",
                        "elements": [
                            {
                                "type": "text",
                                "text": "Enviaste paypal al correo del curso?"
                            }
                        ]
                    }
                ]
            }
        ]
    },
    {
        "client_msg_id": "d0590320-ddc1-4374-a6d8-2c19c7cef48f",
        "type": "message",
        "text": "Si. Transferencia y e-mail.",
        "user": "UJU6EJHU4",
        "ts": "1593620677.020600",
        "team": "TJH5YU202",
        "user_team": "TJH5YU202",
        "source_team": "TJH5YU202",
        "user_profile": {
            "avatar_hash": "ge91f7ce2dab",
            "image_72": "https:\/\/secure.gravatar.com\/avatar\/86e91f7ce2dab87299ca03646dcf2603.jpg?s=72&d=https%3A%2F%2Fa.slack-edge.com%2Fdf10d%2Fimg%2Favatars%2Fava_0019-72.png",
            "first_name": "Angel",
            "real_name": "Angel Reigosa",
            "display_name": "Anxo",
            "team": "TJH5YU202",
            "name": "areigosa",
            "is_restricted": false,
            "is_ultra_restricted": false
        },
        "blocks": [
            {
                "type": "rich_text",
                "block_id": "Ge5",
                "elements": [
                    {
                        "type": "rich_text_section",
                        "elements": [
                            {
                                "type": "text",
                                "text": "Si. Transferencia y e-mail."
                            }
                        ]
                    }
                ]
            }
        ]
    },
    {
        "client_msg_id": "ea59c7c8-e362-48ee-b158-950720bd53c9",
        "type": "message",
        "text": "Y me llegó correo con el nombre del canal de Skype para conectarse, pero al buscarlo no me aparece nada.",
        "user": "UJU6EJHU4",
        "ts": "1593620736.021200",
        "team": "TJH5YU202",
        "user_team": "TJH5YU202",
        "source_team": "TJH5YU202",
        "user_profile": {
            "avatar_hash": "ge91f7ce2dab",
            "image_72": "https:\/\/secure.gravatar.com\/avatar\/86e91f7ce2dab87299ca03646dcf2603.jpg?s=72&d=https%3A%2F%2Fa.slack-edge.com%2Fdf10d%2Fimg%2Favatars%2Fava_0019-72.png",
            "first_name": "Angel",
            "real_name": "Angel Reigosa",
            "display_name": "Anxo",
            "team": "TJH5YU202",
            "name": "areigosa",
            "is_restricted": false,
            "is_ultra_restricted": false
        },
        "blocks": [
            {
                "type": "rich_text",
                "block_id": "MblCc",
                "elements": [
                    {
                        "type": "rich_text_section",
                        "elements": [
                            {
                                "type": "text",
                                "text": "Y me llegó correo con el nombre del canal de Skype para conectarse, pero al buscarlo no me aparece nada."
                            }
                        ]
                    }
                ]
            }
        ]
    },
    {
        "client_msg_id": "f0df7866-7fcb-4493-88a7-43136b47b143",
        "type": "message",
        "text": "Busca curso mercury",
        "user": "UK28N3CER",
        "ts": "1593620789.022100",
        "team": "TJH5YU202",
        "user_team": "TJH5YU202",
        "source_team": "TJH5YU202",
        "user_profile": {
            "avatar_hash": "0eafa7153ff3",
            "image_72": "https:\/\/avatars.slack-edge.com\/2020-05-18\/1155120542496_0eafa7153ff35206c804_72.jpg",
            "first_name": "Cesar",
            "real_name": "Cesar SysCtrl Software",
            "display_name": "Cesar SysCtrl Software",
            "team": "TJH5YU202",
            "name": "sysctrlsoftware",
            "is_restricted": false,
            "is_ultra_restricted": false
        },
        "blocks": [
            {
                "type": "rich_text",
                "block_id": "Ki=",
                "elements": [
                    {
                        "type": "rich_text_section",
                        "elements": [
                            {
                                "type": "text",
                                "text": "Busca curso mercury"
                            }
                        ]
                    }
                ]
            }
        ]
    },
    {
        "client_msg_id": "0132474f-6768-499a-b395-48dd8568dbcc",
        "type": "message",
        "text": "Es lo que hice, pero no me aparece nada.",
        "user": "UJU6EJHU4",
        "ts": "1593621037.022800",
        "team": "TJH5YU202",
        "user_team": "TJH5YU202",
        "source_team": "TJH5YU202",
        "user_profile": {
            "avatar_hash": "ge91f7ce2dab",
            "image_72": "https:\/\/secure.gravatar.com\/avatar\/86e91f7ce2dab87299ca03646dcf2603.jpg?s=72&d=https%3A%2F%2Fa.slack-edge.com%2Fdf10d%2Fimg%2Favatars%2Fava_0019-72.png",
            "first_name": "Angel",
            "real_name": "Angel Reigosa",
            "display_name": "Anxo",
            "team": "TJH5YU202",
            "name": "areigosa",
            "is_restricted": false,
            "is_ultra_restricted": false
        },
        "blocks": [
            {
                "type": "rich_text",
                "block_id": "ZXd=N",
                "elements": [
                    {
                        "type": "rich_text_section",
                        "elements": [
                            {
                                "type": "text",
                                "text": "Es lo que hice, pero no me aparece nada."
                            }
                        ]
                    }
                ]
            }
        ]
    },
    {
        "client_msg_id": "000ea1a2-610b-41f7-96d6-460e46ccba93",
        "type": "message",
        "text": "No pasa nada. Como se va a grabar ya lo veré. Solo era por si estoy haciendo algo mal.",
        "user": "UJU6EJHU4",
        "ts": "1593621079.023400",
        "team": "TJH5YU202",
        "user_team": "TJH5YU202",
        "source_team": "TJH5YU202",
        "user_profile": {
            "avatar_hash": "ge91f7ce2dab",
            "image_72": "https:\/\/secure.gravatar.com\/avatar\/86e91f7ce2dab87299ca03646dcf2603.jpg?s=72&d=https%3A%2F%2Fa.slack-edge.com%2Fdf10d%2Fimg%2Favatars%2Fava_0019-72.png",
            "first_name": "Angel",
            "real_name": "Angel Reigosa",
            "display_name": "Anxo",
            "team": "TJH5YU202",
            "name": "areigosa",
            "is_restricted": false,
            "is_ultra_restricted": false
        },
        "blocks": [
            {
                "type": "rich_text",
                "block_id": "PAi",
                "elements": [
                    {
                        "type": "rich_text_section",
                        "elements": [
                            {
                                "type": "text",
                                "text": "No pasa nada. Como se va a grabar ya lo veré. Solo era por si estoy haciendo algo mal."
                            }
                        ]
                    }
                ]
            }
        ]
    },
    {
        "client_msg_id": "fa0a08b1-5b8d-4694-b23c-ab7bcc577869",
        "type": "message",
        "text": "Gracias Paquito y Cesar.",
        "user": "UJU6EJHU4",
        "ts": "1593621171.023800",
        "team": "TJH5YU202",
        "user_team": "TJH5YU202",
        "source_team": "TJH5YU202",
        "user_profile": {
            "avatar_hash": "ge91f7ce2dab",
            "image_72": "https:\/\/secure.gravatar.com\/avatar\/86e91f7ce2dab87299ca03646dcf2603.jpg?s=72&d=https%3A%2F%2Fa.slack-edge.com%2Fdf10d%2Fimg%2Favatars%2Fava_0019-72.png",
            "first_name": "Angel",
            "real_name": "Angel Reigosa",
            "display_name": "Anxo",
            "team": "TJH5YU202",
            "name": "areigosa",
            "is_restricted": false,
            "is_ultra_restricted": false
        },
        "blocks": [
            {
                "type": "rich_text",
                "block_id": "xP2",
                "elements": [
                    {
                        "type": "rich_text_section",
                        "elements": [
                            {
                                "type": "text",
                                "text": "Gracias Paquito y Cesar."
                            }
                        ]
                    }
                ]
            }
        ]
    },
    {
        "client_msg_id": "4161eca1-339f-4b68-8599-b9f08db7db35",
        "type": "message",
        "text": "Cual es tu id de skype?",
        "user": "UK28N3CER",
        "ts": "1593621207.024300",
        "team": "TJH5YU202",
        "user_team": "TJH5YU202",
        "source_team": "TJH5YU202",
        "user_profile": {
            "avatar_hash": "0eafa7153ff3",
            "image_72": "https:\/\/avatars.slack-edge.com\/2020-05-18\/1155120542496_0eafa7153ff35206c804_72.jpg",
            "first_name": "Cesar",
            "real_name": "Cesar SysCtrl Software",
            "display_name": "Cesar SysCtrl Software",
            "team": "TJH5YU202",
            "name": "sysctrlsoftware",
            "is_restricted": false,
            "is_ultra_restricted": false
        },
        "blocks": [
            {
                "type": "rich_text",
                "block_id": "2DV",
                "elements": [
                    {
                        "type": "rich_text_section",
                        "elements": [
                            {
                                "type": "text",
                                "text": "Cual es tu id de skype?"
                            }
                        ]
                    }
                ]
            }
        ]
    },
    {
        "client_msg_id": "5fad0c4a-6c2c-460c-93a0-d1cfa36c0a77",
        "type": "message",
        "text": "Anxo Reigosa",
        "user": "UJU6EJHU4",
        "ts": "1593621728.024500",
        "team": "TJH5YU202",
        "user_team": "TJH5YU202",
        "source_team": "TJH5YU202",
        "user_profile": {
            "avatar_hash": "ge91f7ce2dab",
            "image_72": "https:\/\/secure.gravatar.com\/avatar\/86e91f7ce2dab87299ca03646dcf2603.jpg?s=72&d=https%3A%2F%2Fa.slack-edge.com%2Fdf10d%2Fimg%2Favatars%2Fava_0019-72.png",
            "first_name": "Angel",
            "real_name": "Angel Reigosa",
            "display_name": "Anxo",
            "team": "TJH5YU202",
            "name": "areigosa",
            "is_restricted": false,
            "is_ultra_restricted": false
        },
        "blocks": [
            {
                "type": "rich_text",
                "block_id": "QnRH",
                "elements": [
                    {
                        "type": "rich_text_section",
                        "elements": [
                            {
                                "type": "text",
                                "text": "Anxo Reigosa"
                            }
                        ]
                    }
                ]
            }
        ]
    },
    {
        "client_msg_id": "ac43cb2f-5c78-4cf0-aaac-b8a622aaf89f",
        "type": "message",
        "text": "te estoy llamando por skype  pero dice no disponible",
        "user": "UJULQCHL5",
        "ts": "1593621926.025400",
        "team": "TJH5YU202",
        "user_team": "TJH5YU202",
        "source_team": "TJH5YU202",
        "user_profile": {
            "avatar_hash": "g7659142325a",
            "image_72": "https:\/\/secure.gravatar.com\/avatar\/c87659142325a3facb661d85281ec091.jpg?s=72&d=https%3A%2F%2Fa.slack-edge.com%2Fdf10d%2Fimg%2Favatars%2Fava_0003-72.png",
            "first_name": "",
            "real_name": "Paquito",
            "display_name": "Paquito",
            "team": "TJH5YU202",
            "name": "hmpaquito",
            "is_restricted": false,
            "is_ultra_restricted": false
        },
        "blocks": [
            {
                "type": "rich_text",
                "block_id": "d+K",
                "elements": [
                    {
                        "type": "rich_text_section",
                        "elements": [
                            {
                                "type": "text",
                                "text": "te estoy llamando por skype  pero dice no disponible"
                            }
                        ]
                    }
                ]
            }
        ]
    },
    {
        "client_msg_id": "94c8df4d-b92b-4b89-805c-c8b43c18f005",
        "type": "message",
        "text": "Seguramente el problema es mío. ¿Puedes darme tu ID para probar yo?",
        "user": "UJU6EJHU4",
        "ts": "1593622572.025900",
        "team": "TJH5YU202",
        "user_team": "TJH5YU202",
        "source_team": "TJH5YU202",
        "user_profile": {
            "avatar_hash": "ge91f7ce2dab",
            "image_72": "https:\/\/secure.gravatar.com\/avatar\/86e91f7ce2dab87299ca03646dcf2603.jpg?s=72&d=https%3A%2F%2Fa.slack-edge.com%2Fdf10d%2Fimg%2Favatars%2Fava_0019-72.png",
            "first_name": "Angel",
            "real_name": "Angel Reigosa",
            "display_name": "Anxo",
            "team": "TJH5YU202",
            "name": "areigosa",
            "is_restricted": false,
            "is_ultra_restricted": false
        },
        "blocks": [
            {
                "type": "rich_text",
                "block_id": "V1Q",
                "elements": [
                    {
                        "type": "rich_text_section",
                        "elements": [
                            {
                                "type": "text",
                                "text": "Seguramente el problema es mío. ¿Puedes darme tu ID para probar yo?"
                            }
                        ]
                    }
                ]
            }
        ]
    },
    {
        "client_msg_id": "fef887cb-8e37-495e-9cc3-023ef9a5dc87",
        "type": "message",
        "text": "En principio yo estoy \"En línea\"",
        "user": "UJU6EJHU4",
        "ts": "1593623284.026200",
        "team": "TJH5YU202",
        "user_team": "TJH5YU202",
        "source_team": "TJH5YU202",
        "user_profile": {
            "avatar_hash": "ge91f7ce2dab",
            "image_72": "https:\/\/secure.gravatar.com\/avatar\/86e91f7ce2dab87299ca03646dcf2603.jpg?s=72&d=https%3A%2F%2Fa.slack-edge.com%2Fdf10d%2Fimg%2Favatars%2Fava_0019-72.png",
            "first_name": "Angel",
            "real_name": "Angel Reigosa",
            "display_name": "Anxo",
            "team": "TJH5YU202",
            "name": "areigosa",
            "is_restricted": false,
            "is_ultra_restricted": false
        },
        "blocks": [
            {
                "type": "rich_text",
                "block_id": "ajzzz",
                "elements": [
                    {
                        "type": "rich_text_section",
                        "elements": [
                            {
                                "type": "text",
                                "text": "En principio yo estoy \"En línea\""
                            }
                        ]
                    }
                ]
            }
        ]
    },
    {
        "client_msg_id": "0c8fd262-7b28-4569-9226-dcab882dda5c",
        "type": "message",
        "text": "Listo. Con la ayuda de Cesar ya me conecté. Gracias a ambos.",
        "user": "UJU6EJHU4",
        "ts": "1593623797.026700",
        "team": "TJH5YU202",
        "user_team": "TJH5YU202",
        "source_team": "TJH5YU202",
        "user_profile": {
            "avatar_hash": "ge91f7ce2dab",
            "image_72": "https:\/\/secure.gravatar.com\/avatar\/86e91f7ce2dab87299ca03646dcf2603.jpg?s=72&d=https%3A%2F%2Fa.slack-edge.com%2Fdf10d%2Fimg%2Favatars%2Fava_0019-72.png",
            "first_name": "Angel",
            "real_name": "Angel Reigosa",
            "display_name": "Anxo",
            "team": "TJH5YU202",
            "name": "areigosa",
            "is_restricted": false,
            "is_ultra_restricted": false
        },
        "blocks": [
            {
                "type": "rich_text",
                "block_id": "7zHvt",
                "elements": [
                    {
                        "type": "rich_text_section",
                        "elements": [
                            {
                                "type": "text",
                                "text": "Listo. Con la ayuda de Cesar ya me conecté. Gracias a ambos."
                            }
                        ]
                    }
                ]
            }
        ]
    },
    {
        "client_msg_id": "c318aacd-427c-4b33-813e-c25ff15dc0b9",
        "type": "message",
        "text": ":+1:",
        "user": "UJULQCHL5",
        "ts": "1593624000.026900",
        "team": "TJH5YU202",
        "user_team": "TJH5YU202",
        "source_team": "TJH5YU202",
        "user_profile": {
            "avatar_hash": "g7659142325a",
            "image_72": "https:\/\/secure.gravatar.com\/avatar\/c87659142325a3facb661d85281ec091.jpg?s=72&d=https%3A%2F%2Fa.slack-edge.com%2Fdf10d%2Fimg%2Favatars%2Fava_0003-72.png",
            "first_name": "",
            "real_name": "Paquito",
            "display_name": "Paquito",
            "team": "TJH5YU202",
            "name": "hmpaquito",
            "is_restricted": false,
            "is_ultra_restricted": false
        },
        "blocks": [
            {
                "type": "rich_text",
                "block_id": "oCkmZ",
                "elements": [
                    {
                        "type": "rich_text_section",
                        "elements": [
                            {
                                "type": "emoji",
                                "name": "+1"
                            }
                        ]
                    }
                ]
            }
        ]
    }
]