[
    {
        "type": "message",
        "text": "Haciendo pruebas y de repente aparece:",
        "files": [
            {
                "id": "F017C23F9B4",
                "created": 1595172790,
                "timestamp": 1595172790,
                "name": "image.png",
                "title": "image.png",
                "mimetype": "image\/png",
                "filetype": "png",
                "pretty_type": "PNG",
                "user": "U016JJSHGKB",
                "editable": false,
                "size": 12624,
                "mode": "hosted",
                "is_external": false,
                "external_type": "",
                "is_public": true,
                "public_url_shared": false,
                "display_as_bot": false,
                "username": "",
                "url_private": "https:\/\/files.slack.com\/files-pri\/TJH5YU202-F017C23F9B4\/image.png?t=xoxe-629202954002-1307858988048-1296644259825-cbe9e6d0558bfb5b1a5a18db398692ce",
                "url_private_download": "https:\/\/files.slack.com\/files-pri\/TJH5YU202-F017C23F9B4\/download\/image.png?t=xoxe-629202954002-1307858988048-1296644259825-cbe9e6d0558bfb5b1a5a18db398692ce",
                "thumb_64": "https:\/\/files.slack.com\/files-tmb\/TJH5YU202-F017C23F9B4-f2eb6f3d54\/image_64.png?t=xoxe-629202954002-1307858988048-1296644259825-cbe9e6d0558bfb5b1a5a18db398692ce",
                "thumb_80": "https:\/\/files.slack.com\/files-tmb\/TJH5YU202-F017C23F9B4-f2eb6f3d54\/image_80.png?t=xoxe-629202954002-1307858988048-1296644259825-cbe9e6d0558bfb5b1a5a18db398692ce",
                "thumb_360": "https:\/\/files.slack.com\/files-tmb\/TJH5YU202-F017C23F9B4-f2eb6f3d54\/image_360.png?t=xoxe-629202954002-1307858988048-1296644259825-cbe9e6d0558bfb5b1a5a18db398692ce",
                "thumb_360_w": 360,
                "thumb_360_h": 196,
                "thumb_160": "https:\/\/files.slack.com\/files-tmb\/TJH5YU202-F017C23F9B4-f2eb6f3d54\/image_160.png?t=xoxe-629202954002-1307858988048-1296644259825-cbe9e6d0558bfb5b1a5a18db398692ce",
                "original_w": 379,
                "original_h": 206,
                "thumb_tiny": "AwAaADDSz169fSkPQ8n8qbuPPX9KcNx\/i\/SgBPxP5UvpyefanUUANyP8ilHPalooAZtbJ5\/Wgq2B6\/WkAG\/pUlADNrev60mxsdf1qSigBm0+v607b7n86WigD\/\/Z",
                "permalink": "https:\/\/harbourproject.slack.com\/files\/U016JJSHGKB\/F017C23F9B4\/image.png",
                "permalink_public": "https:\/\/slack-files.com\/TJH5YU202-F017C23F9B4-10f57262f3",
                "is_starred": false,
                "has_rich_preview": false
            }
        ],
        "upload": false,
        "blocks": [
            {
                "type": "rich_text",
                "block_id": "D\/Ga",
                "elements": [
                    {
                        "type": "rich_text_section",
                        "elements": [
                            {
                                "type": "text",
                                "text": "Haciendo pruebas y de repente aparece:"
                            }
                        ]
                    }
                ]
            }
        ],
        "user": "U016JJSHGKB",
        "display_as_bot": false,
        "ts": "1595172808.082800"
    },
    {
        "type": "message",
        "text": "Ejecuté test hacer que pasa y lo mismo:",
        "files": [
            {
                "id": "F016XF7P5HV",
                "created": 1595197948,
                "timestamp": 1595197948,
                "name": "image.png",
                "title": "image.png",
                "mimetype": "image\/png",
                "filetype": "png",
                "pretty_type": "PNG",
                "user": "U016JJSHGKB",
                "editable": false,
                "size": 14060,
                "mode": "hosted",
                "is_external": false,
                "external_type": "",
                "is_public": true,
                "public_url_shared": false,
                "display_as_bot": false,
                "username": "",
                "url_private": "https:\/\/files.slack.com\/files-pri\/TJH5YU202-F016XF7P5HV\/image.png?t=xoxe-629202954002-1307858988048-1296644259825-cbe9e6d0558bfb5b1a5a18db398692ce",
                "url_private_download": "https:\/\/files.slack.com\/files-pri\/TJH5YU202-F016XF7P5HV\/download\/image.png?t=xoxe-629202954002-1307858988048-1296644259825-cbe9e6d0558bfb5b1a5a18db398692ce",
                "thumb_64": "https:\/\/files.slack.com\/files-tmb\/TJH5YU202-F016XF7P5HV-97775690a3\/image_64.png?t=xoxe-629202954002-1307858988048-1296644259825-cbe9e6d0558bfb5b1a5a18db398692ce",
                "thumb_80": "https:\/\/files.slack.com\/files-tmb\/TJH5YU202-F016XF7P5HV-97775690a3\/image_80.png?t=xoxe-629202954002-1307858988048-1296644259825-cbe9e6d0558bfb5b1a5a18db398692ce",
                "thumb_360": "https:\/\/files.slack.com\/files-tmb\/TJH5YU202-F016XF7P5HV-97775690a3\/image_360.png?t=xoxe-629202954002-1307858988048-1296644259825-cbe9e6d0558bfb5b1a5a18db398692ce",
                "thumb_360_w": 315,
                "thumb_360_h": 214,
                "thumb_160": "https:\/\/files.slack.com\/files-tmb\/TJH5YU202-F016XF7P5HV-97775690a3\/image_160.png?t=xoxe-629202954002-1307858988048-1296644259825-cbe9e6d0558bfb5b1a5a18db398692ce",
                "original_w": 315,
                "original_h": 214,
                "thumb_tiny": "AwAgADDRwMk5NGBnGTml+b2o59qAG5X+8aXevrRhuenXjil5z2oAaSpHWgLx1pfmyemO1Lz7UAReox\/Ojpz+fWnfIT1bn3NP2jBGTz70AMJXp834Zoyn+1+tO2D1P50bB3z+dACBlzwD+VODA+v5UmwUu0cdePegD\/\/Z",
                "permalink": "https:\/\/harbourproject.slack.com\/files\/U016JJSHGKB\/F016XF7P5HV\/image.png",
                "permalink_public": "https:\/\/slack-files.com\/TJH5YU202-F016XF7P5HV-0d74b6bf6e",
                "is_starred": false,
                "has_rich_preview": false
            }
        ],
        "upload": false,
        "blocks": [
            {
                "type": "rich_text",
                "block_id": "PCnW",
                "elements": [
                    {
                        "type": "rich_text_section",
                        "elements": [
                            {
                                "type": "text",
                                "text": "Ejecuté test hacer que pasa y lo mismo:"
                            }
                        ]
                    }
                ]
            }
        ],
        "user": "U016JJSHGKB",
        "display_as_bot": false,
        "ts": "1595197956.083500"
    },
    {
        "client_msg_id": "b2d21614-2c55-40f2-8ec2-f12f2e30bec2",
        "type": "message",
        "text": "Pon el codigo a ver si vemos algo",
        "user": "UJWR5N32S",
        "ts": "1595222970.084100",
        "team": "TJH5YU202",
        "user_team": "TJH5YU202",
        "source_team": "TJH5YU202",
        "user_profile": {
            "avatar_hash": "273d3745f7ae",
            "image_72": "https:\/\/avatars.slack-edge.com\/2019-05-20\/634344238497_273d3745f7ae1b176b82_72.jpg",
            "first_name": "Charly",
            "real_name": "Charly",
            "display_name": "Charly",
            "team": "TJH5YU202",
            "name": "carles9000",
            "is_restricted": false,
            "is_ultra_restricted": false
        },
        "blocks": [
            {
                "type": "rich_text",
                "block_id": "nhh",
                "elements": [
                    {
                        "type": "rich_text_section",
                        "elements": [
                            {
                                "type": "text",
                                "text": "Pon el codigo a ver si vemos algo"
                            }
                        ]
                    }
                ]
            }
        ]
    }
]