[
    {
        "client_msg_id": "7e647a89-a5fd-429a-8f1b-8072c0a2531a",
        "type": "message",
        "text": "He adaptado los ejemplos del curso al nuevo Mercury con gestión de errores y la verdad es que es una gran ayuda. Al principio me costaba mucho tiempo encontrar los errores. Ahora es muchísimo más fácil. Adelantará mucho trabajo. Gracias Charly.",
        "user": "UJU6EJHU4",
        "ts": "1595410917.134200",
        "team": "TJH5YU202",
        "user_team": "TJH5YU202",
        "source_team": "TJH5YU202",
        "user_profile": {
            "avatar_hash": "ge91f7ce2dab",
            "image_72": "https:\/\/secure.gravatar.com\/avatar\/86e91f7ce2dab87299ca03646dcf2603.jpg?s=72&d=https%3A%2F%2Fa.slack-edge.com%2Fdf10d%2Fimg%2Favatars%2Fava_0019-72.png",
            "first_name": "Angel",
            "real_name": "Angel Reigosa",
            "display_name": "Anxo",
            "team": "TJH5YU202",
            "name": "areigosa",
            "is_restricted": false,
            "is_ultra_restricted": false
        },
        "blocks": [
            {
                "type": "rich_text",
                "block_id": "fDyc",
                "elements": [
                    {
                        "type": "rich_text_section",
                        "elements": [
                            {
                                "type": "text",
                                "text": "He adaptado los ejemplos del curso al nuevo Mercury con gestión de errores y la verdad es que es una gran ayuda. Al principio me costaba mucho tiempo encontrar los errores. Ahora es muchísimo más fácil. Adelantará mucho trabajo. Gracias Charly."
                            }
                        ]
                    }
                ]
            }
        ]
    },
    {
        "client_msg_id": "6f604790-be54-4640-9c20-717d9a97efba",
        "type": "message",
        "text": "He adaptado la vista listbystate.view para poder navegar por el grid y la verdad es que creo que estoy cogiendo la idea.",
        "user": "UJU6EJHU4",
        "ts": "1595411003.135200",
        "team": "TJH5YU202",
        "user_team": "TJH5YU202",
        "source_team": "TJH5YU202",
        "user_profile": {
            "avatar_hash": "ge91f7ce2dab",
            "image_72": "https:\/\/secure.gravatar.com\/avatar\/86e91f7ce2dab87299ca03646dcf2603.jpg?s=72&d=https%3A%2F%2Fa.slack-edge.com%2Fdf10d%2Fimg%2Favatars%2Fava_0019-72.png",
            "first_name": "Angel",
            "real_name": "Angel Reigosa",
            "display_name": "Anxo",
            "team": "TJH5YU202",
            "name": "areigosa",
            "is_restricted": false,
            "is_ultra_restricted": false
        },
        "blocks": [
            {
                "type": "rich_text",
                "block_id": "=Rn",
                "elements": [
                    {
                        "type": "rich_text_section",
                        "elements": [
                            {
                                "type": "text",
                                "text": "He adaptado la vista listbystate.view para poder navegar por el grid y la verdad es que creo que estoy cogiendo la idea."
                            }
                        ]
                    }
                ]
            }
        ]
    },
    {
        "client_msg_id": "f0d4f855-8f43-49ec-9678-52c10640bb01",
        "type": "message",
        "text": "Si queréis verlo desde mi pobre ADSL de menos de 1 Mb. podeis probar temporalmente este link: <http:\/\/217.125.14.144\/go>",
        "user": "UJU6EJHU4",
        "ts": "1595411445.136600",
        "team": "TJH5YU202",
        "user_team": "TJH5YU202",
        "source_team": "TJH5YU202",
        "user_profile": {
            "avatar_hash": "ge91f7ce2dab",
            "image_72": "https:\/\/secure.gravatar.com\/avatar\/86e91f7ce2dab87299ca03646dcf2603.jpg?s=72&d=https%3A%2F%2Fa.slack-edge.com%2Fdf10d%2Fimg%2Favatars%2Fava_0019-72.png",
            "first_name": "Angel",
            "real_name": "Angel Reigosa",
            "display_name": "Anxo",
            "team": "TJH5YU202",
            "name": "areigosa",
            "is_restricted": false,
            "is_ultra_restricted": false
        },
        "blocks": [
            {
                "type": "rich_text",
                "block_id": "3JNW",
                "elements": [
                    {
                        "type": "rich_text_section",
                        "elements": [
                            {
                                "type": "text",
                                "text": "Si queréis verlo desde mi pobre ADSL de menos de 1 Mb. podeis probar temporalmente este link: "
                            },
                            {
                                "type": "link",
                                "url": "http:\/\/217.125.14.144\/go"
                            }
                        ]
                    }
                ]
            }
        ]
    },
    {
        "client_msg_id": "e9b0716a-601d-426c-8eda-c9b9e5b4504c",
        "type": "message",
        "text": "<@UJU6EJHU4> El sistema de errores es muy necesario, lo se. El problema esta en la manera de trabajar ahora que preprocesamos code en ejecucion que a su vez carga mas code, y asi... y capturar los errores es algo mas complejo. Esta versión ya nos permite capturar gran parte. Si detectais algun error que no seamos capaz de capturarlo, me lo decis. A ver si poco a poco vamos cerrando este tema",
        "user": "UJWR5N32S",
        "ts": "1595411733.138800",
        "team": "TJH5YU202",
        "user_team": "TJH5YU202",
        "source_team": "TJH5YU202",
        "user_profile": {
            "avatar_hash": "273d3745f7ae",
            "image_72": "https:\/\/avatars.slack-edge.com\/2019-05-20\/634344238497_273d3745f7ae1b176b82_72.jpg",
            "first_name": "Charly",
            "real_name": "Charly",
            "display_name": "Charly",
            "team": "TJH5YU202",
            "name": "carles9000",
            "is_restricted": false,
            "is_ultra_restricted": false
        },
        "blocks": [
            {
                "type": "rich_text",
                "block_id": "=oUkn",
                "elements": [
                    {
                        "type": "rich_text_section",
                        "elements": [
                            {
                                "type": "user",
                                "user_id": "UJU6EJHU4"
                            },
                            {
                                "type": "text",
                                "text": " El sistema de errores es muy necesario, lo se. El problema esta en la manera de trabajar ahora que preprocesamos code en ejecucion que a su vez carga mas code, y asi... y capturar los errores es algo mas complejo. Esta versión ya nos permite capturar gran parte. Si detectais algun error que no seamos capaz de capturarlo, me lo decis. A ver si poco a poco vamos cerrando este tema"
                            }
                        ]
                    }
                ]
            }
        ]
    },
    {
        "client_msg_id": "68fa37e4-01cf-460e-8535-bb8618cf4588",
        "type": "message",
        "text": "El ejemplo perfecto :muscle:",
        "user": "UJWR5N32S",
        "ts": "1595411752.139100",
        "team": "TJH5YU202",
        "user_team": "TJH5YU202",
        "source_team": "TJH5YU202",
        "user_profile": {
            "avatar_hash": "273d3745f7ae",
            "image_72": "https:\/\/avatars.slack-edge.com\/2019-05-20\/634344238497_273d3745f7ae1b176b82_72.jpg",
            "first_name": "Charly",
            "real_name": "Charly",
            "display_name": "Charly",
            "team": "TJH5YU202",
            "name": "carles9000",
            "is_restricted": false,
            "is_ultra_restricted": false
        },
        "blocks": [
            {
                "type": "rich_text",
                "block_id": "WRFSP",
                "elements": [
                    {
                        "type": "rich_text_section",
                        "elements": [
                            {
                                "type": "text",
                                "text": "El ejemplo perfecto "
                            },
                            {
                                "type": "emoji",
                                "name": "muscle"
                            }
                        ]
                    }
                ]
            }
        ]
    },
    {
        "client_msg_id": "5068ba57-5b96-4b22-aff6-8939a8e586eb",
        "type": "message",
        "text": "Muy buena la paginacion",
        "user": "UJWR5N32S",
        "ts": "1595411809.139300",
        "team": "TJH5YU202",
        "user_team": "TJH5YU202",
        "source_team": "TJH5YU202",
        "user_profile": {
            "avatar_hash": "273d3745f7ae",
            "image_72": "https:\/\/avatars.slack-edge.com\/2019-05-20\/634344238497_273d3745f7ae1b176b82_72.jpg",
            "first_name": "Charly",
            "real_name": "Charly",
            "display_name": "Charly",
            "team": "TJH5YU202",
            "name": "carles9000",
            "is_restricted": false,
            "is_ultra_restricted": false
        },
        "blocks": [
            {
                "type": "rich_text",
                "block_id": "ZgEj",
                "elements": [
                    {
                        "type": "rich_text_section",
                        "elements": [
                            {
                                "type": "text",
                                "text": "Muy buena la paginacion"
                            }
                        ]
                    }
                ]
            }
        ]
    },
    {
        "client_msg_id": "9894b1e3-8eb5-4d4e-af79-5b1dd2a339df",
        "type": "message",
        "text": "Pensad en lo q comentamos en el curso. Lo importantes es pillar el concepto y estrctura la aplicación. Una vez resuelta toda la lógica, al final es \"maquetarla\" y dejarla bonita, pero este es otro tema... :slightly_smiling_face:",
        "user": "UJWR5N32S",
        "ts": "1595411865.140400",
        "team": "TJH5YU202",
        "user_team": "TJH5YU202",
        "source_team": "TJH5YU202",
        "user_profile": {
            "avatar_hash": "273d3745f7ae",
            "image_72": "https:\/\/avatars.slack-edge.com\/2019-05-20\/634344238497_273d3745f7ae1b176b82_72.jpg",
            "first_name": "Charly",
            "real_name": "Charly",
            "display_name": "Charly",
            "team": "TJH5YU202",
            "name": "carles9000",
            "is_restricted": false,
            "is_ultra_restricted": false
        },
        "blocks": [
            {
                "type": "rich_text",
                "block_id": "FzTUK",
                "elements": [
                    {
                        "type": "rich_text_section",
                        "elements": [
                            {
                                "type": "text",
                                "text": "Pensad en lo q comentamos en el curso. Lo importantes es pillar el concepto y estrctura la aplicación. Una vez resuelta toda la lógica, al final es \"maquetarla\" y dejarla bonita, pero este es otro tema... "
                            },
                            {
                                "type": "emoji",
                                "name": "slightly_smiling_face"
                            }
                        ]
                    }
                ]
            }
        ]
    },
    {
        "client_msg_id": "8463c577-e853-49a5-bd55-fc34ee330c89",
        "type": "message",
        "text": "Actualizate a la 1.08b que he actualizado un par de cosillas",
        "user": "UJWR5N32S",
        "ts": "1595411971.140900",
        "team": "TJH5YU202",
        "user_team": "TJH5YU202",
        "source_team": "TJH5YU202",
        "user_profile": {
            "avatar_hash": "273d3745f7ae",
            "image_72": "https:\/\/avatars.slack-edge.com\/2019-05-20\/634344238497_273d3745f7ae1b176b82_72.jpg",
            "first_name": "Charly",
            "real_name": "Charly",
            "display_name": "Charly",
            "team": "TJH5YU202",
            "name": "carles9000",
            "is_restricted": false,
            "is_ultra_restricted": false
        },
        "blocks": [
            {
                "type": "rich_text",
                "block_id": "29+",
                "elements": [
                    {
                        "type": "rich_text_section",
                        "elements": [
                            {
                                "type": "text",
                                "text": "Actualizate a la 1.08b que he actualizado un par de cosillas"
                            }
                        ]
                    }
                ]
            }
        ]
    },
    {
        "client_msg_id": "28649bdd-a286-4982-9490-b4e31db51930",
        "type": "message",
        "text": "En el foro mod-harbour creo recordar que Xevi explico como gestionar el domino, no-ip, ssl,... en localhost. Si le hechas un vistazo, bordaras ya el concepto",
        "user": "UJWR5N32S",
        "ts": "1595412292.141900",
        "team": "TJH5YU202",
        "user_team": "TJH5YU202",
        "source_team": "TJH5YU202",
        "user_profile": {
            "avatar_hash": "273d3745f7ae",
            "image_72": "https:\/\/avatars.slack-edge.com\/2019-05-20\/634344238497_273d3745f7ae1b176b82_72.jpg",
            "first_name": "Charly",
            "real_name": "Charly",
            "display_name": "Charly",
            "team": "TJH5YU202",
            "name": "carles9000",
            "is_restricted": false,
            "is_ultra_restricted": false
        },
        "blocks": [
            {
                "type": "rich_text",
                "block_id": "f6Oo",
                "elements": [
                    {
                        "type": "rich_text_section",
                        "elements": [
                            {
                                "type": "text",
                                "text": "En el foro mod-harbour creo recordar que Xevi explico como gestionar el domino, no-ip, ssl,... en localhost. Si le hechas un vistazo, bordaras ya el concepto"
                            }
                        ]
                    }
                ]
            }
        ]
    },
    {
        "client_msg_id": "e9df8546-c793-422c-b9a6-7e77232ab7fc",
        "type": "message",
        "text": "Me acabo de actualizar Charly. ¿Qué cosillas has actualizado? En cuando al dominio tengo IP fija, pero también utilizo el servicio duckdns que es muy parecido al no-ip y gratuito también. Este link también funciona:  <http:\/\/arsoft.duckdns.org\/go\/>  (hasta que lo desconecte, claro :-))",
        "user": "UJU6EJHU4",
        "ts": "1595412549.143700",
        "team": "TJH5YU202",
        "user_team": "TJH5YU202",
        "source_team": "TJH5YU202",
        "user_profile": {
            "avatar_hash": "ge91f7ce2dab",
            "image_72": "https:\/\/secure.gravatar.com\/avatar\/86e91f7ce2dab87299ca03646dcf2603.jpg?s=72&d=https%3A%2F%2Fa.slack-edge.com%2Fdf10d%2Fimg%2Favatars%2Fava_0019-72.png",
            "first_name": "Angel",
            "real_name": "Angel Reigosa",
            "display_name": "Anxo",
            "team": "TJH5YU202",
            "name": "areigosa",
            "is_restricted": false,
            "is_ultra_restricted": false
        },
        "blocks": [
            {
                "type": "rich_text",
                "block_id": "VjB",
                "elements": [
                    {
                        "type": "rich_text_section",
                        "elements": [
                            {
                                "type": "text",
                                "text": "Me acabo de actualizar Charly. ¿Qué cosillas has actualizado? En cuando al dominio tengo IP fija, pero también utilizo el servicio duckdns que es muy parecido al no-ip y gratuito también. Este link también funciona:  "
                            },
                            {
                                "type": "link",
                                "url": "http:\/\/arsoft.duckdns.org\/go\/"
                            },
                            {
                                "type": "text",
                                "text": "  (hasta que lo desconecte, claro :-))"
                            }
                        ]
                    }
                ]
            }
        ]
    },
    {
        "client_msg_id": "fdc3dda0-1210-473b-9b2d-c8b5a53b92a0",
        "type": "message",
        "text": "El tema del SSL ya necesito verlo con más calma. Buscaré en modharbour como dices.",
        "user": "UJU6EJHU4",
        "ts": "1595412576.144300",
        "team": "TJH5YU202",
        "user_team": "TJH5YU202",
        "source_team": "TJH5YU202",
        "user_profile": {
            "avatar_hash": "ge91f7ce2dab",
            "image_72": "https:\/\/secure.gravatar.com\/avatar\/86e91f7ce2dab87299ca03646dcf2603.jpg?s=72&d=https%3A%2F%2Fa.slack-edge.com%2Fdf10d%2Fimg%2Favatars%2Fava_0019-72.png",
            "first_name": "Angel",
            "real_name": "Angel Reigosa",
            "display_name": "Anxo",
            "team": "TJH5YU202",
            "name": "areigosa",
            "is_restricted": false,
            "is_ultra_restricted": false
        },
        "blocks": [
            {
                "type": "rich_text",
                "block_id": "vlqY",
                "elements": [
                    {
                        "type": "rich_text_section",
                        "elements": [
                            {
                                "type": "text",
                                "text": "El tema del SSL ya necesito verlo con más calma. Buscaré en modharbour como dices."
                            }
                        ]
                    }
                ]
            }
        ]
    },
    {
        "client_msg_id": "fa1b0bf7-bb8d-4dc0-b85d-d3d3bee3f8a4",
        "type": "message",
        "text": "Perfect !",
        "user": "UJWR5N32S",
        "ts": "1595412584.144500",
        "team": "TJH5YU202",
        "user_team": "TJH5YU202",
        "source_team": "TJH5YU202",
        "user_profile": {
            "avatar_hash": "273d3745f7ae",
            "image_72": "https:\/\/avatars.slack-edge.com\/2019-05-20\/634344238497_273d3745f7ae1b176b82_72.jpg",
            "first_name": "Charly",
            "real_name": "Charly",
            "display_name": "Charly",
            "team": "TJH5YU202",
            "name": "carles9000",
            "is_restricted": false,
            "is_ultra_restricted": false
        },
        "blocks": [
            {
                "type": "rich_text",
                "block_id": "Dfj1",
                "elements": [
                    {
                        "type": "rich_text_section",
                        "elements": [
                            {
                                "type": "text",
                                "text": "Perfect !"
                            }
                        ]
                    }
                ]
            }
        ]
    },
    {
        "client_msg_id": "9a61cbbb-6560-4b32-8ca2-e518ed0622c5",
        "type": "message",
        "text": "He añadido una funcionalidad para el tema de autenticacion via ajax",
        "user": "UJWR5N32S",
        "ts": "1595412636.145300",
        "team": "TJH5YU202",
        "user_team": "TJH5YU202",
        "source_team": "TJH5YU202",
        "user_profile": {
            "avatar_hash": "273d3745f7ae",
            "image_72": "https:\/\/avatars.slack-edge.com\/2019-05-20\/634344238497_273d3745f7ae1b176b82_72.jpg",
            "first_name": "Charly",
            "real_name": "Charly",
            "display_name": "Charly",
            "team": "TJH5YU202",
            "name": "carles9000",
            "is_restricted": false,
            "is_ultra_restricted": false
        },
        "blocks": [
            {
                "type": "rich_text",
                "block_id": "=ET",
                "elements": [
                    {
                        "type": "rich_text_section",
                        "elements": [
                            {
                                "type": "text",
                                "text": "He añadido una funcionalidad para el tema de autenticacion via ajax"
                            }
                        ]
                    }
                ]
            }
        ]
    },
    {
        "client_msg_id": "a6032c25-64f0-4ac4-9e98-3d96a283a621",
        "type": "message",
        "text": "Para utenticar en el controller tenemos el siguiente comando:",
        "user": "UJWR5N32S",
        "ts": "1595412653.145900",
        "team": "TJH5YU202",
        "user_team": "TJH5YU202",
        "source_team": "TJH5YU202",
        "user_profile": {
            "avatar_hash": "273d3745f7ae",
            "image_72": "https:\/\/avatars.slack-edge.com\/2019-05-20\/634344238497_273d3745f7ae1b176b82_72.jpg",
            "first_name": "Charly",
            "real_name": "Charly",
            "display_name": "Charly",
            "team": "TJH5YU202",
            "name": "carles9000",
            "is_restricted": false,
            "is_ultra_restricted": false
        },
        "blocks": [
            {
                "type": "rich_text",
                "block_id": "=\/yI2",
                "elements": [
                    {
                        "type": "rich_text_section",
                        "elements": [
                            {
                                "type": "text",
                                "text": "Para utenticar en el controller tenemos el siguiente comando:"
                            }
                        ]
                    }
                ]
            }
        ]
    },
    {
        "client_msg_id": "ff04e42e-97fe-49e6-bef2-1b18e3a3bef0",
        "type": "message",
        "text": "AUTENTICATE CONTROLLER oController ERROR ROUTE 'login'",
        "user": "UJWR5N32S",
        "ts": "1595412664.146100",
        "team": "TJH5YU202",
        "user_team": "TJH5YU202",
        "source_team": "TJH5YU202",
        "user_profile": {
            "avatar_hash": "273d3745f7ae",
            "image_72": "https:\/\/avatars.slack-edge.com\/2019-05-20\/634344238497_273d3745f7ae1b176b82_72.jpg",
            "first_name": "Charly",
            "real_name": "Charly",
            "display_name": "Charly",
            "team": "TJH5YU202",
            "name": "carles9000",
            "is_restricted": false,
            "is_ultra_restricted": false
        },
        "blocks": [
            {
                "type": "rich_text",
                "block_id": "xwN",
                "elements": [
                    {
                        "type": "rich_text_section",
                        "elements": [
                            {
                                "type": "text",
                                "text": "AUTENTICATE CONTROLLER oController ERROR ROUTE 'login'"
                            }
                        ]
                    }
                ]
            }
        ]
    },
    {
        "client_msg_id": "d2859e7b-ea65-4b9c-a8bd-71ecf8f7d2a0",
        "type": "message",
        "text": "Esto lo que hace es que te manda al enrutado \"login\" si no estas autenticado",
        "user": "UJWR5N32S",
        "ts": "1595412687.146800",
        "team": "TJH5YU202",
        "user_team": "TJH5YU202",
        "source_team": "TJH5YU202",
        "user_profile": {
            "avatar_hash": "273d3745f7ae",
            "image_72": "https:\/\/avatars.slack-edge.com\/2019-05-20\/634344238497_273d3745f7ae1b176b82_72.jpg",
            "first_name": "Charly",
            "real_name": "Charly",
            "display_name": "Charly",
            "team": "TJH5YU202",
            "name": "carles9000",
            "is_restricted": false,
            "is_ultra_restricted": false
        },
        "blocks": [
            {
                "type": "rich_text",
                "block_id": "cOxV",
                "elements": [
                    {
                        "type": "rich_text_section",
                        "elements": [
                            {
                                "type": "text",
                                "text": "Esto lo que hace es que te manda al enrutado \"login\" si no estas autenticado"
                            }
                        ]
                    }
                ]
            }
        ]
    },
    {
        "client_msg_id": "864b6656-f7c6-4fc2-96e2-35120fd5f913",
        "type": "message",
        "text": "Pero si haces peticiones via ajax, no puedes devolver una view, normalmente has de enviar una respuesta json",
        "user": "UJWR5N32S",
        "ts": "1595412715.147500",
        "team": "TJH5YU202",
        "user_team": "TJH5YU202",
        "source_team": "TJH5YU202",
        "user_profile": {
            "avatar_hash": "273d3745f7ae",
            "image_72": "https:\/\/avatars.slack-edge.com\/2019-05-20\/634344238497_273d3745f7ae1b176b82_72.jpg",
            "first_name": "Charly",
            "real_name": "Charly",
            "display_name": "Charly",
            "team": "TJH5YU202",
            "name": "carles9000",
            "is_restricted": false,
            "is_ultra_restricted": false
        },
        "blocks": [
            {
                "type": "rich_text",
                "block_id": "wUq",
                "elements": [
                    {
                        "type": "rich_text_section",
                        "elements": [
                            {
                                "type": "text",
                                "text": "Pero si haces peticiones via ajax, no puedes devolver una view, normalmente has de enviar una respuesta json"
                            }
                        ]
                    }
                ]
            }
        ]
    },
    {
        "client_msg_id": "bcd7fbfa-3e20-4dc4-8ce5-7dfb19ed6c24",
        "type": "message",
        "text": "y quedaria asi",
        "user": "UJWR5N32S",
        "ts": "1595412718.147700",
        "team": "TJH5YU202",
        "user_team": "TJH5YU202",
        "source_team": "TJH5YU202",
        "user_profile": {
            "avatar_hash": "273d3745f7ae",
            "image_72": "https:\/\/avatars.slack-edge.com\/2019-05-20\/634344238497_273d3745f7ae1b176b82_72.jpg",
            "first_name": "Charly",
            "real_name": "Charly",
            "display_name": "Charly",
            "team": "TJH5YU202",
            "name": "carles9000",
            "is_restricted": false,
            "is_ultra_restricted": false
        },
        "blocks": [
            {
                "type": "rich_text",
                "block_id": "amf",
                "elements": [
                    {
                        "type": "rich_text_section",
                        "elements": [
                            {
                                "type": "text",
                                "text": "y quedaria asi"
                            }
                        ]
                    }
                ]
            }
        ]
    },
    {
        "client_msg_id": "2e9dab59-9de3-47c6-8506-6111676fffe7",
        "type": "message",
        "text": "AUTENTICATE CONTROLLER oController ERROR JSON",
        "user": "UJWR5N32S",
        "ts": "1595412728.147900",
        "team": "TJH5YU202",
        "user_team": "TJH5YU202",
        "source_team": "TJH5YU202",
        "user_profile": {
            "avatar_hash": "273d3745f7ae",
            "image_72": "https:\/\/avatars.slack-edge.com\/2019-05-20\/634344238497_273d3745f7ae1b176b82_72.jpg",
            "first_name": "Charly",
            "real_name": "Charly",
            "display_name": "Charly",
            "team": "TJH5YU202",
            "name": "carles9000",
            "is_restricted": false,
            "is_ultra_restricted": false
        },
        "blocks": [
            {
                "type": "rich_text",
                "block_id": "N=l",
                "elements": [
                    {
                        "type": "rich_text_section",
                        "elements": [
                            {
                                "type": "text",
                                "text": "AUTENTICATE CONTROLLER oController ERROR JSON"
                            }
                        ]
                    }
                ]
            }
        ]
    },
    {
        "client_msg_id": "819fe6e4-fabe-49bd-834a-53628cbb43c7",
        "type": "message",
        "text": "Con lo que si no estas autenticado devuelves la respuesta en formato json",
        "user": "UJWR5N32S",
        "ts": "1595412746.148300",
        "team": "TJH5YU202",
        "user_team": "TJH5YU202",
        "source_team": "TJH5YU202",
        "user_profile": {
            "avatar_hash": "273d3745f7ae",
            "image_72": "https:\/\/avatars.slack-edge.com\/2019-05-20\/634344238497_273d3745f7ae1b176b82_72.jpg",
            "first_name": "Charly",
            "real_name": "Charly",
            "display_name": "Charly",
            "team": "TJH5YU202",
            "name": "carles9000",
            "is_restricted": false,
            "is_ultra_restricted": false
        },
        "blocks": [
            {
                "type": "rich_text",
                "block_id": "+4Q7",
                "elements": [
                    {
                        "type": "rich_text_section",
                        "elements": [
                            {
                                "type": "text",
                                "text": "Con lo que si no estas autenticado devuelves la respuesta en formato json"
                            }
                        ]
                    }
                ]
            }
        ]
    },
    {
        "client_msg_id": "8a77d0b2-cd35-4e95-91b2-284d62ab9f71",
        "type": "message",
        "text": "Recordad q por defecto la respuesta en json es { 'success' =&gt; .f., 'error' =&gt; 'Error autentication' }",
        "user": "UJWR5N32S",
        "ts": "1595412771.148900",
        "team": "TJH5YU202",
        "user_team": "TJH5YU202",
        "source_team": "TJH5YU202",
        "user_profile": {
            "avatar_hash": "273d3745f7ae",
            "image_72": "https:\/\/avatars.slack-edge.com\/2019-05-20\/634344238497_273d3745f7ae1b176b82_72.jpg",
            "first_name": "Charly",
            "real_name": "Charly",
            "display_name": "Charly",
            "team": "TJH5YU202",
            "name": "carles9000",
            "is_restricted": false,
            "is_ultra_restricted": false
        },
        "blocks": [
            {
                "type": "rich_text",
                "block_id": "2Q7",
                "elements": [
                    {
                        "type": "rich_text_section",
                        "elements": [
                            {
                                "type": "text",
                                "text": "Recordad q por defecto la respuesta en json es { 'success' => .f., 'error' => 'Error autentication' }"
                            }
                        ]
                    }
                ]
            }
        ]
    },
    {
        "client_msg_id": "a70dd2a3-2f1f-408c-8f42-27431e448d84",
        "type": "message",
        "text": "Y el cliente procesa la respuesta y anuncia el error en el navegador...",
        "user": "UJU6EJHU4",
        "ts": "1595412789.149500",
        "team": "TJH5YU202",
        "user_team": "TJH5YU202",
        "source_team": "TJH5YU202",
        "user_profile": {
            "avatar_hash": "ge91f7ce2dab",
            "image_72": "https:\/\/secure.gravatar.com\/avatar\/86e91f7ce2dab87299ca03646dcf2603.jpg?s=72&d=https%3A%2F%2Fa.slack-edge.com%2Fdf10d%2Fimg%2Favatars%2Fava_0019-72.png",
            "first_name": "Angel",
            "real_name": "Angel Reigosa",
            "display_name": "Anxo",
            "team": "TJH5YU202",
            "name": "areigosa",
            "is_restricted": false,
            "is_ultra_restricted": false
        },
        "blocks": [
            {
                "type": "rich_text",
                "block_id": "KwM",
                "elements": [
                    {
                        "type": "rich_text_section",
                        "elements": [
                            {
                                "type": "text",
                                "text": "Y el cliente procesa la respuesta y anuncia el error en el navegador..."
                            }
                        ]
                    }
                ]
            }
        ]
    },
    {
        "client_msg_id": "f803558f-fbff-4725-acfa-2de400f01966",
        "type": "message",
        "text": "pero q podeis añadir la vuestra: AUTENTICATE CONTROLLER oController ERROR JSON { 'estado' =&gt; .F. }",
        "user": "UJWR5N32S",
        "ts": "1595412818.150200",
        "team": "TJH5YU202",
        "user_team": "TJH5YU202",
        "source_team": "TJH5YU202",
        "user_profile": {
            "avatar_hash": "273d3745f7ae",
            "image_72": "https:\/\/avatars.slack-edge.com\/2019-05-20\/634344238497_273d3745f7ae1b176b82_72.jpg",
            "first_name": "Charly",
            "real_name": "Charly",
            "display_name": "Charly",
            "team": "TJH5YU202",
            "name": "carles9000",
            "is_restricted": false,
            "is_ultra_restricted": false
        },
        "blocks": [
            {
                "type": "rich_text",
                "block_id": "3xfx",
                "elements": [
                    {
                        "type": "rich_text_section",
                        "elements": [
                            {
                                "type": "text",
                                "text": "pero q podeis añadir la vuestra: AUTENTICATE CONTROLLER oController ERROR JSON { 'estado' => .F. }"
                            }
                        ]
                    }
                ]
            }
        ]
    },
    {
        "client_msg_id": "a203328a-9d7f-4ce4-92e7-0460e473c46f",
        "type": "message",
        "text": "exacto",
        "user": "UJWR5N32S",
        "ts": "1595412824.150400",
        "team": "TJH5YU202",
        "user_team": "TJH5YU202",
        "source_team": "TJH5YU202",
        "user_profile": {
            "avatar_hash": "273d3745f7ae",
            "image_72": "https:\/\/avatars.slack-edge.com\/2019-05-20\/634344238497_273d3745f7ae1b176b82_72.jpg",
            "first_name": "Charly",
            "real_name": "Charly",
            "display_name": "Charly",
            "team": "TJH5YU202",
            "name": "carles9000",
            "is_restricted": false,
            "is_ultra_restricted": false
        },
        "blocks": [
            {
                "type": "rich_text",
                "block_id": "FXXT4",
                "elements": [
                    {
                        "type": "rich_text_section",
                        "elements": [
                            {
                                "type": "text",
                                "text": "exacto"
                            }
                        ]
                    }
                ]
            }
        ]
    },
    {
        "client_msg_id": "867849b2-3247-4dbe-b601-9ca1d35b49f4",
        "type": "message",
        "text": "en el cliente realizas la peticion ajax y espera la respuesta",
        "user": "UJWR5N32S",
        "ts": "1595412836.150700",
        "team": "TJH5YU202",
        "user_team": "TJH5YU202",
        "source_team": "TJH5YU202",
        "user_profile": {
            "avatar_hash": "273d3745f7ae",
            "image_72": "https:\/\/avatars.slack-edge.com\/2019-05-20\/634344238497_273d3745f7ae1b176b82_72.jpg",
            "first_name": "Charly",
            "real_name": "Charly",
            "display_name": "Charly",
            "team": "TJH5YU202",
            "name": "carles9000",
            "is_restricted": false,
            "is_ultra_restricted": false
        },
        "blocks": [
            {
                "type": "rich_text",
                "block_id": "m=Dc",
                "elements": [
                    {
                        "type": "rich_text_section",
                        "elements": [
                            {
                                "type": "text",
                                "text": "en el cliente realizas la peticion ajax y espera la respuesta"
                            }
                        ]
                    }
                ]
            }
        ]
    },
    {
        "client_msg_id": "4e245f9d-1703-40a9-aead-028c394ef5da",
        "type": "message",
        "text": "en funcion de la respuesta haces una cosa u otra",
        "user": "UJWR5N32S",
        "ts": "1595412843.151300",
        "team": "TJH5YU202",
        "user_team": "TJH5YU202",
        "source_team": "TJH5YU202",
        "user_profile": {
            "avatar_hash": "273d3745f7ae",
            "image_72": "https:\/\/avatars.slack-edge.com\/2019-05-20\/634344238497_273d3745f7ae1b176b82_72.jpg",
            "first_name": "Charly",
            "real_name": "Charly",
            "display_name": "Charly",
            "team": "TJH5YU202",
            "name": "carles9000",
            "is_restricted": false,
            "is_ultra_restricted": false
        },
        "blocks": [
            {
                "type": "rich_text",
                "block_id": "CUHDk",
                "elements": [
                    {
                        "type": "rich_text_section",
                        "elements": [
                            {
                                "type": "text",
                                "text": "en funcion de la respuesta haces una cosa u otra"
                            }
                        ]
                    }
                ]
            }
        ]
    },
    {
        "client_msg_id": "73187f2f-3e69-4b93-b773-ada013f72949",
        "type": "message",
        "text": "facil",
        "user": "UJWR5N32S",
        "ts": "1595412845.151500",
        "team": "TJH5YU202",
        "user_team": "TJH5YU202",
        "source_team": "TJH5YU202",
        "user_profile": {
            "avatar_hash": "273d3745f7ae",
            "image_72": "https:\/\/avatars.slack-edge.com\/2019-05-20\/634344238497_273d3745f7ae1b176b82_72.jpg",
            "first_name": "Charly",
            "real_name": "Charly",
            "display_name": "Charly",
            "team": "TJH5YU202",
            "name": "carles9000",
            "is_restricted": false,
            "is_ultra_restricted": false
        },
        "blocks": [
            {
                "type": "rich_text",
                "block_id": "rXp",
                "elements": [
                    {
                        "type": "rich_text_section",
                        "elements": [
                            {
                                "type": "text",
                                "text": "facil"
                            }
                        ]
                    }
                ]
            }
        ]
    },
    {
        "client_msg_id": "d7e3f324-7455-45ee-a8da-c72eb6c109aa",
        "type": "message",
        "text": "Estuve pensando en la clase TValidator que pienso que debería funcionar de forma similar. Tal como está ahora (corrígeme) hay que enviar un formulario completo para que se procese y se valide ¿no es así?",
        "user": "UJU6EJHU4",
        "ts": "1595412909.152500",
        "team": "TJH5YU202",
        "user_team": "TJH5YU202",
        "source_team": "TJH5YU202",
        "user_profile": {
            "avatar_hash": "ge91f7ce2dab",
            "image_72": "https:\/\/secure.gravatar.com\/avatar\/86e91f7ce2dab87299ca03646dcf2603.jpg?s=72&d=https%3A%2F%2Fa.slack-edge.com%2Fdf10d%2Fimg%2Favatars%2Fava_0019-72.png",
            "first_name": "Angel",
            "real_name": "Angel Reigosa",
            "display_name": "Anxo",
            "team": "TJH5YU202",
            "name": "areigosa",
            "is_restricted": false,
            "is_ultra_restricted": false
        },
        "blocks": [
            {
                "type": "rich_text",
                "block_id": "gJlh",
                "elements": [
                    {
                        "type": "rich_text_section",
                        "elements": [
                            {
                                "type": "text",
                                "text": "Estuve pensando en la clase TValidator que pienso que debería funcionar de forma similar. Tal como está ahora (corrígeme) hay que enviar un formulario completo para que se procese y se valide ¿no es así?"
                            }
                        ]
                    }
                ]
            }
        ]
    },
    {
        "client_msg_id": "c4320729-b37c-46d2-b354-e0750ed4277b",
        "type": "message",
        "text": "Cuando llega al controlador la peticion, este debe recojer los parametros que se le envia. Estos parámetros SIEMPRE se han de validar, regla num 1",
        "user": "UJWR5N32S",
        "ts": "1595412973.154300",
        "team": "TJH5YU202",
        "user_team": "TJH5YU202",
        "source_team": "TJH5YU202",
        "user_profile": {
            "avatar_hash": "273d3745f7ae",
            "image_72": "https:\/\/avatars.slack-edge.com\/2019-05-20\/634344238497_273d3745f7ae1b176b82_72.jpg",
            "first_name": "Charly",
            "real_name": "Charly",
            "display_name": "Charly",
            "team": "TJH5YU202",
            "name": "carles9000",
            "is_restricted": false,
            "is_ultra_restricted": false
        },
        "blocks": [
            {
                "type": "rich_text",
                "block_id": "PATT",
                "elements": [
                    {
                        "type": "rich_text_section",
                        "elements": [
                            {
                                "type": "text",
                                "text": "Cuando llega al controlador la peticion, este debe recojer los parametros que se le envia. Estos parámetros SIEMPRE se han de validar, regla num 1"
                            }
                        ]
                    }
                ]
            }
        ]
    },
    {
        "client_msg_id": "16e6666c-04c9-4ac2-ab5a-1f53c7c12d9d",
        "type": "message",
        "text": "&gt; Se podría enviar input a input por AJAX, validarlo y devolver una respuesta para pasar al siguiente input o no?",
        "user": "UJU6EJHU4",
        "ts": "1595412986.154700",
        "team": "TJH5YU202",
        "user_team": "TJH5YU202",
        "source_team": "TJH5YU202",
        "user_profile": {
            "avatar_hash": "ge91f7ce2dab",
            "image_72": "https:\/\/secure.gravatar.com\/avatar\/86e91f7ce2dab87299ca03646dcf2603.jpg?s=72&d=https%3A%2F%2Fa.slack-edge.com%2Fdf10d%2Fimg%2Favatars%2Fava_0019-72.png",
            "first_name": "Angel",
            "real_name": "Angel Reigosa",
            "display_name": "Anxo",
            "team": "TJH5YU202",
            "name": "areigosa",
            "is_restricted": false,
            "is_ultra_restricted": false
        },
        "blocks": [
            {
                "type": "rich_text",
                "block_id": "QEs",
                "elements": [
                    {
                        "type": "rich_text_quote",
                        "elements": [
                            {
                                "type": "text",
                                "text": "Se podría enviar input a input por AJAX, validarlo y devolver una respuesta para pasar al siguiente input o no?"
                            }
                        ]
                    }
                ]
            }
        ]
    },
    {
        "client_msg_id": "e07fd2ea-e5ea-4a29-8b20-6df622029201",
        "type": "message",
        "text": "y podeis utilizar TValidator() o vuestras funcion q querais",
        "user": "UJWR5N32S",
        "ts": "1595412988.154800",
        "team": "TJH5YU202",
        "user_team": "TJH5YU202",
        "source_team": "TJH5YU202",
        "user_profile": {
            "avatar_hash": "273d3745f7ae",
            "image_72": "https:\/\/avatars.slack-edge.com\/2019-05-20\/634344238497_273d3745f7ae1b176b82_72.jpg",
            "first_name": "Charly",
            "real_name": "Charly",
            "display_name": "Charly",
            "team": "TJH5YU202",
            "name": "carles9000",
            "is_restricted": false,
            "is_ultra_restricted": false
        },
        "blocks": [
            {
                "type": "rich_text",
                "block_id": "+WN",
                "elements": [
                    {
                        "type": "rich_text_section",
                        "elements": [
                            {
                                "type": "text",
                                "text": "y podeis utilizar TValidator() o vuestras funcion q querais"
                            }
                        ]
                    }
                ]
            }
        ]
    },
    {
        "client_msg_id": "6a1cf065-5603-4c05-bf13-551b5b07bcba",
        "type": "message",
        "text": "Bueno, no es la manera normal de hacerlo. Normalmente cojes todas las entradas y las envias. el server valida y si casca te dice donde",
        "user": "UJWR5N32S",
        "ts": "1595413043.156400",
        "team": "TJH5YU202",
        "user_team": "TJH5YU202",
        "source_team": "TJH5YU202",
        "user_profile": {
            "avatar_hash": "273d3745f7ae",
            "image_72": "https:\/\/avatars.slack-edge.com\/2019-05-20\/634344238497_273d3745f7ae1b176b82_72.jpg",
            "first_name": "Charly",
            "real_name": "Charly",
            "display_name": "Charly",
            "team": "TJH5YU202",
            "name": "carles9000",
            "is_restricted": false,
            "is_ultra_restricted": false
        },
        "blocks": [
            {
                "type": "rich_text",
                "block_id": "OpsVu",
                "elements": [
                    {
                        "type": "rich_text_section",
                        "elements": [
                            {
                                "type": "text",
                                "text": "Bueno, no es la manera normal de hacerlo. Normalmente cojes todas las entradas y las envias. el server valida y si casca te dice donde"
                            }
                        ]
                    }
                ]
            }
        ]
    },
    {
        "client_msg_id": "aba496ed-8cd9-40fa-b5c8-7b9565a3ef7a",
        "type": "message",
        "text": "Tema ajax es el que consigues la velocidad en la web, pero es un pco mas laborios. Digamos que es un nivel superior de programacion (q no significa dificil)",
        "user": "UJWR5N32S",
        "ts": "1595413097.157700",
        "team": "TJH5YU202",
        "user_team": "TJH5YU202",
        "source_team": "TJH5YU202",
        "user_profile": {
            "avatar_hash": "273d3745f7ae",
            "image_72": "https:\/\/avatars.slack-edge.com\/2019-05-20\/634344238497_273d3745f7ae1b176b82_72.jpg",
            "first_name": "Charly",
            "real_name": "Charly",
            "display_name": "Charly",
            "team": "TJH5YU202",
            "name": "carles9000",
            "is_restricted": false,
            "is_ultra_restricted": false
        },
        "blocks": [
            {
                "type": "rich_text",
                "block_id": "kVI8",
                "elements": [
                    {
                        "type": "rich_text_section",
                        "elements": [
                            {
                                "type": "text",
                                "text": "Tema ajax es el que consigues la velocidad en la web, pero es un pco mas laborios. Digamos que es un nivel superior de programacion (q no significa dificil)"
                            }
                        ]
                    }
                ]
            }
        ]
    },
    {
        "client_msg_id": "4df5ceba-e4b3-479f-881f-335943a8eaaf",
        "type": "message",
        "text": "No se si me explico, Charly, hasta que se hace el submit no se envían los inputs al server, es decir que se envían todos juntos y se procesan todos a la vez con TValidator o la clase que queramos. Si hay error lo devolvemos y vuelta a rellenar el form. corregir y reenviar y así hasta que esté validado.",
        "user": "UJU6EJHU4",
        "ts": "1595413145.158300",
        "team": "TJH5YU202",
        "user_team": "TJH5YU202",
        "source_team": "TJH5YU202",
        "user_profile": {
            "avatar_hash": "ge91f7ce2dab",
            "image_72": "https:\/\/secure.gravatar.com\/avatar\/86e91f7ce2dab87299ca03646dcf2603.jpg?s=72&d=https%3A%2F%2Fa.slack-edge.com%2Fdf10d%2Fimg%2Favatars%2Fava_0019-72.png",
            "first_name": "Angel",
            "real_name": "Angel Reigosa",
            "display_name": "Anxo",
            "team": "TJH5YU202",
            "name": "areigosa",
            "is_restricted": false,
            "is_ultra_restricted": false
        },
        "blocks": [
            {
                "type": "rich_text",
                "block_id": "6NydP",
                "elements": [
                    {
                        "type": "rich_text_section",
                        "elements": [
                            {
                                "type": "text",
                                "text": "No se si me explico, Charly, hasta que se hace el submit no se envían los inputs al server, es decir que se envían todos juntos y se procesan todos a la vez con TValidator o la clase que queramos. Si hay error lo devolvemos y vuelta a rellenar el form. corregir y reenviar y así hasta que esté validado."
                            }
                        ]
                    }
                ]
            }
        ]
    },
    {
        "client_msg_id": "f4fe08af-b292-4001-9ed4-cfd256cd2380",
        "type": "message",
        "text": "Exacto",
        "user": "UJWR5N32S",
        "ts": "1595413182.158800",
        "team": "TJH5YU202",
        "user_team": "TJH5YU202",
        "source_team": "TJH5YU202",
        "user_profile": {
            "avatar_hash": "273d3745f7ae",
            "image_72": "https:\/\/avatars.slack-edge.com\/2019-05-20\/634344238497_273d3745f7ae1b176b82_72.jpg",
            "first_name": "Charly",
            "real_name": "Charly",
            "display_name": "Charly",
            "team": "TJH5YU202",
            "name": "carles9000",
            "is_restricted": false,
            "is_ultra_restricted": false
        },
        "blocks": [
            {
                "type": "rich_text",
                "block_id": "s=VZs",
                "elements": [
                    {
                        "type": "rich_text_section",
                        "elements": [
                            {
                                "type": "text",
                                "text": "Exacto"
                            }
                        ]
                    }
                ]
            }
        ]
    },
    {
        "client_msg_id": "8bf746a7-ea3f-4f89-a86a-82a866b8be03",
        "type": "message",
        "text": "Lo óptimo es que avisara al terminar de introducir el input en caso de error, pero como dices eso requiere AJAX y otro concepto de programación.",
        "user": "UJU6EJHU4",
        "ts": "1595413207.159300",
        "team": "TJH5YU202",
        "user_team": "TJH5YU202",
        "source_team": "TJH5YU202",
        "user_profile": {
            "avatar_hash": "ge91f7ce2dab",
            "image_72": "https:\/\/secure.gravatar.com\/avatar\/86e91f7ce2dab87299ca03646dcf2603.jpg?s=72&d=https%3A%2F%2Fa.slack-edge.com%2Fdf10d%2Fimg%2Favatars%2Fava_0019-72.png",
            "first_name": "Angel",
            "real_name": "Angel Reigosa",
            "display_name": "Anxo",
            "team": "TJH5YU202",
            "name": "areigosa",
            "is_restricted": false,
            "is_ultra_restricted": false
        },
        "blocks": [
            {
                "type": "rich_text",
                "block_id": "pt5Kp",
                "elements": [
                    {
                        "type": "rich_text_section",
                        "elements": [
                            {
                                "type": "text",
                                "text": "Lo óptimo es que avisara al terminar de introducir el input en caso de error, pero como dices eso requiere AJAX y otro concepto de programación."
                            }
                        ]
                    }
                ]
            }
        ]
    },
    {
        "client_msg_id": "3ee75e89-5c08-409b-82d6-b5e86802ead9",
        "type": "message",
        "text": "No exactamente. Estando en el cliente, cuando tu has rellenado un input, via javascript puedes validar cosillas como si esta en mayusculas, longitud, formateo,... esto lo puedes validar. pero indepedientemente de validar en js, en el server SIEMPRE",
        "user": "UJWR5N32S",
        "ts": "1595413354.161300",
        "team": "TJH5YU202",
        "user_team": "TJH5YU202",
        "source_team": "TJH5YU202",
        "user_profile": {
            "avatar_hash": "273d3745f7ae",
            "image_72": "https:\/\/avatars.slack-edge.com\/2019-05-20\/634344238497_273d3745f7ae1b176b82_72.jpg",
            "first_name": "Charly",
            "real_name": "Charly",
            "display_name": "Charly",
            "team": "TJH5YU202",
            "name": "carles9000",
            "is_restricted": false,
            "is_ultra_restricted": false
        },
        "blocks": [
            {
                "type": "rich_text",
                "block_id": "VC06O",
                "elements": [
                    {
                        "type": "rich_text_section",
                        "elements": [
                            {
                                "type": "text",
                                "text": "No exactamente. Estando en el cliente, cuando tu has rellenado un input, via javascript puedes validar cosillas como si esta en mayusculas, longitud, formateo,... esto lo puedes validar. pero indepedientemente de validar en js, en el server SIEMPRE"
                            }
                        ]
                    }
                ]
            }
        ]
    },
    {
        "client_msg_id": "d425238e-057f-45f1-881a-6b79282e82d3",
        "type": "message",
        "text": "Hablamos de validacion de campo en el sentido de -&gt; obligatorio, longitud min, max, ...",
        "user": "UJWR5N32S",
        "ts": "1595413387.162000",
        "team": "TJH5YU202",
        "user_team": "TJH5YU202",
        "source_team": "TJH5YU202",
        "user_profile": {
            "avatar_hash": "273d3745f7ae",
            "image_72": "https:\/\/avatars.slack-edge.com\/2019-05-20\/634344238497_273d3745f7ae1b176b82_72.jpg",
            "first_name": "Charly",
            "real_name": "Charly",
            "display_name": "Charly",
            "team": "TJH5YU202",
            "name": "carles9000",
            "is_restricted": false,
            "is_ultra_restricted": false
        },
        "blocks": [
            {
                "type": "rich_text",
                "block_id": "mUn",
                "elements": [
                    {
                        "type": "rich_text_section",
                        "elements": [
                            {
                                "type": "text",
                                "text": "Hablamos de validacion de campo en el sentido de -> obligatorio, longitud min, max, ..."
                            }
                        ]
                    }
                ]
            }
        ]
    },
    {
        "client_msg_id": "da487928-79b3-4ed0-8b4c-1d7073f7067d",
        "type": "message",
        "text": "Es que la validación del server es distinta a la que puedes hacer en el cliente con js. Con js no puedes comprobar una clave foránea, por ejemplo, salvo que con AJAX hagas una petición al server y devuelva un resultadoo.",
        "user": "UJU6EJHU4",
        "ts": "1595413508.163300",
        "team": "TJH5YU202",
        "user_team": "TJH5YU202",
        "source_team": "TJH5YU202",
        "user_profile": {
            "avatar_hash": "ge91f7ce2dab",
            "image_72": "https:\/\/secure.gravatar.com\/avatar\/86e91f7ce2dab87299ca03646dcf2603.jpg?s=72&d=https%3A%2F%2Fa.slack-edge.com%2Fdf10d%2Fimg%2Favatars%2Fava_0019-72.png",
            "first_name": "Angel",
            "real_name": "Angel Reigosa",
            "display_name": "Anxo",
            "team": "TJH5YU202",
            "name": "areigosa",
            "is_restricted": false,
            "is_ultra_restricted": false
        },
        "blocks": [
            {
                "type": "rich_text",
                "block_id": "9spm",
                "elements": [
                    {
                        "type": "rich_text_section",
                        "elements": [
                            {
                                "type": "text",
                                "text": "Es que la validación del server es distinta a la que puedes hacer en el cliente con js. Con js no puedes comprobar una clave foránea, por ejemplo, salvo que con AJAX hagas una petición al server y devuelva un resultadoo."
                            }
                        ]
                    }
                ]
            }
        ]
    },
    {
        "client_msg_id": "ff4d0b1c-8999-4d95-9308-4fc04305d120",
        "type": "message",
        "text": "en realidad HTML5 te da herramientas para validar los formularios sin js",
        "user": "UNAHBRTFA",
        "ts": "1595413559.164500",
        "team": "TJH5YU202",
        "user_team": "TJH5YU202",
        "source_team": "TJH5YU202",
        "user_profile": {
            "avatar_hash": "g3d2a3f4c28c",
            "image_72": "https:\/\/secure.gravatar.com\/avatar\/23d2a3f4c28cebb4cf07e48d02620517.jpg?s=72&d=https%3A%2F%2Fa.slack-edge.com%2Fdf10d%2Fimg%2Favatars%2Fava_0020-72.png",
            "first_name": "Andreu",
            "real_name": "Andreu Botella",
            "display_name": "Andreu Botella",
            "team": "TJH5YU202",
            "name": "andreu.132",
            "is_restricted": false,
            "is_ultra_restricted": false
        },
        "blocks": [
            {
                "type": "rich_text",
                "block_id": "JKmH",
                "elements": [
                    {
                        "type": "rich_text_section",
                        "elements": [
                            {
                                "type": "text",
                                "text": "en realidad HTML5 te da herramientas para validar los formularios sin js"
                            }
                        ]
                    }
                ]
            }
        ]
    },
    {
        "client_msg_id": "41d4af4e-70d8-4c51-b106-81a9681fb17a",
        "type": "message",
        "text": "Si, pero debes separar el concepto de TValidator que valida el tipo de dato como he dicho, a que tu luego proceses este campo en una tabla",
        "user": "UJWR5N32S",
        "ts": "1595413578.165400",
        "team": "TJH5YU202",
        "user_team": "TJH5YU202",
        "source_team": "TJH5YU202",
        "user_profile": {
            "avatar_hash": "273d3745f7ae",
            "image_72": "https:\/\/avatars.slack-edge.com\/2019-05-20\/634344238497_273d3745f7ae1b176b82_72.jpg",
            "first_name": "Charly",
            "real_name": "Charly",
            "display_name": "Charly",
            "team": "TJH5YU202",
            "name": "carles9000",
            "is_restricted": false,
            "is_ultra_restricted": false
        },
        "blocks": [
            {
                "type": "rich_text",
                "block_id": "J+pS",
                "elements": [
                    {
                        "type": "rich_text_section",
                        "elements": [
                            {
                                "type": "text",
                                "text": "Si, pero debes separar el concepto de TValidator que valida el tipo de dato como he dicho, a que tu luego proceses este campo en una tabla"
                            }
                        ]
                    }
                ]
            }
        ]
    },
    {
        "client_msg_id": "f8813a7f-dfcb-429f-a46f-b0c6c539d4a8",
        "type": "message",
        "text": "`&lt;input type=\"text\" pattern=\"[A-Z0-9]*\"&gt;`",
        "user": "UNAHBRTFA",
        "ts": "1595413578.165500",
        "team": "TJH5YU202",
        "user_team": "TJH5YU202",
        "source_team": "TJH5YU202",
        "user_profile": {
            "avatar_hash": "g3d2a3f4c28c",
            "image_72": "https:\/\/secure.gravatar.com\/avatar\/23d2a3f4c28cebb4cf07e48d02620517.jpg?s=72&d=https%3A%2F%2Fa.slack-edge.com%2Fdf10d%2Fimg%2Favatars%2Fava_0020-72.png",
            "first_name": "Andreu",
            "real_name": "Andreu Botella",
            "display_name": "Andreu Botella",
            "team": "TJH5YU202",
            "name": "andreu.132",
            "is_restricted": false,
            "is_ultra_restricted": false
        },
        "edited": {
            "user": "UNAHBRTFA",
            "ts": "1595413590.000000"
        },
        "blocks": [
            {
                "type": "rich_text",
                "block_id": "ll\/",
                "elements": [
                    {
                        "type": "rich_text_section",
                        "elements": [
                            {
                                "type": "text",
                                "text": "<input type=\"text\" pattern=\"[A-Z0-9]*\">",
                                "style": {
                                    "code": true
                                }
                            }
                        ]
                    }
                ]
            }
        ]
    },
    {
        "client_msg_id": "a2811da2-3d08-4947-b667-2bf21b3b3dad",
        "type": "message",
        "text": "si necesitas más lógica, sí tienes que usar js, pero no tanto",
        "user": "UNAHBRTFA",
        "ts": "1595413633.166700",
        "team": "TJH5YU202",
        "user_team": "TJH5YU202",
        "source_team": "TJH5YU202",
        "user_profile": {
            "avatar_hash": "g3d2a3f4c28c",
            "image_72": "https:\/\/secure.gravatar.com\/avatar\/23d2a3f4c28cebb4cf07e48d02620517.jpg?s=72&d=https%3A%2F%2Fa.slack-edge.com%2Fdf10d%2Fimg%2Favatars%2Fava_0020-72.png",
            "first_name": "Andreu",
            "real_name": "Andreu Botella",
            "display_name": "Andreu Botella",
            "team": "TJH5YU202",
            "name": "andreu.132",
            "is_restricted": false,
            "is_ultra_restricted": false
        },
        "blocks": [
            {
                "type": "rich_text",
                "block_id": "1\/K",
                "elements": [
                    {
                        "type": "rich_text_section",
                        "elements": [
                            {
                                "type": "text",
                                "text": "si necesitas más lógica, sí tienes que usar js, pero no tanto"
                            }
                        ]
                    }
                ]
            }
        ]
    },
    {
        "client_msg_id": "54db7b2f-fa51-4831-ae4b-f7567a48c132",
        "type": "message",
        "text": "Es ecir, primero validas que el tipo de datos sea con un formato especifico, p.e quiero que 'id_user' sea un campo obligatorio, de long max de 8.   Si no cumple esta especificacion devuelves un error de tipo de campo. Si pasa la validacion de dato entonces realizas tu validacion de sistema p.e. si existe el 'id_user', si tiene registros, ....",
        "user": "UJWR5N32S",
        "ts": "1595413727.168700",
        "team": "TJH5YU202",
        "user_team": "TJH5YU202",
        "source_team": "TJH5YU202",
        "user_profile": {
            "avatar_hash": "273d3745f7ae",
            "image_72": "https:\/\/avatars.slack-edge.com\/2019-05-20\/634344238497_273d3745f7ae1b176b82_72.jpg",
            "first_name": "Charly",
            "real_name": "Charly",
            "display_name": "Charly",
            "team": "TJH5YU202",
            "name": "carles9000",
            "is_restricted": false,
            "is_ultra_restricted": false
        },
        "blocks": [
            {
                "type": "rich_text",
                "block_id": "qt9",
                "elements": [
                    {
                        "type": "rich_text_section",
                        "elements": [
                            {
                                "type": "text",
                                "text": "Es ecir, primero validas que el tipo de datos sea con un formato especifico, p.e quiero que 'id_user' sea un campo obligatorio, de long max de 8.   Si no cumple esta especificacion devuelves un error de tipo de campo. Si pasa la validacion de dato entonces realizas tu validacion de sistema p.e. si existe el 'id_user', si tiene registros, ...."
                            }
                        ]
                    }
                ]
            }
        ]
    },
    {
        "client_msg_id": "09ff0532-42eb-4a1e-9e84-fa8eeb213ddf",
        "type": "message",
        "text": "Como dice andreu en js puedes validar campos, pero es una 1 capa. Luego SIEMPRE has de volver a validar en el server",
        "user": "UJWR5N32S",
        "ts": "1595413770.169700",
        "team": "TJH5YU202",
        "user_team": "TJH5YU202",
        "source_team": "TJH5YU202",
        "user_profile": {
            "avatar_hash": "273d3745f7ae",
            "image_72": "https:\/\/avatars.slack-edge.com\/2019-05-20\/634344238497_273d3745f7ae1b176b82_72.jpg",
            "first_name": "Charly",
            "real_name": "Charly",
            "display_name": "Charly",
            "team": "TJH5YU202",
            "name": "carles9000",
            "is_restricted": false,
            "is_ultra_restricted": false
        },
        "blocks": [
            {
                "type": "rich_text",
                "block_id": "pxYr",
                "elements": [
                    {
                        "type": "rich_text_section",
                        "elements": [
                            {
                                "type": "text",
                                "text": "Como dice andreu en js puedes validar campos, pero es una 1 capa. Luego SIEMPRE has de volver a validar en el server"
                            }
                        ]
                    }
                ]
            }
        ]
    },
    {
        "client_msg_id": "50f5e0cc-9a40-4c01-a4f6-b073f7be3da7",
        "type": "message",
        "text": "lo que estoy diciendo yo es que si no hay mucha lógica, se puede validar directamente en HTML",
        "user": "UNAHBRTFA",
        "ts": "1595413795.170300",
        "team": "TJH5YU202",
        "user_team": "TJH5YU202",
        "source_team": "TJH5YU202",
        "user_profile": {
            "avatar_hash": "g3d2a3f4c28c",
            "image_72": "https:\/\/secure.gravatar.com\/avatar\/23d2a3f4c28cebb4cf07e48d02620517.jpg?s=72&d=https%3A%2F%2Fa.slack-edge.com%2Fdf10d%2Fimg%2Favatars%2Fava_0020-72.png",
            "first_name": "Andreu",
            "real_name": "Andreu Botella",
            "display_name": "Andreu Botella",
            "team": "TJH5YU202",
            "name": "andreu.132",
            "is_restricted": false,
            "is_ultra_restricted": false
        },
        "blocks": [
            {
                "type": "rich_text",
                "block_id": "Or=",
                "elements": [
                    {
                        "type": "rich_text_section",
                        "elements": [
                            {
                                "type": "text",
                                "text": "lo que estoy diciendo yo es que si no hay mucha lógica, se puede validar directamente en HTML"
                            }
                        ]
                    }
                ]
            }
        ]
    },
    {
        "client_msg_id": "95985935-2723-4d47-8fbd-09f3df5587f3",
        "type": "message",
        "text": "Gracias Andreu, no conocía el atributo pattern. Parece muy útil.",
        "user": "UJU6EJHU4",
        "ts": "1595413810.170800",
        "team": "TJH5YU202",
        "user_team": "TJH5YU202",
        "source_team": "TJH5YU202",
        "user_profile": {
            "avatar_hash": "ge91f7ce2dab",
            "image_72": "https:\/\/secure.gravatar.com\/avatar\/86e91f7ce2dab87299ca03646dcf2603.jpg?s=72&d=https%3A%2F%2Fa.slack-edge.com%2Fdf10d%2Fimg%2Favatars%2Fava_0019-72.png",
            "first_name": "Angel",
            "real_name": "Angel Reigosa",
            "display_name": "Anxo",
            "team": "TJH5YU202",
            "name": "areigosa",
            "is_restricted": false,
            "is_ultra_restricted": false
        },
        "blocks": [
            {
                "type": "rich_text",
                "block_id": "J0AN",
                "elements": [
                    {
                        "type": "rich_text_section",
                        "elements": [
                            {
                                "type": "text",
                                "text": "Gracias Andreu, no conocía el atributo pattern. Parece muy útil."
                            }
                        ]
                    }
                ]
            }
        ]
    },
    {
        "client_msg_id": "16dd4957-c02c-48eb-9929-5f2b31711ff7",
        "type": "message",
        "text": "Yo no hablo de logica, sino de un tipo de dato",
        "user": "UJWR5N32S",
        "ts": "1595413828.171600",
        "team": "TJH5YU202",
        "user_team": "TJH5YU202",
        "source_team": "TJH5YU202",
        "user_profile": {
            "avatar_hash": "273d3745f7ae",
            "image_72": "https:\/\/avatars.slack-edge.com\/2019-05-20\/634344238497_273d3745f7ae1b176b82_72.jpg",
            "first_name": "Charly",
            "real_name": "Charly",
            "display_name": "Charly",
            "team": "TJH5YU202",
            "name": "carles9000",
            "is_restricted": false,
            "is_ultra_restricted": false
        },
        "blocks": [
            {
                "type": "rich_text",
                "block_id": "H2A",
                "elements": [
                    {
                        "type": "rich_text_section",
                        "elements": [
                            {
                                "type": "text",
                                "text": "Yo no hablo de logica, sino de un tipo de dato"
                            }
                        ]
                    }
                ]
            }
        ]
    },
    {
        "client_msg_id": "2701c0b8-761f-45ac-8240-a0b25877e95f",
        "type": "message",
        "text": "`&lt;input type=\"text\" name=\"id_user\" required maxlength=\"8\" pattern=\"[A-Za-z0-9]+\"&gt;`",
        "user": "UNAHBRTFA",
        "ts": "1595413855.171900",
        "team": "TJH5YU202",
        "user_team": "TJH5YU202",
        "source_team": "TJH5YU202",
        "user_profile": {
            "avatar_hash": "g3d2a3f4c28c",
            "image_72": "https:\/\/secure.gravatar.com\/avatar\/23d2a3f4c28cebb4cf07e48d02620517.jpg?s=72&d=https%3A%2F%2Fa.slack-edge.com%2Fdf10d%2Fimg%2Favatars%2Fava_0020-72.png",
            "first_name": "Andreu",
            "real_name": "Andreu Botella",
            "display_name": "Andreu Botella",
            "team": "TJH5YU202",
            "name": "andreu.132",
            "is_restricted": false,
            "is_ultra_restricted": false
        },
        "blocks": [
            {
                "type": "rich_text",
                "block_id": "xJqrx",
                "elements": [
                    {
                        "type": "rich_text_section",
                        "elements": [
                            {
                                "type": "text",
                                "text": "<input type=\"text\" name=\"id_user\" required maxlength=\"8\" pattern=\"[A-Za-z0-9]+\">",
                                "style": {
                                    "code": true
                                }
                            }
                        ]
                    }
                ]
            }
        ]
    },
    {
        "client_msg_id": "977fda01-0a90-42f8-ab1f-f5e03e5b0ee2",
        "type": "message",
        "text": "Esto que pone andreu te valida el campo con este patrom, pero el tio listo (que los hay) te lo puede manipular con el inspector y te lo cuela en el server. Por eso q SIEMPRE se ha de validar en el servidor",
        "user": "UJWR5N32S",
        "ts": "1595413913.173300",
        "team": "TJH5YU202",
        "user_team": "TJH5YU202",
        "source_team": "TJH5YU202",
        "user_profile": {
            "avatar_hash": "273d3745f7ae",
            "image_72": "https:\/\/avatars.slack-edge.com\/2019-05-20\/634344238497_273d3745f7ae1b176b82_72.jpg",
            "first_name": "Charly",
            "real_name": "Charly",
            "display_name": "Charly",
            "team": "TJH5YU202",
            "name": "carles9000",
            "is_restricted": false,
            "is_ultra_restricted": false
        },
        "blocks": [
            {
                "type": "rich_text",
                "block_id": "xw0",
                "elements": [
                    {
                        "type": "rich_text_section",
                        "elements": [
                            {
                                "type": "text",
                                "text": "Esto que pone andreu te valida el campo con este patrom, pero el tio listo (que los hay) te lo puede manipular con el inspector y te lo cuela en el server. Por eso q SIEMPRE se ha de validar en el servidor"
                            }
                        ]
                    }
                ]
            }
        ]
    },
    {
        "client_msg_id": "b8372837-c639-47d0-a6e0-be35db0ef4de",
        "type": "message",
        "text": "exacto",
        "user": "UNAHBRTFA",
        "ts": "1595413920.173500",
        "team": "TJH5YU202",
        "user_team": "TJH5YU202",
        "source_team": "TJH5YU202",
        "user_profile": {
            "avatar_hash": "g3d2a3f4c28c",
            "image_72": "https:\/\/secure.gravatar.com\/avatar\/23d2a3f4c28cebb4cf07e48d02620517.jpg?s=72&d=https%3A%2F%2Fa.slack-edge.com%2Fdf10d%2Fimg%2Favatars%2Fava_0020-72.png",
            "first_name": "Andreu",
            "real_name": "Andreu Botella",
            "display_name": "Andreu Botella",
            "team": "TJH5YU202",
            "name": "andreu.132",
            "is_restricted": false,
            "is_ultra_restricted": false
        },
        "blocks": [
            {
                "type": "rich_text",
                "block_id": "IsSe",
                "elements": [
                    {
                        "type": "rich_text_section",
                        "elements": [
                            {
                                "type": "text",
                                "text": "exacto"
                            }
                        ]
                    }
                ]
            }
        ]
    },
    {
        "client_msg_id": "d33e4469-f98b-4450-81dc-a0663ed00153",
        "type": "message",
        "text": "Os dejo, ciao",
        "user": "UJWR5N32S",
        "ts": "1595413929.173800",
        "team": "TJH5YU202",
        "user_team": "TJH5YU202",
        "source_team": "TJH5YU202",
        "user_profile": {
            "avatar_hash": "273d3745f7ae",
            "image_72": "https:\/\/avatars.slack-edge.com\/2019-05-20\/634344238497_273d3745f7ae1b176b82_72.jpg",
            "first_name": "Charly",
            "real_name": "Charly",
            "display_name": "Charly",
            "team": "TJH5YU202",
            "name": "carles9000",
            "is_restricted": false,
            "is_ultra_restricted": false
        },
        "blocks": [
            {
                "type": "rich_text",
                "block_id": "kn+Cr",
                "elements": [
                    {
                        "type": "rich_text_section",
                        "elements": [
                            {
                                "type": "text",
                                "text": "Os dejo, ciao"
                            }
                        ]
                    }
                ]
            }
        ]
    },
    {
        "client_msg_id": "e1450b4d-1fac-4ac0-be04-913293d26f3d",
        "type": "message",
        "text": "bueno, con el inspector creo que no se puede manipular, pero con un editor de requests sí",
        "user": "UNAHBRTFA",
        "ts": "1595413943.174100",
        "team": "TJH5YU202",
        "user_team": "TJH5YU202",
        "source_team": "TJH5YU202",
        "user_profile": {
            "avatar_hash": "g3d2a3f4c28c",
            "image_72": "https:\/\/secure.gravatar.com\/avatar\/23d2a3f4c28cebb4cf07e48d02620517.jpg?s=72&d=https%3A%2F%2Fa.slack-edge.com%2Fdf10d%2Fimg%2Favatars%2Fava_0020-72.png",
            "first_name": "Andreu",
            "real_name": "Andreu Botella",
            "display_name": "Andreu Botella",
            "team": "TJH5YU202",
            "name": "andreu.132",
            "is_restricted": false,
            "is_ultra_restricted": false
        },
        "blocks": [
            {
                "type": "rich_text",
                "block_id": "14o5",
                "elements": [
                    {
                        "type": "rich_text_section",
                        "elements": [
                            {
                                "type": "text",
                                "text": "bueno, con el inspector creo que no se puede manipular, pero con un editor de requests sí"
                            }
                        ]
                    }
                ]
            }
        ]
    },
    {
        "client_msg_id": "91cb4e6c-41fe-4d00-9ae6-d83e4d3de861",
        "type": "message",
        "text": "en cualquier caso, valida siempre en el server",
        "user": "UNAHBRTFA",
        "ts": "1595413956.174600",
        "team": "TJH5YU202",
        "user_team": "TJH5YU202",
        "source_team": "TJH5YU202",
        "user_profile": {
            "avatar_hash": "g3d2a3f4c28c",
            "image_72": "https:\/\/secure.gravatar.com\/avatar\/23d2a3f4c28cebb4cf07e48d02620517.jpg?s=72&d=https%3A%2F%2Fa.slack-edge.com%2Fdf10d%2Fimg%2Favatars%2Fava_0020-72.png",
            "first_name": "Andreu",
            "real_name": "Andreu Botella",
            "display_name": "Andreu Botella",
            "team": "TJH5YU202",
            "name": "andreu.132",
            "is_restricted": false,
            "is_ultra_restricted": false
        },
        "blocks": [
            {
                "type": "rich_text",
                "block_id": "cT7T",
                "elements": [
                    {
                        "type": "rich_text_section",
                        "elements": [
                            {
                                "type": "text",
                                "text": "en cualquier caso, valida siempre en el server"
                            }
                        ]
                    }
                ]
            }
        ]
    },
    {
        "client_msg_id": "de679255-8db2-494c-aa91-ee8360221d2a",
        "type": "message",
        "text": "Pero el server debe validar cosas que solo el server sabe, como si un dato entrado existe en una tabla, y para ello hay que enviar el form entero o programar para preguntárselo por AJAX . CHao Charly.",
        "user": "UJU6EJHU4",
        "ts": "1595413969.174800",
        "team": "TJH5YU202",
        "user_team": "TJH5YU202",
        "source_team": "TJH5YU202",
        "user_profile": {
            "avatar_hash": "ge91f7ce2dab",
            "image_72": "https:\/\/secure.gravatar.com\/avatar\/86e91f7ce2dab87299ca03646dcf2603.jpg?s=72&d=https%3A%2F%2Fa.slack-edge.com%2Fdf10d%2Fimg%2Favatars%2Fava_0019-72.png",
            "first_name": "Angel",
            "real_name": "Angel Reigosa",
            "display_name": "Anxo",
            "team": "TJH5YU202",
            "name": "areigosa",
            "is_restricted": false,
            "is_ultra_restricted": false
        },
        "blocks": [
            {
                "type": "rich_text",
                "block_id": "D0n",
                "elements": [
                    {
                        "type": "rich_text_section",
                        "elements": [
                            {
                                "type": "text",
                                "text": "Pero el server debe validar cosas que solo el server sabe, como si un dato entrado existe en una tabla, y para ello hay que enviar el form entero o programar para preguntárselo por AJAX . CHao Charly."
                            }
                        ]
                    }
                ]
            }
        ]
    },
    {
        "client_msg_id": "6792d203-2dad-4fbc-b3f2-cc3b334c0a90",
        "type": "message",
        "text": "lo importante es que todas las validaciones que hagas en el cliente son para facilitar la experiencia de usuario",
        "user": "UNAHBRTFA",
        "ts": "1595414002.175600",
        "team": "TJH5YU202",
        "user_team": "TJH5YU202",
        "source_team": "TJH5YU202",
        "user_profile": {
            "avatar_hash": "g3d2a3f4c28c",
            "image_72": "https:\/\/secure.gravatar.com\/avatar\/23d2a3f4c28cebb4cf07e48d02620517.jpg?s=72&d=https%3A%2F%2Fa.slack-edge.com%2Fdf10d%2Fimg%2Favatars%2Fava_0020-72.png",
            "first_name": "Andreu",
            "real_name": "Andreu Botella",
            "display_name": "Andreu Botella",
            "team": "TJH5YU202",
            "name": "andreu.132",
            "is_restricted": false,
            "is_ultra_restricted": false
        },
        "blocks": [
            {
                "type": "rich_text",
                "block_id": "YizD",
                "elements": [
                    {
                        "type": "rich_text_section",
                        "elements": [
                            {
                                "type": "text",
                                "text": "lo importante es que todas las validaciones que hagas en el cliente son para facilitar la experiencia de usuario"
                            }
                        ]
                    }
                ]
            }
        ]
    },
    {
        "client_msg_id": "38143aa8-2950-4eec-992b-c031cd0eee27",
        "type": "message",
        "text": "pero alguien que sepa lo suyo se las puede saltar",
        "user": "UNAHBRTFA",
        "ts": "1595414014.176200",
        "team": "TJH5YU202",
        "user_team": "TJH5YU202",
        "source_team": "TJH5YU202",
        "user_profile": {
            "avatar_hash": "g3d2a3f4c28c",
            "image_72": "https:\/\/secure.gravatar.com\/avatar\/23d2a3f4c28cebb4cf07e48d02620517.jpg?s=72&d=https%3A%2F%2Fa.slack-edge.com%2Fdf10d%2Fimg%2Favatars%2Fava_0020-72.png",
            "first_name": "Andreu",
            "real_name": "Andreu Botella",
            "display_name": "Andreu Botella",
            "team": "TJH5YU202",
            "name": "andreu.132",
            "is_restricted": false,
            "is_ultra_restricted": false
        },
        "blocks": [
            {
                "type": "rich_text",
                "block_id": "2h5Mo",
                "elements": [
                    {
                        "type": "rich_text_section",
                        "elements": [
                            {
                                "type": "text",
                                "text": "pero alguien que sepa lo suyo se las puede saltar"
                            }
                        ]
                    }
                ]
            }
        ]
    },
    {
        "client_msg_id": "49dee4af-d495-49ea-a292-3390f8122cd5",
        "type": "message",
        "text": "por eso tienes que comprobarlas también en el server",
        "user": "UNAHBRTFA",
        "ts": "1595414022.176600",
        "team": "TJH5YU202",
        "user_team": "TJH5YU202",
        "source_team": "TJH5YU202",
        "user_profile": {
            "avatar_hash": "g3d2a3f4c28c",
            "image_72": "https:\/\/secure.gravatar.com\/avatar\/23d2a3f4c28cebb4cf07e48d02620517.jpg?s=72&d=https%3A%2F%2Fa.slack-edge.com%2Fdf10d%2Fimg%2Favatars%2Fava_0020-72.png",
            "first_name": "Andreu",
            "real_name": "Andreu Botella",
            "display_name": "Andreu Botella",
            "team": "TJH5YU202",
            "name": "andreu.132",
            "is_restricted": false,
            "is_ultra_restricted": false
        },
        "edited": {
            "user": "UNAHBRTFA",
            "ts": "1595414027.000000"
        },
        "blocks": [
            {
                "type": "rich_text",
                "block_id": "tQX",
                "elements": [
                    {
                        "type": "rich_text_section",
                        "elements": [
                            {
                                "type": "text",
                                "text": "por eso tienes que comprobarlas también en el server"
                            }
                        ]
                    }
                ]
            }
        ]
    },
    {
        "client_msg_id": "4e7640a5-1f74-4fc4-8780-470498e09ffb",
        "type": "message",
        "text": "Anxo, si debe validar lo que dices, pero previamente has de SANEAR los datos que te entran en el server :wink:",
        "user": "UJWR5N32S",
        "ts": "1595414025.176900",
        "team": "TJH5YU202",
        "user_team": "TJH5YU202",
        "source_team": "TJH5YU202",
        "user_profile": {
            "avatar_hash": "273d3745f7ae",
            "image_72": "https:\/\/avatars.slack-edge.com\/2019-05-20\/634344238497_273d3745f7ae1b176b82_72.jpg",
            "first_name": "Charly",
            "real_name": "Charly",
            "display_name": "Charly",
            "team": "TJH5YU202",
            "name": "carles9000",
            "is_restricted": false,
            "is_ultra_restricted": false
        },
        "blocks": [
            {
                "type": "rich_text",
                "block_id": "LUdEd",
                "elements": [
                    {
                        "type": "rich_text_section",
                        "elements": [
                            {
                                "type": "text",
                                "text": "Anxo, si debe validar lo que dices, pero previamente has de SANEAR los datos que te entran en el server "
                            },
                            {
                                "type": "emoji",
                                "name": "wink"
                            }
                        ]
                    }
                ]
            }
        ]
    },
    {
        "client_msg_id": "2b1eedf3-7225-4a96-a99b-9792f1daf1d8",
        "type": "message",
        "text": "Está claro.",
        "user": "UJU6EJHU4",
        "ts": "1595414038.177200",
        "team": "TJH5YU202",
        "user_team": "TJH5YU202",
        "source_team": "TJH5YU202",
        "user_profile": {
            "avatar_hash": "ge91f7ce2dab",
            "image_72": "https:\/\/secure.gravatar.com\/avatar\/86e91f7ce2dab87299ca03646dcf2603.jpg?s=72&d=https%3A%2F%2Fa.slack-edge.com%2Fdf10d%2Fimg%2Favatars%2Fava_0019-72.png",
            "first_name": "Angel",
            "real_name": "Angel Reigosa",
            "display_name": "Anxo",
            "team": "TJH5YU202",
            "name": "areigosa",
            "is_restricted": false,
            "is_ultra_restricted": false
        },
        "blocks": [
            {
                "type": "rich_text",
                "block_id": "m+eAe",
                "elements": [
                    {
                        "type": "rich_text_section",
                        "elements": [
                            {
                                "type": "text",
                                "text": "Está claro."
                            }
                        ]
                    }
                ]
            }
        ]
    },
    {
        "client_msg_id": "26bbc9ba-c4d2-47d4-b3b9-d44725788a14",
        "type": "message",
        "text": "Listos!",
        "user": "UJWR5N32S",
        "ts": "1595414043.177400",
        "team": "TJH5YU202",
        "user_team": "TJH5YU202",
        "source_team": "TJH5YU202",
        "user_profile": {
            "avatar_hash": "273d3745f7ae",
            "image_72": "https:\/\/avatars.slack-edge.com\/2019-05-20\/634344238497_273d3745f7ae1b176b82_72.jpg",
            "first_name": "Charly",
            "real_name": "Charly",
            "display_name": "Charly",
            "team": "TJH5YU202",
            "name": "carles9000",
            "is_restricted": false,
            "is_ultra_restricted": false
        },
        "blocks": [
            {
                "type": "rich_text",
                "block_id": "\/LG",
                "elements": [
                    {
                        "type": "rich_text_section",
                        "elements": [
                            {
                                "type": "text",
                                "text": "Listos!"
                            }
                        ]
                    }
                ]
            }
        ]
    }
]