[
    {
        "client_msg_id": "34263007-6dd7-4774-a588-ddbf3bae805e",
        "type": "message",
        "text": "Una ayuda con el despegue, no he podido resolver esto, se supone que la barra esta vacía y no debe mostrar el directorio sino ejecutar el index.prg de la carpeta scr.",
        "user": "U016JJSHGKB",
        "ts": "1595003691.067500",
        "team": "TJH5YU202",
        "user_team": "TJH5YU202",
        "source_team": "TJH5YU202",
        "user_profile": {
            "avatar_hash": "g82054a3b3a7",
            "image_72": "https:\/\/secure.gravatar.com\/avatar\/82054a3b3a7d69e08f7077c46bcd79c3.jpg?s=72&d=https%3A%2F%2Fa.slack-edge.com%2Fdf10d%2Fimg%2Favatars%2Fava_0009-72.png",
            "first_name": "",
            "real_name": "Ribo Salamanca",
            "display_name": "Ribo Salamanca",
            "team": "TJH5YU202",
            "name": "ribosama",
            "is_restricted": false,
            "is_ultra_restricted": false
        },
        "blocks": [
            {
                "type": "rich_text",
                "block_id": "FOFLt",
                "elements": [
                    {
                        "type": "rich_text_section",
                        "elements": [
                            {
                                "type": "text",
                                "text": "Una ayuda con el despegue, no he podido resolver esto, se supone que la barra esta vacía y no debe mostrar el directorio sino ejecutar el index.prg de la carpeta scr."
                            }
                        ]
                    }
                ]
            }
        ]
    },
    {
        "type": "message",
        "text": "",
        "files": [
            {
                "id": "F0178S514S1",
                "created": 1595003728,
                "timestamp": 1595003728,
                "name": "image.png",
                "title": "image.png",
                "mimetype": "image\/png",
                "filetype": "png",
                "pretty_type": "PNG",
                "user": "U016JJSHGKB",
                "editable": false,
                "size": 21639,
                "mode": "hosted",
                "is_external": false,
                "external_type": "",
                "is_public": true,
                "public_url_shared": false,
                "display_as_bot": false,
                "username": "",
                "url_private": "https:\/\/files.slack.com\/files-pri\/TJH5YU202-F0178S514S1\/image.png?t=xoxe-629202954002-1307858988048-1296644259825-cbe9e6d0558bfb5b1a5a18db398692ce",
                "url_private_download": "https:\/\/files.slack.com\/files-pri\/TJH5YU202-F0178S514S1\/download\/image.png?t=xoxe-629202954002-1307858988048-1296644259825-cbe9e6d0558bfb5b1a5a18db398692ce",
                "thumb_64": "https:\/\/files.slack.com\/files-tmb\/TJH5YU202-F0178S514S1-df729de9b5\/image_64.png?t=xoxe-629202954002-1307858988048-1296644259825-cbe9e6d0558bfb5b1a5a18db398692ce",
                "thumb_80": "https:\/\/files.slack.com\/files-tmb\/TJH5YU202-F0178S514S1-df729de9b5\/image_80.png?t=xoxe-629202954002-1307858988048-1296644259825-cbe9e6d0558bfb5b1a5a18db398692ce",
                "thumb_360": "https:\/\/files.slack.com\/files-tmb\/TJH5YU202-F0178S514S1-df729de9b5\/image_360.png?t=xoxe-629202954002-1307858988048-1296644259825-cbe9e6d0558bfb5b1a5a18db398692ce",
                "thumb_360_w": 360,
                "thumb_360_h": 232,
                "thumb_480": "https:\/\/files.slack.com\/files-tmb\/TJH5YU202-F0178S514S1-df729de9b5\/image_480.png?t=xoxe-629202954002-1307858988048-1296644259825-cbe9e6d0558bfb5b1a5a18db398692ce",
                "thumb_480_w": 480,
                "thumb_480_h": 310,
                "thumb_160": "https:\/\/files.slack.com\/files-tmb\/TJH5YU202-F0178S514S1-df729de9b5\/image_160.png?t=xoxe-629202954002-1307858988048-1296644259825-cbe9e6d0558bfb5b1a5a18db398692ce",
                "original_w": 513,
                "original_h": 331,
                "thumb_tiny": "AwAeADDR69x+dGMnt+dIY0HIQZ+lGxcZ2DPXFAC4x\/8ArpcH2pNxz939aNx\/u\/rQAuD7UYPtQCSORiloAiQE5xnr6mpCMDjP86QDB4AH40HJ6gUAGT\/kU6m\/gKXn2oAWikyfT9aMn0H50Af\/2Q==",
                "permalink": "https:\/\/harbourproject.slack.com\/files\/U016JJSHGKB\/F0178S514S1\/image.png",
                "permalink_public": "https:\/\/slack-files.com\/TJH5YU202-F0178S514S1-e3fe92fcdf",
                "is_starred": false,
                "has_rich_preview": false
            }
        ],
        "upload": false,
        "user": "U016JJSHGKB",
        "display_as_bot": false,
        "ts": "1595003731.067700"
    },
    {
        "client_msg_id": "bd7589ca-be89-4287-8103-e5d59731959d",
        "type": "message",
        "text": "has configurado el fichero apache",
        "user": "UJWR5N32S",
        "ts": "1595003741.068200",
        "team": "TJH5YU202",
        "user_team": "TJH5YU202",
        "source_team": "TJH5YU202",
        "user_profile": {
            "avatar_hash": "273d3745f7ae",
            "image_72": "https:\/\/avatars.slack-edge.com\/2019-05-20\/634344238497_273d3745f7ae1b176b82_72.jpg",
            "first_name": "Charly",
            "real_name": "Charly",
            "display_name": "Charly",
            "team": "TJH5YU202",
            "name": "carles9000",
            "is_restricted": false,
            "is_ultra_restricted": false
        },
        "blocks": [
            {
                "type": "rich_text",
                "block_id": "Lartm",
                "elements": [
                    {
                        "type": "rich_text_section",
                        "elements": [
                            {
                                "type": "text",
                                "text": "has configurado el fichero apache"
                            }
                        ]
                    }
                ]
            }
        ]
    },
    {
        "client_msg_id": "d38ea2ff-6b13-420f-ba48-d6530218131f",
        "type": "message",
        "text": "y .htaccess",
        "user": "UJWR5N32S",
        "ts": "1595003745.068400",
        "team": "TJH5YU202",
        "user_team": "TJH5YU202",
        "source_team": "TJH5YU202",
        "user_profile": {
            "avatar_hash": "273d3745f7ae",
            "image_72": "https:\/\/avatars.slack-edge.com\/2019-05-20\/634344238497_273d3745f7ae1b176b82_72.jpg",
            "first_name": "Charly",
            "real_name": "Charly",
            "display_name": "Charly",
            "team": "TJH5YU202",
            "name": "carles9000",
            "is_restricted": false,
            "is_ultra_restricted": false
        },
        "blocks": [
            {
                "type": "rich_text",
                "block_id": "jyJ",
                "elements": [
                    {
                        "type": "rich_text_section",
                        "elements": [
                            {
                                "type": "text",
                                "text": "y .htaccess"
                            }
                        ]
                    }
                ]
            }
        ]
    },
    {
        "client_msg_id": "5135a80c-75ec-42f1-8229-5366837f3436",
        "type": "message",
        "text": "???",
        "user": "UJWR5N32S",
        "ts": "1595003747.068600",
        "team": "TJH5YU202",
        "user_team": "TJH5YU202",
        "source_team": "TJH5YU202",
        "user_profile": {
            "avatar_hash": "273d3745f7ae",
            "image_72": "https:\/\/avatars.slack-edge.com\/2019-05-20\/634344238497_273d3745f7ae1b176b82_72.jpg",
            "first_name": "Charly",
            "real_name": "Charly",
            "display_name": "Charly",
            "team": "TJH5YU202",
            "name": "carles9000",
            "is_restricted": false,
            "is_ultra_restricted": false
        },
        "blocks": [
            {
                "type": "rich_text",
                "block_id": "RyMJ3",
                "elements": [
                    {
                        "type": "rich_text_section",
                        "elements": [
                            {
                                "type": "text",
                                "text": "???"
                            }
                        ]
                    }
                ]
            }
        ]
    },
    {
        "client_msg_id": "3846a5f6-f87a-4246-99e1-5312a38eb297",
        "type": "message",
        "text": "esto con htaccess lo solucionas",
        "user": "UJWR5N32S",
        "ts": "1595003760.068900",
        "team": "TJH5YU202",
        "user_team": "TJH5YU202",
        "source_team": "TJH5YU202",
        "user_profile": {
            "avatar_hash": "273d3745f7ae",
            "image_72": "https:\/\/avatars.slack-edge.com\/2019-05-20\/634344238497_273d3745f7ae1b176b82_72.jpg",
            "first_name": "Charly",
            "real_name": "Charly",
            "display_name": "Charly",
            "team": "TJH5YU202",
            "name": "carles9000",
            "is_restricted": false,
            "is_ultra_restricted": false
        },
        "blocks": [
            {
                "type": "rich_text",
                "block_id": "qkj",
                "elements": [
                    {
                        "type": "rich_text_section",
                        "elements": [
                            {
                                "type": "text",
                                "text": "esto con htaccess lo solucionas"
                            }
                        ]
                    }
                ]
            }
        ]
    },
    {
        "client_msg_id": "0fb9ac7b-c6a1-4e39-91c1-afd157111b51",
        "type": "message",
        "text": "en el manual esta",
        "user": "UJWR5N32S",
        "ts": "1595003762.069100",
        "team": "TJH5YU202",
        "user_team": "TJH5YU202",
        "source_team": "TJH5YU202",
        "user_profile": {
            "avatar_hash": "273d3745f7ae",
            "image_72": "https:\/\/avatars.slack-edge.com\/2019-05-20\/634344238497_273d3745f7ae1b176b82_72.jpg",
            "first_name": "Charly",
            "real_name": "Charly",
            "display_name": "Charly",
            "team": "TJH5YU202",
            "name": "carles9000",
            "is_restricted": false,
            "is_ultra_restricted": false
        },
        "blocks": [
            {
                "type": "rich_text",
                "block_id": "XVf",
                "elements": [
                    {
                        "type": "rich_text_section",
                        "elements": [
                            {
                                "type": "text",
                                "text": "en el manual esta"
                            }
                        ]
                    }
                ]
            }
        ]
    },
    {
        "client_msg_id": "cd707c06-2ea8-486d-a15b-89215c1e4506",
        "type": "message",
        "text": "Hola Charly, si ya revise y todo esta listo no se cual es el problema",
        "user": "U016JJSHGKB",
        "ts": "1595003801.069800",
        "team": "TJH5YU202",
        "user_team": "TJH5YU202",
        "source_team": "TJH5YU202",
        "user_profile": {
            "avatar_hash": "g82054a3b3a7",
            "image_72": "https:\/\/secure.gravatar.com\/avatar\/82054a3b3a7d69e08f7077c46bcd79c3.jpg?s=72&d=https%3A%2F%2Fa.slack-edge.com%2Fdf10d%2Fimg%2Favatars%2Fava_0009-72.png",
            "first_name": "",
            "real_name": "Ribo Salamanca",
            "display_name": "Ribo Salamanca",
            "team": "TJH5YU202",
            "name": "ribosama",
            "is_restricted": false,
            "is_ultra_restricted": false
        },
        "blocks": [
            {
                "type": "rich_text",
                "block_id": "Pq02",
                "elements": [
                    {
                        "type": "rich_text_section",
                        "elements": [
                            {
                                "type": "text",
                                "text": "Hola Charly, si ya revise y todo esta listo no se cual es el problema"
                            }
                        ]
                    }
                ]
            }
        ]
    },
    {
        "client_msg_id": "3c25280e-f8fd-423e-b291-72c71d80dba5",
        "type": "message",
        "text": "pon tu htacces please",
        "user": "UJWR5N32S",
        "ts": "1595003824.070000",
        "team": "TJH5YU202",
        "user_team": "TJH5YU202",
        "source_team": "TJH5YU202",
        "user_profile": {
            "avatar_hash": "273d3745f7ae",
            "image_72": "https:\/\/avatars.slack-edge.com\/2019-05-20\/634344238497_273d3745f7ae1b176b82_72.jpg",
            "first_name": "Charly",
            "real_name": "Charly",
            "display_name": "Charly",
            "team": "TJH5YU202",
            "name": "carles9000",
            "is_restricted": false,
            "is_ultra_restricted": false
        },
        "blocks": [
            {
                "type": "rich_text",
                "block_id": "qhcAa",
                "elements": [
                    {
                        "type": "rich_text_section",
                        "elements": [
                            {
                                "type": "text",
                                "text": "pon tu htacces please"
                            }
                        ]
                    }
                ]
            }
        ]
    },
    {
        "client_msg_id": "8ef11b5d-19d2-4601-8355-c9f053b06062",
        "type": "message",
        "text": "# --------------------------------------------------------------------------\n# CONFIGURACION RUTAS PROGRAMA  (Relative to DOCUMENT_ROOT)\n# --------------------------------------------------------------------------\nSetEnv PATH_URL            \"\/go\"\nSetEnv PATH_APP            \"\/go\"\nSetEnv PATH_DATA           \"\/go\/data\/\"\n\n\n# --------------------------------------------------------------------------\n# Impedir que lean los ficheros del directorio\n# --------------------------------------------------------------------------\nOptions All -Indexes\n\n\n# --------------------------------------------------------------------------\n# Pagina por defectos\n# --------------------------------------------------------------------------\nDirectoryIndex index.prg main.prg\n\n&lt;IfModule mod_rewrite.c&gt;\n        RewriteEngine on\n        RewriteCond %{REQUEST_FILENAME} !-f\n        RewriteCond %{REQUEST_FILENAME} !-d\n        RewriteRule ^(.*)$ index.prg\/$1 [L]\n&lt;\/IfModule&gt;",
        "user": "U016JJSHGKB",
        "ts": "1595003844.070200",
        "team": "TJH5YU202",
        "user_team": "TJH5YU202",
        "source_team": "TJH5YU202",
        "user_profile": {
            "avatar_hash": "g82054a3b3a7",
            "image_72": "https:\/\/secure.gravatar.com\/avatar\/82054a3b3a7d69e08f7077c46bcd79c3.jpg?s=72&d=https%3A%2F%2Fa.slack-edge.com%2Fdf10d%2Fimg%2Favatars%2Fava_0009-72.png",
            "first_name": "",
            "real_name": "Ribo Salamanca",
            "display_name": "Ribo Salamanca",
            "team": "TJH5YU202",
            "name": "ribosama",
            "is_restricted": false,
            "is_ultra_restricted": false
        },
        "blocks": [
            {
                "type": "rich_text",
                "block_id": "M1Wy",
                "elements": [
                    {
                        "type": "rich_text_section",
                        "elements": [
                            {
                                "type": "text",
                                "text": "# --------------------------------------------------------------------------\n# CONFIGURACION RUTAS PROGRAMA  (Relative to DOCUMENT_ROOT)\n# --------------------------------------------------------------------------\nSetEnv PATH_URL            \"\/go\"\nSetEnv PATH_APP            \"\/go\"\nSetEnv PATH_DATA           \"\/go\/data\/\"\n\n\n# --------------------------------------------------------------------------\n# Impedir que lean los ficheros del directorio\n# --------------------------------------------------------------------------\nOptions All -Indexes\n\n\n# --------------------------------------------------------------------------\n# Pagina por defectos\n# --------------------------------------------------------------------------\nDirectoryIndex index.prg main.prg\n\n<IfModule mod_rewrite.c>\n        RewriteEngine on\n        RewriteCond %{REQUEST_FILENAME} !-f\n        RewriteCond %{REQUEST_FILENAME} !-d\n        RewriteRule ^(.*)$ index.prg\/$1 [L]\n<\/IfModule>"
                            }
                        ]
                    }
                ]
            }
        ]
    },
    {
        "client_msg_id": "dd8bcf58-0512-4290-b65c-9f12adadd0d4",
        "type": "message",
        "text": "Esta  directiva habria de funcionar --&gt; Options All -Indexes",
        "user": "UJWR5N32S",
        "ts": "1595003922.070700",
        "team": "TJH5YU202",
        "user_team": "TJH5YU202",
        "source_team": "TJH5YU202",
        "user_profile": {
            "avatar_hash": "273d3745f7ae",
            "image_72": "https:\/\/avatars.slack-edge.com\/2019-05-20\/634344238497_273d3745f7ae1b176b82_72.jpg",
            "first_name": "Charly",
            "real_name": "Charly",
            "display_name": "Charly",
            "team": "TJH5YU202",
            "name": "carles9000",
            "is_restricted": false,
            "is_ultra_restricted": false
        },
        "blocks": [
            {
                "type": "rich_text",
                "block_id": "fGiY",
                "elements": [
                    {
                        "type": "rich_text_section",
                        "elements": [
                            {
                                "type": "text",
                                "text": "Esta  directiva habria de funcionar --> Options All -Indexes"
                            }
                        ]
                    }
                ]
            }
        ]
    },
    {
        "client_msg_id": "8dbc7e37-b461-49f9-baf2-806f29d27303",
        "type": "message",
        "text": "y esta bien puesta",
        "user": "U016JJSHGKB",
        "ts": "1595003986.070900",
        "team": "TJH5YU202",
        "user_team": "TJH5YU202",
        "source_team": "TJH5YU202",
        "user_profile": {
            "avatar_hash": "g82054a3b3a7",
            "image_72": "https:\/\/secure.gravatar.com\/avatar\/82054a3b3a7d69e08f7077c46bcd79c3.jpg?s=72&d=https%3A%2F%2Fa.slack-edge.com%2Fdf10d%2Fimg%2Favatars%2Fava_0009-72.png",
            "first_name": "",
            "real_name": "Ribo Salamanca",
            "display_name": "Ribo Salamanca",
            "team": "TJH5YU202",
            "name": "ribosama",
            "is_restricted": false,
            "is_ultra_restricted": false
        },
        "blocks": [
            {
                "type": "rich_text",
                "block_id": "PtVGS",
                "elements": [
                    {
                        "type": "rich_text_section",
                        "elements": [
                            {
                                "type": "text",
                                "text": "y esta bien puesta"
                            }
                        ]
                    }
                ]
            }
        ]
    },
    {
        "client_msg_id": "d44d1c7c-4b78-49af-b481-5e1f38670a11",
        "type": "message",
        "text": "has configrado httpd.conf ?",
        "user": "UJWR5N32S",
        "ts": "1595004044.071200",
        "team": "TJH5YU202",
        "user_team": "TJH5YU202",
        "source_team": "TJH5YU202",
        "user_profile": {
            "avatar_hash": "273d3745f7ae",
            "image_72": "https:\/\/avatars.slack-edge.com\/2019-05-20\/634344238497_273d3745f7ae1b176b82_72.jpg",
            "first_name": "Charly",
            "real_name": "Charly",
            "display_name": "Charly",
            "team": "TJH5YU202",
            "name": "carles9000",
            "is_restricted": false,
            "is_ultra_restricted": false
        },
        "blocks": [
            {
                "type": "rich_text",
                "block_id": "hglp",
                "elements": [
                    {
                        "type": "rich_text_section",
                        "elements": [
                            {
                                "type": "text",
                                "text": "has configrado httpd.conf ?"
                            }
                        ]
                    }
                ]
            }
        ]
    },
    {
        "client_msg_id": "fdd0812f-22d2-4570-87c5-ce63536d3ee1",
        "type": "message",
        "text": "También y con mucho cuidado",
        "user": "U016JJSHGKB",
        "ts": "1595004073.071700",
        "team": "TJH5YU202",
        "user_team": "TJH5YU202",
        "source_team": "TJH5YU202",
        "user_profile": {
            "avatar_hash": "g82054a3b3a7",
            "image_72": "https:\/\/secure.gravatar.com\/avatar\/82054a3b3a7d69e08f7077c46bcd79c3.jpg?s=72&d=https%3A%2F%2Fa.slack-edge.com%2Fdf10d%2Fimg%2Favatars%2Fava_0009-72.png",
            "first_name": "",
            "real_name": "Ribo Salamanca",
            "display_name": "Ribo Salamanca",
            "team": "TJH5YU202",
            "name": "ribosama",
            "is_restricted": false,
            "is_ultra_restricted": false
        },
        "blocks": [
            {
                "type": "rich_text",
                "block_id": "a64l",
                "elements": [
                    {
                        "type": "rich_text_section",
                        "elements": [
                            {
                                "type": "text",
                                "text": "También y con mucho cuidado"
                            }
                        ]
                    }
                ]
            }
        ]
    },
    {
        "client_msg_id": "3475b271-aac1-4170-95fb-c444e787f355",
        "type": "message",
        "text": "modharbour te funciona ?",
        "user": "UJWR5N32S",
        "ts": "1595004096.072000",
        "team": "TJH5YU202",
        "user_team": "TJH5YU202",
        "source_team": "TJH5YU202",
        "user_profile": {
            "avatar_hash": "273d3745f7ae",
            "image_72": "https:\/\/avatars.slack-edge.com\/2019-05-20\/634344238497_273d3745f7ae1b176b82_72.jpg",
            "first_name": "Charly",
            "real_name": "Charly",
            "display_name": "Charly",
            "team": "TJH5YU202",
            "name": "carles9000",
            "is_restricted": false,
            "is_ultra_restricted": false
        },
        "blocks": [
            {
                "type": "rich_text",
                "block_id": "o0N",
                "elements": [
                    {
                        "type": "rich_text_section",
                        "elements": [
                            {
                                "type": "text",
                                "text": "modharbour te funciona ?"
                            }
                        ]
                    }
                ]
            }
        ]
    },
    {
        "client_msg_id": "6d972dfd-cce4-44c6-8a2b-4856f975795d",
        "type": "message",
        "text": "si esta funcionando bien",
        "user": "U016JJSHGKB",
        "ts": "1595004108.072300",
        "team": "TJH5YU202",
        "user_team": "TJH5YU202",
        "source_team": "TJH5YU202",
        "user_profile": {
            "avatar_hash": "g82054a3b3a7",
            "image_72": "https:\/\/secure.gravatar.com\/avatar\/82054a3b3a7d69e08f7077c46bcd79c3.jpg?s=72&d=https%3A%2F%2Fa.slack-edge.com%2Fdf10d%2Fimg%2Favatars%2Fava_0009-72.png",
            "first_name": "",
            "real_name": "Ribo Salamanca",
            "display_name": "Ribo Salamanca",
            "team": "TJH5YU202",
            "name": "ribosama",
            "is_restricted": false,
            "is_ultra_restricted": false
        },
        "blocks": [
            {
                "type": "rich_text",
                "block_id": "pK0JC",
                "elements": [
                    {
                        "type": "rich_text_section",
                        "elements": [
                            {
                                "type": "text",
                                "text": "si esta funcionando bien"
                            }
                        ]
                    }
                ]
            }
        ]
    },
    {
        "client_msg_id": "1cb41484-97f4-45ae-b7da-958473ce2164",
        "type": "message",
        "text": "xampp ?",
        "user": "UJWR5N32S",
        "ts": "1595004123.072500",
        "team": "TJH5YU202",
        "user_team": "TJH5YU202",
        "source_team": "TJH5YU202",
        "user_profile": {
            "avatar_hash": "273d3745f7ae",
            "image_72": "https:\/\/avatars.slack-edge.com\/2019-05-20\/634344238497_273d3745f7ae1b176b82_72.jpg",
            "first_name": "Charly",
            "real_name": "Charly",
            "display_name": "Charly",
            "team": "TJH5YU202",
            "name": "carles9000",
            "is_restricted": false,
            "is_ultra_restricted": false
        },
        "blocks": [
            {
                "type": "rich_text",
                "block_id": "XaS",
                "elements": [
                    {
                        "type": "rich_text_section",
                        "elements": [
                            {
                                "type": "text",
                                "text": "xampp ?"
                            }
                        ]
                    }
                ]
            }
        ]
    },
    {
        "client_msg_id": "81f64563-fb25-47b0-b7ac-1bd90945ebbd",
        "type": "message",
        "text": "también esta ok",
        "user": "U016JJSHGKB",
        "ts": "1595004145.072800",
        "team": "TJH5YU202",
        "user_team": "TJH5YU202",
        "source_team": "TJH5YU202",
        "user_profile": {
            "avatar_hash": "g82054a3b3a7",
            "image_72": "https:\/\/secure.gravatar.com\/avatar\/82054a3b3a7d69e08f7077c46bcd79c3.jpg?s=72&d=https%3A%2F%2Fa.slack-edge.com%2Fdf10d%2Fimg%2Favatars%2Fava_0009-72.png",
            "first_name": "",
            "real_name": "Ribo Salamanca",
            "display_name": "Ribo Salamanca",
            "team": "TJH5YU202",
            "name": "ribosama",
            "is_restricted": false,
            "is_ultra_restricted": false
        },
        "blocks": [
            {
                "type": "rich_text",
                "block_id": "YPlH",
                "elements": [
                    {
                        "type": "rich_text_section",
                        "elements": [
                            {
                                "type": "text",
                                "text": "también esta ok"
                            }
                        ]
                    }
                ]
            }
        ]
    },
    {
        "client_msg_id": "913d45af-68ed-43a8-8e46-4ea7d1df4be7",
        "type": "message",
        "text": "hazem un pantallazo donde aprezca htacces",
        "user": "UJWR5N32S",
        "ts": "1595004176.073200",
        "team": "TJH5YU202",
        "user_team": "TJH5YU202",
        "source_team": "TJH5YU202",
        "user_profile": {
            "avatar_hash": "273d3745f7ae",
            "image_72": "https:\/\/avatars.slack-edge.com\/2019-05-20\/634344238497_273d3745f7ae1b176b82_72.jpg",
            "first_name": "Charly",
            "real_name": "Charly",
            "display_name": "Charly",
            "team": "TJH5YU202",
            "name": "carles9000",
            "is_restricted": false,
            "is_ultra_restricted": false
        },
        "blocks": [
            {
                "type": "rich_text",
                "block_id": "ALtq",
                "elements": [
                    {
                        "type": "rich_text_section",
                        "elements": [
                            {
                                "type": "text",
                                "text": "hazem un pantallazo donde aprezca htacces"
                            }
                        ]
                    }
                ]
            }
        ]
    },
    {
        "type": "message",
        "text": "",
        "files": [
            {
                "id": "F0178SQ8LFP",
                "created": 1595004233,
                "timestamp": 1595004233,
                "name": "image.png",
                "title": "image.png",
                "mimetype": "image\/png",
                "filetype": "png",
                "pretty_type": "PNG",
                "user": "U016JJSHGKB",
                "editable": false,
                "size": 11597,
                "mode": "hosted",
                "is_external": false,
                "external_type": "",
                "is_public": true,
                "public_url_shared": false,
                "display_as_bot": false,
                "username": "",
                "url_private": "https:\/\/files.slack.com\/files-pri\/TJH5YU202-F0178SQ8LFP\/image.png?t=xoxe-629202954002-1307858988048-1296644259825-cbe9e6d0558bfb5b1a5a18db398692ce",
                "url_private_download": "https:\/\/files.slack.com\/files-pri\/TJH5YU202-F0178SQ8LFP\/download\/image.png?t=xoxe-629202954002-1307858988048-1296644259825-cbe9e6d0558bfb5b1a5a18db398692ce",
                "thumb_64": "https:\/\/files.slack.com\/files-tmb\/TJH5YU202-F0178SQ8LFP-521ebbc373\/image_64.png?t=xoxe-629202954002-1307858988048-1296644259825-cbe9e6d0558bfb5b1a5a18db398692ce",
                "thumb_80": "https:\/\/files.slack.com\/files-tmb\/TJH5YU202-F0178SQ8LFP-521ebbc373\/image_80.png?t=xoxe-629202954002-1307858988048-1296644259825-cbe9e6d0558bfb5b1a5a18db398692ce",
                "thumb_360": "https:\/\/files.slack.com\/files-tmb\/TJH5YU202-F0178SQ8LFP-521ebbc373\/image_360.png?t=xoxe-629202954002-1307858988048-1296644259825-cbe9e6d0558bfb5b1a5a18db398692ce",
                "thumb_360_w": 360,
                "thumb_360_h": 153,
                "thumb_160": "https:\/\/files.slack.com\/files-tmb\/TJH5YU202-F0178SQ8LFP-521ebbc373\/image_160.png?t=xoxe-629202954002-1307858988048-1296644259825-cbe9e6d0558bfb5b1a5a18db398692ce",
                "original_w": 439,
                "original_h": 186,
                "thumb_tiny": "AwAUADDR6Y5alx7mmsQBzSqVA4IoAXHHU0Y5zk0ZHrRketAB+dGfam5HqKUEetAAVB5OelKFApR0ooAMD0owPSiigBNoo2ilooA\/\/9k=",
                "permalink": "https:\/\/harbourproject.slack.com\/files\/U016JJSHGKB\/F0178SQ8LFP\/image.png",
                "permalink_public": "https:\/\/slack-files.com\/TJH5YU202-F0178SQ8LFP-ee9dd6d018",
                "is_starred": false,
                "has_rich_preview": false
            }
        ],
        "upload": false,
        "user": "U016JJSHGKB",
        "display_as_bot": false,
        "ts": "1595004238.073300"
    },
    {
        "client_msg_id": "56a711e7-0191-470e-8b1f-85f0b4968a08",
        "type": "message",
        "text": "Es .htaccess",
        "user": "UJWR5N32S",
        "ts": "1595004269.073700",
        "team": "TJH5YU202",
        "user_team": "TJH5YU202",
        "source_team": "TJH5YU202",
        "user_profile": {
            "avatar_hash": "273d3745f7ae",
            "image_72": "https:\/\/avatars.slack-edge.com\/2019-05-20\/634344238497_273d3745f7ae1b176b82_72.jpg",
            "first_name": "Charly",
            "real_name": "Charly",
            "display_name": "Charly",
            "team": "TJH5YU202",
            "name": "carles9000",
            "is_restricted": false,
            "is_ultra_restricted": false
        },
        "blocks": [
            {
                "type": "rich_text",
                "block_id": "yin2",
                "elements": [
                    {
                        "type": "rich_text_section",
                        "elements": [
                            {
                                "type": "text",
                                "text": "Es .htaccess"
                            }
                        ]
                    }
                ]
            }
        ]
    },
    {
        "client_msg_id": "a55cd0f6-cba0-4fe8-9eae-2904868d578b",
        "type": "message",
        "text": "falta una s",
        "user": "UJWR5N32S",
        "ts": "1595004276.073900",
        "team": "TJH5YU202",
        "user_team": "TJH5YU202",
        "source_team": "TJH5YU202",
        "user_profile": {
            "avatar_hash": "273d3745f7ae",
            "image_72": "https:\/\/avatars.slack-edge.com\/2019-05-20\/634344238497_273d3745f7ae1b176b82_72.jpg",
            "first_name": "Charly",
            "real_name": "Charly",
            "display_name": "Charly",
            "team": "TJH5YU202",
            "name": "carles9000",
            "is_restricted": false,
            "is_ultra_restricted": false
        },
        "blocks": [
            {
                "type": "rich_text",
                "block_id": "0eN",
                "elements": [
                    {
                        "type": "rich_text_section",
                        "elements": [
                            {
                                "type": "text",
                                "text": "falta una s"
                            }
                        ]
                    }
                ]
            }
        ]
    },
    {
        "client_msg_id": "7d222776-f429-4174-977d-2c4abbde24e3",
        "type": "message",
        "text": "Upsss me doy contra el  mundo!!",
        "user": "U016JJSHGKB",
        "ts": "1595004299.074400",
        "team": "TJH5YU202",
        "user_team": "TJH5YU202",
        "source_team": "TJH5YU202",
        "user_profile": {
            "avatar_hash": "g82054a3b3a7",
            "image_72": "https:\/\/secure.gravatar.com\/avatar\/82054a3b3a7d69e08f7077c46bcd79c3.jpg?s=72&d=https%3A%2F%2Fa.slack-edge.com%2Fdf10d%2Fimg%2Favatars%2Fava_0009-72.png",
            "first_name": "",
            "real_name": "Ribo Salamanca",
            "display_name": "Ribo Salamanca",
            "team": "TJH5YU202",
            "name": "ribosama",
            "is_restricted": false,
            "is_ultra_restricted": false
        },
        "blocks": [
            {
                "type": "rich_text",
                "block_id": "jbcBj",
                "elements": [
                    {
                        "type": "rich_text_section",
                        "elements": [
                            {
                                "type": "text",
                                "text": "Upsss me doy contra el  mundo!!"
                            }
                        ]
                    }
                ]
            }
        ]
    },
    {
        "client_msg_id": "31fafbf1-29f1-4908-ae61-f50e0abb70a9",
        "type": "message",
        "text": ":wink:",
        "user": "UJWR5N32S",
        "ts": "1595004303.074600",
        "team": "TJH5YU202",
        "user_team": "TJH5YU202",
        "source_team": "TJH5YU202",
        "user_profile": {
            "avatar_hash": "273d3745f7ae",
            "image_72": "https:\/\/avatars.slack-edge.com\/2019-05-20\/634344238497_273d3745f7ae1b176b82_72.jpg",
            "first_name": "Charly",
            "real_name": "Charly",
            "display_name": "Charly",
            "team": "TJH5YU202",
            "name": "carles9000",
            "is_restricted": false,
            "is_ultra_restricted": false
        },
        "blocks": [
            {
                "type": "rich_text",
                "block_id": "0CG",
                "elements": [
                    {
                        "type": "rich_text_section",
                        "elements": [
                            {
                                "type": "emoji",
                                "name": "wink"
                            }
                        ]
                    }
                ]
            }
        ]
    },
    {
        "client_msg_id": "9c8b22c4-60f5-44b5-9d86-629d4f50970e",
        "type": "message",
        "text": "Pruebalo y ya me diras",
        "user": "UJWR5N32S",
        "ts": "1595004309.074800",
        "team": "TJH5YU202",
        "user_team": "TJH5YU202",
        "source_team": "TJH5YU202",
        "user_profile": {
            "avatar_hash": "273d3745f7ae",
            "image_72": "https:\/\/avatars.slack-edge.com\/2019-05-20\/634344238497_273d3745f7ae1b176b82_72.jpg",
            "first_name": "Charly",
            "real_name": "Charly",
            "display_name": "Charly",
            "team": "TJH5YU202",
            "name": "carles9000",
            "is_restricted": false,
            "is_ultra_restricted": false
        },
        "blocks": [
            {
                "type": "rich_text",
                "block_id": "k+j",
                "elements": [
                    {
                        "type": "rich_text_section",
                        "elements": [
                            {
                                "type": "text",
                                "text": "Pruebalo y ya me diras"
                            }
                        ]
                    }
                ]
            }
        ]
    },
    {
        "client_msg_id": "f30453e7-4d67-4516-a916-b94590d00dcc",
        "type": "message",
        "text": "no funcinó! pasa lo mismo",
        "user": "U016JJSHGKB",
        "ts": "1595004485.075200",
        "team": "TJH5YU202",
        "user_team": "TJH5YU202",
        "source_team": "TJH5YU202",
        "user_profile": {
            "avatar_hash": "g82054a3b3a7",
            "image_72": "https:\/\/secure.gravatar.com\/avatar\/82054a3b3a7d69e08f7077c46bcd79c3.jpg?s=72&d=https%3A%2F%2Fa.slack-edge.com%2Fdf10d%2Fimg%2Favatars%2Fava_0009-72.png",
            "first_name": "",
            "real_name": "Ribo Salamanca",
            "display_name": "Ribo Salamanca",
            "team": "TJH5YU202",
            "name": "ribosama",
            "is_restricted": false,
            "is_ultra_restricted": false
        },
        "blocks": [
            {
                "type": "rich_text",
                "block_id": "WjW",
                "elements": [
                    {
                        "type": "rich_text_section",
                        "elements": [
                            {
                                "type": "text",
                                "text": "no funcinó! pasa lo mismo"
                            }
                        ]
                    }
                ]
            }
        ]
    },
    {
        "client_msg_id": "5003e8f3-f54f-4d46-bde3-684455551246",
        "type": "message",
        "text": "Apaga el server y vuelve a conectar",
        "user": "UJWR5N32S",
        "ts": "1595004518.075500",
        "team": "TJH5YU202",
        "user_team": "TJH5YU202",
        "source_team": "TJH5YU202",
        "user_profile": {
            "avatar_hash": "273d3745f7ae",
            "image_72": "https:\/\/avatars.slack-edge.com\/2019-05-20\/634344238497_273d3745f7ae1b176b82_72.jpg",
            "first_name": "Charly",
            "real_name": "Charly",
            "display_name": "Charly",
            "team": "TJH5YU202",
            "name": "carles9000",
            "is_restricted": false,
            "is_ultra_restricted": false
        },
        "blocks": [
            {
                "type": "rich_text",
                "block_id": "TJd",
                "elements": [
                    {
                        "type": "rich_text_section",
                        "elements": [
                            {
                                "type": "text",
                                "text": "Apaga el server y vuelve a conectar"
                            }
                        ]
                    }
                ]
            }
        ]
    },
    {
        "client_msg_id": "9af3ced3-1c53-456a-9715-4eb1c75eeedc",
        "type": "message",
        "text": "sigue igual:thinking_face:",
        "user": "U016JJSHGKB",
        "ts": "1595004603.076000",
        "team": "TJH5YU202",
        "user_team": "TJH5YU202",
        "source_team": "TJH5YU202",
        "user_profile": {
            "avatar_hash": "g82054a3b3a7",
            "image_72": "https:\/\/secure.gravatar.com\/avatar\/82054a3b3a7d69e08f7077c46bcd79c3.jpg?s=72&d=https%3A%2F%2Fa.slack-edge.com%2Fdf10d%2Fimg%2Favatars%2Fava_0009-72.png",
            "first_name": "",
            "real_name": "Ribo Salamanca",
            "display_name": "Ribo Salamanca",
            "team": "TJH5YU202",
            "name": "ribosama",
            "is_restricted": false,
            "is_ultra_restricted": false
        },
        "blocks": [
            {
                "type": "rich_text",
                "block_id": "Gc4A",
                "elements": [
                    {
                        "type": "rich_text_section",
                        "elements": [
                            {
                                "type": "text",
                                "text": "sigue igual"
                            },
                            {
                                "type": "emoji",
                                "name": "thinking_face"
                            }
                        ]
                    }
                ]
            }
        ]
    },
    {
        "client_msg_id": "4274c086-e29a-48f6-aca9-f6948948863b",
        "type": "message",
        "text": "el htacces debe estar en la raiz del go",
        "user": "UJWR5N32S",
        "ts": "1595005261.076300",
        "team": "TJH5YU202",
        "user_team": "TJH5YU202",
        "source_team": "TJH5YU202",
        "user_profile": {
            "avatar_hash": "273d3745f7ae",
            "image_72": "https:\/\/avatars.slack-edge.com\/2019-05-20\/634344238497_273d3745f7ae1b176b82_72.jpg",
            "first_name": "Charly",
            "real_name": "Charly",
            "display_name": "Charly",
            "team": "TJH5YU202",
            "name": "carles9000",
            "is_restricted": false,
            "is_ultra_restricted": false
        },
        "blocks": [
            {
                "type": "rich_text",
                "block_id": "9PGkr",
                "elements": [
                    {
                        "type": "rich_text_section",
                        "elements": [
                            {
                                "type": "text",
                                "text": "el htacces debe estar en la raiz del go"
                            }
                        ]
                    }
                ]
            }
        ]
    },
    {
        "client_msg_id": "f90dc417-67ce-4990-b6c4-a2df5be3d25c",
        "type": "message",
        "text": "no dentro del src",
        "user": "UJWR5N32S",
        "ts": "1595005265.076500",
        "team": "TJH5YU202",
        "user_team": "TJH5YU202",
        "source_team": "TJH5YU202",
        "user_profile": {
            "avatar_hash": "273d3745f7ae",
            "image_72": "https:\/\/avatars.slack-edge.com\/2019-05-20\/634344238497_273d3745f7ae1b176b82_72.jpg",
            "first_name": "Charly",
            "real_name": "Charly",
            "display_name": "Charly",
            "team": "TJH5YU202",
            "name": "carles9000",
            "is_restricted": false,
            "is_ultra_restricted": false
        },
        "blocks": [
            {
                "type": "rich_text",
                "block_id": "xJ62",
                "elements": [
                    {
                        "type": "rich_text_section",
                        "elements": [
                            {
                                "type": "text",
                                "text": "no dentro del src"
                            }
                        ]
                    }
                ]
            }
        ]
    },
    {
        "type": "message",
        "text": "Ups, gracias Charly, los re ubique pero ahora sale",
        "files": [
            {
                "id": "F0173KPP5HU",
                "created": 1595007253,
                "timestamp": 1595007253,
                "name": "image.png",
                "title": "image.png",
                "mimetype": "image\/png",
                "filetype": "png",
                "pretty_type": "PNG",
                "user": "U016JJSHGKB",
                "editable": false,
                "size": 20744,
                "mode": "hosted",
                "is_external": false,
                "external_type": "",
                "is_public": true,
                "public_url_shared": false,
                "display_as_bot": false,
                "username": "",
                "url_private": "https:\/\/files.slack.com\/files-pri\/TJH5YU202-F0173KPP5HU\/image.png?t=xoxe-629202954002-1307858988048-1296644259825-cbe9e6d0558bfb5b1a5a18db398692ce",
                "url_private_download": "https:\/\/files.slack.com\/files-pri\/TJH5YU202-F0173KPP5HU\/download\/image.png?t=xoxe-629202954002-1307858988048-1296644259825-cbe9e6d0558bfb5b1a5a18db398692ce",
                "thumb_64": "https:\/\/files.slack.com\/files-tmb\/TJH5YU202-F0173KPP5HU-ee4131e6cf\/image_64.png?t=xoxe-629202954002-1307858988048-1296644259825-cbe9e6d0558bfb5b1a5a18db398692ce",
                "thumb_80": "https:\/\/files.slack.com\/files-tmb\/TJH5YU202-F0173KPP5HU-ee4131e6cf\/image_80.png?t=xoxe-629202954002-1307858988048-1296644259825-cbe9e6d0558bfb5b1a5a18db398692ce",
                "thumb_360": "https:\/\/files.slack.com\/files-tmb\/TJH5YU202-F0173KPP5HU-ee4131e6cf\/image_360.png?t=xoxe-629202954002-1307858988048-1296644259825-cbe9e6d0558bfb5b1a5a18db398692ce",
                "thumb_360_w": 360,
                "thumb_360_h": 199,
                "thumb_160": "https:\/\/files.slack.com\/files-tmb\/TJH5YU202-F0173KPP5HU-ee4131e6cf\/image_160.png?t=xoxe-629202954002-1307858988048-1296644259825-cbe9e6d0558bfb5b1a5a18db398692ce",
                "original_w": 428,
                "original_h": 237,
                "thumb_tiny": "AwAaADDS59P1pMHHQ9fWmHqaDkUAHlD\/AGv++qeMgYx0qMD3\/WnKVBySc0APyfSjJz0o3D1paAIypyeKUqeOO1Iv+sqSgCPa3p3pAjVLRQBGE9acE9adRQB\/\/9k=",
                "permalink": "https:\/\/harbourproject.slack.com\/files\/U016JJSHGKB\/F0173KPP5HU\/image.png",
                "permalink_public": "https:\/\/slack-files.com\/TJH5YU202-F0173KPP5HU-6d00f28276",
                "is_starred": false,
                "has_rich_preview": false
            }
        ],
        "upload": false,
        "blocks": [
            {
                "type": "rich_text",
                "block_id": "y3XY",
                "elements": [
                    {
                        "type": "rich_text_section",
                        "elements": [
                            {
                                "type": "text",
                                "text": "Ups, gracias Charly, los re ubique pero ahora sale"
                            }
                        ]
                    }
                ]
            }
        ],
        "user": "U016JJSHGKB",
        "display_as_bot": false,
        "ts": "1595007256.077100"
    },
    {
        "client_msg_id": "b0fc4413-b019-4d4d-9442-f747e9d9da5d",
        "type": "message",
        "text": "Esto es x q no usas la version correcta d harbour",
        "user": "UJWR5N32S",
        "ts": "1595007500.078100",
        "team": "TJH5YU202",
        "user_team": "TJH5YU202",
        "source_team": "TJH5YU202",
        "user_profile": {
            "avatar_hash": "273d3745f7ae",
            "image_72": "https:\/\/avatars.slack-edge.com\/2019-05-20\/634344238497_273d3745f7ae1b176b82_72.jpg",
            "first_name": "Charly",
            "real_name": "Charly",
            "display_name": "Charly",
            "team": "TJH5YU202",
            "name": "carles9000",
            "is_restricted": false,
            "is_ultra_restricted": false
        },
        "blocks": [
            {
                "type": "rich_text",
                "block_id": "cxy",
                "elements": [
                    {
                        "type": "rich_text_section",
                        "elements": [
                            {
                                "type": "text",
                                "text": "Esto es x q no usas la version correcta d harbour"
                            }
                        ]
                    }
                ]
            }
        ]
    },
    {
        "client_msg_id": "b79c88eb-8a6b-4314-92e8-fac067da7e17",
        "type": "message",
        "text": "Modharbour",
        "user": "UJWR5N32S",
        "ts": "1595007510.078400",
        "team": "TJH5YU202",
        "user_team": "TJH5YU202",
        "source_team": "TJH5YU202",
        "user_profile": {
            "avatar_hash": "273d3745f7ae",
            "image_72": "https:\/\/avatars.slack-edge.com\/2019-05-20\/634344238497_273d3745f7ae1b176b82_72.jpg",
            "first_name": "Charly",
            "real_name": "Charly",
            "display_name": "Charly",
            "team": "TJH5YU202",
            "name": "carles9000",
            "is_restricted": false,
            "is_ultra_restricted": false
        },
        "blocks": [
            {
                "type": "rich_text",
                "block_id": "6MwO",
                "elements": [
                    {
                        "type": "rich_text_section",
                        "elements": [
                            {
                                "type": "text",
                                "text": "Modharbour"
                            }
                        ]
                    }
                ]
            }
        ]
    },
    {
        "client_msg_id": "611f5bc5-b720-485f-ae48-e55333c71c0f",
        "type": "message",
        "text": "Os puse link",
        "user": "UJWR5N32S",
        "ts": "1595007525.078900",
        "team": "TJH5YU202",
        "user_team": "TJH5YU202",
        "source_team": "TJH5YU202",
        "user_profile": {
            "avatar_hash": "273d3745f7ae",
            "image_72": "https:\/\/avatars.slack-edge.com\/2019-05-20\/634344238497_273d3745f7ae1b176b82_72.jpg",
            "first_name": "Charly",
            "real_name": "Charly",
            "display_name": "Charly",
            "team": "TJH5YU202",
            "name": "carles9000",
            "is_restricted": false,
            "is_ultra_restricted": false
        },
        "blocks": [
            {
                "type": "rich_text",
                "block_id": "ULfY",
                "elements": [
                    {
                        "type": "rich_text_section",
                        "elements": [
                            {
                                "type": "text",
                                "text": "Os puse link"
                            }
                        ]
                    }
                ]
            }
        ]
    },
    {
        "client_msg_id": "0e65b67a-8ede-4bfd-8fb5-85339c762783",
        "type": "message",
        "text": "Creo q n l manual esta",
        "user": "UJWR5N32S",
        "ts": "1595007537.079300",
        "team": "TJH5YU202",
        "user_team": "TJH5YU202",
        "source_team": "TJH5YU202",
        "user_profile": {
            "avatar_hash": "273d3745f7ae",
            "image_72": "https:\/\/avatars.slack-edge.com\/2019-05-20\/634344238497_273d3745f7ae1b176b82_72.jpg",
            "first_name": "Charly",
            "real_name": "Charly",
            "display_name": "Charly",
            "team": "TJH5YU202",
            "name": "carles9000",
            "is_restricted": false,
            "is_ultra_restricted": false
        },
        "blocks": [
            {
                "type": "rich_text",
                "block_id": "xens",
                "elements": [
                    {
                        "type": "rich_text_section",
                        "elements": [
                            {
                                "type": "text",
                                "text": "Creo q n l manual esta"
                            }
                        ]
                    }
                ]
            }
        ]
    },
    {
        "client_msg_id": "71f6bf28-035b-4660-bc12-bf062521a613",
        "type": "message",
        "text": "Gracias Charly voy a verificar eso.",
        "user": "U016JJSHGKB",
        "ts": "1595007572.079900",
        "team": "TJH5YU202",
        "user_team": "TJH5YU202",
        "source_team": "TJH5YU202",
        "user_profile": {
            "avatar_hash": "g82054a3b3a7",
            "image_72": "https:\/\/secure.gravatar.com\/avatar\/82054a3b3a7d69e08f7077c46bcd79c3.jpg?s=72&d=https%3A%2F%2Fa.slack-edge.com%2Fdf10d%2Fimg%2Favatars%2Fava_0009-72.png",
            "first_name": "",
            "real_name": "Ribo Salamanca",
            "display_name": "Ribo Salamanca",
            "team": "TJH5YU202",
            "name": "ribosama",
            "is_restricted": false,
            "is_ultra_restricted": false
        },
        "blocks": [
            {
                "type": "rich_text",
                "block_id": "x0Cw",
                "elements": [
                    {
                        "type": "rich_text_section",
                        "elements": [
                            {
                                "type": "text",
                                "text": "Gracias Charly voy a verificar eso."
                            }
                        ]
                    }
                ]
            }
        ]
    },
    {
        "client_msg_id": "7ffdaf37-9f3c-4c01-8f36-38af0c253eba",
        "type": "message",
        "text": "hola <@U016JJSHGKB>, ya tuve este problema, mira este tema en el foro, creo que te ayudará:",
        "user": "U015CUP1T5Z",
        "ts": "1595009607.080200",
        "team": "TJH5YU202",
        "user_team": "TJH5YU202",
        "source_team": "TJH5YU202",
        "user_profile": {
            "avatar_hash": "2d5981129913",
            "image_72": "https:\/\/avatars.slack-edge.com\/2020-06-14\/1183376598323_2d5981129913ee85447d_72.jpg",
            "first_name": "ricardo",
            "real_name": "ricardo arraes",
            "display_name": "ricardo arraes",
            "team": "TJH5YU202",
            "name": "ricardo",
            "is_restricted": false,
            "is_ultra_restricted": false
        },
        "blocks": [
            {
                "type": "rich_text",
                "block_id": "NLL7",
                "elements": [
                    {
                        "type": "rich_text_section",
                        "elements": [
                            {
                                "type": "text",
                                "text": "hola "
                            },
                            {
                                "type": "user",
                                "user_id": "U016JJSHGKB"
                            },
                            {
                                "type": "text",
                                "text": ", ya tuve este problema, mira este tema en el foro, creo que te ayudará:"
                            }
                        ]
                    }
                ]
            }
        ]
    },
    {
        "client_msg_id": "10c0e89a-b5fe-4951-9826-38b09ba40cb4",
        "type": "message",
        "text": "<https:\/\/forums.fivetechsupport.com\/viewtopic.php?f=45&amp;t=39099>",
        "user": "U015CUP1T5Z",
        "ts": "1595009613.080400",
        "team": "TJH5YU202",
        "user_team": "TJH5YU202",
        "source_team": "TJH5YU202",
        "user_profile": {
            "avatar_hash": "2d5981129913",
            "image_72": "https:\/\/avatars.slack-edge.com\/2020-06-14\/1183376598323_2d5981129913ee85447d_72.jpg",
            "first_name": "ricardo",
            "real_name": "ricardo arraes",
            "display_name": "ricardo arraes",
            "team": "TJH5YU202",
            "name": "ricardo",
            "is_restricted": false,
            "is_ultra_restricted": false
        },
        "blocks": [
            {
                "type": "rich_text",
                "block_id": "wN+",
                "elements": [
                    {
                        "type": "rich_text_section",
                        "elements": [
                            {
                                "type": "link",
                                "url": "https:\/\/forums.fivetechsupport.com\/viewtopic.php?f=45&t=39099"
                            }
                        ]
                    }
                ]
            }
        ]
    },
    {
        "client_msg_id": "3b82dfbd-0ebd-4c54-ab2b-6a0153e90350",
        "type": "message",
        "text": "Gracias Ricardo, me sirvió.",
        "user": "U016JJSHGKB",
        "ts": "1595021040.081200",
        "team": "TJH5YU202",
        "user_team": "TJH5YU202",
        "source_team": "TJH5YU202",
        "user_profile": {
            "avatar_hash": "g82054a3b3a7",
            "image_72": "https:\/\/secure.gravatar.com\/avatar\/82054a3b3a7d69e08f7077c46bcd79c3.jpg?s=72&d=https%3A%2F%2Fa.slack-edge.com%2Fdf10d%2Fimg%2Favatars%2Fava_0009-72.png",
            "first_name": "",
            "real_name": "Ribo Salamanca",
            "display_name": "Ribo Salamanca",
            "team": "TJH5YU202",
            "name": "ribosama",
            "is_restricted": false,
            "is_ultra_restricted": false
        },
        "blocks": [
            {
                "type": "rich_text",
                "block_id": "bgcJX",
                "elements": [
                    {
                        "type": "rich_text_section",
                        "elements": [
                            {
                                "type": "text",
                                "text": "Gracias Ricardo, me sirvió."
                            }
                        ]
                    }
                ]
            }
        ]
    },
    {
        "client_msg_id": "591d07f9-c6fc-493e-83f4-0de56ab650cd",
        "type": "message",
        "text": "Ya me funciona.",
        "user": "U016JJSHGKB",
        "ts": "1595021050.081400",
        "team": "TJH5YU202",
        "user_team": "TJH5YU202",
        "source_team": "TJH5YU202",
        "user_profile": {
            "avatar_hash": "g82054a3b3a7",
            "image_72": "https:\/\/secure.gravatar.com\/avatar\/82054a3b3a7d69e08f7077c46bcd79c3.jpg?s=72&d=https%3A%2F%2Fa.slack-edge.com%2Fdf10d%2Fimg%2Favatars%2Fava_0009-72.png",
            "first_name": "",
            "real_name": "Ribo Salamanca",
            "display_name": "Ribo Salamanca",
            "team": "TJH5YU202",
            "name": "ribosama",
            "is_restricted": false,
            "is_ultra_restricted": false
        },
        "blocks": [
            {
                "type": "rich_text",
                "block_id": "0bmc",
                "elements": [
                    {
                        "type": "rich_text_section",
                        "elements": [
                            {
                                "type": "text",
                                "text": "Ya me funciona."
                            }
                        ]
                    }
                ]
            }
        ],
        "reactions": [
            {
                "name": "clap",
                "users": [
                    "U015CUP1T5Z"
                ],
                "count": 1
            }
        ]
    }
]