[
    {
        "client_msg_id": "27116da0-6eb9-47b8-af2b-ff5cb1f382ae",
        "type": "message",
        "text": "Parece que tenemos telepatía cósmica ayer estuve hablando con un compi de la universidad sobre los ordenadores cuánticos, yo defendía que era un concepto teórico y que no llegaremos a tener uno al menos los de nuestra generación, os sugiero que le echéis a la en Entrevista a José Ignacio Latorre, físico cuántico.  <https:\/\/www.youtube.com\/watch?v=QYiSxRWz9GU>  Buscar tambien otros que son todos muy interesantes.",
        "user": "UJWGTCNS3",
        "ts": "1587384151.021900",
        "team": "TJH5YU202",
        "user_team": "TJH5YU202",
        "source_team": "TJH5YU202",
        "user_profile": {
            "avatar_hash": "g5117c62f9fd",
            "image_72": "https:\/\/secure.gravatar.com\/avatar\/d65117c62f9fdee40568ff74546ff940.jpg?s=72&d=https%3A%2F%2Fa.slack-edge.com%2Fdf10d%2Fimg%2Favatars%2Fava_0021-72.png",
            "first_name": "Andrés",
            "real_name": "Andrés González Alonso",
            "display_name": "Andygon",
            "team": "TJH5YU202",
            "name": "zalezalon",
            "is_restricted": false,
            "is_ultra_restricted": false
        },
        "attachments": [
            {
                "service_name": "YouTube",
                "service_url": "https:\/\/www.youtube.com\/",
                "title": "Entrevista a José Ignacio Latorre, físico cuántico",
                "title_link": "https:\/\/www.youtube.com\/watch?v=QYiSxRWz9GU",
                "author_name": "informativos",
                "author_link": "https:\/\/www.youtube.com\/user\/informativos",
                "thumb_url": "https:\/\/i.ytimg.com\/vi\/QYiSxRWz9GU\/hqdefault.jpg",
                "thumb_width": 480,
                "thumb_height": 360,
                "fallback": "YouTube Video: Entrevista a José Ignacio Latorre, físico cuántico",
                "video_html": "<iframe width=\"400\" height=\"225\" src=\"https:\/\/www.youtube.com\/embed\/QYiSxRWz9GU?feature=oembed&autoplay=1&iv_load_policy=3\" frameborder=\"0\" allow=\"accelerometer; autoplay; encrypted-media; gyroscope; picture-in-picture\" allowfullscreen><\/iframe>",
                "video_html_width": 400,
                "video_html_height": 225,
                "from_url": "https:\/\/www.youtube.com\/watch?v=QYiSxRWz9GU",
                "service_icon": "https:\/\/a.slack-edge.com\/80588\/img\/unfurl_icons\/youtube.png",
                "id": 1,
                "original_url": "https:\/\/www.youtube.com\/watch?v=QYiSxRWz9GU"
            }
        ],
        "blocks": [
            {
                "type": "rich_text",
                "block_id": "DnDO5",
                "elements": [
                    {
                        "type": "rich_text_section",
                        "elements": [
                            {
                                "type": "text",
                                "text": "Parece que tenemos telepatía cósmica ayer estuve hablando con un compi de la universidad sobre los ordenadores cuánticos, yo defendía que era un concepto teórico y que no llegaremos a tener uno al menos los de nuestra generación, os sugiero que le echéis a la en Entrevista a José Ignacio Latorre, físico cuántico.  "
                            },
                            {
                                "type": "link",
                                "url": "https:\/\/www.youtube.com\/watch?v=QYiSxRWz9GU"
                            },
                            {
                                "type": "text",
                                "text": "  Buscar tambien otros que son todos muy interesantes."
                            }
                        ]
                    }
                ]
            }
        ]
    },
    {
        "client_msg_id": "291b859a-94e8-41b3-9c85-7e370cb2b6e6",
        "type": "message",
        "text": "No creo que los ordenadores cuánticos vayan a ser de uso común hasta un futuro lejano",
        "user": "UNAHBRTFA",
        "ts": "1587384207.022800",
        "team": "TJH5YU202",
        "user_team": "TJH5YU202",
        "source_team": "TJH5YU202",
        "user_profile": {
            "avatar_hash": "g3d2a3f4c28c",
            "image_72": "https:\/\/secure.gravatar.com\/avatar\/23d2a3f4c28cebb4cf07e48d02620517.jpg?s=72&d=https%3A%2F%2Fa.slack-edge.com%2Fdf10d%2Fimg%2Favatars%2Fava_0020-72.png",
            "first_name": "Andreu",
            "real_name": "Andreu Botella",
            "display_name": "Andreu Botella",
            "team": "TJH5YU202",
            "name": "andreu.132",
            "is_restricted": false,
            "is_ultra_restricted": false
        },
        "blocks": [
            {
                "type": "rich_text",
                "block_id": "IxDS",
                "elements": [
                    {
                        "type": "rich_text_section",
                        "elements": [
                            {
                                "type": "text",
                                "text": "No creo que los ordenadores cuánticos vayan a ser de uso común hasta un futuro lejano"
                            }
                        ]
                    }
                ]
            }
        ]
    },
    {
        "client_msg_id": "28490f9d-39b3-4642-a3a6-462c53ae96f5",
        "type": "message",
        "text": "pero Google y IBM tienen unos, y el de IBM tiene un API con el que le puedes pedir cálculos",
        "user": "UNAHBRTFA",
        "ts": "1587384243.023600",
        "team": "TJH5YU202",
        "user_team": "TJH5YU202",
        "source_team": "TJH5YU202",
        "user_profile": {
            "avatar_hash": "g3d2a3f4c28c",
            "image_72": "https:\/\/secure.gravatar.com\/avatar\/23d2a3f4c28cebb4cf07e48d02620517.jpg?s=72&d=https%3A%2F%2Fa.slack-edge.com%2Fdf10d%2Fimg%2Favatars%2Fava_0020-72.png",
            "first_name": "Andreu",
            "real_name": "Andreu Botella",
            "display_name": "Andreu Botella",
            "team": "TJH5YU202",
            "name": "andreu.132",
            "is_restricted": false,
            "is_ultra_restricted": false
        },
        "blocks": [
            {
                "type": "rich_text",
                "block_id": "=NJIW",
                "elements": [
                    {
                        "type": "rich_text_section",
                        "elements": [
                            {
                                "type": "text",
                                "text": "pero Google y IBM tienen unos, y el de IBM tiene un API con el que le puedes pedir cálculos"
                            }
                        ]
                    }
                ]
            }
        ]
    },
    {
        "client_msg_id": "37768d2f-7d66-4f2b-ae7e-8dc78b2bbd45",
        "type": "message",
        "text": "de momento aún no tienen muchos qubits, así que no son significativamente más rápidos que las simulaciones clásicas, pero dale un par de años",
        "user": "UNAHBRTFA",
        "ts": "1587384342.025400",
        "team": "TJH5YU202",
        "user_team": "TJH5YU202",
        "source_team": "TJH5YU202",
        "user_profile": {
            "avatar_hash": "g3d2a3f4c28c",
            "image_72": "https:\/\/secure.gravatar.com\/avatar\/23d2a3f4c28cebb4cf07e48d02620517.jpg?s=72&d=https%3A%2F%2Fa.slack-edge.com%2Fdf10d%2Fimg%2Favatars%2Fava_0020-72.png",
            "first_name": "Andreu",
            "real_name": "Andreu Botella",
            "display_name": "Andreu Botella",
            "team": "TJH5YU202",
            "name": "andreu.132",
            "is_restricted": false,
            "is_ultra_restricted": false
        },
        "edited": {
            "user": "UNAHBRTFA",
            "ts": "1587384368.000000"
        },
        "blocks": [
            {
                "type": "rich_text",
                "block_id": "cVN6p",
                "elements": [
                    {
                        "type": "rich_text_section",
                        "elements": [
                            {
                                "type": "text",
                                "text": "de momento aún no tienen muchos qubits, así que no son significativamente más rápidos que las simulaciones clásicas, pero dale un par de años"
                            }
                        ]
                    }
                ]
            }
        ]
    },
    {
        "client_msg_id": "d7526130-602b-4677-aef3-f79b1fff2495",
        "type": "message",
        "text": "Este tema está moviendo muchos millones e implican a gobiernos y fondos de inversión de capital\/riesgo por las implicaciones que tiene en el tema de seguridad. Lo que un ordenador clásico tarda en descifrar ( es un ejemplo de su aplicación ) varias decenas de años, uno cuántico tarda 2 horas y media. IBM no se cree que Google tenga uno",
        "user": "UJUJLTWMT",
        "ts": "1587384515.029300",
        "team": "TJH5YU202",
        "user_team": "TJH5YU202",
        "source_team": "TJH5YU202",
        "user_profile": {
            "avatar_hash": "a60e3b1ef2d2",
            "image_72": "https:\/\/avatars.slack-edge.com\/2019-08-20\/726246109489_a60e3b1ef2d2c141969d_72.jpg",
            "first_name": "",
            "real_name": "Cristobal",
            "display_name": "Cristobal",
            "team": "TJH5YU202",
            "name": "navarro.cristobal",
            "is_restricted": false,
            "is_ultra_restricted": false
        },
        "blocks": [
            {
                "type": "rich_text",
                "block_id": "o3qaM",
                "elements": [
                    {
                        "type": "rich_text_section",
                        "elements": [
                            {
                                "type": "text",
                                "text": "Este tema está moviendo muchos millones e implican a gobiernos y fondos de inversión de capital\/riesgo por las implicaciones que tiene en el tema de seguridad. Lo que un ordenador clásico tarda en descifrar ( es un ejemplo de su aplicación ) varias decenas de años, uno cuántico tarda 2 horas y media. IBM no se cree que Google tenga uno"
                            }
                        ]
                    }
                ]
            }
        ]
    },
    {
        "client_msg_id": "e7228cb7-47fa-415d-a275-dc745c3caadc",
        "type": "message",
        "text": "Sí es una noticia pública, la informática cuántica ya es mas que un concepto teórico y todo viene relacionado con la inteligencia artificial, por eso se reclaman ya los ordenadores cuánticos que por supuesto será para investigación que algunos tendremos acceso, pero que puedas disponer de el (procesadores cuánticos personales) lo veo difícil de momento.",
        "user": "UJWGTCNS3",
        "ts": "1587384521.029400",
        "team": "TJH5YU202",
        "user_team": "TJH5YU202",
        "source_team": "TJH5YU202",
        "user_profile": {
            "avatar_hash": "g5117c62f9fd",
            "image_72": "https:\/\/secure.gravatar.com\/avatar\/d65117c62f9fdee40568ff74546ff940.jpg?s=72&d=https%3A%2F%2Fa.slack-edge.com%2Fdf10d%2Fimg%2Favatars%2Fava_0021-72.png",
            "first_name": "Andrés",
            "real_name": "Andrés González Alonso",
            "display_name": "Andygon",
            "team": "TJH5YU202",
            "name": "zalezalon",
            "is_restricted": false,
            "is_ultra_restricted": false
        },
        "blocks": [
            {
                "type": "rich_text",
                "block_id": "LYh",
                "elements": [
                    {
                        "type": "rich_text_section",
                        "elements": [
                            {
                                "type": "text",
                                "text": "Sí es una noticia pública, la informática cuántica ya es mas que un concepto teórico y todo viene relacionado con la inteligencia artificial, por eso se reclaman ya los ordenadores cuánticos que por supuesto será para investigación que algunos tendremos acceso, pero que puedas disponer de el (procesadores cuánticos personales) lo veo difícil de momento."
                            }
                        ]
                    }
                ]
            }
        ]
    },
    {
        "client_msg_id": "a85d003c-44ba-409d-9508-eb4d6e0fa9b8",
        "type": "message",
        "text": "&gt; Lo que un ordenador clásico tarda en descifrar ( es un ejemplo de su aplicación ) varias decenas de años, uno cuántico tarda 2 horas y media.\nSupongo que con esto estás hablando del algoritmo de Shor y lo que implica para la criptografía basada en la factorización de enteros.",
        "user": "UNAHBRTFA",
        "ts": "1587384855.031500",
        "team": "TJH5YU202",
        "user_team": "TJH5YU202",
        "source_team": "TJH5YU202",
        "user_profile": {
            "avatar_hash": "g3d2a3f4c28c",
            "image_72": "https:\/\/secure.gravatar.com\/avatar\/23d2a3f4c28cebb4cf07e48d02620517.jpg?s=72&d=https%3A%2F%2Fa.slack-edge.com%2Fdf10d%2Fimg%2Favatars%2Fava_0020-72.png",
            "first_name": "Andreu",
            "real_name": "Andreu Botella",
            "display_name": "Andreu Botella",
            "team": "TJH5YU202",
            "name": "andreu.132",
            "is_restricted": false,
            "is_ultra_restricted": false
        },
        "blocks": [
            {
                "type": "rich_text",
                "block_id": "BdhV",
                "elements": [
                    {
                        "type": "rich_text_quote",
                        "elements": [
                            {
                                "type": "text",
                                "text": "Lo que un ordenador clásico tarda en descifrar ( es un ejemplo de su aplicación ) varias decenas de años, uno cuántico tarda 2 horas y media."
                            }
                        ]
                    },
                    {
                        "type": "rich_text_section",
                        "elements": [
                            {
                                "type": "text",
                                "text": "Supongo que con esto estás hablando del algoritmo de Shor y lo que implica para la criptografía basada en la factorización de enteros."
                            }
                        ]
                    }
                ]
            }
        ]
    },
    {
        "client_msg_id": "0e9cad09-de5a-44c6-b737-1e7593559eda",
        "type": "message",
        "text": "Para que veas, una clave RSA normal es de 2048 bits, o como mínimo 1024",
        "user": "UNAHBRTFA",
        "ts": "1587384898.032200",
        "team": "TJH5YU202",
        "user_team": "TJH5YU202",
        "source_team": "TJH5YU202",
        "user_profile": {
            "avatar_hash": "g3d2a3f4c28c",
            "image_72": "https:\/\/secure.gravatar.com\/avatar\/23d2a3f4c28cebb4cf07e48d02620517.jpg?s=72&d=https%3A%2F%2Fa.slack-edge.com%2Fdf10d%2Fimg%2Favatars%2Fava_0020-72.png",
            "first_name": "Andreu",
            "real_name": "Andreu Botella",
            "display_name": "Andreu Botella",
            "team": "TJH5YU202",
            "name": "andreu.132",
            "is_restricted": false,
            "is_ultra_restricted": false
        },
        "blocks": [
            {
                "type": "rich_text",
                "block_id": "+mO63",
                "elements": [
                    {
                        "type": "rich_text_section",
                        "elements": [
                            {
                                "type": "text",
                                "text": "Para que veas, una clave RSA normal es de 2048 bits, o como mínimo 1024"
                            }
                        ]
                    }
                ]
            }
        ]
    },
    {
        "client_msg_id": "c2b40e9a-e1aa-4da9-bb56-e18dbecc9d31",
        "type": "message",
        "text": "Por lo que estoy mirando, necesitas el doble de qubits que bits en la clave para poder factorizarlo con el algoritmo de Shor sin ruido",
        "user": "UNAHBRTFA",
        "ts": "1587384978.032900",
        "team": "TJH5YU202",
        "user_team": "TJH5YU202",
        "source_team": "TJH5YU202",
        "user_profile": {
            "avatar_hash": "g3d2a3f4c28c",
            "image_72": "https:\/\/secure.gravatar.com\/avatar\/23d2a3f4c28cebb4cf07e48d02620517.jpg?s=72&d=https%3A%2F%2Fa.slack-edge.com%2Fdf10d%2Fimg%2Favatars%2Fava_0020-72.png",
            "first_name": "Andreu",
            "real_name": "Andreu Botella",
            "display_name": "Andreu Botella",
            "team": "TJH5YU202",
            "name": "andreu.132",
            "is_restricted": false,
            "is_ultra_restricted": false
        },
        "blocks": [
            {
                "type": "rich_text",
                "block_id": "fyU",
                "elements": [
                    {
                        "type": "rich_text_section",
                        "elements": [
                            {
                                "type": "text",
                                "text": "Por lo que estoy mirando, necesitas el doble de qubits que bits en la clave para poder factorizarlo con el algoritmo de Shor sin ruido"
                            }
                        ]
                    }
                ]
            }
        ]
    },
    {
        "client_msg_id": "71927905-eb95-4927-bbb0-6d2bae73cde9",
        "type": "message",
        "text": "Los ordenadores cuánticos actuales tienen decenas de qubits como máximo, creo",
        "user": "UNAHBRTFA",
        "ts": "1587385035.033400",
        "team": "TJH5YU202",
        "user_team": "TJH5YU202",
        "source_team": "TJH5YU202",
        "user_profile": {
            "avatar_hash": "g3d2a3f4c28c",
            "image_72": "https:\/\/secure.gravatar.com\/avatar\/23d2a3f4c28cebb4cf07e48d02620517.jpg?s=72&d=https%3A%2F%2Fa.slack-edge.com%2Fdf10d%2Fimg%2Favatars%2Fava_0020-72.png",
            "first_name": "Andreu",
            "real_name": "Andreu Botella",
            "display_name": "Andreu Botella",
            "team": "TJH5YU202",
            "name": "andreu.132",
            "is_restricted": false,
            "is_ultra_restricted": false
        },
        "edited": {
            "user": "UNAHBRTFA",
            "ts": "1587385039.000000"
        },
        "blocks": [
            {
                "type": "rich_text",
                "block_id": "4Bu",
                "elements": [
                    {
                        "type": "rich_text_section",
                        "elements": [
                            {
                                "type": "text",
                                "text": "Los ordenadores cuánticos actuales tienen decenas de qubits como máximo, creo"
                            }
                        ]
                    }
                ]
            }
        ]
    },
    {
        "client_msg_id": "f4cd191b-7302-4e9d-b71b-420e61e14d5e",
        "type": "message",
        "text": "Andreu puedes darnos un ejemplo de como sería la Clase TQuByte ?",
        "user": "UJN8D8U3B",
        "ts": "1587385102.034200",
        "team": "TJH5YU202",
        "user_team": "TJH5YU202",
        "source_team": "TJH5YU202",
        "user_profile": {
            "avatar_hash": "g92ad2abcc45",
            "image_72": "https:\/\/secure.gravatar.com\/avatar\/8492ad2abcc45ce53969adcf8420acde.jpg?s=72&d=https%3A%2F%2Fa.slack-edge.com%2Fdf10d%2Fimg%2Favatars%2Fava_0008-72.png",
            "first_name": "",
            "real_name": "Antonio Linares",
            "display_name": "Antonio Linares",
            "team": "TJH5YU202",
            "name": "alinares",
            "is_restricted": false,
            "is_ultra_restricted": false
        },
        "blocks": [
            {
                "type": "rich_text",
                "block_id": "sd5l",
                "elements": [
                    {
                        "type": "rich_text_section",
                        "elements": [
                            {
                                "type": "text",
                                "text": "Andreu puedes darnos un ejemplo de como sería la Clase TQuByte ?"
                            }
                        ]
                    }
                ]
            }
        ]
    },
    {
        "client_msg_id": "650d1043-d1c7-42f2-9e4c-239fe1c676e0",
        "type": "message",
        "text": "ocho TQuBits ?",
        "user": "UJN8D8U3B",
        "ts": "1587385113.034500",
        "team": "TJH5YU202",
        "user_team": "TJH5YU202",
        "source_team": "TJH5YU202",
        "user_profile": {
            "avatar_hash": "g92ad2abcc45",
            "image_72": "https:\/\/secure.gravatar.com\/avatar\/8492ad2abcc45ce53969adcf8420acde.jpg?s=72&d=https%3A%2F%2Fa.slack-edge.com%2Fdf10d%2Fimg%2Favatars%2Fava_0008-72.png",
            "first_name": "",
            "real_name": "Antonio Linares",
            "display_name": "Antonio Linares",
            "team": "TJH5YU202",
            "name": "alinares",
            "is_restricted": false,
            "is_ultra_restricted": false
        },
        "blocks": [
            {
                "type": "rich_text",
                "block_id": "liQl",
                "elements": [
                    {
                        "type": "rich_text_section",
                        "elements": [
                            {
                                "type": "text",
                                "text": "ocho TQuBits ?"
                            }
                        ]
                    }
                ]
            }
        ]
    },
    {
        "client_msg_id": "a0a4dd7c-6f3c-48c5-9275-ae87aa988b99",
        "type": "message",
        "text": "las arquitecturas de computación cuántica trabajan con bits individuales, a este nivel no tiene demasiado sentido usar bytes :sweat_smile:",
        "user": "UNAHBRTFA",
        "ts": "1587385246.035300",
        "team": "TJH5YU202",
        "user_team": "TJH5YU202",
        "source_team": "TJH5YU202",
        "user_profile": {
            "avatar_hash": "g3d2a3f4c28c",
            "image_72": "https:\/\/secure.gravatar.com\/avatar\/23d2a3f4c28cebb4cf07e48d02620517.jpg?s=72&d=https%3A%2F%2Fa.slack-edge.com%2Fdf10d%2Fimg%2Favatars%2Fava_0020-72.png",
            "first_name": "Andreu",
            "real_name": "Andreu Botella",
            "display_name": "Andreu Botella",
            "team": "TJH5YU202",
            "name": "andreu.132",
            "is_restricted": false,
            "is_ultra_restricted": false
        },
        "blocks": [
            {
                "type": "rich_text",
                "block_id": "bfTp",
                "elements": [
                    {
                        "type": "rich_text_section",
                        "elements": [
                            {
                                "type": "text",
                                "text": "las arquitecturas de computación cuántica trabajan con bits individuales, a este nivel no tiene demasiado sentido usar bytes "
                            },
                            {
                                "type": "emoji",
                                "name": "sweat_smile"
                            }
                        ]
                    }
                ]
            }
        ]
    },
    {
        "client_msg_id": "567839d3-9136-4930-8b17-28fdd333922a",
        "type": "message",
        "text": "pero se puede simular perfectamente una máquina con ocho qubits",
        "user": "UNAHBRTFA",
        "ts": "1587385259.035800",
        "team": "TJH5YU202",
        "user_team": "TJH5YU202",
        "source_team": "TJH5YU202",
        "user_profile": {
            "avatar_hash": "g3d2a3f4c28c",
            "image_72": "https:\/\/secure.gravatar.com\/avatar\/23d2a3f4c28cebb4cf07e48d02620517.jpg?s=72&d=https%3A%2F%2Fa.slack-edge.com%2Fdf10d%2Fimg%2Favatars%2Fava_0020-72.png",
            "first_name": "Andreu",
            "real_name": "Andreu Botella",
            "display_name": "Andreu Botella",
            "team": "TJH5YU202",
            "name": "andreu.132",
            "is_restricted": false,
            "is_ultra_restricted": false
        },
        "blocks": [
            {
                "type": "rich_text",
                "block_id": "LPz+",
                "elements": [
                    {
                        "type": "rich_text_section",
                        "elements": [
                            {
                                "type": "text",
                                "text": "pero se puede simular perfectamente una máquina con ocho qubits"
                            }
                        ]
                    }
                ]
            }
        ]
    },
    {
        "client_msg_id": "8a113a2a-c431-4d57-aaca-288c9b326d7a",
        "type": "message",
        "text": "```class Qubyte {\n  constructor() {\n    this.amplitudes = [];\n    for (let i = 0; i &lt; 256; i++) {\n      this.amplitudes[i] = 1\/256;\n    }\n  }\n}```",
        "user": "UNAHBRTFA",
        "ts": "1587385403.037000",
        "team": "TJH5YU202",
        "user_team": "TJH5YU202",
        "source_team": "TJH5YU202",
        "user_profile": {
            "avatar_hash": "g3d2a3f4c28c",
            "image_72": "https:\/\/secure.gravatar.com\/avatar\/23d2a3f4c28cebb4cf07e48d02620517.jpg?s=72&d=https%3A%2F%2Fa.slack-edge.com%2Fdf10d%2Fimg%2Favatars%2Fava_0020-72.png",
            "first_name": "Andreu",
            "real_name": "Andreu Botella",
            "display_name": "Andreu Botella",
            "team": "TJH5YU202",
            "name": "andreu.132",
            "is_restricted": false,
            "is_ultra_restricted": false
        },
        "edited": {
            "user": "UNAHBRTFA",
            "ts": "1587385501.000000"
        },
        "blocks": [
            {
                "type": "rich_text",
                "block_id": "mH=",
                "elements": [
                    {
                        "type": "rich_text_preformatted",
                        "elements": [
                            {
                                "type": "text",
                                "text": "class Qubyte {\n  constructor() {\n    this.amplitudes = [];\n    for (let i = 0; i < 256; i++) {\n      this.amplitudes[i] = 1\/256;\n    }\n  }\n}"
                            }
                        ]
                    }
                ]
            }
        ]
    },
    {
        "client_msg_id": "c206a3fe-3f83-4b7c-acbd-68a9820322e4",
        "type": "message",
        "text": "la idea es asignarle un valor a cada combinación de bits",
        "user": "UNAHBRTFA",
        "ts": "1587385444.037600",
        "team": "TJH5YU202",
        "user_team": "TJH5YU202",
        "source_team": "TJH5YU202",
        "user_profile": {
            "avatar_hash": "g3d2a3f4c28c",
            "image_72": "https:\/\/secure.gravatar.com\/avatar\/23d2a3f4c28cebb4cf07e48d02620517.jpg?s=72&d=https%3A%2F%2Fa.slack-edge.com%2Fdf10d%2Fimg%2Favatars%2Fava_0020-72.png",
            "first_name": "Andreu",
            "real_name": "Andreu Botella",
            "display_name": "Andreu Botella",
            "team": "TJH5YU202",
            "name": "andreu.132",
            "is_restricted": false,
            "is_ultra_restricted": false
        },
        "blocks": [
            {
                "type": "rich_text",
                "block_id": "8rQd",
                "elements": [
                    {
                        "type": "rich_text_section",
                        "elements": [
                            {
                                "type": "text",
                                "text": "la idea es asignarle un valor a cada combinación de bits"
                            }
                        ]
                    }
                ]
            }
        ]
    },
    {
        "client_msg_id": "4f2a0900-7cf0-4ff4-a26e-3f14e2108916",
        "type": "message",
        "text": "este array de combinaciones de bits se puede entender como un vector, y las puertas cuánticas como multiplicar ese vector por una matriz",
        "user": "UNAHBRTFA",
        "ts": "1587385994.038700",
        "team": "TJH5YU202",
        "user_team": "TJH5YU202",
        "source_team": "TJH5YU202",
        "user_profile": {
            "avatar_hash": "g3d2a3f4c28c",
            "image_72": "https:\/\/secure.gravatar.com\/avatar\/23d2a3f4c28cebb4cf07e48d02620517.jpg?s=72&d=https%3A%2F%2Fa.slack-edge.com%2Fdf10d%2Fimg%2Favatars%2Fava_0020-72.png",
            "first_name": "Andreu",
            "real_name": "Andreu Botella",
            "display_name": "Andreu Botella",
            "team": "TJH5YU202",
            "name": "andreu.132",
            "is_restricted": false,
            "is_ultra_restricted": false
        },
        "blocks": [
            {
                "type": "rich_text",
                "block_id": "42OMC",
                "elements": [
                    {
                        "type": "rich_text_section",
                        "elements": [
                            {
                                "type": "text",
                                "text": "este array de combinaciones de bits se puede entender como un vector, y las puertas cuánticas como multiplicar ese vector por una matriz"
                            }
                        ]
                    }
                ]
            }
        ]
    },
    {
        "client_msg_id": "fb81ec0b-9182-4bf9-8613-c966aa7e6e9d",
        "type": "message",
        "text": "y donde estan los QuBits ? :slightly_smiling_face:",
        "user": "UJN8D8U3B",
        "ts": "1587386332.039100",
        "team": "TJH5YU202",
        "user_team": "TJH5YU202",
        "source_team": "TJH5YU202",
        "user_profile": {
            "avatar_hash": "g92ad2abcc45",
            "image_72": "https:\/\/secure.gravatar.com\/avatar\/8492ad2abcc45ce53969adcf8420acde.jpg?s=72&d=https%3A%2F%2Fa.slack-edge.com%2Fdf10d%2Fimg%2Favatars%2Fava_0008-72.png",
            "first_name": "",
            "real_name": "Antonio Linares",
            "display_name": "Antonio Linares",
            "team": "TJH5YU202",
            "name": "alinares",
            "is_restricted": false,
            "is_ultra_restricted": false
        },
        "blocks": [
            {
                "type": "rich_text",
                "block_id": "zu7rd",
                "elements": [
                    {
                        "type": "rich_text_section",
                        "elements": [
                            {
                                "type": "text",
                                "text": "y donde estan los QuBits ? "
                            },
                            {
                                "type": "emoji",
                                "name": "slightly_smiling_face"
                            }
                        ]
                    }
                ]
            }
        ]
    },
    {
        "client_msg_id": "ba631cec-3bb6-4ed6-8bb1-d74cf5974f30",
        "type": "message",
        "text": "Los ordenadores clásicos, ya sean un laptop, un smartphone o un supercomputador, realizan todas sus operaciones convirtiendo datos en una o varias combinaciones de bits (ceros y unos). Los bits interactúan, y el resultado final es otra combinación de unos y ceros. Las computadoras cuánticas también dan un resultado de unos y ceros. Pero mientras se realiza el cálculo, sus bits cuánticos, o _qubits_, se comunican entre sí de una forma diferente, a través de las mismas reglas de la física que rigen también sobre los electrones.\nEn lugar de representar un uno o un cero, un solo qubit puede ser un poco de ambos durante el cálculo, ya que se sigue una ecuación matemática especial que codifica la probabilidad de obtener un cero o un uno al medir realmente el valor del qubit. Varios qubits usan ecuaciones más complejas que tratan las combinaciones de los valores de los qubits como objetos matemáticos individuales. El resultado final es una o varias cadenas binarias posibles, y el valor final que se le da al usuario es determinado por las probabilidades cifradas en las ecuaciones.\nEste extraño concepto matemático de que los qubits _“son-ecuaciones-hasta -que-los-mides-y-entonces-vuelven-a-comportarse-como-bits-pero-sus-valores-podrían-tener-cierta-aleatoriedad”_ podría ser útil para solucionar problemas que normalmente son difíciles para los ordenadores. Uno de esos problemas tan difíciles es factorizar números grandes en números primos. *La cara oscura es que también permitiría romper el algoritmo utilizado para almacenar gran parte de nuestros datos cifrados, algo muy preocupante para la ciberseguridad*. Finalmente también podría ser una nueva forma de que los ordenadores manejen grandes conjuntos de datos, como los que existen en problemas de _machine learning_ (por ejemplo, sistemas avanzados de reconocimiento facial).",
        "user": "UJUJLTWMT",
        "ts": "1587386732.039300",
        "team": "TJH5YU202",
        "user_team": "TJH5YU202",
        "source_team": "TJH5YU202",
        "user_profile": {
            "avatar_hash": "a60e3b1ef2d2",
            "image_72": "https:\/\/avatars.slack-edge.com\/2019-08-20\/726246109489_a60e3b1ef2d2c141969d_72.jpg",
            "first_name": "",
            "real_name": "Cristobal",
            "display_name": "Cristobal",
            "team": "TJH5YU202",
            "name": "navarro.cristobal",
            "is_restricted": false,
            "is_ultra_restricted": false
        },
        "edited": {
            "user": "UJUJLTWMT",
            "ts": "1587386784.000000"
        },
        "blocks": [
            {
                "type": "rich_text",
                "block_id": "DY\/Y",
                "elements": [
                    {
                        "type": "rich_text_section",
                        "elements": [
                            {
                                "type": "text",
                                "text": "Los ordenadores clásicos, ya sean un laptop, un smartphone o un supercomputador, realizan todas sus operaciones convirtiendo datos en una o varias combinaciones de bits (ceros y unos). Los bits interactúan, y el resultado final es otra combinación de unos y ceros. Las computadoras cuánticas también dan un resultado de unos y ceros. Pero mientras se realiza el cálculo, sus bits cuánticos, o "
                            },
                            {
                                "type": "text",
                                "text": "qubits",
                                "style": {
                                    "italic": true
                                }
                            },
                            {
                                "type": "text",
                                "text": ", se comunican entre sí de una forma diferente, a través de las mismas reglas de la física que rigen también sobre los electrones.\nEn lugar de representar un uno o un cero, un solo qubit puede ser un poco de ambos durante el cálculo, ya que se sigue una ecuación matemática especial que codifica la probabilidad de obtener un cero o un uno al medir realmente el valor del qubit. Varios qubits usan ecuaciones más complejas que tratan las combinaciones de los valores de los qubits como objetos matemáticos individuales. El resultado final es una o varias cadenas binarias posibles, y el valor final que se le da al usuario es determinado por las probabilidades cifradas en las ecuaciones.\nEste extraño concepto matemático de que los qubits "
                            },
                            {
                                "type": "text",
                                "text": "“son-ecuaciones-hasta -que-los-mides-y-entonces-vuelven-a-comportarse-como-bits-pero-sus-valores-podrían-tener-cierta-aleatoriedad”",
                                "style": {
                                    "italic": true
                                }
                            },
                            {
                                "type": "text",
                                "text": " podría ser útil para solucionar problemas que normalmente son difíciles para los ordenadores. Uno de esos problemas tan difíciles es factorizar números grandes en números primos. "
                            },
                            {
                                "type": "text",
                                "text": "La cara oscura es que también permitiría romper el algoritmo utilizado para almacenar gran parte de nuestros datos cifrados, algo muy preocupante para la ciberseguridad",
                                "style": {
                                    "bold": true
                                }
                            },
                            {
                                "type": "text",
                                "text": ". Finalmente también podría ser una nueva forma de que los ordenadores manejen grandes conjuntos de datos, como los que existen en problemas de "
                            },
                            {
                                "type": "text",
                                "text": "machine learning",
                                "style": {
                                    "italic": true
                                }
                            },
                            {
                                "type": "text",
                                "text": " (por ejemplo, sistemas avanzados de reconocimiento facial)."
                            }
                        ]
                    }
                ]
            }
        ]
    },
    {
        "client_msg_id": "72ebfa14-c2a3-48f0-95cb-225d47c0ec3e",
        "type": "message",
        "text": "Andreu... no veo los QuBits en tu clase",
        "user": "UJN8D8U3B",
        "ts": "1587386894.039800",
        "team": "TJH5YU202",
        "user_team": "TJH5YU202",
        "source_team": "TJH5YU202",
        "user_profile": {
            "avatar_hash": "g92ad2abcc45",
            "image_72": "https:\/\/secure.gravatar.com\/avatar\/8492ad2abcc45ce53969adcf8420acde.jpg?s=72&d=https%3A%2F%2Fa.slack-edge.com%2Fdf10d%2Fimg%2Favatars%2Fava_0008-72.png",
            "first_name": "",
            "real_name": "Antonio Linares",
            "display_name": "Antonio Linares",
            "team": "TJH5YU202",
            "name": "alinares",
            "is_restricted": false,
            "is_ultra_restricted": false
        },
        "blocks": [
            {
                "type": "rich_text",
                "block_id": "\/r1",
                "elements": [
                    {
                        "type": "rich_text_section",
                        "elements": [
                            {
                                "type": "text",
                                "text": "Andreu... no veo los QuBits en tu clase"
                            }
                        ]
                    }
                ]
            }
        ]
    },
    {
        "client_msg_id": "a54ffd26-fe1e-4682-a473-3069f7c17cf1",
        "type": "message",
        "text": "porque no están ahí individualmente",
        "user": "UNAHBRTFA",
        "ts": "1587387190.040100",
        "team": "TJH5YU202",
        "user_team": "TJH5YU202",
        "source_team": "TJH5YU202",
        "user_profile": {
            "avatar_hash": "g3d2a3f4c28c",
            "image_72": "https:\/\/secure.gravatar.com\/avatar\/23d2a3f4c28cebb4cf07e48d02620517.jpg?s=72&d=https%3A%2F%2Fa.slack-edge.com%2Fdf10d%2Fimg%2Favatars%2Fava_0020-72.png",
            "first_name": "Andreu",
            "real_name": "Andreu Botella",
            "display_name": "Andreu Botella",
            "team": "TJH5YU202",
            "name": "andreu.132",
            "is_restricted": false,
            "is_ultra_restricted": false
        },
        "blocks": [
            {
                "type": "rich_text",
                "block_id": "t2b",
                "elements": [
                    {
                        "type": "rich_text_section",
                        "elements": [
                            {
                                "type": "text",
                                "text": "porque no están ahí individualmente"
                            }
                        ]
                    }
                ]
            }
        ]
    },
    {
        "client_msg_id": "ddcd33cb-f569-43c6-8dff-e7112e9fb83f",
        "type": "message",
        "text": "???",
        "user": "UJN8D8U3B",
        "ts": "1587387224.040300",
        "team": "TJH5YU202",
        "user_team": "TJH5YU202",
        "source_team": "TJH5YU202",
        "user_profile": {
            "avatar_hash": "g92ad2abcc45",
            "image_72": "https:\/\/secure.gravatar.com\/avatar\/8492ad2abcc45ce53969adcf8420acde.jpg?s=72&d=https%3A%2F%2Fa.slack-edge.com%2Fdf10d%2Fimg%2Favatars%2Fava_0008-72.png",
            "first_name": "",
            "real_name": "Antonio Linares",
            "display_name": "Antonio Linares",
            "team": "TJH5YU202",
            "name": "alinares",
            "is_restricted": false,
            "is_ultra_restricted": false
        },
        "blocks": [
            {
                "type": "rich_text",
                "block_id": "+t6",
                "elements": [
                    {
                        "type": "rich_text_section",
                        "elements": [
                            {
                                "type": "text",
                                "text": "???"
                            }
                        ]
                    }
                ]
            }
        ]
    },
    {
        "client_msg_id": "56ea6e41-d13a-48f0-97de-83bc48109134",
        "type": "message",
        "text": "un momento",
        "user": "UNAHBRTFA",
        "ts": "1587387282.040500",
        "team": "TJH5YU202",
        "user_team": "TJH5YU202",
        "source_team": "TJH5YU202",
        "user_profile": {
            "avatar_hash": "g3d2a3f4c28c",
            "image_72": "https:\/\/secure.gravatar.com\/avatar\/23d2a3f4c28cebb4cf07e48d02620517.jpg?s=72&d=https%3A%2F%2Fa.slack-edge.com%2Fdf10d%2Fimg%2Favatars%2Fava_0020-72.png",
            "first_name": "Andreu",
            "real_name": "Andreu Botella",
            "display_name": "Andreu Botella",
            "team": "TJH5YU202",
            "name": "andreu.132",
            "is_restricted": false,
            "is_ultra_restricted": false
        },
        "blocks": [
            {
                "type": "rich_text",
                "block_id": "ImTDb",
                "elements": [
                    {
                        "type": "rich_text_section",
                        "elements": [
                            {
                                "type": "text",
                                "text": "un momento"
                            }
                        ]
                    }
                ]
            }
        ]
    },
    {
        "client_msg_id": "0608bcfa-2b3c-4e24-a5b6-600bb8b3f105",
        "type": "message",
        "text": "<https:\/\/www.youtube.com\/watch?v=JRIPV0dPAd4>",
        "user": "UJUJLTWMT",
        "ts": "1587387858.040700",
        "team": "TJH5YU202",
        "user_team": "TJH5YU202",
        "source_team": "TJH5YU202",
        "user_profile": {
            "avatar_hash": "a60e3b1ef2d2",
            "image_72": "https:\/\/avatars.slack-edge.com\/2019-08-20\/726246109489_a60e3b1ef2d2c141969d_72.jpg",
            "first_name": "",
            "real_name": "Cristobal",
            "display_name": "Cristobal",
            "team": "TJH5YU202",
            "name": "navarro.cristobal",
            "is_restricted": false,
            "is_ultra_restricted": false
        },
        "attachments": [
            {
                "service_name": "YouTube",
                "service_url": "https:\/\/www.youtube.com\/",
                "title": "A Beginner’s Guide To Quantum Computing",
                "title_link": "https:\/\/www.youtube.com\/watch?v=JRIPV0dPAd4",
                "author_name": "Coding Tech",
                "author_link": "https:\/\/www.youtube.com\/channel\/UCtxCXg-UvSnTKPOzLH4wJaQ",
                "thumb_url": "https:\/\/i.ytimg.com\/vi\/JRIPV0dPAd4\/hqdefault.jpg",
                "thumb_width": 480,
                "thumb_height": 360,
                "fallback": "YouTube Video: A Beginner’s Guide To Quantum Computing",
                "video_html": "<iframe width=\"400\" height=\"225\" src=\"https:\/\/www.youtube.com\/embed\/JRIPV0dPAd4?feature=oembed&autoplay=1&iv_load_policy=3\" frameborder=\"0\" allow=\"accelerometer; autoplay; encrypted-media; gyroscope; picture-in-picture\" allowfullscreen><\/iframe>",
                "video_html_width": 400,
                "video_html_height": 225,
                "from_url": "https:\/\/www.youtube.com\/watch?v=JRIPV0dPAd4",
                "service_icon": "https:\/\/a.slack-edge.com\/80588\/img\/unfurl_icons\/youtube.png",
                "id": 1,
                "original_url": "https:\/\/www.youtube.com\/watch?v=JRIPV0dPAd4"
            }
        ],
        "blocks": [
            {
                "type": "rich_text",
                "block_id": "Fr6=s",
                "elements": [
                    {
                        "type": "rich_text_section",
                        "elements": [
                            {
                                "type": "link",
                                "url": "https:\/\/www.youtube.com\/watch?v=JRIPV0dPAd4"
                            }
                        ]
                    }
                ]
            }
        ]
    },
    {
        "client_msg_id": "d5260c07-1b83-4dd7-ae44-0f975bb9486e",
        "type": "message",
        "text": "El concepto de QBits y todas las definiciones relativas a este mundo Q vienen dadas tomando como premisa cierta el principio de incertidumbre",
        "user": "UJUJLTWMT",
        "ts": "1587388214.042400",
        "team": "TJH5YU202",
        "user_team": "TJH5YU202",
        "source_team": "TJH5YU202",
        "user_profile": {
            "avatar_hash": "a60e3b1ef2d2",
            "image_72": "https:\/\/avatars.slack-edge.com\/2019-08-20\/726246109489_a60e3b1ef2d2c141969d_72.jpg",
            "first_name": "",
            "real_name": "Cristobal",
            "display_name": "Cristobal",
            "team": "TJH5YU202",
            "name": "navarro.cristobal",
            "is_restricted": false,
            "is_ultra_restricted": false
        },
        "blocks": [
            {
                "type": "rich_text",
                "block_id": "Xfh",
                "elements": [
                    {
                        "type": "rich_text_section",
                        "elements": [
                            {
                                "type": "text",
                                "text": "El concepto de QBits y todas las definiciones relativas a este mundo Q vienen dadas tomando como premisa cierta el principio de incertidumbre"
                            }
                        ]
                    }
                ]
            }
        ]
    },
    {
        "client_msg_id": "cfa59fae-1ee9-45b3-a30f-d3f4f9677509",
        "type": "message",
        "text": "El principio de indeterminación solo juega un papel en la mecánica cuántica en que no puedes recuperar el estado cuántico del sistema tras medirlo",
        "user": "UNAHBRTFA",
        "ts": "1587388262.043000",
        "team": "TJH5YU202",
        "user_team": "TJH5YU202",
        "source_team": "TJH5YU202",
        "user_profile": {
            "avatar_hash": "g3d2a3f4c28c",
            "image_72": "https:\/\/secure.gravatar.com\/avatar\/23d2a3f4c28cebb4cf07e48d02620517.jpg?s=72&d=https%3A%2F%2Fa.slack-edge.com%2Fdf10d%2Fimg%2Favatars%2Fava_0020-72.png",
            "first_name": "Andreu",
            "real_name": "Andreu Botella",
            "display_name": "Andreu Botella",
            "team": "TJH5YU202",
            "name": "andreu.132",
            "is_restricted": false,
            "is_ultra_restricted": false
        },
        "blocks": [
            {
                "type": "rich_text",
                "block_id": "NQGFH",
                "elements": [
                    {
                        "type": "rich_text_section",
                        "elements": [
                            {
                                "type": "text",
                                "text": "El principio de indeterminación solo juega un papel en la mecánica cuántica en que no puedes recuperar el estado cuántico del sistema tras medirlo"
                            }
                        ]
                    }
                ]
            }
        ]
    },
    {
        "client_msg_id": "dd4d656a-32e5-42b8-8455-4cb6614ba28f",
        "type": "message",
        "text": "El ruido y la imprecisión que surgen de los resultados se deben a la decoherencia, no a la indeterminación.",
        "user": "UNAHBRTFA",
        "ts": "1587388306.043900",
        "team": "TJH5YU202",
        "user_team": "TJH5YU202",
        "source_team": "TJH5YU202",
        "user_profile": {
            "avatar_hash": "g3d2a3f4c28c",
            "image_72": "https:\/\/secure.gravatar.com\/avatar\/23d2a3f4c28cebb4cf07e48d02620517.jpg?s=72&d=https%3A%2F%2Fa.slack-edge.com%2Fdf10d%2Fimg%2Favatars%2Fava_0020-72.png",
            "first_name": "Andreu",
            "real_name": "Andreu Botella",
            "display_name": "Andreu Botella",
            "team": "TJH5YU202",
            "name": "andreu.132",
            "is_restricted": false,
            "is_ultra_restricted": false
        },
        "blocks": [
            {
                "type": "rich_text",
                "block_id": "bhbI9",
                "elements": [
                    {
                        "type": "rich_text_section",
                        "elements": [
                            {
                                "type": "text",
                                "text": "El ruido y la imprecisión que surgen de los resultados se deben a la decoherencia, no a la indeterminación."
                            }
                        ]
                    }
                ]
            }
        ]
    },
    {
        "client_msg_id": "b6c74758-65a7-447a-a090-142130876fe9",
        "type": "message",
        "text": "Cuesta mantener un estado cuántico grande cuando tienes un montón de partículas moviéndose por ahí",
        "user": "UNAHBRTFA",
        "ts": "1587388332.044400",
        "team": "TJH5YU202",
        "user_team": "TJH5YU202",
        "source_team": "TJH5YU202",
        "user_profile": {
            "avatar_hash": "g3d2a3f4c28c",
            "image_72": "https:\/\/secure.gravatar.com\/avatar\/23d2a3f4c28cebb4cf07e48d02620517.jpg?s=72&d=https%3A%2F%2Fa.slack-edge.com%2Fdf10d%2Fimg%2Favatars%2Fava_0020-72.png",
            "first_name": "Andreu",
            "real_name": "Andreu Botella",
            "display_name": "Andreu Botella",
            "team": "TJH5YU202",
            "name": "andreu.132",
            "is_restricted": false,
            "is_ultra_restricted": false
        },
        "blocks": [
            {
                "type": "rich_text",
                "block_id": "3LWB",
                "elements": [
                    {
                        "type": "rich_text_section",
                        "elements": [
                            {
                                "type": "text",
                                "text": "Cuesta mantener un estado cuántico grande cuando tienes un montón de partículas moviéndose por ahí"
                            }
                        ]
                    }
                ]
            }
        ]
    },
    {
        "client_msg_id": "0821b5cf-36bb-4dbd-9073-f0c4c200cad6",
        "type": "message",
        "text": "De ahí que tengan que tener la máquina a cero kelvin, y aún así cuesta",
        "user": "UNAHBRTFA",
        "ts": "1587388360.044800",
        "team": "TJH5YU202",
        "user_team": "TJH5YU202",
        "source_team": "TJH5YU202",
        "user_profile": {
            "avatar_hash": "g3d2a3f4c28c",
            "image_72": "https:\/\/secure.gravatar.com\/avatar\/23d2a3f4c28cebb4cf07e48d02620517.jpg?s=72&d=https%3A%2F%2Fa.slack-edge.com%2Fdf10d%2Fimg%2Favatars%2Fava_0020-72.png",
            "first_name": "Andreu",
            "real_name": "Andreu Botella",
            "display_name": "Andreu Botella",
            "team": "TJH5YU202",
            "name": "andreu.132",
            "is_restricted": false,
            "is_ultra_restricted": false
        },
        "edited": {
            "user": "UNAHBRTFA",
            "ts": "1587388397.000000"
        },
        "blocks": [
            {
                "type": "rich_text",
                "block_id": "LRpmI",
                "elements": [
                    {
                        "type": "rich_text_section",
                        "elements": [
                            {
                                "type": "text",
                                "text": "De ahí que tengan que tener la máquina a cero kelvin, y aún así cuesta"
                            }
                        ]
                    }
                ]
            }
        ]
    },
    {
        "client_msg_id": "5a6f2055-e470-4b78-a561-8de7897fff11",
        "type": "message",
        "text": "que son las amplitudes en tu clase ?",
        "user": "UJN8D8U3B",
        "ts": "1587388513.045200",
        "team": "TJH5YU202",
        "user_team": "TJH5YU202",
        "source_team": "TJH5YU202",
        "user_profile": {
            "avatar_hash": "g92ad2abcc45",
            "image_72": "https:\/\/secure.gravatar.com\/avatar\/8492ad2abcc45ce53969adcf8420acde.jpg?s=72&d=https%3A%2F%2Fa.slack-edge.com%2Fdf10d%2Fimg%2Favatars%2Fava_0008-72.png",
            "first_name": "",
            "real_name": "Antonio Linares",
            "display_name": "Antonio Linares",
            "team": "TJH5YU202",
            "name": "alinares",
            "is_restricted": false,
            "is_ultra_restricted": false
        },
        "blocks": [
            {
                "type": "rich_text",
                "block_id": "OElI",
                "elements": [
                    {
                        "type": "rich_text_section",
                        "elements": [
                            {
                                "type": "text",
                                "text": "que son las amplitudes en tu clase ?"
                            }
                        ]
                    }
                ]
            }
        ]
    },
    {
        "client_msg_id": "dc46ee36-276e-42f2-8eea-02af707a8ce3",
        "type": "message",
        "text": "creía que eran números entre -1 y 1, pero lo estoy mirando y resulta que son números complejos",
        "user": "UNAHBRTFA",
        "ts": "1587388547.045800",
        "team": "TJH5YU202",
        "user_team": "TJH5YU202",
        "source_team": "TJH5YU202",
        "user_profile": {
            "avatar_hash": "g3d2a3f4c28c",
            "image_72": "https:\/\/secure.gravatar.com\/avatar\/23d2a3f4c28cebb4cf07e48d02620517.jpg?s=72&d=https%3A%2F%2Fa.slack-edge.com%2Fdf10d%2Fimg%2Favatars%2Fava_0020-72.png",
            "first_name": "Andreu",
            "real_name": "Andreu Botella",
            "display_name": "Andreu Botella",
            "team": "TJH5YU202",
            "name": "andreu.132",
            "is_restricted": false,
            "is_ultra_restricted": false
        },
        "blocks": [
            {
                "type": "rich_text",
                "block_id": "1U8fB",
                "elements": [
                    {
                        "type": "rich_text_section",
                        "elements": [
                            {
                                "type": "text",
                                "text": "creía que eran números entre -1 y 1, pero lo estoy mirando y resulta que son números complejos"
                            }
                        ]
                    }
                ]
            }
        ]
    },
    {
        "client_msg_id": "3901f10f-abdf-4113-b52c-d73ccb052b49",
        "type": "message",
        "text": "&gt; Piensa en el \"gato\", se supone en un momento dado que está \"vivo y muerto\", es decir estados que se \"superponen\" a eso me refiero",
        "user": "UJUJLTWMT",
        "ts": "1587388705.047000",
        "team": "TJH5YU202",
        "user_team": "TJH5YU202",
        "source_team": "TJH5YU202",
        "user_profile": {
            "avatar_hash": "a60e3b1ef2d2",
            "image_72": "https:\/\/avatars.slack-edge.com\/2019-08-20\/726246109489_a60e3b1ef2d2c141969d_72.jpg",
            "first_name": "",
            "real_name": "Cristobal",
            "display_name": "Cristobal",
            "team": "TJH5YU202",
            "name": "navarro.cristobal",
            "is_restricted": false,
            "is_ultra_restricted": false
        },
        "blocks": [
            {
                "type": "rich_text",
                "block_id": "\/+EoD",
                "elements": [
                    {
                        "type": "rich_text_quote",
                        "elements": [
                            {
                                "type": "text",
                                "text": "Piensa en el \"gato\", se supone en un momento dado que está \"vivo y muerto\", es decir estados que se \"superponen\" a eso me refiero"
                            }
                        ]
                    }
                ]
            }
        ]
    },
    {
        "client_msg_id": "4111320e-782f-4d4b-8e1a-7ca3d618c2ce",
        "type": "message",
        "text": "```class NumeroComplejo {\n  constructor(parteEntera, parteImaginaria) {\n    this.parteEntera = parteEntera;\n    this.parteImaginaria = parteImaginaria;\n  }\n  suma(otro) {\n    if (!(otro instanceof NumeroComplejo)) throw new Error();\n    return new NumeroComplejo(\n      this.parteEntera + otro.parteEntera,\n      this.parteImaginaria + otro.parteImaginaria\n    );\n  }\n  multiplica(otro) {\n    if (!(otro instanceof NumeroComplejo)) throw new Error();\n    return new NumeroComplejo(\n      this.parteEntera * otro.parteEntera - this.parteImaginaria * otro.parteImaginaria,\n      this.parteEntera * otro.parteImaginaria + this.parteImaginaria * otro.parteEntera\n    );\n  }\n  negativo() {\n    return new NumeroComplejo(-this.parteEntera, -this.parteImaginaria);\n  }\n}\n\n\/\/ orden tiene que ser un múltiplo de 2; i y j &lt; orden\nfunction matrizHadamard(i, j, orden=256) {\n  if (orden == 1) {\n    return new NumeroComplejo(1, 0);\n  } else {\n    let valor = matrizHadamard(i % (orden \/ 2), j % (orden \/ 2), orden \/ 2);\n    if (i &gt;= orden \/ 2 &amp;&amp; j &gt;= orden \/ 2) {\n\tvalor = valor.negativo();\n    }\n    return valor;\n  }\n}\n\nclass Qubyte {\n  constructor() {\n    this.amplitudes = [];\n    \/\/ El estado inicial del sistema son todos los qubits a 0.\n    this.amplitudes[0] = new NumeroComplejo(1, 0);\n    for (let i = 1; i &lt; 256; i++) {\n      this.amplitudes[i] = new NumeroComplejo(0, 0);\n    }\n  }\n\n  puertaHadamard() {\n    \/\/ Multiplicamos el vector de amplitudes por la matriz Hadamard de orden 256\n    const nuevasAmplitudes = [];\n    for (let i = 0; i &lt; 256; i++) {\n      nuevasAmplitudes[i] = 0\n      for (let j = 0; j &lt; 256; j++) {\n        nuevasAmplitudes[i] += this.amplitudes[j] * matrizHadamard(j, i);\n      }\n    }\n    this.amplitudes = nuevasAmplitudes;\n  }\n\n  aBits() {\n    const aleatorio = Math.random();  \/\/ Valor entre 0 y 1\n    let probabilidades = 0;\n    for (let i = 0; i &lt; 256; i++) {\n      probabilidades += this.amplitudes[i].parteReal ** 2 + this.amplitudes[i].parteImaginaria ** 2;\n\n      \/\/ i es la combinación de bits ganadora!\n      if (aleatorio &lt; probabilidades) {\n        const bits = [];\n        for (let b = 0; b &lt; 8; b++) {\n          bits[b] = Boolean(i &amp; (1 &lt;&lt; b));\n        }\n\n        \/\/ Medir el sistema cambia el estado cuántico.\n        for (let j = 0; j &lt; 256; j++) {\n          if (i == j) {\n            this.amplitudes[j] = new NumeroComplejo(1, 0);\n          } else {\n            this.amplitudes[j] = new NumeroComplejo(0, 0);\n          }\n        }\n\n        return bits;\n      }\n    }\n\n    throw new Error(\"WTF?\");\n  }\n}```",
        "user": "UNAHBRTFA",
        "ts": "1587389565.047300",
        "team": "TJH5YU202",
        "user_team": "TJH5YU202",
        "source_team": "TJH5YU202",
        "user_profile": {
            "avatar_hash": "g3d2a3f4c28c",
            "image_72": "https:\/\/secure.gravatar.com\/avatar\/23d2a3f4c28cebb4cf07e48d02620517.jpg?s=72&d=https%3A%2F%2Fa.slack-edge.com%2Fdf10d%2Fimg%2Favatars%2Fava_0020-72.png",
            "first_name": "Andreu",
            "real_name": "Andreu Botella",
            "display_name": "Andreu Botella",
            "team": "TJH5YU202",
            "name": "andreu.132",
            "is_restricted": false,
            "is_ultra_restricted": false
        },
        "edited": {
            "user": "UNAHBRTFA",
            "ts": "1587390167.000000"
        },
        "blocks": [
            {
                "type": "rich_text",
                "block_id": "hMW0",
                "elements": [
                    {
                        "type": "rich_text_preformatted",
                        "elements": [
                            {
                                "type": "text",
                                "text": "class NumeroComplejo {\n  constructor(parteEntera, parteImaginaria) {\n    this.parteEntera = parteEntera;\n    this.parteImaginaria = parteImaginaria;\n  }\n  suma(otro) {\n    if (!(otro instanceof NumeroComplejo)) throw new Error();\n    return new NumeroComplejo(\n      this.parteEntera + otro.parteEntera,\n      this.parteImaginaria + otro.parteImaginaria\n    );\n  }\n  multiplica(otro) {\n    if (!(otro instanceof NumeroComplejo)) throw new Error();\n    return new NumeroComplejo(\n      this.parteEntera * otro.parteEntera - this.parteImaginaria * otro.parteImaginaria,\n      this.parteEntera * otro.parteImaginaria + this.parteImaginaria * otro.parteEntera\n    );\n  }\n  negativo() {\n    return new NumeroComplejo(-this.parteEntera, -this.parteImaginaria);\n  }\n}\n\n\/\/ orden tiene que ser un múltiplo de 2; i y j < orden\nfunction matrizHadamard(i, j, orden=256) {\n  if (orden == 1) {\n    return new NumeroComplejo(1, 0);\n  } else {\n    let valor = matrizHadamard(i % (orden \/ 2), j % (orden \/ 2), orden \/ 2);\n    if (i >= orden \/ 2 && j >= orden \/ 2) {\n\tvalor = valor.negativo();\n    }\n    return valor;\n  }\n}\n\nclass Qubyte {\n  constructor() {\n    this.amplitudes = [];\n    \/\/ El estado inicial del sistema son todos los qubits a 0.\n    this.amplitudes[0] = new NumeroComplejo(1, 0);\n    for (let i = 1; i < 256; i++) {\n      this.amplitudes[i] = new NumeroComplejo(0, 0);\n    }\n  }\n\n  puertaHadamard() {\n    \/\/ Multiplicamos el vector de amplitudes por la matriz Hadamard de orden 256\n    const nuevasAmplitudes = [];\n    for (let i = 0; i < 256; i++) {\n      nuevasAmplitudes[i] = 0\n      for (let j = 0; j < 256; j++) {\n        nuevasAmplitudes[i] += this.amplitudes[j] * matrizHadamard(j, i);\n      }\n    }\n    this.amplitudes = nuevasAmplitudes;\n  }\n\n  aBits() {\n    const aleatorio = Math.random();  \/\/ Valor entre 0 y 1\n    let probabilidades = 0;\n    for (let i = 0; i < 256; i++) {\n      probabilidades += this.amplitudes[i].parteReal ** 2 + this.amplitudes[i].parteImaginaria ** 2;\n\n      \/\/ i es la combinación de bits ganadora!\n      if (aleatorio < probabilidades) {\n        const bits = [];\n        for (let b = 0; b < 8; b++) {\n          bits[b] = Boolean(i & (1 << b));\n        }\n\n        \/\/ Medir el sistema cambia el estado cuántico.\n        for (let j = 0; j < 256; j++) {\n          if (i == j) {\n            this.amplitudes[j] = new NumeroComplejo(1, 0);\n          } else {\n            this.amplitudes[j] = new NumeroComplejo(0, 0);\n          }\n        }\n\n        return bits;\n      }\n    }\n\n    throw new Error(\"WTF?\");\n  }\n}"
                            }
                        ]
                    }
                ]
            }
        ]
    },
    {
        "client_msg_id": "78545991-0ef1-4c9f-938a-35c4ed4487d8",
        "type": "message",
        "text": "`amplitudes` (el nombre probablemente no es correcto) es un array que le asigna un número complejo a cada combinación de bits",
        "user": "UNAHBRTFA",
        "ts": "1587389604.048100",
        "team": "TJH5YU202",
        "user_team": "TJH5YU202",
        "source_team": "TJH5YU202",
        "user_profile": {
            "avatar_hash": "g3d2a3f4c28c",
            "image_72": "https:\/\/secure.gravatar.com\/avatar\/23d2a3f4c28cebb4cf07e48d02620517.jpg?s=72&d=https%3A%2F%2Fa.slack-edge.com%2Fdf10d%2Fimg%2Favatars%2Fava_0020-72.png",
            "first_name": "Andreu",
            "real_name": "Andreu Botella",
            "display_name": "Andreu Botella",
            "team": "TJH5YU202",
            "name": "andreu.132",
            "is_restricted": false,
            "is_ultra_restricted": false
        },
        "blocks": [
            {
                "type": "rich_text",
                "block_id": "wxebL",
                "elements": [
                    {
                        "type": "rich_text_section",
                        "elements": [
                            {
                                "type": "text",
                                "text": "amplitudes",
                                "style": {
                                    "code": true
                                }
                            },
                            {
                                "type": "text",
                                "text": " (el nombre probablemente no es correcto) es un array que le asigna un número complejo a cada combinación de bits"
                            }
                        ]
                    }
                ]
            }
        ]
    },
    {
        "client_msg_id": "357e287d-ffbb-414d-9ff8-b6c19b60a46d",
        "type": "message",
        "text": "tienes 256 amplitudes, para cada uno de los posibles valores que puedes representar con 8 bits",
        "user": "UNAHBRTFA",
        "ts": "1587389621.048500",
        "team": "TJH5YU202",
        "user_team": "TJH5YU202",
        "source_team": "TJH5YU202",
        "user_profile": {
            "avatar_hash": "g3d2a3f4c28c",
            "image_72": "https:\/\/secure.gravatar.com\/avatar\/23d2a3f4c28cebb4cf07e48d02620517.jpg?s=72&d=https%3A%2F%2Fa.slack-edge.com%2Fdf10d%2Fimg%2Favatars%2Fava_0020-72.png",
            "first_name": "Andreu",
            "real_name": "Andreu Botella",
            "display_name": "Andreu Botella",
            "team": "TJH5YU202",
            "name": "andreu.132",
            "is_restricted": false,
            "is_ultra_restricted": false
        },
        "edited": {
            "user": "UNAHBRTFA",
            "ts": "1587389691.000000"
        },
        "blocks": [
            {
                "type": "rich_text",
                "block_id": "xtZ",
                "elements": [
                    {
                        "type": "rich_text_section",
                        "elements": [
                            {
                                "type": "text",
                                "text": "tienes 256 amplitudes, para cada uno de los posibles valores que puedes representar con 8 bits"
                            }
                        ]
                    }
                ]
            }
        ]
    },
    {
        "client_msg_id": "9ad557e9-b254-431b-ad50-1faf786690fc",
        "type": "message",
        "text": "hay que encontrar un ejemplo sencillo y práctico que ilustre su uso",
        "user": "UJN8D8U3B",
        "ts": "1587389670.049700",
        "team": "TJH5YU202",
        "user_team": "TJH5YU202",
        "source_team": "TJH5YU202",
        "user_profile": {
            "avatar_hash": "g92ad2abcc45",
            "image_72": "https:\/\/secure.gravatar.com\/avatar\/8492ad2abcc45ce53969adcf8420acde.jpg?s=72&d=https%3A%2F%2Fa.slack-edge.com%2Fdf10d%2Fimg%2Favatars%2Fava_0008-72.png",
            "first_name": "",
            "real_name": "Antonio Linares",
            "display_name": "Antonio Linares",
            "team": "TJH5YU202",
            "name": "alinares",
            "is_restricted": false,
            "is_ultra_restricted": false
        },
        "blocks": [
            {
                "type": "rich_text",
                "block_id": "=TufR",
                "elements": [
                    {
                        "type": "rich_text_section",
                        "elements": [
                            {
                                "type": "text",
                                "text": "hay que encontrar un ejemplo sencillo y práctico que ilustre su uso"
                            }
                        ]
                    }
                ]
            }
        ]
    },
    {
        "client_msg_id": "0f3be78f-2e00-44e9-89f7-241bd0bf509c",
        "type": "message",
        "text": "el resultado del sistema en `aBits()` es aleatorio dentro de las probabilidades dadas por las amplitudes, y ahí saco los valores de los bits",
        "user": "UNAHBRTFA",
        "ts": "1587389670.049800",
        "team": "TJH5YU202",
        "user_team": "TJH5YU202",
        "source_team": "TJH5YU202",
        "user_profile": {
            "avatar_hash": "g3d2a3f4c28c",
            "image_72": "https:\/\/secure.gravatar.com\/avatar\/23d2a3f4c28cebb4cf07e48d02620517.jpg?s=72&d=https%3A%2F%2Fa.slack-edge.com%2Fdf10d%2Fimg%2Favatars%2Fava_0020-72.png",
            "first_name": "Andreu",
            "real_name": "Andreu Botella",
            "display_name": "Andreu Botella",
            "team": "TJH5YU202",
            "name": "andreu.132",
            "is_restricted": false,
            "is_ultra_restricted": false
        },
        "blocks": [
            {
                "type": "rich_text",
                "block_id": "s2i",
                "elements": [
                    {
                        "type": "rich_text_section",
                        "elements": [
                            {
                                "type": "text",
                                "text": "el resultado del sistema en "
                            },
                            {
                                "type": "text",
                                "text": "aBits()",
                                "style": {
                                    "code": true
                                }
                            },
                            {
                                "type": "text",
                                "text": " es aleatorio dentro de las probabilidades dadas por las amplitudes, y ahí saco los valores de los bits"
                            }
                        ]
                    }
                ]
            }
        ]
    },
    {
        "client_msg_id": "d25a484c-e048-41e6-915e-8e496d8e4045",
        "type": "message",
        "text": "el motivo por el que no puedes tener bits individuales es porque cuando entrelazas dos partículas, dejan de tener un estado individual y pasan a tener un estado conjunto",
        "user": "UNAHBRTFA",
        "ts": "1587389744.050800",
        "team": "TJH5YU202",
        "user_team": "TJH5YU202",
        "source_team": "TJH5YU202",
        "user_profile": {
            "avatar_hash": "g3d2a3f4c28c",
            "image_72": "https:\/\/secure.gravatar.com\/avatar\/23d2a3f4c28cebb4cf07e48d02620517.jpg?s=72&d=https%3A%2F%2Fa.slack-edge.com%2Fdf10d%2Fimg%2Favatars%2Fava_0020-72.png",
            "first_name": "Andreu",
            "real_name": "Andreu Botella",
            "display_name": "Andreu Botella",
            "team": "TJH5YU202",
            "name": "andreu.132",
            "is_restricted": false,
            "is_ultra_restricted": false
        },
        "blocks": [
            {
                "type": "rich_text",
                "block_id": "bIy",
                "elements": [
                    {
                        "type": "rich_text_section",
                        "elements": [
                            {
                                "type": "text",
                                "text": "el motivo por el que no puedes tener bits individuales es porque cuando entrelazas dos partículas, dejan de tener un estado individual y pasan a tener un estado conjunto"
                            }
                        ]
                    }
                ]
            }
        ]
    },
    {
        "client_msg_id": "ec250bd9-bf2d-4479-8ae1-cc676af97cdd",
        "type": "message",
        "text": "aquí empiezas sin entrelazamiento, pero me parece que la puerta de Hadamard lo crea",
        "user": "UNAHBRTFA",
        "ts": "1587389765.051300",
        "team": "TJH5YU202",
        "user_team": "TJH5YU202",
        "source_team": "TJH5YU202",
        "user_profile": {
            "avatar_hash": "g3d2a3f4c28c",
            "image_72": "https:\/\/secure.gravatar.com\/avatar\/23d2a3f4c28cebb4cf07e48d02620517.jpg?s=72&d=https%3A%2F%2Fa.slack-edge.com%2Fdf10d%2Fimg%2Favatars%2Fava_0020-72.png",
            "first_name": "Andreu",
            "real_name": "Andreu Botella",
            "display_name": "Andreu Botella",
            "team": "TJH5YU202",
            "name": "andreu.132",
            "is_restricted": false,
            "is_ultra_restricted": false
        },
        "blocks": [
            {
                "type": "rich_text",
                "block_id": "IQqEd",
                "elements": [
                    {
                        "type": "rich_text_section",
                        "elements": [
                            {
                                "type": "text",
                                "text": "aquí empiezas sin entrelazamiento, pero me parece que la puerta de Hadamard lo crea"
                            }
                        ]
                    }
                ]
            }
        ]
    },
    {
        "client_msg_id": "1197a633-eeb9-4adc-a7f8-5d6545ca7b93",
        "type": "message",
        "text": "es fácil representar estados individuales como un estado conjunto, pero no siempre viceversa",
        "user": "UNAHBRTFA",
        "ts": "1587389822.051800",
        "team": "TJH5YU202",
        "user_team": "TJH5YU202",
        "source_team": "TJH5YU202",
        "user_profile": {
            "avatar_hash": "g3d2a3f4c28c",
            "image_72": "https:\/\/secure.gravatar.com\/avatar\/23d2a3f4c28cebb4cf07e48d02620517.jpg?s=72&d=https%3A%2F%2Fa.slack-edge.com%2Fdf10d%2Fimg%2Favatars%2Fava_0020-72.png",
            "first_name": "Andreu",
            "real_name": "Andreu Botella",
            "display_name": "Andreu Botella",
            "team": "TJH5YU202",
            "name": "andreu.132",
            "is_restricted": false,
            "is_ultra_restricted": false
        },
        "blocks": [
            {
                "type": "rich_text",
                "block_id": "HHPK",
                "elements": [
                    {
                        "type": "rich_text_section",
                        "elements": [
                            {
                                "type": "text",
                                "text": "es fácil representar estados individuales como un estado conjunto, pero no siempre viceversa"
                            }
                        ]
                    }
                ]
            }
        ]
    }
]