[
    {
        "client_msg_id": "ffdcb3cc-a490-4fc7-b075-782b7a55a5f0",
        "type": "message",
        "text": "Leyendo los cambios que hizo Przemek hace 2 dias en harbour lo mas interesante que encontré fue esto:",
        "user": "UM81W8B0Q",
        "ts": "1585228270.000700",
        "team": "TJH5YU202",
        "user_team": "TJH5YU202",
        "source_team": "TJH5YU202",
        "user_profile": {
            "avatar_hash": "gab9279ee8c0",
            "image_72": "https:\/\/secure.gravatar.com\/avatar\/73ab9279ee8c00f66ce4904d30146c8f.jpg?s=72&d=https%3A%2F%2Fa.slack-edge.com%2Fdf10d%2Fimg%2Favatars%2Fava_0010-72.png",
            "first_name": "",
            "real_name": "Angel Pais",
            "display_name": "Angel Pais",
            "team": "TJH5YU202",
            "name": "amigosam",
            "is_restricted": false,
            "is_ultra_restricted": false
        },
        "blocks": [
            {
                "type": "rich_text",
                "block_id": "LYL",
                "elements": [
                    {
                        "type": "rich_text_section",
                        "elements": [
                            {
                                "type": "text",
                                "text": "Leyendo los cambios que hizo Przemek hace 2 dias en harbour lo mas interesante que encontré fue esto:"
                            }
                        ]
                    }
                ]
            }
        ]
    },
    {
        "client_msg_id": "b43d1c89-a504-46dc-84cf-74df1d51fb4b",
        "type": "message",
        "text": "```* src\/vm\/memvars.c\n    + extended the size of dynamic symbol table from 65535 to 4294967295.```\n",
        "user": "UM81W8B0Q",
        "ts": "1585228276.000900",
        "team": "TJH5YU202",
        "user_team": "TJH5YU202",
        "source_team": "TJH5YU202",
        "user_profile": {
            "avatar_hash": "gab9279ee8c0",
            "image_72": "https:\/\/secure.gravatar.com\/avatar\/73ab9279ee8c00f66ce4904d30146c8f.jpg?s=72&d=https%3A%2F%2Fa.slack-edge.com%2Fdf10d%2Fimg%2Favatars%2Fava_0010-72.png",
            "first_name": "",
            "real_name": "Angel Pais",
            "display_name": "Angel Pais",
            "team": "TJH5YU202",
            "name": "amigosam",
            "is_restricted": false,
            "is_ultra_restricted": false
        },
        "blocks": [
            {
                "type": "rich_text",
                "block_id": "n5F",
                "elements": [
                    {
                        "type": "rich_text_preformatted",
                        "elements": [
                            {
                                "type": "text",
                                "text": "* src\/vm\/memvars.c\n    + extended the size of dynamic symbol table from 65535 to 4294967295."
                            }
                        ]
                    },
                    {
                        "type": "rich_text_section",
                        "elements": []
                    }
                ]
            }
        ]
    },
    {
        "client_msg_id": "1751af0c-0f0e-4674-b7c5-f5f5e5bbd05d",
        "type": "message",
        "text": "O sea que a los efectos prácticos ni el mas fanático de los programadores oop podrá llenar la tabla de simbolos dinámicos. Pritpal debe estar feliz lol.",
        "user": "UM81W8B0Q",
        "ts": "1585228426.002900",
        "team": "TJH5YU202",
        "user_team": "TJH5YU202",
        "source_team": "TJH5YU202",
        "user_profile": {
            "avatar_hash": "gab9279ee8c0",
            "image_72": "https:\/\/secure.gravatar.com\/avatar\/73ab9279ee8c00f66ce4904d30146c8f.jpg?s=72&d=https%3A%2F%2Fa.slack-edge.com%2Fdf10d%2Fimg%2Favatars%2Fava_0010-72.png",
            "first_name": "",
            "real_name": "Angel Pais",
            "display_name": "Angel Pais",
            "team": "TJH5YU202",
            "name": "amigosam",
            "is_restricted": false,
            "is_ultra_restricted": false
        },
        "blocks": [
            {
                "type": "rich_text",
                "block_id": "qL0uZ",
                "elements": [
                    {
                        "type": "rich_text_section",
                        "elements": [
                            {
                                "type": "text",
                                "text": "O sea que a los efectos prácticos ni el mas fanático de los programadores oop podrá llenar la tabla de simbolos dinámicos. Pritpal debe estar feliz lol."
                            }
                        ]
                    }
                ]
            }
        ]
    },
    {
        "client_msg_id": "fe8ecd3e-148a-44e5-8eb8-6b9d6b3e4d52",
        "type": "message",
        "text": "buenisimo :+1:",
        "user": "UJN8D8U3B",
        "ts": "1585229523.003200",
        "team": "TJH5YU202",
        "user_team": "TJH5YU202",
        "source_team": "TJH5YU202",
        "user_profile": {
            "avatar_hash": "g92ad2abcc45",
            "image_72": "https:\/\/secure.gravatar.com\/avatar\/8492ad2abcc45ce53969adcf8420acde.jpg?s=72&d=https%3A%2F%2Fa.slack-edge.com%2Fdf10d%2Fimg%2Favatars%2Fava_0008-72.png",
            "first_name": "",
            "real_name": "Antonio Linares",
            "display_name": "Antonio Linares",
            "team": "TJH5YU202",
            "name": "alinares",
            "is_restricted": false,
            "is_ultra_restricted": false
        },
        "blocks": [
            {
                "type": "rich_text",
                "block_id": "IhHQH",
                "elements": [
                    {
                        "type": "rich_text_section",
                        "elements": [
                            {
                                "type": "text",
                                "text": "buenisimo "
                            },
                            {
                                "type": "emoji",
                                "name": "+1"
                            }
                        ]
                    }
                ]
            }
        ]
    },
    {
        "client_msg_id": "cb1512ff-00cf-4eda-ae39-b6a9f744750a",
        "type": "message",
        "text": "Magnífica noticia.\nHace unos meses un usuario con un ejecutable de no menos de 20 mb. pedía que se incrementara el tamaño.\nYo miré los mios y llevaba unos 37.000 símbolos usados. Me sobra con 65.000",
        "user": "UJULQCHL5",
        "ts": "1585229865.005300",
        "team": "TJH5YU202",
        "user_team": "TJH5YU202",
        "source_team": "TJH5YU202",
        "user_profile": {
            "avatar_hash": "g7659142325a",
            "image_72": "https:\/\/secure.gravatar.com\/avatar\/c87659142325a3facb661d85281ec091.jpg?s=72&d=https%3A%2F%2Fa.slack-edge.com%2Fdf10d%2Fimg%2Favatars%2Fava_0003-72.png",
            "first_name": "",
            "real_name": "Paquito",
            "display_name": "Paquito",
            "team": "TJH5YU202",
            "name": "hmpaquito",
            "is_restricted": false,
            "is_ultra_restricted": false
        },
        "blocks": [
            {
                "type": "rich_text",
                "block_id": "=K+LV",
                "elements": [
                    {
                        "type": "rich_text_section",
                        "elements": [
                            {
                                "type": "text",
                                "text": "Magnífica noticia.\nHace unos meses un usuario con un ejecutable de no menos de 20 mb. pedía que se incrementara el tamaño.\nYo miré los mios y llevaba unos 37.000 símbolos usados. Me sobra con 65.000"
                            }
                        ]
                    }
                ]
            }
        ]
    },
    {
        "client_msg_id": "2778cf2a-dc12-4cbe-89b7-3244b2b82740",
        "type": "message",
        "text": "Por pura curiosidad: \"The modification was sponsored by TRES company\"",
        "user": "UJN8D8U3B",
        "ts": "1585229880.005600",
        "team": "TJH5YU202",
        "user_team": "TJH5YU202",
        "source_team": "TJH5YU202",
        "user_profile": {
            "avatar_hash": "g92ad2abcc45",
            "image_72": "https:\/\/secure.gravatar.com\/avatar\/8492ad2abcc45ce53969adcf8420acde.jpg?s=72&d=https%3A%2F%2Fa.slack-edge.com%2Fdf10d%2Fimg%2Favatars%2Fava_0008-72.png",
            "first_name": "",
            "real_name": "Antonio Linares",
            "display_name": "Antonio Linares",
            "team": "TJH5YU202",
            "name": "alinares",
            "is_restricted": false,
            "is_ultra_restricted": false
        },
        "blocks": [
            {
                "type": "rich_text",
                "block_id": "YBFoV",
                "elements": [
                    {
                        "type": "rich_text_section",
                        "elements": [
                            {
                                "type": "text",
                                "text": "Por pura curiosidad: \"The modification was sponsored by TRES company\""
                            }
                        ]
                    }
                ]
            }
        ]
    },
    {
        "client_msg_id": "6e167ba1-4940-405d-8a74-83c1c78a0a9c",
        "type": "message",
        "text": "que empresa será ? :slightly_smiling_face:",
        "user": "UJN8D8U3B",
        "ts": "1585229898.006100",
        "team": "TJH5YU202",
        "user_team": "TJH5YU202",
        "source_team": "TJH5YU202",
        "user_profile": {
            "avatar_hash": "g92ad2abcc45",
            "image_72": "https:\/\/secure.gravatar.com\/avatar\/8492ad2abcc45ce53969adcf8420acde.jpg?s=72&d=https%3A%2F%2Fa.slack-edge.com%2Fdf10d%2Fimg%2Favatars%2Fava_0008-72.png",
            "first_name": "",
            "real_name": "Antonio Linares",
            "display_name": "Antonio Linares",
            "team": "TJH5YU202",
            "name": "alinares",
            "is_restricted": false,
            "is_ultra_restricted": false
        },
        "blocks": [
            {
                "type": "rich_text",
                "block_id": "CEQ",
                "elements": [
                    {
                        "type": "rich_text_section",
                        "elements": [
                            {
                                "type": "text",
                                "text": "que empresa será ? "
                            },
                            {
                                "type": "emoji",
                                "name": "slightly_smiling_face"
                            }
                        ]
                    }
                ]
            }
        ]
    },
    {
        "client_msg_id": "717bcd82-21cc-49c3-8c67-8ce01140b0bb",
        "type": "message",
        "text": "Eso es lo que necesitamos",
        "user": "UJN8D8U3B",
        "ts": "1585229908.006300",
        "team": "TJH5YU202",
        "user_team": "TJH5YU202",
        "source_team": "TJH5YU202",
        "user_profile": {
            "avatar_hash": "g92ad2abcc45",
            "image_72": "https:\/\/secure.gravatar.com\/avatar\/8492ad2abcc45ce53969adcf8420acde.jpg?s=72&d=https%3A%2F%2Fa.slack-edge.com%2Fdf10d%2Fimg%2Favatars%2Fava_0008-72.png",
            "first_name": "",
            "real_name": "Antonio Linares",
            "display_name": "Antonio Linares",
            "team": "TJH5YU202",
            "name": "alinares",
            "is_restricted": false,
            "is_ultra_restricted": false
        },
        "blocks": [
            {
                "type": "rich_text",
                "block_id": "G7t8",
                "elements": [
                    {
                        "type": "rich_text_section",
                        "elements": [
                            {
                                "type": "text",
                                "text": "Eso es lo que necesitamos"
                            }
                        ]
                    }
                ]
            }
        ]
    },
    {
        "client_msg_id": "61e9df31-b13c-4126-9347-24a183156686",
        "type": "message",
        "text": "Sipi. Probablemente el sponsored fue muy puntual",
        "user": "UJULQCHL5",
        "ts": "1585230177.006500",
        "team": "TJH5YU202",
        "user_team": "TJH5YU202",
        "source_team": "TJH5YU202",
        "user_profile": {
            "avatar_hash": "g7659142325a",
            "image_72": "https:\/\/secure.gravatar.com\/avatar\/c87659142325a3facb661d85281ec091.jpg?s=72&d=https%3A%2F%2Fa.slack-edge.com%2Fdf10d%2Fimg%2Favatars%2Fava_0003-72.png",
            "first_name": "",
            "real_name": "Paquito",
            "display_name": "Paquito",
            "team": "TJH5YU202",
            "name": "hmpaquito",
            "is_restricted": false,
            "is_ultra_restricted": false
        },
        "blocks": [
            {
                "type": "rich_text",
                "block_id": "pxQpZ",
                "elements": [
                    {
                        "type": "rich_text_section",
                        "elements": [
                            {
                                "type": "text",
                                "text": "Sipi. Probablemente el sponsored fue muy puntual"
                            }
                        ]
                    }
                ]
            }
        ]
    },
    {
        "client_msg_id": "06ec361d-a400-44f9-8f7e-345a46f0381e",
        "type": "message",
        "text": "Así pues, el progreso, como toda la vida, va asociado a la inversión.",
        "user": "UJULQCHL5",
        "ts": "1585230216.006900",
        "team": "TJH5YU202",
        "user_team": "TJH5YU202",
        "source_team": "TJH5YU202",
        "user_profile": {
            "avatar_hash": "g7659142325a",
            "image_72": "https:\/\/secure.gravatar.com\/avatar\/c87659142325a3facb661d85281ec091.jpg?s=72&d=https%3A%2F%2Fa.slack-edge.com%2Fdf10d%2Fimg%2Favatars%2Fava_0003-72.png",
            "first_name": "",
            "real_name": "Paquito",
            "display_name": "Paquito",
            "team": "TJH5YU202",
            "name": "hmpaquito",
            "is_restricted": false,
            "is_ultra_restricted": false
        },
        "blocks": [
            {
                "type": "rich_text",
                "block_id": "GTuu4",
                "elements": [
                    {
                        "type": "rich_text_section",
                        "elements": [
                            {
                                "type": "text",
                                "text": "Así pues, el progreso, como toda la vida, va asociado a la inversión."
                            }
                        ]
                    }
                ]
            }
        ]
    },
    {
        "client_msg_id": "e4fe580b-d87e-4b45-a433-df16a8fc9cc1",
        "type": "message",
        "text": "Yo llevo tiempo diciéndole al jefe de mi cliente que mi código depende de bastantes proyectos de software libre que buscan donaciones",
        "user": "UNAHBRTFA",
        "ts": "1585230370.007700",
        "team": "TJH5YU202",
        "user_team": "TJH5YU202",
        "source_team": "TJH5YU202",
        "user_profile": {
            "avatar_hash": "g3d2a3f4c28c",
            "image_72": "https:\/\/secure.gravatar.com\/avatar\/23d2a3f4c28cebb4cf07e48d02620517.jpg?s=72&d=https%3A%2F%2Fa.slack-edge.com%2Fdf10d%2Fimg%2Favatars%2Fava_0020-72.png",
            "first_name": "Andreu",
            "real_name": "Andreu Botella",
            "display_name": "Andreu Botella",
            "team": "TJH5YU202",
            "name": "andreu.132",
            "is_restricted": false,
            "is_ultra_restricted": false
        },
        "blocks": [
            {
                "type": "rich_text",
                "block_id": "PVRv",
                "elements": [
                    {
                        "type": "rich_text_section",
                        "elements": [
                            {
                                "type": "text",
                                "text": "Yo llevo tiempo diciéndole al jefe de mi cliente que mi código depende de bastantes proyectos de software libre que buscan donaciones"
                            }
                        ]
                    }
                ]
            }
        ]
    },
    {
        "client_msg_id": "b90602f5-27a6-4291-80b6-a6422ffa1978",
        "type": "message",
        "text": "Bueno, genial que haya servido para que Przemek aparezca en escena :+1:",
        "user": "UJN8D8U3B",
        "ts": "1585233129.008200",
        "team": "TJH5YU202",
        "user_team": "TJH5YU202",
        "source_team": "TJH5YU202",
        "user_profile": {
            "avatar_hash": "g92ad2abcc45",
            "image_72": "https:\/\/secure.gravatar.com\/avatar\/8492ad2abcc45ce53969adcf8420acde.jpg?s=72&d=https%3A%2F%2Fa.slack-edge.com%2Fdf10d%2Fimg%2Favatars%2Fava_0008-72.png",
            "first_name": "",
            "real_name": "Antonio Linares",
            "display_name": "Antonio Linares",
            "team": "TJH5YU202",
            "name": "alinares",
            "is_restricted": false,
            "is_ultra_restricted": false
        },
        "blocks": [
            {
                "type": "rich_text",
                "block_id": "KrL\/r",
                "elements": [
                    {
                        "type": "rich_text_section",
                        "elements": [
                            {
                                "type": "text",
                                "text": "Bueno, genial que haya servido para que Przemek aparezca en escena "
                            },
                            {
                                "type": "emoji",
                                "name": "+1"
                            }
                        ]
                    }
                ]
            }
        ]
    },
    {
        "client_msg_id": "5f1a6fb1-b7f4-4985-93f7-61943a5f81fe",
        "type": "message",
        "text": "es un genio superdotado",
        "user": "UJN8D8U3B",
        "ts": "1585233150.008400",
        "team": "TJH5YU202",
        "user_team": "TJH5YU202",
        "source_team": "TJH5YU202",
        "user_profile": {
            "avatar_hash": "g92ad2abcc45",
            "image_72": "https:\/\/secure.gravatar.com\/avatar\/8492ad2abcc45ce53969adcf8420acde.jpg?s=72&d=https%3A%2F%2Fa.slack-edge.com%2Fdf10d%2Fimg%2Favatars%2Fava_0008-72.png",
            "first_name": "",
            "real_name": "Antonio Linares",
            "display_name": "Antonio Linares",
            "team": "TJH5YU202",
            "name": "alinares",
            "is_restricted": false,
            "is_ultra_restricted": false
        },
        "blocks": [
            {
                "type": "rich_text",
                "block_id": "pS2",
                "elements": [
                    {
                        "type": "rich_text_section",
                        "elements": [
                            {
                                "type": "text",
                                "text": "es un genio superdotado"
                            }
                        ]
                    }
                ]
            }
        ]
    },
    {
        "client_msg_id": "9d27161b-cd8b-44ed-9435-7583923c27ac",
        "type": "message",
        "text": "capaz de cosas increibles",
        "user": "UJN8D8U3B",
        "ts": "1585233164.008600",
        "team": "TJH5YU202",
        "user_team": "TJH5YU202",
        "source_team": "TJH5YU202",
        "user_profile": {
            "avatar_hash": "g92ad2abcc45",
            "image_72": "https:\/\/secure.gravatar.com\/avatar\/8492ad2abcc45ce53969adcf8420acde.jpg?s=72&d=https%3A%2F%2Fa.slack-edge.com%2Fdf10d%2Fimg%2Favatars%2Fava_0008-72.png",
            "first_name": "",
            "real_name": "Antonio Linares",
            "display_name": "Antonio Linares",
            "team": "TJH5YU202",
            "name": "alinares",
            "is_restricted": false,
            "is_ultra_restricted": false
        },
        "blocks": [
            {
                "type": "rich_text",
                "block_id": "q7bG",
                "elements": [
                    {
                        "type": "rich_text_section",
                        "elements": [
                            {
                                "type": "text",
                                "text": "capaz de cosas increibles"
                            }
                        ]
                    }
                ]
            }
        ],
        "thread_ts": "1585233164.008600",
        "reply_count": 1,
        "reply_users_count": 1,
        "latest_reply": "1585247108.012600",
        "reply_users": [
            "UJULQCHL5"
        ],
        "replies": [
            {
                "user": "UJULQCHL5",
                "ts": "1585247108.012600"
            }
        ],
        "subscribed": false
    },
    {
        "client_msg_id": "08d6c1e6-ba40-41d9-b4f3-98d32366e380",
        "type": "message",
        "text": "<http:\/\/tres.pl\/>",
        "user": "UJN8D8U3B",
        "ts": "1585234595.008800",
        "team": "TJH5YU202",
        "user_team": "TJH5YU202",
        "source_team": "TJH5YU202",
        "user_profile": {
            "avatar_hash": "g92ad2abcc45",
            "image_72": "https:\/\/secure.gravatar.com\/avatar\/8492ad2abcc45ce53969adcf8420acde.jpg?s=72&d=https%3A%2F%2Fa.slack-edge.com%2Fdf10d%2Fimg%2Favatars%2Fava_0008-72.png",
            "first_name": "",
            "real_name": "Antonio Linares",
            "display_name": "Antonio Linares",
            "team": "TJH5YU202",
            "name": "alinares",
            "is_restricted": false,
            "is_ultra_restricted": false
        },
        "blocks": [
            {
                "type": "rich_text",
                "block_id": "CjGB",
                "elements": [
                    {
                        "type": "rich_text_section",
                        "elements": [
                            {
                                "type": "link",
                                "url": "http:\/\/tres.pl\/"
                            }
                        ]
                    }
                ]
            }
        ]
    },
    {
        "client_msg_id": "3a652b18-f527-42a6-9399-7667e219b48e",
        "type": "message",
        "text": "Listo entendí todito.",
        "user": "UM81W8B0Q",
        "ts": "1585235517.009000",
        "team": "TJH5YU202",
        "user_team": "TJH5YU202",
        "source_team": "TJH5YU202",
        "user_profile": {
            "avatar_hash": "gab9279ee8c0",
            "image_72": "https:\/\/secure.gravatar.com\/avatar\/73ab9279ee8c00f66ce4904d30146c8f.jpg?s=72&d=https%3A%2F%2Fa.slack-edge.com%2Fdf10d%2Fimg%2Favatars%2Fava_0010-72.png",
            "first_name": "",
            "real_name": "Angel Pais",
            "display_name": "Angel Pais",
            "team": "TJH5YU202",
            "name": "amigosam",
            "is_restricted": false,
            "is_ultra_restricted": false
        },
        "blocks": [
            {
                "type": "rich_text",
                "block_id": "7Qt",
                "elements": [
                    {
                        "type": "rich_text_section",
                        "elements": [
                            {
                                "type": "text",
                                "text": "Listo entendí todito."
                            }
                        ]
                    }
                ]
            }
        ]
    },
    {
        "client_msg_id": "0cc5cc72-2cb9-45c5-9e47-a99249306e7c",
        "type": "message",
        "text": "OK Aceptukje. NO se que problemas tienen con mi tujes.",
        "user": "UM81W8B0Q",
        "ts": "1585235572.009500",
        "team": "TJH5YU202",
        "user_team": "TJH5YU202",
        "source_team": "TJH5YU202",
        "user_profile": {
            "avatar_hash": "gab9279ee8c0",
            "image_72": "https:\/\/secure.gravatar.com\/avatar\/73ab9279ee8c00f66ce4904d30146c8f.jpg?s=72&d=https%3A%2F%2Fa.slack-edge.com%2Fdf10d%2Fimg%2Favatars%2Fava_0010-72.png",
            "first_name": "",
            "real_name": "Angel Pais",
            "display_name": "Angel Pais",
            "team": "TJH5YU202",
            "name": "amigosam",
            "is_restricted": false,
            "is_ultra_restricted": false
        },
        "blocks": [
            {
                "type": "rich_text",
                "block_id": "yBh",
                "elements": [
                    {
                        "type": "rich_text_section",
                        "elements": [
                            {
                                "type": "text",
                                "text": "OK Aceptukje. NO se que problemas tienen con mi tujes."
                            }
                        ]
                    }
                ]
            }
        ]
    },
    {
        "client_msg_id": "200e1ed3-8f8b-4718-8b54-a5d4d058b5ac",
        "type": "message",
        "text": ":smile:",
        "user": "UJN8D8U3B",
        "ts": "1585236281.009700",
        "team": "TJH5YU202",
        "user_team": "TJH5YU202",
        "source_team": "TJH5YU202",
        "user_profile": {
            "avatar_hash": "g92ad2abcc45",
            "image_72": "https:\/\/secure.gravatar.com\/avatar\/8492ad2abcc45ce53969adcf8420acde.jpg?s=72&d=https%3A%2F%2Fa.slack-edge.com%2Fdf10d%2Fimg%2Favatars%2Fava_0008-72.png",
            "first_name": "",
            "real_name": "Antonio Linares",
            "display_name": "Antonio Linares",
            "team": "TJH5YU202",
            "name": "alinares",
            "is_restricted": false,
            "is_ultra_restricted": false
        },
        "blocks": [
            {
                "type": "rich_text",
                "block_id": "yXPJ",
                "elements": [
                    {
                        "type": "rich_text_section",
                        "elements": [
                            {
                                "type": "emoji",
                                "name": "smile"
                            }
                        ]
                    }
                ]
            }
        ]
    },
    {
        "client_msg_id": "c7fecc3e-47d3-4b2f-8344-421c27e73129",
        "type": "message",
        "text": "Hola, comentario general, aqui en la ciudad no estamos acostumbrados como en la ciudad de mexico que es frecuente. Les envié un saludo tembloroso",
        "user": "UJUSD6VB2",
        "ts": "1585241070.011400",
        "team": "TJH5YU202",
        "user_team": "TJH5YU202",
        "source_team": "TJH5YU202",
        "user_profile": {
            "avatar_hash": "g1677a02d0b6",
            "image_72": "https:\/\/secure.gravatar.com\/avatar\/bb1677a02d0b69ba91eb245090c7c83a.jpg?s=72&d=https%3A%2F%2Fa.slack-edge.com%2Fdf10d%2Fimg%2Favatars%2Fava_0015-72.png",
            "first_name": "",
            "real_name": "Osvaldo Ramirez",
            "display_name": "Osvaldo Ramirez",
            "team": "TJH5YU202",
            "name": "ramirezosvaldo",
            "is_restricted": false,
            "is_ultra_restricted": false
        },
        "blocks": [
            {
                "type": "rich_text",
                "block_id": "W4Ep6",
                "elements": [
                    {
                        "type": "rich_text_section",
                        "elements": [
                            {
                                "type": "text",
                                "text": "Hola, comentario general, aqui en la ciudad no estamos acostumbrados como en la ciudad de mexico que es frecuente. Les envié un saludo tembloroso"
                            }
                        ]
                    }
                ]
            }
        ]
    },
    {
        "client_msg_id": "79a4392c-0f7d-49d4-8a05-7378d5c95f93",
        "type": "message",
        "text": "<https:\/\/diario.mx\/el-paso\/temblor-de-47-se-sintio-en-el-paso-20200326-1644619.html>",
        "user": "UJUSD6VB2",
        "ts": "1585241071.011600",
        "team": "TJH5YU202",
        "user_team": "TJH5YU202",
        "source_team": "TJH5YU202",
        "user_profile": {
            "avatar_hash": "g1677a02d0b6",
            "image_72": "https:\/\/secure.gravatar.com\/avatar\/bb1677a02d0b69ba91eb245090c7c83a.jpg?s=72&d=https%3A%2F%2Fa.slack-edge.com%2Fdf10d%2Fimg%2Favatars%2Fava_0015-72.png",
            "first_name": "",
            "real_name": "Osvaldo Ramirez",
            "display_name": "Osvaldo Ramirez",
            "team": "TJH5YU202",
            "name": "ramirezosvaldo",
            "is_restricted": false,
            "is_ultra_restricted": false
        },
        "attachments": [
            {
                "service_name": "El Diario",
                "title": "Temblor de 4.7 se sintió en El Paso",
                "title_link": "https:\/\/diario.mx\/el-paso\/temblor-de-47-se-sintio-en-el-paso-20200326-1644619.html",
                "text": "El Servicio Geológico de Estados Unidos, reportó sismos de 4.7 en Mentone y Carlsbad",
                "fallback": "El Diario: Temblor de 4.7 se sintió en El Paso",
                "image_url": "https:\/\/diario.mx\/jrz\/media\/uploads\/galeria\/2020\/03\/26\/20200326095610990-0-1644619.jpg",
                "image_width": 397,
                "image_height": 250,
                "from_url": "https:\/\/diario.mx\/el-paso\/temblor-de-47-se-sintio-en-el-paso-20200326-1644619.html",
                "image_bytes": 47354,
                "service_icon": "https:\/\/diario.mx\/jrz\/media\/logos\/iconos\/180x180.png",
                "id": 1,
                "original_url": "https:\/\/diario.mx\/el-paso\/temblor-de-47-se-sintio-en-el-paso-20200326-1644619.html"
            }
        ],
        "blocks": [
            {
                "type": "rich_text",
                "block_id": "\/\/t5",
                "elements": [
                    {
                        "type": "rich_text_section",
                        "elements": [
                            {
                                "type": "link",
                                "url": "https:\/\/diario.mx\/el-paso\/temblor-de-47-se-sintio-en-el-paso-20200326-1644619.html"
                            }
                        ]
                    }
                ]
            }
        ]
    },
    {
        "client_msg_id": "f4bb48e3-2417-453e-bfd1-446164776a5b",
        "type": "message",
        "text": "upp",
        "user": "UM81W8B0Q",
        "ts": "1585241304.011900",
        "team": "TJH5YU202",
        "user_team": "TJH5YU202",
        "source_team": "TJH5YU202",
        "user_profile": {
            "avatar_hash": "gab9279ee8c0",
            "image_72": "https:\/\/secure.gravatar.com\/avatar\/73ab9279ee8c00f66ce4904d30146c8f.jpg?s=72&d=https%3A%2F%2Fa.slack-edge.com%2Fdf10d%2Fimg%2Favatars%2Fava_0010-72.png",
            "first_name": "",
            "real_name": "Angel Pais",
            "display_name": "Angel Pais",
            "team": "TJH5YU202",
            "name": "amigosam",
            "is_restricted": false,
            "is_ultra_restricted": false
        },
        "blocks": [
            {
                "type": "rich_text",
                "block_id": "Wbh",
                "elements": [
                    {
                        "type": "rich_text_section",
                        "elements": [
                            {
                                "type": "text",
                                "text": "upp"
                            }
                        ]
                    }
                ]
            }
        ]
    },
    {
        "client_msg_id": "8eea3e20-bea5-4e8b-99c1-d6cbb6dc4411",
        "type": "message",
        "text": "Asi que les envio un estornudo tembloroso",
        "user": "UJUSD6VB2",
        "ts": "1585241405.012300",
        "team": "TJH5YU202",
        "user_team": "TJH5YU202",
        "source_team": "TJH5YU202",
        "user_profile": {
            "avatar_hash": "g1677a02d0b6",
            "image_72": "https:\/\/secure.gravatar.com\/avatar\/bb1677a02d0b69ba91eb245090c7c83a.jpg?s=72&d=https%3A%2F%2Fa.slack-edge.com%2Fdf10d%2Fimg%2Favatars%2Fava_0015-72.png",
            "first_name": "",
            "real_name": "Osvaldo Ramirez",
            "display_name": "Osvaldo Ramirez",
            "team": "TJH5YU202",
            "name": "ramirezosvaldo",
            "is_restricted": false,
            "is_ultra_restricted": false
        },
        "blocks": [
            {
                "type": "rich_text",
                "block_id": "\/xV3",
                "elements": [
                    {
                        "type": "rich_text_section",
                        "elements": [
                            {
                                "type": "text",
                                "text": "Asi que les envio un estornudo tembloroso"
                            }
                        ]
                    }
                ]
            }
        ]
    },
    {
        "client_msg_id": "77c99b38-c387-473e-b121-3201bae76e18",
        "type": "message",
        "text": "Pues como tu :slightly_smiling_face:",
        "user": "UJULQCHL5",
        "ts": "1585247108.012600",
        "team": "TJH5YU202",
        "user_team": "TJH5YU202",
        "source_team": "TJH5YU202",
        "user_profile": {
            "avatar_hash": "g7659142325a",
            "image_72": "https:\/\/secure.gravatar.com\/avatar\/c87659142325a3facb661d85281ec091.jpg?s=72&d=https%3A%2F%2Fa.slack-edge.com%2Fdf10d%2Fimg%2Favatars%2Fava_0003-72.png",
            "first_name": "",
            "real_name": "Paquito",
            "display_name": "Paquito",
            "team": "TJH5YU202",
            "name": "hmpaquito",
            "is_restricted": false,
            "is_ultra_restricted": false
        },
        "blocks": [
            {
                "type": "rich_text",
                "block_id": "N\/QxL",
                "elements": [
                    {
                        "type": "rich_text_section",
                        "elements": [
                            {
                                "type": "text",
                                "text": "Pues como tu "
                            },
                            {
                                "type": "emoji",
                                "name": "slightly_smiling_face"
                            }
                        ]
                    }
                ]
            }
        ],
        "thread_ts": "1585233164.008600",
        "parent_user_id": "UJN8D8U3B"
    }
]