[
    {
        "client_msg_id": "a06b477c-ece3-402d-a6b2-db85d64abae0",
        "type": "message",
        "text": "El anuncio del curso mod-habour\/ Mercury se ha publicado en:\n\n<https:\/\/groups.google.com\/forum\/#!topic\/comp.lang.xharbour\/ffBNEuw11gA>\n<https:\/\/groups.google.com\/forum\/#!topic\/publicesvfoxpro\/eS_PvQ1Oj3g>\n<https:\/\/groups.google.com\/forum\/#!topic\/harbour-users\/BfxSxmV8jXk>\n<https:\/\/www.facebook.com\/groups\/harbour.project\/>\n\nSi alguien se ofrece... faltaría, por ejemplo, publicitarlo en:\n<http:\/\/fivewin.com.br\/>\n\nRecordar que han cambiado las condiciones. Ahora para inscribirse *es suficiente* con enviar un email a <mailto:mod.harbour@gmail.com|mod.harbour@gmail.com>",
        "user": "UJULQCHL5",
        "ts": "1592902437.224400",
        "team": "TJH5YU202",
        "user_team": "TJH5YU202",
        "source_team": "TJH5YU202",
        "user_profile": {
            "avatar_hash": "g7659142325a",
            "image_72": "https:\/\/secure.gravatar.com\/avatar\/c87659142325a3facb661d85281ec091.jpg?s=72&d=https%3A%2F%2Fa.slack-edge.com%2Fdf10d%2Fimg%2Favatars%2Fava_0003-72.png",
            "first_name": "",
            "real_name": "Paquito",
            "display_name": "Paquito",
            "team": "TJH5YU202",
            "name": "hmpaquito",
            "is_restricted": false,
            "is_ultra_restricted": false
        },
        "edited": {
            "user": "UJULQCHL5",
            "ts": "1592904031.000000"
        },
        "blocks": [
            {
                "type": "rich_text",
                "block_id": "w=u1",
                "elements": [
                    {
                        "type": "rich_text_section",
                        "elements": [
                            {
                                "type": "text",
                                "text": "El anuncio del curso mod-habour\/ Mercury se ha publicado en:\n\n"
                            },
                            {
                                "type": "link",
                                "url": "https:\/\/groups.google.com\/forum\/#!topic\/comp.lang.xharbour\/ffBNEuw11gA"
                            },
                            {
                                "type": "text",
                                "text": "\n"
                            },
                            {
                                "type": "link",
                                "url": "https:\/\/groups.google.com\/forum\/#!topic\/publicesvfoxpro\/eS_PvQ1Oj3g"
                            },
                            {
                                "type": "text",
                                "text": "\n"
                            },
                            {
                                "type": "link",
                                "url": "https:\/\/groups.google.com\/forum\/#!topic\/harbour-users\/BfxSxmV8jXk"
                            },
                            {
                                "type": "text",
                                "text": "\n"
                            },
                            {
                                "type": "link",
                                "url": "https:\/\/www.facebook.com\/groups\/harbour.project\/"
                            },
                            {
                                "type": "text",
                                "text": "\n\nSi alguien se ofrece... faltaría, por ejemplo, publicitarlo en:\n"
                            },
                            {
                                "type": "link",
                                "url": "http:\/\/fivewin.com.br\/"
                            },
                            {
                                "type": "text",
                                "text": "\n\nRecordar que han cambiado las condiciones. Ahora para inscribirse "
                            },
                            {
                                "type": "text",
                                "text": "es suficiente",
                                "style": {
                                    "bold": true
                                }
                            },
                            {
                                "type": "text",
                                "text": " con enviar un email a "
                            },
                            {
                                "type": "link",
                                "url": "mailto:mod.harbour@gmail.com",
                                "text": "mod.harbour@gmail.com"
                            }
                        ]
                    }
                ]
            }
        ]
    },
    {
        "client_msg_id": "3685eae4-995b-4e2b-a3d2-173171c9a191",
        "type": "message",
        "text": "Gracias <@UJULQCHL5>",
        "user": "UK28N3CER",
        "ts": "1592917679.225600",
        "team": "TJH5YU202",
        "user_team": "TJH5YU202",
        "source_team": "TJH5YU202",
        "user_profile": {
            "avatar_hash": "0eafa7153ff3",
            "image_72": "https:\/\/avatars.slack-edge.com\/2020-05-18\/1155120542496_0eafa7153ff35206c804_72.jpg",
            "first_name": "Cesar",
            "real_name": "Cesar SysCtrl Software",
            "display_name": "Cesar SysCtrl Software",
            "team": "TJH5YU202",
            "name": "sysctrlsoftware",
            "is_restricted": false,
            "is_ultra_restricted": false
        },
        "blocks": [
            {
                "type": "rich_text",
                "block_id": "AwmK",
                "elements": [
                    {
                        "type": "rich_text_section",
                        "elements": [
                            {
                                "type": "text",
                                "text": "Gracias "
                            },
                            {
                                "type": "user",
                                "user_id": "UJULQCHL5"
                            }
                        ]
                    }
                ]
            }
        ]
    }
]