[
    {
        "client_msg_id": "2effdec3-7c06-4b82-a75a-0c3c2b91a52f",
        "type": "message",
        "text": "Spaghetti is the key word. The border with Italy is open again today. I live only 4 km from the border.\nWe are already looking forward  going to Italy again.\nSpaghetti - vino - cappuchino",
        "user": "UJHD6A81H",
        "ts": "1592291144.220100",
        "team": "TJH5YU202",
        "user_team": "TJH5YU202",
        "source_team": "TJH5YU202",
        "user_profile": {
            "avatar_hash": "g6b8073e00e9",
            "image_72": "https:\/\/secure.gravatar.com\/avatar\/b96b8073e00e9eb02bcf05bc1418eb3a.jpg?s=72&d=https%3A%2F%2Fa.slack-edge.com%2Fdf10d%2Fimg%2Favatars%2Fava_0021-72.png",
            "first_name": "Otto",
            "real_name": "Otto Atzwanger",
            "display_name": "Otto",
            "team": "TJH5YU202",
            "name": "otto",
            "is_restricted": false,
            "is_ultra_restricted": false
        },
        "blocks": [
            {
                "type": "rich_text",
                "block_id": "cBKpN",
                "elements": [
                    {
                        "type": "rich_text_section",
                        "elements": [
                            {
                                "type": "text",
                                "text": "Spaghetti is the key word. The border with Italy is open again today. I live only 4 km from the border.\nWe are already looking forward  going to Italy again.\nSpaghetti - vino - cappuchino"
                            }
                        ]
                    }
                ]
            }
        ],
        "reactions": [
            {
                "name": "+1",
                "users": [
                    "UJUJLTWMT",
                    "UK28N3CER"
                ],
                "count": 2
            },
            {
                "name": "heavy_check_mark",
                "users": [
                    "UJUSD6VB2"
                ],
                "count": 1
            }
        ]
    }
]