[
    {
        "client_msg_id": "76761f22-852c-41e9-be03-149e8252af2a",
        "type": "message",
        "text": "<https:\/\/www.faztweb.com\/curso\/electron>",
        "user": "UJULQCHL5",
        "ts": "1593798298.236200",
        "team": "TJH5YU202",
        "user_team": "TJH5YU202",
        "source_team": "TJH5YU202",
        "user_profile": {
            "avatar_hash": "g7659142325a",
            "image_72": "https:\/\/secure.gravatar.com\/avatar\/c87659142325a3facb661d85281ec091.jpg?s=72&d=https%3A%2F%2Fa.slack-edge.com%2Fdf10d%2Fimg%2Favatars%2Fava_0003-72.png",
            "first_name": "",
            "real_name": "Paquito",
            "display_name": "Paquito",
            "team": "TJH5YU202",
            "name": "hmpaquito",
            "is_restricted": false,
            "is_ultra_restricted": false
        },
        "attachments": [
            {
                "title": "FaztWeb| Curso Completo de Electron.js desde cero, para principiantes",
                "title_link": "https:\/\/www.faztweb.com\/curso\/electron",
                "text": "Electron es un Framework para desarrollar aplicaciones de escritorio utilizando tecnología web como HTML, CSS, y Javascript, ademas de otras tecnologías que puedes integrar como React, Angular, Vuejs o incluso addons de C++",
                "fallback": "FaztWeb| Curso Completo de Electron.js desde cero, para principiantes",
                "from_url": "https:\/\/www.faztweb.com\/curso\/electron",
                "service_icon": "https:\/\/www.faztweb.com\/img\/icons\/apple-icon-57x57.png",
                "service_name": "faztweb.com",
                "id": 1,
                "original_url": "https:\/\/www.faztweb.com\/curso\/electron"
            }
        ],
        "blocks": [
            {
                "type": "rich_text",
                "block_id": "37b2",
                "elements": [
                    {
                        "type": "rich_text_section",
                        "elements": [
                            {
                                "type": "link",
                                "url": "https:\/\/www.faztweb.com\/curso\/electron"
                            }
                        ]
                    }
                ]
            }
        ],
        "reactions": [
            {
                "name": "+1",
                "users": [
                    "UJUSD6VB2"
                ],
                "count": 1
            }
        ]
    },
    {
        "client_msg_id": "9ba66368-1a0f-4ca9-92b4-4d163a8be819",
        "type": "message",
        "text": "Binding Node.js con C++\n<https:\/\/medium.com\/@tarkus\/how-to-call-c-c-code-from-node-js-86a773033892>",
        "user": "UJULQCHL5",
        "ts": "1593798591.236800",
        "team": "TJH5YU202",
        "user_team": "TJH5YU202",
        "source_team": "TJH5YU202",
        "user_profile": {
            "avatar_hash": "g7659142325a",
            "image_72": "https:\/\/secure.gravatar.com\/avatar\/c87659142325a3facb661d85281ec091.jpg?s=72&d=https%3A%2F%2Fa.slack-edge.com%2Fdf10d%2Fimg%2Favatars%2Fava_0003-72.png",
            "first_name": "",
            "real_name": "Paquito",
            "display_name": "Paquito",
            "team": "TJH5YU202",
            "name": "hmpaquito",
            "is_restricted": false,
            "is_ultra_restricted": false
        },
        "attachments": [
            {
                "service_name": "Medium",
                "title": "How to call C\/C++ code from Node.js",
                "title_link": "https:\/\/medium.com\/@tarkus\/how-to-call-c-c-code-from-node-js-86a773033892",
                "text": "It might be NOT that hard as you think! Let’s see you can you can call C\/C++ code or use a native library from a Node.js app.",
                "fallback": "Medium: How to call C\/C++ code from Node.js",
                "image_url": "https:\/\/miro.medium.com\/max\/717\/1*3gHe3G-U5IGn3mS2UAveKA.png",
                "fields": [
                    {
                        "title": "Reading time",
                        "value": "5 min read",
                        "short": true
                    }
                ],
                "ts": 1504520047,
                "from_url": "https:\/\/medium.com\/@tarkus\/how-to-call-c-c-code-from-node-js-86a773033892",
                "image_width": 466,
                "image_height": 250,
                "image_bytes": 225524,
                "service_icon": "https:\/\/cdn-images-1.medium.com\/fit\/c\/152\/152\/1*8I-HPL0bfoIzGied-dzOvA.png",
                "id": 1,
                "original_url": "https:\/\/medium.com\/@tarkus\/how-to-call-c-c-code-from-node-js-86a773033892"
            }
        ],
        "blocks": [
            {
                "type": "rich_text",
                "block_id": "VycS",
                "elements": [
                    {
                        "type": "rich_text_section",
                        "elements": [
                            {
                                "type": "text",
                                "text": "Binding Node.js con C++\n"
                            },
                            {
                                "type": "link",
                                "url": "https:\/\/medium.com\/@tarkus\/how-to-call-c-c-code-from-node-js-86a773033892"
                            }
                        ]
                    }
                ]
            }
        ]
    },
    {
        "client_msg_id": "430d14f5-a620-4a3d-9e4c-7d712851f584",
        "type": "message",
        "text": "al parecer, antaño era complicado integrar código nativo con Node",
        "user": "UNAHBRTFA",
        "ts": "1593798850.237400",
        "team": "TJH5YU202",
        "user_team": "TJH5YU202",
        "source_team": "TJH5YU202",
        "user_profile": {
            "avatar_hash": "g3d2a3f4c28c",
            "image_72": "https:\/\/secure.gravatar.com\/avatar\/23d2a3f4c28cebb4cf07e48d02620517.jpg?s=72&d=https%3A%2F%2Fa.slack-edge.com%2Fdf10d%2Fimg%2Favatars%2Fava_0020-72.png",
            "first_name": "Andreu",
            "real_name": "Andreu Botella",
            "display_name": "Andreu Botella",
            "team": "TJH5YU202",
            "name": "andreu.132",
            "is_restricted": false,
            "is_ultra_restricted": false
        },
        "edited": {
            "user": "UNAHBRTFA",
            "ts": "1593798859.000000"
        },
        "blocks": [
            {
                "type": "rich_text",
                "block_id": "tkKb",
                "elements": [
                    {
                        "type": "rich_text_section",
                        "elements": [
                            {
                                "type": "text",
                                "text": "al parecer, antaño era complicado integrar código nativo con Node"
                            }
                        ]
                    }
                ]
            }
        ]
    },
    {
        "client_msg_id": "f60e3ce9-ab37-48b3-b661-a06ac82afeee",
        "type": "message",
        "text": "el NAPI simplifica mucho las cosas",
        "user": "UNAHBRTFA",
        "ts": "1593798862.237800",
        "team": "TJH5YU202",
        "user_team": "TJH5YU202",
        "source_team": "TJH5YU202",
        "user_profile": {
            "avatar_hash": "g3d2a3f4c28c",
            "image_72": "https:\/\/secure.gravatar.com\/avatar\/23d2a3f4c28cebb4cf07e48d02620517.jpg?s=72&d=https%3A%2F%2Fa.slack-edge.com%2Fdf10d%2Fimg%2Favatars%2Fava_0020-72.png",
            "first_name": "Andreu",
            "real_name": "Andreu Botella",
            "display_name": "Andreu Botella",
            "team": "TJH5YU202",
            "name": "andreu.132",
            "is_restricted": false,
            "is_ultra_restricted": false
        },
        "blocks": [
            {
                "type": "rich_text",
                "block_id": "bkS",
                "elements": [
                    {
                        "type": "rich_text_section",
                        "elements": [
                            {
                                "type": "text",
                                "text": "el NAPI simplifica mucho las cosas"
                            }
                        ]
                    }
                ]
            }
        ]
    },
    {
        "client_msg_id": "cfde51a3-225a-4799-8883-74fc6be29d2c",
        "type": "message",
        "text": "Parece que UltraLight es un sistema parecido a Electron.js\nAunque parece que UltraLight nos es free para proyectos muy caros\n<https:\/\/ultralig.ht\/>\n\nAsí que parece que Electron.js no está solo en este tipo de tecnologia",
        "user": "UJULQCHL5",
        "ts": "1593799346.239700",
        "team": "TJH5YU202",
        "user_team": "TJH5YU202",
        "source_team": "TJH5YU202",
        "user_profile": {
            "avatar_hash": "g7659142325a",
            "image_72": "https:\/\/secure.gravatar.com\/avatar\/c87659142325a3facb661d85281ec091.jpg?s=72&d=https%3A%2F%2Fa.slack-edge.com%2Fdf10d%2Fimg%2Favatars%2Fava_0003-72.png",
            "first_name": "",
            "real_name": "Paquito",
            "display_name": "Paquito",
            "team": "TJH5YU202",
            "name": "hmpaquito",
            "is_restricted": false,
            "is_ultra_restricted": false
        },
        "blocks": [
            {
                "type": "rich_text",
                "block_id": "=LpIK",
                "elements": [
                    {
                        "type": "rich_text_section",
                        "elements": [
                            {
                                "type": "text",
                                "text": "Parece que UltraLight es un sistema parecido a Electron.js\nAunque parece que UltraLight nos es free para proyectos muy caros\n"
                            },
                            {
                                "type": "link",
                                "url": "https:\/\/ultralig.ht\/"
                            },
                            {
                                "type": "text",
                                "text": "\n\nAsí que parece que Electron.js no está solo en este tipo de tecnologia"
                            }
                        ]
                    }
                ]
            }
        ]
    },
    {
        "client_msg_id": "d78cc71c-3475-4c2a-bbac-2f80857a179f",
        "type": "message",
        "text": "A Ultralight tienes que pagarle licencia si tu empresa factura mas de 100k al año",
        "user": "UM81W8B0Q",
        "ts": "1593799934.240400",
        "team": "TJH5YU202",
        "user_team": "TJH5YU202",
        "source_team": "TJH5YU202",
        "user_profile": {
            "avatar_hash": "gab9279ee8c0",
            "image_72": "https:\/\/secure.gravatar.com\/avatar\/73ab9279ee8c00f66ce4904d30146c8f.jpg?s=72&d=https%3A%2F%2Fa.slack-edge.com%2Fdf10d%2Fimg%2Favatars%2Fava_0010-72.png",
            "first_name": "",
            "real_name": "Angel Pais",
            "display_name": "Angel Pais",
            "team": "TJH5YU202",
            "name": "amigosam",
            "is_restricted": false,
            "is_ultra_restricted": false
        },
        "edited": {
            "user": "UM81W8B0Q",
            "ts": "1593799945.000000"
        },
        "blocks": [
            {
                "type": "rich_text",
                "block_id": "t88+C",
                "elements": [
                    {
                        "type": "rich_text_section",
                        "elements": [
                            {
                                "type": "text",
                                "text": "A Ultralight tienes que pagarle licencia si tu empresa factura mas de 100k al año"
                            }
                        ]
                    }
                ]
            }
        ]
    },
    {
        "client_msg_id": "18b80b74-7e92-4299-a25a-a74417e024ec",
        "type": "message",
        "text": "Antonino Perricone tiene un bind para UltrLight, actualizado\n<https:\/\/github.com\/APerricone\/HBUltralight>",
        "user": "UJULQCHL5",
        "ts": "1593800111.241400",
        "team": "TJH5YU202",
        "user_team": "TJH5YU202",
        "source_team": "TJH5YU202",
        "user_profile": {
            "avatar_hash": "g7659142325a",
            "image_72": "https:\/\/secure.gravatar.com\/avatar\/c87659142325a3facb661d85281ec091.jpg?s=72&d=https%3A%2F%2Fa.slack-edge.com%2Fdf10d%2Fimg%2Favatars%2Fava_0003-72.png",
            "first_name": "",
            "real_name": "Paquito",
            "display_name": "Paquito",
            "team": "TJH5YU202",
            "name": "hmpaquito",
            "is_restricted": false,
            "is_ultra_restricted": false
        },
        "edited": {
            "user": "UJULQCHL5",
            "ts": "1593800122.000000"
        },
        "attachments": [
            {
                "fallback": "APerricone\/HBUltralight",
                "text": "Harbour binding for Ultralight UI <https:\/\/ultralig.ht\/>",
                "title": "APerricone\/HBUltralight",
                "footer": "<https:\/\/github.com\/APerricone\/HBUltralight|APerricone\/HBUltralight>",
                "id": 1,
                "footer_icon": "https:\/\/github.githubassets.com\/favicon.ico",
                "ts": 1567018256,
                "color": "24292f",
                "fields": [
                    {
                        "title": "Stars",
                        "value": "1",
                        "short": true
                    },
                    {
                        "title": "Language",
                        "value": "xBase",
                        "short": true
                    }
                ],
                "mrkdwn_in": [
                    "text",
                    "fields"
                ],
                "bot_id": "B013M1D0ZKM",
                "app_unfurl_url": "https:\/\/github.com\/APerricone\/HBUltralight",
                "is_app_unfurl": true
            }
        ],
        "blocks": [
            {
                "type": "rich_text",
                "block_id": "7L\/",
                "elements": [
                    {
                        "type": "rich_text_section",
                        "elements": [
                            {
                                "type": "text",
                                "text": "Antonino Perricone tiene un bind para UltrLight, actualizado\n"
                            },
                            {
                                "type": "link",
                                "url": "https:\/\/github.com\/APerricone\/HBUltralight"
                            }
                        ]
                    }
                ]
            }
        ]
    },
    {
        "client_msg_id": "8cc92d3e-5e6c-440b-af6c-753de10bc97c",
        "type": "message",
        "text": "HAce unos 6 meses lo comenzó",
        "user": "UM81W8B0Q",
        "ts": "1593800158.242700",
        "team": "TJH5YU202",
        "user_team": "TJH5YU202",
        "source_team": "TJH5YU202",
        "user_profile": {
            "avatar_hash": "gab9279ee8c0",
            "image_72": "https:\/\/secure.gravatar.com\/avatar\/73ab9279ee8c00f66ce4904d30146c8f.jpg?s=72&d=https%3A%2F%2Fa.slack-edge.com%2Fdf10d%2Fimg%2Favatars%2Fava_0010-72.png",
            "first_name": "",
            "real_name": "Angel Pais",
            "display_name": "Angel Pais",
            "team": "TJH5YU202",
            "name": "amigosam",
            "is_restricted": false,
            "is_ultra_restricted": false
        },
        "blocks": [
            {
                "type": "rich_text",
                "block_id": "nD\/RT",
                "elements": [
                    {
                        "type": "rich_text_section",
                        "elements": [
                            {
                                "type": "text",
                                "text": "HAce unos 6 meses lo comenzó"
                            }
                        ]
                    }
                ]
            }
        ]
    },
    {
        "client_msg_id": "7cbd0d84-c26d-47ba-a7cd-c5c30723c4c8",
        "type": "message",
        "text": "Nos vamos a pasar el tiempo montando sys?",
        "user": "UJWR5N32S",
        "ts": "1593800158.242800",
        "team": "TJH5YU202",
        "user_team": "TJH5YU202",
        "source_team": "TJH5YU202",
        "user_profile": {
            "avatar_hash": "273d3745f7ae",
            "image_72": "https:\/\/avatars.slack-edge.com\/2019-05-20\/634344238497_273d3745f7ae1b176b82_72.jpg",
            "first_name": "Charly",
            "real_name": "Charly",
            "display_name": "Charly",
            "team": "TJH5YU202",
            "name": "carles9000",
            "is_restricted": false,
            "is_ultra_restricted": false
        },
        "blocks": [
            {
                "type": "rich_text",
                "block_id": "14tJ",
                "elements": [
                    {
                        "type": "rich_text_section",
                        "elements": [
                            {
                                "type": "text",
                                "text": "Nos vamos a pasar el tiempo montando sys?"
                            }
                        ]
                    }
                ]
            }
        ]
    },
    {
        "client_msg_id": "92d2acfa-4aa5-4af7-bef7-5e27872fd43d",
        "type": "message",
        "text": "Yo me largo pronto",
        "user": "UJWR5N32S",
        "ts": "1593800168.243300",
        "team": "TJH5YU202",
        "user_team": "TJH5YU202",
        "source_team": "TJH5YU202",
        "user_profile": {
            "avatar_hash": "273d3745f7ae",
            "image_72": "https:\/\/avatars.slack-edge.com\/2019-05-20\/634344238497_273d3745f7ae1b176b82_72.jpg",
            "first_name": "Charly",
            "real_name": "Charly",
            "display_name": "Charly",
            "team": "TJH5YU202",
            "name": "carles9000",
            "is_restricted": false,
            "is_ultra_restricted": false
        },
        "blocks": [
            {
                "type": "rich_text",
                "block_id": "5nc2c",
                "elements": [
                    {
                        "type": "rich_text_section",
                        "elements": [
                            {
                                "type": "text",
                                "text": "Yo me largo pronto"
                            }
                        ]
                    }
                ]
            }
        ]
    },
    {
        "client_msg_id": "c1ce7449-2431-48f8-859c-a956766913e1",
        "type": "message",
        "text": "Charly la nueva onda es empezar los proyectos y saltar a uno nuevo sin terminar lo anterior.",
        "user": "UM81W8B0Q",
        "ts": "1593800197.244000",
        "team": "TJH5YU202",
        "user_team": "TJH5YU202",
        "source_team": "TJH5YU202",
        "user_profile": {
            "avatar_hash": "gab9279ee8c0",
            "image_72": "https:\/\/secure.gravatar.com\/avatar\/73ab9279ee8c00f66ce4904d30146c8f.jpg?s=72&d=https%3A%2F%2Fa.slack-edge.com%2Fdf10d%2Fimg%2Favatars%2Fava_0010-72.png",
            "first_name": "",
            "real_name": "Angel Pais",
            "display_name": "Angel Pais",
            "team": "TJH5YU202",
            "name": "amigosam",
            "is_restricted": false,
            "is_ultra_restricted": false
        },
        "blocks": [
            {
                "type": "rich_text",
                "block_id": "z+b8",
                "elements": [
                    {
                        "type": "rich_text_section",
                        "elements": [
                            {
                                "type": "text",
                                "text": "Charly la nueva onda es empezar los proyectos y saltar a uno nuevo sin terminar lo anterior."
                            }
                        ]
                    }
                ]
            }
        ]
    },
    {
        "client_msg_id": "6747f3d4-cb2e-4599-9f8b-0fcd7380a8c6",
        "type": "message",
        "text": "Bah",
        "user": "UJWR5N32S",
        "ts": "1593800227.244500",
        "team": "TJH5YU202",
        "user_team": "TJH5YU202",
        "source_team": "TJH5YU202",
        "user_profile": {
            "avatar_hash": "273d3745f7ae",
            "image_72": "https:\/\/avatars.slack-edge.com\/2019-05-20\/634344238497_273d3745f7ae1b176b82_72.jpg",
            "first_name": "Charly",
            "real_name": "Charly",
            "display_name": "Charly",
            "team": "TJH5YU202",
            "name": "carles9000",
            "is_restricted": false,
            "is_ultra_restricted": false
        },
        "blocks": [
            {
                "type": "rich_text",
                "block_id": "vatBT",
                "elements": [
                    {
                        "type": "rich_text_section",
                        "elements": [
                            {
                                "type": "text",
                                "text": "Bah"
                            }
                        ]
                    }
                ]
            }
        ]
    },
    {
        "client_msg_id": "68d22608-fe32-4cee-8ee3-06d5b807d570",
        "type": "message",
        "text": "Con eso mantenemos al equipo de ventas contento.",
        "user": "UM81W8B0Q",
        "ts": "1593800227.244600",
        "team": "TJH5YU202",
        "user_team": "TJH5YU202",
        "source_team": "TJH5YU202",
        "user_profile": {
            "avatar_hash": "gab9279ee8c0",
            "image_72": "https:\/\/secure.gravatar.com\/avatar\/73ab9279ee8c00f66ce4904d30146c8f.jpg?s=72&d=https%3A%2F%2Fa.slack-edge.com%2Fdf10d%2Fimg%2Favatars%2Fava_0010-72.png",
            "first_name": "",
            "real_name": "Angel Pais",
            "display_name": "Angel Pais",
            "team": "TJH5YU202",
            "name": "amigosam",
            "is_restricted": false,
            "is_ultra_restricted": false
        },
        "blocks": [
            {
                "type": "rich_text",
                "block_id": "5iUA=",
                "elements": [
                    {
                        "type": "rich_text_section",
                        "elements": [
                            {
                                "type": "text",
                                "text": "Con eso mantenemos al equipo de ventas contento."
                            }
                        ]
                    }
                ]
            }
        ]
    },
    {
        "client_msg_id": "0ca4d333-e4c8-48ea-a673-e5cbb102b250",
        "type": "message",
        "text": "Hay que aggiornarse a los tiempos que corren",
        "user": "UM81W8B0Q",
        "ts": "1593800250.245400",
        "team": "TJH5YU202",
        "user_team": "TJH5YU202",
        "source_team": "TJH5YU202",
        "user_profile": {
            "avatar_hash": "gab9279ee8c0",
            "image_72": "https:\/\/secure.gravatar.com\/avatar\/73ab9279ee8c00f66ce4904d30146c8f.jpg?s=72&d=https%3A%2F%2Fa.slack-edge.com%2Fdf10d%2Fimg%2Favatars%2Fava_0010-72.png",
            "first_name": "",
            "real_name": "Angel Pais",
            "display_name": "Angel Pais",
            "team": "TJH5YU202",
            "name": "amigosam",
            "is_restricted": false,
            "is_ultra_restricted": false
        },
        "edited": {
            "user": "UM81W8B0Q",
            "ts": "1593800261.000000"
        },
        "blocks": [
            {
                "type": "rich_text",
                "block_id": "BFRRU",
                "elements": [
                    {
                        "type": "rich_text_section",
                        "elements": [
                            {
                                "type": "text",
                                "text": "Hay que aggiornarse a los tiempos que corren"
                            }
                        ]
                    }
                ]
            }
        ]
    },
    {
        "client_msg_id": "aaf6e0be-40b7-44d6-968e-16f0b1989a5a",
        "type": "message",
        "text": "A mi esto no me gusta",
        "user": "UJWR5N32S",
        "ts": "1593800251.245500",
        "team": "TJH5YU202",
        "user_team": "TJH5YU202",
        "source_team": "TJH5YU202",
        "user_profile": {
            "avatar_hash": "273d3745f7ae",
            "image_72": "https:\/\/avatars.slack-edge.com\/2019-05-20\/634344238497_273d3745f7ae1b176b82_72.jpg",
            "first_name": "Charly",
            "real_name": "Charly",
            "display_name": "Charly",
            "team": "TJH5YU202",
            "name": "carles9000",
            "is_restricted": false,
            "is_ultra_restricted": false
        },
        "edited": {
            "user": "UJWR5N32S",
            "ts": "1593800271.000000"
        },
        "blocks": [
            {
                "type": "rich_text",
                "block_id": "3FL",
                "elements": [
                    {
                        "type": "rich_text_section",
                        "elements": [
                            {
                                "type": "text",
                                "text": "A mi esto no me gusta"
                            }
                        ]
                    }
                ]
            }
        ]
    },
    {
        "client_msg_id": "d60ca115-6679-462d-b852-0b5e1a7f49b5",
        "type": "message",
        "text": "A mi me encanta cerrar proyectos, no abrir, abrir,abrir....",
        "user": "UJWR5N32S",
        "ts": "1593800319.247200",
        "team": "TJH5YU202",
        "user_team": "TJH5YU202",
        "source_team": "TJH5YU202",
        "user_profile": {
            "avatar_hash": "273d3745f7ae",
            "image_72": "https:\/\/avatars.slack-edge.com\/2019-05-20\/634344238497_273d3745f7ae1b176b82_72.jpg",
            "first_name": "Charly",
            "real_name": "Charly",
            "display_name": "Charly",
            "team": "TJH5YU202",
            "name": "carles9000",
            "is_restricted": false,
            "is_ultra_restricted": false
        },
        "edited": {
            "user": "UJWR5N32S",
            "ts": "1593800337.000000"
        },
        "blocks": [
            {
                "type": "rich_text",
                "block_id": "oEZG",
                "elements": [
                    {
                        "type": "rich_text_section",
                        "elements": [
                            {
                                "type": "text",
                                "text": "A mi me encanta cerrar proyectos, no abrir, abrir,abrir...."
                            }
                        ]
                    }
                ]
            }
        ]
    },
    {
        "client_msg_id": "3b506d77-6051-479c-8a1d-f754b0141286",
        "type": "message",
        "text": "Había un periodista deportivo en mi país que popularizó la frase: \"Es lo que hay, valor!",
        "user": "UM81W8B0Q",
        "ts": "1593800402.249300",
        "team": "TJH5YU202",
        "user_team": "TJH5YU202",
        "source_team": "TJH5YU202",
        "user_profile": {
            "avatar_hash": "gab9279ee8c0",
            "image_72": "https:\/\/secure.gravatar.com\/avatar\/73ab9279ee8c00f66ce4904d30146c8f.jpg?s=72&d=https%3A%2F%2Fa.slack-edge.com%2Fdf10d%2Fimg%2Favatars%2Fava_0010-72.png",
            "first_name": "",
            "real_name": "Angel Pais",
            "display_name": "Angel Pais",
            "team": "TJH5YU202",
            "name": "amigosam",
            "is_restricted": false,
            "is_ultra_restricted": false
        },
        "edited": {
            "user": "UM81W8B0Q",
            "ts": "1593800412.000000"
        },
        "blocks": [
            {
                "type": "rich_text",
                "block_id": "DaAb",
                "elements": [
                    {
                        "type": "rich_text_section",
                        "elements": [
                            {
                                "type": "text",
                                "text": "Había un periodista deportivo en mi país que popularizó la frase: \"Es lo que hay, valor!"
                            }
                        ]
                    }
                ]
            }
        ]
    },
    {
        "client_msg_id": "15984be9-837b-4884-9bfc-be4e8bbb5664",
        "type": "message",
        "text": "A mi no me pagan por tanto sudoku",
        "user": "UJWR5N32S",
        "ts": "1593800438.250200",
        "team": "TJH5YU202",
        "user_team": "TJH5YU202",
        "source_team": "TJH5YU202",
        "user_profile": {
            "avatar_hash": "273d3745f7ae",
            "image_72": "https:\/\/avatars.slack-edge.com\/2019-05-20\/634344238497_273d3745f7ae1b176b82_72.jpg",
            "first_name": "Charly",
            "real_name": "Charly",
            "display_name": "Charly",
            "team": "TJH5YU202",
            "name": "carles9000",
            "is_restricted": false,
            "is_ultra_restricted": false
        },
        "blocks": [
            {
                "type": "rich_text",
                "block_id": "kpwC1",
                "elements": [
                    {
                        "type": "rich_text_section",
                        "elements": [
                            {
                                "type": "text",
                                "text": "A mi no me pagan por tanto sudoku"
                            }
                        ]
                    }
                ]
            }
        ]
    },
    {
        "client_msg_id": "c6a1aff9-c74e-430a-bf53-a569a8442245",
        "type": "message",
        "text": "Yo cerrere mi circulo y a tomar por saco",
        "user": "UJWR5N32S",
        "ts": "1593800453.250900",
        "team": "TJH5YU202",
        "user_team": "TJH5YU202",
        "source_team": "TJH5YU202",
        "user_profile": {
            "avatar_hash": "273d3745f7ae",
            "image_72": "https:\/\/avatars.slack-edge.com\/2019-05-20\/634344238497_273d3745f7ae1b176b82_72.jpg",
            "first_name": "Charly",
            "real_name": "Charly",
            "display_name": "Charly",
            "team": "TJH5YU202",
            "name": "carles9000",
            "is_restricted": false,
            "is_ultra_restricted": false
        },
        "edited": {
            "user": "UJWR5N32S",
            "ts": "1593800464.000000"
        },
        "blocks": [
            {
                "type": "rich_text",
                "block_id": "ashM",
                "elements": [
                    {
                        "type": "rich_text_section",
                        "elements": [
                            {
                                "type": "text",
                                "text": "Yo cerrere mi circulo y a tomar por saco"
                            }
                        ]
                    }
                ]
            }
        ]
    },
    {
        "client_msg_id": "71575a31-57b8-4b42-8f4c-23643e8a60ce",
        "type": "message",
        "text": "Hablan vds. como si las personas tuvieran un conocimiento omnisciente del software que les rodea. Muchas veces se trata de aterrizar haciendo pequeños ajustes en el vuelo.\nSi puede escoger entre Seat 600 y Mercedes Mercedes-Benz CLK GTR",
        "user": "UJULQCHL5",
        "ts": "1593800462.251100",
        "team": "TJH5YU202",
        "user_team": "TJH5YU202",
        "source_team": "TJH5YU202",
        "user_profile": {
            "avatar_hash": "g7659142325a",
            "image_72": "https:\/\/secure.gravatar.com\/avatar\/c87659142325a3facb661d85281ec091.jpg?s=72&d=https%3A%2F%2Fa.slack-edge.com%2Fdf10d%2Fimg%2Favatars%2Fava_0003-72.png",
            "first_name": "",
            "real_name": "Paquito",
            "display_name": "Paquito",
            "team": "TJH5YU202",
            "name": "hmpaquito",
            "is_restricted": false,
            "is_ultra_restricted": false
        },
        "blocks": [
            {
                "type": "rich_text",
                "block_id": "Vlx0R",
                "elements": [
                    {
                        "type": "rich_text_section",
                        "elements": [
                            {
                                "type": "text",
                                "text": "Hablan vds. como si las personas tuvieran un conocimiento omnisciente del software que les rodea. Muchas veces se trata de aterrizar haciendo pequeños ajustes en el vuelo.\nSi puede escoger entre Seat 600 y Mercedes Mercedes-Benz CLK GTR"
                            }
                        ]
                    }
                ]
            }
        ]
    },
    {
        "client_msg_id": "462aeec4-34e1-4477-af82-4ac7f28b0151",
        "type": "message",
        "text": "Paquito esto es fácil. Hay 3 mods sin terminar. Y ya estamos hablando de implementar cosas nuevas.",
        "user": "UM81W8B0Q",
        "ts": "1593800512.252500",
        "team": "TJH5YU202",
        "user_team": "TJH5YU202",
        "source_team": "TJH5YU202",
        "user_profile": {
            "avatar_hash": "gab9279ee8c0",
            "image_72": "https:\/\/secure.gravatar.com\/avatar\/73ab9279ee8c00f66ce4904d30146c8f.jpg?s=72&d=https%3A%2F%2Fa.slack-edge.com%2Fdf10d%2Fimg%2Favatars%2Fava_0010-72.png",
            "first_name": "",
            "real_name": "Angel Pais",
            "display_name": "Angel Pais",
            "team": "TJH5YU202",
            "name": "amigosam",
            "is_restricted": false,
            "is_ultra_restricted": false
        },
        "blocks": [
            {
                "type": "rich_text",
                "block_id": "gEke",
                "elements": [
                    {
                        "type": "rich_text_section",
                        "elements": [
                            {
                                "type": "text",
                                "text": "Paquito esto es fácil. Hay 3 mods sin terminar. Y ya estamos hablando de implementar cosas nuevas."
                            }
                        ]
                    }
                ]
            }
        ]
    },
    {
        "client_msg_id": "92b00430-aac4-4d9d-8feb-6742781a49e6",
        "type": "message",
        "text": "NO es serio.",
        "user": "UM81W8B0Q",
        "ts": "1593800516.252800",
        "team": "TJH5YU202",
        "user_team": "TJH5YU202",
        "source_team": "TJH5YU202",
        "user_profile": {
            "avatar_hash": "gab9279ee8c0",
            "image_72": "https:\/\/secure.gravatar.com\/avatar\/73ab9279ee8c00f66ce4904d30146c8f.jpg?s=72&d=https%3A%2F%2Fa.slack-edge.com%2Fdf10d%2Fimg%2Favatars%2Fava_0010-72.png",
            "first_name": "",
            "real_name": "Angel Pais",
            "display_name": "Angel Pais",
            "team": "TJH5YU202",
            "name": "amigosam",
            "is_restricted": false,
            "is_ultra_restricted": false
        },
        "blocks": [
            {
                "type": "rich_text",
                "block_id": "Bd\/w4",
                "elements": [
                    {
                        "type": "rich_text_section",
                        "elements": [
                            {
                                "type": "text",
                                "text": "NO es serio."
                            }
                        ]
                    }
                ]
            }
        ]
    },
    {
        "client_msg_id": "4c35df4e-87cf-441b-a32c-f3ddbd423ecf",
        "type": "message",
        "text": "Tener lo mejor de los dos mundos: compatibilidad hacia atras, aunque limitada, y herramienta propia de los mejores paquetes del momento: VSCode, Slack, Whatsapp, etc",
        "user": "UJULQCHL5",
        "ts": "1593800529.252900",
        "team": "TJH5YU202",
        "user_team": "TJH5YU202",
        "source_team": "TJH5YU202",
        "user_profile": {
            "avatar_hash": "g7659142325a",
            "image_72": "https:\/\/secure.gravatar.com\/avatar\/c87659142325a3facb661d85281ec091.jpg?s=72&d=https%3A%2F%2Fa.slack-edge.com%2Fdf10d%2Fimg%2Favatars%2Fava_0003-72.png",
            "first_name": "",
            "real_name": "Paquito",
            "display_name": "Paquito",
            "team": "TJH5YU202",
            "name": "hmpaquito",
            "is_restricted": false,
            "is_ultra_restricted": false
        },
        "blocks": [
            {
                "type": "rich_text",
                "block_id": "Wyv0",
                "elements": [
                    {
                        "type": "rich_text_section",
                        "elements": [
                            {
                                "type": "text",
                                "text": "Tener lo mejor de los dos mundos: compatibilidad hacia atras, aunque limitada, y herramienta propia de los mejores paquetes del momento: VSCode, Slack, Whatsapp, etc"
                            }
                        ]
                    }
                ]
            }
        ]
    },
    {
        "client_msg_id": "73e8cab1-5bdf-4ed4-9e2b-21e87d93f216",
        "type": "message",
        "text": "Ademas electron soluciona el lado cliente. EL lado server sigue siendo lento y sin terminar.",
        "user": "UM81W8B0Q",
        "ts": "1593800585.254200",
        "team": "TJH5YU202",
        "user_team": "TJH5YU202",
        "source_team": "TJH5YU202",
        "user_profile": {
            "avatar_hash": "gab9279ee8c0",
            "image_72": "https:\/\/secure.gravatar.com\/avatar\/73ab9279ee8c00f66ce4904d30146c8f.jpg?s=72&d=https%3A%2F%2Fa.slack-edge.com%2Fdf10d%2Fimg%2Favatars%2Fava_0010-72.png",
            "first_name": "",
            "real_name": "Angel Pais",
            "display_name": "Angel Pais",
            "team": "TJH5YU202",
            "name": "amigosam",
            "is_restricted": false,
            "is_ultra_restricted": false
        },
        "blocks": [
            {
                "type": "rich_text",
                "block_id": "23=pu",
                "elements": [
                    {
                        "type": "rich_text_section",
                        "elements": [
                            {
                                "type": "text",
                                "text": "Ademas electron soluciona el lado cliente. EL lado server sigue siendo lento y sin terminar."
                            }
                        ]
                    }
                ]
            }
        ]
    },
    {
        "client_msg_id": "fc6f2e67-cecc-4938-ab22-00622f13cd4d",
        "type": "message",
        "text": "Me confunden con un mamporrero... y aquí cada uno se ajusta la verg@",
        "user": "UJULQCHL5",
        "ts": "1593800592.254400",
        "team": "TJH5YU202",
        "user_team": "TJH5YU202",
        "source_team": "TJH5YU202",
        "user_profile": {
            "avatar_hash": "g7659142325a",
            "image_72": "https:\/\/secure.gravatar.com\/avatar\/c87659142325a3facb661d85281ec091.jpg?s=72&d=https%3A%2F%2Fa.slack-edge.com%2Fdf10d%2Fimg%2Favatars%2Fava_0003-72.png",
            "first_name": "",
            "real_name": "Paquito",
            "display_name": "Paquito",
            "team": "TJH5YU202",
            "name": "hmpaquito",
            "is_restricted": false,
            "is_ultra_restricted": false
        },
        "edited": {
            "user": "UJULQCHL5",
            "ts": "1593800649.000000"
        },
        "blocks": [
            {
                "type": "rich_text",
                "block_id": "RO8C",
                "elements": [
                    {
                        "type": "rich_text_section",
                        "elements": [
                            {
                                "type": "text",
                                "text": "Me confunden con un mamporrero... y aquí cada uno se ajusta la verg@"
                            }
                        ]
                    }
                ]
            }
        ]
    },
    {
        "client_msg_id": "e80abf05-ebf5-46c3-b8cf-aaf83b5c571f",
        "type": "message",
        "text": "NO entendí esa ultima frase.",
        "user": "UM81W8B0Q",
        "ts": "1593800674.254800",
        "team": "TJH5YU202",
        "user_team": "TJH5YU202",
        "source_team": "TJH5YU202",
        "user_profile": {
            "avatar_hash": "gab9279ee8c0",
            "image_72": "https:\/\/secure.gravatar.com\/avatar\/73ab9279ee8c00f66ce4904d30146c8f.jpg?s=72&d=https%3A%2F%2Fa.slack-edge.com%2Fdf10d%2Fimg%2Favatars%2Fava_0010-72.png",
            "first_name": "",
            "real_name": "Angel Pais",
            "display_name": "Angel Pais",
            "team": "TJH5YU202",
            "name": "amigosam",
            "is_restricted": false,
            "is_ultra_restricted": false
        },
        "blocks": [
            {
                "type": "rich_text",
                "block_id": "OfaQ5",
                "elements": [
                    {
                        "type": "rich_text_section",
                        "elements": [
                            {
                                "type": "text",
                                "text": "NO entendí esa ultima frase."
                            }
                        ]
                    }
                ]
            }
        ]
    },
    {
        "client_msg_id": "43222236-a9fd-467c-b3e9-15a8263f4a10",
        "type": "message",
        "text": "Usad el D.R.A.E., plis",
        "user": "UJULQCHL5",
        "ts": "1593800720.255300",
        "team": "TJH5YU202",
        "user_team": "TJH5YU202",
        "source_team": "TJH5YU202",
        "user_profile": {
            "avatar_hash": "g7659142325a",
            "image_72": "https:\/\/secure.gravatar.com\/avatar\/c87659142325a3facb661d85281ec091.jpg?s=72&d=https%3A%2F%2Fa.slack-edge.com%2Fdf10d%2Fimg%2Favatars%2Fava_0003-72.png",
            "first_name": "",
            "real_name": "Paquito",
            "display_name": "Paquito",
            "team": "TJH5YU202",
            "name": "hmpaquito",
            "is_restricted": false,
            "is_ultra_restricted": false
        },
        "edited": {
            "user": "UJULQCHL5",
            "ts": "1593800815.000000"
        },
        "blocks": [
            {
                "type": "rich_text",
                "block_id": "lPYrw",
                "elements": [
                    {
                        "type": "rich_text_section",
                        "elements": [
                            {
                                "type": "text",
                                "text": "Usad el D.R.A.E., plis"
                            }
                        ]
                    }
                ]
            }
        ]
    },
    {
        "client_msg_id": "698b4336-9fda-4851-b17a-e3f27a468fa9",
        "type": "message",
        "text": "los diccionarios no reflejan matices de uso, y esa última frase tiene bastante",
        "user": "UNAHBRTFA",
        "ts": "1593800914.256400",
        "team": "TJH5YU202",
        "user_team": "TJH5YU202",
        "source_team": "TJH5YU202",
        "user_profile": {
            "avatar_hash": "g3d2a3f4c28c",
            "image_72": "https:\/\/secure.gravatar.com\/avatar\/23d2a3f4c28cebb4cf07e48d02620517.jpg?s=72&d=https%3A%2F%2Fa.slack-edge.com%2Fdf10d%2Fimg%2Favatars%2Fava_0020-72.png",
            "first_name": "Andreu",
            "real_name": "Andreu Botella",
            "display_name": "Andreu Botella",
            "team": "TJH5YU202",
            "name": "andreu.132",
            "is_restricted": false,
            "is_ultra_restricted": false
        },
        "blocks": [
            {
                "type": "rich_text",
                "block_id": "A6ZGy",
                "elements": [
                    {
                        "type": "rich_text_section",
                        "elements": [
                            {
                                "type": "text",
                                "text": "los diccionarios no reflejan matices de uso, y esa última frase tiene bastante"
                            }
                        ]
                    }
                ]
            }
        ]
    },
    {
        "client_msg_id": "0d60e8e6-dba2-4df1-8d52-b7f8e89d7c87",
        "type": "message",
        "text": "ademas que huelo algun tipo de victimización",
        "user": "UM81W8B0Q",
        "ts": "1593801062.256800",
        "team": "TJH5YU202",
        "user_team": "TJH5YU202",
        "source_team": "TJH5YU202",
        "user_profile": {
            "avatar_hash": "gab9279ee8c0",
            "image_72": "https:\/\/secure.gravatar.com\/avatar\/73ab9279ee8c00f66ce4904d30146c8f.jpg?s=72&d=https%3A%2F%2Fa.slack-edge.com%2Fdf10d%2Fimg%2Favatars%2Fava_0010-72.png",
            "first_name": "",
            "real_name": "Angel Pais",
            "display_name": "Angel Pais",
            "team": "TJH5YU202",
            "name": "amigosam",
            "is_restricted": false,
            "is_ultra_restricted": false
        },
        "edited": {
            "user": "UM81W8B0Q",
            "ts": "1593801070.000000"
        },
        "blocks": [
            {
                "type": "rich_text",
                "block_id": "mCT5",
                "elements": [
                    {
                        "type": "rich_text_section",
                        "elements": [
                            {
                                "type": "text",
                                "text": "ademas que huelo algun tipo de victimización"
                            }
                        ]
                    }
                ]
            }
        ]
    },
    {
        "client_msg_id": "f5b030bf-7ebc-4ea5-a204-ae03f482e7c2",
        "type": "message",
        "text": "la victimizacion está de moda. Muchos colectivos se autovictmizan para sacar ventaja del comun. Como mucho... yo a la moda",
        "user": "UJULQCHL5",
        "ts": "1593801163.258800",
        "team": "TJH5YU202",
        "user_team": "TJH5YU202",
        "source_team": "TJH5YU202",
        "user_profile": {
            "avatar_hash": "g7659142325a",
            "image_72": "https:\/\/secure.gravatar.com\/avatar\/c87659142325a3facb661d85281ec091.jpg?s=72&d=https%3A%2F%2Fa.slack-edge.com%2Fdf10d%2Fimg%2Favatars%2Fava_0003-72.png",
            "first_name": "",
            "real_name": "Paquito",
            "display_name": "Paquito",
            "team": "TJH5YU202",
            "name": "hmpaquito",
            "is_restricted": false,
            "is_ultra_restricted": false
        },
        "blocks": [
            {
                "type": "rich_text",
                "block_id": "b2Kpj",
                "elements": [
                    {
                        "type": "rich_text_section",
                        "elements": [
                            {
                                "type": "text",
                                "text": "la victimizacion está de moda. Muchos colectivos se autovictmizan para sacar ventaja del comun. Como mucho... yo a la moda"
                            }
                        ]
                    }
                ]
            }
        ]
    },
    {
        "client_msg_id": "0bfe4e3a-6d6c-4fea-83bf-4fa099040b39",
        "type": "message",
        "text": "Lo dicho. Hay que aggiornarse a los tiempos.",
        "user": "UM81W8B0Q",
        "ts": "1593801236.259500",
        "team": "TJH5YU202",
        "user_team": "TJH5YU202",
        "source_team": "TJH5YU202",
        "user_profile": {
            "avatar_hash": "gab9279ee8c0",
            "image_72": "https:\/\/secure.gravatar.com\/avatar\/73ab9279ee8c00f66ce4904d30146c8f.jpg?s=72&d=https%3A%2F%2Fa.slack-edge.com%2Fdf10d%2Fimg%2Favatars%2Fava_0010-72.png",
            "first_name": "",
            "real_name": "Angel Pais",
            "display_name": "Angel Pais",
            "team": "TJH5YU202",
            "name": "amigosam",
            "is_restricted": false,
            "is_ultra_restricted": false
        },
        "blocks": [
            {
                "type": "rich_text",
                "block_id": "gSrV",
                "elements": [
                    {
                        "type": "rich_text_section",
                        "elements": [
                            {
                                "type": "text",
                                "text": "Lo dicho. Hay que aggiornarse a los tiempos."
                            }
                        ]
                    }
                ]
            }
        ]
    },
    {
        "client_msg_id": "bc9b72a3-cf3e-40de-88e2-fbab31fb9194",
        "type": "message",
        "text": ":+1:",
        "user": "UJULQCHL5",
        "ts": "1593801253.259600",
        "team": "TJH5YU202",
        "user_team": "TJH5YU202",
        "source_team": "TJH5YU202",
        "user_profile": {
            "avatar_hash": "g7659142325a",
            "image_72": "https:\/\/secure.gravatar.com\/avatar\/c87659142325a3facb661d85281ec091.jpg?s=72&d=https%3A%2F%2Fa.slack-edge.com%2Fdf10d%2Fimg%2Favatars%2Fava_0003-72.png",
            "first_name": "",
            "real_name": "Paquito",
            "display_name": "Paquito",
            "team": "TJH5YU202",
            "name": "hmpaquito",
            "is_restricted": false,
            "is_ultra_restricted": false
        },
        "blocks": [
            {
                "type": "rich_text",
                "block_id": "1cmS=",
                "elements": [
                    {
                        "type": "rich_text_section",
                        "elements": [
                            {
                                "type": "emoji",
                                "name": "+1"
                            }
                        ]
                    }
                ]
            }
        ]
    },
    {
        "type": "message",
        "text": "",
        "files": [
            {
                "id": "F016JAYL75G",
                "created": 1593841015,
                "timestamp": 1593841015,
                "name": "image.png",
                "title": "image.png",
                "mimetype": "image\/png",
                "filetype": "png",
                "pretty_type": "PNG",
                "user": "UJN8D8U3B",
                "editable": false,
                "size": 340848,
                "mode": "hosted",
                "is_external": false,
                "external_type": "",
                "is_public": true,
                "public_url_shared": false,
                "display_as_bot": false,
                "username": "",
                "url_private": "https:\/\/files.slack.com\/files-pri\/TJH5YU202-F016JAYL75G\/image.png?t=xoxe-629202954002-1307858988048-1296644259825-cbe9e6d0558bfb5b1a5a18db398692ce",
                "url_private_download": "https:\/\/files.slack.com\/files-pri\/TJH5YU202-F016JAYL75G\/download\/image.png?t=xoxe-629202954002-1307858988048-1296644259825-cbe9e6d0558bfb5b1a5a18db398692ce",
                "thumb_64": "https:\/\/files.slack.com\/files-tmb\/TJH5YU202-F016JAYL75G-08bd14cbee\/image_64.png?t=xoxe-629202954002-1307858988048-1296644259825-cbe9e6d0558bfb5b1a5a18db398692ce",
                "thumb_80": "https:\/\/files.slack.com\/files-tmb\/TJH5YU202-F016JAYL75G-08bd14cbee\/image_80.png?t=xoxe-629202954002-1307858988048-1296644259825-cbe9e6d0558bfb5b1a5a18db398692ce",
                "thumb_360": "https:\/\/files.slack.com\/files-tmb\/TJH5YU202-F016JAYL75G-08bd14cbee\/image_360.png?t=xoxe-629202954002-1307858988048-1296644259825-cbe9e6d0558bfb5b1a5a18db398692ce",
                "thumb_360_w": 360,
                "thumb_360_h": 232,
                "thumb_480": "https:\/\/files.slack.com\/files-tmb\/TJH5YU202-F016JAYL75G-08bd14cbee\/image_480.png?t=xoxe-629202954002-1307858988048-1296644259825-cbe9e6d0558bfb5b1a5a18db398692ce",
                "thumb_480_w": 480,
                "thumb_480_h": 309,
                "thumb_160": "https:\/\/files.slack.com\/files-tmb\/TJH5YU202-F016JAYL75G-08bd14cbee\/image_160.png?t=xoxe-629202954002-1307858988048-1296644259825-cbe9e6d0558bfb5b1a5a18db398692ce",
                "original_w": 612,
                "original_h": 394,
                "thumb_tiny": "AwAeADC3DnbmpRzUUeQME8U8J827Ocdu1K47NC7acBxRRnFIBjKTVWRck4qy8uB2qpLLnuaEDFWf1qZJQaoiQ1IJyKmxVy+XBXriomGT99vzqv8AaT6UxrlvQU9QuidlXu7\/AJ1EyR+rfnUJuCf4aYZs\/wAP60WYro\/\/2Q==",
                "permalink": "https:\/\/harbourproject.slack.com\/files\/UJN8D8U3B\/F016JAYL75G\/image.png",
                "permalink_public": "https:\/\/slack-files.com\/TJH5YU202-F016JAYL75G-c2939e1592",
                "is_starred": false,
                "has_rich_preview": false
            }
        ],
        "upload": false,
        "user": "UJN8D8U3B",
        "display_as_bot": false,
        "ts": "1593841018.259900",
        "reactions": [
            {
                "name": "+1",
                "users": [
                    "UPK8HA95J"
                ],
                "count": 1
            }
        ]
    }
]