[
    {
        "client_msg_id": "6550684a-cde8-4e59-8ddd-5937b9b7d704",
        "type": "message",
        "text": "Now we can start rescheduling the next meeting.",
        "user": "UJHD6A81H",
        "ts": "1592481152.221100",
        "team": "TJH5YU202",
        "user_team": "TJH5YU202",
        "source_team": "TJH5YU202",
        "user_profile": {
            "avatar_hash": "g6b8073e00e9",
            "image_72": "https:\/\/secure.gravatar.com\/avatar\/b96b8073e00e9eb02bcf05bc1418eb3a.jpg?s=72&d=https%3A%2F%2Fa.slack-edge.com%2Fdf10d%2Fimg%2Favatars%2Fava_0021-72.png",
            "first_name": "Otto",
            "real_name": "Otto Atzwanger",
            "display_name": "Otto",
            "team": "TJH5YU202",
            "name": "otto",
            "is_restricted": false,
            "is_ultra_restricted": false
        },
        "blocks": [
            {
                "type": "rich_text",
                "block_id": "fbWpU",
                "elements": [
                    {
                        "type": "rich_text_section",
                        "elements": [
                            {
                                "type": "text",
                                "text": "Now we can start rescheduling the next meeting."
                            }
                        ]
                    }
                ]
            }
        ]
    },
    {
        "type": "message",
        "text": "",
        "files": [
            {
                "id": "F015U4GEDEY",
                "created": 1592481171,
                "timestamp": 1592481171,
                "name": "grafik.png",
                "title": "grafik.png",
                "mimetype": "image\/png",
                "filetype": "png",
                "pretty_type": "PNG",
                "user": "UJHD6A81H",
                "editable": false,
                "size": 532667,
                "mode": "hosted",
                "is_external": false,
                "external_type": "",
                "is_public": true,
                "public_url_shared": false,
                "display_as_bot": false,
                "username": "",
                "url_private": "https:\/\/files.slack.com\/files-pri\/TJH5YU202-F015U4GEDEY\/grafik.png?t=xoxe-629202954002-1307858988048-1296644259825-cbe9e6d0558bfb5b1a5a18db398692ce",
                "url_private_download": "https:\/\/files.slack.com\/files-pri\/TJH5YU202-F015U4GEDEY\/download\/grafik.png?t=xoxe-629202954002-1307858988048-1296644259825-cbe9e6d0558bfb5b1a5a18db398692ce",
                "thumb_64": "https:\/\/files.slack.com\/files-tmb\/TJH5YU202-F015U4GEDEY-97731e9f71\/grafik_64.png?t=xoxe-629202954002-1307858988048-1296644259825-cbe9e6d0558bfb5b1a5a18db398692ce",
                "thumb_80": "https:\/\/files.slack.com\/files-tmb\/TJH5YU202-F015U4GEDEY-97731e9f71\/grafik_80.png?t=xoxe-629202954002-1307858988048-1296644259825-cbe9e6d0558bfb5b1a5a18db398692ce",
                "thumb_360": "https:\/\/files.slack.com\/files-tmb\/TJH5YU202-F015U4GEDEY-97731e9f71\/grafik_360.png?t=xoxe-629202954002-1307858988048-1296644259825-cbe9e6d0558bfb5b1a5a18db398692ce",
                "thumb_360_w": 360,
                "thumb_360_h": 136,
                "thumb_480": "https:\/\/files.slack.com\/files-tmb\/TJH5YU202-F015U4GEDEY-97731e9f71\/grafik_480.png?t=xoxe-629202954002-1307858988048-1296644259825-cbe9e6d0558bfb5b1a5a18db398692ce",
                "thumb_480_w": 480,
                "thumb_480_h": 181,
                "thumb_160": "https:\/\/files.slack.com\/files-tmb\/TJH5YU202-F015U4GEDEY-97731e9f71\/grafik_160.png?t=xoxe-629202954002-1307858988048-1296644259825-cbe9e6d0558bfb5b1a5a18db398692ce",
                "thumb_720": "https:\/\/files.slack.com\/files-tmb\/TJH5YU202-F015U4GEDEY-97731e9f71\/grafik_720.png?t=xoxe-629202954002-1307858988048-1296644259825-cbe9e6d0558bfb5b1a5a18db398692ce",
                "thumb_720_w": 720,
                "thumb_720_h": 271,
                "thumb_800": "https:\/\/files.slack.com\/files-tmb\/TJH5YU202-F015U4GEDEY-97731e9f71\/grafik_800.png?t=xoxe-629202954002-1307858988048-1296644259825-cbe9e6d0558bfb5b1a5a18db398692ce",
                "thumb_800_w": 800,
                "thumb_800_h": 301,
                "thumb_960": "https:\/\/files.slack.com\/files-tmb\/TJH5YU202-F015U4GEDEY-97731e9f71\/grafik_960.png?t=xoxe-629202954002-1307858988048-1296644259825-cbe9e6d0558bfb5b1a5a18db398692ce",
                "thumb_960_w": 960,
                "thumb_960_h": 361,
                "original_w": 975,
                "original_h": 367,
                "thumb_tiny": "AwASADB89w8crAnaMnHy1IkoJ8pj8w5HuKrXqf6WWEbOMc4zVdnLOvmKfl7YxxQBot1pjKPT+dCsCgK9O1RzOEUnFADXjyOOPzquu9JQcsAWA9M80jSgjv8AQ01GBlTH94fzoA3cDcaglRGlBZVJ9xU56mopP9YKAGIigABQPwokRCvKqfwpV6Clk6UAV\/Kj\/wCeaf8AfIpVijDD92vX0p1Kv3h9aAP\/2Q==",
                "permalink": "https:\/\/harbourproject.slack.com\/files\/UJHD6A81H\/F015U4GEDEY\/grafik.png",
                "permalink_public": "https:\/\/slack-files.com\/TJH5YU202-F015U4GEDEY-1cff6fcf9f",
                "is_starred": false,
                "has_rich_preview": false
            }
        ],
        "upload": false,
        "user": "UJHD6A81H",
        "display_as_bot": false,
        "ts": "1592481172.221200"
    },
    {
        "type": "message",
        "text": "",
        "files": [
            {
                "id": "F016BPW1RDE",
                "created": 1592481286,
                "timestamp": 1592481286,
                "name": "grafik.png",
                "title": "grafik.png",
                "mimetype": "image\/png",
                "filetype": "png",
                "pretty_type": "PNG",
                "user": "UJHD6A81H",
                "editable": false,
                "size": 967243,
                "mode": "hosted",
                "is_external": false,
                "external_type": "",
                "is_public": true,
                "public_url_shared": false,
                "display_as_bot": false,
                "username": "",
                "url_private": "https:\/\/files.slack.com\/files-pri\/TJH5YU202-F016BPW1RDE\/grafik.png?t=xoxe-629202954002-1307858988048-1296644259825-cbe9e6d0558bfb5b1a5a18db398692ce",
                "url_private_download": "https:\/\/files.slack.com\/files-pri\/TJH5YU202-F016BPW1RDE\/download\/grafik.png?t=xoxe-629202954002-1307858988048-1296644259825-cbe9e6d0558bfb5b1a5a18db398692ce",
                "thumb_64": "https:\/\/files.slack.com\/files-tmb\/TJH5YU202-F016BPW1RDE-c7bfe94faa\/grafik_64.png?t=xoxe-629202954002-1307858988048-1296644259825-cbe9e6d0558bfb5b1a5a18db398692ce",
                "thumb_80": "https:\/\/files.slack.com\/files-tmb\/TJH5YU202-F016BPW1RDE-c7bfe94faa\/grafik_80.png?t=xoxe-629202954002-1307858988048-1296644259825-cbe9e6d0558bfb5b1a5a18db398692ce",
                "thumb_360": "https:\/\/files.slack.com\/files-tmb\/TJH5YU202-F016BPW1RDE-c7bfe94faa\/grafik_360.png?t=xoxe-629202954002-1307858988048-1296644259825-cbe9e6d0558bfb5b1a5a18db398692ce",
                "thumb_360_w": 269,
                "thumb_360_h": 360,
                "thumb_480": "https:\/\/files.slack.com\/files-tmb\/TJH5YU202-F016BPW1RDE-c7bfe94faa\/grafik_480.png?t=xoxe-629202954002-1307858988048-1296644259825-cbe9e6d0558bfb5b1a5a18db398692ce",
                "thumb_480_w": 359,
                "thumb_480_h": 480,
                "thumb_160": "https:\/\/files.slack.com\/files-tmb\/TJH5YU202-F016BPW1RDE-c7bfe94faa\/grafik_160.png?t=xoxe-629202954002-1307858988048-1296644259825-cbe9e6d0558bfb5b1a5a18db398692ce",
                "thumb_720": "https:\/\/files.slack.com\/files-tmb\/TJH5YU202-F016BPW1RDE-c7bfe94faa\/grafik_720.png?t=xoxe-629202954002-1307858988048-1296644259825-cbe9e6d0558bfb5b1a5a18db398692ce",
                "thumb_720_w": 539,
                "thumb_720_h": 720,
                "thumb_800": "https:\/\/files.slack.com\/files-tmb\/TJH5YU202-F016BPW1RDE-c7bfe94faa\/grafik_800.png?t=xoxe-629202954002-1307858988048-1296644259825-cbe9e6d0558bfb5b1a5a18db398692ce",
                "thumb_800_w": 800,
                "thumb_800_h": 1069,
                "thumb_960": "https:\/\/files.slack.com\/files-tmb\/TJH5YU202-F016BPW1RDE-c7bfe94faa\/grafik_960.png?t=xoxe-629202954002-1307858988048-1296644259825-cbe9e6d0558bfb5b1a5a18db398692ce",
                "thumb_960_w": 718,
                "thumb_960_h": 960,
                "thumb_1024": "https:\/\/files.slack.com\/files-tmb\/TJH5YU202-F016BPW1RDE-c7bfe94faa\/grafik_1024.png?t=xoxe-629202954002-1307858988048-1296644259825-cbe9e6d0558bfb5b1a5a18db398692ce",
                "thumb_1024_w": 766,
                "thumb_1024_h": 1024,
                "original_w": 809,
                "original_h": 1081,
                "thumb_tiny": "AwAwACOw7gZEhBXPGOtAZCvD9PaqEjMJyVPH\/wBehNpAy+OcYoBF77RGTnJ49qck6O2Aec9+9UvPw+04wO\/rSQjM4CnOSD9KBmxRRRQIomyQsSZu5OKUWMHdsn1Jq1hvWl2+5\/OgZVNlbn0H40sNnHGwKvyP1q1t9z+dLQIKKKKAG0oJoxS4oAOaOaKKACiiigD\/2Q==",
                "permalink": "https:\/\/harbourproject.slack.com\/files\/UJHD6A81H\/F016BPW1RDE\/grafik.png",
                "permalink_public": "https:\/\/slack-files.com\/TJH5YU202-F016BPW1RDE-42a30dbfcf",
                "is_starred": false,
                "has_rich_preview": false
            }
        ],
        "upload": false,
        "user": "UJHD6A81H",
        "display_as_bot": false,
        "ts": "1592505358.221600"
    }
]