[
    {
        "client_msg_id": "2ee5475d-5a6d-464f-92c5-0d367fcaa9b8",
        "type": "message",
        "text": "Un bonito DBU\n<http:\/\/www.hmgforum.com\/viewtopic.php?p=62461#p62461>",
        "user": "UJULQCHL5",
        "ts": "1593416418.232600",
        "team": "TJH5YU202",
        "user_team": "TJH5YU202",
        "source_team": "TJH5YU202",
        "user_profile": {
            "avatar_hash": "g7659142325a",
            "image_72": "https:\/\/secure.gravatar.com\/avatar\/c87659142325a3facb661d85281ec091.jpg?s=72&d=https%3A%2F%2Fa.slack-edge.com%2Fdf10d%2Fimg%2Favatars%2Fava_0003-72.png",
            "first_name": "",
            "real_name": "Paquito",
            "display_name": "Paquito",
            "team": "TJH5YU202",
            "name": "hmpaquito",
            "is_restricted": false,
            "is_ultra_restricted": false
        },
        "blocks": [
            {
                "type": "rich_text",
                "block_id": "G\/g65",
                "elements": [
                    {
                        "type": "rich_text_section",
                        "elements": [
                            {
                                "type": "text",
                                "text": "Un bonito DBU\n"
                            },
                            {
                                "type": "link",
                                "url": "http:\/\/www.hmgforum.com\/viewtopic.php?p=62461#p62461"
                            }
                        ]
                    }
                ]
            }
        ]
    }
]