[
    {
        "client_msg_id": "5ed2f599-fec3-41d1-80fd-db40b2eb8e21",
        "type": "message",
        "text": "Jelou",
        "user": "UJWR5N32S",
        "ts": "1573978384.270000",
        "team": "TJH5YU202",
        "user_team": "TJH5YU202",
        "source_team": "TJH5YU202",
        "user_profile": {
            "avatar_hash": "273d3745f7ae",
            "image_72": "https:\/\/avatars.slack-edge.com\/2019-05-20\/634344238497_273d3745f7ae1b176b82_72.jpg",
            "first_name": "Charly",
            "real_name": "Charly",
            "display_name": "Charly",
            "team": "TJH5YU202",
            "name": "carles9000",
            "is_restricted": false,
            "is_ultra_restricted": false
        }
    },
    {
        "client_msg_id": "acdfb77a-52d7-443c-9b9c-dc08a3439481",
        "type": "message",
        "text": "Pues como una aplicacion n ntorno multiuser. Bloqueas registros y listos. Si alguien accede y el reg esta bloqueado, q espere...",
        "user": "UJWR5N32S",
        "ts": "1573978530.270100",
        "team": "TJH5YU202",
        "user_team": "TJH5YU202",
        "source_team": "TJH5YU202",
        "user_profile": {
            "avatar_hash": "273d3745f7ae",
            "image_72": "https:\/\/avatars.slack-edge.com\/2019-05-20\/634344238497_273d3745f7ae1b176b82_72.jpg",
            "first_name": "Charly",
            "real_name": "Charly",
            "display_name": "Charly",
            "team": "TJH5YU202",
            "name": "carles9000",
            "is_restricted": false,
            "is_ultra_restricted": false
        },
        "thread_ts": "1573911056.250900",
        "parent_user_id": "UJULAGJG5"
    },
    {
        "client_msg_id": "fc5e9d48-efb6-4ffa-b46a-edc7aab84039",
        "type": "message",
        "text": "Buenos días",
        "user": "UJULAGJG5",
        "ts": "1573981103.270400",
        "team": "TJH5YU202",
        "user_team": "TJH5YU202",
        "source_team": "TJH5YU202",
        "user_profile": {
            "avatar_hash": "g456e0b2cdb9",
            "image_72": "https:\/\/secure.gravatar.com\/avatar\/dc456e0b2cdb991048d487a08c4a8c7a.jpg?s=72&d=https%3A%2F%2Fa.slack-edge.com%2Fdf10d%2Fimg%2Favatars%2Fava_0004-72.png",
            "first_name": "",
            "real_name": "Gabriel",
            "display_name": "Gabriel",
            "team": "TJH5YU202",
            "name": "jgabri",
            "is_restricted": false,
            "is_ultra_restricted": false
        }
    },
    {
        "client_msg_id": "b4690b2e-0b49-445b-886d-a8d0ceaf467f",
        "type": "message",
        "text": "Hola crack, como solo es leer, no creo que de problemas, ya le meteremos Cana y ver cómo va,  gracias, pd yo soy del barca y un enamorado del fútbol !!",
        "user": "UJULAGJG5",
        "ts": "1573981961.270700",
        "team": "TJH5YU202",
        "user_team": "TJH5YU202",
        "source_team": "TJH5YU202",
        "user_profile": {
            "avatar_hash": "g456e0b2cdb9",
            "image_72": "https:\/\/secure.gravatar.com\/avatar\/dc456e0b2cdb991048d487a08c4a8c7a.jpg?s=72&d=https%3A%2F%2Fa.slack-edge.com%2Fdf10d%2Fimg%2Favatars%2Fava_0004-72.png",
            "first_name": "",
            "real_name": "Gabriel",
            "display_name": "Gabriel",
            "team": "TJH5YU202",
            "name": "jgabri",
            "is_restricted": false,
            "is_ultra_restricted": false
        },
        "thread_ts": "1573911056.250900",
        "parent_user_id": "UJULAGJG5"
    },
    {
        "client_msg_id": "336BCBE2-9246-44CA-A67A-6BD78736EE5C",
        "type": "message",
        "text": "@Bon Giorno",
        "user": "UJH8DPY58",
        "ts": "1573988001.271100",
        "team": "TJH5YU202",
        "user_team": "TJH5YU202",
        "source_team": "TJH5YU202",
        "user_profile": {
            "avatar_hash": "g1cac88c496c",
            "image_72": "https:\/\/secure.gravatar.com\/avatar\/451cac88c496c2cec0b934a281b6eb94.jpg?s=72&d=https%3A%2F%2Fa.slack-edge.com%2Fdf10d%2Fimg%2Favatars%2Fava_0020-72.png",
            "first_name": "",
            "real_name": "Juan Pastor",
            "display_name": "",
            "team": "TJH5YU202",
            "name": "jpastor68",
            "is_restricted": false,
            "is_ultra_restricted": false
        }
    },
    {
        "client_msg_id": "2C48317F-5C8A-4629-B4CC-078FCC007783",
        "type": "message",
        "text": "Sabemos algo del vídeo del Viernes, que me perdí la mitad",
        "user": "UJH8DPY58",
        "ts": "1573988087.272700",
        "team": "TJH5YU202",
        "user_team": "TJH5YU202",
        "source_team": "TJH5YU202",
        "user_profile": {
            "avatar_hash": "g1cac88c496c",
            "image_72": "https:\/\/secure.gravatar.com\/avatar\/451cac88c496c2cec0b934a281b6eb94.jpg?s=72&d=https%3A%2F%2Fa.slack-edge.com%2Fdf10d%2Fimg%2Favatars%2Fava_0020-72.png",
            "first_name": "",
            "real_name": "Juan Pastor",
            "display_name": "",
            "team": "TJH5YU202",
            "name": "jpastor68",
            "is_restricted": false,
            "is_ultra_restricted": false
        }
    },
    {
        "client_msg_id": "e8aacad5-872d-4783-9a7d-d96a8bf7e224",
        "type": "message",
        "text": "Harbourino now with the new security module.\nIndex.html creator is a very simple but effective way to stop browsing directories.",
        "user": "UJHD6A81H",
        "ts": "1573994966.272900",
        "team": "TJH5YU202",
        "user_team": "TJH5YU202",
        "source_team": "TJH5YU202",
        "user_profile": {
            "avatar_hash": "g6b8073e00e9",
            "image_72": "https:\/\/secure.gravatar.com\/avatar\/b96b8073e00e9eb02bcf05bc1418eb3a.jpg?s=72&d=https%3A%2F%2Fa.slack-edge.com%2Fdf10d%2Fimg%2Favatars%2Fava_0021-72.png",
            "first_name": "Otto",
            "real_name": "Otto Atzwanger",
            "display_name": "Otto",
            "team": "TJH5YU202",
            "name": "otto",
            "is_restricted": false,
            "is_ultra_restricted": false
        }
    },
    {
        "client_msg_id": "4332c1da-7929-4372-9628-683fd627d6b5",
        "type": "message",
        "text": "Harbourino index.html creator copies a default index.html file in every directory. This way you prevent if someone enters the domain + directory that you see all the files.",
        "user": "UJHD6A81H",
        "ts": "1573995071.273100",
        "team": "TJH5YU202",
        "user_team": "TJH5YU202",
        "source_team": "TJH5YU202",
        "user_profile": {
            "avatar_hash": "g6b8073e00e9",
            "image_72": "https:\/\/secure.gravatar.com\/avatar\/b96b8073e00e9eb02bcf05bc1418eb3a.jpg?s=72&d=https%3A%2F%2Fa.slack-edge.com%2Fdf10d%2Fimg%2Favatars%2Fava_0021-72.png",
            "first_name": "Otto",
            "real_name": "Otto Atzwanger",
            "display_name": "Otto",
            "team": "TJH5YU202",
            "name": "otto",
            "is_restricted": false,
            "is_ultra_restricted": false
        }
    },
    {
        "client_msg_id": "fac1297c-ad4a-406b-8107-1a46586a6fc7",
        "type": "message",
        "text": "You can turn that off from the Apache config or from htaccess, though",
        "user": "UNAHBRTFA",
        "ts": "1573995255.274100",
        "team": "TJH5YU202",
        "user_team": "TJH5YU202",
        "source_team": "TJH5YU202",
        "user_profile": {
            "avatar_hash": "g3d2a3f4c28c",
            "image_72": "https:\/\/secure.gravatar.com\/avatar\/23d2a3f4c28cebb4cf07e48d02620517.jpg?s=72&d=https%3A%2F%2Fa.slack-edge.com%2Fdf10d%2Fimg%2Favatars%2Fava_0020-72.png",
            "first_name": "Andreu",
            "real_name": "Andreu Botella",
            "display_name": "Andreu Botella",
            "team": "TJH5YU202",
            "name": "andreu.132",
            "is_restricted": false,
            "is_ultra_restricted": false
        }
    },
    {
        "client_msg_id": "70669393-6894-41ff-be4f-ff2ea918b59e",
        "type": "message",
        "text": "It'll show a 403 Forbidden error",
        "user": "UNAHBRTFA",
        "ts": "1573995278.274700",
        "team": "TJH5YU202",
        "user_team": "TJH5YU202",
        "source_team": "TJH5YU202",
        "user_profile": {
            "avatar_hash": "g3d2a3f4c28c",
            "image_72": "https:\/\/secure.gravatar.com\/avatar\/23d2a3f4c28cebb4cf07e48d02620517.jpg?s=72&d=https%3A%2F%2Fa.slack-edge.com%2Fdf10d%2Fimg%2Favatars%2Fava_0020-72.png",
            "first_name": "Andreu",
            "real_name": "Andreu Botella",
            "display_name": "Andreu Botella",
            "team": "TJH5YU202",
            "name": "andreu.132",
            "is_restricted": false,
            "is_ultra_restricted": false
        }
    },
    {
        "client_msg_id": "f168ac1c-dc1b-48e8-9089-a64b21f84eb4",
        "type": "message",
        "text": "Please write how and how for IIS.",
        "user": "UJHD6A81H",
        "ts": "1573995279.274800",
        "team": "TJH5YU202",
        "user_team": "TJH5YU202",
        "source_team": "TJH5YU202",
        "user_profile": {
            "avatar_hash": "g6b8073e00e9",
            "image_72": "https:\/\/secure.gravatar.com\/avatar\/b96b8073e00e9eb02bcf05bc1418eb3a.jpg?s=72&d=https%3A%2F%2Fa.slack-edge.com%2Fdf10d%2Fimg%2Favatars%2Fava_0021-72.png",
            "first_name": "Otto",
            "real_name": "Otto Atzwanger",
            "display_name": "Otto",
            "team": "TJH5YU202",
            "name": "otto",
            "is_restricted": false,
            "is_ultra_restricted": false
        }
    },
    {
        "client_msg_id": "e5a93abb-129a-4be0-8e61-f43097d38eb6",
        "type": "message",
        "text": "IIS certainly has something like that, but I'm no expert.",
        "user": "UNAHBRTFA",
        "ts": "1573995311.275500",
        "team": "TJH5YU202",
        "user_team": "TJH5YU202",
        "source_team": "TJH5YU202",
        "user_profile": {
            "avatar_hash": "g3d2a3f4c28c",
            "image_72": "https:\/\/secure.gravatar.com\/avatar\/23d2a3f4c28cebb4cf07e48d02620517.jpg?s=72&d=https%3A%2F%2Fa.slack-edge.com%2Fdf10d%2Fimg%2Favatars%2Fava_0020-72.png",
            "first_name": "Andreu",
            "real_name": "Andreu Botella",
            "display_name": "Andreu Botella",
            "team": "TJH5YU202",
            "name": "andreu.132",
            "is_restricted": false,
            "is_ultra_restricted": false
        }
    },
    {
        "client_msg_id": "bf025781-2f78-4750-abaf-67a844afb18c",
        "type": "message",
        "text": "<@UMZ3LNV5Z>",
        "user": "UNAHBRTFA",
        "ts": "1573995314.275800",
        "team": "TJH5YU202",
        "user_team": "TJH5YU202",
        "source_team": "TJH5YU202",
        "user_profile": {
            "avatar_hash": "g3d2a3f4c28c",
            "image_72": "https:\/\/secure.gravatar.com\/avatar\/23d2a3f4c28cebb4cf07e48d02620517.jpg?s=72&d=https%3A%2F%2Fa.slack-edge.com%2Fdf10d%2Fimg%2Favatars%2Fava_0020-72.png",
            "first_name": "Andreu",
            "real_name": "Andreu Botella",
            "display_name": "Andreu Botella",
            "team": "TJH5YU202",
            "name": "andreu.132",
            "is_restricted": false,
            "is_ultra_restricted": false
        }
    },
    {
        "client_msg_id": "9c851665-b8a6-495e-acff-bd0679367d47",
        "type": "message",
        "text": "For Apache, that's `Options -Indexes`",
        "user": "UNAHBRTFA",
        "ts": "1573995352.276200",
        "team": "TJH5YU202",
        "user_team": "TJH5YU202",
        "source_team": "TJH5YU202",
        "user_profile": {
            "avatar_hash": "g3d2a3f4c28c",
            "image_72": "https:\/\/secure.gravatar.com\/avatar\/23d2a3f4c28cebb4cf07e48d02620517.jpg?s=72&d=https%3A%2F%2Fa.slack-edge.com%2Fdf10d%2Fimg%2Favatars%2Fava_0020-72.png",
            "first_name": "Andreu",
            "real_name": "Andreu Botella",
            "display_name": "Andreu Botella",
            "team": "TJH5YU202",
            "name": "andreu.132",
            "is_restricted": false,
            "is_ultra_restricted": false
        }
    },
    {
        "client_msg_id": "9d81efd3-e9b0-4836-a7e2-e68d54114829",
        "type": "message",
        "text": "if you have other options, you can just add `-Indexes` in the same line as the others",
        "user": "UNAHBRTFA",
        "ts": "1573995378.276900",
        "team": "TJH5YU202",
        "user_team": "TJH5YU202",
        "source_team": "TJH5YU202",
        "user_profile": {
            "avatar_hash": "g3d2a3f4c28c",
            "image_72": "https:\/\/secure.gravatar.com\/avatar\/23d2a3f4c28cebb4cf07e48d02620517.jpg?s=72&d=https%3A%2F%2Fa.slack-edge.com%2Fdf10d%2Fimg%2Favatars%2Fava_0020-72.png",
            "first_name": "Andreu",
            "real_name": "Andreu Botella",
            "display_name": "Andreu Botella",
            "team": "TJH5YU202",
            "name": "andreu.132",
            "is_restricted": false,
            "is_ultra_restricted": false
        }
    },
    {
        "client_msg_id": "5a73364d-4fe4-4906-9079-903618e21b5b",
        "type": "message",
        "text": "<https:\/\/docs.microsoft.com\/en-us\/previous-versions\/windows\/it-pro\/windows-server-2008-R2-and-2008\/cc731109(v=ws.10)?redirectedfrom=MSDN>",
        "user": "UNAHBRTFA",
        "ts": "1573995430.277400",
        "team": "TJH5YU202",
        "user_team": "TJH5YU202",
        "source_team": "TJH5YU202",
        "user_profile": {
            "avatar_hash": "g3d2a3f4c28c",
            "image_72": "https:\/\/secure.gravatar.com\/avatar\/23d2a3f4c28cebb4cf07e48d02620517.jpg?s=72&d=https%3A%2F%2Fa.slack-edge.com%2Fdf10d%2Fimg%2Favatars%2Fava_0020-72.png",
            "first_name": "Andreu",
            "real_name": "Andreu Botella",
            "display_name": "Andreu Botella",
            "team": "TJH5YU202",
            "name": "andreu.132",
            "is_restricted": false,
            "is_ultra_restricted": false
        }
    },
    {
        "client_msg_id": "60418919-406b-4922-ba5f-4d71c3730aeb",
        "type": "message",
        "text": "Little bootstrap mod harbour sample showing the weather situation over here.",
        "user": "UJHD6A81H",
        "ts": "1573995566.278300",
        "team": "TJH5YU202",
        "user_team": "TJH5YU202",
        "source_team": "TJH5YU202",
        "user_profile": {
            "avatar_hash": "g6b8073e00e9",
            "image_72": "https:\/\/secure.gravatar.com\/avatar\/b96b8073e00e9eb02bcf05bc1418eb3a.jpg?s=72&d=https%3A%2F%2Fa.slack-edge.com%2Fdf10d%2Fimg%2Favatars%2Fava_0021-72.png",
            "first_name": "Otto",
            "real_name": "Otto Atzwanger",
            "display_name": "Otto",
            "team": "TJH5YU202",
            "name": "otto",
            "is_restricted": false,
            "is_ultra_restricted": false
        }
    },
    {
        "client_msg_id": "1041e69a-0689-4747-80a8-0728cbc57a09",
        "type": "message",
        "text": "REQUEST DBFCDX\nREQUEST DBFFPT\n\nstatic cVersion, aImg\n\nfunction Main()\n  local cTitle := \"Webcam Sillian\"\n  local I := 0\n  local Iday := 0\n  local cDay  := \"01\"\n  local cHour := \"  \"\n\n  aImg := {}\n\n  FOR Iday := 7 to 17\n    cDay := PADL(ALLTRIM( str(Iday) ),2,\"0\")\n\n    FOR I := 11 to 11\n      cHour := PADL(ALLTRIM( str(I) ),2,\"0\")\n      AADD(aImg, \"<https:\/\/www.megacam.at\/webcam\/sillian\/2019\/11\/>\" + cDay + \"\/\"+ cHour +\"00_lm.jpg\")\n    next\n\n  NEXT\n\nTEMPLATE  PARAMS cTitle\n&lt;!DOCTYPE html&gt;\n&lt;html lang=\"en\"&gt;\n&lt;head&gt;\n  &lt;title&gt;&lt;?prg return  cTitle ?&gt; Example&lt;\/title&gt;\n  &lt;meta charset=\"utf-8\"&gt;\n  &lt;meta name=\"viewport\" content=\"width=device-width, initial-scale=1\"&gt;\n  &lt;link rel=\"stylesheet\" href=\"<https:\/\/maxcdn.bootstrapcdn.com\/bootstrap\/3.4.0\/css\/bootstrap.min.css>\"&gt;\n  &lt;script src=\"<https:\/\/ajax.googleapis.com\/ajax\/libs\/jquery\/3.4.1\/jquery.min.js>\"&gt;&lt;\/script&gt;\n  &lt;script src=\"<https:\/\/maxcdn.bootstrapcdn.com\/bootstrap\/3.4.0\/js\/bootstrap.min.js>\"&gt;&lt;\/script&gt;\n&lt;\/head&gt;\n&lt;body&gt;\n  &lt;div class=\"container\"&gt;\n    &lt;h2&gt;&lt;?prg return  cTitle ?&gt;&lt;\/h2&gt;\n    &lt;div id=\"myCarousel\" class=\"carousel slide\" data-ride=\"carousel\"  data-interval=\"3000\" &gt;\n      &lt;!-- Indicators --&gt;\n      &lt;ol class=\"carousel-indicators\"&gt;\n        &lt;script&gt;\n          var aMyImg =&lt;?prg myImg() ?&gt; ;\n          var i = 0;\n          var arrayLength = aMyImg.length;\n          for (var i = 0; i &lt; arrayLength; i++) {\n            document.write(\"&lt;li data-target='#myCarousel' data-slide-to='\" + i + \"' &gt;&lt;\/li&gt;\");\n          }\n          &lt;\/script&gt;\n      &lt;\/ol&gt;\n\n      &lt;!-- Wrapper for slides --&gt;\n      &lt;div class=\"carousel-inner\"&gt;\n\n\n        &lt;script&gt;\n          var aMyImg =&lt;?prg myImg() ?&gt; ;\n          var i = 0;\n          var arrayLength = aMyImg.length;\n          document.write(\"&lt;div class='item  active'&gt;&lt;img src='\" + aMyImg[0] + \"' alt='Chicago' style='width:100%;'&gt;&lt;\/div&gt;\");\n          for (var i = 1; i &lt; arrayLength; i++) {\n            document.write(\"&lt;div class='item'&gt;&lt;img src='\" + aMyImg[i] + \"' alt='Chicago' style='width:100%;'&gt;&lt;\/div&gt;\");\n          }\n          &lt;\/script&gt;\n\n        &lt;\/div&gt;\n\n      &lt;!-- Left and right controls --&gt;\n      &lt;a class=\"left carousel-control\" href=\"#myCarousel\" data-slide=\"prev\"&gt;\n        &lt;span class=\"glyphicon glyphicon-chevron-left\"&gt;&lt;\/span&gt;\n        &lt;span class=\"sr-only\"&gt;Previous&lt;\/span&gt;\n      &lt;\/a&gt;\n      &lt;a class=\"right carousel-control\" href=\"#myCarousel\" data-slide=\"next\"&gt;\n        &lt;span class=\"glyphicon glyphicon-chevron-right\"&gt;&lt;\/span&gt;\n        &lt;span class=\"sr-only\"&gt;Next&lt;\/span&gt;\n      &lt;\/a&gt;\n    &lt;\/div&gt;\n  &lt;\/div&gt;\n\n&lt;\/body&gt;\n&lt;\/html&gt;\n\nENDTEXT\n\nreturn nil\n\/\/----------------------------------------------------------------------------\/\/\n\nfunction myImg()\n  local cStr := \"\"\n  \/\/ aeval or hb_atokens inverse\n  aeval( aImg, {|e| e := STRTRAN( e , CRLF, \"&lt;br&gt;\" ), cStr  +=( ' \" '+ e +' \",  ' ) } )\n  \/\/Delete latest element\nreturn \"[\"+cStr+\"]\"\n\/\/----------------------------------------------------------------------------\/\/\n\n\nINIT PROCEDURE PrgInit\n\n  SET CENTURY ON\n  SET EPOCH TO YEAR(DATE())-98\n\n  SET DELETED ON\n  SET EXCLUSIVE OFF\n\n  REQUEST HB_Lang_DE\n\n  HB_LangSelect(\"DE\")\n\n  SET DATE TO GERMAN\n\n  rddsetdefault( \"DBFCDX\" )\n\n  EXTERN DESCEND\n\nRETURN\n\n\/\/----------------------------------------------------------------------------\/\/",
        "user": "UJHD6A81H",
        "ts": "1573995626.278500",
        "team": "TJH5YU202",
        "user_team": "TJH5YU202",
        "source_team": "TJH5YU202",
        "user_profile": {
            "avatar_hash": "g6b8073e00e9",
            "image_72": "https:\/\/secure.gravatar.com\/avatar\/b96b8073e00e9eb02bcf05bc1418eb3a.jpg?s=72&d=https%3A%2F%2Fa.slack-edge.com%2Fdf10d%2Fimg%2Favatars%2Fava_0021-72.png",
            "first_name": "Otto",
            "real_name": "Otto Atzwanger",
            "display_name": "Otto",
            "team": "TJH5YU202",
            "name": "otto",
            "is_restricted": false,
            "is_ultra_restricted": false
        },
        "attachments": [
            {
                "title": "Sillian \/ Blick Richtung Dorf-Zentrum - www.megacam.at",
                "title_link": "https:\/\/www.megacam.at\/webcam\/sillian\/2019\/11\/",
                "text": "Fotokamera als Webcam: Sillian \/ Blick Richtung Dorf-Zentrum",
                "fallback": "Sillian \/ Blick Richtung Dorf-Zentrum - www.megacam.at",
                "from_url": "https:\/\/www.megacam.at\/webcam\/sillian\/2019\/11\/",
                "service_name": "megacam.at",
                "id": 1,
                "original_url": "https:\/\/www.megacam.at\/webcam\/sillian\/2019\/11\/"
            }
        ]
    },
    {
        "client_msg_id": "9ca546de-7d95-4a21-9715-15090f1283dd",
        "type": "message",
        "text": "Here is the working link:",
        "user": "UJHD6A81H",
        "ts": "1573995661.278900",
        "team": "TJH5YU202",
        "user_team": "TJH5YU202",
        "source_team": "TJH5YU202",
        "user_profile": {
            "avatar_hash": "g6b8073e00e9",
            "image_72": "https:\/\/secure.gravatar.com\/avatar\/b96b8073e00e9eb02bcf05bc1418eb3a.jpg?s=72&d=https%3A%2F%2Fa.slack-edge.com%2Fdf10d%2Fimg%2Favatars%2Fava_0021-72.png",
            "first_name": "Otto",
            "real_name": "Otto Atzwanger",
            "display_name": "Otto",
            "team": "TJH5YU202",
            "name": "otto",
            "is_restricted": false,
            "is_ultra_restricted": false
        },
        "reactions": [
            {
                "name": "+1",
                "users": [
                    "UPK8HA95J"
                ],
                "count": 1
            }
        ]
    },
    {
        "client_msg_id": "cc886f15-75f6-4c1c-87a1-60fb24ac50fb",
        "type": "message",
        "text": "<https:\/\/winhotel.space\/webcam\/index_main.prg>",
        "user": "UJHD6A81H",
        "ts": "1573995675.279100",
        "team": "TJH5YU202",
        "user_team": "TJH5YU202",
        "source_team": "TJH5YU202",
        "user_profile": {
            "avatar_hash": "g6b8073e00e9",
            "image_72": "https:\/\/secure.gravatar.com\/avatar\/b96b8073e00e9eb02bcf05bc1418eb3a.jpg?s=72&d=https%3A%2F%2Fa.slack-edge.com%2Fdf10d%2Fimg%2Favatars%2Fava_0021-72.png",
            "first_name": "Otto",
            "real_name": "Otto Atzwanger",
            "display_name": "Otto",
            "team": "TJH5YU202",
            "name": "otto",
            "is_restricted": false,
            "is_ultra_restricted": false
        }
    },
    {
        "client_msg_id": "6733f170-f978-4cd0-a762-6ec69d20ec14",
        "type": "message",
        "text": "You see the weather during the last 10 days always at 11 o'clock. We had one day without electricity.",
        "user": "UJHD6A81H",
        "ts": "1573995823.279800",
        "team": "TJH5YU202",
        "user_team": "TJH5YU202",
        "source_team": "TJH5YU202",
        "user_profile": {
            "avatar_hash": "g6b8073e00e9",
            "image_72": "https:\/\/secure.gravatar.com\/avatar\/b96b8073e00e9eb02bcf05bc1418eb3a.jpg?s=72&d=https%3A%2F%2Fa.slack-edge.com%2Fdf10d%2Fimg%2Favatars%2Fava_0021-72.png",
            "first_name": "Otto",
            "real_name": "Otto Atzwanger",
            "display_name": "Otto",
            "team": "TJH5YU202",
            "name": "otto",
            "is_restricted": false,
            "is_ultra_restricted": false
        },
        "reactions": [
            {
                "name": "+1",
                "users": [
                    "UPK8HA95J"
                ],
                "count": 1
            }
        ]
    },
    {
        "client_msg_id": "aa646bb3-435b-4169-a9f0-b50bdf0fd174",
        "type": "message",
        "text": "I added new forum to quck links: <http:\/\/modharbour.online|modharbour.online>",
        "user": "UJHD6A81H",
        "ts": "1574007113.280300",
        "team": "TJH5YU202",
        "user_team": "TJH5YU202",
        "source_team": "TJH5YU202",
        "user_profile": {
            "avatar_hash": "g6b8073e00e9",
            "image_72": "https:\/\/secure.gravatar.com\/avatar\/b96b8073e00e9eb02bcf05bc1418eb3a.jpg?s=72&d=https%3A%2F%2Fa.slack-edge.com%2Fdf10d%2Fimg%2Favatars%2Fava_0021-72.png",
            "first_name": "Otto",
            "real_name": "Otto Atzwanger",
            "display_name": "Otto",
            "team": "TJH5YU202",
            "name": "otto",
            "is_restricted": false,
            "is_ultra_restricted": false
        },
        "reactions": [
            {
                "name": "+1",
                "users": [
                    "UPK8HA95J"
                ],
                "count": 1
            }
        ]
    },
    {
        "type": "message",
        "text": "",
        "files": [
            {
                "id": "FQABU2TT5",
                "created": 1574007118,
                "timestamp": 1574007118,
                "name": "grafik.png",
                "title": "grafik.png",
                "mimetype": "image\/png",
                "filetype": "png",
                "pretty_type": "PNG",
                "user": "UJHD6A81H",
                "editable": false,
                "size": 88471,
                "mode": "hosted",
                "is_external": false,
                "external_type": "",
                "is_public": true,
                "public_url_shared": false,
                "display_as_bot": false,
                "username": "",
                "url_private": "https:\/\/files.slack.com\/files-pri\/TJH5YU202-FQABU2TT5\/grafik.png?t=xoxe-629202954002-950795328464-950341379620-2ca7f74bb6537751ea5666f8f5e8896e",
                "url_private_download": "https:\/\/files.slack.com\/files-pri\/TJH5YU202-FQABU2TT5\/download\/grafik.png?t=xoxe-629202954002-950795328464-950341379620-2ca7f74bb6537751ea5666f8f5e8896e",
                "thumb_64": "https:\/\/files.slack.com\/files-tmb\/TJH5YU202-FQABU2TT5-4cb67811b9\/grafik_64.png?t=xoxe-629202954002-950795328464-950341379620-2ca7f74bb6537751ea5666f8f5e8896e",
                "thumb_80": "https:\/\/files.slack.com\/files-tmb\/TJH5YU202-FQABU2TT5-4cb67811b9\/grafik_80.png?t=xoxe-629202954002-950795328464-950341379620-2ca7f74bb6537751ea5666f8f5e8896e",
                "thumb_360": "https:\/\/files.slack.com\/files-tmb\/TJH5YU202-FQABU2TT5-4cb67811b9\/grafik_360.png?t=xoxe-629202954002-950795328464-950341379620-2ca7f74bb6537751ea5666f8f5e8896e",
                "thumb_360_w": 360,
                "thumb_360_h": 337,
                "thumb_480": "https:\/\/files.slack.com\/files-tmb\/TJH5YU202-FQABU2TT5-4cb67811b9\/grafik_480.png?t=xoxe-629202954002-950795328464-950341379620-2ca7f74bb6537751ea5666f8f5e8896e",
                "thumb_480_w": 480,
                "thumb_480_h": 450,
                "thumb_160": "https:\/\/files.slack.com\/files-tmb\/TJH5YU202-FQABU2TT5-4cb67811b9\/grafik_160.png?t=xoxe-629202954002-950795328464-950341379620-2ca7f74bb6537751ea5666f8f5e8896e",
                "thumb_720": "https:\/\/files.slack.com\/files-tmb\/TJH5YU202-FQABU2TT5-4cb67811b9\/grafik_720.png?t=xoxe-629202954002-950795328464-950341379620-2ca7f74bb6537751ea5666f8f5e8896e",
                "thumb_720_w": 720,
                "thumb_720_h": 674,
                "thumb_800": "https:\/\/files.slack.com\/files-tmb\/TJH5YU202-FQABU2TT5-4cb67811b9\/grafik_800.png?t=xoxe-629202954002-950795328464-950341379620-2ca7f74bb6537751ea5666f8f5e8896e",
                "thumb_800_w": 800,
                "thumb_800_h": 749,
                "thumb_960": "https:\/\/files.slack.com\/files-tmb\/TJH5YU202-FQABU2TT5-4cb67811b9\/grafik_960.png?t=xoxe-629202954002-950795328464-950341379620-2ca7f74bb6537751ea5666f8f5e8896e",
                "thumb_960_w": 960,
                "thumb_960_h": 899,
                "thumb_1024": "https:\/\/files.slack.com\/files-tmb\/TJH5YU202-FQABU2TT5-4cb67811b9\/grafik_1024.png?t=xoxe-629202954002-950795328464-950341379620-2ca7f74bb6537751ea5666f8f5e8896e",
                "thumb_1024_w": 1024,
                "thumb_1024_h": 959,
                "image_exif_rotation": 1,
                "original_w": 1057,
                "original_h": 990,
                "thumb_tiny": "AwAsADC\/LGzphHKHPUCovJm\/57v+VWabjn\/69AEHky\/893\/KgwTf8\/Lj\/gNWMUY9zQBW8ib\/AJ+n\/wC+aX7PN\/z9N\/3zVjHuaMe5oAWm49hTqb+dACjOO1LSfnS0AFFFFABTPwp9JtFACc+lH\/AT+dLj\/OaXFADcn+6fzp1FFAH\/2Q==",
                "permalink": "https:\/\/harbourproject.slack.com\/files\/UJHD6A81H\/FQABU2TT5\/grafik.png",
                "permalink_public": "https:\/\/slack-files.com\/TJH5YU202-FQABU2TT5-1bf4b1a8c1",
                "is_starred": false,
                "has_rich_preview": false
            }
        ],
        "upload": true,
        "user": "UJHD6A81H",
        "display_as_bot": false,
        "ts": "1574007122.280400",
        "client_msg_id": "3c6332a0-9938-44c8-92cc-bf98d99b3d48"
    },
    {
        "client_msg_id": "30366312-f274-4031-a2be-18c2f61a3b24",
        "type": "message",
        "text": "buenos dias :sunny:",
        "user": "UJN8D8U3B",
        "ts": "1574060596.281800",
        "team": "TJH5YU202",
        "user_team": "TJH5YU202",
        "source_team": "TJH5YU202",
        "user_profile": {
            "avatar_hash": "g92ad2abcc45",
            "image_72": "https:\/\/secure.gravatar.com\/avatar\/8492ad2abcc45ce53969adcf8420acde.jpg?s=72&d=https%3A%2F%2Fa.slack-edge.com%2Fdf10d%2Fimg%2Favatars%2Fava_0008-72.png",
            "first_name": "",
            "real_name": "Antonio Linares",
            "display_name": "Antonio Linares",
            "team": "TJH5YU202",
            "name": "alinares",
            "is_restricted": false,
            "is_ultra_restricted": false
        }
    }
]