[
    {
        "client_msg_id": "88813ea4-613c-4fb5-89a6-784c78b2805c",
        "type": "message",
        "text": "You know that in the process of development libraries can change. These examples are already obsolete. I recommend you download these simple examples that Antonio explained last week, where the latest version of the MVC is located.\nNow I will erase old github tests on github. I recommend you if you want to see the use of MVC that you download these 2 tests, which are the most basic",
        "user": "UJWR5N32S",
        "ts": "1570259605.080100",
        "team": "TJH5YU202",
        "user_team": "TJH5YU202",
        "source_team": "TJH5YU202",
        "user_profile": {
            "avatar_hash": "273d3745f7ae",
            "image_72": "https:\/\/avatars.slack-edge.com\/2019-05-20\/634344238497_273d3745f7ae1b176b82_72.jpg",
            "first_name": "Charly",
            "real_name": "Charly",
            "display_name": "Charly",
            "team": "TJH5YU202",
            "name": "carles9000",
            "is_restricted": false,
            "is_ultra_restricted": false
        }
    },
    {
        "client_msg_id": "300f565a-9095-43aa-a03b-b8714b211d38",
        "type": "message",
        "text": "<https:\/\/github.com\/carles9000\/seamap>",
        "user": "UJWR5N32S",
        "ts": "1570259615.080300",
        "team": "TJH5YU202",
        "user_team": "TJH5YU202",
        "source_team": "TJH5YU202",
        "user_profile": {
            "avatar_hash": "273d3745f7ae",
            "image_72": "https:\/\/avatars.slack-edge.com\/2019-05-20\/634344238497_273d3745f7ae1b176b82_72.jpg",
            "first_name": "Charly",
            "real_name": "Charly",
            "display_name": "Charly",
            "team": "TJH5YU202",
            "name": "carles9000",
            "is_restricted": false,
            "is_ultra_restricted": false
        },
        "attachments": [
            {
                "service_name": "GitHub",
                "title": "carles9000\/seamap",
                "title_link": "https:\/\/github.com\/carles9000\/seamap",
                "text": "Tutorial MVC . Contribute to carles9000\/seamap development by creating an account on GitHub.",
                "fallback": "GitHub: carles9000\/seamap",
                "thumb_url": "https:\/\/avatars3.githubusercontent.com\/u\/13433884?s=400&v=4",
                "from_url": "https:\/\/github.com\/carles9000\/seamap",
                "thumb_width": 170,
                "thumb_height": 170,
                "service_icon": "https:\/\/a.slack-edge.com\/80588\/img\/unfurl_icons\/github.png",
                "id": 1,
                "original_url": "https:\/\/github.com\/carles9000\/seamap"
            }
        ]
    },
    {
        "client_msg_id": "50a80570-dc63-4406-a38b-ef3a4f75dd0a",
        "type": "message",
        "text": "<https:\/\/github.com\/carles9000\/seamap-1>",
        "user": "UJWR5N32S",
        "ts": "1570259641.080600",
        "team": "TJH5YU202",
        "user_team": "TJH5YU202",
        "source_team": "TJH5YU202",
        "user_profile": {
            "avatar_hash": "273d3745f7ae",
            "image_72": "https:\/\/avatars.slack-edge.com\/2019-05-20\/634344238497_273d3745f7ae1b176b82_72.jpg",
            "first_name": "Charly",
            "real_name": "Charly",
            "display_name": "Charly",
            "team": "TJH5YU202",
            "name": "carles9000",
            "is_restricted": false,
            "is_ultra_restricted": false
        },
        "attachments": [
            {
                "service_name": "GitHub",
                "title": "carles9000\/seamap-1",
                "title_link": "https:\/\/github.com\/carles9000\/seamap-1",
                "text": "Tutorial MVC - 1. Contribute to carles9000\/seamap-1 development by creating an account on GitHub.",
                "fallback": "GitHub: carles9000\/seamap-1",
                "thumb_url": "https:\/\/avatars3.githubusercontent.com\/u\/13433884?s=400&v=4",
                "from_url": "https:\/\/github.com\/carles9000\/seamap-1",
                "thumb_width": 170,
                "thumb_height": 170,
                "service_icon": "https:\/\/a.slack-edge.com\/80588\/img\/unfurl_icons\/github.png",
                "id": 1,
                "original_url": "https:\/\/github.com\/carles9000\/seamap-1"
            }
        ]
    },
    {
        "client_msg_id": "c9f45a0b-5432-4135-8637-f0b66ca61fc3",
        "type": "message",
        "text": "You only need ajdust paths of htaccess to execute it",
        "user": "UJWR5N32S",
        "ts": "1570259677.081200",
        "team": "TJH5YU202",
        "user_team": "TJH5YU202",
        "source_team": "TJH5YU202",
        "user_profile": {
            "avatar_hash": "273d3745f7ae",
            "image_72": "https:\/\/avatars.slack-edge.com\/2019-05-20\/634344238497_273d3745f7ae1b176b82_72.jpg",
            "first_name": "Charly",
            "real_name": "Charly",
            "display_name": "Charly",
            "team": "TJH5YU202",
            "name": "carles9000",
            "is_restricted": false,
            "is_ultra_restricted": false
        }
    },
    {
        "client_msg_id": "18f9225b-5dc8-4d4d-a005-8af852f50005",
        "type": "message",
        "text": "You can test seamap simple here --&gt; <http:\/\/modharbour.sysctrlsoftware.com:39391\/seamap\/>",
        "user": "UJWR5N32S",
        "ts": "1570259724.081600",
        "team": "TJH5YU202",
        "user_team": "TJH5YU202",
        "source_team": "TJH5YU202",
        "user_profile": {
            "avatar_hash": "273d3745f7ae",
            "image_72": "https:\/\/avatars.slack-edge.com\/2019-05-20\/634344238497_273d3745f7ae1b176b82_72.jpg",
            "first_name": "Charly",
            "real_name": "Charly",
            "display_name": "Charly",
            "team": "TJH5YU202",
            "name": "carles9000",
            "is_restricted": false,
            "is_ultra_restricted": false
        }
    },
    {
        "client_msg_id": "9fccd409-a5ec-4410-a02a-180cdb0dacb5",
        "type": "message",
        "text": "You can test seamap with css here --&gt; <http:\/\/modharbour.sysctrlsoftware.com:39391\/seamap-1\/>",
        "user": "UJWR5N32S",
        "ts": "1570259756.082100",
        "team": "TJH5YU202",
        "user_team": "TJH5YU202",
        "source_team": "TJH5YU202",
        "user_profile": {
            "avatar_hash": "273d3745f7ae",
            "image_72": "https:\/\/avatars.slack-edge.com\/2019-05-20\/634344238497_273d3745f7ae1b176b82_72.jpg",
            "first_name": "Charly",
            "real_name": "Charly",
            "display_name": "Charly",
            "team": "TJH5YU202",
            "name": "carles9000",
            "is_restricted": false,
            "is_ultra_restricted": false
        }
    },
    {
        "client_msg_id": "288d0f95-3472-49d4-a091-d757a0a03cfa",
        "type": "message",
        "text": "Hello Charly my question is if MVC code needs *.hrb files to function or is code like this: {% include( AP_GETENV( 'PATH_APP' ) + \"\/lib\/hmvc\/tmvc.prg\" ) %}  known by mod harbour ?",
        "user": "UJHD6A81H",
        "ts": "1570260543.083800",
        "team": "TJH5YU202",
        "user_team": "TJH5YU202",
        "source_team": "TJH5YU202",
        "user_profile": {
            "avatar_hash": "g6b8073e00e9",
            "image_72": "https:\/\/secure.gravatar.com\/avatar\/b96b8073e00e9eb02bcf05bc1418eb3a.jpg?s=72&d=https%3A%2F%2Fa.slack-edge.com%2Fdf10d%2Fimg%2Favatars%2Fava_0021-72.png",
            "first_name": "Otto",
            "real_name": "Otto Atzwanger",
            "display_name": "Otto",
            "team": "TJH5YU202",
            "name": "otto",
            "is_restricted": false,
            "is_ultra_restricted": false
        }
    },
    {
        "client_msg_id": "b59efdfd-a710-43d0-8a68-b0457309b84c",
        "type": "message",
        "text": "{% include( AP_GETENV( 'PATH_APP' ) + \"\/lib\/hmvc\/tmvc.prg\" ) %}  , It was used in the first versions of MVC. Currently the library is loaded with hrb files",
        "user": "UJWR5N32S",
        "ts": "1570261031.084200",
        "team": "TJH5YU202",
        "user_team": "TJH5YU202",
        "source_team": "TJH5YU202",
        "user_profile": {
            "avatar_hash": "273d3745f7ae",
            "image_72": "https:\/\/avatars.slack-edge.com\/2019-05-20\/634344238497_273d3745f7ae1b176b82_72.jpg",
            "first_name": "Charly",
            "real_name": "Charly",
            "display_name": "Charly",
            "team": "TJH5YU202",
            "name": "carles9000",
            "is_restricted": false,
            "is_ultra_restricted": false
        }
    },
    {
        "type": "message",
        "text": "",
        "files": [
            {
                "id": "FP4N4BRPZ",
                "created": 1570261059,
                "timestamp": 1570261059,
                "name": "Sin título",
                "title": "Sin título",
                "mimetype": "text\/plain",
                "filetype": "c",
                "pretty_type": "C",
                "user": "UJWR5N32S",
                "editable": true,
                "size": 224,
                "mode": "snippet",
                "is_external": false,
                "external_type": "",
                "is_public": true,
                "public_url_shared": false,
                "display_as_bot": false,
                "username": "",
                "url_private": "https:\/\/files.slack.com\/files-pri\/TJH5YU202-FP4N4BRPZ\/sin_t__tulo?t=xoxe-629202954002-950795328464-950341379620-2ca7f74bb6537751ea5666f8f5e8896e",
                "url_private_download": "https:\/\/files.slack.com\/files-pri\/TJH5YU202-FP4N4BRPZ\/download\/sin_t__tulo?t=xoxe-629202954002-950795328464-950341379620-2ca7f74bb6537751ea5666f8f5e8896e",
                "permalink": "https:\/\/harbourproject.slack.com\/files\/UJWR5N32S\/FP4N4BRPZ\/sin_t__tulo",
                "permalink_public": "https:\/\/slack-files.com\/TJH5YU202-FP4N4BRPZ-511dec9813",
                "edit_link": "https:\/\/harbourproject.slack.com\/files\/UJWR5N32S\/FP4N4BRPZ\/sin_t__tulo\/edit",
                "is_starred": false,
                "has_rich_preview": false
            }
        ],
        "upload": true,
        "user": "UJWR5N32S",
        "display_as_bot": false,
        "ts": "1570261059.084500",
        "client_msg_id": "f5e02fdc-153d-40d1-9d5a-74a2bd33c84a"
    },
    {
        "client_msg_id": "96d0ec51-5942-4aa3-a4e7-4fd5c0ca5ebe",
        "type": "message",
        "text": "I mean if I insert alert() into source of MVC to see where I am this does only work if I compile the source. Is this right?",
        "user": "UJHD6A81H",
        "ts": "1570261110.085700",
        "team": "TJH5YU202",
        "user_team": "TJH5YU202",
        "source_team": "TJH5YU202",
        "user_profile": {
            "avatar_hash": "g6b8073e00e9",
            "image_72": "https:\/\/secure.gravatar.com\/avatar\/b96b8073e00e9eb02bcf05bc1418eb3a.jpg?s=72&d=https%3A%2F%2Fa.slack-edge.com%2Fdf10d%2Fimg%2Favatars%2Fava_0021-72.png",
            "first_name": "Otto",
            "real_name": "Otto Atzwanger",
            "display_name": "Otto",
            "team": "TJH5YU202",
            "name": "otto",
            "is_restricted": false,
            "is_ultra_restricted": false
        }
    },
    {
        "client_msg_id": "c7f70b4b-8a4a-4056-ab4f-b3af3547d094",
        "type": "message",
        "text": "Yes. You are use hrb and  all code is compiled. If u want make some change to lib you need recompile hrb again",
        "user": "UJWR5N32S",
        "ts": "1570261180.086600",
        "team": "TJH5YU202",
        "user_team": "TJH5YU202",
        "source_team": "TJH5YU202",
        "user_profile": {
            "avatar_hash": "273d3745f7ae",
            "image_72": "https:\/\/avatars.slack-edge.com\/2019-05-20\/634344238497_273d3745f7ae1b176b82_72.jpg",
            "first_name": "Charly",
            "real_name": "Charly",
            "display_name": "Charly",
            "team": "TJH5YU202",
            "name": "carles9000",
            "is_restricted": false,
            "is_ultra_restricted": false
        }
    },
    {
        "client_msg_id": "8b25c63f-0f65-408f-a92c-ba380f451da6",
        "type": "message",
        "text": "you can download mvc mercury and to do changes and recompile it",
        "user": "UJWR5N32S",
        "ts": "1570261212.087100",
        "team": "TJH5YU202",
        "user_team": "TJH5YU202",
        "source_team": "TJH5YU202",
        "user_profile": {
            "avatar_hash": "273d3745f7ae",
            "image_72": "https:\/\/avatars.slack-edge.com\/2019-05-20\/634344238497_273d3745f7ae1b176b82_72.jpg",
            "first_name": "Charly",
            "real_name": "Charly",
            "display_name": "Charly",
            "team": "TJH5YU202",
            "name": "carles9000",
            "is_restricted": false,
            "is_ultra_restricted": false
        }
    },
    {
        "client_msg_id": "49d96a9a-e847-478e-94a1-7ebe31fbe0d7",
        "type": "message",
        "text": "<https:\/\/github.com\/carles9000\/mercury>",
        "user": "UJWR5N32S",
        "ts": "1570261228.087300",
        "team": "TJH5YU202",
        "user_team": "TJH5YU202",
        "source_team": "TJH5YU202",
        "user_profile": {
            "avatar_hash": "273d3745f7ae",
            "image_72": "https:\/\/avatars.slack-edge.com\/2019-05-20\/634344238497_273d3745f7ae1b176b82_72.jpg",
            "first_name": "Charly",
            "real_name": "Charly",
            "display_name": "Charly",
            "team": "TJH5YU202",
            "name": "carles9000",
            "is_restricted": false,
            "is_ultra_restricted": false
        },
        "attachments": [
            {
                "service_name": "GitHub",
                "title": "carles9000\/mercury",
                "title_link": "https:\/\/github.com\/carles9000\/mercury",
                "text": "MVC Mercury - Model\/View\/Controller for Harbour for Web - carles9000\/mercury",
                "fallback": "GitHub: carles9000\/mercury",
                "thumb_url": "https:\/\/avatars3.githubusercontent.com\/u\/13433884?s=400&v=4",
                "from_url": "https:\/\/github.com\/carles9000\/mercury",
                "thumb_width": 170,
                "thumb_height": 170,
                "service_icon": "https:\/\/a.slack-edge.com\/80588\/img\/unfurl_icons\/github.png",
                "id": 1,
                "original_url": "https:\/\/github.com\/carles9000\/mercury"
            }
        ]
    },
    {
        "client_msg_id": "bd937db8-af85-48e8-a446-c8b2bd2b3e98",
        "type": "message",
        "text": "alert () does not exist, you know...",
        "user": "UJWR5N32S",
        "ts": "1570261285.087600",
        "team": "TJH5YU202",
        "user_team": "TJH5YU202",
        "source_team": "TJH5YU202",
        "user_profile": {
            "avatar_hash": "273d3745f7ae",
            "image_72": "https:\/\/avatars.slack-edge.com\/2019-05-20\/634344238497_273d3745f7ae1b176b82_72.jpg",
            "first_name": "Charly",
            "real_name": "Charly",
            "display_name": "Charly",
            "team": "TJH5YU202",
            "name": "carles9000",
            "is_restricted": false,
            "is_ultra_restricted": false
        }
    },
    {
        "client_msg_id": "46c13f59-c88e-4620-8c7e-3598d11c9910",
        "type": "message",
        "text": "should you trace the code with ? or create log file",
        "user": "UJWR5N32S",
        "ts": "1570261313.087900",
        "team": "TJH5YU202",
        "user_team": "TJH5YU202",
        "source_team": "TJH5YU202",
        "user_profile": {
            "avatar_hash": "273d3745f7ae",
            "image_72": "https:\/\/avatars.slack-edge.com\/2019-05-20\/634344238497_273d3745f7ae1b176b82_72.jpg",
            "first_name": "Charly",
            "real_name": "Charly",
            "display_name": "Charly",
            "team": "TJH5YU202",
            "name": "carles9000",
            "is_restricted": false,
            "is_ultra_restricted": false
        }
    },
    {
        "client_msg_id": "a02abed8-f023-436d-aafa-3b773e8f17fd",
        "type": "message",
        "text": "Aqui un usuario fanático de Proxmox. De hecho <http:\/\/harbour.fourtech.es|harbour.fourtech.es> es una VM en un proxmox",
        "user": "UJU2ZLJBW",
        "ts": "1570266367.088100",
        "team": "TJH5YU202",
        "user_team": "TJH5YU202",
        "source_team": "TJH5YU202",
        "user_profile": {
            "avatar_hash": "g4df4d90232e",
            "image_72": "https:\/\/secure.gravatar.com\/avatar\/0b4df4d90232ed07739bd4134b92a6d1.jpg?s=72&d=https%3A%2F%2Fa.slack-edge.com%2Fdf10d%2Fimg%2Favatars%2Fava_0022-72.png",
            "first_name": "Carlos",
            "real_name": "Carlos Mora",
            "display_name": "",
            "team": "TJH5YU202",
            "name": "carlosantoniomora",
            "is_restricted": false,
            "is_ultra_restricted": false
        },
        "thread_ts": "1570209081.061400",
        "parent_user_id": "UJUSD6VB2"
    },
    {
        "client_msg_id": "cfc8fa3a-8826-427a-9050-fa41f6401fae",
        "type": "message",
        "text": "Actualmente tengo 4 servidores con Proxmox, con muchos Linux, un par de Win Servers y algunos Win10 para los clientes accedidos por RDP. Una gozada.",
        "user": "UJU2ZLJBW",
        "ts": "1570266464.088300",
        "team": "TJH5YU202",
        "user_team": "TJH5YU202",
        "source_team": "TJH5YU202",
        "user_profile": {
            "avatar_hash": "g4df4d90232e",
            "image_72": "https:\/\/secure.gravatar.com\/avatar\/0b4df4d90232ed07739bd4134b92a6d1.jpg?s=72&d=https%3A%2F%2Fa.slack-edge.com%2Fdf10d%2Fimg%2Favatars%2Fava_0022-72.png",
            "first_name": "Carlos",
            "real_name": "Carlos Mora",
            "display_name": "",
            "team": "TJH5YU202",
            "name": "carlosantoniomora",
            "is_restricted": false,
            "is_ultra_restricted": false
        },
        "thread_ts": "1570209081.061400",
        "parent_user_id": "UJUSD6VB2"
    },
    {
        "client_msg_id": "3f6712d4-37c3-4473-9504-3bd96390c0f9",
        "type": "message",
        "text": "<@UJUEYPS76> está usando Proxmox desde Calpe y la ultima charla que tuvimos esta semana me comentó que está virtualizando con Proxmox el servidor Win para un cliente.",
        "user": "UJU2ZLJBW",
        "ts": "1570266576.088500",
        "team": "TJH5YU202",
        "user_team": "TJH5YU202",
        "source_team": "TJH5YU202",
        "user_profile": {
            "avatar_hash": "g4df4d90232e",
            "image_72": "https:\/\/secure.gravatar.com\/avatar\/0b4df4d90232ed07739bd4134b92a6d1.jpg?s=72&d=https%3A%2F%2Fa.slack-edge.com%2Fdf10d%2Fimg%2Favatars%2Fava_0022-72.png",
            "first_name": "Carlos",
            "real_name": "Carlos Mora",
            "display_name": "",
            "team": "TJH5YU202",
            "name": "carlosantoniomora",
            "is_restricted": false,
            "is_ultra_restricted": false
        },
        "thread_ts": "1570209081.061400",
        "parent_user_id": "UJUSD6VB2"
    },
    {
        "client_msg_id": "6bc26641-28bf-4305-a61d-3e5fb28f05e6",
        "type": "message",
        "text": "Hello Charly - now I tried to use mod harbour patcher with your code. I am surprised that such a large application is so well patched with this early version.",
        "user": "UJHD6A81H",
        "ts": "1570267234.089400",
        "team": "TJH5YU202",
        "user_team": "TJH5YU202",
        "source_team": "TJH5YU202",
        "user_profile": {
            "avatar_hash": "g6b8073e00e9",
            "image_72": "https:\/\/secure.gravatar.com\/avatar\/b96b8073e00e9eb02bcf05bc1418eb3a.jpg?s=72&d=https%3A%2F%2Fa.slack-edge.com%2Fdf10d%2Fimg%2Favatars%2Fava_0021-72.png",
            "first_name": "Otto",
            "real_name": "Otto Atzwanger",
            "display_name": "Otto",
            "team": "TJH5YU202",
            "name": "otto",
            "is_restricted": false,
            "is_ultra_restricted": false
        }
    },
    {
        "client_msg_id": "9113816e-d152-4069-b453-2ccb49711bcc",
        "type": "message",
        "text": "FUNCTION Config()\n\n\tSET DELETED ON\n\tSET DATE TO ITALIAN\n\t\n\tSetLogView()\n\t\n\tIF ( ( AP_GETENV( 'DOCUMENT_ROOT' ) + AP_GETENV( 'PATH_APP' ) ) &lt;&gt; HB_GETENV( 'PRGPATH' ) )\n\t\n\t\t? \"&lt;script&gt;alert( '\" + 'Config .htacces path...' + \"' ) &lt;\/script&gt;\"\n\t\t\n\t\tQUIT\n\t\t\n\tENDIF\n\t\nRETU NIL\n\n\n-&gt; c:\\www\\htdocs\\modharbour_samples\\apps\\mvc_notes\\lib\\hmvc\\tmvc.prg",
        "user": "UJHD6A81H",
        "ts": "1570267276.089600",
        "team": "TJH5YU202",
        "user_team": "TJH5YU202",
        "source_team": "TJH5YU202",
        "user_profile": {
            "avatar_hash": "g6b8073e00e9",
            "image_72": "https:\/\/secure.gravatar.com\/avatar\/b96b8073e00e9eb02bcf05bc1418eb3a.jpg?s=72&d=https%3A%2F%2Fa.slack-edge.com%2Fdf10d%2Fimg%2Favatars%2Fava_0021-72.png",
            "first_name": "Otto",
            "real_name": "Otto Atzwanger",
            "display_name": "Otto",
            "team": "TJH5YU202",
            "name": "otto",
            "is_restricted": false,
            "is_ultra_restricted": false
        }
    },
    {
        "type": "message",
        "text": "\/*\t----------------------------------------------------------------------------\n\tName:\t\t\tLIB HMVC - Libreria Harbour MVC (Model\/View\/Controller)\n\tDescription: \tPrimera libreria para poder emular sistema MVC\n\tAutor:\t\t\tCarles Aubia\n\tDate: \t\t\t19\/06\/19\t\n-------------------------------------------------------------------------------- *\/\n\n\/\/{% include( AP_GETENV( 'PATH_APP' ) + \"\/include\/hbclass.ch\" ) %}\n-&gt; c:\\www\\htdocs\\modharbour_samples\\apps\\mvc_notes\\include\\<http:\/\/hbclass.ch|hbclass.ch>\n\n\/\/{% include( AP_GETENV( 'PATH_APP' ) + \"\/include\/hboo.ch\" ) %}\n-&gt; c:\\www\\htdocs\\modharbour_samples\\apps\\mvc_notes\\include\\<http:\/\/hboo.ch|hboo.ch>\n\n\/\/{% include( AP_GETENV( 'PATH_APP' ) + \"\/lib\/hmvc\/tools.prg\" ) %}\t\t\t\/\/\tSoporte...\n-&gt; c:\\www\\htdocs\\modharbour_samples\\apps\\mvc_notes\\lib\\hmvc\\tools.prg\n\n\/\/{% include( AP_GETENV( 'PATH_APP' ) + \"\/lib\/hmvc\/troute.prg\" ) %}\t\t\t\/\/\tSistema Router\n-&gt; c:\\www\\htdocs\\modharbour_samples\\apps\\mvc_notes\\lib\\hmvc\\troute.prg\n\/\/{% include( AP_GETENV( 'PATH_APP' ) + \"\/lib\/hmvc\/trequest.prg\" ) %}       \t\/\/\tSistema Request\n-&gt; c:\\www\\htdocs\\modharbour_samples\\apps\\mvc_notes\\lib\\hmvc\\trequest.prg\n\/\/{% include( AP_GETENV( 'PATH_APP' ) + \"\/lib\/hmvc\/tcontroller.prg\" ) %}\t\t\/\/\tSistema Controller\n-&gt; c:\\www\\htdocs\\modharbour_samples\\apps\\mvc_notes\\lib\\hmvc\\tcontroller.prg\n\/\/{% include( AP_GETENV( 'PATH_APP' ) + \"\/lib\/hmvc\/tview.prg\" ) %}\t\t\t\/\/\tSistema View\n-&gt; c:\\www\\htdocs\\modharbour_samples\\apps\\mvc_notes\\lib\\hmvc\\tview.prg\n\/\/{% include( AP_GETENV( 'PATH_APP' ) + \"\/lib\/hmvc\/tmodel.prg\" ) %}\t\t\t\/\/\tSistema Model\n-&gt; c:\\www\\htdocs\\modharbour_samples\\apps\\mvc_notes\\lib\\hmvc\\tmodel.prg\n\/\/\t---------------------------------------------------------------------------- \/\/",
        "files": [
            {
                "id": "FP2TJF4G5",
                "created": 1570267422,
                "timestamp": 1570267422,
                "name": "index.zip",
                "title": "index.zip",
                "mimetype": "application\/zip",
                "filetype": "zip",
                "pretty_type": "Zip",
                "user": "UJHD6A81H",
                "editable": false,
                "size": 18324,
                "mode": "hosted",
                "is_external": false,
                "external_type": "",
                "is_public": true,
                "public_url_shared": false,
                "display_as_bot": false,
                "username": "",
                "url_private": "https:\/\/files.slack.com\/files-pri\/TJH5YU202-FP2TJF4G5\/index.zip?t=xoxe-629202954002-950795328464-950341379620-2ca7f74bb6537751ea5666f8f5e8896e",
                "url_private_download": "https:\/\/files.slack.com\/files-pri\/TJH5YU202-FP2TJF4G5\/download\/index.zip?t=xoxe-629202954002-950795328464-950341379620-2ca7f74bb6537751ea5666f8f5e8896e",
                "permalink": "https:\/\/harbourproject.slack.com\/files\/UJHD6A81H\/FP2TJF4G5\/index.zip",
                "permalink_public": "https:\/\/slack-files.com\/TJH5YU202-FP2TJF4G5-1eefccd107",
                "is_starred": false,
                "has_rich_preview": false
            }
        ],
        "upload": true,
        "user": "UJHD6A81H",
        "display_as_bot": false,
        "ts": "1570267423.089700",
        "client_msg_id": "785dcfdf-c926-4424-b6c9-f3d5b4c9f692"
    },
    {
        "client_msg_id": "78623fc9-c449-4725-a97d-1ef6ad09b252",
        "type": "message",
        "text": "Good morning. I wish to send an email directly from a form, with mod_harbour. Is it possible ? Thanks in advance.",
        "user": "UJVB4M0DN",
        "ts": "1570276719.091400",
        "team": "TJH5YU202",
        "user_team": "TJH5YU202",
        "source_team": "TJH5YU202",
        "user_profile": {
            "avatar_hash": "51ab5468a160",
            "image_72": "https:\/\/avatars.slack-edge.com\/2019-08-07\/707730878514_51ab5468a16072058d4a_72.png",
            "first_name": "",
            "real_name": "Massimo Linossi",
            "display_name": "Massimo Linossi",
            "team": "TJH5YU202",
            "name": "info413",
            "is_restricted": false,
            "is_ultra_restricted": false
        }
    },
    {
        "client_msg_id": "89690b4c-4d90-4034-984f-8db4d5226e53",
        "type": "message",
        "text": "<@UJN8D8U3B> si llamamos a _hb_apache() desde distintos threads, hay que hacer algún tipo de inicialización\/terminación para cada thread?",
        "user": "UMZ3LNV5Z",
        "ts": "1570289804.093400",
        "team": "TJH5YU202",
        "user_team": "TJH5YU202",
        "source_team": "TJH5YU202",
        "user_profile": {
            "avatar_hash": "ec1f7fc24912",
            "image_72": "https:\/\/avatars.slack-edge.com\/2019-09-16\/760961231605_ec1f7fc24912daa47f98_72.jpg",
            "first_name": "Pablo",
            "real_name": "Pablo Botella",
            "display_name": "Pablo Botella",
            "team": "TJH5YU202",
            "name": "pb",
            "is_restricted": false,
            "is_ultra_restricted": false
        }
    },
    {
        "client_msg_id": "5f4220c1-46fa-4225-8ec8-815666f1815c",
        "type": "message",
        "text": "no",
        "user": "UM81W8B0Q",
        "ts": "1570290826.093600",
        "team": "TJH5YU202",
        "user_team": "TJH5YU202",
        "source_team": "TJH5YU202",
        "user_profile": {
            "avatar_hash": "gab9279ee8c0",
            "image_72": "https:\/\/secure.gravatar.com\/avatar\/73ab9279ee8c00f66ce4904d30146c8f.jpg?s=72&d=https%3A%2F%2Fa.slack-edge.com%2Fdf10d%2Fimg%2Favatars%2Fava_0010-72.png",
            "first_name": "",
            "real_name": "Angel Pais",
            "display_name": "Angel Pais",
            "team": "TJH5YU202",
            "name": "amigosam",
            "is_restricted": false,
            "is_ultra_restricted": false
        }
    },
    {
        "client_msg_id": "5214d4ee-c103-4b95-b65b-51ac52272d6f",
        "type": "message",
        "text": "Ahora mismo estas variables están como estáticas y cuando entra otro hilo se las machaca,  y como comentaba Charly ayer cuando entra otra petición en otro hilo antes de que acabe la anterior pega un petardazo,  necesitamos moverlas a un TLS para que cada hilo maneje las suyas\n\n```\nstatic void * pRequestRec, * pAPRPuts, * pAPSetContentType;\nstatic void * pHeadersIn, * pHeadersOut, * pHeadersOutCount, * pHeadersOutSet;\nstatic void * pHeadersInCount, * pHeadersInKey, * pHeadersInVal;\nstatic void * pPostPairsCount, * pPostPairsKey, * pPostPairsVal;\nstatic void * pAPGetenv, * pAPBody;\nstatic const char * szFileName, * szArgs, * szMethod, * szUserIP;\nstatic long lAPRemaining;\n```",
        "user": "UMZ3LNV5Z",
        "ts": "1570291579.093800",
        "team": "TJH5YU202",
        "user_team": "TJH5YU202",
        "source_team": "TJH5YU202",
        "user_profile": {
            "avatar_hash": "ec1f7fc24912",
            "image_72": "https:\/\/avatars.slack-edge.com\/2019-09-16\/760961231605_ec1f7fc24912daa47f98_72.jpg",
            "first_name": "Pablo",
            "real_name": "Pablo Botella",
            "display_name": "Pablo Botella",
            "team": "TJH5YU202",
            "name": "pb",
            "is_restricted": false,
            "is_ultra_restricted": false
        },
        "edited": {
            "user": "UMZ3LNV5Z",
            "ts": "1570291819.000000"
        },
        "thread_ts": "1570291579.093800",
        "reply_count": 6,
        "reply_users_count": 2,
        "latest_reply": "1570372256.105600",
        "reply_users": [
            "UJU2ZLJBW",
            "UMZ3LNV5Z"
        ],
        "replies": [
            {
                "user": "UJU2ZLJBW",
                "ts": "1570352239.099600"
            },
            {
                "user": "UJU2ZLJBW",
                "ts": "1570352252.099900"
            },
            {
                "user": "UJU2ZLJBW",
                "ts": "1570352342.100100"
            },
            {
                "user": "UMZ3LNV5Z",
                "ts": "1570368005.105100"
            },
            {
                "user": "UMZ3LNV5Z",
                "ts": "1570369283.105400"
            },
            {
                "user": "UMZ3LNV5Z",
                "ts": "1570372256.105600"
            }
        ],
        "subscribed": true,
        "last_read": "1570372256.105600"
    },
    {
        "type": "message",
        "text": "",
        "files": [
            {
                "id": "FP591LNG6",
                "created": 1570297135,
                "timestamp": 1570297135,
                "name": "IMG-20191005-WA0042.jpg",
                "title": "IMG-20191005-WA0042.jpg",
                "mimetype": "image\/jpeg",
                "filetype": "jpg",
                "pretty_type": "JPEG",
                "user": "UJN8D8U3B",
                "editable": false,
                "size": 111376,
                "mode": "hosted",
                "is_external": false,
                "external_type": "",
                "is_public": true,
                "public_url_shared": false,
                "display_as_bot": false,
                "username": "",
                "url_private": "https:\/\/files.slack.com\/files-pri\/TJH5YU202-FP591LNG6\/img-20191005-wa0042.jpg?t=xoxe-629202954002-950795328464-950341379620-2ca7f74bb6537751ea5666f8f5e8896e",
                "url_private_download": "https:\/\/files.slack.com\/files-pri\/TJH5YU202-FP591LNG6\/download\/img-20191005-wa0042.jpg?t=xoxe-629202954002-950795328464-950341379620-2ca7f74bb6537751ea5666f8f5e8896e",
                "thumb_64": "https:\/\/files.slack.com\/files-tmb\/TJH5YU202-FP591LNG6-6744d71aaf\/img-20191005-wa0042_64.jpg?t=xoxe-629202954002-950795328464-950341379620-2ca7f74bb6537751ea5666f8f5e8896e",
                "thumb_80": "https:\/\/files.slack.com\/files-tmb\/TJH5YU202-FP591LNG6-6744d71aaf\/img-20191005-wa0042_80.jpg?t=xoxe-629202954002-950795328464-950341379620-2ca7f74bb6537751ea5666f8f5e8896e",
                "thumb_360": "https:\/\/files.slack.com\/files-tmb\/TJH5YU202-FP591LNG6-6744d71aaf\/img-20191005-wa0042_360.jpg?t=xoxe-629202954002-950795328464-950341379620-2ca7f74bb6537751ea5666f8f5e8896e",
                "thumb_360_w": 360,
                "thumb_360_h": 270,
                "thumb_480": "https:\/\/files.slack.com\/files-tmb\/TJH5YU202-FP591LNG6-6744d71aaf\/img-20191005-wa0042_480.jpg?t=xoxe-629202954002-950795328464-950341379620-2ca7f74bb6537751ea5666f8f5e8896e",
                "thumb_480_w": 480,
                "thumb_480_h": 360,
                "thumb_160": "https:\/\/files.slack.com\/files-tmb\/TJH5YU202-FP591LNG6-6744d71aaf\/img-20191005-wa0042_160.jpg?t=xoxe-629202954002-950795328464-950341379620-2ca7f74bb6537751ea5666f8f5e8896e",
                "thumb_720": "https:\/\/files.slack.com\/files-tmb\/TJH5YU202-FP591LNG6-6744d71aaf\/img-20191005-wa0042_720.jpg?t=xoxe-629202954002-950795328464-950341379620-2ca7f74bb6537751ea5666f8f5e8896e",
                "thumb_720_w": 720,
                "thumb_720_h": 540,
                "thumb_800": "https:\/\/files.slack.com\/files-tmb\/TJH5YU202-FP591LNG6-6744d71aaf\/img-20191005-wa0042_800.jpg?t=xoxe-629202954002-950795328464-950341379620-2ca7f74bb6537751ea5666f8f5e8896e",
                "thumb_800_w": 800,
                "thumb_800_h": 600,
                "thumb_960": "https:\/\/files.slack.com\/files-tmb\/TJH5YU202-FP591LNG6-6744d71aaf\/img-20191005-wa0042_960.jpg?t=xoxe-629202954002-950795328464-950341379620-2ca7f74bb6537751ea5666f8f5e8896e",
                "thumb_960_w": 960,
                "thumb_960_h": 720,
                "thumb_1024": "https:\/\/files.slack.com\/files-tmb\/TJH5YU202-FP591LNG6-6744d71aaf\/img-20191005-wa0042_1024.jpg?t=xoxe-629202954002-950795328464-950341379620-2ca7f74bb6537751ea5666f8f5e8896e",
                "thumb_1024_w": 1024,
                "thumb_1024_h": 768,
                "image_exif_rotation": 1,
                "original_w": 1600,
                "original_h": 1200,
                "thumb_tiny": "AwAkADBkkc0a7iy+nFR+ZJ\/eq9eL+4J9CKhiQoAWjB6kgilYpPQr7pD\/ABGpAjFc7z9M1IkPmjIPPcGo5HWKRkY5x3pWKuiJw394\/nUbA+pqcOHcAfgcU2Vcc5780A7bEhnYjDuxHXGasGVTHuGBkZGTVYWn+1+lMdAuNvJBIFNGZLFcAMWwcAYqrK2bhjjv0qTycErk5PTijy2YnIO0+3IoARSFYHsKHZccgnPTHFKsQJCliM+o9KfDb+YgZsj0oew7tu5dHJqCOJX3E54cmp161HB0f\/eNICXYuOlKFAHSl7UDpQBDLGrHBFRRMQuB0B4qxJ1qtH0b60gP\/9k=",
                "permalink": "https:\/\/harbourproject.slack.com\/files\/UJN8D8U3B\/FP591LNG6\/img-20191005-wa0042.jpg",
                "permalink_public": "https:\/\/slack-files.com\/TJH5YU202-FP591LNG6-7bc32ec06d",
                "is_starred": false,
                "has_rich_preview": false
            }
        ],
        "upload": true,
        "user": "UJN8D8U3B",
        "display_as_bot": false,
        "ts": "1570297138.094700",
        "client_msg_id": "104e0204-9a6b-49a7-b5f7-7cd3b4fa6240"
    },
    {
        "client_msg_id": "7c08a88d-234f-486d-8811-878d43eb8c94",
        "type": "message",
        "text": "Con Manuel Soler, Bernie Schreiber y Jaime Subira",
        "user": "UJN8D8U3B",
        "ts": "1570297173.095900",
        "team": "TJH5YU202",
        "user_team": "TJH5YU202",
        "source_team": "TJH5YU202",
        "user_profile": {
            "avatar_hash": "g92ad2abcc45",
            "image_72": "https:\/\/secure.gravatar.com\/avatar\/8492ad2abcc45ce53969adcf8420acde.jpg?s=72&d=https%3A%2F%2Fa.slack-edge.com%2Fdf10d%2Fimg%2Favatars%2Fava_0008-72.png",
            "first_name": "",
            "real_name": "Antonio Linares",
            "display_name": "Antonio Linares",
            "team": "TJH5YU202",
            "name": "alinares",
            "is_restricted": false,
            "is_ultra_restricted": false
        }
    },
    {
        "client_msg_id": "34a901b6-a119-4196-968f-a6c1f87283e6",
        "type": "message",
        "text": "Leyendas del trial",
        "user": "UJN8D8U3B",
        "ts": "1570297181.096200",
        "team": "TJH5YU202",
        "user_team": "TJH5YU202",
        "source_team": "TJH5YU202",
        "user_profile": {
            "avatar_hash": "g92ad2abcc45",
            "image_72": "https:\/\/secure.gravatar.com\/avatar\/8492ad2abcc45ce53969adcf8420acde.jpg?s=72&d=https%3A%2F%2Fa.slack-edge.com%2Fdf10d%2Fimg%2Favatars%2Fava_0008-72.png",
            "first_name": "",
            "real_name": "Antonio Linares",
            "display_name": "Antonio Linares",
            "team": "TJH5YU202",
            "name": "alinares",
            "is_restricted": false,
            "is_ultra_restricted": false
        }
    },
    {
        "client_msg_id": "1387da84-931c-4c0a-9446-7ec4f6ad2c8b",
        "type": "message",
        "text": "A veces la vida nos da unos regalazos inesperados :sparkles::sparkles:",
        "user": "UJN8D8U3B",
        "ts": "1570297207.096400",
        "team": "TJH5YU202",
        "user_team": "TJH5YU202",
        "source_team": "TJH5YU202",
        "user_profile": {
            "avatar_hash": "g92ad2abcc45",
            "image_72": "https:\/\/secure.gravatar.com\/avatar\/8492ad2abcc45ce53969adcf8420acde.jpg?s=72&d=https%3A%2F%2Fa.slack-edge.com%2Fdf10d%2Fimg%2Favatars%2Fava_0008-72.png",
            "first_name": "",
            "real_name": "Antonio Linares",
            "display_name": "Antonio Linares",
            "team": "TJH5YU202",
            "name": "alinares",
            "is_restricted": false,
            "is_ultra_restricted": false
        },
        "reactions": [
            {
                "name": "+1",
                "users": [
                    "UJUJLTWMT",
                    "UJWR5N32S",
                    "UM81W8B0Q",
                    "UMZ3LNV5Z"
                ],
                "count": 4
            },
            {
                "name": "clap",
                "users": [
                    "UJWR5N32S",
                    "UJUJLTWMT",
                    "UK28N3CER"
                ],
                "count": 3
            }
        ]
    },
    {
        "client_msg_id": "8f27970d-62c2-4894-a650-44aead109728",
        "type": "message",
        "text": "Puros chavales Antonio.",
        "user": "UK28N3CER",
        "ts": "1570302687.097300",
        "team": "TJH5YU202",
        "user_team": "TJH5YU202",
        "source_team": "TJH5YU202",
        "user_profile": {
            "avatar_hash": "7f09da813e5b",
            "image_72": "https:\/\/avatars.slack-edge.com\/2020-01-01\/880554116721_7f09da813e5b80b5a0a0_72.jpg",
            "first_name": "",
            "real_name": "Cesar SysCtrl Software",
            "display_name": "Cesar SysCtrl Software",
            "team": "TJH5YU202",
            "name": "sysctrlsoftware",
            "is_restricted": false,
            "is_ultra_restricted": false
        }
    },
    {
        "client_msg_id": "b2efd781-53a5-4dee-9559-d7b0513b863f",
        "type": "message",
        "text": "Con esta juventud tenemos el futuro asegurado !",
        "user": "UM81W8B0Q",
        "ts": "1570305247.098100",
        "team": "TJH5YU202",
        "user_team": "TJH5YU202",
        "source_team": "TJH5YU202",
        "user_profile": {
            "avatar_hash": "gab9279ee8c0",
            "image_72": "https:\/\/secure.gravatar.com\/avatar\/73ab9279ee8c00f66ce4904d30146c8f.jpg?s=72&d=https%3A%2F%2Fa.slack-edge.com%2Fdf10d%2Fimg%2Favatars%2Fava_0010-72.png",
            "first_name": "",
            "real_name": "Angel Pais",
            "display_name": "Angel Pais",
            "team": "TJH5YU202",
            "name": "amigosam",
            "is_restricted": false,
            "is_ultra_restricted": false
        }
    },
    {
        "client_msg_id": "474fc6a5-116c-40c2-a63d-cc54c2334a9a",
        "type": "message",
        "text": "Bon dia !",
        "user": "UJWR5N32S",
        "ts": "1570343540.098300",
        "team": "TJH5YU202",
        "user_team": "TJH5YU202",
        "source_team": "TJH5YU202",
        "user_profile": {
            "avatar_hash": "273d3745f7ae",
            "image_72": "https:\/\/avatars.slack-edge.com\/2019-05-20\/634344238497_273d3745f7ae1b176b82_72.jpg",
            "first_name": "Charly",
            "real_name": "Charly",
            "display_name": "Charly",
            "team": "TJH5YU202",
            "name": "carles9000",
            "is_restricted": false,
            "is_ultra_restricted": false
        }
    }
]