[
    {
        "client_msg_id": "d8e66daf-28d4-436d-a000-292e8d6a1c78",
        "type": "message",
        "text": "Buenos días a todo el mundo de aquí y allende los mares.",
        "user": "UJULQCHL5",
        "ts": "1572855273.146800",
        "team": "TJH5YU202",
        "user_team": "TJH5YU202",
        "source_team": "TJH5YU202",
        "user_profile": {
            "avatar_hash": "g7659142325a",
            "image_72": "https:\/\/secure.gravatar.com\/avatar\/c87659142325a3facb661d85281ec091.jpg?s=72&d=https%3A%2F%2Fa.slack-edge.com%2Fdf10d%2Fimg%2Favatars%2Fava_0003-72.png",
            "first_name": "",
            "real_name": "Paquito",
            "display_name": "Paquito",
            "team": "TJH5YU202",
            "name": "hmpaquito",
            "is_restricted": false,
            "is_ultra_restricted": false
        }
    },
    {
        "client_msg_id": "37d14571-5366-4378-a89a-a8204f56fe6e",
        "type": "message",
        "text": "Grande Cristobal... muy grande.\nEfectivamente, \"esa\" era la cosa: una GUI limpia como una patena.\n\nAhora bien las guis que están apareciendo van viniendo ligadas a un framework.\n¿ Por qué no hacer una universal GUI y que cada uno la aplique a su framework ?\n\nEn todo caso felicitarte de nuevo... siempre nos hablas con código... qué fácil es comprenderte :slightly_smiling_face:\n\nPD 1. Veo que usas templates... ¿ sería posible meter codigo html encapsulado en el objeto oMain ?\nPD 2. Supongo que darás acceso al DOM.",
        "user": "UJULQCHL5",
        "ts": "1572855664.151100",
        "team": "TJH5YU202",
        "user_team": "TJH5YU202",
        "source_team": "TJH5YU202",
        "user_profile": {
            "avatar_hash": "g7659142325a",
            "image_72": "https:\/\/secure.gravatar.com\/avatar\/c87659142325a3facb661d85281ec091.jpg?s=72&d=https%3A%2F%2Fa.slack-edge.com%2Fdf10d%2Fimg%2Favatars%2Fava_0003-72.png",
            "first_name": "",
            "real_name": "Paquito",
            "display_name": "Paquito",
            "team": "TJH5YU202",
            "name": "hmpaquito",
            "is_restricted": false,
            "is_ultra_restricted": false
        },
        "thread_ts": "1572855664.151100",
        "reply_count": 1,
        "reply_users_count": 1,
        "latest_reply": "1572888527.154100",
        "reply_users": [
            "UJUJLTWMT"
        ],
        "replies": [
            {
                "user": "UJUJLTWMT",
                "ts": "1572888527.154100"
            }
        ],
        "subscribed": false
    },
    {
        "client_msg_id": "a81de9c9-6911-4aff-b2d9-f6109e58015f",
        "type": "message",
        "text": ":innocent:",
        "user": "UJWR5N32S",
        "ts": "1572868882.151300",
        "team": "TJH5YU202",
        "user_team": "TJH5YU202",
        "source_team": "TJH5YU202",
        "user_profile": {
            "avatar_hash": "273d3745f7ae",
            "image_72": "https:\/\/avatars.slack-edge.com\/2019-05-20\/634344238497_273d3745f7ae1b176b82_72.jpg",
            "first_name": "Charly",
            "real_name": "Charly",
            "display_name": "Charly",
            "team": "TJH5YU202",
            "name": "carles9000",
            "is_restricted": false,
            "is_ultra_restricted": false
        }
    },
    {
        "client_msg_id": "07f4be7a-6776-4c9b-a4a0-917fb0f65b9e",
        "type": "message",
        "text": "Buen dia",
        "user": "UK28N3CER",
        "ts": "1572874597.151400",
        "team": "TJH5YU202",
        "user_team": "TJH5YU202",
        "source_team": "TJH5YU202",
        "user_profile": {
            "avatar_hash": "7f09da813e5b",
            "image_72": "https:\/\/avatars.slack-edge.com\/2020-01-01\/880554116721_7f09da813e5b80b5a0a0_72.jpg",
            "first_name": "",
            "real_name": "Cesar SysCtrl Software",
            "display_name": "Cesar SysCtrl Software",
            "team": "TJH5YU202",
            "name": "sysctrlsoftware",
            "is_restricted": false,
            "is_ultra_restricted": false
        }
    },
    {
        "client_msg_id": "e474203e-a897-477e-b157-3d9653db9e74",
        "type": "message",
        "text": "Cristobal interesante",
        "user": "UK28N3CER",
        "ts": "1572874606.151500",
        "team": "TJH5YU202",
        "user_team": "TJH5YU202",
        "source_team": "TJH5YU202",
        "user_profile": {
            "avatar_hash": "7f09da813e5b",
            "image_72": "https:\/\/avatars.slack-edge.com\/2020-01-01\/880554116721_7f09da813e5b80b5a0a0_72.jpg",
            "first_name": "",
            "real_name": "Cesar SysCtrl Software",
            "display_name": "Cesar SysCtrl Software",
            "team": "TJH5YU202",
            "name": "sysctrlsoftware",
            "is_restricted": false,
            "is_ultra_restricted": false
        }
    },
    {
        "client_msg_id": "187334e2-3d4f-44d0-ab4c-eaf578b371b4",
        "type": "message",
        "text": "Hello,\ntoday I showed my daughter Ruth how to make a mod harbour program from an HTML file from BOOTSTRAP. My daughter is a web designer.\nWe added the html code to the TEMPLATE \/ ENDTEXT section and tested the page in the brwoser.\nEverything works. Then I showed her how to split the code into subregions with the help of \"Patcher\".\nI showed it to hand from the header.",
        "user": "UJHD6A81H",
        "ts": "1572874754.152700",
        "team": "TJH5YU202",
        "user_team": "TJH5YU202",
        "source_team": "TJH5YU202",
        "user_profile": {
            "avatar_hash": "g6b8073e00e9",
            "image_72": "https:\/\/secure.gravatar.com\/avatar\/b96b8073e00e9eb02bcf05bc1418eb3a.jpg?s=72&d=https%3A%2F%2Fa.slack-edge.com%2Fdf10d%2Fimg%2Favatars%2Fava_0021-72.png",
            "first_name": "Otto",
            "real_name": "Otto Atzwanger",
            "display_name": "Otto",
            "team": "TJH5YU202",
            "name": "otto",
            "is_restricted": false,
            "is_ultra_restricted": false
        }
    },
    {
        "client_msg_id": "7472b14a-10a2-420c-87e6-76da9ddb6daf",
        "type": "message",
        "text": "Then do you know what Ruth did first?\n\nShe took the harbor code at the beginning of the file and moved it into its own prg.\nHer program now looks like this:\n-----------------------------------------------------------------------------------------------------\n-&gt; C: \\ www \\ htdocs \\ IRIS_RUTH \\ source_general \\ harbor_start.prg  :slightly_smiling_face:\n\n&lt;! DOCTYPE html&gt;\n&lt;Html&gt;\n\n-&gt; C: \\ www \\ htdocs \\ IRIS_RUTH \\ source \\ head.prg",
        "user": "UJHD6A81H",
        "ts": "1572874960.153100",
        "team": "TJH5YU202",
        "user_team": "TJH5YU202",
        "source_team": "TJH5YU202",
        "user_profile": {
            "avatar_hash": "g6b8073e00e9",
            "image_72": "https:\/\/secure.gravatar.com\/avatar\/b96b8073e00e9eb02bcf05bc1418eb3a.jpg?s=72&d=https%3A%2F%2Fa.slack-edge.com%2Fdf10d%2Fimg%2Favatars%2Fava_0021-72.png",
            "first_name": "Otto",
            "real_name": "Otto Atzwanger",
            "display_name": "Otto",
            "team": "TJH5YU202",
            "name": "otto",
            "is_restricted": false,
            "is_ultra_restricted": false
        },
        "edited": {
            "user": "UJHD6A81H",
            "ts": "1572875263.000000"
        },
        "reactions": [
            {
                "name": "+1",
                "users": [
                    "UPK8HA95J"
                ],
                "count": 1
            }
        ]
    },
    {
        "client_msg_id": "6432f829-ac7c-4e8d-804f-0bc18659688f",
        "type": "message",
        "text": "&lt;body&gt;",
        "user": "UJHD6A81H",
        "ts": "1572874961.153300",
        "team": "TJH5YU202",
        "user_team": "TJH5YU202",
        "source_team": "TJH5YU202",
        "user_profile": {
            "avatar_hash": "g6b8073e00e9",
            "image_72": "https:\/\/secure.gravatar.com\/avatar\/b96b8073e00e9eb02bcf05bc1418eb3a.jpg?s=72&d=https%3A%2F%2Fa.slack-edge.com%2Fdf10d%2Fimg%2Favatars%2Fava_0021-72.png",
            "first_name": "Otto",
            "real_name": "Otto Atzwanger",
            "display_name": "Otto",
            "team": "TJH5YU202",
            "name": "otto",
            "is_restricted": false,
            "is_ultra_restricted": false
        }
    },
    {
        "client_msg_id": "e1afe2e7-8738-413d-b1e9-59f9ec653f2f",
        "type": "message",
        "text": "This is the rest of the program:",
        "user": "UJHD6A81H",
        "ts": "1572875198.153700",
        "team": "TJH5YU202",
        "user_team": "TJH5YU202",
        "source_team": "TJH5YU202",
        "user_profile": {
            "avatar_hash": "g6b8073e00e9",
            "image_72": "https:\/\/secure.gravatar.com\/avatar\/b96b8073e00e9eb02bcf05bc1418eb3a.jpg?s=72&d=https%3A%2F%2Fa.slack-edge.com%2Fdf10d%2Fimg%2Favatars%2Fava_0021-72.png",
            "first_name": "Otto",
            "real_name": "Otto Atzwanger",
            "display_name": "Otto",
            "team": "TJH5YU202",
            "name": "otto",
            "is_restricted": false,
            "is_ultra_restricted": false
        }
    },
    {
        "client_msg_id": "9ed6b1f5-60e7-46b7-a78c-9acdebafc0b5",
        "type": "message",
        "text": "-&gt; C:\\www\\htdocs\\MM\\source\\prgSessionObjekt.prg\n\n    &lt;div class=\"contact-clean\"&gt;\n\n      &lt;form  class=\"text-center\" action=\"\/MM\/post.prg\" method=\"post\"&gt;\n\n        -&gt; C:\\www\\htdocs\\MM\\source\\Ueberschrift.prg\n\n        -&gt; C:\\www\\htdocs\\MM\\source\\formview.prg\n\n      &lt;\/form&gt;\n\n    &lt;\/div&gt;\n\n    &lt;script&gt;\n\n   -&gt; C:\\www\\htdocs\\MM\\source\\documentready.prg\n\n   -&gt; C:\\www\\htdocs\\MM\\source\\EventListenerFields.prg\n\n   \/\/$(\"*\").each(function(i,e){console.log( i + ' ' + e )});\n\n    &lt;\/script&gt;\n\n    &lt;\/body&gt;\n\n   &lt;\/html&gt;",
        "user": "UJHD6A81H",
        "ts": "1572875222.153900",
        "team": "TJH5YU202",
        "user_team": "TJH5YU202",
        "source_team": "TJH5YU202",
        "user_profile": {
            "avatar_hash": "g6b8073e00e9",
            "image_72": "https:\/\/secure.gravatar.com\/avatar\/b96b8073e00e9eb02bcf05bc1418eb3a.jpg?s=72&d=https%3A%2F%2Fa.slack-edge.com%2Fdf10d%2Fimg%2Favatars%2Fava_0021-72.png",
            "first_name": "Otto",
            "real_name": "Otto Atzwanger",
            "display_name": "Otto",
            "team": "TJH5YU202",
            "name": "otto",
            "is_restricted": false,
            "is_ultra_restricted": false
        }
    },
    {
        "type": "message",
        "subtype": "thread_broadcast",
        "text": "<@UJULQCHL5> vayamos por partes, como dijo \"el destripador de Londres\". Te voy contestando y ampliando un poco de información al respecto. En mi caso, no hay Framework asociado obligatoriamente, tu podrás aplicar esta forma de programar html, js, css como tú consideres, y lo que ves en las imágenes es un ejemplo que yo me propuse para ir probando y viendo hasta donde se puede llegar. Lo de los templates que comentas, es quedarse corto, ya lo verás, ya pondré los ejemplos que tengo hechos: voy  ya por el samples16.prg que demuestran la evolución y la forma de aplicar estas clases. Mi objetivo era que el mes pasado hubiese estado ya como para poder ser utilizado pero por un viaje que me surgió y temas familiares no he podido dedicarle el tiempo que necesita. Me quedé aplicando los eventos  ( hay una clase específica para ellos ), y justamente cuando eso esté, me meteré con el DOM, ya que tengo algunas ideas que he de probar y que creo que nos pueden ayudar mucho a hacer toda la migración a la web mucho más sencilla.",
        "user": "UJUJLTWMT",
        "ts": "1572888527.154100",
        "thread_ts": "1572855664.151100",
        "root": {
            "client_msg_id": "37d14571-5366-4378-a89a-a8204f56fe6e",
            "type": "message",
            "text": "Grande Cristobal... muy grande.\nEfectivamente, \"esa\" era la cosa: una GUI limpia como una patena.\n\nAhora bien las guis que están apareciendo van viniendo ligadas a un framework.\n¿ Por qué no hacer una universal GUI y que cada uno la aplique a su framework ?\n\nEn todo caso felicitarte de nuevo... siempre nos hablas con código... qué fácil es comprenderte :slightly_smiling_face:\n\nPD 1. Veo que usas templates... ¿ sería posible meter codigo html encapsulado en el objeto oMain ?\nPD 2. Supongo que darás acceso al DOM.",
            "user": "UJULQCHL5",
            "ts": "1572855664.151100",
            "team": "TJH5YU202",
            "thread_ts": "1572855664.151100",
            "reply_count": 1,
            "reply_users_count": 1,
            "latest_reply": "1572888527.154100",
            "reply_users": [
                "UJUJLTWMT"
            ],
            "replies": [
                {
                    "user": "UJUJLTWMT",
                    "ts": "1572888527.154100"
                }
            ],
            "subscribed": false
        },
        "client_msg_id": "77bca5c9-a90c-4e44-a958-7dc018ea87e6"
    },
    {
        "client_msg_id": "4a1cfa09-fe8b-40e0-8a8a-03d0a965fbae",
        "type": "message",
        "text": "Paco , estaría excelente una presentación de lo que has echo en la proxima conferencia,",
        "user": "UK28N3CER",
        "ts": "1572888719.156100",
        "team": "TJH5YU202",
        "user_team": "TJH5YU202",
        "source_team": "TJH5YU202",
        "user_profile": {
            "avatar_hash": "7f09da813e5b",
            "image_72": "https:\/\/avatars.slack-edge.com\/2020-01-01\/880554116721_7f09da813e5b80b5a0a0_72.jpg",
            "first_name": "",
            "real_name": "Cesar SysCtrl Software",
            "display_name": "Cesar SysCtrl Software",
            "team": "TJH5YU202",
            "name": "sysctrlsoftware",
            "is_restricted": false,
            "is_ultra_restricted": false
        }
    },
    {
        "client_msg_id": "5dd2f12d-e47e-4e77-833b-afa996eba285",
        "type": "message",
        "text": "Grande Cristóbal... grande... y haces grande a esta comunidad.... Hablalo por favor con el Gran Charly él es un mostruo de la folmatica... y seguro que entre los dos os entendeis...",
        "user": "UJULQCHL5",
        "ts": "1572888738.156700",
        "team": "TJH5YU202",
        "user_team": "TJH5YU202",
        "source_team": "TJH5YU202",
        "user_profile": {
            "avatar_hash": "g7659142325a",
            "image_72": "https:\/\/secure.gravatar.com\/avatar\/c87659142325a3facb661d85281ec091.jpg?s=72&d=https%3A%2F%2Fa.slack-edge.com%2Fdf10d%2Fimg%2Favatars%2Fava_0003-72.png",
            "first_name": "",
            "real_name": "Paquito",
            "display_name": "Paquito",
            "team": "TJH5YU202",
            "name": "hmpaquito",
            "is_restricted": false,
            "is_ultra_restricted": false
        }
    },
    {
        "client_msg_id": "9dcc81f7-67f8-4115-8c6c-3f9cbebdfe73",
        "type": "message",
        "text": "esta muy interesante , lo que estan haciendo, Cristobal y tu.",
        "user": "UK28N3CER",
        "ts": "1572888739.157000",
        "team": "TJH5YU202",
        "user_team": "TJH5YU202",
        "source_team": "TJH5YU202",
        "user_profile": {
            "avatar_hash": "7f09da813e5b",
            "image_72": "https:\/\/avatars.slack-edge.com\/2020-01-01\/880554116721_7f09da813e5b80b5a0a0_72.jpg",
            "first_name": "",
            "real_name": "Cesar SysCtrl Software",
            "display_name": "Cesar SysCtrl Software",
            "team": "TJH5YU202",
            "name": "sysctrlsoftware",
            "is_restricted": false,
            "is_ultra_restricted": false
        }
    },
    {
        "client_msg_id": "610b780c-f579-4f94-83d3-ea751eb96db0",
        "type": "message",
        "text": "Como la proxima conferencia tenga que ser de la gui que yo he hecho... estamos aviados...",
        "user": "UJULQCHL5",
        "ts": "1572888770.157900",
        "team": "TJH5YU202",
        "user_team": "TJH5YU202",
        "source_team": "TJH5YU202",
        "user_profile": {
            "avatar_hash": "g7659142325a",
            "image_72": "https:\/\/secure.gravatar.com\/avatar\/c87659142325a3facb661d85281ec091.jpg?s=72&d=https%3A%2F%2Fa.slack-edge.com%2Fdf10d%2Fimg%2Favatars%2Fava_0003-72.png",
            "first_name": "",
            "real_name": "Paquito",
            "display_name": "Paquito",
            "team": "TJH5YU202",
            "name": "hmpaquito",
            "is_restricted": false,
            "is_ultra_restricted": false
        }
    },
    {
        "client_msg_id": "c51ebb29-b25b-46ee-802d-754e71e8d9c1",
        "type": "message",
        "text": "A Charly esto se lo enseñé ya hace más de un mes",
        "user": "UJUJLTWMT",
        "ts": "1572888772.158000",
        "team": "TJH5YU202",
        "user_team": "TJH5YU202",
        "source_team": "TJH5YU202",
        "user_profile": {
            "avatar_hash": "a60e3b1ef2d2",
            "image_72": "https:\/\/avatars.slack-edge.com\/2019-08-20\/726246109489_a60e3b1ef2d2c141969d_72.jpg",
            "first_name": "",
            "real_name": "Cristobal",
            "display_name": "Cristobal",
            "team": "TJH5YU202",
            "name": "navarro.cristobal",
            "is_restricted": false,
            "is_ultra_restricted": false
        }
    },
    {
        "client_msg_id": "f688c623-ef6b-40d0-b877-574e41807a30",
        "type": "message",
        "text": "¿ Y dijo que adelante con los faroles ?\nSi sí lo dijo ¿ Por qué monta él un nuevo GUI ?\nY hasta aquí me quedo metiéndome en lo que (casi) no me importa... y yendo más allá de lo tolerable en sociedad :slightly_smiling_face:",
        "user": "UJULQCHL5",
        "ts": "1572888835.160000",
        "team": "TJH5YU202",
        "user_team": "TJH5YU202",
        "source_team": "TJH5YU202",
        "user_profile": {
            "avatar_hash": "g7659142325a",
            "image_72": "https:\/\/secure.gravatar.com\/avatar\/c87659142325a3facb661d85281ec091.jpg?s=72&d=https%3A%2F%2Fa.slack-edge.com%2Fdf10d%2Fimg%2Favatars%2Fava_0003-72.png",
            "first_name": "",
            "real_name": "Paquito",
            "display_name": "Paquito",
            "team": "TJH5YU202",
            "name": "hmpaquito",
            "is_restricted": false,
            "is_ultra_restricted": false
        }
    },
    {
        "client_msg_id": "11f1568a-1beb-4858-8e15-e6e0457d1c0b",
        "type": "message",
        "text": "Si, claro hay que animarlos a que se haga una exposición, un GUI es un super aporte a modharbour.",
        "user": "UK28N3CER",
        "ts": "1572888848.160400",
        "team": "TJH5YU202",
        "user_team": "TJH5YU202",
        "source_team": "TJH5YU202",
        "user_profile": {
            "avatar_hash": "7f09da813e5b",
            "image_72": "https:\/\/avatars.slack-edge.com\/2020-01-01\/880554116721_7f09da813e5b80b5a0a0_72.jpg",
            "first_name": "",
            "real_name": "Cesar SysCtrl Software",
            "display_name": "Cesar SysCtrl Software",
            "team": "TJH5YU202",
            "name": "sysctrlsoftware",
            "is_restricted": false,
            "is_ultra_restricted": false
        }
    },
    {
        "client_msg_id": "4226401b-3108-4bc3-a9a6-b61ab438c778",
        "type": "message",
        "text": "César, si Cristóbal hace algo siempre es cum laude (no cum fraude, espero se me entienda)\nSu machine fue la reoca.",
        "user": "UJULQCHL5",
        "ts": "1572888959.163100",
        "team": "TJH5YU202",
        "user_team": "TJH5YU202",
        "source_team": "TJH5YU202",
        "user_profile": {
            "avatar_hash": "g7659142325a",
            "image_72": "https:\/\/secure.gravatar.com\/avatar\/c87659142325a3facb661d85281ec091.jpg?s=72&d=https%3A%2F%2Fa.slack-edge.com%2Fdf10d%2Fimg%2Favatars%2Fava_0003-72.png",
            "first_name": "",
            "real_name": "Paquito",
            "display_name": "Paquito",
            "team": "TJH5YU202",
            "name": "hmpaquito",
            "is_restricted": false,
            "is_ultra_restricted": false
        }
    },
    {
        "client_msg_id": "5232381d-f5ac-4810-bef1-c8fe867d0978",
        "type": "message",
        "text": "Nada, ningún problema, pero creo que no se ve bien el alcance de ambos desarrollos, para nada incompatibles. Un simple ejemplo: si te fijas en el video de la última conferencia, hay una parte en la que Charly mostraba unas view en formato .html, ahí yo puedo poner el código para realizar ese trabajo ya que mi objetivo fundamental para realizar este desarrollo es que la migración a web que quiera realizar cualquier persona sea lo más sencilla posible y lo más cercana a la forma de programar que ha tenido hasta ahora y como se ha repetido un montón de veces lo más difícil es ponerse a aprender otros lenguajes y no sólo aprenderlos sino acostumbrarnos a otros editores, herramientas, etc., con mi propuesta no tienes que cambiar absolutamente nada de tus costumbres, sólo leer la documentación de las clases ( importante e imprescindible dotar de una buena documentación a este tema ), y listo. Espero haberme hecho entender",
        "user": "UJUJLTWMT",
        "ts": "1572889172.166800",
        "team": "TJH5YU202",
        "user_team": "TJH5YU202",
        "source_team": "TJH5YU202",
        "user_profile": {
            "avatar_hash": "a60e3b1ef2d2",
            "image_72": "https:\/\/avatars.slack-edge.com\/2019-08-20\/726246109489_a60e3b1ef2d2c141969d_72.jpg",
            "first_name": "",
            "real_name": "Cristobal",
            "display_name": "Cristobal",
            "team": "TJH5YU202",
            "name": "navarro.cristobal",
            "is_restricted": false,
            "is_ultra_restricted": false
        }
    },
    {
        "client_msg_id": "a8483cd7-7774-47f1-92f2-5a34d314b096",
        "type": "message",
        "text": "Cualquier persona podrá utilizar Génesis como un backend perfecto para el desarrollo de sus aplicaciones y Beacon ( así es como lo he llamado ) para el diseño de sus view, explicado de una forma sencilla",
        "user": "UJUJLTWMT",
        "ts": "1572889495.168200",
        "team": "TJH5YU202",
        "user_team": "TJH5YU202",
        "source_team": "TJH5YU202",
        "user_profile": {
            "avatar_hash": "a60e3b1ef2d2",
            "image_72": "https:\/\/avatars.slack-edge.com\/2019-08-20\/726246109489_a60e3b1ef2d2c141969d_72.jpg",
            "first_name": "",
            "real_name": "Cristobal",
            "display_name": "Cristobal",
            "team": "TJH5YU202",
            "name": "navarro.cristobal",
            "is_restricted": false,
            "is_ultra_restricted": false
        }
    },
    {
        "client_msg_id": "c2f526cf-35b0-4557-b55b-0011ff2261e0",
        "type": "message",
        "text": "Evidentemente si en algo se parecen, es que como fácilmente puede entender cualquiera, una vez que tienes tus clases y métodos definidos, crear un metacomando con esa finalidad es trivial: para que se me entienda mejor es como hacer un DEFINE WINDOW y que el preprocesador te lo convertía en TWindow():New( ....... )",
        "user": "UJUJLTWMT",
        "ts": "1572889833.171800",
        "team": "TJH5YU202",
        "user_team": "TJH5YU202",
        "source_team": "TJH5YU202",
        "user_profile": {
            "avatar_hash": "a60e3b1ef2d2",
            "image_72": "https:\/\/avatars.slack-edge.com\/2019-08-20\/726246109489_a60e3b1ef2d2c141969d_72.jpg",
            "first_name": "",
            "real_name": "Cristobal",
            "display_name": "Cristobal",
            "team": "TJH5YU202",
            "name": "navarro.cristobal",
            "is_restricted": false,
            "is_ultra_restricted": false
        }
    },
    {
        "client_msg_id": "98eb6987-172d-40a0-81d9-ff50f29587f9",
        "type": "message",
        "text": "\"aprender otros lenguajes y no sólo aprenderlos sino acostumbrarnos a otros editores, herramientas,\"\nY la baja productividad de la codificación en html.\n\nYa pillo: Génesis de R.A.D. y Beacon de GUI. Me parece genial.",
        "user": "UJULQCHL5",
        "ts": "1572889872.172800",
        "team": "TJH5YU202",
        "user_team": "TJH5YU202",
        "source_team": "TJH5YU202",
        "user_profile": {
            "avatar_hash": "g7659142325a",
            "image_72": "https:\/\/secure.gravatar.com\/avatar\/c87659142325a3facb661d85281ec091.jpg?s=72&d=https%3A%2F%2Fa.slack-edge.com%2Fdf10d%2Fimg%2Favatars%2Fava_0003-72.png",
            "first_name": "",
            "real_name": "Paquito",
            "display_name": "Paquito",
            "team": "TJH5YU202",
            "name": "hmpaquito",
            "is_restricted": false,
            "is_ultra_restricted": false
        }
    },
    {
        "client_msg_id": "9a966727-4122-4ff4-b7f3-a1228f1f8449",
        "type": "message",
        "text": "Te aplaudo Cristobal, gracias de verdad,  donde podemos bajar BeaCon ?",
        "user": "UK28N3CER",
        "ts": "1572889872.172900",
        "team": "TJH5YU202",
        "user_team": "TJH5YU202",
        "source_team": "TJH5YU202",
        "user_profile": {
            "avatar_hash": "7f09da813e5b",
            "image_72": "https:\/\/avatars.slack-edge.com\/2020-01-01\/880554116721_7f09da813e5b80b5a0a0_72.jpg",
            "first_name": "",
            "real_name": "Cesar SysCtrl Software",
            "display_name": "Cesar SysCtrl Software",
            "team": "TJH5YU202",
            "name": "sysctrlsoftware",
            "is_restricted": false,
            "is_ultra_restricted": false
        }
    },
    {
        "client_msg_id": "9c1fa024-bdf2-4862-9492-7e5c1245d094",
        "type": "message",
        "text": "Inicialmente asi es <@UJULQCHL5> aunque el alcance que le quiero dar a Beacon es algo mayor, pero qué te parece el enfoque ?",
        "user": "UJUJLTWMT",
        "ts": "1572889930.174000",
        "team": "TJH5YU202",
        "user_team": "TJH5YU202",
        "source_team": "TJH5YU202",
        "user_profile": {
            "avatar_hash": "a60e3b1ef2d2",
            "image_72": "https:\/\/avatars.slack-edge.com\/2019-08-20\/726246109489_a60e3b1ef2d2c141969d_72.jpg",
            "first_name": "",
            "real_name": "Cristobal",
            "display_name": "Cristobal",
            "team": "TJH5YU202",
            "name": "navarro.cristobal",
            "is_restricted": false,
            "is_ultra_restricted": false
        }
    },
    {
        "client_msg_id": "e76a0322-74c8-4901-b3ab-c8936752c72e",
        "type": "message",
        "text": "<@UK28N3CER> como has visto, si Paquito y Andreu no hubiesen comentado ayer en un par de posts algo relacionado con este tema, yo hubiese seguido en las \"sombras\". Pero aún no voy a publicar hasta que tenga el tema de los eventos más o menos implementado. Otra cosa es que pueda ir publicando los ejemplos iniciales y una lib para que se pueda ir trasteando. Eso dependerá del tiempo de que disponga esta semana.",
        "user": "UJUJLTWMT",
        "ts": "1572890093.177700",
        "team": "TJH5YU202",
        "user_team": "TJH5YU202",
        "source_team": "TJH5YU202",
        "user_profile": {
            "avatar_hash": "a60e3b1ef2d2",
            "image_72": "https:\/\/avatars.slack-edge.com\/2019-08-20\/726246109489_a60e3b1ef2d2c141969d_72.jpg",
            "first_name": "",
            "real_name": "Cristobal",
            "display_name": "Cristobal",
            "team": "TJH5YU202",
            "name": "navarro.cristobal",
            "is_restricted": false,
            "is_ultra_restricted": false
        },
        "edited": {
            "user": "UJUJLTWMT",
            "ts": "1572890243.000000"
        }
    },
    {
        "client_msg_id": "e8dafd06-4fee-4f99-9510-742f341b38e4",
        "type": "message",
        "text": "Me parece muy bien.\nNo sé cómo lo habrás enfocado, yo tampoco soy técnico, que dicen... pero supongo que habría que hacer el tema por secciones y\/o contenedores.\nEn todo caso para un erp o similar los harbourianos necesitamos sota caballo rey...\nBrowses, muchos browses... para hacer mantenimientos master-detail y edición de formularios... con eso tenemos IMHO 90%",
        "user": "UJULQCHL5",
        "ts": "1572890147.178500",
        "team": "TJH5YU202",
        "user_team": "TJH5YU202",
        "source_team": "TJH5YU202",
        "user_profile": {
            "avatar_hash": "g7659142325a",
            "image_72": "https:\/\/secure.gravatar.com\/avatar\/c87659142325a3facb661d85281ec091.jpg?s=72&d=https%3A%2F%2Fa.slack-edge.com%2Fdf10d%2Fimg%2Favatars%2Fava_0003-72.png",
            "first_name": "",
            "real_name": "Paquito",
            "display_name": "Paquito",
            "team": "TJH5YU202",
            "name": "hmpaquito",
            "is_restricted": false,
            "is_ultra_restricted": false
        }
    },
    {
        "client_msg_id": "e572d5da-ec3c-4a2d-9c9b-195e3d9e9b82",
        "type": "message",
        "text": "Justamente en eso está enfocado Génesis",
        "user": "UJUJLTWMT",
        "ts": "1572890179.178900",
        "team": "TJH5YU202",
        "user_team": "TJH5YU202",
        "source_team": "TJH5YU202",
        "user_profile": {
            "avatar_hash": "a60e3b1ef2d2",
            "image_72": "https:\/\/avatars.slack-edge.com\/2019-08-20\/726246109489_a60e3b1ef2d2c141969d_72.jpg",
            "first_name": "",
            "real_name": "Cristobal",
            "display_name": "Cristobal",
            "team": "TJH5YU202",
            "name": "navarro.cristobal",
            "is_restricted": false,
            "is_ultra_restricted": false
        }
    },
    {
        "client_msg_id": "791649bc-f429-4065-8434-4c3fbaf7e936",
        "type": "message",
        "text": "y con ese objetivo se parió desde el principio",
        "user": "UJUJLTWMT",
        "ts": "1572890211.179300",
        "team": "TJH5YU202",
        "user_team": "TJH5YU202",
        "source_team": "TJH5YU202",
        "user_profile": {
            "avatar_hash": "a60e3b1ef2d2",
            "image_72": "https:\/\/avatars.slack-edge.com\/2019-08-20\/726246109489_a60e3b1ef2d2c141969d_72.jpg",
            "first_name": "",
            "real_name": "Cristobal",
            "display_name": "Cristobal",
            "team": "TJH5YU202",
            "name": "navarro.cristobal",
            "is_restricted": false,
            "is_ultra_restricted": false
        }
    },
    {
        "client_msg_id": "bf8776f9-f47d-4c51-aaf2-e1cc6c38a774",
        "type": "message",
        "text": "Quizá me equivoque, pero al menos para mi lo realmente importante es la GUI y Génesis es un accesorio que se puedo o no usar... Con la GUI ya se consigue un porcentaje altísimo de abstracción.",
        "user": "UJULQCHL5",
        "ts": "1572890275.180400",
        "team": "TJH5YU202",
        "user_team": "TJH5YU202",
        "source_team": "TJH5YU202",
        "user_profile": {
            "avatar_hash": "g7659142325a",
            "image_72": "https:\/\/secure.gravatar.com\/avatar\/c87659142325a3facb661d85281ec091.jpg?s=72&d=https%3A%2F%2Fa.slack-edge.com%2Fdf10d%2Fimg%2Favatars%2Fava_0003-72.png",
            "first_name": "",
            "real_name": "Paquito",
            "display_name": "Paquito",
            "team": "TJH5YU202",
            "name": "hmpaquito",
            "is_restricted": false,
            "is_ultra_restricted": false
        }
    },
    {
        "client_msg_id": "c806ae4b-e162-4918-9f7b-42bcb4057865",
        "type": "message",
        "text": "Así lo entendí yo desde el principio, me negaba por convicción a programar directamente en html, js, css, y me dió por este tema, aunque en el camino no me ha quedado otra que investigar y aprender esos temas, por lo menos en la parte que he necesitado. Pero puedo seguir programando tal cual lo hacía con mi GUI anterior, mi mismo editor, y mi productividad no se ha resentido",
        "user": "UJUJLTWMT",
        "ts": "1572890410.182800",
        "team": "TJH5YU202",
        "user_team": "TJH5YU202",
        "source_team": "TJH5YU202",
        "user_profile": {
            "avatar_hash": "a60e3b1ef2d2",
            "image_72": "https:\/\/avatars.slack-edge.com\/2019-08-20\/726246109489_a60e3b1ef2d2c141969d_72.jpg",
            "first_name": "",
            "real_name": "Cristobal",
            "display_name": "Cristobal",
            "team": "TJH5YU202",
            "name": "navarro.cristobal",
            "is_restricted": false,
            "is_ultra_restricted": false
        }
    },
    {
        "client_msg_id": "6364b952-ae83-431f-9d18-f0bbc266f1fe",
        "type": "message",
        "text": "Totalmente de acuerdo contigo Cristobal,  me apunto para ser tu TESTER.",
        "user": "UK28N3CER",
        "ts": "1572890662.185100",
        "team": "TJH5YU202",
        "user_team": "TJH5YU202",
        "source_team": "TJH5YU202",
        "user_profile": {
            "avatar_hash": "7f09da813e5b",
            "image_72": "https:\/\/avatars.slack-edge.com\/2020-01-01\/880554116721_7f09da813e5b80b5a0a0_72.jpg",
            "first_name": "",
            "real_name": "Cesar SysCtrl Software",
            "display_name": "Cesar SysCtrl Software",
            "team": "TJH5YU202",
            "name": "sysctrlsoftware",
            "is_restricted": false,
            "is_ultra_restricted": false
        }
    },
    {
        "client_msg_id": "f1626885-1915-47c3-85ca-691dc9fe4580",
        "type": "message",
        "text": "Para poder hacer un pequeño erp en web había que evitar el html en la medida que se pudiera. Esa ha sido mi experiencia.\n\nCristóbal, gracias por comentar.",
        "user": "UJULQCHL5",
        "ts": "1572891027.187100",
        "team": "TJH5YU202",
        "user_team": "TJH5YU202",
        "source_team": "TJH5YU202",
        "user_profile": {
            "avatar_hash": "g7659142325a",
            "image_72": "https:\/\/secure.gravatar.com\/avatar\/c87659142325a3facb661d85281ec091.jpg?s=72&d=https%3A%2F%2Fa.slack-edge.com%2Fdf10d%2Fimg%2Favatars%2Fava_0003-72.png",
            "first_name": "",
            "real_name": "Paquito",
            "display_name": "Paquito",
            "team": "TJH5YU202",
            "name": "hmpaquito",
            "is_restricted": false,
            "is_ultra_restricted": false
        }
    },
    {
        "client_msg_id": "949c0a4d-d322-4654-8524-5a948a656301",
        "type": "message",
        "text": "Bien, <@UJULQCHL5> creo que vemos el tema con muchos puntos en común. Ha de intentarse en lo posible hacer que el tema html, js, css sea transparente para el programador",
        "user": "UJUJLTWMT",
        "ts": "1572891186.188200",
        "team": "TJH5YU202",
        "user_team": "TJH5YU202",
        "source_team": "TJH5YU202",
        "user_profile": {
            "avatar_hash": "a60e3b1ef2d2",
            "image_72": "https:\/\/avatars.slack-edge.com\/2019-08-20\/726246109489_a60e3b1ef2d2c141969d_72.jpg",
            "first_name": "",
            "real_name": "Cristobal",
            "display_name": "Cristobal",
            "team": "TJH5YU202",
            "name": "navarro.cristobal",
            "is_restricted": false,
            "is_ultra_restricted": false
        }
    },
    {
        "client_msg_id": "7128981e-50aa-4ff8-ac01-1a05014486aa",
        "type": "message",
        "text": "Y, aprovechando que hoy me he puesto a escribir aquí, permitirme decir que he creado un slack para los usuarios de mis Google Libs, que antes o después incluiré en mod-harbour.\nSi estáis interesados:\n<https:\/\/join.slack.com\/t\/googlelib\/shared_invite\/enQtODA0NTYzODA1NTU0LTYxZDYxNGMxNGIwMmIzNTg4MTAyYjI1N2E5MmJhY2U2M2QxNDg2YTE5MDdjMzg5OTgzNDk3ZDNhYjU3YTNkZTc>\nHay publicada una nueva versión y ejemplos de su uso.",
        "user": "UJUJLTWMT",
        "ts": "1572891319.190600",
        "team": "TJH5YU202",
        "user_team": "TJH5YU202",
        "source_team": "TJH5YU202",
        "user_profile": {
            "avatar_hash": "a60e3b1ef2d2",
            "image_72": "https:\/\/avatars.slack-edge.com\/2019-08-20\/726246109489_a60e3b1ef2d2c141969d_72.jpg",
            "first_name": "",
            "real_name": "Cristobal",
            "display_name": "Cristobal",
            "team": "TJH5YU202",
            "name": "navarro.cristobal",
            "is_restricted": false,
            "is_ultra_restricted": false
        }
    },
    {
        "client_msg_id": "58b95bed-047a-4173-b150-baafab657fd2",
        "type": "message",
        "text": "ok. Ya he ingresado. Gracias renew.",
        "user": "UJULQCHL5",
        "ts": "1572891602.191000",
        "team": "TJH5YU202",
        "user_team": "TJH5YU202",
        "source_team": "TJH5YU202",
        "user_profile": {
            "avatar_hash": "g7659142325a",
            "image_72": "https:\/\/secure.gravatar.com\/avatar\/c87659142325a3facb661d85281ec091.jpg?s=72&d=https%3A%2F%2Fa.slack-edge.com%2Fdf10d%2Fimg%2Favatars%2Fava_0003-72.png",
            "first_name": "",
            "real_name": "Paquito",
            "display_name": "Paquito",
            "team": "TJH5YU202",
            "name": "hmpaquito",
            "is_restricted": false,
            "is_ultra_restricted": false
        }
    },
    {
        "client_msg_id": "36194823-75fe-44d5-a6d7-92d4db7c0a1e",
        "type": "message",
        "text": "Anims Cristobal... :muscle:",
        "user": "UJWR5N32S",
        "ts": "1572892213.191300",
        "team": "TJH5YU202",
        "user_team": "TJH5YU202",
        "source_team": "TJH5YU202",
        "user_profile": {
            "avatar_hash": "273d3745f7ae",
            "image_72": "https:\/\/avatars.slack-edge.com\/2019-05-20\/634344238497_273d3745f7ae1b176b82_72.jpg",
            "first_name": "Charly",
            "real_name": "Charly",
            "display_name": "Charly",
            "team": "TJH5YU202",
            "name": "carles9000",
            "is_restricted": false,
            "is_ultra_restricted": false
        }
    },
    {
        "client_msg_id": "9a3cdb81-bf0b-4101-871a-7c5f9e04f9cc",
        "type": "message",
        "text": "Estas haciendo un fabuloso trabajo",
        "user": "UJWR5N32S",
        "ts": "1572892229.191700",
        "team": "TJH5YU202",
        "user_team": "TJH5YU202",
        "source_team": "TJH5YU202",
        "user_profile": {
            "avatar_hash": "273d3745f7ae",
            "image_72": "https:\/\/avatars.slack-edge.com\/2019-05-20\/634344238497_273d3745f7ae1b176b82_72.jpg",
            "first_name": "Charly",
            "real_name": "Charly",
            "display_name": "Charly",
            "team": "TJH5YU202",
            "name": "carles9000",
            "is_restricted": false,
            "is_ultra_restricted": false
        },
        "thread_ts": "1572892229.191700",
        "reply_count": 1,
        "reply_users_count": 1,
        "latest_reply": "1572927941.197000",
        "reply_users": [
            "UJUJLTWMT"
        ],
        "replies": [
            {
                "user": "UJUJLTWMT",
                "ts": "1572927941.197000"
            }
        ],
        "subscribed": false
    },
    {
        "client_msg_id": "6cc69e4c-fd49-4fb9-ab95-cfeb284a0032",
        "type": "message",
        "text": "hola",
        "user": "UJULAGJG5",
        "ts": "1572895870.192100",
        "team": "TJH5YU202",
        "user_team": "TJH5YU202",
        "source_team": "TJH5YU202",
        "user_profile": {
            "avatar_hash": "g456e0b2cdb9",
            "image_72": "https:\/\/secure.gravatar.com\/avatar\/dc456e0b2cdb991048d487a08c4a8c7a.jpg?s=72&d=https%3A%2F%2Fa.slack-edge.com%2Fdf10d%2Fimg%2Favatars%2Fava_0004-72.png",
            "first_name": "",
            "real_name": "Gabriel",
            "display_name": "Gabriel",
            "team": "TJH5YU202",
            "name": "jgabri",
            "is_restricted": false,
            "is_ultra_restricted": false
        }
    },
    {
        "client_msg_id": "967a6ad1-5198-47af-ac1e-0ce2a57fbce5",
        "type": "message",
        "text": "entonces Beacon, es un complemento de Génesis ? Charly no lo está poniendo  muy  fácil, para desarrollar app web",
        "user": "UJULAGJG5",
        "ts": "1572895965.193800",
        "team": "TJH5YU202",
        "user_team": "TJH5YU202",
        "source_team": "TJH5YU202",
        "user_profile": {
            "avatar_hash": "g456e0b2cdb9",
            "image_72": "https:\/\/secure.gravatar.com\/avatar\/dc456e0b2cdb991048d487a08c4a8c7a.jpg?s=72&d=https%3A%2F%2Fa.slack-edge.com%2Fdf10d%2Fimg%2Favatars%2Fava_0004-72.png",
            "first_name": "",
            "real_name": "Gabriel",
            "display_name": "Gabriel",
            "team": "TJH5YU202",
            "name": "jgabri",
            "is_restricted": false,
            "is_ultra_restricted": false
        }
    },
    {
        "client_msg_id": "afa8c43e-9005-490a-abc0-b4fbd0c8c909",
        "type": "message",
        "text": "Nope.",
        "user": "UJULQCHL5",
        "ts": "1572895979.194000",
        "team": "TJH5YU202",
        "user_team": "TJH5YU202",
        "source_team": "TJH5YU202",
        "user_profile": {
            "avatar_hash": "g7659142325a",
            "image_72": "https:\/\/secure.gravatar.com\/avatar\/c87659142325a3facb661d85281ec091.jpg?s=72&d=https%3A%2F%2Fa.slack-edge.com%2Fdf10d%2Fimg%2Favatars%2Fava_0003-72.png",
            "first_name": "",
            "real_name": "Paquito",
            "display_name": "Paquito",
            "team": "TJH5YU202",
            "name": "hmpaquito",
            "is_restricted": false,
            "is_ultra_restricted": false
        }
    },
    {
        "client_msg_id": "8698c3d5-ed15-416b-8c96-874100a1cfd7",
        "type": "message",
        "text": "Beacon es una GUI que se podrá o no usar en Génesis.\nGénesis funcionará, o eso parece, al margen de Beacon, pero no sería disparatado pensar en que se integraran fácilmente, pero Génesis no necesita a Beacon ni tampoco a Kevin :wink:",
        "user": "UJULQCHL5",
        "ts": "1572896053.195500",
        "team": "TJH5YU202",
        "user_team": "TJH5YU202",
        "source_team": "TJH5YU202",
        "user_profile": {
            "avatar_hash": "g7659142325a",
            "image_72": "https:\/\/secure.gravatar.com\/avatar\/c87659142325a3facb661d85281ec091.jpg?s=72&d=https%3A%2F%2Fa.slack-edge.com%2Fdf10d%2Fimg%2Favatars%2Fava_0003-72.png",
            "first_name": "",
            "real_name": "Paquito",
            "display_name": "Paquito",
            "team": "TJH5YU202",
            "name": "hmpaquito",
            "is_restricted": false,
            "is_ultra_restricted": false
        }
    },
    {
        "type": "message",
        "text": "",
        "files": [
            {
                "id": "FQ50B6PPA",
                "created": 1572896155,
                "timestamp": 1572896155,
                "name": "image.png",
                "title": "image.png",
                "mimetype": "image\/png",
                "filetype": "png",
                "pretty_type": "PNG",
                "user": "UJULQCHL5",
                "editable": false,
                "size": 52890,
                "mode": "hosted",
                "is_external": false,
                "external_type": "",
                "is_public": true,
                "public_url_shared": false,
                "display_as_bot": false,
                "username": "",
                "url_private": "https:\/\/files.slack.com\/files-pri\/TJH5YU202-FQ50B6PPA\/image.png?t=xoxe-629202954002-950795328464-950341379620-2ca7f74bb6537751ea5666f8f5e8896e",
                "url_private_download": "https:\/\/files.slack.com\/files-pri\/TJH5YU202-FQ50B6PPA\/download\/image.png?t=xoxe-629202954002-950795328464-950341379620-2ca7f74bb6537751ea5666f8f5e8896e",
                "thumb_64": "https:\/\/files.slack.com\/files-tmb\/TJH5YU202-FQ50B6PPA-2e8fa0036f\/image_64.png?t=xoxe-629202954002-950795328464-950341379620-2ca7f74bb6537751ea5666f8f5e8896e",
                "thumb_80": "https:\/\/files.slack.com\/files-tmb\/TJH5YU202-FQ50B6PPA-2e8fa0036f\/image_80.png?t=xoxe-629202954002-950795328464-950341379620-2ca7f74bb6537751ea5666f8f5e8896e",
                "thumb_360": "https:\/\/files.slack.com\/files-tmb\/TJH5YU202-FQ50B6PPA-2e8fa0036f\/image_360.png?t=xoxe-629202954002-950795328464-950341379620-2ca7f74bb6537751ea5666f8f5e8896e",
                "thumb_360_w": 145,
                "thumb_360_h": 199,
                "thumb_160": "https:\/\/files.slack.com\/files-tmb\/TJH5YU202-FQ50B6PPA-2e8fa0036f\/image_160.png?t=xoxe-629202954002-950795328464-950341379620-2ca7f74bb6537751ea5666f8f5e8896e",
                "image_exif_rotation": 1,
                "original_w": 145,
                "original_h": 199,
                "thumb_tiny": "AwAwACJzPIoyw4qF7gHjinXbEEZ6UxIVdNwOKGxpDQVZhkcVoJbxKBhRVRLfajEnJHIq1DIDAh9qEJomCrgcUu1fSmhuBS7qYjOuBvwnU9qIQyQcAEk\/lSgiRc\/xCgn5Vz1\/nUsuJIgkOCSAp60tvt+ZAchTgUyPO45HGO\/ao4P3cxLEDJ5oiEjRCjApcUgdCB8wpd6f3hVEmQHKdKmT99BxyydR6iqealtpSkvXhhikBNhsEZJzxTZXDSEgHmlw6ssbHKnv3+lOulXZGyjB6GmlYG7kiH92v0FOqOM\/u1+gp2aQH\/\/Z",
                "permalink": "https:\/\/harbourproject.slack.com\/files\/UJULQCHL5\/FQ50B6PPA\/image.png",
                "permalink_public": "https:\/\/slack-files.com\/TJH5YU202-FQ50B6PPA-d6c2d86166",
                "is_starred": false,
                "has_rich_preview": false
            }
        ],
        "upload": true,
        "user": "UJULQCHL5",
        "display_as_bot": false,
        "ts": "1572896157.195600",
        "client_msg_id": "2b62d2af-83e4-4e01-8688-00183bd04fbb"
    },
    {
        "client_msg_id": "a547a275-f5f7-44f3-ba9b-05224cce670c",
        "type": "message",
        "text": ":joy::rolling_on_the_floor_laughing::rolling_on_the_floor_laughing::rolling_on_the_floor_laughing::joy::rolling_on_the_floor_laughing::+1:",
        "user": "UJUJLTWMT",
        "ts": "1572896309.196200",
        "team": "TJH5YU202",
        "user_team": "TJH5YU202",
        "source_team": "TJH5YU202",
        "user_profile": {
            "avatar_hash": "a60e3b1ef2d2",
            "image_72": "https:\/\/avatars.slack-edge.com\/2019-08-20\/726246109489_a60e3b1ef2d2c141969d_72.jpg",
            "first_name": "",
            "real_name": "Cristobal",
            "display_name": "Cristobal",
            "team": "TJH5YU202",
            "name": "navarro.cristobal",
            "is_restricted": false,
            "is_ultra_restricted": false
        }
    },
    {
        "client_msg_id": "a43a527b-ec01-4497-98aa-932f0057d79b",
        "type": "message",
        "text": "Buenísimo <@UJULQCHL5>",
        "user": "UJUJLTWMT",
        "ts": "1572896473.196500",
        "team": "TJH5YU202",
        "user_team": "TJH5YU202",
        "source_team": "TJH5YU202",
        "user_profile": {
            "avatar_hash": "a60e3b1ef2d2",
            "image_72": "https:\/\/avatars.slack-edge.com\/2019-08-20\/726246109489_a60e3b1ef2d2c141969d_72.jpg",
            "first_name": "",
            "real_name": "Cristobal",
            "display_name": "Cristobal",
            "team": "TJH5YU202",
            "name": "navarro.cristobal",
            "is_restricted": false,
            "is_ultra_restricted": false
        }
    },
    {
        "client_msg_id": "92b67b23-e7c9-4356-8ac2-cb4d6765e6ea",
        "type": "message",
        "text": "jejejeje",
        "user": "UJULAGJG5",
        "ts": "1572896489.196700",
        "team": "TJH5YU202",
        "user_team": "TJH5YU202",
        "source_team": "TJH5YU202",
        "user_profile": {
            "avatar_hash": "g456e0b2cdb9",
            "image_72": "https:\/\/secure.gravatar.com\/avatar\/dc456e0b2cdb991048d487a08c4a8c7a.jpg?s=72&d=https%3A%2F%2Fa.slack-edge.com%2Fdf10d%2Fimg%2Favatars%2Fava_0004-72.png",
            "first_name": "",
            "real_name": "Gabriel",
            "display_name": "Gabriel",
            "team": "TJH5YU202",
            "name": "jgabri",
            "is_restricted": false,
            "is_ultra_restricted": false
        }
    },
    {
        "client_msg_id": "519d28ff-ae0a-4ad0-8f7d-19dc286c1169",
        "type": "message",
        "text": "gracias",
        "user": "UJULAGJG5",
        "ts": "1572896492.196900",
        "team": "TJH5YU202",
        "user_team": "TJH5YU202",
        "source_team": "TJH5YU202",
        "user_profile": {
            "avatar_hash": "g456e0b2cdb9",
            "image_72": "https:\/\/secure.gravatar.com\/avatar\/dc456e0b2cdb991048d487a08c4a8c7a.jpg?s=72&d=https%3A%2F%2Fa.slack-edge.com%2Fdf10d%2Fimg%2Favatars%2Fava_0004-72.png",
            "first_name": "",
            "real_name": "Gabriel",
            "display_name": "Gabriel",
            "team": "TJH5YU202",
            "name": "jgabri",
            "is_restricted": false,
            "is_ultra_restricted": false
        }
    },
    {
        "client_msg_id": "366fb8c3-d1fa-47be-acd0-23fe93cadf13",
        "type": "message",
        "text": "Lo mismo te digo :+1:",
        "user": "UJUJLTWMT",
        "ts": "1572927941.197000",
        "team": "TJH5YU202",
        "user_team": "TJH5YU202",
        "source_team": "TJH5YU202",
        "user_profile": {
            "avatar_hash": "a60e3b1ef2d2",
            "image_72": "https:\/\/avatars.slack-edge.com\/2019-08-20\/726246109489_a60e3b1ef2d2c141969d_72.jpg",
            "first_name": "",
            "real_name": "Cristobal",
            "display_name": "Cristobal",
            "team": "TJH5YU202",
            "name": "navarro.cristobal",
            "is_restricted": false,
            "is_ultra_restricted": false
        },
        "thread_ts": "1572892229.191700",
        "parent_user_id": "UJWR5N32S"
    },
    {
        "client_msg_id": "cb03e788-96a0-4664-a84a-7e185a6b5e0b",
        "type": "message",
        "text": "Bon dia",
        "user": "UJWR5N32S",
        "ts": "1572933489.197500",
        "team": "TJH5YU202",
        "user_team": "TJH5YU202",
        "source_team": "TJH5YU202",
        "user_profile": {
            "avatar_hash": "273d3745f7ae",
            "image_72": "https:\/\/avatars.slack-edge.com\/2019-05-20\/634344238497_273d3745f7ae1b176b82_72.jpg",
            "first_name": "Charly",
            "real_name": "Charly",
            "display_name": "Charly",
            "team": "TJH5YU202",
            "name": "carles9000",
            "is_restricted": false,
            "is_ultra_restricted": false
        }
    },
    {
        "client_msg_id": "6ee53f37-eeed-4f89-887d-060313fb7cec",
        "type": "message",
        "text": "buenos dias :sunny:",
        "user": "UJN8D8U3B",
        "ts": "1572938411.197700",
        "team": "TJH5YU202",
        "user_team": "TJH5YU202",
        "source_team": "TJH5YU202",
        "user_profile": {
            "avatar_hash": "g92ad2abcc45",
            "image_72": "https:\/\/secure.gravatar.com\/avatar\/8492ad2abcc45ce53969adcf8420acde.jpg?s=72&d=https%3A%2F%2Fa.slack-edge.com%2Fdf10d%2Fimg%2Favatars%2Fava_0008-72.png",
            "first_name": "",
            "real_name": "Antonio Linares",
            "display_name": "Antonio Linares",
            "team": "TJH5YU202",
            "name": "alinares",
            "is_restricted": false,
            "is_ultra_restricted": false
        }
    },
    {
        "client_msg_id": "778754df-efcb-428f-9090-01e1ed40dc40",
        "type": "message",
        "text": "<@UJULQCHL5> Lo ultimo que debeis perder es la esperanza... :slightly_smiling_face:",
        "user": "UJWR5N32S",
        "ts": "1572938988.198200",
        "team": "TJH5YU202",
        "user_team": "TJH5YU202",
        "source_team": "TJH5YU202",
        "user_profile": {
            "avatar_hash": "273d3745f7ae",
            "image_72": "https:\/\/avatars.slack-edge.com\/2019-05-20\/634344238497_273d3745f7ae1b176b82_72.jpg",
            "first_name": "Charly",
            "real_name": "Charly",
            "display_name": "Charly",
            "team": "TJH5YU202",
            "name": "carles9000",
            "is_restricted": false,
            "is_ultra_restricted": false
        }
    },
    {
        "client_msg_id": "865d2cc8-a820-4c7d-a1d4-f7de42743362",
        "type": "message",
        "text": "ayudando a Eric Lendvai en el artículo sobre mod_harbour que él está escribiendo...",
        "user": "UJN8D8U3B",
        "ts": "1572939919.198700",
        "team": "TJH5YU202",
        "user_team": "TJH5YU202",
        "source_team": "TJH5YU202",
        "user_profile": {
            "avatar_hash": "g92ad2abcc45",
            "image_72": "https:\/\/secure.gravatar.com\/avatar\/8492ad2abcc45ce53969adcf8420acde.jpg?s=72&d=https%3A%2F%2Fa.slack-edge.com%2Fdf10d%2Fimg%2Favatars%2Fava_0008-72.png",
            "first_name": "",
            "real_name": "Antonio Linares",
            "display_name": "Antonio Linares",
            "team": "TJH5YU202",
            "name": "alinares",
            "is_restricted": false,
            "is_ultra_restricted": false
        }
    },
    {
        "client_msg_id": "393341c7-5e71-465a-9fc2-450534987d85",
        "type": "message",
        "text": "y que publicará en harbour.wiki",
        "user": "UJN8D8U3B",
        "ts": "1572939937.199000",
        "team": "TJH5YU202",
        "user_team": "TJH5YU202",
        "source_team": "TJH5YU202",
        "user_profile": {
            "avatar_hash": "g92ad2abcc45",
            "image_72": "https:\/\/secure.gravatar.com\/avatar\/8492ad2abcc45ce53969adcf8420acde.jpg?s=72&d=https%3A%2F%2Fa.slack-edge.com%2Fdf10d%2Fimg%2Favatars%2Fava_0008-72.png",
            "first_name": "",
            "real_name": "Antonio Linares",
            "display_name": "Antonio Linares",
            "team": "TJH5YU202",
            "name": "alinares",
            "is_restricted": false,
            "is_ultra_restricted": false
        }
    }
]