[
    {
        "client_msg_id": "161aa1e0-bb8a-4254-ac18-c80484c94931",
        "type": "message",
        "text": "Quizá lo tenga Marcelo en su HD o quizá lo tenga Xevi que creo recordar que también grababa",
        "user": "UJULQCHL5",
        "ts": "1574756721.097600",
        "team": "TJH5YU202",
        "user_team": "TJH5YU202",
        "source_team": "TJH5YU202",
        "user_profile": {
            "avatar_hash": "g7659142325a",
            "image_72": "https:\/\/secure.gravatar.com\/avatar\/c87659142325a3facb661d85281ec091.jpg?s=72&d=https%3A%2F%2Fa.slack-edge.com%2Fdf10d%2Fimg%2Favatars%2Fava_0003-72.png",
            "first_name": "",
            "real_name": "Paquito",
            "display_name": "Paquito",
            "team": "TJH5YU202",
            "name": "hmpaquito",
            "is_restricted": false,
            "is_ultra_restricted": false
        },
        "edited": {
            "user": "UJULQCHL5",
            "ts": "1574756742.000000"
        },
        "blocks": [
            {
                "type": "rich_text",
                "block_id": "xbP",
                "elements": [
                    {
                        "type": "rich_text_section",
                        "elements": [
                            {
                                "type": "text",
                                "text": "Quizá lo tenga Marcelo en su HD o quizá lo tenga Xevi que creo recordar que también grababa"
                            }
                        ]
                    }
                ]
            }
        ],
        "thread_ts": "1574733826.095300",
        "parent_user_id": "UJUJLTWMT"
    },
    {
        "client_msg_id": "b775bac8-27c8-478b-a870-50bd8469a818",
        "type": "message",
        "text": "Lo de Xevi no me acordaba. A Marcelo ya le envié ayer un mensaje. Grax",
        "user": "UJUJLTWMT",
        "ts": "1574757082.098900",
        "team": "TJH5YU202",
        "user_team": "TJH5YU202",
        "source_team": "TJH5YU202",
        "user_profile": {
            "avatar_hash": "a60e3b1ef2d2",
            "image_72": "https:\/\/avatars.slack-edge.com\/2019-08-20\/726246109489_a60e3b1ef2d2c141969d_72.jpg",
            "first_name": "",
            "real_name": "Cristobal",
            "display_name": "Cristobal",
            "team": "TJH5YU202",
            "name": "navarro.cristobal",
            "is_restricted": false,
            "is_ultra_restricted": false
        },
        "blocks": [
            {
                "type": "rich_text",
                "block_id": "W97",
                "elements": [
                    {
                        "type": "rich_text_section",
                        "elements": [
                            {
                                "type": "text",
                                "text": "Lo de Xevi no me acordaba. A Marcelo ya le envié ayer un mensaje. Grax"
                            }
                        ]
                    }
                ]
            }
        ],
        "thread_ts": "1574733826.095300",
        "parent_user_id": "UJUJLTWMT"
    },
    {
        "type": "message",
        "subtype": "thread_broadcast",
        "text": "Andreu dice en el foro que no se subió la conference 16 por intrascendente (palabra mia)",
        "user": "UJULQCHL5",
        "ts": "1574757119.099100",
        "thread_ts": "1574733826.095300",
        "root": {
            "client_msg_id": "e1fe79e3-cac8-47e6-a4c9-cbad8af164ba",
            "type": "message",
            "text": "Por favor, todas las entradas que veáis en el slack dignas de ser destacadas a vuestro criterio, transcribirlas en el foro. Gracias",
            "user": "UJUJLTWMT",
            "ts": "1574733826.095300",
            "team": "TJH5YU202",
            "blocks": [
                {
                    "type": "rich_text",
                    "block_id": "KVW7s",
                    "elements": [
                        {
                            "type": "rich_text_section",
                            "elements": [
                                {
                                    "type": "text",
                                    "text": "Por favor, todas las entradas que veáis en el slack dignas de ser destacadas a vuestro criterio, transcribirlas en el foro. Gracias"
                                }
                            ]
                        }
                    ]
                }
            ],
            "thread_ts": "1574733826.095300",
            "reply_count": 3,
            "reply_users_count": 2,
            "latest_reply": "1574757119.099100",
            "reply_users": [
                "UJULQCHL5",
                "UJUJLTWMT"
            ],
            "replies": [
                {
                    "user": "UJULQCHL5",
                    "ts": "1574756721.097600"
                },
                {
                    "user": "UJUJLTWMT",
                    "ts": "1574757082.098900"
                },
                {
                    "user": "UJULQCHL5",
                    "ts": "1574757119.099100"
                }
            ],
            "subscribed": false
        },
        "blocks": [
            {
                "type": "rich_text",
                "block_id": "9o1J",
                "elements": [
                    {
                        "type": "rich_text_section",
                        "elements": [
                            {
                                "type": "text",
                                "text": "Andreu dice en el foro que no se subió la conference 16 por intrascendente (palabra mia)"
                            }
                        ]
                    }
                ]
            }
        ],
        "client_msg_id": "58fa032c-b2a5-466e-a726-fc47516440ee"
    },
    {
        "client_msg_id": "f731f3ec-394a-4128-9b57-084bfc4011ab",
        "type": "message",
        "text": "Genial como está quedando el foro. A las conferences estaría bien acompañarlas con una descripcion. Supongo que eso implica verlas de nuevo.\nMe lo apunto para hacerlo.",
        "user": "UJULQCHL5",
        "ts": "1574757135.099400",
        "team": "TJH5YU202",
        "user_team": "TJH5YU202",
        "source_team": "TJH5YU202",
        "user_profile": {
            "avatar_hash": "g7659142325a",
            "image_72": "https:\/\/secure.gravatar.com\/avatar\/c87659142325a3facb661d85281ec091.jpg?s=72&d=https%3A%2F%2Fa.slack-edge.com%2Fdf10d%2Fimg%2Favatars%2Fava_0003-72.png",
            "first_name": "",
            "real_name": "Paquito",
            "display_name": "Paquito",
            "team": "TJH5YU202",
            "name": "hmpaquito",
            "is_restricted": false,
            "is_ultra_restricted": false
        },
        "blocks": [
            {
                "type": "rich_text",
                "block_id": "ke2z",
                "elements": [
                    {
                        "type": "rich_text_section",
                        "elements": [
                            {
                                "type": "text",
                                "text": "Genial como está quedando el foro. A las conferences estaría bien acompañarlas con una descripcion. Supongo que eso implica verlas de nuevo.\nMe lo apunto para hacerlo."
                            }
                        ]
                    }
                ]
            }
        ],
        "thread_ts": "1574757135.099400",
        "reply_count": 1,
        "reply_users_count": 1,
        "latest_reply": "1574765268.102400",
        "reply_users": [
            "UJUJLTWMT"
        ],
        "replies": [
            {
                "user": "UJUJLTWMT",
                "ts": "1574765268.102400"
            }
        ],
        "subscribed": false
    },
    {
        "client_msg_id": "c73039f1-c8eb-42b1-8c09-73dbe5de9f33",
        "type": "message",
        "text": "Builds de Harbour en:\n\n<http:\/\/whosaway.com\/> by Mel Smith\n<https:\/\/bitbucket.org\/fivetech\/harbour-xharbour-builds\/downloads\/> by FiveTech\n\n\nA ver si alguien lo puede añadir al foro.",
        "user": "UJULQCHL5",
        "ts": "1574757273.100400",
        "team": "TJH5YU202",
        "user_team": "TJH5YU202",
        "source_team": "TJH5YU202",
        "user_profile": {
            "avatar_hash": "g7659142325a",
            "image_72": "https:\/\/secure.gravatar.com\/avatar\/c87659142325a3facb661d85281ec091.jpg?s=72&d=https%3A%2F%2Fa.slack-edge.com%2Fdf10d%2Fimg%2Favatars%2Fava_0003-72.png",
            "first_name": "",
            "real_name": "Paquito",
            "display_name": "Paquito",
            "team": "TJH5YU202",
            "name": "hmpaquito",
            "is_restricted": false,
            "is_ultra_restricted": false
        },
        "blocks": [
            {
                "type": "rich_text",
                "block_id": "gmU+",
                "elements": [
                    {
                        "type": "rich_text_section",
                        "elements": [
                            {
                                "type": "text",
                                "text": "Builds de Harbour en:\n\n"
                            },
                            {
                                "type": "link",
                                "url": "http:\/\/whosaway.com\/"
                            },
                            {
                                "type": "text",
                                "text": " by Mel Smith\n"
                            },
                            {
                                "type": "link",
                                "url": "https:\/\/bitbucket.org\/fivetech\/harbour-xharbour-builds\/downloads\/"
                            },
                            {
                                "type": "text",
                                "text": " by FiveTech\n\n\nA ver si alguien lo puede añadir al foro."
                            }
                        ]
                    }
                ]
            }
        ]
    },
    {
        "client_msg_id": "0f4d690c-6488-4814-854a-37998a22e03d",
        "type": "message",
        "text": "Hecho, pero <@UJULQCHL5> no puedes ponerlo tú?. Si tienes algún problema no tienes más que decirlo",
        "user": "UJUJLTWMT",
        "ts": "1574764228.101400",
        "team": "TJH5YU202",
        "user_team": "TJH5YU202",
        "source_team": "TJH5YU202",
        "user_profile": {
            "avatar_hash": "a60e3b1ef2d2",
            "image_72": "https:\/\/avatars.slack-edge.com\/2019-08-20\/726246109489_a60e3b1ef2d2c141969d_72.jpg",
            "first_name": "",
            "real_name": "Cristobal",
            "display_name": "Cristobal",
            "team": "TJH5YU202",
            "name": "navarro.cristobal",
            "is_restricted": false,
            "is_ultra_restricted": false
        },
        "blocks": [
            {
                "type": "rich_text",
                "block_id": "wasp",
                "elements": [
                    {
                        "type": "rich_text_section",
                        "elements": [
                            {
                                "type": "text",
                                "text": "Hecho, pero "
                            },
                            {
                                "type": "user",
                                "user_id": "UJULQCHL5"
                            },
                            {
                                "type": "text",
                                "text": " no puedes ponerlo tú?. Si tienes algún problema no tienes más que decirlo"
                            }
                        ]
                    }
                ]
            }
        ]
    },
    {
        "client_msg_id": "b23452f3-917a-4f0e-9fd1-1bded6416142",
        "type": "message",
        "text": "Comprendo. Me doy de alta en el foro. Perdón por el ruido.",
        "user": "UJULQCHL5",
        "ts": "1574764310.102200",
        "team": "TJH5YU202",
        "user_team": "TJH5YU202",
        "source_team": "TJH5YU202",
        "user_profile": {
            "avatar_hash": "g7659142325a",
            "image_72": "https:\/\/secure.gravatar.com\/avatar\/c87659142325a3facb661d85281ec091.jpg?s=72&d=https%3A%2F%2Fa.slack-edge.com%2Fdf10d%2Fimg%2Favatars%2Fava_0003-72.png",
            "first_name": "",
            "real_name": "Paquito",
            "display_name": "Paquito",
            "team": "TJH5YU202",
            "name": "hmpaquito",
            "is_restricted": false,
            "is_ultra_restricted": false
        },
        "blocks": [
            {
                "type": "rich_text",
                "block_id": "NVeQN",
                "elements": [
                    {
                        "type": "rich_text_section",
                        "elements": [
                            {
                                "type": "text",
                                "text": "Comprendo. Me doy de alta en el foro. Perdón por el ruido."
                            }
                        ]
                    }
                ]
            }
        ],
        "reactions": [
            {
                "name": "+1",
                "users": [
                    "UJUJLTWMT"
                ],
                "count": 1
            }
        ]
    },
    {
        "type": "message",
        "subtype": "thread_broadcast",
        "text": "No me acuerdo de esa \"conferencia\". A ver si Marcelo o alguno la tiene aún y le echo un vistazo para recordarla. Grax",
        "user": "UJUJLTWMT",
        "ts": "1574765268.102400",
        "thread_ts": "1574757135.099400",
        "root": {
            "client_msg_id": "f731f3ec-394a-4128-9b57-084bfc4011ab",
            "type": "message",
            "text": "Genial como está quedando el foro. A las conferences estaría bien acompañarlas con una descripcion. Supongo que eso implica verlas de nuevo.\nMe lo apunto para hacerlo.",
            "user": "UJULQCHL5",
            "ts": "1574757135.099400",
            "team": "TJH5YU202",
            "blocks": [
                {
                    "type": "rich_text",
                    "block_id": "ke2z",
                    "elements": [
                        {
                            "type": "rich_text_section",
                            "elements": [
                                {
                                    "type": "text",
                                    "text": "Genial como está quedando el foro. A las conferences estaría bien acompañarlas con una descripcion. Supongo que eso implica verlas de nuevo.\nMe lo apunto para hacerlo."
                                }
                            ]
                        }
                    ]
                }
            ],
            "thread_ts": "1574757135.099400",
            "reply_count": 1,
            "reply_users_count": 1,
            "latest_reply": "1574765268.102400",
            "reply_users": [
                "UJUJLTWMT"
            ],
            "replies": [
                {
                    "user": "UJUJLTWMT",
                    "ts": "1574765268.102400"
                }
            ],
            "subscribed": false
        },
        "blocks": [
            {
                "type": "rich_text",
                "block_id": "zqYK",
                "elements": [
                    {
                        "type": "rich_text_section",
                        "elements": [
                            {
                                "type": "text",
                                "text": "No me acuerdo de esa \"conferencia\". A ver si Marcelo o alguno la tiene aún y le echo un vistazo para recordarla. Grax"
                            }
                        ]
                    }
                ]
            }
        ],
        "client_msg_id": "3c71201e-f4f2-4b76-9c0e-22936ee69745"
    },
    {
        "client_msg_id": "60a7bdf5-1295-4c36-82dc-e6e84e327dfc",
        "type": "message",
        "text": "<https:\/\/groups.google.com\/forum\/#!topic\/harbour-users\/uqzL7Q7Ps-A>",
        "user": "UJULQCHL5",
        "ts": "1574780385.103400",
        "team": "TJH5YU202",
        "user_team": "TJH5YU202",
        "source_team": "TJH5YU202",
        "user_profile": {
            "avatar_hash": "g7659142325a",
            "image_72": "https:\/\/secure.gravatar.com\/avatar\/c87659142325a3facb661d85281ec091.jpg?s=72&d=https%3A%2F%2Fa.slack-edge.com%2Fdf10d%2Fimg%2Favatars%2Fava_0003-72.png",
            "first_name": "",
            "real_name": "Paquito",
            "display_name": "Paquito",
            "team": "TJH5YU202",
            "name": "hmpaquito",
            "is_restricted": false,
            "is_ultra_restricted": false
        },
        "blocks": [
            {
                "type": "rich_text",
                "block_id": "VyJW",
                "elements": [
                    {
                        "type": "rich_text_section",
                        "elements": [
                            {
                                "type": "link",
                                "url": "https:\/\/groups.google.com\/forum\/#!topic\/harbour-users\/uqzL7Q7Ps-A"
                            }
                        ]
                    }
                ]
            }
        ]
    },
    {
        "client_msg_id": "5ae0d7e5-25c7-46a2-afcb-68e8a0a76005",
        "type": "message",
        "text": "I would like to use mod harbor local.\nIs it possible that you can enter a domain name instead of localhost or IP.",
        "user": "UJHD6A81H",
        "ts": "1574785717.103600",
        "team": "TJH5YU202",
        "user_team": "TJH5YU202",
        "source_team": "TJH5YU202",
        "user_profile": {
            "avatar_hash": "g6b8073e00e9",
            "image_72": "https:\/\/secure.gravatar.com\/avatar\/b96b8073e00e9eb02bcf05bc1418eb3a.jpg?s=72&d=https%3A%2F%2Fa.slack-edge.com%2Fdf10d%2Fimg%2Favatars%2Fava_0021-72.png",
            "first_name": "Otto",
            "real_name": "Otto Atzwanger",
            "display_name": "Otto",
            "team": "TJH5YU202",
            "name": "otto",
            "is_restricted": false,
            "is_ultra_restricted": false
        },
        "blocks": [
            {
                "type": "rich_text",
                "block_id": "o0bp",
                "elements": [
                    {
                        "type": "rich_text_section",
                        "elements": [
                            {
                                "type": "text",
                                "text": "I would like to use mod harbor local.\nIs it possible that you can enter a domain name instead of localhost or IP."
                            }
                        ]
                    }
                ]
            }
        ]
    },
    {
        "client_msg_id": "52adbaea-b6d0-4906-a491-c0ca842c3ade",
        "type": "message",
        "text": "I did not understand. You want to use local? Via intranet?",
        "user": "UJRQZMTAM",
        "ts": "1574785932.104600",
        "team": "TJH5YU202",
        "user_team": "TJH5YU202",
        "source_team": "TJH5YU202",
        "user_profile": {
            "avatar_hash": "0d8c567df084",
            "image_72": "https:\/\/avatars.slack-edge.com\/2019-11-22\/834908722243_0d8c567df084bf59d639_72.png",
            "first_name": "Diego",
            "real_name": "Diego F",
            "display_name": "Diego F",
            "team": "TJH5YU202",
            "name": "diegohfazio",
            "is_restricted": false,
            "is_ultra_restricted": false
        },
        "edited": {
            "user": "UJRQZMTAM",
            "ts": "1574785961.000000"
        },
        "blocks": [
            {
                "type": "rich_text",
                "block_id": "yuG7L",
                "elements": [
                    {
                        "type": "rich_text_section",
                        "elements": [
                            {
                                "type": "text",
                                "text": "I did not understand. You want to use local? Via intranet?"
                            }
                        ]
                    }
                ]
            }
        ]
    },
    {
        "client_msg_id": "0d677e02-4a3d-4d72-b531-e3bc34d3651d",
        "type": "message",
        "text": "yes - internet browser address bar I would like to have a name not IP or local host.",
        "user": "UJHD6A81H",
        "ts": "1574787049.105400",
        "team": "TJH5YU202",
        "user_team": "TJH5YU202",
        "source_team": "TJH5YU202",
        "user_profile": {
            "avatar_hash": "g6b8073e00e9",
            "image_72": "https:\/\/secure.gravatar.com\/avatar\/b96b8073e00e9eb02bcf05bc1418eb3a.jpg?s=72&d=https%3A%2F%2Fa.slack-edge.com%2Fdf10d%2Fimg%2Favatars%2Fava_0021-72.png",
            "first_name": "Otto",
            "real_name": "Otto Atzwanger",
            "display_name": "Otto",
            "team": "TJH5YU202",
            "name": "otto",
            "is_restricted": false,
            "is_ultra_restricted": false
        },
        "blocks": [
            {
                "type": "rich_text",
                "block_id": "i\/4p",
                "elements": [
                    {
                        "type": "rich_text_section",
                        "elements": [
                            {
                                "type": "text",
                                "text": "yes - internet browser address bar I would like to have a name not IP or local host."
                            }
                        ]
                    }
                ]
            }
        ]
    },
    {
        "client_msg_id": "f873d393-a86e-4b4e-ac56-316a2751b57d",
        "type": "message",
        "text": "you can use machine name",
        "user": "UM81W8B0Q",
        "ts": "1574787391.105700",
        "team": "TJH5YU202",
        "user_team": "TJH5YU202",
        "source_team": "TJH5YU202",
        "user_profile": {
            "avatar_hash": "gab9279ee8c0",
            "image_72": "https:\/\/secure.gravatar.com\/avatar\/73ab9279ee8c00f66ce4904d30146c8f.jpg?s=72&d=https%3A%2F%2Fa.slack-edge.com%2Fdf10d%2Fimg%2Favatars%2Fava_0010-72.png",
            "first_name": "",
            "real_name": "Angel Pais",
            "display_name": "Angel Pais",
            "team": "TJH5YU202",
            "name": "amigosam",
            "is_restricted": false,
            "is_ultra_restricted": false
        },
        "blocks": [
            {
                "type": "rich_text",
                "block_id": "koWLG",
                "elements": [
                    {
                        "type": "rich_text_section",
                        "elements": [
                            {
                                "type": "text",
                                "text": "you can use machine name"
                            }
                        ]
                    }
                ]
            }
        ]
    },
    {
        "client_msg_id": "20ce35b8-e03f-493d-9e48-a2d253617cda",
        "type": "message",
        "text": "ahh ok..",
        "user": "UJRQZMTAM",
        "ts": "1574787433.105900",
        "team": "TJH5YU202",
        "user_team": "TJH5YU202",
        "source_team": "TJH5YU202",
        "user_profile": {
            "avatar_hash": "0d8c567df084",
            "image_72": "https:\/\/avatars.slack-edge.com\/2019-11-22\/834908722243_0d8c567df084bf59d639_72.png",
            "first_name": "Diego",
            "real_name": "Diego F",
            "display_name": "Diego F",
            "team": "TJH5YU202",
            "name": "diegohfazio",
            "is_restricted": false,
            "is_ultra_restricted": false
        },
        "blocks": [
            {
                "type": "rich_text",
                "block_id": "qXI",
                "elements": [
                    {
                        "type": "rich_text_section",
                        "elements": [
                            {
                                "type": "text",
                                "text": "ahh ok.."
                            }
                        ]
                    }
                ]
            }
        ]
    },
    {
        "client_msg_id": "3575bf8f-0ed6-44db-b594-20b34c352de9",
        "type": "message",
        "text": "you can change host.txt and point you IP to a domain name you want",
        "user": "UJRQZMTAM",
        "ts": "1574787450.106500",
        "team": "TJH5YU202",
        "user_team": "TJH5YU202",
        "source_team": "TJH5YU202",
        "user_profile": {
            "avatar_hash": "0d8c567df084",
            "image_72": "https:\/\/avatars.slack-edge.com\/2019-11-22\/834908722243_0d8c567df084bf59d639_72.png",
            "first_name": "Diego",
            "real_name": "Diego F",
            "display_name": "Diego F",
            "team": "TJH5YU202",
            "name": "diegohfazio",
            "is_restricted": false,
            "is_ultra_restricted": false
        },
        "blocks": [
            {
                "type": "rich_text",
                "block_id": "pJHD",
                "elements": [
                    {
                        "type": "rich_text_section",
                        "elements": [
                            {
                                "type": "text",
                                "text": "you can change host.txt and point you IP to a domain name you want"
                            }
                        ]
                    }
                ]
            }
        ]
    },
    {
        "client_msg_id": "77718d25-1544-4f15-a17f-af81d8133ef3",
        "type": "message",
        "text": "no need",
        "user": "UM81W8B0Q",
        "ts": "1574787460.106900",
        "team": "TJH5YU202",
        "user_team": "TJH5YU202",
        "source_team": "TJH5YU202",
        "user_profile": {
            "avatar_hash": "gab9279ee8c0",
            "image_72": "https:\/\/secure.gravatar.com\/avatar\/73ab9279ee8c00f66ce4904d30146c8f.jpg?s=72&d=https%3A%2F%2Fa.slack-edge.com%2Fdf10d%2Fimg%2Favatars%2Fava_0010-72.png",
            "first_name": "",
            "real_name": "Angel Pais",
            "display_name": "Angel Pais",
            "team": "TJH5YU202",
            "name": "amigosam",
            "is_restricted": false,
            "is_ultra_restricted": false
        },
        "blocks": [
            {
                "type": "rich_text",
                "block_id": "kjH+",
                "elements": [
                    {
                        "type": "rich_text_section",
                        "elements": [
                            {
                                "type": "text",
                                "text": "no need"
                            }
                        ]
                    }
                ]
            }
        ]
    },
    {
        "client_msg_id": "a454d0d8-bcc7-4728-b081-51b671a9dfbd",
        "type": "message",
        "text": "URL are UNIFORM resource locations",
        "user": "UM81W8B0Q",
        "ts": "1574787474.107200",
        "team": "TJH5YU202",
        "user_team": "TJH5YU202",
        "source_team": "TJH5YU202",
        "user_profile": {
            "avatar_hash": "gab9279ee8c0",
            "image_72": "https:\/\/secure.gravatar.com\/avatar\/73ab9279ee8c00f66ce4904d30146c8f.jpg?s=72&d=https%3A%2F%2Fa.slack-edge.com%2Fdf10d%2Fimg%2Favatars%2Fava_0010-72.png",
            "first_name": "",
            "real_name": "Angel Pais",
            "display_name": "Angel Pais",
            "team": "TJH5YU202",
            "name": "amigosam",
            "is_restricted": false,
            "is_ultra_restricted": false
        },
        "blocks": [
            {
                "type": "rich_text",
                "block_id": "XmgeS",
                "elements": [
                    {
                        "type": "rich_text_section",
                        "elements": [
                            {
                                "type": "text",
                                "text": "URL are UNIFORM resource locations"
                            }
                        ]
                    }
                ]
            }
        ]
    },
    {
        "client_msg_id": "5419de28-0149-4935-9b11-44785fe43ac9",
        "type": "message",
        "text": "so net names are valid",
        "user": "UM81W8B0Q",
        "ts": "1574787490.107500",
        "team": "TJH5YU202",
        "user_team": "TJH5YU202",
        "source_team": "TJH5YU202",
        "user_profile": {
            "avatar_hash": "gab9279ee8c0",
            "image_72": "https:\/\/secure.gravatar.com\/avatar\/73ab9279ee8c00f66ce4904d30146c8f.jpg?s=72&d=https%3A%2F%2Fa.slack-edge.com%2Fdf10d%2Fimg%2Favatars%2Fava_0010-72.png",
            "first_name": "",
            "real_name": "Angel Pais",
            "display_name": "Angel Pais",
            "team": "TJH5YU202",
            "name": "amigosam",
            "is_restricted": false,
            "is_ultra_restricted": false
        },
        "blocks": [
            {
                "type": "rich_text",
                "block_id": "2dm",
                "elements": [
                    {
                        "type": "rich_text_section",
                        "elements": [
                            {
                                "type": "text",
                                "text": "so net names are valid"
                            }
                        ]
                    }
                ]
            }
        ]
    },
    {
        "client_msg_id": "edd2d7d6-ef5c-44e9-82d0-003d5f61500a",
        "type": "message",
        "text": "C:\\Windows\\System32\\drivers\\etc",
        "user": "UJRQZMTAM",
        "ts": "1574787500.107700",
        "team": "TJH5YU202",
        "user_team": "TJH5YU202",
        "source_team": "TJH5YU202",
        "user_profile": {
            "avatar_hash": "0d8c567df084",
            "image_72": "https:\/\/avatars.slack-edge.com\/2019-11-22\/834908722243_0d8c567df084bf59d639_72.png",
            "first_name": "Diego",
            "real_name": "Diego F",
            "display_name": "Diego F",
            "team": "TJH5YU202",
            "name": "diegohfazio",
            "is_restricted": false,
            "is_ultra_restricted": false
        },
        "blocks": [
            {
                "type": "rich_text",
                "block_id": "AT2N",
                "elements": [
                    {
                        "type": "rich_text_section",
                        "elements": [
                            {
                                "type": "text",
                                "text": "C:\\Windows\\System32\\drivers\\etc"
                            }
                        ]
                    }
                ]
            }
        ]
    },
    {
        "client_msg_id": "7c4de442-01e1-4879-b0b4-91647f442947",
        "type": "message",
        "text": "\/\/myservername\/",
        "user": "UM81W8B0Q",
        "ts": "1574787502.107800",
        "team": "TJH5YU202",
        "user_team": "TJH5YU202",
        "source_team": "TJH5YU202",
        "user_profile": {
            "avatar_hash": "gab9279ee8c0",
            "image_72": "https:\/\/secure.gravatar.com\/avatar\/73ab9279ee8c00f66ce4904d30146c8f.jpg?s=72&d=https%3A%2F%2Fa.slack-edge.com%2Fdf10d%2Fimg%2Favatars%2Fava_0010-72.png",
            "first_name": "",
            "real_name": "Angel Pais",
            "display_name": "Angel Pais",
            "team": "TJH5YU202",
            "name": "amigosam",
            "is_restricted": false,
            "is_ultra_restricted": false
        },
        "blocks": [
            {
                "type": "rich_text",
                "block_id": "1=s",
                "elements": [
                    {
                        "type": "rich_text_section",
                        "elements": [
                            {
                                "type": "text",
                                "text": "\/\/myservername\/"
                            }
                        ]
                    }
                ]
            }
        ]
    },
    {
        "client_msg_id": "de3afa48-37e8-4d4c-8349-d4b6d60965a4",
        "type": "message",
        "text": "If you want to use anything except IP\/localhost\/Machine Name. You could change host.txt",
        "user": "UJRQZMTAM",
        "ts": "1574787593.109000",
        "team": "TJH5YU202",
        "user_team": "TJH5YU202",
        "source_team": "TJH5YU202",
        "user_profile": {
            "avatar_hash": "0d8c567df084",
            "image_72": "https:\/\/avatars.slack-edge.com\/2019-11-22\/834908722243_0d8c567df084bf59d639_72.png",
            "first_name": "Diego",
            "real_name": "Diego F",
            "display_name": "Diego F",
            "team": "TJH5YU202",
            "name": "diegohfazio",
            "is_restricted": false,
            "is_ultra_restricted": false
        },
        "blocks": [
            {
                "type": "rich_text",
                "block_id": "f0JK",
                "elements": [
                    {
                        "type": "rich_text_section",
                        "elements": [
                            {
                                "type": "text",
                                "text": "If you want to use anything except IP\/localhost\/Machine Name. You could change host.txt"
                            }
                        ]
                    }
                ]
            }
        ]
    },
    {
        "client_msg_id": "74d9acd6-e7ee-403a-bb4d-7286d4878e81",
        "type": "message",
        "text": "I't usefull to simulate a web page",
        "user": "UJRQZMTAM",
        "ts": "1574787613.109600",
        "team": "TJH5YU202",
        "user_team": "TJH5YU202",
        "source_team": "TJH5YU202",
        "user_profile": {
            "avatar_hash": "0d8c567df084",
            "image_72": "https:\/\/avatars.slack-edge.com\/2019-11-22\/834908722243_0d8c567df084bf59d639_72.png",
            "first_name": "Diego",
            "real_name": "Diego F",
            "display_name": "Diego F",
            "team": "TJH5YU202",
            "name": "diegohfazio",
            "is_restricted": false,
            "is_ultra_restricted": false
        },
        "blocks": [
            {
                "type": "rich_text",
                "block_id": "JIwW",
                "elements": [
                    {
                        "type": "rich_text_section",
                        "elements": [
                            {
                                "type": "text",
                                "text": "I't usefull to simulate a web page"
                            }
                        ]
                    }
                ]
            }
        ]
    },
    {
        "client_msg_id": "52bdfb5f-9fd5-405d-b45d-0ca0a58bcf05",
        "type": "message",
        "text": "hosts.txt is effectively equivalent to setting up a custom DNS server for your machine only",
        "user": "UNAHBRTFA",
        "ts": "1574787624.109900",
        "team": "TJH5YU202",
        "user_team": "TJH5YU202",
        "source_team": "TJH5YU202",
        "user_profile": {
            "avatar_hash": "g3d2a3f4c28c",
            "image_72": "https:\/\/secure.gravatar.com\/avatar\/23d2a3f4c28cebb4cf07e48d02620517.jpg?s=72&d=https%3A%2F%2Fa.slack-edge.com%2Fdf10d%2Fimg%2Favatars%2Fava_0020-72.png",
            "first_name": "Andreu",
            "real_name": "Andreu Botella",
            "display_name": "Andreu Botella",
            "team": "TJH5YU202",
            "name": "andreu.132",
            "is_restricted": false,
            "is_ultra_restricted": false
        },
        "blocks": [
            {
                "type": "rich_text",
                "block_id": "+EM",
                "elements": [
                    {
                        "type": "rich_text_section",
                        "elements": [
                            {
                                "type": "text",
                                "text": "hosts.txt is effectively equivalent to setting up a custom DNS server for your machine only"
                            }
                        ]
                    }
                ]
            }
        ]
    },
    {
        "client_msg_id": "4300d24e-09e5-4a1c-a791-1b296d68b95d",
        "type": "message",
        "text": "exactly",
        "user": "UJRQZMTAM",
        "ts": "1574787632.110100",
        "team": "TJH5YU202",
        "user_team": "TJH5YU202",
        "source_team": "TJH5YU202",
        "user_profile": {
            "avatar_hash": "0d8c567df084",
            "image_72": "https:\/\/avatars.slack-edge.com\/2019-11-22\/834908722243_0d8c567df084bf59d639_72.png",
            "first_name": "Diego",
            "real_name": "Diego F",
            "display_name": "Diego F",
            "team": "TJH5YU202",
            "name": "diegohfazio",
            "is_restricted": false,
            "is_ultra_restricted": false
        },
        "blocks": [
            {
                "type": "rich_text",
                "block_id": "y4R",
                "elements": [
                    {
                        "type": "rich_text_section",
                        "elements": [
                            {
                                "type": "text",
                                "text": "exactly"
                            }
                        ]
                    }
                ]
            }
        ]
    },
    {
        "client_msg_id": "0b40977c-671e-4389-89ad-a27633f3d1c7",
        "type": "message",
        "text": "just add to host.txt\n127.0.0.1 <http:\/\/yourdomain.com|yourdomain.com>",
        "user": "UJRQZMTAM",
        "ts": "1574787723.111100",
        "team": "TJH5YU202",
        "user_team": "TJH5YU202",
        "source_team": "TJH5YU202",
        "user_profile": {
            "avatar_hash": "0d8c567df084",
            "image_72": "https:\/\/avatars.slack-edge.com\/2019-11-22\/834908722243_0d8c567df084bf59d639_72.png",
            "first_name": "Diego",
            "real_name": "Diego F",
            "display_name": "Diego F",
            "team": "TJH5YU202",
            "name": "diegohfazio",
            "is_restricted": false,
            "is_ultra_restricted": false
        },
        "blocks": [
            {
                "type": "rich_text",
                "block_id": "yMn+r",
                "elements": [
                    {
                        "type": "rich_text_section",
                        "elements": [
                            {
                                "type": "text",
                                "text": "just add to host.txt\n127.0.0.1 "
                            },
                            {
                                "type": "link",
                                "url": "http:\/\/yourdomain.com",
                                "text": "yourdomain.com"
                            }
                        ]
                    }
                ]
            }
        ]
    },
    {
        "client_msg_id": "18c6a8cd-9c54-428a-a22d-ca2d205f25ef",
        "type": "message",
        "text": "<https:\/\/www.youtube.com\/watch?v=LLMnTKFUwbw>",
        "user": "UJHD6A81H",
        "ts": "1574787776.111300",
        "team": "TJH5YU202",
        "user_team": "TJH5YU202",
        "source_team": "TJH5YU202",
        "user_profile": {
            "avatar_hash": "g6b8073e00e9",
            "image_72": "https:\/\/secure.gravatar.com\/avatar\/b96b8073e00e9eb02bcf05bc1418eb3a.jpg?s=72&d=https%3A%2F%2Fa.slack-edge.com%2Fdf10d%2Fimg%2Favatars%2Fava_0021-72.png",
            "first_name": "Otto",
            "real_name": "Otto Atzwanger",
            "display_name": "Otto",
            "team": "TJH5YU202",
            "name": "otto",
            "is_restricted": false,
            "is_ultra_restricted": false
        },
        "attachments": [
            {
                "service_name": "YouTube",
                "service_url": "https:\/\/www.youtube.com\/",
                "title": "How to Change localhost to a Domain Name in XAMPP on Windows",
                "title_link": "https:\/\/www.youtube.com\/watch?v=LLMnTKFUwbw",
                "author_name": "The Next Code",
                "author_link": "https:\/\/www.youtube.com\/channel\/UCMiKfNNVozmMX9RQdf6Ot4w",
                "thumb_url": "https:\/\/i.ytimg.com\/vi\/LLMnTKFUwbw\/hqdefault.jpg",
                "thumb_width": 480,
                "thumb_height": 360,
                "fallback": "YouTube Video: How to Change localhost to a Domain Name in XAMPP on Windows",
                "video_html": "<iframe width=\"400\" height=\"225\" src=\"https:\/\/www.youtube.com\/embed\/LLMnTKFUwbw?feature=oembed&autoplay=1&iv_load_policy=3\" frameborder=\"0\" allow=\"accelerometer; autoplay; encrypted-media; gyroscope; picture-in-picture\" allowfullscreen><\/iframe>",
                "video_html_width": 400,
                "video_html_height": 225,
                "from_url": "https:\/\/www.youtube.com\/watch?v=LLMnTKFUwbw",
                "service_icon": "https:\/\/a.slack-edge.com\/80588\/img\/unfurl_icons\/youtube.png",
                "id": 1,
                "original_url": "https:\/\/www.youtube.com\/watch?v=LLMnTKFUwbw"
            }
        ],
        "blocks": [
            {
                "type": "rich_text",
                "block_id": "cSH",
                "elements": [
                    {
                        "type": "rich_text_section",
                        "elements": [
                            {
                                "type": "link",
                                "url": "https:\/\/www.youtube.com\/watch?v=LLMnTKFUwbw"
                            }
                        ]
                    }
                ]
            }
        ]
    },
    {
        "client_msg_id": "63686446-b1f1-4f1c-964f-9a2c84e6707b",
        "type": "message",
        "text": "I found this video which explains how to do.",
        "user": "UJHD6A81H",
        "ts": "1574787795.111900",
        "team": "TJH5YU202",
        "user_team": "TJH5YU202",
        "source_team": "TJH5YU202",
        "user_profile": {
            "avatar_hash": "g6b8073e00e9",
            "image_72": "https:\/\/secure.gravatar.com\/avatar\/b96b8073e00e9eb02bcf05bc1418eb3a.jpg?s=72&d=https%3A%2F%2Fa.slack-edge.com%2Fdf10d%2Fimg%2Favatars%2Fava_0021-72.png",
            "first_name": "Otto",
            "real_name": "Otto Atzwanger",
            "display_name": "Otto",
            "team": "TJH5YU202",
            "name": "otto",
            "is_restricted": false,
            "is_ultra_restricted": false
        },
        "blocks": [
            {
                "type": "rich_text",
                "block_id": "oSRR",
                "elements": [
                    {
                        "type": "rich_text_section",
                        "elements": [
                            {
                                "type": "text",
                                "text": "I found this video which explains how to do."
                            }
                        ]
                    }
                ]
            }
        ]
    },
    {
        "client_msg_id": "6e0b729e-9e9c-476a-9034-5058c1dc2615",
        "type": "message",
        "text": "Try what I said. It works",
        "user": "UJRQZMTAM",
        "ts": "1574787803.112300",
        "team": "TJH5YU202",
        "user_team": "TJH5YU202",
        "source_team": "TJH5YU202",
        "user_profile": {
            "avatar_hash": "0d8c567df084",
            "image_72": "https:\/\/avatars.slack-edge.com\/2019-11-22\/834908722243_0d8c567df084bf59d639_72.png",
            "first_name": "Diego",
            "real_name": "Diego F",
            "display_name": "Diego F",
            "team": "TJH5YU202",
            "name": "diegohfazio",
            "is_restricted": false,
            "is_ultra_restricted": false
        },
        "blocks": [
            {
                "type": "rich_text",
                "block_id": "ggKX",
                "elements": [
                    {
                        "type": "rich_text_section",
                        "elements": [
                            {
                                "type": "text",
                                "text": "Try what I said. It works"
                            }
                        ]
                    }
                ]
            }
        ]
    },
    {
        "client_msg_id": "c4d010cb-f0a2-487c-b721-0b0de1673808",
        "type": "message",
        "text": "Thank you Diego.",
        "user": "UJHD6A81H",
        "ts": "1574787805.112500",
        "team": "TJH5YU202",
        "user_team": "TJH5YU202",
        "source_team": "TJH5YU202",
        "user_profile": {
            "avatar_hash": "g6b8073e00e9",
            "image_72": "https:\/\/secure.gravatar.com\/avatar\/b96b8073e00e9eb02bcf05bc1418eb3a.jpg?s=72&d=https%3A%2F%2Fa.slack-edge.com%2Fdf10d%2Fimg%2Favatars%2Fava_0021-72.png",
            "first_name": "Otto",
            "real_name": "Otto Atzwanger",
            "display_name": "Otto",
            "team": "TJH5YU202",
            "name": "otto",
            "is_restricted": false,
            "is_ultra_restricted": false
        },
        "blocks": [
            {
                "type": "rich_text",
                "block_id": "PxGT",
                "elements": [
                    {
                        "type": "rich_text_section",
                        "elements": [
                            {
                                "type": "text",
                                "text": "Thank you Diego."
                            }
                        ]
                    }
                ]
            }
        ]
    },
    {
        "client_msg_id": "637a7040-4b40-41b2-b8fd-450a33745355",
        "type": "message",
        "text": "for making a domain name point to localhost, the steps don't depend on XAMPP or any server",
        "user": "UNAHBRTFA",
        "ts": "1574788043.113600",
        "team": "TJH5YU202",
        "user_team": "TJH5YU202",
        "source_team": "TJH5YU202",
        "user_profile": {
            "avatar_hash": "g3d2a3f4c28c",
            "image_72": "https:\/\/secure.gravatar.com\/avatar\/23d2a3f4c28cebb4cf07e48d02620517.jpg?s=72&d=https%3A%2F%2Fa.slack-edge.com%2Fdf10d%2Fimg%2Favatars%2Fava_0020-72.png",
            "first_name": "Andreu",
            "real_name": "Andreu Botella",
            "display_name": "Andreu Botella",
            "team": "TJH5YU202",
            "name": "andreu.132",
            "is_restricted": false,
            "is_ultra_restricted": false
        },
        "blocks": [
            {
                "type": "rich_text",
                "block_id": "WEl",
                "elements": [
                    {
                        "type": "rich_text_section",
                        "elements": [
                            {
                                "type": "text",
                                "text": "for making a domain name point to localhost, the steps don't depend on XAMPP or any server"
                            }
                        ]
                    }
                ]
            }
        ]
    },
    {
        "client_msg_id": "7462cc9c-ba85-4daa-9ba5-34d2b3c8775f",
        "type": "message",
        "text": "it's even not very OS-dependent, what with unix systems using the same hosts format, just in the `\/etc\/hosts` path",
        "user": "UNAHBRTFA",
        "ts": "1574788117.114600",
        "team": "TJH5YU202",
        "user_team": "TJH5YU202",
        "source_team": "TJH5YU202",
        "user_profile": {
            "avatar_hash": "g3d2a3f4c28c",
            "image_72": "https:\/\/secure.gravatar.com\/avatar\/23d2a3f4c28cebb4cf07e48d02620517.jpg?s=72&d=https%3A%2F%2Fa.slack-edge.com%2Fdf10d%2Fimg%2Favatars%2Fava_0020-72.png",
            "first_name": "Andreu",
            "real_name": "Andreu Botella",
            "display_name": "Andreu Botella",
            "team": "TJH5YU202",
            "name": "andreu.132",
            "is_restricted": false,
            "is_ultra_restricted": false
        },
        "blocks": [
            {
                "type": "rich_text",
                "block_id": "Zbr",
                "elements": [
                    {
                        "type": "rich_text_section",
                        "elements": [
                            {
                                "type": "text",
                                "text": "it's even not very OS-dependent, what with unix systems using the same hosts format, just in the "
                            },
                            {
                                "type": "text",
                                "text": "\/etc\/hosts",
                                "style": {
                                    "code": true
                                }
                            },
                            {
                                "type": "text",
                                "text": " path"
                            }
                        ]
                    }
                ]
            }
        ]
    },
    {
        "client_msg_id": "3c1643e4-2835-4d0e-99a0-bbe0c8b50293",
        "type": "message",
        "text": "(that goes back to BSD unix, as most everything related to networking does)",
        "user": "UNAHBRTFA",
        "ts": "1574788135.115000",
        "team": "TJH5YU202",
        "user_team": "TJH5YU202",
        "source_team": "TJH5YU202",
        "user_profile": {
            "avatar_hash": "g3d2a3f4c28c",
            "image_72": "https:\/\/secure.gravatar.com\/avatar\/23d2a3f4c28cebb4cf07e48d02620517.jpg?s=72&d=https%3A%2F%2Fa.slack-edge.com%2Fdf10d%2Fimg%2Favatars%2Fava_0020-72.png",
            "first_name": "Andreu",
            "real_name": "Andreu Botella",
            "display_name": "Andreu Botella",
            "team": "TJH5YU202",
            "name": "andreu.132",
            "is_restricted": false,
            "is_ultra_restricted": false
        },
        "blocks": [
            {
                "type": "rich_text",
                "block_id": "Ecc",
                "elements": [
                    {
                        "type": "rich_text_section",
                        "elements": [
                            {
                                "type": "text",
                                "text": "(that goes back to BSD unix, as most everything related to networking does)"
                            }
                        ]
                    }
                ]
            }
        ]
    },
    {
        "client_msg_id": "2c7149a2-45da-42c5-8e9c-3a243f2f0e5b",
        "type": "message",
        "text": "now, in order to set up apache to serve different contents for different domains, that's of course server-dependent",
        "user": "UNAHBRTFA",
        "ts": "1574788207.116000",
        "team": "TJH5YU202",
        "user_team": "TJH5YU202",
        "source_team": "TJH5YU202",
        "user_profile": {
            "avatar_hash": "g3d2a3f4c28c",
            "image_72": "https:\/\/secure.gravatar.com\/avatar\/23d2a3f4c28cebb4cf07e48d02620517.jpg?s=72&d=https%3A%2F%2Fa.slack-edge.com%2Fdf10d%2Fimg%2Favatars%2Fava_0020-72.png",
            "first_name": "Andreu",
            "real_name": "Andreu Botella",
            "display_name": "Andreu Botella",
            "team": "TJH5YU202",
            "name": "andreu.132",
            "is_restricted": false,
            "is_ultra_restricted": false
        },
        "blocks": [
            {
                "type": "rich_text",
                "block_id": "GnN3",
                "elements": [
                    {
                        "type": "rich_text_section",
                        "elements": [
                            {
                                "type": "text",
                                "text": "now, in order to set up apache to serve different contents for different domains, that's of course server-dependent"
                            }
                        ]
                    }
                ]
            }
        ]
    },
    {
        "client_msg_id": "1d59c077-945f-45d7-a5c2-b9520026ed43",
        "type": "message",
        "text": "Andreu, now what is exactly the steps needed that folder myprograms can be accessed  with <http:\/\/myprograms.com|myprograms.com>.",
        "user": "UJHD6A81H",
        "ts": "1574788301.116800",
        "team": "TJH5YU202",
        "user_team": "TJH5YU202",
        "source_team": "TJH5YU202",
        "user_profile": {
            "avatar_hash": "g6b8073e00e9",
            "image_72": "https:\/\/secure.gravatar.com\/avatar\/b96b8073e00e9eb02bcf05bc1418eb3a.jpg?s=72&d=https%3A%2F%2Fa.slack-edge.com%2Fdf10d%2Fimg%2Favatars%2Fava_0021-72.png",
            "first_name": "Otto",
            "real_name": "Otto Atzwanger",
            "display_name": "Otto",
            "team": "TJH5YU202",
            "name": "otto",
            "is_restricted": false,
            "is_ultra_restricted": false
        },
        "blocks": [
            {
                "type": "rich_text",
                "block_id": "UKA",
                "elements": [
                    {
                        "type": "rich_text_section",
                        "elements": [
                            {
                                "type": "text",
                                "text": "Andreu, now what is exactly the steps needed that folder myprograms can be accessed  with "
                            },
                            {
                                "type": "link",
                                "url": "http:\/\/myprograms.com",
                                "text": "myprograms.com"
                            },
                            {
                                "type": "text",
                                "text": "."
                            }
                        ]
                    }
                ]
            }
        ]
    },
    {
        "client_msg_id": "7b6a5f3a-c50e-491d-b2fb-566a46ce9578",
        "type": "message",
        "text": "I need it for Apache and windows.",
        "user": "UJHD6A81H",
        "ts": "1574788331.117100",
        "team": "TJH5YU202",
        "user_team": "TJH5YU202",
        "source_team": "TJH5YU202",
        "user_profile": {
            "avatar_hash": "g6b8073e00e9",
            "image_72": "https:\/\/secure.gravatar.com\/avatar\/b96b8073e00e9eb02bcf05bc1418eb3a.jpg?s=72&d=https%3A%2F%2Fa.slack-edge.com%2Fdf10d%2Fimg%2Favatars%2Fava_0021-72.png",
            "first_name": "Otto",
            "real_name": "Otto Atzwanger",
            "display_name": "Otto",
            "team": "TJH5YU202",
            "name": "otto",
            "is_restricted": false,
            "is_ultra_restricted": false
        },
        "blocks": [
            {
                "type": "rich_text",
                "block_id": "C8iw2",
                "elements": [
                    {
                        "type": "rich_text_section",
                        "elements": [
                            {
                                "type": "text",
                                "text": "I need it for Apache and windows."
                            }
                        ]
                    }
                ]
            }
        ]
    },
    {
        "client_msg_id": "553c783a-d9d1-4162-bc76-1d5041e3fea9",
        "type": "message",
        "text": "If you don't need HTTPS, that's\n\n```<VirtualHost *:80>\n    ServerName <http:\/\/myprograms.com|myprograms.com>\n    DocumentRoot \"C:\/path\/to\/myprograms\"\n    # Additional settings here, such as ErrorLog, CustomLog...\n<\/VirtualHost>```",
        "user": "UNAHBRTFA",
        "ts": "1574788443.118600",
        "team": "TJH5YU202",
        "user_team": "TJH5YU202",
        "source_team": "TJH5YU202",
        "user_profile": {
            "avatar_hash": "g3d2a3f4c28c",
            "image_72": "https:\/\/secure.gravatar.com\/avatar\/23d2a3f4c28cebb4cf07e48d02620517.jpg?s=72&d=https%3A%2F%2Fa.slack-edge.com%2Fdf10d%2Fimg%2Favatars%2Fava_0020-72.png",
            "first_name": "Andreu",
            "real_name": "Andreu Botella",
            "display_name": "Andreu Botella",
            "team": "TJH5YU202",
            "name": "andreu.132",
            "is_restricted": false,
            "is_ultra_restricted": false
        },
        "edited": {
            "user": "UNAHBRTFA",
            "ts": "1574788519.000000"
        },
        "blocks": [
            {
                "type": "rich_text",
                "block_id": "gxJ",
                "elements": [
                    {
                        "type": "rich_text_section",
                        "elements": [
                            {
                                "type": "text",
                                "text": "If you don't need HTTPS, that's\n"
                            }
                        ]
                    },
                    {
                        "type": "rich_text_preformatted",
                        "elements": [
                            {
                                "type": "text",
                                "text": "<VirtualHost *:80>\n    ServerName "
                            },
                            {
                                "type": "link",
                                "url": "http:\/\/myprograms.com",
                                "text": "myprograms.com"
                            },
                            {
                                "type": "text",
                                "text": "\n    DocumentRoot \"C:\/path\/to\/myprograms\"\n    # Additional settings here, such as ErrorLog, CustomLog...\n<\/VirtualHost>"
                            }
                        ]
                    }
                ]
            }
        ]
    },
    {
        "client_msg_id": "d6856156-52ee-49a0-b1dd-9784688c0d45",
        "type": "message",
        "text": "That's on `C:\\Apache24\\httpd.conf`, I believe",
        "user": "UNAHBRTFA",
        "ts": "1574788556.120100",
        "team": "TJH5YU202",
        "user_team": "TJH5YU202",
        "source_team": "TJH5YU202",
        "user_profile": {
            "avatar_hash": "g3d2a3f4c28c",
            "image_72": "https:\/\/secure.gravatar.com\/avatar\/23d2a3f4c28cebb4cf07e48d02620517.jpg?s=72&d=https%3A%2F%2Fa.slack-edge.com%2Fdf10d%2Fimg%2Favatars%2Fava_0020-72.png",
            "first_name": "Andreu",
            "real_name": "Andreu Botella",
            "display_name": "Andreu Botella",
            "team": "TJH5YU202",
            "name": "andreu.132",
            "is_restricted": false,
            "is_ultra_restricted": false
        },
        "blocks": [
            {
                "type": "rich_text",
                "block_id": "b2v",
                "elements": [
                    {
                        "type": "rich_text_section",
                        "elements": [
                            {
                                "type": "text",
                                "text": "That's on "
                            },
                            {
                                "type": "text",
                                "text": "C:\\Apache24\\httpd.conf",
                                "style": {
                                    "code": true
                                }
                            },
                            {
                                "type": "text",
                                "text": ", I believe"
                            }
                        ]
                    }
                ]
            }
        ]
    },
    {
        "client_msg_id": "fabd3829-32ea-4812-bcf1-ea340df5d705",
        "type": "message",
        "text": "though I think XAMPP places it somewhere else",
        "user": "UNAHBRTFA",
        "ts": "1574788566.120500",
        "team": "TJH5YU202",
        "user_team": "TJH5YU202",
        "source_team": "TJH5YU202",
        "user_profile": {
            "avatar_hash": "g3d2a3f4c28c",
            "image_72": "https:\/\/secure.gravatar.com\/avatar\/23d2a3f4c28cebb4cf07e48d02620517.jpg?s=72&d=https%3A%2F%2Fa.slack-edge.com%2Fdf10d%2Fimg%2Favatars%2Fava_0020-72.png",
            "first_name": "Andreu",
            "real_name": "Andreu Botella",
            "display_name": "Andreu Botella",
            "team": "TJH5YU202",
            "name": "andreu.132",
            "is_restricted": false,
            "is_ultra_restricted": false
        },
        "blocks": [
            {
                "type": "rich_text",
                "block_id": "XE\/E",
                "elements": [
                    {
                        "type": "rich_text_section",
                        "elements": [
                            {
                                "type": "text",
                                "text": "though I think XAMPP places it somewhere else"
                            }
                        ]
                    }
                ]
            }
        ]
    },
    {
        "client_msg_id": "73181d1d-a01c-4143-92ac-7ceeda727815",
        "type": "message",
        "text": "if you need different folders for different domains, you add several `VirtualHost`s with different `ServerName`s",
        "user": "UNAHBRTFA",
        "ts": "1574788603.121300",
        "team": "TJH5YU202",
        "user_team": "TJH5YU202",
        "source_team": "TJH5YU202",
        "user_profile": {
            "avatar_hash": "g3d2a3f4c28c",
            "image_72": "https:\/\/secure.gravatar.com\/avatar\/23d2a3f4c28cebb4cf07e48d02620517.jpg?s=72&d=https%3A%2F%2Fa.slack-edge.com%2Fdf10d%2Fimg%2Favatars%2Fava_0020-72.png",
            "first_name": "Andreu",
            "real_name": "Andreu Botella",
            "display_name": "Andreu Botella",
            "team": "TJH5YU202",
            "name": "andreu.132",
            "is_restricted": false,
            "is_ultra_restricted": false
        },
        "blocks": [
            {
                "type": "rich_text",
                "block_id": "fCfFo",
                "elements": [
                    {
                        "type": "rich_text_section",
                        "elements": [
                            {
                                "type": "text",
                                "text": "if you need different folders for different domains, you add several "
                            },
                            {
                                "type": "text",
                                "text": "VirtualHost",
                                "style": {
                                    "code": true
                                }
                            },
                            {
                                "type": "text",
                                "text": "s with different "
                            },
                            {
                                "type": "text",
                                "text": "ServerName",
                                "style": {
                                    "code": true
                                }
                            },
                            {
                                "type": "text",
                                "text": "s"
                            }
                        ]
                    }
                ]
            }
        ]
    },
    {
        "client_msg_id": "fc1faab4-b4ad-4ffb-bff0-2b437eb9e95b",
        "type": "message",
        "text": "can we set up a index.prg autostarting",
        "user": "UJHD6A81H",
        "ts": "1574789528.121800",
        "team": "TJH5YU202",
        "user_team": "TJH5YU202",
        "source_team": "TJH5YU202",
        "user_profile": {
            "avatar_hash": "g6b8073e00e9",
            "image_72": "https:\/\/secure.gravatar.com\/avatar\/b96b8073e00e9eb02bcf05bc1418eb3a.jpg?s=72&d=https%3A%2F%2Fa.slack-edge.com%2Fdf10d%2Fimg%2Favatars%2Fava_0021-72.png",
            "first_name": "Otto",
            "real_name": "Otto Atzwanger",
            "display_name": "Otto",
            "team": "TJH5YU202",
            "name": "otto",
            "is_restricted": false,
            "is_ultra_restricted": false
        },
        "blocks": [
            {
                "type": "rich_text",
                "block_id": "5Lx7",
                "elements": [
                    {
                        "type": "rich_text_section",
                        "elements": [
                            {
                                "type": "text",
                                "text": "can we set up a index.prg autostarting"
                            }
                        ]
                    }
                ]
            }
        ]
    },
    {
        "client_msg_id": "490da9bd-1b1f-4594-83b4-1456f1f70b1e",
        "type": "message",
        "text": "```&lt;VirtualHost *:80&gt;\n    ServerName <http:\/\/myprograms.com|myprograms.com>\n    DocumentRoot \"C:\/path\/to\/myprograms\"\n&lt;\/VirtualHost&gt;\n&lt;Directory \"C:\/path\/to\/myprograms\"&gt;\n    Options -Indexes\n    DirectoryIndex index.prg index.hrb index.html index.htm\n&lt;\/Directory&gt;```",
        "user": "UNAHBRTFA",
        "ts": "1574789817.123200",
        "team": "TJH5YU202",
        "user_team": "TJH5YU202",
        "source_team": "TJH5YU202",
        "user_profile": {
            "avatar_hash": "g3d2a3f4c28c",
            "image_72": "https:\/\/secure.gravatar.com\/avatar\/23d2a3f4c28cebb4cf07e48d02620517.jpg?s=72&d=https%3A%2F%2Fa.slack-edge.com%2Fdf10d%2Fimg%2Favatars%2Fava_0020-72.png",
            "first_name": "Andreu",
            "real_name": "Andreu Botella",
            "display_name": "Andreu Botella",
            "team": "TJH5YU202",
            "name": "andreu.132",
            "is_restricted": false,
            "is_ultra_restricted": false
        },
        "blocks": [
            {
                "type": "rich_text",
                "block_id": "lKZh",
                "elements": [
                    {
                        "type": "rich_text_preformatted",
                        "elements": [
                            {
                                "type": "text",
                                "text": "<VirtualHost *:80>\n    ServerName "
                            },
                            {
                                "type": "link",
                                "url": "http:\/\/myprograms.com",
                                "text": "myprograms.com"
                            },
                            {
                                "type": "text",
                                "text": "\n    DocumentRoot \"C:\/path\/to\/myprograms\"\n<\/VirtualHost>\n<Directory \"C:\/path\/to\/myprograms\">\n    Options -Indexes\n    DirectoryIndex index.prg index.hrb index.html index.htm\n<\/Directory>"
                            }
                        ]
                    }
                ]
            }
        ]
    },
    {
        "client_msg_id": "7213ca75-2bcd-472d-9463-57863f7ff0b2",
        "type": "message",
        "text": "Hello Andreu, for me now it works but I also had to set up hosts in C:\\Windows\\System32\\drivers\\etc",
        "user": "UJHD6A81H",
        "ts": "1574792854.123900",
        "team": "TJH5YU202",
        "user_team": "TJH5YU202",
        "source_team": "TJH5YU202",
        "user_profile": {
            "avatar_hash": "g6b8073e00e9",
            "image_72": "https:\/\/secure.gravatar.com\/avatar\/b96b8073e00e9eb02bcf05bc1418eb3a.jpg?s=72&d=https%3A%2F%2Fa.slack-edge.com%2Fdf10d%2Fimg%2Favatars%2Fava_0021-72.png",
            "first_name": "Otto",
            "real_name": "Otto Atzwanger",
            "display_name": "Otto",
            "team": "TJH5YU202",
            "name": "otto",
            "is_restricted": false,
            "is_ultra_restricted": false
        },
        "blocks": [
            {
                "type": "rich_text",
                "block_id": "LV5",
                "elements": [
                    {
                        "type": "rich_text_section",
                        "elements": [
                            {
                                "type": "text",
                                "text": "Hello Andreu, for me now it works but I also had to set up hosts in C:\\Windows\\System32\\drivers\\etc"
                            }
                        ]
                    }
                ]
            }
        ]
    },
    {
        "client_msg_id": "348c6c0a-abd4-4860-8300-03105bc6563f",
        "type": "message",
        "text": "Do you know how to get https:\/\/ I have a certificate installed on my server.",
        "user": "UJHD6A81H",
        "ts": "1574792880.124500",
        "team": "TJH5YU202",
        "user_team": "TJH5YU202",
        "source_team": "TJH5YU202",
        "user_profile": {
            "avatar_hash": "g6b8073e00e9",
            "image_72": "https:\/\/secure.gravatar.com\/avatar\/b96b8073e00e9eb02bcf05bc1418eb3a.jpg?s=72&d=https%3A%2F%2Fa.slack-edge.com%2Fdf10d%2Fimg%2Favatars%2Fava_0021-72.png",
            "first_name": "Otto",
            "real_name": "Otto Atzwanger",
            "display_name": "Otto",
            "team": "TJH5YU202",
            "name": "otto",
            "is_restricted": false,
            "is_ultra_restricted": false
        },
        "blocks": [
            {
                "type": "rich_text",
                "block_id": "NE+Vw",
                "elements": [
                    {
                        "type": "rich_text_section",
                        "elements": [
                            {
                                "type": "text",
                                "text": "Do you know how to get https:\/\/ I have a certificate installed on my server."
                            }
                        ]
                    }
                ]
            }
        ]
    },
    {
        "client_msg_id": "368b3153-f2a5-45e2-bcc5-6389b8b33a39",
        "type": "message",
        "text": "Is it possible to execute local exe files from mod harbour.",
        "user": "UJHD6A81H",
        "ts": "1574793205.125600",
        "team": "TJH5YU202",
        "user_team": "TJH5YU202",
        "source_team": "TJH5YU202",
        "user_profile": {
            "avatar_hash": "g6b8073e00e9",
            "image_72": "https:\/\/secure.gravatar.com\/avatar\/b96b8073e00e9eb02bcf05bc1418eb3a.jpg?s=72&d=https%3A%2F%2Fa.slack-edge.com%2Fdf10d%2Fimg%2Favatars%2Fava_0021-72.png",
            "first_name": "Otto",
            "real_name": "Otto Atzwanger",
            "display_name": "Otto",
            "team": "TJH5YU202",
            "name": "otto",
            "is_restricted": false,
            "is_ultra_restricted": false
        },
        "blocks": [
            {
                "type": "rich_text",
                "block_id": "6HBBX",
                "elements": [
                    {
                        "type": "rich_text_section",
                        "elements": [
                            {
                                "type": "text",
                                "text": "Is it possible to execute local exe files from mod harbour."
                            }
                        ]
                    }
                ]
            }
        ]
    },
    {
        "client_msg_id": "7d9bfba3-eda5-4769-8418-4458c117c821",
        "type": "message",
        "text": "<https:\/\/harbour.github.io\/doc\/clc53.html#run-cmd> ← Apparently so",
        "user": "UNAHBRTFA",
        "ts": "1574793274.126300",
        "team": "TJH5YU202",
        "user_team": "TJH5YU202",
        "source_team": "TJH5YU202",
        "user_profile": {
            "avatar_hash": "g3d2a3f4c28c",
            "image_72": "https:\/\/secure.gravatar.com\/avatar\/23d2a3f4c28cebb4cf07e48d02620517.jpg?s=72&d=https%3A%2F%2Fa.slack-edge.com%2Fdf10d%2Fimg%2Favatars%2Fava_0020-72.png",
            "first_name": "Andreu",
            "real_name": "Andreu Botella",
            "display_name": "Andreu Botella",
            "team": "TJH5YU202",
            "name": "andreu.132",
            "is_restricted": false,
            "is_ultra_restricted": false
        },
        "blocks": [
            {
                "type": "rich_text",
                "block_id": "5K1k",
                "elements": [
                    {
                        "type": "rich_text_section",
                        "elements": [
                            {
                                "type": "link",
                                "url": "https:\/\/harbour.github.io\/doc\/clc53.html#run-cmd"
                            },
                            {
                                "type": "text",
                                "text": " ← Apparently so"
                            }
                        ]
                    }
                ]
            }
        ]
    },
    {
        "client_msg_id": "76b3464a-7883-4998-a4e5-6dd8e2aad8d6",
        "type": "message",
        "text": "As for https, you add a `VirtualHost *:443`  block, with the same settings plus\n\n```SSLEngine on\nSSLCertificateFile C:\\path\\to\\certificate\\file.pem\nSSLCertificateKeyFile C:\\path\\to\\certificate\\key.pem\n# Handle old IE versions with poor SSL support\nBrowserMatch \"MSIE [2-6]\" \\\n    nokeepalive ssl-unclean-shutdown \\\n    downgrade-1.0 force-response-1.0\nBrowserMatch \"MSIE [17-9]\" ssl-unclean-shutdown```",
        "user": "UNAHBRTFA",
        "ts": "1574793486.129000",
        "team": "TJH5YU202",
        "user_team": "TJH5YU202",
        "source_team": "TJH5YU202",
        "user_profile": {
            "avatar_hash": "g3d2a3f4c28c",
            "image_72": "https:\/\/secure.gravatar.com\/avatar\/23d2a3f4c28cebb4cf07e48d02620517.jpg?s=72&d=https%3A%2F%2Fa.slack-edge.com%2Fdf10d%2Fimg%2Favatars%2Fava_0020-72.png",
            "first_name": "Andreu",
            "real_name": "Andreu Botella",
            "display_name": "Andreu Botella",
            "team": "TJH5YU202",
            "name": "andreu.132",
            "is_restricted": false,
            "is_ultra_restricted": false
        },
        "blocks": [
            {
                "type": "rich_text",
                "block_id": "CZWsy",
                "elements": [
                    {
                        "type": "rich_text_section",
                        "elements": [
                            {
                                "type": "text",
                                "text": "As for https, you add a "
                            },
                            {
                                "type": "text",
                                "text": "VirtualHost *:443",
                                "style": {
                                    "code": true
                                }
                            },
                            {
                                "type": "text",
                                "text": "  block, with the same settings plus\n"
                            }
                        ]
                    },
                    {
                        "type": "rich_text_preformatted",
                        "elements": [
                            {
                                "type": "text",
                                "text": "SSLEngine on\nSSLCertificateFile C:\\path\\to\\certificate\\file.pem\nSSLCertificateKeyFile C:\\path\\to\\certificate\\key.pem\n# Handle old IE versions with poor SSL support\nBrowserMatch \"MSIE [2-6]\" \\\n    nokeepalive ssl-unclean-shutdown \\\n    downgrade-1.0 force-response-1.0\nBrowserMatch \"MSIE [17-9]\" ssl-unclean-shutdown"
                            }
                        ]
                    }
                ]
            }
        ]
    },
    {
        "client_msg_id": "80bf783b-dd68-458e-93b1-605f4951cb36",
        "type": "message",
        "text": "Andreu thank you. All working fine.",
        "user": "UJHD6A81H",
        "ts": "1574794824.129400",
        "team": "TJH5YU202",
        "user_team": "TJH5YU202",
        "source_team": "TJH5YU202",
        "user_profile": {
            "avatar_hash": "g6b8073e00e9",
            "image_72": "https:\/\/secure.gravatar.com\/avatar\/b96b8073e00e9eb02bcf05bc1418eb3a.jpg?s=72&d=https%3A%2F%2Fa.slack-edge.com%2Fdf10d%2Fimg%2Favatars%2Fava_0021-72.png",
            "first_name": "Otto",
            "real_name": "Otto Atzwanger",
            "display_name": "Otto",
            "team": "TJH5YU202",
            "name": "otto",
            "is_restricted": false,
            "is_ultra_restricted": false
        },
        "blocks": [
            {
                "type": "rich_text",
                "block_id": "BzpU8",
                "elements": [
                    {
                        "type": "rich_text_section",
                        "elements": [
                            {
                                "type": "text",
                                "text": "Andreu thank you. All working fine."
                            }
                        ]
                    }
                ]
            }
        ]
    },
    {
        "client_msg_id": "8f09b9dc-1e05-4278-9100-a76c0575cf4a",
        "type": "message",
        "text": "I mean http and https",
        "user": "UJHD6A81H",
        "ts": "1574794870.129700",
        "team": "TJH5YU202",
        "user_team": "TJH5YU202",
        "source_team": "TJH5YU202",
        "user_profile": {
            "avatar_hash": "g6b8073e00e9",
            "image_72": "https:\/\/secure.gravatar.com\/avatar\/b96b8073e00e9eb02bcf05bc1418eb3a.jpg?s=72&d=https%3A%2F%2Fa.slack-edge.com%2Fdf10d%2Fimg%2Favatars%2Fava_0021-72.png",
            "first_name": "Otto",
            "real_name": "Otto Atzwanger",
            "display_name": "Otto",
            "team": "TJH5YU202",
            "name": "otto",
            "is_restricted": false,
            "is_ultra_restricted": false
        },
        "blocks": [
            {
                "type": "rich_text",
                "block_id": "J0w3",
                "elements": [
                    {
                        "type": "rich_text_section",
                        "elements": [
                            {
                                "type": "text",
                                "text": "I mean http and https"
                            }
                        ]
                    }
                ]
            }
        ]
    },
    {
        "client_msg_id": "2cf6d0f5-a85f-46e8-94a8-7287d9b6287b",
        "type": "message",
        "text": "Running an EXE file for me is not working.",
        "user": "UJHD6A81H",
        "ts": "1574794889.130200",
        "team": "TJH5YU202",
        "user_team": "TJH5YU202",
        "source_team": "TJH5YU202",
        "user_profile": {
            "avatar_hash": "g6b8073e00e9",
            "image_72": "https:\/\/secure.gravatar.com\/avatar\/b96b8073e00e9eb02bcf05bc1418eb3a.jpg?s=72&d=https%3A%2F%2Fa.slack-edge.com%2Fdf10d%2Fimg%2Favatars%2Fava_0021-72.png",
            "first_name": "Otto",
            "real_name": "Otto Atzwanger",
            "display_name": "Otto",
            "team": "TJH5YU202",
            "name": "otto",
            "is_restricted": false,
            "is_ultra_restricted": false
        },
        "blocks": [
            {
                "type": "rich_text",
                "block_id": "4gJ1S",
                "elements": [
                    {
                        "type": "rich_text_section",
                        "elements": [
                            {
                                "type": "text",
                                "text": "Running an EXE file for me is not working."
                            }
                        ]
                    }
                ]
            }
        ]
    },
    {
        "client_msg_id": "1e38ef84-d8fd-4cc6-87e1-434d2df91896",
        "type": "message",
        "text": "I didn't try it myself, I just did a quick search on the harbour docs",
        "user": "UNAHBRTFA",
        "ts": "1574794907.130600",
        "team": "TJH5YU202",
        "user_team": "TJH5YU202",
        "source_team": "TJH5YU202",
        "user_profile": {
            "avatar_hash": "g3d2a3f4c28c",
            "image_72": "https:\/\/secure.gravatar.com\/avatar\/23d2a3f4c28cebb4cf07e48d02620517.jpg?s=72&d=https%3A%2F%2Fa.slack-edge.com%2Fdf10d%2Fimg%2Favatars%2Fava_0020-72.png",
            "first_name": "Andreu",
            "real_name": "Andreu Botella",
            "display_name": "Andreu Botella",
            "team": "TJH5YU202",
            "name": "andreu.132",
            "is_restricted": false,
            "is_ultra_restricted": false
        },
        "blocks": [
            {
                "type": "rich_text",
                "block_id": "YqX9",
                "elements": [
                    {
                        "type": "rich_text_section",
                        "elements": [
                            {
                                "type": "text",
                                "text": "I didn't try it myself, I just did a quick search on the harbour docs"
                            }
                        ]
                    }
                ]
            }
        ]
    },
    {
        "client_msg_id": "44dae1eb-d421-4b01-acb1-f49408349c64",
        "type": "message",
        "text": "It would be an interesting feature for a dashboard. Having a local web page where you could start web pages as well as programs.",
        "user": "UJHD6A81H",
        "ts": "1574795205.131900",
        "team": "TJH5YU202",
        "user_team": "TJH5YU202",
        "source_team": "TJH5YU202",
        "user_profile": {
            "avatar_hash": "g6b8073e00e9",
            "image_72": "https:\/\/secure.gravatar.com\/avatar\/b96b8073e00e9eb02bcf05bc1418eb3a.jpg?s=72&d=https%3A%2F%2Fa.slack-edge.com%2Fdf10d%2Fimg%2Favatars%2Fava_0021-72.png",
            "first_name": "Otto",
            "real_name": "Otto Atzwanger",
            "display_name": "Otto",
            "team": "TJH5YU202",
            "name": "otto",
            "is_restricted": false,
            "is_ultra_restricted": false
        },
        "blocks": [
            {
                "type": "rich_text",
                "block_id": "CvlLq",
                "elements": [
                    {
                        "type": "rich_text_section",
                        "elements": [
                            {
                                "type": "text",
                                "text": "It would be an interesting feature for a dashboard. Having a local web page where you could start web pages as well as programs."
                            }
                        ]
                    }
                ]
            }
        ]
    },
    {
        "client_msg_id": "38C3700C-CBD9-480B-BE45-EE6219F40811",
        "type": "message",
        "text": "<@UJHD6A81H> , did you try with hb_run(\"....\")?",
        "user": "UJRQZMTAM",
        "ts": "1574797704.132800",
        "team": "TJH5YU202",
        "user_team": "TJH5YU202",
        "source_team": "TJH5YU202",
        "user_profile": {
            "avatar_hash": "0d8c567df084",
            "image_72": "https:\/\/avatars.slack-edge.com\/2019-11-22\/834908722243_0d8c567df084bf59d639_72.png",
            "first_name": "Diego",
            "real_name": "Diego F",
            "display_name": "Diego F",
            "team": "TJH5YU202",
            "name": "diegohfazio",
            "is_restricted": false,
            "is_ultra_restricted": false
        }
    },
    {
        "client_msg_id": "5edc0a98-5b4c-4834-9f35-6b31087dc29f",
        "type": "message",
        "text": "or \"HB_ProcessRun\" ?",
        "user": "UJUJLTWMT",
        "ts": "1574798576.133100",
        "team": "TJH5YU202",
        "user_team": "TJH5YU202",
        "source_team": "TJH5YU202",
        "user_profile": {
            "avatar_hash": "a60e3b1ef2d2",
            "image_72": "https:\/\/avatars.slack-edge.com\/2019-08-20\/726246109489_a60e3b1ef2d2c141969d_72.jpg",
            "first_name": "",
            "real_name": "Cristobal",
            "display_name": "Cristobal",
            "team": "TJH5YU202",
            "name": "navarro.cristobal",
            "is_restricted": false,
            "is_ultra_restricted": false
        },
        "blocks": [
            {
                "type": "rich_text",
                "block_id": "Cp=1",
                "elements": [
                    {
                        "type": "rich_text_section",
                        "elements": [
                            {
                                "type": "text",
                                "text": "or \"HB_ProcessRun\" ?"
                            }
                        ]
                    }
                ]
            }
        ]
    },
    {
        "client_msg_id": "a4162980-e8bf-48fa-8e8b-bc68e4b98172",
        "type": "message",
        "text": "I will try tomorrow",
        "user": "UJHD6A81H",
        "ts": "1574799983.133600",
        "team": "TJH5YU202",
        "user_team": "TJH5YU202",
        "source_team": "TJH5YU202",
        "user_profile": {
            "avatar_hash": "g6b8073e00e9",
            "image_72": "https:\/\/secure.gravatar.com\/avatar\/b96b8073e00e9eb02bcf05bc1418eb3a.jpg?s=72&d=https%3A%2F%2Fa.slack-edge.com%2Fdf10d%2Fimg%2Favatars%2Fava_0021-72.png",
            "first_name": "Otto",
            "real_name": "Otto Atzwanger",
            "display_name": "Otto",
            "team": "TJH5YU202",
            "name": "otto",
            "is_restricted": false,
            "is_ultra_restricted": false
        }
    },
    {
        "client_msg_id": "e0855618-6a88-418c-a0a8-e0c51eac7627",
        "type": "message",
        "text": "<@UJHD6A81H> <@UNAHBRTFA> Run a process in the service desktop  require some extra work,  and sometimes result a bit tricky, but rings me a bell to have seen some helpper functions on the apache api searching for anything else",
        "user": "UMZ3LNV5Z",
        "ts": "1574806415.137200",
        "team": "TJH5YU202",
        "user_team": "TJH5YU202",
        "source_team": "TJH5YU202",
        "user_profile": {
            "avatar_hash": "ec1f7fc24912",
            "image_72": "https:\/\/avatars.slack-edge.com\/2019-09-16\/760961231605_ec1f7fc24912daa47f98_72.jpg",
            "first_name": "Pablo",
            "real_name": "Pablo Botella",
            "display_name": "Pablo Botella",
            "team": "TJH5YU202",
            "name": "pb",
            "is_restricted": false,
            "is_ultra_restricted": false
        },
        "edited": {
            "user": "UMZ3LNV5Z",
            "ts": "1574806549.000000"
        },
        "blocks": [
            {
                "type": "rich_text",
                "block_id": "Zb5",
                "elements": [
                    {
                        "type": "rich_text_section",
                        "elements": [
                            {
                                "type": "user",
                                "user_id": "UJHD6A81H"
                            },
                            {
                                "type": "text",
                                "text": " "
                            },
                            {
                                "type": "user",
                                "user_id": "UNAHBRTFA"
                            },
                            {
                                "type": "text",
                                "text": " Run a process in the service desktop  require some extra work,  and sometimes result a bit tricky, but rings me a bell to have seen some helpper functions on the apache api searching for anything else"
                            }
                        ]
                    }
                ]
            }
        ]
    }
]