[
    {
        "client_msg_id": "2664eae0-90a1-47a6-b858-74fb1d821361",
        "type": "message",
        "text": "Buen día :thumbsup_all:",
        "user": "UK28N3CER",
        "ts": "1571916767.058600",
        "team": "TJH5YU202",
        "user_team": "TJH5YU202",
        "source_team": "TJH5YU202",
        "user_profile": {
            "avatar_hash": "7f09da813e5b",
            "image_72": "https:\/\/avatars.slack-edge.com\/2020-01-01\/880554116721_7f09da813e5b80b5a0a0_72.jpg",
            "first_name": "",
            "real_name": "Cesar SysCtrl Software",
            "display_name": "Cesar SysCtrl Software",
            "team": "TJH5YU202",
            "name": "sysctrlsoftware",
            "is_restricted": false,
            "is_ultra_restricted": false
        }
    },
    {
        "client_msg_id": "5182e58f-a10d-456e-83d2-c579ca5c677a",
        "type": "message",
        "text": "Hola buenos días, en el menú de install XAMPP and mod_harbour que opción selecciono o le doy click,",
        "user": "UPMFPTAFR",
        "ts": "1571942742.060000",
        "team": "TJH5YU202",
        "user_team": "TJH5YU202",
        "source_team": "TJH5YU202",
        "user_profile": {
            "avatar_hash": "g3951babdbb8",
            "image_72": "https:\/\/secure.gravatar.com\/avatar\/3951babdbb8af2e63cce9b155450b35a.jpg?s=72&d=https%3A%2F%2Fa.slack-edge.com%2Fdf10d%2Fimg%2Favatars%2Fava_0005-72.png",
            "first_name": "",
            "real_name": "alfredo salas",
            "display_name": "alfredo salas",
            "team": "TJH5YU202",
            "name": "alfredosa64",
            "is_restricted": false,
            "is_ultra_restricted": false
        }
    },
    {
        "client_msg_id": "e4d86c39-a90f-4018-8538-167497662074",
        "type": "message",
        "text": "Alfredo do you speak about  <https:\/\/mybergland.com\/fwforum\/install_xampp_and_modharbour.exe>",
        "user": "UJHD6A81H",
        "ts": "1571942836.060500",
        "team": "TJH5YU202",
        "user_team": "TJH5YU202",
        "source_team": "TJH5YU202",
        "user_profile": {
            "avatar_hash": "g6b8073e00e9",
            "image_72": "https:\/\/secure.gravatar.com\/avatar\/b96b8073e00e9eb02bcf05bc1418eb3a.jpg?s=72&d=https%3A%2F%2Fa.slack-edge.com%2Fdf10d%2Fimg%2Favatars%2Fava_0021-72.png",
            "first_name": "Otto",
            "real_name": "Otto Atzwanger",
            "display_name": "Otto",
            "team": "TJH5YU202",
            "name": "otto",
            "is_restricted": false,
            "is_ultra_restricted": false
        }
    },
    {
        "client_msg_id": "6701b005-0d71-4b78-9404-e5c4286cbff0",
        "type": "message",
        "text": "ejecuto install XAMPP and mod_harbour  y me salen varias opciones, cual es la que debo seleccionar para instalar modharbour en xammp de 64 bits",
        "user": "UPMFPTAFR",
        "ts": "1571943334.061500",
        "team": "TJH5YU202",
        "user_team": "TJH5YU202",
        "source_team": "TJH5YU202",
        "user_profile": {
            "avatar_hash": "g3951babdbb8",
            "image_72": "https:\/\/secure.gravatar.com\/avatar\/3951babdbb8af2e63cce9b155450b35a.jpg?s=72&d=https%3A%2F%2Fa.slack-edge.com%2Fdf10d%2Fimg%2Favatars%2Fava_0005-72.png",
            "first_name": "",
            "real_name": "alfredo salas",
            "display_name": "alfredo salas",
            "team": "TJH5YU202",
            "name": "alfredosa64",
            "is_restricted": false,
            "is_ultra_restricted": false
        }
    },
    {
        "client_msg_id": "096b3c26-5951-4b33-ba6e-358ffabbb67e",
        "type": "message",
        "text": "Here is the description what the program does: <https:\/\/winhotel.space\/modharbourdoc\/apache%20installlation.htm>",
        "user": "UJHD6A81H",
        "ts": "1571944502.062100",
        "team": "TJH5YU202",
        "user_team": "TJH5YU202",
        "source_team": "TJH5YU202",
        "user_profile": {
            "avatar_hash": "g6b8073e00e9",
            "image_72": "https:\/\/secure.gravatar.com\/avatar\/b96b8073e00e9eb02bcf05bc1418eb3a.jpg?s=72&d=https%3A%2F%2Fa.slack-edge.com%2Fdf10d%2Fimg%2Favatars%2Fava_0021-72.png",
            "first_name": "Otto",
            "real_name": "Otto Atzwanger",
            "display_name": "Otto",
            "team": "TJH5YU202",
            "name": "otto",
            "is_restricted": false,
            "is_ultra_restricted": false
        }
    },
    {
        "client_msg_id": "1ea00683-8c74-4881-9209-70936345af4b",
        "type": "message",
        "text": "Important Firefox must be default editor, you must press from top to down every button and download and install every program immediately - for firewall follow the instructions.",
        "user": "UJHD6A81H",
        "ts": "1571944678.063900",
        "team": "TJH5YU202",
        "user_team": "TJH5YU202",
        "source_team": "TJH5YU202",
        "user_profile": {
            "avatar_hash": "g6b8073e00e9",
            "image_72": "https:\/\/secure.gravatar.com\/avatar\/b96b8073e00e9eb02bcf05bc1418eb3a.jpg?s=72&d=https%3A%2F%2Fa.slack-edge.com%2Fdf10d%2Fimg%2Favatars%2Fava_0021-72.png",
            "first_name": "Otto",
            "real_name": "Otto Atzwanger",
            "display_name": "Otto",
            "team": "TJH5YU202",
            "name": "otto",
            "is_restricted": false,
            "is_ultra_restricted": false
        },
        "edited": {
            "user": "UJHD6A81H",
            "ts": "1571944697.000000"
        }
    },
    {
        "client_msg_id": "3da1b33c-2da4-4afc-ab22-596477013564",
        "type": "message",
        "text": "this is for 64 bits.",
        "user": "UJHD6A81H",
        "ts": "1571944767.064300",
        "team": "TJH5YU202",
        "user_team": "TJH5YU202",
        "source_team": "TJH5YU202",
        "user_profile": {
            "avatar_hash": "g6b8073e00e9",
            "image_72": "https:\/\/secure.gravatar.com\/avatar\/b96b8073e00e9eb02bcf05bc1418eb3a.jpg?s=72&d=https%3A%2F%2Fa.slack-edge.com%2Fdf10d%2Fimg%2Favatars%2Fava_0021-72.png",
            "first_name": "Otto",
            "real_name": "Otto Atzwanger",
            "display_name": "Otto",
            "team": "TJH5YU202",
            "name": "otto",
            "is_restricted": false,
            "is_ultra_restricted": false
        }
    },
    {
        "client_msg_id": "ed434591-6f5c-4bb9-8df3-6951b96f9935",
        "type": "message",
        "text": "porfa y si ya tengo instalado el xampp y el visual estudio 2019 comunity y no puedo desinstalarlos?",
        "user": "UPMFPTAFR",
        "ts": "1571945045.065500",
        "team": "TJH5YU202",
        "user_team": "TJH5YU202",
        "source_team": "TJH5YU202",
        "user_profile": {
            "avatar_hash": "g3951babdbb8",
            "image_72": "https:\/\/secure.gravatar.com\/avatar\/3951babdbb8af2e63cce9b155450b35a.jpg?s=72&d=https%3A%2F%2Fa.slack-edge.com%2Fdf10d%2Fimg%2Favatars%2Fava_0005-72.png",
            "first_name": "",
            "real_name": "alfredo salas",
            "display_name": "alfredo salas",
            "team": "TJH5YU202",
            "name": "alfredosa64",
            "is_restricted": false,
            "is_ultra_restricted": false
        }
    },
    {
        "client_msg_id": "707c0b98-5dab-47c9-99da-4f34f634d154",
        "type": "message",
        "text": "Alfredo, I think you get warnings if you re-install but it will work. I made many tests. Important that you install both",
        "user": "UJHD6A81H",
        "ts": "1571945964.066800",
        "team": "TJH5YU202",
        "user_team": "TJH5YU202",
        "source_team": "TJH5YU202",
        "user_profile": {
            "avatar_hash": "g6b8073e00e9",
            "image_72": "https:\/\/secure.gravatar.com\/avatar\/b96b8073e00e9eb02bcf05bc1418eb3a.jpg?s=72&d=https%3A%2F%2Fa.slack-edge.com%2Fdf10d%2Fimg%2Favatars%2Fava_0021-72.png",
            "first_name": "Otto",
            "real_name": "Otto Atzwanger",
            "display_name": "Otto",
            "team": "TJH5YU202",
            "name": "otto",
            "is_restricted": false,
            "is_ultra_restricted": false
        }
    },
    {
        "client_msg_id": "bf3d03de-58d3-4351-bb75-4d74621b9cb6",
        "type": "message",
        "text": "Visual Studio C++ Redistributable 2017 (both are required)\n\nx86",
        "user": "UJHD6A81H",
        "ts": "1571946005.067000",
        "team": "TJH5YU202",
        "user_team": "TJH5YU202",
        "source_team": "TJH5YU202",
        "user_profile": {
            "avatar_hash": "g6b8073e00e9",
            "image_72": "https:\/\/secure.gravatar.com\/avatar\/b96b8073e00e9eb02bcf05bc1418eb3a.jpg?s=72&d=https%3A%2F%2Fa.slack-edge.com%2Fdf10d%2Fimg%2Favatars%2Fava_0021-72.png",
            "first_name": "Otto",
            "real_name": "Otto Atzwanger",
            "display_name": "Otto",
            "team": "TJH5YU202",
            "name": "otto",
            "is_restricted": false,
            "is_ultra_restricted": false
        }
    },
    {
        "client_msg_id": "097ba07f-5a82-472d-a582-07be4cd55bfd",
        "type": "message",
        "text": "Alfredo si pudiste?",
        "user": "UK28N3CER",
        "ts": "1571953994.067400",
        "team": "TJH5YU202",
        "user_team": "TJH5YU202",
        "source_team": "TJH5YU202",
        "user_profile": {
            "avatar_hash": "7f09da813e5b",
            "image_72": "https:\/\/avatars.slack-edge.com\/2020-01-01\/880554116721_7f09da813e5b80b5a0a0_72.jpg",
            "first_name": "",
            "real_name": "Cesar SysCtrl Software",
            "display_name": "Cesar SysCtrl Software",
            "team": "TJH5YU202",
            "name": "sysctrlsoftware",
            "is_restricted": false,
            "is_ultra_restricted": false
        }
    },
    {
        "client_msg_id": "39f2dfda-be36-42c1-a791-1ff1ebc52cb6",
        "type": "message",
        "text": "No no pude",
        "user": "UPMFPTAFR",
        "ts": "1571967759.067600",
        "team": "TJH5YU202",
        "user_team": "TJH5YU202",
        "source_team": "TJH5YU202",
        "user_profile": {
            "avatar_hash": "g3951babdbb8",
            "image_72": "https:\/\/secure.gravatar.com\/avatar\/3951babdbb8af2e63cce9b155450b35a.jpg?s=72&d=https%3A%2F%2Fa.slack-edge.com%2Fdf10d%2Fimg%2Favatars%2Fava_0005-72.png",
            "first_name": "",
            "real_name": "alfredo salas",
            "display_name": "alfredo salas",
            "team": "TJH5YU202",
            "name": "alfredosa64",
            "is_restricted": false,
            "is_ultra_restricted": false
        }
    },
    {
        "client_msg_id": "e5e5c0fa-76a3-448d-afd1-4f08a3676880",
        "type": "message",
        "text": "que te falta?",
        "user": "UK28N3CER",
        "ts": "1571973638.067800",
        "team": "TJH5YU202",
        "user_team": "TJH5YU202",
        "source_team": "TJH5YU202",
        "user_profile": {
            "avatar_hash": "7f09da813e5b",
            "image_72": "https:\/\/avatars.slack-edge.com\/2020-01-01\/880554116721_7f09da813e5b80b5a0a0_72.jpg",
            "first_name": "",
            "real_name": "Cesar SysCtrl Software",
            "display_name": "Cesar SysCtrl Software",
            "team": "TJH5YU202",
            "name": "sysctrlsoftware",
            "is_restricted": false,
            "is_ultra_restricted": false
        }
    },
    {
        "client_msg_id": "4975f0ad-c928-498c-b1a7-d39dd57bf077",
        "type": "message",
        "text": "Egun on !",
        "user": "UJWR5N32S",
        "ts": "1571981152.068000",
        "team": "TJH5YU202",
        "user_team": "TJH5YU202",
        "source_team": "TJH5YU202",
        "user_profile": {
            "avatar_hash": "273d3745f7ae",
            "image_72": "https:\/\/avatars.slack-edge.com\/2019-05-20\/634344238497_273d3745f7ae1b176b82_72.jpg",
            "first_name": "Charly",
            "real_name": "Charly",
            "display_name": "Charly",
            "team": "TJH5YU202",
            "name": "carles9000",
            "is_restricted": false,
            "is_ultra_restricted": false
        }
    },
    {
        "client_msg_id": "fb1dd7b2-e43e-4b36-9103-e21a83106a2a",
        "type": "message",
        "text": "buenos dias :sunny:",
        "user": "UJN8D8U3B",
        "ts": "1571981681.068300",
        "team": "TJH5YU202",
        "user_team": "TJH5YU202",
        "source_team": "TJH5YU202",
        "user_profile": {
            "avatar_hash": "g92ad2abcc45",
            "image_72": "https:\/\/secure.gravatar.com\/avatar\/8492ad2abcc45ce53969adcf8420acde.jpg?s=72&d=https%3A%2F%2Fa.slack-edge.com%2Fdf10d%2Fimg%2Favatars%2Fava_0008-72.png",
            "first_name": "",
            "real_name": "Antonio Linares",
            "display_name": "Antonio Linares",
            "team": "TJH5YU202",
            "name": "alinares",
            "is_restricted": false,
            "is_ultra_restricted": false
        }
    },
    {
        "client_msg_id": "370b284e-a1e6-4fa2-a8b8-e98ce981f14d",
        "type": "message",
        "text": "Bon dia !",
        "user": "UJK7SNX51",
        "ts": "1571985571.068500",
        "team": "TJH5YU202",
        "user_team": "TJH5YU202",
        "source_team": "TJH5YU202",
        "user_profile": {
            "avatar_hash": "6698a9ba696b",
            "image_72": "https:\/\/avatars.slack-edge.com\/2019-07-04\/673660529330_6698a9ba696bad01eb8c_72.jpg",
            "first_name": "Baxajaun",
            "real_name": "Baxajaun",
            "display_name": "Baxajaun",
            "team": "TJH5YU202",
            "name": "fpgrande",
            "is_restricted": false,
            "is_ultra_restricted": false
        }
    }
]