[
    {
        "client_msg_id": "d481d4a2-43d4-46c8-93d8-09c3263a3fe6",
        "type": "message",
        "text": "good morning",
        "user": "UJHD6A81H",
        "ts": "1570087077.484900",
        "team": "TJH5YU202",
        "user_team": "TJH5YU202",
        "source_team": "TJH5YU202",
        "user_profile": {
            "avatar_hash": "g6b8073e00e9",
            "image_72": "https:\/\/secure.gravatar.com\/avatar\/b96b8073e00e9eb02bcf05bc1418eb3a.jpg?s=72&d=https%3A%2F%2Fa.slack-edge.com%2Fdf10d%2Fimg%2Favatars%2Fava_0021-72.png",
            "first_name": "Otto",
            "real_name": "Otto Atzwanger",
            "display_name": "Otto",
            "team": "TJH5YU202",
            "name": "otto",
            "is_restricted": false,
            "is_ultra_restricted": false
        }
    },
    {
        "client_msg_id": "be655e48-8cf5-4d55-9913-f2b0d3280fa4",
        "type": "message",
        "text": "Buongiorno :sun_with_face:",
        "user": "UJVB4M0DN",
        "ts": "1570090263.485200",
        "team": "TJH5YU202",
        "user_team": "TJH5YU202",
        "source_team": "TJH5YU202",
        "user_profile": {
            "avatar_hash": "51ab5468a160",
            "image_72": "https:\/\/avatars.slack-edge.com\/2019-08-07\/707730878514_51ab5468a16072058d4a_72.png",
            "first_name": "",
            "real_name": "Massimo Linossi",
            "display_name": "Massimo Linossi",
            "team": "TJH5YU202",
            "name": "info413",
            "is_restricted": false,
            "is_ultra_restricted": false
        }
    },
    {
        "type": "message",
        "text": "function Main()\n\n   TEMPLATE\n   &lt;style&gt;\n   #progress_bar {\n     margin: 10px 0;\n     padding: 3px;\n     border: 1px solid #000;\n     font-size: 14px;\n     clear: both;\n     opacity: 0;\n     -moz-transition: opacity 1s linear;\n     -o-transition: opacity 1s linear;\n     -webkit-transition: opacity 1s linear;\n   }\n   #progress_bar.loading {\n     opacity: 1.0;\n   }\n   #progress_bar .percent {\n     background-color: #99ccff;\n     height: auto;\n     width: 0;\n   }\n &lt;\/style&gt;\n\n &lt;input type=\"file\" id=\"files\" name=\"file\" \/&gt;\n &lt;button id=\"invia\"&gt;Invia&lt;\/button&gt;\n &lt;button onclick=\"abortRead();\"&gt;Cancel read&lt;\/button&gt;\n &lt;div id=\"progress_bar\"&gt;&lt;div class=\"percent\"&gt;0%&lt;\/div&gt;&lt;\/div&gt;\n\n &lt;script&gt;\n   var reader;\n   var progress = document.querySelector('.percent');\n\n   function abortRead() {\n     reader.abort();\n   }\n\n   function errorHandler(evt) {\n     switch(evt.target.error.code) {\n       case evt.target.error.NOT_FOUND_ERR:\n         alert('File Not Found!');\n         break;\n       case evt.target.error.NOT_READABLE_ERR:\n         alert('File is not readable');\n         break;\n       case evt.target.error.ABORT_ERR:\n         break; \/\/ noop\n       default:\n         alert('An error occurred reading this file.');\n     };\n   }\n\n   function updateProgress(evt) {\n     \/\/ evt is an ProgressEvent.\n     if (evt.lengthComputable) {\n       var percentLoaded = Math.round((evt.loaded \/ evt.total) * 100);\n       \/\/ Increase the progress bar length.\n       if (percentLoaded &lt; 100) {\n         progress.style.width = percentLoaded + '%';\n         progress.textContent = percentLoaded + '%';\n       }\n     }\n   }\n\n   function handleFileSelect(evt) {\n     \/\/ Reset progress indicator on new file selection.\n     progress.style.width = '0%';\n     progress.textContent = '0%';\n\n     reader = new FileReader();\n     reader.onerror = errorHandler;\n     reader.onprogress = updateProgress;\n     reader.onabort = function(e) {\n       alert('File read cancelled');\n     };\n     reader.onloadstart = function(e) {\n       document.getElementById('progress_bar').className = 'loading';\n     };\n     reader.onload = function(e) {\n       \/\/ Ensure that the progress bar displays 100% at the end.\n       progress.style.width = '100%';\n       progress.textContent = '100%';\n       setTimeout(\"document.getElementById('progress_bar').className='';\", 2000);\n       var formData = new FormData();\n       var xhr = new XMLHttpRequest();\n       var blob = new Blob( [e.target.result], {type: \"application\/octet-stream\"} );\n       formData.append( evt.target.files[0].name, blob );\n       xhr.onreadystatechange = function() {\n         if( this.readyState == XMLHttpRequest.DONE &amp;&amp; this.status == 200 ) {\n            alert( \"sent\" ); \/\/ this.responseText );\n        }\n       };\n       xhr.open( \"POST\", 'upload.prg' );\n       xhr.send( formData );\n     }\n\n     \/\/ Read in the image file as a binary string.\n     reader.readAsDataURL( evt.target.files[0] );\n   }\n\n   document.getElementById('files').addEventListener('change', handleFileSelect, false);\n   \/\/document.getElementById('invia').addEventListener('click', handleFileSelect, false);\n\n\n\n &lt;\/script&gt;\nENDTEXT\n\nreturn nil",
        "files": [
            {
                "id": "FNZMEAFCL",
                "created": 1570090400,
                "timestamp": 1570090400,
                "name": "Untitled",
                "title": "Untitled",
                "mimetype": "text\/plain",
                "filetype": "text",
                "pretty_type": "Plain Text",
                "user": "UJVB4M0DN",
                "editable": true,
                "size": 125,
                "mode": "snippet",
                "is_external": false,
                "external_type": "",
                "is_public": true,
                "public_url_shared": false,
                "display_as_bot": false,
                "username": "",
                "url_private": "https:\/\/files.slack.com\/files-pri\/TJH5YU202-FNZMEAFCL\/untitled?t=xoxe-629202954002-950795328464-950341379620-2ca7f74bb6537751ea5666f8f5e8896e",
                "url_private_download": "https:\/\/files.slack.com\/files-pri\/TJH5YU202-FNZMEAFCL\/download\/untitled?t=xoxe-629202954002-950795328464-950341379620-2ca7f74bb6537751ea5666f8f5e8896e",
                "permalink": "https:\/\/harbourproject.slack.com\/files\/UJVB4M0DN\/FNZMEAFCL\/untitled",
                "permalink_public": "https:\/\/slack-files.com\/TJH5YU202-FNZMEAFCL-1ef05af96a",
                "edit_link": "https:\/\/harbourproject.slack.com\/files\/UJVB4M0DN\/FNZMEAFCL\/untitled\/edit",
                "is_starred": false,
                "has_rich_preview": false
            }
        ],
        "upload": true,
        "user": "UJVB4M0DN",
        "display_as_bot": false,
        "ts": "1570090400.486300",
        "client_msg_id": "788e1ff0-7ae9-4ec0-8cea-4cc305fdfb81"
    },
    {
        "client_msg_id": "671ec3f1-3e8b-4d64-86e8-19de0ff5627b",
        "type": "message",
        "text": "<@UJVB4M0DN> the `evt` parameter to the handler function right now is a `ChangeEvent` linked to the `files` input, changing it would make it a `ClickEvent` linked to the `invia` button.",
        "user": "UNAHBRTFA",
        "ts": "1570092335.487800",
        "team": "TJH5YU202",
        "user_team": "TJH5YU202",
        "source_team": "TJH5YU202",
        "user_profile": {
            "avatar_hash": "g3d2a3f4c28c",
            "image_72": "https:\/\/secure.gravatar.com\/avatar\/23d2a3f4c28cebb4cf07e48d02620517.jpg?s=72&d=https%3A%2F%2Fa.slack-edge.com%2Fdf10d%2Fimg%2Favatars%2Fava_0020-72.png",
            "first_name": "Andreu",
            "real_name": "Andreu Botella",
            "display_name": "Andreu Botella",
            "team": "TJH5YU202",
            "name": "andreu.132",
            "is_restricted": false,
            "is_ultra_restricted": false
        }
    },
    {
        "client_msg_id": "a8103a44-26f8-41b6-8427-096059c18951",
        "type": "message",
        "text": "If rather than using `evt.target` you use `document.getElementById('files')`, that would work",
        "user": "UNAHBRTFA",
        "ts": "1570092368.488500",
        "team": "TJH5YU202",
        "user_team": "TJH5YU202",
        "source_team": "TJH5YU202",
        "user_profile": {
            "avatar_hash": "g3d2a3f4c28c",
            "image_72": "https:\/\/secure.gravatar.com\/avatar\/23d2a3f4c28cebb4cf07e48d02620517.jpg?s=72&d=https%3A%2F%2Fa.slack-edge.com%2Fdf10d%2Fimg%2Favatars%2Fava_0020-72.png",
            "first_name": "Andreu",
            "real_name": "Andreu Botella",
            "display_name": "Andreu Botella",
            "team": "TJH5YU202",
            "name": "andreu.132",
            "is_restricted": false,
            "is_ultra_restricted": false
        }
    },
    {
        "client_msg_id": "c49aaeca-4f74-44ed-8382-3c06554dfc65",
        "type": "message",
        "text": "although you'd first have to check that the file input isn't empty",
        "user": "UNAHBRTFA",
        "ts": "1570092527.489000",
        "team": "TJH5YU202",
        "user_team": "TJH5YU202",
        "source_team": "TJH5YU202",
        "user_profile": {
            "avatar_hash": "g3d2a3f4c28c",
            "image_72": "https:\/\/secure.gravatar.com\/avatar\/23d2a3f4c28cebb4cf07e48d02620517.jpg?s=72&d=https%3A%2F%2Fa.slack-edge.com%2Fdf10d%2Fimg%2Favatars%2Fava_0020-72.png",
            "first_name": "Andreu",
            "real_name": "Andreu Botella",
            "display_name": "Andreu Botella",
            "team": "TJH5YU202",
            "name": "andreu.132",
            "is_restricted": false,
            "is_ultra_restricted": false
        }
    },
    {
        "client_msg_id": "dc66f486-791a-4382-ba31-335373ea0804",
        "type": "message",
        "text": "which is a given when using a ChangeEvent on a file input",
        "user": "UNAHBRTFA",
        "ts": "1570092543.489500",
        "team": "TJH5YU202",
        "user_team": "TJH5YU202",
        "source_team": "TJH5YU202",
        "user_profile": {
            "avatar_hash": "g3d2a3f4c28c",
            "image_72": "https:\/\/secure.gravatar.com\/avatar\/23d2a3f4c28cebb4cf07e48d02620517.jpg?s=72&d=https%3A%2F%2Fa.slack-edge.com%2Fdf10d%2Fimg%2Favatars%2Fava_0020-72.png",
            "first_name": "Andreu",
            "real_name": "Andreu Botella",
            "display_name": "Andreu Botella",
            "team": "TJH5YU202",
            "name": "andreu.132",
            "is_restricted": false,
            "is_ultra_restricted": false
        },
        "edited": {
            "user": "UNAHBRTFA",
            "ts": "1570092972.000000"
        }
    },
    {
        "type": "message",
        "text": "",
        "files": [
            {
                "id": "FNNPYLC91",
                "created": 1570096333,
                "timestamp": 1570096333,
                "name": "Schermata 2019-10-03 alle 11.49.30.png",
                "title": "Schermata 2019-10-03 alle 11.49.30.png",
                "mimetype": "image\/png",
                "filetype": "png",
                "pretty_type": "PNG",
                "user": "UJVB4M0DN",
                "editable": false,
                "size": 126192,
                "mode": "hosted",
                "is_external": false,
                "external_type": "",
                "is_public": true,
                "public_url_shared": false,
                "display_as_bot": false,
                "username": "",
                "url_private": "https:\/\/files.slack.com\/files-pri\/TJH5YU202-FNNPYLC91\/schermata_2019-10-03_alle_11.49.30.png?t=xoxe-629202954002-950795328464-950341379620-2ca7f74bb6537751ea5666f8f5e8896e",
                "url_private_download": "https:\/\/files.slack.com\/files-pri\/TJH5YU202-FNNPYLC91\/download\/schermata_2019-10-03_alle_11.49.30.png?t=xoxe-629202954002-950795328464-950341379620-2ca7f74bb6537751ea5666f8f5e8896e",
                "thumb_64": "https:\/\/files.slack.com\/files-tmb\/TJH5YU202-FNNPYLC91-5c75f9ca48\/schermata_2019-10-03_alle_11.49.30_64.png?t=xoxe-629202954002-950795328464-950341379620-2ca7f74bb6537751ea5666f8f5e8896e",
                "thumb_80": "https:\/\/files.slack.com\/files-tmb\/TJH5YU202-FNNPYLC91-5c75f9ca48\/schermata_2019-10-03_alle_11.49.30_80.png?t=xoxe-629202954002-950795328464-950341379620-2ca7f74bb6537751ea5666f8f5e8896e",
                "thumb_360": "https:\/\/files.slack.com\/files-tmb\/TJH5YU202-FNNPYLC91-5c75f9ca48\/schermata_2019-10-03_alle_11.49.30_360.png?t=xoxe-629202954002-950795328464-950341379620-2ca7f74bb6537751ea5666f8f5e8896e",
                "thumb_360_w": 360,
                "thumb_360_h": 347,
                "thumb_480": "https:\/\/files.slack.com\/files-tmb\/TJH5YU202-FNNPYLC91-5c75f9ca48\/schermata_2019-10-03_alle_11.49.30_480.png?t=xoxe-629202954002-950795328464-950341379620-2ca7f74bb6537751ea5666f8f5e8896e",
                "thumb_480_w": 480,
                "thumb_480_h": 463,
                "thumb_160": "https:\/\/files.slack.com\/files-tmb\/TJH5YU202-FNNPYLC91-5c75f9ca48\/schermata_2019-10-03_alle_11.49.30_160.png?t=xoxe-629202954002-950795328464-950341379620-2ca7f74bb6537751ea5666f8f5e8896e",
                "thumb_720": "https:\/\/files.slack.com\/files-tmb\/TJH5YU202-FNNPYLC91-5c75f9ca48\/schermata_2019-10-03_alle_11.49.30_720.png?t=xoxe-629202954002-950795328464-950341379620-2ca7f74bb6537751ea5666f8f5e8896e",
                "thumb_720_w": 720,
                "thumb_720_h": 694,
                "thumb_800": "https:\/\/files.slack.com\/files-tmb\/TJH5YU202-FNNPYLC91-5c75f9ca48\/schermata_2019-10-03_alle_11.49.30_800.png?t=xoxe-629202954002-950795328464-950341379620-2ca7f74bb6537751ea5666f8f5e8896e",
                "thumb_800_w": 800,
                "thumb_800_h": 771,
                "image_exif_rotation": 1,
                "original_w": 880,
                "original_h": 848,
                "permalink": "https:\/\/harbourproject.slack.com\/files\/UJVB4M0DN\/FNNPYLC91\/schermata_2019-10-03_alle_11.49.30.png",
                "permalink_public": "https:\/\/slack-files.com\/TJH5YU202-FNNPYLC91-8238b87f8a",
                "is_starred": false,
                "has_rich_preview": false
            }
        ],
        "upload": true,
        "user": "UJVB4M0DN",
        "display_as_bot": false,
        "ts": "1570096336.490500"
    },
    {
        "client_msg_id": "21341224-a5e4-41c1-82b3-5d2d7575e869",
        "type": "message",
        "text": "Hi Andreu. Thanks for your attention. I made the changes but I have an error",
        "user": "UJVB4M0DN",
        "ts": "1570096341.490800",
        "team": "TJH5YU202",
        "user_team": "TJH5YU202",
        "source_team": "TJH5YU202",
        "user_profile": {
            "avatar_hash": "51ab5468a160",
            "image_72": "https:\/\/avatars.slack-edge.com\/2019-08-07\/707730878514_51ab5468a16072058d4a_72.png",
            "first_name": "",
            "real_name": "Massimo Linossi",
            "display_name": "Massimo Linossi",
            "team": "TJH5YU202",
            "name": "info413",
            "is_restricted": false,
            "is_ultra_restricted": false
        }
    },
    {
        "client_msg_id": "f9b718fc-c60d-438e-87f3-8c12e56fa83f",
        "type": "message",
        "text": "`document.getElementById('files').files[0]`",
        "user": "UNAHBRTFA",
        "ts": "1570099466.491300",
        "team": "TJH5YU202",
        "user_team": "TJH5YU202",
        "source_team": "TJH5YU202",
        "user_profile": {
            "avatar_hash": "g3d2a3f4c28c",
            "image_72": "https:\/\/secure.gravatar.com\/avatar\/23d2a3f4c28cebb4cf07e48d02620517.jpg?s=72&d=https%3A%2F%2Fa.slack-edge.com%2Fdf10d%2Fimg%2Favatars%2Fava_0020-72.png",
            "first_name": "Andreu",
            "real_name": "Andreu Botella",
            "display_name": "Andreu Botella",
            "team": "TJH5YU202",
            "name": "andreu.132",
            "is_restricted": false,
            "is_ultra_restricted": false
        }
    },
    {
        "client_msg_id": "0e26cfdb-8285-4e62-bb2c-989a6db283ae",
        "type": "message",
        "text": "&lt;script&gt;\n   var reader;\n   var progress = document.querySelector('.percent');\n\n   function abortRead() {\n     reader.abort();\n   }\n\n   function errorHandler(evt) {\n     switch(evt.target.error.code) {\n       case evt.target.error.NOT_FOUND_ERR:\n         alert('File Not Found!');\n         break;\n       case evt.target.error.NOT_READABLE_ERR:\n         alert('File is not readable');\n         break;\n       case evt.target.error.ABORT_ERR:\n         break; \/\/ noop\n       default:\n         alert('An error occurred reading this file.');\n     };\n   }\n\n   function updateProgress(evt) {\n     \/\/ evt is an ProgressEvent.\n     if (evt.lengthComputable) {\n       var percentLoaded = Math.round((evt.loaded \/ evt.total) * 100);\n       \/\/ Increase the progress bar length.\n       if (percentLoaded &lt; 100) {\n         progress.style.width = percentLoaded + '%';\n         progress.textContent = percentLoaded + '%';\n       }\n     }\n   }\n\n   function handleFileSelect(evt) {\n     \/\/ Reset progress indicator on new file selection.\n     progress.style.width = '0%';\n     progress.textContent = '0%';\n\n     reader = new FileReader();\n     reader.onerror = errorHandler;\n     reader.onprogress = updateProgress;\n     reader.onabort = function(e) {\n       alert('File read cancelled');\n     };\n     reader.onloadstart = function(e) {\n       document.getElementById('progress_bar').className = 'loading';\n     };\n     reader.onload = function(e) {\n       \/\/ Ensure that the progress bar displays 100% at the end.\n       progress.style.width = '100%';\n       progress.textContent = '100%';\n       setTimeout(\"document.getElementById('progress_bar').className='';\", 2000);\n       var formData = new FormData();\n       var xhr = new XMLHttpRequest();\n       var blob = new Blob( [e.target.result], {type: \"application\/octet-stream\"} );\n       formData.append( document.getElementById('files').files[0].name, blob );\n       xhr.onreadystatechange = function() {\n         if( this.readyState == XMLHttpRequest.DONE &amp;&amp; this.status == 200 ) {\n            alert( \"sent\" ); \/\/ this.responseText );\n        }\n       };\n       xhr.open( \"POST\", 'upload.prg' );\n       xhr.send( formData );\n     }\n\n     \/\/ Read in the image file as a binary string.\n     reader.readAsDataURL( document.getElementById('files').files[0] );\n   }\n\n   \/\/ document.getElementById('files').addEventListener('change', handleFileSelect, false);\n   document.getElementById('invia').addEventListener('click', handleFileSelect, false);\n\n &lt;\/script&gt;",
        "user": "UJVB4M0DN",
        "ts": "1570103711.491500",
        "team": "TJH5YU202",
        "user_team": "TJH5YU202",
        "source_team": "TJH5YU202",
        "user_profile": {
            "avatar_hash": "51ab5468a160",
            "image_72": "https:\/\/avatars.slack-edge.com\/2019-08-07\/707730878514_51ab5468a16072058d4a_72.png",
            "first_name": "",
            "real_name": "Massimo Linossi",
            "display_name": "Massimo Linossi",
            "team": "TJH5YU202",
            "name": "info413",
            "is_restricted": false,
            "is_ultra_restricted": false
        }
    },
    {
        "client_msg_id": "1b4e6e53-8e46-4270-b609-b4e952ee458b",
        "type": "message",
        "text": "Hi Andreu. Now the program is working but sometimes the file arrives with the correct name but with 0 bytes. What could be the problem ?",
        "user": "UJVB4M0DN",
        "ts": "1570103779.492800",
        "team": "TJH5YU202",
        "user_team": "TJH5YU202",
        "source_team": "TJH5YU202",
        "user_profile": {
            "avatar_hash": "51ab5468a160",
            "image_72": "https:\/\/avatars.slack-edge.com\/2019-08-07\/707730878514_51ab5468a16072058d4a_72.png",
            "first_name": "",
            "real_name": "Massimo Linossi",
            "display_name": "Massimo Linossi",
            "team": "TJH5YU202",
            "name": "info413",
            "is_restricted": false,
            "is_ultra_restricted": false
        }
    },
    {
        "client_msg_id": "09c52432-0886-4df0-b905-9477390b6519",
        "type": "message",
        "text": "This is the upload.prg file that is on the server.",
        "user": "UJVB4M0DN",
        "ts": "1570103822.493300",
        "team": "TJH5YU202",
        "user_team": "TJH5YU202",
        "source_team": "TJH5YU202",
        "user_profile": {
            "avatar_hash": "51ab5468a160",
            "image_72": "https:\/\/avatars.slack-edge.com\/2019-08-07\/707730878514_51ab5468a16072058d4a_72.png",
            "first_name": "",
            "real_name": "Massimo Linossi",
            "display_name": "Massimo Linossi",
            "team": "TJH5YU202",
            "name": "info413",
            "is_restricted": false,
            "is_ultra_restricted": false
        }
    },
    {
        "client_msg_id": "40428c89-2a08-4306-84e4-a03b33559d0c",
        "type": "message",
        "text": "function Main()\n\n   local hPairs := AP_PostPairs()\n   local cData, cFileName, nStart\n\n   if Len( hPairs ) == 0\n      ? \"This example is used from samples\/sendfile.prg\"\n   else\n      cData = HB_HValueAt( hPairs, 1 )\n      cFileName = SubStr( cData, 2, At( \";\", cData ) - 3 )\n      hb_MemoWrit( hb_GetEnv( \"PRGPATH\" ) + \"\/upload\/\" + cFileName,;\n                   HB_BASE64DECODE( SubStr( cData, nStart := At( \"base64,\", cData ) + 7,;\n                   At( \"------\", cData ) - nStart ) ) )\n   endif\n\nreturn nil",
        "user": "UJVB4M0DN",
        "ts": "1570103825.493500",
        "team": "TJH5YU202",
        "user_team": "TJH5YU202",
        "source_team": "TJH5YU202",
        "user_profile": {
            "avatar_hash": "51ab5468a160",
            "image_72": "https:\/\/avatars.slack-edge.com\/2019-08-07\/707730878514_51ab5468a16072058d4a_72.png",
            "first_name": "",
            "real_name": "Massimo Linossi",
            "display_name": "Massimo Linossi",
            "team": "TJH5YU202",
            "name": "info413",
            "is_restricted": false,
            "is_ultra_restricted": false
        }
    },
    {
        "client_msg_id": "2ba1dfbc-0b02-4374-b441-b0ac6f1d9b6a",
        "type": "message",
        "text": "use `reader.readAsArrayBuffer`, not `readAsDataURL`",
        "user": "UNAHBRTFA",
        "ts": "1570104283.494500",
        "team": "TJH5YU202",
        "user_team": "TJH5YU202",
        "source_team": "TJH5YU202",
        "user_profile": {
            "avatar_hash": "g3d2a3f4c28c",
            "image_72": "https:\/\/secure.gravatar.com\/avatar\/23d2a3f4c28cebb4cf07e48d02620517.jpg?s=72&d=https%3A%2F%2Fa.slack-edge.com%2Fdf10d%2Fimg%2Favatars%2Fava_0020-72.png",
            "first_name": "Andreu",
            "real_name": "Andreu Botella",
            "display_name": "Andreu Botella",
            "team": "TJH5YU202",
            "name": "andreu.132",
            "is_restricted": false,
            "is_ultra_restricted": false
        }
    },
    {
        "client_msg_id": "4986a4fa-7b2b-45de-adf5-ae0c53a52b4c",
        "type": "message",
        "text": "I'm not sure that's the problem, but looking at the code that seems most likely",
        "user": "UNAHBRTFA",
        "ts": "1570104311.494900",
        "team": "TJH5YU202",
        "user_team": "TJH5YU202",
        "source_team": "TJH5YU202",
        "user_profile": {
            "avatar_hash": "g3d2a3f4c28c",
            "image_72": "https:\/\/secure.gravatar.com\/avatar\/23d2a3f4c28cebb4cf07e48d02620517.jpg?s=72&d=https%3A%2F%2Fa.slack-edge.com%2Fdf10d%2Fimg%2Favatars%2Fava_0020-72.png",
            "first_name": "Andreu",
            "real_name": "Andreu Botella",
            "display_name": "Andreu Botella",
            "team": "TJH5YU202",
            "name": "andreu.132",
            "is_restricted": false,
            "is_ultra_restricted": false
        },
        "edited": {
            "user": "UNAHBRTFA",
            "ts": "1570104325.000000"
        }
    },
    {
        "client_msg_id": "0935d896-ae77-4ac1-9abc-40b5ac235e3d",
        "type": "message",
        "text": "This could be made much simpler, actually.",
        "user": "UNAHBRTFA",
        "ts": "1570104635.495300",
        "team": "TJH5YU202",
        "user_team": "TJH5YU202",
        "source_team": "TJH5YU202",
        "user_profile": {
            "avatar_hash": "g3d2a3f4c28c",
            "image_72": "https:\/\/secure.gravatar.com\/avatar\/23d2a3f4c28cebb4cf07e48d02620517.jpg?s=72&d=https%3A%2F%2Fa.slack-edge.com%2Fdf10d%2Fimg%2Favatars%2Fava_0020-72.png",
            "first_name": "Andreu",
            "real_name": "Andreu Botella",
            "display_name": "Andreu Botella",
            "team": "TJH5YU202",
            "name": "andreu.132",
            "is_restricted": false,
            "is_ultra_restricted": false
        }
    },
    {
        "client_msg_id": "2686c4ee-a081-42d2-b737-4ea35a4a9a07",
        "type": "message",
        "text": "samples\/sendfile.prg has a bunch of problems",
        "user": "UNAHBRTFA",
        "ts": "1570105053.495800",
        "team": "TJH5YU202",
        "user_team": "TJH5YU202",
        "source_team": "TJH5YU202",
        "user_profile": {
            "avatar_hash": "g3d2a3f4c28c",
            "image_72": "https:\/\/secure.gravatar.com\/avatar\/23d2a3f4c28cebb4cf07e48d02620517.jpg?s=72&d=https%3A%2F%2Fa.slack-edge.com%2Fdf10d%2Fimg%2Favatars%2Fava_0020-72.png",
            "first_name": "Andreu",
            "real_name": "Andreu Botella",
            "display_name": "Andreu Botella",
            "team": "TJH5YU202",
            "name": "andreu.132",
            "is_restricted": false,
            "is_ultra_restricted": false
        }
    },
    {
        "client_msg_id": "f05cda31-649a-4cf0-92cc-04bbc9fd0db6",
        "type": "message",
        "text": "The progress bar is lying to you! :stuck_out_tongue:",
        "user": "UNAHBRTFA",
        "ts": "1570105090.496300",
        "team": "TJH5YU202",
        "user_team": "TJH5YU202",
        "source_team": "TJH5YU202",
        "user_profile": {
            "avatar_hash": "g3d2a3f4c28c",
            "image_72": "https:\/\/secure.gravatar.com\/avatar\/23d2a3f4c28cebb4cf07e48d02620517.jpg?s=72&d=https%3A%2F%2Fa.slack-edge.com%2Fdf10d%2Fimg%2Favatars%2Fava_0020-72.png",
            "first_name": "Andreu",
            "real_name": "Andreu Botella",
            "display_name": "Andreu Botella",
            "team": "TJH5YU202",
            "name": "andreu.132",
            "is_restricted": false,
            "is_ultra_restricted": false
        }
    },
    {
        "client_msg_id": "12363b85-eca7-49f0-903f-8ba58dcdeb3a",
        "type": "message",
        "text": "I'mma rewrite it",
        "user": "UNAHBRTFA",
        "ts": "1570105100.496600",
        "team": "TJH5YU202",
        "user_team": "TJH5YU202",
        "source_team": "TJH5YU202",
        "user_profile": {
            "avatar_hash": "g3d2a3f4c28c",
            "image_72": "https:\/\/secure.gravatar.com\/avatar\/23d2a3f4c28cebb4cf07e48d02620517.jpg?s=72&d=https%3A%2F%2Fa.slack-edge.com%2Fdf10d%2Fimg%2Favatars%2Fava_0020-72.png",
            "first_name": "Andreu",
            "real_name": "Andreu Botella",
            "display_name": "Andreu Botella",
            "team": "TJH5YU202",
            "name": "andreu.132",
            "is_restricted": false,
            "is_ultra_restricted": false
        }
    },
    {
        "client_msg_id": "d05bc527-de38-44e7-bc83-ed67350f4593",
        "type": "message",
        "text": "Fun fact: since 2008 or so, HTML has an element called `progress` which is... surprise! a progress bar.",
        "user": "UNAHBRTFA",
        "ts": "1570105469.497100",
        "team": "TJH5YU202",
        "user_team": "TJH5YU202",
        "source_team": "TJH5YU202",
        "user_profile": {
            "avatar_hash": "g3d2a3f4c28c",
            "image_72": "https:\/\/secure.gravatar.com\/avatar\/23d2a3f4c28cebb4cf07e48d02620517.jpg?s=72&d=https%3A%2F%2Fa.slack-edge.com%2Fdf10d%2Fimg%2Favatars%2Fava_0020-72.png",
            "first_name": "Andreu",
            "real_name": "Andreu Botella",
            "display_name": "Andreu Botella",
            "team": "TJH5YU202",
            "name": "andreu.132",
            "is_restricted": false,
            "is_ultra_restricted": false
        }
    },
    {
        "client_msg_id": "0e7e262b-c844-484e-81a1-9162bb3afa57",
        "type": "message",
        "text": "You don't have to make one with CSS",
        "user": "UNAHBRTFA",
        "ts": "1570105483.497300",
        "team": "TJH5YU202",
        "user_team": "TJH5YU202",
        "source_team": "TJH5YU202",
        "user_profile": {
            "avatar_hash": "g3d2a3f4c28c",
            "image_72": "https:\/\/secure.gravatar.com\/avatar\/23d2a3f4c28cebb4cf07e48d02620517.jpg?s=72&d=https%3A%2F%2Fa.slack-edge.com%2Fdf10d%2Fimg%2Favatars%2Fava_0020-72.png",
            "first_name": "Andreu",
            "real_name": "Andreu Botella",
            "display_name": "Andreu Botella",
            "team": "TJH5YU202",
            "name": "andreu.132",
            "is_restricted": false,
            "is_ultra_restricted": false
        }
    },
    {
        "client_msg_id": "65f1e5f4-e421-4494-9010-1f6e2d295f65",
        "type": "message",
        "text": "<@UJN8D8U3B> ¿Hay algún motivo por el que sendfile.prg y upload.prg tengan que mandar el fichero con data URL? ¿Es que `AP_PostPairs` no funciona con `multipart\/form-data`?",
        "user": "UNAHBRTFA",
        "ts": "1570108504.499100",
        "team": "TJH5YU202",
        "user_team": "TJH5YU202",
        "source_team": "TJH5YU202",
        "user_profile": {
            "avatar_hash": "g3d2a3f4c28c",
            "image_72": "https:\/\/secure.gravatar.com\/avatar\/23d2a3f4c28cebb4cf07e48d02620517.jpg?s=72&d=https%3A%2F%2Fa.slack-edge.com%2Fdf10d%2Fimg%2Favatars%2Fava_0020-72.png",
            "first_name": "Andreu",
            "real_name": "Andreu Botella",
            "display_name": "Andreu Botella",
            "team": "TJH5YU202",
            "name": "andreu.132",
            "is_restricted": false,
            "is_ultra_restricted": false
        },
        "edited": {
            "user": "UNAHBRTFA",
            "ts": "1570108519.000000"
        }
    },
    {
        "client_msg_id": "3875c1ae-e668-448b-8541-15063b9c3d16",
        "type": "message",
        "text": "mientras no sean muy tochos no hay problema con meterlo en un post normal",
        "user": "UMZ3LNV5Z",
        "ts": "1570114689.499700",
        "team": "TJH5YU202",
        "user_team": "TJH5YU202",
        "source_team": "TJH5YU202",
        "user_profile": {
            "avatar_hash": "ec1f7fc24912",
            "image_72": "https:\/\/avatars.slack-edge.com\/2019-09-16\/760961231605_ec1f7fc24912daa47f98_72.jpg",
            "first_name": "Pablo",
            "real_name": "Pablo Botella",
            "display_name": "Pablo Botella",
            "team": "TJH5YU202",
            "name": "pb",
            "is_restricted": false,
            "is_ultra_restricted": false
        }
    },
    {
        "client_msg_id": "cb01b3f8-6d77-4b70-88c4-29a835bca27d",
        "type": "message",
        "text": "Sólo preguntaba por qué se hace así, porque sin `multipart\/form-data` se puede ahorrar bastante javascript en el formulario.",
        "user": "UNAHBRTFA",
        "ts": "1570114890.000800",
        "team": "TJH5YU202",
        "user_team": "TJH5YU202",
        "source_team": "TJH5YU202",
        "user_profile": {
            "avatar_hash": "g3d2a3f4c28c",
            "image_72": "https:\/\/secure.gravatar.com\/avatar\/23d2a3f4c28cebb4cf07e48d02620517.jpg?s=72&d=https%3A%2F%2Fa.slack-edge.com%2Fdf10d%2Fimg%2Favatars%2Fava_0020-72.png",
            "first_name": "Andreu",
            "real_name": "Andreu Botella",
            "display_name": "Andreu Botella",
            "team": "TJH5YU202",
            "name": "andreu.132",
            "is_restricted": false,
            "is_ultra_restricted": false
        }
    },
    {
        "client_msg_id": "fd6ef404-d4d2-4d5d-b4b4-37948c4c92ff",
        "type": "message",
        "text": "bueno puedes montarte un componente de javascript genérico para eso, aquí creo que elegir un método u otro está determinado por el tamaño, si el fichero es pequeño pues lo manejas así como hace o intenta hacer este ejemplito y manejas el contenido como una variable más.\n\nCuando el fichero es muy tocho lo suyo es enviarlo como multipart, puedes hacer un post a un IFRAME   invisible combinado con un cookie o con un fragmento extra de url, para determinar que haces con el fichero, pero no se si ahora mismo estamos manejando eso. No es el tipo de request donde parseamos el body llamamos a nuestra función y escupimos el resultado",
        "user": "UMZ3LNV5Z",
        "ts": "1570115355.006400",
        "team": "TJH5YU202",
        "user_team": "TJH5YU202",
        "source_team": "TJH5YU202",
        "user_profile": {
            "avatar_hash": "ec1f7fc24912",
            "image_72": "https:\/\/avatars.slack-edge.com\/2019-09-16\/760961231605_ec1f7fc24912daa47f98_72.jpg",
            "first_name": "Pablo",
            "real_name": "Pablo Botella",
            "display_name": "Pablo Botella",
            "team": "TJH5YU202",
            "name": "pb",
            "is_restricted": false,
            "is_ultra_restricted": false
        },
        "edited": {
            "user": "UMZ3LNV5Z",
            "ts": "1570115481.000000"
        }
    },
    {
        "client_msg_id": "a31e3732-b594-47e4-8338-b6732228c194",
        "type": "message",
        "text": "I've tried with *reader.readAsArrayBuffer* but the file is saved on the server always with 0 bytes.",
        "user": "UJVB4M0DN",
        "ts": "1570115458.007300",
        "team": "TJH5YU202",
        "user_team": "TJH5YU202",
        "source_team": "TJH5YU202",
        "user_profile": {
            "avatar_hash": "51ab5468a160",
            "image_72": "https:\/\/avatars.slack-edge.com\/2019-08-07\/707730878514_51ab5468a16072058d4a_72.png",
            "first_name": "",
            "real_name": "Massimo Linossi",
            "display_name": "Massimo Linossi",
            "team": "TJH5YU202",
            "name": "info413",
            "is_restricted": false,
            "is_ultra_restricted": false
        }
    },
    {
        "client_msg_id": "8296deef-3e10-4d2e-9a30-d1eec5283a5d",
        "type": "message",
        "text": "<@UJVB4M0DN> Sorry about that, I thought the destination prg was doing something different than it was doing.",
        "user": "UNAHBRTFA",
        "ts": "1570115882.009100",
        "team": "TJH5YU202",
        "user_team": "TJH5YU202",
        "source_team": "TJH5YU202",
        "user_profile": {
            "avatar_hash": "g3d2a3f4c28c",
            "image_72": "https:\/\/secure.gravatar.com\/avatar\/23d2a3f4c28cebb4cf07e48d02620517.jpg?s=72&d=https%3A%2F%2Fa.slack-edge.com%2Fdf10d%2Fimg%2Favatars%2Fava_0020-72.png",
            "first_name": "Andreu",
            "real_name": "Andreu Botella",
            "display_name": "Andreu Botella",
            "team": "TJH5YU202",
            "name": "andreu.132",
            "is_restricted": false,
            "is_ultra_restricted": false
        }
    },
    {
        "client_msg_id": "7f41face-f39d-4bdf-afe6-b9ddefd6ff12",
        "type": "message",
        "text": "<@UNAHBRTFA> tenemos mucho que aprender, cualquier mejora y\/o sugerencia es bienvenida :slightly_smiling_face:",
        "user": "UJN8D8U3B",
        "ts": "1570117306.010000",
        "team": "TJH5YU202",
        "user_team": "TJH5YU202",
        "source_team": "TJH5YU202",
        "user_profile": {
            "avatar_hash": "g92ad2abcc45",
            "image_72": "https:\/\/secure.gravatar.com\/avatar\/8492ad2abcc45ce53969adcf8420acde.jpg?s=72&d=https%3A%2F%2Fa.slack-edge.com%2Fdf10d%2Fimg%2Favatars%2Fava_0008-72.png",
            "first_name": "",
            "real_name": "Antonio Linares",
            "display_name": "Antonio Linares",
            "team": "TJH5YU202",
            "name": "alinares",
            "is_restricted": false,
            "is_ultra_restricted": false
        },
        "edited": {
            "user": "UJN8D8U3B",
            "ts": "1570117325.000000"
        }
    },
    {
        "client_msg_id": "8d93777a-7187-427a-a57e-9b8d7215bd2d",
        "type": "message",
        "text": "Es que estoy viendo muchas cosas en sendfile.prg que no tienen muy buena pinta.",
        "user": "UNAHBRTFA",
        "ts": "1570117377.010800",
        "team": "TJH5YU202",
        "user_team": "TJH5YU202",
        "source_team": "TJH5YU202",
        "user_profile": {
            "avatar_hash": "g3d2a3f4c28c",
            "image_72": "https:\/\/secure.gravatar.com\/avatar\/23d2a3f4c28cebb4cf07e48d02620517.jpg?s=72&d=https%3A%2F%2Fa.slack-edge.com%2Fdf10d%2Fimg%2Favatars%2Fava_0020-72.png",
            "first_name": "Andreu",
            "real_name": "Andreu Botella",
            "display_name": "Andreu Botella",
            "team": "TJH5YU202",
            "name": "andreu.132",
            "is_restricted": false,
            "is_ultra_restricted": false
        }
    },
    {
        "client_msg_id": "1378a055-a0c6-4e8b-b214-d2c047ca70fc",
        "type": "message",
        "text": "Si mod_harbour puede trabajar con `multipart\/form-data`, la mayor parte del javascript se puede quitar",
        "user": "UNAHBRTFA",
        "ts": "1570117446.012400",
        "team": "TJH5YU202",
        "user_team": "TJH5YU202",
        "source_team": "TJH5YU202",
        "user_profile": {
            "avatar_hash": "g3d2a3f4c28c",
            "image_72": "https:\/\/secure.gravatar.com\/avatar\/23d2a3f4c28cebb4cf07e48d02620517.jpg?s=72&d=https%3A%2F%2Fa.slack-edge.com%2Fdf10d%2Fimg%2Favatars%2Fava_0020-72.png",
            "first_name": "Andreu",
            "real_name": "Andreu Botella",
            "display_name": "Andreu Botella",
            "team": "TJH5YU202",
            "name": "andreu.132",
            "is_restricted": false,
            "is_ultra_restricted": false
        }
    },
    {
        "client_msg_id": "33424e8b-f87c-496d-92ef-fa5189c24e02",
        "type": "message",
        "text": "porque necesitas un objeto `Blob`, y el código hace mil cosas para obtenerlo a partir del `File`, cuando `File` en realidad hereda de `Blob`.",
        "user": "UNAHBRTFA",
        "ts": "1570117487.013300",
        "team": "TJH5YU202",
        "user_team": "TJH5YU202",
        "source_team": "TJH5YU202",
        "user_profile": {
            "avatar_hash": "g3d2a3f4c28c",
            "image_72": "https:\/\/secure.gravatar.com\/avatar\/23d2a3f4c28cebb4cf07e48d02620517.jpg?s=72&d=https%3A%2F%2Fa.slack-edge.com%2Fdf10d%2Fimg%2Favatars%2Fava_0020-72.png",
            "first_name": "Andreu",
            "real_name": "Andreu Botella",
            "display_name": "Andreu Botella",
            "team": "TJH5YU202",
            "name": "andreu.132",
            "is_restricted": false,
            "is_ultra_restricted": false
        }
    },
    {
        "client_msg_id": "8ee811db-a55b-466c-a6a0-1666e8978589",
        "type": "message",
        "text": "La barra de progreso no muestra el progreso de la subida, sino el de la conversión a una url de datos...",
        "user": "UNAHBRTFA",
        "ts": "1570117549.013900",
        "team": "TJH5YU202",
        "user_team": "TJH5YU202",
        "source_team": "TJH5YU202",
        "user_profile": {
            "avatar_hash": "g3d2a3f4c28c",
            "image_72": "https:\/\/secure.gravatar.com\/avatar\/23d2a3f4c28cebb4cf07e48d02620517.jpg?s=72&d=https%3A%2F%2Fa.slack-edge.com%2Fdf10d%2Fimg%2Favatars%2Fava_0020-72.png",
            "first_name": "Andreu",
            "real_name": "Andreu Botella",
            "display_name": "Andreu Botella",
            "team": "TJH5YU202",
            "name": "andreu.132",
            "is_restricted": false,
            "is_ultra_restricted": false
        }
    },
    {
        "client_msg_id": "4006d037-aa69-4986-9e8e-b4ca4d7c382d",
        "type": "message",
        "text": "etc",
        "user": "UNAHBRTFA",
        "ts": "1570117551.014100",
        "team": "TJH5YU202",
        "user_team": "TJH5YU202",
        "source_team": "TJH5YU202",
        "user_profile": {
            "avatar_hash": "g3d2a3f4c28c",
            "image_72": "https:\/\/secure.gravatar.com\/avatar\/23d2a3f4c28cebb4cf07e48d02620517.jpg?s=72&d=https%3A%2F%2Fa.slack-edge.com%2Fdf10d%2Fimg%2Favatars%2Fava_0020-72.png",
            "first_name": "Andreu",
            "real_name": "Andreu Botella",
            "display_name": "Andreu Botella",
            "team": "TJH5YU202",
            "name": "andreu.132",
            "is_restricted": false,
            "is_ultra_restricted": false
        }
    },
    {
        "client_msg_id": "d567052a-243a-4c45-9a84-d2978cdafaa8",
        "type": "message",
        "text": "tu ayuda es muy importante para mod_harbour  :+1:",
        "user": "UJN8D8U3B",
        "ts": "1570117774.014600",
        "team": "TJH5YU202",
        "user_team": "TJH5YU202",
        "source_team": "TJH5YU202",
        "user_profile": {
            "avatar_hash": "g92ad2abcc45",
            "image_72": "https:\/\/secure.gravatar.com\/avatar\/8492ad2abcc45ce53969adcf8420acde.jpg?s=72&d=https%3A%2F%2Fa.slack-edge.com%2Fdf10d%2Fimg%2Favatars%2Fava_0008-72.png",
            "first_name": "",
            "real_name": "Antonio Linares",
            "display_name": "Antonio Linares",
            "team": "TJH5YU202",
            "name": "alinares",
            "is_restricted": false,
            "is_ultra_restricted": false
        }
    },
    {
        "client_msg_id": "09c08fe4-e827-4065-baa9-fac9906ad1fd",
        "type": "message",
        "text": "Estoy intentando montar un ejemplo parecido pero bien hecho, pero no parece mostrar el progreso aunque en teoria deberia.",
        "user": "UNAHBRTFA",
        "ts": "1570117830.015400",
        "team": "TJH5YU202",
        "user_team": "TJH5YU202",
        "source_team": "TJH5YU202",
        "user_profile": {
            "avatar_hash": "g3d2a3f4c28c",
            "image_72": "https:\/\/secure.gravatar.com\/avatar\/23d2a3f4c28cebb4cf07e48d02620517.jpg?s=72&d=https%3A%2F%2Fa.slack-edge.com%2Fdf10d%2Fimg%2Favatars%2Fava_0020-72.png",
            "first_name": "Andreu",
            "real_name": "Andreu Botella",
            "display_name": "Andreu Botella",
            "team": "TJH5YU202",
            "name": "andreu.132",
            "is_restricted": false,
            "is_ultra_restricted": false
        }
    },
    {
        "client_msg_id": "b661d797-1dca-49fe-8730-1f259d7f46b4",
        "type": "message",
        "text": "Me corrijo: por lo que parece, no hay ninguna manera de obtener el progreso de las *subidas*.",
        "user": "UNAHBRTFA",
        "ts": "1570118365.016500",
        "team": "TJH5YU202",
        "user_team": "TJH5YU202",
        "source_team": "TJH5YU202",
        "user_profile": {
            "avatar_hash": "g3d2a3f4c28c",
            "image_72": "https:\/\/secure.gravatar.com\/avatar\/23d2a3f4c28cebb4cf07e48d02620517.jpg?s=72&d=https%3A%2F%2Fa.slack-edge.com%2Fdf10d%2Fimg%2Favatars%2Fava_0020-72.png",
            "first_name": "Andreu",
            "real_name": "Andreu Botella",
            "display_name": "Andreu Botella",
            "team": "TJH5YU202",
            "name": "andreu.132",
            "is_restricted": false,
            "is_ultra_restricted": false
        }
    },
    {
        "client_msg_id": "86f967f7-9b23-4864-b196-efb38412ec5b",
        "type": "message",
        "text": "has probado el ejemplito este <https:\/\/dzone.com\/articles\/file-upload-and-progress> ?",
        "user": "UMZ3LNV5Z",
        "ts": "1570118440.017800",
        "team": "TJH5YU202",
        "user_team": "TJH5YU202",
        "source_team": "TJH5YU202",
        "user_profile": {
            "avatar_hash": "ec1f7fc24912",
            "image_72": "https:\/\/avatars.slack-edge.com\/2019-09-16\/760961231605_ec1f7fc24912daa47f98_72.jpg",
            "first_name": "Pablo",
            "real_name": "Pablo Botella",
            "display_name": "Pablo Botella",
            "team": "TJH5YU202",
            "name": "pb",
            "is_restricted": false,
            "is_ultra_restricted": false
        },
        "edited": {
            "user": "UMZ3LNV5Z",
            "ts": "1570118458.000000"
        }
    },
    {
        "client_msg_id": "9e6dcefc-0862-4d06-908e-080af8ef6605",
        "type": "message",
        "text": "Y aquí la bajada no es significativa",
        "user": "UNAHBRTFA",
        "ts": "1570118442.018100",
        "team": "TJH5YU202",
        "user_team": "TJH5YU202",
        "source_team": "TJH5YU202",
        "user_profile": {
            "avatar_hash": "g3d2a3f4c28c",
            "image_72": "https:\/\/secure.gravatar.com\/avatar\/23d2a3f4c28cebb4cf07e48d02620517.jpg?s=72&d=https%3A%2F%2Fa.slack-edge.com%2Fdf10d%2Fimg%2Favatars%2Fava_0020-72.png",
            "first_name": "Andreu",
            "real_name": "Andreu Botella",
            "display_name": "Andreu Botella",
            "team": "TJH5YU202",
            "name": "andreu.132",
            "is_restricted": false,
            "is_ultra_restricted": false
        }
    },
    {
        "client_msg_id": "6738278d-8357-4b8b-91b1-2b4fb6fd73e7",
        "type": "message",
        "text": "Estaba usando `xhr.onprogress` antes de que me dieras ese ejemplo.",
        "user": "UNAHBRTFA",
        "ts": "1570118494.019000",
        "team": "TJH5YU202",
        "user_team": "TJH5YU202",
        "source_team": "TJH5YU202",
        "user_profile": {
            "avatar_hash": "g3d2a3f4c28c",
            "image_72": "https:\/\/secure.gravatar.com\/avatar\/23d2a3f4c28cebb4cf07e48d02620517.jpg?s=72&d=https%3A%2F%2Fa.slack-edge.com%2Fdf10d%2Fimg%2Favatars%2Fava_0020-72.png",
            "first_name": "Andreu",
            "real_name": "Andreu Botella",
            "display_name": "Andreu Botella",
            "team": "TJH5YU202",
            "name": "andreu.132",
            "is_restricted": false,
            "is_ultra_restricted": false
        }
    },
    {
        "client_msg_id": "fb178100-55b8-4cfd-adc4-2d100c896d7b",
        "type": "message",
        "text": "La spec de xhr depende internamente de la de fetch, y según la de fetch el progreso es el de bajada.",
        "user": "UNAHBRTFA",
        "ts": "1570118546.019800",
        "team": "TJH5YU202",
        "user_team": "TJH5YU202",
        "source_team": "TJH5YU202",
        "user_profile": {
            "avatar_hash": "g3d2a3f4c28c",
            "image_72": "https:\/\/secure.gravatar.com\/avatar\/23d2a3f4c28cebb4cf07e48d02620517.jpg?s=72&d=https%3A%2F%2Fa.slack-edge.com%2Fdf10d%2Fimg%2Favatars%2Fava_0020-72.png",
            "first_name": "Andreu",
            "real_name": "Andreu Botella",
            "display_name": "Andreu Botella",
            "team": "TJH5YU202",
            "name": "andreu.132",
            "is_restricted": false,
            "is_ultra_restricted": false
        }
    },
    {
        "client_msg_id": "3f4143df-3390-4c4e-8ffc-24a6bd5db09a",
        "type": "message",
        "text": "ahi lo meten así : xhrObj.upload.addEventListener(\"progress\", progressFunction, false);",
        "user": "UMZ3LNV5Z",
        "ts": "1570118558.020100",
        "team": "TJH5YU202",
        "user_team": "TJH5YU202",
        "source_team": "TJH5YU202",
        "user_profile": {
            "avatar_hash": "ec1f7fc24912",
            "image_72": "https:\/\/avatars.slack-edge.com\/2019-09-16\/760961231605_ec1f7fc24912daa47f98_72.jpg",
            "first_name": "Pablo",
            "real_name": "Pablo Botella",
            "display_name": "Pablo Botella",
            "team": "TJH5YU202",
            "name": "pb",
            "is_restricted": false,
            "is_ultra_restricted": false
        },
        "reactions": [
            {
                "name": "+1",
                "users": [
                    "UNAHBRTFA"
                ],
                "count": 1
            }
        ]
    },
    {
        "client_msg_id": "eb141af3-0c58-4c67-9ff3-fd151a26c784",
        "type": "message",
        "text": "ah, es posible que se me pasara eso",
        "user": "UNAHBRTFA",
        "ts": "1570118583.020500",
        "team": "TJH5YU202",
        "user_team": "TJH5YU202",
        "source_team": "TJH5YU202",
        "user_profile": {
            "avatar_hash": "g3d2a3f4c28c",
            "image_72": "https:\/\/secure.gravatar.com\/avatar\/23d2a3f4c28cebb4cf07e48d02620517.jpg?s=72&d=https%3A%2F%2Fa.slack-edge.com%2Fdf10d%2Fimg%2Favatars%2Fava_0020-72.png",
            "first_name": "Andreu",
            "real_name": "Andreu Botella",
            "display_name": "Andreu Botella",
            "team": "TJH5YU202",
            "name": "andreu.132",
            "is_restricted": false,
            "is_ultra_restricted": false
        }
    },
    {
        "client_msg_id": "eaf0374c-5399-4b29-ba05-039e9011f9dd",
        "type": "message",
        "text": "prueba a ver :slightly_smiling_face:",
        "user": "UMZ3LNV5Z",
        "ts": "1570118595.020700",
        "team": "TJH5YU202",
        "user_team": "TJH5YU202",
        "source_team": "TJH5YU202",
        "user_profile": {
            "avatar_hash": "ec1f7fc24912",
            "image_72": "https:\/\/avatars.slack-edge.com\/2019-09-16\/760961231605_ec1f7fc24912daa47f98_72.jpg",
            "first_name": "Pablo",
            "real_name": "Pablo Botella",
            "display_name": "Pablo Botella",
            "team": "TJH5YU202",
            "name": "pb",
            "is_restricted": false,
            "is_ultra_restricted": false
        }
    },
    {
        "client_msg_id": "ba00100e-6861-4d74-84e6-82ae727d16de",
        "type": "message",
        "text": "pero me parece raro que eso se pueda hacer con el api de xhr pero no con el de fetch",
        "user": "UNAHBRTFA",
        "ts": "1570118627.021400",
        "team": "TJH5YU202",
        "user_team": "TJH5YU202",
        "source_team": "TJH5YU202",
        "user_profile": {
            "avatar_hash": "g3d2a3f4c28c",
            "image_72": "https:\/\/secure.gravatar.com\/avatar\/23d2a3f4c28cebb4cf07e48d02620517.jpg?s=72&d=https%3A%2F%2Fa.slack-edge.com%2Fdf10d%2Fimg%2Favatars%2Fava_0020-72.png",
            "first_name": "Andreu",
            "real_name": "Andreu Botella",
            "display_name": "Andreu Botella",
            "team": "TJH5YU202",
            "name": "andreu.132",
            "is_restricted": false,
            "is_ultra_restricted": false
        }
    },
    {
        "client_msg_id": "3c314463-fe45-4337-9691-54140c1573b0",
        "type": "message",
        "text": "pues sí",
        "user": "UNAHBRTFA",
        "ts": "1570118785.022600",
        "team": "TJH5YU202",
        "user_team": "TJH5YU202",
        "source_team": "TJH5YU202",
        "user_profile": {
            "avatar_hash": "g3d2a3f4c28c",
            "image_72": "https:\/\/secure.gravatar.com\/avatar\/23d2a3f4c28cebb4cf07e48d02620517.jpg?s=72&d=https%3A%2F%2Fa.slack-edge.com%2Fdf10d%2Fimg%2Favatars%2Fava_0020-72.png",
            "first_name": "Andreu",
            "real_name": "Andreu Botella",
            "display_name": "Andreu Botella",
            "team": "TJH5YU202",
            "name": "andreu.132",
            "is_restricted": false,
            "is_ultra_restricted": false
        }
    },
    {
        "client_msg_id": "903de7dc-37c8-4044-bbed-9fb2661808c6",
        "type": "message",
        "text": ":astonished:",
        "user": "UNAHBRTFA",
        "ts": "1570118803.022800",
        "team": "TJH5YU202",
        "user_team": "TJH5YU202",
        "source_team": "TJH5YU202",
        "user_profile": {
            "avatar_hash": "g3d2a3f4c28c",
            "image_72": "https:\/\/secure.gravatar.com\/avatar\/23d2a3f4c28cebb4cf07e48d02620517.jpg?s=72&d=https%3A%2F%2Fa.slack-edge.com%2Fdf10d%2Fimg%2Favatars%2Fava_0020-72.png",
            "first_name": "Andreu",
            "real_name": "Andreu Botella",
            "display_name": "Andreu Botella",
            "team": "TJH5YU202",
            "name": "andreu.132",
            "is_restricted": false,
            "is_ultra_restricted": false
        }
    },
    {
        "client_msg_id": "db39bc9d-f725-4f21-b260-483bf3165343",
        "type": "message",
        "text": "lo tienes corriendo en tu server?",
        "user": "UMZ3LNV5Z",
        "ts": "1570118811.023000",
        "team": "TJH5YU202",
        "user_team": "TJH5YU202",
        "source_team": "TJH5YU202",
        "user_profile": {
            "avatar_hash": "ec1f7fc24912",
            "image_72": "https:\/\/avatars.slack-edge.com\/2019-09-16\/760961231605_ec1f7fc24912daa47f98_72.jpg",
            "first_name": "Pablo",
            "real_name": "Pablo Botella",
            "display_name": "Pablo Botella",
            "team": "TJH5YU202",
            "name": "pb",
            "is_restricted": false,
            "is_ultra_restricted": false
        }
    },
    {
        "client_msg_id": "cd21e476-cb45-4662-b926-941f0dcf4319",
        "type": "message",
        "text": "lo tengo corriendo en el linux, pero dame un momento",
        "user": "UNAHBRTFA",
        "ts": "1570118830.023300",
        "team": "TJH5YU202",
        "user_team": "TJH5YU202",
        "source_team": "TJH5YU202",
        "user_profile": {
            "avatar_hash": "g3d2a3f4c28c",
            "image_72": "https:\/\/secure.gravatar.com\/avatar\/23d2a3f4c28cebb4cf07e48d02620517.jpg?s=72&d=https%3A%2F%2Fa.slack-edge.com%2Fdf10d%2Fimg%2Favatars%2Fava_0020-72.png",
            "first_name": "Andreu",
            "real_name": "Andreu Botella",
            "display_name": "Andreu Botella",
            "team": "TJH5YU202",
            "name": "andreu.132",
            "is_restricted": false,
            "is_ultra_restricted": false
        },
        "reactions": [
            {
                "name": "clap",
                "users": [
                    "UMZ3LNV5Z"
                ],
                "count": 1
            }
        ]
    },
    {
        "client_msg_id": "d520e132-911a-41e7-86dc-97c38af88935",
        "type": "message",
        "text": "k",
        "user": "UMZ3LNV5Z",
        "ts": "1570118839.023500",
        "team": "TJH5YU202",
        "user_team": "TJH5YU202",
        "source_team": "TJH5YU202",
        "user_profile": {
            "avatar_hash": "ec1f7fc24912",
            "image_72": "https:\/\/avatars.slack-edge.com\/2019-09-16\/760961231605_ec1f7fc24912daa47f98_72.jpg",
            "first_name": "Pablo",
            "real_name": "Pablo Botella",
            "display_name": "Pablo Botella",
            "team": "TJH5YU202",
            "name": "pb",
            "is_restricted": false,
            "is_ultra_restricted": false
        }
    },
    {
        "client_msg_id": "c8897d21-f54c-41f3-b0bb-a977e1faf5ca",
        "type": "message",
        "text": "<@UNAHBRTFA> pega el codigo aqui",
        "user": "UMZ3LNV5Z",
        "ts": "1570119740.024200",
        "team": "TJH5YU202",
        "user_team": "TJH5YU202",
        "source_team": "TJH5YU202",
        "user_profile": {
            "avatar_hash": "ec1f7fc24912",
            "image_72": "https:\/\/avatars.slack-edge.com\/2019-09-16\/760961231605_ec1f7fc24912daa47f98_72.jpg",
            "first_name": "Pablo",
            "real_name": "Pablo Botella",
            "display_name": "Pablo Botella",
            "team": "TJH5YU202",
            "name": "pb",
            "is_restricted": false,
            "is_ultra_restricted": false
        }
    },
    {
        "client_msg_id": "b3113659-1e0e-41ac-ac9a-6ee280abe61b",
        "type": "message",
        "text": "Pensaba hacer un pull request.",
        "user": "UNAHBRTFA",
        "ts": "1570119770.024800",
        "team": "TJH5YU202",
        "user_team": "TJH5YU202",
        "source_team": "TJH5YU202",
        "user_profile": {
            "avatar_hash": "g3d2a3f4c28c",
            "image_72": "https:\/\/secure.gravatar.com\/avatar\/23d2a3f4c28cebb4cf07e48d02620517.jpg?s=72&d=https%3A%2F%2Fa.slack-edge.com%2Fdf10d%2Fimg%2Favatars%2Fava_0020-72.png",
            "first_name": "Andreu",
            "real_name": "Andreu Botella",
            "display_name": "Andreu Botella",
            "team": "TJH5YU202",
            "name": "andreu.132",
            "is_restricted": false,
            "is_ultra_restricted": false
        }
    },
    {
        "client_msg_id": "58fbea85-d5f9-4860-a843-e427b7ea723d",
        "type": "message",
        "text": "ok",
        "user": "UMZ3LNV5Z",
        "ts": "1570119798.025200",
        "team": "TJH5YU202",
        "user_team": "TJH5YU202",
        "source_team": "TJH5YU202",
        "user_profile": {
            "avatar_hash": "ec1f7fc24912",
            "image_72": "https:\/\/avatars.slack-edge.com\/2019-09-16\/760961231605_ec1f7fc24912daa47f98_72.jpg",
            "first_name": "Pablo",
            "real_name": "Pablo Botella",
            "display_name": "Pablo Botella",
            "team": "TJH5YU202",
            "name": "pb",
            "is_restricted": false,
            "is_ultra_restricted": false
        }
    },
    {
        "client_msg_id": "819ddb18-0f01-4de5-aae8-6b28d2ee79d7",
        "type": "message",
        "text": "GabO, esa apliccion ya no la dispongo. La monte para ver hasta donde aguantaba TWeb cuando lo construia. Finalmente se la vendi a un médico que aun hoy en dia la esta usando, pero 0 mantenimiento, o sea q el bicho aguanta, jajaja.  Lo siento pero no te puedo ayudar",
        "user": "UJWR5N32S",
        "ts": "1570121697.025300",
        "team": "TJH5YU202",
        "user_team": "TJH5YU202",
        "source_team": "TJH5YU202",
        "user_profile": {
            "avatar_hash": "273d3745f7ae",
            "image_72": "https:\/\/avatars.slack-edge.com\/2019-05-20\/634344238497_273d3745f7ae1b176b82_72.jpg",
            "first_name": "Charly",
            "real_name": "Charly",
            "display_name": "Charly",
            "team": "TJH5YU202",
            "name": "carles9000",
            "is_restricted": false,
            "is_ultra_restricted": false
        },
        "thread_ts": "1570040425.481800",
        "parent_user_id": "UJWR5N32S"
    },
    {
        "client_msg_id": "65a8f6ad-10fe-4262-b837-3161c48412e7",
        "type": "message",
        "text": "Además que hace 4 años y ya ni me acuerdo de nada y ahora seria un dolor de cabeza",
        "user": "UJWR5N32S",
        "ts": "1570121725.025500",
        "team": "TJH5YU202",
        "user_team": "TJH5YU202",
        "source_team": "TJH5YU202",
        "user_profile": {
            "avatar_hash": "273d3745f7ae",
            "image_72": "https:\/\/avatars.slack-edge.com\/2019-05-20\/634344238497_273d3745f7ae1b176b82_72.jpg",
            "first_name": "Charly",
            "real_name": "Charly",
            "display_name": "Charly",
            "team": "TJH5YU202",
            "name": "carles9000",
            "is_restricted": false,
            "is_ultra_restricted": false
        },
        "thread_ts": "1570040425.481800",
        "parent_user_id": "UJWR5N32S"
    },
    {
        "client_msg_id": "22c50082-0134-4e47-be06-39203ead6b37",
        "type": "message",
        "text": "Y si tu tienes 0 xperiencia en web seria complicado para ti mantenerla, no ? :face_with_rolling_eyes:",
        "user": "UJWR5N32S",
        "ts": "1570121764.025700",
        "team": "TJH5YU202",
        "user_team": "TJH5YU202",
        "source_team": "TJH5YU202",
        "user_profile": {
            "avatar_hash": "273d3745f7ae",
            "image_72": "https:\/\/avatars.slack-edge.com\/2019-05-20\/634344238497_273d3745f7ae1b176b82_72.jpg",
            "first_name": "Charly",
            "real_name": "Charly",
            "display_name": "Charly",
            "team": "TJH5YU202",
            "name": "carles9000",
            "is_restricted": false,
            "is_ultra_restricted": false
        },
        "thread_ts": "1570040425.481800",
        "parent_user_id": "UJWR5N32S"
    },
    {
        "client_msg_id": "3b96c17a-0b76-49d0-acae-b23fcec81ef1",
        "type": "message",
        "text": "Si claro al principio me costaría pero es una buena opción y se puede volver a retomar.. a mí me serviría para aprender..",
        "user": "UJU5KF40L",
        "ts": "1570122230.025900",
        "team": "TJH5YU202",
        "user_team": "TJH5YU202",
        "source_team": "TJH5YU202",
        "user_profile": {
            "avatar_hash": "g4ed10b5a0fa",
            "image_72": "https:\/\/secure.gravatar.com\/avatar\/7d4ed10b5a0fad78716e154511597ff9.jpg?s=72&d=https%3A%2F%2Fa.slack-edge.com%2Fdf10d%2Fimg%2Favatars%2Fava_0021-72.png",
            "first_name": "Gabriel",
            "real_name": "Gabriel Ornelas",
            "display_name": "GabO",
            "team": "TJH5YU202",
            "name": "gabrielornelasm",
            "is_restricted": false,
            "is_ultra_restricted": false
        },
        "thread_ts": "1570040425.481800",
        "parent_user_id": "UJWR5N32S"
    },
    {
        "client_msg_id": "b80aadc5-f453-4cff-88d8-fcc65f0b0306",
        "type": "message",
        "text": "Creo que se le dedico tiempo en un mes cuando menos ya la tengo andando",
        "user": "UJU5KF40L",
        "ts": "1570122276.026100",
        "team": "TJH5YU202",
        "user_team": "TJH5YU202",
        "source_team": "TJH5YU202",
        "user_profile": {
            "avatar_hash": "g4ed10b5a0fa",
            "image_72": "https:\/\/secure.gravatar.com\/avatar\/7d4ed10b5a0fad78716e154511597ff9.jpg?s=72&d=https%3A%2F%2Fa.slack-edge.com%2Fdf10d%2Fimg%2Favatars%2Fava_0021-72.png",
            "first_name": "Gabriel",
            "real_name": "Gabriel Ornelas",
            "display_name": "GabO",
            "team": "TJH5YU202",
            "name": "gabrielornelasm",
            "is_restricted": false,
            "is_ultra_restricted": false
        },
        "thread_ts": "1570040425.481800",
        "parent_user_id": "UJWR5N32S"
    },
    {
        "client_msg_id": "73feda64-841b-418f-9cd2-a2895a010bbc",
        "type": "message",
        "text": "Esa aplicacion esta en TWeb",
        "user": "UJWR5N32S",
        "ts": "1570122438.026300",
        "team": "TJH5YU202",
        "user_team": "TJH5YU202",
        "source_team": "TJH5YU202",
        "user_profile": {
            "avatar_hash": "273d3745f7ae",
            "image_72": "https:\/\/avatars.slack-edge.com\/2019-05-20\/634344238497_273d3745f7ae1b176b82_72.jpg",
            "first_name": "Charly",
            "real_name": "Charly",
            "display_name": "Charly",
            "team": "TJH5YU202",
            "name": "carles9000",
            "is_restricted": false,
            "is_ultra_restricted": false
        },
        "thread_ts": "1570040425.481800",
        "parent_user_id": "UJWR5N32S"
    },
    {
        "client_msg_id": "f9c62750-5d8e-488d-8398-0ff240416854",
        "type": "message",
        "text": "php",
        "user": "UJWR5N32S",
        "ts": "1570122441.026500",
        "team": "TJH5YU202",
        "user_team": "TJH5YU202",
        "source_team": "TJH5YU202",
        "user_profile": {
            "avatar_hash": "273d3745f7ae",
            "image_72": "https:\/\/avatars.slack-edge.com\/2019-05-20\/634344238497_273d3745f7ae1b176b82_72.jpg",
            "first_name": "Charly",
            "real_name": "Charly",
            "display_name": "Charly",
            "team": "TJH5YU202",
            "name": "carles9000",
            "is_restricted": false,
            "is_ultra_restricted": false
        },
        "thread_ts": "1570040425.481800",
        "parent_user_id": "UJWR5N32S"
    },
    {
        "client_msg_id": "8915ba3c-274e-44e0-9cc4-dbd34c948467",
        "type": "message",
        "text": "Si lo he visto.. también he visto tu manual por eso digo para lo básico creo que sí le puedo dar mantenimiento",
        "user": "UJU5KF40L",
        "ts": "1570122511.026700",
        "team": "TJH5YU202",
        "user_team": "TJH5YU202",
        "source_team": "TJH5YU202",
        "user_profile": {
            "avatar_hash": "g4ed10b5a0fa",
            "image_72": "https:\/\/secure.gravatar.com\/avatar\/7d4ed10b5a0fad78716e154511597ff9.jpg?s=72&d=https%3A%2F%2Fa.slack-edge.com%2Fdf10d%2Fimg%2Favatars%2Fava_0021-72.png",
            "first_name": "Gabriel",
            "real_name": "Gabriel Ornelas",
            "display_name": "GabO",
            "team": "TJH5YU202",
            "name": "gabrielornelasm",
            "is_restricted": false,
            "is_ultra_restricted": false
        },
        "thread_ts": "1570040425.481800",
        "parent_user_id": "UJWR5N32S"
    },
    {
        "client_msg_id": "38a12f60-ae4b-432e-91a2-d15f01737671",
        "type": "message",
        "text": "Soy de los que le gusta aprender por sí solo así que no creo molestarte tanto",
        "user": "UJU5KF40L",
        "ts": "1570122547.026900",
        "team": "TJH5YU202",
        "user_team": "TJH5YU202",
        "source_team": "TJH5YU202",
        "user_profile": {
            "avatar_hash": "g4ed10b5a0fa",
            "image_72": "https:\/\/secure.gravatar.com\/avatar\/7d4ed10b5a0fad78716e154511597ff9.jpg?s=72&d=https%3A%2F%2Fa.slack-edge.com%2Fdf10d%2Fimg%2Favatars%2Fava_0021-72.png",
            "first_name": "Gabriel",
            "real_name": "Gabriel Ornelas",
            "display_name": "GabO",
            "team": "TJH5YU202",
            "name": "gabrielornelasm",
            "is_restricted": false,
            "is_ultra_restricted": false
        },
        "thread_ts": "1570040425.481800",
        "parent_user_id": "UJWR5N32S"
    },
    {
        "client_msg_id": "7c135d63-02b8-4098-9b85-359b6f1236e1",
        "type": "message",
        "text": "Hay alguna forma de descargarla para conocerla mejor",
        "user": "UJU5KF40L",
        "ts": "1570122643.027100",
        "team": "TJH5YU202",
        "user_team": "TJH5YU202",
        "source_team": "TJH5YU202",
        "user_profile": {
            "avatar_hash": "g4ed10b5a0fa",
            "image_72": "https:\/\/secure.gravatar.com\/avatar\/7d4ed10b5a0fad78716e154511597ff9.jpg?s=72&d=https%3A%2F%2Fa.slack-edge.com%2Fdf10d%2Fimg%2Favatars%2Fava_0021-72.png",
            "first_name": "Gabriel",
            "real_name": "Gabriel Ornelas",
            "display_name": "GabO",
            "team": "TJH5YU202",
            "name": "gabrielornelasm",
            "is_restricted": false,
            "is_ultra_restricted": false
        },
        "thread_ts": "1570040425.481800",
        "parent_user_id": "UJWR5N32S"
    },
    {
        "client_msg_id": "bc8b872c-f53b-4eda-986c-cad3c01b06b1",
        "type": "message",
        "text": "No y siento no poder ayudarte",
        "user": "UJWR5N32S",
        "ts": "1570123002.027300",
        "team": "TJH5YU202",
        "user_team": "TJH5YU202",
        "source_team": "TJH5YU202",
        "user_profile": {
            "avatar_hash": "273d3745f7ae",
            "image_72": "https:\/\/avatars.slack-edge.com\/2019-05-20\/634344238497_273d3745f7ae1b176b82_72.jpg",
            "first_name": "Charly",
            "real_name": "Charly",
            "display_name": "Charly",
            "team": "TJH5YU202",
            "name": "carles9000",
            "is_restricted": false,
            "is_ultra_restricted": false
        },
        "thread_ts": "1570040425.481800",
        "parent_user_id": "UJWR5N32S"
    },
    {
        "client_msg_id": "45908264-f467-412d-9c58-58bacc5f1985",
        "type": "message",
        "text": "Lo siento",
        "user": "UJWR5N32S",
        "ts": "1570123006.027500",
        "team": "TJH5YU202",
        "user_team": "TJH5YU202",
        "source_team": "TJH5YU202",
        "user_profile": {
            "avatar_hash": "273d3745f7ae",
            "image_72": "https:\/\/avatars.slack-edge.com\/2019-05-20\/634344238497_273d3745f7ae1b176b82_72.jpg",
            "first_name": "Charly",
            "real_name": "Charly",
            "display_name": "Charly",
            "team": "TJH5YU202",
            "name": "carles9000",
            "is_restricted": false,
            "is_ultra_restricted": false
        },
        "thread_ts": "1570040425.481800",
        "parent_user_id": "UJWR5N32S"
    },
    {
        "client_msg_id": "92e55264-5ba6-4751-bb0e-15c68712c6db",
        "type": "message",
        "text": "De acuerdo Charly.. entiendo perfectamente..",
        "user": "UJU5KF40L",
        "ts": "1570123057.027700",
        "team": "TJH5YU202",
        "user_team": "TJH5YU202",
        "source_team": "TJH5YU202",
        "user_profile": {
            "avatar_hash": "g4ed10b5a0fa",
            "image_72": "https:\/\/secure.gravatar.com\/avatar\/7d4ed10b5a0fad78716e154511597ff9.jpg?s=72&d=https%3A%2F%2Fa.slack-edge.com%2Fdf10d%2Fimg%2Favatars%2Fava_0021-72.png",
            "first_name": "Gabriel",
            "real_name": "Gabriel Ornelas",
            "display_name": "GabO",
            "team": "TJH5YU202",
            "name": "gabrielornelasm",
            "is_restricted": false,
            "is_ultra_restricted": false
        },
        "thread_ts": "1570040425.481800",
        "parent_user_id": "UJWR5N32S"
    },
    {
        "client_msg_id": "e3b827f3-ef6d-41bd-ab2f-7d2ffa9c4dea",
        "type": "message",
        "text": "Saludos",
        "user": "UJU5KF40L",
        "ts": "1570123059.027900",
        "team": "TJH5YU202",
        "user_team": "TJH5YU202",
        "source_team": "TJH5YU202",
        "user_profile": {
            "avatar_hash": "g4ed10b5a0fa",
            "image_72": "https:\/\/secure.gravatar.com\/avatar\/7d4ed10b5a0fad78716e154511597ff9.jpg?s=72&d=https%3A%2F%2Fa.slack-edge.com%2Fdf10d%2Fimg%2Favatars%2Fava_0021-72.png",
            "first_name": "Gabriel",
            "real_name": "Gabriel Ornelas",
            "display_name": "GabO",
            "team": "TJH5YU202",
            "name": "gabrielornelasm",
            "is_restricted": false,
            "is_ultra_restricted": false
        },
        "thread_ts": "1570040425.481800",
        "parent_user_id": "UJWR5N32S"
    },
    {
        "client_msg_id": "27308bab-3eac-4327-afd5-ea1869097cc8",
        "type": "message",
        "text": "Bon dia !",
        "user": "UJWR5N32S",
        "ts": "1570166783.028400",
        "team": "TJH5YU202",
        "user_team": "TJH5YU202",
        "source_team": "TJH5YU202",
        "user_profile": {
            "avatar_hash": "273d3745f7ae",
            "image_72": "https:\/\/avatars.slack-edge.com\/2019-05-20\/634344238497_273d3745f7ae1b176b82_72.jpg",
            "first_name": "Charly",
            "real_name": "Charly",
            "display_name": "Charly",
            "team": "TJH5YU202",
            "name": "carles9000",
            "is_restricted": false,
            "is_ultra_restricted": false
        }
    },
    {
        "client_msg_id": "95edcda1-4030-486c-80c4-17b848e056c9",
        "type": "message",
        "text": "Buenos días Campeones",
        "user": "UJULAGJG5",
        "ts": "1570171182.028900",
        "team": "TJH5YU202",
        "user_team": "TJH5YU202",
        "source_team": "TJH5YU202",
        "user_profile": {
            "avatar_hash": "g456e0b2cdb9",
            "image_72": "https:\/\/secure.gravatar.com\/avatar\/dc456e0b2cdb991048d487a08c4a8c7a.jpg?s=72&d=https%3A%2F%2Fa.slack-edge.com%2Fdf10d%2Fimg%2Favatars%2Fava_0004-72.png",
            "first_name": "",
            "real_name": "Gabriel",
            "display_name": "Gabriel",
            "team": "TJH5YU202",
            "name": "jgabri",
            "is_restricted": false,
            "is_ultra_restricted": false
        }
    },
    {
        "client_msg_id": "19426287-f63f-42f3-8e25-35e57ca7a128",
        "type": "message",
        "text": "Buongiorno :sunny:",
        "user": "UJVB4M0DN",
        "ts": "1570171381.029200",
        "team": "TJH5YU202",
        "user_team": "TJH5YU202",
        "source_team": "TJH5YU202",
        "user_profile": {
            "avatar_hash": "51ab5468a160",
            "image_72": "https:\/\/avatars.slack-edge.com\/2019-08-07\/707730878514_51ab5468a16072058d4a_72.png",
            "first_name": "",
            "real_name": "Massimo Linossi",
            "display_name": "Massimo Linossi",
            "team": "TJH5YU202",
            "name": "info413",
            "is_restricted": false,
            "is_ultra_restricted": false
        }
    },
    {
        "client_msg_id": "180070aa-7093-4469-baf2-8b896a2dc203",
        "type": "message",
        "text": "Egun on !",
        "user": "UJK7SNX51",
        "ts": "1570171462.029400",
        "team": "TJH5YU202",
        "user_team": "TJH5YU202",
        "source_team": "TJH5YU202",
        "user_profile": {
            "avatar_hash": "6698a9ba696b",
            "image_72": "https:\/\/avatars.slack-edge.com\/2019-07-04\/673660529330_6698a9ba696bad01eb8c_72.jpg",
            "first_name": "Baxajaun",
            "real_name": "Baxajaun",
            "display_name": "Baxajaun",
            "team": "TJH5YU202",
            "name": "fpgrande",
            "is_restricted": false,
            "is_ultra_restricted": false
        }
    }
]