[
    {
        "client_msg_id": "57605e1f-7451-4398-b2d3-00267424a027",
        "type": "message",
        "text": "Bien Wilson!",
        "user": "UJWR5N32S",
        "ts": "1570950006.193300",
        "team": "TJH5YU202",
        "user_team": "TJH5YU202",
        "source_team": "TJH5YU202",
        "user_profile": {
            "avatar_hash": "273d3745f7ae",
            "image_72": "https:\/\/avatars.slack-edge.com\/2019-05-20\/634344238497_273d3745f7ae1b176b82_72.jpg",
            "first_name": "Charly",
            "real_name": "Charly",
            "display_name": "Charly",
            "team": "TJH5YU202",
            "name": "carles9000",
            "is_restricted": false,
            "is_ultra_restricted": false
        }
    },
    {
        "client_msg_id": "b1b2463b-4a26-4788-b765-7b7cb98fed25",
        "type": "message",
        "text": "Puedes crear un doc de como lo has realizado?",
        "user": "UJWR5N32S",
        "ts": "1570950048.194400",
        "team": "TJH5YU202",
        "user_team": "TJH5YU202",
        "source_team": "TJH5YU202",
        "user_profile": {
            "avatar_hash": "273d3745f7ae",
            "image_72": "https:\/\/avatars.slack-edge.com\/2019-05-20\/634344238497_273d3745f7ae1b176b82_72.jpg",
            "first_name": "Charly",
            "real_name": "Charly",
            "display_name": "Charly",
            "team": "TJH5YU202",
            "name": "carles9000",
            "is_restricted": false,
            "is_ultra_restricted": false
        },
        "thread_ts": "1570950048.194400",
        "reply_count": 2,
        "reply_users_count": 1,
        "latest_reply": "1571007281.207400",
        "reply_users": [
            "UJXP7LS78"
        ],
        "replies": [
            {
                "user": "UJXP7LS78",
                "ts": "1571007138.207100"
            },
            {
                "user": "UJXP7LS78",
                "ts": "1571007281.207400"
            }
        ],
        "subscribed": false
    },
    {
        "client_msg_id": "c69cae51-8feb-4b54-8b2a-31e08518f178",
        "type": "message",
        "text": "buenos dias :sunny:",
        "user": "UJN8D8U3B",
        "ts": "1570952978.194700",
        "team": "TJH5YU202",
        "user_team": "TJH5YU202",
        "source_team": "TJH5YU202",
        "user_profile": {
            "avatar_hash": "g92ad2abcc45",
            "image_72": "https:\/\/secure.gravatar.com\/avatar\/8492ad2abcc45ce53969adcf8420acde.jpg?s=72&d=https%3A%2F%2Fa.slack-edge.com%2Fdf10d%2Fimg%2Favatars%2Fava_0008-72.png",
            "first_name": "",
            "real_name": "Antonio Linares",
            "display_name": "Antonio Linares",
            "team": "TJH5YU202",
            "name": "alinares",
            "is_restricted": false,
            "is_ultra_restricted": false
        }
    },
    {
        "client_msg_id": "0611ddcf-1f22-4a97-be1d-5d68c7a8f16d",
        "type": "message",
        "text": "1. Crear el certificado Trusted\n\nNew-SelfSignedCertificate -CertStoreLocation Cert:\\LocalMachine\\My -DnsName \"FiveTech Certificate Authority\" -KeyUsage CertSign, CRLSign, DataEncipherment, DigitalSignature, KeyAgreement\n\n1.1. Apuntar el Thumbprint del certificado (en este caso 1C5DED4F0340FB7872A2EB9F36B8D3588F22F602)\n\n2. Exportar la clave privada y el certificado\n\n$pwd = ConvertTo-SecureString -String \"1234\" -Force -AsPlainText\nExport-PfxCertificate -cert Cert:\\LocalMachine\\My\\1C5DED4F0340FB7872A2EB9F36B8D3588F22F602 -FilePath root-authority.pfx -Password $pwd\nExport-Certificate -Cert Cert:\\LocalMachine\\My\\1C5DED4F0340FB7872A2EB9F36B8D3588F22F602 -FilePath root-authority.crt\n\n3. Importar el .crt a \"Trusted Root Certification Authorities\"\n\n4. Crear certificado firmado con ese Trusted\n\n$rootcert = ( Get-ChildItem -Path Cert:\\LocalMachine\\My\\1C5DED4F0340FB7872A2EB9F36B8D3588F22F602 )\nNew-SelfSignedCertificate -CertStoreLocation Cert:\\LocalMachine\\My -DnsName \"fivetech\" -Signer $rootcert\n\n5. Seleccionarlo en Bindings en IIS.\n\ny listo :wink:",
        "user": "UJN8D8U3B",
        "ts": "1570952985.194900",
        "team": "TJH5YU202",
        "user_team": "TJH5YU202",
        "source_team": "TJH5YU202",
        "user_profile": {
            "avatar_hash": "g92ad2abcc45",
            "image_72": "https:\/\/secure.gravatar.com\/avatar\/8492ad2abcc45ce53969adcf8420acde.jpg?s=72&d=https%3A%2F%2Fa.slack-edge.com%2Fdf10d%2Fimg%2Favatars%2Fava_0008-72.png",
            "first_name": "",
            "real_name": "Antonio Linares",
            "display_name": "Antonio Linares",
            "team": "TJH5YU202",
            "name": "alinares",
            "is_restricted": false,
            "is_ultra_restricted": false
        }
    },
    {
        "type": "message",
        "text": "",
        "files": [
            {
                "id": "FPBJ2CPHT",
                "created": 1570953031,
                "timestamp": 1570953031,
                "name": "image.png",
                "title": "image.png",
                "mimetype": "image\/png",
                "filetype": "png",
                "pretty_type": "PNG",
                "user": "UJN8D8U3B",
                "editable": false,
                "size": 119773,
                "mode": "hosted",
                "is_external": false,
                "external_type": "",
                "is_public": true,
                "public_url_shared": false,
                "display_as_bot": false,
                "username": "",
                "url_private": "https:\/\/files.slack.com\/files-pri\/TJH5YU202-FPBJ2CPHT\/image.png?t=xoxe-629202954002-950795328464-950341379620-2ca7f74bb6537751ea5666f8f5e8896e",
                "url_private_download": "https:\/\/files.slack.com\/files-pri\/TJH5YU202-FPBJ2CPHT\/download\/image.png?t=xoxe-629202954002-950795328464-950341379620-2ca7f74bb6537751ea5666f8f5e8896e",
                "thumb_64": "https:\/\/files.slack.com\/files-tmb\/TJH5YU202-FPBJ2CPHT-0be40e6b7b\/image_64.png?t=xoxe-629202954002-950795328464-950341379620-2ca7f74bb6537751ea5666f8f5e8896e",
                "thumb_80": "https:\/\/files.slack.com\/files-tmb\/TJH5YU202-FPBJ2CPHT-0be40e6b7b\/image_80.png?t=xoxe-629202954002-950795328464-950341379620-2ca7f74bb6537751ea5666f8f5e8896e",
                "thumb_360": "https:\/\/files.slack.com\/files-tmb\/TJH5YU202-FPBJ2CPHT-0be40e6b7b\/image_360.png?t=xoxe-629202954002-950795328464-950341379620-2ca7f74bb6537751ea5666f8f5e8896e",
                "thumb_360_w": 360,
                "thumb_360_h": 241,
                "thumb_480": "https:\/\/files.slack.com\/files-tmb\/TJH5YU202-FPBJ2CPHT-0be40e6b7b\/image_480.png?t=xoxe-629202954002-950795328464-950341379620-2ca7f74bb6537751ea5666f8f5e8896e",
                "thumb_480_w": 480,
                "thumb_480_h": 321,
                "thumb_160": "https:\/\/files.slack.com\/files-tmb\/TJH5YU202-FPBJ2CPHT-0be40e6b7b\/image_160.png?t=xoxe-629202954002-950795328464-950341379620-2ca7f74bb6537751ea5666f8f5e8896e",
                "thumb_720": "https:\/\/files.slack.com\/files-tmb\/TJH5YU202-FPBJ2CPHT-0be40e6b7b\/image_720.png?t=xoxe-629202954002-950795328464-950341379620-2ca7f74bb6537751ea5666f8f5e8896e",
                "thumb_720_w": 720,
                "thumb_720_h": 481,
                "thumb_800": "https:\/\/files.slack.com\/files-tmb\/TJH5YU202-FPBJ2CPHT-0be40e6b7b\/image_800.png?t=xoxe-629202954002-950795328464-950341379620-2ca7f74bb6537751ea5666f8f5e8896e",
                "thumb_800_w": 800,
                "thumb_800_h": 535,
                "thumb_960": "https:\/\/files.slack.com\/files-tmb\/TJH5YU202-FPBJ2CPHT-0be40e6b7b\/image_960.png?t=xoxe-629202954002-950795328464-950341379620-2ca7f74bb6537751ea5666f8f5e8896e",
                "thumb_960_w": 960,
                "thumb_960_h": 642,
                "thumb_1024": "https:\/\/files.slack.com\/files-tmb\/TJH5YU202-FPBJ2CPHT-0be40e6b7b\/image_1024.png?t=xoxe-629202954002-950795328464-950341379620-2ca7f74bb6537751ea5666f8f5e8896e",
                "thumb_1024_w": 1024,
                "thumb_1024_h": 685,
                "image_exif_rotation": 1,
                "original_w": 1026,
                "original_h": 686,
                "thumb_tiny": "AwAgADCa1lkklIdtwxnFW+fSs+0dUlJY4GKu+fGBktxVyWuhEZK2rI7ppF2+WdvXNV\/NuP79OvZPNCGFsjnOKrF2XAYkGqja2pnJu+jJTcTA4Lmk+0zf3zUZJPWkq7IV2FNAfOM59s06ik1cE7EpJSP7oyB0FMVfOBLDGOOKYoxIGPrUvmDOQD0pAlqRplmwRTm4+XHSkLFuuKSqQj\/\/2Q==",
                "permalink": "https:\/\/harbourproject.slack.com\/files\/UJN8D8U3B\/FPBJ2CPHT\/image.png",
                "permalink_public": "https:\/\/slack-files.com\/TJH5YU202-FPBJ2CPHT-e1bfe85760",
                "is_starred": false,
                "has_rich_preview": false
            }
        ],
        "upload": true,
        "user": "UJN8D8U3B",
        "display_as_bot": false,
        "ts": "1570953034.195000",
        "client_msg_id": "4e2d2e1b-92cc-4407-8464-c34fd4903bac"
    },
    {
        "type": "message",
        "text": "",
        "files": [
            {
                "id": "FPB4BDBM2",
                "created": 1570953447,
                "timestamp": 1570953447,
                "name": "image.png",
                "title": "image.png",
                "mimetype": "image\/png",
                "filetype": "png",
                "pretty_type": "PNG",
                "user": "UJN8D8U3B",
                "editable": false,
                "size": 26930,
                "mode": "hosted",
                "is_external": false,
                "external_type": "",
                "is_public": true,
                "public_url_shared": false,
                "display_as_bot": false,
                "username": "",
                "url_private": "https:\/\/files.slack.com\/files-pri\/TJH5YU202-FPB4BDBM2\/image.png?t=xoxe-629202954002-950795328464-950341379620-2ca7f74bb6537751ea5666f8f5e8896e",
                "url_private_download": "https:\/\/files.slack.com\/files-pri\/TJH5YU202-FPB4BDBM2\/download\/image.png?t=xoxe-629202954002-950795328464-950341379620-2ca7f74bb6537751ea5666f8f5e8896e",
                "thumb_64": "https:\/\/files.slack.com\/files-tmb\/TJH5YU202-FPB4BDBM2-ed74a49d89\/image_64.png?t=xoxe-629202954002-950795328464-950341379620-2ca7f74bb6537751ea5666f8f5e8896e",
                "thumb_80": "https:\/\/files.slack.com\/files-tmb\/TJH5YU202-FPB4BDBM2-ed74a49d89\/image_80.png?t=xoxe-629202954002-950795328464-950341379620-2ca7f74bb6537751ea5666f8f5e8896e",
                "thumb_360": "https:\/\/files.slack.com\/files-tmb\/TJH5YU202-FPB4BDBM2-ed74a49d89\/image_360.png?t=xoxe-629202954002-950795328464-950341379620-2ca7f74bb6537751ea5666f8f5e8896e",
                "thumb_360_w": 360,
                "thumb_360_h": 237,
                "thumb_480": "https:\/\/files.slack.com\/files-tmb\/TJH5YU202-FPB4BDBM2-ed74a49d89\/image_480.png?t=xoxe-629202954002-950795328464-950341379620-2ca7f74bb6537751ea5666f8f5e8896e",
                "thumb_480_w": 480,
                "thumb_480_h": 315,
                "thumb_160": "https:\/\/files.slack.com\/files-tmb\/TJH5YU202-FPB4BDBM2-ed74a49d89\/image_160.png?t=xoxe-629202954002-950795328464-950341379620-2ca7f74bb6537751ea5666f8f5e8896e",
                "image_exif_rotation": 1,
                "original_w": 595,
                "original_h": 391,
                "thumb_tiny": "AwAfADDR3D3pMDr689adgegpOPWgAGP8ml4pMClwKADFLiiigApvPPWnUYoATP1paMUYoAKKKKAP\/9k=",
                "permalink": "https:\/\/harbourproject.slack.com\/files\/UJN8D8U3B\/FPB4BDBM2\/image.png",
                "permalink_public": "https:\/\/slack-files.com\/TJH5YU202-FPB4BDBM2-fb5506601b",
                "is_starred": false,
                "has_rich_preview": false
            }
        ],
        "upload": true,
        "user": "UJN8D8U3B",
        "display_as_bot": false,
        "ts": "1570953449.195300",
        "client_msg_id": "86a21e37-4486-49ca-afd6-5896be572339"
    },
    {
        "client_msg_id": "c6919e7a-1a6f-4815-ba8f-2b5daf9dd4a2",
        "type": "message",
        "text": "Cuenta para que va aservir todos esto, plis  :slightly_smiling_face:",
        "user": "UJWR5N32S",
        "ts": "1570954054.195900",
        "team": "TJH5YU202",
        "user_team": "TJH5YU202",
        "source_team": "TJH5YU202",
        "user_profile": {
            "avatar_hash": "273d3745f7ae",
            "image_72": "https:\/\/avatars.slack-edge.com\/2019-05-20\/634344238497_273d3745f7ae1b176b82_72.jpg",
            "first_name": "Charly",
            "real_name": "Charly",
            "display_name": "Charly",
            "team": "TJH5YU202",
            "name": "carles9000",
            "is_restricted": false,
            "is_ultra_restricted": false
        }
    },
    {
        "client_msg_id": "8bff9f09-29ed-40b1-9a94-f6769856c676",
        "type": "message",
        "text": "Supongamos que un cliente quiere que le hagamos una web app usando mod_harbour pero quiere que la aplicación funcione usando https",
        "user": "UJN8D8U3B",
        "ts": "1570954570.196700",
        "team": "TJH5YU202",
        "user_team": "TJH5YU202",
        "source_team": "TJH5YU202",
        "user_profile": {
            "avatar_hash": "g92ad2abcc45",
            "image_72": "https:\/\/secure.gravatar.com\/avatar\/8492ad2abcc45ce53969adcf8420acde.jpg?s=72&d=https%3A%2F%2Fa.slack-edge.com%2Fdf10d%2Fimg%2Favatars%2Fava_0008-72.png",
            "first_name": "",
            "real_name": "Antonio Linares",
            "display_name": "Antonio Linares",
            "team": "TJH5YU202",
            "name": "alinares",
            "is_restricted": false,
            "is_ultra_restricted": false
        }
    },
    {
        "client_msg_id": "b2038f79-5318-4b38-a267-fd43e79a9d8b",
        "type": "message",
        "text": "Asi generamos un certificado de forma gratuita y podemos empezar a usar la app por https",
        "user": "UJN8D8U3B",
        "ts": "1570954636.197700",
        "team": "TJH5YU202",
        "user_team": "TJH5YU202",
        "source_team": "TJH5YU202",
        "user_profile": {
            "avatar_hash": "g92ad2abcc45",
            "image_72": "https:\/\/secure.gravatar.com\/avatar\/8492ad2abcc45ce53969adcf8420acde.jpg?s=72&d=https%3A%2F%2Fa.slack-edge.com%2Fdf10d%2Fimg%2Favatars%2Fava_0008-72.png",
            "first_name": "",
            "real_name": "Antonio Linares",
            "display_name": "Antonio Linares",
            "team": "TJH5YU202",
            "name": "alinares",
            "is_restricted": false,
            "is_ultra_restricted": false
        }
    },
    {
        "client_msg_id": "4b9c9bc9-0bb0-4258-bb5d-1b5cc55991c2",
        "type": "message",
        "text": "Muy bueno Don Antonio !!!",
        "user": "UJULAGJG5",
        "ts": "1570959780.198200",
        "team": "TJH5YU202",
        "user_team": "TJH5YU202",
        "source_team": "TJH5YU202",
        "user_profile": {
            "avatar_hash": "g456e0b2cdb9",
            "image_72": "https:\/\/secure.gravatar.com\/avatar\/dc456e0b2cdb991048d487a08c4a8c7a.jpg?s=72&d=https%3A%2F%2Fa.slack-edge.com%2Fdf10d%2Fimg%2Favatars%2Fava_0004-72.png",
            "first_name": "",
            "real_name": "Gabriel",
            "display_name": "Gabriel",
            "team": "TJH5YU202",
            "name": "jgabri",
            "is_restricted": false,
            "is_ultra_restricted": false
        }
    },
    {
        "client_msg_id": "3894dc84-3d2e-4e1f-a28a-be6d11a364c8",
        "type": "message",
        "text": "<@UJN8D8U3B> Ese certificado no te sirve para una web expuesta al público.",
        "user": "UNAHBRTFA",
        "ts": "1570971109.199000",
        "team": "TJH5YU202",
        "user_team": "TJH5YU202",
        "source_team": "TJH5YU202",
        "user_profile": {
            "avatar_hash": "g3d2a3f4c28c",
            "image_72": "https:\/\/secure.gravatar.com\/avatar\/23d2a3f4c28cebb4cf07e48d02620517.jpg?s=72&d=https%3A%2F%2Fa.slack-edge.com%2Fdf10d%2Fimg%2Favatars%2Fava_0020-72.png",
            "first_name": "Andreu",
            "real_name": "Andreu Botella",
            "display_name": "Andreu Botella",
            "team": "TJH5YU202",
            "name": "andreu.132",
            "is_restricted": false,
            "is_ultra_restricted": false
        }
    },
    {
        "client_msg_id": "828436b1-37e6-422b-b3a6-4707aab41450",
        "type": "message",
        "text": "Para un servicio privado, si metes explícitamente tu CA como entidad certificadora de confianza, puedes usarlo de forma segura.",
        "user": "UNAHBRTFA",
        "ts": "1570971192.200600",
        "team": "TJH5YU202",
        "user_team": "TJH5YU202",
        "source_team": "TJH5YU202",
        "user_profile": {
            "avatar_hash": "g3d2a3f4c28c",
            "image_72": "https:\/\/secure.gravatar.com\/avatar\/23d2a3f4c28cebb4cf07e48d02620517.jpg?s=72&d=https%3A%2F%2Fa.slack-edge.com%2Fdf10d%2Fimg%2Favatars%2Fava_0020-72.png",
            "first_name": "Andreu",
            "real_name": "Andreu Botella",
            "display_name": "Andreu Botella",
            "team": "TJH5YU202",
            "name": "andreu.132",
            "is_restricted": false,
            "is_ultra_restricted": false
        }
    },
    {
        "client_msg_id": "3a50b935-51a2-439b-8000-8c37f8c8213c",
        "type": "message",
        "text": "Pero si la gente accede, verá la pantalla de \"esta conexión no es segura\", y no tendrán forma de distinguirte a ti de un man in the middle que haya hecho lo mismo que tú.",
        "user": "UNAHBRTFA",
        "ts": "1570971224.201400",
        "team": "TJH5YU202",
        "user_team": "TJH5YU202",
        "source_team": "TJH5YU202",
        "user_profile": {
            "avatar_hash": "g3d2a3f4c28c",
            "image_72": "https:\/\/secure.gravatar.com\/avatar\/23d2a3f4c28cebb4cf07e48d02620517.jpg?s=72&d=https%3A%2F%2Fa.slack-edge.com%2Fdf10d%2Fimg%2Favatars%2Fava_0020-72.png",
            "first_name": "Andreu",
            "real_name": "Andreu Botella",
            "display_name": "Andreu Botella",
            "team": "TJH5YU202",
            "name": "andreu.132",
            "is_restricted": false,
            "is_ultra_restricted": false
        },
        "edited": {
            "user": "UNAHBRTFA",
            "ts": "1570971364.000000"
        }
    },
    {
        "client_msg_id": "936e671c-2239-4777-9ddd-ce79baf65063",
        "type": "message",
        "text": "Buen día :thumbsup_all:",
        "user": "UK28N3CER",
        "ts": "1570974850.201900",
        "team": "TJH5YU202",
        "user_team": "TJH5YU202",
        "source_team": "TJH5YU202",
        "user_profile": {
            "avatar_hash": "7f09da813e5b",
            "image_72": "https:\/\/avatars.slack-edge.com\/2020-01-01\/880554116721_7f09da813e5b80b5a0a0_72.jpg",
            "first_name": "",
            "real_name": "Cesar SysCtrl Software",
            "display_name": "Cesar SysCtrl Software",
            "team": "TJH5YU202",
            "name": "sysctrlsoftware",
            "is_restricted": false,
            "is_ultra_restricted": false
        }
    },
    {
        "client_msg_id": "13a429b3-7d71-44c3-933f-27a84f120104",
        "type": "message",
        "text": "Coincido con Andreu",
        "user": "UM81W8B0Q",
        "ts": "1570983571.202100",
        "team": "TJH5YU202",
        "user_team": "TJH5YU202",
        "source_team": "TJH5YU202",
        "user_profile": {
            "avatar_hash": "gab9279ee8c0",
            "image_72": "https:\/\/secure.gravatar.com\/avatar\/73ab9279ee8c00f66ce4904d30146c8f.jpg?s=72&d=https%3A%2F%2Fa.slack-edge.com%2Fdf10d%2Fimg%2Favatars%2Fava_0010-72.png",
            "first_name": "",
            "real_name": "Angel Pais",
            "display_name": "Angel Pais",
            "team": "TJH5YU202",
            "name": "amigosam",
            "is_restricted": false,
            "is_ultra_restricted": false
        }
    },
    {
        "client_msg_id": "315eba77-e683-4663-9a07-3b2aea7dd9dc",
        "type": "message",
        "text": "Los certificados valen proque estan validados por una tercera parte imparcial",
        "user": "UM81W8B0Q",
        "ts": "1570983608.202700",
        "team": "TJH5YU202",
        "user_team": "TJH5YU202",
        "source_team": "TJH5YU202",
        "user_profile": {
            "avatar_hash": "gab9279ee8c0",
            "image_72": "https:\/\/secure.gravatar.com\/avatar\/73ab9279ee8c00f66ce4904d30146c8f.jpg?s=72&d=https%3A%2F%2Fa.slack-edge.com%2Fdf10d%2Fimg%2Favatars%2Fava_0010-72.png",
            "first_name": "",
            "real_name": "Angel Pais",
            "display_name": "Angel Pais",
            "team": "TJH5YU202",
            "name": "amigosam",
            "is_restricted": false,
            "is_ultra_restricted": false
        }
    },
    {
        "client_msg_id": "00868167-f0e7-45d4-8238-d7009ef7c4a6",
        "type": "message",
        "text": "Si sirvieran los certificados caseros cualquier impostor se haria uno.",
        "user": "UM81W8B0Q",
        "ts": "1570983634.203300",
        "team": "TJH5YU202",
        "user_team": "TJH5YU202",
        "source_team": "TJH5YU202",
        "user_profile": {
            "avatar_hash": "gab9279ee8c0",
            "image_72": "https:\/\/secure.gravatar.com\/avatar\/73ab9279ee8c00f66ce4904d30146c8f.jpg?s=72&d=https%3A%2F%2Fa.slack-edge.com%2Fdf10d%2Fimg%2Favatars%2Fava_0010-72.png",
            "first_name": "",
            "real_name": "Angel Pais",
            "display_name": "Angel Pais",
            "team": "TJH5YU202",
            "name": "amigosam",
            "is_restricted": false,
            "is_ultra_restricted": false
        }
    },
    {
        "client_msg_id": "59f2587e-5825-4bc4-9992-a2e7c0b7e379",
        "type": "message",
        "text": "Los ceritifados privados solo sirven para probar.",
        "user": "UM81W8B0Q",
        "ts": "1570983652.203700",
        "team": "TJH5YU202",
        "user_team": "TJH5YU202",
        "source_team": "TJH5YU202",
        "user_profile": {
            "avatar_hash": "gab9279ee8c0",
            "image_72": "https:\/\/secure.gravatar.com\/avatar\/73ab9279ee8c00f66ce4904d30146c8f.jpg?s=72&d=https%3A%2F%2Fa.slack-edge.com%2Fdf10d%2Fimg%2Favatars%2Fava_0010-72.png",
            "first_name": "",
            "real_name": "Angel Pais",
            "display_name": "Angel Pais",
            "team": "TJH5YU202",
            "name": "amigosam",
            "is_restricted": false,
            "is_ultra_restricted": false
        }
    },
    {
        "client_msg_id": "23622b32-1f7c-42be-99dd-2c665e57ca1d",
        "type": "message",
        "text": "Y la configuracion del server es tema del cliente. Este eligira a que autoridad comprarle el certificado y cada autoridad tiene sus truquillos y compatibilidades.",
        "user": "UM81W8B0Q",
        "ts": "1570983700.204700",
        "team": "TJH5YU202",
        "user_team": "TJH5YU202",
        "source_team": "TJH5YU202",
        "user_profile": {
            "avatar_hash": "gab9279ee8c0",
            "image_72": "https:\/\/secure.gravatar.com\/avatar\/73ab9279ee8c00f66ce4904d30146c8f.jpg?s=72&d=https%3A%2F%2Fa.slack-edge.com%2Fdf10d%2Fimg%2Favatars%2Fava_0010-72.png",
            "first_name": "",
            "real_name": "Angel Pais",
            "display_name": "Angel Pais",
            "team": "TJH5YU202",
            "name": "amigosam",
            "is_restricted": false,
            "is_ultra_restricted": false
        }
    },
    {
        "client_msg_id": "2141909d-8734-429c-9280-c96912fd86aa",
        "type": "message",
        "text": "si tu eres la autoridad certificadora y los clientes la tienen como autoridad de confianza el certificado es perfectamente válido,vale para una intranet o para uso privado.",
        "user": "UMZ3LNV5Z",
        "ts": "1571002047.206700",
        "team": "TJH5YU202",
        "user_team": "TJH5YU202",
        "source_team": "TJH5YU202",
        "user_profile": {
            "avatar_hash": "ec1f7fc24912",
            "image_72": "https:\/\/avatars.slack-edge.com\/2019-09-16\/760961231605_ec1f7fc24912daa47f98_72.jpg",
            "first_name": "Pablo",
            "real_name": "Pablo Botella",
            "display_name": "Pablo Botella",
            "team": "TJH5YU202",
            "name": "pb",
            "is_restricted": false,
            "is_ultra_restricted": false
        },
        "edited": {
            "user": "UMZ3LNV5Z",
            "ts": "1571006341.000000"
        }
    },
    {
        "type": "message",
        "subtype": "thread_broadcast",
        "text": "eso mismo estaba iniciando apenas tenga algo comparto",
        "user": "UJXP7LS78",
        "ts": "1571007138.207100",
        "thread_ts": "1570950048.194400",
        "root": {
            "client_msg_id": "b1b2463b-4a26-4788-b765-7b7cb98fed25",
            "type": "message",
            "text": "Puedes crear un doc de como lo has realizado?",
            "user": "UJWR5N32S",
            "ts": "1570950048.194400",
            "team": "TJH5YU202",
            "thread_ts": "1570950048.194400",
            "reply_count": 2,
            "reply_users_count": 1,
            "latest_reply": "1571007281.207400",
            "reply_users": [
                "UJXP7LS78"
            ],
            "replies": [
                {
                    "user": "UJXP7LS78",
                    "ts": "1571007138.207100"
                },
                {
                    "user": "UJXP7LS78",
                    "ts": "1571007281.207400"
                }
            ],
            "subscribed": false
        },
        "client_msg_id": "1d3a955e-8034-46ca-89af-f6ff3eba3215"
    },
    {
        "client_msg_id": "5ff22b7d-1754-42f5-9a0a-240a766ea468",
        "type": "message",
        "text": "desde luego mi nivel es bajo pero lo hago con mucho gusto",
        "user": "UJXP7LS78",
        "ts": "1571007281.207400",
        "team": "TJH5YU202",
        "user_team": "TJH5YU202",
        "source_team": "TJH5YU202",
        "user_profile": {
            "avatar_hash": "gc4a0baebb72",
            "image_72": "https:\/\/secure.gravatar.com\/avatar\/a1c4a0baebb720b97e5a197259dbf409.jpg?s=72&d=https%3A%2F%2Fa.slack-edge.com%2Fdf10d%2Fimg%2Favatars%2Fava_0007-72.png",
            "first_name": "",
            "real_name": "wilson gamboa",
            "display_name": "wilson gamboa",
            "team": "TJH5YU202",
            "name": "wilson.josenet",
            "is_restricted": false,
            "is_ultra_restricted": false
        },
        "thread_ts": "1570950048.194400",
        "parent_user_id": "UJWR5N32S"
    },
    {
        "client_msg_id": "02bfaabd-9cfc-4ef2-aecd-49fc8ed54f3c",
        "type": "message",
        "text": "buenas noches",
        "user": "UJXP7LS78",
        "ts": "1571025624.207800",
        "team": "TJH5YU202",
        "user_team": "TJH5YU202",
        "source_team": "TJH5YU202",
        "user_profile": {
            "avatar_hash": "gc4a0baebb72",
            "image_72": "https:\/\/secure.gravatar.com\/avatar\/a1c4a0baebb720b97e5a197259dbf409.jpg?s=72&d=https%3A%2F%2Fa.slack-edge.com%2Fdf10d%2Fimg%2Favatars%2Fava_0007-72.png",
            "first_name": "",
            "real_name": "wilson gamboa",
            "display_name": "wilson gamboa",
            "team": "TJH5YU202",
            "name": "wilson.josenet",
            "is_restricted": false,
            "is_ultra_restricted": false
        }
    },
    {
        "client_msg_id": "224e9af5-981e-44f9-884d-3e7e5a0a24fe",
        "type": "message",
        "text": "no logro crear la dll de harbour for mod_harbour es decir solo se crea la lib",
        "user": "UJXP7LS78",
        "ts": "1571025650.208400",
        "team": "TJH5YU202",
        "user_team": "TJH5YU202",
        "source_team": "TJH5YU202",
        "user_profile": {
            "avatar_hash": "gc4a0baebb72",
            "image_72": "https:\/\/secure.gravatar.com\/avatar\/a1c4a0baebb720b97e5a197259dbf409.jpg?s=72&d=https%3A%2F%2Fa.slack-edge.com%2Fdf10d%2Fimg%2Favatars%2Fava_0007-72.png",
            "first_name": "",
            "real_name": "wilson gamboa",
            "display_name": "wilson gamboa",
            "team": "TJH5YU202",
            "name": "wilson.josenet",
            "is_restricted": false,
            "is_ultra_restricted": false
        }
    },
    {
        "client_msg_id": "359997cc-9e9a-452c-a782-c68a2f3c9e1c",
        "type": "message",
        "text": "harbour-32-x64.lib",
        "user": "UJXP7LS78",
        "ts": "1571025653.208600",
        "team": "TJH5YU202",
        "user_team": "TJH5YU202",
        "source_team": "TJH5YU202",
        "user_profile": {
            "avatar_hash": "gc4a0baebb72",
            "image_72": "https:\/\/secure.gravatar.com\/avatar\/a1c4a0baebb720b97e5a197259dbf409.jpg?s=72&d=https%3A%2F%2Fa.slack-edge.com%2Fdf10d%2Fimg%2Favatars%2Fava_0007-72.png",
            "first_name": "",
            "real_name": "wilson gamboa",
            "display_name": "wilson gamboa",
            "team": "TJH5YU202",
            "name": "wilson.josenet",
            "is_restricted": false,
            "is_ultra_restricted": false
        }
    },
    {
        "client_msg_id": "d9b5b7c6-4d81-4d2e-bc72-e342c4a168fe",
        "type": "message",
        "text": "hasta alli llega",
        "user": "UJXP7LS78",
        "ts": "1571025659.208800",
        "team": "TJH5YU202",
        "user_team": "TJH5YU202",
        "source_team": "TJH5YU202",
        "user_profile": {
            "avatar_hash": "gc4a0baebb72",
            "image_72": "https:\/\/secure.gravatar.com\/avatar\/a1c4a0baebb720b97e5a197259dbf409.jpg?s=72&d=https%3A%2F%2Fa.slack-edge.com%2Fdf10d%2Fimg%2Favatars%2Fava_0007-72.png",
            "first_name": "",
            "real_name": "wilson gamboa",
            "display_name": "wilson gamboa",
            "team": "TJH5YU202",
            "name": "wilson.josenet",
            "is_restricted": false,
            "is_ultra_restricted": false
        }
    },
    {
        "client_msg_id": "7fcd08c6-a613-4527-a557-33ee6e539879",
        "type": "message",
        "text": "tengo este error",
        "user": "UJXP7LS78",
        "ts": "1571025734.209000",
        "team": "TJH5YU202",
        "user_team": "TJH5YU202",
        "source_team": "TJH5YU202",
        "user_profile": {
            "avatar_hash": "gc4a0baebb72",
            "image_72": "https:\/\/secure.gravatar.com\/avatar\/a1c4a0baebb720b97e5a197259dbf409.jpg?s=72&d=https%3A%2F%2Fa.slack-edge.com%2Fdf10d%2Fimg%2Favatars%2Fava_0007-72.png",
            "first_name": "",
            "real_name": "wilson gamboa",
            "display_name": "wilson gamboa",
            "team": "TJH5YU202",
            "name": "wilson.josenet",
            "is_restricted": false,
            "is_ultra_restricted": false
        }
    },
    {
        "type": "message",
        "text": "",
        "files": [
            {
                "id": "FP5GS0801",
                "created": 1571025740,
                "timestamp": 1571025740,
                "name": "image.png",
                "title": "image.png",
                "mimetype": "image\/png",
                "filetype": "png",
                "pretty_type": "PNG",
                "user": "UJXP7LS78",
                "editable": false,
                "size": 229336,
                "mode": "hosted",
                "is_external": false,
                "external_type": "",
                "is_public": true,
                "public_url_shared": false,
                "display_as_bot": false,
                "username": "",
                "url_private": "https:\/\/files.slack.com\/files-pri\/TJH5YU202-FP5GS0801\/image.png?t=xoxe-629202954002-950795328464-950341379620-2ca7f74bb6537751ea5666f8f5e8896e",
                "url_private_download": "https:\/\/files.slack.com\/files-pri\/TJH5YU202-FP5GS0801\/download\/image.png?t=xoxe-629202954002-950795328464-950341379620-2ca7f74bb6537751ea5666f8f5e8896e",
                "thumb_64": "https:\/\/files.slack.com\/files-tmb\/TJH5YU202-FP5GS0801-f6ab27d0ad\/image_64.png?t=xoxe-629202954002-950795328464-950341379620-2ca7f74bb6537751ea5666f8f5e8896e",
                "thumb_80": "https:\/\/files.slack.com\/files-tmb\/TJH5YU202-FP5GS0801-f6ab27d0ad\/image_80.png?t=xoxe-629202954002-950795328464-950341379620-2ca7f74bb6537751ea5666f8f5e8896e",
                "thumb_360": "https:\/\/files.slack.com\/files-tmb\/TJH5YU202-FP5GS0801-f6ab27d0ad\/image_360.png?t=xoxe-629202954002-950795328464-950341379620-2ca7f74bb6537751ea5666f8f5e8896e",
                "thumb_360_w": 360,
                "thumb_360_h": 246,
                "thumb_480": "https:\/\/files.slack.com\/files-tmb\/TJH5YU202-FP5GS0801-f6ab27d0ad\/image_480.png?t=xoxe-629202954002-950795328464-950341379620-2ca7f74bb6537751ea5666f8f5e8896e",
                "thumb_480_w": 480,
                "thumb_480_h": 328,
                "thumb_160": "https:\/\/files.slack.com\/files-tmb\/TJH5YU202-FP5GS0801-f6ab27d0ad\/image_160.png?t=xoxe-629202954002-950795328464-950341379620-2ca7f74bb6537751ea5666f8f5e8896e",
                "thumb_720": "https:\/\/files.slack.com\/files-tmb\/TJH5YU202-FP5GS0801-f6ab27d0ad\/image_720.png?t=xoxe-629202954002-950795328464-950341379620-2ca7f74bb6537751ea5666f8f5e8896e",
                "thumb_720_w": 720,
                "thumb_720_h": 492,
                "thumb_800": "https:\/\/files.slack.com\/files-tmb\/TJH5YU202-FP5GS0801-f6ab27d0ad\/image_800.png?t=xoxe-629202954002-950795328464-950341379620-2ca7f74bb6537751ea5666f8f5e8896e",
                "thumb_800_w": 800,
                "thumb_800_h": 547,
                "thumb_960": "https:\/\/files.slack.com\/files-tmb\/TJH5YU202-FP5GS0801-f6ab27d0ad\/image_960.png?t=xoxe-629202954002-950795328464-950341379620-2ca7f74bb6537751ea5666f8f5e8896e",
                "thumb_960_w": 960,
                "thumb_960_h": 656,
                "thumb_1024": "https:\/\/files.slack.com\/files-tmb\/TJH5YU202-FP5GS0801-f6ab27d0ad\/image_1024.png?t=xoxe-629202954002-950795328464-950341379620-2ca7f74bb6537751ea5666f8f5e8896e",
                "thumb_1024_w": 1024,
                "thumb_1024_h": 700,
                "image_exif_rotation": 1,
                "original_w": 1842,
                "original_h": 1259,
                "thumb_tiny": "AwAgADCv9qmH\/LRqQXc\/\/PV6hOM9f0pAPr+VAFj7XPz+9ej7XP8A89XqDHXr+VHH+RQBP9rn\/wCer0n2uf8A56vUPHv+VGPr+VAC4o69qM+x\/Kj8D+VACYHpRx6UmR60cep\/KgBCf84oz7CiigD\/2Q==",
                "permalink": "https:\/\/harbourproject.slack.com\/files\/UJXP7LS78\/FP5GS0801\/image.png",
                "permalink_public": "https:\/\/slack-files.com\/TJH5YU202-FP5GS0801-1c0cf9ec2b",
                "is_starred": false,
                "has_rich_preview": false
            }
        ],
        "upload": true,
        "user": "UJXP7LS78",
        "display_as_bot": false,
        "ts": "1571025744.209100",
        "client_msg_id": "17fd229b-5c81-4965-bb88-924e8120f5aa"
    },
    {
        "client_msg_id": "e8f969e5-8cb6-4817-adfb-561d5972d898",
        "type": "message",
        "text": "saludos",
        "user": "UJXP7LS78",
        "ts": "1571025749.209500",
        "team": "TJH5YU202",
        "user_team": "TJH5YU202",
        "source_team": "TJH5YU202",
        "user_profile": {
            "avatar_hash": "gc4a0baebb72",
            "image_72": "https:\/\/secure.gravatar.com\/avatar\/a1c4a0baebb720b97e5a197259dbf409.jpg?s=72&d=https%3A%2F%2Fa.slack-edge.com%2Fdf10d%2Fimg%2Favatars%2Fava_0007-72.png",
            "first_name": "",
            "real_name": "wilson gamboa",
            "display_name": "wilson gamboa",
            "team": "TJH5YU202",
            "name": "wilson.josenet",
            "is_restricted": false,
            "is_ultra_restricted": false
        }
    }
]