[
    {
        "client_msg_id": "b8f80f81-6744-4c65-8d9e-2323c43c8a8e",
        "type": "message",
        "text": "Egun on !!!",
        "user": "UJK7SNX51",
        "ts": "1570604608.002700",
        "team": "TJH5YU202",
        "user_team": "TJH5YU202",
        "source_team": "TJH5YU202",
        "user_profile": {
            "avatar_hash": "6698a9ba696b",
            "image_72": "https:\/\/avatars.slack-edge.com\/2019-07-04\/673660529330_6698a9ba696bad01eb8c_72.jpg",
            "first_name": "Baxajaun",
            "real_name": "Baxajaun",
            "display_name": "Baxajaun",
            "team": "TJH5YU202",
            "name": "fpgrande",
            "is_restricted": false,
            "is_ultra_restricted": false
        }
    },
    {
        "client_msg_id": "15848538-cc23-4026-a66b-7a27602c1ed9",
        "type": "message",
        "text": "buenos dias :sunny:",
        "user": "UJN8D8U3B",
        "ts": "1570605853.002900",
        "team": "TJH5YU202",
        "user_team": "TJH5YU202",
        "source_team": "TJH5YU202",
        "user_profile": {
            "avatar_hash": "g92ad2abcc45",
            "image_72": "https:\/\/secure.gravatar.com\/avatar\/8492ad2abcc45ce53969adcf8420acde.jpg?s=72&d=https%3A%2F%2Fa.slack-edge.com%2Fdf10d%2Fimg%2Favatars%2Fava_0008-72.png",
            "first_name": "",
            "real_name": "Antonio Linares",
            "display_name": "Antonio Linares",
            "team": "TJH5YU202",
            "name": "alinares",
            "is_restricted": false,
            "is_ultra_restricted": false
        }
    },
    {
        "client_msg_id": "cb3546ad-a653-4449-8550-14336e926822",
        "type": "message",
        "text": "<@UP07YM8GZ> there is no need to convert it. Simply build it from the Harbour contribs folder and build libharbour.dll linking it in",
        "user": "UJN8D8U3B",
        "ts": "1570605903.003700",
        "team": "TJH5YU202",
        "user_team": "TJH5YU202",
        "source_team": "TJH5YU202",
        "user_profile": {
            "avatar_hash": "g92ad2abcc45",
            "image_72": "https:\/\/secure.gravatar.com\/avatar\/8492ad2abcc45ce53969adcf8420acde.jpg?s=72&d=https%3A%2F%2Fa.slack-edge.com%2Fdf10d%2Fimg%2Favatars%2Fava_0008-72.png",
            "first_name": "",
            "real_name": "Antonio Linares",
            "display_name": "Antonio Linares",
            "team": "TJH5YU202",
            "name": "alinares",
            "is_restricted": false,
            "is_ultra_restricted": false
        }
    },
    {
        "client_msg_id": "56037bd2-3a12-4341-a1c8-046ff2c16426",
        "type": "message",
        "text": "Buenas.",
        "user": "UNAHBRTFA",
        "ts": "1570610916.004100",
        "team": "TJH5YU202",
        "user_team": "TJH5YU202",
        "source_team": "TJH5YU202",
        "user_profile": {
            "avatar_hash": "g3d2a3f4c28c",
            "image_72": "https:\/\/secure.gravatar.com\/avatar\/23d2a3f4c28cebb4cf07e48d02620517.jpg?s=72&d=https%3A%2F%2Fa.slack-edge.com%2Fdf10d%2Fimg%2Favatars%2Fava_0020-72.png",
            "first_name": "Andreu",
            "real_name": "Andreu Botella",
            "display_name": "Andreu Botella",
            "team": "TJH5YU202",
            "name": "andreu.132",
            "is_restricted": false,
            "is_ultra_restricted": false
        }
    },
    {
        "client_msg_id": "c7d31abd-147a-4799-bdc4-838ac030606b",
        "type": "message",
        "text": "De momento la imagen de docker de mod_harbour viene simplemente con un apache intacto (excepto para cargar el módulo mod_harbour y para usar index.prg por delante de index.html como índice de una carpeta), sin nada más.",
        "user": "UNAHBRTFA",
        "ts": "1570611047.006300",
        "team": "TJH5YU202",
        "user_team": "TJH5YU202",
        "source_team": "TJH5YU202",
        "user_profile": {
            "avatar_hash": "g3d2a3f4c28c",
            "image_72": "https:\/\/secure.gravatar.com\/avatar\/23d2a3f4c28cebb4cf07e48d02620517.jpg?s=72&d=https%3A%2F%2Fa.slack-edge.com%2Fdf10d%2Fimg%2Favatars%2Fava_0020-72.png",
            "first_name": "Andreu",
            "real_name": "Andreu Botella",
            "display_name": "Andreu Botella",
            "team": "TJH5YU202",
            "name": "andreu.132",
            "is_restricted": false,
            "is_ultra_restricted": false
        },
        "thread_ts": "1570611047.006300",
        "reply_count": 1,
        "reply_users_count": 1,
        "latest_reply": "1570633933.024600",
        "reply_users": [
            "UJU2ZLJBW"
        ],
        "replies": [
            {
                "user": "UJU2ZLJBW",
                "ts": "1570633933.024600"
            }
        ],
        "subscribed": true,
        "last_read": "1570633933.024600"
    },
    {
        "client_msg_id": "4a79d645-8948-4216-9561-3568fbf2893d",
        "type": "message",
        "text": "Estaba pensando en añadirle el mod_rewrite y algunos clientes de bases de datos.",
        "user": "UNAHBRTFA",
        "ts": "1570611072.006900",
        "team": "TJH5YU202",
        "user_team": "TJH5YU202",
        "source_team": "TJH5YU202",
        "user_profile": {
            "avatar_hash": "g3d2a3f4c28c",
            "image_72": "https:\/\/secure.gravatar.com\/avatar\/23d2a3f4c28cebb4cf07e48d02620517.jpg?s=72&d=https%3A%2F%2Fa.slack-edge.com%2Fdf10d%2Fimg%2Favatars%2Fava_0020-72.png",
            "first_name": "Andreu",
            "real_name": "Andreu Botella",
            "display_name": "Andreu Botella",
            "team": "TJH5YU202",
            "name": "andreu.132",
            "is_restricted": false,
            "is_ultra_restricted": false
        }
    },
    {
        "client_msg_id": "502df8a3-1248-4092-ae39-35879a6f0c6a",
        "type": "message",
        "text": "Andreu si puedes añadir clientes y rewrite no molesta y puede ser util. Gracias",
        "user": "UJWR5N32S",
        "ts": "1570611278.008700",
        "team": "TJH5YU202",
        "user_team": "TJH5YU202",
        "source_team": "TJH5YU202",
        "user_profile": {
            "avatar_hash": "273d3745f7ae",
            "image_72": "https:\/\/avatars.slack-edge.com\/2019-05-20\/634344238497_273d3745f7ae1b176b82_72.jpg",
            "first_name": "Charly",
            "real_name": "Charly",
            "display_name": "Charly",
            "team": "TJH5YU202",
            "name": "carles9000",
            "is_restricted": false,
            "is_ultra_restricted": false
        }
    },
    {
        "client_msg_id": "598ee6d4-96d4-458f-872c-496395cd097d",
        "type": "message",
        "text": "¿Haría falta alguno más aparte de mySQL?",
        "user": "UNAHBRTFA",
        "ts": "1570611309.009200",
        "team": "TJH5YU202",
        "user_team": "TJH5YU202",
        "source_team": "TJH5YU202",
        "user_profile": {
            "avatar_hash": "g3d2a3f4c28c",
            "image_72": "https:\/\/secure.gravatar.com\/avatar\/23d2a3f4c28cebb4cf07e48d02620517.jpg?s=72&d=https%3A%2F%2Fa.slack-edge.com%2Fdf10d%2Fimg%2Favatars%2Fava_0020-72.png",
            "first_name": "Andreu",
            "real_name": "Andreu Botella",
            "display_name": "Andreu Botella",
            "team": "TJH5YU202",
            "name": "andreu.132",
            "is_restricted": false,
            "is_ultra_restricted": false
        },
        "edited": {
            "user": "UNAHBRTFA",
            "ts": "1570611319.000000"
        }
    },
    {
        "client_msg_id": "b4345a36-4041-438f-9e22-15d21f11dff6",
        "type": "message",
        "text": "¿a lo mejor SQL server?",
        "user": "UNAHBRTFA",
        "ts": "1570611340.009900",
        "team": "TJH5YU202",
        "user_team": "TJH5YU202",
        "source_team": "TJH5YU202",
        "user_profile": {
            "avatar_hash": "g3d2a3f4c28c",
            "image_72": "https:\/\/secure.gravatar.com\/avatar\/23d2a3f4c28cebb4cf07e48d02620517.jpg?s=72&d=https%3A%2F%2Fa.slack-edge.com%2Fdf10d%2Fimg%2Favatars%2Fava_0020-72.png",
            "first_name": "Andreu",
            "real_name": "Andreu Botella",
            "display_name": "Andreu Botella",
            "team": "TJH5YU202",
            "name": "andreu.132",
            "is_restricted": false,
            "is_ultra_restricted": false
        }
    },
    {
        "client_msg_id": "bfbcdd6d-6851-404d-85c1-dc57292068e2",
        "type": "message",
        "text": "mariaDB ?",
        "user": "UJN8D8U3B",
        "ts": "1570611856.010300",
        "team": "TJH5YU202",
        "user_team": "TJH5YU202",
        "source_team": "TJH5YU202",
        "user_profile": {
            "avatar_hash": "g92ad2abcc45",
            "image_72": "https:\/\/secure.gravatar.com\/avatar\/8492ad2abcc45ce53969adcf8420acde.jpg?s=72&d=https%3A%2F%2Fa.slack-edge.com%2Fdf10d%2Fimg%2Favatars%2Fava_0008-72.png",
            "first_name": "",
            "real_name": "Antonio Linares",
            "display_name": "Antonio Linares",
            "team": "TJH5YU202",
            "name": "alinares",
            "is_restricted": false,
            "is_ultra_restricted": false
        }
    },
    {
        "client_msg_id": "72524845-dacd-41a4-aee5-0309205f3755",
        "type": "message",
        "text": "¿Hay alguna diferencia entre mySQL y mariaDB?",
        "user": "UNAHBRTFA",
        "ts": "1570611943.011200",
        "team": "TJH5YU202",
        "user_team": "TJH5YU202",
        "source_team": "TJH5YU202",
        "user_profile": {
            "avatar_hash": "g3d2a3f4c28c",
            "image_72": "https:\/\/secure.gravatar.com\/avatar\/23d2a3f4c28cebb4cf07e48d02620517.jpg?s=72&d=https%3A%2F%2Fa.slack-edge.com%2Fdf10d%2Fimg%2Favatars%2Fava_0020-72.png",
            "first_name": "Andreu",
            "real_name": "Andreu Botella",
            "display_name": "Andreu Botella",
            "team": "TJH5YU202",
            "name": "andreu.132",
            "is_restricted": false,
            "is_ultra_restricted": false
        }
    },
    {
        "client_msg_id": "29974264-cd1d-4f48-9993-0e96c419a11c",
        "type": "message",
        "text": "Yo he usado el cliente de mariaDB con servidores mySQL sin ningún problema.",
        "user": "UNAHBRTFA",
        "ts": "1570611994.012400",
        "team": "TJH5YU202",
        "user_team": "TJH5YU202",
        "source_team": "TJH5YU202",
        "user_profile": {
            "avatar_hash": "g3d2a3f4c28c",
            "image_72": "https:\/\/secure.gravatar.com\/avatar\/23d2a3f4c28cebb4cf07e48d02620517.jpg?s=72&d=https%3A%2F%2Fa.slack-edge.com%2Fdf10d%2Fimg%2Favatars%2Fava_0020-72.png",
            "first_name": "Andreu",
            "real_name": "Andreu Botella",
            "display_name": "Andreu Botella",
            "team": "TJH5YU202",
            "name": "andreu.132",
            "is_restricted": false,
            "is_ultra_restricted": false
        },
        "edited": {
            "user": "UNAHBRTFA",
            "ts": "1570612000.000000"
        }
    },
    {
        "client_msg_id": "c3d3f93d-fa98-4422-92a8-c431f7395228",
        "type": "message",
        "text": "MySQL es de Oracle, mientras que MariaDB es un fork del mismo y lleva su propio desarrollo y sigue siendo OpenSource y compatible con MySQL. Si estoy equivocado que alguien me corrija.",
        "user": "UJK7SNX51",
        "ts": "1570613430.014300",
        "team": "TJH5YU202",
        "user_team": "TJH5YU202",
        "source_team": "TJH5YU202",
        "user_profile": {
            "avatar_hash": "6698a9ba696b",
            "image_72": "https:\/\/avatars.slack-edge.com\/2019-07-04\/673660529330_6698a9ba696bad01eb8c_72.jpg",
            "first_name": "Baxajaun",
            "real_name": "Baxajaun",
            "display_name": "Baxajaun",
            "team": "TJH5YU202",
            "name": "fpgrande",
            "is_restricted": false,
            "is_ultra_restricted": false
        }
    },
    {
        "client_msg_id": "cef410ec-db90-46df-9ad8-c46ded1e74f9",
        "type": "message",
        "text": ":+1:",
        "user": "UJWR5N32S",
        "ts": "1570614499.015500",
        "team": "TJH5YU202",
        "user_team": "TJH5YU202",
        "source_team": "TJH5YU202",
        "user_profile": {
            "avatar_hash": "273d3745f7ae",
            "image_72": "https:\/\/avatars.slack-edge.com\/2019-05-20\/634344238497_273d3745f7ae1b176b82_72.jpg",
            "first_name": "Charly",
            "real_name": "Charly",
            "display_name": "Charly",
            "team": "TJH5YU202",
            "name": "carles9000",
            "is_restricted": false,
            "is_ultra_restricted": false
        }
    },
    {
        "client_msg_id": "6397dbfb-eb95-43aa-a942-d6cbe0f291fc",
        "type": "message",
        "text": "Para activar mysql habría que compilar la extensión de hbmysql en harbour\/core, ¿no?",
        "user": "UNAHBRTFA",
        "ts": "1570614771.016300",
        "team": "TJH5YU202",
        "user_team": "TJH5YU202",
        "source_team": "TJH5YU202",
        "user_profile": {
            "avatar_hash": "g3d2a3f4c28c",
            "image_72": "https:\/\/secure.gravatar.com\/avatar\/23d2a3f4c28cebb4cf07e48d02620517.jpg?s=72&d=https%3A%2F%2Fa.slack-edge.com%2Fdf10d%2Fimg%2Favatars%2Fava_0020-72.png",
            "first_name": "Andreu",
            "real_name": "Andreu Botella",
            "display_name": "Andreu Botella",
            "team": "TJH5YU202",
            "name": "andreu.132",
            "is_restricted": false,
            "is_ultra_restricted": false
        }
    },
    {
        "client_msg_id": "4e86aa50-6469-4a45-9732-eb9929fec760",
        "type": "message",
        "text": "Native access to MySQL\/MariaDB, PostgreSQL, SQLite should be the bare minimum.",
        "user": "UM81W8B0Q",
        "ts": "1570623527.018600",
        "team": "TJH5YU202",
        "user_team": "TJH5YU202",
        "source_team": "TJH5YU202",
        "user_profile": {
            "avatar_hash": "gab9279ee8c0",
            "image_72": "https:\/\/secure.gravatar.com\/avatar\/73ab9279ee8c00f66ce4904d30146c8f.jpg?s=72&d=https%3A%2F%2Fa.slack-edge.com%2Fdf10d%2Fimg%2Favatars%2Fava_0010-72.png",
            "first_name": "",
            "real_name": "Angel Pais",
            "display_name": "Angel Pais",
            "team": "TJH5YU202",
            "name": "amigosam",
            "is_restricted": false,
            "is_ultra_restricted": false
        },
        "reactions": [
            {
                "name": "+1",
                "users": [
                    "UP07YM8GZ"
                ],
                "count": 1
            }
        ]
    },
    {
        "client_msg_id": "6e6c2b06-a424-4149-99d9-7621288d0384",
        "type": "message",
        "text": "Buen dia\/ Good Morning",
        "user": "UK28N3CER",
        "ts": "1570633120.019100",
        "team": "TJH5YU202",
        "user_team": "TJH5YU202",
        "source_team": "TJH5YU202",
        "user_profile": {
            "avatar_hash": "7f09da813e5b",
            "image_72": "https:\/\/avatars.slack-edge.com\/2020-01-01\/880554116721_7f09da813e5b80b5a0a0_72.jpg",
            "first_name": "",
            "real_name": "Cesar SysCtrl Software",
            "display_name": "Cesar SysCtrl Software",
            "team": "TJH5YU202",
            "name": "sysctrlsoftware",
            "is_restricted": false,
            "is_ultra_restricted": false
        }
    },
    {
        "client_msg_id": "7a4ea648-c6d7-4716-b95a-13d0888305f7",
        "type": "message",
        "text": "Buenos dias",
        "user": "UJUFNFMFE",
        "ts": "1570633155.019400",
        "team": "TJH5YU202",
        "user_team": "TJH5YU202",
        "source_team": "TJH5YU202",
        "user_profile": {
            "avatar_hash": "aa4e40c137f0",
            "image_72": "https:\/\/avatars.slack-edge.com\/2019-05-21\/630419446595_aa4e40c137f03c23b9cd_72.jpg",
            "first_name": "Marcelo",
            "real_name": "Marcelo Roggeri",
            "display_name": "Marcelo Roggeri",
            "team": "TJH5YU202",
            "name": "roggerimarcelo",
            "is_restricted": false,
            "is_ultra_restricted": false
        }
    },
    {
        "client_msg_id": "d8c5e670-d8fd-4710-b886-e1ea27f74299",
        "type": "message",
        "text": "Buenas tardes",
        "user": "UJU2ZLJBW",
        "ts": "1570633412.019600",
        "team": "TJH5YU202",
        "user_team": "TJH5YU202",
        "source_team": "TJH5YU202",
        "user_profile": {
            "avatar_hash": "g4df4d90232e",
            "image_72": "https:\/\/secure.gravatar.com\/avatar\/0b4df4d90232ed07739bd4134b92a6d1.jpg?s=72&d=https%3A%2F%2Fa.slack-edge.com%2Fdf10d%2Fimg%2Favatars%2Fava_0022-72.png",
            "first_name": "Carlos",
            "real_name": "Carlos Mora",
            "display_name": "",
            "team": "TJH5YU202",
            "name": "carlosantoniomora",
            "is_restricted": false,
            "is_ultra_restricted": false
        }
    },
    {
        "client_msg_id": "351019b2-c920-4285-be32-4f71aff24319",
        "type": "message",
        "text": "La similaridad entre MySQL y MariaDb es algo que va y viene. Una diferencia entre las versiones es la forma de aceptar campos JSON. En MySQL un campo JSON solo acepta documentos JSON válidos, mientras que MariaDB transforma el tipo JSON a longtext y por lo tanto permite que se guarde JSON no válido.",
        "user": "UJU2ZLJBW",
        "ts": "1570633551.022000",
        "team": "TJH5YU202",
        "user_team": "TJH5YU202",
        "source_team": "TJH5YU202",
        "user_profile": {
            "avatar_hash": "g4df4d90232e",
            "image_72": "https:\/\/secure.gravatar.com\/avatar\/0b4df4d90232ed07739bd4134b92a6d1.jpg?s=72&d=https%3A%2F%2Fa.slack-edge.com%2Fdf10d%2Fimg%2Favatars%2Fava_0022-72.png",
            "first_name": "Carlos",
            "real_name": "Carlos Mora",
            "display_name": "",
            "team": "TJH5YU202",
            "name": "carlosantoniomora",
            "is_restricted": false,
            "is_ultra_restricted": false
        }
    },
    {
        "client_msg_id": "162309d1-263d-4ffa-8bb0-89408dfa6ee3",
        "type": "message",
        "text": "MySQL permite crear índices usando atributos del documento JSON, usando el operador -&gt;, MaríaDb no.",
        "user": "UJU2ZLJBW",
        "ts": "1570633610.023000",
        "team": "TJH5YU202",
        "user_team": "TJH5YU202",
        "source_team": "TJH5YU202",
        "user_profile": {
            "avatar_hash": "g4df4d90232e",
            "image_72": "https:\/\/secure.gravatar.com\/avatar\/0b4df4d90232ed07739bd4134b92a6d1.jpg?s=72&d=https%3A%2F%2Fa.slack-edge.com%2Fdf10d%2Fimg%2Favatars%2Fava_0022-72.png",
            "first_name": "Carlos",
            "real_name": "Carlos Mora",
            "display_name": "",
            "team": "TJH5YU202",
            "name": "carlosantoniomora",
            "is_restricted": false,
            "is_ultra_restricted": false
        }
    },
    {
        "client_msg_id": "76d304d1-d590-40ce-858f-238ab05adf21",
        "type": "message",
        "text": "Para crear un indice en un atributo de un JSON en MariaDB hay que crear una columna (campo) virtual, y usar ese campo virtual en el indice",
        "user": "UJU2ZLJBW",
        "ts": "1570633662.024100",
        "team": "TJH5YU202",
        "user_team": "TJH5YU202",
        "source_team": "TJH5YU202",
        "user_profile": {
            "avatar_hash": "g4df4d90232e",
            "image_72": "https:\/\/secure.gravatar.com\/avatar\/0b4df4d90232ed07739bd4134b92a6d1.jpg?s=72&d=https%3A%2F%2Fa.slack-edge.com%2Fdf10d%2Fimg%2Favatars%2Fava_0022-72.png",
            "first_name": "Carlos",
            "real_name": "Carlos Mora",
            "display_name": "",
            "team": "TJH5YU202",
            "name": "carlosantoniomora",
            "is_restricted": false,
            "is_ultra_restricted": false
        }
    },
    {
        "client_msg_id": "cb7dcb10-f7e9-499e-b290-ce08f03e9fbb",
        "type": "message",
        "text": "el rewrite es muy útil, de hecho Charly ya lo uso para ‘esconder’ el index.prg",
        "user": "UJU2ZLJBW",
        "ts": "1570633933.024600",
        "team": "TJH5YU202",
        "user_team": "TJH5YU202",
        "source_team": "TJH5YU202",
        "user_profile": {
            "avatar_hash": "g4df4d90232e",
            "image_72": "https:\/\/secure.gravatar.com\/avatar\/0b4df4d90232ed07739bd4134b92a6d1.jpg?s=72&d=https%3A%2F%2Fa.slack-edge.com%2Fdf10d%2Fimg%2Favatars%2Fava_0022-72.png",
            "first_name": "Carlos",
            "real_name": "Carlos Mora",
            "display_name": "",
            "team": "TJH5YU202",
            "name": "carlosantoniomora",
            "is_restricted": false,
            "is_ultra_restricted": false
        },
        "thread_ts": "1570611047.006300",
        "parent_user_id": "UNAHBRTFA"
    },
    {
        "client_msg_id": "38764f48-5238-44cd-a697-873252631124",
        "type": "message",
        "text": "Para el caso del docker, lo único que nos interesa es si el cliente de una es compatible con el servidor de la otra, lo cual parece ser así.",
        "user": "UNAHBRTFA",
        "ts": "1570634031.025600",
        "team": "TJH5YU202",
        "user_team": "TJH5YU202",
        "source_team": "TJH5YU202",
        "user_profile": {
            "avatar_hash": "g3d2a3f4c28c",
            "image_72": "https:\/\/secure.gravatar.com\/avatar\/23d2a3f4c28cebb4cf07e48d02620517.jpg?s=72&d=https%3A%2F%2Fa.slack-edge.com%2Fdf10d%2Fimg%2Favatars%2Fava_0020-72.png",
            "first_name": "Andreu",
            "real_name": "Andreu Botella",
            "display_name": "Andreu Botella",
            "team": "TJH5YU202",
            "name": "andreu.132",
            "is_restricted": false,
            "is_ultra_restricted": false
        }
    },
    {
        "client_msg_id": "2470115c-8716-4d50-ab9d-14dda78ea0c8",
        "type": "message",
        "text": "se vale leer: <https:\/\/medium.com\/@victor.garibayy\/qu%C3%A9-es-y-para-qu%C3%A9-sirve-json-be05fe02e67d>",
        "user": "UK28N3CER",
        "ts": "1570635092.027100",
        "team": "TJH5YU202",
        "user_team": "TJH5YU202",
        "source_team": "TJH5YU202",
        "user_profile": {
            "avatar_hash": "7f09da813e5b",
            "image_72": "https:\/\/avatars.slack-edge.com\/2020-01-01\/880554116721_7f09da813e5b80b5a0a0_72.jpg",
            "first_name": "",
            "real_name": "Cesar SysCtrl Software",
            "display_name": "Cesar SysCtrl Software",
            "team": "TJH5YU202",
            "name": "sysctrlsoftware",
            "is_restricted": false,
            "is_ultra_restricted": false
        },
        "attachments": [
            {
                "service_name": "Medium",
                "title": "“JSON marcando tendencias”",
                "title_link": "https:\/\/medium.com\/@victor.garibayy\/qu%C3%A9-es-y-para-qu%C3%A9-sirve-json-be05fe02e67d",
                "text": "¿Qué es JSON?",
                "fallback": "Medium: “JSON marcando tendencias”",
                "image_url": "https:\/\/miro.medium.com\/max\/1007\/1*qG1D0cWtTnc1v_g96kicOg.png",
                "fields": [
                    {
                        "title": "Reading time",
                        "value": "7 min read",
                        "short": true
                    }
                ],
                "ts": 1468799151,
                "from_url": "https:\/\/medium.com\/@victor.garibayy\/qu%C3%A9-es-y-para-qu%C3%A9-sirve-json-be05fe02e67d",
                "image_width": 458,
                "image_height": 250,
                "image_bytes": 74565,
                "service_icon": "https:\/\/cdn-images-1.medium.com\/fit\/c\/152\/152\/1*8I-HPL0bfoIzGied-dzOvA.png",
                "id": 1,
                "original_url": "https:\/\/medium.com\/@victor.garibayy\/qu%C3%A9-es-y-para-qu%C3%A9-sirve-json-be05fe02e67d"
            }
        ]
    },
    {
        "client_msg_id": "ca073062-1632-44e7-8cd4-84755fb3a848",
        "type": "message",
        "text": "Good evening. Has anyone managed to make upload a file with a progressbar work ? Thanks a lot.",
        "user": "UJVB4M0DN",
        "ts": "1570640670.029400",
        "team": "TJH5YU202",
        "user_team": "TJH5YU202",
        "source_team": "TJH5YU202",
        "user_profile": {
            "avatar_hash": "51ab5468a160",
            "image_72": "https:\/\/avatars.slack-edge.com\/2019-08-07\/707730878514_51ab5468a16072058d4a_72.png",
            "first_name": "",
            "real_name": "Massimo Linossi",
            "display_name": "Massimo Linossi",
            "team": "TJH5YU202",
            "name": "info413",
            "is_restricted": false,
            "is_ultra_restricted": false
        }
    },
    {
        "client_msg_id": "7941a33c-e126-4c61-9615-301081aecffe",
        "type": "message",
        "text": "I got something working",
        "user": "UNAHBRTFA",
        "ts": "1570647864.031400",
        "team": "TJH5YU202",
        "user_team": "TJH5YU202",
        "source_team": "TJH5YU202",
        "user_profile": {
            "avatar_hash": "g3d2a3f4c28c",
            "image_72": "https:\/\/secure.gravatar.com\/avatar\/23d2a3f4c28cebb4cf07e48d02620517.jpg?s=72&d=https%3A%2F%2Fa.slack-edge.com%2Fdf10d%2Fimg%2Favatars%2Fava_0020-72.png",
            "first_name": "Andreu",
            "real_name": "Andreu Botella",
            "display_name": "Andreu Botella",
            "team": "TJH5YU202",
            "name": "andreu.132",
            "is_restricted": false,
            "is_ultra_restricted": false
        },
        "thread_ts": "1570647864.031400",
        "reply_count": 1,
        "reply_users_count": 1,
        "latest_reply": "1570870756.166500",
        "reply_users": [
            "UJVB4M0DN"
        ],
        "replies": [
            {
                "user": "UJVB4M0DN",
                "ts": "1570870756.166500"
            }
        ],
        "subscribed": false
    },
    {
        "type": "message",
        "text": "<@UJVB4M0DN>",
        "files": [
            {
                "id": "FP19Q0GBT",
                "created": 1570648263,
                "timestamp": 1570648263,
                "name": "sendfile_prg.txt",
                "title": "sendfile.prg",
                "mimetype": "text\/plain",
                "filetype": "text",
                "pretty_type": "Plain Text",
                "user": "UNAHBRTFA",
                "editable": true,
                "size": 3488,
                "mode": "snippet",
                "is_external": false,
                "external_type": "",
                "is_public": true,
                "public_url_shared": false,
                "display_as_bot": false,
                "username": "",
                "url_private": "https:\/\/files.slack.com\/files-pri\/TJH5YU202-FP19Q0GBT\/sendfile_prg.txt?t=xoxe-629202954002-950795328464-950341379620-2ca7f74bb6537751ea5666f8f5e8896e",
                "url_private_download": "https:\/\/files.slack.com\/files-pri\/TJH5YU202-FP19Q0GBT\/download\/sendfile_prg.txt?t=xoxe-629202954002-950795328464-950341379620-2ca7f74bb6537751ea5666f8f5e8896e",
                "permalink": "https:\/\/harbourproject.slack.com\/files\/UNAHBRTFA\/FP19Q0GBT\/sendfile_prg.txt",
                "permalink_public": "https:\/\/slack-files.com\/TJH5YU202-FP19Q0GBT-335275d95b",
                "edit_link": "https:\/\/harbourproject.slack.com\/files\/UNAHBRTFA\/FP19Q0GBT\/sendfile_prg.txt\/edit",
                "is_starred": false,
                "has_rich_preview": false
            }
        ],
        "upload": true,
        "user": "UNAHBRTFA",
        "display_as_bot": false,
        "ts": "1570648263.032800",
        "client_msg_id": "86461d90-2def-4c5e-9817-78c0eeb1810d"
    },
    {
        "client_msg_id": "dc2a9ce7-8307-4185-966b-03ed5e5cc470",
        "type": "message",
        "text": "There is a wordpress clone of Facebook. I thought it would be a very interesting thing to start a mod harbour FB clone. Please have a look at this wordpress plug-in.   <https:\/\/wordpress.org\/plugins\/peepso-core\/>",
        "user": "UJHD6A81H",
        "ts": "1570650348.035000",
        "team": "TJH5YU202",
        "user_team": "TJH5YU202",
        "source_team": "TJH5YU202",
        "user_profile": {
            "avatar_hash": "g6b8073e00e9",
            "image_72": "https:\/\/secure.gravatar.com\/avatar\/b96b8073e00e9eb02bcf05bc1418eb3a.jpg?s=72&d=https%3A%2F%2Fa.slack-edge.com%2Fdf10d%2Fimg%2Favatars%2Fava_0021-72.png",
            "first_name": "Otto",
            "real_name": "Otto Atzwanger",
            "display_name": "Otto",
            "team": "TJH5YU202",
            "name": "otto",
            "is_restricted": false,
            "is_ultra_restricted": false
        },
        "attachments": [
            {
                "service_name": "WordPress.org",
                "title": "PeepSo – User Profile and Social Networking Plugin",
                "title_link": "https:\/\/wordpress.org\/plugins\/peepso-core\/",
                "text": "The Best Social Networking Plugin For WordPress. Beautiful user profiles, activity stream, member listing, blog posts integration with comments, react …",
                "fallback": "WordPress.org: PeepSo – User Profile and Social Networking Plugin",
                "image_url": "https:\/\/ps.w.org\/peepso-core\/assets\/banner-1544x500.png?rev=1948456",
                "from_url": "https:\/\/wordpress.org\/plugins\/peepso-core\/",
                "image_width": 772,
                "image_height": 250,
                "image_bytes": 62400,
                "service_icon": "http:\/\/s.w.org\/favicon.ico?2",
                "id": 1,
                "original_url": "https:\/\/wordpress.org\/plugins\/peepso-core\/"
            }
        ]
    },
    {
        "client_msg_id": "379128b0-cd66-41b5-9d05-0d98f1261d6a",
        "type": "message",
        "text": "An easy to set up community page could bring us many new users.",
        "user": "UJHD6A81H",
        "ts": "1570650409.035700",
        "team": "TJH5YU202",
        "user_team": "TJH5YU202",
        "source_team": "TJH5YU202",
        "user_profile": {
            "avatar_hash": "g6b8073e00e9",
            "image_72": "https:\/\/secure.gravatar.com\/avatar\/b96b8073e00e9eb02bcf05bc1418eb3a.jpg?s=72&d=https%3A%2F%2Fa.slack-edge.com%2Fdf10d%2Fimg%2Favatars%2Fava_0021-72.png",
            "first_name": "Otto",
            "real_name": "Otto Atzwanger",
            "display_name": "Otto",
            "team": "TJH5YU202",
            "name": "otto",
            "is_restricted": false,
            "is_ultra_restricted": false
        }
    },
    {
        "client_msg_id": "e6a78a35-cb68-4b2b-8b70-19316d433d81",
        "type": "message",
        "text": "<https:\/\/www.peepso.com\/demo>",
        "user": "UJHD6A81H",
        "ts": "1570650467.035900",
        "team": "TJH5YU202",
        "user_team": "TJH5YU202",
        "source_team": "TJH5YU202",
        "user_profile": {
            "avatar_hash": "g6b8073e00e9",
            "image_72": "https:\/\/secure.gravatar.com\/avatar\/b96b8073e00e9eb02bcf05bc1418eb3a.jpg?s=72&d=https%3A%2F%2Fa.slack-edge.com%2Fdf10d%2Fimg%2Favatars%2Fava_0021-72.png",
            "first_name": "Otto",
            "real_name": "Otto Atzwanger",
            "display_name": "Otto",
            "team": "TJH5YU202",
            "name": "otto",
            "is_restricted": false,
            "is_ultra_restricted": false
        },
        "attachments": [
            {
                "service_name": "PeepSo",
                "title": "PeepSo | Demo",
                "title_link": "https:\/\/www.peepso.com\/demo",
                "text": "The Next Generation Social Networking Plugin For WordPress - Your Community. Your Way. It's SO easy!",
                "fallback": "PeepSo: PeepSo | Demo",
                "from_url": "https:\/\/www.peepso.com\/demo",
                "service_icon": "https:\/\/www.peepso.com\/wp-content\/uploads\/2018\/10\/cropped-icon-180x180.png",
                "id": 1,
                "original_url": "https:\/\/www.peepso.com\/demo"
            }
        ]
    },
    {
        "client_msg_id": "4709c9e0-19f6-41ff-be0c-5ffdc5a0dedd",
        "type": "message",
        "text": "<@UJN8D8U3B> Necesito una ayudita\nQuería probar a cambiar el main del apache.prg por algo así\n```\nExecute( MemoRead( \"c:\\inetpub\\wwwRoot\\pruebas\\patata.prg\" ), AP_Args() )\n```\nPara verificar que el problema tanto del url-rewrite como el de que no saque nada cuando configuras el mod harbour en una aplicación de iis es solamente la ruta al prg que que cambia en ambos casos\nEl problema es que no soy capaz de compilar libharbour, ( si me genera harbour.exe y hbpp.exe pero no la dll)  ni siquiera con un win10 fresquito solo con vs 2019comunity\nTe puedo dejar mi ordenador?  porque seguro que lo que me falta es una mariconada y si podemos echarlo a andar antes de que monte el projecto de vs completo a mano  pues ya podríamos empezar a probar a configurar el AppPool  y esas cosas",
        "user": "UMZ3LNV5Z",
        "ts": "1570651490.040200",
        "team": "TJH5YU202",
        "user_team": "TJH5YU202",
        "source_team": "TJH5YU202",
        "user_profile": {
            "avatar_hash": "ec1f7fc24912",
            "image_72": "https:\/\/avatars.slack-edge.com\/2019-09-16\/760961231605_ec1f7fc24912daa47f98_72.jpg",
            "first_name": "Pablo",
            "real_name": "Pablo Botella",
            "display_name": "Pablo Botella",
            "team": "TJH5YU202",
            "name": "pb",
            "is_restricted": false,
            "is_ultra_restricted": false
        },
        "edited": {
            "user": "UMZ3LNV5Z",
            "ts": "1570654926.000000"
        }
    },
    {
        "client_msg_id": "db1aa3d8-f14d-4367-b7ca-ef4d638b3288",
        "type": "message",
        "text": "buenos dias :sunny:",
        "user": "UJN8D8U3B",
        "ts": "1570687802.040800",
        "team": "TJH5YU202",
        "user_team": "TJH5YU202",
        "source_team": "TJH5YU202",
        "user_profile": {
            "avatar_hash": "g92ad2abcc45",
            "image_72": "https:\/\/secure.gravatar.com\/avatar\/8492ad2abcc45ce53969adcf8420acde.jpg?s=72&d=https%3A%2F%2Fa.slack-edge.com%2Fdf10d%2Fimg%2Favatars%2Fava_0008-72.png",
            "first_name": "",
            "real_name": "Antonio Linares",
            "display_name": "Antonio Linares",
            "team": "TJH5YU202",
            "name": "alinares",
            "is_restricted": false,
            "is_ultra_restricted": false
        }
    },
    {
        "client_msg_id": "9d5e973e-569f-4414-aebf-323daf1fce92",
        "type": "message",
        "text": "<@UMZ3LNV5Z> ejecutas el make estandard de harbour (usando el repo de github harbour__for_modharbour) y cuando te de una lista de unresolved externals vas a la carpeta <https:\/\/github.com\/FiveTechSoft\/mod_harbour\/tree\/master\/contribs\/windows\/pdf64%2Bxhb%2Bhbwin%2Bhbct%2Bhbcurl> y ejecutas go.bat",
        "user": "UJN8D8U3B",
        "ts": "1570687891.041900",
        "team": "TJH5YU202",
        "user_team": "TJH5YU202",
        "source_team": "TJH5YU202",
        "user_profile": {
            "avatar_hash": "g92ad2abcc45",
            "image_72": "https:\/\/secure.gravatar.com\/avatar\/8492ad2abcc45ce53969adcf8420acde.jpg?s=72&d=https%3A%2F%2Fa.slack-edge.com%2Fdf10d%2Fimg%2Favatars%2Fava_0008-72.png",
            "first_name": "",
            "real_name": "Antonio Linares",
            "display_name": "Antonio Linares",
            "team": "TJH5YU202",
            "name": "alinares",
            "is_restricted": false,
            "is_ultra_restricted": false
        },
        "attachments": [
            {
                "service_name": "GitHub",
                "title": "FiveTechSoft\/mod_harbour",
                "title_link": "https:\/\/github.com\/FiveTechSoft\/mod_harbour\/tree\/master\/contribs\/windows\/pdf64%2Bxhb%2Bhbwin%2Bhbct%2Bhbcurl",
                "text": "Apache mod for Harbour. Contribute to FiveTechSoft\/mod_harbour development by creating an account on GitHub.",
                "fallback": "GitHub: FiveTechSoft\/mod_harbour",
                "from_url": "https:\/\/github.com\/FiveTechSoft\/mod_harbour\/tree\/master\/contribs\/windows\/pdf64%2Bxhb%2Bhbwin%2Bhbct%2Bhbcurl",
                "thumb_url": "https:\/\/repository-images.githubusercontent.com\/186821405\/052d6000-7f03-11e9-85fa-9472623f216c",
                "thumb_width": 190,
                "thumb_height": 191,
                "service_icon": "https:\/\/a.slack-edge.com\/80588\/img\/unfurl_icons\/github.png",
                "id": 1,
                "original_url": "https:\/\/github.com\/FiveTechSoft\/mod_harbour\/tree\/master\/contribs\/windows\/pdf64%2Bxhb%2Bhbwin%2Bhbct%2Bhbcurl"
            }
        ],
        "thread_ts": "1570687891.041900",
        "reply_count": 7,
        "reply_users_count": 3,
        "latest_reply": "1570720008.054600",
        "reply_users": [
            "UMZ3LNV5Z",
            "UM81W8B0Q",
            "UK28N3CER"
        ],
        "replies": [
            {
                "user": "UMZ3LNV5Z",
                "ts": "1570717566.050300"
            },
            {
                "user": "UMZ3LNV5Z",
                "ts": "1570717584.050500"
            },
            {
                "user": "UMZ3LNV5Z",
                "ts": "1570717636.050900"
            },
            {
                "user": "UM81W8B0Q",
                "ts": "1570718285.051200"
            },
            {
                "user": "UM81W8B0Q",
                "ts": "1570718297.051400"
            },
            {
                "user": "UMZ3LNV5Z",
                "ts": "1570718308.051600"
            },
            {
                "user": "UK28N3CER",
                "ts": "1570720008.054600"
            }
        ],
        "subscribed": false
    },
    {
        "client_msg_id": "10a2bca0-bc6c-4066-9e24-d916765f16c0",
        "type": "message",
        "text": "Buenos dias",
        "user": "UJULAGJG5",
        "ts": "1570689727.042200",
        "team": "TJH5YU202",
        "user_team": "TJH5YU202",
        "source_team": "TJH5YU202",
        "user_profile": {
            "avatar_hash": "g456e0b2cdb9",
            "image_72": "https:\/\/secure.gravatar.com\/avatar\/dc456e0b2cdb991048d487a08c4a8c7a.jpg?s=72&d=https%3A%2F%2Fa.slack-edge.com%2Fdf10d%2Fimg%2Favatars%2Fava_0004-72.png",
            "first_name": "",
            "real_name": "Gabriel",
            "display_name": "Gabriel",
            "team": "TJH5YU202",
            "name": "jgabri",
            "is_restricted": false,
            "is_ultra_restricted": false
        }
    }
]