[
    {
        "client_msg_id": "c087510a-7092-4046-97cc-3573196af2b0",
        "type": "message",
        "text": "Que bueno Ángel !!!",
        "user": "UJULAGJG5",
        "ts": "1576408705.002600",
        "team": "TJH5YU202",
        "user_team": "TJH5YU202",
        "source_team": "TJH5YU202",
        "user_profile": {
            "avatar_hash": "g456e0b2cdb9",
            "image_72": "https:\/\/secure.gravatar.com\/avatar\/dc456e0b2cdb991048d487a08c4a8c7a.jpg?s=72&d=https%3A%2F%2Fa.slack-edge.com%2Fdf10d%2Fimg%2Favatars%2Fava_0004-72.png",
            "first_name": "",
            "real_name": "Gabriel",
            "display_name": "Gabriel",
            "team": "TJH5YU202",
            "name": "jgabri",
            "is_restricted": false,
            "is_ultra_restricted": false
        }
    },
    {
        "client_msg_id": "07cd993c-f727-438b-8098-de228650f4c6",
        "type": "message",
        "text": "Aquí en Granada, estamos a 8 grado, se me caen los calzones !!",
        "user": "UJULAGJG5",
        "ts": "1576408758.003900",
        "team": "TJH5YU202",
        "user_team": "TJH5YU202",
        "source_team": "TJH5YU202",
        "user_profile": {
            "avatar_hash": "g456e0b2cdb9",
            "image_72": "https:\/\/secure.gravatar.com\/avatar\/dc456e0b2cdb991048d487a08c4a8c7a.jpg?s=72&d=https%3A%2F%2Fa.slack-edge.com%2Fdf10d%2Fimg%2Favatars%2Fava_0004-72.png",
            "first_name": "",
            "real_name": "Gabriel",
            "display_name": "Gabriel",
            "team": "TJH5YU202",
            "name": "jgabri",
            "is_restricted": false,
            "is_ultra_restricted": false
        }
    },
    {
        "client_msg_id": "7b1237cc-eb30-4779-bfe5-e9dba69f47d5",
        "type": "message",
        "text": "<https:\/\/www.megacam.at\/webcam\/sillian\/>",
        "user": "UJHD6A81H",
        "ts": "1576408913.004100",
        "team": "TJH5YU202",
        "user_team": "TJH5YU202",
        "source_team": "TJH5YU202",
        "user_profile": {
            "avatar_hash": "g6b8073e00e9",
            "image_72": "https:\/\/secure.gravatar.com\/avatar\/b96b8073e00e9eb02bcf05bc1418eb3a.jpg?s=72&d=https%3A%2F%2Fa.slack-edge.com%2Fdf10d%2Fimg%2Favatars%2Fava_0021-72.png",
            "first_name": "Otto",
            "real_name": "Otto Atzwanger",
            "display_name": "Otto",
            "team": "TJH5YU202",
            "name": "otto",
            "is_restricted": false,
            "is_ultra_restricted": false
        },
        "attachments": [
            {
                "title": "Sillian \/ Blick Richtung Dorf-Zentrum - www.megacam.at",
                "title_link": "https:\/\/www.megacam.at\/webcam\/sillian\/",
                "text": "Fotokamera als Webcam: Sillian \/ Blick Richtung Dorf-Zentrum",
                "fallback": "Sillian \/ Blick Richtung Dorf-Zentrum - www.megacam.at",
                "from_url": "https:\/\/www.megacam.at\/webcam\/sillian\/",
                "service_name": "megacam.at",
                "id": 1,
                "original_url": "https:\/\/www.megacam.at\/webcam\/sillian\/"
            }
        ],
        "blocks": [
            {
                "type": "rich_text",
                "block_id": "LFx++",
                "elements": [
                    {
                        "type": "rich_text_section",
                        "elements": [
                            {
                                "type": "link",
                                "url": "https:\/\/www.megacam.at\/webcam\/sillian\/"
                            }
                        ]
                    }
                ]
            }
        ]
    },
    {
        "client_msg_id": "1c412dc3-6df2-45fe-8c8e-27bd30587d42",
        "type": "message",
        "text": "Also here it is very cold. Have a nice Sunday.",
        "user": "UJHD6A81H",
        "ts": "1576408944.004800",
        "team": "TJH5YU202",
        "user_team": "TJH5YU202",
        "source_team": "TJH5YU202",
        "user_profile": {
            "avatar_hash": "g6b8073e00e9",
            "image_72": "https:\/\/secure.gravatar.com\/avatar\/b96b8073e00e9eb02bcf05bc1418eb3a.jpg?s=72&d=https%3A%2F%2Fa.slack-edge.com%2Fdf10d%2Fimg%2Favatars%2Fava_0021-72.png",
            "first_name": "Otto",
            "real_name": "Otto Atzwanger",
            "display_name": "Otto",
            "team": "TJH5YU202",
            "name": "otto",
            "is_restricted": false,
            "is_ultra_restricted": false
        },
        "blocks": [
            {
                "type": "rich_text",
                "block_id": "Tk=zn",
                "elements": [
                    {
                        "type": "rich_text_section",
                        "elements": [
                            {
                                "type": "text",
                                "text": "Also here it is very cold. Have a nice Sunday."
                            }
                        ]
                    }
                ]
            }
        ]
    },
    {
        "client_msg_id": "348db0dd-0358-46ea-96b6-2ce5091b58b3",
        "type": "message",
        "text": "Otto, Granada Spain ?",
        "user": "UJULAGJG5",
        "ts": "1576408995.005600",
        "team": "TJH5YU202",
        "user_team": "TJH5YU202",
        "source_team": "TJH5YU202",
        "user_profile": {
            "avatar_hash": "g456e0b2cdb9",
            "image_72": "https:\/\/secure.gravatar.com\/avatar\/dc456e0b2cdb991048d487a08c4a8c7a.jpg?s=72&d=https%3A%2F%2Fa.slack-edge.com%2Fdf10d%2Fimg%2Favatars%2Fava_0004-72.png",
            "first_name": "",
            "real_name": "Gabriel",
            "display_name": "Gabriel",
            "team": "TJH5YU202",
            "name": "jgabri",
            "is_restricted": false,
            "is_ultra_restricted": false
        }
    },
    {
        "client_msg_id": "1a8a9183-3961-4077-aa1f-fad94d8cc44e",
        "type": "message",
        "text": "No Sillian-Austria.",
        "user": "UJHD6A81H",
        "ts": "1576409258.005900",
        "team": "TJH5YU202",
        "user_team": "TJH5YU202",
        "source_team": "TJH5YU202",
        "user_profile": {
            "avatar_hash": "g6b8073e00e9",
            "image_72": "https:\/\/secure.gravatar.com\/avatar\/b96b8073e00e9eb02bcf05bc1418eb3a.jpg?s=72&d=https%3A%2F%2Fa.slack-edge.com%2Fdf10d%2Fimg%2Favatars%2Fava_0021-72.png",
            "first_name": "Otto",
            "real_name": "Otto Atzwanger",
            "display_name": "Otto",
            "team": "TJH5YU202",
            "name": "otto",
            "is_restricted": false,
            "is_ultra_restricted": false
        },
        "blocks": [
            {
                "type": "rich_text",
                "block_id": "scmsF",
                "elements": [
                    {
                        "type": "rich_text_section",
                        "elements": [
                            {
                                "type": "text",
                                "text": "No Sillian-Austria."
                            }
                        ]
                    }
                ]
            }
        ]
    },
    {
        "client_msg_id": "5fa02205-c2df-4929-80f4-ffa52ce2e178",
        "type": "message",
        "text": "Sierra Nevada,  Granada !!!",
        "user": "UJULAGJG5",
        "ts": "1576409298.007100",
        "team": "TJH5YU202",
        "user_team": "TJH5YU202",
        "source_team": "TJH5YU202",
        "user_profile": {
            "avatar_hash": "g456e0b2cdb9",
            "image_72": "https:\/\/secure.gravatar.com\/avatar\/dc456e0b2cdb991048d487a08c4a8c7a.jpg?s=72&d=https%3A%2F%2Fa.slack-edge.com%2Fdf10d%2Fimg%2Favatars%2Fava_0004-72.png",
            "first_name": "",
            "real_name": "Gabriel",
            "display_name": "Gabriel",
            "team": "TJH5YU202",
            "name": "jgabri",
            "is_restricted": false,
            "is_ultra_restricted": false
        }
    },
    {
        "client_msg_id": "f608dc53-958e-4f61-a4b9-36e5766185c4",
        "type": "message",
        "text": "Ok",
        "user": "UJULAGJG5",
        "ts": "1576409304.007300",
        "team": "TJH5YU202",
        "user_team": "TJH5YU202",
        "source_team": "TJH5YU202",
        "user_profile": {
            "avatar_hash": "g456e0b2cdb9",
            "image_72": "https:\/\/secure.gravatar.com\/avatar\/dc456e0b2cdb991048d487a08c4a8c7a.jpg?s=72&d=https%3A%2F%2Fa.slack-edge.com%2Fdf10d%2Fimg%2Favatars%2Fava_0004-72.png",
            "first_name": "",
            "real_name": "Gabriel",
            "display_name": "Gabriel",
            "team": "TJH5YU202",
            "name": "jgabri",
            "is_restricted": false,
            "is_ultra_restricted": false
        }
    }
]