[
    {
        "client_msg_id": "0c1f0703-8b5b-4511-a080-4b61c39e957a",
        "type": "message",
        "text": "Buenas tardes",
        "user": "UJULAGJG5",
        "ts": "1571823999.029900",
        "team": "TJH5YU202",
        "user_team": "TJH5YU202",
        "source_team": "TJH5YU202",
        "user_profile": {
            "avatar_hash": "g456e0b2cdb9",
            "image_72": "https:\/\/secure.gravatar.com\/avatar\/dc456e0b2cdb991048d487a08c4a8c7a.jpg?s=72&d=https%3A%2F%2Fa.slack-edge.com%2Fdf10d%2Fimg%2Favatars%2Fava_0004-72.png",
            "first_name": "",
            "real_name": "Gabriel",
            "display_name": "Gabriel",
            "team": "TJH5YU202",
            "name": "jgabri",
            "is_restricted": false,
            "is_ultra_restricted": false
        }
    },
    {
        "client_msg_id": "B2D281F2-23B0-43DA-9971-1A0D14E78988",
        "type": "message",
        "text": "<@UJWR5N32S> Buen dia. En el ejemplo de login que pasaste dnd le pondrías el tiempo de logout para la sesion?",
        "user": "UJRQZMTAM",
        "ts": "1571826673.031700",
        "team": "TJH5YU202",
        "user_team": "TJH5YU202",
        "source_team": "TJH5YU202",
        "user_profile": {
            "avatar_hash": "0d8c567df084",
            "image_72": "https:\/\/avatars.slack-edge.com\/2019-11-22\/834908722243_0d8c567df084bf59d639_72.png",
            "first_name": "Diego",
            "real_name": "Diego F",
            "display_name": "Diego F",
            "team": "TJH5YU202",
            "name": "diegohfazio",
            "is_restricted": false,
            "is_ultra_restricted": false
        }
    },
    {
        "client_msg_id": "e30685e0-3b4a-4fcc-953b-9f7c02cbd8e3",
        "type": "message",
        "text": "En el logincontroller -&gt; método Login() -&gt; Funcion \toController:oMiddleware:SetAutenticationJWT( hTokenData, &lt;nTime&gt; )",
        "user": "UJWR5N32S",
        "ts": "1571826905.032600",
        "team": "TJH5YU202",
        "user_team": "TJH5YU202",
        "source_team": "TJH5YU202",
        "user_profile": {
            "avatar_hash": "273d3745f7ae",
            "image_72": "https:\/\/avatars.slack-edge.com\/2019-05-20\/634344238497_273d3745f7ae1b176b82_72.jpg",
            "first_name": "Charly",
            "real_name": "Charly",
            "display_name": "Charly",
            "team": "TJH5YU202",
            "name": "carles9000",
            "is_restricted": false,
            "is_ultra_restricted": false
        }
    },
    {
        "client_msg_id": "ff988140-c87b-4c5a-b0cc-29c876f3c95d",
        "type": "message",
        "text": "&lt;nTime&gt; = Seconds. Default 3600",
        "user": "UJWR5N32S",
        "ts": "1571826913.032900",
        "team": "TJH5YU202",
        "user_team": "TJH5YU202",
        "source_team": "TJH5YU202",
        "user_profile": {
            "avatar_hash": "273d3745f7ae",
            "image_72": "https:\/\/avatars.slack-edge.com\/2019-05-20\/634344238497_273d3745f7ae1b176b82_72.jpg",
            "first_name": "Charly",
            "real_name": "Charly",
            "display_name": "Charly",
            "team": "TJH5YU202",
            "name": "carles9000",
            "is_restricted": false,
            "is_ultra_restricted": false
        }
    },
    {
        "client_msg_id": "13AC2CBD-13CE-428B-937F-2066098B256C",
        "type": "message",
        "text": "Excelente... gracias!",
        "user": "UJRQZMTAM",
        "ts": "1571826964.033400",
        "team": "TJH5YU202",
        "user_team": "TJH5YU202",
        "source_team": "TJH5YU202",
        "user_profile": {
            "avatar_hash": "0d8c567df084",
            "image_72": "https:\/\/avatars.slack-edge.com\/2019-11-22\/834908722243_0d8c567df084bf59d639_72.png",
            "first_name": "Diego",
            "real_name": "Diego F",
            "display_name": "Diego F",
            "team": "TJH5YU202",
            "name": "diegohfazio",
            "is_restricted": false,
            "is_ultra_restricted": false
        }
    },
    {
        "client_msg_id": "68BEEEE2-CAD8-4663-B448-A43E3F45DF9C",
        "type": "message",
        "text": "SetAutenticationJWT donde esta declarada? Eso es propio de apache?",
        "user": "UJRQZMTAM",
        "ts": "1571829534.035300",
        "team": "TJH5YU202",
        "user_team": "TJH5YU202",
        "source_team": "TJH5YU202",
        "user_profile": {
            "avatar_hash": "0d8c567df084",
            "image_72": "https:\/\/avatars.slack-edge.com\/2019-11-22\/834908722243_0d8c567df084bf59d639_72.png",
            "first_name": "Diego",
            "real_name": "Diego F",
            "display_name": "Diego F",
            "team": "TJH5YU202",
            "name": "diegohfazio",
            "is_restricted": false,
            "is_ultra_restricted": false
        }
    },
    {
        "client_msg_id": "6c4ea93d-a654-4281-bdd8-e06d8f5ae7ed",
        "type": "message",
        "text": "En la libreria de Mercury",
        "user": "UJWR5N32S",
        "ts": "1571829622.035500",
        "team": "TJH5YU202",
        "user_team": "TJH5YU202",
        "source_team": "TJH5YU202",
        "user_profile": {
            "avatar_hash": "273d3745f7ae",
            "image_72": "https:\/\/avatars.slack-edge.com\/2019-05-20\/634344238497_273d3745f7ae1b176b82_72.jpg",
            "first_name": "Charly",
            "real_name": "Charly",
            "display_name": "Charly",
            "team": "TJH5YU202",
            "name": "carles9000",
            "is_restricted": false,
            "is_ultra_restricted": false
        }
    },
    {
        "client_msg_id": "7341f247-7e6f-4d77-b89e-06ebd8ced220",
        "type": "message",
        "text": "<https:\/\/github.com\/carles9000\/mercury.git>",
        "user": "UJWR5N32S",
        "ts": "1571829632.035800",
        "team": "TJH5YU202",
        "user_team": "TJH5YU202",
        "source_team": "TJH5YU202",
        "user_profile": {
            "avatar_hash": "273d3745f7ae",
            "image_72": "https:\/\/avatars.slack-edge.com\/2019-05-20\/634344238497_273d3745f7ae1b176b82_72.jpg",
            "first_name": "Charly",
            "real_name": "Charly",
            "display_name": "Charly",
            "team": "TJH5YU202",
            "name": "carles9000",
            "is_restricted": false,
            "is_ultra_restricted": false
        },
        "attachments": [
            {
                "service_name": "GitHub",
                "title": "carles9000\/mercury",
                "title_link": "https:\/\/github.com\/carles9000\/mercury.git",
                "text": "MVC Mercury - Model\/View\/Controller for Harbour for Web - carles9000\/mercury",
                "fallback": "GitHub: carles9000\/mercury",
                "thumb_url": "https:\/\/avatars3.githubusercontent.com\/u\/13433884?s=400&v=4",
                "from_url": "https:\/\/github.com\/carles9000\/mercury.git",
                "thumb_width": 170,
                "thumb_height": 170,
                "service_icon": "https:\/\/a.slack-edge.com\/80588\/img\/unfurl_icons\/github.png",
                "id": 1,
                "original_url": "https:\/\/github.com\/carles9000\/mercury.git"
            }
        ]
    },
    {
        "client_msg_id": "5D569574-0F4B-48CA-86AD-59F67C43CBBA",
        "type": "message",
        "text": "Ahi entendi. En el ejemplo seamap las lib están en hrb. Pero lo que no veo es dsd donde las incluis para usar. Ya que en el index.prg el Loadhrb esta comentado.",
        "user": "UJRQZMTAM",
        "ts": "1571830142.038500",
        "team": "TJH5YU202",
        "user_team": "TJH5YU202",
        "source_team": "TJH5YU202",
        "user_profile": {
            "avatar_hash": "0d8c567df084",
            "image_72": "https:\/\/avatars.slack-edge.com\/2019-11-22\/834908722243_0d8c567df084bf59d639_72.png",
            "first_name": "Diego",
            "real_name": "Diego F",
            "display_name": "Diego F",
            "team": "TJH5YU202",
            "name": "diegohfazio",
            "is_restricted": false,
            "is_ultra_restricted": false
        }
    },
    {
        "client_msg_id": "99929c78-9bec-46cd-8105-d6926cf012d2",
        "type": "message",
        "text": "Diego, es la técnica para cargar las libs hrb !  :slightly_smiling_face:",
        "user": "UJWR5N32S",
        "ts": "1571830237.038900",
        "team": "TJH5YU202",
        "user_team": "TJH5YU202",
        "source_team": "TJH5YU202",
        "user_profile": {
            "avatar_hash": "273d3745f7ae",
            "image_72": "https:\/\/avatars.slack-edge.com\/2019-05-20\/634344238497_273d3745f7ae1b176b82_72.jpg",
            "first_name": "Charly",
            "real_name": "Charly",
            "display_name": "Charly",
            "team": "TJH5YU202",
            "name": "carles9000",
            "is_restricted": false,
            "is_ultra_restricted": false
        }
    },
    {
        "client_msg_id": "6e741c8c-a74a-4ed7-854e-5cff4b781014",
        "type": "message",
        "text": "Si tu haces esto:",
        "user": "UJWR5N32S",
        "ts": "1571830245.039100",
        "team": "TJH5YU202",
        "user_team": "TJH5YU202",
        "source_team": "TJH5YU202",
        "user_profile": {
            "avatar_hash": "273d3745f7ae",
            "image_72": "https:\/\/avatars.slack-edge.com\/2019-05-20\/634344238497_273d3745f7ae1b176b82_72.jpg",
            "first_name": "Charly",
            "real_name": "Charly",
            "display_name": "Charly",
            "team": "TJH5YU202",
            "name": "carles9000",
            "is_restricted": false,
            "is_ultra_restricted": false
        }
    },
    {
        "client_msg_id": "194635b5-e2db-4d5d-8db6-2c0277907858",
        "type": "message",
        "text": "\/\/ {% LoadHrb( \"\/lib\/core_lib.hrb\" ) %}\n\/\/ {% LoadHrb( \"\/lib\/mercury.hrb\" ) %}\n\/\/ {% LoadHrb( \"\/lib\/wdo_lib.hrb\" ) %}",
        "user": "UJWR5N32S",
        "ts": "1571830247.039200",
        "team": "TJH5YU202",
        "user_team": "TJH5YU202",
        "source_team": "TJH5YU202",
        "user_profile": {
            "avatar_hash": "273d3745f7ae",
            "image_72": "https:\/\/avatars.slack-edge.com\/2019-05-20\/634344238497_273d3745f7ae1b176b82_72.jpg",
            "first_name": "Charly",
            "real_name": "Charly",
            "display_name": "Charly",
            "team": "TJH5YU202",
            "name": "carles9000",
            "is_restricted": false,
            "is_ultra_restricted": false
        }
    },
    {
        "client_msg_id": "ae573fd9-b87e-4e73-85d2-e8ef650d6861",
        "type": "message",
        "text": "El preprocesador no lo compila, pero mod_harbour busca code que se encuentra entre {% .. %} y lo ejecuta",
        "user": "UJWR5N32S",
        "ts": "1571830288.040000",
        "team": "TJH5YU202",
        "user_team": "TJH5YU202",
        "source_team": "TJH5YU202",
        "user_profile": {
            "avatar_hash": "273d3745f7ae",
            "image_72": "https:\/\/avatars.slack-edge.com\/2019-05-20\/634344238497_273d3745f7ae1b176b82_72.jpg",
            "first_name": "Charly",
            "real_name": "Charly",
            "display_name": "Charly",
            "team": "TJH5YU202",
            "name": "carles9000",
            "is_restricted": false,
            "is_ultra_restricted": false
        }
    },
    {
        "client_msg_id": "e28a366f-37b6-4193-9911-bb5a5dae795f",
        "type": "message",
        "text": "es decir...antes de ejecutar el index.prg, ejecuta el LoadHrb()",
        "user": "UJWR5N32S",
        "ts": "1571830308.040600",
        "team": "TJH5YU202",
        "user_team": "TJH5YU202",
        "source_team": "TJH5YU202",
        "user_profile": {
            "avatar_hash": "273d3745f7ae",
            "image_72": "https:\/\/avatars.slack-edge.com\/2019-05-20\/634344238497_273d3745f7ae1b176b82_72.jpg",
            "first_name": "Charly",
            "real_name": "Charly",
            "display_name": "Charly",
            "team": "TJH5YU202",
            "name": "carles9000",
            "is_restricted": false,
            "is_ultra_restricted": false
        }
    },
    {
        "client_msg_id": "b5a87c74-ebaf-4860-ad3d-0bd251542dbc",
        "type": "message",
        "text": ":slightly_smiling_face:",
        "user": "UJWR5N32S",
        "ts": "1571830310.040800",
        "team": "TJH5YU202",
        "user_team": "TJH5YU202",
        "source_team": "TJH5YU202",
        "user_profile": {
            "avatar_hash": "273d3745f7ae",
            "image_72": "https:\/\/avatars.slack-edge.com\/2019-05-20\/634344238497_273d3745f7ae1b176b82_72.jpg",
            "first_name": "Charly",
            "real_name": "Charly",
            "display_name": "Charly",
            "team": "TJH5YU202",
            "name": "carles9000",
            "is_restricted": false,
            "is_ultra_restricted": false
        }
    },
    {
        "client_msg_id": "B0A36C20-3A16-4F51-9016-C74D4E024862",
        "type": "message",
        "text": "Ahhhhh ",
        "user": "UJRQZMTAM",
        "ts": "1571830314.040900",
        "team": "TJH5YU202",
        "user_team": "TJH5YU202",
        "source_team": "TJH5YU202",
        "user_profile": {
            "avatar_hash": "0d8c567df084",
            "image_72": "https:\/\/avatars.slack-edge.com\/2019-11-22\/834908722243_0d8c567df084bf59d639_72.png",
            "first_name": "Diego",
            "real_name": "Diego F",
            "display_name": "Diego F",
            "team": "TJH5YU202",
            "name": "diegohfazio",
            "is_restricted": false,
            "is_ultra_restricted": false
        }
    },
    {
        "client_msg_id": "AEA430FA-DC8E-46A6-AA2E-55D2BF069795",
        "type": "message",
        "text": "Por mas que esté comentado lo incluye igual",
        "user": "UJRQZMTAM",
        "ts": "1571830331.041400",
        "team": "TJH5YU202",
        "user_team": "TJH5YU202",
        "source_team": "TJH5YU202",
        "user_profile": {
            "avatar_hash": "0d8c567df084",
            "image_72": "https:\/\/avatars.slack-edge.com\/2019-11-22\/834908722243_0d8c567df084bf59d639_72.png",
            "first_name": "Diego",
            "real_name": "Diego F",
            "display_name": "Diego F",
            "team": "TJH5YU202",
            "name": "diegohfazio",
            "is_restricted": false,
            "is_ultra_restricted": false
        }
    },
    {
        "client_msg_id": "1c53182c-ffa4-4d51-aa5b-423e91132e25",
        "type": "message",
        "text": "si",
        "user": "UJN8D8U3B",
        "ts": "1571830337.041700",
        "team": "TJH5YU202",
        "user_team": "TJH5YU202",
        "source_team": "TJH5YU202",
        "user_profile": {
            "avatar_hash": "g92ad2abcc45",
            "image_72": "https:\/\/secure.gravatar.com\/avatar\/8492ad2abcc45ce53969adcf8420acde.jpg?s=72&d=https%3A%2F%2Fa.slack-edge.com%2Fdf10d%2Fimg%2Favatars%2Fava_0008-72.png",
            "first_name": "",
            "real_name": "Antonio Linares",
            "display_name": "Antonio Linares",
            "team": "TJH5YU202",
            "name": "alinares",
            "is_restricted": false,
            "is_ultra_restricted": false
        }
    },
    {
        "client_msg_id": "84da208d-0a36-4857-99e6-0c13f1ee6efb",
        "type": "message",
        "text": "exacto, siempre que lo tengass entre {%  %}",
        "user": "UJWR5N32S",
        "ts": "1571830346.041900",
        "team": "TJH5YU202",
        "user_team": "TJH5YU202",
        "source_team": "TJH5YU202",
        "user_profile": {
            "avatar_hash": "273d3745f7ae",
            "image_72": "https:\/\/avatars.slack-edge.com\/2019-05-20\/634344238497_273d3745f7ae1b176b82_72.jpg",
            "first_name": "Charly",
            "real_name": "Charly",
            "display_name": "Charly",
            "team": "TJH5YU202",
            "name": "carles9000",
            "is_restricted": false,
            "is_ultra_restricted": false
        }
    },
    {
        "client_msg_id": "c7ff05ad-d817-4688-9080-efdaa1f824e8",
        "type": "message",
        "text": "Es perfecto !",
        "user": "UJWR5N32S",
        "ts": "1571830357.042100",
        "team": "TJH5YU202",
        "user_team": "TJH5YU202",
        "source_team": "TJH5YU202",
        "user_profile": {
            "avatar_hash": "273d3745f7ae",
            "image_72": "https:\/\/avatars.slack-edge.com\/2019-05-20\/634344238497_273d3745f7ae1b176b82_72.jpg",
            "first_name": "Charly",
            "real_name": "Charly",
            "display_name": "Charly",
            "team": "TJH5YU202",
            "name": "carles9000",
            "is_restricted": false,
            "is_ultra_restricted": false
        }
    },
    {
        "client_msg_id": "d3c195e8-7234-4b75-a5d4-41dabb330467",
        "type": "message",
        "text": "Tambien puedes inicializar variables de entorno, pe.e",
        "user": "UJWR5N32S",
        "ts": "1571830391.042500",
        "team": "TJH5YU202",
        "user_team": "TJH5YU202",
        "source_team": "TJH5YU202",
        "user_profile": {
            "avatar_hash": "273d3745f7ae",
            "image_72": "https:\/\/avatars.slack-edge.com\/2019-05-20\/634344238497_273d3745f7ae1b176b82_72.jpg",
            "first_name": "Charly",
            "real_name": "Charly",
            "display_name": "Charly",
            "team": "TJH5YU202",
            "name": "carles9000",
            "is_restricted": false,
            "is_ultra_restricted": false
        }
    },
    {
        "client_msg_id": "D795D6B9-152B-4C28-A92A-0F3AEA6A933E",
        "type": "message",
        "text": "Buenisimo...Graciass",
        "user": "UJRQZMTAM",
        "ts": "1571830412.042800",
        "team": "TJH5YU202",
        "user_team": "TJH5YU202",
        "source_team": "TJH5YU202",
        "user_profile": {
            "avatar_hash": "0d8c567df084",
            "image_72": "https:\/\/avatars.slack-edge.com\/2019-11-22\/834908722243_0d8c567df084bf59d639_72.png",
            "first_name": "Diego",
            "real_name": "Diego F",
            "display_name": "Diego F",
            "team": "TJH5YU202",
            "name": "diegohfazio",
            "is_restricted": false,
            "is_ultra_restricted": false
        }
    },
    {
        "client_msg_id": "0a0b879b-f787-4d39-9390-0dd9a2082118",
        "type": "message",
        "text": "\/\/ {% hb_setenv( 'HB_INCLUDE', 'C:\\HARBOUR:\\INCLUDE' ) %}",
        "user": "UJWR5N32S",
        "ts": "1571830421.042900",
        "team": "TJH5YU202",
        "user_team": "TJH5YU202",
        "source_team": "TJH5YU202",
        "user_profile": {
            "avatar_hash": "273d3745f7ae",
            "image_72": "https:\/\/avatars.slack-edge.com\/2019-05-20\/634344238497_273d3745f7ae1b176b82_72.jpg",
            "first_name": "Charly",
            "real_name": "Charly",
            "display_name": "Charly",
            "team": "TJH5YU202",
            "name": "carles9000",
            "is_restricted": false,
            "is_ultra_restricted": false
        }
    },
    {
        "client_msg_id": "29526a9b-6191-429d-a22d-f106f6eb7789",
        "type": "message",
        "text": "Con este si usas en tus prg algun include y lo tienes asi configurado los encontrara",
        "user": "UJWR5N32S",
        "ts": "1571830443.043400",
        "team": "TJH5YU202",
        "user_team": "TJH5YU202",
        "source_team": "TJH5YU202",
        "user_profile": {
            "avatar_hash": "273d3745f7ae",
            "image_72": "https:\/\/avatars.slack-edge.com\/2019-05-20\/634344238497_273d3745f7ae1b176b82_72.jpg",
            "first_name": "Charly",
            "real_name": "Charly",
            "display_name": "Charly",
            "team": "TJH5YU202",
            "name": "carles9000",
            "is_restricted": false,
            "is_ultra_restricted": false
        }
    },
    {
        "client_msg_id": "F3245026-41CF-4511-9EA2-CBFAE725880F",
        "type": "message",
        "text": "Lindo truquillo el de \/\/ :clap::clap::clap:",
        "user": "UJRQZMTAM",
        "ts": "1571830660.044000",
        "team": "TJH5YU202",
        "user_team": "TJH5YU202",
        "source_team": "TJH5YU202",
        "user_profile": {
            "avatar_hash": "0d8c567df084",
            "image_72": "https:\/\/avatars.slack-edge.com\/2019-11-22\/834908722243_0d8c567df084bf59d639_72.png",
            "first_name": "Diego",
            "real_name": "Diego F",
            "display_name": "Diego F",
            "team": "TJH5YU202",
            "name": "diegohfazio",
            "is_restricted": false,
            "is_ultra_restricted": false
        }
    },
    {
        "type": "message",
        "text": "",
        "files": [
            {
                "id": "FPRMVSKEK",
                "created": 1571831860,
                "timestamp": 1571831860,
                "name": "UD_2 - comandos linux.pdf",
                "title": "UD_2 - comandos linux.pdf",
                "mimetype": "application\/pdf",
                "filetype": "pdf",
                "pretty_type": "PDF",
                "user": "UJULAGJG5",
                "editable": false,
                "size": 1777507,
                "mode": "hosted",
                "is_external": false,
                "external_type": "",
                "is_public": true,
                "public_url_shared": false,
                "display_as_bot": false,
                "username": "",
                "url_private": "https:\/\/files.slack.com\/files-pri\/TJH5YU202-FPRMVSKEK\/ud_2_-_comandos_linux.pdf?t=xoxe-629202954002-950795328464-950341379620-2ca7f74bb6537751ea5666f8f5e8896e",
                "url_private_download": "https:\/\/files.slack.com\/files-pri\/TJH5YU202-FPRMVSKEK\/download\/ud_2_-_comandos_linux.pdf?t=xoxe-629202954002-950795328464-950341379620-2ca7f74bb6537751ea5666f8f5e8896e",
                "thumb_pdf": "https:\/\/files.slack.com\/files-tmb\/TJH5YU202-FPRMVSKEK-3e17c2dae3\/ud_2_-_comandos_linux_thumb_pdf.png?t=xoxe-629202954002-950795328464-950341379620-2ca7f74bb6537751ea5666f8f5e8896e",
                "thumb_pdf_w": 909,
                "thumb_pdf_h": 1288,
                "permalink": "https:\/\/harbourproject.slack.com\/files\/UJULAGJG5\/FPRMVSKEK\/ud_2_-_comandos_linux.pdf",
                "permalink_public": "https:\/\/slack-files.com\/TJH5YU202-FPRMVSKEK-dbaabfd329",
                "is_starred": false,
                "has_rich_preview": false
            }
        ],
        "upload": true,
        "user": "UJULAGJG5",
        "display_as_bot": false,
        "ts": "1571831861.044100",
        "client_msg_id": "644ef401-2e17-45ed-bae7-c16c885b3195"
    },
    {
        "client_msg_id": "650d02f8-20a3-4ba4-babb-6cd31c3915df",
        "type": "message",
        "text": "Un PDF, que me ha pasado un amigo, que está estudiando informática de sistemas",
        "user": "UJULAGJG5",
        "ts": "1571831931.045900",
        "team": "TJH5YU202",
        "user_team": "TJH5YU202",
        "source_team": "TJH5YU202",
        "user_profile": {
            "avatar_hash": "g456e0b2cdb9",
            "image_72": "https:\/\/secure.gravatar.com\/avatar\/dc456e0b2cdb991048d487a08c4a8c7a.jpg?s=72&d=https%3A%2F%2Fa.slack-edge.com%2Fdf10d%2Fimg%2Favatars%2Fava_0004-72.png",
            "first_name": "",
            "real_name": "Gabriel",
            "display_name": "Gabriel",
            "team": "TJH5YU202",
            "name": "jgabri",
            "is_restricted": false,
            "is_ultra_restricted": false
        }
    },
    {
        "client_msg_id": "24cc5fc0-c3cd-47a5-b33a-2f8d8a26855a",
        "type": "message",
        "text": ":+1:",
        "user": "UJN8D8U3B",
        "ts": "1571831955.046100",
        "team": "TJH5YU202",
        "user_team": "TJH5YU202",
        "source_team": "TJH5YU202",
        "user_profile": {
            "avatar_hash": "g92ad2abcc45",
            "image_72": "https:\/\/secure.gravatar.com\/avatar\/8492ad2abcc45ce53969adcf8420acde.jpg?s=72&d=https%3A%2F%2Fa.slack-edge.com%2Fdf10d%2Fimg%2Favatars%2Fava_0008-72.png",
            "first_name": "",
            "real_name": "Antonio Linares",
            "display_name": "Antonio Linares",
            "team": "TJH5YU202",
            "name": "alinares",
            "is_restricted": false,
            "is_ultra_restricted": false
        }
    },
    {
        "client_msg_id": "2d32897c-d5d2-40d6-8ad1-7df7cea8db62",
        "type": "message",
        "text": "Buenos días amigos",
        "user": "UK28N3CER",
        "ts": "1571832785.046500",
        "team": "TJH5YU202",
        "user_team": "TJH5YU202",
        "source_team": "TJH5YU202",
        "user_profile": {
            "avatar_hash": "7f09da813e5b",
            "image_72": "https:\/\/avatars.slack-edge.com\/2020-01-01\/880554116721_7f09da813e5b80b5a0a0_72.jpg",
            "first_name": "",
            "real_name": "Cesar SysCtrl Software",
            "display_name": "Cesar SysCtrl Software",
            "team": "TJH5YU202",
            "name": "sysctrlsoftware",
            "is_restricted": false,
            "is_ultra_restricted": false
        }
    },
    {
        "client_msg_id": "f8dac268-051c-4105-ab12-169b321d7010",
        "type": "message",
        "text": "muchas gracias Charly",
        "user": "UJXP7LS78",
        "ts": "1571843325.046800",
        "team": "TJH5YU202",
        "user_team": "TJH5YU202",
        "source_team": "TJH5YU202",
        "user_profile": {
            "avatar_hash": "gc4a0baebb72",
            "image_72": "https:\/\/secure.gravatar.com\/avatar\/a1c4a0baebb720b97e5a197259dbf409.jpg?s=72&d=https%3A%2F%2Fa.slack-edge.com%2Fdf10d%2Fimg%2Favatars%2Fava_0007-72.png",
            "first_name": "",
            "real_name": "wilson gamboa",
            "display_name": "wilson gamboa",
            "team": "TJH5YU202",
            "name": "wilson.josenet",
            "is_restricted": false,
            "is_ultra_restricted": false
        }
    },
    {
        "client_msg_id": "d7d7dfa6-14c7-4d2f-8cf8-edaf8a2a9307",
        "type": "message",
        "text": "buenos dias con todos",
        "user": "UJXP7LS78",
        "ts": "1571843329.047100",
        "team": "TJH5YU202",
        "user_team": "TJH5YU202",
        "source_team": "TJH5YU202",
        "user_profile": {
            "avatar_hash": "gc4a0baebb72",
            "image_72": "https:\/\/secure.gravatar.com\/avatar\/a1c4a0baebb720b97e5a197259dbf409.jpg?s=72&d=https%3A%2F%2Fa.slack-edge.com%2Fdf10d%2Fimg%2Favatars%2Fava_0007-72.png",
            "first_name": "",
            "real_name": "wilson gamboa",
            "display_name": "wilson gamboa",
            "team": "TJH5YU202",
            "name": "wilson.josenet",
            "is_restricted": false,
            "is_ultra_restricted": false
        }
    },
    {
        "client_msg_id": "15d0c195-959f-420f-9a29-2da3e75c821f",
        "type": "message",
        "text": "Hola Saludos a todas estas excelentes personas, soy Alfredo salas, agradezco al amigo Pablo  recomendarme este canal, estoy interesado en modharbour y como ponerlo en marcha. mil gracias",
        "user": "UPMFPTAFR",
        "ts": "1571849802.049800",
        "team": "TJH5YU202",
        "user_team": "TJH5YU202",
        "source_team": "TJH5YU202",
        "user_profile": {
            "avatar_hash": "g3951babdbb8",
            "image_72": "https:\/\/secure.gravatar.com\/avatar\/3951babdbb8af2e63cce9b155450b35a.jpg?s=72&d=https%3A%2F%2Fa.slack-edge.com%2Fdf10d%2Fimg%2Favatars%2Fava_0005-72.png",
            "first_name": "",
            "real_name": "alfredo salas",
            "display_name": "alfredo salas",
            "team": "TJH5YU202",
            "name": "alfredosa64",
            "is_restricted": false,
            "is_ultra_restricted": false
        }
    },
    {
        "client_msg_id": "e896e2b7-6e0b-4b21-a606-1cae47b8dcaf",
        "type": "message",
        "text": "Bienvenido Alfredo",
        "user": "UJN8D8U3B",
        "ts": "1571853436.050000",
        "team": "TJH5YU202",
        "user_team": "TJH5YU202",
        "source_team": "TJH5YU202",
        "user_profile": {
            "avatar_hash": "g92ad2abcc45",
            "image_72": "https:\/\/secure.gravatar.com\/avatar\/8492ad2abcc45ce53969adcf8420acde.jpg?s=72&d=https%3A%2F%2Fa.slack-edge.com%2Fdf10d%2Fimg%2Favatars%2Fava_0008-72.png",
            "first_name": "",
            "real_name": "Antonio Linares",
            "display_name": "Antonio Linares",
            "team": "TJH5YU202",
            "name": "alinares",
            "is_restricted": false,
            "is_ultra_restricted": false
        }
    },
    {
        "client_msg_id": "870b33dd-1a95-4bf4-a3fd-22e0611cafc6",
        "type": "message",
        "text": "Gracias Antonio",
        "user": "UPMFPTAFR",
        "ts": "1571857368.050300",
        "team": "TJH5YU202",
        "user_team": "TJH5YU202",
        "source_team": "TJH5YU202",
        "user_profile": {
            "avatar_hash": "g3951babdbb8",
            "image_72": "https:\/\/secure.gravatar.com\/avatar\/3951babdbb8af2e63cce9b155450b35a.jpg?s=72&d=https%3A%2F%2Fa.slack-edge.com%2Fdf10d%2Fimg%2Favatars%2Fava_0005-72.png",
            "first_name": "",
            "real_name": "alfredo salas",
            "display_name": "alfredo salas",
            "team": "TJH5YU202",
            "name": "alfredosa64",
            "is_restricted": false,
            "is_ultra_restricted": false
        }
    },
    {
        "client_msg_id": "32d5a443-49ac-4765-bfb1-09447509cf54",
        "type": "message",
        "text": "Hay alguna construcción por fa de modharbour para xampp sobre windows 10 64 bits porque la que instale no me ha funcionado se desactiva el xampp , cuando agrego la linea del módulo en el conf",
        "user": "UPMFPTAFR",
        "ts": "1571857624.053100",
        "team": "TJH5YU202",
        "user_team": "TJH5YU202",
        "source_team": "TJH5YU202",
        "user_profile": {
            "avatar_hash": "g3951babdbb8",
            "image_72": "https:\/\/secure.gravatar.com\/avatar\/3951babdbb8af2e63cce9b155450b35a.jpg?s=72&d=https%3A%2F%2Fa.slack-edge.com%2Fdf10d%2Fimg%2Favatars%2Fava_0005-72.png",
            "first_name": "",
            "real_name": "alfredo salas",
            "display_name": "alfredo salas",
            "team": "TJH5YU202",
            "name": "alfredosa64",
            "is_restricted": false,
            "is_ultra_restricted": false
        },
        "thread_ts": "1571857624.053100",
        "reply_count": 2,
        "reply_users_count": 2,
        "latest_reply": "1572605403.046800",
        "reply_users": [
            "UJH8HAJQ2",
            "UPMFPTAFR"
        ],
        "replies": [
            {
                "user": "UJH8HAJQ2",
                "ts": "1571872706.055600"
            },
            {
                "user": "UPMFPTAFR",
                "ts": "1572605403.046800"
            }
        ],
        "subscribed": false
    },
    {
        "client_msg_id": "32f917c7-fe1b-42d2-8e61-7cc2c321f8c2",
        "type": "message",
        "text": "hola buenas tardes, como hago para invitar a alguien aca?",
        "user": "UJUFNFMFE",
        "ts": "1571859059.053600",
        "team": "TJH5YU202",
        "user_team": "TJH5YU202",
        "source_team": "TJH5YU202",
        "user_profile": {
            "avatar_hash": "aa4e40c137f0",
            "image_72": "https:\/\/avatars.slack-edge.com\/2019-05-21\/630419446595_aa4e40c137f03c23b9cd_72.jpg",
            "first_name": "Marcelo",
            "real_name": "Marcelo Roggeri",
            "display_name": "Marcelo Roggeri",
            "team": "TJH5YU202",
            "name": "roggerimarcelo",
            "is_restricted": false,
            "is_ultra_restricted": false
        }
    },
    {
        "client_msg_id": "748f9fee-930d-4e42-9279-8b89cdaaacc1",
        "type": "message",
        "text": "ya esta",
        "user": "UJUFNFMFE",
        "ts": "1571859089.053800",
        "team": "TJH5YU202",
        "user_team": "TJH5YU202",
        "source_team": "TJH5YU202",
        "user_profile": {
            "avatar_hash": "aa4e40c137f0",
            "image_72": "https:\/\/avatars.slack-edge.com\/2019-05-21\/630419446595_aa4e40c137f03c23b9cd_72.jpg",
            "first_name": "Marcelo",
            "real_name": "Marcelo Roggeri",
            "display_name": "Marcelo Roggeri",
            "team": "TJH5YU202",
            "name": "roggerimarcelo",
            "is_restricted": false,
            "is_ultra_restricted": false
        }
    },
    {
        "client_msg_id": "ae01a86f-3f33-4055-9b6a-c6e91cd9968a",
        "type": "message",
        "text": "Alfredo comprueba que hayas instalado el xampp de 64 bits",
        "user": "UJN8D8U3B",
        "ts": "1571863548.054400",
        "team": "TJH5YU202",
        "user_team": "TJH5YU202",
        "source_team": "TJH5YU202",
        "user_profile": {
            "avatar_hash": "g92ad2abcc45",
            "image_72": "https:\/\/secure.gravatar.com\/avatar\/8492ad2abcc45ce53969adcf8420acde.jpg?s=72&d=https%3A%2F%2Fa.slack-edge.com%2Fdf10d%2Fimg%2Favatars%2Fava_0008-72.png",
            "first_name": "",
            "real_name": "Antonio Linares",
            "display_name": "Antonio Linares",
            "team": "TJH5YU202",
            "name": "alinares",
            "is_restricted": false,
            "is_ultra_restricted": false
        }
    },
    {
        "client_msg_id": "e3541538-91bb-4dbd-b2bc-634e502ae052",
        "type": "message",
        "text": "Alfredo please download <https:\/\/mybergland.com\/fwforum\/install_xampp_and_modharbour.exe>   and follow the instructions. Important: select Firefox as default browser.",
        "user": "UJHD6A81H",
        "ts": "1571865450.055500",
        "team": "TJH5YU202",
        "user_team": "TJH5YU202",
        "source_team": "TJH5YU202",
        "user_profile": {
            "avatar_hash": "g6b8073e00e9",
            "image_72": "https:\/\/secure.gravatar.com\/avatar\/b96b8073e00e9eb02bcf05bc1418eb3a.jpg?s=72&d=https%3A%2F%2Fa.slack-edge.com%2Fdf10d%2Fimg%2Favatars%2Fava_0021-72.png",
            "first_name": "Otto",
            "real_name": "Otto Atzwanger",
            "display_name": "Otto",
            "team": "TJH5YU202",
            "name": "otto",
            "is_restricted": false,
            "is_ultra_restricted": false
        }
    },
    {
        "client_msg_id": "fcd4c7dd-9153-48fd-a098-42aef8263ce6",
        "type": "message",
        "text": "Alfredo tuve un problema similar y fue por que tenia un XAMPP de 32b y estaba usando el módulo de harbour de 64, verifica eso",
        "user": "UJH8HAJQ2",
        "ts": "1571872706.055600",
        "team": "TJH5YU202",
        "user_team": "TJH5YU202",
        "source_team": "TJH5YU202",
        "user_profile": {
            "avatar_hash": "gd4241009ed4",
            "image_72": "https:\/\/secure.gravatar.com\/avatar\/aad4241009ed4c434918eb9bc2df89be.jpg?s=72&d=https%3A%2F%2Fa.slack-edge.com%2Fdf10d%2Fimg%2Favatars%2Fava_0015-72.png",
            "first_name": "",
            "real_name": "Guillermo Varona Silupú",
            "display_name": "Guillermo Varona Silupú",
            "team": "TJH5YU202",
            "name": "gvaronas",
            "is_restricted": false,
            "is_ultra_restricted": false
        },
        "thread_ts": "1571857624.053100",
        "parent_user_id": "UPMFPTAFR"
    },
    {
        "client_msg_id": "26e7d99f-0b6f-4033-aee4-b1ae04c23780",
        "type": "message",
        "text": "Bon dia !",
        "user": "UJWR5N32S",
        "ts": "1571894660.056000",
        "team": "TJH5YU202",
        "user_team": "TJH5YU202",
        "source_team": "TJH5YU202",
        "user_profile": {
            "avatar_hash": "273d3745f7ae",
            "image_72": "https:\/\/avatars.slack-edge.com\/2019-05-20\/634344238497_273d3745f7ae1b176b82_72.jpg",
            "first_name": "Charly",
            "real_name": "Charly",
            "display_name": "Charly",
            "team": "TJH5YU202",
            "name": "carles9000",
            "is_restricted": false,
            "is_ultra_restricted": false
        }
    },
    {
        "client_msg_id": "05846ca3-0217-4fb1-9b3c-8940f98ed597",
        "type": "message",
        "text": "Hola Alfredo",
        "user": "UJWR5N32S",
        "ts": "1571895849.056300",
        "team": "TJH5YU202",
        "user_team": "TJH5YU202",
        "source_team": "TJH5YU202",
        "user_profile": {
            "avatar_hash": "273d3745f7ae",
            "image_72": "https:\/\/avatars.slack-edge.com\/2019-05-20\/634344238497_273d3745f7ae1b176b82_72.jpg",
            "first_name": "Charly",
            "real_name": "Charly",
            "display_name": "Charly",
            "team": "TJH5YU202",
            "name": "carles9000",
            "is_restricted": false,
            "is_ultra_restricted": false
        }
    },
    {
        "client_msg_id": "59c256b9-1629-4235-bb4b-3e0fb04210af",
        "type": "message",
        "text": "Chequea que la dll que pones en tu xampp es de la misma version que del mod",
        "user": "UJWR5N32S",
        "ts": "1571895890.056800",
        "team": "TJH5YU202",
        "user_team": "TJH5YU202",
        "source_team": "TJH5YU202",
        "user_profile": {
            "avatar_hash": "273d3745f7ae",
            "image_72": "https:\/\/avatars.slack-edge.com\/2019-05-20\/634344238497_273d3745f7ae1b176b82_72.jpg",
            "first_name": "Charly",
            "real_name": "Charly",
            "display_name": "Charly",
            "team": "TJH5YU202",
            "name": "carles9000",
            "is_restricted": false,
            "is_ultra_restricted": false
        }
    },
    {
        "client_msg_id": "6d9e0769-b6ae-4453-934a-83ae630bd36d",
        "type": "message",
        "text": "xampp 64 con mod dll 64",
        "user": "UJWR5N32S",
        "ts": "1571895905.057200",
        "team": "TJH5YU202",
        "user_team": "TJH5YU202",
        "source_team": "TJH5YU202",
        "user_profile": {
            "avatar_hash": "273d3745f7ae",
            "image_72": "https:\/\/avatars.slack-edge.com\/2019-05-20\/634344238497_273d3745f7ae1b176b82_72.jpg",
            "first_name": "Charly",
            "real_name": "Charly",
            "display_name": "Charly",
            "team": "TJH5YU202",
            "name": "carles9000",
            "is_restricted": false,
            "is_ultra_restricted": false
        }
    },
    {
        "client_msg_id": "59627859-ae6c-4a88-a460-f230e1c2791c",
        "type": "message",
        "text": "xampp 32 con mod dll 32",
        "user": "UJWR5N32S",
        "ts": "1571895912.057500",
        "team": "TJH5YU202",
        "user_team": "TJH5YU202",
        "source_team": "TJH5YU202",
        "user_profile": {
            "avatar_hash": "273d3745f7ae",
            "image_72": "https:\/\/avatars.slack-edge.com\/2019-05-20\/634344238497_273d3745f7ae1b176b82_72.jpg",
            "first_name": "Charly",
            "real_name": "Charly",
            "display_name": "Charly",
            "team": "TJH5YU202",
            "name": "carles9000",
            "is_restricted": false,
            "is_ultra_restricted": false
        }
    },
    {
        "client_msg_id": "9cd9e982-ecf4-471e-b36e-5f9165da294d",
        "type": "message",
        "text": "buenos dias :sunny:",
        "user": "UJN8D8U3B",
        "ts": "1571898304.057800",
        "team": "TJH5YU202",
        "user_team": "TJH5YU202",
        "source_team": "TJH5YU202",
        "user_profile": {
            "avatar_hash": "g92ad2abcc45",
            "image_72": "https:\/\/secure.gravatar.com\/avatar\/8492ad2abcc45ce53969adcf8420acde.jpg?s=72&d=https%3A%2F%2Fa.slack-edge.com%2Fdf10d%2Fimg%2Favatars%2Fava_0008-72.png",
            "first_name": "",
            "real_name": "Antonio Linares",
            "display_name": "Antonio Linares",
            "team": "TJH5YU202",
            "name": "alinares",
            "is_restricted": false,
            "is_ultra_restricted": false
        }
    },
    {
        "client_msg_id": "9b268f02-10af-4d20-9c05-920bc058f237",
        "type": "message",
        "text": "Alfredo have you tried <https:\/\/mybergland.com\/fwforum\/install_xampp_and_modharbour.exe>",
        "user": "UJHD6A81H",
        "ts": "1571898358.058200",
        "team": "TJH5YU202",
        "user_team": "TJH5YU202",
        "source_team": "TJH5YU202",
        "user_profile": {
            "avatar_hash": "g6b8073e00e9",
            "image_72": "https:\/\/secure.gravatar.com\/avatar\/b96b8073e00e9eb02bcf05bc1418eb3a.jpg?s=72&d=https%3A%2F%2Fa.slack-edge.com%2Fdf10d%2Fimg%2Favatars%2Fava_0021-72.png",
            "first_name": "Otto",
            "real_name": "Otto Atzwanger",
            "display_name": "Otto",
            "team": "TJH5YU202",
            "name": "otto",
            "is_restricted": false,
            "is_ultra_restricted": false
        }
    }
]