[
    {
        "client_msg_id": "a5526d70-e025-46c0-9276-bfeeba92c8ed",
        "type": "message",
        "text": "As far as I know, there's no way around it other than changing it on page load with js",
        "user": "UNAHBRTFA",
        "ts": "1569913208.339800",
        "team": "TJH5YU202",
        "user_team": "TJH5YU202",
        "source_team": "TJH5YU202",
        "user_profile": {
            "avatar_hash": "g3d2a3f4c28c",
            "image_72": "https:\/\/secure.gravatar.com\/avatar\/23d2a3f4c28cebb4cf07e48d02620517.jpg?s=72&d=https%3A%2F%2Fa.slack-edge.com%2Fdf10d%2Fimg%2Favatars%2Fava_0020-72.png",
            "first_name": "Andreu",
            "real_name": "Andreu Botella",
            "display_name": "Andreu Botella",
            "team": "TJH5YU202",
            "name": "andreu.132",
            "is_restricted": false,
            "is_ultra_restricted": false
        }
    },
    {
        "client_msg_id": "324012ab-aed4-4a91-9f02-a89eff0d2209",
        "type": "message",
        "text": "I understand but writing these lines is very confusing",
        "user": "UJHD6A81H",
        "ts": "1569913227.340000",
        "team": "TJH5YU202",
        "user_team": "TJH5YU202",
        "source_team": "TJH5YU202",
        "user_profile": {
            "avatar_hash": "g6b8073e00e9",
            "image_72": "https:\/\/secure.gravatar.com\/avatar\/b96b8073e00e9eb02bcf05bc1418eb3a.jpg?s=72&d=https%3A%2F%2Fa.slack-edge.com%2Fdf10d%2Fimg%2Favatars%2Fava_0021-72.png",
            "first_name": "Otto",
            "real_name": "Otto Atzwanger",
            "display_name": "Otto",
            "team": "TJH5YU202",
            "name": "otto",
            "is_restricted": false,
            "is_ultra_restricted": false
        }
    },
    {
        "client_msg_id": "7f82bb51-4484-4c95-bb43-046ff96b3fd9",
        "type": "message",
        "text": "Try printing the code with `??` and adding `\\n` escapes for line breaks",
        "user": "UNAHBRTFA",
        "ts": "1569913376.343000",
        "team": "TJH5YU202",
        "user_team": "TJH5YU202",
        "source_team": "TJH5YU202",
        "user_profile": {
            "avatar_hash": "g3d2a3f4c28c",
            "image_72": "https:\/\/secure.gravatar.com\/avatar\/23d2a3f4c28cebb4cf07e48d02620517.jpg?s=72&d=https%3A%2F%2Fa.slack-edge.com%2Fdf10d%2Fimg%2Favatars%2Fava_0020-72.png",
            "first_name": "Andreu",
            "real_name": "Andreu Botella",
            "display_name": "Andreu Botella",
            "team": "TJH5YU202",
            "name": "andreu.132",
            "is_restricted": false,
            "is_ultra_restricted": false
        }
    },
    {
        "client_msg_id": "33fe412b-ce37-476c-9959-c5282407cfb6",
        "type": "message",
        "text": "I convert back my APP from view style like shown in GENESIS project into one single line using modharbour patcher to get separated my code to MCV concept - similar.   &lt;body&gt;\n\n&lt;div class=\"container\"&gt;\n&lt;div class=\"row\"&gt;\n\n-&gt; navigation.prg\n&lt;div class=\"container\"&gt;\n\n-&gt; tablegebuchtezimmer.prg\n\n-&gt; tablefreiezimmer.prg\n\nthen when running patcher it would be easy to patch the lines to a single line for the release code.",
        "user": "UJHD6A81H",
        "ts": "1569913455.343800",
        "team": "TJH5YU202",
        "user_team": "TJH5YU202",
        "source_team": "TJH5YU202",
        "user_profile": {
            "avatar_hash": "g6b8073e00e9",
            "image_72": "https:\/\/secure.gravatar.com\/avatar\/b96b8073e00e9eb02bcf05bc1418eb3a.jpg?s=72&d=https%3A%2F%2Fa.slack-edge.com%2Fdf10d%2Fimg%2Favatars%2Fava_0021-72.png",
            "first_name": "Otto",
            "real_name": "Otto Atzwanger",
            "display_name": "Otto",
            "team": "TJH5YU202",
            "name": "otto",
            "is_restricted": false,
            "is_ultra_restricted": false
        }
    },
    {
        "client_msg_id": "f5f1b0e2-b14e-495e-b2f8-fafaad082462",
        "type": "message",
        "text": "&gt;Try printing the code with `??` and adding `\\n` escapes for line breaks   - I had this code but for me it didn't work - but I will try again if you say so.",
        "user": "UJHD6A81H",
        "ts": "1569913510.344500",
        "team": "TJH5YU202",
        "user_team": "TJH5YU202",
        "source_team": "TJH5YU202",
        "user_profile": {
            "avatar_hash": "g6b8073e00e9",
            "image_72": "https:\/\/secure.gravatar.com\/avatar\/b96b8073e00e9eb02bcf05bc1418eb3a.jpg?s=72&d=https%3A%2F%2Fa.slack-edge.com%2Fdf10d%2Fimg%2Favatars%2Fava_0021-72.png",
            "first_name": "Otto",
            "real_name": "Otto Atzwanger",
            "display_name": "Otto",
            "team": "TJH5YU202",
            "name": "otto",
            "is_restricted": false,
            "is_ultra_restricted": false
        }
    },
    {
        "client_msg_id": "c95156fc-6425-4cf5-8f67-41786c8f79bb",
        "type": "message",
        "text": "patcher reads the main program line per line and if it detects -&gt; the file will be included into release code - so  I could patch those lines - but first I have to resolve my essential problems.",
        "user": "UJHD6A81H",
        "ts": "1569913661.346600",
        "team": "TJH5YU202",
        "user_team": "TJH5YU202",
        "source_team": "TJH5YU202",
        "user_profile": {
            "avatar_hash": "g6b8073e00e9",
            "image_72": "https:\/\/secure.gravatar.com\/avatar\/b96b8073e00e9eb02bcf05bc1418eb3a.jpg?s=72&d=https%3A%2F%2Fa.slack-edge.com%2Fdf10d%2Fimg%2Favatars%2Fava_0021-72.png",
            "first_name": "Otto",
            "real_name": "Otto Atzwanger",
            "display_name": "Otto",
            "team": "TJH5YU202",
            "name": "otto",
            "is_restricted": false,
            "is_ultra_restricted": false
        }
    },
    {
        "type": "message",
        "text": "",
        "files": [
            {
                "id": "FNJBGB96E",
                "created": 1569916475,
                "timestamp": 1569916475,
                "name": "image.png",
                "title": "image.png",
                "mimetype": "image\/png",
                "filetype": "png",
                "pretty_type": "PNG",
                "user": "UJHD6A81H",
                "editable": false,
                "size": 38934,
                "mode": "hosted",
                "is_external": false,
                "external_type": "",
                "is_public": true,
                "public_url_shared": false,
                "display_as_bot": false,
                "username": "",
                "url_private": "https:\/\/files.slack.com\/files-pri\/TJH5YU202-FNJBGB96E\/image.png?t=xoxe-629202954002-950795328464-950341379620-2ca7f74bb6537751ea5666f8f5e8896e",
                "url_private_download": "https:\/\/files.slack.com\/files-pri\/TJH5YU202-FNJBGB96E\/download\/image.png?t=xoxe-629202954002-950795328464-950341379620-2ca7f74bb6537751ea5666f8f5e8896e",
                "thumb_64": "https:\/\/files.slack.com\/files-tmb\/TJH5YU202-FNJBGB96E-61e993a71f\/image_64.png?t=xoxe-629202954002-950795328464-950341379620-2ca7f74bb6537751ea5666f8f5e8896e",
                "thumb_80": "https:\/\/files.slack.com\/files-tmb\/TJH5YU202-FNJBGB96E-61e993a71f\/image_80.png?t=xoxe-629202954002-950795328464-950341379620-2ca7f74bb6537751ea5666f8f5e8896e",
                "thumb_360": "https:\/\/files.slack.com\/files-tmb\/TJH5YU202-FNJBGB96E-61e993a71f\/image_360.png?t=xoxe-629202954002-950795328464-950341379620-2ca7f74bb6537751ea5666f8f5e8896e",
                "thumb_360_w": 360,
                "thumb_360_h": 253,
                "thumb_480": "https:\/\/files.slack.com\/files-tmb\/TJH5YU202-FNJBGB96E-61e993a71f\/image_480.png?t=xoxe-629202954002-950795328464-950341379620-2ca7f74bb6537751ea5666f8f5e8896e",
                "thumb_480_w": 480,
                "thumb_480_h": 337,
                "thumb_160": "https:\/\/files.slack.com\/files-tmb\/TJH5YU202-FNJBGB96E-61e993a71f\/image_160.png?t=xoxe-629202954002-950795328464-950341379620-2ca7f74bb6537751ea5666f8f5e8896e",
                "thumb_720": "https:\/\/files.slack.com\/files-tmb\/TJH5YU202-FNJBGB96E-61e993a71f\/image_720.png?t=xoxe-629202954002-950795328464-950341379620-2ca7f74bb6537751ea5666f8f5e8896e",
                "thumb_720_w": 720,
                "thumb_720_h": 505,
                "thumb_800": "https:\/\/files.slack.com\/files-tmb\/TJH5YU202-FNJBGB96E-61e993a71f\/image_800.png?t=xoxe-629202954002-950795328464-950341379620-2ca7f74bb6537751ea5666f8f5e8896e",
                "thumb_800_w": 800,
                "thumb_800_h": 561,
                "image_exif_rotation": 1,
                "original_w": 919,
                "original_h": 645,
                "permalink": "https:\/\/harbourproject.slack.com\/files\/UJHD6A81H\/FNJBGB96E\/image.png",
                "permalink_public": "https:\/\/slack-files.com\/TJH5YU202-FNJBGB96E-3557637ab6",
                "is_starred": false,
                "has_rich_preview": false
            }
        ],
        "upload": true,
        "user": "UJHD6A81H",
        "display_as_bot": false,
        "ts": "1569916477.346700",
        "client_msg_id": "9b699647-564f-4418-af55-967cb52a176e"
    },
    {
        "client_msg_id": "e5c3ef14-bbd6-4fc3-b313-667242bb6880",
        "type": "message",
        "text": "<@UNAHBRTFA> - now I changed my code  - I have still a problem - if I click for example on record 4  I get always the value of the select from the first row.",
        "user": "UJHD6A81H",
        "ts": "1569916571.348400",
        "team": "TJH5YU202",
        "user_team": "TJH5YU202",
        "source_team": "TJH5YU202",
        "user_profile": {
            "avatar_hash": "g6b8073e00e9",
            "image_72": "https:\/\/secure.gravatar.com\/avatar\/b96b8073e00e9eb02bcf05bc1418eb3a.jpg?s=72&d=https%3A%2F%2Fa.slack-edge.com%2Fdf10d%2Fimg%2Favatars%2Fava_0021-72.png",
            "first_name": "Otto",
            "real_name": "Otto Atzwanger",
            "display_name": "Otto",
            "team": "TJH5YU202",
            "name": "otto",
            "is_restricted": false,
            "is_ultra_restricted": false
        }
    },
    {
        "client_msg_id": "1b8f83dc-d279-447c-ac94-59350b5dd319",
        "type": "message",
        "text": "$(\".data-table2 tbody\").append(\"&lt;tr data-mselect='\"+test+\"'  data-id='\"+I+\"'&gt;&lt;td&gt; &lt;form id='selectValue'&gt; &lt;select name='\" +test+\"'&gt;&lt;option value='0'&gt;0&lt;\/option&gt;&lt;option value='1'&gt;1&lt;\/option&gt;&lt;option value='2'&gt;2&lt;\/select&gt;&lt;\/form&gt;&lt;\/td&gt;&lt;td&gt;&lt;button class='btn btn-info btn-xs btn-edit'&gt;buchen&lt;\/button&gt;&lt;br&gt;&lt;\/td&gt;&lt;\/tr&gt;\");\n\n\n\n\n\n $(\"body\").on(\"click\", \".btn-edit\", function(){\n                var id = $(this).parents(\"tr\").attr('data-id');\n               var test = $(\"select[name=test]\").val();\n               alert( test );\n }",
        "user": "UJHD6A81H",
        "ts": "1569916594.348600",
        "team": "TJH5YU202",
        "user_team": "TJH5YU202",
        "source_team": "TJH5YU202",
        "user_profile": {
            "avatar_hash": "g6b8073e00e9",
            "image_72": "https:\/\/secure.gravatar.com\/avatar\/b96b8073e00e9eb02bcf05bc1418eb3a.jpg?s=72&d=https%3A%2F%2Fa.slack-edge.com%2Fdf10d%2Fimg%2Favatars%2Fava_0021-72.png",
            "first_name": "Otto",
            "real_name": "Otto Atzwanger",
            "display_name": "Otto",
            "team": "TJH5YU202",
            "name": "otto",
            "is_restricted": false,
            "is_ultra_restricted": false
        }
    },
    {
        "client_msg_id": "97b07a68-8e6c-4279-adbd-ef99c8a7626f",
        "type": "message",
        "text": "Can you please help me out again.",
        "user": "UJHD6A81H",
        "ts": "1569916609.348900",
        "team": "TJH5YU202",
        "user_team": "TJH5YU202",
        "source_team": "TJH5YU202",
        "user_profile": {
            "avatar_hash": "g6b8073e00e9",
            "image_72": "https:\/\/secure.gravatar.com\/avatar\/b96b8073e00e9eb02bcf05bc1418eb3a.jpg?s=72&d=https%3A%2F%2Fa.slack-edge.com%2Fdf10d%2Fimg%2Favatars%2Fava_0021-72.png",
            "first_name": "Otto",
            "real_name": "Otto Atzwanger",
            "display_name": "Otto",
            "team": "TJH5YU202",
            "name": "otto",
            "is_restricted": false,
            "is_ultra_restricted": false
        }
    },
    {
        "client_msg_id": "0a6b7652-cb2c-467e-b293-9801ad4eea24",
        "type": "message",
        "text": "If you're using different `name` attributes for the different fields, you should change the jquery selector (`$(\"select[name=selectorNumber1]\")`).",
        "user": "UNAHBRTFA",
        "ts": "1569917164.350000",
        "team": "TJH5YU202",
        "user_team": "TJH5YU202",
        "source_team": "TJH5YU202",
        "user_profile": {
            "avatar_hash": "g3d2a3f4c28c",
            "image_72": "https:\/\/secure.gravatar.com\/avatar\/23d2a3f4c28cebb4cf07e48d02620517.jpg?s=72&d=https%3A%2F%2Fa.slack-edge.com%2Fdf10d%2Fimg%2Favatars%2Fava_0020-72.png",
            "first_name": "Andreu",
            "real_name": "Andreu Botella",
            "display_name": "Andreu Botella",
            "team": "TJH5YU202",
            "name": "andreu.132",
            "is_restricted": false,
            "is_ultra_restricted": false
        }
    },
    {
        "client_msg_id": "0108b671-ad75-44e5-8ec9-8ba9c8a749af",
        "type": "message",
        "text": "Otherwise, you'd need an `id` attribute",
        "user": "UNAHBRTFA",
        "ts": "1569917172.350300",
        "team": "TJH5YU202",
        "user_team": "TJH5YU202",
        "source_team": "TJH5YU202",
        "user_profile": {
            "avatar_hash": "g3d2a3f4c28c",
            "image_72": "https:\/\/secure.gravatar.com\/avatar\/23d2a3f4c28cebb4cf07e48d02620517.jpg?s=72&d=https%3A%2F%2Fa.slack-edge.com%2Fdf10d%2Fimg%2Favatars%2Fava_0020-72.png",
            "first_name": "Andreu",
            "real_name": "Andreu Botella",
            "display_name": "Andreu Botella",
            "team": "TJH5YU202",
            "name": "andreu.132",
            "is_restricted": false,
            "is_ultra_restricted": false
        }
    },
    {
        "client_msg_id": "4f22a73f-8546-4470-954e-5b9d101a2071",
        "type": "message",
        "text": "and you'd use `$(\"select#whateverIdAttributeYouSet\")`",
        "user": "UNAHBRTFA",
        "ts": "1569917203.351100",
        "team": "TJH5YU202",
        "user_team": "TJH5YU202",
        "source_team": "TJH5YU202",
        "user_profile": {
            "avatar_hash": "g3d2a3f4c28c",
            "image_72": "https:\/\/secure.gravatar.com\/avatar\/23d2a3f4c28cebb4cf07e48d02620517.jpg?s=72&d=https%3A%2F%2Fa.slack-edge.com%2Fdf10d%2Fimg%2Favatars%2Fava_0020-72.png",
            "first_name": "Andreu",
            "real_name": "Andreu Botella",
            "display_name": "Andreu Botella",
            "team": "TJH5YU202",
            "name": "andreu.132",
            "is_restricted": false,
            "is_ultra_restricted": false
        }
    },
    {
        "client_msg_id": "d7ccc58e-c36d-40da-aa04-5f8b5c8eb523",
        "type": "message",
        "text": "or simply `$(\"#whateverIdAttributeYouSet\")`",
        "user": "UNAHBRTFA",
        "ts": "1569917215.351400",
        "team": "TJH5YU202",
        "user_team": "TJH5YU202",
        "source_team": "TJH5YU202",
        "user_profile": {
            "avatar_hash": "g3d2a3f4c28c",
            "image_72": "https:\/\/secure.gravatar.com\/avatar\/23d2a3f4c28cebb4cf07e48d02620517.jpg?s=72&d=https%3A%2F%2Fa.slack-edge.com%2Fdf10d%2Fimg%2Favatars%2Fava_0020-72.png",
            "first_name": "Andreu",
            "real_name": "Andreu Botella",
            "display_name": "Andreu Botella",
            "team": "TJH5YU202",
            "name": "andreu.132",
            "is_restricted": false,
            "is_ultra_restricted": false
        }
    },
    {
        "client_msg_id": "ba9bb766-474c-4ad2-b298-bef7e90887ff",
        "type": "message",
        "text": "Thank you so much. I will try.",
        "user": "UJHD6A81H",
        "ts": "1569918263.352000",
        "team": "TJH5YU202",
        "user_team": "TJH5YU202",
        "source_team": "TJH5YU202",
        "user_profile": {
            "avatar_hash": "g6b8073e00e9",
            "image_72": "https:\/\/secure.gravatar.com\/avatar\/b96b8073e00e9eb02bcf05bc1418eb3a.jpg?s=72&d=https%3A%2F%2Fa.slack-edge.com%2Fdf10d%2Fimg%2Favatars%2Fava_0021-72.png",
            "first_name": "Otto",
            "real_name": "Otto Atzwanger",
            "display_name": "Otto",
            "team": "TJH5YU202",
            "name": "otto",
            "is_restricted": false,
            "is_ultra_restricted": false
        }
    },
    {
        "type": "message",
        "text": "Bonjour",
        "files": [
            {
                "id": "FNZC4G7GW",
                "created": 1569918611,
                "timestamp": 1569918611,
                "name": "imagen.png",
                "title": "imagen.png",
                "mimetype": "image\/png",
                "filetype": "png",
                "pretty_type": "PNG",
                "user": "UJUJLTWMT",
                "editable": false,
                "size": 134805,
                "mode": "hosted",
                "is_external": false,
                "external_type": "",
                "is_public": true,
                "public_url_shared": false,
                "display_as_bot": false,
                "username": "",
                "url_private": "https:\/\/files.slack.com\/files-pri\/TJH5YU202-FNZC4G7GW\/imagen.png?t=xoxe-629202954002-950795328464-950341379620-2ca7f74bb6537751ea5666f8f5e8896e",
                "url_private_download": "https:\/\/files.slack.com\/files-pri\/TJH5YU202-FNZC4G7GW\/download\/imagen.png?t=xoxe-629202954002-950795328464-950341379620-2ca7f74bb6537751ea5666f8f5e8896e",
                "thumb_64": "https:\/\/files.slack.com\/files-tmb\/TJH5YU202-FNZC4G7GW-27650c9593\/imagen_64.png?t=xoxe-629202954002-950795328464-950341379620-2ca7f74bb6537751ea5666f8f5e8896e",
                "thumb_80": "https:\/\/files.slack.com\/files-tmb\/TJH5YU202-FNZC4G7GW-27650c9593\/imagen_80.png?t=xoxe-629202954002-950795328464-950341379620-2ca7f74bb6537751ea5666f8f5e8896e",
                "thumb_360": "https:\/\/files.slack.com\/files-tmb\/TJH5YU202-FNZC4G7GW-27650c9593\/imagen_360.png?t=xoxe-629202954002-950795328464-950341379620-2ca7f74bb6537751ea5666f8f5e8896e",
                "thumb_360_w": 360,
                "thumb_360_h": 325,
                "thumb_160": "https:\/\/files.slack.com\/files-tmb\/TJH5YU202-FNZC4G7GW-27650c9593\/imagen_160.png?t=xoxe-629202954002-950795328464-950341379620-2ca7f74bb6537751ea5666f8f5e8896e",
                "image_exif_rotation": 1,
                "original_w": 415,
                "original_h": 375,
                "permalink": "https:\/\/harbourproject.slack.com\/files\/UJUJLTWMT\/FNZC4G7GW\/imagen.png",
                "permalink_public": "https:\/\/slack-files.com\/TJH5YU202-FNZC4G7GW-8a70e1474e",
                "is_starred": false,
                "has_rich_preview": false
            }
        ],
        "upload": true,
        "user": "UJUJLTWMT",
        "display_as_bot": false,
        "ts": "1569918613.352100",
        "client_msg_id": "282b3fbc-86f3-4938-80a3-e453c749ce08"
    },
    {
        "client_msg_id": "f8c01a20-d10a-491d-aacf-2821ce685d04",
        "type": "message",
        "text": ":+1:",
        "user": "UJK7SNX51",
        "ts": "1569918981.352500",
        "team": "TJH5YU202",
        "user_team": "TJH5YU202",
        "source_team": "TJH5YU202",
        "user_profile": {
            "avatar_hash": "6698a9ba696b",
            "image_72": "https:\/\/avatars.slack-edge.com\/2019-07-04\/673660529330_6698a9ba696bad01eb8c_72.jpg",
            "first_name": "Baxajaun",
            "real_name": "Baxajaun",
            "display_name": "Baxajaun",
            "team": "TJH5YU202",
            "name": "fpgrande",
            "is_restricted": false,
            "is_ultra_restricted": false
        }
    },
    {
        "type": "message",
        "text": "",
        "files": [
            {
                "id": "FNX754SLV",
                "created": 1569920428,
                "timestamp": 1569920428,
                "name": "image.png",
                "title": "image.png",
                "mimetype": "image\/png",
                "filetype": "png",
                "pretty_type": "PNG",
                "user": "UJHK2Q8UT",
                "editable": false,
                "size": 837645,
                "mode": "hosted",
                "is_external": false,
                "external_type": "",
                "is_public": true,
                "public_url_shared": false,
                "display_as_bot": false,
                "username": "",
                "url_private": "https:\/\/files.slack.com\/files-pri\/TJH5YU202-FNX754SLV\/image.png?t=xoxe-629202954002-950795328464-950341379620-2ca7f74bb6537751ea5666f8f5e8896e",
                "url_private_download": "https:\/\/files.slack.com\/files-pri\/TJH5YU202-FNX754SLV\/download\/image.png?t=xoxe-629202954002-950795328464-950341379620-2ca7f74bb6537751ea5666f8f5e8896e",
                "thumb_64": "https:\/\/files.slack.com\/files-tmb\/TJH5YU202-FNX754SLV-92e94175c9\/image_64.png?t=xoxe-629202954002-950795328464-950341379620-2ca7f74bb6537751ea5666f8f5e8896e",
                "thumb_80": "https:\/\/files.slack.com\/files-tmb\/TJH5YU202-FNX754SLV-92e94175c9\/image_80.png?t=xoxe-629202954002-950795328464-950341379620-2ca7f74bb6537751ea5666f8f5e8896e",
                "thumb_360": "https:\/\/files.slack.com\/files-tmb\/TJH5YU202-FNX754SLV-92e94175c9\/image_360.png?t=xoxe-629202954002-950795328464-950341379620-2ca7f74bb6537751ea5666f8f5e8896e",
                "thumb_360_w": 360,
                "thumb_360_h": 238,
                "thumb_480": "https:\/\/files.slack.com\/files-tmb\/TJH5YU202-FNX754SLV-92e94175c9\/image_480.png?t=xoxe-629202954002-950795328464-950341379620-2ca7f74bb6537751ea5666f8f5e8896e",
                "thumb_480_w": 480,
                "thumb_480_h": 318,
                "thumb_160": "https:\/\/files.slack.com\/files-tmb\/TJH5YU202-FNX754SLV-92e94175c9\/image_160.png?t=xoxe-629202954002-950795328464-950341379620-2ca7f74bb6537751ea5666f8f5e8896e",
                "thumb_720": "https:\/\/files.slack.com\/files-tmb\/TJH5YU202-FNX754SLV-92e94175c9\/image_720.png?t=xoxe-629202954002-950795328464-950341379620-2ca7f74bb6537751ea5666f8f5e8896e",
                "thumb_720_w": 720,
                "thumb_720_h": 477,
                "thumb_800": "https:\/\/files.slack.com\/files-tmb\/TJH5YU202-FNX754SLV-92e94175c9\/image_800.png?t=xoxe-629202954002-950795328464-950341379620-2ca7f74bb6537751ea5666f8f5e8896e",
                "thumb_800_w": 800,
                "thumb_800_h": 530,
                "image_exif_rotation": 1,
                "original_w": 900,
                "original_h": 596,
                "permalink": "https:\/\/harbourproject.slack.com\/files\/UJHK2Q8UT\/FNX754SLV\/image.png",
                "permalink_public": "https:\/\/slack-files.com\/TJH5YU202-FNX754SLV-076495fc3f",
                "is_starred": false,
                "has_rich_preview": false
            }
        ],
        "upload": true,
        "user": "UJHK2Q8UT",
        "display_as_bot": false,
        "ts": "1569920432.352700",
        "client_msg_id": "f42b5389-b2f7-43d5-a952-57a404d2b75b",
        "reactions": [
            {
                "name": "+1",
                "users": [
                    "UJN8D8U3B",
                    "UJUJLTWMT"
                ],
                "count": 2
            }
        ]
    },
    {
        "type": "message",
        "text": "<@UNAHBRTFA>",
        "files": [
            {
                "id": "FNXA85G1W",
                "created": 1569926040,
                "timestamp": 1569926040,
                "name": "image.png",
                "title": "image.png",
                "mimetype": "image\/png",
                "filetype": "png",
                "pretty_type": "PNG",
                "user": "UJHD6A81H",
                "editable": false,
                "size": 207203,
                "mode": "hosted",
                "is_external": false,
                "external_type": "",
                "is_public": true,
                "public_url_shared": false,
                "display_as_bot": false,
                "username": "",
                "url_private": "https:\/\/files.slack.com\/files-pri\/TJH5YU202-FNXA85G1W\/image.png?t=xoxe-629202954002-950795328464-950341379620-2ca7f74bb6537751ea5666f8f5e8896e",
                "url_private_download": "https:\/\/files.slack.com\/files-pri\/TJH5YU202-FNXA85G1W\/download\/image.png?t=xoxe-629202954002-950795328464-950341379620-2ca7f74bb6537751ea5666f8f5e8896e",
                "thumb_64": "https:\/\/files.slack.com\/files-tmb\/TJH5YU202-FNXA85G1W-ae0856cd0a\/image_64.png?t=xoxe-629202954002-950795328464-950341379620-2ca7f74bb6537751ea5666f8f5e8896e",
                "thumb_80": "https:\/\/files.slack.com\/files-tmb\/TJH5YU202-FNXA85G1W-ae0856cd0a\/image_80.png?t=xoxe-629202954002-950795328464-950341379620-2ca7f74bb6537751ea5666f8f5e8896e",
                "thumb_360": "https:\/\/files.slack.com\/files-tmb\/TJH5YU202-FNXA85G1W-ae0856cd0a\/image_360.png?t=xoxe-629202954002-950795328464-950341379620-2ca7f74bb6537751ea5666f8f5e8896e",
                "thumb_360_w": 360,
                "thumb_360_h": 122,
                "thumb_480": "https:\/\/files.slack.com\/files-tmb\/TJH5YU202-FNXA85G1W-ae0856cd0a\/image_480.png?t=xoxe-629202954002-950795328464-950341379620-2ca7f74bb6537751ea5666f8f5e8896e",
                "thumb_480_w": 480,
                "thumb_480_h": 163,
                "thumb_160": "https:\/\/files.slack.com\/files-tmb\/TJH5YU202-FNXA85G1W-ae0856cd0a\/image_160.png?t=xoxe-629202954002-950795328464-950341379620-2ca7f74bb6537751ea5666f8f5e8896e",
                "thumb_720": "https:\/\/files.slack.com\/files-tmb\/TJH5YU202-FNXA85G1W-ae0856cd0a\/image_720.png?t=xoxe-629202954002-950795328464-950341379620-2ca7f74bb6537751ea5666f8f5e8896e",
                "thumb_720_w": 720,
                "thumb_720_h": 245,
                "thumb_800": "https:\/\/files.slack.com\/files-tmb\/TJH5YU202-FNXA85G1W-ae0856cd0a\/image_800.png?t=xoxe-629202954002-950795328464-950341379620-2ca7f74bb6537751ea5666f8f5e8896e",
                "thumb_800_w": 800,
                "thumb_800_h": 272,
                "thumb_960": "https:\/\/files.slack.com\/files-tmb\/TJH5YU202-FNXA85G1W-ae0856cd0a\/image_960.png?t=xoxe-629202954002-950795328464-950341379620-2ca7f74bb6537751ea5666f8f5e8896e",
                "thumb_960_w": 960,
                "thumb_960_h": 326,
                "thumb_1024": "https:\/\/files.slack.com\/files-tmb\/TJH5YU202-FNXA85G1W-ae0856cd0a\/image_1024.png?t=xoxe-629202954002-950795328464-950341379620-2ca7f74bb6537751ea5666f8f5e8896e",
                "thumb_1024_w": 1024,
                "thumb_1024_h": 348,
                "image_exif_rotation": 1,
                "original_w": 1154,
                "original_h": 392,
                "permalink": "https:\/\/harbourproject.slack.com\/files\/UJHD6A81H\/FNXA85G1W\/image.png",
                "permalink_public": "https:\/\/slack-files.com\/TJH5YU202-FNXA85G1W-2f6c4a441d",
                "is_starred": false,
                "has_rich_preview": false
            }
        ],
        "upload": true,
        "user": "UJHD6A81H",
        "display_as_bot": false,
        "ts": "1569926043.353100",
        "client_msg_id": "1c2776c9-b8e5-4490-8626-e9a82c85b71a"
    },
    {
        "client_msg_id": "42decdd3-4848-4d36-ac88-d4a960b2c54f",
        "type": "message",
        "text": "I am now ordering a good bottle of wine for lunch",
        "user": "UJHD6A81H",
        "ts": "1569926106.353600",
        "team": "TJH5YU202",
        "user_team": "TJH5YU202",
        "source_team": "TJH5YU202",
        "user_profile": {
            "avatar_hash": "g6b8073e00e9",
            "image_72": "https:\/\/secure.gravatar.com\/avatar\/b96b8073e00e9eb02bcf05bc1418eb3a.jpg?s=72&d=https%3A%2F%2Fa.slack-edge.com%2Fdf10d%2Fimg%2Favatars%2Fava_0021-72.png",
            "first_name": "Otto",
            "real_name": "Otto Atzwanger",
            "display_name": "Otto",
            "team": "TJH5YU202",
            "name": "otto",
            "is_restricted": false,
            "is_ultra_restricted": false
        }
    },
    {
        "client_msg_id": "74dd33cf-aa7a-4c73-9a35-4335640f5833",
        "type": "message",
        "text": "thank you for your help, Andreu",
        "user": "UJHD6A81H",
        "ts": "1569926141.354100",
        "team": "TJH5YU202",
        "user_team": "TJH5YU202",
        "source_team": "TJH5YU202",
        "user_profile": {
            "avatar_hash": "g6b8073e00e9",
            "image_72": "https:\/\/secure.gravatar.com\/avatar\/b96b8073e00e9eb02bcf05bc1418eb3a.jpg?s=72&d=https%3A%2F%2Fa.slack-edge.com%2Fdf10d%2Fimg%2Favatars%2Fava_0021-72.png",
            "first_name": "Otto",
            "real_name": "Otto Atzwanger",
            "display_name": "Otto",
            "team": "TJH5YU202",
            "name": "otto",
            "is_restricted": false,
            "is_ultra_restricted": false
        },
        "edited": {
            "user": "UJHD6A81H",
            "ts": "1569926160.000000"
        }
    },
    {
        "client_msg_id": "1d9a83d4-cb69-4cd2-992d-ea7494a2405d",
        "type": "message",
        "text": "Okay, no problem",
        "user": "UNAHBRTFA",
        "ts": "1569927120.354600",
        "team": "TJH5YU202",
        "user_team": "TJH5YU202",
        "source_team": "TJH5YU202",
        "user_profile": {
            "avatar_hash": "g3d2a3f4c28c",
            "image_72": "https:\/\/secure.gravatar.com\/avatar\/23d2a3f4c28cebb4cf07e48d02620517.jpg?s=72&d=https%3A%2F%2Fa.slack-edge.com%2Fdf10d%2Fimg%2Favatars%2Fava_0020-72.png",
            "first_name": "Andreu",
            "real_name": "Andreu Botella",
            "display_name": "Andreu Botella",
            "team": "TJH5YU202",
            "name": "andreu.132",
            "is_restricted": false,
            "is_ultra_restricted": false
        }
    },
    {
        "client_msg_id": "abb18444-1dec-4d12-a506-0413b4122bad",
        "type": "message",
        "text": "<@UJN8D8U3B> Dear Antonio, how can I split to more lines  such a line in TEXTAREA  $(\".data-table tbody\").append( \"&lt;tr data-menge='\" + value  +\"' data-beschreibung='\"+cBeschreibung+\"' data-preis='\"+preis+\"'  data-id='\"+id+\"'&gt;&lt;td  style='visibility:hidden;'&gt;\" + id + \"&lt;\/td&gt;&lt;td&gt;\"+cmenge+\"&lt;\/td&gt;&lt;td&gt;\"+cBeschreibung+\"&lt;\/td&gt;&lt;td&gt;\"+email+\"&lt;\/td&gt;&lt;td&gt;&lt;button class='btn btn-info btn-xs btn-delete'&gt;Buchung entfernen&lt;\/button&gt;&lt;\/td&gt;&lt;\/tr&gt;\");",
        "user": "UJHD6A81H",
        "ts": "1569934462.355400",
        "team": "TJH5YU202",
        "user_team": "TJH5YU202",
        "source_team": "TJH5YU202",
        "user_profile": {
            "avatar_hash": "g6b8073e00e9",
            "image_72": "https:\/\/secure.gravatar.com\/avatar\/b96b8073e00e9eb02bcf05bc1418eb3a.jpg?s=72&d=https%3A%2F%2Fa.slack-edge.com%2Fdf10d%2Fimg%2Favatars%2Fava_0021-72.png",
            "first_name": "Otto",
            "real_name": "Otto Atzwanger",
            "display_name": "Otto",
            "team": "TJH5YU202",
            "name": "otto",
            "is_restricted": false,
            "is_ultra_restricted": false
        }
    },
    {
        "client_msg_id": "f6c06009-f88b-4fb2-ada1-c586c0b25a0e",
        "type": "message",
        "text": "Buenas tardes a todos menos a uno !",
        "user": "UJWR5N32S",
        "ts": "1569939998.355900",
        "team": "TJH5YU202",
        "user_team": "TJH5YU202",
        "source_team": "TJH5YU202",
        "user_profile": {
            "avatar_hash": "273d3745f7ae",
            "image_72": "https:\/\/avatars.slack-edge.com\/2019-05-20\/634344238497_273d3745f7ae1b176b82_72.jpg",
            "first_name": "Charly",
            "real_name": "Charly",
            "display_name": "Charly",
            "team": "TJH5YU202",
            "name": "carles9000",
            "is_restricted": false,
            "is_ultra_restricted": false
        }
    },
    {
        "client_msg_id": "65951efd-6c9b-42ed-bbf1-659a510a4ea7",
        "type": "message",
        "text": ":stuck_out_tongue:",
        "user": "UJWR5N32S",
        "ts": "1569940002.356100",
        "team": "TJH5YU202",
        "user_team": "TJH5YU202",
        "source_team": "TJH5YU202",
        "user_profile": {
            "avatar_hash": "273d3745f7ae",
            "image_72": "https:\/\/avatars.slack-edge.com\/2019-05-20\/634344238497_273d3745f7ae1b176b82_72.jpg",
            "first_name": "Charly",
            "real_name": "Charly",
            "display_name": "Charly",
            "team": "TJH5YU202",
            "name": "carles9000",
            "is_restricted": false,
            "is_ultra_restricted": false
        }
    },
    {
        "client_msg_id": "013d2d0e-a73c-4c77-a85d-cd9fd80e89d4",
        "type": "message",
        "text": "Buen dia Charly como va todo?",
        "user": "UJUFNFMFE",
        "ts": "1569940230.356500",
        "team": "TJH5YU202",
        "user_team": "TJH5YU202",
        "source_team": "TJH5YU202",
        "user_profile": {
            "avatar_hash": "aa4e40c137f0",
            "image_72": "https:\/\/avatars.slack-edge.com\/2019-05-21\/630419446595_aa4e40c137f03c23b9cd_72.jpg",
            "first_name": "Marcelo",
            "real_name": "Marcelo Roggeri",
            "display_name": "Marcelo Roggeri",
            "team": "TJH5YU202",
            "name": "roggerimarcelo",
            "is_restricted": false,
            "is_ultra_restricted": false
        }
    },
    {
        "client_msg_id": "e31a87f5-577c-40a5-8e8c-a8e4266b74f2",
        "type": "message",
        "text": "Bien Marcelo...pero mucho trabajo. Estamos acabando con Antonio el ejemplo que vimos del seamap, pero con IS, ADO y MS Sql",
        "user": "UJWR5N32S",
        "ts": "1569940345.357900",
        "team": "TJH5YU202",
        "user_team": "TJH5YU202",
        "source_team": "TJH5YU202",
        "user_profile": {
            "avatar_hash": "273d3745f7ae",
            "image_72": "https:\/\/avatars.slack-edge.com\/2019-05-20\/634344238497_273d3745f7ae1b176b82_72.jpg",
            "first_name": "Charly",
            "real_name": "Charly",
            "display_name": "Charly",
            "team": "TJH5YU202",
            "name": "carles9000",
            "is_restricted": false,
            "is_ultra_restricted": false
        }
    },
    {
        "client_msg_id": "e43641a3-322f-46bf-a785-40cad94b82ae",
        "type": "message",
        "text": "Si soporta esto, lo aguantara todo",
        "user": "UJWR5N32S",
        "ts": "1569940367.358300",
        "team": "TJH5YU202",
        "user_team": "TJH5YU202",
        "source_team": "TJH5YU202",
        "user_profile": {
            "avatar_hash": "273d3745f7ae",
            "image_72": "https:\/\/avatars.slack-edge.com\/2019-05-20\/634344238497_273d3745f7ae1b176b82_72.jpg",
            "first_name": "Charly",
            "real_name": "Charly",
            "display_name": "Charly",
            "team": "TJH5YU202",
            "name": "carles9000",
            "is_restricted": false,
            "is_ultra_restricted": false
        }
    },
    {
        "client_msg_id": "a391e841-f21a-4882-b773-b51925bd62a8",
        "type": "message",
        "text": ":+1::sparkles:",
        "user": "UJN8D8U3B",
        "ts": "1569940552.358500",
        "team": "TJH5YU202",
        "user_team": "TJH5YU202",
        "source_team": "TJH5YU202",
        "user_profile": {
            "avatar_hash": "g92ad2abcc45",
            "image_72": "https:\/\/secure.gravatar.com\/avatar\/8492ad2abcc45ce53969adcf8420acde.jpg?s=72&d=https%3A%2F%2Fa.slack-edge.com%2Fdf10d%2Fimg%2Favatars%2Fava_0008-72.png",
            "first_name": "",
            "real_name": "Antonio Linares",
            "display_name": "Antonio Linares",
            "team": "TJH5YU202",
            "name": "alinares",
            "is_restricted": false,
            "is_ultra_restricted": false
        }
    },
    {
        "client_msg_id": "fee721f4-f728-4073-a2ee-6cbf92940c96",
        "type": "message",
        "text": "que bueno Charly Antonio el finde me mire el video del otro dia y trate de entender bien lo que hicieron con el ejemplo ese en MVC.",
        "user": "UJUFNFMFE",
        "ts": "1569941142.359400",
        "team": "TJH5YU202",
        "user_team": "TJH5YU202",
        "source_team": "TJH5YU202",
        "user_profile": {
            "avatar_hash": "aa4e40c137f0",
            "image_72": "https:\/\/avatars.slack-edge.com\/2019-05-21\/630419446595_aa4e40c137f03c23b9cd_72.jpg",
            "first_name": "Marcelo",
            "real_name": "Marcelo Roggeri",
            "display_name": "Marcelo Roggeri",
            "team": "TJH5YU202",
            "name": "roggerimarcelo",
            "is_restricted": false,
            "is_ultra_restricted": false
        }
    },
    {
        "client_msg_id": "7362cbad-5551-4e93-ac96-2fafb083b5e5",
        "type": "message",
        "text": "Es la base. Si lo entendiste, todo es lo mismo conceptualmente.  Peticion al server-&gt;enrutamiento a controller-&gt;controller procesa datos-&gt;Toma datos de modelo-&gt;Envia datos a vista",
        "user": "UJWR5N32S",
        "ts": "1569941333.360600",
        "team": "TJH5YU202",
        "user_team": "TJH5YU202",
        "source_team": "TJH5YU202",
        "user_profile": {
            "avatar_hash": "273d3745f7ae",
            "image_72": "https:\/\/avatars.slack-edge.com\/2019-05-20\/634344238497_273d3745f7ae1b176b82_72.jpg",
            "first_name": "Charly",
            "real_name": "Charly",
            "display_name": "Charly",
            "team": "TJH5YU202",
            "name": "carles9000",
            "is_restricted": false,
            "is_ultra_restricted": false
        }
    },
    {
        "client_msg_id": "63a06cf3-b44d-496e-b074-becfd3c647e7",
        "type": "message",
        "text": "listos",
        "user": "UJWR5N32S",
        "ts": "1569941336.360800",
        "team": "TJH5YU202",
        "user_team": "TJH5YU202",
        "source_team": "TJH5YU202",
        "user_profile": {
            "avatar_hash": "273d3745f7ae",
            "image_72": "https:\/\/avatars.slack-edge.com\/2019-05-20\/634344238497_273d3745f7ae1b176b82_72.jpg",
            "first_name": "Charly",
            "real_name": "Charly",
            "display_name": "Charly",
            "team": "TJH5YU202",
            "name": "carles9000",
            "is_restricted": false,
            "is_ultra_restricted": false
        }
    },
    {
        "client_msg_id": "16d533b2-b225-47fc-a961-33f7e3bff859",
        "type": "message",
        "text": "chin pum",
        "user": "UJN8D8U3B",
        "ts": "1569941357.361100",
        "team": "TJH5YU202",
        "user_team": "TJH5YU202",
        "source_team": "TJH5YU202",
        "user_profile": {
            "avatar_hash": "g92ad2abcc45",
            "image_72": "https:\/\/secure.gravatar.com\/avatar\/8492ad2abcc45ce53969adcf8420acde.jpg?s=72&d=https%3A%2F%2Fa.slack-edge.com%2Fdf10d%2Fimg%2Favatars%2Fava_0008-72.png",
            "first_name": "",
            "real_name": "Antonio Linares",
            "display_name": "Antonio Linares",
            "team": "TJH5YU202",
            "name": "alinares",
            "is_restricted": false,
            "is_ultra_restricted": false
        }
    },
    {
        "client_msg_id": "9ca20359-c1f4-415e-bd12-3613d8f4b5b5",
        "type": "message",
        "text": ":smile:",
        "user": "UJN8D8U3B",
        "ts": "1569941362.361400",
        "team": "TJH5YU202",
        "user_team": "TJH5YU202",
        "source_team": "TJH5YU202",
        "user_profile": {
            "avatar_hash": "g92ad2abcc45",
            "image_72": "https:\/\/secure.gravatar.com\/avatar\/8492ad2abcc45ce53969adcf8420acde.jpg?s=72&d=https%3A%2F%2Fa.slack-edge.com%2Fdf10d%2Fimg%2Favatars%2Fava_0008-72.png",
            "first_name": "",
            "real_name": "Antonio Linares",
            "display_name": "Antonio Linares",
            "team": "TJH5YU202",
            "name": "alinares",
            "is_restricted": false,
            "is_ultra_restricted": false
        }
    },
    {
        "client_msg_id": "ed50e9a0-337d-4acb-93e8-5168faca851b",
        "type": "message",
        "text": "fuera",
        "user": "UM81W8B0Q",
        "ts": "1569941374.361800",
        "team": "TJH5YU202",
        "user_team": "TJH5YU202",
        "source_team": "TJH5YU202",
        "user_profile": {
            "avatar_hash": "gab9279ee8c0",
            "image_72": "https:\/\/secure.gravatar.com\/avatar\/73ab9279ee8c00f66ce4904d30146c8f.jpg?s=72&d=https%3A%2F%2Fa.slack-edge.com%2Fdf10d%2Fimg%2Favatars%2Fava_0010-72.png",
            "first_name": "",
            "real_name": "Angel Pais",
            "display_name": "Angel Pais",
            "team": "TJH5YU202",
            "name": "amigosam",
            "is_restricted": false,
            "is_ultra_restricted": false
        }
    },
    {
        "client_msg_id": "db527665-6eaa-4063-aa5f-e6bf88a0bf7c",
        "type": "message",
        "text": "Se que es un cambio de chip y costara viniendo de donde venimos, pero lo haremos",
        "user": "UJWR5N32S",
        "ts": "1569941384.362000",
        "team": "TJH5YU202",
        "user_team": "TJH5YU202",
        "source_team": "TJH5YU202",
        "user_profile": {
            "avatar_hash": "273d3745f7ae",
            "image_72": "https:\/\/avatars.slack-edge.com\/2019-05-20\/634344238497_273d3745f7ae1b176b82_72.jpg",
            "first_name": "Charly",
            "real_name": "Charly",
            "display_name": "Charly",
            "team": "TJH5YU202",
            "name": "carles9000",
            "is_restricted": false,
            "is_ultra_restricted": false
        }
    },
    {
        "client_msg_id": "66560616-2f6b-47c9-bf1d-7402ec2f7c4b",
        "type": "message",
        "text": "lo que cuesta vale",
        "user": "UJUFNFMFE",
        "ts": "1569941406.362200",
        "team": "TJH5YU202",
        "user_team": "TJH5YU202",
        "source_team": "TJH5YU202",
        "user_profile": {
            "avatar_hash": "aa4e40c137f0",
            "image_72": "https:\/\/avatars.slack-edge.com\/2019-05-21\/630419446595_aa4e40c137f03c23b9cd_72.jpg",
            "first_name": "Marcelo",
            "real_name": "Marcelo Roggeri",
            "display_name": "Marcelo Roggeri",
            "team": "TJH5YU202",
            "name": "roggerimarcelo",
            "is_restricted": false,
            "is_ultra_restricted": false
        }
    },
    {
        "client_msg_id": "aeba03da-e11b-40ec-bb02-59c90d57ff06",
        "type": "message",
        "text": "Animos marcelo",
        "user": "UJWR5N32S",
        "ts": "1569941416.362400",
        "team": "TJH5YU202",
        "user_team": "TJH5YU202",
        "source_team": "TJH5YU202",
        "user_profile": {
            "avatar_hash": "273d3745f7ae",
            "image_72": "https:\/\/avatars.slack-edge.com\/2019-05-20\/634344238497_273d3745f7ae1b176b82_72.jpg",
            "first_name": "Charly",
            "real_name": "Charly",
            "display_name": "Charly",
            "team": "TJH5YU202",
            "name": "carles9000",
            "is_restricted": false,
            "is_ultra_restricted": false
        }
    },
    {
        "client_msg_id": "916f5e9c-f1d6-4962-a1b3-a6fc3171870c",
        "type": "message",
        "text": "El otro dia ya os lo explico Antonio. Q os diga cuantos MVC ha hecho en su vida ?",
        "user": "UJWR5N32S",
        "ts": "1569941443.363100",
        "team": "TJH5YU202",
        "user_team": "TJH5YU202",
        "source_team": "TJH5YU202",
        "user_profile": {
            "avatar_hash": "273d3745f7ae",
            "image_72": "https:\/\/avatars.slack-edge.com\/2019-05-20\/634344238497_273d3745f7ae1b176b82_72.jpg",
            "first_name": "Charly",
            "real_name": "Charly",
            "display_name": "Charly",
            "team": "TJH5YU202",
            "name": "carles9000",
            "is_restricted": false,
            "is_ultra_restricted": false
        }
    },
    {
        "client_msg_id": "b13938d1-621d-4141-8002-25cbcad34698",
        "type": "message",
        "text": "Poco a poco y avanzando",
        "user": "UJWR5N32S",
        "ts": "1569941457.363600",
        "team": "TJH5YU202",
        "user_team": "TJH5YU202",
        "source_team": "TJH5YU202",
        "user_profile": {
            "avatar_hash": "273d3745f7ae",
            "image_72": "https:\/\/avatars.slack-edge.com\/2019-05-20\/634344238497_273d3745f7ae1b176b82_72.jpg",
            "first_name": "Charly",
            "real_name": "Charly",
            "display_name": "Charly",
            "team": "TJH5YU202",
            "name": "carles9000",
            "is_restricted": false,
            "is_ultra_restricted": false
        }
    },
    {
        "client_msg_id": "bec806d2-870f-4b34-a911-0a0655b5d672",
        "type": "message",
        "text": "gracias Charly",
        "user": "UJUFNFMFE",
        "ts": "1569941478.363800",
        "team": "TJH5YU202",
        "user_team": "TJH5YU202",
        "source_team": "TJH5YU202",
        "user_profile": {
            "avatar_hash": "aa4e40c137f0",
            "image_72": "https:\/\/avatars.slack-edge.com\/2019-05-21\/630419446595_aa4e40c137f03c23b9cd_72.jpg",
            "first_name": "Marcelo",
            "real_name": "Marcelo Roggeri",
            "display_name": "Marcelo Roggeri",
            "team": "TJH5YU202",
            "name": "roggerimarcelo",
            "is_restricted": false,
            "is_ultra_restricted": false
        }
    },
    {
        "client_msg_id": "c44d79c9-3bba-405f-8313-ef809df1c6be",
        "type": "message",
        "text": "hay personas que tienen un grado mayor de asimilacion de ciertas cosas y bueno en hora buena que nos faciliten la tarea, lo bueno del video es que si te tomas el tiempo de reverlo hasta que lo asimiles, es una gran ventaja si la usamos",
        "user": "UJUFNFMFE",
        "ts": "1569941540.365600",
        "team": "TJH5YU202",
        "user_team": "TJH5YU202",
        "source_team": "TJH5YU202",
        "user_profile": {
            "avatar_hash": "aa4e40c137f0",
            "image_72": "https:\/\/avatars.slack-edge.com\/2019-05-21\/630419446595_aa4e40c137f03c23b9cd_72.jpg",
            "first_name": "Marcelo",
            "real_name": "Marcelo Roggeri",
            "display_name": "Marcelo Roggeri",
            "team": "TJH5YU202",
            "name": "roggerimarcelo",
            "is_restricted": false,
            "is_ultra_restricted": false
        }
    },
    {
        "client_msg_id": "9ee5b48c-ca51-4489-8986-94486eea8219",
        "type": "message",
        "text": "nunca me gustó ese acronimo, es antinatural, deberia ser CDV, control-data-visaualizacion",
        "user": "UM81W8B0Q",
        "ts": "1569941552.365800",
        "team": "TJH5YU202",
        "user_team": "TJH5YU202",
        "source_team": "TJH5YU202",
        "user_profile": {
            "avatar_hash": "gab9279ee8c0",
            "image_72": "https:\/\/secure.gravatar.com\/avatar\/73ab9279ee8c00f66ce4904d30146c8f.jpg?s=72&d=https%3A%2F%2Fa.slack-edge.com%2Fdf10d%2Fimg%2Favatars%2Fava_0010-72.png",
            "first_name": "",
            "real_name": "Angel Pais",
            "display_name": "Angel Pais",
            "team": "TJH5YU202",
            "name": "amigosam",
            "is_restricted": false,
            "is_ultra_restricted": false
        }
    },
    {
        "client_msg_id": "1426a77b-8a6b-422f-adce-eb215bf3c3d1",
        "type": "message",
        "text": "Angel..hay tantos....",
        "user": "UJWR5N32S",
        "ts": "1569941598.366300",
        "team": "TJH5YU202",
        "user_team": "TJH5YU202",
        "source_team": "TJH5YU202",
        "user_profile": {
            "avatar_hash": "273d3745f7ae",
            "image_72": "https:\/\/avatars.slack-edge.com\/2019-05-20\/634344238497_273d3745f7ae1b176b82_72.jpg",
            "first_name": "Charly",
            "real_name": "Charly",
            "display_name": "Charly",
            "team": "TJH5YU202",
            "name": "carles9000",
            "is_restricted": false,
            "is_ultra_restricted": false
        }
    },
    {
        "client_msg_id": "23b00ddc-a572-444e-af9c-99fec729936c",
        "type": "message",
        "text": "Hola masters, buen dia",
        "user": "UK28N3CER",
        "ts": "1569941604.366500",
        "team": "TJH5YU202",
        "user_team": "TJH5YU202",
        "source_team": "TJH5YU202",
        "user_profile": {
            "avatar_hash": "7f09da813e5b",
            "image_72": "https:\/\/avatars.slack-edge.com\/2020-01-01\/880554116721_7f09da813e5b80b5a0a0_72.jpg",
            "first_name": "",
            "real_name": "Cesar SysCtrl Software",
            "display_name": "Cesar SysCtrl Software",
            "team": "TJH5YU202",
            "name": "sysctrlsoftware",
            "is_restricted": false,
            "is_ultra_restricted": false
        }
    },
    {
        "client_msg_id": "f9016157-e64e-4d2c-a736-1f4045389472",
        "type": "message",
        "text": "Apache sigue estable:  <http:\/\/modharbour.sysctrlsoftware.com:39391\/mod_harbour\/samples\/info.prg>",
        "user": "UK28N3CER",
        "ts": "1569941626.367000",
        "team": "TJH5YU202",
        "user_team": "TJH5YU202",
        "source_team": "TJH5YU202",
        "user_profile": {
            "avatar_hash": "7f09da813e5b",
            "image_72": "https:\/\/avatars.slack-edge.com\/2020-01-01\/880554116721_7f09da813e5b80b5a0a0_72.jpg",
            "first_name": "",
            "real_name": "Cesar SysCtrl Software",
            "display_name": "Cesar SysCtrl Software",
            "team": "TJH5YU202",
            "name": "sysctrlsoftware",
            "is_restricted": false,
            "is_ultra_restricted": false
        }
    },
    {
        "client_msg_id": "1e024a92-1417-4826-a3ab-4a943386ab12",
        "type": "message",
        "text": "IIS sigue estable :  <http:\/\/modharbour.sysctrlsoftware.com:39393\/mod_harbour\/samples\/mvc_iis\/seamap\/index.prg>",
        "user": "UK28N3CER",
        "ts": "1569941645.367700",
        "team": "TJH5YU202",
        "user_team": "TJH5YU202",
        "source_team": "TJH5YU202",
        "user_profile": {
            "avatar_hash": "7f09da813e5b",
            "image_72": "https:\/\/avatars.slack-edge.com\/2020-01-01\/880554116721_7f09da813e5b80b5a0a0_72.jpg",
            "first_name": "",
            "real_name": "Cesar SysCtrl Software",
            "display_name": "Cesar SysCtrl Software",
            "team": "TJH5YU202",
            "name": "sysctrlsoftware",
            "is_restricted": false,
            "is_ultra_restricted": false
        }
    },
    {
        "client_msg_id": "6786d03f-04b4-45ae-bf53-1f8d76d45907",
        "type": "message",
        "text": "Hola Cesar Angel aqui estamos",
        "user": "UJUFNFMFE",
        "ts": "1569941650.367800",
        "team": "TJH5YU202",
        "user_team": "TJH5YU202",
        "source_team": "TJH5YU202",
        "user_profile": {
            "avatar_hash": "aa4e40c137f0",
            "image_72": "https:\/\/avatars.slack-edge.com\/2019-05-21\/630419446595_aa4e40c137f03c23b9cd_72.jpg",
            "first_name": "Marcelo",
            "real_name": "Marcelo Roggeri",
            "display_name": "Marcelo Roggeri",
            "team": "TJH5YU202",
            "name": "roggerimarcelo",
            "is_restricted": false,
            "is_ultra_restricted": false
        }
    },
    {
        "client_msg_id": "87073868-98c7-4509-b220-f98a10c5f8d3",
        "type": "message",
        "text": ":muscle::muscle::ok_hand:",
        "user": "UJN8D8U3B",
        "ts": "1569941669.368500",
        "team": "TJH5YU202",
        "user_team": "TJH5YU202",
        "source_team": "TJH5YU202",
        "user_profile": {
            "avatar_hash": "g92ad2abcc45",
            "image_72": "https:\/\/secure.gravatar.com\/avatar\/8492ad2abcc45ce53969adcf8420acde.jpg?s=72&d=https%3A%2F%2Fa.slack-edge.com%2Fdf10d%2Fimg%2Favatars%2Fava_0008-72.png",
            "first_name": "",
            "real_name": "Antonio Linares",
            "display_name": "Antonio Linares",
            "team": "TJH5YU202",
            "name": "alinares",
            "is_restricted": false,
            "is_ultra_restricted": false
        }
    },
    {
        "client_msg_id": "46351864-2e51-4bf5-9e6a-7923cfc9a4b9",
        "type": "message",
        "text": "Cesar -&gt; Guay :slightly_smiling_face:",
        "user": "UJWR5N32S",
        "ts": "1569941673.368700",
        "team": "TJH5YU202",
        "user_team": "TJH5YU202",
        "source_team": "TJH5YU202",
        "user_profile": {
            "avatar_hash": "273d3745f7ae",
            "image_72": "https:\/\/avatars.slack-edge.com\/2019-05-20\/634344238497_273d3745f7ae1b176b82_72.jpg",
            "first_name": "Charly",
            "real_name": "Charly",
            "display_name": "Charly",
            "team": "TJH5YU202",
            "name": "carles9000",
            "is_restricted": false,
            "is_ultra_restricted": false
        }
    },
    {
        "client_msg_id": "bdd62b36-c84e-4123-8452-be6f358c4865",
        "type": "message",
        "text": "muy bien Cesar le has metido mano por lo que veo. Biennnnnn",
        "user": "UJUFNFMFE",
        "ts": "1569941687.369600",
        "team": "TJH5YU202",
        "user_team": "TJH5YU202",
        "source_team": "TJH5YU202",
        "user_profile": {
            "avatar_hash": "aa4e40c137f0",
            "image_72": "https:\/\/avatars.slack-edge.com\/2019-05-21\/630419446595_aa4e40c137f03c23b9cd_72.jpg",
            "first_name": "Marcelo",
            "real_name": "Marcelo Roggeri",
            "display_name": "Marcelo Roggeri",
            "team": "TJH5YU202",
            "name": "roggerimarcelo",
            "is_restricted": false,
            "is_ultra_restricted": false
        }
    },
    {
        "client_msg_id": "e51024d0-e073-4f58-93f5-74a360a3ae1c",
        "type": "message",
        "text": "Se borraron todos los datos del otro dia, grrrrrr",
        "user": "UM81W8B0Q",
        "ts": "1569941691.369800",
        "team": "TJH5YU202",
        "user_team": "TJH5YU202",
        "source_team": "TJH5YU202",
        "user_profile": {
            "avatar_hash": "gab9279ee8c0",
            "image_72": "https:\/\/secure.gravatar.com\/avatar\/73ab9279ee8c00f66ce4904d30146c8f.jpg?s=72&d=https%3A%2F%2Fa.slack-edge.com%2Fdf10d%2Fimg%2Favatars%2Fava_0010-72.png",
            "first_name": "",
            "real_name": "Angel Pais",
            "display_name": "Angel Pais",
            "team": "TJH5YU202",
            "name": "amigosam",
            "is_restricted": false,
            "is_ultra_restricted": false
        }
    },
    {
        "client_msg_id": "49473483-03cc-49d5-89af-d1678d2482f0",
        "type": "message",
        "text": "Cesar, me ayudaras a instalar la nueva version de seamap ?",
        "user": "UJWR5N32S",
        "ts": "1569941703.370300",
        "team": "TJH5YU202",
        "user_team": "TJH5YU202",
        "source_team": "TJH5YU202",
        "user_profile": {
            "avatar_hash": "273d3745f7ae",
            "image_72": "https:\/\/avatars.slack-edge.com\/2019-05-20\/634344238497_273d3745f7ae1b176b82_72.jpg",
            "first_name": "Charly",
            "real_name": "Charly",
            "display_name": "Charly",
            "team": "TJH5YU202",
            "name": "carles9000",
            "is_restricted": false,
            "is_ultra_restricted": false
        }
    },
    {
        "client_msg_id": "e8c9bcb5-b79f-420d-a410-36b1e732a0ac",
        "type": "message",
        "text": "Marchelo poco a poco vamos entendiendo el mundo web,  yo no tenia ni idea de como configurar APCHE, y mucho menos IIS pero con la ayuda de todos ustedes he aprendido muchisimo.  ModHarbour Gooo.",
        "user": "UK28N3CER",
        "ts": "1569941713.370600",
        "team": "TJH5YU202",
        "user_team": "TJH5YU202",
        "source_team": "TJH5YU202",
        "user_profile": {
            "avatar_hash": "7f09da813e5b",
            "image_72": "https:\/\/avatars.slack-edge.com\/2020-01-01\/880554116721_7f09da813e5b80b5a0a0_72.jpg",
            "first_name": "",
            "real_name": "Cesar SysCtrl Software",
            "display_name": "Cesar SysCtrl Software",
            "team": "TJH5YU202",
            "name": "sysctrlsoftware",
            "is_restricted": false,
            "is_ultra_restricted": false
        }
    },
    {
        "client_msg_id": "5fe7cde8-5200-4e80-94ca-7e02c4e907b7",
        "type": "message",
        "text": "Charly claro que si,  te puedo dar accesoo al servidor,, ...",
        "user": "UK28N3CER",
        "ts": "1569941741.371400",
        "team": "TJH5YU202",
        "user_team": "TJH5YU202",
        "source_team": "TJH5YU202",
        "user_profile": {
            "avatar_hash": "7f09da813e5b",
            "image_72": "https:\/\/avatars.slack-edge.com\/2020-01-01\/880554116721_7f09da813e5b80b5a0a0_72.jpg",
            "first_name": "",
            "real_name": "Cesar SysCtrl Software",
            "display_name": "Cesar SysCtrl Software",
            "team": "TJH5YU202",
            "name": "sysctrlsoftware",
            "is_restricted": false,
            "is_ultra_restricted": false
        }
    },
    {
        "client_msg_id": "2a2a9d24-c52b-4f71-b599-03b23eb3c762",
        "type": "message",
        "text": "ahi modifique el segundo registro",
        "user": "UJUFNFMFE",
        "ts": "1569941745.371600",
        "team": "TJH5YU202",
        "user_team": "TJH5YU202",
        "source_team": "TJH5YU202",
        "user_profile": {
            "avatar_hash": "aa4e40c137f0",
            "image_72": "https:\/\/avatars.slack-edge.com\/2019-05-21\/630419446595_aa4e40c137f03c23b9cd_72.jpg",
            "first_name": "Marcelo",
            "real_name": "Marcelo Roggeri",
            "display_name": "Marcelo Roggeri",
            "team": "TJH5YU202",
            "name": "roggerimarcelo",
            "is_restricted": false,
            "is_ultra_restricted": false
        }
    },
    {
        "client_msg_id": "e81f6c1f-8cfe-4b86-8841-61e433bf762f",
        "type": "message",
        "text": "Te pego un toque cuando lo tengamos. Tu server va muy rapido",
        "user": "UJWR5N32S",
        "ts": "1569941752.371800",
        "team": "TJH5YU202",
        "user_team": "TJH5YU202",
        "source_team": "TJH5YU202",
        "user_profile": {
            "avatar_hash": "273d3745f7ae",
            "image_72": "https:\/\/avatars.slack-edge.com\/2019-05-20\/634344238497_273d3745f7ae1b176b82_72.jpg",
            "first_name": "Charly",
            "real_name": "Charly",
            "display_name": "Charly",
            "team": "TJH5YU202",
            "name": "carles9000",
            "is_restricted": false,
            "is_ultra_restricted": false
        }
    },
    {
        "client_msg_id": "0b93c03a-638b-45a8-8790-653116293b29",
        "type": "message",
        "text": "si Charly soy materia dispuesta tu avisas ,,,",
        "user": "UK28N3CER",
        "ts": "1569941776.372200",
        "team": "TJH5YU202",
        "user_team": "TJH5YU202",
        "source_team": "TJH5YU202",
        "user_profile": {
            "avatar_hash": "7f09da813e5b",
            "image_72": "https:\/\/avatars.slack-edge.com\/2020-01-01\/880554116721_7f09da813e5b80b5a0a0_72.jpg",
            "first_name": "",
            "real_name": "Cesar SysCtrl Software",
            "display_name": "Cesar SysCtrl Software",
            "team": "TJH5YU202",
            "name": "sysctrlsoftware",
            "is_restricted": false,
            "is_ultra_restricted": false
        }
    },
    {
        "client_msg_id": "ff3e5386-474a-49d4-96d0-29bdee310af1",
        "type": "message",
        "text": "Cuando lo tengamos listo entre hoy y mañana te pincho",
        "user": "UJWR5N32S",
        "ts": "1569941796.372500",
        "team": "TJH5YU202",
        "user_team": "TJH5YU202",
        "source_team": "TJH5YU202",
        "user_profile": {
            "avatar_hash": "273d3745f7ae",
            "image_72": "https:\/\/avatars.slack-edge.com\/2019-05-20\/634344238497_273d3745f7ae1b176b82_72.jpg",
            "first_name": "Charly",
            "real_name": "Charly",
            "display_name": "Charly",
            "team": "TJH5YU202",
            "name": "carles9000",
            "is_restricted": false,
            "is_ultra_restricted": false
        }
    },
    {
        "client_msg_id": "c81dff51-0a61-4628-a247-0f052c5dbc28",
        "type": "message",
        "text": "vientos huracanados :clap:",
        "user": "UK28N3CER",
        "ts": "1569941831.372900",
        "team": "TJH5YU202",
        "user_team": "TJH5YU202",
        "source_team": "TJH5YU202",
        "user_profile": {
            "avatar_hash": "7f09da813e5b",
            "image_72": "https:\/\/avatars.slack-edge.com\/2020-01-01\/880554116721_7f09da813e5b80b5a0a0_72.jpg",
            "first_name": "",
            "real_name": "Cesar SysCtrl Software",
            "display_name": "Cesar SysCtrl Software",
            "team": "TJH5YU202",
            "name": "sysctrlsoftware",
            "is_restricted": false,
            "is_ultra_restricted": false
        }
    },
    {
        "client_msg_id": "bec88c31-1b62-4414-b445-8c9bf76ab5ab",
        "type": "message",
        "text": "Cesar si quieres dale un ancho del 100 % al form y a la tabla asi aprovechas el ancho maximo en el movil.\nLo estoy probando ahi mismo",
        "user": "UJUFNFMFE",
        "ts": "1569941886.373600",
        "team": "TJH5YU202",
        "user_team": "TJH5YU202",
        "source_team": "TJH5YU202",
        "user_profile": {
            "avatar_hash": "aa4e40c137f0",
            "image_72": "https:\/\/avatars.slack-edge.com\/2019-05-21\/630419446595_aa4e40c137f03c23b9cd_72.jpg",
            "first_name": "Marcelo",
            "real_name": "Marcelo Roggeri",
            "display_name": "Marcelo Roggeri",
            "team": "TJH5YU202",
            "name": "roggerimarcelo",
            "is_restricted": false,
            "is_ultra_restricted": false
        }
    },
    {
        "client_msg_id": "2a71be4c-eb2f-442a-a777-d126fd9757f3",
        "type": "message",
        "text": "Gibt es bitte hier eine Lösung, wie man die Zeile teilen kann:",
        "user": "UJHD6A81H",
        "ts": "1569941953.374300",
        "team": "TJH5YU202",
        "user_team": "TJH5YU202",
        "source_team": "TJH5YU202",
        "user_profile": {
            "avatar_hash": "g6b8073e00e9",
            "image_72": "https:\/\/secure.gravatar.com\/avatar\/b96b8073e00e9eb02bcf05bc1418eb3a.jpg?s=72&d=https%3A%2F%2Fa.slack-edge.com%2Fdf10d%2Fimg%2Favatars%2Fava_0021-72.png",
            "first_name": "Otto",
            "real_name": "Otto Atzwanger",
            "display_name": "Otto",
            "team": "TJH5YU202",
            "name": "otto",
            "is_restricted": false,
            "is_ultra_restricted": false
        }
    },
    {
        "client_msg_id": "6b90d479-9c9e-421c-965c-8ca7e85acdd8",
        "type": "message",
        "text": "<@UJN8D8U3B> Dear Antonio, how can I split to more lines  such a line in TEXTAREA  $(\".data-table tbody\").append( \"&lt;tr data-menge='\" + value  +\"' data-beschreibung='\"+cBeschreibung+\"' data-preis='\"+preis+\"'  data-id='\"+id+\"'&gt;&lt;td  style='visibility:hidden;'&gt;\" + id + \"&lt;\/td&gt;&lt;td&gt;\"+cmenge+\"&lt;\/td&gt;&lt;td&gt;\"+cBeschreibung+\"&lt;\/td&gt;&lt;td&gt;\"+email+\"&lt;\/td&gt;&lt;td&gt;&lt;button class='btn btn-info btn-xs btn-delete'&gt;Buchung entfernen&lt;\/button&gt;&lt;\/td&gt;&lt;\/tr&gt;\");",
        "user": "UJHD6A81H",
        "ts": "1569941954.374500",
        "team": "TJH5YU202",
        "user_team": "TJH5YU202",
        "source_team": "TJH5YU202",
        "user_profile": {
            "avatar_hash": "g6b8073e00e9",
            "image_72": "https:\/\/secure.gravatar.com\/avatar\/b96b8073e00e9eb02bcf05bc1418eb3a.jpg?s=72&d=https%3A%2F%2Fa.slack-edge.com%2Fdf10d%2Fimg%2Favatars%2Fava_0021-72.png",
            "first_name": "Otto",
            "real_name": "Otto Atzwanger",
            "display_name": "Otto",
            "team": "TJH5YU202",
            "name": "otto",
            "is_restricted": false,
            "is_ultra_restricted": false
        }
    },
    {
        "client_msg_id": "1097f695-7b48-4862-89c2-9f4d711977e8",
        "type": "message",
        "text": "buen TIO Marcelo lo vamos a probar.",
        "user": "UK28N3CER",
        "ts": "1569941956.374600",
        "team": "TJH5YU202",
        "user_team": "TJH5YU202",
        "source_team": "TJH5YU202",
        "user_profile": {
            "avatar_hash": "7f09da813e5b",
            "image_72": "https:\/\/avatars.slack-edge.com\/2020-01-01\/880554116721_7f09da813e5b80b5a0a0_72.jpg",
            "first_name": "",
            "real_name": "Cesar SysCtrl Software",
            "display_name": "Cesar SysCtrl Software",
            "team": "TJH5YU202",
            "name": "sysctrlsoftware",
            "is_restricted": false,
            "is_ultra_restricted": false
        },
        "reactions": [
            {
                "name": "+1",
                "users": [
                    "UJUFNFMFE"
                ],
                "count": 1
            }
        ]
    },
    {
        "client_msg_id": "708faf63-1bbd-49b1-83ae-3c4bd54786b5",
        "type": "message",
        "text": "El tema de permisos en el server lo tienes por la mano Cesar para instalar las pruebas ?",
        "user": "UJWR5N32S",
        "ts": "1569942008.375300",
        "team": "TJH5YU202",
        "user_team": "TJH5YU202",
        "source_team": "TJH5YU202",
        "user_profile": {
            "avatar_hash": "273d3745f7ae",
            "image_72": "https:\/\/avatars.slack-edge.com\/2019-05-20\/634344238497_273d3745f7ae1b176b82_72.jpg",
            "first_name": "Charly",
            "real_name": "Charly",
            "display_name": "Charly",
            "team": "TJH5YU202",
            "name": "carles9000",
            "is_restricted": false,
            "is_ultra_restricted": false
        }
    },
    {
        "client_msg_id": "359b00ad-1e2f-4b8d-94d5-6cb438aeee18",
        "type": "message",
        "text": "si Charly,",
        "user": "UK28N3CER",
        "ts": "1569942167.376700",
        "team": "TJH5YU202",
        "user_team": "TJH5YU202",
        "source_team": "TJH5YU202",
        "user_profile": {
            "avatar_hash": "7f09da813e5b",
            "image_72": "https:\/\/avatars.slack-edge.com\/2020-01-01\/880554116721_7f09da813e5b80b5a0a0_72.jpg",
            "first_name": "",
            "real_name": "Cesar SysCtrl Software",
            "display_name": "Cesar SysCtrl Software",
            "team": "TJH5YU202",
            "name": "sysctrlsoftware",
            "is_restricted": false,
            "is_ultra_restricted": false
        }
    },
    {
        "client_msg_id": "24987b19-df04-45e1-9395-601a8a277e84",
        "type": "message",
        "text": "Perfect !",
        "user": "UJWR5N32S",
        "ts": "1569942180.377000",
        "team": "TJH5YU202",
        "user_team": "TJH5YU202",
        "source_team": "TJH5YU202",
        "user_profile": {
            "avatar_hash": "273d3745f7ae",
            "image_72": "https:\/\/avatars.slack-edge.com\/2019-05-20\/634344238497_273d3745f7ae1b176b82_72.jpg",
            "first_name": "Charly",
            "real_name": "Charly",
            "display_name": "Charly",
            "team": "TJH5YU202",
            "name": "carles9000",
            "is_restricted": false,
            "is_ultra_restricted": false
        }
    },
    {
        "client_msg_id": "4de29df1-9421-4738-8ec1-bb8e2aafbc76",
        "type": "message",
        "text": "I wrote a little Fivewin program to write the filename and the size on the photos of web templates, I would like to semi-automate the personalisation of Bootstrap templates .",
        "user": "UJHD6A81H",
        "ts": "1569977406.379000",
        "team": "TJH5YU202",
        "user_team": "TJH5YU202",
        "source_team": "TJH5YU202",
        "user_profile": {
            "avatar_hash": "g6b8073e00e9",
            "image_72": "https:\/\/secure.gravatar.com\/avatar\/b96b8073e00e9eb02bcf05bc1418eb3a.jpg?s=72&d=https%3A%2F%2Fa.slack-edge.com%2Fdf10d%2Fimg%2Favatars%2Fava_0021-72.png",
            "first_name": "Otto",
            "real_name": "Otto Atzwanger",
            "display_name": "Otto",
            "team": "TJH5YU202",
            "name": "otto",
            "is_restricted": false,
            "is_ultra_restricted": false
        }
    },
    {
        "type": "message",
        "text": "",
        "files": [
            {
                "id": "FNKK4SLG2",
                "created": 1569977419,
                "timestamp": 1569977419,
                "name": "image.png",
                "title": "image.png",
                "mimetype": "image\/png",
                "filetype": "png",
                "pretty_type": "PNG",
                "user": "UJHD6A81H",
                "editable": false,
                "size": 822945,
                "mode": "hosted",
                "is_external": false,
                "external_type": "",
                "is_public": true,
                "public_url_shared": false,
                "display_as_bot": false,
                "username": "",
                "url_private": "https:\/\/files.slack.com\/files-pri\/TJH5YU202-FNKK4SLG2\/image.png?t=xoxe-629202954002-950795328464-950341379620-2ca7f74bb6537751ea5666f8f5e8896e",
                "url_private_download": "https:\/\/files.slack.com\/files-pri\/TJH5YU202-FNKK4SLG2\/download\/image.png?t=xoxe-629202954002-950795328464-950341379620-2ca7f74bb6537751ea5666f8f5e8896e",
                "thumb_64": "https:\/\/files.slack.com\/files-tmb\/TJH5YU202-FNKK4SLG2-67a540ec22\/image_64.png?t=xoxe-629202954002-950795328464-950341379620-2ca7f74bb6537751ea5666f8f5e8896e",
                "thumb_80": "https:\/\/files.slack.com\/files-tmb\/TJH5YU202-FNKK4SLG2-67a540ec22\/image_80.png?t=xoxe-629202954002-950795328464-950341379620-2ca7f74bb6537751ea5666f8f5e8896e",
                "thumb_360": "https:\/\/files.slack.com\/files-tmb\/TJH5YU202-FNKK4SLG2-67a540ec22\/image_360.png?t=xoxe-629202954002-950795328464-950341379620-2ca7f74bb6537751ea5666f8f5e8896e",
                "thumb_360_w": 360,
                "thumb_360_h": 300,
                "thumb_480": "https:\/\/files.slack.com\/files-tmb\/TJH5YU202-FNKK4SLG2-67a540ec22\/image_480.png?t=xoxe-629202954002-950795328464-950341379620-2ca7f74bb6537751ea5666f8f5e8896e",
                "thumb_480_w": 480,
                "thumb_480_h": 400,
                "thumb_160": "https:\/\/files.slack.com\/files-tmb\/TJH5YU202-FNKK4SLG2-67a540ec22\/image_160.png?t=xoxe-629202954002-950795328464-950341379620-2ca7f74bb6537751ea5666f8f5e8896e",
                "thumb_720": "https:\/\/files.slack.com\/files-tmb\/TJH5YU202-FNKK4SLG2-67a540ec22\/image_720.png?t=xoxe-629202954002-950795328464-950341379620-2ca7f74bb6537751ea5666f8f5e8896e",
                "thumb_720_w": 720,
                "thumb_720_h": 599,
                "thumb_800": "https:\/\/files.slack.com\/files-tmb\/TJH5YU202-FNKK4SLG2-67a540ec22\/image_800.png?t=xoxe-629202954002-950795328464-950341379620-2ca7f74bb6537751ea5666f8f5e8896e",
                "thumb_800_w": 800,
                "thumb_800_h": 666,
                "thumb_960": "https:\/\/files.slack.com\/files-tmb\/TJH5YU202-FNKK4SLG2-67a540ec22\/image_960.png?t=xoxe-629202954002-950795328464-950341379620-2ca7f74bb6537751ea5666f8f5e8896e",
                "thumb_960_w": 960,
                "thumb_960_h": 799,
                "image_exif_rotation": 1,
                "original_w": 1021,
                "original_h": 850,
                "permalink": "https:\/\/harbourproject.slack.com\/files\/UJHD6A81H\/FNKK4SLG2\/image.png",
                "permalink_public": "https:\/\/slack-files.com\/TJH5YU202-FNKK4SLG2-2f7ba27bdb",
                "is_starred": false,
                "has_rich_preview": false
            }
        ],
        "upload": true,
        "user": "UJHD6A81H",
        "display_as_bot": false,
        "ts": "1569977423.379100",
        "client_msg_id": "21a67dd7-3c46-45cb-9330-eb95b678f73a"
    },
    {
        "type": "message",
        "text": "",
        "files": [
            {
                "id": "FNLTU4G03",
                "created": 1569977499,
                "timestamp": 1569977499,
                "name": "image.png",
                "title": "image.png",
                "mimetype": "image\/png",
                "filetype": "png",
                "pretty_type": "PNG",
                "user": "UJHD6A81H",
                "editable": false,
                "size": 1276764,
                "mode": "hosted",
                "is_external": false,
                "external_type": "",
                "is_public": true,
                "public_url_shared": false,
                "display_as_bot": false,
                "username": "",
                "url_private": "https:\/\/files.slack.com\/files-pri\/TJH5YU202-FNLTU4G03\/image.png?t=xoxe-629202954002-950795328464-950341379620-2ca7f74bb6537751ea5666f8f5e8896e",
                "url_private_download": "https:\/\/files.slack.com\/files-pri\/TJH5YU202-FNLTU4G03\/download\/image.png?t=xoxe-629202954002-950795328464-950341379620-2ca7f74bb6537751ea5666f8f5e8896e",
                "thumb_64": "https:\/\/files.slack.com\/files-tmb\/TJH5YU202-FNLTU4G03-6c1599a0a6\/image_64.png?t=xoxe-629202954002-950795328464-950341379620-2ca7f74bb6537751ea5666f8f5e8896e",
                "thumb_80": "https:\/\/files.slack.com\/files-tmb\/TJH5YU202-FNLTU4G03-6c1599a0a6\/image_80.png?t=xoxe-629202954002-950795328464-950341379620-2ca7f74bb6537751ea5666f8f5e8896e",
                "thumb_360": "https:\/\/files.slack.com\/files-tmb\/TJH5YU202-FNLTU4G03-6c1599a0a6\/image_360.png?t=xoxe-629202954002-950795328464-950341379620-2ca7f74bb6537751ea5666f8f5e8896e",
                "thumb_360_w": 360,
                "thumb_360_h": 249,
                "thumb_480": "https:\/\/files.slack.com\/files-tmb\/TJH5YU202-FNLTU4G03-6c1599a0a6\/image_480.png?t=xoxe-629202954002-950795328464-950341379620-2ca7f74bb6537751ea5666f8f5e8896e",
                "thumb_480_w": 480,
                "thumb_480_h": 332,
                "thumb_160": "https:\/\/files.slack.com\/files-tmb\/TJH5YU202-FNLTU4G03-6c1599a0a6\/image_160.png?t=xoxe-629202954002-950795328464-950341379620-2ca7f74bb6537751ea5666f8f5e8896e",
                "thumb_720": "https:\/\/files.slack.com\/files-tmb\/TJH5YU202-FNLTU4G03-6c1599a0a6\/image_720.png?t=xoxe-629202954002-950795328464-950341379620-2ca7f74bb6537751ea5666f8f5e8896e",
                "thumb_720_w": 720,
                "thumb_720_h": 497,
                "thumb_800": "https:\/\/files.slack.com\/files-tmb\/TJH5YU202-FNLTU4G03-6c1599a0a6\/image_800.png?t=xoxe-629202954002-950795328464-950341379620-2ca7f74bb6537751ea5666f8f5e8896e",
                "thumb_800_w": 800,
                "thumb_800_h": 553,
                "thumb_960": "https:\/\/files.slack.com\/files-tmb\/TJH5YU202-FNLTU4G03-6c1599a0a6\/image_960.png?t=xoxe-629202954002-950795328464-950341379620-2ca7f74bb6537751ea5666f8f5e8896e",
                "thumb_960_w": 960,
                "thumb_960_h": 663,
                "thumb_1024": "https:\/\/files.slack.com\/files-tmb\/TJH5YU202-FNLTU4G03-6c1599a0a6\/image_1024.png?t=xoxe-629202954002-950795328464-950341379620-2ca7f74bb6537751ea5666f8f5e8896e",
                "thumb_1024_w": 1024,
                "thumb_1024_h": 707,
                "image_exif_rotation": 1,
                "original_w": 1436,
                "original_h": 992,
                "permalink": "https:\/\/harbourproject.slack.com\/files\/UJHD6A81H\/FNLTU4G03\/image.png",
                "permalink_public": "https:\/\/slack-files.com\/TJH5YU202-FNLTU4G03-21a6fc88c8",
                "is_starred": false,
                "has_rich_preview": false
            }
        ],
        "upload": true,
        "user": "UJHD6A81H",
        "display_as_bot": false,
        "ts": "1569977503.379400",
        "client_msg_id": "2816d4b8-b11d-43e1-a072-0954c282de91"
    },
    {
        "client_msg_id": "6ed48d60-83d4-433a-b8de-f0d2dea2a3c4",
        "type": "message",
        "text": "next step is to create from text variables programmatically  and then create a database.",
        "user": "UJHD6A81H",
        "ts": "1569977608.380900",
        "team": "TJH5YU202",
        "user_team": "TJH5YU202",
        "source_team": "TJH5YU202",
        "user_profile": {
            "avatar_hash": "g6b8073e00e9",
            "image_72": "https:\/\/secure.gravatar.com\/avatar\/b96b8073e00e9eb02bcf05bc1418eb3a.jpg?s=72&d=https%3A%2F%2Fa.slack-edge.com%2Fdf10d%2Fimg%2Favatars%2Fava_0021-72.png",
            "first_name": "Otto",
            "real_name": "Otto Atzwanger",
            "display_name": "Otto",
            "team": "TJH5YU202",
            "name": "otto",
            "is_restricted": false,
            "is_ultra_restricted": false
        }
    },
    {
        "client_msg_id": "7e079603-6336-4349-83d1-0510f04724d0",
        "type": "message",
        "text": "splitting lines in TEXTAREA",
        "user": "UJHD6A81H",
        "ts": "1569978581.381300",
        "team": "TJH5YU202",
        "user_team": "TJH5YU202",
        "source_team": "TJH5YU202",
        "user_profile": {
            "avatar_hash": "g6b8073e00e9",
            "image_72": "https:\/\/secure.gravatar.com\/avatar\/b96b8073e00e9eb02bcf05bc1418eb3a.jpg?s=72&d=https%3A%2F%2Fa.slack-edge.com%2Fdf10d%2Fimg%2Favatars%2Fava_0021-72.png",
            "first_name": "Otto",
            "real_name": "Otto Atzwanger",
            "display_name": "Otto",
            "team": "TJH5YU202",
            "name": "otto",
            "is_restricted": false,
            "is_ultra_restricted": false
        }
    },
    {
        "client_msg_id": "39b96d28-e484-49b4-952e-788189c15bbb",
        "type": "message",
        "text": "I extended mod harbour patcher - now this code works fine and is patched to one line in the release",
        "user": "UJHD6A81H",
        "ts": "1569978629.382200",
        "team": "TJH5YU202",
        "user_team": "TJH5YU202",
        "source_team": "TJH5YU202",
        "user_profile": {
            "avatar_hash": "g6b8073e00e9",
            "image_72": "https:\/\/secure.gravatar.com\/avatar\/b96b8073e00e9eb02bcf05bc1418eb3a.jpg?s=72&d=https%3A%2F%2Fa.slack-edge.com%2Fdf10d%2Fimg%2Favatars%2Fava_0021-72.png",
            "first_name": "Otto",
            "real_name": "Otto Atzwanger",
            "display_name": "Otto",
            "team": "TJH5YU202",
            "name": "otto",
            "is_restricted": false,
            "is_ultra_restricted": false
        },
        "reactions": [
            {
                "name": "+1",
                "users": [
                    "UK28N3CER"
                ],
                "count": 1
            }
        ]
    },
    {
        "client_msg_id": "dd0db80e-68de-45b1-aa71-9d709a105044",
        "type": "message",
        "text": "-&gt;  schaut in neuer Datei nach\n&amp;-  entfernt leere Zeilen und CRLF\n-&amp;\n|-  sind Kommentare die nicht in das Release übernommen werden\n\n\n\n\n-&amp;\n\n|- das ist die Tabelle mit den freien Zimmern\n\n\n$(\".data-table tbody\")\n\n.append( \"\n\n&lt;tr data-menge='\" + value  +\"'\n\t\t|-  Kommentarzeile\n\t\tdata-beschreibung='\"+cBeschreibung+\"'\n\t\tdata-preis='\"+preis+\"'\n\t\tdata-id='\"+id+\"'&gt;\n\n\t&lt;td  style='visibility:hidden;'&gt;\" + id + \"&lt;\/td&gt;\n\t&lt;td&gt;\"+cmenge+\"&lt;\/td&gt;\n\t&lt;td&gt;\"+cBeschreibung+\"&lt;\/td&gt;\n\t&lt;td&gt;\"+email+\"&lt;\/td&gt;\n\t&lt;td&gt;\n\t&lt;button class='btn btn-info btn-xs btn-delete'&gt;Buchung entfernen&lt;\/button&gt;\n\t&lt;\/td&gt;\n\n&lt;\/tr&gt;\n\n\n\");\n\n-&amp;",
        "user": "UJHD6A81H",
        "ts": "1569978632.382400",
        "team": "TJH5YU202",
        "user_team": "TJH5YU202",
        "source_team": "TJH5YU202",
        "user_profile": {
            "avatar_hash": "g6b8073e00e9",
            "image_72": "https:\/\/secure.gravatar.com\/avatar\/b96b8073e00e9eb02bcf05bc1418eb3a.jpg?s=72&d=https%3A%2F%2Fa.slack-edge.com%2Fdf10d%2Fimg%2Favatars%2Fava_0021-72.png",
            "first_name": "Otto",
            "real_name": "Otto Atzwanger",
            "display_name": "Otto",
            "team": "TJH5YU202",
            "name": "otto",
            "is_restricted": false,
            "is_ultra_restricted": false
        }
    },
    {
        "client_msg_id": "653330ae-46d7-4549-99a7-7bbd9009d6ce",
        "type": "message",
        "text": "Hola Amigos",
        "user": "UJWU1NLQ6",
        "ts": "1569991380.382700",
        "team": "TJH5YU202",
        "user_team": "TJH5YU202",
        "source_team": "TJH5YU202",
        "user_profile": {
            "avatar_hash": "034d5c7f6e05",
            "image_72": "https:\/\/avatars.slack-edge.com\/2019-05-20\/640791937568_034d5c7f6e05e4dd4551_72.jpg",
            "first_name": "Lailton",
            "real_name": "Lailton Fernando Mariano",
            "display_name": "Lailton",
            "team": "TJH5YU202",
            "name": "lailton",
            "is_restricted": false,
            "is_ultra_restricted": false
        }
    },
    {
        "client_msg_id": "be7ca445-9934-4538-81c6-8eea47b5899d",
        "type": "message",
        "text": "tieno estado fora del grupo por estar con mucho trabajo pero sigo verificando los updates",
        "user": "UJWU1NLQ6",
        "ts": "1569991398.383200",
        "team": "TJH5YU202",
        "user_team": "TJH5YU202",
        "source_team": "TJH5YU202",
        "user_profile": {
            "avatar_hash": "034d5c7f6e05",
            "image_72": "https:\/\/avatars.slack-edge.com\/2019-05-20\/640791937568_034d5c7f6e05e4dd4551_72.jpg",
            "first_name": "Lailton",
            "real_name": "Lailton Fernando Mariano",
            "display_name": "Lailton",
            "team": "TJH5YU202",
            "name": "lailton",
            "is_restricted": false,
            "is_ultra_restricted": false
        }
    },
    {
        "client_msg_id": "bfe90a54-75eb-4cdc-bd68-620a2bf3c87e",
        "type": "message",
        "text": "bien para ajudar a quem esta iniciando con HTML\/JS aqui tiene un material con muchas informaciones de HTML\/JS\/MongoDB\/TS(TypeScript) y algunas coisas mas",
        "user": "UJWU1NLQ6",
        "ts": "1569991472.384600",
        "team": "TJH5YU202",
        "user_team": "TJH5YU202",
        "source_team": "TJH5YU202",
        "user_profile": {
            "avatar_hash": "034d5c7f6e05",
            "image_72": "https:\/\/avatars.slack-edge.com\/2019-05-20\/640791937568_034d5c7f6e05e4dd4551_72.jpg",
            "first_name": "Lailton",
            "real_name": "Lailton Fernando Mariano",
            "display_name": "Lailton",
            "team": "TJH5YU202",
            "name": "lailton",
            "is_restricted": false,
            "is_ultra_restricted": false
        }
    },
    {
        "client_msg_id": "74da5ea3-e242-4430-a514-799325731cac",
        "type": "message",
        "text": "bien aqui esta el link para download",
        "user": "UJWU1NLQ6",
        "ts": "1569991483.385000",
        "team": "TJH5YU202",
        "user_team": "TJH5YU202",
        "source_team": "TJH5YU202",
        "user_profile": {
            "avatar_hash": "034d5c7f6e05",
            "image_72": "https:\/\/avatars.slack-edge.com\/2019-05-20\/640791937568_034d5c7f6e05e4dd4551_72.jpg",
            "first_name": "Lailton",
            "real_name": "Lailton Fernando Mariano",
            "display_name": "Lailton",
            "team": "TJH5YU202",
            "name": "lailton",
            "is_restricted": false,
            "is_ultra_restricted": false
        }
    },
    {
        "client_msg_id": "7c24fb3a-d7e8-4e66-9657-262aa2dc738e",
        "type": "message",
        "text": "<https:\/\/www.4shared.com\/s\/fdWEF5J2-fi>",
        "user": "UJWU1NLQ6",
        "ts": "1569991484.385200",
        "team": "TJH5YU202",
        "user_team": "TJH5YU202",
        "source_team": "TJH5YU202",
        "user_profile": {
            "avatar_hash": "034d5c7f6e05",
            "image_72": "https:\/\/avatars.slack-edge.com\/2019-05-20\/640791937568_034d5c7f6e05e4dd4551_72.jpg",
            "first_name": "Lailton",
            "real_name": "Lailton Fernando Mariano",
            "display_name": "Lailton",
            "team": "TJH5YU202",
            "name": "lailton",
            "is_restricted": false,
            "is_ultra_restricted": false
        },
        "attachments": [
            {
                "title": "curso-JS-NODE-TS - Download - 4shared - Lailton",
                "title_link": "https:\/\/www.4shared.com\/s\/fdWEF5J2-fi",
                "text": "Download curso-JS-NODE-TS at 4shared free online storage service",
                "fallback": "curso-JS-NODE-TS - Download - 4shared - Lailton",
                "from_url": "https:\/\/www.4shared.com\/s\/fdWEF5J2-fi",
                "service_icon": "https:\/\/www.4shared.com\/favicon.ico",
                "service_name": "4shared.com",
                "id": 1,
                "original_url": "https:\/\/www.4shared.com\/s\/fdWEF5J2-fi"
            }
        ]
    },
    {
        "client_msg_id": "1ceb4768-02fd-4dfb-b458-11bd77015b23",
        "type": "message",
        "text": "espero que ajude en alguna cosa :slightly_smiling_face:",
        "user": "UJWU1NLQ6",
        "ts": "1569991490.385500",
        "team": "TJH5YU202",
        "user_team": "TJH5YU202",
        "source_team": "TJH5YU202",
        "user_profile": {
            "avatar_hash": "034d5c7f6e05",
            "image_72": "https:\/\/avatars.slack-edge.com\/2019-05-20\/640791937568_034d5c7f6e05e4dd4551_72.jpg",
            "first_name": "Lailton",
            "real_name": "Lailton Fernando Mariano",
            "display_name": "Lailton",
            "team": "TJH5YU202",
            "name": "lailton",
            "is_restricted": false,
            "is_ultra_restricted": false
        }
    },
    {
        "client_msg_id": "4b849404-e7a3-40f1-8465-9a167a20fd2d",
        "type": "message",
        "text": "Bon dia joves !",
        "user": "UJWR5N32S",
        "ts": "1569993625.385700",
        "team": "TJH5YU202",
        "user_team": "TJH5YU202",
        "source_team": "TJH5YU202",
        "user_profile": {
            "avatar_hash": "273d3745f7ae",
            "image_72": "https:\/\/avatars.slack-edge.com\/2019-05-20\/634344238497_273d3745f7ae1b176b82_72.jpg",
            "first_name": "Charly",
            "real_name": "Charly",
            "display_name": "Charly",
            "team": "TJH5YU202",
            "name": "carles9000",
            "is_restricted": false,
            "is_ultra_restricted": false
        }
    },
    {
        "client_msg_id": "254dcf2e-f238-466c-9231-51a1954b5a92",
        "type": "message",
        "text": "buenos dias :sunny:",
        "user": "UJN8D8U3B",
        "ts": "1569994541.386000",
        "team": "TJH5YU202",
        "user_team": "TJH5YU202",
        "source_team": "TJH5YU202",
        "user_profile": {
            "avatar_hash": "g92ad2abcc45",
            "image_72": "https:\/\/secure.gravatar.com\/avatar\/8492ad2abcc45ce53969adcf8420acde.jpg?s=72&d=https%3A%2F%2Fa.slack-edge.com%2Fdf10d%2Fimg%2Favatars%2Fava_0008-72.png",
            "first_name": "",
            "real_name": "Antonio Linares",
            "display_name": "Antonio Linares",
            "team": "TJH5YU202",
            "name": "alinares",
            "is_restricted": false,
            "is_ultra_restricted": false
        }
    },
    {
        "client_msg_id": "9a7d9379-7598-4d8f-a640-cd8f23103d24",
        "type": "message",
        "text": "<http:\/\/forums.fivetechsupport.com\/viewtopic.php?f=3&amp;t=37815>",
        "user": "UJHD6A81H",
        "ts": "1569997309.386200",
        "team": "TJH5YU202",
        "user_team": "TJH5YU202",
        "source_team": "TJH5YU202",
        "user_profile": {
            "avatar_hash": "g6b8073e00e9",
            "image_72": "https:\/\/secure.gravatar.com\/avatar\/b96b8073e00e9eb02bcf05bc1418eb3a.jpg?s=72&d=https%3A%2F%2Fa.slack-edge.com%2Fdf10d%2Fimg%2Favatars%2Fava_0021-72.png",
            "first_name": "Otto",
            "real_name": "Otto Atzwanger",
            "display_name": "Otto",
            "team": "TJH5YU202",
            "name": "otto",
            "is_restricted": false,
            "is_ultra_restricted": false
        }
    },
    {
        "client_msg_id": "107ac800-4708-4a26-a890-0f41e60fa8a7",
        "type": "message",
        "text": "Otto, simply great! I had not see it until now :slightly_smiling_face:",
        "user": "UJN8D8U3B",
        "ts": "1569998341.386700",
        "team": "TJH5YU202",
        "user_team": "TJH5YU202",
        "source_team": "TJH5YU202",
        "user_profile": {
            "avatar_hash": "g92ad2abcc45",
            "image_72": "https:\/\/secure.gravatar.com\/avatar\/8492ad2abcc45ce53969adcf8420acde.jpg?s=72&d=https%3A%2F%2Fa.slack-edge.com%2Fdf10d%2Fimg%2Favatars%2Fava_0008-72.png",
            "first_name": "",
            "real_name": "Antonio Linares",
            "display_name": "Antonio Linares",
            "team": "TJH5YU202",
            "name": "alinares",
            "is_restricted": false,
            "is_ultra_restricted": false
        }
    }
]