[
    {
        "client_msg_id": "c7b5b922-7753-421a-bc00-39c3bb84ac72",
        "type": "message",
        "text": "Buenos días",
        "user": "UJULAGJG5",
        "ts": "1572593919.045800",
        "team": "TJH5YU202",
        "user_team": "TJH5YU202",
        "source_team": "TJH5YU202",
        "user_profile": {
            "avatar_hash": "g456e0b2cdb9",
            "image_72": "https:\/\/secure.gravatar.com\/avatar\/dc456e0b2cdb991048d487a08c4a8c7a.jpg?s=72&d=https%3A%2F%2Fa.slack-edge.com%2Fdf10d%2Fimg%2Favatars%2Fava_0004-72.png",
            "first_name": "",
            "real_name": "Gabriel",
            "display_name": "Gabriel",
            "team": "TJH5YU202",
            "name": "jgabri",
            "is_restricted": false,
            "is_ultra_restricted": false
        }
    },
    {
        "client_msg_id": "07A23F8A-56A5-469F-B4C5-2FAECED9C61C",
        "type": "message",
        "text": "Buenos días",
        "user": "UJH8DPY58",
        "ts": "1572595942.046100",
        "team": "TJH5YU202",
        "user_team": "TJH5YU202",
        "source_team": "TJH5YU202",
        "user_profile": {
            "avatar_hash": "g1cac88c496c",
            "image_72": "https:\/\/secure.gravatar.com\/avatar\/451cac88c496c2cec0b934a281b6eb94.jpg?s=72&d=https%3A%2F%2Fa.slack-edge.com%2Fdf10d%2Fimg%2Favatars%2Fava_0020-72.png",
            "first_name": "",
            "real_name": "Juan Pastor",
            "display_name": "",
            "team": "TJH5YU202",
            "name": "jpastor68",
            "is_restricted": false,
            "is_ultra_restricted": false
        }
    },
    {
        "client_msg_id": "72b6e05e-097b-482c-bcae-dbda395d1dc7",
        "type": "message",
        "text": "Bon dia nois...",
        "user": "UJWR5N32S",
        "ts": "1572598458.046700",
        "team": "TJH5YU202",
        "user_team": "TJH5YU202",
        "source_team": "TJH5YU202",
        "user_profile": {
            "avatar_hash": "273d3745f7ae",
            "image_72": "https:\/\/avatars.slack-edge.com\/2019-05-20\/634344238497_273d3745f7ae1b176b82_72.jpg",
            "first_name": "Charly",
            "real_name": "Charly",
            "display_name": "Charly",
            "team": "TJH5YU202",
            "name": "carles9000",
            "is_restricted": false,
            "is_ultra_restricted": false
        }
    },
    {
        "client_msg_id": "d1777c9d-e8da-4f8d-80b4-dd2884b9a5f8",
        "type": "message",
        "text": "he averiguado el tema y me dicen que el xampp de 32b es el mismo para 64b en windows, es cierto eso?",
        "user": "UPMFPTAFR",
        "ts": "1572605403.046800",
        "team": "TJH5YU202",
        "user_team": "TJH5YU202",
        "source_team": "TJH5YU202",
        "user_profile": {
            "avatar_hash": "g3951babdbb8",
            "image_72": "https:\/\/secure.gravatar.com\/avatar\/3951babdbb8af2e63cce9b155450b35a.jpg?s=72&d=https%3A%2F%2Fa.slack-edge.com%2Fdf10d%2Fimg%2Favatars%2Fava_0005-72.png",
            "first_name": "",
            "real_name": "alfredo salas",
            "display_name": "alfredo salas",
            "team": "TJH5YU202",
            "name": "alfredosa64",
            "is_restricted": false,
            "is_ultra_restricted": false
        },
        "thread_ts": "1571857624.053100",
        "parent_user_id": "UPMFPTAFR"
    },
    {
        "client_msg_id": "D5D8136B-A46A-4C8E-A5CF-FB2C8D06C9D3",
        "type": "message",
        "text": "Buen día a todos. Alguno uso websockets con modharbour?",
        "user": "UJRQZMTAM",
        "ts": "1572611259.047800",
        "team": "TJH5YU202",
        "user_team": "TJH5YU202",
        "source_team": "TJH5YU202",
        "user_profile": {
            "avatar_hash": "0d8c567df084",
            "image_72": "https:\/\/avatars.slack-edge.com\/2019-11-22\/834908722243_0d8c567df084bf59d639_72.png",
            "first_name": "Diego",
            "real_name": "Diego F",
            "display_name": "Diego F",
            "team": "TJH5YU202",
            "name": "diegohfazio",
            "is_restricted": false,
            "is_ultra_restricted": false
        }
    },
    {
        "client_msg_id": "A8AEE29F-8A57-4495-9E99-2422BC497BAB",
        "type": "message",
        "text": "Tengo un proyecto hecho con arduino el cual lo uso actualmente con websocket. Y mi idea es poder tomar los datos con modharbour. Con ajax funciona perfecto. Pero aun no probe con websocket.",
        "user": "UJRQZMTAM",
        "ts": "1572611402.050300",
        "team": "TJH5YU202",
        "user_team": "TJH5YU202",
        "source_team": "TJH5YU202",
        "user_profile": {
            "avatar_hash": "0d8c567df084",
            "image_72": "https:\/\/avatars.slack-edge.com\/2019-11-22\/834908722243_0d8c567df084bf59d639_72.png",
            "first_name": "Diego",
            "real_name": "Diego F",
            "display_name": "Diego F",
            "team": "TJH5YU202",
            "name": "diegohfazio",
            "is_restricted": false,
            "is_ultra_restricted": false
        }
    },
    {
        "client_msg_id": "05353570-fe26-4fd7-a9ee-b62591a01ee8",
        "type": "message",
        "text": "Por eso necesitas el debug.... :wink:",
        "user": "UJWR5N32S",
        "ts": "1572612047.050900",
        "team": "TJH5YU202",
        "user_team": "TJH5YU202",
        "source_team": "TJH5YU202",
        "user_profile": {
            "avatar_hash": "273d3745f7ae",
            "image_72": "https:\/\/avatars.slack-edge.com\/2019-05-20\/634344238497_273d3745f7ae1b176b82_72.jpg",
            "first_name": "Charly",
            "real_name": "Charly",
            "display_name": "Charly",
            "team": "TJH5YU202",
            "name": "carles9000",
            "is_restricted": false,
            "is_ultra_restricted": false
        }
    },
    {
        "client_msg_id": "199F2B05-0B7A-42DD-BFE9-78618CE88AC9",
        "type": "message",
        "text": "Exactamente",
        "user": "UJRQZMTAM",
        "ts": "1572612128.051100",
        "team": "TJH5YU202",
        "user_team": "TJH5YU202",
        "source_team": "TJH5YU202",
        "user_profile": {
            "avatar_hash": "0d8c567df084",
            "image_72": "https:\/\/avatars.slack-edge.com\/2019-11-22\/834908722243_0d8c567df084bf59d639_72.png",
            "first_name": "Diego",
            "real_name": "Diego F",
            "display_name": "Diego F",
            "team": "TJH5YU202",
            "name": "diegohfazio",
            "is_restricted": false,
            "is_ultra_restricted": false
        }
    },
    {
        "client_msg_id": "3A5210E9-DCDE-494A-B2E5-1B202D0BFDAC",
        "type": "message",
        "text": "Igual por ahora con la consola safo bastante. ",
        "user": "UJRQZMTAM",
        "ts": "1572612249.052400",
        "team": "TJH5YU202",
        "user_team": "TJH5YU202",
        "source_team": "TJH5YU202",
        "user_profile": {
            "avatar_hash": "0d8c567df084",
            "image_72": "https:\/\/avatars.slack-edge.com\/2019-11-22\/834908722243_0d8c567df084bf59d639_72.png",
            "first_name": "Diego",
            "real_name": "Diego F",
            "display_name": "Diego F",
            "team": "TJH5YU202",
            "name": "diegohfazio",
            "is_restricted": false,
            "is_ultra_restricted": false
        }
    },
    {
        "client_msg_id": "6b08d3b3-2eb7-4086-babc-a7b3d88536ac",
        "type": "message",
        "text": "Diego ya llegaremos, seguro. Por cierto...",
        "user": "UJWR5N32S",
        "ts": "1572612423.053000",
        "team": "TJH5YU202",
        "user_team": "TJH5YU202",
        "source_team": "TJH5YU202",
        "user_profile": {
            "avatar_hash": "273d3745f7ae",
            "image_72": "https:\/\/avatars.slack-edge.com\/2019-05-20\/634344238497_273d3745f7ae1b176b82_72.jpg",
            "first_name": "Charly",
            "real_name": "Charly",
            "display_name": "Charly",
            "team": "TJH5YU202",
            "name": "carles9000",
            "is_restricted": false,
            "is_ultra_restricted": false
        }
    },
    {
        "client_msg_id": "96972644-abe5-43fe-b6ae-894e70ac7609",
        "type": "message",
        "text": "Vete preparando alguna charla sobre arduino, como montarlos, q podemos llegar hacer,...",
        "user": "UJWR5N32S",
        "ts": "1572612455.053900",
        "team": "TJH5YU202",
        "user_team": "TJH5YU202",
        "source_team": "TJH5YU202",
        "user_profile": {
            "avatar_hash": "273d3745f7ae",
            "image_72": "https:\/\/avatars.slack-edge.com\/2019-05-20\/634344238497_273d3745f7ae1b176b82_72.jpg",
            "first_name": "Charly",
            "real_name": "Charly",
            "display_name": "Charly",
            "team": "TJH5YU202",
            "name": "carles9000",
            "is_restricted": false,
            "is_ultra_restricted": false
        }
    },
    {
        "client_msg_id": "ddea0ebd-18d6-488e-9f4c-8868e255493b",
        "type": "message",
        "text": "Me apasiona el tema y te necesito :stuck_out_tongue:",
        "user": "UJWR5N32S",
        "ts": "1572612470.054300",
        "team": "TJH5YU202",
        "user_team": "TJH5YU202",
        "source_team": "TJH5YU202",
        "user_profile": {
            "avatar_hash": "273d3745f7ae",
            "image_72": "https:\/\/avatars.slack-edge.com\/2019-05-20\/634344238497_273d3745f7ae1b176b82_72.jpg",
            "first_name": "Charly",
            "real_name": "Charly",
            "display_name": "Charly",
            "team": "TJH5YU202",
            "name": "carles9000",
            "is_restricted": false,
            "is_ultra_restricted": false
        }
    },
    {
        "client_msg_id": "277dcb0a-d994-442d-8fa8-0ea8a1808b6b",
        "type": "message",
        "text": "Mes q viene te montas alguna sesion para la tropa",
        "user": "UJWR5N32S",
        "ts": "1572612491.054800",
        "team": "TJH5YU202",
        "user_team": "TJH5YU202",
        "source_team": "TJH5YU202",
        "user_profile": {
            "avatar_hash": "273d3745f7ae",
            "image_72": "https:\/\/avatars.slack-edge.com\/2019-05-20\/634344238497_273d3745f7ae1b176b82_72.jpg",
            "first_name": "Charly",
            "real_name": "Charly",
            "display_name": "Charly",
            "team": "TJH5YU202",
            "name": "carles9000",
            "is_restricted": false,
            "is_ultra_restricted": false
        }
    },
    {
        "client_msg_id": "94fabe5f-93ce-40c7-aa8d-246cdeaa62d8",
        "type": "message",
        "text": "Como lo ves ?",
        "user": "UJWR5N32S",
        "ts": "1572612497.055100",
        "team": "TJH5YU202",
        "user_team": "TJH5YU202",
        "source_team": "TJH5YU202",
        "user_profile": {
            "avatar_hash": "273d3745f7ae",
            "image_72": "https:\/\/avatars.slack-edge.com\/2019-05-20\/634344238497_273d3745f7ae1b176b82_72.jpg",
            "first_name": "Charly",
            "real_name": "Charly",
            "display_name": "Charly",
            "team": "TJH5YU202",
            "name": "carles9000",
            "is_restricted": false,
            "is_ultra_restricted": false
        }
    },
    {
        "client_msg_id": "b11f084f-1bf9-4eca-a866-35819c6828ef",
        "type": "message",
        "text": ":thinking_face:",
        "user": "UJWR5N32S",
        "ts": "1572612502.055200",
        "team": "TJH5YU202",
        "user_team": "TJH5YU202",
        "source_team": "TJH5YU202",
        "user_profile": {
            "avatar_hash": "273d3745f7ae",
            "image_72": "https:\/\/avatars.slack-edge.com\/2019-05-20\/634344238497_273d3745f7ae1b176b82_72.jpg",
            "first_name": "Charly",
            "real_name": "Charly",
            "display_name": "Charly",
            "team": "TJH5YU202",
            "name": "carles9000",
            "is_restricted": false,
            "is_ultra_restricted": false
        }
    },
    {
        "client_msg_id": "0d6092c1-7968-43c1-bf29-4573e1c173ab",
        "type": "message",
        "text": "buenos dias, que interesante esto de arduino",
        "user": "UJUFNFMFE",
        "ts": "1572612738.055800",
        "team": "TJH5YU202",
        "user_team": "TJH5YU202",
        "source_team": "TJH5YU202",
        "user_profile": {
            "avatar_hash": "aa4e40c137f0",
            "image_72": "https:\/\/avatars.slack-edge.com\/2019-05-21\/630419446595_aa4e40c137f03c23b9cd_72.jpg",
            "first_name": "Marcelo",
            "real_name": "Marcelo Roggeri",
            "display_name": "Marcelo Roggeri",
            "team": "TJH5YU202",
            "name": "roggerimarcelo",
            "is_restricted": false,
            "is_ultra_restricted": false
        }
    },
    {
        "client_msg_id": "7f8fd0dd-6503-41df-90f9-d553f58396ea",
        "type": "message",
        "text": "Charly....actualmente tengo esto",
        "user": "UJRQZMTAM",
        "ts": "1572613003.056100",
        "team": "TJH5YU202",
        "user_team": "TJH5YU202",
        "source_team": "TJH5YU202",
        "user_profile": {
            "avatar_hash": "0d8c567df084",
            "image_72": "https:\/\/avatars.slack-edge.com\/2019-11-22\/834908722243_0d8c567df084bf59d639_72.png",
            "first_name": "Diego",
            "real_name": "Diego F",
            "display_name": "Diego F",
            "team": "TJH5YU202",
            "name": "diegohfazio",
            "is_restricted": false,
            "is_ultra_restricted": false
        }
    },
    {
        "type": "message",
        "text": "",
        "files": [
            {
                "id": "FPU3WTZS5",
                "created": 1572613009,
                "timestamp": 1572613009,
                "name": "image.png",
                "title": "image.png",
                "mimetype": "image\/png",
                "filetype": "png",
                "pretty_type": "PNG",
                "user": "UJRQZMTAM",
                "editable": false,
                "size": 109356,
                "mode": "hosted",
                "is_external": false,
                "external_type": "",
                "is_public": true,
                "public_url_shared": false,
                "display_as_bot": false,
                "username": "",
                "url_private": "https:\/\/files.slack.com\/files-pri\/TJH5YU202-FPU3WTZS5\/image.png?t=xoxe-629202954002-950795328464-950341379620-2ca7f74bb6537751ea5666f8f5e8896e",
                "url_private_download": "https:\/\/files.slack.com\/files-pri\/TJH5YU202-FPU3WTZS5\/download\/image.png?t=xoxe-629202954002-950795328464-950341379620-2ca7f74bb6537751ea5666f8f5e8896e",
                "thumb_64": "https:\/\/files.slack.com\/files-tmb\/TJH5YU202-FPU3WTZS5-aeef92404d\/image_64.png?t=xoxe-629202954002-950795328464-950341379620-2ca7f74bb6537751ea5666f8f5e8896e",
                "thumb_80": "https:\/\/files.slack.com\/files-tmb\/TJH5YU202-FPU3WTZS5-aeef92404d\/image_80.png?t=xoxe-629202954002-950795328464-950341379620-2ca7f74bb6537751ea5666f8f5e8896e",
                "thumb_360": "https:\/\/files.slack.com\/files-tmb\/TJH5YU202-FPU3WTZS5-aeef92404d\/image_360.png?t=xoxe-629202954002-950795328464-950341379620-2ca7f74bb6537751ea5666f8f5e8896e",
                "thumb_360_w": 360,
                "thumb_360_h": 236,
                "thumb_480": "https:\/\/files.slack.com\/files-tmb\/TJH5YU202-FPU3WTZS5-aeef92404d\/image_480.png?t=xoxe-629202954002-950795328464-950341379620-2ca7f74bb6537751ea5666f8f5e8896e",
                "thumb_480_w": 480,
                "thumb_480_h": 315,
                "thumb_160": "https:\/\/files.slack.com\/files-tmb\/TJH5YU202-FPU3WTZS5-aeef92404d\/image_160.png?t=xoxe-629202954002-950795328464-950341379620-2ca7f74bb6537751ea5666f8f5e8896e",
                "thumb_720": "https:\/\/files.slack.com\/files-tmb\/TJH5YU202-FPU3WTZS5-aeef92404d\/image_720.png?t=xoxe-629202954002-950795328464-950341379620-2ca7f74bb6537751ea5666f8f5e8896e",
                "thumb_720_w": 720,
                "thumb_720_h": 472,
                "thumb_800": "https:\/\/files.slack.com\/files-tmb\/TJH5YU202-FPU3WTZS5-aeef92404d\/image_800.png?t=xoxe-629202954002-950795328464-950341379620-2ca7f74bb6537751ea5666f8f5e8896e",
                "thumb_800_w": 800,
                "thumb_800_h": 525,
                "thumb_960": "https:\/\/files.slack.com\/files-tmb\/TJH5YU202-FPU3WTZS5-aeef92404d\/image_960.png?t=xoxe-629202954002-950795328464-950341379620-2ca7f74bb6537751ea5666f8f5e8896e",
                "thumb_960_w": 960,
                "thumb_960_h": 630,
                "image_exif_rotation": 1,
                "original_w": 1014,
                "original_h": 665,
                "thumb_tiny": "AwAfADDSxTTwafTT1+tACZpc+lIeTjtR356UAKCDwaXA9KReTTqACmMafSY5zQA08dPyo6n1PpTsc5zRjnOaAEXrgHinUgGO9LQB\/9k=",
                "permalink": "https:\/\/harbourproject.slack.com\/files\/UJRQZMTAM\/FPU3WTZS5\/image.png",
                "permalink_public": "https:\/\/slack-files.com\/TJH5YU202-FPU3WTZS5-47e1b8334c",
                "is_starred": false,
                "has_rich_preview": false
            }
        ],
        "upload": true,
        "user": "UJRQZMTAM",
        "display_as_bot": false,
        "ts": "1572613012.056200",
        "client_msg_id": "4c2e1266-ded9-48cd-810a-4591be43b792"
    },
    {
        "client_msg_id": "8dec8205-49a0-45cc-9950-5c6193027059",
        "type": "message",
        "text": "eso son 4 secaderos de Jamones crudos",
        "user": "UJRQZMTAM",
        "ts": "1572613030.056800",
        "team": "TJH5YU202",
        "user_team": "TJH5YU202",
        "source_team": "TJH5YU202",
        "user_profile": {
            "avatar_hash": "0d8c567df084",
            "image_72": "https:\/\/avatars.slack-edge.com\/2019-11-22\/834908722243_0d8c567df084bf59d639_72.png",
            "first_name": "Diego",
            "real_name": "Diego F",
            "display_name": "Diego F",
            "team": "TJH5YU202",
            "name": "diegohfazio",
            "is_restricted": false,
            "is_ultra_restricted": false
        }
    },
    {
        "client_msg_id": "9a16a910-ee5b-4013-85fb-6b8bb1b31eca",
        "type": "message",
        "text": "cada uno tiene un sensor de temperatura\/humedad el cual monitoreo\/controlo por web",
        "user": "UJRQZMTAM",
        "ts": "1572613057.057500",
        "team": "TJH5YU202",
        "user_team": "TJH5YU202",
        "source_team": "TJH5YU202",
        "user_profile": {
            "avatar_hash": "0d8c567df084",
            "image_72": "https:\/\/avatars.slack-edge.com\/2019-11-22\/834908722243_0d8c567df084bf59d639_72.png",
            "first_name": "Diego",
            "real_name": "Diego F",
            "display_name": "Diego F",
            "team": "TJH5YU202",
            "name": "diegohfazio",
            "is_restricted": false,
            "is_ultra_restricted": false
        }
    },
    {
        "client_msg_id": "e8c7d6b1-4b5f-454f-b40c-f33e49097971",
        "type": "message",
        "text": "los sensores estan conectados a un arduino. Este sirve a modharbour con ajax esos datos",
        "user": "UJRQZMTAM",
        "ts": "1572613081.058000",
        "team": "TJH5YU202",
        "user_team": "TJH5YU202",
        "source_team": "TJH5YU202",
        "user_profile": {
            "avatar_hash": "0d8c567df084",
            "image_72": "https:\/\/avatars.slack-edge.com\/2019-11-22\/834908722243_0d8c567df084bf59d639_72.png",
            "first_name": "Diego",
            "real_name": "Diego F",
            "display_name": "Diego F",
            "team": "TJH5YU202",
            "name": "diegohfazio",
            "is_restricted": false,
            "is_ultra_restricted": false
        }
    },
    {
        "client_msg_id": "5741fad5-9296-4f6a-af9f-6c517b90ce09",
        "type": "message",
        "text": "y yo me conecto a apache(modharbour) y obtengo ese \"monitor\" del estado de los 4 secaderos",
        "user": "UJRQZMTAM",
        "ts": "1572613115.058700",
        "team": "TJH5YU202",
        "user_team": "TJH5YU202",
        "source_team": "TJH5YU202",
        "user_profile": {
            "avatar_hash": "0d8c567df084",
            "image_72": "https:\/\/avatars.slack-edge.com\/2019-11-22\/834908722243_0d8c567df084bf59d639_72.png",
            "first_name": "Diego",
            "real_name": "Diego F",
            "display_name": "Diego F",
            "team": "TJH5YU202",
            "name": "diegohfazio",
            "is_restricted": false,
            "is_ultra_restricted": false
        }
    },
    {
        "client_msg_id": "76d6c5fd-6283-43fc-8ca9-dc6a1e3aaac9",
        "type": "message",
        "text": "los relojes los saque de la web. Son Javascript\/Css. Muy simple el codigo",
        "user": "UJRQZMTAM",
        "ts": "1572613173.059200",
        "team": "TJH5YU202",
        "user_team": "TJH5YU202",
        "source_team": "TJH5YU202",
        "user_profile": {
            "avatar_hash": "0d8c567df084",
            "image_72": "https:\/\/avatars.slack-edge.com\/2019-11-22\/834908722243_0d8c567df084bf59d639_72.png",
            "first_name": "Diego",
            "real_name": "Diego F",
            "display_name": "Diego F",
            "team": "TJH5YU202",
            "name": "diegohfazio",
            "is_restricted": false,
            "is_ultra_restricted": false
        }
    },
    {
        "client_msg_id": "cb79df3e-bc44-43ac-bcd2-ef05bac305f6",
        "type": "message",
        "text": "se van actualizando cada 4seg",
        "user": "UJRQZMTAM",
        "ts": "1572613184.059400",
        "team": "TJH5YU202",
        "user_team": "TJH5YU202",
        "source_team": "TJH5YU202",
        "user_profile": {
            "avatar_hash": "0d8c567df084",
            "image_72": "https:\/\/avatars.slack-edge.com\/2019-11-22\/834908722243_0d8c567df084bf59d639_72.png",
            "first_name": "Diego",
            "real_name": "Diego F",
            "display_name": "Diego F",
            "team": "TJH5YU202",
            "name": "diegohfazio",
            "is_restricted": false,
            "is_ultra_restricted": false
        }
    },
    {
        "client_msg_id": "5db72076-ea04-4129-932f-1065fdba9aec",
        "type": "message",
        "text": "a esto mi cliente accede tanto via red interna como desde su casa",
        "user": "UJRQZMTAM",
        "ts": "1572613221.059900",
        "team": "TJH5YU202",
        "user_team": "TJH5YU202",
        "source_team": "TJH5YU202",
        "user_profile": {
            "avatar_hash": "0d8c567df084",
            "image_72": "https:\/\/avatars.slack-edge.com\/2019-11-22\/834908722243_0d8c567df084bf59d639_72.png",
            "first_name": "Diego",
            "real_name": "Diego F",
            "display_name": "Diego F",
            "team": "TJH5YU202",
            "name": "diegohfazio",
            "is_restricted": false,
            "is_ultra_restricted": false
        }
    },
    {
        "client_msg_id": "ee7a3822-bf52-4cb3-815b-5b208b1ff083",
        "type": "message",
        "text": "desde otra pantalla seteo los valores deseados de temperatura\/humedad y estos valores se almacenan en el arduino. Y este se encarga de activar o desactivar Relays, controlando asi el ambiente.",
        "user": "UJRQZMTAM",
        "ts": "1572613372.061400",
        "team": "TJH5YU202",
        "user_team": "TJH5YU202",
        "source_team": "TJH5YU202",
        "user_profile": {
            "avatar_hash": "0d8c567df084",
            "image_72": "https:\/\/avatars.slack-edge.com\/2019-11-22\/834908722243_0d8c567df084bf59d639_72.png",
            "first_name": "Diego",
            "real_name": "Diego F",
            "display_name": "Diego F",
            "team": "TJH5YU202",
            "name": "diegohfazio",
            "is_restricted": false,
            "is_ultra_restricted": false
        }
    },
    {
        "client_msg_id": "1df126b3-bfda-4d80-bac2-0dd13297589c",
        "type": "message",
        "text": "Estuve trabajando estas semanas todo lo que se refiere a PWA. Y la verdad tanto yo como especialmente mi cliente quedo muy confirme. Ya que a el le quedo una \"aplicacion\" por asi decirlo en su telefono y se ve perfecto! Y usa IOS. Solamente hay que agregar codigo javascript al html y ya te queda la PWA armada. En IOS se puede agregar el icono incluso y para el usuario es una app mas. Cero problemas de incompatibilidad entre IOS\/Android. El mismo codigo funciona para ambos.",
        "user": "UJRQZMTAM",
        "ts": "1572613623.064100",
        "team": "TJH5YU202",
        "user_team": "TJH5YU202",
        "source_team": "TJH5YU202",
        "user_profile": {
            "avatar_hash": "0d8c567df084",
            "image_72": "https:\/\/avatars.slack-edge.com\/2019-11-22\/834908722243_0d8c567df084bf59d639_72.png",
            "first_name": "Diego",
            "real_name": "Diego F",
            "display_name": "Diego F",
            "team": "TJH5YU202",
            "name": "diegohfazio",
            "is_restricted": false,
            "is_ultra_restricted": false
        }
    },
    {
        "client_msg_id": "c4b2bb80-7387-4afc-947d-20c536b23043",
        "type": "message",
        "text": "que bueno Diego.  espectacular!!!",
        "user": "UJUFNFMFE",
        "ts": "1572614754.064600",
        "team": "TJH5YU202",
        "user_team": "TJH5YU202",
        "source_team": "TJH5YU202",
        "user_profile": {
            "avatar_hash": "aa4e40c137f0",
            "image_72": "https:\/\/avatars.slack-edge.com\/2019-05-21\/630419446595_aa4e40c137f03c23b9cd_72.jpg",
            "first_name": "Marcelo",
            "real_name": "Marcelo Roggeri",
            "display_name": "Marcelo Roggeri",
            "team": "TJH5YU202",
            "name": "roggerimarcelo",
            "is_restricted": false,
            "is_ultra_restricted": false
        }
    },
    {
        "client_msg_id": "1426A98A-3152-436D-B9D5-08751040FEF4",
        "type": "message",
        "text": "Cualquier consulta respecto a automatizacion o IOT, estoy a vuestra disposición. ",
        "user": "UJRQZMTAM",
        "ts": "1572614843.066000",
        "team": "TJH5YU202",
        "user_team": "TJH5YU202",
        "source_team": "TJH5YU202",
        "user_profile": {
            "avatar_hash": "0d8c567df084",
            "image_72": "https:\/\/avatars.slack-edge.com\/2019-11-22\/834908722243_0d8c567df084bf59d639_72.png",
            "first_name": "Diego",
            "real_name": "Diego F",
            "display_name": "Diego F",
            "team": "TJH5YU202",
            "name": "diegohfazio",
            "is_restricted": false,
            "is_ultra_restricted": false
        }
    },
    {
        "client_msg_id": "fd39919e-c8a4-443e-90c6-ff7200db55b7",
        "type": "message",
        "text": "gracias Diego",
        "user": "UJUFNFMFE",
        "ts": "1572616841.066200",
        "team": "TJH5YU202",
        "user_team": "TJH5YU202",
        "source_team": "TJH5YU202",
        "user_profile": {
            "avatar_hash": "aa4e40c137f0",
            "image_72": "https:\/\/avatars.slack-edge.com\/2019-05-21\/630419446595_aa4e40c137f03c23b9cd_72.jpg",
            "first_name": "Marcelo",
            "real_name": "Marcelo Roggeri",
            "display_name": "Marcelo Roggeri",
            "team": "TJH5YU202",
            "name": "roggerimarcelo",
            "is_restricted": false,
            "is_ultra_restricted": false
        }
    },
    {
        "client_msg_id": "6f44fd2b-45ca-4e39-af90-1e229605c45a",
        "type": "message",
        "text": "<@UJRQZMTAM> un tema realmente apasionante. Yo también he estado siempre muy interesado. A ver si saco tiempo de algún lado",
        "user": "UJUJLTWMT",
        "ts": "1572617405.067100",
        "team": "TJH5YU202",
        "user_team": "TJH5YU202",
        "source_team": "TJH5YU202",
        "user_profile": {
            "avatar_hash": "a60e3b1ef2d2",
            "image_72": "https:\/\/avatars.slack-edge.com\/2019-08-20\/726246109489_a60e3b1ef2d2c141969d_72.jpg",
            "first_name": "",
            "real_name": "Cristobal",
            "display_name": "Cristobal",
            "team": "TJH5YU202",
            "name": "navarro.cristobal",
            "is_restricted": false,
            "is_ultra_restricted": false
        }
    },
    {
        "client_msg_id": "0f267cd7-816d-4134-956e-f1074eb0fab8",
        "type": "message",
        "text": "que bueno Cristobal cuantos mas seamos mejor",
        "user": "UJUFNFMFE",
        "ts": "1572617819.067700",
        "team": "TJH5YU202",
        "user_team": "TJH5YU202",
        "source_team": "TJH5YU202",
        "user_profile": {
            "avatar_hash": "aa4e40c137f0",
            "image_72": "https:\/\/avatars.slack-edge.com\/2019-05-21\/630419446595_aa4e40c137f03c23b9cd_72.jpg",
            "first_name": "Marcelo",
            "real_name": "Marcelo Roggeri",
            "display_name": "Marcelo Roggeri",
            "team": "TJH5YU202",
            "name": "roggerimarcelo",
            "is_restricted": false,
            "is_ultra_restricted": false
        }
    },
    {
        "client_msg_id": "27d3a2e4-0831-4824-b0d7-003e0748ae87",
        "type": "message",
        "text": "Hace mucho que tenía mi brazo robótico, por ahí empecé a interesarme en el tema e hice después otros temas relacionados con lo que menciona Diego ( de aquella epoca claro ), pero ya sabéis \"Poderoso caballero es Don Dinero\", y me fuí por otros derroteros, pero siempre he tenido mi espinita",
        "user": "UJUJLTWMT",
        "ts": "1572618305.069800",
        "team": "TJH5YU202",
        "user_team": "TJH5YU202",
        "source_team": "TJH5YU202",
        "user_profile": {
            "avatar_hash": "a60e3b1ef2d2",
            "image_72": "https:\/\/avatars.slack-edge.com\/2019-08-20\/726246109489_a60e3b1ef2d2c141969d_72.jpg",
            "first_name": "",
            "real_name": "Cristobal",
            "display_name": "Cristobal",
            "team": "TJH5YU202",
            "name": "navarro.cristobal",
            "is_restricted": false,
            "is_ultra_restricted": false
        }
    },
    {
        "client_msg_id": "f4b4a332-ee38-462e-a524-c1a0745bdfa3",
        "type": "message",
        "text": "sisi una cosa como hoby y otra si hay un proyecto que este solventado y poder invertir tiempo en ello",
        "user": "UJUFNFMFE",
        "ts": "1572618392.070500",
        "team": "TJH5YU202",
        "user_team": "TJH5YU202",
        "source_team": "TJH5YU202",
        "user_profile": {
            "avatar_hash": "aa4e40c137f0",
            "image_72": "https:\/\/avatars.slack-edge.com\/2019-05-21\/630419446595_aa4e40c137f03c23b9cd_72.jpg",
            "first_name": "Marcelo",
            "real_name": "Marcelo Roggeri",
            "display_name": "Marcelo Roggeri",
            "team": "TJH5YU202",
            "name": "roggerimarcelo",
            "is_restricted": false,
            "is_ultra_restricted": false
        }
    },
    {
        "client_msg_id": "104C5578-FC7B-4136-AA96-6F31E3047666",
        "type": "message",
        "text": "Hoy con muy poco presupuesto se puede hacer mucho(en casa) y luego aplicarlo a cualquier gran industria. Eso antes era dificil. Era todo teorico o simulado",
        "user": "UJRQZMTAM",
        "ts": "1572618649.072100",
        "team": "TJH5YU202",
        "user_team": "TJH5YU202",
        "source_team": "TJH5YU202",
        "user_profile": {
            "avatar_hash": "0d8c567df084",
            "image_72": "https:\/\/avatars.slack-edge.com\/2019-11-22\/834908722243_0d8c567df084bf59d639_72.png",
            "first_name": "Diego",
            "real_name": "Diego F",
            "display_name": "Diego F",
            "team": "TJH5YU202",
            "name": "diegohfazio",
            "is_restricted": false,
            "is_ultra_restricted": false
        }
    },
    {
        "client_msg_id": "635c48ef-03ca-4215-828c-62d1a23a7bca",
        "type": "message",
        "text": "Menudas historias había que montar en esa época. Por eso de vez en cuando he seguido leyendo sobre el tema, y me tiro de los pelos de lo sencillo que es ahora ( digo sencillo comparándolo claro )",
        "user": "UJUJLTWMT",
        "ts": "1572619030.073300",
        "team": "TJH5YU202",
        "user_team": "TJH5YU202",
        "source_team": "TJH5YU202",
        "user_profile": {
            "avatar_hash": "a60e3b1ef2d2",
            "image_72": "https:\/\/avatars.slack-edge.com\/2019-08-20\/726246109489_a60e3b1ef2d2c141969d_72.jpg",
            "first_name": "",
            "real_name": "Cristobal",
            "display_name": "Cristobal",
            "team": "TJH5YU202",
            "name": "navarro.cristobal",
            "is_restricted": false,
            "is_ultra_restricted": false
        }
    },
    {
        "client_msg_id": "17dc6468-7bf8-4685-9ce9-5d1c78ee8732",
        "type": "message",
        "text": "<https:\/\/youtu.be\/Og847HVwRSI>",
        "user": "UJWR5N32S",
        "ts": "1572638765.073600",
        "team": "TJH5YU202",
        "user_team": "TJH5YU202",
        "source_team": "TJH5YU202",
        "user_profile": {
            "avatar_hash": "273d3745f7ae",
            "image_72": "https:\/\/avatars.slack-edge.com\/2019-05-20\/634344238497_273d3745f7ae1b176b82_72.jpg",
            "first_name": "Charly",
            "real_name": "Charly",
            "display_name": "Charly",
            "team": "TJH5YU202",
            "name": "carles9000",
            "is_restricted": false,
            "is_ultra_restricted": false
        },
        "attachments": [
            {
                "service_name": "YouTube",
                "service_url": "https:\/\/www.youtube.com\/",
                "title": "Most Popular Programming Languages 1965 - 2019",
                "title_link": "https:\/\/youtu.be\/Og847HVwRSI",
                "author_name": "Data Is Beautiful",
                "author_link": "https:\/\/www.youtube.com\/channel\/UCkWbqlDAyJh2n8DN5X6NZyg",
                "thumb_url": "https:\/\/i.ytimg.com\/vi\/Og847HVwRSI\/hqdefault.jpg",
                "thumb_width": 480,
                "thumb_height": 360,
                "fallback": "YouTube Video: Most Popular Programming Languages 1965 - 2019",
                "video_html": "<iframe width=\"400\" height=\"225\" src=\"https:\/\/www.youtube.com\/embed\/Og847HVwRSI?feature=oembed&autoplay=1&iv_load_policy=3\" frameborder=\"0\" allow=\"accelerometer; autoplay; encrypted-media; gyroscope; picture-in-picture\" allowfullscreen><\/iframe>",
                "video_html_width": 400,
                "video_html_height": 225,
                "from_url": "https:\/\/youtu.be\/Og847HVwRSI",
                "service_icon": "https:\/\/a.slack-edge.com\/80588\/img\/unfurl_icons\/youtube.png",
                "id": 1,
                "original_url": "https:\/\/youtu.be\/Og847HVwRSI"
            }
        ]
    },
    {
        "client_msg_id": "8e78b21d-0ae2-46c1-bddb-226e6953da8e",
        "type": "message",
        "text": "<https:\/\/youtu.be\/iGa7QXtqlAg>",
        "user": "UJUFNFMFE",
        "ts": "1572638810.073900",
        "team": "TJH5YU202",
        "user_team": "TJH5YU202",
        "source_team": "TJH5YU202",
        "user_profile": {
            "avatar_hash": "aa4e40c137f0",
            "image_72": "https:\/\/avatars.slack-edge.com\/2019-05-21\/630419446595_aa4e40c137f03c23b9cd_72.jpg",
            "first_name": "Marcelo",
            "real_name": "Marcelo Roggeri",
            "display_name": "Marcelo Roggeri",
            "team": "TJH5YU202",
            "name": "roggerimarcelo",
            "is_restricted": false,
            "is_ultra_restricted": false
        },
        "attachments": [
            {
                "service_name": "YouTube",
                "service_url": "https:\/\/www.youtube.com\/",
                "title": "HWeb MOD-HARBOUR 18°",
                "title_link": "https:\/\/youtu.be\/iGa7QXtqlAg",
                "author_name": "Marcelo Roggeri",
                "author_link": "https:\/\/www.youtube.com\/channel\/UCLcisQQ4C6CrFp3Hkvt7FRA",
                "thumb_url": "https:\/\/i.ytimg.com\/vi\/iGa7QXtqlAg\/hqdefault.jpg",
                "thumb_width": 480,
                "thumb_height": 360,
                "fallback": "YouTube Video: HWeb MOD-HARBOUR 18°",
                "video_html": "<iframe width=\"400\" height=\"225\" src=\"https:\/\/www.youtube.com\/embed\/iGa7QXtqlAg?feature=oembed&autoplay=1&iv_load_policy=3\" frameborder=\"0\" allow=\"accelerometer; autoplay; encrypted-media; gyroscope; picture-in-picture\" allowfullscreen><\/iframe>",
                "video_html_width": 400,
                "video_html_height": 225,
                "from_url": "https:\/\/youtu.be\/iGa7QXtqlAg",
                "service_icon": "https:\/\/a.slack-edge.com\/80588\/img\/unfurl_icons\/youtube.png",
                "id": 1,
                "original_url": "https:\/\/youtu.be\/iGa7QXtqlAg"
            }
        ]
    },
    {
        "client_msg_id": "bbdcf5d9-48e7-4f89-ba4b-2dd8aca1c0ad",
        "type": "message",
        "text": "If you want to make a presentation on Skype, which screen resolution you should use.",
        "user": "UJHD6A81H",
        "ts": "1572640316.074300",
        "team": "TJH5YU202",
        "user_team": "TJH5YU202",
        "source_team": "TJH5YU202",
        "user_profile": {
            "avatar_hash": "g6b8073e00e9",
            "image_72": "https:\/\/secure.gravatar.com\/avatar\/b96b8073e00e9eb02bcf05bc1418eb3a.jpg?s=72&d=https%3A%2F%2Fa.slack-edge.com%2Fdf10d%2Fimg%2Favatars%2Fava_0021-72.png",
            "first_name": "Otto",
            "real_name": "Otto Atzwanger",
            "display_name": "Otto",
            "team": "TJH5YU202",
            "name": "otto",
            "is_restricted": false,
            "is_ultra_restricted": false
        }
    },
    {
        "client_msg_id": "1b4b522a-bfc6-4de8-b35b-783b2cdfb2b8",
        "type": "message",
        "text": "yo no lo se creo que se deberia adaptar a cada una, en verdad no se",
        "user": "UJUFNFMFE",
        "ts": "1572640586.074900",
        "team": "TJH5YU202",
        "user_team": "TJH5YU202",
        "source_team": "TJH5YU202",
        "user_profile": {
            "avatar_hash": "aa4e40c137f0",
            "image_72": "https:\/\/avatars.slack-edge.com\/2019-05-21\/630419446595_aa4e40c137f03c23b9cd_72.jpg",
            "first_name": "Marcelo",
            "real_name": "Marcelo Roggeri",
            "display_name": "Marcelo Roggeri",
            "team": "TJH5YU202",
            "name": "roggerimarcelo",
            "is_restricted": false,
            "is_ultra_restricted": false
        }
    }
]