[
    {
        "client_msg_id": "bc978bd4-d04c-4aa9-a470-10a48b29e61a",
        "type": "message",
        "text": "My mod harbour server",
        "user": "UJHD6A81H",
        "ts": "1575127574.231300",
        "team": "TJH5YU202",
        "user_team": "TJH5YU202",
        "source_team": "TJH5YU202",
        "user_profile": {
            "avatar_hash": "g6b8073e00e9",
            "image_72": "https:\/\/secure.gravatar.com\/avatar\/b96b8073e00e9eb02bcf05bc1418eb3a.jpg?s=72&d=https%3A%2F%2Fa.slack-edge.com%2Fdf10d%2Fimg%2Favatars%2Fava_0021-72.png",
            "first_name": "Otto",
            "real_name": "Otto Atzwanger",
            "display_name": "Otto",
            "team": "TJH5YU202",
            "name": "otto",
            "is_restricted": false,
            "is_ultra_restricted": false
        },
        "blocks": [
            {
                "type": "rich_text",
                "block_id": "vdQz",
                "elements": [
                    {
                        "type": "rich_text_section",
                        "elements": [
                            {
                                "type": "text",
                                "text": "My mod harbour server"
                            }
                        ]
                    }
                ]
            }
        ]
    },
    {
        "type": "message",
        "text": "",
        "files": [
            {
                "id": "FQRTUCZCJ",
                "created": 1575127584,
                "timestamp": 1575127584,
                "name": "pfsense.jpg",
                "title": "pfsense.jpg",
                "mimetype": "image\/jpeg",
                "filetype": "jpg",
                "pretty_type": "JPEG",
                "user": "UJHD6A81H",
                "editable": false,
                "size": 696808,
                "mode": "hosted",
                "is_external": false,
                "external_type": "",
                "is_public": true,
                "public_url_shared": false,
                "display_as_bot": false,
                "username": "",
                "url_private": "https:\/\/files.slack.com\/files-pri\/TJH5YU202-FQRTUCZCJ\/pfsense.jpg?t=xoxe-629202954002-950795328464-950341379620-2ca7f74bb6537751ea5666f8f5e8896e",
                "url_private_download": "https:\/\/files.slack.com\/files-pri\/TJH5YU202-FQRTUCZCJ\/download\/pfsense.jpg?t=xoxe-629202954002-950795328464-950341379620-2ca7f74bb6537751ea5666f8f5e8896e",
                "thumb_64": "https:\/\/files.slack.com\/files-tmb\/TJH5YU202-FQRTUCZCJ-8c8a82849a\/pfsense_64.jpg?t=xoxe-629202954002-950795328464-950341379620-2ca7f74bb6537751ea5666f8f5e8896e",
                "thumb_80": "https:\/\/files.slack.com\/files-tmb\/TJH5YU202-FQRTUCZCJ-8c8a82849a\/pfsense_80.jpg?t=xoxe-629202954002-950795328464-950341379620-2ca7f74bb6537751ea5666f8f5e8896e",
                "thumb_360": "https:\/\/files.slack.com\/files-tmb\/TJH5YU202-FQRTUCZCJ-8c8a82849a\/pfsense_360.jpg?t=xoxe-629202954002-950795328464-950341379620-2ca7f74bb6537751ea5666f8f5e8896e",
                "thumb_360_w": 360,
                "thumb_360_h": 270,
                "thumb_480": "https:\/\/files.slack.com\/files-tmb\/TJH5YU202-FQRTUCZCJ-8c8a82849a\/pfsense_480.jpg?t=xoxe-629202954002-950795328464-950341379620-2ca7f74bb6537751ea5666f8f5e8896e",
                "thumb_480_w": 480,
                "thumb_480_h": 360,
                "thumb_160": "https:\/\/files.slack.com\/files-tmb\/TJH5YU202-FQRTUCZCJ-8c8a82849a\/pfsense_160.jpg?t=xoxe-629202954002-950795328464-950341379620-2ca7f74bb6537751ea5666f8f5e8896e",
                "thumb_720": "https:\/\/files.slack.com\/files-tmb\/TJH5YU202-FQRTUCZCJ-8c8a82849a\/pfsense_720.jpg?t=xoxe-629202954002-950795328464-950341379620-2ca7f74bb6537751ea5666f8f5e8896e",
                "thumb_720_w": 720,
                "thumb_720_h": 540,
                "thumb_800": "https:\/\/files.slack.com\/files-tmb\/TJH5YU202-FQRTUCZCJ-8c8a82849a\/pfsense_800.jpg?t=xoxe-629202954002-950795328464-950341379620-2ca7f74bb6537751ea5666f8f5e8896e",
                "thumb_800_w": 800,
                "thumb_800_h": 600,
                "thumb_960": "https:\/\/files.slack.com\/files-tmb\/TJH5YU202-FQRTUCZCJ-8c8a82849a\/pfsense_960.jpg?t=xoxe-629202954002-950795328464-950341379620-2ca7f74bb6537751ea5666f8f5e8896e",
                "thumb_960_w": 960,
                "thumb_960_h": 720,
                "thumb_1024": "https:\/\/files.slack.com\/files-tmb\/TJH5YU202-FQRTUCZCJ-8c8a82849a\/pfsense_1024.jpg?t=xoxe-629202954002-950795328464-950341379620-2ca7f74bb6537751ea5666f8f5e8896e",
                "thumb_1024_w": 1024,
                "thumb_1024_h": 768,
                "image_exif_rotation": 1,
                "original_w": 4032,
                "original_h": 3024,
                "thumb_tiny": "AwAkADCMGnBqiAI6kfnT1GehBrLQsUyoOCwphlT+8Kt2uBCcjoxGcVMQAK0UEQ5GZuDdDTGPFTTczv8AUD9KgkBFT1sVcmKb+tPjUKOPxpo8wDiQ\/kKeoxgZyazYFeUvvOwtg88E1GfMPXd+dXSrHuAPpTDF6satTVgsV4yR8pzzUgUhcHmnGFfU0ppN3AcKeoFMFPWoYDz0php56Uw0kA00004001SA\/9k=",
                "permalink": "https:\/\/harbourproject.slack.com\/files\/UJHD6A81H\/FQRTUCZCJ\/pfsense.jpg",
                "permalink_public": "https:\/\/slack-files.com\/TJH5YU202-FQRTUCZCJ-98e6606b3f",
                "is_starred": false,
                "has_rich_preview": false
            }
        ],
        "upload": true,
        "user": "UJHD6A81H",
        "display_as_bot": false,
        "ts": "1575127589.231400",
        "client_msg_id": "4dcad7df-f47a-4bed-843a-962e20efb0f2"
    },
    {
        "client_msg_id": "09024120-744e-4f61-8bb8-d573b0429a0d",
        "type": "message",
        "text": "I use a notebook with a USB NIC as 2nd network card.\npfSense is a virtual machine. Apache server is a virtual maschine and RDP server for the FIVEWIN programs is a virtual maschine.",
        "user": "UJHD6A81H",
        "ts": "1575127648.232600",
        "team": "TJH5YU202",
        "user_team": "TJH5YU202",
        "source_team": "TJH5YU202",
        "user_profile": {
            "avatar_hash": "g6b8073e00e9",
            "image_72": "https:\/\/secure.gravatar.com\/avatar\/b96b8073e00e9eb02bcf05bc1418eb3a.jpg?s=72&d=https%3A%2F%2Fa.slack-edge.com%2Fdf10d%2Fimg%2Favatars%2Fava_0021-72.png",
            "first_name": "Otto",
            "real_name": "Otto Atzwanger",
            "display_name": "Otto",
            "team": "TJH5YU202",
            "name": "otto",
            "is_restricted": false,
            "is_ultra_restricted": false
        },
        "blocks": [
            {
                "type": "rich_text",
                "block_id": "+5oCI",
                "elements": [
                    {
                        "type": "rich_text_section",
                        "elements": [
                            {
                                "type": "text",
                                "text": "I use a notebook with a USB NIC as 2nd network card.\npfSense is a virtual machine. Apache server is a virtual maschine and RDP server for the FIVEWIN programs is a virtual maschine."
                            }
                        ]
                    }
                ]
            }
        ]
    },
    {
        "client_msg_id": "3b3d7eaa-6894-4886-8a7a-440cc902c95c",
        "type": "message",
        "text": "buenas noches !!!",
        "user": "UJULAGJG5",
        "ts": "1575147318.232900",
        "team": "TJH5YU202",
        "user_team": "TJH5YU202",
        "source_team": "TJH5YU202",
        "user_profile": {
            "avatar_hash": "g456e0b2cdb9",
            "image_72": "https:\/\/secure.gravatar.com\/avatar\/dc456e0b2cdb991048d487a08c4a8c7a.jpg?s=72&d=https%3A%2F%2Fa.slack-edge.com%2Fdf10d%2Fimg%2Favatars%2Fava_0004-72.png",
            "first_name": "",
            "real_name": "Gabriel",
            "display_name": "Gabriel",
            "team": "TJH5YU202",
            "name": "jgabri",
            "is_restricted": false,
            "is_ultra_restricted": false
        },
        "blocks": [
            {
                "type": "rich_text",
                "block_id": "RbcdM",
                "elements": [
                    {
                        "type": "rich_text_section",
                        "elements": [
                            {
                                "type": "text",
                                "text": "buenas noches !!!"
                            }
                        ]
                    }
                ]
            }
        ]
    }
]