[
    {
        "client_msg_id": "a724fa1b-3a6b-42b8-806b-c5e588eea670",
        "type": "message",
        "text": "Bon dia, buenos dias, egun on, good morrning...",
        "user": "UJWR5N32S",
        "ts": "1577262053.323000",
        "team": "TJH5YU202",
        "user_team": "TJH5YU202",
        "source_team": "TJH5YU202",
        "user_profile": {
            "avatar_hash": "273d3745f7ae",
            "image_72": "https:\/\/avatars.slack-edge.com\/2019-05-20\/634344238497_273d3745f7ae1b176b82_72.jpg",
            "first_name": "Charly",
            "real_name": "Charly",
            "display_name": "Charly",
            "team": "TJH5YU202",
            "name": "carles9000",
            "is_restricted": false,
            "is_ultra_restricted": false
        },
        "blocks": [
            {
                "type": "rich_text",
                "block_id": "P20",
                "elements": [
                    {
                        "type": "rich_text_section",
                        "elements": [
                            {
                                "type": "text",
                                "text": "Bon dia, buenos dias, egun on, good morrning..."
                            }
                        ]
                    }
                ]
            }
        ]
    },
    {
        "client_msg_id": "417295e7-f065-4f8c-a430-52f71a76e6cc",
        "type": "message",
        "text": "Bon Nadal !!!",
        "user": "UJWR5N32S",
        "ts": "1577262061.323300",
        "team": "TJH5YU202",
        "user_team": "TJH5YU202",
        "source_team": "TJH5YU202",
        "user_profile": {
            "avatar_hash": "273d3745f7ae",
            "image_72": "https:\/\/avatars.slack-edge.com\/2019-05-20\/634344238497_273d3745f7ae1b176b82_72.jpg",
            "first_name": "Charly",
            "real_name": "Charly",
            "display_name": "Charly",
            "team": "TJH5YU202",
            "name": "carles9000",
            "is_restricted": false,
            "is_ultra_restricted": false
        },
        "blocks": [
            {
                "type": "rich_text",
                "block_id": "6CDbW",
                "elements": [
                    {
                        "type": "rich_text_section",
                        "elements": [
                            {
                                "type": "text",
                                "text": "Bon Nadal !!!"
                            }
                        ]
                    }
                ]
            }
        ]
    },
    {
        "client_msg_id": "B8F9FEF6-95A3-4A23-B8F3-B2AB086BCBFE",
        "type": "message",
        "text": "Bon día ",
        "user": "UJH8DPY58",
        "ts": "1577262454.323600",
        "team": "TJH5YU202",
        "user_team": "TJH5YU202",
        "source_team": "TJH5YU202",
        "user_profile": {
            "avatar_hash": "g1cac88c496c",
            "image_72": "https:\/\/secure.gravatar.com\/avatar\/451cac88c496c2cec0b934a281b6eb94.jpg?s=72&d=https%3A%2F%2Fa.slack-edge.com%2Fdf10d%2Fimg%2Favatars%2Fava_0020-72.png",
            "first_name": "",
            "real_name": "Juan Pastor",
            "display_name": "",
            "team": "TJH5YU202",
            "name": "jpastor68",
            "is_restricted": false,
            "is_ultra_restricted": false
        },
        "blocks": [
            {
                "type": "rich_text",
                "block_id": "+V3G",
                "elements": [
                    {
                        "type": "rich_text_section",
                        "elements": [
                            {
                                "type": "text",
                                "text": "Bon día "
                            }
                        ]
                    }
                ]
            }
        ]
    },
    {
        "client_msg_id": "bdf9d9d1-f3cd-4516-999a-ca0e8bab1f5f",
        "type": "message",
        "text": "Buenos días y feliz navidad :santa:",
        "user": "UK28N3CER",
        "ts": "1577266709.324400",
        "team": "TJH5YU202",
        "user_team": "TJH5YU202",
        "source_team": "TJH5YU202",
        "user_profile": {
            "avatar_hash": "7f09da813e5b",
            "image_72": "https:\/\/avatars.slack-edge.com\/2020-01-01\/880554116721_7f09da813e5b80b5a0a0_72.jpg",
            "first_name": "",
            "real_name": "Cesar SysCtrl Software",
            "display_name": "Cesar SysCtrl Software",
            "team": "TJH5YU202",
            "name": "sysctrlsoftware",
            "is_restricted": false,
            "is_ultra_restricted": false
        },
        "blocks": [
            {
                "type": "rich_text",
                "block_id": "AT5S",
                "elements": [
                    {
                        "type": "rich_text_section",
                        "elements": [
                            {
                                "type": "text",
                                "text": "Buenos días y feliz navidad "
                            },
                            {
                                "type": "emoji",
                                "name": "santa"
                            }
                        ]
                    }
                ]
            }
        ]
    },
    {
        "client_msg_id": "7823bd80-f80a-47f9-801b-0e6bd108a850",
        "type": "message",
        "text": "Bon nadal .",
        "user": "URQ8AJCQZ",
        "ts": "1577269476.324700",
        "team": "TJH5YU202",
        "user_team": "TJH5YU202",
        "source_team": "TJH5YU202",
        "user_profile": {
            "avatar_hash": "gd2a4588891d",
            "image_72": "https:\/\/secure.gravatar.com\/avatar\/d2a4588891d1583d3af92c25ac2e4623.jpg?s=72&d=https%3A%2F%2Fa.slack-edge.com%2Fdf10d%2Fimg%2Favatars%2Fava_0015-72.png",
            "first_name": "",
            "real_name": "jvtecheto",
            "display_name": "jvtecheto",
            "team": "TJH5YU202",
            "name": "jvtecheto",
            "is_restricted": false,
            "is_ultra_restricted": false
        },
        "blocks": [
            {
                "type": "rich_text",
                "block_id": "uYc",
                "elements": [
                    {
                        "type": "rich_text_section",
                        "elements": [
                            {
                                "type": "text",
                                "text": "Bon nadal ."
                            }
                        ]
                    }
                ]
            }
        ]
    },
    {
        "client_msg_id": "58d0346e-9f51-4769-bb0e-bfdf11cfdc91",
        "type": "message",
        "text": "Framework",
        "user": "UJHD6A81H",
        "ts": "1577297544.325900",
        "team": "TJH5YU202",
        "user_team": "TJH5YU202",
        "source_team": "TJH5YU202",
        "user_profile": {
            "avatar_hash": "g6b8073e00e9",
            "image_72": "https:\/\/secure.gravatar.com\/avatar\/b96b8073e00e9eb02bcf05bc1418eb3a.jpg?s=72&d=https%3A%2F%2Fa.slack-edge.com%2Fdf10d%2Fimg%2Favatars%2Fava_0021-72.png",
            "first_name": "Otto",
            "real_name": "Otto Atzwanger",
            "display_name": "Otto",
            "team": "TJH5YU202",
            "name": "otto",
            "is_restricted": false,
            "is_ultra_restricted": false
        },
        "blocks": [
            {
                "type": "rich_text",
                "block_id": "vH9V",
                "elements": [
                    {
                        "type": "rich_text_section",
                        "elements": [
                            {
                                "type": "text",
                                "text": "Framework"
                            }
                        ]
                    }
                ]
            }
        ]
    },
    {
        "client_msg_id": "c5843b23-89e4-4dc6-a214-e56ba7a087a2",
        "type": "message",
        "text": "I am not yet sure for myself whether a framework to hide JS and HTML makes sense, and who the target user-group is here.\nAt the moment, I think that you need an easy way to structure source code that is copied from anywhere in Internet.\nI also see with Ruth and Iris that they do not want to be deprived of their freedom to copy everything together as they please.",
        "user": "UJHD6A81H",
        "ts": "1577297550.326100",
        "team": "TJH5YU202",
        "user_team": "TJH5YU202",
        "source_team": "TJH5YU202",
        "user_profile": {
            "avatar_hash": "g6b8073e00e9",
            "image_72": "https:\/\/secure.gravatar.com\/avatar\/b96b8073e00e9eb02bcf05bc1418eb3a.jpg?s=72&d=https%3A%2F%2Fa.slack-edge.com%2Fdf10d%2Fimg%2Favatars%2Fava_0021-72.png",
            "first_name": "Otto",
            "real_name": "Otto Atzwanger",
            "display_name": "Otto",
            "team": "TJH5YU202",
            "name": "otto",
            "is_restricted": false,
            "is_ultra_restricted": false
        },
        "blocks": [
            {
                "type": "rich_text",
                "block_id": "oiqo",
                "elements": [
                    {
                        "type": "rich_text_section",
                        "elements": [
                            {
                                "type": "text",
                                "text": "I am not yet sure for myself whether a framework to hide JS and HTML makes sense, and who the target user-group is here.\nAt the moment, I think that you need an easy way to structure source code that is copied from anywhere in Internet.\nI also see with Ruth and Iris that they do not want to be deprived of their freedom to copy everything together as they please."
                            }
                        ]
                    }
                ]
            }
        ]
    },
    {
        "client_msg_id": "94b553fe-02a7-42fa-b635-f0418a8d59f2",
        "type": "message",
        "text": "We are now working on our accounting system again.",
        "user": "UJHD6A81H",
        "ts": "1577297629.327200",
        "team": "TJH5YU202",
        "user_team": "TJH5YU202",
        "source_team": "TJH5YU202",
        "user_profile": {
            "avatar_hash": "g6b8073e00e9",
            "image_72": "https:\/\/secure.gravatar.com\/avatar\/b96b8073e00e9eb02bcf05bc1418eb3a.jpg?s=72&d=https%3A%2F%2Fa.slack-edge.com%2Fdf10d%2Fimg%2Favatars%2Fava_0021-72.png",
            "first_name": "Otto",
            "real_name": "Otto Atzwanger",
            "display_name": "Otto",
            "team": "TJH5YU202",
            "name": "otto",
            "is_restricted": false,
            "is_ultra_restricted": false
        },
        "blocks": [
            {
                "type": "rich_text",
                "block_id": "voj=z",
                "elements": [
                    {
                        "type": "rich_text_section",
                        "elements": [
                            {
                                "type": "text",
                                "text": "We are now working on our accounting system again."
                            }
                        ]
                    }
                ]
            }
        ]
    },
    {
        "type": "message",
        "text": "",
        "files": [
            {
                "id": "FRQHHJ6GK",
                "created": 1577297812,
                "timestamp": 1577297812,
                "name": "grafik.png",
                "title": "grafik.png",
                "mimetype": "image\/png",
                "filetype": "png",
                "pretty_type": "PNG",
                "user": "UJHD6A81H",
                "editable": false,
                "size": 36984,
                "mode": "hosted",
                "is_external": false,
                "external_type": "",
                "is_public": true,
                "public_url_shared": false,
                "display_as_bot": false,
                "username": "",
                "url_private": "https:\/\/files.slack.com\/files-pri\/TJH5YU202-FRQHHJ6GK\/grafik.png?t=xoxe-629202954002-950795328464-950341379620-2ca7f74bb6537751ea5666f8f5e8896e",
                "url_private_download": "https:\/\/files.slack.com\/files-pri\/TJH5YU202-FRQHHJ6GK\/download\/grafik.png?t=xoxe-629202954002-950795328464-950341379620-2ca7f74bb6537751ea5666f8f5e8896e",
                "thumb_64": "https:\/\/files.slack.com\/files-tmb\/TJH5YU202-FRQHHJ6GK-6789839741\/grafik_64.png?t=xoxe-629202954002-950795328464-950341379620-2ca7f74bb6537751ea5666f8f5e8896e",
                "thumb_80": "https:\/\/files.slack.com\/files-tmb\/TJH5YU202-FRQHHJ6GK-6789839741\/grafik_80.png?t=xoxe-629202954002-950795328464-950341379620-2ca7f74bb6537751ea5666f8f5e8896e",
                "thumb_360": "https:\/\/files.slack.com\/files-tmb\/TJH5YU202-FRQHHJ6GK-6789839741\/grafik_360.png?t=xoxe-629202954002-950795328464-950341379620-2ca7f74bb6537751ea5666f8f5e8896e",
                "thumb_360_w": 360,
                "thumb_360_h": 328,
                "thumb_480": "https:\/\/files.slack.com\/files-tmb\/TJH5YU202-FRQHHJ6GK-6789839741\/grafik_480.png?t=xoxe-629202954002-950795328464-950341379620-2ca7f74bb6537751ea5666f8f5e8896e",
                "thumb_480_w": 480,
                "thumb_480_h": 437,
                "thumb_160": "https:\/\/files.slack.com\/files-tmb\/TJH5YU202-FRQHHJ6GK-6789839741\/grafik_160.png?t=xoxe-629202954002-950795328464-950341379620-2ca7f74bb6537751ea5666f8f5e8896e",
                "thumb_720": "https:\/\/files.slack.com\/files-tmb\/TJH5YU202-FRQHHJ6GK-6789839741\/grafik_720.png?t=xoxe-629202954002-950795328464-950341379620-2ca7f74bb6537751ea5666f8f5e8896e",
                "thumb_720_w": 720,
                "thumb_720_h": 656,
                "thumb_800": "https:\/\/files.slack.com\/files-tmb\/TJH5YU202-FRQHHJ6GK-6789839741\/grafik_800.png?t=xoxe-629202954002-950795328464-950341379620-2ca7f74bb6537751ea5666f8f5e8896e",
                "thumb_800_w": 800,
                "thumb_800_h": 729,
                "thumb_960": "https:\/\/files.slack.com\/files-tmb\/TJH5YU202-FRQHHJ6GK-6789839741\/grafik_960.png?t=xoxe-629202954002-950795328464-950341379620-2ca7f74bb6537751ea5666f8f5e8896e",
                "thumb_960_w": 960,
                "thumb_960_h": 875,
                "image_exif_rotation": 1,
                "original_w": 992,
                "original_h": 904,
                "thumb_tiny": "AwArADCgSeMFqvaYpfzQXYdOh+tUO3\/1q0NJ+9L9B\/WgC+ImH\/LWT9P8KfkDjPNLRQAUUUUAc5WhpP3pfoP61n\/lWhpP3pfoP60AadFFFABRRRQBzdaOkfel+g\/rWdWjpH3pfoP60AadIWUHBIz9aWmmNGbcVBPrigB1FFFAH\/\/Z",
                "permalink": "https:\/\/harbourproject.slack.com\/files\/UJHD6A81H\/FRQHHJ6GK\/grafik.png",
                "permalink_public": "https:\/\/slack-files.com\/TJH5YU202-FRQHHJ6GK-b1bf3e7a06",
                "is_starred": false,
                "has_rich_preview": false
            }
        ],
        "upload": true,
        "user": "UJHD6A81H",
        "display_as_bot": false,
        "ts": "1577297815.327300",
        "client_msg_id": "9c4b8f21-ecce-4c88-adab-34faa6797bbe"
    },
    {
        "client_msg_id": "680f1e9d-5b21-4789-bf1d-7420802446c5",
        "type": "message",
        "text": "Buenas",
        "user": "UNAHBRTFA",
        "ts": "1577341118.327800",
        "team": "TJH5YU202",
        "user_team": "TJH5YU202",
        "source_team": "TJH5YU202",
        "user_profile": {
            "avatar_hash": "g3d2a3f4c28c",
            "image_72": "https:\/\/secure.gravatar.com\/avatar\/23d2a3f4c28cebb4cf07e48d02620517.jpg?s=72&d=https%3A%2F%2Fa.slack-edge.com%2Fdf10d%2Fimg%2Favatars%2Fava_0020-72.png",
            "first_name": "Andreu",
            "real_name": "Andreu Botella",
            "display_name": "Andreu Botella",
            "team": "TJH5YU202",
            "name": "andreu.132",
            "is_restricted": false,
            "is_ultra_restricted": false
        },
        "blocks": [
            {
                "type": "rich_text",
                "block_id": "icv",
                "elements": [
                    {
                        "type": "rich_text_section",
                        "elements": [
                            {
                                "type": "text",
                                "text": "Buenas"
                            }
                        ]
                    }
                ]
            }
        ]
    },
    {
        "client_msg_id": "af901096-6006-4320-8e56-54067e690e0b",
        "type": "message",
        "text": "No sé si queda alguien vivo que no esté de vacaciones",
        "user": "UNAHBRTFA",
        "ts": "1577341130.328300",
        "team": "TJH5YU202",
        "user_team": "TJH5YU202",
        "source_team": "TJH5YU202",
        "user_profile": {
            "avatar_hash": "g3d2a3f4c28c",
            "image_72": "https:\/\/secure.gravatar.com\/avatar\/23d2a3f4c28cebb4cf07e48d02620517.jpg?s=72&d=https%3A%2F%2Fa.slack-edge.com%2Fdf10d%2Fimg%2Favatars%2Fava_0020-72.png",
            "first_name": "Andreu",
            "real_name": "Andreu Botella",
            "display_name": "Andreu Botella",
            "team": "TJH5YU202",
            "name": "andreu.132",
            "is_restricted": false,
            "is_ultra_restricted": false
        },
        "blocks": [
            {
                "type": "rich_text",
                "block_id": "DGaGH",
                "elements": [
                    {
                        "type": "rich_text_section",
                        "elements": [
                            {
                                "type": "text",
                                "text": "No sé si queda alguien vivo que no esté de vacaciones"
                            }
                        ]
                    }
                ]
            }
        ]
    },
    {
        "client_msg_id": "88f152d5-79ac-49e6-9870-7a13ba306efc",
        "type": "message",
        "text": "Se supone que mod_harbour todavía no es oficialmente \"estable\", ¿verdad?",
        "user": "UNAHBRTFA",
        "ts": "1577341333.331500",
        "team": "TJH5YU202",
        "user_team": "TJH5YU202",
        "source_team": "TJH5YU202",
        "user_profile": {
            "avatar_hash": "g3d2a3f4c28c",
            "image_72": "https:\/\/secure.gravatar.com\/avatar\/23d2a3f4c28cebb4cf07e48d02620517.jpg?s=72&d=https%3A%2F%2Fa.slack-edge.com%2Fdf10d%2Fimg%2Favatars%2Fava_0020-72.png",
            "first_name": "Andreu",
            "real_name": "Andreu Botella",
            "display_name": "Andreu Botella",
            "team": "TJH5YU202",
            "name": "andreu.132",
            "is_restricted": false,
            "is_ultra_restricted": false
        },
        "blocks": [
            {
                "type": "rich_text",
                "block_id": "M7K0n",
                "elements": [
                    {
                        "type": "rich_text_section",
                        "elements": [
                            {
                                "type": "text",
                                "text": "Se supone que mod_harbour todavía no es oficialmente \"estable\", ¿verdad?"
                            }
                        ]
                    }
                ]
            }
        ]
    },
    {
        "client_msg_id": "23df8b35-d8ed-4bd7-b8d7-efd9bf43d9cf",
        "type": "message",
        "text": "Cuando digo estable quiero decir que la retrocompatibilidad sea un problema",
        "user": "UNAHBRTFA",
        "ts": "1577341349.331900",
        "team": "TJH5YU202",
        "user_team": "TJH5YU202",
        "source_team": "TJH5YU202",
        "user_profile": {
            "avatar_hash": "g3d2a3f4c28c",
            "image_72": "https:\/\/secure.gravatar.com\/avatar\/23d2a3f4c28cebb4cf07e48d02620517.jpg?s=72&d=https%3A%2F%2Fa.slack-edge.com%2Fdf10d%2Fimg%2Favatars%2Fava_0020-72.png",
            "first_name": "Andreu",
            "real_name": "Andreu Botella",
            "display_name": "Andreu Botella",
            "team": "TJH5YU202",
            "name": "andreu.132",
            "is_restricted": false,
            "is_ultra_restricted": false
        },
        "blocks": [
            {
                "type": "rich_text",
                "block_id": "yPI",
                "elements": [
                    {
                        "type": "rich_text_section",
                        "elements": [
                            {
                                "type": "text",
                                "text": "Cuando digo estable quiero decir que la retrocompatibilidad sea un problema"
                            }
                        ]
                    }
                ]
            }
        ]
    },
    {
        "client_msg_id": "e26870b4-a804-4fe4-bc9a-5c5e186da355",
        "type": "message",
        "text": "Porque creo que tengo un argumento convincente para cambiar la funcionalidad de las funciones `AP_PostPairs()` y `hb_UrlDecode()`",
        "user": "UNAHBRTFA",
        "ts": "1577341380.332600",
        "team": "TJH5YU202",
        "user_team": "TJH5YU202",
        "source_team": "TJH5YU202",
        "user_profile": {
            "avatar_hash": "g3d2a3f4c28c",
            "image_72": "https:\/\/secure.gravatar.com\/avatar\/23d2a3f4c28cebb4cf07e48d02620517.jpg?s=72&d=https%3A%2F%2Fa.slack-edge.com%2Fdf10d%2Fimg%2Favatars%2Fava_0020-72.png",
            "first_name": "Andreu",
            "real_name": "Andreu Botella",
            "display_name": "Andreu Botella",
            "team": "TJH5YU202",
            "name": "andreu.132",
            "is_restricted": false,
            "is_ultra_restricted": false
        },
        "edited": {
            "user": "UNAHBRTFA",
            "ts": "1577341641.000000"
        },
        "blocks": [
            {
                "type": "rich_text",
                "block_id": "rA644",
                "elements": [
                    {
                        "type": "rich_text_section",
                        "elements": [
                            {
                                "type": "text",
                                "text": "Porque creo que tengo un argumento convincente para cambiar la funcionalidad de las funciones "
                            },
                            {
                                "type": "text",
                                "text": "AP_PostPairs()",
                                "style": {
                                    "code": true
                                }
                            },
                            {
                                "type": "text",
                                "text": " y "
                            },
                            {
                                "type": "text",
                                "text": "hb_UrlDecode()",
                                "style": {
                                    "code": true
                                }
                            }
                        ]
                    }
                ]
            }
        ]
    },
    {
        "client_msg_id": "d3a9f086-aad2-4a21-8627-b36e514ec304",
        "type": "message",
        "text": "Iba a abrir un issue en el github, pero si lo expongo por aquí en español y me decís que ni de coña, eso que nos ahorramos.",
        "user": "UNAHBRTFA",
        "ts": "1577341559.334900",
        "team": "TJH5YU202",
        "user_team": "TJH5YU202",
        "source_team": "TJH5YU202",
        "user_profile": {
            "avatar_hash": "g3d2a3f4c28c",
            "image_72": "https:\/\/secure.gravatar.com\/avatar\/23d2a3f4c28cebb4cf07e48d02620517.jpg?s=72&d=https%3A%2F%2Fa.slack-edge.com%2Fdf10d%2Fimg%2Favatars%2Fava_0020-72.png",
            "first_name": "Andreu",
            "real_name": "Andreu Botella",
            "display_name": "Andreu Botella",
            "team": "TJH5YU202",
            "name": "andreu.132",
            "is_restricted": false,
            "is_ultra_restricted": false
        },
        "edited": {
            "user": "UNAHBRTFA",
            "ts": "1577341575.000000"
        },
        "blocks": [
            {
                "type": "rich_text",
                "block_id": "0fz",
                "elements": [
                    {
                        "type": "rich_text_section",
                        "elements": [
                            {
                                "type": "text",
                                "text": "Iba a abrir un issue en el github, pero si lo expongo por aquí en español y me decís que ni de coña, eso que nos ahorramos."
                            }
                        ]
                    }
                ]
            }
        ]
    },
    {
        "client_msg_id": "c45e7ebd-6617-477c-9962-73429ad518fd",
        "type": "message",
        "text": "Hi Andreu,\nhow are we affected",
        "user": "UJHD6A81H",
        "ts": "1577346073.335800",
        "team": "TJH5YU202",
        "user_team": "TJH5YU202",
        "source_team": "TJH5YU202",
        "user_profile": {
            "avatar_hash": "g6b8073e00e9",
            "image_72": "https:\/\/secure.gravatar.com\/avatar\/b96b8073e00e9eb02bcf05bc1418eb3a.jpg?s=72&d=https%3A%2F%2Fa.slack-edge.com%2Fdf10d%2Fimg%2Favatars%2Fava_0021-72.png",
            "first_name": "Otto",
            "real_name": "Otto Atzwanger",
            "display_name": "Otto",
            "team": "TJH5YU202",
            "name": "otto",
            "is_restricted": false,
            "is_ultra_restricted": false
        },
        "blocks": [
            {
                "type": "rich_text",
                "block_id": "GudMf",
                "elements": [
                    {
                        "type": "rich_text_section",
                        "elements": [
                            {
                                "type": "text",
                                "text": "Hi Andreu,\nhow are we affected"
                            }
                        ]
                    }
                ]
            }
        ]
    },
    {
        "client_msg_id": "6946ad46-db6b-457a-b8d7-ac5a2befbb6f",
        "type": "message",
        "text": "hi",
        "user": "UNAHBRTFA",
        "ts": "1577346082.336000",
        "team": "TJH5YU202",
        "user_team": "TJH5YU202",
        "source_team": "TJH5YU202",
        "user_profile": {
            "avatar_hash": "g3d2a3f4c28c",
            "image_72": "https:\/\/secure.gravatar.com\/avatar\/23d2a3f4c28cebb4cf07e48d02620517.jpg?s=72&d=https%3A%2F%2Fa.slack-edge.com%2Fdf10d%2Fimg%2Favatars%2Fava_0020-72.png",
            "first_name": "Andreu",
            "real_name": "Andreu Botella",
            "display_name": "Andreu Botella",
            "team": "TJH5YU202",
            "name": "andreu.132",
            "is_restricted": false,
            "is_ultra_restricted": false
        },
        "blocks": [
            {
                "type": "rich_text",
                "block_id": "j\/Vb",
                "elements": [
                    {
                        "type": "rich_text_section",
                        "elements": [
                            {
                                "type": "text",
                                "text": "hi"
                            }
                        ]
                    }
                ]
            }
        ]
    },
    {
        "client_msg_id": "39682d94-deeb-4fbd-bc32-a9fb2eb2eac9",
        "type": "message",
        "text": "basically, if you're only using those two functions as something like `hb_UrlDecode(AP_PostPairs()[\"username\"])`, with this change you could just use `AP_PostPairs()[\"username\"]`",
        "user": "UNAHBRTFA",
        "ts": "1577346203.338100",
        "team": "TJH5YU202",
        "user_team": "TJH5YU202",
        "source_team": "TJH5YU202",
        "user_profile": {
            "avatar_hash": "g3d2a3f4c28c",
            "image_72": "https:\/\/secure.gravatar.com\/avatar\/23d2a3f4c28cebb4cf07e48d02620517.jpg?s=72&d=https%3A%2F%2Fa.slack-edge.com%2Fdf10d%2Fimg%2Favatars%2Fava_0020-72.png",
            "first_name": "Andreu",
            "real_name": "Andreu Botella",
            "display_name": "Andreu Botella",
            "team": "TJH5YU202",
            "name": "andreu.132",
            "is_restricted": false,
            "is_ultra_restricted": false
        },
        "blocks": [
            {
                "type": "rich_text",
                "block_id": "i8m",
                "elements": [
                    {
                        "type": "rich_text_section",
                        "elements": [
                            {
                                "type": "text",
                                "text": "basically, if you're only using those two functions as something like "
                            },
                            {
                                "type": "text",
                                "text": "hb_UrlDecode(AP_PostPairs()[\"username\"])",
                                "style": {
                                    "code": true
                                }
                            },
                            {
                                "type": "text",
                                "text": ", with this change you could just use "
                            },
                            {
                                "type": "text",
                                "text": "AP_PostPairs()[\"username\"]",
                                "style": {
                                    "code": true
                                }
                            }
                        ]
                    }
                ]
            }
        ]
    },
    {
        "client_msg_id": "4b05041b-817b-4e84-b885-b236548d6642",
        "type": "message",
        "text": "but this would make it possible to handle file uploads with `AP_PostPairs` , which isn't really possible right now without a second round of parsing the multipart\/form-data format",
        "user": "UNAHBRTFA",
        "ts": "1577346275.339400",
        "team": "TJH5YU202",
        "user_team": "TJH5YU202",
        "source_team": "TJH5YU202",
        "user_profile": {
            "avatar_hash": "g3d2a3f4c28c",
            "image_72": "https:\/\/secure.gravatar.com\/avatar\/23d2a3f4c28cebb4cf07e48d02620517.jpg?s=72&d=https%3A%2F%2Fa.slack-edge.com%2Fdf10d%2Fimg%2Favatars%2Fava_0020-72.png",
            "first_name": "Andreu",
            "real_name": "Andreu Botella",
            "display_name": "Andreu Botella",
            "team": "TJH5YU202",
            "name": "andreu.132",
            "is_restricted": false,
            "is_ultra_restricted": false
        },
        "blocks": [
            {
                "type": "rich_text",
                "block_id": "Gt7",
                "elements": [
                    {
                        "type": "rich_text_section",
                        "elements": [
                            {
                                "type": "text",
                                "text": "but this would make it possible to handle file uploads with "
                            },
                            {
                                "type": "text",
                                "text": "AP_PostPairs",
                                "style": {
                                    "code": true
                                }
                            },
                            {
                                "type": "text",
                                "text": " , which isn't really possible right now without a second round of parsing the multipart\/form-data format"
                            }
                        ]
                    }
                ]
            }
        ]
    },
    {
        "client_msg_id": "a52ea574-6e9f-47df-ab89-6afb4e25ac6c",
        "type": "message",
        "text": "there's also the fact that `hb_UrlDecode` doesn't quite do _URL decoding_, but _URL decoding plus replacing `+` 's with spaces_, which makes no sense outside of the www-urlencoded format that `AP_PostPairs` decodes",
        "user": "UNAHBRTFA",
        "ts": "1577346407.341800",
        "team": "TJH5YU202",
        "user_team": "TJH5YU202",
        "source_team": "TJH5YU202",
        "user_profile": {
            "avatar_hash": "g3d2a3f4c28c",
            "image_72": "https:\/\/secure.gravatar.com\/avatar\/23d2a3f4c28cebb4cf07e48d02620517.jpg?s=72&d=https%3A%2F%2Fa.slack-edge.com%2Fdf10d%2Fimg%2Favatars%2Fava_0020-72.png",
            "first_name": "Andreu",
            "real_name": "Andreu Botella",
            "display_name": "Andreu Botella",
            "team": "TJH5YU202",
            "name": "andreu.132",
            "is_restricted": false,
            "is_ultra_restricted": false
        },
        "blocks": [
            {
                "type": "rich_text",
                "block_id": "r27",
                "elements": [
                    {
                        "type": "rich_text_section",
                        "elements": [
                            {
                                "type": "text",
                                "text": "there's also the fact that "
                            },
                            {
                                "type": "text",
                                "text": "hb_UrlDecode",
                                "style": {
                                    "code": true
                                }
                            },
                            {
                                "type": "text",
                                "text": " doesn't quite do "
                            },
                            {
                                "type": "text",
                                "text": "URL decoding",
                                "style": {
                                    "italic": true
                                }
                            },
                            {
                                "type": "text",
                                "text": ", but "
                            },
                            {
                                "type": "text",
                                "text": "URL decoding plus replacing ",
                                "style": {
                                    "italic": true
                                }
                            },
                            {
                                "type": "text",
                                "text": "+",
                                "style": {
                                    "italic": true,
                                    "code": true
                                }
                            },
                            {
                                "type": "text",
                                "text": " 's with spaces",
                                "style": {
                                    "italic": true
                                }
                            },
                            {
                                "type": "text",
                                "text": ", which makes no sense outside of the www-urlencoded format that "
                            },
                            {
                                "type": "text",
                                "text": "AP_PostPairs",
                                "style": {
                                    "code": true
                                }
                            },
                            {
                                "type": "text",
                                "text": " decodes"
                            }
                        ]
                    }
                ]
            }
        ]
    },
    {
        "client_msg_id": "dde33dc0-a78e-4256-ba49-f0b62666531e",
        "type": "message",
        "text": "so bundling both in just one function makes sense",
        "user": "UNAHBRTFA",
        "ts": "1577346420.342100",
        "team": "TJH5YU202",
        "user_team": "TJH5YU202",
        "source_team": "TJH5YU202",
        "user_profile": {
            "avatar_hash": "g3d2a3f4c28c",
            "image_72": "https:\/\/secure.gravatar.com\/avatar\/23d2a3f4c28cebb4cf07e48d02620517.jpg?s=72&d=https%3A%2F%2Fa.slack-edge.com%2Fdf10d%2Fimg%2Favatars%2Fava_0020-72.png",
            "first_name": "Andreu",
            "real_name": "Andreu Botella",
            "display_name": "Andreu Botella",
            "team": "TJH5YU202",
            "name": "andreu.132",
            "is_restricted": false,
            "is_ultra_restricted": false
        },
        "blocks": [
            {
                "type": "rich_text",
                "block_id": "FcE",
                "elements": [
                    {
                        "type": "rich_text_section",
                        "elements": [
                            {
                                "type": "text",
                                "text": "so bundling both in just one function makes sense"
                            }
                        ]
                    }
                ]
            }
        ]
    },
    {
        "client_msg_id": "8d8a323f-1650-45d3-904d-9d956b8fcd4f",
        "type": "message",
        "text": "(not sure if my explanation makes sense, though)",
        "user": "UNAHBRTFA",
        "ts": "1577346437.342500",
        "team": "TJH5YU202",
        "user_team": "TJH5YU202",
        "source_team": "TJH5YU202",
        "user_profile": {
            "avatar_hash": "g3d2a3f4c28c",
            "image_72": "https:\/\/secure.gravatar.com\/avatar\/23d2a3f4c28cebb4cf07e48d02620517.jpg?s=72&d=https%3A%2F%2Fa.slack-edge.com%2Fdf10d%2Fimg%2Favatars%2Fava_0020-72.png",
            "first_name": "Andreu",
            "real_name": "Andreu Botella",
            "display_name": "Andreu Botella",
            "team": "TJH5YU202",
            "name": "andreu.132",
            "is_restricted": false,
            "is_ultra_restricted": false
        },
        "blocks": [
            {
                "type": "rich_text",
                "block_id": "Yf=Ro",
                "elements": [
                    {
                        "type": "rich_text_section",
                        "elements": [
                            {
                                "type": "text",
                                "text": "(not sure if my explanation makes sense, though)"
                            }
                        ]
                    }
                ]
            }
        ]
    },
    {
        "client_msg_id": "f0dd93e8-987b-427d-a199-67db36d126c9",
        "type": "message",
        "text": "I expected that `AP_PostPairs` could also decode whatever encoding the browser used after URL decoding, returning a native string (OEM, I guess)",
        "user": "UNAHBRTFA",
        "ts": "1577346771.346400",
        "team": "TJH5YU202",
        "user_team": "TJH5YU202",
        "source_team": "TJH5YU202",
        "user_profile": {
            "avatar_hash": "g3d2a3f4c28c",
            "image_72": "https:\/\/secure.gravatar.com\/avatar\/23d2a3f4c28cebb4cf07e48d02620517.jpg?s=72&d=https%3A%2F%2Fa.slack-edge.com%2Fdf10d%2Fimg%2Favatars%2Fava_0020-72.png",
            "first_name": "Andreu",
            "real_name": "Andreu Botella",
            "display_name": "Andreu Botella",
            "team": "TJH5YU202",
            "name": "andreu.132",
            "is_restricted": false,
            "is_ultra_restricted": false
        },
        "blocks": [
            {
                "type": "rich_text",
                "block_id": "rL4",
                "elements": [
                    {
                        "type": "rich_text_section",
                        "elements": [
                            {
                                "type": "text",
                                "text": "I expected that "
                            },
                            {
                                "type": "text",
                                "text": "AP_PostPairs",
                                "style": {
                                    "code": true
                                }
                            },
                            {
                                "type": "text",
                                "text": " could also decode whatever encoding the browser used after URL decoding, returning a native string (OEM, I guess)"
                            }
                        ]
                    }
                ]
            }
        ]
    },
    {
        "client_msg_id": "dd700b9e-1905-4bd7-9feb-17e955727c88",
        "type": "message",
        "text": "but after looking at the specifications, there's no such luck",
        "user": "UNAHBRTFA",
        "ts": "1577346782.346800",
        "team": "TJH5YU202",
        "user_team": "TJH5YU202",
        "source_team": "TJH5YU202",
        "user_profile": {
            "avatar_hash": "g3d2a3f4c28c",
            "image_72": "https:\/\/secure.gravatar.com\/avatar\/23d2a3f4c28cebb4cf07e48d02620517.jpg?s=72&d=https%3A%2F%2Fa.slack-edge.com%2Fdf10d%2Fimg%2Favatars%2Fava_0020-72.png",
            "first_name": "Andreu",
            "real_name": "Andreu Botella",
            "display_name": "Andreu Botella",
            "team": "TJH5YU202",
            "name": "andreu.132",
            "is_restricted": false,
            "is_ultra_restricted": false
        },
        "blocks": [
            {
                "type": "rich_text",
                "block_id": "1u56",
                "elements": [
                    {
                        "type": "rich_text_section",
                        "elements": [
                            {
                                "type": "text",
                                "text": "but after looking at the specifications, there's no such luck"
                            }
                        ]
                    }
                ]
            }
        ]
    }
]