[
    {
        "client_msg_id": "2f3c6d6a-e147-4fc4-b218-24a22468e3fa",
        "type": "message",
        "text": "Buenos días campeones",
        "user": "UJULAGJG5",
        "ts": "1569832924.324700",
        "team": "TJH5YU202",
        "user_team": "TJH5YU202",
        "source_team": "TJH5YU202",
        "user_profile": {
            "avatar_hash": "g456e0b2cdb9",
            "image_72": "https:\/\/secure.gravatar.com\/avatar\/dc456e0b2cdb991048d487a08c4a8c7a.jpg?s=72&d=https%3A%2F%2Fa.slack-edge.com%2Fdf10d%2Fimg%2Favatars%2Fava_0004-72.png",
            "first_name": "",
            "real_name": "Gabriel",
            "display_name": "Gabriel",
            "team": "TJH5YU202",
            "name": "jgabri",
            "is_restricted": false,
            "is_ultra_restricted": false
        }
    },
    {
        "type": "message",
        "text": "Bonjour",
        "files": [
            {
                "id": "FNXTEHSAJ",
                "created": 1569833404,
                "timestamp": 1569833404,
                "name": "imagen.png",
                "title": "imagen.png",
                "mimetype": "image\/png",
                "filetype": "png",
                "pretty_type": "PNG",
                "user": "UJUJLTWMT",
                "editable": false,
                "size": 191823,
                "mode": "hosted",
                "is_external": false,
                "external_type": "",
                "is_public": true,
                "public_url_shared": false,
                "display_as_bot": false,
                "username": "",
                "url_private": "https:\/\/files.slack.com\/files-pri\/TJH5YU202-FNXTEHSAJ\/imagen.png?t=xoxe-629202954002-950795328464-950341379620-2ca7f74bb6537751ea5666f8f5e8896e",
                "url_private_download": "https:\/\/files.slack.com\/files-pri\/TJH5YU202-FNXTEHSAJ\/download\/imagen.png?t=xoxe-629202954002-950795328464-950341379620-2ca7f74bb6537751ea5666f8f5e8896e",
                "thumb_64": "https:\/\/files.slack.com\/files-tmb\/TJH5YU202-FNXTEHSAJ-ce21a5b1ed\/imagen_64.png?t=xoxe-629202954002-950795328464-950341379620-2ca7f74bb6537751ea5666f8f5e8896e",
                "thumb_80": "https:\/\/files.slack.com\/files-tmb\/TJH5YU202-FNXTEHSAJ-ce21a5b1ed\/imagen_80.png?t=xoxe-629202954002-950795328464-950341379620-2ca7f74bb6537751ea5666f8f5e8896e",
                "thumb_360": "https:\/\/files.slack.com\/files-tmb\/TJH5YU202-FNXTEHSAJ-ce21a5b1ed\/imagen_360.png?t=xoxe-629202954002-950795328464-950341379620-2ca7f74bb6537751ea5666f8f5e8896e",
                "thumb_360_w": 360,
                "thumb_360_h": 169,
                "thumb_480": "https:\/\/files.slack.com\/files-tmb\/TJH5YU202-FNXTEHSAJ-ce21a5b1ed\/imagen_480.png?t=xoxe-629202954002-950795328464-950341379620-2ca7f74bb6537751ea5666f8f5e8896e",
                "thumb_480_w": 480,
                "thumb_480_h": 226,
                "thumb_160": "https:\/\/files.slack.com\/files-tmb\/TJH5YU202-FNXTEHSAJ-ce21a5b1ed\/imagen_160.png?t=xoxe-629202954002-950795328464-950341379620-2ca7f74bb6537751ea5666f8f5e8896e",
                "thumb_720": "https:\/\/files.slack.com\/files-tmb\/TJH5YU202-FNXTEHSAJ-ce21a5b1ed\/imagen_720.png?t=xoxe-629202954002-950795328464-950341379620-2ca7f74bb6537751ea5666f8f5e8896e",
                "thumb_720_w": 720,
                "thumb_720_h": 339,
                "thumb_800": "https:\/\/files.slack.com\/files-tmb\/TJH5YU202-FNXTEHSAJ-ce21a5b1ed\/imagen_800.png?t=xoxe-629202954002-950795328464-950341379620-2ca7f74bb6537751ea5666f8f5e8896e",
                "thumb_800_w": 800,
                "thumb_800_h": 376,
                "image_exif_rotation": 1,
                "original_w": 850,
                "original_h": 400,
                "permalink": "https:\/\/harbourproject.slack.com\/files\/UJUJLTWMT\/FNXTEHSAJ\/imagen.png",
                "permalink_public": "https:\/\/slack-files.com\/TJH5YU202-FNXTEHSAJ-eb655c93ea",
                "is_starred": false,
                "has_rich_preview": false
            }
        ],
        "upload": true,
        "user": "UJUJLTWMT",
        "display_as_bot": false,
        "ts": "1569833406.324800",
        "client_msg_id": "122b6489-f17f-4cc0-9cd8-941999c770de"
    },
    {
        "client_msg_id": "f50e6cd5-e930-4c31-a079-7d1083f9dfff",
        "type": "message",
        "text": "Gracias Carlos, por compatir el fichero. :+1:",
        "user": "UJWGTCNS3",
        "ts": "1569835493.325200",
        "team": "TJH5YU202",
        "user_team": "TJH5YU202",
        "source_team": "TJH5YU202",
        "user_profile": {
            "avatar_hash": "g5117c62f9fd",
            "image_72": "https:\/\/secure.gravatar.com\/avatar\/d65117c62f9fdee40568ff74546ff940.jpg?s=72&d=https%3A%2F%2Fa.slack-edge.com%2Fdf10d%2Fimg%2Favatars%2Fava_0021-72.png",
            "first_name": "Andrés",
            "real_name": "Andrés González Alonso",
            "display_name": "Andygon",
            "team": "TJH5YU202",
            "name": "zalezalon",
            "is_restricted": false,
            "is_ultra_restricted": false
        },
        "thread_ts": "1569660445.252900",
        "parent_user_id": "UJU2ZLJBW"
    },
    {
        "client_msg_id": "d853be14-d227-43de-956c-66caa839731e",
        "type": "message",
        "text": "buen dia masters.",
        "user": "UK28N3CER",
        "ts": "1569860084.325600",
        "team": "TJH5YU202",
        "user_team": "TJH5YU202",
        "source_team": "TJH5YU202",
        "user_profile": {
            "avatar_hash": "7f09da813e5b",
            "image_72": "https:\/\/avatars.slack-edge.com\/2020-01-01\/880554116721_7f09da813e5b80b5a0a0_72.jpg",
            "first_name": "",
            "real_name": "Cesar SysCtrl Software",
            "display_name": "Cesar SysCtrl Software",
            "team": "TJH5YU202",
            "name": "sysctrlsoftware",
            "is_restricted": false,
            "is_ultra_restricted": false
        }
    },
    {
        "client_msg_id": "36955d17-edb6-46e8-9508-30c7f1896986",
        "type": "message",
        "text": "Morning !!!",
        "user": "UJK7SNX51",
        "ts": "1569905057.325800",
        "team": "TJH5YU202",
        "user_team": "TJH5YU202",
        "source_team": "TJH5YU202",
        "user_profile": {
            "avatar_hash": "6698a9ba696b",
            "image_72": "https:\/\/avatars.slack-edge.com\/2019-07-04\/673660529330_6698a9ba696bad01eb8c_72.jpg",
            "first_name": "Baxajaun",
            "real_name": "Baxajaun",
            "display_name": "Baxajaun",
            "team": "TJH5YU202",
            "name": "fpgrande",
            "is_restricted": false,
            "is_ultra_restricted": false
        }
    },
    {
        "client_msg_id": "ff632503-350b-473a-b93c-efb84d28881b",
        "type": "message",
        "text": "<@UJN8D8U3B> tienes pensado portar mod_harbour a ngnix <https:\/\/nginx.org\/> ?",
        "user": "UJK7SNX51",
        "ts": "1569905429.326600",
        "team": "TJH5YU202",
        "user_team": "TJH5YU202",
        "source_team": "TJH5YU202",
        "user_profile": {
            "avatar_hash": "6698a9ba696b",
            "image_72": "https:\/\/avatars.slack-edge.com\/2019-07-04\/673660529330_6698a9ba696bad01eb8c_72.jpg",
            "first_name": "Baxajaun",
            "real_name": "Baxajaun",
            "display_name": "Baxajaun",
            "team": "TJH5YU202",
            "name": "fpgrande",
            "is_restricted": false,
            "is_ultra_restricted": false
        }
    },
    {
        "client_msg_id": "b55bfe4e-a214-4af2-add3-c608b40d26fb",
        "type": "message",
        "text": "Morning",
        "user": "UJWR5N32S",
        "ts": "1569907223.326800",
        "team": "TJH5YU202",
        "user_team": "TJH5YU202",
        "source_team": "TJH5YU202",
        "user_profile": {
            "avatar_hash": "273d3745f7ae",
            "image_72": "https:\/\/avatars.slack-edge.com\/2019-05-20\/634344238497_273d3745f7ae1b176b82_72.jpg",
            "first_name": "Charly",
            "real_name": "Charly",
            "display_name": "Charly",
            "team": "TJH5YU202",
            "name": "carles9000",
            "is_restricted": false,
            "is_ultra_restricted": false
        }
    },
    {
        "client_msg_id": "ef817850-0ccc-4cee-bf2a-1674f798fc15",
        "type": "message",
        "text": "buenos dias :sunny:",
        "user": "UJN8D8U3B",
        "ts": "1569910892.327000",
        "team": "TJH5YU202",
        "user_team": "TJH5YU202",
        "source_team": "TJH5YU202",
        "user_profile": {
            "avatar_hash": "g92ad2abcc45",
            "image_72": "https:\/\/secure.gravatar.com\/avatar\/8492ad2abcc45ce53969adcf8420acde.jpg?s=72&d=https%3A%2F%2Fa.slack-edge.com%2Fdf10d%2Fimg%2Favatars%2Fava_0008-72.png",
            "first_name": "",
            "real_name": "Antonio Linares",
            "display_name": "Antonio Linares",
            "team": "TJH5YU202",
            "name": "alinares",
            "is_restricted": false,
            "is_ultra_restricted": false
        }
    },
    {
        "client_msg_id": "ced894f5-1f6f-47a9-b5ec-ed1e19bcf7e8",
        "type": "message",
        "text": "<@UJK7SNX51> habria que encontrar un ejemplo y que alguien lo pida :wink:",
        "user": "UJN8D8U3B",
        "ts": "1569910931.327600",
        "team": "TJH5YU202",
        "user_team": "TJH5YU202",
        "source_team": "TJH5YU202",
        "user_profile": {
            "avatar_hash": "g92ad2abcc45",
            "image_72": "https:\/\/secure.gravatar.com\/avatar\/8492ad2abcc45ce53969adcf8420acde.jpg?s=72&d=https%3A%2F%2Fa.slack-edge.com%2Fdf10d%2Fimg%2Favatars%2Fava_0008-72.png",
            "first_name": "",
            "real_name": "Antonio Linares",
            "display_name": "Antonio Linares",
            "team": "TJH5YU202",
            "name": "alinares",
            "is_restricted": false,
            "is_ultra_restricted": false
        }
    },
    {
        "client_msg_id": "1545967c-6ee4-4fae-a0f8-a11a34cc6803",
        "type": "message",
        "text": "Can someone please help me. I have 2 tables in the product table I would like to use a &lt;select name='\" +test+\"'&gt;&lt;option value='0'&gt;0&lt;\/option&gt;&lt;option value='1'&gt;1&lt;\/option&gt;&lt;option value='2'&gt;2&lt;\/select&gt;. But I can't find out how to get the value of the &lt;select&gt; . I get all the other values like this:    $(\"body\").on(\"click\", \".btn-edit\", function(){\n                var id = $(this).parents(\"tr\").attr('data-id');",
        "user": "UJHD6A81H",
        "ts": "1569911389.329800",
        "team": "TJH5YU202",
        "user_team": "TJH5YU202",
        "source_team": "TJH5YU202",
        "user_profile": {
            "avatar_hash": "g6b8073e00e9",
            "image_72": "https:\/\/secure.gravatar.com\/avatar\/b96b8073e00e9eb02bcf05bc1418eb3a.jpg?s=72&d=https%3A%2F%2Fa.slack-edge.com%2Fdf10d%2Fimg%2Favatars%2Fava_0021-72.png",
            "first_name": "Otto",
            "real_name": "Otto Atzwanger",
            "display_name": "Otto",
            "team": "TJH5YU202",
            "name": "otto",
            "is_restricted": false,
            "is_ultra_restricted": false
        }
    },
    {
        "client_msg_id": "222dbebf-3a70-45d0-93ac-6776fc021c88",
        "type": "message",
        "text": "Can someone please show me how to define the append line the right way:",
        "user": "UJHD6A81H",
        "ts": "1569911442.330700",
        "team": "TJH5YU202",
        "user_team": "TJH5YU202",
        "source_team": "TJH5YU202",
        "user_profile": {
            "avatar_hash": "g6b8073e00e9",
            "image_72": "https:\/\/secure.gravatar.com\/avatar\/b96b8073e00e9eb02bcf05bc1418eb3a.jpg?s=72&d=https%3A%2F%2Fa.slack-edge.com%2Fdf10d%2Fimg%2Favatars%2Fava_0021-72.png",
            "first_name": "Otto",
            "real_name": "Otto Atzwanger",
            "display_name": "Otto",
            "team": "TJH5YU202",
            "name": "otto",
            "is_restricted": false,
            "is_ultra_restricted": false
        }
    },
    {
        "client_msg_id": "8371efa3-259b-4afe-831a-df88e4381673",
        "type": "message",
        "text": "$(\".data-table2 tbody\").append(\"&lt;tr data-mselect='\"+test+\"'  data-id='\"+I+\"'&gt;&lt;td&gt;&lt;b&gt;\"+cZiBezeichnung+\"&lt;\/b&gt;&lt;br&gt;\"+name+\"&lt;br&gt;\"+cPreis+\"&lt;\/td&gt;&lt;td&gt; &lt;form id='selectValue'&gt; &lt;select name='\" +test+\"'&gt;&lt;option value='0'&gt;0&lt;\/option&gt;&lt;option value='1'&gt;1&lt;\/option&gt;&lt;option value='2'&gt;2&lt;\/select&gt;&lt;\/form&gt;&lt;\/td&gt;&lt;td&gt;&lt;button class='btn btn-info btn-xs btn-edit'&gt;buchen&lt;\/button&gt;&lt;br&gt;&lt;\/td&gt;&lt;\/tr&gt;\");",
        "user": "UJHD6A81H",
        "ts": "1569911449.331100",
        "team": "TJH5YU202",
        "user_team": "TJH5YU202",
        "source_team": "TJH5YU202",
        "user_profile": {
            "avatar_hash": "g6b8073e00e9",
            "image_72": "https:\/\/secure.gravatar.com\/avatar\/b96b8073e00e9eb02bcf05bc1418eb3a.jpg?s=72&d=https%3A%2F%2Fa.slack-edge.com%2Fdf10d%2Fimg%2Favatars%2Fava_0021-72.png",
            "first_name": "Otto",
            "real_name": "Otto Atzwanger",
            "display_name": "Otto",
            "team": "TJH5YU202",
            "name": "otto",
            "is_restricted": false,
            "is_ultra_restricted": false
        }
    },
    {
        "client_msg_id": "f1f690ed-5841-47b5-9604-b8b30fa22769",
        "type": "message",
        "text": "BTW is there a way to break up the line inside TEXEAREA - ENDTEXT - Breaking with \\ works  if I use view like in GENESIS but not inside TEXTAREA.",
        "user": "UJHD6A81H",
        "ts": "1569911531.332900",
        "team": "TJH5YU202",
        "user_team": "TJH5YU202",
        "source_team": "TJH5YU202",
        "user_profile": {
            "avatar_hash": "g6b8073e00e9",
            "image_72": "https:\/\/secure.gravatar.com\/avatar\/b96b8073e00e9eb02bcf05bc1418eb3a.jpg?s=72&d=https%3A%2F%2Fa.slack-edge.com%2Fdf10d%2Fimg%2Favatars%2Fava_0021-72.png",
            "first_name": "Otto",
            "real_name": "Otto Atzwanger",
            "display_name": "Otto",
            "team": "TJH5YU202",
            "name": "otto",
            "is_restricted": false,
            "is_ultra_restricted": false
        }
    },
    {
        "type": "message",
        "text": "",
        "files": [
            {
                "id": "FNQKJ7EEM",
                "created": 1569911552,
                "timestamp": 1569911552,
                "name": "image.png",
                "title": "image.png",
                "mimetype": "image\/png",
                "filetype": "png",
                "pretty_type": "PNG",
                "user": "UJHD6A81H",
                "editable": false,
                "size": 336916,
                "mode": "hosted",
                "is_external": false,
                "external_type": "",
                "is_public": true,
                "public_url_shared": false,
                "display_as_bot": false,
                "username": "",
                "url_private": "https:\/\/files.slack.com\/files-pri\/TJH5YU202-FNQKJ7EEM\/image.png?t=xoxe-629202954002-950795328464-950341379620-2ca7f74bb6537751ea5666f8f5e8896e",
                "url_private_download": "https:\/\/files.slack.com\/files-pri\/TJH5YU202-FNQKJ7EEM\/download\/image.png?t=xoxe-629202954002-950795328464-950341379620-2ca7f74bb6537751ea5666f8f5e8896e",
                "thumb_64": "https:\/\/files.slack.com\/files-tmb\/TJH5YU202-FNQKJ7EEM-b5f0eb5385\/image_64.png?t=xoxe-629202954002-950795328464-950341379620-2ca7f74bb6537751ea5666f8f5e8896e",
                "thumb_80": "https:\/\/files.slack.com\/files-tmb\/TJH5YU202-FNQKJ7EEM-b5f0eb5385\/image_80.png?t=xoxe-629202954002-950795328464-950341379620-2ca7f74bb6537751ea5666f8f5e8896e",
                "thumb_360": "https:\/\/files.slack.com\/files-tmb\/TJH5YU202-FNQKJ7EEM-b5f0eb5385\/image_360.png?t=xoxe-629202954002-950795328464-950341379620-2ca7f74bb6537751ea5666f8f5e8896e",
                "thumb_360_w": 360,
                "thumb_360_h": 228,
                "thumb_480": "https:\/\/files.slack.com\/files-tmb\/TJH5YU202-FNQKJ7EEM-b5f0eb5385\/image_480.png?t=xoxe-629202954002-950795328464-950341379620-2ca7f74bb6537751ea5666f8f5e8896e",
                "thumb_480_w": 480,
                "thumb_480_h": 304,
                "thumb_160": "https:\/\/files.slack.com\/files-tmb\/TJH5YU202-FNQKJ7EEM-b5f0eb5385\/image_160.png?t=xoxe-629202954002-950795328464-950341379620-2ca7f74bb6537751ea5666f8f5e8896e",
                "thumb_720": "https:\/\/files.slack.com\/files-tmb\/TJH5YU202-FNQKJ7EEM-b5f0eb5385\/image_720.png?t=xoxe-629202954002-950795328464-950341379620-2ca7f74bb6537751ea5666f8f5e8896e",
                "thumb_720_w": 720,
                "thumb_720_h": 455,
                "thumb_800": "https:\/\/files.slack.com\/files-tmb\/TJH5YU202-FNQKJ7EEM-b5f0eb5385\/image_800.png?t=xoxe-629202954002-950795328464-950341379620-2ca7f74bb6537751ea5666f8f5e8896e",
                "thumb_800_w": 800,
                "thumb_800_h": 506,
                "thumb_960": "https:\/\/files.slack.com\/files-tmb\/TJH5YU202-FNQKJ7EEM-b5f0eb5385\/image_960.png?t=xoxe-629202954002-950795328464-950341379620-2ca7f74bb6537751ea5666f8f5e8896e",
                "thumb_960_w": 960,
                "thumb_960_h": 607,
                "thumb_1024": "https:\/\/files.slack.com\/files-tmb\/TJH5YU202-FNQKJ7EEM-b5f0eb5385\/image_1024.png?t=xoxe-629202954002-950795328464-950341379620-2ca7f74bb6537751ea5666f8f5e8896e",
                "thumb_1024_w": 1024,
                "thumb_1024_h": 648,
                "image_exif_rotation": 1,
                "original_w": 1037,
                "original_h": 656,
                "permalink": "https:\/\/harbourproject.slack.com\/files\/UJHD6A81H\/FNQKJ7EEM\/image.png",
                "permalink_public": "https:\/\/slack-files.com\/TJH5YU202-FNQKJ7EEM-7c5a60bf46",
                "is_starred": false,
                "has_rich_preview": false
            }
        ],
        "upload": true,
        "user": "UJHD6A81H",
        "display_as_bot": false,
        "ts": "1569911555.333100",
        "client_msg_id": "a8d49297-c1c5-43fb-9683-5c5803c7d8d8"
    },
    {
        "client_msg_id": "0e1ff5d8-64ad-4e1a-9e83-468528fb7d01",
        "type": "message",
        "text": "In a textarea, line breaks in the raw html source will render as line breaks in the text area.",
        "user": "UNAHBRTFA",
        "ts": "1569911585.333900",
        "team": "TJH5YU202",
        "user_team": "TJH5YU202",
        "source_team": "TJH5YU202",
        "user_profile": {
            "avatar_hash": "g3d2a3f4c28c",
            "image_72": "https:\/\/secure.gravatar.com\/avatar\/23d2a3f4c28cebb4cf07e48d02620517.jpg?s=72&d=https%3A%2F%2Fa.slack-edge.com%2Fdf10d%2Fimg%2Favatars%2Fava_0020-72.png",
            "first_name": "Andreu",
            "real_name": "Andreu Botella",
            "display_name": "Andreu Botella",
            "team": "TJH5YU202",
            "name": "andreu.132",
            "is_restricted": false,
            "is_ultra_restricted": false
        }
    },
    {
        "client_msg_id": "5252a597-b7b8-4402-b64a-de9f0040c342",
        "type": "message",
        "text": "It's one of the few html elements that does so by default with no CSS.",
        "user": "UNAHBRTFA",
        "ts": "1569911592.334300",
        "team": "TJH5YU202",
        "user_team": "TJH5YU202",
        "source_team": "TJH5YU202",
        "user_profile": {
            "avatar_hash": "g3d2a3f4c28c",
            "image_72": "https:\/\/secure.gravatar.com\/avatar\/23d2a3f4c28cebb4cf07e48d02620517.jpg?s=72&d=https%3A%2F%2Fa.slack-edge.com%2Fdf10d%2Fimg%2Favatars%2Fava_0020-72.png",
            "first_name": "Andreu",
            "real_name": "Andreu Botella",
            "display_name": "Andreu Botella",
            "team": "TJH5YU202",
            "name": "andreu.132",
            "is_restricted": false,
            "is_ultra_restricted": false
        },
        "edited": {
            "user": "UNAHBRTFA",
            "ts": "1569911618.000000"
        }
    },
    {
        "client_msg_id": "5287186e-d7d9-4d6a-8fe5-872d37b1ab92",
        "type": "message",
        "text": "And with JQuery, you can do something like `$(\"select[name=test]\").val()` for any form control, including select.",
        "user": "UNAHBRTFA",
        "ts": "1569911596.334500",
        "team": "TJH5YU202",
        "user_team": "TJH5YU202",
        "source_team": "TJH5YU202",
        "user_profile": {
            "avatar_hash": "g3d2a3f4c28c",
            "image_72": "https:\/\/secure.gravatar.com\/avatar\/23d2a3f4c28cebb4cf07e48d02620517.jpg?s=72&d=https%3A%2F%2Fa.slack-edge.com%2Fdf10d%2Fimg%2Favatars%2Fava_0020-72.png",
            "first_name": "Andreu",
            "real_name": "Andreu Botella",
            "display_name": "Andreu Botella",
            "team": "TJH5YU202",
            "name": "andreu.132",
            "is_restricted": false,
            "is_ultra_restricted": false
        }
    },
    {
        "client_msg_id": "b53a8d9f-f68f-4e93-8053-502825259980",
        "type": "message",
        "text": "<@UJN8D8U3B> quizás en el siguiente enlace  <https:\/\/www.nginx.com\/resources\/wiki\/modules\/>",
        "user": "UJK7SNX51",
        "ts": "1569911653.335000",
        "team": "TJH5YU202",
        "user_team": "TJH5YU202",
        "source_team": "TJH5YU202",
        "user_profile": {
            "avatar_hash": "6698a9ba696b",
            "image_72": "https:\/\/avatars.slack-edge.com\/2019-07-04\/673660529330_6698a9ba696bad01eb8c_72.jpg",
            "first_name": "Baxajaun",
            "real_name": "Baxajaun",
            "display_name": "Baxajaun",
            "team": "TJH5YU202",
            "name": "fpgrande",
            "is_restricted": false,
            "is_ultra_restricted": false
        },
        "attachments": [
            {
                "title": "NGINX 3rd Party Modules | NGINX",
                "title_link": "https:\/\/www.nginx.com\/resources\/wiki\/modules\/",
                "text": "A list of third party modules for NGINX.",
                "fallback": "NGINX 3rd Party Modules | NGINX",
                "from_url": "https:\/\/www.nginx.com\/resources\/wiki\/modules\/",
                "service_icon": "https:\/\/www.nginx.com\/resources\/wiki\/_static\/nginx-favicon.png",
                "service_name": "nginx.com",
                "id": 1,
                "original_url": "https:\/\/www.nginx.com\/resources\/wiki\/modules\/"
            }
        ]
    },
    {
        "client_msg_id": "11a419b0-c48b-4b6f-ad8b-2f465f07ba7d",
        "type": "message",
        "text": "<@UNAHBRTFA>  thank you - do you know if there is a workaround",
        "user": "UJHD6A81H",
        "ts": "1569912965.336100",
        "team": "TJH5YU202",
        "user_team": "TJH5YU202",
        "source_team": "TJH5YU202",
        "user_profile": {
            "avatar_hash": "g6b8073e00e9",
            "image_72": "https:\/\/secure.gravatar.com\/avatar\/b96b8073e00e9eb02bcf05bc1418eb3a.jpg?s=72&d=https%3A%2F%2Fa.slack-edge.com%2Fdf10d%2Fimg%2Favatars%2Fava_0021-72.png",
            "first_name": "Otto",
            "real_name": "Otto Atzwanger",
            "display_name": "Otto",
            "team": "TJH5YU202",
            "name": "otto",
            "is_restricted": false,
            "is_ultra_restricted": false
        }
    },
    {
        "client_msg_id": "ed7b8138-607c-49d6-a0c2-82057690ecc0",
        "type": "message",
        "text": "for the textarea?",
        "user": "UNAHBRTFA",
        "ts": "1569912982.336500",
        "team": "TJH5YU202",
        "user_team": "TJH5YU202",
        "source_team": "TJH5YU202",
        "user_profile": {
            "avatar_hash": "g3d2a3f4c28c",
            "image_72": "https:\/\/secure.gravatar.com\/avatar\/23d2a3f4c28cebb4cf07e48d02620517.jpg?s=72&d=https%3A%2F%2Fa.slack-edge.com%2Fdf10d%2Fimg%2Favatars%2Fava_0020-72.png",
            "first_name": "Andreu",
            "real_name": "Andreu Botella",
            "display_name": "Andreu Botella",
            "team": "TJH5YU202",
            "name": "andreu.132",
            "is_restricted": false,
            "is_ultra_restricted": false
        }
    },
    {
        "client_msg_id": "b559552c-1637-45fa-8095-95ad8f1a0793",
        "type": "message",
        "text": "<@UNAHBRTFA>  when I have more time - never - I could include this to modharbour patcher  :slightly_smiling_face:",
        "user": "UJHD6A81H",
        "ts": "1569913138.338100",
        "team": "TJH5YU202",
        "user_team": "TJH5YU202",
        "source_team": "TJH5YU202",
        "user_profile": {
            "avatar_hash": "g6b8073e00e9",
            "image_72": "https:\/\/secure.gravatar.com\/avatar\/b96b8073e00e9eb02bcf05bc1418eb3a.jpg?s=72&d=https%3A%2F%2Fa.slack-edge.com%2Fdf10d%2Fimg%2Favatars%2Fava_0021-72.png",
            "first_name": "Otto",
            "real_name": "Otto Atzwanger",
            "display_name": "Otto",
            "team": "TJH5YU202",
            "name": "otto",
            "is_restricted": false,
            "is_ultra_restricted": false
        }
    },
    {
        "client_msg_id": "71a574a5-ab00-4ce2-a97d-80a6625d6118",
        "type": "message",
        "text": "The textarea element by design treats its contents as plain text",
        "user": "UNAHBRTFA",
        "ts": "1569913166.338700",
        "team": "TJH5YU202",
        "user_team": "TJH5YU202",
        "source_team": "TJH5YU202",
        "user_profile": {
            "avatar_hash": "g3d2a3f4c28c",
            "image_72": "https:\/\/secure.gravatar.com\/avatar\/23d2a3f4c28cebb4cf07e48d02620517.jpg?s=72&d=https%3A%2F%2Fa.slack-edge.com%2Fdf10d%2Fimg%2Favatars%2Fava_0020-72.png",
            "first_name": "Andreu",
            "real_name": "Andreu Botella",
            "display_name": "Andreu Botella",
            "team": "TJH5YU202",
            "name": "andreu.132",
            "is_restricted": false,
            "is_ultra_restricted": false
        }
    }
]