[
    {
        "client_msg_id": "e244e8b1-7b29-4b5b-8559-3f6b13a72eea",
        "type": "message",
        "text": "Buen dia",
        "user": "UK28N3CER",
        "ts": "1571225816.257300",
        "team": "TJH5YU202",
        "user_team": "TJH5YU202",
        "source_team": "TJH5YU202",
        "user_profile": {
            "avatar_hash": "7f09da813e5b",
            "image_72": "https:\/\/avatars.slack-edge.com\/2020-01-01\/880554116721_7f09da813e5b80b5a0a0_72.jpg",
            "first_name": "",
            "real_name": "Cesar SysCtrl Software",
            "display_name": "Cesar SysCtrl Software",
            "team": "TJH5YU202",
            "name": "sysctrlsoftware",
            "is_restricted": false,
            "is_ultra_restricted": false
        }
    },
    {
        "client_msg_id": "a55d8301-5aed-4277-853e-1743151c6cad",
        "type": "message",
        "text": "Hola amigos, buen día, siguiendo el Word de Wilson avance un poco mas y ahora me encuentro parado con este mensaje: LINK : fatal error LNK1181: no se puede abrir el archivo de entrada 'libcurl.lib'",
        "user": "UJH8HAJQ2",
        "ts": "1571243031.258800",
        "team": "TJH5YU202",
        "user_team": "TJH5YU202",
        "source_team": "TJH5YU202",
        "user_profile": {
            "avatar_hash": "gd4241009ed4",
            "image_72": "https:\/\/secure.gravatar.com\/avatar\/aad4241009ed4c434918eb9bc2df89be.jpg?s=72&d=https%3A%2F%2Fa.slack-edge.com%2Fdf10d%2Fimg%2Favatars%2Fava_0015-72.png",
            "first_name": "",
            "real_name": "Guillermo Varona Silupú",
            "display_name": "Guillermo Varona Silupú",
            "team": "TJH5YU202",
            "name": "gvaronas",
            "is_restricted": false,
            "is_ultra_restricted": false
        }
    },
    {
        "type": "message",
        "text": "He documentado desde el punto en que se quedó Wilson y aqui va algo como una segunda parte, el problema es que falta una libreria de CURL que no se de donde se obtiene, la librería es: 'libcurl.lib'",
        "files": [
            {
                "id": "FP2UGAXA6",
                "created": 1571243234,
                "timestamp": 1571243234,
                "name": "instalacion de harbour for mod_harbour2.docx",
                "title": "instalacion de harbour for mod_harbour2.docx",
                "mimetype": "application\/vnd.openxmlformats-officedocument.wordprocessingml.document",
                "filetype": "docx",
                "pretty_type": "Word Document",
                "user": "UJH8HAJQ2",
                "editable": false,
                "size": 34692,
                "mode": "hosted",
                "is_external": false,
                "external_type": "",
                "is_public": true,
                "public_url_shared": false,
                "display_as_bot": false,
                "username": "",
                "url_private": "https:\/\/files.slack.com\/files-pri\/TJH5YU202-FP2UGAXA6\/instalacion_de_harbour_for_mod_harbour2.docx?t=xoxe-629202954002-950795328464-950341379620-2ca7f74bb6537751ea5666f8f5e8896e",
                "url_private_download": "https:\/\/files.slack.com\/files-pri\/TJH5YU202-FP2UGAXA6\/download\/instalacion_de_harbour_for_mod_harbour2.docx?t=xoxe-629202954002-950795328464-950341379620-2ca7f74bb6537751ea5666f8f5e8896e",
                "converted_pdf": "https:\/\/files.slack.com\/files-tmb\/TJH5YU202-FP2UGAXA6-a799133cc3\/instalacion_de_harbour_for_mod_harbour2_converted.pdf?t=xoxe-629202954002-950795328464-950341379620-2ca7f74bb6537751ea5666f8f5e8896e",
                "thumb_pdf": "https:\/\/files.slack.com\/files-tmb\/TJH5YU202-FP2UGAXA6-a799133cc3\/instalacion_de_harbour_for_mod_harbour2_thumb_pdf.png?t=xoxe-629202954002-950795328464-950341379620-2ca7f74bb6537751ea5666f8f5e8896e",
                "thumb_pdf_w": 935,
                "thumb_pdf_h": 1210,
                "permalink": "https:\/\/harbourproject.slack.com\/files\/UJH8HAJQ2\/FP2UGAXA6\/instalacion_de_harbour_for_mod_harbour2.docx",
                "permalink_public": "https:\/\/slack-files.com\/TJH5YU202-FP2UGAXA6-2b184c4479",
                "is_starred": false,
                "has_rich_preview": false
            }
        ],
        "upload": true,
        "user": "UJH8HAJQ2",
        "display_as_bot": false,
        "ts": "1571243236.259500",
        "client_msg_id": "44ed6e54-0f2c-479a-8f9f-7471b88fba44"
    },
    {
        "client_msg_id": "0f49f8ba-99b1-4d2b-ae45-43856d124450",
        "type": "message",
        "text": "Espero alguien me pueda ayudar para obtener dicha libreria",
        "user": "UJH8HAJQ2",
        "ts": "1571243319.260700",
        "team": "TJH5YU202",
        "user_team": "TJH5YU202",
        "source_team": "TJH5YU202",
        "user_profile": {
            "avatar_hash": "gd4241009ed4",
            "image_72": "https:\/\/secure.gravatar.com\/avatar\/aad4241009ed4c434918eb9bc2df89be.jpg?s=72&d=https%3A%2F%2Fa.slack-edge.com%2Fdf10d%2Fimg%2Favatars%2Fava_0015-72.png",
            "first_name": "",
            "real_name": "Guillermo Varona Silupú",
            "display_name": "Guillermo Varona Silupú",
            "team": "TJH5YU202",
            "name": "gvaronas",
            "is_restricted": false,
            "is_ultra_restricted": false
        }
    },
    {
        "client_msg_id": "5b68b3a1-014a-4ecd-adc5-c672aae132c4",
        "type": "message",
        "text": "Gullermo ese mismo error tambien me sale ,",
        "user": "UK28N3CER",
        "ts": "1571243635.261200",
        "team": "TJH5YU202",
        "user_team": "TJH5YU202",
        "source_team": "TJH5YU202",
        "user_profile": {
            "avatar_hash": "7f09da813e5b",
            "image_72": "https:\/\/avatars.slack-edge.com\/2020-01-01\/880554116721_7f09da813e5b80b5a0a0_72.jpg",
            "first_name": "",
            "real_name": "Cesar SysCtrl Software",
            "display_name": "Cesar SysCtrl Software",
            "team": "TJH5YU202",
            "name": "sysctrlsoftware",
            "is_restricted": false,
            "is_ultra_restricted": false
        }
    },
    {
        "client_msg_id": "750be809-87d5-4619-acd1-bd8ce16ee8ff",
        "type": "message",
        "text": "y tambien me sale: Simbolos externos sin resolver en Apache_dyn.obj",
        "user": "UK28N3CER",
        "ts": "1571243670.261600",
        "team": "TJH5YU202",
        "user_team": "TJH5YU202",
        "source_team": "TJH5YU202",
        "user_profile": {
            "avatar_hash": "7f09da813e5b",
            "image_72": "https:\/\/avatars.slack-edge.com\/2020-01-01\/880554116721_7f09da813e5b80b5a0a0_72.jpg",
            "first_name": "",
            "real_name": "Cesar SysCtrl Software",
            "display_name": "Cesar SysCtrl Software",
            "team": "TJH5YU202",
            "name": "sysctrlsoftware",
            "is_restricted": false,
            "is_ultra_restricted": false
        }
    },
    {
        "client_msg_id": "70d107a9-e0ac-4c0c-b041-d0c3538fcdf0",
        "type": "message",
        "text": "Cesar y que 'libcurl.lib' utilizaste?",
        "user": "UJH8HAJQ2",
        "ts": "1571244136.262100",
        "team": "TJH5YU202",
        "user_team": "TJH5YU202",
        "source_team": "TJH5YU202",
        "user_profile": {
            "avatar_hash": "gd4241009ed4",
            "image_72": "https:\/\/secure.gravatar.com\/avatar\/aad4241009ed4c434918eb9bc2df89be.jpg?s=72&d=https%3A%2F%2Fa.slack-edge.com%2Fdf10d%2Fimg%2Favatars%2Fava_0015-72.png",
            "first_name": "",
            "real_name": "Guillermo Varona Silupú",
            "display_name": "Guillermo Varona Silupú",
            "team": "TJH5YU202",
            "name": "gvaronas",
            "is_restricted": false,
            "is_ultra_restricted": false
        }
    },
    {
        "type": "message",
        "text": "viene en la carpeta de harbour_for_modharbour",
        "files": [
            {
                "id": "FP2VCNX7C",
                "created": 1571244377,
                "timestamp": 1571244377,
                "name": "image.png",
                "title": "image.png",
                "mimetype": "image\/png",
                "filetype": "png",
                "pretty_type": "PNG",
                "user": "UK28N3CER",
                "editable": false,
                "size": 27322,
                "mode": "hosted",
                "is_external": false,
                "external_type": "",
                "is_public": true,
                "public_url_shared": false,
                "display_as_bot": false,
                "username": "",
                "url_private": "https:\/\/files.slack.com\/files-pri\/TJH5YU202-FP2VCNX7C\/image.png?t=xoxe-629202954002-950795328464-950341379620-2ca7f74bb6537751ea5666f8f5e8896e",
                "url_private_download": "https:\/\/files.slack.com\/files-pri\/TJH5YU202-FP2VCNX7C\/download\/image.png?t=xoxe-629202954002-950795328464-950341379620-2ca7f74bb6537751ea5666f8f5e8896e",
                "thumb_64": "https:\/\/files.slack.com\/files-tmb\/TJH5YU202-FP2VCNX7C-57f7b24187\/image_64.png?t=xoxe-629202954002-950795328464-950341379620-2ca7f74bb6537751ea5666f8f5e8896e",
                "thumb_80": "https:\/\/files.slack.com\/files-tmb\/TJH5YU202-FP2VCNX7C-57f7b24187\/image_80.png?t=xoxe-629202954002-950795328464-950341379620-2ca7f74bb6537751ea5666f8f5e8896e",
                "thumb_360": "https:\/\/files.slack.com\/files-tmb\/TJH5YU202-FP2VCNX7C-57f7b24187\/image_360.png?t=xoxe-629202954002-950795328464-950341379620-2ca7f74bb6537751ea5666f8f5e8896e",
                "thumb_360_w": 360,
                "thumb_360_h": 192,
                "thumb_160": "https:\/\/files.slack.com\/files-tmb\/TJH5YU202-FP2VCNX7C-57f7b24187\/image_160.png?t=xoxe-629202954002-950795328464-950341379620-2ca7f74bb6537751ea5666f8f5e8896e",
                "image_exif_rotation": 1,
                "original_w": 472,
                "original_h": 252,
                "thumb_tiny": "AwAZADC3H5ivh3UgdQBUu\/j\/AOtQVznnNJtXvgU9xbDi3GaaQp5weaMLjAYD6UcY6g\/jSGARcc07gcYNIMdm\/lRgMc7s+1ACliDj+lKCe9Mf734U5fuGgBG37jgDHakBfuKkooAZlv7p\/SjLehp9FAH\/2Q==",
                "permalink": "https:\/\/harbourproject.slack.com\/files\/UK28N3CER\/FP2VCNX7C\/image.png",
                "permalink_public": "https:\/\/slack-files.com\/TJH5YU202-FP2VCNX7C-34e2838147",
                "is_starred": false,
                "has_rich_preview": false
            }
        ],
        "upload": true,
        "user": "UK28N3CER",
        "display_as_bot": false,
        "ts": "1571244379.262200",
        "client_msg_id": "2c97eb30-b44d-4eeb-941d-fe1aa193074a"
    },
    {
        "client_msg_id": "1501784b-9dc2-4ea5-af69-4ac4d9128d61",
        "type": "message",
        "text": "Listo Cesar, Eureka !!!\nC:\\mod_harbour\\contribs\\windows\\pdf64xhbhbwinhbcthbcurlhbsqlite&gt;link.exe \/MACHINE:amd64 -nxcompat -dynamicbase -nologo s\nhell.obj sqlite3.obj -dll -subsystem:console -libpath:c:\/harbour_for_modharbour\/lib\/win\/msvc64 -def:harbour.def -nodefau\nltlib:libcmt.lib -out:\"libharbour.dll\" @libs.txt @windows.txt\n   Creando biblioteca libharbour.lib y objeto libharbour.exp",
        "user": "UJH8HAJQ2",
        "ts": "1571244656.263100",
        "team": "TJH5YU202",
        "user_team": "TJH5YU202",
        "source_team": "TJH5YU202",
        "user_profile": {
            "avatar_hash": "gd4241009ed4",
            "image_72": "https:\/\/secure.gravatar.com\/avatar\/aad4241009ed4c434918eb9bc2df89be.jpg?s=72&d=https%3A%2F%2Fa.slack-edge.com%2Fdf10d%2Fimg%2Favatars%2Fava_0015-72.png",
            "first_name": "",
            "real_name": "Guillermo Varona Silupú",
            "display_name": "Guillermo Varona Silupú",
            "team": "TJH5YU202",
            "name": "gvaronas",
            "is_restricted": false,
            "is_ultra_restricted": false
        }
    },
    {
        "client_msg_id": "78eb3f15-f3cb-4760-a606-ccf53d7fee8a",
        "type": "message",
        "text": "y si te crea la libreria ? en mi caso si compila pero al final genera errores como el que te comente.",
        "user": "UK28N3CER",
        "ts": "1571244723.263800",
        "team": "TJH5YU202",
        "user_team": "TJH5YU202",
        "source_team": "TJH5YU202",
        "user_profile": {
            "avatar_hash": "7f09da813e5b",
            "image_72": "https:\/\/avatars.slack-edge.com\/2020-01-01\/880554116721_7f09da813e5b80b5a0a0_72.jpg",
            "first_name": "",
            "real_name": "Cesar SysCtrl Software",
            "display_name": "Cesar SysCtrl Software",
            "team": "TJH5YU202",
            "name": "sysctrlsoftware",
            "is_restricted": false,
            "is_ultra_restricted": false
        }
    },
    {
        "client_msg_id": "e5882fec-fd2d-40d1-bcb3-3b2fce3c7e1f",
        "type": "message",
        "text": "C:\\mod_harbour\\contribs\\windows\\pdf64xhbhbwinhbcthbcurlhbsqlite&gt;link.exe \/MACHINE:amd64 -nxcompat -dynamicbase -nologo s\nhell.obj sqlite3.obj -dll -subsystem:console -libpath:c:\/harbour_for_modharbour\/lib\/win\/msvc64 -def:harbour.def -nodefau\nltlib:libcmt.lib -out:\"libharbour.dll\" @libs.txt @windows.txt\nLINK : fatal error LNK1181: no se puede abrir el archivo de entrada 'libcurl.lib'\n\nC:\\mod_harbour\\contribs\\windows\\pdf64xhbhbwinhbcthbcurlhbsqlite&gt;link.exe \/MACHINE:amd64 -nxcompat -dynamicbase -nologo s\nhell.obj sqlite3.obj -dll -subsystem:console -libpath:c:\/harbour_for_modharbour\/lib\/win\/msvc64 -def:harbour.def -nodefau\nltlib:libcmt.lib -out:\"libharbour.dll\" @libs.txt @windows.txt\n   Creando biblioteca libharbour.lib y objeto libharbour.exp\n\nC:\\mod_harbour\\contribs\\windows\\pdf64xhbhbwinhbcthbcurlhbsqlite&gt;",
        "user": "UJH8HAJQ2",
        "ts": "1571244727.264000",
        "team": "TJH5YU202",
        "user_team": "TJH5YU202",
        "source_team": "TJH5YU202",
        "user_profile": {
            "avatar_hash": "gd4241009ed4",
            "image_72": "https:\/\/secure.gravatar.com\/avatar\/aad4241009ed4c434918eb9bc2df89be.jpg?s=72&d=https%3A%2F%2Fa.slack-edge.com%2Fdf10d%2Fimg%2Favatars%2Fava_0015-72.png",
            "first_name": "",
            "real_name": "Guillermo Varona Silupú",
            "display_name": "Guillermo Varona Silupú",
            "team": "TJH5YU202",
            "name": "gvaronas",
            "is_restricted": false,
            "is_ultra_restricted": false
        }
    },
    {
        "client_msg_id": "71dcfd3c-a8db-4f90-bc62-b3d0ad3c955f",
        "type": "message",
        "text": "Asi quedan la dll:\nC:\\mod_harbour\\contribs\\windows\\pdf64xhbhbwinhbcthbcurlhbsqlite&gt;dir\n El volumen de la unidad C es Win81Pro\n El número de serie del volumen es: 62C0-A50C\n\n Directorio de C:\\mod_harbour\\contribs\\windows\\pdf64xhbhbwinhbcthbcurlhbsqlite\n\n16\/10\/2019  11:49 a.m.    &lt;DIR&gt;          .\n16\/10\/2019  11:49 a.m.    &lt;DIR&gt;          ..\n15\/10\/2019  04:19 p.m.               349 go.bat\n15\/10\/2019  04:19 p.m.           107,241 harbour.def\n16\/10\/2019  11:49 a.m.         7,189,504 libharbour.dll\n16\/10\/2019  11:49 a.m.           705,156 libharbour.exp\n16\/10\/2019  10:21 a.m.         1,177,672 libharbour.lib\n15\/10\/2019  04:19 p.m.               502 libs.txt\n15\/10\/2019  04:19 p.m.           340,630 shell.obj\n15\/10\/2019  04:19 p.m.         1,458,364 sqlite3.obj\n15\/10\/2019  04:19 p.m.               230 windows.txt\n               9 archivos     10,979,648 bytes\n               2 dirs  46,990,471,168 bytes libres\n\nC:\\mod_harbour\\contribs\\windows\\pdf64xhbhbwinhbcthbcurlhbsqlite&gt;",
        "user": "UJH8HAJQ2",
        "ts": "1571244798.264800",
        "team": "TJH5YU202",
        "user_team": "TJH5YU202",
        "source_team": "TJH5YU202",
        "user_profile": {
            "avatar_hash": "gd4241009ed4",
            "image_72": "https:\/\/secure.gravatar.com\/avatar\/aad4241009ed4c434918eb9bc2df89be.jpg?s=72&d=https%3A%2F%2Fa.slack-edge.com%2Fdf10d%2Fimg%2Favatars%2Fava_0015-72.png",
            "first_name": "",
            "real_name": "Guillermo Varona Silupú",
            "display_name": "Guillermo Varona Silupú",
            "team": "TJH5YU202",
            "name": "gvaronas",
            "is_restricted": false,
            "is_ultra_restricted": false
        }
    },
    {
        "client_msg_id": "8e30c0bf-7a03-4bba-9c2e-831cd6ad767a",
        "type": "message",
        "text": "me parece raro el tamaño de la DLL (7,189,504 libharbour.dll), pero no me dió ningún error",
        "user": "UJH8HAJQ2",
        "ts": "1571244847.265600",
        "team": "TJH5YU202",
        "user_team": "TJH5YU202",
        "source_team": "TJH5YU202",
        "user_profile": {
            "avatar_hash": "gd4241009ed4",
            "image_72": "https:\/\/secure.gravatar.com\/avatar\/aad4241009ed4c434918eb9bc2df89be.jpg?s=72&d=https%3A%2F%2Fa.slack-edge.com%2Fdf10d%2Fimg%2Favatars%2Fava_0015-72.png",
            "first_name": "",
            "real_name": "Guillermo Varona Silupú",
            "display_name": "Guillermo Varona Silupú",
            "team": "TJH5YU202",
            "name": "gvaronas",
            "is_restricted": false,
            "is_ultra_restricted": false
        }
    },
    {
        "client_msg_id": "6370230c-3baa-4922-b7ba-e699bb8a3de6",
        "type": "message",
        "text": "Tengo Win 8.1 Pro",
        "user": "UJH8HAJQ2",
        "ts": "1571244915.265900",
        "team": "TJH5YU202",
        "user_team": "TJH5YU202",
        "source_team": "TJH5YU202",
        "user_profile": {
            "avatar_hash": "gd4241009ed4",
            "image_72": "https:\/\/secure.gravatar.com\/avatar\/aad4241009ed4c434918eb9bc2df89be.jpg?s=72&d=https%3A%2F%2Fa.slack-edge.com%2Fdf10d%2Fimg%2Favatars%2Fava_0015-72.png",
            "first_name": "",
            "real_name": "Guillermo Varona Silupú",
            "display_name": "Guillermo Varona Silupú",
            "team": "TJH5YU202",
            "name": "gvaronas",
            "is_restricted": false,
            "is_ultra_restricted": false
        }
    },
    {
        "client_msg_id": "ace38464-8b9b-4987-9180-1b2cb642fa68",
        "type": "message",
        "text": "Cesar a mi también me salían Símbolos externos sin resolver en Apache_dyn.obj, lo que hice fue generar nuevamente todas las contribs, como indico en el Word que subí",
        "user": "UJH8HAJQ2",
        "ts": "1571245070.267400",
        "team": "TJH5YU202",
        "user_team": "TJH5YU202",
        "source_team": "TJH5YU202",
        "user_profile": {
            "avatar_hash": "gd4241009ed4",
            "image_72": "https:\/\/secure.gravatar.com\/avatar\/aad4241009ed4c434918eb9bc2df89be.jpg?s=72&d=https%3A%2F%2Fa.slack-edge.com%2Fdf10d%2Fimg%2Favatars%2Fava_0015-72.png",
            "first_name": "",
            "real_name": "Guillermo Varona Silupú",
            "display_name": "Guillermo Varona Silupú",
            "team": "TJH5YU202",
            "name": "gvaronas",
            "is_restricted": false,
            "is_ultra_restricted": false
        }
    },
    {
        "client_msg_id": "35056f1a-ad37-471d-98fe-b7d25558eed9",
        "type": "message",
        "text": "exacto la dll queda de muchos HB",
        "user": "UK28N3CER",
        "ts": "1571247595.267900",
        "team": "TJH5YU202",
        "user_team": "TJH5YU202",
        "source_team": "TJH5YU202",
        "user_profile": {
            "avatar_hash": "7f09da813e5b",
            "image_72": "https:\/\/avatars.slack-edge.com\/2020-01-01\/880554116721_7f09da813e5b80b5a0a0_72.jpg",
            "first_name": "",
            "real_name": "Cesar SysCtrl Software",
            "display_name": "Cesar SysCtrl Software",
            "team": "TJH5YU202",
            "name": "sysctrlsoftware",
            "is_restricted": false,
            "is_ultra_restricted": false
        }
    },
    {
        "client_msg_id": "405a4ff1-4555-42ee-9ba1-97e748b0a54c",
        "type": "message",
        "text": "muy grande,",
        "user": "UK28N3CER",
        "ts": "1571247606.268100",
        "team": "TJH5YU202",
        "user_team": "TJH5YU202",
        "source_team": "TJH5YU202",
        "user_profile": {
            "avatar_hash": "7f09da813e5b",
            "image_72": "https:\/\/avatars.slack-edge.com\/2020-01-01\/880554116721_7f09da813e5b80b5a0a0_72.jpg",
            "first_name": "",
            "real_name": "Cesar SysCtrl Software",
            "display_name": "Cesar SysCtrl Software",
            "team": "TJH5YU202",
            "name": "sysctrlsoftware",
            "is_restricted": false,
            "is_ultra_restricted": false
        }
    },
    {
        "client_msg_id": "07a78c19-bad9-458e-a6da-1e08c1b45b7d",
        "type": "message",
        "text": "y el ultimo que yo baje de git de mod harbour tiene un tamaño muy pequeño.  apenas de 5,883 k",
        "user": "UK28N3CER",
        "ts": "1571247706.269000",
        "team": "TJH5YU202",
        "user_team": "TJH5YU202",
        "source_team": "TJH5YU202",
        "user_profile": {
            "avatar_hash": "7f09da813e5b",
            "image_72": "https:\/\/avatars.slack-edge.com\/2020-01-01\/880554116721_7f09da813e5b80b5a0a0_72.jpg",
            "first_name": "",
            "real_name": "Cesar SysCtrl Software",
            "display_name": "Cesar SysCtrl Software",
            "team": "TJH5YU202",
            "name": "sysctrlsoftware",
            "is_restricted": false,
            "is_ultra_restricted": false
        }
    },
    {
        "client_msg_id": "0954cc1e-44a5-4f66-942f-db3380e9b9a0",
        "type": "message",
        "text": "que alguien me explique porque queda muy grande la DLL de libharbour.dll",
        "user": "UK28N3CER",
        "ts": "1571248099.269600",
        "team": "TJH5YU202",
        "user_team": "TJH5YU202",
        "source_team": "TJH5YU202",
        "user_profile": {
            "avatar_hash": "7f09da813e5b",
            "image_72": "https:\/\/avatars.slack-edge.com\/2020-01-01\/880554116721_7f09da813e5b80b5a0a0_72.jpg",
            "first_name": "",
            "real_name": "Cesar SysCtrl Software",
            "display_name": "Cesar SysCtrl Software",
            "team": "TJH5YU202",
            "name": "sysctrlsoftware",
            "is_restricted": false,
            "is_ultra_restricted": false
        }
    },
    {
        "client_msg_id": "44cf60f4-4dbd-4eee-aee1-f9e49d0e7119",
        "type": "message",
        "text": "Espera Cesar, pero dice que son bytes, no kbytes",
        "user": "UJH8HAJQ2",
        "ts": "1571248654.270400",
        "team": "TJH5YU202",
        "user_team": "TJH5YU202",
        "source_team": "TJH5YU202",
        "user_profile": {
            "avatar_hash": "gd4241009ed4",
            "image_72": "https:\/\/secure.gravatar.com\/avatar\/aad4241009ed4c434918eb9bc2df89be.jpg?s=72&d=https%3A%2F%2Fa.slack-edge.com%2Fdf10d%2Fimg%2Favatars%2Fava_0015-72.png",
            "first_name": "",
            "real_name": "Guillermo Varona Silupú",
            "display_name": "Guillermo Varona Silupú",
            "team": "TJH5YU202",
            "name": "gvaronas",
            "is_restricted": false,
            "is_ultra_restricted": false
        }
    },
    {
        "client_msg_id": "ee0d88b6-fa99-4865-8340-16a867f9e9ea",
        "type": "message",
        "text": "pero igual, creo que me emocione y ya me perdí, ahora leyendo por allí dice que debo tener un archivo con extensión \".so\", creo que alguien dijo por alli que los \".lib\" son a \".so\", en fin voy a seguir experimentando",
        "user": "UJH8HAJQ2",
        "ts": "1571248937.273300",
        "team": "TJH5YU202",
        "user_team": "TJH5YU202",
        "source_team": "TJH5YU202",
        "user_profile": {
            "avatar_hash": "gd4241009ed4",
            "image_72": "https:\/\/secure.gravatar.com\/avatar\/aad4241009ed4c434918eb9bc2df89be.jpg?s=72&d=https%3A%2F%2Fa.slack-edge.com%2Fdf10d%2Fimg%2Favatars%2Fava_0015-72.png",
            "first_name": "",
            "real_name": "Guillermo Varona Silupú",
            "display_name": "Guillermo Varona Silupú",
            "team": "TJH5YU202",
            "name": "gvaronas",
            "is_restricted": false,
            "is_ultra_restricted": false
        }
    },
    {
        "client_msg_id": "8dfb47c8-88cf-46c9-94b2-2099fd3e1a61",
        "type": "message",
        "text": "en c:\\xampp\\htdocs\\libharbour.dll es  mucho muy pequeño,",
        "user": "UK28N3CER",
        "ts": "1571249684.274600",
        "team": "TJH5YU202",
        "user_team": "TJH5YU202",
        "source_team": "TJH5YU202",
        "user_profile": {
            "avatar_hash": "7f09da813e5b",
            "image_72": "https:\/\/avatars.slack-edge.com\/2020-01-01\/880554116721_7f09da813e5b80b5a0a0_72.jpg",
            "first_name": "",
            "real_name": "Cesar SysCtrl Software",
            "display_name": "Cesar SysCtrl Software",
            "team": "TJH5YU202",
            "name": "sysctrlsoftware",
            "is_restricted": false,
            "is_ultra_restricted": false
        }
    },
    {
        "client_msg_id": "853de959-1bd7-41d8-9fc4-0fca74705d3b",
        "type": "message",
        "text": "el que viene del git de mod_habour",
        "user": "UK28N3CER",
        "ts": "1571249699.275200",
        "team": "TJH5YU202",
        "user_team": "TJH5YU202",
        "source_team": "TJH5YU202",
        "user_profile": {
            "avatar_hash": "7f09da813e5b",
            "image_72": "https:\/\/avatars.slack-edge.com\/2020-01-01\/880554116721_7f09da813e5b80b5a0a0_72.jpg",
            "first_name": "",
            "real_name": "Cesar SysCtrl Software",
            "display_name": "Cesar SysCtrl Software",
            "team": "TJH5YU202",
            "name": "sysctrlsoftware",
            "is_restricted": false,
            "is_ultra_restricted": false
        }
    },
    {
        "client_msg_id": "2f39686e-3f85-493f-bc8f-ab0397e18ae8",
        "type": "message",
        "text": "Ahora apache me dice\n\n01:13:39 p.m.  [Apache] \tStatus change detected: stopped\n01:13:39 p.m.  [Apache] \tError: Apache shutdown unexpectedly.\n01:13:39 p.m.  [Apache] \tThis may be due to a blocked port, missing dependencies,\n01:13:39 p.m.  [Apache] \timproper privileges, a crash, or a shutdown by another method.\n01:13:39 p.m.  [Apache] \tPress the Logs button to view error logs and check\n01:13:39 p.m.  [Apache] \tthe Windows Event Viewer for more clues\n01:13:39 p.m.  [Apache] \tIf you need more help, copy and post this\n01:13:39 p.m.  [Apache] \tentire log window on the forums\n\ny creo que es porque he generado para 64 y el apache que tengo es de 32",
        "user": "UJH8HAJQ2",
        "ts": "1571249703.275300",
        "team": "TJH5YU202",
        "user_team": "TJH5YU202",
        "source_team": "TJH5YU202",
        "user_profile": {
            "avatar_hash": "gd4241009ed4",
            "image_72": "https:\/\/secure.gravatar.com\/avatar\/aad4241009ed4c434918eb9bc2df89be.jpg?s=72&d=https%3A%2F%2Fa.slack-edge.com%2Fdf10d%2Fimg%2Favatars%2Fava_0015-72.png",
            "first_name": "",
            "real_name": "Guillermo Varona Silupú",
            "display_name": "Guillermo Varona Silupú",
            "team": "TJH5YU202",
            "name": "gvaronas",
            "is_restricted": false,
            "is_ultra_restricted": false
        }
    },
    {
        "client_msg_id": "f3259f7e-62e5-4955-93b4-c8f0ee665ee7",
        "type": "message",
        "text": "eso puede ser,,",
        "user": "UK28N3CER",
        "ts": "1571249735.275500",
        "team": "TJH5YU202",
        "user_team": "TJH5YU202",
        "source_team": "TJH5YU202",
        "user_profile": {
            "avatar_hash": "7f09da813e5b",
            "image_72": "https:\/\/avatars.slack-edge.com\/2020-01-01\/880554116721_7f09da813e5b80b5a0a0_72.jpg",
            "first_name": "",
            "real_name": "Cesar SysCtrl Software",
            "display_name": "Cesar SysCtrl Software",
            "team": "TJH5YU202",
            "name": "sysctrlsoftware",
            "is_restricted": false,
            "is_ultra_restricted": false
        }
    },
    {
        "client_msg_id": "8b298ab9-7014-439e-98d9-05639d27a64c",
        "type": "message",
        "text": "yo en mi servidor tengo 64",
        "user": "UK28N3CER",
        "ts": "1571249745.275800",
        "team": "TJH5YU202",
        "user_team": "TJH5YU202",
        "source_team": "TJH5YU202",
        "user_profile": {
            "avatar_hash": "7f09da813e5b",
            "image_72": "https:\/\/avatars.slack-edge.com\/2020-01-01\/880554116721_7f09da813e5b80b5a0a0_72.jpg",
            "first_name": "",
            "real_name": "Cesar SysCtrl Software",
            "display_name": "Cesar SysCtrl Software",
            "team": "TJH5YU202",
            "name": "sysctrlsoftware",
            "is_restricted": false,
            "is_ultra_restricted": false
        },
        "thread_ts": "1571249745.275800",
        "reply_count": 6,
        "reply_users_count": 2,
        "latest_reply": "1571254223.278400",
        "reply_users": [
            "UJH8HAJQ2",
            "UK28N3CER"
        ],
        "replies": [
            {
                "user": "UJH8HAJQ2",
                "ts": "1571251111.276200"
            },
            {
                "user": "UK28N3CER",
                "ts": "1571252130.277600"
            },
            {
                "user": "UK28N3CER",
                "ts": "1571252152.277800"
            },
            {
                "user": "UK28N3CER",
                "ts": "1571252177.278000"
            },
            {
                "user": "UJH8HAJQ2",
                "ts": "1571252955.278200"
            },
            {
                "user": "UK28N3CER",
                "ts": "1571254223.278400"
            }
        ],
        "subscribed": false
    },
    {
        "client_msg_id": "838103b8-72d6-4e1a-ae45-e158e3d5fed2",
        "type": "message",
        "text": "Cesar no entiendo como solo 2 megas te preocupan tanto",
        "user": "UM81W8B0Q",
        "ts": "1571249998.276100",
        "team": "TJH5YU202",
        "user_team": "TJH5YU202",
        "source_team": "TJH5YU202",
        "user_profile": {
            "avatar_hash": "gab9279ee8c0",
            "image_72": "https:\/\/secure.gravatar.com\/avatar\/73ab9279ee8c00f66ce4904d30146c8f.jpg?s=72&d=https%3A%2F%2Fa.slack-edge.com%2Fdf10d%2Fimg%2Favatars%2Fava_0010-72.png",
            "first_name": "",
            "real_name": "Angel Pais",
            "display_name": "Angel Pais",
            "team": "TJH5YU202",
            "name": "amigosam",
            "is_restricted": false,
            "is_ultra_restricted": false
        }
    },
    {
        "client_msg_id": "af91027a-7696-4167-9944-4a539bb1b27b",
        "type": "message",
        "text": "César te puedo enviar los archivos para que pruebes?",
        "user": "UJH8HAJQ2",
        "ts": "1571251111.276200",
        "team": "TJH5YU202",
        "user_team": "TJH5YU202",
        "source_team": "TJH5YU202",
        "user_profile": {
            "avatar_hash": "gd4241009ed4",
            "image_72": "https:\/\/secure.gravatar.com\/avatar\/aad4241009ed4c434918eb9bc2df89be.jpg?s=72&d=https%3A%2F%2Fa.slack-edge.com%2Fdf10d%2Fimg%2Favatars%2Fava_0015-72.png",
            "first_name": "",
            "real_name": "Guillermo Varona Silupú",
            "display_name": "Guillermo Varona Silupú",
            "team": "TJH5YU202",
            "name": "gvaronas",
            "is_restricted": false,
            "is_ultra_restricted": false
        },
        "thread_ts": "1571249745.275800",
        "parent_user_id": "UK28N3CER"
    },
    {
        "client_msg_id": "f3dda0c6-e928-4340-9415-33c46517fcd4",
        "type": "message",
        "text": "jeje",
        "user": "UK28N3CER",
        "ts": "1571251398.276500",
        "team": "TJH5YU202",
        "user_team": "TJH5YU202",
        "source_team": "TJH5YU202",
        "user_profile": {
            "avatar_hash": "7f09da813e5b",
            "image_72": "https:\/\/avatars.slack-edge.com\/2020-01-01\/880554116721_7f09da813e5b80b5a0a0_72.jpg",
            "first_name": "",
            "real_name": "Cesar SysCtrl Software",
            "display_name": "Cesar SysCtrl Software",
            "team": "TJH5YU202",
            "name": "sysctrlsoftware",
            "is_restricted": false,
            "is_ultra_restricted": false
        }
    },
    {
        "client_msg_id": "f10c360b-8743-4dae-aa65-160e2697bd2f",
        "type": "message",
        "text": "Marcelo enviame la dll",
        "user": "UK28N3CER",
        "ts": "1571251410.276800",
        "team": "TJH5YU202",
        "user_team": "TJH5YU202",
        "source_team": "TJH5YU202",
        "user_profile": {
            "avatar_hash": "7f09da813e5b",
            "image_72": "https:\/\/avatars.slack-edge.com\/2020-01-01\/880554116721_7f09da813e5b80b5a0a0_72.jpg",
            "first_name": "",
            "real_name": "Cesar SysCtrl Software",
            "display_name": "Cesar SysCtrl Software",
            "team": "TJH5YU202",
            "name": "sysctrlsoftware",
            "is_restricted": false,
            "is_ultra_restricted": false
        }
    },
    {
        "client_msg_id": "22dbd1c2-1efd-484e-91e7-a4dd2ac547d0",
        "type": "message",
        "text": "a ver si funciona en 64",
        "user": "UK28N3CER",
        "ts": "1571251416.277100",
        "team": "TJH5YU202",
        "user_team": "TJH5YU202",
        "source_team": "TJH5YU202",
        "user_profile": {
            "avatar_hash": "7f09da813e5b",
            "image_72": "https:\/\/avatars.slack-edge.com\/2020-01-01\/880554116721_7f09da813e5b80b5a0a0_72.jpg",
            "first_name": "",
            "real_name": "Cesar SysCtrl Software",
            "display_name": "Cesar SysCtrl Software",
            "team": "TJH5YU202",
            "name": "sysctrlsoftware",
            "is_restricted": false,
            "is_ultra_restricted": false
        }
    },
    {
        "client_msg_id": "e64bca34-a5ae-445a-a95c-bad24e41827e",
        "type": "message",
        "text": "PERDON,, QUE OSO,  Guillermo,",
        "user": "UK28N3CER",
        "ts": "1571251437.277500",
        "team": "TJH5YU202",
        "user_team": "TJH5YU202",
        "source_team": "TJH5YU202",
        "user_profile": {
            "avatar_hash": "7f09da813e5b",
            "image_72": "https:\/\/avatars.slack-edge.com\/2020-01-01\/880554116721_7f09da813e5b80b5a0a0_72.jpg",
            "first_name": "",
            "real_name": "Cesar SysCtrl Software",
            "display_name": "Cesar SysCtrl Software",
            "team": "TJH5YU202",
            "name": "sysctrlsoftware",
            "is_restricted": false,
            "is_ultra_restricted": false
        }
    },
    {
        "client_msg_id": "4eed590b-958c-4987-be14-9942ace875aa",
        "type": "message",
        "text": "Enviame los files Guillermo",
        "user": "UK28N3CER",
        "ts": "1571252130.277600",
        "team": "TJH5YU202",
        "user_team": "TJH5YU202",
        "source_team": "TJH5YU202",
        "user_profile": {
            "avatar_hash": "7f09da813e5b",
            "image_72": "https:\/\/avatars.slack-edge.com\/2020-01-01\/880554116721_7f09da813e5b80b5a0a0_72.jpg",
            "first_name": "",
            "real_name": "Cesar SysCtrl Software",
            "display_name": "Cesar SysCtrl Software",
            "team": "TJH5YU202",
            "name": "sysctrlsoftware",
            "is_restricted": false,
            "is_ultra_restricted": false
        },
        "thread_ts": "1571249745.275800",
        "parent_user_id": "UK28N3CER"
    },
    {
        "client_msg_id": "41f64026-6881-459b-ad62-2ac1dd1cb6ba",
        "type": "message",
        "text": "Cuando puedas",
        "user": "UK28N3CER",
        "ts": "1571252152.277800",
        "team": "TJH5YU202",
        "user_team": "TJH5YU202",
        "source_team": "TJH5YU202",
        "user_profile": {
            "avatar_hash": "7f09da813e5b",
            "image_72": "https:\/\/avatars.slack-edge.com\/2020-01-01\/880554116721_7f09da813e5b80b5a0a0_72.jpg",
            "first_name": "",
            "real_name": "Cesar SysCtrl Software",
            "display_name": "Cesar SysCtrl Software",
            "team": "TJH5YU202",
            "name": "sysctrlsoftware",
            "is_restricted": false,
            "is_ultra_restricted": false
        },
        "thread_ts": "1571249745.275800",
        "parent_user_id": "UK28N3CER"
    },
    {
        "client_msg_id": "ff14630c-be9f-488c-a6ef-82311ee31101",
        "type": "message",
        "text": "Ya estoy compilando las contribuciones",
        "user": "UK28N3CER",
        "ts": "1571252177.278000",
        "team": "TJH5YU202",
        "user_team": "TJH5YU202",
        "source_team": "TJH5YU202",
        "user_profile": {
            "avatar_hash": "7f09da813e5b",
            "image_72": "https:\/\/avatars.slack-edge.com\/2020-01-01\/880554116721_7f09da813e5b80b5a0a0_72.jpg",
            "first_name": "",
            "real_name": "Cesar SysCtrl Software",
            "display_name": "Cesar SysCtrl Software",
            "team": "TJH5YU202",
            "name": "sysctrlsoftware",
            "is_restricted": false,
            "is_ultra_restricted": false
        },
        "thread_ts": "1571249745.275800",
        "parent_user_id": "UK28N3CER"
    },
    {
        "client_msg_id": "a9748330-d641-4786-b319-4a13dff7929c",
        "type": "message",
        "text": "Cesar envíame un correo a donde los pueda enviar o compartir",
        "user": "UJH8HAJQ2",
        "ts": "1571252955.278200",
        "team": "TJH5YU202",
        "user_team": "TJH5YU202",
        "source_team": "TJH5YU202",
        "user_profile": {
            "avatar_hash": "gd4241009ed4",
            "image_72": "https:\/\/secure.gravatar.com\/avatar\/aad4241009ed4c434918eb9bc2df89be.jpg?s=72&d=https%3A%2F%2Fa.slack-edge.com%2Fdf10d%2Fimg%2Favatars%2Fava_0015-72.png",
            "first_name": "",
            "real_name": "Guillermo Varona Silupú",
            "display_name": "Guillermo Varona Silupú",
            "team": "TJH5YU202",
            "name": "gvaronas",
            "is_restricted": false,
            "is_ultra_restricted": false
        },
        "thread_ts": "1571249745.275800",
        "parent_user_id": "UK28N3CER"
    },
    {
        "client_msg_id": "3f004aa6-9dc1-4ae4-a04b-143c2136c47e",
        "type": "message",
        "text": "<mailto:Sysctrlsoftware@gmail.com|Sysctrlsoftware@gmail.com>",
        "user": "UK28N3CER",
        "ts": "1571254223.278400",
        "team": "TJH5YU202",
        "user_team": "TJH5YU202",
        "source_team": "TJH5YU202",
        "user_profile": {
            "avatar_hash": "7f09da813e5b",
            "image_72": "https:\/\/avatars.slack-edge.com\/2020-01-01\/880554116721_7f09da813e5b80b5a0a0_72.jpg",
            "first_name": "",
            "real_name": "Cesar SysCtrl Software",
            "display_name": "Cesar SysCtrl Software",
            "team": "TJH5YU202",
            "name": "sysctrlsoftware",
            "is_restricted": false,
            "is_ultra_restricted": false
        },
        "thread_ts": "1571249745.275800",
        "parent_user_id": "UK28N3CER"
    },
    {
        "client_msg_id": "879dbb09-ad11-4ca1-9ca2-f7fbaf773015",
        "type": "message",
        "text": "Cesar ya vi que no trabaja el modulo, he instalado apache para 64 desde 0, con los archivos de github trabaja bien, o sea que es problema de los modulos creados",
        "user": "UJH8HAJQ2",
        "ts": "1571259014.280000",
        "team": "TJH5YU202",
        "user_team": "TJH5YU202",
        "source_team": "TJH5YU202",
        "user_profile": {
            "avatar_hash": "gd4241009ed4",
            "image_72": "https:\/\/secure.gravatar.com\/avatar\/aad4241009ed4c434918eb9bc2df89be.jpg?s=72&d=https%3A%2F%2Fa.slack-edge.com%2Fdf10d%2Fimg%2Favatars%2Fava_0015-72.png",
            "first_name": "",
            "real_name": "Guillermo Varona Silupú",
            "display_name": "Guillermo Varona Silupú",
            "team": "TJH5YU202",
            "name": "gvaronas",
            "is_restricted": false,
            "is_ultra_restricted": false
        }
    },
    {
        "client_msg_id": "280f7642-c3bf-43bf-aa25-73dd208f61de",
        "type": "message",
        "text": "como comentas,  algo falta en la creacion de harbour,",
        "user": "UK28N3CER",
        "ts": "1571261558.280600",
        "team": "TJH5YU202",
        "user_team": "TJH5YU202",
        "source_team": "TJH5YU202",
        "user_profile": {
            "avatar_hash": "7f09da813e5b",
            "image_72": "https:\/\/avatars.slack-edge.com\/2020-01-01\/880554116721_7f09da813e5b80b5a0a0_72.jpg",
            "first_name": "",
            "real_name": "Cesar SysCtrl Software",
            "display_name": "Cesar SysCtrl Software",
            "team": "TJH5YU202",
            "name": "sysctrlsoftware",
            "is_restricted": false,
            "is_ultra_restricted": false
        }
    },
    {
        "client_msg_id": "449a8b8a-f9f3-4fa7-80f8-76e7c5eba292",
        "type": "message",
        "text": "siguiendo el video del viernes sobre como construir Mod_Habour, he logrado construir con fecha de hoy.",
        "user": "UK28N3CER",
        "ts": "1571266323.281400",
        "team": "TJH5YU202",
        "user_team": "TJH5YU202",
        "source_team": "TJH5YU202",
        "user_profile": {
            "avatar_hash": "7f09da813e5b",
            "image_72": "https:\/\/avatars.slack-edge.com\/2020-01-01\/880554116721_7f09da813e5b80b5a0a0_72.jpg",
            "first_name": "",
            "real_name": "Cesar SysCtrl Software",
            "display_name": "Cesar SysCtrl Software",
            "team": "TJH5YU202",
            "name": "sysctrlsoftware",
            "is_restricted": false,
            "is_ultra_restricted": false
        }
    },
    {
        "type": "message",
        "text": "",
        "files": [
            {
                "id": "FP9RAPENM",
                "created": 1571266333,
                "timestamp": 1571266333,
                "name": "image.png",
                "title": "image.png",
                "mimetype": "image\/png",
                "filetype": "png",
                "pretty_type": "PNG",
                "user": "UK28N3CER",
                "editable": false,
                "size": 96464,
                "mode": "hosted",
                "is_external": false,
                "external_type": "",
                "is_public": true,
                "public_url_shared": false,
                "display_as_bot": false,
                "username": "",
                "url_private": "https:\/\/files.slack.com\/files-pri\/TJH5YU202-FP9RAPENM\/image.png?t=xoxe-629202954002-950795328464-950341379620-2ca7f74bb6537751ea5666f8f5e8896e",
                "url_private_download": "https:\/\/files.slack.com\/files-pri\/TJH5YU202-FP9RAPENM\/download\/image.png?t=xoxe-629202954002-950795328464-950341379620-2ca7f74bb6537751ea5666f8f5e8896e",
                "thumb_64": "https:\/\/files.slack.com\/files-tmb\/TJH5YU202-FP9RAPENM-44ee03a63e\/image_64.png?t=xoxe-629202954002-950795328464-950341379620-2ca7f74bb6537751ea5666f8f5e8896e",
                "thumb_80": "https:\/\/files.slack.com\/files-tmb\/TJH5YU202-FP9RAPENM-44ee03a63e\/image_80.png?t=xoxe-629202954002-950795328464-950341379620-2ca7f74bb6537751ea5666f8f5e8896e",
                "thumb_360": "https:\/\/files.slack.com\/files-tmb\/TJH5YU202-FP9RAPENM-44ee03a63e\/image_360.png?t=xoxe-629202954002-950795328464-950341379620-2ca7f74bb6537751ea5666f8f5e8896e",
                "thumb_360_w": 360,
                "thumb_360_h": 188,
                "thumb_480": "https:\/\/files.slack.com\/files-tmb\/TJH5YU202-FP9RAPENM-44ee03a63e\/image_480.png?t=xoxe-629202954002-950795328464-950341379620-2ca7f74bb6537751ea5666f8f5e8896e",
                "thumb_480_w": 480,
                "thumb_480_h": 251,
                "thumb_160": "https:\/\/files.slack.com\/files-tmb\/TJH5YU202-FP9RAPENM-44ee03a63e\/image_160.png?t=xoxe-629202954002-950795328464-950341379620-2ca7f74bb6537751ea5666f8f5e8896e",
                "thumb_720": "https:\/\/files.slack.com\/files-tmb\/TJH5YU202-FP9RAPENM-44ee03a63e\/image_720.png?t=xoxe-629202954002-950795328464-950341379620-2ca7f74bb6537751ea5666f8f5e8896e",
                "thumb_720_w": 720,
                "thumb_720_h": 376,
                "thumb_800": "https:\/\/files.slack.com\/files-tmb\/TJH5YU202-FP9RAPENM-44ee03a63e\/image_800.png?t=xoxe-629202954002-950795328464-950341379620-2ca7f74bb6537751ea5666f8f5e8896e",
                "thumb_800_w": 800,
                "thumb_800_h": 418,
                "thumb_960": "https:\/\/files.slack.com\/files-tmb\/TJH5YU202-FP9RAPENM-44ee03a63e\/image_960.png?t=xoxe-629202954002-950795328464-950341379620-2ca7f74bb6537751ea5666f8f5e8896e",
                "thumb_960_w": 960,
                "thumb_960_h": 501,
                "thumb_1024": "https:\/\/files.slack.com\/files-tmb\/TJH5YU202-FP9RAPENM-44ee03a63e\/image_1024.png?t=xoxe-629202954002-950795328464-950341379620-2ca7f74bb6537751ea5666f8f5e8896e",
                "thumb_1024_w": 1024,
                "thumb_1024_h": 535,
                "image_exif_rotation": 1,
                "original_w": 1342,
                "original_h": 701,
                "thumb_tiny": "AwAZADDQG0jnFKFXtTQB6frThx2\/WgBdo9KNooBPp+tLQAm0UhUY6U6g9DQBX71JkE9Kj705e1ADwR2H6Uo60UDrQA6iikPSgD\/\/2Q==",
                "permalink": "https:\/\/harbourproject.slack.com\/files\/UK28N3CER\/FP9RAPENM\/image.png",
                "permalink_public": "https:\/\/slack-files.com\/TJH5YU202-FP9RAPENM-fb80c791c2",
                "is_starred": false,
                "has_rich_preview": false
            }
        ],
        "upload": true,
        "user": "UK28N3CER",
        "display_as_bot": false,
        "ts": "1571266337.281500",
        "client_msg_id": "f8e263d9-73b2-46e1-89fb-35f15e43d514"
    },
    {
        "client_msg_id": "a0719e32-b936-4491-a01e-f7212e082b59",
        "type": "message",
        "text": "Build Date Oct. 16 2019 a las 15:42 Mexico.",
        "user": "UK28N3CER",
        "ts": "1571266389.282200",
        "team": "TJH5YU202",
        "user_team": "TJH5YU202",
        "source_team": "TJH5YU202",
        "user_profile": {
            "avatar_hash": "7f09da813e5b",
            "image_72": "https:\/\/avatars.slack-edge.com\/2020-01-01\/880554116721_7f09da813e5b80b5a0a0_72.jpg",
            "first_name": "",
            "real_name": "Cesar SysCtrl Software",
            "display_name": "Cesar SysCtrl Software",
            "team": "TJH5YU202",
            "name": "sysctrlsoftware",
            "is_restricted": false,
            "is_ultra_restricted": false
        }
    },
    {
        "client_msg_id": "771bfa6e-c6ed-48ec-a77f-a0d886ba65c5",
        "type": "message",
        "text": "Gracias a Antonio y Otto, tambien aprendo un poco ingles :grin:",
        "user": "UK28N3CER",
        "ts": "1571268261.282700",
        "team": "TJH5YU202",
        "user_team": "TJH5YU202",
        "source_team": "TJH5YU202",
        "user_profile": {
            "avatar_hash": "7f09da813e5b",
            "image_72": "https:\/\/avatars.slack-edge.com\/2020-01-01\/880554116721_7f09da813e5b80b5a0a0_72.jpg",
            "first_name": "",
            "real_name": "Cesar SysCtrl Software",
            "display_name": "Cesar SysCtrl Software",
            "team": "TJH5YU202",
            "name": "sysctrlsoftware",
            "is_restricted": false,
            "is_ultra_restricted": false
        }
    },
    {
        "client_msg_id": "f03dbe0d-227c-4957-b554-e3b75f829a55",
        "type": "message",
        "text": "buenos dias :sunny:",
        "user": "UJN8D8U3B",
        "ts": "1571289459.283000",
        "team": "TJH5YU202",
        "user_team": "TJH5YU202",
        "source_team": "TJH5YU202",
        "user_profile": {
            "avatar_hash": "g92ad2abcc45",
            "image_72": "https:\/\/secure.gravatar.com\/avatar\/8492ad2abcc45ce53969adcf8420acde.jpg?s=72&d=https%3A%2F%2Fa.slack-edge.com%2Fdf10d%2Fimg%2Favatars%2Fava_0008-72.png",
            "first_name": "",
            "real_name": "Antonio Linares",
            "display_name": "Antonio Linares",
            "team": "TJH5YU202",
            "name": "alinares",
            "is_restricted": false,
            "is_ultra_restricted": false
        }
    },
    {
        "client_msg_id": "530c4c7a-2c81-41bf-9aad-69463a8ea734",
        "type": "message",
        "text": "Muy bien César !!!",
        "user": "UJN8D8U3B",
        "ts": "1571289474.283400",
        "team": "TJH5YU202",
        "user_team": "TJH5YU202",
        "source_team": "TJH5YU202",
        "user_profile": {
            "avatar_hash": "g92ad2abcc45",
            "image_72": "https:\/\/secure.gravatar.com\/avatar\/8492ad2abcc45ce53969adcf8420acde.jpg?s=72&d=https%3A%2F%2Fa.slack-edge.com%2Fdf10d%2Fimg%2Favatars%2Fava_0008-72.png",
            "first_name": "",
            "real_name": "Antonio Linares",
            "display_name": "Antonio Linares",
            "team": "TJH5YU202",
            "name": "alinares",
            "is_restricted": false,
            "is_ultra_restricted": false
        }
    },
    {
        "client_msg_id": "00788d42-7949-47c7-8854-60214ec6ee28",
        "type": "message",
        "text": ":clap::clap::clap:",
        "user": "UJN8D8U3B",
        "ts": "1571289487.283600",
        "team": "TJH5YU202",
        "user_team": "TJH5YU202",
        "source_team": "TJH5YU202",
        "user_profile": {
            "avatar_hash": "g92ad2abcc45",
            "image_72": "https:\/\/secure.gravatar.com\/avatar\/8492ad2abcc45ce53969adcf8420acde.jpg?s=72&d=https%3A%2F%2Fa.slack-edge.com%2Fdf10d%2Fimg%2Favatars%2Fava_0008-72.png",
            "first_name": "",
            "real_name": "Antonio Linares",
            "display_name": "Antonio Linares",
            "team": "TJH5YU202",
            "name": "alinares",
            "is_restricted": false,
            "is_ultra_restricted": false
        }
    }
]