[
    {
        "client_msg_id": "9f847603-c1ef-49a1-8cba-d0eec0acd02a",
        "type": "message",
        "text": "good morning",
        "user": "UJHD6A81H",
        "ts": "1572332435.242000",
        "team": "TJH5YU202",
        "user_team": "TJH5YU202",
        "source_team": "TJH5YU202",
        "user_profile": {
            "avatar_hash": "g6b8073e00e9",
            "image_72": "https:\/\/secure.gravatar.com\/avatar\/b96b8073e00e9eb02bcf05bc1418eb3a.jpg?s=72&d=https%3A%2F%2Fa.slack-edge.com%2Fdf10d%2Fimg%2Favatars%2Fava_0021-72.png",
            "first_name": "Otto",
            "real_name": "Otto Atzwanger",
            "display_name": "Otto",
            "team": "TJH5YU202",
            "name": "otto",
            "is_restricted": false,
            "is_ultra_restricted": false
        }
    },
    {
        "client_msg_id": "7dab0ac9-c52c-4b34-a11e-225dbf5fd147",
        "type": "message",
        "text": "OT: preprocessor code  Wouldn't an extra preprocessor offer much programming comfort. New syntax possibilities for example.",
        "user": "UJHD6A81H",
        "ts": "1572332438.242200",
        "team": "TJH5YU202",
        "user_team": "TJH5YU202",
        "source_team": "TJH5YU202",
        "user_profile": {
            "avatar_hash": "g6b8073e00e9",
            "image_72": "https:\/\/secure.gravatar.com\/avatar\/b96b8073e00e9eb02bcf05bc1418eb3a.jpg?s=72&d=https%3A%2F%2Fa.slack-edge.com%2Fdf10d%2Fimg%2Favatars%2Fava_0021-72.png",
            "first_name": "Otto",
            "real_name": "Otto Atzwanger",
            "display_name": "Otto",
            "team": "TJH5YU202",
            "name": "otto",
            "is_restricted": false,
            "is_ultra_restricted": false
        }
    },
    {
        "client_msg_id": "24c94ba7-1b05-4d13-b11d-5a5ee337050b",
        "type": "message",
        "text": "Syntax\n\n -&gt;PREPRO    file name   UNIQUEID | PACEHOLDER1, Source | PACEHOLDER2, Source | PACEHOLDER3, Source |\n eventlistenerFormAdress.prg\n\ndocument.getElementsByName(\"PACEHOLDER1\")[0].addEventListener('change', doThing|UNIQUEID|);\n      function doThing|UNIQUEID|(){\n         var temp = sessionStorage.getItem('PACEHOLDER3');\n         var PACEHOLDER2 = $.parseJSON(temp);\n         name.staat= this.value;\n         sessionStorage.setItem('PACEHOLDER3', JSON.stringify(name));\n      }\n\n\nsample:\ncall  from prg file\n\n\n-&gt;PREPRO eventlistenerFormAdress.prg  1,  PACEHOLDER1, first_name | PACEHOLDER2, FirstName | PACEHOLDER3, MeldeDaten |\n-&gt;PREPRO eventlistenerFormAdress.prg  2,  PACEHOLDER1, last_name | PACEHOLDER2, LastName | PACEHOLDER3, MeldeDaten |\n-&gt;PREPRO eventlistenerFormAdress.prg  3,  PACEHOLDER1, city_name | PACEHOLDER2, CityName | PACEHOLDER3, MeldeDaten |\n\nOutput from preprocessor\ndocument.getElementsByName(\"first_name\")[0].addEventListener('change', doThing1);\n\n   function doThing1(){\n      var temp = sessionStorage.getItem('MeldeDaten');\n      var name = $.parseJSON(temp);\n      name.FirstName= this.value;\n      sessionStorage.setItem('MeldeDaten', JSON.stringify(name));\n   }",
        "user": "UJHD6A81H",
        "ts": "1572332581.242800",
        "team": "TJH5YU202",
        "user_team": "TJH5YU202",
        "source_team": "TJH5YU202",
        "user_profile": {
            "avatar_hash": "g6b8073e00e9",
            "image_72": "https:\/\/secure.gravatar.com\/avatar\/b96b8073e00e9eb02bcf05bc1418eb3a.jpg?s=72&d=https%3A%2F%2Fa.slack-edge.com%2Fdf10d%2Fimg%2Favatars%2Fava_0021-72.png",
            "first_name": "Otto",
            "real_name": "Otto Atzwanger",
            "display_name": "Otto",
            "team": "TJH5YU202",
            "name": "otto",
            "is_restricted": false,
            "is_ultra_restricted": false
        },
        "edited": {
            "user": "UJHD6A81H",
            "ts": "1572332837.000000"
        }
    },
    {
        "client_msg_id": "3aa7295c-1ae6-44cc-9693-3e6254a1a8ef",
        "type": "message",
        "text": "...",
        "user": "UJHD6A81H",
        "ts": "1572332652.243100",
        "team": "TJH5YU202",
        "user_team": "TJH5YU202",
        "source_team": "TJH5YU202",
        "user_profile": {
            "avatar_hash": "g6b8073e00e9",
            "image_72": "https:\/\/secure.gravatar.com\/avatar\/b96b8073e00e9eb02bcf05bc1418eb3a.jpg?s=72&d=https%3A%2F%2Fa.slack-edge.com%2Fdf10d%2Fimg%2Favatars%2Fava_0021-72.png",
            "first_name": "Otto",
            "real_name": "Otto Atzwanger",
            "display_name": "Otto",
            "team": "TJH5YU202",
            "name": "otto",
            "is_restricted": false,
            "is_ultra_restricted": false
        }
    },
    {
        "client_msg_id": "9d1f354d-11a2-4cd2-8cd6-d24ee5e630ca",
        "type": "message",
        "text": "<https:\/\/medium.com\/swlh\/client-side-storage-an-overview-of-cookies-session-storage-local-storage-and-indexeddb-517f172c88c8>",
        "user": "UJUJLTWMT",
        "ts": "1572343192.245600",
        "team": "TJH5YU202",
        "user_team": "TJH5YU202",
        "source_team": "TJH5YU202",
        "user_profile": {
            "avatar_hash": "a60e3b1ef2d2",
            "image_72": "https:\/\/avatars.slack-edge.com\/2019-08-20\/726246109489_a60e3b1ef2d2c141969d_72.jpg",
            "first_name": "",
            "real_name": "Cristobal",
            "display_name": "Cristobal",
            "team": "TJH5YU202",
            "name": "navarro.cristobal",
            "is_restricted": false,
            "is_ultra_restricted": false
        },
        "attachments": [
            {
                "service_name": "Medium",
                "title": "Local Storage In JavaScript \/ HTML5 Tutorial",
                "title_link": "https:\/\/medium.com\/swlh\/client-side-storage-an-overview-of-cookies-session-storage-local-storage-and-indexeddb-517f172c88c8",
                "text": "A tutorial on how access data from Local Storage, Session Storage and IndexedDB using the JavaScript API.",
                "fallback": "Medium: Local Storage In JavaScript \/ HTML5 Tutorial",
                "image_url": "https:\/\/miro.medium.com\/max\/1200\/0*JrBy3TXEfU9h7V50",
                "fields": [
                    {
                        "title": "Reading time",
                        "value": "4 min read",
                        "short": true
                    }
                ],
                "ts": 1563801945,
                "from_url": "https:\/\/medium.com\/swlh\/client-side-storage-an-overview-of-cookies-session-storage-local-storage-and-indexeddb-517f172c88c8",
                "image_width": 376,
                "image_height": 250,
                "image_bytes": 111082,
                "service_icon": "https:\/\/cdn-images-1.medium.com\/fit\/c\/152\/152\/1*8I-HPL0bfoIzGied-dzOvA.png",
                "id": 1,
                "original_url": "https:\/\/medium.com\/swlh\/client-side-storage-an-overview-of-cookies-session-storage-local-storage-and-indexeddb-517f172c88c8"
            }
        ]
    },
    {
        "client_msg_id": "41636c9c-e9c0-4b05-8f84-bc8e11bb386c",
        "type": "message",
        "text": "Hola Cristóbal... se agradecería un montón tu opinión de estos artículos. Es la mejor manera para aprender. En palabras de Linares sería compartir, compartir y compartir. A ver cuando nos deja la moto...",
        "user": "UJULQCHL5",
        "ts": "1572346282.247100",
        "team": "TJH5YU202",
        "user_team": "TJH5YU202",
        "source_team": "TJH5YU202",
        "user_profile": {
            "avatar_hash": "g7659142325a",
            "image_72": "https:\/\/secure.gravatar.com\/avatar\/c87659142325a3facb661d85281ec091.jpg?s=72&d=https%3A%2F%2Fa.slack-edge.com%2Fdf10d%2Fimg%2Favatars%2Fava_0003-72.png",
            "first_name": "",
            "real_name": "Paquito",
            "display_name": "Paquito",
            "team": "TJH5YU202",
            "name": "hmpaquito",
            "is_restricted": false,
            "is_ultra_restricted": false
        }
    },
    {
        "client_msg_id": "c785823f-8bb4-4abf-a044-a6d7c30fc064",
        "type": "message",
        "text": ":rolling_on_the_floor_laughing: :rolling_on_the_floor_laughing: :rolling_on_the_floor_laughing:",
        "user": "UJWR5N32S",
        "ts": "1572347812.247200",
        "team": "TJH5YU202",
        "user_team": "TJH5YU202",
        "source_team": "TJH5YU202",
        "user_profile": {
            "avatar_hash": "273d3745f7ae",
            "image_72": "https:\/\/avatars.slack-edge.com\/2019-05-20\/634344238497_273d3745f7ae1b176b82_72.jpg",
            "first_name": "Charly",
            "real_name": "Charly",
            "display_name": "Charly",
            "team": "TJH5YU202",
            "name": "carles9000",
            "is_restricted": false,
            "is_ultra_restricted": false
        }
    },
    {
        "client_msg_id": "f791c2fd-c7fb-47a6-b46f-2bb7c6b2bf7a",
        "type": "message",
        "text": "Las motos y los sombreros no son compatibles",
        "user": "UM81W8B0Q",
        "ts": "1572350197.247600",
        "team": "TJH5YU202",
        "user_team": "TJH5YU202",
        "source_team": "TJH5YU202",
        "user_profile": {
            "avatar_hash": "gab9279ee8c0",
            "image_72": "https:\/\/secure.gravatar.com\/avatar\/73ab9279ee8c00f66ce4904d30146c8f.jpg?s=72&d=https%3A%2F%2Fa.slack-edge.com%2Fdf10d%2Fimg%2Favatars%2Fava_0010-72.png",
            "first_name": "",
            "real_name": "Angel Pais",
            "display_name": "Angel Pais",
            "team": "TJH5YU202",
            "name": "amigosam",
            "is_restricted": false,
            "is_ultra_restricted": false
        }
    },
    {
        "client_msg_id": "c0887f5a-aca1-4cc2-a654-579f357ec7e9",
        "type": "message",
        "text": "Digamos que son aerodinamicametne ineficientes.",
        "user": "UM81W8B0Q",
        "ts": "1572350210.247900",
        "team": "TJH5YU202",
        "user_team": "TJH5YU202",
        "source_team": "TJH5YU202",
        "user_profile": {
            "avatar_hash": "gab9279ee8c0",
            "image_72": "https:\/\/secure.gravatar.com\/avatar\/73ab9279ee8c00f66ce4904d30146c8f.jpg?s=72&d=https%3A%2F%2Fa.slack-edge.com%2Fdf10d%2Fimg%2Favatars%2Fava_0010-72.png",
            "first_name": "",
            "real_name": "Angel Pais",
            "display_name": "Angel Pais",
            "team": "TJH5YU202",
            "name": "amigosam",
            "is_restricted": false,
            "is_ultra_restricted": false
        }
    },
    {
        "client_msg_id": "8b6ce257-b7dc-465b-9faf-d9ebbd6c8b40",
        "type": "message",
        "text": "Viva la eficiencia aerodinámica aquí o en Uruguay !",
        "user": "UJULQCHL5",
        "ts": "1572352397.248700",
        "team": "TJH5YU202",
        "user_team": "TJH5YU202",
        "source_team": "TJH5YU202",
        "user_profile": {
            "avatar_hash": "g7659142325a",
            "image_72": "https:\/\/secure.gravatar.com\/avatar\/c87659142325a3facb661d85281ec091.jpg?s=72&d=https%3A%2F%2Fa.slack-edge.com%2Fdf10d%2Fimg%2Favatars%2Fava_0003-72.png",
            "first_name": "",
            "real_name": "Paquito",
            "display_name": "Paquito",
            "team": "TJH5YU202",
            "name": "hmpaquito",
            "is_restricted": false,
            "is_ultra_restricted": false
        }
    },
    {
        "client_msg_id": "10e1eb69-b0de-40d3-ac2a-b33f596fe3b0",
        "type": "message",
        "text": "Lo próximo es un motor eléctrico low-cost para las motos de trial (y otras)... :wink:",
        "user": "UJN8D8U3B",
        "ts": "1572352505.249300",
        "team": "TJH5YU202",
        "user_team": "TJH5YU202",
        "source_team": "TJH5YU202",
        "user_profile": {
            "avatar_hash": "g92ad2abcc45",
            "image_72": "https:\/\/secure.gravatar.com\/avatar\/8492ad2abcc45ce53969adcf8420acde.jpg?s=72&d=https%3A%2F%2Fa.slack-edge.com%2Fdf10d%2Fimg%2Favatars%2Fava_0008-72.png",
            "first_name": "",
            "real_name": "Antonio Linares",
            "display_name": "Antonio Linares",
            "team": "TJH5YU202",
            "name": "alinares",
            "is_restricted": false,
            "is_ultra_restricted": false
        },
        "edited": {
            "user": "UJN8D8U3B",
            "ts": "1572352598.000000"
        }
    },
    {
        "client_msg_id": "d398e6cb-254b-43c2-a653-b31a2799243b",
        "type": "message",
        "text": "los planos disponibles aqui: <https:\/\/github.com\/FiveTechSoft\/engx>",
        "user": "UJN8D8U3B",
        "ts": "1572352553.249600",
        "team": "TJH5YU202",
        "user_team": "TJH5YU202",
        "source_team": "TJH5YU202",
        "user_profile": {
            "avatar_hash": "g92ad2abcc45",
            "image_72": "https:\/\/secure.gravatar.com\/avatar\/8492ad2abcc45ce53969adcf8420acde.jpg?s=72&d=https%3A%2F%2Fa.slack-edge.com%2Fdf10d%2Fimg%2Favatars%2Fava_0008-72.png",
            "first_name": "",
            "real_name": "Antonio Linares",
            "display_name": "Antonio Linares",
            "team": "TJH5YU202",
            "name": "alinares",
            "is_restricted": false,
            "is_ultra_restricted": false
        },
        "edited": {
            "user": "UJN8D8U3B",
            "ts": "1572352564.000000"
        },
        "attachments": [
            {
                "service_name": "GitHub",
                "title": "FiveTechSoft\/engx",
                "title_link": "https:\/\/github.com\/FiveTechSoft\/engx",
                "text": "FiveTech Software Electric Engine project. Contribute to FiveTechSoft\/engx development by creating an account on GitHub.",
                "fallback": "GitHub: FiveTechSoft\/engx",
                "thumb_url": "https:\/\/avatars3.githubusercontent.com\/u\/10235217?s=400&v=4",
                "from_url": "https:\/\/github.com\/FiveTechSoft\/engx",
                "thumb_width": 400,
                "thumb_height": 400,
                "service_icon": "https:\/\/a.slack-edge.com\/80588\/img\/unfurl_icons\/github.png",
                "id": 1,
                "original_url": "https:\/\/github.com\/FiveTechSoft\/engx"
            }
        ]
    },
    {
        "client_msg_id": "3acafda7-836a-4a89-9bb5-dbd8f0148ffa",
        "type": "message",
        "text": "Buen dia 6:37am iniciamos actividades :+1:",
        "user": "UK28N3CER",
        "ts": "1572352695.251100",
        "team": "TJH5YU202",
        "user_team": "TJH5YU202",
        "source_team": "TJH5YU202",
        "user_profile": {
            "avatar_hash": "7f09da813e5b",
            "image_72": "https:\/\/avatars.slack-edge.com\/2020-01-01\/880554116721_7f09da813e5b80b5a0a0_72.jpg",
            "first_name": "",
            "real_name": "Cesar SysCtrl Software",
            "display_name": "Cesar SysCtrl Software",
            "team": "TJH5YU202",
            "name": "sysctrlsoftware",
            "is_restricted": false,
            "is_ultra_restricted": false
        }
    },
    {
        "type": "message",
        "text": "OT:  fexible preprocessor -",
        "files": [
            {
                "id": "FPL9E6TTM",
                "created": 1572374688,
                "timestamp": 1572374688,
                "name": "grafik.png",
                "title": "grafik.png",
                "mimetype": "image\/png",
                "filetype": "png",
                "pretty_type": "PNG",
                "user": "UJHD6A81H",
                "editable": false,
                "size": 98711,
                "mode": "hosted",
                "is_external": false,
                "external_type": "",
                "is_public": true,
                "public_url_shared": false,
                "display_as_bot": false,
                "username": "",
                "url_private": "https:\/\/files.slack.com\/files-pri\/TJH5YU202-FPL9E6TTM\/grafik.png?t=xoxe-629202954002-950795328464-950341379620-2ca7f74bb6537751ea5666f8f5e8896e",
                "url_private_download": "https:\/\/files.slack.com\/files-pri\/TJH5YU202-FPL9E6TTM\/download\/grafik.png?t=xoxe-629202954002-950795328464-950341379620-2ca7f74bb6537751ea5666f8f5e8896e",
                "thumb_64": "https:\/\/files.slack.com\/files-tmb\/TJH5YU202-FPL9E6TTM-bbcdd6914c\/grafik_64.png?t=xoxe-629202954002-950795328464-950341379620-2ca7f74bb6537751ea5666f8f5e8896e",
                "thumb_80": "https:\/\/files.slack.com\/files-tmb\/TJH5YU202-FPL9E6TTM-bbcdd6914c\/grafik_80.png?t=xoxe-629202954002-950795328464-950341379620-2ca7f74bb6537751ea5666f8f5e8896e",
                "thumb_360": "https:\/\/files.slack.com\/files-tmb\/TJH5YU202-FPL9E6TTM-bbcdd6914c\/grafik_360.png?t=xoxe-629202954002-950795328464-950341379620-2ca7f74bb6537751ea5666f8f5e8896e",
                "thumb_360_w": 360,
                "thumb_360_h": 158,
                "thumb_480": "https:\/\/files.slack.com\/files-tmb\/TJH5YU202-FPL9E6TTM-bbcdd6914c\/grafik_480.png?t=xoxe-629202954002-950795328464-950341379620-2ca7f74bb6537751ea5666f8f5e8896e",
                "thumb_480_w": 480,
                "thumb_480_h": 210,
                "thumb_160": "https:\/\/files.slack.com\/files-tmb\/TJH5YU202-FPL9E6TTM-bbcdd6914c\/grafik_160.png?t=xoxe-629202954002-950795328464-950341379620-2ca7f74bb6537751ea5666f8f5e8896e",
                "thumb_720": "https:\/\/files.slack.com\/files-tmb\/TJH5YU202-FPL9E6TTM-bbcdd6914c\/grafik_720.png?t=xoxe-629202954002-950795328464-950341379620-2ca7f74bb6537751ea5666f8f5e8896e",
                "thumb_720_w": 720,
                "thumb_720_h": 316,
                "thumb_800": "https:\/\/files.slack.com\/files-tmb\/TJH5YU202-FPL9E6TTM-bbcdd6914c\/grafik_800.png?t=xoxe-629202954002-950795328464-950341379620-2ca7f74bb6537751ea5666f8f5e8896e",
                "thumb_800_w": 800,
                "thumb_800_h": 351,
                "thumb_960": "https:\/\/files.slack.com\/files-tmb\/TJH5YU202-FPL9E6TTM-bbcdd6914c\/grafik_960.png?t=xoxe-629202954002-950795328464-950341379620-2ca7f74bb6537751ea5666f8f5e8896e",
                "thumb_960_w": 960,
                "thumb_960_h": 421,
                "thumb_1024": "https:\/\/files.slack.com\/files-tmb\/TJH5YU202-FPL9E6TTM-bbcdd6914c\/grafik_1024.png?t=xoxe-629202954002-950795328464-950341379620-2ca7f74bb6537751ea5666f8f5e8896e",
                "thumb_1024_w": 1024,
                "thumb_1024_h": 449,
                "image_exif_rotation": 1,
                "original_w": 1054,
                "original_h": 462,
                "thumb_tiny": "AwAVADCi0r5OHb860xZAgEzS9P7wrJbqa6ELlV57UAVRYqek03\/fQpfsI\/56zf8AfQqz5fvTtv0\/KgCp9gH\/AD1m\/wC+qjnsxHC7iWbKqTy1X8H1qK7\/AOPSX\/dNAGC3U1tLdYUDZ29axW6n61ojoKALX2v\/AGP1o+1\/7H61WooAs\/a\/9j9ajuLnfbyLsxlT3qKmy\/6p\/wDdNAH\/2Q==",
                "permalink": "https:\/\/harbourproject.slack.com\/files\/UJHD6A81H\/FPL9E6TTM\/grafik.png",
                "permalink_public": "https:\/\/slack-files.com\/TJH5YU202-FPL9E6TTM-ba8fc2eed9",
                "is_starred": false,
                "has_rich_preview": false
            }
        ],
        "upload": true,
        "user": "UJHD6A81H",
        "display_as_bot": false,
        "ts": "1572374691.252000",
        "client_msg_id": "e3a53998-fa16-4d05-9f6f-60d5c344d83b"
    },
    {
        "client_msg_id": "a82b30a7-6dc8-4f63-b39d-ed84fd442c33",
        "type": "message",
        "text": "I changed the syntax for better readability.",
        "user": "UJHD6A81H",
        "ts": "1572374740.252700",
        "team": "TJH5YU202",
        "user_team": "TJH5YU202",
        "source_team": "TJH5YU202",
        "user_profile": {
            "avatar_hash": "g6b8073e00e9",
            "image_72": "https:\/\/secure.gravatar.com\/avatar\/b96b8073e00e9eb02bcf05bc1418eb3a.jpg?s=72&d=https%3A%2F%2Fa.slack-edge.com%2Fdf10d%2Fimg%2Favatars%2Fava_0021-72.png",
            "first_name": "Otto",
            "real_name": "Otto Atzwanger",
            "display_name": "Otto",
            "team": "TJH5YU202",
            "name": "otto",
            "is_restricted": false,
            "is_ultra_restricted": false
        }
    },
    {
        "client_msg_id": "fb2bd01e-eb9a-4c49-a9d7-0691fd0ba6e8",
        "type": "message",
        "text": "-&gt;FPP filename.prg UNIQUEID: | &lt;PH1&gt;, Source | &lt;PH2&gt;, Source | &lt;PH3&gt;, Source",
        "user": "UJHD6A81H",
        "ts": "1572374782.253000",
        "team": "TJH5YU202",
        "user_team": "TJH5YU202",
        "source_team": "TJH5YU202",
        "user_profile": {
            "avatar_hash": "g6b8073e00e9",
            "image_72": "https:\/\/secure.gravatar.com\/avatar\/b96b8073e00e9eb02bcf05bc1418eb3a.jpg?s=72&d=https%3A%2F%2Fa.slack-edge.com%2Fdf10d%2Fimg%2Favatars%2Fava_0021-72.png",
            "first_name": "Otto",
            "real_name": "Otto Atzwanger",
            "display_name": "Otto",
            "team": "TJH5YU202",
            "name": "otto",
            "is_restricted": false,
            "is_ultra_restricted": false
        }
    },
    {
        "type": "message",
        "text": "",
        "files": [
            {
                "id": "FPKA60150",
                "created": 1572390120,
                "timestamp": 1572390120,
                "name": "imagen.png",
                "title": "imagen.png",
                "mimetype": "image\/png",
                "filetype": "png",
                "pretty_type": "PNG",
                "user": "UJUJLTWMT",
                "editable": false,
                "size": 244397,
                "mode": "hosted",
                "is_external": false,
                "external_type": "",
                "is_public": true,
                "public_url_shared": false,
                "display_as_bot": false,
                "username": "",
                "url_private": "https:\/\/files.slack.com\/files-pri\/TJH5YU202-FPKA60150\/imagen.png?t=xoxe-629202954002-950795328464-950341379620-2ca7f74bb6537751ea5666f8f5e8896e",
                "url_private_download": "https:\/\/files.slack.com\/files-pri\/TJH5YU202-FPKA60150\/download\/imagen.png?t=xoxe-629202954002-950795328464-950341379620-2ca7f74bb6537751ea5666f8f5e8896e",
                "thumb_64": "https:\/\/files.slack.com\/files-tmb\/TJH5YU202-FPKA60150-d5d1ddc9ce\/imagen_64.png?t=xoxe-629202954002-950795328464-950341379620-2ca7f74bb6537751ea5666f8f5e8896e",
                "thumb_80": "https:\/\/files.slack.com\/files-tmb\/TJH5YU202-FPKA60150-d5d1ddc9ce\/imagen_80.png?t=xoxe-629202954002-950795328464-950341379620-2ca7f74bb6537751ea5666f8f5e8896e",
                "thumb_360": "https:\/\/files.slack.com\/files-tmb\/TJH5YU202-FPKA60150-d5d1ddc9ce\/imagen_360.png?t=xoxe-629202954002-950795328464-950341379620-2ca7f74bb6537751ea5666f8f5e8896e",
                "thumb_360_w": 360,
                "thumb_360_h": 169,
                "thumb_480": "https:\/\/files.slack.com\/files-tmb\/TJH5YU202-FPKA60150-d5d1ddc9ce\/imagen_480.png?t=xoxe-629202954002-950795328464-950341379620-2ca7f74bb6537751ea5666f8f5e8896e",
                "thumb_480_w": 480,
                "thumb_480_h": 226,
                "thumb_160": "https:\/\/files.slack.com\/files-tmb\/TJH5YU202-FPKA60150-d5d1ddc9ce\/imagen_160.png?t=xoxe-629202954002-950795328464-950341379620-2ca7f74bb6537751ea5666f8f5e8896e",
                "thumb_720": "https:\/\/files.slack.com\/files-tmb\/TJH5YU202-FPKA60150-d5d1ddc9ce\/imagen_720.png?t=xoxe-629202954002-950795328464-950341379620-2ca7f74bb6537751ea5666f8f5e8896e",
                "thumb_720_w": 720,
                "thumb_720_h": 339,
                "thumb_800": "https:\/\/files.slack.com\/files-tmb\/TJH5YU202-FPKA60150-d5d1ddc9ce\/imagen_800.png?t=xoxe-629202954002-950795328464-950341379620-2ca7f74bb6537751ea5666f8f5e8896e",
                "thumb_800_w": 800,
                "thumb_800_h": 376,
                "image_exif_rotation": 1,
                "original_w": 850,
                "original_h": 400,
                "thumb_tiny": "AwAWADCoIHY8E802SNoyAT1qR5pDNtjbAHApbp2xETwwBzikMr7W9R\/31Rtb1\/8AHqd5p\/yTShyR1Az\/ALVMQ3a3qP8AvqkwwIye\/rTjIRx1+jGk3k4HTn1oAVwzOSSM03YfapD1NFAEew+1Gw+1SUUARhDntTxHyPm\/SlHWnDtQB\/\/Z",
                "permalink": "https:\/\/harbourproject.slack.com\/files\/UJUJLTWMT\/FPKA60150\/imagen.png",
                "permalink_public": "https:\/\/slack-files.com\/TJH5YU202-FPKA60150-17b9e7ec71",
                "is_starred": false,
                "has_rich_preview": false
            }
        ],
        "upload": true,
        "user": "UJUJLTWMT",
        "display_as_bot": false,
        "ts": "1572390122.253400",
        "client_msg_id": "97f39837-6ec2-48d2-a603-20f91de138fd"
    },
    {
        "client_msg_id": "aae943dd-3284-46a7-8ad5-f66c2bb44b3b",
        "type": "message",
        "text": "buenos dias :sunny:",
        "user": "UJN8D8U3B",
        "ts": "1572414998.253900",
        "team": "TJH5YU202",
        "user_team": "TJH5YU202",
        "source_team": "TJH5YU202",
        "user_profile": {
            "avatar_hash": "g92ad2abcc45",
            "image_72": "https:\/\/secure.gravatar.com\/avatar\/8492ad2abcc45ce53969adcf8420acde.jpg?s=72&d=https%3A%2F%2Fa.slack-edge.com%2Fdf10d%2Fimg%2Favatars%2Fava_0008-72.png",
            "first_name": "",
            "real_name": "Antonio Linares",
            "display_name": "Antonio Linares",
            "team": "TJH5YU202",
            "name": "alinares",
            "is_restricted": false,
            "is_ultra_restricted": false
        }
    }
]