[
    {
        "client_msg_id": "da260f6c-1653-48e7-9ed8-03d39cef869a",
        "type": "message",
        "text": "Buenas",
        "user": "UNAHBRTFA",
        "ts": "1575636450.313100",
        "team": "TJH5YU202",
        "user_team": "TJH5YU202",
        "source_team": "TJH5YU202",
        "user_profile": {
            "avatar_hash": "g3d2a3f4c28c",
            "image_72": "https:\/\/secure.gravatar.com\/avatar\/23d2a3f4c28cebb4cf07e48d02620517.jpg?s=72&d=https%3A%2F%2Fa.slack-edge.com%2Fdf10d%2Fimg%2Favatars%2Fava_0020-72.png",
            "first_name": "Andreu",
            "real_name": "Andreu Botella",
            "display_name": "Andreu Botella",
            "team": "TJH5YU202",
            "name": "andreu.132",
            "is_restricted": false,
            "is_ultra_restricted": false
        },
        "blocks": [
            {
                "type": "rich_text",
                "block_id": "mnz",
                "elements": [
                    {
                        "type": "rich_text_section",
                        "elements": [
                            {
                                "type": "text",
                                "text": "Buenas"
                            }
                        ]
                    }
                ]
            }
        ]
    },
    {
        "client_msg_id": "8eac46fb-64f5-48af-8773-b5300089f5fe",
        "type": "message",
        "text": "¿Alguien de aquí usa OSX y me puede decir dónde harbour instala sus ficheros de includes?",
        "user": "UNAHBRTFA",
        "ts": "1575636509.314100",
        "team": "TJH5YU202",
        "user_team": "TJH5YU202",
        "source_team": "TJH5YU202",
        "user_profile": {
            "avatar_hash": "g3d2a3f4c28c",
            "image_72": "https:\/\/secure.gravatar.com\/avatar\/23d2a3f4c28cebb4cf07e48d02620517.jpg?s=72&d=https%3A%2F%2Fa.slack-edge.com%2Fdf10d%2Fimg%2Favatars%2Fava_0020-72.png",
            "first_name": "Andreu",
            "real_name": "Andreu Botella",
            "display_name": "Andreu Botella",
            "team": "TJH5YU202",
            "name": "andreu.132",
            "is_restricted": false,
            "is_ultra_restricted": false
        },
        "blocks": [
            {
                "type": "rich_text",
                "block_id": "bJaaf",
                "elements": [
                    {
                        "type": "rich_text_section",
                        "elements": [
                            {
                                "type": "text",
                                "text": "¿Alguien de aquí usa OSX y me puede decir dónde harbour instala sus ficheros de includes?"
                            }
                        ]
                    }
                ]
            }
        ]
    },
    {
        "client_msg_id": "bb247eea-dd69-4986-a3d0-d4626ba4e02a",
        "type": "message",
        "text": "Estoy haciendo un pull request al repo de WDO de charly para hacer ADO opcional y meter un script de compilación para linux",
        "user": "UNAHBRTFA",
        "ts": "1575636568.315100",
        "team": "TJH5YU202",
        "user_team": "TJH5YU202",
        "source_team": "TJH5YU202",
        "user_profile": {
            "avatar_hash": "g3d2a3f4c28c",
            "image_72": "https:\/\/secure.gravatar.com\/avatar\/23d2a3f4c28cebb4cf07e48d02620517.jpg?s=72&d=https%3A%2F%2Fa.slack-edge.com%2Fdf10d%2Fimg%2Favatars%2Fava_0020-72.png",
            "first_name": "Andreu",
            "real_name": "Andreu Botella",
            "display_name": "Andreu Botella",
            "team": "TJH5YU202",
            "name": "andreu.132",
            "is_restricted": false,
            "is_ultra_restricted": false
        },
        "blocks": [
            {
                "type": "rich_text",
                "block_id": "xTt",
                "elements": [
                    {
                        "type": "rich_text_section",
                        "elements": [
                            {
                                "type": "text",
                                "text": "Estoy haciendo un pull request al repo de WDO de charly para hacer ADO opcional y meter un script de compilación para linux"
                            }
                        ]
                    }
                ]
            }
        ]
    },
    {
        "client_msg_id": "19c666ac-ab33-4414-a97d-d9004b3e810b",
        "type": "message",
        "text": "un script que funciona exactamente igual en mac excepto en dónde están los includes de harbour",
        "user": "UNAHBRTFA",
        "ts": "1575636598.316000",
        "team": "TJH5YU202",
        "user_team": "TJH5YU202",
        "source_team": "TJH5YU202",
        "user_profile": {
            "avatar_hash": "g3d2a3f4c28c",
            "image_72": "https:\/\/secure.gravatar.com\/avatar\/23d2a3f4c28cebb4cf07e48d02620517.jpg?s=72&d=https%3A%2F%2Fa.slack-edge.com%2Fdf10d%2Fimg%2Favatars%2Fava_0020-72.png",
            "first_name": "Andreu",
            "real_name": "Andreu Botella",
            "display_name": "Andreu Botella",
            "team": "TJH5YU202",
            "name": "andreu.132",
            "is_restricted": false,
            "is_ultra_restricted": false
        },
        "edited": {
            "user": "UNAHBRTFA",
            "ts": "1575636610.000000"
        },
        "blocks": [
            {
                "type": "rich_text",
                "block_id": "+oaDK",
                "elements": [
                    {
                        "type": "rich_text_section",
                        "elements": [
                            {
                                "type": "text",
                                "text": "un script que funciona exactamente igual en mac excepto en dónde están los includes de harbour"
                            }
                        ]
                    }
                ]
            }
        ]
    },
    {
        "client_msg_id": "3130c190-a964-49ab-8d7e-9f5a34e4d545",
        "type": "message",
        "text": "Voy a hacer el pull request igualmente, si no es `\/usr\/local\/include\/harbour` avisadme",
        "user": "UNAHBRTFA",
        "ts": "1575637412.316700",
        "team": "TJH5YU202",
        "user_team": "TJH5YU202",
        "source_team": "TJH5YU202",
        "user_profile": {
            "avatar_hash": "g3d2a3f4c28c",
            "image_72": "https:\/\/secure.gravatar.com\/avatar\/23d2a3f4c28cebb4cf07e48d02620517.jpg?s=72&d=https%3A%2F%2Fa.slack-edge.com%2Fdf10d%2Fimg%2Favatars%2Fava_0020-72.png",
            "first_name": "Andreu",
            "real_name": "Andreu Botella",
            "display_name": "Andreu Botella",
            "team": "TJH5YU202",
            "name": "andreu.132",
            "is_restricted": false,
            "is_ultra_restricted": false
        },
        "blocks": [
            {
                "type": "rich_text",
                "block_id": "iXq",
                "elements": [
                    {
                        "type": "rich_text_section",
                        "elements": [
                            {
                                "type": "text",
                                "text": "Voy a hacer el pull request igualmente, si no es "
                            },
                            {
                                "type": "text",
                                "text": "\/usr\/local\/include\/harbour",
                                "style": {
                                    "code": true
                                }
                            },
                            {
                                "type": "text",
                                "text": " avisadme"
                            }
                        ]
                    }
                ]
            }
        ]
    },
    {
        "client_msg_id": "4dbf6ba6-aacf-47a1-b065-5d42507fcead",
        "type": "message",
        "text": "<@UJWR5N32S> <https:\/\/github.com\/carles9000\/wdo\/pull\/2>",
        "user": "UNAHBRTFA",
        "ts": "1575637880.317000",
        "team": "TJH5YU202",
        "user_team": "TJH5YU202",
        "source_team": "TJH5YU202",
        "user_profile": {
            "avatar_hash": "g3d2a3f4c28c",
            "image_72": "https:\/\/secure.gravatar.com\/avatar\/23d2a3f4c28cebb4cf07e48d02620517.jpg?s=72&d=https%3A%2F%2Fa.slack-edge.com%2Fdf10d%2Fimg%2Favatars%2Fava_0020-72.png",
            "first_name": "Andreu",
            "real_name": "Andreu Botella",
            "display_name": "Andreu Botella",
            "team": "TJH5YU202",
            "name": "andreu.132",
            "is_restricted": false,
            "is_ultra_restricted": false
        },
        "attachments": [
            {
                "service_name": "GitHub",
                "title": "Making ADO optional and adding a Unix build script. by andreubotella · Pull Request #2 · carles9000\/wdo",
                "title_link": "https:\/\/github.com\/carles9000\/wdo\/pull\/2",
                "text": "I added a WITH_ADO build option which is set when built from build.bat but unset when built from build.sh.",
                "fallback": "GitHub: Making ADO optional and adding a Unix build script. by andreubotella · Pull Request #2 · carles9000\/wdo",
                "thumb_url": "https:\/\/avatars3.githubusercontent.com\/u\/13433884?s=400&v=4",
                "from_url": "https:\/\/github.com\/carles9000\/wdo\/pull\/2",
                "thumb_width": 170,
                "thumb_height": 170,
                "service_icon": "https:\/\/a.slack-edge.com\/80588\/img\/unfurl_icons\/github.png",
                "id": 1,
                "original_url": "https:\/\/github.com\/carles9000\/wdo\/pull\/2"
            }
        ],
        "blocks": [
            {
                "type": "rich_text",
                "block_id": "SI+lC",
                "elements": [
                    {
                        "type": "rich_text_section",
                        "elements": [
                            {
                                "type": "user",
                                "user_id": "UJWR5N32S"
                            },
                            {
                                "type": "text",
                                "text": " "
                            },
                            {
                                "type": "link",
                                "url": "https:\/\/github.com\/carles9000\/wdo\/pull\/2"
                            }
                        ]
                    }
                ]
            }
        ]
    },
    {
        "client_msg_id": "3dc6025e-c53d-4d0a-9ba6-696d97032de7",
        "type": "message",
        "text": "Buen dia a todos; Andreu, yo uso OSX, pero no se, aun así deja lo investigo.",
        "user": "UJUSD6VB2",
        "ts": "1575645567.318100",
        "team": "TJH5YU202",
        "user_team": "TJH5YU202",
        "source_team": "TJH5YU202",
        "user_profile": {
            "avatar_hash": "g1677a02d0b6",
            "image_72": "https:\/\/secure.gravatar.com\/avatar\/bb1677a02d0b69ba91eb245090c7c83a.jpg?s=72&d=https%3A%2F%2Fa.slack-edge.com%2Fdf10d%2Fimg%2Favatars%2Fava_0015-72.png",
            "first_name": "",
            "real_name": "Osvaldo Ramirez",
            "display_name": "Osvaldo Ramirez",
            "team": "TJH5YU202",
            "name": "ramirezosvaldo",
            "is_restricted": false,
            "is_ultra_restricted": false
        },
        "blocks": [
            {
                "type": "rich_text",
                "block_id": "kEM8",
                "elements": [
                    {
                        "type": "rich_text_section",
                        "elements": [
                            {
                                "type": "text",
                                "text": "Buen dia a todos; Andreu, yo uso OSX, pero no se, aun así deja lo investigo."
                            }
                        ]
                    }
                ]
            }
        ]
    },
    {
        "client_msg_id": "87b2cdac-2651-490e-9ef4-fc63efa475f8",
        "type": "message",
        "text": "good morning",
        "user": "UJHD6A81H",
        "ts": "1575704097.318400",
        "team": "TJH5YU202",
        "user_team": "TJH5YU202",
        "source_team": "TJH5YU202",
        "user_profile": {
            "avatar_hash": "g6b8073e00e9",
            "image_72": "https:\/\/secure.gravatar.com\/avatar\/b96b8073e00e9eb02bcf05bc1418eb3a.jpg?s=72&d=https%3A%2F%2Fa.slack-edge.com%2Fdf10d%2Fimg%2Favatars%2Fava_0021-72.png",
            "first_name": "Otto",
            "real_name": "Otto Atzwanger",
            "display_name": "Otto",
            "team": "TJH5YU202",
            "name": "otto",
            "is_restricted": false,
            "is_ultra_restricted": false
        },
        "blocks": [
            {
                "type": "rich_text",
                "block_id": "zuYio",
                "elements": [
                    {
                        "type": "rich_text_section",
                        "elements": [
                            {
                                "type": "text",
                                "text": "good morning"
                            }
                        ]
                    }
                ]
            }
        ]
    },
    {
        "client_msg_id": "9ba449a3-55ed-4e82-8ef9-15a052a01cfe",
        "type": "message",
        "text": "Genisis",
        "user": "UJHD6A81H",
        "ts": "1575704516.318800",
        "team": "TJH5YU202",
        "user_team": "TJH5YU202",
        "source_team": "TJH5YU202",
        "user_profile": {
            "avatar_hash": "g6b8073e00e9",
            "image_72": "https:\/\/secure.gravatar.com\/avatar\/b96b8073e00e9eb02bcf05bc1418eb3a.jpg?s=72&d=https%3A%2F%2Fa.slack-edge.com%2Fdf10d%2Fimg%2Favatars%2Fava_0021-72.png",
            "first_name": "Otto",
            "real_name": "Otto Atzwanger",
            "display_name": "Otto",
            "team": "TJH5YU202",
            "name": "otto",
            "is_restricted": false,
            "is_ultra_restricted": false
        },
        "blocks": [
            {
                "type": "rich_text",
                "block_id": "vU1S",
                "elements": [
                    {
                        "type": "rich_text_section",
                        "elements": [
                            {
                                "type": "text",
                                "text": "Genisis"
                            }
                        ]
                    }
                ]
            }
        ]
    },
    {
        "client_msg_id": "ebac5a66-863e-4311-b79c-1df5f30c6459",
        "type": "message",
        "text": "How could we make the controller more generic:",
        "user": "UJHD6A81H",
        "ts": "1575704545.319300",
        "team": "TJH5YU202",
        "user_team": "TJH5YU202",
        "source_team": "TJH5YU202",
        "user_profile": {
            "avatar_hash": "g6b8073e00e9",
            "image_72": "https:\/\/secure.gravatar.com\/avatar\/b96b8073e00e9eb02bcf05bc1418eb3a.jpg?s=72&d=https%3A%2F%2Fa.slack-edge.com%2Fdf10d%2Fimg%2Favatars%2Fava_0021-72.png",
            "first_name": "Otto",
            "real_name": "Otto Atzwanger",
            "display_name": "Otto",
            "team": "TJH5YU202",
            "name": "otto",
            "is_restricted": false,
            "is_ultra_restricted": false
        },
        "blocks": [
            {
                "type": "rich_text",
                "block_id": "=FX3",
                "elements": [
                    {
                        "type": "rich_text_section",
                        "elements": [
                            {
                                "type": "text",
                                "text": "How could we make the controller more generic:"
                            }
                        ]
                    }
                ]
            }
        ]
    },
    {
        "client_msg_id": "7c76834d-3df2-4ac5-8b12-6bf90a38f7d4",
        "type": "message",
        "text": "cContent = If( Empty( cRequest ), \"home\",;\n       If( cRequest $ \"login,logout,home,ankunft,controllers,logs,menus,routes,database,arbeitszeit, whdesktop, browser2,browser3,settings,tasks,views,customer,report\",;\n           cRequest, \"home\" ) )\n           logging(  \"cRequest  \" + cRequest)\n   do case\n      case AP_Method() == \"GET\"\n         logging(  \"AP_Method-&gt;GET\" )\n          if cRequest =\"browser2\"\n            cAction := cRequest\n         endif\n\n         if cRequest =\"browser3\"\n            cAction := cRequest\n         endif\n\n         if cRequest =\"report\"\n            cAction := cRequest\n         endif\n\n         if cRequest =\"arbeitszeit\"\n            cAction := cRequest\n         endif\n\n         if cRequest =\"whdesktop\"\n            cAction := cRequest\n         endif\n\n         AP_RPuts( View( \"default\" ) )",
        "user": "UJHD6A81H",
        "ts": "1575704549.319500",
        "team": "TJH5YU202",
        "user_team": "TJH5YU202",
        "source_team": "TJH5YU202",
        "user_profile": {
            "avatar_hash": "g6b8073e00e9",
            "image_72": "https:\/\/secure.gravatar.com\/avatar\/b96b8073e00e9eb02bcf05bc1418eb3a.jpg?s=72&d=https%3A%2F%2Fa.slack-edge.com%2Fdf10d%2Fimg%2Favatars%2Fava_0021-72.png",
            "first_name": "Otto",
            "real_name": "Otto Atzwanger",
            "display_name": "Otto",
            "team": "TJH5YU202",
            "name": "otto",
            "is_restricted": false,
            "is_ultra_restricted": false
        },
        "blocks": [
            {
                "type": "rich_text",
                "block_id": "2WND=",
                "elements": [
                    {
                        "type": "rich_text_section",
                        "elements": [
                            {
                                "type": "text",
                                "text": "cContent = If( Empty( cRequest ), \"home\",;\n       If( cRequest $ \"login,logout,home,ankunft,controllers,logs,menus,routes,database,arbeitszeit, whdesktop, browser2,browser3,settings,tasks,views,customer,report\",;\n           cRequest, \"home\" ) )\n           logging(  \"cRequest  \" + cRequest)\n   do case\n      case AP_Method() == \"GET\"\n         logging(  \"AP_Method->GET\" )\n          if cRequest =\"browser2\"\n            cAction := cRequest\n         endif\n\n         if cRequest =\"browser3\"\n            cAction := cRequest\n         endif\n\n         if cRequest =\"report\"\n            cAction := cRequest\n         endif\n\n         if cRequest =\"arbeitszeit\"\n            cAction := cRequest\n         endif\n\n         if cRequest =\"whdesktop\"\n            cAction := cRequest\n         endif\n\n         AP_RPuts( View( \"default\" ) )"
                            }
                        ]
                    }
                ]
            }
        ]
    },
    {
        "client_msg_id": "f19f9e8e-0da2-4da8-8676-edb0b8b5fd72",
        "type": "message",
        "text": "Should we define an Array with the routes",
        "user": "UJHD6A81H",
        "ts": "1575704598.320000",
        "team": "TJH5YU202",
        "user_team": "TJH5YU202",
        "source_team": "TJH5YU202",
        "user_profile": {
            "avatar_hash": "g6b8073e00e9",
            "image_72": "https:\/\/secure.gravatar.com\/avatar\/b96b8073e00e9eb02bcf05bc1418eb3a.jpg?s=72&d=https%3A%2F%2Fa.slack-edge.com%2Fdf10d%2Fimg%2Favatars%2Fava_0021-72.png",
            "first_name": "Otto",
            "real_name": "Otto Atzwanger",
            "display_name": "Otto",
            "team": "TJH5YU202",
            "name": "otto",
            "is_restricted": false,
            "is_ultra_restricted": false
        },
        "blocks": [
            {
                "type": "rich_text",
                "block_id": "nT2o",
                "elements": [
                    {
                        "type": "rich_text_section",
                        "elements": [
                            {
                                "type": "text",
                                "text": "Should we define an Array with the routes"
                            }
                        ]
                    }
                ]
            }
        ]
    },
    {
        "client_msg_id": "54ecddd8-f014-4f7a-8ec4-a1a255053310",
        "type": "message",
        "text": "****************************************************",
        "user": "UJHD6A81H",
        "ts": "1575704604.320200",
        "team": "TJH5YU202",
        "user_team": "TJH5YU202",
        "source_team": "TJH5YU202",
        "user_profile": {
            "avatar_hash": "g6b8073e00e9",
            "image_72": "https:\/\/secure.gravatar.com\/avatar\/b96b8073e00e9eb02bcf05bc1418eb3a.jpg?s=72&d=https%3A%2F%2Fa.slack-edge.com%2Fdf10d%2Fimg%2Favatars%2Fava_0021-72.png",
            "first_name": "Otto",
            "real_name": "Otto Atzwanger",
            "display_name": "Otto",
            "team": "TJH5YU202",
            "name": "otto",
            "is_restricted": false,
            "is_ultra_restricted": false
        },
        "blocks": [
            {
                "type": "rich_text",
                "block_id": "5=cy+",
                "elements": [
                    {
                        "type": "rich_text_section",
                        "elements": [
                            {
                                "type": "text",
                                "text": "****************************************************"
                            }
                        ]
                    }
                ]
            }
        ]
    },
    {
        "client_msg_id": "66038ef6-bd27-4af6-91bd-5c3df0f8d126",
        "type": "message",
        "text": "and the router:",
        "user": "UJHD6A81H",
        "ts": "1575704653.320400",
        "team": "TJH5YU202",
        "user_team": "TJH5YU202",
        "source_team": "TJH5YU202",
        "user_profile": {
            "avatar_hash": "g6b8073e00e9",
            "image_72": "https:\/\/secure.gravatar.com\/avatar\/b96b8073e00e9eb02bcf05bc1418eb3a.jpg?s=72&d=https%3A%2F%2Fa.slack-edge.com%2Fdf10d%2Fimg%2Favatars%2Fava_0021-72.png",
            "first_name": "Otto",
            "real_name": "Otto Atzwanger",
            "display_name": "Otto",
            "team": "TJH5YU202",
            "name": "otto",
            "is_restricted": false,
            "is_ultra_restricted": false
        },
        "blocks": [
            {
                "type": "rich_text",
                "block_id": "4oM",
                "elements": [
                    {
                        "type": "rich_text_section",
                        "elements": [
                            {
                                "type": "text",
                                "text": "and the router:"
                            }
                        ]
                    }
                ]
            }
        ]
    },
    {
        "client_msg_id": "b3858d97-85a5-490a-9bd9-5a97e25ef176",
        "type": "message",
        "text": "function Router()\n\n   local cRoute := \"home\"\n   logging( GetAction() + \"          -&gt;GetAction()\" )\n\n   if GetContentViewFileName() != \"home\"\n      if GetContentViewFileName() == \"login\"\n         cRoute = \"login\"\n      else\n         if GetAction() == \"edit\"\n            cRoute = \"edit\"\n        \telseif GetAction() == \"exec\"\n            cRoute = \"exec\"\n         elseif GetAction() == \"browser2\"\n            cRoute = \"browse2\"\n         elseif GetAction() == \"browser3\"\n            cRoute = \"browse3\"\n         elseif GetAction() == \"report\"\n            cRoute = \"report\"\n         elseif GetAction() == \"arbeitszeit\"\n            cRoute = \"arbeitszeit\"\n         elseif GetAction() == \"whdesktop\"\n            cRoute = \"whdesktop\"\n         else\n            cRoute = \"browse\"\n         endif\n      endif\n   endif\n   logging( cRoute + \"          Router\" )\n\nreturn View( cRoute )",
        "user": "UJHD6A81H",
        "ts": "1575704669.320600",
        "team": "TJH5YU202",
        "user_team": "TJH5YU202",
        "source_team": "TJH5YU202",
        "user_profile": {
            "avatar_hash": "g6b8073e00e9",
            "image_72": "https:\/\/secure.gravatar.com\/avatar\/b96b8073e00e9eb02bcf05bc1418eb3a.jpg?s=72&d=https%3A%2F%2Fa.slack-edge.com%2Fdf10d%2Fimg%2Favatars%2Fava_0021-72.png",
            "first_name": "Otto",
            "real_name": "Otto Atzwanger",
            "display_name": "Otto",
            "team": "TJH5YU202",
            "name": "otto",
            "is_restricted": false,
            "is_ultra_restricted": false
        },
        "blocks": [
            {
                "type": "rich_text",
                "block_id": "XC3",
                "elements": [
                    {
                        "type": "rich_text_section",
                        "elements": [
                            {
                                "type": "text",
                                "text": "function Router()\n\n   local cRoute := \"home\"\n   logging( GetAction() + \"          ->GetAction()\" )\n\n   if GetContentViewFileName() != \"home\"\n      if GetContentViewFileName() == \"login\"\n         cRoute = \"login\"\n      else\n         if GetAction() == \"edit\"\n            cRoute = \"edit\"\n        \telseif GetAction() == \"exec\"\n            cRoute = \"exec\"\n         elseif GetAction() == \"browser2\"\n            cRoute = \"browse2\"\n         elseif GetAction() == \"browser3\"\n            cRoute = \"browse3\"\n         elseif GetAction() == \"report\"\n            cRoute = \"report\"\n         elseif GetAction() == \"arbeitszeit\"\n            cRoute = \"arbeitszeit\"\n         elseif GetAction() == \"whdesktop\"\n            cRoute = \"whdesktop\"\n         else\n            cRoute = \"browse\"\n         endif\n      endif\n   endif\n   logging( cRoute + \"          Router\" )\n\nreturn View( cRoute )"
                            }
                        ]
                    }
                ]
            }
        ]
    },
    {
        "client_msg_id": "53256898-bfe5-4666-b11a-b61e4264a3b8",
        "type": "message",
        "text": "****************************************************",
        "user": "UJHD6A81H",
        "ts": "1575704677.320800",
        "team": "TJH5YU202",
        "user_team": "TJH5YU202",
        "source_team": "TJH5YU202",
        "user_profile": {
            "avatar_hash": "g6b8073e00e9",
            "image_72": "https:\/\/secure.gravatar.com\/avatar\/b96b8073e00e9eb02bcf05bc1418eb3a.jpg?s=72&d=https%3A%2F%2Fa.slack-edge.com%2Fdf10d%2Fimg%2Favatars%2Fava_0021-72.png",
            "first_name": "Otto",
            "real_name": "Otto Atzwanger",
            "display_name": "Otto",
            "team": "TJH5YU202",
            "name": "otto",
            "is_restricted": false,
            "is_ultra_restricted": false
        },
        "blocks": [
            {
                "type": "rich_text",
                "block_id": "vXBR",
                "elements": [
                    {
                        "type": "rich_text_section",
                        "elements": [
                            {
                                "type": "text",
                                "text": "****************************************************"
                            }
                        ]
                    }
                ]
            }
        ]
    },
    {
        "client_msg_id": "0954a92a-e1ba-419a-bfc8-bae4d7b430fb",
        "type": "message",
        "text": "and definition of the menu",
        "user": "UJHD6A81H",
        "ts": "1575704817.321100",
        "team": "TJH5YU202",
        "user_team": "TJH5YU202",
        "source_team": "TJH5YU202",
        "user_profile": {
            "avatar_hash": "g6b8073e00e9",
            "image_72": "https:\/\/secure.gravatar.com\/avatar\/b96b8073e00e9eb02bcf05bc1418eb3a.jpg?s=72&d=https%3A%2F%2Fa.slack-edge.com%2Fdf10d%2Fimg%2Favatars%2Fava_0021-72.png",
            "first_name": "Otto",
            "real_name": "Otto Atzwanger",
            "display_name": "Otto",
            "team": "TJH5YU202",
            "name": "otto",
            "is_restricted": false,
            "is_ultra_restricted": false
        },
        "blocks": [
            {
                "type": "rich_text",
                "block_id": "38K",
                "elements": [
                    {
                        "type": "rich_text_section",
                        "elements": [
                            {
                                "type": "text",
                                "text": "and definition of the menu"
                            }
                        ]
                    }
                ]
            }
        ]
    },
    {
        "client_msg_id": "bbb92a26-d9b5-488e-b2b3-c7d18c5b4acd",
        "type": "message",
        "text": "&lt;a {{If( GetContentViewFileName() == \"arbeitszeit\", 'class=\"active\"', 'class=\"text-secondary\"' )}}\n    onclick=\"SelectCategory( this, 'arbeitszeit' );\"&gt;\n    &lt;i class=\"fa fontsize = 24;  class =  fa-home\" style=\"color:lightgray;padding-left:15px;padding-right:15px;font-size:|fontsize|px\"&gt;\n    &lt;\/i&gt;Arbeitszeit\n&lt;\/a&gt;\n\n\n\n&lt;a {{If( GetContentViewFileName() == \"whdesktop\", 'class=\"active\"', 'class=\"text-secondary\"' )}}\n    onclick=\"SelectCategory( this, 'whdesktop' );\"&gt;\n    &lt;i class=\"fa fontsize = 24;  class =  fa-home\" style=\"color:lightgray;padding-left:15px;padding-right:15px;font-size:|fontsize|px\"&gt;\n    &lt;\/i&gt;WHDesktop\n&lt;\/a&gt;",
        "user": "UJHD6A81H",
        "ts": "1575704829.321400",
        "team": "TJH5YU202",
        "user_team": "TJH5YU202",
        "source_team": "TJH5YU202",
        "user_profile": {
            "avatar_hash": "g6b8073e00e9",
            "image_72": "https:\/\/secure.gravatar.com\/avatar\/b96b8073e00e9eb02bcf05bc1418eb3a.jpg?s=72&d=https%3A%2F%2Fa.slack-edge.com%2Fdf10d%2Fimg%2Favatars%2Fava_0021-72.png",
            "first_name": "Otto",
            "real_name": "Otto Atzwanger",
            "display_name": "Otto",
            "team": "TJH5YU202",
            "name": "otto",
            "is_restricted": false,
            "is_ultra_restricted": false
        },
        "blocks": [
            {
                "type": "rich_text",
                "block_id": "47j",
                "elements": [
                    {
                        "type": "rich_text_section",
                        "elements": [
                            {
                                "type": "text",
                                "text": "<a {{If( GetContentViewFileName() == \"arbeitszeit\", 'class=\"active\"', 'class=\"text-secondary\"' )}}\n    onclick=\"SelectCategory( this, 'arbeitszeit' );\">\n    <i class=\"fa fontsize = 24;  class =  fa-home\" style=\"color:lightgray;padding-left:15px;padding-right:15px;font-size:|fontsize|px\">\n    <\/i>Arbeitszeit\n<\/a>\n\n\n\n<a {{If( GetContentViewFileName() == \"whdesktop\", 'class=\"active\"', 'class=\"text-secondary\"' )}}\n    onclick=\"SelectCategory( this, 'whdesktop' );\">\n    <i class=\"fa fontsize = 24;  class =  fa-home\" style=\"color:lightgray;padding-left:15px;padding-right:15px;font-size:|fontsize|px\">\n    <\/i>WHDesktop\n<\/a>"
                            }
                        ]
                    }
                ]
            }
        ]
    },
    {
        "client_msg_id": "bdebd30f-a11a-4524-9324-98b1724077f0",
        "type": "message",
        "text": "Maybe someone can help with a good suggestion.",
        "user": "UJHD6A81H",
        "ts": "1575704849.321800",
        "team": "TJH5YU202",
        "user_team": "TJH5YU202",
        "source_team": "TJH5YU202",
        "user_profile": {
            "avatar_hash": "g6b8073e00e9",
            "image_72": "https:\/\/secure.gravatar.com\/avatar\/b96b8073e00e9eb02bcf05bc1418eb3a.jpg?s=72&d=https%3A%2F%2Fa.slack-edge.com%2Fdf10d%2Fimg%2Favatars%2Fava_0021-72.png",
            "first_name": "Otto",
            "real_name": "Otto Atzwanger",
            "display_name": "Otto",
            "team": "TJH5YU202",
            "name": "otto",
            "is_restricted": false,
            "is_ultra_restricted": false
        },
        "blocks": [
            {
                "type": "rich_text",
                "block_id": "C\/amk",
                "elements": [
                    {
                        "type": "rich_text_section",
                        "elements": [
                            {
                                "type": "text",
                                "text": "Maybe someone can help with a good suggestion."
                            }
                        ]
                    }
                ]
            }
        ],
        "thread_ts": "1575704849.321800",
        "reply_count": 1,
        "reply_users_count": 1,
        "latest_reply": "1575724426.322600",
        "reply_users": [
            "UJWR5N32S"
        ],
        "replies": [
            {
                "user": "UJWR5N32S",
                "ts": "1575724426.322600"
            }
        ],
        "subscribed": false
    }
]