[
    {
        "client_msg_id": "2660d488-4d5c-49d6-b0cc-dd6cce92e9e0",
        "type": "message",
        "text": "Bonjour",
        "user": "UJUJLTWMT",
        "ts": "1573386634.435400",
        "team": "TJH5YU202",
        "user_team": "TJH5YU202",
        "source_team": "TJH5YU202",
        "user_profile": {
            "avatar_hash": "a60e3b1ef2d2",
            "image_72": "https:\/\/avatars.slack-edge.com\/2019-08-20\/726246109489_a60e3b1ef2d2c141969d_72.jpg",
            "first_name": "",
            "real_name": "Cristobal",
            "display_name": "Cristobal",
            "team": "TJH5YU202",
            "name": "navarro.cristobal",
            "is_restricted": false,
            "is_ultra_restricted": false
        }
    },
    {
        "client_msg_id": "86706a1e-de89-48f4-ab29-c0aa079f2a53",
        "type": "message",
        "text": "Hi místers and masters. Mercy a los Botella por el foro. Un gran paso. Me pido hilo con chincheta titulado Paquito y sus cosillas :joy:",
        "user": "UJULQCHL5",
        "ts": "1573401760.438100",
        "team": "TJH5YU202",
        "user_team": "TJH5YU202",
        "source_team": "TJH5YU202",
        "user_profile": {
            "avatar_hash": "g7659142325a",
            "image_72": "https:\/\/secure.gravatar.com\/avatar\/c87659142325a3facb661d85281ec091.jpg?s=72&d=https%3A%2F%2Fa.slack-edge.com%2Fdf10d%2Fimg%2Favatars%2Fava_0003-72.png",
            "first_name": "",
            "real_name": "Paquito",
            "display_name": "Paquito",
            "team": "TJH5YU202",
            "name": "hmpaquito",
            "is_restricted": false,
            "is_ultra_restricted": false
        }
    },
    {
        "client_msg_id": "693567f3-6feb-4553-9127-b3c21af8d813",
        "type": "message",
        "text": "Se va a llamar \"El sombrerero loco\"",
        "user": "UM81W8B0Q",
        "ts": "1573402385.438500",
        "team": "TJH5YU202",
        "user_team": "TJH5YU202",
        "source_team": "TJH5YU202",
        "user_profile": {
            "avatar_hash": "gab9279ee8c0",
            "image_72": "https:\/\/secure.gravatar.com\/avatar\/73ab9279ee8c00f66ce4904d30146c8f.jpg?s=72&d=https%3A%2F%2Fa.slack-edge.com%2Fdf10d%2Fimg%2Favatars%2Fava_0010-72.png",
            "first_name": "",
            "real_name": "Angel Pais",
            "display_name": "Angel Pais",
            "team": "TJH5YU202",
            "name": "amigosam",
            "is_restricted": false,
            "is_ultra_restricted": false
        }
    },
    {
        "client_msg_id": "121561e7-c205-4abe-afa4-9dd70803ee6a",
        "type": "message",
        "text": "<@UM81W8B0Q> Voy a montar el FTP",
        "user": "UNAHBRTFA",
        "ts": "1573402494.439100",
        "team": "TJH5YU202",
        "user_team": "TJH5YU202",
        "source_team": "TJH5YU202",
        "user_profile": {
            "avatar_hash": "g3d2a3f4c28c",
            "image_72": "https:\/\/secure.gravatar.com\/avatar\/23d2a3f4c28cebb4cf07e48d02620517.jpg?s=72&d=https%3A%2F%2Fa.slack-edge.com%2Fdf10d%2Fimg%2Favatars%2Fava_0020-72.png",
            "first_name": "Andreu",
            "real_name": "Andreu Botella",
            "display_name": "Andreu Botella",
            "team": "TJH5YU202",
            "name": "andreu.132",
            "is_restricted": false,
            "is_ultra_restricted": false
        },
        "reactions": [
            {
                "name": "ok_hand",
                "users": [
                    "UM81W8B0Q"
                ],
                "count": 1
            }
        ]
    },
    {
        "client_msg_id": "d597e6f4-4a12-4010-9517-f15a1f8e4632",
        "type": "message",
        "text": "Dear Antonio,",
        "user": "UJHD6A81H",
        "ts": "1573419406.439400",
        "team": "TJH5YU202",
        "user_team": "TJH5YU202",
        "source_team": "TJH5YU202",
        "user_profile": {
            "avatar_hash": "g6b8073e00e9",
            "image_72": "https:\/\/secure.gravatar.com\/avatar\/b96b8073e00e9eb02bcf05bc1418eb3a.jpg?s=72&d=https%3A%2F%2Fa.slack-edge.com%2Fdf10d%2Fimg%2Favatars%2Fava_0021-72.png",
            "first_name": "Otto",
            "real_name": "Otto Atzwanger",
            "display_name": "Otto",
            "team": "TJH5YU202",
            "name": "otto",
            "is_restricted": false,
            "is_ultra_restricted": false
        }
    },
    {
        "client_msg_id": "dbe2e734-edfd-4e57-b287-5ddaa8cee0e7",
        "type": "message",
        "text": "I inserted a different browse in my GENESIS copy.\nI found out that there are 5 steps necessary if you want besides edit and standard browse another view. Is this the way to go?\n----------------------------------------------------------------------------\n1) insert a new menu option\nc:\\www\\htdocs\\winhotel\\views\\menu.view\n----------------------------------------------------------------------------\n\n2) extend  CONTROLLER\n\n2.1) extend Array with menu options\n        If( cRequest $ \"login,logout,home,ankunft,controllers,logs,menus,routes,database,browser2,settings,tasks,views,customer\",;\n           cRequest, \"home\" ) )\n2.2) change into AP_meto() ==\"GET\"\nthat ROUTER() if a menu option which should call browse2.view calls browse2.view\n\n        if cRequest =\"browser2\"\n            cAction := cRequest\n         endif\n\n3) extend ROUTER\ninsert into if endif\n\n        elseif GetAction() == \"browser2\"\n            cRoute = \"browse2\"\n\n--------------------------------------------------------------------------------\n\n4) new view\nc:\\www\\htdocs\\winhotel\\views\\browse2.view\n\n5) new function in index.prg\nfunction BuildBrowse2( cTableName )",
        "user": "UJHD6A81H",
        "ts": "1573419458.439700",
        "team": "TJH5YU202",
        "user_team": "TJH5YU202",
        "source_team": "TJH5YU202",
        "user_profile": {
            "avatar_hash": "g6b8073e00e9",
            "image_72": "https:\/\/secure.gravatar.com\/avatar\/b96b8073e00e9eb02bcf05bc1418eb3a.jpg?s=72&d=https%3A%2F%2Fa.slack-edge.com%2Fdf10d%2Fimg%2Favatars%2Fava_0021-72.png",
            "first_name": "Otto",
            "real_name": "Otto Atzwanger",
            "display_name": "Otto",
            "team": "TJH5YU202",
            "name": "otto",
            "is_restricted": false,
            "is_ultra_restricted": false
        }
    },
    {
        "client_msg_id": "7ea09b05-9162-4504-8a0d-f9826689a71e",
        "type": "message",
        "text": "Today we got the first snow this year.",
        "user": "UJHD6A81H",
        "ts": "1573420139.440100",
        "team": "TJH5YU202",
        "user_team": "TJH5YU202",
        "source_team": "TJH5YU202",
        "user_profile": {
            "avatar_hash": "g6b8073e00e9",
            "image_72": "https:\/\/secure.gravatar.com\/avatar\/b96b8073e00e9eb02bcf05bc1418eb3a.jpg?s=72&d=https%3A%2F%2Fa.slack-edge.com%2Fdf10d%2Fimg%2Favatars%2Fava_0021-72.png",
            "first_name": "Otto",
            "real_name": "Otto Atzwanger",
            "display_name": "Otto",
            "team": "TJH5YU202",
            "name": "otto",
            "is_restricted": false,
            "is_ultra_restricted": false
        }
    },
    {
        "type": "message",
        "text": "",
        "files": [
            {
                "id": "FQ4TD0THP",
                "created": 1573420146,
                "timestamp": 1573420146,
                "name": "image.png",
                "title": "image.png",
                "mimetype": "image\/png",
                "filetype": "png",
                "pretty_type": "PNG",
                "user": "UJHD6A81H",
                "editable": false,
                "size": 1490503,
                "mode": "hosted",
                "is_external": false,
                "external_type": "",
                "is_public": true,
                "public_url_shared": false,
                "display_as_bot": false,
                "username": "",
                "url_private": "https:\/\/files.slack.com\/files-pri\/TJH5YU202-FQ4TD0THP\/image.png?t=xoxe-629202954002-950795328464-950341379620-2ca7f74bb6537751ea5666f8f5e8896e",
                "url_private_download": "https:\/\/files.slack.com\/files-pri\/TJH5YU202-FQ4TD0THP\/download\/image.png?t=xoxe-629202954002-950795328464-950341379620-2ca7f74bb6537751ea5666f8f5e8896e",
                "thumb_64": "https:\/\/files.slack.com\/files-tmb\/TJH5YU202-FQ4TD0THP-f24d28870f\/image_64.png?t=xoxe-629202954002-950795328464-950341379620-2ca7f74bb6537751ea5666f8f5e8896e",
                "thumb_80": "https:\/\/files.slack.com\/files-tmb\/TJH5YU202-FQ4TD0THP-f24d28870f\/image_80.png?t=xoxe-629202954002-950795328464-950341379620-2ca7f74bb6537751ea5666f8f5e8896e",
                "thumb_360": "https:\/\/files.slack.com\/files-tmb\/TJH5YU202-FQ4TD0THP-f24d28870f\/image_360.png?t=xoxe-629202954002-950795328464-950341379620-2ca7f74bb6537751ea5666f8f5e8896e",
                "thumb_360_w": 360,
                "thumb_360_h": 193,
                "thumb_480": "https:\/\/files.slack.com\/files-tmb\/TJH5YU202-FQ4TD0THP-f24d28870f\/image_480.png?t=xoxe-629202954002-950795328464-950341379620-2ca7f74bb6537751ea5666f8f5e8896e",
                "thumb_480_w": 480,
                "thumb_480_h": 257,
                "thumb_160": "https:\/\/files.slack.com\/files-tmb\/TJH5YU202-FQ4TD0THP-f24d28870f\/image_160.png?t=xoxe-629202954002-950795328464-950341379620-2ca7f74bb6537751ea5666f8f5e8896e",
                "thumb_720": "https:\/\/files.slack.com\/files-tmb\/TJH5YU202-FQ4TD0THP-f24d28870f\/image_720.png?t=xoxe-629202954002-950795328464-950341379620-2ca7f74bb6537751ea5666f8f5e8896e",
                "thumb_720_w": 720,
                "thumb_720_h": 385,
                "thumb_800": "https:\/\/files.slack.com\/files-tmb\/TJH5YU202-FQ4TD0THP-f24d28870f\/image_800.png?t=xoxe-629202954002-950795328464-950341379620-2ca7f74bb6537751ea5666f8f5e8896e",
                "thumb_800_w": 800,
                "thumb_800_h": 428,
                "thumb_960": "https:\/\/files.slack.com\/files-tmb\/TJH5YU202-FQ4TD0THP-f24d28870f\/image_960.png?t=xoxe-629202954002-950795328464-950341379620-2ca7f74bb6537751ea5666f8f5e8896e",
                "thumb_960_w": 960,
                "thumb_960_h": 514,
                "thumb_1024": "https:\/\/files.slack.com\/files-tmb\/TJH5YU202-FQ4TD0THP-f24d28870f\/image_1024.png?t=xoxe-629202954002-950795328464-950341379620-2ca7f74bb6537751ea5666f8f5e8896e",
                "thumb_1024_w": 1024,
                "thumb_1024_h": 548,
                "image_exif_rotation": 1,
                "original_w": 1412,
                "original_h": 756,
                "thumb_tiny": "AwAZADBg5pcUzy2HXcPcHNKrHbxkn0Na3M7DsUYoyx7Afjmm4ZupAo5gsOPHWmGQDpzR5f8AeYmk8sDrRcLFiiiigBNoHQCjaKWigBhT3NNeMkYDYqWkNFguf\/\/Z",
                "permalink": "https:\/\/harbourproject.slack.com\/files\/UJHD6A81H\/FQ4TD0THP\/image.png",
                "permalink_public": "https:\/\/slack-files.com\/TJH5YU202-FQ4TD0THP-7745fb536b",
                "is_starred": false,
                "has_rich_preview": false
            }
        ],
        "upload": true,
        "user": "UJHD6A81H",
        "display_as_bot": false,
        "ts": "1573420150.440200",
        "client_msg_id": "b566461e-4b4e-456d-9ded-d616f9e53fe8",
        "reactions": [
            {
                "name": "heart_eyes",
                "users": [
                    "UJUJLTWMT",
                    "UJHD6A81H",
                    "UM81W8B0Q",
                    "UJULAGJG5"
                ],
                "count": 4
            }
        ]
    },
    {
        "client_msg_id": "2c33c5a0-a96d-4df2-acdb-094c99c1842f",
        "type": "message",
        "text": "Dear Antonio,",
        "user": "UJHD6A81H",
        "ts": "1573457070.441100",
        "team": "TJH5YU202",
        "user_team": "TJH5YU202",
        "source_team": "TJH5YU202",
        "user_profile": {
            "avatar_hash": "g6b8073e00e9",
            "image_72": "https:\/\/secure.gravatar.com\/avatar\/b96b8073e00e9eb02bcf05bc1418eb3a.jpg?s=72&d=https%3A%2F%2Fa.slack-edge.com%2Fdf10d%2Fimg%2Favatars%2Fava_0021-72.png",
            "first_name": "Otto",
            "real_name": "Otto Atzwanger",
            "display_name": "Otto",
            "team": "TJH5YU202",
            "name": "otto",
            "is_restricted": false,
            "is_ultra_restricted": false
        }
    },
    {
        "client_msg_id": "c403a3b2-3246-4002-8823-a0e47307fd7c",
        "type": "message",
        "text": "can you please add these lines to the sample programs.\nfrom Fivewin forum\n\"Silvio,\nAt the top of your PRG use this:\n\/\/ {% hb_SetEnv( \"HB_INCLUDE\", \"c:\\harbour\\include\\\" ) %}\nso mod_harbour knows where your header files are\"\nThen all the samples run out of the box with no problems.",
        "user": "UJHD6A81H",
        "ts": "1573457196.441800",
        "team": "TJH5YU202",
        "user_team": "TJH5YU202",
        "source_team": "TJH5YU202",
        "user_profile": {
            "avatar_hash": "g6b8073e00e9",
            "image_72": "https:\/\/secure.gravatar.com\/avatar\/b96b8073e00e9eb02bcf05bc1418eb3a.jpg?s=72&d=https%3A%2F%2Fa.slack-edge.com%2Fdf10d%2Fimg%2Favatars%2Fava_0021-72.png",
            "first_name": "Otto",
            "real_name": "Otto Atzwanger",
            "display_name": "Otto",
            "team": "TJH5YU202",
            "name": "otto",
            "is_restricted": false,
            "is_ultra_restricted": false
        }
    },
    {
        "client_msg_id": "3f7a0b72-9a42-4068-8da7-0859027d0392",
        "type": "message",
        "text": "good morning :sunny:",
        "user": "UJN8D8U3B",
        "ts": "1573458580.442100",
        "team": "TJH5YU202",
        "user_team": "TJH5YU202",
        "source_team": "TJH5YU202",
        "user_profile": {
            "avatar_hash": "g92ad2abcc45",
            "image_72": "https:\/\/secure.gravatar.com\/avatar\/8492ad2abcc45ce53969adcf8420acde.jpg?s=72&d=https%3A%2F%2Fa.slack-edge.com%2Fdf10d%2Fimg%2Favatars%2Fava_0008-72.png",
            "first_name": "",
            "real_name": "Antonio Linares",
            "display_name": "Antonio Linares",
            "team": "TJH5YU202",
            "name": "alinares",
            "is_restricted": false,
            "is_ultra_restricted": false
        }
    }
]