[
    {
        "type": "message",
        "text": "",
        "files": [
            {
                "id": "FP3R6BS8N",
                "created": 1570175431,
                "timestamp": 1570175431,
                "name": "IMG_20191004_094632.jpg",
                "title": "IMG_20191004_094632.jpg",
                "mimetype": "image\/jpeg",
                "filetype": "jpg",
                "pretty_type": "JPEG",
                "user": "UJN8D8U3B",
                "editable": false,
                "size": 1547136,
                "mode": "hosted",
                "is_external": false,
                "external_type": "",
                "is_public": true,
                "public_url_shared": false,
                "display_as_bot": false,
                "username": "",
                "url_private": "https:\/\/files.slack.com\/files-pri\/TJH5YU202-FP3R6BS8N\/img_20191004_094632.jpg?t=xoxe-629202954002-950795328464-950341379620-2ca7f74bb6537751ea5666f8f5e8896e",
                "url_private_download": "https:\/\/files.slack.com\/files-pri\/TJH5YU202-FP3R6BS8N\/download\/img_20191004_094632.jpg?t=xoxe-629202954002-950795328464-950341379620-2ca7f74bb6537751ea5666f8f5e8896e",
                "thumb_64": "https:\/\/files.slack.com\/files-tmb\/TJH5YU202-FP3R6BS8N-c9cf24c99b\/img_20191004_094632_64.jpg?t=xoxe-629202954002-950795328464-950341379620-2ca7f74bb6537751ea5666f8f5e8896e",
                "thumb_80": "https:\/\/files.slack.com\/files-tmb\/TJH5YU202-FP3R6BS8N-c9cf24c99b\/img_20191004_094632_80.jpg?t=xoxe-629202954002-950795328464-950341379620-2ca7f74bb6537751ea5666f8f5e8896e",
                "thumb_360": "https:\/\/files.slack.com\/files-tmb\/TJH5YU202-FP3R6BS8N-c9cf24c99b\/img_20191004_094632_360.jpg?t=xoxe-629202954002-950795328464-950341379620-2ca7f74bb6537751ea5666f8f5e8896e",
                "thumb_360_w": 360,
                "thumb_360_h": 270,
                "thumb_480": "https:\/\/files.slack.com\/files-tmb\/TJH5YU202-FP3R6BS8N-c9cf24c99b\/img_20191004_094632_480.jpg?t=xoxe-629202954002-950795328464-950341379620-2ca7f74bb6537751ea5666f8f5e8896e",
                "thumb_480_w": 480,
                "thumb_480_h": 360,
                "thumb_160": "https:\/\/files.slack.com\/files-tmb\/TJH5YU202-FP3R6BS8N-c9cf24c99b\/img_20191004_094632_160.jpg?t=xoxe-629202954002-950795328464-950341379620-2ca7f74bb6537751ea5666f8f5e8896e",
                "thumb_720": "https:\/\/files.slack.com\/files-tmb\/TJH5YU202-FP3R6BS8N-c9cf24c99b\/img_20191004_094632_720.jpg?t=xoxe-629202954002-950795328464-950341379620-2ca7f74bb6537751ea5666f8f5e8896e",
                "thumb_720_w": 720,
                "thumb_720_h": 540,
                "thumb_800": "https:\/\/files.slack.com\/files-tmb\/TJH5YU202-FP3R6BS8N-c9cf24c99b\/img_20191004_094632_800.jpg?t=xoxe-629202954002-950795328464-950341379620-2ca7f74bb6537751ea5666f8f5e8896e",
                "thumb_800_w": 800,
                "thumb_800_h": 600,
                "thumb_960": "https:\/\/files.slack.com\/files-tmb\/TJH5YU202-FP3R6BS8N-c9cf24c99b\/img_20191004_094632_960.jpg?t=xoxe-629202954002-950795328464-950341379620-2ca7f74bb6537751ea5666f8f5e8896e",
                "thumb_960_w": 960,
                "thumb_960_h": 720,
                "thumb_1024": "https:\/\/files.slack.com\/files-tmb\/TJH5YU202-FP3R6BS8N-c9cf24c99b\/img_20191004_094632_1024.jpg?t=xoxe-629202954002-950795328464-950341379620-2ca7f74bb6537751ea5666f8f5e8896e",
                "thumb_1024_w": 1024,
                "thumb_1024_h": 768,
                "image_exif_rotation": 1,
                "original_w": 4000,
                "original_h": 3000,
                "thumb_tiny": "AwAkADCDBKggcetR5IY5q81uvADkAdiKgktsdCD34qUhEeXlzjJxTUDK2SPrT2QbeHXj1zQU3D727HTmq5QHoUe4UKOrCtUIM56n3rItUKXKFsYB9a11OeaSQzLNxIRgkfjTRMxPOGOOw5pWKbslad5iBcIME0rANYAhQhy7H8Kc0GMnO4\/SiMMOfWn545FMAgjJwNuGxk9qtQgpJg9MZxVOW\/LZCLjsDUdvclJSXJO4Yp2Ac4BUfWoOsmD0zirDfdH1quP9d\/wKgC2eBgdBSZ4obvR2oApSja5Apo5zT5v9YaYO9AH\/2Q==",
                "permalink": "https:\/\/harbourproject.slack.com\/files\/UJN8D8U3B\/FP3R6BS8N\/img_20191004_094632.jpg",
                "permalink_public": "https:\/\/slack-files.com\/TJH5YU202-FP3R6BS8N-4316349e6c",
                "is_starred": false,
                "has_rich_preview": false
            }
        ],
        "upload": true,
        "user": "UJN8D8U3B",
        "display_as_bot": false,
        "ts": "1570175436.029500",
        "client_msg_id": "dd3479e6-490d-4840-8226-c1547ef75110"
    },
    {
        "client_msg_id": "32b36980-a0d3-4058-96df-3b728142b62a",
        "type": "message",
        "text": "Esperando que vengan a recogerme",
        "user": "UJN8D8U3B",
        "ts": "1570175448.030200",
        "team": "TJH5YU202",
        "user_team": "TJH5YU202",
        "source_team": "TJH5YU202",
        "user_profile": {
            "avatar_hash": "g92ad2abcc45",
            "image_72": "https:\/\/secure.gravatar.com\/avatar\/8492ad2abcc45ce53969adcf8420acde.jpg?s=72&d=https%3A%2F%2Fa.slack-edge.com%2Fdf10d%2Fimg%2Favatars%2Fava_0008-72.png",
            "first_name": "",
            "real_name": "Antonio Linares",
            "display_name": "Antonio Linares",
            "team": "TJH5YU202",
            "name": "alinares",
            "is_restricted": false,
            "is_ultra_restricted": false
        }
    },
    {
        "client_msg_id": "1f74dc5d-c205-42c4-b692-27b279b6d87d",
        "type": "message",
        "text": "Voy a una carrera del campeonato de España de clásicas en la Sierra de Madrid",
        "user": "UJN8D8U3B",
        "ts": "1570175477.031200",
        "team": "TJH5YU202",
        "user_team": "TJH5YU202",
        "source_team": "TJH5YU202",
        "user_profile": {
            "avatar_hash": "g92ad2abcc45",
            "image_72": "https:\/\/secure.gravatar.com\/avatar\/8492ad2abcc45ce53969adcf8420acde.jpg?s=72&d=https%3A%2F%2Fa.slack-edge.com%2Fdf10d%2Fimg%2Favatars%2Fava_0008-72.png",
            "first_name": "",
            "real_name": "Antonio Linares",
            "display_name": "Antonio Linares",
            "team": "TJH5YU202",
            "name": "alinares",
            "is_restricted": false,
            "is_ultra_restricted": false
        },
        "reactions": [
            {
                "name": "+1",
                "users": [
                    "UMZ3LNV5Z"
                ],
                "count": 1
            }
        ]
    },
    {
        "client_msg_id": "485ac5c1-6be4-4b97-aee4-47bad122d7c4",
        "type": "message",
        "text": "Suerte campeón, a ver si te traes algún trofeo !!!",
        "user": "UJULAGJG5",
        "ts": "1570176079.032200",
        "team": "TJH5YU202",
        "user_team": "TJH5YU202",
        "source_team": "TJH5YU202",
        "user_profile": {
            "avatar_hash": "g456e0b2cdb9",
            "image_72": "https:\/\/secure.gravatar.com\/avatar\/dc456e0b2cdb991048d487a08c4a8c7a.jpg?s=72&d=https%3A%2F%2Fa.slack-edge.com%2Fdf10d%2Fimg%2Favatars%2Fava_0004-72.png",
            "first_name": "",
            "real_name": "Gabriel",
            "display_name": "Gabriel",
            "team": "TJH5YU202",
            "name": "jgabri",
            "is_restricted": false,
            "is_ultra_restricted": false
        }
    },
    {
        "client_msg_id": "fae955a3-574d-482d-8bc6-1d87435e4b4e",
        "type": "message",
        "text": "Gracias, el trofeo es hacer deporte y desconectar de todo :relaxed:",
        "user": "UJN8D8U3B",
        "ts": "1570176168.034400",
        "team": "TJH5YU202",
        "user_team": "TJH5YU202",
        "source_team": "TJH5YU202",
        "user_profile": {
            "avatar_hash": "g92ad2abcc45",
            "image_72": "https:\/\/secure.gravatar.com\/avatar\/8492ad2abcc45ce53969adcf8420acde.jpg?s=72&d=https%3A%2F%2Fa.slack-edge.com%2Fdf10d%2Fimg%2Favatars%2Fava_0008-72.png",
            "first_name": "",
            "real_name": "Antonio Linares",
            "display_name": "Antonio Linares",
            "team": "TJH5YU202",
            "name": "alinares",
            "is_restricted": false,
            "is_ultra_restricted": false
        }
    },
    {
        "client_msg_id": "ee3e7ad3-2c9f-473c-8be3-f018f7eb2320",
        "type": "message",
        "text": "Buen viaje joven",
        "user": "UJWR5N32S",
        "ts": "1570178982.035400",
        "team": "TJH5YU202",
        "user_team": "TJH5YU202",
        "source_team": "TJH5YU202",
        "user_profile": {
            "avatar_hash": "273d3745f7ae",
            "image_72": "https:\/\/avatars.slack-edge.com\/2019-05-20\/634344238497_273d3745f7ae1b176b82_72.jpg",
            "first_name": "Charly",
            "real_name": "Charly",
            "display_name": "Charly",
            "team": "TJH5YU202",
            "name": "carles9000",
            "is_restricted": false,
            "is_ultra_restricted": false
        }
    },
    {
        "client_msg_id": "66f5a266-e9bd-4e19-add1-c4b1a36ea34a",
        "type": "message",
        "text": ":sunglasses:",
        "user": "UJWR5N32S",
        "ts": "1570178992.035500",
        "team": "TJH5YU202",
        "user_team": "TJH5YU202",
        "source_team": "TJH5YU202",
        "user_profile": {
            "avatar_hash": "273d3745f7ae",
            "image_72": "https:\/\/avatars.slack-edge.com\/2019-05-20\/634344238497_273d3745f7ae1b176b82_72.jpg",
            "first_name": "Charly",
            "real_name": "Charly",
            "display_name": "Charly",
            "team": "TJH5YU202",
            "name": "carles9000",
            "is_restricted": false,
            "is_ultra_restricted": false
        }
    },
    {
        "client_msg_id": "d162b2d3-398a-4f4f-8bab-4758640722a6",
        "type": "message",
        "text": "Disfruta !!!",
        "user": "UJK7SNX51",
        "ts": "1570181351.035700",
        "team": "TJH5YU202",
        "user_team": "TJH5YU202",
        "source_team": "TJH5YU202",
        "user_profile": {
            "avatar_hash": "6698a9ba696b",
            "image_72": "https:\/\/avatars.slack-edge.com\/2019-07-04\/673660529330_6698a9ba696bad01eb8c_72.jpg",
            "first_name": "Baxajaun",
            "real_name": "Baxajaun",
            "display_name": "Baxajaun",
            "team": "TJH5YU202",
            "name": "fpgrande",
            "is_restricted": false,
            "is_ultra_restricted": false
        }
    },
    {
        "client_msg_id": "a80ad962-a5dc-4c3e-8f79-73a8490febe6",
        "type": "message",
        "text": "Hi ! Hoy Mr. AL no estará en la conferencia. Abrire a las 17.00 para quien queira compartir un rato de tertulia... :v:",
        "user": "UJWR5N32S",
        "ts": "1570190023.037500",
        "team": "TJH5YU202",
        "user_team": "TJH5YU202",
        "source_team": "TJH5YU202",
        "user_profile": {
            "avatar_hash": "273d3745f7ae",
            "image_72": "https:\/\/avatars.slack-edge.com\/2019-05-20\/634344238497_273d3745f7ae1b176b82_72.jpg",
            "first_name": "Charly",
            "real_name": "Charly",
            "display_name": "Charly",
            "team": "TJH5YU202",
            "name": "carles9000",
            "is_restricted": false,
            "is_ultra_restricted": false
        }
    },
    {
        "client_msg_id": "91a189d5-f432-49a9-958d-a92cd9b4e5d6",
        "type": "message",
        "text": "Y si a las 17.15 no hay nadie, cierro xiringuito :blush:",
        "user": "UJWR5N32S",
        "ts": "1570190063.038100",
        "team": "TJH5YU202",
        "user_team": "TJH5YU202",
        "source_team": "TJH5YU202",
        "user_profile": {
            "avatar_hash": "273d3745f7ae",
            "image_72": "https:\/\/avatars.slack-edge.com\/2019-05-20\/634344238497_273d3745f7ae1b176b82_72.jpg",
            "first_name": "Charly",
            "real_name": "Charly",
            "display_name": "Charly",
            "team": "TJH5YU202",
            "name": "carles9000",
            "is_restricted": false,
            "is_ultra_restricted": false
        }
    },
    {
        "client_msg_id": "645fc46f-bd11-4861-a6e8-207e28a882b5",
        "type": "message",
        "text": "Buenos dias a todos, que bueno Antonio disfruta, y tendrias que grabar la carrera con una camarita en el casco asi despues la vemos . Ok Charly estaremos a las 12 AM de aqui",
        "user": "UJUFNFMFE",
        "ts": "1570194654.039600",
        "team": "TJH5YU202",
        "user_team": "TJH5YU202",
        "source_team": "TJH5YU202",
        "user_profile": {
            "avatar_hash": "aa4e40c137f0",
            "image_72": "https:\/\/avatars.slack-edge.com\/2019-05-21\/630419446595_aa4e40c137f03c23b9cd_72.jpg",
            "first_name": "Marcelo",
            "real_name": "Marcelo Roggeri",
            "display_name": "Marcelo Roggeri",
            "team": "TJH5YU202",
            "name": "roggerimarcelo",
            "is_restricted": false,
            "is_ultra_restricted": false
        }
    },
    {
        "client_msg_id": "3ea81145-c1b0-44fd-a211-9c302ef80369",
        "type": "message",
        "text": "Buen dia a todos",
        "user": "UK28N3CER",
        "ts": "1570197540.040200",
        "team": "TJH5YU202",
        "user_team": "TJH5YU202",
        "source_team": "TJH5YU202",
        "user_profile": {
            "avatar_hash": "7f09da813e5b",
            "image_72": "https:\/\/avatars.slack-edge.com\/2020-01-01\/880554116721_7f09da813e5b80b5a0a0_72.jpg",
            "first_name": "",
            "real_name": "Cesar SysCtrl Software",
            "display_name": "Cesar SysCtrl Software",
            "team": "TJH5YU202",
            "name": "sysctrlsoftware",
            "is_restricted": false,
            "is_ultra_restricted": false
        }
    },
    {
        "client_msg_id": "6017d4ff-0496-48c4-9bab-5a16e9a81a78",
        "type": "message",
        "text": "Suerte Maestro Antonio :+1:",
        "user": "UK28N3CER",
        "ts": "1570197574.041000",
        "team": "TJH5YU202",
        "user_team": "TJH5YU202",
        "source_team": "TJH5YU202",
        "user_profile": {
            "avatar_hash": "7f09da813e5b",
            "image_72": "https:\/\/avatars.slack-edge.com\/2020-01-01\/880554116721_7f09da813e5b80b5a0a0_72.jpg",
            "first_name": "",
            "real_name": "Cesar SysCtrl Software",
            "display_name": "Cesar SysCtrl Software",
            "team": "TJH5YU202",
            "name": "sysctrlsoftware",
            "is_restricted": false,
            "is_ultra_restricted": false
        }
    },
    {
        "client_msg_id": "70394cd6-e366-4c7a-bd93-652d3a6184f1",
        "type": "message",
        "text": "nos conectamos a las 17.15.  saludos Charly",
        "user": "UK28N3CER",
        "ts": "1570198571.041700",
        "team": "TJH5YU202",
        "user_team": "TJH5YU202",
        "source_team": "TJH5YU202",
        "user_profile": {
            "avatar_hash": "7f09da813e5b",
            "image_72": "https:\/\/avatars.slack-edge.com\/2020-01-01\/880554116721_7f09da813e5b80b5a0a0_72.jpg",
            "first_name": "",
            "real_name": "Cesar SysCtrl Software",
            "display_name": "Cesar SysCtrl Software",
            "team": "TJH5YU202",
            "name": "sysctrlsoftware",
            "is_restricted": false,
            "is_ultra_restricted": false
        }
    },
    {
        "client_msg_id": "dbfb6e16-4ad4-4c46-97d3-a968be29e7c0",
        "type": "message",
        "text": "Ahora mismo Andreu está está enseñándome como se instala el docker  con su mod harbour en linux y en windows y haciendo un txt con los pasos.\n Nos hemos enganchado un poquito al instalar docker con Fedora, si da tiempo a resolver las cositas que van saliendo puede hacer una mini sesión.\nLa idea es que lo instale delante de nosotros y veamos como funciona, sin meternos en muchos detalles técnicos. Y así que nos de tiempo a digerirlo igual hasta le podemos preguntar alguna cosa. Yo de momento tengo el conocimiento suficiente de docker para poder afirmar que no es un animal acuático, a partir de aquí podemos ir progresando :slightly_smiling_face:",
        "user": "UMZ3LNV5Z",
        "ts": "1570199125.047000",
        "team": "TJH5YU202",
        "user_team": "TJH5YU202",
        "source_team": "TJH5YU202",
        "user_profile": {
            "avatar_hash": "ec1f7fc24912",
            "image_72": "https:\/\/avatars.slack-edge.com\/2019-09-16\/760961231605_ec1f7fc24912daa47f98_72.jpg",
            "first_name": "Pablo",
            "real_name": "Pablo Botella",
            "display_name": "Pablo Botella",
            "team": "TJH5YU202",
            "name": "pb",
            "is_restricted": false,
            "is_ultra_restricted": false
        },
        "edited": {
            "user": "UMZ3LNV5Z",
            "ts": "1570199148.000000"
        },
        "thread_ts": "1570199125.047000",
        "reply_count": 3,
        "reply_users_count": 2,
        "latest_reply": "1570200938.048900",
        "reply_users": [
            "UJUFNFMFE",
            "UJWR5N32S"
        ],
        "replies": [
            {
                "user": "UJUFNFMFE",
                "ts": "1570200649.048500"
            },
            {
                "user": "UJWR5N32S",
                "ts": "1570200933.048700"
            },
            {
                "user": "UJWR5N32S",
                "ts": "1570200938.048900"
            }
        ],
        "subscribed": false
    },
    {
        "client_msg_id": "0c6eb564-1641-4650-8a8f-249529a7b726",
        "type": "message",
        "text": "Buenos dias a Todos...",
        "user": "UJUSD6VB2",
        "ts": "1570200154.047400",
        "team": "TJH5YU202",
        "user_team": "TJH5YU202",
        "source_team": "TJH5YU202",
        "user_profile": {
            "avatar_hash": "g1677a02d0b6",
            "image_72": "https:\/\/secure.gravatar.com\/avatar\/bb1677a02d0b69ba91eb245090c7c83a.jpg?s=72&d=https%3A%2F%2Fa.slack-edge.com%2Fdf10d%2Fimg%2Favatars%2Fava_0015-72.png",
            "first_name": "",
            "real_name": "Osvaldo Ramirez",
            "display_name": "Osvaldo Ramirez",
            "team": "TJH5YU202",
            "name": "ramirezosvaldo",
            "is_restricted": false,
            "is_ultra_restricted": false
        }
    },
    {
        "client_msg_id": "7ad4424a-7222-4ab9-991b-232e77b8716b",
        "type": "message",
        "text": "Buenos días señor Ramirez :slightly_smiling_face:",
        "user": "UMZ3LNV5Z",
        "ts": "1570200506.047800",
        "team": "TJH5YU202",
        "user_team": "TJH5YU202",
        "source_team": "TJH5YU202",
        "user_profile": {
            "avatar_hash": "ec1f7fc24912",
            "image_72": "https:\/\/avatars.slack-edge.com\/2019-09-16\/760961231605_ec1f7fc24912daa47f98_72.jpg",
            "first_name": "Pablo",
            "real_name": "Pablo Botella",
            "display_name": "Pablo Botella",
            "team": "TJH5YU202",
            "name": "pb",
            "is_restricted": false,
            "is_ultra_restricted": false
        }
    },
    {
        "type": "message",
        "text": "",
        "files": [
            {
                "id": "FP49NNDE2",
                "created": 1570200533,
                "timestamp": 1570200533,
                "name": "mod_harbour en docker en linux",
                "title": "mod_harbour en docker en linux",
                "mimetype": "text\/plain",
                "filetype": "text",
                "pretty_type": "Plain Text",
                "user": "UNAHBRTFA",
                "editable": true,
                "size": 1357,
                "mode": "snippet",
                "is_external": false,
                "external_type": "",
                "is_public": true,
                "public_url_shared": false,
                "display_as_bot": false,
                "username": "",
                "url_private": "https:\/\/files.slack.com\/files-pri\/TJH5YU202-FP49NNDE2\/mod_harbour_en_docker_en_linux?t=xoxe-629202954002-950795328464-950341379620-2ca7f74bb6537751ea5666f8f5e8896e",
                "url_private_download": "https:\/\/files.slack.com\/files-pri\/TJH5YU202-FP49NNDE2\/download\/mod_harbour_en_docker_en_linux?t=xoxe-629202954002-950795328464-950341379620-2ca7f74bb6537751ea5666f8f5e8896e",
                "permalink": "https:\/\/harbourproject.slack.com\/files\/UNAHBRTFA\/FP49NNDE2\/mod_harbour_en_docker_en_linux",
                "permalink_public": "https:\/\/slack-files.com\/TJH5YU202-FP49NNDE2-86c50cd43e",
                "edit_link": "https:\/\/harbourproject.slack.com\/files\/UNAHBRTFA\/FP49NNDE2\/mod_harbour_en_docker_en_linux\/edit",
                "is_starred": false,
                "has_rich_preview": false
            }
        ],
        "upload": true,
        "user": "UNAHBRTFA",
        "display_as_bot": false,
        "ts": "1570200534.047900",
        "client_msg_id": "7a89ceab-d606-4e1a-aa73-1ab8a6ca67fc",
        "reactions": [
            {
                "name": "clap",
                "users": [
                    "UMZ3LNV5Z"
                ],
                "count": 1
            }
        ]
    },
    {
        "client_msg_id": "24034bd0-be5e-45a3-9b23-4668c4194e31",
        "type": "message",
        "text": "que bueno Pablo",
        "user": "UJUFNFMFE",
        "ts": "1570200649.048500",
        "team": "TJH5YU202",
        "user_team": "TJH5YU202",
        "source_team": "TJH5YU202",
        "user_profile": {
            "avatar_hash": "aa4e40c137f0",
            "image_72": "https:\/\/avatars.slack-edge.com\/2019-05-21\/630419446595_aa4e40c137f03c23b9cd_72.jpg",
            "first_name": "Marcelo",
            "real_name": "Marcelo Roggeri",
            "display_name": "Marcelo Roggeri",
            "team": "TJH5YU202",
            "name": "roggerimarcelo",
            "is_restricted": false,
            "is_ultra_restricted": false
        },
        "thread_ts": "1570199125.047000",
        "parent_user_id": "UMZ3LNV5Z"
    },
    {
        "client_msg_id": "9086dfc0-193e-483b-9596-e968fef86613",
        "type": "message",
        "text": "jajaja",
        "user": "UJWR5N32S",
        "ts": "1570200933.048700",
        "team": "TJH5YU202",
        "user_team": "TJH5YU202",
        "source_team": "TJH5YU202",
        "user_profile": {
            "avatar_hash": "273d3745f7ae",
            "image_72": "https:\/\/avatars.slack-edge.com\/2019-05-20\/634344238497_273d3745f7ae1b176b82_72.jpg",
            "first_name": "Charly",
            "real_name": "Charly",
            "display_name": "Charly",
            "team": "TJH5YU202",
            "name": "carles9000",
            "is_restricted": false,
            "is_ultra_restricted": false
        },
        "thread_ts": "1570199125.047000",
        "parent_user_id": "UMZ3LNV5Z"
    },
    {
        "client_msg_id": "a845e16e-f9bc-444d-92bb-a6646143b6e9",
        "type": "message",
        "text": "Molt bo Pablo",
        "user": "UJWR5N32S",
        "ts": "1570200938.048900",
        "team": "TJH5YU202",
        "user_team": "TJH5YU202",
        "source_team": "TJH5YU202",
        "user_profile": {
            "avatar_hash": "273d3745f7ae",
            "image_72": "https:\/\/avatars.slack-edge.com\/2019-05-20\/634344238497_273d3745f7ae1b176b82_72.jpg",
            "first_name": "Charly",
            "real_name": "Charly",
            "display_name": "Charly",
            "team": "TJH5YU202",
            "name": "carles9000",
            "is_restricted": false,
            "is_ultra_restricted": false
        },
        "thread_ts": "1570199125.047000",
        "parent_user_id": "UMZ3LNV5Z"
    },
    {
        "client_msg_id": "16b95184-de05-484c-8f1d-8068e2b75efa",
        "type": "message",
        "text": "en windows eso se podria usar un docker.bat  ?",
        "user": "UK28N3CER",
        "ts": "1570201148.049500",
        "team": "TJH5YU202",
        "user_team": "TJH5YU202",
        "source_team": "TJH5YU202",
        "user_profile": {
            "avatar_hash": "7f09da813e5b",
            "image_72": "https:\/\/avatars.slack-edge.com\/2020-01-01\/880554116721_7f09da813e5b80b5a0a0_72.jpg",
            "first_name": "",
            "real_name": "Cesar SysCtrl Software",
            "display_name": "Cesar SysCtrl Software",
            "team": "TJH5YU202",
            "name": "sysctrlsoftware",
            "is_restricted": false,
            "is_ultra_restricted": false
        }
    },
    {
        "client_msg_id": "779aec64-52ba-4a68-a6ec-a39be505036b",
        "type": "message",
        "text": "aun no he subido una imagen en windows, pero sí",
        "user": "UNAHBRTFA",
        "ts": "1570201323.049800",
        "team": "TJH5YU202",
        "user_team": "TJH5YU202",
        "source_team": "TJH5YU202",
        "user_profile": {
            "avatar_hash": "g3d2a3f4c28c",
            "image_72": "https:\/\/secure.gravatar.com\/avatar\/23d2a3f4c28cebb4cf07e48d02620517.jpg?s=72&d=https%3A%2F%2Fa.slack-edge.com%2Fdf10d%2Fimg%2Favatars%2Fava_0020-72.png",
            "first_name": "Andreu",
            "real_name": "Andreu Botella",
            "display_name": "Andreu Botella",
            "team": "TJH5YU202",
            "name": "andreu.132",
            "is_restricted": false,
            "is_ultra_restricted": false
        }
    },
    {
        "client_msg_id": "a5f8b4dc-83ed-4d55-859d-c4c2d010c02e",
        "type": "message",
        "text": "<https:\/\/hub.docker.com\/r\/andreubotella\/mod_harbour>",
        "user": "UNAHBRTFA",
        "ts": "1570201508.050200",
        "team": "TJH5YU202",
        "user_team": "TJH5YU202",
        "source_team": "TJH5YU202",
        "user_profile": {
            "avatar_hash": "g3d2a3f4c28c",
            "image_72": "https:\/\/secure.gravatar.com\/avatar\/23d2a3f4c28cebb4cf07e48d02620517.jpg?s=72&d=https%3A%2F%2Fa.slack-edge.com%2Fdf10d%2Fimg%2Favatars%2Fava_0020-72.png",
            "first_name": "Andreu",
            "real_name": "Andreu Botella",
            "display_name": "Andreu Botella",
            "team": "TJH5YU202",
            "name": "andreu.132",
            "is_restricted": false,
            "is_ultra_restricted": false
        }
    },
    {
        "client_msg_id": "068bbbc4-cf63-4f71-acf0-0aa3fd44aaca",
        "type": "message",
        "text": "Excelente Andreu,",
        "user": "UK28N3CER",
        "ts": "1570201649.050600",
        "team": "TJH5YU202",
        "user_team": "TJH5YU202",
        "source_team": "TJH5YU202",
        "user_profile": {
            "avatar_hash": "7f09da813e5b",
            "image_72": "https:\/\/avatars.slack-edge.com\/2020-01-01\/880554116721_7f09da813e5b80b5a0a0_72.jpg",
            "first_name": "",
            "real_name": "Cesar SysCtrl Software",
            "display_name": "Cesar SysCtrl Software",
            "team": "TJH5YU202",
            "name": "sysctrlsoftware",
            "is_restricted": false,
            "is_ultra_restricted": false
        }
    },
    {
        "client_msg_id": "cbb2280c-4226-4658-a180-b105d22ccab4",
        "type": "message",
        "text": "es muy interesante lo que estas haciendo,  no tengo conocimiento de linux acá en México es puro Windows, no obstante, será interesante empezar a proner Linux en las empresas.",
        "user": "UK28N3CER",
        "ts": "1570202315.052500",
        "team": "TJH5YU202",
        "user_team": "TJH5YU202",
        "source_team": "TJH5YU202",
        "user_profile": {
            "avatar_hash": "7f09da813e5b",
            "image_72": "https:\/\/avatars.slack-edge.com\/2020-01-01\/880554116721_7f09da813e5b80b5a0a0_72.jpg",
            "first_name": "",
            "real_name": "Cesar SysCtrl Software",
            "display_name": "Cesar SysCtrl Software",
            "team": "TJH5YU202",
            "name": "sysctrlsoftware",
            "is_restricted": false,
            "is_ultra_restricted": false
        }
    },
    {
        "client_msg_id": "52aebe6c-e082-425f-8dc1-936affa7fad3",
        "type": "message",
        "text": "<https:\/\/docs.microsoft.com\/en-us\/virtualization\/windowscontainers\/>",
        "user": "UNAHBRTFA",
        "ts": "1570203296.052700",
        "team": "TJH5YU202",
        "user_team": "TJH5YU202",
        "source_team": "TJH5YU202",
        "user_profile": {
            "avatar_hash": "g3d2a3f4c28c",
            "image_72": "https:\/\/secure.gravatar.com\/avatar\/23d2a3f4c28cebb4cf07e48d02620517.jpg?s=72&d=https%3A%2F%2Fa.slack-edge.com%2Fdf10d%2Fimg%2Favatars%2Fava_0020-72.png",
            "first_name": "Andreu",
            "real_name": "Andreu Botella",
            "display_name": "Andreu Botella",
            "team": "TJH5YU202",
            "name": "andreu.132",
            "is_restricted": false,
            "is_ultra_restricted": false
        },
        "attachments": [
            {
                "title": "Containers on Windows Documentation",
                "title_link": "https:\/\/docs.microsoft.com\/en-us\/virtualization\/windowscontainers\/",
                "text": "documentation for running containers on Windows",
                "fallback": "Containers on Windows Documentation",
                "thumb_url": "https:\/\/docs.microsoft.com\/en-us\/media\/logos\/logo-ms-social.png",
                "from_url": "https:\/\/docs.microsoft.com\/en-us\/virtualization\/windowscontainers\/",
                "thumb_width": 400,
                "thumb_height": 400,
                "service_icon": "https:\/\/docs.microsoft.com\/favicon.ico",
                "service_name": "docs.microsoft.com",
                "id": 1,
                "original_url": "https:\/\/docs.microsoft.com\/en-us\/virtualization\/windowscontainers\/"
            }
        ]
    },
    {
        "client_msg_id": "64b3f3fe-d78a-42f1-9f0f-035d6332670b",
        "type": "message",
        "text": "César.. Quizás como sistema de escritorio no es común en México Linux. Pero en servidores si hay bastante gente utilizando. Sobre todo Centos. Del cual hay mucha información. Yo personalmente tengo un cliente con Dos Servidores Centos un maestro y un espejo.",
        "user": "UJU5KF40L",
        "ts": "1570205349.056100",
        "team": "TJH5YU202",
        "user_team": "TJH5YU202",
        "source_team": "TJH5YU202",
        "user_profile": {
            "avatar_hash": "g4ed10b5a0fa",
            "image_72": "https:\/\/secure.gravatar.com\/avatar\/7d4ed10b5a0fad78716e154511597ff9.jpg?s=72&d=https%3A%2F%2Fa.slack-edge.com%2Fdf10d%2Fimg%2Favatars%2Fava_0021-72.png",
            "first_name": "Gabriel",
            "real_name": "Gabriel Ornelas",
            "display_name": "GabO",
            "team": "TJH5YU202",
            "name": "gabrielornelasm",
            "is_restricted": false,
            "is_ultra_restricted": false
        }
    },
    {
        "client_msg_id": "cc3486cf-5a66-47f6-968a-ed36fc20d6df",
        "type": "message",
        "text": "Aqui os pongo el ejemplo que hemos montado para testear seamap con autenticacion + ado + ms sql en apache para windows",
        "user": "UJWR5N32S",
        "ts": "1570207594.057100",
        "team": "TJH5YU202",
        "user_team": "TJH5YU202",
        "source_team": "TJH5YU202",
        "user_profile": {
            "avatar_hash": "273d3745f7ae",
            "image_72": "https:\/\/avatars.slack-edge.com\/2019-05-20\/634344238497_273d3745f7ae1b176b82_72.jpg",
            "first_name": "Charly",
            "real_name": "Charly",
            "display_name": "Charly",
            "team": "TJH5YU202",
            "name": "carles9000",
            "is_restricted": false,
            "is_ultra_restricted": false
        }
    },
    {
        "client_msg_id": "ce8ce026-0b6f-4fce-b6fb-6c957d4c4145",
        "type": "message",
        "text": "<http:\/\/modharbour.sysctrlsoftware.com:39391\/seamap-3>",
        "user": "UJWR5N32S",
        "ts": "1570207603.057300",
        "team": "TJH5YU202",
        "user_team": "TJH5YU202",
        "source_team": "TJH5YU202",
        "user_profile": {
            "avatar_hash": "273d3745f7ae",
            "image_72": "https:\/\/avatars.slack-edge.com\/2019-05-20\/634344238497_273d3745f7ae1b176b82_72.jpg",
            "first_name": "Charly",
            "real_name": "Charly",
            "display_name": "Charly",
            "team": "TJH5YU202",
            "name": "carles9000",
            "is_restricted": false,
            "is_ultra_restricted": false
        }
    },
    {
        "client_msg_id": "7ab7b323-1421-4817-9546-4a7b51a0041d",
        "type": "message",
        "text": "Gracias a Cesar por dejarnos usar su server",
        "user": "UJWR5N32S",
        "ts": "1570207615.057600",
        "team": "TJH5YU202",
        "user_team": "TJH5YU202",
        "source_team": "TJH5YU202",
        "user_profile": {
            "avatar_hash": "273d3745f7ae",
            "image_72": "https:\/\/avatars.slack-edge.com\/2019-05-20\/634344238497_273d3745f7ae1b176b82_72.jpg",
            "first_name": "Charly",
            "real_name": "Charly",
            "display_name": "Charly",
            "team": "TJH5YU202",
            "name": "carles9000",
            "is_restricted": false,
            "is_ultra_restricted": false
        }
    },
    {
        "client_msg_id": "a7462638-e7c4-4949-bd64-5b9bc931a527",
        "type": "message",
        "text": "Avanzandoooo",
        "user": "UJWR5N32S",
        "ts": "1570207623.057800",
        "team": "TJH5YU202",
        "user_team": "TJH5YU202",
        "source_team": "TJH5YU202",
        "user_profile": {
            "avatar_hash": "273d3745f7ae",
            "image_72": "https:\/\/avatars.slack-edge.com\/2019-05-20\/634344238497_273d3745f7ae1b176b82_72.jpg",
            "first_name": "Charly",
            "real_name": "Charly",
            "display_name": "Charly",
            "team": "TJH5YU202",
            "name": "carles9000",
            "is_restricted": false,
            "is_ultra_restricted": false
        }
    },
    {
        "client_msg_id": "eb452458-b07f-47fa-a30e-9d71de273592",
        "type": "message",
        "text": "Gracias Charly, hoy fue la sesion Nº14",
        "user": "UJUFNFMFE",
        "ts": "1570207712.058200",
        "team": "TJH5YU202",
        "user_team": "TJH5YU202",
        "source_team": "TJH5YU202",
        "user_profile": {
            "avatar_hash": "aa4e40c137f0",
            "image_72": "https:\/\/avatars.slack-edge.com\/2019-05-21\/630419446595_aa4e40c137f03c23b9cd_72.jpg",
            "first_name": "Marcelo",
            "real_name": "Marcelo Roggeri",
            "display_name": "Marcelo Roggeri",
            "team": "TJH5YU202",
            "name": "roggerimarcelo",
            "is_restricted": false,
            "is_ultra_restricted": false
        }
    },
    {
        "client_msg_id": "a10f61ae-dafb-4fc0-a388-49f14edac0c1",
        "type": "message",
        "text": "14 ya ?",
        "user": "UJWR5N32S",
        "ts": "1570207741.058400",
        "team": "TJH5YU202",
        "user_team": "TJH5YU202",
        "source_team": "TJH5YU202",
        "user_profile": {
            "avatar_hash": "273d3745f7ae",
            "image_72": "https:\/\/avatars.slack-edge.com\/2019-05-20\/634344238497_273d3745f7ae1b176b82_72.jpg",
            "first_name": "Charly",
            "real_name": "Charly",
            "display_name": "Charly",
            "team": "TJH5YU202",
            "name": "carles9000",
            "is_restricted": false,
            "is_ultra_restricted": false
        }
    },
    {
        "client_msg_id": "dd791740-c074-43da-907a-41c8b390cdb6",
        "type": "message",
        "text": "jue",
        "user": "UJWR5N32S",
        "ts": "1570207744.058600",
        "team": "TJH5YU202",
        "user_team": "TJH5YU202",
        "source_team": "TJH5YU202",
        "user_profile": {
            "avatar_hash": "273d3745f7ae",
            "image_72": "https:\/\/avatars.slack-edge.com\/2019-05-20\/634344238497_273d3745f7ae1b176b82_72.jpg",
            "first_name": "Charly",
            "real_name": "Charly",
            "display_name": "Charly",
            "team": "TJH5YU202",
            "name": "carles9000",
            "is_restricted": false,
            "is_ultra_restricted": false
        }
    },
    {
        "client_msg_id": "d769cae5-0c58-4ad1-b23d-9e41a9a6f33c",
        "type": "message",
        "text": "sisi",
        "user": "UJUFNFMFE",
        "ts": "1570207759.058800",
        "team": "TJH5YU202",
        "user_team": "TJH5YU202",
        "source_team": "TJH5YU202",
        "user_profile": {
            "avatar_hash": "aa4e40c137f0",
            "image_72": "https:\/\/avatars.slack-edge.com\/2019-05-21\/630419446595_aa4e40c137f03c23b9cd_72.jpg",
            "first_name": "Marcelo",
            "real_name": "Marcelo Roggeri",
            "display_name": "Marcelo Roggeri",
            "team": "TJH5YU202",
            "name": "roggerimarcelo",
            "is_restricted": false,
            "is_ultra_restricted": false
        }
    },
    {
        "client_msg_id": "aa7b818e-827f-430a-ac12-b0d6400962dc",
        "type": "message",
        "text": "sin contar las que hiciste sobre el MVC los dias intermedios",
        "user": "UJUFNFMFE",
        "ts": "1570207786.059200",
        "team": "TJH5YU202",
        "user_team": "TJH5YU202",
        "source_team": "TJH5YU202",
        "user_profile": {
            "avatar_hash": "aa4e40c137f0",
            "image_72": "https:\/\/avatars.slack-edge.com\/2019-05-21\/630419446595_aa4e40c137f03c23b9cd_72.jpg",
            "first_name": "Marcelo",
            "real_name": "Marcelo Roggeri",
            "display_name": "Marcelo Roggeri",
            "team": "TJH5YU202",
            "name": "roggerimarcelo",
            "is_restricted": false,
            "is_ultra_restricted": false
        }
    },
    {
        "client_msg_id": "c742601c-4593-4fe0-bb8a-3ece9180b19e",
        "type": "message",
        "text": "bueno me voy a almorzar luego vuelvo",
        "user": "UJUFNFMFE",
        "ts": "1570207808.059500",
        "team": "TJH5YU202",
        "user_team": "TJH5YU202",
        "source_team": "TJH5YU202",
        "user_profile": {
            "avatar_hash": "aa4e40c137f0",
            "image_72": "https:\/\/avatars.slack-edge.com\/2019-05-21\/630419446595_aa4e40c137f03c23b9cd_72.jpg",
            "first_name": "Marcelo",
            "real_name": "Marcelo Roggeri",
            "display_name": "Marcelo Roggeri",
            "team": "TJH5YU202",
            "name": "roggerimarcelo",
            "is_restricted": false,
            "is_ultra_restricted": false
        }
    },
    {
        "client_msg_id": "b6bb7887-e6c0-4bfe-82c2-5a3185822d74",
        "type": "message",
        "text": "iao Marcelo",
        "user": "UJWR5N32S",
        "ts": "1570207814.059700",
        "team": "TJH5YU202",
        "user_team": "TJH5YU202",
        "source_team": "TJH5YU202",
        "user_profile": {
            "avatar_hash": "273d3745f7ae",
            "image_72": "https:\/\/avatars.slack-edge.com\/2019-05-20\/634344238497_273d3745f7ae1b176b82_72.jpg",
            "first_name": "Charly",
            "real_name": "Charly",
            "display_name": "Charly",
            "team": "TJH5YU202",
            "name": "carles9000",
            "is_restricted": false,
            "is_ultra_restricted": false
        }
    },
    {
        "client_msg_id": "4bd81562-37fc-4338-ad01-f33397af952b",
        "type": "message",
        "text": "Ciao",
        "user": "UJWR5N32S",
        "ts": "1570207816.059900",
        "team": "TJH5YU202",
        "user_team": "TJH5YU202",
        "source_team": "TJH5YU202",
        "user_profile": {
            "avatar_hash": "273d3745f7ae",
            "image_72": "https:\/\/avatars.slack-edge.com\/2019-05-20\/634344238497_273d3745f7ae1b176b82_72.jpg",
            "first_name": "Charly",
            "real_name": "Charly",
            "display_name": "Charly",
            "team": "TJH5YU202",
            "name": "carles9000",
            "is_restricted": false,
            "is_ultra_restricted": false
        }
    },
    {
        "client_msg_id": "33f94dfd-437b-4fd7-b91c-efbde98a9cc9",
        "type": "message",
        "text": "Aqui con mi cliente, tiene este manejado: <https:\/\/www.proxmox.com\/en\/>, en el cual mi cliente tiene varios contenedores linux y un windows 7 como VM",
        "user": "UJUSD6VB2",
        "ts": "1570209081.061400",
        "team": "TJH5YU202",
        "user_team": "TJH5YU202",
        "source_team": "TJH5YU202",
        "user_profile": {
            "avatar_hash": "g1677a02d0b6",
            "image_72": "https:\/\/secure.gravatar.com\/avatar\/bb1677a02d0b69ba91eb245090c7c83a.jpg?s=72&d=https%3A%2F%2Fa.slack-edge.com%2Fdf10d%2Fimg%2Favatars%2Fava_0015-72.png",
            "first_name": "",
            "real_name": "Osvaldo Ramirez",
            "display_name": "Osvaldo Ramirez",
            "team": "TJH5YU202",
            "name": "ramirezosvaldo",
            "is_restricted": false,
            "is_ultra_restricted": false
        },
        "attachments": [
            {
                "title": "Proxmox - powerful open-source server solutions",
                "title_link": "https:\/\/www.proxmox.com\/en\/",
                "text": "Proxmox offers the server virtualization management platform Proxmox VE, and the Proxmox Mail Gateway an antispam and antivirus solution for mail server protection.",
                "fallback": "Proxmox - powerful open-source server solutions",
                "from_url": "https:\/\/www.proxmox.com\/en\/",
                "service_icon": "https:\/\/www.proxmox.com\/templates\/yoo_nano2\/apple_touch_icon.png",
                "service_name": "proxmox.com",
                "id": 1,
                "original_url": "https:\/\/www.proxmox.com\/en\/"
            }
        ],
        "thread_ts": "1570209081.061400",
        "reply_count": 3,
        "reply_users_count": 1,
        "latest_reply": "1570266576.088500",
        "reply_users": [
            "UJU2ZLJBW"
        ],
        "replies": [
            {
                "user": "UJU2ZLJBW",
                "ts": "1570266367.088100"
            },
            {
                "user": "UJU2ZLJBW",
                "ts": "1570266464.088300"
            },
            {
                "user": "UJU2ZLJBW",
                "ts": "1570266576.088500"
            }
        ],
        "subscribed": true,
        "last_read": "1570266576.088500"
    },
    {
        "client_msg_id": "2f39ec63-9772-4ccb-9441-1baf8f3558cc",
        "type": "message",
        "text": "Charly, el link : <http:\/\/modharbour.sysctrlsoftware.com:39391\/seamap-3>, en safari corre bien, pero en iPhone me regresa a la pantalla del login ... tema de cookies, tal vez ?",
        "user": "UJUSD6VB2",
        "ts": "1570209539.062200",
        "team": "TJH5YU202",
        "user_team": "TJH5YU202",
        "source_team": "TJH5YU202",
        "user_profile": {
            "avatar_hash": "g1677a02d0b6",
            "image_72": "https:\/\/secure.gravatar.com\/avatar\/bb1677a02d0b69ba91eb245090c7c83a.jpg?s=72&d=https%3A%2F%2Fa.slack-edge.com%2Fdf10d%2Fimg%2Favatars%2Fava_0015-72.png",
            "first_name": "",
            "real_name": "Osvaldo Ramirez",
            "display_name": "Osvaldo Ramirez",
            "team": "TJH5YU202",
            "name": "ramirezosvaldo",
            "is_restricted": false,
            "is_ultra_restricted": false
        }
    },
    {
        "client_msg_id": "eb4b55be-78f5-44b6-8140-18e101e0ed8f",
        "type": "message",
        "text": "Osvaldo exacto en smartphone falta ver porque no funciona .",
        "user": "UK28N3CER",
        "ts": "1570209665.062900",
        "team": "TJH5YU202",
        "user_team": "TJH5YU202",
        "source_team": "TJH5YU202",
        "user_profile": {
            "avatar_hash": "7f09da813e5b",
            "image_72": "https:\/\/avatars.slack-edge.com\/2020-01-01\/880554116721_7f09da813e5b80b5a0a0_72.jpg",
            "first_name": "",
            "real_name": "Cesar SysCtrl Software",
            "display_name": "Cesar SysCtrl Software",
            "team": "TJH5YU202",
            "name": "sysctrlsoftware",
            "is_restricted": false,
            "is_ultra_restricted": false
        }
    },
    {
        "client_msg_id": "2ccc9b1a-bb5b-4661-95d2-68fe60a10f69",
        "type": "message",
        "text": "Cesar, si necesitas que pruebe me dices e intento o bien ver alguna configuración del phone.",
        "user": "UJUSD6VB2",
        "ts": "1570210444.063600",
        "team": "TJH5YU202",
        "user_team": "TJH5YU202",
        "source_team": "TJH5YU202",
        "user_profile": {
            "avatar_hash": "g1677a02d0b6",
            "image_72": "https:\/\/secure.gravatar.com\/avatar\/bb1677a02d0b69ba91eb245090c7c83a.jpg?s=72&d=https%3A%2F%2Fa.slack-edge.com%2Fdf10d%2Fimg%2Favatars%2Fava_0015-72.png",
            "first_name": "",
            "real_name": "Osvaldo Ramirez",
            "display_name": "Osvaldo Ramirez",
            "team": "TJH5YU202",
            "name": "ramirezosvaldo",
            "is_restricted": false,
            "is_ultra_restricted": false
        }
    },
    {
        "client_msg_id": "5c764670-953d-4fa9-a4f5-2e097858b57c",
        "type": "message",
        "text": "Osvaldo, seguramente sea el tema de cokies...lo investigaremos",
        "user": "UJWR5N32S",
        "ts": "1570210676.064100",
        "team": "TJH5YU202",
        "user_team": "TJH5YU202",
        "source_team": "TJH5YU202",
        "user_profile": {
            "avatar_hash": "273d3745f7ae",
            "image_72": "https:\/\/avatars.slack-edge.com\/2019-05-20\/634344238497_273d3745f7ae1b176b82_72.jpg",
            "first_name": "Charly",
            "real_name": "Charly",
            "display_name": "Charly",
            "team": "TJH5YU202",
            "name": "carles9000",
            "is_restricted": false,
            "is_ultra_restricted": false
        }
    },
    {
        "client_msg_id": "bb169ee7-ee19-4c93-8eed-7b9c56bef09c",
        "type": "message",
        "text": "Si Osvaldo, hay que investigar,",
        "user": "UK28N3CER",
        "ts": "1570210888.064500",
        "team": "TJH5YU202",
        "user_team": "TJH5YU202",
        "source_team": "TJH5YU202",
        "user_profile": {
            "avatar_hash": "7f09da813e5b",
            "image_72": "https:\/\/avatars.slack-edge.com\/2020-01-01\/880554116721_7f09da813e5b80b5a0a0_72.jpg",
            "first_name": "",
            "real_name": "Cesar SysCtrl Software",
            "display_name": "Cesar SysCtrl Software",
            "team": "TJH5YU202",
            "name": "sysctrlsoftware",
            "is_restricted": false,
            "is_ultra_restricted": false
        }
    },
    {
        "client_msg_id": "915128b5-81cb-49d9-af05-9002f7789939",
        "type": "message",
        "text": "abra conferencia hoy ?",
        "user": "UK28N3CER",
        "ts": "1570210933.064700",
        "team": "TJH5YU202",
        "user_team": "TJH5YU202",
        "source_team": "TJH5YU202",
        "user_profile": {
            "avatar_hash": "7f09da813e5b",
            "image_72": "https:\/\/avatars.slack-edge.com\/2020-01-01\/880554116721_7f09da813e5b80b5a0a0_72.jpg",
            "first_name": "",
            "real_name": "Cesar SysCtrl Software",
            "display_name": "Cesar SysCtrl Software",
            "team": "TJH5YU202",
            "name": "sysctrlsoftware",
            "is_restricted": false,
            "is_ultra_restricted": false
        }
    },
    {
        "client_msg_id": "b87d329a-8505-4862-a048-418d2ba10b8a",
        "type": "message",
        "text": "son las 17:42 hora de madrid",
        "user": "UK28N3CER",
        "ts": "1570210952.065100",
        "team": "TJH5YU202",
        "user_team": "TJH5YU202",
        "source_team": "TJH5YU202",
        "user_profile": {
            "avatar_hash": "7f09da813e5b",
            "image_72": "https:\/\/avatars.slack-edge.com\/2020-01-01\/880554116721_7f09da813e5b80b5a0a0_72.jpg",
            "first_name": "",
            "real_name": "Cesar SysCtrl Software",
            "display_name": "Cesar SysCtrl Software",
            "team": "TJH5YU202",
            "name": "sysctrlsoftware",
            "is_restricted": false,
            "is_ultra_restricted": false
        }
    },
    {
        "client_msg_id": "c44520f0-6289-466e-acda-ed7998a1b7c9",
        "type": "message",
        "text": "12:42 hora de mexico",
        "user": "UK28N3CER",
        "ts": "1570210958.065400",
        "team": "TJH5YU202",
        "user_team": "TJH5YU202",
        "source_team": "TJH5YU202",
        "user_profile": {
            "avatar_hash": "7f09da813e5b",
            "image_72": "https:\/\/avatars.slack-edge.com\/2020-01-01\/880554116721_7f09da813e5b80b5a0a0_72.jpg",
            "first_name": "",
            "real_name": "Cesar SysCtrl Software",
            "display_name": "Cesar SysCtrl Software",
            "team": "TJH5YU202",
            "name": "sysctrlsoftware",
            "is_restricted": false,
            "is_ultra_restricted": false
        }
    },
    {
        "client_msg_id": "4c387c89-3f59-44c0-9fcc-d8ba908cde92",
        "type": "message",
        "text": "no, son las 19:42 aquí",
        "user": "UNAHBRTFA",
        "ts": "1570210965.065700",
        "team": "TJH5YU202",
        "user_team": "TJH5YU202",
        "source_team": "TJH5YU202",
        "user_profile": {
            "avatar_hash": "g3d2a3f4c28c",
            "image_72": "https:\/\/secure.gravatar.com\/avatar\/23d2a3f4c28cebb4cf07e48d02620517.jpg?s=72&d=https%3A%2F%2Fa.slack-edge.com%2Fdf10d%2Fimg%2Favatars%2Fava_0020-72.png",
            "first_name": "Andreu",
            "real_name": "Andreu Botella",
            "display_name": "Andreu Botella",
            "team": "TJH5YU202",
            "name": "andreu.132",
            "is_restricted": false,
            "is_ultra_restricted": false
        },
        "edited": {
            "user": "UNAHBRTFA",
            "ts": "1570210982.000000"
        }
    },
    {
        "client_msg_id": "e750d1a6-bd76-4c99-b101-b147e03a5199",
        "type": "message",
        "text": "12:42",
        "user": "UK28N3CER",
        "ts": "1570210995.066000",
        "team": "TJH5YU202",
        "user_team": "TJH5YU202",
        "source_team": "TJH5YU202",
        "user_profile": {
            "avatar_hash": "7f09da813e5b",
            "image_72": "https:\/\/avatars.slack-edge.com\/2020-01-01\/880554116721_7f09da813e5b80b5a0a0_72.jpg",
            "first_name": "",
            "real_name": "Cesar SysCtrl Software",
            "display_name": "Cesar SysCtrl Software",
            "team": "TJH5YU202",
            "name": "sysctrlsoftware",
            "is_restricted": false,
            "is_ultra_restricted": false
        }
    },
    {
        "client_msg_id": "5ad44355-ab4c-4a1b-9c01-7d632102f743",
        "type": "message",
        "text": "Quiero decir, la hora de Madrid es 19:43",
        "user": "UNAHBRTFA",
        "ts": "1570211032.066400",
        "team": "TJH5YU202",
        "user_team": "TJH5YU202",
        "source_team": "TJH5YU202",
        "user_profile": {
            "avatar_hash": "g3d2a3f4c28c",
            "image_72": "https:\/\/secure.gravatar.com\/avatar\/23d2a3f4c28cebb4cf07e48d02620517.jpg?s=72&d=https%3A%2F%2Fa.slack-edge.com%2Fdf10d%2Fimg%2Favatars%2Fava_0020-72.png",
            "first_name": "Andreu",
            "real_name": "Andreu Botella",
            "display_name": "Andreu Botella",
            "team": "TJH5YU202",
            "name": "andreu.132",
            "is_restricted": false,
            "is_ultra_restricted": false
        }
    },
    {
        "client_msg_id": "120b9b8a-eeda-4d0f-8992-70d3e6798268",
        "type": "message",
        "text": "cierto Andreu",
        "user": "UK28N3CER",
        "ts": "1570211057.066700",
        "team": "TJH5YU202",
        "user_team": "TJH5YU202",
        "source_team": "TJH5YU202",
        "user_profile": {
            "avatar_hash": "7f09da813e5b",
            "image_72": "https:\/\/avatars.slack-edge.com\/2020-01-01\/880554116721_7f09da813e5b80b5a0a0_72.jpg",
            "first_name": "",
            "real_name": "Cesar SysCtrl Software",
            "display_name": "Cesar SysCtrl Software",
            "team": "TJH5YU202",
            "name": "sysctrlsoftware",
            "is_restricted": false,
            "is_ultra_restricted": false
        }
    },
    {
        "client_msg_id": "90de74bb-12c2-4508-acb0-3a170971b431",
        "type": "message",
        "text": "aca en Mexico son las 12:42",
        "user": "UK28N3CER",
        "ts": "1570211071.067000",
        "team": "TJH5YU202",
        "user_team": "TJH5YU202",
        "source_team": "TJH5YU202",
        "user_profile": {
            "avatar_hash": "7f09da813e5b",
            "image_72": "https:\/\/avatars.slack-edge.com\/2020-01-01\/880554116721_7f09da813e5b80b5a0a0_72.jpg",
            "first_name": "",
            "real_name": "Cesar SysCtrl Software",
            "display_name": "Cesar SysCtrl Software",
            "team": "TJH5YU202",
            "name": "sysctrlsoftware",
            "is_restricted": false,
            "is_ultra_restricted": false
        }
    },
    {
        "client_msg_id": "6fb01921-96b9-4a1c-859c-e0fc58fcda36",
        "type": "message",
        "text": "La conferencia ya la hemos tenido",
        "user": "UNAHBRTFA",
        "ts": "1570211104.067500",
        "team": "TJH5YU202",
        "user_team": "TJH5YU202",
        "source_team": "TJH5YU202",
        "user_profile": {
            "avatar_hash": "g3d2a3f4c28c",
            "image_72": "https:\/\/secure.gravatar.com\/avatar\/23d2a3f4c28cebb4cf07e48d02620517.jpg?s=72&d=https%3A%2F%2Fa.slack-edge.com%2Fdf10d%2Fimg%2Favatars%2Fava_0020-72.png",
            "first_name": "Andreu",
            "real_name": "Andreu Botella",
            "display_name": "Andreu Botella",
            "team": "TJH5YU202",
            "name": "andreu.132",
            "is_restricted": false,
            "is_ultra_restricted": false
        }
    },
    {
        "client_msg_id": "ba7adf71-9a7e-4b3e-bf0d-550187cec346",
        "type": "message",
        "text": "okok  me la perdí jeje",
        "user": "UK28N3CER",
        "ts": "1570211129.067800",
        "team": "TJH5YU202",
        "user_team": "TJH5YU202",
        "source_team": "TJH5YU202",
        "user_profile": {
            "avatar_hash": "7f09da813e5b",
            "image_72": "https:\/\/avatars.slack-edge.com\/2020-01-01\/880554116721_7f09da813e5b80b5a0a0_72.jpg",
            "first_name": "",
            "real_name": "Cesar SysCtrl Software",
            "display_name": "Cesar SysCtrl Software",
            "team": "TJH5YU202",
            "name": "sysctrlsoftware",
            "is_restricted": false,
            "is_ultra_restricted": false
        }
    },
    {
        "client_msg_id": "5e076c6b-f9e6-4e25-9485-ab92e03d27b8",
        "type": "message",
        "text": "veré el video, no pude estar, a tiempo..",
        "user": "UK28N3CER",
        "ts": "1570211193.068500",
        "team": "TJH5YU202",
        "user_team": "TJH5YU202",
        "source_team": "TJH5YU202",
        "user_profile": {
            "avatar_hash": "7f09da813e5b",
            "image_72": "https:\/\/avatars.slack-edge.com\/2020-01-01\/880554116721_7f09da813e5b80b5a0a0_72.jpg",
            "first_name": "",
            "real_name": "Cesar SysCtrl Software",
            "display_name": "Cesar SysCtrl Software",
            "team": "TJH5YU202",
            "name": "sysctrlsoftware",
            "is_restricted": false,
            "is_ultra_restricted": false
        }
    },
    {
        "client_msg_id": "9afff0ea-32c1-4474-87bd-d10e2e36b6e4",
        "type": "message",
        "text": "cambiaron a horario de verano en mexico ?",
        "user": "UM81W8B0Q",
        "ts": "1570211699.069000",
        "team": "TJH5YU202",
        "user_team": "TJH5YU202",
        "source_team": "TJH5YU202",
        "user_profile": {
            "avatar_hash": "gab9279ee8c0",
            "image_72": "https:\/\/secure.gravatar.com\/avatar\/73ab9279ee8c00f66ce4904d30146c8f.jpg?s=72&d=https%3A%2F%2Fa.slack-edge.com%2Fdf10d%2Fimg%2Favatars%2Fava_0010-72.png",
            "first_name": "",
            "real_name": "Angel Pais",
            "display_name": "Angel Pais",
            "team": "TJH5YU202",
            "name": "amigosam",
            "is_restricted": false,
            "is_ultra_restricted": false
        }
    },
    {
        "client_msg_id": "eee2ad43-e762-4cc6-84c7-68fc85e43428",
        "type": "message",
        "text": "porque llegaste 2 horas tarde Cesar",
        "user": "UM81W8B0Q",
        "ts": "1570211725.069400",
        "team": "TJH5YU202",
        "user_team": "TJH5YU202",
        "source_team": "TJH5YU202",
        "user_profile": {
            "avatar_hash": "gab9279ee8c0",
            "image_72": "https:\/\/secure.gravatar.com\/avatar\/73ab9279ee8c00f66ce4904d30146c8f.jpg?s=72&d=https%3A%2F%2Fa.slack-edge.com%2Fdf10d%2Fimg%2Favatars%2Fava_0010-72.png",
            "first_name": "",
            "real_name": "Angel Pais",
            "display_name": "Angel Pais",
            "team": "TJH5YU202",
            "name": "amigosam",
            "is_restricted": false,
            "is_ultra_restricted": false
        }
    },
    {
        "client_msg_id": "fb59c15f-cd11-44d0-a763-57b94f5f1a0c",
        "type": "message",
        "text": "u horario de invierno",
        "user": "UM81W8B0Q",
        "ts": "1570211753.069700",
        "team": "TJH5YU202",
        "user_team": "TJH5YU202",
        "source_team": "TJH5YU202",
        "user_profile": {
            "avatar_hash": "gab9279ee8c0",
            "image_72": "https:\/\/secure.gravatar.com\/avatar\/73ab9279ee8c00f66ce4904d30146c8f.jpg?s=72&d=https%3A%2F%2Fa.slack-edge.com%2Fdf10d%2Fimg%2Favatars%2Fava_0010-72.png",
            "first_name": "",
            "real_name": "Angel Pais",
            "display_name": "Angel Pais",
            "team": "TJH5YU202",
            "name": "amigosam",
            "is_restricted": false,
            "is_ultra_restricted": false
        }
    },
    {
        "client_msg_id": "03d68f3f-085c-4109-aaa3-2bb2f93cb816",
        "type": "message",
        "text": "jej uds estanen el otro hemisferio",
        "user": "UM81W8B0Q",
        "ts": "1570211766.070000",
        "team": "TJH5YU202",
        "user_team": "TJH5YU202",
        "source_team": "TJH5YU202",
        "user_profile": {
            "avatar_hash": "gab9279ee8c0",
            "image_72": "https:\/\/secure.gravatar.com\/avatar\/73ab9279ee8c00f66ce4904d30146c8f.jpg?s=72&d=https%3A%2F%2Fa.slack-edge.com%2Fdf10d%2Fimg%2Favatars%2Fava_0010-72.png",
            "first_name": "",
            "real_name": "Angel Pais",
            "display_name": "Angel Pais",
            "team": "TJH5YU202",
            "name": "amigosam",
            "is_restricted": false,
            "is_ultra_restricted": false
        }
    },
    {
        "client_msg_id": "210c190a-71ad-4362-b584-b182d9ad636b",
        "type": "message",
        "text": "saludos a don Oskar Lira",
        "user": "UJXP7LS78",
        "ts": "1570212219.070300",
        "team": "TJH5YU202",
        "user_team": "TJH5YU202",
        "source_team": "TJH5YU202",
        "user_profile": {
            "avatar_hash": "gc4a0baebb72",
            "image_72": "https:\/\/secure.gravatar.com\/avatar\/a1c4a0baebb720b97e5a197259dbf409.jpg?s=72&d=https%3A%2F%2Fa.slack-edge.com%2Fdf10d%2Fimg%2Favatars%2Fava_0007-72.png",
            "first_name": "",
            "real_name": "wilson gamboa",
            "display_name": "wilson gamboa",
            "team": "TJH5YU202",
            "name": "wilson.josenet",
            "is_restricted": false,
            "is_ultra_restricted": false
        }
    },
    {
        "client_msg_id": "84571344-a890-46ae-af4a-16d37726b853",
        "type": "message",
        "text": "un abrazo desde Ecuador",
        "user": "UJXP7LS78",
        "ts": "1570212226.070500",
        "team": "TJH5YU202",
        "user_team": "TJH5YU202",
        "source_team": "TJH5YU202",
        "user_profile": {
            "avatar_hash": "gc4a0baebb72",
            "image_72": "https:\/\/secure.gravatar.com\/avatar\/a1c4a0baebb720b97e5a197259dbf409.jpg?s=72&d=https%3A%2F%2Fa.slack-edge.com%2Fdf10d%2Fimg%2Favatars%2Fava_0007-72.png",
            "first_name": "",
            "real_name": "wilson gamboa",
            "display_name": "wilson gamboa",
            "team": "TJH5YU202",
            "name": "wilson.josenet",
            "is_restricted": false,
            "is_ultra_restricted": false
        }
    },
    {
        "client_msg_id": "76ce4a60-47fd-421a-a32d-614ad158d5b1",
        "type": "message",
        "text": "bienvenido al grupo de los Mod",
        "user": "UJXP7LS78",
        "ts": "1570212240.070800",
        "team": "TJH5YU202",
        "user_team": "TJH5YU202",
        "source_team": "TJH5YU202",
        "user_profile": {
            "avatar_hash": "gc4a0baebb72",
            "image_72": "https:\/\/secure.gravatar.com\/avatar\/a1c4a0baebb720b97e5a197259dbf409.jpg?s=72&d=https%3A%2F%2Fa.slack-edge.com%2Fdf10d%2Fimg%2Favatars%2Fava_0007-72.png",
            "first_name": "",
            "real_name": "wilson gamboa",
            "display_name": "wilson gamboa",
            "team": "TJH5YU202",
            "name": "wilson.josenet",
            "is_restricted": false,
            "is_ultra_restricted": false
        }
    },
    {
        "client_msg_id": "24108039-d80f-4678-8bf0-f9165f7dc775",
        "type": "message",
        "text": "jejej estamos a 7 horas de diferenci mexico-españa ya veces se nos olvidan las distancias jejeje",
        "user": "UK28N3CER",
        "ts": "1570212524.071400",
        "team": "TJH5YU202",
        "user_team": "TJH5YU202",
        "source_team": "TJH5YU202",
        "user_profile": {
            "avatar_hash": "7f09da813e5b",
            "image_72": "https:\/\/avatars.slack-edge.com\/2020-01-01\/880554116721_7f09da813e5b80b5a0a0_72.jpg",
            "first_name": "",
            "real_name": "Cesar SysCtrl Software",
            "display_name": "Cesar SysCtrl Software",
            "team": "TJH5YU202",
            "name": "sysctrlsoftware",
            "is_restricted": false,
            "is_ultra_restricted": false
        }
    },
    {
        "client_msg_id": "df7200ae-251e-4627-b857-1e273d83f06a",
        "type": "message",
        "text": "Charly, Cesar, Listo, ya pude verlo en el iPhone, y si, si era problema de las galletas, pongo el link para habilitar las galletas envenenadas",
        "user": "UJUSD6VB2",
        "ts": "1570213047.072700",
        "team": "TJH5YU202",
        "user_team": "TJH5YU202",
        "source_team": "TJH5YU202",
        "user_profile": {
            "avatar_hash": "g1677a02d0b6",
            "image_72": "https:\/\/secure.gravatar.com\/avatar\/bb1677a02d0b69ba91eb245090c7c83a.jpg?s=72&d=https%3A%2F%2Fa.slack-edge.com%2Fdf10d%2Fimg%2Favatars%2Fava_0015-72.png",
            "first_name": "",
            "real_name": "Osvaldo Ramirez",
            "display_name": "Osvaldo Ramirez",
            "team": "TJH5YU202",
            "name": "ramirezosvaldo",
            "is_restricted": false,
            "is_ultra_restricted": false
        }
    },
    {
        "client_msg_id": "5b08109f-a14c-4a10-b4e7-50b84538cb82",
        "type": "message",
        "text": "<https:\/\/www.habilitarlascookies.com\/como-habilitar-las-cookies-en-el-iphone.html>",
        "user": "UJUSD6VB2",
        "ts": "1570213048.072900",
        "team": "TJH5YU202",
        "user_team": "TJH5YU202",
        "source_team": "TJH5YU202",
        "user_profile": {
            "avatar_hash": "g1677a02d0b6",
            "image_72": "https:\/\/secure.gravatar.com\/avatar\/bb1677a02d0b69ba91eb245090c7c83a.jpg?s=72&d=https%3A%2F%2Fa.slack-edge.com%2Fdf10d%2Fimg%2Favatars%2Fava_0015-72.png",
            "first_name": "",
            "real_name": "Osvaldo Ramirez",
            "display_name": "Osvaldo Ramirez",
            "team": "TJH5YU202",
            "name": "ramirezosvaldo",
            "is_restricted": false,
            "is_ultra_restricted": false
        },
        "attachments": [
            {
                "title": "Habilitar Las Cookies en el iPhone",
                "title_link": "https:\/\/www.habilitarlascookies.com\/como-habilitar-las-cookies-en-el-iphone.html",
                "text": "activar y habilitar las cookies sur iphone",
                "fallback": "Habilitar Las Cookies en el iPhone",
                "from_url": "https:\/\/www.habilitarlascookies.com\/como-habilitar-las-cookies-en-el-iphone.html",
                "service_icon": "https:\/\/www.habilitarlascookies.com\/favicon.ico",
                "service_name": "habilitarlascookies.com",
                "id": 1,
                "original_url": "https:\/\/www.habilitarlascookies.com\/como-habilitar-las-cookies-en-el-iphone.html"
            }
        ]
    },
    {
        "client_msg_id": "93494de1-a67a-4ce1-a237-76a3c07758dd",
        "type": "message",
        "text": "probare el sitio para la pagina ... y les comento...",
        "user": "UJUSD6VB2",
        "ts": "1570213082.073400",
        "team": "TJH5YU202",
        "user_team": "TJH5YU202",
        "source_team": "TJH5YU202",
        "user_profile": {
            "avatar_hash": "g1677a02d0b6",
            "image_72": "https:\/\/secure.gravatar.com\/avatar\/bb1677a02d0b69ba91eb245090c7c83a.jpg?s=72&d=https%3A%2F%2Fa.slack-edge.com%2Fdf10d%2Fimg%2Favatars%2Fava_0015-72.png",
            "first_name": "",
            "real_name": "Osvaldo Ramirez",
            "display_name": "Osvaldo Ramirez",
            "team": "TJH5YU202",
            "name": "ramirezosvaldo",
            "is_restricted": false,
            "is_ultra_restricted": false
        }
    },
    {
        "client_msg_id": "399e8477-45f3-43b7-8354-62837491668f",
        "type": "message",
        "text": "Ok Osvalod",
        "user": "UJWR5N32S",
        "ts": "1570213122.073700",
        "team": "TJH5YU202",
        "user_team": "TJH5YU202",
        "source_team": "TJH5YU202",
        "user_profile": {
            "avatar_hash": "273d3745f7ae",
            "image_72": "https:\/\/avatars.slack-edge.com\/2019-05-20\/634344238497_273d3745f7ae1b176b82_72.jpg",
            "first_name": "Charly",
            "real_name": "Charly",
            "display_name": "Charly",
            "team": "TJH5YU202",
            "name": "carles9000",
            "is_restricted": false,
            "is_ultra_restricted": false
        }
    },
    {
        "client_msg_id": "ced01673-d14a-46c4-b0e4-fafb601a458b",
        "type": "message",
        "text": "Osvaldo",
        "user": "UJWR5N32S",
        "ts": "1570213125.073900",
        "team": "TJH5YU202",
        "user_team": "TJH5YU202",
        "source_team": "TJH5YU202",
        "user_profile": {
            "avatar_hash": "273d3745f7ae",
            "image_72": "https:\/\/avatars.slack-edge.com\/2019-05-20\/634344238497_273d3745f7ae1b176b82_72.jpg",
            "first_name": "Charly",
            "real_name": "Charly",
            "display_name": "Charly",
            "team": "TJH5YU202",
            "name": "carles9000",
            "is_restricted": false,
            "is_ultra_restricted": false
        }
    },
    {
        "client_msg_id": "36128b78-44f5-4aa1-ac41-1a2639b631e1",
        "type": "message",
        "text": "Perfecto Osvaldo,,",
        "user": "UK28N3CER",
        "ts": "1570214319.074400",
        "team": "TJH5YU202",
        "user_team": "TJH5YU202",
        "source_team": "TJH5YU202",
        "user_profile": {
            "avatar_hash": "7f09da813e5b",
            "image_72": "https:\/\/avatars.slack-edge.com\/2020-01-01\/880554116721_7f09da813e5b80b5a0a0_72.jpg",
            "first_name": "",
            "real_name": "Cesar SysCtrl Software",
            "display_name": "Cesar SysCtrl Software",
            "team": "TJH5YU202",
            "name": "sysctrlsoftware",
            "is_restricted": false,
            "is_ultra_restricted": false
        }
    },
    {
        "client_msg_id": "ba334998-8daa-43d7-9cea-5a39048d5604",
        "type": "message",
        "text": "<https:\/\/youtu.be\/5ALKXxRcSDg>",
        "user": "UJUFNFMFE",
        "ts": "1570215935.074600",
        "team": "TJH5YU202",
        "user_team": "TJH5YU202",
        "source_team": "TJH5YU202",
        "user_profile": {
            "avatar_hash": "aa4e40c137f0",
            "image_72": "https:\/\/avatars.slack-edge.com\/2019-05-21\/630419446595_aa4e40c137f03c23b9cd_72.jpg",
            "first_name": "Marcelo",
            "real_name": "Marcelo Roggeri",
            "display_name": "Marcelo Roggeri",
            "team": "TJH5YU202",
            "name": "roggerimarcelo",
            "is_restricted": false,
            "is_ultra_restricted": false
        },
        "attachments": [
            {
                "service_name": "YouTube",
                "service_url": "https:\/\/www.youtube.com\/",
                "title": "HWeb mod-harbour 14º",
                "title_link": "https:\/\/youtu.be\/5ALKXxRcSDg",
                "author_name": "Marcelo Roggeri",
                "author_link": "https:\/\/www.youtube.com\/channel\/UCLcisQQ4C6CrFp3Hkvt7FRA",
                "thumb_url": "https:\/\/i.ytimg.com\/vi\/5ALKXxRcSDg\/hqdefault.jpg",
                "thumb_width": 480,
                "thumb_height": 360,
                "fallback": "YouTube Video: HWeb mod-harbour 14º",
                "video_html": "<iframe width=\"400\" height=\"225\" src=\"https:\/\/www.youtube.com\/embed\/5ALKXxRcSDg?feature=oembed&autoplay=1&iv_load_policy=3\" frameborder=\"0\" allow=\"accelerometer; autoplay; encrypted-media; gyroscope; picture-in-picture\" allowfullscreen><\/iframe>",
                "video_html_width": 400,
                "video_html_height": 225,
                "from_url": "https:\/\/youtu.be\/5ALKXxRcSDg",
                "service_icon": "https:\/\/a.slack-edge.com\/80588\/img\/unfurl_icons\/youtube.png",
                "id": 1,
                "original_url": "https:\/\/youtu.be\/5ALKXxRcSDg"
            }
        ],
        "reactions": [
            {
                "name": "+1",
                "users": [
                    "UJUJLTWMT"
                ],
                "count": 1
            }
        ]
    },
    {
        "client_msg_id": "66e0b369-b044-462c-9f51-509f2545a88e",
        "type": "message",
        "text": "Gracias Marcelo hoy no pude estar en la conferencia pero estaré viendo el video para actualizarme en los temas.",
        "user": "UK28N3CER",
        "ts": "1570216539.075300",
        "team": "TJH5YU202",
        "user_team": "TJH5YU202",
        "source_team": "TJH5YU202",
        "user_profile": {
            "avatar_hash": "7f09da813e5b",
            "image_72": "https:\/\/avatars.slack-edge.com\/2020-01-01\/880554116721_7f09da813e5b80b5a0a0_72.jpg",
            "first_name": "",
            "real_name": "Cesar SysCtrl Software",
            "display_name": "Cesar SysCtrl Software",
            "team": "TJH5YU202",
            "name": "sysctrlsoftware",
            "is_restricted": false,
            "is_ultra_restricted": false
        }
    },
    {
        "client_msg_id": "9adbc4f0-419b-46f0-a36f-96de61876f18",
        "type": "message",
        "text": "Hola Cesar esa es la idea que los videos sirvan para reverlos o para quienes no puedan estar tambien puedan saber que se ha visto en la sesion. Saludos",
        "user": "UJUFNFMFE",
        "ts": "1570216654.076400",
        "team": "TJH5YU202",
        "user_team": "TJH5YU202",
        "source_team": "TJH5YU202",
        "user_profile": {
            "avatar_hash": "aa4e40c137f0",
            "image_72": "https:\/\/avatars.slack-edge.com\/2019-05-21\/630419446595_aa4e40c137f03c23b9cd_72.jpg",
            "first_name": "Marcelo",
            "real_name": "Marcelo Roggeri",
            "display_name": "Marcelo Roggeri",
            "team": "TJH5YU202",
            "name": "roggerimarcelo",
            "is_restricted": false,
            "is_ultra_restricted": false
        }
    },
    {
        "client_msg_id": "d93b924c-1380-4d32-9688-a1f181601054",
        "type": "message",
        "text": ":+1:",
        "user": "UK28N3CER",
        "ts": "1570216722.076600",
        "team": "TJH5YU202",
        "user_team": "TJH5YU202",
        "source_team": "TJH5YU202",
        "user_profile": {
            "avatar_hash": "7f09da813e5b",
            "image_72": "https:\/\/avatars.slack-edge.com\/2020-01-01\/880554116721_7f09da813e5b80b5a0a0_72.jpg",
            "first_name": "",
            "real_name": "Cesar SysCtrl Software",
            "display_name": "Cesar SysCtrl Software",
            "team": "TJH5YU202",
            "name": "sysctrlsoftware",
            "is_restricted": false,
            "is_ultra_restricted": false
        }
    },
    {
        "client_msg_id": "c39ec66c-f9de-494c-8de4-3d7e7ca90e4c",
        "type": "message",
        "text": "\/\/\tLoading system MVC...\n{% include( AP_GETENV( 'PATH_APP' ) + \"\/lib\/hmvc\/tmvc.prg\" ) %}",
        "user": "UJHD6A81H",
        "ts": "1570222260.076800",
        "team": "TJH5YU202",
        "user_team": "TJH5YU202",
        "source_team": "TJH5YU202",
        "user_profile": {
            "avatar_hash": "g6b8073e00e9",
            "image_72": "https:\/\/secure.gravatar.com\/avatar\/b96b8073e00e9eb02bcf05bc1418eb3a.jpg?s=72&d=https%3A%2F%2Fa.slack-edge.com%2Fdf10d%2Fimg%2Favatars%2Fava_0021-72.png",
            "first_name": "Otto",
            "real_name": "Otto Atzwanger",
            "display_name": "Otto",
            "team": "TJH5YU202",
            "name": "otto",
            "is_restricted": false,
            "is_ultra_restricted": false
        }
    },
    {
        "client_msg_id": "d6357084-4f51-4c03-8370-70b4d38cca10",
        "type": "message",
        "text": "I am looking into MVC sample. I get error: Unknown or unregistered symbol\noperation: TREQUEST - do we have to compile the sample or should it run as prg code too.",
        "user": "UJHD6A81H",
        "ts": "1570222354.078100",
        "team": "TJH5YU202",
        "user_team": "TJH5YU202",
        "source_team": "TJH5YU202",
        "user_profile": {
            "avatar_hash": "g6b8073e00e9",
            "image_72": "https:\/\/secure.gravatar.com\/avatar\/b96b8073e00e9eb02bcf05bc1418eb3a.jpg?s=72&d=https%3A%2F%2Fa.slack-edge.com%2Fdf10d%2Fimg%2Favatars%2Fava_0021-72.png",
            "first_name": "Otto",
            "real_name": "Otto Atzwanger",
            "display_name": "Otto",
            "team": "TJH5YU202",
            "name": "otto",
            "is_restricted": false,
            "is_ultra_restricted": false
        }
    },
    {
        "client_msg_id": "829639b6-699b-4728-ae85-7efbcb24e01a",
        "type": "message",
        "text": "Bon dia !",
        "user": "UJWR5N32S",
        "ts": "1570254827.078300",
        "team": "TJH5YU202",
        "user_team": "TJH5YU202",
        "source_team": "TJH5YU202",
        "user_profile": {
            "avatar_hash": "273d3745f7ae",
            "image_72": "https:\/\/avatars.slack-edge.com\/2019-05-20\/634344238497_273d3745f7ae1b176b82_72.jpg",
            "first_name": "Charly",
            "real_name": "Charly",
            "display_name": "Charly",
            "team": "TJH5YU202",
            "name": "carles9000",
            "is_restricted": false,
            "is_ultra_restricted": false
        }
    },
    {
        "client_msg_id": "f8bda492-86a2-43b8-97cd-b3edbf20792c",
        "type": "message",
        "text": "<@UJHD6A81H> What example are you using?",
        "user": "UJWR5N32S",
        "ts": "1570254839.078600",
        "team": "TJH5YU202",
        "user_team": "TJH5YU202",
        "source_team": "TJH5YU202",
        "user_profile": {
            "avatar_hash": "273d3745f7ae",
            "image_72": "https:\/\/avatars.slack-edge.com\/2019-05-20\/634344238497_273d3745f7ae1b176b82_72.jpg",
            "first_name": "Charly",
            "real_name": "Charly",
            "display_name": "Charly",
            "team": "TJH5YU202",
            "name": "carles9000",
            "is_restricted": false,
            "is_ultra_restricted": false
        }
    },
    {
        "client_msg_id": "e4c0e208-f75b-49f7-88eb-1d96497bdf93",
        "type": "message",
        "text": "good morning - Charly I made a GIT PULL and use app\/mvc and app\/mvc_notes.",
        "user": "UJHD6A81H",
        "ts": "1570257702.079600",
        "team": "TJH5YU202",
        "user_team": "TJH5YU202",
        "source_team": "TJH5YU202",
        "user_profile": {
            "avatar_hash": "g6b8073e00e9",
            "image_72": "https:\/\/secure.gravatar.com\/avatar\/b96b8073e00e9eb02bcf05bc1418eb3a.jpg?s=72&d=https%3A%2F%2Fa.slack-edge.com%2Fdf10d%2Fimg%2Favatars%2Fava_0021-72.png",
            "first_name": "Otto",
            "real_name": "Otto Atzwanger",
            "display_name": "Otto",
            "team": "TJH5YU202",
            "name": "otto",
            "is_restricted": false,
            "is_ultra_restricted": false
        }
    },
    {
        "client_msg_id": "d33e676e-6fdc-47e1-bec8-8704c505f9ac",
        "type": "message",
        "text": "I start index.prg",
        "user": "UJHD6A81H",
        "ts": "1570257718.079900",
        "team": "TJH5YU202",
        "user_team": "TJH5YU202",
        "source_team": "TJH5YU202",
        "user_profile": {
            "avatar_hash": "g6b8073e00e9",
            "image_72": "https:\/\/secure.gravatar.com\/avatar\/b96b8073e00e9eb02bcf05bc1418eb3a.jpg?s=72&d=https%3A%2F%2Fa.slack-edge.com%2Fdf10d%2Fimg%2Favatars%2Fava_0021-72.png",
            "first_name": "Otto",
            "real_name": "Otto Atzwanger",
            "display_name": "Otto",
            "team": "TJH5YU202",
            "name": "otto",
            "is_restricted": false,
            "is_ultra_restricted": false
        }
    }
]