[
    {
        "type": "message",
        "text": "",
        "files": [
            {
                "id": "FRG6E29HC",
                "created": 1575720295,
                "timestamp": 1575720295,
                "name": "Arbeitszeit.gif",
                "title": "Arbeitszeit.gif",
                "mimetype": "image\/gif",
                "filetype": "gif",
                "pretty_type": "GIF",
                "user": "UJHD6A81H",
                "editable": false,
                "size": 1423845,
                "mode": "hosted",
                "is_external": false,
                "external_type": "",
                "is_public": true,
                "public_url_shared": false,
                "display_as_bot": false,
                "username": "",
                "url_private": "https:\/\/files.slack.com\/files-pri\/TJH5YU202-FRG6E29HC\/arbeitszeit.gif?t=xoxe-629202954002-950795328464-950341379620-2ca7f74bb6537751ea5666f8f5e8896e",
                "url_private_download": "https:\/\/files.slack.com\/files-pri\/TJH5YU202-FRG6E29HC\/download\/arbeitszeit.gif?t=xoxe-629202954002-950795328464-950341379620-2ca7f74bb6537751ea5666f8f5e8896e",
                "thumb_64": "https:\/\/files.slack.com\/files-tmb\/TJH5YU202-FRG6E29HC-1a0d0356cf\/arbeitszeit_64.png?t=xoxe-629202954002-950795328464-950341379620-2ca7f74bb6537751ea5666f8f5e8896e",
                "thumb_80": "https:\/\/files.slack.com\/files-tmb\/TJH5YU202-FRG6E29HC-1a0d0356cf\/arbeitszeit_80.png?t=xoxe-629202954002-950795328464-950341379620-2ca7f74bb6537751ea5666f8f5e8896e",
                "thumb_360": "https:\/\/files.slack.com\/files-tmb\/TJH5YU202-FRG6E29HC-1a0d0356cf\/arbeitszeit_360.png?t=xoxe-629202954002-950795328464-950341379620-2ca7f74bb6537751ea5666f8f5e8896e",
                "thumb_360_w": 360,
                "thumb_360_h": 190,
                "thumb_480": "https:\/\/files.slack.com\/files-tmb\/TJH5YU202-FRG6E29HC-1a0d0356cf\/arbeitszeit_480.png?t=xoxe-629202954002-950795328464-950341379620-2ca7f74bb6537751ea5666f8f5e8896e",
                "thumb_480_w": 480,
                "thumb_480_h": 253,
                "thumb_160": "https:\/\/files.slack.com\/files-tmb\/TJH5YU202-FRG6E29HC-1a0d0356cf\/arbeitszeit_160.png?t=xoxe-629202954002-950795328464-950341379620-2ca7f74bb6537751ea5666f8f5e8896e",
                "thumb_720": "https:\/\/files.slack.com\/files-tmb\/TJH5YU202-FRG6E29HC-1a0d0356cf\/arbeitszeit_720.png?t=xoxe-629202954002-950795328464-950341379620-2ca7f74bb6537751ea5666f8f5e8896e",
                "thumb_720_w": 720,
                "thumb_720_h": 379,
                "thumb_800": "https:\/\/files.slack.com\/files-tmb\/TJH5YU202-FRG6E29HC-1a0d0356cf\/arbeitszeit_800.png?t=xoxe-629202954002-950795328464-950341379620-2ca7f74bb6537751ea5666f8f5e8896e",
                "thumb_800_w": 800,
                "thumb_800_h": 421,
                "thumb_960": "https:\/\/files.slack.com\/files-tmb\/TJH5YU202-FRG6E29HC-1a0d0356cf\/arbeitszeit_960.png?t=xoxe-629202954002-950795328464-950341379620-2ca7f74bb6537751ea5666f8f5e8896e",
                "thumb_960_w": 960,
                "thumb_960_h": 505,
                "thumb_1024": "https:\/\/files.slack.com\/files-tmb\/TJH5YU202-FRG6E29HC-1a0d0356cf\/arbeitszeit_1024.png?t=xoxe-629202954002-950795328464-950341379620-2ca7f74bb6537751ea5666f8f5e8896e",
                "thumb_1024_w": 1024,
                "thumb_1024_h": 539,
                "thumb_360_gif": "https:\/\/files.slack.com\/files-tmb\/TJH5YU202-FRG6E29HC-1a0d0356cf\/arbeitszeit_360.gif?t=xoxe-629202954002-950795328464-950341379620-2ca7f74bb6537751ea5666f8f5e8896e",
                "thumb_480_gif": "https:\/\/files.slack.com\/files-tmb\/TJH5YU202-FRG6E29HC-1a0d0356cf\/arbeitszeit_480.gif?t=xoxe-629202954002-950795328464-950341379620-2ca7f74bb6537751ea5666f8f5e8896e",
                "image_exif_rotation": 1,
                "original_w": 1662,
                "original_h": 875,
                "deanimate_gif": "https:\/\/files.slack.com\/files-tmb\/TJH5YU202-FRG6E29HC-1a0d0356cf\/arbeitszeit_deanimate_gif.png?t=xoxe-629202954002-950795328464-950341379620-2ca7f74bb6537751ea5666f8f5e8896e",
                "thumb_tiny": "AwAZADCsmwuoIbBIHWtIWkBJ3RYx0+YnNZcf+tT\/AHhW5361XMxEAs7c\/wAH6ml+xW\/9z9TU340UuZjIfsVv\/c\/U0fYoP7n6mpqKOZgYUYPmp838Q7Vu1hx\/6xf94VuUgCiiigAooooA\/9k=",
                "permalink": "https:\/\/harbourproject.slack.com\/files\/UJHD6A81H\/FRG6E29HC\/arbeitszeit.gif",
                "permalink_public": "https:\/\/slack-files.com\/TJH5YU202-FRG6E29HC-f7cd568700",
                "is_starred": false,
                "has_rich_preview": false
            }
        ],
        "upload": true,
        "user": "UJHD6A81H",
        "display_as_bot": false,
        "ts": "1575720348.322100",
        "client_msg_id": "e47ce6a1-07e6-4ae2-b7ed-44b20cd57a98",
        "reactions": [
            {
                "name": "+1",
                "users": [
                    "UK28N3CER"
                ],
                "count": 1
            }
        ]
    },
    {
        "type": "message",
        "subtype": "thread_broadcast",
        "text": "Yes, you always can use Mercury MVC  ;-)",
        "user": "UJWR5N32S",
        "ts": "1575724426.322600",
        "thread_ts": "1575704849.321800",
        "root": {
            "client_msg_id": "bdebd30f-a11a-4524-9324-98b1724077f0",
            "type": "message",
            "text": "Maybe someone can help with a good suggestion.",
            "user": "UJHD6A81H",
            "ts": "1575704849.321800",
            "team": "TJH5YU202",
            "blocks": [
                {
                    "type": "rich_text",
                    "block_id": "C\/amk",
                    "elements": [
                        {
                            "type": "rich_text_section",
                            "elements": [
                                {
                                    "type": "text",
                                    "text": "Maybe someone can help with a good suggestion."
                                }
                            ]
                        }
                    ]
                }
            ],
            "thread_ts": "1575704849.321800",
            "reply_count": 1,
            "reply_users_count": 1,
            "latest_reply": "1575724426.322600",
            "reply_users": [
                "UJWR5N32S"
            ],
            "replies": [
                {
                    "user": "UJWR5N32S",
                    "ts": "1575724426.322600"
                }
            ],
            "subscribed": false
        },
        "blocks": [
            {
                "type": "rich_text",
                "block_id": "v9+",
                "elements": [
                    {
                        "type": "rich_text_section",
                        "elements": [
                            {
                                "type": "text",
                                "text": "Yes, you always can use Mercury MVC  ;-)"
                            }
                        ]
                    }
                ]
            }
        ],
        "client_msg_id": "1c70b553-7c47-4a3e-9b89-99b6e4a7b7b8"
    },
    {
        "client_msg_id": "6533e635-e527-480a-8961-1aa19d33369d",
        "type": "message",
        "text": "Mercury MVC is not finished as per it's Autohr :stuck_out_tongue:",
        "user": "UM81W8B0Q",
        "ts": "1575729774.323500",
        "team": "TJH5YU202",
        "user_team": "TJH5YU202",
        "source_team": "TJH5YU202",
        "user_profile": {
            "avatar_hash": "gab9279ee8c0",
            "image_72": "https:\/\/secure.gravatar.com\/avatar\/73ab9279ee8c00f66ce4904d30146c8f.jpg?s=72&d=https%3A%2F%2Fa.slack-edge.com%2Fdf10d%2Fimg%2Favatars%2Fava_0010-72.png",
            "first_name": "",
            "real_name": "Angel Pais",
            "display_name": "Angel Pais",
            "team": "TJH5YU202",
            "name": "amigosam",
            "is_restricted": false,
            "is_ultra_restricted": false
        },
        "edited": {
            "user": "UM81W8B0Q",
            "ts": "1575729792.000000"
        },
        "blocks": [
            {
                "type": "rich_text",
                "block_id": "MBOjk",
                "elements": [
                    {
                        "type": "rich_text_section",
                        "elements": [
                            {
                                "type": "text",
                                "text": "Mercury MVC is not finished as per it's Autohr "
                            },
                            {
                                "type": "emoji",
                                "name": "stuck_out_tongue"
                            }
                        ]
                    }
                ]
            }
        ]
    },
    {
        "type": "message",
        "text": "",
        "files": [
            {
                "id": "FR642SPPB",
                "created": 1575733279,
                "timestamp": 1575733279,
                "name": "grafik.png",
                "title": "grafik.png",
                "mimetype": "image\/png",
                "filetype": "png",
                "pretty_type": "PNG",
                "user": "UJHD6A81H",
                "editable": false,
                "size": 61002,
                "mode": "hosted",
                "is_external": false,
                "external_type": "",
                "is_public": true,
                "public_url_shared": false,
                "display_as_bot": false,
                "username": "",
                "url_private": "https:\/\/files.slack.com\/files-pri\/TJH5YU202-FR642SPPB\/grafik.png?t=xoxe-629202954002-950795328464-950341379620-2ca7f74bb6537751ea5666f8f5e8896e",
                "url_private_download": "https:\/\/files.slack.com\/files-pri\/TJH5YU202-FR642SPPB\/download\/grafik.png?t=xoxe-629202954002-950795328464-950341379620-2ca7f74bb6537751ea5666f8f5e8896e",
                "thumb_64": "https:\/\/files.slack.com\/files-tmb\/TJH5YU202-FR642SPPB-989d6c1cde\/grafik_64.png?t=xoxe-629202954002-950795328464-950341379620-2ca7f74bb6537751ea5666f8f5e8896e",
                "thumb_80": "https:\/\/files.slack.com\/files-tmb\/TJH5YU202-FR642SPPB-989d6c1cde\/grafik_80.png?t=xoxe-629202954002-950795328464-950341379620-2ca7f74bb6537751ea5666f8f5e8896e",
                "thumb_360": "https:\/\/files.slack.com\/files-tmb\/TJH5YU202-FR642SPPB-989d6c1cde\/grafik_360.png?t=xoxe-629202954002-950795328464-950341379620-2ca7f74bb6537751ea5666f8f5e8896e",
                "thumb_360_w": 360,
                "thumb_360_h": 248,
                "thumb_480": "https:\/\/files.slack.com\/files-tmb\/TJH5YU202-FR642SPPB-989d6c1cde\/grafik_480.png?t=xoxe-629202954002-950795328464-950341379620-2ca7f74bb6537751ea5666f8f5e8896e",
                "thumb_480_w": 480,
                "thumb_480_h": 331,
                "thumb_160": "https:\/\/files.slack.com\/files-tmb\/TJH5YU202-FR642SPPB-989d6c1cde\/grafik_160.png?t=xoxe-629202954002-950795328464-950341379620-2ca7f74bb6537751ea5666f8f5e8896e",
                "thumb_720": "https:\/\/files.slack.com\/files-tmb\/TJH5YU202-FR642SPPB-989d6c1cde\/grafik_720.png?t=xoxe-629202954002-950795328464-950341379620-2ca7f74bb6537751ea5666f8f5e8896e",
                "thumb_720_w": 720,
                "thumb_720_h": 497,
                "thumb_800": "https:\/\/files.slack.com\/files-tmb\/TJH5YU202-FR642SPPB-989d6c1cde\/grafik_800.png?t=xoxe-629202954002-950795328464-950341379620-2ca7f74bb6537751ea5666f8f5e8896e",
                "thumb_800_w": 800,
                "thumb_800_h": 552,
                "thumb_960": "https:\/\/files.slack.com\/files-tmb\/TJH5YU202-FR642SPPB-989d6c1cde\/grafik_960.png?t=xoxe-629202954002-950795328464-950341379620-2ca7f74bb6537751ea5666f8f5e8896e",
                "thumb_960_w": 960,
                "thumb_960_h": 662,
                "thumb_1024": "https:\/\/files.slack.com\/files-tmb\/TJH5YU202-FR642SPPB-989d6c1cde\/grafik_1024.png?t=xoxe-629202954002-950795328464-950341379620-2ca7f74bb6537751ea5666f8f5e8896e",
                "thumb_1024_w": 1024,
                "thumb_1024_h": 706,
                "image_exif_rotation": 1,
                "original_w": 1335,
                "original_h": 921,
                "thumb_tiny": "AwAhADDQWNNo+UdKXy0\/uD8qYoyoPI4pSmR95hQKwvlp\/cH5U0iLHCj8qcFx1OfwpSoPX+tAWI0EYX5lGfpTxHGRkKPypQMDA\/lS5oCxXSWMKAXUEDkZp4nj7yD86j+xo3zF255o+xJ\/fapuzVKHcl8+L\/noKPPi\/wCegqL7En99qX7En99qPeC0O5J9oi\/56Cl+0Rf89BUX2JP77UfYk\/vtR7wWh3LC\/dH0paRfuj6UtUZhRRRQAUUUUAf\/2Q==",
                "permalink": "https:\/\/harbourproject.slack.com\/files\/UJHD6A81H\/FR642SPPB\/grafik.png",
                "permalink_public": "https:\/\/slack-files.com\/TJH5YU202-FR642SPPB-45309d4dad",
                "is_starred": false,
                "has_rich_preview": false
            }
        ],
        "upload": true,
        "user": "UJHD6A81H",
        "display_as_bot": false,
        "ts": "1575733283.323700",
        "client_msg_id": "030a42df-a0e5-4451-b3d0-81edffa0897b"
    },
    {
        "client_msg_id": "1cf4e54f-0277-4bd0-bc54-9e8e2e0f300d",
        "type": "message",
        "text": "Yesterday I discussed with Andreu security. At this moment one of my costumers is effected by a Ransomware attach. All data gone.",
        "user": "UJHD6A81H",
        "ts": "1575733358.325200",
        "team": "TJH5YU202",
        "user_team": "TJH5YU202",
        "source_team": "TJH5YU202",
        "user_profile": {
            "avatar_hash": "g6b8073e00e9",
            "image_72": "https:\/\/secure.gravatar.com\/avatar\/b96b8073e00e9eb02bcf05bc1418eb3a.jpg?s=72&d=https%3A%2F%2Fa.slack-edge.com%2Fdf10d%2Fimg%2Favatars%2Fava_0021-72.png",
            "first_name": "Otto",
            "real_name": "Otto Atzwanger",
            "display_name": "Otto",
            "team": "TJH5YU202",
            "name": "otto",
            "is_restricted": false,
            "is_ultra_restricted": false
        },
        "blocks": [
            {
                "type": "rich_text",
                "block_id": "1vz",
                "elements": [
                    {
                        "type": "rich_text_section",
                        "elements": [
                            {
                                "type": "text",
                                "text": "Yesterday I discussed with Andreu security. At this moment one of my costumers is effected by a Ransomware attach. All data gone."
                            }
                        ]
                    }
                ]
            }
        ]
    },
    {
        "client_msg_id": "05d17449-7d24-48e7-975d-f61fb4acaf37",
        "type": "message",
        "text": "Now, I know a couple things about web security, and about cryptography. Ransomware is far from my specialty.",
        "user": "UNAHBRTFA",
        "ts": "1575733441.326000",
        "team": "TJH5YU202",
        "user_team": "TJH5YU202",
        "source_team": "TJH5YU202",
        "user_profile": {
            "avatar_hash": "g3d2a3f4c28c",
            "image_72": "https:\/\/secure.gravatar.com\/avatar\/23d2a3f4c28cebb4cf07e48d02620517.jpg?s=72&d=https%3A%2F%2Fa.slack-edge.com%2Fdf10d%2Fimg%2Favatars%2Fava_0020-72.png",
            "first_name": "Andreu",
            "real_name": "Andreu Botella",
            "display_name": "Andreu Botella",
            "team": "TJH5YU202",
            "name": "andreu.132",
            "is_restricted": false,
            "is_ultra_restricted": false
        },
        "blocks": [
            {
                "type": "rich_text",
                "block_id": "FUgog",
                "elements": [
                    {
                        "type": "rich_text_section",
                        "elements": [
                            {
                                "type": "text",
                                "text": "Now, I know a couple things about web security, and about cryptography. Ransomware is far from my specialty."
                            }
                        ]
                    }
                ]
            }
        ]
    },
    {
        "type": "message",
        "text": "",
        "files": [
            {
                "id": "FRE2NEVK7",
                "created": 1575733481,
                "timestamp": 1575733481,
                "name": "grafik.png",
                "title": "grafik.png",
                "mimetype": "image\/png",
                "filetype": "png",
                "pretty_type": "PNG",
                "user": "UJHD6A81H",
                "editable": false,
                "size": 28937,
                "mode": "hosted",
                "is_external": false,
                "external_type": "",
                "is_public": true,
                "public_url_shared": false,
                "display_as_bot": false,
                "username": "",
                "url_private": "https:\/\/files.slack.com\/files-pri\/TJH5YU202-FRE2NEVK7\/grafik.png?t=xoxe-629202954002-950795328464-950341379620-2ca7f74bb6537751ea5666f8f5e8896e",
                "url_private_download": "https:\/\/files.slack.com\/files-pri\/TJH5YU202-FRE2NEVK7\/download\/grafik.png?t=xoxe-629202954002-950795328464-950341379620-2ca7f74bb6537751ea5666f8f5e8896e",
                "thumb_64": "https:\/\/files.slack.com\/files-tmb\/TJH5YU202-FRE2NEVK7-f25e3ac8b7\/grafik_64.png?t=xoxe-629202954002-950795328464-950341379620-2ca7f74bb6537751ea5666f8f5e8896e",
                "thumb_80": "https:\/\/files.slack.com\/files-tmb\/TJH5YU202-FRE2NEVK7-f25e3ac8b7\/grafik_80.png?t=xoxe-629202954002-950795328464-950341379620-2ca7f74bb6537751ea5666f8f5e8896e",
                "thumb_360": "https:\/\/files.slack.com\/files-tmb\/TJH5YU202-FRE2NEVK7-f25e3ac8b7\/grafik_360.png?t=xoxe-629202954002-950795328464-950341379620-2ca7f74bb6537751ea5666f8f5e8896e",
                "thumb_360_w": 353,
                "thumb_360_h": 360,
                "thumb_480": "https:\/\/files.slack.com\/files-tmb\/TJH5YU202-FRE2NEVK7-f25e3ac8b7\/grafik_480.png?t=xoxe-629202954002-950795328464-950341379620-2ca7f74bb6537751ea5666f8f5e8896e",
                "thumb_480_w": 471,
                "thumb_480_h": 480,
                "thumb_160": "https:\/\/files.slack.com\/files-tmb\/TJH5YU202-FRE2NEVK7-f25e3ac8b7\/grafik_160.png?t=xoxe-629202954002-950795328464-950341379620-2ca7f74bb6537751ea5666f8f5e8896e",
                "image_exif_rotation": 1,
                "original_w": 507,
                "original_h": 517,
                "thumb_tiny": "AwAwAC+2QxY\/NgZ9aNh\/v\/qKc3Wkp3FYNp\/vfqKNrAfeP4Ginrzn6UXHYZ3++2KenXqT9ab2pyfeH0pANb71JSt1pKAA9KevGfpTKeozkdOBQA3tTk+8PpTe1OT7w+lADW+9SUrdaSgAp69\/pTKeozkZxxQA2nJ94fSm9qcgO4HPGMYoA\/\/Z",
                "permalink": "https:\/\/harbourproject.slack.com\/files\/UJHD6A81H\/FRE2NEVK7\/grafik.png",
                "permalink_public": "https:\/\/slack-files.com\/TJH5YU202-FRE2NEVK7-40085c1026",
                "is_starred": false,
                "has_rich_preview": false
            }
        ],
        "upload": true,
        "user": "UJHD6A81H",
        "display_as_bot": false,
        "ts": "1575733483.326100",
        "client_msg_id": "e57aab99-d74f-43b4-b297-c7400da668e7"
    },
    {
        "client_msg_id": "c7e10e3f-ace3-49c9-829b-f482db03b25e",
        "type": "message",
        "text": "Now all the files look like this. But we are lucky. We have a backup from 2 hours before.",
        "user": "UJHD6A81H",
        "ts": "1575733520.326900",
        "team": "TJH5YU202",
        "user_team": "TJH5YU202",
        "source_team": "TJH5YU202",
        "user_profile": {
            "avatar_hash": "g6b8073e00e9",
            "image_72": "https:\/\/secure.gravatar.com\/avatar\/b96b8073e00e9eb02bcf05bc1418eb3a.jpg?s=72&d=https%3A%2F%2Fa.slack-edge.com%2Fdf10d%2Fimg%2Favatars%2Fava_0021-72.png",
            "first_name": "Otto",
            "real_name": "Otto Atzwanger",
            "display_name": "Otto",
            "team": "TJH5YU202",
            "name": "otto",
            "is_restricted": false,
            "is_ultra_restricted": false
        },
        "blocks": [
            {
                "type": "rich_text",
                "block_id": "4Pe",
                "elements": [
                    {
                        "type": "rich_text_section",
                        "elements": [
                            {
                                "type": "text",
                                "text": "Now all the files look like this. But we are lucky. We have a backup from 2 hours before."
                            }
                        ]
                    }
                ]
            }
        ]
    },
    {
        "type": "message",
        "text": "",
        "files": [
            {
                "id": "FRG8HV1KQ",
                "created": 1575733610,
                "timestamp": 1575733610,
                "name": "grafik.png",
                "title": "grafik.png",
                "mimetype": "image\/png",
                "filetype": "png",
                "pretty_type": "PNG",
                "user": "UJHD6A81H",
                "editable": false,
                "size": 24316,
                "mode": "hosted",
                "is_external": false,
                "external_type": "",
                "is_public": true,
                "public_url_shared": false,
                "display_as_bot": false,
                "username": "",
                "url_private": "https:\/\/files.slack.com\/files-pri\/TJH5YU202-FRG8HV1KQ\/grafik.png?t=xoxe-629202954002-950795328464-950341379620-2ca7f74bb6537751ea5666f8f5e8896e",
                "url_private_download": "https:\/\/files.slack.com\/files-pri\/TJH5YU202-FRG8HV1KQ\/download\/grafik.png?t=xoxe-629202954002-950795328464-950341379620-2ca7f74bb6537751ea5666f8f5e8896e",
                "thumb_64": "https:\/\/files.slack.com\/files-tmb\/TJH5YU202-FRG8HV1KQ-eeac809f8e\/grafik_64.png?t=xoxe-629202954002-950795328464-950341379620-2ca7f74bb6537751ea5666f8f5e8896e",
                "thumb_80": "https:\/\/files.slack.com\/files-tmb\/TJH5YU202-FRG8HV1KQ-eeac809f8e\/grafik_80.png?t=xoxe-629202954002-950795328464-950341379620-2ca7f74bb6537751ea5666f8f5e8896e",
                "thumb_360": "https:\/\/files.slack.com\/files-tmb\/TJH5YU202-FRG8HV1KQ-eeac809f8e\/grafik_360.png?t=xoxe-629202954002-950795328464-950341379620-2ca7f74bb6537751ea5666f8f5e8896e",
                "thumb_360_w": 360,
                "thumb_360_h": 339,
                "thumb_480": "https:\/\/files.slack.com\/files-tmb\/TJH5YU202-FRG8HV1KQ-eeac809f8e\/grafik_480.png?t=xoxe-629202954002-950795328464-950341379620-2ca7f74bb6537751ea5666f8f5e8896e",
                "thumb_480_w": 480,
                "thumb_480_h": 452,
                "thumb_160": "https:\/\/files.slack.com\/files-tmb\/TJH5YU202-FRG8HV1KQ-eeac809f8e\/grafik_160.png?t=xoxe-629202954002-950795328464-950341379620-2ca7f74bb6537751ea5666f8f5e8896e",
                "image_exif_rotation": 1,
                "original_w": 502,
                "original_h": 473,
                "thumb_tiny": "AwAtADC55ajoKAgz0NIFkYdePoKXy5PX9BT1JshfLHpSeWPQ0eW\/r+gpdrqOWI\/CjUdl2E8tO6kmjykz9w\/WlIYHBc\/lTlB\/vZ\/Ci4WQ3o3GM1MORUKn5hg1KOnWkMWmtyrZ7U7NMJHzZ9aAGE55NPQ8fjUeaehoAcEUdBTqKKACkwOeOtLRQA3YvpS7QOgpaKAP\/9k=",
                "permalink": "https:\/\/harbourproject.slack.com\/files\/UJHD6A81H\/FRG8HV1KQ\/grafik.png",
                "permalink_public": "https:\/\/slack-files.com\/TJH5YU202-FRG8HV1KQ-6ed3357cfa",
                "is_starred": false,
                "has_rich_preview": false
            }
        ],
        "upload": true,
        "user": "UJHD6A81H",
        "display_as_bot": false,
        "ts": "1575733612.327000",
        "client_msg_id": "fda302da-f1e9-4665-9929-11c4224f06c8"
    },
    {
        "client_msg_id": "4a04e0a0-4b89-4557-b72b-d9188db57b48",
        "type": "message",
        "text": "This is the exe which made the Ransomware attach",
        "user": "UJHD6A81H",
        "ts": "1575733670.327900",
        "team": "TJH5YU202",
        "user_team": "TJH5YU202",
        "source_team": "TJH5YU202",
        "user_profile": {
            "avatar_hash": "g6b8073e00e9",
            "image_72": "https:\/\/secure.gravatar.com\/avatar\/b96b8073e00e9eb02bcf05bc1418eb3a.jpg?s=72&d=https%3A%2F%2Fa.slack-edge.com%2Fdf10d%2Fimg%2Favatars%2Fava_0021-72.png",
            "first_name": "Otto",
            "real_name": "Otto Atzwanger",
            "display_name": "Otto",
            "team": "TJH5YU202",
            "name": "otto",
            "is_restricted": false,
            "is_ultra_restricted": false
        },
        "blocks": [
            {
                "type": "rich_text",
                "block_id": "dWt",
                "elements": [
                    {
                        "type": "rich_text_section",
                        "elements": [
                            {
                                "type": "text",
                                "text": "This is the exe which made the Ransomware attach"
                            }
                        ]
                    }
                ]
            }
        ]
    },
    {
        "client_msg_id": "50553a45-001b-4b62-a207-07c28a95406f",
        "type": "message",
        "text": "Charley is the code of MVC  for router and controller published?",
        "user": "UJHD6A81H",
        "ts": "1575734576.328900",
        "team": "TJH5YU202",
        "user_team": "TJH5YU202",
        "source_team": "TJH5YU202",
        "user_profile": {
            "avatar_hash": "g6b8073e00e9",
            "image_72": "https:\/\/secure.gravatar.com\/avatar\/b96b8073e00e9eb02bcf05bc1418eb3a.jpg?s=72&d=https%3A%2F%2Fa.slack-edge.com%2Fdf10d%2Fimg%2Favatars%2Fava_0021-72.png",
            "first_name": "Otto",
            "real_name": "Otto Atzwanger",
            "display_name": "Otto",
            "team": "TJH5YU202",
            "name": "otto",
            "is_restricted": false,
            "is_ultra_restricted": false
        },
        "edited": {
            "user": "UJHD6A81H",
            "ts": "1575735608.000000"
        },
        "blocks": [
            {
                "type": "rich_text",
                "block_id": "7qpy",
                "elements": [
                    {
                        "type": "rich_text_section",
                        "elements": [
                            {
                                "type": "text",
                                "text": "Charley is the code of MVC  for router and controller published?"
                            }
                        ]
                    }
                ]
            }
        ]
    },
    {
        "client_msg_id": "640421e0-72da-4258-9637-b17435832be9",
        "type": "message",
        "text": "For testing I use an array with cRequest  cAction  cRoute",
        "user": "UJHD6A81H",
        "ts": "1575744706.329700",
        "team": "TJH5YU202",
        "user_team": "TJH5YU202",
        "source_team": "TJH5YU202",
        "user_profile": {
            "avatar_hash": "g6b8073e00e9",
            "image_72": "https:\/\/secure.gravatar.com\/avatar\/b96b8073e00e9eb02bcf05bc1418eb3a.jpg?s=72&d=https%3A%2F%2Fa.slack-edge.com%2Fdf10d%2Fimg%2Favatars%2Fava_0021-72.png",
            "first_name": "Otto",
            "real_name": "Otto Atzwanger",
            "display_name": "Otto",
            "team": "TJH5YU202",
            "name": "otto",
            "is_restricted": false,
            "is_ultra_restricted": false
        },
        "blocks": [
            {
                "type": "rich_text",
                "block_id": "+p5x",
                "elements": [
                    {
                        "type": "rich_text_section",
                        "elements": [
                            {
                                "type": "text",
                                "text": "For testing I use an array with cRequest  cAction  cRoute"
                            }
                        ]
                    }
                ]
            }
        ]
    },
    {
        "client_msg_id": "2105c3a9-6015-4074-b970-9e3c76aa94f6",
        "type": "message",
        "text": "AADD( aMenu_entries, { \"arbeitszeit\",  \"arbeitszeit\",  \"arbeitszeit\" } )\nAADD( aMenu_entries, { \"whdesktop\",    \"whdesktop\",   \"whdesktop\" } )\nAADD( aMenu_entries, { \"browser2\",     \"browser2\",    \"browser2\" } )\nAADD( aMenu_entries, { \"browser3\",     \"browser3\",    \"browser3\" } )\nAADD( aMenu_entries, { \"settings\",     \"default\",     \"browse\" } )",
        "user": "UJHD6A81H",
        "ts": "1575744730.329900",
        "team": "TJH5YU202",
        "user_team": "TJH5YU202",
        "source_team": "TJH5YU202",
        "user_profile": {
            "avatar_hash": "g6b8073e00e9",
            "image_72": "https:\/\/secure.gravatar.com\/avatar\/b96b8073e00e9eb02bcf05bc1418eb3a.jpg?s=72&d=https%3A%2F%2Fa.slack-edge.com%2Fdf10d%2Fimg%2Favatars%2Fava_0021-72.png",
            "first_name": "Otto",
            "real_name": "Otto Atzwanger",
            "display_name": "Otto",
            "team": "TJH5YU202",
            "name": "otto",
            "is_restricted": false,
            "is_ultra_restricted": false
        },
        "blocks": [
            {
                "type": "rich_text",
                "block_id": "bERk",
                "elements": [
                    {
                        "type": "rich_text_section",
                        "elements": [
                            {
                                "type": "text",
                                "text": "AADD( aMenu_entries, { \"arbeitszeit\",  \"arbeitszeit\",  \"arbeitszeit\" } )\nAADD( aMenu_entries, { \"whdesktop\",    \"whdesktop\",   \"whdesktop\" } )\nAADD( aMenu_entries, { \"browser2\",     \"browser2\",    \"browser2\" } )\nAADD( aMenu_entries, { \"browser3\",     \"browser3\",    \"browser3\" } )\nAADD( aMenu_entries, { \"settings\",     \"default\",     \"browse\" } )"
                            }
                        ]
                    }
                ]
            }
        ]
    },
    {
        "client_msg_id": "357e9b94-7f2b-4ed1-8b0d-da61b7c8adb4",
        "type": "message",
        "text": "Controller I changed like this",
        "user": "UJHD6A81H",
        "ts": "1575745193.330200",
        "team": "TJH5YU202",
        "user_team": "TJH5YU202",
        "source_team": "TJH5YU202",
        "user_profile": {
            "avatar_hash": "g6b8073e00e9",
            "image_72": "https:\/\/secure.gravatar.com\/avatar\/b96b8073e00e9eb02bcf05bc1418eb3a.jpg?s=72&d=https%3A%2F%2Fa.slack-edge.com%2Fdf10d%2Fimg%2Favatars%2Fava_0021-72.png",
            "first_name": "Otto",
            "real_name": "Otto Atzwanger",
            "display_name": "Otto",
            "team": "TJH5YU202",
            "name": "otto",
            "is_restricted": false,
            "is_ultra_restricted": false
        },
        "blocks": [
            {
                "type": "rich_text",
                "block_id": "tePT",
                "elements": [
                    {
                        "type": "rich_text_section",
                        "elements": [
                            {
                                "type": "text",
                                "text": "Controller I changed like this"
                            }
                        ]
                    }
                ]
            }
        ]
    },
    {
        "client_msg_id": "52826f61-405f-4eef-8579-ebf411f0a34b",
        "type": "message",
        "text": "FOR I := 1 to ( len( aMenu_entries ) - 1 )\n   cMenu_entries += aMenu_entries[ I, 1 ] + \",\"\nnext\ncMenu_entries += aMenu_entries[ I, 1 ]\n\n   cContent = If( Empty( cRequest ), \"home\",;\n       If( cRequest $ cMenu_entries,;\n           cRequest, \"home\" ) )\n   do case   \n      case AP_Method() == \"GET\"\n\n         IScan := AScan( aMenu_entries, { |a| a[ 1 ] == cRequest } )\n         \n         if IScan &gt; 0\n            cAction := aMenu_entries[ IScan, 2 ]\n         endif\n\n         AP_RPuts( View( \"default\" ) )\n\n      case AP_Method() == \"POST\"\n         logging(  \"AP_Method-&gt;POST\" )\n         do case\n            case cAction == \"save\"\n                 Save()\n\n            case cRequest == \"login\"\n                 Login() \n         endcase \n   endcase",
        "user": "UJHD6A81H",
        "ts": "1575745195.330400",
        "team": "TJH5YU202",
        "user_team": "TJH5YU202",
        "source_team": "TJH5YU202",
        "user_profile": {
            "avatar_hash": "g6b8073e00e9",
            "image_72": "https:\/\/secure.gravatar.com\/avatar\/b96b8073e00e9eb02bcf05bc1418eb3a.jpg?s=72&d=https%3A%2F%2Fa.slack-edge.com%2Fdf10d%2Fimg%2Favatars%2Fava_0021-72.png",
            "first_name": "Otto",
            "real_name": "Otto Atzwanger",
            "display_name": "Otto",
            "team": "TJH5YU202",
            "name": "otto",
            "is_restricted": false,
            "is_ultra_restricted": false
        },
        "blocks": [
            {
                "type": "rich_text",
                "block_id": "xmUV",
                "elements": [
                    {
                        "type": "rich_text_section",
                        "elements": [
                            {
                                "type": "text",
                                "text": "FOR I := 1 to ( len( aMenu_entries ) - 1 )\n   cMenu_entries += aMenu_entries[ I, 1 ] + \",\"\nnext\ncMenu_entries += aMenu_entries[ I, 1 ]\n\n   cContent = If( Empty( cRequest ), \"home\",;\n       If( cRequest $ cMenu_entries,;\n           cRequest, \"home\" ) )\n   do case   \n      case AP_Method() == \"GET\"\n\n         IScan := AScan( aMenu_entries, { |a| a[ 1 ] == cRequest } )\n         \n         if IScan > 0\n            cAction := aMenu_entries[ IScan, 2 ]\n         endif\n\n         AP_RPuts( View( \"default\" ) )\n\n      case AP_Method() == \"POST\"\n         logging(  \"AP_Method->POST\" )\n         do case\n            case cAction == \"save\"\n                 Save()\n\n            case cRequest == \"login\"\n                 Login() \n         endcase \n   endcase"
                            }
                        ]
                    }
                ]
            }
        ]
    },
    {
        "client_msg_id": "84a07f19-4bea-40d8-9562-eaa76fc47e9d",
        "type": "message",
        "text": "and router like this",
        "user": "UJHD6A81H",
        "ts": "1575745216.330600",
        "team": "TJH5YU202",
        "user_team": "TJH5YU202",
        "source_team": "TJH5YU202",
        "user_profile": {
            "avatar_hash": "g6b8073e00e9",
            "image_72": "https:\/\/secure.gravatar.com\/avatar\/b96b8073e00e9eb02bcf05bc1418eb3a.jpg?s=72&d=https%3A%2F%2Fa.slack-edge.com%2Fdf10d%2Fimg%2Favatars%2Fava_0021-72.png",
            "first_name": "Otto",
            "real_name": "Otto Atzwanger",
            "display_name": "Otto",
            "team": "TJH5YU202",
            "name": "otto",
            "is_restricted": false,
            "is_ultra_restricted": false
        },
        "blocks": [
            {
                "type": "rich_text",
                "block_id": "PRqr",
                "elements": [
                    {
                        "type": "rich_text_section",
                        "elements": [
                            {
                                "type": "text",
                                "text": "and router like this"
                            }
                        ]
                    }
                ]
            }
        ]
    },
    {
        "client_msg_id": "caca1582-223d-46a0-9549-e276687aea0f",
        "type": "message",
        "text": "function Router()\n\n   local cRoute := \"home\"\n   local IScan := 0\n\n   if GetContentViewFileName() != \"home\"\n      if GetContentViewFileName() == \"login\"\n         cRoute = \"login\"\n      else         \n              \n         IScan := AScan( aMenu_entries, { |a| a[ 2 ] == GetAction() } )\n         \n         if IScan &gt; 0\n            cRoute := aMenu_entries[ IScan, 3 ]\n         else      \n            cRoute = \"browse\"\n         endif\n      \n      \n      endif   \n   endif      \n   logging( cRoute + \"          Router\" )\n   \nreturn View( cRoute )",
        "user": "UJHD6A81H",
        "ts": "1575745218.330800",
        "team": "TJH5YU202",
        "user_team": "TJH5YU202",
        "source_team": "TJH5YU202",
        "user_profile": {
            "avatar_hash": "g6b8073e00e9",
            "image_72": "https:\/\/secure.gravatar.com\/avatar\/b96b8073e00e9eb02bcf05bc1418eb3a.jpg?s=72&d=https%3A%2F%2Fa.slack-edge.com%2Fdf10d%2Fimg%2Favatars%2Fava_0021-72.png",
            "first_name": "Otto",
            "real_name": "Otto Atzwanger",
            "display_name": "Otto",
            "team": "TJH5YU202",
            "name": "otto",
            "is_restricted": false,
            "is_ultra_restricted": false
        },
        "blocks": [
            {
                "type": "rich_text",
                "block_id": "gnW",
                "elements": [
                    {
                        "type": "rich_text_section",
                        "elements": [
                            {
                                "type": "text",
                                "text": "function Router()\n\n   local cRoute := \"home\"\n   local IScan := 0\n\n   if GetContentViewFileName() != \"home\"\n      if GetContentViewFileName() == \"login\"\n         cRoute = \"login\"\n      else         \n              \n         IScan := AScan( aMenu_entries, { |a| a[ 2 ] == GetAction() } )\n         \n         if IScan > 0\n            cRoute := aMenu_entries[ IScan, 3 ]\n         else      \n            cRoute = \"browse\"\n         endif\n      \n      \n      endif   \n   endif      \n   logging( cRoute + \"          Router\" )\n   \nreturn View( cRoute )"
                            }
                        ]
                    }
                ]
            }
        ]
    },
    {
        "client_msg_id": "476747b0-cf7c-47a4-a49d-e44799aabf56",
        "type": "message",
        "text": "now for new pages I only have to enter a new array row and the menu entry",
        "user": "UJHD6A81H",
        "ts": "1575745257.331400",
        "team": "TJH5YU202",
        "user_team": "TJH5YU202",
        "source_team": "TJH5YU202",
        "user_profile": {
            "avatar_hash": "g6b8073e00e9",
            "image_72": "https:\/\/secure.gravatar.com\/avatar\/b96b8073e00e9eb02bcf05bc1418eb3a.jpg?s=72&d=https%3A%2F%2Fa.slack-edge.com%2Fdf10d%2Fimg%2Favatars%2Fava_0021-72.png",
            "first_name": "Otto",
            "real_name": "Otto Atzwanger",
            "display_name": "Otto",
            "team": "TJH5YU202",
            "name": "otto",
            "is_restricted": false,
            "is_ultra_restricted": false
        },
        "blocks": [
            {
                "type": "rich_text",
                "block_id": "8wqii",
                "elements": [
                    {
                        "type": "rich_text_section",
                        "elements": [
                            {
                                "type": "text",
                                "text": "now for new pages I only have to enter a new array row and the menu entry"
                            }
                        ]
                    }
                ]
            }
        ]
    },
    {
        "client_msg_id": "183e5da8-0b0f-4f54-9bdb-37fbe8c097c5",
        "type": "message",
        "text": "good morning",
        "user": "UJHD6A81H",
        "ts": "1575789410.331700",
        "team": "TJH5YU202",
        "user_team": "TJH5YU202",
        "source_team": "TJH5YU202",
        "user_profile": {
            "avatar_hash": "g6b8073e00e9",
            "image_72": "https:\/\/secure.gravatar.com\/avatar\/b96b8073e00e9eb02bcf05bc1418eb3a.jpg?s=72&d=https%3A%2F%2Fa.slack-edge.com%2Fdf10d%2Fimg%2Favatars%2Fava_0021-72.png",
            "first_name": "Otto",
            "real_name": "Otto Atzwanger",
            "display_name": "Otto",
            "team": "TJH5YU202",
            "name": "otto",
            "is_restricted": false,
            "is_ultra_restricted": false
        },
        "blocks": [
            {
                "type": "rich_text",
                "block_id": "osCWE",
                "elements": [
                    {
                        "type": "rich_text_section",
                        "elements": [
                            {
                                "type": "text",
                                "text": "good morning"
                            }
                        ]
                    }
                ]
            }
        ]
    },
    {
        "client_msg_id": "4a9505e2-44ef-489f-b9d5-b2ebf8fb7f48",
        "type": "message",
        "text": "Has someone tested Genesis on smartphone. Here scrolling is missing.",
        "user": "UJHD6A81H",
        "ts": "1575789454.332500",
        "team": "TJH5YU202",
        "user_team": "TJH5YU202",
        "source_team": "TJH5YU202",
        "user_profile": {
            "avatar_hash": "g6b8073e00e9",
            "image_72": "https:\/\/secure.gravatar.com\/avatar\/b96b8073e00e9eb02bcf05bc1418eb3a.jpg?s=72&d=https%3A%2F%2Fa.slack-edge.com%2Fdf10d%2Fimg%2Favatars%2Fava_0021-72.png",
            "first_name": "Otto",
            "real_name": "Otto Atzwanger",
            "display_name": "Otto",
            "team": "TJH5YU202",
            "name": "otto",
            "is_restricted": false,
            "is_ultra_restricted": false
        },
        "blocks": [
            {
                "type": "rich_text",
                "block_id": "qaSG8",
                "elements": [
                    {
                        "type": "rich_text_section",
                        "elements": [
                            {
                                "type": "text",
                                "text": "Has someone tested Genesis on smartphone. Here scrolling is missing."
                            }
                        ]
                    }
                ]
            }
        ]
    },
    {
        "type": "message",
        "text": "",
        "files": [
            {
                "id": "FR2TCDPA7",
                "created": 1575789478,
                "timestamp": 1575789478,
                "name": "grafik.png",
                "title": "grafik.png",
                "mimetype": "image\/png",
                "filetype": "png",
                "pretty_type": "PNG",
                "user": "UJHD6A81H",
                "editable": false,
                "size": 33317,
                "mode": "hosted",
                "is_external": false,
                "external_type": "",
                "is_public": true,
                "public_url_shared": false,
                "display_as_bot": false,
                "username": "",
                "url_private": "https:\/\/files.slack.com\/files-pri\/TJH5YU202-FR2TCDPA7\/grafik.png?t=xoxe-629202954002-950795328464-950341379620-2ca7f74bb6537751ea5666f8f5e8896e",
                "url_private_download": "https:\/\/files.slack.com\/files-pri\/TJH5YU202-FR2TCDPA7\/download\/grafik.png?t=xoxe-629202954002-950795328464-950341379620-2ca7f74bb6537751ea5666f8f5e8896e",
                "thumb_64": "https:\/\/files.slack.com\/files-tmb\/TJH5YU202-FR2TCDPA7-c42a84a458\/grafik_64.png?t=xoxe-629202954002-950795328464-950341379620-2ca7f74bb6537751ea5666f8f5e8896e",
                "thumb_80": "https:\/\/files.slack.com\/files-tmb\/TJH5YU202-FR2TCDPA7-c42a84a458\/grafik_80.png?t=xoxe-629202954002-950795328464-950341379620-2ca7f74bb6537751ea5666f8f5e8896e",
                "thumb_360": "https:\/\/files.slack.com\/files-tmb\/TJH5YU202-FR2TCDPA7-c42a84a458\/grafik_360.png?t=xoxe-629202954002-950795328464-950341379620-2ca7f74bb6537751ea5666f8f5e8896e",
                "thumb_360_w": 115,
                "thumb_360_h": 360,
                "thumb_480": "https:\/\/files.slack.com\/files-tmb\/TJH5YU202-FR2TCDPA7-c42a84a458\/grafik_480.png?t=xoxe-629202954002-950795328464-950341379620-2ca7f74bb6537751ea5666f8f5e8896e",
                "thumb_480_w": 153,
                "thumb_480_h": 480,
                "thumb_160": "https:\/\/files.slack.com\/files-tmb\/TJH5YU202-FR2TCDPA7-c42a84a458\/grafik_160.png?t=xoxe-629202954002-950795328464-950341379620-2ca7f74bb6537751ea5666f8f5e8896e",
                "thumb_720": "https:\/\/files.slack.com\/files-tmb\/TJH5YU202-FR2TCDPA7-c42a84a458\/grafik_720.png?t=xoxe-629202954002-950795328464-950341379620-2ca7f74bb6537751ea5666f8f5e8896e",
                "thumb_720_w": 230,
                "thumb_720_h": 720,
                "thumb_800": "https:\/\/files.slack.com\/files-tmb\/TJH5YU202-FR2TCDPA7-c42a84a458\/grafik_800.png?t=xoxe-629202954002-950795328464-950341379620-2ca7f74bb6537751ea5666f8f5e8896e",
                "thumb_800_w": 255,
                "thumb_800_h": 800,
                "thumb_960": "https:\/\/files.slack.com\/files-tmb\/TJH5YU202-FR2TCDPA7-c42a84a458\/grafik_960.png?t=xoxe-629202954002-950795328464-950341379620-2ca7f74bb6537751ea5666f8f5e8896e",
                "thumb_960_w": 306,
                "thumb_960_h": 960,
                "image_exif_rotation": 1,
                "original_w": 323,
                "original_h": 1012,
                "thumb_tiny": "AwAwAA+IzQ\/88D\/38NOjliMgCwFT67yarGnw\/wCtX\/Paruuwhh60+D\/Wr\/ntTDT4f9av+e1SBOYLjPJjyP8AaFOjt7gMGYJt9jV0wwsSSiEnqSKOFBRVwoHBHSndDP\/Z",
                "permalink": "https:\/\/harbourproject.slack.com\/files\/UJHD6A81H\/FR2TCDPA7\/grafik.png",
                "permalink_public": "https:\/\/slack-files.com\/TJH5YU202-FR2TCDPA7-8287297531",
                "is_starred": false,
                "has_rich_preview": false
            }
        ],
        "upload": true,
        "user": "UJHD6A81H",
        "display_as_bot": false,
        "ts": "1575789482.332600",
        "client_msg_id": "c2554275-4a34-4fc3-8a7d-8ccf567e5213"
    }
]