[
    {
        "client_msg_id": "2f39bab0-4139-4c63-8cb9-7b661d22d569",
        "type": "message",
        "text": "buenos dias :sunny:",
        "user": "UJN8D8U3B",
        "ts": "1572767789.077600",
        "team": "TJH5YU202",
        "user_team": "TJH5YU202",
        "source_team": "TJH5YU202",
        "user_profile": {
            "avatar_hash": "g92ad2abcc45",
            "image_72": "https:\/\/secure.gravatar.com\/avatar\/8492ad2abcc45ce53969adcf8420acde.jpg?s=72&d=https%3A%2F%2Fa.slack-edge.com%2Fdf10d%2Fimg%2Favatars%2Fava_0008-72.png",
            "first_name": "",
            "real_name": "Antonio Linares",
            "display_name": "Antonio Linares",
            "team": "TJH5YU202",
            "name": "alinares",
            "is_restricted": false,
            "is_ultra_restricted": false
        }
    },
    {
        "type": "message",
        "text": "",
        "files": [
            {
                "id": "FQ3FDFA3F",
                "created": 1572767806,
                "timestamp": 1572767806,
                "name": "image.png",
                "title": "image.png",
                "mimetype": "image\/png",
                "filetype": "png",
                "pretty_type": "PNG",
                "user": "UJN8D8U3B",
                "editable": false,
                "size": 3308889,
                "mode": "hosted",
                "is_external": false,
                "external_type": "",
                "is_public": true,
                "public_url_shared": false,
                "display_as_bot": false,
                "username": "",
                "url_private": "https:\/\/files.slack.com\/files-pri\/TJH5YU202-FQ3FDFA3F\/image.png?t=xoxe-629202954002-950795328464-950341379620-2ca7f74bb6537751ea5666f8f5e8896e",
                "url_private_download": "https:\/\/files.slack.com\/files-pri\/TJH5YU202-FQ3FDFA3F\/download\/image.png?t=xoxe-629202954002-950795328464-950341379620-2ca7f74bb6537751ea5666f8f5e8896e",
                "thumb_64": "https:\/\/files.slack.com\/files-tmb\/TJH5YU202-FQ3FDFA3F-65ac3171cf\/image_64.png?t=xoxe-629202954002-950795328464-950341379620-2ca7f74bb6537751ea5666f8f5e8896e",
                "thumb_80": "https:\/\/files.slack.com\/files-tmb\/TJH5YU202-FQ3FDFA3F-65ac3171cf\/image_80.png?t=xoxe-629202954002-950795328464-950341379620-2ca7f74bb6537751ea5666f8f5e8896e",
                "thumb_360": "https:\/\/files.slack.com\/files-tmb\/TJH5YU202-FQ3FDFA3F-65ac3171cf\/image_360.png?t=xoxe-629202954002-950795328464-950341379620-2ca7f74bb6537751ea5666f8f5e8896e",
                "thumb_360_w": 360,
                "thumb_360_h": 270,
                "thumb_480": "https:\/\/files.slack.com\/files-tmb\/TJH5YU202-FQ3FDFA3F-65ac3171cf\/image_480.png?t=xoxe-629202954002-950795328464-950341379620-2ca7f74bb6537751ea5666f8f5e8896e",
                "thumb_480_w": 480,
                "thumb_480_h": 360,
                "thumb_160": "https:\/\/files.slack.com\/files-tmb\/TJH5YU202-FQ3FDFA3F-65ac3171cf\/image_160.png?t=xoxe-629202954002-950795328464-950341379620-2ca7f74bb6537751ea5666f8f5e8896e",
                "thumb_720": "https:\/\/files.slack.com\/files-tmb\/TJH5YU202-FQ3FDFA3F-65ac3171cf\/image_720.png?t=xoxe-629202954002-950795328464-950341379620-2ca7f74bb6537751ea5666f8f5e8896e",
                "thumb_720_w": 720,
                "thumb_720_h": 540,
                "thumb_800": "https:\/\/files.slack.com\/files-tmb\/TJH5YU202-FQ3FDFA3F-65ac3171cf\/image_800.png?t=xoxe-629202954002-950795328464-950341379620-2ca7f74bb6537751ea5666f8f5e8896e",
                "thumb_800_w": 800,
                "thumb_800_h": 600,
                "thumb_960": "https:\/\/files.slack.com\/files-tmb\/TJH5YU202-FQ3FDFA3F-65ac3171cf\/image_960.png?t=xoxe-629202954002-950795328464-950341379620-2ca7f74bb6537751ea5666f8f5e8896e",
                "thumb_960_w": 960,
                "thumb_960_h": 720,
                "thumb_1024": "https:\/\/files.slack.com\/files-tmb\/TJH5YU202-FQ3FDFA3F-65ac3171cf\/image_1024.png?t=xoxe-629202954002-950795328464-950341379620-2ca7f74bb6537751ea5666f8f5e8896e",
                "thumb_1024_w": 1024,
                "thumb_1024_h": 768,
                "image_exif_rotation": 1,
                "original_w": 2000,
                "original_h": 1500,
                "thumb_tiny": "AwAkADCT96vrThO46g1J5hPRxTvn7qDVcwuUiE6kc5zSFlPIFPZWPVAaYYz2XH40XQWE8w9jTkk+YZphjJ7U3y2HSndBYpkKCBk1JHcPEuFkJHp6VA2fXP1pAfXrUDLn2tzjDtS\/aZeglBP4VUDDFG4UAXPtE\/8AeP5Ck+1TdyPyqsrnPWlMzjpyPenoBDnnFITzS\/xUh60gCkpaSgBc8mnA8U3uacOlAH\/\/2Q==",
                "permalink": "https:\/\/harbourproject.slack.com\/files\/UJN8D8U3B\/FQ3FDFA3F\/image.png",
                "permalink_public": "https:\/\/slack-files.com\/TJH5YU202-FQ3FDFA3F-6eb0f57d42",
                "is_starred": false,
                "has_rich_preview": false
            }
        ],
        "upload": true,
        "user": "UJN8D8U3B",
        "display_as_bot": false,
        "ts": "1572767812.077700",
        "client_msg_id": "87b0594d-ba64-4516-920c-f1fec981c100"
    },
    {
        "client_msg_id": "79a91fac-79be-4bb7-ba9b-4bcab9a70bd7",
        "type": "message",
        "text": "good morning",
        "user": "UJHD6A81H",
        "ts": "1572769505.078400",
        "team": "TJH5YU202",
        "user_team": "TJH5YU202",
        "source_team": "TJH5YU202",
        "user_profile": {
            "avatar_hash": "g6b8073e00e9",
            "image_72": "https:\/\/secure.gravatar.com\/avatar\/b96b8073e00e9eb02bcf05bc1418eb3a.jpg?s=72&d=https%3A%2F%2Fa.slack-edge.com%2Fdf10d%2Fimg%2Favatars%2Fava_0021-72.png",
            "first_name": "Otto",
            "real_name": "Otto Atzwanger",
            "display_name": "Otto",
            "team": "TJH5YU202",
            "name": "otto",
            "is_restricted": false,
            "is_ultra_restricted": false
        }
    },
    {
        "client_msg_id": "f5f4748e-8b18-4e97-8021-dcde98241fac",
        "type": "message",
        "text": "Dear Antonio,\nwhat kind of disadvantages do I have  if  I include instead of the\nthe \"VIEWS\"\nlocal cData: = MemoRead (hb_GetEnv (\"PRGPATH\") + \"\/ views \/\" + cView + \".view\")\n\n    while ReplaceBlocks (@cData, \"{{\", \"}}\")\n    end\n\n\npreviously  the code with the \"patcher\" in the release source code.",
        "user": "UJHD6A81H",
        "ts": "1572770168.079000",
        "team": "TJH5YU202",
        "user_team": "TJH5YU202",
        "source_team": "TJH5YU202",
        "user_profile": {
            "avatar_hash": "g6b8073e00e9",
            "image_72": "https:\/\/secure.gravatar.com\/avatar\/b96b8073e00e9eb02bcf05bc1418eb3a.jpg?s=72&d=https%3A%2F%2Fa.slack-edge.com%2Fdf10d%2Fimg%2Favatars%2Fava_0021-72.png",
            "first_name": "Otto",
            "real_name": "Otto Atzwanger",
            "display_name": "Otto",
            "team": "TJH5YU202",
            "name": "otto",
            "is_restricted": false,
            "is_ultra_restricted": false
        },
        "edited": {
            "user": "UJHD6A81H",
            "ts": "1572780136.000000"
        }
    },
    {
        "client_msg_id": "8fef6fa2-b545-45d4-a5e0-ed7f2c899e47",
        "type": "message",
        "text": "Dear Antonio, I have another question.",
        "user": "UJHD6A81H",
        "ts": "1572774638.079600",
        "team": "TJH5YU202",
        "user_team": "TJH5YU202",
        "source_team": "TJH5YU202",
        "user_profile": {
            "avatar_hash": "g6b8073e00e9",
            "image_72": "https:\/\/secure.gravatar.com\/avatar\/b96b8073e00e9eb02bcf05bc1418eb3a.jpg?s=72&d=https%3A%2F%2Fa.slack-edge.com%2Fdf10d%2Fimg%2Favatars%2Fava_0021-72.png",
            "first_name": "Otto",
            "real_name": "Otto Atzwanger",
            "display_name": "Otto",
            "team": "TJH5YU202",
            "name": "otto",
            "is_restricted": false,
            "is_ultra_restricted": false
        }
    },
    {
        "client_msg_id": "4d0f5121-cb65-43ac-83af-21517631da4c",
        "type": "message",
        "text": "Passing a variable to javescript I use:",
        "user": "UJHD6A81H",
        "ts": "1572774655.080000",
        "team": "TJH5YU202",
        "user_team": "TJH5YU202",
        "source_team": "TJH5YU202",
        "user_profile": {
            "avatar_hash": "g6b8073e00e9",
            "image_72": "https:\/\/secure.gravatar.com\/avatar\/b96b8073e00e9eb02bcf05bc1418eb3a.jpg?s=72&d=https%3A%2F%2Fa.slack-edge.com%2Fdf10d%2Fimg%2Favatars%2Fava_0021-72.png",
            "first_name": "Otto",
            "real_name": "Otto Atzwanger",
            "display_name": "Otto",
            "team": "TJH5YU202",
            "name": "otto",
            "is_restricted": false,
            "is_ultra_restricted": false
        }
    },
    {
        "client_msg_id": "c2bc3b5a-7be7-4dfd-b2eb-07682574a3a3",
        "type": "message",
        "text": "&lt;script&gt;\n var cTimeDate =  &lt;?prg f_timeDate() ?&gt;\n&lt;\/script&gt;\n\n function f_timeDate()\n  local cDatum_Zeit := \"\"\n\n    cDatum_Zeit :=  \"'\" +  dtoC(date()) + \"  \"  + time()  + \"'\"\n    ?  cDatum_Zeit\n\n  return cDatum_Zeit\n\n \/\/----------------------------------------------------------------\/\/\n\n\nI seems to me that function is read 2 times. Is this the correct way to get variables from Harbour to JS.",
        "user": "UJHD6A81H",
        "ts": "1572774740.081300",
        "team": "TJH5YU202",
        "user_team": "TJH5YU202",
        "source_team": "TJH5YU202",
        "user_profile": {
            "avatar_hash": "g6b8073e00e9",
            "image_72": "https:\/\/secure.gravatar.com\/avatar\/b96b8073e00e9eb02bcf05bc1418eb3a.jpg?s=72&d=https%3A%2F%2Fa.slack-edge.com%2Fdf10d%2Fimg%2Favatars%2Fava_0021-72.png",
            "first_name": "Otto",
            "real_name": "Otto Atzwanger",
            "display_name": "Otto",
            "team": "TJH5YU202",
            "name": "otto",
            "is_restricted": false,
            "is_ultra_restricted": false
        }
    },
    {
        "type": "message",
        "text": "",
        "files": [
            {
                "id": "FQ32LJECC",
                "created": 1572775598,
                "timestamp": 1572775598,
                "name": "grafik.png",
                "title": "grafik.png",
                "mimetype": "image\/png",
                "filetype": "png",
                "pretty_type": "PNG",
                "user": "UJHD6A81H",
                "editable": false,
                "size": 48882,
                "mode": "hosted",
                "is_external": false,
                "external_type": "",
                "is_public": true,
                "public_url_shared": false,
                "display_as_bot": false,
                "username": "",
                "url_private": "https:\/\/files.slack.com\/files-pri\/TJH5YU202-FQ32LJECC\/grafik.png?t=xoxe-629202954002-950795328464-950341379620-2ca7f74bb6537751ea5666f8f5e8896e",
                "url_private_download": "https:\/\/files.slack.com\/files-pri\/TJH5YU202-FQ32LJECC\/download\/grafik.png?t=xoxe-629202954002-950795328464-950341379620-2ca7f74bb6537751ea5666f8f5e8896e",
                "thumb_64": "https:\/\/files.slack.com\/files-tmb\/TJH5YU202-FQ32LJECC-b711cdaca6\/grafik_64.png?t=xoxe-629202954002-950795328464-950341379620-2ca7f74bb6537751ea5666f8f5e8896e",
                "thumb_80": "https:\/\/files.slack.com\/files-tmb\/TJH5YU202-FQ32LJECC-b711cdaca6\/grafik_80.png?t=xoxe-629202954002-950795328464-950341379620-2ca7f74bb6537751ea5666f8f5e8896e",
                "thumb_360": "https:\/\/files.slack.com\/files-tmb\/TJH5YU202-FQ32LJECC-b711cdaca6\/grafik_360.png?t=xoxe-629202954002-950795328464-950341379620-2ca7f74bb6537751ea5666f8f5e8896e",
                "thumb_360_w": 360,
                "thumb_360_h": 313,
                "thumb_480": "https:\/\/files.slack.com\/files-tmb\/TJH5YU202-FQ32LJECC-b711cdaca6\/grafik_480.png?t=xoxe-629202954002-950795328464-950341379620-2ca7f74bb6537751ea5666f8f5e8896e",
                "thumb_480_w": 480,
                "thumb_480_h": 417,
                "thumb_160": "https:\/\/files.slack.com\/files-tmb\/TJH5YU202-FQ32LJECC-b711cdaca6\/grafik_160.png?t=xoxe-629202954002-950795328464-950341379620-2ca7f74bb6537751ea5666f8f5e8896e",
                "thumb_720": "https:\/\/files.slack.com\/files-tmb\/TJH5YU202-FQ32LJECC-b711cdaca6\/grafik_720.png?t=xoxe-629202954002-950795328464-950341379620-2ca7f74bb6537751ea5666f8f5e8896e",
                "thumb_720_w": 720,
                "thumb_720_h": 625,
                "thumb_800": "https:\/\/files.slack.com\/files-tmb\/TJH5YU202-FQ32LJECC-b711cdaca6\/grafik_800.png?t=xoxe-629202954002-950795328464-950341379620-2ca7f74bb6537751ea5666f8f5e8896e",
                "thumb_800_w": 800,
                "thumb_800_h": 695,
                "thumb_960": "https:\/\/files.slack.com\/files-tmb\/TJH5YU202-FQ32LJECC-b711cdaca6\/grafik_960.png?t=xoxe-629202954002-950795328464-950341379620-2ca7f74bb6537751ea5666f8f5e8896e",
                "thumb_960_w": 960,
                "thumb_960_h": 833,
                "thumb_1024": "https:\/\/files.slack.com\/files-tmb\/TJH5YU202-FQ32LJECC-b711cdaca6\/grafik_1024.png?t=xoxe-629202954002-950795328464-950341379620-2ca7f74bb6537751ea5666f8f5e8896e",
                "thumb_1024_w": 1024,
                "thumb_1024_h": 889,
                "image_exif_rotation": 1,
                "original_w": 1168,
                "original_h": 1014,
                "thumb_tiny": "AwApADC7g568UtGeaKQgpaaOuf60tAgz9aD0pBwaU9KBh3oPSlx39aCue4oASgdTTth9aNmMmgBtB6UUHpQIdt3KOcUuz6flTBRTKJRkUjfdNR0HpQAUGm0UhH\/\/2Q==",
                "permalink": "https:\/\/harbourproject.slack.com\/files\/UJHD6A81H\/FQ32LJECC\/grafik.png",
                "permalink_public": "https:\/\/slack-files.com\/TJH5YU202-FQ32LJECC-1a66733f20",
                "is_starred": false,
                "has_rich_preview": false
            }
        ],
        "upload": true,
        "user": "UJHD6A81H",
        "display_as_bot": false,
        "ts": "1572775601.081400",
        "client_msg_id": "8e7e75c3-fc2f-4eec-ba0d-3158775c6f42"
    },
    {
        "client_msg_id": "cb2ae198-5c5c-4f6e-8f25-9fc4eb678117",
        "type": "message",
        "text": "BTW this is \"PATCHER\" code for this screen :slightly_smiling_face:",
        "user": "UJHD6A81H",
        "ts": "1572775888.082100",
        "team": "TJH5YU202",
        "user_team": "TJH5YU202",
        "source_team": "TJH5YU202",
        "user_profile": {
            "avatar_hash": "g6b8073e00e9",
            "image_72": "https:\/\/secure.gravatar.com\/avatar\/b96b8073e00e9eb02bcf05bc1418eb3a.jpg?s=72&d=https%3A%2F%2Fa.slack-edge.com%2Fdf10d%2Fimg%2Favatars%2Fava_0021-72.png",
            "first_name": "Otto",
            "real_name": "Otto Atzwanger",
            "display_name": "Otto",
            "team": "TJH5YU202",
            "name": "otto",
            "is_restricted": false,
            "is_ultra_restricted": false
        }
    },
    {
        "client_msg_id": "0d9db72d-2821-4deb-982d-4652535e4b10",
        "type": "message",
        "text": "&lt;div class=\"container\"&gt;\n&lt;h3&gt;Meldeblatt:&lt;\/h3&gt;\n&lt;div class=\"row\"&gt;\n  $-&gt; ADD_div.prg  : spalten = sm; text = Anrede;      variable = viewName.anrede1\n  $-&gt; ADD_div.prg  : spalten = sm; text = E-Mail;      variable = viewName.EmailCheck\n  $-&gt; ADD_div.prg  : spalten = sm; text = email;       variable = viewName.Email\n&lt;\/div&gt;\n&lt;div class=\"row\"&gt;\n  $-&gt; ADD_div.prg  : spalten = sm; text = Titel;      variable = viewName.titel\n  $-&gt; ADD_div.prg  : spalten = sm; text = Vorname;    variable = viewName.FirstName\n  $-&gt; ADD_div.prg  : spalten = sm; text = Nachname;   variable = viewName.LastName\n&lt;\/div&gt;\n&lt;div class=\"row\"&gt;\n  $-&gt; ADD_div.prg  : spalten = sm; text = Strasse;    variable = viewName.StrassenName\n  $-&gt; ADD_div.prg  : spalten = sm; text = PLZ;        variable = viewName.PostLeitzahl\n  $-&gt; ADD_div.prg  : spalten = sm; text = Ort;        variable = viewName.OrtsName\n&lt;\/div&gt;\n&lt;div class=\"row\"&gt;\n  $-&gt; ADD_div.prg  : spalten = sm; text = GebDatum;     variable = viewName.GebDatum\n  $-&gt; ADD_div.prg  : spalten = sm; text = Passnummer;   variable = viewName.Passnummer\n  $-&gt; ADD_div.prg  : spalten = sm; text = Staat;        variable = viewName.staat\n  $-&gt; ADD_div.prg  : spalten = sm; text = Geschlecht;   variable = viewName.gender\n&lt;\/div&gt;\n\n\n...",
        "user": "UJHD6A81H",
        "ts": "1572775958.082300",
        "team": "TJH5YU202",
        "user_team": "TJH5YU202",
        "source_team": "TJH5YU202",
        "user_profile": {
            "avatar_hash": "g6b8073e00e9",
            "image_72": "https:\/\/secure.gravatar.com\/avatar\/b96b8073e00e9eb02bcf05bc1418eb3a.jpg?s=72&d=https%3A%2F%2Fa.slack-edge.com%2Fdf10d%2Fimg%2Favatars%2Fava_0021-72.png",
            "first_name": "Otto",
            "real_name": "Otto Atzwanger",
            "display_name": "Otto",
            "team": "TJH5YU202",
            "name": "otto",
            "is_restricted": false,
            "is_ultra_restricted": false
        }
    },
    {
        "client_msg_id": "e86dcd75-713a-40e4-ade0-f9a531f89c35",
        "type": "message",
        "text": "This is ADD_div.prg",
        "user": "UJHD6A81H",
        "ts": "1572775973.082700",
        "team": "TJH5YU202",
        "user_team": "TJH5YU202",
        "source_team": "TJH5YU202",
        "user_profile": {
            "avatar_hash": "g6b8073e00e9",
            "image_72": "https:\/\/secure.gravatar.com\/avatar\/b96b8073e00e9eb02bcf05bc1418eb3a.jpg?s=72&d=https%3A%2F%2Fa.slack-edge.com%2Fdf10d%2Fimg%2Favatars%2Fava_0021-72.png",
            "first_name": "Otto",
            "real_name": "Otto Atzwanger",
            "display_name": "Otto",
            "team": "TJH5YU202",
            "name": "otto",
            "is_restricted": false,
            "is_ultra_restricted": false
        }
    },
    {
        "client_msg_id": "2c2984e8-a078-41ef-a12c-4454d2243556",
        "type": "message",
        "text": "&lt;div class=\"col-|Spalten|\"&gt;\n    |text|:\n    &lt;H5&gt;\n        &lt;script&gt;\n            document.write( |Variable| );\n        &lt;\/script&gt;\n    &lt;\/H5&gt;\n&lt;HR&gt;\n&lt;\/div&gt;",
        "user": "UJHD6A81H",
        "ts": "1572775979.082900",
        "team": "TJH5YU202",
        "user_team": "TJH5YU202",
        "source_team": "TJH5YU202",
        "user_profile": {
            "avatar_hash": "g6b8073e00e9",
            "image_72": "https:\/\/secure.gravatar.com\/avatar\/b96b8073e00e9eb02bcf05bc1418eb3a.jpg?s=72&d=https%3A%2F%2Fa.slack-edge.com%2Fdf10d%2Fimg%2Favatars%2Fava_0021-72.png",
            "first_name": "Otto",
            "real_name": "Otto Atzwanger",
            "display_name": "Otto",
            "team": "TJH5YU202",
            "name": "otto",
            "is_restricted": false,
            "is_ultra_restricted": false
        }
    },
    {
        "client_msg_id": "bbfa2e97-5263-4788-a3b0-5bc31449725e",
        "type": "message",
        "text": "\"PATCHER\" has a build in preprocessor which does the work. :slightly_smiling_face:",
        "user": "UJHD6A81H",
        "ts": "1572776056.083800",
        "team": "TJH5YU202",
        "user_team": "TJH5YU202",
        "source_team": "TJH5YU202",
        "user_profile": {
            "avatar_hash": "g6b8073e00e9",
            "image_72": "https:\/\/secure.gravatar.com\/avatar\/b96b8073e00e9eb02bcf05bc1418eb3a.jpg?s=72&d=https%3A%2F%2Fa.slack-edge.com%2Fdf10d%2Fimg%2Favatars%2Fava_0021-72.png",
            "first_name": "Otto",
            "real_name": "Otto Atzwanger",
            "display_name": "Otto",
            "team": "TJH5YU202",
            "name": "otto",
            "is_restricted": false,
            "is_ultra_restricted": false
        }
    },
    {
        "client_msg_id": "bf444a11-0b13-410c-957b-960bea672a4e",
        "type": "message",
        "text": "***",
        "user": "UJHD6A81H",
        "ts": "1572776096.084200",
        "team": "TJH5YU202",
        "user_team": "TJH5YU202",
        "source_team": "TJH5YU202",
        "user_profile": {
            "avatar_hash": "g6b8073e00e9",
            "image_72": "https:\/\/secure.gravatar.com\/avatar\/b96b8073e00e9eb02bcf05bc1418eb3a.jpg?s=72&d=https%3A%2F%2Fa.slack-edge.com%2Fdf10d%2Fimg%2Favatars%2Fava_0021-72.png",
            "first_name": "Otto",
            "real_name": "Otto Atzwanger",
            "display_name": "Otto",
            "team": "TJH5YU202",
            "name": "otto",
            "is_restricted": false,
            "is_ultra_restricted": false
        }
    },
    {
        "client_msg_id": "33bd0834-fe97-4154-b009-40507f2ea75c",
        "type": "message",
        "text": "In this program I upload the signature to the server and then access the signature and data from FIVEWIN",
        "user": "UJHD6A81H",
        "ts": "1572776135.085000",
        "team": "TJH5YU202",
        "user_team": "TJH5YU202",
        "source_team": "TJH5YU202",
        "user_profile": {
            "avatar_hash": "g6b8073e00e9",
            "image_72": "https:\/\/secure.gravatar.com\/avatar\/b96b8073e00e9eb02bcf05bc1418eb3a.jpg?s=72&d=https%3A%2F%2Fa.slack-edge.com%2Fdf10d%2Fimg%2Favatars%2Fava_0021-72.png",
            "first_name": "Otto",
            "real_name": "Otto Atzwanger",
            "display_name": "Otto",
            "team": "TJH5YU202",
            "name": "otto",
            "is_restricted": false,
            "is_ultra_restricted": false
        }
    },
    {
        "type": "message",
        "text": "",
        "files": [
            {
                "id": "FQ32Q1344",
                "created": 1572776202,
                "timestamp": 1572776202,
                "name": "grafik.png",
                "title": "grafik.png",
                "mimetype": "image\/png",
                "filetype": "png",
                "pretty_type": "PNG",
                "user": "UJHD6A81H",
                "editable": false,
                "size": 70406,
                "mode": "hosted",
                "is_external": false,
                "external_type": "",
                "is_public": true,
                "public_url_shared": false,
                "display_as_bot": false,
                "username": "",
                "url_private": "https:\/\/files.slack.com\/files-pri\/TJH5YU202-FQ32Q1344\/grafik.png?t=xoxe-629202954002-950795328464-950341379620-2ca7f74bb6537751ea5666f8f5e8896e",
                "url_private_download": "https:\/\/files.slack.com\/files-pri\/TJH5YU202-FQ32Q1344\/download\/grafik.png?t=xoxe-629202954002-950795328464-950341379620-2ca7f74bb6537751ea5666f8f5e8896e",
                "thumb_64": "https:\/\/files.slack.com\/files-tmb\/TJH5YU202-FQ32Q1344-f381566ec5\/grafik_64.png?t=xoxe-629202954002-950795328464-950341379620-2ca7f74bb6537751ea5666f8f5e8896e",
                "thumb_80": "https:\/\/files.slack.com\/files-tmb\/TJH5YU202-FQ32Q1344-f381566ec5\/grafik_80.png?t=xoxe-629202954002-950795328464-950341379620-2ca7f74bb6537751ea5666f8f5e8896e",
                "thumb_360": "https:\/\/files.slack.com\/files-tmb\/TJH5YU202-FQ32Q1344-f381566ec5\/grafik_360.png?t=xoxe-629202954002-950795328464-950341379620-2ca7f74bb6537751ea5666f8f5e8896e",
                "thumb_360_w": 360,
                "thumb_360_h": 347,
                "thumb_480": "https:\/\/files.slack.com\/files-tmb\/TJH5YU202-FQ32Q1344-f381566ec5\/grafik_480.png?t=xoxe-629202954002-950795328464-950341379620-2ca7f74bb6537751ea5666f8f5e8896e",
                "thumb_480_w": 480,
                "thumb_480_h": 463,
                "thumb_160": "https:\/\/files.slack.com\/files-tmb\/TJH5YU202-FQ32Q1344-f381566ec5\/grafik_160.png?t=xoxe-629202954002-950795328464-950341379620-2ca7f74bb6537751ea5666f8f5e8896e",
                "thumb_720": "https:\/\/files.slack.com\/files-tmb\/TJH5YU202-FQ32Q1344-f381566ec5\/grafik_720.png?t=xoxe-629202954002-950795328464-950341379620-2ca7f74bb6537751ea5666f8f5e8896e",
                "thumb_720_w": 720,
                "thumb_720_h": 694,
                "thumb_800": "https:\/\/files.slack.com\/files-tmb\/TJH5YU202-FQ32Q1344-f381566ec5\/grafik_800.png?t=xoxe-629202954002-950795328464-950341379620-2ca7f74bb6537751ea5666f8f5e8896e",
                "thumb_800_w": 800,
                "thumb_800_h": 771,
                "image_exif_rotation": 1,
                "original_w": 910,
                "original_h": 877,
                "thumb_tiny": "AwAuADC6QvpQAnpSHrRj3FFxWQuI\/SgLH2FGMfxUc\/3qLhZDti+g\/OkMaEcqPzoHH8QNO7HjtQFgCgjoKXYPQUmRxk44p2RnHegYmwegpCFXk4FPprDNACbh6ilzkUmB7\/nR0FADl6CjaPSm596M+5oAfSHrTcn1oz70ALR2pMijIxQB\/9k=",
                "permalink": "https:\/\/harbourproject.slack.com\/files\/UJHD6A81H\/FQ32Q1344\/grafik.png",
                "permalink_public": "https:\/\/slack-files.com\/TJH5YU202-FQ32Q1344-4f15214d17",
                "is_starred": false,
                "has_rich_preview": false
            }
        ],
        "upload": true,
        "user": "UJHD6A81H",
        "display_as_bot": false,
        "ts": "1572776204.085100",
        "client_msg_id": "fede94ba-74ee-4a2d-990f-1cb147ce4eb5"
    },
    {
        "client_msg_id": "64b5ec11-4f10-4ec8-8a7f-aed690811783",
        "type": "message",
        "text": "This is a FIVEWIN program.",
        "user": "UJHD6A81H",
        "ts": "1572776227.085600",
        "team": "TJH5YU202",
        "user_team": "TJH5YU202",
        "source_team": "TJH5YU202",
        "user_profile": {
            "avatar_hash": "g6b8073e00e9",
            "image_72": "https:\/\/secure.gravatar.com\/avatar\/b96b8073e00e9eb02bcf05bc1418eb3a.jpg?s=72&d=https%3A%2F%2Fa.slack-edge.com%2Fdf10d%2Fimg%2Favatars%2Fava_0021-72.png",
            "first_name": "Otto",
            "real_name": "Otto Atzwanger",
            "display_name": "Otto",
            "team": "TJH5YU202",
            "name": "otto",
            "is_restricted": false,
            "is_ultra_restricted": false
        }
    },
    {
        "client_msg_id": "7a81496d-5c6e-48db-97be-b0bc86cf739c",
        "type": "message",
        "text": "All is on one SERVER. Intenet conection is over a virtual machine with pfSense which acts as firewall. On the same server I have to moer VM one for RDP. We use all our FIVEWIN software through RDP and another VM for Apache. Apache and RDP share on directory over a virtual switch.",
        "user": "UJHD6A81H",
        "ts": "1572776456.088600",
        "team": "TJH5YU202",
        "user_team": "TJH5YU202",
        "source_team": "TJH5YU202",
        "user_profile": {
            "avatar_hash": "g6b8073e00e9",
            "image_72": "https:\/\/secure.gravatar.com\/avatar\/b96b8073e00e9eb02bcf05bc1418eb3a.jpg?s=72&d=https%3A%2F%2Fa.slack-edge.com%2Fdf10d%2Fimg%2Favatars%2Fava_0021-72.png",
            "first_name": "Otto",
            "real_name": "Otto Atzwanger",
            "display_name": "Otto",
            "team": "TJH5YU202",
            "name": "otto",
            "is_restricted": false,
            "is_ultra_restricted": false
        }
    },
    {
        "client_msg_id": "418be101-64ab-4122-a06e-ffd3d5515984",
        "type": "message",
        "text": "&gt;&lt;script&gt;\n&gt;var cTimeDate =  &lt;?prg f_timeDate() ?&gt;\n&gt;&lt;\/script&gt;\n&gt;\n&gt;function f_timeDate()\n&gt; local cDatum_Zeit := \"\"\n&gt;\n&gt;   cDatum_Zeit :=  \"'\" +  dtoC(date()) + \"  \"  + time()  + \"'\"\n&gt;   ?  cDatum_Zeit\n&gt;\n&gt; return cDatum_Zeit\n&gt;\n&gt;\/\/----------------------------------------------------------------\/\/\n&gt;\n&gt;\n&gt;\n&gt;I seems to me that function is read 2 times. Is this the correct way to get variables from Harbour to JS.",
        "user": "UNAHBRTFA",
        "ts": "1572790611.089300",
        "team": "TJH5YU202",
        "user_team": "TJH5YU202",
        "source_team": "TJH5YU202",
        "user_profile": {
            "avatar_hash": "g3d2a3f4c28c",
            "image_72": "https:\/\/secure.gravatar.com\/avatar\/23d2a3f4c28cebb4cf07e48d02620517.jpg?s=72&d=https%3A%2F%2Fa.slack-edge.com%2Fdf10d%2Fimg%2Favatars%2Fava_0020-72.png",
            "first_name": "Andreu",
            "real_name": "Andreu Botella",
            "display_name": "Andreu Botella",
            "team": "TJH5YU202",
            "name": "andreu.132",
            "is_restricted": false,
            "is_ultra_restricted": false
        }
    },
    {
        "client_msg_id": "6adad941-08a7-407d-821f-b543e1c96f06",
        "type": "message",
        "text": "<@UJHD6A81H> I thought I had explained myself the other day.",
        "user": "UNAHBRTFA",
        "ts": "1572790627.089700",
        "team": "TJH5YU202",
        "user_team": "TJH5YU202",
        "source_team": "TJH5YU202",
        "user_profile": {
            "avatar_hash": "g3d2a3f4c28c",
            "image_72": "https:\/\/secure.gravatar.com\/avatar\/23d2a3f4c28cebb4cf07e48d02620517.jpg?s=72&d=https%3A%2F%2Fa.slack-edge.com%2Fdf10d%2Fimg%2Favatars%2Fava_0020-72.png",
            "first_name": "Andreu",
            "real_name": "Andreu Botella",
            "display_name": "Andreu Botella",
            "team": "TJH5YU202",
            "name": "andreu.132",
            "is_restricted": false,
            "is_ultra_restricted": false
        }
    },
    {
        "client_msg_id": "b8e1ade0-8143-48b8-ba17-60df87c9e98a",
        "type": "message",
        "text": "*The mod_harbour code and the Javascript code run in completely separate contexts.*",
        "user": "UNAHBRTFA",
        "ts": "1572790645.090200",
        "team": "TJH5YU202",
        "user_team": "TJH5YU202",
        "source_team": "TJH5YU202",
        "user_profile": {
            "avatar_hash": "g3d2a3f4c28c",
            "image_72": "https:\/\/secure.gravatar.com\/avatar\/23d2a3f4c28cebb4cf07e48d02620517.jpg?s=72&d=https%3A%2F%2Fa.slack-edge.com%2Fdf10d%2Fimg%2Favatars%2Fava_0020-72.png",
            "first_name": "Andreu",
            "real_name": "Andreu Botella",
            "display_name": "Andreu Botella",
            "team": "TJH5YU202",
            "name": "andreu.132",
            "is_restricted": false,
            "is_ultra_restricted": false
        }
    },
    {
        "client_msg_id": "9b882aa3-7551-4343-8e96-7b6d6412e8c7",
        "type": "message",
        "text": "*Unless you explicitly pass things in requests, mod_harbour has NO access to any javascript functions or variables.*",
        "user": "UNAHBRTFA",
        "ts": "1572790678.091000",
        "team": "TJH5YU202",
        "user_team": "TJH5YU202",
        "source_team": "TJH5YU202",
        "user_profile": {
            "avatar_hash": "g3d2a3f4c28c",
            "image_72": "https:\/\/secure.gravatar.com\/avatar\/23d2a3f4c28cebb4cf07e48d02620517.jpg?s=72&d=https%3A%2F%2Fa.slack-edge.com%2Fdf10d%2Fimg%2Favatars%2Fava_0020-72.png",
            "first_name": "Andreu",
            "real_name": "Andreu Botella",
            "display_name": "Andreu Botella",
            "team": "TJH5YU202",
            "name": "andreu.132",
            "is_restricted": false,
            "is_ultra_restricted": false
        },
        "edited": {
            "user": "UNAHBRTFA",
            "ts": "1572790801.000000"
        }
    },
    {
        "client_msg_id": "10bb464e-0dd9-4c6b-a503-08aff08d1d86",
        "type": "message",
        "text": "If you truly need to get variables from javascript to the server, you load a new page (passing the js value through url parameters or through a form) or you use ajax (effectively loading a new page in the background) and parse those values from mod_harbour.",
        "user": "UNAHBRTFA",
        "ts": "1572791360.095200",
        "team": "TJH5YU202",
        "user_team": "TJH5YU202",
        "source_team": "TJH5YU202",
        "user_profile": {
            "avatar_hash": "g3d2a3f4c28c",
            "image_72": "https:\/\/secure.gravatar.com\/avatar\/23d2a3f4c28cebb4cf07e48d02620517.jpg?s=72&d=https%3A%2F%2Fa.slack-edge.com%2Fdf10d%2Fimg%2Favatars%2Fava_0020-72.png",
            "first_name": "Andreu",
            "real_name": "Andreu Botella",
            "display_name": "Andreu Botella",
            "team": "TJH5YU202",
            "name": "andreu.132",
            "is_restricted": false,
            "is_ultra_restricted": false
        },
        "edited": {
            "user": "UNAHBRTFA",
            "ts": "1572791433.000000"
        }
    },
    {
        "client_msg_id": "586e2c53-38c0-4b64-9923-6253c6b1c255",
        "type": "message",
        "text": "If what you need is for harbour to run inside the browser, take a look at <#CN5QSU3DL|harbour_emscripten> instead",
        "user": "UNAHBRTFA",
        "ts": "1572791465.095900",
        "team": "TJH5YU202",
        "user_team": "TJH5YU202",
        "source_team": "TJH5YU202",
        "user_profile": {
            "avatar_hash": "g3d2a3f4c28c",
            "image_72": "https:\/\/secure.gravatar.com\/avatar\/23d2a3f4c28cebb4cf07e48d02620517.jpg?s=72&d=https%3A%2F%2Fa.slack-edge.com%2Fdf10d%2Fimg%2Favatars%2Fava_0020-72.png",
            "first_name": "Andreu",
            "real_name": "Andreu Botella",
            "display_name": "Andreu Botella",
            "team": "TJH5YU202",
            "name": "andreu.132",
            "is_restricted": false,
            "is_ultra_restricted": false
        },
        "edited": {
            "user": "UNAHBRTFA",
            "ts": "1572791480.000000"
        }
    },
    {
        "client_msg_id": "93be042a-37d4-44d5-a958-6062e3cf2e6d",
        "type": "message",
        "text": "(the channel is empty, my bad :sweat_smile:)",
        "user": "UNAHBRTFA",
        "ts": "1572791516.096300",
        "team": "TJH5YU202",
        "user_team": "TJH5YU202",
        "source_team": "TJH5YU202",
        "user_profile": {
            "avatar_hash": "g3d2a3f4c28c",
            "image_72": "https:\/\/secure.gravatar.com\/avatar\/23d2a3f4c28cebb4cf07e48d02620517.jpg?s=72&d=https%3A%2F%2Fa.slack-edge.com%2Fdf10d%2Fimg%2Favatars%2Fava_0020-72.png",
            "first_name": "Andreu",
            "real_name": "Andreu Botella",
            "display_name": "Andreu Botella",
            "team": "TJH5YU202",
            "name": "andreu.132",
            "is_restricted": false,
            "is_ultra_restricted": false
        }
    },
    {
        "client_msg_id": "0a3417d0-fc84-4ba9-ab6b-227b04956535",
        "type": "message",
        "text": "Hello Andreu, thank you.",
        "user": "UJHD6A81H",
        "ts": "1572794756.096900",
        "team": "TJH5YU202",
        "user_team": "TJH5YU202",
        "source_team": "TJH5YU202",
        "user_profile": {
            "avatar_hash": "g6b8073e00e9",
            "image_72": "https:\/\/secure.gravatar.com\/avatar\/b96b8073e00e9eb02bcf05bc1418eb3a.jpg?s=72&d=https%3A%2F%2Fa.slack-edge.com%2Fdf10d%2Fimg%2Favatars%2Fava_0021-72.png",
            "first_name": "Otto",
            "real_name": "Otto Atzwanger",
            "display_name": "Otto",
            "team": "TJH5YU202",
            "name": "otto",
            "is_restricted": false,
            "is_ultra_restricted": false
        }
    },
    {
        "client_msg_id": "09e5a5e7-4522-42eb-9d77-c8c975848756",
        "type": "message",
        "text": "I realized that we can use  ?   \"f_timeDate  \" + \"procname(4) \" + procname(4) + \" procname(3) \" + procname(3) + \" procname(2) \" + procname(2) + \"  procname(1) \" + procname(1) + \"     procname \" + procname() + \" procline  \" + str(procline()) + \"  datetime \" +cDatum_Zeit to see who is calling a function. I think I am calling the function twice. I will do more tests.",
        "user": "UJHD6A81H",
        "ts": "1572794896.098500",
        "team": "TJH5YU202",
        "user_team": "TJH5YU202",
        "source_team": "TJH5YU202",
        "user_profile": {
            "avatar_hash": "g6b8073e00e9",
            "image_72": "https:\/\/secure.gravatar.com\/avatar\/b96b8073e00e9eb02bcf05bc1418eb3a.jpg?s=72&d=https%3A%2F%2Fa.slack-edge.com%2Fdf10d%2Fimg%2Favatars%2Fava_0021-72.png",
            "first_name": "Otto",
            "real_name": "Otto Atzwanger",
            "display_name": "Otto",
            "team": "TJH5YU202",
            "name": "otto",
            "is_restricted": false,
            "is_ultra_restricted": false
        }
    },
    {
        "type": "message",
        "text": "",
        "files": [
            {
                "id": "FPVMXCTLH",
                "created": 1572795138,
                "timestamp": 1572795138,
                "name": "Clip1.jpg",
                "title": "Clip1.jpg",
                "mimetype": "image\/jpeg",
                "filetype": "jpg",
                "pretty_type": "JPEG",
                "user": "UJHD6A81H",
                "editable": false,
                "size": 130666,
                "mode": "hosted",
                "is_external": false,
                "external_type": "",
                "is_public": true,
                "public_url_shared": false,
                "display_as_bot": false,
                "username": "",
                "url_private": "https:\/\/files.slack.com\/files-pri\/TJH5YU202-FPVMXCTLH\/clip1.jpg?t=xoxe-629202954002-950795328464-950341379620-2ca7f74bb6537751ea5666f8f5e8896e",
                "url_private_download": "https:\/\/files.slack.com\/files-pri\/TJH5YU202-FPVMXCTLH\/download\/clip1.jpg?t=xoxe-629202954002-950795328464-950341379620-2ca7f74bb6537751ea5666f8f5e8896e",
                "thumb_64": "https:\/\/files.slack.com\/files-tmb\/TJH5YU202-FPVMXCTLH-796c98924f\/clip1_64.jpg?t=xoxe-629202954002-950795328464-950341379620-2ca7f74bb6537751ea5666f8f5e8896e",
                "thumb_80": "https:\/\/files.slack.com\/files-tmb\/TJH5YU202-FPVMXCTLH-796c98924f\/clip1_80.jpg?t=xoxe-629202954002-950795328464-950341379620-2ca7f74bb6537751ea5666f8f5e8896e",
                "thumb_360": "https:\/\/files.slack.com\/files-tmb\/TJH5YU202-FPVMXCTLH-796c98924f\/clip1_360.jpg?t=xoxe-629202954002-950795328464-950341379620-2ca7f74bb6537751ea5666f8f5e8896e",
                "thumb_360_w": 360,
                "thumb_360_h": 108,
                "thumb_480": "https:\/\/files.slack.com\/files-tmb\/TJH5YU202-FPVMXCTLH-796c98924f\/clip1_480.jpg?t=xoxe-629202954002-950795328464-950341379620-2ca7f74bb6537751ea5666f8f5e8896e",
                "thumb_480_w": 480,
                "thumb_480_h": 144,
                "thumb_160": "https:\/\/files.slack.com\/files-tmb\/TJH5YU202-FPVMXCTLH-796c98924f\/clip1_160.jpg?t=xoxe-629202954002-950795328464-950341379620-2ca7f74bb6537751ea5666f8f5e8896e",
                "thumb_720": "https:\/\/files.slack.com\/files-tmb\/TJH5YU202-FPVMXCTLH-796c98924f\/clip1_720.jpg?t=xoxe-629202954002-950795328464-950341379620-2ca7f74bb6537751ea5666f8f5e8896e",
                "thumb_720_w": 720,
                "thumb_720_h": 215,
                "thumb_800": "https:\/\/files.slack.com\/files-tmb\/TJH5YU202-FPVMXCTLH-796c98924f\/clip1_800.jpg?t=xoxe-629202954002-950795328464-950341379620-2ca7f74bb6537751ea5666f8f5e8896e",
                "thumb_800_w": 800,
                "thumb_800_h": 239,
                "thumb_960": "https:\/\/files.slack.com\/files-tmb\/TJH5YU202-FPVMXCTLH-796c98924f\/clip1_960.jpg?t=xoxe-629202954002-950795328464-950341379620-2ca7f74bb6537751ea5666f8f5e8896e",
                "thumb_960_w": 960,
                "thumb_960_h": 287,
                "thumb_1024": "https:\/\/files.slack.com\/files-tmb\/TJH5YU202-FPVMXCTLH-796c98924f\/clip1_1024.jpg?t=xoxe-629202954002-950795328464-950341379620-2ca7f74bb6537751ea5666f8f5e8896e",
                "thumb_1024_w": 1024,
                "thumb_1024_h": 306,
                "image_exif_rotation": 1,
                "original_w": 1458,
                "original_h": 436,
                "thumb_tiny": "AwAOADC7gjvQOe9KTRmkITmjmjPNLnigBMGjnOMceuaAeKXNAH\/\/2Q==",
                "permalink": "https:\/\/harbourproject.slack.com\/files\/UJHD6A81H\/FPVMXCTLH\/clip1.jpg",
                "permalink_public": "https:\/\/slack-files.com\/TJH5YU202-FPVMXCTLH-e7aa1b857e",
                "is_starred": false,
                "has_rich_preview": false
            }
        ],
        "upload": true,
        "user": "UJHD6A81H",
        "display_as_bot": false,
        "ts": "1572795141.098600",
        "client_msg_id": "565fe5fe-eac3-4c94-98cc-ee6ed6448205"
    },
    {
        "client_msg_id": "e0d28dca-79e3-48d6-a4c1-e2ac99401495",
        "type": "message",
        "text": "I copied the f_timeDate function and renamed the function  and then I inserted somewhere in script Code VAR mytest = &lt;?prg f_neverCalledfromsomewhere() ?&gt;;",
        "user": "UJHD6A81H",
        "ts": "1572795258.100300",
        "team": "TJH5YU202",
        "user_team": "TJH5YU202",
        "source_team": "TJH5YU202",
        "user_profile": {
            "avatar_hash": "g6b8073e00e9",
            "image_72": "https:\/\/secure.gravatar.com\/avatar\/b96b8073e00e9eb02bcf05bc1418eb3a.jpg?s=72&d=https%3A%2F%2Fa.slack-edge.com%2Fdf10d%2Fimg%2Favatars%2Fava_0021-72.png",
            "first_name": "Otto",
            "real_name": "Otto Atzwanger",
            "display_name": "Otto",
            "team": "TJH5YU202",
            "name": "otto",
            "is_restricted": false,
            "is_ultra_restricted": false
        }
    },
    {
        "client_msg_id": "f57f047d-c0e5-487f-93f6-3616c51541f5",
        "type": "message",
        "text": "The function is only called one time. So I must call f_timeDate twice in my program. I will find out.",
        "user": "UJHD6A81H",
        "ts": "1572795325.101500",
        "team": "TJH5YU202",
        "user_team": "TJH5YU202",
        "source_team": "TJH5YU202",
        "user_profile": {
            "avatar_hash": "g6b8073e00e9",
            "image_72": "https:\/\/secure.gravatar.com\/avatar\/b96b8073e00e9eb02bcf05bc1418eb3a.jpg?s=72&d=https%3A%2F%2Fa.slack-edge.com%2Fdf10d%2Fimg%2Favatars%2Fava_0021-72.png",
            "first_name": "Otto",
            "real_name": "Otto Atzwanger",
            "display_name": "Otto",
            "team": "TJH5YU202",
            "name": "otto",
            "is_restricted": false,
            "is_ultra_restricted": false
        }
    },
    {
        "client_msg_id": "4443c819-95cb-42d0-b7c1-06402cab16ef",
        "type": "message",
        "text": "Buenas...",
        "user": "UJULQCHL5",
        "ts": "1572805502.101800",
        "team": "TJH5YU202",
        "user_team": "TJH5YU202",
        "source_team": "TJH5YU202",
        "user_profile": {
            "avatar_hash": "g7659142325a",
            "image_72": "https:\/\/secure.gravatar.com\/avatar\/c87659142325a3facb661d85281ec091.jpg?s=72&d=https%3A%2F%2Fa.slack-edge.com%2Fdf10d%2Fimg%2Favatars%2Fava_0003-72.png",
            "first_name": "",
            "real_name": "Paquito",
            "display_name": "Paquito",
            "team": "TJH5YU202",
            "name": "hmpaquito",
            "is_restricted": false,
            "is_ultra_restricted": false
        }
    },
    {
        "client_msg_id": "b9fa3639-cee2-4e54-81de-08b1eddface9",
        "type": "message",
        "text": "Intentando responder a esto <http:\/\/forums.fivetechsupport.com\/viewtopic.php?f=45&amp;t=37685>\nYo daré una opinión no cerrada.",
        "user": "UJULQCHL5",
        "ts": "1572805525.102300",
        "team": "TJH5YU202",
        "user_team": "TJH5YU202",
        "source_team": "TJH5YU202",
        "user_profile": {
            "avatar_hash": "g7659142325a",
            "image_72": "https:\/\/secure.gravatar.com\/avatar\/c87659142325a3facb661d85281ec091.jpg?s=72&d=https%3A%2F%2Fa.slack-edge.com%2Fdf10d%2Fimg%2Favatars%2Fava_0003-72.png",
            "first_name": "",
            "real_name": "Paquito",
            "display_name": "Paquito",
            "team": "TJH5YU202",
            "name": "hmpaquito",
            "is_restricted": false,
            "is_ultra_restricted": false
        }
    },
    {
        "client_msg_id": "2925656b-40fc-4564-8408-15fcd5e203da",
        "type": "message",
        "text": "Cuando era joven, aún más, usé una herramienta para web llamada ABMaterial. El lenguaje era Basic, basic de los 90, y generaba html.",
        "user": "UJULQCHL5",
        "ts": "1572805651.103500",
        "team": "TJH5YU202",
        "user_team": "TJH5YU202",
        "source_team": "TJH5YU202",
        "user_profile": {
            "avatar_hash": "g7659142325a",
            "image_72": "https:\/\/secure.gravatar.com\/avatar\/c87659142325a3facb661d85281ec091.jpg?s=72&d=https%3A%2F%2Fa.slack-edge.com%2Fdf10d%2Fimg%2Favatars%2Fava_0003-72.png",
            "first_name": "",
            "real_name": "Paquito",
            "display_name": "Paquito",
            "team": "TJH5YU202",
            "name": "hmpaquito",
            "is_restricted": false,
            "is_ultra_restricted": false
        },
        "edited": {
            "user": "UJULQCHL5",
            "ts": "1572805698.000000"
        }
    },
    {
        "client_msg_id": "bac67068-f7d3-47bb-8dea-b294adfaf852",
        "type": "message",
        "text": "La herramienta (y el lenguaje) usaban la interacción con eventos. Si existe el metodo que atiende el evento, entonces es invocado y asi todo el tiempo.\nAl final de lo que se trataba era de atender eventos. Inicialmente los eventos se atendían desde html y no desde javascript, aunque más tarde se hizo un transpiler para javascript, lo que permitió seguir programando en basic y generar codigo javascript.\n\nUn ejemplo de codigo sería este:",
        "user": "UJULQCHL5",
        "ts": "1572805919.106300",
        "team": "TJH5YU202",
        "user_team": "TJH5YU202",
        "source_team": "TJH5YU202",
        "user_profile": {
            "avatar_hash": "g7659142325a",
            "image_72": "https:\/\/secure.gravatar.com\/avatar\/c87659142325a3facb661d85281ec091.jpg?s=72&d=https%3A%2F%2Fa.slack-edge.com%2Fdf10d%2Fimg%2Favatars%2Fava_0003-72.png",
            "first_name": "",
            "real_name": "Paquito",
            "display_name": "Paquito",
            "team": "TJH5YU202",
            "name": "hmpaquito",
            "is_restricted": false,
            "is_ultra_restricted": false
        }
    },
    {
        "client_msg_id": "831b0d03-e888-4d99-9e3c-87c25a839b25",
        "type": "message",
        "text": "&gt;Inicialmente los eventos se atendían desde html y no desde javascript\nNo soy un experto en el html de los 90, pero desde html no se puede atender eventos.",
        "user": "UNAHBRTFA",
        "ts": "1572806122.107300",
        "team": "TJH5YU202",
        "user_team": "TJH5YU202",
        "source_team": "TJH5YU202",
        "user_profile": {
            "avatar_hash": "g3d2a3f4c28c",
            "image_72": "https:\/\/secure.gravatar.com\/avatar\/23d2a3f4c28cebb4cf07e48d02620517.jpg?s=72&d=https%3A%2F%2Fa.slack-edge.com%2Fdf10d%2Fimg%2Favatars%2Fava_0020-72.png",
            "first_name": "Andreu",
            "real_name": "Andreu Botella",
            "display_name": "Andreu Botella",
            "team": "TJH5YU202",
            "name": "andreu.132",
            "is_restricted": false,
            "is_ultra_restricted": false
        }
    },
    {
        "client_msg_id": "402b420b-ddf4-4234-b734-040082471e42",
        "type": "message",
        "text": "Sé que IE en su momento permitía usar VBscript como lenguaje de script para html, no sé si te refieres a eso",
        "user": "UNAHBRTFA",
        "ts": "1572806151.108000",
        "team": "TJH5YU202",
        "user_team": "TJH5YU202",
        "source_team": "TJH5YU202",
        "user_profile": {
            "avatar_hash": "g3d2a3f4c28c",
            "image_72": "https:\/\/secure.gravatar.com\/avatar\/23d2a3f4c28cebb4cf07e48d02620517.jpg?s=72&d=https%3A%2F%2Fa.slack-edge.com%2Fdf10d%2Fimg%2Favatars%2Fava_0020-72.png",
            "first_name": "Andreu",
            "real_name": "Andreu Botella",
            "display_name": "Andreu Botella",
            "team": "TJH5YU202",
            "name": "andreu.132",
            "is_restricted": false,
            "is_ultra_restricted": false
        }
    },
    {
        "type": "message",
        "text": "",
        "files": [
            {
                "id": "FQ37U4M6Y",
                "created": 1572806692,
                "timestamp": 1572806692,
                "name": "Sin título",
                "title": "Sin título",
                "mimetype": "text\/plain",
                "filetype": "text",
                "pretty_type": "Plain Text",
                "user": "UJULQCHL5",
                "editable": true,
                "size": 17565,
                "mode": "snippet",
                "is_external": false,
                "external_type": "",
                "is_public": true,
                "public_url_shared": false,
                "display_as_bot": false,
                "username": "",
                "url_private": "https:\/\/files.slack.com\/files-pri\/TJH5YU202-FQ37U4M6Y\/sin_t__tulo?t=xoxe-629202954002-950795328464-950341379620-2ca7f74bb6537751ea5666f8f5e8896e",
                "url_private_download": "https:\/\/files.slack.com\/files-pri\/TJH5YU202-FQ37U4M6Y\/download\/sin_t__tulo?t=xoxe-629202954002-950795328464-950341379620-2ca7f74bb6537751ea5666f8f5e8896e",
                "permalink": "https:\/\/harbourproject.slack.com\/files\/UJULQCHL5\/FQ37U4M6Y\/sin_t__tulo",
                "permalink_public": "https:\/\/slack-files.com\/TJH5YU202-FQ37U4M6Y-174684a587",
                "edit_link": "https:\/\/harbourproject.slack.com\/files\/UJULQCHL5\/FQ37U4M6Y\/sin_t__tulo\/edit",
                "is_starred": false,
                "has_rich_preview": false
            }
        ],
        "upload": true,
        "user": "UJULQCHL5",
        "display_as_bot": false,
        "ts": "1572806692.109300",
        "client_msg_id": "685c8206-8e7c-445d-9ed8-73b24844be30"
    },
    {
        "client_msg_id": "fb6ab188-fbad-4481-a403-4d2305d042dd",
        "type": "message",
        "text": "Ese codigo parece estar controlando un browser local a la maquina que ejecuta el progama...",
        "user": "UM81W8B0Q",
        "ts": "1572806904.114000",
        "team": "TJH5YU202",
        "user_team": "TJH5YU202",
        "source_team": "TJH5YU202",
        "user_profile": {
            "avatar_hash": "gab9279ee8c0",
            "image_72": "https:\/\/secure.gravatar.com\/avatar\/73ab9279ee8c00f66ce4904d30146c8f.jpg?s=72&d=https%3A%2F%2Fa.slack-edge.com%2Fdf10d%2Fimg%2Favatars%2Fava_0010-72.png",
            "first_name": "",
            "real_name": "Angel Pais",
            "display_name": "Angel Pais",
            "team": "TJH5YU202",
            "name": "amigosam",
            "is_restricted": false,
            "is_ultra_restricted": false
        }
    },
    {
        "client_msg_id": "d5796c7b-364d-4d86-9e2b-1c9a133c3adc",
        "type": "message",
        "text": "dejando de lado que nací en los 90 y que soy un linuxero... ¿websockets? ¿http\/2? creía que esto era código antiguo :confused:",
        "user": "UNAHBRTFA",
        "ts": "1572807009.116500",
        "team": "TJH5YU202",
        "user_team": "TJH5YU202",
        "source_team": "TJH5YU202",
        "user_profile": {
            "avatar_hash": "g3d2a3f4c28c",
            "image_72": "https:\/\/secure.gravatar.com\/avatar\/23d2a3f4c28cebb4cf07e48d02620517.jpg?s=72&d=https%3A%2F%2Fa.slack-edge.com%2Fdf10d%2Fimg%2Favatars%2Fava_0020-72.png",
            "first_name": "Andreu",
            "real_name": "Andreu Botella",
            "display_name": "Andreu Botella",
            "team": "TJH5YU202",
            "name": "andreu.132",
            "is_restricted": false,
            "is_ultra_restricted": false
        }
    },
    {
        "client_msg_id": "44722fef-3260-49e0-880a-37e30cf6f038",
        "type": "message",
        "text": "El tema es que diversos puntos durante la creación de una clásica web pueden ser atendidos por eventos de usuario.\n\n\nLo que quiero decir, y respondiendo, indirectamente a la solicitud del compañero, es que veo mejor hacer asi:\n\noHtml:= SettingNewPage()\noHtml:DefineMenu()\noHtml:AddButton(10, 20)\noHtml:AddGet(15, 35)\noHtml:AddHtmlCode(\"&lt;br&gt; Hola &lt;\/br&gt;\")\nreturn html\n\nque hacer:\n&lt;?prg\n    define newpage oHtml\n    define menu omenu html oHtml\n    define button obutton html oHtml position 10,20\n    define get oget html oHtml position 15,35  &gt;\n\n    &lt;br&gt; Hola &lt;\/br&gt;",
        "user": "UJULQCHL5",
        "ts": "1572807086.117300",
        "team": "TJH5YU202",
        "user_team": "TJH5YU202",
        "source_team": "TJH5YU202",
        "user_profile": {
            "avatar_hash": "g7659142325a",
            "image_72": "https:\/\/secure.gravatar.com\/avatar\/c87659142325a3facb661d85281ec091.jpg?s=72&d=https%3A%2F%2Fa.slack-edge.com%2Fdf10d%2Fimg%2Favatars%2Fava_0003-72.png",
            "first_name": "",
            "real_name": "Paquito",
            "display_name": "Paquito",
            "team": "TJH5YU202",
            "name": "hmpaquito",
            "is_restricted": false,
            "is_ultra_restricted": false
        },
        "edited": {
            "user": "UJULQCHL5",
            "ts": "1572807121.000000"
        }
    },
    {
        "client_msg_id": "f16f7f0d-b360-4fca-b79c-b8efdda403a3",
        "type": "message",
        "text": "crear una interfaz de salida html basada en objetos no está mal, pero yo usaría el dom como base",
        "user": "UNAHBRTFA",
        "ts": "1572807197.119000",
        "team": "TJH5YU202",
        "user_team": "TJH5YU202",
        "source_team": "TJH5YU202",
        "user_profile": {
            "avatar_hash": "g3d2a3f4c28c",
            "image_72": "https:\/\/secure.gravatar.com\/avatar\/23d2a3f4c28cebb4cf07e48d02620517.jpg?s=72&d=https%3A%2F%2Fa.slack-edge.com%2Fdf10d%2Fimg%2Favatars%2Fava_0020-72.png",
            "first_name": "Andreu",
            "real_name": "Andreu Botella",
            "display_name": "Andreu Botella",
            "team": "TJH5YU202",
            "name": "andreu.132",
            "is_restricted": false,
            "is_ultra_restricted": false
        }
    },
    {
        "client_msg_id": "8ebdb815-9637-44b4-9ba6-967888646cdb",
        "type": "message",
        "text": "El código primero evita la sintaxis html, aunque da la posibilidad de incorporarla.\nAsí pues, en el desarrollo de un posible gui se puede ocultar el codigo html para hacer una gui más transparente y eficaz, porque irá al grano del desarrollo.",
        "user": "UJULQCHL5",
        "ts": "1572807276.120700",
        "team": "TJH5YU202",
        "user_team": "TJH5YU202",
        "source_team": "TJH5YU202",
        "user_profile": {
            "avatar_hash": "g7659142325a",
            "image_72": "https:\/\/secure.gravatar.com\/avatar\/c87659142325a3facb661d85281ec091.jpg?s=72&d=https%3A%2F%2Fa.slack-edge.com%2Fdf10d%2Fimg%2Favatars%2Fava_0003-72.png",
            "first_name": "",
            "real_name": "Paquito",
            "display_name": "Paquito",
            "team": "TJH5YU202",
            "name": "hmpaquito",
            "is_restricted": false,
            "is_ultra_restricted": false
        }
    },
    {
        "client_msg_id": "a9c82ddf-fc64-4d47-ade0-20127ef55202",
        "type": "message",
        "text": "El trozo de código que he puesto utilizada el dom.",
        "user": "UJULQCHL5",
        "ts": "1572807366.121700",
        "team": "TJH5YU202",
        "user_team": "TJH5YU202",
        "source_team": "TJH5YU202",
        "user_profile": {
            "avatar_hash": "g7659142325a",
            "image_72": "https:\/\/secure.gravatar.com\/avatar\/c87659142325a3facb661d85281ec091.jpg?s=72&d=https%3A%2F%2Fa.slack-edge.com%2Fdf10d%2Fimg%2Favatars%2Fava_0003-72.png",
            "first_name": "",
            "real_name": "Paquito",
            "display_name": "Paquito",
            "team": "TJH5YU202",
            "name": "hmpaquito",
            "is_restricted": false,
            "is_ultra_restricted": false
        }
    },
    {
        "client_msg_id": "cf73c91e-c12c-4333-a180-0cf6d01c5a67",
        "type": "message",
        "text": "Andreu.",
        "user": "UJULQCHL5",
        "ts": "1572807423.122500",
        "team": "TJH5YU202",
        "user_team": "TJH5YU202",
        "source_team": "TJH5YU202",
        "user_profile": {
            "avatar_hash": "g7659142325a",
            "image_72": "https:\/\/secure.gravatar.com\/avatar\/c87659142325a3facb661d85281ec091.jpg?s=72&d=https%3A%2F%2Fa.slack-edge.com%2Fdf10d%2Fimg%2Favatars%2Fava_0003-72.png",
            "first_name": "",
            "real_name": "Paquito",
            "display_name": "Paquito",
            "team": "TJH5YU202",
            "name": "hmpaquito",
            "is_restricted": false,
            "is_ultra_restricted": false
        }
    },
    {
        "client_msg_id": "89ebed5f-84cb-41f2-ae69-63365be09e99",
        "type": "message",
        "text": "El trozo de código es un lenguaje basic tipo de los 90 que en realidad es un transpiler para java ya que realmente el server html es nativo, es uno de los que tiene java.",
        "user": "UJULQCHL5",
        "ts": "1572807486.123700",
        "team": "TJH5YU202",
        "user_team": "TJH5YU202",
        "source_team": "TJH5YU202",
        "user_profile": {
            "avatar_hash": "g7659142325a",
            "image_72": "https:\/\/secure.gravatar.com\/avatar\/c87659142325a3facb661d85281ec091.jpg?s=72&d=https%3A%2F%2Fa.slack-edge.com%2Fdf10d%2Fimg%2Favatars%2Fava_0003-72.png",
            "first_name": "",
            "real_name": "Paquito",
            "display_name": "Paquito",
            "team": "TJH5YU202",
            "name": "hmpaquito",
            "is_restricted": false,
            "is_ultra_restricted": false
        }
    },
    {
        "client_msg_id": "df5e254f-b1de-479d-8f8f-41d4b4271d1d",
        "type": "message",
        "text": "Os tengo que dejar. Me solicitan de taxista.\nEn todo caso no soy experto en html y sólo quise dar my point of view.... por si servía, ahora que parece que el Gran Charly se ha lanzado osadamente a la carrera de proveernos un gui como Dios manda.",
        "user": "UJULQCHL5",
        "ts": "1572807608.125300",
        "team": "TJH5YU202",
        "user_team": "TJH5YU202",
        "source_team": "TJH5YU202",
        "user_profile": {
            "avatar_hash": "g7659142325a",
            "image_72": "https:\/\/secure.gravatar.com\/avatar\/c87659142325a3facb661d85281ec091.jpg?s=72&d=https%3A%2F%2Fa.slack-edge.com%2Fdf10d%2Fimg%2Favatars%2Fava_0003-72.png",
            "first_name": "",
            "real_name": "Paquito",
            "display_name": "Paquito",
            "team": "TJH5YU202",
            "name": "hmpaquito",
            "is_restricted": false,
            "is_ultra_restricted": false
        }
    },
    {
        "client_msg_id": "a84faca7-0657-4700-9d81-a306bc4242af",
        "type": "message",
        "text": "lo que quería decir en cualquier caso es que una librería de salida html basada en el dom se puede construir a partir de lo que ya existe",
        "user": "UNAHBRTFA",
        "ts": "1572807660.126200",
        "team": "TJH5YU202",
        "user_team": "TJH5YU202",
        "source_team": "TJH5YU202",
        "user_profile": {
            "avatar_hash": "g3d2a3f4c28c",
            "image_72": "https:\/\/secure.gravatar.com\/avatar\/23d2a3f4c28cebb4cf07e48d02620517.jpg?s=72&d=https%3A%2F%2Fa.slack-edge.com%2Fdf10d%2Fimg%2Favatars%2Fava_0020-72.png",
            "first_name": "Andreu",
            "real_name": "Andreu Botella",
            "display_name": "Andreu Botella",
            "team": "TJH5YU202",
            "name": "andreu.132",
            "is_restricted": false,
            "is_ultra_restricted": false
        }
    },
    {
        "client_msg_id": "b8ff2665-f3be-4f9c-90bd-d40ffbc2a7cd",
        "type": "message",
        "text": "incluso se podría construir una librería de gui de más alto nivel por encima",
        "user": "UNAHBRTFA",
        "ts": "1572807682.126800",
        "team": "TJH5YU202",
        "user_team": "TJH5YU202",
        "source_team": "TJH5YU202",
        "user_profile": {
            "avatar_hash": "g3d2a3f4c28c",
            "image_72": "https:\/\/secure.gravatar.com\/avatar\/23d2a3f4c28cebb4cf07e48d02620517.jpg?s=72&d=https%3A%2F%2Fa.slack-edge.com%2Fdf10d%2Fimg%2Favatars%2Fava_0020-72.png",
            "first_name": "Andreu",
            "real_name": "Andreu Botella",
            "display_name": "Andreu Botella",
            "team": "TJH5YU202",
            "name": "andreu.132",
            "is_restricted": false,
            "is_ultra_restricted": false
        }
    },
    {
        "client_msg_id": "0757d6a8-6626-4e44-a03d-7032ca78a830",
        "type": "message",
        "text": "Una class como la que comenta Paco estaría genial el código en muy profesional y limpio.",
        "user": "UK28N3CER",
        "ts": "1572808198.128600",
        "team": "TJH5YU202",
        "user_team": "TJH5YU202",
        "source_team": "TJH5YU202",
        "user_profile": {
            "avatar_hash": "7f09da813e5b",
            "image_72": "https:\/\/avatars.slack-edge.com\/2020-01-01\/880554116721_7f09da813e5b80b5a0a0_72.jpg",
            "first_name": "",
            "real_name": "Cesar SysCtrl Software",
            "display_name": "Cesar SysCtrl Software",
            "team": "TJH5YU202",
            "name": "sysctrlsoftware",
            "is_restricted": false,
            "is_ultra_restricted": false
        }
    },
    {
        "client_msg_id": "d85589cc-e8de-4499-a3ee-36fc6683565c",
        "type": "message",
        "text": "Creo que estan mezclando filosofias.",
        "user": "UM81W8B0Q",
        "ts": "1572808261.129800",
        "team": "TJH5YU202",
        "user_team": "TJH5YU202",
        "source_team": "TJH5YU202",
        "user_profile": {
            "avatar_hash": "gab9279ee8c0",
            "image_72": "https:\/\/secure.gravatar.com\/avatar\/73ab9279ee8c00f66ce4904d30146c8f.jpg?s=72&d=https%3A%2F%2Fa.slack-edge.com%2Fdf10d%2Fimg%2Favatars%2Fava_0010-72.png",
            "first_name": "",
            "real_name": "Angel Pais",
            "display_name": "Angel Pais",
            "team": "TJH5YU202",
            "name": "amigosam",
            "is_restricted": false,
            "is_ultra_restricted": false
        }
    },
    {
        "client_msg_id": "c64624c8-98d6-4fff-8309-700921a4a962",
        "type": "message",
        "text": "Él mater Antonio y el máster Carles ya estaran pensando en eso",
        "user": "UK28N3CER",
        "ts": "1572808293.130500",
        "team": "TJH5YU202",
        "user_team": "TJH5YU202",
        "source_team": "TJH5YU202",
        "user_profile": {
            "avatar_hash": "7f09da813e5b",
            "image_72": "https:\/\/avatars.slack-edge.com\/2020-01-01\/880554116721_7f09da813e5b80b5a0a0_72.jpg",
            "first_name": "",
            "real_name": "Cesar SysCtrl Software",
            "display_name": "Cesar SysCtrl Software",
            "team": "TJH5YU202",
            "name": "sysctrlsoftware",
            "is_restricted": false,
            "is_ultra_restricted": false
        }
    },
    {
        "client_msg_id": "f28221d2-60e8-4878-9189-51bc3d2cfc7a",
        "type": "message",
        "text": "no creo",
        "user": "UM81W8B0Q",
        "ts": "1572808307.130700",
        "team": "TJH5YU202",
        "user_team": "TJH5YU202",
        "source_team": "TJH5YU202",
        "user_profile": {
            "avatar_hash": "gab9279ee8c0",
            "image_72": "https:\/\/secure.gravatar.com\/avatar\/73ab9279ee8c00f66ce4904d30146c8f.jpg?s=72&d=https%3A%2F%2Fa.slack-edge.com%2Fdf10d%2Fimg%2Favatars%2Fava_0010-72.png",
            "first_name": "",
            "real_name": "Angel Pais",
            "display_name": "Angel Pais",
            "team": "TJH5YU202",
            "name": "amigosam",
            "is_restricted": false,
            "is_ultra_restricted": false
        }
    },
    {
        "client_msg_id": "e6d9346c-cf5f-4161-8f4b-4d829e43fe3b",
        "type": "message",
        "text": "como dije no es acorde a la filosofia web",
        "user": "UM81W8B0Q",
        "ts": "1572808326.131100",
        "team": "TJH5YU202",
        "user_team": "TJH5YU202",
        "source_team": "TJH5YU202",
        "user_profile": {
            "avatar_hash": "gab9279ee8c0",
            "image_72": "https:\/\/secure.gravatar.com\/avatar\/73ab9279ee8c00f66ce4904d30146c8f.jpg?s=72&d=https%3A%2F%2Fa.slack-edge.com%2Fdf10d%2Fimg%2Favatars%2Fava_0010-72.png",
            "first_name": "",
            "real_name": "Angel Pais",
            "display_name": "Angel Pais",
            "team": "TJH5YU202",
            "name": "amigosam",
            "is_restricted": false,
            "is_ultra_restricted": false
        }
    },
    {
        "client_msg_id": "bd02254d-f19a-422c-99fb-47b84c01fc32",
        "type": "message",
        "text": "donde el cliente y els erver son totalmente agnosticos entre si",
        "user": "UM81W8B0Q",
        "ts": "1572808340.131500",
        "team": "TJH5YU202",
        "user_team": "TJH5YU202",
        "source_team": "TJH5YU202",
        "user_profile": {
            "avatar_hash": "gab9279ee8c0",
            "image_72": "https:\/\/secure.gravatar.com\/avatar\/73ab9279ee8c00f66ce4904d30146c8f.jpg?s=72&d=https%3A%2F%2Fa.slack-edge.com%2Fdf10d%2Fimg%2Favatars%2Fava_0010-72.png",
            "first_name": "",
            "real_name": "Angel Pais",
            "display_name": "Angel Pais",
            "team": "TJH5YU202",
            "name": "amigosam",
            "is_restricted": false,
            "is_ultra_restricted": false
        }
    },
    {
        "client_msg_id": "0648e66a-2e4c-4ad5-b2c6-499565331763",
        "type": "message",
        "text": "y por lo tano intercambiables",
        "user": "UM81W8B0Q",
        "ts": "1572808347.131800",
        "team": "TJH5YU202",
        "user_team": "TJH5YU202",
        "source_team": "TJH5YU202",
        "user_profile": {
            "avatar_hash": "gab9279ee8c0",
            "image_72": "https:\/\/secure.gravatar.com\/avatar\/73ab9279ee8c00f66ce4904d30146c8f.jpg?s=72&d=https%3A%2F%2Fa.slack-edge.com%2Fdf10d%2Fimg%2Favatars%2Fava_0010-72.png",
            "first_name": "",
            "real_name": "Angel Pais",
            "display_name": "Angel Pais",
            "team": "TJH5YU202",
            "name": "amigosam",
            "is_restricted": false,
            "is_ultra_restricted": false
        }
    },
    {
        "client_msg_id": "8124578d-7bc4-4cc2-942d-33a28d1005ee",
        "type": "message",
        "text": "por lo tanto*",
        "user": "UM81W8B0Q",
        "ts": "1572808356.132000",
        "team": "TJH5YU202",
        "user_team": "TJH5YU202",
        "source_team": "TJH5YU202",
        "user_profile": {
            "avatar_hash": "gab9279ee8c0",
            "image_72": "https:\/\/secure.gravatar.com\/avatar\/73ab9279ee8c00f66ce4904d30146c8f.jpg?s=72&d=https%3A%2F%2Fa.slack-edge.com%2Fdf10d%2Fimg%2Favatars%2Fava_0010-72.png",
            "first_name": "",
            "real_name": "Angel Pais",
            "display_name": "Angel Pais",
            "team": "TJH5YU202",
            "name": "amigosam",
            "is_restricted": false,
            "is_ultra_restricted": false
        }
    },
    {
        "client_msg_id": "43de9381-ec6f-4da3-a6d8-9e5ceed61e7e",
        "type": "message",
        "text": "querer controlar el flujo desde el lado del browser requiere de un transpiler harbour-&gt;javascritp, o harbur compilado con emscriptem del lado del cliente",
        "user": "UM81W8B0Q",
        "ts": "1572808942.133800",
        "team": "TJH5YU202",
        "user_team": "TJH5YU202",
        "source_team": "TJH5YU202",
        "user_profile": {
            "avatar_hash": "gab9279ee8c0",
            "image_72": "https:\/\/secure.gravatar.com\/avatar\/73ab9279ee8c00f66ce4904d30146c8f.jpg?s=72&d=https%3A%2F%2Fa.slack-edge.com%2Fdf10d%2Fimg%2Favatars%2Fava_0010-72.png",
            "first_name": "",
            "real_name": "Angel Pais",
            "display_name": "Angel Pais",
            "team": "TJH5YU202",
            "name": "amigosam",
            "is_restricted": false,
            "is_ultra_restricted": false
        }
    },
    {
        "client_msg_id": "7887239f-7c78-4dda-b78b-66c1c6d6f688",
        "type": "message",
        "text": "Lo sgundo ya lo intentamos y la conclusion fue que la tecnologia no estaba madura aun",
        "user": "UM81W8B0Q",
        "ts": "1572808966.134300",
        "team": "TJH5YU202",
        "user_team": "TJH5YU202",
        "source_team": "TJH5YU202",
        "user_profile": {
            "avatar_hash": "gab9279ee8c0",
            "image_72": "https:\/\/secure.gravatar.com\/avatar\/73ab9279ee8c00f66ce4904d30146c8f.jpg?s=72&d=https%3A%2F%2Fa.slack-edge.com%2Fdf10d%2Fimg%2Favatars%2Fava_0010-72.png",
            "first_name": "",
            "real_name": "Angel Pais",
            "display_name": "Angel Pais",
            "team": "TJH5YU202",
            "name": "amigosam",
            "is_restricted": false,
            "is_ultra_restricted": false
        }
    },
    {
        "client_msg_id": "956bd047-f9ea-4ddc-9939-5665091807ca",
        "type": "message",
        "text": "Del lado del cient se necesita  que emscriptem ofrezca acceso mas directo a dom",
        "user": "UM81W8B0Q",
        "ts": "1572809044.134900",
        "team": "TJH5YU202",
        "user_team": "TJH5YU202",
        "source_team": "TJH5YU202",
        "user_profile": {
            "avatar_hash": "gab9279ee8c0",
            "image_72": "https:\/\/secure.gravatar.com\/avatar\/73ab9279ee8c00f66ce4904d30146c8f.jpg?s=72&d=https%3A%2F%2Fa.slack-edge.com%2Fdf10d%2Fimg%2Favatars%2Fava_0010-72.png",
            "first_name": "",
            "real_name": "Angel Pais",
            "display_name": "Angel Pais",
            "team": "TJH5YU202",
            "name": "amigosam",
            "is_restricted": false,
            "is_ultra_restricted": false
        }
    },
    {
        "client_msg_id": "6a66b5dd-ec44-4fee-88fc-d039709657f0",
        "type": "message",
        "text": "Y del lado de harbour hayq ue crear un fork con una version reducida del core para que no quede tan grande al compilarlo.",
        "user": "UM81W8B0Q",
        "ts": "1572809072.135600",
        "team": "TJH5YU202",
        "user_team": "TJH5YU202",
        "source_team": "TJH5YU202",
        "user_profile": {
            "avatar_hash": "gab9279ee8c0",
            "image_72": "https:\/\/secure.gravatar.com\/avatar\/73ab9279ee8c00f66ce4904d30146c8f.jpg?s=72&d=https%3A%2F%2Fa.slack-edge.com%2Fdf10d%2Fimg%2Favatars%2Fava_0010-72.png",
            "first_name": "",
            "real_name": "Angel Pais",
            "display_name": "Angel Pais",
            "team": "TJH5YU202",
            "name": "amigosam",
            "is_restricted": false,
            "is_ultra_restricted": false
        }
    },
    {
        "client_msg_id": "dcadc883-43fb-4ede-8ce6-c94f050d0064",
        "type": "message",
        "text": "mi idea al menos era una interfaz tipo dom para generar html",
        "user": "UNAHBRTFA",
        "ts": "1572809108.136100",
        "team": "TJH5YU202",
        "user_team": "TJH5YU202",
        "source_team": "TJH5YU202",
        "user_profile": {
            "avatar_hash": "g3d2a3f4c28c",
            "image_72": "https:\/\/secure.gravatar.com\/avatar\/23d2a3f4c28cebb4cf07e48d02620517.jpg?s=72&d=https%3A%2F%2Fa.slack-edge.com%2Fdf10d%2Fimg%2Favatars%2Fava_0020-72.png",
            "first_name": "Andreu",
            "real_name": "Andreu Botella",
            "display_name": "Andreu Botella",
            "team": "TJH5YU202",
            "name": "andreu.132",
            "is_restricted": false,
            "is_ultra_restricted": false
        }
    },
    {
        "client_msg_id": "1c40aba0-1c7e-4edc-af40-8ea7cf81fcde",
        "type": "message",
        "text": "replicar un estructura dom del laso del server ?",
        "user": "UM81W8B0Q",
        "ts": "1572809164.136700",
        "team": "TJH5YU202",
        "user_team": "TJH5YU202",
        "source_team": "TJH5YU202",
        "user_profile": {
            "avatar_hash": "gab9279ee8c0",
            "image_72": "https:\/\/secure.gravatar.com\/avatar\/73ab9279ee8c00f66ce4904d30146c8f.jpg?s=72&d=https%3A%2F%2Fa.slack-edge.com%2Fdf10d%2Fimg%2Favatars%2Fava_0010-72.png",
            "first_name": "",
            "real_name": "Angel Pais",
            "display_name": "Angel Pais",
            "team": "TJH5YU202",
            "name": "amigosam",
            "is_restricted": false,
            "is_ultra_restricted": false
        }
    },
    {
        "client_msg_id": "1a533ff8-fe05-499b-89b0-d72246faff52",
        "type": "message",
        "text": "mmm, maybe",
        "user": "UM81W8B0Q",
        "ts": "1572809176.136900",
        "team": "TJH5YU202",
        "user_team": "TJH5YU202",
        "source_team": "TJH5YU202",
        "user_profile": {
            "avatar_hash": "gab9279ee8c0",
            "image_72": "https:\/\/secure.gravatar.com\/avatar\/73ab9279ee8c00f66ce4904d30146c8f.jpg?s=72&d=https%3A%2F%2Fa.slack-edge.com%2Fdf10d%2Fimg%2Favatars%2Fava_0010-72.png",
            "first_name": "",
            "real_name": "Angel Pais",
            "display_name": "Angel Pais",
            "team": "TJH5YU202",
            "name": "amigosam",
            "is_restricted": false,
            "is_ultra_restricted": false
        }
    },
    {
        "client_msg_id": "faec2902-bc41-43fd-b94f-405ed48a11c7",
        "type": "message",
        "text": "es un arbol de objetos, no creo que sea dificil de replicar, pero aun no veo calra la ventaja",
        "user": "UM81W8B0Q",
        "ts": "1572809250.137600",
        "team": "TJH5YU202",
        "user_team": "TJH5YU202",
        "source_team": "TJH5YU202",
        "user_profile": {
            "avatar_hash": "gab9279ee8c0",
            "image_72": "https:\/\/secure.gravatar.com\/avatar\/73ab9279ee8c00f66ce4904d30146c8f.jpg?s=72&d=https%3A%2F%2Fa.slack-edge.com%2Fdf10d%2Fimg%2Favatars%2Fava_0010-72.png",
            "first_name": "",
            "real_name": "Angel Pais",
            "display_name": "Angel Pais",
            "team": "TJH5YU202",
            "name": "amigosam",
            "is_restricted": false,
            "is_ultra_restricted": false
        }
    },
    {
        "client_msg_id": "0c799834-02a2-4927-b843-34b3fb0eb37c",
        "type": "message",
        "text": "para mí la ventaja principal sería escapar el texto plano \"gratis\"",
        "user": "UNAHBRTFA",
        "ts": "1572810037.138200",
        "team": "TJH5YU202",
        "user_team": "TJH5YU202",
        "source_team": "TJH5YU202",
        "user_profile": {
            "avatar_hash": "g3d2a3f4c28c",
            "image_72": "https:\/\/secure.gravatar.com\/avatar\/23d2a3f4c28cebb4cf07e48d02620517.jpg?s=72&d=https%3A%2F%2Fa.slack-edge.com%2Fdf10d%2Fimg%2Favatars%2Fava_0020-72.png",
            "first_name": "Andreu",
            "real_name": "Andreu Botella",
            "display_name": "Andreu Botella",
            "team": "TJH5YU202",
            "name": "andreu.132",
            "is_restricted": false,
            "is_ultra_restricted": false
        }
    },
    {
        "client_msg_id": "09119d75-e5ed-4c19-9617-5d834745bcc0",
        "type": "message",
        "text": "```\noHtml := Document()\np := oHtml:CreateElement(\"p\")\np.TextContent(\"Esto es HTML escapado: &lt;html&gt;\")\noHtml:Body():AppendChild(p)\n```",
        "user": "UNAHBRTFA",
        "ts": "1572810178.140400",
        "team": "TJH5YU202",
        "user_team": "TJH5YU202",
        "source_team": "TJH5YU202",
        "user_profile": {
            "avatar_hash": "g3d2a3f4c28c",
            "image_72": "https:\/\/secure.gravatar.com\/avatar\/23d2a3f4c28cebb4cf07e48d02620517.jpg?s=72&d=https%3A%2F%2Fa.slack-edge.com%2Fdf10d%2Fimg%2Favatars%2Fava_0020-72.png",
            "first_name": "Andreu",
            "real_name": "Andreu Botella",
            "display_name": "Andreu Botella",
            "team": "TJH5YU202",
            "name": "andreu.132",
            "is_restricted": false,
            "is_ultra_restricted": false
        }
    },
    {
        "client_msg_id": "2131226f-4fe9-422b-af9c-32692af4012b",
        "type": "message",
        "text": "<@UNAHBRTFA> Esto ya se probo con Fiveweb",
        "user": "UJWR5N32S",
        "ts": "1572811565.141500",
        "team": "TJH5YU202",
        "user_team": "TJH5YU202",
        "source_team": "TJH5YU202",
        "user_profile": {
            "avatar_hash": "273d3745f7ae",
            "image_72": "https:\/\/avatars.slack-edge.com\/2019-05-20\/634344238497_273d3745f7ae1b176b82_72.jpg",
            "first_name": "Charly",
            "real_name": "Charly",
            "display_name": "Charly",
            "team": "TJH5YU202",
            "name": "carles9000",
            "is_restricted": false,
            "is_ultra_restricted": false
        }
    },
    {
        "client_msg_id": "30bb0a79-7c5d-40d4-b831-997868a98cff",
        "type": "message",
        "text": "Descargate los fuentes",
        "user": "UJWR5N32S",
        "ts": "1572811581.142000",
        "team": "TJH5YU202",
        "user_team": "TJH5YU202",
        "source_team": "TJH5YU202",
        "user_profile": {
            "avatar_hash": "273d3745f7ae",
            "image_72": "https:\/\/avatars.slack-edge.com\/2019-05-20\/634344238497_273d3745f7ae1b176b82_72.jpg",
            "first_name": "Charly",
            "real_name": "Charly",
            "display_name": "Charly",
            "team": "TJH5YU202",
            "name": "carles9000",
            "is_restricted": false,
            "is_ultra_restricted": false
        }
    },
    {
        "client_msg_id": "b5179476-dbb8-42c4-ad63-4954ae5e290a",
        "type": "message",
        "text": "Esto soluciona una parte del sistema",
        "user": "UJWR5N32S",
        "ts": "1572811616.142700",
        "team": "TJH5YU202",
        "user_team": "TJH5YU202",
        "source_team": "TJH5YU202",
        "user_profile": {
            "avatar_hash": "273d3745f7ae",
            "image_72": "https:\/\/avatars.slack-edge.com\/2019-05-20\/634344238497_273d3745f7ae1b176b82_72.jpg",
            "first_name": "Charly",
            "real_name": "Charly",
            "display_name": "Charly",
            "team": "TJH5YU202",
            "name": "carles9000",
            "is_restricted": false,
            "is_ultra_restricted": false
        }
    },
    {
        "client_msg_id": "77e4b1bd-fb34-4061-83c6-83f21879ab58",
        "type": "message",
        "text": "Hay alguien ahí fuera ?",
        "user": "UJULQCHL5",
        "ts": "1572814170.143200",
        "team": "TJH5YU202",
        "user_team": "TJH5YU202",
        "source_team": "TJH5YU202",
        "user_profile": {
            "avatar_hash": "g7659142325a",
            "image_72": "https:\/\/secure.gravatar.com\/avatar\/c87659142325a3facb661d85281ec091.jpg?s=72&d=https%3A%2F%2Fa.slack-edge.com%2Fdf10d%2Fimg%2Favatars%2Fava_0003-72.png",
            "first_name": "",
            "real_name": "Paquito",
            "display_name": "Paquito",
            "team": "TJH5YU202",
            "name": "hmpaquito",
            "is_restricted": false,
            "is_ultra_restricted": false
        }
    },
    {
        "type": "message",
        "text": "",
        "files": [
            {
                "id": "FPS94UN2X",
                "created": 1572814222,
                "timestamp": 1572814222,
                "name": "image.png",
                "title": "image.png",
                "mimetype": "image\/png",
                "filetype": "png",
                "pretty_type": "PNG",
                "user": "UJULQCHL5",
                "editable": false,
                "size": 365578,
                "mode": "hosted",
                "is_external": false,
                "external_type": "",
                "is_public": true,
                "public_url_shared": false,
                "display_as_bot": false,
                "username": "",
                "url_private": "https:\/\/files.slack.com\/files-pri\/TJH5YU202-FPS94UN2X\/image.png?t=xoxe-629202954002-950795328464-950341379620-2ca7f74bb6537751ea5666f8f5e8896e",
                "url_private_download": "https:\/\/files.slack.com\/files-pri\/TJH5YU202-FPS94UN2X\/download\/image.png?t=xoxe-629202954002-950795328464-950341379620-2ca7f74bb6537751ea5666f8f5e8896e",
                "thumb_64": "https:\/\/files.slack.com\/files-tmb\/TJH5YU202-FPS94UN2X-0003473955\/image_64.png?t=xoxe-629202954002-950795328464-950341379620-2ca7f74bb6537751ea5666f8f5e8896e",
                "thumb_80": "https:\/\/files.slack.com\/files-tmb\/TJH5YU202-FPS94UN2X-0003473955\/image_80.png?t=xoxe-629202954002-950795328464-950341379620-2ca7f74bb6537751ea5666f8f5e8896e",
                "thumb_360": "https:\/\/files.slack.com\/files-tmb\/TJH5YU202-FPS94UN2X-0003473955\/image_360.png?t=xoxe-629202954002-950795328464-950341379620-2ca7f74bb6537751ea5666f8f5e8896e",
                "thumb_360_w": 360,
                "thumb_360_h": 218,
                "thumb_480": "https:\/\/files.slack.com\/files-tmb\/TJH5YU202-FPS94UN2X-0003473955\/image_480.png?t=xoxe-629202954002-950795328464-950341379620-2ca7f74bb6537751ea5666f8f5e8896e",
                "thumb_480_w": 480,
                "thumb_480_h": 291,
                "thumb_160": "https:\/\/files.slack.com\/files-tmb\/TJH5YU202-FPS94UN2X-0003473955\/image_160.png?t=xoxe-629202954002-950795328464-950341379620-2ca7f74bb6537751ea5666f8f5e8896e",
                "thumb_720": "https:\/\/files.slack.com\/files-tmb\/TJH5YU202-FPS94UN2X-0003473955\/image_720.png?t=xoxe-629202954002-950795328464-950341379620-2ca7f74bb6537751ea5666f8f5e8896e",
                "thumb_720_w": 720,
                "thumb_720_h": 437,
                "image_exif_rotation": 1,
                "original_w": 763,
                "original_h": 463,
                "thumb_tiny": "AwAdADCrilIwuaeg5qyYA0DZ44zTJK6REqCCSc8g0rRgMRnkVYs1ITc\/GfXvUakCVsHnNAyBkpNtWWXK9c8mmYA5NAiOI802R2ctljhegpqnHNRbiEPuRTAtPPtIA\/hH60xXAYtuIbHGPWq5Y0qnNAF6LCQcnOTnNQSSUxXIBHao2NID\/9k=",
                "permalink": "https:\/\/harbourproject.slack.com\/files\/UJULQCHL5\/FPS94UN2X\/image.png",
                "permalink_public": "https:\/\/slack-files.com\/TJH5YU202-FPS94UN2X-6c5001bca2",
                "is_starred": false,
                "has_rich_preview": false
            }
        ],
        "upload": true,
        "user": "UJULQCHL5",
        "display_as_bot": false,
        "ts": "1572814225.143300",
        "client_msg_id": "bd7dc988-2886-4d64-96e8-c0d4fb0d3fdc"
    },
    {
        "client_msg_id": "4e5a355b-a123-4765-bb59-2af0ab97c56b",
        "type": "message",
        "text": "<@UJULQCHL5> , <@UNAHBRTFA> Algo como esto?\n\/\/----------------------------------------------------------------------------\/\/\n\/\/ 16\/09\/2019\n\/\/ Sample1.Prg\n\/\/ Cristobal Navarro Lopez\n\/\/----------------------------------------------------------------------------\/\/\n\n{% include( AP_GETENV( 'PATH_APP' ) + \"\/include\/beacon.ch\" )  %}\n\n\/\/----------------------------------------------------------------------------\/\/\n\nFunction Main()\n   local oMain\n   local oElement\n   local oForm\n\n   SET CENTURY ON\n   SET DATE TO BRITISH\n\n   oMain := THtmlDoc():New()    \/\/ , \"Demo1\" )\n   WITH OBJECT oMain\n\n      :SetLang( \"en\" )\n      :SetDoc()\n\n      :Comment( \"==============================================\" )\n      :Comment( \"Documento generado utilizando Beacon Framework\" )  \/\/&amp;#184;\n      :Comment( \"----------------------------------------------\" )\n      :Comment( \"                                   \" )\n      :Comment( \"   Pruebas de concepto y desarrollo\" )             \/\/cText, lAdd, lBody )\n      :Comment( \"   ( C ) Cnl: \" + Dtoc( Date() ) + \" \" + Time() )\n      :Comment( \"                                   \" )\n      :Comment( \"   Ejemplo Inicial\" )\n      :Comment( \"      Generacion de &lt;Head&gt;\" )\n      :Comment( \"         Metas\" )\n      :Comment( \"         Load Links\" )\n      :Comment( \"         Load Scripts\" )\n      :Comment( \"         Template Standard de ayuda\" )\n      :Comment( \"                                   \" )\n      :Comment( \"==============================================\" )\n\n      :SetHead()\n\n      :SetCharSet( \"utf-8\" )\n      :SetTypeDoc( \"text\/html\" )\n      :SetAuthor( \"Cristobal Navarro Lopez\" )\n      :SetCopyRight( \"(C) CNL\" )\n      :SetDescription( \"Beacon Template Standard\" )\n      :SetKeyWords( \"harbour,beacon,mod_harbour\" )\n      :SetRobots( \"\" )        \/\/ \"noindex,nofollow\" )\n      :SetIcon( \"..\" + hb_ps() + \"images\" + hb_ps() + \"favicon.png\" )\n\n      :SetTplStd( \"Beacon\" )\n      :EndHead()\n\n      :SetTemplate( \"Demo1\" )\n      :EndDoc()\n   END\n\nReturn nil\n\n\/\/----------------------------------------------------------------------------\/\/\n\/\/\n\/\/----------------------------------------------------------------------------\/\/",
        "user": "UJUJLTWMT",
        "ts": "1572817809.144000",
        "team": "TJH5YU202",
        "user_team": "TJH5YU202",
        "source_team": "TJH5YU202",
        "user_profile": {
            "avatar_hash": "a60e3b1ef2d2",
            "image_72": "https:\/\/avatars.slack-edge.com\/2019-08-20\/726246109489_a60e3b1ef2d2c141969d_72.jpg",
            "first_name": "",
            "real_name": "Cristobal",
            "display_name": "Cristobal",
            "team": "TJH5YU202",
            "name": "navarro.cristobal",
            "is_restricted": false,
            "is_ultra_restricted": false
        },
        "edited": {
            "user": "UJUJLTWMT",
            "ts": "1572818669.000000"
        }
    },
    {
        "type": "message",
        "text": "Esta pantalla está hecha con código similar al que he puesto",
        "files": [
            {
                "id": "FPVSFFF0R",
                "created": 1572818787,
                "timestamp": 1572818787,
                "name": "beacon06.gif",
                "title": "beacon06.gif",
                "mimetype": "image\/gif",
                "filetype": "gif",
                "pretty_type": "GIF",
                "user": "UJUJLTWMT",
                "editable": false,
                "size": 4270430,
                "mode": "hosted",
                "is_external": false,
                "external_type": "",
                "is_public": true,
                "public_url_shared": false,
                "display_as_bot": false,
                "username": "",
                "url_private": "https:\/\/files.slack.com\/files-pri\/TJH5YU202-FPVSFFF0R\/beacon06.gif?t=xoxe-629202954002-950795328464-950341379620-2ca7f74bb6537751ea5666f8f5e8896e",
                "url_private_download": "https:\/\/files.slack.com\/files-pri\/TJH5YU202-FPVSFFF0R\/download\/beacon06.gif?t=xoxe-629202954002-950795328464-950341379620-2ca7f74bb6537751ea5666f8f5e8896e",
                "thumb_64": "https:\/\/files.slack.com\/files-tmb\/TJH5YU202-FPVSFFF0R-b80b163999\/beacon06_64.png?t=xoxe-629202954002-950795328464-950341379620-2ca7f74bb6537751ea5666f8f5e8896e",
                "thumb_80": "https:\/\/files.slack.com\/files-tmb\/TJH5YU202-FPVSFFF0R-b80b163999\/beacon06_80.png?t=xoxe-629202954002-950795328464-950341379620-2ca7f74bb6537751ea5666f8f5e8896e",
                "thumb_360": "https:\/\/files.slack.com\/files-tmb\/TJH5YU202-FPVSFFF0R-b80b163999\/beacon06_360.png?t=xoxe-629202954002-950795328464-950341379620-2ca7f74bb6537751ea5666f8f5e8896e",
                "thumb_360_w": 360,
                "thumb_360_h": 190,
                "thumb_480": "https:\/\/files.slack.com\/files-tmb\/TJH5YU202-FPVSFFF0R-b80b163999\/beacon06_480.png?t=xoxe-629202954002-950795328464-950341379620-2ca7f74bb6537751ea5666f8f5e8896e",
                "thumb_480_w": 480,
                "thumb_480_h": 253,
                "thumb_160": "https:\/\/files.slack.com\/files-tmb\/TJH5YU202-FPVSFFF0R-b80b163999\/beacon06_160.png?t=xoxe-629202954002-950795328464-950341379620-2ca7f74bb6537751ea5666f8f5e8896e",
                "thumb_720": "https:\/\/files.slack.com\/files-tmb\/TJH5YU202-FPVSFFF0R-b80b163999\/beacon06_720.png?t=xoxe-629202954002-950795328464-950341379620-2ca7f74bb6537751ea5666f8f5e8896e",
                "thumb_720_w": 720,
                "thumb_720_h": 379,
                "thumb_800": "https:\/\/files.slack.com\/files-tmb\/TJH5YU202-FPVSFFF0R-b80b163999\/beacon06_800.png?t=xoxe-629202954002-950795328464-950341379620-2ca7f74bb6537751ea5666f8f5e8896e",
                "thumb_800_w": 800,
                "thumb_800_h": 422,
                "thumb_960": "https:\/\/files.slack.com\/files-tmb\/TJH5YU202-FPVSFFF0R-b80b163999\/beacon06_960.png?t=xoxe-629202954002-950795328464-950341379620-2ca7f74bb6537751ea5666f8f5e8896e",
                "thumb_960_w": 960,
                "thumb_960_h": 506,
                "thumb_1024": "https:\/\/files.slack.com\/files-tmb\/TJH5YU202-FPVSFFF0R-b80b163999\/beacon06_1024.png?t=xoxe-629202954002-950795328464-950341379620-2ca7f74bb6537751ea5666f8f5e8896e",
                "thumb_1024_w": 1024,
                "thumb_1024_h": 540,
                "thumb_360_gif": "https:\/\/files.slack.com\/files-tmb\/TJH5YU202-FPVSFFF0R-b80b163999\/beacon06_360.gif?t=xoxe-629202954002-950795328464-950341379620-2ca7f74bb6537751ea5666f8f5e8896e",
                "thumb_480_gif": "https:\/\/files.slack.com\/files-tmb\/TJH5YU202-FPVSFFF0R-b80b163999\/beacon06_480.gif?t=xoxe-629202954002-950795328464-950341379620-2ca7f74bb6537751ea5666f8f5e8896e",
                "image_exif_rotation": 1,
                "original_w": 1353,
                "original_h": 713,
                "deanimate_gif": "https:\/\/files.slack.com\/files-tmb\/TJH5YU202-FPVSFFF0R-b80b163999\/beacon06_deanimate_gif.png?t=xoxe-629202954002-950795328464-950341379620-2ca7f74bb6537751ea5666f8f5e8896e",
                "thumb_tiny": "AwAZADCzN9oRGfzFAHOMVH\/ppGQf0WrFz\/x6y\/7pqRc4A9qAM6W4uYWAkbBPPQVPCbmaISLMoB7Fai1FHaVNqk\/L2HvVmxBFqgIwRnI\/GgBNl1\/z2T\/vmjZc\/wDPVf8AvmrNNoAiuTi1l\/3TWR58v\/PR\/wDvo1rXX\/HrL\/umsimhMRpHb7zsfqa17D\/jzT8f51k1r2P\/AB6J+P8AOmwRYptOptSM\/9k=",
                "permalink": "https:\/\/harbourproject.slack.com\/files\/UJUJLTWMT\/FPVSFFF0R\/beacon06.gif",
                "permalink_public": "https:\/\/slack-files.com\/TJH5YU202-FPVSFFF0R-453b44e7ce",
                "is_starred": false,
                "has_rich_preview": false
            }
        ],
        "upload": true,
        "user": "UJUJLTWMT",
        "display_as_bot": false,
        "ts": "1572818875.144500",
        "client_msg_id": "65628e6d-b8f1-4d1f-8139-d844960dcb17"
    },
    {
        "type": "message",
        "text": "",
        "files": [
            {
                "id": "FPVSJGASD",
                "created": 1572819162,
                "timestamp": 1572819162,
                "name": "beacon04.gif",
                "title": "beacon04.gif",
                "mimetype": "image\/gif",
                "filetype": "gif",
                "pretty_type": "GIF",
                "user": "UJUJLTWMT",
                "editable": false,
                "size": 180300,
                "mode": "hosted",
                "is_external": false,
                "external_type": "",
                "is_public": true,
                "public_url_shared": false,
                "display_as_bot": false,
                "username": "",
                "url_private": "https:\/\/files.slack.com\/files-pri\/TJH5YU202-FPVSJGASD\/beacon04.gif?t=xoxe-629202954002-950795328464-950341379620-2ca7f74bb6537751ea5666f8f5e8896e",
                "url_private_download": "https:\/\/files.slack.com\/files-pri\/TJH5YU202-FPVSJGASD\/download\/beacon04.gif?t=xoxe-629202954002-950795328464-950341379620-2ca7f74bb6537751ea5666f8f5e8896e",
                "thumb_64": "https:\/\/files.slack.com\/files-tmb\/TJH5YU202-FPVSJGASD-86950befc4\/beacon04_64.png?t=xoxe-629202954002-950795328464-950341379620-2ca7f74bb6537751ea5666f8f5e8896e",
                "thumb_80": "https:\/\/files.slack.com\/files-tmb\/TJH5YU202-FPVSJGASD-86950befc4\/beacon04_80.png?t=xoxe-629202954002-950795328464-950341379620-2ca7f74bb6537751ea5666f8f5e8896e",
                "thumb_360": "https:\/\/files.slack.com\/files-tmb\/TJH5YU202-FPVSJGASD-86950befc4\/beacon04_360.png?t=xoxe-629202954002-950795328464-950341379620-2ca7f74bb6537751ea5666f8f5e8896e",
                "thumb_360_w": 360,
                "thumb_360_h": 190,
                "thumb_480": "https:\/\/files.slack.com\/files-tmb\/TJH5YU202-FPVSJGASD-86950befc4\/beacon04_480.png?t=xoxe-629202954002-950795328464-950341379620-2ca7f74bb6537751ea5666f8f5e8896e",
                "thumb_480_w": 480,
                "thumb_480_h": 253,
                "thumb_160": "https:\/\/files.slack.com\/files-tmb\/TJH5YU202-FPVSJGASD-86950befc4\/beacon04_160.png?t=xoxe-629202954002-950795328464-950341379620-2ca7f74bb6537751ea5666f8f5e8896e",
                "thumb_720": "https:\/\/files.slack.com\/files-tmb\/TJH5YU202-FPVSJGASD-86950befc4\/beacon04_720.png?t=xoxe-629202954002-950795328464-950341379620-2ca7f74bb6537751ea5666f8f5e8896e",
                "thumb_720_w": 720,
                "thumb_720_h": 379,
                "thumb_800": "https:\/\/files.slack.com\/files-tmb\/TJH5YU202-FPVSJGASD-86950befc4\/beacon04_800.png?t=xoxe-629202954002-950795328464-950341379620-2ca7f74bb6537751ea5666f8f5e8896e",
                "thumb_800_w": 800,
                "thumb_800_h": 422,
                "thumb_960": "https:\/\/files.slack.com\/files-tmb\/TJH5YU202-FPVSJGASD-86950befc4\/beacon04_960.png?t=xoxe-629202954002-950795328464-950341379620-2ca7f74bb6537751ea5666f8f5e8896e",
                "thumb_960_w": 960,
                "thumb_960_h": 506,
                "thumb_1024": "https:\/\/files.slack.com\/files-tmb\/TJH5YU202-FPVSJGASD-86950befc4\/beacon04_1024.png?t=xoxe-629202954002-950795328464-950341379620-2ca7f74bb6537751ea5666f8f5e8896e",
                "thumb_1024_w": 1024,
                "thumb_1024_h": 540,
                "thumb_360_gif": "https:\/\/files.slack.com\/files-tmb\/TJH5YU202-FPVSJGASD-86950befc4\/beacon04_360.gif?t=xoxe-629202954002-950795328464-950341379620-2ca7f74bb6537751ea5666f8f5e8896e",
                "thumb_480_gif": "https:\/\/files.slack.com\/files-tmb\/TJH5YU202-FPVSJGASD-86950befc4\/beacon04_480.gif?t=xoxe-629202954002-950795328464-950341379620-2ca7f74bb6537751ea5666f8f5e8896e",
                "image_exif_rotation": 1,
                "original_w": 1353,
                "original_h": 713,
                "deanimate_gif": "https:\/\/files.slack.com\/files-tmb\/TJH5YU202-FPVSJGASD-86950befc4\/beacon04_deanimate_gif.png?t=xoxe-629202954002-950795328464-950341379620-2ca7f74bb6537751ea5666f8f5e8896e",
                "thumb_tiny": "AwAZADCxL9oRGfzFAHOMVU+2y9n\/APHRV+5\/49Zf901kiKT\/AJ5tj6UAT\/bZ\/wC+f++RViJ7mWMOJQM+qiqPkv8A3G\/KtC1BFugIwRnI\/GgCJ7mSMlWnXcvbbUyi4ZAwlXkZ5WoJ442kclMk981ejGI1A7AVT5baAMuTi1l\/3TWKXY9z+dbN1\/x6y\/7prIoQmN3H+8fzrUs8m1Q9ev8AOs2tew\/49E\/H+dDBFaZnDuBFn\/awaux\/6tc9cCpKaetRYEj\/2Q==",
                "permalink": "https:\/\/harbourproject.slack.com\/files\/UJUJLTWMT\/FPVSJGASD\/beacon04.gif",
                "permalink_public": "https:\/\/slack-files.com\/TJH5YU202-FPVSJGASD-d5cf315997",
                "is_starred": false,
                "has_rich_preview": false
            }
        ],
        "upload": true,
        "user": "UJUJLTWMT",
        "display_as_bot": false,
        "ts": "1572819170.144800",
        "client_msg_id": "543ff48a-d4da-4a0d-8200-83dbcbd493e4"
    },
    {
        "client_msg_id": "f5c1da31-a162-465f-a820-196eb1bf814c",
        "type": "message",
        "text": "Bon dia",
        "user": "UJWR5N32S",
        "ts": "1572847978.145200",
        "team": "TJH5YU202",
        "user_team": "TJH5YU202",
        "source_team": "TJH5YU202",
        "user_profile": {
            "avatar_hash": "273d3745f7ae",
            "image_72": "https:\/\/avatars.slack-edge.com\/2019-05-20\/634344238497_273d3745f7ae1b176b82_72.jpg",
            "first_name": "Charly",
            "real_name": "Charly",
            "display_name": "Charly",
            "team": "TJH5YU202",
            "name": "carles9000",
            "is_restricted": false,
            "is_ultra_restricted": false
        }
    },
    {
        "client_msg_id": "d98ae8a0-5b7d-48a7-a50c-88ed1d363426",
        "type": "message",
        "text": "Bien Cristobal, bien... :wink:",
        "user": "UJWR5N32S",
        "ts": "1572848003.145500",
        "team": "TJH5YU202",
        "user_team": "TJH5YU202",
        "source_team": "TJH5YU202",
        "user_profile": {
            "avatar_hash": "273d3745f7ae",
            "image_72": "https:\/\/avatars.slack-edge.com\/2019-05-20\/634344238497_273d3745f7ae1b176b82_72.jpg",
            "first_name": "Charly",
            "real_name": "Charly",
            "display_name": "Charly",
            "team": "TJH5YU202",
            "name": "carles9000",
            "is_restricted": false,
            "is_ultra_restricted": false
        }
    },
    {
        "client_msg_id": "02bf058d-3e00-41c6-a177-7ccd94f5e4a3",
        "type": "message",
        "text": "buenos dias :sunny:",
        "user": "UJN8D8U3B",
        "ts": "1572850904.145800",
        "team": "TJH5YU202",
        "user_team": "TJH5YU202",
        "source_team": "TJH5YU202",
        "user_profile": {
            "avatar_hash": "g92ad2abcc45",
            "image_72": "https:\/\/secure.gravatar.com\/avatar\/8492ad2abcc45ce53969adcf8420acde.jpg?s=72&d=https%3A%2F%2Fa.slack-edge.com%2Fdf10d%2Fimg%2Favatars%2Fava_0008-72.png",
            "first_name": "",
            "real_name": "Antonio Linares",
            "display_name": "Antonio Linares",
            "team": "TJH5YU202",
            "name": "alinares",
            "is_restricted": false,
            "is_ultra_restricted": false
        }
    },
    {
        "client_msg_id": "506c7d52-9e5d-4c24-92fc-e8cd2d1e7056",
        "type": "message",
        "text": "Buenos días !!!",
        "user": "UJULAGJG5",
        "ts": "1572854087.146400",
        "team": "TJH5YU202",
        "user_team": "TJH5YU202",
        "source_team": "TJH5YU202",
        "user_profile": {
            "avatar_hash": "g456e0b2cdb9",
            "image_72": "https:\/\/secure.gravatar.com\/avatar\/dc456e0b2cdb991048d487a08c4a8c7a.jpg?s=72&d=https%3A%2F%2Fa.slack-edge.com%2Fdf10d%2Fimg%2Favatars%2Fava_0004-72.png",
            "first_name": "",
            "real_name": "Gabriel",
            "display_name": "Gabriel",
            "team": "TJH5YU202",
            "name": "jgabri",
            "is_restricted": false,
            "is_ultra_restricted": false
        }
    }
]