[
    {
        "type": "message",
        "text": "",
        "files": [
            {
                "id": "FPZLD7TDJ",
                "created": 1572508533,
                "timestamp": 1572508533,
                "name": "60.gif",
                "title": "60.gif",
                "mimetype": "image\/gif",
                "filetype": "gif",
                "pretty_type": "GIF",
                "user": "UJWR5N32S",
                "editable": false,
                "size": 72677,
                "mode": "hosted",
                "is_external": false,
                "external_type": "",
                "is_public": true,
                "public_url_shared": false,
                "display_as_bot": false,
                "username": "",
                "url_private": "https:\/\/files.slack.com\/files-pri\/TJH5YU202-FPZLD7TDJ\/60.gif?t=xoxe-629202954002-950795328464-950341379620-2ca7f74bb6537751ea5666f8f5e8896e",
                "url_private_download": "https:\/\/files.slack.com\/files-pri\/TJH5YU202-FPZLD7TDJ\/download\/60.gif?t=xoxe-629202954002-950795328464-950341379620-2ca7f74bb6537751ea5666f8f5e8896e",
                "thumb_64": "https:\/\/files.slack.com\/files-tmb\/TJH5YU202-FPZLD7TDJ-264f9953a1\/60_64.png?t=xoxe-629202954002-950795328464-950341379620-2ca7f74bb6537751ea5666f8f5e8896e",
                "thumb_80": "https:\/\/files.slack.com\/files-tmb\/TJH5YU202-FPZLD7TDJ-264f9953a1\/60_80.png?t=xoxe-629202954002-950795328464-950341379620-2ca7f74bb6537751ea5666f8f5e8896e",
                "thumb_360": "https:\/\/files.slack.com\/files-tmb\/TJH5YU202-FPZLD7TDJ-264f9953a1\/60_360.png?t=xoxe-629202954002-950795328464-950341379620-2ca7f74bb6537751ea5666f8f5e8896e",
                "thumb_360_w": 350,
                "thumb_360_h": 338,
                "thumb_160": "https:\/\/files.slack.com\/files-tmb\/TJH5YU202-FPZLD7TDJ-264f9953a1\/60_160.png?t=xoxe-629202954002-950795328464-950341379620-2ca7f74bb6537751ea5666f8f5e8896e",
                "thumb_360_gif": "https:\/\/files.slack.com\/files-tmb\/TJH5YU202-FPZLD7TDJ-264f9953a1\/60_360.gif?t=xoxe-629202954002-950795328464-950341379620-2ca7f74bb6537751ea5666f8f5e8896e",
                "image_exif_rotation": 1,
                "original_w": 350,
                "original_h": 338,
                "deanimate_gif": "https:\/\/files.slack.com\/files-tmb\/TJH5YU202-FPZLD7TDJ-264f9953a1\/60_deanimate_gif.png?t=xoxe-629202954002-950795328464-950341379620-2ca7f74bb6537751ea5666f8f5e8896e",
                "thumb_tiny": "AwAuADDRprOqDLHApWYKpY9BzTI1JPmP949B\/dFABvkb7seB\/tHFG6QdYwf91qkopiGo6vnB5HUHqKdTJE3fMpw46GlRt6A4we49DQMZOfkA7Fhn+f8ASqcV26H5vmFXZx+7z\/dOfw71mMuxip7VUSWaH2pCm4emaimuGZDsOMdcCqgZgMAkCjc3qeafKK45Z5FOQ5\/Hmr1s+\/cem4Bv8\/lWd16Vo2y7VP4L+X\/180pDRPVK4t8c9AOh9PY\/41doqU7FGQyMvVT9e1CozfdUn8K0zChOQNp\/2TijyU7gt\/vEmq5ibFSCAk5B59R0X\/E\/yq8qhVCgYApenSipbuOx\/9k=",
                "permalink": "https:\/\/harbourproject.slack.com\/files\/UJWR5N32S\/FPZLD7TDJ\/60.gif",
                "permalink_public": "https:\/\/slack-files.com\/TJH5YU202-FPZLD7TDJ-8c3ab31fc1",
                "is_starred": false,
                "has_rich_preview": false
            }
        ],
        "upload": true,
        "user": "UJWR5N32S",
        "display_as_bot": false,
        "ts": "1572508534.001300",
        "client_msg_id": "9e04ccb0-5a07-4b04-a58a-813c1650de00"
    },
    {
        "client_msg_id": "e07ad833-cf6b-45b3-8b8d-178bacabfd83",
        "type": "message",
        "text": "no es por nada, pero la amplitud de esa onda es de un 20% mínimo",
        "user": "UNAHBRTFA",
        "ts": "1572508710.001900",
        "team": "TJH5YU202",
        "user_team": "TJH5YU202",
        "source_team": "TJH5YU202",
        "user_profile": {
            "avatar_hash": "g3d2a3f4c28c",
            "image_72": "https:\/\/secure.gravatar.com\/avatar\/23d2a3f4c28cebb4cf07e48d02620517.jpg?s=72&d=https%3A%2F%2Fa.slack-edge.com%2Fdf10d%2Fimg%2Favatars%2Fava_0020-72.png",
            "first_name": "Andreu",
            "real_name": "Andreu Botella",
            "display_name": "Andreu Botella",
            "team": "TJH5YU202",
            "name": "andreu.132",
            "is_restricted": false,
            "is_ultra_restricted": false
        }
    },
    {
        "client_msg_id": "b06f92b8-7e76-4849-b68e-ace7ef3a164c",
        "type": "message",
        "text": "Andreu entiendes de motores eléctricos ? :slightly_smiling_face:",
        "user": "UJN8D8U3B",
        "ts": "1572509049.002400",
        "team": "TJH5YU202",
        "user_team": "TJH5YU202",
        "source_team": "TJH5YU202",
        "user_profile": {
            "avatar_hash": "g92ad2abcc45",
            "image_72": "https:\/\/secure.gravatar.com\/avatar\/8492ad2abcc45ce53969adcf8420acde.jpg?s=72&d=https%3A%2F%2Fa.slack-edge.com%2Fdf10d%2Fimg%2Favatars%2Fava_0008-72.png",
            "first_name": "",
            "real_name": "Antonio Linares",
            "display_name": "Antonio Linares",
            "team": "TJH5YU202",
            "name": "alinares",
            "is_restricted": false,
            "is_ultra_restricted": false
        }
    },
    {
        "client_msg_id": "f14a2b74-b7ec-40d6-aa1b-6793bea52647",
        "type": "message",
        "text": "Charly con el agua hasta el cuello. Ahí va un salvavidas.... por los amigos, yo mato.",
        "user": "UJULQCHL5",
        "ts": "1572509397.003000",
        "team": "TJH5YU202",
        "user_team": "TJH5YU202",
        "source_team": "TJH5YU202",
        "user_profile": {
            "avatar_hash": "g7659142325a",
            "image_72": "https:\/\/secure.gravatar.com\/avatar\/c87659142325a3facb661d85281ec091.jpg?s=72&d=https%3A%2F%2Fa.slack-edge.com%2Fdf10d%2Fimg%2Favatars%2Fava_0003-72.png",
            "first_name": "",
            "real_name": "Paquito",
            "display_name": "Paquito",
            "team": "TJH5YU202",
            "name": "hmpaquito",
            "is_restricted": false,
            "is_ultra_restricted": false
        }
    },
    {
        "type": "message",
        "text": "",
        "files": [
            {
                "id": "FQ051E61E",
                "created": 1572509413,
                "timestamp": 1572509413,
                "name": "image.png",
                "title": "image.png",
                "mimetype": "image\/png",
                "filetype": "png",
                "pretty_type": "PNG",
                "user": "UJULQCHL5",
                "editable": false,
                "size": 676339,
                "mode": "hosted",
                "is_external": false,
                "external_type": "",
                "is_public": true,
                "public_url_shared": false,
                "display_as_bot": false,
                "username": "",
                "url_private": "https:\/\/files.slack.com\/files-pri\/TJH5YU202-FQ051E61E\/image.png?t=xoxe-629202954002-950795328464-950341379620-2ca7f74bb6537751ea5666f8f5e8896e",
                "url_private_download": "https:\/\/files.slack.com\/files-pri\/TJH5YU202-FQ051E61E\/download\/image.png?t=xoxe-629202954002-950795328464-950341379620-2ca7f74bb6537751ea5666f8f5e8896e",
                "thumb_64": "https:\/\/files.slack.com\/files-tmb\/TJH5YU202-FQ051E61E-066a9565a0\/image_64.png?t=xoxe-629202954002-950795328464-950341379620-2ca7f74bb6537751ea5666f8f5e8896e",
                "thumb_80": "https:\/\/files.slack.com\/files-tmb\/TJH5YU202-FQ051E61E-066a9565a0\/image_80.png?t=xoxe-629202954002-950795328464-950341379620-2ca7f74bb6537751ea5666f8f5e8896e",
                "thumb_360": "https:\/\/files.slack.com\/files-tmb\/TJH5YU202-FQ051E61E-066a9565a0\/image_360.png?t=xoxe-629202954002-950795328464-950341379620-2ca7f74bb6537751ea5666f8f5e8896e",
                "thumb_360_w": 360,
                "thumb_360_h": 360,
                "thumb_480": "https:\/\/files.slack.com\/files-tmb\/TJH5YU202-FQ051E61E-066a9565a0\/image_480.png?t=xoxe-629202954002-950795328464-950341379620-2ca7f74bb6537751ea5666f8f5e8896e",
                "thumb_480_w": 480,
                "thumb_480_h": 480,
                "thumb_160": "https:\/\/files.slack.com\/files-tmb\/TJH5YU202-FQ051E61E-066a9565a0\/image_160.png?t=xoxe-629202954002-950795328464-950341379620-2ca7f74bb6537751ea5666f8f5e8896e",
                "thumb_720": "https:\/\/files.slack.com\/files-tmb\/TJH5YU202-FQ051E61E-066a9565a0\/image_720.png?t=xoxe-629202954002-950795328464-950341379620-2ca7f74bb6537751ea5666f8f5e8896e",
                "thumb_720_w": 720,
                "thumb_720_h": 720,
                "thumb_800": "https:\/\/files.slack.com\/files-tmb\/TJH5YU202-FQ051E61E-066a9565a0\/image_800.png?t=xoxe-629202954002-950795328464-950341379620-2ca7f74bb6537751ea5666f8f5e8896e",
                "thumb_800_w": 800,
                "thumb_800_h": 800,
                "thumb_960": "https:\/\/files.slack.com\/files-tmb\/TJH5YU202-FQ051E61E-066a9565a0\/image_960.png?t=xoxe-629202954002-950795328464-950341379620-2ca7f74bb6537751ea5666f8f5e8896e",
                "thumb_960_w": 960,
                "thumb_960_h": 960,
                "image_exif_rotation": 1,
                "original_w": 1024,
                "original_h": 1024,
                "thumb_tiny": "AwAwADDTooqHftY+mamUuXcaVyaioxMvcEUySQM20NjjtSc1a6CzJ6KgG5QOc1MrblzShUUgaIrqUxR\/L941UkkO7FWbmMOyFs8e9QqkRwAMYJArOo1c0g0iMFvenrF++WXJ6YxTzKsLccE+gpS2VyOahu2w5O44tUluSQ31qmzsT6VPZOfmVjnJyKqkrMUoNK5ZdQ64NVXUocuvTo1W6K2lBSM07FHdHs25G30zTFYD5Y8t7AVfKIeqqfwpwAAwBil7N9WVzJdCl9nlK7iBk\/w55qW2hZCWbj0FWKKpQSdwc21Y\/9k=",
                "permalink": "https:\/\/harbourproject.slack.com\/files\/UJULQCHL5\/FQ051E61E\/image.png",
                "permalink_public": "https:\/\/slack-files.com\/TJH5YU202-FQ051E61E-6943358322",
                "is_starred": false,
                "has_rich_preview": false
            }
        ],
        "upload": true,
        "user": "UJULQCHL5",
        "display_as_bot": false,
        "ts": "1572509417.003100",
        "client_msg_id": "250f6bf1-11f2-4ed2-a9e3-856e114ef88b"
    },
    {
        "client_msg_id": "69b720b8-d832-4986-9ca8-d304549824a3",
        "type": "message",
        "text": "Este viernes, a las 5, flipareis al ver lo que está construyendo Charly... :wink:",
        "user": "UJN8D8U3B",
        "ts": "1572509472.004300",
        "team": "TJH5YU202",
        "user_team": "TJH5YU202",
        "source_team": "TJH5YU202",
        "user_profile": {
            "avatar_hash": "g92ad2abcc45",
            "image_72": "https:\/\/secure.gravatar.com\/avatar\/8492ad2abcc45ce53969adcf8420acde.jpg?s=72&d=https%3A%2F%2Fa.slack-edge.com%2Fdf10d%2Fimg%2Favatars%2Fava_0008-72.png",
            "first_name": "",
            "real_name": "Antonio Linares",
            "display_name": "Antonio Linares",
            "team": "TJH5YU202",
            "name": "alinares",
            "is_restricted": false,
            "is_ultra_restricted": false
        },
        "reactions": [
            {
                "name": "+1",
                "users": [
                    "UJULAGJG5"
                ],
                "count": 1
            }
        ]
    },
    {
        "client_msg_id": "7469b21c-f885-4837-a02c-7e10c198241f",
        "type": "message",
        "text": "Lo poco que entiendo de motores eléctricos es que si los conectas al revés giran para el otro lado",
        "user": "UNAHBRTFA",
        "ts": "1572509473.004400",
        "team": "TJH5YU202",
        "user_team": "TJH5YU202",
        "source_team": "TJH5YU202",
        "user_profile": {
            "avatar_hash": "g3d2a3f4c28c",
            "image_72": "https:\/\/secure.gravatar.com\/avatar\/23d2a3f4c28cebb4cf07e48d02620517.jpg?s=72&d=https%3A%2F%2Fa.slack-edge.com%2Fdf10d%2Fimg%2Favatars%2Fava_0020-72.png",
            "first_name": "Andreu",
            "real_name": "Andreu Botella",
            "display_name": "Andreu Botella",
            "team": "TJH5YU202",
            "name": "andreu.132",
            "is_restricted": false,
            "is_ultra_restricted": false
        }
    },
    {
        "client_msg_id": "63a83352-0aee-4d78-baef-52152f26e963",
        "type": "message",
        "text": "algo es algo :smile:",
        "user": "UJN8D8U3B",
        "ts": "1572509484.004600",
        "team": "TJH5YU202",
        "user_team": "TJH5YU202",
        "source_team": "TJH5YU202",
        "user_profile": {
            "avatar_hash": "g92ad2abcc45",
            "image_72": "https:\/\/secure.gravatar.com\/avatar\/8492ad2abcc45ce53969adcf8420acde.jpg?s=72&d=https%3A%2F%2Fa.slack-edge.com%2Fdf10d%2Fimg%2Favatars%2Fava_0008-72.png",
            "first_name": "",
            "real_name": "Antonio Linares",
            "display_name": "Antonio Linares",
            "team": "TJH5YU202",
            "name": "alinares",
            "is_restricted": false,
            "is_ultra_restricted": false
        }
    },
    {
        "client_msg_id": "15a5d314-20c8-4c05-a8ca-09f6db4eb430",
        "type": "message",
        "text": "Buenos días",
        "user": "UJULAGJG5",
        "ts": "1572510319.005000",
        "team": "TJH5YU202",
        "user_team": "TJH5YU202",
        "source_team": "TJH5YU202",
        "user_profile": {
            "avatar_hash": "g456e0b2cdb9",
            "image_72": "https:\/\/secure.gravatar.com\/avatar\/dc456e0b2cdb991048d487a08c4a8c7a.jpg?s=72&d=https%3A%2F%2Fa.slack-edge.com%2Fdf10d%2Fimg%2Favatars%2Fava_0004-72.png",
            "first_name": "",
            "real_name": "Gabriel",
            "display_name": "Gabriel",
            "team": "TJH5YU202",
            "name": "jgabri",
            "is_restricted": false,
            "is_ultra_restricted": false
        }
    },
    {
        "client_msg_id": "e11c86ed-4561-4337-8958-a6a9b7e47401",
        "type": "message",
        "text": "Will there be a Skype session on All Saints' Day? For me it would be ok.",
        "user": "UJHD6A81H",
        "ts": "1572516245.005800",
        "team": "TJH5YU202",
        "user_team": "TJH5YU202",
        "source_team": "TJH5YU202",
        "user_profile": {
            "avatar_hash": "g6b8073e00e9",
            "image_72": "https:\/\/secure.gravatar.com\/avatar\/b96b8073e00e9eb02bcf05bc1418eb3a.jpg?s=72&d=https%3A%2F%2Fa.slack-edge.com%2Fdf10d%2Fimg%2Favatars%2Fava_0021-72.png",
            "first_name": "Otto",
            "real_name": "Otto Atzwanger",
            "display_name": "Otto",
            "team": "TJH5YU202",
            "name": "otto",
            "is_restricted": false,
            "is_ultra_restricted": false
        }
    },
    {
        "client_msg_id": "bfd2b5cc-a4cf-4164-b672-7a7007c29311",
        "type": "message",
        "text": "Grandes Charly y Antonio !!! Gracias",
        "user": "UJULAGJG5",
        "ts": "1572523281.007000",
        "team": "TJH5YU202",
        "user_team": "TJH5YU202",
        "source_team": "TJH5YU202",
        "user_profile": {
            "avatar_hash": "g456e0b2cdb9",
            "image_72": "https:\/\/secure.gravatar.com\/avatar\/dc456e0b2cdb991048d487a08c4a8c7a.jpg?s=72&d=https%3A%2F%2Fa.slack-edge.com%2Fdf10d%2Fimg%2Favatars%2Fava_0004-72.png",
            "first_name": "",
            "real_name": "Gabriel",
            "display_name": "Gabriel",
            "team": "TJH5YU202",
            "name": "jgabri",
            "is_restricted": false,
            "is_ultra_restricted": false
        }
    },
    {
        "client_msg_id": "ffab2f54-2a95-4f93-8830-1fc9650a81b9",
        "type": "message",
        "text": "Buen día amigos :+1:",
        "user": "UK28N3CER",
        "ts": "1572525421.007500",
        "team": "TJH5YU202",
        "user_team": "TJH5YU202",
        "source_team": "TJH5YU202",
        "user_profile": {
            "avatar_hash": "7f09da813e5b",
            "image_72": "https:\/\/avatars.slack-edge.com\/2020-01-01\/880554116721_7f09da813e5b80b5a0a0_72.jpg",
            "first_name": "",
            "real_name": "Cesar SysCtrl Software",
            "display_name": "Cesar SysCtrl Software",
            "team": "TJH5YU202",
            "name": "sysctrlsoftware",
            "is_restricted": false,
            "is_ultra_restricted": false
        }
    },
    {
        "client_msg_id": "d07ee5c3-c567-4409-93ed-3ee97e1293af",
        "type": "message",
        "text": "Hopefully yes :slightly_smiling_face:",
        "user": "UJN8D8U3B",
        "ts": "1572525544.007700",
        "team": "TJH5YU202",
        "user_team": "TJH5YU202",
        "source_team": "TJH5YU202",
        "user_profile": {
            "avatar_hash": "g92ad2abcc45",
            "image_72": "https:\/\/secure.gravatar.com\/avatar\/8492ad2abcc45ce53969adcf8420acde.jpg?s=72&d=https%3A%2F%2Fa.slack-edge.com%2Fdf10d%2Fimg%2Favatars%2Fava_0008-72.png",
            "first_name": "",
            "real_name": "Antonio Linares",
            "display_name": "Antonio Linares",
            "team": "TJH5YU202",
            "name": "alinares",
            "is_restricted": false,
            "is_ultra_restricted": false
        }
    },
    {
        "type": "message",
        "text": "",
        "files": [
            {
                "id": "FQ2A2CWFR",
                "created": 1572526097,
                "timestamp": 1572526097,
                "name": "imagen.png",
                "title": "imagen.png",
                "mimetype": "image\/png",
                "filetype": "png",
                "pretty_type": "PNG",
                "user": "UJUJLTWMT",
                "editable": false,
                "size": 244553,
                "mode": "hosted",
                "is_external": false,
                "external_type": "",
                "is_public": true,
                "public_url_shared": false,
                "display_as_bot": false,
                "username": "",
                "url_private": "https:\/\/files.slack.com\/files-pri\/TJH5YU202-FQ2A2CWFR\/imagen.png?t=xoxe-629202954002-950795328464-950341379620-2ca7f74bb6537751ea5666f8f5e8896e",
                "url_private_download": "https:\/\/files.slack.com\/files-pri\/TJH5YU202-FQ2A2CWFR\/download\/imagen.png?t=xoxe-629202954002-950795328464-950341379620-2ca7f74bb6537751ea5666f8f5e8896e",
                "thumb_64": "https:\/\/files.slack.com\/files-tmb\/TJH5YU202-FQ2A2CWFR-7ae97d1a77\/imagen_64.png?t=xoxe-629202954002-950795328464-950341379620-2ca7f74bb6537751ea5666f8f5e8896e",
                "thumb_80": "https:\/\/files.slack.com\/files-tmb\/TJH5YU202-FQ2A2CWFR-7ae97d1a77\/imagen_80.png?t=xoxe-629202954002-950795328464-950341379620-2ca7f74bb6537751ea5666f8f5e8896e",
                "thumb_360": "https:\/\/files.slack.com\/files-tmb\/TJH5YU202-FQ2A2CWFR-7ae97d1a77\/imagen_360.png?t=xoxe-629202954002-950795328464-950341379620-2ca7f74bb6537751ea5666f8f5e8896e",
                "thumb_360_w": 360,
                "thumb_360_h": 169,
                "thumb_480": "https:\/\/files.slack.com\/files-tmb\/TJH5YU202-FQ2A2CWFR-7ae97d1a77\/imagen_480.png?t=xoxe-629202954002-950795328464-950341379620-2ca7f74bb6537751ea5666f8f5e8896e",
                "thumb_480_w": 480,
                "thumb_480_h": 226,
                "thumb_160": "https:\/\/files.slack.com\/files-tmb\/TJH5YU202-FQ2A2CWFR-7ae97d1a77\/imagen_160.png?t=xoxe-629202954002-950795328464-950341379620-2ca7f74bb6537751ea5666f8f5e8896e",
                "thumb_720": "https:\/\/files.slack.com\/files-tmb\/TJH5YU202-FQ2A2CWFR-7ae97d1a77\/imagen_720.png?t=xoxe-629202954002-950795328464-950341379620-2ca7f74bb6537751ea5666f8f5e8896e",
                "thumb_720_w": 720,
                "thumb_720_h": 339,
                "thumb_800": "https:\/\/files.slack.com\/files-tmb\/TJH5YU202-FQ2A2CWFR-7ae97d1a77\/imagen_800.png?t=xoxe-629202954002-950795328464-950341379620-2ca7f74bb6537751ea5666f8f5e8896e",
                "thumb_800_w": 800,
                "thumb_800_h": 376,
                "image_exif_rotation": 1,
                "original_w": 850,
                "original_h": 400,
                "thumb_tiny": "AwAWADCQW0OBlRkjPU0yaCFYZCi\/Mq5zk1L5q7AwUkKMEjtUcsqtbS\/KwyvBI60gM0Bz0DGja\/o1NpykDqQPqM0wDD+jUYYEZyOe9DYzwc\/hikHUfWgC0LgqeB9eaR5y6kEdRgc1EepopWC4zYfajYfapKKYEYQ57U8R8j5v0pR1pw7UAf\/Z",
                "permalink": "https:\/\/harbourproject.slack.com\/files\/UJUJLTWMT\/FQ2A2CWFR\/imagen.png",
                "permalink_public": "https:\/\/slack-files.com\/TJH5YU202-FQ2A2CWFR-bceac29a8e",
                "is_starred": false,
                "has_rich_preview": false
            }
        ],
        "upload": true,
        "user": "UJUJLTWMT",
        "display_as_bot": false,
        "ts": "1572526100.007800",
        "client_msg_id": "67942268-dbbe-4dec-998c-69e15d491714"
    },
    {
        "client_msg_id": "bb104cf3-7ba6-4c83-ba81-0dd5e29dd228",
        "type": "message",
        "text": "Buenos días a todos desde .AR",
        "user": "UJUFNFMFE",
        "ts": "1572526449.009000",
        "team": "TJH5YU202",
        "user_team": "TJH5YU202",
        "source_team": "TJH5YU202",
        "user_profile": {
            "avatar_hash": "aa4e40c137f0",
            "image_72": "https:\/\/avatars.slack-edge.com\/2019-05-21\/630419446595_aa4e40c137f03c23b9cd_72.jpg",
            "first_name": "Marcelo",
            "real_name": "Marcelo Roggeri",
            "display_name": "Marcelo Roggeri",
            "team": "TJH5YU202",
            "name": "roggerimarcelo",
            "is_restricted": false,
            "is_ultra_restricted": false
        }
    },
    {
        "client_msg_id": "E3482BA4-3AEA-40F0-B3AB-BDCAA3726F2A",
        "type": "message",
        "text": "Buenas, mañana es festivo. ¿Hay videoconferencia?",
        "user": "UJH8DPY58",
        "ts": "1572526509.009900",
        "team": "TJH5YU202",
        "user_team": "TJH5YU202",
        "source_team": "TJH5YU202",
        "user_profile": {
            "avatar_hash": "g1cac88c496c",
            "image_72": "https:\/\/secure.gravatar.com\/avatar\/451cac88c496c2cec0b934a281b6eb94.jpg?s=72&d=https%3A%2F%2Fa.slack-edge.com%2Fdf10d%2Fimg%2Favatars%2Fava_0020-72.png",
            "first_name": "",
            "real_name": "Juan Pastor",
            "display_name": "",
            "team": "TJH5YU202",
            "name": "jpastor68",
            "is_restricted": false,
            "is_ultra_restricted": false
        }
    },
    {
        "client_msg_id": "c5dcca84-e927-4e0a-911c-9cf1a1682ff4",
        "type": "message",
        "text": "por lo que lei arriba creo que si",
        "user": "UJUFNFMFE",
        "ts": "1572526533.010200",
        "team": "TJH5YU202",
        "user_team": "TJH5YU202",
        "source_team": "TJH5YU202",
        "user_profile": {
            "avatar_hash": "aa4e40c137f0",
            "image_72": "https:\/\/avatars.slack-edge.com\/2019-05-21\/630419446595_aa4e40c137f03c23b9cd_72.jpg",
            "first_name": "Marcelo",
            "real_name": "Marcelo Roggeri",
            "display_name": "Marcelo Roggeri",
            "team": "TJH5YU202",
            "name": "roggerimarcelo",
            "is_restricted": false,
            "is_ultra_restricted": false
        }
    },
    {
        "client_msg_id": "1BC1ADA7-53EE-4172-9581-32179D05D99B",
        "type": "message",
        "text": ":+1:",
        "user": "UJH8DPY58",
        "ts": "1572526574.010400",
        "team": "TJH5YU202",
        "user_team": "TJH5YU202",
        "source_team": "TJH5YU202",
        "user_profile": {
            "avatar_hash": "g1cac88c496c",
            "image_72": "https:\/\/secure.gravatar.com\/avatar\/451cac88c496c2cec0b934a281b6eb94.jpg?s=72&d=https%3A%2F%2Fa.slack-edge.com%2Fdf10d%2Fimg%2Favatars%2Fava_0020-72.png",
            "first_name": "",
            "real_name": "Juan Pastor",
            "display_name": "",
            "team": "TJH5YU202",
            "name": "jpastor68",
            "is_restricted": false,
            "is_ultra_restricted": false
        }
    },
    {
        "client_msg_id": "41e50920-097e-431c-a7e6-eee243229973",
        "type": "message",
        "text": "de todas forma esperaremos ansioso como todos los viernes la sesión de los Master",
        "user": "UJUFNFMFE",
        "ts": "1572526643.011000",
        "team": "TJH5YU202",
        "user_team": "TJH5YU202",
        "source_team": "TJH5YU202",
        "user_profile": {
            "avatar_hash": "aa4e40c137f0",
            "image_72": "https:\/\/avatars.slack-edge.com\/2019-05-21\/630419446595_aa4e40c137f03c23b9cd_72.jpg",
            "first_name": "Marcelo",
            "real_name": "Marcelo Roggeri",
            "display_name": "Marcelo Roggeri",
            "team": "TJH5YU202",
            "name": "roggerimarcelo",
            "is_restricted": false,
            "is_ultra_restricted": false
        }
    },
    {
        "client_msg_id": "1267b9f3-f779-4ebb-996e-41f594d7739c",
        "type": "message",
        "text": "vamos a flipaaaar ahhh ahhh ahhh",
        "user": "UM81W8B0Q",
        "ts": "1572530534.011400",
        "team": "TJH5YU202",
        "user_team": "TJH5YU202",
        "source_team": "TJH5YU202",
        "user_profile": {
            "avatar_hash": "gab9279ee8c0",
            "image_72": "https:\/\/secure.gravatar.com\/avatar\/73ab9279ee8c00f66ce4904d30146c8f.jpg?s=72&d=https%3A%2F%2Fa.slack-edge.com%2Fdf10d%2Fimg%2Favatars%2Fava_0010-72.png",
            "first_name": "",
            "real_name": "Angel Pais",
            "display_name": "Angel Pais",
            "team": "TJH5YU202",
            "name": "amigosam",
            "is_restricted": false,
            "is_ultra_restricted": false
        }
    },
    {
        "client_msg_id": "a68d66ff-68bf-4f9f-bd80-cda3a2f8095e",
        "type": "message",
        "text": "Espectacular el nuevo Génesis MVC...  no os perdáis la presentación mañana",
        "user": "UJN8D8U3B",
        "ts": "1572530624.012500",
        "team": "TJH5YU202",
        "user_team": "TJH5YU202",
        "source_team": "TJH5YU202",
        "user_profile": {
            "avatar_hash": "g92ad2abcc45",
            "image_72": "https:\/\/secure.gravatar.com\/avatar\/8492ad2abcc45ce53969adcf8420acde.jpg?s=72&d=https%3A%2F%2Fa.slack-edge.com%2Fdf10d%2Fimg%2Favatars%2Fava_0008-72.png",
            "first_name": "",
            "real_name": "Antonio Linares",
            "display_name": "Antonio Linares",
            "team": "TJH5YU202",
            "name": "alinares",
            "is_restricted": false,
            "is_ultra_restricted": false
        },
        "edited": {
            "user": "UJN8D8U3B",
            "ts": "1572535317.000000"
        }
    },
    {
        "client_msg_id": "c784e4fa-5589-40b3-9094-230cdf87aef8",
        "type": "message",
        "text": "Mod_harbour a toda potencia...",
        "user": "UJN8D8U3B",
        "ts": "1572530674.013400",
        "team": "TJH5YU202",
        "user_team": "TJH5YU202",
        "source_team": "TJH5YU202",
        "user_profile": {
            "avatar_hash": "g92ad2abcc45",
            "image_72": "https:\/\/secure.gravatar.com\/avatar\/8492ad2abcc45ce53969adcf8420acde.jpg?s=72&d=https%3A%2F%2Fa.slack-edge.com%2Fdf10d%2Fimg%2Favatars%2Fava_0008-72.png",
            "first_name": "",
            "real_name": "Antonio Linares",
            "display_name": "Antonio Linares",
            "team": "TJH5YU202",
            "name": "alinares",
            "is_restricted": false,
            "is_ultra_restricted": false
        }
    },
    {
        "client_msg_id": "d3f42255-9026-4e38-b8aa-07734d58bd3d",
        "type": "message",
        "text": "Hola Antonio. Ya esta subido como para poder ir viendolo?",
        "user": "UJRQZMTAM",
        "ts": "1572530893.014100",
        "team": "TJH5YU202",
        "user_team": "TJH5YU202",
        "source_team": "TJH5YU202",
        "user_profile": {
            "avatar_hash": "0d8c567df084",
            "image_72": "https:\/\/avatars.slack-edge.com\/2019-11-22\/834908722243_0d8c567df084bf59d639_72.png",
            "first_name": "Diego",
            "real_name": "Diego F",
            "display_name": "Diego F",
            "team": "TJH5YU202",
            "name": "diegohfazio",
            "is_restricted": false,
            "is_ultra_restricted": false
        }
    },
    {
        "client_msg_id": "a2e45d05-3d3b-468e-b7c1-91a9edc42680",
        "type": "message",
        "text": "Aun no Diego. Mañana mostraremos el concepto... :wink:",
        "user": "UJWR5N32S",
        "ts": "1572531899.015300",
        "team": "TJH5YU202",
        "user_team": "TJH5YU202",
        "source_team": "TJH5YU202",
        "user_profile": {
            "avatar_hash": "273d3745f7ae",
            "image_72": "https:\/\/avatars.slack-edge.com\/2019-05-20\/634344238497_273d3745f7ae1b176b82_72.jpg",
            "first_name": "Charly",
            "real_name": "Charly",
            "display_name": "Charly",
            "team": "TJH5YU202",
            "name": "carles9000",
            "is_restricted": false,
            "is_ultra_restricted": false
        }
    },
    {
        "client_msg_id": "18315205-66C9-490C-933F-647A7B23FBB2",
        "type": "message",
        "text": " Pero si hoy es como si fuera viernes :joy:",
        "user": "UJH8DPY58",
        "ts": "1572533979.016000",
        "team": "TJH5YU202",
        "user_team": "TJH5YU202",
        "source_team": "TJH5YU202",
        "user_profile": {
            "avatar_hash": "g1cac88c496c",
            "image_72": "https:\/\/secure.gravatar.com\/avatar\/451cac88c496c2cec0b934a281b6eb94.jpg?s=72&d=https%3A%2F%2Fa.slack-edge.com%2Fdf10d%2Fimg%2Favatars%2Fava_0020-72.png",
            "first_name": "",
            "real_name": "Juan Pastor",
            "display_name": "",
            "team": "TJH5YU202",
            "name": "jpastor68",
            "is_restricted": false,
            "is_ultra_restricted": false
        }
    },
    {
        "client_msg_id": "6378a6b1-137b-47b4-b281-4fdbd0ba3475",
        "type": "message",
        "text": "Alguien ha hecho un mantenimiento master-detail ?\nEs lo típico, una factura con sus datos principales y sus líneas de artículo.\nPor otra parte... ¿ Cómo podríamos hacer para mostrar la lista de clientes y buscar por nombre en ellos ? La típica lupita de fwh.",
        "user": "UJULQCHL5",
        "ts": "1572536036.018000",
        "team": "TJH5YU202",
        "user_team": "TJH5YU202",
        "source_team": "TJH5YU202",
        "user_profile": {
            "avatar_hash": "g7659142325a",
            "image_72": "https:\/\/secure.gravatar.com\/avatar\/c87659142325a3facb661d85281ec091.jpg?s=72&d=https%3A%2F%2Fa.slack-edge.com%2Fdf10d%2Fimg%2Favatars%2Fava_0003-72.png",
            "first_name": "",
            "real_name": "Paquito",
            "display_name": "Paquito",
            "team": "TJH5YU202",
            "name": "hmpaquito",
            "is_restricted": false,
            "is_ultra_restricted": false
        }
    },
    {
        "client_msg_id": "094dfdbc-a12b-49bc-aed7-f240833beae3",
        "type": "message",
        "text": "Buen finde. Lo disfruten.",
        "user": "UJULQCHL5",
        "ts": "1572536053.018300",
        "team": "TJH5YU202",
        "user_team": "TJH5YU202",
        "source_team": "TJH5YU202",
        "user_profile": {
            "avatar_hash": "g7659142325a",
            "image_72": "https:\/\/secure.gravatar.com\/avatar\/c87659142325a3facb661d85281ec091.jpg?s=72&d=https%3A%2F%2Fa.slack-edge.com%2Fdf10d%2Fimg%2Favatars%2Fava_0003-72.png",
            "first_name": "",
            "real_name": "Paquito",
            "display_name": "Paquito",
            "team": "TJH5YU202",
            "name": "hmpaquito",
            "is_restricted": false,
            "is_ultra_restricted": false
        }
    },
    {
        "client_msg_id": "e32022af-c9b3-42fb-a19d-0916a9cf0b15",
        "type": "message",
        "text": "Consulta...Puedieron probar el debug compilando mod_harbour como contrib?",
        "user": "UJRQZMTAM",
        "ts": "1572539934.018800",
        "team": "TJH5YU202",
        "user_team": "TJH5YU202",
        "source_team": "TJH5YU202",
        "user_profile": {
            "avatar_hash": "0d8c567df084",
            "image_72": "https:\/\/avatars.slack-edge.com\/2019-11-22\/834908722243_0d8c567df084bf59d639_72.png",
            "first_name": "Diego",
            "real_name": "Diego F",
            "display_name": "Diego F",
            "team": "TJH5YU202",
            "name": "diegohfazio",
            "is_restricted": false,
            "is_ultra_restricted": false
        }
    },
    {
        "client_msg_id": "8363e5f6-be4c-4a04-8059-3946105f6794",
        "type": "message",
        "text": "aun no...",
        "user": "UJN8D8U3B",
        "ts": "1572541666.019000",
        "team": "TJH5YU202",
        "user_team": "TJH5YU202",
        "source_team": "TJH5YU202",
        "user_profile": {
            "avatar_hash": "g92ad2abcc45",
            "image_72": "https:\/\/secure.gravatar.com\/avatar\/8492ad2abcc45ce53969adcf8420acde.jpg?s=72&d=https%3A%2F%2Fa.slack-edge.com%2Fdf10d%2Fimg%2Favatars%2Fava_0008-72.png",
            "first_name": "",
            "real_name": "Antonio Linares",
            "display_name": "Antonio Linares",
            "team": "TJH5YU202",
            "name": "alinares",
            "is_restricted": false,
            "is_ultra_restricted": false
        }
    },
    {
        "client_msg_id": "5f5bda66-61d1-4eba-aaaa-a38715ed69d6",
        "type": "message",
        "text": "buenas tardes a todos",
        "user": "UJXP7LS78",
        "ts": "1572542516.019300",
        "team": "TJH5YU202",
        "user_team": "TJH5YU202",
        "source_team": "TJH5YU202",
        "user_profile": {
            "avatar_hash": "gc4a0baebb72",
            "image_72": "https:\/\/secure.gravatar.com\/avatar\/a1c4a0baebb720b97e5a197259dbf409.jpg?s=72&d=https%3A%2F%2Fa.slack-edge.com%2Fdf10d%2Fimg%2Favatars%2Fava_0007-72.png",
            "first_name": "",
            "real_name": "wilson gamboa",
            "display_name": "wilson gamboa",
            "team": "TJH5YU202",
            "name": "wilson.josenet",
            "is_restricted": false,
            "is_ultra_restricted": false
        }
    },
    {
        "client_msg_id": "c655320c-aea8-4bdd-a760-9d1957a24328",
        "type": "message",
        "text": "manana a que hora va aser la charla",
        "user": "UJXP7LS78",
        "ts": "1572542525.019600",
        "team": "TJH5YU202",
        "user_team": "TJH5YU202",
        "source_team": "TJH5YU202",
        "user_profile": {
            "avatar_hash": "gc4a0baebb72",
            "image_72": "https:\/\/secure.gravatar.com\/avatar\/a1c4a0baebb720b97e5a197259dbf409.jpg?s=72&d=https%3A%2F%2Fa.slack-edge.com%2Fdf10d%2Fimg%2Favatars%2Fava_0007-72.png",
            "first_name": "",
            "real_name": "wilson gamboa",
            "display_name": "wilson gamboa",
            "team": "TJH5YU202",
            "name": "wilson.josenet",
            "is_restricted": false,
            "is_ultra_restricted": false
        }
    },
    {
        "client_msg_id": "61c9453a-e5bf-4d99-8ef3-d2642ee3240c",
        "type": "message",
        "text": "A las 17",
        "user": "UJN8D8U3B",
        "ts": "1572542557.019900",
        "team": "TJH5YU202",
        "user_team": "TJH5YU202",
        "source_team": "TJH5YU202",
        "user_profile": {
            "avatar_hash": "g92ad2abcc45",
            "image_72": "https:\/\/secure.gravatar.com\/avatar\/8492ad2abcc45ce53969adcf8420acde.jpg?s=72&d=https%3A%2F%2Fa.slack-edge.com%2Fdf10d%2Fimg%2Favatars%2Fava_0008-72.png",
            "first_name": "",
            "real_name": "Antonio Linares",
            "display_name": "Antonio Linares",
            "team": "TJH5YU202",
            "name": "alinares",
            "is_restricted": false,
            "is_ultra_restricted": false
        }
    },
    {
        "client_msg_id": "4d6fda76-6e1a-41ca-8b79-58f369247935",
        "type": "message",
        "text": "muchas gracias Master",
        "user": "UJXP7LS78",
        "ts": "1572542742.020100",
        "team": "TJH5YU202",
        "user_team": "TJH5YU202",
        "source_team": "TJH5YU202",
        "user_profile": {
            "avatar_hash": "gc4a0baebb72",
            "image_72": "https:\/\/secure.gravatar.com\/avatar\/a1c4a0baebb720b97e5a197259dbf409.jpg?s=72&d=https%3A%2F%2Fa.slack-edge.com%2Fdf10d%2Fimg%2Favatars%2Fava_0007-72.png",
            "first_name": "",
            "real_name": "wilson gamboa",
            "display_name": "wilson gamboa",
            "team": "TJH5YU202",
            "name": "wilson.josenet",
            "is_restricted": false,
            "is_ultra_restricted": false
        }
    },
    {
        "client_msg_id": "c669f232-57fa-4cb1-9095-49231b37ec88",
        "type": "message",
        "text": "cada vez hay mas espectativa muchas gracias por compartir lo que estan haciendo",
        "user": "UJXP7LS78",
        "ts": "1572542772.020700",
        "team": "TJH5YU202",
        "user_team": "TJH5YU202",
        "source_team": "TJH5YU202",
        "user_profile": {
            "avatar_hash": "gc4a0baebb72",
            "image_72": "https:\/\/secure.gravatar.com\/avatar\/a1c4a0baebb720b97e5a197259dbf409.jpg?s=72&d=https%3A%2F%2Fa.slack-edge.com%2Fdf10d%2Fimg%2Favatars%2Fava_0007-72.png",
            "first_name": "",
            "real_name": "wilson gamboa",
            "display_name": "wilson gamboa",
            "team": "TJH5YU202",
            "name": "wilson.josenet",
            "is_restricted": false,
            "is_ultra_restricted": false
        }
    },
    {
        "client_msg_id": "396ac9aa-607a-4bb0-ac4d-1831c93bffe2",
        "type": "message",
        "text": "ya tengo in cliente que me pidio un reporte grafico",
        "user": "UJXP7LS78",
        "ts": "1572542789.021100",
        "team": "TJH5YU202",
        "user_team": "TJH5YU202",
        "source_team": "TJH5YU202",
        "user_profile": {
            "avatar_hash": "gc4a0baebb72",
            "image_72": "https:\/\/secure.gravatar.com\/avatar\/a1c4a0baebb720b97e5a197259dbf409.jpg?s=72&d=https%3A%2F%2Fa.slack-edge.com%2Fdf10d%2Fimg%2Favatars%2Fava_0007-72.png",
            "first_name": "",
            "real_name": "wilson gamboa",
            "display_name": "wilson gamboa",
            "team": "TJH5YU202",
            "name": "wilson.josenet",
            "is_restricted": false,
            "is_ultra_restricted": false
        }
    },
    {
        "client_msg_id": "db44583c-32ea-45b4-96ff-96ba7a234879",
        "type": "message",
        "text": "solo el reporte",
        "user": "UJXP7LS78",
        "ts": "1572542797.021300",
        "team": "TJH5YU202",
        "user_team": "TJH5YU202",
        "source_team": "TJH5YU202",
        "user_profile": {
            "avatar_hash": "gc4a0baebb72",
            "image_72": "https:\/\/secure.gravatar.com\/avatar\/a1c4a0baebb720b97e5a197259dbf409.jpg?s=72&d=https%3A%2F%2Fa.slack-edge.com%2Fdf10d%2Fimg%2Favatars%2Fava_0007-72.png",
            "first_name": "",
            "real_name": "wilson gamboa",
            "display_name": "wilson gamboa",
            "team": "TJH5YU202",
            "name": "wilson.josenet",
            "is_restricted": false,
            "is_ultra_restricted": false
        }
    },
    {
        "client_msg_id": "050f6d8d-a91f-4e43-9245-79e269f414ae",
        "type": "message",
        "text": "mando a abrir el puerto 80",
        "user": "UJXP7LS78",
        "ts": "1572542811.021600",
        "team": "TJH5YU202",
        "user_team": "TJH5YU202",
        "source_team": "TJH5YU202",
        "user_profile": {
            "avatar_hash": "gc4a0baebb72",
            "image_72": "https:\/\/secure.gravatar.com\/avatar\/a1c4a0baebb720b97e5a197259dbf409.jpg?s=72&d=https%3A%2F%2Fa.slack-edge.com%2Fdf10d%2Fimg%2Favatars%2Fava_0007-72.png",
            "first_name": "",
            "real_name": "wilson gamboa",
            "display_name": "wilson gamboa",
            "team": "TJH5YU202",
            "name": "wilson.josenet",
            "is_restricted": false,
            "is_ultra_restricted": false
        }
    },
    {
        "client_msg_id": "b5b22827-1104-4212-939a-d9cae9244597",
        "type": "message",
        "text": "y brincaron hasta el cielo los del ISP",
        "user": "UJXP7LS78",
        "ts": "1572542830.022000",
        "team": "TJH5YU202",
        "user_team": "TJH5YU202",
        "source_team": "TJH5YU202",
        "user_profile": {
            "avatar_hash": "gc4a0baebb72",
            "image_72": "https:\/\/secure.gravatar.com\/avatar\/a1c4a0baebb720b97e5a197259dbf409.jpg?s=72&d=https%3A%2F%2Fa.slack-edge.com%2Fdf10d%2Fimg%2Favatars%2Fava_0007-72.png",
            "first_name": "",
            "real_name": "wilson gamboa",
            "display_name": "wilson gamboa",
            "team": "TJH5YU202",
            "name": "wilson.josenet",
            "is_restricted": false,
            "is_ultra_restricted": false
        }
    },
    {
        "client_msg_id": "5855e7c5-3ab9-46c0-af28-2fa740ebd5b8",
        "type": "message",
        "text": "entonces me enoje y les dije que ellos son los que deben dar la seguridad a nivel de red",
        "user": "UJXP7LS78",
        "ts": "1572542865.022500",
        "team": "TJH5YU202",
        "user_team": "TJH5YU202",
        "source_team": "TJH5YU202",
        "user_profile": {
            "avatar_hash": "gc4a0baebb72",
            "image_72": "https:\/\/secure.gravatar.com\/avatar\/a1c4a0baebb720b97e5a197259dbf409.jpg?s=72&d=https%3A%2F%2Fa.slack-edge.com%2Fdf10d%2Fimg%2Favatars%2Fava_0007-72.png",
            "first_name": "",
            "real_name": "wilson gamboa",
            "display_name": "wilson gamboa",
            "team": "TJH5YU202",
            "name": "wilson.josenet",
            "is_restricted": false,
            "is_ultra_restricted": false
        }
    },
    {
        "client_msg_id": "ce76b314-95d2-4f79-81ea-98d62fd7ddb4",
        "type": "message",
        "text": "por cierto alguien sabe como hacerle https",
        "user": "UJXP7LS78",
        "ts": "1572542877.022900",
        "team": "TJH5YU202",
        "user_team": "TJH5YU202",
        "source_team": "TJH5YU202",
        "user_profile": {
            "avatar_hash": "gc4a0baebb72",
            "image_72": "https:\/\/secure.gravatar.com\/avatar\/a1c4a0baebb720b97e5a197259dbf409.jpg?s=72&d=https%3A%2F%2Fa.slack-edge.com%2Fdf10d%2Fimg%2Favatars%2Fava_0007-72.png",
            "first_name": "",
            "real_name": "wilson gamboa",
            "display_name": "wilson gamboa",
            "team": "TJH5YU202",
            "name": "wilson.josenet",
            "is_restricted": false,
            "is_ultra_restricted": false
        }
    },
    {
        "client_msg_id": "8d67e5c0-4181-43be-b5c2-20db098552aa",
        "type": "message",
        "text": "en vez de http",
        "user": "UJXP7LS78",
        "ts": "1572542884.023100",
        "team": "TJH5YU202",
        "user_team": "TJH5YU202",
        "source_team": "TJH5YU202",
        "user_profile": {
            "avatar_hash": "gc4a0baebb72",
            "image_72": "https:\/\/secure.gravatar.com\/avatar\/a1c4a0baebb720b97e5a197259dbf409.jpg?s=72&d=https%3A%2F%2Fa.slack-edge.com%2Fdf10d%2Fimg%2Favatars%2Fava_0007-72.png",
            "first_name": "",
            "real_name": "wilson gamboa",
            "display_name": "wilson gamboa",
            "team": "TJH5YU202",
            "name": "wilson.josenet",
            "is_restricted": false,
            "is_ultra_restricted": false
        }
    },
    {
        "client_msg_id": "da22497f-0ec0-434e-8345-c23ab6a38cf7",
        "type": "message",
        "text": "saludos",
        "user": "UJXP7LS78",
        "ts": "1572542887.023300",
        "team": "TJH5YU202",
        "user_team": "TJH5YU202",
        "source_team": "TJH5YU202",
        "user_profile": {
            "avatar_hash": "gc4a0baebb72",
            "image_72": "https:\/\/secure.gravatar.com\/avatar\/a1c4a0baebb720b97e5a197259dbf409.jpg?s=72&d=https%3A%2F%2Fa.slack-edge.com%2Fdf10d%2Fimg%2Favatars%2Fava_0007-72.png",
            "first_name": "",
            "real_name": "wilson gamboa",
            "display_name": "wilson gamboa",
            "team": "TJH5YU202",
            "name": "wilson.josenet",
            "is_restricted": false,
            "is_ultra_restricted": false
        }
    },
    {
        "client_msg_id": "3b1e345f-baf2-4f71-9981-a29f2e043146",
        "type": "message",
        "text": "en un servidor de mi cliente",
        "user": "UJXP7LS78",
        "ts": "1572542915.023600",
        "team": "TJH5YU202",
        "user_team": "TJH5YU202",
        "source_team": "TJH5YU202",
        "user_profile": {
            "avatar_hash": "gc4a0baebb72",
            "image_72": "https:\/\/secure.gravatar.com\/avatar\/a1c4a0baebb720b97e5a197259dbf409.jpg?s=72&d=https%3A%2F%2Fa.slack-edge.com%2Fdf10d%2Fimg%2Favatars%2Fava_0007-72.png",
            "first_name": "",
            "real_name": "wilson gamboa",
            "display_name": "wilson gamboa",
            "team": "TJH5YU202",
            "name": "wilson.josenet",
            "is_restricted": false,
            "is_ultra_restricted": false
        }
    },
    {
        "client_msg_id": "df2044e6-7d86-4625-982c-2cc5be77e517",
        "type": "message",
        "text": "esta instalado en su empresa",
        "user": "UJXP7LS78",
        "ts": "1572542922.023800",
        "team": "TJH5YU202",
        "user_team": "TJH5YU202",
        "source_team": "TJH5YU202",
        "user_profile": {
            "avatar_hash": "gc4a0baebb72",
            "image_72": "https:\/\/secure.gravatar.com\/avatar\/a1c4a0baebb720b97e5a197259dbf409.jpg?s=72&d=https%3A%2F%2Fa.slack-edge.com%2Fdf10d%2Fimg%2Favatars%2Fava_0007-72.png",
            "first_name": "",
            "real_name": "wilson gamboa",
            "display_name": "wilson gamboa",
            "team": "TJH5YU202",
            "name": "wilson.josenet",
            "is_restricted": false,
            "is_ultra_restricted": false
        }
    },
    {
        "client_msg_id": "34b47781-0f6c-4123-ab38-1cca51937038",
        "type": "message",
        "text": "<@UJXP7LS78> Para HTTPS necesitas un certificado de una autoridad certificadora reconocida.",
        "user": "UNAHBRTFA",
        "ts": "1572544352.024700",
        "team": "TJH5YU202",
        "user_team": "TJH5YU202",
        "source_team": "TJH5YU202",
        "user_profile": {
            "avatar_hash": "g3d2a3f4c28c",
            "image_72": "https:\/\/secure.gravatar.com\/avatar\/23d2a3f4c28cebb4cf07e48d02620517.jpg?s=72&d=https%3A%2F%2Fa.slack-edge.com%2Fdf10d%2Fimg%2Favatars%2Fava_0020-72.png",
            "first_name": "Andreu",
            "real_name": "Andreu Botella",
            "display_name": "Andreu Botella",
            "team": "TJH5YU202",
            "name": "andreu.132",
            "is_restricted": false,
            "is_ultra_restricted": false
        }
    },
    {
        "client_msg_id": "f0d6158a-9b38-43ae-a591-504a7eec1b9d",
        "type": "message",
        "text": "Con Let's Encrypt puedes conseguir uno gratis automáticamente que dure tres meses, y renovarlo cuando esté a punto de caducar.",
        "user": "UNAHBRTFA",
        "ts": "1572544398.025700",
        "team": "TJH5YU202",
        "user_team": "TJH5YU202",
        "source_team": "TJH5YU202",
        "user_profile": {
            "avatar_hash": "g3d2a3f4c28c",
            "image_72": "https:\/\/secure.gravatar.com\/avatar\/23d2a3f4c28cebb4cf07e48d02620517.jpg?s=72&d=https%3A%2F%2Fa.slack-edge.com%2Fdf10d%2Fimg%2Favatars%2Fava_0020-72.png",
            "first_name": "Andreu",
            "real_name": "Andreu Botella",
            "display_name": "Andreu Botella",
            "team": "TJH5YU202",
            "name": "andreu.132",
            "is_restricted": false,
            "is_ultra_restricted": false
        }
    },
    {
        "client_msg_id": "206cc7b6-7e9d-4bea-b71d-ef262c9c6bce",
        "type": "message",
        "text": "Pero necesitas acceso a la configuración del servidor para poder ponerlo como HTTPS, no puedes hacerlo en un hosting.",
        "user": "UNAHBRTFA",
        "ts": "1572544429.026400",
        "team": "TJH5YU202",
        "user_team": "TJH5YU202",
        "source_team": "TJH5YU202",
        "user_profile": {
            "avatar_hash": "g3d2a3f4c28c",
            "image_72": "https:\/\/secure.gravatar.com\/avatar\/23d2a3f4c28cebb4cf07e48d02620517.jpg?s=72&d=https%3A%2F%2Fa.slack-edge.com%2Fdf10d%2Fimg%2Favatars%2Fava_0020-72.png",
            "first_name": "Andreu",
            "real_name": "Andreu Botella",
            "display_name": "Andreu Botella",
            "team": "TJH5YU202",
            "name": "andreu.132",
            "is_restricted": false,
            "is_ultra_restricted": false
        }
    },
    {
        "client_msg_id": "402db499-c396-4234-ad27-1851139693ad",
        "type": "message",
        "text": "can someone please show me how to pass a javascript variable to mod harbour.",
        "user": "UJHD6A81H",
        "ts": "1572546009.027200",
        "team": "TJH5YU202",
        "user_team": "TJH5YU202",
        "source_team": "TJH5YU202",
        "user_profile": {
            "avatar_hash": "g6b8073e00e9",
            "image_72": "https:\/\/secure.gravatar.com\/avatar\/b96b8073e00e9eb02bcf05bc1418eb3a.jpg?s=72&d=https%3A%2F%2Fa.slack-edge.com%2Fdf10d%2Fimg%2Favatars%2Fava_0021-72.png",
            "first_name": "Otto",
            "real_name": "Otto Atzwanger",
            "display_name": "Otto",
            "team": "TJH5YU202",
            "name": "otto",
            "is_restricted": false,
            "is_ultra_restricted": false
        }
    },
    {
        "client_msg_id": "07f4bc6d-f166-411c-bdc3-2b706a7d8187",
        "type": "message",
        "text": "you understand that anything mod_harbour does is in the server and anything javascript does is in the browser, right?",
        "user": "UNAHBRTFA",
        "ts": "1572546083.027800",
        "team": "TJH5YU202",
        "user_team": "TJH5YU202",
        "source_team": "TJH5YU202",
        "user_profile": {
            "avatar_hash": "g3d2a3f4c28c",
            "image_72": "https:\/\/secure.gravatar.com\/avatar\/23d2a3f4c28cebb4cf07e48d02620517.jpg?s=72&d=https%3A%2F%2Fa.slack-edge.com%2Fdf10d%2Fimg%2Favatars%2Fava_0020-72.png",
            "first_name": "Andreu",
            "real_name": "Andreu Botella",
            "display_name": "Andreu Botella",
            "team": "TJH5YU202",
            "name": "andreu.132",
            "is_restricted": false,
            "is_ultra_restricted": false
        }
    },
    {
        "client_msg_id": "9b35a459-21f0-4019-b16f-bc3aa951ed66",
        "type": "message",
        "text": "you can't write some javascript code, then some mod_harbour on the same page and expect that to work",
        "user": "UNAHBRTFA",
        "ts": "1572546135.028800",
        "team": "TJH5YU202",
        "user_team": "TJH5YU202",
        "source_team": "TJH5YU202",
        "user_profile": {
            "avatar_hash": "g3d2a3f4c28c",
            "image_72": "https:\/\/secure.gravatar.com\/avatar\/23d2a3f4c28cebb4cf07e48d02620517.jpg?s=72&d=https%3A%2F%2Fa.slack-edge.com%2Fdf10d%2Fimg%2Favatars%2Fava_0020-72.png",
            "first_name": "Andreu",
            "real_name": "Andreu Botella",
            "display_name": "Andreu Botella",
            "team": "TJH5YU202",
            "name": "andreu.132",
            "is_restricted": false,
            "is_ultra_restricted": false
        }
    },
    {
        "client_msg_id": "2d2ad957-65ee-4de3-ae4c-02282e1ed896",
        "type": "message",
        "text": "that said, you can intercept a link and add a parameter to the url",
        "user": "UNAHBRTFA",
        "ts": "1572546163.029400",
        "team": "TJH5YU202",
        "user_team": "TJH5YU202",
        "source_team": "TJH5YU202",
        "user_profile": {
            "avatar_hash": "g3d2a3f4c28c",
            "image_72": "https:\/\/secure.gravatar.com\/avatar\/23d2a3f4c28cebb4cf07e48d02620517.jpg?s=72&d=https%3A%2F%2Fa.slack-edge.com%2Fdf10d%2Fimg%2Favatars%2Fava_0020-72.png",
            "first_name": "Andreu",
            "real_name": "Andreu Botella",
            "display_name": "Andreu Botella",
            "team": "TJH5YU202",
            "name": "andreu.132",
            "is_restricted": false,
            "is_ultra_restricted": false
        }
    },
    {
        "client_msg_id": "689f49b2-c78a-40b1-b6b2-272cb64ad1df",
        "type": "message",
        "text": "or you can add a hidden field to a form and replace its content on submit",
        "user": "UNAHBRTFA",
        "ts": "1572546180.029900",
        "team": "TJH5YU202",
        "user_team": "TJH5YU202",
        "source_team": "TJH5YU202",
        "user_profile": {
            "avatar_hash": "g3d2a3f4c28c",
            "image_72": "https:\/\/secure.gravatar.com\/avatar\/23d2a3f4c28cebb4cf07e48d02620517.jpg?s=72&d=https%3A%2F%2Fa.slack-edge.com%2Fdf10d%2Fimg%2Favatars%2Fava_0020-72.png",
            "first_name": "Andreu",
            "real_name": "Andreu Botella",
            "display_name": "Andreu Botella",
            "team": "TJH5YU202",
            "name": "andreu.132",
            "is_restricted": false,
            "is_ultra_restricted": false
        }
    },
    {
        "client_msg_id": "91449f6d-c7d5-4539-95a4-f45536be3d62",
        "type": "message",
        "text": "```\n&lt;a href=\"http:\/\/my_server.com\/a\/b\/c\" id=\"linkToModify\"&gt;text here&lt;\/a&gt;\n&lt;script&gt;\n    document.getElementById(\"linkToModify\").addEventListener(\"click\", evt =&gt; {\n        evt.preventDefault(); \/\/ Cancel the default action (in this case, following the link).\n        var url = new URL(evt.target.href);  \/\/ evt.target.href is the link\n        url.searchParams.set(\"js_variable\", variableToAdd);\n        location.replace(url.href);  \/\/ redirect\n    });\n&lt;\/script&gt;\n```",
        "user": "UNAHBRTFA",
        "ts": "1572546373.032700",
        "team": "TJH5YU202",
        "user_team": "TJH5YU202",
        "source_team": "TJH5YU202",
        "user_profile": {
            "avatar_hash": "g3d2a3f4c28c",
            "image_72": "https:\/\/secure.gravatar.com\/avatar\/23d2a3f4c28cebb4cf07e48d02620517.jpg?s=72&d=https%3A%2F%2Fa.slack-edge.com%2Fdf10d%2Fimg%2Favatars%2Fava_0020-72.png",
            "first_name": "Andreu",
            "real_name": "Andreu Botella",
            "display_name": "Andreu Botella",
            "team": "TJH5YU202",
            "name": "andreu.132",
            "is_restricted": false,
            "is_ultra_restricted": false
        },
        "edited": {
            "user": "UNAHBRTFA",
            "ts": "1572546438.000000"
        }
    },
    {
        "client_msg_id": "5fb18389-bbe4-49a1-9f2e-92aa3d11449b",
        "type": "message",
        "text": "```&lt;form action=\"<https:\/\/my_server.com\/login.prg>\" method=\"POST\" id=\"loginForm\"&gt;\n    &lt;p&gt;Username: &lt;input type=\"text\" name=\"username\" \/&gt;&lt;\/p&gt;\n    &lt;p&gt;Password: &lt;input type=\"password\" name=\"password\" \/&gt;&lt;\/p&gt;\n    &lt;input type=\"hidden\" name=\"myJsvariable\" id=\"myJsVariable\" \/&gt;\n&lt;\/form&gt;\n&lt;script&gt;\n    document.getElementById(\"loginForm\").addEventListener(\"submit\", evt =&gt; {\n        evt.preventDefault();  \/\/ Cancel submitting the form.\n        document.getElementById(\"myJsVariable\").value = variableToAdd;\n        evt.target.submit();  \/\/ And start submitting from scratch.\n    });\n&lt;\/script&gt;```",
        "user": "UNAHBRTFA",
        "ts": "1572546729.033500",
        "team": "TJH5YU202",
        "user_team": "TJH5YU202",
        "source_team": "TJH5YU202",
        "user_profile": {
            "avatar_hash": "g3d2a3f4c28c",
            "image_72": "https:\/\/secure.gravatar.com\/avatar\/23d2a3f4c28cebb4cf07e48d02620517.jpg?s=72&d=https%3A%2F%2Fa.slack-edge.com%2Fdf10d%2Fimg%2Favatars%2Fava_0020-72.png",
            "first_name": "Andreu",
            "real_name": "Andreu Botella",
            "display_name": "Andreu Botella",
            "team": "TJH5YU202",
            "name": "andreu.132",
            "is_restricted": false,
            "is_ultra_restricted": false
        }
    },
    {
        "client_msg_id": "3ca9afc5-f94d-4027-a305-a0eb57a2633b",
        "type": "message",
        "text": "Or did you need to add a variable to an ajax call?",
        "user": "UNAHBRTFA",
        "ts": "1572546757.034000",
        "team": "TJH5YU202",
        "user_team": "TJH5YU202",
        "source_team": "TJH5YU202",
        "user_profile": {
            "avatar_hash": "g3d2a3f4c28c",
            "image_72": "https:\/\/secure.gravatar.com\/avatar\/23d2a3f4c28cebb4cf07e48d02620517.jpg?s=72&d=https%3A%2F%2Fa.slack-edge.com%2Fdf10d%2Fimg%2Favatars%2Fava_0020-72.png",
            "first_name": "Andreu",
            "real_name": "Andreu Botella",
            "display_name": "Andreu Botella",
            "team": "TJH5YU202",
            "name": "andreu.132",
            "is_restricted": false,
            "is_ultra_restricted": false
        }
    },
    {
        "client_msg_id": "c631d41f-17cd-486e-9f4f-ee5068425384",
        "type": "message",
        "text": "I am not clear about the session object.",
        "user": "UJHD6A81H",
        "ts": "1572546831.034400",
        "team": "TJH5YU202",
        "user_team": "TJH5YU202",
        "source_team": "TJH5YU202",
        "user_profile": {
            "avatar_hash": "g6b8073e00e9",
            "image_72": "https:\/\/secure.gravatar.com\/avatar\/b96b8073e00e9eb02bcf05bc1418eb3a.jpg?s=72&d=https%3A%2F%2Fa.slack-edge.com%2Fdf10d%2Fimg%2Favatars%2Fava_0021-72.png",
            "first_name": "Otto",
            "real_name": "Otto Atzwanger",
            "display_name": "Otto",
            "team": "TJH5YU202",
            "name": "otto",
            "is_restricted": false,
            "is_ultra_restricted": false
        }
    },
    {
        "client_msg_id": "69afd127-ed37-4df0-90c1-e0a8b2f7d1e8",
        "type": "message",
        "text": "function main()\nTEMPLATE\n&lt;!doctype html&gt;\n&lt;html lang=\"en\"&gt;\n&lt;head&gt;\n  &lt;!-- Required meta tags --&gt;\n  &lt;meta charset=\"utf-8\"&gt;\n  &lt;meta name=\"viewport\" content=\"width=device-width, initial-scale=1, shrink-to-fit=no\"&gt;\n  &lt;title&gt;Ihre Anmeldung&lt;\/title&gt;\n&lt;\/head&gt;\n&lt;body&gt;\n  &lt;script src=\"assets\/js\/jquery.min.js\"&gt;&lt;\/script&gt;\n  &lt;script src=\"assets\/bootstrap\/js\/bootstrap.min.js\"&gt;&lt;\/script&gt;\n  &lt;script&gt;\n    var temp = sessionStorage.getItem('Unterschrift');\n    var viewName = $.parseJSON(temp);\n    var div = '&lt;div&gt;'   + 'EmailCheck:  ' + viewName.Signature + '&lt;br&gt;' + '&lt;\/div&gt;';\n  &lt;\/script&gt;\n  ? viewName.Signature\n  memowrit( FILELOG, viewName.Signature )\n\n\nWhere is this session object stored.",
        "user": "UJHD6A81H",
        "ts": "1572546927.035600",
        "team": "TJH5YU202",
        "user_team": "TJH5YU202",
        "source_team": "TJH5YU202",
        "user_profile": {
            "avatar_hash": "g6b8073e00e9",
            "image_72": "https:\/\/secure.gravatar.com\/avatar\/b96b8073e00e9eb02bcf05bc1418eb3a.jpg?s=72&d=https%3A%2F%2Fa.slack-edge.com%2Fdf10d%2Fimg%2Favatars%2Fava_0021-72.png",
            "first_name": "Otto",
            "real_name": "Otto Atzwanger",
            "display_name": "Otto",
            "team": "TJH5YU202",
            "name": "otto",
            "is_restricted": false,
            "is_ultra_restricted": false
        }
    },
    {
        "client_msg_id": "517f0fb3-3f58-4b09-b770-7a924b40a31e",
        "type": "message",
        "text": "it's not properly a javascript object",
        "user": "UNAHBRTFA",
        "ts": "1572546943.036000",
        "team": "TJH5YU202",
        "user_team": "TJH5YU202",
        "source_team": "TJH5YU202",
        "user_profile": {
            "avatar_hash": "g3d2a3f4c28c",
            "image_72": "https:\/\/secure.gravatar.com\/avatar\/23d2a3f4c28cebb4cf07e48d02620517.jpg?s=72&d=https%3A%2F%2Fa.slack-edge.com%2Fdf10d%2Fimg%2Favatars%2Fava_0020-72.png",
            "first_name": "Andreu",
            "real_name": "Andreu Botella",
            "display_name": "Andreu Botella",
            "team": "TJH5YU202",
            "name": "andreu.132",
            "is_restricted": false,
            "is_ultra_restricted": false
        }
    },
    {
        "client_msg_id": "2e0402eb-ffa3-4dc4-8509-48164b310c5b",
        "type": "message",
        "text": "\"SessionStorage\", like so many other web APIs, is an interface the browser gives you",
        "user": "UNAHBRTFA",
        "ts": "1572546958.036500",
        "team": "TJH5YU202",
        "user_team": "TJH5YU202",
        "source_team": "TJH5YU202",
        "user_profile": {
            "avatar_hash": "g3d2a3f4c28c",
            "image_72": "https:\/\/secure.gravatar.com\/avatar\/23d2a3f4c28cebb4cf07e48d02620517.jpg?s=72&d=https%3A%2F%2Fa.slack-edge.com%2Fdf10d%2Fimg%2Favatars%2Fava_0020-72.png",
            "first_name": "Andreu",
            "real_name": "Andreu Botella",
            "display_name": "Andreu Botella",
            "team": "TJH5YU202",
            "name": "andreu.132",
            "is_restricted": false,
            "is_ultra_restricted": false
        }
    },
    {
        "client_msg_id": "6ec8187d-e0c2-4398-a4f1-fa66aec407c4",
        "type": "message",
        "text": "you take the SessionStorage \"variable\" and use it",
        "user": "UNAHBRTFA",
        "ts": "1572546970.036900",
        "team": "TJH5YU202",
        "user_team": "TJH5YU202",
        "source_team": "TJH5YU202",
        "user_profile": {
            "avatar_hash": "g3d2a3f4c28c",
            "image_72": "https:\/\/secure.gravatar.com\/avatar\/23d2a3f4c28cebb4cf07e48d02620517.jpg?s=72&d=https%3A%2F%2Fa.slack-edge.com%2Fdf10d%2Fimg%2Favatars%2Fava_0020-72.png",
            "first_name": "Andreu",
            "real_name": "Andreu Botella",
            "display_name": "Andreu Botella",
            "team": "TJH5YU202",
            "name": "andreu.132",
            "is_restricted": false,
            "is_ultra_restricted": false
        }
    },
    {
        "client_msg_id": "97f18325-d41a-48f5-a0ff-dd77bb324ede",
        "type": "message",
        "text": "but does harbour see the sessionStorage?",
        "user": "UJHD6A81H",
        "ts": "1572547019.037400",
        "team": "TJH5YU202",
        "user_team": "TJH5YU202",
        "source_team": "TJH5YU202",
        "user_profile": {
            "avatar_hash": "g6b8073e00e9",
            "image_72": "https:\/\/secure.gravatar.com\/avatar\/b96b8073e00e9eb02bcf05bc1418eb3a.jpg?s=72&d=https%3A%2F%2Fa.slack-edge.com%2Fdf10d%2Fimg%2Favatars%2Fava_0021-72.png",
            "first_name": "Otto",
            "real_name": "Otto Atzwanger",
            "display_name": "Otto",
            "team": "TJH5YU202",
            "name": "otto",
            "is_restricted": false,
            "is_ultra_restricted": false
        }
    },
    {
        "client_msg_id": "6556a284-c76e-47d2-b8f5-42dc99cef161",
        "type": "message",
        "text": "no",
        "user": "UNAHBRTFA",
        "ts": "1572547023.037600",
        "team": "TJH5YU202",
        "user_team": "TJH5YU202",
        "source_team": "TJH5YU202",
        "user_profile": {
            "avatar_hash": "g3d2a3f4c28c",
            "image_72": "https:\/\/secure.gravatar.com\/avatar\/23d2a3f4c28cebb4cf07e48d02620517.jpg?s=72&d=https%3A%2F%2Fa.slack-edge.com%2Fdf10d%2Fimg%2Favatars%2Fava_0020-72.png",
            "first_name": "Andreu",
            "real_name": "Andreu Botella",
            "display_name": "Andreu Botella",
            "team": "TJH5YU202",
            "name": "andreu.132",
            "is_restricted": false,
            "is_ultra_restricted": false
        }
    },
    {
        "client_msg_id": "4ffd5414-aab4-49c3-bd57-387d8d34c802",
        "type": "message",
        "text": "it's only within the browser",
        "user": "UNAHBRTFA",
        "ts": "1572547030.037900",
        "team": "TJH5YU202",
        "user_team": "TJH5YU202",
        "source_team": "TJH5YU202",
        "user_profile": {
            "avatar_hash": "g3d2a3f4c28c",
            "image_72": "https:\/\/secure.gravatar.com\/avatar\/23d2a3f4c28cebb4cf07e48d02620517.jpg?s=72&d=https%3A%2F%2Fa.slack-edge.com%2Fdf10d%2Fimg%2Favatars%2Fava_0020-72.png",
            "first_name": "Andreu",
            "real_name": "Andreu Botella",
            "display_name": "Andreu Botella",
            "team": "TJH5YU202",
            "name": "andreu.132",
            "is_restricted": false,
            "is_ultra_restricted": false
        }
    },
    {
        "client_msg_id": "8d207d6c-3f6f-4b5a-adfb-49ad3f4cdbc1",
        "type": "message",
        "text": "if you need something common to the server and the browser, you can use cookies",
        "user": "UNAHBRTFA",
        "ts": "1572547041.038400",
        "team": "TJH5YU202",
        "user_team": "TJH5YU202",
        "source_team": "TJH5YU202",
        "user_profile": {
            "avatar_hash": "g3d2a3f4c28c",
            "image_72": "https:\/\/secure.gravatar.com\/avatar\/23d2a3f4c28cebb4cf07e48d02620517.jpg?s=72&d=https%3A%2F%2Fa.slack-edge.com%2Fdf10d%2Fimg%2Favatars%2Fava_0020-72.png",
            "first_name": "Andreu",
            "real_name": "Andreu Botella",
            "display_name": "Andreu Botella",
            "team": "TJH5YU202",
            "name": "andreu.132",
            "is_restricted": false,
            "is_ultra_restricted": false
        }
    },
    {
        "client_msg_id": "48892eaa-f3d6-42cc-a457-7db99593014f",
        "type": "message",
        "text": "<@UJHD6A81H> I think you have some of the concepts wrong",
        "user": "UNAHBRTFA",
        "ts": "1572548037.039200",
        "team": "TJH5YU202",
        "user_team": "TJH5YU202",
        "source_team": "TJH5YU202",
        "user_profile": {
            "avatar_hash": "g3d2a3f4c28c",
            "image_72": "https:\/\/secure.gravatar.com\/avatar\/23d2a3f4c28cebb4cf07e48d02620517.jpg?s=72&d=https%3A%2F%2Fa.slack-edge.com%2Fdf10d%2Fimg%2Favatars%2Fava_0020-72.png",
            "first_name": "Andreu",
            "real_name": "Andreu Botella",
            "display_name": "Andreu Botella",
            "team": "TJH5YU202",
            "name": "andreu.132",
            "is_restricted": false,
            "is_ultra_restricted": false
        }
    },
    {
        "client_msg_id": "e21c83a3-b3d7-477f-a16a-07daaa06ce3e",
        "type": "message",
        "text": "&gt;function main()\n&gt;TEMPLATE\n&gt;&lt;!doctype html&gt;\n&gt;&lt;html lang=\"en\"&gt;\n&gt;&lt;head&gt;\n&gt; &lt;!-- Required meta tags --&gt;\n&gt; &lt;meta charset=\"utf-8\"&gt;\n&gt; &lt;meta name=\"viewport\" content=\"width=device-width, initial-scale=1, shrink-to-fit=no\"&gt;\n&gt; &lt;title&gt;Ihre Anmeldung&lt;\/title&gt;\n&gt;&lt;\/head&gt;\n&gt;&lt;body&gt;\n&gt; &lt;script src=\"assets\/js\/jquery.min.js\"&gt;&lt;\/script&gt;\n&gt; &lt;script src=\"assets\/bootstrap\/js\/bootstrap.min.js\"&gt;&lt;\/script&gt;\n&gt; &lt;script&gt;\n&gt;   var temp = sessionStorage.getItem('Unterschrift');\n&gt;   var viewName = $.parseJSON(temp);\n&gt;   var div = '&lt;div&gt;'   + 'EmailCheck:  ' + viewName.Signature + '&lt;br&gt;' + '&lt;\/div&gt;';\n&gt; &lt;\/script&gt;\n&gt; ? viewName.Signature\n&gt; memowrit( FILELOG, viewName.Signature )",
        "user": "UNAHBRTFA",
        "ts": "1572548085.039800",
        "team": "TJH5YU202",
        "user_team": "TJH5YU202",
        "source_team": "TJH5YU202",
        "user_profile": {
            "avatar_hash": "g3d2a3f4c28c",
            "image_72": "https:\/\/secure.gravatar.com\/avatar\/23d2a3f4c28cebb4cf07e48d02620517.jpg?s=72&d=https%3A%2F%2Fa.slack-edge.com%2Fdf10d%2Fimg%2Favatars%2Fava_0020-72.png",
            "first_name": "Andreu",
            "real_name": "Andreu Botella",
            "display_name": "Andreu Botella",
            "team": "TJH5YU202",
            "name": "andreu.132",
            "is_restricted": false,
            "is_ultra_restricted": false
        }
    },
    {
        "client_msg_id": "06df06a4-a910-4087-87b8-28f18e3da1a5",
        "type": "message",
        "text": "all of the harbour code runs on the server, well before any of the javascript runs",
        "user": "UNAHBRTFA",
        "ts": "1572548106.040300",
        "team": "TJH5YU202",
        "user_team": "TJH5YU202",
        "source_team": "TJH5YU202",
        "user_profile": {
            "avatar_hash": "g3d2a3f4c28c",
            "image_72": "https:\/\/secure.gravatar.com\/avatar\/23d2a3f4c28cebb4cf07e48d02620517.jpg?s=72&d=https%3A%2F%2Fa.slack-edge.com%2Fdf10d%2Fimg%2Favatars%2Fava_0020-72.png",
            "first_name": "Andreu",
            "real_name": "Andreu Botella",
            "display_name": "Andreu Botella",
            "team": "TJH5YU202",
            "name": "andreu.132",
            "is_restricted": false,
            "is_ultra_restricted": false
        }
    },
    {
        "client_msg_id": "08a50175-6938-42c9-a8f8-d7690fa268fe",
        "type": "message",
        "text": "at some point later, the html gets to the browser and it will start running the javascript",
        "user": "UNAHBRTFA",
        "ts": "1572548131.040800",
        "team": "TJH5YU202",
        "user_team": "TJH5YU202",
        "source_team": "TJH5YU202",
        "user_profile": {
            "avatar_hash": "g3d2a3f4c28c",
            "image_72": "https:\/\/secure.gravatar.com\/avatar\/23d2a3f4c28cebb4cf07e48d02620517.jpg?s=72&d=https%3A%2F%2Fa.slack-edge.com%2Fdf10d%2Fimg%2Favatars%2Fava_0020-72.png",
            "first_name": "Andreu",
            "real_name": "Andreu Botella",
            "display_name": "Andreu Botella",
            "team": "TJH5YU202",
            "name": "andreu.132",
            "is_restricted": false,
            "is_ultra_restricted": false
        }
    },
    {
        "client_msg_id": "17878a93-27c8-4f83-ad85-ae40310bf860",
        "type": "message",
        "text": "if you need communication between javascript and mod_harbour, that has to happen during a page request",
        "user": "UNAHBRTFA",
        "ts": "1572548193.042300",
        "team": "TJH5YU202",
        "user_team": "TJH5YU202",
        "source_team": "TJH5YU202",
        "user_profile": {
            "avatar_hash": "g3d2a3f4c28c",
            "image_72": "https:\/\/secure.gravatar.com\/avatar\/23d2a3f4c28cebb4cf07e48d02620517.jpg?s=72&d=https%3A%2F%2Fa.slack-edge.com%2Fdf10d%2Fimg%2Favatars%2Fava_0020-72.png",
            "first_name": "Andreu",
            "real_name": "Andreu Botella",
            "display_name": "Andreu Botella",
            "team": "TJH5YU202",
            "name": "andreu.132",
            "is_restricted": false,
            "is_ultra_restricted": false
        }
    },
    {
        "client_msg_id": "51d1e1a1-f288-4b6b-858b-e30448f408ee",
        "type": "message",
        "text": "I think the closest that I can come is using AJAX.",
        "user": "UJHD6A81H",
        "ts": "1572548264.042800",
        "team": "TJH5YU202",
        "user_team": "TJH5YU202",
        "source_team": "TJH5YU202",
        "user_profile": {
            "avatar_hash": "g6b8073e00e9",
            "image_72": "https:\/\/secure.gravatar.com\/avatar\/b96b8073e00e9eb02bcf05bc1418eb3a.jpg?s=72&d=https%3A%2F%2Fa.slack-edge.com%2Fdf10d%2Fimg%2Favatars%2Fava_0021-72.png",
            "first_name": "Otto",
            "real_name": "Otto Atzwanger",
            "display_name": "Otto",
            "team": "TJH5YU202",
            "name": "otto",
            "is_restricted": false,
            "is_ultra_restricted": false
        }
    },
    {
        "client_msg_id": "5c567c62-f3e8-40f0-8542-0101b8bc2c81",
        "type": "message",
        "text": "you can also pass GET parameters or inputs in a form",
        "user": "UNAHBRTFA",
        "ts": "1572548303.043300",
        "team": "TJH5YU202",
        "user_team": "TJH5YU202",
        "source_team": "TJH5YU202",
        "user_profile": {
            "avatar_hash": "g3d2a3f4c28c",
            "image_72": "https:\/\/secure.gravatar.com\/avatar\/23d2a3f4c28cebb4cf07e48d02620517.jpg?s=72&d=https%3A%2F%2Fa.slack-edge.com%2Fdf10d%2Fimg%2Favatars%2Fava_0020-72.png",
            "first_name": "Andreu",
            "real_name": "Andreu Botella",
            "display_name": "Andreu Botella",
            "team": "TJH5YU202",
            "name": "andreu.132",
            "is_restricted": false,
            "is_ultra_restricted": false
        }
    },
    {
        "client_msg_id": "70c6ead3-14ea-473a-b602-7cef4780cd6b",
        "type": "message",
        "text": "but yeah, the easiest thing is probably AJAX",
        "user": "UNAHBRTFA",
        "ts": "1572548311.043600",
        "team": "TJH5YU202",
        "user_team": "TJH5YU202",
        "source_team": "TJH5YU202",
        "user_profile": {
            "avatar_hash": "g3d2a3f4c28c",
            "image_72": "https:\/\/secure.gravatar.com\/avatar\/23d2a3f4c28cebb4cf07e48d02620517.jpg?s=72&d=https%3A%2F%2Fa.slack-edge.com%2Fdf10d%2Fimg%2Favatars%2Fava_0020-72.png",
            "first_name": "Andreu",
            "real_name": "Andreu Botella",
            "display_name": "Andreu Botella",
            "team": "TJH5YU202",
            "name": "andreu.132",
            "is_restricted": false,
            "is_ultra_restricted": false
        }
    },
    {
        "client_msg_id": "bc28287c-4c95-4e6c-b590-83acac9d1c8b",
        "type": "message",
        "text": "(though hint, the `fetch` API is so much easier to use)",
        "user": "UNAHBRTFA",
        "ts": "1572548329.044000",
        "team": "TJH5YU202",
        "user_team": "TJH5YU202",
        "source_team": "TJH5YU202",
        "user_profile": {
            "avatar_hash": "g3d2a3f4c28c",
            "image_72": "https:\/\/secure.gravatar.com\/avatar\/23d2a3f4c28cebb4cf07e48d02620517.jpg?s=72&d=https%3A%2F%2Fa.slack-edge.com%2Fdf10d%2Fimg%2Favatars%2Fava_0020-72.png",
            "first_name": "Andreu",
            "real_name": "Andreu Botella",
            "display_name": "Andreu Botella",
            "team": "TJH5YU202",
            "name": "andreu.132",
            "is_restricted": false,
            "is_ultra_restricted": false
        }
    },
    {
        "client_msg_id": "0356a55b-848d-4121-9598-dcf0c665c35b",
        "type": "message",
        "text": "Andreu muchas gracias",
        "user": "UJXP7LS78",
        "ts": "1572560383.044200",
        "team": "TJH5YU202",
        "user_team": "TJH5YU202",
        "source_team": "TJH5YU202",
        "user_profile": {
            "avatar_hash": "gc4a0baebb72",
            "image_72": "https:\/\/secure.gravatar.com\/avatar\/a1c4a0baebb720b97e5a197259dbf409.jpg?s=72&d=https%3A%2F%2Fa.slack-edge.com%2Fdf10d%2Fimg%2Favatars%2Fava_0007-72.png",
            "first_name": "",
            "real_name": "wilson gamboa",
            "display_name": "wilson gamboa",
            "team": "TJH5YU202",
            "name": "wilson.josenet",
            "is_restricted": false,
            "is_ultra_restricted": false
        }
    },
    {
        "client_msg_id": "c0a5e955-8ffe-4003-b0bb-89a981248c43",
        "type": "message",
        "text": "en este caso si tengo acceso el server es de mi cliente",
        "user": "UJXP7LS78",
        "ts": "1572560394.044500",
        "team": "TJH5YU202",
        "user_team": "TJH5YU202",
        "source_team": "TJH5YU202",
        "user_profile": {
            "avatar_hash": "gc4a0baebb72",
            "image_72": "https:\/\/secure.gravatar.com\/avatar\/a1c4a0baebb720b97e5a197259dbf409.jpg?s=72&d=https%3A%2F%2Fa.slack-edge.com%2Fdf10d%2Fimg%2Favatars%2Fava_0007-72.png",
            "first_name": "",
            "real_name": "wilson gamboa",
            "display_name": "wilson gamboa",
            "team": "TJH5YU202",
            "name": "wilson.josenet",
            "is_restricted": false,
            "is_ultra_restricted": false
        }
    },
    {
        "type": "message",
        "text": "",
        "files": [
            {
                "id": "FPQ4NLC0K",
                "created": 1572578257,
                "timestamp": 1572578257,
                "name": "image.png",
                "title": "image.png",
                "mimetype": "image\/png",
                "filetype": "png",
                "pretty_type": "PNG",
                "user": "UJWR5N32S",
                "editable": false,
                "size": 16805,
                "mode": "hosted",
                "is_external": false,
                "external_type": "",
                "is_public": true,
                "public_url_shared": false,
                "display_as_bot": false,
                "username": "",
                "url_private": "https:\/\/files.slack.com\/files-pri\/TJH5YU202-FPQ4NLC0K\/image.png?t=xoxe-629202954002-950795328464-950341379620-2ca7f74bb6537751ea5666f8f5e8896e",
                "url_private_download": "https:\/\/files.slack.com\/files-pri\/TJH5YU202-FPQ4NLC0K\/download\/image.png?t=xoxe-629202954002-950795328464-950341379620-2ca7f74bb6537751ea5666f8f5e8896e",
                "thumb_64": "https:\/\/files.slack.com\/files-tmb\/TJH5YU202-FPQ4NLC0K-ca531b463e\/image_64.png?t=xoxe-629202954002-950795328464-950341379620-2ca7f74bb6537751ea5666f8f5e8896e",
                "thumb_80": "https:\/\/files.slack.com\/files-tmb\/TJH5YU202-FPQ4NLC0K-ca531b463e\/image_80.png?t=xoxe-629202954002-950795328464-950341379620-2ca7f74bb6537751ea5666f8f5e8896e",
                "thumb_360": "https:\/\/files.slack.com\/files-tmb\/TJH5YU202-FPQ4NLC0K-ca531b463e\/image_360.png?t=xoxe-629202954002-950795328464-950341379620-2ca7f74bb6537751ea5666f8f5e8896e",
                "thumb_360_w": 245,
                "thumb_360_h": 300,
                "thumb_160": "https:\/\/files.slack.com\/files-tmb\/TJH5YU202-FPQ4NLC0K-ca531b463e\/image_160.png?t=xoxe-629202954002-950795328464-950341379620-2ca7f74bb6537751ea5666f8f5e8896e",
                "image_exif_rotation": 1,
                "original_w": 245,
                "original_h": 300,
                "thumb_tiny": "AwAwACfTqrdXLpKsEChpW9egFWSQoJPQVm6e3nXU1w\/AA79v8gUAT+ReHk3QH0WnwTSLMYLjBfGVYfxCoxeF4pZlTKxnA561FeyjdbXKHjP+f60AaVFFFAEF6dtnKR\/drOsVjnha3csDu3fL3q7qE0a20kZcbyOF71k2svkXCSdgefpQBtLEY9sUcaeRjDZPJqldQw2ttIgZiXI2qe3PamTSyDUeGPDADnjFN1WXfchAeEGPxoA1oDmCM+qj+VPqvZTRyW8aq4LKoBHcVYoAwdQ\/4\/ZfqP5VXq9e200l3IyRsVJ4IHtUH2O4\/wCeLflQBKh\/fRSHnCBj+A\/+tVRiWYsxyTyTVrybvyvL8ptv+7zj0zUf2O4\/54t+VAE+k\/8AH03+4f5itisvTbeWK5LSRso2kZP4VqUAf\/\/Z",
                "permalink": "https:\/\/harbourproject.slack.com\/files\/UJWR5N32S\/FPQ4NLC0K\/image.png",
                "permalink_public": "https:\/\/slack-files.com\/TJH5YU202-FPQ4NLC0K-c1eaa0e137",
                "is_starred": false,
                "has_rich_preview": false
            }
        ],
        "upload": true,
        "user": "UJWR5N32S",
        "display_as_bot": false,
        "ts": "1572578258.044600",
        "client_msg_id": "a1a1887e-d722-438d-bbf7-0691eadc0df1"
    },
    {
        "client_msg_id": "81f30f36-db31-40bd-87aa-3ea163dc55ed",
        "type": "message",
        "text": ":pray:",
        "user": "UK28N3CER",
        "ts": "1572580091.044900",
        "team": "TJH5YU202",
        "user_team": "TJH5YU202",
        "source_team": "TJH5YU202",
        "user_profile": {
            "avatar_hash": "7f09da813e5b",
            "image_72": "https:\/\/avatars.slack-edge.com\/2020-01-01\/880554116721_7f09da813e5b80b5a0a0_72.jpg",
            "first_name": "",
            "real_name": "Cesar SysCtrl Software",
            "display_name": "Cesar SysCtrl Software",
            "team": "TJH5YU202",
            "name": "sysctrlsoftware",
            "is_restricted": false,
            "is_ultra_restricted": false
        }
    },
    {
        "type": "message",
        "text": "",
        "files": [
            {
                "id": "FPQ7KLZC3",
                "created": 1572589214,
                "timestamp": 1572589214,
                "name": "image.png",
                "title": "image.png",
                "mimetype": "image\/png",
                "filetype": "png",
                "pretty_type": "PNG",
                "user": "UJN8D8U3B",
                "editable": false,
                "size": 402410,
                "mode": "hosted",
                "is_external": false,
                "external_type": "",
                "is_public": true,
                "public_url_shared": false,
                "display_as_bot": false,
                "username": "",
                "url_private": "https:\/\/files.slack.com\/files-pri\/TJH5YU202-FPQ7KLZC3\/image.png?t=xoxe-629202954002-950795328464-950341379620-2ca7f74bb6537751ea5666f8f5e8896e",
                "url_private_download": "https:\/\/files.slack.com\/files-pri\/TJH5YU202-FPQ7KLZC3\/download\/image.png?t=xoxe-629202954002-950795328464-950341379620-2ca7f74bb6537751ea5666f8f5e8896e",
                "thumb_64": "https:\/\/files.slack.com\/files-tmb\/TJH5YU202-FPQ7KLZC3-c65f634bb1\/image_64.png?t=xoxe-629202954002-950795328464-950341379620-2ca7f74bb6537751ea5666f8f5e8896e",
                "thumb_80": "https:\/\/files.slack.com\/files-tmb\/TJH5YU202-FPQ7KLZC3-c65f634bb1\/image_80.png?t=xoxe-629202954002-950795328464-950341379620-2ca7f74bb6537751ea5666f8f5e8896e",
                "thumb_360": "https:\/\/files.slack.com\/files-tmb\/TJH5YU202-FPQ7KLZC3-c65f634bb1\/image_360.png?t=xoxe-629202954002-950795328464-950341379620-2ca7f74bb6537751ea5666f8f5e8896e",
                "thumb_360_w": 360,
                "thumb_360_h": 360,
                "thumb_480": "https:\/\/files.slack.com\/files-tmb\/TJH5YU202-FPQ7KLZC3-c65f634bb1\/image_480.png?t=xoxe-629202954002-950795328464-950341379620-2ca7f74bb6537751ea5666f8f5e8896e",
                "thumb_480_w": 480,
                "thumb_480_h": 480,
                "thumb_160": "https:\/\/files.slack.com\/files-tmb\/TJH5YU202-FPQ7KLZC3-c65f634bb1\/image_160.png?t=xoxe-629202954002-950795328464-950341379620-2ca7f74bb6537751ea5666f8f5e8896e",
                "image_exif_rotation": 1,
                "original_w": 642,
                "original_h": 642,
                "thumb_tiny": "AwAwADBXjDEFlxj1pdrZGCoFXDEn90VFMiRpkKASau5zOm0iJkDDkA\/jTCQD05+tSxAOCW6ZxUywRYyEFPmFGDaKhZWPKA0h2nAKDj61e8qP+4KPJj\/uCjmK9kx9VL4n5APc1cqC5hMiDHVeag2auirb5kfZ0GMmtCqlouN5welWOPVqLiirElFR8Y6mgYz1brQUSUUUhJHalcCCLIuGVuAMlfxqxUOG83eFPTBFTA+1JMbCiiimI\/\/Z",
                "permalink": "https:\/\/harbourproject.slack.com\/files\/UJN8D8U3B\/FPQ7KLZC3\/image.png",
                "permalink_public": "https:\/\/slack-files.com\/TJH5YU202-FPQ7KLZC3-57b371bb30",
                "is_starred": false,
                "has_rich_preview": false
            }
        ],
        "upload": true,
        "user": "UJN8D8U3B",
        "display_as_bot": false,
        "ts": "1572589216.045000",
        "client_msg_id": "2d2d5cb2-43f9-45b4-b144-beda95113720"
    },
    {
        "client_msg_id": "7e3af827-7a4c-40f3-bb1b-65b855485e85",
        "type": "message",
        "text": "buenos dias :sunny:",
        "user": "UJN8D8U3B",
        "ts": "1572589237.045500",
        "team": "TJH5YU202",
        "user_team": "TJH5YU202",
        "source_team": "TJH5YU202",
        "user_profile": {
            "avatar_hash": "g92ad2abcc45",
            "image_72": "https:\/\/secure.gravatar.com\/avatar\/8492ad2abcc45ce53969adcf8420acde.jpg?s=72&d=https%3A%2F%2Fa.slack-edge.com%2Fdf10d%2Fimg%2Favatars%2Fava_0008-72.png",
            "first_name": "",
            "real_name": "Antonio Linares",
            "display_name": "Antonio Linares",
            "team": "TJH5YU202",
            "name": "alinares",
            "is_restricted": false,
            "is_ultra_restricted": false
        }
    }
]