[
    {
        "client_msg_id": "9c7bc8be-65b7-40ce-8ac3-2c6d90096918",
        "type": "message",
        "text": "A new mod_harbour much improved is comming...",
        "user": "UJN8D8U3B",
        "ts": "1573469330.442400",
        "team": "TJH5YU202",
        "user_team": "TJH5YU202",
        "source_team": "TJH5YU202",
        "user_profile": {
            "avatar_hash": "g92ad2abcc45",
            "image_72": "https:\/\/secure.gravatar.com\/avatar\/8492ad2abcc45ce53969adcf8420acde.jpg?s=72&d=https%3A%2F%2Fa.slack-edge.com%2Fdf10d%2Fimg%2Favatars%2Fava_0008-72.png",
            "first_name": "",
            "real_name": "Antonio Linares",
            "display_name": "Antonio Linares",
            "team": "TJH5YU202",
            "name": "alinares",
            "is_restricted": false,
            "is_ultra_restricted": false
        }
    },
    {
        "client_msg_id": "e85a986c-74cd-4f6d-b611-a454fab84253",
        "type": "message",
        "text": "Un nuevo mod_harbour muy mejorado viene... :slightly_smiling_face:",
        "user": "UJN8D8U3B",
        "ts": "1573469345.442800",
        "team": "TJH5YU202",
        "user_team": "TJH5YU202",
        "source_team": "TJH5YU202",
        "user_profile": {
            "avatar_hash": "g92ad2abcc45",
            "image_72": "https:\/\/secure.gravatar.com\/avatar\/8492ad2abcc45ce53969adcf8420acde.jpg?s=72&d=https%3A%2F%2Fa.slack-edge.com%2Fdf10d%2Fimg%2Favatars%2Fava_0008-72.png",
            "first_name": "",
            "real_name": "Antonio Linares",
            "display_name": "Antonio Linares",
            "team": "TJH5YU202",
            "name": "alinares",
            "is_restricted": false,
            "is_ultra_restricted": false
        },
        "reactions": [
            {
                "name": "+1",
                "users": [
                    "UJUJLTWMT",
                    "UJULQCHL5"
                ],
                "count": 2
            }
        ]
    },
    {
        "client_msg_id": "6f24880b-27b3-4e5b-8c87-897a0776611e",
        "type": "message",
        "text": "Solucionando problemas con multi-threading",
        "user": "UJN8D8U3B",
        "ts": "1573469365.443200",
        "team": "TJH5YU202",
        "user_team": "TJH5YU202",
        "source_team": "TJH5YU202",
        "user_profile": {
            "avatar_hash": "g92ad2abcc45",
            "image_72": "https:\/\/secure.gravatar.com\/avatar\/8492ad2abcc45ce53969adcf8420acde.jpg?s=72&d=https%3A%2F%2Fa.slack-edge.com%2Fdf10d%2Fimg%2Favatars%2Fava_0008-72.png",
            "first_name": "",
            "real_name": "Antonio Linares",
            "display_name": "Antonio Linares",
            "team": "TJH5YU202",
            "name": "alinares",
            "is_restricted": false,
            "is_ultra_restricted": false
        },
        "reactions": [
            {
                "name": "star-struck",
                "users": [
                    "UJUJLTWMT",
                    "UJULQCHL5"
                ],
                "count": 2
            }
        ]
    },
    {
        "client_msg_id": "bd3d45b4-94bf-4092-8424-d2eed16a088f",
        "type": "message",
        "text": "Fixing multithreading problems",
        "user": "UJN8D8U3B",
        "ts": "1573469373.443500",
        "team": "TJH5YU202",
        "user_team": "TJH5YU202",
        "source_team": "TJH5YU202",
        "user_profile": {
            "avatar_hash": "g92ad2abcc45",
            "image_72": "https:\/\/secure.gravatar.com\/avatar\/8492ad2abcc45ce53969adcf8420acde.jpg?s=72&d=https%3A%2F%2Fa.slack-edge.com%2Fdf10d%2Fimg%2Favatars%2Fava_0008-72.png",
            "first_name": "",
            "real_name": "Antonio Linares",
            "display_name": "Antonio Linares",
            "team": "TJH5YU202",
            "name": "alinares",
            "is_restricted": false,
            "is_ultra_restricted": false
        }
    },
    {
        "client_msg_id": "16f6c47d-e07c-4242-b46f-0ec5689282af",
        "type": "message",
        "text": "Basically the crashes that we experience when we do multiple clicks...",
        "user": "UJN8D8U3B",
        "ts": "1573469785.444100",
        "team": "TJH5YU202",
        "user_team": "TJH5YU202",
        "source_team": "TJH5YU202",
        "user_profile": {
            "avatar_hash": "g92ad2abcc45",
            "image_72": "https:\/\/secure.gravatar.com\/avatar\/8492ad2abcc45ce53969adcf8420acde.jpg?s=72&d=https%3A%2F%2Fa.slack-edge.com%2Fdf10d%2Fimg%2Favatars%2Fava_0008-72.png",
            "first_name": "",
            "real_name": "Antonio Linares",
            "display_name": "Antonio Linares",
            "team": "TJH5YU202",
            "name": "alinares",
            "is_restricted": false,
            "is_ultra_restricted": false
        }
    },
    {
        "client_msg_id": "66500d8d-5a8c-49e7-9756-485c9a07a8db",
        "type": "message",
        "text": "Basicamente los crashes que ocurren cuando damos muchos clicks...",
        "user": "UJN8D8U3B",
        "ts": "1573469805.444600",
        "team": "TJH5YU202",
        "user_team": "TJH5YU202",
        "source_team": "TJH5YU202",
        "user_profile": {
            "avatar_hash": "g92ad2abcc45",
            "image_72": "https:\/\/secure.gravatar.com\/avatar\/8492ad2abcc45ce53969adcf8420acde.jpg?s=72&d=https%3A%2F%2Fa.slack-edge.com%2Fdf10d%2Fimg%2Favatars%2Fava_0008-72.png",
            "first_name": "",
            "real_name": "Antonio Linares",
            "display_name": "Antonio Linares",
            "team": "TJH5YU202",
            "name": "alinares",
            "is_restricted": false,
            "is_ultra_restricted": false
        }
    },
    {
        "client_msg_id": "84ff1d3b-3ad9-4f99-850a-fd53a18a7bdf",
        "type": "message",
        "text": "Hola, buen dia.\nOT: Estoy por armarme un servidor NAS con Nextcloud. Alguno tuvo experiencia con Nextcloud?",
        "user": "UJRQZMTAM",
        "ts": "1573475209.446300",
        "team": "TJH5YU202",
        "user_team": "TJH5YU202",
        "source_team": "TJH5YU202",
        "user_profile": {
            "avatar_hash": "0d8c567df084",
            "image_72": "https:\/\/avatars.slack-edge.com\/2019-11-22\/834908722243_0d8c567df084bf59d639_72.png",
            "first_name": "Diego",
            "real_name": "Diego F",
            "display_name": "Diego F",
            "team": "TJH5YU202",
            "name": "diegohfazio",
            "is_restricted": false,
            "is_ultra_restricted": false
        }
    },
    {
        "client_msg_id": "95262af7-2897-43c8-86d0-db28b71451c3",
        "type": "message",
        "text": "es libre",
        "user": "UJRQZMTAM",
        "ts": "1573475212.446500",
        "team": "TJH5YU202",
        "user_team": "TJH5YU202",
        "source_team": "TJH5YU202",
        "user_profile": {
            "avatar_hash": "0d8c567df084",
            "image_72": "https:\/\/avatars.slack-edge.com\/2019-11-22\/834908722243_0d8c567df084bf59d639_72.png",
            "first_name": "Diego",
            "real_name": "Diego F",
            "display_name": "Diego F",
            "team": "TJH5YU202",
            "name": "diegohfazio",
            "is_restricted": false,
            "is_ultra_restricted": false
        }
    },
    {
        "client_msg_id": "f3b15865-5dad-4a2c-ba8b-adb381eeb376",
        "type": "message",
        "text": "Buen dia:thumbsup_all:",
        "user": "UK28N3CER",
        "ts": "1573477055.446800",
        "team": "TJH5YU202",
        "user_team": "TJH5YU202",
        "source_team": "TJH5YU202",
        "user_profile": {
            "avatar_hash": "7f09da813e5b",
            "image_72": "https:\/\/avatars.slack-edge.com\/2020-01-01\/880554116721_7f09da813e5b80b5a0a0_72.jpg",
            "first_name": "",
            "real_name": "Cesar SysCtrl Software",
            "display_name": "Cesar SysCtrl Software",
            "team": "TJH5YU202",
            "name": "sysctrlsoftware",
            "is_restricted": false,
            "is_ultra_restricted": false
        }
    },
    {
        "client_msg_id": "0eb25701-6694-42de-878e-e5cfe8c42292",
        "type": "message",
        "text": "Now HARBOURINO is very close to CLASSES",
        "user": "UJHD6A81H",
        "ts": "1573488902.447300",
        "team": "TJH5YU202",
        "user_team": "TJH5YU202",
        "source_team": "TJH5YU202",
        "user_profile": {
            "avatar_hash": "g6b8073e00e9",
            "image_72": "https:\/\/secure.gravatar.com\/avatar\/b96b8073e00e9eb02bcf05bc1418eb3a.jpg?s=72&d=https%3A%2F%2Fa.slack-edge.com%2Fdf10d%2Fimg%2Favatars%2Fava_0021-72.png",
            "first_name": "Otto",
            "real_name": "Otto Atzwanger",
            "display_name": "Otto",
            "team": "TJH5YU202",
            "name": "otto",
            "is_restricted": false,
            "is_ultra_restricted": false
        }
    },
    {
        "client_msg_id": "89fef1e0-0729-455b-b645-ceea3ab65e26",
        "type": "message",
        "text": "$-&gt; VERTICAL_MENU_START\n               $-&gt; MENU_ELEMENT : content = home;        caption = Home\n               $-&gt; MENU_ELEMENT : content = logs ;          caption = Logs\n               $-&gt; MENU_ELEMENT : content = menus;       caption = Menus\n               $-&gt; MENU_ELEMENT : content = ankunft;     caption = Zimmerplan\n               $-&gt; MENU_ELEMENT : content = views;        caption = Views\n\n\n               $-&gt; MENU_DROPDOWN_START : content = Listen\n               $-&gt; MENU_ELEMENT : content = tasks;           caption = Tasks\n               $-&gt; MENU_ELEMENT : content = browser2;   caption = browser2\n               $-&gt; MENU_ELEMENT : content = database;    caption = Database\n               $-&gt; MENU_DROPDOWN_END\n\n               $-&gt; MENU_DROPDOWN_START : content = Listen\n               $-&gt; MENU_ELEMENT : content = settings;     caption = Settings\n               $-&gt; MENU_ELEMENT : content = weblinks;    caption = Weblinks\n               $-&gt; MENU_DROPDOWN_END\n\n            $-&gt; VERTICAL_MENU_END",
        "user": "UJHD6A81H",
        "ts": "1573488990.448300",
        "team": "TJH5YU202",
        "user_team": "TJH5YU202",
        "source_team": "TJH5YU202",
        "user_profile": {
            "avatar_hash": "g6b8073e00e9",
            "image_72": "https:\/\/secure.gravatar.com\/avatar\/b96b8073e00e9eb02bcf05bc1418eb3a.jpg?s=72&d=https%3A%2F%2Fa.slack-edge.com%2Fdf10d%2Fimg%2Favatars%2Fava_0021-72.png",
            "first_name": "Otto",
            "real_name": "Otto Atzwanger",
            "display_name": "Otto",
            "team": "TJH5YU202",
            "name": "otto",
            "is_restricted": false,
            "is_ultra_restricted": false
        }
    },
    {
        "client_msg_id": "dd12bc13-c20c-4a65-b3f4-e5404dfa7018",
        "type": "message",
        "text": "This is the menu.view code of Genesis. :slightly_smiling_face:",
        "user": "UJHD6A81H",
        "ts": "1573489055.448700",
        "team": "TJH5YU202",
        "user_team": "TJH5YU202",
        "source_team": "TJH5YU202",
        "user_profile": {
            "avatar_hash": "g6b8073e00e9",
            "image_72": "https:\/\/secure.gravatar.com\/avatar\/b96b8073e00e9eb02bcf05bc1418eb3a.jpg?s=72&d=https%3A%2F%2Fa.slack-edge.com%2Fdf10d%2Fimg%2Favatars%2Fava_0021-72.png",
            "first_name": "Otto",
            "real_name": "Otto Atzwanger",
            "display_name": "Otto",
            "team": "TJH5YU202",
            "name": "otto",
            "is_restricted": false,
            "is_ultra_restricted": false
        }
    },
    {
        "client_msg_id": "a427b7df-7555-4baa-a0ff-2fe314ed3d8d",
        "type": "message",
        "text": "impressive!",
        "user": "UM81W8B0Q",
        "ts": "1573489440.448900",
        "team": "TJH5YU202",
        "user_team": "TJH5YU202",
        "source_team": "TJH5YU202",
        "user_profile": {
            "avatar_hash": "gab9279ee8c0",
            "image_72": "https:\/\/secure.gravatar.com\/avatar\/73ab9279ee8c00f66ce4904d30146c8f.jpg?s=72&d=https%3A%2F%2Fa.slack-edge.com%2Fdf10d%2Fimg%2Favatars%2Fava_0010-72.png",
            "first_name": "",
            "real_name": "Angel Pais",
            "display_name": "Angel Pais",
            "team": "TJH5YU202",
            "name": "amigosam",
            "is_restricted": false,
            "is_ultra_restricted": false
        }
    },
    {
        "client_msg_id": "cd71ae61-67b6-4329-9724-aa2203f01b28",
        "type": "message",
        "text": "Harbourino the tool formally known as Patcher.",
        "user": "UJHD6A81H",
        "ts": "1573497087.449500",
        "team": "TJH5YU202",
        "user_team": "TJH5YU202",
        "source_team": "TJH5YU202",
        "user_profile": {
            "avatar_hash": "g6b8073e00e9",
            "image_72": "https:\/\/secure.gravatar.com\/avatar\/b96b8073e00e9eb02bcf05bc1418eb3a.jpg?s=72&d=https%3A%2F%2Fa.slack-edge.com%2Fdf10d%2Fimg%2Favatars%2Fava_0021-72.png",
            "first_name": "Otto",
            "real_name": "Otto Atzwanger",
            "display_name": "Otto",
            "team": "TJH5YU202",
            "name": "otto",
            "is_restricted": false,
            "is_ultra_restricted": false
        }
    },
    {
        "client_msg_id": "bf27e8d7-b930-4c6e-afd9-24f894333e51",
        "type": "message",
        "text": "Now I can use it like this:",
        "user": "UJHD6A81H",
        "ts": "1573497107.449900",
        "team": "TJH5YU202",
        "user_team": "TJH5YU202",
        "source_team": "TJH5YU202",
        "user_profile": {
            "avatar_hash": "g6b8073e00e9",
            "image_72": "https:\/\/secure.gravatar.com\/avatar\/b96b8073e00e9eb02bcf05bc1418eb3a.jpg?s=72&d=https%3A%2F%2Fa.slack-edge.com%2Fdf10d%2Fimg%2Favatars%2Fava_0021-72.png",
            "first_name": "Otto",
            "real_name": "Otto Atzwanger",
            "display_name": "Otto",
            "team": "TJH5YU202",
            "name": "otto",
            "is_restricted": false,
            "is_ultra_restricted": false
        }
    },
    {
        "client_msg_id": "a5d56b7e-b4fb-46d6-bef9-0c1f0cb6acce",
        "type": "message",
        "text": "$-&gt; MENU\\ELEMENT : var1= ...",
        "user": "UJHD6A81H",
        "ts": "1573497137.450500",
        "team": "TJH5YU202",
        "user_team": "TJH5YU202",
        "source_team": "TJH5YU202",
        "user_profile": {
            "avatar_hash": "g6b8073e00e9",
            "image_72": "https:\/\/secure.gravatar.com\/avatar\/b96b8073e00e9eb02bcf05bc1418eb3a.jpg?s=72&d=https%3A%2F%2Fa.slack-edge.com%2Fdf10d%2Fimg%2Favatars%2Fava_0021-72.png",
            "first_name": "Otto",
            "real_name": "Otto Atzwanger",
            "display_name": "Otto",
            "team": "TJH5YU202",
            "name": "otto",
            "is_restricted": false,
            "is_ultra_restricted": false
        }
    },
    {
        "client_msg_id": "c04c2c26-2d08-421f-80f5-97d0127d51e2",
        "type": "message",
        "text": "This is even more flexible. I can keep the source in separate folders.",
        "user": "UJHD6A81H",
        "ts": "1573497208.451300",
        "team": "TJH5YU202",
        "user_team": "TJH5YU202",
        "source_team": "TJH5YU202",
        "user_profile": {
            "avatar_hash": "g6b8073e00e9",
            "image_72": "https:\/\/secure.gravatar.com\/avatar\/b96b8073e00e9eb02bcf05bc1418eb3a.jpg?s=72&d=https%3A%2F%2Fa.slack-edge.com%2Fdf10d%2Fimg%2Favatars%2Fava_0021-72.png",
            "first_name": "Otto",
            "real_name": "Otto Atzwanger",
            "display_name": "Otto",
            "team": "TJH5YU202",
            "name": "otto",
            "is_restricted": false,
            "is_ultra_restricted": false
        }
    },
    {
        "type": "message",
        "text": "",
        "files": [
            {
                "id": "FQG5UGTV4",
                "created": 1573497284,
                "timestamp": 1573497284,
                "name": "image.png",
                "title": "image.png",
                "mimetype": "image\/png",
                "filetype": "png",
                "pretty_type": "PNG",
                "user": "UJHD6A81H",
                "editable": false,
                "size": 15003,
                "mode": "hosted",
                "is_external": false,
                "external_type": "",
                "is_public": true,
                "public_url_shared": false,
                "display_as_bot": false,
                "username": "",
                "url_private": "https:\/\/files.slack.com\/files-pri\/TJH5YU202-FQG5UGTV4\/image.png?t=xoxe-629202954002-950795328464-950341379620-2ca7f74bb6537751ea5666f8f5e8896e",
                "url_private_download": "https:\/\/files.slack.com\/files-pri\/TJH5YU202-FQG5UGTV4\/download\/image.png?t=xoxe-629202954002-950795328464-950341379620-2ca7f74bb6537751ea5666f8f5e8896e",
                "thumb_64": "https:\/\/files.slack.com\/files-tmb\/TJH5YU202-FQG5UGTV4-d27761cb56\/image_64.png?t=xoxe-629202954002-950795328464-950341379620-2ca7f74bb6537751ea5666f8f5e8896e",
                "thumb_80": "https:\/\/files.slack.com\/files-tmb\/TJH5YU202-FQG5UGTV4-d27761cb56\/image_80.png?t=xoxe-629202954002-950795328464-950341379620-2ca7f74bb6537751ea5666f8f5e8896e",
                "thumb_360": "https:\/\/files.slack.com\/files-tmb\/TJH5YU202-FQG5UGTV4-d27761cb56\/image_360.png?t=xoxe-629202954002-950795328464-950341379620-2ca7f74bb6537751ea5666f8f5e8896e",
                "thumb_360_w": 360,
                "thumb_360_h": 167,
                "thumb_480": "https:\/\/files.slack.com\/files-tmb\/TJH5YU202-FQG5UGTV4-d27761cb56\/image_480.png?t=xoxe-629202954002-950795328464-950341379620-2ca7f74bb6537751ea5666f8f5e8896e",
                "thumb_480_w": 480,
                "thumb_480_h": 223,
                "thumb_160": "https:\/\/files.slack.com\/files-tmb\/TJH5YU202-FQG5UGTV4-d27761cb56\/image_160.png?t=xoxe-629202954002-950795328464-950341379620-2ca7f74bb6537751ea5666f8f5e8896e",
                "image_exif_rotation": 1,
                "original_w": 531,
                "original_h": 247,
                "thumb_tiny": "AwAWADC35eWOWx+JpfKH9\/8A8eNOIOe9KAOAVP15p3FYaIeeSf8Avo0CMAc5z9amprfeH0pDI9q985+tKRhODxx3pcHPehvuH8KAF8zHGOlHme1RnqaSgCXzPakEnHI5qOloAk8z2pGfcMAVHSr94UAf\/9k=",
                "permalink": "https:\/\/harbourproject.slack.com\/files\/UJHD6A81H\/FQG5UGTV4\/image.png",
                "permalink_public": "https:\/\/slack-files.com\/TJH5YU202-FQG5UGTV4-3f7c02e776",
                "is_starred": false,
                "has_rich_preview": false
            }
        ],
        "upload": true,
        "user": "UJHD6A81H",
        "display_as_bot": false,
        "ts": "1573497286.451400",
        "client_msg_id": "cb5b10ca-57f2-44bf-b158-641fef26cec9"
    },
    {
        "client_msg_id": "9162acf4-5a92-48f8-aa3c-9f6a403684de",
        "type": "message",
        "text": "now extended",
        "user": "UJHD6A81H",
        "ts": "1573501221.452400",
        "team": "TJH5YU202",
        "user_team": "TJH5YU202",
        "source_team": "TJH5YU202",
        "user_profile": {
            "avatar_hash": "g6b8073e00e9",
            "image_72": "https:\/\/secure.gravatar.com\/avatar\/b96b8073e00e9eb02bcf05bc1418eb3a.jpg?s=72&d=https%3A%2F%2Fa.slack-edge.com%2Fdf10d%2Fimg%2Favatars%2Fava_0021-72.png",
            "first_name": "Otto",
            "real_name": "Otto Atzwanger",
            "display_name": "Otto",
            "team": "TJH5YU202",
            "name": "otto",
            "is_restricted": false,
            "is_ultra_restricted": false
        }
    },
    {
        "client_msg_id": "9ef0ce7e-1475-4207-a35d-82e500ce735d",
        "type": "message",
        "text": "-&gt; MENU\\STYLE\n\n\n         $-&gt; MENU\\VERTICAL_START\n                  $-&gt; MENU\\ELEMENT : content = home;        caption = Home\n                  $-&gt; MENU\\ELEMENT : content = logs ;       caption = Logs\n                  $-&gt; MENU\\ELEMENT : content = menus;       caption = Menus\n                  $-&gt; MENU\\ELEMENT : content = ankunft;     caption = Zimmerplan\n                  $-&gt; MENU\\ELEMENT : content = views;       caption = Views\n\n                  $-&gt; MENU\\DROPDOWN_START : content = Listen\n                  $-&gt; MENU\\ELEMENT : content = tasks;       caption = Tasks\n\n                  $-&gt; MENU\\DROPDOWN_START : content = SubListen\n                        $-&gt; MENU\\ELEMENT : content = browser2;    caption = browser2\n                        $-&gt; MENU\\ELEMENT : content = database;    caption = Database\n                  $-&gt; MENU\\DROPDOWN_END\n                  $-&gt; MENU\\DROPDOWN_END\n\n                  $-&gt; MENU\\DROPDOWN_START : content = Listen\n                  $-&gt; MENU\\ELEMENT : content = settings;    caption = Settings\n                  $-&gt; MENU\\ELEMENT : content = weblinks;    caption = Weblinks\n                  $-&gt; MENU\\DROPDOWN_END\n\n                 $-&gt; MENU\\VERTICAL_END\n\n-&gt; MENU\\SCRIPT",
        "user": "UJHD6A81H",
        "ts": "1573501260.453000",
        "team": "TJH5YU202",
        "user_team": "TJH5YU202",
        "source_team": "TJH5YU202",
        "user_profile": {
            "avatar_hash": "g6b8073e00e9",
            "image_72": "https:\/\/secure.gravatar.com\/avatar\/b96b8073e00e9eb02bcf05bc1418eb3a.jpg?s=72&d=https%3A%2F%2Fa.slack-edge.com%2Fdf10d%2Fimg%2Favatars%2Fava_0021-72.png",
            "first_name": "Otto",
            "real_name": "Otto Atzwanger",
            "display_name": "Otto",
            "team": "TJH5YU202",
            "name": "otto",
            "is_restricted": false,
            "is_ultra_restricted": false
        }
    },
    {
        "client_msg_id": "ebce9cfb-37a2-417f-b2a7-45551d6e06b2",
        "type": "message",
        "text": "Otto, esto ya está en el repositorio de mod_harbour ?",
        "user": "UK28N3CER",
        "ts": "1573501670.453800",
        "team": "TJH5YU202",
        "user_team": "TJH5YU202",
        "source_team": "TJH5YU202",
        "user_profile": {
            "avatar_hash": "7f09da813e5b",
            "image_72": "https:\/\/avatars.slack-edge.com\/2020-01-01\/880554116721_7f09da813e5b80b5a0a0_72.jpg",
            "first_name": "",
            "real_name": "Cesar SysCtrl Software",
            "display_name": "Cesar SysCtrl Software",
            "team": "TJH5YU202",
            "name": "sysctrlsoftware",
            "is_restricted": false,
            "is_ultra_restricted": false
        }
    },
    {
        "client_msg_id": "979fd09d-40e6-4874-acc6-6c3b473cba71",
        "type": "message",
        "text": "Otto this is already in the modhbarbour repository ?",
        "user": "UK28N3CER",
        "ts": "1573501727.454300",
        "team": "TJH5YU202",
        "user_team": "TJH5YU202",
        "source_team": "TJH5YU202",
        "user_profile": {
            "avatar_hash": "7f09da813e5b",
            "image_72": "https:\/\/avatars.slack-edge.com\/2020-01-01\/880554116721_7f09da813e5b80b5a0a0_72.jpg",
            "first_name": "",
            "real_name": "Cesar SysCtrl Software",
            "display_name": "Cesar SysCtrl Software",
            "team": "TJH5YU202",
            "name": "sysctrlsoftware",
            "is_restricted": false,
            "is_ultra_restricted": false
        }
    },
    {
        "client_msg_id": "01b66c36-3e93-4eb6-b92b-9142161fbe71",
        "type": "message",
        "text": "Cesar, no. But I will publish a download link when the documentation is ready.",
        "user": "UJHD6A81H",
        "ts": "1573502832.455100",
        "team": "TJH5YU202",
        "user_team": "TJH5YU202",
        "source_team": "TJH5YU202",
        "user_profile": {
            "avatar_hash": "g6b8073e00e9",
            "image_72": "https:\/\/secure.gravatar.com\/avatar\/b96b8073e00e9eb02bcf05bc1418eb3a.jpg?s=72&d=https%3A%2F%2Fa.slack-edge.com%2Fdf10d%2Fimg%2Favatars%2Fava_0021-72.png",
            "first_name": "Otto",
            "real_name": "Otto Atzwanger",
            "display_name": "Otto",
            "team": "TJH5YU202",
            "name": "otto",
            "is_restricted": false,
            "is_ultra_restricted": false
        }
    },
    {
        "client_msg_id": "8a6a788b-cb78-49df-b79f-753df366810e",
        "type": "message",
        "text": "Ruth is working on it.",
        "user": "UJHD6A81H",
        "ts": "1573502970.455400",
        "team": "TJH5YU202",
        "user_team": "TJH5YU202",
        "source_team": "TJH5YU202",
        "user_profile": {
            "avatar_hash": "g6b8073e00e9",
            "image_72": "https:\/\/secure.gravatar.com\/avatar\/b96b8073e00e9eb02bcf05bc1418eb3a.jpg?s=72&d=https%3A%2F%2Fa.slack-edge.com%2Fdf10d%2Fimg%2Favatars%2Fava_0021-72.png",
            "first_name": "Otto",
            "real_name": "Otto Atzwanger",
            "display_name": "Otto",
            "team": "TJH5YU202",
            "name": "otto",
            "is_restricted": false,
            "is_ultra_restricted": false
        }
    },
    {
        "type": "message",
        "text": "",
        "files": [
            {
                "id": "FQFUQ988P",
                "created": 1573502981,
                "timestamp": 1573502981,
                "name": "image.png",
                "title": "image.png",
                "mimetype": "image\/png",
                "filetype": "png",
                "pretty_type": "PNG",
                "user": "UJHD6A81H",
                "editable": false,
                "size": 1605686,
                "mode": "hosted",
                "is_external": false,
                "external_type": "",
                "is_public": true,
                "public_url_shared": false,
                "display_as_bot": false,
                "username": "",
                "url_private": "https:\/\/files.slack.com\/files-pri\/TJH5YU202-FQFUQ988P\/image.png?t=xoxe-629202954002-950795328464-950341379620-2ca7f74bb6537751ea5666f8f5e8896e",
                "url_private_download": "https:\/\/files.slack.com\/files-pri\/TJH5YU202-FQFUQ988P\/download\/image.png?t=xoxe-629202954002-950795328464-950341379620-2ca7f74bb6537751ea5666f8f5e8896e",
                "thumb_64": "https:\/\/files.slack.com\/files-tmb\/TJH5YU202-FQFUQ988P-2692b7ffc0\/image_64.png?t=xoxe-629202954002-950795328464-950341379620-2ca7f74bb6537751ea5666f8f5e8896e",
                "thumb_80": "https:\/\/files.slack.com\/files-tmb\/TJH5YU202-FQFUQ988P-2692b7ffc0\/image_80.png?t=xoxe-629202954002-950795328464-950341379620-2ca7f74bb6537751ea5666f8f5e8896e",
                "thumb_360": "https:\/\/files.slack.com\/files-tmb\/TJH5YU202-FQFUQ988P-2692b7ffc0\/image_360.png?t=xoxe-629202954002-950795328464-950341379620-2ca7f74bb6537751ea5666f8f5e8896e",
                "thumb_360_w": 360,
                "thumb_360_h": 130,
                "thumb_480": "https:\/\/files.slack.com\/files-tmb\/TJH5YU202-FQFUQ988P-2692b7ffc0\/image_480.png?t=xoxe-629202954002-950795328464-950341379620-2ca7f74bb6537751ea5666f8f5e8896e",
                "thumb_480_w": 480,
                "thumb_480_h": 173,
                "thumb_160": "https:\/\/files.slack.com\/files-tmb\/TJH5YU202-FQFUQ988P-2692b7ffc0\/image_160.png?t=xoxe-629202954002-950795328464-950341379620-2ca7f74bb6537751ea5666f8f5e8896e",
                "thumb_720": "https:\/\/files.slack.com\/files-tmb\/TJH5YU202-FQFUQ988P-2692b7ffc0\/image_720.png?t=xoxe-629202954002-950795328464-950341379620-2ca7f74bb6537751ea5666f8f5e8896e",
                "thumb_720_w": 720,
                "thumb_720_h": 260,
                "thumb_800": "https:\/\/files.slack.com\/files-tmb\/TJH5YU202-FQFUQ988P-2692b7ffc0\/image_800.png?t=xoxe-629202954002-950795328464-950341379620-2ca7f74bb6537751ea5666f8f5e8896e",
                "thumb_800_w": 800,
                "thumb_800_h": 288,
                "thumb_960": "https:\/\/files.slack.com\/files-tmb\/TJH5YU202-FQFUQ988P-2692b7ffc0\/image_960.png?t=xoxe-629202954002-950795328464-950341379620-2ca7f74bb6537751ea5666f8f5e8896e",
                "thumb_960_w": 960,
                "thumb_960_h": 346,
                "thumb_1024": "https:\/\/files.slack.com\/files-tmb\/TJH5YU202-FQFUQ988P-2692b7ffc0\/image_1024.png?t=xoxe-629202954002-950795328464-950341379620-2ca7f74bb6537751ea5666f8f5e8896e",
                "thumb_1024_w": 1024,
                "thumb_1024_h": 369,
                "image_exif_rotation": 1,
                "original_w": 3353,
                "original_h": 1209,
                "thumb_tiny": "AwARADDRyAeo\/OqsscYufOkk+XAG3GamjhVQwIDZJOSPWqU8ggcRY3bVAz60nfoAX5XbH5fyjntj0qvGW8iX5j\/D396nMcl3AjRqPlYg5P0p9vZzxhwW8stjDA5pgVrRyLhScnAJxn2NWhqCk48lufep\/IWK2YYBYKRuxyeKyghDLweo7UAb1ZGo\/wDH230Fa9ZGo\/8AH230FAFvTP8Aj2P+8atP92qumf8AHsf941af7tADV+8KkqNfvCpKAP\/Z",
                "permalink": "https:\/\/harbourproject.slack.com\/files\/UJHD6A81H\/FQFUQ988P\/image.png",
                "permalink_public": "https:\/\/slack-files.com\/TJH5YU202-FQFUQ988P-8380d776a2",
                "is_starred": false,
                "has_rich_preview": false
            }
        ],
        "upload": true,
        "user": "UJHD6A81H",
        "display_as_bot": false,
        "ts": "1573502991.455500",
        "client_msg_id": "e32924d1-9d7d-4da8-8d75-48ba4a2c7c0d"
    },
    {
        "client_msg_id": "ed869bfa-f8e1-4738-8662-a7a9526e1dbb",
        "type": "message",
        "text": "Gracias Otto",
        "user": "UK28N3CER",
        "ts": "1573505740.456200",
        "team": "TJH5YU202",
        "user_team": "TJH5YU202",
        "source_team": "TJH5YU202",
        "user_profile": {
            "avatar_hash": "7f09da813e5b",
            "image_72": "https:\/\/avatars.slack-edge.com\/2020-01-01\/880554116721_7f09da813e5b80b5a0a0_72.jpg",
            "first_name": "",
            "real_name": "Cesar SysCtrl Software",
            "display_name": "Cesar SysCtrl Software",
            "team": "TJH5YU202",
            "name": "sysctrlsoftware",
            "is_restricted": false,
            "is_ultra_restricted": false
        }
    },
    {
        "client_msg_id": "579bf1eb-10b6-4a59-9981-ce7cb396b9f5",
        "type": "message",
        "text": "Charly buenas tardes",
        "user": "UJXP7LS78",
        "ts": "1573508786.456800",
        "team": "TJH5YU202",
        "user_team": "TJH5YU202",
        "source_team": "TJH5YU202",
        "user_profile": {
            "avatar_hash": "gc4a0baebb72",
            "image_72": "https:\/\/secure.gravatar.com\/avatar\/a1c4a0baebb720b97e5a197259dbf409.jpg?s=72&d=https%3A%2F%2Fa.slack-edge.com%2Fdf10d%2Fimg%2Favatars%2Fava_0007-72.png",
            "first_name": "",
            "real_name": "wilson gamboa",
            "display_name": "wilson gamboa",
            "team": "TJH5YU202",
            "name": "wilson.josenet",
            "is_restricted": false,
            "is_ultra_restricted": false
        }
    },
    {
        "client_msg_id": "ba5d6622-1b37-46ba-a8cf-fd6d0e310d07",
        "type": "message",
        "text": "te he enviado un mensaje a travez de tu pagina web itarraco",
        "user": "UJXP7LS78",
        "ts": "1573508808.457300",
        "team": "TJH5YU202",
        "user_team": "TJH5YU202",
        "source_team": "TJH5YU202",
        "user_profile": {
            "avatar_hash": "gc4a0baebb72",
            "image_72": "https:\/\/secure.gravatar.com\/avatar\/a1c4a0baebb720b97e5a197259dbf409.jpg?s=72&d=https%3A%2F%2Fa.slack-edge.com%2Fdf10d%2Fimg%2Favatars%2Fava_0007-72.png",
            "first_name": "",
            "real_name": "wilson gamboa",
            "display_name": "wilson gamboa",
            "team": "TJH5YU202",
            "name": "wilson.josenet",
            "is_restricted": false,
            "is_ultra_restricted": false
        }
    },
    {
        "client_msg_id": "b8c47f7f-4c79-4b8c-8421-cc1ea77c68ee",
        "type": "message",
        "text": "podrias revisarlo",
        "user": "UJXP7LS78",
        "ts": "1573508814.457500",
        "team": "TJH5YU202",
        "user_team": "TJH5YU202",
        "source_team": "TJH5YU202",
        "user_profile": {
            "avatar_hash": "gc4a0baebb72",
            "image_72": "https:\/\/secure.gravatar.com\/avatar\/a1c4a0baebb720b97e5a197259dbf409.jpg?s=72&d=https%3A%2F%2Fa.slack-edge.com%2Fdf10d%2Fimg%2Favatars%2Fava_0007-72.png",
            "first_name": "",
            "real_name": "wilson gamboa",
            "display_name": "wilson gamboa",
            "team": "TJH5YU202",
            "name": "wilson.josenet",
            "is_restricted": false,
            "is_ultra_restricted": false
        }
    },
    {
        "client_msg_id": "d4606e8f-1a60-4589-bf26-4bb605af52fc",
        "type": "message",
        "text": "muchas gracias",
        "user": "UJXP7LS78",
        "ts": "1573508816.457800",
        "team": "TJH5YU202",
        "user_team": "TJH5YU202",
        "source_team": "TJH5YU202",
        "user_profile": {
            "avatar_hash": "gc4a0baebb72",
            "image_72": "https:\/\/secure.gravatar.com\/avatar\/a1c4a0baebb720b97e5a197259dbf409.jpg?s=72&d=https%3A%2F%2Fa.slack-edge.com%2Fdf10d%2Fimg%2Favatars%2Fava_0007-72.png",
            "first_name": "",
            "real_name": "wilson gamboa",
            "display_name": "wilson gamboa",
            "team": "TJH5YU202",
            "name": "wilson.josenet",
            "is_restricted": false,
            "is_ultra_restricted": false
        }
    },
    {
        "client_msg_id": "abba8d66-2837-4a39-9f18-f7a838584e5c",
        "type": "message",
        "text": "Bon dia !",
        "user": "UJWR5N32S",
        "ts": "1573539219.458300",
        "team": "TJH5YU202",
        "user_team": "TJH5YU202",
        "source_team": "TJH5YU202",
        "user_profile": {
            "avatar_hash": "273d3745f7ae",
            "image_72": "https:\/\/avatars.slack-edge.com\/2019-05-20\/634344238497_273d3745f7ae1b176b82_72.jpg",
            "first_name": "Charly",
            "real_name": "Charly",
            "display_name": "Charly",
            "team": "TJH5YU202",
            "name": "carles9000",
            "is_restricted": false,
            "is_ultra_restricted": false
        }
    },
    {
        "client_msg_id": "43d9a4fe-3b51-48a2-8cbd-299b280823f5",
        "type": "message",
        "text": "Oks <@UJXP7LS78> luego lo miro...",
        "user": "UJWR5N32S",
        "ts": "1573539229.458600",
        "team": "TJH5YU202",
        "user_team": "TJH5YU202",
        "source_team": "TJH5YU202",
        "user_profile": {
            "avatar_hash": "273d3745f7ae",
            "image_72": "https:\/\/avatars.slack-edge.com\/2019-05-20\/634344238497_273d3745f7ae1b176b82_72.jpg",
            "first_name": "Charly",
            "real_name": "Charly",
            "display_name": "Charly",
            "team": "TJH5YU202",
            "name": "carles9000",
            "is_restricted": false,
            "is_ultra_restricted": false
        }
    }
]