[
    {
        "client_msg_id": "64b79768-08b4-4e60-8150-51d7add42c15",
        "type": "message",
        "text": "<https:\/\/medium.com\/javarevisited\/70-years-of-hello-world-with-50-programming-languages-2400de893a97>",
        "user": "UJUJLTWMT",
        "ts": "1576056094.379600",
        "team": "TJH5YU202",
        "user_team": "TJH5YU202",
        "source_team": "TJH5YU202",
        "user_profile": {
            "avatar_hash": "a60e3b1ef2d2",
            "image_72": "https:\/\/avatars.slack-edge.com\/2019-08-20\/726246109489_a60e3b1ef2d2c141969d_72.jpg",
            "first_name": "",
            "real_name": "Cristobal",
            "display_name": "Cristobal",
            "team": "TJH5YU202",
            "name": "navarro.cristobal",
            "is_restricted": false,
            "is_ultra_restricted": false
        },
        "attachments": [
            {
                "service_name": "Medium",
                "title": "70 Years Of “Hello, World!” With 50 Programming Languages",
                "title_link": "https:\/\/medium.com\/javarevisited\/70-years-of-hello-world-with-50-programming-languages-2400de893a97",
                "text": "Time travel in the world of computer programming.",
                "fallback": "Medium: 70 Years Of “Hello, World!” With 50 Programming Languages",
                "image_url": "https:\/\/miro.medium.com\/max\/1200\/1*YMFKP8e6kR9cbM3IKXBtLw.png",
                "fields": [
                    {
                        "title": "Reading time",
                        "value": "11 min read",
                        "short": true
                    }
                ],
                "ts": 1573658067,
                "from_url": "https:\/\/medium.com\/javarevisited\/70-years-of-hello-world-with-50-programming-languages-2400de893a97",
                "image_width": 409,
                "image_height": 250,
                "image_bytes": 367738,
                "service_icon": "https:\/\/cdn-images-1.medium.com\/fit\/c\/152\/152\/1*8I-HPL0bfoIzGied-dzOvA.png",
                "id": 1,
                "original_url": "https:\/\/medium.com\/javarevisited\/70-years-of-hello-world-with-50-programming-languages-2400de893a97"
            }
        ],
        "blocks": [
            {
                "type": "rich_text",
                "block_id": "83Rk",
                "elements": [
                    {
                        "type": "rich_text_section",
                        "elements": [
                            {
                                "type": "link",
                                "url": "https:\/\/medium.com\/javarevisited\/70-years-of-hello-world-with-50-programming-languages-2400de893a97"
                            }
                        ]
                    }
                ]
            }
        ]
    },
    {
        "client_msg_id": "ee4be1fa-2fcd-41bc-a911-d8c3669cc30f",
        "type": "message",
        "text": "Entre 50 lenguajes. NO figura xbase como generico ni dbase ni clipper ni harbour ni variantes",
        "user": "UM81W8B0Q",
        "ts": "1576064292.381200",
        "team": "TJH5YU202",
        "user_team": "TJH5YU202",
        "source_team": "TJH5YU202",
        "user_profile": {
            "avatar_hash": "gab9279ee8c0",
            "image_72": "https:\/\/secure.gravatar.com\/avatar\/73ab9279ee8c00f66ce4904d30146c8f.jpg?s=72&d=https%3A%2F%2Fa.slack-edge.com%2Fdf10d%2Fimg%2Favatars%2Fava_0010-72.png",
            "first_name": "",
            "real_name": "Angel Pais",
            "display_name": "Angel Pais",
            "team": "TJH5YU202",
            "name": "amigosam",
            "is_restricted": false,
            "is_ultra_restricted": false
        },
        "blocks": [
            {
                "type": "rich_text",
                "block_id": "36Nl",
                "elements": [
                    {
                        "type": "rich_text_section",
                        "elements": [
                            {
                                "type": "text",
                                "text": "Entre 50 lenguajes. NO figura xbase como generico ni dbase ni clipper ni harbour ni variantes"
                            }
                        ]
                    }
                ]
            }
        ]
    },
    {
        "client_msg_id": "5576766b-88a5-4442-b743-24e47b8549e0",
        "type": "message",
        "text": "Y qué más da Angelito de mi corazón, nosotros  utilizamos el mejor lenguaje de programación y somos buena gente !!!",
        "user": "UJULAGJG5",
        "ts": "1576066909.384400",
        "team": "TJH5YU202",
        "user_team": "TJH5YU202",
        "source_team": "TJH5YU202",
        "user_profile": {
            "avatar_hash": "g456e0b2cdb9",
            "image_72": "https:\/\/secure.gravatar.com\/avatar\/dc456e0b2cdb991048d487a08c4a8c7a.jpg?s=72&d=https%3A%2F%2Fa.slack-edge.com%2Fdf10d%2Fimg%2Favatars%2Fava_0004-72.png",
            "first_name": "",
            "real_name": "Gabriel",
            "display_name": "Gabriel",
            "team": "TJH5YU202",
            "name": "jgabri",
            "is_restricted": false,
            "is_ultra_restricted": false
        }
    },
    {
        "client_msg_id": "af383a1a-8b3d-4367-b641-4584aa4edcae",
        "type": "message",
        "text": "Eso es humildad",
        "user": "UNAHBRTFA",
        "ts": "1576066977.384600",
        "team": "TJH5YU202",
        "user_team": "TJH5YU202",
        "source_team": "TJH5YU202",
        "user_profile": {
            "avatar_hash": "g3d2a3f4c28c",
            "image_72": "https:\/\/secure.gravatar.com\/avatar\/23d2a3f4c28cebb4cf07e48d02620517.jpg?s=72&d=https%3A%2F%2Fa.slack-edge.com%2Fdf10d%2Fimg%2Favatars%2Fava_0020-72.png",
            "first_name": "Andreu",
            "real_name": "Andreu Botella",
            "display_name": "Andreu Botella",
            "team": "TJH5YU202",
            "name": "andreu.132",
            "is_restricted": false,
            "is_ultra_restricted": false
        },
        "blocks": [
            {
                "type": "rich_text",
                "block_id": "8M1",
                "elements": [
                    {
                        "type": "rich_text_section",
                        "elements": [
                            {
                                "type": "text",
                                "text": "Eso es humildad"
                            }
                        ]
                    }
                ]
            }
        ]
    },
    {
        "client_msg_id": "da8b20d8-8f4b-4dfb-b629-d170581e66d2",
        "type": "message",
        "text": "Y ademas somos jóvenes y bonitos :P",
        "user": "UM81W8B0Q",
        "ts": "1576067652.385100",
        "team": "TJH5YU202",
        "user_team": "TJH5YU202",
        "source_team": "TJH5YU202",
        "user_profile": {
            "avatar_hash": "gab9279ee8c0",
            "image_72": "https:\/\/secure.gravatar.com\/avatar\/73ab9279ee8c00f66ce4904d30146c8f.jpg?s=72&d=https%3A%2F%2Fa.slack-edge.com%2Fdf10d%2Fimg%2Favatars%2Fava_0010-72.png",
            "first_name": "",
            "real_name": "Angel Pais",
            "display_name": "Angel Pais",
            "team": "TJH5YU202",
            "name": "amigosam",
            "is_restricted": false,
            "is_ultra_restricted": false
        },
        "blocks": [
            {
                "type": "rich_text",
                "block_id": "ni8D",
                "elements": [
                    {
                        "type": "rich_text_section",
                        "elements": [
                            {
                                "type": "text",
                                "text": "Y ademas somos jóvenes y bonitos :P"
                            }
                        ]
                    }
                ]
            }
        ]
    },
    {
        "client_msg_id": "01edd24e-8ef8-4f44-9ca5-e847378bbec0",
        "type": "message",
        "text": "Porquería de lista de lenguajes salvo Rust, C, C++ y Php, que son \"precisamente\" algunos de los que utilizan colegas del foro :joy:",
        "user": "UJULQCHL5",
        "ts": "1576067929.385600",
        "team": "TJH5YU202",
        "user_team": "TJH5YU202",
        "source_team": "TJH5YU202",
        "user_profile": {
            "avatar_hash": "g7659142325a",
            "image_72": "https:\/\/secure.gravatar.com\/avatar\/c87659142325a3facb661d85281ec091.jpg?s=72&d=https%3A%2F%2Fa.slack-edge.com%2Fdf10d%2Fimg%2Favatars%2Fava_0003-72.png",
            "first_name": "",
            "real_name": "Paquito",
            "display_name": "Paquito",
            "team": "TJH5YU202",
            "name": "hmpaquito",
            "is_restricted": false,
            "is_ultra_restricted": false
        },
        "blocks": [
            {
                "type": "rich_text",
                "block_id": "j=b0",
                "elements": [
                    {
                        "type": "rich_text_section",
                        "elements": [
                            {
                                "type": "text",
                                "text": "Porquería de lista de lenguajes salvo Rust, C, C++ y Php, que son \"precisamente\" algunos de los que utilizan colegas del foro "
                            },
                            {
                                "type": "emoji",
                                "name": "joy"
                            }
                        ]
                    }
                ]
            }
        ]
    },
    {
        "client_msg_id": "f454850b-d184-426d-9b48-920a93203457",
        "type": "message",
        "text": "A mí Python me gusta bastante, y Javascript, aunque tiene cosas horribles que tienen que seguir ahí porque hay código que las usa, cada vez mejora más",
        "user": "UNAHBRTFA",
        "ts": "1576068018.386600",
        "team": "TJH5YU202",
        "user_team": "TJH5YU202",
        "source_team": "TJH5YU202",
        "user_profile": {
            "avatar_hash": "g3d2a3f4c28c",
            "image_72": "https:\/\/secure.gravatar.com\/avatar\/23d2a3f4c28cebb4cf07e48d02620517.jpg?s=72&d=https%3A%2F%2Fa.slack-edge.com%2Fdf10d%2Fimg%2Favatars%2Fava_0020-72.png",
            "first_name": "Andreu",
            "real_name": "Andreu Botella",
            "display_name": "Andreu Botella",
            "team": "TJH5YU202",
            "name": "andreu.132",
            "is_restricted": false,
            "is_ultra_restricted": false
        },
        "blocks": [
            {
                "type": "rich_text",
                "block_id": "r5oCt",
                "elements": [
                    {
                        "type": "rich_text_section",
                        "elements": [
                            {
                                "type": "text",
                                "text": "A mí Python me gusta bastante, y Javascript, aunque tiene cosas horribles que tienen que seguir ahí porque hay código que las usa, cada vez mejora más"
                            }
                        ]
                    }
                ]
            }
        ]
    },
    {
        "client_msg_id": "28daaa0f-5b70-484a-9f58-4558bf37ac7a",
        "type": "message",
        "text": "... y Python y Javascript :joy:",
        "user": "UJULQCHL5",
        "ts": "1576068068.387600",
        "team": "TJH5YU202",
        "user_team": "TJH5YU202",
        "source_team": "TJH5YU202",
        "user_profile": {
            "avatar_hash": "g7659142325a",
            "image_72": "https:\/\/secure.gravatar.com\/avatar\/c87659142325a3facb661d85281ec091.jpg?s=72&d=https%3A%2F%2Fa.slack-edge.com%2Fdf10d%2Fimg%2Favatars%2Fava_0003-72.png",
            "first_name": "",
            "real_name": "Paquito",
            "display_name": "Paquito",
            "team": "TJH5YU202",
            "name": "hmpaquito",
            "is_restricted": false,
            "is_ultra_restricted": false
        },
        "blocks": [
            {
                "type": "rich_text",
                "block_id": "qIpj",
                "elements": [
                    {
                        "type": "rich_text_section",
                        "elements": [
                            {
                                "type": "text",
                                "text": "... y Python y Javascript "
                            },
                            {
                                "type": "emoji",
                                "name": "joy"
                            }
                        ]
                    }
                ]
            }
        ]
    },
    {
        "client_msg_id": "846a3834-d26f-4883-92f9-5d21f0f02615",
        "type": "message",
        "text": "Haskell tiene buena pinta, aunque la terminología de cálculo lambda repele bastante a usuarios nuevos, y si vienes de lenguajes muy imperativos te va a costar",
        "user": "UNAHBRTFA",
        "ts": "1576068109.388300",
        "team": "TJH5YU202",
        "user_team": "TJH5YU202",
        "source_team": "TJH5YU202",
        "user_profile": {
            "avatar_hash": "g3d2a3f4c28c",
            "image_72": "https:\/\/secure.gravatar.com\/avatar\/23d2a3f4c28cebb4cf07e48d02620517.jpg?s=72&d=https%3A%2F%2Fa.slack-edge.com%2Fdf10d%2Fimg%2Favatars%2Fava_0020-72.png",
            "first_name": "Andreu",
            "real_name": "Andreu Botella",
            "display_name": "Andreu Botella",
            "team": "TJH5YU202",
            "name": "andreu.132",
            "is_restricted": false,
            "is_ultra_restricted": false
        },
        "blocks": [
            {
                "type": "rich_text",
                "block_id": "OmU",
                "elements": [
                    {
                        "type": "rich_text_section",
                        "elements": [
                            {
                                "type": "text",
                                "text": "Haskell tiene buena pinta, aunque la terminología de cálculo lambda repele bastante a usuarios nuevos, y si vienes de lenguajes muy imperativos te va a costar"
                            }
                        ]
                    }
                ]
            }
        ]
    },
    {
        "client_msg_id": "79b4a2d3-78df-41ba-aac2-6e8b1ff28db1",
        "type": "message",
        "text": "Scala me gustó mucho cuando lo probé en su momento, pero la sintaxis se me empezó a hacer bola en poco tiempo",
        "user": "UNAHBRTFA",
        "ts": "1576068150.388900",
        "team": "TJH5YU202",
        "user_team": "TJH5YU202",
        "source_team": "TJH5YU202",
        "user_profile": {
            "avatar_hash": "g3d2a3f4c28c",
            "image_72": "https:\/\/secure.gravatar.com\/avatar\/23d2a3f4c28cebb4cf07e48d02620517.jpg?s=72&d=https%3A%2F%2Fa.slack-edge.com%2Fdf10d%2Fimg%2Favatars%2Fava_0020-72.png",
            "first_name": "Andreu",
            "real_name": "Andreu Botella",
            "display_name": "Andreu Botella",
            "team": "TJH5YU202",
            "name": "andreu.132",
            "is_restricted": false,
            "is_ultra_restricted": false
        },
        "blocks": [
            {
                "type": "rich_text",
                "block_id": "n47I",
                "elements": [
                    {
                        "type": "rich_text_section",
                        "elements": [
                            {
                                "type": "text",
                                "text": "Scala me gustó mucho cuando lo probé en su momento, pero la sintaxis se me empezó a hacer bola en poco tiempo"
                            }
                        ]
                    }
                ]
            }
        ]
    },
    {
        "client_msg_id": "2df97986-8b28-47e7-9cd6-5bfd21f94fa7",
        "type": "message",
        "text": "Mi preferido ahora mismo es desde luego Rust, por como mezcla los paradigmas funcional, imperativo, bajo nivel y alto nivel, con dosis de orientación a objetos pero sin pasarse",
        "user": "UNAHBRTFA",
        "ts": "1576068213.389800",
        "team": "TJH5YU202",
        "user_team": "TJH5YU202",
        "source_team": "TJH5YU202",
        "user_profile": {
            "avatar_hash": "g3d2a3f4c28c",
            "image_72": "https:\/\/secure.gravatar.com\/avatar\/23d2a3f4c28cebb4cf07e48d02620517.jpg?s=72&d=https%3A%2F%2Fa.slack-edge.com%2Fdf10d%2Fimg%2Favatars%2Fava_0020-72.png",
            "first_name": "Andreu",
            "real_name": "Andreu Botella",
            "display_name": "Andreu Botella",
            "team": "TJH5YU202",
            "name": "andreu.132",
            "is_restricted": false,
            "is_ultra_restricted": false
        },
        "blocks": [
            {
                "type": "rich_text",
                "block_id": "O6qJQ",
                "elements": [
                    {
                        "type": "rich_text_section",
                        "elements": [
                            {
                                "type": "text",
                                "text": "Mi preferido ahora mismo es desde luego Rust, por como mezcla los paradigmas funcional, imperativo, bajo nivel y alto nivel, con dosis de orientación a objetos pero sin pasarse"
                            }
                        ]
                    }
                ]
            }
        ]
    },
    {
        "client_msg_id": "419eec7f-5d21-4f80-b341-78603ffd0649",
        "type": "message",
        "text": "Tiene preprosesador ?",
        "user": "UM81W8B0Q",
        "ts": "1576068311.390100",
        "team": "TJH5YU202",
        "user_team": "TJH5YU202",
        "source_team": "TJH5YU202",
        "user_profile": {
            "avatar_hash": "gab9279ee8c0",
            "image_72": "https:\/\/secure.gravatar.com\/avatar\/73ab9279ee8c00f66ce4904d30146c8f.jpg?s=72&d=https%3A%2F%2Fa.slack-edge.com%2Fdf10d%2Fimg%2Favatars%2Fava_0010-72.png",
            "first_name": "",
            "real_name": "Angel Pais",
            "display_name": "Angel Pais",
            "team": "TJH5YU202",
            "name": "amigosam",
            "is_restricted": false,
            "is_ultra_restricted": false
        },
        "blocks": [
            {
                "type": "rich_text",
                "block_id": "WFE",
                "elements": [
                    {
                        "type": "rich_text_section",
                        "elements": [
                            {
                                "type": "text",
                                "text": "Tiene preprosesador ?"
                            }
                        ]
                    }
                ]
            }
        ]
    },
    {
        "client_msg_id": "df964d3e-e254-450b-9f0d-7af25c2e9719",
        "type": "message",
        "text": "Rust no tiene un preprocesador en el mismo sentido que C(++), pero tiene macros muy potentes",
        "user": "UNAHBRTFA",
        "ts": "1576068353.390700",
        "team": "TJH5YU202",
        "user_team": "TJH5YU202",
        "source_team": "TJH5YU202",
        "user_profile": {
            "avatar_hash": "g3d2a3f4c28c",
            "image_72": "https:\/\/secure.gravatar.com\/avatar\/23d2a3f4c28cebb4cf07e48d02620517.jpg?s=72&d=https%3A%2F%2Fa.slack-edge.com%2Fdf10d%2Fimg%2Favatars%2Fava_0020-72.png",
            "first_name": "Andreu",
            "real_name": "Andreu Botella",
            "display_name": "Andreu Botella",
            "team": "TJH5YU202",
            "name": "andreu.132",
            "is_restricted": false,
            "is_ultra_restricted": false
        },
        "blocks": [
            {
                "type": "rich_text",
                "block_id": "l0wl8",
                "elements": [
                    {
                        "type": "rich_text_section",
                        "elements": [
                            {
                                "type": "text",
                                "text": "Rust no tiene un preprocesador en el mismo sentido que C(++), pero tiene macros muy potentes"
                            }
                        ]
                    }
                ]
            }
        ]
    },
    {
        "client_msg_id": "71897f65-9d60-4ca3-a636-0258b9f3a299",
        "type": "message",
        "text": "declarativas, incluso",
        "user": "UNAHBRTFA",
        "ts": "1576068367.390900",
        "team": "TJH5YU202",
        "user_team": "TJH5YU202",
        "source_team": "TJH5YU202",
        "user_profile": {
            "avatar_hash": "g3d2a3f4c28c",
            "image_72": "https:\/\/secure.gravatar.com\/avatar\/23d2a3f4c28cebb4cf07e48d02620517.jpg?s=72&d=https%3A%2F%2Fa.slack-edge.com%2Fdf10d%2Fimg%2Favatars%2Fava_0020-72.png",
            "first_name": "Andreu",
            "real_name": "Andreu Botella",
            "display_name": "Andreu Botella",
            "team": "TJH5YU202",
            "name": "andreu.132",
            "is_restricted": false,
            "is_ultra_restricted": false
        },
        "blocks": [
            {
                "type": "rich_text",
                "block_id": "yUl6B",
                "elements": [
                    {
                        "type": "rich_text_section",
                        "elements": [
                            {
                                "type": "text",
                                "text": "declarativas, incluso"
                            }
                        ]
                    }
                ]
            }
        ]
    },
    {
        "client_msg_id": "c6122a33-77cc-40ad-94ed-dafe29d5576d",
        "type": "message",
        "text": "```#[derive(Clone, Debug, PartialEq, Eq, Ord)]\nstruct Version {\n   major: u32,\n   minor: u32,\n   patch: u32\n}```",
        "user": "UNAHBRTFA",
        "ts": "1576068414.391500",
        "team": "TJH5YU202",
        "user_team": "TJH5YU202",
        "source_team": "TJH5YU202",
        "user_profile": {
            "avatar_hash": "g3d2a3f4c28c",
            "image_72": "https:\/\/secure.gravatar.com\/avatar\/23d2a3f4c28cebb4cf07e48d02620517.jpg?s=72&d=https%3A%2F%2Fa.slack-edge.com%2Fdf10d%2Fimg%2Favatars%2Fava_0020-72.png",
            "first_name": "Andreu",
            "real_name": "Andreu Botella",
            "display_name": "Andreu Botella",
            "team": "TJH5YU202",
            "name": "andreu.132",
            "is_restricted": false,
            "is_ultra_restricted": false
        },
        "edited": {
            "user": "UNAHBRTFA",
            "ts": "1576068433.000000"
        },
        "blocks": [
            {
                "type": "rich_text",
                "block_id": "DEI",
                "elements": [
                    {
                        "type": "rich_text_preformatted",
                        "elements": [
                            {
                                "type": "text",
                                "text": "#[derive(Clone, Debug, PartialEq, Eq, Ord)]\nstruct Version {\n   major: u32,\n   minor: u32,\n   patch: u32\n}"
                            }
                        ]
                    }
                ]
            }
        ]
    },
    {
        "client_msg_id": "cc1762fa-bfc1-4b09-8f03-66fa9647173d",
        "type": "message",
        "text": "y el `#[derive(PartialEq, Eq, Ord)]` te implementa las comparaciones automáticamente",
        "user": "UNAHBRTFA",
        "ts": "1576068458.392100",
        "team": "TJH5YU202",
        "user_team": "TJH5YU202",
        "source_team": "TJH5YU202",
        "user_profile": {
            "avatar_hash": "g3d2a3f4c28c",
            "image_72": "https:\/\/secure.gravatar.com\/avatar\/23d2a3f4c28cebb4cf07e48d02620517.jpg?s=72&d=https%3A%2F%2Fa.slack-edge.com%2Fdf10d%2Fimg%2Favatars%2Fava_0020-72.png",
            "first_name": "Andreu",
            "real_name": "Andreu Botella",
            "display_name": "Andreu Botella",
            "team": "TJH5YU202",
            "name": "andreu.132",
            "is_restricted": false,
            "is_ultra_restricted": false
        },
        "blocks": [
            {
                "type": "rich_text",
                "block_id": "Qcg8M",
                "elements": [
                    {
                        "type": "rich_text_section",
                        "elements": [
                            {
                                "type": "text",
                                "text": "y el "
                            },
                            {
                                "type": "text",
                                "text": "#[derive(PartialEq, Eq, Ord)]",
                                "style": {
                                    "code": true
                                }
                            },
                            {
                                "type": "text",
                                "text": " te implementa las comparaciones automáticamente"
                            }
                        ]
                    }
                ]
            }
        ]
    },
    {
        "client_msg_id": "2bd6b695-5971-48ec-b393-f81c04b2a8e1",
        "type": "message",
        "text": "~(ahora mismo estoy dudando de si `Ord` se puede derivar...)~ sí se puede",
        "user": "UNAHBRTFA",
        "ts": "1576068479.392600",
        "team": "TJH5YU202",
        "user_team": "TJH5YU202",
        "source_team": "TJH5YU202",
        "user_profile": {
            "avatar_hash": "g3d2a3f4c28c",
            "image_72": "https:\/\/secure.gravatar.com\/avatar\/23d2a3f4c28cebb4cf07e48d02620517.jpg?s=72&d=https%3A%2F%2Fa.slack-edge.com%2Fdf10d%2Fimg%2Favatars%2Fava_0020-72.png",
            "first_name": "Andreu",
            "real_name": "Andreu Botella",
            "display_name": "Andreu Botella",
            "team": "TJH5YU202",
            "name": "andreu.132",
            "is_restricted": false,
            "is_ultra_restricted": false
        },
        "edited": {
            "user": "UNAHBRTFA",
            "ts": "1576068527.000000"
        },
        "blocks": [
            {
                "type": "rich_text",
                "block_id": "kye72",
                "elements": [
                    {
                        "type": "rich_text_section",
                        "elements": [
                            {
                                "type": "text",
                                "text": "(ahora mismo estoy dudando de si ",
                                "style": {
                                    "strike": true
                                }
                            },
                            {
                                "type": "text",
                                "text": "Ord",
                                "style": {
                                    "strike": true,
                                    "code": true
                                }
                            },
                            {
                                "type": "text",
                                "text": " se puede derivar...)",
                                "style": {
                                    "strike": true
                                }
                            },
                            {
                                "type": "text",
                                "text": " sí se puede"
                            }
                        ]
                    }
                ]
            }
        ]
    },
    {
        "client_msg_id": "cb059f70-9f8a-4198-bf4f-1256f3be0ff9",
        "type": "message",
        "text": "With php I use the components from DayPilot. Now I integrate these to Genesis.",
        "user": "UJHD6A81H",
        "ts": "1576085573.393700",
        "team": "TJH5YU202",
        "user_team": "TJH5YU202",
        "source_team": "TJH5YU202",
        "user_profile": {
            "avatar_hash": "g6b8073e00e9",
            "image_72": "https:\/\/secure.gravatar.com\/avatar\/b96b8073e00e9eb02bcf05bc1418eb3a.jpg?s=72&d=https%3A%2F%2Fa.slack-edge.com%2Fdf10d%2Fimg%2Favatars%2Fava_0021-72.png",
            "first_name": "Otto",
            "real_name": "Otto Atzwanger",
            "display_name": "Otto",
            "team": "TJH5YU202",
            "name": "otto",
            "is_restricted": false,
            "is_ultra_restricted": false
        },
        "blocks": [
            {
                "type": "rich_text",
                "block_id": "YWvj",
                "elements": [
                    {
                        "type": "rich_text_section",
                        "elements": [
                            {
                                "type": "text",
                                "text": "With php I use the components from DayPilot. Now I integrate these to Genesis."
                            }
                        ]
                    }
                ]
            }
        ]
    },
    {
        "type": "message",
        "text": "",
        "files": [
            {
                "id": "FRMCBTRJB",
                "created": 1576086009,
                "timestamp": 1576086009,
                "name": "Clip2.jpg",
                "title": "Clip2.jpg",
                "mimetype": "image\/jpeg",
                "filetype": "jpg",
                "pretty_type": "JPEG",
                "user": "UJHD6A81H",
                "editable": false,
                "size": 145992,
                "mode": "hosted",
                "is_external": false,
                "external_type": "",
                "is_public": true,
                "public_url_shared": false,
                "display_as_bot": false,
                "username": "",
                "url_private": "https:\/\/files.slack.com\/files-pri\/TJH5YU202-FRMCBTRJB\/clip2.jpg?t=xoxe-629202954002-950795328464-950341379620-2ca7f74bb6537751ea5666f8f5e8896e",
                "url_private_download": "https:\/\/files.slack.com\/files-pri\/TJH5YU202-FRMCBTRJB\/download\/clip2.jpg?t=xoxe-629202954002-950795328464-950341379620-2ca7f74bb6537751ea5666f8f5e8896e",
                "thumb_64": "https:\/\/files.slack.com\/files-tmb\/TJH5YU202-FRMCBTRJB-d1a7ec9b2c\/clip2_64.jpg?t=xoxe-629202954002-950795328464-950341379620-2ca7f74bb6537751ea5666f8f5e8896e",
                "thumb_80": "https:\/\/files.slack.com\/files-tmb\/TJH5YU202-FRMCBTRJB-d1a7ec9b2c\/clip2_80.jpg?t=xoxe-629202954002-950795328464-950341379620-2ca7f74bb6537751ea5666f8f5e8896e",
                "thumb_360": "https:\/\/files.slack.com\/files-tmb\/TJH5YU202-FRMCBTRJB-d1a7ec9b2c\/clip2_360.jpg?t=xoxe-629202954002-950795328464-950341379620-2ca7f74bb6537751ea5666f8f5e8896e",
                "thumb_360_w": 360,
                "thumb_360_h": 241,
                "thumb_480": "https:\/\/files.slack.com\/files-tmb\/TJH5YU202-FRMCBTRJB-d1a7ec9b2c\/clip2_480.jpg?t=xoxe-629202954002-950795328464-950341379620-2ca7f74bb6537751ea5666f8f5e8896e",
                "thumb_480_w": 480,
                "thumb_480_h": 321,
                "thumb_160": "https:\/\/files.slack.com\/files-tmb\/TJH5YU202-FRMCBTRJB-d1a7ec9b2c\/clip2_160.jpg?t=xoxe-629202954002-950795328464-950341379620-2ca7f74bb6537751ea5666f8f5e8896e",
                "thumb_720": "https:\/\/files.slack.com\/files-tmb\/TJH5YU202-FRMCBTRJB-d1a7ec9b2c\/clip2_720.jpg?t=xoxe-629202954002-950795328464-950341379620-2ca7f74bb6537751ea5666f8f5e8896e",
                "thumb_720_w": 720,
                "thumb_720_h": 482,
                "thumb_800": "https:\/\/files.slack.com\/files-tmb\/TJH5YU202-FRMCBTRJB-d1a7ec9b2c\/clip2_800.jpg?t=xoxe-629202954002-950795328464-950341379620-2ca7f74bb6537751ea5666f8f5e8896e",
                "thumb_800_w": 800,
                "thumb_800_h": 536,
                "thumb_960": "https:\/\/files.slack.com\/files-tmb\/TJH5YU202-FRMCBTRJB-d1a7ec9b2c\/clip2_960.jpg?t=xoxe-629202954002-950795328464-950341379620-2ca7f74bb6537751ea5666f8f5e8896e",
                "thumb_960_w": 960,
                "thumb_960_h": 643,
                "thumb_1024": "https:\/\/files.slack.com\/files-tmb\/TJH5YU202-FRMCBTRJB-d1a7ec9b2c\/clip2_1024.jpg?t=xoxe-629202954002-950795328464-950341379620-2ca7f74bb6537751ea5666f8f5e8896e",
                "thumb_1024_w": 1024,
                "thumb_1024_h": 686,
                "image_exif_rotation": 1,
                "original_w": 1322,
                "original_h": 885,
                "thumb_tiny": "AwAgADCEzXP\/AD0erFss0yEtPIpBx0qkWb1NaGmkmJsnPzf0quZiH\/Z5P+fqX8qX7PL\/AM\/Uv5VZpaV2Mq\/Z5f8An6l\/Kj7PIOftMh\/CrVIehouwME1o6Z\/qW\/3v6VQMUn9xvyrQ05SkLbgQd3f6UhFylpuaN1AxTQc4NJuoLcdqAP\/Z",
                "permalink": "https:\/\/harbourproject.slack.com\/files\/UJHD6A81H\/FRMCBTRJB\/clip2.jpg",
                "permalink_public": "https:\/\/slack-files.com\/TJH5YU202-FRMCBTRJB-5327d1d222",
                "is_starred": false,
                "has_rich_preview": false
            }
        ],
        "upload": true,
        "user": "UJHD6A81H",
        "display_as_bot": false,
        "ts": "1576086013.393800",
        "client_msg_id": "f2c15668-5d2d-4ba1-9429-c97a5224ec01",
        "reactions": [
            {
                "name": "clap",
                "users": [
                    "UM81W8B0Q",
                    "UJUJLTWMT",
                    "UK28N3CER",
                    "UJRQZMTAM"
                ],
                "count": 4
            }
        ]
    },
    {
        "client_msg_id": "b27f9c12-e7f0-4769-9b2a-ec59d1fdec46",
        "type": "message",
        "text": "GENESIS",
        "user": "UJHD6A81H",
        "ts": "1576105298.394600",
        "team": "TJH5YU202",
        "user_team": "TJH5YU202",
        "source_team": "TJH5YU202",
        "user_profile": {
            "avatar_hash": "g6b8073e00e9",
            "image_72": "https:\/\/secure.gravatar.com\/avatar\/b96b8073e00e9eb02bcf05bc1418eb3a.jpg?s=72&d=https%3A%2F%2Fa.slack-edge.com%2Fdf10d%2Fimg%2Favatars%2Fava_0021-72.png",
            "first_name": "Otto",
            "real_name": "Otto Atzwanger",
            "display_name": "Otto",
            "team": "TJH5YU202",
            "name": "otto",
            "is_restricted": false,
            "is_ultra_restricted": false
        },
        "blocks": [
            {
                "type": "rich_text",
                "block_id": "2U+x",
                "elements": [
                    {
                        "type": "rich_text_section",
                        "elements": [
                            {
                                "type": "text",
                                "text": "GENESIS"
                            }
                        ]
                    }
                ]
            }
        ]
    },
    {
        "client_msg_id": "d3192771-c101-46b6-87ec-94a90dc6bdde",
        "type": "message",
        "text": "If you insert different additional components, then it probably needs different \"default.view\" s. Otherwise you load too many js and css files, even those that the view you called does not need.\nHow are we supposed to solve that?",
        "user": "UJHD6A81H",
        "ts": "1576105340.395200",
        "team": "TJH5YU202",
        "user_team": "TJH5YU202",
        "source_team": "TJH5YU202",
        "user_profile": {
            "avatar_hash": "g6b8073e00e9",
            "image_72": "https:\/\/secure.gravatar.com\/avatar\/b96b8073e00e9eb02bcf05bc1418eb3a.jpg?s=72&d=https%3A%2F%2Fa.slack-edge.com%2Fdf10d%2Fimg%2Favatars%2Fava_0021-72.png",
            "first_name": "Otto",
            "real_name": "Otto Atzwanger",
            "display_name": "Otto",
            "team": "TJH5YU202",
            "name": "otto",
            "is_restricted": false,
            "is_ultra_restricted": false
        },
        "blocks": [
            {
                "type": "rich_text",
                "block_id": "K1ro=",
                "elements": [
                    {
                        "type": "rich_text_section",
                        "elements": [
                            {
                                "type": "text",
                                "text": "If you insert different additional components, then it probably needs different \"default.view\" s. Otherwise you load too many js and css files, even those that the view you called does not need.\nHow are we supposed to solve that?"
                            }
                        ]
                    }
                ]
            }
        ]
    },
    {
        "client_msg_id": "aba2d6c3-54f1-4794-86ba-80401fbf7f0e",
        "type": "message",
        "text": "I mean we need different head.views.",
        "user": "UJHD6A81H",
        "ts": "1576105384.395900",
        "team": "TJH5YU202",
        "user_team": "TJH5YU202",
        "source_team": "TJH5YU202",
        "user_profile": {
            "avatar_hash": "g6b8073e00e9",
            "image_72": "https:\/\/secure.gravatar.com\/avatar\/b96b8073e00e9eb02bcf05bc1418eb3a.jpg?s=72&d=https%3A%2F%2Fa.slack-edge.com%2Fdf10d%2Fimg%2Favatars%2Fava_0021-72.png",
            "first_name": "Otto",
            "real_name": "Otto Atzwanger",
            "display_name": "Otto",
            "team": "TJH5YU202",
            "name": "otto",
            "is_restricted": false,
            "is_ultra_restricted": false
        },
        "blocks": [
            {
                "type": "rich_text",
                "block_id": "rXDeN",
                "elements": [
                    {
                        "type": "rich_text_section",
                        "elements": [
                            {
                                "type": "text",
                                "text": "I mean we need different head.views."
                            }
                        ]
                    }
                ]
            }
        ]
    },
    {
        "client_msg_id": "8546de92-3f6f-4e8f-ad12-f30c974f651f",
        "type": "message",
        "text": "Can't you do conditional loading?",
        "user": "UNAHBRTFA",
        "ts": "1576105450.396300",
        "team": "TJH5YU202",
        "user_team": "TJH5YU202",
        "source_team": "TJH5YU202",
        "user_profile": {
            "avatar_hash": "g3d2a3f4c28c",
            "image_72": "https:\/\/secure.gravatar.com\/avatar\/23d2a3f4c28cebb4cf07e48d02620517.jpg?s=72&d=https%3A%2F%2Fa.slack-edge.com%2Fdf10d%2Fimg%2Favatars%2Fava_0020-72.png",
            "first_name": "Andreu",
            "real_name": "Andreu Botella",
            "display_name": "Andreu Botella",
            "team": "TJH5YU202",
            "name": "andreu.132",
            "is_restricted": false,
            "is_ultra_restricted": false
        },
        "blocks": [
            {
                "type": "rich_text",
                "block_id": "=I7M",
                "elements": [
                    {
                        "type": "rich_text_section",
                        "elements": [
                            {
                                "type": "text",
                                "text": "Can't you do conditional loading?"
                            }
                        ]
                    }
                ]
            }
        ]
    },
    {
        "client_msg_id": "1f49d97b-1175-4035-b00a-041255c09639",
        "type": "message",
        "text": "```&lt;link href=\"base.css\"&gt;\n&lt;link href=\"{{If(page == \"main\", \"main.css\", \"other.css\")}}\"&gt;```",
        "user": "UNAHBRTFA",
        "ts": "1576105497.397400",
        "team": "TJH5YU202",
        "user_team": "TJH5YU202",
        "source_team": "TJH5YU202",
        "user_profile": {
            "avatar_hash": "g3d2a3f4c28c",
            "image_72": "https:\/\/secure.gravatar.com\/avatar\/23d2a3f4c28cebb4cf07e48d02620517.jpg?s=72&d=https%3A%2F%2Fa.slack-edge.com%2Fdf10d%2Fimg%2Favatars%2Fava_0020-72.png",
            "first_name": "Andreu",
            "real_name": "Andreu Botella",
            "display_name": "Andreu Botella",
            "team": "TJH5YU202",
            "name": "andreu.132",
            "is_restricted": false,
            "is_ultra_restricted": false
        },
        "blocks": [
            {
                "type": "rich_text",
                "block_id": "wh8g2",
                "elements": [
                    {
                        "type": "rich_text_preformatted",
                        "elements": [
                            {
                                "type": "text",
                                "text": "<link href=\"base.css\">\n<link href=\"{{If(page == \"main\", \"main.css\", \"other.css\")}}\">"
                            }
                        ]
                    }
                ]
            }
        ]
    },
    {
        "client_msg_id": "d94cc9d9-0d35-4ca6-a05f-742f84797ba6",
        "type": "message",
        "text": "something like that",
        "user": "UNAHBRTFA",
        "ts": "1576105502.397600",
        "team": "TJH5YU202",
        "user_team": "TJH5YU202",
        "source_team": "TJH5YU202",
        "user_profile": {
            "avatar_hash": "g3d2a3f4c28c",
            "image_72": "https:\/\/secure.gravatar.com\/avatar\/23d2a3f4c28cebb4cf07e48d02620517.jpg?s=72&d=https%3A%2F%2Fa.slack-edge.com%2Fdf10d%2Fimg%2Favatars%2Fava_0020-72.png",
            "first_name": "Andreu",
            "real_name": "Andreu Botella",
            "display_name": "Andreu Botella",
            "team": "TJH5YU202",
            "name": "andreu.132",
            "is_restricted": false,
            "is_ultra_restricted": false
        },
        "blocks": [
            {
                "type": "rich_text",
                "block_id": "wnk",
                "elements": [
                    {
                        "type": "rich_text_section",
                        "elements": [
                            {
                                "type": "text",
                                "text": "something like that"
                            }
                        ]
                    }
                ]
            }
        ]
    },
    {
        "client_msg_id": "6cb0f094-9575-4caa-82cc-7ce9f8ea7e55",
        "type": "message",
        "text": "good morning",
        "user": "UJHD6A81H",
        "ts": "1576130666.397800",
        "team": "TJH5YU202",
        "user_team": "TJH5YU202",
        "source_team": "TJH5YU202",
        "user_profile": {
            "avatar_hash": "g6b8073e00e9",
            "image_72": "https:\/\/secure.gravatar.com\/avatar\/b96b8073e00e9eb02bcf05bc1418eb3a.jpg?s=72&d=https%3A%2F%2Fa.slack-edge.com%2Fdf10d%2Fimg%2Favatars%2Fava_0021-72.png",
            "first_name": "Otto",
            "real_name": "Otto Atzwanger",
            "display_name": "Otto",
            "team": "TJH5YU202",
            "name": "otto",
            "is_restricted": false,
            "is_ultra_restricted": false
        },
        "blocks": [
            {
                "type": "rich_text",
                "block_id": "50z",
                "elements": [
                    {
                        "type": "rich_text_section",
                        "elements": [
                            {
                                "type": "text",
                                "text": "good morning"
                            }
                        ]
                    }
                ]
            }
        ]
    },
    {
        "client_msg_id": "41117030-2007-495b-9d27-4d092f9208d3",
        "type": "message",
        "text": "Andreu, thank you. I didn't know about conditional loading possibility.",
        "user": "UJHD6A81H",
        "ts": "1576130712.398700",
        "team": "TJH5YU202",
        "user_team": "TJH5YU202",
        "source_team": "TJH5YU202",
        "user_profile": {
            "avatar_hash": "g6b8073e00e9",
            "image_72": "https:\/\/secure.gravatar.com\/avatar\/b96b8073e00e9eb02bcf05bc1418eb3a.jpg?s=72&d=https%3A%2F%2Fa.slack-edge.com%2Fdf10d%2Fimg%2Favatars%2Fava_0021-72.png",
            "first_name": "Otto",
            "real_name": "Otto Atzwanger",
            "display_name": "Otto",
            "team": "TJH5YU202",
            "name": "otto",
            "is_restricted": false,
            "is_ultra_restricted": false
        },
        "blocks": [
            {
                "type": "rich_text",
                "block_id": "BX=\/",
                "elements": [
                    {
                        "type": "rich_text_section",
                        "elements": [
                            {
                                "type": "text",
                                "text": "Andreu, thank you. I didn't know about conditional loading possibility."
                            }
                        ]
                    }
                ]
            }
        ]
    }
]