[
    {
        "client_msg_id": "3fd3f287-e89f-4840-923a-3b30d8d44f42",
        "type": "message",
        "text": "Salve. ¿ Habrá big curso hoy ? Es por ir haciendo acopio de palomitas.",
        "user": "UJULQCHL5",
        "ts": "1574410140.022600",
        "team": "TJH5YU202",
        "user_team": "TJH5YU202",
        "source_team": "TJH5YU202",
        "user_profile": {
            "avatar_hash": "g7659142325a",
            "image_72": "https:\/\/secure.gravatar.com\/avatar\/c87659142325a3facb661d85281ec091.jpg?s=72&d=https%3A%2F%2Fa.slack-edge.com%2Fdf10d%2Fimg%2Favatars%2Fava_0003-72.png",
            "first_name": "",
            "real_name": "Paquito",
            "display_name": "Paquito",
            "team": "TJH5YU202",
            "name": "hmpaquito",
            "is_restricted": false,
            "is_ultra_restricted": false
        },
        "blocks": [
            {
                "type": "rich_text",
                "block_id": "iGdp",
                "elements": [
                    {
                        "type": "rich_text_section",
                        "elements": [
                            {
                                "type": "text",
                                "text": "Salve. ¿ Habrá big curso hoy ? Es por ir haciendo acopio de palomitas."
                            }
                        ]
                    }
                ]
            }
        ]
    },
    {
        "client_msg_id": "29b0e15f-5474-4d9c-a5fc-6ee4f1aef5a9",
        "type": "message",
        "text": "Yo hoy no se si podre, pero confio q Marcelo la grave",
        "user": "UJWR5N32S",
        "ts": "1574412468.023900",
        "team": "TJH5YU202",
        "user_team": "TJH5YU202",
        "source_team": "TJH5YU202",
        "user_profile": {
            "avatar_hash": "273d3745f7ae",
            "image_72": "https:\/\/avatars.slack-edge.com\/2019-05-20\/634344238497_273d3745f7ae1b176b82_72.jpg",
            "first_name": "Charly",
            "real_name": "Charly",
            "display_name": "Charly",
            "team": "TJH5YU202",
            "name": "carles9000",
            "is_restricted": false,
            "is_ultra_restricted": false
        },
        "blocks": [
            {
                "type": "rich_text",
                "block_id": "Jwy",
                "elements": [
                    {
                        "type": "rich_text_section",
                        "elements": [
                            {
                                "type": "text",
                                "text": "Yo hoy no se si podre, pero confio q Marcelo la grave"
                            }
                        ]
                    }
                ]
            }
        ]
    },
    {
        "client_msg_id": "51a719fa-4c89-4375-833f-94c2d53b0d66",
        "type": "message",
        "text": "Grabe!",
        "user": "UJWR5N32S",
        "ts": "1574413015.024200",
        "team": "TJH5YU202",
        "user_team": "TJH5YU202",
        "source_team": "TJH5YU202",
        "user_profile": {
            "avatar_hash": "273d3745f7ae",
            "image_72": "https:\/\/avatars.slack-edge.com\/2019-05-20\/634344238497_273d3745f7ae1b176b82_72.jpg",
            "first_name": "Charly",
            "real_name": "Charly",
            "display_name": "Charly",
            "team": "TJH5YU202",
            "name": "carles9000",
            "is_restricted": false,
            "is_ultra_restricted": false
        },
        "blocks": [
            {
                "type": "rich_text",
                "block_id": "uhul\/",
                "elements": [
                    {
                        "type": "rich_text_section",
                        "elements": [
                            {
                                "type": "text",
                                "text": "Grabe!"
                            }
                        ]
                    }
                ]
            }
        ]
    },
    {
        "client_msg_id": "03da8356-2ed7-4fc0-adaa-648b81546727",
        "type": "message",
        "text": "Buenos dias",
        "user": "UJRQZMTAM",
        "ts": "1574419056.024500",
        "team": "TJH5YU202",
        "user_team": "TJH5YU202",
        "source_team": "TJH5YU202",
        "user_profile": {
            "avatar_hash": "0d8c567df084",
            "image_72": "https:\/\/avatars.slack-edge.com\/2019-11-22\/834908722243_0d8c567df084bf59d639_72.png",
            "first_name": "Diego",
            "real_name": "Diego F",
            "display_name": "Diego F",
            "team": "TJH5YU202",
            "name": "diegohfazio",
            "is_restricted": false,
            "is_ultra_restricted": false
        },
        "blocks": [
            {
                "type": "rich_text",
                "block_id": "H8iqO",
                "elements": [
                    {
                        "type": "rich_text_section",
                        "elements": [
                            {
                                "type": "text",
                                "text": "Buenos dias"
                            }
                        ]
                    }
                ]
            }
        ]
    },
    {
        "client_msg_id": "7af0c8b0-9d41-4047-88dc-53e7549a5e4c",
        "type": "message",
        "text": "Buenos dias",
        "user": "UJXP7LS78",
        "ts": "1574419756.024700",
        "team": "TJH5YU202",
        "user_team": "TJH5YU202",
        "source_team": "TJH5YU202",
        "user_profile": {
            "avatar_hash": "gc4a0baebb72",
            "image_72": "https:\/\/secure.gravatar.com\/avatar\/a1c4a0baebb720b97e5a197259dbf409.jpg?s=72&d=https%3A%2F%2Fa.slack-edge.com%2Fdf10d%2Fimg%2Favatars%2Fava_0007-72.png",
            "first_name": "",
            "real_name": "wilson gamboa",
            "display_name": "wilson gamboa",
            "team": "TJH5YU202",
            "name": "wilson.josenet",
            "is_restricted": false,
            "is_ultra_restricted": false
        },
        "blocks": [
            {
                "type": "rich_text",
                "block_id": "use8",
                "elements": [
                    {
                        "type": "rich_text_section",
                        "elements": [
                            {
                                "type": "text",
                                "text": "Buenos dias"
                            }
                        ]
                    }
                ]
            }
        ]
    },
    {
        "client_msg_id": "fbeff814-206e-4df7-ae99-adbf5a378405",
        "type": "message",
        "text": "Antonio te envie un mail lo recibiste ?",
        "user": "UJXP7LS78",
        "ts": "1574419773.025100",
        "team": "TJH5YU202",
        "user_team": "TJH5YU202",
        "source_team": "TJH5YU202",
        "user_profile": {
            "avatar_hash": "gc4a0baebb72",
            "image_72": "https:\/\/secure.gravatar.com\/avatar\/a1c4a0baebb720b97e5a197259dbf409.jpg?s=72&d=https%3A%2F%2Fa.slack-edge.com%2Fdf10d%2Fimg%2Favatars%2Fava_0007-72.png",
            "first_name": "",
            "real_name": "wilson gamboa",
            "display_name": "wilson gamboa",
            "team": "TJH5YU202",
            "name": "wilson.josenet",
            "is_restricted": false,
            "is_ultra_restricted": false
        },
        "blocks": [
            {
                "type": "rich_text",
                "block_id": "2l\/",
                "elements": [
                    {
                        "type": "rich_text_section",
                        "elements": [
                            {
                                "type": "text",
                                "text": "Antonio te envie un mail lo recibiste ?"
                            }
                        ]
                    }
                ]
            }
        ]
    },
    {
        "client_msg_id": "2f8bea49-1086-4129-8130-75ed0cc74558",
        "type": "message",
        "text": "saludos a todos",
        "user": "UJXP7LS78",
        "ts": "1574419781.025300",
        "team": "TJH5YU202",
        "user_team": "TJH5YU202",
        "source_team": "TJH5YU202",
        "user_profile": {
            "avatar_hash": "gc4a0baebb72",
            "image_72": "https:\/\/secure.gravatar.com\/avatar\/a1c4a0baebb720b97e5a197259dbf409.jpg?s=72&d=https%3A%2F%2Fa.slack-edge.com%2Fdf10d%2Fimg%2Favatars%2Fava_0007-72.png",
            "first_name": "",
            "real_name": "wilson gamboa",
            "display_name": "wilson gamboa",
            "team": "TJH5YU202",
            "name": "wilson.josenet",
            "is_restricted": false,
            "is_ultra_restricted": false
        },
        "blocks": [
            {
                "type": "rich_text",
                "block_id": "CNo0",
                "elements": [
                    {
                        "type": "rich_text_section",
                        "elements": [
                            {
                                "type": "text",
                                "text": "saludos a todos"
                            }
                        ]
                    }
                ]
            }
        ]
    },
    {
        "client_msg_id": "ff54b2e0-867c-4cf9-b7a1-91fa05db0a4c",
        "type": "message",
        "text": "Hola Wilson, si, y te respondi. Salvo que te refieras a otro",
        "user": "UJN8D8U3B",
        "ts": "1574427352.025800",
        "team": "TJH5YU202",
        "user_team": "TJH5YU202",
        "source_team": "TJH5YU202",
        "user_profile": {
            "avatar_hash": "g92ad2abcc45",
            "image_72": "https:\/\/secure.gravatar.com\/avatar\/8492ad2abcc45ce53969adcf8420acde.jpg?s=72&d=https%3A%2F%2Fa.slack-edge.com%2Fdf10d%2Fimg%2Favatars%2Fava_0008-72.png",
            "first_name": "",
            "real_name": "Antonio Linares",
            "display_name": "Antonio Linares",
            "team": "TJH5YU202",
            "name": "alinares",
            "is_restricted": false,
            "is_ultra_restricted": false
        },
        "blocks": [
            {
                "type": "rich_text",
                "block_id": "XwL",
                "elements": [
                    {
                        "type": "rich_text_section",
                        "elements": [
                            {
                                "type": "text",
                                "text": "Hola Wilson, si, y te respondi. Salvo que te refieras a otro"
                            }
                        ]
                    }
                ]
            }
        ]
    },
    {
        "client_msg_id": "e8bfc8dc-4f94-46fd-84f4-1f6c59a92fda",
        "type": "message",
        "text": "no ayer te envie otro",
        "user": "UJXP7LS78",
        "ts": "1574431073.026000",
        "team": "TJH5YU202",
        "user_team": "TJH5YU202",
        "source_team": "TJH5YU202",
        "user_profile": {
            "avatar_hash": "gc4a0baebb72",
            "image_72": "https:\/\/secure.gravatar.com\/avatar\/a1c4a0baebb720b97e5a197259dbf409.jpg?s=72&d=https%3A%2F%2Fa.slack-edge.com%2Fdf10d%2Fimg%2Favatars%2Fava_0007-72.png",
            "first_name": "",
            "real_name": "wilson gamboa",
            "display_name": "wilson gamboa",
            "team": "TJH5YU202",
            "name": "wilson.josenet",
            "is_restricted": false,
            "is_ultra_restricted": false
        },
        "blocks": [
            {
                "type": "rich_text",
                "block_id": "ndq+",
                "elements": [
                    {
                        "type": "rich_text_section",
                        "elements": [
                            {
                                "type": "text",
                                "text": "no ayer te envie otro"
                            }
                        ]
                    }
                ]
            }
        ]
    },
    {
        "client_msg_id": "142987a3-bb1e-4f50-83dc-49a4a0aa0d24",
        "type": "message",
        "text": "favor si lo revisas",
        "user": "UJXP7LS78",
        "ts": "1574431082.026300",
        "team": "TJH5YU202",
        "user_team": "TJH5YU202",
        "source_team": "TJH5YU202",
        "user_profile": {
            "avatar_hash": "gc4a0baebb72",
            "image_72": "https:\/\/secure.gravatar.com\/avatar\/a1c4a0baebb720b97e5a197259dbf409.jpg?s=72&d=https%3A%2F%2Fa.slack-edge.com%2Fdf10d%2Fimg%2Favatars%2Fava_0007-72.png",
            "first_name": "",
            "real_name": "wilson gamboa",
            "display_name": "wilson gamboa",
            "team": "TJH5YU202",
            "name": "wilson.josenet",
            "is_restricted": false,
            "is_ultra_restricted": false
        },
        "blocks": [
            {
                "type": "rich_text",
                "block_id": "8PZt",
                "elements": [
                    {
                        "type": "rich_text_section",
                        "elements": [
                            {
                                "type": "text",
                                "text": "favor si lo revisas"
                            }
                        ]
                    }
                ]
            }
        ]
    },
    {
        "client_msg_id": "06918a4a-7446-4b8e-b58f-ab8cf7b36f54",
        "type": "message",
        "text": "muchas gracias",
        "user": "UJXP7LS78",
        "ts": "1574431110.026500",
        "team": "TJH5YU202",
        "user_team": "TJH5YU202",
        "source_team": "TJH5YU202",
        "user_profile": {
            "avatar_hash": "gc4a0baebb72",
            "image_72": "https:\/\/secure.gravatar.com\/avatar\/a1c4a0baebb720b97e5a197259dbf409.jpg?s=72&d=https%3A%2F%2Fa.slack-edge.com%2Fdf10d%2Fimg%2Favatars%2Fava_0007-72.png",
            "first_name": "",
            "real_name": "wilson gamboa",
            "display_name": "wilson gamboa",
            "team": "TJH5YU202",
            "name": "wilson.josenet",
            "is_restricted": false,
            "is_ultra_restricted": false
        },
        "blocks": [
            {
                "type": "rich_text",
                "block_id": "Ws1I",
                "elements": [
                    {
                        "type": "rich_text_section",
                        "elements": [
                            {
                                "type": "text",
                                "text": "muchas gracias"
                            }
                        ]
                    }
                ]
            }
        ]
    },
    {
        "client_msg_id": "bae0fd2f-d4bc-4cf9-a16e-916af28a3bc5",
        "type": "message",
        "text": "Yo hoy tampoco voy a poder estar hoy en la charla pero si Marcelo lo graba lo veré mañana",
        "user": "UMZ3LNV5Z",
        "ts": "1574434742.027300",
        "team": "TJH5YU202",
        "user_team": "TJH5YU202",
        "source_team": "TJH5YU202",
        "user_profile": {
            "avatar_hash": "ec1f7fc24912",
            "image_72": "https:\/\/avatars.slack-edge.com\/2019-09-16\/760961231605_ec1f7fc24912daa47f98_72.jpg",
            "first_name": "Pablo",
            "real_name": "Pablo Botella",
            "display_name": "Pablo Botella",
            "team": "TJH5YU202",
            "name": "pb",
            "is_restricted": false,
            "is_ultra_restricted": false
        },
        "edited": {
            "user": "UMZ3LNV5Z",
            "ts": "1574434768.000000"
        },
        "blocks": [
            {
                "type": "rich_text",
                "block_id": "6a+OH",
                "elements": [
                    {
                        "type": "rich_text_section",
                        "elements": [
                            {
                                "type": "text",
                                "text": "Yo hoy tampoco voy a poder estar hoy en la charla pero si Marcelo lo graba lo veré mañana"
                            }
                        ]
                    }
                ]
            }
        ]
    },
    {
        "client_msg_id": "1e6ffa94-7c08-4e30-a0b0-91eb983c722e",
        "type": "message",
        "text": "Hola buen dia, hay reunion hoy?",
        "user": "UJUFNFMFE",
        "ts": "1574438610.027800",
        "team": "TJH5YU202",
        "user_team": "TJH5YU202",
        "source_team": "TJH5YU202",
        "user_profile": {
            "avatar_hash": "aa4e40c137f0",
            "image_72": "https:\/\/avatars.slack-edge.com\/2019-05-21\/630419446595_aa4e40c137f03c23b9cd_72.jpg",
            "first_name": "Marcelo",
            "real_name": "Marcelo Roggeri",
            "display_name": "Marcelo Roggeri",
            "team": "TJH5YU202",
            "name": "roggerimarcelo",
            "is_restricted": false,
            "is_ultra_restricted": false
        },
        "blocks": [
            {
                "type": "rich_text",
                "block_id": "DVb8p",
                "elements": [
                    {
                        "type": "rich_text_section",
                        "elements": [
                            {
                                "type": "text",
                                "text": "Hola buen dia, hay reunion hoy?"
                            }
                        ]
                    }
                ]
            }
        ]
    },
    {
        "client_msg_id": "61f27911-aa38-4182-b75f-d519c3b869dc",
        "type": "message",
        "text": "Creo que fue una linda sesión la de hoy y aprendimos una o dos cosillas.",
        "user": "UM81W8B0Q",
        "ts": "1574445398.028400",
        "team": "TJH5YU202",
        "user_team": "TJH5YU202",
        "source_team": "TJH5YU202",
        "user_profile": {
            "avatar_hash": "gab9279ee8c0",
            "image_72": "https:\/\/secure.gravatar.com\/avatar\/73ab9279ee8c00f66ce4904d30146c8f.jpg?s=72&d=https%3A%2F%2Fa.slack-edge.com%2Fdf10d%2Fimg%2Favatars%2Fava_0010-72.png",
            "first_name": "",
            "real_name": "Angel Pais",
            "display_name": "Angel Pais",
            "team": "TJH5YU202",
            "name": "amigosam",
            "is_restricted": false,
            "is_ultra_restricted": false
        },
        "blocks": [
            {
                "type": "rich_text",
                "block_id": "yHe",
                "elements": [
                    {
                        "type": "rich_text_section",
                        "elements": [
                            {
                                "type": "text",
                                "text": "Creo que fue una linda sesión la de hoy y aprendimos una o dos cosillas."
                            }
                        ]
                    }
                ]
            }
        ]
    },
    {
        "client_msg_id": "661fd682-3524-4c4c-a593-25fb0e59a6a9",
        "type": "message",
        "text": "Me voy a poner <http:\/\/xkcd.com\/327|xkcd.com\/327> en los favoritos para la próxima sesión :smile:",
        "user": "UNAHBRTFA",
        "ts": "1574445451.028900",
        "team": "TJH5YU202",
        "user_team": "TJH5YU202",
        "source_team": "TJH5YU202",
        "user_profile": {
            "avatar_hash": "g3d2a3f4c28c",
            "image_72": "https:\/\/secure.gravatar.com\/avatar\/23d2a3f4c28cebb4cf07e48d02620517.jpg?s=72&d=https%3A%2F%2Fa.slack-edge.com%2Fdf10d%2Fimg%2Favatars%2Fava_0020-72.png",
            "first_name": "Andreu",
            "real_name": "Andreu Botella",
            "display_name": "Andreu Botella",
            "team": "TJH5YU202",
            "name": "andreu.132",
            "is_restricted": false,
            "is_ultra_restricted": false
        },
        "blocks": [
            {
                "type": "rich_text",
                "block_id": "f4P",
                "elements": [
                    {
                        "type": "rich_text_section",
                        "elements": [
                            {
                                "type": "text",
                                "text": "Me voy a poner "
                            },
                            {
                                "type": "link",
                                "url": "http:\/\/xkcd.com\/327",
                                "text": "xkcd.com\/327"
                            },
                            {
                                "type": "text",
                                "text": " en los favoritos para la próxima sesión "
                            },
                            {
                                "type": "emoji",
                                "name": "smile"
                            }
                        ]
                    }
                ]
            }
        ]
    },
    {
        "client_msg_id": "a57daf09-0073-415c-9277-86d5e9343123",
        "type": "message",
        "text": "<@UNAHBRTFA> no me ha quedado claro donde se puede ver el código que has explicado de los \"escapes\". Por cierto, muy instructiva e interesante la sesión, gracias.",
        "user": "UJUJLTWMT",
        "ts": "1574445548.030500",
        "team": "TJH5YU202",
        "user_team": "TJH5YU202",
        "source_team": "TJH5YU202",
        "user_profile": {
            "avatar_hash": "a60e3b1ef2d2",
            "image_72": "https:\/\/avatars.slack-edge.com\/2019-08-20\/726246109489_a60e3b1ef2d2c141969d_72.jpg",
            "first_name": "",
            "real_name": "Cristobal",
            "display_name": "Cristobal",
            "team": "TJH5YU202",
            "name": "navarro.cristobal",
            "is_restricted": false,
            "is_ultra_restricted": false
        },
        "blocks": [
            {
                "type": "rich_text",
                "block_id": "Nwr83",
                "elements": [
                    {
                        "type": "rich_text_section",
                        "elements": [
                            {
                                "type": "user",
                                "user_id": "UNAHBRTFA"
                            },
                            {
                                "type": "text",
                                "text": " no me ha quedado claro donde se puede ver el código que has explicado de los \"escapes\". Por cierto, muy instructiva e interesante la sesión, gracias."
                            }
                        ]
                    }
                ]
            }
        ]
    },
    {
        "client_msg_id": "28293b7a-36f2-41fb-9b06-e5e1d0ea5207",
        "type": "message",
        "text": "No sé muy bien qué quieres decir con eso",
        "user": "UNAHBRTFA",
        "ts": "1574445648.031000",
        "team": "TJH5YU202",
        "user_team": "TJH5YU202",
        "source_team": "TJH5YU202",
        "user_profile": {
            "avatar_hash": "g3d2a3f4c28c",
            "image_72": "https:\/\/secure.gravatar.com\/avatar\/23d2a3f4c28cebb4cf07e48d02620517.jpg?s=72&d=https%3A%2F%2Fa.slack-edge.com%2Fdf10d%2Fimg%2Favatars%2Fava_0020-72.png",
            "first_name": "Andreu",
            "real_name": "Andreu Botella",
            "display_name": "Andreu Botella",
            "team": "TJH5YU202",
            "name": "andreu.132",
            "is_restricted": false,
            "is_ultra_restricted": false
        },
        "blocks": [
            {
                "type": "rich_text",
                "block_id": "gWEw",
                "elements": [
                    {
                        "type": "rich_text_section",
                        "elements": [
                            {
                                "type": "text",
                                "text": "No sé muy bien qué quieres decir con eso"
                            }
                        ]
                    }
                ]
            }
        ]
    },
    {
        "client_msg_id": "388d3236-ef42-4900-b38b-8dabcb0a291e",
        "type": "message",
        "text": "a menos que quieras que suba el ejemplo de alert(\"hola\") a algún lado",
        "user": "UNAHBRTFA",
        "ts": "1574445662.031400",
        "team": "TJH5YU202",
        "user_team": "TJH5YU202",
        "source_team": "TJH5YU202",
        "user_profile": {
            "avatar_hash": "g3d2a3f4c28c",
            "image_72": "https:\/\/secure.gravatar.com\/avatar\/23d2a3f4c28cebb4cf07e48d02620517.jpg?s=72&d=https%3A%2F%2Fa.slack-edge.com%2Fdf10d%2Fimg%2Favatars%2Fava_0020-72.png",
            "first_name": "Andreu",
            "real_name": "Andreu Botella",
            "display_name": "Andreu Botella",
            "team": "TJH5YU202",
            "name": "andreu.132",
            "is_restricted": false,
            "is_ultra_restricted": false
        },
        "blocks": [
            {
                "type": "rich_text",
                "block_id": "6rs",
                "elements": [
                    {
                        "type": "rich_text_section",
                        "elements": [
                            {
                                "type": "text",
                                "text": "a menos que quieras que suba el ejemplo de alert(\"hola\") a algún lado"
                            }
                        ]
                    }
                ]
            }
        ]
    },
    {
        "client_msg_id": "a5ff7433-8460-429e-b09d-2c2de7d17bc6",
        "type": "message",
        "text": "Angel ya encontro el ejemplo test.prg que se tiene que compilar ligando la libreria fastcgi,  que publicó antonio.",
        "user": "UK28N3CER",
        "ts": "1574446242.032300",
        "team": "TJH5YU202",
        "user_team": "TJH5YU202",
        "source_team": "TJH5YU202",
        "user_profile": {
            "avatar_hash": "7f09da813e5b",
            "image_72": "https:\/\/avatars.slack-edge.com\/2020-01-01\/880554116721_7f09da813e5b80b5a0a0_72.jpg",
            "first_name": "",
            "real_name": "Cesar SysCtrl Software",
            "display_name": "Cesar SysCtrl Software",
            "team": "TJH5YU202",
            "name": "sysctrlsoftware",
            "is_restricted": false,
            "is_ultra_restricted": false
        },
        "blocks": [
            {
                "type": "rich_text",
                "block_id": "0Ten",
                "elements": [
                    {
                        "type": "rich_text_section",
                        "elements": [
                            {
                                "type": "text",
                                "text": "Angel ya encontro el ejemplo test.prg que se tiene que compilar ligando la libreria fastcgi,  que publicó antonio."
                            }
                        ]
                    }
                ]
            }
        ]
    },
    {
        "client_msg_id": "e04214bb-0902-4b02-ad66-3e5544833991",
        "type": "message",
        "text": "ya lo encontré",
        "user": "UK28N3CER",
        "ts": "1574446258.032500",
        "team": "TJH5YU202",
        "user_team": "TJH5YU202",
        "source_team": "TJH5YU202",
        "user_profile": {
            "avatar_hash": "7f09da813e5b",
            "image_72": "https:\/\/avatars.slack-edge.com\/2020-01-01\/880554116721_7f09da813e5b80b5a0a0_72.jpg",
            "first_name": "",
            "real_name": "Cesar SysCtrl Software",
            "display_name": "Cesar SysCtrl Software",
            "team": "TJH5YU202",
            "name": "sysctrlsoftware",
            "is_restricted": false,
            "is_ultra_restricted": false
        },
        "blocks": [
            {
                "type": "rich_text",
                "block_id": "eb2S0",
                "elements": [
                    {
                        "type": "rich_text_section",
                        "elements": [
                            {
                                "type": "text",
                                "text": "ya lo encontré"
                            }
                        ]
                    }
                ]
            }
        ],
        "reactions": [
            {
                "name": "ok_hand",
                "users": [
                    "UM81W8B0Q"
                ],
                "count": 1
            }
        ]
    },
    {
        "client_msg_id": "5462c8ff-4eb3-4105-90f2-a311afa91655",
        "type": "message",
        "text": "Hola Diego donde estan los TEST de Eric ?",
        "user": "UK28N3CER",
        "ts": "1574448522.033100",
        "team": "TJH5YU202",
        "user_team": "TJH5YU202",
        "source_team": "TJH5YU202",
        "user_profile": {
            "avatar_hash": "7f09da813e5b",
            "image_72": "https:\/\/avatars.slack-edge.com\/2020-01-01\/880554116721_7f09da813e5b80b5a0a0_72.jpg",
            "first_name": "",
            "real_name": "Cesar SysCtrl Software",
            "display_name": "Cesar SysCtrl Software",
            "team": "TJH5YU202",
            "name": "sysctrlsoftware",
            "is_restricted": false,
            "is_ultra_restricted": false
        },
        "blocks": [
            {
                "type": "rich_text",
                "block_id": "eup",
                "elements": [
                    {
                        "type": "rich_text_section",
                        "elements": [
                            {
                                "type": "text",
                                "text": "Hola Diego donde estan los TEST de Eric ?"
                            }
                        ]
                    }
                ]
            }
        ],
        "thread_ts": "1574448522.033100",
        "reply_count": 5,
        "reply_users_count": 2,
        "latest_reply": "1574532621.062900",
        "reply_users": [
            "UJRQZMTAM",
            "UK28N3CER"
        ],
        "replies": [
            {
                "user": "UJRQZMTAM",
                "ts": "1574463031.037000"
            },
            {
                "user": "UK28N3CER",
                "ts": "1574464274.037200"
            },
            {
                "user": "UK28N3CER",
                "ts": "1574464574.037400"
            },
            {
                "user": "UJRQZMTAM",
                "ts": "1574505587.058300"
            },
            {
                "user": "UK28N3CER",
                "ts": "1574532621.062900"
            }
        ],
        "subscribed": false
    },
    {
        "client_msg_id": "185acc52-52d1-49bc-821e-6e992ecf7d9a",
        "type": "message",
        "text": "No, me refiero a los cuatro casos que has comentado que prevenían los posibles ataques ( creo recordar que eran cuatro )",
        "user": "UJUJLTWMT",
        "ts": "1574449676.034100",
        "team": "TJH5YU202",
        "user_team": "TJH5YU202",
        "source_team": "TJH5YU202",
        "user_profile": {
            "avatar_hash": "a60e3b1ef2d2",
            "image_72": "https:\/\/avatars.slack-edge.com\/2019-08-20\/726246109489_a60e3b1ef2d2c141969d_72.jpg",
            "first_name": "",
            "real_name": "Cristobal",
            "display_name": "Cristobal",
            "team": "TJH5YU202",
            "name": "navarro.cristobal",
            "is_restricted": false,
            "is_ultra_restricted": false
        },
        "blocks": [
            {
                "type": "rich_text",
                "block_id": "0oS",
                "elements": [
                    {
                        "type": "rich_text_section",
                        "elements": [
                            {
                                "type": "text",
                                "text": "No, me refiero a los cuatro casos que has comentado que prevenían los posibles ataques ( creo recordar que eran cuatro )"
                            }
                        ]
                    }
                ]
            }
        ]
    },
    {
        "client_msg_id": "5ac29ed6-e75b-4150-97c9-e49255c90a55",
        "type": "message",
        "text": "<https:\/\/youtu.be\/UmIn6sHcdZY>",
        "user": "UJUFNFMFE",
        "ts": "1574458147.034300",
        "team": "TJH5YU202",
        "user_team": "TJH5YU202",
        "source_team": "TJH5YU202",
        "user_profile": {
            "avatar_hash": "aa4e40c137f0",
            "image_72": "https:\/\/avatars.slack-edge.com\/2019-05-21\/630419446595_aa4e40c137f03c23b9cd_72.jpg",
            "first_name": "Marcelo",
            "real_name": "Marcelo Roggeri",
            "display_name": "Marcelo Roggeri",
            "team": "TJH5YU202",
            "name": "roggerimarcelo",
            "is_restricted": false,
            "is_ultra_restricted": false
        },
        "attachments": [
            {
                "service_name": "YouTube",
                "service_url": "https:\/\/www.youtube.com\/",
                "title": "HWeb mod-harbour Nº21",
                "title_link": "https:\/\/youtu.be\/UmIn6sHcdZY",
                "author_name": "Marcelo Roggeri",
                "author_link": "https:\/\/www.youtube.com\/channel\/UCLcisQQ4C6CrFp3Hkvt7FRA",
                "thumb_url": "https:\/\/i.ytimg.com\/vi\/UmIn6sHcdZY\/hqdefault.jpg",
                "thumb_width": 480,
                "thumb_height": 360,
                "fallback": "YouTube Video: HWeb mod-harbour Nº21",
                "video_html": "<iframe width=\"400\" height=\"225\" src=\"https:\/\/www.youtube.com\/embed\/UmIn6sHcdZY?feature=oembed&autoplay=1&iv_load_policy=3\" frameborder=\"0\" allow=\"accelerometer; autoplay; encrypted-media; gyroscope; picture-in-picture\" allowfullscreen><\/iframe>",
                "video_html_width": 400,
                "video_html_height": 225,
                "from_url": "https:\/\/youtu.be\/UmIn6sHcdZY",
                "service_icon": "https:\/\/a.slack-edge.com\/80588\/img\/unfurl_icons\/youtube.png",
                "id": 1,
                "original_url": "https:\/\/youtu.be\/UmIn6sHcdZY"
            }
        ],
        "blocks": [
            {
                "type": "rich_text",
                "block_id": "9k+k",
                "elements": [
                    {
                        "type": "rich_text_section",
                        "elements": [
                            {
                                "type": "link",
                                "url": "https:\/\/youtu.be\/UmIn6sHcdZY"
                            }
                        ]
                    }
                ]
            }
        ]
    },
    {
        "client_msg_id": "96e6cde9-41a7-41e8-bc11-ea923b95bea4",
        "type": "message",
        "text": "<https:\/\/winhotel.space\/harbourino\/html\/index.html>",
        "user": "UJHD6A81H",
        "ts": "1574459809.034600",
        "team": "TJH5YU202",
        "user_team": "TJH5YU202",
        "source_team": "TJH5YU202",
        "user_profile": {
            "avatar_hash": "g6b8073e00e9",
            "image_72": "https:\/\/secure.gravatar.com\/avatar\/b96b8073e00e9eb02bcf05bc1418eb3a.jpg?s=72&d=https%3A%2F%2Fa.slack-edge.com%2Fdf10d%2Fimg%2Favatars%2Fava_0021-72.png",
            "first_name": "Otto",
            "real_name": "Otto Atzwanger",
            "display_name": "Otto",
            "team": "TJH5YU202",
            "name": "otto",
            "is_restricted": false,
            "is_ultra_restricted": false
        },
        "blocks": [
            {
                "type": "rich_text",
                "block_id": "6Gsj",
                "elements": [
                    {
                        "type": "rich_text_section",
                        "elements": [
                            {
                                "type": "link",
                                "url": "https:\/\/winhotel.space\/harbourino\/html\/index.html"
                            }
                        ]
                    }
                ]
            }
        ]
    },
    {
        "client_msg_id": "16e0f4d8-f8ba-4e68-ab21-b21f34f55f5a",
        "type": "message",
        "text": "Thank you for giving me the opportunity to introduce Harbourino. This link is a very simple user manual.\nThe download links are listed in the manual.",
        "user": "UJHD6A81H",
        "ts": "1574459952.035000",
        "team": "TJH5YU202",
        "user_team": "TJH5YU202",
        "source_team": "TJH5YU202",
        "user_profile": {
            "avatar_hash": "g6b8073e00e9",
            "image_72": "https:\/\/secure.gravatar.com\/avatar\/b96b8073e00e9eb02bcf05bc1418eb3a.jpg?s=72&d=https%3A%2F%2Fa.slack-edge.com%2Fdf10d%2Fimg%2Favatars%2Fava_0021-72.png",
            "first_name": "Otto",
            "real_name": "Otto Atzwanger",
            "display_name": "Otto",
            "team": "TJH5YU202",
            "name": "otto",
            "is_restricted": false,
            "is_ultra_restricted": false
        },
        "blocks": [
            {
                "type": "rich_text",
                "block_id": "SvH3D",
                "elements": [
                    {
                        "type": "rich_text_section",
                        "elements": [
                            {
                                "type": "text",
                                "text": "Thank you for giving me the opportunity to introduce Harbourino. This link is a very simple user manual.\nThe download links are listed in the manual."
                            }
                        ]
                    }
                ]
            }
        ]
    },
    {
        "client_msg_id": "1c0b025d-0a8b-43fc-8a88-d1de07d23d10",
        "type": "message",
        "text": "Would you be so kind to post this in the forum ?",
        "user": "UM81W8B0Q",
        "ts": "1574460375.035500",
        "team": "TJH5YU202",
        "user_team": "TJH5YU202",
        "source_team": "TJH5YU202",
        "user_profile": {
            "avatar_hash": "gab9279ee8c0",
            "image_72": "https:\/\/secure.gravatar.com\/avatar\/73ab9279ee8c00f66ce4904d30146c8f.jpg?s=72&d=https%3A%2F%2Fa.slack-edge.com%2Fdf10d%2Fimg%2Favatars%2Fava_0010-72.png",
            "first_name": "",
            "real_name": "Angel Pais",
            "display_name": "Angel Pais",
            "team": "TJH5YU202",
            "name": "amigosam",
            "is_restricted": false,
            "is_ultra_restricted": false
        },
        "blocks": [
            {
                "type": "rich_text",
                "block_id": "vivs",
                "elements": [
                    {
                        "type": "rich_text_section",
                        "elements": [
                            {
                                "type": "text",
                                "text": "Would you be so kind to post this in the forum ?"
                            }
                        ]
                    }
                ]
            }
        ]
    },
    {
        "client_msg_id": "772d44a6-d20f-4731-9a66-83fefb306c8a",
        "type": "message",
        "text": "So it doesn't get lost",
        "user": "UM81W8B0Q",
        "ts": "1574460386.035900",
        "team": "TJH5YU202",
        "user_team": "TJH5YU202",
        "source_team": "TJH5YU202",
        "user_profile": {
            "avatar_hash": "gab9279ee8c0",
            "image_72": "https:\/\/secure.gravatar.com\/avatar\/73ab9279ee8c00f66ce4904d30146c8f.jpg?s=72&d=https%3A%2F%2Fa.slack-edge.com%2Fdf10d%2Fimg%2Favatars%2Fava_0010-72.png",
            "first_name": "",
            "real_name": "Angel Pais",
            "display_name": "Angel Pais",
            "team": "TJH5YU202",
            "name": "amigosam",
            "is_restricted": false,
            "is_ultra_restricted": false
        },
        "blocks": [
            {
                "type": "rich_text",
                "block_id": "q=r",
                "elements": [
                    {
                        "type": "rich_text_section",
                        "elements": [
                            {
                                "type": "text",
                                "text": "So it doesn't get lost"
                            }
                        ]
                    }
                ]
            }
        ]
    },
    {
        "client_msg_id": "c8035375-6b85-4b14-afff-f5245d3bbe05",
        "type": "message",
        "text": "Otto Gracias",
        "user": "UK28N3CER",
        "ts": "1574461581.036100",
        "team": "TJH5YU202",
        "user_team": "TJH5YU202",
        "source_team": "TJH5YU202",
        "user_profile": {
            "avatar_hash": "7f09da813e5b",
            "image_72": "https:\/\/avatars.slack-edge.com\/2020-01-01\/880554116721_7f09da813e5b80b5a0a0_72.jpg",
            "first_name": "",
            "real_name": "Cesar SysCtrl Software",
            "display_name": "Cesar SysCtrl Software",
            "team": "TJH5YU202",
            "name": "sysctrlsoftware",
            "is_restricted": false,
            "is_ultra_restricted": false
        },
        "blocks": [
            {
                "type": "rich_text",
                "block_id": "hiZ",
                "elements": [
                    {
                        "type": "rich_text_section",
                        "elements": [
                            {
                                "type": "text",
                                "text": "Otto Gracias"
                            }
                        ]
                    }
                ]
            }
        ]
    },
    {
        "client_msg_id": "7898719A-AE8B-4F20-B56E-C1132209923B",
        "type": "message",
        "text": "Cesar el link al test de Eric lo puse en el foro\n\n<https:\/\/forum.mod-harbour.org\/viewtopic.php?t=4>",
        "user": "UJRQZMTAM",
        "ts": "1574463031.037000",
        "team": "TJH5YU202",
        "user_team": "TJH5YU202",
        "source_team": "TJH5YU202",
        "user_profile": {
            "avatar_hash": "0d8c567df084",
            "image_72": "https:\/\/avatars.slack-edge.com\/2019-11-22\/834908722243_0d8c567df084bf59d639_72.png",
            "first_name": "Diego",
            "real_name": "Diego F",
            "display_name": "Diego F",
            "team": "TJH5YU202",
            "name": "diegohfazio",
            "is_restricted": false,
            "is_ultra_restricted": false
        },
        "thread_ts": "1574448522.033100",
        "parent_user_id": "UK28N3CER"
    },
    {
        "client_msg_id": "c5fd432b-479d-4a83-8880-1538b424481f",
        "type": "message",
        "text": "gracias Diego, saludos.",
        "user": "UK28N3CER",
        "ts": "1574464274.037200",
        "team": "TJH5YU202",
        "user_team": "TJH5YU202",
        "source_team": "TJH5YU202",
        "user_profile": {
            "avatar_hash": "7f09da813e5b",
            "image_72": "https:\/\/avatars.slack-edge.com\/2020-01-01\/880554116721_7f09da813e5b80b5a0a0_72.jpg",
            "first_name": "",
            "real_name": "Cesar SysCtrl Software",
            "display_name": "Cesar SysCtrl Software",
            "team": "TJH5YU202",
            "name": "sysctrlsoftware",
            "is_restricted": false,
            "is_ultra_restricted": false
        },
        "blocks": [
            {
                "type": "rich_text",
                "block_id": "\/Mdmz",
                "elements": [
                    {
                        "type": "rich_text_section",
                        "elements": [
                            {
                                "type": "text",
                                "text": "gracias Diego, saludos."
                            }
                        ]
                    }
                ]
            }
        ],
        "thread_ts": "1574448522.033100",
        "parent_user_id": "UK28N3CER"
    },
    {
        "client_msg_id": "216a40e3-35b4-47dd-9b6a-3ec273d9575d",
        "type": "message",
        "text": "Diego el ejemplo: WebSiteSpeed  lo compilas con harbour ?",
        "user": "UK28N3CER",
        "ts": "1574464574.037400",
        "team": "TJH5YU202",
        "user_team": "TJH5YU202",
        "source_team": "TJH5YU202",
        "user_profile": {
            "avatar_hash": "7f09da813e5b",
            "image_72": "https:\/\/avatars.slack-edge.com\/2020-01-01\/880554116721_7f09da813e5b80b5a0a0_72.jpg",
            "first_name": "",
            "real_name": "Cesar SysCtrl Software",
            "display_name": "Cesar SysCtrl Software",
            "team": "TJH5YU202",
            "name": "sysctrlsoftware",
            "is_restricted": false,
            "is_ultra_restricted": false
        },
        "blocks": [
            {
                "type": "rich_text",
                "block_id": "U4gK",
                "elements": [
                    {
                        "type": "rich_text_section",
                        "elements": [
                            {
                                "type": "text",
                                "text": "Diego el ejemplo: WebSiteSpeed  lo compilas con harbour ?"
                            }
                        ]
                    }
                ]
            }
        ],
        "thread_ts": "1574448522.033100",
        "parent_user_id": "UK28N3CER"
    },
    {
        "client_msg_id": "3a5118b6-d66e-44a0-a42b-0d38688685ef",
        "type": "message",
        "text": "Estoy creando topics de seguridad en el foro",
        "user": "UNAHBRTFA",
        "ts": "1574469447.037900",
        "team": "TJH5YU202",
        "user_team": "TJH5YU202",
        "source_team": "TJH5YU202",
        "user_profile": {
            "avatar_hash": "g3d2a3f4c28c",
            "image_72": "https:\/\/secure.gravatar.com\/avatar\/23d2a3f4c28cebb4cf07e48d02620517.jpg?s=72&d=https%3A%2F%2Fa.slack-edge.com%2Fdf10d%2Fimg%2Favatars%2Fava_0020-72.png",
            "first_name": "Andreu",
            "real_name": "Andreu Botella",
            "display_name": "Andreu Botella",
            "team": "TJH5YU202",
            "name": "andreu.132",
            "is_restricted": false,
            "is_ultra_restricted": false
        },
        "blocks": [
            {
                "type": "rich_text",
                "block_id": "u6+",
                "elements": [
                    {
                        "type": "rich_text_section",
                        "elements": [
                            {
                                "type": "text",
                                "text": "Estoy creando topics de seguridad en el foro"
                            }
                        ]
                    }
                ]
            }
        ]
    },
    {
        "client_msg_id": "b43a788c-9162-4500-832d-32441bff6990",
        "type": "message",
        "text": "en inglés y en español",
        "user": "UNAHBRTFA",
        "ts": "1574469456.038200",
        "team": "TJH5YU202",
        "user_team": "TJH5YU202",
        "source_team": "TJH5YU202",
        "user_profile": {
            "avatar_hash": "g3d2a3f4c28c",
            "image_72": "https:\/\/secure.gravatar.com\/avatar\/23d2a3f4c28cebb4cf07e48d02620517.jpg?s=72&d=https%3A%2F%2Fa.slack-edge.com%2Fdf10d%2Fimg%2Favatars%2Fava_0020-72.png",
            "first_name": "Andreu",
            "real_name": "Andreu Botella",
            "display_name": "Andreu Botella",
            "team": "TJH5YU202",
            "name": "andreu.132",
            "is_restricted": false,
            "is_ultra_restricted": false
        },
        "blocks": [
            {
                "type": "rich_text",
                "block_id": "WCX",
                "elements": [
                    {
                        "type": "rich_text_section",
                        "elements": [
                            {
                                "type": "text",
                                "text": "en inglés y en español"
                            }
                        ]
                    }
                ]
            }
        ],
        "reactions": [
            {
                "name": "muscle",
                "users": [
                    "UM81W8B0Q"
                ],
                "count": 1
            }
        ]
    },
    {
        "client_msg_id": "08083581-5715-4b82-bc33-3917f735d526",
        "type": "message",
        "text": "viste que habia una pregunta para ti ?",
        "user": "UM81W8B0Q",
        "ts": "1574469502.038700",
        "team": "TJH5YU202",
        "user_team": "TJH5YU202",
        "source_team": "TJH5YU202",
        "user_profile": {
            "avatar_hash": "gab9279ee8c0",
            "image_72": "https:\/\/secure.gravatar.com\/avatar\/73ab9279ee8c00f66ce4904d30146c8f.jpg?s=72&d=https%3A%2F%2Fa.slack-edge.com%2Fdf10d%2Fimg%2Favatars%2Fava_0010-72.png",
            "first_name": "",
            "real_name": "Angel Pais",
            "display_name": "Angel Pais",
            "team": "TJH5YU202",
            "name": "amigosam",
            "is_restricted": false,
            "is_ultra_restricted": false
        },
        "blocks": [
            {
                "type": "rich_text",
                "block_id": "N51",
                "elements": [
                    {
                        "type": "rich_text_section",
                        "elements": [
                            {
                                "type": "text",
                                "text": "viste que habia una pregunta para ti ?"
                            }
                        ]
                    }
                ]
            }
        ]
    },
    {
        "client_msg_id": "89d646e2-a764-485b-8808-f31ae80686bc",
        "type": "message",
        "text": "¿la de cristóbal, que pusiera por escrito por algún lado los escapes?",
        "user": "UNAHBRTFA",
        "ts": "1574469542.039500",
        "team": "TJH5YU202",
        "user_team": "TJH5YU202",
        "source_team": "TJH5YU202",
        "user_profile": {
            "avatar_hash": "g3d2a3f4c28c",
            "image_72": "https:\/\/secure.gravatar.com\/avatar\/23d2a3f4c28cebb4cf07e48d02620517.jpg?s=72&d=https%3A%2F%2Fa.slack-edge.com%2Fdf10d%2Fimg%2Favatars%2Fava_0020-72.png",
            "first_name": "Andreu",
            "real_name": "Andreu Botella",
            "display_name": "Andreu Botella",
            "team": "TJH5YU202",
            "name": "andreu.132",
            "is_restricted": false,
            "is_ultra_restricted": false
        },
        "blocks": [
            {
                "type": "rich_text",
                "block_id": "yP7\/",
                "elements": [
                    {
                        "type": "rich_text_section",
                        "elements": [
                            {
                                "type": "text",
                                "text": "¿la de cristóbal, que pusiera por escrito por algún lado los escapes?"
                            }
                        ]
                    }
                ]
            }
        ]
    },
    {
        "client_msg_id": "0e6921f9-52d8-48e9-9c4b-71596ecd6666",
        "type": "message",
        "text": "en ello estoy",
        "user": "UNAHBRTFA",
        "ts": "1574469545.039700",
        "team": "TJH5YU202",
        "user_team": "TJH5YU202",
        "source_team": "TJH5YU202",
        "user_profile": {
            "avatar_hash": "g3d2a3f4c28c",
            "image_72": "https:\/\/secure.gravatar.com\/avatar\/23d2a3f4c28cebb4cf07e48d02620517.jpg?s=72&d=https%3A%2F%2Fa.slack-edge.com%2Fdf10d%2Fimg%2Favatars%2Fava_0020-72.png",
            "first_name": "Andreu",
            "real_name": "Andreu Botella",
            "display_name": "Andreu Botella",
            "team": "TJH5YU202",
            "name": "andreu.132",
            "is_restricted": false,
            "is_ultra_restricted": false
        },
        "blocks": [
            {
                "type": "rich_text",
                "block_id": "38q",
                "elements": [
                    {
                        "type": "rich_text_section",
                        "elements": [
                            {
                                "type": "text",
                                "text": "en ello estoy"
                            }
                        ]
                    }
                ]
            }
        ]
    },
    {
        "client_msg_id": "7f181b20-0c06-4ac9-b9aa-4215297d0c7f",
        "type": "message",
        "text": "en el foro",
        "user": "UM81W8B0Q",
        "ts": "1574469549.039900",
        "team": "TJH5YU202",
        "user_team": "TJH5YU202",
        "source_team": "TJH5YU202",
        "user_profile": {
            "avatar_hash": "gab9279ee8c0",
            "image_72": "https:\/\/secure.gravatar.com\/avatar\/73ab9279ee8c00f66ce4904d30146c8f.jpg?s=72&d=https%3A%2F%2Fa.slack-edge.com%2Fdf10d%2Fimg%2Favatars%2Fava_0010-72.png",
            "first_name": "",
            "real_name": "Angel Pais",
            "display_name": "Angel Pais",
            "team": "TJH5YU202",
            "name": "amigosam",
            "is_restricted": false,
            "is_ultra_restricted": false
        },
        "blocks": [
            {
                "type": "rich_text",
                "block_id": "X1g8x",
                "elements": [
                    {
                        "type": "rich_text_section",
                        "elements": [
                            {
                                "type": "text",
                                "text": "en el foro"
                            }
                        ]
                    }
                ]
            }
        ]
    },
    {
        "client_msg_id": "df0353be-a212-40fa-8ee3-93409210e479",
        "type": "message",
        "text": "de otto",
        "user": "UM81W8B0Q",
        "ts": "1574469552.040100",
        "team": "TJH5YU202",
        "user_team": "TJH5YU202",
        "source_team": "TJH5YU202",
        "user_profile": {
            "avatar_hash": "gab9279ee8c0",
            "image_72": "https:\/\/secure.gravatar.com\/avatar\/73ab9279ee8c00f66ce4904d30146c8f.jpg?s=72&d=https%3A%2F%2Fa.slack-edge.com%2Fdf10d%2Fimg%2Favatars%2Fava_0010-72.png",
            "first_name": "",
            "real_name": "Angel Pais",
            "display_name": "Angel Pais",
            "team": "TJH5YU202",
            "name": "amigosam",
            "is_restricted": false,
            "is_ultra_restricted": false
        },
        "blocks": [
            {
                "type": "rich_text",
                "block_id": "Jjk",
                "elements": [
                    {
                        "type": "rich_text_section",
                        "elements": [
                            {
                                "type": "text",
                                "text": "de otto"
                            }
                        ]
                    }
                ]
            }
        ]
    },
    {
        "client_msg_id": "b768a754-bfd8-4aeb-984a-712fc800f67f",
        "type": "message",
        "text": "no la había visto",
        "user": "UNAHBRTFA",
        "ts": "1574469607.040300",
        "team": "TJH5YU202",
        "user_team": "TJH5YU202",
        "source_team": "TJH5YU202",
        "user_profile": {
            "avatar_hash": "g3d2a3f4c28c",
            "image_72": "https:\/\/secure.gravatar.com\/avatar\/23d2a3f4c28cebb4cf07e48d02620517.jpg?s=72&d=https%3A%2F%2Fa.slack-edge.com%2Fdf10d%2Fimg%2Favatars%2Fava_0020-72.png",
            "first_name": "Andreu",
            "real_name": "Andreu Botella",
            "display_name": "Andreu Botella",
            "team": "TJH5YU202",
            "name": "andreu.132",
            "is_restricted": false,
            "is_ultra_restricted": false
        },
        "blocks": [
            {
                "type": "rich_text",
                "block_id": "62Pg",
                "elements": [
                    {
                        "type": "rich_text_section",
                        "elements": [
                            {
                                "type": "text",
                                "text": "no la había visto"
                            }
                        ]
                    }
                ]
            }
        ]
    },
    {
        "client_msg_id": "0f4a7e66-a390-404a-9084-8e8f21992ea2",
        "type": "message",
        "text": "good morning",
        "user": "UJHD6A81H",
        "ts": "1574495625.040500",
        "team": "TJH5YU202",
        "user_team": "TJH5YU202",
        "source_team": "TJH5YU202",
        "user_profile": {
            "avatar_hash": "g6b8073e00e9",
            "image_72": "https:\/\/secure.gravatar.com\/avatar\/b96b8073e00e9eb02bcf05bc1418eb3a.jpg?s=72&d=https%3A%2F%2Fa.slack-edge.com%2Fdf10d%2Fimg%2Favatars%2Fava_0021-72.png",
            "first_name": "Otto",
            "real_name": "Otto Atzwanger",
            "display_name": "Otto",
            "team": "TJH5YU202",
            "name": "otto",
            "is_restricted": false,
            "is_ultra_restricted": false
        },
        "blocks": [
            {
                "type": "rich_text",
                "block_id": "gIp",
                "elements": [
                    {
                        "type": "rich_text_section",
                        "elements": [
                            {
                                "type": "text",
                                "text": "good morning"
                            }
                        ]
                    }
                ]
            }
        ]
    },
    {
        "client_msg_id": "8885b53c-61e7-474c-a029-0da9d2346f8a",
        "type": "message",
        "text": "I tested following syntax to link code from other files:",
        "user": "UJHD6A81H",
        "ts": "1574495663.041200",
        "team": "TJH5YU202",
        "user_team": "TJH5YU202",
        "source_team": "TJH5YU202",
        "user_profile": {
            "avatar_hash": "g6b8073e00e9",
            "image_72": "https:\/\/secure.gravatar.com\/avatar\/b96b8073e00e9eb02bcf05bc1418eb3a.jpg?s=72&d=https%3A%2F%2Fa.slack-edge.com%2Fdf10d%2Fimg%2Favatars%2Fava_0021-72.png",
            "first_name": "Otto",
            "real_name": "Otto Atzwanger",
            "display_name": "Otto",
            "team": "TJH5YU202",
            "name": "otto",
            "is_restricted": false,
            "is_ultra_restricted": false
        },
        "blocks": [
            {
                "type": "rich_text",
                "block_id": "aOmDv",
                "elements": [
                    {
                        "type": "rich_text_section",
                        "elements": [
                            {
                                "type": "text",
                                "text": "I tested following syntax to link code from other files:"
                            }
                        ]
                    }
                ]
            }
        ]
    },
    {
        "client_msg_id": "389c98e3-4852-4bb6-a011-ea1d240a22a3",
        "type": "message",
        "text": "&amp;-\n        \t$-&gt; FORM\\INPUT : type=text;\n\t\t\t \t\tid = inputUsername;\n\t\t\t \t\tlabeltext = Email address;\n\t\t\t  \t\tplaceholder = Benutzername;\n\t\t\t  \t\tname = username;\n\t\t\t   \t\ttext-muted = Use the username \"lailton\"\n-&amp;",
        "user": "UJHD6A81H",
        "ts": "1574495669.041400",
        "team": "TJH5YU202",
        "user_team": "TJH5YU202",
        "source_team": "TJH5YU202",
        "user_profile": {
            "avatar_hash": "g6b8073e00e9",
            "image_72": "https:\/\/secure.gravatar.com\/avatar\/b96b8073e00e9eb02bcf05bc1418eb3a.jpg?s=72&d=https%3A%2F%2Fa.slack-edge.com%2Fdf10d%2Fimg%2Favatars%2Fava_0021-72.png",
            "first_name": "Otto",
            "real_name": "Otto Atzwanger",
            "display_name": "Otto",
            "team": "TJH5YU202",
            "name": "otto",
            "is_restricted": false,
            "is_ultra_restricted": false
        },
        "blocks": [
            {
                "type": "rich_text",
                "block_id": "kju",
                "elements": [
                    {
                        "type": "rich_text_section",
                        "elements": [
                            {
                                "type": "text",
                                "text": "&-\n        \t$-> FORM\\INPUT : type=text;\n\t\t\t \t\tid = inputUsername;\n\t\t\t \t\tlabeltext = Email address;\n\t\t\t  \t\tplaceholder = Benutzername;\n\t\t\t  \t\tname = username;\n\t\t\t   \t\ttext-muted = Use the username \"lailton\"\n-&"
                            }
                        ]
                    }
                ]
            }
        ]
    },
    {
        "client_msg_id": "27968a62-f63b-46a3-963a-8eaa8ff994b0",
        "type": "message",
        "text": "Hey, Otto",
        "user": "UNAHBRTFA",
        "ts": "1574495701.041700",
        "team": "TJH5YU202",
        "user_team": "TJH5YU202",
        "source_team": "TJH5YU202",
        "user_profile": {
            "avatar_hash": "g3d2a3f4c28c",
            "image_72": "https:\/\/secure.gravatar.com\/avatar\/23d2a3f4c28cebb4cf07e48d02620517.jpg?s=72&d=https%3A%2F%2Fa.slack-edge.com%2Fdf10d%2Fimg%2Favatars%2Fava_0020-72.png",
            "first_name": "Andreu",
            "real_name": "Andreu Botella",
            "display_name": "Andreu Botella",
            "team": "TJH5YU202",
            "name": "andreu.132",
            "is_restricted": false,
            "is_ultra_restricted": false
        },
        "blocks": [
            {
                "type": "rich_text",
                "block_id": "zADB",
                "elements": [
                    {
                        "type": "rich_text_section",
                        "elements": [
                            {
                                "type": "text",
                                "text": "Hey, Otto"
                            }
                        ]
                    }
                ]
            }
        ]
    },
    {
        "client_msg_id": "d7111695-678c-43ab-8ed6-23642bfebe37",
        "type": "message",
        "text": "Yesterday I tried to comment in the stream that the HTML comment syntax is `&lt;!-- comment here --&gt;`. I'm not sure if that would interact with the `-&gt;` syntax in harbourino",
        "user": "UNAHBRTFA",
        "ts": "1574495738.042600",
        "team": "TJH5YU202",
        "user_team": "TJH5YU202",
        "source_team": "TJH5YU202",
        "user_profile": {
            "avatar_hash": "g3d2a3f4c28c",
            "image_72": "https:\/\/secure.gravatar.com\/avatar\/23d2a3f4c28cebb4cf07e48d02620517.jpg?s=72&d=https%3A%2F%2Fa.slack-edge.com%2Fdf10d%2Fimg%2Favatars%2Fava_0020-72.png",
            "first_name": "Andreu",
            "real_name": "Andreu Botella",
            "display_name": "Andreu Botella",
            "team": "TJH5YU202",
            "name": "andreu.132",
            "is_restricted": false,
            "is_ultra_restricted": false
        },
        "blocks": [
            {
                "type": "rich_text",
                "block_id": "d568b",
                "elements": [
                    {
                        "type": "rich_text_section",
                        "elements": [
                            {
                                "type": "text",
                                "text": "Yesterday I tried to comment in the stream that the HTML comment syntax is "
                            },
                            {
                                "type": "text",
                                "text": "<!-- comment here -->",
                                "style": {
                                    "code": true
                                }
                            },
                            {
                                "type": "text",
                                "text": ". I'm not sure if that would interact with the "
                            },
                            {
                                "type": "text",
                                "text": "->",
                                "style": {
                                    "code": true
                                }
                            },
                            {
                                "type": "text",
                                "text": " syntax in harbourino"
                            }
                        ]
                    }
                ]
            }
        ]
    },
    {
        "client_msg_id": "120cb264-abc4-4c10-936e-b1a1fea9eeae",
        "type": "message",
        "text": "Andreu Harbourino does not care about what code is inside. It only patches the files to one prg.",
        "user": "UJHD6A81H",
        "ts": "1574495821.043700",
        "team": "TJH5YU202",
        "user_team": "TJH5YU202",
        "source_team": "TJH5YU202",
        "user_profile": {
            "avatar_hash": "g6b8073e00e9",
            "image_72": "https:\/\/secure.gravatar.com\/avatar\/b96b8073e00e9eb02bcf05bc1418eb3a.jpg?s=72&d=https%3A%2F%2Fa.slack-edge.com%2Fdf10d%2Fimg%2Favatars%2Fava_0021-72.png",
            "first_name": "Otto",
            "real_name": "Otto Atzwanger",
            "display_name": "Otto",
            "team": "TJH5YU202",
            "name": "otto",
            "is_restricted": false,
            "is_ultra_restricted": false
        },
        "blocks": [
            {
                "type": "rich_text",
                "block_id": "LYV",
                "elements": [
                    {
                        "type": "rich_text_section",
                        "elements": [
                            {
                                "type": "text",
                                "text": "Andreu Harbourino does not care about what code is inside. It only patches the files to one prg."
                            }
                        ]
                    }
                ]
            }
        ]
    },
    {
        "client_msg_id": "52e8fc66-68d4-4bd2-ae27-edb7a6b41da0",
        "type": "message",
        "text": "&amp;- -&amp; Remove Line Breaks that automatically remove all  inserted line breaks",
        "user": "UJHD6A81H",
        "ts": "1574495858.044400",
        "team": "TJH5YU202",
        "user_team": "TJH5YU202",
        "source_team": "TJH5YU202",
        "user_profile": {
            "avatar_hash": "g6b8073e00e9",
            "image_72": "https:\/\/secure.gravatar.com\/avatar\/b96b8073e00e9eb02bcf05bc1418eb3a.jpg?s=72&d=https%3A%2F%2Fa.slack-edge.com%2Fdf10d%2Fimg%2Favatars%2Fava_0021-72.png",
            "first_name": "Otto",
            "real_name": "Otto Atzwanger",
            "display_name": "Otto",
            "team": "TJH5YU202",
            "name": "otto",
            "is_restricted": false,
            "is_ultra_restricted": false
        },
        "blocks": [
            {
                "type": "rich_text",
                "block_id": "iUHb",
                "elements": [
                    {
                        "type": "rich_text_section",
                        "elements": [
                            {
                                "type": "text",
                                "text": "&- -& Remove Line Breaks that automatically remove all  inserted line breaks"
                            }
                        ]
                    }
                ]
            }
        ]
    },
    {
        "client_msg_id": "9c604b6c-e586-4ecc-8fbc-ba57bcd093b4",
        "type": "message",
        "text": "buenos dias :sunny:",
        "user": "UJN8D8U3B",
        "ts": "1574495903.045100",
        "team": "TJH5YU202",
        "user_team": "TJH5YU202",
        "source_team": "TJH5YU202",
        "user_profile": {
            "avatar_hash": "g92ad2abcc45",
            "image_72": "https:\/\/secure.gravatar.com\/avatar\/8492ad2abcc45ce53969adcf8420acde.jpg?s=72&d=https%3A%2F%2Fa.slack-edge.com%2Fdf10d%2Fimg%2Favatars%2Fava_0008-72.png",
            "first_name": "",
            "real_name": "Antonio Linares",
            "display_name": "Antonio Linares",
            "team": "TJH5YU202",
            "name": "alinares",
            "is_restricted": false,
            "is_ultra_restricted": false
        },
        "blocks": [
            {
                "type": "rich_text",
                "block_id": "bQA",
                "elements": [
                    {
                        "type": "rich_text_section",
                        "elements": [
                            {
                                "type": "text",
                                "text": "buenos dias "
                            },
                            {
                                "type": "emoji",
                                "name": "sunny"
                            }
                        ]
                    }
                ]
            }
        ]
    },
    {
        "client_msg_id": "8a8eb6c7-b625-4a06-b96d-19a43eeb7451",
        "type": "message",
        "text": "$-&gt; calls file and  makes simple textual substitutions",
        "user": "UJHD6A81H",
        "ts": "1574495913.045500",
        "team": "TJH5YU202",
        "user_team": "TJH5YU202",
        "source_team": "TJH5YU202",
        "user_profile": {
            "avatar_hash": "g6b8073e00e9",
            "image_72": "https:\/\/secure.gravatar.com\/avatar\/b96b8073e00e9eb02bcf05bc1418eb3a.jpg?s=72&d=https%3A%2F%2Fa.slack-edge.com%2Fdf10d%2Fimg%2Favatars%2Fava_0021-72.png",
            "first_name": "Otto",
            "real_name": "Otto Atzwanger",
            "display_name": "Otto",
            "team": "TJH5YU202",
            "name": "otto",
            "is_restricted": false,
            "is_ultra_restricted": false
        },
        "blocks": [
            {
                "type": "rich_text",
                "block_id": "QTWA",
                "elements": [
                    {
                        "type": "rich_text_section",
                        "elements": [
                            {
                                "type": "text",
                                "text": "$-> calls file and  makes simple textual substitutions"
                            }
                        ]
                    }
                ]
            }
        ]
    },
    {
        "client_msg_id": "48cc8d41-a921-42cb-a3e0-1b2b06e00168",
        "type": "message",
        "text": "*****************************",
        "user": "UJHD6A81H",
        "ts": "1574495930.046000",
        "team": "TJH5YU202",
        "user_team": "TJH5YU202",
        "source_team": "TJH5YU202",
        "user_profile": {
            "avatar_hash": "g6b8073e00e9",
            "image_72": "https:\/\/secure.gravatar.com\/avatar\/b96b8073e00e9eb02bcf05bc1418eb3a.jpg?s=72&d=https%3A%2F%2Fa.slack-edge.com%2Fdf10d%2Fimg%2Favatars%2Fava_0021-72.png",
            "first_name": "Otto",
            "real_name": "Otto Atzwanger",
            "display_name": "Otto",
            "team": "TJH5YU202",
            "name": "otto",
            "is_restricted": false,
            "is_ultra_restricted": false
        },
        "blocks": [
            {
                "type": "rich_text",
                "block_id": "EPf8",
                "elements": [
                    {
                        "type": "rich_text_section",
                        "elements": [
                            {
                                "type": "text",
                                "text": "*****************************"
                            }
                        ]
                    }
                ]
            }
        ]
    },
    {
        "client_msg_id": "62d37a81-2c8f-48d3-b568-905ac9bd8fe8",
        "type": "message",
        "text": "this code",
        "user": "UJHD6A81H",
        "ts": "1574495934.046200",
        "team": "TJH5YU202",
        "user_team": "TJH5YU202",
        "source_team": "TJH5YU202",
        "user_profile": {
            "avatar_hash": "g6b8073e00e9",
            "image_72": "https:\/\/secure.gravatar.com\/avatar\/b96b8073e00e9eb02bcf05bc1418eb3a.jpg?s=72&d=https%3A%2F%2Fa.slack-edge.com%2Fdf10d%2Fimg%2Favatars%2Fava_0021-72.png",
            "first_name": "Otto",
            "real_name": "Otto Atzwanger",
            "display_name": "Otto",
            "team": "TJH5YU202",
            "name": "otto",
            "is_restricted": false,
            "is_ultra_restricted": false
        },
        "blocks": [
            {
                "type": "rich_text",
                "block_id": "pckh",
                "elements": [
                    {
                        "type": "rich_text_section",
                        "elements": [
                            {
                                "type": "text",
                                "text": "this code"
                            }
                        ]
                    }
                ]
            }
        ]
    },
    {
        "client_msg_id": "b0367893-c8de-4050-a1b0-b97cbf3ff77c",
        "type": "message",
        "text": "&amp;-\n        \t$-&gt; FORM\\INPUT : type=text;\n\t\t\t \t\tid = inputUsername;\n\t\t\t \t\tlabeltext = Email address;\n\t\t\t  \t\tplaceholder = Benutzername;\n\t\t\t  \t\tname = username;\n\t\t\t   \t\ttext-muted = Use the username \"lailton\"\n-&amp;",
        "user": "UJHD6A81H",
        "ts": "1574495936.046400",
        "team": "TJH5YU202",
        "user_team": "TJH5YU202",
        "source_team": "TJH5YU202",
        "user_profile": {
            "avatar_hash": "g6b8073e00e9",
            "image_72": "https:\/\/secure.gravatar.com\/avatar\/b96b8073e00e9eb02bcf05bc1418eb3a.jpg?s=72&d=https%3A%2F%2Fa.slack-edge.com%2Fdf10d%2Fimg%2Favatars%2Fava_0021-72.png",
            "first_name": "Otto",
            "real_name": "Otto Atzwanger",
            "display_name": "Otto",
            "team": "TJH5YU202",
            "name": "otto",
            "is_restricted": false,
            "is_ultra_restricted": false
        },
        "blocks": [
            {
                "type": "rich_text",
                "block_id": "oNgc",
                "elements": [
                    {
                        "type": "rich_text_section",
                        "elements": [
                            {
                                "type": "text",
                                "text": "&-\n        \t$-> FORM\\INPUT : type=text;\n\t\t\t \t\tid = inputUsername;\n\t\t\t \t\tlabeltext = Email address;\n\t\t\t  \t\tplaceholder = Benutzername;\n\t\t\t  \t\tname = username;\n\t\t\t   \t\ttext-muted = Use the username \"lailton\"\n-&"
                            }
                        ]
                    }
                ]
            }
        ]
    },
    {
        "client_msg_id": "86f76ffc-c112-4992-a8e5-746fec9687a1",
        "type": "message",
        "text": "becoumes",
        "user": "UJHD6A81H",
        "ts": "1574495939.046700",
        "team": "TJH5YU202",
        "user_team": "TJH5YU202",
        "source_team": "TJH5YU202",
        "user_profile": {
            "avatar_hash": "g6b8073e00e9",
            "image_72": "https:\/\/secure.gravatar.com\/avatar\/b96b8073e00e9eb02bcf05bc1418eb3a.jpg?s=72&d=https%3A%2F%2Fa.slack-edge.com%2Fdf10d%2Fimg%2Favatars%2Fava_0021-72.png",
            "first_name": "Otto",
            "real_name": "Otto Atzwanger",
            "display_name": "Otto",
            "team": "TJH5YU202",
            "name": "otto",
            "is_restricted": false,
            "is_ultra_restricted": false
        },
        "blocks": [
            {
                "type": "rich_text",
                "block_id": "gyQZ",
                "elements": [
                    {
                        "type": "rich_text_section",
                        "elements": [
                            {
                                "type": "text",
                                "text": "becoumes"
                            }
                        ]
                    }
                ]
            }
        ]
    },
    {
        "client_msg_id": "0535663a-3dfd-4dfa-8db2-9a8b5c440a9d",
        "type": "message",
        "text": "<@UJN8D8U3B> buenas",
        "user": "UNAHBRTFA",
        "ts": "1574495940.046800",
        "team": "TJH5YU202",
        "user_team": "TJH5YU202",
        "source_team": "TJH5YU202",
        "user_profile": {
            "avatar_hash": "g3d2a3f4c28c",
            "image_72": "https:\/\/secure.gravatar.com\/avatar\/23d2a3f4c28cebb4cf07e48d02620517.jpg?s=72&d=https%3A%2F%2Fa.slack-edge.com%2Fdf10d%2Fimg%2Favatars%2Fava_0020-72.png",
            "first_name": "Andreu",
            "real_name": "Andreu Botella",
            "display_name": "Andreu Botella",
            "team": "TJH5YU202",
            "name": "andreu.132",
            "is_restricted": false,
            "is_ultra_restricted": false
        },
        "blocks": [
            {
                "type": "rich_text",
                "block_id": "HNp+=",
                "elements": [
                    {
                        "type": "rich_text_section",
                        "elements": [
                            {
                                "type": "user",
                                "user_id": "UJN8D8U3B"
                            },
                            {
                                "type": "text",
                                "text": " buenas"
                            }
                        ]
                    }
                ]
            }
        ]
    },
    {
        "client_msg_id": "6c80790d-9e74-4880-9d15-ce8766950bfb",
        "type": "message",
        "text": "&lt;div class=\"form-group\"&gt;\n\t\t\t&lt;label for=\"inputUsername\"&gt;Email address&lt;\/label&gt;\n\t\t\t&lt;input type=\"text\" class=\"form-control\" id=\"inputUsername\" placeholder=\"Benutzername\" name=\"username\"&gt;\n\t\t\t&lt;small class=\"form-text text-muted\"&gt;Use the username \"lailton\"\t\t\t&lt;\/small&gt;\n\t&lt;\/div&gt;",
        "user": "UJHD6A81H",
        "ts": "1574495956.047100",
        "team": "TJH5YU202",
        "user_team": "TJH5YU202",
        "source_team": "TJH5YU202",
        "user_profile": {
            "avatar_hash": "g6b8073e00e9",
            "image_72": "https:\/\/secure.gravatar.com\/avatar\/b96b8073e00e9eb02bcf05bc1418eb3a.jpg?s=72&d=https%3A%2F%2Fa.slack-edge.com%2Fdf10d%2Fimg%2Favatars%2Fava_0021-72.png",
            "first_name": "Otto",
            "real_name": "Otto Atzwanger",
            "display_name": "Otto",
            "team": "TJH5YU202",
            "name": "otto",
            "is_restricted": false,
            "is_ultra_restricted": false
        },
        "blocks": [
            {
                "type": "rich_text",
                "block_id": "TJwHL",
                "elements": [
                    {
                        "type": "rich_text_section",
                        "elements": [
                            {
                                "type": "text",
                                "text": "<div class=\"form-group\">\n\t\t\t<label for=\"inputUsername\">Email address<\/label>\n\t\t\t<input type=\"text\" class=\"form-control\" id=\"inputUsername\" placeholder=\"Benutzername\" name=\"username\">\n\t\t\t<small class=\"form-text text-muted\">Use the username \"lailton\"\t\t\t<\/small>\n\t<\/div>"
                            }
                        ]
                    }
                ]
            }
        ]
    }
]