[
    {
        "client_msg_id": "7ef63078-0821-4009-9cba-8d75aea90122",
        "type": "message",
        "text": "Buenas.",
        "user": "UNAHBRTFA",
        "ts": "1576945961.281100",
        "team": "TJH5YU202",
        "user_team": "TJH5YU202",
        "source_team": "TJH5YU202",
        "user_profile": {
            "avatar_hash": "g3d2a3f4c28c",
            "image_72": "https:\/\/secure.gravatar.com\/avatar\/23d2a3f4c28cebb4cf07e48d02620517.jpg?s=72&d=https%3A%2F%2Fa.slack-edge.com%2Fdf10d%2Fimg%2Favatars%2Fava_0020-72.png",
            "first_name": "Andreu",
            "real_name": "Andreu Botella",
            "display_name": "Andreu Botella",
            "team": "TJH5YU202",
            "name": "andreu.132",
            "is_restricted": false,
            "is_ultra_restricted": false
        },
        "blocks": [
            {
                "type": "rich_text",
                "block_id": "S7I",
                "elements": [
                    {
                        "type": "rich_text_section",
                        "elements": [
                            {
                                "type": "text",
                                "text": "Buenas."
                            }
                        ]
                    }
                ]
            }
        ]
    },
    {
        "client_msg_id": "ce8e3e2e-8384-4c4e-8979-018aa2176e37",
        "type": "message",
        "text": "Quería hacer un par de cosas chulas el lunes con las inyecciones y las muestras de sangre, pero me he metido en terrenos que ya no controlo.",
        "user": "UNAHBRTFA",
        "ts": "1576945987.281800",
        "team": "TJH5YU202",
        "user_team": "TJH5YU202",
        "source_team": "TJH5YU202",
        "user_profile": {
            "avatar_hash": "g3d2a3f4c28c",
            "image_72": "https:\/\/secure.gravatar.com\/avatar\/23d2a3f4c28cebb4cf07e48d02620517.jpg?s=72&d=https%3A%2F%2Fa.slack-edge.com%2Fdf10d%2Fimg%2Favatars%2Fava_0020-72.png",
            "first_name": "Andreu",
            "real_name": "Andreu Botella",
            "display_name": "Andreu Botella",
            "team": "TJH5YU202",
            "name": "andreu.132",
            "is_restricted": false,
            "is_ultra_restricted": false
        },
        "blocks": [
            {
                "type": "rich_text",
                "block_id": "ENW",
                "elements": [
                    {
                        "type": "rich_text_section",
                        "elements": [
                            {
                                "type": "text",
                                "text": "Quería hacer un par de cosas chulas el lunes con las inyecciones y las muestras de sangre, pero me he metido en terrenos que ya no controlo."
                            }
                        ]
                    }
                ]
            }
        ]
    },
    {
        "client_msg_id": "840f8879-4619-418f-80e6-8ad422a99360",
        "type": "message",
        "text": "¿Por dónde está la documentación de los pragma de harbour?",
        "user": "UNAHBRTFA",
        "ts": "1576946000.282200",
        "team": "TJH5YU202",
        "user_team": "TJH5YU202",
        "source_team": "TJH5YU202",
        "user_profile": {
            "avatar_hash": "g3d2a3f4c28c",
            "image_72": "https:\/\/secure.gravatar.com\/avatar\/23d2a3f4c28cebb4cf07e48d02620517.jpg?s=72&d=https%3A%2F%2Fa.slack-edge.com%2Fdf10d%2Fimg%2Favatars%2Fava_0020-72.png",
            "first_name": "Andreu",
            "real_name": "Andreu Botella",
            "display_name": "Andreu Botella",
            "team": "TJH5YU202",
            "name": "andreu.132",
            "is_restricted": false,
            "is_ultra_restricted": false
        },
        "blocks": [
            {
                "type": "rich_text",
                "block_id": "YvR=",
                "elements": [
                    {
                        "type": "rich_text_section",
                        "elements": [
                            {
                                "type": "text",
                                "text": "¿Por dónde está la documentación de los pragma de harbour?"
                            }
                        ]
                    }
                ]
            }
        ]
    },
    {
        "client_msg_id": "69977546-cb2d-4f1d-b6c6-0c2ed126e6ec",
        "type": "message",
        "text": "vale, creo que lo he encontrado",
        "user": "UNAHBRTFA",
        "ts": "1576946144.282400",
        "team": "TJH5YU202",
        "user_team": "TJH5YU202",
        "source_team": "TJH5YU202",
        "user_profile": {
            "avatar_hash": "g3d2a3f4c28c",
            "image_72": "https:\/\/secure.gravatar.com\/avatar\/23d2a3f4c28cebb4cf07e48d02620517.jpg?s=72&d=https%3A%2F%2Fa.slack-edge.com%2Fdf10d%2Fimg%2Favatars%2Fava_0020-72.png",
            "first_name": "Andreu",
            "real_name": "Andreu Botella",
            "display_name": "Andreu Botella",
            "team": "TJH5YU202",
            "name": "andreu.132",
            "is_restricted": false,
            "is_ultra_restricted": false
        },
        "blocks": [
            {
                "type": "rich_text",
                "block_id": "CLP6",
                "elements": [
                    {
                        "type": "rich_text_section",
                        "elements": [
                            {
                                "type": "text",
                                "text": "vale, creo que lo he encontrado"
                            }
                        ]
                    }
                ]
            }
        ]
    },
    {
        "client_msg_id": "190bf376-247a-42b9-82c4-2ced063bb502",
        "type": "message",
        "text": "Está contruído en 64 bits, no para 32 bits",
        "user": "UJUM34LER",
        "ts": "1576967987.282500",
        "team": "TJH5YU202",
        "user_team": "TJH5YU202",
        "source_team": "TJH5YU202",
        "user_profile": {
            "avatar_hash": "g1baca93e27d",
            "image_72": "https:\/\/secure.gravatar.com\/avatar\/281baca93e27d1f9614a6a3d67bde1bc.jpg?s=72&d=https%3A%2F%2Fa.slack-edge.com%2Fdf10d%2Fimg%2Favatars%2Fava_0009-72.png",
            "first_name": "",
            "real_name": "Horacio Dellacasa",
            "display_name": "Horacio Dellacasa",
            "team": "TJH5YU202",
            "name": "horacio.dellacasa",
            "is_restricted": false,
            "is_ultra_restricted": false
        },
        "blocks": [
            {
                "type": "rich_text",
                "block_id": "9sQaM",
                "elements": [
                    {
                        "type": "rich_text_section",
                        "elements": [
                            {
                                "type": "text",
                                "text": "Está contruído en 64 bits, no para 32 bits"
                            }
                        ]
                    }
                ]
            }
        ],
        "thread_ts": "1574907816.194700",
        "parent_user_id": "UJHD0S3FU"
    },
    {
        "client_msg_id": "b1268372-2194-42ee-a0ac-e3166081dbc4",
        "type": "message",
        "text": "*BEACON* \nBuenas noches\nHe creado un SLACK en el que he adjuntado la documentación inicial sobre BEACON.\nEs una introducción y 10 ejemplos iniciales para que se puedan hacer una idea de la técnica que se utiliza, pero sí estoy dispuesto a contestar cualquier duda que se plantee, e incluso llegado el momento aprovechar alguna de las conferencias que hacemos para detallar algunos aspectos que hayan quedado poco claras.\nNo esperéis, aún, en esos ejemplos ver pantallas maravillosas ya que mi intención es que el documento que se está construyendo sirva también de manual que cubra todos los aspectos que se puedan necesitar para su correcto uso e instalación. Además, como he dicho en alguna ocasión, espero que antes de publicar más código veamos otras publicaciones que estamos esperando como \"agua de Mayo\".\nTuve la idea de ponerlo en el foro, pero es tanta la información que he de ir organizando que me ha resultado más cómodo hacerlo en un slack, aunque la idea es que cuando tenga versiones definitivas del documento que estoy haciendo, irlo pasando al foro. Y, como podéis imaginar y comprenderéis cuando veáis el documento, no sería viable ponerlo en un canal de este slack.\nPara recibir la invitación de entrada, contactar conmigo en privado o por mail con vuestro mail y el nombre de usuario que queréis utilizar y os la enviaré. De momento no publicaré una invitación genérica ( poco a poco ).\nUn saludo, y espero veros por allí, y sobre todo que lo poco que veáis os guste y os surjan un millón de preguntas y sugerencias.",
        "user": "UJUJLTWMT",
        "ts": "1576980695.293000",
        "team": "TJH5YU202",
        "user_team": "TJH5YU202",
        "source_team": "TJH5YU202",
        "user_profile": {
            "avatar_hash": "a60e3b1ef2d2",
            "image_72": "https:\/\/avatars.slack-edge.com\/2019-08-20\/726246109489_a60e3b1ef2d2c141969d_72.jpg",
            "first_name": "",
            "real_name": "Cristobal",
            "display_name": "Cristobal",
            "team": "TJH5YU202",
            "name": "navarro.cristobal",
            "is_restricted": false,
            "is_ultra_restricted": false
        },
        "edited": {
            "user": "UJUJLTWMT",
            "ts": "1576981387.000000"
        },
        "blocks": [
            {
                "type": "rich_text",
                "block_id": "7u\/",
                "elements": [
                    {
                        "type": "rich_text_section",
                        "elements": [
                            {
                                "type": "text",
                                "text": "BEACON ",
                                "style": {
                                    "bold": true
                                }
                            },
                            {
                                "type": "text",
                                "text": "\nBuenas noches\nHe creado un SLACK en el que he adjuntado la documentación inicial sobre BEACON.\nEs una introducción y 10 ejemplos iniciales para que se puedan hacer una idea de la técnica que se utiliza, pero sí estoy dispuesto a contestar cualquier duda que se plantee, e incluso llegado el momento aprovechar alguna de las conferencias que hacemos para detallar algunos aspectos que hayan quedado poco claras.\nNo esperéis, aún, en esos ejemplos ver pantallas maravillosas ya que mi intención es que el documento que se está construyendo sirva también de manual que cubra todos los aspectos que se puedan necesitar para su correcto uso e instalación. Además, como he dicho en alguna ocasión, espero que antes de publicar más código veamos otras publicaciones que estamos esperando como \"agua de Mayo\".\nTuve la idea de ponerlo en el foro, pero es tanta la información que he de ir organizando que me ha resultado más cómodo hacerlo en un slack, aunque la idea es que cuando tenga versiones definitivas del documento que estoy haciendo, irlo pasando al foro. Y, como podéis imaginar y comprenderéis cuando veáis el documento, no sería viable ponerlo en un canal de este slack.\nPara recibir la invitación de entrada, contactar conmigo en privado o por mail con vuestro mail y el nombre de usuario que queréis utilizar y os la enviaré. De momento no publicaré una invitación genérica ( poco a poco ).\nUn saludo, y espero veros por allí, y sobre todo que lo poco que veáis os guste y os surjan un millón de preguntas y sugerencias."
                            }
                        ]
                    }
                ]
            }
        ],
        "thread_ts": "1576980695.293000",
        "reply_count": 1,
        "reply_users_count": 1,
        "latest_reply": "1577026349.300000",
        "reply_users": [
            "UJUFNFMFE"
        ],
        "replies": [
            {
                "user": "UJUFNFMFE",
                "ts": "1577026349.300000"
            }
        ],
        "subscribed": false
    }
]