[
    {
        "client_msg_id": "5b256b98-1426-4343-ae05-dc161b0905b4",
        "type": "message",
        "text": "The more I work with Harbourino style the more I think it is revolutionizing also Fivewin programming.\nI mean an extra preprocessor and splitting up complexity for “normal” – John Dow programmers is very potential.\nFor example, for a test, I split up classes and have for every method an own file.\nThis way you can achieve NASA programming rules: Restrict functions to a single printed page.",
        "user": "UJHD6A81H",
        "ts": "1575275790.238400",
        "team": "TJH5YU202",
        "user_team": "TJH5YU202",
        "source_team": "TJH5YU202",
        "user_profile": {
            "avatar_hash": "g6b8073e00e9",
            "image_72": "https:\/\/secure.gravatar.com\/avatar\/b96b8073e00e9eb02bcf05bc1418eb3a.jpg?s=72&d=https%3A%2F%2Fa.slack-edge.com%2Fdf10d%2Fimg%2Favatars%2Fava_0021-72.png",
            "first_name": "Otto",
            "real_name": "Otto Atzwanger",
            "display_name": "Otto",
            "team": "TJH5YU202",
            "name": "otto",
            "is_restricted": false,
            "is_ultra_restricted": false
        },
        "blocks": [
            {
                "type": "rich_text",
                "block_id": "nQWe",
                "elements": [
                    {
                        "type": "rich_text_section",
                        "elements": [
                            {
                                "type": "text",
                                "text": "The more I work with Harbourino style the more I think it is revolutionizing also Fivewin programming.\nI mean an extra preprocessor and splitting up complexity for “normal” – John Dow programmers is very potential.\nFor example, for a test, I split up classes and have for every method an own file.\nThis way you can achieve NASA programming rules: Restrict functions to a single printed page."
                            }
                        ]
                    }
                ]
            }
        ]
    },
    {
        "client_msg_id": "834f8501-ab83-4fdc-8007-443c50ba6381",
        "type": "message",
        "text": "My friend Otto excelent harbourino:+1:",
        "user": "UK28N3CER",
        "ts": "1575296019.239300",
        "team": "TJH5YU202",
        "user_team": "TJH5YU202",
        "source_team": "TJH5YU202",
        "user_profile": {
            "avatar_hash": "7f09da813e5b",
            "image_72": "https:\/\/avatars.slack-edge.com\/2020-01-01\/880554116721_7f09da813e5b80b5a0a0_72.jpg",
            "first_name": "",
            "real_name": "Cesar SysCtrl Software",
            "display_name": "Cesar SysCtrl Software",
            "team": "TJH5YU202",
            "name": "sysctrlsoftware",
            "is_restricted": false,
            "is_ultra_restricted": false
        },
        "blocks": [
            {
                "type": "rich_text",
                "block_id": "kQ8",
                "elements": [
                    {
                        "type": "rich_text_section",
                        "elements": [
                            {
                                "type": "text",
                                "text": "My friend Otto excelent harbourino"
                            },
                            {
                                "type": "emoji",
                                "name": "+1"
                            }
                        ]
                    }
                ]
            }
        ]
    },
    {
        "client_msg_id": "d3f78081-178d-4c2c-a502-6fd6b8f1d7a5",
        "type": "message",
        "text": "good morning",
        "user": "UJHD6A81H",
        "ts": "1575357305.239500",
        "team": "TJH5YU202",
        "user_team": "TJH5YU202",
        "source_team": "TJH5YU202",
        "user_profile": {
            "avatar_hash": "g6b8073e00e9",
            "image_72": "https:\/\/secure.gravatar.com\/avatar\/b96b8073e00e9eb02bcf05bc1418eb3a.jpg?s=72&d=https%3A%2F%2Fa.slack-edge.com%2Fdf10d%2Fimg%2Favatars%2Fava_0021-72.png",
            "first_name": "Otto",
            "real_name": "Otto Atzwanger",
            "display_name": "Otto",
            "team": "TJH5YU202",
            "name": "otto",
            "is_restricted": false,
            "is_ultra_restricted": false
        },
        "blocks": [
            {
                "type": "rich_text",
                "block_id": "4ax=w",
                "elements": [
                    {
                        "type": "rich_text_section",
                        "elements": [
                            {
                                "type": "text",
                                "text": "good morning"
                            }
                        ]
                    }
                ]
            }
        ]
    },
    {
        "client_msg_id": "028e1883-ce25-4b16-a3d1-77bba60243bc",
        "type": "message",
        "text": "Maybe someone here can post an example on how to show different menu options when the web page is started via localhost.",
        "user": "UJHD6A81H",
        "ts": "1575357319.239700",
        "team": "TJH5YU202",
        "user_team": "TJH5YU202",
        "source_team": "TJH5YU202",
        "user_profile": {
            "avatar_hash": "g6b8073e00e9",
            "image_72": "https:\/\/secure.gravatar.com\/avatar\/b96b8073e00e9eb02bcf05bc1418eb3a.jpg?s=72&d=https%3A%2F%2Fa.slack-edge.com%2Fdf10d%2Fimg%2Favatars%2Fava_0021-72.png",
            "first_name": "Otto",
            "real_name": "Otto Atzwanger",
            "display_name": "Otto",
            "team": "TJH5YU202",
            "name": "otto",
            "is_restricted": false,
            "is_ultra_restricted": false
        },
        "blocks": [
            {
                "type": "rich_text",
                "block_id": "R8OLL",
                "elements": [
                    {
                        "type": "rich_text_section",
                        "elements": [
                            {
                                "type": "text",
                                "text": "Maybe someone here can post an example on how to show different menu options when the web page is started via localhost."
                            }
                        ]
                    }
                ]
            }
        ]
    },
    {
        "client_msg_id": "79080e88-53e5-41e0-8c73-84ae53e1d28b",
        "type": "message",
        "text": "`if AP_UserIP() == \"127.0.0.1\"`, I believe",
        "user": "UNAHBRTFA",
        "ts": "1575357572.240100",
        "team": "TJH5YU202",
        "user_team": "TJH5YU202",
        "source_team": "TJH5YU202",
        "user_profile": {
            "avatar_hash": "g3d2a3f4c28c",
            "image_72": "https:\/\/secure.gravatar.com\/avatar\/23d2a3f4c28cebb4cf07e48d02620517.jpg?s=72&d=https%3A%2F%2Fa.slack-edge.com%2Fdf10d%2Fimg%2Favatars%2Fava_0020-72.png",
            "first_name": "Andreu",
            "real_name": "Andreu Botella",
            "display_name": "Andreu Botella",
            "team": "TJH5YU202",
            "name": "andreu.132",
            "is_restricted": false,
            "is_ultra_restricted": false
        },
        "blocks": [
            {
                "type": "rich_text",
                "block_id": "0NZyr",
                "elements": [
                    {
                        "type": "rich_text_section",
                        "elements": [
                            {
                                "type": "text",
                                "text": "if AP_UserIP() == \"127.0.0.1\"",
                                "style": {
                                    "code": true
                                }
                            },
                            {
                                "type": "text",
                                "text": ", I believe"
                            }
                        ]
                    }
                ]
            }
        ]
    },
    {
        "client_msg_id": "9d8791e1-6e65-4522-b80e-8eb6c6b43f7f",
        "type": "message",
        "text": "Thank you, Andreu.",
        "user": "UJHD6A81H",
        "ts": "1575358132.240700",
        "team": "TJH5YU202",
        "user_team": "TJH5YU202",
        "source_team": "TJH5YU202",
        "user_profile": {
            "avatar_hash": "g6b8073e00e9",
            "image_72": "https:\/\/secure.gravatar.com\/avatar\/b96b8073e00e9eb02bcf05bc1418eb3a.jpg?s=72&d=https%3A%2F%2Fa.slack-edge.com%2Fdf10d%2Fimg%2Favatars%2Fava_0021-72.png",
            "first_name": "Otto",
            "real_name": "Otto Atzwanger",
            "display_name": "Otto",
            "team": "TJH5YU202",
            "name": "otto",
            "is_restricted": false,
            "is_ultra_restricted": false
        },
        "blocks": [
            {
                "type": "rich_text",
                "block_id": "=6Nm",
                "elements": [
                    {
                        "type": "rich_text_section",
                        "elements": [
                            {
                                "type": "text",
                                "text": "Thank you, Andreu."
                            }
                        ]
                    }
                ]
            }
        ]
    },
    {
        "client_msg_id": "01b0f7fe-7343-4945-b6a5-43092617a7e7",
        "type": "message",
        "text": "I get ::1 from localhost and the IP from Internet.",
        "user": "UJHD6A81H",
        "ts": "1575358151.241200",
        "team": "TJH5YU202",
        "user_team": "TJH5YU202",
        "source_team": "TJH5YU202",
        "user_profile": {
            "avatar_hash": "g6b8073e00e9",
            "image_72": "https:\/\/secure.gravatar.com\/avatar\/b96b8073e00e9eb02bcf05bc1418eb3a.jpg?s=72&d=https%3A%2F%2Fa.slack-edge.com%2Fdf10d%2Fimg%2Favatars%2Fava_0021-72.png",
            "first_name": "Otto",
            "real_name": "Otto Atzwanger",
            "display_name": "Otto",
            "team": "TJH5YU202",
            "name": "otto",
            "is_restricted": false,
            "is_ultra_restricted": false
        },
        "blocks": [
            {
                "type": "rich_text",
                "block_id": "LjKf0",
                "elements": [
                    {
                        "type": "rich_text_section",
                        "elements": [
                            {
                                "type": "text",
                                "text": "I get ::1 from localhost and the IP from Internet."
                            }
                        ]
                    }
                ]
            }
        ]
    },
    {
        "client_msg_id": "a80fd098-38e3-40ca-829d-cb4f8ed70965",
        "type": "message",
        "text": "oh, I assumed it returned the IPv4 address",
        "user": "UNAHBRTFA",
        "ts": "1575358173.242000",
        "team": "TJH5YU202",
        "user_team": "TJH5YU202",
        "source_team": "TJH5YU202",
        "user_profile": {
            "avatar_hash": "g3d2a3f4c28c",
            "image_72": "https:\/\/secure.gravatar.com\/avatar\/23d2a3f4c28cebb4cf07e48d02620517.jpg?s=72&d=https%3A%2F%2Fa.slack-edge.com%2Fdf10d%2Fimg%2Favatars%2Fava_0020-72.png",
            "first_name": "Andreu",
            "real_name": "Andreu Botella",
            "display_name": "Andreu Botella",
            "team": "TJH5YU202",
            "name": "andreu.132",
            "is_restricted": false,
            "is_ultra_restricted": false
        },
        "blocks": [
            {
                "type": "rich_text",
                "block_id": "bkoEH",
                "elements": [
                    {
                        "type": "rich_text_section",
                        "elements": [
                            {
                                "type": "text",
                                "text": "oh, I assumed it returned the IPv4 address"
                            }
                        ]
                    }
                ]
            }
        ]
    },
    {
        "client_msg_id": "5cccfaa4-b7de-41b5-a8df-db93ff828579",
        "type": "message",
        "text": "::1 is the IPv6 equivalent",
        "user": "UNAHBRTFA",
        "ts": "1575358181.242500",
        "team": "TJH5YU202",
        "user_team": "TJH5YU202",
        "source_team": "TJH5YU202",
        "user_profile": {
            "avatar_hash": "g3d2a3f4c28c",
            "image_72": "https:\/\/secure.gravatar.com\/avatar\/23d2a3f4c28cebb4cf07e48d02620517.jpg?s=72&d=https%3A%2F%2Fa.slack-edge.com%2Fdf10d%2Fimg%2Favatars%2Fava_0020-72.png",
            "first_name": "Andreu",
            "real_name": "Andreu Botella",
            "display_name": "Andreu Botella",
            "team": "TJH5YU202",
            "name": "andreu.132",
            "is_restricted": false,
            "is_ultra_restricted": false
        },
        "blocks": [
            {
                "type": "rich_text",
                "block_id": "RVO",
                "elements": [
                    {
                        "type": "rich_text_section",
                        "elements": [
                            {
                                "type": "text",
                                "text": "::1 is the IPv6 equivalent"
                            }
                        ]
                    }
                ]
            }
        ]
    },
    {
        "client_msg_id": "c704238a-1d47-4b3e-b04d-d626b0cda40d",
        "type": "message",
        "text": "Now how could I include some menu options inside Genesis menu.view if the web page is called from localhost",
        "user": "UJHD6A81H",
        "ts": "1575358201.242900",
        "team": "TJH5YU202",
        "user_team": "TJH5YU202",
        "source_team": "TJH5YU202",
        "user_profile": {
            "avatar_hash": "g6b8073e00e9",
            "image_72": "https:\/\/secure.gravatar.com\/avatar\/b96b8073e00e9eb02bcf05bc1418eb3a.jpg?s=72&d=https%3A%2F%2Fa.slack-edge.com%2Fdf10d%2Fimg%2Favatars%2Fava_0021-72.png",
            "first_name": "Otto",
            "real_name": "Otto Atzwanger",
            "display_name": "Otto",
            "team": "TJH5YU202",
            "name": "otto",
            "is_restricted": false,
            "is_ultra_restricted": false
        },
        "blocks": [
            {
                "type": "rich_text",
                "block_id": "Eaf6G",
                "elements": [
                    {
                        "type": "rich_text_section",
                        "elements": [
                            {
                                "type": "text",
                                "text": "Now how could I include some menu options inside Genesis menu.view if the web page is called from localhost"
                            }
                        ]
                    }
                ]
            }
        ]
    },
    {
        "client_msg_id": "af4cad09-d822-4049-9912-2a05ecb3bea5",
        "type": "message",
        "text": "```{{;\n    If(AP_UserIp() == \"::1\" .OR. AP_UserIp() == \"127.0.0.1\", ;\n        \"&lt;a \" + If(GetContent() == \"something\", 'class=\"active\"', 'class=\"text-secondary\"') + ;\n        'onclick=\"SelectCategory(this, \\'something\\');\"&gt;...&lt;\/a&gt;',\n        \"\"  \/\/ Content to display instead if not called from localhost\n    );\n}}```",
        "user": "UNAHBRTFA",
        "ts": "1575358640.246300",
        "team": "TJH5YU202",
        "user_team": "TJH5YU202",
        "source_team": "TJH5YU202",
        "user_profile": {
            "avatar_hash": "g3d2a3f4c28c",
            "image_72": "https:\/\/secure.gravatar.com\/avatar\/23d2a3f4c28cebb4cf07e48d02620517.jpg?s=72&d=https%3A%2F%2Fa.slack-edge.com%2Fdf10d%2Fimg%2Favatars%2Fava_0020-72.png",
            "first_name": "Andreu",
            "real_name": "Andreu Botella",
            "display_name": "Andreu Botella",
            "team": "TJH5YU202",
            "name": "andreu.132",
            "is_restricted": false,
            "is_ultra_restricted": false
        },
        "blocks": [
            {
                "type": "rich_text",
                "block_id": "4YY",
                "elements": [
                    {
                        "type": "rich_text_preformatted",
                        "elements": [
                            {
                                "type": "text",
                                "text": "{{;\n    If(AP_UserIp() == \"::1\" .OR. AP_UserIp() == \"127.0.0.1\", ;\n        \"<a \" + If(GetContent() == \"something\", 'class=\"active\"', 'class=\"text-secondary\"') + ;\n        'onclick=\"SelectCategory(this, \\'something\\');\">...<\/a>',\n        \"\"  \/\/ Content to display instead if not called from localhost\n    );\n}}"
                            }
                        ]
                    }
                ]
            }
        ]
    },
    {
        "client_msg_id": "3b21ab35-d830-4700-b9e2-df357a397d25",
        "type": "message",
        "text": "I don't think you can do `{{}}` blocks inside other blocks",
        "user": "UNAHBRTFA",
        "ts": "1575358664.246700",
        "team": "TJH5YU202",
        "user_team": "TJH5YU202",
        "source_team": "TJH5YU202",
        "user_profile": {
            "avatar_hash": "g3d2a3f4c28c",
            "image_72": "https:\/\/secure.gravatar.com\/avatar\/23d2a3f4c28cebb4cf07e48d02620517.jpg?s=72&d=https%3A%2F%2Fa.slack-edge.com%2Fdf10d%2Fimg%2Favatars%2Fava_0020-72.png",
            "first_name": "Andreu",
            "real_name": "Andreu Botella",
            "display_name": "Andreu Botella",
            "team": "TJH5YU202",
            "name": "andreu.132",
            "is_restricted": false,
            "is_ultra_restricted": false
        },
        "blocks": [
            {
                "type": "rich_text",
                "block_id": "JKw",
                "elements": [
                    {
                        "type": "rich_text_section",
                        "elements": [
                            {
                                "type": "text",
                                "text": "I don't think you can do "
                            },
                            {
                                "type": "text",
                                "text": "{{}}",
                                "style": {
                                    "code": true
                                }
                            },
                            {
                                "type": "text",
                                "text": " blocks inside other blocks"
                            }
                        ]
                    }
                ]
            }
        ]
    },
    {
        "client_msg_id": "8fba3456-a840-42ed-9a98-4946046d5a00",
        "type": "message",
        "text": "at least with the `ReplaceBlocks` function as it's defined in apache.prg",
        "user": "UNAHBRTFA",
        "ts": "1575358691.247200",
        "team": "TJH5YU202",
        "user_team": "TJH5YU202",
        "source_team": "TJH5YU202",
        "user_profile": {
            "avatar_hash": "g3d2a3f4c28c",
            "image_72": "https:\/\/secure.gravatar.com\/avatar\/23d2a3f4c28cebb4cf07e48d02620517.jpg?s=72&d=https%3A%2F%2Fa.slack-edge.com%2Fdf10d%2Fimg%2Favatars%2Fava_0020-72.png",
            "first_name": "Andreu",
            "real_name": "Andreu Botella",
            "display_name": "Andreu Botella",
            "team": "TJH5YU202",
            "name": "andreu.132",
            "is_restricted": false,
            "is_ultra_restricted": false
        },
        "blocks": [
            {
                "type": "rich_text",
                "block_id": "f4N",
                "elements": [
                    {
                        "type": "rich_text_section",
                        "elements": [
                            {
                                "type": "text",
                                "text": "at least with the "
                            },
                            {
                                "type": "text",
                                "text": "ReplaceBlocks",
                                "style": {
                                    "code": true
                                }
                            },
                            {
                                "type": "text",
                                "text": " function as it's defined in apache.prg"
                            }
                        ]
                    }
                ]
            }
        ]
    }
]