[
    {
        "client_msg_id": "731d9cae-6e01-447a-ba56-196d575b24e8",
        "type": "message",
        "text": "Buon giorno",
        "user": "UJVB4M0DN",
        "ts": "1570432635.109700",
        "team": "TJH5YU202",
        "user_team": "TJH5YU202",
        "source_team": "TJH5YU202",
        "user_profile": {
            "avatar_hash": "51ab5468a160",
            "image_72": "https:\/\/avatars.slack-edge.com\/2019-08-07\/707730878514_51ab5468a16072058d4a_72.png",
            "first_name": "",
            "real_name": "Massimo Linossi",
            "display_name": "Massimo Linossi",
            "team": "TJH5YU202",
            "name": "info413",
            "is_restricted": false,
            "is_ultra_restricted": false
        }
    },
    {
        "client_msg_id": "b4008acc-fd72-4e43-bb09-ea798059704c",
        "type": "message",
        "text": "Buenos dias",
        "user": "UJULAGJG5",
        "ts": "1570432932.110100",
        "team": "TJH5YU202",
        "user_team": "TJH5YU202",
        "source_team": "TJH5YU202",
        "user_profile": {
            "avatar_hash": "g456e0b2cdb9",
            "image_72": "https:\/\/secure.gravatar.com\/avatar\/dc456e0b2cdb991048d487a08c4a8c7a.jpg?s=72&d=https%3A%2F%2Fa.slack-edge.com%2Fdf10d%2Fimg%2Favatars%2Fava_0004-72.png",
            "first_name": "",
            "real_name": "Gabriel",
            "display_name": "Gabriel",
            "team": "TJH5YU202",
            "name": "jgabri",
            "is_restricted": false,
            "is_ultra_restricted": false
        }
    },
    {
        "client_msg_id": "f4c71bdd-1d64-4baf-940b-ce60410cc7c1",
        "type": "message",
        "text": "Winscp es parecido a filezilla, una pasada de aplicación",
        "user": "UJULAGJG5",
        "ts": "1570434071.111100",
        "team": "TJH5YU202",
        "user_team": "TJH5YU202",
        "source_team": "TJH5YU202",
        "user_profile": {
            "avatar_hash": "g456e0b2cdb9",
            "image_72": "https:\/\/secure.gravatar.com\/avatar\/dc456e0b2cdb991048d487a08c4a8c7a.jpg?s=72&d=https%3A%2F%2Fa.slack-edge.com%2Fdf10d%2Fimg%2Favatars%2Fava_0004-72.png",
            "first_name": "",
            "real_name": "Gabriel",
            "display_name": "Gabriel",
            "team": "TJH5YU202",
            "name": "jgabri",
            "is_restricted": false,
            "is_ultra_restricted": false
        }
    },
    {
        "client_msg_id": "c79f86ae-357a-4a33-918d-779ada8f9945",
        "type": "message",
        "text": "Es el entorno gráfico para scp",
        "user": "UJK7SNX51",
        "ts": "1570434193.111400",
        "team": "TJH5YU202",
        "user_team": "TJH5YU202",
        "source_team": "TJH5YU202",
        "user_profile": {
            "avatar_hash": "6698a9ba696b",
            "image_72": "https:\/\/avatars.slack-edge.com\/2019-07-04\/673660529330_6698a9ba696bad01eb8c_72.jpg",
            "first_name": "Baxajaun",
            "real_name": "Baxajaun",
            "display_name": "Baxajaun",
            "team": "TJH5YU202",
            "name": "fpgrande",
            "is_restricted": false,
            "is_ultra_restricted": false
        }
    },
    {
        "client_msg_id": "e93a8453-95dd-46d7-8921-ed6cd67952ba",
        "type": "message",
        "text": "Passing session variable from page to page\n\ncalling page    sessionStorage.setItem( \"TableData\", TableData );\n\n\nrequest page\n&lt;body&gt;\n&lt;script&gt;\nvar value = sessionStorage.getItem( \"MyId\" );\nvar valueTableData = sessionStorage.getItem( \"TableData\" );\n&lt;\/script&gt;\n\n&lt;h2&gt;Session-ID:&lt;\/h2&gt;\n&lt;script&gt;\n   document.write( value );\n   document.write( valueTableData );\n&lt;\/script",
        "user": "UJHD6A81H",
        "ts": "1570435215.111600",
        "team": "TJH5YU202",
        "user_team": "TJH5YU202",
        "source_team": "TJH5YU202",
        "user_profile": {
            "avatar_hash": "g6b8073e00e9",
            "image_72": "https:\/\/secure.gravatar.com\/avatar\/b96b8073e00e9eb02bcf05bc1418eb3a.jpg?s=72&d=https%3A%2F%2Fa.slack-edge.com%2Fdf10d%2Fimg%2Favatars%2Fava_0021-72.png",
            "first_name": "Otto",
            "real_name": "Otto Atzwanger",
            "display_name": "Otto",
            "team": "TJH5YU202",
            "name": "otto",
            "is_restricted": false,
            "is_ultra_restricted": false
        }
    },
    {
        "client_msg_id": "cf2d06ef-dde5-4c96-937e-c9d2a7e35ca3",
        "type": "message",
        "text": "I found this as pro for session: The big difference between sessions and cookies is that the value of the variable will be stored on the server if you're using sessions, and on the client if you're using cookies. I can't think of any good reason to use cookies instead of sessions, except if you want data to persist between sessions, but even then it's perhaps better to store it in a DB, and retrieve it based on a username or id.\nbut they also write that you should not use sessions if you store much content.  But I can't find out what much is in kB or MB.",
        "user": "UJHD6A81H",
        "ts": "1570435383.113100",
        "team": "TJH5YU202",
        "user_team": "TJH5YU202",
        "source_team": "TJH5YU202",
        "user_profile": {
            "avatar_hash": "g6b8073e00e9",
            "image_72": "https:\/\/secure.gravatar.com\/avatar\/b96b8073e00e9eb02bcf05bc1418eb3a.jpg?s=72&d=https%3A%2F%2Fa.slack-edge.com%2Fdf10d%2Fimg%2Favatars%2Fava_0021-72.png",
            "first_name": "Otto",
            "real_name": "Otto Atzwanger",
            "display_name": "Otto",
            "team": "TJH5YU202",
            "name": "otto",
            "is_restricted": false,
            "is_ultra_restricted": false
        }
    },
    {
        "client_msg_id": "0f394644-7e3a-40d5-8a9e-d629eecde0e5",
        "type": "message",
        "text": "<@UJHD6A81H> SessionStorage is fully stored in the client, and you can store a lot of data in it, as long as its a string. But then again, in javascript you can serialize a lot of stuff into strings.",
        "user": "UNAHBRTFA",
        "ts": "1570436302.114300",
        "team": "TJH5YU202",
        "user_team": "TJH5YU202",
        "source_team": "TJH5YU202",
        "user_profile": {
            "avatar_hash": "g3d2a3f4c28c",
            "image_72": "https:\/\/secure.gravatar.com\/avatar\/23d2a3f4c28cebb4cf07e48d02620517.jpg?s=72&d=https%3A%2F%2Fa.slack-edge.com%2Fdf10d%2Fimg%2Favatars%2Fava_0020-72.png",
            "first_name": "Andreu",
            "real_name": "Andreu Botella",
            "display_name": "Andreu Botella",
            "team": "TJH5YU202",
            "name": "andreu.132",
            "is_restricted": false,
            "is_ultra_restricted": false
        }
    },
    {
        "client_msg_id": "48df9340-19a3-456d-9d35-920a3601e352",
        "type": "message",
        "text": "The main disadvantage is, of course, the fact that it only lasts until you close your browser; but LocalStorage will do instead if you need longer-time storage.",
        "user": "UNAHBRTFA",
        "ts": "1570436343.115300",
        "team": "TJH5YU202",
        "user_team": "TJH5YU202",
        "source_team": "TJH5YU202",
        "user_profile": {
            "avatar_hash": "g3d2a3f4c28c",
            "image_72": "https:\/\/secure.gravatar.com\/avatar\/23d2a3f4c28cebb4cf07e48d02620517.jpg?s=72&d=https%3A%2F%2Fa.slack-edge.com%2Fdf10d%2Fimg%2Favatars%2Fava_0020-72.png",
            "first_name": "Andreu",
            "real_name": "Andreu Botella",
            "display_name": "Andreu Botella",
            "team": "TJH5YU202",
            "name": "andreu.132",
            "is_restricted": false,
            "is_ultra_restricted": false
        }
    },
    {
        "client_msg_id": "d72fe681-16fc-4a55-a3f1-01c48b196f6a",
        "type": "message",
        "text": "Cookies can last as short and as long as you need it, but they're usually optimized for very short strings, like an ID from the server.",
        "user": "UNAHBRTFA",
        "ts": "1570436404.116400",
        "team": "TJH5YU202",
        "user_team": "TJH5YU202",
        "source_team": "TJH5YU202",
        "user_profile": {
            "avatar_hash": "g3d2a3f4c28c",
            "image_72": "https:\/\/secure.gravatar.com\/avatar\/23d2a3f4c28cebb4cf07e48d02620517.jpg?s=72&d=https%3A%2F%2Fa.slack-edge.com%2Fdf10d%2Fimg%2Favatars%2Fava_0020-72.png",
            "first_name": "Andreu",
            "real_name": "Andreu Botella",
            "display_name": "Andreu Botella",
            "team": "TJH5YU202",
            "name": "andreu.132",
            "is_restricted": false,
            "is_ultra_restricted": false
        }
    },
    {
        "client_msg_id": "898c2e58-b8b3-43fb-9bde-0ad5e773de76",
        "type": "message",
        "text": "Also, while you can look up and replace cookies from javascript, it's far harder to do than using Session\/LocalStorage, so maybe take that into account too.",
        "user": "UNAHBRTFA",
        "ts": "1570436555.118100",
        "team": "TJH5YU202",
        "user_team": "TJH5YU202",
        "source_team": "TJH5YU202",
        "user_profile": {
            "avatar_hash": "g3d2a3f4c28c",
            "image_72": "https:\/\/secure.gravatar.com\/avatar\/23d2a3f4c28cebb4cf07e48d02620517.jpg?s=72&d=https%3A%2F%2Fa.slack-edge.com%2Fdf10d%2Fimg%2Favatars%2Fava_0020-72.png",
            "first_name": "Andreu",
            "real_name": "Andreu Botella",
            "display_name": "Andreu Botella",
            "team": "TJH5YU202",
            "name": "andreu.132",
            "is_restricted": false,
            "is_ultra_restricted": false
        }
    },
    {
        "client_msg_id": "d0e9efb1-05c6-4a21-b5e2-809296218580",
        "type": "message",
        "text": "Hello Andreu, thank you for your explanation.  This is very helpful.",
        "user": "UJHD6A81H",
        "ts": "1570437077.118800",
        "team": "TJH5YU202",
        "user_team": "TJH5YU202",
        "source_team": "TJH5YU202",
        "user_profile": {
            "avatar_hash": "g6b8073e00e9",
            "image_72": "https:\/\/secure.gravatar.com\/avatar\/b96b8073e00e9eb02bcf05bc1418eb3a.jpg?s=72&d=https%3A%2F%2Fa.slack-edge.com%2Fdf10d%2Fimg%2Favatars%2Fava_0021-72.png",
            "first_name": "Otto",
            "real_name": "Otto Atzwanger",
            "display_name": "Otto",
            "team": "TJH5YU202",
            "name": "otto",
            "is_restricted": false,
            "is_ultra_restricted": false
        }
    },
    {
        "client_msg_id": "923c8959-b270-4baf-b251-c521ac39ec0e",
        "type": "message",
        "text": "Andreu one thing is not clear to me. As SessionStorage creates an object is this object in the memory of the server or the client.",
        "user": "UJHD6A81H",
        "ts": "1570437205.120000",
        "team": "TJH5YU202",
        "user_team": "TJH5YU202",
        "source_team": "TJH5YU202",
        "user_profile": {
            "avatar_hash": "g6b8073e00e9",
            "image_72": "https:\/\/secure.gravatar.com\/avatar\/b96b8073e00e9eb02bcf05bc1418eb3a.jpg?s=72&d=https%3A%2F%2Fa.slack-edge.com%2Fdf10d%2Fimg%2Favatars%2Fava_0021-72.png",
            "first_name": "Otto",
            "real_name": "Otto Atzwanger",
            "display_name": "Otto",
            "team": "TJH5YU202",
            "name": "otto",
            "is_restricted": false,
            "is_ultra_restricted": false
        }
    },
    {
        "client_msg_id": "ba0b654e-4952-4bfe-b265-55e6c0f723ba",
        "type": "message",
        "text": "<https:\/\/javascript.info\/localstorage>",
        "user": "UJHD6A81H",
        "ts": "1570437331.120200",
        "team": "TJH5YU202",
        "user_team": "TJH5YU202",
        "source_team": "TJH5YU202",
        "user_profile": {
            "avatar_hash": "g6b8073e00e9",
            "image_72": "https:\/\/secure.gravatar.com\/avatar\/b96b8073e00e9eb02bcf05bc1418eb3a.jpg?s=72&d=https%3A%2F%2Fa.slack-edge.com%2Fdf10d%2Fimg%2Favatars%2Fava_0021-72.png",
            "first_name": "Otto",
            "real_name": "Otto Atzwanger",
            "display_name": "Otto",
            "team": "TJH5YU202",
            "name": "otto",
            "is_restricted": false,
            "is_ultra_restricted": false
        }
    },
    {
        "client_msg_id": "cf641192-b5df-4aa5-935b-4926ff1be2ae",
        "type": "message",
        "text": "<@UJHD6A81H> It's entirely on the client.",
        "user": "UNAHBRTFA",
        "ts": "1570437824.120700",
        "team": "TJH5YU202",
        "user_team": "TJH5YU202",
        "source_team": "TJH5YU202",
        "user_profile": {
            "avatar_hash": "g3d2a3f4c28c",
            "image_72": "https:\/\/secure.gravatar.com\/avatar\/23d2a3f4c28cebb4cf07e48d02620517.jpg?s=72&d=https%3A%2F%2Fa.slack-edge.com%2Fdf10d%2Fimg%2Favatars%2Fava_0020-72.png",
            "first_name": "Andreu",
            "real_name": "Andreu Botella",
            "display_name": "Andreu Botella",
            "team": "TJH5YU202",
            "name": "andreu.132",
            "is_restricted": false,
            "is_ultra_restricted": false
        }
    },
    {
        "client_msg_id": "f31a5355-39a9-4701-8fba-60fc858fdbfb",
        "type": "message",
        "text": "But each domain (or rather, origin) has its separate set of cookies and its separate Session and LocalStorages.",
        "user": "UNAHBRTFA",
        "ts": "1570437974.121600",
        "team": "TJH5YU202",
        "user_team": "TJH5YU202",
        "source_team": "TJH5YU202",
        "user_profile": {
            "avatar_hash": "g3d2a3f4c28c",
            "image_72": "https:\/\/secure.gravatar.com\/avatar\/23d2a3f4c28cebb4cf07e48d02620517.jpg?s=72&d=https%3A%2F%2Fa.slack-edge.com%2Fdf10d%2Fimg%2Favatars%2Fava_0020-72.png",
            "first_name": "Andreu",
            "real_name": "Andreu Botella",
            "display_name": "Andreu Botella",
            "team": "TJH5YU202",
            "name": "andreu.132",
            "is_restricted": false,
            "is_ultra_restricted": false
        }
    },
    {
        "client_msg_id": "eb0c0138-6ac0-4a1b-83e2-18895cb21d0a",
        "type": "message",
        "text": "\"Origin\" is an HTML-specific concept, but it's basically anything in the URL bar before the slash after the domain. <http:\/\/bla.com> and <https:\/\/bla.com> are different origins, as are <https:\/\/bla.com> and <https:\/\/bla.com:80>",
        "user": "UNAHBRTFA",
        "ts": "1570438118.124200",
        "team": "TJH5YU202",
        "user_team": "TJH5YU202",
        "source_team": "TJH5YU202",
        "user_profile": {
            "avatar_hash": "g3d2a3f4c28c",
            "image_72": "https:\/\/secure.gravatar.com\/avatar\/23d2a3f4c28cebb4cf07e48d02620517.jpg?s=72&d=https%3A%2F%2Fa.slack-edge.com%2Fdf10d%2Fimg%2Favatars%2Fava_0020-72.png",
            "first_name": "Andreu",
            "real_name": "Andreu Botella",
            "display_name": "Andreu Botella",
            "team": "TJH5YU202",
            "name": "andreu.132",
            "is_restricted": false,
            "is_ultra_restricted": false
        }
    },
    {
        "client_msg_id": "efb2cd57-fbaf-47e9-9bc1-8ca1aa65e0d2",
        "type": "message",
        "text": "What is the disadvantage if we use sessions variables directly in the code - I mean I use variables and when I send the page I store the variable into a session variable. Could we use session variables directly?",
        "user": "UJHD6A81H",
        "ts": "1570438225.125500",
        "team": "TJH5YU202",
        "user_team": "TJH5YU202",
        "source_team": "TJH5YU202",
        "user_profile": {
            "avatar_hash": "g6b8073e00e9",
            "image_72": "https:\/\/secure.gravatar.com\/avatar\/b96b8073e00e9eb02bcf05bc1418eb3a.jpg?s=72&d=https%3A%2F%2Fa.slack-edge.com%2Fdf10d%2Fimg%2Favatars%2Fava_0021-72.png",
            "first_name": "Otto",
            "real_name": "Otto Atzwanger",
            "display_name": "Otto",
            "team": "TJH5YU202",
            "name": "otto",
            "is_restricted": false,
            "is_ultra_restricted": false
        }
    },
    {
        "client_msg_id": "bb775921-f626-4f1e-ad78-3a15107e5b78",
        "type": "message",
        "text": "If it's data that's not gonna be modified from javascript, you save work by not having to push that to the client.",
        "user": "UNAHBRTFA",
        "ts": "1570438295.126200",
        "team": "TJH5YU202",
        "user_team": "TJH5YU202",
        "source_team": "TJH5YU202",
        "user_profile": {
            "avatar_hash": "g3d2a3f4c28c",
            "image_72": "https:\/\/secure.gravatar.com\/avatar\/23d2a3f4c28cebb4cf07e48d02620517.jpg?s=72&d=https%3A%2F%2Fa.slack-edge.com%2Fdf10d%2Fimg%2Favatars%2Fava_0020-72.png",
            "first_name": "Andreu",
            "real_name": "Andreu Botella",
            "display_name": "Andreu Botella",
            "team": "TJH5YU202",
            "name": "andreu.132",
            "is_restricted": false,
            "is_ultra_restricted": false
        }
    },
    {
        "client_msg_id": "fef9311f-0169-4372-aca4-f7b94f67a741",
        "type": "message",
        "text": "If both the server and the client can modify that data, you'll have to synchronize stuff. You can use the \"storage\" event to have one single JS function that deals with pushing new changes to the server.",
        "user": "UNAHBRTFA",
        "ts": "1570438389.127400",
        "team": "TJH5YU202",
        "user_team": "TJH5YU202",
        "source_team": "TJH5YU202",
        "user_profile": {
            "avatar_hash": "g3d2a3f4c28c",
            "image_72": "https:\/\/secure.gravatar.com\/avatar\/23d2a3f4c28cebb4cf07e48d02620517.jpg?s=72&d=https%3A%2F%2Fa.slack-edge.com%2Fdf10d%2Fimg%2Favatars%2Fava_0020-72.png",
            "first_name": "Andreu",
            "real_name": "Andreu Botella",
            "display_name": "Andreu Botella",
            "team": "TJH5YU202",
            "name": "andreu.132",
            "is_restricted": false,
            "is_ultra_restricted": false
        },
        "edited": {
            "user": "UNAHBRTFA",
            "ts": "1570438407.000000"
        }
    },
    {
        "client_msg_id": "0426ebcf-c7a0-4516-a455-a8bb2a115e18",
        "type": "message",
        "text": "* \"storage\" event",
        "user": "UNAHBRTFA",
        "ts": "1570438413.127800",
        "team": "TJH5YU202",
        "user_team": "TJH5YU202",
        "source_team": "TJH5YU202",
        "user_profile": {
            "avatar_hash": "g3d2a3f4c28c",
            "image_72": "https:\/\/secure.gravatar.com\/avatar\/23d2a3f4c28cebb4cf07e48d02620517.jpg?s=72&d=https%3A%2F%2Fa.slack-edge.com%2Fdf10d%2Fimg%2Favatars%2Fava_0020-72.png",
            "first_name": "Andreu",
            "real_name": "Andreu Botella",
            "display_name": "Andreu Botella",
            "team": "TJH5YU202",
            "name": "andreu.132",
            "is_restricted": false,
            "is_ultra_restricted": false
        }
    },
    {
        "client_msg_id": "da29f53a-28bf-4f63-b826-699506fedd0c",
        "type": "message",
        "text": "```window.addEventListener(\"storage\", function(evt) {\n    alert(\"The key \"+evt.key+\" changed from \"+evt.oldValue+\" to \"+evt.newValue+\"!\");\n});```",
        "user": "UNAHBRTFA",
        "ts": "1570438498.129200",
        "team": "TJH5YU202",
        "user_team": "TJH5YU202",
        "source_team": "TJH5YU202",
        "user_profile": {
            "avatar_hash": "g3d2a3f4c28c",
            "image_72": "https:\/\/secure.gravatar.com\/avatar\/23d2a3f4c28cebb4cf07e48d02620517.jpg?s=72&d=https%3A%2F%2Fa.slack-edge.com%2Fdf10d%2Fimg%2Favatars%2Fava_0020-72.png",
            "first_name": "Andreu",
            "real_name": "Andreu Botella",
            "display_name": "Andreu Botella",
            "team": "TJH5YU202",
            "name": "andreu.132",
            "is_restricted": false,
            "is_ultra_restricted": false
        },
        "edited": {
            "user": "UNAHBRTFA",
            "ts": "1570438614.000000"
        }
    },
    {
        "client_msg_id": "01c67273-8a00-411c-b127-f4b2fe346f16",
        "type": "message",
        "text": "sorry, I slightly misread the docs, and this isn't an API I use a lot",
        "user": "UNAHBRTFA",
        "ts": "1570438607.129700",
        "team": "TJH5YU202",
        "user_team": "TJH5YU202",
        "source_team": "TJH5YU202",
        "user_profile": {
            "avatar_hash": "g3d2a3f4c28c",
            "image_72": "https:\/\/secure.gravatar.com\/avatar\/23d2a3f4c28cebb4cf07e48d02620517.jpg?s=72&d=https%3A%2F%2Fa.slack-edge.com%2Fdf10d%2Fimg%2Favatars%2Fava_0020-72.png",
            "first_name": "Andreu",
            "real_name": "Andreu Botella",
            "display_name": "Andreu Botella",
            "team": "TJH5YU202",
            "name": "andreu.132",
            "is_restricted": false,
            "is_ultra_restricted": false
        }
    },
    {
        "client_msg_id": "21dfbfd7-b397-40ec-8796-3af6e9a07308",
        "type": "message",
        "text": "fixed",
        "user": "UNAHBRTFA",
        "ts": "1570438617.130100",
        "team": "TJH5YU202",
        "user_team": "TJH5YU202",
        "source_team": "TJH5YU202",
        "user_profile": {
            "avatar_hash": "g3d2a3f4c28c",
            "image_72": "https:\/\/secure.gravatar.com\/avatar\/23d2a3f4c28cebb4cf07e48d02620517.jpg?s=72&d=https%3A%2F%2Fa.slack-edge.com%2Fdf10d%2Fimg%2Favatars%2Fava_0020-72.png",
            "first_name": "Andreu",
            "real_name": "Andreu Botella",
            "display_name": "Andreu Botella",
            "team": "TJH5YU202",
            "name": "andreu.132",
            "is_restricted": false,
            "is_ultra_restricted": false
        }
    },
    {
        "client_msg_id": "6085ca4b-0789-4676-888e-3528d1f8ddb5",
        "type": "message",
        "text": "But again, SessionStorage only lasts for one \"session\" (until all tabs of your origin are closed). Look into LocalStorage for long-term storage.",
        "user": "UNAHBRTFA",
        "ts": "1570438728.131000",
        "team": "TJH5YU202",
        "user_team": "TJH5YU202",
        "source_team": "TJH5YU202",
        "user_profile": {
            "avatar_hash": "g3d2a3f4c28c",
            "image_72": "https:\/\/secure.gravatar.com\/avatar\/23d2a3f4c28cebb4cf07e48d02620517.jpg?s=72&d=https%3A%2F%2Fa.slack-edge.com%2Fdf10d%2Fimg%2Favatars%2Fava_0020-72.png",
            "first_name": "Andreu",
            "real_name": "Andreu Botella",
            "display_name": "Andreu Botella",
            "team": "TJH5YU202",
            "name": "andreu.132",
            "is_restricted": false,
            "is_ultra_restricted": false
        }
    },
    {
        "client_msg_id": "f8e95776-1f29-45f9-929b-6e574932dae4",
        "type": "message",
        "text": "Andreu thank you so much.",
        "user": "UJHD6A81H",
        "ts": "1570438755.131300",
        "team": "TJH5YU202",
        "user_team": "TJH5YU202",
        "source_team": "TJH5YU202",
        "user_profile": {
            "avatar_hash": "g6b8073e00e9",
            "image_72": "https:\/\/secure.gravatar.com\/avatar\/b96b8073e00e9eb02bcf05bc1418eb3a.jpg?s=72&d=https%3A%2F%2Fa.slack-edge.com%2Fdf10d%2Fimg%2Favatars%2Fava_0021-72.png",
            "first_name": "Otto",
            "real_name": "Otto Atzwanger",
            "display_name": "Otto",
            "team": "TJH5YU202",
            "name": "otto",
            "is_restricted": false,
            "is_ultra_restricted": false
        }
    },
    {
        "client_msg_id": "9b165054-a8c3-444e-b657-c17d2c84cf05",
        "type": "message",
        "text": "Here is a screenshot from the new version of mod harbour patcher.",
        "user": "UJHD6A81H",
        "ts": "1570438783.131900",
        "team": "TJH5YU202",
        "user_team": "TJH5YU202",
        "source_team": "TJH5YU202",
        "user_profile": {
            "avatar_hash": "g6b8073e00e9",
            "image_72": "https:\/\/secure.gravatar.com\/avatar\/b96b8073e00e9eb02bcf05bc1418eb3a.jpg?s=72&d=https%3A%2F%2Fa.slack-edge.com%2Fdf10d%2Fimg%2Favatars%2Fava_0021-72.png",
            "first_name": "Otto",
            "real_name": "Otto Atzwanger",
            "display_name": "Otto",
            "team": "TJH5YU202",
            "name": "otto",
            "is_restricted": false,
            "is_ultra_restricted": false
        }
    },
    {
        "type": "message",
        "text": "",
        "files": [
            {
                "id": "FNSDB00CT",
                "created": 1570438788,
                "timestamp": 1570438788,
                "name": "image.png",
                "title": "image.png",
                "mimetype": "image\/png",
                "filetype": "png",
                "pretty_type": "PNG",
                "user": "UJHD6A81H",
                "editable": false,
                "size": 20850,
                "mode": "hosted",
                "is_external": false,
                "external_type": "",
                "is_public": true,
                "public_url_shared": false,
                "display_as_bot": false,
                "username": "",
                "url_private": "https:\/\/files.slack.com\/files-pri\/TJH5YU202-FNSDB00CT\/image.png?t=xoxe-629202954002-950795328464-950341379620-2ca7f74bb6537751ea5666f8f5e8896e",
                "url_private_download": "https:\/\/files.slack.com\/files-pri\/TJH5YU202-FNSDB00CT\/download\/image.png?t=xoxe-629202954002-950795328464-950341379620-2ca7f74bb6537751ea5666f8f5e8896e",
                "thumb_64": "https:\/\/files.slack.com\/files-tmb\/TJH5YU202-FNSDB00CT-2184786586\/image_64.png?t=xoxe-629202954002-950795328464-950341379620-2ca7f74bb6537751ea5666f8f5e8896e",
                "thumb_80": "https:\/\/files.slack.com\/files-tmb\/TJH5YU202-FNSDB00CT-2184786586\/image_80.png?t=xoxe-629202954002-950795328464-950341379620-2ca7f74bb6537751ea5666f8f5e8896e",
                "thumb_360": "https:\/\/files.slack.com\/files-tmb\/TJH5YU202-FNSDB00CT-2184786586\/image_360.png?t=xoxe-629202954002-950795328464-950341379620-2ca7f74bb6537751ea5666f8f5e8896e",
                "thumb_360_w": 360,
                "thumb_360_h": 280,
                "thumb_480": "https:\/\/files.slack.com\/files-tmb\/TJH5YU202-FNSDB00CT-2184786586\/image_480.png?t=xoxe-629202954002-950795328464-950341379620-2ca7f74bb6537751ea5666f8f5e8896e",
                "thumb_480_w": 480,
                "thumb_480_h": 374,
                "thumb_160": "https:\/\/files.slack.com\/files-tmb\/TJH5YU202-FNSDB00CT-2184786586\/image_160.png?t=xoxe-629202954002-950795328464-950341379620-2ca7f74bb6537751ea5666f8f5e8896e",
                "image_exif_rotation": 1,
                "original_w": 586,
                "original_h": 456,
                "thumb_tiny": "AwAlADCY7R1Jo49TTxKyjAx+VHmEnJA\/CsOfXcVkM49TSf561IJB6GnRcg\/Wmm27KQWRD\/nrSqBvB75qfjOP6UyT761TUluwtYjpVAJ5OBS\/Lxz9aacZ46Vi1Z3GP2r6\/rQrhMjrzUdFHP2QE3mj0NMZgzDFMpwxkYPeqUpSeoClOev6UbPf9Keeporbkj2AZs9\/0o2e\/wClPoo5I9gGbPf9KUJ8w5706gdRRyRXQD\/\/2Q==",
                "permalink": "https:\/\/harbourproject.slack.com\/files\/UJHD6A81H\/FNSDB00CT\/image.png",
                "permalink_public": "https:\/\/slack-files.com\/TJH5YU202-FNSDB00CT-bacede51da",
                "is_starred": false,
                "has_rich_preview": false
            }
        ],
        "upload": true,
        "user": "UJHD6A81H",
        "display_as_bot": false,
        "ts": "1570438790.132000",
        "client_msg_id": "74e837b1-73b1-4e2c-a53b-d3d268191050"
    },
    {
        "client_msg_id": "33583f83-0057-4c94-ace5-1f87adb87261",
        "type": "message",
        "text": "Creating  projects is now very easy . Now I support \"|- \" for inline comments - these are not shown on release  \"-&gt;\" for links to othere prg files and \"&amp;-\" \"-&amp;\" for parsing multiline to one line",
        "user": "UJHD6A81H",
        "ts": "1570438948.134700",
        "team": "TJH5YU202",
        "user_team": "TJH5YU202",
        "source_team": "TJH5YU202",
        "user_profile": {
            "avatar_hash": "g6b8073e00e9",
            "image_72": "https:\/\/secure.gravatar.com\/avatar\/b96b8073e00e9eb02bcf05bc1418eb3a.jpg?s=72&d=https%3A%2F%2Fa.slack-edge.com%2Fdf10d%2Fimg%2Favatars%2Fava_0021-72.png",
            "first_name": "Otto",
            "real_name": "Otto Atzwanger",
            "display_name": "Otto",
            "team": "TJH5YU202",
            "name": "otto",
            "is_restricted": false,
            "is_ultra_restricted": false
        }
    },
    {
        "client_msg_id": "d7598edb-2692-49a6-b83b-3c6f38014595",
        "type": "message",
        "text": "&gt;Andreu one thing is not clear to me. As SessionStorage creates an object is this object in the memory of the server or the client.",
        "user": "UNAHBRTFA",
        "ts": "1570439266.137600",
        "team": "TJH5YU202",
        "user_team": "TJH5YU202",
        "source_team": "TJH5YU202",
        "user_profile": {
            "avatar_hash": "g3d2a3f4c28c",
            "image_72": "https:\/\/secure.gravatar.com\/avatar\/23d2a3f4c28cebb4cf07e48d02620517.jpg?s=72&d=https%3A%2F%2Fa.slack-edge.com%2Fdf10d%2Fimg%2Favatars%2Fava_0020-72.png",
            "first_name": "Andreu",
            "real_name": "Andreu Botella",
            "display_name": "Andreu Botella",
            "team": "TJH5YU202",
            "name": "andreu.132",
            "is_restricted": false,
            "is_ultra_restricted": false
        }
    },
    {
        "client_msg_id": "902c674c-847f-4ce3-8bf4-c916688a73a4",
        "type": "message",
        "text": "\"links\" now can include path. For example, I have one copyright.prg and can show in all my prg with a single line of code this content.  In my prg files I insert -&gt; c:\\mystandardmodfiles\\copyright.prg.",
        "user": "UJHD6A81H",
        "ts": "1570439306.138600",
        "team": "TJH5YU202",
        "user_team": "TJH5YU202",
        "source_team": "TJH5YU202",
        "user_profile": {
            "avatar_hash": "g6b8073e00e9",
            "image_72": "https:\/\/secure.gravatar.com\/avatar\/b96b8073e00e9eb02bcf05bc1418eb3a.jpg?s=72&d=https%3A%2F%2Fa.slack-edge.com%2Fdf10d%2Fimg%2Favatars%2Fava_0021-72.png",
            "first_name": "Otto",
            "real_name": "Otto Atzwanger",
            "display_name": "Otto",
            "team": "TJH5YU202",
            "name": "otto",
            "is_restricted": false,
            "is_ultra_restricted": false
        }
    },
    {
        "client_msg_id": "ebbdea08-f49f-4608-8a08-2cc1ace4e8b7",
        "type": "message",
        "text": "As a general rule: if you have to communicate with a server on the web platform, you'll have to tell the API with what server to communicate.",
        "user": "UNAHBRTFA",
        "ts": "1570439310.138800",
        "team": "TJH5YU202",
        "user_team": "TJH5YU202",
        "source_team": "TJH5YU202",
        "user_profile": {
            "avatar_hash": "g3d2a3f4c28c",
            "image_72": "https:\/\/secure.gravatar.com\/avatar\/23d2a3f4c28cebb4cf07e48d02620517.jpg?s=72&d=https%3A%2F%2Fa.slack-edge.com%2Fdf10d%2Fimg%2Favatars%2Fava_0020-72.png",
            "first_name": "Andreu",
            "real_name": "Andreu Botella",
            "display_name": "Andreu Botella",
            "team": "TJH5YU202",
            "name": "andreu.132",
            "is_restricted": false,
            "is_ultra_restricted": false
        }
    },
    {
        "client_msg_id": "44fdf840-2518-4a9a-abe2-a008c985f9a5",
        "type": "message",
        "text": "Relative links are no exception, becuase they're relative to the current URL, they don't exist in the void.",
        "user": "UNAHBRTFA",
        "ts": "1570439409.139900",
        "team": "TJH5YU202",
        "user_team": "TJH5YU202",
        "source_team": "TJH5YU202",
        "user_profile": {
            "avatar_hash": "g3d2a3f4c28c",
            "image_72": "https:\/\/secure.gravatar.com\/avatar\/23d2a3f4c28cebb4cf07e48d02620517.jpg?s=72&d=https%3A%2F%2Fa.slack-edge.com%2Fdf10d%2Fimg%2Favatars%2Fava_0020-72.png",
            "first_name": "Andreu",
            "real_name": "Andreu Botella",
            "display_name": "Andreu Botella",
            "team": "TJH5YU202",
            "name": "andreu.132",
            "is_restricted": false,
            "is_ultra_restricted": false
        }
    },
    {
        "client_msg_id": "17a85d21-15c0-4065-b209-b71e7a5d78b8",
        "type": "message",
        "text": "(To be fair, there's one exception, favicons, that probably go back to something either IE or Netscape did to win over competition in the 90s.)",
        "user": "UNAHBRTFA",
        "ts": "1570439545.141100",
        "team": "TJH5YU202",
        "user_team": "TJH5YU202",
        "source_team": "TJH5YU202",
        "user_profile": {
            "avatar_hash": "g3d2a3f4c28c",
            "image_72": "https:\/\/secure.gravatar.com\/avatar\/23d2a3f4c28cebb4cf07e48d02620517.jpg?s=72&d=https%3A%2F%2Fa.slack-edge.com%2Fdf10d%2Fimg%2Favatars%2Fava_0020-72.png",
            "first_name": "Andreu",
            "real_name": "Andreu Botella",
            "display_name": "Andreu Botella",
            "team": "TJH5YU202",
            "name": "andreu.132",
            "is_restricted": false,
            "is_ultra_restricted": false
        }
    },
    {
        "client_msg_id": "3a5a350e-14ce-4587-b3ff-5fbf926a36ab",
        "type": "message",
        "text": "Session object is working perfectly.\nSave Javascript objects in sessionStorage     <http:\/\/forums.fivetechsupport.com\/viewtopic.php?f=45&amp;t=37860&amp;p=226290#p226290>",
        "user": "UJHD6A81H",
        "ts": "1570467253.141900",
        "team": "TJH5YU202",
        "user_team": "TJH5YU202",
        "source_team": "TJH5YU202",
        "user_profile": {
            "avatar_hash": "g6b8073e00e9",
            "image_72": "https:\/\/secure.gravatar.com\/avatar\/b96b8073e00e9eb02bcf05bc1418eb3a.jpg?s=72&d=https%3A%2F%2Fa.slack-edge.com%2Fdf10d%2Fimg%2Favatars%2Fava_0021-72.png",
            "first_name": "Otto",
            "real_name": "Otto Atzwanger",
            "display_name": "Otto",
            "team": "TJH5YU202",
            "name": "otto",
            "is_restricted": false,
            "is_ultra_restricted": false
        }
    },
    {
        "client_msg_id": "cbb74514-82fe-49b3-af39-02d16f948557",
        "type": "message",
        "text": "buenisimas tardes amigos todos.",
        "user": "UK28N3CER",
        "ts": "1570471192.142200",
        "team": "TJH5YU202",
        "user_team": "TJH5YU202",
        "source_team": "TJH5YU202",
        "user_profile": {
            "avatar_hash": "7f09da813e5b",
            "image_72": "https:\/\/avatars.slack-edge.com\/2020-01-01\/880554116721_7f09da813e5b80b5a0a0_72.jpg",
            "first_name": "",
            "real_name": "Cesar SysCtrl Software",
            "display_name": "Cesar SysCtrl Software",
            "team": "TJH5YU202",
            "name": "sysctrlsoftware",
            "is_restricted": false,
            "is_ultra_restricted": false
        }
    },
    {
        "client_msg_id": "85caf98f-23a8-4fce-9768-6688d0e839e2",
        "type": "message",
        "text": "Estamos migrando al foro de  forums.fivetechsupport ?  es buena la idea me gusta.",
        "user": "UK28N3CER",
        "ts": "1570472161.142700",
        "team": "TJH5YU202",
        "user_team": "TJH5YU202",
        "source_team": "TJH5YU202",
        "user_profile": {
            "avatar_hash": "7f09da813e5b",
            "image_72": "https:\/\/avatars.slack-edge.com\/2020-01-01\/880554116721_7f09da813e5b80b5a0a0_72.jpg",
            "first_name": "",
            "real_name": "Cesar SysCtrl Software",
            "display_name": "Cesar SysCtrl Software",
            "team": "TJH5YU202",
            "name": "sysctrlsoftware",
            "is_restricted": false,
            "is_ultra_restricted": false
        }
    },
    {
        "client_msg_id": "57070036-c53a-474b-87ed-471c7879be66",
        "type": "message",
        "text": "Hello Cesar, I copy things that seems interesting for future use to the FW forum. Here we loose the infos.",
        "user": "UJHD6A81H",
        "ts": "1570472806.143800",
        "team": "TJH5YU202",
        "user_team": "TJH5YU202",
        "source_team": "TJH5YU202",
        "user_profile": {
            "avatar_hash": "g6b8073e00e9",
            "image_72": "https:\/\/secure.gravatar.com\/avatar\/b96b8073e00e9eb02bcf05bc1418eb3a.jpg?s=72&d=https%3A%2F%2Fa.slack-edge.com%2Fdf10d%2Fimg%2Favatars%2Fava_0021-72.png",
            "first_name": "Otto",
            "real_name": "Otto Atzwanger",
            "display_name": "Otto",
            "team": "TJH5YU202",
            "name": "otto",
            "is_restricted": false,
            "is_ultra_restricted": false
        }
    },
    {
        "client_msg_id": "83970a60-5533-4616-8615-63335e738870",
        "type": "message",
        "text": "<http:\/\/93.189.95.9\/mod_harbour\/samples>",
        "user": "UJULAGJG5",
        "ts": "1570473195.144000",
        "team": "TJH5YU202",
        "user_team": "TJH5YU202",
        "source_team": "TJH5YU202",
        "user_profile": {
            "avatar_hash": "g456e0b2cdb9",
            "image_72": "https:\/\/secure.gravatar.com\/avatar\/dc456e0b2cdb991048d487a08c4a8c7a.jpg?s=72&d=https%3A%2F%2Fa.slack-edge.com%2Fdf10d%2Fimg%2Favatars%2Fava_0004-72.png",
            "first_name": "",
            "real_name": "Gabriel",
            "display_name": "Gabriel",
            "team": "TJH5YU202",
            "name": "jgabri",
            "is_restricted": false,
            "is_ultra_restricted": false
        }
    },
    {
        "client_msg_id": "1891c239-8cdc-440d-b889-889ea199d946",
        "type": "message",
        "text": "Funcionando en Debian 9",
        "user": "UJULAGJG5",
        "ts": "1570473212.144400",
        "team": "TJH5YU202",
        "user_team": "TJH5YU202",
        "source_team": "TJH5YU202",
        "user_profile": {
            "avatar_hash": "g456e0b2cdb9",
            "image_72": "https:\/\/secure.gravatar.com\/avatar\/dc456e0b2cdb991048d487a08c4a8c7a.jpg?s=72&d=https%3A%2F%2Fa.slack-edge.com%2Fdf10d%2Fimg%2Favatars%2Fava_0004-72.png",
            "first_name": "",
            "real_name": "Gabriel",
            "display_name": "Gabriel",
            "team": "TJH5YU202",
            "name": "jgabri",
            "is_restricted": false,
            "is_ultra_restricted": false
        }
    },
    {
        "client_msg_id": "00f0148d-84d8-4b64-be05-4a79da9f8679",
        "type": "message",
        "text": "gracias Andreu",
        "user": "UJULAGJG5",
        "ts": "1570473232.144600",
        "team": "TJH5YU202",
        "user_team": "TJH5YU202",
        "source_team": "TJH5YU202",
        "user_profile": {
            "avatar_hash": "g456e0b2cdb9",
            "image_72": "https:\/\/secure.gravatar.com\/avatar\/dc456e0b2cdb991048d487a08c4a8c7a.jpg?s=72&d=https%3A%2F%2Fa.slack-edge.com%2Fdf10d%2Fimg%2Favatars%2Fava_0004-72.png",
            "first_name": "",
            "real_name": "Gabriel",
            "display_name": "Gabriel",
            "team": "TJH5YU202",
            "name": "jgabri",
            "is_restricted": false,
            "is_ultra_restricted": false
        }
    },
    {
        "client_msg_id": "42eb1cca-6fa7-4fdb-8bb4-36c2972e5fb9",
        "type": "message",
        "text": "Gabriel, I tested and it works very speedily.",
        "user": "UJHD6A81H",
        "ts": "1570473530.145200",
        "team": "TJH5YU202",
        "user_team": "TJH5YU202",
        "source_team": "TJH5YU202",
        "user_profile": {
            "avatar_hash": "g6b8073e00e9",
            "image_72": "https:\/\/secure.gravatar.com\/avatar\/b96b8073e00e9eb02bcf05bc1418eb3a.jpg?s=72&d=https%3A%2F%2Fa.slack-edge.com%2Fdf10d%2Fimg%2Favatars%2Fava_0021-72.png",
            "first_name": "Otto",
            "real_name": "Otto Atzwanger",
            "display_name": "Otto",
            "team": "TJH5YU202",
            "name": "otto",
            "is_restricted": false,
            "is_ultra_restricted": false
        }
    },
    {
        "client_msg_id": "da630119-4e04-440c-a953-82680055d460",
        "type": "message",
        "text": "Error: Open error\nfilename: \/var\/www\/html\/mod_harbour\/samples\/data\/customer.dbf\ncalled from: ..\/..\/..\/apache.prg, (b)MAIN, line: 0\ncalled from: DBUSEAREA, line: 0\ncalled from: pcode.hrb, MAIN, line: 5\ncalled from: HB_HRBDO, line: 0\ncalled from: ..\/..\/..\/apache.prg, EXECUTE, line: 0\ncalled from: ..\/..\/..\/apache.prg, MAIN, line: 0",
        "user": "UK28N3CER",
        "ts": "1570473602.145400",
        "team": "TJH5YU202",
        "user_team": "TJH5YU202",
        "source_team": "TJH5YU202",
        "user_profile": {
            "avatar_hash": "7f09da813e5b",
            "image_72": "https:\/\/avatars.slack-edge.com\/2020-01-01\/880554116721_7f09da813e5b80b5a0a0_72.jpg",
            "first_name": "",
            "real_name": "Cesar SysCtrl Software",
            "display_name": "Cesar SysCtrl Software",
            "team": "TJH5YU202",
            "name": "sysctrlsoftware",
            "is_restricted": false,
            "is_ultra_restricted": false
        }
    },
    {
        "client_msg_id": "d404fab3-91d9-4765-933b-f01954fddf54",
        "type": "message",
        "text": "Marca error Gabriel,,",
        "user": "UK28N3CER",
        "ts": "1570473634.146000",
        "team": "TJH5YU202",
        "user_team": "TJH5YU202",
        "source_team": "TJH5YU202",
        "user_profile": {
            "avatar_hash": "7f09da813e5b",
            "image_72": "https:\/\/avatars.slack-edge.com\/2020-01-01\/880554116721_7f09da813e5b80b5a0a0_72.jpg",
            "first_name": "",
            "real_name": "Cesar SysCtrl Software",
            "display_name": "Cesar SysCtrl Software",
            "team": "TJH5YU202",
            "name": "sysctrlsoftware",
            "is_restricted": false,
            "is_ultra_restricted": false
        }
    },
    {
        "client_msg_id": "fd8e4249-d030-4889-a80b-70c5b9a62255",
        "type": "message",
        "text": "Otto, very good,",
        "user": "UK28N3CER",
        "ts": "1570473640.146200",
        "team": "TJH5YU202",
        "user_team": "TJH5YU202",
        "source_team": "TJH5YU202",
        "user_profile": {
            "avatar_hash": "7f09da813e5b",
            "image_72": "https:\/\/avatars.slack-edge.com\/2020-01-01\/880554116721_7f09da813e5b80b5a0a0_72.jpg",
            "first_name": "",
            "real_name": "Cesar SysCtrl Software",
            "display_name": "Cesar SysCtrl Software",
            "team": "TJH5YU202",
            "name": "sysctrlsoftware",
            "is_restricted": false,
            "is_ultra_restricted": false
        }
    },
    {
        "client_msg_id": "518ae23a-9288-4f66-b661-6687453d2814",
        "type": "message",
        "text": "permiso de escritura de las dbf",
        "user": "UJULAGJG5",
        "ts": "1570473747.146600",
        "team": "TJH5YU202",
        "user_team": "TJH5YU202",
        "source_team": "TJH5YU202",
        "user_profile": {
            "avatar_hash": "g456e0b2cdb9",
            "image_72": "https:\/\/secure.gravatar.com\/avatar\/dc456e0b2cdb991048d487a08c4a8c7a.jpg?s=72&d=https%3A%2F%2Fa.slack-edge.com%2Fdf10d%2Fimg%2Favatars%2Fava_0004-72.png",
            "first_name": "",
            "real_name": "Gabriel",
            "display_name": "Gabriel",
            "team": "TJH5YU202",
            "name": "jgabri",
            "is_restricted": false,
            "is_ultra_restricted": false
        }
    },
    {
        "client_msg_id": "fd9452cc-fec3-4f4f-b7f6-abd7bbf20f5c",
        "type": "message",
        "text": "que samples te da el error ?",
        "user": "UJULAGJG5",
        "ts": "1570474412.147000",
        "team": "TJH5YU202",
        "user_team": "TJH5YU202",
        "source_team": "TJH5YU202",
        "user_profile": {
            "avatar_hash": "g456e0b2cdb9",
            "image_72": "https:\/\/secure.gravatar.com\/avatar\/dc456e0b2cdb991048d487a08c4a8c7a.jpg?s=72&d=https%3A%2F%2Fa.slack-edge.com%2Fdf10d%2Fimg%2Favatars%2Fava_0004-72.png",
            "first_name": "",
            "real_name": "Gabriel",
            "display_name": "Gabriel",
            "team": "TJH5YU202",
            "name": "jgabri",
            "is_restricted": false,
            "is_ultra_restricted": false
        }
    },
    {
        "client_msg_id": "1d62a59e-7ce9-4cae-806c-c71ae7d28e9f",
        "type": "message",
        "text": "Dbbrowse. Prg",
        "user": "UK28N3CER",
        "ts": "1570474745.147500",
        "team": "TJH5YU202",
        "user_team": "TJH5YU202",
        "source_team": "TJH5YU202",
        "user_profile": {
            "avatar_hash": "7f09da813e5b",
            "image_72": "https:\/\/avatars.slack-edge.com\/2020-01-01\/880554116721_7f09da813e5b80b5a0a0_72.jpg",
            "first_name": "",
            "real_name": "Cesar SysCtrl Software",
            "display_name": "Cesar SysCtrl Software",
            "team": "TJH5YU202",
            "name": "sysctrlsoftware",
            "is_restricted": false,
            "is_ultra_restricted": false
        }
    },
    {
        "client_msg_id": "055ae1d2-5486-4816-bb38-b06d7dc30f91",
        "type": "message",
        "text": "Exacto son permisos de lectura o escritura",
        "user": "UK28N3CER",
        "ts": "1570474786.148400",
        "team": "TJH5YU202",
        "user_team": "TJH5YU202",
        "source_team": "TJH5YU202",
        "user_profile": {
            "avatar_hash": "7f09da813e5b",
            "image_72": "https:\/\/avatars.slack-edge.com\/2020-01-01\/880554116721_7f09da813e5b80b5a0a0_72.jpg",
            "first_name": "",
            "real_name": "Cesar SysCtrl Software",
            "display_name": "Cesar SysCtrl Software",
            "team": "TJH5YU202",
            "name": "sysctrlsoftware",
            "is_restricted": false,
            "is_ultra_restricted": false
        }
    },
    {
        "client_msg_id": "599af9fd-f474-4518-9acc-599204f47125",
        "type": "message",
        "text": "ya funciona perfectamente  !!",
        "user": "UJULAGJG5",
        "ts": "1570474955.148700",
        "team": "TJH5YU202",
        "user_team": "TJH5YU202",
        "source_team": "TJH5YU202",
        "user_profile": {
            "avatar_hash": "g456e0b2cdb9",
            "image_72": "https:\/\/secure.gravatar.com\/avatar\/dc456e0b2cdb991048d487a08c4a8c7a.jpg?s=72&d=https%3A%2F%2Fa.slack-edge.com%2Fdf10d%2Fimg%2Favatars%2Fava_0004-72.png",
            "first_name": "",
            "real_name": "Gabriel",
            "display_name": "Gabriel",
            "team": "TJH5YU202",
            "name": "jgabri",
            "is_restricted": false,
            "is_ultra_restricted": false
        }
    },
    {
        "client_msg_id": "e9f17670-57b1-4e47-83a7-a75ee8ad358c",
        "type": "message",
        "text": "Excelente Gabriel :+1: :clap:",
        "user": "UK28N3CER",
        "ts": "1570476708.149300",
        "team": "TJH5YU202",
        "user_team": "TJH5YU202",
        "source_team": "TJH5YU202",
        "user_profile": {
            "avatar_hash": "7f09da813e5b",
            "image_72": "https:\/\/avatars.slack-edge.com\/2020-01-01\/880554116721_7f09da813e5b80b5a0a0_72.jpg",
            "first_name": "",
            "real_name": "Cesar SysCtrl Software",
            "display_name": "Cesar SysCtrl Software",
            "team": "TJH5YU202",
            "name": "sysctrlsoftware",
            "is_restricted": false,
            "is_ultra_restricted": false
        }
    },
    {
        "type": "message",
        "text": "",
        "files": [
            {
                "id": "FP6JU0Y7R",
                "created": 1570476767,
                "timestamp": 1570476767,
                "name": "imagen.png",
                "title": "imagen.png",
                "mimetype": "image\/png",
                "filetype": "png",
                "pretty_type": "PNG",
                "user": "UJUJLTWMT",
                "editable": false,
                "size": 71295,
                "mode": "hosted",
                "is_external": false,
                "external_type": "",
                "is_public": true,
                "public_url_shared": false,
                "display_as_bot": false,
                "username": "",
                "url_private": "https:\/\/files.slack.com\/files-pri\/TJH5YU202-FP6JU0Y7R\/imagen.png?t=xoxe-629202954002-950795328464-950341379620-2ca7f74bb6537751ea5666f8f5e8896e",
                "url_private_download": "https:\/\/files.slack.com\/files-pri\/TJH5YU202-FP6JU0Y7R\/download\/imagen.png?t=xoxe-629202954002-950795328464-950341379620-2ca7f74bb6537751ea5666f8f5e8896e",
                "thumb_64": "https:\/\/files.slack.com\/files-tmb\/TJH5YU202-FP6JU0Y7R-a6eb6f2229\/imagen_64.png?t=xoxe-629202954002-950795328464-950341379620-2ca7f74bb6537751ea5666f8f5e8896e",
                "thumb_80": "https:\/\/files.slack.com\/files-tmb\/TJH5YU202-FP6JU0Y7R-a6eb6f2229\/imagen_80.png?t=xoxe-629202954002-950795328464-950341379620-2ca7f74bb6537751ea5666f8f5e8896e",
                "thumb_360": "https:\/\/files.slack.com\/files-tmb\/TJH5YU202-FP6JU0Y7R-a6eb6f2229\/imagen_360.png?t=xoxe-629202954002-950795328464-950341379620-2ca7f74bb6537751ea5666f8f5e8896e",
                "thumb_360_w": 360,
                "thumb_360_h": 202,
                "thumb_480": "https:\/\/files.slack.com\/files-tmb\/TJH5YU202-FP6JU0Y7R-a6eb6f2229\/imagen_480.png?t=xoxe-629202954002-950795328464-950341379620-2ca7f74bb6537751ea5666f8f5e8896e",
                "thumb_480_w": 480,
                "thumb_480_h": 270,
                "thumb_160": "https:\/\/files.slack.com\/files-tmb\/TJH5YU202-FP6JU0Y7R-a6eb6f2229\/imagen_160.png?t=xoxe-629202954002-950795328464-950341379620-2ca7f74bb6537751ea5666f8f5e8896e",
                "thumb_720": "https:\/\/files.slack.com\/files-tmb\/TJH5YU202-FP6JU0Y7R-a6eb6f2229\/imagen_720.png?t=xoxe-629202954002-950795328464-950341379620-2ca7f74bb6537751ea5666f8f5e8896e",
                "thumb_720_w": 720,
                "thumb_720_h": 405,
                "thumb_800": "https:\/\/files.slack.com\/files-tmb\/TJH5YU202-FP6JU0Y7R-a6eb6f2229\/imagen_800.png?t=xoxe-629202954002-950795328464-950341379620-2ca7f74bb6537751ea5666f8f5e8896e",
                "thumb_800_w": 800,
                "thumb_800_h": 450,
                "thumb_960": "https:\/\/files.slack.com\/files-tmb\/TJH5YU202-FP6JU0Y7R-a6eb6f2229\/imagen_960.png?t=xoxe-629202954002-950795328464-950341379620-2ca7f74bb6537751ea5666f8f5e8896e",
                "thumb_960_w": 960,
                "thumb_960_h": 540,
                "thumb_1024": "https:\/\/files.slack.com\/files-tmb\/TJH5YU202-FP6JU0Y7R-a6eb6f2229\/imagen_1024.png?t=xoxe-629202954002-950795328464-950341379620-2ca7f74bb6537751ea5666f8f5e8896e",
                "thumb_1024_w": 1024,
                "thumb_1024_h": 576,
                "image_exif_rotation": 1,
                "original_w": 1366,
                "original_h": 768,
                "thumb_tiny": "AwAaADC55MIPKJn6VKACKU470uKAIvs8P\/PNf++aT7PD\/wA8k\/75qbFFAEP2eH\/nkn\/fNBt4f+eSflUuKKAGnOeAfzpwJI5GKKKAAClPSkooAAMdqU9KSg9KAP\/Z",
                "permalink": "https:\/\/harbourproject.slack.com\/files\/UJUJLTWMT\/FP6JU0Y7R\/imagen.png",
                "permalink_public": "https:\/\/slack-files.com\/TJH5YU202-FP6JU0Y7R-3c18292ffb",
                "is_starred": false,
                "has_rich_preview": false
            }
        ],
        "upload": true,
        "user": "UJUJLTWMT",
        "display_as_bot": false,
        "ts": "1570476770.149400",
        "client_msg_id": "eb810e0d-9a31-4b8c-9832-889e8f79dce4"
    },
    {
        "type": "message",
        "text": "",
        "files": [
            {
                "id": "FP49DMVPW",
                "created": 1570476788,
                "timestamp": 1570476788,
                "name": "imagen.png",
                "title": "imagen.png",
                "mimetype": "image\/png",
                "filetype": "png",
                "pretty_type": "PNG",
                "user": "UJUJLTWMT",
                "editable": false,
                "size": 68635,
                "mode": "hosted",
                "is_external": false,
                "external_type": "",
                "is_public": true,
                "public_url_shared": false,
                "display_as_bot": false,
                "username": "",
                "url_private": "https:\/\/files.slack.com\/files-pri\/TJH5YU202-FP49DMVPW\/imagen.png?t=xoxe-629202954002-950795328464-950341379620-2ca7f74bb6537751ea5666f8f5e8896e",
                "url_private_download": "https:\/\/files.slack.com\/files-pri\/TJH5YU202-FP49DMVPW\/download\/imagen.png?t=xoxe-629202954002-950795328464-950341379620-2ca7f74bb6537751ea5666f8f5e8896e",
                "thumb_64": "https:\/\/files.slack.com\/files-tmb\/TJH5YU202-FP49DMVPW-9100681f8f\/imagen_64.png?t=xoxe-629202954002-950795328464-950341379620-2ca7f74bb6537751ea5666f8f5e8896e",
                "thumb_80": "https:\/\/files.slack.com\/files-tmb\/TJH5YU202-FP49DMVPW-9100681f8f\/imagen_80.png?t=xoxe-629202954002-950795328464-950341379620-2ca7f74bb6537751ea5666f8f5e8896e",
                "thumb_360": "https:\/\/files.slack.com\/files-tmb\/TJH5YU202-FP49DMVPW-9100681f8f\/imagen_360.png?t=xoxe-629202954002-950795328464-950341379620-2ca7f74bb6537751ea5666f8f5e8896e",
                "thumb_360_w": 360,
                "thumb_360_h": 202,
                "thumb_480": "https:\/\/files.slack.com\/files-tmb\/TJH5YU202-FP49DMVPW-9100681f8f\/imagen_480.png?t=xoxe-629202954002-950795328464-950341379620-2ca7f74bb6537751ea5666f8f5e8896e",
                "thumb_480_w": 480,
                "thumb_480_h": 270,
                "thumb_160": "https:\/\/files.slack.com\/files-tmb\/TJH5YU202-FP49DMVPW-9100681f8f\/imagen_160.png?t=xoxe-629202954002-950795328464-950341379620-2ca7f74bb6537751ea5666f8f5e8896e",
                "thumb_720": "https:\/\/files.slack.com\/files-tmb\/TJH5YU202-FP49DMVPW-9100681f8f\/imagen_720.png?t=xoxe-629202954002-950795328464-950341379620-2ca7f74bb6537751ea5666f8f5e8896e",
                "thumb_720_w": 720,
                "thumb_720_h": 405,
                "thumb_800": "https:\/\/files.slack.com\/files-tmb\/TJH5YU202-FP49DMVPW-9100681f8f\/imagen_800.png?t=xoxe-629202954002-950795328464-950341379620-2ca7f74bb6537751ea5666f8f5e8896e",
                "thumb_800_w": 800,
                "thumb_800_h": 450,
                "thumb_960": "https:\/\/files.slack.com\/files-tmb\/TJH5YU202-FP49DMVPW-9100681f8f\/imagen_960.png?t=xoxe-629202954002-950795328464-950341379620-2ca7f74bb6537751ea5666f8f5e8896e",
                "thumb_960_w": 960,
                "thumb_960_h": 540,
                "thumb_1024": "https:\/\/files.slack.com\/files-tmb\/TJH5YU202-FP49DMVPW-9100681f8f\/imagen_1024.png?t=xoxe-629202954002-950795328464-950341379620-2ca7f74bb6537751ea5666f8f5e8896e",
                "thumb_1024_w": 1024,
                "thumb_1024_h": 576,
                "image_exif_rotation": 1,
                "original_w": 1366,
                "original_h": 768,
                "thumb_tiny": "AwAaADC6YIQf9Uv\/AHyKk2j\/ACKWlzigCL7ND\/zzT\/vmj7ND\/wA8k\/75qXNFAEX2aH\/nkn\/fNH2aH\/nkn5VLQehoASjHtSZOaUdKADFGKKKADFFFB6UAf\/\/Z",
                "permalink": "https:\/\/harbourproject.slack.com\/files\/UJUJLTWMT\/FP49DMVPW\/imagen.png",
                "permalink_public": "https:\/\/slack-files.com\/TJH5YU202-FP49DMVPW-02269df513",
                "is_starred": false,
                "has_rich_preview": false
            }
        ],
        "upload": true,
        "user": "UJUJLTWMT",
        "display_as_bot": false,
        "ts": "1570476791.149700",
        "client_msg_id": "52fefba2-ce15-4f8f-ba5b-c8d7074cadf4"
    },
    {
        "type": "message",
        "text": "",
        "files": [
            {
                "id": "FNT8XRE59",
                "created": 1570476811,
                "timestamp": 1570476811,
                "name": "imagen.png",
                "title": "imagen.png",
                "mimetype": "image\/png",
                "filetype": "png",
                "pretty_type": "PNG",
                "user": "UJUJLTWMT",
                "editable": false,
                "size": 113148,
                "mode": "hosted",
                "is_external": false,
                "external_type": "",
                "is_public": true,
                "public_url_shared": false,
                "display_as_bot": false,
                "username": "",
                "url_private": "https:\/\/files.slack.com\/files-pri\/TJH5YU202-FNT8XRE59\/imagen.png?t=xoxe-629202954002-950795328464-950341379620-2ca7f74bb6537751ea5666f8f5e8896e",
                "url_private_download": "https:\/\/files.slack.com\/files-pri\/TJH5YU202-FNT8XRE59\/download\/imagen.png?t=xoxe-629202954002-950795328464-950341379620-2ca7f74bb6537751ea5666f8f5e8896e",
                "thumb_64": "https:\/\/files.slack.com\/files-tmb\/TJH5YU202-FNT8XRE59-f9440e28aa\/imagen_64.png?t=xoxe-629202954002-950795328464-950341379620-2ca7f74bb6537751ea5666f8f5e8896e",
                "thumb_80": "https:\/\/files.slack.com\/files-tmb\/TJH5YU202-FNT8XRE59-f9440e28aa\/imagen_80.png?t=xoxe-629202954002-950795328464-950341379620-2ca7f74bb6537751ea5666f8f5e8896e",
                "thumb_360": "https:\/\/files.slack.com\/files-tmb\/TJH5YU202-FNT8XRE59-f9440e28aa\/imagen_360.png?t=xoxe-629202954002-950795328464-950341379620-2ca7f74bb6537751ea5666f8f5e8896e",
                "thumb_360_w": 360,
                "thumb_360_h": 202,
                "thumb_480": "https:\/\/files.slack.com\/files-tmb\/TJH5YU202-FNT8XRE59-f9440e28aa\/imagen_480.png?t=xoxe-629202954002-950795328464-950341379620-2ca7f74bb6537751ea5666f8f5e8896e",
                "thumb_480_w": 480,
                "thumb_480_h": 270,
                "thumb_160": "https:\/\/files.slack.com\/files-tmb\/TJH5YU202-FNT8XRE59-f9440e28aa\/imagen_160.png?t=xoxe-629202954002-950795328464-950341379620-2ca7f74bb6537751ea5666f8f5e8896e",
                "thumb_720": "https:\/\/files.slack.com\/files-tmb\/TJH5YU202-FNT8XRE59-f9440e28aa\/imagen_720.png?t=xoxe-629202954002-950795328464-950341379620-2ca7f74bb6537751ea5666f8f5e8896e",
                "thumb_720_w": 720,
                "thumb_720_h": 405,
                "thumb_800": "https:\/\/files.slack.com\/files-tmb\/TJH5YU202-FNT8XRE59-f9440e28aa\/imagen_800.png?t=xoxe-629202954002-950795328464-950341379620-2ca7f74bb6537751ea5666f8f5e8896e",
                "thumb_800_w": 800,
                "thumb_800_h": 450,
                "thumb_960": "https:\/\/files.slack.com\/files-tmb\/TJH5YU202-FNT8XRE59-f9440e28aa\/imagen_960.png?t=xoxe-629202954002-950795328464-950341379620-2ca7f74bb6537751ea5666f8f5e8896e",
                "thumb_960_w": 960,
                "thumb_960_h": 540,
                "thumb_1024": "https:\/\/files.slack.com\/files-tmb\/TJH5YU202-FNT8XRE59-f9440e28aa\/imagen_1024.png?t=xoxe-629202954002-950795328464-950341379620-2ca7f74bb6537751ea5666f8f5e8896e",
                "thumb_1024_w": 1024,
                "thumb_1024_h": 576,
                "image_exif_rotation": 1,
                "original_w": 1366,
                "original_h": 768,
                "thumb_tiny": "AwAaADC79ni\/55p+VSbaCOc8UvHSgCP7ND\/zzX8qPs0P\/PJP++alyKTIoAj+zQ\/88k\/75pPs0X\/PJPyqbIpM8UAIaTbTqKAG45pe3SlooASl9aKD0oA\/\/9k=",
                "permalink": "https:\/\/harbourproject.slack.com\/files\/UJUJLTWMT\/FNT8XRE59\/imagen.png",
                "permalink_public": "https:\/\/slack-files.com\/TJH5YU202-FNT8XRE59-4ee8df04ab",
                "is_starred": false,
                "has_rich_preview": false
            }
        ],
        "upload": true,
        "user": "UJUJLTWMT",
        "display_as_bot": false,
        "ts": "1570476815.150000",
        "client_msg_id": "7fdb33ed-44a9-4f7d-82b3-3825e446be0e"
    },
    {
        "type": "message",
        "text": "",
        "files": [
            {
                "id": "FP6JVMABH",
                "created": 1570476843,
                "timestamp": 1570476843,
                "name": "imagen.png",
                "title": "imagen.png",
                "mimetype": "image\/png",
                "filetype": "png",
                "pretty_type": "PNG",
                "user": "UJUJLTWMT",
                "editable": false,
                "size": 70003,
                "mode": "hosted",
                "is_external": false,
                "external_type": "",
                "is_public": true,
                "public_url_shared": false,
                "display_as_bot": false,
                "username": "",
                "url_private": "https:\/\/files.slack.com\/files-pri\/TJH5YU202-FP6JVMABH\/imagen.png?t=xoxe-629202954002-950795328464-950341379620-2ca7f74bb6537751ea5666f8f5e8896e",
                "url_private_download": "https:\/\/files.slack.com\/files-pri\/TJH5YU202-FP6JVMABH\/download\/imagen.png?t=xoxe-629202954002-950795328464-950341379620-2ca7f74bb6537751ea5666f8f5e8896e",
                "thumb_64": "https:\/\/files.slack.com\/files-tmb\/TJH5YU202-FP6JVMABH-e540e54e0b\/imagen_64.png?t=xoxe-629202954002-950795328464-950341379620-2ca7f74bb6537751ea5666f8f5e8896e",
                "thumb_80": "https:\/\/files.slack.com\/files-tmb\/TJH5YU202-FP6JVMABH-e540e54e0b\/imagen_80.png?t=xoxe-629202954002-950795328464-950341379620-2ca7f74bb6537751ea5666f8f5e8896e",
                "thumb_360": "https:\/\/files.slack.com\/files-tmb\/TJH5YU202-FP6JVMABH-e540e54e0b\/imagen_360.png?t=xoxe-629202954002-950795328464-950341379620-2ca7f74bb6537751ea5666f8f5e8896e",
                "thumb_360_w": 360,
                "thumb_360_h": 202,
                "thumb_480": "https:\/\/files.slack.com\/files-tmb\/TJH5YU202-FP6JVMABH-e540e54e0b\/imagen_480.png?t=xoxe-629202954002-950795328464-950341379620-2ca7f74bb6537751ea5666f8f5e8896e",
                "thumb_480_w": 480,
                "thumb_480_h": 270,
                "thumb_160": "https:\/\/files.slack.com\/files-tmb\/TJH5YU202-FP6JVMABH-e540e54e0b\/imagen_160.png?t=xoxe-629202954002-950795328464-950341379620-2ca7f74bb6537751ea5666f8f5e8896e",
                "thumb_720": "https:\/\/files.slack.com\/files-tmb\/TJH5YU202-FP6JVMABH-e540e54e0b\/imagen_720.png?t=xoxe-629202954002-950795328464-950341379620-2ca7f74bb6537751ea5666f8f5e8896e",
                "thumb_720_w": 720,
                "thumb_720_h": 405,
                "thumb_800": "https:\/\/files.slack.com\/files-tmb\/TJH5YU202-FP6JVMABH-e540e54e0b\/imagen_800.png?t=xoxe-629202954002-950795328464-950341379620-2ca7f74bb6537751ea5666f8f5e8896e",
                "thumb_800_w": 800,
                "thumb_800_h": 450,
                "thumb_960": "https:\/\/files.slack.com\/files-tmb\/TJH5YU202-FP6JVMABH-e540e54e0b\/imagen_960.png?t=xoxe-629202954002-950795328464-950341379620-2ca7f74bb6537751ea5666f8f5e8896e",
                "thumb_960_w": 960,
                "thumb_960_h": 540,
                "thumb_1024": "https:\/\/files.slack.com\/files-tmb\/TJH5YU202-FP6JVMABH-e540e54e0b\/imagen_1024.png?t=xoxe-629202954002-950795328464-950341379620-2ca7f74bb6537751ea5666f8f5e8896e",
                "thumb_1024_w": 1024,
                "thumb_1024_h": 576,
                "image_exif_rotation": 1,
                "original_w": 1366,
                "original_h": 768,
                "thumb_tiny": "AwAaADC55MIPKJn6VKACKUjn\/wCvRigCP7PD\/wA81\/75pPs8P\/PJP++alooAi+zw\/wDPJP8Avmj7PF\/zyT8qlooAD1FBpppaAF70tNozQA6kNJmjNAH\/2Q==",
                "permalink": "https:\/\/harbourproject.slack.com\/files\/UJUJLTWMT\/FP6JVMABH\/imagen.png",
                "permalink_public": "https:\/\/slack-files.com\/TJH5YU202-FP6JVMABH-3e83ab24eb",
                "is_starred": false,
                "has_rich_preview": false
            }
        ],
        "upload": true,
        "user": "UJUJLTWMT",
        "display_as_bot": false,
        "ts": "1570476846.150300",
        "client_msg_id": "163f43ad-fdba-429b-988d-bd381deafc3b"
    },
    {
        "client_msg_id": "2eea341c-fd7f-40a8-a370-989ff4604031",
        "type": "message",
        "text": "<http:\/\/93.189.95.9\/demo\/dbrowse_demo.prg>",
        "user": "UJULAGJG5",
        "ts": "1570477323.150700",
        "team": "TJH5YU202",
        "user_team": "TJH5YU202",
        "source_team": "TJH5YU202",
        "user_profile": {
            "avatar_hash": "g456e0b2cdb9",
            "image_72": "https:\/\/secure.gravatar.com\/avatar\/dc456e0b2cdb991048d487a08c4a8c7a.jpg?s=72&d=https%3A%2F%2Fa.slack-edge.com%2Fdf10d%2Fimg%2Favatars%2Fava_0004-72.png",
            "first_name": "",
            "real_name": "Gabriel",
            "display_name": "Gabriel",
            "team": "TJH5YU202",
            "name": "jgabri",
            "is_restricted": false,
            "is_ultra_restricted": false
        }
    },
    {
        "type": "message",
        "text": "",
        "files": [
            {
                "id": "FNTB2HLBD",
                "created": 1570480118,
                "timestamp": 1570480118,
                "name": "web.config",
                "title": "web.config",
                "mimetype": "text\/plain",
                "filetype": "text",
                "pretty_type": "Plain Text",
                "user": "UMZ3LNV5Z",
                "editable": true,
                "size": 666,
                "mode": "snippet",
                "is_external": false,
                "external_type": "",
                "is_public": true,
                "public_url_shared": false,
                "display_as_bot": false,
                "username": "",
                "url_private": "https:\/\/files.slack.com\/files-pri\/TJH5YU202-FNTB2HLBD\/web.config?t=xoxe-629202954002-950795328464-950341379620-2ca7f74bb6537751ea5666f8f5e8896e",
                "url_private_download": "https:\/\/files.slack.com\/files-pri\/TJH5YU202-FNTB2HLBD\/download\/web.config?t=xoxe-629202954002-950795328464-950341379620-2ca7f74bb6537751ea5666f8f5e8896e",
                "permalink": "https:\/\/harbourproject.slack.com\/files\/UMZ3LNV5Z\/FNTB2HLBD\/web.config",
                "permalink_public": "https:\/\/slack-files.com\/TJH5YU202-FNTB2HLBD-f46c4e6dd2",
                "edit_link": "https:\/\/harbourproject.slack.com\/files\/UMZ3LNV5Z\/FNTB2HLBD\/web.config\/edit",
                "is_starred": false,
                "has_rich_preview": false
            }
        ],
        "upload": false,
        "user": "UMZ3LNV5Z",
        "display_as_bot": false,
        "ts": "1570480223.150800"
    },
    {
        "client_msg_id": "1755e8bf-a65b-4388-8b0c-0340b4c44d12",
        "type": "message",
        "text": "esto es el equivalente al htaccess del apache, si la carpeta trae un web.config con otros ajustes  pues se pega la regla dentro del nodo\n configuration\\system.webServer\\rewrite\\rules  y si no pues le plantas el web.config en la carpeta  y arreglado",
        "user": "UMZ3LNV5Z",
        "ts": "1570480418.153200",
        "team": "TJH5YU202",
        "user_team": "TJH5YU202",
        "source_team": "TJH5YU202",
        "user_profile": {
            "avatar_hash": "ec1f7fc24912",
            "image_72": "https:\/\/avatars.slack-edge.com\/2019-09-16\/760961231605_ec1f7fc24912daa47f98_72.jpg",
            "first_name": "Pablo",
            "real_name": "Pablo Botella",
            "display_name": "Pablo Botella",
            "team": "TJH5YU202",
            "name": "pb",
            "is_restricted": false,
            "is_ultra_restricted": false
        },
        "edited": {
            "user": "UMZ3LNV5Z",
            "ts": "1570480433.000000"
        }
    },
    {
        "client_msg_id": "474f7a43-f8fd-4cfb-a82b-1ff456ec217d",
        "type": "message",
        "text": "Pablo, en la carpeta configuration\\system.webServer\\rewrite\\rules ?",
        "user": "UJUJLTWMT",
        "ts": "1570480647.153700",
        "team": "TJH5YU202",
        "user_team": "TJH5YU202",
        "source_team": "TJH5YU202",
        "user_profile": {
            "avatar_hash": "a60e3b1ef2d2",
            "image_72": "https:\/\/avatars.slack-edge.com\/2019-08-20\/726246109489_a60e3b1ef2d2c141969d_72.jpg",
            "first_name": "",
            "real_name": "Cristobal",
            "display_name": "Cristobal",
            "team": "TJH5YU202",
            "name": "navarro.cristobal",
            "is_restricted": false,
            "is_ultra_restricted": false
        }
    },
    {
        "client_msg_id": "d23f1337-8d5a-416f-a9a9-a12e64aabd0a",
        "type": "message",
        "text": "no",
        "user": "UMZ3LNV5Z",
        "ts": "1570480700.153900",
        "team": "TJH5YU202",
        "user_team": "TJH5YU202",
        "source_team": "TJH5YU202",
        "user_profile": {
            "avatar_hash": "ec1f7fc24912",
            "image_72": "https:\/\/avatars.slack-edge.com\/2019-09-16\/760961231605_ec1f7fc24912daa47f98_72.jpg",
            "first_name": "Pablo",
            "real_name": "Pablo Botella",
            "display_name": "Pablo Botella",
            "team": "TJH5YU202",
            "name": "pb",
            "is_restricted": false,
            "is_ultra_restricted": false
        }
    },
    {
        "client_msg_id": "c85ecc38-5945-467e-a84c-981f7ed00c25",
        "type": "message",
        "text": "puse \\ pero me referia a las entradas de xml",
        "user": "UMZ3LNV5Z",
        "ts": "1570480725.154400",
        "team": "TJH5YU202",
        "user_team": "TJH5YU202",
        "source_team": "TJH5YU202",
        "user_profile": {
            "avatar_hash": "ec1f7fc24912",
            "image_72": "https:\/\/avatars.slack-edge.com\/2019-09-16\/760961231605_ec1f7fc24912daa47f98_72.jpg",
            "first_name": "Pablo",
            "real_name": "Pablo Botella",
            "display_name": "Pablo Botella",
            "team": "TJH5YU202",
            "name": "pb",
            "is_restricted": false,
            "is_ultra_restricted": false
        }
    },
    {
        "client_msg_id": "a9d9f3cc-632e-4437-8de2-97570bcb540b",
        "type": "message",
        "text": "el web.config lo pones en la carpeta donde se aplican las reglas, si no había ningun web.config pues no hay problema lo copias y usas ese web config\ny si ya hay uno pues tienes que mezclar el contenido del xml para no perder los otros ajustes",
        "user": "UMZ3LNV5Z",
        "ts": "1570480831.156100",
        "team": "TJH5YU202",
        "user_team": "TJH5YU202",
        "source_team": "TJH5YU202",
        "user_profile": {
            "avatar_hash": "ec1f7fc24912",
            "image_72": "https:\/\/avatars.slack-edge.com\/2019-09-16\/760961231605_ec1f7fc24912daa47f98_72.jpg",
            "first_name": "Pablo",
            "real_name": "Pablo Botella",
            "display_name": "Pablo Botella",
            "team": "TJH5YU202",
            "name": "pb",
            "is_restricted": false,
            "is_ultra_restricted": false
        }
    },
    {
        "client_msg_id": "4fce39ed-abfa-4824-9c30-47578a2e8750",
        "type": "message",
        "text": "por ejemplo\n```\n&lt;?xml version=\"1.0\" encoding=\"UTF-8\"?&gt;\n&lt;configuration&gt;\n    &lt;system.webServer&gt;\n```\naquí añadiriamos esto:\n```\n        &lt;rewrite&gt;\n            &lt;rules&gt;\n                &lt;rule name=\"mod-marbour\" stopProcessing=\"true\"&gt;\n                    &lt;match url=\"^(.*)$\" \/&gt;\n                    &lt;conditions&gt;\n                        &lt;add input=\"{REQUEST_FILENAME}\" matchType=\"IsFile\" negate=\"true\" \/&gt;\n                        &lt;add input=\"{REQUEST_FILENAME}\" matchType=\"IsDirectory\" negate=\"true\" \/&gt;\n                    &lt;\/conditions&gt;\n                    &lt;action type=\"Rewrite\" url=\"index.prg\/{R:1}\" \/&gt;\n                &lt;\/rule&gt;\n            &lt;\/rules&gt;\n        &lt;\/rewrite&gt;\n```\naquí en medio:\n\n```\n        &lt;defaultDocument&gt;\n            &lt;files&gt;\n                &lt;add value=\"index.prg\" \/&gt;\n            &lt;\/files&gt;\n        &lt;\/defaultDocument&gt;\n        &lt;los-parametros-de-mi-app&gt;\n            &lt;dbf-folder value=\"C:\\data\\web\\dbfs\\\" \\&gt;\n        &lt;\/los-parametros-de-mi-app&gt;\n    &lt;\/system.webServer&gt;\n&lt;\/configuration&gt;\n```",
        "user": "UMZ3LNV5Z",
        "ts": "1570481038.156300",
        "team": "TJH5YU202",
        "user_team": "TJH5YU202",
        "source_team": "TJH5YU202",
        "user_profile": {
            "avatar_hash": "ec1f7fc24912",
            "image_72": "https:\/\/avatars.slack-edge.com\/2019-09-16\/760961231605_ec1f7fc24912daa47f98_72.jpg",
            "first_name": "Pablo",
            "real_name": "Pablo Botella",
            "display_name": "Pablo Botella",
            "team": "TJH5YU202",
            "name": "pb",
            "is_restricted": false,
            "is_ultra_restricted": false
        },
        "edited": {
            "user": "UMZ3LNV5Z",
            "ts": "1570561946.000000"
        },
        "reactions": [
            {
                "name": "clap",
                "users": [
                    "UJUJLTWMT"
                ],
                "count": 1
            }
        ]
    },
    {
        "client_msg_id": "f8bdb5d6-bf9b-4c71-9973-0da96332b956",
        "type": "message",
        "text": "Esto era lo q buscabamos...",
        "user": "UJWR5N32S",
        "ts": "1570481193.157100",
        "team": "TJH5YU202",
        "user_team": "TJH5YU202",
        "source_team": "TJH5YU202",
        "user_profile": {
            "avatar_hash": "273d3745f7ae",
            "image_72": "https:\/\/avatars.slack-edge.com\/2019-05-20\/634344238497_273d3745f7ae1b176b82_72.jpg",
            "first_name": "Charly",
            "real_name": "Charly",
            "display_name": "Charly",
            "team": "TJH5YU202",
            "name": "carles9000",
            "is_restricted": false,
            "is_ultra_restricted": false
        }
    },
    {
        "client_msg_id": "565cdf01-e438-4e4e-9f35-2e4fdae05c01",
        "type": "message",
        "text": ":wink:",
        "user": "UJWR5N32S",
        "ts": "1570481197.157200",
        "team": "TJH5YU202",
        "user_team": "TJH5YU202",
        "source_team": "TJH5YU202",
        "user_profile": {
            "avatar_hash": "273d3745f7ae",
            "image_72": "https:\/\/avatars.slack-edge.com\/2019-05-20\/634344238497_273d3745f7ae1b176b82_72.jpg",
            "first_name": "Charly",
            "real_name": "Charly",
            "display_name": "Charly",
            "team": "TJH5YU202",
            "name": "carles9000",
            "is_restricted": false,
            "is_ultra_restricted": false
        }
    },
    {
        "client_msg_id": "d9ce066a-1921-43d3-ba51-3462674deb72",
        "type": "message",
        "text": "hay que instalar el urlrewrite\nSi activas la plataforma de IIS te lo instalas directamente desde el propio IIS",
        "user": "UMZ3LNV5Z",
        "ts": "1570481251.158100",
        "team": "TJH5YU202",
        "user_team": "TJH5YU202",
        "source_team": "TJH5YU202",
        "user_profile": {
            "avatar_hash": "ec1f7fc24912",
            "image_72": "https:\/\/avatars.slack-edge.com\/2019-09-16\/760961231605_ec1f7fc24912daa47f98_72.jpg",
            "first_name": "Pablo",
            "real_name": "Pablo Botella",
            "display_name": "Pablo Botella",
            "team": "TJH5YU202",
            "name": "pb",
            "is_restricted": false,
            "is_ultra_restricted": false
        }
    },
    {
        "client_msg_id": "07957c49-786c-4fa8-a2ae-7530343d801c",
        "type": "message",
        "text": "Ma;ana lo pruebo y te cuento",
        "user": "UJWR5N32S",
        "ts": "1570481279.158700",
        "team": "TJH5YU202",
        "user_team": "TJH5YU202",
        "source_team": "TJH5YU202",
        "user_profile": {
            "avatar_hash": "273d3745f7ae",
            "image_72": "https:\/\/avatars.slack-edge.com\/2019-05-20\/634344238497_273d3745f7ae1b176b82_72.jpg",
            "first_name": "Charly",
            "real_name": "Charly",
            "display_name": "Charly",
            "team": "TJH5YU202",
            "name": "carles9000",
            "is_restricted": false,
            "is_ultra_restricted": false
        }
    },
    {
        "client_msg_id": "9d17337a-8a4a-4614-8b40-fa61cd82c81b",
        "type": "message",
        "text": "Gracias :slightly_smiling_face:",
        "user": "UJWR5N32S",
        "ts": "1570481290.159000",
        "team": "TJH5YU202",
        "user_team": "TJH5YU202",
        "source_team": "TJH5YU202",
        "user_profile": {
            "avatar_hash": "273d3745f7ae",
            "image_72": "https:\/\/avatars.slack-edge.com\/2019-05-20\/634344238497_273d3745f7ae1b176b82_72.jpg",
            "first_name": "Charly",
            "real_name": "Charly",
            "display_name": "Charly",
            "team": "TJH5YU202",
            "name": "carles9000",
            "is_restricted": false,
            "is_ultra_restricted": false
        }
    },
    {
        "type": "message",
        "text": "",
        "files": [
            {
                "id": "FNTBV25NX",
                "created": 1570481354,
                "timestamp": 1570481354,
                "name": "image.png",
                "title": "image.png",
                "mimetype": "image\/png",
                "filetype": "png",
                "pretty_type": "PNG",
                "user": "UMZ3LNV5Z",
                "editable": false,
                "size": 59632,
                "mode": "hosted",
                "is_external": false,
                "external_type": "",
                "is_public": true,
                "public_url_shared": false,
                "display_as_bot": false,
                "username": "",
                "url_private": "https:\/\/files.slack.com\/files-pri\/TJH5YU202-FNTBV25NX\/image.png?t=xoxe-629202954002-950795328464-950341379620-2ca7f74bb6537751ea5666f8f5e8896e",
                "url_private_download": "https:\/\/files.slack.com\/files-pri\/TJH5YU202-FNTBV25NX\/download\/image.png?t=xoxe-629202954002-950795328464-950341379620-2ca7f74bb6537751ea5666f8f5e8896e",
                "thumb_64": "https:\/\/files.slack.com\/files-tmb\/TJH5YU202-FNTBV25NX-5a183296db\/image_64.png?t=xoxe-629202954002-950795328464-950341379620-2ca7f74bb6537751ea5666f8f5e8896e",
                "thumb_80": "https:\/\/files.slack.com\/files-tmb\/TJH5YU202-FNTBV25NX-5a183296db\/image_80.png?t=xoxe-629202954002-950795328464-950341379620-2ca7f74bb6537751ea5666f8f5e8896e",
                "thumb_360": "https:\/\/files.slack.com\/files-tmb\/TJH5YU202-FNTBV25NX-5a183296db\/image_360.png?t=xoxe-629202954002-950795328464-950341379620-2ca7f74bb6537751ea5666f8f5e8896e",
                "thumb_360_w": 360,
                "thumb_360_h": 186,
                "thumb_480": "https:\/\/files.slack.com\/files-tmb\/TJH5YU202-FNTBV25NX-5a183296db\/image_480.png?t=xoxe-629202954002-950795328464-950341379620-2ca7f74bb6537751ea5666f8f5e8896e",
                "thumb_480_w": 480,
                "thumb_480_h": 248,
                "thumb_160": "https:\/\/files.slack.com\/files-tmb\/TJH5YU202-FNTBV25NX-5a183296db\/image_160.png?t=xoxe-629202954002-950795328464-950341379620-2ca7f74bb6537751ea5666f8f5e8896e",
                "thumb_720": "https:\/\/files.slack.com\/files-tmb\/TJH5YU202-FNTBV25NX-5a183296db\/image_720.png?t=xoxe-629202954002-950795328464-950341379620-2ca7f74bb6537751ea5666f8f5e8896e",
                "thumb_720_w": 720,
                "thumb_720_h": 372,
                "thumb_800": "https:\/\/files.slack.com\/files-tmb\/TJH5YU202-FNTBV25NX-5a183296db\/image_800.png?t=xoxe-629202954002-950795328464-950341379620-2ca7f74bb6537751ea5666f8f5e8896e",
                "thumb_800_w": 800,
                "thumb_800_h": 413,
                "image_exif_rotation": 1,
                "original_w": 925,
                "original_h": 478,
                "thumb_tiny": "AwAYADCyIE\/55j86d9nj\/wCeQqfbzmlp3YrIr\/Z4\/wDniKBbxZx5QqxTHzuouwsiP7ND\/cUUfZof7i1L2pB9P0ouwshwYY60bh61EvSnUhjic9DgUwqCepNLS1PKnuFxAvbJpQoB6n86KKFFILn\/2Q==",
                "permalink": "https:\/\/harbourproject.slack.com\/files\/UMZ3LNV5Z\/FNTBV25NX\/image.png",
                "permalink_public": "https:\/\/slack-files.com\/TJH5YU202-FNTBV25NX-3ecf1a929e",
                "is_starred": false,
                "has_rich_preview": false
            }
        ],
        "upload": true,
        "user": "UMZ3LNV5Z",
        "display_as_bot": false,
        "ts": "1570481357.159100",
        "client_msg_id": "7cef0adb-5ed6-4ab4-8ccb-378a3dbcf0a9"
    },
    {
        "client_msg_id": "0afb3439-8b6a-4c59-b25e-d72eedec5589",
        "type": "message",
        "text": "Pablo    c:\\xampp  sobre windows ?",
        "user": "UK28N3CER",
        "ts": "1570482777.160400",
        "team": "TJH5YU202",
        "user_team": "TJH5YU202",
        "source_team": "TJH5YU202",
        "user_profile": {
            "avatar_hash": "7f09da813e5b",
            "image_72": "https:\/\/avatars.slack-edge.com\/2020-01-01\/880554116721_7f09da813e5b80b5a0a0_72.jpg",
            "first_name": "",
            "real_name": "Cesar SysCtrl Software",
            "display_name": "Cesar SysCtrl Software",
            "team": "TJH5YU202",
            "name": "sysctrlsoftware",
            "is_restricted": false,
            "is_ultra_restricted": false
        }
    },
    {
        "client_msg_id": "292dc70d-576f-4caa-b6ac-c5f6c1ec8753",
        "type": "message",
        "text": "<https:\/\/i.ibb.co\/QPC2MvP\/67813163-466451007471113-6712999093701773981-n.jpg>",
        "user": "UJUJLTWMT",
        "ts": "1570483722.160600",
        "team": "TJH5YU202",
        "user_team": "TJH5YU202",
        "source_team": "TJH5YU202",
        "user_profile": {
            "avatar_hash": "a60e3b1ef2d2",
            "image_72": "https:\/\/avatars.slack-edge.com\/2019-08-20\/726246109489_a60e3b1ef2d2c141969d_72.jpg",
            "first_name": "",
            "real_name": "Cristobal",
            "display_name": "Cristobal",
            "team": "TJH5YU202",
            "name": "navarro.cristobal",
            "is_restricted": false,
            "is_ultra_restricted": false
        },
        "attachments": [
            {
                "fallback": "640x640px image",
                "image_url": "https:\/\/i.ibb.co\/QPC2MvP\/67813163-466451007471113-6712999093701773981-n.jpg",
                "image_width": 640,
                "image_height": 640,
                "image_bytes": 107255,
                "from_url": "https:\/\/i.ibb.co\/QPC2MvP\/67813163-466451007471113-6712999093701773981-n.jpg",
                "id": 1,
                "original_url": "https:\/\/i.ibb.co\/QPC2MvP\/67813163-466451007471113-6712999093701773981-n.jpg"
            }
        ],
        "reactions": [
            {
                "name": "+1",
                "users": [
                    "UJK7SNX51",
                    "UJWR5N32S"
                ],
                "count": 2
            }
        ]
    },
    {
        "client_msg_id": "4c3e9cfb-5ddd-4a40-a944-48a373ca1143",
        "type": "message",
        "text": "<@UK28N3CER> esta config es solo para IIS, para apache ya teneis los .htaccess que hacen lo mismo",
        "user": "UMZ3LNV5Z",
        "ts": "1570485624.161100",
        "team": "TJH5YU202",
        "user_team": "TJH5YU202",
        "source_team": "TJH5YU202",
        "user_profile": {
            "avatar_hash": "ec1f7fc24912",
            "image_72": "https:\/\/avatars.slack-edge.com\/2019-09-16\/760961231605_ec1f7fc24912daa47f98_72.jpg",
            "first_name": "Pablo",
            "real_name": "Pablo Botella",
            "display_name": "Pablo Botella",
            "team": "TJH5YU202",
            "name": "pb",
            "is_restricted": false,
            "is_ultra_restricted": false
        },
        "edited": {
            "user": "UMZ3LNV5Z",
            "ts": "1570485672.000000"
        }
    },
    {
        "client_msg_id": "cf802115-6194-4fc3-87a3-24c49cf881b2",
        "type": "message",
        "text": "ok. Pablo gracias,,",
        "user": "UK28N3CER",
        "ts": "1570485676.161400",
        "team": "TJH5YU202",
        "user_team": "TJH5YU202",
        "source_team": "TJH5YU202",
        "user_profile": {
            "avatar_hash": "7f09da813e5b",
            "image_72": "https:\/\/avatars.slack-edge.com\/2020-01-01\/880554116721_7f09da813e5b80b5a0a0_72.jpg",
            "first_name": "",
            "real_name": "Cesar SysCtrl Software",
            "display_name": "Cesar SysCtrl Software",
            "team": "TJH5YU202",
            "name": "sysctrlsoftware",
            "is_restricted": false,
            "is_ultra_restricted": false
        }
    },
    {
        "client_msg_id": "cf5c0f87-4f21-4206-ab95-2d64a2cc81f1",
        "type": "message",
        "text": "Ya esta instalado en el server,, :+1:",
        "user": "UK28N3CER",
        "ts": "1570485694.161800",
        "team": "TJH5YU202",
        "user_team": "TJH5YU202",
        "source_team": "TJH5YU202",
        "user_profile": {
            "avatar_hash": "7f09da813e5b",
            "image_72": "https:\/\/avatars.slack-edge.com\/2020-01-01\/880554116721_7f09da813e5b80b5a0a0_72.jpg",
            "first_name": "",
            "real_name": "Cesar SysCtrl Software",
            "display_name": "Cesar SysCtrl Software",
            "team": "TJH5YU202",
            "name": "sysctrlsoftware",
            "is_restricted": false,
            "is_ultra_restricted": false
        }
    },
    {
        "client_msg_id": "8b974923-b92f-4b05-b386-f125ab47ed85",
        "type": "message",
        "text": "Egun on !!!:clock630:",
        "user": "UJK7SNX51",
        "ts": "1570509725.162300",
        "team": "TJH5YU202",
        "user_team": "TJH5YU202",
        "source_team": "TJH5YU202",
        "user_profile": {
            "avatar_hash": "6698a9ba696b",
            "image_72": "https:\/\/avatars.slack-edge.com\/2019-07-04\/673660529330_6698a9ba696bad01eb8c_72.jpg",
            "first_name": "Baxajaun",
            "real_name": "Baxajaun",
            "display_name": "Baxajaun",
            "team": "TJH5YU202",
            "name": "fpgrande",
            "is_restricted": false,
            "is_ultra_restricted": false
        }
    },
    {
        "client_msg_id": "36f29c41-b39b-4939-9e89-d99044d650ef",
        "type": "message",
        "text": "Bon dia !!! :coffee:",
        "user": "UJWR5N32S",
        "ts": "1570512389.162600",
        "team": "TJH5YU202",
        "user_team": "TJH5YU202",
        "source_team": "TJH5YU202",
        "user_profile": {
            "avatar_hash": "273d3745f7ae",
            "image_72": "https:\/\/avatars.slack-edge.com\/2019-05-20\/634344238497_273d3745f7ae1b176b82_72.jpg",
            "first_name": "Charly",
            "real_name": "Charly",
            "display_name": "Charly",
            "team": "TJH5YU202",
            "name": "carles9000",
            "is_restricted": false,
            "is_ultra_restricted": false
        }
    },
    {
        "client_msg_id": "3d4d32bb-783c-4d10-8d15-b23613465cec",
        "type": "message",
        "text": "buenos dias :sunny:",
        "user": "UJN8D8U3B",
        "ts": "1570516436.163000",
        "team": "TJH5YU202",
        "user_team": "TJH5YU202",
        "source_team": "TJH5YU202",
        "user_profile": {
            "avatar_hash": "g92ad2abcc45",
            "image_72": "https:\/\/secure.gravatar.com\/avatar\/8492ad2abcc45ce53969adcf8420acde.jpg?s=72&d=https%3A%2F%2Fa.slack-edge.com%2Fdf10d%2Fimg%2Favatars%2Fava_0008-72.png",
            "first_name": "",
            "real_name": "Antonio Linares",
            "display_name": "Antonio Linares",
            "team": "TJH5YU202",
            "name": "alinares",
            "is_restricted": false,
            "is_ultra_restricted": false
        }
    }
]