[
    {
        "client_msg_id": "4f25fe15-4d8f-4641-8b1d-0904f0c3bc26",
        "type": "message",
        "text": "Buen dia amigos todos",
        "user": "UK28N3CER",
        "ts": "1571139216.245800",
        "team": "TJH5YU202",
        "user_team": "TJH5YU202",
        "source_team": "TJH5YU202",
        "user_profile": {
            "avatar_hash": "7f09da813e5b",
            "image_72": "https:\/\/avatars.slack-edge.com\/2020-01-01\/880554116721_7f09da813e5b80b5a0a0_72.jpg",
            "first_name": "",
            "real_name": "Cesar SysCtrl Software",
            "display_name": "Cesar SysCtrl Software",
            "team": "TJH5YU202",
            "name": "sysctrlsoftware",
            "is_restricted": false,
            "is_ultra_restricted": false
        },
        "thread_ts": "1571139216.245800",
        "reply_count": 1,
        "reply_users_count": 1,
        "latest_reply": "1571151351.247900",
        "reply_users": [
            "UJUFNFMFE"
        ],
        "replies": [
            {
                "user": "UJUFNFMFE",
                "ts": "1571151351.247900"
            }
        ],
        "subscribed": false
    },
    {
        "client_msg_id": "ef8a9273-0558-43df-97bd-bbd3ef7d09ef",
        "type": "message",
        "text": "Estamos empezando el desarrollo de Genesis_MVC :smile:",
        "user": "UJN8D8U3B",
        "ts": "1571145979.246300",
        "team": "TJH5YU202",
        "user_team": "TJH5YU202",
        "source_team": "TJH5YU202",
        "user_profile": {
            "avatar_hash": "g92ad2abcc45",
            "image_72": "https:\/\/secure.gravatar.com\/avatar\/8492ad2abcc45ce53969adcf8420acde.jpg?s=72&d=https%3A%2F%2Fa.slack-edge.com%2Fdf10d%2Fimg%2Favatars%2Fava_0008-72.png",
            "first_name": "",
            "real_name": "Antonio Linares",
            "display_name": "Antonio Linares",
            "team": "TJH5YU202",
            "name": "alinares",
            "is_restricted": false,
            "is_ultra_restricted": false
        },
        "reactions": [
            {
                "name": "clap",
                "users": [
                    "UJUFNFMFE",
                    "UJULAGJG5"
                ],
                "count": 2
            }
        ]
    },
    {
        "client_msg_id": "bee9dc74-1e61-41b8-a081-79f27ff5edbd",
        "type": "message",
        "text": ":+1:",
        "user": "UK28N3CER",
        "ts": "1571148245.246400",
        "team": "TJH5YU202",
        "user_team": "TJH5YU202",
        "source_team": "TJH5YU202",
        "user_profile": {
            "avatar_hash": "7f09da813e5b",
            "image_72": "https:\/\/avatars.slack-edge.com\/2020-01-01\/880554116721_7f09da813e5b80b5a0a0_72.jpg",
            "first_name": "",
            "real_name": "Cesar SysCtrl Software",
            "display_name": "Cesar SysCtrl Software",
            "team": "TJH5YU202",
            "name": "sysctrlsoftware",
            "is_restricted": false,
            "is_ultra_restricted": false
        }
    },
    {
        "client_msg_id": "eb81766b-6599-41b0-977e-6e3b9c015803",
        "type": "message",
        "text": "<@UJN8D8U3B> Estaba probando a compilar libharbour para Linux, y me he fijado que en la documentación de harbour\/core no pone que hbmk2 se tenga que usar con variables de entorno particulares para cada contrib.",
        "user": "UNAHBRTFA",
        "ts": "1571150227.247700",
        "team": "TJH5YU202",
        "user_team": "TJH5YU202",
        "source_team": "TJH5YU202",
        "user_profile": {
            "avatar_hash": "g3d2a3f4c28c",
            "image_72": "https:\/\/secure.gravatar.com\/avatar\/23d2a3f4c28cebb4cf07e48d02620517.jpg?s=72&d=https%3A%2F%2Fa.slack-edge.com%2Fdf10d%2Fimg%2Favatars%2Fava_0020-72.png",
            "first_name": "Andreu",
            "real_name": "Andreu Botella",
            "display_name": "Andreu Botella",
            "team": "TJH5YU202",
            "name": "andreu.132",
            "is_restricted": false,
            "is_ultra_restricted": false
        }
    },
    {
        "client_msg_id": "fabafeb4-cc59-4586-8ace-77eb470c65cd",
        "type": "message",
        "text": "buenos días Cesar buena semana",
        "user": "UJUFNFMFE",
        "ts": "1571151351.247900",
        "team": "TJH5YU202",
        "user_team": "TJH5YU202",
        "source_team": "TJH5YU202",
        "user_profile": {
            "avatar_hash": "aa4e40c137f0",
            "image_72": "https:\/\/avatars.slack-edge.com\/2019-05-21\/630419446595_aa4e40c137f03c23b9cd_72.jpg",
            "first_name": "Marcelo",
            "real_name": "Marcelo Roggeri",
            "display_name": "Marcelo Roggeri",
            "team": "TJH5YU202",
            "name": "roggerimarcelo",
            "is_restricted": false,
            "is_ultra_restricted": false
        },
        "thread_ts": "1571139216.245800",
        "parent_user_id": "UK28N3CER"
    },
    {
        "client_msg_id": "60fe77f4-1b10-4d75-8486-90d95282acdf",
        "type": "message",
        "text": "Andreu, sin embargo son necesarias ó no funcionará hbmk2",
        "user": "UJN8D8U3B",
        "ts": "1571151838.248400",
        "team": "TJH5YU202",
        "user_team": "TJH5YU202",
        "source_team": "TJH5YU202",
        "user_profile": {
            "avatar_hash": "g92ad2abcc45",
            "image_72": "https:\/\/secure.gravatar.com\/avatar\/8492ad2abcc45ce53969adcf8420acde.jpg?s=72&d=https%3A%2F%2Fa.slack-edge.com%2Fdf10d%2Fimg%2Favatars%2Fava_0008-72.png",
            "first_name": "",
            "real_name": "Antonio Linares",
            "display_name": "Antonio Linares",
            "team": "TJH5YU202",
            "name": "alinares",
            "is_restricted": false,
            "is_ultra_restricted": false
        }
    },
    {
        "client_msg_id": "d93d9787-b5d0-40d1-a456-12d9cd942b91",
        "type": "message",
        "text": "Estoy probando en linux, y los cuatro contribs que vienen compilados por defecto en harbour_for_modharbour se pueden usar con hbmk2 sin variables de entorno",
        "user": "UNAHBRTFA",
        "ts": "1571151917.249700",
        "team": "TJH5YU202",
        "user_team": "TJH5YU202",
        "source_team": "TJH5YU202",
        "user_profile": {
            "avatar_hash": "g3d2a3f4c28c",
            "image_72": "https:\/\/secure.gravatar.com\/avatar\/23d2a3f4c28cebb4cf07e48d02620517.jpg?s=72&d=https%3A%2F%2Fa.slack-edge.com%2Fdf10d%2Fimg%2Favatars%2Fava_0020-72.png",
            "first_name": "Andreu",
            "real_name": "Andreu Botella",
            "display_name": "Andreu Botella",
            "team": "TJH5YU202",
            "name": "andreu.132",
            "is_restricted": false,
            "is_ultra_restricted": false
        }
    },
    {
        "client_msg_id": "0621bc37-9426-475c-ac40-70430ff69920",
        "type": "message",
        "text": "tal vez algunas funcionen por defecto",
        "user": "UJN8D8U3B",
        "ts": "1571151972.251100",
        "team": "TJH5YU202",
        "user_team": "TJH5YU202",
        "source_team": "TJH5YU202",
        "user_profile": {
            "avatar_hash": "g92ad2abcc45",
            "image_72": "https:\/\/secure.gravatar.com\/avatar\/8492ad2abcc45ce53969adcf8420acde.jpg?s=72&d=https%3A%2F%2Fa.slack-edge.com%2Fdf10d%2Fimg%2Favatars%2Fava_0008-72.png",
            "first_name": "",
            "real_name": "Antonio Linares",
            "display_name": "Antonio Linares",
            "team": "TJH5YU202",
            "name": "alinares",
            "is_restricted": false,
            "is_ultra_restricted": false
        }
    },
    {
        "client_msg_id": "7a45257c-9815-4fd8-ba4e-2a51fcc30bca",
        "type": "message",
        "text": "Para alguna, como sqlite, las cabeceras que necesita están en contribs\/3rd, y ahí puede hacer falta la variable HB_BUILD_3RDEXT=yes, pero las demás no me han hecho falta",
        "user": "UNAHBRTFA",
        "ts": "1571151988.251500",
        "team": "TJH5YU202",
        "user_team": "TJH5YU202",
        "source_team": "TJH5YU202",
        "user_profile": {
            "avatar_hash": "g3d2a3f4c28c",
            "image_72": "https:\/\/secure.gravatar.com\/avatar\/23d2a3f4c28cebb4cf07e48d02620517.jpg?s=72&d=https%3A%2F%2Fa.slack-edge.com%2Fdf10d%2Fimg%2Favatars%2Fava_0020-72.png",
            "first_name": "Andreu",
            "real_name": "Andreu Botella",
            "display_name": "Andreu Botella",
            "team": "TJH5YU202",
            "name": "andreu.132",
            "is_restricted": false,
            "is_ultra_restricted": false
        }
    },
    {
        "client_msg_id": "362a85da-0fe4-4adf-9b1d-98eb0c2bfca3",
        "type": "message",
        "text": "aunque todavía no he probado a usar el resultado de la compilación",
        "user": "UNAHBRTFA",
        "ts": "1571152057.251900",
        "team": "TJH5YU202",
        "user_team": "TJH5YU202",
        "source_team": "TJH5YU202",
        "user_profile": {
            "avatar_hash": "g3d2a3f4c28c",
            "image_72": "https:\/\/secure.gravatar.com\/avatar\/23d2a3f4c28cebb4cf07e48d02620517.jpg?s=72&d=https%3A%2F%2Fa.slack-edge.com%2Fdf10d%2Fimg%2Favatars%2Fava_0020-72.png",
            "first_name": "Andreu",
            "real_name": "Andreu Botella",
            "display_name": "Andreu Botella",
            "team": "TJH5YU202",
            "name": "andreu.132",
            "is_restricted": false,
            "is_ultra_restricted": false
        }
    },
    {
        "client_msg_id": "7187790e-9564-455a-843e-ab74c57aab5a",
        "type": "message",
        "text": "me parece que en el mismo archivo .hbx",
        "user": "UJXP7LS78",
        "ts": "1571158104.252000",
        "team": "TJH5YU202",
        "user_team": "TJH5YU202",
        "source_team": "TJH5YU202",
        "user_profile": {
            "avatar_hash": "gc4a0baebb72",
            "image_72": "https:\/\/secure.gravatar.com\/avatar\/a1c4a0baebb720b97e5a197259dbf409.jpg?s=72&d=https%3A%2F%2Fa.slack-edge.com%2Fdf10d%2Fimg%2Favatars%2Fava_0007-72.png",
            "first_name": "",
            "real_name": "wilson gamboa",
            "display_name": "wilson gamboa",
            "team": "TJH5YU202",
            "name": "wilson.josenet",
            "is_restricted": false,
            "is_ultra_restricted": false
        }
    },
    {
        "client_msg_id": "1def01fd-e6e5-4be6-beac-bd2e9ba66f75",
        "type": "message",
        "text": "esta el tema para resolverlo",
        "user": "UJXP7LS78",
        "ts": "1571158104.252100",
        "team": "TJH5YU202",
        "user_team": "TJH5YU202",
        "source_team": "TJH5YU202",
        "user_profile": {
            "avatar_hash": "gc4a0baebb72",
            "image_72": "https:\/\/secure.gravatar.com\/avatar\/a1c4a0baebb720b97e5a197259dbf409.jpg?s=72&d=https%3A%2F%2Fa.slack-edge.com%2Fdf10d%2Fimg%2Favatars%2Fava_0007-72.png",
            "first_name": "",
            "real_name": "wilson gamboa",
            "display_name": "wilson gamboa",
            "team": "TJH5YU202",
            "name": "wilson.josenet",
            "is_restricted": false,
            "is_ultra_restricted": false
        }
    },
    {
        "client_msg_id": "32118ca4-8c86-4fa6-b6ea-068c19169495",
        "type": "message",
        "text": "ahorita que esta el Master",
        "user": "UJXP7LS78",
        "ts": "1571158104.252200",
        "team": "TJH5YU202",
        "user_team": "TJH5YU202",
        "source_team": "TJH5YU202",
        "user_profile": {
            "avatar_hash": "gc4a0baebb72",
            "image_72": "https:\/\/secure.gravatar.com\/avatar\/a1c4a0baebb720b97e5a197259dbf409.jpg?s=72&d=https%3A%2F%2Fa.slack-edge.com%2Fdf10d%2Fimg%2Favatars%2Fava_0007-72.png",
            "first_name": "",
            "real_name": "wilson gamboa",
            "display_name": "wilson gamboa",
            "team": "TJH5YU202",
            "name": "wilson.josenet",
            "is_restricted": false,
            "is_ultra_restricted": false
        }
    },
    {
        "client_msg_id": "9c77da03-40ee-4301-85c6-e3ecf95f16e2",
        "type": "message",
        "text": "en apache.prg",
        "user": "UJXP7LS78",
        "ts": "1571158650.252400",
        "team": "TJH5YU202",
        "user_team": "TJH5YU202",
        "source_team": "TJH5YU202",
        "user_profile": {
            "avatar_hash": "gc4a0baebb72",
            "image_72": "https:\/\/secure.gravatar.com\/avatar\/a1c4a0baebb720b97e5a197259dbf409.jpg?s=72&d=https%3A%2F%2Fa.slack-edge.com%2Fdf10d%2Fimg%2Favatars%2Fava_0007-72.png",
            "first_name": "",
            "real_name": "wilson gamboa",
            "display_name": "wilson gamboa",
            "team": "TJH5YU202",
            "name": "wilson.josenet",
            "is_restricted": false,
            "is_ultra_restricted": false
        }
    },
    {
        "client_msg_id": "09c864c6-4340-4cbd-8901-6fd8cf53e8e3",
        "type": "message",
        "text": "defino por ejemplo",
        "user": "UJXP7LS78",
        "ts": "1571158655.252600",
        "team": "TJH5YU202",
        "user_team": "TJH5YU202",
        "source_team": "TJH5YU202",
        "user_profile": {
            "avatar_hash": "gc4a0baebb72",
            "image_72": "https:\/\/secure.gravatar.com\/avatar\/a1c4a0baebb720b97e5a197259dbf409.jpg?s=72&d=https%3A%2F%2Fa.slack-edge.com%2Fdf10d%2Fimg%2Favatars%2Fava_0007-72.png",
            "first_name": "",
            "real_name": "wilson gamboa",
            "display_name": "wilson gamboa",
            "team": "TJH5YU202",
            "name": "wilson.josenet",
            "is_restricted": false,
            "is_ultra_restricted": false
        }
    },
    {
        "client_msg_id": "80f84ded-224f-48c9-8495-ca98e91626ba",
        "type": "message",
        "text": "__HBEXTERN__HBHPDF__REQUEST",
        "user": "UJXP7LS78",
        "ts": "1571158659.252800",
        "team": "TJH5YU202",
        "user_team": "TJH5YU202",
        "source_team": "TJH5YU202",
        "user_profile": {
            "avatar_hash": "gc4a0baebb72",
            "image_72": "https:\/\/secure.gravatar.com\/avatar\/a1c4a0baebb720b97e5a197259dbf409.jpg?s=72&d=https%3A%2F%2Fa.slack-edge.com%2Fdf10d%2Fimg%2Favatars%2Fava_0007-72.png",
            "first_name": "",
            "real_name": "wilson gamboa",
            "display_name": "wilson gamboa",
            "team": "TJH5YU202",
            "name": "wilson.josenet",
            "is_restricted": false,
            "is_ultra_restricted": false
        }
    },
    {
        "client_msg_id": "6efcbd91-1e01-4841-8bd4-39d3b5255d60",
        "type": "message",
        "text": "y luego llamo a",
        "user": "UJXP7LS78",
        "ts": "1571158669.253000",
        "team": "TJH5YU202",
        "user_team": "TJH5YU202",
        "source_team": "TJH5YU202",
        "user_profile": {
            "avatar_hash": "gc4a0baebb72",
            "image_72": "https:\/\/secure.gravatar.com\/avatar\/a1c4a0baebb720b97e5a197259dbf409.jpg?s=72&d=https%3A%2F%2Fa.slack-edge.com%2Fdf10d%2Fimg%2Favatars%2Fava_0007-72.png",
            "first_name": "",
            "real_name": "wilson gamboa",
            "display_name": "wilson gamboa",
            "team": "TJH5YU202",
            "name": "wilson.josenet",
            "is_restricted": false,
            "is_ultra_restricted": false
        }
    },
    {
        "client_msg_id": "8afeefce-e9c2-41b0-8b1e-40371ccac3cf",
        "type": "message",
        "text": "al archivo .hbx",
        "user": "UJXP7LS78",
        "ts": "1571158674.253300",
        "team": "TJH5YU202",
        "user_team": "TJH5YU202",
        "source_team": "TJH5YU202",
        "user_profile": {
            "avatar_hash": "gc4a0baebb72",
            "image_72": "https:\/\/secure.gravatar.com\/avatar\/a1c4a0baebb720b97e5a197259dbf409.jpg?s=72&d=https%3A%2F%2Fa.slack-edge.com%2Fdf10d%2Fimg%2Favatars%2Fava_0007-72.png",
            "first_name": "",
            "real_name": "wilson gamboa",
            "display_name": "wilson gamboa",
            "team": "TJH5YU202",
            "name": "wilson.josenet",
            "is_restricted": false,
            "is_ultra_restricted": false
        }
    },
    {
        "client_msg_id": "157b53d7-397d-458d-bf6a-230965a2c867",
        "type": "message",
        "text": "alli esta",
        "user": "UJXP7LS78",
        "ts": "1571158702.253500",
        "team": "TJH5YU202",
        "user_team": "TJH5YU202",
        "source_team": "TJH5YU202",
        "user_profile": {
            "avatar_hash": "gc4a0baebb72",
            "image_72": "https:\/\/secure.gravatar.com\/avatar\/a1c4a0baebb720b97e5a197259dbf409.jpg?s=72&d=https%3A%2F%2Fa.slack-edge.com%2Fdf10d%2Fimg%2Favatars%2Fava_0007-72.png",
            "first_name": "",
            "real_name": "wilson gamboa",
            "display_name": "wilson gamboa",
            "team": "TJH5YU202",
            "name": "wilson.josenet",
            "is_restricted": false,
            "is_ultra_restricted": false
        }
    },
    {
        "client_msg_id": "76d9d377-3df6-4aaa-b24c-a7ec158a5b96",
        "type": "message",
        "text": "#if defined( __HBEXTREQ__ ) .OR. defined( __HBEXTERN__HBHPDF__REQUEST )\n   #command DYNAMIC &lt;fncs,...&gt; =&gt; EXTERNAL &lt;fncs&gt;\n#endif",
        "user": "UJXP7LS78",
        "ts": "1571158756.253700",
        "team": "TJH5YU202",
        "user_team": "TJH5YU202",
        "source_team": "TJH5YU202",
        "user_profile": {
            "avatar_hash": "gc4a0baebb72",
            "image_72": "https:\/\/secure.gravatar.com\/avatar\/a1c4a0baebb720b97e5a197259dbf409.jpg?s=72&d=https%3A%2F%2Fa.slack-edge.com%2Fdf10d%2Fimg%2Favatars%2Fava_0007-72.png",
            "first_name": "",
            "real_name": "wilson gamboa",
            "display_name": "wilson gamboa",
            "team": "TJH5YU202",
            "name": "wilson.josenet",
            "is_restricted": false,
            "is_ultra_restricted": false
        }
    },
    {
        "client_msg_id": "63cbd962-3a77-4b7c-bc68-33a5dc77f3c2",
        "type": "message",
        "text": "segun yo deberia estar asi",
        "user": "UJXP7LS78",
        "ts": "1571158768.254000",
        "team": "TJH5YU202",
        "user_team": "TJH5YU202",
        "source_team": "TJH5YU202",
        "user_profile": {
            "avatar_hash": "gc4a0baebb72",
            "image_72": "https:\/\/secure.gravatar.com\/avatar\/a1c4a0baebb720b97e5a197259dbf409.jpg?s=72&d=https%3A%2F%2Fa.slack-edge.com%2Fdf10d%2Fimg%2Favatars%2Fava_0007-72.png",
            "first_name": "",
            "real_name": "wilson gamboa",
            "display_name": "wilson gamboa",
            "team": "TJH5YU202",
            "name": "wilson.josenet",
            "is_restricted": false,
            "is_ultra_restricted": false
        }
    },
    {
        "client_msg_id": "479599e9-44ac-444e-8461-f2ccd582f130",
        "type": "message",
        "text": "#if defined( __HBEXTREQ__ ) .OR. defined( __HBEXTERN__HBHPDF__REQUEST )\n   #command DYNAMIC &lt;fncs,...&gt; =&gt; EXTERNAL HB_FUN_&lt;fncs&gt;\n#endif",
        "user": "UJXP7LS78",
        "ts": "1571158782.254300",
        "team": "TJH5YU202",
        "user_team": "TJH5YU202",
        "source_team": "TJH5YU202",
        "user_profile": {
            "avatar_hash": "gc4a0baebb72",
            "image_72": "https:\/\/secure.gravatar.com\/avatar\/a1c4a0baebb720b97e5a197259dbf409.jpg?s=72&d=https%3A%2F%2Fa.slack-edge.com%2Fdf10d%2Fimg%2Favatars%2Fava_0007-72.png",
            "first_name": "",
            "real_name": "wilson gamboa",
            "display_name": "wilson gamboa",
            "team": "TJH5YU202",
            "name": "wilson.josenet",
            "is_restricted": false,
            "is_ultra_restricted": false
        }
    },
    {
        "client_msg_id": "01c6da29-7630-4137-9cb0-c50ca86ba380",
        "type": "message",
        "text": "y con ello estaria saldado el tema",
        "user": "UJXP7LS78",
        "ts": "1571158794.254600",
        "team": "TJH5YU202",
        "user_team": "TJH5YU202",
        "source_team": "TJH5YU202",
        "user_profile": {
            "avatar_hash": "gc4a0baebb72",
            "image_72": "https:\/\/secure.gravatar.com\/avatar\/a1c4a0baebb720b97e5a197259dbf409.jpg?s=72&d=https%3A%2F%2Fa.slack-edge.com%2Fdf10d%2Fimg%2Favatars%2Fava_0007-72.png",
            "first_name": "",
            "real_name": "wilson gamboa",
            "display_name": "wilson gamboa",
            "team": "TJH5YU202",
            "name": "wilson.josenet",
            "is_restricted": false,
            "is_ultra_restricted": false
        }
    },
    {
        "client_msg_id": "94faac52-4fac-4e96-9d20-39e6a9655da1",
        "type": "message",
        "text": "Hola Wilson como va el tema para crear mod_harbour , yo no he podido.",
        "user": "UK28N3CER",
        "ts": "1571158936.255200",
        "team": "TJH5YU202",
        "user_team": "TJH5YU202",
        "source_team": "TJH5YU202",
        "user_profile": {
            "avatar_hash": "7f09da813e5b",
            "image_72": "https:\/\/avatars.slack-edge.com\/2020-01-01\/880554116721_7f09da813e5b80b5a0a0_72.jpg",
            "first_name": "",
            "real_name": "Cesar SysCtrl Software",
            "display_name": "Cesar SysCtrl Software",
            "team": "TJH5YU202",
            "name": "sysctrlsoftware",
            "is_restricted": false,
            "is_ultra_restricted": false
        }
    },
    {
        "client_msg_id": "8714f411-084d-4a43-96c8-369aaa16323d",
        "type": "message",
        "text": "estoy en eso",
        "user": "UJXP7LS78",
        "ts": "1571158947.255400",
        "team": "TJH5YU202",
        "user_team": "TJH5YU202",
        "source_team": "TJH5YU202",
        "user_profile": {
            "avatar_hash": "gc4a0baebb72",
            "image_72": "https:\/\/secure.gravatar.com\/avatar\/a1c4a0baebb720b97e5a197259dbf409.jpg?s=72&d=https%3A%2F%2Fa.slack-edge.com%2Fdf10d%2Fimg%2Favatars%2Fava_0007-72.png",
            "first_name": "",
            "real_name": "wilson gamboa",
            "display_name": "wilson gamboa",
            "team": "TJH5YU202",
            "name": "wilson.josenet",
            "is_restricted": false,
            "is_ultra_restricted": false
        }
    },
    {
        "client_msg_id": "37640e7c-a65a-44a4-8d5a-2ae776aa499e",
        "type": "message",
        "text": "mas tarde informo",
        "user": "UJXP7LS78",
        "ts": "1571158951.255700",
        "team": "TJH5YU202",
        "user_team": "TJH5YU202",
        "source_team": "TJH5YU202",
        "user_profile": {
            "avatar_hash": "gc4a0baebb72",
            "image_72": "https:\/\/secure.gravatar.com\/avatar\/a1c4a0baebb720b97e5a197259dbf409.jpg?s=72&d=https%3A%2F%2Fa.slack-edge.com%2Fdf10d%2Fimg%2Favatars%2Fava_0007-72.png",
            "first_name": "",
            "real_name": "wilson gamboa",
            "display_name": "wilson gamboa",
            "team": "TJH5YU202",
            "name": "wilson.josenet",
            "is_restricted": false,
            "is_ultra_restricted": false
        }
    },
    {
        "client_msg_id": "25ffca47-ac28-4291-9c9a-670a6223865a",
        "type": "message",
        "text": "Perfecto, :+1::clap:",
        "user": "UK28N3CER",
        "ts": "1571159010.256100",
        "team": "TJH5YU202",
        "user_team": "TJH5YU202",
        "source_team": "TJH5YU202",
        "user_profile": {
            "avatar_hash": "7f09da813e5b",
            "image_72": "https:\/\/avatars.slack-edge.com\/2020-01-01\/880554116721_7f09da813e5b80b5a0a0_72.jpg",
            "first_name": "",
            "real_name": "Cesar SysCtrl Software",
            "display_name": "Cesar SysCtrl Software",
            "team": "TJH5YU202",
            "name": "sysctrlsoftware",
            "is_restricted": false,
            "is_ultra_restricted": false
        }
    },
    {
        "client_msg_id": "9f8ce9ee-81a6-41fc-baa0-f28b79720374",
        "type": "message",
        "text": "por el momento me di por rendido esta complejo hice algo logico pero no funciono",
        "user": "UJXP7LS78",
        "ts": "1571160628.256600",
        "team": "TJH5YU202",
        "user_team": "TJH5YU202",
        "source_team": "TJH5YU202",
        "user_profile": {
            "avatar_hash": "gc4a0baebb72",
            "image_72": "https:\/\/secure.gravatar.com\/avatar\/a1c4a0baebb720b97e5a197259dbf409.jpg?s=72&d=https%3A%2F%2Fa.slack-edge.com%2Fdf10d%2Fimg%2Favatars%2Fava_0007-72.png",
            "first_name": "",
            "real_name": "wilson gamboa",
            "display_name": "wilson gamboa",
            "team": "TJH5YU202",
            "name": "wilson.josenet",
            "is_restricted": false,
            "is_ultra_restricted": false
        }
    },
    {
        "client_msg_id": "63ae5f65-e3d8-4bbe-bbf7-4ded113d7274",
        "type": "message",
        "text": "mas tarde vuelvo a la carga",
        "user": "UJXP7LS78",
        "ts": "1571160636.256900",
        "team": "TJH5YU202",
        "user_team": "TJH5YU202",
        "source_team": "TJH5YU202",
        "user_profile": {
            "avatar_hash": "gc4a0baebb72",
            "image_72": "https:\/\/secure.gravatar.com\/avatar\/a1c4a0baebb720b97e5a197259dbf409.jpg?s=72&d=https%3A%2F%2Fa.slack-edge.com%2Fdf10d%2Fimg%2Favatars%2Fava_0007-72.png",
            "first_name": "",
            "real_name": "wilson gamboa",
            "display_name": "wilson gamboa",
            "team": "TJH5YU202",
            "name": "wilson.josenet",
            "is_restricted": false,
            "is_ultra_restricted": false
        }
    }
]