[
    {
        "client_msg_id": "efd44b91-d9a2-4a0a-be87-c69422cddd24",
        "type": "message",
        "text": "Buenos días :sunny:",
        "user": "UJN8D8U3B",
        "ts": "1573546168.458900",
        "team": "TJH5YU202",
        "user_team": "TJH5YU202",
        "source_team": "TJH5YU202",
        "user_profile": {
            "avatar_hash": "g92ad2abcc45",
            "image_72": "https:\/\/secure.gravatar.com\/avatar\/8492ad2abcc45ce53969adcf8420acde.jpg?s=72&d=https%3A%2F%2Fa.slack-edge.com%2Fdf10d%2Fimg%2Favatars%2Fava_0008-72.png",
            "first_name": "",
            "real_name": "Antonio Linares",
            "display_name": "Antonio Linares",
            "team": "TJH5YU202",
            "name": "alinares",
            "is_restricted": false,
            "is_ultra_restricted": false
        }
    },
    {
        "client_msg_id": "a9e4a6f8-a4ec-4c61-b165-47eb915a5147",
        "type": "message",
        "text": "<@UJU2ZLJBW> tu server esta caido",
        "user": "UJN8D8U3B",
        "ts": "1573560419.459300",
        "team": "TJH5YU202",
        "user_team": "TJH5YU202",
        "source_team": "TJH5YU202",
        "user_profile": {
            "avatar_hash": "g92ad2abcc45",
            "image_72": "https:\/\/secure.gravatar.com\/avatar\/8492ad2abcc45ce53969adcf8420acde.jpg?s=72&d=https%3A%2F%2Fa.slack-edge.com%2Fdf10d%2Fimg%2Favatars%2Fava_0008-72.png",
            "first_name": "",
            "real_name": "Antonio Linares",
            "display_name": "Antonio Linares",
            "team": "TJH5YU202",
            "name": "alinares",
            "is_restricted": false,
            "is_ultra_restricted": false
        }
    },
    {
        "client_msg_id": "66573a04-e893-4967-b59f-6ed41d8c4767",
        "type": "message",
        "text": "puedes echarle un vistazo ? gracias :slightly_smiling_face:",
        "user": "UJN8D8U3B",
        "ts": "1573560432.459600",
        "team": "TJH5YU202",
        "user_team": "TJH5YU202",
        "source_team": "TJH5YU202",
        "user_profile": {
            "avatar_hash": "g92ad2abcc45",
            "image_72": "https:\/\/secure.gravatar.com\/avatar\/8492ad2abcc45ce53969adcf8420acde.jpg?s=72&d=https%3A%2F%2Fa.slack-edge.com%2Fdf10d%2Fimg%2Favatars%2Fava_0008-72.png",
            "first_name": "",
            "real_name": "Antonio Linares",
            "display_name": "Antonio Linares",
            "team": "TJH5YU202",
            "name": "alinares",
            "is_restricted": false,
            "is_ultra_restricted": false
        }
    },
    {
        "client_msg_id": "e9ca82b6-c7d3-4043-8703-fc77f7f442e6",
        "type": "message",
        "text": "Antonio, buen dia.\nEste es el server que estan usando para poder ver los ejemplos en produccion?\n<https:\/\/harbour.fourtech.es\/modharbour_samples\/>",
        "user": "UJRQZMTAM",
        "ts": "1573561039.460300",
        "team": "TJH5YU202",
        "user_team": "TJH5YU202",
        "source_team": "TJH5YU202",
        "user_profile": {
            "avatar_hash": "0d8c567df084",
            "image_72": "https:\/\/avatars.slack-edge.com\/2019-11-22\/834908722243_0d8c567df084bf59d639_72.png",
            "first_name": "Diego",
            "real_name": "Diego F",
            "display_name": "Diego F",
            "team": "TJH5YU202",
            "name": "diegohfazio",
            "is_restricted": false,
            "is_ultra_restricted": false
        }
    },
    {
        "client_msg_id": "fdf87d48-3d5a-4b2f-b8f3-86f71310b324",
        "type": "message",
        "text": "Sí y está caído.",
        "user": "UJULQCHL5",
        "ts": "1573562007.460600",
        "team": "TJH5YU202",
        "user_team": "TJH5YU202",
        "source_team": "TJH5YU202",
        "user_profile": {
            "avatar_hash": "g7659142325a",
            "image_72": "https:\/\/secure.gravatar.com\/avatar\/c87659142325a3facb661d85281ec091.jpg?s=72&d=https%3A%2F%2Fa.slack-edge.com%2Fdf10d%2Fimg%2Favatars%2Fava_0003-72.png",
            "first_name": "",
            "real_name": "Paquito",
            "display_name": "Paquito",
            "team": "TJH5YU202",
            "name": "hmpaquito",
            "is_restricted": false,
            "is_ultra_restricted": false
        }
    },
    {
        "type": "message",
        "text": "",
        "files": [
            {
                "id": "FQ8098PLZ",
                "created": 1573595750,
                "timestamp": 1573595750,
                "name": "image.png",
                "title": "image.png",
                "mimetype": "image\/png",
                "filetype": "png",
                "pretty_type": "PNG",
                "user": "UJULQCHL5",
                "editable": false,
                "size": 150535,
                "mode": "hosted",
                "is_external": false,
                "external_type": "",
                "is_public": true,
                "public_url_shared": false,
                "display_as_bot": false,
                "username": "",
                "url_private": "https:\/\/files.slack.com\/files-pri\/TJH5YU202-FQ8098PLZ\/image.png?t=xoxe-629202954002-950795328464-950341379620-2ca7f74bb6537751ea5666f8f5e8896e",
                "url_private_download": "https:\/\/files.slack.com\/files-pri\/TJH5YU202-FQ8098PLZ\/download\/image.png?t=xoxe-629202954002-950795328464-950341379620-2ca7f74bb6537751ea5666f8f5e8896e",
                "thumb_64": "https:\/\/files.slack.com\/files-tmb\/TJH5YU202-FQ8098PLZ-f82183dbe5\/image_64.png?t=xoxe-629202954002-950795328464-950341379620-2ca7f74bb6537751ea5666f8f5e8896e",
                "thumb_80": "https:\/\/files.slack.com\/files-tmb\/TJH5YU202-FQ8098PLZ-f82183dbe5\/image_80.png?t=xoxe-629202954002-950795328464-950341379620-2ca7f74bb6537751ea5666f8f5e8896e",
                "thumb_360": "https:\/\/files.slack.com\/files-tmb\/TJH5YU202-FQ8098PLZ-f82183dbe5\/image_360.png?t=xoxe-629202954002-950795328464-950341379620-2ca7f74bb6537751ea5666f8f5e8896e",
                "thumb_360_w": 360,
                "thumb_360_h": 238,
                "thumb_480": "https:\/\/files.slack.com\/files-tmb\/TJH5YU202-FQ8098PLZ-f82183dbe5\/image_480.png?t=xoxe-629202954002-950795328464-950341379620-2ca7f74bb6537751ea5666f8f5e8896e",
                "thumb_480_w": 480,
                "thumb_480_h": 318,
                "thumb_160": "https:\/\/files.slack.com\/files-tmb\/TJH5YU202-FQ8098PLZ-f82183dbe5\/image_160.png?t=xoxe-629202954002-950795328464-950341379620-2ca7f74bb6537751ea5666f8f5e8896e",
                "thumb_720": "https:\/\/files.slack.com\/files-tmb\/TJH5YU202-FQ8098PLZ-f82183dbe5\/image_720.png?t=xoxe-629202954002-950795328464-950341379620-2ca7f74bb6537751ea5666f8f5e8896e",
                "thumb_720_w": 720,
                "thumb_720_h": 477,
                "image_exif_rotation": 1,
                "original_w": 740,
                "original_h": 490,
                "thumb_tiny": "AwAfADCiFzTttKr4GMCnhsDoDTEMxShakHzdqdjGeOtAEO2l2VKMDrSMwAPAxTArinjFQgml3H1pAWMigtxkmoNx9aQsT1NAEplGOOTUbMW6mm5pM0Af\/9k=",
                "permalink": "https:\/\/harbourproject.slack.com\/files\/UJULQCHL5\/FQ8098PLZ\/image.png",
                "permalink_public": "https:\/\/slack-files.com\/TJH5YU202-FQ8098PLZ-55c54b6256",
                "is_starred": false,
                "has_rich_preview": false
            }
        ],
        "upload": true,
        "user": "UJULQCHL5",
        "display_as_bot": false,
        "ts": "1573595752.460700",
        "client_msg_id": "332fea79-2fef-4cda-8e39-dc5ba9e8a220"
    },
    {
        "client_msg_id": "e86e075f-a287-43f3-b51c-ffa800a3dc67",
        "type": "message",
        "text": "donde donde",
        "user": "UM81W8B0Q",
        "ts": "1573598218.461100",
        "team": "TJH5YU202",
        "user_team": "TJH5YU202",
        "source_team": "TJH5YU202",
        "user_profile": {
            "avatar_hash": "gab9279ee8c0",
            "image_72": "https:\/\/secure.gravatar.com\/avatar\/73ab9279ee8c00f66ce4904d30146c8f.jpg?s=72&d=https%3A%2F%2Fa.slack-edge.com%2Fdf10d%2Fimg%2Favatars%2Fava_0010-72.png",
            "first_name": "",
            "real_name": "Angel Pais",
            "display_name": "Angel Pais",
            "team": "TJH5YU202",
            "name": "amigosam",
            "is_restricted": false,
            "is_ultra_restricted": false
        }
    },
    {
        "client_msg_id": "4b35743b-c3f4-4309-821d-dcd6a9903ac6",
        "type": "message",
        "text": "probablemente dentro del horizonte de sucesos de Cygnus X-1",
        "user": "UNAHBRTFA",
        "ts": "1573599038.461800",
        "team": "TJH5YU202",
        "user_team": "TJH5YU202",
        "source_team": "TJH5YU202",
        "user_profile": {
            "avatar_hash": "g3d2a3f4c28c",
            "image_72": "https:\/\/secure.gravatar.com\/avatar\/23d2a3f4c28cebb4cf07e48d02620517.jpg?s=72&d=https%3A%2F%2Fa.slack-edge.com%2Fdf10d%2Fimg%2Favatars%2Fava_0020-72.png",
            "first_name": "Andreu",
            "real_name": "Andreu Botella",
            "display_name": "Andreu Botella",
            "team": "TJH5YU202",
            "name": "andreu.132",
            "is_restricted": false,
            "is_ultra_restricted": false
        }
    },
    {
        "client_msg_id": "5534687f-17f1-41d0-8264-5d3f44fca5da",
        "type": "message",
        "text": "<https:\/\/es.wikipedia.org\/wiki\/Cygnus_X-1>\nDebe ser más grande que el pozo ciego que había en casa de mi abuela...",
        "user": "UJULQCHL5",
        "ts": "1573599656.462900",
        "team": "TJH5YU202",
        "user_team": "TJH5YU202",
        "source_team": "TJH5YU202",
        "user_profile": {
            "avatar_hash": "g7659142325a",
            "image_72": "https:\/\/secure.gravatar.com\/avatar\/c87659142325a3facb661d85281ec091.jpg?s=72&d=https%3A%2F%2Fa.slack-edge.com%2Fdf10d%2Fimg%2Favatars%2Fava_0003-72.png",
            "first_name": "",
            "real_name": "Paquito",
            "display_name": "Paquito",
            "team": "TJH5YU202",
            "name": "hmpaquito",
            "is_restricted": false,
            "is_ultra_restricted": false
        },
        "attachments": [
            {
                "image_url": "https:\/\/upload.wikimedia.org\/wikipedia\/commons\/thumb\/a\/af\/Cygnus_X-1.png\/1200px-Cygnus_X-1.png",
                "image_width": 1200,
                "image_height": 750,
                "image_bytes": 985633,
                "title": "Cygnus X-1",
                "title_link": "https:\/\/es.wikipedia.org\/wiki\/Cygnus_X-1",
                "from_url": "https:\/\/es.wikipedia.org\/wiki\/Cygnus_X-1",
                "author_name": "Wikipedia",
                "author_link": "https:\/\/es.wikipedia.org\/",
                "text": "Cygnus X-1 (abreviado como Cyg X-1)[1]​[2]​[3]​ es un agujero negro que crea una fuente muy brillante de rayos X[4]​ situada en la constelación del Cisne. Fue descubierto en 1964 desde un detector de rayos X a bordo de un cohete suborbital Aerobee lanzado desde el White Sands Missile Range.[5]​ Cyg X-1 es muy variable pero en rayos X duros (rayos X con energía de más de 30 keV) suele ser la fuente más brillante del cielo.[6]​\nEs un ejemplo clásico de una Binaria de Rayos X, sistemas compuestos por un objeto compacto, que puede ser un agujero negro o una estrella de neutrones, y una estrella compañera.  En el caso de Cygnus X-1, el objeto compacto es un agujero negro de 14.81±0.98\n  \n    \n      \n        \n          M\n          \n            ⊙\n          \n        \n      \n    \n    {\\displaystyle M_{\\odot }}\n  [7]​ que orbita alrededor de la estrella supergigante azul HDE 226868 de magnitud aparente 8,9. Como en toda binaria de rayos X, no es el agujero negro el que emite los rayos X, sino la materia que está a punto de caer en él. Esta materia (gas y plasma) forma un disco de acrecimiento que orbita alrededor del agujero negro y alcanza temperaturas de millones de kelvin.\nCygnus X-1 constituye el primer caso en el que se pudo probar la presencia de un agujero negro.[8]​\nSe observan también chorros de materia que se extienden desde unas unidades astronómicas hasta varios pársecs, donde colisiona con el medio interestelar y da lugar a un arco de emisión en el óptico. Para generar este arco, el chorro debe tener una potencia de 20000 veces la potencia de nuestro sol.[cita requerida]El sistema se encuentra a unos 6000 años luz de la Tierra.",
                "fallback": "wikipedia: Cygnus X-1",
                "service_icon": "https:\/\/a.slack-edge.com\/80588\/img\/unfurl_icons\/wikipedia.png",
                "id": 1,
                "original_url": "https:\/\/es.wikipedia.org\/wiki\/Cygnus_X-1"
            }
        ]
    },
    {
        "client_msg_id": "c55fb378-4243-4b42-9585-2b11dee1b57c",
        "type": "message",
        "text": "tampoco mucho más...",
        "user": "UNAHBRTFA",
        "ts": "1573599738.463300",
        "team": "TJH5YU202",
        "user_team": "TJH5YU202",
        "source_team": "TJH5YU202",
        "user_profile": {
            "avatar_hash": "g3d2a3f4c28c",
            "image_72": "https:\/\/secure.gravatar.com\/avatar\/23d2a3f4c28cebb4cf07e48d02620517.jpg?s=72&d=https%3A%2F%2Fa.slack-edge.com%2Fdf10d%2Fimg%2Favatars%2Fava_0020-72.png",
            "first_name": "Andreu",
            "real_name": "Andreu Botella",
            "display_name": "Andreu Botella",
            "team": "TJH5YU202",
            "name": "andreu.132",
            "is_restricted": false,
            "is_ultra_restricted": false
        }
    },
    {
        "client_msg_id": "35f98e7c-81c6-4b60-8ee0-de46c4194598",
        "type": "message",
        "text": "Good morning :smiley:",
        "user": "UJHD6A81H",
        "ts": "1573628881.463600",
        "team": "TJH5YU202",
        "user_team": "TJH5YU202",
        "source_team": "TJH5YU202",
        "user_profile": {
            "avatar_hash": "g6b8073e00e9",
            "image_72": "https:\/\/secure.gravatar.com\/avatar\/b96b8073e00e9eb02bcf05bc1418eb3a.jpg?s=72&d=https%3A%2F%2Fa.slack-edge.com%2Fdf10d%2Fimg%2Favatars%2Fava_0021-72.png",
            "first_name": "Otto",
            "real_name": "Otto Atzwanger",
            "display_name": "Otto",
            "team": "TJH5YU202",
            "name": "otto",
            "is_restricted": false,
            "is_ultra_restricted": false
        }
    },
    {
        "client_msg_id": "cd6c1c10-24c5-4828-9b97-ec380230daf8",
        "type": "message",
        "text": "From FIVEWIN to mod harbour with HARBOURINO",
        "user": "UJHD6A81H",
        "ts": "1573628902.464100",
        "team": "TJH5YU202",
        "user_team": "TJH5YU202",
        "source_team": "TJH5YU202",
        "user_profile": {
            "avatar_hash": "g6b8073e00e9",
            "image_72": "https:\/\/secure.gravatar.com\/avatar\/b96b8073e00e9eb02bcf05bc1418eb3a.jpg?s=72&d=https%3A%2F%2Fa.slack-edge.com%2Fdf10d%2Fimg%2Favatars%2Fava_0021-72.png",
            "first_name": "Otto",
            "real_name": "Otto Atzwanger",
            "display_name": "Otto",
            "team": "TJH5YU202",
            "name": "otto",
            "is_restricted": false,
            "is_ultra_restricted": false
        }
    },
    {
        "client_msg_id": "469cf327-c01e-4d40-9754-724b83329b9d",
        "type": "message",
        "text": "This is my FIVEWIN desktop report engine",
        "user": "UJHD6A81H",
        "ts": "1573628917.464500",
        "team": "TJH5YU202",
        "user_team": "TJH5YU202",
        "source_team": "TJH5YU202",
        "user_profile": {
            "avatar_hash": "g6b8073e00e9",
            "image_72": "https:\/\/secure.gravatar.com\/avatar\/b96b8073e00e9eb02bcf05bc1418eb3a.jpg?s=72&d=https%3A%2F%2Fa.slack-edge.com%2Fdf10d%2Fimg%2Favatars%2Fava_0021-72.png",
            "first_name": "Otto",
            "real_name": "Otto Atzwanger",
            "display_name": "Otto",
            "team": "TJH5YU202",
            "name": "otto",
            "is_restricted": false,
            "is_ultra_restricted": false
        }
    },
    {
        "type": "message",
        "text": "",
        "files": [
            {
                "id": "FQ8DFGGBB",
                "created": 1573628944,
                "timestamp": 1573628944,
                "name": "grafik.png",
                "title": "grafik.png",
                "mimetype": "image\/png",
                "filetype": "png",
                "pretty_type": "PNG",
                "user": "UJHD6A81H",
                "editable": false,
                "size": 136962,
                "mode": "hosted",
                "is_external": false,
                "external_type": "",
                "is_public": true,
                "public_url_shared": false,
                "display_as_bot": false,
                "username": "",
                "url_private": "https:\/\/files.slack.com\/files-pri\/TJH5YU202-FQ8DFGGBB\/grafik.png?t=xoxe-629202954002-950795328464-950341379620-2ca7f74bb6537751ea5666f8f5e8896e",
                "url_private_download": "https:\/\/files.slack.com\/files-pri\/TJH5YU202-FQ8DFGGBB\/download\/grafik.png?t=xoxe-629202954002-950795328464-950341379620-2ca7f74bb6537751ea5666f8f5e8896e",
                "thumb_64": "https:\/\/files.slack.com\/files-tmb\/TJH5YU202-FQ8DFGGBB-c54de4a604\/grafik_64.png?t=xoxe-629202954002-950795328464-950341379620-2ca7f74bb6537751ea5666f8f5e8896e",
                "thumb_80": "https:\/\/files.slack.com\/files-tmb\/TJH5YU202-FQ8DFGGBB-c54de4a604\/grafik_80.png?t=xoxe-629202954002-950795328464-950341379620-2ca7f74bb6537751ea5666f8f5e8896e",
                "thumb_360": "https:\/\/files.slack.com\/files-tmb\/TJH5YU202-FQ8DFGGBB-c54de4a604\/grafik_360.png?t=xoxe-629202954002-950795328464-950341379620-2ca7f74bb6537751ea5666f8f5e8896e",
                "thumb_360_w": 360,
                "thumb_360_h": 248,
                "thumb_480": "https:\/\/files.slack.com\/files-tmb\/TJH5YU202-FQ8DFGGBB-c54de4a604\/grafik_480.png?t=xoxe-629202954002-950795328464-950341379620-2ca7f74bb6537751ea5666f8f5e8896e",
                "thumb_480_w": 480,
                "thumb_480_h": 330,
                "thumb_160": "https:\/\/files.slack.com\/files-tmb\/TJH5YU202-FQ8DFGGBB-c54de4a604\/grafik_160.png?t=xoxe-629202954002-950795328464-950341379620-2ca7f74bb6537751ea5666f8f5e8896e",
                "thumb_720": "https:\/\/files.slack.com\/files-tmb\/TJH5YU202-FQ8DFGGBB-c54de4a604\/grafik_720.png?t=xoxe-629202954002-950795328464-950341379620-2ca7f74bb6537751ea5666f8f5e8896e",
                "thumb_720_w": 720,
                "thumb_720_h": 496,
                "thumb_800": "https:\/\/files.slack.com\/files-tmb\/TJH5YU202-FQ8DFGGBB-c54de4a604\/grafik_800.png?t=xoxe-629202954002-950795328464-950341379620-2ca7f74bb6537751ea5666f8f5e8896e",
                "thumb_800_w": 800,
                "thumb_800_h": 551,
                "thumb_960": "https:\/\/files.slack.com\/files-tmb\/TJH5YU202-FQ8DFGGBB-c54de4a604\/grafik_960.png?t=xoxe-629202954002-950795328464-950341379620-2ca7f74bb6537751ea5666f8f5e8896e",
                "thumb_960_w": 960,
                "thumb_960_h": 661,
                "thumb_1024": "https:\/\/files.slack.com\/files-tmb\/TJH5YU202-FQ8DFGGBB-c54de4a604\/grafik_1024.png?t=xoxe-629202954002-950795328464-950341379620-2ca7f74bb6537751ea5666f8f5e8896e",
                "thumb_1024_w": 1024,
                "thumb_1024_h": 705,
                "image_exif_rotation": 1,
                "original_w": 1065,
                "original_h": 733,
                "thumb_tiny": "AwAhADC5tXHQUbR6Cn4GSOPpTgg9KdxWIto9BRsX0FSYTpil2rRcLEQVfQUbR6Cpdq+lAVeuKdwsM3YY5pwOfWgDLU\/FSMbjminYowKAGCnjpSYBpaAAdKKB0ooAKKKKACiiigD\/2Q==",
                "permalink": "https:\/\/harbourproject.slack.com\/files\/UJHD6A81H\/FQ8DFGGBB\/grafik.png",
                "permalink_public": "https:\/\/slack-files.com\/TJH5YU202-FQ8DFGGBB-2350da863e",
                "is_starred": false,
                "has_rich_preview": false
            }
        ],
        "upload": true,
        "user": "UJHD6A81H",
        "display_as_bot": false,
        "ts": "1573628947.464600",
        "client_msg_id": "817cf72a-8f9b-4632-9245-d7df1f50c8fe"
    },
    {
        "client_msg_id": "d06e5cad-12a4-4742-8178-ae74831f16a8",
        "type": "message",
        "text": "I insert a function to export the controls",
        "user": "UJHD6A81H",
        "ts": "1573628989.465200",
        "team": "TJH5YU202",
        "user_team": "TJH5YU202",
        "source_team": "TJH5YU202",
        "user_profile": {
            "avatar_hash": "g6b8073e00e9",
            "image_72": "https:\/\/secure.gravatar.com\/avatar\/b96b8073e00e9eb02bcf05bc1418eb3a.jpg?s=72&d=https%3A%2F%2Fa.slack-edge.com%2Fdf10d%2Fimg%2Favatars%2Fava_0021-72.png",
            "first_name": "Otto",
            "real_name": "Otto Atzwanger",
            "display_name": "Otto",
            "team": "TJH5YU202",
            "name": "otto",
            "is_restricted": false,
            "is_ultra_restricted": false
        }
    },
    {
        "type": "message",
        "text": "",
        "files": [
            {
                "id": "FQGB6SU3A",
                "created": 1573629007,
                "timestamp": 1573629007,
                "name": "grafik.png",
                "title": "grafik.png",
                "mimetype": "image\/png",
                "filetype": "png",
                "pretty_type": "PNG",
                "user": "UJHD6A81H",
                "editable": false,
                "size": 30984,
                "mode": "hosted",
                "is_external": false,
                "external_type": "",
                "is_public": true,
                "public_url_shared": false,
                "display_as_bot": false,
                "username": "",
                "url_private": "https:\/\/files.slack.com\/files-pri\/TJH5YU202-FQGB6SU3A\/grafik.png?t=xoxe-629202954002-950795328464-950341379620-2ca7f74bb6537751ea5666f8f5e8896e",
                "url_private_download": "https:\/\/files.slack.com\/files-pri\/TJH5YU202-FQGB6SU3A\/download\/grafik.png?t=xoxe-629202954002-950795328464-950341379620-2ca7f74bb6537751ea5666f8f5e8896e",
                "thumb_64": "https:\/\/files.slack.com\/files-tmb\/TJH5YU202-FQGB6SU3A-15966db4c6\/grafik_64.png?t=xoxe-629202954002-950795328464-950341379620-2ca7f74bb6537751ea5666f8f5e8896e",
                "thumb_80": "https:\/\/files.slack.com\/files-tmb\/TJH5YU202-FQGB6SU3A-15966db4c6\/grafik_80.png?t=xoxe-629202954002-950795328464-950341379620-2ca7f74bb6537751ea5666f8f5e8896e",
                "thumb_360": "https:\/\/files.slack.com\/files-tmb\/TJH5YU202-FQGB6SU3A-15966db4c6\/grafik_360.png?t=xoxe-629202954002-950795328464-950341379620-2ca7f74bb6537751ea5666f8f5e8896e",
                "thumb_360_w": 360,
                "thumb_360_h": 141,
                "thumb_480": "https:\/\/files.slack.com\/files-tmb\/TJH5YU202-FQGB6SU3A-15966db4c6\/grafik_480.png?t=xoxe-629202954002-950795328464-950341379620-2ca7f74bb6537751ea5666f8f5e8896e",
                "thumb_480_w": 480,
                "thumb_480_h": 188,
                "thumb_160": "https:\/\/files.slack.com\/files-tmb\/TJH5YU202-FQGB6SU3A-15966db4c6\/grafik_160.png?t=xoxe-629202954002-950795328464-950341379620-2ca7f74bb6537751ea5666f8f5e8896e",
                "thumb_720": "https:\/\/files.slack.com\/files-tmb\/TJH5YU202-FQGB6SU3A-15966db4c6\/grafik_720.png?t=xoxe-629202954002-950795328464-950341379620-2ca7f74bb6537751ea5666f8f5e8896e",
                "thumb_720_w": 720,
                "thumb_720_h": 282,
                "thumb_800": "https:\/\/files.slack.com\/files-tmb\/TJH5YU202-FQGB6SU3A-15966db4c6\/grafik_800.png?t=xoxe-629202954002-950795328464-950341379620-2ca7f74bb6537751ea5666f8f5e8896e",
                "thumb_800_w": 800,
                "thumb_800_h": 314,
                "thumb_960": "https:\/\/files.slack.com\/files-tmb\/TJH5YU202-FQGB6SU3A-15966db4c6\/grafik_960.png?t=xoxe-629202954002-950795328464-950341379620-2ca7f74bb6537751ea5666f8f5e8896e",
                "thumb_960_w": 960,
                "thumb_960_h": 377,
                "thumb_1024": "https:\/\/files.slack.com\/files-tmb\/TJH5YU202-FQGB6SU3A-15966db4c6\/grafik_1024.png?t=xoxe-629202954002-950795328464-950341379620-2ca7f74bb6537751ea5666f8f5e8896e",
                "thumb_1024_w": 1024,
                "thumb_1024_h": 402,
                "image_exif_rotation": 1,
                "original_w": 1226,
                "original_h": 481,
                "thumb_tiny": "AwASADDS9aBRjrQAc0AJ2pT2pMHFKQeKAAHilzTQDTqACiiigAooooAKKKKAP\/\/Z",
                "permalink": "https:\/\/harbourproject.slack.com\/files\/UJHD6A81H\/FQGB6SU3A\/grafik.png",
                "permalink_public": "https:\/\/slack-files.com\/TJH5YU202-FQGB6SU3A-2f32faf8a2",
                "is_starred": false,
                "has_rich_preview": false
            }
        ],
        "upload": true,
        "user": "UJHD6A81H",
        "display_as_bot": false,
        "ts": "1573629010.465300",
        "client_msg_id": "9f647d0d-b0c9-4aaf-85fd-f1b4f07e98c1"
    },
    {
        "client_msg_id": "c980819b-cb74-40f3-836b-377d540cc2ea",
        "type": "message",
        "text": "In mod harbour I made all the Controls",
        "user": "UJHD6A81H",
        "ts": "1573629102.466100",
        "team": "TJH5YU202",
        "user_team": "TJH5YU202",
        "source_team": "TJH5YU202",
        "user_profile": {
            "avatar_hash": "g6b8073e00e9",
            "image_72": "https:\/\/secure.gravatar.com\/avatar\/b96b8073e00e9eb02bcf05bc1418eb3a.jpg?s=72&d=https%3A%2F%2Fa.slack-edge.com%2Fdf10d%2Fimg%2Favatars%2Fava_0021-72.png",
            "first_name": "Otto",
            "real_name": "Otto Atzwanger",
            "display_name": "Otto",
            "team": "TJH5YU202",
            "name": "otto",
            "is_restricted": false,
            "is_ultra_restricted": false
        }
    },
    {
        "type": "message",
        "text": "",
        "files": [
            {
                "id": "FQGBG6MUM",
                "created": 1573629134,
                "timestamp": 1573629134,
                "name": "grafik.png",
                "title": "grafik.png",
                "mimetype": "image\/png",
                "filetype": "png",
                "pretty_type": "PNG",
                "user": "UJHD6A81H",
                "editable": false,
                "size": 16843,
                "mode": "hosted",
                "is_external": false,
                "external_type": "",
                "is_public": true,
                "public_url_shared": false,
                "display_as_bot": false,
                "username": "",
                "url_private": "https:\/\/files.slack.com\/files-pri\/TJH5YU202-FQGBG6MUM\/grafik.png?t=xoxe-629202954002-950795328464-950341379620-2ca7f74bb6537751ea5666f8f5e8896e",
                "url_private_download": "https:\/\/files.slack.com\/files-pri\/TJH5YU202-FQGBG6MUM\/download\/grafik.png?t=xoxe-629202954002-950795328464-950341379620-2ca7f74bb6537751ea5666f8f5e8896e",
                "thumb_64": "https:\/\/files.slack.com\/files-tmb\/TJH5YU202-FQGBG6MUM-b3a0524fcf\/grafik_64.png?t=xoxe-629202954002-950795328464-950341379620-2ca7f74bb6537751ea5666f8f5e8896e",
                "thumb_80": "https:\/\/files.slack.com\/files-tmb\/TJH5YU202-FQGBG6MUM-b3a0524fcf\/grafik_80.png?t=xoxe-629202954002-950795328464-950341379620-2ca7f74bb6537751ea5666f8f5e8896e",
                "thumb_360": "https:\/\/files.slack.com\/files-tmb\/TJH5YU202-FQGBG6MUM-b3a0524fcf\/grafik_360.png?t=xoxe-629202954002-950795328464-950341379620-2ca7f74bb6537751ea5666f8f5e8896e",
                "thumb_360_w": 360,
                "thumb_360_h": 204,
                "thumb_480": "https:\/\/files.slack.com\/files-tmb\/TJH5YU202-FQGBG6MUM-b3a0524fcf\/grafik_480.png?t=xoxe-629202954002-950795328464-950341379620-2ca7f74bb6537751ea5666f8f5e8896e",
                "thumb_480_w": 480,
                "thumb_480_h": 272,
                "thumb_160": "https:\/\/files.slack.com\/files-tmb\/TJH5YU202-FQGBG6MUM-b3a0524fcf\/grafik_160.png?t=xoxe-629202954002-950795328464-950341379620-2ca7f74bb6537751ea5666f8f5e8896e",
                "image_exif_rotation": 1,
                "original_w": 531,
                "original_h": 301,
                "thumb_tiny": "AwAbADC2VcsfmIGfWl8p\/wC+3505utPQELzTuKxGInz99vzpNhwcu9T01+1IZGFx1d80pBC9SR70HrR\/Af8APegB4UHmnVCWIJ5NG5vU0ATZ5PFBAPWodzepo3N6mgCXaKa4AQ4pm5vU0ZJOCeKAP\/\/Z",
                "permalink": "https:\/\/harbourproject.slack.com\/files\/UJHD6A81H\/FQGBG6MUM\/grafik.png",
                "permalink_public": "https:\/\/slack-files.com\/TJH5YU202-FQGBG6MUM-389c68a905",
                "is_starred": false,
                "has_rich_preview": false
            }
        ],
        "upload": true,
        "user": "UJHD6A81H",
        "display_as_bot": false,
        "ts": "1573629136.466200",
        "client_msg_id": "44592562-3ccb-4ead-b0ad-1e14990e0d51"
    },
    {
        "client_msg_id": "e6930651-cc6b-4729-a2aa-cc62840ed526",
        "type": "message",
        "text": "inside the browse.view in GENESIS I call through HARBOURINO REPORT",
        "user": "UJHD6A81H",
        "ts": "1573629233.467200",
        "team": "TJH5YU202",
        "user_team": "TJH5YU202",
        "source_team": "TJH5YU202",
        "user_profile": {
            "avatar_hash": "g6b8073e00e9",
            "image_72": "https:\/\/secure.gravatar.com\/avatar\/b96b8073e00e9eb02bcf05bc1418eb3a.jpg?s=72&d=https%3A%2F%2Fa.slack-edge.com%2Fdf10d%2Fimg%2Favatars%2Fava_0021-72.png",
            "first_name": "Otto",
            "real_name": "Otto Atzwanger",
            "display_name": "Otto",
            "team": "TJH5YU202",
            "name": "otto",
            "is_restricted": false,
            "is_ultra_restricted": false
        }
    },
    {
        "type": "message",
        "text": "",
        "files": [
            {
                "id": "FQ4SUL4RH",
                "created": 1573629238,
                "timestamp": 1573629238,
                "name": "grafik.png",
                "title": "grafik.png",
                "mimetype": "image\/png",
                "filetype": "png",
                "pretty_type": "PNG",
                "user": "UJHD6A81H",
                "editable": false,
                "size": 8081,
                "mode": "hosted",
                "is_external": false,
                "external_type": "",
                "is_public": true,
                "public_url_shared": false,
                "display_as_bot": false,
                "username": "",
                "url_private": "https:\/\/files.slack.com\/files-pri\/TJH5YU202-FQ4SUL4RH\/grafik.png?t=xoxe-629202954002-950795328464-950341379620-2ca7f74bb6537751ea5666f8f5e8896e",
                "url_private_download": "https:\/\/files.slack.com\/files-pri\/TJH5YU202-FQ4SUL4RH\/download\/grafik.png?t=xoxe-629202954002-950795328464-950341379620-2ca7f74bb6537751ea5666f8f5e8896e",
                "thumb_64": "https:\/\/files.slack.com\/files-tmb\/TJH5YU202-FQ4SUL4RH-954fad61ba\/grafik_64.png?t=xoxe-629202954002-950795328464-950341379620-2ca7f74bb6537751ea5666f8f5e8896e",
                "thumb_80": "https:\/\/files.slack.com\/files-tmb\/TJH5YU202-FQ4SUL4RH-954fad61ba\/grafik_80.png?t=xoxe-629202954002-950795328464-950341379620-2ca7f74bb6537751ea5666f8f5e8896e",
                "thumb_360": "https:\/\/files.slack.com\/files-tmb\/TJH5YU202-FQ4SUL4RH-954fad61ba\/grafik_360.png?t=xoxe-629202954002-950795328464-950341379620-2ca7f74bb6537751ea5666f8f5e8896e",
                "thumb_360_w": 360,
                "thumb_360_h": 123,
                "thumb_480": "https:\/\/files.slack.com\/files-tmb\/TJH5YU202-FQ4SUL4RH-954fad61ba\/grafik_480.png?t=xoxe-629202954002-950795328464-950341379620-2ca7f74bb6537751ea5666f8f5e8896e",
                "thumb_480_w": 480,
                "thumb_480_h": 164,
                "thumb_160": "https:\/\/files.slack.com\/files-tmb\/TJH5YU202-FQ4SUL4RH-954fad61ba\/grafik_160.png?t=xoxe-629202954002-950795328464-950341379620-2ca7f74bb6537751ea5666f8f5e8896e",
                "thumb_720": "https:\/\/files.slack.com\/files-tmb\/TJH5YU202-FQ4SUL4RH-954fad61ba\/grafik_720.png?t=xoxe-629202954002-950795328464-950341379620-2ca7f74bb6537751ea5666f8f5e8896e",
                "thumb_720_w": 720,
                "thumb_720_h": 245,
                "image_exif_rotation": 1,
                "original_w": 742,
                "original_h": 253,
                "thumb_tiny": "AwAQADCjnk0pP+c0pikyf3bf980eVJ\/zzb8qAG5ozTvKk\/55t+VHlSf882\/KgBu7jGPxp8R\/fJ\/vCk8qT\/nm35U6KNxKnyN94dqAP\/\/Z",
                "permalink": "https:\/\/harbourproject.slack.com\/files\/UJHD6A81H\/FQ4SUL4RH\/grafik.png",
                "permalink_public": "https:\/\/slack-files.com\/TJH5YU202-FQ4SUL4RH-190a69f8cb",
                "is_starred": false,
                "has_rich_preview": false
            }
        ],
        "upload": true,
        "user": "UJHD6A81H",
        "display_as_bot": false,
        "ts": "1573629239.467300",
        "client_msg_id": "ed8c1e56-1ab8-4b06-8160-ce1b147c0b97"
    },
    {
        "client_msg_id": "e6d19c38-287c-4a56-af60-ceff9a62a4ef",
        "type": "message",
        "text": "Here is the REPORT definition",
        "user": "UJHD6A81H",
        "ts": "1573629290.467800",
        "team": "TJH5YU202",
        "user_team": "TJH5YU202",
        "source_team": "TJH5YU202",
        "user_profile": {
            "avatar_hash": "g6b8073e00e9",
            "image_72": "https:\/\/secure.gravatar.com\/avatar\/b96b8073e00e9eb02bcf05bc1418eb3a.jpg?s=72&d=https%3A%2F%2Fa.slack-edge.com%2Fdf10d%2Fimg%2Favatars%2Fava_0021-72.png",
            "first_name": "Otto",
            "real_name": "Otto Atzwanger",
            "display_name": "Otto",
            "team": "TJH5YU202",
            "name": "otto",
            "is_restricted": false,
            "is_ultra_restricted": false
        }
    },
    {
        "type": "message",
        "text": "",
        "files": [
            {
                "id": "FQ3HJEJ4S",
                "created": 1573629298,
                "timestamp": 1573629298,
                "name": "grafik.png",
                "title": "grafik.png",
                "mimetype": "image\/png",
                "filetype": "png",
                "pretty_type": "PNG",
                "user": "UJHD6A81H",
                "editable": false,
                "size": 32092,
                "mode": "hosted",
                "is_external": false,
                "external_type": "",
                "is_public": true,
                "public_url_shared": false,
                "display_as_bot": false,
                "username": "",
                "url_private": "https:\/\/files.slack.com\/files-pri\/TJH5YU202-FQ3HJEJ4S\/grafik.png?t=xoxe-629202954002-950795328464-950341379620-2ca7f74bb6537751ea5666f8f5e8896e",
                "url_private_download": "https:\/\/files.slack.com\/files-pri\/TJH5YU202-FQ3HJEJ4S\/download\/grafik.png?t=xoxe-629202954002-950795328464-950341379620-2ca7f74bb6537751ea5666f8f5e8896e",
                "thumb_64": "https:\/\/files.slack.com\/files-tmb\/TJH5YU202-FQ3HJEJ4S-c2f4936392\/grafik_64.png?t=xoxe-629202954002-950795328464-950341379620-2ca7f74bb6537751ea5666f8f5e8896e",
                "thumb_80": "https:\/\/files.slack.com\/files-tmb\/TJH5YU202-FQ3HJEJ4S-c2f4936392\/grafik_80.png?t=xoxe-629202954002-950795328464-950341379620-2ca7f74bb6537751ea5666f8f5e8896e",
                "thumb_360": "https:\/\/files.slack.com\/files-tmb\/TJH5YU202-FQ3HJEJ4S-c2f4936392\/grafik_360.png?t=xoxe-629202954002-950795328464-950341379620-2ca7f74bb6537751ea5666f8f5e8896e",
                "thumb_360_w": 360,
                "thumb_360_h": 178,
                "thumb_480": "https:\/\/files.slack.com\/files-tmb\/TJH5YU202-FQ3HJEJ4S-c2f4936392\/grafik_480.png?t=xoxe-629202954002-950795328464-950341379620-2ca7f74bb6537751ea5666f8f5e8896e",
                "thumb_480_w": 480,
                "thumb_480_h": 237,
                "thumb_160": "https:\/\/files.slack.com\/files-tmb\/TJH5YU202-FQ3HJEJ4S-c2f4936392\/grafik_160.png?t=xoxe-629202954002-950795328464-950341379620-2ca7f74bb6537751ea5666f8f5e8896e",
                "thumb_720": "https:\/\/files.slack.com\/files-tmb\/TJH5YU202-FQ3HJEJ4S-c2f4936392\/grafik_720.png?t=xoxe-629202954002-950795328464-950341379620-2ca7f74bb6537751ea5666f8f5e8896e",
                "thumb_720_w": 720,
                "thumb_720_h": 356,
                "thumb_800": "https:\/\/files.slack.com\/files-tmb\/TJH5YU202-FQ3HJEJ4S-c2f4936392\/grafik_800.png?t=xoxe-629202954002-950795328464-950341379620-2ca7f74bb6537751ea5666f8f5e8896e",
                "thumb_800_w": 800,
                "thumb_800_h": 395,
                "thumb_960": "https:\/\/files.slack.com\/files-tmb\/TJH5YU202-FQ3HJEJ4S-c2f4936392\/grafik_960.png?t=xoxe-629202954002-950795328464-950341379620-2ca7f74bb6537751ea5666f8f5e8896e",
                "thumb_960_w": 960,
                "thumb_960_h": 474,
                "thumb_1024": "https:\/\/files.slack.com\/files-tmb\/TJH5YU202-FQ3HJEJ4S-c2f4936392\/grafik_1024.png?t=xoxe-629202954002-950795328464-950341379620-2ca7f74bb6537751ea5666f8f5e8896e",
                "thumb_1024_w": 1024,
                "thumb_1024_h": 506,
                "image_exif_rotation": 1,
                "original_w": 1051,
                "original_h": 519,
                "thumb_tiny": "AwAXADCp2NNHenD+tN\/vUAKc44pvPvTu1IQAKAEwfelTPmL9RTadH\/rF+ooAf5UvofzFJ5Mn939RVs9aKAKnlS\/3T+Yo8mT+7+oq3RQBU8mT+7+opUhk8xfl7jvVqlX7w+tAH\/\/Z",
                "permalink": "https:\/\/harbourproject.slack.com\/files\/UJHD6A81H\/FQ3HJEJ4S\/grafik.png",
                "permalink_public": "https:\/\/slack-files.com\/TJH5YU202-FQ3HJEJ4S-81a173feb7",
                "is_starred": false,
                "has_rich_preview": false
            }
        ],
        "upload": true,
        "user": "UJHD6A81H",
        "display_as_bot": false,
        "ts": "1573629304.467900",
        "client_msg_id": "9a221404-8b40-4036-b764-4b884888261b"
    },
    {
        "client_msg_id": "6efdad0a-3fd3-44ca-bd57-45484a1557a8",
        "type": "message",
        "text": "And online :slightly_smiling_face:",
        "user": "UJHD6A81H",
        "ts": "1573629352.468400",
        "team": "TJH5YU202",
        "user_team": "TJH5YU202",
        "source_team": "TJH5YU202",
        "user_profile": {
            "avatar_hash": "g6b8073e00e9",
            "image_72": "https:\/\/secure.gravatar.com\/avatar\/b96b8073e00e9eb02bcf05bc1418eb3a.jpg?s=72&d=https%3A%2F%2Fa.slack-edge.com%2Fdf10d%2Fimg%2Favatars%2Fava_0021-72.png",
            "first_name": "Otto",
            "real_name": "Otto Atzwanger",
            "display_name": "Otto",
            "team": "TJH5YU202",
            "name": "otto",
            "is_restricted": false,
            "is_ultra_restricted": false
        },
        "edited": {
            "user": "UJHD6A81H",
            "ts": "1573629441.000000"
        }
    },
    {
        "type": "message",
        "text": "",
        "files": [
            {
                "id": "FQJHH8LG6",
                "created": 1573629356,
                "timestamp": 1573629356,
                "name": "grafik.png",
                "title": "grafik.png",
                "mimetype": "image\/png",
                "filetype": "png",
                "pretty_type": "PNG",
                "user": "UJHD6A81H",
                "editable": false,
                "size": 39146,
                "mode": "hosted",
                "is_external": false,
                "external_type": "",
                "is_public": true,
                "public_url_shared": false,
                "display_as_bot": false,
                "username": "",
                "url_private": "https:\/\/files.slack.com\/files-pri\/TJH5YU202-FQJHH8LG6\/grafik.png?t=xoxe-629202954002-950795328464-950341379620-2ca7f74bb6537751ea5666f8f5e8896e",
                "url_private_download": "https:\/\/files.slack.com\/files-pri\/TJH5YU202-FQJHH8LG6\/download\/grafik.png?t=xoxe-629202954002-950795328464-950341379620-2ca7f74bb6537751ea5666f8f5e8896e",
                "thumb_64": "https:\/\/files.slack.com\/files-tmb\/TJH5YU202-FQJHH8LG6-17300630c0\/grafik_64.png?t=xoxe-629202954002-950795328464-950341379620-2ca7f74bb6537751ea5666f8f5e8896e",
                "thumb_80": "https:\/\/files.slack.com\/files-tmb\/TJH5YU202-FQJHH8LG6-17300630c0\/grafik_80.png?t=xoxe-629202954002-950795328464-950341379620-2ca7f74bb6537751ea5666f8f5e8896e",
                "thumb_360": "https:\/\/files.slack.com\/files-tmb\/TJH5YU202-FQJHH8LG6-17300630c0\/grafik_360.png?t=xoxe-629202954002-950795328464-950341379620-2ca7f74bb6537751ea5666f8f5e8896e",
                "thumb_360_w": 338,
                "thumb_360_h": 360,
                "thumb_480": "https:\/\/files.slack.com\/files-tmb\/TJH5YU202-FQJHH8LG6-17300630c0\/grafik_480.png?t=xoxe-629202954002-950795328464-950341379620-2ca7f74bb6537751ea5666f8f5e8896e",
                "thumb_480_w": 451,
                "thumb_480_h": 480,
                "thumb_160": "https:\/\/files.slack.com\/files-tmb\/TJH5YU202-FQJHH8LG6-17300630c0\/grafik_160.png?t=xoxe-629202954002-950795328464-950341379620-2ca7f74bb6537751ea5666f8f5e8896e",
                "thumb_720": "https:\/\/files.slack.com\/files-tmb\/TJH5YU202-FQJHH8LG6-17300630c0\/grafik_720.png?t=xoxe-629202954002-950795328464-950341379620-2ca7f74bb6537751ea5666f8f5e8896e",
                "thumb_720_w": 677,
                "thumb_720_h": 720,
                "thumb_800": "https:\/\/files.slack.com\/files-tmb\/TJH5YU202-FQJHH8LG6-17300630c0\/grafik_800.png?t=xoxe-629202954002-950795328464-950341379620-2ca7f74bb6537751ea5666f8f5e8896e",
                "thumb_800_w": 800,
                "thumb_800_h": 851,
                "image_exif_rotation": 1,
                "original_w": 877,
                "original_h": 933,
                "thumb_tiny": "AwAwAC1w1LH\/ACy6f7X\/ANani7mYZ+zNj8f8Kzm71tRf6lOR90fyqrrsIq\/a5v8An0f9f8KPtc3\/AD6P+v8AhV7AoxRddhlH7XN\/z6P+v+FH2ub\/AJ9H\/X\/Cr2KMUXXYDBbvW3EcRR\/7orEbqa2oseVHkfwipAlopoIPb9KXA9P0oAWiiigDnz1NbCl\/LTagI2jnNY571txf6pP90fypiHL0BbGfSn5FNopDHZFGRTaKAP\/Z",
                "permalink": "https:\/\/harbourproject.slack.com\/files\/UJHD6A81H\/FQJHH8LG6\/grafik.png",
                "permalink_public": "https:\/\/slack-files.com\/TJH5YU202-FQJHH8LG6-cb034f3784",
                "is_starred": false,
                "has_rich_preview": false
            }
        ],
        "upload": true,
        "user": "UJHD6A81H",
        "display_as_bot": false,
        "ts": "1573629359.468500",
        "client_msg_id": "69101c94-a75a-4d35-877a-4e6188c46cad",
        "reactions": [
            {
                "name": "+1",
                "users": [
                    "UJUJLTWMT",
                    "UJULQCHL5"
                ],
                "count": 2
            }
        ]
    },
    {
        "client_msg_id": "a5988547-0591-46c0-9c61-c66f3185a2e1",
        "type": "message",
        "text": "good morning :sunny:",
        "user": "UJN8D8U3B",
        "ts": "1573630306.469100",
        "team": "TJH5YU202",
        "user_team": "TJH5YU202",
        "source_team": "TJH5YU202",
        "user_profile": {
            "avatar_hash": "g92ad2abcc45",
            "image_72": "https:\/\/secure.gravatar.com\/avatar\/8492ad2abcc45ce53969adcf8420acde.jpg?s=72&d=https%3A%2F%2Fa.slack-edge.com%2Fdf10d%2Fimg%2Favatars%2Fava_0008-72.png",
            "first_name": "",
            "real_name": "Antonio Linares",
            "display_name": "Antonio Linares",
            "team": "TJH5YU202",
            "name": "alinares",
            "is_restricted": false,
            "is_ultra_restricted": false
        }
    }
]