[
    {
        "client_msg_id": "56e4e75c-dcb7-484f-aaeb-f8e6300d8e43",
        "type": "message",
        "text": "<http:\/\/b9stream.club\/video\/internazionale-vs-barcelona\/>",
        "user": "UJULAGJG5",
        "ts": "1576007640.377900",
        "team": "TJH5YU202",
        "user_team": "TJH5YU202",
        "source_team": "TJH5YU202",
        "user_profile": {
            "avatar_hash": "g456e0b2cdb9",
            "image_72": "https:\/\/secure.gravatar.com\/avatar\/dc456e0b2cdb991048d487a08c4a8c7a.jpg?s=72&d=https%3A%2F%2Fa.slack-edge.com%2Fdf10d%2Fimg%2Favatars%2Fava_0004-72.png",
            "first_name": "",
            "real_name": "Gabriel",
            "display_name": "Gabriel",
            "team": "TJH5YU202",
            "name": "jgabri",
            "is_restricted": false,
            "is_ultra_restricted": false
        },
        "attachments": [
            {
                "title": "Internazionale vs Barcelona",
                "title_link": "http:\/\/b9stream.club\/video\/internazionale-vs-barcelona\/",
                "fallback": "Internazionale vs Barcelona",
                "image_url": "http:\/\/b9stream.club\/wp-content\/uploads\/2019\/11\/aa.jpeg",
                "from_url": "http:\/\/b9stream.club\/video\/internazionale-vs-barcelona\/",
                "image_width": 310,
                "image_height": 163,
                "image_bytes": 7057,
                "service_icon": "http:\/\/b9stream.club\/wp-content\/uploads\/2019\/10\/cropped-ecdf70af-50a0-484f-874c-a6cbfda3179e_200x200-180x180.png",
                "service_name": "b9stream.club",
                "id": 1,
                "original_url": "http:\/\/b9stream.club\/video\/internazionale-vs-barcelona\/"
            }
        ],
        "blocks": [
            {
                "type": "rich_text",
                "block_id": "zI3kI",
                "elements": [
                    {
                        "type": "rich_text_section",
                        "elements": [
                            {
                                "type": "link",
                                "url": "http:\/\/b9stream.club\/video\/internazionale-vs-barcelona\/"
                            }
                        ]
                    }
                ]
            }
        ]
    }
]