[
    {
        "client_msg_id": "288d10b2-d1d0-41d6-bbb5-42db9b3e29b5",
        "type": "message",
        "text": "<http:\/\/forums.fivetechsupport.com\/viewtopic.php?f=32&amp;t=36883#p220036>",
        "user": "UJUJLTWMT",
        "ts": "1571563164.491800",
        "team": "TJH5YU202",
        "user_team": "TJH5YU202",
        "source_team": "TJH5YU202",
        "user_profile": {
            "avatar_hash": "a60e3b1ef2d2",
            "image_72": "https:\/\/avatars.slack-edge.com\/2019-08-20\/726246109489_a60e3b1ef2d2c141969d_72.jpg",
            "first_name": "",
            "real_name": "Cristobal",
            "display_name": "Cristobal",
            "team": "TJH5YU202",
            "name": "navarro.cristobal",
            "is_restricted": false,
            "is_ultra_restricted": false
        },
        "thread_ts": "1571516425.490800",
        "parent_user_id": "UM81W8B0Q"
    },
    {
        "client_msg_id": "481adfa7-d555-462e-9b42-b1470fd6ce49",
        "type": "message",
        "text": "Gracias Cristóbal",
        "user": "UM81W8B0Q",
        "ts": "1571588367.492000",
        "team": "TJH5YU202",
        "user_team": "TJH5YU202",
        "source_team": "TJH5YU202",
        "user_profile": {
            "avatar_hash": "gab9279ee8c0",
            "image_72": "https:\/\/secure.gravatar.com\/avatar\/73ab9279ee8c00f66ce4904d30146c8f.jpg?s=72&d=https%3A%2F%2Fa.slack-edge.com%2Fdf10d%2Fimg%2Favatars%2Fava_0010-72.png",
            "first_name": "",
            "real_name": "Angel Pais",
            "display_name": "Angel Pais",
            "team": "TJH5YU202",
            "name": "amigosam",
            "is_restricted": false,
            "is_ultra_restricted": false
        },
        "thread_ts": "1571516425.490800",
        "parent_user_id": "UM81W8B0Q"
    },
    {
        "client_msg_id": "cd3b200f-9b22-4eb4-976e-9e9a9be5d5d8",
        "type": "message",
        "text": "Now I have ready my server setup for mod harbour and Fivewin",
        "user": "UJHD6A81H",
        "ts": "1571602535.492600",
        "team": "TJH5YU202",
        "user_team": "TJH5YU202",
        "source_team": "TJH5YU202",
        "user_profile": {
            "avatar_hash": "g6b8073e00e9",
            "image_72": "https:\/\/secure.gravatar.com\/avatar\/b96b8073e00e9eb02bcf05bc1418eb3a.jpg?s=72&d=https%3A%2F%2Fa.slack-edge.com%2Fdf10d%2Fimg%2Favatars%2Fava_0021-72.png",
            "first_name": "Otto",
            "real_name": "Otto Atzwanger",
            "display_name": "Otto",
            "team": "TJH5YU202",
            "name": "otto",
            "is_restricted": false,
            "is_ultra_restricted": false
        }
    },
    {
        "type": "message",
        "text": "",
        "files": [
            {
                "id": "FPKMS0EHJ",
                "created": 1571602541,
                "timestamp": 1571602541,
                "name": "image.png",
                "title": "image.png",
                "mimetype": "image\/png",
                "filetype": "png",
                "pretty_type": "PNG",
                "user": "UJHD6A81H",
                "editable": false,
                "size": 62714,
                "mode": "hosted",
                "is_external": false,
                "external_type": "",
                "is_public": true,
                "public_url_shared": false,
                "display_as_bot": false,
                "username": "",
                "url_private": "https:\/\/files.slack.com\/files-pri\/TJH5YU202-FPKMS0EHJ\/image.png?t=xoxe-629202954002-950795328464-950341379620-2ca7f74bb6537751ea5666f8f5e8896e",
                "url_private_download": "https:\/\/files.slack.com\/files-pri\/TJH5YU202-FPKMS0EHJ\/download\/image.png?t=xoxe-629202954002-950795328464-950341379620-2ca7f74bb6537751ea5666f8f5e8896e",
                "thumb_64": "https:\/\/files.slack.com\/files-tmb\/TJH5YU202-FPKMS0EHJ-fe3e60bb16\/image_64.png?t=xoxe-629202954002-950795328464-950341379620-2ca7f74bb6537751ea5666f8f5e8896e",
                "thumb_80": "https:\/\/files.slack.com\/files-tmb\/TJH5YU202-FPKMS0EHJ-fe3e60bb16\/image_80.png?t=xoxe-629202954002-950795328464-950341379620-2ca7f74bb6537751ea5666f8f5e8896e",
                "thumb_360": "https:\/\/files.slack.com\/files-tmb\/TJH5YU202-FPKMS0EHJ-fe3e60bb16\/image_360.png?t=xoxe-629202954002-950795328464-950341379620-2ca7f74bb6537751ea5666f8f5e8896e",
                "thumb_360_w": 360,
                "thumb_360_h": 96,
                "thumb_480": "https:\/\/files.slack.com\/files-tmb\/TJH5YU202-FPKMS0EHJ-fe3e60bb16\/image_480.png?t=xoxe-629202954002-950795328464-950341379620-2ca7f74bb6537751ea5666f8f5e8896e",
                "thumb_480_w": 480,
                "thumb_480_h": 128,
                "thumb_160": "https:\/\/files.slack.com\/files-tmb\/TJH5YU202-FPKMS0EHJ-fe3e60bb16\/image_160.png?t=xoxe-629202954002-950795328464-950341379620-2ca7f74bb6537751ea5666f8f5e8896e",
                "thumb_720": "https:\/\/files.slack.com\/files-tmb\/TJH5YU202-FPKMS0EHJ-fe3e60bb16\/image_720.png?t=xoxe-629202954002-950795328464-950341379620-2ca7f74bb6537751ea5666f8f5e8896e",
                "thumb_720_w": 720,
                "thumb_720_h": 193,
                "thumb_800": "https:\/\/files.slack.com\/files-tmb\/TJH5YU202-FPKMS0EHJ-fe3e60bb16\/image_800.png?t=xoxe-629202954002-950795328464-950341379620-2ca7f74bb6537751ea5666f8f5e8896e",
                "thumb_800_w": 800,
                "thumb_800_h": 214,
                "thumb_960": "https:\/\/files.slack.com\/files-tmb\/TJH5YU202-FPKMS0EHJ-fe3e60bb16\/image_960.png?t=xoxe-629202954002-950795328464-950341379620-2ca7f74bb6537751ea5666f8f5e8896e",
                "thumb_960_w": 960,
                "thumb_960_h": 257,
                "thumb_1024": "https:\/\/files.slack.com\/files-tmb\/TJH5YU202-FPKMS0EHJ-fe3e60bb16\/image_1024.png?t=xoxe-629202954002-950795328464-950341379620-2ca7f74bb6537751ea5666f8f5e8896e",
                "thumb_1024_w": 1024,
                "thumb_1024_h": 274,
                "image_exif_rotation": 1,
                "original_w": 1324,
                "original_h": 354,
                "thumb_tiny": "AwAMADDRZmBwqZHrmjJp1JjmgBDkUc4pSM0uKAG5NGST+NLiloA\/\/9k=",
                "permalink": "https:\/\/harbourproject.slack.com\/files\/UJHD6A81H\/FPKMS0EHJ\/image.png",
                "permalink_public": "https:\/\/slack-files.com\/TJH5YU202-FPKMS0EHJ-7659c4a33f",
                "is_starred": false,
                "has_rich_preview": false
            }
        ],
        "upload": true,
        "user": "UJHD6A81H",
        "display_as_bot": false,
        "ts": "1571602543.492700",
        "client_msg_id": "09d85388-c228-40d8-bd66-7ad22c667cc6"
    }
]