[
    {
        "client_msg_id": "26894e6b-42b2-493c-896d-1f89460c3ae5",
        "type": "message",
        "text": "Working on the Harbourino project it was necessary to get all files from a project.\nSo we developed an INI2DBF converting.\nNow I see much potential in this converting tool.\nDBF files are so great in database work.",
        "user": "UJHD6A81H",
        "ts": "1576161527.399100",
        "team": "TJH5YU202",
        "user_team": "TJH5YU202",
        "source_team": "TJH5YU202",
        "user_profile": {
            "avatar_hash": "g6b8073e00e9",
            "image_72": "https:\/\/secure.gravatar.com\/avatar\/b96b8073e00e9eb02bcf05bc1418eb3a.jpg?s=72&d=https%3A%2F%2Fa.slack-edge.com%2Fdf10d%2Fimg%2Favatars%2Fava_0021-72.png",
            "first_name": "Otto",
            "real_name": "Otto Atzwanger",
            "display_name": "Otto",
            "team": "TJH5YU202",
            "name": "otto",
            "is_restricted": false,
            "is_ultra_restricted": false
        },
        "blocks": [
            {
                "type": "rich_text",
                "block_id": "v2z",
                "elements": [
                    {
                        "type": "rich_text_section",
                        "elements": [
                            {
                                "type": "text",
                                "text": "Working on the Harbourino project it was necessary to get all files from a project.\nSo we developed an INI2DBF converting.\nNow I see much potential in this converting tool.\nDBF files are so great in database work."
                            }
                        ]
                    }
                ]
            }
        ]
    },
    {
        "type": "message",
        "text": "",
        "files": [
            {
                "id": "FRP7166A2",
                "created": 1576161561,
                "timestamp": 1576161561,
                "name": "projectfile.png",
                "title": "projectfile.png",
                "mimetype": "image\/png",
                "filetype": "png",
                "pretty_type": "PNG",
                "user": "UJHD6A81H",
                "editable": false,
                "size": 61815,
                "mode": "hosted",
                "is_external": false,
                "external_type": "",
                "is_public": true,
                "public_url_shared": false,
                "display_as_bot": false,
                "username": "",
                "url_private": "https:\/\/files.slack.com\/files-pri\/TJH5YU202-FRP7166A2\/projectfile.png?t=xoxe-629202954002-950795328464-950341379620-2ca7f74bb6537751ea5666f8f5e8896e",
                "url_private_download": "https:\/\/files.slack.com\/files-pri\/TJH5YU202-FRP7166A2\/download\/projectfile.png?t=xoxe-629202954002-950795328464-950341379620-2ca7f74bb6537751ea5666f8f5e8896e",
                "thumb_64": "https:\/\/files.slack.com\/files-tmb\/TJH5YU202-FRP7166A2-1f4ebe4ac4\/projectfile_64.png?t=xoxe-629202954002-950795328464-950341379620-2ca7f74bb6537751ea5666f8f5e8896e",
                "thumb_80": "https:\/\/files.slack.com\/files-tmb\/TJH5YU202-FRP7166A2-1f4ebe4ac4\/projectfile_80.png?t=xoxe-629202954002-950795328464-950341379620-2ca7f74bb6537751ea5666f8f5e8896e",
                "thumb_360": "https:\/\/files.slack.com\/files-tmb\/TJH5YU202-FRP7166A2-1f4ebe4ac4\/projectfile_360.png?t=xoxe-629202954002-950795328464-950341379620-2ca7f74bb6537751ea5666f8f5e8896e",
                "thumb_360_w": 360,
                "thumb_360_h": 318,
                "thumb_480": "https:\/\/files.slack.com\/files-tmb\/TJH5YU202-FRP7166A2-1f4ebe4ac4\/projectfile_480.png?t=xoxe-629202954002-950795328464-950341379620-2ca7f74bb6537751ea5666f8f5e8896e",
                "thumb_480_w": 480,
                "thumb_480_h": 424,
                "thumb_160": "https:\/\/files.slack.com\/files-tmb\/TJH5YU202-FRP7166A2-1f4ebe4ac4\/projectfile_160.png?t=xoxe-629202954002-950795328464-950341379620-2ca7f74bb6537751ea5666f8f5e8896e",
                "thumb_720": "https:\/\/files.slack.com\/files-tmb\/TJH5YU202-FRP7166A2-1f4ebe4ac4\/projectfile_720.png?t=xoxe-629202954002-950795328464-950341379620-2ca7f74bb6537751ea5666f8f5e8896e",
                "thumb_720_w": 720,
                "thumb_720_h": 636,
                "thumb_800": "https:\/\/files.slack.com\/files-tmb\/TJH5YU202-FRP7166A2-1f4ebe4ac4\/projectfile_800.png?t=xoxe-629202954002-950795328464-950341379620-2ca7f74bb6537751ea5666f8f5e8896e",
                "thumb_800_w": 800,
                "thumb_800_h": 707,
                "thumb_960": "https:\/\/files.slack.com\/files-tmb\/TJH5YU202-FRP7166A2-1f4ebe4ac4\/projectfile_960.png?t=xoxe-629202954002-950795328464-950341379620-2ca7f74bb6537751ea5666f8f5e8896e",
                "thumb_960_w": 960,
                "thumb_960_h": 848,
                "thumb_1024": "https:\/\/files.slack.com\/files-tmb\/TJH5YU202-FRP7166A2-1f4ebe4ac4\/projectfile_1024.png?t=xoxe-629202954002-950795328464-950341379620-2ca7f74bb6537751ea5666f8f5e8896e",
                "thumb_1024_w": 1024,
                "thumb_1024_h": 905,
                "image_exif_rotation": 1,
                "original_w": 1100,
                "original_h": 972,
                "thumb_tiny": "AwAqADDRVRjOKNoz0pV6Ud6AEIGDxTA3HQVIehqMUAOUg9QKdgelIuPUU6gBF6Ud6iPU09+ooAcehqMU4YKninCgBAPY06iigCPaTnFOYEkUL0\/Gl70ABOBQDkUN900o6UAFFFFAH\/\/Z",
                "permalink": "https:\/\/harbourproject.slack.com\/files\/UJHD6A81H\/FRP7166A2\/projectfile.png",
                "permalink_public": "https:\/\/slack-files.com\/TJH5YU202-FRP7166A2-34ea674ab3",
                "is_starred": false,
                "has_rich_preview": false
            }
        ],
        "upload": true,
        "user": "UJHD6A81H",
        "display_as_bot": false,
        "ts": "1576161572.399200",
        "client_msg_id": "3eafb5cd-8b40-4526-aa37-b0384af588e4",
        "reactions": [
            {
                "name": "clap",
                "users": [
                    "UJUJLTWMT"
                ],
                "count": 1
            }
        ]
    },
    {
        "client_msg_id": "386c7d2c-39dc-44cb-bb65-16e0fb807e91",
        "type": "message",
        "text": "I was developping something similar for a client\/server app I have. This way you can have remote .ini files via netio easy",
        "user": "UM81W8B0Q",
        "ts": "1576164279.400700",
        "team": "TJH5YU202",
        "user_team": "TJH5YU202",
        "source_team": "TJH5YU202",
        "user_profile": {
            "avatar_hash": "gab9279ee8c0",
            "image_72": "https:\/\/secure.gravatar.com\/avatar\/73ab9279ee8c00f66ce4904d30146c8f.jpg?s=72&d=https%3A%2F%2Fa.slack-edge.com%2Fdf10d%2Fimg%2Favatars%2Fava_0010-72.png",
            "first_name": "",
            "real_name": "Angel Pais",
            "display_name": "Angel Pais",
            "team": "TJH5YU202",
            "name": "amigosam",
            "is_restricted": false,
            "is_ultra_restricted": false
        },
        "blocks": [
            {
                "type": "rich_text",
                "block_id": "DO96",
                "elements": [
                    {
                        "type": "rich_text_section",
                        "elements": [
                            {
                                "type": "text",
                                "text": "I was developping something similar for a client\/server app I have. This way you can have remote .ini files via netio easy"
                            }
                        ]
                    }
                ]
            }
        ],
        "reactions": [
            {
                "name": "star-struck",
                "users": [
                    "UJUJLTWMT"
                ],
                "count": 1
            }
        ]
    },
    {
        "client_msg_id": "eb3634da-71e5-483e-8770-e411bef63c08",
        "type": "message",
        "text": "A note on the HTML spec, regarding `meta` tags like `&lt;meta http-equiv=\"content-language\" content=\"es\"&gt;` :\n&gt; This pragma is almost, but not quite, entirely unlike the HTTP ``Content-Language`` header of the same name.",
        "user": "UNAHBRTFA",
        "ts": "1576176678.403300",
        "team": "TJH5YU202",
        "user_team": "TJH5YU202",
        "source_team": "TJH5YU202",
        "user_profile": {
            "avatar_hash": "g3d2a3f4c28c",
            "image_72": "https:\/\/secure.gravatar.com\/avatar\/23d2a3f4c28cebb4cf07e48d02620517.jpg?s=72&d=https%3A%2F%2Fa.slack-edge.com%2Fdf10d%2Fimg%2Favatars%2Fava_0020-72.png",
            "first_name": "Andreu",
            "real_name": "Andreu Botella",
            "display_name": "Andreu Botella",
            "team": "TJH5YU202",
            "name": "andreu.132",
            "is_restricted": false,
            "is_ultra_restricted": false
        },
        "blocks": [
            {
                "type": "rich_text",
                "block_id": "8uqjg",
                "elements": [
                    {
                        "type": "rich_text_section",
                        "elements": [
                            {
                                "type": "text",
                                "text": "A note on the HTML spec, regarding "
                            },
                            {
                                "type": "text",
                                "text": "meta",
                                "style": {
                                    "code": true
                                }
                            },
                            {
                                "type": "text",
                                "text": " tags like "
                            },
                            {
                                "type": "text",
                                "text": "<meta http-equiv=\"content-language\" content=\"es\">",
                                "style": {
                                    "code": true
                                }
                            },
                            {
                                "type": "text",
                                "text": " :\n"
                            }
                        ]
                    },
                    {
                        "type": "rich_text_quote",
                        "elements": [
                            {
                                "type": "text",
                                "text": "This pragma is almost, but not quite, entirely unlike the HTTP `"
                            },
                            {
                                "type": "text",
                                "text": "Content-Language",
                                "style": {
                                    "code": true
                                }
                            },
                            {
                                "type": "text",
                                "text": "` header of the same name."
                            }
                        ]
                    }
                ]
            }
        ]
    },
    {
        "client_msg_id": "3381c258-ac7f-46f4-b659-eef996460ef0",
        "type": "message",
        "text": "I love me those _Hitchhiker's Guide to the Galaxy_ references",
        "user": "UNAHBRTFA",
        "ts": "1576176690.403700",
        "team": "TJH5YU202",
        "user_team": "TJH5YU202",
        "source_team": "TJH5YU202",
        "user_profile": {
            "avatar_hash": "g3d2a3f4c28c",
            "image_72": "https:\/\/secure.gravatar.com\/avatar\/23d2a3f4c28cebb4cf07e48d02620517.jpg?s=72&d=https%3A%2F%2Fa.slack-edge.com%2Fdf10d%2Fimg%2Favatars%2Fava_0020-72.png",
            "first_name": "Andreu",
            "real_name": "Andreu Botella",
            "display_name": "Andreu Botella",
            "team": "TJH5YU202",
            "name": "andreu.132",
            "is_restricted": false,
            "is_ultra_restricted": false
        },
        "edited": {
            "user": "UNAHBRTFA",
            "ts": "1576176700.000000"
        },
        "blocks": [
            {
                "type": "rich_text",
                "block_id": "zfp",
                "elements": [
                    {
                        "type": "rich_text_section",
                        "elements": [
                            {
                                "type": "text",
                                "text": "I love me those "
                            },
                            {
                                "type": "text",
                                "text": "Hitchhiker's Guide to the Galaxy",
                                "style": {
                                    "italic": true
                                }
                            },
                            {
                                "type": "text",
                                "text": " references"
                            }
                        ]
                    }
                ]
            }
        ],
        "reactions": [
            {
                "name": "+1",
                "users": [
                    "UJUJLTWMT"
                ],
                "count": 1
            }
        ]
    },
    {
        "client_msg_id": "0fc04c87-00b8-4c90-adc0-2d9f68bea48c",
        "type": "message",
        "text": "Bon dia! :slightly_smiling_face:",
        "user": "UJWR5N32S",
        "ts": "1576217307.404300",
        "team": "TJH5YU202",
        "user_team": "TJH5YU202",
        "source_team": "TJH5YU202",
        "user_profile": {
            "avatar_hash": "273d3745f7ae",
            "image_72": "https:\/\/avatars.slack-edge.com\/2019-05-20\/634344238497_273d3745f7ae1b176b82_72.jpg",
            "first_name": "Charly",
            "real_name": "Charly",
            "display_name": "Charly",
            "team": "TJH5YU202",
            "name": "carles9000",
            "is_restricted": false,
            "is_ultra_restricted": false
        },
        "blocks": [
            {
                "type": "rich_text",
                "block_id": "s7N",
                "elements": [
                    {
                        "type": "rich_text_section",
                        "elements": [
                            {
                                "type": "text",
                                "text": "Bon dia! "
                            },
                            {
                                "type": "emoji",
                                "name": "slightly_smiling_face"
                            }
                        ]
                    }
                ]
            }
        ]
    },
    {
        "client_msg_id": "8ed14059-9beb-427e-93f6-ff3c84f7f68b",
        "type": "message",
        "text": "buenos dias :sunny:",
        "user": "UJN8D8U3B",
        "ts": "1576217492.404500",
        "team": "TJH5YU202",
        "user_team": "TJH5YU202",
        "source_team": "TJH5YU202",
        "user_profile": {
            "avatar_hash": "g92ad2abcc45",
            "image_72": "https:\/\/secure.gravatar.com\/avatar\/8492ad2abcc45ce53969adcf8420acde.jpg?s=72&d=https%3A%2F%2Fa.slack-edge.com%2Fdf10d%2Fimg%2Favatars%2Fava_0008-72.png",
            "first_name": "",
            "real_name": "Antonio Linares",
            "display_name": "Antonio Linares",
            "team": "TJH5YU202",
            "name": "alinares",
            "is_restricted": false,
            "is_ultra_restricted": false
        },
        "blocks": [
            {
                "type": "rich_text",
                "block_id": "28Da",
                "elements": [
                    {
                        "type": "rich_text_section",
                        "elements": [
                            {
                                "type": "text",
                                "text": "buenos dias "
                            },
                            {
                                "type": "emoji",
                                "name": "sunny"
                            }
                        ]
                    }
                ]
            }
        ]
    },
    {
        "client_msg_id": "5b3c9302-c613-4b73-85e7-c06cb082ffab",
        "type": "message",
        "text": "Por muy larga q sea una tormenta al final siempre sale el sol. Por fin viernes!",
        "user": "UJWR5N32S",
        "ts": "1576217625.405900",
        "team": "TJH5YU202",
        "user_team": "TJH5YU202",
        "source_team": "TJH5YU202",
        "user_profile": {
            "avatar_hash": "273d3745f7ae",
            "image_72": "https:\/\/avatars.slack-edge.com\/2019-05-20\/634344238497_273d3745f7ae1b176b82_72.jpg",
            "first_name": "Charly",
            "real_name": "Charly",
            "display_name": "Charly",
            "team": "TJH5YU202",
            "name": "carles9000",
            "is_restricted": false,
            "is_ultra_restricted": false
        },
        "blocks": [
            {
                "type": "rich_text",
                "block_id": "EFL2",
                "elements": [
                    {
                        "type": "rich_text_section",
                        "elements": [
                            {
                                "type": "text",
                                "text": "Por muy larga q sea una tormenta al final siempre sale el sol. Por fin viernes!"
                            }
                        ]
                    }
                ]
            }
        ]
    }
]