[
    {
        "client_msg_id": "58ceb764-232c-4954-91c3-bcf525497810",
        "type": "message",
        "text": "Les deseo un feliz y prospero año 2020 colegas. Le agradezco a este 2019 el haberlos conocido y poder formar parte de este grupo. Un abrazo grande a todos! :tada:",
        "user": "UJRQZMTAM",
        "ts": "1577800301.098100",
        "team": "TJH5YU202",
        "user_team": "TJH5YU202",
        "source_team": "TJH5YU202",
        "user_profile": {
            "avatar_hash": "0d8c567df084",
            "image_72": "https:\/\/avatars.slack-edge.com\/2019-11-22\/834908722243_0d8c567df084bf59d639_72.png",
            "first_name": "Diego",
            "real_name": "Diego F",
            "display_name": "Diego F",
            "team": "TJH5YU202",
            "name": "diegohfazio",
            "is_restricted": false,
            "is_ultra_restricted": false
        },
        "blocks": [
            {
                "type": "rich_text",
                "block_id": "GdJ",
                "elements": [
                    {
                        "type": "rich_text_section",
                        "elements": [
                            {
                                "type": "text",
                                "text": "Les deseo un feliz y prospero año 2020 colegas. Le agradezco a este 2019 el haberlos conocido y poder formar parte de este grupo. Un abrazo grande a todos! "
                            },
                            {
                                "type": "emoji",
                                "name": "tada"
                            }
                        ]
                    }
                ]
            }
        ]
    },
    {
        "client_msg_id": "fa07cf00-acb8-49a1-a33c-7d47dfa17f83",
        "type": "message",
        "text": "2019 abrimos el melon. 2020 montaremos el plato. Feliz año a todos!",
        "user": "UJWR5N32S",
        "ts": "1577800629.099600",
        "team": "TJH5YU202",
        "user_team": "TJH5YU202",
        "source_team": "TJH5YU202",
        "user_profile": {
            "avatar_hash": "273d3745f7ae",
            "image_72": "https:\/\/avatars.slack-edge.com\/2019-05-20\/634344238497_273d3745f7ae1b176b82_72.jpg",
            "first_name": "Charly",
            "real_name": "Charly",
            "display_name": "Charly",
            "team": "TJH5YU202",
            "name": "carles9000",
            "is_restricted": false,
            "is_ultra_restricted": false
        },
        "blocks": [
            {
                "type": "rich_text",
                "block_id": "3Er",
                "elements": [
                    {
                        "type": "rich_text_section",
                        "elements": [
                            {
                                "type": "text",
                                "text": "2019 abrimos el melon. 2020 montaremos el plato. Feliz año a todos!"
                            }
                        ]
                    }
                ]
            }
        ]
    },
    {
        "client_msg_id": "5e192099-71aa-44b8-9de4-30b7e52f7cda",
        "type": "message",
        "text": "Feliz Salida y mejor entrada en el 2020 ( twenty-twenty )",
        "user": "UJUJLTWMT",
        "ts": "1577801107.100400",
        "team": "TJH5YU202",
        "user_team": "TJH5YU202",
        "source_team": "TJH5YU202",
        "user_profile": {
            "avatar_hash": "a60e3b1ef2d2",
            "image_72": "https:\/\/avatars.slack-edge.com\/2019-08-20\/726246109489_a60e3b1ef2d2c141969d_72.jpg",
            "first_name": "",
            "real_name": "Cristobal",
            "display_name": "Cristobal",
            "team": "TJH5YU202",
            "name": "navarro.cristobal",
            "is_restricted": false,
            "is_ultra_restricted": false
        },
        "blocks": [
            {
                "type": "rich_text",
                "block_id": "C7\/6k",
                "elements": [
                    {
                        "type": "rich_text_section",
                        "elements": [
                            {
                                "type": "text",
                                "text": "Feliz Salida y mejor entrada en el 2020 ( twenty-twenty )"
                            }
                        ]
                    }
                ]
            }
        ]
    },
    {
        "client_msg_id": "F50D7FB1-D334-438E-A318-A3B26EB5F363",
        "type": "message",
        "text": "Buenos días para desearles a todos un feliz año nuevo un fuerte abrazo desde Ecuador y que este sea el año de nuestra entrada triunfal a la web !!",
        "user": "UJXP7LS78",
        "ts": "1577803808.102100",
        "team": "TJH5YU202",
        "user_team": "TJH5YU202",
        "source_team": "TJH5YU202",
        "user_profile": {
            "avatar_hash": "gc4a0baebb72",
            "image_72": "https:\/\/secure.gravatar.com\/avatar\/a1c4a0baebb720b97e5a197259dbf409.jpg?s=72&d=https%3A%2F%2Fa.slack-edge.com%2Fdf10d%2Fimg%2Favatars%2Fava_0007-72.png",
            "first_name": "",
            "real_name": "wilson gamboa",
            "display_name": "wilson gamboa",
            "team": "TJH5YU202",
            "name": "wilson.josenet",
            "is_restricted": false,
            "is_ultra_restricted": false
        },
        "blocks": [
            {
                "type": "rich_text",
                "block_id": "1Oy5+",
                "elements": [
                    {
                        "type": "rich_text_section",
                        "elements": [
                            {
                                "type": "text",
                                "text": "Buenos días para desearles a todos un feliz año nuevo un fuerte abrazo desde Ecuador y que este sea el año de nuestra entrada triunfal a la web !!"
                            }
                        ]
                    }
                ]
            }
        ]
    },
    {
        "client_msg_id": "d444b45f-892a-4660-ba8a-b2487d928ab4",
        "type": "message",
        "text": "Felicidades gente !!!",
        "user": "UM81W8B0Q",
        "ts": "1577804206.102400",
        "team": "TJH5YU202",
        "user_team": "TJH5YU202",
        "source_team": "TJH5YU202",
        "user_profile": {
            "avatar_hash": "gab9279ee8c0",
            "image_72": "https:\/\/secure.gravatar.com\/avatar\/73ab9279ee8c00f66ce4904d30146c8f.jpg?s=72&d=https%3A%2F%2Fa.slack-edge.com%2Fdf10d%2Fimg%2Favatars%2Fava_0010-72.png",
            "first_name": "",
            "real_name": "Angel Pais",
            "display_name": "Angel Pais",
            "team": "TJH5YU202",
            "name": "amigosam",
            "is_restricted": false,
            "is_ultra_restricted": false
        },
        "blocks": [
            {
                "type": "rich_text",
                "block_id": "DFkpl",
                "elements": [
                    {
                        "type": "rich_text_section",
                        "elements": [
                            {
                                "type": "text",
                                "text": "Felicidades gente !!!"
                            }
                        ]
                    }
                ]
            }
        ]
    },
    {
        "type": "message",
        "text": "",
        "files": [
            {
                "id": "FS61M6D1T",
                "created": 1577806640,
                "timestamp": 1577806640,
                "name": "image.png",
                "title": "image.png",
                "mimetype": "image\/png",
                "filetype": "png",
                "pretty_type": "PNG",
                "user": "UJN8D8U3B",
                "editable": false,
                "size": 1158693,
                "mode": "hosted",
                "is_external": false,
                "external_type": "",
                "is_public": true,
                "public_url_shared": false,
                "display_as_bot": false,
                "username": "",
                "url_private": "https:\/\/files.slack.com\/files-pri\/TJH5YU202-FS61M6D1T\/image.png?t=xoxe-629202954002-950795328464-950341379620-2ca7f74bb6537751ea5666f8f5e8896e",
                "url_private_download": "https:\/\/files.slack.com\/files-pri\/TJH5YU202-FS61M6D1T\/download\/image.png?t=xoxe-629202954002-950795328464-950341379620-2ca7f74bb6537751ea5666f8f5e8896e",
                "thumb_64": "https:\/\/files.slack.com\/files-tmb\/TJH5YU202-FS61M6D1T-5992e6bb3d\/image_64.png?t=xoxe-629202954002-950795328464-950341379620-2ca7f74bb6537751ea5666f8f5e8896e",
                "thumb_80": "https:\/\/files.slack.com\/files-tmb\/TJH5YU202-FS61M6D1T-5992e6bb3d\/image_80.png?t=xoxe-629202954002-950795328464-950341379620-2ca7f74bb6537751ea5666f8f5e8896e",
                "thumb_360": "https:\/\/files.slack.com\/files-tmb\/TJH5YU202-FS61M6D1T-5992e6bb3d\/image_360.png?t=xoxe-629202954002-950795328464-950341379620-2ca7f74bb6537751ea5666f8f5e8896e",
                "thumb_360_w": 252,
                "thumb_360_h": 360,
                "thumb_480": "https:\/\/files.slack.com\/files-tmb\/TJH5YU202-FS61M6D1T-5992e6bb3d\/image_480.png?t=xoxe-629202954002-950795328464-950341379620-2ca7f74bb6537751ea5666f8f5e8896e",
                "thumb_480_w": 336,
                "thumb_480_h": 480,
                "thumb_160": "https:\/\/files.slack.com\/files-tmb\/TJH5YU202-FS61M6D1T-5992e6bb3d\/image_160.png?t=xoxe-629202954002-950795328464-950341379620-2ca7f74bb6537751ea5666f8f5e8896e",
                "thumb_720": "https:\/\/files.slack.com\/files-tmb\/TJH5YU202-FS61M6D1T-5992e6bb3d\/image_720.png?t=xoxe-629202954002-950795328464-950341379620-2ca7f74bb6537751ea5666f8f5e8896e",
                "thumb_720_w": 504,
                "thumb_720_h": 720,
                "thumb_800": "https:\/\/files.slack.com\/files-tmb\/TJH5YU202-FS61M6D1T-5992e6bb3d\/image_800.png?t=xoxe-629202954002-950795328464-950341379620-2ca7f74bb6537751ea5666f8f5e8896e",
                "thumb_800_w": 560,
                "thumb_800_h": 800,
                "image_exif_rotation": 1,
                "original_w": 672,
                "original_h": 960,
                "thumb_tiny": "AwAwACHNpQoxywHtSDrUqLkAhFNMBmwf31\/Wm1N5b4\/1S1Ew+Y8Ae1ACYFGBSUUAKKkXZnhW\/OowM1LHuyPmOPrQBZG1o9pDYqCaML0BH1qZZChBGeD0NNnlEjE4xntQhlTBowalwKMCnYBiipo2RMFqhVR6mngVNwsTbuCW\/iJK+wqFzg08DPUUjRg0uYdiHdRup\/k0eTT5hWZ\/\/9k=",
                "permalink": "https:\/\/harbourproject.slack.com\/files\/UJN8D8U3B\/FS61M6D1T\/image.png",
                "permalink_public": "https:\/\/slack-files.com\/TJH5YU202-FS61M6D1T-4c0021ec0a",
                "is_starred": false,
                "has_rich_preview": false
            }
        ],
        "upload": true,
        "user": "UJN8D8U3B",
        "display_as_bot": false,
        "ts": "1577806644.102600",
        "client_msg_id": "6937562b-291a-4ddd-a3a6-9c32fefbce7a"
    },
    {
        "client_msg_id": "6718b352-0c19-4775-aef7-5ab4329d348f",
        "type": "message",
        "text": "todo va llegando en su momento preciso...",
        "user": "UJN8D8U3B",
        "ts": "1577806688.103200",
        "team": "TJH5YU202",
        "user_team": "TJH5YU202",
        "source_team": "TJH5YU202",
        "user_profile": {
            "avatar_hash": "g92ad2abcc45",
            "image_72": "https:\/\/secure.gravatar.com\/avatar\/8492ad2abcc45ce53969adcf8420acde.jpg?s=72&d=https%3A%2F%2Fa.slack-edge.com%2Fdf10d%2Fimg%2Favatars%2Fava_0008-72.png",
            "first_name": "",
            "real_name": "Antonio Linares",
            "display_name": "Antonio Linares",
            "team": "TJH5YU202",
            "name": "alinares",
            "is_restricted": false,
            "is_ultra_restricted": false
        },
        "blocks": [
            {
                "type": "rich_text",
                "block_id": "bUi",
                "elements": [
                    {
                        "type": "rich_text_section",
                        "elements": [
                            {
                                "type": "text",
                                "text": "todo va llegando en su momento preciso..."
                            }
                        ]
                    }
                ]
            }
        ]
    },
    {
        "client_msg_id": "ea04f7b7-5ca7-475b-b4c6-60817a0a2376",
        "type": "message",
        "text": "Ojalá la primera reunión de usuarios de mod_harbour pueda ser este 2020 en Marbella...",
        "user": "UJN8D8U3B",
        "ts": "1577806735.103800",
        "team": "TJH5YU202",
        "user_team": "TJH5YU202",
        "source_team": "TJH5YU202",
        "user_profile": {
            "avatar_hash": "g92ad2abcc45",
            "image_72": "https:\/\/secure.gravatar.com\/avatar\/8492ad2abcc45ce53969adcf8420acde.jpg?s=72&d=https%3A%2F%2Fa.slack-edge.com%2Fdf10d%2Fimg%2Favatars%2Fava_0008-72.png",
            "first_name": "",
            "real_name": "Antonio Linares",
            "display_name": "Antonio Linares",
            "team": "TJH5YU202",
            "name": "alinares",
            "is_restricted": false,
            "is_ultra_restricted": false
        },
        "blocks": [
            {
                "type": "rich_text",
                "block_id": "2APo",
                "elements": [
                    {
                        "type": "rich_text_section",
                        "elements": [
                            {
                                "type": "text",
                                "text": "Ojalá la primera reunión de usuarios de mod_harbour pueda ser este 2020 en Marbella..."
                            }
                        ]
                    }
                ]
            }
        ]
    },
    {
        "type": "message",
        "text": "",
        "files": [
            {
                "id": "FS5HDUR1S",
                "created": 1577806988,
                "timestamp": 1577806988,
                "name": "image.png",
                "title": "image.png",
                "mimetype": "image\/png",
                "filetype": "png",
                "pretty_type": "PNG",
                "user": "UJN8D8U3B",
                "editable": false,
                "size": 960271,
                "mode": "hosted",
                "is_external": false,
                "external_type": "",
                "is_public": true,
                "public_url_shared": false,
                "display_as_bot": false,
                "username": "",
                "url_private": "https:\/\/files.slack.com\/files-pri\/TJH5YU202-FS5HDUR1S\/image.png?t=xoxe-629202954002-950795328464-950341379620-2ca7f74bb6537751ea5666f8f5e8896e",
                "url_private_download": "https:\/\/files.slack.com\/files-pri\/TJH5YU202-FS5HDUR1S\/download\/image.png?t=xoxe-629202954002-950795328464-950341379620-2ca7f74bb6537751ea5666f8f5e8896e",
                "thumb_64": "https:\/\/files.slack.com\/files-tmb\/TJH5YU202-FS5HDUR1S-0ab37e9ef2\/image_64.png?t=xoxe-629202954002-950795328464-950341379620-2ca7f74bb6537751ea5666f8f5e8896e",
                "thumb_80": "https:\/\/files.slack.com\/files-tmb\/TJH5YU202-FS5HDUR1S-0ab37e9ef2\/image_80.png?t=xoxe-629202954002-950795328464-950341379620-2ca7f74bb6537751ea5666f8f5e8896e",
                "thumb_360": "https:\/\/files.slack.com\/files-tmb\/TJH5YU202-FS5HDUR1S-0ab37e9ef2\/image_360.png?t=xoxe-629202954002-950795328464-950341379620-2ca7f74bb6537751ea5666f8f5e8896e",
                "thumb_360_w": 360,
                "thumb_360_h": 324,
                "thumb_480": "https:\/\/files.slack.com\/files-tmb\/TJH5YU202-FS5HDUR1S-0ab37e9ef2\/image_480.png?t=xoxe-629202954002-950795328464-950341379620-2ca7f74bb6537751ea5666f8f5e8896e",
                "thumb_480_w": 480,
                "thumb_480_h": 432,
                "thumb_160": "https:\/\/files.slack.com\/files-tmb\/TJH5YU202-FS5HDUR1S-0ab37e9ef2\/image_160.png?t=xoxe-629202954002-950795328464-950341379620-2ca7f74bb6537751ea5666f8f5e8896e",
                "thumb_720": "https:\/\/files.slack.com\/files-tmb\/TJH5YU202-FS5HDUR1S-0ab37e9ef2\/image_720.png?t=xoxe-629202954002-950795328464-950341379620-2ca7f74bb6537751ea5666f8f5e8896e",
                "thumb_720_w": 720,
                "thumb_720_h": 648,
                "image_exif_rotation": 1,
                "original_w": 750,
                "original_h": 675,
                "thumb_tiny": "AwArADBqrmY1MP1qKP75\/OpQT6DmueQhpQn5jSqpU47U\/P0o5PYfnU6gMZc5AqBRhWqyy8Gq57ntmrjsA+MfO3PQVMP89ahgyXb6Cpgvt+lJ7gLg\/wCc0cg8f1o5z0\/SgDPUE\/hSAQnPB\/QGqx43c9DVsrgVRkJG7\/epx1Amtzln+gqf5fVfyqpan52\/3RVn8KUtGMf34I\/KnA4qMUVAEhas+Y\/M496tmqEpy7f7xrSCEf\/Z",
                "permalink": "https:\/\/harbourproject.slack.com\/files\/UJN8D8U3B\/FS5HDUR1S\/image.png",
                "permalink_public": "https:\/\/slack-files.com\/TJH5YU202-FS5HDUR1S-3d34030832",
                "is_starred": false,
                "has_rich_preview": false
            }
        ],
        "upload": true,
        "user": "UJN8D8U3B",
        "display_as_bot": false,
        "ts": "1577806992.104400",
        "client_msg_id": "86d74742-30f7-4572-83d3-008931a6652d"
    },
    {
        "client_msg_id": "66f0ddca-20de-4a2e-a2b5-0faaec1a8fe9",
        "type": "message",
        "text": "Estamos conectados, cada vez más, y cada acto, cada gesto cuenta",
        "user": "UJN8D8U3B",
        "ts": "1577807045.105100",
        "team": "TJH5YU202",
        "user_team": "TJH5YU202",
        "source_team": "TJH5YU202",
        "user_profile": {
            "avatar_hash": "g92ad2abcc45",
            "image_72": "https:\/\/secure.gravatar.com\/avatar\/8492ad2abcc45ce53969adcf8420acde.jpg?s=72&d=https%3A%2F%2Fa.slack-edge.com%2Fdf10d%2Fimg%2Favatars%2Fava_0008-72.png",
            "first_name": "",
            "real_name": "Antonio Linares",
            "display_name": "Antonio Linares",
            "team": "TJH5YU202",
            "name": "alinares",
            "is_restricted": false,
            "is_ultra_restricted": false
        },
        "blocks": [
            {
                "type": "rich_text",
                "block_id": "DQ4y",
                "elements": [
                    {
                        "type": "rich_text_section",
                        "elements": [
                            {
                                "type": "text",
                                "text": "Estamos conectados, cada vez más, y cada acto, cada gesto cuenta"
                            }
                        ]
                    }
                ]
            }
        ]
    },
    {
        "client_msg_id": "0f4960d6-002b-4b01-b1d9-7bc4e69d206d",
        "type": "message",
        "text": "Por un 2020 muy consciente y repleto de actos de amor",
        "user": "UJN8D8U3B",
        "ts": "1577807118.105700",
        "team": "TJH5YU202",
        "user_team": "TJH5YU202",
        "source_team": "TJH5YU202",
        "user_profile": {
            "avatar_hash": "g92ad2abcc45",
            "image_72": "https:\/\/secure.gravatar.com\/avatar\/8492ad2abcc45ce53969adcf8420acde.jpg?s=72&d=https%3A%2F%2Fa.slack-edge.com%2Fdf10d%2Fimg%2Favatars%2Fava_0008-72.png",
            "first_name": "",
            "real_name": "Antonio Linares",
            "display_name": "Antonio Linares",
            "team": "TJH5YU202",
            "name": "alinares",
            "is_restricted": false,
            "is_ultra_restricted": false
        },
        "blocks": [
            {
                "type": "rich_text",
                "block_id": "=5or",
                "elements": [
                    {
                        "type": "rich_text_section",
                        "elements": [
                            {
                                "type": "text",
                                "text": "Por un 2020 muy consciente y repleto de actos de amor"
                            }
                        ]
                    }
                ]
            }
        ]
    },
    {
        "client_msg_id": "b8185d07-6497-4bb7-8089-4576c974484e",
        "type": "message",
        "text": "Feliz Ano, y lo mejor para cada uno de ustedes, Un fuerte abrazo!",
        "user": "UJUSD6VB2",
        "ts": "1577807326.106200",
        "team": "TJH5YU202",
        "user_team": "TJH5YU202",
        "source_team": "TJH5YU202",
        "user_profile": {
            "avatar_hash": "g1677a02d0b6",
            "image_72": "https:\/\/secure.gravatar.com\/avatar\/bb1677a02d0b69ba91eb245090c7c83a.jpg?s=72&d=https%3A%2F%2Fa.slack-edge.com%2Fdf10d%2Fimg%2Favatars%2Fava_0015-72.png",
            "first_name": "",
            "real_name": "Osvaldo Ramirez",
            "display_name": "Osvaldo Ramirez",
            "team": "TJH5YU202",
            "name": "ramirezosvaldo",
            "is_restricted": false,
            "is_ultra_restricted": false
        },
        "blocks": [
            {
                "type": "rich_text",
                "block_id": "KimWY",
                "elements": [
                    {
                        "type": "rich_text_section",
                        "elements": [
                            {
                                "type": "text",
                                "text": "Feliz Ano, y lo mejor para cada uno de ustedes, Un fuerte abrazo!"
                            }
                        ]
                    }
                ]
            }
        ]
    },
    {
        "client_msg_id": "d05a0fa3-4263-406a-8f97-fe7fa5ffca7a",
        "type": "message",
        "text": "Feliz 2020 un abrazo a todos y vamos brindar por un año mucho mejor, salud y prosperidad y por ModHarbour.",
        "user": "UK28N3CER",
        "ts": "1577807704.108700",
        "team": "TJH5YU202",
        "user_team": "TJH5YU202",
        "source_team": "TJH5YU202",
        "user_profile": {
            "avatar_hash": "7f09da813e5b",
            "image_72": "https:\/\/avatars.slack-edge.com\/2020-01-01\/880554116721_7f09da813e5b80b5a0a0_72.jpg",
            "first_name": "",
            "real_name": "Cesar SysCtrl Software",
            "display_name": "Cesar SysCtrl Software",
            "team": "TJH5YU202",
            "name": "sysctrlsoftware",
            "is_restricted": false,
            "is_ultra_restricted": false
        },
        "blocks": [
            {
                "type": "rich_text",
                "block_id": "H3mF",
                "elements": [
                    {
                        "type": "rich_text_section",
                        "elements": [
                            {
                                "type": "text",
                                "text": "Feliz 2020 un abrazo a todos y vamos brindar por un año mucho mejor, salud y prosperidad y por ModHarbour."
                            }
                        ]
                    }
                ]
            }
        ]
    },
    {
        "client_msg_id": "fde64b19-7e9f-4cad-8975-58bebce419ac",
        "type": "message",
        "text": "Soy muy escéptico, y todos estos mensajes de sincronía universal y sinergia divina etérea cromodinámica mediada por bosones me ponen de los nervios",
        "user": "UNAHBRTFA",
        "ts": "1577812024.110100",
        "team": "TJH5YU202",
        "user_team": "TJH5YU202",
        "source_team": "TJH5YU202",
        "user_profile": {
            "avatar_hash": "g3d2a3f4c28c",
            "image_72": "https:\/\/secure.gravatar.com\/avatar\/23d2a3f4c28cebb4cf07e48d02620517.jpg?s=72&d=https%3A%2F%2Fa.slack-edge.com%2Fdf10d%2Fimg%2Favatars%2Fava_0020-72.png",
            "first_name": "Andreu",
            "real_name": "Andreu Botella",
            "display_name": "Andreu Botella",
            "team": "TJH5YU202",
            "name": "andreu.132",
            "is_restricted": false,
            "is_ultra_restricted": false
        },
        "blocks": [
            {
                "type": "rich_text",
                "block_id": "fwV",
                "elements": [
                    {
                        "type": "rich_text_section",
                        "elements": [
                            {
                                "type": "text",
                                "text": "Soy muy escéptico, y todos estos mensajes de sincronía universal y sinergia divina etérea cromodinámica mediada por bosones me ponen de los nervios"
                            }
                        ]
                    }
                ]
            }
        ]
    },
    {
        "client_msg_id": "d26053e9-c1a1-4e07-9c33-429239e93cd0",
        "type": "message",
        "text": "Andreu tiene razón. A co*** que se termina el mundo !!!!!!!!!!!!!!!!!!!!!!",
        "user": "UM81W8B0Q",
        "ts": "1577815988.110900",
        "team": "TJH5YU202",
        "user_team": "TJH5YU202",
        "source_team": "TJH5YU202",
        "user_profile": {
            "avatar_hash": "gab9279ee8c0",
            "image_72": "https:\/\/secure.gravatar.com\/avatar\/73ab9279ee8c00f66ce4904d30146c8f.jpg?s=72&d=https%3A%2F%2Fa.slack-edge.com%2Fdf10d%2Fimg%2Favatars%2Fava_0010-72.png",
            "first_name": "",
            "real_name": "Angel Pais",
            "display_name": "Angel Pais",
            "team": "TJH5YU202",
            "name": "amigosam",
            "is_restricted": false,
            "is_ultra_restricted": false
        },
        "blocks": [
            {
                "type": "rich_text",
                "block_id": "9OhG",
                "elements": [
                    {
                        "type": "rich_text_section",
                        "elements": [
                            {
                                "type": "text",
                                "text": "Andreu tiene razón. A co*** que se termina el mundo !!!!!!!!!!!!!!!!!!!!!!"
                            }
                        ]
                    }
                ]
            }
        ]
    },
    {
        "client_msg_id": "302e8a05-fd61-44e9-ad85-3ff25057e510",
        "type": "message",
        "text": "Solo una ultima pregunta para el fin de década; Cuanto va a costar genesis si lo quiero yo tener en mi hosting ? No quiero irme con este pendiente para el 2020.",
        "user": "UJUSD6VB2",
        "ts": "1577819189.112700",
        "team": "TJH5YU202",
        "user_team": "TJH5YU202",
        "source_team": "TJH5YU202",
        "user_profile": {
            "avatar_hash": "g1677a02d0b6",
            "image_72": "https:\/\/secure.gravatar.com\/avatar\/bb1677a02d0b69ba91eb245090c7c83a.jpg?s=72&d=https%3A%2F%2Fa.slack-edge.com%2Fdf10d%2Fimg%2Favatars%2Fava_0015-72.png",
            "first_name": "",
            "real_name": "Osvaldo Ramirez",
            "display_name": "Osvaldo Ramirez",
            "team": "TJH5YU202",
            "name": "ramirezosvaldo",
            "is_restricted": false,
            "is_ultra_restricted": false
        },
        "blocks": [
            {
                "type": "rich_text",
                "block_id": "iPJ5",
                "elements": [
                    {
                        "type": "rich_text_section",
                        "elements": [
                            {
                                "type": "text",
                                "text": "Solo una ultima pregunta para el fin de década; Cuanto va a costar genesis si lo quiero yo tener en mi hosting ? No quiero irme con este pendiente para el 2020."
                            }
                        ]
                    }
                ]
            }
        ]
    },
    {
        "client_msg_id": "a1aa6f27-1920-43a7-9278-620aa1251c02",
        "type": "message",
        "text": "Todos tenemos esa duda pero pronto lo sabremos, génesis debería estar en un hosting propio o en un servidor de nuestro cliente.",
        "user": "UK28N3CER",
        "ts": "1577820618.115500",
        "team": "TJH5YU202",
        "user_team": "TJH5YU202",
        "source_team": "TJH5YU202",
        "user_profile": {
            "avatar_hash": "7f09da813e5b",
            "image_72": "https:\/\/avatars.slack-edge.com\/2020-01-01\/880554116721_7f09da813e5b80b5a0a0_72.jpg",
            "first_name": "",
            "real_name": "Cesar SysCtrl Software",
            "display_name": "Cesar SysCtrl Software",
            "team": "TJH5YU202",
            "name": "sysctrlsoftware",
            "is_restricted": false,
            "is_ultra_restricted": false
        },
        "blocks": [
            {
                "type": "rich_text",
                "block_id": "wJ2q",
                "elements": [
                    {
                        "type": "rich_text_section",
                        "elements": [
                            {
                                "type": "text",
                                "text": "Todos tenemos esa duda pero pronto lo sabremos, génesis debería estar en un hosting propio o en un servidor de nuestro cliente."
                            }
                        ]
                    }
                ]
            }
        ]
    },
    {
        "client_msg_id": "f1d69558-0b41-4df4-9ee3-19e78e12d27a",
        "type": "message",
        "text": "en servidor propio para dar sevicio a nuestros clientes,  pero abrá un cliente que no quiera depender de uno y quiera que todo esté en su servidor",
        "user": "UK28N3CER",
        "ts": "1577820895.116400",
        "team": "TJH5YU202",
        "user_team": "TJH5YU202",
        "source_team": "TJH5YU202",
        "user_profile": {
            "avatar_hash": "7f09da813e5b",
            "image_72": "https:\/\/avatars.slack-edge.com\/2020-01-01\/880554116721_7f09da813e5b80b5a0a0_72.jpg",
            "first_name": "",
            "real_name": "Cesar SysCtrl Software",
            "display_name": "Cesar SysCtrl Software",
            "team": "TJH5YU202",
            "name": "sysctrlsoftware",
            "is_restricted": false,
            "is_ultra_restricted": false
        },
        "blocks": [
            {
                "type": "rich_text",
                "block_id": "atb",
                "elements": [
                    {
                        "type": "rich_text_section",
                        "elements": [
                            {
                                "type": "text",
                                "text": "en servidor propio para dar sevicio a nuestros clientes,  pero abrá un cliente que no quiera depender de uno y quiera que todo esté en su servidor"
                            }
                        ]
                    }
                ]
            }
        ]
    },
    {
        "client_msg_id": "619f5880-a11e-4c5d-84e9-c27a8bb3fd55",
        "type": "message",
        "text": "2020 nos dara todas estas respuestas... :wink:",
        "user": "UJWR5N32S",
        "ts": "1577820951.117200",
        "team": "TJH5YU202",
        "user_team": "TJH5YU202",
        "source_team": "TJH5YU202",
        "user_profile": {
            "avatar_hash": "273d3745f7ae",
            "image_72": "https:\/\/avatars.slack-edge.com\/2019-05-20\/634344238497_273d3745f7ae1b176b82_72.jpg",
            "first_name": "Charly",
            "real_name": "Charly",
            "display_name": "Charly",
            "team": "TJH5YU202",
            "name": "carles9000",
            "is_restricted": false,
            "is_ultra_restricted": false
        },
        "blocks": [
            {
                "type": "rich_text",
                "block_id": "OFV",
                "elements": [
                    {
                        "type": "rich_text_section",
                        "elements": [
                            {
                                "type": "text",
                                "text": "2020 nos dara todas estas respuestas... "
                            },
                            {
                                "type": "emoji",
                                "name": "wink"
                            }
                        ]
                    }
                ]
            }
        ]
    },
    {
        "client_msg_id": "3237c976-0b4f-449c-851b-0cce04acb3ca",
        "type": "message",
        "text": "por ahora disfrutar de un buen vinito",
        "user": "UK28N3CER",
        "ts": "1577821102.117600",
        "team": "TJH5YU202",
        "user_team": "TJH5YU202",
        "source_team": "TJH5YU202",
        "user_profile": {
            "avatar_hash": "7f09da813e5b",
            "image_72": "https:\/\/avatars.slack-edge.com\/2020-01-01\/880554116721_7f09da813e5b80b5a0a0_72.jpg",
            "first_name": "",
            "real_name": "Cesar SysCtrl Software",
            "display_name": "Cesar SysCtrl Software",
            "team": "TJH5YU202",
            "name": "sysctrlsoftware",
            "is_restricted": false,
            "is_ultra_restricted": false
        },
        "blocks": [
            {
                "type": "rich_text",
                "block_id": "3pIU",
                "elements": [
                    {
                        "type": "rich_text_section",
                        "elements": [
                            {
                                "type": "text",
                                "text": "por ahora disfrutar de un buen vinito"
                            }
                        ]
                    }
                ]
            }
        ]
    }
]