[
    {
        "client_msg_id": "e7b2b4fe-aa1f-446d-a7d7-1b9c8f63db9f",
        "type": "message",
        "text": "Buenos días",
        "user": "UJULAGJG5",
        "ts": "1570868594.166400",
        "team": "TJH5YU202",
        "user_team": "TJH5YU202",
        "source_team": "TJH5YU202",
        "user_profile": {
            "avatar_hash": "g456e0b2cdb9",
            "image_72": "https:\/\/secure.gravatar.com\/avatar\/dc456e0b2cdb991048d487a08c4a8c7a.jpg?s=72&d=https%3A%2F%2Fa.slack-edge.com%2Fdf10d%2Fimg%2Favatars%2Fava_0004-72.png",
            "first_name": "",
            "real_name": "Gabriel",
            "display_name": "Gabriel",
            "team": "TJH5YU202",
            "name": "jgabri",
            "is_restricted": false,
            "is_ultra_restricted": false
        }
    },
    {
        "type": "message",
        "subtype": "thread_broadcast",
        "text": "Hi Andreu. Thanks for your reply and sorry for my delay answering you, but I had some problems. I've tried today your sample but the file arrives always with 0 bytes. Is there something that I must control or change ?",
        "user": "UJVB4M0DN",
        "ts": "1570870756.166500",
        "thread_ts": "1570647864.031400",
        "root": {
            "client_msg_id": "7941a33c-e126-4c61-9615-301081aecffe",
            "type": "message",
            "text": "I got something working",
            "user": "UNAHBRTFA",
            "ts": "1570647864.031400",
            "team": "TJH5YU202",
            "thread_ts": "1570647864.031400",
            "reply_count": 1,
            "reply_users_count": 1,
            "latest_reply": "1570870756.166500",
            "reply_users": [
                "UJVB4M0DN"
            ],
            "replies": [
                {
                    "user": "UJVB4M0DN",
                    "ts": "1570870756.166500"
                }
            ],
            "subscribed": false
        },
        "client_msg_id": "f0452c03-606a-495f-938b-593e963dbf32"
    },
    {
        "client_msg_id": "00d736da-9e20-4d5a-88bc-88ea050c8f7d",
        "type": "message",
        "text": "Actually, upload.prg might be parsing the POST data wrong.",
        "user": "UNAHBRTFA",
        "ts": "1570871013.167400",
        "team": "TJH5YU202",
        "user_team": "TJH5YU202",
        "source_team": "TJH5YU202",
        "user_profile": {
            "avatar_hash": "g3d2a3f4c28c",
            "image_72": "https:\/\/secure.gravatar.com\/avatar\/23d2a3f4c28cebb4cf07e48d02620517.jpg?s=72&d=https%3A%2F%2Fa.slack-edge.com%2Fdf10d%2Fimg%2Favatars%2Fava_0020-72.png",
            "first_name": "Andreu",
            "real_name": "Andreu Botella",
            "display_name": "Andreu Botella",
            "team": "TJH5YU202",
            "name": "andreu.132",
            "is_restricted": false,
            "is_ultra_restricted": false
        },
        "reactions": [
            {
                "name": "+1",
                "users": [
                    "UJVB4M0DN"
                ],
                "count": 1
            }
        ]
    },
    {
        "client_msg_id": "f4717b29-a242-4431-ac6f-9ffb47b55723",
        "type": "message",
        "text": "When you send an HTML form over POST, there are two types of encoding it can use: `application\/x-www-form-urlencoded` by default, or `multipart\/form-data`.",
        "user": "UNAHBRTFA",
        "ts": "1570871099.168500",
        "team": "TJH5YU202",
        "user_team": "TJH5YU202",
        "source_team": "TJH5YU202",
        "user_profile": {
            "avatar_hash": "g3d2a3f4c28c",
            "image_72": "https:\/\/secure.gravatar.com\/avatar\/23d2a3f4c28cebb4cf07e48d02620517.jpg?s=72&d=https%3A%2F%2Fa.slack-edge.com%2Fdf10d%2Fimg%2Favatars%2Fava_0020-72.png",
            "first_name": "Andreu",
            "real_name": "Andreu Botella",
            "display_name": "Andreu Botella",
            "team": "TJH5YU202",
            "name": "andreu.132",
            "is_restricted": false,
            "is_ultra_restricted": false
        }
    },
    {
        "client_msg_id": "f2040201-b31c-426b-b10e-694e5d8ac90a",
        "type": "message",
        "text": "You can only send files with `multipart\/form-data`.",
        "user": "UNAHBRTFA",
        "ts": "1570871142.169400",
        "team": "TJH5YU202",
        "user_team": "TJH5YU202",
        "source_team": "TJH5YU202",
        "user_profile": {
            "avatar_hash": "g3d2a3f4c28c",
            "image_72": "https:\/\/secure.gravatar.com\/avatar\/23d2a3f4c28cebb4cf07e48d02620517.jpg?s=72&d=https%3A%2F%2Fa.slack-edge.com%2Fdf10d%2Fimg%2Favatars%2Fava_0020-72.png",
            "first_name": "Andreu",
            "real_name": "Andreu Botella",
            "display_name": "Andreu Botella",
            "team": "TJH5YU202",
            "name": "andreu.132",
            "is_restricted": false,
            "is_ultra_restricted": false
        }
    },
    {
        "client_msg_id": "d65fd0cf-f975-4c13-9f92-51021e16002a",
        "type": "message",
        "text": "And mod_harbour's `AP_PostPairs` only parses urlencoded",
        "user": "UNAHBRTFA",
        "ts": "1570871161.169800",
        "team": "TJH5YU202",
        "user_team": "TJH5YU202",
        "source_team": "TJH5YU202",
        "user_profile": {
            "avatar_hash": "g3d2a3f4c28c",
            "image_72": "https:\/\/secure.gravatar.com\/avatar\/23d2a3f4c28cebb4cf07e48d02620517.jpg?s=72&d=https%3A%2F%2Fa.slack-edge.com%2Fdf10d%2Fimg%2Favatars%2Fava_0020-72.png",
            "first_name": "Andreu",
            "real_name": "Andreu Botella",
            "display_name": "Andreu Botella",
            "team": "TJH5YU202",
            "name": "andreu.132",
            "is_restricted": false,
            "is_ultra_restricted": false
        }
    },
    {
        "client_msg_id": "7af127e8-710a-422c-80ae-47f265a543f9",
        "type": "message",
        "text": "I'm writing a form-data parser, I'll create a pull request when I'm done",
        "user": "UNAHBRTFA",
        "ts": "1570871446.171100",
        "team": "TJH5YU202",
        "user_team": "TJH5YU202",
        "source_team": "TJH5YU202",
        "user_profile": {
            "avatar_hash": "g3d2a3f4c28c",
            "image_72": "https:\/\/secure.gravatar.com\/avatar\/23d2a3f4c28cebb4cf07e48d02620517.jpg?s=72&d=https%3A%2F%2Fa.slack-edge.com%2Fdf10d%2Fimg%2Favatars%2Fava_0020-72.png",
            "first_name": "Andreu",
            "real_name": "Andreu Botella",
            "display_name": "Andreu Botella",
            "team": "TJH5YU202",
            "name": "andreu.132",
            "is_restricted": false,
            "is_ultra_restricted": false
        }
    },
    {
        "type": "message",
        "text": "",
        "files": [
            {
                "id": "FP4P7F49F",
                "created": 1570872221,
                "timestamp": 1570872221,
                "name": "image.png",
                "title": "image.png",
                "mimetype": "image\/png",
                "filetype": "png",
                "pretty_type": "PNG",
                "user": "UJN8D8U3B",
                "editable": false,
                "size": 71752,
                "mode": "hosted",
                "is_external": false,
                "external_type": "",
                "is_public": true,
                "public_url_shared": false,
                "display_as_bot": false,
                "username": "",
                "url_private": "https:\/\/files.slack.com\/files-pri\/TJH5YU202-FP4P7F49F\/image.png?t=xoxe-629202954002-950795328464-950341379620-2ca7f74bb6537751ea5666f8f5e8896e",
                "url_private_download": "https:\/\/files.slack.com\/files-pri\/TJH5YU202-FP4P7F49F\/download\/image.png?t=xoxe-629202954002-950795328464-950341379620-2ca7f74bb6537751ea5666f8f5e8896e",
                "thumb_64": "https:\/\/files.slack.com\/files-tmb\/TJH5YU202-FP4P7F49F-8ccd330f09\/image_64.png?t=xoxe-629202954002-950795328464-950341379620-2ca7f74bb6537751ea5666f8f5e8896e",
                "thumb_80": "https:\/\/files.slack.com\/files-tmb\/TJH5YU202-FP4P7F49F-8ccd330f09\/image_80.png?t=xoxe-629202954002-950795328464-950341379620-2ca7f74bb6537751ea5666f8f5e8896e",
                "thumb_360": "https:\/\/files.slack.com\/files-tmb\/TJH5YU202-FP4P7F49F-8ccd330f09\/image_360.png?t=xoxe-629202954002-950795328464-950341379620-2ca7f74bb6537751ea5666f8f5e8896e",
                "thumb_360_w": 360,
                "thumb_360_h": 232,
                "thumb_480": "https:\/\/files.slack.com\/files-tmb\/TJH5YU202-FP4P7F49F-8ccd330f09\/image_480.png?t=xoxe-629202954002-950795328464-950341379620-2ca7f74bb6537751ea5666f8f5e8896e",
                "thumb_480_w": 480,
                "thumb_480_h": 309,
                "thumb_160": "https:\/\/files.slack.com\/files-tmb\/TJH5YU202-FP4P7F49F-8ccd330f09\/image_160.png?t=xoxe-629202954002-950795328464-950341379620-2ca7f74bb6537751ea5666f8f5e8896e",
                "thumb_720": "https:\/\/files.slack.com\/files-tmb\/TJH5YU202-FP4P7F49F-8ccd330f09\/image_720.png?t=xoxe-629202954002-950795328464-950341379620-2ca7f74bb6537751ea5666f8f5e8896e",
                "thumb_720_w": 720,
                "thumb_720_h": 463,
                "thumb_800": "https:\/\/files.slack.com\/files-tmb\/TJH5YU202-FP4P7F49F-8ccd330f09\/image_800.png?t=xoxe-629202954002-950795328464-950341379620-2ca7f74bb6537751ea5666f8f5e8896e",
                "thumb_800_w": 800,
                "thumb_800_h": 514,
                "thumb_960": "https:\/\/files.slack.com\/files-tmb\/TJH5YU202-FP4P7F49F-8ccd330f09\/image_960.png?t=xoxe-629202954002-950795328464-950341379620-2ca7f74bb6537751ea5666f8f5e8896e",
                "thumb_960_w": 960,
                "thumb_960_h": 617,
                "thumb_1024": "https:\/\/files.slack.com\/files-tmb\/TJH5YU202-FP4P7F49F-8ccd330f09\/image_1024.png?t=xoxe-629202954002-950795328464-950341379620-2ca7f74bb6537751ea5666f8f5e8896e",
                "thumb_1024_w": 1024,
                "thumb_1024_h": 658,
                "image_exif_rotation": 1,
                "original_w": 1059,
                "original_h": 681,
                "thumb_tiny": "AwAeADC8C3pRvxnPGDipNoPaoJP4v97+lAEu8f3xRvX++Kr5Hcj9aUKW5DDH1oAn3j+8KaXOeBkeuaj2H1H50jDB60AWqrSffb61ZqBmCu2RnmgBmD6GjB9DTvMH939aPMH939aAG4PofypDT\/MH939aax3HNAH\/2Q==",
                "permalink": "https:\/\/harbourproject.slack.com\/files\/UJN8D8U3B\/FP4P7F49F\/image.png",
                "permalink_public": "https:\/\/slack-files.com\/TJH5YU202-FP4P7F49F-c41b4eca05",
                "is_starred": false,
                "has_rich_preview": false
            }
        ],
        "upload": true,
        "user": "UJN8D8U3B",
        "display_as_bot": false,
        "ts": "1570872223.171200",
        "client_msg_id": "a3a13182-808d-4da8-84b1-d1c13a69dba2"
    },
    {
        "client_msg_id": "00463aae-e2da-4c0f-941b-9e3ccf77dfb3",
        "type": "message",
        "text": "<https:\/\/somostechies.com\/probando-https-con-iis-sin-comprar-un-certificado\/>",
        "user": "UJN8D8U3B",
        "ts": "1570872559.171600",
        "team": "TJH5YU202",
        "user_team": "TJH5YU202",
        "source_team": "TJH5YU202",
        "user_profile": {
            "avatar_hash": "g92ad2abcc45",
            "image_72": "https:\/\/secure.gravatar.com\/avatar\/8492ad2abcc45ce53969adcf8420acde.jpg?s=72&d=https%3A%2F%2Fa.slack-edge.com%2Fdf10d%2Fimg%2Favatars%2Fava_0008-72.png",
            "first_name": "",
            "real_name": "Antonio Linares",
            "display_name": "Antonio Linares",
            "team": "TJH5YU202",
            "name": "alinares",
            "is_restricted": false,
            "is_ultra_restricted": false
        },
        "attachments": [
            {
                "service_name": "&lt; SomosTechies \/&gt;",
                "title": "Probando HTTPS con IIS sin comprar un certificado",
                "title_link": "https:\/\/somostechies.com\/probando-https-con-iis-sin-comprar-un-certificado\/",
                "text": "Hi techies, hoy les traigo un post con algo que me pasó ayer y les cuento como resolverlo. ¿No les ha pasado que necesitan probar una aplicación con SSL\/HTTPS? Bueno con IIS tenemos la opción de usar un &amp;quot;Self-signed certificate&amp;quot;, que significa que el certificado que usamos",
                "fallback": "&lt; SomosTechies \/&gt;: Probando HTTPS con IIS sin comprar un certificado",
                "fields": [
                    {
                        "title": "Written by",
                        "value": "Jesus Angulo",
                        "short": true
                    },
                    {
                        "title": "Filed under",
                        "value": "IIS, HTTPS",
                        "short": true
                    }
                ],
                "ts": 1487210596,
                "from_url": "https:\/\/somostechies.com\/probando-https-con-iis-sin-comprar-un-certificado\/",
                "service_icon": "https:\/\/somostechies.com\/favicon.png",
                "id": 1,
                "original_url": "https:\/\/somostechies.com\/probando-https-con-iis-sin-comprar-un-certificado\/"
            }
        ]
    },
    {
        "client_msg_id": "2cf48985-b3e1-46b1-9a98-bb5377c4ef3b",
        "type": "message",
        "text": "c:\\temp&gt;powershell\nWindows PowerShell\nCopyright (C) Microsoft Corporation. All rights reserved.\n\nPS C:\\temp&gt; .\/makecert -n \"CN=fivetech,O=fivetech,OU=fivetech,L=Spain,S=MA,C=M\" -pe -ss Root -sr LocalMachine -sky exchange -m 120 -a sha1 -len 2048 -r\nSucceeded\nPS C:\\temp&gt;",
        "user": "UJN8D8U3B",
        "ts": "1570873069.171900",
        "team": "TJH5YU202",
        "user_team": "TJH5YU202",
        "source_team": "TJH5YU202",
        "user_profile": {
            "avatar_hash": "g92ad2abcc45",
            "image_72": "https:\/\/secure.gravatar.com\/avatar\/8492ad2abcc45ce53969adcf8420acde.jpg?s=72&d=https%3A%2F%2Fa.slack-edge.com%2Fdf10d%2Fimg%2Favatars%2Fava_0008-72.png",
            "first_name": "",
            "real_name": "Antonio Linares",
            "display_name": "Antonio Linares",
            "team": "TJH5YU202",
            "name": "alinares",
            "is_restricted": false,
            "is_ultra_restricted": false
        }
    },
    {
        "client_msg_id": "46176fdf-668b-457c-b3db-e3444702de3c",
        "type": "message",
        "text": "Ejecutar cmd como administrador, luego ejecutar powershell",
        "user": "UJN8D8U3B",
        "ts": "1570873081.172200",
        "team": "TJH5YU202",
        "user_team": "TJH5YU202",
        "source_team": "TJH5YU202",
        "user_profile": {
            "avatar_hash": "g92ad2abcc45",
            "image_72": "https:\/\/secure.gravatar.com\/avatar\/8492ad2abcc45ce53969adcf8420acde.jpg?s=72&d=https%3A%2F%2Fa.slack-edge.com%2Fdf10d%2Fimg%2Favatars%2Fava_0008-72.png",
            "first_name": "",
            "real_name": "Antonio Linares",
            "display_name": "Antonio Linares",
            "team": "TJH5YU202",
            "name": "alinares",
            "is_restricted": false,
            "is_ultra_restricted": false
        }
    },
    {
        "client_msg_id": "382c5495-862e-49cb-88e2-db02ee3d1b3e",
        "type": "message",
        "text": "no estoy familiarizado con el comando makecert, pero normalmente el CN (common name) es el nombre de dominio",
        "user": "UNAHBRTFA",
        "ts": "1570873123.172800",
        "team": "TJH5YU202",
        "user_team": "TJH5YU202",
        "source_team": "TJH5YU202",
        "user_profile": {
            "avatar_hash": "g3d2a3f4c28c",
            "image_72": "https:\/\/secure.gravatar.com\/avatar\/23d2a3f4c28cebb4cf07e48d02620517.jpg?s=72&d=https%3A%2F%2Fa.slack-edge.com%2Fdf10d%2Fimg%2Favatars%2Fava_0020-72.png",
            "first_name": "Andreu",
            "real_name": "Andreu Botella",
            "display_name": "Andreu Botella",
            "team": "TJH5YU202",
            "name": "andreu.132",
            "is_restricted": false,
            "is_ultra_restricted": false
        }
    },
    {
        "client_msg_id": "2a13627b-cf67-4f17-8230-7877b7fa4f8c",
        "type": "message",
        "text": "a menos que estés usando \"fivetech\" en un servidor dns local o en hosts.txt",
        "user": "UNAHBRTFA",
        "ts": "1570873158.173300",
        "team": "TJH5YU202",
        "user_team": "TJH5YU202",
        "source_team": "TJH5YU202",
        "user_profile": {
            "avatar_hash": "g3d2a3f4c28c",
            "image_72": "https:\/\/secure.gravatar.com\/avatar\/23d2a3f4c28cebb4cf07e48d02620517.jpg?s=72&d=https%3A%2F%2Fa.slack-edge.com%2Fdf10d%2Fimg%2Favatars%2Fava_0020-72.png",
            "first_name": "Andreu",
            "real_name": "Andreu Botella",
            "display_name": "Andreu Botella",
            "team": "TJH5YU202",
            "name": "andreu.132",
            "is_restricted": false,
            "is_ultra_restricted": false
        }
    },
    {
        "client_msg_id": "b4fd8cd7-555a-4cd4-9d0a-d5a8b1fa820e",
        "type": "message",
        "text": "PS C:\\temp&gt; .\\makecert -n \"CN=fivetech\" -pe -ss My -sr LocalMachine -sky exchange -m 120 -in \"fivetech\" -is Root -ir LocalMachine -a sha1 -eku 1.3.6.1.5.5.7.3.1\nSucceeded\nPS C:\\temp&gt;",
        "user": "UJN8D8U3B",
        "ts": "1570873166.173500",
        "team": "TJH5YU202",
        "user_team": "TJH5YU202",
        "source_team": "TJH5YU202",
        "user_profile": {
            "avatar_hash": "g92ad2abcc45",
            "image_72": "https:\/\/secure.gravatar.com\/avatar\/8492ad2abcc45ce53969adcf8420acde.jpg?s=72&d=https%3A%2F%2Fa.slack-edge.com%2Fdf10d%2Fimg%2Favatars%2Fava_0008-72.png",
            "first_name": "",
            "real_name": "Antonio Linares",
            "display_name": "Antonio Linares",
            "team": "TJH5YU202",
            "name": "alinares",
            "is_restricted": false,
            "is_ultra_restricted": false
        }
    },
    {
        "client_msg_id": "94b84d00-a205-4ef0-8ecd-e12f1f82ddc2",
        "type": "message",
        "text": "Andreu usamos localhost ?",
        "user": "UJN8D8U3B",
        "ts": "1570873249.173900",
        "team": "TJH5YU202",
        "user_team": "TJH5YU202",
        "source_team": "TJH5YU202",
        "user_profile": {
            "avatar_hash": "g92ad2abcc45",
            "image_72": "https:\/\/secure.gravatar.com\/avatar\/8492ad2abcc45ce53969adcf8420acde.jpg?s=72&d=https%3A%2F%2Fa.slack-edge.com%2Fdf10d%2Fimg%2Favatars%2Fava_0008-72.png",
            "first_name": "",
            "real_name": "Antonio Linares",
            "display_name": "Antonio Linares",
            "team": "TJH5YU202",
            "name": "alinares",
            "is_restricted": false,
            "is_ultra_restricted": false
        }
    },
    {
        "client_msg_id": "f669f598-03ae-4654-9256-78998bbdfde2",
        "type": "message",
        "text": "no te va a dejar firmar localhost",
        "user": "UNAHBRTFA",
        "ts": "1570873267.174200",
        "team": "TJH5YU202",
        "user_team": "TJH5YU202",
        "source_team": "TJH5YU202",
        "user_profile": {
            "avatar_hash": "g3d2a3f4c28c",
            "image_72": "https:\/\/secure.gravatar.com\/avatar\/23d2a3f4c28cebb4cf07e48d02620517.jpg?s=72&d=https%3A%2F%2Fa.slack-edge.com%2Fdf10d%2Fimg%2Favatars%2Fava_0020-72.png",
            "first_name": "Andreu",
            "real_name": "Andreu Botella",
            "display_name": "Andreu Botella",
            "team": "TJH5YU202",
            "name": "andreu.132",
            "is_restricted": false,
            "is_ultra_restricted": false
        }
    },
    {
        "client_msg_id": "166d8828-2787-41d3-96c3-dc7d29ed9351",
        "type": "message",
        "text": "o no debería",
        "user": "UNAHBRTFA",
        "ts": "1570873314.174400",
        "team": "TJH5YU202",
        "user_team": "TJH5YU202",
        "source_team": "TJH5YU202",
        "user_profile": {
            "avatar_hash": "g3d2a3f4c28c",
            "image_72": "https:\/\/secure.gravatar.com\/avatar\/23d2a3f4c28cebb4cf07e48d02620517.jpg?s=72&d=https%3A%2F%2Fa.slack-edge.com%2Fdf10d%2Fimg%2Favatars%2Fava_0020-72.png",
            "first_name": "Andreu",
            "real_name": "Andreu Botella",
            "display_name": "Andreu Botella",
            "team": "TJH5YU202",
            "name": "andreu.132",
            "is_restricted": false,
            "is_ultra_restricted": false
        }
    },
    {
        "client_msg_id": "0e187010-15a2-4b47-a6ff-2b0526012804",
        "type": "message",
        "text": "C:\\Windows\\System32\\drivers\\etc\\hosts",
        "user": "UNAHBRTFA",
        "ts": "1570873449.175200",
        "team": "TJH5YU202",
        "user_team": "TJH5YU202",
        "source_team": "TJH5YU202",
        "user_profile": {
            "avatar_hash": "g3d2a3f4c28c",
            "image_72": "https:\/\/secure.gravatar.com\/avatar\/23d2a3f4c28cebb4cf07e48d02620517.jpg?s=72&d=https%3A%2F%2Fa.slack-edge.com%2Fdf10d%2Fimg%2Favatars%2Fava_0020-72.png",
            "first_name": "Andreu",
            "real_name": "Andreu Botella",
            "display_name": "Andreu Botella",
            "team": "TJH5YU202",
            "name": "andreu.132",
            "is_restricted": false,
            "is_ultra_restricted": false
        }
    },
    {
        "client_msg_id": "1f41349e-97d4-42e6-b4c7-f88c60d6bf2e",
        "type": "message",
        "text": "(en linux o mac \/etc\/hosts)",
        "user": "UNAHBRTFA",
        "ts": "1570873490.176200",
        "team": "TJH5YU202",
        "user_team": "TJH5YU202",
        "source_team": "TJH5YU202",
        "user_profile": {
            "avatar_hash": "g3d2a3f4c28c",
            "image_72": "https:\/\/secure.gravatar.com\/avatar\/23d2a3f4c28cebb4cf07e48d02620517.jpg?s=72&d=https%3A%2F%2Fa.slack-edge.com%2Fdf10d%2Fimg%2Favatars%2Fava_0020-72.png",
            "first_name": "Andreu",
            "real_name": "Andreu Botella",
            "display_name": "Andreu Botella",
            "team": "TJH5YU202",
            "name": "andreu.132",
            "is_restricted": false,
            "is_ultra_restricted": false
        }
    },
    {
        "client_msg_id": "a32294fa-9945-48ae-b8d3-1d471f3c4cc5",
        "type": "message",
        "text": "si modificas este fichero puedes asignar un nombre de host local a una ip sin tener que instalar un servidor de dns",
        "user": "UNAHBRTFA",
        "ts": "1570873517.177000",
        "team": "TJH5YU202",
        "user_team": "TJH5YU202",
        "source_team": "TJH5YU202",
        "user_profile": {
            "avatar_hash": "g3d2a3f4c28c",
            "image_72": "https:\/\/secure.gravatar.com\/avatar\/23d2a3f4c28cebb4cf07e48d02620517.jpg?s=72&d=https%3A%2F%2Fa.slack-edge.com%2Fdf10d%2Fimg%2Favatars%2Fava_0020-72.png",
            "first_name": "Andreu",
            "real_name": "Andreu Botella",
            "display_name": "Andreu Botella",
            "team": "TJH5YU202",
            "name": "andreu.132",
            "is_restricted": false,
            "is_ultra_restricted": false
        }
    },
    {
        "client_msg_id": "c1934416-097d-4e01-855c-3d1aef6bf359",
        "type": "message",
        "text": "puedes poner \"127.0.0.1 fivetech\" o algo así",
        "user": "UNAHBRTFA",
        "ts": "1570873552.177500",
        "team": "TJH5YU202",
        "user_team": "TJH5YU202",
        "source_team": "TJH5YU202",
        "user_profile": {
            "avatar_hash": "g3d2a3f4c28c",
            "image_72": "https:\/\/secure.gravatar.com\/avatar\/23d2a3f4c28cebb4cf07e48d02620517.jpg?s=72&d=https%3A%2F%2Fa.slack-edge.com%2Fdf10d%2Fimg%2Favatars%2Fava_0020-72.png",
            "first_name": "Andreu",
            "real_name": "Andreu Botella",
            "display_name": "Andreu Botella",
            "team": "TJH5YU202",
            "name": "andreu.132",
            "is_restricted": false,
            "is_ultra_restricted": false
        },
        "edited": {
            "user": "UNAHBRTFA",
            "ts": "1570873572.000000"
        }
    },
    {
        "client_msg_id": "a0c5ef0e-005d-4367-903f-36076d08696d",
        "type": "message",
        "text": "y ahora podrás usar el certificado con CN=fivetech",
        "user": "UNAHBRTFA",
        "ts": "1570873562.177800",
        "team": "TJH5YU202",
        "user_team": "TJH5YU202",
        "source_team": "TJH5YU202",
        "user_profile": {
            "avatar_hash": "g3d2a3f4c28c",
            "image_72": "https:\/\/secure.gravatar.com\/avatar\/23d2a3f4c28cebb4cf07e48d02620517.jpg?s=72&d=https%3A%2F%2Fa.slack-edge.com%2Fdf10d%2Fimg%2Favatars%2Fava_0020-72.png",
            "first_name": "Andreu",
            "real_name": "Andreu Botella",
            "display_name": "Andreu Botella",
            "team": "TJH5YU202",
            "name": "andreu.132",
            "is_restricted": false,
            "is_ultra_restricted": false
        }
    },
    {
        "client_msg_id": "3ead438b-785f-47ab-9a51-eba1865b7df4",
        "type": "message",
        "text": "No consigo cambiar la fecha de vencimiento:",
        "user": "UJN8D8U3B",
        "ts": "1570878287.178200",
        "team": "TJH5YU202",
        "user_team": "TJH5YU202",
        "source_team": "TJH5YU202",
        "user_profile": {
            "avatar_hash": "g92ad2abcc45",
            "image_72": "https:\/\/secure.gravatar.com\/avatar\/8492ad2abcc45ce53969adcf8420acde.jpg?s=72&d=https%3A%2F%2Fa.slack-edge.com%2Fdf10d%2Fimg%2Favatars%2Fava_0008-72.png",
            "first_name": "",
            "real_name": "Antonio Linares",
            "display_name": "Antonio Linares",
            "team": "TJH5YU202",
            "name": "alinares",
            "is_restricted": false,
            "is_ultra_restricted": false
        }
    },
    {
        "client_msg_id": "c4936c21-70e9-4997-9b4f-154809a6a669",
        "type": "message",
        "text": "PS C:\\temp&gt; .\\makecert -n \"CN=dev01\" -pe -ss My -sr LocalMachine -sky exchange -m 120 -in \"fivetech\" -is Root -ir LocalMachine -a sha1 -eku 1.3.6.1.5.5.7.3.1 -b 01\/10\/2019 -e 01\/01\/2020",
        "user": "UJN8D8U3B",
        "ts": "1570878290.178400",
        "team": "TJH5YU202",
        "user_team": "TJH5YU202",
        "source_team": "TJH5YU202",
        "user_profile": {
            "avatar_hash": "g92ad2abcc45",
            "image_72": "https:\/\/secure.gravatar.com\/avatar\/8492ad2abcc45ce53969adcf8420acde.jpg?s=72&d=https%3A%2F%2Fa.slack-edge.com%2Fdf10d%2Fimg%2Favatars%2Fava_0008-72.png",
            "first_name": "",
            "real_name": "Antonio Linares",
            "display_name": "Antonio Linares",
            "team": "TJH5YU202",
            "name": "alinares",
            "is_restricted": false,
            "is_ultra_restricted": false
        }
    },
    {
        "type": "message",
        "text": "",
        "files": [
            {
                "id": "FPAPBE328",
                "created": 1570878389,
                "timestamp": 1570878389,
                "name": "image.png",
                "title": "image.png",
                "mimetype": "image\/png",
                "filetype": "png",
                "pretty_type": "PNG",
                "user": "UJN8D8U3B",
                "editable": false,
                "size": 21077,
                "mode": "hosted",
                "is_external": false,
                "external_type": "",
                "is_public": true,
                "public_url_shared": false,
                "display_as_bot": false,
                "username": "",
                "url_private": "https:\/\/files.slack.com\/files-pri\/TJH5YU202-FPAPBE328\/image.png?t=xoxe-629202954002-950795328464-950341379620-2ca7f74bb6537751ea5666f8f5e8896e",
                "url_private_download": "https:\/\/files.slack.com\/files-pri\/TJH5YU202-FPAPBE328\/download\/image.png?t=xoxe-629202954002-950795328464-950341379620-2ca7f74bb6537751ea5666f8f5e8896e",
                "thumb_64": "https:\/\/files.slack.com\/files-tmb\/TJH5YU202-FPAPBE328-a9745587b0\/image_64.png?t=xoxe-629202954002-950795328464-950341379620-2ca7f74bb6537751ea5666f8f5e8896e",
                "thumb_80": "https:\/\/files.slack.com\/files-tmb\/TJH5YU202-FPAPBE328-a9745587b0\/image_80.png?t=xoxe-629202954002-950795328464-950341379620-2ca7f74bb6537751ea5666f8f5e8896e",
                "thumb_360": "https:\/\/files.slack.com\/files-tmb\/TJH5YU202-FPAPBE328-a9745587b0\/image_360.png?t=xoxe-629202954002-950795328464-950341379620-2ca7f74bb6537751ea5666f8f5e8896e",
                "thumb_360_w": 286,
                "thumb_360_h": 360,
                "thumb_480": "https:\/\/files.slack.com\/files-tmb\/TJH5YU202-FPAPBE328-a9745587b0\/image_480.png?t=xoxe-629202954002-950795328464-950341379620-2ca7f74bb6537751ea5666f8f5e8896e",
                "thumb_480_w": 382,
                "thumb_480_h": 480,
                "thumb_160": "https:\/\/files.slack.com\/files-tmb\/TJH5YU202-FPAPBE328-a9745587b0\/image_160.png?t=xoxe-629202954002-950795328464-950341379620-2ca7f74bb6537751ea5666f8f5e8896e",
                "image_exif_rotation": 1,
                "original_w": 409,
                "original_h": 514,
                "thumb_tiny": "AwAwACa98oAzjpRvH+xUUpbdgDIwO9RgH0x+NAFrencrRvT1WqwDDpj86X5vagCdipGRg03j0H5Ui\/6s\/WjNMTEk+9+ApuaWTr0zwKYB\/sj86Qxc0ZpaKAHp9w\/WihfuH60ZFMTHNEX54wQOtJ9nP+zUqsNo5HT1o3j1H50hkX2c\/wCzSGPbwWAqbePUfnQXAHb86AIsYjPIPPam095AV\/GmbhTsI\/\/Z",
                "permalink": "https:\/\/harbourproject.slack.com\/files\/UJN8D8U3B\/FPAPBE328\/image.png",
                "permalink_public": "https:\/\/slack-files.com\/TJH5YU202-FPAPBE328-4802803051",
                "is_starred": false,
                "has_rich_preview": false
            }
        ],
        "upload": true,
        "user": "UJN8D8U3B",
        "display_as_bot": false,
        "ts": "1570878390.178500",
        "client_msg_id": "1fa4f47e-3749-424e-985f-8064c42d1885"
    },
    {
        "client_msg_id": "d7081575-f902-43b8-bfc7-9a89bc80701b",
        "type": "message",
        "text": "y si utilizas la opcion -m ( nº de meses )?",
        "user": "UJUJLTWMT",
        "ts": "1570882926.179200",
        "team": "TJH5YU202",
        "user_team": "TJH5YU202",
        "source_team": "TJH5YU202",
        "user_profile": {
            "avatar_hash": "a60e3b1ef2d2",
            "image_72": "https:\/\/avatars.slack-edge.com\/2019-08-20\/726246109489_a60e3b1ef2d2c141969d_72.jpg",
            "first_name": "",
            "real_name": "Cristobal",
            "display_name": "Cristobal",
            "team": "TJH5YU202",
            "name": "navarro.cristobal",
            "is_restricted": false,
            "is_ultra_restricted": false
        }
    },
    {
        "client_msg_id": "af99f35a-738d-45b4-bb62-b6a32f2b03fa",
        "type": "message",
        "text": "sin poner la fecha final, tampoco sería necesaria la fecha inicial ya que toma por defecto la fecha en la que se crea el certificado",
        "user": "UJUJLTWMT",
        "ts": "1570882964.180000",
        "team": "TJH5YU202",
        "user_team": "TJH5YU202",
        "source_team": "TJH5YU202",
        "user_profile": {
            "avatar_hash": "a60e3b1ef2d2",
            "image_72": "https:\/\/avatars.slack-edge.com\/2019-08-20\/726246109489_a60e3b1ef2d2c141969d_72.jpg",
            "first_name": "",
            "real_name": "Cristobal",
            "display_name": "Cristobal",
            "team": "TJH5YU202",
            "name": "navarro.cristobal",
            "is_restricted": false,
            "is_ultra_restricted": false
        }
    },
    {
        "client_msg_id": "3ceef8e3-a3f6-4770-a7c5-cc5cadc8d632",
        "type": "message",
        "text": "De todas formas creo que makecert es obsoleto y se recomienda el uso de\n<https:\/\/gallery.technet.microsoft.com\/scriptcenter\/Self-signed-certificate-5920a7c6>",
        "user": "UJUJLTWMT",
        "ts": "1570883255.180600",
        "team": "TJH5YU202",
        "user_team": "TJH5YU202",
        "source_team": "TJH5YU202",
        "user_profile": {
            "avatar_hash": "a60e3b1ef2d2",
            "image_72": "https:\/\/avatars.slack-edge.com\/2019-08-20\/726246109489_a60e3b1ef2d2c141969d_72.jpg",
            "first_name": "",
            "real_name": "Cristobal",
            "display_name": "Cristobal",
            "team": "TJH5YU202",
            "name": "navarro.cristobal",
            "is_restricted": false,
            "is_ultra_restricted": false
        },
        "attachments": [
            {
                "title": "Script Self-signed certificate generator (PowerShell)",
                "title_link": "https:\/\/gallery.technet.microsoft.com\/scriptcenter\/Self-signed-certificate-5920a7c6",
                "text": "DescriptionThis script is an enhanced open-source PowerShell implementation of deprecated makecert.exe tool and utilizes the most modern certificate API — CertEnroll.",
                "fallback": "Script Self-signed certificate generator (PowerShell)",
                "from_url": "https:\/\/gallery.technet.microsoft.com\/scriptcenter\/Self-signed-certificate-5920a7c6",
                "service_icon": "https:\/\/i1.gallery.technet.s-msft.com\/scriptcenter\/GlobalResources\/images\/Technet\/favicon.ico",
                "service_name": "gallery.technet.microsoft.com",
                "id": 1,
                "original_url": "https:\/\/gallery.technet.microsoft.com\/scriptcenter\/Self-signed-certificate-5920a7c6"
            }
        ]
    },
    {
        "client_msg_id": "a16c9b50-2a5d-4126-8c6d-ecd36d48584b",
        "type": "message",
        "text": "funcionando asi:",
        "user": "UJN8D8U3B",
        "ts": "1570889926.180900",
        "team": "TJH5YU202",
        "user_team": "TJH5YU202",
        "source_team": "TJH5YU202",
        "user_profile": {
            "avatar_hash": "g92ad2abcc45",
            "image_72": "https:\/\/secure.gravatar.com\/avatar\/8492ad2abcc45ce53969adcf8420acde.jpg?s=72&d=https%3A%2F%2Fa.slack-edge.com%2Fdf10d%2Fimg%2Favatars%2Fava_0008-72.png",
            "first_name": "",
            "real_name": "Antonio Linares",
            "display_name": "Antonio Linares",
            "team": "TJH5YU202",
            "name": "alinares",
            "is_restricted": false,
            "is_ultra_restricted": false
        }
    },
    {
        "client_msg_id": "d0085b9f-2ea1-4d85-94de-d7f4fa116ad3",
        "type": "message",
        "text": "en c:\\Windows\\System32\\drivers\\etc\\hosts añadimos:",
        "user": "UJN8D8U3B",
        "ts": "1570889946.181300",
        "team": "TJH5YU202",
        "user_team": "TJH5YU202",
        "source_team": "TJH5YU202",
        "user_profile": {
            "avatar_hash": "g92ad2abcc45",
            "image_72": "https:\/\/secure.gravatar.com\/avatar\/8492ad2abcc45ce53969adcf8420acde.jpg?s=72&d=https%3A%2F%2Fa.slack-edge.com%2Fdf10d%2Fimg%2Favatars%2Fava_0008-72.png",
            "first_name": "",
            "real_name": "Antonio Linares",
            "display_name": "Antonio Linares",
            "team": "TJH5YU202",
            "name": "alinares",
            "is_restricted": false,
            "is_ultra_restricted": false
        }
    },
    {
        "client_msg_id": "382183c2-68ff-4aec-9f60-aa7411f5df6d",
        "type": "message",
        "text": "127.0.0.1\tfivetech",
        "user": "UJN8D8U3B",
        "ts": "1570889959.181500",
        "team": "TJH5YU202",
        "user_team": "TJH5YU202",
        "source_team": "TJH5YU202",
        "user_profile": {
            "avatar_hash": "g92ad2abcc45",
            "image_72": "https:\/\/secure.gravatar.com\/avatar\/8492ad2abcc45ce53969adcf8420acde.jpg?s=72&d=https%3A%2F%2Fa.slack-edge.com%2Fdf10d%2Fimg%2Favatars%2Fava_0008-72.png",
            "first_name": "",
            "real_name": "Antonio Linares",
            "display_name": "Antonio Linares",
            "team": "TJH5YU202",
            "name": "alinares",
            "is_restricted": false,
            "is_ultra_restricted": false
        }
    },
    {
        "client_msg_id": "926d4e4c-cd49-4bd8-ad85-1379e1d351da",
        "type": "message",
        "text": "PS C:\\temp&gt; .\/makecert -n \"CN=modharbour,O=modharbour,OU=modharbour,L=Spain,S=MA,C=M\" -pe -ss Root -sr LocalMachine -sky exchange -m 360 -a sha256 -len 2048 -r",
        "user": "UJN8D8U3B",
        "ts": "1570889983.181700",
        "team": "TJH5YU202",
        "user_team": "TJH5YU202",
        "source_team": "TJH5YU202",
        "user_profile": {
            "avatar_hash": "g92ad2abcc45",
            "image_72": "https:\/\/secure.gravatar.com\/avatar\/8492ad2abcc45ce53969adcf8420acde.jpg?s=72&d=https%3A%2F%2Fa.slack-edge.com%2Fdf10d%2Fimg%2Favatars%2Fava_0008-72.png",
            "first_name": "",
            "real_name": "Antonio Linares",
            "display_name": "Antonio Linares",
            "team": "TJH5YU202",
            "name": "alinares",
            "is_restricted": false,
            "is_ultra_restricted": false
        }
    },
    {
        "client_msg_id": "11842c1b-7ea3-4c99-9d93-b79526b3a728",
        "type": "message",
        "text": "PS C:\\temp&gt; .\\makecert -n \"CN=fivetech\" -pe -ss My -sr LocalMachine -sky exchange -m 360 -in \"modharbour\" -is Root -ir LocalMachine -a sha256 -eku 1.3.6.1.5.5.7.3.1",
        "user": "UJN8D8U3B",
        "ts": "1570889999.181900",
        "team": "TJH5YU202",
        "user_team": "TJH5YU202",
        "source_team": "TJH5YU202",
        "user_profile": {
            "avatar_hash": "g92ad2abcc45",
            "image_72": "https:\/\/secure.gravatar.com\/avatar\/8492ad2abcc45ce53969adcf8420acde.jpg?s=72&d=https%3A%2F%2Fa.slack-edge.com%2Fdf10d%2Fimg%2Favatars%2Fava_0008-72.png",
            "first_name": "",
            "real_name": "Antonio Linares",
            "display_name": "Antonio Linares",
            "team": "TJH5YU202",
            "name": "alinares",
            "is_restricted": false,
            "is_ultra_restricted": false
        }
    },
    {
        "type": "message",
        "text": "",
        "files": [
            {
                "id": "FPB9QNR29",
                "created": 1570890052,
                "timestamp": 1570890052,
                "name": "image.png",
                "title": "image.png",
                "mimetype": "image\/png",
                "filetype": "png",
                "pretty_type": "PNG",
                "user": "UJN8D8U3B",
                "editable": false,
                "size": 39090,
                "mode": "hosted",
                "is_external": false,
                "external_type": "",
                "is_public": true,
                "public_url_shared": false,
                "display_as_bot": false,
                "username": "",
                "url_private": "https:\/\/files.slack.com\/files-pri\/TJH5YU202-FPB9QNR29\/image.png?t=xoxe-629202954002-950795328464-950341379620-2ca7f74bb6537751ea5666f8f5e8896e",
                "url_private_download": "https:\/\/files.slack.com\/files-pri\/TJH5YU202-FPB9QNR29\/download\/image.png?t=xoxe-629202954002-950795328464-950341379620-2ca7f74bb6537751ea5666f8f5e8896e",
                "thumb_64": "https:\/\/files.slack.com\/files-tmb\/TJH5YU202-FPB9QNR29-38ab33b015\/image_64.png?t=xoxe-629202954002-950795328464-950341379620-2ca7f74bb6537751ea5666f8f5e8896e",
                "thumb_80": "https:\/\/files.slack.com\/files-tmb\/TJH5YU202-FPB9QNR29-38ab33b015\/image_80.png?t=xoxe-629202954002-950795328464-950341379620-2ca7f74bb6537751ea5666f8f5e8896e",
                "thumb_360": "https:\/\/files.slack.com\/files-tmb\/TJH5YU202-FPB9QNR29-38ab33b015\/image_360.png?t=xoxe-629202954002-950795328464-950341379620-2ca7f74bb6537751ea5666f8f5e8896e",
                "thumb_360_w": 360,
                "thumb_360_h": 94,
                "thumb_480": "https:\/\/files.slack.com\/files-tmb\/TJH5YU202-FPB9QNR29-38ab33b015\/image_480.png?t=xoxe-629202954002-950795328464-950341379620-2ca7f74bb6537751ea5666f8f5e8896e",
                "thumb_480_w": 480,
                "thumb_480_h": 125,
                "thumb_160": "https:\/\/files.slack.com\/files-tmb\/TJH5YU202-FPB9QNR29-38ab33b015\/image_160.png?t=xoxe-629202954002-950795328464-950341379620-2ca7f74bb6537751ea5666f8f5e8896e",
                "thumb_720": "https:\/\/files.slack.com\/files-tmb\/TJH5YU202-FPB9QNR29-38ab33b015\/image_720.png?t=xoxe-629202954002-950795328464-950341379620-2ca7f74bb6537751ea5666f8f5e8896e",
                "thumb_720_w": 720,
                "thumb_720_h": 188,
                "thumb_800": "https:\/\/files.slack.com\/files-tmb\/TJH5YU202-FPB9QNR29-38ab33b015\/image_800.png?t=xoxe-629202954002-950795328464-950341379620-2ca7f74bb6537751ea5666f8f5e8896e",
                "thumb_800_w": 800,
                "thumb_800_h": 209,
                "thumb_960": "https:\/\/files.slack.com\/files-tmb\/TJH5YU202-FPB9QNR29-38ab33b015\/image_960.png?t=xoxe-629202954002-950795328464-950341379620-2ca7f74bb6537751ea5666f8f5e8896e",
                "thumb_960_w": 960,
                "thumb_960_h": 251,
                "thumb_1024": "https:\/\/files.slack.com\/files-tmb\/TJH5YU202-FPB9QNR29-38ab33b015\/image_1024.png?t=xoxe-629202954002-950795328464-950341379620-2ca7f74bb6537751ea5666f8f5e8896e",
                "thumb_1024_w": 1024,
                "thumb_1024_h": 267,
                "image_exif_rotation": 1,
                "original_w": 1413,
                "original_h": 369,
                "thumb_tiny": "AwAMADBRdygYBH5Uv2yX1X8qr0Vvyow5mW\/tEx6FaPtE\/qn5VWjQcnFKVD7WPXFKy7E8zvuW0llZck\/kKSaeWMAjv6iqQY5IzSkk9TS5NbmnPpY\/\/9k=",
                "permalink": "https:\/\/harbourproject.slack.com\/files\/UJN8D8U3B\/FPB9QNR29\/image.png",
                "permalink_public": "https:\/\/slack-files.com\/TJH5YU202-FPB9QNR29-289cdebc6c",
                "is_starred": false,
                "has_rich_preview": false
            }
        ],
        "upload": true,
        "user": "UJN8D8U3B",
        "display_as_bot": false,
        "ts": "1570890054.182000",
        "client_msg_id": "a0cb4376-1500-4e57-87e3-6ca61ed466fb"
    },
    {
        "client_msg_id": "b7f53ad2-c38e-424e-8c98-ef72b17bc8b0",
        "type": "message",
        "text": "desde IE ok, dessde Chrome da un error",
        "user": "UJN8D8U3B",
        "ts": "1570890066.182500",
        "team": "TJH5YU202",
        "user_team": "TJH5YU202",
        "source_team": "TJH5YU202",
        "user_profile": {
            "avatar_hash": "g92ad2abcc45",
            "image_72": "https:\/\/secure.gravatar.com\/avatar\/8492ad2abcc45ce53969adcf8420acde.jpg?s=72&d=https%3A%2F%2Fa.slack-edge.com%2Fdf10d%2Fimg%2Favatars%2Fava_0008-72.png",
            "first_name": "",
            "real_name": "Antonio Linares",
            "display_name": "Antonio Linares",
            "team": "TJH5YU202",
            "name": "alinares",
            "is_restricted": false,
            "is_ultra_restricted": false
        }
    },
    {
        "client_msg_id": "1865c876-6a3a-42e7-996d-0625e9ee5087",
        "type": "message",
        "text": "Si usamos un self signed certificate desde IIS, sirve pero nos asigna un DNS que no es el deseado, pero funciona",
        "user": "UJN8D8U3B",
        "ts": "1570891588.183300",
        "team": "TJH5YU202",
        "user_team": "TJH5YU202",
        "source_team": "TJH5YU202",
        "user_profile": {
            "avatar_hash": "g92ad2abcc45",
            "image_72": "https:\/\/secure.gravatar.com\/avatar\/8492ad2abcc45ce53969adcf8420acde.jpg?s=72&d=https%3A%2F%2Fa.slack-edge.com%2Fdf10d%2Fimg%2Favatars%2Fava_0008-72.png",
            "first_name": "",
            "real_name": "Antonio Linares",
            "display_name": "Antonio Linares",
            "team": "TJH5YU202",
            "name": "alinares",
            "is_restricted": false,
            "is_ultra_restricted": false
        }
    },
    {
        "type": "message",
        "text": "",
        "files": [
            {
                "id": "FPARKN4N8",
                "created": 1570891628,
                "timestamp": 1570891628,
                "name": "image.png",
                "title": "image.png",
                "mimetype": "image\/png",
                "filetype": "png",
                "pretty_type": "PNG",
                "user": "UJN8D8U3B",
                "editable": false,
                "size": 63802,
                "mode": "hosted",
                "is_external": false,
                "external_type": "",
                "is_public": true,
                "public_url_shared": false,
                "display_as_bot": false,
                "username": "",
                "url_private": "https:\/\/files.slack.com\/files-pri\/TJH5YU202-FPARKN4N8\/image.png?t=xoxe-629202954002-950795328464-950341379620-2ca7f74bb6537751ea5666f8f5e8896e",
                "url_private_download": "https:\/\/files.slack.com\/files-pri\/TJH5YU202-FPARKN4N8\/download\/image.png?t=xoxe-629202954002-950795328464-950341379620-2ca7f74bb6537751ea5666f8f5e8896e",
                "thumb_64": "https:\/\/files.slack.com\/files-tmb\/TJH5YU202-FPARKN4N8-98ff9a4e07\/image_64.png?t=xoxe-629202954002-950795328464-950341379620-2ca7f74bb6537751ea5666f8f5e8896e",
                "thumb_80": "https:\/\/files.slack.com\/files-tmb\/TJH5YU202-FPARKN4N8-98ff9a4e07\/image_80.png?t=xoxe-629202954002-950795328464-950341379620-2ca7f74bb6537751ea5666f8f5e8896e",
                "thumb_360": "https:\/\/files.slack.com\/files-tmb\/TJH5YU202-FPARKN4N8-98ff9a4e07\/image_360.png?t=xoxe-629202954002-950795328464-950341379620-2ca7f74bb6537751ea5666f8f5e8896e",
                "thumb_360_w": 360,
                "thumb_360_h": 128,
                "thumb_480": "https:\/\/files.slack.com\/files-tmb\/TJH5YU202-FPARKN4N8-98ff9a4e07\/image_480.png?t=xoxe-629202954002-950795328464-950341379620-2ca7f74bb6537751ea5666f8f5e8896e",
                "thumb_480_w": 480,
                "thumb_480_h": 171,
                "thumb_160": "https:\/\/files.slack.com\/files-tmb\/TJH5YU202-FPARKN4N8-98ff9a4e07\/image_160.png?t=xoxe-629202954002-950795328464-950341379620-2ca7f74bb6537751ea5666f8f5e8896e",
                "thumb_720": "https:\/\/files.slack.com\/files-tmb\/TJH5YU202-FPARKN4N8-98ff9a4e07\/image_720.png?t=xoxe-629202954002-950795328464-950341379620-2ca7f74bb6537751ea5666f8f5e8896e",
                "thumb_720_w": 720,
                "thumb_720_h": 256,
                "thumb_800": "https:\/\/files.slack.com\/files-tmb\/TJH5YU202-FPARKN4N8-98ff9a4e07\/image_800.png?t=xoxe-629202954002-950795328464-950341379620-2ca7f74bb6537751ea5666f8f5e8896e",
                "thumb_800_w": 800,
                "thumb_800_h": 284,
                "thumb_960": "https:\/\/files.slack.com\/files-tmb\/TJH5YU202-FPARKN4N8-98ff9a4e07\/image_960.png?t=xoxe-629202954002-950795328464-950341379620-2ca7f74bb6537751ea5666f8f5e8896e",
                "thumb_960_w": 960,
                "thumb_960_h": 341,
                "thumb_1024": "https:\/\/files.slack.com\/files-tmb\/TJH5YU202-FPARKN4N8-98ff9a4e07\/image_1024.png?t=xoxe-629202954002-950795328464-950341379620-2ca7f74bb6537751ea5666f8f5e8896e",
                "thumb_1024_w": 1024,
                "thumb_1024_h": 364,
                "image_exif_rotation": 1,
                "original_w": 1207,
                "original_h": 429,
                "thumb_tiny": "AwARADCe0keRm3tuwOM1bAPoKzbebySx25z71P8Ab\/8Apn+taSi76GcZK2ox5ZfNcByAG4pu+b\/nrUEpEkhYnaCc09Su4BBnPUjtVaGbb6EnmTf89aRpplH+sNQmPYCc5poORTVhXfcWiiiqAR\/u0Q\/eH1ND\/doh+8Pqazlui47Me3+tpr\/60U5v9bTX\/wBaKZCP\/9k=",
                "permalink": "https:\/\/harbourproject.slack.com\/files\/UJN8D8U3B\/FPARKN4N8\/image.png",
                "permalink_public": "https:\/\/slack-files.com\/TJH5YU202-FPARKN4N8-8f511c1d3e",
                "is_starred": false,
                "has_rich_preview": false
            }
        ],
        "upload": true,
        "user": "UJN8D8U3B",
        "display_as_bot": false,
        "ts": "1570891630.183400",
        "client_msg_id": "72a4d609-4945-49ae-80c7-aa35f0999540"
    },
    {
        "client_msg_id": "c1b43925-f482-4156-8d74-47c0b7b0671a",
        "type": "message",
        "text": "la idea ahora es crear un Self Signed certificate pero dándole el DNS que queremos:",
        "user": "UJN8D8U3B",
        "ts": "1570891654.184400",
        "team": "TJH5YU202",
        "user_team": "TJH5YU202",
        "source_team": "TJH5YU202",
        "user_profile": {
            "avatar_hash": "g92ad2abcc45",
            "image_72": "https:\/\/secure.gravatar.com\/avatar\/8492ad2abcc45ce53969adcf8420acde.jpg?s=72&d=https%3A%2F%2Fa.slack-edge.com%2Fdf10d%2Fimg%2Favatars%2Fava_0008-72.png",
            "first_name": "",
            "real_name": "Antonio Linares",
            "display_name": "Antonio Linares",
            "team": "TJH5YU202",
            "name": "alinares",
            "is_restricted": false,
            "is_ultra_restricted": false
        }
    },
    {
        "client_msg_id": "14592b2e-0f91-4e5e-8f0f-09a62a2fe656",
        "type": "message",
        "text": "A la hora de crear el certificado (no el CA) tienes que pasarle como CN el dominio que quieres",
        "user": "UNAHBRTFA",
        "ts": "1570891687.185100",
        "team": "TJH5YU202",
        "user_team": "TJH5YU202",
        "source_team": "TJH5YU202",
        "user_profile": {
            "avatar_hash": "g3d2a3f4c28c",
            "image_72": "https:\/\/secure.gravatar.com\/avatar\/23d2a3f4c28cebb4cf07e48d02620517.jpg?s=72&d=https%3A%2F%2Fa.slack-edge.com%2Fdf10d%2Fimg%2Favatars%2Fava_0020-72.png",
            "first_name": "Andreu",
            "real_name": "Andreu Botella",
            "display_name": "Andreu Botella",
            "team": "TJH5YU202",
            "name": "andreu.132",
            "is_restricted": false,
            "is_ultra_restricted": false
        }
    },
    {
        "client_msg_id": "c82d2eaa-3d28-428f-81ae-adf1723aaa85",
        "type": "message",
        "text": "buenos dias",
        "user": "UJXP7LS78",
        "ts": "1570894300.185400",
        "team": "TJH5YU202",
        "user_team": "TJH5YU202",
        "source_team": "TJH5YU202",
        "user_profile": {
            "avatar_hash": "gc4a0baebb72",
            "image_72": "https:\/\/secure.gravatar.com\/avatar\/a1c4a0baebb720b97e5a197259dbf409.jpg?s=72&d=https%3A%2F%2Fa.slack-edge.com%2Fdf10d%2Fimg%2Favatars%2Fava_0007-72.png",
            "first_name": "",
            "real_name": "wilson gamboa",
            "display_name": "wilson gamboa",
            "team": "TJH5YU202",
            "name": "wilson.josenet",
            "is_restricted": false,
            "is_ultra_restricted": false
        }
    },
    {
        "client_msg_id": "ac646f10-a330-4c52-b6c8-d34d07878667",
        "type": "message",
        "text": "se donde bajo",
        "user": "UJXP7LS78",
        "ts": "1570894304.185600",
        "team": "TJH5YU202",
        "user_team": "TJH5YU202",
        "source_team": "TJH5YU202",
        "user_profile": {
            "avatar_hash": "gc4a0baebb72",
            "image_72": "https:\/\/secure.gravatar.com\/avatar\/a1c4a0baebb720b97e5a197259dbf409.jpg?s=72&d=https%3A%2F%2Fa.slack-edge.com%2Fdf10d%2Fimg%2Favatars%2Fava_0007-72.png",
            "first_name": "",
            "real_name": "wilson gamboa",
            "display_name": "wilson gamboa",
            "team": "TJH5YU202",
            "name": "wilson.josenet",
            "is_restricted": false,
            "is_ultra_restricted": false
        }
    },
    {
        "client_msg_id": "df9c7f2d-78a0-437c-a4b0-8b2a96d3c697",
        "type": "message",
        "text": "harbour for mod_harbour",
        "user": "UJXP7LS78",
        "ts": "1570894312.185900",
        "team": "TJH5YU202",
        "user_team": "TJH5YU202",
        "source_team": "TJH5YU202",
        "user_profile": {
            "avatar_hash": "gc4a0baebb72",
            "image_72": "https:\/\/secure.gravatar.com\/avatar\/a1c4a0baebb720b97e5a197259dbf409.jpg?s=72&d=https%3A%2F%2Fa.slack-edge.com%2Fdf10d%2Fimg%2Favatars%2Fava_0007-72.png",
            "first_name": "",
            "real_name": "wilson gamboa",
            "display_name": "wilson gamboa",
            "team": "TJH5YU202",
            "name": "wilson.josenet",
            "is_restricted": false,
            "is_ultra_restricted": false
        }
    },
    {
        "client_msg_id": "955cc5ef-2732-495a-807a-a400d7354ab2",
        "type": "message",
        "text": "muchas gracias",
        "user": "UJXP7LS78",
        "ts": "1570894315.186100",
        "team": "TJH5YU202",
        "user_team": "TJH5YU202",
        "source_team": "TJH5YU202",
        "user_profile": {
            "avatar_hash": "gc4a0baebb72",
            "image_72": "https:\/\/secure.gravatar.com\/avatar\/a1c4a0baebb720b97e5a197259dbf409.jpg?s=72&d=https%3A%2F%2Fa.slack-edge.com%2Fdf10d%2Fimg%2Favatars%2Fava_0007-72.png",
            "first_name": "",
            "real_name": "wilson gamboa",
            "display_name": "wilson gamboa",
            "team": "TJH5YU202",
            "name": "wilson.josenet",
            "is_restricted": false,
            "is_ultra_restricted": false
        }
    },
    {
        "client_msg_id": "a11a2ba7-84b7-47ce-84d8-268bfe8e9568",
        "type": "message",
        "text": "mod_harbour ya lo he bajado",
        "user": "UJXP7LS78",
        "ts": "1570894331.186400",
        "team": "TJH5YU202",
        "user_team": "TJH5YU202",
        "source_team": "TJH5YU202",
        "user_profile": {
            "avatar_hash": "gc4a0baebb72",
            "image_72": "https:\/\/secure.gravatar.com\/avatar\/a1c4a0baebb720b97e5a197259dbf409.jpg?s=72&d=https%3A%2F%2Fa.slack-edge.com%2Fdf10d%2Fimg%2Favatars%2Fava_0007-72.png",
            "first_name": "",
            "real_name": "wilson gamboa",
            "display_name": "wilson gamboa",
            "team": "TJH5YU202",
            "name": "wilson.josenet",
            "is_restricted": false,
            "is_ultra_restricted": false
        }
    },
    {
        "client_msg_id": "4e0b75a8-7a00-405e-9a1e-75892d56f97d",
        "type": "message",
        "text": "necesito el Harbour",
        "user": "UJXP7LS78",
        "ts": "1570894341.186700",
        "team": "TJH5YU202",
        "user_team": "TJH5YU202",
        "source_team": "TJH5YU202",
        "user_profile": {
            "avatar_hash": "gc4a0baebb72",
            "image_72": "https:\/\/secure.gravatar.com\/avatar\/a1c4a0baebb720b97e5a197259dbf409.jpg?s=72&d=https%3A%2F%2Fa.slack-edge.com%2Fdf10d%2Fimg%2Favatars%2Fava_0007-72.png",
            "first_name": "",
            "real_name": "wilson gamboa",
            "display_name": "wilson gamboa",
            "team": "TJH5YU202",
            "name": "wilson.josenet",
            "is_restricted": false,
            "is_ultra_restricted": false
        }
    },
    {
        "client_msg_id": "80caff2b-65c8-4b18-a567-92db1f74fced",
        "type": "message",
        "text": "<https:\/\/github.com\/FiveTechSoft\/harbour_for_modharbour>",
        "user": "UNAHBRTFA",
        "ts": "1570894449.186900",
        "team": "TJH5YU202",
        "user_team": "TJH5YU202",
        "source_team": "TJH5YU202",
        "user_profile": {
            "avatar_hash": "g3d2a3f4c28c",
            "image_72": "https:\/\/secure.gravatar.com\/avatar\/23d2a3f4c28cebb4cf07e48d02620517.jpg?s=72&d=https%3A%2F%2Fa.slack-edge.com%2Fdf10d%2Fimg%2Favatars%2Fava_0020-72.png",
            "first_name": "Andreu",
            "real_name": "Andreu Botella",
            "display_name": "Andreu Botella",
            "team": "TJH5YU202",
            "name": "andreu.132",
            "is_restricted": false,
            "is_ultra_restricted": false
        },
        "attachments": [
            {
                "service_name": "GitHub",
                "title": "FiveTechSoft\/harbour_for_modharbour",
                "title_link": "https:\/\/github.com\/FiveTechSoft\/harbour_for_modharbour",
                "text": "Contribute to FiveTechSoft\/harbour_for_modharbour development by creating an account on GitHub.",
                "fallback": "GitHub: FiveTechSoft\/harbour_for_modharbour",
                "thumb_url": "https:\/\/avatars3.githubusercontent.com\/u\/10235217?s=400&v=4",
                "from_url": "https:\/\/github.com\/FiveTechSoft\/harbour_for_modharbour",
                "thumb_width": 400,
                "thumb_height": 400,
                "service_icon": "https:\/\/a.slack-edge.com\/80588\/img\/unfurl_icons\/github.png",
                "id": 1,
                "original_url": "https:\/\/github.com\/FiveTechSoft\/harbour_for_modharbour"
            }
        ]
    },
    {
        "client_msg_id": "adad7a3d-e87d-4184-9f9e-0f403853cb3a",
        "type": "message",
        "text": "<@UJN8D8U3B> Mira si te sirve este tipo de certificado -&gt; <http:\/\/itarraco.com\/tweb.help\/?search=certificado>",
        "user": "UJWR5N32S",
        "ts": "1570895373.187600",
        "team": "TJH5YU202",
        "user_team": "TJH5YU202",
        "source_team": "TJH5YU202",
        "user_profile": {
            "avatar_hash": "273d3745f7ae",
            "image_72": "https:\/\/avatars.slack-edge.com\/2019-05-20\/634344238497_273d3745f7ae1b176b82_72.jpg",
            "first_name": "Charly",
            "real_name": "Charly",
            "display_name": "Charly",
            "team": "TJH5YU202",
            "name": "carles9000",
            "is_restricted": false,
            "is_ultra_restricted": false
        }
    },
    {
        "client_msg_id": "7643e46b-48c8-4f6b-887b-c4b5d729c795",
        "type": "message",
        "text": "Parece ser el mismo tipo de certificado.",
        "user": "UNAHBRTFA",
        "ts": "1570895470.188000",
        "team": "TJH5YU202",
        "user_team": "TJH5YU202",
        "source_team": "TJH5YU202",
        "user_profile": {
            "avatar_hash": "g3d2a3f4c28c",
            "image_72": "https:\/\/secure.gravatar.com\/avatar\/23d2a3f4c28cebb4cf07e48d02620517.jpg?s=72&d=https%3A%2F%2Fa.slack-edge.com%2Fdf10d%2Fimg%2Favatars%2Fava_0020-72.png",
            "first_name": "Andreu",
            "real_name": "Andreu Botella",
            "display_name": "Andreu Botella",
            "team": "TJH5YU202",
            "name": "andreu.132",
            "is_restricted": false,
            "is_ultra_restricted": false
        }
    },
    {
        "client_msg_id": "ca69953b-f356-437e-a286-a4b351ecc412",
        "type": "message",
        "text": "gracias Andreu",
        "user": "UJXP7LS78",
        "ts": "1570897012.188200",
        "team": "TJH5YU202",
        "user_team": "TJH5YU202",
        "source_team": "TJH5YU202",
        "user_profile": {
            "avatar_hash": "gc4a0baebb72",
            "image_72": "https:\/\/secure.gravatar.com\/avatar\/a1c4a0baebb720b97e5a197259dbf409.jpg?s=72&d=https%3A%2F%2Fa.slack-edge.com%2Fdf10d%2Fimg%2Favatars%2Fava_0007-72.png",
            "first_name": "",
            "real_name": "wilson gamboa",
            "display_name": "wilson gamboa",
            "team": "TJH5YU202",
            "name": "wilson.josenet",
            "is_restricted": false,
            "is_ultra_restricted": false
        }
    },
    {
        "client_msg_id": "bc0887ae-634e-43b3-9a9e-0eeaeb3dbe2c",
        "type": "message",
        "text": "estoy confundido ese me parece que es mod_harbour",
        "user": "UJXP7LS78",
        "ts": "1570897024.188500",
        "team": "TJH5YU202",
        "user_team": "TJH5YU202",
        "source_team": "TJH5YU202",
        "user_profile": {
            "avatar_hash": "gc4a0baebb72",
            "image_72": "https:\/\/secure.gravatar.com\/avatar\/a1c4a0baebb720b97e5a197259dbf409.jpg?s=72&d=https%3A%2F%2Fa.slack-edge.com%2Fdf10d%2Fimg%2Favatars%2Fava_0007-72.png",
            "first_name": "",
            "real_name": "wilson gamboa",
            "display_name": "wilson gamboa",
            "team": "TJH5YU202",
            "name": "wilson.josenet",
            "is_restricted": false,
            "is_ultra_restricted": false
        }
    },
    {
        "client_msg_id": "9f6bcf16-c5a1-4970-a972-6a35a695ff9b",
        "type": "message",
        "text": "de alli baje todo",
        "user": "UJXP7LS78",
        "ts": "1570897032.188800",
        "team": "TJH5YU202",
        "user_team": "TJH5YU202",
        "source_team": "TJH5YU202",
        "user_profile": {
            "avatar_hash": "gc4a0baebb72",
            "image_72": "https:\/\/secure.gravatar.com\/avatar\/a1c4a0baebb720b97e5a197259dbf409.jpg?s=72&d=https%3A%2F%2Fa.slack-edge.com%2Fdf10d%2Fimg%2Favatars%2Fava_0007-72.png",
            "first_name": "",
            "real_name": "wilson gamboa",
            "display_name": "wilson gamboa",
            "team": "TJH5YU202",
            "name": "wilson.josenet",
            "is_restricted": false,
            "is_ultra_restricted": false
        }
    },
    {
        "client_msg_id": "6f39b767-2876-415f-8f80-2ff1fefaeea8",
        "type": "message",
        "text": "ya instale visual comunity 2019",
        "user": "UJXP7LS78",
        "ts": "1570897045.189100",
        "team": "TJH5YU202",
        "user_team": "TJH5YU202",
        "source_team": "TJH5YU202",
        "user_profile": {
            "avatar_hash": "gc4a0baebb72",
            "image_72": "https:\/\/secure.gravatar.com\/avatar\/a1c4a0baebb720b97e5a197259dbf409.jpg?s=72&d=https%3A%2F%2Fa.slack-edge.com%2Fdf10d%2Fimg%2Favatars%2Fava_0007-72.png",
            "first_name": "",
            "real_name": "wilson gamboa",
            "display_name": "wilson gamboa",
            "team": "TJH5YU202",
            "name": "wilson.josenet",
            "is_restricted": false,
            "is_ultra_restricted": false
        }
    },
    {
        "client_msg_id": "02a420d5-b96c-4cb8-8f96-a86460c40c2a",
        "type": "message",
        "text": "no me queda claro que mas hacer porque me falla la creacion de harbour",
        "user": "UJXP7LS78",
        "ts": "1570897065.189600",
        "team": "TJH5YU202",
        "user_team": "TJH5YU202",
        "source_team": "TJH5YU202",
        "user_profile": {
            "avatar_hash": "gc4a0baebb72",
            "image_72": "https:\/\/secure.gravatar.com\/avatar\/a1c4a0baebb720b97e5a197259dbf409.jpg?s=72&d=https%3A%2F%2Fa.slack-edge.com%2Fdf10d%2Fimg%2Favatars%2Fava_0007-72.png",
            "first_name": "",
            "real_name": "wilson gamboa",
            "display_name": "wilson gamboa",
            "team": "TJH5YU202",
            "name": "wilson.josenet",
            "is_restricted": false,
            "is_ultra_restricted": false
        }
    },
    {
        "type": "message",
        "text": "",
        "files": [
            {
                "id": "FNZS0CUE7",
                "created": 1570897098,
                "timestamp": 1570897098,
                "name": "image.png",
                "title": "image.png",
                "mimetype": "image\/png",
                "filetype": "png",
                "pretty_type": "PNG",
                "user": "UJXP7LS78",
                "editable": false,
                "size": 189445,
                "mode": "hosted",
                "is_external": false,
                "external_type": "",
                "is_public": true,
                "public_url_shared": false,
                "display_as_bot": false,
                "username": "",
                "url_private": "https:\/\/files.slack.com\/files-pri\/TJH5YU202-FNZS0CUE7\/image.png?t=xoxe-629202954002-950795328464-950341379620-2ca7f74bb6537751ea5666f8f5e8896e",
                "url_private_download": "https:\/\/files.slack.com\/files-pri\/TJH5YU202-FNZS0CUE7\/download\/image.png?t=xoxe-629202954002-950795328464-950341379620-2ca7f74bb6537751ea5666f8f5e8896e",
                "thumb_64": "https:\/\/files.slack.com\/files-tmb\/TJH5YU202-FNZS0CUE7-f74d3d42b3\/image_64.png?t=xoxe-629202954002-950795328464-950341379620-2ca7f74bb6537751ea5666f8f5e8896e",
                "thumb_80": "https:\/\/files.slack.com\/files-tmb\/TJH5YU202-FNZS0CUE7-f74d3d42b3\/image_80.png?t=xoxe-629202954002-950795328464-950341379620-2ca7f74bb6537751ea5666f8f5e8896e",
                "thumb_360": "https:\/\/files.slack.com\/files-tmb\/TJH5YU202-FNZS0CUE7-f74d3d42b3\/image_360.png?t=xoxe-629202954002-950795328464-950341379620-2ca7f74bb6537751ea5666f8f5e8896e",
                "thumb_360_w": 360,
                "thumb_360_h": 203,
                "thumb_480": "https:\/\/files.slack.com\/files-tmb\/TJH5YU202-FNZS0CUE7-f74d3d42b3\/image_480.png?t=xoxe-629202954002-950795328464-950341379620-2ca7f74bb6537751ea5666f8f5e8896e",
                "thumb_480_w": 480,
                "thumb_480_h": 271,
                "thumb_160": "https:\/\/files.slack.com\/files-tmb\/TJH5YU202-FNZS0CUE7-f74d3d42b3\/image_160.png?t=xoxe-629202954002-950795328464-950341379620-2ca7f74bb6537751ea5666f8f5e8896e",
                "thumb_720": "https:\/\/files.slack.com\/files-tmb\/TJH5YU202-FNZS0CUE7-f74d3d42b3\/image_720.png?t=xoxe-629202954002-950795328464-950341379620-2ca7f74bb6537751ea5666f8f5e8896e",
                "thumb_720_w": 720,
                "thumb_720_h": 406,
                "thumb_800": "https:\/\/files.slack.com\/files-tmb\/TJH5YU202-FNZS0CUE7-f74d3d42b3\/image_800.png?t=xoxe-629202954002-950795328464-950341379620-2ca7f74bb6537751ea5666f8f5e8896e",
                "thumb_800_w": 800,
                "thumb_800_h": 451,
                "thumb_960": "https:\/\/files.slack.com\/files-tmb\/TJH5YU202-FNZS0CUE7-f74d3d42b3\/image_960.png?t=xoxe-629202954002-950795328464-950341379620-2ca7f74bb6537751ea5666f8f5e8896e",
                "thumb_960_w": 960,
                "thumb_960_h": 541,
                "thumb_1024": "https:\/\/files.slack.com\/files-tmb\/TJH5YU202-FNZS0CUE7-f74d3d42b3\/image_1024.png?t=xoxe-629202954002-950795328464-950341379620-2ca7f74bb6537751ea5666f8f5e8896e",
                "thumb_1024_w": 1024,
                "thumb_1024_h": 578,
                "image_exif_rotation": 1,
                "original_w": 2280,
                "original_h": 1286,
                "thumb_tiny": "AwAbADCqZpRkB26nvSedL\/z0amN945HekH0ouKyJPOk5JdqTz5B\/G1M6dqTk\/wD66Ash7XEvZ2pBPKWAMjHn1pufrQpG8cHrQFkPIwx+tNHU1OYkyeO\/rR5Sf3f1p2C5ATTc96lMa56frR5a+lFguQZpV++PrU3lr6frSrGu4cd6LBc\/\/9k=",
                "permalink": "https:\/\/harbourproject.slack.com\/files\/UJXP7LS78\/FNZS0CUE7\/image.png",
                "permalink_public": "https:\/\/slack-files.com\/TJH5YU202-FNZS0CUE7-482e28bbed",
                "is_starred": false,
                "has_rich_preview": false
            }
        ],
        "upload": true,
        "user": "UJXP7LS78",
        "display_as_bot": false,
        "ts": "1570897101.189700",
        "client_msg_id": "fd754a72-dc59-4c47-829d-6b7e1a3d87ea"
    },
    {
        "client_msg_id": "d9e2564c-b444-46ab-a673-82d75ac245dd",
        "type": "message",
        "text": "perdon si molesto",
        "user": "UJXP7LS78",
        "ts": "1570897115.190100",
        "team": "TJH5YU202",
        "user_team": "TJH5YU202",
        "source_team": "TJH5YU202",
        "user_profile": {
            "avatar_hash": "gc4a0baebb72",
            "image_72": "https:\/\/secure.gravatar.com\/avatar\/a1c4a0baebb720b97e5a197259dbf409.jpg?s=72&d=https%3A%2F%2Fa.slack-edge.com%2Fdf10d%2Fimg%2Favatars%2Fava_0007-72.png",
            "first_name": "",
            "real_name": "wilson gamboa",
            "display_name": "wilson gamboa",
            "team": "TJH5YU202",
            "name": "wilson.josenet",
            "is_restricted": false,
            "is_ultra_restricted": false
        }
    },
    {
        "client_msg_id": "9ca0dd7d-4c34-4fbb-bbf5-9e555132fe2f",
        "type": "message",
        "text": "Antonio ayer lo compilo",
        "user": "UJXP7LS78",
        "ts": "1570897130.190300",
        "team": "TJH5YU202",
        "user_team": "TJH5YU202",
        "source_team": "TJH5YU202",
        "user_profile": {
            "avatar_hash": "gc4a0baebb72",
            "image_72": "https:\/\/secure.gravatar.com\/avatar\/a1c4a0baebb720b97e5a197259dbf409.jpg?s=72&d=https%3A%2F%2Fa.slack-edge.com%2Fdf10d%2Fimg%2Favatars%2Fava_0007-72.png",
            "first_name": "",
            "real_name": "wilson gamboa",
            "display_name": "wilson gamboa",
            "team": "TJH5YU202",
            "name": "wilson.josenet",
            "is_restricted": false,
            "is_ultra_restricted": false
        }
    },
    {
        "client_msg_id": "ce64c12b-d921-42a8-ab61-3d95d1cbcba2",
        "type": "message",
        "text": "pero el iniciaba con algo que ya estaba bajado",
        "user": "UJXP7LS78",
        "ts": "1570897143.190700",
        "team": "TJH5YU202",
        "user_team": "TJH5YU202",
        "source_team": "TJH5YU202",
        "user_profile": {
            "avatar_hash": "gc4a0baebb72",
            "image_72": "https:\/\/secure.gravatar.com\/avatar\/a1c4a0baebb720b97e5a197259dbf409.jpg?s=72&d=https%3A%2F%2Fa.slack-edge.com%2Fdf10d%2Fimg%2Favatars%2Fava_0007-72.png",
            "first_name": "",
            "real_name": "wilson gamboa",
            "display_name": "wilson gamboa",
            "team": "TJH5YU202",
            "name": "wilson.josenet",
            "is_restricted": false,
            "is_ultra_restricted": false
        }
    },
    {
        "client_msg_id": "8cd266bc-c780-4c4b-bb3d-2750fa577519",
        "type": "message",
        "text": "perdon me parece que no tengo el batch file vcvarsall.bat",
        "user": "UJXP7LS78",
        "ts": "1570897632.191100",
        "team": "TJH5YU202",
        "user_team": "TJH5YU202",
        "source_team": "TJH5YU202",
        "user_profile": {
            "avatar_hash": "gc4a0baebb72",
            "image_72": "https:\/\/secure.gravatar.com\/avatar\/a1c4a0baebb720b97e5a197259dbf409.jpg?s=72&d=https%3A%2F%2Fa.slack-edge.com%2Fdf10d%2Fimg%2Favatars%2Fava_0007-72.png",
            "first_name": "",
            "real_name": "wilson gamboa",
            "display_name": "wilson gamboa",
            "team": "TJH5YU202",
            "name": "wilson.josenet",
            "is_restricted": false,
            "is_ultra_restricted": false
        }
    },
    {
        "client_msg_id": "c25075a8-805d-481d-9377-7648b40b6d18",
        "type": "message",
        "text": "alguna guia para instalar visual studio comunity",
        "user": "UJXP7LS78",
        "ts": "1570897650.191500",
        "team": "TJH5YU202",
        "user_team": "TJH5YU202",
        "source_team": "TJH5YU202",
        "user_profile": {
            "avatar_hash": "gc4a0baebb72",
            "image_72": "https:\/\/secure.gravatar.com\/avatar\/a1c4a0baebb720b97e5a197259dbf409.jpg?s=72&d=https%3A%2F%2Fa.slack-edge.com%2Fdf10d%2Fimg%2Favatars%2Fava_0007-72.png",
            "first_name": "",
            "real_name": "wilson gamboa",
            "display_name": "wilson gamboa",
            "team": "TJH5YU202",
            "name": "wilson.josenet",
            "is_restricted": false,
            "is_ultra_restricted": false
        }
    },
    {
        "client_msg_id": "b1994fab-0b50-40d1-b00f-046cd223e2da",
        "type": "message",
        "text": "2019",
        "user": "UJXP7LS78",
        "ts": "1570897651.191700",
        "team": "TJH5YU202",
        "user_team": "TJH5YU202",
        "source_team": "TJH5YU202",
        "user_profile": {
            "avatar_hash": "gc4a0baebb72",
            "image_72": "https:\/\/secure.gravatar.com\/avatar\/a1c4a0baebb720b97e5a197259dbf409.jpg?s=72&d=https%3A%2F%2Fa.slack-edge.com%2Fdf10d%2Fimg%2Favatars%2Fava_0007-72.png",
            "first_name": "",
            "real_name": "wilson gamboa",
            "display_name": "wilson gamboa",
            "team": "TJH5YU202",
            "name": "wilson.josenet",
            "is_restricted": false,
            "is_ultra_restricted": false
        }
    },
    {
        "client_msg_id": "b8d5d447-63e0-4bfb-9593-22197849819e",
        "type": "message",
        "text": "gracias",
        "user": "UJXP7LS78",
        "ts": "1570897654.191900",
        "team": "TJH5YU202",
        "user_team": "TJH5YU202",
        "source_team": "TJH5YU202",
        "user_profile": {
            "avatar_hash": "gc4a0baebb72",
            "image_72": "https:\/\/secure.gravatar.com\/avatar\/a1c4a0baebb720b97e5a197259dbf409.jpg?s=72&d=https%3A%2F%2Fa.slack-edge.com%2Fdf10d%2Fimg%2Favatars%2Fava_0007-72.png",
            "first_name": "",
            "real_name": "wilson gamboa",
            "display_name": "wilson gamboa",
            "team": "TJH5YU202",
            "name": "wilson.josenet",
            "is_restricted": false,
            "is_ultra_restricted": false
        }
    },
    {
        "client_msg_id": "80401c5c-5d9f-4416-bfe8-251bc60c5cb9",
        "type": "message",
        "text": "ya lo logre perdon",
        "user": "UJXP7LS78",
        "ts": "1570919302.192200",
        "team": "TJH5YU202",
        "user_team": "TJH5YU202",
        "source_team": "TJH5YU202",
        "user_profile": {
            "avatar_hash": "gc4a0baebb72",
            "image_72": "https:\/\/secure.gravatar.com\/avatar\/a1c4a0baebb720b97e5a197259dbf409.jpg?s=72&d=https%3A%2F%2Fa.slack-edge.com%2Fdf10d%2Fimg%2Favatars%2Fava_0007-72.png",
            "first_name": "",
            "real_name": "wilson gamboa",
            "display_name": "wilson gamboa",
            "team": "TJH5YU202",
            "name": "wilson.josenet",
            "is_restricted": false,
            "is_ultra_restricted": false
        }
    },
    {
        "client_msg_id": "f0634e4d-98cb-411d-8df7-6f9702284fde",
        "type": "message",
        "text": "saludos",
        "user": "UJXP7LS78",
        "ts": "1570919304.192400",
        "team": "TJH5YU202",
        "user_team": "TJH5YU202",
        "source_team": "TJH5YU202",
        "user_profile": {
            "avatar_hash": "gc4a0baebb72",
            "image_72": "https:\/\/secure.gravatar.com\/avatar\/a1c4a0baebb720b97e5a197259dbf409.jpg?s=72&d=https%3A%2F%2Fa.slack-edge.com%2Fdf10d%2Fimg%2Favatars%2Fava_0007-72.png",
            "first_name": "",
            "real_name": "wilson gamboa",
            "display_name": "wilson gamboa",
            "team": "TJH5YU202",
            "name": "wilson.josenet",
            "is_restricted": false,
            "is_ultra_restricted": false
        }
    },
    {
        "client_msg_id": "04892e4d-ce39-46c6-9f06-fcf995c9cf7b",
        "type": "message",
        "text": "Bon dia",
        "user": "UJWR5N32S",
        "ts": "1570949986.192700",
        "team": "TJH5YU202",
        "user_team": "TJH5YU202",
        "source_team": "TJH5YU202",
        "user_profile": {
            "avatar_hash": "273d3745f7ae",
            "image_72": "https:\/\/avatars.slack-edge.com\/2019-05-20\/634344238497_273d3745f7ae1b176b82_72.jpg",
            "first_name": "Charly",
            "real_name": "Charly",
            "display_name": "Charly",
            "team": "TJH5YU202",
            "name": "carles9000",
            "is_restricted": false,
            "is_ultra_restricted": false
        }
    }
]