[
    {
        "client_msg_id": "2adafe47-74bd-4463-8b28-e513f75477c4",
        "type": "message",
        "text": "Good morning",
        "user": "UJHD6A81H",
        "ts": "1574323228.005800",
        "team": "TJH5YU202",
        "user_team": "TJH5YU202",
        "source_team": "TJH5YU202",
        "user_profile": {
            "avatar_hash": "g6b8073e00e9",
            "image_72": "https:\/\/secure.gravatar.com\/avatar\/b96b8073e00e9eb02bcf05bc1418eb3a.jpg?s=72&d=https%3A%2F%2Fa.slack-edge.com%2Fdf10d%2Fimg%2Favatars%2Fava_0021-72.png",
            "first_name": "Otto",
            "real_name": "Otto Atzwanger",
            "display_name": "Otto",
            "team": "TJH5YU202",
            "name": "otto",
            "is_restricted": false,
            "is_ultra_restricted": false
        },
        "blocks": [
            {
                "type": "rich_text",
                "block_id": "vcGX",
                "elements": [
                    {
                        "type": "rich_text_section",
                        "elements": [
                            {
                                "type": "text",
                                "text": "Good morning"
                            }
                        ]
                    }
                ]
            }
        ]
    },
    {
        "client_msg_id": "83dbd9bc-f17b-4513-8c63-a16bb06da524",
        "type": "message",
        "text": "Dear Antonio, it's good that I make all my FIVEWIN reports first in a temporary DBF.\nI can thus take over the entire source code and pass tmp-dbf to Genesis browse. I try this now.",
        "user": "UJHD6A81H",
        "ts": "1574323410.006700",
        "team": "TJH5YU202",
        "user_team": "TJH5YU202",
        "source_team": "TJH5YU202",
        "user_profile": {
            "avatar_hash": "g6b8073e00e9",
            "image_72": "https:\/\/secure.gravatar.com\/avatar\/b96b8073e00e9eb02bcf05bc1418eb3a.jpg?s=72&d=https%3A%2F%2Fa.slack-edge.com%2Fdf10d%2Fimg%2Favatars%2Fava_0021-72.png",
            "first_name": "Otto",
            "real_name": "Otto Atzwanger",
            "display_name": "Otto",
            "team": "TJH5YU202",
            "name": "otto",
            "is_restricted": false,
            "is_ultra_restricted": false
        },
        "blocks": [
            {
                "type": "rich_text",
                "block_id": "1o173",
                "elements": [
                    {
                        "type": "rich_text_section",
                        "elements": [
                            {
                                "type": "text",
                                "text": "Dear Antonio, it's good that I make all my FIVEWIN reports first in a temporary DBF.\nI can thus take over the entire source code and pass tmp-dbf to Genesis browse. I try this now."
                            }
                        ]
                    }
                ]
            }
        ]
    },
    {
        "client_msg_id": "a22981ad-2a86-4886-8ee3-119b469e1af2",
        "type": "message",
        "text": "excellent",
        "user": "UJN8D8U3B",
        "ts": "1574324481.006900",
        "team": "TJH5YU202",
        "user_team": "TJH5YU202",
        "source_team": "TJH5YU202",
        "user_profile": {
            "avatar_hash": "g92ad2abcc45",
            "image_72": "https:\/\/secure.gravatar.com\/avatar\/8492ad2abcc45ce53969adcf8420acde.jpg?s=72&d=https%3A%2F%2Fa.slack-edge.com%2Fdf10d%2Fimg%2Favatars%2Fava_0008-72.png",
            "first_name": "",
            "real_name": "Antonio Linares",
            "display_name": "Antonio Linares",
            "team": "TJH5YU202",
            "name": "alinares",
            "is_restricted": false,
            "is_ultra_restricted": false
        },
        "blocks": [
            {
                "type": "rich_text",
                "block_id": "3p1y",
                "elements": [
                    {
                        "type": "rich_text_section",
                        "elements": [
                            {
                                "type": "text",
                                "text": "excellent"
                            }
                        ]
                    }
                ]
            }
        ]
    },
    {
        "client_msg_id": "5738c28f-b413-4e6e-bd62-03474119a3f9",
        "type": "message",
        "text": "Dear Antonio, what is the best way to create a temp working directory for each online session. And how can we delete these directories.",
        "user": "UJHD6A81H",
        "ts": "1574328346.008100",
        "team": "TJH5YU202",
        "user_team": "TJH5YU202",
        "source_team": "TJH5YU202",
        "user_profile": {
            "avatar_hash": "g6b8073e00e9",
            "image_72": "https:\/\/secure.gravatar.com\/avatar\/b96b8073e00e9eb02bcf05bc1418eb3a.jpg?s=72&d=https%3A%2F%2Fa.slack-edge.com%2Fdf10d%2Fimg%2Favatars%2Fava_0021-72.png",
            "first_name": "Otto",
            "real_name": "Otto Atzwanger",
            "display_name": "Otto",
            "team": "TJH5YU202",
            "name": "otto",
            "is_restricted": false,
            "is_ultra_restricted": false
        },
        "blocks": [
            {
                "type": "rich_text",
                "block_id": "hZs",
                "elements": [
                    {
                        "type": "rich_text_section",
                        "elements": [
                            {
                                "type": "text",
                                "text": "Dear Antonio, what is the best way to create a temp working directory for each online session. And how can we delete these directories."
                            }
                        ]
                    }
                ]
            }
        ]
    },
    {
        "client_msg_id": "863003ea-463d-40a4-ba76-9c9b5ddbe1f7",
        "type": "message",
        "text": "To keep dbfs in it ?",
        "user": "UM81W8B0Q",
        "ts": "1574333060.008500",
        "team": "TJH5YU202",
        "user_team": "TJH5YU202",
        "source_team": "TJH5YU202",
        "user_profile": {
            "avatar_hash": "gab9279ee8c0",
            "image_72": "https:\/\/secure.gravatar.com\/avatar\/73ab9279ee8c00f66ce4904d30146c8f.jpg?s=72&d=https%3A%2F%2Fa.slack-edge.com%2Fdf10d%2Fimg%2Favatars%2Fava_0010-72.png",
            "first_name": "",
            "real_name": "Angel Pais",
            "display_name": "Angel Pais",
            "team": "TJH5YU202",
            "name": "amigosam",
            "is_restricted": false,
            "is_ultra_restricted": false
        },
        "blocks": [
            {
                "type": "rich_text",
                "block_id": "mQ\/==",
                "elements": [
                    {
                        "type": "rich_text_section",
                        "elements": [
                            {
                                "type": "text",
                                "text": "To keep dbfs in it ?"
                            }
                        ]
                    }
                ]
            }
        ]
    },
    {
        "client_msg_id": "49a79ccb-a747-451a-812c-599f1e004b3f",
        "type": "message",
        "text": "sorry, Dismiss it",
        "user": "UM81W8B0Q",
        "ts": "1574333083.008800",
        "team": "TJH5YU202",
        "user_team": "TJH5YU202",
        "source_team": "TJH5YU202",
        "user_profile": {
            "avatar_hash": "gab9279ee8c0",
            "image_72": "https:\/\/secure.gravatar.com\/avatar\/73ab9279ee8c00f66ce4904d30146c8f.jpg?s=72&d=https%3A%2F%2Fa.slack-edge.com%2Fdf10d%2Fimg%2Favatars%2Fava_0010-72.png",
            "first_name": "",
            "real_name": "Angel Pais",
            "display_name": "Angel Pais",
            "team": "TJH5YU202",
            "name": "amigosam",
            "is_restricted": false,
            "is_ultra_restricted": false
        },
        "blocks": [
            {
                "type": "rich_text",
                "block_id": "VZC",
                "elements": [
                    {
                        "type": "rich_text_section",
                        "elements": [
                            {
                                "type": "text",
                                "text": "sorry, Dismiss it"
                            }
                        ]
                    }
                ]
            }
        ]
    },
    {
        "client_msg_id": "bf2d7e5a-09ab-4569-b41c-ac5b355d40ef",
        "type": "message",
        "text": "Hello Angel, why and what do you suggest?",
        "user": "UJHD6A81H",
        "ts": "1574338379.009200",
        "team": "TJH5YU202",
        "user_team": "TJH5YU202",
        "source_team": "TJH5YU202",
        "user_profile": {
            "avatar_hash": "g6b8073e00e9",
            "image_72": "https:\/\/secure.gravatar.com\/avatar\/b96b8073e00e9eb02bcf05bc1418eb3a.jpg?s=72&d=https%3A%2F%2Fa.slack-edge.com%2Fdf10d%2Fimg%2Favatars%2Fava_0021-72.png",
            "first_name": "Otto",
            "real_name": "Otto Atzwanger",
            "display_name": "Otto",
            "team": "TJH5YU202",
            "name": "otto",
            "is_restricted": false,
            "is_ultra_restricted": false
        },
        "blocks": [
            {
                "type": "rich_text",
                "block_id": "xPlp",
                "elements": [
                    {
                        "type": "rich_text_section",
                        "elements": [
                            {
                                "type": "text",
                                "text": "Hello Angel, why and what do you suggest?"
                            }
                        ]
                    }
                ]
            }
        ]
    },
    {
        "client_msg_id": "e09b156f-bc16-474f-944c-91a00c26af6a",
        "type": "message",
        "text": "I took over the entire source code and pass tmp-dbf to Genesis browse. All is working. WOW",
        "user": "UJHD6A81H",
        "ts": "1574340939.010100",
        "team": "TJH5YU202",
        "user_team": "TJH5YU202",
        "source_team": "TJH5YU202",
        "user_profile": {
            "avatar_hash": "g6b8073e00e9",
            "image_72": "https:\/\/secure.gravatar.com\/avatar\/b96b8073e00e9eb02bcf05bc1418eb3a.jpg?s=72&d=https%3A%2F%2Fa.slack-edge.com%2Fdf10d%2Fimg%2Favatars%2Fava_0021-72.png",
            "first_name": "Otto",
            "real_name": "Otto Atzwanger",
            "display_name": "Otto",
            "team": "TJH5YU202",
            "name": "otto",
            "is_restricted": false,
            "is_ultra_restricted": false
        },
        "blocks": [
            {
                "type": "rich_text",
                "block_id": "kXWo",
                "elements": [
                    {
                        "type": "rich_text_section",
                        "elements": [
                            {
                                "type": "text",
                                "text": "I took over the entire source code and pass tmp-dbf to Genesis browse. All is working. WOW"
                            }
                        ]
                    }
                ]
            }
        ]
    },
    {
        "type": "message",
        "text": "",
        "files": [
            {
                "id": "FQKQSRPPB",
                "created": 1574340951,
                "timestamp": 1574340951,
                "name": "grafik.png",
                "title": "grafik.png",
                "mimetype": "image\/png",
                "filetype": "png",
                "pretty_type": "PNG",
                "user": "UJHD6A81H",
                "editable": false,
                "size": 25259,
                "mode": "hosted",
                "is_external": false,
                "external_type": "",
                "is_public": true,
                "public_url_shared": false,
                "display_as_bot": false,
                "username": "",
                "url_private": "https:\/\/files.slack.com\/files-pri\/TJH5YU202-FQKQSRPPB\/grafik.png?t=xoxe-629202954002-950795328464-950341379620-2ca7f74bb6537751ea5666f8f5e8896e",
                "url_private_download": "https:\/\/files.slack.com\/files-pri\/TJH5YU202-FQKQSRPPB\/download\/grafik.png?t=xoxe-629202954002-950795328464-950341379620-2ca7f74bb6537751ea5666f8f5e8896e",
                "thumb_64": "https:\/\/files.slack.com\/files-tmb\/TJH5YU202-FQKQSRPPB-461bffecab\/grafik_64.png?t=xoxe-629202954002-950795328464-950341379620-2ca7f74bb6537751ea5666f8f5e8896e",
                "thumb_80": "https:\/\/files.slack.com\/files-tmb\/TJH5YU202-FQKQSRPPB-461bffecab\/grafik_80.png?t=xoxe-629202954002-950795328464-950341379620-2ca7f74bb6537751ea5666f8f5e8896e",
                "thumb_360": "https:\/\/files.slack.com\/files-tmb\/TJH5YU202-FQKQSRPPB-461bffecab\/grafik_360.png?t=xoxe-629202954002-950795328464-950341379620-2ca7f74bb6537751ea5666f8f5e8896e",
                "thumb_360_w": 360,
                "thumb_360_h": 107,
                "thumb_480": "https:\/\/files.slack.com\/files-tmb\/TJH5YU202-FQKQSRPPB-461bffecab\/grafik_480.png?t=xoxe-629202954002-950795328464-950341379620-2ca7f74bb6537751ea5666f8f5e8896e",
                "thumb_480_w": 480,
                "thumb_480_h": 142,
                "thumb_160": "https:\/\/files.slack.com\/files-tmb\/TJH5YU202-FQKQSRPPB-461bffecab\/grafik_160.png?t=xoxe-629202954002-950795328464-950341379620-2ca7f74bb6537751ea5666f8f5e8896e",
                "thumb_720": "https:\/\/files.slack.com\/files-tmb\/TJH5YU202-FQKQSRPPB-461bffecab\/grafik_720.png?t=xoxe-629202954002-950795328464-950341379620-2ca7f74bb6537751ea5666f8f5e8896e",
                "thumb_720_w": 720,
                "thumb_720_h": 213,
                "thumb_800": "https:\/\/files.slack.com\/files-tmb\/TJH5YU202-FQKQSRPPB-461bffecab\/grafik_800.png?t=xoxe-629202954002-950795328464-950341379620-2ca7f74bb6537751ea5666f8f5e8896e",
                "thumb_800_w": 800,
                "thumb_800_h": 237,
                "thumb_960": "https:\/\/files.slack.com\/files-tmb\/TJH5YU202-FQKQSRPPB-461bffecab\/grafik_960.png?t=xoxe-629202954002-950795328464-950341379620-2ca7f74bb6537751ea5666f8f5e8896e",
                "thumb_960_w": 960,
                "thumb_960_h": 284,
                "thumb_1024": "https:\/\/files.slack.com\/files-tmb\/TJH5YU202-FQKQSRPPB-461bffecab\/grafik_1024.png?t=xoxe-629202954002-950795328464-950341379620-2ca7f74bb6537751ea5666f8f5e8896e",
                "thumb_1024_w": 1024,
                "thumb_1024_h": 303,
                "image_exif_rotation": 1,
                "original_w": 1499,
                "original_h": 444,
                "thumb_tiny": "AwAOADCl+dH50UVXM+4jTjtYGiUmMkkA\/eNO+x2\/\/PM\/99GpYf8AUp\/uin0XYyv9kt\/+eZ\/76NH2S3\/55n\/vo1OaKV2B\/9k=",
                "permalink": "https:\/\/harbourproject.slack.com\/files\/UJHD6A81H\/FQKQSRPPB\/grafik.png",
                "permalink_public": "https:\/\/slack-files.com\/TJH5YU202-FQKQSRPPB-061f593f1b",
                "is_starred": false,
                "has_rich_preview": false
            }
        ],
        "upload": true,
        "user": "UJHD6A81H",
        "display_as_bot": false,
        "ts": "1574340957.010200",
        "client_msg_id": "b5b1039b-c6f3-404f-97d9-b5138253b947"
    },
    {
        "client_msg_id": "7d604352-6376-4890-8525-b543b4dd70d2",
        "type": "message",
        "text": "I wrote down what I did:",
        "user": "UJHD6A81H",
        "ts": "1574341150.010800",
        "team": "TJH5YU202",
        "user_team": "TJH5YU202",
        "source_team": "TJH5YU202",
        "user_profile": {
            "avatar_hash": "g6b8073e00e9",
            "image_72": "https:\/\/secure.gravatar.com\/avatar\/b96b8073e00e9eb02bcf05bc1418eb3a.jpg?s=72&d=https%3A%2F%2Fa.slack-edge.com%2Fdf10d%2Fimg%2Favatars%2Fava_0021-72.png",
            "first_name": "Otto",
            "real_name": "Otto Atzwanger",
            "display_name": "Otto",
            "team": "TJH5YU202",
            "name": "otto",
            "is_restricted": false,
            "is_ultra_restricted": false
        },
        "blocks": [
            {
                "type": "rich_text",
                "block_id": "hrrL",
                "elements": [
                    {
                        "type": "rich_text_section",
                        "elements": [
                            {
                                "type": "text",
                                "text": "I wrote down what I did:"
                            }
                        ]
                    }
                ]
            }
        ]
    },
    {
        "client_msg_id": "984ece82-6a2c-46e0-ac8e-d6e35aa70675",
        "type": "message",
        "text": "From xReport  (Fivewin ) to mod harbour\n1)\tSearch all class data variables and substitute with local varialbles – later I will use classes again\n2)\tDelete Fivewin commands: oMeter, …\n3)\tRename method to function check all passed parameters and substitute through local variables\n4)\tSearch for global setup Setup(): (I have a APP Class in Fivewin )\nSetup():daten mit cWinhotelDaten ersetzen\nSysrefresh() deleted\nCompany setup as locale Daten – dann ein include file\n5)\ttemp working directory for each online session\nstatt .\\datatmp\\\n\nPretest, if file compiles. Insert function into testprogramm.",
        "user": "UJHD6A81H",
        "ts": "1574341153.010900",
        "team": "TJH5YU202",
        "user_team": "TJH5YU202",
        "source_team": "TJH5YU202",
        "user_profile": {
            "avatar_hash": "g6b8073e00e9",
            "image_72": "https:\/\/secure.gravatar.com\/avatar\/b96b8073e00e9eb02bcf05bc1418eb3a.jpg?s=72&d=https%3A%2F%2Fa.slack-edge.com%2Fdf10d%2Fimg%2Favatars%2Fava_0021-72.png",
            "first_name": "Otto",
            "real_name": "Otto Atzwanger",
            "display_name": "Otto",
            "team": "TJH5YU202",
            "name": "otto",
            "is_restricted": false,
            "is_ultra_restricted": false
        },
        "blocks": [
            {
                "type": "rich_text",
                "block_id": "sLgY",
                "elements": [
                    {
                        "type": "rich_text_section",
                        "elements": [
                            {
                                "type": "text",
                                "text": "From xReport  (Fivewin ) to mod harbour\n1)\tSearch all class data variables and substitute with local varialbles – later I will use classes again\n2)\tDelete Fivewin commands: oMeter, …\n3)\tRename method to function check all passed parameters and substitute through local variables\n4)\tSearch for global setup Setup(): (I have a APP Class in Fivewin )\nSetup():daten mit cWinhotelDaten ersetzen\nSysrefresh() deleted\nCompany setup as locale Daten – dann ein include file\n5)\ttemp working directory for each online session\nstatt .\\datatmp\\\n\nPretest, if file compiles. Insert function into testprogramm."
                            }
                        ]
                    }
                ]
            }
        ]
    },
    {
        "client_msg_id": "bd943ed4-2564-414c-a65e-b4e72662fb17",
        "type": "message",
        "text": "Antonio buenas tardes",
        "user": "UJXP7LS78",
        "ts": "1574354312.011100",
        "team": "TJH5YU202",
        "user_team": "TJH5YU202",
        "source_team": "TJH5YU202",
        "user_profile": {
            "avatar_hash": "gc4a0baebb72",
            "image_72": "https:\/\/secure.gravatar.com\/avatar\/a1c4a0baebb720b97e5a197259dbf409.jpg?s=72&d=https%3A%2F%2Fa.slack-edge.com%2Fdf10d%2Fimg%2Favatars%2Fava_0007-72.png",
            "first_name": "",
            "real_name": "wilson gamboa",
            "display_name": "wilson gamboa",
            "team": "TJH5YU202",
            "name": "wilson.josenet",
            "is_restricted": false,
            "is_ultra_restricted": false
        },
        "blocks": [
            {
                "type": "rich_text",
                "block_id": "6INfA",
                "elements": [
                    {
                        "type": "rich_text_section",
                        "elements": [
                            {
                                "type": "text",
                                "text": "Antonio buenas tardes"
                            }
                        ]
                    }
                ]
            }
        ]
    },
    {
        "client_msg_id": "10cc10c8-9aa0-4852-8795-552c9504e638",
        "type": "message",
        "text": "Te he enviado un email",
        "user": "UJXP7LS78",
        "ts": "1574354318.011400",
        "team": "TJH5YU202",
        "user_team": "TJH5YU202",
        "source_team": "TJH5YU202",
        "user_profile": {
            "avatar_hash": "gc4a0baebb72",
            "image_72": "https:\/\/secure.gravatar.com\/avatar\/a1c4a0baebb720b97e5a197259dbf409.jpg?s=72&d=https%3A%2F%2Fa.slack-edge.com%2Fdf10d%2Fimg%2Favatars%2Fava_0007-72.png",
            "first_name": "",
            "real_name": "wilson gamboa",
            "display_name": "wilson gamboa",
            "team": "TJH5YU202",
            "name": "wilson.josenet",
            "is_restricted": false,
            "is_ultra_restricted": false
        },
        "blocks": [
            {
                "type": "rich_text",
                "block_id": "G2p",
                "elements": [
                    {
                        "type": "rich_text_section",
                        "elements": [
                            {
                                "type": "text",
                                "text": "Te he enviado un email"
                            }
                        ]
                    }
                ]
            }
        ]
    },
    {
        "client_msg_id": "fc49537c-ed9d-44ea-a840-36409cb3ee77",
        "type": "message",
        "text": "muchas gracias",
        "user": "UJXP7LS78",
        "ts": "1574354321.011600",
        "team": "TJH5YU202",
        "user_team": "TJH5YU202",
        "source_team": "TJH5YU202",
        "user_profile": {
            "avatar_hash": "gc4a0baebb72",
            "image_72": "https:\/\/secure.gravatar.com\/avatar\/a1c4a0baebb720b97e5a197259dbf409.jpg?s=72&d=https%3A%2F%2Fa.slack-edge.com%2Fdf10d%2Fimg%2Favatars%2Fava_0007-72.png",
            "first_name": "",
            "real_name": "wilson gamboa",
            "display_name": "wilson gamboa",
            "team": "TJH5YU202",
            "name": "wilson.josenet",
            "is_restricted": false,
            "is_ultra_restricted": false
        },
        "blocks": [
            {
                "type": "rich_text",
                "block_id": "iJK",
                "elements": [
                    {
                        "type": "rich_text_section",
                        "elements": [
                            {
                                "type": "text",
                                "text": "muchas gracias"
                            }
                        ]
                    }
                ]
            }
        ]
    },
    {
        "type": "message",
        "text": "",
        "files": [
            {
                "id": "FQU698R8V",
                "created": 1574356111,
                "timestamp": 1574356111,
                "name": "grafik.png",
                "title": "grafik.png",
                "mimetype": "image\/png",
                "filetype": "png",
                "pretty_type": "PNG",
                "user": "UJHD6A81H",
                "editable": false,
                "size": 126741,
                "mode": "hosted",
                "is_external": false,
                "external_type": "",
                "is_public": true,
                "public_url_shared": false,
                "display_as_bot": false,
                "username": "",
                "url_private": "https:\/\/files.slack.com\/files-pri\/TJH5YU202-FQU698R8V\/grafik.png?t=xoxe-629202954002-950795328464-950341379620-2ca7f74bb6537751ea5666f8f5e8896e",
                "url_private_download": "https:\/\/files.slack.com\/files-pri\/TJH5YU202-FQU698R8V\/download\/grafik.png?t=xoxe-629202954002-950795328464-950341379620-2ca7f74bb6537751ea5666f8f5e8896e",
                "thumb_64": "https:\/\/files.slack.com\/files-tmb\/TJH5YU202-FQU698R8V-83063dcb5a\/grafik_64.png?t=xoxe-629202954002-950795328464-950341379620-2ca7f74bb6537751ea5666f8f5e8896e",
                "thumb_80": "https:\/\/files.slack.com\/files-tmb\/TJH5YU202-FQU698R8V-83063dcb5a\/grafik_80.png?t=xoxe-629202954002-950795328464-950341379620-2ca7f74bb6537751ea5666f8f5e8896e",
                "thumb_360": "https:\/\/files.slack.com\/files-tmb\/TJH5YU202-FQU698R8V-83063dcb5a\/grafik_360.png?t=xoxe-629202954002-950795328464-950341379620-2ca7f74bb6537751ea5666f8f5e8896e",
                "thumb_360_w": 342,
                "thumb_360_h": 360,
                "thumb_480": "https:\/\/files.slack.com\/files-tmb\/TJH5YU202-FQU698R8V-83063dcb5a\/grafik_480.png?t=xoxe-629202954002-950795328464-950341379620-2ca7f74bb6537751ea5666f8f5e8896e",
                "thumb_480_w": 456,
                "thumb_480_h": 480,
                "thumb_160": "https:\/\/files.slack.com\/files-tmb\/TJH5YU202-FQU698R8V-83063dcb5a\/grafik_160.png?t=xoxe-629202954002-950795328464-950341379620-2ca7f74bb6537751ea5666f8f5e8896e",
                "thumb_720": "https:\/\/files.slack.com\/files-tmb\/TJH5YU202-FQU698R8V-83063dcb5a\/grafik_720.png?t=xoxe-629202954002-950795328464-950341379620-2ca7f74bb6537751ea5666f8f5e8896e",
                "thumb_720_w": 684,
                "thumb_720_h": 720,
                "thumb_800": "https:\/\/files.slack.com\/files-tmb\/TJH5YU202-FQU698R8V-83063dcb5a\/grafik_800.png?t=xoxe-629202954002-950795328464-950341379620-2ca7f74bb6537751ea5666f8f5e8896e",
                "thumb_800_w": 800,
                "thumb_800_h": 842,
                "thumb_960": "https:\/\/files.slack.com\/files-tmb\/TJH5YU202-FQU698R8V-83063dcb5a\/grafik_960.png?t=xoxe-629202954002-950795328464-950341379620-2ca7f74bb6537751ea5666f8f5e8896e",
                "thumb_960_w": 912,
                "thumb_960_h": 960,
                "thumb_1024": "https:\/\/files.slack.com\/files-tmb\/TJH5YU202-FQU698R8V-83063dcb5a\/grafik_1024.png?t=xoxe-629202954002-950795328464-950341379620-2ca7f74bb6537751ea5666f8f5e8896e",
                "thumb_1024_w": 973,
                "thumb_1024_h": 1024,
                "image_exif_rotation": 1,
                "original_w": 1101,
                "original_h": 1159,
                "thumb_tiny": "AwAwAC27tX0pNo9KkYY\/hFJx\/dH51VybIZtGego2r6CnFSTwMfiKUKQOVz+NAWQzaPSl2j0p+D\/cH504AY6UXCyI7olbaQg4IFZPnS4++1at5\/x6S\/7tY\/apKHi4lGcSsPxo+1Tf89n\/ADqPuelC9RnkUAL9ql\/56yfnWppztJbFmZmO48ms3Mfo1aWn4+znbnG49apybAkvP+PSX\/drH7VsXfNrJj+7WRhsfdb8qkBvc8ULnIP60bTn7jflQFbP3G\/KgALH1rU00k2xz\/eNZqRPI4VVOT6jFatlE8MG1wM7ieDRYVj\/2Q==",
                "permalink": "https:\/\/harbourproject.slack.com\/files\/UJHD6A81H\/FQU698R8V\/grafik.png",
                "permalink_public": "https:\/\/slack-files.com\/TJH5YU202-FQU698R8V-85e8efe143",
                "is_starred": false,
                "has_rich_preview": false
            }
        ],
        "upload": true,
        "user": "UJHD6A81H",
        "display_as_bot": false,
        "ts": "1574356116.011700",
        "client_msg_id": "3d687801-13c2-4bca-accd-9eb8afdc35be"
    },
    {
        "client_msg_id": "877fb6ef-70a4-4b1d-9d13-b154f884b239",
        "type": "message",
        "text": "wooo otto impresionante,",
        "user": "UK28N3CER",
        "ts": "1574358469.012700",
        "team": "TJH5YU202",
        "user_team": "TJH5YU202",
        "source_team": "TJH5YU202",
        "user_profile": {
            "avatar_hash": "7f09da813e5b",
            "image_72": "https:\/\/avatars.slack-edge.com\/2020-01-01\/880554116721_7f09da813e5b80b5a0a0_72.jpg",
            "first_name": "",
            "real_name": "Cesar SysCtrl Software",
            "display_name": "Cesar SysCtrl Software",
            "team": "TJH5YU202",
            "name": "sysctrlsoftware",
            "is_restricted": false,
            "is_ultra_restricted": false
        },
        "blocks": [
            {
                "type": "rich_text",
                "block_id": "frj",
                "elements": [
                    {
                        "type": "rich_text_section",
                        "elements": [
                            {
                                "type": "text",
                                "text": "wooo otto impresionante,"
                            }
                        ]
                    }
                ]
            }
        ]
    },
    {
        "client_msg_id": "7d2e006c-6f1f-4784-bc45-0c533dcb806e",
        "type": "message",
        "text": "very, veru good",
        "user": "UK28N3CER",
        "ts": "1574358481.013000",
        "team": "TJH5YU202",
        "user_team": "TJH5YU202",
        "source_team": "TJH5YU202",
        "user_profile": {
            "avatar_hash": "7f09da813e5b",
            "image_72": "https:\/\/avatars.slack-edge.com\/2020-01-01\/880554116721_7f09da813e5b80b5a0a0_72.jpg",
            "first_name": "",
            "real_name": "Cesar SysCtrl Software",
            "display_name": "Cesar SysCtrl Software",
            "team": "TJH5YU202",
            "name": "sysctrlsoftware",
            "is_restricted": false,
            "is_ultra_restricted": false
        },
        "blocks": [
            {
                "type": "rich_text",
                "block_id": "RM3BX",
                "elements": [
                    {
                        "type": "rich_text_section",
                        "elements": [
                            {
                                "type": "text",
                                "text": "very, veru good"
                            }
                        ]
                    }
                ]
            }
        ]
    },
    {
        "client_msg_id": "3d4db0c6-6906-4387-8a5b-fe0126c8b805",
        "type": "message",
        "text": ":+1:",
        "user": "UK28N3CER",
        "ts": "1574358490.013200",
        "team": "TJH5YU202",
        "user_team": "TJH5YU202",
        "source_team": "TJH5YU202",
        "user_profile": {
            "avatar_hash": "7f09da813e5b",
            "image_72": "https:\/\/avatars.slack-edge.com\/2020-01-01\/880554116721_7f09da813e5b80b5a0a0_72.jpg",
            "first_name": "",
            "real_name": "Cesar SysCtrl Software",
            "display_name": "Cesar SysCtrl Software",
            "team": "TJH5YU202",
            "name": "sysctrlsoftware",
            "is_restricted": false,
            "is_ultra_restricted": false
        },
        "blocks": [
            {
                "type": "rich_text",
                "block_id": "qet0p",
                "elements": [
                    {
                        "type": "rich_text_section",
                        "elements": [
                            {
                                "type": "emoji",
                                "name": "+1"
                            }
                        ]
                    }
                ]
            }
        ]
    },
    {
        "client_msg_id": "a1e804a6-8127-463f-bffe-a0ec0c539523",
        "type": "message",
        "text": ":clap:",
        "user": "UK28N3CER",
        "ts": "1574358498.013400",
        "team": "TJH5YU202",
        "user_team": "TJH5YU202",
        "source_team": "TJH5YU202",
        "user_profile": {
            "avatar_hash": "7f09da813e5b",
            "image_72": "https:\/\/avatars.slack-edge.com\/2020-01-01\/880554116721_7f09da813e5b80b5a0a0_72.jpg",
            "first_name": "",
            "real_name": "Cesar SysCtrl Software",
            "display_name": "Cesar SysCtrl Software",
            "team": "TJH5YU202",
            "name": "sysctrlsoftware",
            "is_restricted": false,
            "is_ultra_restricted": false
        },
        "blocks": [
            {
                "type": "rich_text",
                "block_id": "86jFm",
                "elements": [
                    {
                        "type": "rich_text_section",
                        "elements": [
                            {
                                "type": "emoji",
                                "name": "clap"
                            }
                        ]
                    }
                ]
            }
        ]
    },
    {
        "client_msg_id": "21fe9ff1-a439-447e-a5ce-f7d0112e4b9d",
        "type": "message",
        "text": "I added color to  menu elements",
        "user": "UJHD6A81H",
        "ts": "1574358515.013500",
        "team": "TJH5YU202",
        "user_team": "TJH5YU202",
        "source_team": "TJH5YU202",
        "user_profile": {
            "avatar_hash": "g6b8073e00e9",
            "image_72": "https:\/\/secure.gravatar.com\/avatar\/b96b8073e00e9eb02bcf05bc1418eb3a.jpg?s=72&d=https%3A%2F%2Fa.slack-edge.com%2Fdf10d%2Fimg%2Favatars%2Fava_0021-72.png",
            "first_name": "Otto",
            "real_name": "Otto Atzwanger",
            "display_name": "Otto",
            "team": "TJH5YU202",
            "name": "otto",
            "is_restricted": false,
            "is_ultra_restricted": false
        },
        "blocks": [
            {
                "type": "rich_text",
                "block_id": "V+2",
                "elements": [
                    {
                        "type": "rich_text_section",
                        "elements": [
                            {
                                "type": "text",
                                "text": "I added color to  menu elements"
                            }
                        ]
                    }
                ]
            }
        ]
    },
    {
        "client_msg_id": "0f70d6e4-5fcb-4fcd-aee5-0cd5539a401d",
        "type": "message",
        "text": "$-&gt; MENU\\ELEMENT : content = browser2; caption = Serviceliste Küche; color=#ff6666; textColor=text-secondary",
        "user": "UJHD6A81H",
        "ts": "1574358519.013700",
        "team": "TJH5YU202",
        "user_team": "TJH5YU202",
        "source_team": "TJH5YU202",
        "user_profile": {
            "avatar_hash": "g6b8073e00e9",
            "image_72": "https:\/\/secure.gravatar.com\/avatar\/b96b8073e00e9eb02bcf05bc1418eb3a.jpg?s=72&d=https%3A%2F%2Fa.slack-edge.com%2Fdf10d%2Fimg%2Favatars%2Fava_0021-72.png",
            "first_name": "Otto",
            "real_name": "Otto Atzwanger",
            "display_name": "Otto",
            "team": "TJH5YU202",
            "name": "otto",
            "is_restricted": false,
            "is_ultra_restricted": false
        },
        "blocks": [
            {
                "type": "rich_text",
                "block_id": "gua",
                "elements": [
                    {
                        "type": "rich_text_section",
                        "elements": [
                            {
                                "type": "text",
                                "text": "$-> MENU\\ELEMENT : content = browser2; caption = Serviceliste Küche; color=#ff6666; textColor=text-secondary"
                            }
                        ]
                    }
                ]
            }
        ]
    },
    {
        "type": "message",
        "text": "",
        "files": [
            {
                "id": "FQU8B5QLD",
                "created": 1574358547,
                "timestamp": 1574358547,
                "name": "grafik.png",
                "title": "grafik.png",
                "mimetype": "image\/png",
                "filetype": "png",
                "pretty_type": "PNG",
                "user": "UJHD6A81H",
                "editable": false,
                "size": 62436,
                "mode": "hosted",
                "is_external": false,
                "external_type": "",
                "is_public": true,
                "public_url_shared": false,
                "display_as_bot": false,
                "username": "",
                "url_private": "https:\/\/files.slack.com\/files-pri\/TJH5YU202-FQU8B5QLD\/grafik.png?t=xoxe-629202954002-950795328464-950341379620-2ca7f74bb6537751ea5666f8f5e8896e",
                "url_private_download": "https:\/\/files.slack.com\/files-pri\/TJH5YU202-FQU8B5QLD\/download\/grafik.png?t=xoxe-629202954002-950795328464-950341379620-2ca7f74bb6537751ea5666f8f5e8896e",
                "thumb_64": "https:\/\/files.slack.com\/files-tmb\/TJH5YU202-FQU8B5QLD-bfe3bb34cf\/grafik_64.png?t=xoxe-629202954002-950795328464-950341379620-2ca7f74bb6537751ea5666f8f5e8896e",
                "thumb_80": "https:\/\/files.slack.com\/files-tmb\/TJH5YU202-FQU8B5QLD-bfe3bb34cf\/grafik_80.png?t=xoxe-629202954002-950795328464-950341379620-2ca7f74bb6537751ea5666f8f5e8896e",
                "thumb_360": "https:\/\/files.slack.com\/files-tmb\/TJH5YU202-FQU8B5QLD-bfe3bb34cf\/grafik_360.png?t=xoxe-629202954002-950795328464-950341379620-2ca7f74bb6537751ea5666f8f5e8896e",
                "thumb_360_w": 360,
                "thumb_360_h": 245,
                "thumb_480": "https:\/\/files.slack.com\/files-tmb\/TJH5YU202-FQU8B5QLD-bfe3bb34cf\/grafik_480.png?t=xoxe-629202954002-950795328464-950341379620-2ca7f74bb6537751ea5666f8f5e8896e",
                "thumb_480_w": 480,
                "thumb_480_h": 326,
                "thumb_160": "https:\/\/files.slack.com\/files-tmb\/TJH5YU202-FQU8B5QLD-bfe3bb34cf\/grafik_160.png?t=xoxe-629202954002-950795328464-950341379620-2ca7f74bb6537751ea5666f8f5e8896e",
                "thumb_720": "https:\/\/files.slack.com\/files-tmb\/TJH5YU202-FQU8B5QLD-bfe3bb34cf\/grafik_720.png?t=xoxe-629202954002-950795328464-950341379620-2ca7f74bb6537751ea5666f8f5e8896e",
                "thumb_720_w": 720,
                "thumb_720_h": 490,
                "thumb_800": "https:\/\/files.slack.com\/files-tmb\/TJH5YU202-FQU8B5QLD-bfe3bb34cf\/grafik_800.png?t=xoxe-629202954002-950795328464-950341379620-2ca7f74bb6537751ea5666f8f5e8896e",
                "thumb_800_w": 800,
                "thumb_800_h": 544,
                "thumb_960": "https:\/\/files.slack.com\/files-tmb\/TJH5YU202-FQU8B5QLD-bfe3bb34cf\/grafik_960.png?t=xoxe-629202954002-950795328464-950341379620-2ca7f74bb6537751ea5666f8f5e8896e",
                "thumb_960_w": 960,
                "thumb_960_h": 653,
                "thumb_1024": "https:\/\/files.slack.com\/files-tmb\/TJH5YU202-FQU8B5QLD-bfe3bb34cf\/grafik_1024.png?t=xoxe-629202954002-950795328464-950341379620-2ca7f74bb6537751ea5666f8f5e8896e",
                "thumb_1024_w": 1024,
                "thumb_1024_h": 696,
                "image_exif_rotation": 1,
                "original_w": 1309,
                "original_h": 890,
                "thumb_tiny": "AwAgADCmG9aTI9e9Aoz70AOCkgHsfegoQCT0HvS5TaMg5pQV2Pjjj+tIVyPj1oX764PcUZHrSqfnX6imM2Psdv8A88lo+x2\/\/PJanooAx7xFjuCqDCgDgUtiiyTlXG5SvQ0uof8AH230FO03\/j5P+6aALv2O3\/55LQLO3H\/LJanooA\/\/2Q==",
                "permalink": "https:\/\/harbourproject.slack.com\/files\/UJHD6A81H\/FQU8B5QLD\/grafik.png",
                "permalink_public": "https:\/\/slack-files.com\/TJH5YU202-FQU8B5QLD-0d7ad280c0",
                "is_starred": false,
                "has_rich_preview": false
            }
        ],
        "upload": true,
        "user": "UJHD6A81H",
        "display_as_bot": false,
        "ts": "1574358554.014200",
        "client_msg_id": "4e324210-c1f1-4092-9751-1fa229b1af9c"
    },
    {
        "client_msg_id": "15d0bfae-85d4-4c7d-90e3-e6875b007052",
        "type": "message",
        "text": "but it doesn't makes coffee  ... :face_with_monocle:",
        "user": "UM81W8B0Q",
        "ts": "1574358582.014700",
        "team": "TJH5YU202",
        "user_team": "TJH5YU202",
        "source_team": "TJH5YU202",
        "user_profile": {
            "avatar_hash": "gab9279ee8c0",
            "image_72": "https:\/\/secure.gravatar.com\/avatar\/73ab9279ee8c00f66ce4904d30146c8f.jpg?s=72&d=https%3A%2F%2Fa.slack-edge.com%2Fdf10d%2Fimg%2Favatars%2Fava_0010-72.png",
            "first_name": "",
            "real_name": "Angel Pais",
            "display_name": "Angel Pais",
            "team": "TJH5YU202",
            "name": "amigosam",
            "is_restricted": false,
            "is_ultra_restricted": false
        },
        "blocks": [
            {
                "type": "rich_text",
                "block_id": "3DZE",
                "elements": [
                    {
                        "type": "rich_text_section",
                        "elements": [
                            {
                                "type": "text",
                                "text": "but it doesn't makes coffee  ... "
                            },
                            {
                                "type": "emoji",
                                "name": "face_with_monocle"
                            }
                        ]
                    }
                ]
            }
        ]
    },
    {
        "client_msg_id": "a3bf33bd-60d5-44a1-a00a-0bf0f51a8c5a",
        "type": "message",
        "text": "génesis se adapta a cualquier proyecto de gestion.",
        "user": "UK28N3CER",
        "ts": "1574358823.015700",
        "team": "TJH5YU202",
        "user_team": "TJH5YU202",
        "source_team": "TJH5YU202",
        "user_profile": {
            "avatar_hash": "7f09da813e5b",
            "image_72": "https:\/\/avatars.slack-edge.com\/2020-01-01\/880554116721_7f09da813e5b80b5a0a0_72.jpg",
            "first_name": "",
            "real_name": "Cesar SysCtrl Software",
            "display_name": "Cesar SysCtrl Software",
            "team": "TJH5YU202",
            "name": "sysctrlsoftware",
            "is_restricted": false,
            "is_ultra_restricted": false
        },
        "blocks": [
            {
                "type": "rich_text",
                "block_id": "V0l",
                "elements": [
                    {
                        "type": "rich_text_section",
                        "elements": [
                            {
                                "type": "text",
                                "text": "génesis se adapta a cualquier proyecto de gestion."
                            }
                        ]
                    }
                ]
            }
        ]
    },
    {
        "client_msg_id": "ae26665f-c5fc-4d7e-8e15-c223da9302b6",
        "type": "message",
        "text": "Angel, sure it makes coffee. We have interfaces for coffee machines. Here we use eProtocol to exchange data.",
        "user": "UJHD6A81H",
        "ts": "1574358956.016800",
        "team": "TJH5YU202",
        "user_team": "TJH5YU202",
        "source_team": "TJH5YU202",
        "user_profile": {
            "avatar_hash": "g6b8073e00e9",
            "image_72": "https:\/\/secure.gravatar.com\/avatar\/b96b8073e00e9eb02bcf05bc1418eb3a.jpg?s=72&d=https%3A%2F%2Fa.slack-edge.com%2Fdf10d%2Fimg%2Favatars%2Fava_0021-72.png",
            "first_name": "Otto",
            "real_name": "Otto Atzwanger",
            "display_name": "Otto",
            "team": "TJH5YU202",
            "name": "otto",
            "is_restricted": false,
            "is_ultra_restricted": false
        },
        "blocks": [
            {
                "type": "rich_text",
                "block_id": "fDEg",
                "elements": [
                    {
                        "type": "rich_text_section",
                        "elements": [
                            {
                                "type": "text",
                                "text": "Angel, sure it makes coffee. We have interfaces for coffee machines. Here we use eProtocol to exchange data."
                            }
                        ]
                    }
                ]
            }
        ]
    },
    {
        "client_msg_id": "1eb0f3b6-1469-4bd4-af5c-204172e78064",
        "type": "message",
        "text": "eProtocol works with Winsockets.",
        "user": "UJHD6A81H",
        "ts": "1574359110.017200",
        "team": "TJH5YU202",
        "user_team": "TJH5YU202",
        "source_team": "TJH5YU202",
        "user_profile": {
            "avatar_hash": "g6b8073e00e9",
            "image_72": "https:\/\/secure.gravatar.com\/avatar\/b96b8073e00e9eb02bcf05bc1418eb3a.jpg?s=72&d=https%3A%2F%2Fa.slack-edge.com%2Fdf10d%2Fimg%2Favatars%2Fava_0021-72.png",
            "first_name": "Otto",
            "real_name": "Otto Atzwanger",
            "display_name": "Otto",
            "team": "TJH5YU202",
            "name": "otto",
            "is_restricted": false,
            "is_ultra_restricted": false
        },
        "blocks": [
            {
                "type": "rich_text",
                "block_id": "5=U",
                "elements": [
                    {
                        "type": "rich_text_section",
                        "elements": [
                            {
                                "type": "text",
                                "text": "eProtocol works with Winsockets."
                            }
                        ]
                    }
                ]
            }
        ],
        "reactions": [
            {
                "name": "muscle",
                "users": [
                    "UM81W8B0Q"
                ],
                "count": 1
            }
        ]
    },
    {
        "client_msg_id": "8139513a-1363-4d9a-b9ba-9df294c5c228",
        "type": "message",
        "text": "Can it also simulate a universe in the surface of a black hole the size of Jupiter?",
        "user": "UNAHBRTFA",
        "ts": "1574360199.017800",
        "team": "TJH5YU202",
        "user_team": "TJH5YU202",
        "source_team": "TJH5YU202",
        "user_profile": {
            "avatar_hash": "g3d2a3f4c28c",
            "image_72": "https:\/\/secure.gravatar.com\/avatar\/23d2a3f4c28cebb4cf07e48d02620517.jpg?s=72&d=https%3A%2F%2Fa.slack-edge.com%2Fdf10d%2Fimg%2Favatars%2Fava_0020-72.png",
            "first_name": "Andreu",
            "real_name": "Andreu Botella",
            "display_name": "Andreu Botella",
            "team": "TJH5YU202",
            "name": "andreu.132",
            "is_restricted": false,
            "is_ultra_restricted": false
        },
        "blocks": [
            {
                "type": "rich_text",
                "block_id": "b2qX",
                "elements": [
                    {
                        "type": "rich_text_section",
                        "elements": [
                            {
                                "type": "text",
                                "text": "Can it also simulate a universe in the surface of a black hole the size of Jupiter?"
                            }
                        ]
                    }
                ]
            }
        ]
    },
    {
        "client_msg_id": "e6779488-1821-49af-a74c-43b827187afa",
        "type": "message",
        "text": "interfaces are our business",
        "user": "UJHD6A81H",
        "ts": "1574361319.018200",
        "team": "TJH5YU202",
        "user_team": "TJH5YU202",
        "source_team": "TJH5YU202",
        "user_profile": {
            "avatar_hash": "g6b8073e00e9",
            "image_72": "https:\/\/secure.gravatar.com\/avatar\/b96b8073e00e9eb02bcf05bc1418eb3a.jpg?s=72&d=https%3A%2F%2Fa.slack-edge.com%2Fdf10d%2Fimg%2Favatars%2Fava_0021-72.png",
            "first_name": "Otto",
            "real_name": "Otto Atzwanger",
            "display_name": "Otto",
            "team": "TJH5YU202",
            "name": "otto",
            "is_restricted": false,
            "is_ultra_restricted": false
        },
        "blocks": [
            {
                "type": "rich_text",
                "block_id": "Unlme",
                "elements": [
                    {
                        "type": "rich_text_section",
                        "elements": [
                            {
                                "type": "text",
                                "text": "interfaces are our business"
                            }
                        ]
                    }
                ]
            }
        ]
    },
    {
        "client_msg_id": "453cf0d7-d980-40f9-b64c-a1ee7e46c171",
        "type": "message",
        "text": "OTA - OpenTravel Alliance – Wikipedia is the most used for booking like <http:\/\/booking.com|booking.com> exchange. With machines like coffee machines we you FIAS interface.",
        "user": "UJHD6A81H",
        "ts": "1574361495.019600",
        "team": "TJH5YU202",
        "user_team": "TJH5YU202",
        "source_team": "TJH5YU202",
        "user_profile": {
            "avatar_hash": "g6b8073e00e9",
            "image_72": "https:\/\/secure.gravatar.com\/avatar\/b96b8073e00e9eb02bcf05bc1418eb3a.jpg?s=72&d=https%3A%2F%2Fa.slack-edge.com%2Fdf10d%2Fimg%2Favatars%2Fava_0021-72.png",
            "first_name": "Otto",
            "real_name": "Otto Atzwanger",
            "display_name": "Otto",
            "team": "TJH5YU202",
            "name": "otto",
            "is_restricted": false,
            "is_ultra_restricted": false
        },
        "blocks": [
            {
                "type": "rich_text",
                "block_id": "kZkzR",
                "elements": [
                    {
                        "type": "rich_text_section",
                        "elements": [
                            {
                                "type": "text",
                                "text": "OTA - OpenTravel Alliance – Wikipedia is the most used for booking like "
                            },
                            {
                                "type": "link",
                                "url": "http:\/\/booking.com",
                                "text": "booking.com"
                            },
                            {
                                "type": "text",
                                "text": " exchange. With machines like coffee machines we you FIAS interface."
                            }
                        ]
                    }
                ]
            }
        ]
    },
    {
        "type": "message",
        "text": "",
        "files": [
            {
                "id": "FQUATCXS9",
                "created": 1574361511,
                "timestamp": 1574361511,
                "name": "grafik.png",
                "title": "grafik.png",
                "mimetype": "image\/png",
                "filetype": "png",
                "pretty_type": "PNG",
                "user": "UJHD6A81H",
                "editable": false,
                "size": 38716,
                "mode": "hosted",
                "is_external": false,
                "external_type": "",
                "is_public": true,
                "public_url_shared": false,
                "display_as_bot": false,
                "username": "",
                "url_private": "https:\/\/files.slack.com\/files-pri\/TJH5YU202-FQUATCXS9\/grafik.png?t=xoxe-629202954002-950795328464-950341379620-2ca7f74bb6537751ea5666f8f5e8896e",
                "url_private_download": "https:\/\/files.slack.com\/files-pri\/TJH5YU202-FQUATCXS9\/download\/grafik.png?t=xoxe-629202954002-950795328464-950341379620-2ca7f74bb6537751ea5666f8f5e8896e",
                "thumb_64": "https:\/\/files.slack.com\/files-tmb\/TJH5YU202-FQUATCXS9-139c9d02a5\/grafik_64.png?t=xoxe-629202954002-950795328464-950341379620-2ca7f74bb6537751ea5666f8f5e8896e",
                "thumb_80": "https:\/\/files.slack.com\/files-tmb\/TJH5YU202-FQUATCXS9-139c9d02a5\/grafik_80.png?t=xoxe-629202954002-950795328464-950341379620-2ca7f74bb6537751ea5666f8f5e8896e",
                "thumb_360": "https:\/\/files.slack.com\/files-tmb\/TJH5YU202-FQUATCXS9-139c9d02a5\/grafik_360.png?t=xoxe-629202954002-950795328464-950341379620-2ca7f74bb6537751ea5666f8f5e8896e",
                "thumb_360_w": 360,
                "thumb_360_h": 201,
                "thumb_480": "https:\/\/files.slack.com\/files-tmb\/TJH5YU202-FQUATCXS9-139c9d02a5\/grafik_480.png?t=xoxe-629202954002-950795328464-950341379620-2ca7f74bb6537751ea5666f8f5e8896e",
                "thumb_480_w": 480,
                "thumb_480_h": 268,
                "thumb_160": "https:\/\/files.slack.com\/files-tmb\/TJH5YU202-FQUATCXS9-139c9d02a5\/grafik_160.png?t=xoxe-629202954002-950795328464-950341379620-2ca7f74bb6537751ea5666f8f5e8896e",
                "thumb_720": "https:\/\/files.slack.com\/files-tmb\/TJH5YU202-FQUATCXS9-139c9d02a5\/grafik_720.png?t=xoxe-629202954002-950795328464-950341379620-2ca7f74bb6537751ea5666f8f5e8896e",
                "thumb_720_w": 720,
                "thumb_720_h": 402,
                "thumb_800": "https:\/\/files.slack.com\/files-tmb\/TJH5YU202-FQUATCXS9-139c9d02a5\/grafik_800.png?t=xoxe-629202954002-950795328464-950341379620-2ca7f74bb6537751ea5666f8f5e8896e",
                "thumb_800_w": 800,
                "thumb_800_h": 446,
                "thumb_960": "https:\/\/files.slack.com\/files-tmb\/TJH5YU202-FQUATCXS9-139c9d02a5\/grafik_960.png?t=xoxe-629202954002-950795328464-950341379620-2ca7f74bb6537751ea5666f8f5e8896e",
                "thumb_960_w": 960,
                "thumb_960_h": 536,
                "thumb_1024": "https:\/\/files.slack.com\/files-tmb\/TJH5YU202-FQUATCXS9-139c9d02a5\/grafik_1024.png?t=xoxe-629202954002-950795328464-950341379620-2ca7f74bb6537751ea5666f8f5e8896e",
                "thumb_1024_w": 1024,
                "thumb_1024_h": 571,
                "image_exif_rotation": 1,
                "original_w": 1321,
                "original_h": 737,
                "thumb_tiny": "AwAaADDS69qXFNoyaAHYFGKOfWigAwKMUUUAN9KUUtFABRRRQAUUUUAf\/9k=",
                "permalink": "https:\/\/harbourproject.slack.com\/files\/UJHD6A81H\/FQUATCXS9\/grafik.png",
                "permalink_public": "https:\/\/slack-files.com\/TJH5YU202-FQUATCXS9-2de9f4263f",
                "is_starred": false,
                "has_rich_preview": false
            }
        ],
        "upload": true,
        "user": "UJHD6A81H",
        "display_as_bot": false,
        "ts": "1574361517.019700",
        "client_msg_id": "bddfc28a-7b20-4f94-b555-e5696d4f2b1a"
    },
    {
        "type": "message",
        "text": "",
        "files": [
            {
                "id": "FQW6EDRGF",
                "created": 1574361593,
                "timestamp": 1574361593,
                "name": "grafik.png",
                "title": "grafik.png",
                "mimetype": "image\/png",
                "filetype": "png",
                "pretty_type": "PNG",
                "user": "UJHD6A81H",
                "editable": false,
                "size": 13364,
                "mode": "hosted",
                "is_external": false,
                "external_type": "",
                "is_public": true,
                "public_url_shared": false,
                "display_as_bot": false,
                "username": "",
                "url_private": "https:\/\/files.slack.com\/files-pri\/TJH5YU202-FQW6EDRGF\/grafik.png?t=xoxe-629202954002-950795328464-950341379620-2ca7f74bb6537751ea5666f8f5e8896e",
                "url_private_download": "https:\/\/files.slack.com\/files-pri\/TJH5YU202-FQW6EDRGF\/download\/grafik.png?t=xoxe-629202954002-950795328464-950341379620-2ca7f74bb6537751ea5666f8f5e8896e",
                "thumb_64": "https:\/\/files.slack.com\/files-tmb\/TJH5YU202-FQW6EDRGF-8e489da465\/grafik_64.png?t=xoxe-629202954002-950795328464-950341379620-2ca7f74bb6537751ea5666f8f5e8896e",
                "thumb_80": "https:\/\/files.slack.com\/files-tmb\/TJH5YU202-FQW6EDRGF-8e489da465\/grafik_80.png?t=xoxe-629202954002-950795328464-950341379620-2ca7f74bb6537751ea5666f8f5e8896e",
                "thumb_360": "https:\/\/files.slack.com\/files-tmb\/TJH5YU202-FQW6EDRGF-8e489da465\/grafik_360.png?t=xoxe-629202954002-950795328464-950341379620-2ca7f74bb6537751ea5666f8f5e8896e",
                "thumb_360_w": 360,
                "thumb_360_h": 122,
                "thumb_480": "https:\/\/files.slack.com\/files-tmb\/TJH5YU202-FQW6EDRGF-8e489da465\/grafik_480.png?t=xoxe-629202954002-950795328464-950341379620-2ca7f74bb6537751ea5666f8f5e8896e",
                "thumb_480_w": 480,
                "thumb_480_h": 163,
                "thumb_160": "https:\/\/files.slack.com\/files-tmb\/TJH5YU202-FQW6EDRGF-8e489da465\/grafik_160.png?t=xoxe-629202954002-950795328464-950341379620-2ca7f74bb6537751ea5666f8f5e8896e",
                "thumb_720": "https:\/\/files.slack.com\/files-tmb\/TJH5YU202-FQW6EDRGF-8e489da465\/grafik_720.png?t=xoxe-629202954002-950795328464-950341379620-2ca7f74bb6537751ea5666f8f5e8896e",
                "thumb_720_w": 720,
                "thumb_720_h": 244,
                "thumb_800": "https:\/\/files.slack.com\/files-tmb\/TJH5YU202-FQW6EDRGF-8e489da465\/grafik_800.png?t=xoxe-629202954002-950795328464-950341379620-2ca7f74bb6537751ea5666f8f5e8896e",
                "thumb_800_w": 800,
                "thumb_800_h": 271,
                "thumb_960": "https:\/\/files.slack.com\/files-tmb\/TJH5YU202-FQW6EDRGF-8e489da465\/grafik_960.png?t=xoxe-629202954002-950795328464-950341379620-2ca7f74bb6537751ea5666f8f5e8896e",
                "thumb_960_w": 960,
                "thumb_960_h": 325,
                "image_exif_rotation": 1,
                "original_w": 1000,
                "original_h": 339,
                "thumb_tiny": "AwAQADDRyKXcKPwoIzQAZ96Nwo2jGKMe9ABketLkUAUUAf\/Z",
                "permalink": "https:\/\/harbourproject.slack.com\/files\/UJHD6A81H\/FQW6EDRGF\/grafik.png",
                "permalink_public": "https:\/\/slack-files.com\/TJH5YU202-FQW6EDRGF-39c9ede157",
                "is_starred": false,
                "has_rich_preview": false
            }
        ],
        "upload": true,
        "user": "UJHD6A81H",
        "display_as_bot": false,
        "ts": "1574361596.020000",
        "client_msg_id": "d156d315-f7f6-4e6a-b9d0-2a03c667c431"
    },
    {
        "client_msg_id": "a67acd49-ae93-4816-a162-469ec10212d3",
        "type": "message",
        "text": "This is FIVEWIN code. We exchange data through DBF-files or TXT files.",
        "user": "UJHD6A81H",
        "ts": "1574361628.020800",
        "team": "TJH5YU202",
        "user_team": "TJH5YU202",
        "source_team": "TJH5YU202",
        "user_profile": {
            "avatar_hash": "g6b8073e00e9",
            "image_72": "https:\/\/secure.gravatar.com\/avatar\/b96b8073e00e9eb02bcf05bc1418eb3a.jpg?s=72&d=https%3A%2F%2Fa.slack-edge.com%2Fdf10d%2Fimg%2Favatars%2Fava_0021-72.png",
            "first_name": "Otto",
            "real_name": "Otto Atzwanger",
            "display_name": "Otto",
            "team": "TJH5YU202",
            "name": "otto",
            "is_restricted": false,
            "is_ultra_restricted": false
        },
        "blocks": [
            {
                "type": "rich_text",
                "block_id": "3aJi",
                "elements": [
                    {
                        "type": "rich_text_section",
                        "elements": [
                            {
                                "type": "text",
                                "text": "This is FIVEWIN code. We exchange data through DBF-files or TXT files."
                            }
                        ]
                    }
                ]
            }
        ]
    },
    {
        "client_msg_id": "5cb03215-a741-40e4-94ba-4ac03135591f",
        "type": "message",
        "text": "To simulate a universe in the surface of a black hole the size of Jupiter we need the radius - then sure.",
        "user": "UJHD6A81H",
        "ts": "1574361744.021000",
        "team": "TJH5YU202",
        "user_team": "TJH5YU202",
        "source_team": "TJH5YU202",
        "user_profile": {
            "avatar_hash": "g6b8073e00e9",
            "image_72": "https:\/\/secure.gravatar.com\/avatar\/b96b8073e00e9eb02bcf05bc1418eb3a.jpg?s=72&d=https%3A%2F%2Fa.slack-edge.com%2Fdf10d%2Fimg%2Favatars%2Fava_0021-72.png",
            "first_name": "Otto",
            "real_name": "Otto Atzwanger",
            "display_name": "Otto",
            "team": "TJH5YU202",
            "name": "otto",
            "is_restricted": false,
            "is_ultra_restricted": false
        },
        "blocks": [
            {
                "type": "rich_text",
                "block_id": "F5Z+e",
                "elements": [
                    {
                        "type": "rich_text_section",
                        "elements": [
                            {
                                "type": "text",
                                "text": "To simulate a universe in the surface of a black hole the size of Jupiter we need the radius - then sure."
                            }
                        ]
                    }
                ]
            }
        ]
    },
    {
        "client_msg_id": "6d0e271f-8764-4b35-8b33-841a4faa14a9",
        "type": "message",
        "text": "Bon dia Friday",
        "user": "UJWR5N32S",
        "ts": "1574403674.021700",
        "team": "TJH5YU202",
        "user_team": "TJH5YU202",
        "source_team": "TJH5YU202",
        "user_profile": {
            "avatar_hash": "273d3745f7ae",
            "image_72": "https:\/\/avatars.slack-edge.com\/2019-05-20\/634344238497_273d3745f7ae1b176b82_72.jpg",
            "first_name": "Charly",
            "real_name": "Charly",
            "display_name": "Charly",
            "team": "TJH5YU202",
            "name": "carles9000",
            "is_restricted": false,
            "is_ultra_restricted": false
        },
        "blocks": [
            {
                "type": "rich_text",
                "block_id": "d20Bj",
                "elements": [
                    {
                        "type": "rich_text_section",
                        "elements": [
                            {
                                "type": "text",
                                "text": "Bon dia Friday"
                            }
                        ]
                    }
                ]
            }
        ]
    },
    {
        "client_msg_id": "e9a6ab27-00d6-40b7-8b19-759e3d93463a",
        "type": "message",
        "text": "buenos dias :sunny:",
        "user": "UJN8D8U3B",
        "ts": "1574407209.022000",
        "team": "TJH5YU202",
        "user_team": "TJH5YU202",
        "source_team": "TJH5YU202",
        "user_profile": {
            "avatar_hash": "g92ad2abcc45",
            "image_72": "https:\/\/secure.gravatar.com\/avatar\/8492ad2abcc45ce53969adcf8420acde.jpg?s=72&d=https%3A%2F%2Fa.slack-edge.com%2Fdf10d%2Fimg%2Favatars%2Fava_0008-72.png",
            "first_name": "",
            "real_name": "Antonio Linares",
            "display_name": "Antonio Linares",
            "team": "TJH5YU202",
            "name": "alinares",
            "is_restricted": false,
            "is_ultra_restricted": false
        },
        "blocks": [
            {
                "type": "rich_text",
                "block_id": "dg5i",
                "elements": [
                    {
                        "type": "rich_text_section",
                        "elements": [
                            {
                                "type": "text",
                                "text": "buenos dias "
                            },
                            {
                                "type": "emoji",
                                "name": "sunny"
                            }
                        ]
                    }
                ]
            }
        ]
    }
]