[
    {
        "client_msg_id": "4a5bd968-9040-4e3a-9fac-fd282366eed8",
        "type": "message",
        "text": "I posted on the forum a writeup of my talk on XSS last Friday",
        "user": "UNAHBRTFA",
        "ts": "1574928048.197700",
        "team": "TJH5YU202",
        "user_team": "TJH5YU202",
        "source_team": "TJH5YU202",
        "user_profile": {
            "avatar_hash": "g3d2a3f4c28c",
            "image_72": "https:\/\/secure.gravatar.com\/avatar\/23d2a3f4c28cebb4cf07e48d02620517.jpg?s=72&d=https%3A%2F%2Fa.slack-edge.com%2Fdf10d%2Fimg%2Favatars%2Fava_0020-72.png",
            "first_name": "Andreu",
            "real_name": "Andreu Botella",
            "display_name": "Andreu Botella",
            "team": "TJH5YU202",
            "name": "andreu.132",
            "is_restricted": false,
            "is_ultra_restricted": false
        },
        "blocks": [
            {
                "type": "rich_text",
                "block_id": "NFpJ",
                "elements": [
                    {
                        "type": "rich_text_section",
                        "elements": [
                            {
                                "type": "text",
                                "text": "I posted on the forum a writeup of my talk on XSS last Friday"
                            }
                        ]
                    }
                ]
            }
        ]
    },
    {
        "client_msg_id": "e0b144a9-d4a4-4756-8987-d90b01dc388b",
        "type": "message",
        "text": "but nothing about server security",
        "user": "UNAHBRTFA",
        "ts": "1574928056.197900",
        "team": "TJH5YU202",
        "user_team": "TJH5YU202",
        "source_team": "TJH5YU202",
        "user_profile": {
            "avatar_hash": "g3d2a3f4c28c",
            "image_72": "https:\/\/secure.gravatar.com\/avatar\/23d2a3f4c28cebb4cf07e48d02620517.jpg?s=72&d=https%3A%2F%2Fa.slack-edge.com%2Fdf10d%2Fimg%2Favatars%2Fava_0020-72.png",
            "first_name": "Andreu",
            "real_name": "Andreu Botella",
            "display_name": "Andreu Botella",
            "team": "TJH5YU202",
            "name": "andreu.132",
            "is_restricted": false,
            "is_ultra_restricted": false
        },
        "blocks": [
            {
                "type": "rich_text",
                "block_id": "yD5VJ",
                "elements": [
                    {
                        "type": "rich_text_section",
                        "elements": [
                            {
                                "type": "text",
                                "text": "but nothing about server security"
                            }
                        ]
                    }
                ]
            }
        ]
    },
    {
        "client_msg_id": "ae89bab8-4a48-4789-a932-b07e675d6d71",
        "type": "message",
        "text": "exec exe from localhost  Before I knew about mod harbour I was using a PHP web page to send documents to the server. There I had a \"homemade\" webserver which was working against the dbf files and stored the results into TXT files. Now I will change this server to exe Fivewin files.",
        "user": "UJHD6A81H",
        "ts": "1574928522.200600",
        "team": "TJH5YU202",
        "user_team": "TJH5YU202",
        "source_team": "TJH5YU202",
        "user_profile": {
            "avatar_hash": "g6b8073e00e9",
            "image_72": "https:\/\/secure.gravatar.com\/avatar\/b96b8073e00e9eb02bcf05bc1418eb3a.jpg?s=72&d=https%3A%2F%2Fa.slack-edge.com%2Fdf10d%2Fimg%2Favatars%2Fava_0021-72.png",
            "first_name": "Otto",
            "real_name": "Otto Atzwanger",
            "display_name": "Otto",
            "team": "TJH5YU202",
            "name": "otto",
            "is_restricted": false,
            "is_ultra_restricted": false
        },
        "blocks": [
            {
                "type": "rich_text",
                "block_id": "CEw",
                "elements": [
                    {
                        "type": "rich_text_section",
                        "elements": [
                            {
                                "type": "text",
                                "text": "exec exe from localhost  Before I knew about mod harbour I was using a PHP web page to send documents to the server. There I had a \"homemade\" webserver which was working against the dbf files and stored the results into TXT files. Now I will change this server to exe Fivewin files."
                            }
                        ]
                    }
                ]
            }
        ]
    },
    {
        "type": "message",
        "text": "",
        "files": [
            {
                "id": "FQR13UCG3",
                "created": 1574928530,
                "timestamp": 1574928530,
                "name": "grafik.png",
                "title": "grafik.png",
                "mimetype": "image\/png",
                "filetype": "png",
                "pretty_type": "PNG",
                "user": "UJHD6A81H",
                "editable": false,
                "size": 272274,
                "mode": "hosted",
                "is_external": false,
                "external_type": "",
                "is_public": true,
                "public_url_shared": false,
                "display_as_bot": false,
                "username": "",
                "url_private": "https:\/\/files.slack.com\/files-pri\/TJH5YU202-FQR13UCG3\/grafik.png?t=xoxe-629202954002-950795328464-950341379620-2ca7f74bb6537751ea5666f8f5e8896e",
                "url_private_download": "https:\/\/files.slack.com\/files-pri\/TJH5YU202-FQR13UCG3\/download\/grafik.png?t=xoxe-629202954002-950795328464-950341379620-2ca7f74bb6537751ea5666f8f5e8896e",
                "thumb_64": "https:\/\/files.slack.com\/files-tmb\/TJH5YU202-FQR13UCG3-3037fdafa9\/grafik_64.png?t=xoxe-629202954002-950795328464-950341379620-2ca7f74bb6537751ea5666f8f5e8896e",
                "thumb_80": "https:\/\/files.slack.com\/files-tmb\/TJH5YU202-FQR13UCG3-3037fdafa9\/grafik_80.png?t=xoxe-629202954002-950795328464-950341379620-2ca7f74bb6537751ea5666f8f5e8896e",
                "thumb_360": "https:\/\/files.slack.com\/files-tmb\/TJH5YU202-FQR13UCG3-3037fdafa9\/grafik_360.png?t=xoxe-629202954002-950795328464-950341379620-2ca7f74bb6537751ea5666f8f5e8896e",
                "thumb_360_w": 360,
                "thumb_360_h": 292,
                "thumb_480": "https:\/\/files.slack.com\/files-tmb\/TJH5YU202-FQR13UCG3-3037fdafa9\/grafik_480.png?t=xoxe-629202954002-950795328464-950341379620-2ca7f74bb6537751ea5666f8f5e8896e",
                "thumb_480_w": 480,
                "thumb_480_h": 389,
                "thumb_160": "https:\/\/files.slack.com\/files-tmb\/TJH5YU202-FQR13UCG3-3037fdafa9\/grafik_160.png?t=xoxe-629202954002-950795328464-950341379620-2ca7f74bb6537751ea5666f8f5e8896e",
                "thumb_720": "https:\/\/files.slack.com\/files-tmb\/TJH5YU202-FQR13UCG3-3037fdafa9\/grafik_720.png?t=xoxe-629202954002-950795328464-950341379620-2ca7f74bb6537751ea5666f8f5e8896e",
                "thumb_720_w": 720,
                "thumb_720_h": 584,
                "thumb_800": "https:\/\/files.slack.com\/files-tmb\/TJH5YU202-FQR13UCG3-3037fdafa9\/grafik_800.png?t=xoxe-629202954002-950795328464-950341379620-2ca7f74bb6537751ea5666f8f5e8896e",
                "thumb_800_w": 800,
                "thumb_800_h": 649,
                "thumb_960": "https:\/\/files.slack.com\/files-tmb\/TJH5YU202-FQR13UCG3-3037fdafa9\/grafik_960.png?t=xoxe-629202954002-950795328464-950341379620-2ca7f74bb6537751ea5666f8f5e8896e",
                "thumb_960_w": 960,
                "thumb_960_h": 778,
                "thumb_1024": "https:\/\/files.slack.com\/files-tmb\/TJH5YU202-FQR13UCG3-3037fdafa9\/grafik_1024.png?t=xoxe-629202954002-950795328464-950341379620-2ca7f74bb6537751ea5666f8f5e8896e",
                "thumb_1024_w": 1024,
                "thumb_1024_h": 830,
                "image_exif_rotation": 1,
                "original_w": 1358,
                "original_h": 1101,
                "thumb_tiny": "AwAmADDROSeCRSj6k\/WmucEcgU78aAAjPciloooAbk7vanUw53U+gBrn2FL2prrnkDJFOXOORQAp\/GikbkUHpQBGR84NSZApqHOeT+VPxQAYooooAKKKKAE289aWiigD\/9k=",
                "permalink": "https:\/\/harbourproject.slack.com\/files\/UJHD6A81H\/FQR13UCG3\/grafik.png",
                "permalink_public": "https:\/\/slack-files.com\/TJH5YU202-FQR13UCG3-77b2a7a4b5",
                "is_starred": false,
                "has_rich_preview": false
            }
        ],
        "upload": true,
        "user": "UJHD6A81H",
        "display_as_bot": false,
        "ts": "1574928534.200700",
        "client_msg_id": "e39c6c0c-2ede-414a-8226-585a423aeb47"
    },
    {
        "client_msg_id": "449cccca-22b5-4c65-acc4-4aedc7d4952c",
        "type": "message",
        "text": "I think I will integrate the exe execution into my anti Ransomeware program. <http:\/\/forums.fivetechsupport.com\/viewtopic.php?f=3&amp;t=37326&amp;p=222974&amp;hilit=ransomware#p222974>",
        "user": "UJHD6A81H",
        "ts": "1574932713.201800",
        "team": "TJH5YU202",
        "user_team": "TJH5YU202",
        "source_team": "TJH5YU202",
        "user_profile": {
            "avatar_hash": "g6b8073e00e9",
            "image_72": "https:\/\/secure.gravatar.com\/avatar\/b96b8073e00e9eb02bcf05bc1418eb3a.jpg?s=72&d=https%3A%2F%2Fa.slack-edge.com%2Fdf10d%2Fimg%2Favatars%2Fava_0021-72.png",
            "first_name": "Otto",
            "real_name": "Otto Atzwanger",
            "display_name": "Otto",
            "team": "TJH5YU202",
            "name": "otto",
            "is_restricted": false,
            "is_ultra_restricted": false
        },
        "blocks": [
            {
                "type": "rich_text",
                "block_id": "uVe",
                "elements": [
                    {
                        "type": "rich_text_section",
                        "elements": [
                            {
                                "type": "text",
                                "text": "I think I will integrate the exe execution into my anti Ransomeware program. "
                            },
                            {
                                "type": "link",
                                "url": "http:\/\/forums.fivetechsupport.com\/viewtopic.php?f=3&t=37326&p=222974&hilit=ransomware#p222974"
                            }
                        ]
                    }
                ]
            }
        ]
    },
    {
        "client_msg_id": "0c21fc43-f803-4368-80b8-771bbcfa950c",
        "type": "message",
        "text": "<https:\/\/github.com\/tfonrouge\/hbmongoc>",
        "user": "UL77SJTB2",
        "ts": "1574943742.201900",
        "team": "TJH5YU202",
        "user_team": "TJH5YU202",
        "source_team": "TJH5YU202",
        "user_profile": {
            "avatar_hash": "g083d53f16df",
            "image_72": "https:\/\/secure.gravatar.com\/avatar\/6e083d53f16dfeb8acae9b468b891210.jpg?s=72&d=https%3A%2F%2Fa.slack-edge.com%2Fdf10d%2Fimg%2Favatars%2Fava_0016-72.png",
            "first_name": "",
            "real_name": "Pere Cordonet",
            "display_name": "Pere Cordonet",
            "team": "TJH5YU202",
            "name": "perecordonet",
            "is_restricted": false,
            "is_ultra_restricted": false
        },
        "attachments": [
            {
                "service_name": "GitHub",
                "title": "tfonrouge\/hbmongoc",
                "title_link": "https:\/\/github.com\/tfonrouge\/hbmongoc",
                "text": "MongoDb driver for Harbour language (based on mongo-c-driver) - tfonrouge\/hbmongoc",
                "fallback": "GitHub: tfonrouge\/hbmongoc",
                "thumb_url": "https:\/\/avatars2.githubusercontent.com\/u\/1561244?s=400&v=4",
                "from_url": "https:\/\/github.com\/tfonrouge\/hbmongoc",
                "thumb_width": 367,
                "thumb_height": 367,
                "service_icon": "https:\/\/a.slack-edge.com\/80588\/img\/unfurl_icons\/github.png",
                "id": 1,
                "original_url": "https:\/\/github.com\/tfonrouge\/hbmongoc"
            }
        ],
        "blocks": [
            {
                "type": "rich_text",
                "block_id": "lIAO",
                "elements": [
                    {
                        "type": "rich_text_section",
                        "elements": [
                            {
                                "type": "link",
                                "url": "https:\/\/github.com\/tfonrouge\/hbmongoc"
                            }
                        ]
                    }
                ]
            }
        ],
        "thread_ts": "1574907816.194700",
        "parent_user_id": "UJHD0S3FU"
    },
    {
        "client_msg_id": "1c72652e-a91a-42f5-9bd3-d1af13ff8769",
        "type": "message",
        "text": "Existe esta libreria, no la he probado nunca.",
        "user": "UL77SJTB2",
        "ts": "1574943785.202200",
        "team": "TJH5YU202",
        "user_team": "TJH5YU202",
        "source_team": "TJH5YU202",
        "user_profile": {
            "avatar_hash": "g083d53f16df",
            "image_72": "https:\/\/secure.gravatar.com\/avatar\/6e083d53f16dfeb8acae9b468b891210.jpg?s=72&d=https%3A%2F%2Fa.slack-edge.com%2Fdf10d%2Fimg%2Favatars%2Fava_0016-72.png",
            "first_name": "",
            "real_name": "Pere Cordonet",
            "display_name": "Pere Cordonet",
            "team": "TJH5YU202",
            "name": "perecordonet",
            "is_restricted": false,
            "is_ultra_restricted": false
        },
        "blocks": [
            {
                "type": "rich_text",
                "block_id": "u+FC",
                "elements": [
                    {
                        "type": "rich_text_section",
                        "elements": [
                            {
                                "type": "text",
                                "text": "Existe esta libreria, no la he probado nunca."
                            }
                        ]
                    }
                ]
            }
        ],
        "thread_ts": "1574907816.194700",
        "parent_user_id": "UJHD0S3FU"
    },
    {
        "client_msg_id": "1b097353-02b6-4ad3-96f7-0c1519b43d97",
        "type": "message",
        "text": "También esta <https:\/\/github.com\/tfonrouge\/oordb>",
        "user": "UL77SJTB2",
        "ts": "1574943799.202400",
        "team": "TJH5YU202",
        "user_team": "TJH5YU202",
        "source_team": "TJH5YU202",
        "user_profile": {
            "avatar_hash": "g083d53f16df",
            "image_72": "https:\/\/secure.gravatar.com\/avatar\/6e083d53f16dfeb8acae9b468b891210.jpg?s=72&d=https%3A%2F%2Fa.slack-edge.com%2Fdf10d%2Fimg%2Favatars%2Fava_0016-72.png",
            "first_name": "",
            "real_name": "Pere Cordonet",
            "display_name": "Pere Cordonet",
            "team": "TJH5YU202",
            "name": "perecordonet",
            "is_restricted": false,
            "is_ultra_restricted": false
        },
        "attachments": [
            {
                "service_name": "GitHub",
                "title": "tfonrouge\/oordb",
                "title_link": "https:\/\/github.com\/tfonrouge\/oordb",
                "text": "Harbour OORDB is a Object Oriented Relational Database - tfonrouge\/oordb",
                "fallback": "GitHub: tfonrouge\/oordb",
                "thumb_url": "https:\/\/avatars2.githubusercontent.com\/u\/1561244?s=400&v=4",
                "from_url": "https:\/\/github.com\/tfonrouge\/oordb",
                "thumb_width": 367,
                "thumb_height": 367,
                "service_icon": "https:\/\/a.slack-edge.com\/80588\/img\/unfurl_icons\/github.png",
                "id": 1,
                "original_url": "https:\/\/github.com\/tfonrouge\/oordb"
            }
        ],
        "blocks": [
            {
                "type": "rich_text",
                "block_id": "eH0yg",
                "elements": [
                    {
                        "type": "rich_text_section",
                        "elements": [
                            {
                                "type": "text",
                                "text": "También esta "
                            },
                            {
                                "type": "link",
                                "url": "https:\/\/github.com\/tfonrouge\/oordb"
                            }
                        ]
                    }
                ]
            }
        ],
        "thread_ts": "1574907816.194700",
        "parent_user_id": "UJHD0S3FU"
    },
    {
        "client_msg_id": "56ebaf87-2e76-4285-92af-1dbb6b6f7f31",
        "type": "message",
        "text": "Me he acordado de un dia que la vi.",
        "user": "UL77SJTB2",
        "ts": "1574943827.202700",
        "team": "TJH5YU202",
        "user_team": "TJH5YU202",
        "source_team": "TJH5YU202",
        "user_profile": {
            "avatar_hash": "g083d53f16df",
            "image_72": "https:\/\/secure.gravatar.com\/avatar\/6e083d53f16dfeb8acae9b468b891210.jpg?s=72&d=https%3A%2F%2Fa.slack-edge.com%2Fdf10d%2Fimg%2Favatars%2Fava_0016-72.png",
            "first_name": "",
            "real_name": "Pere Cordonet",
            "display_name": "Pere Cordonet",
            "team": "TJH5YU202",
            "name": "perecordonet",
            "is_restricted": false,
            "is_ultra_restricted": false
        },
        "blocks": [
            {
                "type": "rich_text",
                "block_id": "CQjAr",
                "elements": [
                    {
                        "type": "rich_text_section",
                        "elements": [
                            {
                                "type": "text",
                                "text": "Me he acordado de un dia que la vi."
                            }
                        ]
                    }
                ]
            }
        ],
        "thread_ts": "1574907816.194700",
        "parent_user_id": "UJHD0S3FU"
    },
    {
        "client_msg_id": "87597458-4082-45c6-8f1f-bf64a4d61dc2",
        "type": "message",
        "text": "Yo también lo tengo en pendientes de probar hace ya tiempo. Es un tema muy interesante sin duda.",
        "user": "UJUJLTWMT",
        "ts": "1574945565.202900",
        "team": "TJH5YU202",
        "user_team": "TJH5YU202",
        "source_team": "TJH5YU202",
        "user_profile": {
            "avatar_hash": "a60e3b1ef2d2",
            "image_72": "https:\/\/avatars.slack-edge.com\/2019-08-20\/726246109489_a60e3b1ef2d2c141969d_72.jpg",
            "first_name": "",
            "real_name": "Cristobal",
            "display_name": "Cristobal",
            "team": "TJH5YU202",
            "name": "navarro.cristobal",
            "is_restricted": false,
            "is_ultra_restricted": false
        },
        "blocks": [
            {
                "type": "rich_text",
                "block_id": "J1f",
                "elements": [
                    {
                        "type": "rich_text_section",
                        "elements": [
                            {
                                "type": "text",
                                "text": "Yo también lo tengo en pendientes de probar hace ya tiempo. Es un tema muy interesante sin duda."
                            }
                        ]
                    }
                ]
            }
        ],
        "thread_ts": "1574907816.194700",
        "parent_user_id": "UJHD0S3FU"
    }
]