[
    {
        "client_msg_id": "6a809218-4e60-4ddf-bcf7-17b0d442daca",
        "type": "message",
        "text": "Then `-&gt;` without an ampersand before isn't handled in any special way",
        "user": "UNAHBRTFA",
        "ts": "1574496027.048700",
        "team": "TJH5YU202",
        "user_team": "TJH5YU202",
        "source_team": "TJH5YU202",
        "user_profile": {
            "avatar_hash": "g3d2a3f4c28c",
            "image_72": "https:\/\/secure.gravatar.com\/avatar\/23d2a3f4c28cebb4cf07e48d02620517.jpg?s=72&d=https%3A%2F%2Fa.slack-edge.com%2Fdf10d%2Fimg%2Favatars%2Fava_0020-72.png",
            "first_name": "Andreu",
            "real_name": "Andreu Botella",
            "display_name": "Andreu Botella",
            "team": "TJH5YU202",
            "name": "andreu.132",
            "is_restricted": false,
            "is_ultra_restricted": false
        },
        "blocks": [
            {
                "type": "rich_text",
                "block_id": "OL4=",
                "elements": [
                    {
                        "type": "rich_text_section",
                        "elements": [
                            {
                                "type": "text",
                                "text": "Then "
                            },
                            {
                                "type": "text",
                                "text": "->",
                                "style": {
                                    "code": true
                                }
                            },
                            {
                                "type": "text",
                                "text": " without an ampersand before isn't handled in any special way"
                            }
                        ]
                    }
                ]
            }
        ]
    },
    {
        "client_msg_id": "81618715-c16f-48f9-9cca-a521c9fecaab",
        "type": "message",
        "text": "cause I thought I saw it being used in the call yesterday",
        "user": "UNAHBRTFA",
        "ts": "1574496059.049200",
        "team": "TJH5YU202",
        "user_team": "TJH5YU202",
        "source_team": "TJH5YU202",
        "user_profile": {
            "avatar_hash": "g3d2a3f4c28c",
            "image_72": "https:\/\/secure.gravatar.com\/avatar\/23d2a3f4c28cebb4cf07e48d02620517.jpg?s=72&d=https%3A%2F%2Fa.slack-edge.com%2Fdf10d%2Fimg%2Favatars%2Fava_0020-72.png",
            "first_name": "Andreu",
            "real_name": "Andreu Botella",
            "display_name": "Andreu Botella",
            "team": "TJH5YU202",
            "name": "andreu.132",
            "is_restricted": false,
            "is_ultra_restricted": false
        },
        "blocks": [
            {
                "type": "rich_text",
                "block_id": "9DN",
                "elements": [
                    {
                        "type": "rich_text_section",
                        "elements": [
                            {
                                "type": "text",
                                "text": "cause I thought I saw it being used in the call yesterday"
                            }
                        ]
                    }
                ]
            }
        ]
    },
    {
        "client_msg_id": "58ca0c48-0439-4a73-bf34-dc744da45e14",
        "type": "message",
        "text": "-&gt; for HARBOURINO to recognize it must be at the beginning of the line.",
        "user": "UJHD6A81H",
        "ts": "1574496181.050100",
        "team": "TJH5YU202",
        "user_team": "TJH5YU202",
        "source_team": "TJH5YU202",
        "user_profile": {
            "avatar_hash": "g6b8073e00e9",
            "image_72": "https:\/\/secure.gravatar.com\/avatar\/b96b8073e00e9eb02bcf05bc1418eb3a.jpg?s=72&d=https%3A%2F%2Fa.slack-edge.com%2Fdf10d%2Fimg%2Favatars%2Fava_0021-72.png",
            "first_name": "Otto",
            "real_name": "Otto Atzwanger",
            "display_name": "Otto",
            "team": "TJH5YU202",
            "name": "otto",
            "is_restricted": false,
            "is_ultra_restricted": false
        },
        "blocks": [
            {
                "type": "rich_text",
                "block_id": "2a8l",
                "elements": [
                    {
                        "type": "rich_text_section",
                        "elements": [
                            {
                                "type": "text",
                                "text": "-> for HARBOURINO to recognize it must be at the beginning of the line."
                            }
                        ]
                    }
                ]
            }
        ]
    },
    {
        "client_msg_id": "9d2bb023-682c-4d7c-8fa5-bc7b58d44b3a",
        "type": "message",
        "text": "maybe - now as you say it &lt;!--",
        "user": "UJHD6A81H",
        "ts": "1574496203.050600",
        "team": "TJH5YU202",
        "user_team": "TJH5YU202",
        "source_team": "TJH5YU202",
        "user_profile": {
            "avatar_hash": "g6b8073e00e9",
            "image_72": "https:\/\/secure.gravatar.com\/avatar\/b96b8073e00e9eb02bcf05bc1418eb3a.jpg?s=72&d=https%3A%2F%2Fa.slack-edge.com%2Fdf10d%2Fimg%2Favatars%2Fava_0021-72.png",
            "first_name": "Otto",
            "real_name": "Otto Atzwanger",
            "display_name": "Otto",
            "team": "TJH5YU202",
            "name": "otto",
            "is_restricted": false,
            "is_ultra_restricted": false
        },
        "blocks": [
            {
                "type": "rich_text",
                "block_id": "zt7si",
                "elements": [
                    {
                        "type": "rich_text_section",
                        "elements": [
                            {
                                "type": "text",
                                "text": "maybe - now as you say it <!--"
                            }
                        ]
                    }
                ]
            }
        ]
    },
    {
        "client_msg_id": "bf339855-c29a-4b23-af67-3fe83f7b960f",
        "type": "message",
        "text": "--&gt; could be missinterpreted",
        "user": "UJHD6A81H",
        "ts": "1574496243.051100",
        "team": "TJH5YU202",
        "user_team": "TJH5YU202",
        "source_team": "TJH5YU202",
        "user_profile": {
            "avatar_hash": "g6b8073e00e9",
            "image_72": "https:\/\/secure.gravatar.com\/avatar\/b96b8073e00e9eb02bcf05bc1418eb3a.jpg?s=72&d=https%3A%2F%2Fa.slack-edge.com%2Fdf10d%2Fimg%2Favatars%2Fava_0021-72.png",
            "first_name": "Otto",
            "real_name": "Otto Atzwanger",
            "display_name": "Otto",
            "team": "TJH5YU202",
            "name": "otto",
            "is_restricted": false,
            "is_ultra_restricted": false
        },
        "blocks": [
            {
                "type": "rich_text",
                "block_id": "Pfd",
                "elements": [
                    {
                        "type": "rich_text_section",
                        "elements": [
                            {
                                "type": "text",
                                "text": "--> could be missinterpreted"
                            }
                        ]
                    }
                ]
            }
        ]
    },
    {
        "client_msg_id": "cfbcdf18-7636-4fd1-9ff3-86651b741e74",
        "type": "message",
        "text": "no - we do a ALLTRIM() and thn read 2 characters - so no problem",
        "user": "UJHD6A81H",
        "ts": "1574496274.051700",
        "team": "TJH5YU202",
        "user_team": "TJH5YU202",
        "source_team": "TJH5YU202",
        "user_profile": {
            "avatar_hash": "g6b8073e00e9",
            "image_72": "https:\/\/secure.gravatar.com\/avatar\/b96b8073e00e9eb02bcf05bc1418eb3a.jpg?s=72&d=https%3A%2F%2Fa.slack-edge.com%2Fdf10d%2Fimg%2Favatars%2Fava_0021-72.png",
            "first_name": "Otto",
            "real_name": "Otto Atzwanger",
            "display_name": "Otto",
            "team": "TJH5YU202",
            "name": "otto",
            "is_restricted": false,
            "is_ultra_restricted": false
        },
        "blocks": [
            {
                "type": "rich_text",
                "block_id": "fcs",
                "elements": [
                    {
                        "type": "rich_text_section",
                        "elements": [
                            {
                                "type": "text",
                                "text": "no - we do a ALLTRIM() and thn read 2 characters - so no problem"
                            }
                        ]
                    }
                ]
            }
        ]
    },
    {
        "client_msg_id": "cfc8a3e1-2e28-4cae-b7dd-38b40a2f900c",
        "type": "message",
        "text": "ok",
        "user": "UNAHBRTFA",
        "ts": "1574496300.052000",
        "team": "TJH5YU202",
        "user_team": "TJH5YU202",
        "source_team": "TJH5YU202",
        "user_profile": {
            "avatar_hash": "g3d2a3f4c28c",
            "image_72": "https:\/\/secure.gravatar.com\/avatar\/23d2a3f4c28cebb4cf07e48d02620517.jpg?s=72&d=https%3A%2F%2Fa.slack-edge.com%2Fdf10d%2Fimg%2Favatars%2Fava_0020-72.png",
            "first_name": "Andreu",
            "real_name": "Andreu Botella",
            "display_name": "Andreu Botella",
            "team": "TJH5YU202",
            "name": "andreu.132",
            "is_restricted": false,
            "is_ultra_restricted": false
        },
        "blocks": [
            {
                "type": "rich_text",
                "block_id": "BNO1+",
                "elements": [
                    {
                        "type": "rich_text_section",
                        "elements": [
                            {
                                "type": "text",
                                "text": "ok"
                            }
                        ]
                    }
                ]
            }
        ]
    },
    {
        "client_msg_id": "507b5951-198b-42fd-bc79-58137d526ba9",
        "type": "message",
        "text": "then there's the issue of escaping, which I talked about at length afterwards",
        "user": "UNAHBRTFA",
        "ts": "1574496326.052600",
        "team": "TJH5YU202",
        "user_team": "TJH5YU202",
        "source_team": "TJH5YU202",
        "user_profile": {
            "avatar_hash": "g3d2a3f4c28c",
            "image_72": "https:\/\/secure.gravatar.com\/avatar\/23d2a3f4c28cebb4cf07e48d02620517.jpg?s=72&d=https%3A%2F%2Fa.slack-edge.com%2Fdf10d%2Fimg%2Favatars%2Fava_0020-72.png",
            "first_name": "Andreu",
            "real_name": "Andreu Botella",
            "display_name": "Andreu Botella",
            "team": "TJH5YU202",
            "name": "andreu.132",
            "is_restricted": false,
            "is_ultra_restricted": false
        },
        "blocks": [
            {
                "type": "rich_text",
                "block_id": "so2ic",
                "elements": [
                    {
                        "type": "rich_text_section",
                        "elements": [
                            {
                                "type": "text",
                                "text": "then there's the issue of escaping, which I talked about at length afterwards"
                            }
                        ]
                    }
                ]
            }
        ]
    },
    {
        "client_msg_id": "11f5405f-c3b7-4aa0-8ea9-9af9747e21e7",
        "type": "message",
        "text": "I'll be posting writeups on the forum, in both spanish and english",
        "user": "UNAHBRTFA",
        "ts": "1574496346.053200",
        "team": "TJH5YU202",
        "user_team": "TJH5YU202",
        "source_team": "TJH5YU202",
        "user_profile": {
            "avatar_hash": "g3d2a3f4c28c",
            "image_72": "https:\/\/secure.gravatar.com\/avatar\/23d2a3f4c28cebb4cf07e48d02620517.jpg?s=72&d=https%3A%2F%2Fa.slack-edge.com%2Fdf10d%2Fimg%2Favatars%2Fava_0020-72.png",
            "first_name": "Andreu",
            "real_name": "Andreu Botella",
            "display_name": "Andreu Botella",
            "team": "TJH5YU202",
            "name": "andreu.132",
            "is_restricted": false,
            "is_ultra_restricted": false
        },
        "blocks": [
            {
                "type": "rich_text",
                "block_id": "neT",
                "elements": [
                    {
                        "type": "rich_text_section",
                        "elements": [
                            {
                                "type": "text",
                                "text": "I'll be posting writeups on the forum, in both spanish and english"
                            }
                        ]
                    }
                ]
            }
        ]
    },
    {
        "client_msg_id": "5af0b8c6-ef37-4986-8c8b-52132916d669",
        "type": "message",
        "text": "Maybe you know my Autocode for FIVEWIN - you can drag source code to the visual designer and then edit the parameters and paste it back.",
        "user": "UJHD6A81H",
        "ts": "1574496634.054800",
        "team": "TJH5YU202",
        "user_team": "TJH5YU202",
        "source_team": "TJH5YU202",
        "user_profile": {
            "avatar_hash": "g6b8073e00e9",
            "image_72": "https:\/\/secure.gravatar.com\/avatar\/b96b8073e00e9eb02bcf05bc1418eb3a.jpg?s=72&d=https%3A%2F%2Fa.slack-edge.com%2Fdf10d%2Fimg%2Favatars%2Fava_0021-72.png",
            "first_name": "Otto",
            "real_name": "Otto Atzwanger",
            "display_name": "Otto",
            "team": "TJH5YU202",
            "name": "otto",
            "is_restricted": false,
            "is_ultra_restricted": false
        },
        "blocks": [
            {
                "type": "rich_text",
                "block_id": "t9qXU",
                "elements": [
                    {
                        "type": "rich_text_section",
                        "elements": [
                            {
                                "type": "text",
                                "text": "Maybe you know my Autocode for FIVEWIN - you can drag source code to the visual designer and then edit the parameters and paste it back."
                            }
                        ]
                    }
                ]
            }
        ]
    },
    {
        "type": "message",
        "text": "",
        "files": [
            {
                "id": "FQWH8KVG8",
                "created": 1574496640,
                "timestamp": 1574496640,
                "name": "grafik.png",
                "title": "grafik.png",
                "mimetype": "image\/png",
                "filetype": "png",
                "pretty_type": "PNG",
                "user": "UJHD6A81H",
                "editable": false,
                "size": 80985,
                "mode": "hosted",
                "is_external": false,
                "external_type": "",
                "is_public": true,
                "public_url_shared": false,
                "display_as_bot": false,
                "username": "",
                "url_private": "https:\/\/files.slack.com\/files-pri\/TJH5YU202-FQWH8KVG8\/grafik.png?t=xoxe-629202954002-950795328464-950341379620-2ca7f74bb6537751ea5666f8f5e8896e",
                "url_private_download": "https:\/\/files.slack.com\/files-pri\/TJH5YU202-FQWH8KVG8\/download\/grafik.png?t=xoxe-629202954002-950795328464-950341379620-2ca7f74bb6537751ea5666f8f5e8896e",
                "thumb_64": "https:\/\/files.slack.com\/files-tmb\/TJH5YU202-FQWH8KVG8-0b740d37f0\/grafik_64.png?t=xoxe-629202954002-950795328464-950341379620-2ca7f74bb6537751ea5666f8f5e8896e",
                "thumb_80": "https:\/\/files.slack.com\/files-tmb\/TJH5YU202-FQWH8KVG8-0b740d37f0\/grafik_80.png?t=xoxe-629202954002-950795328464-950341379620-2ca7f74bb6537751ea5666f8f5e8896e",
                "thumb_360": "https:\/\/files.slack.com\/files-tmb\/TJH5YU202-FQWH8KVG8-0b740d37f0\/grafik_360.png?t=xoxe-629202954002-950795328464-950341379620-2ca7f74bb6537751ea5666f8f5e8896e",
                "thumb_360_w": 359,
                "thumb_360_h": 360,
                "thumb_480": "https:\/\/files.slack.com\/files-tmb\/TJH5YU202-FQWH8KVG8-0b740d37f0\/grafik_480.png?t=xoxe-629202954002-950795328464-950341379620-2ca7f74bb6537751ea5666f8f5e8896e",
                "thumb_480_w": 478,
                "thumb_480_h": 480,
                "thumb_160": "https:\/\/files.slack.com\/files-tmb\/TJH5YU202-FQWH8KVG8-0b740d37f0\/grafik_160.png?t=xoxe-629202954002-950795328464-950341379620-2ca7f74bb6537751ea5666f8f5e8896e",
                "thumb_720": "https:\/\/files.slack.com\/files-tmb\/TJH5YU202-FQWH8KVG8-0b740d37f0\/grafik_720.png?t=xoxe-629202954002-950795328464-950341379620-2ca7f74bb6537751ea5666f8f5e8896e",
                "thumb_720_w": 718,
                "thumb_720_h": 720,
                "thumb_800": "https:\/\/files.slack.com\/files-tmb\/TJH5YU202-FQWH8KVG8-0b740d37f0\/grafik_800.png?t=xoxe-629202954002-950795328464-950341379620-2ca7f74bb6537751ea5666f8f5e8896e",
                "thumb_800_w": 800,
                "thumb_800_h": 803,
                "thumb_960": "https:\/\/files.slack.com\/files-tmb\/TJH5YU202-FQWH8KVG8-0b740d37f0\/grafik_960.png?t=xoxe-629202954002-950795328464-950341379620-2ca7f74bb6537751ea5666f8f5e8896e",
                "thumb_960_w": 957,
                "thumb_960_h": 960,
                "thumb_1024": "https:\/\/files.slack.com\/files-tmb\/TJH5YU202-FQWH8KVG8-0b740d37f0\/grafik_1024.png?t=xoxe-629202954002-950795328464-950341379620-2ca7f74bb6537751ea5666f8f5e8896e",
                "thumb_1024_w": 1021,
                "thumb_1024_h": 1024,
                "image_exif_rotation": 1,
                "original_w": 1203,
                "original_h": 1207,
                "thumb_tiny": "AwAwAC+9hiBgL+NG2T0j\/Wnj7opRmgCIiQDOE\/Wky\/8AdX8qmPSmAEH71MQ395\/cX8qRS7HAVfxFSYP96lXOeTmgBhLgDaqkY7mjdL\/cT86ev3RTsUXCwzLdwMe1A6n605ulNXvSGOpB1paB1oAQfdFLmmbXwMMv4rRtk\/vr\/wB8\/wD16AHnpTQeTQFfPLKR6BcUu33oAKUdaMGkZWI+UgH3GaAP\/9k=",
                "permalink": "https:\/\/harbourproject.slack.com\/files\/UJHD6A81H\/FQWH8KVG8\/grafik.png",
                "permalink_public": "https:\/\/slack-files.com\/TJH5YU202-FQWH8KVG8-366173aba4",
                "is_starred": false,
                "has_rich_preview": false
            }
        ],
        "upload": true,
        "user": "UJHD6A81H",
        "display_as_bot": false,
        "ts": "1574496644.054900",
        "client_msg_id": "947203e6-963b-448f-8d85-4e8128e55710"
    },
    {
        "client_msg_id": "cadec483-a18f-4b00-8198-4f9e2cb4be7d",
        "type": "message",
        "text": "When I started with TWeb from Charly I tried to adapt AUTOCODE for TWeb\n<http:\/\/itarraco.com\/tweb.forum\/search.php?keywords=autocode>\n\nNow I will try to adapt AUTOCODE to HARBOURINO",
        "user": "UJHD6A81H",
        "ts": "1574497508.056100",
        "team": "TJH5YU202",
        "user_team": "TJH5YU202",
        "source_team": "TJH5YU202",
        "user_profile": {
            "avatar_hash": "g6b8073e00e9",
            "image_72": "https:\/\/secure.gravatar.com\/avatar\/b96b8073e00e9eb02bcf05bc1418eb3a.jpg?s=72&d=https%3A%2F%2Fa.slack-edge.com%2Fdf10d%2Fimg%2Favatars%2Fava_0021-72.png",
            "first_name": "Otto",
            "real_name": "Otto Atzwanger",
            "display_name": "Otto",
            "team": "TJH5YU202",
            "name": "otto",
            "is_restricted": false,
            "is_ultra_restricted": false
        },
        "blocks": [
            {
                "type": "rich_text",
                "block_id": "RNc",
                "elements": [
                    {
                        "type": "rich_text_section",
                        "elements": [
                            {
                                "type": "text",
                                "text": "When I started with TWeb from Charly I tried to adapt AUTOCODE for TWeb\n"
                            },
                            {
                                "type": "link",
                                "url": "http:\/\/itarraco.com\/tweb.forum\/search.php?keywords=autocode"
                            },
                            {
                                "type": "text",
                                "text": "\n\nNow I will try to adapt AUTOCODE to HARBOURINO"
                            }
                        ]
                    }
                ]
            }
        ]
    },
    {
        "type": "message",
        "text": "Autocode for Harbourino will work",
        "files": [
            {
                "id": "FQHQRLLSE",
                "created": 1574503366,
                "timestamp": 1574503366,
                "name": "grafik.png",
                "title": "grafik.png",
                "mimetype": "image\/png",
                "filetype": "png",
                "pretty_type": "PNG",
                "user": "UJHD6A81H",
                "editable": false,
                "size": 57233,
                "mode": "hosted",
                "is_external": false,
                "external_type": "",
                "is_public": true,
                "public_url_shared": false,
                "display_as_bot": false,
                "username": "",
                "url_private": "https:\/\/files.slack.com\/files-pri\/TJH5YU202-FQHQRLLSE\/grafik.png?t=xoxe-629202954002-950795328464-950341379620-2ca7f74bb6537751ea5666f8f5e8896e",
                "url_private_download": "https:\/\/files.slack.com\/files-pri\/TJH5YU202-FQHQRLLSE\/download\/grafik.png?t=xoxe-629202954002-950795328464-950341379620-2ca7f74bb6537751ea5666f8f5e8896e",
                "thumb_64": "https:\/\/files.slack.com\/files-tmb\/TJH5YU202-FQHQRLLSE-3968c907e6\/grafik_64.png?t=xoxe-629202954002-950795328464-950341379620-2ca7f74bb6537751ea5666f8f5e8896e",
                "thumb_80": "https:\/\/files.slack.com\/files-tmb\/TJH5YU202-FQHQRLLSE-3968c907e6\/grafik_80.png?t=xoxe-629202954002-950795328464-950341379620-2ca7f74bb6537751ea5666f8f5e8896e",
                "thumb_360": "https:\/\/files.slack.com\/files-tmb\/TJH5YU202-FQHQRLLSE-3968c907e6\/grafik_360.png?t=xoxe-629202954002-950795328464-950341379620-2ca7f74bb6537751ea5666f8f5e8896e",
                "thumb_360_w": 360,
                "thumb_360_h": 308,
                "thumb_480": "https:\/\/files.slack.com\/files-tmb\/TJH5YU202-FQHQRLLSE-3968c907e6\/grafik_480.png?t=xoxe-629202954002-950795328464-950341379620-2ca7f74bb6537751ea5666f8f5e8896e",
                "thumb_480_w": 480,
                "thumb_480_h": 411,
                "thumb_160": "https:\/\/files.slack.com\/files-tmb\/TJH5YU202-FQHQRLLSE-3968c907e6\/grafik_160.png?t=xoxe-629202954002-950795328464-950341379620-2ca7f74bb6537751ea5666f8f5e8896e",
                "thumb_720": "https:\/\/files.slack.com\/files-tmb\/TJH5YU202-FQHQRLLSE-3968c907e6\/grafik_720.png?t=xoxe-629202954002-950795328464-950341379620-2ca7f74bb6537751ea5666f8f5e8896e",
                "thumb_720_w": 720,
                "thumb_720_h": 617,
                "thumb_800": "https:\/\/files.slack.com\/files-tmb\/TJH5YU202-FQHQRLLSE-3968c907e6\/grafik_800.png?t=xoxe-629202954002-950795328464-950341379620-2ca7f74bb6537751ea5666f8f5e8896e",
                "thumb_800_w": 800,
                "thumb_800_h": 685,
                "image_exif_rotation": 1,
                "original_w": 912,
                "original_h": 781,
                "thumb_tiny": "AwApADC7hvQfnR8xPTFSt0pe1AEIDdyDShckZH61JmjOaAG7E6YoKKASBzTsc5xS0AMZxyOfypPNX0b8qQgljigZPpT0FqL5i+jflSh1JAGfypNppQCGFAD6KKKQxmDnNAUg5xTh0NLQAnNHcUtIeooAWiiigD\/\/2Q==",
                "permalink": "https:\/\/harbourproject.slack.com\/files\/UJHD6A81H\/FQHQRLLSE\/grafik.png",
                "permalink_public": "https:\/\/slack-files.com\/TJH5YU202-FQHQRLLSE-a994880eab",
                "is_starred": false,
                "has_rich_preview": false
            }
        ],
        "upload": true,
        "blocks": [
            {
                "type": "rich_text",
                "block_id": "a6m",
                "elements": [
                    {
                        "type": "rich_text_section",
                        "elements": [
                            {
                                "type": "text",
                                "text": "Autocode for Harbourino will work"
                            }
                        ]
                    }
                ]
            }
        ],
        "user": "UJHD6A81H",
        "display_as_bot": false,
        "ts": "1574503369.056200",
        "client_msg_id": "1851c75b-c303-4bc4-8097-6fe668b26405"
    },
    {
        "client_msg_id": "92fed90c-6ee9-425f-a2e5-a8eda16466ab",
        "type": "message",
        "text": "This will be two way !!!",
        "user": "UJHD6A81H",
        "ts": "1574503437.056800",
        "team": "TJH5YU202",
        "user_team": "TJH5YU202",
        "source_team": "TJH5YU202",
        "user_profile": {
            "avatar_hash": "g6b8073e00e9",
            "image_72": "https:\/\/secure.gravatar.com\/avatar\/b96b8073e00e9eb02bcf05bc1418eb3a.jpg?s=72&d=https%3A%2F%2Fa.slack-edge.com%2Fdf10d%2Fimg%2Favatars%2Fava_0021-72.png",
            "first_name": "Otto",
            "real_name": "Otto Atzwanger",
            "display_name": "Otto",
            "team": "TJH5YU202",
            "name": "otto",
            "is_restricted": false,
            "is_ultra_restricted": false
        },
        "blocks": [
            {
                "type": "rich_text",
                "block_id": "VE16k",
                "elements": [
                    {
                        "type": "rich_text_section",
                        "elements": [
                            {
                                "type": "text",
                                "text": "This will be two way !!!"
                            }
                        ]
                    }
                ]
            }
        ]
    },
    {
        "client_msg_id": "386d6616-4242-4d92-8d47-bd6e452dc289",
        "type": "message",
        "text": "I start on the most common used form elements",
        "user": "UJHD6A81H",
        "ts": "1574503945.057200",
        "team": "TJH5YU202",
        "user_team": "TJH5YU202",
        "source_team": "TJH5YU202",
        "user_profile": {
            "avatar_hash": "g6b8073e00e9",
            "image_72": "https:\/\/secure.gravatar.com\/avatar\/b96b8073e00e9eb02bcf05bc1418eb3a.jpg?s=72&d=https%3A%2F%2Fa.slack-edge.com%2Fdf10d%2Fimg%2Favatars%2Fava_0021-72.png",
            "first_name": "Otto",
            "real_name": "Otto Atzwanger",
            "display_name": "Otto",
            "team": "TJH5YU202",
            "name": "otto",
            "is_restricted": false,
            "is_ultra_restricted": false
        },
        "blocks": [
            {
                "type": "rich_text",
                "block_id": "fSGN",
                "elements": [
                    {
                        "type": "rich_text_section",
                        "elements": [
                            {
                                "type": "text",
                                "text": "I start on the most common used form elements"
                            }
                        ]
                    }
                ]
            }
        ]
    },
    {
        "type": "message",
        "text": "",
        "files": [
            {
                "id": "FQWJG5V9N",
                "created": 1574503961,
                "timestamp": 1574503961,
                "name": "grafik.png",
                "title": "grafik.png",
                "mimetype": "image\/png",
                "filetype": "png",
                "pretty_type": "PNG",
                "user": "UJHD6A81H",
                "editable": false,
                "size": 6802,
                "mode": "hosted",
                "is_external": false,
                "external_type": "",
                "is_public": true,
                "public_url_shared": false,
                "display_as_bot": false,
                "username": "",
                "url_private": "https:\/\/files.slack.com\/files-pri\/TJH5YU202-FQWJG5V9N\/grafik.png?t=xoxe-629202954002-950795328464-950341379620-2ca7f74bb6537751ea5666f8f5e8896e",
                "url_private_download": "https:\/\/files.slack.com\/files-pri\/TJH5YU202-FQWJG5V9N\/download\/grafik.png?t=xoxe-629202954002-950795328464-950341379620-2ca7f74bb6537751ea5666f8f5e8896e",
                "thumb_64": "https:\/\/files.slack.com\/files-tmb\/TJH5YU202-FQWJG5V9N-cf172a4934\/grafik_64.png?t=xoxe-629202954002-950795328464-950341379620-2ca7f74bb6537751ea5666f8f5e8896e",
                "thumb_80": "https:\/\/files.slack.com\/files-tmb\/TJH5YU202-FQWJG5V9N-cf172a4934\/grafik_80.png?t=xoxe-629202954002-950795328464-950341379620-2ca7f74bb6537751ea5666f8f5e8896e",
                "thumb_360": "https:\/\/files.slack.com\/files-tmb\/TJH5YU202-FQWJG5V9N-cf172a4934\/grafik_360.png?t=xoxe-629202954002-950795328464-950341379620-2ca7f74bb6537751ea5666f8f5e8896e",
                "thumb_360_w": 330,
                "thumb_360_h": 259,
                "thumb_160": "https:\/\/files.slack.com\/files-tmb\/TJH5YU202-FQWJG5V9N-cf172a4934\/grafik_160.png?t=xoxe-629202954002-950795328464-950341379620-2ca7f74bb6537751ea5666f8f5e8896e",
                "image_exif_rotation": 1,
                "original_w": 330,
                "original_h": 259,
                "thumb_tiny": "AwAlADC35bsBhsUeVJ\/f\/SnhsAcgcUu846j9adyeVEXlSf3\/ANKURSE\/6zpU45Gc0i\/fai4cqITBIf8Alpj6Uw28oy3mnA7ZNW6a\/wBxvpS3KWmwzOMfT+9inKTk45\/4FTCwGAWxx6ClR1zneB9cCnYVyQEnqMfjR3pPMT++v50oIJyDmkMWkf7h+lLSP9w\/SgCudh5KnP1own90\/nSUVdyA2R\/3D\/31UiuEGAvH1qOik9QJfO\/2f1pDLkEY6+9R0UWHc\/\/Z",
                "permalink": "https:\/\/harbourproject.slack.com\/files\/UJHD6A81H\/FQWJG5V9N\/grafik.png",
                "permalink_public": "https:\/\/slack-files.com\/TJH5YU202-FQWJG5V9N-1684a2d7e7",
                "is_starred": false,
                "has_rich_preview": false
            }
        ],
        "upload": true,
        "user": "UJHD6A81H",
        "display_as_bot": false,
        "ts": "1574503962.057300",
        "client_msg_id": "0318798c-fc7c-4184-ada6-e48e5f933c2b"
    },
    {
        "client_msg_id": "445ae33f-4cfd-41c9-aa4e-a176e5ba371a",
        "type": "message",
        "text": "I'm sure when I work on AUTOCODE, I get used to the Document Object Model.",
        "user": "UJHD6A81H",
        "ts": "1574504108.057700",
        "team": "TJH5YU202",
        "user_team": "TJH5YU202",
        "source_team": "TJH5YU202",
        "user_profile": {
            "avatar_hash": "g6b8073e00e9",
            "image_72": "https:\/\/secure.gravatar.com\/avatar\/b96b8073e00e9eb02bcf05bc1418eb3a.jpg?s=72&d=https%3A%2F%2Fa.slack-edge.com%2Fdf10d%2Fimg%2Favatars%2Fava_0021-72.png",
            "first_name": "Otto",
            "real_name": "Otto Atzwanger",
            "display_name": "Otto",
            "team": "TJH5YU202",
            "name": "otto",
            "is_restricted": false,
            "is_ultra_restricted": false
        },
        "blocks": [
            {
                "type": "rich_text",
                "block_id": "udnI",
                "elements": [
                    {
                        "type": "rich_text_section",
                        "elements": [
                            {
                                "type": "text",
                                "text": "I'm sure when I work on AUTOCODE, I get used to the Document Object Model."
                            }
                        ]
                    }
                ]
            }
        ]
    },
    {
        "client_msg_id": "415a6005-4f01-4039-a98f-83f8f828f5c1",
        "type": "message",
        "text": "I hope AUTOCODE for Harbourino will help me with web programming as much as autocode for FIVEWIN.",
        "user": "UJHD6A81H",
        "ts": "1574504267.058100",
        "team": "TJH5YU202",
        "user_team": "TJH5YU202",
        "source_team": "TJH5YU202",
        "user_profile": {
            "avatar_hash": "g6b8073e00e9",
            "image_72": "https:\/\/secure.gravatar.com\/avatar\/b96b8073e00e9eb02bcf05bc1418eb3a.jpg?s=72&d=https%3A%2F%2Fa.slack-edge.com%2Fdf10d%2Fimg%2Favatars%2Fava_0021-72.png",
            "first_name": "Otto",
            "real_name": "Otto Atzwanger",
            "display_name": "Otto",
            "team": "TJH5YU202",
            "name": "otto",
            "is_restricted": false,
            "is_ultra_restricted": false
        },
        "blocks": [
            {
                "type": "rich_text",
                "block_id": "eSy+",
                "elements": [
                    {
                        "type": "rich_text_section",
                        "elements": [
                            {
                                "type": "text",
                                "text": "I hope AUTOCODE for Harbourino will help me with web programming as much as autocode for FIVEWIN."
                            }
                        ]
                    }
                ]
            }
        ]
    },
    {
        "client_msg_id": "00DF52B6-D8FA-4D34-99A7-6B266474AFE1",
        "type": "message",
        "text": "Si",
        "user": "UJRQZMTAM",
        "ts": "1574505587.058300",
        "team": "TJH5YU202",
        "user_team": "TJH5YU202",
        "source_team": "TJH5YU202",
        "user_profile": {
            "avatar_hash": "0d8c567df084",
            "image_72": "https:\/\/avatars.slack-edge.com\/2019-11-22\/834908722243_0d8c567df084bf59d639_72.png",
            "first_name": "Diego",
            "real_name": "Diego F",
            "display_name": "Diego F",
            "team": "TJH5YU202",
            "name": "diegohfazio",
            "is_restricted": false,
            "is_ultra_restricted": false
        },
        "thread_ts": "1574448522.033100",
        "parent_user_id": "UK28N3CER"
    },
    {
        "client_msg_id": "b4ad6cb8-963b-4100-8bf7-c42ddbff8dd7",
        "type": "message",
        "text": "buenos dias",
        "user": "UJXP7LS78",
        "ts": "1574514434.058700",
        "team": "TJH5YU202",
        "user_team": "TJH5YU202",
        "source_team": "TJH5YU202",
        "user_profile": {
            "avatar_hash": "gc4a0baebb72",
            "image_72": "https:\/\/secure.gravatar.com\/avatar\/a1c4a0baebb720b97e5a197259dbf409.jpg?s=72&d=https%3A%2F%2Fa.slack-edge.com%2Fdf10d%2Fimg%2Favatars%2Fava_0007-72.png",
            "first_name": "",
            "real_name": "wilson gamboa",
            "display_name": "wilson gamboa",
            "team": "TJH5YU202",
            "name": "wilson.josenet",
            "is_restricted": false,
            "is_ultra_restricted": false
        },
        "blocks": [
            {
                "type": "rich_text",
                "block_id": "Jnp4",
                "elements": [
                    {
                        "type": "rich_text_section",
                        "elements": [
                            {
                                "type": "text",
                                "text": "buenos dias"
                            }
                        ]
                    }
                ]
            }
        ]
    },
    {
        "client_msg_id": "d714939f-6686-4776-96d4-81bcc587e3c8",
        "type": "message",
        "text": "Charly estas ?",
        "user": "UJXP7LS78",
        "ts": "1574514444.059000",
        "team": "TJH5YU202",
        "user_team": "TJH5YU202",
        "source_team": "TJH5YU202",
        "user_profile": {
            "avatar_hash": "gc4a0baebb72",
            "image_72": "https:\/\/secure.gravatar.com\/avatar\/a1c4a0baebb720b97e5a197259dbf409.jpg?s=72&d=https%3A%2F%2Fa.slack-edge.com%2Fdf10d%2Fimg%2Favatars%2Fava_0007-72.png",
            "first_name": "",
            "real_name": "wilson gamboa",
            "display_name": "wilson gamboa",
            "team": "TJH5YU202",
            "name": "wilson.josenet",
            "is_restricted": false,
            "is_ultra_restricted": false
        },
        "blocks": [
            {
                "type": "rich_text",
                "block_id": "5a4A",
                "elements": [
                    {
                        "type": "rich_text_section",
                        "elements": [
                            {
                                "type": "text",
                                "text": "Charly estas ?"
                            }
                        ]
                    }
                ]
            }
        ]
    },
    {
        "client_msg_id": "abf14e2f-08ba-4984-a714-23dd52d696b3",
        "type": "message",
        "text": "Antonio muchas gracias tu ayuda ya tengo todo un fuerte abrazo !!",
        "user": "UJXP7LS78",
        "ts": "1574514462.059400",
        "team": "TJH5YU202",
        "user_team": "TJH5YU202",
        "source_team": "TJH5YU202",
        "user_profile": {
            "avatar_hash": "gc4a0baebb72",
            "image_72": "https:\/\/secure.gravatar.com\/avatar\/a1c4a0baebb720b97e5a197259dbf409.jpg?s=72&d=https%3A%2F%2Fa.slack-edge.com%2Fdf10d%2Fimg%2Favatars%2Fava_0007-72.png",
            "first_name": "",
            "real_name": "wilson gamboa",
            "display_name": "wilson gamboa",
            "team": "TJH5YU202",
            "name": "wilson.josenet",
            "is_restricted": false,
            "is_ultra_restricted": false
        },
        "blocks": [
            {
                "type": "rich_text",
                "block_id": "\/kW",
                "elements": [
                    {
                        "type": "rich_text_section",
                        "elements": [
                            {
                                "type": "text",
                                "text": "Antonio muchas gracias tu ayuda ya tengo todo un fuerte abrazo !!"
                            }
                        ]
                    }
                ]
            }
        ]
    },
    {
        "client_msg_id": "f23161ef-172c-4ed3-9b3c-4bdc75e3a9b5",
        "type": "message",
        "text": "Buenas",
        "user": "UK28N3CER",
        "ts": "1574516671.059700",
        "team": "TJH5YU202",
        "user_team": "TJH5YU202",
        "source_team": "TJH5YU202",
        "user_profile": {
            "avatar_hash": "7f09da813e5b",
            "image_72": "https:\/\/avatars.slack-edge.com\/2020-01-01\/880554116721_7f09da813e5b80b5a0a0_72.jpg",
            "first_name": "",
            "real_name": "Cesar SysCtrl Software",
            "display_name": "Cesar SysCtrl Software",
            "team": "TJH5YU202",
            "name": "sysctrlsoftware",
            "is_restricted": false,
            "is_ultra_restricted": false
        }
    },
    {
        "client_msg_id": "927bce8a-a3b4-4b19-8191-909c80c2fa97",
        "type": "message",
        "text": ":+1: :thumbsup_all:",
        "user": "UK28N3CER",
        "ts": "1574516680.059800",
        "team": "TJH5YU202",
        "user_team": "TJH5YU202",
        "source_team": "TJH5YU202",
        "user_profile": {
            "avatar_hash": "7f09da813e5b",
            "image_72": "https:\/\/avatars.slack-edge.com\/2020-01-01\/880554116721_7f09da813e5b80b5a0a0_72.jpg",
            "first_name": "",
            "real_name": "Cesar SysCtrl Software",
            "display_name": "Cesar SysCtrl Software",
            "team": "TJH5YU202",
            "name": "sysctrlsoftware",
            "is_restricted": false,
            "is_ultra_restricted": false
        }
    },
    {
        "client_msg_id": "5565dfab-7265-41b1-973b-8333c5fe43e7",
        "type": "message",
        "text": "<@UNAHBRTFA>, muy buen post de nociones de seguridad web en el foro !  Gracias.",
        "user": "UM81W8B0Q",
        "ts": "1574519815.060900",
        "team": "TJH5YU202",
        "user_team": "TJH5YU202",
        "source_team": "TJH5YU202",
        "user_profile": {
            "avatar_hash": "gab9279ee8c0",
            "image_72": "https:\/\/secure.gravatar.com\/avatar\/73ab9279ee8c00f66ce4904d30146c8f.jpg?s=72&d=https%3A%2F%2Fa.slack-edge.com%2Fdf10d%2Fimg%2Favatars%2Fava_0010-72.png",
            "first_name": "",
            "real_name": "Angel Pais",
            "display_name": "Angel Pais",
            "team": "TJH5YU202",
            "name": "amigosam",
            "is_restricted": false,
            "is_ultra_restricted": false
        },
        "blocks": [
            {
                "type": "rich_text",
                "block_id": "e8gj9",
                "elements": [
                    {
                        "type": "rich_text_section",
                        "elements": [
                            {
                                "type": "user",
                                "user_id": "UNAHBRTFA"
                            },
                            {
                                "type": "text",
                                "text": ", muy buen post de nociones de seguridad web en el foro !  Gracias."
                            }
                        ]
                    }
                ]
            }
        ]
    },
    {
        "client_msg_id": "277820a7-ae9e-45e8-9fce-1853f5803850",
        "type": "message",
        "text": "<@UM81W8B0Q> Estaba escribiendo un post de XSS para poner en el tema",
        "user": "UNAHBRTFA",
        "ts": "1574520783.061700",
        "team": "TJH5YU202",
        "user_team": "TJH5YU202",
        "source_team": "TJH5YU202",
        "user_profile": {
            "avatar_hash": "g3d2a3f4c28c",
            "image_72": "https:\/\/secure.gravatar.com\/avatar\/23d2a3f4c28cebb4cf07e48d02620517.jpg?s=72&d=https%3A%2F%2Fa.slack-edge.com%2Fdf10d%2Fimg%2Favatars%2Fava_0020-72.png",
            "first_name": "Andreu",
            "real_name": "Andreu Botella",
            "display_name": "Andreu Botella",
            "team": "TJH5YU202",
            "name": "andreu.132",
            "is_restricted": false,
            "is_ultra_restricted": false
        },
        "blocks": [
            {
                "type": "rich_text",
                "block_id": "GOYbA",
                "elements": [
                    {
                        "type": "rich_text_section",
                        "elements": [
                            {
                                "type": "user",
                                "user_id": "UM81W8B0Q"
                            },
                            {
                                "type": "text",
                                "text": " Estaba escribiendo un post de XSS para poner en el tema"
                            }
                        ]
                    }
                ]
            }
        ]
    },
    {
        "client_msg_id": "8876a726-32a5-4547-932a-bea58f1bddc6",
        "type": "message",
        "text": "Buenísimo !",
        "user": "UM81W8B0Q",
        "ts": "1574522557.062000",
        "team": "TJH5YU202",
        "user_team": "TJH5YU202",
        "source_team": "TJH5YU202",
        "user_profile": {
            "avatar_hash": "gab9279ee8c0",
            "image_72": "https:\/\/secure.gravatar.com\/avatar\/73ab9279ee8c00f66ce4904d30146c8f.jpg?s=72&d=https%3A%2F%2Fa.slack-edge.com%2Fdf10d%2Fimg%2Favatars%2Fava_0010-72.png",
            "first_name": "",
            "real_name": "Angel Pais",
            "display_name": "Angel Pais",
            "team": "TJH5YU202",
            "name": "amigosam",
            "is_restricted": false,
            "is_ultra_restricted": false
        },
        "blocks": [
            {
                "type": "rich_text",
                "block_id": "=+1",
                "elements": [
                    {
                        "type": "rich_text_section",
                        "elements": [
                            {
                                "type": "text",
                                "text": "Buenísimo !"
                            }
                        ]
                    }
                ]
            }
        ]
    },
    {
        "client_msg_id": "f211de8b-76f5-403b-aa8c-c3e972d2d9c8",
        "type": "message",
        "text": "Harbour Core ? o el de FWH.",
        "user": "UK28N3CER",
        "ts": "1574532621.062900",
        "team": "TJH5YU202",
        "user_team": "TJH5YU202",
        "source_team": "TJH5YU202",
        "user_profile": {
            "avatar_hash": "7f09da813e5b",
            "image_72": "https:\/\/avatars.slack-edge.com\/2020-01-01\/880554116721_7f09da813e5b80b5a0a0_72.jpg",
            "first_name": "",
            "real_name": "Cesar SysCtrl Software",
            "display_name": "Cesar SysCtrl Software",
            "team": "TJH5YU202",
            "name": "sysctrlsoftware",
            "is_restricted": false,
            "is_ultra_restricted": false
        },
        "blocks": [
            {
                "type": "rich_text",
                "block_id": "6Lj8C",
                "elements": [
                    {
                        "type": "rich_text_section",
                        "elements": [
                            {
                                "type": "text",
                                "text": "Harbour Core ? o el de FWH."
                            }
                        ]
                    }
                ]
            }
        ],
        "thread_ts": "1574448522.033100",
        "parent_user_id": "UK28N3CER"
    },
    {
        "client_msg_id": "60b9289c-de91-4c9f-a9ff-d53d5c83c792",
        "type": "message",
        "text": "Gracias Andreu !!! Muy bueno",
        "user": "UJULAGJG5",
        "ts": "1574533623.064100",
        "team": "TJH5YU202",
        "user_team": "TJH5YU202",
        "source_team": "TJH5YU202",
        "user_profile": {
            "avatar_hash": "g456e0b2cdb9",
            "image_72": "https:\/\/secure.gravatar.com\/avatar\/dc456e0b2cdb991048d487a08c4a8c7a.jpg?s=72&d=https%3A%2F%2Fa.slack-edge.com%2Fdf10d%2Fimg%2Favatars%2Fava_0004-72.png",
            "first_name": "",
            "real_name": "Gabriel",
            "display_name": "Gabriel",
            "team": "TJH5YU202",
            "name": "jgabri",
            "is_restricted": false,
            "is_ultra_restricted": false
        }
    },
    {
        "client_msg_id": "b45a7c2a-9403-4991-8801-39b71fc933a9",
        "type": "message",
        "text": "Autocode - the breakthrough is successful -\nAutocode works - web programming is as easy with Harbourino and Autocode as with Fivewin.",
        "user": "UJHD6A81H",
        "ts": "1574537022.064300",
        "team": "TJH5YU202",
        "user_team": "TJH5YU202",
        "source_team": "TJH5YU202",
        "user_profile": {
            "avatar_hash": "g6b8073e00e9",
            "image_72": "https:\/\/secure.gravatar.com\/avatar\/b96b8073e00e9eb02bcf05bc1418eb3a.jpg?s=72&d=https%3A%2F%2Fa.slack-edge.com%2Fdf10d%2Fimg%2Favatars%2Fava_0021-72.png",
            "first_name": "Otto",
            "real_name": "Otto Atzwanger",
            "display_name": "Otto",
            "team": "TJH5YU202",
            "name": "otto",
            "is_restricted": false,
            "is_ultra_restricted": false
        },
        "blocks": [
            {
                "type": "rich_text",
                "block_id": "9M\/R",
                "elements": [
                    {
                        "type": "rich_text_section",
                        "elements": [
                            {
                                "type": "text",
                                "text": "Autocode - the breakthrough is successful -\nAutocode works - web programming is as easy with Harbourino and Autocode as with Fivewin."
                            }
                        ]
                    }
                ]
            }
        ]
    },
    {
        "client_msg_id": "f8d055bd-6182-4c33-a282-97117acbff89",
        "type": "message",
        "text": "Good topic candidate for next friday !",
        "user": "UM81W8B0Q",
        "ts": "1574539819.065600",
        "team": "TJH5YU202",
        "user_team": "TJH5YU202",
        "source_team": "TJH5YU202",
        "user_profile": {
            "avatar_hash": "gab9279ee8c0",
            "image_72": "https:\/\/secure.gravatar.com\/avatar\/73ab9279ee8c00f66ce4904d30146c8f.jpg?s=72&d=https%3A%2F%2Fa.slack-edge.com%2Fdf10d%2Fimg%2Favatars%2Fava_0010-72.png",
            "first_name": "",
            "real_name": "Angel Pais",
            "display_name": "Angel Pais",
            "team": "TJH5YU202",
            "name": "amigosam",
            "is_restricted": false,
            "is_ultra_restricted": false
        },
        "blocks": [
            {
                "type": "rich_text",
                "block_id": "EAY=",
                "elements": [
                    {
                        "type": "rich_text_section",
                        "elements": [
                            {
                                "type": "text",
                                "text": "Good topic candidate for next friday !"
                            }
                        ]
                    }
                ]
            }
        ]
    },
    {
        "type": "message",
        "text": "Autocode 4 mod harbour",
        "files": [
            {
                "id": "FQWSK05RT",
                "created": 1574547257,
                "timestamp": 1574547257,
                "name": "Autocode4web.mp4",
                "title": "Autocode4web.mp4",
                "mimetype": "video\/mp4",
                "filetype": "mp4",
                "pretty_type": "MPEG 4 Video",
                "user": "UJHD6A81H",
                "editable": false,
                "size": 8915294,
                "mode": "hosted",
                "is_external": false,
                "external_type": "",
                "is_public": true,
                "public_url_shared": false,
                "display_as_bot": false,
                "username": "",
                "url_private": "https:\/\/files.slack.com\/files-pri\/TJH5YU202-FQWSK05RT\/autocode4web.mp4?t=xoxe-629202954002-950795328464-950341379620-2ca7f74bb6537751ea5666f8f5e8896e",
                "url_private_download": "https:\/\/files.slack.com\/files-pri\/TJH5YU202-FQWSK05RT\/download\/autocode4web.mp4?t=xoxe-629202954002-950795328464-950341379620-2ca7f74bb6537751ea5666f8f5e8896e",
                "thumb_video": "https:\/\/files.slack.com\/files-tmb\/TJH5YU202-FQWSK05RT-7ccc2da01d\/autocode4web_thumb_video.jpeg?t=xoxe-629202954002-950795328464-950341379620-2ca7f74bb6537751ea5666f8f5e8896e",
                "permalink": "https:\/\/harbourproject.slack.com\/files\/UJHD6A81H\/FQWSK05RT\/autocode4web.mp4",
                "permalink_public": "https:\/\/slack-files.com\/TJH5YU202-FQWSK05RT-9999090bb1",
                "is_starred": false,
                "has_rich_preview": false
            }
        ],
        "upload": true,
        "blocks": [
            {
                "type": "rich_text",
                "block_id": "rCRL6",
                "elements": [
                    {
                        "type": "rich_text_section",
                        "elements": [
                            {
                                "type": "text",
                                "text": "Autocode 4 mod harbour"
                            }
                        ]
                    }
                ]
            }
        ],
        "user": "UJHD6A81H",
        "display_as_bot": false,
        "ts": "1574547259.066100",
        "client_msg_id": "61710627-f5c4-4cb7-9525-f25e5d3e4508",
        "reactions": [
            {
                "name": "clap",
                "users": [
                    "UM81W8B0Q",
                    "UJUJLTWMT",
                    "UJULAGJG5"
                ],
                "count": 3
            },
            {
                "name": "pray",
                "users": [
                    "UK28N3CER",
                    "UJULAGJG5"
                ],
                "count": 2
            }
        ]
    }
]