[
    {
        "client_msg_id": "32627170-86cb-4c7c-aebd-cae21bfa705e",
        "type": "message",
        "text": "Buenos días !!",
        "user": "UJULAGJG5",
        "ts": "1575188094.233200",
        "team": "TJH5YU202",
        "user_team": "TJH5YU202",
        "source_team": "TJH5YU202",
        "user_profile": {
            "avatar_hash": "g456e0b2cdb9",
            "image_72": "https:\/\/secure.gravatar.com\/avatar\/dc456e0b2cdb991048d487a08c4a8c7a.jpg?s=72&d=https%3A%2F%2Fa.slack-edge.com%2Fdf10d%2Fimg%2Favatars%2Fava_0004-72.png",
            "first_name": "",
            "real_name": "Gabriel",
            "display_name": "Gabriel",
            "team": "TJH5YU202",
            "name": "jgabri",
            "is_restricted": false,
            "is_ultra_restricted": false
        }
    },
    {
        "type": "message",
        "text": "",
        "files": [
            {
                "id": "FR52YQ8DN",
                "created": 1575201134,
                "timestamp": 1575201134,
                "name": "grafik.png",
                "title": "grafik.png",
                "mimetype": "image\/png",
                "filetype": "png",
                "pretty_type": "PNG",
                "user": "UJHD6A81H",
                "editable": false,
                "size": 31030,
                "mode": "hosted",
                "is_external": false,
                "external_type": "",
                "is_public": true,
                "public_url_shared": false,
                "display_as_bot": false,
                "username": "",
                "url_private": "https:\/\/files.slack.com\/files-pri\/TJH5YU202-FR52YQ8DN\/grafik.png?t=xoxe-629202954002-950795328464-950341379620-2ca7f74bb6537751ea5666f8f5e8896e",
                "url_private_download": "https:\/\/files.slack.com\/files-pri\/TJH5YU202-FR52YQ8DN\/download\/grafik.png?t=xoxe-629202954002-950795328464-950341379620-2ca7f74bb6537751ea5666f8f5e8896e",
                "thumb_64": "https:\/\/files.slack.com\/files-tmb\/TJH5YU202-FR52YQ8DN-e48e528efd\/grafik_64.png?t=xoxe-629202954002-950795328464-950341379620-2ca7f74bb6537751ea5666f8f5e8896e",
                "thumb_80": "https:\/\/files.slack.com\/files-tmb\/TJH5YU202-FR52YQ8DN-e48e528efd\/grafik_80.png?t=xoxe-629202954002-950795328464-950341379620-2ca7f74bb6537751ea5666f8f5e8896e",
                "thumb_360": "https:\/\/files.slack.com\/files-tmb\/TJH5YU202-FR52YQ8DN-e48e528efd\/grafik_360.png?t=xoxe-629202954002-950795328464-950341379620-2ca7f74bb6537751ea5666f8f5e8896e",
                "thumb_360_w": 360,
                "thumb_360_h": 184,
                "thumb_480": "https:\/\/files.slack.com\/files-tmb\/TJH5YU202-FR52YQ8DN-e48e528efd\/grafik_480.png?t=xoxe-629202954002-950795328464-950341379620-2ca7f74bb6537751ea5666f8f5e8896e",
                "thumb_480_w": 480,
                "thumb_480_h": 246,
                "thumb_160": "https:\/\/files.slack.com\/files-tmb\/TJH5YU202-FR52YQ8DN-e48e528efd\/grafik_160.png?t=xoxe-629202954002-950795328464-950341379620-2ca7f74bb6537751ea5666f8f5e8896e",
                "thumb_720": "https:\/\/files.slack.com\/files-tmb\/TJH5YU202-FR52YQ8DN-e48e528efd\/grafik_720.png?t=xoxe-629202954002-950795328464-950341379620-2ca7f74bb6537751ea5666f8f5e8896e",
                "thumb_720_w": 720,
                "thumb_720_h": 369,
                "thumb_800": "https:\/\/files.slack.com\/files-tmb\/TJH5YU202-FR52YQ8DN-e48e528efd\/grafik_800.png?t=xoxe-629202954002-950795328464-950341379620-2ca7f74bb6537751ea5666f8f5e8896e",
                "thumb_800_w": 800,
                "thumb_800_h": 409,
                "thumb_960": "https:\/\/files.slack.com\/files-tmb\/TJH5YU202-FR52YQ8DN-e48e528efd\/grafik_960.png?t=xoxe-629202954002-950795328464-950341379620-2ca7f74bb6537751ea5666f8f5e8896e",
                "thumb_960_w": 960,
                "thumb_960_h": 491,
                "thumb_1024": "https:\/\/files.slack.com\/files-tmb\/TJH5YU202-FR52YQ8DN-e48e528efd\/grafik_1024.png?t=xoxe-629202954002-950795328464-950341379620-2ca7f74bb6537751ea5666f8f5e8896e",
                "thumb_1024_w": 1024,
                "thumb_1024_h": 524,
                "image_exif_rotation": 1,
                "original_w": 1307,
                "original_h": 669,
                "thumb_tiny": "AwAYADCYxP6j\/vqk8t\/b\/vurIUHr39qXyx\/kUgsiptYj7y4\/3xRsf+8v\/fQqyYlGAFHPtS+UM9B+Qp6CsVNjgZLrj\/eFL5bkgErz23CrXlAjG0Y+gpGjwC2BkDjigLEq\/dH0paRfuj6UtAxp++tOpD95aWgApsn+rb6U6kf7jfSgD\/\/Z",
                "permalink": "https:\/\/harbourproject.slack.com\/files\/UJHD6A81H\/FR52YQ8DN\/grafik.png",
                "permalink_public": "https:\/\/slack-files.com\/TJH5YU202-FR52YQ8DN-ea30c1fcb7",
                "is_starred": false,
                "has_rich_preview": false
            }
        ],
        "upload": true,
        "user": "UJHD6A81H",
        "display_as_bot": false,
        "ts": "1575201137.233800",
        "client_msg_id": "3002715b-b14a-46c9-94c7-d48e96035086"
    },
    {
        "client_msg_id": "8ff4b932-4c4f-4041-a151-fda821b65fd9",
        "type": "message",
        "text": "good morning",
        "user": "UJHD6A81H",
        "ts": "1575272304.234200",
        "team": "TJH5YU202",
        "user_team": "TJH5YU202",
        "source_team": "TJH5YU202",
        "user_profile": {
            "avatar_hash": "g6b8073e00e9",
            "image_72": "https:\/\/secure.gravatar.com\/avatar\/b96b8073e00e9eb02bcf05bc1418eb3a.jpg?s=72&d=https%3A%2F%2Fa.slack-edge.com%2Fdf10d%2Fimg%2Favatars%2Fava_0021-72.png",
            "first_name": "Otto",
            "real_name": "Otto Atzwanger",
            "display_name": "Otto",
            "team": "TJH5YU202",
            "name": "otto",
            "is_restricted": false,
            "is_ultra_restricted": false
        },
        "blocks": [
            {
                "type": "rich_text",
                "block_id": "xLH",
                "elements": [
                    {
                        "type": "rich_text_section",
                        "elements": [
                            {
                                "type": "text",
                                "text": "good morning"
                            }
                        ]
                    }
                ]
            }
        ]
    },
    {
        "client_msg_id": "9e331067-7ebb-4542-b5e6-4d74d3a529fc",
        "type": "message",
        "text": "extended dashboard for Genesis",
        "user": "UJHD6A81H",
        "ts": "1575272315.234500",
        "team": "TJH5YU202",
        "user_team": "TJH5YU202",
        "source_team": "TJH5YU202",
        "user_profile": {
            "avatar_hash": "g6b8073e00e9",
            "image_72": "https:\/\/secure.gravatar.com\/avatar\/b96b8073e00e9eb02bcf05bc1418eb3a.jpg?s=72&d=https%3A%2F%2Fa.slack-edge.com%2Fdf10d%2Fimg%2Favatars%2Fava_0021-72.png",
            "first_name": "Otto",
            "real_name": "Otto Atzwanger",
            "display_name": "Otto",
            "team": "TJH5YU202",
            "name": "otto",
            "is_restricted": false,
            "is_ultra_restricted": false
        },
        "blocks": [
            {
                "type": "rich_text",
                "block_id": "Kg6uD",
                "elements": [
                    {
                        "type": "rich_text_section",
                        "elements": [
                            {
                                "type": "text",
                                "text": "extended dashboard for Genesis"
                            }
                        ]
                    }
                ]
            }
        ]
    },
    {
        "type": "message",
        "text": "",
        "files": [
            {
                "id": "FR555MJNQ",
                "created": 1575272319,
                "timestamp": 1575272319,
                "name": "grafik.png",
                "title": "grafik.png",
                "mimetype": "image\/png",
                "filetype": "png",
                "pretty_type": "PNG",
                "user": "UJHD6A81H",
                "editable": false,
                "size": 174070,
                "mode": "hosted",
                "is_external": false,
                "external_type": "",
                "is_public": true,
                "public_url_shared": false,
                "display_as_bot": false,
                "username": "",
                "url_private": "https:\/\/files.slack.com\/files-pri\/TJH5YU202-FR555MJNQ\/grafik.png?t=xoxe-629202954002-950795328464-950341379620-2ca7f74bb6537751ea5666f8f5e8896e",
                "url_private_download": "https:\/\/files.slack.com\/files-pri\/TJH5YU202-FR555MJNQ\/download\/grafik.png?t=xoxe-629202954002-950795328464-950341379620-2ca7f74bb6537751ea5666f8f5e8896e",
                "thumb_64": "https:\/\/files.slack.com\/files-tmb\/TJH5YU202-FR555MJNQ-cb7e4ce4bd\/grafik_64.png?t=xoxe-629202954002-950795328464-950341379620-2ca7f74bb6537751ea5666f8f5e8896e",
                "thumb_80": "https:\/\/files.slack.com\/files-tmb\/TJH5YU202-FR555MJNQ-cb7e4ce4bd\/grafik_80.png?t=xoxe-629202954002-950795328464-950341379620-2ca7f74bb6537751ea5666f8f5e8896e",
                "thumb_360": "https:\/\/files.slack.com\/files-tmb\/TJH5YU202-FR555MJNQ-cb7e4ce4bd\/grafik_360.png?t=xoxe-629202954002-950795328464-950341379620-2ca7f74bb6537751ea5666f8f5e8896e",
                "thumb_360_w": 360,
                "thumb_360_h": 280,
                "thumb_480": "https:\/\/files.slack.com\/files-tmb\/TJH5YU202-FR555MJNQ-cb7e4ce4bd\/grafik_480.png?t=xoxe-629202954002-950795328464-950341379620-2ca7f74bb6537751ea5666f8f5e8896e",
                "thumb_480_w": 480,
                "thumb_480_h": 374,
                "thumb_160": "https:\/\/files.slack.com\/files-tmb\/TJH5YU202-FR555MJNQ-cb7e4ce4bd\/grafik_160.png?t=xoxe-629202954002-950795328464-950341379620-2ca7f74bb6537751ea5666f8f5e8896e",
                "thumb_720": "https:\/\/files.slack.com\/files-tmb\/TJH5YU202-FR555MJNQ-cb7e4ce4bd\/grafik_720.png?t=xoxe-629202954002-950795328464-950341379620-2ca7f74bb6537751ea5666f8f5e8896e",
                "thumb_720_w": 720,
                "thumb_720_h": 561,
                "thumb_800": "https:\/\/files.slack.com\/files-tmb\/TJH5YU202-FR555MJNQ-cb7e4ce4bd\/grafik_800.png?t=xoxe-629202954002-950795328464-950341379620-2ca7f74bb6537751ea5666f8f5e8896e",
                "thumb_800_w": 800,
                "thumb_800_h": 623,
                "thumb_960": "https:\/\/files.slack.com\/files-tmb\/TJH5YU202-FR555MJNQ-cb7e4ce4bd\/grafik_960.png?t=xoxe-629202954002-950795328464-950341379620-2ca7f74bb6537751ea5666f8f5e8896e",
                "thumb_960_w": 960,
                "thumb_960_h": 748,
                "thumb_1024": "https:\/\/files.slack.com\/files-tmb\/TJH5YU202-FR555MJNQ-cb7e4ce4bd\/grafik_1024.png?t=xoxe-629202954002-950795328464-950341379620-2ca7f74bb6537751ea5666f8f5e8896e",
                "thumb_1024_w": 1024,
                "thumb_1024_h": 797,
                "image_exif_rotation": 1,
                "original_w": 1695,
                "original_h": 1320,
                "thumb_tiny": "AwAlADCuJ5iwHnPycdats0IYg3c2Qcdf\/rVRX\/WL9RSyEedJn+8f51V2xF3fD\/z+Tfn\/APWo3w\/8\/k35\/wD1qpBlxjFAKj3piuXd0P8Az9zfn\/8AWpyCN2AW6mJ9M\/8A1qpZX0qe2IM6\/j\/KgLlVfvr9RW35cZPKL\/3yKw1++v1Fb3eoKGeXHn\/Vr+Qo8uMfwKf+AipKKAI\/Ljx9xR+AoKIo4UZ9QKkpG+6aAMVYvnHPf0rYLc1lj7w+taR6igB26gt7UlBoAXd7UFsjpTTR2oA\/\/9k=",
                "permalink": "https:\/\/harbourproject.slack.com\/files\/UJHD6A81H\/FR555MJNQ\/grafik.png",
                "permalink_public": "https:\/\/slack-files.com\/TJH5YU202-FR555MJNQ-4461edb3e5",
                "is_starred": false,
                "has_rich_preview": false
            }
        ],
        "upload": true,
        "user": "UJHD6A81H",
        "display_as_bot": false,
        "ts": "1575272324.234600",
        "client_msg_id": "40482fd0-6c0c-485e-a34a-f89f167c026b"
    },
    {
        "client_msg_id": "ae1e4ed5-a04f-47d6-8243-ff4e8d5cfee6",
        "type": "message",
        "text": "*Now I am thinking about how to* write an if condition in HTML",
        "user": "UJHD6A81H",
        "ts": "1575272424.235300",
        "team": "TJH5YU202",
        "user_team": "TJH5YU202",
        "source_team": "TJH5YU202",
        "user_profile": {
            "avatar_hash": "g6b8073e00e9",
            "image_72": "https:\/\/secure.gravatar.com\/avatar\/b96b8073e00e9eb02bcf05bc1418eb3a.jpg?s=72&d=https%3A%2F%2Fa.slack-edge.com%2Fdf10d%2Fimg%2Favatars%2Fava_0021-72.png",
            "first_name": "Otto",
            "real_name": "Otto Atzwanger",
            "display_name": "Otto",
            "team": "TJH5YU202",
            "name": "otto",
            "is_restricted": false,
            "is_ultra_restricted": false
        },
        "blocks": [
            {
                "type": "rich_text",
                "block_id": "CQf5",
                "elements": [
                    {
                        "type": "rich_text_section",
                        "elements": [
                            {
                                "type": "text",
                                "text": "Now I am thinking about how to",
                                "style": {
                                    "bold": true
                                }
                            },
                            {
                                "type": "text",
                                "text": " write an if condition in HTML"
                            }
                        ]
                    }
                ]
            }
        ]
    },
    {
        "client_msg_id": "6484ec0b-e47a-4192-a61d-5eac8c16d984",
        "type": "message",
        "text": "Maybe it is best to build a if condition into Harbourino",
        "user": "UJHD6A81H",
        "ts": "1575272453.236000",
        "team": "TJH5YU202",
        "user_team": "TJH5YU202",
        "source_team": "TJH5YU202",
        "user_profile": {
            "avatar_hash": "g6b8073e00e9",
            "image_72": "https:\/\/secure.gravatar.com\/avatar\/b96b8073e00e9eb02bcf05bc1418eb3a.jpg?s=72&d=https%3A%2F%2Fa.slack-edge.com%2Fdf10d%2Fimg%2Favatars%2Fava_0021-72.png",
            "first_name": "Otto",
            "real_name": "Otto Atzwanger",
            "display_name": "Otto",
            "team": "TJH5YU202",
            "name": "otto",
            "is_restricted": false,
            "is_ultra_restricted": false
        },
        "blocks": [
            {
                "type": "rich_text",
                "block_id": "+7UoU",
                "elements": [
                    {
                        "type": "rich_text_section",
                        "elements": [
                            {
                                "type": "text",
                                "text": "Maybe it is best to build a if condition into Harbourino"
                            }
                        ]
                    }
                ]
            }
        ]
    },
    {
        "client_msg_id": "5597c540-65cc-49fd-ae39-73fb241f974b",
        "type": "message",
        "text": "At the moment I use different Harbourino-include files:",
        "user": "UJHD6A81H",
        "ts": "1575272488.236700",
        "team": "TJH5YU202",
        "user_team": "TJH5YU202",
        "source_team": "TJH5YU202",
        "user_profile": {
            "avatar_hash": "g6b8073e00e9",
            "image_72": "https:\/\/secure.gravatar.com\/avatar\/b96b8073e00e9eb02bcf05bc1418eb3a.jpg?s=72&d=https%3A%2F%2Fa.slack-edge.com%2Fdf10d%2Fimg%2Favatars%2Fava_0021-72.png",
            "first_name": "Otto",
            "real_name": "Otto Atzwanger",
            "display_name": "Otto",
            "team": "TJH5YU202",
            "name": "otto",
            "is_restricted": false,
            "is_ultra_restricted": false
        },
        "blocks": [
            {
                "type": "rich_text",
                "block_id": "mL\/",
                "elements": [
                    {
                        "type": "rich_text_section",
                        "elements": [
                            {
                                "type": "text",
                                "text": "At the moment I use different Harbourino-include files:"
                            }
                        ]
                    }
                ]
            }
        ]
    },
    {
        "client_msg_id": "4b09ff4b-9c09-4f44-9e84-69b8f70ed6d8",
        "type": "message",
        "text": "&lt;div class=\"row\"&gt;\n      &lt;div class=\"col-lg-4\"&gt;\n          $-&gt; DASHBOARD\\CHART : id=lineChartExample; category=\"Hotelumsatz\";   title=\"Shipped Products\"; menu1=\"Action\"; menu2=\"Another action\"; menu3=\"Something else here\"; menu4=\"Remove Data\"; refreshInfo=\" Just Updated\"\n      &lt;\/div&gt;\n      &lt;div class=\"col-lg-4 col-md-6\"&gt;\n            $-&gt; DASHBOARD\\CHART : id=lineChartExampleWithNumbersAndGrid; category=\"2019 Verkäufe\";   title=\"Alle Produkte\"; menu1=\"myAction\"; menu2=\"Another action\"; menu3=\"Something else here\"; menu4=\"Remove Data\"; refreshInfo=\" Just Updated\"\n      &lt;\/div&gt;\n      &lt;div class=\"col-lg-4 col-md-6\"&gt;\n          $-&gt; DASHBOARD\\CHARTNOMENU : id=barChartSimpleGradientsNumbers; category=\"Email Statistics\";   title=\"24 Hours Performance\";  refreshInfo=\" Just Updated\"\n      &lt;\/div&gt;\n    &lt;\/div&gt;",
        "user": "UJHD6A81H",
        "ts": "1575272522.236900",
        "team": "TJH5YU202",
        "user_team": "TJH5YU202",
        "source_team": "TJH5YU202",
        "user_profile": {
            "avatar_hash": "g6b8073e00e9",
            "image_72": "https:\/\/secure.gravatar.com\/avatar\/b96b8073e00e9eb02bcf05bc1418eb3a.jpg?s=72&d=https%3A%2F%2Fa.slack-edge.com%2Fdf10d%2Fimg%2Favatars%2Fava_0021-72.png",
            "first_name": "Otto",
            "real_name": "Otto Atzwanger",
            "display_name": "Otto",
            "team": "TJH5YU202",
            "name": "otto",
            "is_restricted": false,
            "is_ultra_restricted": false
        },
        "blocks": [
            {
                "type": "rich_text",
                "block_id": "gz7",
                "elements": [
                    {
                        "type": "rich_text_section",
                        "elements": [
                            {
                                "type": "text",
                                "text": "<div class=\"row\">\n      <div class=\"col-lg-4\">\n          $-> DASHBOARD\\CHART : id=lineChartExample; category=\"Hotelumsatz\";   title=\"Shipped Products\"; menu1=\"Action\"; menu2=\"Another action\"; menu3=\"Something else here\"; menu4=\"Remove Data\"; refreshInfo=\" Just Updated\"\n      <\/div>\n      <div class=\"col-lg-4 col-md-6\">\n            $-> DASHBOARD\\CHART : id=lineChartExampleWithNumbersAndGrid; category=\"2019 Verkäufe\";   title=\"Alle Produkte\"; menu1=\"myAction\"; menu2=\"Another action\"; menu3=\"Something else here\"; menu4=\"Remove Data\"; refreshInfo=\" Just Updated\"\n      <\/div>\n      <div class=\"col-lg-4 col-md-6\">\n          $-> DASHBOARD\\CHARTNOMENU : id=barChartSimpleGradientsNumbers; category=\"Email Statistics\";   title=\"24 Hours Performance\";  refreshInfo=\" Just Updated\"\n      <\/div>\n    <\/div>"
                            }
                        ]
                    }
                ]
            }
        ]
    },
    {
        "client_msg_id": "2da7a770-9271-4e0f-b823-ec4205e1db75",
        "type": "message",
        "text": "The include files look like this:",
        "user": "UJHD6A81H",
        "ts": "1575272738.237200",
        "team": "TJH5YU202",
        "user_team": "TJH5YU202",
        "source_team": "TJH5YU202",
        "user_profile": {
            "avatar_hash": "g6b8073e00e9",
            "image_72": "https:\/\/secure.gravatar.com\/avatar\/b96b8073e00e9eb02bcf05bc1418eb3a.jpg?s=72&d=https%3A%2F%2Fa.slack-edge.com%2Fdf10d%2Fimg%2Favatars%2Fava_0021-72.png",
            "first_name": "Otto",
            "real_name": "Otto Atzwanger",
            "display_name": "Otto",
            "team": "TJH5YU202",
            "name": "otto",
            "is_restricted": false,
            "is_ultra_restricted": false
        },
        "blocks": [
            {
                "type": "rich_text",
                "block_id": "npIjm",
                "elements": [
                    {
                        "type": "rich_text_section",
                        "elements": [
                            {
                                "type": "text",
                                "text": "The include files look like this:"
                            }
                        ]
                    }
                ]
            }
        ]
    },
    {
        "type": "message",
        "text": "",
        "files": [
            {
                "id": "FQXLTNDUH",
                "created": 1575272767,
                "timestamp": 1575272767,
                "name": "grafik.png",
                "title": "grafik.png",
                "mimetype": "image\/png",
                "filetype": "png",
                "pretty_type": "PNG",
                "user": "UJHD6A81H",
                "editable": false,
                "size": 23038,
                "mode": "hosted",
                "is_external": false,
                "external_type": "",
                "is_public": true,
                "public_url_shared": false,
                "display_as_bot": false,
                "username": "",
                "url_private": "https:\/\/files.slack.com\/files-pri\/TJH5YU202-FQXLTNDUH\/grafik.png?t=xoxe-629202954002-950795328464-950341379620-2ca7f74bb6537751ea5666f8f5e8896e",
                "url_private_download": "https:\/\/files.slack.com\/files-pri\/TJH5YU202-FQXLTNDUH\/download\/grafik.png?t=xoxe-629202954002-950795328464-950341379620-2ca7f74bb6537751ea5666f8f5e8896e",
                "thumb_64": "https:\/\/files.slack.com\/files-tmb\/TJH5YU202-FQXLTNDUH-5c32ba2269\/grafik_64.png?t=xoxe-629202954002-950795328464-950341379620-2ca7f74bb6537751ea5666f8f5e8896e",
                "thumb_80": "https:\/\/files.slack.com\/files-tmb\/TJH5YU202-FQXLTNDUH-5c32ba2269\/grafik_80.png?t=xoxe-629202954002-950795328464-950341379620-2ca7f74bb6537751ea5666f8f5e8896e",
                "thumb_360": "https:\/\/files.slack.com\/files-tmb\/TJH5YU202-FQXLTNDUH-5c32ba2269\/grafik_360.png?t=xoxe-629202954002-950795328464-950341379620-2ca7f74bb6537751ea5666f8f5e8896e",
                "thumb_360_w": 360,
                "thumb_360_h": 228,
                "thumb_480": "https:\/\/files.slack.com\/files-tmb\/TJH5YU202-FQXLTNDUH-5c32ba2269\/grafik_480.png?t=xoxe-629202954002-950795328464-950341379620-2ca7f74bb6537751ea5666f8f5e8896e",
                "thumb_480_w": 480,
                "thumb_480_h": 304,
                "thumb_160": "https:\/\/files.slack.com\/files-tmb\/TJH5YU202-FQXLTNDUH-5c32ba2269\/grafik_160.png?t=xoxe-629202954002-950795328464-950341379620-2ca7f74bb6537751ea5666f8f5e8896e",
                "thumb_720": "https:\/\/files.slack.com\/files-tmb\/TJH5YU202-FQXLTNDUH-5c32ba2269\/grafik_720.png?t=xoxe-629202954002-950795328464-950341379620-2ca7f74bb6537751ea5666f8f5e8896e",
                "thumb_720_w": 720,
                "thumb_720_h": 456,
                "image_exif_rotation": 1,
                "original_w": 746,
                "original_h": 472,
                "thumb_tiny": "AwAeADClnmjPvR3NGRQAde9IfqaOKSgAzT4j++T\/AHhTKfF\/rk\/3hQAnc0cVObSTkZT8zSfY5PVfzoAg\/Gj8an+xyeq\/nR9jk9V\/OgCD8adFjzU5\/iFS\/Y5PVfzp0do4kQ5XgjvQB\/\/Z",
                "permalink": "https:\/\/harbourproject.slack.com\/files\/UJHD6A81H\/FQXLTNDUH\/grafik.png",
                "permalink_public": "https:\/\/slack-files.com\/TJH5YU202-FQXLTNDUH-6b0bffc7f2",
                "is_starred": false,
                "has_rich_preview": false
            }
        ],
        "upload": true,
        "user": "UJHD6A81H",
        "display_as_bot": false,
        "ts": "1575272769.237300",
        "client_msg_id": "0be0c276-82ae-4d22-a2d8-6f2477b682d9"
    },
    {
        "type": "message",
        "text": "",
        "files": [
            {
                "id": "FR7QX4BFG",
                "created": 1575272807,
                "timestamp": 1575272807,
                "name": "grafik.png",
                "title": "grafik.png",
                "mimetype": "image\/png",
                "filetype": "png",
                "pretty_type": "PNG",
                "user": "UJHD6A81H",
                "editable": false,
                "size": 50666,
                "mode": "hosted",
                "is_external": false,
                "external_type": "",
                "is_public": true,
                "public_url_shared": false,
                "display_as_bot": false,
                "username": "",
                "url_private": "https:\/\/files.slack.com\/files-pri\/TJH5YU202-FR7QX4BFG\/grafik.png?t=xoxe-629202954002-950795328464-950341379620-2ca7f74bb6537751ea5666f8f5e8896e",
                "url_private_download": "https:\/\/files.slack.com\/files-pri\/TJH5YU202-FR7QX4BFG\/download\/grafik.png?t=xoxe-629202954002-950795328464-950341379620-2ca7f74bb6537751ea5666f8f5e8896e",
                "thumb_64": "https:\/\/files.slack.com\/files-tmb\/TJH5YU202-FR7QX4BFG-ff6d96a4f5\/grafik_64.png?t=xoxe-629202954002-950795328464-950341379620-2ca7f74bb6537751ea5666f8f5e8896e",
                "thumb_80": "https:\/\/files.slack.com\/files-tmb\/TJH5YU202-FR7QX4BFG-ff6d96a4f5\/grafik_80.png?t=xoxe-629202954002-950795328464-950341379620-2ca7f74bb6537751ea5666f8f5e8896e",
                "thumb_360": "https:\/\/files.slack.com\/files-tmb\/TJH5YU202-FR7QX4BFG-ff6d96a4f5\/grafik_360.png?t=xoxe-629202954002-950795328464-950341379620-2ca7f74bb6537751ea5666f8f5e8896e",
                "thumb_360_w": 360,
                "thumb_360_h": 195,
                "thumb_480": "https:\/\/files.slack.com\/files-tmb\/TJH5YU202-FR7QX4BFG-ff6d96a4f5\/grafik_480.png?t=xoxe-629202954002-950795328464-950341379620-2ca7f74bb6537751ea5666f8f5e8896e",
                "thumb_480_w": 480,
                "thumb_480_h": 259,
                "thumb_160": "https:\/\/files.slack.com\/files-tmb\/TJH5YU202-FR7QX4BFG-ff6d96a4f5\/grafik_160.png?t=xoxe-629202954002-950795328464-950341379620-2ca7f74bb6537751ea5666f8f5e8896e",
                "thumb_720": "https:\/\/files.slack.com\/files-tmb\/TJH5YU202-FR7QX4BFG-ff6d96a4f5\/grafik_720.png?t=xoxe-629202954002-950795328464-950341379620-2ca7f74bb6537751ea5666f8f5e8896e",
                "thumb_720_w": 720,
                "thumb_720_h": 389,
                "thumb_800": "https:\/\/files.slack.com\/files-tmb\/TJH5YU202-FR7QX4BFG-ff6d96a4f5\/grafik_800.png?t=xoxe-629202954002-950795328464-950341379620-2ca7f74bb6537751ea5666f8f5e8896e",
                "thumb_800_w": 800,
                "thumb_800_h": 432,
                "thumb_960": "https:\/\/files.slack.com\/files-tmb\/TJH5YU202-FR7QX4BFG-ff6d96a4f5\/grafik_960.png?t=xoxe-629202954002-950795328464-950341379620-2ca7f74bb6537751ea5666f8f5e8896e",
                "thumb_960_w": 960,
                "thumb_960_h": 519,
                "thumb_1024": "https:\/\/files.slack.com\/files-tmb\/TJH5YU202-FR7QX4BFG-ff6d96a4f5\/grafik_1024.png?t=xoxe-629202954002-950795328464-950341379620-2ca7f74bb6537751ea5666f8f5e8896e",
                "thumb_1024_w": 1024,
                "thumb_1024_h": 553,
                "image_exif_rotation": 1,
                "original_w": 1547,
                "original_h": 836,
                "thumb_tiny": "AwAZADCkDRSUZNAB+dFGaSgBaVfvD602lX7w+tABmkzVqkoArUVZooArUq\/eH1qxSr94fWgD\/9k=",
                "permalink": "https:\/\/harbourproject.slack.com\/files\/UJHD6A81H\/FR7QX4BFG\/grafik.png",
                "permalink_public": "https:\/\/slack-files.com\/TJH5YU202-FR7QX4BFG-b3fcf793eb",
                "is_starred": false,
                "has_rich_preview": false
            }
        ],
        "upload": true,
        "user": "UJHD6A81H",
        "display_as_bot": false,
        "ts": "1575272810.237600",
        "client_msg_id": "c5f39a2f-2b20-4b06-a28d-9c7ff8acc114"
    },
    {
        "type": "message",
        "text": "",
        "files": [
            {
                "id": "FQSR8M24S",
                "created": 1575272974,
                "timestamp": 1575272974,
                "name": "grafik.png",
                "title": "grafik.png",
                "mimetype": "image\/png",
                "filetype": "png",
                "pretty_type": "PNG",
                "user": "UJHD6A81H",
                "editable": false,
                "size": 3031,
                "mode": "hosted",
                "is_external": false,
                "external_type": "",
                "is_public": true,
                "public_url_shared": false,
                "display_as_bot": false,
                "username": "",
                "url_private": "https:\/\/files.slack.com\/files-pri\/TJH5YU202-FQSR8M24S\/grafik.png?t=xoxe-629202954002-950795328464-950341379620-2ca7f74bb6537751ea5666f8f5e8896e",
                "url_private_download": "https:\/\/files.slack.com\/files-pri\/TJH5YU202-FQSR8M24S\/download\/grafik.png?t=xoxe-629202954002-950795328464-950341379620-2ca7f74bb6537751ea5666f8f5e8896e",
                "thumb_64": "https:\/\/files.slack.com\/files-tmb\/TJH5YU202-FQSR8M24S-2e85d805e9\/grafik_64.png?t=xoxe-629202954002-950795328464-950341379620-2ca7f74bb6537751ea5666f8f5e8896e",
                "thumb_80": "https:\/\/files.slack.com\/files-tmb\/TJH5YU202-FQSR8M24S-2e85d805e9\/grafik_80.png?t=xoxe-629202954002-950795328464-950341379620-2ca7f74bb6537751ea5666f8f5e8896e",
                "thumb_360": "https:\/\/files.slack.com\/files-tmb\/TJH5YU202-FQSR8M24S-2e85d805e9\/grafik_360.png?t=xoxe-629202954002-950795328464-950341379620-2ca7f74bb6537751ea5666f8f5e8896e",
                "thumb_360_w": 205,
                "thumb_360_h": 101,
                "thumb_160": "https:\/\/files.slack.com\/files-tmb\/TJH5YU202-FQSR8M24S-2e85d805e9\/grafik_160.png?t=xoxe-629202954002-950795328464-950341379620-2ca7f74bb6537751ea5666f8f5e8896e",
                "image_exif_rotation": 1,
                "original_w": 205,
                "original_h": 101,
                "thumb_tiny": "AwAXADDToJwCaja4iVirOAQcEVIRkEUAU8yGJGEkjO\/RRjFCtKVkJeRWjGecEGgxSmNF2MDH0KsOaUJLscGMszjBYsKRprfp+BaQ7kUnqRmlpEG1FU9QMUtMzZRms5JJncFcMwI59KctvcF\/mkO3PIDH3q5RQBS+zTqzbJMAnP3jz0o+z3WP9b\/48fQ1dooAqPbS7lKSHpzlj680sMNwsil5MgdfmPpVqigD\/9k=",
                "permalink": "https:\/\/harbourproject.slack.com\/files\/UJHD6A81H\/FQSR8M24S\/grafik.png",
                "permalink_public": "https:\/\/slack-files.com\/TJH5YU202-FQSR8M24S-53d400542e",
                "is_starred": false,
                "has_rich_preview": false
            }
        ],
        "upload": true,
        "user": "UJHD6A81H",
        "display_as_bot": false,
        "ts": "1575272976.237900",
        "client_msg_id": "76c3959a-1238-4937-a74a-041848826fc1"
    }
]