[
    {
        "client_msg_id": "9ac21225-23e1-4582-ac07-98d294b3ee6a",
        "type": "message",
        "text": "se viene el estallido...",
        "user": "UM81W8B0Q",
        "ts": "1578498262.295500",
        "team": "TJH5YU202",
        "user_team": "TJH5YU202",
        "source_team": "TJH5YU202",
        "user_profile": {
            "avatar_hash": "gab9279ee8c0",
            "image_72": "https:\/\/secure.gravatar.com\/avatar\/73ab9279ee8c00f66ce4904d30146c8f.jpg?s=72&d=https%3A%2F%2Fa.slack-edge.com%2Fdf10d%2Fimg%2Favatars%2Fava_0010-72.png",
            "first_name": "",
            "real_name": "Angel Pais",
            "display_name": "Angel Pais",
            "team": "TJH5YU202",
            "name": "amigosam",
            "is_restricted": false,
            "is_ultra_restricted": false
        },
        "blocks": [
            {
                "type": "rich_text",
                "block_id": "mE\/",
                "elements": [
                    {
                        "type": "rich_text_section",
                        "elements": [
                            {
                                "type": "text",
                                "text": "se viene el estallido..."
                            }
                        ]
                    }
                ]
            }
        ]
    },
    {
        "client_msg_id": "710df818-6f7e-4c6d-b08a-371be0b4c64d",
        "type": "message",
        "text": "se viene el estallido...",
        "user": "UM81W8B0Q",
        "ts": "1578498272.295800",
        "team": "TJH5YU202",
        "user_team": "TJH5YU202",
        "source_team": "TJH5YU202",
        "user_profile": {
            "avatar_hash": "gab9279ee8c0",
            "image_72": "https:\/\/secure.gravatar.com\/avatar\/73ab9279ee8c00f66ce4904d30146c8f.jpg?s=72&d=https%3A%2F%2Fa.slack-edge.com%2Fdf10d%2Fimg%2Favatars%2Fava_0010-72.png",
            "first_name": "",
            "real_name": "Angel Pais",
            "display_name": "Angel Pais",
            "team": "TJH5YU202",
            "name": "amigosam",
            "is_restricted": false,
            "is_ultra_restricted": false
        },
        "blocks": [
            {
                "type": "rich_text",
                "block_id": "W\/8",
                "elements": [
                    {
                        "type": "rich_text_section",
                        "elements": [
                            {
                                "type": "text",
                                "text": "se viene el estallido..."
                            }
                        ]
                    }
                ]
            }
        ]
    },
    {
        "client_msg_id": "01240217-f6d5-4618-b7a6-2f0bef542a82",
        "type": "message",
        "text": "de mi teclado...",
        "user": "UM81W8B0Q",
        "ts": "1578498282.296100",
        "team": "TJH5YU202",
        "user_team": "TJH5YU202",
        "source_team": "TJH5YU202",
        "user_profile": {
            "avatar_hash": "gab9279ee8c0",
            "image_72": "https:\/\/secure.gravatar.com\/avatar\/73ab9279ee8c00f66ce4904d30146c8f.jpg?s=72&d=https%3A%2F%2Fa.slack-edge.com%2Fdf10d%2Fimg%2Favatars%2Fava_0010-72.png",
            "first_name": "",
            "real_name": "Angel Pais",
            "display_name": "Angel Pais",
            "team": "TJH5YU202",
            "name": "amigosam",
            "is_restricted": false,
            "is_ultra_restricted": false
        },
        "blocks": [
            {
                "type": "rich_text",
                "block_id": "0=2",
                "elements": [
                    {
                        "type": "rich_text_section",
                        "elements": [
                            {
                                "type": "text",
                                "text": "de mi teclado..."
                            }
                        ]
                    }
                ]
            }
        ]
    },
    {
        "client_msg_id": "685118cf-920f-4f97-be70-3f1fcd76b214",
        "type": "message",
        "text": "de mod harbour... TAMBIEN !",
        "user": "UM81W8B0Q",
        "ts": "1578498295.296400",
        "team": "TJH5YU202",
        "user_team": "TJH5YU202",
        "source_team": "TJH5YU202",
        "user_profile": {
            "avatar_hash": "gab9279ee8c0",
            "image_72": "https:\/\/secure.gravatar.com\/avatar\/73ab9279ee8c00f66ce4904d30146c8f.jpg?s=72&d=https%3A%2F%2Fa.slack-edge.com%2Fdf10d%2Fimg%2Favatars%2Fava_0010-72.png",
            "first_name": "",
            "real_name": "Angel Pais",
            "display_name": "Angel Pais",
            "team": "TJH5YU202",
            "name": "amigosam",
            "is_restricted": false,
            "is_ultra_restricted": false
        },
        "blocks": [
            {
                "type": "rich_text",
                "block_id": "9BFfU",
                "elements": [
                    {
                        "type": "rich_text_section",
                        "elements": [
                            {
                                "type": "text",
                                "text": "de mod harbour... TAMBIEN !"
                            }
                        ]
                    }
                ]
            }
        ]
    },
    {
        "client_msg_id": "33184633-9738-4c7a-accd-d2105bff3d95",
        "type": "message",
        "text": "<https:\/\/www.youtube.com\/watch?v=ydWT6n6VwgA>",
        "user": "UM81W8B0Q",
        "ts": "1578498364.296600",
        "team": "TJH5YU202",
        "user_team": "TJH5YU202",
        "source_team": "TJH5YU202",
        "user_profile": {
            "avatar_hash": "gab9279ee8c0",
            "image_72": "https:\/\/secure.gravatar.com\/avatar\/73ab9279ee8c00f66ce4904d30146c8f.jpg?s=72&d=https%3A%2F%2Fa.slack-edge.com%2Fdf10d%2Fimg%2Favatars%2Fava_0010-72.png",
            "first_name": "",
            "real_name": "Angel Pais",
            "display_name": "Angel Pais",
            "team": "TJH5YU202",
            "name": "amigosam",
            "is_restricted": false,
            "is_ultra_restricted": false
        },
        "attachments": [
            {
                "service_name": "YouTube",
                "service_url": "https:\/\/www.youtube.com\/",
                "title": "Bersuit Vergarabat - Se viene el estallido-mp4",
                "title_link": "https:\/\/www.youtube.com\/watch?v=ydWT6n6VwgA",
                "author_name": "valera25",
                "author_link": "https:\/\/www.youtube.com\/user\/valera25",
                "thumb_url": "https:\/\/i.ytimg.com\/vi\/ydWT6n6VwgA\/hqdefault.jpg",
                "thumb_width": 480,
                "thumb_height": 360,
                "fallback": "YouTube Video: Bersuit Vergarabat - Se viene el estallido-mp4",
                "video_html": "<iframe width=\"400\" height=\"300\" src=\"https:\/\/www.youtube.com\/embed\/ydWT6n6VwgA?feature=oembed&autoplay=1&iv_load_policy=3\" frameborder=\"0\" allow=\"accelerometer; autoplay; encrypted-media; gyroscope; picture-in-picture\" allowfullscreen><\/iframe>",
                "video_html_width": 400,
                "video_html_height": 300,
                "from_url": "https:\/\/www.youtube.com\/watch?v=ydWT6n6VwgA",
                "service_icon": "https:\/\/a.slack-edge.com\/80588\/img\/unfurl_icons\/youtube.png",
                "id": 1,
                "original_url": "https:\/\/www.youtube.com\/watch?v=ydWT6n6VwgA"
            }
        ],
        "blocks": [
            {
                "type": "rich_text",
                "block_id": "92w",
                "elements": [
                    {
                        "type": "rich_text_section",
                        "elements": [
                            {
                                "type": "link",
                                "url": "https:\/\/www.youtube.com\/watch?v=ydWT6n6VwgA"
                            }
                        ]
                    }
                ]
            }
        ]
    },
    {
        "client_msg_id": "b0b9c738-12df-4a92-bce3-01c67d964dc0",
        "type": "message",
        "text": "este viernes mod-harbour estalla !!!!!",
        "user": "UM81W8B0Q",
        "ts": "1578498524.297100",
        "team": "TJH5YU202",
        "user_team": "TJH5YU202",
        "source_team": "TJH5YU202",
        "user_profile": {
            "avatar_hash": "gab9279ee8c0",
            "image_72": "https:\/\/secure.gravatar.com\/avatar\/73ab9279ee8c00f66ce4904d30146c8f.jpg?s=72&d=https%3A%2F%2Fa.slack-edge.com%2Fdf10d%2Fimg%2Favatars%2Fava_0010-72.png",
            "first_name": "",
            "real_name": "Angel Pais",
            "display_name": "Angel Pais",
            "team": "TJH5YU202",
            "name": "amigosam",
            "is_restricted": false,
            "is_ultra_restricted": false
        },
        "blocks": [
            {
                "type": "rich_text",
                "block_id": "qXf=",
                "elements": [
                    {
                        "type": "rich_text_section",
                        "elements": [
                            {
                                "type": "text",
                                "text": "este viernes mod-harbour estalla !!!!!"
                            }
                        ]
                    }
                ]
            }
        ]
    },
    {
        "client_msg_id": "12e32ca1-2c2e-4a60-9f0a-1d95f6e68eae",
        "type": "message",
        "text": "<@UM81W8B0Q> Buenas",
        "user": "UNAHBRTFA",
        "ts": "1578513151.297600",
        "team": "TJH5YU202",
        "user_team": "TJH5YU202",
        "source_team": "TJH5YU202",
        "user_profile": {
            "avatar_hash": "g3d2a3f4c28c",
            "image_72": "https:\/\/secure.gravatar.com\/avatar\/23d2a3f4c28cebb4cf07e48d02620517.jpg?s=72&d=https%3A%2F%2Fa.slack-edge.com%2Fdf10d%2Fimg%2Favatars%2Fava_0020-72.png",
            "first_name": "Andreu",
            "real_name": "Andreu Botella",
            "display_name": "Andreu Botella",
            "team": "TJH5YU202",
            "name": "andreu.132",
            "is_restricted": false,
            "is_ultra_restricted": false
        },
        "blocks": [
            {
                "type": "rich_text",
                "block_id": "fyE",
                "elements": [
                    {
                        "type": "rich_text_section",
                        "elements": [
                            {
                                "type": "user",
                                "user_id": "UM81W8B0Q"
                            },
                            {
                                "type": "text",
                                "text": " Buenas"
                            }
                        ]
                    }
                ]
            }
        ]
    },
    {
        "client_msg_id": "3fb4d761-b3d8-470b-9168-31d6ce3267b6",
        "type": "message",
        "text": "Sobre lo de ayer",
        "user": "UNAHBRTFA",
        "ts": "1578513153.297800",
        "team": "TJH5YU202",
        "user_team": "TJH5YU202",
        "source_team": "TJH5YU202",
        "user_profile": {
            "avatar_hash": "g3d2a3f4c28c",
            "image_72": "https:\/\/secure.gravatar.com\/avatar\/23d2a3f4c28cebb4cf07e48d02620517.jpg?s=72&d=https%3A%2F%2Fa.slack-edge.com%2Fdf10d%2Fimg%2Favatars%2Fava_0020-72.png",
            "first_name": "Andreu",
            "real_name": "Andreu Botella",
            "display_name": "Andreu Botella",
            "team": "TJH5YU202",
            "name": "andreu.132",
            "is_restricted": false,
            "is_ultra_restricted": false
        },
        "blocks": [
            {
                "type": "rich_text",
                "block_id": "Bs6vK",
                "elements": [
                    {
                        "type": "rich_text_section",
                        "elements": [
                            {
                                "type": "text",
                                "text": "Sobre lo de ayer"
                            }
                        ]
                    }
                ]
            }
        ]
    },
    {
        "client_msg_id": "d408dc6a-82f8-4978-8f71-c64176e6e182",
        "type": "message",
        "text": "Hola Andreu",
        "user": "UM81W8B0Q",
        "ts": "1578513181.298200",
        "team": "TJH5YU202",
        "user_team": "TJH5YU202",
        "source_team": "TJH5YU202",
        "user_profile": {
            "avatar_hash": "gab9279ee8c0",
            "image_72": "https:\/\/secure.gravatar.com\/avatar\/73ab9279ee8c00f66ce4904d30146c8f.jpg?s=72&d=https%3A%2F%2Fa.slack-edge.com%2Fdf10d%2Fimg%2Favatars%2Fava_0010-72.png",
            "first_name": "",
            "real_name": "Angel Pais",
            "display_name": "Angel Pais",
            "team": "TJH5YU202",
            "name": "amigosam",
            "is_restricted": false,
            "is_ultra_restricted": false
        },
        "blocks": [
            {
                "type": "rich_text",
                "block_id": "g+bq",
                "elements": [
                    {
                        "type": "rich_text_section",
                        "elements": [
                            {
                                "type": "text",
                                "text": "Hola Andreu"
                            }
                        ]
                    }
                ]
            }
        ]
    },
    {
        "client_msg_id": "050f52e2-3763-4c6c-9c53-b6296fdb5001",
        "type": "message",
        "text": "<https:\/\/github.com\/WebAssembly\/interface-types\/blob\/master\/proposals\/interface-types\/Explainer.md>",
        "user": "UNAHBRTFA",
        "ts": "1578513181.298300",
        "team": "TJH5YU202",
        "user_team": "TJH5YU202",
        "source_team": "TJH5YU202",
        "user_profile": {
            "avatar_hash": "g3d2a3f4c28c",
            "image_72": "https:\/\/secure.gravatar.com\/avatar\/23d2a3f4c28cebb4cf07e48d02620517.jpg?s=72&d=https%3A%2F%2Fa.slack-edge.com%2Fdf10d%2Fimg%2Favatars%2Fava_0020-72.png",
            "first_name": "Andreu",
            "real_name": "Andreu Botella",
            "display_name": "Andreu Botella",
            "team": "TJH5YU202",
            "name": "andreu.132",
            "is_restricted": false,
            "is_ultra_restricted": false
        },
        "attachments": [
            {
                "service_name": "GitHub",
                "title": "WebAssembly\/interface-types",
                "title_link": "https:\/\/github.com\/WebAssembly\/interface-types\/blob\/master\/proposals\/interface-types\/Explainer.md",
                "text": "Contribute to WebAssembly\/interface-types development by creating an account on GitHub.",
                "fallback": "GitHub: WebAssembly\/interface-types",
                "thumb_url": "https:\/\/avatars3.githubusercontent.com\/u\/11578470?s=400&v=4",
                "from_url": "https:\/\/github.com\/WebAssembly\/interface-types\/blob\/master\/proposals\/interface-types\/Explainer.md",
                "thumb_width": 400,
                "thumb_height": 400,
                "service_icon": "https:\/\/a.slack-edge.com\/80588\/img\/unfurl_icons\/github.png",
                "id": 1,
                "original_url": "https:\/\/github.com\/WebAssembly\/interface-types\/blob\/master\/proposals\/interface-types\/Explainer.md"
            }
        ],
        "blocks": [
            {
                "type": "rich_text",
                "block_id": "tA4U",
                "elements": [
                    {
                        "type": "rich_text_section",
                        "elements": [
                            {
                                "type": "link",
                                "url": "https:\/\/github.com\/WebAssembly\/interface-types\/blob\/master\/proposals\/interface-types\/Explainer.md"
                            }
                        ]
                    }
                ]
            }
        ]
    },
    {
        "client_msg_id": "024a98c0-b871-4f51-96f9-6d5f9ef853d9",
        "type": "message",
        "text": "NO me acuerdo que paso ayer ( soy viejo )",
        "user": "UM81W8B0Q",
        "ts": "1578513192.298900",
        "team": "TJH5YU202",
        "user_team": "TJH5YU202",
        "source_team": "TJH5YU202",
        "user_profile": {
            "avatar_hash": "gab9279ee8c0",
            "image_72": "https:\/\/secure.gravatar.com\/avatar\/73ab9279ee8c00f66ce4904d30146c8f.jpg?s=72&d=https%3A%2F%2Fa.slack-edge.com%2Fdf10d%2Fimg%2Favatars%2Fava_0010-72.png",
            "first_name": "",
            "real_name": "Angel Pais",
            "display_name": "Angel Pais",
            "team": "TJH5YU202",
            "name": "amigosam",
            "is_restricted": false,
            "is_ultra_restricted": false
        },
        "blocks": [
            {
                "type": "rich_text",
                "block_id": "922Yx",
                "elements": [
                    {
                        "type": "rich_text_section",
                        "elements": [
                            {
                                "type": "text",
                                "text": "NO me acuerdo que paso ayer ( soy viejo )"
                            }
                        ]
                    }
                ]
            }
        ]
    },
    {
        "client_msg_id": "1df62775-540c-48b1-a2dc-4b98ef93eade",
        "type": "message",
        "text": "ahhhh ok",
        "user": "UM81W8B0Q",
        "ts": "1578513198.299200",
        "team": "TJH5YU202",
        "user_team": "TJH5YU202",
        "source_team": "TJH5YU202",
        "user_profile": {
            "avatar_hash": "gab9279ee8c0",
            "image_72": "https:\/\/secure.gravatar.com\/avatar\/73ab9279ee8c00f66ce4904d30146c8f.jpg?s=72&d=https%3A%2F%2Fa.slack-edge.com%2Fdf10d%2Fimg%2Favatars%2Fava_0010-72.png",
            "first_name": "",
            "real_name": "Angel Pais",
            "display_name": "Angel Pais",
            "team": "TJH5YU202",
            "name": "amigosam",
            "is_restricted": false,
            "is_ultra_restricted": false
        },
        "blocks": [
            {
                "type": "rich_text",
                "block_id": "FPF",
                "elements": [
                    {
                        "type": "rich_text_section",
                        "elements": [
                            {
                                "type": "text",
                                "text": "ahhhh ok"
                            }
                        ]
                    }
                ]
            }
        ]
    },
    {
        "client_msg_id": "15880ff0-2386-44a7-8d08-9d0dbf3b213c",
        "type": "message",
        "text": "Esta es la propuesta de WebAssembly que haría posible interactuar con el DOM sin wrappers de JS",
        "user": "UNAHBRTFA",
        "ts": "1578513206.299500",
        "team": "TJH5YU202",
        "user_team": "TJH5YU202",
        "source_team": "TJH5YU202",
        "user_profile": {
            "avatar_hash": "g3d2a3f4c28c",
            "image_72": "https:\/\/secure.gravatar.com\/avatar\/23d2a3f4c28cebb4cf07e48d02620517.jpg?s=72&d=https%3A%2F%2Fa.slack-edge.com%2Fdf10d%2Fimg%2Favatars%2Fava_0020-72.png",
            "first_name": "Andreu",
            "real_name": "Andreu Botella",
            "display_name": "Andreu Botella",
            "team": "TJH5YU202",
            "name": "andreu.132",
            "is_restricted": false,
            "is_ultra_restricted": false
        },
        "blocks": [
            {
                "type": "rich_text",
                "block_id": "7e0L",
                "elements": [
                    {
                        "type": "rich_text_section",
                        "elements": [
                            {
                                "type": "text",
                                "text": "Esta es la propuesta de WebAssembly que haría posible interactuar con el DOM sin wrappers de JS"
                            }
                        ]
                    }
                ]
            }
        ]
    },
    {
        "client_msg_id": "4efee2e6-dbbd-4228-883c-85b52d175e74",
        "type": "message",
        "text": "resumido ?",
        "user": "UM81W8B0Q",
        "ts": "1578513220.300000",
        "team": "TJH5YU202",
        "user_team": "TJH5YU202",
        "source_team": "TJH5YU202",
        "user_profile": {
            "avatar_hash": "gab9279ee8c0",
            "image_72": "https:\/\/secure.gravatar.com\/avatar\/73ab9279ee8c00f66ce4904d30146c8f.jpg?s=72&d=https%3A%2F%2Fa.slack-edge.com%2Fdf10d%2Fimg%2Favatars%2Fava_0010-72.png",
            "first_name": "",
            "real_name": "Angel Pais",
            "display_name": "Angel Pais",
            "team": "TJH5YU202",
            "name": "amigosam",
            "is_restricted": false,
            "is_ultra_restricted": false
        },
        "blocks": [
            {
                "type": "rich_text",
                "block_id": "Fy4H",
                "elements": [
                    {
                        "type": "rich_text_section",
                        "elements": [
                            {
                                "type": "text",
                                "text": "resumido ?"
                            }
                        ]
                    }
                ]
            }
        ]
    },
    {
        "client_msg_id": "09357fe8-a2f0-4832-b4e2-308c1a784872",
        "type": "message",
        "text": "Esta propuesta añade descripciones de \"tipos abstractos\" y cómo convertirlos a la representación en la memoria de wasm que usa cada lenguage",
        "user": "UNAHBRTFA",
        "ts": "1578513281.301200",
        "team": "TJH5YU202",
        "user_team": "TJH5YU202",
        "source_team": "TJH5YU202",
        "user_profile": {
            "avatar_hash": "g3d2a3f4c28c",
            "image_72": "https:\/\/secure.gravatar.com\/avatar\/23d2a3f4c28cebb4cf07e48d02620517.jpg?s=72&d=https%3A%2F%2Fa.slack-edge.com%2Fdf10d%2Fimg%2Favatars%2Fava_0020-72.png",
            "first_name": "Andreu",
            "real_name": "Andreu Botella",
            "display_name": "Andreu Botella",
            "team": "TJH5YU202",
            "name": "andreu.132",
            "is_restricted": false,
            "is_ultra_restricted": false
        },
        "blocks": [
            {
                "type": "rich_text",
                "block_id": "qV3yC",
                "elements": [
                    {
                        "type": "rich_text_section",
                        "elements": [
                            {
                                "type": "text",
                                "text": "Esta propuesta añade descripciones de \"tipos abstractos\" y cómo convertirlos a la representación en la memoria de wasm que usa cada lenguage"
                            }
                        ]
                    }
                ]
            }
        ]
    },
    {
        "client_msg_id": "ec0ba7ad-c560-45fa-800b-2a7c4804c20e",
        "type": "message",
        "text": "harbour == ANSI C",
        "user": "UM81W8B0Q",
        "ts": "1578513303.302000",
        "team": "TJH5YU202",
        "user_team": "TJH5YU202",
        "source_team": "TJH5YU202",
        "user_profile": {
            "avatar_hash": "gab9279ee8c0",
            "image_72": "https:\/\/secure.gravatar.com\/avatar\/73ab9279ee8c00f66ce4904d30146c8f.jpg?s=72&d=https%3A%2F%2Fa.slack-edge.com%2Fdf10d%2Fimg%2Favatars%2Fava_0010-72.png",
            "first_name": "",
            "real_name": "Angel Pais",
            "display_name": "Angel Pais",
            "team": "TJH5YU202",
            "name": "amigosam",
            "is_restricted": false,
            "is_ultra_restricted": false
        },
        "blocks": [
            {
                "type": "rich_text",
                "block_id": "hBRzG",
                "elements": [
                    {
                        "type": "rich_text_section",
                        "elements": [
                            {
                                "type": "text",
                                "text": "harbour == ANSI C"
                            }
                        ]
                    }
                ]
            }
        ]
    },
    {
        "client_msg_id": "364eb3a2-3afe-41a9-821b-d6d724a2d350",
        "type": "message",
        "text": "De forma que puedes comunicarte entre dos módulos wasm que usen lenguajes completamente distintos",
        "user": "UNAHBRTFA",
        "ts": "1578513303.302100",
        "team": "TJH5YU202",
        "user_team": "TJH5YU202",
        "source_team": "TJH5YU202",
        "user_profile": {
            "avatar_hash": "g3d2a3f4c28c",
            "image_72": "https:\/\/secure.gravatar.com\/avatar\/23d2a3f4c28cebb4cf07e48d02620517.jpg?s=72&d=https%3A%2F%2Fa.slack-edge.com%2Fdf10d%2Fimg%2Favatars%2Fava_0020-72.png",
            "first_name": "Andreu",
            "real_name": "Andreu Botella",
            "display_name": "Andreu Botella",
            "team": "TJH5YU202",
            "name": "andreu.132",
            "is_restricted": false,
            "is_ultra_restricted": false
        },
        "edited": {
            "user": "UNAHBRTFA",
            "ts": "1578515847.000000"
        },
        "blocks": [
            {
                "type": "rich_text",
                "block_id": "ugUkv",
                "elements": [
                    {
                        "type": "rich_text_section",
                        "elements": [
                            {
                                "type": "text",
                                "text": "De forma que puedes comunicarte entre dos módulos wasm que usen lenguajes completamente distintos"
                            }
                        ]
                    }
                ]
            }
        ]
    },
    {
        "client_msg_id": "d3cccb98-8582-459c-ab8e-447b201c37d3",
        "type": "message",
        "text": "Lo que esto permite es que puedas usar esas mismas representaciones abstractas para comunicarte con el núcleo C++ del navegador",
        "user": "UNAHBRTFA",
        "ts": "1578513364.303100",
        "team": "TJH5YU202",
        "user_team": "TJH5YU202",
        "source_team": "TJH5YU202",
        "user_profile": {
            "avatar_hash": "g3d2a3f4c28c",
            "image_72": "https:\/\/secure.gravatar.com\/avatar\/23d2a3f4c28cebb4cf07e48d02620517.jpg?s=72&d=https%3A%2F%2Fa.slack-edge.com%2Fdf10d%2Fimg%2Favatars%2Fava_0020-72.png",
            "first_name": "Andreu",
            "real_name": "Andreu Botella",
            "display_name": "Andreu Botella",
            "team": "TJH5YU202",
            "name": "andreu.132",
            "is_restricted": false,
            "is_ultra_restricted": false
        },
        "blocks": [
            {
                "type": "rich_text",
                "block_id": "5o6E",
                "elements": [
                    {
                        "type": "rich_text_section",
                        "elements": [
                            {
                                "type": "text",
                                "text": "Lo que esto permite es que puedas usar esas mismas representaciones abstractas para comunicarte con el núcleo C++ del navegador"
                            }
                        ]
                    }
                ]
            }
        ]
    },
    {
        "client_msg_id": "d784f01f-1e2d-4cdf-a63a-eedf25c835e2",
        "type": "message",
        "text": "Esta propuesta aún está en la fase 1, y no llegará a los navegadores hasta la fase 3, pero dale tiempo",
        "user": "UNAHBRTFA",
        "ts": "1578513403.303800",
        "team": "TJH5YU202",
        "user_team": "TJH5YU202",
        "source_team": "TJH5YU202",
        "user_profile": {
            "avatar_hash": "g3d2a3f4c28c",
            "image_72": "https:\/\/secure.gravatar.com\/avatar\/23d2a3f4c28cebb4cf07e48d02620517.jpg?s=72&d=https%3A%2F%2Fa.slack-edge.com%2Fdf10d%2Fimg%2Favatars%2Fava_0020-72.png",
            "first_name": "Andreu",
            "real_name": "Andreu Botella",
            "display_name": "Andreu Botella",
            "team": "TJH5YU202",
            "name": "andreu.132",
            "is_restricted": false,
            "is_ultra_restricted": false
        },
        "blocks": [
            {
                "type": "rich_text",
                "block_id": "\/s7wC",
                "elements": [
                    {
                        "type": "rich_text_section",
                        "elements": [
                            {
                                "type": "text",
                                "text": "Esta propuesta aún está en la fase 1, y no llegará a los navegadores hasta la fase 3, pero dale tiempo"
                            }
                        ]
                    }
                ]
            }
        ]
    },
    {
        "client_msg_id": "c6cfcbad-164a-47d5-abf8-3ca145edd224",
        "type": "message",
        "text": "el futuro se ve  promisorio",
        "user": "UM81W8B0Q",
        "ts": "1578513477.304100",
        "team": "TJH5YU202",
        "user_team": "TJH5YU202",
        "source_team": "TJH5YU202",
        "user_profile": {
            "avatar_hash": "gab9279ee8c0",
            "image_72": "https:\/\/secure.gravatar.com\/avatar\/73ab9279ee8c00f66ce4904d30146c8f.jpg?s=72&d=https%3A%2F%2Fa.slack-edge.com%2Fdf10d%2Fimg%2Favatars%2Fava_0010-72.png",
            "first_name": "",
            "real_name": "Angel Pais",
            "display_name": "Angel Pais",
            "team": "TJH5YU202",
            "name": "amigosam",
            "is_restricted": false,
            "is_ultra_restricted": false
        },
        "blocks": [
            {
                "type": "rich_text",
                "block_id": "mnn3D",
                "elements": [
                    {
                        "type": "rich_text_section",
                        "elements": [
                            {
                                "type": "text",
                                "text": "el futuro se ve  promisorio"
                            }
                        ]
                    }
                ]
            }
        ]
    },
    {
        "client_msg_id": "9f615b73-97ca-4222-b8e4-1b6244064c7f",
        "type": "message",
        "text": "hello,",
        "user": "UJHD6A81H",
        "ts": "1578524900.304400",
        "team": "TJH5YU202",
        "user_team": "TJH5YU202",
        "source_team": "TJH5YU202",
        "user_profile": {
            "avatar_hash": "g6b8073e00e9",
            "image_72": "https:\/\/secure.gravatar.com\/avatar\/b96b8073e00e9eb02bcf05bc1418eb3a.jpg?s=72&d=https%3A%2F%2Fa.slack-edge.com%2Fdf10d%2Fimg%2Favatars%2Fava_0021-72.png",
            "first_name": "Otto",
            "real_name": "Otto Atzwanger",
            "display_name": "Otto",
            "team": "TJH5YU202",
            "name": "otto",
            "is_restricted": false,
            "is_ultra_restricted": false
        },
        "blocks": [
            {
                "type": "rich_text",
                "block_id": "uAM",
                "elements": [
                    {
                        "type": "rich_text_section",
                        "elements": [
                            {
                                "type": "text",
                                "text": "hello,"
                            }
                        ]
                    }
                ]
            }
        ]
    },
    {
        "client_msg_id": "78fc08a3-20a2-4517-a669-dde73f47f31d",
        "type": "message",
        "text": "I re-post a topic:\n\ncommunicating via shared memory\n\nI found a C-program which I could use for communicating via shared memory: shm_server.c, shm_client.c\nCan we use these programs in mod harbour. I would like to store the encryption key for \"data at rest encryption\" in server memory.\nI have this functionality in my PHP programs.\n\n\nshm_server.c\n-- simply creates the string and shared memory portion.\nshm_client.c\n-- attaches itself to the created shared memory portion and uses the string (printf.\n\n\n\n    shm_server.c\n\n    #include &lt;sys\/types.h&gt;\n    #include &lt;sys\/ipc.h&gt;\n    #include &lt;sys\/shm.h&gt;\n    #include &lt;stdio.h&gt;\n\n    #define SHMSZ     27\n\n    main()\n    {\n        char c;\n        int shmid;\n        key_t key;\n        char *shm, *s;\n\n        \/*\n         * We'll name our shared memory segment\n         * \"5678\".\n         *\/\n        key = 5678;\n\n        \/*\n         * Create the segment.\n         *\/\n        if ((shmid = shmget(key, SHMSZ, IPC_CREAT | 0666)) &lt; 0) {\n            perror(\"shmget\");\n            exit(1);\n        }\n\n        \/*\n         * Now we attach the segment to our data space.\n         *\/\n        if ((shm = shmat(shmid, NULL, 0)) == (char *) -1) {\n            perror(\"shmat\");\n            exit(1);\n        }\n\n        \/*\n         * Now put some things into the memory for the\n         * other process to read.\n         *\/\n        s = shm;\n\n        for (c = 'a'; c &lt;= 'z'; c++)\n            *s++ = c;\n        *s = NULL;\n\n        \/*\n         * Finally, we wait until the other process\n         * changes the first character of our memory\n         * to '*', indicating that it has read what\n         * we put there.\n         *\/\n        while (*shm != '*')\n            sleep(1);\n\n        exit(0);\n    }\n\n    shm_client.c\n\n    \/*\n     * shm-client - client program to demonstrate shared memory.\n     *\/\n    #include &lt;sys\/types.h&gt;\n    #include &lt;sys\/ipc.h&gt;\n    #include &lt;sys\/shm.h&gt;\n    #include &lt;stdio.h&gt;\n\n    #define SHMSZ     27\n\n    main()\n    {\n        int shmid;\n        key_t key;\n        char *shm, *s;\n\n        \/*\n         * We need to get the segment named\n         * \"5678\", created by the server.\n         *\/\n        key = 5678;\n\n        \/*\n         * Locate the segment.\n         *\/\n        if ((shmid = shmget(key, SHMSZ, 0666)) &lt; 0) {\n            perror(\"shmget\");\n            exit(1);\n        }\n\n        \/*\n         * Now we attach the segment to our data space.\n         *\/\n        if ((shm = shmat(shmid, NULL, 0)) == (char *) -1) {\n            perror(\"shmat\");\n            exit(1);\n        }\n\n        \/*\n         * Now read what the server put in the memory.\n         *\/\n        for (s = shm; *s != NULL; s++)\n            putchar(*s);\n        putchar('\\n');\n\n        \/*\n         * Finally, change the first character of the\n         * segment to '*', indicating we have read\n         * the segment.\n         *\/\n        *shm = '*';\n\n        exit(0);\n    }\n\n\nMy PHP code:\n\n\n    &lt;?php\n\n\n    \/\/ Erstelle einen 100 Byte grossen gemeinsam genutzten Speicherblock\n    \/\/ mit mit der System_ID if 0xff3\n    $shm_id = shmop_open(0xff3, \"c\", 0644, 100);\n    if(!$shm_id) {\n            echo \"Konnte kein gemeinsames Speichersegment erstellen\\n\";\n    }\n\n    \/\/ Hole die Groesse des gemeinsamen Speicherblocks\n    $shm_size = shmop_size($shm_id);\n    echo \"SHM Block mit: \".$shm_size. \" Bytes wurde erstellt.\\n\";\n\n    \/\/ Teststring in den gemeinsamen Speicher schreiben\n    $shm_bytes_written = shmop_write($shm_id, \"mysecretKey\", 0);\n    if($shm_bytes_written != strlen(\"mein gemeinsamer Speicher\")) {\n            echo \"Konnte nicht den gesamten String schreiben\\n\";\n    }\n\n    \/\/ Den Teststring wieder auslesen\n    $my_string = shmop_read($shm_id, 0, $shm_size);\n    if(!$my_string) {\n            echo \"Konnte nicht aus dem gemeinsamen Speicher lesen\\n\";\n    }\n    echo \"Die Daten im gemeinsamen Speicher waren: \".$my_string.\"\\n\";\n\n    \/\/ Den Speicherblock loeschen und den gemeinsamen Speicher schliessen\n    if(!shmop_delete($shm_id)) {\n            echo \"Konnte den gemeinsamen Speicherblock nicht zum Loeschen markieren.\";\n    }\n    shmop_close($shm_id);\n\n    ?&gt;",
        "user": "UJHD6A81H",
        "ts": "1578524928.304700",
        "team": "TJH5YU202",
        "user_team": "TJH5YU202",
        "source_team": "TJH5YU202",
        "user_profile": {
            "avatar_hash": "g6b8073e00e9",
            "image_72": "https:\/\/secure.gravatar.com\/avatar\/b96b8073e00e9eb02bcf05bc1418eb3a.jpg?s=72&d=https%3A%2F%2Fa.slack-edge.com%2Fdf10d%2Fimg%2Favatars%2Fava_0021-72.png",
            "first_name": "Otto",
            "real_name": "Otto Atzwanger",
            "display_name": "Otto",
            "team": "TJH5YU202",
            "name": "otto",
            "is_restricted": false,
            "is_ultra_restricted": false
        },
        "blocks": [
            {
                "type": "rich_text",
                "block_id": "jy5",
                "elements": [
                    {
                        "type": "rich_text_section",
                        "elements": [
                            {
                                "type": "text",
                                "text": "I re-post a topic:\n\ncommunicating via shared memory\n\nI found a C-program which I could use for communicating via shared memory: shm_server.c, shm_client.c\nCan we use these programs in mod harbour. I would like to store the encryption key for \"data at rest encryption\" in server memory.\nI have this functionality in my PHP programs.\n\n\nshm_server.c\n-- simply creates the string and shared memory portion.\nshm_client.c\n-- attaches itself to the created shared memory portion and uses the string (printf.\n\n\n\n    shm_server.c\n\n    #include <sys\/types.h>\n    #include <sys\/ipc.h>\n    #include <sys\/shm.h>\n    #include <stdio.h>\n\n    #define SHMSZ     27\n\n    main()\n    {\n        char c;\n        int shmid;\n        key_t key;\n        char *shm, *s;\n\n        \/*\n         * We'll name our shared memory segment\n         * \"5678\".\n         *\/\n        key = 5678;\n\n        \/*\n         * Create the segment.\n         *\/\n        if ((shmid = shmget(key, SHMSZ, IPC_CREAT | 0666)) < 0) {\n            perror(\"shmget\");\n            exit(1);\n        }\n\n        \/*\n         * Now we attach the segment to our data space.\n         *\/\n        if ((shm = shmat(shmid, NULL, 0)) == (char *) -1) {\n            perror(\"shmat\");\n            exit(1);\n        }\n\n        \/*\n         * Now put some things into the memory for the\n         * other process to read.\n         *\/\n        s = shm;\n\n        for (c = 'a'; c <= 'z'; c++)\n            *s++ = c;\n        *s = NULL;\n\n        \/*\n         * Finally, we wait until the other process\n         * changes the first character of our memory\n         * to '*', indicating that it has read what\n         * we put there.\n         *\/\n        while (*shm != '*')\n            sleep(1);\n\n        exit(0);\n    }\n\n    shm_client.c\n\n    \/*\n     * shm-client - client program to demonstrate shared memory.\n     *\/\n    #include <sys\/types.h>\n    #include <sys\/ipc.h>\n    #include <sys\/shm.h>\n    #include <stdio.h>\n\n    #define SHMSZ     27\n\n    main()\n    {\n        int shmid;\n        key_t key;\n        char *shm, *s;\n\n        \/*\n         * We need to get the segment named\n         * \"5678\", created by the server.\n         *\/\n        key = 5678;\n\n        \/*\n         * Locate the segment.\n         *\/\n        if ((shmid = shmget(key, SHMSZ, 0666)) < 0) {\n            perror(\"shmget\");\n            exit(1);\n        }\n\n        \/*\n         * Now we attach the segment to our data space.\n         *\/\n        if ((shm = shmat(shmid, NULL, 0)) == (char *) -1) {\n            perror(\"shmat\");\n            exit(1);\n        }\n\n        \/*\n         * Now read what the server put in the memory.\n         *\/\n        for (s = shm; *s != NULL; s++)\n            putchar(*s);\n        putchar('\\n');\n\n        \/*\n         * Finally, change the first character of the\n         * segment to '*', indicating we have read\n         * the segment.\n         *\/\n        *shm = '*';\n\n        exit(0);\n    }\n\n\nMy PHP code:\n\n\n    <?php\n\n\n    \/\/ Erstelle einen 100 Byte grossen gemeinsam genutzten Speicherblock\n    \/\/ mit mit der System_ID if 0xff3\n    $shm_id = shmop_open(0xff3, \"c\", 0644, 100);\n    if(!$shm_id) {\n            echo \"Konnte kein gemeinsames Speichersegment erstellen\\n\";\n    }\n\n    \/\/ Hole die Groesse des gemeinsamen Speicherblocks\n    $shm_size = shmop_size($shm_id);\n    echo \"SHM Block mit: \".$shm_size. \" Bytes wurde erstellt.\\n\";\n\n    \/\/ Teststring in den gemeinsamen Speicher schreiben\n    $shm_bytes_written = shmop_write($shm_id, \"mysecretKey\", 0);\n    if($shm_bytes_written != strlen(\"mein gemeinsamer Speicher\")) {\n            echo \"Konnte nicht den gesamten String schreiben\\n\";\n    }\n\n    \/\/ Den Teststring wieder auslesen\n    $my_string = shmop_read($shm_id, 0, $shm_size);\n    if(!$my_string) {\n            echo \"Konnte nicht aus dem gemeinsamen Speicher lesen\\n\";\n    }\n    echo \"Die Daten im gemeinsamen Speicher waren: \".$my_string.\"\\n\";\n\n    \/\/ Den Speicherblock loeschen und den gemeinsamen Speicher schliessen\n    if(!shmop_delete($shm_id)) {\n            echo \"Konnte den gemeinsamen Speicherblock nicht zum Loeschen markieren.\";\n    }\n    shmop_close($shm_id);\n\n    ?>"
                            }
                        ]
                    }
                ]
            }
        ]
    },
    {
        "client_msg_id": "a1d0170e-bd77-42d1-9b06-366ad74e92cd",
        "type": "message",
        "text": "Are you doing this as a security measure just in case, or because the PHP code is shared across services which need different keys, or why exactly?",
        "user": "UNAHBRTFA",
        "ts": "1578525445.305500",
        "team": "TJH5YU202",
        "user_team": "TJH5YU202",
        "source_team": "TJH5YU202",
        "user_profile": {
            "avatar_hash": "g3d2a3f4c28c",
            "image_72": "https:\/\/secure.gravatar.com\/avatar\/23d2a3f4c28cebb4cf07e48d02620517.jpg?s=72&d=https%3A%2F%2Fa.slack-edge.com%2Fdf10d%2Fimg%2Favatars%2Fava_0020-72.png",
            "first_name": "Andreu",
            "real_name": "Andreu Botella",
            "display_name": "Andreu Botella",
            "team": "TJH5YU202",
            "name": "andreu.132",
            "is_restricted": false,
            "is_ultra_restricted": false
        },
        "blocks": [
            {
                "type": "rich_text",
                "block_id": "ow6My",
                "elements": [
                    {
                        "type": "rich_text_section",
                        "elements": [
                            {
                                "type": "text",
                                "text": "Are you doing this as a security measure just in case, or because the PHP code is shared across services which need different keys, or why exactly?"
                            }
                        ]
                    }
                ]
            }
        ]
    },
    {
        "client_msg_id": "7b0a900f-be8e-4ce5-85b0-3e22702dd3cd",
        "type": "message",
        "text": "Because the usual way of keeping \"secrets\" (that's the technical term) is through environment variables, though I'm not sure if you can do something like that with mod_harbour as it stands now",
        "user": "UNAHBRTFA",
        "ts": "1578525492.306500",
        "team": "TJH5YU202",
        "user_team": "TJH5YU202",
        "source_team": "TJH5YU202",
        "user_profile": {
            "avatar_hash": "g3d2a3f4c28c",
            "image_72": "https:\/\/secure.gravatar.com\/avatar\/23d2a3f4c28cebb4cf07e48d02620517.jpg?s=72&d=https%3A%2F%2Fa.slack-edge.com%2Fdf10d%2Fimg%2Favatars%2Fava_0020-72.png",
            "first_name": "Andreu",
            "real_name": "Andreu Botella",
            "display_name": "Andreu Botella",
            "team": "TJH5YU202",
            "name": "andreu.132",
            "is_restricted": false,
            "is_ultra_restricted": false
        },
        "blocks": [
            {
                "type": "rich_text",
                "block_id": "zxmG",
                "elements": [
                    {
                        "type": "rich_text_section",
                        "elements": [
                            {
                                "type": "text",
                                "text": "Because the usual way of keeping \"secrets\" (that's the technical term) is through environment variables, though I'm not sure if you can do something like that with mod_harbour as it stands now"
                            }
                        ]
                    }
                ]
            }
        ]
    },
    {
        "client_msg_id": "b5850c1a-0d27-4fbc-9464-b095629f6e28",
        "type": "message",
        "text": "I would've built a separate security server and communicate both via named pides",
        "user": "UM81W8B0Q",
        "ts": "1578526762.307100",
        "team": "TJH5YU202",
        "user_team": "TJH5YU202",
        "source_team": "TJH5YU202",
        "user_profile": {
            "avatar_hash": "gab9279ee8c0",
            "image_72": "https:\/\/secure.gravatar.com\/avatar\/73ab9279ee8c00f66ce4904d30146c8f.jpg?s=72&d=https%3A%2F%2Fa.slack-edge.com%2Fdf10d%2Fimg%2Favatars%2Fava_0010-72.png",
            "first_name": "",
            "real_name": "Angel Pais",
            "display_name": "Angel Pais",
            "team": "TJH5YU202",
            "name": "amigosam",
            "is_restricted": false,
            "is_ultra_restricted": false
        },
        "blocks": [
            {
                "type": "rich_text",
                "block_id": "=xYpE",
                "elements": [
                    {
                        "type": "rich_text_section",
                        "elements": [
                            {
                                "type": "text",
                                "text": "I would've built a separate security server and communicate both via named pides"
                            }
                        ]
                    }
                ]
            }
        ]
    }
]