[
    {
        "client_msg_id": "6c2d1bee-cac5-40f8-ba7b-a8153a858e17",
        "type": "message",
        "text": "Bon dia. Buenos dias. Joder, Antonio, Charly, como madrugais, Feliz programacion a todos.",
        "user": "URQ8AJCQZ",
        "ts": "1580976306.062400",
        "team": "TJH5YU202",
        "user_team": "TJH5YU202",
        "source_team": "TJH5YU202",
        "user_profile": {
            "avatar_hash": "gd2a4588891d",
            "image_72": "https:\/\/secure.gravatar.com\/avatar\/d2a4588891d1583d3af92c25ac2e4623.jpg?s=72&d=https%3A%2F%2Fa.slack-edge.com%2Fdf10d%2Fimg%2Favatars%2Fava_0015-72.png",
            "first_name": "",
            "real_name": "jvtecheto",
            "display_name": "jvtecheto",
            "team": "TJH5YU202",
            "name": "jvtecheto",
            "is_restricted": false,
            "is_ultra_restricted": false
        },
        "blocks": [
            {
                "type": "rich_text",
                "block_id": "KmkNH",
                "elements": [
                    {
                        "type": "rich_text_section",
                        "elements": [
                            {
                                "type": "text",
                                "text": "Bon dia. Buenos dias. Joder, Antonio, Charly, como madrugais, Feliz programacion a todos."
                            }
                        ]
                    }
                ]
            }
        ]
    },
    {
        "client_msg_id": "fcb9d4e9-76f7-4273-a61d-d7b0db5708ee",
        "type": "message",
        "text": "Good morning.",
        "user": "UJHD6A81H",
        "ts": "1580977900.062600",
        "team": "TJH5YU202",
        "user_team": "TJH5YU202",
        "source_team": "TJH5YU202",
        "user_profile": {
            "avatar_hash": "g6b8073e00e9",
            "image_72": "https:\/\/secure.gravatar.com\/avatar\/b96b8073e00e9eb02bcf05bc1418eb3a.jpg?s=72&d=https%3A%2F%2Fa.slack-edge.com%2Fdf10d%2Fimg%2Favatars%2Fava_0021-72.png",
            "first_name": "Otto",
            "real_name": "Otto Atzwanger",
            "display_name": "Otto",
            "team": "TJH5YU202",
            "name": "otto",
            "is_restricted": false,
            "is_ultra_restricted": false
        },
        "blocks": [
            {
                "type": "rich_text",
                "block_id": "b1H",
                "elements": [
                    {
                        "type": "rich_text_section",
                        "elements": [
                            {
                                "type": "text",
                                "text": "Good morning."
                            }
                        ]
                    }
                ]
            }
        ]
    },
    {
        "client_msg_id": "19356e55-b030-48bd-9e76-2cb0403630cd",
        "type": "message",
        "text": "Sometimes google translator gives me stupid translations.",
        "user": "UJHD6A81H",
        "ts": "1580978043.062900",
        "team": "TJH5YU202",
        "user_team": "TJH5YU202",
        "source_team": "TJH5YU202",
        "user_profile": {
            "avatar_hash": "g6b8073e00e9",
            "image_72": "https:\/\/secure.gravatar.com\/avatar\/b96b8073e00e9eb02bcf05bc1418eb3a.jpg?s=72&d=https%3A%2F%2Fa.slack-edge.com%2Fdf10d%2Fimg%2Favatars%2Fava_0021-72.png",
            "first_name": "Otto",
            "real_name": "Otto Atzwanger",
            "display_name": "Otto",
            "team": "TJH5YU202",
            "name": "otto",
            "is_restricted": false,
            "is_ultra_restricted": false
        },
        "blocks": [
            {
                "type": "rich_text",
                "block_id": "ceW",
                "elements": [
                    {
                        "type": "rich_text_section",
                        "elements": [
                            {
                                "type": "text",
                                "text": "Sometimes google translator gives me stupid translations."
                            }
                        ]
                    }
                ]
            }
        ]
    },
    {
        "client_msg_id": "91d372d8-9e20-4f49-8e9d-2462d08b8b75",
        "type": "message",
        "text": "for example: \"Buenos dias. Joder, Antonio, Charly\"",
        "user": "UJHD6A81H",
        "ts": "1580978210.063500",
        "team": "TJH5YU202",
        "user_team": "TJH5YU202",
        "source_team": "TJH5YU202",
        "user_profile": {
            "avatar_hash": "g6b8073e00e9",
            "image_72": "https:\/\/secure.gravatar.com\/avatar\/b96b8073e00e9eb02bcf05bc1418eb3a.jpg?s=72&d=https%3A%2F%2Fa.slack-edge.com%2Fdf10d%2Fimg%2Favatars%2Fava_0021-72.png",
            "first_name": "Otto",
            "real_name": "Otto Atzwanger",
            "display_name": "Otto",
            "team": "TJH5YU202",
            "name": "otto",
            "is_restricted": false,
            "is_ultra_restricted": false
        },
        "blocks": [
            {
                "type": "rich_text",
                "block_id": "JtZD",
                "elements": [
                    {
                        "type": "rich_text_section",
                        "elements": [
                            {
                                "type": "text",
                                "text": "for example: \"Buenos dias. Joder, Antonio, Charly\""
                            }
                        ]
                    }
                ]
            }
        ]
    },
    {
        "client_msg_id": "fbb0b49e-2604-4cfa-93a7-d77f64c12e62",
        "type": "message",
        "text": "Here a little bit more AI is necessary.",
        "user": "UJHD6A81H",
        "ts": "1580978268.063700",
        "team": "TJH5YU202",
        "user_team": "TJH5YU202",
        "source_team": "TJH5YU202",
        "user_profile": {
            "avatar_hash": "g6b8073e00e9",
            "image_72": "https:\/\/secure.gravatar.com\/avatar\/b96b8073e00e9eb02bcf05bc1418eb3a.jpg?s=72&d=https%3A%2F%2Fa.slack-edge.com%2Fdf10d%2Fimg%2Favatars%2Fava_0021-72.png",
            "first_name": "Otto",
            "real_name": "Otto Atzwanger",
            "display_name": "Otto",
            "team": "TJH5YU202",
            "name": "otto",
            "is_restricted": false,
            "is_ultra_restricted": false
        },
        "blocks": [
            {
                "type": "rich_text",
                "block_id": "2+A",
                "elements": [
                    {
                        "type": "rich_text_section",
                        "elements": [
                            {
                                "type": "text",
                                "text": "Here a little bit more AI is necessary."
                            }
                        ]
                    }
                ]
            }
        ]
    },
    {
        "client_msg_id": "01c2c546-19db-4c36-ac1e-c4c07f45c993",
        "type": "message",
        "text": "<@UJHD6A81H> I can't judge the translation to German, but to English the only thing wrong is \"you sure get up early\" or something like that rather than \"as you get up early\" (which can be right, just not in context).",
        "user": "UNAHBRTFA",
        "ts": "1580987111.065000",
        "team": "TJH5YU202",
        "user_team": "TJH5YU202",
        "source_team": "TJH5YU202",
        "user_profile": {
            "avatar_hash": "g3d2a3f4c28c",
            "image_72": "https:\/\/secure.gravatar.com\/avatar\/23d2a3f4c28cebb4cf07e48d02620517.jpg?s=72&d=https%3A%2F%2Fa.slack-edge.com%2Fdf10d%2Fimg%2Favatars%2Fava_0020-72.png",
            "first_name": "Andreu",
            "real_name": "Andreu Botella",
            "display_name": "Andreu Botella",
            "team": "TJH5YU202",
            "name": "andreu.132",
            "is_restricted": false,
            "is_ultra_restricted": false
        },
        "blocks": [
            {
                "type": "rich_text",
                "block_id": "kRRpG",
                "elements": [
                    {
                        "type": "rich_text_section",
                        "elements": [
                            {
                                "type": "user",
                                "user_id": "UJHD6A81H"
                            },
                            {
                                "type": "text",
                                "text": " I can't judge the translation to German, but to English the only thing wrong is \"you sure get up early\" or something like that rather than \"as you get up early\" (which can be right, just not in context)."
                            }
                        ]
                    }
                ]
            }
        ]
    },
    {
        "client_msg_id": "fc8f279d-b63c-4654-8215-7c91e73ca030",
        "type": "message",
        "text": "Also, \"bon dia\" is Catalan, but Google seems to have taken it as yet another way of saying \"good morning\" in Spanish. That's interesting.",
        "user": "UNAHBRTFA",
        "ts": "1580987183.065600",
        "team": "TJH5YU202",
        "user_team": "TJH5YU202",
        "source_team": "TJH5YU202",
        "user_profile": {
            "avatar_hash": "g3d2a3f4c28c",
            "image_72": "https:\/\/secure.gravatar.com\/avatar\/23d2a3f4c28cebb4cf07e48d02620517.jpg?s=72&d=https%3A%2F%2Fa.slack-edge.com%2Fdf10d%2Fimg%2Favatars%2Fava_0020-72.png",
            "first_name": "Andreu",
            "real_name": "Andreu Botella",
            "display_name": "Andreu Botella",
            "team": "TJH5YU202",
            "name": "andreu.132",
            "is_restricted": false,
            "is_ultra_restricted": false
        },
        "edited": {
            "user": "UNAHBRTFA",
            "ts": "1580987365.000000"
        },
        "blocks": [
            {
                "type": "rich_text",
                "block_id": "BBVL",
                "elements": [
                    {
                        "type": "rich_text_section",
                        "elements": [
                            {
                                "type": "text",
                                "text": "Also, \"bon dia\" is Catalan, but Google seems to have taken it as yet another way of saying \"good morning\" in Spanish. That's interesting."
                            }
                        ]
                    }
                ]
            }
        ]
    },
    {
        "client_msg_id": "b9d8d3ba-9f11-47b5-905d-074a10539bd8",
        "type": "message",
        "text": "Andreu what gives you \"Buenos dias. Joder, Antonio, Charly\".",
        "user": "UJHD6A81H",
        "ts": "1580992370.066200",
        "team": "TJH5YU202",
        "user_team": "TJH5YU202",
        "source_team": "TJH5YU202",
        "user_profile": {
            "avatar_hash": "g6b8073e00e9",
            "image_72": "https:\/\/secure.gravatar.com\/avatar\/b96b8073e00e9eb02bcf05bc1418eb3a.jpg?s=72&d=https%3A%2F%2Fa.slack-edge.com%2Fdf10d%2Fimg%2Favatars%2Fava_0021-72.png",
            "first_name": "Otto",
            "real_name": "Otto Atzwanger",
            "display_name": "Otto",
            "team": "TJH5YU202",
            "name": "otto",
            "is_restricted": false,
            "is_ultra_restricted": false
        },
        "blocks": [
            {
                "type": "rich_text",
                "block_id": "pm+3",
                "elements": [
                    {
                        "type": "rich_text_section",
                        "elements": [
                            {
                                "type": "text",
                                "text": "Andreu what gives you \"Buenos dias. Joder, Antonio, Charly\"."
                            }
                        ]
                    }
                ]
            }
        ]
    },
    {
        "client_msg_id": "290e7111-0418-4c2f-b6a7-a944ffd54268",
        "type": "message",
        "text": "The complete sentence is \"Joder, Antonio, Charly, como madrugais\"",
        "user": "UNAHBRTFA",
        "ts": "1580992453.066900",
        "team": "TJH5YU202",
        "user_team": "TJH5YU202",
        "source_team": "TJH5YU202",
        "user_profile": {
            "avatar_hash": "g3d2a3f4c28c",
            "image_72": "https:\/\/secure.gravatar.com\/avatar\/23d2a3f4c28cebb4cf07e48d02620517.jpg?s=72&d=https%3A%2F%2Fa.slack-edge.com%2Fdf10d%2Fimg%2Favatars%2Fava_0020-72.png",
            "first_name": "Andreu",
            "real_name": "Andreu Botella",
            "display_name": "Andreu Botella",
            "team": "TJH5YU202",
            "name": "andreu.132",
            "is_restricted": false,
            "is_ultra_restricted": false
        },
        "blocks": [
            {
                "type": "rich_text",
                "block_id": "sbrhO",
                "elements": [
                    {
                        "type": "rich_text_section",
                        "elements": [
                            {
                                "type": "text",
                                "text": "The complete sentence is \"Joder, Antonio, Charly, como madrugais\""
                            }
                        ]
                    }
                ]
            }
        ]
    },
    {
        "client_msg_id": "97a2e3d1-8172-4e56-a653-3bbcee3cc9f4",
        "type": "message",
        "text": "Google says \"Fuck, Antonio, Charly, as you get up early\"",
        "user": "UNAHBRTFA",
        "ts": "1580992471.067400",
        "team": "TJH5YU202",
        "user_team": "TJH5YU202",
        "source_team": "TJH5YU202",
        "user_profile": {
            "avatar_hash": "g3d2a3f4c28c",
            "image_72": "https:\/\/secure.gravatar.com\/avatar\/23d2a3f4c28cebb4cf07e48d02620517.jpg?s=72&d=https%3A%2F%2Fa.slack-edge.com%2Fdf10d%2Fimg%2Favatars%2Fava_0020-72.png",
            "first_name": "Andreu",
            "real_name": "Andreu Botella",
            "display_name": "Andreu Botella",
            "team": "TJH5YU202",
            "name": "andreu.132",
            "is_restricted": false,
            "is_ultra_restricted": false
        },
        "blocks": [
            {
                "type": "rich_text",
                "block_id": "Xq+0v",
                "elements": [
                    {
                        "type": "rich_text_section",
                        "elements": [
                            {
                                "type": "text",
                                "text": "Google says \"Fuck, Antonio, Charly, as you get up early\""
                            }
                        ]
                    }
                ]
            }
        ]
    },
    {
        "client_msg_id": "b02e7942-f3bd-4354-8110-45054db0a3dd",
        "type": "message",
        "text": "I'd go with \"Damn, Antonio, Charly, you sure get up early\", but \"fuck\" would be acceptable",
        "user": "UNAHBRTFA",
        "ts": "1580992484.067800",
        "team": "TJH5YU202",
        "user_team": "TJH5YU202",
        "source_team": "TJH5YU202",
        "user_profile": {
            "avatar_hash": "g3d2a3f4c28c",
            "image_72": "https:\/\/secure.gravatar.com\/avatar\/23d2a3f4c28cebb4cf07e48d02620517.jpg?s=72&d=https%3A%2F%2Fa.slack-edge.com%2Fdf10d%2Fimg%2Favatars%2Fava_0020-72.png",
            "first_name": "Andreu",
            "real_name": "Andreu Botella",
            "display_name": "Andreu Botella",
            "team": "TJH5YU202",
            "name": "andreu.132",
            "is_restricted": false,
            "is_ultra_restricted": false
        },
        "blocks": [
            {
                "type": "rich_text",
                "block_id": "cXaB",
                "elements": [
                    {
                        "type": "rich_text_section",
                        "elements": [
                            {
                                "type": "text",
                                "text": "I'd go with \"Damn, Antonio, Charly, you sure get up early\", but \"fuck\" would be acceptable"
                            }
                        ]
                    }
                ]
            }
        ]
    },
    {
        "client_msg_id": "85e69d46-9f3d-46e6-a886-5dda4663057d",
        "type": "message",
        "text": "I couldn't imagine. I thought \"Who the f.... is Joder?\".",
        "user": "UJHD6A81H",
        "ts": "1580995986.069100",
        "team": "TJH5YU202",
        "user_team": "TJH5YU202",
        "source_team": "TJH5YU202",
        "user_profile": {
            "avatar_hash": "g6b8073e00e9",
            "image_72": "https:\/\/secure.gravatar.com\/avatar\/b96b8073e00e9eb02bcf05bc1418eb3a.jpg?s=72&d=https%3A%2F%2Fa.slack-edge.com%2Fdf10d%2Fimg%2Favatars%2Fava_0021-72.png",
            "first_name": "Otto",
            "real_name": "Otto Atzwanger",
            "display_name": "Otto",
            "team": "TJH5YU202",
            "name": "otto",
            "is_restricted": false,
            "is_ultra_restricted": false
        },
        "blocks": [
            {
                "type": "rich_text",
                "block_id": "+WmIK",
                "elements": [
                    {
                        "type": "rich_text_section",
                        "elements": [
                            {
                                "type": "text",
                                "text": "I couldn't imagine. I thought \"Who the f.... is Joder?\"."
                            }
                        ]
                    }
                ]
            }
        ]
    },
    {
        "type": "message",
        "text": "",
        "files": [
            {
                "id": "FTMDHQJHJ",
                "created": 1580996904,
                "timestamp": 1580996904,
                "name": "20200206_144631.jpg",
                "title": "Imagen de Android",
                "mimetype": "image\/jpeg",
                "filetype": "jpg",
                "pretty_type": "JPEG",
                "user": "UJWR5N32S",
                "editable": false,
                "size": 350983,
                "mode": "hosted",
                "is_external": false,
                "external_type": "",
                "is_public": true,
                "public_url_shared": false,
                "display_as_bot": false,
                "username": "",
                "url_private": "https:\/\/files.slack.com\/files-pri\/TJH5YU202-FTMDHQJHJ\/20200206_144631.jpg?t=xoxe-629202954002-950795328464-950341379620-2ca7f74bb6537751ea5666f8f5e8896e",
                "url_private_download": "https:\/\/files.slack.com\/files-pri\/TJH5YU202-FTMDHQJHJ\/download\/20200206_144631.jpg?t=xoxe-629202954002-950795328464-950341379620-2ca7f74bb6537751ea5666f8f5e8896e",
                "thumb_64": "https:\/\/files.slack.com\/files-tmb\/TJH5YU202-FTMDHQJHJ-15315f3ae8\/20200206_144631_64.jpg?t=xoxe-629202954002-950795328464-950341379620-2ca7f74bb6537751ea5666f8f5e8896e",
                "thumb_80": "https:\/\/files.slack.com\/files-tmb\/TJH5YU202-FTMDHQJHJ-15315f3ae8\/20200206_144631_80.jpg?t=xoxe-629202954002-950795328464-950341379620-2ca7f74bb6537751ea5666f8f5e8896e",
                "thumb_360": "https:\/\/files.slack.com\/files-tmb\/TJH5YU202-FTMDHQJHJ-15315f3ae8\/20200206_144631_360.jpg?t=xoxe-629202954002-950795328464-950341379620-2ca7f74bb6537751ea5666f8f5e8896e",
                "thumb_360_w": 175,
                "thumb_360_h": 360,
                "thumb_480": "https:\/\/files.slack.com\/files-tmb\/TJH5YU202-FTMDHQJHJ-15315f3ae8\/20200206_144631_480.jpg?t=xoxe-629202954002-950795328464-950341379620-2ca7f74bb6537751ea5666f8f5e8896e",
                "thumb_480_w": 233,
                "thumb_480_h": 480,
                "thumb_160": "https:\/\/files.slack.com\/files-tmb\/TJH5YU202-FTMDHQJHJ-15315f3ae8\/20200206_144631_160.jpg?t=xoxe-629202954002-950795328464-950341379620-2ca7f74bb6537751ea5666f8f5e8896e",
                "thumb_720": "https:\/\/files.slack.com\/files-tmb\/TJH5YU202-FTMDHQJHJ-15315f3ae8\/20200206_144631_720.jpg?t=xoxe-629202954002-950795328464-950341379620-2ca7f74bb6537751ea5666f8f5e8896e",
                "thumb_720_w": 350,
                "thumb_720_h": 720,
                "thumb_800": "https:\/\/files.slack.com\/files-tmb\/TJH5YU202-FTMDHQJHJ-15315f3ae8\/20200206_144631_800.jpg?t=xoxe-629202954002-950795328464-950341379620-2ca7f74bb6537751ea5666f8f5e8896e",
                "thumb_800_w": 800,
                "thumb_800_h": 1646,
                "thumb_960": "https:\/\/files.slack.com\/files-tmb\/TJH5YU202-FTMDHQJHJ-15315f3ae8\/20200206_144631_960.jpg?t=xoxe-629202954002-950795328464-950341379620-2ca7f74bb6537751ea5666f8f5e8896e",
                "thumb_960_w": 467,
                "thumb_960_h": 960,
                "thumb_1024": "https:\/\/files.slack.com\/files-tmb\/TJH5YU202-FTMDHQJHJ-15315f3ae8\/20200206_144631_1024.jpg?t=xoxe-629202954002-950795328464-950341379620-2ca7f74bb6537751ea5666f8f5e8896e",
                "thumb_1024_w": 498,
                "thumb_1024_h": 1024,
                "image_exif_rotation": 6,
                "original_w": 4032,
                "original_h": 1960,
                "thumb_tiny": "AwAwABdpANNwAeaiFxj+GnCZD1U0APAX1pcL6mmebH2yPwpfOT+8fypiKtFW7azWSMSO+F9BVsW8JiKKoAYdR1\/OpuMyaMU6RGjkKN1FNpgaNi2d8Z6dQKmluYoRgnJH8K1m7iOhI7cVGwpWGS3E\/wBokDbAuBiosUqDmpOaBH\/\/2Q==",
                "permalink": "https:\/\/harbourproject.slack.com\/files\/UJWR5N32S\/FTMDHQJHJ\/20200206_144631.jpg",
                "permalink_public": "https:\/\/slack-files.com\/TJH5YU202-FTMDHQJHJ-05062db405",
                "is_starred": false,
                "has_rich_preview": false
            }
        ],
        "upload": true,
        "user": "UJWR5N32S",
        "display_as_bot": false,
        "ts": "1580996915.069200",
        "client_msg_id": "357889ca-e3a5-4806-b4bb-1e79bc7458a3"
    },
    {
        "client_msg_id": "E6D59F21-7964-4AB9-AD2A-8E4AC6FF5AD8",
        "type": "message",
        "text": "Es nostalgia?",
        "user": "UJH8DPY58",
        "ts": "1580997487.069700",
        "team": "TJH5YU202",
        "user_team": "TJH5YU202",
        "source_team": "TJH5YU202",
        "user_profile": {
            "avatar_hash": "g1cac88c496c",
            "image_72": "https:\/\/secure.gravatar.com\/avatar\/451cac88c496c2cec0b934a281b6eb94.jpg?s=72&d=https%3A%2F%2Fa.slack-edge.com%2Fdf10d%2Fimg%2Favatars%2Fava_0020-72.png",
            "first_name": "",
            "real_name": "Juan Pastor",
            "display_name": "",
            "team": "TJH5YU202",
            "name": "jpastor68",
            "is_restricted": false,
            "is_ultra_restricted": false
        },
        "blocks": [
            {
                "type": "rich_text",
                "block_id": "qE4i",
                "elements": [
                    {
                        "type": "rich_text_section",
                        "elements": [
                            {
                                "type": "text",
                                "text": "Es nostalgia?"
                            }
                        ]
                    }
                ]
            }
        ]
    },
    {
        "client_msg_id": "a07270cd-8b9d-4bfe-8b04-509823e90b45",
        "type": "message",
        "text": "Cambio de rumbo? :wink:",
        "user": "UJWR5N32S",
        "ts": "1580997583.070100",
        "team": "TJH5YU202",
        "user_team": "TJH5YU202",
        "source_team": "TJH5YU202",
        "user_profile": {
            "avatar_hash": "273d3745f7ae",
            "image_72": "https:\/\/avatars.slack-edge.com\/2019-05-20\/634344238497_273d3745f7ae1b176b82_72.jpg",
            "first_name": "Charly",
            "real_name": "Charly",
            "display_name": "Charly",
            "team": "TJH5YU202",
            "name": "carles9000",
            "is_restricted": false,
            "is_ultra_restricted": false
        },
        "blocks": [
            {
                "type": "rich_text",
                "block_id": "9sS",
                "elements": [
                    {
                        "type": "rich_text_section",
                        "elements": [
                            {
                                "type": "text",
                                "text": "Cambio de rumbo? "
                            },
                            {
                                "type": "emoji",
                                "name": "wink"
                            }
                        ]
                    }
                ]
            }
        ]
    },
    {
        "client_msg_id": "D93EAC73-8069-4BC4-AC3D-71BE4F0F1B5C",
        "type": "message",
        "text": "Tú ya sabes que aquí tienes tú casa, cuando tengas ganas",
        "user": "UJH8DPY58",
        "ts": "1580997631.070900",
        "team": "TJH5YU202",
        "user_team": "TJH5YU202",
        "source_team": "TJH5YU202",
        "user_profile": {
            "avatar_hash": "g1cac88c496c",
            "image_72": "https:\/\/secure.gravatar.com\/avatar\/451cac88c496c2cec0b934a281b6eb94.jpg?s=72&d=https%3A%2F%2Fa.slack-edge.com%2Fdf10d%2Fimg%2Favatars%2Fava_0020-72.png",
            "first_name": "",
            "real_name": "Juan Pastor",
            "display_name": "",
            "team": "TJH5YU202",
            "name": "jpastor68",
            "is_restricted": false,
            "is_ultra_restricted": false
        },
        "blocks": [
            {
                "type": "rich_text",
                "block_id": "6kD",
                "elements": [
                    {
                        "type": "rich_text_section",
                        "elements": [
                            {
                                "type": "text",
                                "text": "Tú ya sabes que aquí tienes tú casa, cuando tengas ganas"
                            }
                        ]
                    }
                ]
            }
        ]
    },
    {
        "client_msg_id": "323ce018-f0d4-4bcc-99fb-9c34239e1119",
        "type": "message",
        "text": ":sunglasses: :hugging_face:",
        "user": "UJWR5N32S",
        "ts": "1580998219.071000",
        "team": "TJH5YU202",
        "user_team": "TJH5YU202",
        "source_team": "TJH5YU202",
        "user_profile": {
            "avatar_hash": "273d3745f7ae",
            "image_72": "https:\/\/avatars.slack-edge.com\/2019-05-20\/634344238497_273d3745f7ae1b176b82_72.jpg",
            "first_name": "Charly",
            "real_name": "Charly",
            "display_name": "Charly",
            "team": "TJH5YU202",
            "name": "carles9000",
            "is_restricted": false,
            "is_ultra_restricted": false
        },
        "blocks": [
            {
                "type": "rich_text",
                "block_id": "12V",
                "elements": [
                    {
                        "type": "rich_text_section",
                        "elements": [
                            {
                                "type": "emoji",
                                "name": "sunglasses"
                            },
                            {
                                "type": "text",
                                "text": " "
                            },
                            {
                                "type": "emoji",
                                "name": "hugging_face"
                            }
                        ]
                    }
                ]
            }
        ]
    },
    {
        "client_msg_id": "c6ee4301-9a4b-427d-a877-aabab2b2a318",
        "type": "message",
        "text": "Bon dia. Por fin viernes",
        "user": "UJWR5N32S",
        "ts": "1581056028.071300",
        "team": "TJH5YU202",
        "user_team": "TJH5YU202",
        "source_team": "TJH5YU202",
        "user_profile": {
            "avatar_hash": "273d3745f7ae",
            "image_72": "https:\/\/avatars.slack-edge.com\/2019-05-20\/634344238497_273d3745f7ae1b176b82_72.jpg",
            "first_name": "Charly",
            "real_name": "Charly",
            "display_name": "Charly",
            "team": "TJH5YU202",
            "name": "carles9000",
            "is_restricted": false,
            "is_ultra_restricted": false
        },
        "blocks": [
            {
                "type": "rich_text",
                "block_id": "7d99",
                "elements": [
                    {
                        "type": "rich_text_section",
                        "elements": [
                            {
                                "type": "text",
                                "text": "Bon dia. Por fin viernes"
                            }
                        ]
                    }
                ]
            }
        ]
    },
    {
        "client_msg_id": "12de1948-00c9-42dd-b466-0d316493e76a",
        "type": "message",
        "text": "buenos dias Charly",
        "user": "UJXP7LS78",
        "ts": "1581057353.071500",
        "team": "TJH5YU202",
        "user_team": "TJH5YU202",
        "source_team": "TJH5YU202",
        "user_profile": {
            "avatar_hash": "gc4a0baebb72",
            "image_72": "https:\/\/secure.gravatar.com\/avatar\/a1c4a0baebb720b97e5a197259dbf409.jpg?s=72&d=https%3A%2F%2Fa.slack-edge.com%2Fdf10d%2Fimg%2Favatars%2Fava_0007-72.png",
            "first_name": "",
            "real_name": "wilson gamboa",
            "display_name": "wilson gamboa",
            "team": "TJH5YU202",
            "name": "wilson.josenet",
            "is_restricted": false,
            "is_ultra_restricted": false
        },
        "blocks": [
            {
                "type": "rich_text",
                "block_id": "zITHc",
                "elements": [
                    {
                        "type": "rich_text_section",
                        "elements": [
                            {
                                "type": "text",
                                "text": "buenos dias Charly"
                            }
                        ]
                    }
                ]
            }
        ]
    },
    {
        "client_msg_id": "2b0df31b-01f3-47b0-a5b9-20487eca3e40",
        "type": "message",
        "text": "asi es",
        "user": "UJXP7LS78",
        "ts": "1581057357.071700",
        "team": "TJH5YU202",
        "user_team": "TJH5YU202",
        "source_team": "TJH5YU202",
        "user_profile": {
            "avatar_hash": "gc4a0baebb72",
            "image_72": "https:\/\/secure.gravatar.com\/avatar\/a1c4a0baebb720b97e5a197259dbf409.jpg?s=72&d=https%3A%2F%2Fa.slack-edge.com%2Fdf10d%2Fimg%2Favatars%2Fava_0007-72.png",
            "first_name": "",
            "real_name": "wilson gamboa",
            "display_name": "wilson gamboa",
            "team": "TJH5YU202",
            "name": "wilson.josenet",
            "is_restricted": false,
            "is_ultra_restricted": false
        },
        "blocks": [
            {
                "type": "rich_text",
                "block_id": "Kefq",
                "elements": [
                    {
                        "type": "rich_text_section",
                        "elements": [
                            {
                                "type": "text",
                                "text": "asi es"
                            }
                        ]
                    }
                ]
            }
        ]
    },
    {
        "client_msg_id": "e5dadf03-a6af-4568-bcae-9d3cbf55e950",
        "type": "message",
        "text": "aun estoy trabajando",
        "user": "UJXP7LS78",
        "ts": "1581057362.071900",
        "team": "TJH5YU202",
        "user_team": "TJH5YU202",
        "source_team": "TJH5YU202",
        "user_profile": {
            "avatar_hash": "gc4a0baebb72",
            "image_72": "https:\/\/secure.gravatar.com\/avatar\/a1c4a0baebb720b97e5a197259dbf409.jpg?s=72&d=https%3A%2F%2Fa.slack-edge.com%2Fdf10d%2Fimg%2Favatars%2Fava_0007-72.png",
            "first_name": "",
            "real_name": "wilson gamboa",
            "display_name": "wilson gamboa",
            "team": "TJH5YU202",
            "name": "wilson.josenet",
            "is_restricted": false,
            "is_ultra_restricted": false
        },
        "blocks": [
            {
                "type": "rich_text",
                "block_id": "XKmgU",
                "elements": [
                    {
                        "type": "rich_text_section",
                        "elements": [
                            {
                                "type": "text",
                                "text": "aun estoy trabajando"
                            }
                        ]
                    }
                ]
            }
        ]
    },
    {
        "client_msg_id": "396eed3b-7232-48e0-a81f-b2563c9df87e",
        "type": "message",
        "text": "aca son las 1:36 am",
        "user": "UJXP7LS78",
        "ts": "1581057375.072300",
        "team": "TJH5YU202",
        "user_team": "TJH5YU202",
        "source_team": "TJH5YU202",
        "user_profile": {
            "avatar_hash": "gc4a0baebb72",
            "image_72": "https:\/\/secure.gravatar.com\/avatar\/a1c4a0baebb720b97e5a197259dbf409.jpg?s=72&d=https%3A%2F%2Fa.slack-edge.com%2Fdf10d%2Fimg%2Favatars%2Fava_0007-72.png",
            "first_name": "",
            "real_name": "wilson gamboa",
            "display_name": "wilson gamboa",
            "team": "TJH5YU202",
            "name": "wilson.josenet",
            "is_restricted": false,
            "is_ultra_restricted": false
        },
        "blocks": [
            {
                "type": "rich_text",
                "block_id": "K73y",
                "elements": [
                    {
                        "type": "rich_text_section",
                        "elements": [
                            {
                                "type": "text",
                                "text": "aca son las 1:36 am"
                            }
                        ]
                    }
                ]
            }
        ]
    },
    {
        "client_msg_id": "881f2a7f-34f6-406b-9394-412c913e5372",
        "type": "message",
        "text": "un lindo viernes a todos",
        "user": "UJXP7LS78",
        "ts": "1581057386.072600",
        "team": "TJH5YU202",
        "user_team": "TJH5YU202",
        "source_team": "TJH5YU202",
        "user_profile": {
            "avatar_hash": "gc4a0baebb72",
            "image_72": "https:\/\/secure.gravatar.com\/avatar\/a1c4a0baebb720b97e5a197259dbf409.jpg?s=72&d=https%3A%2F%2Fa.slack-edge.com%2Fdf10d%2Fimg%2Favatars%2Fava_0007-72.png",
            "first_name": "",
            "real_name": "wilson gamboa",
            "display_name": "wilson gamboa",
            "team": "TJH5YU202",
            "name": "wilson.josenet",
            "is_restricted": false,
            "is_ultra_restricted": false
        },
        "blocks": [
            {
                "type": "rich_text",
                "block_id": "DqFa7",
                "elements": [
                    {
                        "type": "rich_text_section",
                        "elements": [
                            {
                                "type": "text",
                                "text": "un lindo viernes a todos"
                            }
                        ]
                    }
                ]
            }
        ]
    },
    {
        "client_msg_id": "433f2955-1c22-47f0-b58b-31086fecb694",
        "type": "message",
        "text": "&gt; “Good morning!” he said at last. “We don’t want any adventures here, thank you! You might try over The Hill or across The Water.” By this he meant that the conversation was at an end.\n&gt; \t“What a lot of things you do use _Good morning_ for!” said Gandalf.",
        "user": "UNAHBRTFA",
        "ts": "1581061731.072900",
        "team": "TJH5YU202",
        "user_team": "TJH5YU202",
        "source_team": "TJH5YU202",
        "user_profile": {
            "avatar_hash": "g3d2a3f4c28c",
            "image_72": "https:\/\/secure.gravatar.com\/avatar\/23d2a3f4c28cebb4cf07e48d02620517.jpg?s=72&d=https%3A%2F%2Fa.slack-edge.com%2Fdf10d%2Fimg%2Favatars%2Fava_0020-72.png",
            "first_name": "Andreu",
            "real_name": "Andreu Botella",
            "display_name": "Andreu Botella",
            "team": "TJH5YU202",
            "name": "andreu.132",
            "is_restricted": false,
            "is_ultra_restricted": false
        },
        "blocks": [
            {
                "type": "rich_text",
                "block_id": "1aPw1",
                "elements": [
                    {
                        "type": "rich_text_quote",
                        "elements": [
                            {
                                "type": "text",
                                "text": "“Good morning!” he said at last. “We don’t want any adventures here, thank you! You might try over The Hill or across The Water.” By this he meant that the conversation was at an end.\n\t“What a lot of things you do use "
                            },
                            {
                                "type": "text",
                                "text": "Good morning",
                                "style": {
                                    "italic": true
                                }
                            },
                            {
                                "type": "text",
                                "text": " for!” said Gandalf."
                            }
                        ]
                    }
                ]
            }
        ]
    },
    {
        "client_msg_id": "175c997c-3c44-479a-805e-91fd497701f8",
        "type": "message",
        "text": "Este Gandalf del principio de _El Hobbit_, canalizando aquí al filólogo de Tolkien, parece casi salirse del personaje en el que se convirtió con _El Señor de los Anillos_.",
        "user": "UNAHBRTFA",
        "ts": "1581062092.074300",
        "team": "TJH5YU202",
        "user_team": "TJH5YU202",
        "source_team": "TJH5YU202",
        "user_profile": {
            "avatar_hash": "g3d2a3f4c28c",
            "image_72": "https:\/\/secure.gravatar.com\/avatar\/23d2a3f4c28cebb4cf07e48d02620517.jpg?s=72&d=https%3A%2F%2Fa.slack-edge.com%2Fdf10d%2Fimg%2Favatars%2Fava_0020-72.png",
            "first_name": "Andreu",
            "real_name": "Andreu Botella",
            "display_name": "Andreu Botella",
            "team": "TJH5YU202",
            "name": "andreu.132",
            "is_restricted": false,
            "is_ultra_restricted": false
        },
        "blocks": [
            {
                "type": "rich_text",
                "block_id": "NKS",
                "elements": [
                    {
                        "type": "rich_text_section",
                        "elements": [
                            {
                                "type": "text",
                                "text": "Este Gandalf del principio de "
                            },
                            {
                                "type": "text",
                                "text": "El Hobbit",
                                "style": {
                                    "italic": true
                                }
                            },
                            {
                                "type": "text",
                                "text": ", canalizando aquí al filólogo de Tolkien, parece casi salirse del personaje en el que se convirtió con "
                            },
                            {
                                "type": "text",
                                "text": "El Señor de los Anillos",
                                "style": {
                                    "italic": true
                                }
                            },
                            {
                                "type": "text",
                                "text": "."
                            }
                        ]
                    }
                ]
            }
        ]
    },
    {
        "client_msg_id": "bc045ece-7106-40ad-aada-a7ee43ff2f24",
        "type": "message",
        "text": "De \"Bladorthin\" el mago que resuelve los problemas más con ingenio que con poder, a Olórin el más sabio de los Maiar, enviado de dios a la Tierra Media para luchar contra Sauron..... hay un buen trecho.",
        "user": "UNAHBRTFA",
        "ts": "1581062145.075300",
        "team": "TJH5YU202",
        "user_team": "TJH5YU202",
        "source_team": "TJH5YU202",
        "user_profile": {
            "avatar_hash": "g3d2a3f4c28c",
            "image_72": "https:\/\/secure.gravatar.com\/avatar\/23d2a3f4c28cebb4cf07e48d02620517.jpg?s=72&d=https%3A%2F%2Fa.slack-edge.com%2Fdf10d%2Fimg%2Favatars%2Fava_0020-72.png",
            "first_name": "Andreu",
            "real_name": "Andreu Botella",
            "display_name": "Andreu Botella",
            "team": "TJH5YU202",
            "name": "andreu.132",
            "is_restricted": false,
            "is_ultra_restricted": false
        },
        "blocks": [
            {
                "type": "rich_text",
                "block_id": "9Pe",
                "elements": [
                    {
                        "type": "rich_text_section",
                        "elements": [
                            {
                                "type": "text",
                                "text": "De \"Bladorthin\" el mago que resuelve los problemas más con ingenio que con poder, a Olórin el más sabio de los Maiar, enviado de dios a la Tierra Media para luchar contra Sauron..... hay un buen trecho."
                            }
                        ]
                    }
                ]
            }
        ]
    }
]