[
    {
        "client_msg_id": "fcd21bea-7641-4746-9e40-adc026c2fba0",
        "type": "message",
        "text": "<https:\/\/www.youtube.com\/watch?v=NtzZBTjKngw>",
        "user": "UJHD6A81H",
        "ts": "1580285191.109900",
        "team": "TJH5YU202",
        "user_team": "TJH5YU202",
        "source_team": "TJH5YU202",
        "user_profile": {
            "avatar_hash": "g6b8073e00e9",
            "image_72": "https:\/\/secure.gravatar.com\/avatar\/b96b8073e00e9eb02bcf05bc1418eb3a.jpg?s=72&d=https%3A%2F%2Fa.slack-edge.com%2Fdf10d%2Fimg%2Favatars%2Fava_0021-72.png",
            "first_name": "Otto",
            "real_name": "Otto Atzwanger",
            "display_name": "Otto",
            "team": "TJH5YU202",
            "name": "otto",
            "is_restricted": false,
            "is_ultra_restricted": false
        },
        "attachments": [
            {
                "service_name": "YouTube",
                "service_url": "https:\/\/www.youtube.com\/",
                "title": "Kevin Mitnick: Live Hack at CeBIT Global Conferences 2015",
                "title_link": "https:\/\/www.youtube.com\/watch?v=NtzZBTjKngw",
                "author_name": "cebitchannel",
                "author_link": "https:\/\/www.youtube.com\/user\/cebitchannel",
                "thumb_url": "https:\/\/i.ytimg.com\/vi\/NtzZBTjKngw\/hqdefault.jpg",
                "thumb_width": 480,
                "thumb_height": 360,
                "fallback": "YouTube Video: Kevin Mitnick: Live Hack at CeBIT Global Conferences 2015",
                "video_html": "<iframe width=\"400\" height=\"225\" src=\"https:\/\/www.youtube.com\/embed\/NtzZBTjKngw?feature=oembed&autoplay=1&iv_load_policy=3\" frameborder=\"0\" allow=\"accelerometer; autoplay; encrypted-media; gyroscope; picture-in-picture\" allowfullscreen><\/iframe>",
                "video_html_width": 400,
                "video_html_height": 225,
                "from_url": "https:\/\/www.youtube.com\/watch?v=NtzZBTjKngw",
                "service_icon": "https:\/\/a.slack-edge.com\/80588\/img\/unfurl_icons\/youtube.png",
                "id": 1,
                "original_url": "https:\/\/www.youtube.com\/watch?v=NtzZBTjKngw"
            }
        ],
        "blocks": [
            {
                "type": "rich_text",
                "block_id": "PCEoO",
                "elements": [
                    {
                        "type": "rich_text_section",
                        "elements": [
                            {
                                "type": "link",
                                "url": "https:\/\/www.youtube.com\/watch?v=NtzZBTjKngw"
                            }
                        ]
                    }
                ]
            }
        ]
    },
    {
        "client_msg_id": "9537f74a-bc69-402e-9b2a-4c66b2d5763e",
        "type": "message",
        "text": "Hello,\nWe sent the first newsletter.\nmod harbor brings us an exciting time.\nI wish you all a lovely day and remain with kind regards\nOtto\n\n<https:\/\/t4d236b6b.emailsys2a.net\/mailing\/22\/2564889\/0\/54eb1cffa1\/index.html>",
        "user": "UJHD6A81H",
        "ts": "1580302798.110300",
        "team": "TJH5YU202",
        "user_team": "TJH5YU202",
        "source_team": "TJH5YU202",
        "user_profile": {
            "avatar_hash": "g6b8073e00e9",
            "image_72": "https:\/\/secure.gravatar.com\/avatar\/b96b8073e00e9eb02bcf05bc1418eb3a.jpg?s=72&d=https%3A%2F%2Fa.slack-edge.com%2Fdf10d%2Fimg%2Favatars%2Fava_0021-72.png",
            "first_name": "Otto",
            "real_name": "Otto Atzwanger",
            "display_name": "Otto",
            "team": "TJH5YU202",
            "name": "otto",
            "is_restricted": false,
            "is_ultra_restricted": false
        },
        "blocks": [
            {
                "type": "rich_text",
                "block_id": "jai",
                "elements": [
                    {
                        "type": "rich_text_section",
                        "elements": [
                            {
                                "type": "text",
                                "text": "Hello,\nWe sent the first newsletter.\nmod harbor brings us an exciting time.\nI wish you all a lovely day and remain with kind regards\nOtto\n\n"
                            },
                            {
                                "type": "link",
                                "url": "https:\/\/t4d236b6b.emailsys2a.net\/mailing\/22\/2564889\/0\/54eb1cffa1\/index.html"
                            }
                        ]
                    }
                ]
            }
        ]
    },
    {
        "client_msg_id": "4e3f74e1-5002-4a02-9010-74561edb1f35",
        "type": "message",
        "text": "We have 23 new subscribers for the newsletter!",
        "user": "UJHD6A81H",
        "ts": "1580302857.110900",
        "team": "TJH5YU202",
        "user_team": "TJH5YU202",
        "source_team": "TJH5YU202",
        "user_profile": {
            "avatar_hash": "g6b8073e00e9",
            "image_72": "https:\/\/secure.gravatar.com\/avatar\/b96b8073e00e9eb02bcf05bc1418eb3a.jpg?s=72&d=https%3A%2F%2Fa.slack-edge.com%2Fdf10d%2Fimg%2Favatars%2Fava_0021-72.png",
            "first_name": "Otto",
            "real_name": "Otto Atzwanger",
            "display_name": "Otto",
            "team": "TJH5YU202",
            "name": "otto",
            "is_restricted": false,
            "is_ultra_restricted": false
        },
        "blocks": [
            {
                "type": "rich_text",
                "block_id": "n9u1S",
                "elements": [
                    {
                        "type": "rich_text_section",
                        "elements": [
                            {
                                "type": "text",
                                "text": "We have 23 new subscribers for the newsletter!"
                            }
                        ]
                    }
                ]
            }
        ]
    },
    {
        "client_msg_id": "5bdad20e-8e53-4d6a-a2c2-98195e1b083e",
        "type": "message",
        "text": "<https:\/\/www.modharbour.org>",
        "user": "UJN8D8U3B",
        "ts": "1580304227.111300",
        "team": "TJH5YU202",
        "user_team": "TJH5YU202",
        "source_team": "TJH5YU202",
        "user_profile": {
            "avatar_hash": "g92ad2abcc45",
            "image_72": "https:\/\/secure.gravatar.com\/avatar\/8492ad2abcc45ce53969adcf8420acde.jpg?s=72&d=https%3A%2F%2Fa.slack-edge.com%2Fdf10d%2Fimg%2Favatars%2Fava_0008-72.png",
            "first_name": "",
            "real_name": "Antonio Linares",
            "display_name": "Antonio Linares",
            "team": "TJH5YU202",
            "name": "alinares",
            "is_restricted": false,
            "is_ultra_restricted": false
        },
        "blocks": [
            {
                "type": "rich_text",
                "block_id": "UzJSD",
                "elements": [
                    {
                        "type": "rich_text_section",
                        "elements": [
                            {
                                "type": "link",
                                "url": "https:\/\/www.modharbour.org"
                            }
                        ]
                    }
                ]
            }
        ]
    },
    {
        "client_msg_id": "273540ab-18f6-4dd3-a207-6c0656129975",
        "type": "message",
        "text": "It has an old version of the module",
        "user": "UM81W8B0Q",
        "ts": "1580306720.112900",
        "team": "TJH5YU202",
        "user_team": "TJH5YU202",
        "source_team": "TJH5YU202",
        "user_profile": {
            "avatar_hash": "gab9279ee8c0",
            "image_72": "https:\/\/secure.gravatar.com\/avatar\/73ab9279ee8c00f66ce4904d30146c8f.jpg?s=72&d=https%3A%2F%2Fa.slack-edge.com%2Fdf10d%2Fimg%2Favatars%2Fava_0010-72.png",
            "first_name": "",
            "real_name": "Angel Pais",
            "display_name": "Angel Pais",
            "team": "TJH5YU202",
            "name": "amigosam",
            "is_restricted": false,
            "is_ultra_restricted": false
        },
        "blocks": [
            {
                "type": "rich_text",
                "block_id": "LQIPz",
                "elements": [
                    {
                        "type": "rich_text_section",
                        "elements": [
                            {
                                "type": "text",
                                "text": "It has an old version of the module"
                            }
                        ]
                    }
                ]
            }
        ]
    },
    {
        "client_msg_id": "71618f66-e537-4393-836a-45b7c05efa09",
        "type": "message",
        "text": "The first newsletter was a success. We have 35 subscribers.\nCan you all please help with content for the next edition.\nIf someone of you has email addresses of colleges who do not know mod harbour by now, please send the newsletter to them to and ask that they should subscribe.",
        "user": "UJHD6A81H",
        "ts": "1580316893.113600",
        "team": "TJH5YU202",
        "user_team": "TJH5YU202",
        "source_team": "TJH5YU202",
        "user_profile": {
            "avatar_hash": "g6b8073e00e9",
            "image_72": "https:\/\/secure.gravatar.com\/avatar\/b96b8073e00e9eb02bcf05bc1418eb3a.jpg?s=72&d=https%3A%2F%2Fa.slack-edge.com%2Fdf10d%2Fimg%2Favatars%2Fava_0021-72.png",
            "first_name": "Otto",
            "real_name": "Otto Atzwanger",
            "display_name": "Otto",
            "team": "TJH5YU202",
            "name": "otto",
            "is_restricted": false,
            "is_ultra_restricted": false
        },
        "blocks": [
            {
                "type": "rich_text",
                "block_id": "QC5U",
                "elements": [
                    {
                        "type": "rich_text_section",
                        "elements": [
                            {
                                "type": "text",
                                "text": "The first newsletter was a success. We have 35 subscribers.\nCan you all please help with content for the next edition.\nIf someone of you has email addresses of colleges who do not know mod harbour by now, please send the newsletter to them to and ask that they should subscribe."
                            }
                        ]
                    }
                ]
            }
        ],
        "reactions": [
            {
                "name": "+1",
                "users": [
                    "UJUJLTWMT"
                ],
                "count": 1
            },
            {
                "name": "heavy_check_mark",
                "users": [
                    "UJUSD6VB2"
                ],
                "count": 1
            }
        ]
    },
    {
        "client_msg_id": "f24cde41-ac72-4731-a006-00354efe768c",
        "type": "message",
        "text": "Now we are at 45.",
        "user": "UJHD6A81H",
        "ts": "1580330207.114100",
        "team": "TJH5YU202",
        "user_team": "TJH5YU202",
        "source_team": "TJH5YU202",
        "user_profile": {
            "avatar_hash": "g6b8073e00e9",
            "image_72": "https:\/\/secure.gravatar.com\/avatar\/b96b8073e00e9eb02bcf05bc1418eb3a.jpg?s=72&d=https%3A%2F%2Fa.slack-edge.com%2Fdf10d%2Fimg%2Favatars%2Fava_0021-72.png",
            "first_name": "Otto",
            "real_name": "Otto Atzwanger",
            "display_name": "Otto",
            "team": "TJH5YU202",
            "name": "otto",
            "is_restricted": false,
            "is_ultra_restricted": false
        },
        "blocks": [
            {
                "type": "rich_text",
                "block_id": "vUgdD",
                "elements": [
                    {
                        "type": "rich_text_section",
                        "elements": [
                            {
                                "type": "text",
                                "text": "Now we are at 45."
                            }
                        ]
                    }
                ]
            }
        ]
    },
    {
        "client_msg_id": "8a11dd36-4619-45f4-8208-2a7a5737153d",
        "type": "message",
        "text": "<@UM81W8B0Q> I told Diego to do a pull request. Still waiting :slightly_smiling_face:",
        "user": "UJN8D8U3B",
        "ts": "1580360887.114700",
        "team": "TJH5YU202",
        "user_team": "TJH5YU202",
        "source_team": "TJH5YU202",
        "user_profile": {
            "avatar_hash": "g92ad2abcc45",
            "image_72": "https:\/\/secure.gravatar.com\/avatar\/8492ad2abcc45ce53969adcf8420acde.jpg?s=72&d=https%3A%2F%2Fa.slack-edge.com%2Fdf10d%2Fimg%2Favatars%2Fava_0008-72.png",
            "first_name": "",
            "real_name": "Antonio Linares",
            "display_name": "Antonio Linares",
            "team": "TJH5YU202",
            "name": "alinares",
            "is_restricted": false,
            "is_ultra_restricted": false
        },
        "edited": {
            "user": "UJN8D8U3B",
            "ts": "1580360932.000000"
        },
        "blocks": [
            {
                "type": "rich_text",
                "block_id": "\/=3",
                "elements": [
                    {
                        "type": "rich_text_section",
                        "elements": [
                            {
                                "type": "user",
                                "user_id": "UM81W8B0Q"
                            },
                            {
                                "type": "text",
                                "text": " I told Diego to do a pull request. Still waiting "
                            },
                            {
                                "type": "emoji",
                                "name": "slightly_smiling_face"
                            }
                        ]
                    }
                ]
            }
        ]
    },
    {
        "client_msg_id": "85b3b847-9e8c-46b3-afd7-a0f98d77f1e6",
        "type": "message",
        "text": "buenos dias :sunny:",
        "user": "UJN8D8U3B",
        "ts": "1580361054.115300",
        "team": "TJH5YU202",
        "user_team": "TJH5YU202",
        "source_team": "TJH5YU202",
        "user_profile": {
            "avatar_hash": "g92ad2abcc45",
            "image_72": "https:\/\/secure.gravatar.com\/avatar\/8492ad2abcc45ce53969adcf8420acde.jpg?s=72&d=https%3A%2F%2Fa.slack-edge.com%2Fdf10d%2Fimg%2Favatars%2Fava_0008-72.png",
            "first_name": "",
            "real_name": "Antonio Linares",
            "display_name": "Antonio Linares",
            "team": "TJH5YU202",
            "name": "alinares",
            "is_restricted": false,
            "is_ultra_restricted": false
        },
        "blocks": [
            {
                "type": "rich_text",
                "block_id": "Xnrr",
                "elements": [
                    {
                        "type": "rich_text_section",
                        "elements": [
                            {
                                "type": "text",
                                "text": "buenos dias "
                            },
                            {
                                "type": "emoji",
                                "name": "sunny"
                            }
                        ]
                    }
                ]
            }
        ]
    },
    {
        "client_msg_id": "32addf1b-736e-46f1-adff-496d7f42a0dc",
        "type": "message",
        "text": "New hbmk2 hbp file to build mod_harbour for Linux",
        "user": "UJN8D8U3B",
        "ts": "1580362326.115800",
        "team": "TJH5YU202",
        "user_team": "TJH5YU202",
        "source_team": "TJH5YU202",
        "user_profile": {
            "avatar_hash": "g92ad2abcc45",
            "image_72": "https:\/\/secure.gravatar.com\/avatar\/8492ad2abcc45ce53969adcf8420acde.jpg?s=72&d=https%3A%2F%2Fa.slack-edge.com%2Fdf10d%2Fimg%2Favatars%2Fava_0008-72.png",
            "first_name": "",
            "real_name": "Antonio Linares",
            "display_name": "Antonio Linares",
            "team": "TJH5YU202",
            "name": "alinares",
            "is_restricted": false,
            "is_ultra_restricted": false
        },
        "blocks": [
            {
                "type": "rich_text",
                "block_id": "9eP7",
                "elements": [
                    {
                        "type": "rich_text_section",
                        "elements": [
                            {
                                "type": "text",
                                "text": "New hbmk2 hbp file to build mod_harbour for Linux"
                            }
                        ]
                    }
                ]
            }
        ]
    },
    {
        "client_msg_id": "a18ec5ef-e674-491a-81ef-e8050b85bf44",
        "type": "message",
        "text": "<https:\/\/github.com\/FiveTechSoft\/mod_harbour\/tree\/master\/hbmk2\/linux>",
        "user": "UJN8D8U3B",
        "ts": "1580362329.116000",
        "team": "TJH5YU202",
        "user_team": "TJH5YU202",
        "source_team": "TJH5YU202",
        "user_profile": {
            "avatar_hash": "g92ad2abcc45",
            "image_72": "https:\/\/secure.gravatar.com\/avatar\/8492ad2abcc45ce53969adcf8420acde.jpg?s=72&d=https%3A%2F%2Fa.slack-edge.com%2Fdf10d%2Fimg%2Favatars%2Fava_0008-72.png",
            "first_name": "",
            "real_name": "Antonio Linares",
            "display_name": "Antonio Linares",
            "team": "TJH5YU202",
            "name": "alinares",
            "is_restricted": false,
            "is_ultra_restricted": false
        },
        "attachments": [
            {
                "service_name": "GitHub",
                "title": "FiveTechSoft\/mod_harbour",
                "title_link": "https:\/\/github.com\/FiveTechSoft\/mod_harbour\/tree\/master\/hbmk2\/linux",
                "text": "Apache mod for Harbour. Contribute to FiveTechSoft\/mod_harbour development by creating an account on GitHub.",
                "fallback": "GitHub: FiveTechSoft\/mod_harbour",
                "from_url": "https:\/\/github.com\/FiveTechSoft\/mod_harbour\/tree\/master\/hbmk2\/linux",
                "thumb_url": "https:\/\/repository-images.githubusercontent.com\/186821405\/052d6000-7f03-11e9-85fa-9472623f216c",
                "thumb_width": 190,
                "thumb_height": 191,
                "service_icon": "https:\/\/a.slack-edge.com\/80588\/img\/unfurl_icons\/github.png",
                "id": 1,
                "original_url": "https:\/\/github.com\/FiveTechSoft\/mod_harbour\/tree\/master\/hbmk2\/linux"
            }
        ],
        "blocks": [
            {
                "type": "rich_text",
                "block_id": "9ZcVB",
                "elements": [
                    {
                        "type": "rich_text_section",
                        "elements": [
                            {
                                "type": "link",
                                "url": "https:\/\/github.com\/FiveTechSoft\/mod_harbour\/tree\/master\/hbmk2\/linux"
                            }
                        ]
                    }
                ]
            }
        ]
    },
    {
        "client_msg_id": "f433085a-671f-4548-87c3-1b29e72bb2ca",
        "type": "message",
        "text": "Nuevo fichero hbp para hbmk2 para construir mod_harbour para Linux",
        "user": "UJN8D8U3B",
        "ts": "1580362353.116600",
        "team": "TJH5YU202",
        "user_team": "TJH5YU202",
        "source_team": "TJH5YU202",
        "user_profile": {
            "avatar_hash": "g92ad2abcc45",
            "image_72": "https:\/\/secure.gravatar.com\/avatar\/8492ad2abcc45ce53969adcf8420acde.jpg?s=72&d=https%3A%2F%2Fa.slack-edge.com%2Fdf10d%2Fimg%2Favatars%2Fava_0008-72.png",
            "first_name": "",
            "real_name": "Antonio Linares",
            "display_name": "Antonio Linares",
            "team": "TJH5YU202",
            "name": "alinares",
            "is_restricted": false,
            "is_ultra_restricted": false
        },
        "blocks": [
            {
                "type": "rich_text",
                "block_id": "l=D9",
                "elements": [
                    {
                        "type": "rich_text_section",
                        "elements": [
                            {
                                "type": "text",
                                "text": "Nuevo fichero hbp para hbmk2 para construir mod_harbour para Linux"
                            }
                        ]
                    }
                ]
            }
        ]
    },
    {
        "client_msg_id": "948cf8af-d79f-4809-bf0c-52e0e2809284",
        "type": "message",
        "text": "Genesis para windows con soporte ocx funcionando ok :slightly_smiling_face:",
        "user": "UJWR5N32S",
        "ts": "1580366715.117200",
        "team": "TJH5YU202",
        "user_team": "TJH5YU202",
        "source_team": "TJH5YU202",
        "user_profile": {
            "avatar_hash": "273d3745f7ae",
            "image_72": "https:\/\/avatars.slack-edge.com\/2019-05-20\/634344238497_273d3745f7ae1b176b82_72.jpg",
            "first_name": "Charly",
            "real_name": "Charly",
            "display_name": "Charly",
            "team": "TJH5YU202",
            "name": "carles9000",
            "is_restricted": false,
            "is_ultra_restricted": false
        },
        "blocks": [
            {
                "type": "rich_text",
                "block_id": "KN\/",
                "elements": [
                    {
                        "type": "rich_text_section",
                        "elements": [
                            {
                                "type": "text",
                                "text": "Genesis para windows con soporte ocx funcionando ok "
                            },
                            {
                                "type": "emoji",
                                "name": "slightly_smiling_face"
                            }
                        ]
                    }
                ]
            }
        ]
    },
    {
        "type": "message",
        "text": "",
        "files": [
            {
                "id": "FTCQAGQ3G",
                "created": 1580366719,
                "timestamp": 1580366719,
                "name": "imagen.png",
                "title": "imagen.png",
                "mimetype": "image\/png",
                "filetype": "png",
                "pretty_type": "PNG",
                "user": "UJWR5N32S",
                "editable": false,
                "size": 46202,
                "mode": "hosted",
                "is_external": false,
                "external_type": "",
                "is_public": true,
                "public_url_shared": false,
                "display_as_bot": false,
                "username": "",
                "url_private": "https:\/\/files.slack.com\/files-pri\/TJH5YU202-FTCQAGQ3G\/imagen.png?t=xoxe-629202954002-950795328464-950341379620-2ca7f74bb6537751ea5666f8f5e8896e",
                "url_private_download": "https:\/\/files.slack.com\/files-pri\/TJH5YU202-FTCQAGQ3G\/download\/imagen.png?t=xoxe-629202954002-950795328464-950341379620-2ca7f74bb6537751ea5666f8f5e8896e",
                "thumb_64": "https:\/\/files.slack.com\/files-tmb\/TJH5YU202-FTCQAGQ3G-0058a7f055\/imagen_64.png?t=xoxe-629202954002-950795328464-950341379620-2ca7f74bb6537751ea5666f8f5e8896e",
                "thumb_80": "https:\/\/files.slack.com\/files-tmb\/TJH5YU202-FTCQAGQ3G-0058a7f055\/imagen_80.png?t=xoxe-629202954002-950795328464-950341379620-2ca7f74bb6537751ea5666f8f5e8896e",
                "thumb_360": "https:\/\/files.slack.com\/files-tmb\/TJH5YU202-FTCQAGQ3G-0058a7f055\/imagen_360.png?t=xoxe-629202954002-950795328464-950341379620-2ca7f74bb6537751ea5666f8f5e8896e",
                "thumb_360_w": 360,
                "thumb_360_h": 132,
                "thumb_480": "https:\/\/files.slack.com\/files-tmb\/TJH5YU202-FTCQAGQ3G-0058a7f055\/imagen_480.png?t=xoxe-629202954002-950795328464-950341379620-2ca7f74bb6537751ea5666f8f5e8896e",
                "thumb_480_w": 480,
                "thumb_480_h": 176,
                "thumb_160": "https:\/\/files.slack.com\/files-tmb\/TJH5YU202-FTCQAGQ3G-0058a7f055\/imagen_160.png?t=xoxe-629202954002-950795328464-950341379620-2ca7f74bb6537751ea5666f8f5e8896e",
                "thumb_720": "https:\/\/files.slack.com\/files-tmb\/TJH5YU202-FTCQAGQ3G-0058a7f055\/imagen_720.png?t=xoxe-629202954002-950795328464-950341379620-2ca7f74bb6537751ea5666f8f5e8896e",
                "thumb_720_w": 720,
                "thumb_720_h": 265,
                "thumb_800": "https:\/\/files.slack.com\/files-tmb\/TJH5YU202-FTCQAGQ3G-0058a7f055\/imagen_800.png?t=xoxe-629202954002-950795328464-950341379620-2ca7f74bb6537751ea5666f8f5e8896e",
                "thumb_800_w": 800,
                "thumb_800_h": 294,
                "thumb_960": "https:\/\/files.slack.com\/files-tmb\/TJH5YU202-FTCQAGQ3G-0058a7f055\/imagen_960.png?t=xoxe-629202954002-950795328464-950341379620-2ca7f74bb6537751ea5666f8f5e8896e",
                "thumb_960_w": 960,
                "thumb_960_h": 353,
                "thumb_1024": "https:\/\/files.slack.com\/files-tmb\/TJH5YU202-FTCQAGQ3G-0058a7f055\/imagen_1024.png?t=xoxe-629202954002-950795328464-950341379620-2ca7f74bb6537751ea5666f8f5e8896e",
                "thumb_1024_w": 1024,
                "thumb_1024_h": 376,
                "image_exif_rotation": 1,
                "original_w": 1385,
                "original_h": 509,
                "thumb_tiny": "AwARADBhmt88x\/qaQzWwH+q\/U1VYDcaTigC0JoCQBBkn\/aNSYX\/n0f8AM1Ut\/wDj4j\/3hW8aAMzC\/wDPo\/60qqpODbMPzrSooA55vvGkpW+8aSgCS3\/4+I\/94Vv1gW\/\/AB8R\/wC8K36ACg9KKD0oA\/\/Z",
                "permalink": "https:\/\/harbourproject.slack.com\/files\/UJWR5N32S\/FTCQAGQ3G\/imagen.png",
                "permalink_public": "https:\/\/slack-files.com\/TJH5YU202-FTCQAGQ3G-6c04c6487d",
                "is_starred": false,
                "has_rich_preview": false
            }
        ],
        "upload": true,
        "user": "UJWR5N32S",
        "display_as_bot": false,
        "ts": "1580366726.117300",
        "client_msg_id": "93a2da8d-b817-4f41-a627-129727cf0a94"
    },
    {
        "client_msg_id": "e471c106-fe9f-47c9-808e-0aaa03f92085",
        "type": "message",
        "text": "Muy bueno :+1:",
        "user": "UJN8D8U3B",
        "ts": "1580367063.117800",
        "team": "TJH5YU202",
        "user_team": "TJH5YU202",
        "source_team": "TJH5YU202",
        "user_profile": {
            "avatar_hash": "g92ad2abcc45",
            "image_72": "https:\/\/secure.gravatar.com\/avatar\/8492ad2abcc45ce53969adcf8420acde.jpg?s=72&d=https%3A%2F%2Fa.slack-edge.com%2Fdf10d%2Fimg%2Favatars%2Fava_0008-72.png",
            "first_name": "",
            "real_name": "Antonio Linares",
            "display_name": "Antonio Linares",
            "team": "TJH5YU202",
            "name": "alinares",
            "is_restricted": false,
            "is_ultra_restricted": false
        },
        "blocks": [
            {
                "type": "rich_text",
                "block_id": "sin",
                "elements": [
                    {
                        "type": "rich_text_section",
                        "elements": [
                            {
                                "type": "text",
                                "text": "Muy bueno "
                            },
                            {
                                "type": "emoji",
                                "name": "+1"
                            }
                        ]
                    }
                ]
            }
        ]
    }
]