[
    {
        "client_msg_id": "19d44856-0b46-409d-a1b7-5b427ed0677c",
        "type": "message",
        "text": "Happy birthday Cristobal !!!",
        "user": "UPK8HA95J",
        "ts": "1578819379.352800",
        "team": "TJH5YU202",
        "user_team": "TJH5YU202",
        "source_team": "TJH5YU202",
        "user_profile": {
            "avatar_hash": "gf2dea9b252b",
            "image_72": "https:\/\/secure.gravatar.com\/avatar\/f2dea9b252bd156608bbff0effb3df8f.jpg?s=72&d=https%3A%2F%2Fa.slack-edge.com%2Fdf10d%2Fimg%2Favatars%2Fava_0024-72.png",
            "first_name": "",
            "real_name": "Massimo Linossi",
            "display_name": "Massimo Linossi",
            "team": "TJH5YU202",
            "name": "massimo",
            "is_restricted": false,
            "is_ultra_restricted": false
        },
        "blocks": [
            {
                "type": "rich_text",
                "block_id": "8ap4o",
                "elements": [
                    {
                        "type": "rich_text_section",
                        "elements": [
                            {
                                "type": "text",
                                "text": "Happy birthday Cristobal !!!"
                            }
                        ]
                    }
                ]
            }
        ],
        "thread_ts": "1578819379.352800",
        "reply_count": 1,
        "reply_users_count": 1,
        "latest_reply": "1578856304.383500",
        "reply_users": [
            "UJUJLTWMT"
        ],
        "replies": [
            {
                "user": "UJUJLTWMT",
                "ts": "1578856304.383500"
            }
        ],
        "subscribed": false
    },
    {
        "client_msg_id": "e2b6353d-c002-45d4-9c1a-a950ada09df3",
        "type": "message",
        "text": "Bon dia !",
        "user": "UJWR5N32S",
        "ts": "1578819926.353200",
        "team": "TJH5YU202",
        "user_team": "TJH5YU202",
        "source_team": "TJH5YU202",
        "user_profile": {
            "avatar_hash": "273d3745f7ae",
            "image_72": "https:\/\/avatars.slack-edge.com\/2019-05-20\/634344238497_273d3745f7ae1b176b82_72.jpg",
            "first_name": "Charly",
            "real_name": "Charly",
            "display_name": "Charly",
            "team": "TJH5YU202",
            "name": "carles9000",
            "is_restricted": false,
            "is_ultra_restricted": false
        },
        "blocks": [
            {
                "type": "rich_text",
                "block_id": "WZ1",
                "elements": [
                    {
                        "type": "rich_text_section",
                        "elements": [
                            {
                                "type": "text",
                                "text": "Bon dia !"
                            }
                        ]
                    }
                ]
            }
        ]
    },
    {
        "type": "message",
        "text": "",
        "files": [
            {
                "id": "FSJT6CWPP",
                "created": 1578819945,
                "timestamp": 1578819945,
                "name": "image.png",
                "title": "image.png",
                "mimetype": "image\/png",
                "filetype": "png",
                "pretty_type": "PNG",
                "user": "UJWR5N32S",
                "editable": false,
                "size": 72193,
                "mode": "hosted",
                "is_external": false,
                "external_type": "",
                "is_public": true,
                "public_url_shared": false,
                "display_as_bot": false,
                "username": "",
                "url_private": "https:\/\/files.slack.com\/files-pri\/TJH5YU202-FSJT6CWPP\/image.png?t=xoxe-629202954002-950795328464-950341379620-2ca7f74bb6537751ea5666f8f5e8896e",
                "url_private_download": "https:\/\/files.slack.com\/files-pri\/TJH5YU202-FSJT6CWPP\/download\/image.png?t=xoxe-629202954002-950795328464-950341379620-2ca7f74bb6537751ea5666f8f5e8896e",
                "thumb_64": "https:\/\/files.slack.com\/files-tmb\/TJH5YU202-FSJT6CWPP-bbb8aa347b\/image_64.png?t=xoxe-629202954002-950795328464-950341379620-2ca7f74bb6537751ea5666f8f5e8896e",
                "thumb_80": "https:\/\/files.slack.com\/files-tmb\/TJH5YU202-FSJT6CWPP-bbb8aa347b\/image_80.png?t=xoxe-629202954002-950795328464-950341379620-2ca7f74bb6537751ea5666f8f5e8896e",
                "thumb_360": "https:\/\/files.slack.com\/files-tmb\/TJH5YU202-FSJT6CWPP-bbb8aa347b\/image_360.png?t=xoxe-629202954002-950795328464-950341379620-2ca7f74bb6537751ea5666f8f5e8896e",
                "thumb_360_w": 360,
                "thumb_360_h": 288,
                "thumb_480": "https:\/\/files.slack.com\/files-tmb\/TJH5YU202-FSJT6CWPP-bbb8aa347b\/image_480.png?t=xoxe-629202954002-950795328464-950341379620-2ca7f74bb6537751ea5666f8f5e8896e",
                "thumb_480_w": 480,
                "thumb_480_h": 384,
                "thumb_160": "https:\/\/files.slack.com\/files-tmb\/TJH5YU202-FSJT6CWPP-bbb8aa347b\/image_160.png?t=xoxe-629202954002-950795328464-950341379620-2ca7f74bb6537751ea5666f8f5e8896e",
                "image_exif_rotation": 1,
                "original_w": 577,
                "original_h": 461,
                "thumb_tiny": "AwAmADCBriXcf3hHJ70G6n\/56tTCSGb73U9KaSCOd350ASfap\/8Anq1L9puP+ej1BT\/Mf+8aBO\/Qf9quB1lenLdTFh+9PXpUJYt94kmnLu3LkN1oGXzNZ5OYx+VJ5tj3jA\/4DVE\/eb6n+HNNI9B+lAGh5th\/cX\/vijzbD+4v\/fFZy4J+Y4H0p22P++f++aBN2L\/m2H9xf++KcJbLI+UZ\/wB01mlcHvg9DjrSquGHXqO1Ax7RHcee5pvlt6j86mb7x+tJQBD5Te1HlN7VNRQBF5beo\/OnLGdy885FPpV++PrQB\/\/Z",
                "permalink": "https:\/\/harbourproject.slack.com\/files\/UJWR5N32S\/FSJT6CWPP\/image.png",
                "permalink_public": "https:\/\/slack-files.com\/TJH5YU202-FSJT6CWPP-f7b1b91f1e",
                "is_starred": false,
                "has_rich_preview": false
            }
        ],
        "upload": true,
        "user": "UJWR5N32S",
        "display_as_bot": false,
        "ts": "1578819947.353400",
        "client_msg_id": "68c4c244-f9a3-4d5c-8917-e563b6b2a63b"
    },
    {
        "client_msg_id": "046a1093-4366-4231-a633-f64bf8e1afbb",
        "type": "message",
        "text": "Primeras pruebas en produccion de Genesis con Linux...",
        "user": "UJWR5N32S",
        "ts": "1578819985.354000",
        "team": "TJH5YU202",
        "user_team": "TJH5YU202",
        "source_team": "TJH5YU202",
        "user_profile": {
            "avatar_hash": "273d3745f7ae",
            "image_72": "https:\/\/avatars.slack-edge.com\/2019-05-20\/634344238497_273d3745f7ae1b176b82_72.jpg",
            "first_name": "Charly",
            "real_name": "Charly",
            "display_name": "Charly",
            "team": "TJH5YU202",
            "name": "carles9000",
            "is_restricted": false,
            "is_ultra_restricted": false
        },
        "blocks": [
            {
                "type": "rich_text",
                "block_id": "3IF",
                "elements": [
                    {
                        "type": "rich_text_section",
                        "elements": [
                            {
                                "type": "text",
                                "text": "Primeras pruebas en produccion de Genesis con Linux..."
                            }
                        ]
                    }
                ]
            }
        ]
    },
    {
        "client_msg_id": "15c9bd90-1f8c-4d46-8f64-da27922be839",
        "type": "message",
        "text": "Hola charly buen dia, tengo una peticion en el foro de tweb. Saludos",
        "user": "UJX314PFY",
        "ts": "1578842745.354800",
        "team": "TJH5YU202",
        "user_team": "TJH5YU202",
        "source_team": "TJH5YU202",
        "user_profile": {
            "avatar_hash": "g7cce167a439",
            "image_72": "https:\/\/secure.gravatar.com\/avatar\/057cce167a439848e0296f371e3592b5.jpg?s=72&d=https%3A%2F%2Fa.slack-edge.com%2Fdf10d%2Fimg%2Favatars%2Fava_0026-72.png",
            "first_name": "",
            "real_name": "Antonio Valencia",
            "display_name": "Antonio Valencia",
            "team": "TJH5YU202",
            "name": "albeiroval",
            "is_restricted": false,
            "is_ultra_restricted": false
        },
        "blocks": [
            {
                "type": "rich_text",
                "block_id": "OrU",
                "elements": [
                    {
                        "type": "rich_text_section",
                        "elements": [
                            {
                                "type": "text",
                                "text": "Hola charly buen dia, tengo una peticion en el foro de tweb. Saludos"
                            }
                        ]
                    }
                ]
            }
        ]
    },
    {
        "client_msg_id": "8322ddc7-4ba5-47f8-9ec7-e97a0caff63a",
        "type": "message",
        "text": "Buenas",
        "user": "UNAHBRTFA",
        "ts": "1578843913.355100",
        "team": "TJH5YU202",
        "user_team": "TJH5YU202",
        "source_team": "TJH5YU202",
        "user_profile": {
            "avatar_hash": "g3d2a3f4c28c",
            "image_72": "https:\/\/secure.gravatar.com\/avatar\/23d2a3f4c28cebb4cf07e48d02620517.jpg?s=72&d=https%3A%2F%2Fa.slack-edge.com%2Fdf10d%2Fimg%2Favatars%2Fava_0020-72.png",
            "first_name": "Andreu",
            "real_name": "Andreu Botella",
            "display_name": "Andreu Botella",
            "team": "TJH5YU202",
            "name": "andreu.132",
            "is_restricted": false,
            "is_ultra_restricted": false
        },
        "blocks": [
            {
                "type": "rich_text",
                "block_id": "OZJ",
                "elements": [
                    {
                        "type": "rich_text_section",
                        "elements": [
                            {
                                "type": "text",
                                "text": "Buenas"
                            }
                        ]
                    }
                ]
            }
        ]
    },
    {
        "client_msg_id": "d62c2371-a6bf-4556-aea7-1cb58d87ebc4",
        "type": "message",
        "text": "Estaba mirando una cosa en el estándar de codificaciones web, y me he dado cuenta que la ambigüedad que usan los estándares web entre cadenas Unicode y cadenas `wchar` (por llamarlas de alguna manera) podría dar lugar a un bug en los navegadores",
        "user": "UNAHBRTFA",
        "ts": "1578844050.357400",
        "team": "TJH5YU202",
        "user_team": "TJH5YU202",
        "source_team": "TJH5YU202",
        "user_profile": {
            "avatar_hash": "g3d2a3f4c28c",
            "image_72": "https:\/\/secure.gravatar.com\/avatar\/23d2a3f4c28cebb4cf07e48d02620517.jpg?s=72&d=https%3A%2F%2Fa.slack-edge.com%2Fdf10d%2Fimg%2Favatars%2Fava_0020-72.png",
            "first_name": "Andreu",
            "real_name": "Andreu Botella",
            "display_name": "Andreu Botella",
            "team": "TJH5YU202",
            "name": "andreu.132",
            "is_restricted": false,
            "is_ultra_restricted": false
        },
        "edited": {
            "user": "UNAHBRTFA",
            "ts": "1578844084.000000"
        },
        "blocks": [
            {
                "type": "rich_text",
                "block_id": "blCJS",
                "elements": [
                    {
                        "type": "rich_text_section",
                        "elements": [
                            {
                                "type": "text",
                                "text": "Estaba mirando una cosa en el estándar de codificaciones web, y me he dado cuenta que la ambigüedad que usan los estándares web entre cadenas Unicode y cadenas "
                            },
                            {
                                "type": "text",
                                "text": "wchar",
                                "style": {
                                    "code": true
                                }
                            },
                            {
                                "type": "text",
                                "text": " (por llamarlas de alguna manera) podría dar lugar a un bug en los navegadores"
                            }
                        ]
                    }
                ]
            }
        ]
    },
    {
        "client_msg_id": "af884a66-bdca-4caf-a704-825ed31ee657",
        "type": "message",
        "text": "incluso una vulnerabilidad de seguridad, según qué hicieran otros estándares",
        "user": "UNAHBRTFA",
        "ts": "1578844066.357800",
        "team": "TJH5YU202",
        "user_team": "TJH5YU202",
        "source_team": "TJH5YU202",
        "user_profile": {
            "avatar_hash": "g3d2a3f4c28c",
            "image_72": "https:\/\/secure.gravatar.com\/avatar\/23d2a3f4c28cebb4cf07e48d02620517.jpg?s=72&d=https%3A%2F%2Fa.slack-edge.com%2Fdf10d%2Fimg%2Favatars%2Fava_0020-72.png",
            "first_name": "Andreu",
            "real_name": "Andreu Botella",
            "display_name": "Andreu Botella",
            "team": "TJH5YU202",
            "name": "andreu.132",
            "is_restricted": false,
            "is_ultra_restricted": false
        },
        "blocks": [
            {
                "type": "rich_text",
                "block_id": "UGzT2",
                "elements": [
                    {
                        "type": "rich_text_section",
                        "elements": [
                            {
                                "type": "text",
                                "text": "incluso una vulnerabilidad de seguridad, según qué hicieran otros estándares"
                            }
                        ]
                    }
                ]
            }
        ]
    },
    {
        "client_msg_id": "10d81276-219f-4795-81b9-e12537fdd28d",
        "type": "message",
        "text": "Llevo media hora rastreando esto, y no hay por dónde sacar nada: la ambigüedad está ahí, pero parece que todos los estándares que la usan fuerzan una interpretación antes",
        "user": "UNAHBRTFA",
        "ts": "1578844165.359200",
        "team": "TJH5YU202",
        "user_team": "TJH5YU202",
        "source_team": "TJH5YU202",
        "user_profile": {
            "avatar_hash": "g3d2a3f4c28c",
            "image_72": "https:\/\/secure.gravatar.com\/avatar\/23d2a3f4c28cebb4cf07e48d02620517.jpg?s=72&d=https%3A%2F%2Fa.slack-edge.com%2Fdf10d%2Fimg%2Favatars%2Fava_0020-72.png",
            "first_name": "Andreu",
            "real_name": "Andreu Botella",
            "display_name": "Andreu Botella",
            "team": "TJH5YU202",
            "name": "andreu.132",
            "is_restricted": false,
            "is_ultra_restricted": false
        },
        "edited": {
            "user": "UNAHBRTFA",
            "ts": "1578844349.000000"
        },
        "blocks": [
            {
                "type": "rich_text",
                "block_id": "IxP",
                "elements": [
                    {
                        "type": "rich_text_section",
                        "elements": [
                            {
                                "type": "text",
                                "text": "Llevo media hora rastreando esto, y no hay por dónde sacar nada: la ambigüedad está ahí, pero parece que todos los estándares que la usan fuerzan una interpretación antes"
                            }
                        ]
                    }
                ]
            }
        ]
    },
    {
        "client_msg_id": "7afe8283-318b-4161-a29e-07c07c447a08",
        "type": "message",
        "text": "Bien por la gente de la seguridad web",
        "user": "UNAHBRTFA",
        "ts": "1578844189.359600",
        "team": "TJH5YU202",
        "user_team": "TJH5YU202",
        "source_team": "TJH5YU202",
        "user_profile": {
            "avatar_hash": "g3d2a3f4c28c",
            "image_72": "https:\/\/secure.gravatar.com\/avatar\/23d2a3f4c28cebb4cf07e48d02620517.jpg?s=72&d=https%3A%2F%2Fa.slack-edge.com%2Fdf10d%2Fimg%2Favatars%2Fava_0020-72.png",
            "first_name": "Andreu",
            "real_name": "Andreu Botella",
            "display_name": "Andreu Botella",
            "team": "TJH5YU202",
            "name": "andreu.132",
            "is_restricted": false,
            "is_ultra_restricted": false
        },
        "blocks": [
            {
                "type": "rich_text",
                "block_id": "XiZy",
                "elements": [
                    {
                        "type": "rich_text_section",
                        "elements": [
                            {
                                "type": "text",
                                "text": "Bien por la gente de la seguridad web"
                            }
                        ]
                    }
                ]
            }
        ]
    },
    {
        "client_msg_id": "c73bebd7-1ab1-47cc-8ef2-6b1d1c0dc1ab",
        "type": "message",
        "text": "<@UM81W8B0Q> Supongo que sigues pensando que las codificaciones de caracteres son cosas esotéricas :stuck_out_tongue:",
        "user": "UNAHBRTFA",
        "ts": "1578844580.360400",
        "team": "TJH5YU202",
        "user_team": "TJH5YU202",
        "source_team": "TJH5YU202",
        "user_profile": {
            "avatar_hash": "g3d2a3f4c28c",
            "image_72": "https:\/\/secure.gravatar.com\/avatar\/23d2a3f4c28cebb4cf07e48d02620517.jpg?s=72&d=https%3A%2F%2Fa.slack-edge.com%2Fdf10d%2Fimg%2Favatars%2Fava_0020-72.png",
            "first_name": "Andreu",
            "real_name": "Andreu Botella",
            "display_name": "Andreu Botella",
            "team": "TJH5YU202",
            "name": "andreu.132",
            "is_restricted": false,
            "is_ultra_restricted": false
        },
        "blocks": [
            {
                "type": "rich_text",
                "block_id": "DB4",
                "elements": [
                    {
                        "type": "rich_text_section",
                        "elements": [
                            {
                                "type": "user",
                                "user_id": "UM81W8B0Q"
                            },
                            {
                                "type": "text",
                                "text": " Supongo que sigues pensando que las codificaciones de caracteres son cosas esotéricas "
                            },
                            {
                                "type": "emoji",
                                "name": "stuck_out_tongue"
                            }
                        ]
                    }
                ]
            }
        ]
    },
    {
        "client_msg_id": "86acb61c-b052-40c2-811f-0f5b9f322ec7",
        "type": "message",
        "text": "Para nada",
        "user": "UM81W8B0Q",
        "ts": "1578845152.360600",
        "team": "TJH5YU202",
        "user_team": "TJH5YU202",
        "source_team": "TJH5YU202",
        "user_profile": {
            "avatar_hash": "gab9279ee8c0",
            "image_72": "https:\/\/secure.gravatar.com\/avatar\/73ab9279ee8c00f66ce4904d30146c8f.jpg?s=72&d=https%3A%2F%2Fa.slack-edge.com%2Fdf10d%2Fimg%2Favatars%2Fava_0010-72.png",
            "first_name": "",
            "real_name": "Angel Pais",
            "display_name": "Angel Pais",
            "team": "TJH5YU202",
            "name": "amigosam",
            "is_restricted": false,
            "is_ultra_restricted": false
        },
        "blocks": [
            {
                "type": "rich_text",
                "block_id": "OQzg9",
                "elements": [
                    {
                        "type": "rich_text_section",
                        "elements": [
                            {
                                "type": "text",
                                "text": "Para nada"
                            }
                        ]
                    }
                ]
            }
        ]
    },
    {
        "client_msg_id": "a1aa24df-f798-430d-9acb-8917bfe2b28d",
        "type": "message",
        "text": "SOn como los idiomas.",
        "user": "UM81W8B0Q",
        "ts": "1578845162.360900",
        "team": "TJH5YU202",
        "user_team": "TJH5YU202",
        "source_team": "TJH5YU202",
        "user_profile": {
            "avatar_hash": "gab9279ee8c0",
            "image_72": "https:\/\/secure.gravatar.com\/avatar\/73ab9279ee8c00f66ce4904d30146c8f.jpg?s=72&d=https%3A%2F%2Fa.slack-edge.com%2Fdf10d%2Fimg%2Favatars%2Fava_0010-72.png",
            "first_name": "",
            "real_name": "Angel Pais",
            "display_name": "Angel Pais",
            "team": "TJH5YU202",
            "name": "amigosam",
            "is_restricted": false,
            "is_ultra_restricted": false
        },
        "blocks": [
            {
                "type": "rich_text",
                "block_id": "ThaT",
                "elements": [
                    {
                        "type": "rich_text_section",
                        "elements": [
                            {
                                "type": "text",
                                "text": "SOn como los idiomas."
                            }
                        ]
                    }
                ]
            }
        ]
    },
    {
        "client_msg_id": "d656f494-f7dd-41c2-9c63-ce2504c316bc",
        "type": "message",
        "text": "Nadie nunca se va a poner de acuerdo.",
        "user": "UM81W8B0Q",
        "ts": "1578845171.361200",
        "team": "TJH5YU202",
        "user_team": "TJH5YU202",
        "source_team": "TJH5YU202",
        "user_profile": {
            "avatar_hash": "gab9279ee8c0",
            "image_72": "https:\/\/secure.gravatar.com\/avatar\/73ab9279ee8c00f66ce4904d30146c8f.jpg?s=72&d=https%3A%2F%2Fa.slack-edge.com%2Fdf10d%2Fimg%2Favatars%2Fava_0010-72.png",
            "first_name": "",
            "real_name": "Angel Pais",
            "display_name": "Angel Pais",
            "team": "TJH5YU202",
            "name": "amigosam",
            "is_restricted": false,
            "is_ultra_restricted": false
        },
        "blocks": [
            {
                "type": "rich_text",
                "block_id": "QhA5\/",
                "elements": [
                    {
                        "type": "rich_text_section",
                        "elements": [
                            {
                                "type": "text",
                                "text": "Nadie nunca se va a poner de acuerdo."
                            }
                        ]
                    }
                ]
            }
        ]
    },
    {
        "client_msg_id": "136fe3a5-6645-47b3-b0a8-beb98a8f5ec6",
        "type": "message",
        "text": "Son cuestiones de humanos y no de circuitos.",
        "user": "UM81W8B0Q",
        "ts": "1578845206.361600",
        "team": "TJH5YU202",
        "user_team": "TJH5YU202",
        "source_team": "TJH5YU202",
        "user_profile": {
            "avatar_hash": "gab9279ee8c0",
            "image_72": "https:\/\/secure.gravatar.com\/avatar\/73ab9279ee8c00f66ce4904d30146c8f.jpg?s=72&d=https%3A%2F%2Fa.slack-edge.com%2Fdf10d%2Fimg%2Favatars%2Fava_0010-72.png",
            "first_name": "",
            "real_name": "Angel Pais",
            "display_name": "Angel Pais",
            "team": "TJH5YU202",
            "name": "amigosam",
            "is_restricted": false,
            "is_ultra_restricted": false
        },
        "blocks": [
            {
                "type": "rich_text",
                "block_id": "tX0=",
                "elements": [
                    {
                        "type": "rich_text_section",
                        "elements": [
                            {
                                "type": "text",
                                "text": "Son cuestiones de humanos y no de circuitos."
                            }
                        ]
                    }
                ]
            }
        ]
    },
    {
        "client_msg_id": "4907554a-39d8-4a0d-a753-d1562359dfaa",
        "type": "message",
        "text": "SI las computadoras diseñaran una codificacion seguramente seria algo como   0100010101110110001001 -00100001111101010101",
        "user": "UM81W8B0Q",
        "ts": "1578845243.362600",
        "team": "TJH5YU202",
        "user_team": "TJH5YU202",
        "source_team": "TJH5YU202",
        "user_profile": {
            "avatar_hash": "gab9279ee8c0",
            "image_72": "https:\/\/secure.gravatar.com\/avatar\/73ab9279ee8c00f66ce4904d30146c8f.jpg?s=72&d=https%3A%2F%2Fa.slack-edge.com%2Fdf10d%2Fimg%2Favatars%2Fava_0010-72.png",
            "first_name": "",
            "real_name": "Angel Pais",
            "display_name": "Angel Pais",
            "team": "TJH5YU202",
            "name": "amigosam",
            "is_restricted": false,
            "is_ultra_restricted": false
        },
        "edited": {
            "user": "UM81W8B0Q",
            "ts": "1578845460.000000"
        },
        "blocks": [
            {
                "type": "rich_text",
                "block_id": "Y5tCP",
                "elements": [
                    {
                        "type": "rich_text_section",
                        "elements": [
                            {
                                "type": "text",
                                "text": "SI las computadoras diseñaran una codificacion seguramente seria algo como   0100010101110110001001 -00100001111101010101"
                            }
                        ]
                    }
                ]
            }
        ]
    },
    {
        "client_msg_id": "1cb503ac-601a-48f2-8ff5-412407bc8c2b",
        "type": "message",
        "text": "Hablaba de la posible vulnerabilidad de seguridad que comento arriba",
        "user": "UNAHBRTFA",
        "ts": "1578845302.363000",
        "team": "TJH5YU202",
        "user_team": "TJH5YU202",
        "source_team": "TJH5YU202",
        "user_profile": {
            "avatar_hash": "g3d2a3f4c28c",
            "image_72": "https:\/\/secure.gravatar.com\/avatar\/23d2a3f4c28cebb4cf07e48d02620517.jpg?s=72&d=https%3A%2F%2Fa.slack-edge.com%2Fdf10d%2Fimg%2Favatars%2Fava_0020-72.png",
            "first_name": "Andreu",
            "real_name": "Andreu Botella",
            "display_name": "Andreu Botella",
            "team": "TJH5YU202",
            "name": "andreu.132",
            "is_restricted": false,
            "is_ultra_restricted": false
        },
        "blocks": [
            {
                "type": "rich_text",
                "block_id": "x1H",
                "elements": [
                    {
                        "type": "rich_text_section",
                        "elements": [
                            {
                                "type": "text",
                                "text": "Hablaba de la posible vulnerabilidad de seguridad que comento arriba"
                            }
                        ]
                    }
                ]
            }
        ]
    },
    {
        "client_msg_id": "85d32a17-38ee-472c-bdf2-7382e191a9ba",
        "type": "message",
        "text": "En mi entorno veo un consenso bastante claro entorno a UTF-8",
        "user": "UNAHBRTFA",
        "ts": "1578845326.363600",
        "team": "TJH5YU202",
        "user_team": "TJH5YU202",
        "source_team": "TJH5YU202",
        "user_profile": {
            "avatar_hash": "g3d2a3f4c28c",
            "image_72": "https:\/\/secure.gravatar.com\/avatar\/23d2a3f4c28cebb4cf07e48d02620517.jpg?s=72&d=https%3A%2F%2Fa.slack-edge.com%2Fdf10d%2Fimg%2Favatars%2Fava_0020-72.png",
            "first_name": "Andreu",
            "real_name": "Andreu Botella",
            "display_name": "Andreu Botella",
            "team": "TJH5YU202",
            "name": "andreu.132",
            "is_restricted": false,
            "is_ultra_restricted": false
        },
        "blocks": [
            {
                "type": "rich_text",
                "block_id": "thZ",
                "elements": [
                    {
                        "type": "rich_text_section",
                        "elements": [
                            {
                                "type": "text",
                                "text": "En mi entorno veo un consenso bastante claro entorno a UTF-8"
                            }
                        ]
                    }
                ]
            }
        ]
    },
    {
        "client_msg_id": "2c212cdd-9f74-4b58-b836-071d80a0f7b4",
        "type": "message",
        "text": "La verdadera vulnerabilidad es permitir scripting en un renderizador de documentos de texto ( web browser )",
        "user": "UM81W8B0Q",
        "ts": "1578845353.364100",
        "team": "TJH5YU202",
        "user_team": "TJH5YU202",
        "source_team": "TJH5YU202",
        "user_profile": {
            "avatar_hash": "gab9279ee8c0",
            "image_72": "https:\/\/secure.gravatar.com\/avatar\/73ab9279ee8c00f66ce4904d30146c8f.jpg?s=72&d=https%3A%2F%2Fa.slack-edge.com%2Fdf10d%2Fimg%2Favatars%2Fava_0010-72.png",
            "first_name": "",
            "real_name": "Angel Pais",
            "display_name": "Angel Pais",
            "team": "TJH5YU202",
            "name": "amigosam",
            "is_restricted": false,
            "is_ultra_restricted": false
        },
        "blocks": [
            {
                "type": "rich_text",
                "block_id": "Ucc9m",
                "elements": [
                    {
                        "type": "rich_text_section",
                        "elements": [
                            {
                                "type": "text",
                                "text": "La verdadera vulnerabilidad es permitir scripting en un renderizador de documentos de texto ( web browser )"
                            }
                        ]
                    }
                ]
            }
        ]
    },
    {
        "client_msg_id": "ffdda0de-15dd-4b1e-8f01-984f68100121",
        "type": "message",
        "text": "Las web app son una aberracion computacional. Pero el mundo esta loco y no podemos darnos el lujo de quedarnos afuera.",
        "user": "UM81W8B0Q",
        "ts": "1578845384.364800",
        "team": "TJH5YU202",
        "user_team": "TJH5YU202",
        "source_team": "TJH5YU202",
        "user_profile": {
            "avatar_hash": "gab9279ee8c0",
            "image_72": "https:\/\/secure.gravatar.com\/avatar\/73ab9279ee8c00f66ce4904d30146c8f.jpg?s=72&d=https%3A%2F%2Fa.slack-edge.com%2Fdf10d%2Fimg%2Favatars%2Fava_0010-72.png",
            "first_name": "",
            "real_name": "Angel Pais",
            "display_name": "Angel Pais",
            "team": "TJH5YU202",
            "name": "amigosam",
            "is_restricted": false,
            "is_ultra_restricted": false
        },
        "blocks": [
            {
                "type": "rich_text",
                "block_id": "A6g",
                "elements": [
                    {
                        "type": "rich_text_section",
                        "elements": [
                            {
                                "type": "text",
                                "text": "Las web app son una aberracion computacional. Pero el mundo esta loco y no podemos darnos el lujo de quedarnos afuera."
                            }
                        ]
                    }
                ]
            }
        ]
    },
    {
        "client_msg_id": "838d06f8-3602-45f1-96e8-566b8890c8bd",
        "type": "message",
        "text": "Yo ya no veo el HTML como un formato de documentos de texto, incluso texto rico",
        "user": "UNAHBRTFA",
        "ts": "1578845451.365300",
        "team": "TJH5YU202",
        "user_team": "TJH5YU202",
        "source_team": "TJH5YU202",
        "user_profile": {
            "avatar_hash": "g3d2a3f4c28c",
            "image_72": "https:\/\/secure.gravatar.com\/avatar\/23d2a3f4c28cebb4cf07e48d02620517.jpg?s=72&d=https%3A%2F%2Fa.slack-edge.com%2Fdf10d%2Fimg%2Favatars%2Fava_0020-72.png",
            "first_name": "Andreu",
            "real_name": "Andreu Botella",
            "display_name": "Andreu Botella",
            "team": "TJH5YU202",
            "name": "andreu.132",
            "is_restricted": false,
            "is_ultra_restricted": false
        },
        "blocks": [
            {
                "type": "rich_text",
                "block_id": "NVoY",
                "elements": [
                    {
                        "type": "rich_text_section",
                        "elements": [
                            {
                                "type": "text",
                                "text": "Yo ya no veo el HTML como un formato de documentos de texto, incluso texto rico"
                            }
                        ]
                    }
                ]
            }
        ]
    },
    {
        "client_msg_id": "22a6a8a6-bf83-4dfc-a449-0d5e85855dce",
        "type": "message",
        "text": "nadie lo ve asi",
        "user": "UM81W8B0Q",
        "ts": "1578845468.365800",
        "team": "TJH5YU202",
        "user_team": "TJH5YU202",
        "source_team": "TJH5YU202",
        "user_profile": {
            "avatar_hash": "gab9279ee8c0",
            "image_72": "https:\/\/secure.gravatar.com\/avatar\/73ab9279ee8c00f66ce4904d30146c8f.jpg?s=72&d=https%3A%2F%2Fa.slack-edge.com%2Fdf10d%2Fimg%2Favatars%2Fava_0010-72.png",
            "first_name": "",
            "real_name": "Angel Pais",
            "display_name": "Angel Pais",
            "team": "TJH5YU202",
            "name": "amigosam",
            "is_restricted": false,
            "is_ultra_restricted": false
        },
        "blocks": [
            {
                "type": "rich_text",
                "block_id": "EyMyJ",
                "elements": [
                    {
                        "type": "rich_text_section",
                        "elements": [
                            {
                                "type": "text",
                                "text": "nadie lo ve asi"
                            }
                        ]
                    }
                ]
            }
        ]
    },
    {
        "client_msg_id": "d3c4f724-4f91-44d1-901c-db288234fe1d",
        "type": "message",
        "text": "pero es eso",
        "user": "UM81W8B0Q",
        "ts": "1578845471.366100",
        "team": "TJH5YU202",
        "user_team": "TJH5YU202",
        "source_team": "TJH5YU202",
        "user_profile": {
            "avatar_hash": "gab9279ee8c0",
            "image_72": "https:\/\/secure.gravatar.com\/avatar\/73ab9279ee8c00f66ce4904d30146c8f.jpg?s=72&d=https%3A%2F%2Fa.slack-edge.com%2Fdf10d%2Fimg%2Favatars%2Fava_0010-72.png",
            "first_name": "",
            "real_name": "Angel Pais",
            "display_name": "Angel Pais",
            "team": "TJH5YU202",
            "name": "amigosam",
            "is_restricted": false,
            "is_ultra_restricted": false
        },
        "edited": {
            "user": "UM81W8B0Q",
            "ts": "1578845491.000000"
        },
        "blocks": [
            {
                "type": "rich_text",
                "block_id": "ClW",
                "elements": [
                    {
                        "type": "rich_text_section",
                        "elements": [
                            {
                                "type": "text",
                                "text": "pero es eso"
                            }
                        ]
                    }
                ]
            }
        ]
    },
    {
        "client_msg_id": "c7666518-2d0e-42a6-b42c-4ae4cd7f862d",
        "type": "message",
        "text": "vosotros tampoco veis Clipper como un lenguaje de bases de datos a lo SQL",
        "user": "UNAHBRTFA",
        "ts": "1578845545.367400",
        "team": "TJH5YU202",
        "user_team": "TJH5YU202",
        "source_team": "TJH5YU202",
        "user_profile": {
            "avatar_hash": "g3d2a3f4c28c",
            "image_72": "https:\/\/secure.gravatar.com\/avatar\/23d2a3f4c28cebb4cf07e48d02620517.jpg?s=72&d=https%3A%2F%2Fa.slack-edge.com%2Fdf10d%2Fimg%2Favatars%2Fava_0020-72.png",
            "first_name": "Andreu",
            "real_name": "Andreu Botella",
            "display_name": "Andreu Botella",
            "team": "TJH5YU202",
            "name": "andreu.132",
            "is_restricted": false,
            "is_ultra_restricted": false
        },
        "blocks": [
            {
                "type": "rich_text",
                "block_id": "UUEW",
                "elements": [
                    {
                        "type": "rich_text_section",
                        "elements": [
                            {
                                "type": "text",
                                "text": "vosotros tampoco veis Clipper como un lenguaje de bases de datos a lo SQL"
                            }
                        ]
                    }
                ]
            }
        ]
    },
    {
        "client_msg_id": "f4738742-68e8-47d9-939f-ff23fd343201",
        "type": "message",
        "text": "y es debatible que ya no lo es, es una plataforma bastante completa",
        "user": "UNAHBRTFA",
        "ts": "1578845556.367800",
        "team": "TJH5YU202",
        "user_team": "TJH5YU202",
        "source_team": "TJH5YU202",
        "user_profile": {
            "avatar_hash": "g3d2a3f4c28c",
            "image_72": "https:\/\/secure.gravatar.com\/avatar\/23d2a3f4c28cebb4cf07e48d02620517.jpg?s=72&d=https%3A%2F%2Fa.slack-edge.com%2Fdf10d%2Fimg%2Favatars%2Fava_0020-72.png",
            "first_name": "Andreu",
            "real_name": "Andreu Botella",
            "display_name": "Andreu Botella",
            "team": "TJH5YU202",
            "name": "andreu.132",
            "is_restricted": false,
            "is_ultra_restricted": false
        },
        "blocks": [
            {
                "type": "rich_text",
                "block_id": "9NW4+",
                "elements": [
                    {
                        "type": "rich_text_section",
                        "elements": [
                            {
                                "type": "text",
                                "text": "y es debatible que ya no lo es, es una plataforma bastante completa"
                            }
                        ]
                    }
                ]
            }
        ]
    },
    {
        "client_msg_id": "1bb3fb77-62ce-4529-b5d2-49be0ac01ba7",
        "type": "message",
        "text": "clipper es un compilador de codigo DbaseIII",
        "user": "UM81W8B0Q",
        "ts": "1578845563.368200",
        "team": "TJH5YU202",
        "user_team": "TJH5YU202",
        "source_team": "TJH5YU202",
        "user_profile": {
            "avatar_hash": "gab9279ee8c0",
            "image_72": "https:\/\/secure.gravatar.com\/avatar\/73ab9279ee8c00f66ce4904d30146c8f.jpg?s=72&d=https%3A%2F%2Fa.slack-edge.com%2Fdf10d%2Fimg%2Favatars%2Fava_0010-72.png",
            "first_name": "",
            "real_name": "Angel Pais",
            "display_name": "Angel Pais",
            "team": "TJH5YU202",
            "name": "amigosam",
            "is_restricted": false,
            "is_ultra_restricted": false
        },
        "blocks": [
            {
                "type": "rich_text",
                "block_id": "HUR",
                "elements": [
                    {
                        "type": "rich_text_section",
                        "elements": [
                            {
                                "type": "text",
                                "text": "clipper es un compilador de codigo DbaseIII"
                            }
                        ]
                    }
                ]
            }
        ]
    },
    {
        "client_msg_id": "afec37e7-81fe-45b9-a4a0-f648aa43c869",
        "type": "message",
        "text": "dbase, xbase, harbour, etc. perdón por usar mal los términos",
        "user": "UNAHBRTFA",
        "ts": "1578845581.368800",
        "team": "TJH5YU202",
        "user_team": "TJH5YU202",
        "source_team": "TJH5YU202",
        "user_profile": {
            "avatar_hash": "g3d2a3f4c28c",
            "image_72": "https:\/\/secure.gravatar.com\/avatar\/23d2a3f4c28cebb4cf07e48d02620517.jpg?s=72&d=https%3A%2F%2Fa.slack-edge.com%2Fdf10d%2Fimg%2Favatars%2Fava_0020-72.png",
            "first_name": "Andreu",
            "real_name": "Andreu Botella",
            "display_name": "Andreu Botella",
            "team": "TJH5YU202",
            "name": "andreu.132",
            "is_restricted": false,
            "is_ultra_restricted": false
        },
        "blocks": [
            {
                "type": "rich_text",
                "block_id": "VcLz6",
                "elements": [
                    {
                        "type": "rich_text_section",
                        "elements": [
                            {
                                "type": "text",
                                "text": "dbase, xbase, harbour, etc. perdón por usar mal los términos"
                            }
                        ]
                    }
                ]
            }
        ]
    },
    {
        "client_msg_id": "1b179ff3-4225-4ca9-a59b-cd624d699ebb",
        "type": "message",
        "text": "dbaseIII era un database manager",
        "user": "UM81W8B0Q",
        "ts": "1578845582.368900",
        "team": "TJH5YU202",
        "user_team": "TJH5YU202",
        "source_team": "TJH5YU202",
        "user_profile": {
            "avatar_hash": "gab9279ee8c0",
            "image_72": "https:\/\/secure.gravatar.com\/avatar\/73ab9279ee8c00f66ce4904d30146c8f.jpg?s=72&d=https%3A%2F%2Fa.slack-edge.com%2Fdf10d%2Fimg%2Favatars%2Fava_0010-72.png",
            "first_name": "",
            "real_name": "Angel Pais",
            "display_name": "Angel Pais",
            "team": "TJH5YU202",
            "name": "amigosam",
            "is_restricted": false,
            "is_ultra_restricted": false
        },
        "blocks": [
            {
                "type": "rich_text",
                "block_id": "OL0",
                "elements": [
                    {
                        "type": "rich_text_section",
                        "elements": [
                            {
                                "type": "text",
                                "text": "dbaseIII era un database manager"
                            }
                        ]
                    }
                ]
            }
        ]
    },
    {
        "client_msg_id": "18b25c05-41c1-48fc-a707-3c3660dade78",
        "type": "message",
        "text": "luego derivó en lenguaje de uso general",
        "user": "UM81W8B0Q",
        "ts": "1578845603.369200",
        "team": "TJH5YU202",
        "user_team": "TJH5YU202",
        "source_team": "TJH5YU202",
        "user_profile": {
            "avatar_hash": "gab9279ee8c0",
            "image_72": "https:\/\/secure.gravatar.com\/avatar\/73ab9279ee8c00f66ce4904d30146c8f.jpg?s=72&d=https%3A%2F%2Fa.slack-edge.com%2Fdf10d%2Fimg%2Favatars%2Fava_0010-72.png",
            "first_name": "",
            "real_name": "Angel Pais",
            "display_name": "Angel Pais",
            "team": "TJH5YU202",
            "name": "amigosam",
            "is_restricted": false,
            "is_ultra_restricted": false
        },
        "blocks": [
            {
                "type": "rich_text",
                "block_id": "4BuA",
                "elements": [
                    {
                        "type": "rich_text_section",
                        "elements": [
                            {
                                "type": "text",
                                "text": "luego derivó en lenguaje de uso general"
                            }
                        ]
                    }
                ]
            }
        ]
    },
    {
        "client_msg_id": "9ce8930a-a5bd-4645-b720-4985faa7dcaa",
        "type": "message",
        "text": "exacto",
        "user": "UNAHBRTFA",
        "ts": "1578845612.369500",
        "team": "TJH5YU202",
        "user_team": "TJH5YU202",
        "source_team": "TJH5YU202",
        "user_profile": {
            "avatar_hash": "g3d2a3f4c28c",
            "image_72": "https:\/\/secure.gravatar.com\/avatar\/23d2a3f4c28cebb4cf07e48d02620517.jpg?s=72&d=https%3A%2F%2Fa.slack-edge.com%2Fdf10d%2Fimg%2Favatars%2Fava_0020-72.png",
            "first_name": "Andreu",
            "real_name": "Andreu Botella",
            "display_name": "Andreu Botella",
            "team": "TJH5YU202",
            "name": "andreu.132",
            "is_restricted": false,
            "is_ultra_restricted": false
        },
        "blocks": [
            {
                "type": "rich_text",
                "block_id": "8+ht",
                "elements": [
                    {
                        "type": "rich_text_section",
                        "elements": [
                            {
                                "type": "text",
                                "text": "exacto"
                            }
                        ]
                    }
                ]
            }
        ]
    },
    {
        "client_msg_id": "c203cd00-121f-4dec-a99f-e096ca3fe2c5",
        "type": "message",
        "text": "en una superlib de C",
        "user": "UM81W8B0Q",
        "ts": "1578845614.369600",
        "team": "TJH5YU202",
        "user_team": "TJH5YU202",
        "source_team": "TJH5YU202",
        "user_profile": {
            "avatar_hash": "gab9279ee8c0",
            "image_72": "https:\/\/secure.gravatar.com\/avatar\/73ab9279ee8c00f66ce4904d30146c8f.jpg?s=72&d=https%3A%2F%2Fa.slack-edge.com%2Fdf10d%2Fimg%2Favatars%2Fava_0010-72.png",
            "first_name": "",
            "real_name": "Angel Pais",
            "display_name": "Angel Pais",
            "team": "TJH5YU202",
            "name": "amigosam",
            "is_restricted": false,
            "is_ultra_restricted": false
        },
        "blocks": [
            {
                "type": "rich_text",
                "block_id": "oka",
                "elements": [
                    {
                        "type": "rich_text_section",
                        "elements": [
                            {
                                "type": "text",
                                "text": "en una superlib de C"
                            }
                        ]
                    }
                ]
            }
        ]
    },
    {
        "client_msg_id": "a0aba5c5-9a36-4806-a198-45db025631d5",
        "type": "message",
        "text": "pero si lo ves con cierta distancia no tiene sentido usar un sistema operativo arriba de otro para ejecutar una app",
        "user": "UM81W8B0Q",
        "ts": "1578845704.370400",
        "team": "TJH5YU202",
        "user_team": "TJH5YU202",
        "source_team": "TJH5YU202",
        "user_profile": {
            "avatar_hash": "gab9279ee8c0",
            "image_72": "https:\/\/secure.gravatar.com\/avatar\/73ab9279ee8c00f66ce4904d30146c8f.jpg?s=72&d=https%3A%2F%2Fa.slack-edge.com%2Fdf10d%2Fimg%2Favatars%2Fava_0010-72.png",
            "first_name": "",
            "real_name": "Angel Pais",
            "display_name": "Angel Pais",
            "team": "TJH5YU202",
            "name": "amigosam",
            "is_restricted": false,
            "is_ultra_restricted": false
        },
        "blocks": [
            {
                "type": "rich_text",
                "block_id": "X2cw",
                "elements": [
                    {
                        "type": "rich_text_section",
                        "elements": [
                            {
                                "type": "text",
                                "text": "pero si lo ves con cierta distancia no tiene sentido usar un sistema operativo arriba de otro para ejecutar una app"
                            }
                        ]
                    }
                ]
            }
        ]
    },
    {
        "client_msg_id": "7720fb1c-c32c-4110-8f5e-921089128a3b",
        "type": "message",
        "text": "Entonces que hacemos aca ?  Es que los clientes son los que piden y los que pagan. Y nosotros somos prostitutas de la codificacion.",
        "user": "UM81W8B0Q",
        "ts": "1578845740.371100",
        "team": "TJH5YU202",
        "user_team": "TJH5YU202",
        "source_team": "TJH5YU202",
        "user_profile": {
            "avatar_hash": "gab9279ee8c0",
            "image_72": "https:\/\/secure.gravatar.com\/avatar\/73ab9279ee8c00f66ce4904d30146c8f.jpg?s=72&d=https%3A%2F%2Fa.slack-edge.com%2Fdf10d%2Fimg%2Favatars%2Fava_0010-72.png",
            "first_name": "",
            "real_name": "Angel Pais",
            "display_name": "Angel Pais",
            "team": "TJH5YU202",
            "name": "amigosam",
            "is_restricted": false,
            "is_ultra_restricted": false
        },
        "edited": {
            "user": "UM81W8B0Q",
            "ts": "1578845762.000000"
        },
        "blocks": [
            {
                "type": "rich_text",
                "block_id": "4je",
                "elements": [
                    {
                        "type": "rich_text_section",
                        "elements": [
                            {
                                "type": "text",
                                "text": "Entonces que hacemos aca ?  Es que los clientes son los que piden y los que pagan. Y nosotros somos prostitutas de la codificacion."
                            }
                        ]
                    }
                ]
            }
        ]
    },
    {
        "client_msg_id": "9c61320e-0055-460b-8464-3a363081bd7b",
        "type": "message",
        "text": "Ha habido intentos de hacer un sistema operativo web, como el Boot2Gecko de Mozilla o Chrome\/Chromium OS",
        "user": "UNAHBRTFA",
        "ts": "1578845801.372100",
        "team": "TJH5YU202",
        "user_team": "TJH5YU202",
        "source_team": "TJH5YU202",
        "user_profile": {
            "avatar_hash": "g3d2a3f4c28c",
            "image_72": "https:\/\/secure.gravatar.com\/avatar\/23d2a3f4c28cebb4cf07e48d02620517.jpg?s=72&d=https%3A%2F%2Fa.slack-edge.com%2Fdf10d%2Fimg%2Favatars%2Fava_0020-72.png",
            "first_name": "Andreu",
            "real_name": "Andreu Botella",
            "display_name": "Andreu Botella",
            "team": "TJH5YU202",
            "name": "andreu.132",
            "is_restricted": false,
            "is_ultra_restricted": false
        },
        "blocks": [
            {
                "type": "rich_text",
                "block_id": "ckWap",
                "elements": [
                    {
                        "type": "rich_text_section",
                        "elements": [
                            {
                                "type": "text",
                                "text": "Ha habido intentos de hacer un sistema operativo web, como el Boot2Gecko de Mozilla o Chrome\/Chromium OS"
                            }
                        ]
                    }
                ]
            }
        ]
    },
    {
        "client_msg_id": "f119d58b-0ca0-45f8-99c6-211e70829361",
        "type": "message",
        "text": "Chromium es una buena idae pero la cagaron con lo del JAVA",
        "user": "UM81W8B0Q",
        "ts": "1578845830.373100",
        "team": "TJH5YU202",
        "user_team": "TJH5YU202",
        "source_team": "TJH5YU202",
        "user_profile": {
            "avatar_hash": "gab9279ee8c0",
            "image_72": "https:\/\/secure.gravatar.com\/avatar\/73ab9279ee8c00f66ce4904d30146c8f.jpg?s=72&d=https%3A%2F%2Fa.slack-edge.com%2Fdf10d%2Fimg%2Favatars%2Fava_0010-72.png",
            "first_name": "",
            "real_name": "Angel Pais",
            "display_name": "Angel Pais",
            "team": "TJH5YU202",
            "name": "amigosam",
            "is_restricted": false,
            "is_ultra_restricted": false
        },
        "blocks": [
            {
                "type": "rich_text",
                "block_id": "DlZb",
                "elements": [
                    {
                        "type": "rich_text_section",
                        "elements": [
                            {
                                "type": "text",
                                "text": "Chromium es una buena idae pero la cagaron con lo del JAVA"
                            }
                        ]
                    }
                ]
            }
        ]
    },
    {
        "client_msg_id": "f69418fe-668b-4110-b9bb-c808fe62c6e5",
        "type": "message",
        "text": "idea*",
        "user": "UM81W8B0Q",
        "ts": "1578845836.373300",
        "team": "TJH5YU202",
        "user_team": "TJH5YU202",
        "source_team": "TJH5YU202",
        "user_profile": {
            "avatar_hash": "gab9279ee8c0",
            "image_72": "https:\/\/secure.gravatar.com\/avatar\/73ab9279ee8c00f66ce4904d30146c8f.jpg?s=72&d=https%3A%2F%2Fa.slack-edge.com%2Fdf10d%2Fimg%2Favatars%2Fava_0010-72.png",
            "first_name": "",
            "real_name": "Angel Pais",
            "display_name": "Angel Pais",
            "team": "TJH5YU202",
            "name": "amigosam",
            "is_restricted": false,
            "is_ultra_restricted": false
        },
        "blocks": [
            {
                "type": "rich_text",
                "block_id": "hnZ6",
                "elements": [
                    {
                        "type": "rich_text_section",
                        "elements": [
                            {
                                "type": "text",
                                "text": "idea*"
                            }
                        ]
                    }
                ]
            }
        ]
    },
    {
        "client_msg_id": "d64f48aa-ab2d-457e-98c2-f9471acf8704",
        "type": "message",
        "text": "No te sigo, Chrome\/Chromium son casi todo C++",
        "user": "UNAHBRTFA",
        "ts": "1578845877.373700",
        "team": "TJH5YU202",
        "user_team": "TJH5YU202",
        "source_team": "TJH5YU202",
        "user_profile": {
            "avatar_hash": "g3d2a3f4c28c",
            "image_72": "https:\/\/secure.gravatar.com\/avatar\/23d2a3f4c28cebb4cf07e48d02620517.jpg?s=72&d=https%3A%2F%2Fa.slack-edge.com%2Fdf10d%2Fimg%2Favatars%2Fava_0020-72.png",
            "first_name": "Andreu",
            "real_name": "Andreu Botella",
            "display_name": "Andreu Botella",
            "team": "TJH5YU202",
            "name": "andreu.132",
            "is_restricted": false,
            "is_ultra_restricted": false
        },
        "blocks": [
            {
                "type": "rich_text",
                "block_id": "+eQ",
                "elements": [
                    {
                        "type": "rich_text_section",
                        "elements": [
                            {
                                "type": "text",
                                "text": "No te sigo, Chrome\/Chromium son casi todo C++"
                            }
                        ]
                    }
                ]
            }
        ]
    },
    {
        "client_msg_id": "5d0790e7-cf20-4d1e-bcdd-07aaf9faaa69",
        "type": "message",
        "text": "quise decir android jaj",
        "user": "UM81W8B0Q",
        "ts": "1578845895.374000",
        "team": "TJH5YU202",
        "user_team": "TJH5YU202",
        "source_team": "TJH5YU202",
        "user_profile": {
            "avatar_hash": "gab9279ee8c0",
            "image_72": "https:\/\/secure.gravatar.com\/avatar\/73ab9279ee8c00f66ce4904d30146c8f.jpg?s=72&d=https%3A%2F%2Fa.slack-edge.com%2Fdf10d%2Fimg%2Favatars%2Fava_0010-72.png",
            "first_name": "",
            "real_name": "Angel Pais",
            "display_name": "Angel Pais",
            "team": "TJH5YU202",
            "name": "amigosam",
            "is_restricted": false,
            "is_ultra_restricted": false
        },
        "blocks": [
            {
                "type": "rich_text",
                "block_id": "Obi0",
                "elements": [
                    {
                        "type": "rich_text_section",
                        "elements": [
                            {
                                "type": "text",
                                "text": "quise decir android jaj"
                            }
                        ]
                    }
                ]
            }
        ]
    },
    {
        "client_msg_id": "23dae4b6-e314-460b-a364-4829c6fe86df",
        "type": "message",
        "text": "entendi android",
        "user": "UM81W8B0Q",
        "ts": "1578845902.374200",
        "team": "TJH5YU202",
        "user_team": "TJH5YU202",
        "source_team": "TJH5YU202",
        "user_profile": {
            "avatar_hash": "gab9279ee8c0",
            "image_72": "https:\/\/secure.gravatar.com\/avatar\/73ab9279ee8c00f66ce4904d30146c8f.jpg?s=72&d=https%3A%2F%2Fa.slack-edge.com%2Fdf10d%2Fimg%2Favatars%2Fava_0010-72.png",
            "first_name": "",
            "real_name": "Angel Pais",
            "display_name": "Angel Pais",
            "team": "TJH5YU202",
            "name": "amigosam",
            "is_restricted": false,
            "is_ultra_restricted": false
        },
        "blocks": [
            {
                "type": "rich_text",
                "block_id": "csolD",
                "elements": [
                    {
                        "type": "rich_text_section",
                        "elements": [
                            {
                                "type": "text",
                                "text": "entendi android"
                            }
                        ]
                    }
                ]
            }
        ]
    },
    {
        "client_msg_id": "41a18419-d9ff-40f0-81ef-a51b770cd2fd",
        "type": "message",
        "text": "en chromium el problema es el mismo que en los browsers",
        "user": "UM81W8B0Q",
        "ts": "1578845961.375100",
        "team": "TJH5YU202",
        "user_team": "TJH5YU202",
        "source_team": "TJH5YU202",
        "user_profile": {
            "avatar_hash": "gab9279ee8c0",
            "image_72": "https:\/\/secure.gravatar.com\/avatar\/73ab9279ee8c00f66ce4904d30146c8f.jpg?s=72&d=https%3A%2F%2Fa.slack-edge.com%2Fdf10d%2Fimg%2Favatars%2Fava_0010-72.png",
            "first_name": "",
            "real_name": "Angel Pais",
            "display_name": "Angel Pais",
            "team": "TJH5YU202",
            "name": "amigosam",
            "is_restricted": false,
            "is_ultra_restricted": false
        },
        "blocks": [
            {
                "type": "rich_text",
                "block_id": "NFm",
                "elements": [
                    {
                        "type": "rich_text_section",
                        "elements": [
                            {
                                "type": "text",
                                "text": "en chromium el problema es el mismo que en los browsers"
                            }
                        ]
                    }
                ]
            }
        ]
    },
    {
        "client_msg_id": "60d5d982-5bf8-49a3-8f26-fc401a47dea9",
        "type": "message",
        "text": "hay programas que no ejecutan en chromiun",
        "user": "UM81W8B0Q",
        "ts": "1578845978.375500",
        "team": "TJH5YU202",
        "user_team": "TJH5YU202",
        "source_team": "TJH5YU202",
        "user_profile": {
            "avatar_hash": "gab9279ee8c0",
            "image_72": "https:\/\/secure.gravatar.com\/avatar\/73ab9279ee8c00f66ce4904d30146c8f.jpg?s=72&d=https%3A%2F%2Fa.slack-edge.com%2Fdf10d%2Fimg%2Favatars%2Fava_0010-72.png",
            "first_name": "",
            "real_name": "Angel Pais",
            "display_name": "Angel Pais",
            "team": "TJH5YU202",
            "name": "amigosam",
            "is_restricted": false,
            "is_ultra_restricted": false
        },
        "blocks": [
            {
                "type": "rich_text",
                "block_id": "5VU",
                "elements": [
                    {
                        "type": "rich_text_section",
                        "elements": [
                            {
                                "type": "text",
                                "text": "hay programas que no ejecutan en chromiun"
                            }
                        ]
                    }
                ]
            }
        ]
    },
    {
        "client_msg_id": "9a43aa08-db28-4c19-b21f-b0c77f7a87f6",
        "type": "message",
        "text": "como Adobe o Corel el de CAD que no me sale el nombre",
        "user": "UM81W8B0Q",
        "ts": "1578846017.376100",
        "team": "TJH5YU202",
        "user_team": "TJH5YU202",
        "source_team": "TJH5YU202",
        "user_profile": {
            "avatar_hash": "gab9279ee8c0",
            "image_72": "https:\/\/secure.gravatar.com\/avatar\/73ab9279ee8c00f66ce4904d30146c8f.jpg?s=72&d=https%3A%2F%2Fa.slack-edge.com%2Fdf10d%2Fimg%2Favatars%2Fava_0010-72.png",
            "first_name": "",
            "real_name": "Angel Pais",
            "display_name": "Angel Pais",
            "team": "TJH5YU202",
            "name": "amigosam",
            "is_restricted": false,
            "is_ultra_restricted": false
        },
        "blocks": [
            {
                "type": "rich_text",
                "block_id": "Kht",
                "elements": [
                    {
                        "type": "rich_text_section",
                        "elements": [
                            {
                                "type": "text",
                                "text": "como Adobe o Corel el de CAD que no me sale el nombre"
                            }
                        ]
                    }
                ]
            }
        ]
    },
    {
        "client_msg_id": "7d2108ae-c856-49bf-b643-59681f95674d",
        "type": "message",
        "text": "Chromium es la base de código libre sobre la que Chrome está construido",
        "user": "UNAHBRTFA",
        "ts": "1578846044.376700",
        "team": "TJH5YU202",
        "user_team": "TJH5YU202",
        "source_team": "TJH5YU202",
        "user_profile": {
            "avatar_hash": "g3d2a3f4c28c",
            "image_72": "https:\/\/secure.gravatar.com\/avatar\/23d2a3f4c28cebb4cf07e48d02620517.jpg?s=72&d=https%3A%2F%2Fa.slack-edge.com%2Fdf10d%2Fimg%2Favatars%2Fava_0020-72.png",
            "first_name": "Andreu",
            "real_name": "Andreu Botella",
            "display_name": "Andreu Botella",
            "team": "TJH5YU202",
            "name": "andreu.132",
            "is_restricted": false,
            "is_ultra_restricted": false
        },
        "blocks": [
            {
                "type": "rich_text",
                "block_id": "O86I",
                "elements": [
                    {
                        "type": "rich_text_section",
                        "elements": [
                            {
                                "type": "text",
                                "text": "Chromium es la base de código libre sobre la que Chrome está construido"
                            }
                        ]
                    }
                ]
            }
        ]
    },
    {
        "client_msg_id": "b18c8a4b-eed6-4002-8f54-f59b52fa25ca",
        "type": "message",
        "text": "es el mismo problema que linux",
        "user": "UM81W8B0Q",
        "ts": "1578846052.377000",
        "team": "TJH5YU202",
        "user_team": "TJH5YU202",
        "source_team": "TJH5YU202",
        "user_profile": {
            "avatar_hash": "gab9279ee8c0",
            "image_72": "https:\/\/secure.gravatar.com\/avatar\/73ab9279ee8c00f66ce4904d30146c8f.jpg?s=72&d=https%3A%2F%2Fa.slack-edge.com%2Fdf10d%2Fimg%2Favatars%2Fava_0010-72.png",
            "first_name": "",
            "real_name": "Angel Pais",
            "display_name": "Angel Pais",
            "team": "TJH5YU202",
            "name": "amigosam",
            "is_restricted": false,
            "is_ultra_restricted": false
        },
        "blocks": [
            {
                "type": "rich_text",
                "block_id": "c93+",
                "elements": [
                    {
                        "type": "rich_text_section",
                        "elements": [
                            {
                                "type": "text",
                                "text": "es el mismo problema que linux"
                            }
                        ]
                    }
                ]
            }
        ]
    },
    {
        "client_msg_id": "1afad504-0b5b-485b-8888-e262f65c9727",
        "type": "message",
        "text": "linux no fallo por falta de escritorio como dicen",
        "user": "UM81W8B0Q",
        "ts": "1578846061.377400",
        "team": "TJH5YU202",
        "user_team": "TJH5YU202",
        "source_team": "TJH5YU202",
        "user_profile": {
            "avatar_hash": "gab9279ee8c0",
            "image_72": "https:\/\/secure.gravatar.com\/avatar\/73ab9279ee8c00f66ce4904d30146c8f.jpg?s=72&d=https%3A%2F%2Fa.slack-edge.com%2Fdf10d%2Fimg%2Favatars%2Fava_0010-72.png",
            "first_name": "",
            "real_name": "Angel Pais",
            "display_name": "Angel Pais",
            "team": "TJH5YU202",
            "name": "amigosam",
            "is_restricted": false,
            "is_ultra_restricted": false
        },
        "blocks": [
            {
                "type": "rich_text",
                "block_id": "FzBZ",
                "elements": [
                    {
                        "type": "rich_text_section",
                        "elements": [
                            {
                                "type": "text",
                                "text": "linux no fallo por falta de escritorio como dicen"
                            }
                        ]
                    }
                ]
            }
        ]
    },
    {
        "client_msg_id": "6a67a018-9e53-40ee-8a7c-deb83d5daa0c",
        "type": "message",
        "text": "Chrome OS y Chromium OS son sistemas operativos que reemplazan la interfaz por un navegador",
        "user": "UNAHBRTFA",
        "ts": "1578846070.377900",
        "team": "TJH5YU202",
        "user_team": "TJH5YU202",
        "source_team": "TJH5YU202",
        "user_profile": {
            "avatar_hash": "g3d2a3f4c28c",
            "image_72": "https:\/\/secure.gravatar.com\/avatar\/23d2a3f4c28cebb4cf07e48d02620517.jpg?s=72&d=https%3A%2F%2Fa.slack-edge.com%2Fdf10d%2Fimg%2Favatars%2Fava_0020-72.png",
            "first_name": "Andreu",
            "real_name": "Andreu Botella",
            "display_name": "Andreu Botella",
            "team": "TJH5YU202",
            "name": "andreu.132",
            "is_restricted": false,
            "is_ultra_restricted": false
        },
        "blocks": [
            {
                "type": "rich_text",
                "block_id": "qpq2",
                "elements": [
                    {
                        "type": "rich_text_section",
                        "elements": [
                            {
                                "type": "text",
                                "text": "Chrome OS y Chromium OS son sistemas operativos que reemplazan la interfaz por un navegador"
                            }
                        ]
                    }
                ]
            }
        ]
    },
    {
        "client_msg_id": "299c05b1-c225-45af-9b5a-05043c05186f",
        "type": "message",
        "text": "sino que no ejecuta los programas que la gente quiere",
        "user": "UM81W8B0Q",
        "ts": "1578846072.378000",
        "team": "TJH5YU202",
        "user_team": "TJH5YU202",
        "source_team": "TJH5YU202",
        "user_profile": {
            "avatar_hash": "gab9279ee8c0",
            "image_72": "https:\/\/secure.gravatar.com\/avatar\/73ab9279ee8c00f66ce4904d30146c8f.jpg?s=72&d=https%3A%2F%2Fa.slack-edge.com%2Fdf10d%2Fimg%2Favatars%2Fava_0010-72.png",
            "first_name": "",
            "real_name": "Angel Pais",
            "display_name": "Angel Pais",
            "team": "TJH5YU202",
            "name": "amigosam",
            "is_restricted": false,
            "is_ultra_restricted": false
        },
        "edited": {
            "user": "UM81W8B0Q",
            "ts": "1578846103.000000"
        },
        "blocks": [
            {
                "type": "rich_text",
                "block_id": "sym",
                "elements": [
                    {
                        "type": "rich_text_section",
                        "elements": [
                            {
                                "type": "text",
                                "text": "sino que no ejecuta los programas que la gente quiere"
                            }
                        ]
                    }
                ]
            }
        ]
    },
    {
        "client_msg_id": "e6b6e680-dd75-431c-b208-75342acde93c",
        "type": "message",
        "text": "excel, corel, photoshop y autocad",
        "user": "UM81W8B0Q",
        "ts": "1578846083.378400",
        "team": "TJH5YU202",
        "user_team": "TJH5YU202",
        "source_team": "TJH5YU202",
        "user_profile": {
            "avatar_hash": "gab9279ee8c0",
            "image_72": "https:\/\/secure.gravatar.com\/avatar\/73ab9279ee8c00f66ce4904d30146c8f.jpg?s=72&d=https%3A%2F%2Fa.slack-edge.com%2Fdf10d%2Fimg%2Favatars%2Fava_0010-72.png",
            "first_name": "",
            "real_name": "Angel Pais",
            "display_name": "Angel Pais",
            "team": "TJH5YU202",
            "name": "amigosam",
            "is_restricted": false,
            "is_ultra_restricted": false
        },
        "blocks": [
            {
                "type": "rich_text",
                "block_id": "Xv\/X",
                "elements": [
                    {
                        "type": "rich_text_section",
                        "elements": [
                            {
                                "type": "text",
                                "text": "excel, corel, photoshop y autocad"
                            }
                        ]
                    }
                ]
            }
        ]
    },
    {
        "client_msg_id": "0d321298-c50e-4c50-8a9b-9a65a996684d",
        "type": "message",
        "text": "Me parece que AutoCAD ahora mismo corre en la web con wasm",
        "user": "UNAHBRTFA",
        "ts": "1578846112.379000",
        "team": "TJH5YU202",
        "user_team": "TJH5YU202",
        "source_team": "TJH5YU202",
        "user_profile": {
            "avatar_hash": "g3d2a3f4c28c",
            "image_72": "https:\/\/secure.gravatar.com\/avatar\/23d2a3f4c28cebb4cf07e48d02620517.jpg?s=72&d=https%3A%2F%2Fa.slack-edge.com%2Fdf10d%2Fimg%2Favatars%2Fava_0020-72.png",
            "first_name": "Andreu",
            "real_name": "Andreu Botella",
            "display_name": "Andreu Botella",
            "team": "TJH5YU202",
            "name": "andreu.132",
            "is_restricted": false,
            "is_ultra_restricted": false
        },
        "blocks": [
            {
                "type": "rich_text",
                "block_id": "iFCDz",
                "elements": [
                    {
                        "type": "rich_text_section",
                        "elements": [
                            {
                                "type": "text",
                                "text": "Me parece que AutoCAD ahora mismo corre en la web con wasm"
                            }
                        ]
                    }
                ]
            }
        ]
    },
    {
        "client_msg_id": "052062cb-01e2-448e-877b-882bc35da6ff",
        "type": "message",
        "text": "algunas pruebas existen si",
        "user": "UM81W8B0Q",
        "ts": "1578846126.379500",
        "team": "TJH5YU202",
        "user_team": "TJH5YU202",
        "source_team": "TJH5YU202",
        "user_profile": {
            "avatar_hash": "gab9279ee8c0",
            "image_72": "https:\/\/secure.gravatar.com\/avatar\/73ab9279ee8c00f66ce4904d30146c8f.jpg?s=72&d=https%3A%2F%2Fa.slack-edge.com%2Fdf10d%2Fimg%2Favatars%2Fava_0010-72.png",
            "first_name": "",
            "real_name": "Angel Pais",
            "display_name": "Angel Pais",
            "team": "TJH5YU202",
            "name": "amigosam",
            "is_restricted": false,
            "is_ultra_restricted": false
        },
        "edited": {
            "user": "UM81W8B0Q",
            "ts": "1578846152.000000"
        },
        "blocks": [
            {
                "type": "rich_text",
                "block_id": "MJa5h",
                "elements": [
                    {
                        "type": "rich_text_section",
                        "elements": [
                            {
                                "type": "text",
                                "text": "algunas pruebas existen si"
                            }
                        ]
                    }
                ]
            }
        ]
    },
    {
        "client_msg_id": "e88ea094-f4af-45b7-a033-21664143f00f",
        "type": "message",
        "text": "excel en mi experiencia está siendo reemplazado desde hace mucho tiempo por Google Sheets",
        "user": "UNAHBRTFA",
        "ts": "1578846137.379700",
        "team": "TJH5YU202",
        "user_team": "TJH5YU202",
        "source_team": "TJH5YU202",
        "user_profile": {
            "avatar_hash": "g3d2a3f4c28c",
            "image_72": "https:\/\/secure.gravatar.com\/avatar\/23d2a3f4c28cebb4cf07e48d02620517.jpg?s=72&d=https%3A%2F%2Fa.slack-edge.com%2Fdf10d%2Fimg%2Favatars%2Fava_0020-72.png",
            "first_name": "Andreu",
            "real_name": "Andreu Botella",
            "display_name": "Andreu Botella",
            "team": "TJH5YU202",
            "name": "andreu.132",
            "is_restricted": false,
            "is_ultra_restricted": false
        },
        "blocks": [
            {
                "type": "rich_text",
                "block_id": "GfCS",
                "elements": [
                    {
                        "type": "rich_text_section",
                        "elements": [
                            {
                                "type": "text",
                                "text": "excel en mi experiencia está siendo reemplazado desde hace mucho tiempo por Google Sheets"
                            }
                        ]
                    }
                ]
            }
        ]
    },
    {
        "client_msg_id": "474d4518-0c60-4d19-aa89-a6a8b8e4d1aa",
        "type": "message",
        "text": "veremos",
        "user": "UM81W8B0Q",
        "ts": "1578846145.380100",
        "team": "TJH5YU202",
        "user_team": "TJH5YU202",
        "source_team": "TJH5YU202",
        "user_profile": {
            "avatar_hash": "gab9279ee8c0",
            "image_72": "https:\/\/secure.gravatar.com\/avatar\/73ab9279ee8c00f66ce4904d30146c8f.jpg?s=72&d=https%3A%2F%2Fa.slack-edge.com%2Fdf10d%2Fimg%2Favatars%2Fava_0010-72.png",
            "first_name": "",
            "real_name": "Angel Pais",
            "display_name": "Angel Pais",
            "team": "TJH5YU202",
            "name": "amigosam",
            "is_restricted": false,
            "is_ultra_restricted": false
        },
        "blocks": [
            {
                "type": "rich_text",
                "block_id": "1bQN",
                "elements": [
                    {
                        "type": "rich_text_section",
                        "elements": [
                            {
                                "type": "text",
                                "text": "veremos"
                            }
                        ]
                    }
                ]
            }
        ]
    },
    {
        "client_msg_id": "396a81c6-0222-436d-8f7c-f3f6c2eeb491",
        "type": "message",
        "text": "esto es todo muy dinámico",
        "user": "UM81W8B0Q",
        "ts": "1578846173.380600",
        "team": "TJH5YU202",
        "user_team": "TJH5YU202",
        "source_team": "TJH5YU202",
        "user_profile": {
            "avatar_hash": "gab9279ee8c0",
            "image_72": "https:\/\/secure.gravatar.com\/avatar\/73ab9279ee8c00f66ce4904d30146c8f.jpg?s=72&d=https%3A%2F%2Fa.slack-edge.com%2Fdf10d%2Fimg%2Favatars%2Fava_0010-72.png",
            "first_name": "",
            "real_name": "Angel Pais",
            "display_name": "Angel Pais",
            "team": "TJH5YU202",
            "name": "amigosam",
            "is_restricted": false,
            "is_ultra_restricted": false
        },
        "blocks": [
            {
                "type": "rich_text",
                "block_id": "5Zj1M",
                "elements": [
                    {
                        "type": "rich_text_section",
                        "elements": [
                            {
                                "type": "text",
                                "text": "esto es todo muy dinámico"
                            }
                        ]
                    }
                ]
            }
        ]
    },
    {
        "client_msg_id": "fa1c5a7a-b2ab-4611-9541-80d0d4a5c07e",
        "type": "message",
        "text": "Hay mucha gente que cree que el modelo de sistema operativo de escritorio está desfasado",
        "user": "UNAHBRTFA",
        "ts": "1578846269.381400",
        "team": "TJH5YU202",
        "user_team": "TJH5YU202",
        "source_team": "TJH5YU202",
        "user_profile": {
            "avatar_hash": "g3d2a3f4c28c",
            "image_72": "https:\/\/secure.gravatar.com\/avatar\/23d2a3f4c28cebb4cf07e48d02620517.jpg?s=72&d=https%3A%2F%2Fa.slack-edge.com%2Fdf10d%2Fimg%2Favatars%2Fava_0020-72.png",
            "first_name": "Andreu",
            "real_name": "Andreu Botella",
            "display_name": "Andreu Botella",
            "team": "TJH5YU202",
            "name": "andreu.132",
            "is_restricted": false,
            "is_ultra_restricted": false
        },
        "blocks": [
            {
                "type": "rich_text",
                "block_id": "Aev=",
                "elements": [
                    {
                        "type": "rich_text_section",
                        "elements": [
                            {
                                "type": "text",
                                "text": "Hay mucha gente que cree que el modelo de sistema operativo de escritorio está desfasado"
                            }
                        ]
                    }
                ]
            }
        ]
    },
    {
        "client_msg_id": "18e7ab92-33cd-4408-a8a3-ae2a1385b08a",
        "type": "message",
        "text": "Se creó en los tiempos en los que la máquina era enorme y daba servicios a 20 usuarios mínimo",
        "user": "UNAHBRTFA",
        "ts": "1578846302.382000",
        "team": "TJH5YU202",
        "user_team": "TJH5YU202",
        "source_team": "TJH5YU202",
        "user_profile": {
            "avatar_hash": "g3d2a3f4c28c",
            "image_72": "https:\/\/secure.gravatar.com\/avatar\/23d2a3f4c28cebb4cf07e48d02620517.jpg?s=72&d=https%3A%2F%2Fa.slack-edge.com%2Fdf10d%2Fimg%2Favatars%2Fava_0020-72.png",
            "first_name": "Andreu",
            "real_name": "Andreu Botella",
            "display_name": "Andreu Botella",
            "team": "TJH5YU202",
            "name": "andreu.132",
            "is_restricted": false,
            "is_ultra_restricted": false
        },
        "blocks": [
            {
                "type": "rich_text",
                "block_id": "FWQ",
                "elements": [
                    {
                        "type": "rich_text_section",
                        "elements": [
                            {
                                "type": "text",
                                "text": "Se creó en los tiempos en los que la máquina era enorme y daba servicios a 20 usuarios mínimo"
                            }
                        ]
                    }
                ]
            }
        ]
    },
    {
        "client_msg_id": "0c036786-f4dd-4862-b59e-d4b9a8ef30ce",
        "type": "message",
        "text": "Ahora no necesitas aislamiento entre usuario, y no tanto entre procesos, necesitas aislamiento entre distintos módulos dentro de un proceso",
        "user": "UNAHBRTFA",
        "ts": "1578846336.382600",
        "team": "TJH5YU202",
        "user_team": "TJH5YU202",
        "source_team": "TJH5YU202",
        "user_profile": {
            "avatar_hash": "g3d2a3f4c28c",
            "image_72": "https:\/\/secure.gravatar.com\/avatar\/23d2a3f4c28cebb4cf07e48d02620517.jpg?s=72&d=https%3A%2F%2Fa.slack-edge.com%2Fdf10d%2Fimg%2Favatars%2Fava_0020-72.png",
            "first_name": "Andreu",
            "real_name": "Andreu Botella",
            "display_name": "Andreu Botella",
            "team": "TJH5YU202",
            "name": "andreu.132",
            "is_restricted": false,
            "is_ultra_restricted": false
        },
        "edited": {
            "user": "UNAHBRTFA",
            "ts": "1578846376.000000"
        },
        "blocks": [
            {
                "type": "rich_text",
                "block_id": "=U5H",
                "elements": [
                    {
                        "type": "rich_text_section",
                        "elements": [
                            {
                                "type": "text",
                                "text": "Ahora no necesitas aislamiento entre usuario, y no tanto entre procesos, necesitas aislamiento entre distintos módulos dentro de un proceso"
                            }
                        ]
                    }
                ]
            }
        ]
    },
    {
        "client_msg_id": "c4a17d08-ebda-4e87-86ec-7fb24d047db0",
        "type": "message",
        "text": "Y la web te da un poco de eso",
        "user": "UNAHBRTFA",
        "ts": "1578846396.383000",
        "team": "TJH5YU202",
        "user_team": "TJH5YU202",
        "source_team": "TJH5YU202",
        "user_profile": {
            "avatar_hash": "g3d2a3f4c28c",
            "image_72": "https:\/\/secure.gravatar.com\/avatar\/23d2a3f4c28cebb4cf07e48d02620517.jpg?s=72&d=https%3A%2F%2Fa.slack-edge.com%2Fdf10d%2Fimg%2Favatars%2Fava_0020-72.png",
            "first_name": "Andreu",
            "real_name": "Andreu Botella",
            "display_name": "Andreu Botella",
            "team": "TJH5YU202",
            "name": "andreu.132",
            "is_restricted": false,
            "is_ultra_restricted": false
        },
        "blocks": [
            {
                "type": "rich_text",
                "block_id": "4l+Q",
                "elements": [
                    {
                        "type": "rich_text_section",
                        "elements": [
                            {
                                "type": "text",
                                "text": "Y la web te da un poco de eso"
                            }
                        ]
                    }
                ]
            }
        ]
    },
    {
        "client_msg_id": "7c428756-cf02-43f8-a16d-2fd7512ed476",
        "type": "message",
        "text": "aunque podría dar más",
        "user": "UNAHBRTFA",
        "ts": "1578846407.383300",
        "team": "TJH5YU202",
        "user_team": "TJH5YU202",
        "source_team": "TJH5YU202",
        "user_profile": {
            "avatar_hash": "g3d2a3f4c28c",
            "image_72": "https:\/\/secure.gravatar.com\/avatar\/23d2a3f4c28cebb4cf07e48d02620517.jpg?s=72&d=https%3A%2F%2Fa.slack-edge.com%2Fdf10d%2Fimg%2Favatars%2Fava_0020-72.png",
            "first_name": "Andreu",
            "real_name": "Andreu Botella",
            "display_name": "Andreu Botella",
            "team": "TJH5YU202",
            "name": "andreu.132",
            "is_restricted": false,
            "is_ultra_restricted": false
        },
        "blocks": [
            {
                "type": "rich_text",
                "block_id": "fPf",
                "elements": [
                    {
                        "type": "rich_text_section",
                        "elements": [
                            {
                                "type": "text",
                                "text": "aunque podría dar más"
                            }
                        ]
                    }
                ]
            }
        ]
    },
    {
        "client_msg_id": "0e04b4d9-7fee-4cf1-8429-bc879d97e010",
        "type": "message",
        "text": "Many thanks dear Massimo",
        "user": "UJUJLTWMT",
        "ts": "1578856304.383500",
        "team": "TJH5YU202",
        "user_team": "TJH5YU202",
        "source_team": "TJH5YU202",
        "user_profile": {
            "avatar_hash": "a60e3b1ef2d2",
            "image_72": "https:\/\/avatars.slack-edge.com\/2019-08-20\/726246109489_a60e3b1ef2d2c141969d_72.jpg",
            "first_name": "",
            "real_name": "Cristobal",
            "display_name": "Cristobal",
            "team": "TJH5YU202",
            "name": "navarro.cristobal",
            "is_restricted": false,
            "is_ultra_restricted": false
        },
        "blocks": [
            {
                "type": "rich_text",
                "block_id": "hTtdZ",
                "elements": [
                    {
                        "type": "rich_text_section",
                        "elements": [
                            {
                                "type": "text",
                                "text": "Many thanks dear Massimo"
                            }
                        ]
                    }
                ]
            }
        ],
        "thread_ts": "1578819379.352800",
        "parent_user_id": "UPK8HA95J"
    }
]