[
    {
        "client_msg_id": "f8a969db-7495-458d-8be1-1b71562f7e7e",
        "type": "message",
        "text": "Por la tarde te lo miro",
        "user": "UJWR5N32S",
        "ts": "1578991004.411500",
        "team": "TJH5YU202",
        "user_team": "TJH5YU202",
        "source_team": "TJH5YU202",
        "user_profile": {
            "avatar_hash": "273d3745f7ae",
            "image_72": "https:\/\/avatars.slack-edge.com\/2019-05-20\/634344238497_273d3745f7ae1b176b82_72.jpg",
            "first_name": "Charly",
            "real_name": "Charly",
            "display_name": "Charly",
            "team": "TJH5YU202",
            "name": "carles9000",
            "is_restricted": false,
            "is_ultra_restricted": false
        },
        "blocks": [
            {
                "type": "rich_text",
                "block_id": "NJttg",
                "elements": [
                    {
                        "type": "rich_text_section",
                        "elements": [
                            {
                                "type": "text",
                                "text": "Por la tarde te lo miro"
                            }
                        ]
                    }
                ]
            }
        ]
    },
    {
        "client_msg_id": "cffe60ce-28b2-44ef-80a5-1b0e4075c0e3",
        "type": "message",
        "text": "Good morning.",
        "user": "UJHD6A81H",
        "ts": "1579000874.411700",
        "team": "TJH5YU202",
        "user_team": "TJH5YU202",
        "source_team": "TJH5YU202",
        "user_profile": {
            "avatar_hash": "g6b8073e00e9",
            "image_72": "https:\/\/secure.gravatar.com\/avatar\/b96b8073e00e9eb02bcf05bc1418eb3a.jpg?s=72&d=https%3A%2F%2Fa.slack-edge.com%2Fdf10d%2Fimg%2Favatars%2Fava_0021-72.png",
            "first_name": "Otto",
            "real_name": "Otto Atzwanger",
            "display_name": "Otto",
            "team": "TJH5YU202",
            "name": "otto",
            "is_restricted": false,
            "is_ultra_restricted": false
        },
        "blocks": [
            {
                "type": "rich_text",
                "block_id": "DJ7P",
                "elements": [
                    {
                        "type": "rich_text_section",
                        "elements": [
                            {
                                "type": "text",
                                "text": "Good morning."
                            }
                        ]
                    }
                ]
            }
        ]
    },
    {
        "client_msg_id": "3fb7af85-9d3a-46c5-8c49-cb268c7095ee",
        "type": "message",
        "text": "Is this statement correct?\nEven if you intend to work with Genesis, you need a basic knowledge of javascript and HTML.\nNow is the best time to start learning.",
        "user": "UJHD6A81H",
        "ts": "1579000895.411900",
        "team": "TJH5YU202",
        "user_team": "TJH5YU202",
        "source_team": "TJH5YU202",
        "user_profile": {
            "avatar_hash": "g6b8073e00e9",
            "image_72": "https:\/\/secure.gravatar.com\/avatar\/b96b8073e00e9eb02bcf05bc1418eb3a.jpg?s=72&d=https%3A%2F%2Fa.slack-edge.com%2Fdf10d%2Fimg%2Favatars%2Fava_0021-72.png",
            "first_name": "Otto",
            "real_name": "Otto Atzwanger",
            "display_name": "Otto",
            "team": "TJH5YU202",
            "name": "otto",
            "is_restricted": false,
            "is_ultra_restricted": false
        },
        "blocks": [
            {
                "type": "rich_text",
                "block_id": "I7r",
                "elements": [
                    {
                        "type": "rich_text_section",
                        "elements": [
                            {
                                "type": "text",
                                "text": "Is this statement correct?\nEven if you intend to work with Genesis, you need a basic knowledge of javascript and HTML.\nNow is the best time to start learning."
                            }
                        ]
                    }
                ]
            }
        ]
    },
    {
        "client_msg_id": "6d548278-f49f-4f3a-b3a9-3428090e9be4",
        "type": "message",
        "text": "If you work with web browsers, you need a basic knowledge of javascript, CSS and HTML.",
        "user": "UM81W8B0Q",
        "ts": "1579001788.412600",
        "team": "TJH5YU202",
        "user_team": "TJH5YU202",
        "source_team": "TJH5YU202",
        "user_profile": {
            "avatar_hash": "gab9279ee8c0",
            "image_72": "https:\/\/secure.gravatar.com\/avatar\/73ab9279ee8c00f66ce4904d30146c8f.jpg?s=72&d=https%3A%2F%2Fa.slack-edge.com%2Fdf10d%2Fimg%2Favatars%2Fava_0010-72.png",
            "first_name": "",
            "real_name": "Angel Pais",
            "display_name": "Angel Pais",
            "team": "TJH5YU202",
            "name": "amigosam",
            "is_restricted": false,
            "is_ultra_restricted": false
        },
        "blocks": [
            {
                "type": "rich_text",
                "block_id": "cGq7",
                "elements": [
                    {
                        "type": "rich_text_section",
                        "elements": [
                            {
                                "type": "text",
                                "text": "If you work with web browsers, you need a basic knowledge of javascript, CSS and HTML."
                            }
                        ]
                    }
                ]
            }
        ]
    },
    {
        "client_msg_id": "1dae684e-5276-40b4-aebf-d82142f6ca88",
        "type": "message",
        "text": "Having knowledge of these languages is important, but hopefully you don't have to use them, right?",
        "user": "UJUJLTWMT",
        "ts": "1579002407.412800",
        "team": "TJH5YU202",
        "user_team": "TJH5YU202",
        "source_team": "TJH5YU202",
        "user_profile": {
            "avatar_hash": "a60e3b1ef2d2",
            "image_72": "https:\/\/avatars.slack-edge.com\/2019-08-20\/726246109489_a60e3b1ef2d2c141969d_72.jpg",
            "first_name": "",
            "real_name": "Cristobal",
            "display_name": "Cristobal",
            "team": "TJH5YU202",
            "name": "navarro.cristobal",
            "is_restricted": false,
            "is_ultra_restricted": false
        },
        "blocks": [
            {
                "type": "rich_text",
                "block_id": "Nuc",
                "elements": [
                    {
                        "type": "rich_text_section",
                        "elements": [
                            {
                                "type": "text",
                                "text": "Having knowledge of these languages is important, but hopefully you don't have to use them, right?"
                            }
                        ]
                    }
                ]
            }
        ]
    },
    {
        "client_msg_id": "a9f3cb9e-09c0-4024-a761-073d3ac07a28",
        "type": "message",
        "text": "Abstractions always end up showing through at some point.",
        "user": "UNAHBRTFA",
        "ts": "1579002680.413100",
        "team": "TJH5YU202",
        "user_team": "TJH5YU202",
        "source_team": "TJH5YU202",
        "user_profile": {
            "avatar_hash": "g3d2a3f4c28c",
            "image_72": "https:\/\/secure.gravatar.com\/avatar\/23d2a3f4c28cebb4cf07e48d02620517.jpg?s=72&d=https%3A%2F%2Fa.slack-edge.com%2Fdf10d%2Fimg%2Favatars%2Fava_0020-72.png",
            "first_name": "Andreu",
            "real_name": "Andreu Botella",
            "display_name": "Andreu Botella",
            "team": "TJH5YU202",
            "name": "andreu.132",
            "is_restricted": false,
            "is_ultra_restricted": false
        },
        "blocks": [
            {
                "type": "rich_text",
                "block_id": "HxxOP",
                "elements": [
                    {
                        "type": "rich_text_section",
                        "elements": [
                            {
                                "type": "text",
                                "text": "Abstractions always end up showing through at some point."
                            }
                        ]
                    }
                ]
            }
        ]
    },
    {
        "client_msg_id": "86bcc39c-ba2c-4c3f-ac1b-0750507e3257",
        "type": "message",
        "text": "But the quality of an abstraction is determined by how much you can work around unexpected states in the lower layers.",
        "user": "UNAHBRTFA",
        "ts": "1579002814.415300",
        "team": "TJH5YU202",
        "user_team": "TJH5YU202",
        "source_team": "TJH5YU202",
        "user_profile": {
            "avatar_hash": "g3d2a3f4c28c",
            "image_72": "https:\/\/secure.gravatar.com\/avatar\/23d2a3f4c28cebb4cf07e48d02620517.jpg?s=72&d=https%3A%2F%2Fa.slack-edge.com%2Fdf10d%2Fimg%2Favatars%2Fava_0020-72.png",
            "first_name": "Andreu",
            "real_name": "Andreu Botella",
            "display_name": "Andreu Botella",
            "team": "TJH5YU202",
            "name": "andreu.132",
            "is_restricted": false,
            "is_ultra_restricted": false
        },
        "blocks": [
            {
                "type": "rich_text",
                "block_id": "fqp",
                "elements": [
                    {
                        "type": "rich_text_section",
                        "elements": [
                            {
                                "type": "text",
                                "text": "But the quality of an abstraction is determined by how much you can work around unexpected states in the lower layers."
                            }
                        ]
                    }
                ]
            }
        ]
    },
    {
        "client_msg_id": "82d64bdc-0559-4541-a748-a1ceb1090b17",
        "type": "message",
        "text": "For example, if your abstraction translates some harbour into javascript somehow, whenever your users try and use the threading model they'll run into a wall because javascript is single-threaded.",
        "user": "UNAHBRTFA",
        "ts": "1579002927.416700",
        "team": "TJH5YU202",
        "user_team": "TJH5YU202",
        "source_team": "TJH5YU202",
        "user_profile": {
            "avatar_hash": "g3d2a3f4c28c",
            "image_72": "https:\/\/secure.gravatar.com\/avatar\/23d2a3f4c28cebb4cf07e48d02620517.jpg?s=72&d=https%3A%2F%2Fa.slack-edge.com%2Fdf10d%2Fimg%2Favatars%2Fava_0020-72.png",
            "first_name": "Andreu",
            "real_name": "Andreu Botella",
            "display_name": "Andreu Botella",
            "team": "TJH5YU202",
            "name": "andreu.132",
            "is_restricted": false,
            "is_ultra_restricted": false
        },
        "blocks": [
            {
                "type": "rich_text",
                "block_id": "t\/\/",
                "elements": [
                    {
                        "type": "rich_text_section",
                        "elements": [
                            {
                                "type": "text",
                                "text": "For example, if your abstraction translates some harbour into javascript somehow, whenever your users try and use the threading model they'll run into a wall because javascript is single-threaded."
                            }
                        ]
                    }
                ]
            }
        ]
    },
    {
        "client_msg_id": "764cafc3-dd53-455a-afba-3a7107eac069",
        "type": "message",
        "text": "Excuse me, can you explain it better? I don't understand what you say",
        "user": "UJUJLTWMT",
        "ts": "1579003009.417800",
        "team": "TJH5YU202",
        "user_team": "TJH5YU202",
        "source_team": "TJH5YU202",
        "user_profile": {
            "avatar_hash": "a60e3b1ef2d2",
            "image_72": "https:\/\/avatars.slack-edge.com\/2019-08-20\/726246109489_a60e3b1ef2d2c141969d_72.jpg",
            "first_name": "",
            "real_name": "Cristobal",
            "display_name": "Cristobal",
            "team": "TJH5YU202",
            "name": "navarro.cristobal",
            "is_restricted": false,
            "is_ultra_restricted": false
        },
        "blocks": [
            {
                "type": "rich_text",
                "block_id": "UbcOu",
                "elements": [
                    {
                        "type": "rich_text_section",
                        "elements": [
                            {
                                "type": "text",
                                "text": "Excuse me, can you explain it better? I don't understand what you say"
                            }
                        ]
                    }
                ]
            }
        ]
    },
    {
        "client_msg_id": "cf3f8f0a-eb94-43ef-9579-5b02c860edda",
        "type": "message",
        "text": "An analog statement would be: If you work with Harbour you need a basic knowledge of C. That statement is either true or false depending on what you want to do.",
        "user": "UM81W8B0Q",
        "ts": "1579003035.418300",
        "team": "TJH5YU202",
        "user_team": "TJH5YU202",
        "source_team": "TJH5YU202",
        "user_profile": {
            "avatar_hash": "gab9279ee8c0",
            "image_72": "https:\/\/secure.gravatar.com\/avatar\/73ab9279ee8c00f66ce4904d30146c8f.jpg?s=72&d=https%3A%2F%2Fa.slack-edge.com%2Fdf10d%2Fimg%2Favatars%2Fava_0010-72.png",
            "first_name": "",
            "real_name": "Angel Pais",
            "display_name": "Angel Pais",
            "team": "TJH5YU202",
            "name": "amigosam",
            "is_restricted": false,
            "is_ultra_restricted": false
        },
        "edited": {
            "user": "UM81W8B0Q",
            "ts": "1579003072.000000"
        },
        "blocks": [
            {
                "type": "rich_text",
                "block_id": "qzZ",
                "elements": [
                    {
                        "type": "rich_text_section",
                        "elements": [
                            {
                                "type": "text",
                                "text": "An analog statement would be: If you work with Harbour you need a basic knowledge of C. That statement is either true or false depending on what you want to do."
                            }
                        ]
                    }
                ]
            }
        ]
    },
    {
        "client_msg_id": "6d3481f7-a666-434c-b6d3-44975a5189fd",
        "type": "message",
        "text": "one way for abstractions to show through is that they can't do things that are impossible for the lower layers to do, as in the threading example",
        "user": "UNAHBRTFA",
        "ts": "1579003146.420000",
        "team": "TJH5YU202",
        "user_team": "TJH5YU202",
        "source_team": "TJH5YU202",
        "user_profile": {
            "avatar_hash": "g3d2a3f4c28c",
            "image_72": "https:\/\/secure.gravatar.com\/avatar\/23d2a3f4c28cebb4cf07e48d02620517.jpg?s=72&d=https%3A%2F%2Fa.slack-edge.com%2Fdf10d%2Fimg%2Favatars%2Fava_0020-72.png",
            "first_name": "Andreu",
            "real_name": "Andreu Botella",
            "display_name": "Andreu Botella",
            "team": "TJH5YU202",
            "name": "andreu.132",
            "is_restricted": false,
            "is_ultra_restricted": false
        },
        "blocks": [
            {
                "type": "rich_text",
                "block_id": "Gnwb",
                "elements": [
                    {
                        "type": "rich_text_section",
                        "elements": [
                            {
                                "type": "text",
                                "text": "one way for abstractions to show through is that they can't do things that are impossible for the lower layers to do, as in the threading example"
                            }
                        ]
                    }
                ]
            }
        ]
    },
    {
        "client_msg_id": "21db8b48-c5db-46c1-82fb-3d3f7333dce4",
        "type": "message",
        "text": "that doesn't mean you need to work with the lower layer",
        "user": "UNAHBRTFA",
        "ts": "1579003158.420400",
        "team": "TJH5YU202",
        "user_team": "TJH5YU202",
        "source_team": "TJH5YU202",
        "user_profile": {
            "avatar_hash": "g3d2a3f4c28c",
            "image_72": "https:\/\/secure.gravatar.com\/avatar\/23d2a3f4c28cebb4cf07e48d02620517.jpg?s=72&d=https%3A%2F%2Fa.slack-edge.com%2Fdf10d%2Fimg%2Favatars%2Fava_0020-72.png",
            "first_name": "Andreu",
            "real_name": "Andreu Botella",
            "display_name": "Andreu Botella",
            "team": "TJH5YU202",
            "name": "andreu.132",
            "is_restricted": false,
            "is_ultra_restricted": false
        },
        "blocks": [
            {
                "type": "rich_text",
                "block_id": "zDo9y",
                "elements": [
                    {
                        "type": "rich_text_section",
                        "elements": [
                            {
                                "type": "text",
                                "text": "that doesn't mean you need to work with the lower layer"
                            }
                        ]
                    }
                ]
            }
        ]
    },
    {
        "client_msg_id": "171f514d-f55b-47fd-857e-0d0577a7daf2",
        "type": "message",
        "text": "but if genesis doesn't keep track of things like which code is running in an event, or expects an asynchronous result before it's ready, you'll run into issues using it",
        "user": "UNAHBRTFA",
        "ts": "1579003246.421900",
        "team": "TJH5YU202",
        "user_team": "TJH5YU202",
        "source_team": "TJH5YU202",
        "user_profile": {
            "avatar_hash": "g3d2a3f4c28c",
            "image_72": "https:\/\/secure.gravatar.com\/avatar\/23d2a3f4c28cebb4cf07e48d02620517.jpg?s=72&d=https%3A%2F%2Fa.slack-edge.com%2Fdf10d%2Fimg%2Favatars%2Fava_0020-72.png",
            "first_name": "Andreu",
            "real_name": "Andreu Botella",
            "display_name": "Andreu Botella",
            "team": "TJH5YU202",
            "name": "andreu.132",
            "is_restricted": false,
            "is_ultra_restricted": false
        },
        "blocks": [
            {
                "type": "rich_text",
                "block_id": "3Y6",
                "elements": [
                    {
                        "type": "rich_text_section",
                        "elements": [
                            {
                                "type": "text",
                                "text": "but if genesis doesn't keep track of things like which code is running in an event, or expects an asynchronous result before it's ready, you'll run into issues using it"
                            }
                        ]
                    }
                ]
            }
        ]
    },
    {
        "client_msg_id": "ae60e034-dac5-4eb8-a843-577d9df6eed6",
        "type": "message",
        "text": "and you'll have to rely on the lower layers",
        "user": "UNAHBRTFA",
        "ts": "1579003265.422200",
        "team": "TJH5YU202",
        "user_team": "TJH5YU202",
        "source_team": "TJH5YU202",
        "user_profile": {
            "avatar_hash": "g3d2a3f4c28c",
            "image_72": "https:\/\/secure.gravatar.com\/avatar\/23d2a3f4c28cebb4cf07e48d02620517.jpg?s=72&d=https%3A%2F%2Fa.slack-edge.com%2Fdf10d%2Fimg%2Favatars%2Fava_0020-72.png",
            "first_name": "Andreu",
            "real_name": "Andreu Botella",
            "display_name": "Andreu Botella",
            "team": "TJH5YU202",
            "name": "andreu.132",
            "is_restricted": false,
            "is_ultra_restricted": false
        },
        "blocks": [
            {
                "type": "rich_text",
                "block_id": "Qn7R",
                "elements": [
                    {
                        "type": "rich_text_section",
                        "elements": [
                            {
                                "type": "text",
                                "text": "and you'll have to rely on the lower layers"
                            }
                        ]
                    }
                ]
            }
        ]
    },
    {
        "client_msg_id": "98c3c5d5-d0b1-4b10-930b-124f6b222b54",
        "type": "message",
        "text": "... yo pienso demasiado en términos de abstracciones, y creo que aquí nadie me sigue",
        "user": "UNAHBRTFA",
        "ts": "1579003297.422900",
        "team": "TJH5YU202",
        "user_team": "TJH5YU202",
        "source_team": "TJH5YU202",
        "user_profile": {
            "avatar_hash": "g3d2a3f4c28c",
            "image_72": "https:\/\/secure.gravatar.com\/avatar\/23d2a3f4c28cebb4cf07e48d02620517.jpg?s=72&d=https%3A%2F%2Fa.slack-edge.com%2Fdf10d%2Fimg%2Favatars%2Fava_0020-72.png",
            "first_name": "Andreu",
            "real_name": "Andreu Botella",
            "display_name": "Andreu Botella",
            "team": "TJH5YU202",
            "name": "andreu.132",
            "is_restricted": false,
            "is_ultra_restricted": false
        },
        "blocks": [
            {
                "type": "rich_text",
                "block_id": "T3K",
                "elements": [
                    {
                        "type": "rich_text_section",
                        "elements": [
                            {
                                "type": "text",
                                "text": "... yo pienso demasiado en términos de abstracciones, y creo que aquí nadie me sigue"
                            }
                        ]
                    }
                ]
            }
        ]
    },
    {
        "client_msg_id": "c855d576-2761-4e5d-b5e0-2acbc76df421",
        "type": "message",
        "text": "si que se te sigue",
        "user": "UM81W8B0Q",
        "ts": "1579003806.423200",
        "team": "TJH5YU202",
        "user_team": "TJH5YU202",
        "source_team": "TJH5YU202",
        "user_profile": {
            "avatar_hash": "gab9279ee8c0",
            "image_72": "https:\/\/secure.gravatar.com\/avatar\/73ab9279ee8c00f66ce4904d30146c8f.jpg?s=72&d=https%3A%2F%2Fa.slack-edge.com%2Fdf10d%2Fimg%2Favatars%2Fava_0010-72.png",
            "first_name": "",
            "real_name": "Angel Pais",
            "display_name": "Angel Pais",
            "team": "TJH5YU202",
            "name": "amigosam",
            "is_restricted": false,
            "is_ultra_restricted": false
        },
        "edited": {
            "user": "UM81W8B0Q",
            "ts": "1579003936.000000"
        },
        "blocks": [
            {
                "type": "rich_text",
                "block_id": "KwL",
                "elements": [
                    {
                        "type": "rich_text_section",
                        "elements": [
                            {
                                "type": "text",
                                "text": "si que se te sigue"
                            }
                        ]
                    }
                ]
            }
        ]
    },
    {
        "client_msg_id": "01e9c465-0b0c-4f67-a1c2-0a4bac11adcc",
        "type": "message",
        "text": "EL tema de las abstracciones es lo que avanza los lenguajes. por ej de 3gl a 4gl o 5gl. Y son evitadas como plaga por las corporaciones porque ellos necesitan controlar el proceso mediante grandes teams de desarrolladores.",
        "user": "UM81W8B0Q",
        "ts": "1579003882.424500",
        "team": "TJH5YU202",
        "user_team": "TJH5YU202",
        "source_team": "TJH5YU202",
        "user_profile": {
            "avatar_hash": "gab9279ee8c0",
            "image_72": "https:\/\/secure.gravatar.com\/avatar\/73ab9279ee8c00f66ce4904d30146c8f.jpg?s=72&d=https%3A%2F%2Fa.slack-edge.com%2Fdf10d%2Fimg%2Favatars%2Fava_0010-72.png",
            "first_name": "",
            "real_name": "Angel Pais",
            "display_name": "Angel Pais",
            "team": "TJH5YU202",
            "name": "amigosam",
            "is_restricted": false,
            "is_ultra_restricted": false
        },
        "blocks": [
            {
                "type": "rich_text",
                "block_id": "BHt",
                "elements": [
                    {
                        "type": "rich_text_section",
                        "elements": [
                            {
                                "type": "text",
                                "text": "EL tema de las abstracciones es lo que avanza los lenguajes. por ej de 3gl a 4gl o 5gl. Y son evitadas como plaga por las corporaciones porque ellos necesitan controlar el proceso mediante grandes teams de desarrolladores."
                            }
                        ]
                    }
                ]
            }
        ]
    },
    {
        "client_msg_id": "8bf5c0a5-f92f-47f6-8177-2c76e8de6dbc",
        "type": "message",
        "text": "EL diseño visual no avanza en abstraccion en cambio los comandos y el preprosesador si.  Adivinen cual método prefiere M$ ?",
        "user": "UM81W8B0Q",
        "ts": "1579003920.425300",
        "team": "TJH5YU202",
        "user_team": "TJH5YU202",
        "source_team": "TJH5YU202",
        "user_profile": {
            "avatar_hash": "gab9279ee8c0",
            "image_72": "https:\/\/secure.gravatar.com\/avatar\/73ab9279ee8c00f66ce4904d30146c8f.jpg?s=72&d=https%3A%2F%2Fa.slack-edge.com%2Fdf10d%2Fimg%2Favatars%2Fava_0010-72.png",
            "first_name": "",
            "real_name": "Angel Pais",
            "display_name": "Angel Pais",
            "team": "TJH5YU202",
            "name": "amigosam",
            "is_restricted": false,
            "is_ultra_restricted": false
        },
        "edited": {
            "user": "UM81W8B0Q",
            "ts": "1579003972.000000"
        },
        "blocks": [
            {
                "type": "rich_text",
                "block_id": "4Wv99",
                "elements": [
                    {
                        "type": "rich_text_section",
                        "elements": [
                            {
                                "type": "text",
                                "text": "EL diseño visual no avanza en abstraccion en cambio los comandos y el preprosesador si.  Adivinen cual método prefiere M$ ?"
                            }
                        ]
                    }
                ]
            }
        ]
    },
    {
        "client_msg_id": "150480c5-19eb-47ec-97e6-bd5c71dab44f",
        "type": "message",
        "text": "Aquí estaba hablando de cosas más fundamentales. En este sentido, incluso el código máquina es una abstracción.",
        "user": "UNAHBRTFA",
        "ts": "1579004202.426900",
        "team": "TJH5YU202",
        "user_team": "TJH5YU202",
        "source_team": "TJH5YU202",
        "user_profile": {
            "avatar_hash": "g3d2a3f4c28c",
            "image_72": "https:\/\/secure.gravatar.com\/avatar\/23d2a3f4c28cebb4cf07e48d02620517.jpg?s=72&d=https%3A%2F%2Fa.slack-edge.com%2Fdf10d%2Fimg%2Favatars%2Fava_0020-72.png",
            "first_name": "Andreu",
            "real_name": "Andreu Botella",
            "display_name": "Andreu Botella",
            "team": "TJH5YU202",
            "name": "andreu.132",
            "is_restricted": false,
            "is_ultra_restricted": false
        },
        "blocks": [
            {
                "type": "rich_text",
                "block_id": "HF3h",
                "elements": [
                    {
                        "type": "rich_text_section",
                        "elements": [
                            {
                                "type": "text",
                                "text": "Aquí estaba hablando de cosas más fundamentales. En este sentido, incluso el código máquina es una abstracción."
                            }
                        ]
                    }
                ]
            }
        ]
    },
    {
        "client_msg_id": "e89210ca-d4a1-469f-968a-3c4fd5785d6b",
        "type": "message",
        "text": "Incluso el código máquina _del sector de arranque_ es una abstracción",
        "user": "UNAHBRTFA",
        "ts": "1579004247.427700",
        "team": "TJH5YU202",
        "user_team": "TJH5YU202",
        "source_team": "TJH5YU202",
        "user_profile": {
            "avatar_hash": "g3d2a3f4c28c",
            "image_72": "https:\/\/secure.gravatar.com\/avatar\/23d2a3f4c28cebb4cf07e48d02620517.jpg?s=72&d=https%3A%2F%2Fa.slack-edge.com%2Fdf10d%2Fimg%2Favatars%2Fava_0020-72.png",
            "first_name": "Andreu",
            "real_name": "Andreu Botella",
            "display_name": "Andreu Botella",
            "team": "TJH5YU202",
            "name": "andreu.132",
            "is_restricted": false,
            "is_ultra_restricted": false
        },
        "edited": {
            "user": "UNAHBRTFA",
            "ts": "1579004271.000000"
        },
        "blocks": [
            {
                "type": "rich_text",
                "block_id": "3qw6",
                "elements": [
                    {
                        "type": "rich_text_section",
                        "elements": [
                            {
                                "type": "text",
                                "text": "Incluso el código máquina "
                            },
                            {
                                "type": "text",
                                "text": "del sector de arranque",
                                "style": {
                                    "italic": true
                                }
                            },
                            {
                                "type": "text",
                                "text": " es una abstracción"
                            }
                        ]
                    }
                ]
            }
        ]
    },
    {
        "client_msg_id": "02745a9f-3320-4e98-8ce3-6d903c6c93c0",
        "type": "message",
        "text": "but whatever",
        "user": "UNAHBRTFA",
        "ts": "1579004285.428000",
        "team": "TJH5YU202",
        "user_team": "TJH5YU202",
        "source_team": "TJH5YU202",
        "user_profile": {
            "avatar_hash": "g3d2a3f4c28c",
            "image_72": "https:\/\/secure.gravatar.com\/avatar\/23d2a3f4c28cebb4cf07e48d02620517.jpg?s=72&d=https%3A%2F%2Fa.slack-edge.com%2Fdf10d%2Fimg%2Favatars%2Fava_0020-72.png",
            "first_name": "Andreu",
            "real_name": "Andreu Botella",
            "display_name": "Andreu Botella",
            "team": "TJH5YU202",
            "name": "andreu.132",
            "is_restricted": false,
            "is_ultra_restricted": false
        },
        "blocks": [
            {
                "type": "rich_text",
                "block_id": "l8I3m",
                "elements": [
                    {
                        "type": "rich_text_section",
                        "elements": [
                            {
                                "type": "text",
                                "text": "but whatever"
                            }
                        ]
                    }
                ]
            }
        ]
    },
    {
        "client_msg_id": "918ba80b-8e35-4dcc-b2da-6a7b8a5cbd22",
        "type": "message",
        "text": "Esta mañana he abierto mi primer bug a un estándar web",
        "user": "UNAHBRTFA",
        "ts": "1579004387.428900",
        "team": "TJH5YU202",
        "user_team": "TJH5YU202",
        "source_team": "TJH5YU202",
        "user_profile": {
            "avatar_hash": "g3d2a3f4c28c",
            "image_72": "https:\/\/secure.gravatar.com\/avatar\/23d2a3f4c28cebb4cf07e48d02620517.jpg?s=72&d=https%3A%2F%2Fa.slack-edge.com%2Fdf10d%2Fimg%2Favatars%2Fava_0020-72.png",
            "first_name": "Andreu",
            "real_name": "Andreu Botella",
            "display_name": "Andreu Botella",
            "team": "TJH5YU202",
            "name": "andreu.132",
            "is_restricted": false,
            "is_ultra_restricted": false
        },
        "blocks": [
            {
                "type": "rich_text",
                "block_id": "Q3dF",
                "elements": [
                    {
                        "type": "rich_text_section",
                        "elements": [
                            {
                                "type": "text",
                                "text": "Esta mañana he abierto mi primer bug a un estándar web"
                            }
                        ]
                    }
                ]
            }
        ]
    },
    {
        "client_msg_id": "1fc50f82-78bd-4aa6-aa18-148d2b0a428f",
        "type": "message",
        "text": "No tiene que ver con nada de lo que estábamos hablando, pero me apetecía comentarlo",
        "user": "UNAHBRTFA",
        "ts": "1579004432.429700",
        "team": "TJH5YU202",
        "user_team": "TJH5YU202",
        "source_team": "TJH5YU202",
        "user_profile": {
            "avatar_hash": "g3d2a3f4c28c",
            "image_72": "https:\/\/secure.gravatar.com\/avatar\/23d2a3f4c28cebb4cf07e48d02620517.jpg?s=72&d=https%3A%2F%2Fa.slack-edge.com%2Fdf10d%2Fimg%2Favatars%2Fava_0020-72.png",
            "first_name": "Andreu",
            "real_name": "Andreu Botella",
            "display_name": "Andreu Botella",
            "team": "TJH5YU202",
            "name": "andreu.132",
            "is_restricted": false,
            "is_ultra_restricted": false
        },
        "blocks": [
            {
                "type": "rich_text",
                "block_id": "\/62",
                "elements": [
                    {
                        "type": "rich_text_section",
                        "elements": [
                            {
                                "type": "text",
                                "text": "No tiene que ver con nada de lo que estábamos hablando, pero me apetecía comentarlo"
                            }
                        ]
                    }
                ]
            }
        ]
    },
    {
        "client_msg_id": "14b084cb-e4a6-4924-b04b-7cdeaa5b12ed",
        "type": "message",
        "text": "I made this statement here because we raise false hopes.\nTo get by without javascript and html it takes at least 1 year.\nAnd then you are always dependent on how much is already warped",
        "user": "UJHD6A81H",
        "ts": "1579004913.429900",
        "team": "TJH5YU202",
        "user_team": "TJH5YU202",
        "source_team": "TJH5YU202",
        "user_profile": {
            "avatar_hash": "g6b8073e00e9",
            "image_72": "https:\/\/secure.gravatar.com\/avatar\/b96b8073e00e9eb02bcf05bc1418eb3a.jpg?s=72&d=https%3A%2F%2Fa.slack-edge.com%2Fdf10d%2Fimg%2Favatars%2Fava_0021-72.png",
            "first_name": "Otto",
            "real_name": "Otto Atzwanger",
            "display_name": "Otto",
            "team": "TJH5YU202",
            "name": "otto",
            "is_restricted": false,
            "is_ultra_restricted": false
        },
        "blocks": [
            {
                "type": "rich_text",
                "block_id": "G+i",
                "elements": [
                    {
                        "type": "rich_text_section",
                        "elements": [
                            {
                                "type": "text",
                                "text": "I made this statement here because we raise false hopes.\nTo get by without javascript and html it takes at least 1 year.\nAnd then you are always dependent on how much is already warped"
                            }
                        ]
                    }
                ]
            }
        ]
    },
    {
        "client_msg_id": "4cf8899b-954b-445c-a90c-9929dc3dae6e",
        "type": "message",
        "text": "<@UJHD6A81H>, you write \"warped\" or \"wrapped\" ?",
        "user": "UJUJLTWMT",
        "ts": "1579005183.430500",
        "team": "TJH5YU202",
        "user_team": "TJH5YU202",
        "source_team": "TJH5YU202",
        "user_profile": {
            "avatar_hash": "a60e3b1ef2d2",
            "image_72": "https:\/\/avatars.slack-edge.com\/2019-08-20\/726246109489_a60e3b1ef2d2c141969d_72.jpg",
            "first_name": "",
            "real_name": "Cristobal",
            "display_name": "Cristobal",
            "team": "TJH5YU202",
            "name": "navarro.cristobal",
            "is_restricted": false,
            "is_ultra_restricted": false
        },
        "blocks": [
            {
                "type": "rich_text",
                "block_id": "boP",
                "elements": [
                    {
                        "type": "rich_text_section",
                        "elements": [
                            {
                                "type": "user",
                                "user_id": "UJHD6A81H"
                            },
                            {
                                "type": "text",
                                "text": ", you write \"warped\" or \"wrapped\" ?"
                            }
                        ]
                    }
                ]
            }
        ]
    },
    {
        "client_msg_id": "1d435129-afe0-4924-b1be-51776adc5b17",
        "type": "message",
        "text": "warp speed :stuck_out_tongue:",
        "user": "UM81W8B0Q",
        "ts": "1579005403.431300",
        "team": "TJH5YU202",
        "user_team": "TJH5YU202",
        "source_team": "TJH5YU202",
        "user_profile": {
            "avatar_hash": "gab9279ee8c0",
            "image_72": "https:\/\/secure.gravatar.com\/avatar\/73ab9279ee8c00f66ce4904d30146c8f.jpg?s=72&d=https%3A%2F%2Fa.slack-edge.com%2Fdf10d%2Fimg%2Favatars%2Fava_0010-72.png",
            "first_name": "",
            "real_name": "Angel Pais",
            "display_name": "Angel Pais",
            "team": "TJH5YU202",
            "name": "amigosam",
            "is_restricted": false,
            "is_ultra_restricted": false
        },
        "blocks": [
            {
                "type": "rich_text",
                "block_id": "UvTJB",
                "elements": [
                    {
                        "type": "rich_text_section",
                        "elements": [
                            {
                                "type": "text",
                                "text": "warp speed "
                            },
                            {
                                "type": "emoji",
                                "name": "stuck_out_tongue"
                            }
                        ]
                    }
                ]
            }
        ]
    },
    {
        "client_msg_id": "b01a8ac0-f2f1-400e-9024-8022e7854bb1",
        "type": "message",
        "text": "<@UM81W8B0Q>, esta frase tuya la guardaré como \"oro en paño\"\n_*'EL diseño visual no avanza en abstraccion en cambio los comandos y el preprosesador si.'*_",
        "user": "UJUJLTWMT",
        "ts": "1579005611.432000",
        "team": "TJH5YU202",
        "user_team": "TJH5YU202",
        "source_team": "TJH5YU202",
        "user_profile": {
            "avatar_hash": "a60e3b1ef2d2",
            "image_72": "https:\/\/avatars.slack-edge.com\/2019-08-20\/726246109489_a60e3b1ef2d2c141969d_72.jpg",
            "first_name": "",
            "real_name": "Cristobal",
            "display_name": "Cristobal",
            "team": "TJH5YU202",
            "name": "navarro.cristobal",
            "is_restricted": false,
            "is_ultra_restricted": false
        },
        "blocks": [
            {
                "type": "rich_text",
                "block_id": "cynDd",
                "elements": [
                    {
                        "type": "rich_text_section",
                        "elements": [
                            {
                                "type": "user",
                                "user_id": "UM81W8B0Q"
                            },
                            {
                                "type": "text",
                                "text": ", esta frase tuya la guardaré como \"oro en paño\"\n"
                            },
                            {
                                "type": "text",
                                "text": "'EL diseño visual no avanza en abstraccion en cambio los comandos y el preprosesador si.'",
                                "style": {
                                    "bold": true,
                                    "italic": true
                                }
                            }
                        ]
                    }
                ]
            }
        ]
    },
    {
        "client_msg_id": "894c3a34-73c3-4486-9eac-e0e16f50d32b",
        "type": "message",
        "text": "NO lo dije yo sino el gran Rick LIpplin en uno de sus libros de clipper 5",
        "user": "UM81W8B0Q",
        "ts": "1579005660.432500",
        "team": "TJH5YU202",
        "user_team": "TJH5YU202",
        "source_team": "TJH5YU202",
        "user_profile": {
            "avatar_hash": "gab9279ee8c0",
            "image_72": "https:\/\/secure.gravatar.com\/avatar\/73ab9279ee8c00f66ce4904d30146c8f.jpg?s=72&d=https%3A%2F%2Fa.slack-edge.com%2Fdf10d%2Fimg%2Favatars%2Fava_0010-72.png",
            "first_name": "",
            "real_name": "Angel Pais",
            "display_name": "Angel Pais",
            "team": "TJH5YU202",
            "name": "amigosam",
            "is_restricted": false,
            "is_ultra_restricted": false
        },
        "blocks": [
            {
                "type": "rich_text",
                "block_id": "EdMwM",
                "elements": [
                    {
                        "type": "rich_text_section",
                        "elements": [
                            {
                                "type": "text",
                                "text": "NO lo dije yo sino el gran Rick LIpplin en uno de sus libros de clipper 5"
                            }
                        ]
                    }
                ]
            }
        ]
    },
    {
        "client_msg_id": "80f41546-0465-48b9-bfb4-878f40c48d46",
        "type": "message",
        "text": "LIppkin",
        "user": "UM81W8B0Q",
        "ts": "1579005668.432700",
        "team": "TJH5YU202",
        "user_team": "TJH5YU202",
        "source_team": "TJH5YU202",
        "user_profile": {
            "avatar_hash": "gab9279ee8c0",
            "image_72": "https:\/\/secure.gravatar.com\/avatar\/73ab9279ee8c00f66ce4904d30146c8f.jpg?s=72&d=https%3A%2F%2Fa.slack-edge.com%2Fdf10d%2Fimg%2Favatars%2Fava_0010-72.png",
            "first_name": "",
            "real_name": "Angel Pais",
            "display_name": "Angel Pais",
            "team": "TJH5YU202",
            "name": "amigosam",
            "is_restricted": false,
            "is_ultra_restricted": false
        },
        "blocks": [
            {
                "type": "rich_text",
                "block_id": "O6E5",
                "elements": [
                    {
                        "type": "rich_text_section",
                        "elements": [
                            {
                                "type": "text",
                                "text": "LIppkin"
                            }
                        ]
                    }
                ]
            }
        ]
    },
    {
        "client_msg_id": "858a3f31-5612-4ceb-bd7b-2201426e5c0b",
        "type": "message",
        "text": "Que no soy ningun genio",
        "user": "UM81W8B0Q",
        "ts": "1579005683.432900",
        "team": "TJH5YU202",
        "user_team": "TJH5YU202",
        "source_team": "TJH5YU202",
        "user_profile": {
            "avatar_hash": "gab9279ee8c0",
            "image_72": "https:\/\/secure.gravatar.com\/avatar\/73ab9279ee8c00f66ce4904d30146c8f.jpg?s=72&d=https%3A%2F%2Fa.slack-edge.com%2Fdf10d%2Fimg%2Favatars%2Fava_0010-72.png",
            "first_name": "",
            "real_name": "Angel Pais",
            "display_name": "Angel Pais",
            "team": "TJH5YU202",
            "name": "amigosam",
            "is_restricted": false,
            "is_ultra_restricted": false
        },
        "blocks": [
            {
                "type": "rich_text",
                "block_id": "oV2",
                "elements": [
                    {
                        "type": "rich_text_section",
                        "elements": [
                            {
                                "type": "text",
                                "text": "Que no soy ningun genio"
                            }
                        ]
                    }
                ]
            }
        ]
    },
    {
        "client_msg_id": "b5a9e5b3-fa8f-4cd1-9868-503f10a4d819",
        "type": "message",
        "text": "Rick LIpking en aquellos años mostró un programa COBOl compilado con clipper todo a fuerza de preprosesador",
        "user": "UM81W8B0Q",
        "ts": "1579006216.433700",
        "team": "TJH5YU202",
        "user_team": "TJH5YU202",
        "source_team": "TJH5YU202",
        "user_profile": {
            "avatar_hash": "gab9279ee8c0",
            "image_72": "https:\/\/secure.gravatar.com\/avatar\/73ab9279ee8c00f66ce4904d30146c8f.jpg?s=72&d=https%3A%2F%2Fa.slack-edge.com%2Fdf10d%2Fimg%2Favatars%2Fava_0010-72.png",
            "first_name": "",
            "real_name": "Angel Pais",
            "display_name": "Angel Pais",
            "team": "TJH5YU202",
            "name": "amigosam",
            "is_restricted": false,
            "is_ultra_restricted": false
        },
        "blocks": [
            {
                "type": "rich_text",
                "block_id": "QCqyR",
                "elements": [
                    {
                        "type": "rich_text_section",
                        "elements": [
                            {
                                "type": "text",
                                "text": "Rick LIpking en aquellos años mostró un programa COBOl compilado con clipper todo a fuerza de preprosesador"
                            }
                        ]
                    }
                ]
            }
        ]
    },
    {
        "client_msg_id": "041672ce-daa7-434e-b5de-c4103f231465",
        "type": "message",
        "text": "como suerte de ejercicio",
        "user": "UM81W8B0Q",
        "ts": "1579006226.433900",
        "team": "TJH5YU202",
        "user_team": "TJH5YU202",
        "source_team": "TJH5YU202",
        "user_profile": {
            "avatar_hash": "gab9279ee8c0",
            "image_72": "https:\/\/secure.gravatar.com\/avatar\/73ab9279ee8c00f66ce4904d30146c8f.jpg?s=72&d=https%3A%2F%2Fa.slack-edge.com%2Fdf10d%2Fimg%2Favatars%2Fava_0010-72.png",
            "first_name": "",
            "real_name": "Angel Pais",
            "display_name": "Angel Pais",
            "team": "TJH5YU202",
            "name": "amigosam",
            "is_restricted": false,
            "is_ultra_restricted": false
        },
        "blocks": [
            {
                "type": "rich_text",
                "block_id": "vX6J",
                "elements": [
                    {
                        "type": "rich_text_section",
                        "elements": [
                            {
                                "type": "text",
                                "text": "como suerte de ejercicio"
                            }
                        ]
                    }
                ]
            }
        ]
    },
    {
        "client_msg_id": "09053ae0-8515-49f5-bf47-a77b54d9c58e",
        "type": "message",
        "text": "Sip, de eso me acuerdo, precisamente porque yo trabajaba con Cobol también además de clipper",
        "user": "UJUJLTWMT",
        "ts": "1579006269.434800",
        "team": "TJH5YU202",
        "user_team": "TJH5YU202",
        "source_team": "TJH5YU202",
        "user_profile": {
            "avatar_hash": "a60e3b1ef2d2",
            "image_72": "https:\/\/avatars.slack-edge.com\/2019-08-20\/726246109489_a60e3b1ef2d2c141969d_72.jpg",
            "first_name": "",
            "real_name": "Cristobal",
            "display_name": "Cristobal",
            "team": "TJH5YU202",
            "name": "navarro.cristobal",
            "is_restricted": false,
            "is_ultra_restricted": false
        },
        "blocks": [
            {
                "type": "rich_text",
                "block_id": "GdL",
                "elements": [
                    {
                        "type": "rich_text_section",
                        "elements": [
                            {
                                "type": "text",
                                "text": "Sip, de eso me acuerdo, precisamente porque yo trabajaba con Cobol también además de clipper"
                            }
                        ]
                    }
                ]
            }
        ]
    },
    {
        "client_msg_id": "0c48c44c-1b12-45f4-9813-da852bdd155f",
        "type": "message",
        "text": "Puedo ampliar la sentencia: Los objetos no avanzan el nivel de abstraccion tanto como los comandos.",
        "user": "UM81W8B0Q",
        "ts": "1579006424.435600",
        "team": "TJH5YU202",
        "user_team": "TJH5YU202",
        "source_team": "TJH5YU202",
        "user_profile": {
            "avatar_hash": "gab9279ee8c0",
            "image_72": "https:\/\/secure.gravatar.com\/avatar\/73ab9279ee8c00f66ce4904d30146c8f.jpg?s=72&d=https%3A%2F%2Fa.slack-edge.com%2Fdf10d%2Fimg%2Favatars%2Fava_0010-72.png",
            "first_name": "",
            "real_name": "Angel Pais",
            "display_name": "Angel Pais",
            "team": "TJH5YU202",
            "name": "amigosam",
            "is_restricted": false,
            "is_ultra_restricted": false
        },
        "blocks": [
            {
                "type": "rich_text",
                "block_id": "9ZX",
                "elements": [
                    {
                        "type": "rich_text_section",
                        "elements": [
                            {
                                "type": "text",
                                "text": "Puedo ampliar la sentencia: Los objetos no avanzan el nivel de abstraccion tanto como los comandos."
                            }
                        ]
                    }
                ]
            }
        ]
    },
    {
        "client_msg_id": "ccccb40a-df2f-42b8-9711-643468bc6bdc",
        "type": "message",
        "text": "Ups ahi viene tirón de oreja",
        "user": "UM81W8B0Q",
        "ts": "1579006521.436800",
        "team": "TJH5YU202",
        "user_team": "TJH5YU202",
        "source_team": "TJH5YU202",
        "user_profile": {
            "avatar_hash": "gab9279ee8c0",
            "image_72": "https:\/\/secure.gravatar.com\/avatar\/73ab9279ee8c00f66ce4904d30146c8f.jpg?s=72&d=https%3A%2F%2Fa.slack-edge.com%2Fdf10d%2Fimg%2Favatars%2Fava_0010-72.png",
            "first_name": "",
            "real_name": "Angel Pais",
            "display_name": "Angel Pais",
            "team": "TJH5YU202",
            "name": "amigosam",
            "is_restricted": false,
            "is_ultra_restricted": false
        },
        "blocks": [
            {
                "type": "rich_text",
                "block_id": "0tEG0",
                "elements": [
                    {
                        "type": "rich_text_section",
                        "elements": [
                            {
                                "type": "text",
                                "text": "Ups ahi viene tirón de oreja"
                            }
                        ]
                    }
                ]
            }
        ]
    },
    {
        "client_msg_id": "0ac7b50a-9fb4-4688-a960-3226d55c0f85",
        "type": "message",
        "text": "Sois unos flipaditos... Una birrita y todo lo vereis mejor, tanta abstraccion...",
        "user": "UJWR5N32S",
        "ts": "1579006523.436900",
        "team": "TJH5YU202",
        "user_team": "TJH5YU202",
        "source_team": "TJH5YU202",
        "user_profile": {
            "avatar_hash": "273d3745f7ae",
            "image_72": "https:\/\/avatars.slack-edge.com\/2019-05-20\/634344238497_273d3745f7ae1b176b82_72.jpg",
            "first_name": "Charly",
            "real_name": "Charly",
            "display_name": "Charly",
            "team": "TJH5YU202",
            "name": "carles9000",
            "is_restricted": false,
            "is_ultra_restricted": false
        },
        "blocks": [
            {
                "type": "rich_text",
                "block_id": "\/Rs1s",
                "elements": [
                    {
                        "type": "rich_text_section",
                        "elements": [
                            {
                                "type": "text",
                                "text": "Sois unos flipaditos... Una birrita y todo lo vereis mejor, tanta abstraccion..."
                            }
                        ]
                    }
                ]
            }
        ]
    },
    {
        "client_msg_id": "04776313-f55b-45d2-b647-500dc4a37811",
        "type": "message",
        "text": "Es que somos de los 60, Fuimos concebidos con mucho LSD",
        "user": "UM81W8B0Q",
        "ts": "1579006549.437400",
        "team": "TJH5YU202",
        "user_team": "TJH5YU202",
        "source_team": "TJH5YU202",
        "user_profile": {
            "avatar_hash": "gab9279ee8c0",
            "image_72": "https:\/\/secure.gravatar.com\/avatar\/73ab9279ee8c00f66ce4904d30146c8f.jpg?s=72&d=https%3A%2F%2Fa.slack-edge.com%2Fdf10d%2Fimg%2Favatars%2Fava_0010-72.png",
            "first_name": "",
            "real_name": "Angel Pais",
            "display_name": "Angel Pais",
            "team": "TJH5YU202",
            "name": "amigosam",
            "is_restricted": false,
            "is_ultra_restricted": false
        },
        "blocks": [
            {
                "type": "rich_text",
                "block_id": "uf29R",
                "elements": [
                    {
                        "type": "rich_text_section",
                        "elements": [
                            {
                                "type": "text",
                                "text": "Es que somos de los 60, Fuimos concebidos con mucho LSD"
                            }
                        ]
                    }
                ]
            }
        ],
        "thread_ts": "1579006549.437400",
        "reply_count": 1,
        "reply_users_count": 1,
        "latest_reply": "1579016298.441800",
        "reply_users": [
            "UJUJLTWMT"
        ],
        "replies": [
            {
                "user": "UJUJLTWMT",
                "ts": "1579016298.441800"
            }
        ],
        "subscribed": false
    },
    {
        "client_msg_id": "e267dfa9-767f-4686-b731-32a1da595da2",
        "type": "message",
        "text": ":rolling_on_the_floor_laughing::rolling_on_the_floor_laughing::rolling_on_the_floor_laughing:",
        "user": "UJWR5N32S",
        "ts": "1579006567.437700",
        "team": "TJH5YU202",
        "user_team": "TJH5YU202",
        "source_team": "TJH5YU202",
        "user_profile": {
            "avatar_hash": "273d3745f7ae",
            "image_72": "https:\/\/avatars.slack-edge.com\/2019-05-20\/634344238497_273d3745f7ae1b176b82_72.jpg",
            "first_name": "Charly",
            "real_name": "Charly",
            "display_name": "Charly",
            "team": "TJH5YU202",
            "name": "carles9000",
            "is_restricted": false,
            "is_ultra_restricted": false
        },
        "blocks": [
            {
                "type": "rich_text",
                "block_id": "iv6",
                "elements": [
                    {
                        "type": "rich_text_section",
                        "elements": [
                            {
                                "type": "emoji",
                                "name": "rolling_on_the_floor_laughing"
                            },
                            {
                                "type": "emoji",
                                "name": "rolling_on_the_floor_laughing"
                            },
                            {
                                "type": "emoji",
                                "name": "rolling_on_the_floor_laughing"
                            }
                        ]
                    }
                ]
            }
        ]
    },
    {
        "client_msg_id": "b8f6f3ce-c1ea-4852-aba4-97dc5a94d69f",
        "type": "message",
        "text": "Alguien sabe algo del amigo Quin, Carlos Mora estan desaparecidos?",
        "user": "UK28N3CER",
        "ts": "1579007926.439800",
        "team": "TJH5YU202",
        "user_team": "TJH5YU202",
        "source_team": "TJH5YU202",
        "user_profile": {
            "avatar_hash": "7f09da813e5b",
            "image_72": "https:\/\/avatars.slack-edge.com\/2020-01-01\/880554116721_7f09da813e5b80b5a0a0_72.jpg",
            "first_name": "",
            "real_name": "Cesar SysCtrl Software",
            "display_name": "Cesar SysCtrl Software",
            "team": "TJH5YU202",
            "name": "sysctrlsoftware",
            "is_restricted": false,
            "is_ultra_restricted": false
        },
        "blocks": [
            {
                "type": "rich_text",
                "block_id": "cx6",
                "elements": [
                    {
                        "type": "rich_text_section",
                        "elements": [
                            {
                                "type": "text",
                                "text": "Alguien sabe algo del amigo Quin, Carlos Mora estan desaparecidos?"
                            }
                        ]
                    }
                ]
            }
        ]
    },
    {
        "client_msg_id": "fc3181cd-29ce-4e5e-89de-95890f54cc5c",
        "type": "message",
        "text": "I think there are several approaches to web programming.\n\nYou start with a program at zero and take eg, genesis, and then expand the functions and optics according to your needs.\n\nOr you look for a finished template and then build in the server-side functionality with mod harbor.",
        "user": "UJHD6A81H",
        "ts": "1579009273.440000",
        "team": "TJH5YU202",
        "user_team": "TJH5YU202",
        "source_team": "TJH5YU202",
        "user_profile": {
            "avatar_hash": "g6b8073e00e9",
            "image_72": "https:\/\/secure.gravatar.com\/avatar\/b96b8073e00e9eb02bcf05bc1418eb3a.jpg?s=72&d=https%3A%2F%2Fa.slack-edge.com%2Fdf10d%2Fimg%2Favatars%2Fava_0021-72.png",
            "first_name": "Otto",
            "real_name": "Otto Atzwanger",
            "display_name": "Otto",
            "team": "TJH5YU202",
            "name": "otto",
            "is_restricted": false,
            "is_ultra_restricted": false
        },
        "blocks": [
            {
                "type": "rich_text",
                "block_id": "d3NE",
                "elements": [
                    {
                        "type": "rich_text_section",
                        "elements": [
                            {
                                "type": "text",
                                "text": "I think there are several approaches to web programming.\n\nYou start with a program at zero and take eg, genesis, and then expand the functions and optics according to your needs.\n\nOr you look for a finished template and then build in the server-side functionality with mod harbor."
                            }
                        ]
                    }
                ]
            }
        ]
    },
    {
        "client_msg_id": "0f94ca63-645e-4432-b2df-bce62440f79a",
        "type": "message",
        "text": "Correct. Many ways to skin a cat.",
        "user": "UM81W8B0Q",
        "ts": "1579009345.440400",
        "team": "TJH5YU202",
        "user_team": "TJH5YU202",
        "source_team": "TJH5YU202",
        "user_profile": {
            "avatar_hash": "gab9279ee8c0",
            "image_72": "https:\/\/secure.gravatar.com\/avatar\/73ab9279ee8c00f66ce4904d30146c8f.jpg?s=72&d=https%3A%2F%2Fa.slack-edge.com%2Fdf10d%2Fimg%2Favatars%2Fava_0010-72.png",
            "first_name": "",
            "real_name": "Angel Pais",
            "display_name": "Angel Pais",
            "team": "TJH5YU202",
            "name": "amigosam",
            "is_restricted": false,
            "is_ultra_restricted": false
        },
        "blocks": [
            {
                "type": "rich_text",
                "block_id": "aCa5",
                "elements": [
                    {
                        "type": "rich_text_section",
                        "elements": [
                            {
                                "type": "text",
                                "text": "Correct. Many ways to skin a cat."
                            }
                        ]
                    }
                ]
            }
        ]
    },
    {
        "client_msg_id": "bcd1ac77-9194-40a7-bfea-66a6a483a71e",
        "type": "message",
        "text": "buenos dias a todos",
        "user": "UJXP7LS78",
        "ts": "1579010165.440700",
        "team": "TJH5YU202",
        "user_team": "TJH5YU202",
        "source_team": "TJH5YU202",
        "user_profile": {
            "avatar_hash": "gc4a0baebb72",
            "image_72": "https:\/\/secure.gravatar.com\/avatar\/a1c4a0baebb720b97e5a197259dbf409.jpg?s=72&d=https%3A%2F%2Fa.slack-edge.com%2Fdf10d%2Fimg%2Favatars%2Fava_0007-72.png",
            "first_name": "",
            "real_name": "wilson gamboa",
            "display_name": "wilson gamboa",
            "team": "TJH5YU202",
            "name": "wilson.josenet",
            "is_restricted": false,
            "is_ultra_restricted": false
        },
        "blocks": [
            {
                "type": "rich_text",
                "block_id": "u1Z6",
                "elements": [
                    {
                        "type": "rich_text_section",
                        "elements": [
                            {
                                "type": "text",
                                "text": "buenos dias a todos"
                            }
                        ]
                    }
                ]
            }
        ]
    },
    {
        "client_msg_id": "0cbaeed4-53ce-4034-b0b4-db5d4912f432",
        "type": "message",
        "text": "muchas gracias Charly estare pendiente y si a la vez estoy aprendiendo algo de Js y Css",
        "user": "UJXP7LS78",
        "ts": "1579010191.441300",
        "team": "TJH5YU202",
        "user_team": "TJH5YU202",
        "source_team": "TJH5YU202",
        "user_profile": {
            "avatar_hash": "gc4a0baebb72",
            "image_72": "https:\/\/secure.gravatar.com\/avatar\/a1c4a0baebb720b97e5a197259dbf409.jpg?s=72&d=https%3A%2F%2Fa.slack-edge.com%2Fdf10d%2Fimg%2Favatars%2Fava_0007-72.png",
            "first_name": "",
            "real_name": "wilson gamboa",
            "display_name": "wilson gamboa",
            "team": "TJH5YU202",
            "name": "wilson.josenet",
            "is_restricted": false,
            "is_ultra_restricted": false
        },
        "blocks": [
            {
                "type": "rich_text",
                "block_id": "UQO+",
                "elements": [
                    {
                        "type": "rich_text_section",
                        "elements": [
                            {
                                "type": "text",
                                "text": "muchas gracias Charly estare pendiente y si a la vez estoy aprendiendo algo de Js y Css"
                            }
                        ]
                    }
                ]
            }
        ]
    },
    {
        "type": "message",
        "subtype": "thread_broadcast",
        "text": "Y con poco o nada DSL:grinning:",
        "user": "UJUJLTWMT",
        "ts": "1579016298.441800",
        "thread_ts": "1579006549.437400",
        "root": {
            "client_msg_id": "04776313-f55b-45d2-b647-500dc4a37811",
            "type": "message",
            "text": "Es que somos de los 60, Fuimos concebidos con mucho LSD",
            "user": "UM81W8B0Q",
            "ts": "1579006549.437400",
            "team": "TJH5YU202",
            "blocks": [
                {
                    "type": "rich_text",
                    "block_id": "uf29R",
                    "elements": [
                        {
                            "type": "rich_text_section",
                            "elements": [
                                {
                                    "type": "text",
                                    "text": "Es que somos de los 60, Fuimos concebidos con mucho LSD"
                                }
                            ]
                        }
                    ]
                }
            ],
            "thread_ts": "1579006549.437400",
            "reply_count": 1,
            "reply_users_count": 1,
            "latest_reply": "1579016298.441800",
            "reply_users": [
                "UJUJLTWMT"
            ],
            "replies": [
                {
                    "user": "UJUJLTWMT",
                    "ts": "1579016298.441800"
                }
            ],
            "subscribed": false
        },
        "blocks": [
            {
                "type": "rich_text",
                "block_id": "VrMH6",
                "elements": [
                    {
                        "type": "rich_text_section",
                        "elements": [
                            {
                                "type": "text",
                                "text": "Y con poco o nada DSL"
                            },
                            {
                                "type": "emoji",
                                "name": "grinning"
                            }
                        ]
                    }
                ]
            }
        ],
        "client_msg_id": "15673319-0f70-4f8d-8b48-bd3ba0077a42"
    },
    {
        "client_msg_id": "45feac4e-0297-4d7b-8403-425900218e4b",
        "type": "message",
        "text": "juasssssssssss",
        "user": "UM81W8B0Q",
        "ts": "1579016353.442200",
        "team": "TJH5YU202",
        "user_team": "TJH5YU202",
        "source_team": "TJH5YU202",
        "user_profile": {
            "avatar_hash": "gab9279ee8c0",
            "image_72": "https:\/\/secure.gravatar.com\/avatar\/73ab9279ee8c00f66ce4904d30146c8f.jpg?s=72&d=https%3A%2F%2Fa.slack-edge.com%2Fdf10d%2Fimg%2Favatars%2Fava_0010-72.png",
            "first_name": "",
            "real_name": "Angel Pais",
            "display_name": "Angel Pais",
            "team": "TJH5YU202",
            "name": "amigosam",
            "is_restricted": false,
            "is_ultra_restricted": false
        },
        "blocks": [
            {
                "type": "rich_text",
                "block_id": "RLvj",
                "elements": [
                    {
                        "type": "rich_text_section",
                        "elements": [
                            {
                                "type": "text",
                                "text": "juasssssssssss"
                            }
                        ]
                    }
                ]
            }
        ]
    },
    {
        "client_msg_id": "0c84abc9-51f8-47ad-b00b-83b108225bda",
        "type": "message",
        "text": "igual es momento de cambiar la fibra por el LSD dicen que es una tecnología flipante:slightly_smiling_face:",
        "user": "UMZ3LNV5Z",
        "ts": "1579016824.444200",
        "team": "TJH5YU202",
        "user_team": "TJH5YU202",
        "source_team": "TJH5YU202",
        "user_profile": {
            "avatar_hash": "ec1f7fc24912",
            "image_72": "https:\/\/avatars.slack-edge.com\/2019-09-16\/760961231605_ec1f7fc24912daa47f98_72.jpg",
            "first_name": "Pablo",
            "real_name": "Pablo Botella",
            "display_name": "Pablo Botella",
            "team": "TJH5YU202",
            "name": "pb",
            "is_restricted": false,
            "is_ultra_restricted": false
        },
        "blocks": [
            {
                "type": "rich_text",
                "block_id": "ljXT",
                "elements": [
                    {
                        "type": "rich_text_section",
                        "elements": [
                            {
                                "type": "text",
                                "text": "igual es momento de cambiar la fibra por el LSD dicen que es una tecnología flipante"
                            },
                            {
                                "type": "emoji",
                                "name": "slightly_smiling_face"
                            }
                        ]
                    }
                ]
            }
        ]
    },
    {
        "client_msg_id": "b09782fb-01b9-4f8c-858b-413c8eac5408",
        "type": "message",
        "text": "pero bueno coñas aparte entiendo lo que dice Andreu sobre el aislamiento de las capas",
        "user": "UMZ3LNV5Z",
        "ts": "1579017001.445700",
        "team": "TJH5YU202",
        "user_team": "TJH5YU202",
        "source_team": "TJH5YU202",
        "user_profile": {
            "avatar_hash": "ec1f7fc24912",
            "image_72": "https:\/\/avatars.slack-edge.com\/2019-09-16\/760961231605_ec1f7fc24912daa47f98_72.jpg",
            "first_name": "Pablo",
            "real_name": "Pablo Botella",
            "display_name": "Pablo Botella",
            "team": "TJH5YU202",
            "name": "pb",
            "is_restricted": false,
            "is_ultra_restricted": false
        },
        "blocks": [
            {
                "type": "rich_text",
                "block_id": "QYbuK",
                "elements": [
                    {
                        "type": "rich_text_section",
                        "elements": [
                            {
                                "type": "text",
                                "text": "pero bueno coñas aparte entiendo lo que dice Andreu sobre el aislamiento de las capas"
                            }
                        ]
                    }
                ]
            }
        ]
    },
    {
        "client_msg_id": "2330fced-3826-4b62-80b7-48068f91e226",
        "type": "message",
        "text": "SI no están bien aisladas para el agua y el frio",
        "user": "UM81W8B0Q",
        "ts": "1579017226.446100",
        "team": "TJH5YU202",
        "user_team": "TJH5YU202",
        "source_team": "TJH5YU202",
        "user_profile": {
            "avatar_hash": "gab9279ee8c0",
            "image_72": "https:\/\/secure.gravatar.com\/avatar\/73ab9279ee8c00f66ce4904d30146c8f.jpg?s=72&d=https%3A%2F%2Fa.slack-edge.com%2Fdf10d%2Fimg%2Favatars%2Fava_0010-72.png",
            "first_name": "",
            "real_name": "Angel Pais",
            "display_name": "Angel Pais",
            "team": "TJH5YU202",
            "name": "amigosam",
            "is_restricted": false,
            "is_ultra_restricted": false
        },
        "blocks": [
            {
                "type": "rich_text",
                "block_id": "6XLF",
                "elements": [
                    {
                        "type": "rich_text_section",
                        "elements": [
                            {
                                "type": "text",
                                "text": "SI no están bien aisladas para el agua y el frio"
                            }
                        ]
                    }
                ]
            }
        ]
    },
    {
        "client_msg_id": "7982d06c-1729-48d0-9939-b9b36ddab77c",
        "type": "message",
        "text": "pasa",
        "user": "UM81W8B0Q",
        "ts": "1579017230.446300",
        "team": "TJH5YU202",
        "user_team": "TJH5YU202",
        "source_team": "TJH5YU202",
        "user_profile": {
            "avatar_hash": "gab9279ee8c0",
            "image_72": "https:\/\/secure.gravatar.com\/avatar\/73ab9279ee8c00f66ce4904d30146c8f.jpg?s=72&d=https%3A%2F%2Fa.slack-edge.com%2Fdf10d%2Fimg%2Favatars%2Fava_0010-72.png",
            "first_name": "",
            "real_name": "Angel Pais",
            "display_name": "Angel Pais",
            "team": "TJH5YU202",
            "name": "amigosam",
            "is_restricted": false,
            "is_ultra_restricted": false
        },
        "blocks": [
            {
                "type": "rich_text",
                "block_id": "9fvK",
                "elements": [
                    {
                        "type": "rich_text_section",
                        "elements": [
                            {
                                "type": "text",
                                "text": "pasa"
                            }
                        ]
                    }
                ]
            }
        ]
    },
    {
        "client_msg_id": "b8f8edfa-aacc-437c-950e-3ad95abfc0b3",
        "type": "message",
        "text": "se viene el estallido...\nse viene el estallido...\nde mi teclado...\nde mod harbour... TAMBIEN !",
        "user": "UM81W8B0Q",
        "ts": "1579038621.446700",
        "team": "TJH5YU202",
        "user_team": "TJH5YU202",
        "source_team": "TJH5YU202",
        "user_profile": {
            "avatar_hash": "gab9279ee8c0",
            "image_72": "https:\/\/secure.gravatar.com\/avatar\/73ab9279ee8c00f66ce4904d30146c8f.jpg?s=72&d=https%3A%2F%2Fa.slack-edge.com%2Fdf10d%2Fimg%2Favatars%2Fava_0010-72.png",
            "first_name": "",
            "real_name": "Angel Pais",
            "display_name": "Angel Pais",
            "team": "TJH5YU202",
            "name": "amigosam",
            "is_restricted": false,
            "is_ultra_restricted": false
        },
        "blocks": [
            {
                "type": "rich_text",
                "block_id": "4Mbt",
                "elements": [
                    {
                        "type": "rich_text_section",
                        "elements": [
                            {
                                "type": "text",
                                "text": "se viene el estallido...\nse viene el estallido...\nde mi teclado...\nde mod harbour... TAMBIEN !"
                            }
                        ]
                    }
                ]
            }
        ]
    },
    {
        "client_msg_id": "ace68b1e-19b1-4c98-9dab-bed60cfab2b4",
        "type": "message",
        "text": "y si tenés alguna duda....",
        "user": "UM81W8B0Q",
        "ts": "1579038635.447000",
        "team": "TJH5YU202",
        "user_team": "TJH5YU202",
        "source_team": "TJH5YU202",
        "user_profile": {
            "avatar_hash": "gab9279ee8c0",
            "image_72": "https:\/\/secure.gravatar.com\/avatar\/73ab9279ee8c00f66ce4904d30146c8f.jpg?s=72&d=https%3A%2F%2Fa.slack-edge.com%2Fdf10d%2Fimg%2Favatars%2Fava_0010-72.png",
            "first_name": "",
            "real_name": "Angel Pais",
            "display_name": "Angel Pais",
            "team": "TJH5YU202",
            "name": "amigosam",
            "is_restricted": false,
            "is_ultra_restricted": false
        },
        "blocks": [
            {
                "type": "rich_text",
                "block_id": "+vU",
                "elements": [
                    {
                        "type": "rich_text_section",
                        "elements": [
                            {
                                "type": "text",
                                "text": "y si tenés alguna duda...."
                            }
                        ]
                    }
                ]
            }
        ]
    }
]