[
    {
        "client_msg_id": "15a1d378-3706-4fb9-8289-509a9687f915",
        "type": "message",
        "text": "Good morning",
        "user": "UJHD6A81H",
        "ts": "1579255506.000200",
        "team": "TJH5YU202",
        "user_team": "TJH5YU202",
        "source_team": "TJH5YU202",
        "user_profile": {
            "avatar_hash": "g6b8073e00e9",
            "image_72": "https:\/\/secure.gravatar.com\/avatar\/b96b8073e00e9eb02bcf05bc1418eb3a.jpg?s=72&d=https%3A%2F%2Fa.slack-edge.com%2Fdf10d%2Fimg%2Favatars%2Fava_0021-72.png",
            "first_name": "Otto",
            "real_name": "Otto Atzwanger",
            "display_name": "Otto",
            "team": "TJH5YU202",
            "name": "otto",
            "is_restricted": false,
            "is_ultra_restricted": false
        },
        "blocks": [
            {
                "type": "rich_text",
                "block_id": "ZFra",
                "elements": [
                    {
                        "type": "rich_text_section",
                        "elements": [
                            {
                                "type": "text",
                                "text": "Good morning"
                            }
                        ]
                    }
                ]
            }
        ]
    },
    {
        "client_msg_id": "bb5cf945-c004-4533-bdad-13715e89cf7e",
        "type": "message",
        "text": "Does someone know how to make a combined input and select field.",
        "user": "UJHD6A81H",
        "ts": "1579255567.000900",
        "team": "TJH5YU202",
        "user_team": "TJH5YU202",
        "source_team": "TJH5YU202",
        "user_profile": {
            "avatar_hash": "g6b8073e00e9",
            "image_72": "https:\/\/secure.gravatar.com\/avatar\/b96b8073e00e9eb02bcf05bc1418eb3a.jpg?s=72&d=https%3A%2F%2Fa.slack-edge.com%2Fdf10d%2Fimg%2Favatars%2Fava_0021-72.png",
            "first_name": "Otto",
            "real_name": "Otto Atzwanger",
            "display_name": "Otto",
            "team": "TJH5YU202",
            "name": "otto",
            "is_restricted": false,
            "is_ultra_restricted": false
        },
        "blocks": [
            {
                "type": "rich_text",
                "block_id": "ETCv",
                "elements": [
                    {
                        "type": "rich_text_section",
                        "elements": [
                            {
                                "type": "text",
                                "text": "Does someone know how to make a combined input and select field."
                            }
                        ]
                    }
                ]
            }
        ]
    },
    {
        "client_msg_id": "552e9cb0-58a2-4120-8ea7-fbd34cdf554b",
        "type": "message",
        "text": "There's no built-in way to do that",
        "user": "UNAHBRTFA",
        "ts": "1579256158.001200",
        "team": "TJH5YU202",
        "user_team": "TJH5YU202",
        "source_team": "TJH5YU202",
        "user_profile": {
            "avatar_hash": "g3d2a3f4c28c",
            "image_72": "https:\/\/secure.gravatar.com\/avatar\/23d2a3f4c28cebb4cf07e48d02620517.jpg?s=72&d=https%3A%2F%2Fa.slack-edge.com%2Fdf10d%2Fimg%2Favatars%2Fava_0020-72.png",
            "first_name": "Andreu",
            "real_name": "Andreu Botella",
            "display_name": "Andreu Botella",
            "team": "TJH5YU202",
            "name": "andreu.132",
            "is_restricted": false,
            "is_ultra_restricted": false
        },
        "blocks": [
            {
                "type": "rich_text",
                "block_id": "BHu",
                "elements": [
                    {
                        "type": "rich_text_section",
                        "elements": [
                            {
                                "type": "text",
                                "text": "There's no built-in way to do that"
                            }
                        ]
                    }
                ]
            }
        ]
    },
    {
        "client_msg_id": "91a0cc87-19ee-4e1d-91bf-73dc221931e5",
        "type": "message",
        "text": "The easiest way would be to have an \"other\" option that enables an input field",
        "user": "UNAHBRTFA",
        "ts": "1579256178.001800",
        "team": "TJH5YU202",
        "user_team": "TJH5YU202",
        "source_team": "TJH5YU202",
        "user_profile": {
            "avatar_hash": "g3d2a3f4c28c",
            "image_72": "https:\/\/secure.gravatar.com\/avatar\/23d2a3f4c28cebb4cf07e48d02620517.jpg?s=72&d=https%3A%2F%2Fa.slack-edge.com%2Fdf10d%2Fimg%2Favatars%2Fava_0020-72.png",
            "first_name": "Andreu",
            "real_name": "Andreu Botella",
            "display_name": "Andreu Botella",
            "team": "TJH5YU202",
            "name": "andreu.132",
            "is_restricted": false,
            "is_ultra_restricted": false
        },
        "blocks": [
            {
                "type": "rich_text",
                "block_id": "GUM8",
                "elements": [
                    {
                        "type": "rich_text_section",
                        "elements": [
                            {
                                "type": "text",
                                "text": "The easiest way would be to have an \"other\" option that enables an input field"
                            }
                        ]
                    }
                ]
            }
        ]
    },
    {
        "client_msg_id": "e9546591-434c-4bdc-934c-a512daf76594",
        "type": "message",
        "text": "although I'm sure you can find query ui or bootstrap plugins to build that up",
        "user": "UNAHBRTFA",
        "ts": "1579256210.002300",
        "team": "TJH5YU202",
        "user_team": "TJH5YU202",
        "source_team": "TJH5YU202",
        "user_profile": {
            "avatar_hash": "g3d2a3f4c28c",
            "image_72": "https:\/\/secure.gravatar.com\/avatar\/23d2a3f4c28cebb4cf07e48d02620517.jpg?s=72&d=https%3A%2F%2Fa.slack-edge.com%2Fdf10d%2Fimg%2Favatars%2Fava_0020-72.png",
            "first_name": "Andreu",
            "real_name": "Andreu Botella",
            "display_name": "Andreu Botella",
            "team": "TJH5YU202",
            "name": "andreu.132",
            "is_restricted": false,
            "is_ultra_restricted": false
        },
        "blocks": [
            {
                "type": "rich_text",
                "block_id": "q6du",
                "elements": [
                    {
                        "type": "rich_text_section",
                        "elements": [
                            {
                                "type": "text",
                                "text": "although I'm sure you can find query ui or bootstrap plugins to build that up"
                            }
                        ]
                    }
                ]
            }
        ]
    },
    {
        "client_msg_id": "bf0954ec-0f1e-4ea7-b4e9-9f26098e95a2",
        "type": "message",
        "text": "Thank you, Andreu. We five winners are spoiled. So much is possible in Fivewin.\nIt's a shame that we never really worked on a \"responsive\" DIALOG or WINDOW a la CSS.",
        "user": "UJHD6A81H",
        "ts": "1579260653.002500",
        "team": "TJH5YU202",
        "user_team": "TJH5YU202",
        "source_team": "TJH5YU202",
        "user_profile": {
            "avatar_hash": "g6b8073e00e9",
            "image_72": "https:\/\/secure.gravatar.com\/avatar\/b96b8073e00e9eb02bcf05bc1418eb3a.jpg?s=72&d=https%3A%2F%2Fa.slack-edge.com%2Fdf10d%2Fimg%2Favatars%2Fava_0021-72.png",
            "first_name": "Otto",
            "real_name": "Otto Atzwanger",
            "display_name": "Otto",
            "team": "TJH5YU202",
            "name": "otto",
            "is_restricted": false,
            "is_ultra_restricted": false
        },
        "blocks": [
            {
                "type": "rich_text",
                "block_id": "53Rtg",
                "elements": [
                    {
                        "type": "rich_text_section",
                        "elements": [
                            {
                                "type": "text",
                                "text": "Thank you, Andreu. We five winners are spoiled. So much is possible in Fivewin.\nIt's a shame that we never really worked on a \"responsive\" DIALOG or WINDOW a la CSS."
                            }
                        ]
                    }
                ]
            }
        ]
    },
    {
        "client_msg_id": "cb0dee51-c606-41be-9db0-8cec3d3f0673",
        "type": "message",
        "text": "<http:\/\/forums.fivetechsupport.com\/viewtopic.php?f=3&amp;t=30050&amp;p=216279&amp;hilit=responsive#p216279>",
        "user": "UJHD6A81H",
        "ts": "1579260674.002700",
        "team": "TJH5YU202",
        "user_team": "TJH5YU202",
        "source_team": "TJH5YU202",
        "user_profile": {
            "avatar_hash": "g6b8073e00e9",
            "image_72": "https:\/\/secure.gravatar.com\/avatar\/b96b8073e00e9eb02bcf05bc1418eb3a.jpg?s=72&d=https%3A%2F%2Fa.slack-edge.com%2Fdf10d%2Fimg%2Favatars%2Fava_0021-72.png",
            "first_name": "Otto",
            "real_name": "Otto Atzwanger",
            "display_name": "Otto",
            "team": "TJH5YU202",
            "name": "otto",
            "is_restricted": false,
            "is_ultra_restricted": false
        },
        "blocks": [
            {
                "type": "rich_text",
                "block_id": "LxRI",
                "elements": [
                    {
                        "type": "rich_text_section",
                        "elements": [
                            {
                                "type": "link",
                                "url": "http:\/\/forums.fivetechsupport.com\/viewtopic.php?f=3&t=30050&p=216279&hilit=responsive#p216279"
                            }
                        ]
                    }
                ]
            }
        ]
    },
    {
        "client_msg_id": "3d43047b-fb31-4de0-9ef1-eff55b814a81",
        "type": "message",
        "text": "Para vuestra info el mejor reporting que he usado para fivewin es open source <https:\/\/www.fast-report.com\/en\/news\/411\/|https:\/\/www.fast-report.com\/en\/news\/411\/>",
        "user": "UJWR5N32S",
        "ts": "1579292994.004100",
        "team": "TJH5YU202",
        "user_team": "TJH5YU202",
        "source_team": "TJH5YU202",
        "user_profile": {
            "avatar_hash": "273d3745f7ae",
            "image_72": "https:\/\/avatars.slack-edge.com\/2019-05-20\/634344238497_273d3745f7ae1b176b82_72.jpg",
            "first_name": "Charly",
            "real_name": "Charly",
            "display_name": "Charly",
            "team": "TJH5YU202",
            "name": "carles9000",
            "is_restricted": false,
            "is_ultra_restricted": false
        },
        "blocks": [
            {
                "type": "rich_text",
                "block_id": "MR5q",
                "elements": [
                    {
                        "type": "rich_text_section",
                        "elements": [
                            {
                                "type": "text",
                                "text": "Para vuestra info el mejor reporting que he usado para fivewin es open source "
                            },
                            {
                                "type": "link",
                                "url": "https:\/\/www.fast-report.com\/en\/news\/411\/",
                                "text": "https:\/\/www.fast-report.com\/en\/news\/411\/"
                            }
                        ]
                    }
                ]
            }
        ],
        "thread_ts": "1579292994.004100",
        "reply_count": 1,
        "reply_users_count": 1,
        "latest_reply": "1579302553.012400",
        "reply_users": [
            "UJUJLTWMT"
        ],
        "replies": [
            {
                "user": "UJUJLTWMT",
                "ts": "1579302553.012400"
            }
        ],
        "subscribed": false
    },
    {
        "client_msg_id": "fb8c6e23-f10c-43b4-a03d-46fb64f45e95",
        "type": "message",
        "text": "Una herramienta para enganchar quizas desde el mod en win ? :thinking_face:",
        "user": "UJWR5N32S",
        "ts": "1579293047.004800",
        "team": "TJH5YU202",
        "user_team": "TJH5YU202",
        "source_team": "TJH5YU202",
        "user_profile": {
            "avatar_hash": "273d3745f7ae",
            "image_72": "https:\/\/avatars.slack-edge.com\/2019-05-20\/634344238497_273d3745f7ae1b176b82_72.jpg",
            "first_name": "Charly",
            "real_name": "Charly",
            "display_name": "Charly",
            "team": "TJH5YU202",
            "name": "carles9000",
            "is_restricted": false,
            "is_ultra_restricted": false
        },
        "blocks": [
            {
                "type": "rich_text",
                "block_id": "DnPR",
                "elements": [
                    {
                        "type": "rich_text_section",
                        "elements": [
                            {
                                "type": "text",
                                "text": "Una herramienta para enganchar quizas desde el mod en win ? "
                            },
                            {
                                "type": "emoji",
                                "name": "thinking_face"
                            }
                        ]
                    }
                ]
            }
        ]
    },
    {
        "client_msg_id": "b48466f9-86b4-44cd-b0a0-8972586ac42b",
        "type": "message",
        "text": "para eso debe eliminarse la interaccion con el usuario",
        "user": "UM81W8B0Q",
        "ts": "1579293269.005400",
        "team": "TJH5YU202",
        "user_team": "TJH5YU202",
        "source_team": "TJH5YU202",
        "user_profile": {
            "avatar_hash": "gab9279ee8c0",
            "image_72": "https:\/\/secure.gravatar.com\/avatar\/73ab9279ee8c00f66ce4904d30146c8f.jpg?s=72&d=https%3A%2F%2Fa.slack-edge.com%2Fdf10d%2Fimg%2Favatars%2Fava_0010-72.png",
            "first_name": "",
            "real_name": "Angel Pais",
            "display_name": "Angel Pais",
            "team": "TJH5YU202",
            "name": "amigosam",
            "is_restricted": false,
            "is_ultra_restricted": false
        },
        "blocks": [
            {
                "type": "rich_text",
                "block_id": "lYq",
                "elements": [
                    {
                        "type": "rich_text_section",
                        "elements": [
                            {
                                "type": "text",
                                "text": "para eso debe eliminarse la interaccion con el usuario"
                            }
                        ]
                    }
                ]
            }
        ]
    },
    {
        "client_msg_id": "1883ea1d-91e1-4486-8b03-b04aa7384665",
        "type": "message",
        "text": "generar un pdf o algo asi y devolver eso",
        "user": "UM81W8B0Q",
        "ts": "1579293286.005700",
        "team": "TJH5YU202",
        "user_team": "TJH5YU202",
        "source_team": "TJH5YU202",
        "user_profile": {
            "avatar_hash": "gab9279ee8c0",
            "image_72": "https:\/\/secure.gravatar.com\/avatar\/73ab9279ee8c00f66ce4904d30146c8f.jpg?s=72&d=https%3A%2F%2Fa.slack-edge.com%2Fdf10d%2Fimg%2Favatars%2Fava_0010-72.png",
            "first_name": "",
            "real_name": "Angel Pais",
            "display_name": "Angel Pais",
            "team": "TJH5YU202",
            "name": "amigosam",
            "is_restricted": false,
            "is_ultra_restricted": false
        },
        "blocks": [
            {
                "type": "rich_text",
                "block_id": "Hlms",
                "elements": [
                    {
                        "type": "rich_text_section",
                        "elements": [
                            {
                                "type": "text",
                                "text": "generar un pdf o algo asi y devolver eso"
                            }
                        ]
                    }
                ]
            }
        ]
    },
    {
        "client_msg_id": "68d0eaff-2e8b-442c-b5e1-e1f31f10af01",
        "type": "message",
        "text": "cnofieso que nunca he usado fast-report ni ningun generador de informes",
        "user": "UM81W8B0Q",
        "ts": "1579293308.006200",
        "team": "TJH5YU202",
        "user_team": "TJH5YU202",
        "source_team": "TJH5YU202",
        "user_profile": {
            "avatar_hash": "gab9279ee8c0",
            "image_72": "https:\/\/secure.gravatar.com\/avatar\/73ab9279ee8c00f66ce4904d30146c8f.jpg?s=72&d=https%3A%2F%2Fa.slack-edge.com%2Fdf10d%2Fimg%2Favatars%2Fava_0010-72.png",
            "first_name": "",
            "real_name": "Angel Pais",
            "display_name": "Angel Pais",
            "team": "TJH5YU202",
            "name": "amigosam",
            "is_restricted": false,
            "is_ultra_restricted": false
        },
        "blocks": [
            {
                "type": "rich_text",
                "block_id": "xPvB",
                "elements": [
                    {
                        "type": "rich_text_section",
                        "elements": [
                            {
                                "type": "text",
                                "text": "cnofieso que nunca he usado fast-report ni ningun generador de informes"
                            }
                        ]
                    }
                ]
            }
        ]
    },
    {
        "client_msg_id": "c2a41db9-e55a-4240-9c2c-cf06c05da136",
        "type": "message",
        "text": "confieso*",
        "user": "UM81W8B0Q",
        "ts": "1579293314.006400",
        "team": "TJH5YU202",
        "user_team": "TJH5YU202",
        "source_team": "TJH5YU202",
        "user_profile": {
            "avatar_hash": "gab9279ee8c0",
            "image_72": "https:\/\/secure.gravatar.com\/avatar\/73ab9279ee8c00f66ce4904d30146c8f.jpg?s=72&d=https%3A%2F%2Fa.slack-edge.com%2Fdf10d%2Fimg%2Favatars%2Fava_0010-72.png",
            "first_name": "",
            "real_name": "Angel Pais",
            "display_name": "Angel Pais",
            "team": "TJH5YU202",
            "name": "amigosam",
            "is_restricted": false,
            "is_ultra_restricted": false
        },
        "blocks": [
            {
                "type": "rich_text",
                "block_id": "4lhkU",
                "elements": [
                    {
                        "type": "rich_text_section",
                        "elements": [
                            {
                                "type": "text",
                                "text": "confieso*"
                            }
                        ]
                    }
                ]
            }
        ]
    },
    {
        "client_msg_id": "621b7f83-e162-4aab-a93c-32b2e9464118",
        "type": "message",
        "text": "Si, es un reporteador rapido.",
        "user": "UJUSD6VB2",
        "ts": "1579293765.007100",
        "team": "TJH5YU202",
        "user_team": "TJH5YU202",
        "source_team": "TJH5YU202",
        "user_profile": {
            "avatar_hash": "g1677a02d0b6",
            "image_72": "https:\/\/secure.gravatar.com\/avatar\/bb1677a02d0b69ba91eb245090c7c83a.jpg?s=72&d=https%3A%2F%2Fa.slack-edge.com%2Fdf10d%2Fimg%2Favatars%2Fava_0015-72.png",
            "first_name": "",
            "real_name": "Osvaldo Ramirez",
            "display_name": "Osvaldo Ramirez",
            "team": "TJH5YU202",
            "name": "ramirezosvaldo",
            "is_restricted": false,
            "is_ultra_restricted": false
        },
        "blocks": [
            {
                "type": "rich_text",
                "block_id": "vMiut",
                "elements": [
                    {
                        "type": "rich_text_section",
                        "elements": [
                            {
                                "type": "text",
                                "text": "Si, es un reporteador rapido."
                            }
                        ]
                    }
                ]
            }
        ]
    },
    {
        "client_msg_id": "aafccc83-9098-49ac-ad05-20ac721889de",
        "type": "message",
        "text": "yo solo se usar tPrinter :scream:",
        "user": "UK28N3CER",
        "ts": "1579294811.007600",
        "team": "TJH5YU202",
        "user_team": "TJH5YU202",
        "source_team": "TJH5YU202",
        "user_profile": {
            "avatar_hash": "7f09da813e5b",
            "image_72": "https:\/\/avatars.slack-edge.com\/2020-01-01\/880554116721_7f09da813e5b80b5a0a0_72.jpg",
            "first_name": "",
            "real_name": "Cesar SysCtrl Software",
            "display_name": "Cesar SysCtrl Software",
            "team": "TJH5YU202",
            "name": "sysctrlsoftware",
            "is_restricted": false,
            "is_ultra_restricted": false
        },
        "blocks": [
            {
                "type": "rich_text",
                "block_id": "IyK",
                "elements": [
                    {
                        "type": "rich_text_section",
                        "elements": [
                            {
                                "type": "text",
                                "text": "yo solo se usar tPrinter "
                            },
                            {
                                "type": "emoji",
                                "name": "scream"
                            }
                        ]
                    }
                ]
            }
        ]
    },
    {
        "type": "message",
        "text": "desconozco si con fastreport se puede hacer algo como esto.",
        "files": [
            {
                "id": "FST8MAGHJ",
                "created": 1579294888,
                "timestamp": 1579294888,
                "name": "image.png",
                "title": "image.png",
                "mimetype": "image\/png",
                "filetype": "png",
                "pretty_type": "PNG",
                "user": "UK28N3CER",
                "editable": false,
                "size": 171387,
                "mode": "hosted",
                "is_external": false,
                "external_type": "",
                "is_public": true,
                "public_url_shared": false,
                "display_as_bot": false,
                "username": "",
                "url_private": "https:\/\/files.slack.com\/files-pri\/TJH5YU202-FST8MAGHJ\/image.png?t=xoxe-629202954002-950795328464-950341379620-2ca7f74bb6537751ea5666f8f5e8896e",
                "url_private_download": "https:\/\/files.slack.com\/files-pri\/TJH5YU202-FST8MAGHJ\/download\/image.png?t=xoxe-629202954002-950795328464-950341379620-2ca7f74bb6537751ea5666f8f5e8896e",
                "thumb_64": "https:\/\/files.slack.com\/files-tmb\/TJH5YU202-FST8MAGHJ-a76be25a09\/image_64.png?t=xoxe-629202954002-950795328464-950341379620-2ca7f74bb6537751ea5666f8f5e8896e",
                "thumb_80": "https:\/\/files.slack.com\/files-tmb\/TJH5YU202-FST8MAGHJ-a76be25a09\/image_80.png?t=xoxe-629202954002-950795328464-950341379620-2ca7f74bb6537751ea5666f8f5e8896e",
                "thumb_360": "https:\/\/files.slack.com\/files-tmb\/TJH5YU202-FST8MAGHJ-a76be25a09\/image_360.png?t=xoxe-629202954002-950795328464-950341379620-2ca7f74bb6537751ea5666f8f5e8896e",
                "thumb_360_w": 360,
                "thumb_360_h": 221,
                "thumb_480": "https:\/\/files.slack.com\/files-tmb\/TJH5YU202-FST8MAGHJ-a76be25a09\/image_480.png?t=xoxe-629202954002-950795328464-950341379620-2ca7f74bb6537751ea5666f8f5e8896e",
                "thumb_480_w": 480,
                "thumb_480_h": 294,
                "thumb_160": "https:\/\/files.slack.com\/files-tmb\/TJH5YU202-FST8MAGHJ-a76be25a09\/image_160.png?t=xoxe-629202954002-950795328464-950341379620-2ca7f74bb6537751ea5666f8f5e8896e",
                "thumb_720": "https:\/\/files.slack.com\/files-tmb\/TJH5YU202-FST8MAGHJ-a76be25a09\/image_720.png?t=xoxe-629202954002-950795328464-950341379620-2ca7f74bb6537751ea5666f8f5e8896e",
                "thumb_720_w": 720,
                "thumb_720_h": 441,
                "thumb_800": "https:\/\/files.slack.com\/files-tmb\/TJH5YU202-FST8MAGHJ-a76be25a09\/image_800.png?t=xoxe-629202954002-950795328464-950341379620-2ca7f74bb6537751ea5666f8f5e8896e",
                "thumb_800_w": 800,
                "thumb_800_h": 490,
                "thumb_960": "https:\/\/files.slack.com\/files-tmb\/TJH5YU202-FST8MAGHJ-a76be25a09\/image_960.png?t=xoxe-629202954002-950795328464-950341379620-2ca7f74bb6537751ea5666f8f5e8896e",
                "thumb_960_w": 960,
                "thumb_960_h": 589,
                "thumb_1024": "https:\/\/files.slack.com\/files-tmb\/TJH5YU202-FST8MAGHJ-a76be25a09\/image_1024.png?t=xoxe-629202954002-950795328464-950341379620-2ca7f74bb6537751ea5666f8f5e8896e",
                "thumb_1024_w": 1024,
                "thumb_1024_h": 628,
                "image_exif_rotation": 1,
                "original_w": 1145,
                "original_h": 702,
                "thumb_tiny": "AwAdADC+q8dadtPrSA4HXFAb1oAD9f0oAHY\/pSnaepo+UfWgA2n1FNZGwTv\/AEpcn1FDfdPOaAAD6daUcdcflSD\/AOvQeaADHpg5pSOKAcdqN3PSgAAPoKD06Ck3YycUFs9qAP\/Z",
                "permalink": "https:\/\/harbourproject.slack.com\/files\/UK28N3CER\/FST8MAGHJ\/image.png",
                "permalink_public": "https:\/\/slack-files.com\/TJH5YU202-FST8MAGHJ-24f21d1de0",
                "is_starred": false,
                "has_rich_preview": false
            }
        ],
        "upload": true,
        "blocks": [
            {
                "type": "rich_text",
                "block_id": "wyd4",
                "elements": [
                    {
                        "type": "rich_text_section",
                        "elements": [
                            {
                                "type": "text",
                                "text": "desconozco si con fastreport se puede hacer algo como esto."
                            }
                        ]
                    }
                ]
            }
        ],
        "user": "UK28N3CER",
        "display_as_bot": false,
        "ts": "1579294896.007800",
        "client_msg_id": "e818a118-0734-4d51-a3fd-ae6557921a07"
    },
    {
        "type": "message",
        "text": "el resto del reporte.",
        "files": [
            {
                "id": "FSHG7BVAM",
                "created": 1579294947,
                "timestamp": 1579294947,
                "name": "image.png",
                "title": "image.png",
                "mimetype": "image\/png",
                "filetype": "png",
                "pretty_type": "PNG",
                "user": "UK28N3CER",
                "editable": false,
                "size": 194877,
                "mode": "hosted",
                "is_external": false,
                "external_type": "",
                "is_public": true,
                "public_url_shared": false,
                "display_as_bot": false,
                "username": "",
                "url_private": "https:\/\/files.slack.com\/files-pri\/TJH5YU202-FSHG7BVAM\/image.png?t=xoxe-629202954002-950795328464-950341379620-2ca7f74bb6537751ea5666f8f5e8896e",
                "url_private_download": "https:\/\/files.slack.com\/files-pri\/TJH5YU202-FSHG7BVAM\/download\/image.png?t=xoxe-629202954002-950795328464-950341379620-2ca7f74bb6537751ea5666f8f5e8896e",
                "thumb_64": "https:\/\/files.slack.com\/files-tmb\/TJH5YU202-FSHG7BVAM-7e08ce3283\/image_64.png?t=xoxe-629202954002-950795328464-950341379620-2ca7f74bb6537751ea5666f8f5e8896e",
                "thumb_80": "https:\/\/files.slack.com\/files-tmb\/TJH5YU202-FSHG7BVAM-7e08ce3283\/image_80.png?t=xoxe-629202954002-950795328464-950341379620-2ca7f74bb6537751ea5666f8f5e8896e",
                "thumb_360": "https:\/\/files.slack.com\/files-tmb\/TJH5YU202-FSHG7BVAM-7e08ce3283\/image_360.png?t=xoxe-629202954002-950795328464-950341379620-2ca7f74bb6537751ea5666f8f5e8896e",
                "thumb_360_w": 360,
                "thumb_360_h": 221,
                "thumb_480": "https:\/\/files.slack.com\/files-tmb\/TJH5YU202-FSHG7BVAM-7e08ce3283\/image_480.png?t=xoxe-629202954002-950795328464-950341379620-2ca7f74bb6537751ea5666f8f5e8896e",
                "thumb_480_w": 480,
                "thumb_480_h": 294,
                "thumb_160": "https:\/\/files.slack.com\/files-tmb\/TJH5YU202-FSHG7BVAM-7e08ce3283\/image_160.png?t=xoxe-629202954002-950795328464-950341379620-2ca7f74bb6537751ea5666f8f5e8896e",
                "thumb_720": "https:\/\/files.slack.com\/files-tmb\/TJH5YU202-FSHG7BVAM-7e08ce3283\/image_720.png?t=xoxe-629202954002-950795328464-950341379620-2ca7f74bb6537751ea5666f8f5e8896e",
                "thumb_720_w": 720,
                "thumb_720_h": 441,
                "thumb_800": "https:\/\/files.slack.com\/files-tmb\/TJH5YU202-FSHG7BVAM-7e08ce3283\/image_800.png?t=xoxe-629202954002-950795328464-950341379620-2ca7f74bb6537751ea5666f8f5e8896e",
                "thumb_800_w": 800,
                "thumb_800_h": 490,
                "thumb_960": "https:\/\/files.slack.com\/files-tmb\/TJH5YU202-FSHG7BVAM-7e08ce3283\/image_960.png?t=xoxe-629202954002-950795328464-950341379620-2ca7f74bb6537751ea5666f8f5e8896e",
                "thumb_960_w": 960,
                "thumb_960_h": 589,
                "thumb_1024": "https:\/\/files.slack.com\/files-tmb\/TJH5YU202-FSHG7BVAM-7e08ce3283\/image_1024.png?t=xoxe-629202954002-950795328464-950341379620-2ca7f74bb6537751ea5666f8f5e8896e",
                "thumb_1024_w": 1024,
                "thumb_1024_h": 628,
                "image_exif_rotation": 1,
                "original_w": 1145,
                "original_h": 702,
                "thumb_tiny": "AwAdADDQVeD1p22mDp+NLn3oAdtpNopcjuaMj1oAMUxlbBO79KXOG5PFB9ulACbd350oTBzSg4o3UANKgnOR+dKEx0xS5GelG7mgCORdiFuTjsKVDmHcMjPY0\/d7UhbIxigD\/9k=",
                "permalink": "https:\/\/harbourproject.slack.com\/files\/UK28N3CER\/FSHG7BVAM\/image.png",
                "permalink_public": "https:\/\/slack-files.com\/TJH5YU202-FSHG7BVAM-f265e73fb4",
                "is_starred": false,
                "has_rich_preview": false
            }
        ],
        "upload": true,
        "blocks": [
            {
                "type": "rich_text",
                "block_id": "znmE",
                "elements": [
                    {
                        "type": "rich_text_section",
                        "elements": [
                            {
                                "type": "text",
                                "text": "el resto del reporte."
                            }
                        ]
                    }
                ]
            }
        ],
        "user": "UK28N3CER",
        "display_as_bot": false,
        "ts": "1579294954.008100",
        "client_msg_id": "c56a7c31-3457-4094-a671-19744ae5fd13"
    },
    {
        "client_msg_id": "fdc42f89-7049-4b7b-b31f-6da3a5d093c9",
        "type": "message",
        "text": "Cesar, why don't you use EasyReport. I think for Fivewin EasyReport is best.",
        "user": "UJHD6A81H",
        "ts": "1579296014.009000",
        "team": "TJH5YU202",
        "user_team": "TJH5YU202",
        "source_team": "TJH5YU202",
        "user_profile": {
            "avatar_hash": "g6b8073e00e9",
            "image_72": "https:\/\/secure.gravatar.com\/avatar\/b96b8073e00e9eb02bcf05bc1418eb3a.jpg?s=72&d=https%3A%2F%2Fa.slack-edge.com%2Fdf10d%2Fimg%2Favatars%2Fava_0021-72.png",
            "first_name": "Otto",
            "real_name": "Otto Atzwanger",
            "display_name": "Otto",
            "team": "TJH5YU202",
            "name": "otto",
            "is_restricted": false,
            "is_ultra_restricted": false
        },
        "blocks": [
            {
                "type": "rich_text",
                "block_id": "qz8",
                "elements": [
                    {
                        "type": "rich_text_section",
                        "elements": [
                            {
                                "type": "text",
                                "text": "Cesar, why don't you use EasyReport. I think for Fivewin EasyReport is best."
                            }
                        ]
                    }
                ]
            }
        ]
    },
    {
        "client_msg_id": "0fb0a3b2-2f00-4f39-b470-bd07363d43f6",
        "type": "message",
        "text": "I have converted the EasyReport designer.\nYou can now zoom.\n\n<http:\/\/forums.fivetechsupport.com\/search.php?st=0&amp;sk=t&amp;sd=d&amp;keywords=easyreport&amp;author=otto&amp;start=15>",
        "user": "UJHD6A81H",
        "ts": "1579296379.009200",
        "team": "TJH5YU202",
        "user_team": "TJH5YU202",
        "source_team": "TJH5YU202",
        "user_profile": {
            "avatar_hash": "g6b8073e00e9",
            "image_72": "https:\/\/secure.gravatar.com\/avatar\/b96b8073e00e9eb02bcf05bc1418eb3a.jpg?s=72&d=https%3A%2F%2Fa.slack-edge.com%2Fdf10d%2Fimg%2Favatars%2Fava_0021-72.png",
            "first_name": "Otto",
            "real_name": "Otto Atzwanger",
            "display_name": "Otto",
            "team": "TJH5YU202",
            "name": "otto",
            "is_restricted": false,
            "is_ultra_restricted": false
        },
        "blocks": [
            {
                "type": "rich_text",
                "block_id": "=WJ1d",
                "elements": [
                    {
                        "type": "rich_text_section",
                        "elements": [
                            {
                                "type": "text",
                                "text": "I have converted the EasyReport designer.\nYou can now zoom.\n\n"
                            },
                            {
                                "type": "link",
                                "url": "http:\/\/forums.fivetechsupport.com\/search.php?st=0&sk=t&sd=d&keywords=easyreport&author=otto&start=15"
                            }
                        ]
                    }
                ]
            }
        ]
    },
    {
        "client_msg_id": "46ba7156-24b5-486d-9ccc-2d221bce5b69",
        "type": "message",
        "text": "ok. Otto, tanks",
        "user": "UK28N3CER",
        "ts": "1579296440.010700",
        "team": "TJH5YU202",
        "user_team": "TJH5YU202",
        "source_team": "TJH5YU202",
        "user_profile": {
            "avatar_hash": "7f09da813e5b",
            "image_72": "https:\/\/avatars.slack-edge.com\/2020-01-01\/880554116721_7f09da813e5b80b5a0a0_72.jpg",
            "first_name": "",
            "real_name": "Cesar SysCtrl Software",
            "display_name": "Cesar SysCtrl Software",
            "team": "TJH5YU202",
            "name": "sysctrlsoftware",
            "is_restricted": false,
            "is_ultra_restricted": false
        },
        "blocks": [
            {
                "type": "rich_text",
                "block_id": "SAD",
                "elements": [
                    {
                        "type": "rich_text_section",
                        "elements": [
                            {
                                "type": "text",
                                "text": "ok. Otto, tanks"
                            }
                        ]
                    }
                ]
            }
        ]
    },
    {
        "client_msg_id": "d0628729-efda-47a1-8472-6ece3ee9fbd7",
        "type": "message",
        "text": "With FastReport you have to learn an extra script language - in EASYREPORT you can make all in FIVEWIN.",
        "user": "UJHD6A81H",
        "ts": "1579296443.010800",
        "team": "TJH5YU202",
        "user_team": "TJH5YU202",
        "source_team": "TJH5YU202",
        "user_profile": {
            "avatar_hash": "g6b8073e00e9",
            "image_72": "https:\/\/secure.gravatar.com\/avatar\/b96b8073e00e9eb02bcf05bc1418eb3a.jpg?s=72&d=https%3A%2F%2Fa.slack-edge.com%2Fdf10d%2Fimg%2Favatars%2Fava_0021-72.png",
            "first_name": "Otto",
            "real_name": "Otto Atzwanger",
            "display_name": "Otto",
            "team": "TJH5YU202",
            "name": "otto",
            "is_restricted": false,
            "is_ultra_restricted": false
        },
        "blocks": [
            {
                "type": "rich_text",
                "block_id": "8HYD9",
                "elements": [
                    {
                        "type": "rich_text_section",
                        "elements": [
                            {
                                "type": "text",
                                "text": "With FastReport you have to learn an extra script language - in EASYREPORT you can make all in FIVEWIN."
                            }
                        ]
                    }
                ]
            }
        ]
    },
    {
        "client_msg_id": "7f7a7f36-aeac-40a0-9396-3204ea046315",
        "type": "message",
        "text": ":+1:",
        "user": "UK28N3CER",
        "ts": "1579296476.011000",
        "team": "TJH5YU202",
        "user_team": "TJH5YU202",
        "source_team": "TJH5YU202",
        "user_profile": {
            "avatar_hash": "7f09da813e5b",
            "image_72": "https:\/\/avatars.slack-edge.com\/2020-01-01\/880554116721_7f09da813e5b80b5a0a0_72.jpg",
            "first_name": "",
            "real_name": "Cesar SysCtrl Software",
            "display_name": "Cesar SysCtrl Software",
            "team": "TJH5YU202",
            "name": "sysctrlsoftware",
            "is_restricted": false,
            "is_ultra_restricted": false
        },
        "blocks": [
            {
                "type": "rich_text",
                "block_id": "CES",
                "elements": [
                    {
                        "type": "rich_text_section",
                        "elements": [
                            {
                                "type": "emoji",
                                "name": "+1"
                            }
                        ]
                    }
                ]
            }
        ]
    },
    {
        "client_msg_id": "1f306dc1-a263-447a-8b71-17013124affe",
        "type": "message",
        "text": "BTW are you using resources with FIVEWIN or do you code the dialogs, windows",
        "user": "UJHD6A81H",
        "ts": "1579296631.011900",
        "team": "TJH5YU202",
        "user_team": "TJH5YU202",
        "source_team": "TJH5YU202",
        "user_profile": {
            "avatar_hash": "g6b8073e00e9",
            "image_72": "https:\/\/secure.gravatar.com\/avatar\/b96b8073e00e9eb02bcf05bc1418eb3a.jpg?s=72&d=https%3A%2F%2Fa.slack-edge.com%2Fdf10d%2Fimg%2Favatars%2Fava_0021-72.png",
            "first_name": "Otto",
            "real_name": "Otto Atzwanger",
            "display_name": "Otto",
            "team": "TJH5YU202",
            "name": "otto",
            "is_restricted": false,
            "is_ultra_restricted": false
        },
        "blocks": [
            {
                "type": "rich_text",
                "block_id": "CjhH",
                "elements": [
                    {
                        "type": "rich_text_section",
                        "elements": [
                            {
                                "type": "text",
                                "text": "BTW are you using resources with FIVEWIN or do you code the dialogs, windows"
                            }
                        ]
                    }
                ]
            }
        ]
    },
    {
        "client_msg_id": "ed74c87c-e964-4d65-9425-bec6870fd8e7",
        "type": "message",
        "text": "Are you using xBrowse",
        "user": "UJHD6A81H",
        "ts": "1579296681.012300",
        "team": "TJH5YU202",
        "user_team": "TJH5YU202",
        "source_team": "TJH5YU202",
        "user_profile": {
            "avatar_hash": "g6b8073e00e9",
            "image_72": "https:\/\/secure.gravatar.com\/avatar\/b96b8073e00e9eb02bcf05bc1418eb3a.jpg?s=72&d=https%3A%2F%2Fa.slack-edge.com%2Fdf10d%2Fimg%2Favatars%2Fava_0021-72.png",
            "first_name": "Otto",
            "real_name": "Otto Atzwanger",
            "display_name": "Otto",
            "team": "TJH5YU202",
            "name": "otto",
            "is_restricted": false,
            "is_ultra_restricted": false
        },
        "blocks": [
            {
                "type": "rich_text",
                "block_id": "iaaTg",
                "elements": [
                    {
                        "type": "rich_text_section",
                        "elements": [
                            {
                                "type": "text",
                                "text": "Are you using xBrowse"
                            }
                        ]
                    }
                ]
            }
        ]
    },
    {
        "type": "message",
        "subtype": "thread_broadcast",
        "text": "Pero el que indicas es para C# ( NET ), no?",
        "user": "UJUJLTWMT",
        "ts": "1579302553.012400",
        "thread_ts": "1579292994.004100",
        "root": {
            "client_msg_id": "3d43047b-fb31-4de0-9ef1-eff55b814a81",
            "type": "message",
            "text": "Para vuestra info el mejor reporting que he usado para fivewin es open source <https:\/\/www.fast-report.com\/en\/news\/411\/|https:\/\/www.fast-report.com\/en\/news\/411\/>",
            "user": "UJWR5N32S",
            "ts": "1579292994.004100",
            "team": "TJH5YU202",
            "blocks": [
                {
                    "type": "rich_text",
                    "block_id": "MR5q",
                    "elements": [
                        {
                            "type": "rich_text_section",
                            "elements": [
                                {
                                    "type": "text",
                                    "text": "Para vuestra info el mejor reporting que he usado para fivewin es open source "
                                },
                                {
                                    "type": "link",
                                    "url": "https:\/\/www.fast-report.com\/en\/news\/411\/",
                                    "text": "https:\/\/www.fast-report.com\/en\/news\/411\/"
                                }
                            ]
                        }
                    ]
                }
            ],
            "thread_ts": "1579292994.004100",
            "reply_count": 1,
            "reply_users_count": 1,
            "latest_reply": "1579302553.012400",
            "reply_users": [
                "UJUJLTWMT"
            ],
            "replies": [
                {
                    "user": "UJUJLTWMT",
                    "ts": "1579302553.012400"
                }
            ],
            "subscribed": false
        },
        "blocks": [
            {
                "type": "rich_text",
                "block_id": "dwTZ",
                "elements": [
                    {
                        "type": "rich_text_section",
                        "elements": [
                            {
                                "type": "text",
                                "text": "Pero el que indicas es para C# ( NET ), no?"
                            }
                        ]
                    }
                ]
            }
        ],
        "client_msg_id": "3947ea2d-2b42-4f97-952c-733a85cee3b8"
    },
    {
        "client_msg_id": "f6a60e75-d3da-4e35-8d78-16f2232c9320",
        "type": "message",
        "text": "Otto,  resources and dialogs + xbrowse.",
        "user": "UK28N3CER",
        "ts": "1579302835.013200",
        "team": "TJH5YU202",
        "user_team": "TJH5YU202",
        "source_team": "TJH5YU202",
        "user_profile": {
            "avatar_hash": "7f09da813e5b",
            "image_72": "https:\/\/avatars.slack-edge.com\/2020-01-01\/880554116721_7f09da813e5b80b5a0a0_72.jpg",
            "first_name": "",
            "real_name": "Cesar SysCtrl Software",
            "display_name": "Cesar SysCtrl Software",
            "team": "TJH5YU202",
            "name": "sysctrlsoftware",
            "is_restricted": false,
            "is_ultra_restricted": false
        },
        "blocks": [
            {
                "type": "rich_text",
                "block_id": "0kb",
                "elements": [
                    {
                        "type": "rich_text_section",
                        "elements": [
                            {
                                "type": "text",
                                "text": "Otto,  resources and dialogs + xbrowse."
                            }
                        ]
                    }
                ]
            }
        ]
    },
    {
        "client_msg_id": "cbf7f8f0-dd3c-4340-968c-26e5f5ad7578",
        "type": "message",
        "text": "Cesar, search the Fivewin forum - Advanced search - for autocode.\n\n<http:\/\/forums.fivetechsupport.com\/search.php>\n\nSearch for all terms or use query as entered\nautocode\n\nSearch for author:\nOtto\nI do not support resources as I code the dialogs and windows.\nBut if you want I can give you a copy of AUTOCODE.\nI am sure you will like it.",
        "user": "UJHD6A81H",
        "ts": "1579304527.013800",
        "team": "TJH5YU202",
        "user_team": "TJH5YU202",
        "source_team": "TJH5YU202",
        "user_profile": {
            "avatar_hash": "g6b8073e00e9",
            "image_72": "https:\/\/secure.gravatar.com\/avatar\/b96b8073e00e9eb02bcf05bc1418eb3a.jpg?s=72&d=https%3A%2F%2Fa.slack-edge.com%2Fdf10d%2Fimg%2Favatars%2Fava_0021-72.png",
            "first_name": "Otto",
            "real_name": "Otto Atzwanger",
            "display_name": "Otto",
            "team": "TJH5YU202",
            "name": "otto",
            "is_restricted": false,
            "is_ultra_restricted": false
        },
        "blocks": [
            {
                "type": "rich_text",
                "block_id": "rRmq",
                "elements": [
                    {
                        "type": "rich_text_section",
                        "elements": [
                            {
                                "type": "text",
                                "text": "Cesar, search the Fivewin forum - Advanced search - for autocode.\n\n"
                            },
                            {
                                "type": "link",
                                "url": "http:\/\/forums.fivetechsupport.com\/search.php"
                            },
                            {
                                "type": "text",
                                "text": "\n\nSearch for all terms or use query as entered\nautocode\n\nSearch for author:\nOtto\nI do not support resources as I code the dialogs and windows.\nBut if you want I can give you a copy of AUTOCODE.\nI am sure you will like it."
                            }
                        ]
                    }
                ]
            }
        ]
    },
    {
        "client_msg_id": "f72444a6-2d15-4b9d-82c6-8d6fb509a504",
        "type": "message",
        "text": "tanks Otto,",
        "user": "UK28N3CER",
        "ts": "1579306335.014000",
        "team": "TJH5YU202",
        "user_team": "TJH5YU202",
        "source_team": "TJH5YU202",
        "user_profile": {
            "avatar_hash": "7f09da813e5b",
            "image_72": "https:\/\/avatars.slack-edge.com\/2020-01-01\/880554116721_7f09da813e5b80b5a0a0_72.jpg",
            "first_name": "",
            "real_name": "Cesar SysCtrl Software",
            "display_name": "Cesar SysCtrl Software",
            "team": "TJH5YU202",
            "name": "sysctrlsoftware",
            "is_restricted": false,
            "is_ultra_restricted": false
        },
        "blocks": [
            {
                "type": "rich_text",
                "block_id": "WZdC",
                "elements": [
                    {
                        "type": "rich_text_section",
                        "elements": [
                            {
                                "type": "text",
                                "text": "tanks Otto,"
                            }
                        ]
                    }
                ]
            }
        ]
    }
]