[
    {
        "client_msg_id": "37393810-525c-4274-b541-d8b1b4eabe43",
        "type": "message",
        "text": "hello",
        "user": "UJHD6A81H",
        "ts": "1578596587.307300",
        "team": "TJH5YU202",
        "user_team": "TJH5YU202",
        "source_team": "TJH5YU202",
        "user_profile": {
            "avatar_hash": "g6b8073e00e9",
            "image_72": "https:\/\/secure.gravatar.com\/avatar\/b96b8073e00e9eb02bcf05bc1418eb3a.jpg?s=72&d=https%3A%2F%2Fa.slack-edge.com%2Fdf10d%2Fimg%2Favatars%2Fava_0021-72.png",
            "first_name": "Otto",
            "real_name": "Otto Atzwanger",
            "display_name": "Otto",
            "team": "TJH5YU202",
            "name": "otto",
            "is_restricted": false,
            "is_ultra_restricted": false
        },
        "blocks": [
            {
                "type": "rich_text",
                "block_id": "0Lj",
                "elements": [
                    {
                        "type": "rich_text_section",
                        "elements": [
                            {
                                "type": "text",
                                "text": "hello"
                            }
                        ]
                    }
                ]
            }
        ]
    },
    {
        "client_msg_id": "26a36519-eb9e-4382-97db-ac3ed488046e",
        "type": "message",
        "text": "extent Genesis",
        "user": "UJHD6A81H",
        "ts": "1578596599.307600",
        "team": "TJH5YU202",
        "user_team": "TJH5YU202",
        "source_team": "TJH5YU202",
        "user_profile": {
            "avatar_hash": "g6b8073e00e9",
            "image_72": "https:\/\/secure.gravatar.com\/avatar\/b96b8073e00e9eb02bcf05bc1418eb3a.jpg?s=72&d=https%3A%2F%2Fa.slack-edge.com%2Fdf10d%2Fimg%2Favatars%2Fava_0021-72.png",
            "first_name": "Otto",
            "real_name": "Otto Atzwanger",
            "display_name": "Otto",
            "team": "TJH5YU202",
            "name": "otto",
            "is_restricted": false,
            "is_ultra_restricted": false
        },
        "blocks": [
            {
                "type": "rich_text",
                "block_id": "=bN",
                "elements": [
                    {
                        "type": "rich_text_section",
                        "elements": [
                            {
                                "type": "text",
                                "text": "extent Genesis"
                            }
                        ]
                    }
                ]
            }
        ]
    },
    {
        "client_msg_id": "3c81107a-00b8-457e-a643-a1c86d1961ee",
        "type": "message",
        "text": "first extend menu",
        "user": "UJHD6A81H",
        "ts": "1578596605.307800",
        "team": "TJH5YU202",
        "user_team": "TJH5YU202",
        "source_team": "TJH5YU202",
        "user_profile": {
            "avatar_hash": "g6b8073e00e9",
            "image_72": "https:\/\/secure.gravatar.com\/avatar\/b96b8073e00e9eb02bcf05bc1418eb3a.jpg?s=72&d=https%3A%2F%2Fa.slack-edge.com%2Fdf10d%2Fimg%2Favatars%2Fava_0021-72.png",
            "first_name": "Otto",
            "real_name": "Otto Atzwanger",
            "display_name": "Otto",
            "team": "TJH5YU202",
            "name": "otto",
            "is_restricted": false,
            "is_ultra_restricted": false
        },
        "blocks": [
            {
                "type": "rich_text",
                "block_id": "dxCNG",
                "elements": [
                    {
                        "type": "rich_text_section",
                        "elements": [
                            {
                                "type": "text",
                                "text": "first extend menu"
                            }
                        ]
                    }
                ]
            }
        ]
    },
    {
        "client_msg_id": "97ffbd3f-17d8-4344-947f-d525e850dbfb",
        "type": "message",
        "text": "<https:\/\/winhotel.space\/harbourino\/html\/harbourino-houseboat-as-templa.html>",
        "user": "UJHD6A81H",
        "ts": "1578596608.308000",
        "team": "TJH5YU202",
        "user_team": "TJH5YU202",
        "source_team": "TJH5YU202",
        "user_profile": {
            "avatar_hash": "g6b8073e00e9",
            "image_72": "https:\/\/secure.gravatar.com\/avatar\/b96b8073e00e9eb02bcf05bc1418eb3a.jpg?s=72&d=https%3A%2F%2Fa.slack-edge.com%2Fdf10d%2Fimg%2Favatars%2Fava_0021-72.png",
            "first_name": "Otto",
            "real_name": "Otto Atzwanger",
            "display_name": "Otto",
            "team": "TJH5YU202",
            "name": "otto",
            "is_restricted": false,
            "is_ultra_restricted": false
        },
        "blocks": [
            {
                "type": "rich_text",
                "block_id": "+Bu0",
                "elements": [
                    {
                        "type": "rich_text_section",
                        "elements": [
                            {
                                "type": "link",
                                "url": "https:\/\/winhotel.space\/harbourino\/html\/harbourino-houseboat-as-templa.html"
                            }
                        ]
                    }
                ]
            }
        ]
    },
    {
        "client_msg_id": "b644b834-9bfc-4ef5-805b-a1c81df289ac",
        "type": "message",
        "text": "adapting view",
        "user": "UJHD6A81H",
        "ts": "1578599354.308200",
        "team": "TJH5YU202",
        "user_team": "TJH5YU202",
        "source_team": "TJH5YU202",
        "user_profile": {
            "avatar_hash": "g6b8073e00e9",
            "image_72": "https:\/\/secure.gravatar.com\/avatar\/b96b8073e00e9eb02bcf05bc1418eb3a.jpg?s=72&d=https%3A%2F%2Fa.slack-edge.com%2Fdf10d%2Fimg%2Favatars%2Fava_0021-72.png",
            "first_name": "Otto",
            "real_name": "Otto Atzwanger",
            "display_name": "Otto",
            "team": "TJH5YU202",
            "name": "otto",
            "is_restricted": false,
            "is_ultra_restricted": false
        },
        "blocks": [
            {
                "type": "rich_text",
                "block_id": "iOQ",
                "elements": [
                    {
                        "type": "rich_text_section",
                        "elements": [
                            {
                                "type": "text",
                                "text": "adapting view"
                            }
                        ]
                    }
                ]
            }
        ]
    },
    {
        "client_msg_id": "ac2f7ee4-62e5-4c36-84f3-bd90f2262d5a",
        "type": "message",
        "text": "<https:\/\/winhotel.space\/harbourino\/html\/harbourino-houseboat-as-templ2.html>",
        "user": "UJHD6A81H",
        "ts": "1578599370.308500",
        "team": "TJH5YU202",
        "user_team": "TJH5YU202",
        "source_team": "TJH5YU202",
        "user_profile": {
            "avatar_hash": "g6b8073e00e9",
            "image_72": "https:\/\/secure.gravatar.com\/avatar\/b96b8073e00e9eb02bcf05bc1418eb3a.jpg?s=72&d=https%3A%2F%2Fa.slack-edge.com%2Fdf10d%2Fimg%2Favatars%2Fava_0021-72.png",
            "first_name": "Otto",
            "real_name": "Otto Atzwanger",
            "display_name": "Otto",
            "team": "TJH5YU202",
            "name": "otto",
            "is_restricted": false,
            "is_ultra_restricted": false
        },
        "blocks": [
            {
                "type": "rich_text",
                "block_id": "oChng",
                "elements": [
                    {
                        "type": "rich_text_section",
                        "elements": [
                            {
                                "type": "link",
                                "url": "https:\/\/winhotel.space\/harbourino\/html\/harbourino-houseboat-as-templ2.html"
                            }
                        ]
                    }
                ]
            }
        ]
    },
    {
        "type": "message",
        "text": "",
        "files": [
            {
                "id": "FSJE3FTAS",
                "created": 1578599757,
                "timestamp": 1578599757,
                "name": "journalview.gif",
                "title": "journalview.gif",
                "mimetype": "image\/gif",
                "filetype": "gif",
                "pretty_type": "GIF",
                "user": "UJHD6A81H",
                "editable": false,
                "size": 773567,
                "mode": "hosted",
                "is_external": false,
                "external_type": "",
                "is_public": true,
                "public_url_shared": false,
                "display_as_bot": false,
                "username": "",
                "url_private": "https:\/\/files.slack.com\/files-pri\/TJH5YU202-FSJE3FTAS\/journalview.gif?t=xoxe-629202954002-950795328464-950341379620-2ca7f74bb6537751ea5666f8f5e8896e",
                "url_private_download": "https:\/\/files.slack.com\/files-pri\/TJH5YU202-FSJE3FTAS\/download\/journalview.gif?t=xoxe-629202954002-950795328464-950341379620-2ca7f74bb6537751ea5666f8f5e8896e",
                "thumb_64": "https:\/\/files.slack.com\/files-tmb\/TJH5YU202-FSJE3FTAS-f86788da8b\/journalview_64.png?t=xoxe-629202954002-950795328464-950341379620-2ca7f74bb6537751ea5666f8f5e8896e",
                "thumb_80": "https:\/\/files.slack.com\/files-tmb\/TJH5YU202-FSJE3FTAS-f86788da8b\/journalview_80.png?t=xoxe-629202954002-950795328464-950341379620-2ca7f74bb6537751ea5666f8f5e8896e",
                "thumb_360": "https:\/\/files.slack.com\/files-tmb\/TJH5YU202-FSJE3FTAS-f86788da8b\/journalview_360.png?t=xoxe-629202954002-950795328464-950341379620-2ca7f74bb6537751ea5666f8f5e8896e",
                "thumb_360_w": 360,
                "thumb_360_h": 249,
                "thumb_480": "https:\/\/files.slack.com\/files-tmb\/TJH5YU202-FSJE3FTAS-f86788da8b\/journalview_480.png?t=xoxe-629202954002-950795328464-950341379620-2ca7f74bb6537751ea5666f8f5e8896e",
                "thumb_480_w": 480,
                "thumb_480_h": 332,
                "thumb_160": "https:\/\/files.slack.com\/files-tmb\/TJH5YU202-FSJE3FTAS-f86788da8b\/journalview_160.png?t=xoxe-629202954002-950795328464-950341379620-2ca7f74bb6537751ea5666f8f5e8896e",
                "thumb_720": "https:\/\/files.slack.com\/files-tmb\/TJH5YU202-FSJE3FTAS-f86788da8b\/journalview_720.png?t=xoxe-629202954002-950795328464-950341379620-2ca7f74bb6537751ea5666f8f5e8896e",
                "thumb_720_w": 720,
                "thumb_720_h": 498,
                "thumb_800": "https:\/\/files.slack.com\/files-tmb\/TJH5YU202-FSJE3FTAS-f86788da8b\/journalview_800.png?t=xoxe-629202954002-950795328464-950341379620-2ca7f74bb6537751ea5666f8f5e8896e",
                "thumb_800_w": 800,
                "thumb_800_h": 553,
                "thumb_960": "https:\/\/files.slack.com\/files-tmb\/TJH5YU202-FSJE3FTAS-f86788da8b\/journalview_960.png?t=xoxe-629202954002-950795328464-950341379620-2ca7f74bb6537751ea5666f8f5e8896e",
                "thumb_960_w": 960,
                "thumb_960_h": 664,
                "thumb_1024": "https:\/\/files.slack.com\/files-tmb\/TJH5YU202-FSJE3FTAS-f86788da8b\/journalview_1024.png?t=xoxe-629202954002-950795328464-950341379620-2ca7f74bb6537751ea5666f8f5e8896e",
                "thumb_1024_w": 1024,
                "thumb_1024_h": 708,
                "thumb_360_gif": "https:\/\/files.slack.com\/files-tmb\/TJH5YU202-FSJE3FTAS-f86788da8b\/journalview_360.gif?t=xoxe-629202954002-950795328464-950341379620-2ca7f74bb6537751ea5666f8f5e8896e",
                "thumb_480_gif": "https:\/\/files.slack.com\/files-tmb\/TJH5YU202-FSJE3FTAS-f86788da8b\/journalview_480.gif?t=xoxe-629202954002-950795328464-950341379620-2ca7f74bb6537751ea5666f8f5e8896e",
                "image_exif_rotation": 1,
                "original_w": 1447,
                "original_h": 1001,
                "deanimate_gif": "https:\/\/files.slack.com\/files-tmb\/TJH5YU202-FSJE3FTAS-f86788da8b\/journalview_deanimate_gif.png?t=xoxe-629202954002-950795328464-950341379620-2ca7f74bb6537751ea5666f8f5e8896e",
                "thumb_tiny": "AwAhADCstzN5i\/vnIyO9aH2nB6XH\/fsVlqR5i\/UfzrcG\/edxG3tgHNNARfbV\/wCeU3\/fFH21f+eM3\/fFT5HvS4ougK\/21f8AnlN\/3xU0UglTcFZR6MMGnYpRRoBzyf6xfqK6DnNc8n+sX6iug70gDmjmiigA5pRSUo6UAZS\/eH1rUrLX7w+talABRRRQAUo6UlKOlAH\/2Q==",
                "permalink": "https:\/\/harbourproject.slack.com\/files\/UJHD6A81H\/FSJE3FTAS\/journalview.gif",
                "permalink_public": "https:\/\/slack-files.com\/TJH5YU202-FSJE3FTAS-d517121eab",
                "is_starred": false,
                "has_rich_preview": false
            }
        ],
        "upload": true,
        "user": "UJHD6A81H",
        "display_as_bot": false,
        "ts": "1578599791.308600",
        "client_msg_id": "72f68669-4a4c-4efa-a656-7857548f0891"
    },
    {
        "client_msg_id": "98cbb7ab-87e6-406c-865c-363ae0ece0f6",
        "type": "message",
        "text": "Otto, un manual en español de harbourino ?",
        "user": "UK28N3CER",
        "ts": "1578612390.309300",
        "team": "TJH5YU202",
        "user_team": "TJH5YU202",
        "source_team": "TJH5YU202",
        "user_profile": {
            "avatar_hash": "7f09da813e5b",
            "image_72": "https:\/\/avatars.slack-edge.com\/2020-01-01\/880554116721_7f09da813e5b80b5a0a0_72.jpg",
            "first_name": "",
            "real_name": "Cesar SysCtrl Software",
            "display_name": "Cesar SysCtrl Software",
            "team": "TJH5YU202",
            "name": "sysctrlsoftware",
            "is_restricted": false,
            "is_ultra_restricted": false
        },
        "blocks": [
            {
                "type": "rich_text",
                "block_id": "hOZ",
                "elements": [
                    {
                        "type": "rich_text_section",
                        "elements": [
                            {
                                "type": "text",
                                "text": "Otto, un manual en español de harbourino ?"
                            }
                        ]
                    }
                ]
            }
        ]
    },
    {
        "client_msg_id": "ce24980c-cb2b-4463-b0c5-f9e74333982f",
        "type": "message",
        "text": "Cesar, I am sorry, but I do not speak any Spanish. I always use Google translate.",
        "user": "UJHD6A81H",
        "ts": "1578612839.310700",
        "team": "TJH5YU202",
        "user_team": "TJH5YU202",
        "source_team": "TJH5YU202",
        "user_profile": {
            "avatar_hash": "g6b8073e00e9",
            "image_72": "https:\/\/secure.gravatar.com\/avatar\/b96b8073e00e9eb02bcf05bc1418eb3a.jpg?s=72&d=https%3A%2F%2Fa.slack-edge.com%2Fdf10d%2Fimg%2Favatars%2Fava_0021-72.png",
            "first_name": "Otto",
            "real_name": "Otto Atzwanger",
            "display_name": "Otto",
            "team": "TJH5YU202",
            "name": "otto",
            "is_restricted": false,
            "is_ultra_restricted": false
        },
        "blocks": [
            {
                "type": "rich_text",
                "block_id": "8Wl\/",
                "elements": [
                    {
                        "type": "rich_text_section",
                        "elements": [
                            {
                                "type": "text",
                                "text": "Cesar, I am sorry, but I do not speak any Spanish. I always use Google translate."
                            }
                        ]
                    }
                ]
            }
        ]
    },
    {
        "client_msg_id": "e7b184fc-0076-46f0-b063-3ebea9af0db6",
        "type": "message",
        "text": "ok. Tanks Otto",
        "user": "UK28N3CER",
        "ts": "1578614442.311100",
        "team": "TJH5YU202",
        "user_team": "TJH5YU202",
        "source_team": "TJH5YU202",
        "user_profile": {
            "avatar_hash": "7f09da813e5b",
            "image_72": "https:\/\/avatars.slack-edge.com\/2020-01-01\/880554116721_7f09da813e5b80b5a0a0_72.jpg",
            "first_name": "",
            "real_name": "Cesar SysCtrl Software",
            "display_name": "Cesar SysCtrl Software",
            "team": "TJH5YU202",
            "name": "sysctrlsoftware",
            "is_restricted": false,
            "is_ultra_restricted": false
        },
        "blocks": [
            {
                "type": "rich_text",
                "block_id": "Wxy",
                "elements": [
                    {
                        "type": "rich_text_section",
                        "elements": [
                            {
                                "type": "text",
                                "text": "ok. Tanks Otto"
                            }
                        ]
                    }
                ]
            }
        ]
    },
    {
        "client_msg_id": "d703d171-dcce-4a8a-b3f7-33e243b136d2",
        "type": "message",
        "text": "good morning",
        "user": "UJHD6A81H",
        "ts": "1578640684.311400",
        "team": "TJH5YU202",
        "user_team": "TJH5YU202",
        "source_team": "TJH5YU202",
        "user_profile": {
            "avatar_hash": "g6b8073e00e9",
            "image_72": "https:\/\/secure.gravatar.com\/avatar\/b96b8073e00e9eb02bcf05bc1418eb3a.jpg?s=72&d=https%3A%2F%2Fa.slack-edge.com%2Fdf10d%2Fimg%2Favatars%2Fava_0021-72.png",
            "first_name": "Otto",
            "real_name": "Otto Atzwanger",
            "display_name": "Otto",
            "team": "TJH5YU202",
            "name": "otto",
            "is_restricted": false,
            "is_ultra_restricted": false
        },
        "blocks": [
            {
                "type": "rich_text",
                "block_id": "9jm",
                "elements": [
                    {
                        "type": "rich_text_section",
                        "elements": [
                            {
                                "type": "text",
                                "text": "good morning"
                            }
                        ]
                    }
                ]
            }
        ]
    },
    {
        "client_msg_id": "443a2db2-04e7-4d03-a75d-9099cfa9b06c",
        "type": "message",
        "text": "Now i have to create a lookup option. If you now enter an account number, you should be able to open the account dbf and search for the account there.",
        "user": "UJHD6A81H",
        "ts": "1578641087.311700",
        "team": "TJH5YU202",
        "user_team": "TJH5YU202",
        "source_team": "TJH5YU202",
        "user_profile": {
            "avatar_hash": "g6b8073e00e9",
            "image_72": "https:\/\/secure.gravatar.com\/avatar\/b96b8073e00e9eb02bcf05bc1418eb3a.jpg?s=72&d=https%3A%2F%2Fa.slack-edge.com%2Fdf10d%2Fimg%2Favatars%2Fava_0021-72.png",
            "first_name": "Otto",
            "real_name": "Otto Atzwanger",
            "display_name": "Otto",
            "team": "TJH5YU202",
            "name": "otto",
            "is_restricted": false,
            "is_ultra_restricted": false
        },
        "blocks": [
            {
                "type": "rich_text",
                "block_id": "fLRH",
                "elements": [
                    {
                        "type": "rich_text_section",
                        "elements": [
                            {
                                "type": "text",
                                "text": "Now i have to create a lookup option. If you now enter an account number, you should be able to open the account dbf and search for the account there."
                            }
                        ]
                    }
                ]
            }
        ]
    },
    {
        "type": "message",
        "text": "",
        "files": [
            {
                "id": "FSJNQ887R",
                "created": 1578641104,
                "timestamp": 1578641104,
                "name": "grafik.png",
                "title": "grafik.png",
                "mimetype": "image\/png",
                "filetype": "png",
                "pretty_type": "PNG",
                "user": "UJHD6A81H",
                "editable": false,
                "size": 71266,
                "mode": "hosted",
                "is_external": false,
                "external_type": "",
                "is_public": true,
                "public_url_shared": false,
                "display_as_bot": false,
                "username": "",
                "url_private": "https:\/\/files.slack.com\/files-pri\/TJH5YU202-FSJNQ887R\/grafik.png?t=xoxe-629202954002-950795328464-950341379620-2ca7f74bb6537751ea5666f8f5e8896e",
                "url_private_download": "https:\/\/files.slack.com\/files-pri\/TJH5YU202-FSJNQ887R\/download\/grafik.png?t=xoxe-629202954002-950795328464-950341379620-2ca7f74bb6537751ea5666f8f5e8896e",
                "thumb_64": "https:\/\/files.slack.com\/files-tmb\/TJH5YU202-FSJNQ887R-95e63310e6\/grafik_64.png?t=xoxe-629202954002-950795328464-950341379620-2ca7f74bb6537751ea5666f8f5e8896e",
                "thumb_80": "https:\/\/files.slack.com\/files-tmb\/TJH5YU202-FSJNQ887R-95e63310e6\/grafik_80.png?t=xoxe-629202954002-950795328464-950341379620-2ca7f74bb6537751ea5666f8f5e8896e",
                "thumb_360": "https:\/\/files.slack.com\/files-tmb\/TJH5YU202-FSJNQ887R-95e63310e6\/grafik_360.png?t=xoxe-629202954002-950795328464-950341379620-2ca7f74bb6537751ea5666f8f5e8896e",
                "thumb_360_w": 360,
                "thumb_360_h": 224,
                "thumb_480": "https:\/\/files.slack.com\/files-tmb\/TJH5YU202-FSJNQ887R-95e63310e6\/grafik_480.png?t=xoxe-629202954002-950795328464-950341379620-2ca7f74bb6537751ea5666f8f5e8896e",
                "thumb_480_w": 480,
                "thumb_480_h": 298,
                "thumb_160": "https:\/\/files.slack.com\/files-tmb\/TJH5YU202-FSJNQ887R-95e63310e6\/grafik_160.png?t=xoxe-629202954002-950795328464-950341379620-2ca7f74bb6537751ea5666f8f5e8896e",
                "thumb_720": "https:\/\/files.slack.com\/files-tmb\/TJH5YU202-FSJNQ887R-95e63310e6\/grafik_720.png?t=xoxe-629202954002-950795328464-950341379620-2ca7f74bb6537751ea5666f8f5e8896e",
                "thumb_720_w": 720,
                "thumb_720_h": 447,
                "thumb_800": "https:\/\/files.slack.com\/files-tmb\/TJH5YU202-FSJNQ887R-95e63310e6\/grafik_800.png?t=xoxe-629202954002-950795328464-950341379620-2ca7f74bb6537751ea5666f8f5e8896e",
                "thumb_800_w": 800,
                "thumb_800_h": 497,
                "thumb_960": "https:\/\/files.slack.com\/files-tmb\/TJH5YU202-FSJNQ887R-95e63310e6\/grafik_960.png?t=xoxe-629202954002-950795328464-950341379620-2ca7f74bb6537751ea5666f8f5e8896e",
                "thumb_960_w": 960,
                "thumb_960_h": 596,
                "thumb_1024": "https:\/\/files.slack.com\/files-tmb\/TJH5YU202-FSJNQ887R-95e63310e6\/grafik_1024.png?t=xoxe-629202954002-950795328464-950341379620-2ca7f74bb6537751ea5666f8f5e8896e",
                "thumb_1024_w": 1024,
                "thumb_1024_h": 636,
                "image_exif_rotation": 1,
                "original_w": 1382,
                "original_h": 858,
                "thumb_tiny": "AwAdADCQ6og\/5ZP+lW1m3AHY\/Iz0rAIrYjtVeNGLyDKg8PjtQgLQORnBH1qGeLzGB82ROMYU4pn2NP8AnpL\/AN91LHEIlwCxyc\/Mc09tgITbEf8ALzN\/31To4NrhvPlbHYtwan7Up6Hii7A509K34P8AUx\/7o\/lWKYf9r9K2YjiJB6KKQEtIV9KTd7UbvagA2+9KQenrSbvagHJoA\/\/Z",
                "permalink": "https:\/\/harbourproject.slack.com\/files\/UJHD6A81H\/FSJNQ887R\/grafik.png",
                "permalink_public": "https:\/\/slack-files.com\/TJH5YU202-FSJNQ887R-02cf78c29f",
                "is_starred": false,
                "has_rich_preview": false
            }
        ],
        "upload": true,
        "user": "UJHD6A81H",
        "display_as_bot": false,
        "ts": "1578641107.311800",
        "client_msg_id": "649dba9e-9233-4fe8-9d8a-39cc3ca00995"
    }
]