[
    {
        "client_msg_id": "786d03e2-88d9-4ce1-83f4-51f5d7ef8a88",
        "type": "message",
        "text": "navigate rows with KeyTable plugin",
        "user": "UJHD6A81H",
        "ts": "1578166918.190200",
        "team": "TJH5YU202",
        "user_team": "TJH5YU202",
        "source_team": "TJH5YU202",
        "user_profile": {
            "avatar_hash": "g6b8073e00e9",
            "image_72": "https:\/\/secure.gravatar.com\/avatar\/b96b8073e00e9eb02bcf05bc1418eb3a.jpg?s=72&d=https%3A%2F%2Fa.slack-edge.com%2Fdf10d%2Fimg%2Favatars%2Fava_0021-72.png",
            "first_name": "Otto",
            "real_name": "Otto Atzwanger",
            "display_name": "Otto",
            "team": "TJH5YU202",
            "name": "otto",
            "is_restricted": false,
            "is_ultra_restricted": false
        },
        "blocks": [
            {
                "type": "rich_text",
                "block_id": "lceJa",
                "elements": [
                    {
                        "type": "rich_text_section",
                        "elements": [
                            {
                                "type": "text",
                                "text": "navigate rows with KeyTable plugin"
                            }
                        ]
                    }
                ]
            }
        ]
    },
    {
        "type": "message",
        "text": "",
        "files": [
            {
                "id": "FS9FFHQ0M",
                "created": 1578166931,
                "timestamp": 1578166931,
                "name": "keyboardnavigation.gif",
                "title": "keyboardnavigation.gif",
                "mimetype": "image\/gif",
                "filetype": "gif",
                "pretty_type": "GIF",
                "user": "UJHD6A81H",
                "editable": false,
                "size": 949597,
                "mode": "hosted",
                "is_external": false,
                "external_type": "",
                "is_public": true,
                "public_url_shared": false,
                "display_as_bot": false,
                "username": "",
                "url_private": "https:\/\/files.slack.com\/files-pri\/TJH5YU202-FS9FFHQ0M\/keyboardnavigation.gif?t=xoxe-629202954002-950795328464-950341379620-2ca7f74bb6537751ea5666f8f5e8896e",
                "url_private_download": "https:\/\/files.slack.com\/files-pri\/TJH5YU202-FS9FFHQ0M\/download\/keyboardnavigation.gif?t=xoxe-629202954002-950795328464-950341379620-2ca7f74bb6537751ea5666f8f5e8896e",
                "thumb_64": "https:\/\/files.slack.com\/files-tmb\/TJH5YU202-FS9FFHQ0M-0052439c82\/keyboardnavigation_64.png?t=xoxe-629202954002-950795328464-950341379620-2ca7f74bb6537751ea5666f8f5e8896e",
                "thumb_80": "https:\/\/files.slack.com\/files-tmb\/TJH5YU202-FS9FFHQ0M-0052439c82\/keyboardnavigation_80.png?t=xoxe-629202954002-950795328464-950341379620-2ca7f74bb6537751ea5666f8f5e8896e",
                "thumb_360": "https:\/\/files.slack.com\/files-tmb\/TJH5YU202-FS9FFHQ0M-0052439c82\/keyboardnavigation_360.png?t=xoxe-629202954002-950795328464-950341379620-2ca7f74bb6537751ea5666f8f5e8896e",
                "thumb_360_w": 360,
                "thumb_360_h": 208,
                "thumb_480": "https:\/\/files.slack.com\/files-tmb\/TJH5YU202-FS9FFHQ0M-0052439c82\/keyboardnavigation_480.png?t=xoxe-629202954002-950795328464-950341379620-2ca7f74bb6537751ea5666f8f5e8896e",
                "thumb_480_w": 480,
                "thumb_480_h": 277,
                "thumb_160": "https:\/\/files.slack.com\/files-tmb\/TJH5YU202-FS9FFHQ0M-0052439c82\/keyboardnavigation_160.png?t=xoxe-629202954002-950795328464-950341379620-2ca7f74bb6537751ea5666f8f5e8896e",
                "thumb_720": "https:\/\/files.slack.com\/files-tmb\/TJH5YU202-FS9FFHQ0M-0052439c82\/keyboardnavigation_720.png?t=xoxe-629202954002-950795328464-950341379620-2ca7f74bb6537751ea5666f8f5e8896e",
                "thumb_720_w": 720,
                "thumb_720_h": 415,
                "thumb_800": "https:\/\/files.slack.com\/files-tmb\/TJH5YU202-FS9FFHQ0M-0052439c82\/keyboardnavigation_800.png?t=xoxe-629202954002-950795328464-950341379620-2ca7f74bb6537751ea5666f8f5e8896e",
                "thumb_800_w": 800,
                "thumb_800_h": 461,
                "thumb_960": "https:\/\/files.slack.com\/files-tmb\/TJH5YU202-FS9FFHQ0M-0052439c82\/keyboardnavigation_960.png?t=xoxe-629202954002-950795328464-950341379620-2ca7f74bb6537751ea5666f8f5e8896e",
                "thumb_960_w": 960,
                "thumb_960_h": 554,
                "thumb_1024": "https:\/\/files.slack.com\/files-tmb\/TJH5YU202-FS9FFHQ0M-0052439c82\/keyboardnavigation_1024.png?t=xoxe-629202954002-950795328464-950341379620-2ca7f74bb6537751ea5666f8f5e8896e",
                "thumb_1024_w": 1024,
                "thumb_1024_h": 590,
                "thumb_360_gif": "https:\/\/files.slack.com\/files-tmb\/TJH5YU202-FS9FFHQ0M-0052439c82\/keyboardnavigation_360.gif?t=xoxe-629202954002-950795328464-950341379620-2ca7f74bb6537751ea5666f8f5e8896e",
                "thumb_480_gif": "https:\/\/files.slack.com\/files-tmb\/TJH5YU202-FS9FFHQ0M-0052439c82\/keyboardnavigation_480.gif?t=xoxe-629202954002-950795328464-950341379620-2ca7f74bb6537751ea5666f8f5e8896e",
                "image_exif_rotation": 1,
                "original_w": 1644,
                "original_h": 948,
                "deanimate_gif": "https:\/\/files.slack.com\/files-tmb\/TJH5YU202-FS9FFHQ0M-0052439c82\/keyboardnavigation_deanimate_gif.png?t=xoxe-629202954002-950795328464-950341379620-2ca7f74bb6537751ea5666f8f5e8896e",
                "thumb_tiny": "AwAbADClGP3qf7wrVAnU5Cw\/99msqL\/Wx\/7w\/nW5hsH7tNARbro\/ww\/99Gl3XX92H\/vo1IAxH8NADY\/houBHuuv7sP8A30amj3lBvADd9vSm\/Ng9KeM45oYHPxf65P8AeH863s8GsqOFBIpA7jvWrmkAoOBRngUmaKADPBp1NpQaAP\/Z",
                "permalink": "https:\/\/harbourproject.slack.com\/files\/UJHD6A81H\/FS9FFHQ0M\/keyboardnavigation.gif",
                "permalink_public": "https:\/\/slack-files.com\/TJH5YU202-FS9FFHQ0M-dd5390b825",
                "is_starred": false,
                "has_rich_preview": false
            }
        ],
        "upload": true,
        "user": "UJHD6A81H",
        "display_as_bot": false,
        "ts": "1578166961.190300",
        "client_msg_id": "1884b4bd-9a52-4474-92b3-049f0632db0e"
    }
]