[
    {
        "client_msg_id": "5ae3310d-e821-4ce6-a243-17499660d417",
        "type": "message",
        "text": "I sent you the file. Please unzip to drive and start AUTOCODE\\adc.EXE.\nSelect your line of code, copy this code to clipboard (CTRL+C) and click in AUTOCODE on \"paste\" .",
        "user": "UJHD6A81H",
        "ts": "1579336195.014800",
        "team": "TJH5YU202",
        "user_team": "TJH5YU202",
        "source_team": "TJH5YU202",
        "user_profile": {
            "avatar_hash": "g6b8073e00e9",
            "image_72": "https:\/\/secure.gravatar.com\/avatar\/b96b8073e00e9eb02bcf05bc1418eb3a.jpg?s=72&d=https%3A%2F%2Fa.slack-edge.com%2Fdf10d%2Fimg%2Favatars%2Fava_0021-72.png",
            "first_name": "Otto",
            "real_name": "Otto Atzwanger",
            "display_name": "Otto",
            "team": "TJH5YU202",
            "name": "otto",
            "is_restricted": false,
            "is_ultra_restricted": false
        },
        "blocks": [
            {
                "type": "rich_text",
                "block_id": "PErUI",
                "elements": [
                    {
                        "type": "rich_text_section",
                        "elements": [
                            {
                                "type": "text",
                                "text": "I sent you the file. Please unzip to drive and start AUTOCODE\\adc.EXE.\nSelect your line of code, copy this code to clipboard (CTRL+C) and click in AUTOCODE on \"paste\" ."
                            }
                        ]
                    }
                ]
            }
        ]
    },
    {
        "type": "message",
        "text": "",
        "files": [
            {
                "id": "FSFASEHB4",
                "created": 1579336475,
                "timestamp": 1579336475,
                "name": "grafik.png",
                "title": "grafik.png",
                "mimetype": "image\/png",
                "filetype": "png",
                "pretty_type": "PNG",
                "user": "UJHD6A81H",
                "editable": false,
                "size": 21879,
                "mode": "hosted",
                "is_external": false,
                "external_type": "",
                "is_public": true,
                "public_url_shared": false,
                "display_as_bot": false,
                "username": "",
                "url_private": "https:\/\/files.slack.com\/files-pri\/TJH5YU202-FSFASEHB4\/grafik.png?t=xoxe-629202954002-950795328464-950341379620-2ca7f74bb6537751ea5666f8f5e8896e",
                "url_private_download": "https:\/\/files.slack.com\/files-pri\/TJH5YU202-FSFASEHB4\/download\/grafik.png?t=xoxe-629202954002-950795328464-950341379620-2ca7f74bb6537751ea5666f8f5e8896e",
                "thumb_64": "https:\/\/files.slack.com\/files-tmb\/TJH5YU202-FSFASEHB4-07349e2f5c\/grafik_64.png?t=xoxe-629202954002-950795328464-950341379620-2ca7f74bb6537751ea5666f8f5e8896e",
                "thumb_80": "https:\/\/files.slack.com\/files-tmb\/TJH5YU202-FSFASEHB4-07349e2f5c\/grafik_80.png?t=xoxe-629202954002-950795328464-950341379620-2ca7f74bb6537751ea5666f8f5e8896e",
                "thumb_360": "https:\/\/files.slack.com\/files-tmb\/TJH5YU202-FSFASEHB4-07349e2f5c\/grafik_360.png?t=xoxe-629202954002-950795328464-950341379620-2ca7f74bb6537751ea5666f8f5e8896e",
                "thumb_360_w": 360,
                "thumb_360_h": 188,
                "thumb_480": "https:\/\/files.slack.com\/files-tmb\/TJH5YU202-FSFASEHB4-07349e2f5c\/grafik_480.png?t=xoxe-629202954002-950795328464-950341379620-2ca7f74bb6537751ea5666f8f5e8896e",
                "thumb_480_w": 480,
                "thumb_480_h": 251,
                "thumb_160": "https:\/\/files.slack.com\/files-tmb\/TJH5YU202-FSFASEHB4-07349e2f5c\/grafik_160.png?t=xoxe-629202954002-950795328464-950341379620-2ca7f74bb6537751ea5666f8f5e8896e",
                "thumb_720": "https:\/\/files.slack.com\/files-tmb\/TJH5YU202-FSFASEHB4-07349e2f5c\/grafik_720.png?t=xoxe-629202954002-950795328464-950341379620-2ca7f74bb6537751ea5666f8f5e8896e",
                "thumb_720_w": 720,
                "thumb_720_h": 377,
                "thumb_800": "https:\/\/files.slack.com\/files-tmb\/TJH5YU202-FSFASEHB4-07349e2f5c\/grafik_800.png?t=xoxe-629202954002-950795328464-950341379620-2ca7f74bb6537751ea5666f8f5e8896e",
                "thumb_800_w": 800,
                "thumb_800_h": 418,
                "image_exif_rotation": 1,
                "original_w": 887,
                "original_h": 464,
                "thumb_tiny": "AwAZADDROOnFKKO9J3\/+vQA6ikzRn6UAIXA7GlDA+tGPYUoHtigCqbhieFAHvR57\/wB0flVqir5l2Js+5BHI791X8Kf8395fyqSipbHYQHjkjPtRketLRSGf\/9k=",
                "permalink": "https:\/\/harbourproject.slack.com\/files\/UJHD6A81H\/FSFASEHB4\/grafik.png",
                "permalink_public": "https:\/\/slack-files.com\/TJH5YU202-FSFASEHB4-4fcd527093",
                "is_starred": false,
                "has_rich_preview": false
            }
        ],
        "upload": true,
        "user": "UJHD6A81H",
        "display_as_bot": false,
        "ts": "1579336479.014900",
        "client_msg_id": "ea913e1d-2083-43e1-8b1e-ad826cc9e140"
    },
    {
        "type": "message",
        "text": "",
        "files": [
            {
                "id": "FSW0A0ST1",
                "created": 1579336498,
                "timestamp": 1579336498,
                "name": "grafik.png",
                "title": "grafik.png",
                "mimetype": "image\/png",
                "filetype": "png",
                "pretty_type": "PNG",
                "user": "UJHD6A81H",
                "editable": false,
                "size": 75719,
                "mode": "hosted",
                "is_external": false,
                "external_type": "",
                "is_public": true,
                "public_url_shared": false,
                "display_as_bot": false,
                "username": "",
                "url_private": "https:\/\/files.slack.com\/files-pri\/TJH5YU202-FSW0A0ST1\/grafik.png?t=xoxe-629202954002-950795328464-950341379620-2ca7f74bb6537751ea5666f8f5e8896e",
                "url_private_download": "https:\/\/files.slack.com\/files-pri\/TJH5YU202-FSW0A0ST1\/download\/grafik.png?t=xoxe-629202954002-950795328464-950341379620-2ca7f74bb6537751ea5666f8f5e8896e",
                "thumb_64": "https:\/\/files.slack.com\/files-tmb\/TJH5YU202-FSW0A0ST1-62050b96f8\/grafik_64.png?t=xoxe-629202954002-950795328464-950341379620-2ca7f74bb6537751ea5666f8f5e8896e",
                "thumb_80": "https:\/\/files.slack.com\/files-tmb\/TJH5YU202-FSW0A0ST1-62050b96f8\/grafik_80.png?t=xoxe-629202954002-950795328464-950341379620-2ca7f74bb6537751ea5666f8f5e8896e",
                "thumb_360": "https:\/\/files.slack.com\/files-tmb\/TJH5YU202-FSW0A0ST1-62050b96f8\/grafik_360.png?t=xoxe-629202954002-950795328464-950341379620-2ca7f74bb6537751ea5666f8f5e8896e",
                "thumb_360_w": 360,
                "thumb_360_h": 316,
                "thumb_480": "https:\/\/files.slack.com\/files-tmb\/TJH5YU202-FSW0A0ST1-62050b96f8\/grafik_480.png?t=xoxe-629202954002-950795328464-950341379620-2ca7f74bb6537751ea5666f8f5e8896e",
                "thumb_480_w": 480,
                "thumb_480_h": 421,
                "thumb_160": "https:\/\/files.slack.com\/files-tmb\/TJH5YU202-FSW0A0ST1-62050b96f8\/grafik_160.png?t=xoxe-629202954002-950795328464-950341379620-2ca7f74bb6537751ea5666f8f5e8896e",
                "thumb_720": "https:\/\/files.slack.com\/files-tmb\/TJH5YU202-FSW0A0ST1-62050b96f8\/grafik_720.png?t=xoxe-629202954002-950795328464-950341379620-2ca7f74bb6537751ea5666f8f5e8896e",
                "thumb_720_w": 720,
                "thumb_720_h": 632,
                "thumb_800": "https:\/\/files.slack.com\/files-tmb\/TJH5YU202-FSW0A0ST1-62050b96f8\/grafik_800.png?t=xoxe-629202954002-950795328464-950341379620-2ca7f74bb6537751ea5666f8f5e8896e",
                "thumb_800_w": 800,
                "thumb_800_h": 702,
                "thumb_960": "https:\/\/files.slack.com\/files-tmb\/TJH5YU202-FSW0A0ST1-62050b96f8\/grafik_960.png?t=xoxe-629202954002-950795328464-950341379620-2ca7f74bb6537751ea5666f8f5e8896e",
                "thumb_960_w": 960,
                "thumb_960_h": 843,
                "thumb_1024": "https:\/\/files.slack.com\/files-tmb\/TJH5YU202-FSW0A0ST1-62050b96f8\/grafik_1024.png?t=xoxe-629202954002-950795328464-950341379620-2ca7f74bb6537751ea5666f8f5e8896e",
                "thumb_1024_w": 1024,
                "thumb_1024_h": 899,
                "image_exif_rotation": 1,
                "original_w": 1220,
                "original_h": 1071,
                "thumb_tiny": "AwAqADDSpaSloAKjOQ3A61JTD1FAAC2Ogo5JGQKUdKO9AEX2hPfH0pVmVjhQc\/hTyo9AKUKvt+VVdE2YmT\/dP6UH7wp3HtTT1FSUKKKByKKAE3qe9AYev6U2pFoAbvX1pD1FSU2gAHSiiigD\/9k=",
                "permalink": "https:\/\/harbourproject.slack.com\/files\/UJHD6A81H\/FSW0A0ST1\/grafik.png",
                "permalink_public": "https:\/\/slack-files.com\/TJH5YU202-FSW0A0ST1-e6eaea2dd6",
                "is_starred": false,
                "has_rich_preview": false
            }
        ],
        "upload": true,
        "user": "UJHD6A81H",
        "display_as_bot": false,
        "ts": "1579336503.015200",
        "client_msg_id": "61b73d09-de27-4cfb-a138-082389757e74"
    },
    {
        "client_msg_id": "1992d6c0-1307-4385-a9eb-a1c2865ecac3",
        "type": "message",
        "text": "_Does someone know how to make a combined input and select field?_\n_Andreu'); DROP TABLE users; --  11:15 Uhr_\n_There's no built-in way to do that_\n_11:16 Uhr_\n_The easiest way would be to have an \"other\" option that enables an input field_\n_although I'm sure you can find query ui or bootstrap plugins to build that up_\nThank you. I found a solution. Please test _*Titel*_-field. \n<https:\/\/winhotel.space\/mm\/test.prg>",
        "user": "UJHD6A81H",
        "ts": "1579388873.015800",
        "team": "TJH5YU202",
        "user_team": "TJH5YU202",
        "source_team": "TJH5YU202",
        "user_profile": {
            "avatar_hash": "g6b8073e00e9",
            "image_72": "https:\/\/secure.gravatar.com\/avatar\/b96b8073e00e9eb02bcf05bc1418eb3a.jpg?s=72&d=https%3A%2F%2Fa.slack-edge.com%2Fdf10d%2Fimg%2Favatars%2Fava_0021-72.png",
            "first_name": "Otto",
            "real_name": "Otto Atzwanger",
            "display_name": "Otto",
            "team": "TJH5YU202",
            "name": "otto",
            "is_restricted": false,
            "is_ultra_restricted": false
        },
        "blocks": [
            {
                "type": "rich_text",
                "block_id": "l8x",
                "elements": [
                    {
                        "type": "rich_text_section",
                        "elements": [
                            {
                                "type": "text",
                                "text": "Does someone know how to make a combined input and select field?",
                                "style": {
                                    "italic": true
                                }
                            },
                            {
                                "type": "text",
                                "text": "\n"
                            },
                            {
                                "type": "text",
                                "text": "Andreu'); DROP TABLE users; --  11:15 Uhr",
                                "style": {
                                    "italic": true
                                }
                            },
                            {
                                "type": "text",
                                "text": "\n"
                            },
                            {
                                "type": "text",
                                "text": "There's no built-in way to do that",
                                "style": {
                                    "italic": true
                                }
                            },
                            {
                                "type": "text",
                                "text": "\n"
                            },
                            {
                                "type": "text",
                                "text": "11:16 Uhr",
                                "style": {
                                    "italic": true
                                }
                            },
                            {
                                "type": "text",
                                "text": "\n"
                            },
                            {
                                "type": "text",
                                "text": "The easiest way would be to have an \"other\" option that enables an input field",
                                "style": {
                                    "italic": true
                                }
                            },
                            {
                                "type": "text",
                                "text": "\n"
                            },
                            {
                                "type": "text",
                                "text": "although I'm sure you can find query ui or bootstrap plugins to build that up",
                                "style": {
                                    "italic": true
                                }
                            },
                            {
                                "type": "text",
                                "text": "\nThank you. I found a solution. Please test "
                            },
                            {
                                "type": "text",
                                "text": "Titel",
                                "style": {
                                    "bold": true,
                                    "italic": true
                                }
                            },
                            {
                                "type": "text",
                                "text": "-field. \n"
                            },
                            {
                                "type": "link",
                                "url": "https:\/\/winhotel.space\/mm\/test.prg"
                            }
                        ]
                    }
                ]
            }
        ]
    },
    {
        "client_msg_id": "24f0cd8f-72b6-489b-9bd4-ea148112573a",
        "type": "message",
        "text": "Select works only for the first time. Reloading the form keeps select invisible. Is that intended behaviour ?",
        "user": "UM81W8B0Q",
        "ts": "1579391495.016800",
        "team": "TJH5YU202",
        "user_team": "TJH5YU202",
        "source_team": "TJH5YU202",
        "user_profile": {
            "avatar_hash": "gab9279ee8c0",
            "image_72": "https:\/\/secure.gravatar.com\/avatar\/73ab9279ee8c00f66ce4904d30146c8f.jpg?s=72&d=https%3A%2F%2Fa.slack-edge.com%2Fdf10d%2Fimg%2Favatars%2Fava_0010-72.png",
            "first_name": "",
            "real_name": "Angel Pais",
            "display_name": "Angel Pais",
            "team": "TJH5YU202",
            "name": "amigosam",
            "is_restricted": false,
            "is_ultra_restricted": false
        },
        "blocks": [
            {
                "type": "rich_text",
                "block_id": "RKmQ",
                "elements": [
                    {
                        "type": "rich_text_section",
                        "elements": [
                            {
                                "type": "text",
                                "text": "Select works only for the first time. Reloading the form keeps select invisible. Is that intended behaviour ?"
                            }
                        ]
                    }
                ]
            }
        ]
    },
    {
        "client_msg_id": "cc7fd758-de1b-49d7-bd60-54117242b480",
        "type": "message",
        "text": "Angel, thank you for testing. What do you mean precisely by that?",
        "user": "UJHD6A81H",
        "ts": "1579393205.017500",
        "team": "TJH5YU202",
        "user_team": "TJH5YU202",
        "source_team": "TJH5YU202",
        "user_profile": {
            "avatar_hash": "g6b8073e00e9",
            "image_72": "https:\/\/secure.gravatar.com\/avatar\/b96b8073e00e9eb02bcf05bc1418eb3a.jpg?s=72&d=https%3A%2F%2Fa.slack-edge.com%2Fdf10d%2Fimg%2Favatars%2Fava_0021-72.png",
            "first_name": "Otto",
            "real_name": "Otto Atzwanger",
            "display_name": "Otto",
            "team": "TJH5YU202",
            "name": "otto",
            "is_restricted": false,
            "is_ultra_restricted": false
        },
        "blocks": [
            {
                "type": "rich_text",
                "block_id": "FoRIv",
                "elements": [
                    {
                        "type": "rich_text_section",
                        "elements": [
                            {
                                "type": "text",
                                "text": "Angel, thank you for testing. What do you mean precisely by that?"
                            }
                        ]
                    }
                ]
            }
        ]
    },
    {
        "client_msg_id": "1cc0ea8a-03a6-49e3-8d55-eb8a30eb0091",
        "type": "message",
        "text": "First time you get there Title is an imput field that looks like a combo box",
        "user": "UM81W8B0Q",
        "ts": "1579393427.018600",
        "team": "TJH5YU202",
        "user_team": "TJH5YU202",
        "source_team": "TJH5YU202",
        "user_profile": {
            "avatar_hash": "gab9279ee8c0",
            "image_72": "https:\/\/secure.gravatar.com\/avatar\/73ab9279ee8c00f66ce4904d30146c8f.jpg?s=72&d=https%3A%2F%2Fa.slack-edge.com%2Fdf10d%2Fimg%2Favatars%2Fava_0010-72.png",
            "first_name": "",
            "real_name": "Angel Pais",
            "display_name": "Angel Pais",
            "team": "TJH5YU202",
            "name": "amigosam",
            "is_restricted": false,
            "is_ultra_restricted": false
        },
        "blocks": [
            {
                "type": "rich_text",
                "block_id": "ZcBav",
                "elements": [
                    {
                        "type": "rich_text_section",
                        "elements": [
                            {
                                "type": "text",
                                "text": "First time you get there Title is an imput field that looks like a combo box"
                            }
                        ]
                    }
                ]
            }
        ]
    },
    {
        "client_msg_id": "0df8be82-b482-4a62-bf5d-874b9b940844",
        "type": "message",
        "text": "You click on it select an option and the right arrow disappeard",
        "user": "UM81W8B0Q",
        "ts": "1579393451.019200",
        "team": "TJH5YU202",
        "user_team": "TJH5YU202",
        "source_team": "TJH5YU202",
        "user_profile": {
            "avatar_hash": "gab9279ee8c0",
            "image_72": "https:\/\/secure.gravatar.com\/avatar\/73ab9279ee8c00f66ce4904d30146c8f.jpg?s=72&d=https%3A%2F%2Fa.slack-edge.com%2Fdf10d%2Fimg%2Favatars%2Fava_0010-72.png",
            "first_name": "",
            "real_name": "Angel Pais",
            "display_name": "Angel Pais",
            "team": "TJH5YU202",
            "name": "amigosam",
            "is_restricted": false,
            "is_ultra_restricted": false
        },
        "blocks": [
            {
                "type": "rich_text",
                "block_id": "D\/db",
                "elements": [
                    {
                        "type": "rich_text_section",
                        "elements": [
                            {
                                "type": "text",
                                "text": "You click on it select an option and the right arrow disappeard"
                            }
                        ]
                    }
                ]
            }
        ]
    },
    {
        "client_msg_id": "42ed0b52-56ec-4ab5-9f12-7c23be028d71",
        "type": "message",
        "text": "And it never shows again even reloding the page",
        "user": "UM81W8B0Q",
        "ts": "1579393476.019800",
        "team": "TJH5YU202",
        "user_team": "TJH5YU202",
        "source_team": "TJH5YU202",
        "user_profile": {
            "avatar_hash": "gab9279ee8c0",
            "image_72": "https:\/\/secure.gravatar.com\/avatar\/73ab9279ee8c00f66ce4904d30146c8f.jpg?s=72&d=https%3A%2F%2Fa.slack-edge.com%2Fdf10d%2Fimg%2Favatars%2Fava_0010-72.png",
            "first_name": "",
            "real_name": "Angel Pais",
            "display_name": "Angel Pais",
            "team": "TJH5YU202",
            "name": "amigosam",
            "is_restricted": false,
            "is_ultra_restricted": false
        },
        "blocks": [
            {
                "type": "rich_text",
                "block_id": "JCs",
                "elements": [
                    {
                        "type": "rich_text_section",
                        "elements": [
                            {
                                "type": "text",
                                "text": "And it never shows again even reloding the page"
                            }
                        ]
                    }
                ]
            }
        ]
    },
    {
        "client_msg_id": "e9d8c1aa-5c07-436a-9a65-66665ded9ec1",
        "type": "message",
        "text": "Angel, which browser do you use?",
        "user": "UJHD6A81H",
        "ts": "1579393643.020200",
        "team": "TJH5YU202",
        "user_team": "TJH5YU202",
        "source_team": "TJH5YU202",
        "user_profile": {
            "avatar_hash": "g6b8073e00e9",
            "image_72": "https:\/\/secure.gravatar.com\/avatar\/b96b8073e00e9eb02bcf05bc1418eb3a.jpg?s=72&d=https%3A%2F%2Fa.slack-edge.com%2Fdf10d%2Fimg%2Favatars%2Fava_0021-72.png",
            "first_name": "Otto",
            "real_name": "Otto Atzwanger",
            "display_name": "Otto",
            "team": "TJH5YU202",
            "name": "otto",
            "is_restricted": false,
            "is_ultra_restricted": false
        },
        "blocks": [
            {
                "type": "rich_text",
                "block_id": "y9K4J",
                "elements": [
                    {
                        "type": "rich_text_section",
                        "elements": [
                            {
                                "type": "text",
                                "text": "Angel, which browser do you use?"
                            }
                        ]
                    }
                ]
            }
        ]
    },
    {
        "client_msg_id": "a0d77a02-76ec-4087-86cd-70ba7daa1d4b",
        "type": "message",
        "text": "firefox",
        "user": "UM81W8B0Q",
        "ts": "1579393664.020400",
        "team": "TJH5YU202",
        "user_team": "TJH5YU202",
        "source_team": "TJH5YU202",
        "user_profile": {
            "avatar_hash": "gab9279ee8c0",
            "image_72": "https:\/\/secure.gravatar.com\/avatar\/73ab9279ee8c00f66ce4904d30146c8f.jpg?s=72&d=https%3A%2F%2Fa.slack-edge.com%2Fdf10d%2Fimg%2Favatars%2Fava_0010-72.png",
            "first_name": "",
            "real_name": "Angel Pais",
            "display_name": "Angel Pais",
            "team": "TJH5YU202",
            "name": "amigosam",
            "is_restricted": false,
            "is_ultra_restricted": false
        },
        "blocks": [
            {
                "type": "rich_text",
                "block_id": "=dew",
                "elements": [
                    {
                        "type": "rich_text_section",
                        "elements": [
                            {
                                "type": "text",
                                "text": "firefox"
                            }
                        ]
                    }
                ]
            }
        ]
    },
    {
        "client_msg_id": "e5d683cb-e71e-4f66-a79d-e8b166fbd67a",
        "type": "message",
        "text": "let me test it on chrome",
        "user": "UM81W8B0Q",
        "ts": "1579393679.020700",
        "team": "TJH5YU202",
        "user_team": "TJH5YU202",
        "source_team": "TJH5YU202",
        "user_profile": {
            "avatar_hash": "gab9279ee8c0",
            "image_72": "https:\/\/secure.gravatar.com\/avatar\/73ab9279ee8c00f66ce4904d30146c8f.jpg?s=72&d=https%3A%2F%2Fa.slack-edge.com%2Fdf10d%2Fimg%2Favatars%2Fava_0010-72.png",
            "first_name": "",
            "real_name": "Angel Pais",
            "display_name": "Angel Pais",
            "team": "TJH5YU202",
            "name": "amigosam",
            "is_restricted": false,
            "is_ultra_restricted": false
        },
        "blocks": [
            {
                "type": "rich_text",
                "block_id": "65t",
                "elements": [
                    {
                        "type": "rich_text_section",
                        "elements": [
                            {
                                "type": "text",
                                "text": "let me test it on chrome"
                            }
                        ]
                    }
                ]
            }
        ]
    },
    {
        "client_msg_id": "63e5b56d-95ac-4ff5-aa1d-0732276222f7",
        "type": "message",
        "text": "It only search if you insert a letter which is in the select box",
        "user": "UJHD6A81H",
        "ts": "1579394058.021300",
        "team": "TJH5YU202",
        "user_team": "TJH5YU202",
        "source_team": "TJH5YU202",
        "user_profile": {
            "avatar_hash": "g6b8073e00e9",
            "image_72": "https:\/\/secure.gravatar.com\/avatar\/b96b8073e00e9eb02bcf05bc1418eb3a.jpg?s=72&d=https%3A%2F%2Fa.slack-edge.com%2Fdf10d%2Fimg%2Favatars%2Fava_0021-72.png",
            "first_name": "Otto",
            "real_name": "Otto Atzwanger",
            "display_name": "Otto",
            "team": "TJH5YU202",
            "name": "otto",
            "is_restricted": false,
            "is_ultra_restricted": false
        },
        "blocks": [
            {
                "type": "rich_text",
                "block_id": "HayZS",
                "elements": [
                    {
                        "type": "rich_text_section",
                        "elements": [
                            {
                                "type": "text",
                                "text": "It only search if you insert a letter which is in the select box"
                            }
                        ]
                    }
                ]
            }
        ]
    },
    {
        "client_msg_id": "2f74d02a-ef77-4a3c-a2a5-f07edd671056",
        "type": "message",
        "text": "&lt;option value=\"B.A.\"&gt;BA&lt;\/option&gt;\n        &lt;option value=\"DI\"&gt;DI&lt;\/option&gt;\n        &lt;option value=\"Mag.\"&gt;Mag.&lt;\/option&gt;\n        &lt;option value=\"Dr\"&gt;Dr.&lt;\/option&gt;\n        &lt;option value=\"MA\"&gt;MA&lt;\/option&gt;\n        &lt;option value=\"PhD\"&gt;PhD&lt;\/option&gt;\n        &lt;option value=\"Ing.\"&gt;Ing.&lt;\/option&gt;",
        "user": "UJHD6A81H",
        "ts": "1579394060.021500",
        "team": "TJH5YU202",
        "user_team": "TJH5YU202",
        "source_team": "TJH5YU202",
        "user_profile": {
            "avatar_hash": "g6b8073e00e9",
            "image_72": "https:\/\/secure.gravatar.com\/avatar\/b96b8073e00e9eb02bcf05bc1418eb3a.jpg?s=72&d=https%3A%2F%2Fa.slack-edge.com%2Fdf10d%2Fimg%2Favatars%2Fava_0021-72.png",
            "first_name": "Otto",
            "real_name": "Otto Atzwanger",
            "display_name": "Otto",
            "team": "TJH5YU202",
            "name": "otto",
            "is_restricted": false,
            "is_ultra_restricted": false
        },
        "blocks": [
            {
                "type": "rich_text",
                "block_id": "jDj",
                "elements": [
                    {
                        "type": "rich_text_section",
                        "elements": [
                            {
                                "type": "text",
                                "text": "<option value=\"B.A.\">BA<\/option>\n        <option value=\"DI\">DI<\/option>\n        <option value=\"Mag.\">Mag.<\/option>\n        <option value=\"Dr\">Dr.<\/option>\n        <option value=\"MA\">MA<\/option>\n        <option value=\"PhD\">PhD<\/option>\n        <option value=\"Ing.\">Ing.<\/option>"
                            }
                        ]
                    }
                ]
            }
        ]
    },
    {
        "client_msg_id": "56c7ccd9-61ec-4535-a3e8-099b80a6496f",
        "type": "message",
        "text": "not on firefox",
        "user": "UM81W8B0Q",
        "ts": "1579394164.021700",
        "team": "TJH5YU202",
        "user_team": "TJH5YU202",
        "source_team": "TJH5YU202",
        "user_profile": {
            "avatar_hash": "gab9279ee8c0",
            "image_72": "https:\/\/secure.gravatar.com\/avatar\/73ab9279ee8c00f66ce4904d30146c8f.jpg?s=72&d=https%3A%2F%2Fa.slack-edge.com%2Fdf10d%2Fimg%2Favatars%2Fava_0010-72.png",
            "first_name": "",
            "real_name": "Angel Pais",
            "display_name": "Angel Pais",
            "team": "TJH5YU202",
            "name": "amigosam",
            "is_restricted": false,
            "is_ultra_restricted": false
        },
        "blocks": [
            {
                "type": "rich_text",
                "block_id": "e+6y",
                "elements": [
                    {
                        "type": "rich_text_section",
                        "elements": [
                            {
                                "type": "text",
                                "text": "not on firefox"
                            }
                        ]
                    }
                ]
            }
        ]
    },
    {
        "client_msg_id": "7d1882cc-a520-497e-a28e-50201cacbab9",
        "type": "message",
        "text": "on firefox first time it shows a button with a down arrow",
        "user": "UM81W8B0Q",
        "ts": "1579394212.022300",
        "team": "TJH5YU202",
        "user_team": "TJH5YU202",
        "source_team": "TJH5YU202",
        "user_profile": {
            "avatar_hash": "gab9279ee8c0",
            "image_72": "https:\/\/secure.gravatar.com\/avatar\/73ab9279ee8c00f66ce4904d30146c8f.jpg?s=72&d=https%3A%2F%2Fa.slack-edge.com%2Fdf10d%2Fimg%2Favatars%2Fava_0010-72.png",
            "first_name": "",
            "real_name": "Angel Pais",
            "display_name": "Angel Pais",
            "team": "TJH5YU202",
            "name": "amigosam",
            "is_restricted": false,
            "is_ultra_restricted": false
        },
        "blocks": [
            {
                "type": "rich_text",
                "block_id": "pbs",
                "elements": [
                    {
                        "type": "rich_text_section",
                        "elements": [
                            {
                                "type": "text",
                                "text": "on firefox first time it shows a button with a down arrow"
                            }
                        ]
                    }
                ]
            }
        ]
    },
    {
        "client_msg_id": "78a7f936-3203-4e50-bf9c-132de34e56a6",
        "type": "message",
        "text": "but only the first time",
        "user": "UM81W8B0Q",
        "ts": "1579394223.022500",
        "team": "TJH5YU202",
        "user_team": "TJH5YU202",
        "source_team": "TJH5YU202",
        "user_profile": {
            "avatar_hash": "gab9279ee8c0",
            "image_72": "https:\/\/secure.gravatar.com\/avatar\/73ab9279ee8c00f66ce4904d30146c8f.jpg?s=72&d=https%3A%2F%2Fa.slack-edge.com%2Fdf10d%2Fimg%2Favatars%2Fava_0010-72.png",
            "first_name": "",
            "real_name": "Angel Pais",
            "display_name": "Angel Pais",
            "team": "TJH5YU202",
            "name": "amigosam",
            "is_restricted": false,
            "is_ultra_restricted": false
        },
        "blocks": [
            {
                "type": "rich_text",
                "block_id": "qpvB",
                "elements": [
                    {
                        "type": "rich_text_section",
                        "elements": [
                            {
                                "type": "text",
                                "text": "but only the first time"
                            }
                        ]
                    }
                ]
            }
        ]
    },
    {
        "client_msg_id": "defb134c-d5bf-4b7b-b016-5b9125d5f15c",
        "type": "message",
        "text": "I tought it was intended behaviour",
        "user": "UM81W8B0Q",
        "ts": "1579394242.022900",
        "team": "TJH5YU202",
        "user_team": "TJH5YU202",
        "source_team": "TJH5YU202",
        "user_profile": {
            "avatar_hash": "gab9279ee8c0",
            "image_72": "https:\/\/secure.gravatar.com\/avatar\/73ab9279ee8c00f66ce4904d30146c8f.jpg?s=72&d=https%3A%2F%2Fa.slack-edge.com%2Fdf10d%2Fimg%2Favatars%2Fava_0010-72.png",
            "first_name": "",
            "real_name": "Angel Pais",
            "display_name": "Angel Pais",
            "team": "TJH5YU202",
            "name": "amigosam",
            "is_restricted": false,
            "is_ultra_restricted": false
        },
        "blocks": [
            {
                "type": "rich_text",
                "block_id": "Mk+",
                "elements": [
                    {
                        "type": "rich_text_section",
                        "elements": [
                            {
                                "type": "text",
                                "text": "I tought it was intended behaviour"
                            }
                        ]
                    }
                ]
            }
        ]
    }
]