[
    {
        "client_msg_id": "90d000cb-edcb-4aa2-a210-5def4d3211cb",
        "type": "message",
        "text": "buenos dias a todos",
        "user": "UJXP7LS78",
        "ts": "1579868886.006800",
        "team": "TJH5YU202",
        "user_team": "TJH5YU202",
        "source_team": "TJH5YU202",
        "user_profile": {
            "avatar_hash": "gc4a0baebb72",
            "image_72": "https:\/\/secure.gravatar.com\/avatar\/a1c4a0baebb720b97e5a197259dbf409.jpg?s=72&d=https%3A%2F%2Fa.slack-edge.com%2Fdf10d%2Fimg%2Favatars%2Fava_0007-72.png",
            "first_name": "",
            "real_name": "wilson gamboa",
            "display_name": "wilson gamboa",
            "team": "TJH5YU202",
            "name": "wilson.josenet",
            "is_restricted": false,
            "is_ultra_restricted": false
        },
        "blocks": [
            {
                "type": "rich_text",
                "block_id": "8EL",
                "elements": [
                    {
                        "type": "rich_text_section",
                        "elements": [
                            {
                                "type": "text",
                                "text": "buenos dias a todos"
                            }
                        ]
                    }
                ]
            }
        ]
    },
    {
        "client_msg_id": "7355c020-70e6-4c5c-a251-dd02ee5f11ae",
        "type": "message",
        "text": "como decimos en mi pais se vienen cambios !!",
        "user": "UJXP7LS78",
        "ts": "1579868897.007100",
        "team": "TJH5YU202",
        "user_team": "TJH5YU202",
        "source_team": "TJH5YU202",
        "user_profile": {
            "avatar_hash": "gc4a0baebb72",
            "image_72": "https:\/\/secure.gravatar.com\/avatar\/a1c4a0baebb720b97e5a197259dbf409.jpg?s=72&d=https%3A%2F%2Fa.slack-edge.com%2Fdf10d%2Fimg%2Favatars%2Fava_0007-72.png",
            "first_name": "",
            "real_name": "wilson gamboa",
            "display_name": "wilson gamboa",
            "team": "TJH5YU202",
            "name": "wilson.josenet",
            "is_restricted": false,
            "is_ultra_restricted": false
        },
        "blocks": [
            {
                "type": "rich_text",
                "block_id": "42bSD",
                "elements": [
                    {
                        "type": "rich_text_section",
                        "elements": [
                            {
                                "type": "text",
                                "text": "como decimos en mi pais se vienen cambios !!"
                            }
                        ]
                    }
                ]
            }
        ]
    },
    {
        "client_msg_id": "be77650e-4c63-4ad2-a38e-0691e0b0f610",
        "type": "message",
        "text": "a ver que nos depara este dia",
        "user": "UJXP7LS78",
        "ts": "1579868905.007300",
        "team": "TJH5YU202",
        "user_team": "TJH5YU202",
        "source_team": "TJH5YU202",
        "user_profile": {
            "avatar_hash": "gc4a0baebb72",
            "image_72": "https:\/\/secure.gravatar.com\/avatar\/a1c4a0baebb720b97e5a197259dbf409.jpg?s=72&d=https%3A%2F%2Fa.slack-edge.com%2Fdf10d%2Fimg%2Favatars%2Fava_0007-72.png",
            "first_name": "",
            "real_name": "wilson gamboa",
            "display_name": "wilson gamboa",
            "team": "TJH5YU202",
            "name": "wilson.josenet",
            "is_restricted": false,
            "is_ultra_restricted": false
        },
        "blocks": [
            {
                "type": "rich_text",
                "block_id": "9sV",
                "elements": [
                    {
                        "type": "rich_text_section",
                        "elements": [
                            {
                                "type": "text",
                                "text": "a ver que nos depara este dia"
                            }
                        ]
                    }
                ]
            }
        ]
    },
    {
        "client_msg_id": "f9a76c4a-cd07-4f24-bc0d-228df3262630",
        "type": "message",
        "text": "un abrazo a todos",
        "user": "UJXP7LS78",
        "ts": "1579868914.007500",
        "team": "TJH5YU202",
        "user_team": "TJH5YU202",
        "source_team": "TJH5YU202",
        "user_profile": {
            "avatar_hash": "gc4a0baebb72",
            "image_72": "https:\/\/secure.gravatar.com\/avatar\/a1c4a0baebb720b97e5a197259dbf409.jpg?s=72&d=https%3A%2F%2Fa.slack-edge.com%2Fdf10d%2Fimg%2Favatars%2Fava_0007-72.png",
            "first_name": "",
            "real_name": "wilson gamboa",
            "display_name": "wilson gamboa",
            "team": "TJH5YU202",
            "name": "wilson.josenet",
            "is_restricted": false,
            "is_ultra_restricted": false
        },
        "blocks": [
            {
                "type": "rich_text",
                "block_id": "8t2AE",
                "elements": [
                    {
                        "type": "rich_text_section",
                        "elements": [
                            {
                                "type": "text",
                                "text": "un abrazo a todos"
                            }
                        ]
                    }
                ]
            }
        ]
    },
    {
        "client_msg_id": "55ea433e-bc83-40dd-b9ef-de886961d7a2",
        "type": "message",
        "text": "un lindo dia",
        "user": "UJXP7LS78",
        "ts": "1579868917.007700",
        "team": "TJH5YU202",
        "user_team": "TJH5YU202",
        "source_team": "TJH5YU202",
        "user_profile": {
            "avatar_hash": "gc4a0baebb72",
            "image_72": "https:\/\/secure.gravatar.com\/avatar\/a1c4a0baebb720b97e5a197259dbf409.jpg?s=72&d=https%3A%2F%2Fa.slack-edge.com%2Fdf10d%2Fimg%2Favatars%2Fava_0007-72.png",
            "first_name": "",
            "real_name": "wilson gamboa",
            "display_name": "wilson gamboa",
            "team": "TJH5YU202",
            "name": "wilson.josenet",
            "is_restricted": false,
            "is_ultra_restricted": false
        },
        "blocks": [
            {
                "type": "rich_text",
                "block_id": "rL+YH",
                "elements": [
                    {
                        "type": "rich_text_section",
                        "elements": [
                            {
                                "type": "text",
                                "text": "un lindo dia"
                            }
                        ]
                    }
                ]
            }
        ]
    },
    {
        "client_msg_id": "d829ea69-ac46-4999-9b2b-357580802ec5",
        "type": "message",
        "text": "Dear Otto, I saw that you are using bootstrapstudio, tell me how is it ? Regards",
        "user": "UJUSD6VB2",
        "ts": "1579882169.008500",
        "team": "TJH5YU202",
        "user_team": "TJH5YU202",
        "source_team": "TJH5YU202",
        "user_profile": {
            "avatar_hash": "g1677a02d0b6",
            "image_72": "https:\/\/secure.gravatar.com\/avatar\/bb1677a02d0b69ba91eb245090c7c83a.jpg?s=72&d=https%3A%2F%2Fa.slack-edge.com%2Fdf10d%2Fimg%2Favatars%2Fava_0015-72.png",
            "first_name": "",
            "real_name": "Osvaldo Ramirez",
            "display_name": "Osvaldo Ramirez",
            "team": "TJH5YU202",
            "name": "ramirezosvaldo",
            "is_restricted": false,
            "is_ultra_restricted": false
        },
        "blocks": [
            {
                "type": "rich_text",
                "block_id": "f58y",
                "elements": [
                    {
                        "type": "rich_text_section",
                        "elements": [
                            {
                                "type": "text",
                                "text": "Dear Otto, I saw that you are using bootstrapstudio, tell me how is it ? Regards"
                            }
                        ]
                    }
                ]
            }
        ]
    },
    {
        "client_msg_id": "e221abfd-43ba-4f9c-9db9-a5d1eb4bc19f",
        "type": "message",
        "text": "Dear Osvaldo, I think it depends on which programs you want to do.\nI usually start my programs with screen design.\nFor screen design is bootstrap.\nThen I export the html code and paste it into my mod harbor source.",
        "user": "UJHD6A81H",
        "ts": "1579891357.008800",
        "team": "TJH5YU202",
        "user_team": "TJH5YU202",
        "source_team": "TJH5YU202",
        "user_profile": {
            "avatar_hash": "g6b8073e00e9",
            "image_72": "https:\/\/secure.gravatar.com\/avatar\/b96b8073e00e9eb02bcf05bc1418eb3a.jpg?s=72&d=https%3A%2F%2Fa.slack-edge.com%2Fdf10d%2Fimg%2Favatars%2Fava_0021-72.png",
            "first_name": "Otto",
            "real_name": "Otto Atzwanger",
            "display_name": "Otto",
            "team": "TJH5YU202",
            "name": "otto",
            "is_restricted": false,
            "is_ultra_restricted": false
        },
        "blocks": [
            {
                "type": "rich_text",
                "block_id": "\/t57",
                "elements": [
                    {
                        "type": "rich_text_section",
                        "elements": [
                            {
                                "type": "text",
                                "text": "Dear Osvaldo, I think it depends on which programs you want to do.\nI usually start my programs with screen design.\nFor screen design is bootstrap.\nThen I export the html code and paste it into my mod harbor source."
                            }
                        ]
                    }
                ]
            }
        ]
    },
    {
        "client_msg_id": "2404e2c9-ca19-4748-a9fe-4267ab04f5ac",
        "type": "message",
        "text": "O.T,",
        "user": "UJHD6A81H",
        "ts": "1579891903.010400",
        "team": "TJH5YU202",
        "user_team": "TJH5YU202",
        "source_team": "TJH5YU202",
        "user_profile": {
            "avatar_hash": "g6b8073e00e9",
            "image_72": "https:\/\/secure.gravatar.com\/avatar\/b96b8073e00e9eb02bcf05bc1418eb3a.jpg?s=72&d=https%3A%2F%2Fa.slack-edge.com%2Fdf10d%2Fimg%2Favatars%2Fava_0021-72.png",
            "first_name": "Otto",
            "real_name": "Otto Atzwanger",
            "display_name": "Otto",
            "team": "TJH5YU202",
            "name": "otto",
            "is_restricted": false,
            "is_ultra_restricted": false
        },
        "blocks": [
            {
                "type": "rich_text",
                "block_id": "6q0x",
                "elements": [
                    {
                        "type": "rich_text_section",
                        "elements": [
                            {
                                "type": "text",
                                "text": "O.T,"
                            }
                        ]
                    }
                ]
            }
        ]
    },
    {
        "client_msg_id": "9416d2c2-ae7a-48ef-97be-e997bf843fac",
        "type": "message",
        "text": "I used to use Dreamweaver for web programming.\nI have to google if Dreamweaver also works with bootstrap.\nMaybe Dreamweaver would also be a good option.",
        "user": "UJHD6A81H",
        "ts": "1579891905.010600",
        "team": "TJH5YU202",
        "user_team": "TJH5YU202",
        "source_team": "TJH5YU202",
        "user_profile": {
            "avatar_hash": "g6b8073e00e9",
            "image_72": "https:\/\/secure.gravatar.com\/avatar\/b96b8073e00e9eb02bcf05bc1418eb3a.jpg?s=72&d=https%3A%2F%2Fa.slack-edge.com%2Fdf10d%2Fimg%2Favatars%2Fava_0021-72.png",
            "first_name": "Otto",
            "real_name": "Otto Atzwanger",
            "display_name": "Otto",
            "team": "TJH5YU202",
            "name": "otto",
            "is_restricted": false,
            "is_ultra_restricted": false
        },
        "blocks": [
            {
                "type": "rich_text",
                "block_id": "oF5We",
                "elements": [
                    {
                        "type": "rich_text_section",
                        "elements": [
                            {
                                "type": "text",
                                "text": "I used to use Dreamweaver for web programming.\nI have to google if Dreamweaver also works with bootstrap.\nMaybe Dreamweaver would also be a good option."
                            }
                        ]
                    }
                ]
            }
        ]
    },
    {
        "client_msg_id": "61372437-a9fe-4121-b9da-fa60f94808e0",
        "type": "message",
        "text": "I installed now the test version. But I think this is software for a professional web developer.",
        "user": "UJHD6A81H",
        "ts": "1579893235.011600",
        "team": "TJH5YU202",
        "user_team": "TJH5YU202",
        "source_team": "TJH5YU202",
        "user_profile": {
            "avatar_hash": "g6b8073e00e9",
            "image_72": "https:\/\/secure.gravatar.com\/avatar\/b96b8073e00e9eb02bcf05bc1418eb3a.jpg?s=72&d=https%3A%2F%2Fa.slack-edge.com%2Fdf10d%2Fimg%2Favatars%2Fava_0021-72.png",
            "first_name": "Otto",
            "real_name": "Otto Atzwanger",
            "display_name": "Otto",
            "team": "TJH5YU202",
            "name": "otto",
            "is_restricted": false,
            "is_ultra_restricted": false
        },
        "blocks": [
            {
                "type": "rich_text",
                "block_id": "HQhg",
                "elements": [
                    {
                        "type": "rich_text_section",
                        "elements": [
                            {
                                "type": "text",
                                "text": "I installed now the test version. But I think this is software for a professional web developer."
                            }
                        ]
                    }
                ]
            }
        ]
    },
    {
        "client_msg_id": "81dc5185-8944-4a2a-bded-95244b80eba4",
        "type": "message",
        "text": "I don't think what-you-see-is-what-you-get editors are exactly the gold standard for professional web dev.",
        "user": "UNAHBRTFA",
        "ts": "1579893523.012600",
        "team": "TJH5YU202",
        "user_team": "TJH5YU202",
        "source_team": "TJH5YU202",
        "user_profile": {
            "avatar_hash": "g3d2a3f4c28c",
            "image_72": "https:\/\/secure.gravatar.com\/avatar\/23d2a3f4c28cebb4cf07e48d02620517.jpg?s=72&d=https%3A%2F%2Fa.slack-edge.com%2Fdf10d%2Fimg%2Favatars%2Fava_0020-72.png",
            "first_name": "Andreu",
            "real_name": "Andreu Botella",
            "display_name": "Andreu Botella",
            "team": "TJH5YU202",
            "name": "andreu.132",
            "is_restricted": false,
            "is_ultra_restricted": false
        },
        "blocks": [
            {
                "type": "rich_text",
                "block_id": "GtZUy",
                "elements": [
                    {
                        "type": "rich_text_section",
                        "elements": [
                            {
                                "type": "text",
                                "text": "I don't think what-you-see-is-what-you-get editors are exactly the gold standard for professional web dev."
                            }
                        ]
                    }
                ]
            }
        ]
    },
    {
        "client_msg_id": "ce2beabf-5aa2-4fc0-9ead-010e7f18d107",
        "type": "message",
        "text": "You want your HTML structure to reflect the structure of the document in terms of content, sectioning and so on",
        "user": "UNAHBRTFA",
        "ts": "1579893544.013300",
        "team": "TJH5YU202",
        "user_team": "TJH5YU202",
        "source_team": "TJH5YU202",
        "user_profile": {
            "avatar_hash": "g3d2a3f4c28c",
            "image_72": "https:\/\/secure.gravatar.com\/avatar\/23d2a3f4c28cebb4cf07e48d02620517.jpg?s=72&d=https%3A%2F%2Fa.slack-edge.com%2Fdf10d%2Fimg%2Favatars%2Fava_0020-72.png",
            "first_name": "Andreu",
            "real_name": "Andreu Botella",
            "display_name": "Andreu Botella",
            "team": "TJH5YU202",
            "name": "andreu.132",
            "is_restricted": false,
            "is_ultra_restricted": false
        },
        "blocks": [
            {
                "type": "rich_text",
                "block_id": "q038V",
                "elements": [
                    {
                        "type": "rich_text_section",
                        "elements": [
                            {
                                "type": "text",
                                "text": "You want your HTML structure to reflect the structure of the document in terms of content, sectioning and so on"
                            }
                        ]
                    }
                ]
            }
        ]
    },
    {
        "client_msg_id": "cca73e21-41d8-4890-9eb9-b778a04f2901",
        "type": "message",
        "text": "so that screen readers for the blind or any other kind of assistive technology, or even automated tools can find the information they need",
        "user": "UNAHBRTFA",
        "ts": "1579893589.014100",
        "team": "TJH5YU202",
        "user_team": "TJH5YU202",
        "source_team": "TJH5YU202",
        "user_profile": {
            "avatar_hash": "g3d2a3f4c28c",
            "image_72": "https:\/\/secure.gravatar.com\/avatar\/23d2a3f4c28cebb4cf07e48d02620517.jpg?s=72&d=https%3A%2F%2Fa.slack-edge.com%2Fdf10d%2Fimg%2Favatars%2Fava_0020-72.png",
            "first_name": "Andreu",
            "real_name": "Andreu Botella",
            "display_name": "Andreu Botella",
            "team": "TJH5YU202",
            "name": "andreu.132",
            "is_restricted": false,
            "is_ultra_restricted": false
        },
        "blocks": [
            {
                "type": "rich_text",
                "block_id": "R89=w",
                "elements": [
                    {
                        "type": "rich_text_section",
                        "elements": [
                            {
                                "type": "text",
                                "text": "so that screen readers for the blind or any other kind of assistive technology, or even automated tools can find the information they need"
                            }
                        ]
                    }
                ]
            }
        ]
    },
    {
        "client_msg_id": "880a0d97-c073-4553-a621-acbf7021a6c3",
        "type": "message",
        "text": "once you have that, then you can give it whatever styles you want with CSS",
        "user": "UNAHBRTFA",
        "ts": "1579893632.014900",
        "team": "TJH5YU202",
        "user_team": "TJH5YU202",
        "source_team": "TJH5YU202",
        "user_profile": {
            "avatar_hash": "g3d2a3f4c28c",
            "image_72": "https:\/\/secure.gravatar.com\/avatar\/23d2a3f4c28cebb4cf07e48d02620517.jpg?s=72&d=https%3A%2F%2Fa.slack-edge.com%2Fdf10d%2Fimg%2Favatars%2Fava_0020-72.png",
            "first_name": "Andreu",
            "real_name": "Andreu Botella",
            "display_name": "Andreu Botella",
            "team": "TJH5YU202",
            "name": "andreu.132",
            "is_restricted": false,
            "is_ultra_restricted": false
        },
        "blocks": [
            {
                "type": "rich_text",
                "block_id": "1KH",
                "elements": [
                    {
                        "type": "rich_text_section",
                        "elements": [
                            {
                                "type": "text",
                                "text": "once you have that, then you can give it whatever styles you want with CSS"
                            }
                        ]
                    }
                ]
            }
        ]
    },
    {
        "client_msg_id": "1336514e-4ef2-4eb0-80e9-3dc85bf88e81",
        "type": "message",
        "text": "Angel entonces si ya tengo corriendo harbour en osx\/ubuntu, solo tengo que compilar modharbour de la contribución, correcto ? No hay necesidad de volver a compilar harbour ?; Y si requiero que modharbour contenga la lib para postgresql tengo que compilar de nuevo harbour ?",
        "user": "UJUSD6VB2",
        "ts": "1579908345.016800",
        "team": "TJH5YU202",
        "user_team": "TJH5YU202",
        "source_team": "TJH5YU202",
        "user_profile": {
            "avatar_hash": "g1677a02d0b6",
            "image_72": "https:\/\/secure.gravatar.com\/avatar\/bb1677a02d0b69ba91eb245090c7c83a.jpg?s=72&d=https%3A%2F%2Fa.slack-edge.com%2Fdf10d%2Fimg%2Favatars%2Fava_0015-72.png",
            "first_name": "",
            "real_name": "Osvaldo Ramirez",
            "display_name": "Osvaldo Ramirez",
            "team": "TJH5YU202",
            "name": "ramirezosvaldo",
            "is_restricted": false,
            "is_ultra_restricted": false
        },
        "blocks": [
            {
                "type": "rich_text",
                "block_id": "Kszfe",
                "elements": [
                    {
                        "type": "rich_text_section",
                        "elements": [
                            {
                                "type": "text",
                                "text": "Angel entonces si ya tengo corriendo harbour en osx\/ubuntu, solo tengo que compilar modharbour de la contribución, correcto ? No hay necesidad de volver a compilar harbour ?; Y si requiero que modharbour contenga la lib para postgresql tengo que compilar de nuevo harbour ?"
                            }
                        ]
                    }
                ]
            }
        ]
    },
    {
        "client_msg_id": "55082584-8e84-4fe5-bcba-589c096b0170",
        "type": "message",
        "text": "buenas noches mod_harbour",
        "user": "UJXP7LS78",
        "ts": "1579908909.017200",
        "team": "TJH5YU202",
        "user_team": "TJH5YU202",
        "source_team": "TJH5YU202",
        "user_profile": {
            "avatar_hash": "gc4a0baebb72",
            "image_72": "https:\/\/secure.gravatar.com\/avatar\/a1c4a0baebb720b97e5a197259dbf409.jpg?s=72&d=https%3A%2F%2Fa.slack-edge.com%2Fdf10d%2Fimg%2Favatars%2Fava_0007-72.png",
            "first_name": "",
            "real_name": "wilson gamboa",
            "display_name": "wilson gamboa",
            "team": "TJH5YU202",
            "name": "wilson.josenet",
            "is_restricted": false,
            "is_ultra_restricted": false
        },
        "blocks": [
            {
                "type": "rich_text",
                "block_id": "59X",
                "elements": [
                    {
                        "type": "rich_text_section",
                        "elements": [
                            {
                                "type": "text",
                                "text": "buenas noches mod_harbour"
                            }
                        ]
                    }
                ]
            }
        ]
    },
    {
        "client_msg_id": "c2b8f1a1-32ee-4a57-98e6-36a7e3f8b039",
        "type": "message",
        "text": "trabaja con IIS",
        "user": "UJXP7LS78",
        "ts": "1579908915.017400",
        "team": "TJH5YU202",
        "user_team": "TJH5YU202",
        "source_team": "TJH5YU202",
        "user_profile": {
            "avatar_hash": "gc4a0baebb72",
            "image_72": "https:\/\/secure.gravatar.com\/avatar\/a1c4a0baebb720b97e5a197259dbf409.jpg?s=72&d=https%3A%2F%2Fa.slack-edge.com%2Fdf10d%2Fimg%2Favatars%2Fava_0007-72.png",
            "first_name": "",
            "real_name": "wilson gamboa",
            "display_name": "wilson gamboa",
            "team": "TJH5YU202",
            "name": "wilson.josenet",
            "is_restricted": false,
            "is_ultra_restricted": false
        },
        "blocks": [
            {
                "type": "rich_text",
                "block_id": "YTpe",
                "elements": [
                    {
                        "type": "rich_text_section",
                        "elements": [
                            {
                                "type": "text",
                                "text": "trabaja con IIS"
                            }
                        ]
                    }
                ]
            }
        ]
    },
    {
        "client_msg_id": "226b8682-3f4b-4204-91fb-7d6172dfe3f5",
        "type": "message",
        "text": "?",
        "user": "UJXP7LS78",
        "ts": "1579908917.017600",
        "team": "TJH5YU202",
        "user_team": "TJH5YU202",
        "source_team": "TJH5YU202",
        "user_profile": {
            "avatar_hash": "gc4a0baebb72",
            "image_72": "https:\/\/secure.gravatar.com\/avatar\/a1c4a0baebb720b97e5a197259dbf409.jpg?s=72&d=https%3A%2F%2Fa.slack-edge.com%2Fdf10d%2Fimg%2Favatars%2Fava_0007-72.png",
            "first_name": "",
            "real_name": "wilson gamboa",
            "display_name": "wilson gamboa",
            "team": "TJH5YU202",
            "name": "wilson.josenet",
            "is_restricted": false,
            "is_ultra_restricted": false
        },
        "blocks": [
            {
                "type": "rich_text",
                "block_id": "ekGK",
                "elements": [
                    {
                        "type": "rich_text_section",
                        "elements": [
                            {
                                "type": "text",
                                "text": "?"
                            }
                        ]
                    }
                ]
            }
        ]
    },
    {
        "client_msg_id": "28257484-176e-4157-b013-e41fc7a69ff2",
        "type": "message",
        "text": "un amigo mio que es tecnico lo quiere probar",
        "user": "UJXP7LS78",
        "ts": "1579908929.017900",
        "team": "TJH5YU202",
        "user_team": "TJH5YU202",
        "source_team": "TJH5YU202",
        "user_profile": {
            "avatar_hash": "gc4a0baebb72",
            "image_72": "https:\/\/secure.gravatar.com\/avatar\/a1c4a0baebb720b97e5a197259dbf409.jpg?s=72&d=https%3A%2F%2Fa.slack-edge.com%2Fdf10d%2Fimg%2Favatars%2Fava_0007-72.png",
            "first_name": "",
            "real_name": "wilson gamboa",
            "display_name": "wilson gamboa",
            "team": "TJH5YU202",
            "name": "wilson.josenet",
            "is_restricted": false,
            "is_ultra_restricted": false
        },
        "blocks": [
            {
                "type": "rich_text",
                "block_id": "jon1J",
                "elements": [
                    {
                        "type": "rich_text_section",
                        "elements": [
                            {
                                "type": "text",
                                "text": "un amigo mio que es tecnico lo quiere probar"
                            }
                        ]
                    }
                ]
            }
        ]
    },
    {
        "client_msg_id": "19e1d6f7-786f-4a55-ae21-8e2537efd3ae",
        "type": "message",
        "text": "que le digo",
        "user": "UJXP7LS78",
        "ts": "1579908936.018100",
        "team": "TJH5YU202",
        "user_team": "TJH5YU202",
        "source_team": "TJH5YU202",
        "user_profile": {
            "avatar_hash": "gc4a0baebb72",
            "image_72": "https:\/\/secure.gravatar.com\/avatar\/a1c4a0baebb720b97e5a197259dbf409.jpg?s=72&d=https%3A%2F%2Fa.slack-edge.com%2Fdf10d%2Fimg%2Favatars%2Fava_0007-72.png",
            "first_name": "",
            "real_name": "wilson gamboa",
            "display_name": "wilson gamboa",
            "team": "TJH5YU202",
            "name": "wilson.josenet",
            "is_restricted": false,
            "is_ultra_restricted": false
        },
        "blocks": [
            {
                "type": "rich_text",
                "block_id": "0ti5a",
                "elements": [
                    {
                        "type": "rich_text_section",
                        "elements": [
                            {
                                "type": "text",
                                "text": "que le digo"
                            }
                        ]
                    }
                ]
            }
        ]
    },
    {
        "client_msg_id": "cd932b3f-7735-48a7-9f44-72084813b7cf",
        "type": "message",
        "text": "Estimado dile que si.",
        "user": "UJUSD6VB2",
        "ts": "1579909119.018800",
        "team": "TJH5YU202",
        "user_team": "TJH5YU202",
        "source_team": "TJH5YU202",
        "user_profile": {
            "avatar_hash": "g1677a02d0b6",
            "image_72": "https:\/\/secure.gravatar.com\/avatar\/bb1677a02d0b69ba91eb245090c7c83a.jpg?s=72&d=https%3A%2F%2Fa.slack-edge.com%2Fdf10d%2Fimg%2Favatars%2Fava_0015-72.png",
            "first_name": "",
            "real_name": "Osvaldo Ramirez",
            "display_name": "Osvaldo Ramirez",
            "team": "TJH5YU202",
            "name": "ramirezosvaldo",
            "is_restricted": false,
            "is_ultra_restricted": false
        },
        "blocks": [
            {
                "type": "rich_text",
                "block_id": "Uns",
                "elements": [
                    {
                        "type": "rich_text_section",
                        "elements": [
                            {
                                "type": "text",
                                "text": "Estimado dile que si."
                            }
                        ]
                    }
                ]
            }
        ]
    },
    {
        "client_msg_id": "3ae316a3-e87d-48dd-b190-7afba750fd9e",
        "type": "message",
        "text": "ok",
        "user": "UJXP7LS78",
        "ts": "1579910223.019000",
        "team": "TJH5YU202",
        "user_team": "TJH5YU202",
        "source_team": "TJH5YU202",
        "user_profile": {
            "avatar_hash": "gc4a0baebb72",
            "image_72": "https:\/\/secure.gravatar.com\/avatar\/a1c4a0baebb720b97e5a197259dbf409.jpg?s=72&d=https%3A%2F%2Fa.slack-edge.com%2Fdf10d%2Fimg%2Favatars%2Fava_0007-72.png",
            "first_name": "",
            "real_name": "wilson gamboa",
            "display_name": "wilson gamboa",
            "team": "TJH5YU202",
            "name": "wilson.josenet",
            "is_restricted": false,
            "is_ultra_restricted": false
        },
        "blocks": [
            {
                "type": "rich_text",
                "block_id": "u8dnJ",
                "elements": [
                    {
                        "type": "rich_text_section",
                        "elements": [
                            {
                                "type": "text",
                                "text": "ok"
                            }
                        ]
                    }
                ]
            }
        ]
    },
    {
        "client_msg_id": "52ef7d64-184f-4176-aeb7-0ac4d94e0038",
        "type": "message",
        "text": "gracias",
        "user": "UJXP7LS78",
        "ts": "1579910228.019200",
        "team": "TJH5YU202",
        "user_team": "TJH5YU202",
        "source_team": "TJH5YU202",
        "user_profile": {
            "avatar_hash": "gc4a0baebb72",
            "image_72": "https:\/\/secure.gravatar.com\/avatar\/a1c4a0baebb720b97e5a197259dbf409.jpg?s=72&d=https%3A%2F%2Fa.slack-edge.com%2Fdf10d%2Fimg%2Favatars%2Fava_0007-72.png",
            "first_name": "",
            "real_name": "wilson gamboa",
            "display_name": "wilson gamboa",
            "team": "TJH5YU202",
            "name": "wilson.josenet",
            "is_restricted": false,
            "is_ultra_restricted": false
        },
        "blocks": [
            {
                "type": "rich_text",
                "block_id": "H=Dcu",
                "elements": [
                    {
                        "type": "rich_text_section",
                        "elements": [
                            {
                                "type": "text",
                                "text": "gracias"
                            }
                        ]
                    }
                ]
            }
        ]
    },
    {
        "client_msg_id": "cb88ccb8-397c-4bf9-a52a-60aa8246e456",
        "type": "message",
        "text": "creeo que en IIS se tranca pero el lo puede confirmar es ANtonio",
        "user": "UM81W8B0Q",
        "ts": "1579911595.019600",
        "team": "TJH5YU202",
        "user_team": "TJH5YU202",
        "source_team": "TJH5YU202",
        "user_profile": {
            "avatar_hash": "gab9279ee8c0",
            "image_72": "https:\/\/secure.gravatar.com\/avatar\/73ab9279ee8c00f66ce4904d30146c8f.jpg?s=72&d=https%3A%2F%2Fa.slack-edge.com%2Fdf10d%2Fimg%2Favatars%2Fava_0010-72.png",
            "first_name": "",
            "real_name": "Angel Pais",
            "display_name": "Angel Pais",
            "team": "TJH5YU202",
            "name": "amigosam",
            "is_restricted": false,
            "is_ultra_restricted": false
        },
        "blocks": [
            {
                "type": "rich_text",
                "block_id": "Zz9",
                "elements": [
                    {
                        "type": "rich_text_section",
                        "elements": [
                            {
                                "type": "text",
                                "text": "creeo que en IIS se tranca pero el lo puede confirmar es ANtonio"
                            }
                        ]
                    }
                ]
            }
        ]
    },
    {
        "client_msg_id": "2ca8ba98-25a8-461e-bf29-f856bd959587",
        "type": "message",
        "text": "Osvaldo, mod_harbour se compila aparte con el hbp que hay en la carpeta. EN ese hbp puede poner librerias adicionales como pdf mysql etc",
        "user": "UM81W8B0Q",
        "ts": "1579911647.020600",
        "team": "TJH5YU202",
        "user_team": "TJH5YU202",
        "source_team": "TJH5YU202",
        "user_profile": {
            "avatar_hash": "gab9279ee8c0",
            "image_72": "https:\/\/secure.gravatar.com\/avatar\/73ab9279ee8c00f66ce4904d30146c8f.jpg?s=72&d=https%3A%2F%2Fa.slack-edge.com%2Fdf10d%2Fimg%2Favatars%2Fava_0010-72.png",
            "first_name": "",
            "real_name": "Angel Pais",
            "display_name": "Angel Pais",
            "team": "TJH5YU202",
            "name": "amigosam",
            "is_restricted": false,
            "is_ultra_restricted": false
        },
        "edited": {
            "user": "UM81W8B0Q",
            "ts": "1579911667.000000"
        },
        "blocks": [
            {
                "type": "rich_text",
                "block_id": "aD\/mO",
                "elements": [
                    {
                        "type": "rich_text_section",
                        "elements": [
                            {
                                "type": "text",
                                "text": "Osvaldo, mod_harbour se compila aparte con el hbp que hay en la carpeta. EN ese hbp puede poner librerias adicionales como pdf mysql etc"
                            }
                        ]
                    }
                ]
            }
        ]
    },
    {
        "client_msg_id": "6c89151e-67d7-4fbc-94ff-72dc47d42b99",
        "type": "message",
        "text": "para meter postgrsql tienes que agregar postgresql.hbc o como se llame",
        "user": "UM81W8B0Q",
        "ts": "1579911718.021200",
        "team": "TJH5YU202",
        "user_team": "TJH5YU202",
        "source_team": "TJH5YU202",
        "user_profile": {
            "avatar_hash": "gab9279ee8c0",
            "image_72": "https:\/\/secure.gravatar.com\/avatar\/73ab9279ee8c00f66ce4904d30146c8f.jpg?s=72&d=https%3A%2F%2Fa.slack-edge.com%2Fdf10d%2Fimg%2Favatars%2Fava_0010-72.png",
            "first_name": "",
            "real_name": "Angel Pais",
            "display_name": "Angel Pais",
            "team": "TJH5YU202",
            "name": "amigosam",
            "is_restricted": false,
            "is_ultra_restricted": false
        },
        "blocks": [
            {
                "type": "rich_text",
                "block_id": "olP",
                "elements": [
                    {
                        "type": "rich_text_section",
                        "elements": [
                            {
                                "type": "text",
                                "text": "para meter postgrsql tienes que agregar postgresql.hbc o como se llame"
                            }
                        ]
                    }
                ]
            }
        ]
    },
    {
        "client_msg_id": "ce2e37dd-b877-487f-8722-49ecd4c9b781",
        "type": "message",
        "text": "y no se si no tienes que tener intalado en el sistema el modulo dev de pgsql",
        "user": "UM81W8B0Q",
        "ts": "1579911736.021700",
        "team": "TJH5YU202",
        "user_team": "TJH5YU202",
        "source_team": "TJH5YU202",
        "user_profile": {
            "avatar_hash": "gab9279ee8c0",
            "image_72": "https:\/\/secure.gravatar.com\/avatar\/73ab9279ee8c00f66ce4904d30146c8f.jpg?s=72&d=https%3A%2F%2Fa.slack-edge.com%2Fdf10d%2Fimg%2Favatars%2Fava_0010-72.png",
            "first_name": "",
            "real_name": "Angel Pais",
            "display_name": "Angel Pais",
            "team": "TJH5YU202",
            "name": "amigosam",
            "is_restricted": false,
            "is_ultra_restricted": false
        },
        "blocks": [
            {
                "type": "rich_text",
                "block_id": "pzsg2",
                "elements": [
                    {
                        "type": "rich_text_section",
                        "elements": [
                            {
                                "type": "text",
                                "text": "y no se si no tienes que tener intalado en el sistema el modulo dev de pgsql"
                            }
                        ]
                    }
                ]
            }
        ]
    },
    {
        "client_msg_id": "3c2a3296-3a4d-4437-afb0-077ece45faab",
        "type": "message",
        "text": "seguramente si",
        "user": "UM81W8B0Q",
        "ts": "1579911739.021900",
        "team": "TJH5YU202",
        "user_team": "TJH5YU202",
        "source_team": "TJH5YU202",
        "user_profile": {
            "avatar_hash": "gab9279ee8c0",
            "image_72": "https:\/\/secure.gravatar.com\/avatar\/73ab9279ee8c00f66ce4904d30146c8f.jpg?s=72&d=https%3A%2F%2Fa.slack-edge.com%2Fdf10d%2Fimg%2Favatars%2Fava_0010-72.png",
            "first_name": "",
            "real_name": "Angel Pais",
            "display_name": "Angel Pais",
            "team": "TJH5YU202",
            "name": "amigosam",
            "is_restricted": false,
            "is_ultra_restricted": false
        },
        "blocks": [
            {
                "type": "rich_text",
                "block_id": "Sob",
                "elements": [
                    {
                        "type": "rich_text_section",
                        "elements": [
                            {
                                "type": "text",
                                "text": "seguramente si"
                            }
                        ]
                    }
                ]
            }
        ]
    },
    {
        "client_msg_id": "722bf619-60a0-4b3d-a2b3-4890f3ed1bc7",
        "type": "message",
        "text": "si harbour ya fue compilado con pgsql no hay que compilarlo de nuevo",
        "user": "UM81W8B0Q",
        "ts": "1579911777.022500",
        "team": "TJH5YU202",
        "user_team": "TJH5YU202",
        "source_team": "TJH5YU202",
        "user_profile": {
            "avatar_hash": "gab9279ee8c0",
            "image_72": "https:\/\/secure.gravatar.com\/avatar\/73ab9279ee8c00f66ce4904d30146c8f.jpg?s=72&d=https%3A%2F%2Fa.slack-edge.com%2Fdf10d%2Fimg%2Favatars%2Fava_0010-72.png",
            "first_name": "",
            "real_name": "Angel Pais",
            "display_name": "Angel Pais",
            "team": "TJH5YU202",
            "name": "amigosam",
            "is_restricted": false,
            "is_ultra_restricted": false
        },
        "blocks": [
            {
                "type": "rich_text",
                "block_id": "0J9r",
                "elements": [
                    {
                        "type": "rich_text_section",
                        "elements": [
                            {
                                "type": "text",
                                "text": "si harbour ya fue compilado con pgsql no hay que compilarlo de nuevo"
                            }
                        ]
                    }
                ]
            }
        ]
    },
    {
        "client_msg_id": "8771229d-1053-47b5-a374-37a471cb9025",
        "type": "message",
        "text": "es solo poner el hbc en el hbp de mod_harbour",
        "user": "UM81W8B0Q",
        "ts": "1579911793.022900",
        "team": "TJH5YU202",
        "user_team": "TJH5YU202",
        "source_team": "TJH5YU202",
        "user_profile": {
            "avatar_hash": "gab9279ee8c0",
            "image_72": "https:\/\/secure.gravatar.com\/avatar\/73ab9279ee8c00f66ce4904d30146c8f.jpg?s=72&d=https%3A%2F%2Fa.slack-edge.com%2Fdf10d%2Fimg%2Favatars%2Fava_0010-72.png",
            "first_name": "",
            "real_name": "Angel Pais",
            "display_name": "Angel Pais",
            "team": "TJH5YU202",
            "name": "amigosam",
            "is_restricted": false,
            "is_ultra_restricted": false
        },
        "edited": {
            "user": "UM81W8B0Q",
            "ts": "1579911810.000000"
        },
        "blocks": [
            {
                "type": "rich_text",
                "block_id": "91\/O",
                "elements": [
                    {
                        "type": "rich_text_section",
                        "elements": [
                            {
                                "type": "text",
                                "text": "es solo poner el hbc en el hbp de mod_harbour"
                            }
                        ]
                    }
                ]
            }
        ]
    },
    {
        "client_msg_id": "d301da48-5ab5-4beb-b1b2-68945c2352b1",
        "type": "message",
        "text": "Venga Angel, intentare y te comento.",
        "user": "UJUSD6VB2",
        "ts": "1579918418.023300",
        "team": "TJH5YU202",
        "user_team": "TJH5YU202",
        "source_team": "TJH5YU202",
        "user_profile": {
            "avatar_hash": "g1677a02d0b6",
            "image_72": "https:\/\/secure.gravatar.com\/avatar\/bb1677a02d0b69ba91eb245090c7c83a.jpg?s=72&d=https%3A%2F%2Fa.slack-edge.com%2Fdf10d%2Fimg%2Favatars%2Fava_0015-72.png",
            "first_name": "",
            "real_name": "Osvaldo Ramirez",
            "display_name": "Osvaldo Ramirez",
            "team": "TJH5YU202",
            "name": "ramirezosvaldo",
            "is_restricted": false,
            "is_ultra_restricted": false
        },
        "blocks": [
            {
                "type": "rich_text",
                "block_id": "LAYO",
                "elements": [
                    {
                        "type": "rich_text_section",
                        "elements": [
                            {
                                "type": "text",
                                "text": "Venga Angel, intentare y te comento."
                            }
                        ]
                    }
                ]
            }
        ]
    },
    {
        "client_msg_id": "98120be3-63b3-449f-8175-816e9961ad86",
        "type": "message",
        "text": "Good morning.",
        "user": "UJHD6A81H",
        "ts": "1579936546.023600",
        "team": "TJH5YU202",
        "user_team": "TJH5YU202",
        "source_team": "TJH5YU202",
        "user_profile": {
            "avatar_hash": "g6b8073e00e9",
            "image_72": "https:\/\/secure.gravatar.com\/avatar\/b96b8073e00e9eb02bcf05bc1418eb3a.jpg?s=72&d=https%3A%2F%2Fa.slack-edge.com%2Fdf10d%2Fimg%2Favatars%2Fava_0021-72.png",
            "first_name": "Otto",
            "real_name": "Otto Atzwanger",
            "display_name": "Otto",
            "team": "TJH5YU202",
            "name": "otto",
            "is_restricted": false,
            "is_ultra_restricted": false
        },
        "blocks": [
            {
                "type": "rich_text",
                "block_id": "hsay",
                "elements": [
                    {
                        "type": "rich_text_section",
                        "elements": [
                            {
                                "type": "text",
                                "text": "Good morning."
                            }
                        ]
                    }
                ]
            }
        ]
    },
    {
        "client_msg_id": "746c81e6-feb3-4308-83bd-aaacfa2ea959",
        "type": "message",
        "text": "I am searching the web for: Compare Adobe Dreamweaver vs Bootstrap",
        "user": "UJHD6A81H",
        "ts": "1579936557.023900",
        "team": "TJH5YU202",
        "user_team": "TJH5YU202",
        "source_team": "TJH5YU202",
        "user_profile": {
            "avatar_hash": "g6b8073e00e9",
            "image_72": "https:\/\/secure.gravatar.com\/avatar\/b96b8073e00e9eb02bcf05bc1418eb3a.jpg?s=72&d=https%3A%2F%2Fa.slack-edge.com%2Fdf10d%2Fimg%2Favatars%2Fava_0021-72.png",
            "first_name": "Otto",
            "real_name": "Otto Atzwanger",
            "display_name": "Otto",
            "team": "TJH5YU202",
            "name": "otto",
            "is_restricted": false,
            "is_ultra_restricted": false
        },
        "blocks": [
            {
                "type": "rich_text",
                "block_id": "\/U3N",
                "elements": [
                    {
                        "type": "rich_text_section",
                        "elements": [
                            {
                                "type": "text",
                                "text": "I am searching the web for: Compare Adobe Dreamweaver vs Bootstrap"
                            }
                        ]
                    }
                ]
            }
        ]
    },
    {
        "client_msg_id": "d27f0371-9740-4a6b-8b40-b57861919764",
        "type": "message",
        "text": "This is a good starting point:",
        "user": "UJHD6A81H",
        "ts": "1579936661.024300",
        "team": "TJH5YU202",
        "user_team": "TJH5YU202",
        "source_team": "TJH5YU202",
        "user_profile": {
            "avatar_hash": "g6b8073e00e9",
            "image_72": "https:\/\/secure.gravatar.com\/avatar\/b96b8073e00e9eb02bcf05bc1418eb3a.jpg?s=72&d=https%3A%2F%2Fa.slack-edge.com%2Fdf10d%2Fimg%2Favatars%2Fava_0021-72.png",
            "first_name": "Otto",
            "real_name": "Otto Atzwanger",
            "display_name": "Otto",
            "team": "TJH5YU202",
            "name": "otto",
            "is_restricted": false,
            "is_ultra_restricted": false
        },
        "blocks": [
            {
                "type": "rich_text",
                "block_id": "no39",
                "elements": [
                    {
                        "type": "rich_text_section",
                        "elements": [
                            {
                                "type": "text",
                                "text": "This is a good starting point:"
                            }
                        ]
                    }
                ]
            }
        ]
    },
    {
        "client_msg_id": "911b12b9-c0e8-46c6-9629-3139a56fa212",
        "type": "message",
        "text": "Do you have a general idea on the website design? Do you know which technology you would like to use. Will you be using templates? There is so much to web design that you need to think about before you begin. If you are using WordPress for example, you do not have to use Dreamweaver. These days you can buy applications which bolt on to your WordPress website inside of WordPress, giving you full control. As you are using Dreamweaver, start with the basics: Create a site and add servers on, if you have hosting already setup. If you do not have hosting sorted or just want to test on your PC, just download WAMP and you can test your website locally, you will still need to create a Site in Dreamweaver but it will be locally hosted. If your design has a basic template, like features which will be on every page, like a header and footer, you should create a template page to use again and again. Stick to the design you have, if you have one. This will save you time. I know people who make changes in the fly. Not a good idea, unless you know the change is going to be a quick one. Design mobile first, then work through the larger resolutions. This way the design will work on all systems. Once the design is done, you can upload it. Bit of a broad questions. But hope that helps. Happy to help, just drop me a message.",
        "user": "UJHD6A81H",
        "ts": "1579936701.024600",
        "team": "TJH5YU202",
        "user_team": "TJH5YU202",
        "source_team": "TJH5YU202",
        "user_profile": {
            "avatar_hash": "g6b8073e00e9",
            "image_72": "https:\/\/secure.gravatar.com\/avatar\/b96b8073e00e9eb02bcf05bc1418eb3a.jpg?s=72&d=https%3A%2F%2Fa.slack-edge.com%2Fdf10d%2Fimg%2Favatars%2Fava_0021-72.png",
            "first_name": "Otto",
            "real_name": "Otto Atzwanger",
            "display_name": "Otto",
            "team": "TJH5YU202",
            "name": "otto",
            "is_restricted": false,
            "is_ultra_restricted": false
        },
        "blocks": [
            {
                "type": "rich_text",
                "block_id": "jfn",
                "elements": [
                    {
                        "type": "rich_text_section",
                        "elements": [
                            {
                                "type": "text",
                                "text": "Do you have a general idea on the website design? Do you know which technology you would like to use. Will you be using templates? There is so much to web design that you need to think about before you begin. If you are using WordPress for example, you do not have to use Dreamweaver. These days you can buy applications which bolt on to your WordPress website inside of WordPress, giving you full control. As you are using Dreamweaver, start with the basics: Create a site and add servers on, if you have hosting already setup. If you do not have hosting sorted or just want to test on your PC, just download WAMP and you can test your website locally, you will still need to create a Site in Dreamweaver but it will be locally hosted. If your design has a basic template, like features which will be on every page, like a header and footer, you should create a template page to use again and again. Stick to the design you have, if you have one. This will save you time. I know people who make changes in the fly. Not a good idea, unless you know the change is going to be a quick one. Design mobile first, then work through the larger resolutions. This way the design will work on all systems. Once the design is done, you can upload it. Bit of a broad questions. But hope that helps. Happy to help, just drop me a message."
                            }
                        ]
                    }
                ]
            }
        ]
    },
    {
        "client_msg_id": "d7ccebd4-120d-40f1-9a8a-237b742e93c3",
        "type": "message",
        "text": "Change WORDPRESS with Genesis",
        "user": "UJHD6A81H",
        "ts": "1579936718.025000",
        "team": "TJH5YU202",
        "user_team": "TJH5YU202",
        "source_team": "TJH5YU202",
        "user_profile": {
            "avatar_hash": "g6b8073e00e9",
            "image_72": "https:\/\/secure.gravatar.com\/avatar\/b96b8073e00e9eb02bcf05bc1418eb3a.jpg?s=72&d=https%3A%2F%2Fa.slack-edge.com%2Fdf10d%2Fimg%2Favatars%2Fava_0021-72.png",
            "first_name": "Otto",
            "real_name": "Otto Atzwanger",
            "display_name": "Otto",
            "team": "TJH5YU202",
            "name": "otto",
            "is_restricted": false,
            "is_ultra_restricted": false
        },
        "blocks": [
            {
                "type": "rich_text",
                "block_id": "U+XkY",
                "elements": [
                    {
                        "type": "rich_text_section",
                        "elements": [
                            {
                                "type": "text",
                                "text": "Change WORDPRESS with Genesis"
                            }
                        ]
                    }
                ]
            }
        ]
    }
]