[
    {
        "client_msg_id": "afff9340-98a9-46ea-acc0-a50fd9f421b6",
        "type": "message",
        "text": "Buenas",
        "user": "UNAHBRTFA",
        "ts": "1578735360.343000",
        "team": "TJH5YU202",
        "user_team": "TJH5YU202",
        "source_team": "TJH5YU202",
        "user_profile": {
            "avatar_hash": "g3d2a3f4c28c",
            "image_72": "https:\/\/secure.gravatar.com\/avatar\/23d2a3f4c28cebb4cf07e48d02620517.jpg?s=72&d=https%3A%2F%2Fa.slack-edge.com%2Fdf10d%2Fimg%2Favatars%2Fava_0020-72.png",
            "first_name": "Andreu",
            "real_name": "Andreu Botella",
            "display_name": "Andreu Botella",
            "team": "TJH5YU202",
            "name": "andreu.132",
            "is_restricted": false,
            "is_ultra_restricted": false
        },
        "blocks": [
            {
                "type": "rich_text",
                "block_id": "2F0",
                "elements": [
                    {
                        "type": "rich_text_section",
                        "elements": [
                            {
                                "type": "text",
                                "text": "Buenas"
                            }
                        ]
                    }
                ]
            }
        ]
    },
    {
        "client_msg_id": "bb22eebd-5726-4cbe-b0a8-66be281d052f",
        "type": "message",
        "text": "He estado mirando documentos muy antiguos de cómo se definía el DOM antes de que apareciera el WHATWG y con él HTML5",
        "user": "UNAHBRTFA",
        "ts": "1578735394.343700",
        "team": "TJH5YU202",
        "user_team": "TJH5YU202",
        "source_team": "TJH5YU202",
        "user_profile": {
            "avatar_hash": "g3d2a3f4c28c",
            "image_72": "https:\/\/secure.gravatar.com\/avatar\/23d2a3f4c28cebb4cf07e48d02620517.jpg?s=72&d=https%3A%2F%2Fa.slack-edge.com%2Fdf10d%2Fimg%2Favatars%2Fava_0020-72.png",
            "first_name": "Andreu",
            "real_name": "Andreu Botella",
            "display_name": "Andreu Botella",
            "team": "TJH5YU202",
            "name": "andreu.132",
            "is_restricted": false,
            "is_ultra_restricted": false
        },
        "blocks": [
            {
                "type": "rich_text",
                "block_id": "fsgVZ",
                "elements": [
                    {
                        "type": "rich_text_section",
                        "elements": [
                            {
                                "type": "text",
                                "text": "He estado mirando documentos muy antiguos de cómo se definía el DOM antes de que apareciera el WHATWG y con él HTML5"
                            }
                        ]
                    }
                ]
            }
        ]
    },
    {
        "client_msg_id": "811423d7-99bf-445c-b304-33de9878ac88",
        "type": "message",
        "text": "El DOM originalmente también proporcionaba interfaces para Java como lenguaje de scripting, y no ponía límites para soportar otros lenguajes",
        "user": "UNAHBRTFA",
        "ts": "1578735414.344200",
        "team": "TJH5YU202",
        "user_team": "TJH5YU202",
        "source_team": "TJH5YU202",
        "user_profile": {
            "avatar_hash": "g3d2a3f4c28c",
            "image_72": "https:\/\/secure.gravatar.com\/avatar\/23d2a3f4c28cebb4cf07e48d02620517.jpg?s=72&d=https%3A%2F%2Fa.slack-edge.com%2Fdf10d%2Fimg%2Favatars%2Fava_0020-72.png",
            "first_name": "Andreu",
            "real_name": "Andreu Botella",
            "display_name": "Andreu Botella",
            "team": "TJH5YU202",
            "name": "andreu.132",
            "is_restricted": false,
            "is_ultra_restricted": false
        },
        "edited": {
            "user": "UNAHBRTFA",
            "ts": "1578735695.000000"
        },
        "blocks": [
            {
                "type": "rich_text",
                "block_id": "k1ax",
                "elements": [
                    {
                        "type": "rich_text_section",
                        "elements": [
                            {
                                "type": "text",
                                "text": "El DOM originalmente también proporcionaba interfaces para Java como lenguaje de scripting, y no ponía límites para soportar otros lenguajes"
                            }
                        ]
                    }
                ]
            }
        ]
    },
    {
        "client_msg_id": "43c176e7-37fd-41f2-84c6-4cb2c33cc9a6",
        "type": "message",
        "text": "El hecho de que Javascript sea \"el lenguaje de la web\" es un accidente histórico",
        "user": "UNAHBRTFA",
        "ts": "1578735514.345500",
        "team": "TJH5YU202",
        "user_team": "TJH5YU202",
        "source_team": "TJH5YU202",
        "user_profile": {
            "avatar_hash": "g3d2a3f4c28c",
            "image_72": "https:\/\/secure.gravatar.com\/avatar\/23d2a3f4c28cebb4cf07e48d02620517.jpg?s=72&d=https%3A%2F%2Fa.slack-edge.com%2Fdf10d%2Fimg%2Favatars%2Fava_0020-72.png",
            "first_name": "Andreu",
            "real_name": "Andreu Botella",
            "display_name": "Andreu Botella",
            "team": "TJH5YU202",
            "name": "andreu.132",
            "is_restricted": false,
            "is_ultra_restricted": false
        },
        "blocks": [
            {
                "type": "rich_text",
                "block_id": "jCuYo",
                "elements": [
                    {
                        "type": "rich_text_section",
                        "elements": [
                            {
                                "type": "text",
                                "text": "El hecho de que Javascript sea \"el lenguaje de la web\" es un accidente histórico"
                            }
                        ]
                    }
                ]
            }
        ]
    },
    {
        "client_msg_id": "a61385cd-3b9f-44ff-80a1-f9a7d84eeb95",
        "type": "message",
        "text": "Por supuesto, que las especificaciones den formas de que un lenguaje se use en la web no significa que los navegadores lo estén implementando",
        "user": "UNAHBRTFA",
        "ts": "1578735760.346900",
        "team": "TJH5YU202",
        "user_team": "TJH5YU202",
        "source_team": "TJH5YU202",
        "user_profile": {
            "avatar_hash": "g3d2a3f4c28c",
            "image_72": "https:\/\/secure.gravatar.com\/avatar\/23d2a3f4c28cebb4cf07e48d02620517.jpg?s=72&d=https%3A%2F%2Fa.slack-edge.com%2Fdf10d%2Fimg%2Favatars%2Fava_0020-72.png",
            "first_name": "Andreu",
            "real_name": "Andreu Botella",
            "display_name": "Andreu Botella",
            "team": "TJH5YU202",
            "name": "andreu.132",
            "is_restricted": false,
            "is_ultra_restricted": false
        },
        "blocks": [
            {
                "type": "rich_text",
                "block_id": "CZE",
                "elements": [
                    {
                        "type": "rich_text_section",
                        "elements": [
                            {
                                "type": "text",
                                "text": "Por supuesto, que las especificaciones den formas de que un lenguaje se use en la web no significa que los navegadores lo estén implementando"
                            }
                        ]
                    }
                ]
            }
        ]
    },
    {
        "client_msg_id": "215e3568-8f75-40f5-a27f-8dc767721218",
        "type": "message",
        "text": "pero creo que ese lock-in fue más porque al principio JS se usaba para poca cosa, y se toleraba el JS como algunos de vosotros toleráis el HTML y el CSS ahora",
        "user": "UNAHBRTFA",
        "ts": "1578735840.348200",
        "team": "TJH5YU202",
        "user_team": "TJH5YU202",
        "source_team": "TJH5YU202",
        "user_profile": {
            "avatar_hash": "g3d2a3f4c28c",
            "image_72": "https:\/\/secure.gravatar.com\/avatar\/23d2a3f4c28cebb4cf07e48d02620517.jpg?s=72&d=https%3A%2F%2Fa.slack-edge.com%2Fdf10d%2Fimg%2Favatars%2Fava_0020-72.png",
            "first_name": "Andreu",
            "real_name": "Andreu Botella",
            "display_name": "Andreu Botella",
            "team": "TJH5YU202",
            "name": "andreu.132",
            "is_restricted": false,
            "is_ultra_restricted": false
        },
        "edited": {
            "user": "UNAHBRTFA",
            "ts": "1578736395.000000"
        },
        "blocks": [
            {
                "type": "rich_text",
                "block_id": "jdwUZ",
                "elements": [
                    {
                        "type": "rich_text_section",
                        "elements": [
                            {
                                "type": "text",
                                "text": "pero creo que ese lock-in fue más porque al principio JS se usaba para poca cosa, y se toleraba el JS como algunos de vosotros toleráis el HTML y el CSS ahora"
                            }
                        ]
                    }
                ]
            }
        ]
    },
    {
        "client_msg_id": "8a59c84d-9e33-41ee-aa83-108bd1bc078b",
        "type": "message",
        "text": "antes de que Google empezara a hacer aplicaciones enormes en la web",
        "user": "UNAHBRTFA",
        "ts": "1578735852.348600",
        "team": "TJH5YU202",
        "user_team": "TJH5YU202",
        "source_team": "TJH5YU202",
        "user_profile": {
            "avatar_hash": "g3d2a3f4c28c",
            "image_72": "https:\/\/secure.gravatar.com\/avatar\/23d2a3f4c28cebb4cf07e48d02620517.jpg?s=72&d=https%3A%2F%2Fa.slack-edge.com%2Fdf10d%2Fimg%2Favatars%2Fava_0020-72.png",
            "first_name": "Andreu",
            "real_name": "Andreu Botella",
            "display_name": "Andreu Botella",
            "team": "TJH5YU202",
            "name": "andreu.132",
            "is_restricted": false,
            "is_ultra_restricted": false
        },
        "blocks": [
            {
                "type": "rich_text",
                "block_id": "UkI1",
                "elements": [
                    {
                        "type": "rich_text_section",
                        "elements": [
                            {
                                "type": "text",
                                "text": "antes de que Google empezara a hacer aplicaciones enormes en la web"
                            }
                        ]
                    }
                ]
            }
        ],
        "reactions": [
            {
                "name": "+1",
                "users": [
                    "UJUJLTWMT",
                    "UM81W8B0Q",
                    "UJULAGJG5",
                    "UMZ3LNV5Z"
                ],
                "count": 4
            }
        ]
    },
    {
        "client_msg_id": "4d634d6a-35ea-4a49-a2b7-5733fc656e08",
        "type": "message",
        "text": "<@UJUJLTWMT> I wish you all the best for your birthday.",
        "user": "UJHD6A81H",
        "ts": "1578759437.351100",
        "team": "TJH5YU202",
        "user_team": "TJH5YU202",
        "source_team": "TJH5YU202",
        "user_profile": {
            "avatar_hash": "g6b8073e00e9",
            "image_72": "https:\/\/secure.gravatar.com\/avatar\/b96b8073e00e9eb02bcf05bc1418eb3a.jpg?s=72&d=https%3A%2F%2Fa.slack-edge.com%2Fdf10d%2Fimg%2Favatars%2Fava_0021-72.png",
            "first_name": "Otto",
            "real_name": "Otto Atzwanger",
            "display_name": "Otto",
            "team": "TJH5YU202",
            "name": "otto",
            "is_restricted": false,
            "is_ultra_restricted": false
        },
        "blocks": [
            {
                "type": "rich_text",
                "block_id": "U7Iii",
                "elements": [
                    {
                        "type": "rich_text_section",
                        "elements": [
                            {
                                "type": "user",
                                "user_id": "UJUJLTWMT"
                            },
                            {
                                "type": "text",
                                "text": " I wish you all the best for your birthday."
                            }
                        ]
                    }
                ]
            }
        ]
    },
    {
        "client_msg_id": "a7888c6b-dcd3-43fb-8b70-9a6cbe2d59ef",
        "type": "message",
        "text": "Happy Birthday !!",
        "user": "UM81W8B0Q",
        "ts": "1578761091.351500",
        "team": "TJH5YU202",
        "user_team": "TJH5YU202",
        "source_team": "TJH5YU202",
        "user_profile": {
            "avatar_hash": "gab9279ee8c0",
            "image_72": "https:\/\/secure.gravatar.com\/avatar\/73ab9279ee8c00f66ce4904d30146c8f.jpg?s=72&d=https%3A%2F%2Fa.slack-edge.com%2Fdf10d%2Fimg%2Favatars%2Fava_0010-72.png",
            "first_name": "",
            "real_name": "Angel Pais",
            "display_name": "Angel Pais",
            "team": "TJH5YU202",
            "name": "amigosam",
            "is_restricted": false,
            "is_ultra_restricted": false
        },
        "edited": {
            "user": "UM81W8B0Q",
            "ts": "1578761116.000000"
        },
        "blocks": [
            {
                "type": "rich_text",
                "block_id": "fvIPZ",
                "elements": [
                    {
                        "type": "rich_text_section",
                        "elements": [
                            {
                                "type": "text",
                                "text": "Happy Birthday !!"
                            }
                        ]
                    }
                ]
            }
        ]
    },
    {
        "client_msg_id": "cc25f2d7-bbd1-4b3b-8a6e-983e59e64374",
        "type": "message",
        "text": "Thanks my friends",
        "user": "UJUJLTWMT",
        "ts": "1578770323.351900",
        "team": "TJH5YU202",
        "user_team": "TJH5YU202",
        "source_team": "TJH5YU202",
        "user_profile": {
            "avatar_hash": "a60e3b1ef2d2",
            "image_72": "https:\/\/avatars.slack-edge.com\/2019-08-20\/726246109489_a60e3b1ef2d2c141969d_72.jpg",
            "first_name": "",
            "real_name": "Cristobal",
            "display_name": "Cristobal",
            "team": "TJH5YU202",
            "name": "navarro.cristobal",
            "is_restricted": false,
            "is_ultra_restricted": false
        },
        "blocks": [
            {
                "type": "rich_text",
                "block_id": "gUy",
                "elements": [
                    {
                        "type": "rich_text_section",
                        "elements": [
                            {
                                "type": "text",
                                "text": "Thanks my friends"
                            }
                        ]
                    }
                ]
            }
        ]
    },
    {
        "client_msg_id": "b827428d-3a2a-4b38-85b9-3b7235f6a22e",
        "type": "message",
        "text": "Feliz cumple JEFE !!",
        "user": "UJXP7LS78",
        "ts": "1578785720.352200",
        "team": "TJH5YU202",
        "user_team": "TJH5YU202",
        "source_team": "TJH5YU202",
        "user_profile": {
            "avatar_hash": "gc4a0baebb72",
            "image_72": "https:\/\/secure.gravatar.com\/avatar\/a1c4a0baebb720b97e5a197259dbf409.jpg?s=72&d=https%3A%2F%2Fa.slack-edge.com%2Fdf10d%2Fimg%2Favatars%2Fava_0007-72.png",
            "first_name": "",
            "real_name": "wilson gamboa",
            "display_name": "wilson gamboa",
            "team": "TJH5YU202",
            "name": "wilson.josenet",
            "is_restricted": false,
            "is_ultra_restricted": false
        },
        "blocks": [
            {
                "type": "rich_text",
                "block_id": "FT47y",
                "elements": [
                    {
                        "type": "rich_text_section",
                        "elements": [
                            {
                                "type": "text",
                                "text": "Feliz cumple JEFE !!"
                            }
                        ]
                    }
                ]
            }
        ]
    },
    {
        "client_msg_id": "f1dae2c9-253e-4c20-8f6f-9ca8ec5a2696",
        "type": "message",
        "text": "Muchas gracias Wilson. Un abrazo",
        "user": "UJUJLTWMT",
        "ts": "1578789186.352500",
        "team": "TJH5YU202",
        "user_team": "TJH5YU202",
        "source_team": "TJH5YU202",
        "user_profile": {
            "avatar_hash": "a60e3b1ef2d2",
            "image_72": "https:\/\/avatars.slack-edge.com\/2019-08-20\/726246109489_a60e3b1ef2d2c141969d_72.jpg",
            "first_name": "",
            "real_name": "Cristobal",
            "display_name": "Cristobal",
            "team": "TJH5YU202",
            "name": "navarro.cristobal",
            "is_restricted": false,
            "is_ultra_restricted": false
        },
        "blocks": [
            {
                "type": "rich_text",
                "block_id": "PozSd",
                "elements": [
                    {
                        "type": "rich_text_section",
                        "elements": [
                            {
                                "type": "text",
                                "text": "Muchas gracias Wilson. Un abrazo"
                            }
                        ]
                    }
                ]
            }
        ]
    }
]