[
    {
        "client_msg_id": "34d4f475-e517-42b4-b56b-bf5d38bd1dc9",
        "type": "message",
        "text": "\/\/ Google translate\nGracias Massimo.\nSu contribución es tan importante que la publico nuevamente aquí y en el foro español.\nAtentamente\nOtón\n\nHola otto\nCreo que la parte más importante de mod_harbour no es la interfaz. Esto es algo que puedes hacer\nEn maneras diferentes. Al hacer algunos proyectos, puede ver que es posible reutilizar todo el código ya hecho con\npuerto en windows. Todas las funciones, las validaciones y el procesamiento de datos. Esto es increíble. No tienes nada\nreescribir Sí, los formularios son diferentes y debe usar otro enfoque. Es lo mismo que tuvimos que hacer\ncruce de los viejos programas Dos a Windows. Es nuestro trabajo. A veces tenemos que aprender algo nuevo.\nPero cuando comprendemos la forma en que funciona mod_harbour, puedes hacer grandes cosas. Si tengo que hacer algunos proyectos nuevos,\nTambién para una red, lo haré en mod_harbour. Puede funcionar con todas las computadoras (Apple también), tabletas y si se coloca en\nun servidor publicado también puede funcionar en la web. ¿Qué podemos pedir más de un idioma que ya sabemos?\n\n------------------------------\n\n\nThank you, Massimo.\nYour contribution is so significant that I post it again here and in the Spanish forum.\nBest regards\nOtto\n\nHello Otto.\nI think that the most important part of mod_harbour is not the interface. This is something that you can make\nin different ways. Making some projects you can see that is possible to reuse all the code already made with\nharbour in windows. All the functions, the validations and data processing. This is incredible. You have nothing\nto rewrite. Yes, the forms are different and you must use another approach. It's the same that we had to make\ncrossing from the old Dos programs to Windows. It's our work. Sometimes we have to learn something new.\nBut when we understand the way mod_harbour work, you can make big things. If I have to make some new projects,\nalso for a network, I will make it in mod_harbour. It can work with all computers (Apple too), tablets and if placed on\na published server can work on web too. What can we ask more from a language that we already know ?",
        "user": "UJHD6A81H",
        "ts": "1579091539.447300",
        "team": "TJH5YU202",
        "user_team": "TJH5YU202",
        "source_team": "TJH5YU202",
        "user_profile": {
            "avatar_hash": "g6b8073e00e9",
            "image_72": "https:\/\/secure.gravatar.com\/avatar\/b96b8073e00e9eb02bcf05bc1418eb3a.jpg?s=72&d=https%3A%2F%2Fa.slack-edge.com%2Fdf10d%2Fimg%2Favatars%2Fava_0021-72.png",
            "first_name": "Otto",
            "real_name": "Otto Atzwanger",
            "display_name": "Otto",
            "team": "TJH5YU202",
            "name": "otto",
            "is_restricted": false,
            "is_ultra_restricted": false
        },
        "blocks": [
            {
                "type": "rich_text",
                "block_id": "zZz",
                "elements": [
                    {
                        "type": "rich_text_section",
                        "elements": [
                            {
                                "type": "text",
                                "text": "\/\/ Google translate\nGracias Massimo.\nSu contribución es tan importante que la publico nuevamente aquí y en el foro español.\nAtentamente\nOtón\n\nHola otto\nCreo que la parte más importante de mod_harbour no es la interfaz. Esto es algo que puedes hacer\nEn maneras diferentes. Al hacer algunos proyectos, puede ver que es posible reutilizar todo el código ya hecho con\npuerto en windows. Todas las funciones, las validaciones y el procesamiento de datos. Esto es increíble. No tienes nada\nreescribir Sí, los formularios son diferentes y debe usar otro enfoque. Es lo mismo que tuvimos que hacer\ncruce de los viejos programas Dos a Windows. Es nuestro trabajo. A veces tenemos que aprender algo nuevo.\nPero cuando comprendemos la forma en que funciona mod_harbour, puedes hacer grandes cosas. Si tengo que hacer algunos proyectos nuevos,\nTambién para una red, lo haré en mod_harbour. Puede funcionar con todas las computadoras (Apple también), tabletas y si se coloca en\nun servidor publicado también puede funcionar en la web. ¿Qué podemos pedir más de un idioma que ya sabemos?\n\n------------------------------\n\n\nThank you, Massimo.\nYour contribution is so significant that I post it again here and in the Spanish forum.\nBest regards\nOtto\n\nHello Otto.\nI think that the most important part of mod_harbour is not the interface. This is something that you can make\nin different ways. Making some projects you can see that is possible to reuse all the code already made with\nharbour in windows. All the functions, the validations and data processing. This is incredible. You have nothing\nto rewrite. Yes, the forms are different and you must use another approach. It's the same that we had to make\ncrossing from the old Dos programs to Windows. It's our work. Sometimes we have to learn something new.\nBut when we understand the way mod_harbour work, you can make big things. If I have to make some new projects,\nalso for a network, I will make it in mod_harbour. It can work with all computers (Apple too), tablets and if placed on\na published server can work on web too. What can we ask more from a language that we already know ?"
                            }
                        ]
                    }
                ]
            }
        ]
    },
    {
        "client_msg_id": "573000d6-f9bb-4a36-8ac2-febf51a98ff8",
        "type": "message",
        "text": "Hi Otto. Can you give us some context to this ?",
        "user": "UM81W8B0Q",
        "ts": "1579093795.447800",
        "team": "TJH5YU202",
        "user_team": "TJH5YU202",
        "source_team": "TJH5YU202",
        "user_profile": {
            "avatar_hash": "gab9279ee8c0",
            "image_72": "https:\/\/secure.gravatar.com\/avatar\/73ab9279ee8c00f66ce4904d30146c8f.jpg?s=72&d=https%3A%2F%2Fa.slack-edge.com%2Fdf10d%2Fimg%2Favatars%2Fava_0010-72.png",
            "first_name": "",
            "real_name": "Angel Pais",
            "display_name": "Angel Pais",
            "team": "TJH5YU202",
            "name": "amigosam",
            "is_restricted": false,
            "is_ultra_restricted": false
        },
        "blocks": [
            {
                "type": "rich_text",
                "block_id": "DOa",
                "elements": [
                    {
                        "type": "rich_text_section",
                        "elements": [
                            {
                                "type": "text",
                                "text": "Hi Otto. Can you give us some context to this ?"
                            }
                        ]
                    }
                ]
            }
        ]
    },
    {
        "client_msg_id": "0e5a90c2-5a1a-4fe4-93ec-e072c3495569",
        "type": "message",
        "text": "<http:\/\/forums.fivetechsupport.com\/viewtopic.php?f=3&amp;t=38343>",
        "user": "UJHD6A81H",
        "ts": "1579096704.448000",
        "team": "TJH5YU202",
        "user_team": "TJH5YU202",
        "source_team": "TJH5YU202",
        "user_profile": {
            "avatar_hash": "g6b8073e00e9",
            "image_72": "https:\/\/secure.gravatar.com\/avatar\/b96b8073e00e9eb02bcf05bc1418eb3a.jpg?s=72&d=https%3A%2F%2Fa.slack-edge.com%2Fdf10d%2Fimg%2Favatars%2Fava_0021-72.png",
            "first_name": "Otto",
            "real_name": "Otto Atzwanger",
            "display_name": "Otto",
            "team": "TJH5YU202",
            "name": "otto",
            "is_restricted": false,
            "is_ultra_restricted": false
        },
        "blocks": [
            {
                "type": "rich_text",
                "block_id": "3rH",
                "elements": [
                    {
                        "type": "rich_text_section",
                        "elements": [
                            {
                                "type": "link",
                                "url": "http:\/\/forums.fivetechsupport.com\/viewtopic.php?f=3&t=38343"
                            }
                        ]
                    }
                ]
            }
        ]
    },
    {
        "client_msg_id": "35e24cfd-c89a-46e7-83e8-ea8909ee526e",
        "type": "message",
        "text": "It is a topic in our FIVEWIN forum.",
        "user": "UJHD6A81H",
        "ts": "1579096721.448400",
        "team": "TJH5YU202",
        "user_team": "TJH5YU202",
        "source_team": "TJH5YU202",
        "user_profile": {
            "avatar_hash": "g6b8073e00e9",
            "image_72": "https:\/\/secure.gravatar.com\/avatar\/b96b8073e00e9eb02bcf05bc1418eb3a.jpg?s=72&d=https%3A%2F%2Fa.slack-edge.com%2Fdf10d%2Fimg%2Favatars%2Fava_0021-72.png",
            "first_name": "Otto",
            "real_name": "Otto Atzwanger",
            "display_name": "Otto",
            "team": "TJH5YU202",
            "name": "otto",
            "is_restricted": false,
            "is_ultra_restricted": false
        },
        "blocks": [
            {
                "type": "rich_text",
                "block_id": "yRdh",
                "elements": [
                    {
                        "type": "rich_text_section",
                        "elements": [
                            {
                                "type": "text",
                                "text": "It is a topic in our FIVEWIN forum."
                            }
                        ]
                    }
                ]
            }
        ]
    }
]