[
    {
        "client_msg_id": "e551c93d-2fb6-48d7-b2c1-4faecc8d5d82",
        "type": "message",
        "text": "Charly, a mi con apache y windows funciona bien.",
        "user": "UL77SJTB2",
        "ts": "1570701073.007500",
        "team": "TJH5YU202",
        "user_team": "TJH5YU202",
        "source_team": "TJH5YU202",
        "user_profile": {
            "avatar_hash": "g083d53f16df",
            "image_72": "https:\/\/secure.gravatar.com\/avatar\/6e083d53f16dfeb8acae9b468b891210.jpg?s=72&d=https%3A%2F%2Fa.slack-edge.com%2Fdf10d%2Fimg%2Favatars%2Fava_0016-72.png",
            "first_name": "",
            "real_name": "Pere Cordonet",
            "display_name": "Pere Cordonet",
            "team": "TJH5YU202",
            "name": "perecordonet",
            "is_restricted": false,
            "is_ultra_restricted": false
        }
    },
    {
        "client_msg_id": "bfe1e469-c5f9-40ea-8523-7c90a2a12b0c",
        "type": "message",
        "text": "Es un ejemplo que ha de funcionar en windows (porque es un test sobre ADO)",
        "user": "UJWR5N32S",
        "ts": "1570709354.008100",
        "team": "TJH5YU202",
        "user_team": "TJH5YU202",
        "source_team": "TJH5YU202",
        "user_profile": {
            "avatar_hash": "273d3745f7ae",
            "image_72": "https:\/\/avatars.slack-edge.com\/2019-05-20\/634344238497_273d3745f7ae1b176b82_72.jpg",
            "first_name": "Charly",
            "real_name": "Charly",
            "display_name": "Charly",
            "team": "TJH5YU202",
            "name": "carles9000",
            "is_restricted": false,
            "is_ultra_restricted": false
        },
        "reactions": [
            {
                "name": "+1",
                "users": [
                    "UJUFNFMFE"
                ],
                "count": 1
            }
        ]
    },
    {
        "client_msg_id": "9bea828a-f098-4f9d-9afd-152d0260bd00",
        "type": "message",
        "text": "En Linux no puede funcionar",
        "user": "UJWR5N32S",
        "ts": "1570709362.008400",
        "team": "TJH5YU202",
        "user_team": "TJH5YU202",
        "source_team": "TJH5YU202",
        "user_profile": {
            "avatar_hash": "273d3745f7ae",
            "image_72": "https:\/\/avatars.slack-edge.com\/2019-05-20\/634344238497_273d3745f7ae1b176b82_72.jpg",
            "first_name": "Charly",
            "real_name": "Charly",
            "display_name": "Charly",
            "team": "TJH5YU202",
            "name": "carles9000",
            "is_restricted": false,
            "is_ultra_restricted": false
        }
    },
    {
        "client_msg_id": "193772c6-46d3-4013-a623-65abee04de96",
        "type": "message",
        "text": "Hola, me pueden decir, enlace del vídeo, donde explica Antonio seamap ?",
        "user": "UJULAGJG5",
        "ts": "1570719118.010600",
        "team": "TJH5YU202",
        "user_team": "TJH5YU202",
        "source_team": "TJH5YU202",
        "user_profile": {
            "avatar_hash": "g456e0b2cdb9",
            "image_72": "https:\/\/secure.gravatar.com\/avatar\/dc456e0b2cdb991048d487a08c4a8c7a.jpg?s=72&d=https%3A%2F%2Fa.slack-edge.com%2Fdf10d%2Fimg%2Favatars%2Fava_0004-72.png",
            "first_name": "",
            "real_name": "Gabriel",
            "display_name": "Gabriel",
            "team": "TJH5YU202",
            "name": "jgabri",
            "is_restricted": false,
            "is_ultra_restricted": false
        }
    },
    {
        "client_msg_id": "18d84b9e-56c1-4268-8085-e3c798e6abdb",
        "type": "message",
        "text": "Gracias",
        "user": "UJULAGJG5",
        "ts": "1570719121.010800",
        "team": "TJH5YU202",
        "user_team": "TJH5YU202",
        "source_team": "TJH5YU202",
        "user_profile": {
            "avatar_hash": "g456e0b2cdb9",
            "image_72": "https:\/\/secure.gravatar.com\/avatar\/dc456e0b2cdb991048d487a08c4a8c7a.jpg?s=72&d=https%3A%2F%2Fa.slack-edge.com%2Fdf10d%2Fimg%2Favatars%2Fava_0004-72.png",
            "first_name": "",
            "real_name": "Gabriel",
            "display_name": "Gabriel",
            "team": "TJH5YU202",
            "name": "jgabri",
            "is_restricted": false,
            "is_ultra_restricted": false
        }
    },
    {
        "client_msg_id": "245f664b-7723-4e3c-a029-642085d5b778",
        "type": "message",
        "text": "<https:\/\/www.youtube.com\/watch?v=ILasE7BzuIM>",
        "user": "UJWR5N32S",
        "ts": "1570719623.011200",
        "team": "TJH5YU202",
        "user_team": "TJH5YU202",
        "source_team": "TJH5YU202",
        "user_profile": {
            "avatar_hash": "273d3745f7ae",
            "image_72": "https:\/\/avatars.slack-edge.com\/2019-05-20\/634344238497_273d3745f7ae1b176b82_72.jpg",
            "first_name": "Charly",
            "real_name": "Charly",
            "display_name": "Charly",
            "team": "TJH5YU202",
            "name": "carles9000",
            "is_restricted": false,
            "is_ultra_restricted": false
        },
        "attachments": [
            {
                "service_name": "YouTube",
                "service_url": "https:\/\/www.youtube.com\/",
                "title": "HWeb mod-harbour 13°",
                "title_link": "https:\/\/www.youtube.com\/watch?v=ILasE7BzuIM",
                "author_name": "Marcelo Roggeri",
                "author_link": "https:\/\/www.youtube.com\/channel\/UCLcisQQ4C6CrFp3Hkvt7FRA",
                "thumb_url": "https:\/\/i.ytimg.com\/vi\/ILasE7BzuIM\/hqdefault.jpg",
                "thumb_width": 480,
                "thumb_height": 360,
                "fallback": "YouTube Video: HWeb mod-harbour 13°",
                "video_html": "<iframe width=\"400\" height=\"225\" src=\"https:\/\/www.youtube.com\/embed\/ILasE7BzuIM?feature=oembed&autoplay=1&iv_load_policy=3\" frameborder=\"0\" allow=\"accelerometer; autoplay; encrypted-media; gyroscope; picture-in-picture\" allowfullscreen><\/iframe>",
                "video_html_width": 400,
                "video_html_height": 225,
                "from_url": "https:\/\/www.youtube.com\/watch?v=ILasE7BzuIM",
                "service_icon": "https:\/\/a.slack-edge.com\/80588\/img\/unfurl_icons\/youtube.png",
                "id": 1,
                "original_url": "https:\/\/www.youtube.com\/watch?v=ILasE7BzuIM"
            }
        ]
    },
    {
        "client_msg_id": "d484e85d-b6ef-4a5a-ab1c-092a5202b803",
        "type": "message",
        "text": "A partir de 1.09 h. Antonio Linares hace una perfecta explicacion",
        "user": "UJWR5N32S",
        "ts": "1570719650.011800",
        "team": "TJH5YU202",
        "user_team": "TJH5YU202",
        "source_team": "TJH5YU202",
        "user_profile": {
            "avatar_hash": "273d3745f7ae",
            "image_72": "https:\/\/avatars.slack-edge.com\/2019-05-20\/634344238497_273d3745f7ae1b176b82_72.jpg",
            "first_name": "Charly",
            "real_name": "Charly",
            "display_name": "Charly",
            "team": "TJH5YU202",
            "name": "carles9000",
            "is_restricted": false,
            "is_ultra_restricted": false
        }
    },
    {
        "client_msg_id": "4c77ac12-5e01-4cdb-8420-cb404f6e1ed0",
        "type": "message",
        "text": "Gracias",
        "user": "UJULAGJG5",
        "ts": "1570721650.012000",
        "team": "TJH5YU202",
        "user_team": "TJH5YU202",
        "source_team": "TJH5YU202",
        "user_profile": {
            "avatar_hash": "g456e0b2cdb9",
            "image_72": "https:\/\/secure.gravatar.com\/avatar\/dc456e0b2cdb991048d487a08c4a8c7a.jpg?s=72&d=https%3A%2F%2Fa.slack-edge.com%2Fdf10d%2Fimg%2Favatars%2Fava_0004-72.png",
            "first_name": "",
            "real_name": "Gabriel",
            "display_name": "Gabriel",
            "team": "TJH5YU202",
            "name": "jgabri",
            "is_restricted": false,
            "is_ultra_restricted": false
        }
    }
]