[
    {
        "client_msg_id": "1f5db0b6-b403-4fb0-9142-7e74c4e08847",
        "type": "message",
        "text": "<@UL77SJTB2> He subido el Seamap III con login",
        "user": "UJWR5N32S",
        "ts": "1570644228.000500",
        "team": "TJH5YU202",
        "user_team": "TJH5YU202",
        "source_team": "TJH5YU202",
        "user_profile": {
            "avatar_hash": "273d3745f7ae",
            "image_72": "https:\/\/avatars.slack-edge.com\/2019-05-20\/634344238497_273d3745f7ae1b176b82_72.jpg",
            "first_name": "Charly",
            "real_name": "Charly",
            "display_name": "Charly",
            "team": "TJH5YU202",
            "name": "carles9000",
            "is_restricted": false,
            "is_ultra_restricted": false
        }
    },
    {
        "client_msg_id": "899de984-87c4-4142-9339-21a1c349a5db",
        "type": "message",
        "text": "<https:\/\/github.com\/carles9000\/seamap-3>",
        "user": "UJWR5N32S",
        "ts": "1570644231.000700",
        "team": "TJH5YU202",
        "user_team": "TJH5YU202",
        "source_team": "TJH5YU202",
        "user_profile": {
            "avatar_hash": "273d3745f7ae",
            "image_72": "https:\/\/avatars.slack-edge.com\/2019-05-20\/634344238497_273d3745f7ae1b176b82_72.jpg",
            "first_name": "Charly",
            "real_name": "Charly",
            "display_name": "Charly",
            "team": "TJH5YU202",
            "name": "carles9000",
            "is_restricted": false,
            "is_ultra_restricted": false
        },
        "attachments": [
            {
                "service_name": "GitHub",
                "title": "carles9000\/seamap-3",
                "title_link": "https:\/\/github.com\/carles9000\/seamap-3",
                "text": "Tutorial MVC - 3. Contribute to carles9000\/seamap-3 development by creating an account on GitHub.",
                "fallback": "GitHub: carles9000\/seamap-3",
                "thumb_url": "https:\/\/avatars3.githubusercontent.com\/u\/13433884?s=400&v=4",
                "from_url": "https:\/\/github.com\/carles9000\/seamap-3",
                "thumb_width": 170,
                "thumb_height": 170,
                "service_icon": "https:\/\/a.slack-edge.com\/80588\/img\/unfurl_icons\/github.png",
                "id": 1,
                "original_url": "https:\/\/github.com\/carles9000\/seamap-3"
            }
        ]
    },
    {
        "client_msg_id": "358bdf30-ad0f-4b57-983b-b600d43b9e61",
        "type": "message",
        "text": "Pero antes os tragais el seamap y seamap-1",
        "user": "UJWR5N32S",
        "ts": "1570644254.001300",
        "team": "TJH5YU202",
        "user_team": "TJH5YU202",
        "source_team": "TJH5YU202",
        "user_profile": {
            "avatar_hash": "273d3745f7ae",
            "image_72": "https:\/\/avatars.slack-edge.com\/2019-05-20\/634344238497_273d3745f7ae1b176b82_72.jpg",
            "first_name": "Charly",
            "real_name": "Charly",
            "display_name": "Charly",
            "team": "TJH5YU202",
            "name": "carles9000",
            "is_restricted": false,
            "is_ultra_restricted": false
        }
    },
    {
        "client_msg_id": "e0e86698-e520-4462-ac2b-8a5dbbaccc7c",
        "type": "message",
        "text": "Repasaros el video que explico Antonio el seamap",
        "user": "UJWR5N32S",
        "ts": "1570644270.001700",
        "team": "TJH5YU202",
        "user_team": "TJH5YU202",
        "source_team": "TJH5YU202",
        "user_profile": {
            "avatar_hash": "273d3745f7ae",
            "image_72": "https:\/\/avatars.slack-edge.com\/2019-05-20\/634344238497_273d3745f7ae1b176b82_72.jpg",
            "first_name": "Charly",
            "real_name": "Charly",
            "display_name": "Charly",
            "team": "TJH5YU202",
            "name": "carles9000",
            "is_restricted": false,
            "is_ultra_restricted": false
        }
    },
    {
        "client_msg_id": "2bec6e27-107d-4859-a28f-1cd8ae8ed0d7",
        "type": "message",
        "text": "Moltes gracies.",
        "user": "UL77SJTB2",
        "ts": "1570645227.002100",
        "team": "TJH5YU202",
        "user_team": "TJH5YU202",
        "source_team": "TJH5YU202",
        "user_profile": {
            "avatar_hash": "g083d53f16df",
            "image_72": "https:\/\/secure.gravatar.com\/avatar\/6e083d53f16dfeb8acae9b468b891210.jpg?s=72&d=https%3A%2F%2Fa.slack-edge.com%2Fdf10d%2Fimg%2Favatars%2Fava_0016-72.png",
            "first_name": "",
            "real_name": "Pere Cordonet",
            "display_name": "Pere Cordonet",
            "team": "TJH5YU202",
            "name": "perecordonet",
            "is_restricted": false,
            "is_ultra_restricted": false
        }
    },
    {
        "client_msg_id": "d318a1d6-89ab-4581-849e-d7e0e74abff9",
        "type": "message",
        "text": "Error: Unknown or unregistered symbol\noperation: WIN_OLECREATEOBJECT\ncalled from: ..\/..\/..\/apache.prg, (b)MAIN, line: 0\ncalled from: HB_HRBLOAD, line: 0\ncalled from: ..\/..\/..\/apache.prg, LOADHRB, line: 0\ncalled from: ..\/..\/..\/apache.prg, (b)REPLACEBLOCKS, line: 0\ncalled from: ..\/..\/..\/apache.prg, REPLACEBLOCKS, line: 0\ncalled from: ..\/..\/..\/apache.prg, EXECUTE, line: 0\ncalled from: ..\/..\/..\/apache.prg, MAIN, line: 0",
        "user": "UJULAGJG5",
        "ts": "1570650621.002300",
        "team": "TJH5YU202",
        "user_team": "TJH5YU202",
        "source_team": "TJH5YU202",
        "user_profile": {
            "avatar_hash": "g456e0b2cdb9",
            "image_72": "https:\/\/secure.gravatar.com\/avatar\/dc456e0b2cdb991048d487a08c4a8c7a.jpg?s=72&d=https%3A%2F%2Fa.slack-edge.com%2Fdf10d%2Fimg%2Favatars%2Fava_0004-72.png",
            "first_name": "",
            "real_name": "Gabriel",
            "display_name": "Gabriel",
            "team": "TJH5YU202",
            "name": "jgabri",
            "is_restricted": false,
            "is_ultra_restricted": false
        }
    },
    {
        "client_msg_id": "ac34c4d9-8a47-48d9-b7b2-f2dc3c8698f8",
        "type": "message",
        "text": "<http:\/\/93.189.95.9\/seamap-3\/>",
        "user": "UJULAGJG5",
        "ts": "1570650663.002500",
        "team": "TJH5YU202",
        "user_team": "TJH5YU202",
        "source_team": "TJH5YU202",
        "user_profile": {
            "avatar_hash": "g456e0b2cdb9",
            "image_72": "https:\/\/secure.gravatar.com\/avatar\/dc456e0b2cdb991048d487a08c4a8c7a.jpg?s=72&d=https%3A%2F%2Fa.slack-edge.com%2Fdf10d%2Fimg%2Favatars%2Fava_0004-72.png",
            "first_name": "",
            "real_name": "Gabriel",
            "display_name": "Gabriel",
            "team": "TJH5YU202",
            "name": "jgabri",
            "is_restricted": false,
            "is_ultra_restricted": false
        }
    },
    {
        "client_msg_id": "c3aa4e0c-29bb-47f1-936b-cb9e94fddb10",
        "type": "message",
        "text": "Gabriel, quizas es la version para iis",
        "user": "UJWR5N32S",
        "ts": "1570651189.003200",
        "team": "TJH5YU202",
        "user_team": "TJH5YU202",
        "source_team": "TJH5YU202",
        "user_profile": {
            "avatar_hash": "273d3745f7ae",
            "image_72": "https:\/\/avatars.slack-edge.com\/2019-05-20\/634344238497_273d3745f7ae1b176b82_72.jpg",
            "first_name": "Charly",
            "real_name": "Charly",
            "display_name": "Charly",
            "team": "TJH5YU202",
            "name": "carles9000",
            "is_restricted": false,
            "is_ultra_restricted": false
        }
    },
    {
        "client_msg_id": "b120f25e-6b30-45c7-b798-67c0c14e913b",
        "type": "message",
        "text": "Quizas no, seguro",
        "user": "UJWR5N32S",
        "ts": "1570651196.003500",
        "team": "TJH5YU202",
        "user_team": "TJH5YU202",
        "source_team": "TJH5YU202",
        "user_profile": {
            "avatar_hash": "273d3745f7ae",
            "image_72": "https:\/\/avatars.slack-edge.com\/2019-05-20\/634344238497_273d3745f7ae1b176b82_72.jpg",
            "first_name": "Charly",
            "real_name": "Charly",
            "display_name": "Charly",
            "team": "TJH5YU202",
            "name": "carles9000",
            "is_restricted": false,
            "is_ultra_restricted": false
        }
    },
    {
        "client_msg_id": "32c3ffa6-1333-46fc-93eb-5b3c3af477ee",
        "type": "message",
        "text": "Bueno no lo se, estoy fuera ahora",
        "user": "UJWR5N32S",
        "ts": "1570651221.003900",
        "team": "TJH5YU202",
        "user_team": "TJH5YU202",
        "source_team": "TJH5YU202",
        "user_profile": {
            "avatar_hash": "273d3745f7ae",
            "image_72": "https:\/\/avatars.slack-edge.com\/2019-05-20\/634344238497_273d3745f7ae1b176b82_72.jpg",
            "first_name": "Charly",
            "real_name": "Charly",
            "display_name": "Charly",
            "team": "TJH5YU202",
            "name": "carles9000",
            "is_restricted": false,
            "is_ultra_restricted": false
        }
    },
    {
        "client_msg_id": "60b237ed-55bb-44f3-97e2-e0633e9b6cb2",
        "type": "message",
        "text": "Esta intentando cargar las dll de sdo",
        "user": "UJWR5N32S",
        "ts": "1570651237.004400",
        "team": "TJH5YU202",
        "user_team": "TJH5YU202",
        "source_team": "TJH5YU202",
        "user_profile": {
            "avatar_hash": "273d3745f7ae",
            "image_72": "https:\/\/avatars.slack-edge.com\/2019-05-20\/634344238497_273d3745f7ae1b176b82_72.jpg",
            "first_name": "Charly",
            "real_name": "Charly",
            "display_name": "Charly",
            "team": "TJH5YU202",
            "name": "carles9000",
            "is_restricted": false,
            "is_ultra_restricted": false
        }
    },
    {
        "client_msg_id": "c623c222-278c-4f36-a1ff-173a19c33afb",
        "type": "message",
        "text": "Ado",
        "user": "UJWR5N32S",
        "ts": "1570651241.004600",
        "team": "TJH5YU202",
        "user_team": "TJH5YU202",
        "source_team": "TJH5YU202",
        "user_profile": {
            "avatar_hash": "273d3745f7ae",
            "image_72": "https:\/\/avatars.slack-edge.com\/2019-05-20\/634344238497_273d3745f7ae1b176b82_72.jpg",
            "first_name": "Charly",
            "real_name": "Charly",
            "display_name": "Charly",
            "team": "TJH5YU202",
            "name": "carles9000",
            "is_restricted": false,
            "is_ultra_restricted": false
        }
    },
    {
        "client_msg_id": "1d2a8460-3660-44f5-89b2-8af3f497671f",
        "type": "message",
        "text": "Mañana lo reviso",
        "user": "UJWR5N32S",
        "ts": "1570651250.004900",
        "team": "TJH5YU202",
        "user_team": "TJH5YU202",
        "source_team": "TJH5YU202",
        "user_profile": {
            "avatar_hash": "273d3745f7ae",
            "image_72": "https:\/\/avatars.slack-edge.com\/2019-05-20\/634344238497_273d3745f7ae1b176b82_72.jpg",
            "first_name": "Charly",
            "real_name": "Charly",
            "display_name": "Charly",
            "team": "TJH5YU202",
            "name": "carles9000",
            "is_restricted": false,
            "is_ultra_restricted": false
        }
    },
    {
        "client_msg_id": "cc99f356-28dd-4c7a-aaaa-26f9e4d288e0",
        "type": "message",
        "text": "Ya has revisado el seamap y seamap1? :thinking_face:",
        "user": "UJWR5N32S",
        "ts": "1570651286.005500",
        "team": "TJH5YU202",
        "user_team": "TJH5YU202",
        "source_team": "TJH5YU202",
        "user_profile": {
            "avatar_hash": "273d3745f7ae",
            "image_72": "https:\/\/avatars.slack-edge.com\/2019-05-20\/634344238497_273d3745f7ae1b176b82_72.jpg",
            "first_name": "Charly",
            "real_name": "Charly",
            "display_name": "Charly",
            "team": "TJH5YU202",
            "name": "carles9000",
            "is_restricted": false,
            "is_ultra_restricted": false
        }
    },
    {
        "client_msg_id": "d7ced9b2-de55-4303-aa02-77c0456953da",
        "type": "message",
        "text": "Charly, estoy en ello, gracias crack !!",
        "user": "UJULAGJG5",
        "ts": "1570651380.006000",
        "team": "TJH5YU202",
        "user_team": "TJH5YU202",
        "source_team": "TJH5YU202",
        "user_profile": {
            "avatar_hash": "g456e0b2cdb9",
            "image_72": "https:\/\/secure.gravatar.com\/avatar\/dc456e0b2cdb991048d487a08c4a8c7a.jpg?s=72&d=https%3A%2F%2Fa.slack-edge.com%2Fdf10d%2Fimg%2Favatars%2Fava_0004-72.png",
            "first_name": "",
            "real_name": "Gabriel",
            "display_name": "Gabriel",
            "team": "TJH5YU202",
            "name": "jgabri",
            "is_restricted": false,
            "is_ultra_restricted": false
        }
    },
    {
        "client_msg_id": "e0bcb9fa-65c0-4130-b176-1b9af385a0d2",
        "type": "message",
        "text": ":+1::joy:",
        "user": "UJULAGJG5",
        "ts": "1570651406.006300",
        "team": "TJH5YU202",
        "user_team": "TJH5YU202",
        "source_team": "TJH5YU202",
        "user_profile": {
            "avatar_hash": "g456e0b2cdb9",
            "image_72": "https:\/\/secure.gravatar.com\/avatar\/dc456e0b2cdb991048d487a08c4a8c7a.jpg?s=72&d=https%3A%2F%2Fa.slack-edge.com%2Fdf10d%2Fimg%2Favatars%2Fava_0004-72.png",
            "first_name": "",
            "real_name": "Gabriel",
            "display_name": "Gabriel",
            "team": "TJH5YU202",
            "name": "jgabri",
            "is_restricted": false,
            "is_ultra_restricted": false
        }
    },
    {
        "client_msg_id": "70400535-7cdb-4ae8-afca-1da5fd6383da",
        "type": "message",
        "text": "a mi tambien me dio error al probar seamap3\nError: Unknown or unregistered symbol\noperation: WIN_OLECREATEOBJECT\ncalled from: ..\/..\/..\/apache.prg, (b)MAIN, line: 32\ncalled from: HB_HRBLOAD, line: 0\ncalled from: ..\/..\/..\/apache.prg, LOADHRB, line: 151\ncalled from: ..\/..\/..\/apache.prg, (b)REPLACEBLOCKS, line: 284\ncalled from: ..\/..\/..\/apache.prg, REPLACEBLOCKS, line: 284\ncalled from: ..\/..\/..\/apache.prg, EXECUTE, line: 91\ncalled from: ..\/..\/..\/apache.prg, MAIN, line: 43",
        "user": "UJUFNFMFE",
        "ts": "1570653947.006800",
        "team": "TJH5YU202",
        "user_team": "TJH5YU202",
        "source_team": "TJH5YU202",
        "user_profile": {
            "avatar_hash": "aa4e40c137f0",
            "image_72": "https:\/\/avatars.slack-edge.com\/2019-05-21\/630419446595_aa4e40c137f03c23b9cd_72.jpg",
            "first_name": "Marcelo",
            "real_name": "Marcelo Roggeri",
            "display_name": "Marcelo Roggeri",
            "team": "TJH5YU202",
            "name": "roggerimarcelo",
            "is_restricted": false,
            "is_ultra_restricted": false
        }
    }
]