[
    {
        "client_msg_id": "9d12d683-9c08-4ea9-a33e-6e512b2fa828",
        "type": "message",
        "text": "Buenas, os anexo el ejemplo del seamap-1 para que veais como encaja en el proyecto el apartado de css",
        "user": "UJWR5N32S",
        "ts": "1570207380.000700",
        "team": "TJH5YU202",
        "user_team": "TJH5YU202",
        "source_team": "TJH5YU202",
        "user_profile": {
            "avatar_hash": "273d3745f7ae",
            "image_72": "https:\/\/avatars.slack-edge.com\/2019-05-20\/634344238497_273d3745f7ae1b176b82_72.jpg",
            "first_name": "Charly",
            "real_name": "Charly",
            "display_name": "Charly",
            "team": "TJH5YU202",
            "name": "carles9000",
            "is_restricted": false,
            "is_ultra_restricted": false
        }
    },
    {
        "type": "message",
        "text": "",
        "files": [
            {
                "id": "FNQPY877D",
                "created": 1570207387,
                "timestamp": 1570207387,
                "name": "seamap-1.zip",
                "title": "seamap-1.zip",
                "mimetype": "application\/zip",
                "filetype": "zip",
                "pretty_type": "Zip",
                "user": "UJWR5N32S",
                "editable": false,
                "size": 58203,
                "mode": "hosted",
                "is_external": false,
                "external_type": "",
                "is_public": true,
                "public_url_shared": false,
                "display_as_bot": false,
                "username": "",
                "url_private": "https:\/\/files.slack.com\/files-pri\/TJH5YU202-FNQPY877D\/seamap-1.zip?t=xoxe-629202954002-950795328464-950341379620-2ca7f74bb6537751ea5666f8f5e8896e",
                "url_private_download": "https:\/\/files.slack.com\/files-pri\/TJH5YU202-FNQPY877D\/download\/seamap-1.zip?t=xoxe-629202954002-950795328464-950341379620-2ca7f74bb6537751ea5666f8f5e8896e",
                "permalink": "https:\/\/harbourproject.slack.com\/files\/UJWR5N32S\/FNQPY877D\/seamap-1.zip",
                "permalink_public": "https:\/\/slack-files.com\/TJH5YU202-FNQPY877D-6cc067570c",
                "is_starred": false,
                "has_rich_preview": false
            }
        ],
        "upload": true,
        "user": "UJWR5N32S",
        "display_as_bot": false,
        "ts": "1570207387.000800",
        "client_msg_id": "97d58778-9166-4ee0-9548-26082a9c8405"
    },
    {
        "client_msg_id": "0d58c4fa-b455-4df7-8b1d-feb1362dc115",
        "type": "message",
        "text": "Buen fin de semana",
        "user": "UJWR5N32S",
        "ts": "1570207397.001200",
        "team": "TJH5YU202",
        "user_team": "TJH5YU202",
        "source_team": "TJH5YU202",
        "user_profile": {
            "avatar_hash": "273d3745f7ae",
            "image_72": "https:\/\/avatars.slack-edge.com\/2019-05-20\/634344238497_273d3745f7ae1b176b82_72.jpg",
            "first_name": "Charly",
            "real_name": "Charly",
            "display_name": "Charly",
            "team": "TJH5YU202",
            "name": "carles9000",
            "is_restricted": false,
            "is_ultra_restricted": false
        }
    },
    {
        "client_msg_id": "ffd04692-5fa9-4a50-8a31-075aa590f705",
        "type": "message",
        "text": "Aqui os pongo el ejemplo que hemos montado para testear seamap con autenticacion + ado + ms sql en apache",
        "user": "UJWR5N32S",
        "ts": "1570207537.002200",
        "team": "TJH5YU202",
        "user_team": "TJH5YU202",
        "source_team": "TJH5YU202",
        "user_profile": {
            "avatar_hash": "273d3745f7ae",
            "image_72": "https:\/\/avatars.slack-edge.com\/2019-05-20\/634344238497_273d3745f7ae1b176b82_72.jpg",
            "first_name": "Charly",
            "real_name": "Charly",
            "display_name": "Charly",
            "team": "TJH5YU202",
            "name": "carles9000",
            "is_restricted": false,
            "is_ultra_restricted": false
        }
    },
    {
        "client_msg_id": "f3945dda-7c89-4117-8607-766a245a4a08",
        "type": "message",
        "text": "<http:\/\/modharbour.sysctrlsoftware.com:39391\/seamap-3>",
        "user": "UJWR5N32S",
        "ts": "1570207540.002400",
        "team": "TJH5YU202",
        "user_team": "TJH5YU202",
        "source_team": "TJH5YU202",
        "user_profile": {
            "avatar_hash": "273d3745f7ae",
            "image_72": "https:\/\/avatars.slack-edge.com\/2019-05-20\/634344238497_273d3745f7ae1b176b82_72.jpg",
            "first_name": "Charly",
            "real_name": "Charly",
            "display_name": "Charly",
            "team": "TJH5YU202",
            "name": "carles9000",
            "is_restricted": false,
            "is_ultra_restricted": false
        }
    },
    {
        "client_msg_id": "0e444931-fb6a-4f65-a62b-4e30a8d4341e",
        "type": "message",
        "text": "buenisimo Charly graciassss miles",
        "user": "UJUFNFMFE",
        "ts": "1570212260.002700",
        "team": "TJH5YU202",
        "user_team": "TJH5YU202",
        "source_team": "TJH5YU202",
        "user_profile": {
            "avatar_hash": "aa4e40c137f0",
            "image_72": "https:\/\/avatars.slack-edge.com\/2019-05-21\/630419446595_aa4e40c137f03c23b9cd_72.jpg",
            "first_name": "Marcelo",
            "real_name": "Marcelo Roggeri",
            "display_name": "Marcelo Roggeri",
            "team": "TJH5YU202",
            "name": "roggerimarcelo",
            "is_restricted": false,
            "is_ultra_restricted": false
        }
    }
]