[
    {
        "type": "message",
        "subtype": "channel_join",
        "ts": "1571788898.000200",
        "user": "UPMFPTAFR",
        "text": "<@UPMFPTAFR> se ha unido al canal"
    },
    {
        "client_msg_id": "7bd956df-7c32-48e7-ad36-e8d8a2b55790",
        "type": "message",
        "text": "Hola saludos",
        "user": "UPMFPTAFR",
        "ts": "1571790448.000500",
        "team": "TJH5YU202",
        "user_team": "TJH5YU202",
        "source_team": "TJH5YU202",
        "user_profile": {
            "avatar_hash": "g3951babdbb8",
            "image_72": "https:\/\/secure.gravatar.com\/avatar\/3951babdbb8af2e63cce9b155450b35a.jpg?s=72&d=https%3A%2F%2Fa.slack-edge.com%2Fdf10d%2Fimg%2Favatars%2Fava_0005-72.png",
            "first_name": "",
            "real_name": "alfredo salas",
            "display_name": "alfredo salas",
            "team": "TJH5YU202",
            "name": "alfredosa64",
            "is_restricted": false,
            "is_ultra_restricted": false
        }
    }
]