[
    {
        "client_msg_id": "baaee7f2-7fe7-4a09-889d-035fa30aee81",
        "type": "message",
        "text": "<https:\/\/youtu.be\/3AGbUzjhq7I>",
        "user": "UJUFNFMFE",
        "ts": "1570827684.012200",
        "team": "TJH5YU202",
        "user_team": "TJH5YU202",
        "source_team": "TJH5YU202",
        "user_profile": {
            "avatar_hash": "aa4e40c137f0",
            "image_72": "https:\/\/avatars.slack-edge.com\/2019-05-21\/630419446595_aa4e40c137f03c23b9cd_72.jpg",
            "first_name": "Marcelo",
            "real_name": "Marcelo Roggeri",
            "display_name": "Marcelo Roggeri",
            "team": "TJH5YU202",
            "name": "roggerimarcelo",
            "is_restricted": false,
            "is_ultra_restricted": false
        },
        "attachments": [
            {
                "service_name": "YouTube",
                "service_url": "https:\/\/www.youtube.com\/",
                "title": "HWeb mod-harbour 15°",
                "title_link": "https:\/\/youtu.be\/3AGbUzjhq7I",
                "author_name": "Marcelo Roggeri",
                "author_link": "https:\/\/www.youtube.com\/channel\/UCLcisQQ4C6CrFp3Hkvt7FRA",
                "thumb_url": "https:\/\/i.ytimg.com\/vi\/3AGbUzjhq7I\/hqdefault.jpg",
                "thumb_width": 480,
                "thumb_height": 360,
                "fallback": "YouTube Video: HWeb mod-harbour 15°",
                "video_html": "<iframe width=\"400\" height=\"225\" src=\"https:\/\/www.youtube.com\/embed\/3AGbUzjhq7I?feature=oembed&autoplay=1&iv_load_policy=3\" frameborder=\"0\" allow=\"accelerometer; autoplay; encrypted-media; gyroscope; picture-in-picture\" allowfullscreen><\/iframe>",
                "video_html_width": 400,
                "video_html_height": 225,
                "from_url": "https:\/\/youtu.be\/3AGbUzjhq7I",
                "service_icon": "https:\/\/a.slack-edge.com\/80588\/img\/unfurl_icons\/youtube.png",
                "id": 1,
                "original_url": "https:\/\/youtu.be\/3AGbUzjhq7I"
            }
        ]
    }
]