[
    {
        "client_msg_id": "1cc4bd37-fdd9-4f2d-bc88-cde1ff91e242",
        "type": "message",
        "text": "mod harbour multilanguage form",
        "user": "UJHD6A81H",
        "ts": "1590141047.097800",
        "team": "TJH5YU202",
        "user_team": "TJH5YU202",
        "source_team": "TJH5YU202",
        "user_profile": {
            "avatar_hash": "g6b8073e00e9",
            "image_72": "https:\/\/secure.gravatar.com\/avatar\/b96b8073e00e9eb02bcf05bc1418eb3a.jpg?s=72&d=https%3A%2F%2Fa.slack-edge.com%2Fdf10d%2Fimg%2Favatars%2Fava_0021-72.png",
            "first_name": "Otto",
            "real_name": "Otto Atzwanger",
            "display_name": "Otto",
            "team": "TJH5YU202",
            "name": "otto",
            "is_restricted": false,
            "is_ultra_restricted": false
        },
        "blocks": [
            {
                "type": "rich_text",
                "block_id": "mF1Q",
                "elements": [
                    {
                        "type": "rich_text_section",
                        "elements": [
                            {
                                "type": "text",
                                "text": "mod harbour multilanguage form"
                            }
                        ]
                    }
                ]
            }
        ]
    },
    {
        "type": "message",
        "text": "",
        "files": [
            {
                "id": "F01449P5G59",
                "created": 1590141061,
                "timestamp": 1590141061,
                "name": "mm1.jpg",
                "title": "mm1.jpg",
                "mimetype": "image\/jpeg",
                "filetype": "jpg",
                "pretty_type": "JPEG",
                "user": "UJHD6A81H",
                "editable": false,
                "size": 215068,
                "mode": "hosted",
                "is_external": false,
                "external_type": "",
                "is_public": true,
                "public_url_shared": false,
                "display_as_bot": false,
                "username": "",
                "url_private": "https:\/\/files.slack.com\/files-pri\/TJH5YU202-F01449P5G59\/mm1.jpg?t=xoxe-629202954002-1183293690563-1183293711699-bad0c83802ec68402d6030a1e442ae77",
                "url_private_download": "https:\/\/files.slack.com\/files-pri\/TJH5YU202-F01449P5G59\/download\/mm1.jpg?t=xoxe-629202954002-1183293690563-1183293711699-bad0c83802ec68402d6030a1e442ae77",
                "thumb_64": "https:\/\/files.slack.com\/files-tmb\/TJH5YU202-F01449P5G59-e7389778f2\/mm1_64.jpg?t=xoxe-629202954002-1183293690563-1183293711699-bad0c83802ec68402d6030a1e442ae77",
                "thumb_80": "https:\/\/files.slack.com\/files-tmb\/TJH5YU202-F01449P5G59-e7389778f2\/mm1_80.jpg?t=xoxe-629202954002-1183293690563-1183293711699-bad0c83802ec68402d6030a1e442ae77",
                "thumb_360": "https:\/\/files.slack.com\/files-tmb\/TJH5YU202-F01449P5G59-e7389778f2\/mm1_360.jpg?t=xoxe-629202954002-1183293690563-1183293711699-bad0c83802ec68402d6030a1e442ae77",
                "thumb_360_w": 360,
                "thumb_360_h": 169,
                "thumb_480": "https:\/\/files.slack.com\/files-tmb\/TJH5YU202-F01449P5G59-e7389778f2\/mm1_480.jpg?t=xoxe-629202954002-1183293690563-1183293711699-bad0c83802ec68402d6030a1e442ae77",
                "thumb_480_w": 480,
                "thumb_480_h": 226,
                "thumb_160": "https:\/\/files.slack.com\/files-tmb\/TJH5YU202-F01449P5G59-e7389778f2\/mm1_160.jpg?t=xoxe-629202954002-1183293690563-1183293711699-bad0c83802ec68402d6030a1e442ae77",
                "thumb_720": "https:\/\/files.slack.com\/files-tmb\/TJH5YU202-F01449P5G59-e7389778f2\/mm1_720.jpg?t=xoxe-629202954002-1183293690563-1183293711699-bad0c83802ec68402d6030a1e442ae77",
                "thumb_720_w": 720,
                "thumb_720_h": 338,
                "thumb_800": "https:\/\/files.slack.com\/files-tmb\/TJH5YU202-F01449P5G59-e7389778f2\/mm1_800.jpg?t=xoxe-629202954002-1183293690563-1183293711699-bad0c83802ec68402d6030a1e442ae77",
                "thumb_800_w": 800,
                "thumb_800_h": 376,
                "thumb_960": "https:\/\/files.slack.com\/files-tmb\/TJH5YU202-F01449P5G59-e7389778f2\/mm1_960.jpg?t=xoxe-629202954002-1183293690563-1183293711699-bad0c83802ec68402d6030a1e442ae77",
                "thumb_960_w": 960,
                "thumb_960_h": 451,
                "thumb_1024": "https:\/\/files.slack.com\/files-tmb\/TJH5YU202-F01449P5G59-e7389778f2\/mm1_1024.jpg?t=xoxe-629202954002-1183293690563-1183293711699-bad0c83802ec68402d6030a1e442ae77",
                "thumb_1024_w": 1024,
                "thumb_1024_h": 481,
                "original_w": 1130,
                "original_h": 531,
                "thumb_tiny": "AwAWADC5sOM4WniP6U5uFpR0FO4rDPLHt+VHlj2\/Kn0UXCxGUA9PypMewp7dqbSuFh5yRigZAoooGGfajPtRRQAhyaTaadQelAH\/2Q==",
                "permalink": "https:\/\/harbourproject.slack.com\/files\/UJHD6A81H\/F01449P5G59\/mm1.jpg",
                "permalink_public": "https:\/\/slack-files.com\/TJH5YU202-F01449P5G59-6292e61d8c",
                "is_starred": false,
                "has_rich_preview": false
            }
        ],
        "upload": true,
        "user": "UJHD6A81H",
        "display_as_bot": false,
        "ts": "1590141064.097900",
        "client_msg_id": "73a97815-ea94-49d9-ad9a-ba4157a03604"
    },
    {
        "type": "message",
        "text": "",
        "files": [
            {
                "id": "F01449PB2UB",
                "created": 1590141070,
                "timestamp": 1590141070,
                "name": "mm2.jpg",
                "title": "mm2.jpg",
                "mimetype": "image\/jpeg",
                "filetype": "jpg",
                "pretty_type": "JPEG",
                "user": "UJHD6A81H",
                "editable": false,
                "size": 160282,
                "mode": "hosted",
                "is_external": false,
                "external_type": "",
                "is_public": true,
                "public_url_shared": false,
                "display_as_bot": false,
                "username": "",
                "url_private": "https:\/\/files.slack.com\/files-pri\/TJH5YU202-F01449PB2UB\/mm2.jpg?t=xoxe-629202954002-1183293690563-1183293711699-bad0c83802ec68402d6030a1e442ae77",
                "url_private_download": "https:\/\/files.slack.com\/files-pri\/TJH5YU202-F01449PB2UB\/download\/mm2.jpg?t=xoxe-629202954002-1183293690563-1183293711699-bad0c83802ec68402d6030a1e442ae77",
                "thumb_64": "https:\/\/files.slack.com\/files-tmb\/TJH5YU202-F01449PB2UB-cd00d20635\/mm2_64.jpg?t=xoxe-629202954002-1183293690563-1183293711699-bad0c83802ec68402d6030a1e442ae77",
                "thumb_80": "https:\/\/files.slack.com\/files-tmb\/TJH5YU202-F01449PB2UB-cd00d20635\/mm2_80.jpg?t=xoxe-629202954002-1183293690563-1183293711699-bad0c83802ec68402d6030a1e442ae77",
                "thumb_360": "https:\/\/files.slack.com\/files-tmb\/TJH5YU202-F01449PB2UB-cd00d20635\/mm2_360.jpg?t=xoxe-629202954002-1183293690563-1183293711699-bad0c83802ec68402d6030a1e442ae77",
                "thumb_360_w": 360,
                "thumb_360_h": 326,
                "thumb_480": "https:\/\/files.slack.com\/files-tmb\/TJH5YU202-F01449PB2UB-cd00d20635\/mm2_480.jpg?t=xoxe-629202954002-1183293690563-1183293711699-bad0c83802ec68402d6030a1e442ae77",
                "thumb_480_w": 480,
                "thumb_480_h": 435,
                "thumb_160": "https:\/\/files.slack.com\/files-tmb\/TJH5YU202-F01449PB2UB-cd00d20635\/mm2_160.jpg?t=xoxe-629202954002-1183293690563-1183293711699-bad0c83802ec68402d6030a1e442ae77",
                "thumb_720": "https:\/\/files.slack.com\/files-tmb\/TJH5YU202-F01449PB2UB-cd00d20635\/mm2_720.jpg?t=xoxe-629202954002-1183293690563-1183293711699-bad0c83802ec68402d6030a1e442ae77",
                "thumb_720_w": 720,
                "thumb_720_h": 652,
                "thumb_800": "https:\/\/files.slack.com\/files-tmb\/TJH5YU202-F01449PB2UB-cd00d20635\/mm2_800.jpg?t=xoxe-629202954002-1183293690563-1183293711699-bad0c83802ec68402d6030a1e442ae77",
                "thumb_800_w": 800,
                "thumb_800_h": 724,
                "thumb_960": "https:\/\/files.slack.com\/files-tmb\/TJH5YU202-F01449PB2UB-cd00d20635\/mm2_960.jpg?t=xoxe-629202954002-1183293690563-1183293711699-bad0c83802ec68402d6030a1e442ae77",
                "thumb_960_w": 960,
                "thumb_960_h": 869,
                "original_w": 1005,
                "original_h": 910,
                "thumb_tiny": "AwArADCjnmlJIpMc0p\/GgBNxoyaSigBdxp0ZPmL9RTKdH\/rF+ooATvS4PpSd6Un8vpQAnPpRz6fpRnn\/AOtRkf5FABg+lKn+sX6ikyP8ilT\/AFi\/UUAJ0NGatmGMH7v6mjyU\/u\/rQBToq55Mf939aPIj\/u\/qaAKdOj\/1i\/UVa8iP+7+ppVhjDD5e\/qaAP\/\/Z",
                "permalink": "https:\/\/harbourproject.slack.com\/files\/UJHD6A81H\/F01449PB2UB\/mm2.jpg",
                "permalink_public": "https:\/\/slack-files.com\/TJH5YU202-F01449PB2UB-d5bebb1be0",
                "is_starred": false,
                "has_rich_preview": false
            }
        ],
        "upload": true,
        "user": "UJHD6A81H",
        "display_as_bot": false,
        "ts": "1590141072.098200",
        "client_msg_id": "61f11299-8432-45f4-9395-af271a643711"
    },
    {
        "type": "message",
        "text": "",
        "files": [
            {
                "id": "F014TU5H9BJ",
                "created": 1590141079,
                "timestamp": 1590141079,
                "name": "mmger.PNG",
                "title": "mmger.PNG",
                "mimetype": "image\/png",
                "filetype": "png",
                "pretty_type": "PNG",
                "user": "UJHD6A81H",
                "editable": false,
                "size": 29989,
                "mode": "hosted",
                "is_external": false,
                "external_type": "",
                "is_public": true,
                "public_url_shared": false,
                "display_as_bot": false,
                "username": "",
                "url_private": "https:\/\/files.slack.com\/files-pri\/TJH5YU202-F014TU5H9BJ\/mmger.png?t=xoxe-629202954002-1183293690563-1183293711699-bad0c83802ec68402d6030a1e442ae77",
                "url_private_download": "https:\/\/files.slack.com\/files-pri\/TJH5YU202-F014TU5H9BJ\/download\/mmger.png?t=xoxe-629202954002-1183293690563-1183293711699-bad0c83802ec68402d6030a1e442ae77",
                "thumb_64": "https:\/\/files.slack.com\/files-tmb\/TJH5YU202-F014TU5H9BJ-c8f1ee71e9\/mmger_64.png?t=xoxe-629202954002-1183293690563-1183293711699-bad0c83802ec68402d6030a1e442ae77",
                "thumb_80": "https:\/\/files.slack.com\/files-tmb\/TJH5YU202-F014TU5H9BJ-c8f1ee71e9\/mmger_80.png?t=xoxe-629202954002-1183293690563-1183293711699-bad0c83802ec68402d6030a1e442ae77",
                "thumb_360": "https:\/\/files.slack.com\/files-tmb\/TJH5YU202-F014TU5H9BJ-c8f1ee71e9\/mmger_360.png?t=xoxe-629202954002-1183293690563-1183293711699-bad0c83802ec68402d6030a1e442ae77",
                "thumb_360_w": 360,
                "thumb_360_h": 212,
                "thumb_480": "https:\/\/files.slack.com\/files-tmb\/TJH5YU202-F014TU5H9BJ-c8f1ee71e9\/mmger_480.png?t=xoxe-629202954002-1183293690563-1183293711699-bad0c83802ec68402d6030a1e442ae77",
                "thumb_480_w": 480,
                "thumb_480_h": 283,
                "thumb_160": "https:\/\/files.slack.com\/files-tmb\/TJH5YU202-F014TU5H9BJ-c8f1ee71e9\/mmger_160.png?t=xoxe-629202954002-1183293690563-1183293711699-bad0c83802ec68402d6030a1e442ae77",
                "thumb_720": "https:\/\/files.slack.com\/files-tmb\/TJH5YU202-F014TU5H9BJ-c8f1ee71e9\/mmger_720.png?t=xoxe-629202954002-1183293690563-1183293711699-bad0c83802ec68402d6030a1e442ae77",
                "thumb_720_w": 720,
                "thumb_720_h": 424,
                "thumb_800": "https:\/\/files.slack.com\/files-tmb\/TJH5YU202-F014TU5H9BJ-c8f1ee71e9\/mmger_800.png?t=xoxe-629202954002-1183293690563-1183293711699-bad0c83802ec68402d6030a1e442ae77",
                "thumb_800_w": 800,
                "thumb_800_h": 472,
                "thumb_960": "https:\/\/files.slack.com\/files-tmb\/TJH5YU202-F014TU5H9BJ-c8f1ee71e9\/mmger_960.png?t=xoxe-629202954002-1183293690563-1183293711699-bad0c83802ec68402d6030a1e442ae77",
                "thumb_960_w": 960,
                "thumb_960_h": 566,
                "thumb_1024": "https:\/\/files.slack.com\/files-tmb\/TJH5YU202-F014TU5H9BJ-c8f1ee71e9\/mmger_1024.png?t=xoxe-629202954002-1183293690563-1183293711699-bad0c83802ec68402d6030a1e442ae77",
                "thumb_1024_w": 1024,
                "thumb_1024_h": 604,
                "original_w": 1269,
                "original_h": 748,
                "thumb_tiny": "AwAcADAyfU0ZPqa0jxRWfIbe18jOB9Sfzpcj1b860aOM0+QPa+RmZPqaMn1NadFLkD2vkIelKDmiitDEKKKKACiiigD\/2Q==",
                "permalink": "https:\/\/harbourproject.slack.com\/files\/UJHD6A81H\/F014TU5H9BJ\/mmger.png",
                "permalink_public": "https:\/\/slack-files.com\/TJH5YU202-F014TU5H9BJ-4d8ca6e1c0",
                "is_starred": false,
                "has_rich_preview": false
            }
        ],
        "upload": true,
        "user": "UJHD6A81H",
        "display_as_bot": false,
        "ts": "1590141082.098500",
        "client_msg_id": "bd5f55c0-10bd-4efa-861e-0e1e2b68df08"
    },
    {
        "type": "message",
        "text": "",
        "files": [
            {
                "id": "F01449PQAKD",
                "created": 1590141087,
                "timestamp": 1590141087,
                "name": "mmit.PNG",
                "title": "mmit.PNG",
                "mimetype": "image\/bmp",
                "filetype": "bmp",
                "pretty_type": "Bitmap",
                "user": "UJHD6A81H",
                "editable": false,
                "size": 2078134,
                "mode": "hosted",
                "is_external": false,
                "external_type": "",
                "is_public": true,
                "public_url_shared": false,
                "display_as_bot": false,
                "username": "",
                "url_private": "https:\/\/files.slack.com\/files-pri\/TJH5YU202-F01449PQAKD\/mmit.png?t=xoxe-629202954002-1183293690563-1183293711699-bad0c83802ec68402d6030a1e442ae77",
                "url_private_download": "https:\/\/files.slack.com\/files-pri\/TJH5YU202-F01449PQAKD\/download\/mmit.png?t=xoxe-629202954002-1183293690563-1183293711699-bad0c83802ec68402d6030a1e442ae77",
                "thumb_64": "https:\/\/files.slack.com\/files-tmb\/TJH5YU202-F01449PQAKD-2dcdc5fe6f\/mmit_64.png?t=xoxe-629202954002-1183293690563-1183293711699-bad0c83802ec68402d6030a1e442ae77",
                "thumb_80": "https:\/\/files.slack.com\/files-tmb\/TJH5YU202-F01449PQAKD-2dcdc5fe6f\/mmit_80.png?t=xoxe-629202954002-1183293690563-1183293711699-bad0c83802ec68402d6030a1e442ae77",
                "thumb_360": "https:\/\/files.slack.com\/files-tmb\/TJH5YU202-F01449PQAKD-2dcdc5fe6f\/mmit_360.png?t=xoxe-629202954002-1183293690563-1183293711699-bad0c83802ec68402d6030a1e442ae77",
                "thumb_360_w": 360,
                "thumb_360_h": 154,
                "thumb_480": "https:\/\/files.slack.com\/files-tmb\/TJH5YU202-F01449PQAKD-2dcdc5fe6f\/mmit_480.png?t=xoxe-629202954002-1183293690563-1183293711699-bad0c83802ec68402d6030a1e442ae77",
                "thumb_480_w": 480,
                "thumb_480_h": 205,
                "thumb_160": "https:\/\/files.slack.com\/files-tmb\/TJH5YU202-F01449PQAKD-2dcdc5fe6f\/mmit_160.png?t=xoxe-629202954002-1183293690563-1183293711699-bad0c83802ec68402d6030a1e442ae77",
                "thumb_720": "https:\/\/files.slack.com\/files-tmb\/TJH5YU202-F01449PQAKD-2dcdc5fe6f\/mmit_720.png?t=xoxe-629202954002-1183293690563-1183293711699-bad0c83802ec68402d6030a1e442ae77",
                "thumb_720_w": 720,
                "thumb_720_h": 308,
                "thumb_800": "https:\/\/files.slack.com\/files-tmb\/TJH5YU202-F01449PQAKD-2dcdc5fe6f\/mmit_800.png?t=xoxe-629202954002-1183293690563-1183293711699-bad0c83802ec68402d6030a1e442ae77",
                "thumb_800_w": 800,
                "thumb_800_h": 342,
                "thumb_960": "https:\/\/files.slack.com\/files-tmb\/TJH5YU202-F01449PQAKD-2dcdc5fe6f\/mmit_960.png?t=xoxe-629202954002-1183293690563-1183293711699-bad0c83802ec68402d6030a1e442ae77",
                "thumb_960_w": 960,
                "thumb_960_h": 410,
                "thumb_1024": "https:\/\/files.slack.com\/files-tmb\/TJH5YU202-F01449PQAKD-2dcdc5fe6f\/mmit_1024.png?t=xoxe-629202954002-1183293690563-1183293711699-bad0c83802ec68402d6030a1e442ae77",
                "thumb_1024_w": 1024,
                "thumb_1024_h": 438,
                "image_exif_rotation": 1,
                "original_w": 1273,
                "original_h": 544,
                "thumb_tiny": "AwAUADC8YI+w\/U0eRH\/d\/WpTRSsh8z7kX2eP+7+po+zx5+7+pqWjnFFkHM+5F9nj\/u\/qaPs8f939TUtFFkHM+4EZo6UUUxBRiiigAooooA\/\/2Q==",
                "permalink": "https:\/\/harbourproject.slack.com\/files\/UJHD6A81H\/F01449PQAKD\/mmit.png",
                "permalink_public": "https:\/\/slack-files.com\/TJH5YU202-F01449PQAKD-c6246f4516",
                "is_starred": false,
                "has_rich_preview": false
            }
        ],
        "upload": true,
        "user": "UJHD6A81H",
        "display_as_bot": false,
        "ts": "1590141092.098800",
        "client_msg_id": "3ea2f88a-5e2f-438a-b103-2e69bbe7348d",
        "reactions": [
            {
                "name": "+1",
                "users": [
                    "UJUJLTWMT"
                ],
                "count": 1
            }
        ]
    },
    {
        "client_msg_id": "506c1029-8edb-42ff-88c0-3721c80e6a42",
        "type": "message",
        "text": "Today I made a little program to view and manage the projects we are working on.",
        "user": "UJHD6A81H",
        "ts": "1590193575.099200",
        "team": "TJH5YU202",
        "user_team": "TJH5YU202",
        "source_team": "TJH5YU202",
        "user_profile": {
            "avatar_hash": "g6b8073e00e9",
            "image_72": "https:\/\/secure.gravatar.com\/avatar\/b96b8073e00e9eb02bcf05bc1418eb3a.jpg?s=72&d=https%3A%2F%2Fa.slack-edge.com%2Fdf10d%2Fimg%2Favatars%2Fava_0021-72.png",
            "first_name": "Otto",
            "real_name": "Otto Atzwanger",
            "display_name": "Otto",
            "team": "TJH5YU202",
            "name": "otto",
            "is_restricted": false,
            "is_ultra_restricted": false
        },
        "blocks": [
            {
                "type": "rich_text",
                "block_id": "2Glh",
                "elements": [
                    {
                        "type": "rich_text_section",
                        "elements": [
                            {
                                "type": "text",
                                "text": "Today I made a little program to view and manage the projects we are working on."
                            }
                        ]
                    }
                ]
            }
        ]
    },
    {
        "type": "message",
        "text": "",
        "files": [
            {
                "id": "F014BPUND36",
                "created": 1590193588,
                "timestamp": 1590193588,
                "name": "portfolio.gif",
                "title": "portfolio.gif",
                "mimetype": "image\/gif",
                "filetype": "gif",
                "pretty_type": "GIF",
                "user": "UJHD6A81H",
                "editable": false,
                "size": 10404186,
                "mode": "hosted",
                "is_external": false,
                "external_type": "",
                "is_public": true,
                "public_url_shared": false,
                "display_as_bot": false,
                "username": "",
                "url_private": "https:\/\/files.slack.com\/files-pri\/TJH5YU202-F014BPUND36\/portfolio.gif?t=xoxe-629202954002-1183293690563-1183293711699-bad0c83802ec68402d6030a1e442ae77",
                "url_private_download": "https:\/\/files.slack.com\/files-pri\/TJH5YU202-F014BPUND36\/download\/portfolio.gif?t=xoxe-629202954002-1183293690563-1183293711699-bad0c83802ec68402d6030a1e442ae77",
                "thumb_64": "https:\/\/files.slack.com\/files-tmb\/TJH5YU202-F014BPUND36-18ec1f2483\/portfolio_64.png?t=xoxe-629202954002-1183293690563-1183293711699-bad0c83802ec68402d6030a1e442ae77",
                "thumb_80": "https:\/\/files.slack.com\/files-tmb\/TJH5YU202-F014BPUND36-18ec1f2483\/portfolio_80.png?t=xoxe-629202954002-1183293690563-1183293711699-bad0c83802ec68402d6030a1e442ae77",
                "thumb_360": "https:\/\/files.slack.com\/files-tmb\/TJH5YU202-F014BPUND36-18ec1f2483\/portfolio_360.png?t=xoxe-629202954002-1183293690563-1183293711699-bad0c83802ec68402d6030a1e442ae77",
                "thumb_360_w": 360,
                "thumb_360_h": 221,
                "thumb_480": "https:\/\/files.slack.com\/files-tmb\/TJH5YU202-F014BPUND36-18ec1f2483\/portfolio_480.png?t=xoxe-629202954002-1183293690563-1183293711699-bad0c83802ec68402d6030a1e442ae77",
                "thumb_480_w": 480,
                "thumb_480_h": 295,
                "thumb_160": "https:\/\/files.slack.com\/files-tmb\/TJH5YU202-F014BPUND36-18ec1f2483\/portfolio_160.png?t=xoxe-629202954002-1183293690563-1183293711699-bad0c83802ec68402d6030a1e442ae77",
                "thumb_720": "https:\/\/files.slack.com\/files-tmb\/TJH5YU202-F014BPUND36-18ec1f2483\/portfolio_720.png?t=xoxe-629202954002-1183293690563-1183293711699-bad0c83802ec68402d6030a1e442ae77",
                "thumb_720_w": 720,
                "thumb_720_h": 442,
                "thumb_800": "https:\/\/files.slack.com\/files-tmb\/TJH5YU202-F014BPUND36-18ec1f2483\/portfolio_800.png?t=xoxe-629202954002-1183293690563-1183293711699-bad0c83802ec68402d6030a1e442ae77",
                "thumb_800_w": 800,
                "thumb_800_h": 491,
                "thumb_960": "https:\/\/files.slack.com\/files-tmb\/TJH5YU202-F014BPUND36-18ec1f2483\/portfolio_960.png?t=xoxe-629202954002-1183293690563-1183293711699-bad0c83802ec68402d6030a1e442ae77",
                "thumb_960_w": 960,
                "thumb_960_h": 589,
                "thumb_1024": "https:\/\/files.slack.com\/files-tmb\/TJH5YU202-F014BPUND36-18ec1f2483\/portfolio_1024.png?t=xoxe-629202954002-1183293690563-1183293711699-bad0c83802ec68402d6030a1e442ae77",
                "thumb_1024_w": 1024,
                "thumb_1024_h": 629,
                "thumb_360_gif": "https:\/\/files.slack.com\/files-tmb\/TJH5YU202-F014BPUND36-18ec1f2483\/portfolio_360.gif?t=xoxe-629202954002-1183293690563-1183293711699-bad0c83802ec68402d6030a1e442ae77",
                "thumb_480_gif": "https:\/\/files.slack.com\/files-tmb\/TJH5YU202-F014BPUND36-18ec1f2483\/portfolio_480.gif?t=xoxe-629202954002-1183293690563-1183293711699-bad0c83802ec68402d6030a1e442ae77",
                "original_w": 1513,
                "original_h": 929,
                "deanimate_gif": "https:\/\/files.slack.com\/files-tmb\/TJH5YU202-F014BPUND36-18ec1f2483\/portfolio_deanimate_gif.png?t=xoxe-629202954002-1183293690563-1183293711699-bad0c83802ec68402d6030a1e442ae77",
                "thumb_tiny": "AwAdADDSOcccGmHeBncPypZQ7RkRsFbsSM1U23X\/AD1X\/vkUxFn5mHLKQeoxUQsYFII3Aj\/apipc7hmROv8AdFW2UMeRSBEX2VP70n\/fZqZV2qFGeBjmgDAxS0DCm\/IPSnUmPegBOMZFQb5MfeqxjioPKyPvfpUyv0AcpcOuWyM1NUKRbXB3ZqanG\/UD\/9k=",
                "permalink": "https:\/\/harbourproject.slack.com\/files\/UJHD6A81H\/F014BPUND36\/portfolio.gif",
                "permalink_public": "https:\/\/slack-files.com\/TJH5YU202-F014BPUND36-3fa29ce62d",
                "is_starred": false,
                "has_rich_preview": false
            }
        ],
        "upload": true,
        "user": "UJHD6A81H",
        "display_as_bot": false,
        "ts": "1590193602.099300",
        "client_msg_id": "a128856e-baf8-489f-9370-fc366db1832d",
        "reactions": [
            {
                "name": "clap",
                "users": [
                    "UJUJLTWMT"
                ],
                "count": 1
            }
        ]
    }
]