[
    {
        "client_msg_id": "d5c88e3a-3a98-4821-9965-14ba3210486b",
        "type": "message",
        "text": "<@UM99QAYNB> There aren't concise examples for the use of the functions alone, but there are many samples in the `samples` directory of the repo. I'd encourage you to review on how HTTP works in terms of headers and so on, since it's quite a change from desktop applications.",
        "user": "UNAHBRTFA",
        "ts": "1588922386.089500",
        "team": "TJH5YU202",
        "user_team": "TJH5YU202",
        "source_team": "TJH5YU202",
        "user_profile": {
            "avatar_hash": "g3d2a3f4c28c",
            "image_72": "https:\/\/secure.gravatar.com\/avatar\/23d2a3f4c28cebb4cf07e48d02620517.jpg?s=72&d=https%3A%2F%2Fa.slack-edge.com%2Fdf10d%2Fimg%2Favatars%2Fava_0020-72.png",
            "first_name": "Andreu",
            "real_name": "Andreu Botella",
            "display_name": "Andreu Botella",
            "team": "TJH5YU202",
            "name": "andreu.132",
            "is_restricted": false,
            "is_ultra_restricted": false
        },
        "edited": {
            "user": "UNAHBRTFA",
            "ts": "1588922461.000000"
        },
        "blocks": [
            {
                "type": "rich_text",
                "block_id": "ZwaRM",
                "elements": [
                    {
                        "type": "rich_text_section",
                        "elements": [
                            {
                                "type": "user",
                                "user_id": "UM99QAYNB"
                            },
                            {
                                "type": "text",
                                "text": " There aren't concise examples for the use of the functions alone, but there are many samples in the "
                            },
                            {
                                "type": "text",
                                "text": "samples",
                                "style": {
                                    "code": true
                                }
                            },
                            {
                                "type": "text",
                                "text": " directory of the repo. I'd encourage you to review on how HTTP works in terms of headers and so on, since it's quite a change from desktop applications."
                            }
                        ]
                    }
                ]
            }
        ]
    },
    {
        "client_msg_id": "d908bb84-a1d5-4dd9-b156-90ba5d54a036",
        "type": "message",
        "text": "<@UNAHBRTFA> Yes I agree. Ive done many web pages and used pre-programmed elements. Interaction with server data needs further work. Have found useful resources on W3. Many thanks and be prepared for more questions.",
        "user": "UM99QAYNB",
        "ts": "1588929523.093800",
        "team": "TJH5YU202",
        "user_team": "TJH5YU202",
        "source_team": "TJH5YU202",
        "user_profile": {
            "avatar_hash": "g6ec61250d91",
            "image_72": "https:\/\/secure.gravatar.com\/avatar\/246ec61250d91ef0909fcfab7e788886.jpg?s=72&d=https%3A%2F%2Fa.slack-edge.com%2Fdf10d%2Fimg%2Favatars%2Fava_0024-72.png",
            "first_name": "",
            "real_name": "Jonathan Hodder",
            "display_name": "Jonathan Hodder",
            "team": "TJH5YU202",
            "name": "jonathan",
            "is_restricted": false,
            "is_ultra_restricted": false
        },
        "blocks": [
            {
                "type": "rich_text",
                "block_id": "SzWn",
                "elements": [
                    {
                        "type": "rich_text_section",
                        "elements": [
                            {
                                "type": "user",
                                "user_id": "UNAHBRTFA"
                            },
                            {
                                "type": "text",
                                "text": " Yes I agree. Ive done many web pages and used pre-programmed elements. Interaction with server data needs further work. Have found useful resources on W3. Many thanks and be prepared for more questions."
                            }
                        ]
                    }
                ]
            }
        ]
    },
    {
        "client_msg_id": "927b695a-b40c-4080-b397-b3d5863c7a13",
        "type": "message",
        "text": "sure",
        "user": "UNAHBRTFA",
        "ts": "1588929683.094900",
        "team": "TJH5YU202",
        "user_team": "TJH5YU202",
        "source_team": "TJH5YU202",
        "user_profile": {
            "avatar_hash": "g3d2a3f4c28c",
            "image_72": "https:\/\/secure.gravatar.com\/avatar\/23d2a3f4c28cebb4cf07e48d02620517.jpg?s=72&d=https%3A%2F%2Fa.slack-edge.com%2Fdf10d%2Fimg%2Favatars%2Fava_0020-72.png",
            "first_name": "Andreu",
            "real_name": "Andreu Botella",
            "display_name": "Andreu Botella",
            "team": "TJH5YU202",
            "name": "andreu.132",
            "is_restricted": false,
            "is_ultra_restricted": false
        },
        "blocks": [
            {
                "type": "rich_text",
                "block_id": "JKvX\/",
                "elements": [
                    {
                        "type": "rich_text_section",
                        "elements": [
                            {
                                "type": "text",
                                "text": "sure"
                            }
                        ]
                    }
                ]
            }
        ]
    }
]