[
    {
        "client_msg_id": "af6d9833-dea5-4fb4-81e6-2f2175e9600a",
        "type": "message",
        "text": "<https:\/\/www.youtube.com\/watch?v=oWXUUc5KYK8&amp;feature=youtu.be&amp;fbclid=IwAR35o0y5gLqCZuL8cZZpQ0G5KEmdcm5rR1Wih76_jDZ5RA_yQi48X5Qt8nM>",
        "user": "UJHD6A81H",
        "ts": "1590391626.103000",
        "team": "TJH5YU202",
        "user_team": "TJH5YU202",
        "source_team": "TJH5YU202",
        "user_profile": {
            "avatar_hash": "g6b8073e00e9",
            "image_72": "https:\/\/secure.gravatar.com\/avatar\/b96b8073e00e9eb02bcf05bc1418eb3a.jpg?s=72&d=https%3A%2F%2Fa.slack-edge.com%2Fdf10d%2Fimg%2Favatars%2Fava_0021-72.png",
            "first_name": "Otto",
            "real_name": "Otto Atzwanger",
            "display_name": "Otto",
            "team": "TJH5YU202",
            "name": "otto",
            "is_restricted": false,
            "is_ultra_restricted": false
        },
        "attachments": [
            {
                "service_name": "YouTube",
                "service_url": "https:\/\/www.youtube.com\/",
                "title": "E-TIPPS | Ben-E-Bike - Kinder E-Bikes | Review",
                "title_link": "https:\/\/www.youtube.com\/watch?v=oWXUUc5KYK8&amp;feature=youtu.be&amp;fbclid=IwAR35o0y5gLqCZuL8cZZpQ0G5KEmdcm5rR1Wih76_jDZ5RA_yQi48X5Qt8nM",
                "author_name": "WIR SIND E-BIKE",
                "author_link": "https:\/\/www.youtube.com\/channel\/UCb_YybPNBwX49hZ2kitC-nw",
                "thumb_url": "https:\/\/i.ytimg.com\/vi\/oWXUUc5KYK8\/hqdefault.jpg",
                "thumb_width": 480,
                "thumb_height": 360,
                "fallback": "YouTube Video: E-TIPPS | Ben-E-Bike - Kinder E-Bikes | Review",
                "video_html": "<iframe width=\"400\" height=\"225\" src=\"https:\/\/www.youtube.com\/embed\/oWXUUc5KYK8?feature=oembed&autoplay=1&iv_load_policy=3\" frameborder=\"0\" allow=\"accelerometer; autoplay; encrypted-media; gyroscope; picture-in-picture\" allowfullscreen><\/iframe>",
                "video_html_width": 400,
                "video_html_height": 225,
                "from_url": "https:\/\/www.youtube.com\/watch?v=oWXUUc5KYK8&amp;feature=youtu.be&amp;fbclid=IwAR35o0y5gLqCZuL8cZZpQ0G5KEmdcm5rR1Wih76_jDZ5RA_yQi48X5Qt8nM",
                "service_icon": "https:\/\/a.slack-edge.com\/80588\/img\/unfurl_icons\/youtube.png",
                "id": 1,
                "original_url": "https:\/\/www.youtube.com\/watch?v=oWXUUc5KYK8&amp;feature=youtu.be&amp;fbclid=IwAR35o0y5gLqCZuL8cZZpQ0G5KEmdcm5rR1Wih76_jDZ5RA_yQi48X5Qt8nM"
            }
        ],
        "blocks": [
            {
                "type": "rich_text",
                "block_id": "E\/L",
                "elements": [
                    {
                        "type": "rich_text_section",
                        "elements": [
                            {
                                "type": "link",
                                "url": "https:\/\/www.youtube.com\/watch?v=oWXUUc5KYK8&feature=youtu.be&fbclid=IwAR35o0y5gLqCZuL8cZZpQ0G5KEmdcm5rR1Wih76_jDZ5RA_yQi48X5Qt8nM"
                            }
                        ]
                    }
                ]
            }
        ]
    },
    {
        "client_msg_id": "0e62d6fc-a09b-4e90-85cf-9d326d18aa10",
        "type": "message",
        "text": "My grandchildren",
        "user": "UJHD6A81H",
        "ts": "1590391669.103300",
        "team": "TJH5YU202",
        "user_team": "TJH5YU202",
        "source_team": "TJH5YU202",
        "user_profile": {
            "avatar_hash": "g6b8073e00e9",
            "image_72": "https:\/\/secure.gravatar.com\/avatar\/b96b8073e00e9eb02bcf05bc1418eb3a.jpg?s=72&d=https%3A%2F%2Fa.slack-edge.com%2Fdf10d%2Fimg%2Favatars%2Fava_0021-72.png",
            "first_name": "Otto",
            "real_name": "Otto Atzwanger",
            "display_name": "Otto",
            "team": "TJH5YU202",
            "name": "otto",
            "is_restricted": false,
            "is_ultra_restricted": false
        },
        "blocks": [
            {
                "type": "rich_text",
                "block_id": "g6ri",
                "elements": [
                    {
                        "type": "rich_text_section",
                        "elements": [
                            {
                                "type": "text",
                                "text": "My grandchildren"
                            }
                        ]
                    }
                ]
            }
        ]
    },
    {
        "type": "message",
        "text": "En realidad, crear memoria ejecutable es perfectamente legítimo. De hecho, cuando ejecutas una función javascript muchas veces, Chrome pasa de interpretarla a compilarla a código máquina en un cacho de memoria ejecutable.",
        "user": "UNAHBRTFA",
        "ts": "1590409240.103400",
        "team": "TJH5YU202",
        "user_team": "TJH5YU202",
        "source_team": "TJH5YU202",
        "user_profile": {
            "avatar_hash": "g3d2a3f4c28c",
            "image_72": "https:\/\/secure.gravatar.com\/avatar\/23d2a3f4c28cebb4cf07e48d02620517.jpg?s=72&d=https%3A%2F%2Fa.slack-edge.com%2Fdf10d%2Fimg%2Favatars%2Fava_0020-72.png",
            "first_name": "Andreu",
            "real_name": "Andreu Botella",
            "display_name": "Andreu Botella",
            "team": "TJH5YU202",
            "name": "andreu.132",
            "is_restricted": false,
            "is_ultra_restricted": false
        },
        "attachments": [
            {
                "fallback": "[May 25th, 2020 11:11 AM] alinares: (me parece bastante increible que esto exista a dia de hoy, con los niveles de seguridad que hay)",
                "ts": "1590397877.223100",
                "author_id": "UJN8D8U3B",
                "author_subname": "Antonio Linares",
                "channel_id": "CJUHF8SBX",
                "channel_name": "modharbour",
                "is_msg_unfurl": true,
                "text": "(me parece bastante increible que esto exista a dia de hoy, con los niveles de seguridad que hay)",
                "author_name": "Antonio Linares",
                "author_link": "https:\/\/harbourproject.slack.com\/team\/UJN8D8U3B",
                "author_icon": "https:\/\/secure.gravatar.com\/avatar\/8492ad2abcc45ce53969adcf8420acde.jpg?s=48&d=https%3A%2F%2Fa.slack-edge.com%2Fdf10d%2Fimg%2Favatars%2Fava_0008-48.png",
                "mrkdwn_in": [
                    "text"
                ],
                "color": "D0D0D0",
                "from_url": "https:\/\/harbourproject.slack.com\/archives\/CJUHF8SBX\/p1590397877223100",
                "is_share": true,
                "footer": "Publicado en #modharbour"
            }
        ],
        "blocks": [
            {
                "type": "rich_text",
                "block_id": "LFFD",
                "elements": [
                    {
                        "type": "rich_text_section",
                        "elements": [
                            {
                                "type": "text",
                                "text": "En realidad, crear memoria ejecutable es perfectamente legítimo. De hecho, cuando ejecutas una función javascript muchas veces, Chrome pasa de interpretarla a compilarla a código máquina en un cacho de memoria ejecutable."
                            }
                        ]
                    }
                ]
            }
        ]
    },
    {
        "client_msg_id": "9bfc1e47-cecf-4324-9dbf-e5a37c5e2441",
        "type": "message",
        "text": "Fivewin and  mod harbour",
        "user": "UJHD6A81H",
        "ts": "1590409413.103900",
        "team": "TJH5YU202",
        "user_team": "TJH5YU202",
        "source_team": "TJH5YU202",
        "user_profile": {
            "avatar_hash": "g6b8073e00e9",
            "image_72": "https:\/\/secure.gravatar.com\/avatar\/b96b8073e00e9eb02bcf05bc1418eb3a.jpg?s=72&d=https%3A%2F%2Fa.slack-edge.com%2Fdf10d%2Fimg%2Favatars%2Fava_0021-72.png",
            "first_name": "Otto",
            "real_name": "Otto Atzwanger",
            "display_name": "Otto",
            "team": "TJH5YU202",
            "name": "otto",
            "is_restricted": false,
            "is_ultra_restricted": false
        },
        "blocks": [
            {
                "type": "rich_text",
                "block_id": "Y7skJ",
                "elements": [
                    {
                        "type": "rich_text_section",
                        "elements": [
                            {
                                "type": "text",
                                "text": "Fivewin and  mod harbour"
                            }
                        ]
                    }
                ]
            }
        ]
    },
    {
        "client_msg_id": "4b297095-a4f3-4f70-978b-d3eee5b964d3",
        "type": "message",
        "text": "I exchange data via a hash that is saved in a file. It's incredible how easy it is to display the data with Fivewin xBrowse ().",
        "user": "UJHD6A81H",
        "ts": "1590409431.104200",
        "team": "TJH5YU202",
        "user_team": "TJH5YU202",
        "source_team": "TJH5YU202",
        "user_profile": {
            "avatar_hash": "g6b8073e00e9",
            "image_72": "https:\/\/secure.gravatar.com\/avatar\/b96b8073e00e9eb02bcf05bc1418eb3a.jpg?s=72&d=https%3A%2F%2Fa.slack-edge.com%2Fdf10d%2Fimg%2Favatars%2Fava_0021-72.png",
            "first_name": "Otto",
            "real_name": "Otto Atzwanger",
            "display_name": "Otto",
            "team": "TJH5YU202",
            "name": "otto",
            "is_restricted": false,
            "is_ultra_restricted": false
        },
        "blocks": [
            {
                "type": "rich_text",
                "block_id": "Iud",
                "elements": [
                    {
                        "type": "rich_text_section",
                        "elements": [
                            {
                                "type": "text",
                                "text": "I exchange data via a hash that is saved in a file. It's incredible how easy it is to display the data with Fivewin xBrowse ()."
                            }
                        ]
                    }
                ]
            }
        ]
    },
    {
        "client_msg_id": "b7e774c3-3fb5-40f7-93d2-a9c35fce51da",
        "type": "message",
        "text": "`cTEXT := memoread( \"bergland.json\" )   \/`\n`hb_jsondecode( cTEXT, @res )`  \n`xbrowse( res )`",
        "user": "UJHD6A81H",
        "ts": "1590409444.104400",
        "team": "TJH5YU202",
        "user_team": "TJH5YU202",
        "source_team": "TJH5YU202",
        "user_profile": {
            "avatar_hash": "g6b8073e00e9",
            "image_72": "https:\/\/secure.gravatar.com\/avatar\/b96b8073e00e9eb02bcf05bc1418eb3a.jpg?s=72&d=https%3A%2F%2Fa.slack-edge.com%2Fdf10d%2Fimg%2Favatars%2Fava_0021-72.png",
            "first_name": "Otto",
            "real_name": "Otto Atzwanger",
            "display_name": "Otto",
            "team": "TJH5YU202",
            "name": "otto",
            "is_restricted": false,
            "is_ultra_restricted": false
        },
        "blocks": [
            {
                "type": "rich_text",
                "block_id": "vID",
                "elements": [
                    {
                        "type": "rich_text_section",
                        "elements": [
                            {
                                "type": "text",
                                "text": "cTEXT := memoread( \"bergland.json\" )   \/",
                                "style": {
                                    "code": true
                                }
                            },
                            {
                                "type": "text",
                                "text": "\n"
                            },
                            {
                                "type": "text",
                                "text": "hb_jsondecode( cTEXT, @res )  ",
                                "style": {
                                    "code": true
                                }
                            },
                            {
                                "type": "text",
                                "text": "\n"
                            },
                            {
                                "type": "text",
                                "text": "xbrowse( res )",
                                "style": {
                                    "code": true
                                }
                            }
                        ]
                    }
                ]
            }
        ]
    },
    {
        "client_msg_id": "cff39536-d0e3-4e20-b4b9-43f26d226cd1",
        "type": "message",
        "text": "This is the stored hash.",
        "user": "UJHD6A81H",
        "ts": "1590409477.104700",
        "team": "TJH5YU202",
        "user_team": "TJH5YU202",
        "source_team": "TJH5YU202",
        "user_profile": {
            "avatar_hash": "g6b8073e00e9",
            "image_72": "https:\/\/secure.gravatar.com\/avatar\/b96b8073e00e9eb02bcf05bc1418eb3a.jpg?s=72&d=https%3A%2F%2Fa.slack-edge.com%2Fdf10d%2Fimg%2Favatars%2Fava_0021-72.png",
            "first_name": "Otto",
            "real_name": "Otto Atzwanger",
            "display_name": "Otto",
            "team": "TJH5YU202",
            "name": "otto",
            "is_restricted": false,
            "is_ultra_restricted": false
        },
        "blocks": [
            {
                "type": "rich_text",
                "block_id": "bhb",
                "elements": [
                    {
                        "type": "rich_text_section",
                        "elements": [
                            {
                                "type": "text",
                                "text": "This is the stored hash."
                            }
                        ]
                    }
                ]
            }
        ]
    },
    {
        "client_msg_id": "efe1b547-6fcb-4e1f-867a-89040a091144",
        "type": "message",
        "text": "`{\"roomsImg\":\"img\\\/restaurant-bergland.jpg\",\"roomsMap\":{\"101\":{\"coords\":[1126,174,1192,274],\"title\":\"Tisch 101\",\"free\":2,\"shape\":\"rect\"},\"102\":{\"coords\":[1330,275,1395,370],\"title\":\"Tisch 102\",\"free\":5,\"shape\":\"rect\"},\"103\":{\"coords\":[1330,453,1396,547],\"title\":\"Tisch 103\",\"free\":5,\"shape\":\"rect\"},\"104\":{\"coords\":[1127,344,1184,400],\"title\":\"Tisch 104\",\"free\":5,\"shape\":\"rect\"},\"105\":{\"coords\":[1124,487,1190,581],\"title\":\"Tisch 105\",\"free\":1,\"shape\":\"rect\"},\"106\":{\"coords\":[1332,709,1427,776],\"title\":\"Tisch 106\",\"free\":0,\"shape\":\"rect\"},\"107\":{\"coords\":[1330,875,1424,942],\"title\":\"Tisch 107\",\"free\":0,\"shape\":\"rect\"},\"108\":{\"coords\":[1338,1096,1430,1159],\"title\":\"Tisch 108\",\"free\":5,\"shape\":\"rect\"},\"109\":{\"coords\":[1370,1270,1429,1326],\"title\":\"Tisch 109\",\"free\":2,\"shape\":\"rect\"},\"110\":{\"coords\":[1214,1228,1273,1328],\"title\":\"Tisch 110\",\"free\":3,\"shape\":\"rect\"},\"111\":{\"coords\":[1068,1230,1132,1326],\"title\":\"Tisch 111\",\"free\":4,\"shape\":\"rect\"},\"112\":{\"coords\":[931,1228,995,1326],\"title\":\"Tisch 112\",\"free\":2,\"shape\":\"rect\"},\"113\":{\"coords\":[745,1228,808,1328],\"title\":\"Tisch 113\",\"free\":2,\"shape\":\"rect\"},\"114\":{\"coords\":[608,1228,672,1329],\"title\":\"Tisch 114\",\"free\":0,\"shape\":\"rect\"},\"115\":{\"coords\":[628,1074,686,1128],\"title\":\"Tisch 115\",\"free\":0,\"shape\":\"rect\"},\"116\":{\"coords\":[488,1079,543,1130],\"title\":\"Tisch 116\",\"free\":0,\"shape\":\"rect\"},\"117\":{\"coords\":[413,1196,23],\"title\":\"Tisch 117\",\"free\":2,\"shape\":\"circle\"},\"118\":{\"coords\":[413,1265,25],\"title\":\"Tisch 118\",\"free\":3,\"shape\":\"circle\"},\"119\":{\"coords\":[493,1265,24],\"title\":\"Tisch 119\",\"free\":5,\"shape\":\"circle\"},\"120\":{\"coords\":[382,1495,442,1589],\"title\":\"Tisch 120\",\"free\":5,\"shape\":\"rect\"},\"121\":{\"coords\":[620,1497,683,1595],\"title\":\"Tisch 121\",\"free\":4,\"shape\":\"rect\"},\"122\":{\"coords\":[812,1489,905,1554],\"title\":\"Tisch 122\",\"free\":2,\"shape\":\"rect\"},\"123\":{\"coords\":[994,1491,1092,1555],\"title\":\"Tisch 123\",\"free\":5,\"shape\":\"rect\"}}}`",
        "user": "UJHD6A81H",
        "ts": "1590409479.104900",
        "team": "TJH5YU202",
        "user_team": "TJH5YU202",
        "source_team": "TJH5YU202",
        "user_profile": {
            "avatar_hash": "g6b8073e00e9",
            "image_72": "https:\/\/secure.gravatar.com\/avatar\/b96b8073e00e9eb02bcf05bc1418eb3a.jpg?s=72&d=https%3A%2F%2Fa.slack-edge.com%2Fdf10d%2Fimg%2Favatars%2Fava_0021-72.png",
            "first_name": "Otto",
            "real_name": "Otto Atzwanger",
            "display_name": "Otto",
            "team": "TJH5YU202",
            "name": "otto",
            "is_restricted": false,
            "is_ultra_restricted": false
        },
        "blocks": [
            {
                "type": "rich_text",
                "block_id": "WYM",
                "elements": [
                    {
                        "type": "rich_text_section",
                        "elements": [
                            {
                                "type": "text",
                                "text": "{\"roomsImg\":\"img\\\/restaurant-bergland.jpg\",\"roomsMap\":{\"101\":{\"coords\":[1126,174,1192,274],\"title\":\"Tisch 101\",\"free\":2,\"shape\":\"rect\"},\"102\":{\"coords\":[1330,275,1395,370],\"title\":\"Tisch 102\",\"free\":5,\"shape\":\"rect\"},\"103\":{\"coords\":[1330,453,1396,547],\"title\":\"Tisch 103\",\"free\":5,\"shape\":\"rect\"},\"104\":{\"coords\":[1127,344,1184,400],\"title\":\"Tisch 104\",\"free\":5,\"shape\":\"rect\"},\"105\":{\"coords\":[1124,487,1190,581],\"title\":\"Tisch 105\",\"free\":1,\"shape\":\"rect\"},\"106\":{\"coords\":[1332,709,1427,776],\"title\":\"Tisch 106\",\"free\":0,\"shape\":\"rect\"},\"107\":{\"coords\":[1330,875,1424,942],\"title\":\"Tisch 107\",\"free\":0,\"shape\":\"rect\"},\"108\":{\"coords\":[1338,1096,1430,1159],\"title\":\"Tisch 108\",\"free\":5,\"shape\":\"rect\"},\"109\":{\"coords\":[1370,1270,1429,1326],\"title\":\"Tisch 109\",\"free\":2,\"shape\":\"rect\"},\"110\":{\"coords\":[1214,1228,1273,1328],\"title\":\"Tisch 110\",\"free\":3,\"shape\":\"rect\"},\"111\":{\"coords\":[1068,1230,1132,1326],\"title\":\"Tisch 111\",\"free\":4,\"shape\":\"rect\"},\"112\":{\"coords\":[931,1228,995,1326],\"title\":\"Tisch 112\",\"free\":2,\"shape\":\"rect\"},\"113\":{\"coords\":[745,1228,808,1328],\"title\":\"Tisch 113\",\"free\":2,\"shape\":\"rect\"},\"114\":{\"coords\":[608,1228,672,1329],\"title\":\"Tisch 114\",\"free\":0,\"shape\":\"rect\"},\"115\":{\"coords\":[628,1074,686,1128],\"title\":\"Tisch 115\",\"free\":0,\"shape\":\"rect\"},\"116\":{\"coords\":[488,1079,543,1130],\"title\":\"Tisch 116\",\"free\":0,\"shape\":\"rect\"},\"117\":{\"coords\":[413,1196,23],\"title\":\"Tisch 117\",\"free\":2,\"shape\":\"circle\"},\"118\":{\"coords\":[413,1265,25],\"title\":\"Tisch 118\",\"free\":3,\"shape\":\"circle\"},\"119\":{\"coords\":[493,1265,24],\"title\":\"Tisch 119\",\"free\":5,\"shape\":\"circle\"},\"120\":{\"coords\":[382,1495,442,1589],\"title\":\"Tisch 120\",\"free\":5,\"shape\":\"rect\"},\"121\":{\"coords\":[620,1497,683,1595],\"title\":\"Tisch 121\",\"free\":4,\"shape\":\"rect\"},\"122\":{\"coords\":[812,1489,905,1554],\"title\":\"Tisch 122\",\"free\":2,\"shape\":\"rect\"},\"123\":{\"coords\":[994,1491,1092,1555],\"title\":\"Tisch 123\",\"free\":5,\"shape\":\"rect\"}}}",
                                "style": {
                                    "code": true
                                }
                            }
                        ]
                    }
                ]
            }
        ]
    },
    {
        "client_msg_id": "dd0d51b4-86f3-420a-a4f2-16386f11b716",
        "type": "message",
        "text": "Here how xBrowse displays the date.",
        "user": "UJHD6A81H",
        "ts": "1590409512.105300",
        "team": "TJH5YU202",
        "user_team": "TJH5YU202",
        "source_team": "TJH5YU202",
        "user_profile": {
            "avatar_hash": "g6b8073e00e9",
            "image_72": "https:\/\/secure.gravatar.com\/avatar\/b96b8073e00e9eb02bcf05bc1418eb3a.jpg?s=72&d=https%3A%2F%2Fa.slack-edge.com%2Fdf10d%2Fimg%2Favatars%2Fava_0021-72.png",
            "first_name": "Otto",
            "real_name": "Otto Atzwanger",
            "display_name": "Otto",
            "team": "TJH5YU202",
            "name": "otto",
            "is_restricted": false,
            "is_ultra_restricted": false
        },
        "blocks": [
            {
                "type": "rich_text",
                "block_id": "1Jv",
                "elements": [
                    {
                        "type": "rich_text_section",
                        "elements": [
                            {
                                "type": "text",
                                "text": "Here how xBrowse displays the date."
                            }
                        ]
                    }
                ]
            }
        ]
    },
    {
        "type": "message",
        "text": "",
        "files": [
            {
                "id": "F01466DQYFP",
                "created": 1590409517,
                "timestamp": 1590409517,
                "name": "grafik.png",
                "title": "grafik.png",
                "mimetype": "image\/png",
                "filetype": "png",
                "pretty_type": "PNG",
                "user": "UJHD6A81H",
                "editable": false,
                "size": 34481,
                "mode": "hosted",
                "is_external": false,
                "external_type": "",
                "is_public": true,
                "public_url_shared": false,
                "display_as_bot": false,
                "username": "",
                "url_private": "https:\/\/files.slack.com\/files-pri\/TJH5YU202-F01466DQYFP\/grafik.png?t=xoxe-629202954002-1183293690563-1183293711699-bad0c83802ec68402d6030a1e442ae77",
                "url_private_download": "https:\/\/files.slack.com\/files-pri\/TJH5YU202-F01466DQYFP\/download\/grafik.png?t=xoxe-629202954002-1183293690563-1183293711699-bad0c83802ec68402d6030a1e442ae77",
                "thumb_64": "https:\/\/files.slack.com\/files-tmb\/TJH5YU202-F01466DQYFP-c7e7b36dd4\/grafik_64.png?t=xoxe-629202954002-1183293690563-1183293711699-bad0c83802ec68402d6030a1e442ae77",
                "thumb_80": "https:\/\/files.slack.com\/files-tmb\/TJH5YU202-F01466DQYFP-c7e7b36dd4\/grafik_80.png?t=xoxe-629202954002-1183293690563-1183293711699-bad0c83802ec68402d6030a1e442ae77",
                "thumb_360": "https:\/\/files.slack.com\/files-tmb\/TJH5YU202-F01466DQYFP-c7e7b36dd4\/grafik_360.png?t=xoxe-629202954002-1183293690563-1183293711699-bad0c83802ec68402d6030a1e442ae77",
                "thumb_360_w": 360,
                "thumb_360_h": 245,
                "thumb_480": "https:\/\/files.slack.com\/files-tmb\/TJH5YU202-F01466DQYFP-c7e7b36dd4\/grafik_480.png?t=xoxe-629202954002-1183293690563-1183293711699-bad0c83802ec68402d6030a1e442ae77",
                "thumb_480_w": 480,
                "thumb_480_h": 327,
                "thumb_160": "https:\/\/files.slack.com\/files-tmb\/TJH5YU202-F01466DQYFP-c7e7b36dd4\/grafik_160.png?t=xoxe-629202954002-1183293690563-1183293711699-bad0c83802ec68402d6030a1e442ae77",
                "thumb_720": "https:\/\/files.slack.com\/files-tmb\/TJH5YU202-F01466DQYFP-c7e7b36dd4\/grafik_720.png?t=xoxe-629202954002-1183293690563-1183293711699-bad0c83802ec68402d6030a1e442ae77",
                "thumb_720_w": 720,
                "thumb_720_h": 491,
                "thumb_800": "https:\/\/files.slack.com\/files-tmb\/TJH5YU202-F01466DQYFP-c7e7b36dd4\/grafik_800.png?t=xoxe-629202954002-1183293690563-1183293711699-bad0c83802ec68402d6030a1e442ae77",
                "thumb_800_w": 800,
                "thumb_800_h": 545,
                "thumb_960": "https:\/\/files.slack.com\/files-tmb\/TJH5YU202-F01466DQYFP-c7e7b36dd4\/grafik_960.png?t=xoxe-629202954002-1183293690563-1183293711699-bad0c83802ec68402d6030a1e442ae77",
                "thumb_960_w": 960,
                "thumb_960_h": 654,
                "original_w": 1005,
                "original_h": 685,
                "thumb_tiny": "AwAgADDSbpUefc0pGW4GaQ8HpQADHv8AnT06UwEZ+7inhlHf9KAHUUZozQA0fepGBLcUo+9S4oAYVx\/F+lJux3Jx6Cn44pjqx6Ptx7ZpgO8wejflR5gyBtbn2qPynP8Ay2\/8cFOVHU\/NJu\/ACgR\/\/9k=",
                "permalink": "https:\/\/harbourproject.slack.com\/files\/UJHD6A81H\/F01466DQYFP\/grafik.png",
                "permalink_public": "https:\/\/slack-files.com\/TJH5YU202-F01466DQYFP-3e543979ff",
                "is_starred": false,
                "has_rich_preview": false
            }
        ],
        "upload": true,
        "user": "UJHD6A81H",
        "display_as_bot": false,
        "ts": "1590409519.105400",
        "client_msg_id": "1ceeb27a-4361-4160-857c-ba467b8b2bbd"
    }
]