[
    {
        "type": "message",
        "text": "Feel the power of Mercury, feel the power of modHarbour :muscle:",
        "files": [
            {
                "id": "F0156EV6QR3",
                "created": 1591863858,
                "timestamp": 1591863858,
                "name": "modshop.gif",
                "title": "modshop.gif",
                "mimetype": "image\/gif",
                "filetype": "gif",
                "pretty_type": "GIF",
                "user": "UJWR5N32S",
                "editable": false,
                "size": 3006999,
                "mode": "hosted",
                "is_external": false,
                "external_type": "",
                "is_public": true,
                "public_url_shared": false,
                "display_as_bot": false,
                "username": "",
                "url_private": "https:\/\/files.slack.com\/files-pri\/TJH5YU202-F0156EV6QR3\/modshop.gif?t=xoxe-629202954002-1183293690563-1183293711699-bad0c83802ec68402d6030a1e442ae77",
                "url_private_download": "https:\/\/files.slack.com\/files-pri\/TJH5YU202-F0156EV6QR3\/download\/modshop.gif?t=xoxe-629202954002-1183293690563-1183293711699-bad0c83802ec68402d6030a1e442ae77",
                "thumb_64": "https:\/\/files.slack.com\/files-tmb\/TJH5YU202-F0156EV6QR3-d11f57fba8\/modshop_64.png?t=xoxe-629202954002-1183293690563-1183293711699-bad0c83802ec68402d6030a1e442ae77",
                "thumb_80": "https:\/\/files.slack.com\/files-tmb\/TJH5YU202-F0156EV6QR3-d11f57fba8\/modshop_80.png?t=xoxe-629202954002-1183293690563-1183293711699-bad0c83802ec68402d6030a1e442ae77",
                "thumb_360": "https:\/\/files.slack.com\/files-tmb\/TJH5YU202-F0156EV6QR3-d11f57fba8\/modshop_360.png?t=xoxe-629202954002-1183293690563-1183293711699-bad0c83802ec68402d6030a1e442ae77",
                "thumb_360_w": 360,
                "thumb_360_h": 344,
                "thumb_480": "https:\/\/files.slack.com\/files-tmb\/TJH5YU202-F0156EV6QR3-d11f57fba8\/modshop_480.png?t=xoxe-629202954002-1183293690563-1183293711699-bad0c83802ec68402d6030a1e442ae77",
                "thumb_480_w": 480,
                "thumb_480_h": 458,
                "thumb_160": "https:\/\/files.slack.com\/files-tmb\/TJH5YU202-F0156EV6QR3-d11f57fba8\/modshop_160.png?t=xoxe-629202954002-1183293690563-1183293711699-bad0c83802ec68402d6030a1e442ae77",
                "thumb_720": "https:\/\/files.slack.com\/files-tmb\/TJH5YU202-F0156EV6QR3-d11f57fba8\/modshop_720.png?t=xoxe-629202954002-1183293690563-1183293711699-bad0c83802ec68402d6030a1e442ae77",
                "thumb_720_w": 720,
                "thumb_720_h": 687,
                "thumb_800": "https:\/\/files.slack.com\/files-tmb\/TJH5YU202-F0156EV6QR3-d11f57fba8\/modshop_800.png?t=xoxe-629202954002-1183293690563-1183293711699-bad0c83802ec68402d6030a1e442ae77",
                "thumb_800_w": 800,
                "thumb_800_h": 764,
                "thumb_960": "https:\/\/files.slack.com\/files-tmb\/TJH5YU202-F0156EV6QR3-d11f57fba8\/modshop_960.png?t=xoxe-629202954002-1183293690563-1183293711699-bad0c83802ec68402d6030a1e442ae77",
                "thumb_960_w": 960,
                "thumb_960_h": 916,
                "thumb_360_gif": "https:\/\/files.slack.com\/files-tmb\/TJH5YU202-F0156EV6QR3-d11f57fba8\/modshop_360.gif?t=xoxe-629202954002-1183293690563-1183293711699-bad0c83802ec68402d6030a1e442ae77",
                "thumb_480_gif": "https:\/\/files.slack.com\/files-tmb\/TJH5YU202-F0156EV6QR3-d11f57fba8\/modshop_480.gif?t=xoxe-629202954002-1183293690563-1183293711699-bad0c83802ec68402d6030a1e442ae77",
                "original_w": 990,
                "original_h": 945,
                "deanimate_gif": "https:\/\/files.slack.com\/files-tmb\/TJH5YU202-F0156EV6QR3-d11f57fba8\/modshop_deanimate_gif.png?t=xoxe-629202954002-1183293690563-1183293711699-bad0c83802ec68402d6030a1e442ae77",
                "thumb_tiny": "AwAtADDSxRj1paKAEwKMCk3qDgnFG9d23PNACkU0g8YGeeafRQAUUUUAJxRxntmjH1ox9aAFooooAKKbnrS560ALRSA5paACikzyaTdyPegD\/9k=",
                "permalink": "https:\/\/harbourproject.slack.com\/files\/UJWR5N32S\/F0156EV6QR3\/modshop.gif",
                "permalink_public": "https:\/\/slack-files.com\/TJH5YU202-F0156EV6QR3-90668b24ce",
                "is_starred": false,
                "has_rich_preview": false
            }
        ],
        "upload": false,
        "blocks": [
            {
                "type": "rich_text",
                "block_id": "vGI",
                "elements": [
                    {
                        "type": "rich_text_section",
                        "elements": [
                            {
                                "type": "text",
                                "text": "Feel the power of Mercury, feel the power of modHarbour "
                            },
                            {
                                "type": "emoji",
                                "name": "muscle"
                            }
                        ]
                    }
                ]
            }
        ],
        "user": "UJWR5N32S",
        "display_as_bot": false,
        "ts": "1591863891.184400",
        "reactions": [
            {
                "name": "+1",
                "users": [
                    "UJHD6A81H"
                ],
                "count": 1
            }
        ]
    },
    {
        "client_msg_id": "b31ad807-aa97-493a-95c3-80de0da0b62f",
        "type": "message",
        "text": "You can test the prototype at <https:\/\/modharbour.app\/modshop\/>",
        "user": "UJWR5N32S",
        "ts": "1591863913.184800",
        "team": "TJH5YU202",
        "user_team": "TJH5YU202",
        "source_team": "TJH5YU202",
        "user_profile": {
            "avatar_hash": "273d3745f7ae",
            "image_72": "https:\/\/avatars.slack-edge.com\/2019-05-20\/634344238497_273d3745f7ae1b176b82_72.jpg",
            "first_name": "Charly",
            "real_name": "Charly",
            "display_name": "Charly",
            "team": "TJH5YU202",
            "name": "carles9000",
            "is_restricted": false,
            "is_ultra_restricted": false
        },
        "blocks": [
            {
                "type": "rich_text",
                "block_id": "=Rh1x",
                "elements": [
                    {
                        "type": "rich_text_section",
                        "elements": [
                            {
                                "type": "text",
                                "text": "You can test the prototype at "
                            },
                            {
                                "type": "link",
                                "url": "https:\/\/modharbour.app\/modshop\/"
                            }
                        ]
                    }
                ]
            }
        ]
    },
    {
        "client_msg_id": "66133f1e-bc9f-407e-9319-8494e7abbff8",
        "type": "message",
        "text": "speed, speed, speed...",
        "user": "UJWR5N32S",
        "ts": "1591863962.185100",
        "team": "TJH5YU202",
        "user_team": "TJH5YU202",
        "source_team": "TJH5YU202",
        "user_profile": {
            "avatar_hash": "273d3745f7ae",
            "image_72": "https:\/\/avatars.slack-edge.com\/2019-05-20\/634344238497_273d3745f7ae1b176b82_72.jpg",
            "first_name": "Charly",
            "real_name": "Charly",
            "display_name": "Charly",
            "team": "TJH5YU202",
            "name": "carles9000",
            "is_restricted": false,
            "is_ultra_restricted": false
        },
        "blocks": [
            {
                "type": "rich_text",
                "block_id": "3WN0z",
                "elements": [
                    {
                        "type": "rich_text_section",
                        "elements": [
                            {
                                "type": "text",
                                "text": "speed, speed, speed..."
                            }
                        ]
                    }
                ]
            }
        ]
    },
    {
        "client_msg_id": "d97f27f7-1131-46ac-b245-7b5ba7605f02",
        "type": "message",
        "text": "Here is another mod harbour shop",
        "user": "UJHD6A81H",
        "ts": "1591867319.185600",
        "team": "TJH5YU202",
        "user_team": "TJH5YU202",
        "source_team": "TJH5YU202",
        "user_profile": {
            "avatar_hash": "g6b8073e00e9",
            "image_72": "https:\/\/secure.gravatar.com\/avatar\/b96b8073e00e9eb02bcf05bc1418eb3a.jpg?s=72&d=https%3A%2F%2Fa.slack-edge.com%2Fdf10d%2Fimg%2Favatars%2Fava_0021-72.png",
            "first_name": "Otto",
            "real_name": "Otto Atzwanger",
            "display_name": "Otto",
            "team": "TJH5YU202",
            "name": "otto",
            "is_restricted": false,
            "is_ultra_restricted": false
        },
        "blocks": [
            {
                "type": "rich_text",
                "block_id": "i2M",
                "elements": [
                    {
                        "type": "rich_text_section",
                        "elements": [
                            {
                                "type": "text",
                                "text": "Here is another mod harbour shop"
                            }
                        ]
                    }
                ]
            }
        ]
    },
    {
        "client_msg_id": "5455aafe-73ea-4e57-93be-201b7de25eb4",
        "type": "message",
        "text": "<https:\/\/www.modharbour.club\/mh_bestellservice\/restaurant.prg>",
        "user": "UJHD6A81H",
        "ts": "1591867321.185800",
        "team": "TJH5YU202",
        "user_team": "TJH5YU202",
        "source_team": "TJH5YU202",
        "user_profile": {
            "avatar_hash": "g6b8073e00e9",
            "image_72": "https:\/\/secure.gravatar.com\/avatar\/b96b8073e00e9eb02bcf05bc1418eb3a.jpg?s=72&d=https%3A%2F%2Fa.slack-edge.com%2Fdf10d%2Fimg%2Favatars%2Fava_0021-72.png",
            "first_name": "Otto",
            "real_name": "Otto Atzwanger",
            "display_name": "Otto",
            "team": "TJH5YU202",
            "name": "otto",
            "is_restricted": false,
            "is_ultra_restricted": false
        },
        "blocks": [
            {
                "type": "rich_text",
                "block_id": "Xcgr",
                "elements": [
                    {
                        "type": "rich_text_section",
                        "elements": [
                            {
                                "type": "link",
                                "url": "https:\/\/www.modharbour.club\/mh_bestellservice\/restaurant.prg"
                            }
                        ]
                    }
                ]
            }
        ]
    },
    {
        "type": "message",
        "text": "",
        "files": [
            {
                "id": "F015LJHF1GR",
                "created": 1591867810,
                "timestamp": 1591867810,
                "name": "grafik.png",
                "title": "grafik.png",
                "mimetype": "image\/png",
                "filetype": "png",
                "pretty_type": "PNG",
                "user": "UJHD6A81H",
                "editable": false,
                "size": 30760,
                "mode": "hosted",
                "is_external": false,
                "external_type": "",
                "is_public": true,
                "public_url_shared": false,
                "display_as_bot": false,
                "username": "",
                "url_private": "https:\/\/files.slack.com\/files-pri\/TJH5YU202-F015LJHF1GR\/grafik.png?t=xoxe-629202954002-1183293690563-1183293711699-bad0c83802ec68402d6030a1e442ae77",
                "url_private_download": "https:\/\/files.slack.com\/files-pri\/TJH5YU202-F015LJHF1GR\/download\/grafik.png?t=xoxe-629202954002-1183293690563-1183293711699-bad0c83802ec68402d6030a1e442ae77",
                "thumb_64": "https:\/\/files.slack.com\/files-tmb\/TJH5YU202-F015LJHF1GR-9741dbba16\/grafik_64.png?t=xoxe-629202954002-1183293690563-1183293711699-bad0c83802ec68402d6030a1e442ae77",
                "thumb_80": "https:\/\/files.slack.com\/files-tmb\/TJH5YU202-F015LJHF1GR-9741dbba16\/grafik_80.png?t=xoxe-629202954002-1183293690563-1183293711699-bad0c83802ec68402d6030a1e442ae77",
                "thumb_360": "https:\/\/files.slack.com\/files-tmb\/TJH5YU202-F015LJHF1GR-9741dbba16\/grafik_360.png?t=xoxe-629202954002-1183293690563-1183293711699-bad0c83802ec68402d6030a1e442ae77",
                "thumb_360_w": 256,
                "thumb_360_h": 360,
                "thumb_480": "https:\/\/files.slack.com\/files-tmb\/TJH5YU202-F015LJHF1GR-9741dbba16\/grafik_480.png?t=xoxe-629202954002-1183293690563-1183293711699-bad0c83802ec68402d6030a1e442ae77",
                "thumb_480_w": 341,
                "thumb_480_h": 480,
                "thumb_160": "https:\/\/files.slack.com\/files-tmb\/TJH5YU202-F015LJHF1GR-9741dbba16\/grafik_160.png?t=xoxe-629202954002-1183293690563-1183293711699-bad0c83802ec68402d6030a1e442ae77",
                "thumb_720": "https:\/\/files.slack.com\/files-tmb\/TJH5YU202-F015LJHF1GR-9741dbba16\/grafik_720.png?t=xoxe-629202954002-1183293690563-1183293711699-bad0c83802ec68402d6030a1e442ae77",
                "thumb_720_w": 511,
                "thumb_720_h": 720,
                "thumb_800": "https:\/\/files.slack.com\/files-tmb\/TJH5YU202-F015LJHF1GR-9741dbba16\/grafik_800.png?t=xoxe-629202954002-1183293690563-1183293711699-bad0c83802ec68402d6030a1e442ae77",
                "thumb_800_w": 568,
                "thumb_800_h": 800,
                "original_w": 634,
                "original_h": 893,
                "thumb_tiny": "AwAwACKiPrQT9PypV6Gm0ALn6flRn6flSUUAFFFFADlOM0hOaO3\/ANekoAKKKKACiiigBeT60lKOlJQAUUUUAFFFFAH\/2Q==",
                "permalink": "https:\/\/harbourproject.slack.com\/files\/UJHD6A81H\/F015LJHF1GR\/grafik.png",
                "permalink_public": "https:\/\/slack-files.com\/TJH5YU202-F015LJHF1GR-3bbfa3f53b",
                "is_starred": false,
                "has_rich_preview": false
            }
        ],
        "upload": false,
        "user": "UJHD6A81H",
        "display_as_bot": false,
        "ts": "1591867815.185900"
    },
    {
        "client_msg_id": "9a3bb82c-3edc-41e1-acef-0260ff112482",
        "type": "message",
        "text": "Here is a link to my mod harbor test projects.",
        "user": "UJHD6A81H",
        "ts": "1591868876.186400",
        "team": "TJH5YU202",
        "user_team": "TJH5YU202",
        "source_team": "TJH5YU202",
        "user_profile": {
            "avatar_hash": "g6b8073e00e9",
            "image_72": "https:\/\/secure.gravatar.com\/avatar\/b96b8073e00e9eb02bcf05bc1418eb3a.jpg?s=72&d=https%3A%2F%2Fa.slack-edge.com%2Fdf10d%2Fimg%2Favatars%2Fava_0021-72.png",
            "first_name": "Otto",
            "real_name": "Otto Atzwanger",
            "display_name": "Otto",
            "team": "TJH5YU202",
            "name": "otto",
            "is_restricted": false,
            "is_ultra_restricted": false
        },
        "blocks": [
            {
                "type": "rich_text",
                "block_id": "\/kw",
                "elements": [
                    {
                        "type": "rich_text_section",
                        "elements": [
                            {
                                "type": "text",
                                "text": "Here is a link to my mod harbor test projects."
                            }
                        ]
                    }
                ]
            }
        ]
    },
    {
        "client_msg_id": "cb6e2b1c-06de-4950-b3a7-842d5f0f32cb",
        "type": "message",
        "text": "<https:\/\/www.modharbour.club>",
        "user": "UJHD6A81H",
        "ts": "1591868885.186600",
        "team": "TJH5YU202",
        "user_team": "TJH5YU202",
        "source_team": "TJH5YU202",
        "user_profile": {
            "avatar_hash": "g6b8073e00e9",
            "image_72": "https:\/\/secure.gravatar.com\/avatar\/b96b8073e00e9eb02bcf05bc1418eb3a.jpg?s=72&d=https%3A%2F%2Fa.slack-edge.com%2Fdf10d%2Fimg%2Favatars%2Fava_0021-72.png",
            "first_name": "Otto",
            "real_name": "Otto Atzwanger",
            "display_name": "Otto",
            "team": "TJH5YU202",
            "name": "otto",
            "is_restricted": false,
            "is_ultra_restricted": false
        },
        "blocks": [
            {
                "type": "rich_text",
                "block_id": "eHC=r",
                "elements": [
                    {
                        "type": "rich_text_section",
                        "elements": [
                            {
                                "type": "link",
                                "url": "https:\/\/www.modharbour.club"
                            }
                        ]
                    }
                ]
            }
        ]
    }
]