[
    {
        "type": "message",
        "text": "Hi Antonio. I changed the dll and the so file but now I have this error when the prg starts.",
        "files": [
            {
                "id": "F014ZU1SY4Q",
                "created": 1590516408,
                "timestamp": 1590516408,
                "name": "Schermata 2020-05-26 alle 15.06.39.png",
                "title": "Schermata 2020-05-26 alle 15.06.39.png",
                "mimetype": "image\/png",
                "filetype": "png",
                "pretty_type": "PNG",
                "user": "UPK8HA95J",
                "editable": false,
                "size": 34175,
                "mode": "hosted",
                "is_external": false,
                "external_type": "",
                "is_public": true,
                "public_url_shared": false,
                "display_as_bot": false,
                "username": "",
                "url_private": "https:\/\/files.slack.com\/files-pri\/TJH5YU202-F014ZU1SY4Q\/schermata_2020-05-26_alle_15.06.39.png?t=xoxe-629202954002-1183293690563-1183293711699-bad0c83802ec68402d6030a1e442ae77",
                "url_private_download": "https:\/\/files.slack.com\/files-pri\/TJH5YU202-F014ZU1SY4Q\/download\/schermata_2020-05-26_alle_15.06.39.png?t=xoxe-629202954002-1183293690563-1183293711699-bad0c83802ec68402d6030a1e442ae77",
                "thumb_64": "https:\/\/files.slack.com\/files-tmb\/TJH5YU202-F014ZU1SY4Q-89e3af3515\/schermata_2020-05-26_alle_15.06.39_64.png?t=xoxe-629202954002-1183293690563-1183293711699-bad0c83802ec68402d6030a1e442ae77",
                "thumb_80": "https:\/\/files.slack.com\/files-tmb\/TJH5YU202-F014ZU1SY4Q-89e3af3515\/schermata_2020-05-26_alle_15.06.39_80.png?t=xoxe-629202954002-1183293690563-1183293711699-bad0c83802ec68402d6030a1e442ae77",
                "thumb_360": "https:\/\/files.slack.com\/files-tmb\/TJH5YU202-F014ZU1SY4Q-89e3af3515\/schermata_2020-05-26_alle_15.06.39_360.png?t=xoxe-629202954002-1183293690563-1183293711699-bad0c83802ec68402d6030a1e442ae77",
                "thumb_360_w": 360,
                "thumb_360_h": 99,
                "thumb_480": "https:\/\/files.slack.com\/files-tmb\/TJH5YU202-F014ZU1SY4Q-89e3af3515\/schermata_2020-05-26_alle_15.06.39_480.png?t=xoxe-629202954002-1183293690563-1183293711699-bad0c83802ec68402d6030a1e442ae77",
                "thumb_480_w": 480,
                "thumb_480_h": 132,
                "thumb_160": "https:\/\/files.slack.com\/files-tmb\/TJH5YU202-F014ZU1SY4Q-89e3af3515\/schermata_2020-05-26_alle_15.06.39_160.png?t=xoxe-629202954002-1183293690563-1183293711699-bad0c83802ec68402d6030a1e442ae77",
                "original_w": 662,
                "original_h": 182,
                "thumb_tiny": "AwANADC4W9CfzNGTjg\/qal2D3\/M0bB7\/AJmgCIk468fU0ZyOo\/M1L5Y9W\/M06gCMbCcAtn8aeBgYGaWigD\/\/2Q==",
                "permalink": "https:\/\/harbourproject.slack.com\/files\/UPK8HA95J\/F014ZU1SY4Q\/schermata_2020-05-26_alle_15.06.39.png",
                "permalink_public": "https:\/\/slack-files.com\/TJH5YU202-F014ZU1SY4Q-fa536de816",
                "is_starred": false,
                "has_rich_preview": false
            }
        ],
        "upload": true,
        "blocks": [
            {
                "type": "rich_text",
                "block_id": "gpPQ",
                "elements": [
                    {
                        "type": "rich_text_section",
                        "elements": [
                            {
                                "type": "text",
                                "text": "Hi Antonio. I changed the dll and the so file but now I have this error when the prg starts."
                            }
                        ]
                    }
                ]
            }
        ],
        "user": "UPK8HA95J",
        "display_as_bot": false,
        "ts": "1590516410.106500",
        "client_msg_id": "c2b7c690-5b79-4b8a-ae45-4773be42803e"
    },
    {
        "client_msg_id": "3c1ce8e2-1e6e-49d4-b22e-c758aae36daa",
        "type": "message",
        "text": "Thanks <@UPK8HA95J>",
        "user": "UJUJLTWMT",
        "ts": "1590517307.107000",
        "team": "TJH5YU202",
        "user_team": "TJH5YU202",
        "source_team": "TJH5YU202",
        "user_profile": {
            "avatar_hash": "a60e3b1ef2d2",
            "image_72": "https:\/\/avatars.slack-edge.com\/2019-08-20\/726246109489_a60e3b1ef2d2c141969d_72.jpg",
            "first_name": "",
            "real_name": "Cristobal",
            "display_name": "Cristobal",
            "team": "TJH5YU202",
            "name": "navarro.cristobal",
            "is_restricted": false,
            "is_ultra_restricted": false
        },
        "blocks": [
            {
                "type": "rich_text",
                "block_id": "1kNk",
                "elements": [
                    {
                        "type": "rich_text_section",
                        "elements": [
                            {
                                "type": "text",
                                "text": "Thanks "
                            },
                            {
                                "type": "user",
                                "user_id": "UPK8HA95J"
                            }
                        ]
                    }
                ]
            }
        ]
    },
    {
        "client_msg_id": "83528193-a049-479d-bed1-ff256e21f17e",
        "type": "message",
        "text": "Another tipical case of missing curl and openssl dlls.",
        "user": "UM81W8B0Q",
        "ts": "1590520042.107500",
        "team": "TJH5YU202",
        "user_team": "TJH5YU202",
        "source_team": "TJH5YU202",
        "user_profile": {
            "avatar_hash": "gab9279ee8c0",
            "image_72": "https:\/\/secure.gravatar.com\/avatar\/73ab9279ee8c00f66ce4904d30146c8f.jpg?s=72&d=https%3A%2F%2Fa.slack-edge.com%2Fdf10d%2Fimg%2Favatars%2Fava_0010-72.png",
            "first_name": "",
            "real_name": "Angel Pais",
            "display_name": "Angel Pais",
            "team": "TJH5YU202",
            "name": "amigosam",
            "is_restricted": false,
            "is_ultra_restricted": false
        },
        "blocks": [
            {
                "type": "rich_text",
                "block_id": "EfXq",
                "elements": [
                    {
                        "type": "rich_text_section",
                        "elements": [
                            {
                                "type": "text",
                                "text": "Another tipical case of missing curl and openssl dlls."
                            }
                        ]
                    }
                ]
            }
        ]
    }
]