[
    {
        "type": "message",
        "text": "",
        "files": [
            {
                "id": "F013RV92CKG",
                "created": 1589955122,
                "timestamp": 1589955122,
                "name": "grafik.png",
                "title": "grafik.png",
                "mimetype": "image\/png",
                "filetype": "png",
                "pretty_type": "PNG",
                "user": "UJHD6A81H",
                "editable": false,
                "size": 68889,
                "mode": "hosted",
                "is_external": false,
                "external_type": "",
                "is_public": true,
                "public_url_shared": false,
                "display_as_bot": false,
                "username": "",
                "url_private": "https:\/\/files.slack.com\/files-pri\/TJH5YU202-F013RV92CKG\/grafik.png?t=xoxe-629202954002-1183293690563-1183293711699-bad0c83802ec68402d6030a1e442ae77",
                "url_private_download": "https:\/\/files.slack.com\/files-pri\/TJH5YU202-F013RV92CKG\/download\/grafik.png?t=xoxe-629202954002-1183293690563-1183293711699-bad0c83802ec68402d6030a1e442ae77",
                "thumb_64": "https:\/\/files.slack.com\/files-tmb\/TJH5YU202-F013RV92CKG-92cdcec513\/grafik_64.png?t=xoxe-629202954002-1183293690563-1183293711699-bad0c83802ec68402d6030a1e442ae77",
                "thumb_80": "https:\/\/files.slack.com\/files-tmb\/TJH5YU202-F013RV92CKG-92cdcec513\/grafik_80.png?t=xoxe-629202954002-1183293690563-1183293711699-bad0c83802ec68402d6030a1e442ae77",
                "thumb_360": "https:\/\/files.slack.com\/files-tmb\/TJH5YU202-F013RV92CKG-92cdcec513\/grafik_360.png?t=xoxe-629202954002-1183293690563-1183293711699-bad0c83802ec68402d6030a1e442ae77",
                "thumb_360_w": 360,
                "thumb_360_h": 222,
                "thumb_480": "https:\/\/files.slack.com\/files-tmb\/TJH5YU202-F013RV92CKG-92cdcec513\/grafik_480.png?t=xoxe-629202954002-1183293690563-1183293711699-bad0c83802ec68402d6030a1e442ae77",
                "thumb_480_w": 480,
                "thumb_480_h": 296,
                "thumb_160": "https:\/\/files.slack.com\/files-tmb\/TJH5YU202-F013RV92CKG-92cdcec513\/grafik_160.png?t=xoxe-629202954002-1183293690563-1183293711699-bad0c83802ec68402d6030a1e442ae77",
                "thumb_720": "https:\/\/files.slack.com\/files-tmb\/TJH5YU202-F013RV92CKG-92cdcec513\/grafik_720.png?t=xoxe-629202954002-1183293690563-1183293711699-bad0c83802ec68402d6030a1e442ae77",
                "thumb_720_w": 720,
                "thumb_720_h": 443,
                "thumb_800": "https:\/\/files.slack.com\/files-tmb\/TJH5YU202-F013RV92CKG-92cdcec513\/grafik_800.png?t=xoxe-629202954002-1183293690563-1183293711699-bad0c83802ec68402d6030a1e442ae77",
                "thumb_800_w": 800,
                "thumb_800_h": 493,
                "thumb_960": "https:\/\/files.slack.com\/files-tmb\/TJH5YU202-F013RV92CKG-92cdcec513\/grafik_960.png?t=xoxe-629202954002-1183293690563-1183293711699-bad0c83802ec68402d6030a1e442ae77",
                "thumb_960_w": 960,
                "thumb_960_h": 591,
                "thumb_1024": "https:\/\/files.slack.com\/files-tmb\/TJH5YU202-F013RV92CKG-92cdcec513\/grafik_1024.png?t=xoxe-629202954002-1183293690563-1183293711699-bad0c83802ec68402d6030a1e442ae77",
                "thumb_1024_w": 1024,
                "thumb_1024_h": 631,
                "original_w": 1260,
                "original_h": 776,
                "thumb_tiny": "AwAdADCaSBEbCwyuMdQ3\/wBem+UmM\/Zp\/wDvr\/69TXIfzBtjdhjqDUWJdv8AqpOvqP8AGlqITyk5\/wBGn\/76\/wDr0qwozAG3mAPct0\/WnRJIzFWR0GOp\/wD11MsBVgd+cUagVSkIYgxScH\/np\/8AXpY44XkC+W4z33\/\/AF6Rj87f6zr6\/wD16dbn9+OX\/E8fzpXC5Zkh8xs7scU37Pxjf39Knop2QWIo4fLbO7PFS0UUxlJkO5jufr706BSJgSWP1zVrap6qPyoCgdAKmzCx\/9k=",
                "permalink": "https:\/\/harbourproject.slack.com\/files\/UJHD6A81H\/F013RV92CKG\/grafik.png",
                "permalink_public": "https:\/\/slack-files.com\/TJH5YU202-F013RV92CKG-2706089aca",
                "is_starred": false,
                "has_rich_preview": false
            }
        ],
        "upload": true,
        "user": "UJHD6A81H",
        "display_as_bot": false,
        "ts": "1589955125.097200",
        "client_msg_id": "ec4041ea-e350-4ce4-af23-ca2f7206c08f"
    }
]