[
    {
        "client_msg_id": "a0863567-0668-4c87-8dbc-8be731b1d263",
        "type": "message",
        "text": "Hi All,\nmod_harbour looks like an amazing thing. thanks all you made it happen.\nI am new to this whole thing, so please ignore my ignorance.\n\nMy first question. How is is possible to debug the server side?",
        "user": "UJWU9P1LP",
        "ts": "1588698885.074100",
        "team": "TJH5YU202",
        "user_team": "TJH5YU202",
        "source_team": "TJH5YU202",
        "user_profile": {
            "avatar_hash": "gd5359cf0340",
            "image_72": "https:\/\/secure.gravatar.com\/avatar\/f0d5359cf034005e0313981a49adb150.jpg?s=72&d=https%3A%2F%2Fa.slack-edge.com%2Fdf10d%2Fimg%2Favatars%2Fava_0001-72.png",
            "first_name": "",
            "real_name": "AbeBuch",
            "display_name": "AbeBuch",
            "team": "TJH5YU202",
            "name": "abe.buch",
            "is_restricted": false,
            "is_ultra_restricted": false
        },
        "edited": {
            "user": "UJWU9P1LP",
            "ts": "1588698946.000000"
        },
        "blocks": [
            {
                "type": "rich_text",
                "block_id": "44Pou",
                "elements": [
                    {
                        "type": "rich_text_section",
                        "elements": [
                            {
                                "type": "text",
                                "text": "Hi All,\nmod_harbour looks like an amazing thing. thanks all you made it happen.\nI am new to this whole thing, so please ignore my ignorance.\n\nMy first question. How is is possible to debug the server side?"
                            }
                        ]
                    }
                ]
            }
        ]
    },
    {
        "client_msg_id": "3a23d0e4-fe6b-4c7c-a6e7-d6bb69825447",
        "type": "message",
        "text": "log files",
        "user": "UM81W8B0Q",
        "ts": "1588700061.074500",
        "team": "TJH5YU202",
        "user_team": "TJH5YU202",
        "source_team": "TJH5YU202",
        "user_profile": {
            "avatar_hash": "gab9279ee8c0",
            "image_72": "https:\/\/secure.gravatar.com\/avatar\/73ab9279ee8c00f66ce4904d30146c8f.jpg?s=72&d=https%3A%2F%2Fa.slack-edge.com%2Fdf10d%2Fimg%2Favatars%2Fava_0010-72.png",
            "first_name": "",
            "real_name": "Angel Pais",
            "display_name": "Angel Pais",
            "team": "TJH5YU202",
            "name": "amigosam",
            "is_restricted": false,
            "is_ultra_restricted": false
        },
        "blocks": [
            {
                "type": "rich_text",
                "block_id": "AdJ",
                "elements": [
                    {
                        "type": "rich_text_section",
                        "elements": [
                            {
                                "type": "text",
                                "text": "log files"
                            }
                        ]
                    }
                ]
            }
        ]
    },
    {
        "client_msg_id": "87f84cd3-8e6e-46e2-8e80-0df855439ddd",
        "type": "message",
        "text": "<@UJWU9P1LP> <http:\/\/forums.fivetechsupport.com\/viewtopic.php?f=45&amp;t=38891>",
        "user": "UJHD6A81H",
        "ts": "1588700148.074900",
        "team": "TJH5YU202",
        "user_team": "TJH5YU202",
        "source_team": "TJH5YU202",
        "user_profile": {
            "avatar_hash": "g6b8073e00e9",
            "image_72": "https:\/\/secure.gravatar.com\/avatar\/b96b8073e00e9eb02bcf05bc1418eb3a.jpg?s=72&d=https%3A%2F%2Fa.slack-edge.com%2Fdf10d%2Fimg%2Favatars%2Fava_0021-72.png",
            "first_name": "Otto",
            "real_name": "Otto Atzwanger",
            "display_name": "Otto",
            "team": "TJH5YU202",
            "name": "otto",
            "is_restricted": false,
            "is_ultra_restricted": false
        },
        "blocks": [
            {
                "type": "rich_text",
                "block_id": "lX3Lp",
                "elements": [
                    {
                        "type": "rich_text_section",
                        "elements": [
                            {
                                "type": "user",
                                "user_id": "UJWU9P1LP"
                            },
                            {
                                "type": "text",
                                "text": " "
                            },
                            {
                                "type": "link",
                                "url": "http:\/\/forums.fivetechsupport.com\/viewtopic.php?f=45&t=38891"
                            }
                        ]
                    }
                ]
            }
        ],
        "thread_ts": "1588700148.074900",
        "reply_count": 3,
        "reply_users_count": 2,
        "latest_reply": "1588778118.076200",
        "reply_users": [
            "UJWU9P1LP",
            "UJHD6A81H"
        ],
        "replies": [
            {
                "user": "UJWU9P1LP",
                "ts": "1588702933.075800"
            },
            {
                "user": "UJHD6A81H",
                "ts": "1588714979.076000"
            },
            {
                "user": "UJWU9P1LP",
                "ts": "1588778118.076200"
            }
        ],
        "subscribed": false
    },
    {
        "client_msg_id": "1a07ce1b-1b3b-4a6c-9a87-2c2bf97b9f58",
        "type": "message",
        "text": "Bestellsystem is nearly finished.",
        "user": "UJHD6A81H",
        "ts": "1588701286.075300",
        "team": "TJH5YU202",
        "user_team": "TJH5YU202",
        "source_team": "TJH5YU202",
        "user_profile": {
            "avatar_hash": "g6b8073e00e9",
            "image_72": "https:\/\/secure.gravatar.com\/avatar\/b96b8073e00e9eb02bcf05bc1418eb3a.jpg?s=72&d=https%3A%2F%2Fa.slack-edge.com%2Fdf10d%2Fimg%2Favatars%2Fava_0021-72.png",
            "first_name": "Otto",
            "real_name": "Otto Atzwanger",
            "display_name": "Otto",
            "team": "TJH5YU202",
            "name": "otto",
            "is_restricted": false,
            "is_ultra_restricted": false
        },
        "blocks": [
            {
                "type": "rich_text",
                "block_id": "cXPh",
                "elements": [
                    {
                        "type": "rich_text_section",
                        "elements": [
                            {
                                "type": "text",
                                "text": "Bestellsystem is nearly finished."
                            }
                        ]
                    }
                ]
            }
        ]
    },
    {
        "client_msg_id": "85e02fb0-a42d-46b9-8795-127ef455b054",
        "type": "message",
        "text": "<https:\/\/www.modharbour.club\/mh_bestellservice\/restaurant.prg>",
        "user": "UJHD6A81H",
        "ts": "1588701288.075500",
        "team": "TJH5YU202",
        "user_team": "TJH5YU202",
        "source_team": "TJH5YU202",
        "user_profile": {
            "avatar_hash": "g6b8073e00e9",
            "image_72": "https:\/\/secure.gravatar.com\/avatar\/b96b8073e00e9eb02bcf05bc1418eb3a.jpg?s=72&d=https%3A%2F%2Fa.slack-edge.com%2Fdf10d%2Fimg%2Favatars%2Fava_0021-72.png",
            "first_name": "Otto",
            "real_name": "Otto Atzwanger",
            "display_name": "Otto",
            "team": "TJH5YU202",
            "name": "otto",
            "is_restricted": false,
            "is_ultra_restricted": false
        },
        "blocks": [
            {
                "type": "rich_text",
                "block_id": "8q9",
                "elements": [
                    {
                        "type": "rich_text_section",
                        "elements": [
                            {
                                "type": "link",
                                "url": "https:\/\/www.modharbour.club\/mh_bestellservice\/restaurant.prg"
                            }
                        ]
                    }
                ]
            }
        ]
    },
    {
        "client_msg_id": "6b044fc0-275d-4959-a111-33d34dbd1f90",
        "type": "message",
        "text": "I can't figure out how to get the debugger launched in the first place.\nI guess i need to rebuild mod_harbour with debugging on. But where will it show since Mod_harbour dosn't run in a window?",
        "user": "UJWU9P1LP",
        "ts": "1588702933.075800",
        "team": "TJH5YU202",
        "user_team": "TJH5YU202",
        "source_team": "TJH5YU202",
        "user_profile": {
            "avatar_hash": "gd5359cf0340",
            "image_72": "https:\/\/secure.gravatar.com\/avatar\/f0d5359cf034005e0313981a49adb150.jpg?s=72&d=https%3A%2F%2Fa.slack-edge.com%2Fdf10d%2Fimg%2Favatars%2Fava_0001-72.png",
            "first_name": "",
            "real_name": "AbeBuch",
            "display_name": "AbeBuch",
            "team": "TJH5YU202",
            "name": "abe.buch",
            "is_restricted": false,
            "is_ultra_restricted": false
        },
        "blocks": [
            {
                "type": "rich_text",
                "block_id": "EvHs0",
                "elements": [
                    {
                        "type": "rich_text_section",
                        "elements": [
                            {
                                "type": "text",
                                "text": "I can't figure out how to get the debugger launched in the first place.\nI guess i need to rebuild mod_harbour with debugging on. But where will it show since Mod_harbour dosn't run in a window?"
                            }
                        ]
                    }
                ]
            }
        ],
        "thread_ts": "1588700148.074900",
        "parent_user_id": "UJHD6A81H"
    },
    {
        "client_msg_id": "f2c4327b-2611-4c1c-a431-8c258523eb78",
        "type": "message",
        "text": "I simply compile the program with Fivewin.\nI comment out the online parts.\nThen I use xBrowse to display hashes, arrays and dbf files. I insert  msgboxes. Just like I do with Fivewin.\nI don't actually use the debugger.",
        "user": "UJHD6A81H",
        "ts": "1588714979.076000",
        "team": "TJH5YU202",
        "user_team": "TJH5YU202",
        "source_team": "TJH5YU202",
        "user_profile": {
            "avatar_hash": "g6b8073e00e9",
            "image_72": "https:\/\/secure.gravatar.com\/avatar\/b96b8073e00e9eb02bcf05bc1418eb3a.jpg?s=72&d=https%3A%2F%2Fa.slack-edge.com%2Fdf10d%2Fimg%2Favatars%2Fava_0021-72.png",
            "first_name": "Otto",
            "real_name": "Otto Atzwanger",
            "display_name": "Otto",
            "team": "TJH5YU202",
            "name": "otto",
            "is_restricted": false,
            "is_ultra_restricted": false
        },
        "blocks": [
            {
                "type": "rich_text",
                "block_id": "4GGwl",
                "elements": [
                    {
                        "type": "rich_text_section",
                        "elements": [
                            {
                                "type": "text",
                                "text": "I simply compile the program with Fivewin.\nI comment out the online parts.\nThen I use xBrowse to display hashes, arrays and dbf files. I insert  msgboxes. Just like I do with Fivewin.\nI don't actually use the debugger."
                            }
                        ]
                    }
                ]
            }
        ],
        "thread_ts": "1588700148.074900",
        "parent_user_id": "UJHD6A81H"
    }
]