[
    {
        "type": "message",
        "text": "Good morning. I've downloaded the new version but I have the same error. Tested also with info.prg that is in the samples folder.",
        "files": [
            {
                "id": "F0149RBQ005",
                "created": 1590564750,
                "timestamp": 1590564750,
                "name": "Schermata 2020-05-27 alle 09.17.25.png",
                "title": "Schermata 2020-05-27 alle 09.17.25.png",
                "mimetype": "image\/png",
                "filetype": "png",
                "pretty_type": "PNG",
                "user": "UPK8HA95J",
                "editable": false,
                "size": 38356,
                "mode": "hosted",
                "is_external": false,
                "external_type": "",
                "is_public": true,
                "public_url_shared": false,
                "display_as_bot": false,
                "username": "",
                "url_private": "https:\/\/files.slack.com\/files-pri\/TJH5YU202-F0149RBQ005\/schermata_2020-05-27_alle_09.17.25.png?t=xoxe-629202954002-1183293690563-1183293711699-bad0c83802ec68402d6030a1e442ae77",
                "url_private_download": "https:\/\/files.slack.com\/files-pri\/TJH5YU202-F0149RBQ005\/download\/schermata_2020-05-27_alle_09.17.25.png?t=xoxe-629202954002-1183293690563-1183293711699-bad0c83802ec68402d6030a1e442ae77",
                "thumb_64": "https:\/\/files.slack.com\/files-tmb\/TJH5YU202-F0149RBQ005-8e3c50e84c\/schermata_2020-05-27_alle_09.17.25_64.png?t=xoxe-629202954002-1183293690563-1183293711699-bad0c83802ec68402d6030a1e442ae77",
                "thumb_80": "https:\/\/files.slack.com\/files-tmb\/TJH5YU202-F0149RBQ005-8e3c50e84c\/schermata_2020-05-27_alle_09.17.25_80.png?t=xoxe-629202954002-1183293690563-1183293711699-bad0c83802ec68402d6030a1e442ae77",
                "thumb_360": "https:\/\/files.slack.com\/files-tmb\/TJH5YU202-F0149RBQ005-8e3c50e84c\/schermata_2020-05-27_alle_09.17.25_360.png?t=xoxe-629202954002-1183293690563-1183293711699-bad0c83802ec68402d6030a1e442ae77",
                "thumb_360_w": 360,
                "thumb_360_h": 142,
                "thumb_480": "https:\/\/files.slack.com\/files-tmb\/TJH5YU202-F0149RBQ005-8e3c50e84c\/schermata_2020-05-27_alle_09.17.25_480.png?t=xoxe-629202954002-1183293690563-1183293711699-bad0c83802ec68402d6030a1e442ae77",
                "thumb_480_w": 480,
                "thumb_480_h": 189,
                "thumb_160": "https:\/\/files.slack.com\/files-tmb\/TJH5YU202-F0149RBQ005-8e3c50e84c\/schermata_2020-05-27_alle_09.17.25_160.png?t=xoxe-629202954002-1183293690563-1183293711699-bad0c83802ec68402d6030a1e442ae77",
                "thumb_720": "https:\/\/files.slack.com\/files-tmb\/TJH5YU202-F0149RBQ005-8e3c50e84c\/schermata_2020-05-27_alle_09.17.25_720.png?t=xoxe-629202954002-1183293690563-1183293711699-bad0c83802ec68402d6030a1e442ae77",
                "thumb_720_w": 720,
                "thumb_720_h": 284,
                "thumb_800": "https:\/\/files.slack.com\/files-tmb\/TJH5YU202-F0149RBQ005-8e3c50e84c\/schermata_2020-05-27_alle_09.17.25_800.png?t=xoxe-629202954002-1183293690563-1183293711699-bad0c83802ec68402d6030a1e442ae77",
                "thumb_800_w": 800,
                "thumb_800_h": 315,
                "original_w": 888,
                "original_h": 350,
                "thumb_tiny": "AwASADC6WOTgn86Nx\/vfr\/8AXqaigCEbiOMn3\/yakAz13D8adRQAUUUUAFFFFABRRRQAUUUUAf\/Z",
                "permalink": "https:\/\/harbourproject.slack.com\/files\/UPK8HA95J\/F0149RBQ005\/schermata_2020-05-27_alle_09.17.25.png",
                "permalink_public": "https:\/\/slack-files.com\/TJH5YU202-F0149RBQ005-5277966cc0",
                "is_starred": false,
                "has_rich_preview": false
            }
        ],
        "upload": true,
        "blocks": [
            {
                "type": "rich_text",
                "block_id": "AE6",
                "elements": [
                    {
                        "type": "rich_text_section",
                        "elements": [
                            {
                                "type": "text",
                                "text": "Good morning. I've downloaded the new version but I have the same error. Tested also with info.prg that is in the samples folder."
                            }
                        ]
                    }
                ]
            }
        ],
        "user": "UPK8HA95J",
        "display_as_bot": false,
        "ts": "1590564753.109400",
        "client_msg_id": "9244484a-514e-4f62-8947-4e3e31c26e3b"
    },
    {
        "client_msg_id": "7b8e4eb3-8c2f-4c74-9a6e-31908625b710",
        "type": "message",
        "text": "Antonio just shared in <#CJUHF8SBX|modharbour> a build with the required libraries, which you have to copy into C:\\Apache24\\bin",
        "user": "UNAHBRTFA",
        "ts": "1590565130.110300",
        "team": "TJH5YU202",
        "user_team": "TJH5YU202",
        "source_team": "TJH5YU202",
        "user_profile": {
            "avatar_hash": "g3d2a3f4c28c",
            "image_72": "https:\/\/secure.gravatar.com\/avatar\/23d2a3f4c28cebb4cf07e48d02620517.jpg?s=72&d=https%3A%2F%2Fa.slack-edge.com%2Fdf10d%2Fimg%2Favatars%2Fava_0020-72.png",
            "first_name": "Andreu",
            "real_name": "Andreu Botella",
            "display_name": "Andreu Botella",
            "team": "TJH5YU202",
            "name": "andreu.132",
            "is_restricted": false,
            "is_ultra_restricted": false
        },
        "blocks": [
            {
                "type": "rich_text",
                "block_id": "AGx7",
                "elements": [
                    {
                        "type": "rich_text_section",
                        "elements": [
                            {
                                "type": "text",
                                "text": "Antonio just shared in "
                            },
                            {
                                "type": "channel",
                                "channel_id": "CJUHF8SBX"
                            },
                            {
                                "type": "text",
                                "text": " a build with the required libraries, which you have to copy into C:\\Apache24\\bin"
                            }
                        ]
                    }
                ]
            }
        ]
    },
    {
        "type": "message",
        "text": "Copie the 3 dlls in the folder, copied also the ads dll and now I have this error.",
        "files": [
            {
                "id": "F014PSSGBPB",
                "created": 1590566346,
                "timestamp": 1590566346,
                "name": "Schermata 2020-05-27 alle 09.55.17.png",
                "title": "Schermata 2020-05-27 alle 09.55.17.png",
                "mimetype": "image\/png",
                "filetype": "png",
                "pretty_type": "PNG",
                "user": "UPK8HA95J",
                "editable": false,
                "size": 112742,
                "mode": "hosted",
                "is_external": false,
                "external_type": "",
                "is_public": true,
                "public_url_shared": false,
                "display_as_bot": false,
                "username": "",
                "url_private": "https:\/\/files.slack.com\/files-pri\/TJH5YU202-F014PSSGBPB\/schermata_2020-05-27_alle_09.55.17.png?t=xoxe-629202954002-1183293690563-1183293711699-bad0c83802ec68402d6030a1e442ae77",
                "url_private_download": "https:\/\/files.slack.com\/files-pri\/TJH5YU202-F014PSSGBPB\/download\/schermata_2020-05-27_alle_09.55.17.png?t=xoxe-629202954002-1183293690563-1183293711699-bad0c83802ec68402d6030a1e442ae77",
                "thumb_64": "https:\/\/files.slack.com\/files-tmb\/TJH5YU202-F014PSSGBPB-e8053f2bab\/schermata_2020-05-27_alle_09.55.17_64.png?t=xoxe-629202954002-1183293690563-1183293711699-bad0c83802ec68402d6030a1e442ae77",
                "thumb_80": "https:\/\/files.slack.com\/files-tmb\/TJH5YU202-F014PSSGBPB-e8053f2bab\/schermata_2020-05-27_alle_09.55.17_80.png?t=xoxe-629202954002-1183293690563-1183293711699-bad0c83802ec68402d6030a1e442ae77",
                "thumb_360": "https:\/\/files.slack.com\/files-tmb\/TJH5YU202-F014PSSGBPB-e8053f2bab\/schermata_2020-05-27_alle_09.55.17_360.png?t=xoxe-629202954002-1183293690563-1183293711699-bad0c83802ec68402d6030a1e442ae77",
                "thumb_360_w": 360,
                "thumb_360_h": 148,
                "thumb_480": "https:\/\/files.slack.com\/files-tmb\/TJH5YU202-F014PSSGBPB-e8053f2bab\/schermata_2020-05-27_alle_09.55.17_480.png?t=xoxe-629202954002-1183293690563-1183293711699-bad0c83802ec68402d6030a1e442ae77",
                "thumb_480_w": 480,
                "thumb_480_h": 198,
                "thumb_160": "https:\/\/files.slack.com\/files-tmb\/TJH5YU202-F014PSSGBPB-e8053f2bab\/schermata_2020-05-27_alle_09.55.17_160.png?t=xoxe-629202954002-1183293690563-1183293711699-bad0c83802ec68402d6030a1e442ae77",
                "thumb_720": "https:\/\/files.slack.com\/files-tmb\/TJH5YU202-F014PSSGBPB-e8053f2bab\/schermata_2020-05-27_alle_09.55.17_720.png?t=xoxe-629202954002-1183293690563-1183293711699-bad0c83802ec68402d6030a1e442ae77",
                "thumb_720_w": 720,
                "thumb_720_h": 297,
                "thumb_800": "https:\/\/files.slack.com\/files-tmb\/TJH5YU202-F014PSSGBPB-e8053f2bab\/schermata_2020-05-27_alle_09.55.17_800.png?t=xoxe-629202954002-1183293690563-1183293711699-bad0c83802ec68402d6030a1e442ae77",
                "thumb_800_w": 800,
                "thumb_800_h": 330,
                "thumb_960": "https:\/\/files.slack.com\/files-tmb\/TJH5YU202-F014PSSGBPB-e8053f2bab\/schermata_2020-05-27_alle_09.55.17_960.png?t=xoxe-629202954002-1183293690563-1183293711699-bad0c83802ec68402d6030a1e442ae77",
                "thumb_960_w": 960,
                "thumb_960_h": 396,
                "thumb_1024": "https:\/\/files.slack.com\/files-tmb\/TJH5YU202-F014PSSGBPB-e8053f2bab\/schermata_2020-05-27_alle_09.55.17_1024.png?t=xoxe-629202954002-1183293690563-1183293711699-bad0c83802ec68402d6030a1e442ae77",
                "thumb_1024_w": 1024,
                "thumb_1024_h": 422,
                "original_w": 1456,
                "original_h": 600,
                "thumb_tiny": "AwATADC7689KTp709TxyaeDnoKAGCTtt\/Kng57Yo\/CjJ9KAFopMn0paACiiigAooooAKKKKAP\/\/Z",
                "permalink": "https:\/\/harbourproject.slack.com\/files\/UPK8HA95J\/F014PSSGBPB\/schermata_2020-05-27_alle_09.55.17.png",
                "permalink_public": "https:\/\/slack-files.com\/TJH5YU202-F014PSSGBPB-f9567e3d85",
                "is_starred": false,
                "has_rich_preview": false
            }
        ],
        "upload": true,
        "blocks": [
            {
                "type": "rich_text",
                "block_id": "1Xyk",
                "elements": [
                    {
                        "type": "rich_text_section",
                        "elements": [
                            {
                                "type": "text",
                                "text": "Copie the 3 dlls in the folder, copied also the ads dll and now I have this error."
                            }
                        ]
                    }
                ]
            }
        ],
        "user": "UPK8HA95J",
        "display_as_bot": false,
        "ts": "1590566349.111000",
        "client_msg_id": "e3c522b8-24ee-4873-99ef-bfc990a8e902"
    },
    {
        "client_msg_id": "0a88c975-269f-4e0b-9fa7-3b551ac96380",
        "type": "message",
        "text": "I've looked inside the libharbour.dll with an hexadecimal editor and the adssetservertype is present in the old dll and not in the new one.",
        "user": "UPK8HA95J",
        "ts": "1590568034.112400",
        "team": "TJH5YU202",
        "user_team": "TJH5YU202",
        "source_team": "TJH5YU202",
        "user_profile": {
            "avatar_hash": "gf2dea9b252b",
            "image_72": "https:\/\/secure.gravatar.com\/avatar\/f2dea9b252bd156608bbff0effb3df8f.jpg?s=72&d=https%3A%2F%2Fa.slack-edge.com%2Fdf10d%2Fimg%2Favatars%2Fava_0024-72.png",
            "first_name": "",
            "real_name": "Massimo Linossi",
            "display_name": "Massimo Linossi",
            "team": "TJH5YU202",
            "name": "massimo",
            "is_restricted": false,
            "is_ultra_restricted": false
        },
        "blocks": [
            {
                "type": "rich_text",
                "block_id": "84vZ",
                "elements": [
                    {
                        "type": "rich_text_section",
                        "elements": [
                            {
                                "type": "text",
                                "text": "I've looked inside the libharbour.dll with an hexadecimal editor and the adssetservertype is present in the old dll and not in the new one."
                            }
                        ]
                    }
                ]
            }
        ]
    },
    {
        "type": "message",
        "text": "If you look at this screenshot, there are all them ADS function inside and old dll that I'm currently using. In the new one there is no ADS function.",
        "files": [
            {
                "id": "F01518BG0SC",
                "created": 1590571194,
                "timestamp": 1590571194,
                "name": "Schermata 2020-05-27 alle 11.17.57.png",
                "title": "Schermata 2020-05-27 alle 11.17.57.png",
                "mimetype": "image\/png",
                "filetype": "png",
                "pretty_type": "PNG",
                "user": "UPK8HA95J",
                "editable": false,
                "size": 219482,
                "mode": "hosted",
                "is_external": false,
                "external_type": "",
                "is_public": true,
                "public_url_shared": false,
                "display_as_bot": false,
                "username": "",
                "url_private": "https:\/\/files.slack.com\/files-pri\/TJH5YU202-F01518BG0SC\/schermata_2020-05-27_alle_11.17.57.png?t=xoxe-629202954002-1183293690563-1183293711699-bad0c83802ec68402d6030a1e442ae77",
                "url_private_download": "https:\/\/files.slack.com\/files-pri\/TJH5YU202-F01518BG0SC\/download\/schermata_2020-05-27_alle_11.17.57.png?t=xoxe-629202954002-1183293690563-1183293711699-bad0c83802ec68402d6030a1e442ae77",
                "thumb_64": "https:\/\/files.slack.com\/files-tmb\/TJH5YU202-F01518BG0SC-1da0fc0c95\/schermata_2020-05-27_alle_11.17.57_64.png?t=xoxe-629202954002-1183293690563-1183293711699-bad0c83802ec68402d6030a1e442ae77",
                "thumb_80": "https:\/\/files.slack.com\/files-tmb\/TJH5YU202-F01518BG0SC-1da0fc0c95\/schermata_2020-05-27_alle_11.17.57_80.png?t=xoxe-629202954002-1183293690563-1183293711699-bad0c83802ec68402d6030a1e442ae77",
                "thumb_360": "https:\/\/files.slack.com\/files-tmb\/TJH5YU202-F01518BG0SC-1da0fc0c95\/schermata_2020-05-27_alle_11.17.57_360.png?t=xoxe-629202954002-1183293690563-1183293711699-bad0c83802ec68402d6030a1e442ae77",
                "thumb_360_w": 286,
                "thumb_360_h": 360,
                "thumb_480": "https:\/\/files.slack.com\/files-tmb\/TJH5YU202-F01518BG0SC-1da0fc0c95\/schermata_2020-05-27_alle_11.17.57_480.png?t=xoxe-629202954002-1183293690563-1183293711699-bad0c83802ec68402d6030a1e442ae77",
                "thumb_480_w": 381,
                "thumb_480_h": 480,
                "thumb_160": "https:\/\/files.slack.com\/files-tmb\/TJH5YU202-F01518BG0SC-1da0fc0c95\/schermata_2020-05-27_alle_11.17.57_160.png?t=xoxe-629202954002-1183293690563-1183293711699-bad0c83802ec68402d6030a1e442ae77",
                "thumb_720": "https:\/\/files.slack.com\/files-tmb\/TJH5YU202-F01518BG0SC-1da0fc0c95\/schermata_2020-05-27_alle_11.17.57_720.png?t=xoxe-629202954002-1183293690563-1183293711699-bad0c83802ec68402d6030a1e442ae77",
                "thumb_720_w": 571,
                "thumb_720_h": 720,
                "thumb_800": "https:\/\/files.slack.com\/files-tmb\/TJH5YU202-F01518BG0SC-1da0fc0c95\/schermata_2020-05-27_alle_11.17.57_800.png?t=xoxe-629202954002-1183293690563-1183293711699-bad0c83802ec68402d6030a1e442ae77",
                "thumb_800_w": 800,
                "thumb_800_h": 1009,
                "thumb_960": "https:\/\/files.slack.com\/files-tmb\/TJH5YU202-F01518BG0SC-1da0fc0c95\/schermata_2020-05-27_alle_11.17.57_960.png?t=xoxe-629202954002-1183293690563-1183293711699-bad0c83802ec68402d6030a1e442ae77",
                "thumb_960_w": 761,
                "thumb_960_h": 960,
                "thumb_1024": "https:\/\/files.slack.com\/files-tmb\/TJH5YU202-F01518BG0SC-1da0fc0c95\/schermata_2020-05-27_alle_11.17.57_1024.png?t=xoxe-629202954002-1183293690563-1183293711699-bad0c83802ec68402d6030a1e442ae77",
                "thumb_1024_w": 812,
                "thumb_1024_h": 1024,
                "original_w": 1234,
                "original_h": 1556,
                "thumb_tiny": "AwAwACa6OGPQHPekIwckUnRm659qUZIz\/KgAOcDuPSlJAPy8E00428c0HIAyc+1ADoweeMmn8+lMTr6D0p\/FAEXcgHA9aAMckcUpIyRnH070nTkj86AEOO2P60uMBSeRS4yPlycfhSZBOWoAcgyc\/wA6kx9PzpiLg+me1P8AxoAhOQRgYNDeoPNKAcngE\/WjDNycUAA+U5OQfQUgz1\/X0pSDjGMUpUkDNAAMM3B\/H1p2PcUij5vYCnY96AP\/2Q==",
                "permalink": "https:\/\/harbourproject.slack.com\/files\/UPK8HA95J\/F01518BG0SC\/schermata_2020-05-27_alle_11.17.57.png",
                "permalink_public": "https:\/\/slack-files.com\/TJH5YU202-F01518BG0SC-a6e9b73705",
                "is_starred": false,
                "has_rich_preview": false
            }
        ],
        "upload": true,
        "blocks": [
            {
                "type": "rich_text",
                "block_id": "FyI5K",
                "elements": [
                    {
                        "type": "rich_text_section",
                        "elements": [
                            {
                                "type": "text",
                                "text": "If you look at this screenshot, there are all them ADS function inside and old dll that I'm currently using. In the new one there is no ADS function."
                            }
                        ]
                    }
                ]
            }
        ],
        "user": "UPK8HA95J",
        "display_as_bot": false,
        "ts": "1590571197.114000",
        "client_msg_id": "d8b4115b-3859-44f2-bd73-66ca26da9bca"
    },
    {
        "type": "message",
        "text": "Please use this one. This is the right one",
        "files": [
            {
                "id": "F013WQB5PHD",
                "created": 1590575137,
                "timestamp": 1590575137,
                "name": "modharbour_win64_msvc_ads_2020_05_27.zip",
                "title": "modharbour_win64_msvc_ads_2020_05_27.zip",
                "mimetype": "application\/zip",
                "filetype": "zip",
                "pretty_type": "Zip",
                "user": "UJN8D8U3B",
                "editable": false,
                "size": 27395578,
                "mode": "hosted",
                "is_external": false,
                "external_type": "",
                "is_public": true,
                "public_url_shared": false,
                "display_as_bot": false,
                "username": "",
                "url_private": "https:\/\/files.slack.com\/files-pri\/TJH5YU202-F013WQB5PHD\/modharbour_win64_msvc_ads_2020_05_27.zip?t=xoxe-629202954002-1183293690563-1183293711699-bad0c83802ec68402d6030a1e442ae77",
                "url_private_download": "https:\/\/files.slack.com\/files-pri\/TJH5YU202-F013WQB5PHD\/download\/modharbour_win64_msvc_ads_2020_05_27.zip?t=xoxe-629202954002-1183293690563-1183293711699-bad0c83802ec68402d6030a1e442ae77",
                "permalink": "https:\/\/harbourproject.slack.com\/files\/UJN8D8U3B\/F013WQB5PHD\/modharbour_win64_msvc_ads_2020_05_27.zip",
                "permalink_public": "https:\/\/slack-files.com\/TJH5YU202-F013WQB5PHD-295e329183",
                "is_starred": false,
                "has_rich_preview": false
            }
        ],
        "upload": true,
        "blocks": [
            {
                "type": "rich_text",
                "block_id": "1F\/IN",
                "elements": [
                    {
                        "type": "rich_text_section",
                        "elements": [
                            {
                                "type": "text",
                                "text": "Please use this one. This is the right one"
                            }
                        ]
                    }
                ]
            }
        ],
        "user": "UJN8D8U3B",
        "display_as_bot": false,
        "ts": "1590575162.114500",
        "client_msg_id": "9dd3a90c-c59e-4184-8190-1b7065495c0c"
    },
    {
        "client_msg_id": "bb719f86-1518-469e-a72d-b573c61b5255",
        "type": "message",
        "text": "Great !!! Installed and tested. Working perfectly.",
        "user": "UPK8HA95J",
        "ts": "1590592585.115100",
        "team": "TJH5YU202",
        "user_team": "TJH5YU202",
        "source_team": "TJH5YU202",
        "user_profile": {
            "avatar_hash": "gf2dea9b252b",
            "image_72": "https:\/\/secure.gravatar.com\/avatar\/f2dea9b252bd156608bbff0effb3df8f.jpg?s=72&d=https%3A%2F%2Fa.slack-edge.com%2Fdf10d%2Fimg%2Favatars%2Fava_0024-72.png",
            "first_name": "",
            "real_name": "Massimo Linossi",
            "display_name": "Massimo Linossi",
            "team": "TJH5YU202",
            "name": "massimo",
            "is_restricted": false,
            "is_ultra_restricted": false
        },
        "blocks": [
            {
                "type": "rich_text",
                "block_id": "cgx38",
                "elements": [
                    {
                        "type": "rich_text_section",
                        "elements": [
                            {
                                "type": "text",
                                "text": "Great !!! Installed and tested. Working perfectly."
                            }
                        ]
                    }
                ]
            }
        ]
    },
    {
        "client_msg_id": "39170f4f-9002-491a-8023-16611dced570",
        "type": "message",
        "text": ":ok_hand:",
        "user": "UJN8D8U3B",
        "ts": "1590596207.115300",
        "team": "TJH5YU202",
        "user_team": "TJH5YU202",
        "source_team": "TJH5YU202",
        "user_profile": {
            "avatar_hash": "g92ad2abcc45",
            "image_72": "https:\/\/secure.gravatar.com\/avatar\/8492ad2abcc45ce53969adcf8420acde.jpg?s=72&d=https%3A%2F%2Fa.slack-edge.com%2Fdf10d%2Fimg%2Favatars%2Fava_0008-72.png",
            "first_name": "",
            "real_name": "Antonio Linares",
            "display_name": "Antonio Linares",
            "team": "TJH5YU202",
            "name": "alinares",
            "is_restricted": false,
            "is_ultra_restricted": false
        },
        "blocks": [
            {
                "type": "rich_text",
                "block_id": "d73NW",
                "elements": [
                    {
                        "type": "rich_text_section",
                        "elements": [
                            {
                                "type": "emoji",
                                "name": "ok_hand"
                            }
                        ]
                    }
                ]
            }
        ]
    }
]