[
    {
        "client_msg_id": "4a0be6c6-470a-49bd-a5df-9092164c61b9",
        "type": "message",
        "text": "<@UNAHBRTFA> I'm using WSL bash with Ubuntu 18.04. Are there advantages in \"upgrade\" to WSL(2) before upgrading modharbour",
        "user": "UM99QAYNB",
        "ts": "1591139298.120400",
        "team": "TJH5YU202",
        "user_team": "TJH5YU202",
        "source_team": "TJH5YU202",
        "user_profile": {
            "avatar_hash": "g6ec61250d91",
            "image_72": "https:\/\/secure.gravatar.com\/avatar\/246ec61250d91ef0909fcfab7e788886.jpg?s=72&d=https%3A%2F%2Fa.slack-edge.com%2Fdf10d%2Fimg%2Favatars%2Fava_0024-72.png",
            "first_name": "",
            "real_name": "Jonathan Hodder",
            "display_name": "Jonathan Hodder",
            "team": "TJH5YU202",
            "name": "jonathan",
            "is_restricted": false,
            "is_ultra_restricted": false
        },
        "blocks": [
            {
                "type": "rich_text",
                "block_id": "OS0C",
                "elements": [
                    {
                        "type": "rich_text_section",
                        "elements": [
                            {
                                "type": "user",
                                "user_id": "UNAHBRTFA"
                            },
                            {
                                "type": "text",
                                "text": " I'm using WSL bash with Ubuntu 18.04. Are there advantages in \"upgrade\" to WSL(2) before upgrading modharbour"
                            }
                        ]
                    }
                ]
            }
        ]
    },
    {
        "client_msg_id": "6aa98b74-1310-4c55-8b7e-0433c9141d72",
        "type": "message",
        "text": "I'm more of a pure Linux guy, I've barely used WSL so I couldn't tell.",
        "user": "UNAHBRTFA",
        "ts": "1591139688.121200",
        "team": "TJH5YU202",
        "user_team": "TJH5YU202",
        "source_team": "TJH5YU202",
        "user_profile": {
            "avatar_hash": "g3d2a3f4c28c",
            "image_72": "https:\/\/secure.gravatar.com\/avatar\/23d2a3f4c28cebb4cf07e48d02620517.jpg?s=72&d=https%3A%2F%2Fa.slack-edge.com%2Fdf10d%2Fimg%2Favatars%2Fava_0020-72.png",
            "first_name": "Andreu",
            "real_name": "Andreu Botella",
            "display_name": "Andreu Botella",
            "team": "TJH5YU202",
            "name": "andreu.132",
            "is_restricted": false,
            "is_ultra_restricted": false
        },
        "blocks": [
            {
                "type": "rich_text",
                "block_id": "6Qgz",
                "elements": [
                    {
                        "type": "rich_text_section",
                        "elements": [
                            {
                                "type": "text",
                                "text": "I'm more of a pure Linux guy, I've barely used WSL so I couldn't tell."
                            }
                        ]
                    }
                ]
            }
        ]
    },
    {
        "client_msg_id": "c842b8f1-99db-40cf-8d8b-adfafd71ccd0",
        "type": "message",
        "text": "but I don't think there are any differences relevant to mod_harbour",
        "user": "UNAHBRTFA",
        "ts": "1591139771.121700",
        "team": "TJH5YU202",
        "user_team": "TJH5YU202",
        "source_team": "TJH5YU202",
        "user_profile": {
            "avatar_hash": "g3d2a3f4c28c",
            "image_72": "https:\/\/secure.gravatar.com\/avatar\/23d2a3f4c28cebb4cf07e48d02620517.jpg?s=72&d=https%3A%2F%2Fa.slack-edge.com%2Fdf10d%2Fimg%2Favatars%2Fava_0020-72.png",
            "first_name": "Andreu",
            "real_name": "Andreu Botella",
            "display_name": "Andreu Botella",
            "team": "TJH5YU202",
            "name": "andreu.132",
            "is_restricted": false,
            "is_ultra_restricted": false
        },
        "edited": {
            "user": "UNAHBRTFA",
            "ts": "1591139776.000000"
        },
        "blocks": [
            {
                "type": "rich_text",
                "block_id": "X5w",
                "elements": [
                    {
                        "type": "rich_text_section",
                        "elements": [
                            {
                                "type": "text",
                                "text": "but I don't think there are any differences relevant to mod_harbour"
                            }
                        ]
                    }
                ]
            }
        ]
    },
    {
        "client_msg_id": "86c703e8-2a30-430a-8c18-139c109d4a7d",
        "type": "message",
        "text": "ok. Thanks",
        "user": "UM99QAYNB",
        "ts": "1591140915.122600",
        "team": "TJH5YU202",
        "user_team": "TJH5YU202",
        "source_team": "TJH5YU202",
        "user_profile": {
            "avatar_hash": "g6ec61250d91",
            "image_72": "https:\/\/secure.gravatar.com\/avatar\/246ec61250d91ef0909fcfab7e788886.jpg?s=72&d=https%3A%2F%2Fa.slack-edge.com%2Fdf10d%2Fimg%2Favatars%2Fava_0024-72.png",
            "first_name": "",
            "real_name": "Jonathan Hodder",
            "display_name": "Jonathan Hodder",
            "team": "TJH5YU202",
            "name": "jonathan",
            "is_restricted": false,
            "is_ultra_restricted": false
        },
        "blocks": [
            {
                "type": "rich_text",
                "block_id": "2GpWx",
                "elements": [
                    {
                        "type": "rich_text_section",
                        "elements": [
                            {
                                "type": "text",
                                "text": "ok. Thanks"
                            }
                        ]
                    }
                ]
            }
        ]
    }
]