[
    {
        "client_msg_id": "9058584F-6119-44BC-912E-1B9E387F1F0E",
        "type": "message",
        "text": "Charly me has hecho acordarme de mi mezcladora numark 1800 con dos platos de vinilo fui dj por 10 años teníamos un disco móvil con un amigo ",
        "user": "UJXP7LS78",
        "ts": "1599410921.293800",
        "team": "TJH5YU202",
        "user_team": "TJH5YU202",
        "source_team": "TJH5YU202",
        "user_profile": {
            "avatar_hash": "gc4a0baebb72",
            "image_72": "https:\/\/secure.gravatar.com\/avatar\/a1c4a0baebb720b97e5a197259dbf409.jpg?s=72&d=https%3A%2F%2Fa.slack-edge.com%2Fdf10d%2Fimg%2Favatars%2Fava_0007-72.png",
            "first_name": "",
            "real_name": "wilson gamboa",
            "display_name": "wilson gamboa",
            "team": "TJH5YU202",
            "name": "wilson.josenet",
            "is_restricted": false,
            "is_ultra_restricted": false
        },
        "blocks": [
            {
                "type": "rich_text",
                "block_id": "6kE4",
                "elements": [
                    {
                        "type": "rich_text_section",
                        "elements": [
                            {
                                "type": "text",
                                "text": "Charly me has hecho acordarme de mi mezcladora numark 1800 con dos platos de vinilo fui dj por 10 años teníamos un disco móvil con un amigo "
                            }
                        ]
                    }
                ]
            }
        ],
        "thread_ts": "1599319071.287200",
        "parent_user_id": "UJWR5N32S"
    },
    {
        "client_msg_id": "c0df7834-becd-4b5f-9eca-9f1a6431ba7d",
        "type": "message",
        "text": "Algo nos une pues :smile:",
        "user": "UJWR5N32S",
        "ts": "1599411907.294400",
        "team": "TJH5YU202",
        "user_team": "TJH5YU202",
        "source_team": "TJH5YU202",
        "user_profile": {
            "avatar_hash": "273d3745f7ae",
            "image_72": "https:\/\/avatars.slack-edge.com\/2019-05-20\/634344238497_273d3745f7ae1b176b82_72.jpg",
            "first_name": "Charly",
            "real_name": "Charly",
            "display_name": "Charly",
            "team": "TJH5YU202",
            "name": "carles9000",
            "is_restricted": false,
            "is_ultra_restricted": false
        },
        "blocks": [
            {
                "type": "rich_text",
                "block_id": "9wHp",
                "elements": [
                    {
                        "type": "rich_text_section",
                        "elements": [
                            {
                                "type": "text",
                                "text": "Algo nos une pues "
                            },
                            {
                                "type": "emoji",
                                "name": "smile"
                            }
                        ]
                    }
                ]
            }
        ],
        "thread_ts": "1599319071.287200",
        "parent_user_id": "UJWR5N32S"
    }
]