[
    {
        "client_msg_id": "ca866cea-ea72-4f49-b2f5-401ca55ad788",
        "type": "message",
        "text": "Richardo, tengo una solicitud de PWA.\nFunciona muy bien.",
        "user": "UJHD6A81H",
        "ts": "1598079842.013100",
        "team": "TJH5YU202",
        "user_team": "TJH5YU202",
        "source_team": "TJH5YU202",
        "user_profile": {
            "avatar_hash": "g6b8073e00e9",
            "image_72": "https:\/\/secure.gravatar.com\/avatar\/b96b8073e00e9eb02bcf05bc1418eb3a.jpg?s=72&d=https%3A%2F%2Fa.slack-edge.com%2Fdf10d%2Fimg%2Favatars%2Fava_0021-72.png",
            "first_name": "Otto",
            "real_name": "Otto Atzwanger",
            "display_name": "Otto",
            "team": "TJH5YU202",
            "name": "otto",
            "is_restricted": false,
            "is_ultra_restricted": false
        },
        "blocks": [
            {
                "type": "rich_text",
                "block_id": "rdjT",
                "elements": [
                    {
                        "type": "rich_text_section",
                        "elements": [
                            {
                                "type": "text",
                                "text": "Richardo, tengo una solicitud de PWA.\nFunciona muy bien."
                            }
                        ]
                    }
                ]
            }
        ]
    },
    {
        "type": "message",
        "text": "",
        "files": [
            {
                "id": "F01940NA430",
                "created": 1598079881,
                "timestamp": 1598079881,
                "name": "grafik.png",
                "title": "grafik.png",
                "mimetype": "image\/png",
                "filetype": "png",
                "pretty_type": "PNG",
                "user": "UJHD6A81H",
                "editable": false,
                "size": 746029,
                "mode": "hosted",
                "is_external": false,
                "external_type": "",
                "is_public": true,
                "public_url_shared": false,
                "display_as_bot": false,
                "username": "",
                "url_private": "https:\/\/files.slack.com\/files-pri\/TJH5YU202-F01940NA430\/grafik.png?t=xoxe-629202954002-1408710291175-1429611969940-666c705f8dd944d59ed88b8cd6be975e",
                "url_private_download": "https:\/\/files.slack.com\/files-pri\/TJH5YU202-F01940NA430\/download\/grafik.png?t=xoxe-629202954002-1408710291175-1429611969940-666c705f8dd944d59ed88b8cd6be975e",
                "thumb_64": "https:\/\/files.slack.com\/files-tmb\/TJH5YU202-F01940NA430-32c951b1d0\/grafik_64.png?t=xoxe-629202954002-1408710291175-1429611969940-666c705f8dd944d59ed88b8cd6be975e",
                "thumb_80": "https:\/\/files.slack.com\/files-tmb\/TJH5YU202-F01940NA430-32c951b1d0\/grafik_80.png?t=xoxe-629202954002-1408710291175-1429611969940-666c705f8dd944d59ed88b8cd6be975e",
                "thumb_360": "https:\/\/files.slack.com\/files-tmb\/TJH5YU202-F01940NA430-32c951b1d0\/grafik_360.png?t=xoxe-629202954002-1408710291175-1429611969940-666c705f8dd944d59ed88b8cd6be975e",
                "thumb_360_w": 360,
                "thumb_360_h": 318,
                "thumb_480": "https:\/\/files.slack.com\/files-tmb\/TJH5YU202-F01940NA430-32c951b1d0\/grafik_480.png?t=xoxe-629202954002-1408710291175-1429611969940-666c705f8dd944d59ed88b8cd6be975e",
                "thumb_480_w": 480,
                "thumb_480_h": 424,
                "thumb_160": "https:\/\/files.slack.com\/files-tmb\/TJH5YU202-F01940NA430-32c951b1d0\/grafik_160.png?t=xoxe-629202954002-1408710291175-1429611969940-666c705f8dd944d59ed88b8cd6be975e",
                "thumb_720": "https:\/\/files.slack.com\/files-tmb\/TJH5YU202-F01940NA430-32c951b1d0\/grafik_720.png?t=xoxe-629202954002-1408710291175-1429611969940-666c705f8dd944d59ed88b8cd6be975e",
                "thumb_720_w": 720,
                "thumb_720_h": 636,
                "thumb_800": "https:\/\/files.slack.com\/files-tmb\/TJH5YU202-F01940NA430-32c951b1d0\/grafik_800.png?t=xoxe-629202954002-1408710291175-1429611969940-666c705f8dd944d59ed88b8cd6be975e",
                "thumb_800_w": 800,
                "thumb_800_h": 706,
                "original_w": 863,
                "original_h": 762,
                "thumb_tiny": "AwAqADCrFDJMPkAwKaYm80R\/xE4HNS205hDYxz601pT9oEuBkEHFWFh01nLChdipA64NEVpJLH5ilQv+0afNcq8BjSMKGPPzZogufLhCEAgHPXFIRGsbtL5eF3DOc9OKJImjAJIIY4yDTo5zHc+aQDnORn1onnEoRFQKqnPBzQBBRS0VQCUUtFABk+tGT60UUWAdijFLRTATFGKWigBMUYpaKAP\/2Q==",
                "permalink": "https:\/\/harbourproject.slack.com\/files\/UJHD6A81H\/F01940NA430\/grafik.png",
                "permalink_public": "https:\/\/slack-files.com\/TJH5YU202-F01940NA430-15fb66347d",
                "is_starred": false,
                "has_rich_preview": false
            }
        ],
        "upload": false,
        "user": "UJHD6A81H",
        "display_as_bot": false,
        "ts": "1598079883.013200",
        "reactions": [
            {
                "name": "clap",
                "users": [
                    "U015CUP1T5Z"
                ],
                "count": 1
            }
        ]
    },
    {
        "type": "message",
        "text": "",
        "files": [
            {
                "id": "F019AN4U74J",
                "created": 1598079897,
                "timestamp": 1598079897,
                "name": "grafik.png",
                "title": "grafik.png",
                "mimetype": "image\/png",
                "filetype": "png",
                "pretty_type": "PNG",
                "user": "UJHD6A81H",
                "editable": false,
                "size": 2510182,
                "mode": "hosted",
                "is_external": false,
                "external_type": "",
                "is_public": true,
                "public_url_shared": false,
                "display_as_bot": false,
                "username": "",
                "url_private": "https:\/\/files.slack.com\/files-pri\/TJH5YU202-F019AN4U74J\/grafik.png?t=xoxe-629202954002-1408710291175-1429611969940-666c705f8dd944d59ed88b8cd6be975e",
                "url_private_download": "https:\/\/files.slack.com\/files-pri\/TJH5YU202-F019AN4U74J\/download\/grafik.png?t=xoxe-629202954002-1408710291175-1429611969940-666c705f8dd944d59ed88b8cd6be975e",
                "thumb_64": "https:\/\/files.slack.com\/files-tmb\/TJH5YU202-F019AN4U74J-ef6a143c99\/grafik_64.png?t=xoxe-629202954002-1408710291175-1429611969940-666c705f8dd944d59ed88b8cd6be975e",
                "thumb_80": "https:\/\/files.slack.com\/files-tmb\/TJH5YU202-F019AN4U74J-ef6a143c99\/grafik_80.png?t=xoxe-629202954002-1408710291175-1429611969940-666c705f8dd944d59ed88b8cd6be975e",
                "thumb_360": "https:\/\/files.slack.com\/files-tmb\/TJH5YU202-F019AN4U74J-ef6a143c99\/grafik_360.png?t=xoxe-629202954002-1408710291175-1429611969940-666c705f8dd944d59ed88b8cd6be975e",
                "thumb_360_w": 256,
                "thumb_360_h": 360,
                "thumb_480": "https:\/\/files.slack.com\/files-tmb\/TJH5YU202-F019AN4U74J-ef6a143c99\/grafik_480.png?t=xoxe-629202954002-1408710291175-1429611969940-666c705f8dd944d59ed88b8cd6be975e",
                "thumb_480_w": 342,
                "thumb_480_h": 480,
                "thumb_160": "https:\/\/files.slack.com\/files-tmb\/TJH5YU202-F019AN4U74J-ef6a143c99\/grafik_160.png?t=xoxe-629202954002-1408710291175-1429611969940-666c705f8dd944d59ed88b8cd6be975e",
                "thumb_720": "https:\/\/files.slack.com\/files-tmb\/TJH5YU202-F019AN4U74J-ef6a143c99\/grafik_720.png?t=xoxe-629202954002-1408710291175-1429611969940-666c705f8dd944d59ed88b8cd6be975e",
                "thumb_720_w": 513,
                "thumb_720_h": 720,
                "thumb_800": "https:\/\/files.slack.com\/files-tmb\/TJH5YU202-F019AN4U74J-ef6a143c99\/grafik_800.png?t=xoxe-629202954002-1408710291175-1429611969940-666c705f8dd944d59ed88b8cd6be975e",
                "thumb_800_w": 800,
                "thumb_800_h": 1124,
                "thumb_960": "https:\/\/files.slack.com\/files-tmb\/TJH5YU202-F019AN4U74J-ef6a143c99\/grafik_960.png?t=xoxe-629202954002-1408710291175-1429611969940-666c705f8dd944d59ed88b8cd6be975e",
                "thumb_960_w": 683,
                "thumb_960_h": 960,
                "thumb_1024": "https:\/\/files.slack.com\/files-tmb\/TJH5YU202-F019AN4U74J-ef6a143c99\/grafik_1024.png?t=xoxe-629202954002-1408710291175-1429611969940-666c705f8dd944d59ed88b8cd6be975e",
                "thumb_1024_w": 729,
                "thumb_1024_h": 1024,
                "original_w": 914,
                "original_h": 1284,
                "thumb_tiny": "AwAwACKq4YyjcMAkfSrSxxdwn5VA7EuijGwsCPX6VaEbHtSd0A3y4f7q\/lUE6KhQxdST0q2Yj61Be7lVDnnJ5HFGoDPKl9RS+VL6rUGf9pvzoz\/tN+dKxVxwPzpg5+YVdH1P51QjyZFzz8wq\/wA9MfrSkTYGYgdGP0qvcktGpII+bv8ASrOGxnH61XvM+WgIxhqUR2K1FNoqwHq21g2OhBqwbpeeH\/Bqqk\/KabvPoc\/WnYTLn2tQejH8ajuJxKoAUjBzyar7\/Y\/nRnPbFGwC0UUUhn\/\/2Q==",
                "permalink": "https:\/\/harbourproject.slack.com\/files\/UJHD6A81H\/F019AN4U74J\/grafik.png",
                "permalink_public": "https:\/\/slack-files.com\/TJH5YU202-F019AN4U74J-cf73f7e723",
                "is_starred": false,
                "has_rich_preview": false
            }
        ],
        "upload": false,
        "user": "UJHD6A81H",
        "display_as_bot": false,
        "ts": "1598079901.013600"
    },
    {
        "client_msg_id": "850c427e-8914-4fa3-acc9-17abb1396ce9",
        "type": "message",
        "text": "<@U015CUP1T5Z> see this: <https:\/\/www.youtube.com\/watch?v=V7YX4cZ_Cto>",
        "user": "UM81W8B0Q",
        "ts": "1598095942.014300",
        "team": "TJH5YU202",
        "user_team": "TJH5YU202",
        "source_team": "TJH5YU202",
        "user_profile": {
            "avatar_hash": "gab9279ee8c0",
            "image_72": "https:\/\/secure.gravatar.com\/avatar\/73ab9279ee8c00f66ce4904d30146c8f.jpg?s=72&d=https%3A%2F%2Fa.slack-edge.com%2Fdf10d%2Fimg%2Favatars%2Fava_0010-72.png",
            "first_name": "",
            "real_name": "Angel Pais",
            "display_name": "Angel Pais",
            "team": "TJH5YU202",
            "name": "amigosam",
            "is_restricted": false,
            "is_ultra_restricted": false
        },
        "attachments": [
            {
                "service_name": "YouTube",
                "service_url": "https:\/\/www.youtube.com\/",
                "title": "Blending PWA into native environments (Chrome Dev Summit 2019)",
                "title_link": "https:\/\/www.youtube.com\/watch?v=V7YX4cZ_Cto",
                "author_name": "Google Chrome Developers",
                "author_link": "https:\/\/www.youtube.com\/user\/ChromeDevelopers",
                "thumb_url": "https:\/\/i.ytimg.com\/vi\/V7YX4cZ_Cto\/hqdefault.jpg",
                "thumb_width": 480,
                "thumb_height": 360,
                "fallback": "YouTube Video: Blending PWA into native environments (Chrome Dev Summit 2019)",
                "video_html": "<iframe width=\"400\" height=\"225\" src=\"https:\/\/www.youtube.com\/embed\/V7YX4cZ_Cto?feature=oembed&autoplay=1&iv_load_policy=3\" frameborder=\"0\" allow=\"accelerometer; autoplay; encrypted-media; gyroscope; picture-in-picture\" allowfullscreen><\/iframe>",
                "video_html_width": 400,
                "video_html_height": 225,
                "from_url": "https:\/\/www.youtube.com\/watch?v=V7YX4cZ_Cto",
                "service_icon": "https:\/\/a.slack-edge.com\/80588\/img\/unfurl_icons\/youtube.png",
                "id": 1,
                "original_url": "https:\/\/www.youtube.com\/watch?v=V7YX4cZ_Cto"
            }
        ],
        "blocks": [
            {
                "type": "rich_text",
                "block_id": "Nlw",
                "elements": [
                    {
                        "type": "rich_text_section",
                        "elements": [
                            {
                                "type": "user",
                                "user_id": "U015CUP1T5Z"
                            },
                            {
                                "type": "text",
                                "text": " see this: "
                            },
                            {
                                "type": "link",
                                "url": "https:\/\/www.youtube.com\/watch?v=V7YX4cZ_Cto"
                            }
                        ]
                    }
                ]
            }
        ],
        "reactions": [
            {
                "name": "clap",
                "users": [
                    "U015CUP1T5Z"
                ],
                "count": 1
            }
        ]
    },
    {
        "client_msg_id": "9ce5dd77-46e1-4319-8fd7-7f40c54eebf3",
        "type": "message",
        "text": "Después de haber tratado con el controlador y el enrutador durante mucho tiempo, ahora he llegado a la idea de construir un enrutador completo \"taxative router\".\nCreo que usaré un hash.\nLas posibles solicitudes se guardan como clave y las rutas como valor.\nmuestras para claves insised hash\nindex.prg? datakunden: exec: 7\nindex.prg? datakunden: exec: parámetros falsos para actuar como ofuscador: 7\nEtc.",
        "user": "UJHD6A81H",
        "ts": "1598099948.014900",
        "team": "TJH5YU202",
        "user_team": "TJH5YU202",
        "source_team": "TJH5YU202",
        "user_profile": {
            "avatar_hash": "g6b8073e00e9",
            "image_72": "https:\/\/secure.gravatar.com\/avatar\/b96b8073e00e9eb02bcf05bc1418eb3a.jpg?s=72&d=https%3A%2F%2Fa.slack-edge.com%2Fdf10d%2Fimg%2Favatars%2Fava_0021-72.png",
            "first_name": "Otto",
            "real_name": "Otto Atzwanger",
            "display_name": "Otto",
            "team": "TJH5YU202",
            "name": "otto",
            "is_restricted": false,
            "is_ultra_restricted": false
        },
        "blocks": [
            {
                "type": "rich_text",
                "block_id": "Bxpz",
                "elements": [
                    {
                        "type": "rich_text_section",
                        "elements": [
                            {
                                "type": "text",
                                "text": "Después de haber tratado con el controlador y el enrutador durante mucho tiempo, ahora he llegado a la idea de construir un enrutador completo \"taxative router\".\nCreo que usaré un hash.\nLas posibles solicitudes se guardan como clave y las rutas como valor.\nmuestras para claves insised hash\nindex.prg? datakunden: exec: 7\nindex.prg? datakunden: exec: parámetros falsos para actuar como ofuscador: 7\nEtc."
                            }
                        ]
                    }
                ]
            }
        ]
    },
    {
        "client_msg_id": "1bc24ca5-4c50-4e4a-afc5-1046c16adf3b",
        "type": "message",
        "text": "<@UM81W8B0Q> ¡gracias Angel! de hecho, conozco el concepto y cómo desarrollarlo, pero no conocía a nadie que hubiera desarrollado PWA, por lo que nunca escuché una opinión sobre el tema.",
        "user": "U015CUP1T5Z",
        "ts": "1598105767.015300",
        "team": "TJH5YU202",
        "user_team": "TJH5YU202",
        "source_team": "TJH5YU202",
        "user_profile": {
            "avatar_hash": "2d5981129913",
            "image_72": "https:\/\/avatars.slack-edge.com\/2020-06-14\/1183376598323_2d5981129913ee85447d_72.jpg",
            "first_name": "ricardo",
            "real_name": "ricardo arraes",
            "display_name": "ricardo arraes",
            "team": "TJH5YU202",
            "name": "ricardo",
            "is_restricted": false,
            "is_ultra_restricted": false
        },
        "blocks": [
            {
                "type": "rich_text",
                "block_id": "Lb+R",
                "elements": [
                    {
                        "type": "rich_text_section",
                        "elements": [
                            {
                                "type": "user",
                                "user_id": "UM81W8B0Q"
                            },
                            {
                                "type": "text",
                                "text": " ¡gracias Angel! de hecho, conozco el concepto y cómo desarrollarlo, pero no conocía a nadie que hubiera desarrollado PWA, por lo que nunca escuché una opinión sobre el tema."
                            }
                        ]
                    }
                ]
            }
        ]
    },
    {
        "client_msg_id": "01b9506d-b33d-41d8-a578-9483b1860942",
        "type": "message",
        "text": "<@UJHD6A81H> interesante Otto! ¿Usas algún marco específico para esto?",
        "user": "U015CUP1T5Z",
        "ts": "1598105813.015600",
        "team": "TJH5YU202",
        "user_team": "TJH5YU202",
        "source_team": "TJH5YU202",
        "user_profile": {
            "avatar_hash": "2d5981129913",
            "image_72": "https:\/\/avatars.slack-edge.com\/2020-06-14\/1183376598323_2d5981129913ee85447d_72.jpg",
            "first_name": "ricardo",
            "real_name": "ricardo arraes",
            "display_name": "ricardo arraes",
            "team": "TJH5YU202",
            "name": "ricardo",
            "is_restricted": false,
            "is_ultra_restricted": false
        },
        "blocks": [
            {
                "type": "rich_text",
                "block_id": "GOAY",
                "elements": [
                    {
                        "type": "rich_text_section",
                        "elements": [
                            {
                                "type": "user",
                                "user_id": "UJHD6A81H"
                            },
                            {
                                "type": "text",
                                "text": " interesante Otto! ¿Usas algún marco específico para esto?"
                            }
                        ]
                    }
                ]
            }
        ]
    },
    {
        "client_msg_id": "c1db3f3a-f726-4963-83e1-7f7dace71e20",
        "type": "message",
        "text": "<@U015CUP1T5Z> en internet hay muchos tutoriales acerca de cómo hacerlo.",
        "user": "UM81W8B0Q",
        "ts": "1598105855.016200",
        "team": "TJH5YU202",
        "user_team": "TJH5YU202",
        "source_team": "TJH5YU202",
        "user_profile": {
            "avatar_hash": "gab9279ee8c0",
            "image_72": "https:\/\/secure.gravatar.com\/avatar\/73ab9279ee8c00f66ce4904d30146c8f.jpg?s=72&d=https%3A%2F%2Fa.slack-edge.com%2Fdf10d%2Fimg%2Favatars%2Fava_0010-72.png",
            "first_name": "",
            "real_name": "Angel Pais",
            "display_name": "Angel Pais",
            "team": "TJH5YU202",
            "name": "amigosam",
            "is_restricted": false,
            "is_ultra_restricted": false
        },
        "blocks": [
            {
                "type": "rich_text",
                "block_id": "g+8\/",
                "elements": [
                    {
                        "type": "rich_text_section",
                        "elements": [
                            {
                                "type": "user",
                                "user_id": "U015CUP1T5Z"
                            },
                            {
                                "type": "text",
                                "text": " en internet hay muchos tutoriales acerca de cómo hacerlo."
                            }
                        ]
                    }
                ]
            }
        ]
    },
    {
        "client_msg_id": "835ccdb0-158a-4f9b-8893-1bee919d20b3",
        "type": "message",
        "text": "<@UJXP7LS78> La familiaridad con el puerto hace que la experiencia sea mucho más placentera y reduce la curva de aprendizaje, este es el mayor atractivo de fivetouch para mí, además la proximidad a la comunidad también ayuda mucho.",
        "user": "U015CUP1T5Z",
        "ts": "1598105959.016400",
        "team": "TJH5YU202",
        "user_team": "TJH5YU202",
        "source_team": "TJH5YU202",
        "user_profile": {
            "avatar_hash": "2d5981129913",
            "image_72": "https:\/\/avatars.slack-edge.com\/2020-06-14\/1183376598323_2d5981129913ee85447d_72.jpg",
            "first_name": "ricardo",
            "real_name": "ricardo arraes",
            "display_name": "ricardo arraes",
            "team": "TJH5YU202",
            "name": "ricardo",
            "is_restricted": false,
            "is_ultra_restricted": false
        },
        "blocks": [
            {
                "type": "rich_text",
                "block_id": "yIy",
                "elements": [
                    {
                        "type": "rich_text_section",
                        "elements": [
                            {
                                "type": "user",
                                "user_id": "UJXP7LS78"
                            },
                            {
                                "type": "text",
                                "text": " La familiaridad con el puerto hace que la experiencia sea mucho más placentera y reduce la curva de aprendizaje, este es el mayor atractivo de fivetouch para mí, además la proximidad a la comunidad también ayuda mucho."
                            }
                        ]
                    }
                ]
            }
        ]
    },
    {
        "client_msg_id": "c9bb8f58-9820-4d51-b908-1cc20d336bd3",
        "type": "message",
        "text": "Todo el código fuente de FiveTouch está disponible desde su repositorio en GitHub por lo que es sólo cuestión de construirlo con la versión más reciente de Harbour :slightly_smiling_face:",
        "user": "UJN8D8U3B",
        "ts": "1598106220.017500",
        "team": "TJH5YU202",
        "user_team": "TJH5YU202",
        "source_team": "TJH5YU202",
        "user_profile": {
            "avatar_hash": "g92ad2abcc45",
            "image_72": "https:\/\/secure.gravatar.com\/avatar\/8492ad2abcc45ce53969adcf8420acde.jpg?s=72&d=https%3A%2F%2Fa.slack-edge.com%2Fdf10d%2Fimg%2Favatars%2Fava_0008-72.png",
            "first_name": "",
            "real_name": "Antonio Linares",
            "display_name": "Antonio Linares",
            "team": "TJH5YU202",
            "name": "alinares",
            "is_restricted": false,
            "is_ultra_restricted": false
        },
        "blocks": [
            {
                "type": "rich_text",
                "block_id": "=Kd",
                "elements": [
                    {
                        "type": "rich_text_section",
                        "elements": [
                            {
                                "type": "text",
                                "text": "Todo el código fuente de FiveTouch está disponible desde su repositorio en GitHub por lo que es sólo cuestión de construirlo con la versión más reciente de Harbour "
                            },
                            {
                                "type": "emoji",
                                "name": "slightly_smiling_face"
                            }
                        ]
                    }
                ]
            }
        ]
    },
    {
        "client_msg_id": "8a4f3c6d-88bc-46a3-bfa0-d62e5b13940f",
        "type": "message",
        "text": "<https:\/\/github.com\/FiveTechSoft\/fivetouch-Qt-Creator-4.8.2-and-Qt-5.12.1-2019>",
        "user": "UJN8D8U3B",
        "ts": "1598106274.017700",
        "team": "TJH5YU202",
        "user_team": "TJH5YU202",
        "source_team": "TJH5YU202",
        "user_profile": {
            "avatar_hash": "g92ad2abcc45",
            "image_72": "https:\/\/secure.gravatar.com\/avatar\/8492ad2abcc45ce53969adcf8420acde.jpg?s=72&d=https%3A%2F%2Fa.slack-edge.com%2Fdf10d%2Fimg%2Favatars%2Fava_0008-72.png",
            "first_name": "",
            "real_name": "Antonio Linares",
            "display_name": "Antonio Linares",
            "team": "TJH5YU202",
            "name": "alinares",
            "is_restricted": false,
            "is_ultra_restricted": false
        },
        "edited": {
            "user": "UJN8D8U3B",
            "ts": "1598106282.000000"
        },
        "blocks": [
            {
                "type": "rich_text",
                "block_id": "fim=8",
                "elements": [
                    {
                        "type": "rich_text_section",
                        "elements": [
                            {
                                "type": "link",
                                "url": "https:\/\/github.com\/FiveTechSoft\/fivetouch-Qt-Creator-4.8.2-and-Qt-5.12.1-2019"
                            }
                        ]
                    }
                ]
            }
        ]
    },
    {
        "client_msg_id": "42edac59-7b99-40ac-8d19-0410718c91a6",
        "type": "message",
        "text": "<https:\/\/github.com\/FiveTechSoft\/fivetouch>",
        "user": "UJN8D8U3B",
        "ts": "1598106299.018100",
        "team": "TJH5YU202",
        "user_team": "TJH5YU202",
        "source_team": "TJH5YU202",
        "user_profile": {
            "avatar_hash": "g92ad2abcc45",
            "image_72": "https:\/\/secure.gravatar.com\/avatar\/8492ad2abcc45ce53969adcf8420acde.jpg?s=72&d=https%3A%2F%2Fa.slack-edge.com%2Fdf10d%2Fimg%2Favatars%2Fava_0008-72.png",
            "first_name": "",
            "real_name": "Antonio Linares",
            "display_name": "Antonio Linares",
            "team": "TJH5YU202",
            "name": "alinares",
            "is_restricted": false,
            "is_ultra_restricted": false
        },
        "edited": {
            "user": "UJN8D8U3B",
            "ts": "1598106305.000000"
        },
        "blocks": [
            {
                "type": "rich_text",
                "block_id": "hwPk",
                "elements": [
                    {
                        "type": "rich_text_section",
                        "elements": [
                            {
                                "type": "link",
                                "url": "https:\/\/github.com\/FiveTechSoft\/fivetouch"
                            }
                        ]
                    }
                ]
            }
        ]
    },
    {
        "client_msg_id": "bb4cc701-999e-40e4-a15d-884d04af0dfb",
        "type": "message",
        "text": "de hecho, el diseño de uso de Harbour de FiveTouch es el mismo que el usado en mod_harbour :slightly_smiling_face:",
        "user": "UJN8D8U3B",
        "ts": "1598106330.019000",
        "team": "TJH5YU202",
        "user_team": "TJH5YU202",
        "source_team": "TJH5YU202",
        "user_profile": {
            "avatar_hash": "g92ad2abcc45",
            "image_72": "https:\/\/secure.gravatar.com\/avatar\/8492ad2abcc45ce53969adcf8420acde.jpg?s=72&d=https%3A%2F%2Fa.slack-edge.com%2Fdf10d%2Fimg%2Favatars%2Fava_0008-72.png",
            "first_name": "",
            "real_name": "Antonio Linares",
            "display_name": "Antonio Linares",
            "team": "TJH5YU202",
            "name": "alinares",
            "is_restricted": false,
            "is_ultra_restricted": false
        },
        "blocks": [
            {
                "type": "rich_text",
                "block_id": "PSh",
                "elements": [
                    {
                        "type": "rich_text_section",
                        "elements": [
                            {
                                "type": "text",
                                "text": "de hecho, el diseño de uso de Harbour de FiveTouch es el mismo que el usado en mod_harbour "
                            },
                            {
                                "type": "emoji",
                                "name": "slightly_smiling_face"
                            }
                        ]
                    }
                ]
            }
        ]
    },
    {
        "client_msg_id": "100a770e-2bd4-4c80-bc78-f7b700f2cd98",
        "type": "message",
        "text": "ambos se basan en la capacidad de Harbour de compilar y ejecutar PRGs en tiempo de ejecución",
        "user": "UJN8D8U3B",
        "ts": "1598106375.019600",
        "team": "TJH5YU202",
        "user_team": "TJH5YU202",
        "source_team": "TJH5YU202",
        "user_profile": {
            "avatar_hash": "g92ad2abcc45",
            "image_72": "https:\/\/secure.gravatar.com\/avatar\/8492ad2abcc45ce53969adcf8420acde.jpg?s=72&d=https%3A%2F%2Fa.slack-edge.com%2Fdf10d%2Fimg%2Favatars%2Fava_0008-72.png",
            "first_name": "",
            "real_name": "Antonio Linares",
            "display_name": "Antonio Linares",
            "team": "TJH5YU202",
            "name": "alinares",
            "is_restricted": false,
            "is_ultra_restricted": false
        },
        "blocks": [
            {
                "type": "rich_text",
                "block_id": "XftmH",
                "elements": [
                    {
                        "type": "rich_text_section",
                        "elements": [
                            {
                                "type": "text",
                                "text": "ambos se basan en la capacidad de Harbour de compilar y ejecutar PRGs en tiempo de ejecución"
                            }
                        ]
                    }
                ]
            }
        ]
    },
    {
        "client_msg_id": "57dc5748-c748-4c92-948d-1e4fc1f3bf25",
        "type": "message",
        "text": "Este mismo modelo se usa también en <https:\/\/github.com\/lorenzodla\/iHarbour>",
        "user": "UJN8D8U3B",
        "ts": "1598106470.020100",
        "team": "TJH5YU202",
        "user_team": "TJH5YU202",
        "source_team": "TJH5YU202",
        "user_profile": {
            "avatar_hash": "g92ad2abcc45",
            "image_72": "https:\/\/secure.gravatar.com\/avatar\/8492ad2abcc45ce53969adcf8420acde.jpg?s=72&d=https%3A%2F%2Fa.slack-edge.com%2Fdf10d%2Fimg%2Favatars%2Fava_0008-72.png",
            "first_name": "",
            "real_name": "Antonio Linares",
            "display_name": "Antonio Linares",
            "team": "TJH5YU202",
            "name": "alinares",
            "is_restricted": false,
            "is_ultra_restricted": false
        },
        "edited": {
            "user": "UJN8D8U3B",
            "ts": "1598106486.000000"
        },
        "blocks": [
            {
                "type": "rich_text",
                "block_id": "AsjVB",
                "elements": [
                    {
                        "type": "rich_text_section",
                        "elements": [
                            {
                                "type": "text",
                                "text": "Este mismo modelo se usa también en "
                            },
                            {
                                "type": "link",
                                "url": "https:\/\/github.com\/lorenzodla\/iHarbour"
                            }
                        ]
                    }
                ]
            }
        ]
    },
    {
        "client_msg_id": "cc20dfb6-ce88-4859-9327-2c9ac6f7017f",
        "type": "message",
        "text": "Esta capacidad de Harbour le hace muy superior a xHarbour, ya que este no la tiene",
        "user": "UJN8D8U3B",
        "ts": "1598106545.020900",
        "team": "TJH5YU202",
        "user_team": "TJH5YU202",
        "source_team": "TJH5YU202",
        "user_profile": {
            "avatar_hash": "g92ad2abcc45",
            "image_72": "https:\/\/secure.gravatar.com\/avatar\/8492ad2abcc45ce53969adcf8420acde.jpg?s=72&d=https%3A%2F%2Fa.slack-edge.com%2Fdf10d%2Fimg%2Favatars%2Fava_0008-72.png",
            "first_name": "",
            "real_name": "Antonio Linares",
            "display_name": "Antonio Linares",
            "team": "TJH5YU202",
            "name": "alinares",
            "is_restricted": false,
            "is_ultra_restricted": false
        },
        "edited": {
            "user": "UJN8D8U3B",
            "ts": "1598106559.000000"
        },
        "blocks": [
            {
                "type": "rich_text",
                "block_id": "=vqq",
                "elements": [
                    {
                        "type": "rich_text_section",
                        "elements": [
                            {
                                "type": "text",
                                "text": "Esta capacidad de Harbour le hace muy superior a xHarbour, ya que este no la tiene"
                            }
                        ]
                    }
                ]
            }
        ]
    },
    {
        "client_msg_id": "703e81a8-db59-432b-bb01-ffb95a857eed",
        "type": "message",
        "text": "Ricardo, ¡Otto interesante! ¿Usas algún marco específico para esto?\n\n¿Te refieres a PWA o \"enrutador taxativo\".",
        "user": "UJHD6A81H",
        "ts": "1598108714.021600",
        "team": "TJH5YU202",
        "user_team": "TJH5YU202",
        "source_team": "TJH5YU202",
        "user_profile": {
            "avatar_hash": "g6b8073e00e9",
            "image_72": "https:\/\/secure.gravatar.com\/avatar\/b96b8073e00e9eb02bcf05bc1418eb3a.jpg?s=72&d=https%3A%2F%2Fa.slack-edge.com%2Fdf10d%2Fimg%2Favatars%2Fava_0021-72.png",
            "first_name": "Otto",
            "real_name": "Otto Atzwanger",
            "display_name": "Otto",
            "team": "TJH5YU202",
            "name": "otto",
            "is_restricted": false,
            "is_ultra_restricted": false
        },
        "blocks": [
            {
                "type": "rich_text",
                "block_id": "PQK3a",
                "elements": [
                    {
                        "type": "rich_text_section",
                        "elements": [
                            {
                                "type": "text",
                                "text": "Ricardo, ¡Otto interesante! ¿Usas algún marco específico para esto?\n\n¿Te refieres a PWA o \"enrutador taxativo\"."
                            }
                        ]
                    }
                ]
            }
        ]
    },
    {
        "client_msg_id": "324fda17-c7a5-4043-9810-eb50331deb45",
        "type": "message",
        "text": "taxative routing",
        "user": "UJHD6A81H",
        "ts": "1598110714.021900",
        "team": "TJH5YU202",
        "user_team": "TJH5YU202",
        "source_team": "TJH5YU202",
        "user_profile": {
            "avatar_hash": "g6b8073e00e9",
            "image_72": "https:\/\/secure.gravatar.com\/avatar\/b96b8073e00e9eb02bcf05bc1418eb3a.jpg?s=72&d=https%3A%2F%2Fa.slack-edge.com%2Fdf10d%2Fimg%2Favatars%2Fava_0021-72.png",
            "first_name": "Otto",
            "real_name": "Otto Atzwanger",
            "display_name": "Otto",
            "team": "TJH5YU202",
            "name": "otto",
            "is_restricted": false,
            "is_ultra_restricted": false
        },
        "blocks": [
            {
                "type": "rich_text",
                "block_id": "7t4",
                "elements": [
                    {
                        "type": "rich_text_section",
                        "elements": [
                            {
                                "type": "text",
                                "text": "taxative routing"
                            }
                        ]
                    }
                ]
            }
        ]
    },
    {
        "client_msg_id": "ce6bec0a-3bf8-4eef-8ca1-272e89592ba7",
        "type": "message",
        "text": "static hRouting\nhRouting[  \"datakunden:exec:test:\" ] = \"briefe\"\nhRouting[  \"datakunden:exec:edit:\" ] = \"edit\"\n \n \nin router function\n \n cRoute :=   hb_HGetDef( hRouting, cKey, 'home' )",
        "user": "UJHD6A81H",
        "ts": "1598110818.022300",
        "team": "TJH5YU202",
        "user_team": "TJH5YU202",
        "source_team": "TJH5YU202",
        "user_profile": {
            "avatar_hash": "g6b8073e00e9",
            "image_72": "https:\/\/secure.gravatar.com\/avatar\/b96b8073e00e9eb02bcf05bc1418eb3a.jpg?s=72&d=https%3A%2F%2Fa.slack-edge.com%2Fdf10d%2Fimg%2Favatars%2Fava_0021-72.png",
            "first_name": "Otto",
            "real_name": "Otto Atzwanger",
            "display_name": "Otto",
            "team": "TJH5YU202",
            "name": "otto",
            "is_restricted": false,
            "is_ultra_restricted": false
        },
        "edited": {
            "user": "UJHD6A81H",
            "ts": "1598110918.000000"
        },
        "blocks": [
            {
                "type": "rich_text",
                "block_id": "ch+m",
                "elements": [
                    {
                        "type": "rich_text_section",
                        "elements": [
                            {
                                "type": "text",
                                "text": "static hRouting\nhRouting[  \"datakunden:exec:test:\" ] = \"briefe\"\nhRouting[  \"datakunden:exec:edit:\" ] = \"edit\"\n \n \nin router function\n \n cRoute :=   hb_HGetDef( hRouting, cKey, 'home' )"
                            }
                        ]
                    }
                ]
            }
        ]
    },
    {
        "client_msg_id": "adb5e9cf-a981-4bb2-9bf5-75e1e0e444cc",
        "type": "message",
        "text": "Ricardo buenos dias",
        "user": "UJXP7LS78",
        "ts": "1598113700.022700",
        "team": "TJH5YU202",
        "user_team": "TJH5YU202",
        "source_team": "TJH5YU202",
        "user_profile": {
            "avatar_hash": "gc4a0baebb72",
            "image_72": "https:\/\/secure.gravatar.com\/avatar\/a1c4a0baebb720b97e5a197259dbf409.jpg?s=72&d=https%3A%2F%2Fa.slack-edge.com%2Fdf10d%2Fimg%2Favatars%2Fava_0007-72.png",
            "first_name": "",
            "real_name": "wilson gamboa",
            "display_name": "wilson gamboa",
            "team": "TJH5YU202",
            "name": "wilson.josenet",
            "is_restricted": false,
            "is_ultra_restricted": false
        },
        "blocks": [
            {
                "type": "rich_text",
                "block_id": "xGx5W",
                "elements": [
                    {
                        "type": "rich_text_section",
                        "elements": [
                            {
                                "type": "text",
                                "text": "Ricardo buenos dias"
                            }
                        ]
                    }
                ]
            }
        ]
    },
    {
        "client_msg_id": "c17204f0-2eff-4f39-be33-33edaa73be24",
        "type": "message",
        "text": "para que veas algo rapido",
        "user": "UJXP7LS78",
        "ts": "1598113705.023000",
        "team": "TJH5YU202",
        "user_team": "TJH5YU202",
        "source_team": "TJH5YU202",
        "user_profile": {
            "avatar_hash": "gc4a0baebb72",
            "image_72": "https:\/\/secure.gravatar.com\/avatar\/a1c4a0baebb720b97e5a197259dbf409.jpg?s=72&d=https%3A%2F%2Fa.slack-edge.com%2Fdf10d%2Fimg%2Favatars%2Fava_0007-72.png",
            "first_name": "",
            "real_name": "wilson gamboa",
            "display_name": "wilson gamboa",
            "team": "TJH5YU202",
            "name": "wilson.josenet",
            "is_restricted": false,
            "is_ultra_restricted": false
        },
        "blocks": [
            {
                "type": "rich_text",
                "block_id": "FhwYI",
                "elements": [
                    {
                        "type": "rich_text_section",
                        "elements": [
                            {
                                "type": "text",
                                "text": "para que veas algo rapido"
                            }
                        ]
                    }
                ]
            }
        ]
    },
    {
        "client_msg_id": "58acbe12-34c9-4484-925b-b95272042891",
        "type": "message",
        "text": "bajate dek repositorio",
        "user": "UJXP7LS78",
        "ts": "1598113710.023300",
        "team": "TJH5YU202",
        "user_team": "TJH5YU202",
        "source_team": "TJH5YU202",
        "user_profile": {
            "avatar_hash": "gc4a0baebb72",
            "image_72": "https:\/\/secure.gravatar.com\/avatar\/a1c4a0baebb720b97e5a197259dbf409.jpg?s=72&d=https%3A%2F%2Fa.slack-edge.com%2Fdf10d%2Fimg%2Favatars%2Fava_0007-72.png",
            "first_name": "",
            "real_name": "wilson gamboa",
            "display_name": "wilson gamboa",
            "team": "TJH5YU202",
            "name": "wilson.josenet",
            "is_restricted": false,
            "is_ultra_restricted": false
        },
        "blocks": [
            {
                "type": "rich_text",
                "block_id": "ySix",
                "elements": [
                    {
                        "type": "rich_text_section",
                        "elements": [
                            {
                                "type": "text",
                                "text": "bajate dek repositorio"
                            }
                        ]
                    }
                ]
            }
        ]
    },
    {
        "client_msg_id": "3c4f69bf-0678-4862-b41c-f2c702a5b22a",
        "type": "message",
        "text": "fivetouch.apk",
        "user": "UJXP7LS78",
        "ts": "1598113711.023500",
        "team": "TJH5YU202",
        "user_team": "TJH5YU202",
        "source_team": "TJH5YU202",
        "user_profile": {
            "avatar_hash": "gc4a0baebb72",
            "image_72": "https:\/\/secure.gravatar.com\/avatar\/a1c4a0baebb720b97e5a197259dbf409.jpg?s=72&d=https%3A%2F%2Fa.slack-edge.com%2Fdf10d%2Fimg%2Favatars%2Fava_0007-72.png",
            "first_name": "",
            "real_name": "wilson gamboa",
            "display_name": "wilson gamboa",
            "team": "TJH5YU202",
            "name": "wilson.josenet",
            "is_restricted": false,
            "is_ultra_restricted": false
        },
        "blocks": [
            {
                "type": "rich_text",
                "block_id": "dCniK",
                "elements": [
                    {
                        "type": "rich_text_section",
                        "elements": [
                            {
                                "type": "text",
                                "text": "fivetouch.apk"
                            }
                        ]
                    }
                ]
            }
        ]
    },
    {
        "client_msg_id": "e26d7986-ffcc-4c39-bdf5-6fe190faed0f",
        "type": "message",
        "text": "enviate por mail al telefono o a la tablet",
        "user": "UJXP7LS78",
        "ts": "1598113721.023800",
        "team": "TJH5YU202",
        "user_team": "TJH5YU202",
        "source_team": "TJH5YU202",
        "user_profile": {
            "avatar_hash": "gc4a0baebb72",
            "image_72": "https:\/\/secure.gravatar.com\/avatar\/a1c4a0baebb720b97e5a197259dbf409.jpg?s=72&d=https%3A%2F%2Fa.slack-edge.com%2Fdf10d%2Fimg%2Favatars%2Fava_0007-72.png",
            "first_name": "",
            "real_name": "wilson gamboa",
            "display_name": "wilson gamboa",
            "team": "TJH5YU202",
            "name": "wilson.josenet",
            "is_restricted": false,
            "is_ultra_restricted": false
        },
        "blocks": [
            {
                "type": "rich_text",
                "block_id": "ypq5D",
                "elements": [
                    {
                        "type": "rich_text_section",
                        "elements": [
                            {
                                "type": "text",
                                "text": "enviate por mail al telefono o a la tablet"
                            }
                        ]
                    }
                ]
            }
        ]
    },
    {
        "client_msg_id": "874499ae-0ef4-4186-9a49-e56838030303",
        "type": "message",
        "text": "abrelo desde alli",
        "user": "UJXP7LS78",
        "ts": "1598113730.024000",
        "team": "TJH5YU202",
        "user_team": "TJH5YU202",
        "source_team": "TJH5YU202",
        "user_profile": {
            "avatar_hash": "gc4a0baebb72",
            "image_72": "https:\/\/secure.gravatar.com\/avatar\/a1c4a0baebb720b97e5a197259dbf409.jpg?s=72&d=https%3A%2F%2Fa.slack-edge.com%2Fdf10d%2Fimg%2Favatars%2Fava_0007-72.png",
            "first_name": "",
            "real_name": "wilson gamboa",
            "display_name": "wilson gamboa",
            "team": "TJH5YU202",
            "name": "wilson.josenet",
            "is_restricted": false,
            "is_ultra_restricted": false
        },
        "blocks": [
            {
                "type": "rich_text",
                "block_id": "Pleq",
                "elements": [
                    {
                        "type": "rich_text_section",
                        "elements": [
                            {
                                "type": "text",
                                "text": "abrelo desde alli"
                            }
                        ]
                    }
                ]
            }
        ]
    },
    {
        "client_msg_id": "a2bb219f-d25b-4e61-b763-3cde58abe8e7",
        "type": "message",
        "text": "y ya podras estar programando en el dispositivo eso es para android",
        "user": "UJXP7LS78",
        "ts": "1598113745.024400",
        "team": "TJH5YU202",
        "user_team": "TJH5YU202",
        "source_team": "TJH5YU202",
        "user_profile": {
            "avatar_hash": "gc4a0baebb72",
            "image_72": "https:\/\/secure.gravatar.com\/avatar\/a1c4a0baebb720b97e5a197259dbf409.jpg?s=72&d=https%3A%2F%2Fa.slack-edge.com%2Fdf10d%2Fimg%2Favatars%2Fava_0007-72.png",
            "first_name": "",
            "real_name": "wilson gamboa",
            "display_name": "wilson gamboa",
            "team": "TJH5YU202",
            "name": "wilson.josenet",
            "is_restricted": false,
            "is_ultra_restricted": false
        },
        "blocks": [
            {
                "type": "rich_text",
                "block_id": "hye",
                "elements": [
                    {
                        "type": "rich_text_section",
                        "elements": [
                            {
                                "type": "text",
                                "text": "y ya podras estar programando en el dispositivo eso es para android"
                            }
                        ]
                    }
                ]
            }
        ]
    },
    {
        "client_msg_id": "b59d581b-b52f-4ecd-9179-6c9aa2ad596d",
        "type": "message",
        "text": "Pienso que una app en mod_harbour es mucho más potente que con FiveTouch, porque el mismo código funciona en cualquier dispositivo, navegador, smartTV, etc",
        "user": "UJN8D8U3B",
        "ts": "1598113803.025400",
        "team": "TJH5YU202",
        "user_team": "TJH5YU202",
        "source_team": "TJH5YU202",
        "user_profile": {
            "avatar_hash": "g92ad2abcc45",
            "image_72": "https:\/\/secure.gravatar.com\/avatar\/8492ad2abcc45ce53969adcf8420acde.jpg?s=72&d=https%3A%2F%2Fa.slack-edge.com%2Fdf10d%2Fimg%2Favatars%2Fava_0008-72.png",
            "first_name": "",
            "real_name": "Antonio Linares",
            "display_name": "Antonio Linares",
            "team": "TJH5YU202",
            "name": "alinares",
            "is_restricted": false,
            "is_ultra_restricted": false
        },
        "blocks": [
            {
                "type": "rich_text",
                "block_id": "+H\/i+",
                "elements": [
                    {
                        "type": "rich_text_section",
                        "elements": [
                            {
                                "type": "text",
                                "text": "Pienso que una app en mod_harbour es mucho más potente que con FiveTouch, porque el mismo código funciona en cualquier dispositivo, navegador, smartTV, etc"
                            }
                        ]
                    }
                ]
            }
        ]
    },
    {
        "client_msg_id": "f6277431-103d-4b9d-8781-9f40f020bb73",
        "type": "message",
        "text": "buenos dias Antonio",
        "user": "UJXP7LS78",
        "ts": "1598113835.025600",
        "team": "TJH5YU202",
        "user_team": "TJH5YU202",
        "source_team": "TJH5YU202",
        "user_profile": {
            "avatar_hash": "gc4a0baebb72",
            "image_72": "https:\/\/secure.gravatar.com\/avatar\/a1c4a0baebb720b97e5a197259dbf409.jpg?s=72&d=https%3A%2F%2Fa.slack-edge.com%2Fdf10d%2Fimg%2Favatars%2Fava_0007-72.png",
            "first_name": "",
            "real_name": "wilson gamboa",
            "display_name": "wilson gamboa",
            "team": "TJH5YU202",
            "name": "wilson.josenet",
            "is_restricted": false,
            "is_ultra_restricted": false
        },
        "blocks": [
            {
                "type": "rich_text",
                "block_id": "kGAqP",
                "elements": [
                    {
                        "type": "rich_text_section",
                        "elements": [
                            {
                                "type": "text",
                                "text": "buenos dias Antonio"
                            }
                        ]
                    }
                ]
            }
        ]
    },
    {
        "client_msg_id": "003920b7-4cca-43e8-8cf1-1c5e967917e7",
        "type": "message",
        "text": "El tema me parece en mi humilde opinion cuando te piden una app para un telefono que sea nativa del telefono y que no acceda a un server sino gestiones algo localmente y posteriormente se conecta a un server y descarga la info al menos eso me han planteado a mi varias veces porque hay sitios donde no hay servicio de internet",
        "user": "UJXP7LS78",
        "ts": "1598113958.027500",
        "team": "TJH5YU202",
        "user_team": "TJH5YU202",
        "source_team": "TJH5YU202",
        "user_profile": {
            "avatar_hash": "gc4a0baebb72",
            "image_72": "https:\/\/secure.gravatar.com\/avatar\/a1c4a0baebb720b97e5a197259dbf409.jpg?s=72&d=https%3A%2F%2Fa.slack-edge.com%2Fdf10d%2Fimg%2Favatars%2Fava_0007-72.png",
            "first_name": "",
            "real_name": "wilson gamboa",
            "display_name": "wilson gamboa",
            "team": "TJH5YU202",
            "name": "wilson.josenet",
            "is_restricted": false,
            "is_ultra_restricted": false
        },
        "blocks": [
            {
                "type": "rich_text",
                "block_id": "XO+",
                "elements": [
                    {
                        "type": "rich_text_section",
                        "elements": [
                            {
                                "type": "text",
                                "text": "El tema me parece en mi humilde opinion cuando te piden una app para un telefono que sea nativa del telefono y que no acceda a un server sino gestiones algo localmente y posteriormente se conecta a un server y descarga la info al menos eso me han planteado a mi varias veces porque hay sitios donde no hay servicio de internet"
                            }
                        ]
                    }
                ]
            }
        ]
    },
    {
        "client_msg_id": "bf2b7f34-6ce2-4e4b-bedf-643e78e9d709",
        "type": "message",
        "text": "y como dice la tarjeta de credito mastercard Y para todo lo demas Mod_Harbour",
        "user": "UJXP7LS78",
        "ts": "1598114285.028000",
        "team": "TJH5YU202",
        "user_team": "TJH5YU202",
        "source_team": "TJH5YU202",
        "user_profile": {
            "avatar_hash": "gc4a0baebb72",
            "image_72": "https:\/\/secure.gravatar.com\/avatar\/a1c4a0baebb720b97e5a197259dbf409.jpg?s=72&d=https%3A%2F%2Fa.slack-edge.com%2Fdf10d%2Fimg%2Favatars%2Fava_0007-72.png",
            "first_name": "",
            "real_name": "wilson gamboa",
            "display_name": "wilson gamboa",
            "team": "TJH5YU202",
            "name": "wilson.josenet",
            "is_restricted": false,
            "is_ultra_restricted": false
        },
        "blocks": [
            {
                "type": "rich_text",
                "block_id": "n9nO",
                "elements": [
                    {
                        "type": "rich_text_section",
                        "elements": [
                            {
                                "type": "text",
                                "text": "y como dice la tarjeta de credito mastercard Y para todo lo demas Mod_Harbour"
                            }
                        ]
                    }
                ]
            }
        ]
    }
]