[
    {
        "client_msg_id": "9976bbf3-42df-48cf-b40f-3d9c3f3d0f8b",
        "type": "message",
        "text": "<https:\/\/mybergland.com\/fwforum\/installmodharbour.mp4>",
        "user": "UJHD6A81H",
        "ts": "1600518572.000300",
        "team": "TJH5YU202",
        "user_team": "TJH5YU202",
        "source_team": "TJH5YU202",
        "user_profile": {
            "avatar_hash": "g6b8073e00e9",
            "image_72": "https:\/\/secure.gravatar.com\/avatar\/b96b8073e00e9eb02bcf05bc1418eb3a.jpg?s=72&d=https%3A%2F%2Fa.slack-edge.com%2Fdf10d%2Fimg%2Favatars%2Fava_0021-72.png",
            "first_name": "Otto",
            "real_name": "Otto Atzwanger",
            "display_name": "Otto",
            "team": "TJH5YU202",
            "name": "otto",
            "is_restricted": false,
            "is_ultra_restricted": false
        },
        "blocks": [
            {
                "type": "rich_text",
                "block_id": "XVnE",
                "elements": [
                    {
                        "type": "rich_text_section",
                        "elements": [
                            {
                                "type": "link",
                                "url": "https:\/\/mybergland.com\/fwforum\/installmodharbour.mp4"
                            }
                        ]
                    }
                ]
            }
        ],
        "reactions": [
            {
                "name": "+1",
                "users": [
                    "UJUJLTWMT",
                    "UK28N3CER",
                    "UM81W8B0Q"
                ],
                "count": 3
            }
        ]
    },
    {
        "client_msg_id": "e365981c-f451-48ce-9134-f88f42074e85",
        "type": "message",
        "text": "Y de dónde obtienes ese Apache24 ya preparado con el mod y los samples ?",
        "user": "UM81W8B0Q",
        "ts": "1600522767.001100",
        "team": "TJH5YU202",
        "user_team": "TJH5YU202",
        "source_team": "TJH5YU202",
        "user_profile": {
            "avatar_hash": "gab9279ee8c0",
            "image_72": "https:\/\/secure.gravatar.com\/avatar\/73ab9279ee8c00f66ce4904d30146c8f.jpg?s=72&d=https%3A%2F%2Fa.slack-edge.com%2Fdf10d%2Fimg%2Favatars%2Fava_0010-72.png",
            "first_name": "",
            "real_name": "Angel Pais",
            "display_name": "Angel Pais",
            "team": "TJH5YU202",
            "name": "amigosam",
            "is_restricted": false,
            "is_ultra_restricted": false
        },
        "edited": {
            "user": "UM81W8B0Q",
            "ts": "1600522838.000000"
        },
        "blocks": [
            {
                "type": "rich_text",
                "block_id": "oMA",
                "elements": [
                    {
                        "type": "rich_text_section",
                        "elements": [
                            {
                                "type": "text",
                                "text": "Y de dónde obtienes ese Apache24 ya preparado con el mod y los samples ?"
                            }
                        ]
                    }
                ]
            }
        ]
    },
    {
        "client_msg_id": "7758d98f-8d5e-48d1-9a15-14b36c2d32ec",
        "type": "message",
        "text": "De cualquier forma es una buena idea para implementar.",
        "user": "UM81W8B0Q",
        "ts": "1600522811.001500",
        "team": "TJH5YU202",
        "user_team": "TJH5YU202",
        "source_team": "TJH5YU202",
        "user_profile": {
            "avatar_hash": "gab9279ee8c0",
            "image_72": "https:\/\/secure.gravatar.com\/avatar\/73ab9279ee8c00f66ce4904d30146c8f.jpg?s=72&d=https%3A%2F%2Fa.slack-edge.com%2Fdf10d%2Fimg%2Favatars%2Fava_0010-72.png",
            "first_name": "",
            "real_name": "Angel Pais",
            "display_name": "Angel Pais",
            "team": "TJH5YU202",
            "name": "amigosam",
            "is_restricted": false,
            "is_ultra_restricted": false
        },
        "blocks": [
            {
                "type": "rich_text",
                "block_id": "oyIq",
                "elements": [
                    {
                        "type": "rich_text_section",
                        "elements": [
                            {
                                "type": "text",
                                "text": "De cualquier forma es una buena idea para implementar."
                            }
                        ]
                    }
                ]
            }
        ]
    },
    {
        "client_msg_id": "1ef34819-860c-4e5a-886e-0b5595209833",
        "type": "message",
        "text": "@angel Tengo una copia de julio.\n<http:\/\/forums.fivetechsupport.com\/viewtopic.php?f=45&amp;t=39149>\n\n\nAdhemar lo proporcionó.\nNo estoy seguro de que el enlace siga funcionando. Pero ya le he escrito.",
        "user": "UJHD6A81H",
        "ts": "1600533694.002200",
        "team": "TJH5YU202",
        "user_team": "TJH5YU202",
        "source_team": "TJH5YU202",
        "user_profile": {
            "avatar_hash": "g6b8073e00e9",
            "image_72": "https:\/\/secure.gravatar.com\/avatar\/b96b8073e00e9eb02bcf05bc1418eb3a.jpg?s=72&d=https%3A%2F%2Fa.slack-edge.com%2Fdf10d%2Fimg%2Favatars%2Fava_0021-72.png",
            "first_name": "Otto",
            "real_name": "Otto Atzwanger",
            "display_name": "Otto",
            "team": "TJH5YU202",
            "name": "otto",
            "is_restricted": false,
            "is_ultra_restricted": false
        },
        "blocks": [
            {
                "type": "rich_text",
                "block_id": "SQvta",
                "elements": [
                    {
                        "type": "rich_text_section",
                        "elements": [
                            {
                                "type": "text",
                                "text": "@angel Tengo una copia de julio.\n"
                            },
                            {
                                "type": "link",
                                "url": "http:\/\/forums.fivetechsupport.com\/viewtopic.php?f=45&t=39149"
                            },
                            {
                                "type": "text",
                                "text": "\n\n\nAdhemar lo proporcionó.\nNo estoy seguro de que el enlace siga funcionando. Pero ya le he escrito."
                            }
                        ]
                    }
                ]
            }
        ]
    },
    {
        "client_msg_id": "d4849d1e-8146-4289-a449-c885c3b4b8f4",
        "type": "message",
        "text": "la opción de instalar apache24 , es buena si ya tienes instalado MySql",
        "user": "UK28N3CER",
        "ts": "1600534735.003400",
        "team": "TJH5YU202",
        "user_team": "TJH5YU202",
        "source_team": "TJH5YU202",
        "user_profile": {
            "avatar_hash": "0eafa7153ff3",
            "image_72": "https:\/\/avatars.slack-edge.com\/2020-05-18\/1155120542496_0eafa7153ff35206c804_72.jpg",
            "first_name": "Cesar",
            "real_name": "Cesar SysCtrl Software",
            "display_name": "Cesar SysCtrl Software",
            "team": "TJH5YU202",
            "name": "sysctrlsoftware",
            "is_restricted": false,
            "is_ultra_restricted": false
        },
        "blocks": [
            {
                "type": "rich_text",
                "block_id": "EiJ3",
                "elements": [
                    {
                        "type": "rich_text_section",
                        "elements": [
                            {
                                "type": "text",
                                "text": "la opción de instalar apache24 , es buena si ya tienes instalado MySql"
                            }
                        ]
                    }
                ]
            }
        ]
    },
    {
        "client_msg_id": "1be25d51-8524-42f9-a174-163e34ecbdf1",
        "type": "message",
        "text": "xampp es un kit mas completo de herramientas.",
        "user": "UK28N3CER",
        "ts": "1600534859.004200",
        "team": "TJH5YU202",
        "user_team": "TJH5YU202",
        "source_team": "TJH5YU202",
        "user_profile": {
            "avatar_hash": "0eafa7153ff3",
            "image_72": "https:\/\/avatars.slack-edge.com\/2020-05-18\/1155120542496_0eafa7153ff35206c804_72.jpg",
            "first_name": "Cesar",
            "real_name": "Cesar SysCtrl Software",
            "display_name": "Cesar SysCtrl Software",
            "team": "TJH5YU202",
            "name": "sysctrlsoftware",
            "is_restricted": false,
            "is_ultra_restricted": false
        },
        "blocks": [
            {
                "type": "rich_text",
                "block_id": "qvk9=",
                "elements": [
                    {
                        "type": "rich_text_section",
                        "elements": [
                            {
                                "type": "text",
                                "text": "xampp es un kit mas completo de herramientas."
                            }
                        ]
                    }
                ]
            }
        ]
    },
    {
        "client_msg_id": "1d3dc5a8-3c16-471b-9d87-915ec9251739",
        "type": "message",
        "text": "en lo personal me gusta mas apache24, para instalarlo en un servidor ya en produccion.",
        "user": "UK28N3CER",
        "ts": "1600534955.004900",
        "team": "TJH5YU202",
        "user_team": "TJH5YU202",
        "source_team": "TJH5YU202",
        "user_profile": {
            "avatar_hash": "0eafa7153ff3",
            "image_72": "https:\/\/avatars.slack-edge.com\/2020-05-18\/1155120542496_0eafa7153ff35206c804_72.jpg",
            "first_name": "Cesar",
            "real_name": "Cesar SysCtrl Software",
            "display_name": "Cesar SysCtrl Software",
            "team": "TJH5YU202",
            "name": "sysctrlsoftware",
            "is_restricted": false,
            "is_ultra_restricted": false
        },
        "blocks": [
            {
                "type": "rich_text",
                "block_id": "sAV",
                "elements": [
                    {
                        "type": "rich_text_section",
                        "elements": [
                            {
                                "type": "text",
                                "text": "en lo personal me gusta mas apache24, para instalarlo en un servidor ya en produccion."
                            }
                        ]
                    }
                ]
            }
        ]
    },
    {
        "client_msg_id": "cbf91d1c-64f8-47a7-9551-96e1409d2a11",
        "type": "message",
        "text": "Yo prefiero instalar por separado Apache y Mysql",
        "user": "UM81W8B0Q",
        "ts": "1600535015.005300",
        "team": "TJH5YU202",
        "user_team": "TJH5YU202",
        "source_team": "TJH5YU202",
        "user_profile": {
            "avatar_hash": "gab9279ee8c0",
            "image_72": "https:\/\/secure.gravatar.com\/avatar\/73ab9279ee8c00f66ce4904d30146c8f.jpg?s=72&d=https%3A%2F%2Fa.slack-edge.com%2Fdf10d%2Fimg%2Favatars%2Fava_0010-72.png",
            "first_name": "",
            "real_name": "Angel Pais",
            "display_name": "Angel Pais",
            "team": "TJH5YU202",
            "name": "amigosam",
            "is_restricted": false,
            "is_ultra_restricted": false
        },
        "blocks": [
            {
                "type": "rich_text",
                "block_id": "BbX",
                "elements": [
                    {
                        "type": "rich_text_section",
                        "elements": [
                            {
                                "type": "text",
                                "text": "Yo prefiero instalar por separado Apache y Mysql"
                            }
                        ]
                    }
                ]
            }
        ]
    },
    {
        "client_msg_id": "17ca47f1-c513-4f9d-96c8-3a2941af3a26",
        "type": "message",
        "text": ":+1:",
        "user": "UK28N3CER",
        "ts": "1600541285.005800",
        "team": "TJH5YU202",
        "user_team": "TJH5YU202",
        "source_team": "TJH5YU202",
        "user_profile": {
            "avatar_hash": "0eafa7153ff3",
            "image_72": "https:\/\/avatars.slack-edge.com\/2020-05-18\/1155120542496_0eafa7153ff35206c804_72.jpg",
            "first_name": "Cesar",
            "real_name": "Cesar SysCtrl Software",
            "display_name": "Cesar SysCtrl Software",
            "team": "TJH5YU202",
            "name": "sysctrlsoftware",
            "is_restricted": false,
            "is_ultra_restricted": false
        },
        "blocks": [
            {
                "type": "rich_text",
                "block_id": "okn",
                "elements": [
                    {
                        "type": "rich_text_section",
                        "elements": [
                            {
                                "type": "emoji",
                                "name": "+1"
                            }
                        ]
                    }
                ]
            }
        ]
    }
]