[
    {
        "client_msg_id": "c23f02e3-0ba9-4e3c-a58e-a87a0441c814",
        "type": "message",
        "text": "<https:\/\/www.facebook.com\/photo.php?fbid=3562616150415544&amp;set=gm.10160017968218776&amp;type=3&amp;theater&amp;ifg=1>",
        "user": "UJULQCHL5",
        "ts": "1597819386.219200",
        "team": "TJH5YU202",
        "user_team": "TJH5YU202",
        "source_team": "TJH5YU202",
        "user_profile": {
            "avatar_hash": "g7659142325a",
            "image_72": "https:\/\/secure.gravatar.com\/avatar\/c87659142325a3facb661d85281ec091.jpg?s=72&d=https%3A%2F%2Fa.slack-edge.com%2Fdf10d%2Fimg%2Favatars%2Fava_0003-72.png",
            "first_name": "",
            "real_name": "Paquito",
            "display_name": "Paquito",
            "team": "TJH5YU202",
            "name": "hmpaquito",
            "is_restricted": false,
            "is_ultra_restricted": false
        },
        "attachments": [
            {
                "title": "Ralph del Castillo",
                "title_link": "https:\/\/www.facebook.com\/photo.php?fbid=3562616150415544&set=gm.10160017968218776&type=3&theater&ifg=1",
                "text": "Increible lo rápido que puedes desarrollar con mod_harbour. En un par de días tengo operativo un módulo de consultas con MVC y con tablas MySql ... deben probarlo!",
                "fallback": "Ralph del Castillo",
                "image_url": "https:\/\/scontent-iad3-1.xx.fbcdn.net\/v\/t1.0-9\/117599829_3562616153748877_4119801308355736852_o.jpg?_nc_cat=105&_nc_sid=ca434c&_nc_ohc=jAE1MNlm_akAX8EhVhU&_nc_ht=scontent-iad3-1.xx&oh=d6df66188cd28766e653c35e69ac25d6&oe=5F63AA56",
                "from_url": "https:\/\/www.facebook.com\/photo.php?fbid=3562616150415544&set=gm.10160017968218776&type=3&theater&ifg=1",
                "image_width": 502,
                "image_height": 250,
                "image_bytes": 116407,
                "service_icon": "https:\/\/static.xx.fbcdn.net\/rsrc.php\/yz\/r\/KFyVIAWzntM.ico",
                "service_name": "facebook.com",
                "id": 1,
                "original_url": "https:\/\/www.facebook.com\/photo.php?fbid=3562616150415544&amp;set=gm.10160017968218776&amp;type=3&amp;theater&amp;ifg=1"
            }
        ],
        "blocks": [
            {
                "type": "rich_text",
                "block_id": "+=x",
                "elements": [
                    {
                        "type": "rich_text_section",
                        "elements": [
                            {
                                "type": "link",
                                "url": "https:\/\/www.facebook.com\/photo.php?fbid=3562616150415544&set=gm.10160017968218776&type=3&theater&ifg=1"
                            }
                        ]
                    }
                ]
            }
        ],
        "reactions": [
            {
                "name": "+1",
                "users": [
                    "UJHD6A81H",
                    "U015CUP1T5Z",
                    "UJULAGJG5"
                ],
                "count": 3
            }
        ]
    }
]