[
    {
        "client_msg_id": "5af8b141-e019-4b15-bb29-2fbf89735676",
        "type": "message",
        "text": "Para encontrar las cajas apilables más fácilmente desde el escritorio, he aumentado el tamaño del QR acortado.",
        "user": "UJHD6A81H",
        "ts": "1601658628.164500",
        "team": "TJH5YU202",
        "user_team": "TJH5YU202",
        "source_team": "TJH5YU202",
        "user_profile": {
            "avatar_hash": "g6b8073e00e9",
            "image_72": "https:\/\/secure.gravatar.com\/avatar\/b96b8073e00e9eb02bcf05bc1418eb3a.jpg?s=72&d=https%3A%2F%2Fa.slack-edge.com%2Fdf10d%2Fimg%2Favatars%2Fava_0021-72.png",
            "first_name": "Otto",
            "real_name": "Otto Atzwanger",
            "display_name": "Otto",
            "team": "TJH5YU202",
            "name": "otto",
            "is_restricted": false,
            "is_ultra_restricted": false
        },
        "blocks": [
            {
                "type": "rich_text",
                "block_id": "kg1bG",
                "elements": [
                    {
                        "type": "rich_text_section",
                        "elements": [
                            {
                                "type": "text",
                                "text": "Para encontrar las cajas apilables más fácilmente desde el escritorio, he aumentado el tamaño del QR acortado."
                            }
                        ]
                    }
                ]
            }
        ]
    },
    {
        "type": "message",
        "text": "",
        "files": [
            {
                "id": "F01BNV8TLT0",
                "created": 1601658637,
                "timestamp": 1601658637,
                "name": "grafik.png",
                "title": "grafik.png",
                "mimetype": "image\/png",
                "filetype": "png",
                "pretty_type": "PNG",
                "user": "UJHD6A81H",
                "editable": false,
                "size": 1024564,
                "mode": "hosted",
                "is_external": false,
                "external_type": "",
                "is_public": true,
                "public_url_shared": false,
                "display_as_bot": false,
                "username": "",
                "url_private": "https:\/\/files.slack.com\/files-pri\/TJH5YU202-F01BNV8TLT0\/grafik.png?t=xoxe-629202954002-1408710291175-1429611969940-666c705f8dd944d59ed88b8cd6be975e",
                "url_private_download": "https:\/\/files.slack.com\/files-pri\/TJH5YU202-F01BNV8TLT0\/download\/grafik.png?t=xoxe-629202954002-1408710291175-1429611969940-666c705f8dd944d59ed88b8cd6be975e",
                "thumb_64": "https:\/\/files.slack.com\/files-tmb\/TJH5YU202-F01BNV8TLT0-2b15f16dd9\/grafik_64.png?t=xoxe-629202954002-1408710291175-1429611969940-666c705f8dd944d59ed88b8cd6be975e",
                "thumb_80": "https:\/\/files.slack.com\/files-tmb\/TJH5YU202-F01BNV8TLT0-2b15f16dd9\/grafik_80.png?t=xoxe-629202954002-1408710291175-1429611969940-666c705f8dd944d59ed88b8cd6be975e",
                "thumb_360": "https:\/\/files.slack.com\/files-tmb\/TJH5YU202-F01BNV8TLT0-2b15f16dd9\/grafik_360.png?t=xoxe-629202954002-1408710291175-1429611969940-666c705f8dd944d59ed88b8cd6be975e",
                "thumb_360_w": 360,
                "thumb_360_h": 153,
                "thumb_480": "https:\/\/files.slack.com\/files-tmb\/TJH5YU202-F01BNV8TLT0-2b15f16dd9\/grafik_480.png?t=xoxe-629202954002-1408710291175-1429611969940-666c705f8dd944d59ed88b8cd6be975e",
                "thumb_480_w": 480,
                "thumb_480_h": 205,
                "thumb_160": "https:\/\/files.slack.com\/files-tmb\/TJH5YU202-F01BNV8TLT0-2b15f16dd9\/grafik_160.png?t=xoxe-629202954002-1408710291175-1429611969940-666c705f8dd944d59ed88b8cd6be975e",
                "thumb_720": "https:\/\/files.slack.com\/files-tmb\/TJH5YU202-F01BNV8TLT0-2b15f16dd9\/grafik_720.png?t=xoxe-629202954002-1408710291175-1429611969940-666c705f8dd944d59ed88b8cd6be975e",
                "thumb_720_w": 720,
                "thumb_720_h": 307,
                "thumb_800": "https:\/\/files.slack.com\/files-tmb\/TJH5YU202-F01BNV8TLT0-2b15f16dd9\/grafik_800.png?t=xoxe-629202954002-1408710291175-1429611969940-666c705f8dd944d59ed88b8cd6be975e",
                "thumb_800_w": 800,
                "thumb_800_h": 341,
                "thumb_960": "https:\/\/files.slack.com\/files-tmb\/TJH5YU202-F01BNV8TLT0-2b15f16dd9\/grafik_960.png?t=xoxe-629202954002-1408710291175-1429611969940-666c705f8dd944d59ed88b8cd6be975e",
                "thumb_960_w": 960,
                "thumb_960_h": 409,
                "thumb_1024": "https:\/\/files.slack.com\/files-tmb\/TJH5YU202-F01BNV8TLT0-2b15f16dd9\/grafik_1024.png?t=xoxe-629202954002-1408710291175-1429611969940-666c705f8dd944d59ed88b8cd6be975e",
                "thumb_1024_w": 1024,
                "thumb_1024_h": 436,
                "original_w": 1044,
                "original_h": 445,
                "thumb_tiny": "AwAUADAItivU57cGjbbYOWbPbANMEAdQC68ikW1U4ywH49KQxWEW35Tz9DSwqjk5A4yaa0ZGeQRTY3VCeDQBZa3h6seo6CmtFCqjaDnvmo\/OX+7+tIZl9P1oAevTFOpq96dQAhGRTbcBiQfQmnmmWv3j9DQBOyKgGFHPrUTkE52gfQVPN91PpVc0Af\/Z",
                "permalink": "https:\/\/harbourproject.slack.com\/files\/UJHD6A81H\/F01BNV8TLT0\/grafik.png",
                "permalink_public": "https:\/\/slack-files.com\/TJH5YU202-F01BNV8TLT0-51e2c52d09",
                "is_starred": false,
                "has_rich_preview": false
            }
        ],
        "upload": false,
        "user": "UJHD6A81H",
        "display_as_bot": false,
        "ts": "1601658643.164800"
    },
    {
        "type": "message",
        "text": "",
        "files": [
            {
                "id": "F01BVMCJCQJ",
                "created": 1601658659,
                "timestamp": 1601658659,
                "name": "grafik.png",
                "title": "grafik.png",
                "mimetype": "image\/png",
                "filetype": "png",
                "pretty_type": "PNG",
                "user": "UJHD6A81H",
                "editable": false,
                "size": 1543022,
                "mode": "hosted",
                "is_external": false,
                "external_type": "",
                "is_public": true,
                "public_url_shared": false,
                "display_as_bot": false,
                "username": "",
                "url_private": "https:\/\/files.slack.com\/files-pri\/TJH5YU202-F01BVMCJCQJ\/grafik.png?t=xoxe-629202954002-1408710291175-1429611969940-666c705f8dd944d59ed88b8cd6be975e",
                "url_private_download": "https:\/\/files.slack.com\/files-pri\/TJH5YU202-F01BVMCJCQJ\/download\/grafik.png?t=xoxe-629202954002-1408710291175-1429611969940-666c705f8dd944d59ed88b8cd6be975e",
                "thumb_64": "https:\/\/files.slack.com\/files-tmb\/TJH5YU202-F01BVMCJCQJ-69c56788cd\/grafik_64.png?t=xoxe-629202954002-1408710291175-1429611969940-666c705f8dd944d59ed88b8cd6be975e",
                "thumb_80": "https:\/\/files.slack.com\/files-tmb\/TJH5YU202-F01BVMCJCQJ-69c56788cd\/grafik_80.png?t=xoxe-629202954002-1408710291175-1429611969940-666c705f8dd944d59ed88b8cd6be975e",
                "thumb_360": "https:\/\/files.slack.com\/files-tmb\/TJH5YU202-F01BVMCJCQJ-69c56788cd\/grafik_360.png?t=xoxe-629202954002-1408710291175-1429611969940-666c705f8dd944d59ed88b8cd6be975e",
                "thumb_360_w": 360,
                "thumb_360_h": 179,
                "thumb_480": "https:\/\/files.slack.com\/files-tmb\/TJH5YU202-F01BVMCJCQJ-69c56788cd\/grafik_480.png?t=xoxe-629202954002-1408710291175-1429611969940-666c705f8dd944d59ed88b8cd6be975e",
                "thumb_480_w": 480,
                "thumb_480_h": 238,
                "thumb_160": "https:\/\/files.slack.com\/files-tmb\/TJH5YU202-F01BVMCJCQJ-69c56788cd\/grafik_160.png?t=xoxe-629202954002-1408710291175-1429611969940-666c705f8dd944d59ed88b8cd6be975e",
                "thumb_720": "https:\/\/files.slack.com\/files-tmb\/TJH5YU202-F01BVMCJCQJ-69c56788cd\/grafik_720.png?t=xoxe-629202954002-1408710291175-1429611969940-666c705f8dd944d59ed88b8cd6be975e",
                "thumb_720_w": 720,
                "thumb_720_h": 357,
                "thumb_800": "https:\/\/files.slack.com\/files-tmb\/TJH5YU202-F01BVMCJCQJ-69c56788cd\/grafik_800.png?t=xoxe-629202954002-1408710291175-1429611969940-666c705f8dd944d59ed88b8cd6be975e",
                "thumb_800_w": 800,
                "thumb_800_h": 397,
                "thumb_960": "https:\/\/files.slack.com\/files-tmb\/TJH5YU202-F01BVMCJCQJ-69c56788cd\/grafik_960.png?t=xoxe-629202954002-1408710291175-1429611969940-666c705f8dd944d59ed88b8cd6be975e",
                "thumb_960_w": 960,
                "thumb_960_h": 476,
                "thumb_1024": "https:\/\/files.slack.com\/files-tmb\/TJH5YU202-F01BVMCJCQJ-69c56788cd\/grafik_1024.png?t=xoxe-629202954002-1408710291175-1429611969940-666c705f8dd944d59ed88b8cd6be975e",
                "thumb_1024_w": 1024,
                "thumb_1024_h": 508,
                "original_w": 1779,
                "original_h": 883,
                "thumb_tiny": "AwAXADC406IxB3cei5o86MEjdyDjpUb20Mkhcsdx64emSQTGRtoXaWBB3dqAJZJysxQKpx6nFDXG2KNtmdwzgHpSSyIHctCWx3wKkkhjkVQQQB0xQBIjbow2MZGcVXjuhI4UK4PvVgAKgUZ4GOaqxwS+YjPg7eKQCNbuSMMmM56e9AuJDIw+XAPp71Y71SX\/AFrfX+tDGTzLCZGDyMD3Ap06u6J5RPTscVXuv+Ph\/wDParyfcX6CgCrify1yWU7jnDAnFS2nm7W80knPGTmpG6CiLvTEf\/\/Z",
                "permalink": "https:\/\/harbourproject.slack.com\/files\/UJHD6A81H\/F01BVMCJCQJ\/grafik.png",
                "permalink_public": "https:\/\/slack-files.com\/TJH5YU202-F01BVMCJCQJ-f7123832b4",
                "is_starred": false,
                "has_rich_preview": false
            }
        ],
        "upload": false,
        "user": "UJHD6A81H",
        "display_as_bot": false,
        "ts": "1601658666.165500"
    },
    {
        "client_msg_id": "629d832d-5097-4674-be9f-2e3cfea5e986",
        "type": "message",
        "text": "Realmente ya ha pasado un tiempo prudencial para ver las consecuencias de la profunda división. Meter la cabeza debajo de tierra no ha evitado lo inevitable.\n¿ Qué ha faltado en este foro ? Ha faltado que los intervinientes mostraran un apoyo total y sin fisuras a Antonio, Charly y Cristóbal.\n¿ Se ha hecho  ? No. Con los silencios y adhesiones a proyectos de código cerrado, se ha puesto una vela a Dios y otra al diablo, esperando ver cual alumbraba más para arrimarse al ascua que más calentaba.\nBueno ¿ Y qué ? Pues nada. Las consecuencias son visibles: Desarrollo del mod paralizado, foro muertecino, charla de los viernes suspendida por no haber contenidos.\n¿ Futuro ? ¿ Qué futuro ?",
        "user": "UJULQCHL5",
        "ts": "1601659225.169900",
        "team": "TJH5YU202",
        "user_team": "TJH5YU202",
        "source_team": "TJH5YU202",
        "user_profile": {
            "avatar_hash": "g7659142325a",
            "image_72": "https:\/\/secure.gravatar.com\/avatar\/c87659142325a3facb661d85281ec091.jpg?s=72&d=https%3A%2F%2Fa.slack-edge.com%2Fdf10d%2Fimg%2Favatars%2Fava_0003-72.png",
            "first_name": "",
            "real_name": "Paquito",
            "display_name": "Paquito",
            "team": "TJH5YU202",
            "name": "hmpaquito",
            "is_restricted": false,
            "is_ultra_restricted": false
        },
        "blocks": [
            {
                "type": "rich_text",
                "block_id": "fIY",
                "elements": [
                    {
                        "type": "rich_text_section",
                        "elements": [
                            {
                                "type": "text",
                                "text": "Realmente ya ha pasado un tiempo prudencial para ver las consecuencias de la profunda división. Meter la cabeza debajo de tierra no ha evitado lo inevitable.\n¿ Qué ha faltado en este foro ? Ha faltado que los intervinientes mostraran un apoyo total y sin fisuras a Antonio, Charly y Cristóbal.\n¿ Se ha hecho  ? No. Con los silencios y adhesiones a proyectos de código cerrado, se ha puesto una vela a Dios y otra al diablo, esperando ver cual alumbraba más para arrimarse al ascua que más calentaba.\nBueno ¿ Y qué ? Pues nada. Las consecuencias son visibles: Desarrollo del mod paralizado, foro muertecino, charla de los viernes suspendida por no haber contenidos.\n¿ Futuro ? ¿ Qué futuro ?"
                            }
                        ]
                    }
                ]
            }
        ]
    },
    {
        "client_msg_id": "1f7c5a9c-b467-4bb2-87e1-b23d64a003f9",
        "type": "message",
        "text": "estamos en el skype !",
        "user": "UK28N3CER",
        "ts": "1601659471.170200",
        "team": "TJH5YU202",
        "user_team": "TJH5YU202",
        "source_team": "TJH5YU202",
        "user_profile": {
            "avatar_hash": "0eafa7153ff3",
            "image_72": "https:\/\/avatars.slack-edge.com\/2020-05-18\/1155120542496_0eafa7153ff35206c804_72.jpg",
            "first_name": "Cesar",
            "real_name": "Cesar SysCtrl Software",
            "display_name": "Cesar SysCtrl Software",
            "team": "TJH5YU202",
            "name": "sysctrlsoftware",
            "is_restricted": false,
            "is_ultra_restricted": false
        },
        "blocks": [
            {
                "type": "rich_text",
                "block_id": "CTl",
                "elements": [
                    {
                        "type": "rich_text_section",
                        "elements": [
                            {
                                "type": "text",
                                "text": "estamos en el skype !"
                            }
                        ]
                    }
                ]
            }
        ]
    },
    {
        "client_msg_id": "42276601-3348-44e1-b3a7-4c7e4905adef",
        "type": "message",
        "text": "Troll alert !!!!",
        "user": "UM81W8B0Q",
        "ts": "1601662101.170400",
        "team": "TJH5YU202",
        "user_team": "TJH5YU202",
        "source_team": "TJH5YU202",
        "user_profile": {
            "avatar_hash": "gab9279ee8c0",
            "image_72": "https:\/\/secure.gravatar.com\/avatar\/73ab9279ee8c00f66ce4904d30146c8f.jpg?s=72&d=https%3A%2F%2Fa.slack-edge.com%2Fdf10d%2Fimg%2Favatars%2Fava_0010-72.png",
            "first_name": "",
            "real_name": "Angel Pais",
            "display_name": "Angel Pais",
            "team": "TJH5YU202",
            "name": "amigosam",
            "is_restricted": false,
            "is_ultra_restricted": false
        },
        "blocks": [
            {
                "type": "rich_text",
                "block_id": "\/\/QPc",
                "elements": [
                    {
                        "type": "rich_text_section",
                        "elements": [
                            {
                                "type": "text",
                                "text": "Troll alert !!!!"
                            }
                        ]
                    }
                ]
            }
        ]
    },
    {
        "type": "message",
        "text": "",
        "files": [
            {
                "id": "F01BSP1757X",
                "created": 1601662232,
                "timestamp": 1601662232,
                "name": "image.png",
                "title": "image.png",
                "mimetype": "image\/png",
                "filetype": "png",
                "pretty_type": "PNG",
                "user": "UM81W8B0Q",
                "editable": false,
                "size": 47296,
                "mode": "hosted",
                "is_external": false,
                "external_type": "",
                "is_public": true,
                "public_url_shared": false,
                "display_as_bot": false,
                "username": "",
                "url_private": "https:\/\/files.slack.com\/files-pri\/TJH5YU202-F01BSP1757X\/image.png?t=xoxe-629202954002-1408710291175-1429611969940-666c705f8dd944d59ed88b8cd6be975e",
                "url_private_download": "https:\/\/files.slack.com\/files-pri\/TJH5YU202-F01BSP1757X\/download\/image.png?t=xoxe-629202954002-1408710291175-1429611969940-666c705f8dd944d59ed88b8cd6be975e",
                "thumb_64": "https:\/\/files.slack.com\/files-tmb\/TJH5YU202-F01BSP1757X-7117399939\/image_64.png?t=xoxe-629202954002-1408710291175-1429611969940-666c705f8dd944d59ed88b8cd6be975e",
                "thumb_80": "https:\/\/files.slack.com\/files-tmb\/TJH5YU202-F01BSP1757X-7117399939\/image_80.png?t=xoxe-629202954002-1408710291175-1429611969940-666c705f8dd944d59ed88b8cd6be975e",
                "thumb_360": "https:\/\/files.slack.com\/files-tmb\/TJH5YU202-F01BSP1757X-7117399939\/image_360.png?t=xoxe-629202954002-1408710291175-1429611969940-666c705f8dd944d59ed88b8cd6be975e",
                "thumb_360_w": 360,
                "thumb_360_h": 134,
                "thumb_160": "https:\/\/files.slack.com\/files-tmb\/TJH5YU202-F01BSP1757X-7117399939\/image_160.png?t=xoxe-629202954002-1408710291175-1429611969940-666c705f8dd944d59ed88b8cd6be975e",
                "original_w": 367,
                "original_h": 137,
                "thumb_tiny": "AwARADC7R0FFIwyhA9KzNCtLIWwrEAGpIH\/hyD9KiKnIJXn8qidpll\/dKFHbIFMi5oUUiZ2DJycdfWlpFhRRRQAj\/dquv36sP92q6\/fpoTLNFFFIZ\/\/Z",
                "permalink": "https:\/\/harbourproject.slack.com\/files\/UM81W8B0Q\/F01BSP1757X\/image.png",
                "permalink_public": "https:\/\/slack-files.com\/TJH5YU202-F01BSP1757X-2f8c966deb",
                "is_starred": false,
                "has_rich_preview": false
            }
        ],
        "upload": false,
        "user": "UM81W8B0Q",
        "display_as_bot": false,
        "ts": "1601662234.170500"
    },
    {
        "client_msg_id": "27abf6eb-d48d-4da6-9dfd-10e9d4cf6a37",
        "type": "message",
        "text": "Paquito, Cual es tu propuesta?",
        "user": "UJHD6A81H",
        "ts": "1601662691.171100",
        "team": "TJH5YU202",
        "user_team": "TJH5YU202",
        "source_team": "TJH5YU202",
        "user_profile": {
            "avatar_hash": "g6b8073e00e9",
            "image_72": "https:\/\/secure.gravatar.com\/avatar\/b96b8073e00e9eb02bcf05bc1418eb3a.jpg?s=72&d=https%3A%2F%2Fa.slack-edge.com%2Fdf10d%2Fimg%2Favatars%2Fava_0021-72.png",
            "first_name": "Otto",
            "real_name": "Otto Atzwanger",
            "display_name": "Otto",
            "team": "TJH5YU202",
            "name": "otto",
            "is_restricted": false,
            "is_ultra_restricted": false
        },
        "blocks": [
            {
                "type": "rich_text",
                "block_id": "21mxx",
                "elements": [
                    {
                        "type": "rich_text_section",
                        "elements": [
                            {
                                "type": "text",
                                "text": "Paquito, Cual es tu propuesta?"
                            }
                        ]
                    }
                ]
            }
        ]
    },
    {
        "client_msg_id": "338f8b8b-6b0c-4d05-b826-a9c38291cb9f",
        "type": "message",
        "text": "Aqui todos somos amigos, algunos mas otros menos, pero mi respeto a Charly, Antonio, Cristobal, no siempre se coincide con los tiempos y cada uno tiene sus proyectos que tenemos que sacar, asi que animo, la vida des corta y mas cuando tienes covid.",
        "user": "UJUSD6VB2",
        "ts": "1601663236.175100",
        "team": "TJH5YU202",
        "user_team": "TJH5YU202",
        "source_team": "TJH5YU202",
        "user_profile": {
            "avatar_hash": "g1677a02d0b6",
            "image_72": "https:\/\/secure.gravatar.com\/avatar\/bb1677a02d0b69ba91eb245090c7c83a.jpg?s=72&d=https%3A%2F%2Fa.slack-edge.com%2Fdf10d%2Fimg%2Favatars%2Fava_0015-72.png",
            "first_name": "",
            "real_name": "Osvaldo Ramirez",
            "display_name": "Osvaldo Ramirez",
            "team": "TJH5YU202",
            "name": "ramirezosvaldo",
            "is_restricted": false,
            "is_ultra_restricted": false
        },
        "blocks": [
            {
                "type": "rich_text",
                "block_id": "t3irJ",
                "elements": [
                    {
                        "type": "rich_text_section",
                        "elements": [
                            {
                                "type": "text",
                                "text": "Aqui todos somos amigos, algunos mas otros menos, pero mi respeto a Charly, Antonio, Cristobal, no siempre se coincide con los tiempos y cada uno tiene sus proyectos que tenemos que sacar, asi que animo, la vida des corta y mas cuando tienes covid."
                            }
                        ]
                    }
                ]
            }
        ]
    },
    {
        "client_msg_id": "ccb6ec42-be46-4413-a230-b85457c670c9",
        "type": "message",
        "text": "Mucho peor es cuando no tienes vida. Como le pasa a Paquito.",
        "user": "UM81W8B0Q",
        "ts": "1601663281.175600",
        "team": "TJH5YU202",
        "user_team": "TJH5YU202",
        "source_team": "TJH5YU202",
        "user_profile": {
            "avatar_hash": "gab9279ee8c0",
            "image_72": "https:\/\/secure.gravatar.com\/avatar\/73ab9279ee8c00f66ce4904d30146c8f.jpg?s=72&d=https%3A%2F%2Fa.slack-edge.com%2Fdf10d%2Fimg%2Favatars%2Fava_0010-72.png",
            "first_name": "",
            "real_name": "Angel Pais",
            "display_name": "Angel Pais",
            "team": "TJH5YU202",
            "name": "amigosam",
            "is_restricted": false,
            "is_ultra_restricted": false
        },
        "edited": {
            "user": "UM81W8B0Q",
            "ts": "1601663295.000000"
        },
        "blocks": [
            {
                "type": "rich_text",
                "block_id": "iTX",
                "elements": [
                    {
                        "type": "rich_text_section",
                        "elements": [
                            {
                                "type": "text",
                                "text": "Mucho peor es cuando no tienes vida. Como le pasa a Paquito."
                            }
                        ]
                    }
                ]
            }
        ]
    },
    {
        "client_msg_id": "9b2d139c-09c0-4ccb-9650-d8cfa6f2905c",
        "type": "message",
        "text": "Tus insultos te delatan. Eres mala persona. Has roto la comunidad. Allá lleve cuidado el que confie en ti",
        "user": "UJULQCHL5",
        "ts": "1601664470.179000",
        "team": "TJH5YU202",
        "user_team": "TJH5YU202",
        "source_team": "TJH5YU202",
        "user_profile": {
            "avatar_hash": "g7659142325a",
            "image_72": "https:\/\/secure.gravatar.com\/avatar\/c87659142325a3facb661d85281ec091.jpg?s=72&d=https%3A%2F%2Fa.slack-edge.com%2Fdf10d%2Fimg%2Favatars%2Fava_0003-72.png",
            "first_name": "",
            "real_name": "Paquito",
            "display_name": "Paquito",
            "team": "TJH5YU202",
            "name": "hmpaquito",
            "is_restricted": false,
            "is_ultra_restricted": false
        },
        "blocks": [
            {
                "type": "rich_text",
                "block_id": "fHcP",
                "elements": [
                    {
                        "type": "rich_text_section",
                        "elements": [
                            {
                                "type": "text",
                                "text": "Tus insultos te delatan. Eres mala persona. Has roto la comunidad. Allá lleve cuidado el que confie en ti"
                            }
                        ]
                    }
                ]
            }
        ]
    },
    {
        "client_msg_id": "f02fe92f-1664-46d7-990f-7304a39e945a",
        "type": "message",
        "text": "Soy de lo peor.",
        "user": "UM81W8B0Q",
        "ts": "1601664490.179300",
        "team": "TJH5YU202",
        "user_team": "TJH5YU202",
        "source_team": "TJH5YU202",
        "user_profile": {
            "avatar_hash": "gab9279ee8c0",
            "image_72": "https:\/\/secure.gravatar.com\/avatar\/73ab9279ee8c00f66ce4904d30146c8f.jpg?s=72&d=https%3A%2F%2Fa.slack-edge.com%2Fdf10d%2Fimg%2Favatars%2Fava_0010-72.png",
            "first_name": "",
            "real_name": "Angel Pais",
            "display_name": "Angel Pais",
            "team": "TJH5YU202",
            "name": "amigosam",
            "is_restricted": false,
            "is_ultra_restricted": false
        },
        "blocks": [
            {
                "type": "rich_text",
                "block_id": "I5B",
                "elements": [
                    {
                        "type": "rich_text_section",
                        "elements": [
                            {
                                "type": "text",
                                "text": "Soy de lo peor."
                            }
                        ]
                    }
                ]
            }
        ]
    },
    {
        "client_msg_id": "706e864f-6a7d-4c89-a850-3b6481f5caf0",
        "type": "message",
        "text": "Otto mi propuesta es recuperar los auténticos lideres que habia antes. Sin ellos no hay futuro para esta comunidad. Asi lo pienso yo",
        "user": "UJULQCHL5",
        "ts": "1601664757.182400",
        "team": "TJH5YU202",
        "user_team": "TJH5YU202",
        "source_team": "TJH5YU202",
        "user_profile": {
            "avatar_hash": "g7659142325a",
            "image_72": "https:\/\/secure.gravatar.com\/avatar\/c87659142325a3facb661d85281ec091.jpg?s=72&d=https%3A%2F%2Fa.slack-edge.com%2Fdf10d%2Fimg%2Favatars%2Fava_0003-72.png",
            "first_name": "",
            "real_name": "Paquito",
            "display_name": "Paquito",
            "team": "TJH5YU202",
            "name": "hmpaquito",
            "is_restricted": false,
            "is_ultra_restricted": false
        },
        "blocks": [
            {
                "type": "rich_text",
                "block_id": "LCIkF",
                "elements": [
                    {
                        "type": "rich_text_section",
                        "elements": [
                            {
                                "type": "text",
                                "text": "Otto mi propuesta es recuperar los auténticos lideres que habia antes. Sin ellos no hay futuro para esta comunidad. Asi lo pienso yo"
                            }
                        ]
                    }
                ]
            }
        ],
        "reactions": [
            {
                "name": "+1",
                "users": [
                    "UJHD6A81H"
                ],
                "count": 1
            }
        ]
    },
    {
        "client_msg_id": "18968aeb-d7a0-4340-af0e-141d3fd326f2",
        "type": "message",
        "text": "Quién los hechó ?",
        "user": "UM81W8B0Q",
        "ts": "1601664843.184300",
        "team": "TJH5YU202",
        "user_team": "TJH5YU202",
        "source_team": "TJH5YU202",
        "user_profile": {
            "avatar_hash": "gab9279ee8c0",
            "image_72": "https:\/\/secure.gravatar.com\/avatar\/73ab9279ee8c00f66ce4904d30146c8f.jpg?s=72&d=https%3A%2F%2Fa.slack-edge.com%2Fdf10d%2Fimg%2Favatars%2Fava_0010-72.png",
            "first_name": "",
            "real_name": "Angel Pais",
            "display_name": "Angel Pais",
            "team": "TJH5YU202",
            "name": "amigosam",
            "is_restricted": false,
            "is_ultra_restricted": false
        },
        "blocks": [
            {
                "type": "rich_text",
                "block_id": "FprY",
                "elements": [
                    {
                        "type": "rich_text_section",
                        "elements": [
                            {
                                "type": "text",
                                "text": "Quién los hechó ?"
                            }
                        ]
                    }
                ]
            }
        ]
    },
    {
        "client_msg_id": "12257bbb-8431-479a-8454-e4f8a83f06b3",
        "type": "message",
        "text": "tu",
        "user": "UJULQCHL5",
        "ts": "1601664852.184500",
        "team": "TJH5YU202",
        "user_team": "TJH5YU202",
        "source_team": "TJH5YU202",
        "user_profile": {
            "avatar_hash": "g7659142325a",
            "image_72": "https:\/\/secure.gravatar.com\/avatar\/c87659142325a3facb661d85281ec091.jpg?s=72&d=https%3A%2F%2Fa.slack-edge.com%2Fdf10d%2Fimg%2Favatars%2Fava_0003-72.png",
            "first_name": "",
            "real_name": "Paquito",
            "display_name": "Paquito",
            "team": "TJH5YU202",
            "name": "hmpaquito",
            "is_restricted": false,
            "is_ultra_restricted": false
        },
        "blocks": [
            {
                "type": "rich_text",
                "block_id": "Vv3fo",
                "elements": [
                    {
                        "type": "rich_text_section",
                        "elements": [
                            {
                                "type": "text",
                                "text": "tu"
                            }
                        ]
                    }
                ]
            }
        ]
    },
    {
        "client_msg_id": "bde3392e-4535-4ebf-bfa7-2c73d08db58c",
        "type": "message",
        "text": "Cómo?",
        "user": "UM81W8B0Q",
        "ts": "1601664855.184700",
        "team": "TJH5YU202",
        "user_team": "TJH5YU202",
        "source_team": "TJH5YU202",
        "user_profile": {
            "avatar_hash": "gab9279ee8c0",
            "image_72": "https:\/\/secure.gravatar.com\/avatar\/73ab9279ee8c00f66ce4904d30146c8f.jpg?s=72&d=https%3A%2F%2Fa.slack-edge.com%2Fdf10d%2Fimg%2Favatars%2Fava_0010-72.png",
            "first_name": "",
            "real_name": "Angel Pais",
            "display_name": "Angel Pais",
            "team": "TJH5YU202",
            "name": "amigosam",
            "is_restricted": false,
            "is_ultra_restricted": false
        },
        "edited": {
            "user": "UM81W8B0Q",
            "ts": "1601664891.000000"
        },
        "blocks": [
            {
                "type": "rich_text",
                "block_id": "TtDLZ",
                "elements": [
                    {
                        "type": "rich_text_section",
                        "elements": [
                            {
                                "type": "text",
                                "text": "Cómo?"
                            }
                        ]
                    }
                ]
            }
        ]
    },
    {
        "client_msg_id": "4a31ef1a-afed-49db-84f0-2dfc4faa2dd2",
        "type": "message",
        "text": "jQueryUI modal dialog does not show close button (x)  - this one pointed out the solution to me: Load first bootstrap and then jqueryUI. Cheers.- Now it is working",
        "user": "UJHD6A81H",
        "ts": "1601665082.186400",
        "team": "TJH5YU202",
        "user_team": "TJH5YU202",
        "source_team": "TJH5YU202",
        "user_profile": {
            "avatar_hash": "g6b8073e00e9",
            "image_72": "https:\/\/secure.gravatar.com\/avatar\/b96b8073e00e9eb02bcf05bc1418eb3a.jpg?s=72&d=https%3A%2F%2Fa.slack-edge.com%2Fdf10d%2Fimg%2Favatars%2Fava_0021-72.png",
            "first_name": "Otto",
            "real_name": "Otto Atzwanger",
            "display_name": "Otto",
            "team": "TJH5YU202",
            "name": "otto",
            "is_restricted": false,
            "is_ultra_restricted": false
        },
        "blocks": [
            {
                "type": "rich_text",
                "block_id": "cEv",
                "elements": [
                    {
                        "type": "rich_text_section",
                        "elements": [
                            {
                                "type": "text",
                                "text": "jQueryUI modal dialog does not show close button (x)  - this one pointed out the solution to me: Load first bootstrap and then jqueryUI. Cheers.- Now it is working"
                            }
                        ]
                    }
                ]
            }
        ]
    },
    {
        "client_msg_id": "8cfdc7e0-76a5-4fc9-8c4a-48299d490b5f",
        "type": "message",
        "text": "Interesting.",
        "user": "UM81W8B0Q",
        "ts": "1601665107.186600",
        "team": "TJH5YU202",
        "user_team": "TJH5YU202",
        "source_team": "TJH5YU202",
        "user_profile": {
            "avatar_hash": "gab9279ee8c0",
            "image_72": "https:\/\/secure.gravatar.com\/avatar\/73ab9279ee8c00f66ce4904d30146c8f.jpg?s=72&d=https%3A%2F%2Fa.slack-edge.com%2Fdf10d%2Fimg%2Favatars%2Fava_0010-72.png",
            "first_name": "",
            "real_name": "Angel Pais",
            "display_name": "Angel Pais",
            "team": "TJH5YU202",
            "name": "amigosam",
            "is_restricted": false,
            "is_ultra_restricted": false
        },
        "blocks": [
            {
                "type": "rich_text",
                "block_id": "FBs",
                "elements": [
                    {
                        "type": "rich_text_section",
                        "elements": [
                            {
                                "type": "text",
                                "text": "Interesting."
                            }
                        ]
                    }
                ]
            }
        ]
    },
    {
        "type": "message",
        "text": "",
        "files": [
            {
                "id": "F01BW5KC73M",
                "created": 1601665110,
                "timestamp": 1601665110,
                "name": "grafik.png",
                "title": "grafik.png",
                "mimetype": "image\/png",
                "filetype": "png",
                "pretty_type": "PNG",
                "user": "UJHD6A81H",
                "editable": false,
                "size": 114364,
                "mode": "hosted",
                "is_external": false,
                "external_type": "",
                "is_public": true,
                "public_url_shared": false,
                "display_as_bot": false,
                "username": "",
                "url_private": "https:\/\/files.slack.com\/files-pri\/TJH5YU202-F01BW5KC73M\/grafik.png?t=xoxe-629202954002-1408710291175-1429611969940-666c705f8dd944d59ed88b8cd6be975e",
                "url_private_download": "https:\/\/files.slack.com\/files-pri\/TJH5YU202-F01BW5KC73M\/download\/grafik.png?t=xoxe-629202954002-1408710291175-1429611969940-666c705f8dd944d59ed88b8cd6be975e",
                "thumb_64": "https:\/\/files.slack.com\/files-tmb\/TJH5YU202-F01BW5KC73M-30718d0f31\/grafik_64.png?t=xoxe-629202954002-1408710291175-1429611969940-666c705f8dd944d59ed88b8cd6be975e",
                "thumb_80": "https:\/\/files.slack.com\/files-tmb\/TJH5YU202-F01BW5KC73M-30718d0f31\/grafik_80.png?t=xoxe-629202954002-1408710291175-1429611969940-666c705f8dd944d59ed88b8cd6be975e",
                "thumb_360": "https:\/\/files.slack.com\/files-tmb\/TJH5YU202-F01BW5KC73M-30718d0f31\/grafik_360.png?t=xoxe-629202954002-1408710291175-1429611969940-666c705f8dd944d59ed88b8cd6be975e",
                "thumb_360_w": 360,
                "thumb_360_h": 134,
                "thumb_480": "https:\/\/files.slack.com\/files-tmb\/TJH5YU202-F01BW5KC73M-30718d0f31\/grafik_480.png?t=xoxe-629202954002-1408710291175-1429611969940-666c705f8dd944d59ed88b8cd6be975e",
                "thumb_480_w": 480,
                "thumb_480_h": 179,
                "thumb_160": "https:\/\/files.slack.com\/files-tmb\/TJH5YU202-F01BW5KC73M-30718d0f31\/grafik_160.png?t=xoxe-629202954002-1408710291175-1429611969940-666c705f8dd944d59ed88b8cd6be975e",
                "original_w": 635,
                "original_h": 237,
                "thumb_tiny": "AwARADDQbr97H4UBSRkNVa7mljmAQgDHpTBLcZx5ig4zjbQBd2n+9QS2eMVRS4uPPjV2GGbB4qW4uDHKEEe8ketAFn5\/QUh3dwKqpeOR8sBIHo1SRXLSuyNGUIGeaAI7n\/j7X6CmW\/8Ar5PpT7n\/AI+1+gplv\/r5PpS6jBv9fB\/v0tx\/x\/x\/7p\/kaRv9fB\/v0tx\/x\/x\/7p\/kaHsBWi\/14\/3aux\/8fr\/9c6pRf68f7tXY\/wDj9f8A650uoH\/\/2Q==",
                "permalink": "https:\/\/harbourproject.slack.com\/files\/UJHD6A81H\/F01BW5KC73M\/grafik.png",
                "permalink_public": "https:\/\/slack-files.com\/TJH5YU202-F01BW5KC73M-9821d63430",
                "is_starred": false,
                "has_rich_preview": false
            }
        ],
        "upload": false,
        "user": "UJHD6A81H",
        "display_as_bot": false,
        "ts": "1601665114.186700"
    },
    {
        "client_msg_id": "3f751ca0-cdfa-47e3-b67a-26a5be403447",
        "type": "message",
        "text": "<https:\/\/stackoverflow.com\/questions\/8681707\/jqueryui-modal-dialog-does-not-show-close-button-x\/22780077>",
        "user": "UJHD6A81H",
        "ts": "1601665143.187100",
        "team": "TJH5YU202",
        "user_team": "TJH5YU202",
        "source_team": "TJH5YU202",
        "user_profile": {
            "avatar_hash": "g6b8073e00e9",
            "image_72": "https:\/\/secure.gravatar.com\/avatar\/b96b8073e00e9eb02bcf05bc1418eb3a.jpg?s=72&d=https%3A%2F%2Fa.slack-edge.com%2Fdf10d%2Fimg%2Favatars%2Fava_0021-72.png",
            "first_name": "Otto",
            "real_name": "Otto Atzwanger",
            "display_name": "Otto",
            "team": "TJH5YU202",
            "name": "otto",
            "is_restricted": false,
            "is_ultra_restricted": false
        },
        "attachments": [
            {
                "service_name": "Stack Overflow",
                "title": "jQueryUI modal dialog does not show close button (x)",
                "title_link": "https:\/\/stackoverflow.com\/questions\/8681707\/jqueryui-modal-dialog-does-not-show-close-button-x\/22780077",
                "text": "I'm using a jQuery modal dialog in my ASP .NET MVC 3 application. It works fine except for that there is no close button showing in the top right corner. How can I add this? $(\"#dialog-modal\").di...",
                "fallback": "Stack Overflow: jQueryUI modal dialog does not show close button (x)",
                "thumb_url": "https:\/\/cdn.sstatic.net\/Sites\/stackoverflow\/Img\/apple-touch-icon@2.png?v=73d79a89bded",
                "from_url": "https:\/\/stackoverflow.com\/questions\/8681707\/jqueryui-modal-dialog-does-not-show-close-button-x\/22780077",
                "thumb_width": 316,
                "thumb_height": 316,
                "service_icon": "https:\/\/cdn.sstatic.net\/Sites\/stackoverflow\/Img\/apple-touch-icon.png?v=c78bd457575a",
                "id": 1,
                "original_url": "https:\/\/stackoverflow.com\/questions\/8681707\/jqueryui-modal-dialog-does-not-show-close-button-x\/22780077"
            }
        ],
        "blocks": [
            {
                "type": "rich_text",
                "block_id": "qMlh",
                "elements": [
                    {
                        "type": "rich_text_section",
                        "elements": [
                            {
                                "type": "link",
                                "url": "https:\/\/stackoverflow.com\/questions\/8681707\/jqueryui-modal-dialog-does-not-show-close-button-x\/22780077"
                            }
                        ]
                    }
                ]
            }
        ]
    }
]