[
    {
        "type": "message",
        "text": "",
        "files": [
            {
                "id": "F01ATA69L0Y",
                "created": 1599209978,
                "timestamp": 1599209978,
                "name": "grafik.png",
                "title": "grafik.png",
                "mimetype": "image\/png",
                "filetype": "png",
                "pretty_type": "PNG",
                "user": "UJHD6A81H",
                "editable": false,
                "size": 152063,
                "mode": "hosted",
                "is_external": false,
                "external_type": "",
                "is_public": true,
                "public_url_shared": false,
                "display_as_bot": false,
                "username": "",
                "url_private": "https:\/\/files.slack.com\/files-pri\/TJH5YU202-F01ATA69L0Y\/grafik.png?t=xoxe-629202954002-1408710291175-1429611969940-666c705f8dd944d59ed88b8cd6be975e",
                "url_private_download": "https:\/\/files.slack.com\/files-pri\/TJH5YU202-F01ATA69L0Y\/download\/grafik.png?t=xoxe-629202954002-1408710291175-1429611969940-666c705f8dd944d59ed88b8cd6be975e",
                "thumb_64": "https:\/\/files.slack.com\/files-tmb\/TJH5YU202-F01ATA69L0Y-663daa6c9e\/grafik_64.png?t=xoxe-629202954002-1408710291175-1429611969940-666c705f8dd944d59ed88b8cd6be975e",
                "thumb_80": "https:\/\/files.slack.com\/files-tmb\/TJH5YU202-F01ATA69L0Y-663daa6c9e\/grafik_80.png?t=xoxe-629202954002-1408710291175-1429611969940-666c705f8dd944d59ed88b8cd6be975e",
                "thumb_360": "https:\/\/files.slack.com\/files-tmb\/TJH5YU202-F01ATA69L0Y-663daa6c9e\/grafik_360.png?t=xoxe-629202954002-1408710291175-1429611969940-666c705f8dd944d59ed88b8cd6be975e",
                "thumb_360_w": 360,
                "thumb_360_h": 215,
                "thumb_480": "https:\/\/files.slack.com\/files-tmb\/TJH5YU202-F01ATA69L0Y-663daa6c9e\/grafik_480.png?t=xoxe-629202954002-1408710291175-1429611969940-666c705f8dd944d59ed88b8cd6be975e",
                "thumb_480_w": 480,
                "thumb_480_h": 287,
                "thumb_160": "https:\/\/files.slack.com\/files-tmb\/TJH5YU202-F01ATA69L0Y-663daa6c9e\/grafik_160.png?t=xoxe-629202954002-1408710291175-1429611969940-666c705f8dd944d59ed88b8cd6be975e",
                "thumb_720": "https:\/\/files.slack.com\/files-tmb\/TJH5YU202-F01ATA69L0Y-663daa6c9e\/grafik_720.png?t=xoxe-629202954002-1408710291175-1429611969940-666c705f8dd944d59ed88b8cd6be975e",
                "thumb_720_w": 720,
                "thumb_720_h": 430,
                "thumb_800": "https:\/\/files.slack.com\/files-tmb\/TJH5YU202-F01ATA69L0Y-663daa6c9e\/grafik_800.png?t=xoxe-629202954002-1408710291175-1429611969940-666c705f8dd944d59ed88b8cd6be975e",
                "thumb_800_w": 800,
                "thumb_800_h": 478,
                "thumb_960": "https:\/\/files.slack.com\/files-tmb\/TJH5YU202-F01ATA69L0Y-663daa6c9e\/grafik_960.png?t=xoxe-629202954002-1408710291175-1429611969940-666c705f8dd944d59ed88b8cd6be975e",
                "thumb_960_w": 960,
                "thumb_960_h": 573,
                "thumb_1024": "https:\/\/files.slack.com\/files-tmb\/TJH5YU202-F01ATA69L0Y-663daa6c9e\/grafik_1024.png?t=xoxe-629202954002-1408710291175-1429611969940-666c705f8dd944d59ed88b8cd6be975e",
                "thumb_1024_w": 1024,
                "thumb_1024_h": 612,
                "original_w": 1890,
                "original_h": 1129,
                "thumb_tiny": "AwAcADCtaj\/TIv8AerZAC88\/mTWNanN5F\/vVtN92gBc5ozTVznnNOoACfakJ7UtIR370AYln\/wAfkX+9W4elZdtAq3MZBbg1qYoATcd2Nv40o70tGKAE70xv9YPpT8UuKAP\/2Q==",
                "permalink": "https:\/\/harbourproject.slack.com\/files\/UJHD6A81H\/F01ATA69L0Y\/grafik.png",
                "permalink_public": "https:\/\/slack-files.com\/TJH5YU202-F01ATA69L0Y-52c2f40fac",
                "is_starred": false,
                "has_rich_preview": false
            }
        ],
        "upload": false,
        "user": "UJHD6A81H",
        "display_as_bot": false,
        "ts": "1599209982.277700",
        "reactions": [
            {
                "name": "clap",
                "users": [
                    "UJUJLTWMT",
                    "UJUSD6VB2",
                    "UJN8D8U3B"
                ],
                "count": 3
            }
        ]
    }
]