[
    {
        "type": "message",
        "text": "",
        "files": [
            {
                "id": "F01B9FHUPN2",
                "created": 1601197647,
                "timestamp": 1601197647,
                "name": "grafik.png",
                "title": "grafik.png",
                "mimetype": "image\/png",
                "filetype": "png",
                "pretty_type": "PNG",
                "user": "UJHD6A81H",
                "editable": false,
                "size": 144977,
                "mode": "hosted",
                "is_external": false,
                "external_type": "",
                "is_public": true,
                "public_url_shared": false,
                "display_as_bot": false,
                "username": "",
                "url_private": "https:\/\/files.slack.com\/files-pri\/TJH5YU202-F01B9FHUPN2\/grafik.png?t=xoxe-629202954002-1408710291175-1429611969940-666c705f8dd944d59ed88b8cd6be975e",
                "url_private_download": "https:\/\/files.slack.com\/files-pri\/TJH5YU202-F01B9FHUPN2\/download\/grafik.png?t=xoxe-629202954002-1408710291175-1429611969940-666c705f8dd944d59ed88b8cd6be975e",
                "thumb_64": "https:\/\/files.slack.com\/files-tmb\/TJH5YU202-F01B9FHUPN2-558ede94b9\/grafik_64.png?t=xoxe-629202954002-1408710291175-1429611969940-666c705f8dd944d59ed88b8cd6be975e",
                "thumb_80": "https:\/\/files.slack.com\/files-tmb\/TJH5YU202-F01B9FHUPN2-558ede94b9\/grafik_80.png?t=xoxe-629202954002-1408710291175-1429611969940-666c705f8dd944d59ed88b8cd6be975e",
                "thumb_360": "https:\/\/files.slack.com\/files-tmb\/TJH5YU202-F01B9FHUPN2-558ede94b9\/grafik_360.png?t=xoxe-629202954002-1408710291175-1429611969940-666c705f8dd944d59ed88b8cd6be975e",
                "thumb_360_w": 360,
                "thumb_360_h": 165,
                "thumb_480": "https:\/\/files.slack.com\/files-tmb\/TJH5YU202-F01B9FHUPN2-558ede94b9\/grafik_480.png?t=xoxe-629202954002-1408710291175-1429611969940-666c705f8dd944d59ed88b8cd6be975e",
                "thumb_480_w": 480,
                "thumb_480_h": 221,
                "thumb_160": "https:\/\/files.slack.com\/files-tmb\/TJH5YU202-F01B9FHUPN2-558ede94b9\/grafik_160.png?t=xoxe-629202954002-1408710291175-1429611969940-666c705f8dd944d59ed88b8cd6be975e",
                "thumb_720": "https:\/\/files.slack.com\/files-tmb\/TJH5YU202-F01B9FHUPN2-558ede94b9\/grafik_720.png?t=xoxe-629202954002-1408710291175-1429611969940-666c705f8dd944d59ed88b8cd6be975e",
                "thumb_720_w": 720,
                "thumb_720_h": 331,
                "thumb_800": "https:\/\/files.slack.com\/files-tmb\/TJH5YU202-F01B9FHUPN2-558ede94b9\/grafik_800.png?t=xoxe-629202954002-1408710291175-1429611969940-666c705f8dd944d59ed88b8cd6be975e",
                "thumb_800_w": 800,
                "thumb_800_h": 368,
                "thumb_960": "https:\/\/files.slack.com\/files-tmb\/TJH5YU202-F01B9FHUPN2-558ede94b9\/grafik_960.png?t=xoxe-629202954002-1408710291175-1429611969940-666c705f8dd944d59ed88b8cd6be975e",
                "thumb_960_w": 960,
                "thumb_960_h": 441,
                "thumb_1024": "https:\/\/files.slack.com\/files-tmb\/TJH5YU202-F01B9FHUPN2-558ede94b9\/grafik_1024.png?t=xoxe-629202954002-1408710291175-1429611969940-666c705f8dd944d59ed88b8cd6be975e",
                "thumb_1024_w": 1024,
                "thumb_1024_h": 471,
                "original_w": 2594,
                "original_h": 1192,
                "thumb_tiny": "AwAWADClzSc0oPFGfagAz7UlGeO9GT60AL2oHUfWm0o6igB20+1G0+1PpKAGbD7UbD7U+loAj2H2pQhyOlPoHUUAf\/\/Z",
                "permalink": "https:\/\/harbourproject.slack.com\/files\/UJHD6A81H\/F01B9FHUPN2\/grafik.png",
                "permalink_public": "https:\/\/slack-files.com\/TJH5YU202-F01B9FHUPN2-c3eccfacd4",
                "is_starred": false,
                "has_rich_preview": false
            }
        ],
        "upload": false,
        "user": "UJHD6A81H",
        "display_as_bot": false,
        "ts": "1601197651.059500"
    },
    {
        "type": "message",
        "text": "",
        "files": [
            {
                "id": "F01BGDRJXGT",
                "created": 1601197808,
                "timestamp": 1601197808,
                "name": "grafik.png",
                "title": "grafik.png",
                "mimetype": "image\/png",
                "filetype": "png",
                "pretty_type": "PNG",
                "user": "UJHD6A81H",
                "editable": false,
                "size": 53976,
                "mode": "hosted",
                "is_external": false,
                "external_type": "",
                "is_public": true,
                "public_url_shared": false,
                "display_as_bot": false,
                "username": "",
                "url_private": "https:\/\/files.slack.com\/files-pri\/TJH5YU202-F01BGDRJXGT\/grafik.png?t=xoxe-629202954002-1408710291175-1429611969940-666c705f8dd944d59ed88b8cd6be975e",
                "url_private_download": "https:\/\/files.slack.com\/files-pri\/TJH5YU202-F01BGDRJXGT\/download\/grafik.png?t=xoxe-629202954002-1408710291175-1429611969940-666c705f8dd944d59ed88b8cd6be975e",
                "thumb_64": "https:\/\/files.slack.com\/files-tmb\/TJH5YU202-F01BGDRJXGT-b67f8f5a2e\/grafik_64.png?t=xoxe-629202954002-1408710291175-1429611969940-666c705f8dd944d59ed88b8cd6be975e",
                "thumb_80": "https:\/\/files.slack.com\/files-tmb\/TJH5YU202-F01BGDRJXGT-b67f8f5a2e\/grafik_80.png?t=xoxe-629202954002-1408710291175-1429611969940-666c705f8dd944d59ed88b8cd6be975e",
                "thumb_360": "https:\/\/files.slack.com\/files-tmb\/TJH5YU202-F01BGDRJXGT-b67f8f5a2e\/grafik_360.png?t=xoxe-629202954002-1408710291175-1429611969940-666c705f8dd944d59ed88b8cd6be975e",
                "thumb_360_w": 360,
                "thumb_360_h": 285,
                "thumb_480": "https:\/\/files.slack.com\/files-tmb\/TJH5YU202-F01BGDRJXGT-b67f8f5a2e\/grafik_480.png?t=xoxe-629202954002-1408710291175-1429611969940-666c705f8dd944d59ed88b8cd6be975e",
                "thumb_480_w": 480,
                "thumb_480_h": 380,
                "thumb_160": "https:\/\/files.slack.com\/files-tmb\/TJH5YU202-F01BGDRJXGT-b67f8f5a2e\/grafik_160.png?t=xoxe-629202954002-1408710291175-1429611969940-666c705f8dd944d59ed88b8cd6be975e",
                "thumb_720": "https:\/\/files.slack.com\/files-tmb\/TJH5YU202-F01BGDRJXGT-b67f8f5a2e\/grafik_720.png?t=xoxe-629202954002-1408710291175-1429611969940-666c705f8dd944d59ed88b8cd6be975e",
                "thumb_720_w": 720,
                "thumb_720_h": 571,
                "thumb_800": "https:\/\/files.slack.com\/files-tmb\/TJH5YU202-F01BGDRJXGT-b67f8f5a2e\/grafik_800.png?t=xoxe-629202954002-1408710291175-1429611969940-666c705f8dd944d59ed88b8cd6be975e",
                "thumb_800_w": 800,
                "thumb_800_h": 634,
                "thumb_960": "https:\/\/files.slack.com\/files-tmb\/TJH5YU202-F01BGDRJXGT-b67f8f5a2e\/grafik_960.png?t=xoxe-629202954002-1408710291175-1429611969940-666c705f8dd944d59ed88b8cd6be975e",
                "thumb_960_w": 960,
                "thumb_960_h": 761,
                "thumb_1024": "https:\/\/files.slack.com\/files-tmb\/TJH5YU202-F01BGDRJXGT-b67f8f5a2e\/grafik_1024.png?t=xoxe-629202954002-1408710291175-1429611969940-666c705f8dd944d59ed88b8cd6be975e",
                "thumb_1024_w": 1024,
                "thumb_1024_h": 811,
                "original_w": 1286,
                "original_h": 1019,
                "thumb_tiny": "AwAmADCgXb+8351oxz7Y0BW4JCjleh4rNNbVuZPs8OxVK7RklsU0AxbwKMeTOfqtL9uH\/PCb\/vmrWPrRj60XXYCr9uH\/ADwm\/wC+aPtw\/wCeE3\/fNWuB1NAwehouuwHOn\/Oa3bT\/AI9Iv90VhGt20\/49Iv8AdFICaiiigAopD9aUfWgDnDz3rdtP+PSL\/dFYXat20\/49Iv8AdFAE1FFFABRRRQB\/\/9k=",
                "permalink": "https:\/\/harbourproject.slack.com\/files\/UJHD6A81H\/F01BGDRJXGT\/grafik.png",
                "permalink_public": "https:\/\/slack-files.com\/TJH5YU202-F01BGDRJXGT-06b1da094a",
                "is_starred": false,
                "has_rich_preview": false
            }
        ],
        "upload": false,
        "user": "UJHD6A81H",
        "display_as_bot": false,
        "ts": "1601197812.060300"
    },
    {
        "client_msg_id": "e3591196-6bb7-41de-88eb-04314c980d29",
        "type": "message",
        "text": "ahora, con los valores predeterminados, puedo simplificar aún más el código fuente.  El código se vuelve mucho más claro.",
        "user": "UJHD6A81H",
        "ts": "1601197927.060800",
        "team": "TJH5YU202",
        "user_team": "TJH5YU202",
        "source_team": "TJH5YU202",
        "user_profile": {
            "avatar_hash": "g6b8073e00e9",
            "image_72": "https:\/\/secure.gravatar.com\/avatar\/b96b8073e00e9eb02bcf05bc1418eb3a.jpg?s=72&d=https%3A%2F%2Fa.slack-edge.com%2Fdf10d%2Fimg%2Favatars%2Fava_0021-72.png",
            "first_name": "Otto",
            "real_name": "Otto Atzwanger",
            "display_name": "Otto",
            "team": "TJH5YU202",
            "name": "otto",
            "is_restricted": false,
            "is_ultra_restricted": false
        },
        "blocks": [
            {
                "type": "rich_text",
                "block_id": "tM3",
                "elements": [
                    {
                        "type": "rich_text_section",
                        "elements": [
                            {
                                "type": "text",
                                "text": "ahora, con los valores predeterminados, puedo simplificar aún más el código fuente.  El código se vuelve mucho más claro."
                            }
                        ]
                    }
                ]
            }
        ]
    }
]