[
    {
        "type": "message",
        "text": "Le pregunté al administrador del grupo si podía eliminar una publicación. Funcionó.",
        "files": [
            {
                "id": "F01AKF2RY2V",
                "created": 1599461994,
                "timestamp": 1599461994,
                "name": "grafik.png",
                "title": "grafik.png",
                "mimetype": "image\/png",
                "filetype": "png",
                "pretty_type": "PNG",
                "user": "UJHD6A81H",
                "editable": false,
                "size": 12982,
                "mode": "hosted",
                "is_external": false,
                "external_type": "",
                "is_public": true,
                "public_url_shared": false,
                "display_as_bot": false,
                "username": "",
                "url_private": "https:\/\/files.slack.com\/files-pri\/TJH5YU202-F01AKF2RY2V\/grafik.png?t=xoxe-629202954002-1408710291175-1429611969940-666c705f8dd944d59ed88b8cd6be975e",
                "url_private_download": "https:\/\/files.slack.com\/files-pri\/TJH5YU202-F01AKF2RY2V\/download\/grafik.png?t=xoxe-629202954002-1408710291175-1429611969940-666c705f8dd944d59ed88b8cd6be975e",
                "thumb_64": "https:\/\/files.slack.com\/files-tmb\/TJH5YU202-F01AKF2RY2V-9acb5c7dce\/grafik_64.png?t=xoxe-629202954002-1408710291175-1429611969940-666c705f8dd944d59ed88b8cd6be975e",
                "thumb_80": "https:\/\/files.slack.com\/files-tmb\/TJH5YU202-F01AKF2RY2V-9acb5c7dce\/grafik_80.png?t=xoxe-629202954002-1408710291175-1429611969940-666c705f8dd944d59ed88b8cd6be975e",
                "thumb_360": "https:\/\/files.slack.com\/files-tmb\/TJH5YU202-F01AKF2RY2V-9acb5c7dce\/grafik_360.png?t=xoxe-629202954002-1408710291175-1429611969940-666c705f8dd944d59ed88b8cd6be975e",
                "thumb_360_w": 347,
                "thumb_360_h": 169,
                "thumb_160": "https:\/\/files.slack.com\/files-tmb\/TJH5YU202-F01AKF2RY2V-9acb5c7dce\/grafik_160.png?t=xoxe-629202954002-1408710291175-1429611969940-666c705f8dd944d59ed88b8cd6be975e",
                "original_w": 347,
                "original_h": 169,
                "thumb_tiny": "AwAXADC+RNvJVl29gR0pNs\/99PypW2qxbHP1pwfIB45HrQBGROOjIfwpcT5+9Hj6Gn7vYfnRu+n50AKM4GevfFLTd\/0\/OlByKAGvEr85IPtQqFVAyTT6KLhYbg+9OoooAKKKKAP\/2Q==",
                "permalink": "https:\/\/harbourproject.slack.com\/files\/UJHD6A81H\/F01AKF2RY2V\/grafik.png",
                "permalink_public": "https:\/\/slack-files.com\/TJH5YU202-F01AKF2RY2V-3f9864f59b",
                "is_starred": false,
                "has_rich_preview": false
            }
        ],
        "upload": false,
        "blocks": [
            {
                "type": "rich_text",
                "block_id": "IzGBl",
                "elements": [
                    {
                        "type": "rich_text_section",
                        "elements": [
                            {
                                "type": "text",
                                "text": "Le pregunté al administrador del grupo si podía eliminar una publicación. Funcionó."
                            }
                        ]
                    }
                ]
            }
        ],
        "user": "UJHD6A81H",
        "display_as_bot": false,
        "ts": "1599462002.295200"
    },
    {
        "client_msg_id": "525f1011-fccf-429d-863b-a6e49bbc2807",
        "type": "message",
        "text": "Hola buen dia.. alguien a usado\n<https:\/\/transferwise.com\/es>\nPara envio de dinero al extranjero y pueda compartir su experiencia..\nSaludos!!",
        "user": "UJU5KF40L",
        "ts": "1599487709.296600",
        "team": "TJH5YU202",
        "user_team": "TJH5YU202",
        "source_team": "TJH5YU202",
        "user_profile": {
            "avatar_hash": "g4ed10b5a0fa",
            "image_72": "https:\/\/secure.gravatar.com\/avatar\/7d4ed10b5a0fad78716e154511597ff9.jpg?s=72&d=https%3A%2F%2Fa.slack-edge.com%2Fdf10d%2Fimg%2Favatars%2Fava_0021-72.png",
            "first_name": "Gabriel",
            "real_name": "Gabriel Ornelas",
            "display_name": "GabO",
            "team": "TJH5YU202",
            "name": "gabrielornelasm",
            "is_restricted": false,
            "is_ultra_restricted": false
        },
        "attachments": [
            {
                "service_name": "TransferWise",
                "title": "La nueva manera inteligente de enviar dinero al extranjero",
                "title_link": "https:\/\/transferwise.com\/es",
                "text": "Los bancos te bombardean con comisiones ocultas cuando envías dinero al extranjero. Pero eso ya es un problema del pasado. Da la bienvenida a TransferWise, la nueva manera inteligente de mover tu dinero.",
                "fallback": "TransferWise: La nueva manera inteligente de enviar dinero al extranjero",
                "from_url": "https:\/\/transferwise.com\/es",
                "id": 1,
                "original_url": "https:\/\/transferwise.com\/es"
            }
        ],
        "blocks": [
            {
                "type": "rich_text",
                "block_id": "bzh",
                "elements": [
                    {
                        "type": "rich_text_section",
                        "elements": [
                            {
                                "type": "text",
                                "text": "Hola buen dia.. alguien a usado\n"
                            },
                            {
                                "type": "link",
                                "url": "https:\/\/transferwise.com\/es"
                            },
                            {
                                "type": "text",
                                "text": "\nPara envio de dinero al extranjero y pueda compartir su experiencia..\nSaludos!!"
                            }
                        ]
                    }
                ]
            }
        ]
    },
    {
        "client_msg_id": "0D62CC03-9249-47A3-B00A-C45A3A86F880",
        "type": "message",
        "text": "Ja ja ja así veo ",
        "user": "UJXP7LS78",
        "ts": "1599491034.296900",
        "team": "TJH5YU202",
        "user_team": "TJH5YU202",
        "source_team": "TJH5YU202",
        "user_profile": {
            "avatar_hash": "gc4a0baebb72",
            "image_72": "https:\/\/secure.gravatar.com\/avatar\/a1c4a0baebb720b97e5a197259dbf409.jpg?s=72&d=https%3A%2F%2Fa.slack-edge.com%2Fdf10d%2Fimg%2Favatars%2Fava_0007-72.png",
            "first_name": "",
            "real_name": "wilson gamboa",
            "display_name": "wilson gamboa",
            "team": "TJH5YU202",
            "name": "wilson.josenet",
            "is_restricted": false,
            "is_ultra_restricted": false
        },
        "blocks": [
            {
                "type": "rich_text",
                "block_id": "nne9O",
                "elements": [
                    {
                        "type": "rich_text_section",
                        "elements": [
                            {
                                "type": "text",
                                "text": "Ja ja ja así veo "
                            }
                        ]
                    }
                ]
            }
        ],
        "thread_ts": "1599319071.287200",
        "parent_user_id": "UJWR5N32S"
    },
    {
        "client_msg_id": "9c8aa9d9-ea9f-459b-b3ed-aa031c4a4726",
        "type": "message",
        "text": "Qué locura... qué reventón...",
        "user": "UJULQCHL5",
        "ts": "1599500671.297700",
        "team": "TJH5YU202",
        "user_team": "TJH5YU202",
        "source_team": "TJH5YU202",
        "user_profile": {
            "avatar_hash": "g7659142325a",
            "image_72": "https:\/\/secure.gravatar.com\/avatar\/c87659142325a3facb661d85281ec091.jpg?s=72&d=https%3A%2F%2Fa.slack-edge.com%2Fdf10d%2Fimg%2Favatars%2Fava_0003-72.png",
            "first_name": "",
            "real_name": "Paquito",
            "display_name": "Paquito",
            "team": "TJH5YU202",
            "name": "hmpaquito",
            "is_restricted": false,
            "is_ultra_restricted": false
        },
        "blocks": [
            {
                "type": "rich_text",
                "block_id": "Im\/V",
                "elements": [
                    {
                        "type": "rich_text_section",
                        "elements": [
                            {
                                "type": "text",
                                "text": "Qué locura... qué reventón..."
                            }
                        ]
                    }
                ]
            }
        ]
    },
    {
        "client_msg_id": "ddc66a9a-b9db-483a-b378-33c50facd534",
        "type": "message",
        "text": "el chat está petado...",
        "user": "UJULQCHL5",
        "ts": "1599514410.298400",
        "team": "TJH5YU202",
        "user_team": "TJH5YU202",
        "source_team": "TJH5YU202",
        "user_profile": {
            "avatar_hash": "g7659142325a",
            "image_72": "https:\/\/secure.gravatar.com\/avatar\/c87659142325a3facb661d85281ec091.jpg?s=72&d=https%3A%2F%2Fa.slack-edge.com%2Fdf10d%2Fimg%2Favatars%2Fava_0003-72.png",
            "first_name": "",
            "real_name": "Paquito",
            "display_name": "Paquito",
            "team": "TJH5YU202",
            "name": "hmpaquito",
            "is_restricted": false,
            "is_ultra_restricted": false
        },
        "blocks": [
            {
                "type": "rich_text",
                "block_id": "WRb9",
                "elements": [
                    {
                        "type": "rich_text_section",
                        "elements": [
                            {
                                "type": "text",
                                "text": "el chat está petado..."
                            }
                        ]
                    }
                ]
            }
        ]
    },
    {
        "client_msg_id": "6256ce53-7f53-4909-ada4-2b0e29f46c5d",
        "type": "message",
        "text": "Paquito, aqui estamos, comenta, que novedades tienes ?",
        "user": "UJUSD6VB2",
        "ts": "1599518360.300300",
        "team": "TJH5YU202",
        "user_team": "TJH5YU202",
        "source_team": "TJH5YU202",
        "user_profile": {
            "avatar_hash": "g1677a02d0b6",
            "image_72": "https:\/\/secure.gravatar.com\/avatar\/bb1677a02d0b69ba91eb245090c7c83a.jpg?s=72&d=https%3A%2F%2Fa.slack-edge.com%2Fdf10d%2Fimg%2Favatars%2Fava_0015-72.png",
            "first_name": "",
            "real_name": "Osvaldo Ramirez",
            "display_name": "Osvaldo Ramirez",
            "team": "TJH5YU202",
            "name": "ramirezosvaldo",
            "is_restricted": false,
            "is_ultra_restricted": false
        },
        "blocks": [
            {
                "type": "rich_text",
                "block_id": "Or\/F",
                "elements": [
                    {
                        "type": "rich_text_section",
                        "elements": [
                            {
                                "type": "text",
                                "text": "Paquito, aqui estamos, comenta, que novedades tienes ?"
                            }
                        ]
                    }
                ]
            }
        ]
    },
    {
        "client_msg_id": "04d379cf-9346-493e-9d48-dd9e530f7282",
        "type": "message",
        "text": "He realizado algunos proyectos con TWeb y PHP. Cuando llegó el mod harbour tuve la idea de HARBORINO.\nAsí que dejé de seguir AUTOCODE.\nPero creo que ahora que MERCURY está aquí, sería una buena idea.",
        "user": "UJHD6A81H",
        "ts": "1599545224.302000",
        "team": "TJH5YU202",
        "user_team": "TJH5YU202",
        "source_team": "TJH5YU202",
        "user_profile": {
            "avatar_hash": "g6b8073e00e9",
            "image_72": "https:\/\/secure.gravatar.com\/avatar\/b96b8073e00e9eb02bcf05bc1418eb3a.jpg?s=72&d=https%3A%2F%2Fa.slack-edge.com%2Fdf10d%2Fimg%2Favatars%2Fava_0021-72.png",
            "first_name": "Otto",
            "real_name": "Otto Atzwanger",
            "display_name": "Otto",
            "team": "TJH5YU202",
            "name": "otto",
            "is_restricted": false,
            "is_ultra_restricted": false
        },
        "edited": {
            "user": "UJHD6A81H",
            "ts": "1599545322.000000"
        },
        "blocks": [
            {
                "type": "rich_text",
                "block_id": "MrZ=",
                "elements": [
                    {
                        "type": "rich_text_section",
                        "elements": [
                            {
                                "type": "text",
                                "text": "He realizado algunos proyectos con TWeb y PHP. Cuando llegó el mod harbour tuve la idea de HARBORINO.\nAsí que dejé de seguir AUTOCODE.\nPero creo que ahora que MERCURY está aquí, sería una buena idea."
                            }
                        ]
                    }
                ]
            }
        ]
    },
    {
        "type": "message",
        "text": "",
        "files": [
            {
                "id": "F01A1PHTFJS",
                "created": 1599545276,
                "timestamp": 1599545276,
                "name": "autocode4tweb.gif",
                "title": "autocode4tweb.gif",
                "mimetype": "image\/gif",
                "filetype": "gif",
                "pretty_type": "GIF",
                "user": "UJHD6A81H",
                "editable": false,
                "size": 1144416,
                "mode": "hosted",
                "is_external": false,
                "external_type": "",
                "is_public": true,
                "public_url_shared": false,
                "display_as_bot": false,
                "username": "",
                "url_private": "https:\/\/files.slack.com\/files-pri\/TJH5YU202-F01A1PHTFJS\/autocode4tweb.gif?t=xoxe-629202954002-1408710291175-1429611969940-666c705f8dd944d59ed88b8cd6be975e",
                "url_private_download": "https:\/\/files.slack.com\/files-pri\/TJH5YU202-F01A1PHTFJS\/download\/autocode4tweb.gif?t=xoxe-629202954002-1408710291175-1429611969940-666c705f8dd944d59ed88b8cd6be975e",
                "thumb_64": "https:\/\/files.slack.com\/files-tmb\/TJH5YU202-F01A1PHTFJS-cc8e831faf\/autocode4tweb_64.png?t=xoxe-629202954002-1408710291175-1429611969940-666c705f8dd944d59ed88b8cd6be975e",
                "thumb_80": "https:\/\/files.slack.com\/files-tmb\/TJH5YU202-F01A1PHTFJS-cc8e831faf\/autocode4tweb_80.png?t=xoxe-629202954002-1408710291175-1429611969940-666c705f8dd944d59ed88b8cd6be975e",
                "thumb_360": "https:\/\/files.slack.com\/files-tmb\/TJH5YU202-F01A1PHTFJS-cc8e831faf\/autocode4tweb_360.png?t=xoxe-629202954002-1408710291175-1429611969940-666c705f8dd944d59ed88b8cd6be975e",
                "thumb_360_w": 360,
                "thumb_360_h": 273,
                "thumb_480": "https:\/\/files.slack.com\/files-tmb\/TJH5YU202-F01A1PHTFJS-cc8e831faf\/autocode4tweb_480.png?t=xoxe-629202954002-1408710291175-1429611969940-666c705f8dd944d59ed88b8cd6be975e",
                "thumb_480_w": 480,
                "thumb_480_h": 364,
                "thumb_160": "https:\/\/files.slack.com\/files-tmb\/TJH5YU202-F01A1PHTFJS-cc8e831faf\/autocode4tweb_160.png?t=xoxe-629202954002-1408710291175-1429611969940-666c705f8dd944d59ed88b8cd6be975e",
                "thumb_720": "https:\/\/files.slack.com\/files-tmb\/TJH5YU202-F01A1PHTFJS-cc8e831faf\/autocode4tweb_720.png?t=xoxe-629202954002-1408710291175-1429611969940-666c705f8dd944d59ed88b8cd6be975e",
                "thumb_720_w": 720,
                "thumb_720_h": 546,
                "thumb_800": "https:\/\/files.slack.com\/files-tmb\/TJH5YU202-F01A1PHTFJS-cc8e831faf\/autocode4tweb_800.png?t=xoxe-629202954002-1408710291175-1429611969940-666c705f8dd944d59ed88b8cd6be975e",
                "thumb_800_w": 800,
                "thumb_800_h": 607,
                "thumb_960": "https:\/\/files.slack.com\/files-tmb\/TJH5YU202-F01A1PHTFJS-cc8e831faf\/autocode4tweb_960.png?t=xoxe-629202954002-1408710291175-1429611969940-666c705f8dd944d59ed88b8cd6be975e",
                "thumb_960_w": 960,
                "thumb_960_h": 728,
                "thumb_1024": "https:\/\/files.slack.com\/files-tmb\/TJH5YU202-F01A1PHTFJS-cc8e831faf\/autocode4tweb_1024.png?t=xoxe-629202954002-1408710291175-1429611969940-666c705f8dd944d59ed88b8cd6be975e",
                "thumb_1024_w": 1024,
                "thumb_1024_h": 777,
                "thumb_360_gif": "https:\/\/files.slack.com\/files-tmb\/TJH5YU202-F01A1PHTFJS-cc8e831faf\/autocode4tweb_360.gif?t=xoxe-629202954002-1408710291175-1429611969940-666c705f8dd944d59ed88b8cd6be975e",
                "thumb_480_gif": "https:\/\/files.slack.com\/files-tmb\/TJH5YU202-F01A1PHTFJS-cc8e831faf\/autocode4tweb_480.gif?t=xoxe-629202954002-1408710291175-1429611969940-666c705f8dd944d59ed88b8cd6be975e",
                "original_w": 1065,
                "original_h": 808,
                "deanimate_gif": "https:\/\/files.slack.com\/files-tmb\/TJH5YU202-F01A1PHTFJS-cc8e831faf\/autocode4tweb_deanimate_gif.png?t=xoxe-629202954002-1408710291175-1429611969940-666c705f8dd944d59ed88b8cd6be975e",
                "thumb_tiny": "AwAkADC6V+XIjX8TSbSf+WSf99f\/AFqlXlBQBTuKyIth\/wCeSf8AfX\/1qNh\/54p\/31\/9apgMUHOKLhZEH\/bJPz\/+tS8njyk\/P\/61TUpouFhin5RS8e1CfdFLgUhhkUZFLRQAnFHFLRQBH\/CPpS4zik\/hH0pR2oBDsUtFFABRRRQB\/9k=",
                "permalink": "https:\/\/harbourproject.slack.com\/files\/UJHD6A81H\/F01A1PHTFJS\/autocode4tweb.gif",
                "permalink_public": "https:\/\/slack-files.com\/TJH5YU202-F01A1PHTFJS-27697c7968",
                "is_starred": false,
                "has_rich_preview": false
            }
        ],
        "upload": false,
        "user": "UJHD6A81H",
        "display_as_bot": false,
        "ts": "1599545281.302100"
    },
    {
        "type": "message",
        "text": "",
        "files": [
            {
                "id": "F01A8FLQ3RQ",
                "created": 1599545288,
                "timestamp": 1599545288,
                "name": "autocode4twebhelp.gif",
                "title": "autocode4twebhelp.gif",
                "mimetype": "image\/gif",
                "filetype": "gif",
                "pretty_type": "GIF",
                "user": "UJHD6A81H",
                "editable": false,
                "size": 866509,
                "mode": "hosted",
                "is_external": false,
                "external_type": "",
                "is_public": true,
                "public_url_shared": false,
                "display_as_bot": false,
                "username": "",
                "url_private": "https:\/\/files.slack.com\/files-pri\/TJH5YU202-F01A8FLQ3RQ\/autocode4twebhelp.gif?t=xoxe-629202954002-1408710291175-1429611969940-666c705f8dd944d59ed88b8cd6be975e",
                "url_private_download": "https:\/\/files.slack.com\/files-pri\/TJH5YU202-F01A8FLQ3RQ\/download\/autocode4twebhelp.gif?t=xoxe-629202954002-1408710291175-1429611969940-666c705f8dd944d59ed88b8cd6be975e",
                "thumb_64": "https:\/\/files.slack.com\/files-tmb\/TJH5YU202-F01A8FLQ3RQ-d433a343ce\/autocode4twebhelp_64.png?t=xoxe-629202954002-1408710291175-1429611969940-666c705f8dd944d59ed88b8cd6be975e",
                "thumb_80": "https:\/\/files.slack.com\/files-tmb\/TJH5YU202-F01A8FLQ3RQ-d433a343ce\/autocode4twebhelp_80.png?t=xoxe-629202954002-1408710291175-1429611969940-666c705f8dd944d59ed88b8cd6be975e",
                "thumb_360": "https:\/\/files.slack.com\/files-tmb\/TJH5YU202-F01A8FLQ3RQ-d433a343ce\/autocode4twebhelp_360.png?t=xoxe-629202954002-1408710291175-1429611969940-666c705f8dd944d59ed88b8cd6be975e",
                "thumb_360_w": 360,
                "thumb_360_h": 273,
                "thumb_480": "https:\/\/files.slack.com\/files-tmb\/TJH5YU202-F01A8FLQ3RQ-d433a343ce\/autocode4twebhelp_480.png?t=xoxe-629202954002-1408710291175-1429611969940-666c705f8dd944d59ed88b8cd6be975e",
                "thumb_480_w": 480,
                "thumb_480_h": 364,
                "thumb_160": "https:\/\/files.slack.com\/files-tmb\/TJH5YU202-F01A8FLQ3RQ-d433a343ce\/autocode4twebhelp_160.png?t=xoxe-629202954002-1408710291175-1429611969940-666c705f8dd944d59ed88b8cd6be975e",
                "thumb_720": "https:\/\/files.slack.com\/files-tmb\/TJH5YU202-F01A8FLQ3RQ-d433a343ce\/autocode4twebhelp_720.png?t=xoxe-629202954002-1408710291175-1429611969940-666c705f8dd944d59ed88b8cd6be975e",
                "thumb_720_w": 720,
                "thumb_720_h": 546,
                "thumb_800": "https:\/\/files.slack.com\/files-tmb\/TJH5YU202-F01A8FLQ3RQ-d433a343ce\/autocode4twebhelp_800.png?t=xoxe-629202954002-1408710291175-1429611969940-666c705f8dd944d59ed88b8cd6be975e",
                "thumb_800_w": 800,
                "thumb_800_h": 607,
                "thumb_960": "https:\/\/files.slack.com\/files-tmb\/TJH5YU202-F01A8FLQ3RQ-d433a343ce\/autocode4twebhelp_960.png?t=xoxe-629202954002-1408710291175-1429611969940-666c705f8dd944d59ed88b8cd6be975e",
                "thumb_960_w": 960,
                "thumb_960_h": 728,
                "thumb_1024": "https:\/\/files.slack.com\/files-tmb\/TJH5YU202-F01A8FLQ3RQ-d433a343ce\/autocode4twebhelp_1024.png?t=xoxe-629202954002-1408710291175-1429611969940-666c705f8dd944d59ed88b8cd6be975e",
                "thumb_1024_w": 1024,
                "thumb_1024_h": 777,
                "thumb_360_gif": "https:\/\/files.slack.com\/files-tmb\/TJH5YU202-F01A8FLQ3RQ-d433a343ce\/autocode4twebhelp_360.gif?t=xoxe-629202954002-1408710291175-1429611969940-666c705f8dd944d59ed88b8cd6be975e",
                "thumb_480_gif": "https:\/\/files.slack.com\/files-tmb\/TJH5YU202-F01A8FLQ3RQ-d433a343ce\/autocode4twebhelp_480.gif?t=xoxe-629202954002-1408710291175-1429611969940-666c705f8dd944d59ed88b8cd6be975e",
                "original_w": 1065,
                "original_h": 808,
                "deanimate_gif": "https:\/\/files.slack.com\/files-tmb\/TJH5YU202-F01A8FLQ3RQ-d433a343ce\/autocode4twebhelp_deanimate_gif.png?t=xoxe-629202954002-1408710291175-1429611969940-666c705f8dd944d59ed88b8cd6be975e",
                "thumb_tiny": "AwAkADC8QcfKi\/iaMP8A881\/76\/+tThkdKXLUAR7X\/55p\/31\/wDWoIbuij3BqXmgjIoAiEZzyGHvxS7Cp+UBv944xUnPpRzmmKwg6ClpBnbwP1o59P1pDFzRmkGfQfnRz6D86AHUUnPoPzo5oAT+Gg0fw0hpgOpabTqQBRRRQB\/\/2Q==",
                "permalink": "https:\/\/harbourproject.slack.com\/files\/UJHD6A81H\/F01A8FLQ3RQ\/autocode4twebhelp.gif",
                "permalink_public": "https:\/\/slack-files.com\/TJH5YU202-F01A8FLQ3RQ-2eab728014",
                "is_starred": false,
                "has_rich_preview": false
            }
        ],
        "upload": false,
        "user": "UJHD6A81H",
        "display_as_bot": false,
        "ts": "1599545291.302400"
    }
]