[
    {
        "client_msg_id": "6487dd1e-40c7-409f-8a58-edcce6dfce30",
        "type": "message",
        "text": "Y donde no hay internet hoy en dia ? :slightly_smiling_face:",
        "user": "UJN8D8U3B",
        "ts": "1598187389.028300",
        "team": "TJH5YU202",
        "user_team": "TJH5YU202",
        "source_team": "TJH5YU202",
        "user_profile": {
            "avatar_hash": "g92ad2abcc45",
            "image_72": "https:\/\/secure.gravatar.com\/avatar\/8492ad2abcc45ce53969adcf8420acde.jpg?s=72&d=https%3A%2F%2Fa.slack-edge.com%2Fdf10d%2Fimg%2Favatars%2Fava_0008-72.png",
            "first_name": "",
            "real_name": "Antonio Linares",
            "display_name": "Antonio Linares",
            "team": "TJH5YU202",
            "name": "alinares",
            "is_restricted": false,
            "is_ultra_restricted": false
        },
        "blocks": [
            {
                "type": "rich_text",
                "block_id": "7JRi",
                "elements": [
                    {
                        "type": "rich_text_section",
                        "elements": [
                            {
                                "type": "text",
                                "text": "Y donde no hay internet hoy en dia ? "
                            },
                            {
                                "type": "emoji",
                                "name": "slightly_smiling_face"
                            }
                        ]
                    }
                ]
            }
        ]
    },
    {
        "client_msg_id": "345229e8-62c6-49aa-befc-ad6166602e02",
        "type": "message",
        "text": "todo el mundo lleva un telefono con internet encima",
        "user": "UJN8D8U3B",
        "ts": "1598187413.028600",
        "team": "TJH5YU202",
        "user_team": "TJH5YU202",
        "source_team": "TJH5YU202",
        "user_profile": {
            "avatar_hash": "g92ad2abcc45",
            "image_72": "https:\/\/secure.gravatar.com\/avatar\/8492ad2abcc45ce53969adcf8420acde.jpg?s=72&d=https%3A%2F%2Fa.slack-edge.com%2Fdf10d%2Fimg%2Favatars%2Fava_0008-72.png",
            "first_name": "",
            "real_name": "Antonio Linares",
            "display_name": "Antonio Linares",
            "team": "TJH5YU202",
            "name": "alinares",
            "is_restricted": false,
            "is_ultra_restricted": false
        },
        "blocks": [
            {
                "type": "rich_text",
                "block_id": "fNuzn",
                "elements": [
                    {
                        "type": "rich_text_section",
                        "elements": [
                            {
                                "type": "text",
                                "text": "todo el mundo lleva un telefono con internet encima"
                            }
                        ]
                    }
                ]
            }
        ]
    },
    {
        "client_msg_id": "39ab7bda-ed90-4fb1-bad4-a3670fb32328",
        "type": "message",
        "text": "Estamos todos enganchados a los moviles :smile:",
        "user": "UJN8D8U3B",
        "ts": "1598187466.028900",
        "team": "TJH5YU202",
        "user_team": "TJH5YU202",
        "source_team": "TJH5YU202",
        "user_profile": {
            "avatar_hash": "g92ad2abcc45",
            "image_72": "https:\/\/secure.gravatar.com\/avatar\/8492ad2abcc45ce53969adcf8420acde.jpg?s=72&d=https%3A%2F%2Fa.slack-edge.com%2Fdf10d%2Fimg%2Favatars%2Fava_0008-72.png",
            "first_name": "",
            "real_name": "Antonio Linares",
            "display_name": "Antonio Linares",
            "team": "TJH5YU202",
            "name": "alinares",
            "is_restricted": false,
            "is_ultra_restricted": false
        },
        "blocks": [
            {
                "type": "rich_text",
                "block_id": "Afu",
                "elements": [
                    {
                        "type": "rich_text_section",
                        "elements": [
                            {
                                "type": "text",
                                "text": "Estamos todos enganchados a los moviles "
                            },
                            {
                                "type": "emoji",
                                "name": "smile"
                            }
                        ]
                    }
                ]
            }
        ]
    },
    {
        "client_msg_id": "daffa579-5158-4549-ae1b-2cf81b6ad5ce",
        "type": "message",
        "text": "esa es la realidad",
        "user": "UJN8D8U3B",
        "ts": "1598187490.029100",
        "team": "TJH5YU202",
        "user_team": "TJH5YU202",
        "source_team": "TJH5YU202",
        "user_profile": {
            "avatar_hash": "g92ad2abcc45",
            "image_72": "https:\/\/secure.gravatar.com\/avatar\/8492ad2abcc45ce53969adcf8420acde.jpg?s=72&d=https%3A%2F%2Fa.slack-edge.com%2Fdf10d%2Fimg%2Favatars%2Fava_0008-72.png",
            "first_name": "",
            "real_name": "Antonio Linares",
            "display_name": "Antonio Linares",
            "team": "TJH5YU202",
            "name": "alinares",
            "is_restricted": false,
            "is_ultra_restricted": false
        },
        "blocks": [
            {
                "type": "rich_text",
                "block_id": "qK3K",
                "elements": [
                    {
                        "type": "rich_text_section",
                        "elements": [
                            {
                                "type": "text",
                                "text": "esa es la realidad"
                            }
                        ]
                    }
                ]
            }
        ]
    },
    {
        "client_msg_id": "d352fd21-6171-4e96-b398-8f0cfbfff97c",
        "type": "message",
        "text": "Venezuela. La electricidad y la telefonía sufren cortes a diario.",
        "user": "UM81W8B0Q",
        "ts": "1598187805.029600",
        "team": "TJH5YU202",
        "user_team": "TJH5YU202",
        "source_team": "TJH5YU202",
        "user_profile": {
            "avatar_hash": "gab9279ee8c0",
            "image_72": "https:\/\/secure.gravatar.com\/avatar\/73ab9279ee8c00f66ce4904d30146c8f.jpg?s=72&d=https%3A%2F%2Fa.slack-edge.com%2Fdf10d%2Fimg%2Favatars%2Fava_0010-72.png",
            "first_name": "",
            "real_name": "Angel Pais",
            "display_name": "Angel Pais",
            "team": "TJH5YU202",
            "name": "amigosam",
            "is_restricted": false,
            "is_ultra_restricted": false
        },
        "blocks": [
            {
                "type": "rich_text",
                "block_id": "vTMw",
                "elements": [
                    {
                        "type": "rich_text_section",
                        "elements": [
                            {
                                "type": "text",
                                "text": "Venezuela. La electricidad y la telefonía sufren cortes a diario."
                            }
                        ]
                    }
                ]
            }
        ]
    },
    {
        "client_msg_id": "4417853d-d27b-4136-bdf2-724edfc457f6",
        "type": "message",
        "text": "Viajeros\/vendedores en locaciones remotas donde la recepción es nula o muy baja.",
        "user": "UM81W8B0Q",
        "ts": "1598187852.030200",
        "team": "TJH5YU202",
        "user_team": "TJH5YU202",
        "source_team": "TJH5YU202",
        "user_profile": {
            "avatar_hash": "gab9279ee8c0",
            "image_72": "https:\/\/secure.gravatar.com\/avatar\/73ab9279ee8c00f66ce4904d30146c8f.jpg?s=72&d=https%3A%2F%2Fa.slack-edge.com%2Fdf10d%2Fimg%2Favatars%2Fava_0010-72.png",
            "first_name": "",
            "real_name": "Angel Pais",
            "display_name": "Angel Pais",
            "team": "TJH5YU202",
            "name": "amigosam",
            "is_restricted": false,
            "is_ultra_restricted": false
        },
        "edited": {
            "user": "UM81W8B0Q",
            "ts": "1598187883.000000"
        },
        "blocks": [
            {
                "type": "rich_text",
                "block_id": "HqB",
                "elements": [
                    {
                        "type": "rich_text_section",
                        "elements": [
                            {
                                "type": "text",
                                "text": "Viajeros\/vendedores en locaciones remotas donde la recepción es nula o muy baja."
                            }
                        ]
                    }
                ]
            }
        ]
    },
    {
        "client_msg_id": "2582a03c-f39f-4d9e-a98f-5ec55cad97de",
        "type": "message",
        "text": "Idem estando dentro de grandes naves industriales.",
        "user": "UM81W8B0Q",
        "ts": "1598187872.030600",
        "team": "TJH5YU202",
        "user_team": "TJH5YU202",
        "source_team": "TJH5YU202",
        "user_profile": {
            "avatar_hash": "gab9279ee8c0",
            "image_72": "https:\/\/secure.gravatar.com\/avatar\/73ab9279ee8c00f66ce4904d30146c8f.jpg?s=72&d=https%3A%2F%2Fa.slack-edge.com%2Fdf10d%2Fimg%2Favatars%2Fava_0010-72.png",
            "first_name": "",
            "real_name": "Angel Pais",
            "display_name": "Angel Pais",
            "team": "TJH5YU202",
            "name": "amigosam",
            "is_restricted": false,
            "is_ultra_restricted": false
        },
        "blocks": [
            {
                "type": "rich_text",
                "block_id": "S2dv",
                "elements": [
                    {
                        "type": "rich_text_section",
                        "elements": [
                            {
                                "type": "text",
                                "text": "Idem estando dentro de grandes naves industriales."
                            }
                        ]
                    }
                ]
            }
        ]
    },
    {
        "client_msg_id": "a612bc1c-1373-4351-9e87-337c06a9444d",
        "type": "message",
        "text": "Nunca hay que dar nada por sentado. Aún en el mundo hay cientos de millones sin agua potable.",
        "user": "UM81W8B0Q",
        "ts": "1598187966.031600",
        "team": "TJH5YU202",
        "user_team": "TJH5YU202",
        "source_team": "TJH5YU202",
        "user_profile": {
            "avatar_hash": "gab9279ee8c0",
            "image_72": "https:\/\/secure.gravatar.com\/avatar\/73ab9279ee8c00f66ce4904d30146c8f.jpg?s=72&d=https%3A%2F%2Fa.slack-edge.com%2Fdf10d%2Fimg%2Favatars%2Fava_0010-72.png",
            "first_name": "",
            "real_name": "Angel Pais",
            "display_name": "Angel Pais",
            "team": "TJH5YU202",
            "name": "amigosam",
            "is_restricted": false,
            "is_ultra_restricted": false
        },
        "blocks": [
            {
                "type": "rich_text",
                "block_id": "dQUAl",
                "elements": [
                    {
                        "type": "rich_text_section",
                        "elements": [
                            {
                                "type": "text",
                                "text": "Nunca hay que dar nada por sentado. Aún en el mundo hay cientos de millones sin agua potable."
                            }
                        ]
                    }
                ]
            }
        ]
    },
    {
        "client_msg_id": "abd2f355-c7f3-4083-a4f9-f651f5a89091",
        "type": "message",
        "text": "Y en la luna no hay árboles...",
        "user": "UJN8D8U3B",
        "ts": "1598188321.032000",
        "team": "TJH5YU202",
        "user_team": "TJH5YU202",
        "source_team": "TJH5YU202",
        "user_profile": {
            "avatar_hash": "g92ad2abcc45",
            "image_72": "https:\/\/secure.gravatar.com\/avatar\/8492ad2abcc45ce53969adcf8420acde.jpg?s=72&d=https%3A%2F%2Fa.slack-edge.com%2Fdf10d%2Fimg%2Favatars%2Fava_0008-72.png",
            "first_name": "",
            "real_name": "Antonio Linares",
            "display_name": "Antonio Linares",
            "team": "TJH5YU202",
            "name": "alinares",
            "is_restricted": false,
            "is_ultra_restricted": false
        },
        "blocks": [
            {
                "type": "rich_text",
                "block_id": "xtf",
                "elements": [
                    {
                        "type": "rich_text_section",
                        "elements": [
                            {
                                "type": "text",
                                "text": "Y en la luna no hay árboles..."
                            }
                        ]
                    }
                ]
            }
        ]
    },
    {
        "client_msg_id": "5156a372-34e1-4e89-8b45-744d0c91f79f",
        "type": "message",
        "text": "la excepción confirma la regla",
        "user": "UJN8D8U3B",
        "ts": "1598188352.032300",
        "team": "TJH5YU202",
        "user_team": "TJH5YU202",
        "source_team": "TJH5YU202",
        "user_profile": {
            "avatar_hash": "g92ad2abcc45",
            "image_72": "https:\/\/secure.gravatar.com\/avatar\/8492ad2abcc45ce53969adcf8420acde.jpg?s=72&d=https%3A%2F%2Fa.slack-edge.com%2Fdf10d%2Fimg%2Favatars%2Fava_0008-72.png",
            "first_name": "",
            "real_name": "Antonio Linares",
            "display_name": "Antonio Linares",
            "team": "TJH5YU202",
            "name": "alinares",
            "is_restricted": false,
            "is_ultra_restricted": false
        },
        "blocks": [
            {
                "type": "rich_text",
                "block_id": "D1Ytx",
                "elements": [
                    {
                        "type": "rich_text_section",
                        "elements": [
                            {
                                "type": "text",
                                "text": "la excepción confirma la regla"
                            }
                        ]
                    }
                ]
            }
        ]
    },
    {
        "client_msg_id": "65760bc9-e35d-40ee-9e09-080edfd00e55",
        "type": "message",
        "text": "todo el mundo quiere un movil con internet. todos",
        "user": "UJN8D8U3B",
        "ts": "1598188472.032800",
        "team": "TJH5YU202",
        "user_team": "TJH5YU202",
        "source_team": "TJH5YU202",
        "user_profile": {
            "avatar_hash": "g92ad2abcc45",
            "image_72": "https:\/\/secure.gravatar.com\/avatar\/8492ad2abcc45ce53969adcf8420acde.jpg?s=72&d=https%3A%2F%2Fa.slack-edge.com%2Fdf10d%2Fimg%2Favatars%2Fava_0008-72.png",
            "first_name": "",
            "real_name": "Antonio Linares",
            "display_name": "Antonio Linares",
            "team": "TJH5YU202",
            "name": "alinares",
            "is_restricted": false,
            "is_ultra_restricted": false
        },
        "blocks": [
            {
                "type": "rich_text",
                "block_id": "OTn",
                "elements": [
                    {
                        "type": "rich_text_section",
                        "elements": [
                            {
                                "type": "text",
                                "text": "todo el mundo quiere un movil con internet. todos"
                            }
                        ]
                    }
                ]
            }
        ],
        "thread_ts": "1598188472.032800",
        "reply_count": 1,
        "reply_users_count": 1,
        "latest_reply": "1598194443.060300",
        "reply_users": [
            "UJULQCHL5"
        ],
        "replies": [
            {
                "user": "UJULQCHL5",
                "ts": "1598194443.060300"
            }
        ],
        "subscribed": false
    },
    {
        "client_msg_id": "0d21587d-a6e0-48b8-8fa0-002ff912fd80",
        "type": "message",
        "text": "\"la excepción confirma la regla\" es una expresión estúpida: si una regla es universalmente aplicable, no puede haber excepciones",
        "user": "UNAHBRTFA",
        "ts": "1598188646.033400",
        "team": "TJH5YU202",
        "user_team": "TJH5YU202",
        "source_team": "TJH5YU202",
        "user_profile": {
            "avatar_hash": "g3d2a3f4c28c",
            "image_72": "https:\/\/secure.gravatar.com\/avatar\/23d2a3f4c28cebb4cf07e48d02620517.jpg?s=72&d=https%3A%2F%2Fa.slack-edge.com%2Fdf10d%2Fimg%2Favatars%2Fava_0020-72.png",
            "first_name": "Andreu",
            "real_name": "Andreu Botella",
            "display_name": "Andreu Botella",
            "team": "TJH5YU202",
            "name": "andreu.132",
            "is_restricted": false,
            "is_ultra_restricted": false
        },
        "blocks": [
            {
                "type": "rich_text",
                "block_id": "emYxV",
                "elements": [
                    {
                        "type": "rich_text_section",
                        "elements": [
                            {
                                "type": "text",
                                "text": "\"la excepción confirma la regla\" es una expresión estúpida: si una regla es universalmente aplicable, no puede haber excepciones"
                            }
                        ]
                    }
                ]
            }
        ]
    },
    {
        "client_msg_id": "a7005b91-269f-4678-b49f-65213bba03d4",
        "type": "message",
        "text": "ahora bien, si la regla no es universalmente aplicable, las excepciones pueden poner la regla de manifiesto",
        "user": "UNAHBRTFA",
        "ts": "1598188663.033900",
        "team": "TJH5YU202",
        "user_team": "TJH5YU202",
        "source_team": "TJH5YU202",
        "user_profile": {
            "avatar_hash": "g3d2a3f4c28c",
            "image_72": "https:\/\/secure.gravatar.com\/avatar\/23d2a3f4c28cebb4cf07e48d02620517.jpg?s=72&d=https%3A%2F%2Fa.slack-edge.com%2Fdf10d%2Fimg%2Favatars%2Fava_0020-72.png",
            "first_name": "Andreu",
            "real_name": "Andreu Botella",
            "display_name": "Andreu Botella",
            "team": "TJH5YU202",
            "name": "andreu.132",
            "is_restricted": false,
            "is_ultra_restricted": false
        },
        "blocks": [
            {
                "type": "rich_text",
                "block_id": "yBk",
                "elements": [
                    {
                        "type": "rich_text_section",
                        "elements": [
                            {
                                "type": "text",
                                "text": "ahora bien, si la regla no es universalmente aplicable, las excepciones pueden poner la regla de manifiesto"
                            }
                        ]
                    }
                ]
            }
        ]
    },
    {
        "client_msg_id": "26ead936-158d-40ba-8212-434f244e71cb",
        "type": "message",
        "text": "pero no la \"confirman\"",
        "user": "UNAHBRTFA",
        "ts": "1598188675.034200",
        "team": "TJH5YU202",
        "user_team": "TJH5YU202",
        "source_team": "TJH5YU202",
        "user_profile": {
            "avatar_hash": "g3d2a3f4c28c",
            "image_72": "https:\/\/secure.gravatar.com\/avatar\/23d2a3f4c28cebb4cf07e48d02620517.jpg?s=72&d=https%3A%2F%2Fa.slack-edge.com%2Fdf10d%2Fimg%2Favatars%2Fava_0020-72.png",
            "first_name": "Andreu",
            "real_name": "Andreu Botella",
            "display_name": "Andreu Botella",
            "team": "TJH5YU202",
            "name": "andreu.132",
            "is_restricted": false,
            "is_ultra_restricted": false
        },
        "blocks": [
            {
                "type": "rich_text",
                "block_id": "V7Q",
                "elements": [
                    {
                        "type": "rich_text_section",
                        "elements": [
                            {
                                "type": "text",
                                "text": "pero no la \"confirman\""
                            }
                        ]
                    }
                ]
            }
        ]
    },
    {
        "client_msg_id": "778c4e38-a6c3-419b-b15d-cb3c064e8920",
        "type": "message",
        "text": "Es estúpido hablar de estupideces",
        "user": "UJN8D8U3B",
        "ts": "1598188779.034700",
        "team": "TJH5YU202",
        "user_team": "TJH5YU202",
        "source_team": "TJH5YU202",
        "user_profile": {
            "avatar_hash": "g92ad2abcc45",
            "image_72": "https:\/\/secure.gravatar.com\/avatar\/8492ad2abcc45ce53969adcf8420acde.jpg?s=72&d=https%3A%2F%2Fa.slack-edge.com%2Fdf10d%2Fimg%2Favatars%2Fava_0008-72.png",
            "first_name": "",
            "real_name": "Antonio Linares",
            "display_name": "Antonio Linares",
            "team": "TJH5YU202",
            "name": "alinares",
            "is_restricted": false,
            "is_ultra_restricted": false
        },
        "blocks": [
            {
                "type": "rich_text",
                "block_id": "Q3ero",
                "elements": [
                    {
                        "type": "rich_text_section",
                        "elements": [
                            {
                                "type": "text",
                                "text": "Es estúpido hablar de estupideces"
                            }
                        ]
                    }
                ]
            }
        ],
        "reactions": [
            {
                "name": "joy",
                "users": [
                    "UJULQCHL5"
                ],
                "count": 1
            }
        ]
    },
    {
        "client_msg_id": "b7d614e4-2b86-4d96-a044-28f136eb4edc",
        "type": "message",
        "text": "Lo cual nos hace a ambos estúpidos",
        "user": "UJN8D8U3B",
        "ts": "1598188797.035200",
        "team": "TJH5YU202",
        "user_team": "TJH5YU202",
        "source_team": "TJH5YU202",
        "user_profile": {
            "avatar_hash": "g92ad2abcc45",
            "image_72": "https:\/\/secure.gravatar.com\/avatar\/8492ad2abcc45ce53969adcf8420acde.jpg?s=72&d=https%3A%2F%2Fa.slack-edge.com%2Fdf10d%2Fimg%2Favatars%2Fava_0008-72.png",
            "first_name": "",
            "real_name": "Antonio Linares",
            "display_name": "Antonio Linares",
            "team": "TJH5YU202",
            "name": "alinares",
            "is_restricted": false,
            "is_ultra_restricted": false
        },
        "blocks": [
            {
                "type": "rich_text",
                "block_id": "5VW",
                "elements": [
                    {
                        "type": "rich_text_section",
                        "elements": [
                            {
                                "type": "text",
                                "text": "Lo cual nos hace a ambos estúpidos"
                            }
                        ]
                    }
                ]
            }
        ]
    },
    {
        "client_msg_id": "bf2e288b-d6d1-418a-ba00-81c34ded177a",
        "type": "message",
        "text": "Has probado el openai gpt3 ?",
        "user": "UJN8D8U3B",
        "ts": "1598188848.035800",
        "team": "TJH5YU202",
        "user_team": "TJH5YU202",
        "source_team": "TJH5YU202",
        "user_profile": {
            "avatar_hash": "g92ad2abcc45",
            "image_72": "https:\/\/secure.gravatar.com\/avatar\/8492ad2abcc45ce53969adcf8420acde.jpg?s=72&d=https%3A%2F%2Fa.slack-edge.com%2Fdf10d%2Fimg%2Favatars%2Fava_0008-72.png",
            "first_name": "",
            "real_name": "Antonio Linares",
            "display_name": "Antonio Linares",
            "team": "TJH5YU202",
            "name": "alinares",
            "is_restricted": false,
            "is_ultra_restricted": false
        },
        "blocks": [
            {
                "type": "rich_text",
                "block_id": "TwINW",
                "elements": [
                    {
                        "type": "rich_text_section",
                        "elements": [
                            {
                                "type": "text",
                                "text": "Has probado el openai gpt3 ?"
                            }
                        ]
                    }
                ]
            }
        ]
    },
    {
        "client_msg_id": "59731dc2-1e80-40e3-bbda-cfea75b8aaa5",
        "type": "message",
        "text": "quizá debí decir \"ridículo\" en vez de \"estúpido\"",
        "user": "UNAHBRTFA",
        "ts": "1598188930.036100",
        "team": "TJH5YU202",
        "user_team": "TJH5YU202",
        "source_team": "TJH5YU202",
        "user_profile": {
            "avatar_hash": "g3d2a3f4c28c",
            "image_72": "https:\/\/secure.gravatar.com\/avatar\/23d2a3f4c28cebb4cf07e48d02620517.jpg?s=72&d=https%3A%2F%2Fa.slack-edge.com%2Fdf10d%2Fimg%2Favatars%2Fava_0020-72.png",
            "first_name": "Andreu",
            "real_name": "Andreu Botella",
            "display_name": "Andreu Botella",
            "team": "TJH5YU202",
            "name": "andreu.132",
            "is_restricted": false,
            "is_ultra_restricted": false
        },
        "blocks": [
            {
                "type": "rich_text",
                "block_id": "R5c",
                "elements": [
                    {
                        "type": "rich_text_section",
                        "elements": [
                            {
                                "type": "text",
                                "text": "quizá debí decir \"ridículo\" en vez de \"estúpido\""
                            }
                        ]
                    }
                ]
            }
        ]
    },
    {
        "client_msg_id": "5ae4d8ad-aa57-47d2-ad6e-922a0dd229c4",
        "type": "message",
        "text": "no lo he probado yo, pero he visto pruebas",
        "user": "UNAHBRTFA",
        "ts": "1598188942.036400",
        "team": "TJH5YU202",
        "user_team": "TJH5YU202",
        "source_team": "TJH5YU202",
        "user_profile": {
            "avatar_hash": "g3d2a3f4c28c",
            "image_72": "https:\/\/secure.gravatar.com\/avatar\/23d2a3f4c28cebb4cf07e48d02620517.jpg?s=72&d=https%3A%2F%2Fa.slack-edge.com%2Fdf10d%2Fimg%2Favatars%2Fava_0020-72.png",
            "first_name": "Andreu",
            "real_name": "Andreu Botella",
            "display_name": "Andreu Botella",
            "team": "TJH5YU202",
            "name": "andreu.132",
            "is_restricted": false,
            "is_ultra_restricted": false
        },
        "blocks": [
            {
                "type": "rich_text",
                "block_id": "m8X",
                "elements": [
                    {
                        "type": "rich_text_section",
                        "elements": [
                            {
                                "type": "text",
                                "text": "no lo he probado yo, pero he visto pruebas"
                            }
                        ]
                    }
                ]
            }
        ]
    },
    {
        "client_msg_id": "2099c579-f650-45f2-88bb-d9d0e04d045f",
        "type": "message",
        "text": "impresionante",
        "user": "UNAHBRTFA",
        "ts": "1598188948.036600",
        "team": "TJH5YU202",
        "user_team": "TJH5YU202",
        "source_team": "TJH5YU202",
        "user_profile": {
            "avatar_hash": "g3d2a3f4c28c",
            "image_72": "https:\/\/secure.gravatar.com\/avatar\/23d2a3f4c28cebb4cf07e48d02620517.jpg?s=72&d=https%3A%2F%2Fa.slack-edge.com%2Fdf10d%2Fimg%2Favatars%2Fava_0020-72.png",
            "first_name": "Andreu",
            "real_name": "Andreu Botella",
            "display_name": "Andreu Botella",
            "team": "TJH5YU202",
            "name": "andreu.132",
            "is_restricted": false,
            "is_ultra_restricted": false
        },
        "blocks": [
            {
                "type": "rich_text",
                "block_id": "N6WF",
                "elements": [
                    {
                        "type": "rich_text_section",
                        "elements": [
                            {
                                "type": "text",
                                "text": "impresionante"
                            }
                        ]
                    }
                ]
            }
        ]
    },
    {
        "client_msg_id": "47d12273-ca19-45c7-9d42-001cb02eba01",
        "type": "message",
        "text": "Desde el juego online AI Dungeon puedes probarlo",
        "user": "UJN8D8U3B",
        "ts": "1598190606.037400",
        "team": "TJH5YU202",
        "user_team": "TJH5YU202",
        "source_team": "TJH5YU202",
        "user_profile": {
            "avatar_hash": "g92ad2abcc45",
            "image_72": "https:\/\/secure.gravatar.com\/avatar\/8492ad2abcc45ce53969adcf8420acde.jpg?s=72&d=https%3A%2F%2Fa.slack-edge.com%2Fdf10d%2Fimg%2Favatars%2Fava_0008-72.png",
            "first_name": "",
            "real_name": "Antonio Linares",
            "display_name": "Antonio Linares",
            "team": "TJH5YU202",
            "name": "alinares",
            "is_restricted": false,
            "is_ultra_restricted": false
        },
        "blocks": [
            {
                "type": "rich_text",
                "block_id": "vhCS5",
                "elements": [
                    {
                        "type": "rich_text_section",
                        "elements": [
                            {
                                "type": "text",
                                "text": "Desde el juego online AI Dungeon puedes probarlo"
                            }
                        ]
                    }
                ]
            }
        ]
    },
    {
        "client_msg_id": "a3912b75-fc98-4cca-8d6e-09059fd6c625",
        "type": "message",
        "text": "La opción 6 te permite interactuar libremente",
        "user": "UJN8D8U3B",
        "ts": "1598190631.038200",
        "team": "TJH5YU202",
        "user_team": "TJH5YU202",
        "source_team": "TJH5YU202",
        "user_profile": {
            "avatar_hash": "g92ad2abcc45",
            "image_72": "https:\/\/secure.gravatar.com\/avatar\/8492ad2abcc45ce53969adcf8420acde.jpg?s=72&d=https%3A%2F%2Fa.slack-edge.com%2Fdf10d%2Fimg%2Favatars%2Fava_0008-72.png",
            "first_name": "",
            "real_name": "Antonio Linares",
            "display_name": "Antonio Linares",
            "team": "TJH5YU202",
            "name": "alinares",
            "is_restricted": false,
            "is_ultra_restricted": false
        },
        "blocks": [
            {
                "type": "rich_text",
                "block_id": "jFSHR",
                "elements": [
                    {
                        "type": "rich_text_section",
                        "elements": [
                            {
                                "type": "text",
                                "text": "La opción 6 te permite interactuar libremente"
                            }
                        ]
                    }
                ]
            }
        ]
    },
    {
        "client_msg_id": "d99053b7-135d-4171-9e5d-7a3d4afbb2bc",
        "type": "message",
        "text": "Tiene su parte de hype, lógica, pero es espectacular como se inventa historias",
        "user": "UJN8D8U3B",
        "ts": "1598190782.039600",
        "team": "TJH5YU202",
        "user_team": "TJH5YU202",
        "source_team": "TJH5YU202",
        "user_profile": {
            "avatar_hash": "g92ad2abcc45",
            "image_72": "https:\/\/secure.gravatar.com\/avatar\/8492ad2abcc45ce53969adcf8420acde.jpg?s=72&d=https%3A%2F%2Fa.slack-edge.com%2Fdf10d%2Fimg%2Favatars%2Fava_0008-72.png",
            "first_name": "",
            "real_name": "Antonio Linares",
            "display_name": "Antonio Linares",
            "team": "TJH5YU202",
            "name": "alinares",
            "is_restricted": false,
            "is_ultra_restricted": false
        },
        "blocks": [
            {
                "type": "rich_text",
                "block_id": "CuEs",
                "elements": [
                    {
                        "type": "rich_text_section",
                        "elements": [
                            {
                                "type": "text",
                                "text": "Tiene su parte de hype, lógica, pero es espectacular como se inventa historias"
                            }
                        ]
                    }
                ]
            }
        ]
    },
    {
        "client_msg_id": "915186f6-76a4-4996-bfd2-3a95e3466f4e",
        "type": "message",
        "text": "Le escribes dos o tres palabras y el resto lo escribe el. Perfecto para guionistas y escritores",
        "user": "UJN8D8U3B",
        "ts": "1598190867.041000",
        "team": "TJH5YU202",
        "user_team": "TJH5YU202",
        "source_team": "TJH5YU202",
        "user_profile": {
            "avatar_hash": "g92ad2abcc45",
            "image_72": "https:\/\/secure.gravatar.com\/avatar\/8492ad2abcc45ce53969adcf8420acde.jpg?s=72&d=https%3A%2F%2Fa.slack-edge.com%2Fdf10d%2Fimg%2Favatars%2Fava_0008-72.png",
            "first_name": "",
            "real_name": "Antonio Linares",
            "display_name": "Antonio Linares",
            "team": "TJH5YU202",
            "name": "alinares",
            "is_restricted": false,
            "is_ultra_restricted": false
        },
        "blocks": [
            {
                "type": "rich_text",
                "block_id": "18dmc",
                "elements": [
                    {
                        "type": "rich_text_section",
                        "elements": [
                            {
                                "type": "text",
                                "text": "Le escribes dos o tres palabras y el resto lo escribe el. Perfecto para guionistas y escritores"
                            }
                        ]
                    }
                ]
            }
        ]
    },
    {
        "client_msg_id": "F1CBEDA7-DFCD-432A-8DB6-ABB02ADABE44",
        "type": "message",
        "text": "Buen dia srs, perdi mis notas, me olvide de como recompilar harbour, tiene algun link para lograrlo? Saludos (windows\/linux\/mac)",
        "user": "UJUSD6VB2",
        "ts": "1598192527.043700",
        "team": "TJH5YU202",
        "user_team": "TJH5YU202",
        "source_team": "TJH5YU202",
        "user_profile": {
            "avatar_hash": "g1677a02d0b6",
            "image_72": "https:\/\/secure.gravatar.com\/avatar\/bb1677a02d0b69ba91eb245090c7c83a.jpg?s=72&d=https%3A%2F%2Fa.slack-edge.com%2Fdf10d%2Fimg%2Favatars%2Fava_0015-72.png",
            "first_name": "",
            "real_name": "Osvaldo Ramirez",
            "display_name": "Osvaldo Ramirez",
            "team": "TJH5YU202",
            "name": "ramirezosvaldo",
            "is_restricted": false,
            "is_ultra_restricted": false
        },
        "blocks": [
            {
                "type": "rich_text",
                "block_id": "jgIOU",
                "elements": [
                    {
                        "type": "rich_text_section",
                        "elements": [
                            {
                                "type": "text",
                                "text": "Buen dia srs, perdi mis notas, me olvide de como recompilar harbour, tiene algun link para lograrlo? Saludos (windows\/linux\/mac)"
                            }
                        ]
                    }
                ]
            }
        ]
    },
    {
        "client_msg_id": "d49be4e3-3868-419e-9c21-0e637d7b4117",
        "type": "message",
        "text": "Ve a GitHub harbour_builder y ahí mismo lo puedes descargar",
        "user": "UJN8D8U3B",
        "ts": "1598192595.044800",
        "team": "TJH5YU202",
        "user_team": "TJH5YU202",
        "source_team": "TJH5YU202",
        "user_profile": {
            "avatar_hash": "g92ad2abcc45",
            "image_72": "https:\/\/secure.gravatar.com\/avatar\/8492ad2abcc45ce53969adcf8420acde.jpg?s=72&d=https%3A%2F%2Fa.slack-edge.com%2Fdf10d%2Fimg%2Favatars%2Fava_0008-72.png",
            "first_name": "",
            "real_name": "Antonio Linares",
            "display_name": "Antonio Linares",
            "team": "TJH5YU202",
            "name": "alinares",
            "is_restricted": false,
            "is_ultra_restricted": false
        },
        "blocks": [
            {
                "type": "rich_text",
                "block_id": "=7nmJ",
                "elements": [
                    {
                        "type": "rich_text_section",
                        "elements": [
                            {
                                "type": "text",
                                "text": "Ve a GitHub harbour_builder y ahí mismo lo puedes descargar"
                            }
                        ]
                    }
                ]
            }
        ]
    },
    {
        "client_msg_id": "f15891e6-01ae-455c-ad2d-97f48ff437d3",
        "type": "message",
        "text": "De hecho si haces un fork del repo te lo construye solo desde la opción actions",
        "user": "UJN8D8U3B",
        "ts": "1598192651.046100",
        "team": "TJH5YU202",
        "user_team": "TJH5YU202",
        "source_team": "TJH5YU202",
        "user_profile": {
            "avatar_hash": "g92ad2abcc45",
            "image_72": "https:\/\/secure.gravatar.com\/avatar\/8492ad2abcc45ce53969adcf8420acde.jpg?s=72&d=https%3A%2F%2Fa.slack-edge.com%2Fdf10d%2Fimg%2Favatars%2Fava_0008-72.png",
            "first_name": "",
            "real_name": "Antonio Linares",
            "display_name": "Antonio Linares",
            "team": "TJH5YU202",
            "name": "alinares",
            "is_restricted": false,
            "is_ultra_restricted": false
        },
        "blocks": [
            {
                "type": "rich_text",
                "block_id": "9DiE",
                "elements": [
                    {
                        "type": "rich_text_section",
                        "elements": [
                            {
                                "type": "text",
                                "text": "De hecho si haces un fork del repo te lo construye solo desde la opción actions"
                            }
                        ]
                    }
                ]
            }
        ]
    },
    {
        "client_msg_id": "9536d5a0-ad6b-4129-92ae-4bbcde410bae",
        "type": "message",
        "text": "Con este repo se acabó el tener que construir harbour nosotros mismos :+1:",
        "user": "UJN8D8U3B",
        "ts": "1598192688.047200",
        "team": "TJH5YU202",
        "user_team": "TJH5YU202",
        "source_team": "TJH5YU202",
        "user_profile": {
            "avatar_hash": "g92ad2abcc45",
            "image_72": "https:\/\/secure.gravatar.com\/avatar\/8492ad2abcc45ce53969adcf8420acde.jpg?s=72&d=https%3A%2F%2Fa.slack-edge.com%2Fdf10d%2Fimg%2Favatars%2Fava_0008-72.png",
            "first_name": "",
            "real_name": "Antonio Linares",
            "display_name": "Antonio Linares",
            "team": "TJH5YU202",
            "name": "alinares",
            "is_restricted": false,
            "is_ultra_restricted": false
        },
        "blocks": [
            {
                "type": "rich_text",
                "block_id": "lB3o",
                "elements": [
                    {
                        "type": "rich_text_section",
                        "elements": [
                            {
                                "type": "text",
                                "text": "Con este repo se acabó el tener que construir harbour nosotros mismos "
                            },
                            {
                                "type": "emoji",
                                "name": "+1"
                            }
                        ]
                    }
                ]
            }
        ]
    },
    {
        "client_msg_id": "F698FB15-562E-479A-B196-0BD6A77617C8",
        "type": "message",
        "text": "Bien!!! Gracias antonio, y para el encadenador? Es decir vc o embarcadero, lo bajo aparte?",
        "user": "UJUSD6VB2",
        "ts": "1598192754.048700",
        "team": "TJH5YU202",
        "user_team": "TJH5YU202",
        "source_team": "TJH5YU202",
        "user_profile": {
            "avatar_hash": "g1677a02d0b6",
            "image_72": "https:\/\/secure.gravatar.com\/avatar\/bb1677a02d0b69ba91eb245090c7c83a.jpg?s=72&d=https%3A%2F%2Fa.slack-edge.com%2Fdf10d%2Fimg%2Favatars%2Fava_0015-72.png",
            "first_name": "",
            "real_name": "Osvaldo Ramirez",
            "display_name": "Osvaldo Ramirez",
            "team": "TJH5YU202",
            "name": "ramirezosvaldo",
            "is_restricted": false,
            "is_ultra_restricted": false
        },
        "blocks": [
            {
                "type": "rich_text",
                "block_id": "ikwCW",
                "elements": [
                    {
                        "type": "rich_text_section",
                        "elements": [
                            {
                                "type": "text",
                                "text": "Bien!!! Gracias antonio, y para el encadenador? Es decir vc o embarcadero, lo bajo aparte?"
                            }
                        ]
                    }
                ]
            }
        ]
    },
    {
        "client_msg_id": "e32123b8-cb6d-41ee-a03a-a4352b20fca2",
        "type": "message",
        "text": "Puedes usar cualquiera de los 3",
        "user": "UJN8D8U3B",
        "ts": "1598192899.051300",
        "team": "TJH5YU202",
        "user_team": "TJH5YU202",
        "source_team": "TJH5YU202",
        "user_profile": {
            "avatar_hash": "g92ad2abcc45",
            "image_72": "https:\/\/secure.gravatar.com\/avatar\/8492ad2abcc45ce53969adcf8420acde.jpg?s=72&d=https%3A%2F%2Fa.slack-edge.com%2Fdf10d%2Fimg%2Favatars%2Fava_0008-72.png",
            "first_name": "",
            "real_name": "Antonio Linares",
            "display_name": "Antonio Linares",
            "team": "TJH5YU202",
            "name": "alinares",
            "is_restricted": false,
            "is_ultra_restricted": false
        },
        "blocks": [
            {
                "type": "rich_text",
                "block_id": "b75",
                "elements": [
                    {
                        "type": "rich_text_section",
                        "elements": [
                            {
                                "type": "text",
                                "text": "Puedes usar cualquiera de los 3"
                            }
                        ]
                    }
                ]
            }
        ]
    },
    {
        "client_msg_id": "3536d2a5-defa-40ef-aff6-014de62fb4d7",
        "type": "message",
        "text": "GitHub actions lo hace todo",
        "user": "UJN8D8U3B",
        "ts": "1598192924.051900",
        "team": "TJH5YU202",
        "user_team": "TJH5YU202",
        "source_team": "TJH5YU202",
        "user_profile": {
            "avatar_hash": "g92ad2abcc45",
            "image_72": "https:\/\/secure.gravatar.com\/avatar\/8492ad2abcc45ce53969adcf8420acde.jpg?s=72&d=https%3A%2F%2Fa.slack-edge.com%2Fdf10d%2Fimg%2Favatars%2Fava_0008-72.png",
            "first_name": "",
            "real_name": "Antonio Linares",
            "display_name": "Antonio Linares",
            "team": "TJH5YU202",
            "name": "alinares",
            "is_restricted": false,
            "is_ultra_restricted": false
        },
        "blocks": [
            {
                "type": "rich_text",
                "block_id": "a2Y9",
                "elements": [
                    {
                        "type": "rich_text_section",
                        "elements": [
                            {
                                "type": "text",
                                "text": "GitHub actions lo hace todo"
                            }
                        ]
                    }
                ]
            }
        ]
    },
    {
        "client_msg_id": "6dc72912-fc6c-418e-a350-3d923906ac1d",
        "type": "message",
        "text": "Sólo tienes que elegir el que quieras y el se encarga de todo",
        "user": "UJN8D8U3B",
        "ts": "1598192966.052900",
        "team": "TJH5YU202",
        "user_team": "TJH5YU202",
        "source_team": "TJH5YU202",
        "user_profile": {
            "avatar_hash": "g92ad2abcc45",
            "image_72": "https:\/\/secure.gravatar.com\/avatar\/8492ad2abcc45ce53969adcf8420acde.jpg?s=72&d=https%3A%2F%2Fa.slack-edge.com%2Fdf10d%2Fimg%2Favatars%2Fava_0008-72.png",
            "first_name": "",
            "real_name": "Antonio Linares",
            "display_name": "Antonio Linares",
            "team": "TJH5YU202",
            "name": "alinares",
            "is_restricted": false,
            "is_ultra_restricted": false
        },
        "blocks": [
            {
                "type": "rich_text",
                "block_id": "KOS",
                "elements": [
                    {
                        "type": "rich_text_section",
                        "elements": [
                            {
                                "type": "text",
                                "text": "Sólo tienes que elegir el que quieras y el se encarga de todo"
                            }
                        ]
                    }
                ]
            }
        ]
    },
    {
        "client_msg_id": "0094B5D8-ECD4-46E1-BAD4-A9F91155ECFB",
        "type": "message",
        "text": "Dos preguntas mas; si quiero meterle una contrib a un harbor ya construido, como lo haria? Y la segunda ... para que son los archivos .hbp, .hbc y .hbx? Gracias de nuevo",
        "user": "UJUSD6VB2",
        "ts": "1598193082.054000",
        "team": "TJH5YU202",
        "user_team": "TJH5YU202",
        "source_team": "TJH5YU202",
        "user_profile": {
            "avatar_hash": "g1677a02d0b6",
            "image_72": "https:\/\/secure.gravatar.com\/avatar\/bb1677a02d0b69ba91eb245090c7c83a.jpg?s=72&d=https%3A%2F%2Fa.slack-edge.com%2Fdf10d%2Fimg%2Favatars%2Fava_0015-72.png",
            "first_name": "",
            "real_name": "Osvaldo Ramirez",
            "display_name": "Osvaldo Ramirez",
            "team": "TJH5YU202",
            "name": "ramirezosvaldo",
            "is_restricted": false,
            "is_ultra_restricted": false
        },
        "blocks": [
            {
                "type": "rich_text",
                "block_id": "Pfhyu",
                "elements": [
                    {
                        "type": "rich_text_section",
                        "elements": [
                            {
                                "type": "text",
                                "text": "Dos preguntas mas; si quiero meterle una contrib a un harbor ya construido, como lo haria? Y la segunda ... para que son los archivos .hbp, .hbc y .hbx? Gracias de nuevo"
                            }
                        ]
                    }
                ]
            }
        ]
    },
    {
        "client_msg_id": "b39bf839-55c4-4ce9-b71a-b4f40e4e811f",
        "type": "message",
        "text": "Esas versiones construyen todas las contribs salvo que no se satisfaga alguna dependencia",
        "user": "UJN8D8U3B",
        "ts": "1598193603.055700",
        "team": "TJH5YU202",
        "user_team": "TJH5YU202",
        "source_team": "TJH5YU202",
        "user_profile": {
            "avatar_hash": "g92ad2abcc45",
            "image_72": "https:\/\/secure.gravatar.com\/avatar\/8492ad2abcc45ce53969adcf8420acde.jpg?s=72&d=https%3A%2F%2Fa.slack-edge.com%2Fdf10d%2Fimg%2Favatars%2Fava_0008-72.png",
            "first_name": "",
            "real_name": "Antonio Linares",
            "display_name": "Antonio Linares",
            "team": "TJH5YU202",
            "name": "alinares",
            "is_restricted": false,
            "is_ultra_restricted": false
        },
        "blocks": [
            {
                "type": "rich_text",
                "block_id": "N3wU",
                "elements": [
                    {
                        "type": "rich_text_section",
                        "elements": [
                            {
                                "type": "text",
                                "text": "Esas versiones construyen todas las contribs salvo que no se satisfaga alguna dependencia"
                            }
                        ]
                    }
                ]
            }
        ]
    },
    {
        "client_msg_id": "b5617ca6-2ebb-40cc-a179-48a4af4ed071",
        "type": "message",
        "text": "Hbp es elfichero principal del proyecto que construye hbmk2",
        "user": "UJN8D8U3B",
        "ts": "1598193677.057800",
        "team": "TJH5YU202",
        "user_team": "TJH5YU202",
        "source_team": "TJH5YU202",
        "user_profile": {
            "avatar_hash": "g92ad2abcc45",
            "image_72": "https:\/\/secure.gravatar.com\/avatar\/8492ad2abcc45ce53969adcf8420acde.jpg?s=72&d=https%3A%2F%2Fa.slack-edge.com%2Fdf10d%2Fimg%2Favatars%2Fava_0008-72.png",
            "first_name": "",
            "real_name": "Antonio Linares",
            "display_name": "Antonio Linares",
            "team": "TJH5YU202",
            "name": "alinares",
            "is_restricted": false,
            "is_ultra_restricted": false
        },
        "blocks": [
            {
                "type": "rich_text",
                "block_id": "pZ6N",
                "elements": [
                    {
                        "type": "rich_text_section",
                        "elements": [
                            {
                                "type": "text",
                                "text": "Hbp es elfichero principal del proyecto que construye hbmk2"
                            }
                        ]
                    }
                ]
            }
        ]
    },
    {
        "client_msg_id": "369730cf-63e9-416e-8b36-3524bd767649",
        "type": "message",
        "text": "Hbc son configuraciones",
        "user": "UJN8D8U3B",
        "ts": "1598193707.058200",
        "team": "TJH5YU202",
        "user_team": "TJH5YU202",
        "source_team": "TJH5YU202",
        "user_profile": {
            "avatar_hash": "g92ad2abcc45",
            "image_72": "https:\/\/secure.gravatar.com\/avatar\/8492ad2abcc45ce53969adcf8420acde.jpg?s=72&d=https%3A%2F%2Fa.slack-edge.com%2Fdf10d%2Fimg%2Favatars%2Fava_0008-72.png",
            "first_name": "",
            "real_name": "Antonio Linares",
            "display_name": "Antonio Linares",
            "team": "TJH5YU202",
            "name": "alinares",
            "is_restricted": false,
            "is_ultra_restricted": false
        },
        "blocks": [
            {
                "type": "rich_text",
                "block_id": "ajo",
                "elements": [
                    {
                        "type": "rich_text_section",
                        "elements": [
                            {
                                "type": "text",
                                "text": "Hbc son configuraciones"
                            }
                        ]
                    }
                ]
            }
        ]
    },
    {
        "client_msg_id": "26449541-74a8-4823-a55f-a15c0a9afbaa",
        "type": "message",
        "text": "Y hbx es un listado de los símbolos exportados",
        "user": "UJN8D8U3B",
        "ts": "1598193784.059500",
        "team": "TJH5YU202",
        "user_team": "TJH5YU202",
        "source_team": "TJH5YU202",
        "user_profile": {
            "avatar_hash": "g92ad2abcc45",
            "image_72": "https:\/\/secure.gravatar.com\/avatar\/8492ad2abcc45ce53969adcf8420acde.jpg?s=72&d=https%3A%2F%2Fa.slack-edge.com%2Fdf10d%2Fimg%2Favatars%2Fava_0008-72.png",
            "first_name": "",
            "real_name": "Antonio Linares",
            "display_name": "Antonio Linares",
            "team": "TJH5YU202",
            "name": "alinares",
            "is_restricted": false,
            "is_ultra_restricted": false
        },
        "blocks": [
            {
                "type": "rich_text",
                "block_id": "0IH",
                "elements": [
                    {
                        "type": "rich_text_section",
                        "elements": [
                            {
                                "type": "text",
                                "text": "Y hbx es un listado de los símbolos exportados"
                            }
                        ]
                    }
                ]
            }
        ]
    },
    {
        "client_msg_id": "9345207b-7603-41fc-8a2d-15c59ab53f2e",
        "type": "message",
        "text": "la pregunta es porque quiero compilar una contribución de Teo de hbmongodb ,y creo que me faltan muchas dependencias, asi que en eso estoy.  Muchas gracias Antonio.",
        "user": "UJUSD6VB2",
        "ts": "1598193809.060000",
        "team": "TJH5YU202",
        "user_team": "TJH5YU202",
        "source_team": "TJH5YU202",
        "user_profile": {
            "avatar_hash": "g1677a02d0b6",
            "image_72": "https:\/\/secure.gravatar.com\/avatar\/bb1677a02d0b69ba91eb245090c7c83a.jpg?s=72&d=https%3A%2F%2Fa.slack-edge.com%2Fdf10d%2Fimg%2Favatars%2Fava_0015-72.png",
            "first_name": "",
            "real_name": "Osvaldo Ramirez",
            "display_name": "Osvaldo Ramirez",
            "team": "TJH5YU202",
            "name": "ramirezosvaldo",
            "is_restricted": false,
            "is_ultra_restricted": false
        },
        "blocks": [
            {
                "type": "rich_text",
                "block_id": "=yJ=",
                "elements": [
                    {
                        "type": "rich_text_section",
                        "elements": [
                            {
                                "type": "text",
                                "text": "la pregunta es porque quiero compilar una contribución de Teo de hbmongodb ,y creo que me faltan muchas dependencias, asi que en eso estoy.  Muchas gracias Antonio."
                            }
                        ]
                    }
                ]
            }
        ]
    },
    {
        "client_msg_id": "7df965d6-497a-49ab-aa99-cc379e82bb2e",
        "type": "message",
        "text": "Los narcotraficantes y terroristas no",
        "user": "UJULQCHL5",
        "ts": "1598194443.060300",
        "team": "TJH5YU202",
        "user_team": "TJH5YU202",
        "source_team": "TJH5YU202",
        "user_profile": {
            "avatar_hash": "g7659142325a",
            "image_72": "https:\/\/secure.gravatar.com\/avatar\/c87659142325a3facb661d85281ec091.jpg?s=72&d=https%3A%2F%2Fa.slack-edge.com%2Fdf10d%2Fimg%2Favatars%2Fava_0003-72.png",
            "first_name": "",
            "real_name": "Paquito",
            "display_name": "Paquito",
            "team": "TJH5YU202",
            "name": "hmpaquito",
            "is_restricted": false,
            "is_ultra_restricted": false
        },
        "blocks": [
            {
                "type": "rich_text",
                "block_id": "UYhss",
                "elements": [
                    {
                        "type": "rich_text_section",
                        "elements": [
                            {
                                "type": "text",
                                "text": "Los narcotraficantes y terroristas no"
                            }
                        ]
                    }
                ]
            }
        ],
        "thread_ts": "1598188472.032800",
        "parent_user_id": "UJN8D8U3B"
    },
    {
        "client_msg_id": "c1203370-7583-419c-99c2-36cce8d205ae",
        "type": "message",
        "text": "Buenas amigos",
        "user": "UK28N3CER",
        "ts": "1598198889.061200",
        "team": "TJH5YU202",
        "user_team": "TJH5YU202",
        "source_team": "TJH5YU202",
        "user_profile": {
            "avatar_hash": "0eafa7153ff3",
            "image_72": "https:\/\/avatars.slack-edge.com\/2020-05-18\/1155120542496_0eafa7153ff35206c804_72.jpg",
            "first_name": "Cesar",
            "real_name": "Cesar SysCtrl Software",
            "display_name": "Cesar SysCtrl Software",
            "team": "TJH5YU202",
            "name": "sysctrlsoftware",
            "is_restricted": false,
            "is_ultra_restricted": false
        },
        "blocks": [
            {
                "type": "rich_text",
                "block_id": "CFN=s",
                "elements": [
                    {
                        "type": "rich_text_section",
                        "elements": [
                            {
                                "type": "text",
                                "text": "Buenas amigos"
                            }
                        ]
                    }
                ]
            }
        ]
    },
    {
        "client_msg_id": "38dd50b9-a9de-4599-9fc2-4faa7f7726a0",
        "type": "message",
        "text": "<@UJUSD6VB2> en algunos de los videos Antonio explica como construir harbour y como agregar una contribución.",
        "user": "UK28N3CER",
        "ts": "1598199077.064000",
        "team": "TJH5YU202",
        "user_team": "TJH5YU202",
        "source_team": "TJH5YU202",
        "user_profile": {
            "avatar_hash": "0eafa7153ff3",
            "image_72": "https:\/\/avatars.slack-edge.com\/2020-05-18\/1155120542496_0eafa7153ff35206c804_72.jpg",
            "first_name": "Cesar",
            "real_name": "Cesar SysCtrl Software",
            "display_name": "Cesar SysCtrl Software",
            "team": "TJH5YU202",
            "name": "sysctrlsoftware",
            "is_restricted": false,
            "is_ultra_restricted": false
        },
        "blocks": [
            {
                "type": "rich_text",
                "block_id": "WNf",
                "elements": [
                    {
                        "type": "rich_text_section",
                        "elements": [
                            {
                                "type": "user",
                                "user_id": "UJUSD6VB2"
                            },
                            {
                                "type": "text",
                                "text": " en algunos de los videos Antonio explica como construir harbour y como agregar una contribución."
                            }
                        ]
                    }
                ]
            }
        ]
    },
    {
        "client_msg_id": "76fe029c-e88f-4e5c-b171-b9282734294f",
        "type": "message",
        "text": "Estamos hablando de construir harbour 64",
        "user": "UK28N3CER",
        "ts": "1598199105.064800",
        "team": "TJH5YU202",
        "user_team": "TJH5YU202",
        "source_team": "TJH5YU202",
        "user_profile": {
            "avatar_hash": "0eafa7153ff3",
            "image_72": "https:\/\/avatars.slack-edge.com\/2020-05-18\/1155120542496_0eafa7153ff35206c804_72.jpg",
            "first_name": "Cesar",
            "real_name": "Cesar SysCtrl Software",
            "display_name": "Cesar SysCtrl Software",
            "team": "TJH5YU202",
            "name": "sysctrlsoftware",
            "is_restricted": false,
            "is_ultra_restricted": false
        },
        "blocks": [
            {
                "type": "rich_text",
                "block_id": "T38M",
                "elements": [
                    {
                        "type": "rich_text_section",
                        "elements": [
                            {
                                "type": "text",
                                "text": "Estamos hablando de construir harbour 64"
                            }
                        ]
                    }
                ]
            }
        ]
    },
    {
        "client_msg_id": "697bc746-68df-45c7-9a57-d3cc574bdf15",
        "type": "message",
        "text": "Está todo aqui: <https:\/\/github.com\/FiveTechSoft\/Harbour_builder>",
        "user": "UJN8D8U3B",
        "ts": "1598199162.065000",
        "team": "TJH5YU202",
        "user_team": "TJH5YU202",
        "source_team": "TJH5YU202",
        "user_profile": {
            "avatar_hash": "g92ad2abcc45",
            "image_72": "https:\/\/secure.gravatar.com\/avatar\/8492ad2abcc45ce53969adcf8420acde.jpg?s=72&d=https%3A%2F%2Fa.slack-edge.com%2Fdf10d%2Fimg%2Favatars%2Fava_0008-72.png",
            "first_name": "",
            "real_name": "Antonio Linares",
            "display_name": "Antonio Linares",
            "team": "TJH5YU202",
            "name": "alinares",
            "is_restricted": false,
            "is_ultra_restricted": false
        },
        "attachments": [
            {
                "fallback": "FiveTechSoft\/Harbour_builder",
                "text": "Harbour builder builds all Harbour flavours automatically using GitHub Actions",
                "title": "FiveTechSoft\/Harbour_builder",
                "footer": "<https:\/\/github.com\/FiveTechSoft\/Harbour_builder|FiveTechSoft\/Harbour_builder>",
                "id": 1,
                "footer_icon": "https:\/\/github.githubassets.com\/favicon.ico",
                "ts": 1588680210,
                "color": "24292f",
                "fields": [
                    {
                        "title": "Website",
                        "value": "<https:\/\/fivetechsoft.github.io\/Harbour_builder\/>",
                        "short": true
                    },
                    {
                        "title": "Stars",
                        "value": "25",
                        "short": true
                    }
                ],
                "mrkdwn_in": [
                    "text",
                    "fields"
                ],
                "bot_id": "B013M1D0ZKM",
                "app_unfurl_url": "https:\/\/github.com\/FiveTechSoft\/Harbour_builder",
                "is_app_unfurl": true
            }
        ],
        "blocks": [
            {
                "type": "rich_text",
                "block_id": "syACV",
                "elements": [
                    {
                        "type": "rich_text_section",
                        "elements": [
                            {
                                "type": "text",
                                "text": "Está todo aqui: "
                            },
                            {
                                "type": "link",
                                "url": "https:\/\/github.com\/FiveTechSoft\/Harbour_builder"
                            }
                        ]
                    }
                ]
            }
        ]
    },
    {
        "client_msg_id": "16fefa75-12f1-458f-9527-af98ef93d136",
        "type": "message",
        "text": "Solo teneis que hacer un fork en el caso de que querais modificar algo",
        "user": "UJN8D8U3B",
        "ts": "1598199185.065500",
        "team": "TJH5YU202",
        "user_team": "TJH5YU202",
        "source_team": "TJH5YU202",
        "user_profile": {
            "avatar_hash": "g92ad2abcc45",
            "image_72": "https:\/\/secure.gravatar.com\/avatar\/8492ad2abcc45ce53969adcf8420acde.jpg?s=72&d=https%3A%2F%2Fa.slack-edge.com%2Fdf10d%2Fimg%2Favatars%2Fava_0008-72.png",
            "first_name": "",
            "real_name": "Antonio Linares",
            "display_name": "Antonio Linares",
            "team": "TJH5YU202",
            "name": "alinares",
            "is_restricted": false,
            "is_ultra_restricted": false
        },
        "blocks": [
            {
                "type": "rich_text",
                "block_id": "rxX+",
                "elements": [
                    {
                        "type": "rich_text_section",
                        "elements": [
                            {
                                "type": "text",
                                "text": "Solo teneis que hacer un fork en el caso de que querais modificar algo"
                            }
                        ]
                    }
                ]
            }
        ]
    },
    {
        "client_msg_id": "f6884797-3bd7-49e3-9d71-93b6de560b07",
        "type": "message",
        "text": "se construye integramente en GitHub Actions y solo teneis que descargar el fichero que genera con todo Harbour dentro :slightly_smiling_face:",
        "user": "UJN8D8U3B",
        "ts": "1598199223.066300",
        "team": "TJH5YU202",
        "user_team": "TJH5YU202",
        "source_team": "TJH5YU202",
        "user_profile": {
            "avatar_hash": "g92ad2abcc45",
            "image_72": "https:\/\/secure.gravatar.com\/avatar\/8492ad2abcc45ce53969adcf8420acde.jpg?s=72&d=https%3A%2F%2Fa.slack-edge.com%2Fdf10d%2Fimg%2Favatars%2Fava_0008-72.png",
            "first_name": "",
            "real_name": "Antonio Linares",
            "display_name": "Antonio Linares",
            "team": "TJH5YU202",
            "name": "alinares",
            "is_restricted": false,
            "is_ultra_restricted": false
        },
        "blocks": [
            {
                "type": "rich_text",
                "block_id": "Z02g",
                "elements": [
                    {
                        "type": "rich_text_section",
                        "elements": [
                            {
                                "type": "text",
                                "text": "se construye integramente en GitHub Actions y solo teneis que descargar el fichero que genera con todo Harbour dentro "
                            },
                            {
                                "type": "emoji",
                                "name": "slightly_smiling_face"
                            }
                        ]
                    }
                ]
            }
        ]
    },
    {
        "client_msg_id": "669e58c9-b054-40ae-9ba9-e2194af967a5",
        "type": "message",
        "text": "Antonio incluir MongoDb es posible?",
        "user": "UK28N3CER",
        "ts": "1598199656.067400",
        "team": "TJH5YU202",
        "user_team": "TJH5YU202",
        "source_team": "TJH5YU202",
        "user_profile": {
            "avatar_hash": "0eafa7153ff3",
            "image_72": "https:\/\/avatars.slack-edge.com\/2020-05-18\/1155120542496_0eafa7153ff35206c804_72.jpg",
            "first_name": "Cesar",
            "real_name": "Cesar SysCtrl Software",
            "display_name": "Cesar SysCtrl Software",
            "team": "TJH5YU202",
            "name": "sysctrlsoftware",
            "is_restricted": false,
            "is_ultra_restricted": false
        },
        "blocks": [
            {
                "type": "rich_text",
                "block_id": "=BYG1",
                "elements": [
                    {
                        "type": "rich_text_section",
                        "elements": [
                            {
                                "type": "text",
                                "text": "Antonio incluir MongoDb es posible?"
                            }
                        ]
                    }
                ]
            }
        ]
    },
    {
        "client_msg_id": "56900e05-7699-4d5b-acab-7e78b42fcf13",
        "type": "message",
        "text": "Y hacer pruebas de conexión con ModHarbour",
        "user": "UK28N3CER",
        "ts": "1598199685.068200",
        "team": "TJH5YU202",
        "user_team": "TJH5YU202",
        "source_team": "TJH5YU202",
        "user_profile": {
            "avatar_hash": "0eafa7153ff3",
            "image_72": "https:\/\/avatars.slack-edge.com\/2020-05-18\/1155120542496_0eafa7153ff35206c804_72.jpg",
            "first_name": "Cesar",
            "real_name": "Cesar SysCtrl Software",
            "display_name": "Cesar SysCtrl Software",
            "team": "TJH5YU202",
            "name": "sysctrlsoftware",
            "is_restricted": false,
            "is_ultra_restricted": false
        },
        "blocks": [
            {
                "type": "rich_text",
                "block_id": "SguY",
                "elements": [
                    {
                        "type": "rich_text_section",
                        "elements": [
                            {
                                "type": "text",
                                "text": "Y hacer pruebas de conexión con ModHarbour"
                            }
                        ]
                    }
                ]
            }
        ]
    },
    {
        "client_msg_id": "3fd94807-ae24-4d06-9fa7-488db4888fba",
        "type": "message",
        "text": "es cuestion de instalar mongoDB y ver si asi se construye la contrib de mongodb de Harbour",
        "user": "UJN8D8U3B",
        "ts": "1598200347.068800",
        "team": "TJH5YU202",
        "user_team": "TJH5YU202",
        "source_team": "TJH5YU202",
        "user_profile": {
            "avatar_hash": "g92ad2abcc45",
            "image_72": "https:\/\/secure.gravatar.com\/avatar\/8492ad2abcc45ce53969adcf8420acde.jpg?s=72&d=https%3A%2F%2Fa.slack-edge.com%2Fdf10d%2Fimg%2Favatars%2Fava_0008-72.png",
            "first_name": "",
            "real_name": "Antonio Linares",
            "display_name": "Antonio Linares",
            "team": "TJH5YU202",
            "name": "alinares",
            "is_restricted": false,
            "is_ultra_restricted": false
        },
        "blocks": [
            {
                "type": "rich_text",
                "block_id": "QQa9",
                "elements": [
                    {
                        "type": "rich_text_section",
                        "elements": [
                            {
                                "type": "text",
                                "text": "es cuestion de instalar mongoDB y ver si asi se construye la contrib de mongodb de Harbour"
                            }
                        ]
                    }
                ]
            }
        ]
    },
    {
        "client_msg_id": "a850bfd2-3c5e-417a-a695-d230fbccf1c9",
        "type": "message",
        "text": "buenos dias con todos",
        "user": "UJXP7LS78",
        "ts": "1598201481.069200",
        "team": "TJH5YU202",
        "user_team": "TJH5YU202",
        "source_team": "TJH5YU202",
        "user_profile": {
            "avatar_hash": "gc4a0baebb72",
            "image_72": "https:\/\/secure.gravatar.com\/avatar\/a1c4a0baebb720b97e5a197259dbf409.jpg?s=72&d=https%3A%2F%2Fa.slack-edge.com%2Fdf10d%2Fimg%2Favatars%2Fava_0007-72.png",
            "first_name": "",
            "real_name": "wilson gamboa",
            "display_name": "wilson gamboa",
            "team": "TJH5YU202",
            "name": "wilson.josenet",
            "is_restricted": false,
            "is_ultra_restricted": false
        },
        "blocks": [
            {
                "type": "rich_text",
                "block_id": "tP\/Q",
                "elements": [
                    {
                        "type": "rich_text_section",
                        "elements": [
                            {
                                "type": "text",
                                "text": "buenos dias con todos"
                            }
                        ]
                    }
                ]
            }
        ]
    },
    {
        "client_msg_id": "4605c59b-886f-40d1-800d-bae433d6e569",
        "type": "message",
        "text": "lo bueno es que ya se arma discusion y con ello avanzamos",
        "user": "UJXP7LS78",
        "ts": "1598201497.069700",
        "team": "TJH5YU202",
        "user_team": "TJH5YU202",
        "source_team": "TJH5YU202",
        "user_profile": {
            "avatar_hash": "gc4a0baebb72",
            "image_72": "https:\/\/secure.gravatar.com\/avatar\/a1c4a0baebb720b97e5a197259dbf409.jpg?s=72&d=https%3A%2F%2Fa.slack-edge.com%2Fdf10d%2Fimg%2Favatars%2Fava_0007-72.png",
            "first_name": "",
            "real_name": "wilson gamboa",
            "display_name": "wilson gamboa",
            "team": "TJH5YU202",
            "name": "wilson.josenet",
            "is_restricted": false,
            "is_ultra_restricted": false
        },
        "blocks": [
            {
                "type": "rich_text",
                "block_id": "sld",
                "elements": [
                    {
                        "type": "rich_text_section",
                        "elements": [
                            {
                                "type": "text",
                                "text": "lo bueno es que ya se arma discusion y con ello avanzamos"
                            }
                        ]
                    }
                ]
            }
        ]
    },
    {
        "client_msg_id": "dee3288a-a059-41d2-95a1-47d8373e3b1e",
        "type": "message",
        "text": "un abrazo para todos",
        "user": "UJXP7LS78",
        "ts": "1598201507.069900",
        "team": "TJH5YU202",
        "user_team": "TJH5YU202",
        "source_team": "TJH5YU202",
        "user_profile": {
            "avatar_hash": "gc4a0baebb72",
            "image_72": "https:\/\/secure.gravatar.com\/avatar\/a1c4a0baebb720b97e5a197259dbf409.jpg?s=72&d=https%3A%2F%2Fa.slack-edge.com%2Fdf10d%2Fimg%2Favatars%2Fava_0007-72.png",
            "first_name": "",
            "real_name": "wilson gamboa",
            "display_name": "wilson gamboa",
            "team": "TJH5YU202",
            "name": "wilson.josenet",
            "is_restricted": false,
            "is_ultra_restricted": false
        },
        "blocks": [
            {
                "type": "rich_text",
                "block_id": "Ieh",
                "elements": [
                    {
                        "type": "rich_text_section",
                        "elements": [
                            {
                                "type": "text",
                                "text": "un abrazo para todos"
                            }
                        ]
                    }
                ]
            }
        ]
    },
    {
        "client_msg_id": "786ebd65-1b67-4027-921d-f0fdac54432a",
        "type": "message",
        "text": "feliz domingo",
        "user": "UJXP7LS78",
        "ts": "1598201510.070100",
        "team": "TJH5YU202",
        "user_team": "TJH5YU202",
        "source_team": "TJH5YU202",
        "user_profile": {
            "avatar_hash": "gc4a0baebb72",
            "image_72": "https:\/\/secure.gravatar.com\/avatar\/a1c4a0baebb720b97e5a197259dbf409.jpg?s=72&d=https%3A%2F%2Fa.slack-edge.com%2Fdf10d%2Fimg%2Favatars%2Fava_0007-72.png",
            "first_name": "",
            "real_name": "wilson gamboa",
            "display_name": "wilson gamboa",
            "team": "TJH5YU202",
            "name": "wilson.josenet",
            "is_restricted": false,
            "is_ultra_restricted": false
        },
        "blocks": [
            {
                "type": "rich_text",
                "block_id": "uY7Gp",
                "elements": [
                    {
                        "type": "rich_text_section",
                        "elements": [
                            {
                                "type": "text",
                                "text": "feliz domingo"
                            }
                        ]
                    }
                ]
            }
        ]
    },
    {
        "type": "message",
        "text": "",
        "files": [
            {
                "id": "F018WTL86A3",
                "created": 1598203456,
                "timestamp": 1598203456,
                "name": "router.jpg",
                "title": "router.jpg",
                "mimetype": "image\/jpeg",
                "filetype": "jpg",
                "pretty_type": "JPEG",
                "user": "UJHD6A81H",
                "editable": false,
                "size": 131820,
                "mode": "hosted",
                "is_external": false,
                "external_type": "",
                "is_public": true,
                "public_url_shared": false,
                "display_as_bot": false,
                "username": "",
                "url_private": "https:\/\/files.slack.com\/files-pri\/TJH5YU202-F018WTL86A3\/router.jpg?t=xoxe-629202954002-1408710291175-1429611969940-666c705f8dd944d59ed88b8cd6be975e",
                "url_private_download": "https:\/\/files.slack.com\/files-pri\/TJH5YU202-F018WTL86A3\/download\/router.jpg?t=xoxe-629202954002-1408710291175-1429611969940-666c705f8dd944d59ed88b8cd6be975e",
                "thumb_64": "https:\/\/files.slack.com\/files-tmb\/TJH5YU202-F018WTL86A3-1de08eca70\/router_64.jpg?t=xoxe-629202954002-1408710291175-1429611969940-666c705f8dd944d59ed88b8cd6be975e",
                "thumb_80": "https:\/\/files.slack.com\/files-tmb\/TJH5YU202-F018WTL86A3-1de08eca70\/router_80.jpg?t=xoxe-629202954002-1408710291175-1429611969940-666c705f8dd944d59ed88b8cd6be975e",
                "thumb_360": "https:\/\/files.slack.com\/files-tmb\/TJH5YU202-F018WTL86A3-1de08eca70\/router_360.jpg?t=xoxe-629202954002-1408710291175-1429611969940-666c705f8dd944d59ed88b8cd6be975e",
                "thumb_360_w": 360,
                "thumb_360_h": 260,
                "thumb_480": "https:\/\/files.slack.com\/files-tmb\/TJH5YU202-F018WTL86A3-1de08eca70\/router_480.jpg?t=xoxe-629202954002-1408710291175-1429611969940-666c705f8dd944d59ed88b8cd6be975e",
                "thumb_480_w": 480,
                "thumb_480_h": 346,
                "thumb_160": "https:\/\/files.slack.com\/files-tmb\/TJH5YU202-F018WTL86A3-1de08eca70\/router_160.jpg?t=xoxe-629202954002-1408710291175-1429611969940-666c705f8dd944d59ed88b8cd6be975e",
                "thumb_720": "https:\/\/files.slack.com\/files-tmb\/TJH5YU202-F018WTL86A3-1de08eca70\/router_720.jpg?t=xoxe-629202954002-1408710291175-1429611969940-666c705f8dd944d59ed88b8cd6be975e",
                "thumb_720_w": 720,
                "thumb_720_h": 519,
                "thumb_800": "https:\/\/files.slack.com\/files-tmb\/TJH5YU202-F018WTL86A3-1de08eca70\/router_800.jpg?t=xoxe-629202954002-1408710291175-1429611969940-666c705f8dd944d59ed88b8cd6be975e",
                "thumb_800_w": 800,
                "thumb_800_h": 577,
                "original_w": 950,
                "original_h": 685,
                "thumb_tiny": "AwAiADCI3tx\/z1\/8dFH264\/56f8AjoqEketNzzQBOL2fP3\/\/AB0UfbrjP+s\/8dFVx1pR1oAn+3XGf9Z\/46K2R0rnu9dCOgoAxDE2fvR\/99ik8pv70f8A32Kjz9aCeOc0ASeS396P\/vsUeS399P8AvsVFx70lAEvkN\/ej\/wC+xWwLiHgeamf96sKnR\/6xf94UAXTGmfuL+VJ5af3F\/KnnqaKAG+Wn9xfyo8tP7i\/lTqKAG+Wn9xfypVjTcPkXr6UtKv3h9aAP\/9k=",
                "permalink": "https:\/\/harbourproject.slack.com\/files\/UJHD6A81H\/F018WTL86A3\/router.jpg",
                "permalink_public": "https:\/\/slack-files.com\/TJH5YU202-F018WTL86A3-cfb0c3f510",
                "is_starred": false,
                "has_rich_preview": false
            }
        ],
        "upload": false,
        "user": "UJHD6A81H",
        "display_as_bot": false,
        "ts": "1598203459.070200"
    },
    {
        "type": "message",
        "text": "",
        "files": [
            {
                "id": "F0194TYL9GE",
                "created": 1598203466,
                "timestamp": 1598203466,
                "name": "quickinfo.gif",
                "title": "quickinfo.gif",
                "mimetype": "image\/gif",
                "filetype": "gif",
                "pretty_type": "GIF",
                "user": "UJHD6A81H",
                "editable": false,
                "size": 809197,
                "mode": "hosted",
                "is_external": false,
                "external_type": "",
                "is_public": true,
                "public_url_shared": false,
                "display_as_bot": false,
                "username": "",
                "url_private": "https:\/\/files.slack.com\/files-pri\/TJH5YU202-F0194TYL9GE\/quickinfo.gif?t=xoxe-629202954002-1408710291175-1429611969940-666c705f8dd944d59ed88b8cd6be975e",
                "url_private_download": "https:\/\/files.slack.com\/files-pri\/TJH5YU202-F0194TYL9GE\/download\/quickinfo.gif?t=xoxe-629202954002-1408710291175-1429611969940-666c705f8dd944d59ed88b8cd6be975e",
                "thumb_64": "https:\/\/files.slack.com\/files-tmb\/TJH5YU202-F0194TYL9GE-da64c5e49e\/quickinfo_64.png?t=xoxe-629202954002-1408710291175-1429611969940-666c705f8dd944d59ed88b8cd6be975e",
                "thumb_80": "https:\/\/files.slack.com\/files-tmb\/TJH5YU202-F0194TYL9GE-da64c5e49e\/quickinfo_80.png?t=xoxe-629202954002-1408710291175-1429611969940-666c705f8dd944d59ed88b8cd6be975e",
                "thumb_360": "https:\/\/files.slack.com\/files-tmb\/TJH5YU202-F0194TYL9GE-da64c5e49e\/quickinfo_360.png?t=xoxe-629202954002-1408710291175-1429611969940-666c705f8dd944d59ed88b8cd6be975e",
                "thumb_360_w": 360,
                "thumb_360_h": 237,
                "thumb_480": "https:\/\/files.slack.com\/files-tmb\/TJH5YU202-F0194TYL9GE-da64c5e49e\/quickinfo_480.png?t=xoxe-629202954002-1408710291175-1429611969940-666c705f8dd944d59ed88b8cd6be975e",
                "thumb_480_w": 480,
                "thumb_480_h": 316,
                "thumb_160": "https:\/\/files.slack.com\/files-tmb\/TJH5YU202-F0194TYL9GE-da64c5e49e\/quickinfo_160.png?t=xoxe-629202954002-1408710291175-1429611969940-666c705f8dd944d59ed88b8cd6be975e",
                "thumb_720": "https:\/\/files.slack.com\/files-tmb\/TJH5YU202-F0194TYL9GE-da64c5e49e\/quickinfo_720.png?t=xoxe-629202954002-1408710291175-1429611969940-666c705f8dd944d59ed88b8cd6be975e",
                "thumb_720_w": 720,
                "thumb_720_h": 474,
                "thumb_800": "https:\/\/files.slack.com\/files-tmb\/TJH5YU202-F0194TYL9GE-da64c5e49e\/quickinfo_800.png?t=xoxe-629202954002-1408710291175-1429611969940-666c705f8dd944d59ed88b8cd6be975e",
                "thumb_800_w": 800,
                "thumb_800_h": 526,
                "thumb_960": "https:\/\/files.slack.com\/files-tmb\/TJH5YU202-F0194TYL9GE-da64c5e49e\/quickinfo_960.png?t=xoxe-629202954002-1408710291175-1429611969940-666c705f8dd944d59ed88b8cd6be975e",
                "thumb_960_w": 960,
                "thumb_960_h": 632,
                "thumb_1024": "https:\/\/files.slack.com\/files-tmb\/TJH5YU202-F0194TYL9GE-da64c5e49e\/quickinfo_1024.png?t=xoxe-629202954002-1408710291175-1429611969940-666c705f8dd944d59ed88b8cd6be975e",
                "thumb_1024_w": 1024,
                "thumb_1024_h": 674,
                "thumb_360_gif": "https:\/\/files.slack.com\/files-tmb\/TJH5YU202-F0194TYL9GE-da64c5e49e\/quickinfo_360.gif?t=xoxe-629202954002-1408710291175-1429611969940-666c705f8dd944d59ed88b8cd6be975e",
                "thumb_480_gif": "https:\/\/files.slack.com\/files-tmb\/TJH5YU202-F0194TYL9GE-da64c5e49e\/quickinfo_480.gif?t=xoxe-629202954002-1408710291175-1429611969940-666c705f8dd944d59ed88b8cd6be975e",
                "original_w": 1597,
                "original_h": 1051,
                "deanimate_gif": "https:\/\/files.slack.com\/files-tmb\/TJH5YU202-F0194TYL9GE-da64c5e49e\/quickinfo_deanimate_gif.png?t=xoxe-629202954002-1408710291175-1429611969940-666c705f8dd944d59ed88b8cd6be975e",
                "thumb_tiny": "AwAfADCkuRInJ6jvW4qjcchhg8fN1rCU5kT6it8jnpQA6im4PpRzQA6ik5o5oA55P9Yv1FdFWAkT71+XuO9b9ABRRRQAUUUUAf\/Z",
                "permalink": "https:\/\/harbourproject.slack.com\/files\/UJHD6A81H\/F0194TYL9GE\/quickinfo.gif",
                "permalink_public": "https:\/\/slack-files.com\/TJH5YU202-F0194TYL9GE-b23599fadf",
                "is_starred": false,
                "has_rich_preview": false
            }
        ],
        "upload": false,
        "user": "UJHD6A81H",
        "display_as_bot": false,
        "ts": "1598203469.070500"
    },
    {
        "client_msg_id": "d34fff28-5475-4c20-8f39-c5cae1fef65f",
        "type": "message",
        "text": "Muy bien, Otto, una apariencia y usabilidad muy buena.",
        "user": "UJUJLTWMT",
        "ts": "1598212674.071200",
        "team": "TJH5YU202",
        "user_team": "TJH5YU202",
        "source_team": "TJH5YU202",
        "user_profile": {
            "avatar_hash": "a60e3b1ef2d2",
            "image_72": "https:\/\/avatars.slack-edge.com\/2019-08-20\/726246109489_a60e3b1ef2d2c141969d_72.jpg",
            "first_name": "",
            "real_name": "Cristobal",
            "display_name": "Cristobal",
            "team": "TJH5YU202",
            "name": "navarro.cristobal",
            "is_restricted": false,
            "is_ultra_restricted": false
        },
        "blocks": [
            {
                "type": "rich_text",
                "block_id": "UP1cx",
                "elements": [
                    {
                        "type": "rich_text_section",
                        "elements": [
                            {
                                "type": "text",
                                "text": "Muy bien, Otto, una apariencia y usabilidad muy buena."
                            }
                        ]
                    }
                ]
            }
        ]
    },
    {
        "client_msg_id": "91905c7d-05e9-41cd-8846-f4fafcdec027",
        "type": "message",
        "text": "Dear Cristobal, en este ejemplo, estoy usando 2 datatables para probar. Los datos provienen de un archivo DBF.\nLlamo al mismo prg por datatables, que luego lee los datos.\nA veces, rara vez, sucede que una de las dos tablas de datos no está llena.\n¿Hay algo en el puerto de mod como nuestro sysrefresh () en FIVEWIN.",
        "user": "UJHD6A81H",
        "ts": "1598217927.071700",
        "team": "TJH5YU202",
        "user_team": "TJH5YU202",
        "source_team": "TJH5YU202",
        "user_profile": {
            "avatar_hash": "g6b8073e00e9",
            "image_72": "https:\/\/secure.gravatar.com\/avatar\/b96b8073e00e9eb02bcf05bc1418eb3a.jpg?s=72&d=https%3A%2F%2Fa.slack-edge.com%2Fdf10d%2Fimg%2Favatars%2Fava_0021-72.png",
            "first_name": "Otto",
            "real_name": "Otto Atzwanger",
            "display_name": "Otto",
            "team": "TJH5YU202",
            "name": "otto",
            "is_restricted": false,
            "is_ultra_restricted": false
        },
        "blocks": [
            {
                "type": "rich_text",
                "block_id": "oG2PA",
                "elements": [
                    {
                        "type": "rich_text_section",
                        "elements": [
                            {
                                "type": "text",
                                "text": "Dear Cristobal, en este ejemplo, estoy usando 2 datatables para probar. Los datos provienen de un archivo DBF.\nLlamo al mismo prg por datatables, que luego lee los datos.\nA veces, rara vez, sucede que una de las dos tablas de datos no está llena.\n¿Hay algo en el puerto de mod como nuestro sysrefresh () en FIVEWIN."
                            }
                        ]
                    }
                ]
            }
        ]
    }
]