[
    {
        "client_msg_id": "702b10f4-7cd6-4e0d-be11-8177f16181a8",
        "type": "message",
        "text": "*DEMO TWEB (for modharbour)*\nEl próximo dia 15\/10\/2020 voy hacer una demo de TWeb: Que és y como lo podemos usar con modharbour para crear nuestras pantallas en la web. Empezaremos a las 17.00 (hora españa) y lo haremos en el canal modHarbour <https:\/\/join.skype.com\/cnzQg3Kr1dnk>",
        "user": "UJWR5N32S",
        "ts": "1602265917.223400",
        "team": "TJH5YU202",
        "user_team": "TJH5YU202",
        "source_team": "TJH5YU202",
        "user_profile": {
            "avatar_hash": "273d3745f7ae",
            "image_72": "https:\/\/avatars.slack-edge.com\/2019-05-20\/634344238497_273d3745f7ae1b176b82_72.jpg",
            "first_name": "Charly",
            "real_name": "Charly",
            "display_name": "Charly",
            "team": "TJH5YU202",
            "name": "carles9000",
            "is_restricted": false,
            "is_ultra_restricted": false
        },
        "attachments": [
            {
                "title": "Join conversation",
                "title_link": "https:\/\/join.skype.com\/cnzQg3Kr1dnk",
                "text": "Skype keeps the world talking. Call, message, and share whatever you want - for free.",
                "fallback": "Join conversation",
                "image_url": "https:\/\/join.secure.skypeassets.com\/static\/14.343\/images\/skype-fb-og.png",
                "from_url": "https:\/\/join.skype.com\/cnzQg3Kr1dnk",
                "image_width": 476,
                "image_height": 250,
                "image_bytes": 27084,
                "service_icon": "https:\/\/join.secure.skypeassets.com\/static\/14.343\/images\/icons\/apple-touch-icon.png",
                "service_name": "join.skype.com",
                "id": 1,
                "original_url": "https:\/\/join.skype.com\/cnzQg3Kr1dnk"
            }
        ],
        "blocks": [
            {
                "type": "rich_text",
                "block_id": "E4ftr",
                "elements": [
                    {
                        "type": "rich_text_section",
                        "elements": [
                            {
                                "type": "text",
                                "text": "DEMO TWEB (for modharbour)",
                                "style": {
                                    "bold": true
                                }
                            },
                            {
                                "type": "text",
                                "text": "\nEl próximo dia 15\/10\/2020 voy hacer una demo de TWeb: Que és y como lo podemos usar con modharbour para crear nuestras pantallas en la web. Empezaremos a las 17.00 (hora españa) y lo haremos en el canal modHarbour "
                            },
                            {
                                "type": "link",
                                "url": "https:\/\/join.skype.com\/cnzQg3Kr1dnk"
                            }
                        ]
                    }
                ]
            }
        ],
        "reactions": [
            {
                "name": "+1",
                "users": [
                    "UJHD6A81H",
                    "UJXP7LS78"
                ],
                "count": 2
            }
        ]
    },
    {
        "client_msg_id": "d5dd1647-fa34-4615-b6c7-d5481352f308",
        "type": "message",
        "text": "<https:\/\/www.facebook.com\/mod.harbour\/posts\/161834382275727>",
        "user": "UJWR5N32S",
        "ts": "1602265946.223800",
        "team": "TJH5YU202",
        "user_team": "TJH5YU202",
        "source_team": "TJH5YU202",
        "user_profile": {
            "avatar_hash": "273d3745f7ae",
            "image_72": "https:\/\/avatars.slack-edge.com\/2019-05-20\/634344238497_273d3745f7ae1b176b82_72.jpg",
            "first_name": "Charly",
            "real_name": "Charly",
            "display_name": "Charly",
            "team": "TJH5YU202",
            "name": "carles9000",
            "is_restricted": false,
            "is_ultra_restricted": false
        },
        "attachments": [
            {
                "title": "Charly Aubia",
                "title_link": "https:\/\/www.facebook.com\/mod.harbour\/posts\/161834382275727",
                "text": "DEMO TWEB (for modharbour) El próximo dia 15\/10\/2020 voy hacer una demo de TWeb: Que és y como lo podemos usar con modharbour para crear nuestras pantallas en la web. Empezaremos a las 17.00 (hora...",
                "fallback": "Charly Aubia",
                "image_url": "https:\/\/scontent-iad3-1.xx.fbcdn.net\/v\/t1.0-9\/121150707_161833115609187_2870446685562235800_n.jpg?_nc_cat=111&_nc_sid=8024bb&_nc_ohc=_LgFAhHDZl4AX8oVx-I&_nc_ht=scontent-iad3-1.xx&oh=e04dfc9d54cd0fd0a52d18299800d201&oe=5FA7F529",
                "from_url": "https:\/\/www.facebook.com\/mod.harbour\/posts\/161834382275727",
                "image_width": 125,
                "image_height": 250,
                "image_bytes": 37681,
                "service_icon": "https:\/\/static.xx.fbcdn.net\/rsrc.php\/yz\/r\/KFyVIAWzntM.ico",
                "service_name": "facebook.com",
                "id": 1,
                "original_url": "https:\/\/www.facebook.com\/mod.harbour\/posts\/161834382275727"
            }
        ],
        "blocks": [
            {
                "type": "rich_text",
                "block_id": "FeI",
                "elements": [
                    {
                        "type": "rich_text_section",
                        "elements": [
                            {
                                "type": "link",
                                "url": "https:\/\/www.facebook.com\/mod.harbour\/posts\/161834382275727"
                            }
                        ]
                    }
                ]
            }
        ],
        "reactions": [
            {
                "name": "+1",
                "users": [
                    "UJHD6A81H"
                ],
                "count": 1
            }
        ]
    },
    {
        "client_msg_id": "181a3b97-4eee-4858-a4ae-c7ca91a751e2",
        "type": "message",
        "text": "Buen dia",
        "user": "UJUSD6VB2",
        "ts": "1602267033.224100",
        "team": "TJH5YU202",
        "user_team": "TJH5YU202",
        "source_team": "TJH5YU202",
        "user_profile": {
            "avatar_hash": "g1677a02d0b6",
            "image_72": "https:\/\/secure.gravatar.com\/avatar\/bb1677a02d0b69ba91eb245090c7c83a.jpg?s=72&d=https%3A%2F%2Fa.slack-edge.com%2Fdf10d%2Fimg%2Favatars%2Fava_0015-72.png",
            "first_name": "",
            "real_name": "Osvaldo Ramirez",
            "display_name": "Osvaldo Ramirez",
            "team": "TJH5YU202",
            "name": "ramirezosvaldo",
            "is_restricted": false,
            "is_ultra_restricted": false
        },
        "blocks": [
            {
                "type": "rich_text",
                "block_id": "Xc08T",
                "elements": [
                    {
                        "type": "rich_text_section",
                        "elements": [
                            {
                                "type": "text",
                                "text": "Buen dia"
                            }
                        ]
                    }
                ]
            }
        ]
    },
    {
        "client_msg_id": "36b9d2bd-d3d8-4932-be94-4ad41e28a113",
        "type": "message",
        "text": "Baje de aqui las lib... <https:\/\/github.com\/FiveTechSoft\/mod_harbour|mod_harbour>\/<https:\/\/github.com\/FiveTechSoft\/mod_harbour\/tree\/master\/windows|windows>\/win32\/",
        "user": "UJUSD6VB2",
        "ts": "1602267096.224700",
        "team": "TJH5YU202",
        "user_team": "TJH5YU202",
        "source_team": "TJH5YU202",
        "user_profile": {
            "avatar_hash": "g1677a02d0b6",
            "image_72": "https:\/\/secure.gravatar.com\/avatar\/bb1677a02d0b69ba91eb245090c7c83a.jpg?s=72&d=https%3A%2F%2Fa.slack-edge.com%2Fdf10d%2Fimg%2Favatars%2Fava_0015-72.png",
            "first_name": "",
            "real_name": "Osvaldo Ramirez",
            "display_name": "Osvaldo Ramirez",
            "team": "TJH5YU202",
            "name": "ramirezosvaldo",
            "is_restricted": false,
            "is_ultra_restricted": false
        },
        "attachments": [
            {
                "fallback": "FiveTechSoft\/mod_harbour",
                "title": "FiveTechSoft\/mod_harbour",
                "footer": "<https:\/\/github.com\/FiveTechSoft\/mod_harbour|FiveTechSoft\/mod_harbour>",
                "id": 1,
                "footer_icon": "https:\/\/github.githubassets.com\/favicon.ico",
                "ts": 1557923176,
                "color": "24292f",
                "fields": [
                    {
                        "title": "Website",
                        "value": "<https:\/\/fivetechsoft.github.io\/mod_harbour\/>",
                        "short": true
                    },
                    {
                        "title": "Stars",
                        "value": "28",
                        "short": true
                    }
                ],
                "mrkdwn_in": [
                    "text",
                    "fields"
                ],
                "bot_id": "B013M1D0ZKM",
                "app_unfurl_url": "https:\/\/github.com\/FiveTechSoft\/mod_harbour",
                "is_app_unfurl": true
            }
        ],
        "blocks": [
            {
                "type": "rich_text",
                "block_id": "KBCh",
                "elements": [
                    {
                        "type": "rich_text_section",
                        "elements": [
                            {
                                "type": "text",
                                "text": "Baje de aqui las lib... "
                            },
                            {
                                "type": "link",
                                "url": "https:\/\/github.com\/FiveTechSoft\/mod_harbour",
                                "text": "mod_harbour"
                            },
                            {
                                "type": "text",
                                "text": "\/"
                            },
                            {
                                "type": "link",
                                "url": "https:\/\/github.com\/FiveTechSoft\/mod_harbour\/tree\/master\/windows",
                                "text": "windows"
                            },
                            {
                                "type": "text",
                                "text": "\/win32\/"
                            }
                        ]
                    }
                ]
            }
        ]
    },
    {
        "client_msg_id": "ed63d1af-0be9-41ad-a896-517c953624c4",
        "type": "message",
        "text": "pero  win64 requiere unas lib de crytpo64, asi que mi pregunta modharbour de 32 no requiere estas ?",
        "user": "UJUSD6VB2",
        "ts": "1602267147.225900",
        "team": "TJH5YU202",
        "user_team": "TJH5YU202",
        "source_team": "TJH5YU202",
        "user_profile": {
            "avatar_hash": "g1677a02d0b6",
            "image_72": "https:\/\/secure.gravatar.com\/avatar\/bb1677a02d0b69ba91eb245090c7c83a.jpg?s=72&d=https%3A%2F%2Fa.slack-edge.com%2Fdf10d%2Fimg%2Favatars%2Fava_0015-72.png",
            "first_name": "",
            "real_name": "Osvaldo Ramirez",
            "display_name": "Osvaldo Ramirez",
            "team": "TJH5YU202",
            "name": "ramirezosvaldo",
            "is_restricted": false,
            "is_ultra_restricted": false
        },
        "blocks": [
            {
                "type": "rich_text",
                "block_id": "NIjj",
                "elements": [
                    {
                        "type": "rich_text_section",
                        "elements": [
                            {
                                "type": "text",
                                "text": "pero  win64 requiere unas lib de crytpo64, asi que mi pregunta modharbour de 32 no requiere estas ?"
                            }
                        ]
                    }
                ]
            }
        ]
    }
]