[
    {
        "client_msg_id": "d2f9cfc0-b1e0-4a02-aacd-c475ee5d63d8",
        "type": "message",
        "text": "Excuse me Otto, but, what is AUTOCODE, is for autocomplete commands Fivewin library? I don't have been ear nothing about that. Thanks",
        "user": "URQ8AJCQZ",
        "ts": "1601295736.061000",
        "team": "TJH5YU202",
        "user_team": "TJH5YU202",
        "source_team": "TJH5YU202",
        "user_profile": {
            "avatar_hash": "7ce81101b209",
            "image_72": "https:\/\/avatars.slack-edge.com\/2020-06-02\/1166191418788_7ce81101b20935b160c6_72.jpg",
            "first_name": "Jose",
            "real_name": "Jose Vte. Cheto",
            "display_name": "jvtecheto",
            "team": "TJH5YU202",
            "name": "jvtecheto",
            "is_restricted": false,
            "is_ultra_restricted": false
        },
        "blocks": [
            {
                "type": "rich_text",
                "block_id": "Jz\/8",
                "elements": [
                    {
                        "type": "rich_text_section",
                        "elements": [
                            {
                                "type": "text",
                                "text": "Excuse me Otto, but, what is AUTOCODE, is for autocomplete commands Fivewin library? I don't have been ear nothing about that. Thanks"
                            }
                        ]
                    }
                ]
            }
        ],
        "thread_ts": "1601134186.057100",
        "parent_user_id": "UJHD6A81H"
    },
    {
        "type": "message",
        "text": "",
        "files": [
            {
                "id": "F01BJG9D8N7",
                "created": 1601309473,
                "timestamp": 1601309473,
                "name": "....gif",
                "title": "....gif",
                "mimetype": "image\/gif",
                "filetype": "gif",
                "pretty_type": "GIF",
                "user": "UJULQCHL5",
                "editable": false,
                "size": 7248842,
                "mode": "hosted",
                "is_external": false,
                "external_type": "",
                "is_public": true,
                "public_url_shared": false,
                "display_as_bot": false,
                "username": "",
                "url_private": "https:\/\/files.slack.com\/files-pri\/TJH5YU202-F01BJG9D8N7\/....gif?t=xoxe-629202954002-1408710291175-1429611969940-666c705f8dd944d59ed88b8cd6be975e",
                "url_private_download": "https:\/\/files.slack.com\/files-pri\/TJH5YU202-F01BJG9D8N7\/download\/....gif?t=xoxe-629202954002-1408710291175-1429611969940-666c705f8dd944d59ed88b8cd6be975e",
                "thumb_64": "https:\/\/files.slack.com\/files-tmb\/TJH5YU202-F01BJG9D8N7-f350549066\/..._64.png?t=xoxe-629202954002-1408710291175-1429611969940-666c705f8dd944d59ed88b8cd6be975e",
                "thumb_80": "https:\/\/files.slack.com\/files-tmb\/TJH5YU202-F01BJG9D8N7-f350549066\/..._80.png?t=xoxe-629202954002-1408710291175-1429611969940-666c705f8dd944d59ed88b8cd6be975e",
                "thumb_360": "https:\/\/files.slack.com\/files-tmb\/TJH5YU202-F01BJG9D8N7-f350549066\/..._360.png?t=xoxe-629202954002-1408710291175-1429611969940-666c705f8dd944d59ed88b8cd6be975e",
                "thumb_360_w": 360,
                "thumb_360_h": 269,
                "thumb_480": "https:\/\/files.slack.com\/files-tmb\/TJH5YU202-F01BJG9D8N7-f350549066\/..._480.png?t=xoxe-629202954002-1408710291175-1429611969940-666c705f8dd944d59ed88b8cd6be975e",
                "thumb_480_w": 480,
                "thumb_480_h": 359,
                "thumb_160": "https:\/\/files.slack.com\/files-tmb\/TJH5YU202-F01BJG9D8N7-f350549066\/..._160.png?t=xoxe-629202954002-1408710291175-1429611969940-666c705f8dd944d59ed88b8cd6be975e",
                "thumb_360_gif": "https:\/\/files.slack.com\/files-tmb\/TJH5YU202-F01BJG9D8N7-f350549066\/..._360.gif?t=xoxe-629202954002-1408710291175-1429611969940-666c705f8dd944d59ed88b8cd6be975e",
                "thumb_480_gif": "https:\/\/files.slack.com\/files-tmb\/TJH5YU202-F01BJG9D8N7-f350549066\/..._480.gif?t=xoxe-629202954002-1408710291175-1429611969940-666c705f8dd944d59ed88b8cd6be975e",
                "original_w": 498,
                "original_h": 372,
                "deanimate_gif": "https:\/\/files.slack.com\/files-tmb\/TJH5YU202-F01BJG9D8N7-f350549066\/..._deanimate_gif.png?t=xoxe-629202954002-1408710291175-1429611969940-666c705f8dd944d59ed88b8cd6be975e",
                "thumb_tiny": "AwAjADCoEOKeAw6E09elOwaokYHI6gmkchuigVKEJpfL9TRoBWKYppFWjGvrTDGtO4DlYetPDDsaaAv90U8Y9BWdy7CZHrSVJx6CjPtRzCsR80xjgc1MWFRsVPYUcwWGinA0wU8Uih2aMmiikAGo2qQ1G1AH\/9k=",
                "permalink": "https:\/\/harbourproject.slack.com\/files\/UJULQCHL5\/F01BJG9D8N7\/....gif",
                "permalink_public": "https:\/\/slack-files.com\/TJH5YU202-F01BJG9D8N7-5ea72b5074",
                "is_starred": false,
                "has_rich_preview": false
            }
        ],
        "upload": false,
        "user": "UJULQCHL5",
        "display_as_bot": false,
        "ts": "1601309526.061700"
    },
    {
        "type": "message",
        "text": "",
        "files": [
            {
                "id": "F01BF9EM0TX",
                "created": 1601310812,
                "timestamp": 1601310812,
                "name": "008d5d65d7950239c8b4a90e84d8b716.gif",
                "title": "008d5d65d7950239c8b4a90e84d8b716.gif",
                "mimetype": "image\/gif",
                "filetype": "gif",
                "pretty_type": "GIF",
                "user": "UM81W8B0Q",
                "editable": false,
                "size": 423603,
                "mode": "hosted",
                "is_external": false,
                "external_type": "",
                "is_public": true,
                "public_url_shared": false,
                "display_as_bot": false,
                "username": "",
                "url_private": "https:\/\/files.slack.com\/files-pri\/TJH5YU202-F01BF9EM0TX\/008d5d65d7950239c8b4a90e84d8b716.gif?t=xoxe-629202954002-1408710291175-1429611969940-666c705f8dd944d59ed88b8cd6be975e",
                "url_private_download": "https:\/\/files.slack.com\/files-pri\/TJH5YU202-F01BF9EM0TX\/download\/008d5d65d7950239c8b4a90e84d8b716.gif?t=xoxe-629202954002-1408710291175-1429611969940-666c705f8dd944d59ed88b8cd6be975e",
                "thumb_64": "https:\/\/files.slack.com\/files-tmb\/TJH5YU202-F01BF9EM0TX-366c091761\/008d5d65d7950239c8b4a90e84d8b716_64.png?t=xoxe-629202954002-1408710291175-1429611969940-666c705f8dd944d59ed88b8cd6be975e",
                "thumb_80": "https:\/\/files.slack.com\/files-tmb\/TJH5YU202-F01BF9EM0TX-366c091761\/008d5d65d7950239c8b4a90e84d8b716_80.png?t=xoxe-629202954002-1408710291175-1429611969940-666c705f8dd944d59ed88b8cd6be975e",
                "thumb_360": "https:\/\/files.slack.com\/files-tmb\/TJH5YU202-F01BF9EM0TX-366c091761\/008d5d65d7950239c8b4a90e84d8b716_360.png?t=xoxe-629202954002-1408710291175-1429611969940-666c705f8dd944d59ed88b8cd6be975e",
                "thumb_360_w": 250,
                "thumb_360_h": 173,
                "thumb_160": "https:\/\/files.slack.com\/files-tmb\/TJH5YU202-F01BF9EM0TX-366c091761\/008d5d65d7950239c8b4a90e84d8b716_160.png?t=xoxe-629202954002-1408710291175-1429611969940-666c705f8dd944d59ed88b8cd6be975e",
                "thumb_360_gif": "https:\/\/files.slack.com\/files-tmb\/TJH5YU202-F01BF9EM0TX-366c091761\/008d5d65d7950239c8b4a90e84d8b716_360.gif?t=xoxe-629202954002-1408710291175-1429611969940-666c705f8dd944d59ed88b8cd6be975e",
                "original_w": 250,
                "original_h": 173,
                "deanimate_gif": "https:\/\/files.slack.com\/files-tmb\/TJH5YU202-F01BF9EM0TX-366c091761\/008d5d65d7950239c8b4a90e84d8b716_deanimate_gif.png?t=xoxe-629202954002-1408710291175-1429611969940-666c705f8dd944d59ed88b8cd6be975e",
                "thumb_tiny": "AwAhADCGijA7ZqxBBv8Amc7V7e9AEaIpPztj2FPKR9CGHvmrLQRheFzVVnMZKtyppARspU+3rSIzc7Uz70sZySpyUYfjVeQNC+CcjsR3FAErNgUsdww4PP1pr\/MpFQbGHagDTjnzx0zzVe7YEAe9RIzKOlIylzljQAscgUccmo3V2H3sjOcelSBQKdxQAGkpTSUAApaQUtACd6Wk70tAH\/\/Z",
                "permalink": "https:\/\/harbourproject.slack.com\/files\/UM81W8B0Q\/F01BF9EM0TX\/008d5d65d7950239c8b4a90e84d8b716.gif",
                "permalink_public": "https:\/\/slack-files.com\/TJH5YU202-F01BF9EM0TX-1290de1706",
                "is_starred": false,
                "has_rich_preview": false
            }
        ],
        "upload": false,
        "user": "UM81W8B0Q",
        "display_as_bot": false,
        "ts": "1601310816.062500"
    },
    {
        "client_msg_id": "2c883000-d4c9-4da1-90db-3ad7ae1b72e7",
        "type": "message",
        "text": "buen dia amigos:sunny:",
        "user": "UK28N3CER",
        "ts": "1601310952.063000",
        "team": "TJH5YU202",
        "user_team": "TJH5YU202",
        "source_team": "TJH5YU202",
        "user_profile": {
            "avatar_hash": "0eafa7153ff3",
            "image_72": "https:\/\/avatars.slack-edge.com\/2020-05-18\/1155120542496_0eafa7153ff35206c804_72.jpg",
            "first_name": "Cesar",
            "real_name": "Cesar SysCtrl Software",
            "display_name": "Cesar SysCtrl Software",
            "team": "TJH5YU202",
            "name": "sysctrlsoftware",
            "is_restricted": false,
            "is_ultra_restricted": false
        },
        "blocks": [
            {
                "type": "rich_text",
                "block_id": "P6dGS",
                "elements": [
                    {
                        "type": "rich_text_section",
                        "elements": [
                            {
                                "type": "text",
                                "text": "buen dia amigos"
                            },
                            {
                                "type": "emoji",
                                "name": "sunny"
                            }
                        ]
                    }
                ]
            }
        ]
    },
    {
        "client_msg_id": "bbf6ec93-1e26-4657-8d62-5514a0efa832",
        "type": "message",
        "text": "jajajaja, Paquito, Angel, se pasan, jajajajaja; Me gusto las imágenes.",
        "user": "UJUSD6VB2",
        "ts": "1601323942.063600",
        "team": "TJH5YU202",
        "user_team": "TJH5YU202",
        "source_team": "TJH5YU202",
        "user_profile": {
            "avatar_hash": "g1677a02d0b6",
            "image_72": "https:\/\/secure.gravatar.com\/avatar\/bb1677a02d0b69ba91eb245090c7c83a.jpg?s=72&d=https%3A%2F%2Fa.slack-edge.com%2Fdf10d%2Fimg%2Favatars%2Fava_0015-72.png",
            "first_name": "",
            "real_name": "Osvaldo Ramirez",
            "display_name": "Osvaldo Ramirez",
            "team": "TJH5YU202",
            "name": "ramirezosvaldo",
            "is_restricted": false,
            "is_ultra_restricted": false
        },
        "edited": {
            "user": "UJUSD6VB2",
            "ts": "1601324862.000000"
        },
        "blocks": [
            {
                "type": "rich_text",
                "block_id": "RP5P",
                "elements": [
                    {
                        "type": "rich_text_section",
                        "elements": [
                            {
                                "type": "text",
                                "text": "jajajaja, Paquito, Angel, se pasan, jajajajaja; Me gusto las imágenes."
                            }
                        ]
                    }
                ]
            }
        ]
    },
    {
        "client_msg_id": "893e0599-0b30-40d4-bae1-a5af516c1d84",
        "type": "message",
        "text": "buenas tardes",
        "user": "UJXP7LS78",
        "ts": "1601324854.063800",
        "team": "TJH5YU202",
        "user_team": "TJH5YU202",
        "source_team": "TJH5YU202",
        "user_profile": {
            "avatar_hash": "gc4a0baebb72",
            "image_72": "https:\/\/secure.gravatar.com\/avatar\/a1c4a0baebb720b97e5a197259dbf409.jpg?s=72&d=https%3A%2F%2Fa.slack-edge.com%2Fdf10d%2Fimg%2Favatars%2Fava_0007-72.png",
            "first_name": "",
            "real_name": "wilson gamboa",
            "display_name": "wilson gamboa",
            "team": "TJH5YU202",
            "name": "wilson.josenet",
            "is_restricted": false,
            "is_ultra_restricted": false
        },
        "blocks": [
            {
                "type": "rich_text",
                "block_id": "\/rm",
                "elements": [
                    {
                        "type": "rich_text_section",
                        "elements": [
                            {
                                "type": "text",
                                "text": "buenas tardes"
                            }
                        ]
                    }
                ]
            }
        ]
    },
    {
        "client_msg_id": "515309bd-7c85-4cd4-8ed6-f08aeef74769",
        "type": "message",
        "text": "insisto que rica vida !!",
        "user": "UJXP7LS78",
        "ts": "1601324861.064100",
        "team": "TJH5YU202",
        "user_team": "TJH5YU202",
        "source_team": "TJH5YU202",
        "user_profile": {
            "avatar_hash": "gc4a0baebb72",
            "image_72": "https:\/\/secure.gravatar.com\/avatar\/a1c4a0baebb720b97e5a197259dbf409.jpg?s=72&d=https%3A%2F%2Fa.slack-edge.com%2Fdf10d%2Fimg%2Favatars%2Fava_0007-72.png",
            "first_name": "",
            "real_name": "wilson gamboa",
            "display_name": "wilson gamboa",
            "team": "TJH5YU202",
            "name": "wilson.josenet",
            "is_restricted": false,
            "is_ultra_restricted": false
        },
        "edited": {
            "user": "UJXP7LS78",
            "ts": "1601324875.000000"
        },
        "blocks": [
            {
                "type": "rich_text",
                "block_id": "IL\/=",
                "elements": [
                    {
                        "type": "rich_text_section",
                        "elements": [
                            {
                                "type": "text",
                                "text": "insisto que rica vida !!"
                            }
                        ]
                    }
                ]
            }
        ]
    }
]