[
    {
        "client_msg_id": "2893023c-2847-4ca5-b6dc-a6cc1ba14980",
        "type": "message",
        "text": "Anuncio:  Para los que se encuentran testeando la beta3 de los nuevos drivers para desarrollo web en harbour\n          Se subió una nueva versión ( beta_4 ) al <https:\/\/www.mod-harbour.com>\nCambios:  Se incluyen versiones para WIN32 y Linux además de la WIN64 tradicional\n          Los nombres de los binarios han cambiado.\n          También cambiaron las variables de entorno en la conf de apache.\n          Nuevo manejador de errores que muestra los números de línea correctos cuando hay includes y defines.\n          Enjoy !\nProximamente: binarios de hw_apache para MAC OSX\n              binarios win\/linux para NGINX\nEnjoy!",
        "user": "UM81W8B0Q",
        "ts": "1598533247.133600",
        "team": "TJH5YU202",
        "user_team": "TJH5YU202",
        "source_team": "TJH5YU202",
        "user_profile": {
            "avatar_hash": "gab9279ee8c0",
            "image_72": "https:\/\/secure.gravatar.com\/avatar\/73ab9279ee8c00f66ce4904d30146c8f.jpg?s=72&d=https%3A%2F%2Fa.slack-edge.com%2Fdf10d%2Fimg%2Favatars%2Fava_0010-72.png",
            "first_name": "",
            "real_name": "Angel Pais",
            "display_name": "Angel Pais",
            "team": "TJH5YU202",
            "name": "amigosam",
            "is_restricted": false,
            "is_ultra_restricted": false
        },
        "blocks": [
            {
                "type": "rich_text",
                "block_id": "xXHX",
                "elements": [
                    {
                        "type": "rich_text_section",
                        "elements": [
                            {
                                "type": "text",
                                "text": "Anuncio:  Para los que se encuentran testeando la beta3 de los nuevos drivers para desarrollo web en harbour\n          Se subió una nueva versión ( beta_4 ) al "
                            },
                            {
                                "type": "link",
                                "url": "https:\/\/www.mod-harbour.com"
                            },
                            {
                                "type": "text",
                                "text": "\nCambios:  Se incluyen versiones para WIN32 y Linux además de la WIN64 tradicional\n          Los nombres de los binarios han cambiado.\n          También cambiaron las variables de entorno en la conf de apache.\n          Nuevo manejador de errores que muestra los números de línea correctos cuando hay includes y defines.\n          Enjoy !\nProximamente: binarios de hw_apache para MAC OSX\n              binarios win\/linux para NGINX\nEnjoy!"
                            }
                        ]
                    }
                ]
            }
        ],
        "reactions": [
            {
                "name": "+1",
                "users": [
                    "UJUSD6VB2"
                ],
                "count": 1
            }
        ]
    },
    {
        "client_msg_id": "eff0f112-42fc-4d79-952b-9f89b4ea6818",
        "type": "message",
        "text": "bien <@UJVAZ9E2Y> gracias.",
        "user": "UK28N3CER",
        "ts": "1598535234.134300",
        "team": "TJH5YU202",
        "user_team": "TJH5YU202",
        "source_team": "TJH5YU202",
        "user_profile": {
            "avatar_hash": "0eafa7153ff3",
            "image_72": "https:\/\/avatars.slack-edge.com\/2020-05-18\/1155120542496_0eafa7153ff35206c804_72.jpg",
            "first_name": "Cesar",
            "real_name": "Cesar SysCtrl Software",
            "display_name": "Cesar SysCtrl Software",
            "team": "TJH5YU202",
            "name": "sysctrlsoftware",
            "is_restricted": false,
            "is_ultra_restricted": false
        },
        "blocks": [
            {
                "type": "rich_text",
                "block_id": "FHp=z",
                "elements": [
                    {
                        "type": "rich_text_section",
                        "elements": [
                            {
                                "type": "text",
                                "text": "bien "
                            },
                            {
                                "type": "user",
                                "user_id": "UJVAZ9E2Y"
                            },
                            {
                                "type": "text",
                                "text": " gracias."
                            }
                        ]
                    }
                ]
            }
        ]
    },
    {
        "client_msg_id": "c7466719-265b-4fb2-83c5-f0dbb4c1104d",
        "type": "message",
        "text": "No me habia percatado 177 Miembros en el slack, si son algunos.",
        "user": "UJUSD6VB2",
        "ts": "1598548796.135100",
        "team": "TJH5YU202",
        "user_team": "TJH5YU202",
        "source_team": "TJH5YU202",
        "user_profile": {
            "avatar_hash": "g1677a02d0b6",
            "image_72": "https:\/\/secure.gravatar.com\/avatar\/bb1677a02d0b69ba91eb245090c7c83a.jpg?s=72&d=https%3A%2F%2Fa.slack-edge.com%2Fdf10d%2Fimg%2Favatars%2Fava_0015-72.png",
            "first_name": "",
            "real_name": "Osvaldo Ramirez",
            "display_name": "Osvaldo Ramirez",
            "team": "TJH5YU202",
            "name": "ramirezosvaldo",
            "is_restricted": false,
            "is_ultra_restricted": false
        },
        "blocks": [
            {
                "type": "rich_text",
                "block_id": "JIVY",
                "elements": [
                    {
                        "type": "rich_text_section",
                        "elements": [
                            {
                                "type": "text",
                                "text": "No me habia percatado 177 Miembros en el slack, si son algunos."
                            }
                        ]
                    }
                ]
            }
        ],
        "reactions": [
            {
                "name": "thumbsup_all",
                "users": [
                    "UJUSD6VB2"
                ],
                "count": 1
            },
            {
                "name": "ok_hand",
                "users": [
                    "UJUSD6VB2"
                ],
                "count": 1
            }
        ]
    },
    {
        "client_msg_id": "af75831c-3e07-4606-8f74-33e07020db58",
        "type": "message",
        "text": "son algo",
        "user": "UK28N3CER",
        "ts": "1598550142.135500",
        "team": "TJH5YU202",
        "user_team": "TJH5YU202",
        "source_team": "TJH5YU202",
        "user_profile": {
            "avatar_hash": "0eafa7153ff3",
            "image_72": "https:\/\/avatars.slack-edge.com\/2020-05-18\/1155120542496_0eafa7153ff35206c804_72.jpg",
            "first_name": "Cesar",
            "real_name": "Cesar SysCtrl Software",
            "display_name": "Cesar SysCtrl Software",
            "team": "TJH5YU202",
            "name": "sysctrlsoftware",
            "is_restricted": false,
            "is_ultra_restricted": false
        },
        "blocks": [
            {
                "type": "rich_text",
                "block_id": "uBJ4j",
                "elements": [
                    {
                        "type": "rich_text_section",
                        "elements": [
                            {
                                "type": "text",
                                "text": "son algo"
                            }
                        ]
                    }
                ]
            }
        ]
    },
    {
        "client_msg_id": "7c5df7cf-24d1-44a1-8556-3d2a978d82b5",
        "type": "message",
        "text": "son como 170 mas de los que escriben aca ggg",
        "user": "UM81W8B0Q",
        "ts": "1598550485.135800",
        "team": "TJH5YU202",
        "user_team": "TJH5YU202",
        "source_team": "TJH5YU202",
        "user_profile": {
            "avatar_hash": "gab9279ee8c0",
            "image_72": "https:\/\/secure.gravatar.com\/avatar\/73ab9279ee8c00f66ce4904d30146c8f.jpg?s=72&d=https%3A%2F%2Fa.slack-edge.com%2Fdf10d%2Fimg%2Favatars%2Fava_0010-72.png",
            "first_name": "",
            "real_name": "Angel Pais",
            "display_name": "Angel Pais",
            "team": "TJH5YU202",
            "name": "amigosam",
            "is_restricted": false,
            "is_ultra_restricted": false
        },
        "blocks": [
            {
                "type": "rich_text",
                "block_id": "ic5FL",
                "elements": [
                    {
                        "type": "rich_text_section",
                        "elements": [
                            {
                                "type": "text",
                                "text": "son como 170 mas de los que escriben aca ggg"
                            }
                        ]
                    }
                ]
            }
        ]
    },
    {
        "client_msg_id": "da6fea22-548c-4e5a-9961-63472a2dea90",
        "type": "message",
        "text": "Aceptan invitados?  Llevo un vino.   Recien me integro a este slack y he visto los videos de reuniones anteriores,  prometo no interrumpir :grin:.",
        "user": "UJHKRACN7",
        "ts": "1598561944.138500",
        "team": "TJH5YU202",
        "user_team": "TJH5YU202",
        "source_team": "TJH5YU202",
        "user_profile": {
            "avatar_hash": "g6087e0bdbd8",
            "image_72": "https:\/\/secure.gravatar.com\/avatar\/786087e0bdbd8bbc28f97688006ef72b.jpg?s=72&d=https%3A%2F%2Fa.slack-edge.com%2Fdf10d%2Fimg%2Favatars%2Fava_0000-72.png",
            "first_name": "",
            "real_name": "Ralph del Castillo",
            "display_name": "Ralph del Castillo",
            "team": "TJH5YU202",
            "name": "rdelcastillo",
            "is_restricted": false,
            "is_ultra_restricted": false
        },
        "blocks": [
            {
                "type": "rich_text",
                "block_id": "rOnS",
                "elements": [
                    {
                        "type": "rich_text_section",
                        "elements": [
                            {
                                "type": "text",
                                "text": "Aceptan invitados?  Llevo un vino.   Recien me integro a este slack y he visto los videos de reuniones anteriores,  prometo no interrumpir "
                            },
                            {
                                "type": "emoji",
                                "name": "grin"
                            },
                            {
                                "type": "text",
                                "text": "."
                            }
                        ]
                    }
                ]
            }
        ],
        "thread_ts": "1598478250.129000",
        "parent_user_id": "UJUSD6VB2"
    },
    {
        "client_msg_id": "a98dd3ac-4f55-49de-ba97-78529c2a1647",
        "type": "message",
        "text": "Hola todos, me integré al slack hace poco, estuve viendo videos de sus reuniones anteriores de los viernes y quisiera saber si se puede participar.  Un saludo desde Lima.",
        "user": "UJHKRACN7",
        "ts": "1598562689.140000",
        "team": "TJH5YU202",
        "user_team": "TJH5YU202",
        "source_team": "TJH5YU202",
        "user_profile": {
            "avatar_hash": "g6087e0bdbd8",
            "image_72": "https:\/\/secure.gravatar.com\/avatar\/786087e0bdbd8bbc28f97688006ef72b.jpg?s=72&d=https%3A%2F%2Fa.slack-edge.com%2Fdf10d%2Fimg%2Favatars%2Fava_0000-72.png",
            "first_name": "",
            "real_name": "Ralph del Castillo",
            "display_name": "Ralph del Castillo",
            "team": "TJH5YU202",
            "name": "rdelcastillo",
            "is_restricted": false,
            "is_ultra_restricted": false
        },
        "blocks": [
            {
                "type": "rich_text",
                "block_id": "o7sU",
                "elements": [
                    {
                        "type": "rich_text_section",
                        "elements": [
                            {
                                "type": "text",
                                "text": "Hola todos, me integré al slack hace poco, estuve viendo videos de sus reuniones anteriores de los viernes y quisiera saber si se puede participar.  Un saludo desde Lima."
                            }
                        ]
                    }
                ]
            }
        ]
    },
    {
        "client_msg_id": "9379c368-ab80-4a13-9d90-cc6a917f0c06",
        "type": "message",
        "text": "Mañana a las 17:00 hora españa",
        "user": "UK28N3CER",
        "ts": "1598562771.140500",
        "team": "TJH5YU202",
        "user_team": "TJH5YU202",
        "source_team": "TJH5YU202",
        "user_profile": {
            "avatar_hash": "0eafa7153ff3",
            "image_72": "https:\/\/avatars.slack-edge.com\/2020-05-18\/1155120542496_0eafa7153ff35206c804_72.jpg",
            "first_name": "Cesar",
            "real_name": "Cesar SysCtrl Software",
            "display_name": "Cesar SysCtrl Software",
            "team": "TJH5YU202",
            "name": "sysctrlsoftware",
            "is_restricted": false,
            "is_ultra_restricted": false
        },
        "blocks": [
            {
                "type": "rich_text",
                "block_id": "eNp",
                "elements": [
                    {
                        "type": "rich_text_section",
                        "elements": [
                            {
                                "type": "text",
                                "text": "Mañana a las 17:00 hora españa"
                            }
                        ]
                    }
                ]
            }
        ]
    }
]