[
    {
        "client_msg_id": "4fea191b-7650-4bce-9cc4-73f22e18b566",
        "type": "message",
        "text": "Ahora he simplificado enormemente el código para una consulta estándar al SERVICIO WEB FIVEWIN ( FWS - Request ). Todo corre en GENESIS.",
        "user": "UJHD6A81H",
        "ts": "1600154712.037000",
        "team": "TJH5YU202",
        "user_team": "TJH5YU202",
        "source_team": "TJH5YU202",
        "user_profile": {
            "avatar_hash": "g6b8073e00e9",
            "image_72": "https:\/\/secure.gravatar.com\/avatar\/b96b8073e00e9eb02bcf05bc1418eb3a.jpg?s=72&d=https%3A%2F%2Fa.slack-edge.com%2Fdf10d%2Fimg%2Favatars%2Fava_0021-72.png",
            "first_name": "Otto",
            "real_name": "Otto Atzwanger",
            "display_name": "Otto",
            "team": "TJH5YU202",
            "name": "otto",
            "is_restricted": false,
            "is_ultra_restricted": false
        },
        "blocks": [
            {
                "type": "rich_text",
                "block_id": "W2\/",
                "elements": [
                    {
                        "type": "rich_text_section",
                        "elements": [
                            {
                                "type": "text",
                                "text": "Ahora he simplificado enormemente el código para una consulta estándar al SERVICIO WEB FIVEWIN ( FWS - Request ). Todo corre en GENESIS."
                            }
                        ]
                    }
                ]
            }
        ],
        "reactions": [
            {
                "name": "+1",
                "users": [
                    "UJUSD6VB2",
                    "UJUJLTWMT",
                    "UK28N3CER"
                ],
                "count": 3
            }
        ]
    },
    {
        "type": "message",
        "text": "",
        "files": [
            {
                "id": "F01AVPQRPN0",
                "created": 1600154715,
                "timestamp": 1600154715,
                "name": "grafik.png",
                "title": "grafik.png",
                "mimetype": "image\/png",
                "filetype": "png",
                "pretty_type": "PNG",
                "user": "UJHD6A81H",
                "editable": false,
                "size": 19356,
                "mode": "hosted",
                "is_external": false,
                "external_type": "",
                "is_public": true,
                "public_url_shared": false,
                "display_as_bot": false,
                "username": "",
                "url_private": "https:\/\/files.slack.com\/files-pri\/TJH5YU202-F01AVPQRPN0\/grafik.png?t=xoxe-629202954002-1408710291175-1429611969940-666c705f8dd944d59ed88b8cd6be975e",
                "url_private_download": "https:\/\/files.slack.com\/files-pri\/TJH5YU202-F01AVPQRPN0\/download\/grafik.png?t=xoxe-629202954002-1408710291175-1429611969940-666c705f8dd944d59ed88b8cd6be975e",
                "thumb_64": "https:\/\/files.slack.com\/files-tmb\/TJH5YU202-F01AVPQRPN0-918408634f\/grafik_64.png?t=xoxe-629202954002-1408710291175-1429611969940-666c705f8dd944d59ed88b8cd6be975e",
                "thumb_80": "https:\/\/files.slack.com\/files-tmb\/TJH5YU202-F01AVPQRPN0-918408634f\/grafik_80.png?t=xoxe-629202954002-1408710291175-1429611969940-666c705f8dd944d59ed88b8cd6be975e",
                "thumb_360": "https:\/\/files.slack.com\/files-tmb\/TJH5YU202-F01AVPQRPN0-918408634f\/grafik_360.png?t=xoxe-629202954002-1408710291175-1429611969940-666c705f8dd944d59ed88b8cd6be975e",
                "thumb_360_w": 305,
                "thumb_360_h": 360,
                "thumb_480": "https:\/\/files.slack.com\/files-tmb\/TJH5YU202-F01AVPQRPN0-918408634f\/grafik_480.png?t=xoxe-629202954002-1408710291175-1429611969940-666c705f8dd944d59ed88b8cd6be975e",
                "thumb_480_w": 407,
                "thumb_480_h": 480,
                "thumb_160": "https:\/\/files.slack.com\/files-tmb\/TJH5YU202-F01AVPQRPN0-918408634f\/grafik_160.png?t=xoxe-629202954002-1408710291175-1429611969940-666c705f8dd944d59ed88b8cd6be975e",
                "thumb_720": "https:\/\/files.slack.com\/files-tmb\/TJH5YU202-F01AVPQRPN0-918408634f\/grafik_720.png?t=xoxe-629202954002-1408710291175-1429611969940-666c705f8dd944d59ed88b8cd6be975e",
                "thumb_720_w": 611,
                "thumb_720_h": 720,
                "original_w": 654,
                "original_h": 771,
                "thumb_tiny": "AwAwACiievWjNHegnPr+NABmjNJRQA+I\/vU\/3hWlk+tZsX+tT\/eFaVAGX3pfy\/KkPWjP1\/OgA\/L8qOPWgken60lAD4v9an+8K0qzYv8AWp\/vCtKgDL70cep\/KnmN\/wDnm35Gk8qT+435GgBpx2pKf5Un9xvyo8qT+435UAEX+uT\/AHhWlWfFG4lT5G+8O1aO0+hoA\/\/Z",
                "permalink": "https:\/\/harbourproject.slack.com\/files\/UJHD6A81H\/F01AVPQRPN0\/grafik.png",
                "permalink_public": "https:\/\/slack-files.com\/TJH5YU202-F01AVPQRPN0-6fecf6008b",
                "is_starred": false,
                "has_rich_preview": false
            }
        ],
        "upload": false,
        "user": "UJHD6A81H",
        "display_as_bot": false,
        "ts": "1600154719.037100"
    },
    {
        "client_msg_id": "3f46e711-b2d4-4f13-90bc-d6de66b49085",
        "type": "message",
        "text": "<https:\/\/marketplace.visualstudio.com\/items?itemName=aperricone.vscode-dbf>",
        "user": "UJUSD6VB2",
        "ts": "1600192217.037900",
        "team": "TJH5YU202",
        "user_team": "TJH5YU202",
        "source_team": "TJH5YU202",
        "user_profile": {
            "avatar_hash": "g1677a02d0b6",
            "image_72": "https:\/\/secure.gravatar.com\/avatar\/bb1677a02d0b69ba91eb245090c7c83a.jpg?s=72&d=https%3A%2F%2Fa.slack-edge.com%2Fdf10d%2Fimg%2Favatars%2Fava_0015-72.png",
            "first_name": "",
            "real_name": "Osvaldo Ramirez",
            "display_name": "Osvaldo Ramirez",
            "team": "TJH5YU202",
            "name": "ramirezosvaldo",
            "is_restricted": false,
            "is_ultra_restricted": false
        },
        "attachments": [
            {
                "title": "DBF viewer - Visual Studio Marketplace",
                "title_link": "https:\/\/marketplace.visualstudio.com\/items?itemName=aperricone.vscode-dbf",
                "text": "Extension for Visual Studio Code - DBF table viewer for VSCode",
                "fallback": "DBF viewer - Visual Studio Marketplace",
                "from_url": "https:\/\/marketplace.visualstudio.com\/items?itemName=aperricone.vscode-dbf",
                "service_icon": "https:\/\/marketplace.visualstudio.com\/favicon.ico",
                "service_name": "marketplace.visualstudio.com",
                "id": 1,
                "original_url": "https:\/\/marketplace.visualstudio.com\/items?itemName=aperricone.vscode-dbf"
            }
        ],
        "blocks": [
            {
                "type": "rich_text",
                "block_id": "OYfHU",
                "elements": [
                    {
                        "type": "rich_text_section",
                        "elements": [
                            {
                                "type": "link",
                                "url": "https:\/\/marketplace.visualstudio.com\/items?itemName=aperricone.vscode-dbf"
                            }
                        ]
                    }
                ]
            }
        ],
        "reactions": [
            {
                "name": "+1",
                "users": [
                    "UJHD6A81H"
                ],
                "count": 1
            }
        ]
    },
    {
        "client_msg_id": "b051e1d6-6574-4e1e-8519-d90f0e1ad0f5",
        "type": "message",
        "text": "Uhh, que bueno ya lo instalo !",
        "user": "UM81W8B0Q",
        "ts": "1600192388.038300",
        "team": "TJH5YU202",
        "user_team": "TJH5YU202",
        "source_team": "TJH5YU202",
        "user_profile": {
            "avatar_hash": "gab9279ee8c0",
            "image_72": "https:\/\/secure.gravatar.com\/avatar\/73ab9279ee8c00f66ce4904d30146c8f.jpg?s=72&d=https%3A%2F%2Fa.slack-edge.com%2Fdf10d%2Fimg%2Favatars%2Fava_0010-72.png",
            "first_name": "",
            "real_name": "Angel Pais",
            "display_name": "Angel Pais",
            "team": "TJH5YU202",
            "name": "amigosam",
            "is_restricted": false,
            "is_ultra_restricted": false
        },
        "blocks": [
            {
                "type": "rich_text",
                "block_id": "A3tv",
                "elements": [
                    {
                        "type": "rich_text_section",
                        "elements": [
                            {
                                "type": "text",
                                "text": "Uhh, que bueno ya lo instalo !"
                            }
                        ]
                    }
                ]
            }
        ]
    },
    {
        "client_msg_id": "f31171e1-98f6-4ac6-9aef-ba1c1bc487ca",
        "type": "message",
        "text": "Huy  Ok ya me estan gustando las DBF",
        "user": "UK28N3CER",
        "ts": "1600204643.039100",
        "team": "TJH5YU202",
        "user_team": "TJH5YU202",
        "source_team": "TJH5YU202",
        "user_profile": {
            "avatar_hash": "0eafa7153ff3",
            "image_72": "https:\/\/avatars.slack-edge.com\/2020-05-18\/1155120542496_0eafa7153ff35206c804_72.jpg",
            "first_name": "Cesar",
            "real_name": "Cesar SysCtrl Software",
            "display_name": "Cesar SysCtrl Software",
            "team": "TJH5YU202",
            "name": "sysctrlsoftware",
            "is_restricted": false,
            "is_ultra_restricted": false
        },
        "blocks": [
            {
                "type": "rich_text",
                "block_id": "jPJ\/3",
                "elements": [
                    {
                        "type": "rich_text_section",
                        "elements": [
                            {
                                "type": "text",
                                "text": "Huy  Ok ya me estan gustando las DBF"
                            }
                        ]
                    }
                ]
            }
        ]
    },
    {
        "client_msg_id": "bb0a5f62-b5d8-4243-9fff-99c434e87d26",
        "type": "message",
        "text": "Cuidado César. Que del lado oscuro de la fuerza no vuelve nadie salvo que esté muriendo.",
        "user": "UM81W8B0Q",
        "ts": "1600204846.039900",
        "team": "TJH5YU202",
        "user_team": "TJH5YU202",
        "source_team": "TJH5YU202",
        "user_profile": {
            "avatar_hash": "gab9279ee8c0",
            "image_72": "https:\/\/secure.gravatar.com\/avatar\/73ab9279ee8c00f66ce4904d30146c8f.jpg?s=72&d=https%3A%2F%2Fa.slack-edge.com%2Fdf10d%2Fimg%2Favatars%2Fava_0010-72.png",
            "first_name": "",
            "real_name": "Angel Pais",
            "display_name": "Angel Pais",
            "team": "TJH5YU202",
            "name": "amigosam",
            "is_restricted": false,
            "is_ultra_restricted": false
        },
        "blocks": [
            {
                "type": "rich_text",
                "block_id": "3xgZy",
                "elements": [
                    {
                        "type": "rich_text_section",
                        "elements": [
                            {
                                "type": "text",
                                "text": "Cuidado César. Que del lado oscuro de la fuerza no vuelve nadie salvo que esté muriendo."
                            }
                        ]
                    }
                ]
            }
        ]
    },
    {
        "client_msg_id": "9bbb1097-86aa-491e-a41d-69448488100b",
        "type": "message",
        "text": ":grin:",
        "user": "UK28N3CER",
        "ts": "1600222830.040000",
        "team": "TJH5YU202",
        "user_team": "TJH5YU202",
        "source_team": "TJH5YU202",
        "user_profile": {
            "avatar_hash": "0eafa7153ff3",
            "image_72": "https:\/\/avatars.slack-edge.com\/2020-05-18\/1155120542496_0eafa7153ff35206c804_72.jpg",
            "first_name": "Cesar",
            "real_name": "Cesar SysCtrl Software",
            "display_name": "Cesar SysCtrl Software",
            "team": "TJH5YU202",
            "name": "sysctrlsoftware",
            "is_restricted": false,
            "is_ultra_restricted": false
        },
        "blocks": [
            {
                "type": "rich_text",
                "block_id": "luOpB",
                "elements": [
                    {
                        "type": "rich_text_section",
                        "elements": [
                            {
                                "type": "emoji",
                                "name": "grin"
                            }
                        ]
                    }
                ]
            }
        ]
    },
    {
        "client_msg_id": "ed6b816c-b014-4c84-9529-0d528534432b",
        "type": "message",
        "text": "<https:\/\/marketplace.visualstudio.com\/items?itemName=vs-publisher-988541.apexsql-power-tools>",
        "user": "UJUSD6VB2",
        "ts": "1600227031.040200",
        "team": "TJH5YU202",
        "user_team": "TJH5YU202",
        "source_team": "TJH5YU202",
        "user_profile": {
            "avatar_hash": "g1677a02d0b6",
            "image_72": "https:\/\/secure.gravatar.com\/avatar\/bb1677a02d0b69ba91eb245090c7c83a.jpg?s=72&d=https%3A%2F%2Fa.slack-edge.com%2Fdf10d%2Fimg%2Favatars%2Fava_0015-72.png",
            "first_name": "",
            "real_name": "Osvaldo Ramirez",
            "display_name": "Osvaldo Ramirez",
            "team": "TJH5YU202",
            "name": "ramirezosvaldo",
            "is_restricted": false,
            "is_ultra_restricted": false
        },
        "attachments": [
            {
                "title": "ApexSQL Database Power Tools for VS Code - Visual Studio Marketplace",
                "title_link": "https:\/\/marketplace.visualstudio.com\/items?itemName=vs-publisher-988541.apexsql-power-tools",
                "text": "Extension for Visual Studio Code - MySQL and MariaDB development and management tools",
                "fallback": "ApexSQL Database Power Tools for VS Code - Visual Studio Marketplace",
                "thumb_url": "https:\/\/vs-publisher-988541.gallerycdn.vsassets.io\/extensions\/vs-publisher-988541\/apexsql-power-tools\/2020.5.35\/1598364595023\/Microsoft.VisualStudio.Services.Icons.Default",
                "from_url": "https:\/\/marketplace.visualstudio.com\/items?itemName=vs-publisher-988541.apexsql-power-tools",
                "thumb_width": 128,
                "thumb_height": 128,
                "service_icon": "https:\/\/marketplace.visualstudio.com\/favicon.ico",
                "service_name": "marketplace.visualstudio.com",
                "id": 1,
                "original_url": "https:\/\/marketplace.visualstudio.com\/items?itemName=vs-publisher-988541.apexsql-power-tools"
            }
        ],
        "blocks": [
            {
                "type": "rich_text",
                "block_id": "r15",
                "elements": [
                    {
                        "type": "rich_text_section",
                        "elements": [
                            {
                                "type": "link",
                                "url": "https:\/\/marketplace.visualstudio.com\/items?itemName=vs-publisher-988541.apexsql-power-tools"
                            }
                        ]
                    }
                ]
            }
        ]
    },
    {
        "client_msg_id": "d9406d8b-bed9-44a3-9c9a-aaf1261e644e",
        "type": "message",
        "text": "Antonio comento que se puede compilar desde visual studio code, pero no me acuerdo ( Tengo que buscar mis pastillas para la memoria ) donde quedo el msg de como lo hacia.",
        "user": "UJUSD6VB2",
        "ts": "1600227310.041500",
        "team": "TJH5YU202",
        "user_team": "TJH5YU202",
        "source_team": "TJH5YU202",
        "user_profile": {
            "avatar_hash": "g1677a02d0b6",
            "image_72": "https:\/\/secure.gravatar.com\/avatar\/bb1677a02d0b69ba91eb245090c7c83a.jpg?s=72&d=https%3A%2F%2Fa.slack-edge.com%2Fdf10d%2Fimg%2Favatars%2Fava_0015-72.png",
            "first_name": "",
            "real_name": "Osvaldo Ramirez",
            "display_name": "Osvaldo Ramirez",
            "team": "TJH5YU202",
            "name": "ramirezosvaldo",
            "is_restricted": false,
            "is_ultra_restricted": false
        },
        "blocks": [
            {
                "type": "rich_text",
                "block_id": "guMTG",
                "elements": [
                    {
                        "type": "rich_text_section",
                        "elements": [
                            {
                                "type": "text",
                                "text": "Antonio comento que se puede compilar desde visual studio code, pero no me acuerdo ( Tengo que buscar mis pastillas para la memoria ) donde quedo el msg de como lo hacia."
                            }
                        ]
                    }
                ]
            }
        ]
    }
]