[
    {
        "client_msg_id": "b2c688ef-1a53-40ff-a664-e989198eda3c",
        "type": "message",
        "text": "Senores, buenos dias; Solo para comentarles que ya mi familia y yo, estamos mucho mejor, mis hijos se recuperaron mas pronto de covid, mi esposa ya mucho mejor se tardo un poco mas, yo inicie los síntomas una semana después de que todos tenían ya síntomas, pero al dia de hoy casi tres semanas, vamos mucho mejor, con mas de animo y fuerzas; Gracias chuperamigos, a cada uno por sus buenos deseos; Ahora a ver que tantos bugs( secuelas ) dejo el covid y estar al pendiente de hacer las correcciones en el código.",
        "user": "UJUSD6VB2",
        "ts": "1601746530.191200",
        "team": "TJH5YU202",
        "user_team": "TJH5YU202",
        "source_team": "TJH5YU202",
        "user_profile": {
            "avatar_hash": "g1677a02d0b6",
            "image_72": "https:\/\/secure.gravatar.com\/avatar\/bb1677a02d0b69ba91eb245090c7c83a.jpg?s=72&d=https%3A%2F%2Fa.slack-edge.com%2Fdf10d%2Fimg%2Favatars%2Fava_0015-72.png",
            "first_name": "",
            "real_name": "Osvaldo Ramirez",
            "display_name": "Osvaldo Ramirez",
            "team": "TJH5YU202",
            "name": "ramirezosvaldo",
            "is_restricted": false,
            "is_ultra_restricted": false
        },
        "blocks": [
            {
                "type": "rich_text",
                "block_id": "L9dfz",
                "elements": [
                    {
                        "type": "rich_text_section",
                        "elements": [
                            {
                                "type": "text",
                                "text": "Senores, buenos dias; Solo para comentarles que ya mi familia y yo, estamos mucho mejor, mis hijos se recuperaron mas pronto de covid, mi esposa ya mucho mejor se tardo un poco mas, yo inicie los síntomas una semana después de que todos tenían ya síntomas, pero al dia de hoy casi tres semanas, vamos mucho mejor, con mas de animo y fuerzas; Gracias chuperamigos, a cada uno por sus buenos deseos; Ahora a ver que tantos bugs( secuelas ) dejo el covid y estar al pendiente de hacer las correcciones en el código."
                            }
                        ]
                    }
                ]
            }
        ],
        "reactions": [
            {
                "name": "heart",
                "users": [
                    "UJRQZMTAM",
                    "UM81W8B0Q",
                    "UJHD6A81H",
                    "UJUJLTWMT",
                    "UMZ3LNV5Z"
                ],
                "count": 5
            },
            {
                "name": "clap",
                "users": [
                    "UK28N3CER",
                    "UMZ3LNV5Z",
                    "UJXP7LS78"
                ],
                "count": 3
            }
        ]
    },
    {
        "client_msg_id": "5f43683f-2fb5-40e0-a2f8-52c1d6581579",
        "type": "message",
        "text": "que bueno amigo nos deberias dar unos consejos de todo lo que hiciste para superar el mal !",
        "user": "UK28N3CER",
        "ts": "1601748552.191900",
        "team": "TJH5YU202",
        "user_team": "TJH5YU202",
        "source_team": "TJH5YU202",
        "user_profile": {
            "avatar_hash": "0eafa7153ff3",
            "image_72": "https:\/\/avatars.slack-edge.com\/2020-05-18\/1155120542496_0eafa7153ff35206c804_72.jpg",
            "first_name": "Cesar",
            "real_name": "Cesar SysCtrl Software",
            "display_name": "Cesar SysCtrl Software",
            "team": "TJH5YU202",
            "name": "sysctrlsoftware",
            "is_restricted": false,
            "is_ultra_restricted": false
        },
        "blocks": [
            {
                "type": "rich_text",
                "block_id": "0GX",
                "elements": [
                    {
                        "type": "rich_text_section",
                        "elements": [
                            {
                                "type": "text",
                                "text": "que bueno amigo nos deberias dar unos consejos de todo lo que hiciste para superar el mal !"
                            }
                        ]
                    }
                ]
            }
        ],
        "reactions": [
            {
                "name": "+1",
                "users": [
                    "UJHD6A81H"
                ],
                "count": 1
            }
        ]
    },
    {
        "client_msg_id": "6eb98a07-0427-4a77-8c58-8ef179c82fe5",
        "type": "message",
        "text": "MUcho alcohol. Dicen que mata todos los bichos.",
        "user": "UM81W8B0Q",
        "ts": "1601756239.193100",
        "team": "TJH5YU202",
        "user_team": "TJH5YU202",
        "source_team": "TJH5YU202",
        "user_profile": {
            "avatar_hash": "gab9279ee8c0",
            "image_72": "https:\/\/secure.gravatar.com\/avatar\/73ab9279ee8c00f66ce4904d30146c8f.jpg?s=72&d=https%3A%2F%2Fa.slack-edge.com%2Fdf10d%2Fimg%2Favatars%2Fava_0010-72.png",
            "first_name": "",
            "real_name": "Angel Pais",
            "display_name": "Angel Pais",
            "team": "TJH5YU202",
            "name": "amigosam",
            "is_restricted": false,
            "is_ultra_restricted": false
        },
        "blocks": [
            {
                "type": "rich_text",
                "block_id": "+l7",
                "elements": [
                    {
                        "type": "rich_text_section",
                        "elements": [
                            {
                                "type": "text",
                                "text": "MUcho alcohol. Dicen que mata todos los bichos."
                            }
                        ]
                    }
                ]
            }
        ]
    },
    {
        "client_msg_id": "ad3d9969-95de-49fa-8ee0-6db094763e23",
        "type": "message",
        "text": "NO lo usarían para desinfectar si fuera de otro modo.",
        "user": "UM81W8B0Q",
        "ts": "1601756266.193600",
        "team": "TJH5YU202",
        "user_team": "TJH5YU202",
        "source_team": "TJH5YU202",
        "user_profile": {
            "avatar_hash": "gab9279ee8c0",
            "image_72": "https:\/\/secure.gravatar.com\/avatar\/73ab9279ee8c00f66ce4904d30146c8f.jpg?s=72&d=https%3A%2F%2Fa.slack-edge.com%2Fdf10d%2Fimg%2Favatars%2Fava_0010-72.png",
            "first_name": "",
            "real_name": "Angel Pais",
            "display_name": "Angel Pais",
            "team": "TJH5YU202",
            "name": "amigosam",
            "is_restricted": false,
            "is_ultra_restricted": false
        },
        "edited": {
            "user": "UM81W8B0Q",
            "ts": "1601756272.000000"
        },
        "blocks": [
            {
                "type": "rich_text",
                "block_id": "WiLkz",
                "elements": [
                    {
                        "type": "rich_text_section",
                        "elements": [
                            {
                                "type": "text",
                                "text": "NO lo usarían para desinfectar si fuera de otro modo."
                            }
                        ]
                    }
                ]
            }
        ]
    },
    {
        "client_msg_id": "f81a1720-767f-4c2d-adcb-cc252d120c46",
        "type": "message",
        "text": ":+1:",
        "user": "UK28N3CER",
        "ts": "1601759464.193900",
        "team": "TJH5YU202",
        "user_team": "TJH5YU202",
        "source_team": "TJH5YU202",
        "user_profile": {
            "avatar_hash": "0eafa7153ff3",
            "image_72": "https:\/\/avatars.slack-edge.com\/2020-05-18\/1155120542496_0eafa7153ff35206c804_72.jpg",
            "first_name": "Cesar",
            "real_name": "Cesar SysCtrl Software",
            "display_name": "Cesar SysCtrl Software",
            "team": "TJH5YU202",
            "name": "sysctrlsoftware",
            "is_restricted": false,
            "is_ultra_restricted": false
        },
        "blocks": [
            {
                "type": "rich_text",
                "block_id": "xGSl",
                "elements": [
                    {
                        "type": "rich_text_section",
                        "elements": [
                            {
                                "type": "emoji",
                                "name": "+1"
                            }
                        ]
                    }
                ]
            }
        ]
    },
    {
        "client_msg_id": "834b3d39-de50-43a3-ae99-914de86eed5d",
        "type": "message",
        "text": "ponte alcohol de 95º en una copa y luego me cuentas",
        "user": "UNAHBRTFA",
        "ts": "1601766301.194400",
        "team": "TJH5YU202",
        "user_team": "TJH5YU202",
        "source_team": "TJH5YU202",
        "user_profile": {
            "avatar_hash": "g3d2a3f4c28c",
            "image_72": "https:\/\/secure.gravatar.com\/avatar\/23d2a3f4c28cebb4cf07e48d02620517.jpg?s=72&d=https%3A%2F%2Fa.slack-edge.com%2Fdf10d%2Fimg%2Favatars%2Fava_0020-72.png",
            "first_name": "Andreu",
            "real_name": "Andreu Botella",
            "display_name": "Andreu Botella",
            "team": "TJH5YU202",
            "name": "andreu.132",
            "is_restricted": false,
            "is_ultra_restricted": false
        },
        "blocks": [
            {
                "type": "rich_text",
                "block_id": "j9BqE",
                "elements": [
                    {
                        "type": "rich_text_section",
                        "elements": [
                            {
                                "type": "text",
                                "text": "ponte alcohol de 95º en una copa y luego me cuentas"
                            }
                        ]
                    }
                ]
            }
        ],
        "thread_ts": "1601766301.194400",
        "reply_count": 1,
        "reply_users_count": 1,
        "latest_reply": "1601910186.210900",
        "reply_users": [
            "UMZ3LNV5Z"
        ],
        "replies": [
            {
                "user": "UMZ3LNV5Z",
                "ts": "1601910186.210900"
            }
        ],
        "subscribed": false
    },
    {
        "client_msg_id": "3e87ea49-d393-45e2-b871-403a1d7da90e",
        "type": "message",
        "text": "Osvaldo me alegro mucho que hayas superado tan dura prueba un fuerte abrazo !!",
        "user": "UJXP7LS78",
        "ts": "1601769369.195100",
        "team": "TJH5YU202",
        "user_team": "TJH5YU202",
        "source_team": "TJH5YU202",
        "user_profile": {
            "avatar_hash": "gc4a0baebb72",
            "image_72": "https:\/\/secure.gravatar.com\/avatar\/a1c4a0baebb720b97e5a197259dbf409.jpg?s=72&d=https%3A%2F%2Fa.slack-edge.com%2Fdf10d%2Fimg%2Favatars%2Fava_0007-72.png",
            "first_name": "",
            "real_name": "wilson gamboa",
            "display_name": "wilson gamboa",
            "team": "TJH5YU202",
            "name": "wilson.josenet",
            "is_restricted": false,
            "is_ultra_restricted": false
        },
        "blocks": [
            {
                "type": "rich_text",
                "block_id": "WVU",
                "elements": [
                    {
                        "type": "rich_text_section",
                        "elements": [
                            {
                                "type": "text",
                                "text": "Osvaldo me alegro mucho que hayas superado tan dura prueba un fuerte abrazo !!"
                            }
                        ]
                    }
                ]
            }
        ]
    }
]