[
    {
        "type": "message",
        "text": "",
        "files": [
            {
                "id": "F01B9GN1DAQ",
                "created": 1600706216,
                "timestamp": 1600706216,
                "name": "..gif",
                "title": "..gif",
                "mimetype": "image\/gif",
                "filetype": "gif",
                "pretty_type": "GIF",
                "user": "UJULQCHL5",
                "editable": false,
                "size": 8614775,
                "mode": "hosted",
                "is_external": false,
                "external_type": "",
                "is_public": true,
                "public_url_shared": false,
                "display_as_bot": false,
                "username": "",
                "url_private": "https:\/\/files.slack.com\/files-pri\/TJH5YU202-F01B9GN1DAQ\/..gif?t=xoxe-629202954002-1408710291175-1429611969940-666c705f8dd944d59ed88b8cd6be975e",
                "url_private_download": "https:\/\/files.slack.com\/files-pri\/TJH5YU202-F01B9GN1DAQ\/download\/..gif?t=xoxe-629202954002-1408710291175-1429611969940-666c705f8dd944d59ed88b8cd6be975e",
                "thumb_64": "https:\/\/files.slack.com\/files-tmb\/TJH5YU202-F01B9GN1DAQ-519d9039ab\/._64.png?t=xoxe-629202954002-1408710291175-1429611969940-666c705f8dd944d59ed88b8cd6be975e",
                "thumb_80": "https:\/\/files.slack.com\/files-tmb\/TJH5YU202-F01B9GN1DAQ-519d9039ab\/._80.png?t=xoxe-629202954002-1408710291175-1429611969940-666c705f8dd944d59ed88b8cd6be975e",
                "thumb_360": "https:\/\/files.slack.com\/files-tmb\/TJH5YU202-F01B9GN1DAQ-519d9039ab\/._360.png?t=xoxe-629202954002-1408710291175-1429611969940-666c705f8dd944d59ed88b8cd6be975e",
                "thumb_360_w": 360,
                "thumb_360_h": 201,
                "thumb_480": "https:\/\/files.slack.com\/files-tmb\/TJH5YU202-F01B9GN1DAQ-519d9039ab\/._480.png?t=xoxe-629202954002-1408710291175-1429611969940-666c705f8dd944d59ed88b8cd6be975e",
                "thumb_480_w": 480,
                "thumb_480_h": 268,
                "thumb_160": "https:\/\/files.slack.com\/files-tmb\/TJH5YU202-F01B9GN1DAQ-519d9039ab\/._160.png?t=xoxe-629202954002-1408710291175-1429611969940-666c705f8dd944d59ed88b8cd6be975e",
                "thumb_360_gif": "https:\/\/files.slack.com\/files-tmb\/TJH5YU202-F01B9GN1DAQ-519d9039ab\/._360.gif?t=xoxe-629202954002-1408710291175-1429611969940-666c705f8dd944d59ed88b8cd6be975e",
                "thumb_480_gif": "https:\/\/files.slack.com\/files-tmb\/TJH5YU202-F01B9GN1DAQ-519d9039ab\/._480.gif?t=xoxe-629202954002-1408710291175-1429611969940-666c705f8dd944d59ed88b8cd6be975e",
                "original_w": 498,
                "original_h": 278,
                "deanimate_gif": "https:\/\/files.slack.com\/files-tmb\/TJH5YU202-F01B9GN1DAQ-519d9039ab\/._deanimate_gif.png?t=xoxe-629202954002-1408710291175-1429611969940-666c705f8dd944d59ed88b8cd6be975e",
                "thumb_tiny": "AwAaADCw18q4wjNn07UG8OeI+Pc1TFL+NIZO95IcbAq+tKt44+8EP51DJtjQE5yaiEgY8EihO4F77YP7n60fax\/c\/Wqf\/AqOfX9KYhuaATnIPNIKB2oATYD1Yn8aPLx0xTh\/DS\/3vxoAbsNIVYdjUnal9aLhY\/\/Z",
                "permalink": "https:\/\/harbourproject.slack.com\/files\/UJULQCHL5\/F01B9GN1DAQ\/..gif",
                "permalink_public": "https:\/\/slack-files.com\/TJH5YU202-F01B9GN1DAQ-bec9f043e5",
                "is_starred": false,
                "has_rich_preview": false
            }
        ],
        "upload": false,
        "user": "UJULQCHL5",
        "display_as_bot": false,
        "ts": "1600706241.024200",
        "thread_ts": "1600706241.024200",
        "reply_count": 1,
        "reply_users_count": 1,
        "latest_reply": "1600783881.026100",
        "reply_users": [
            "UJUSD6VB2"
        ],
        "replies": [
            {
                "user": "UJUSD6VB2",
                "ts": "1600783881.026100"
            }
        ],
        "subscribed": false
    },
    {
        "client_msg_id": "3f5a4e5c-ba76-4009-afe7-2c1237e9323b",
        "type": "message",
        "text": "al menos te vemos durmiendo la siesta cómodamente en la arenita...",
        "user": "UM81W8B0Q",
        "ts": "1600706491.025300",
        "team": "TJH5YU202",
        "user_team": "TJH5YU202",
        "source_team": "TJH5YU202",
        "user_profile": {
            "avatar_hash": "gab9279ee8c0",
            "image_72": "https:\/\/secure.gravatar.com\/avatar\/73ab9279ee8c00f66ce4904d30146c8f.jpg?s=72&d=https%3A%2F%2Fa.slack-edge.com%2Fdf10d%2Fimg%2Favatars%2Fava_0010-72.png",
            "first_name": "",
            "real_name": "Angel Pais",
            "display_name": "Angel Pais",
            "team": "TJH5YU202",
            "name": "amigosam",
            "is_restricted": false,
            "is_ultra_restricted": false
        },
        "blocks": [
            {
                "type": "rich_text",
                "block_id": "RtR",
                "elements": [
                    {
                        "type": "rich_text_section",
                        "elements": [
                            {
                                "type": "text",
                                "text": "al menos te vemos durmiendo la siesta cómodamente en la arenita..."
                            }
                        ]
                    }
                ]
            }
        ]
    },
    {
        "type": "message",
        "text": "",
        "files": [
            {
                "id": "F01BT6R6VA4",
                "created": 1600706496,
                "timestamp": 1600706496,
                "name": "image.png",
                "title": "image.png",
                "mimetype": "image\/png",
                "filetype": "png",
                "pretty_type": "PNG",
                "user": "UM81W8B0Q",
                "editable": false,
                "size": 593209,
                "mode": "hosted",
                "is_external": false,
                "external_type": "",
                "is_public": true,
                "public_url_shared": false,
                "display_as_bot": false,
                "username": "",
                "url_private": "https:\/\/files.slack.com\/files-pri\/TJH5YU202-F01BT6R6VA4\/image.png?t=xoxe-629202954002-1408710291175-1429611969940-666c705f8dd944d59ed88b8cd6be975e",
                "url_private_download": "https:\/\/files.slack.com\/files-pri\/TJH5YU202-F01BT6R6VA4\/download\/image.png?t=xoxe-629202954002-1408710291175-1429611969940-666c705f8dd944d59ed88b8cd6be975e",
                "thumb_64": "https:\/\/files.slack.com\/files-tmb\/TJH5YU202-F01BT6R6VA4-b8f5c0478d\/image_64.png?t=xoxe-629202954002-1408710291175-1429611969940-666c705f8dd944d59ed88b8cd6be975e",
                "thumb_80": "https:\/\/files.slack.com\/files-tmb\/TJH5YU202-F01BT6R6VA4-b8f5c0478d\/image_80.png?t=xoxe-629202954002-1408710291175-1429611969940-666c705f8dd944d59ed88b8cd6be975e",
                "thumb_360": "https:\/\/files.slack.com\/files-tmb\/TJH5YU202-F01BT6R6VA4-b8f5c0478d\/image_360.png?t=xoxe-629202954002-1408710291175-1429611969940-666c705f8dd944d59ed88b8cd6be975e",
                "thumb_360_w": 360,
                "thumb_360_h": 227,
                "thumb_480": "https:\/\/files.slack.com\/files-tmb\/TJH5YU202-F01BT6R6VA4-b8f5c0478d\/image_480.png?t=xoxe-629202954002-1408710291175-1429611969940-666c705f8dd944d59ed88b8cd6be975e",
                "thumb_480_w": 480,
                "thumb_480_h": 303,
                "thumb_160": "https:\/\/files.slack.com\/files-tmb\/TJH5YU202-F01BT6R6VA4-b8f5c0478d\/image_160.png?t=xoxe-629202954002-1408710291175-1429611969940-666c705f8dd944d59ed88b8cd6be975e",
                "original_w": 634,
                "original_h": 400,
                "thumb_tiny": "AwAeADB3XoaQ47mgAk4FSBAByc1BRDtz3pVTByKmBC9gKa0nPOKAGnp1pu5V6mnsQykYxxwaiwccgUASJwaYZx\/Dk07BB4PFAFAEZaRwOMfWkZHYYJ5qbpSYzyKAIkV1OSc+nNS545oxRQB\/\/9k=",
                "permalink": "https:\/\/harbourproject.slack.com\/files\/UM81W8B0Q\/F01BT6R6VA4\/image.png",
                "permalink_public": "https:\/\/slack-files.com\/TJH5YU202-F01BT6R6VA4-568021bd75",
                "is_starred": false,
                "has_rich_preview": false
            }
        ],
        "upload": false,
        "user": "UM81W8B0Q",
        "display_as_bot": false,
        "ts": "1600706499.025400",
        "thread_ts": "1600706499.025400",
        "reply_count": 2,
        "reply_users_count": 2,
        "latest_reply": "1600796568.028400",
        "reply_users": [
            "UJUSD6VB2",
            "UM81W8B0Q"
        ],
        "replies": [
            {
                "user": "UJUSD6VB2",
                "ts": "1600783898.026500"
            },
            {
                "user": "UM81W8B0Q",
                "ts": "1600796568.028400"
            }
        ],
        "subscribed": false
    },
    {
        "client_msg_id": "c7b85366-6207-45b2-85ac-a7b7fa1de767",
        "type": "message",
        "text": "que rica vida !! buenos dias",
        "user": "UJXP7LS78",
        "ts": "1600707365.025900",
        "team": "TJH5YU202",
        "user_team": "TJH5YU202",
        "source_team": "TJH5YU202",
        "user_profile": {
            "avatar_hash": "gc4a0baebb72",
            "image_72": "https:\/\/secure.gravatar.com\/avatar\/a1c4a0baebb720b97e5a197259dbf409.jpg?s=72&d=https%3A%2F%2Fa.slack-edge.com%2Fdf10d%2Fimg%2Favatars%2Fava_0007-72.png",
            "first_name": "",
            "real_name": "wilson gamboa",
            "display_name": "wilson gamboa",
            "team": "TJH5YU202",
            "name": "wilson.josenet",
            "is_restricted": false,
            "is_ultra_restricted": false
        },
        "blocks": [
            {
                "type": "rich_text",
                "block_id": "Hff6",
                "elements": [
                    {
                        "type": "rich_text_section",
                        "elements": [
                            {
                                "type": "text",
                                "text": "que rica vida !! buenos dias"
                            }
                        ]
                    }
                ]
            }
        ]
    }
]