[
    {
        "type": "message",
        "text": "",
        "files": [
            {
                "id": "F019GF4HWPK",
                "created": 1597835610,
                "timestamp": 1597835610,
                "name": "grafik.png",
                "title": "grafik.png",
                "mimetype": "image\/png",
                "filetype": "png",
                "pretty_type": "PNG",
                "user": "UJHD6A81H",
                "editable": false,
                "size": 103176,
                "mode": "hosted",
                "is_external": false,
                "external_type": "",
                "is_public": true,
                "public_url_shared": false,
                "display_as_bot": false,
                "username": "",
                "url_private": "https:\/\/files.slack.com\/files-pri\/TJH5YU202-F019GF4HWPK\/grafik.png?t=xoxe-629202954002-1408710291175-1429611969940-666c705f8dd944d59ed88b8cd6be975e",
                "url_private_download": "https:\/\/files.slack.com\/files-pri\/TJH5YU202-F019GF4HWPK\/download\/grafik.png?t=xoxe-629202954002-1408710291175-1429611969940-666c705f8dd944d59ed88b8cd6be975e",
                "thumb_64": "https:\/\/files.slack.com\/files-tmb\/TJH5YU202-F019GF4HWPK-19a04de970\/grafik_64.png?t=xoxe-629202954002-1408710291175-1429611969940-666c705f8dd944d59ed88b8cd6be975e",
                "thumb_80": "https:\/\/files.slack.com\/files-tmb\/TJH5YU202-F019GF4HWPK-19a04de970\/grafik_80.png?t=xoxe-629202954002-1408710291175-1429611969940-666c705f8dd944d59ed88b8cd6be975e",
                "thumb_360": "https:\/\/files.slack.com\/files-tmb\/TJH5YU202-F019GF4HWPK-19a04de970\/grafik_360.png?t=xoxe-629202954002-1408710291175-1429611969940-666c705f8dd944d59ed88b8cd6be975e",
                "thumb_360_w": 360,
                "thumb_360_h": 132,
                "thumb_480": "https:\/\/files.slack.com\/files-tmb\/TJH5YU202-F019GF4HWPK-19a04de970\/grafik_480.png?t=xoxe-629202954002-1408710291175-1429611969940-666c705f8dd944d59ed88b8cd6be975e",
                "thumb_480_w": 480,
                "thumb_480_h": 176,
                "thumb_160": "https:\/\/files.slack.com\/files-tmb\/TJH5YU202-F019GF4HWPK-19a04de970\/grafik_160.png?t=xoxe-629202954002-1408710291175-1429611969940-666c705f8dd944d59ed88b8cd6be975e",
                "thumb_720": "https:\/\/files.slack.com\/files-tmb\/TJH5YU202-F019GF4HWPK-19a04de970\/grafik_720.png?t=xoxe-629202954002-1408710291175-1429611969940-666c705f8dd944d59ed88b8cd6be975e",
                "thumb_720_w": 720,
                "thumb_720_h": 264,
                "thumb_800": "https:\/\/files.slack.com\/files-tmb\/TJH5YU202-F019GF4HWPK-19a04de970\/grafik_800.png?t=xoxe-629202954002-1408710291175-1429611969940-666c705f8dd944d59ed88b8cd6be975e",
                "thumb_800_w": 800,
                "thumb_800_h": 293,
                "thumb_960": "https:\/\/files.slack.com\/files-tmb\/TJH5YU202-F019GF4HWPK-19a04de970\/grafik_960.png?t=xoxe-629202954002-1408710291175-1429611969940-666c705f8dd944d59ed88b8cd6be975e",
                "thumb_960_w": 960,
                "thumb_960_h": 351,
                "thumb_1024": "https:\/\/files.slack.com\/files-tmb\/TJH5YU202-F019GF4HWPK-19a04de970\/grafik_1024.png?t=xoxe-629202954002-1408710291175-1429611969940-666c705f8dd944d59ed88b8cd6be975e",
                "thumb_1024_w": 1024,
                "thumb_1024_h": 375,
                "original_w": 2038,
                "original_h": 746,
                "thumb_tiny": "AwARADCCyybtByRg8Z9q1lOM4X9ayNP\/AOPxPx\/lWyOpoATef7v60u5v7n60jdadQAm45xt\/WjJ\/u\/rS\/wAX4UUAYun\/APH6n4\/yrarF0\/8A4\/U\/H+VbVAC0UUUAFJ3paTvQB\/\/Z",
                "permalink": "https:\/\/harbourproject.slack.com\/files\/UJHD6A81H\/F019GF4HWPK\/grafik.png",
                "permalink_public": "https:\/\/slack-files.com\/TJH5YU202-F019GF4HWPK-94deb821d6",
                "is_starred": false,
                "has_rich_preview": false
            }
        ],
        "upload": false,
        "user": "UJHD6A81H",
        "display_as_bot": false,
        "ts": "1597835614.219700"
    },
    {
        "client_msg_id": "6b4de932-f605-4aec-b4d7-a3620ae78585",
        "type": "message",
        "text": "I use DataTables to show my tables. Now I have different fonts and pictures.",
        "user": "UJHD6A81H",
        "ts": "1597835749.220100",
        "team": "TJH5YU202",
        "user_team": "TJH5YU202",
        "source_team": "TJH5YU202",
        "user_profile": {
            "avatar_hash": "g6b8073e00e9",
            "image_72": "https:\/\/secure.gravatar.com\/avatar\/b96b8073e00e9eb02bcf05bc1418eb3a.jpg?s=72&d=https%3A%2F%2Fa.slack-edge.com%2Fdf10d%2Fimg%2Favatars%2Fava_0021-72.png",
            "first_name": "Otto",
            "real_name": "Otto Atzwanger",
            "display_name": "Otto",
            "team": "TJH5YU202",
            "name": "otto",
            "is_restricted": false,
            "is_ultra_restricted": false
        },
        "blocks": [
            {
                "type": "rich_text",
                "block_id": "5qN",
                "elements": [
                    {
                        "type": "rich_text_section",
                        "elements": [
                            {
                                "type": "text",
                                "text": "I use DataTables to show my tables. Now I have different fonts and pictures."
                            }
                        ]
                    }
                ]
            }
        ],
        "reactions": [
            {
                "name": "clap",
                "users": [
                    "U015CUP1T5Z"
                ],
                "count": 1
            }
        ]
    },
    {
        "client_msg_id": "99afe121-cb14-4d59-a365-be5f0a504c7f",
        "type": "message",
        "text": "buenos dias amigos!",
        "user": "U015CUP1T5Z",
        "ts": "1597835853.220400",
        "team": "TJH5YU202",
        "user_team": "TJH5YU202",
        "source_team": "TJH5YU202",
        "user_profile": {
            "avatar_hash": "2d5981129913",
            "image_72": "https:\/\/avatars.slack-edge.com\/2020-06-14\/1183376598323_2d5981129913ee85447d_72.jpg",
            "first_name": "ricardo",
            "real_name": "ricardo arraes",
            "display_name": "ricardo arraes",
            "team": "TJH5YU202",
            "name": "ricardo",
            "is_restricted": false,
            "is_ultra_restricted": false
        },
        "blocks": [
            {
                "type": "rich_text",
                "block_id": "Gpik",
                "elements": [
                    {
                        "type": "rich_text_section",
                        "elements": [
                            {
                                "type": "text",
                                "text": "buenos dias amigos!"
                            }
                        ]
                    }
                ]
            }
        ]
    },
    {
        "client_msg_id": "48fcbba0-eb7c-4438-9e0c-5caca847117c",
        "type": "message",
        "text": "Hola Ricardo. ¿Cuál es el tiempo de tu lado?",
        "user": "UJHD6A81H",
        "ts": "1597835990.221200",
        "team": "TJH5YU202",
        "user_team": "TJH5YU202",
        "source_team": "TJH5YU202",
        "user_profile": {
            "avatar_hash": "g6b8073e00e9",
            "image_72": "https:\/\/secure.gravatar.com\/avatar\/b96b8073e00e9eb02bcf05bc1418eb3a.jpg?s=72&d=https%3A%2F%2Fa.slack-edge.com%2Fdf10d%2Fimg%2Favatars%2Fava_0021-72.png",
            "first_name": "Otto",
            "real_name": "Otto Atzwanger",
            "display_name": "Otto",
            "team": "TJH5YU202",
            "name": "otto",
            "is_restricted": false,
            "is_ultra_restricted": false
        },
        "blocks": [
            {
                "type": "rich_text",
                "block_id": "Wgxc",
                "elements": [
                    {
                        "type": "rich_text_section",
                        "elements": [
                            {
                                "type": "text",
                                "text": "Hola Ricardo. ¿Cuál es el tiempo de tu lado?"
                            }
                        ]
                    }
                ]
            }
        ]
    },
    {
        "client_msg_id": "c6dafdb0-3d3b-4b87-8bdc-10a2ab166279",
        "type": "message",
        "text": "Estoy yendo a comer. Son las 1:20 pm aquí.",
        "user": "UJHD6A81H",
        "ts": "1597836027.221400",
        "team": "TJH5YU202",
        "user_team": "TJH5YU202",
        "source_team": "TJH5YU202",
        "user_profile": {
            "avatar_hash": "g6b8073e00e9",
            "image_72": "https:\/\/secure.gravatar.com\/avatar\/b96b8073e00e9eb02bcf05bc1418eb3a.jpg?s=72&d=https%3A%2F%2Fa.slack-edge.com%2Fdf10d%2Fimg%2Favatars%2Fava_0021-72.png",
            "first_name": "Otto",
            "real_name": "Otto Atzwanger",
            "display_name": "Otto",
            "team": "TJH5YU202",
            "name": "otto",
            "is_restricted": false,
            "is_ultra_restricted": false
        },
        "blocks": [
            {
                "type": "rich_text",
                "block_id": "wGr=e",
                "elements": [
                    {
                        "type": "rich_text_section",
                        "elements": [
                            {
                                "type": "text",
                                "text": "Estoy yendo a comer. Son las 1:20 pm aquí."
                            }
                        ]
                    }
                ]
            }
        ]
    },
    {
        "client_msg_id": "452712e8-b5a6-4472-bcd4-fea54919dc61",
        "type": "message",
        "text": "aquí son las 9 am, Otto",
        "user": "U015CUP1T5Z",
        "ts": "1597838813.221600",
        "team": "TJH5YU202",
        "user_team": "TJH5YU202",
        "source_team": "TJH5YU202",
        "user_profile": {
            "avatar_hash": "2d5981129913",
            "image_72": "https:\/\/avatars.slack-edge.com\/2020-06-14\/1183376598323_2d5981129913ee85447d_72.jpg",
            "first_name": "ricardo",
            "real_name": "ricardo arraes",
            "display_name": "ricardo arraes",
            "team": "TJH5YU202",
            "name": "ricardo",
            "is_restricted": false,
            "is_ultra_restricted": false
        },
        "blocks": [
            {
                "type": "rich_text",
                "block_id": "IWLD",
                "elements": [
                    {
                        "type": "rich_text_section",
                        "elements": [
                            {
                                "type": "text",
                                "text": "aquí son las 9 am, Otto"
                            }
                        ]
                    }
                ]
            }
        ]
    },
    {
        "client_msg_id": "296609c4-fdd9-45cc-994a-2f42b2058c40",
        "type": "message",
        "text": ":sweat_smile:",
        "user": "U015CUP1T5Z",
        "ts": "1597838818.221800",
        "team": "TJH5YU202",
        "user_team": "TJH5YU202",
        "source_team": "TJH5YU202",
        "user_profile": {
            "avatar_hash": "2d5981129913",
            "image_72": "https:\/\/avatars.slack-edge.com\/2020-06-14\/1183376598323_2d5981129913ee85447d_72.jpg",
            "first_name": "ricardo",
            "real_name": "ricardo arraes",
            "display_name": "ricardo arraes",
            "team": "TJH5YU202",
            "name": "ricardo",
            "is_restricted": false,
            "is_ultra_restricted": false
        },
        "blocks": [
            {
                "type": "rich_text",
                "block_id": "I3dU",
                "elements": [
                    {
                        "type": "rich_text_section",
                        "elements": [
                            {
                                "type": "emoji",
                                "name": "sweat_smile"
                            }
                        ]
                    }
                ]
            }
        ]
    },
    {
        "client_msg_id": "78dbba81-6dbb-4bdf-bfe3-1f432ebfe339",
        "type": "message",
        "text": "Good morning",
        "user": "UJHD6A81H",
        "ts": "1597899549.000200",
        "team": "TJH5YU202",
        "user_team": "TJH5YU202",
        "source_team": "TJH5YU202",
        "user_profile": {
            "avatar_hash": "g6b8073e00e9",
            "image_72": "https:\/\/secure.gravatar.com\/avatar\/b96b8073e00e9eb02bcf05bc1418eb3a.jpg?s=72&d=https%3A%2F%2Fa.slack-edge.com%2Fdf10d%2Fimg%2Favatars%2Fava_0021-72.png",
            "first_name": "Otto",
            "real_name": "Otto Atzwanger",
            "display_name": "Otto",
            "team": "TJH5YU202",
            "name": "otto",
            "is_restricted": false,
            "is_ultra_restricted": false
        },
        "blocks": [
            {
                "type": "rich_text",
                "block_id": "tcg",
                "elements": [
                    {
                        "type": "rich_text_section",
                        "elements": [
                            {
                                "type": "text",
                                "text": "Good morning"
                            }
                        ]
                    }
                ]
            }
        ]
    },
    {
        "type": "message",
        "text": "",
        "files": [
            {
                "id": "F018R5SFF7H",
                "created": 1597899551,
                "timestamp": 1597899551,
                "name": "grafik.png",
                "title": "grafik.png",
                "mimetype": "image\/png",
                "filetype": "png",
                "pretty_type": "PNG",
                "user": "UJHD6A81H",
                "editable": false,
                "size": 95342,
                "mode": "hosted",
                "is_external": false,
                "external_type": "",
                "is_public": true,
                "public_url_shared": false,
                "display_as_bot": false,
                "username": "",
                "url_private": "https:\/\/files.slack.com\/files-pri\/TJH5YU202-F018R5SFF7H\/grafik.png?t=xoxe-629202954002-1408710291175-1429611969940-666c705f8dd944d59ed88b8cd6be975e",
                "url_private_download": "https:\/\/files.slack.com\/files-pri\/TJH5YU202-F018R5SFF7H\/download\/grafik.png?t=xoxe-629202954002-1408710291175-1429611969940-666c705f8dd944d59ed88b8cd6be975e",
                "thumb_64": "https:\/\/files.slack.com\/files-tmb\/TJH5YU202-F018R5SFF7H-57b0a75766\/grafik_64.png?t=xoxe-629202954002-1408710291175-1429611969940-666c705f8dd944d59ed88b8cd6be975e",
                "thumb_80": "https:\/\/files.slack.com\/files-tmb\/TJH5YU202-F018R5SFF7H-57b0a75766\/grafik_80.png?t=xoxe-629202954002-1408710291175-1429611969940-666c705f8dd944d59ed88b8cd6be975e",
                "thumb_360": "https:\/\/files.slack.com\/files-tmb\/TJH5YU202-F018R5SFF7H-57b0a75766\/grafik_360.png?t=xoxe-629202954002-1408710291175-1429611969940-666c705f8dd944d59ed88b8cd6be975e",
                "thumb_360_w": 360,
                "thumb_360_h": 268,
                "thumb_480": "https:\/\/files.slack.com\/files-tmb\/TJH5YU202-F018R5SFF7H-57b0a75766\/grafik_480.png?t=xoxe-629202954002-1408710291175-1429611969940-666c705f8dd944d59ed88b8cd6be975e",
                "thumb_480_w": 480,
                "thumb_480_h": 357,
                "thumb_160": "https:\/\/files.slack.com\/files-tmb\/TJH5YU202-F018R5SFF7H-57b0a75766\/grafik_160.png?t=xoxe-629202954002-1408710291175-1429611969940-666c705f8dd944d59ed88b8cd6be975e",
                "thumb_720": "https:\/\/files.slack.com\/files-tmb\/TJH5YU202-F018R5SFF7H-57b0a75766\/grafik_720.png?t=xoxe-629202954002-1408710291175-1429611969940-666c705f8dd944d59ed88b8cd6be975e",
                "thumb_720_w": 720,
                "thumb_720_h": 535,
                "thumb_800": "https:\/\/files.slack.com\/files-tmb\/TJH5YU202-F018R5SFF7H-57b0a75766\/grafik_800.png?t=xoxe-629202954002-1408710291175-1429611969940-666c705f8dd944d59ed88b8cd6be975e",
                "thumb_800_w": 800,
                "thumb_800_h": 595,
                "thumb_960": "https:\/\/files.slack.com\/files-tmb\/TJH5YU202-F018R5SFF7H-57b0a75766\/grafik_960.png?t=xoxe-629202954002-1408710291175-1429611969940-666c705f8dd944d59ed88b8cd6be975e",
                "thumb_960_w": 960,
                "thumb_960_h": 713,
                "thumb_1024": "https:\/\/files.slack.com\/files-tmb\/TJH5YU202-F018R5SFF7H-57b0a75766\/grafik_1024.png?t=xoxe-629202954002-1408710291175-1429611969940-666c705f8dd944d59ed88b8cd6be975e",
                "thumb_1024_w": 1024,
                "thumb_1024_h": 761,
                "original_w": 1386,
                "original_h": 1030,
                "thumb_tiny": "AwAjADCg3H5VtxIvlIfm+6OjH0rDJzW9F\/qI\/wDdH8qAJFwBgfrRuGaB0po6igB2aM0d6Ruq\/WgDnT3rfi\/1Ef8Auj+VYB71vwj9xH\/uj+VAEg6U0A56UuD696MnPWgBaQ9R9aXPvSc5oA50966CEfuI\/wDdH8q58966GD\/UR\/7o\/lQA\/ApNo9KWigBMDPSjAo70tAH\/2Q==",
                "permalink": "https:\/\/harbourproject.slack.com\/files\/UJHD6A81H\/F018R5SFF7H\/grafik.png",
                "permalink_public": "https:\/\/slack-files.com\/TJH5YU202-F018R5SFF7H-3333fde16a",
                "is_starred": false,
                "has_rich_preview": false
            }
        ],
        "upload": false,
        "user": "UJHD6A81H",
        "display_as_bot": false,
        "ts": "1597899576.000300"
    },
    {
        "client_msg_id": "bfba5488-2ba9-49bc-a1df-0ef17bc4841a",
        "type": "message",
        "text": "Good mornng :sunny: great work my friend :slightly_smiling_face:",
        "user": "UJN8D8U3B",
        "ts": "1597899731.001000",
        "team": "TJH5YU202",
        "user_team": "TJH5YU202",
        "source_team": "TJH5YU202",
        "user_profile": {
            "avatar_hash": "g92ad2abcc45",
            "image_72": "https:\/\/secure.gravatar.com\/avatar\/8492ad2abcc45ce53969adcf8420acde.jpg?s=72&d=https%3A%2F%2Fa.slack-edge.com%2Fdf10d%2Fimg%2Favatars%2Fava_0008-72.png",
            "first_name": "",
            "real_name": "Antonio Linares",
            "display_name": "Antonio Linares",
            "team": "TJH5YU202",
            "name": "alinares",
            "is_restricted": false,
            "is_ultra_restricted": false
        },
        "blocks": [
            {
                "type": "rich_text",
                "block_id": "lyju",
                "elements": [
                    {
                        "type": "rich_text_section",
                        "elements": [
                            {
                                "type": "text",
                                "text": "Good mornng "
                            },
                            {
                                "type": "emoji",
                                "name": "sunny"
                            },
                            {
                                "type": "text",
                                "text": " great work my friend "
                            },
                            {
                                "type": "emoji",
                                "name": "slightly_smiling_face"
                            }
                        ]
                    }
                ]
            }
        ]
    }
]