[
    {
        "client_msg_id": "9a999868-bd1d-4a36-a308-81d26c1333d8",
        "type": "message",
        "text": "Intentando correr seamap-4 me marca esto:",
        "user": "UJUSD6VB2",
        "ts": "1600633115.006300",
        "team": "TJH5YU202",
        "user_team": "TJH5YU202",
        "source_team": "TJH5YU202",
        "user_profile": {
            "avatar_hash": "g1677a02d0b6",
            "image_72": "https:\/\/secure.gravatar.com\/avatar\/bb1677a02d0b69ba91eb245090c7c83a.jpg?s=72&d=https%3A%2F%2Fa.slack-edge.com%2Fdf10d%2Fimg%2Favatars%2Fava_0015-72.png",
            "first_name": "",
            "real_name": "Osvaldo Ramirez",
            "display_name": "Osvaldo Ramirez",
            "team": "TJH5YU202",
            "name": "ramirezosvaldo",
            "is_restricted": false,
            "is_ultra_restricted": false
        },
        "blocks": [
            {
                "type": "rich_text",
                "block_id": "6Aa",
                "elements": [
                    {
                        "type": "rich_text_section",
                        "elements": [
                            {
                                "type": "text",
                                "text": "Intentando correr seamap-4 me marca esto:"
                            }
                        ]
                    }
                ]
            }
        ]
    },
    {
        "type": "message",
        "text": "",
        "files": [
            {
                "id": "F01B1JMALR0",
                "created": 1600633137,
                "timestamp": 1600633137,
                "name": "image.png",
                "title": "image.png",
                "mimetype": "image\/png",
                "filetype": "png",
                "pretty_type": "PNG",
                "user": "UJUSD6VB2",
                "editable": false,
                "size": 48799,
                "mode": "hosted",
                "is_external": false,
                "external_type": "",
                "is_public": true,
                "public_url_shared": false,
                "display_as_bot": false,
                "username": "",
                "url_private": "https:\/\/files.slack.com\/files-pri\/TJH5YU202-F01B1JMALR0\/image.png?t=xoxe-629202954002-1408710291175-1429611969940-666c705f8dd944d59ed88b8cd6be975e",
                "url_private_download": "https:\/\/files.slack.com\/files-pri\/TJH5YU202-F01B1JMALR0\/download\/image.png?t=xoxe-629202954002-1408710291175-1429611969940-666c705f8dd944d59ed88b8cd6be975e",
                "thumb_64": "https:\/\/files.slack.com\/files-tmb\/TJH5YU202-F01B1JMALR0-2b291ca5a8\/image_64.png?t=xoxe-629202954002-1408710291175-1429611969940-666c705f8dd944d59ed88b8cd6be975e",
                "thumb_80": "https:\/\/files.slack.com\/files-tmb\/TJH5YU202-F01B1JMALR0-2b291ca5a8\/image_80.png?t=xoxe-629202954002-1408710291175-1429611969940-666c705f8dd944d59ed88b8cd6be975e",
                "thumb_360": "https:\/\/files.slack.com\/files-tmb\/TJH5YU202-F01B1JMALR0-2b291ca5a8\/image_360.png?t=xoxe-629202954002-1408710291175-1429611969940-666c705f8dd944d59ed88b8cd6be975e",
                "thumb_360_w": 360,
                "thumb_360_h": 31,
                "thumb_480": "https:\/\/files.slack.com\/files-tmb\/TJH5YU202-F01B1JMALR0-2b291ca5a8\/image_480.png?t=xoxe-629202954002-1408710291175-1429611969940-666c705f8dd944d59ed88b8cd6be975e",
                "thumb_480_w": 480,
                "thumb_480_h": 42,
                "thumb_160": "https:\/\/files.slack.com\/files-tmb\/TJH5YU202-F01B1JMALR0-2b291ca5a8\/image_160.png?t=xoxe-629202954002-1408710291175-1429611969940-666c705f8dd944d59ed88b8cd6be975e",
                "thumb_720": "https:\/\/files.slack.com\/files-tmb\/TJH5YU202-F01B1JMALR0-2b291ca5a8\/image_720.png?t=xoxe-629202954002-1408710291175-1429611969940-666c705f8dd944d59ed88b8cd6be975e",
                "thumb_720_w": 720,
                "thumb_720_h": 63,
                "thumb_800": "https:\/\/files.slack.com\/files-tmb\/TJH5YU202-F01B1JMALR0-2b291ca5a8\/image_800.png?t=xoxe-629202954002-1408710291175-1429611969940-666c705f8dd944d59ed88b8cd6be975e",
                "thumb_800_w": 800,
                "thumb_800_h": 70,
                "thumb_960": "https:\/\/files.slack.com\/files-tmb\/TJH5YU202-F01B1JMALR0-2b291ca5a8\/image_960.png?t=xoxe-629202954002-1408710291175-1429611969940-666c705f8dd944d59ed88b8cd6be975e",
                "thumb_960_w": 960,
                "thumb_960_h": 84,
                "thumb_1024": "https:\/\/files.slack.com\/files-tmb\/TJH5YU202-F01B1JMALR0-2b291ca5a8\/image_1024.png?t=xoxe-629202954002-1408710291175-1429611969940-666c705f8dd944d59ed88b8cd6be975e",
                "thumb_1024_w": 1024,
                "thumb_1024_h": 89,
                "original_w": 2682,
                "original_h": 234,
                "thumb_tiny": "AwAEADDSxRilooATFGKWigBMUY9zS0UAf\/\/Z",
                "permalink": "https:\/\/harbourproject.slack.com\/files\/UJUSD6VB2\/F01B1JMALR0\/image.png",
                "permalink_public": "https:\/\/slack-files.com\/TJH5YU202-F01B1JMALR0-e4a85ebe32",
                "is_starred": false,
                "has_rich_preview": false
            }
        ],
        "upload": false,
        "user": "UJUSD6VB2",
        "display_as_bot": false,
        "ts": "1600633140.006500"
    },
    {
        "client_msg_id": "958d62d7-4706-48b3-8f53-2523383cc022",
        "type": "message",
        "text": "Posiblemente los archivos tengan algún garabato que no no entienda el HTML ?",
        "user": "UJUSD6VB2",
        "ts": "1600633176.007300",
        "team": "TJH5YU202",
        "user_team": "TJH5YU202",
        "source_team": "TJH5YU202",
        "user_profile": {
            "avatar_hash": "g1677a02d0b6",
            "image_72": "https:\/\/secure.gravatar.com\/avatar\/bb1677a02d0b69ba91eb245090c7c83a.jpg?s=72&d=https%3A%2F%2Fa.slack-edge.com%2Fdf10d%2Fimg%2Favatars%2Fava_0015-72.png",
            "first_name": "",
            "real_name": "Osvaldo Ramirez",
            "display_name": "Osvaldo Ramirez",
            "team": "TJH5YU202",
            "name": "ramirezosvaldo",
            "is_restricted": false,
            "is_ultra_restricted": false
        },
        "blocks": [
            {
                "type": "rich_text",
                "block_id": "D3K",
                "elements": [
                    {
                        "type": "rich_text_section",
                        "elements": [
                            {
                                "type": "text",
                                "text": "Posiblemente los archivos tengan algún garabato que no no entienda el HTML ?"
                            }
                        ]
                    }
                ]
            }
        ]
    },
    {
        "client_msg_id": "4af69116-3a52-42fa-ae3a-ee0ea12f40d8",
        "type": "message",
        "text": "no",
        "user": "UNAHBRTFA",
        "ts": "1600633182.007500",
        "team": "TJH5YU202",
        "user_team": "TJH5YU202",
        "source_team": "TJH5YU202",
        "user_profile": {
            "avatar_hash": "g3d2a3f4c28c",
            "image_72": "https:\/\/secure.gravatar.com\/avatar\/23d2a3f4c28cebb4cf07e48d02620517.jpg?s=72&d=https%3A%2F%2Fa.slack-edge.com%2Fdf10d%2Fimg%2Favatars%2Fava_0020-72.png",
            "first_name": "Andreu",
            "real_name": "Andreu Botella",
            "display_name": "Andreu Botella",
            "team": "TJH5YU202",
            "name": "andreu.132",
            "is_restricted": false,
            "is_ultra_restricted": false
        },
        "blocks": [
            {
                "type": "rich_text",
                "block_id": "nJ=",
                "elements": [
                    {
                        "type": "rich_text_section",
                        "elements": [
                            {
                                "type": "text",
                                "text": "no"
                            }
                        ]
                    }
                ]
            }
        ]
    },
    {
        "client_msg_id": "a0860ac8-b238-47d9-a2f7-d4802a7ef3a2",
        "type": "message",
        "text": "si no pones un `&lt;meta charset=\"algo\"&gt;` en el html, el navegador puede intentar averiguar la codificación de caracteres de la página, pero si no quiere o no puede, la codificación que usa depende del lenguage de la página o del navegador",
        "user": "UNAHBRTFA",
        "ts": "1600633238.008700",
        "team": "TJH5YU202",
        "user_team": "TJH5YU202",
        "source_team": "TJH5YU202",
        "user_profile": {
            "avatar_hash": "g3d2a3f4c28c",
            "image_72": "https:\/\/secure.gravatar.com\/avatar\/23d2a3f4c28cebb4cf07e48d02620517.jpg?s=72&d=https%3A%2F%2Fa.slack-edge.com%2Fdf10d%2Fimg%2Favatars%2Fava_0020-72.png",
            "first_name": "Andreu",
            "real_name": "Andreu Botella",
            "display_name": "Andreu Botella",
            "team": "TJH5YU202",
            "name": "andreu.132",
            "is_restricted": false,
            "is_ultra_restricted": false
        },
        "blocks": [
            {
                "type": "rich_text",
                "block_id": "622u",
                "elements": [
                    {
                        "type": "rich_text_section",
                        "elements": [
                            {
                                "type": "text",
                                "text": "si no pones un "
                            },
                            {
                                "type": "text",
                                "text": "<meta charset=\"algo\">",
                                "style": {
                                    "code": true
                                }
                            },
                            {
                                "type": "text",
                                "text": " en el html, el navegador puede intentar averiguar la codificación de caracteres de la página, pero si no quiere o no puede, la codificación que usa depende del lenguage de la página o del navegador"
                            }
                        ]
                    }
                ]
            }
        ]
    },
    {
        "client_msg_id": "acc977d1-1184-4f76-adc5-5415804f6aea",
        "type": "message",
        "text": "en vuestro caso, `&lt;meta charset=\"latin-1\"&gt;` o `&lt;meta charset=\"windows-1252\"&gt;` (los navegadores los tratan como iguales)",
        "user": "UNAHBRTFA",
        "ts": "1600633285.009600",
        "team": "TJH5YU202",
        "user_team": "TJH5YU202",
        "source_team": "TJH5YU202",
        "user_profile": {
            "avatar_hash": "g3d2a3f4c28c",
            "image_72": "https:\/\/secure.gravatar.com\/avatar\/23d2a3f4c28cebb4cf07e48d02620517.jpg?s=72&d=https%3A%2F%2Fa.slack-edge.com%2Fdf10d%2Fimg%2Favatars%2Fava_0020-72.png",
            "first_name": "Andreu",
            "real_name": "Andreu Botella",
            "display_name": "Andreu Botella",
            "team": "TJH5YU202",
            "name": "andreu.132",
            "is_restricted": false,
            "is_ultra_restricted": false
        },
        "blocks": [
            {
                "type": "rich_text",
                "block_id": "zcx2",
                "elements": [
                    {
                        "type": "rich_text_section",
                        "elements": [
                            {
                                "type": "text",
                                "text": "en vuestro caso, "
                            },
                            {
                                "type": "text",
                                "text": "<meta charset=\"latin-1\">",
                                "style": {
                                    "code": true
                                }
                            },
                            {
                                "type": "text",
                                "text": " o "
                            },
                            {
                                "type": "text",
                                "text": "<meta charset=\"windows-1252\">",
                                "style": {
                                    "code": true
                                }
                            },
                            {
                                "type": "text",
                                "text": " (los navegadores los tratan como iguales)"
                            }
                        ]
                    }
                ]
            }
        ]
    },
    {
        "client_msg_id": "a039eea6-f54a-4072-96fa-2d14e3bc9294",
        "type": "message",
        "text": "hahah, ok,",
        "user": "UJUSD6VB2",
        "ts": "1600633375.009800",
        "team": "TJH5YU202",
        "user_team": "TJH5YU202",
        "source_team": "TJH5YU202",
        "user_profile": {
            "avatar_hash": "g1677a02d0b6",
            "image_72": "https:\/\/secure.gravatar.com\/avatar\/bb1677a02d0b69ba91eb245090c7c83a.jpg?s=72&d=https%3A%2F%2Fa.slack-edge.com%2Fdf10d%2Fimg%2Favatars%2Fava_0015-72.png",
            "first_name": "",
            "real_name": "Osvaldo Ramirez",
            "display_name": "Osvaldo Ramirez",
            "team": "TJH5YU202",
            "name": "ramirezosvaldo",
            "is_restricted": false,
            "is_ultra_restricted": false
        },
        "blocks": [
            {
                "type": "rich_text",
                "block_id": "a\/N",
                "elements": [
                    {
                        "type": "rich_text_section",
                        "elements": [
                            {
                                "type": "text",
                                "text": "hahah, ok,"
                            }
                        ]
                    }
                ]
            }
        ]
    },
    {
        "client_msg_id": "d5003938-cad2-4c8c-97a9-f4f67a55bf9b",
        "type": "message",
        "text": "Gracias Andreu",
        "user": "UJUSD6VB2",
        "ts": "1600633383.010100",
        "team": "TJH5YU202",
        "user_team": "TJH5YU202",
        "source_team": "TJH5YU202",
        "user_profile": {
            "avatar_hash": "g1677a02d0b6",
            "image_72": "https:\/\/secure.gravatar.com\/avatar\/bb1677a02d0b69ba91eb245090c7c83a.jpg?s=72&d=https%3A%2F%2Fa.slack-edge.com%2Fdf10d%2Fimg%2Favatars%2Fava_0015-72.png",
            "first_name": "",
            "real_name": "Osvaldo Ramirez",
            "display_name": "Osvaldo Ramirez",
            "team": "TJH5YU202",
            "name": "ramirezosvaldo",
            "is_restricted": false,
            "is_ultra_restricted": false
        },
        "blocks": [
            {
                "type": "rich_text",
                "block_id": "gUQku",
                "elements": [
                    {
                        "type": "rich_text_section",
                        "elements": [
                            {
                                "type": "text",
                                "text": "Gracias Andreu"
                            }
                        ]
                    }
                ]
            }
        ]
    },
    {
        "client_msg_id": "c525267e-60ec-4c7c-b7ac-44fb7c98c7d3",
        "type": "message",
        "text": "casi todo lo que he contribuido a estándares web ha sido en el estándar de codificaciones de caracteres, así que esto me lo sé de cabo a rabo :smile:",
        "user": "UNAHBRTFA",
        "ts": "1600633432.011100",
        "team": "TJH5YU202",
        "user_team": "TJH5YU202",
        "source_team": "TJH5YU202",
        "user_profile": {
            "avatar_hash": "g3d2a3f4c28c",
            "image_72": "https:\/\/secure.gravatar.com\/avatar\/23d2a3f4c28cebb4cf07e48d02620517.jpg?s=72&d=https%3A%2F%2Fa.slack-edge.com%2Fdf10d%2Fimg%2Favatars%2Fava_0020-72.png",
            "first_name": "Andreu",
            "real_name": "Andreu Botella",
            "display_name": "Andreu Botella",
            "team": "TJH5YU202",
            "name": "andreu.132",
            "is_restricted": false,
            "is_ultra_restricted": false
        },
        "blocks": [
            {
                "type": "rich_text",
                "block_id": "VE+i",
                "elements": [
                    {
                        "type": "rich_text_section",
                        "elements": [
                            {
                                "type": "text",
                                "text": "casi todo lo que he contribuido a estándares web ha sido en el estándar de codificaciones de caracteres, así que esto me lo sé de cabo a rabo "
                            },
                            {
                                "type": "emoji",
                                "name": "smile"
                            }
                        ]
                    }
                ]
            }
        ]
    },
    {
        "client_msg_id": "6099edaa-3f28-4b84-aacd-b23a30545d2d",
        "type": "message",
        "text": "eso sí, si no usáis DBFs compartidas con otros sistemas, deberíais usar UTF-8, pero no es imprescindible :sweat_smile:",
        "user": "UNAHBRTFA",
        "ts": "1600633488.012000",
        "team": "TJH5YU202",
        "user_team": "TJH5YU202",
        "source_team": "TJH5YU202",
        "user_profile": {
            "avatar_hash": "g3d2a3f4c28c",
            "image_72": "https:\/\/secure.gravatar.com\/avatar\/23d2a3f4c28cebb4cf07e48d02620517.jpg?s=72&d=https%3A%2F%2Fa.slack-edge.com%2Fdf10d%2Fimg%2Favatars%2Fava_0020-72.png",
            "first_name": "Andreu",
            "real_name": "Andreu Botella",
            "display_name": "Andreu Botella",
            "team": "TJH5YU202",
            "name": "andreu.132",
            "is_restricted": false,
            "is_ultra_restricted": false
        },
        "blocks": [
            {
                "type": "rich_text",
                "block_id": "Nkr9",
                "elements": [
                    {
                        "type": "rich_text_section",
                        "elements": [
                            {
                                "type": "text",
                                "text": "eso sí, si no usáis DBFs compartidas con otros sistemas, deberíais usar UTF-8, pero no es imprescindible "
                            },
                            {
                                "type": "emoji",
                                "name": "sweat_smile"
                            }
                        ]
                    }
                ]
            }
        ]
    },
    {
        "client_msg_id": "c0658dcd-513a-4495-b77c-22f3a10f3cd1",
        "type": "message",
        "text": "ah, por cierto, el `&lt;meta charset=\"latin-1\"&gt;` tiene que ir bien pronto en el html, porque los navegadores no pueden empezar a interpretar el documento hasta que sepan qué codificación usa",
        "user": "UNAHBRTFA",
        "ts": "1600633621.012900",
        "team": "TJH5YU202",
        "user_team": "TJH5YU202",
        "source_team": "TJH5YU202",
        "user_profile": {
            "avatar_hash": "g3d2a3f4c28c",
            "image_72": "https:\/\/secure.gravatar.com\/avatar\/23d2a3f4c28cebb4cf07e48d02620517.jpg?s=72&d=https%3A%2F%2Fa.slack-edge.com%2Fdf10d%2Fimg%2Favatars%2Fava_0020-72.png",
            "first_name": "Andreu",
            "real_name": "Andreu Botella",
            "display_name": "Andreu Botella",
            "team": "TJH5YU202",
            "name": "andreu.132",
            "is_restricted": false,
            "is_ultra_restricted": false
        },
        "blocks": [
            {
                "type": "rich_text",
                "block_id": "wAl",
                "elements": [
                    {
                        "type": "rich_text_section",
                        "elements": [
                            {
                                "type": "text",
                                "text": "ah, por cierto, el "
                            },
                            {
                                "type": "text",
                                "text": "<meta charset=\"latin-1\">",
                                "style": {
                                    "code": true
                                }
                            },
                            {
                                "type": "text",
                                "text": " tiene que ir bien pronto en el html, porque los navegadores no pueden empezar a interpretar el documento hasta que sepan qué codificación usa"
                            }
                        ]
                    }
                ]
            }
        ]
    },
    {
        "client_msg_id": "626531f1-777e-40c6-aff8-880358d71067",
        "type": "message",
        "text": "el límite \"normativo\" (a.k.a los validadores de html se quejarán si no haces eso) es que tiene que estar en los primeros 1024 bytes del documento",
        "user": "UNAHBRTFA",
        "ts": "1600633666.013900",
        "team": "TJH5YU202",
        "user_team": "TJH5YU202",
        "source_team": "TJH5YU202",
        "user_profile": {
            "avatar_hash": "g3d2a3f4c28c",
            "image_72": "https:\/\/secure.gravatar.com\/avatar\/23d2a3f4c28cebb4cf07e48d02620517.jpg?s=72&d=https%3A%2F%2Fa.slack-edge.com%2Fdf10d%2Fimg%2Favatars%2Fava_0020-72.png",
            "first_name": "Andreu",
            "real_name": "Andreu Botella",
            "display_name": "Andreu Botella",
            "team": "TJH5YU202",
            "name": "andreu.132",
            "is_restricted": false,
            "is_ultra_restricted": false
        },
        "blocks": [
            {
                "type": "rich_text",
                "block_id": "ub1c",
                "elements": [
                    {
                        "type": "rich_text_section",
                        "elements": [
                            {
                                "type": "text",
                                "text": "el límite \"normativo\" (a.k.a los validadores de html se quejarán si no haces eso) es que tiene que estar en los primeros 1024 bytes del documento"
                            }
                        ]
                    }
                ]
            }
        ]
    },
    {
        "client_msg_id": "84d979b7-1069-4855-b8e5-a02c70b562ee",
        "type": "message",
        "text": "pero los navegadores pueden decidir leer menos bytes antes de decidirse",
        "user": "UNAHBRTFA",
        "ts": "1600633690.014300",
        "team": "TJH5YU202",
        "user_team": "TJH5YU202",
        "source_team": "TJH5YU202",
        "user_profile": {
            "avatar_hash": "g3d2a3f4c28c",
            "image_72": "https:\/\/secure.gravatar.com\/avatar\/23d2a3f4c28cebb4cf07e48d02620517.jpg?s=72&d=https%3A%2F%2Fa.slack-edge.com%2Fdf10d%2Fimg%2Favatars%2Fava_0020-72.png",
            "first_name": "Andreu",
            "real_name": "Andreu Botella",
            "display_name": "Andreu Botella",
            "team": "TJH5YU202",
            "name": "andreu.132",
            "is_restricted": false,
            "is_ultra_restricted": false
        },
        "edited": {
            "user": "UNAHBRTFA",
            "ts": "1600633704.000000"
        },
        "blocks": [
            {
                "type": "rich_text",
                "block_id": "18ym6",
                "elements": [
                    {
                        "type": "rich_text_section",
                        "elements": [
                            {
                                "type": "text",
                                "text": "pero los navegadores pueden decidir leer menos bytes antes de decidirse"
                            }
                        ]
                    }
                ]
            }
        ],
        "reactions": [
            {
                "name": "+1",
                "users": [
                    "UJUJLTWMT"
                ],
                "count": 1
            },
            {
                "name": "clap",
                "users": [
                    "UJUJLTWMT"
                ],
                "count": 1
            }
        ]
    },
    {
        "client_msg_id": "fe2df073-813c-42f2-a568-1dc8ba2e6275",
        "type": "message",
        "text": "Es bueno saber todo esto.",
        "user": "UJUSD6VB2",
        "ts": "1600633707.014600",
        "team": "TJH5YU202",
        "user_team": "TJH5YU202",
        "source_team": "TJH5YU202",
        "user_profile": {
            "avatar_hash": "g1677a02d0b6",
            "image_72": "https:\/\/secure.gravatar.com\/avatar\/bb1677a02d0b69ba91eb245090c7c83a.jpg?s=72&d=https%3A%2F%2Fa.slack-edge.com%2Fdf10d%2Fimg%2Favatars%2Fava_0015-72.png",
            "first_name": "",
            "real_name": "Osvaldo Ramirez",
            "display_name": "Osvaldo Ramirez",
            "team": "TJH5YU202",
            "name": "ramirezosvaldo",
            "is_restricted": false,
            "is_ultra_restricted": false
        },
        "blocks": [
            {
                "type": "rich_text",
                "block_id": "eQ+66",
                "elements": [
                    {
                        "type": "rich_text_section",
                        "elements": [
                            {
                                "type": "text",
                                "text": "Es bueno saber todo esto."
                            }
                        ]
                    }
                ]
            }
        ]
    },
    {
        "client_msg_id": "847b2d7b-cfa8-4fa5-bb2d-8fdd1f6541f9",
        "type": "message",
        "text": "Pregunta: en http.conf tenemos la linea :  LoadModule harbour_moudle modules\/mod_harbour.so",
        "user": "UJUSD6VB2",
        "ts": "1600640414.016700",
        "team": "TJH5YU202",
        "user_team": "TJH5YU202",
        "source_team": "TJH5YU202",
        "user_profile": {
            "avatar_hash": "g1677a02d0b6",
            "image_72": "https:\/\/secure.gravatar.com\/avatar\/bb1677a02d0b69ba91eb245090c7c83a.jpg?s=72&d=https%3A%2F%2Fa.slack-edge.com%2Fdf10d%2Fimg%2Favatars%2Fava_0015-72.png",
            "first_name": "",
            "real_name": "Osvaldo Ramirez",
            "display_name": "Osvaldo Ramirez",
            "team": "TJH5YU202",
            "name": "ramirezosvaldo",
            "is_restricted": false,
            "is_ultra_restricted": false
        },
        "blocks": [
            {
                "type": "rich_text",
                "block_id": "z6B30",
                "elements": [
                    {
                        "type": "rich_text_section",
                        "elements": [
                            {
                                "type": "text",
                                "text": "Pregunta: en http.conf tenemos la linea :  LoadModule harbour_moudle modules\/mod_harbour.so"
                            }
                        ]
                    }
                ]
            }
        ]
    },
    {
        "client_msg_id": "908e3bc8-8393-428f-a94a-a8df2e4285a5",
        "type": "message",
        "text": "que es \"harbour_module\" ? es un alias a modules\/mod_harbour.so ?",
        "user": "UJUSD6VB2",
        "ts": "1600640458.017400",
        "team": "TJH5YU202",
        "user_team": "TJH5YU202",
        "source_team": "TJH5YU202",
        "user_profile": {
            "avatar_hash": "g1677a02d0b6",
            "image_72": "https:\/\/secure.gravatar.com\/avatar\/bb1677a02d0b69ba91eb245090c7c83a.jpg?s=72&d=https%3A%2F%2Fa.slack-edge.com%2Fdf10d%2Fimg%2Favatars%2Fava_0015-72.png",
            "first_name": "",
            "real_name": "Osvaldo Ramirez",
            "display_name": "Osvaldo Ramirez",
            "team": "TJH5YU202",
            "name": "ramirezosvaldo",
            "is_restricted": false,
            "is_ultra_restricted": false
        },
        "blocks": [
            {
                "type": "rich_text",
                "block_id": "n4j",
                "elements": [
                    {
                        "type": "rich_text_section",
                        "elements": [
                            {
                                "type": "text",
                                "text": "que es \"harbour_module\" ? es un alias a modules\/mod_harbour.so ?"
                            }
                        ]
                    }
                ]
            }
        ]
    },
    {
        "client_msg_id": "876c3f29-9f5d-46fa-a1a8-86086c43b168",
        "type": "message",
        "text": "Ahora y si cambio \"harbour_module\" por \"osvaldomod\"  ?",
        "user": "UJUSD6VB2",
        "ts": "1600640637.017900",
        "team": "TJH5YU202",
        "user_team": "TJH5YU202",
        "source_team": "TJH5YU202",
        "user_profile": {
            "avatar_hash": "g1677a02d0b6",
            "image_72": "https:\/\/secure.gravatar.com\/avatar\/bb1677a02d0b69ba91eb245090c7c83a.jpg?s=72&d=https%3A%2F%2Fa.slack-edge.com%2Fdf10d%2Fimg%2Favatars%2Fava_0015-72.png",
            "first_name": "",
            "real_name": "Osvaldo Ramirez",
            "display_name": "Osvaldo Ramirez",
            "team": "TJH5YU202",
            "name": "ramirezosvaldo",
            "is_restricted": false,
            "is_ultra_restricted": false
        },
        "blocks": [
            {
                "type": "rich_text",
                "block_id": "FK1y",
                "elements": [
                    {
                        "type": "rich_text_section",
                        "elements": [
                            {
                                "type": "text",
                                "text": "Ahora y si cambio \"harbour_module\" por \"osvaldomod\"  ?"
                            }
                        ]
                    }
                ]
            }
        ]
    },
    {
        "client_msg_id": "c8500853-a5a1-45f2-accc-fe23a1051a2c",
        "type": "message",
        "text": "mod_harbour.so, me falla ?",
        "user": "UJUSD6VB2",
        "ts": "1600640646.018200",
        "team": "TJH5YU202",
        "user_team": "TJH5YU202",
        "source_team": "TJH5YU202",
        "user_profile": {
            "avatar_hash": "g1677a02d0b6",
            "image_72": "https:\/\/secure.gravatar.com\/avatar\/bb1677a02d0b69ba91eb245090c7c83a.jpg?s=72&d=https%3A%2F%2Fa.slack-edge.com%2Fdf10d%2Fimg%2Favatars%2Fava_0015-72.png",
            "first_name": "",
            "real_name": "Osvaldo Ramirez",
            "display_name": "Osvaldo Ramirez",
            "team": "TJH5YU202",
            "name": "ramirezosvaldo",
            "is_restricted": false,
            "is_ultra_restricted": false
        },
        "blocks": [
            {
                "type": "rich_text",
                "block_id": "tbgB2",
                "elements": [
                    {
                        "type": "rich_text_section",
                        "elements": [
                            {
                                "type": "text",
                                "text": "mod_harbour.so, me falla ?"
                            }
                        ]
                    }
                ]
            }
        ]
    },
    {
        "client_msg_id": "71f31fba-b880-4c5f-ad6c-adad93616cc9",
        "type": "message",
        "text": "Intentare ...",
        "user": "UJUSD6VB2",
        "ts": "1600640651.018400",
        "team": "TJH5YU202",
        "user_team": "TJH5YU202",
        "source_team": "TJH5YU202",
        "user_profile": {
            "avatar_hash": "g1677a02d0b6",
            "image_72": "https:\/\/secure.gravatar.com\/avatar\/bb1677a02d0b69ba91eb245090c7c83a.jpg?s=72&d=https%3A%2F%2Fa.slack-edge.com%2Fdf10d%2Fimg%2Favatars%2Fava_0015-72.png",
            "first_name": "",
            "real_name": "Osvaldo Ramirez",
            "display_name": "Osvaldo Ramirez",
            "team": "TJH5YU202",
            "name": "ramirezosvaldo",
            "is_restricted": false,
            "is_ultra_restricted": false
        },
        "blocks": [
            {
                "type": "rich_text",
                "block_id": "JraP",
                "elements": [
                    {
                        "type": "rich_text_section",
                        "elements": [
                            {
                                "type": "text",
                                "text": "Intentare ..."
                            }
                        ]
                    }
                ]
            }
        ]
    },
    {
        "client_msg_id": "b9d2accd-ed3f-44a0-88bc-be7bcaaf5948",
        "type": "message",
        "text": "<https:\/\/httpd.apache.org\/docs\/current\/mod\/mod_so.html#loadmodule>",
        "user": "UNAHBRTFA",
        "ts": "1600640734.018600",
        "team": "TJH5YU202",
        "user_team": "TJH5YU202",
        "source_team": "TJH5YU202",
        "user_profile": {
            "avatar_hash": "g3d2a3f4c28c",
            "image_72": "https:\/\/secure.gravatar.com\/avatar\/23d2a3f4c28cebb4cf07e48d02620517.jpg?s=72&d=https%3A%2F%2Fa.slack-edge.com%2Fdf10d%2Fimg%2Favatars%2Fava_0020-72.png",
            "first_name": "Andreu",
            "real_name": "Andreu Botella",
            "display_name": "Andreu Botella",
            "team": "TJH5YU202",
            "name": "andreu.132",
            "is_restricted": false,
            "is_ultra_restricted": false
        },
        "blocks": [
            {
                "type": "rich_text",
                "block_id": "tSlj4",
                "elements": [
                    {
                        "type": "rich_text_section",
                        "elements": [
                            {
                                "type": "link",
                                "url": "https:\/\/httpd.apache.org\/docs\/current\/mod\/mod_so.html#loadmodule"
                            }
                        ]
                    }
                ]
            }
        ]
    },
    {
        "client_msg_id": "9b389f19-0924-4ad3-8eda-f4004d95ea78",
        "type": "message",
        "text": "&gt; _Module_ is the name of the external variable of type `module` in the file, and is listed as the <https:\/\/httpd.apache.org\/docs\/current\/mod\/module-dict.html#ModuleIdentifier|Module Identifier> in the module documentation.",
        "user": "UNAHBRTFA",
        "ts": "1600640740.018900",
        "team": "TJH5YU202",
        "user_team": "TJH5YU202",
        "source_team": "TJH5YU202",
        "user_profile": {
            "avatar_hash": "g3d2a3f4c28c",
            "image_72": "https:\/\/secure.gravatar.com\/avatar\/23d2a3f4c28cebb4cf07e48d02620517.jpg?s=72&d=https%3A%2F%2Fa.slack-edge.com%2Fdf10d%2Fimg%2Favatars%2Fava_0020-72.png",
            "first_name": "Andreu",
            "real_name": "Andreu Botella",
            "display_name": "Andreu Botella",
            "team": "TJH5YU202",
            "name": "andreu.132",
            "is_restricted": false,
            "is_ultra_restricted": false
        },
        "blocks": [
            {
                "type": "rich_text",
                "block_id": "LeWb",
                "elements": [
                    {
                        "type": "rich_text_quote",
                        "elements": [
                            {
                                "type": "text",
                                "text": "Module",
                                "style": {
                                    "italic": true
                                }
                            },
                            {
                                "type": "text",
                                "text": " is the name of the external variable of type "
                            },
                            {
                                "type": "text",
                                "text": "module",
                                "style": {
                                    "code": true
                                }
                            },
                            {
                                "type": "text",
                                "text": " in the file, and is listed as the "
                            },
                            {
                                "type": "link",
                                "url": "https:\/\/httpd.apache.org\/docs\/current\/mod\/module-dict.html#ModuleIdentifier",
                                "text": "Module Identifier"
                            },
                            {
                                "type": "text",
                                "text": " in the module documentation."
                            }
                        ]
                    }
                ]
            }
        ]
    },
    {
        "client_msg_id": "b04ef068-b2a8-47ff-a221-ef97dde87eb1",
        "type": "message",
        "text": "tendrías que cambiar el nombre de la variable en las fuentes de mod_harbour y recompilar",
        "user": "UNAHBRTFA",
        "ts": "1600640762.019400",
        "team": "TJH5YU202",
        "user_team": "TJH5YU202",
        "source_team": "TJH5YU202",
        "user_profile": {
            "avatar_hash": "g3d2a3f4c28c",
            "image_72": "https:\/\/secure.gravatar.com\/avatar\/23d2a3f4c28cebb4cf07e48d02620517.jpg?s=72&d=https%3A%2F%2Fa.slack-edge.com%2Fdf10d%2Fimg%2Favatars%2Fava_0020-72.png",
            "first_name": "Andreu",
            "real_name": "Andreu Botella",
            "display_name": "Andreu Botella",
            "team": "TJH5YU202",
            "name": "andreu.132",
            "is_restricted": false,
            "is_ultra_restricted": false
        },
        "edited": {
            "user": "UNAHBRTFA",
            "ts": "1600640786.000000"
        },
        "blocks": [
            {
                "type": "rich_text",
                "block_id": "02LfC",
                "elements": [
                    {
                        "type": "rich_text_section",
                        "elements": [
                            {
                                "type": "text",
                                "text": "tendrías que cambiar el nombre de la variable en las fuentes de mod_harbour y recompilar"
                            }
                        ]
                    }
                ]
            }
        ]
    },
    {
        "client_msg_id": "df19d05c-bc7a-4c8c-af6d-12b6db8891b4",
        "type": "message",
        "text": "Osvaldo no le busques el pelo al huevo.",
        "user": "UM81W8B0Q",
        "ts": "1600640802.020200",
        "team": "TJH5YU202",
        "user_team": "TJH5YU202",
        "source_team": "TJH5YU202",
        "user_profile": {
            "avatar_hash": "gab9279ee8c0",
            "image_72": "https:\/\/secure.gravatar.com\/avatar\/73ab9279ee8c00f66ce4904d30146c8f.jpg?s=72&d=https%3A%2F%2Fa.slack-edge.com%2Fdf10d%2Fimg%2Favatars%2Fava_0010-72.png",
            "first_name": "",
            "real_name": "Angel Pais",
            "display_name": "Angel Pais",
            "team": "TJH5YU202",
            "name": "amigosam",
            "is_restricted": false,
            "is_ultra_restricted": false
        },
        "blocks": [
            {
                "type": "rich_text",
                "block_id": "hNls2",
                "elements": [
                    {
                        "type": "rich_text_section",
                        "elements": [
                            {
                                "type": "text",
                                "text": "Osvaldo no le busques el pelo al huevo."
                            }
                        ]
                    }
                ]
            }
        ]
    },
    {
        "client_msg_id": "9c2f6561-789a-4f17-8b35-84fc5ec6e5c6",
        "type": "message",
        "text": "ggg",
        "user": "UM81W8B0Q",
        "ts": "1600640806.020400",
        "team": "TJH5YU202",
        "user_team": "TJH5YU202",
        "source_team": "TJH5YU202",
        "user_profile": {
            "avatar_hash": "gab9279ee8c0",
            "image_72": "https:\/\/secure.gravatar.com\/avatar\/73ab9279ee8c00f66ce4904d30146c8f.jpg?s=72&d=https%3A%2F%2Fa.slack-edge.com%2Fdf10d%2Fimg%2Favatars%2Fava_0010-72.png",
            "first_name": "",
            "real_name": "Angel Pais",
            "display_name": "Angel Pais",
            "team": "TJH5YU202",
            "name": "amigosam",
            "is_restricted": false,
            "is_ultra_restricted": false
        },
        "blocks": [
            {
                "type": "rich_text",
                "block_id": "nf59",
                "elements": [
                    {
                        "type": "rich_text_section",
                        "elements": [
                            {
                                "type": "text",
                                "text": "ggg"
                            }
                        ]
                    }
                ]
            }
        ]
    },
    {
        "client_msg_id": "9d64313a-1c85-44fe-b563-e92fc6144a1d",
        "type": "message",
        "text": "pues plumitas?",
        "user": "UJUSD6VB2",
        "ts": "1600640833.020600",
        "team": "TJH5YU202",
        "user_team": "TJH5YU202",
        "source_team": "TJH5YU202",
        "user_profile": {
            "avatar_hash": "g1677a02d0b6",
            "image_72": "https:\/\/secure.gravatar.com\/avatar\/bb1677a02d0b69ba91eb245090c7c83a.jpg?s=72&d=https%3A%2F%2Fa.slack-edge.com%2Fdf10d%2Fimg%2Favatars%2Fava_0015-72.png",
            "first_name": "",
            "real_name": "Osvaldo Ramirez",
            "display_name": "Osvaldo Ramirez",
            "team": "TJH5YU202",
            "name": "ramirezosvaldo",
            "is_restricted": false,
            "is_ultra_restricted": false
        },
        "blocks": [
            {
                "type": "rich_text",
                "block_id": "HM1E",
                "elements": [
                    {
                        "type": "rich_text_section",
                        "elements": [
                            {
                                "type": "text",
                                "text": "pues plumitas?"
                            }
                        ]
                    }
                ]
            }
        ]
    },
    {
        "client_msg_id": "3a2a13af-e4ff-4765-aebe-546be2e8e92b",
        "type": "message",
        "text": "Gracias Andreu, me imaginaba.",
        "user": "UJUSD6VB2",
        "ts": "1600640905.021300",
        "team": "TJH5YU202",
        "user_team": "TJH5YU202",
        "source_team": "TJH5YU202",
        "user_profile": {
            "avatar_hash": "g1677a02d0b6",
            "image_72": "https:\/\/secure.gravatar.com\/avatar\/bb1677a02d0b69ba91eb245090c7c83a.jpg?s=72&d=https%3A%2F%2Fa.slack-edge.com%2Fdf10d%2Fimg%2Favatars%2Fava_0015-72.png",
            "first_name": "",
            "real_name": "Osvaldo Ramirez",
            "display_name": "Osvaldo Ramirez",
            "team": "TJH5YU202",
            "name": "ramirezosvaldo",
            "is_restricted": false,
            "is_ultra_restricted": false
        },
        "edited": {
            "user": "UJUSD6VB2",
            "ts": "1600640934.000000"
        },
        "blocks": [
            {
                "type": "rich_text",
                "block_id": "apTs",
                "elements": [
                    {
                        "type": "rich_text_section",
                        "elements": [
                            {
                                "type": "text",
                                "text": "Gracias Andreu, me imaginaba."
                            }
                        ]
                    }
                ]
            }
        ]
    },
    {
        "client_msg_id": "6fca229d-5919-435e-91b7-89767df786ce",
        "type": "message",
        "text": "Entonces Angel, te pusiste de pechito,",
        "user": "UJUSD6VB2",
        "ts": "1600640917.021600",
        "team": "TJH5YU202",
        "user_team": "TJH5YU202",
        "source_team": "TJH5YU202",
        "user_profile": {
            "avatar_hash": "g1677a02d0b6",
            "image_72": "https:\/\/secure.gravatar.com\/avatar\/bb1677a02d0b69ba91eb245090c7c83a.jpg?s=72&d=https%3A%2F%2Fa.slack-edge.com%2Fdf10d%2Fimg%2Favatars%2Fava_0015-72.png",
            "first_name": "",
            "real_name": "Osvaldo Ramirez",
            "display_name": "Osvaldo Ramirez",
            "team": "TJH5YU202",
            "name": "ramirezosvaldo",
            "is_restricted": false,
            "is_ultra_restricted": false
        },
        "blocks": [
            {
                "type": "rich_text",
                "block_id": "cjg",
                "elements": [
                    {
                        "type": "rich_text_section",
                        "elements": [
                            {
                                "type": "text",
                                "text": "Entonces Angel, te pusiste de pechito,"
                            }
                        ]
                    }
                ]
            }
        ]
    },
    {
        "client_msg_id": "85cf5b8b-ca00-4fe5-af5f-bb1f50cab9e3",
        "type": "message",
        "text": "jua",
        "user": "UM81W8B0Q",
        "ts": "1600640931.021900",
        "team": "TJH5YU202",
        "user_team": "TJH5YU202",
        "source_team": "TJH5YU202",
        "user_profile": {
            "avatar_hash": "gab9279ee8c0",
            "image_72": "https:\/\/secure.gravatar.com\/avatar\/73ab9279ee8c00f66ce4904d30146c8f.jpg?s=72&d=https%3A%2F%2Fa.slack-edge.com%2Fdf10d%2Fimg%2Favatars%2Fava_0010-72.png",
            "first_name": "",
            "real_name": "Angel Pais",
            "display_name": "Angel Pais",
            "team": "TJH5YU202",
            "name": "amigosam",
            "is_restricted": false,
            "is_ultra_restricted": false
        },
        "blocks": [
            {
                "type": "rich_text",
                "block_id": "JO7C",
                "elements": [
                    {
                        "type": "rich_text_section",
                        "elements": [
                            {
                                "type": "text",
                                "text": "jua"
                            }
                        ]
                    }
                ]
            }
        ]
    },
    {
        "client_msg_id": "00800dd7-42be-40d4-8bea-cbd19dfea59f",
        "type": "message",
        "text": "jejejejej",
        "user": "UJUSD6VB2",
        "ts": "1600640940.022200",
        "team": "TJH5YU202",
        "user_team": "TJH5YU202",
        "source_team": "TJH5YU202",
        "user_profile": {
            "avatar_hash": "g1677a02d0b6",
            "image_72": "https:\/\/secure.gravatar.com\/avatar\/bb1677a02d0b69ba91eb245090c7c83a.jpg?s=72&d=https%3A%2F%2Fa.slack-edge.com%2Fdf10d%2Fimg%2Favatars%2Fava_0015-72.png",
            "first_name": "",
            "real_name": "Osvaldo Ramirez",
            "display_name": "Osvaldo Ramirez",
            "team": "TJH5YU202",
            "name": "ramirezosvaldo",
            "is_restricted": false,
            "is_ultra_restricted": false
        },
        "blocks": [
            {
                "type": "rich_text",
                "block_id": "Z1l",
                "elements": [
                    {
                        "type": "rich_text_section",
                        "elements": [
                            {
                                "type": "text",
                                "text": "jejejejej"
                            }
                        ]
                    }
                ]
            }
        ]
    },
    {
        "client_msg_id": "beb6df24-77f6-4db5-b693-e18a01ec133d",
        "type": "message",
        "text": "En domingo?",
        "user": "UK28N3CER",
        "ts": "1600649340.022700",
        "team": "TJH5YU202",
        "user_team": "TJH5YU202",
        "source_team": "TJH5YU202",
        "user_profile": {
            "avatar_hash": "0eafa7153ff3",
            "image_72": "https:\/\/avatars.slack-edge.com\/2020-05-18\/1155120542496_0eafa7153ff35206c804_72.jpg",
            "first_name": "Cesar",
            "real_name": "Cesar SysCtrl Software",
            "display_name": "Cesar SysCtrl Software",
            "team": "TJH5YU202",
            "name": "sysctrlsoftware",
            "is_restricted": false,
            "is_ultra_restricted": false
        },
        "blocks": [
            {
                "type": "rich_text",
                "block_id": "Ibgn",
                "elements": [
                    {
                        "type": "rich_text_section",
                        "elements": [
                            {
                                "type": "text",
                                "text": "En domingo?"
                            }
                        ]
                    }
                ]
            }
        ]
    }
]