[
    {
        "client_msg_id": "7f30af3f-152e-49b9-9209-019bd73917d9",
        "type": "message",
        "text": "<@UJXP7LS78>, <@UK28N3CER> por favor mira el video. Si está realmente interesado en AC y HARBORINO, estaré encantado de darle estas herramientas y mostrarle cómo trabajar de forma productiva con ellas.        <https:\/\/mybergland.com\/fwforum\/ac.mp4>",
        "user": "UJHD6A81H",
        "ts": "1601110593.054500",
        "team": "TJH5YU202",
        "user_team": "TJH5YU202",
        "source_team": "TJH5YU202",
        "user_profile": {
            "avatar_hash": "g6b8073e00e9",
            "image_72": "https:\/\/secure.gravatar.com\/avatar\/b96b8073e00e9eb02bcf05bc1418eb3a.jpg?s=72&d=https%3A%2F%2Fa.slack-edge.com%2Fdf10d%2Fimg%2Favatars%2Fava_0021-72.png",
            "first_name": "Otto",
            "real_name": "Otto Atzwanger",
            "display_name": "Otto",
            "team": "TJH5YU202",
            "name": "otto",
            "is_restricted": false,
            "is_ultra_restricted": false
        },
        "blocks": [
            {
                "type": "rich_text",
                "block_id": "Fifax",
                "elements": [
                    {
                        "type": "rich_text_section",
                        "elements": [
                            {
                                "type": "user",
                                "user_id": "UJXP7LS78"
                            },
                            {
                                "type": "text",
                                "text": ", "
                            },
                            {
                                "type": "user",
                                "user_id": "UK28N3CER"
                            },
                            {
                                "type": "text",
                                "text": " por favor mira el video. Si está realmente interesado en AC y HARBORINO, estaré encantado de darle estas herramientas y mostrarle cómo trabajar de forma productiva con ellas.        "
                            },
                            {
                                "type": "link",
                                "url": "https:\/\/mybergland.com\/fwforum\/ac.mp4"
                            }
                        ]
                    }
                ]
            }
        ]
    },
    {
        "client_msg_id": "81323fd1-2bb6-4535-aece-21f6ff0f7759",
        "type": "message",
        "text": "many thanks I'm interesting !!",
        "user": "UJXP7LS78",
        "ts": "1601132094.054900",
        "team": "TJH5YU202",
        "user_team": "TJH5YU202",
        "source_team": "TJH5YU202",
        "user_profile": {
            "avatar_hash": "gc4a0baebb72",
            "image_72": "https:\/\/secure.gravatar.com\/avatar\/a1c4a0baebb720b97e5a197259dbf409.jpg?s=72&d=https%3A%2F%2Fa.slack-edge.com%2Fdf10d%2Fimg%2Favatars%2Fava_0007-72.png",
            "first_name": "",
            "real_name": "wilson gamboa",
            "display_name": "wilson gamboa",
            "team": "TJH5YU202",
            "name": "wilson.josenet",
            "is_restricted": false,
            "is_ultra_restricted": false
        },
        "blocks": [
            {
                "type": "rich_text",
                "block_id": "O0e",
                "elements": [
                    {
                        "type": "rich_text_section",
                        "elements": [
                            {
                                "type": "text",
                                "text": "many thanks I'm interesting !!"
                            }
                        ]
                    }
                ]
            }
        ]
    },
    {
        "client_msg_id": "cf720e00-0268-4390-8acd-c46c54256f9d",
        "type": "message",
        "text": "I have send you a link.",
        "user": "UJHD6A81H",
        "ts": "1601133832.055200",
        "team": "TJH5YU202",
        "user_team": "TJH5YU202",
        "source_team": "TJH5YU202",
        "user_profile": {
            "avatar_hash": "g6b8073e00e9",
            "image_72": "https:\/\/secure.gravatar.com\/avatar\/b96b8073e00e9eb02bcf05bc1418eb3a.jpg?s=72&d=https%3A%2F%2Fa.slack-edge.com%2Fdf10d%2Fimg%2Favatars%2Fava_0021-72.png",
            "first_name": "Otto",
            "real_name": "Otto Atzwanger",
            "display_name": "Otto",
            "team": "TJH5YU202",
            "name": "otto",
            "is_restricted": false,
            "is_ultra_restricted": false
        },
        "blocks": [
            {
                "type": "rich_text",
                "block_id": "G6zjF",
                "elements": [
                    {
                        "type": "rich_text_section",
                        "elements": [
                            {
                                "type": "text",
                                "text": "I have send you a link."
                            }
                        ]
                    }
                ]
            }
        ]
    },
    {
        "client_msg_id": "08c50c7c-6f63-4245-9794-48ab111fe228",
        "type": "message",
        "text": "I am too !",
        "user": "UM81W8B0Q",
        "ts": "1601133961.055400",
        "team": "TJH5YU202",
        "user_team": "TJH5YU202",
        "source_team": "TJH5YU202",
        "user_profile": {
            "avatar_hash": "gab9279ee8c0",
            "image_72": "https:\/\/secure.gravatar.com\/avatar\/73ab9279ee8c00f66ce4904d30146c8f.jpg?s=72&d=https%3A%2F%2Fa.slack-edge.com%2Fdf10d%2Fimg%2Favatars%2Fava_0010-72.png",
            "first_name": "",
            "real_name": "Angel Pais",
            "display_name": "Angel Pais",
            "team": "TJH5YU202",
            "name": "amigosam",
            "is_restricted": false,
            "is_ultra_restricted": false
        },
        "blocks": [
            {
                "type": "rich_text",
                "block_id": "7QB",
                "elements": [
                    {
                        "type": "rich_text_section",
                        "elements": [
                            {
                                "type": "text",
                                "text": "I am too !"
                            }
                        ]
                    }
                ]
            }
        ]
    },
    {
        "client_msg_id": "b209dd75-5acf-417f-b70b-d84b3e7be7d0",
        "type": "message",
        "text": "@Angel,  I have sent Autocode to Wilson. But AUTOCODE is for FIVEWIN DEFINE commands only.",
        "user": "UJHD6A81H",
        "ts": "1601134186.057100",
        "team": "TJH5YU202",
        "user_team": "TJH5YU202",
        "source_team": "TJH5YU202",
        "user_profile": {
            "avatar_hash": "g6b8073e00e9",
            "image_72": "https:\/\/secure.gravatar.com\/avatar\/b96b8073e00e9eb02bcf05bc1418eb3a.jpg?s=72&d=https%3A%2F%2Fa.slack-edge.com%2Fdf10d%2Fimg%2Favatars%2Fava_0021-72.png",
            "first_name": "Otto",
            "real_name": "Otto Atzwanger",
            "display_name": "Otto",
            "team": "TJH5YU202",
            "name": "otto",
            "is_restricted": false,
            "is_ultra_restricted": false
        },
        "blocks": [
            {
                "type": "rich_text",
                "block_id": "Q8e79",
                "elements": [
                    {
                        "type": "rich_text_section",
                        "elements": [
                            {
                                "type": "text",
                                "text": "@Angel,  I have sent Autocode to Wilson. But AUTOCODE is for FIVEWIN DEFINE commands only."
                            }
                        ]
                    }
                ]
            }
        ],
        "thread_ts": "1601134186.057100",
        "reply_count": 1,
        "reply_users_count": 1,
        "latest_reply": "1601295736.061000",
        "reply_users": [
            "URQ8AJCQZ"
        ],
        "replies": [
            {
                "user": "URQ8AJCQZ",
                "ts": "1601295736.061000"
            }
        ],
        "subscribed": false
    },
    {
        "client_msg_id": "1e23dfaf-9681-4be4-a90a-3aaf59e8bf9b",
        "type": "message",
        "text": "But I can send you the link if you want.",
        "user": "UJHD6A81H",
        "ts": "1601134213.057500",
        "team": "TJH5YU202",
        "user_team": "TJH5YU202",
        "source_team": "TJH5YU202",
        "user_profile": {
            "avatar_hash": "g6b8073e00e9",
            "image_72": "https:\/\/secure.gravatar.com\/avatar\/b96b8073e00e9eb02bcf05bc1418eb3a.jpg?s=72&d=https%3A%2F%2Fa.slack-edge.com%2Fdf10d%2Fimg%2Favatars%2Fava_0021-72.png",
            "first_name": "Otto",
            "real_name": "Otto Atzwanger",
            "display_name": "Otto",
            "team": "TJH5YU202",
            "name": "otto",
            "is_restricted": false,
            "is_ultra_restricted": false
        },
        "blocks": [
            {
                "type": "rich_text",
                "block_id": "XhjY",
                "elements": [
                    {
                        "type": "rich_text_section",
                        "elements": [
                            {
                                "type": "text",
                                "text": "But I can send you the link if you want."
                            }
                        ]
                    }
                ]
            }
        ]
    },
    {
        "client_msg_id": "bcd58470-a6a9-4609-8bf6-980362245183",
        "type": "message",
        "text": "Many Thanks Otto",
        "user": "UJXP7LS78",
        "ts": "1601135456.057800",
        "team": "TJH5YU202",
        "user_team": "TJH5YU202",
        "source_team": "TJH5YU202",
        "user_profile": {
            "avatar_hash": "gc4a0baebb72",
            "image_72": "https:\/\/secure.gravatar.com\/avatar\/a1c4a0baebb720b97e5a197259dbf409.jpg?s=72&d=https%3A%2F%2Fa.slack-edge.com%2Fdf10d%2Fimg%2Favatars%2Fava_0007-72.png",
            "first_name": "",
            "real_name": "wilson gamboa",
            "display_name": "wilson gamboa",
            "team": "TJH5YU202",
            "name": "wilson.josenet",
            "is_restricted": false,
            "is_ultra_restricted": false
        },
        "blocks": [
            {
                "type": "rich_text",
                "block_id": "QtA",
                "elements": [
                    {
                        "type": "rich_text_section",
                        "elements": [
                            {
                                "type": "text",
                                "text": "Many Thanks Otto"
                            }
                        ]
                    }
                ]
            }
        ]
    },
    {
        "type": "message",
        "text": "HARBOURINO can handle default values now",
        "files": [
            {
                "id": "F01B176MTGX",
                "created": 1601157356,
                "timestamp": 1601157356,
                "name": "grafik.png",
                "title": "grafik.png",
                "mimetype": "image\/png",
                "filetype": "png",
                "pretty_type": "PNG",
                "user": "UJHD6A81H",
                "editable": false,
                "size": 237049,
                "mode": "hosted",
                "is_external": false,
                "external_type": "",
                "is_public": true,
                "public_url_shared": false,
                "display_as_bot": false,
                "username": "",
                "url_private": "https:\/\/files.slack.com\/files-pri\/TJH5YU202-F01B176MTGX\/grafik.png?t=xoxe-629202954002-1408710291175-1429611969940-666c705f8dd944d59ed88b8cd6be975e",
                "url_private_download": "https:\/\/files.slack.com\/files-pri\/TJH5YU202-F01B176MTGX\/download\/grafik.png?t=xoxe-629202954002-1408710291175-1429611969940-666c705f8dd944d59ed88b8cd6be975e",
                "thumb_64": "https:\/\/files.slack.com\/files-tmb\/TJH5YU202-F01B176MTGX-4df42665f9\/grafik_64.png?t=xoxe-629202954002-1408710291175-1429611969940-666c705f8dd944d59ed88b8cd6be975e",
                "thumb_80": "https:\/\/files.slack.com\/files-tmb\/TJH5YU202-F01B176MTGX-4df42665f9\/grafik_80.png?t=xoxe-629202954002-1408710291175-1429611969940-666c705f8dd944d59ed88b8cd6be975e",
                "thumb_360": "https:\/\/files.slack.com\/files-tmb\/TJH5YU202-F01B176MTGX-4df42665f9\/grafik_360.png?t=xoxe-629202954002-1408710291175-1429611969940-666c705f8dd944d59ed88b8cd6be975e",
                "thumb_360_w": 360,
                "thumb_360_h": 126,
                "thumb_480": "https:\/\/files.slack.com\/files-tmb\/TJH5YU202-F01B176MTGX-4df42665f9\/grafik_480.png?t=xoxe-629202954002-1408710291175-1429611969940-666c705f8dd944d59ed88b8cd6be975e",
                "thumb_480_w": 480,
                "thumb_480_h": 167,
                "thumb_160": "https:\/\/files.slack.com\/files-tmb\/TJH5YU202-F01B176MTGX-4df42665f9\/grafik_160.png?t=xoxe-629202954002-1408710291175-1429611969940-666c705f8dd944d59ed88b8cd6be975e",
                "thumb_720": "https:\/\/files.slack.com\/files-tmb\/TJH5YU202-F01B176MTGX-4df42665f9\/grafik_720.png?t=xoxe-629202954002-1408710291175-1429611969940-666c705f8dd944d59ed88b8cd6be975e",
                "thumb_720_w": 720,
                "thumb_720_h": 251,
                "thumb_800": "https:\/\/files.slack.com\/files-tmb\/TJH5YU202-F01B176MTGX-4df42665f9\/grafik_800.png?t=xoxe-629202954002-1408710291175-1429611969940-666c705f8dd944d59ed88b8cd6be975e",
                "thumb_800_w": 800,
                "thumb_800_h": 279,
                "thumb_960": "https:\/\/files.slack.com\/files-tmb\/TJH5YU202-F01B176MTGX-4df42665f9\/grafik_960.png?t=xoxe-629202954002-1408710291175-1429611969940-666c705f8dd944d59ed88b8cd6be975e",
                "thumb_960_w": 960,
                "thumb_960_h": 335,
                "thumb_1024": "https:\/\/files.slack.com\/files-tmb\/TJH5YU202-F01B176MTGX-4df42665f9\/grafik_1024.png?t=xoxe-629202954002-1408710291175-1429611969940-666c705f8dd944d59ed88b8cd6be975e",
                "thumb_1024_w": 1024,
                "thumb_1024_h": 357,
                "original_w": 1592,
                "original_h": 555,
                "thumb_tiny": "AwAQADC9JHGzbm6\/WmiCL3\/OpMHt\/Kl\/D9KAIvIiHr+dKsMauGGcj3qX8P0o\/wA9KADcKXNJ\/npR\/npQB\/\/Z",
                "permalink": "https:\/\/harbourproject.slack.com\/files\/UJHD6A81H\/F01B176MTGX\/grafik.png",
                "permalink_public": "https:\/\/slack-files.com\/TJH5YU202-F01B176MTGX-1c18179d1f",
                "is_starred": false,
                "has_rich_preview": false
            }
        ],
        "upload": false,
        "blocks": [
            {
                "type": "rich_text",
                "block_id": "vqWk",
                "elements": [
                    {
                        "type": "rich_text_section",
                        "elements": [
                            {
                                "type": "text",
                                "text": "HARBOURINO can handle default values now"
                            }
                        ]
                    }
                ]
            }
        ],
        "user": "UJHD6A81H",
        "display_as_bot": false,
        "ts": "1601157362.058700"
    },
    {
        "client_msg_id": "e68ee0d2-fa90-4785-b3ce-97c140a2bc47",
        "type": "message",
        "text": ":clap: Good Otto",
        "user": "UK28N3CER",
        "ts": "1601160109.059400",
        "team": "TJH5YU202",
        "user_team": "TJH5YU202",
        "source_team": "TJH5YU202",
        "user_profile": {
            "avatar_hash": "0eafa7153ff3",
            "image_72": "https:\/\/avatars.slack-edge.com\/2020-05-18\/1155120542496_0eafa7153ff35206c804_72.jpg",
            "first_name": "Cesar",
            "real_name": "Cesar SysCtrl Software",
            "display_name": "Cesar SysCtrl Software",
            "team": "TJH5YU202",
            "name": "sysctrlsoftware",
            "is_restricted": false,
            "is_ultra_restricted": false
        },
        "blocks": [
            {
                "type": "rich_text",
                "block_id": "uGG",
                "elements": [
                    {
                        "type": "rich_text_section",
                        "elements": [
                            {
                                "type": "emoji",
                                "name": "clap"
                            },
                            {
                                "type": "text",
                                "text": " Good Otto"
                            }
                        ]
                    }
                ]
            }
        ]
    }
]