[
    {
        "client_msg_id": "a7d5672b-c735-4332-8320-8917c1e737c3",
        "type": "message",
        "text": "Esta semana empieza bien.\nEl servicio web de FIVEWIN funciona perfectamente.\n\n report.view\n\nAJAX\n\n1) Escribe la solicitud en un archivo en el servidor para el servidor FIVEWIN\n2) comienza\n\n timer = setInterval (function () {checkFile ();}, 3000);\n\n\ncheckFile\nAJAX\n\nsupervisa el archivo de respuesta del servidor FIVEWIN\n\néxito: función\n\nmuestra el archivo de respuesta en un &lt;iFrame&gt;",
        "user": "UJHD6A81H",
        "ts": "1600071705.035300",
        "team": "TJH5YU202",
        "user_team": "TJH5YU202",
        "source_team": "TJH5YU202",
        "user_profile": {
            "avatar_hash": "g6b8073e00e9",
            "image_72": "https:\/\/secure.gravatar.com\/avatar\/b96b8073e00e9eb02bcf05bc1418eb3a.jpg?s=72&d=https%3A%2F%2Fa.slack-edge.com%2Fdf10d%2Fimg%2Favatars%2Fava_0021-72.png",
            "first_name": "Otto",
            "real_name": "Otto Atzwanger",
            "display_name": "Otto",
            "team": "TJH5YU202",
            "name": "otto",
            "is_restricted": false,
            "is_ultra_restricted": false
        },
        "blocks": [
            {
                "type": "rich_text",
                "block_id": "rqW31",
                "elements": [
                    {
                        "type": "rich_text_section",
                        "elements": [
                            {
                                "type": "text",
                                "text": "Esta semana empieza bien.\nEl servicio web de FIVEWIN funciona perfectamente.\n\n report.view\n\nAJAX\n\n1) Escribe la solicitud en un archivo en el servidor para el servidor FIVEWIN\n2) comienza\n\n timer = setInterval (function () {checkFile ();}, 3000);\n\n\ncheckFile\nAJAX\n\nsupervisa el archivo de respuesta del servidor FIVEWIN\n\néxito: función\n\nmuestra el archivo de respuesta en un <iFrame>"
                            }
                        ]
                    }
                ]
            }
        ]
    },
    {
        "client_msg_id": "b927f934-d4b8-4a75-a7f0-459ab71eae71",
        "type": "message",
        "text": "[  report.view\n\nAJAX\n\n1) writes the request to a file on the server for the FIVEWIN server\n2) starts\n\n timer = setInterval(function(){ checkFile(); }, 3000);\n\n\ncheckFile\nAJAX\n\nmonitors  for the response file of the FIVEWIN server\n\nsuccess: function\n\ndisplays the response file in an &lt;iFrame&gt; ]",
        "user": "UJHD6A81H",
        "ts": "1600071729.035600",
        "team": "TJH5YU202",
        "user_team": "TJH5YU202",
        "source_team": "TJH5YU202",
        "user_profile": {
            "avatar_hash": "g6b8073e00e9",
            "image_72": "https:\/\/secure.gravatar.com\/avatar\/b96b8073e00e9eb02bcf05bc1418eb3a.jpg?s=72&d=https%3A%2F%2Fa.slack-edge.com%2Fdf10d%2Fimg%2Favatars%2Fava_0021-72.png",
            "first_name": "Otto",
            "real_name": "Otto Atzwanger",
            "display_name": "Otto",
            "team": "TJH5YU202",
            "name": "otto",
            "is_restricted": false,
            "is_ultra_restricted": false
        },
        "blocks": [
            {
                "type": "rich_text",
                "block_id": "Iqk0",
                "elements": [
                    {
                        "type": "rich_text_section",
                        "elements": [
                            {
                                "type": "text",
                                "text": "[  report.view\n\nAJAX\n\n1) writes the request to a file on the server for the FIVEWIN server\n2) starts\n\n timer = setInterval(function(){ checkFile(); }, 3000);\n\n\ncheckFile\nAJAX\n\nmonitors  for the response file of the FIVEWIN server\n\nsuccess: function\n\ndisplays the response file in an <iFrame> ]"
                            }
                        ]
                    }
                ]
            }
        ]
    },
    {
        "type": "message",
        "text": "",
        "files": [
            {
                "id": "F01BAQJLFCG",
                "created": 1600072266,
                "timestamp": 1600072266,
                "name": "webservice.gif",
                "title": "webservice.gif",
                "mimetype": "image\/gif",
                "filetype": "gif",
                "pretty_type": "GIF",
                "user": "UJHD6A81H",
                "editable": false,
                "size": 277429,
                "mode": "hosted",
                "is_external": false,
                "external_type": "",
                "is_public": true,
                "public_url_shared": false,
                "display_as_bot": false,
                "username": "",
                "url_private": "https:\/\/files.slack.com\/files-pri\/TJH5YU202-F01BAQJLFCG\/webservice.gif?t=xoxe-629202954002-1408710291175-1429611969940-666c705f8dd944d59ed88b8cd6be975e",
                "url_private_download": "https:\/\/files.slack.com\/files-pri\/TJH5YU202-F01BAQJLFCG\/download\/webservice.gif?t=xoxe-629202954002-1408710291175-1429611969940-666c705f8dd944d59ed88b8cd6be975e",
                "thumb_64": "https:\/\/files.slack.com\/files-tmb\/TJH5YU202-F01BAQJLFCG-36b6f3c635\/webservice_64.png?t=xoxe-629202954002-1408710291175-1429611969940-666c705f8dd944d59ed88b8cd6be975e",
                "thumb_80": "https:\/\/files.slack.com\/files-tmb\/TJH5YU202-F01BAQJLFCG-36b6f3c635\/webservice_80.png?t=xoxe-629202954002-1408710291175-1429611969940-666c705f8dd944d59ed88b8cd6be975e",
                "thumb_360": "https:\/\/files.slack.com\/files-tmb\/TJH5YU202-F01BAQJLFCG-36b6f3c635\/webservice_360.png?t=xoxe-629202954002-1408710291175-1429611969940-666c705f8dd944d59ed88b8cd6be975e",
                "thumb_360_w": 360,
                "thumb_360_h": 147,
                "thumb_480": "https:\/\/files.slack.com\/files-tmb\/TJH5YU202-F01BAQJLFCG-36b6f3c635\/webservice_480.png?t=xoxe-629202954002-1408710291175-1429611969940-666c705f8dd944d59ed88b8cd6be975e",
                "thumb_480_w": 480,
                "thumb_480_h": 196,
                "thumb_160": "https:\/\/files.slack.com\/files-tmb\/TJH5YU202-F01BAQJLFCG-36b6f3c635\/webservice_160.png?t=xoxe-629202954002-1408710291175-1429611969940-666c705f8dd944d59ed88b8cd6be975e",
                "thumb_720": "https:\/\/files.slack.com\/files-tmb\/TJH5YU202-F01BAQJLFCG-36b6f3c635\/webservice_720.png?t=xoxe-629202954002-1408710291175-1429611969940-666c705f8dd944d59ed88b8cd6be975e",
                "thumb_720_w": 720,
                "thumb_720_h": 294,
                "thumb_800": "https:\/\/files.slack.com\/files-tmb\/TJH5YU202-F01BAQJLFCG-36b6f3c635\/webservice_800.png?t=xoxe-629202954002-1408710291175-1429611969940-666c705f8dd944d59ed88b8cd6be975e",
                "thumb_800_w": 800,
                "thumb_800_h": 326,
                "thumb_960": "https:\/\/files.slack.com\/files-tmb\/TJH5YU202-F01BAQJLFCG-36b6f3c635\/webservice_960.png?t=xoxe-629202954002-1408710291175-1429611969940-666c705f8dd944d59ed88b8cd6be975e",
                "thumb_960_w": 960,
                "thumb_960_h": 392,
                "thumb_1024": "https:\/\/files.slack.com\/files-tmb\/TJH5YU202-F01BAQJLFCG-36b6f3c635\/webservice_1024.png?t=xoxe-629202954002-1408710291175-1429611969940-666c705f8dd944d59ed88b8cd6be975e",
                "thumb_1024_w": 1024,
                "thumb_1024_h": 418,
                "thumb_360_gif": "https:\/\/files.slack.com\/files-tmb\/TJH5YU202-F01BAQJLFCG-36b6f3c635\/webservice_360.gif?t=xoxe-629202954002-1408710291175-1429611969940-666c705f8dd944d59ed88b8cd6be975e",
                "thumb_480_gif": "https:\/\/files.slack.com\/files-tmb\/TJH5YU202-F01BAQJLFCG-36b6f3c635\/webservice_480.gif?t=xoxe-629202954002-1408710291175-1429611969940-666c705f8dd944d59ed88b8cd6be975e",
                "original_w": 1846,
                "original_h": 753,
                "deanimate_gif": "https:\/\/files.slack.com\/files-tmb\/TJH5YU202-F01BAQJLFCG-36b6f3c635\/webservice_deanimate_gif.png?t=xoxe-629202954002-1408710291175-1429611969940-666c705f8dd944d59ed88b8cd6be975e",
                "thumb_tiny": "AwATADCtaAm6ULjPPXp0rTVbhehh\/wDHqzbH\/j8j\/H+VbGDnrx6YppgRZuvWH8jUy7ig343d9vSil7UMA2+5oxS0UgMSw\/4\/I\/x\/lWzWLYf8fkf4\/wAq2qACl7UlL2oAWiiigD\/\/2Q==",
                "permalink": "https:\/\/harbourproject.slack.com\/files\/UJHD6A81H\/F01BAQJLFCG\/webservice.gif",
                "permalink_public": "https:\/\/slack-files.com\/TJH5YU202-F01BAQJLFCG-c4aa3139d2",
                "is_starred": false,
                "has_rich_preview": false
            }
        ],
        "upload": false,
        "user": "UJHD6A81H",
        "display_as_bot": false,
        "ts": "1600072269.035700"
    },
    {
        "client_msg_id": "5aa509e1-278f-4705-9831-dc8f40a159e7",
        "type": "message",
        "text": "Aquí está la página del servidor de FIVEWIN WEB SERVICE.\nCopio el archivo de solicitud a mano para que pueda ver mejor la función.",
        "user": "UJHD6A81H",
        "ts": "1600073726.036100",
        "team": "TJH5YU202",
        "user_team": "TJH5YU202",
        "source_team": "TJH5YU202",
        "user_profile": {
            "avatar_hash": "g6b8073e00e9",
            "image_72": "https:\/\/secure.gravatar.com\/avatar\/b96b8073e00e9eb02bcf05bc1418eb3a.jpg?s=72&d=https%3A%2F%2Fa.slack-edge.com%2Fdf10d%2Fimg%2Favatars%2Fava_0021-72.png",
            "first_name": "Otto",
            "real_name": "Otto Atzwanger",
            "display_name": "Otto",
            "team": "TJH5YU202",
            "name": "otto",
            "is_restricted": false,
            "is_ultra_restricted": false
        },
        "blocks": [
            {
                "type": "rich_text",
                "block_id": "4hu18",
                "elements": [
                    {
                        "type": "rich_text_section",
                        "elements": [
                            {
                                "type": "text",
                                "text": "Aquí está la página del servidor de FIVEWIN WEB SERVICE.\nCopio el archivo de solicitud a mano para que pueda ver mejor la función."
                            }
                        ]
                    }
                ]
            }
        ]
    },
    {
        "type": "message",
        "text": "",
        "files": [
            {
                "id": "F01AHTZ7JMB",
                "created": 1600073731,
                "timestamp": 1600073731,
                "name": "FIVEWINWEBSERVICE.gif",
                "title": "FIVEWINWEBSERVICE.gif",
                "mimetype": "image\/gif",
                "filetype": "gif",
                "pretty_type": "GIF",
                "user": "UJHD6A81H",
                "editable": false,
                "size": 1583630,
                "mode": "hosted",
                "is_external": false,
                "external_type": "",
                "is_public": true,
                "public_url_shared": false,
                "display_as_bot": false,
                "username": "",
                "url_private": "https:\/\/files.slack.com\/files-pri\/TJH5YU202-F01AHTZ7JMB\/fivewinwebservice.gif?t=xoxe-629202954002-1408710291175-1429611969940-666c705f8dd944d59ed88b8cd6be975e",
                "url_private_download": "https:\/\/files.slack.com\/files-pri\/TJH5YU202-F01AHTZ7JMB\/download\/fivewinwebservice.gif?t=xoxe-629202954002-1408710291175-1429611969940-666c705f8dd944d59ed88b8cd6be975e",
                "thumb_64": "https:\/\/files.slack.com\/files-tmb\/TJH5YU202-F01AHTZ7JMB-f37a49384f\/fivewinwebservice_64.png?t=xoxe-629202954002-1408710291175-1429611969940-666c705f8dd944d59ed88b8cd6be975e",
                "thumb_80": "https:\/\/files.slack.com\/files-tmb\/TJH5YU202-F01AHTZ7JMB-f37a49384f\/fivewinwebservice_80.png?t=xoxe-629202954002-1408710291175-1429611969940-666c705f8dd944d59ed88b8cd6be975e",
                "thumb_360": "https:\/\/files.slack.com\/files-tmb\/TJH5YU202-F01AHTZ7JMB-f37a49384f\/fivewinwebservice_360.png?t=xoxe-629202954002-1408710291175-1429611969940-666c705f8dd944d59ed88b8cd6be975e",
                "thumb_360_w": 360,
                "thumb_360_h": 185,
                "thumb_480": "https:\/\/files.slack.com\/files-tmb\/TJH5YU202-F01AHTZ7JMB-f37a49384f\/fivewinwebservice_480.png?t=xoxe-629202954002-1408710291175-1429611969940-666c705f8dd944d59ed88b8cd6be975e",
                "thumb_480_w": 480,
                "thumb_480_h": 246,
                "thumb_160": "https:\/\/files.slack.com\/files-tmb\/TJH5YU202-F01AHTZ7JMB-f37a49384f\/fivewinwebservice_160.png?t=xoxe-629202954002-1408710291175-1429611969940-666c705f8dd944d59ed88b8cd6be975e",
                "thumb_720": "https:\/\/files.slack.com\/files-tmb\/TJH5YU202-F01AHTZ7JMB-f37a49384f\/fivewinwebservice_720.png?t=xoxe-629202954002-1408710291175-1429611969940-666c705f8dd944d59ed88b8cd6be975e",
                "thumb_720_w": 720,
                "thumb_720_h": 369,
                "thumb_800": "https:\/\/files.slack.com\/files-tmb\/TJH5YU202-F01AHTZ7JMB-f37a49384f\/fivewinwebservice_800.png?t=xoxe-629202954002-1408710291175-1429611969940-666c705f8dd944d59ed88b8cd6be975e",
                "thumb_800_w": 800,
                "thumb_800_h": 410,
                "thumb_960": "https:\/\/files.slack.com\/files-tmb\/TJH5YU202-F01AHTZ7JMB-f37a49384f\/fivewinwebservice_960.png?t=xoxe-629202954002-1408710291175-1429611969940-666c705f8dd944d59ed88b8cd6be975e",
                "thumb_960_w": 960,
                "thumb_960_h": 492,
                "thumb_1024": "https:\/\/files.slack.com\/files-tmb\/TJH5YU202-F01AHTZ7JMB-f37a49384f\/fivewinwebservice_1024.png?t=xoxe-629202954002-1408710291175-1429611969940-666c705f8dd944d59ed88b8cd6be975e",
                "thumb_1024_w": 1024,
                "thumb_1024_h": 525,
                "thumb_360_gif": "https:\/\/files.slack.com\/files-tmb\/TJH5YU202-F01AHTZ7JMB-f37a49384f\/fivewinwebservice_360.gif?t=xoxe-629202954002-1408710291175-1429611969940-666c705f8dd944d59ed88b8cd6be975e",
                "thumb_480_gif": "https:\/\/files.slack.com\/files-tmb\/TJH5YU202-F01AHTZ7JMB-f37a49384f\/fivewinwebservice_480.gif?t=xoxe-629202954002-1408710291175-1429611969940-666c705f8dd944d59ed88b8cd6be975e",
                "original_w": 1611,
                "original_h": 826,
                "deanimate_gif": "https:\/\/files.slack.com\/files-tmb\/TJH5YU202-F01AHTZ7JMB-f37a49384f\/fivewinwebservice_deanimate_gif.png?t=xoxe-629202954002-1408710291175-1429611969940-666c705f8dd944d59ed88b8cd6be975e",
                "thumb_tiny": "AwAYADDSNJjmmM5yQFzimhmH8JpXQ7McSAxGaXg9xTkOVB9aXAPamIZ\/npR9T+lPAA6DrSFRnOOaAImHztyRz6Um33P5GpT1NJUcpVxUOEAxTs00UtWiQz7UuaSloA\/\/2Q==",
                "permalink": "https:\/\/harbourproject.slack.com\/files\/UJHD6A81H\/F01AHTZ7JMB\/fivewinwebservice.gif",
                "permalink_public": "https:\/\/slack-files.com\/TJH5YU202-F01AHTZ7JMB-0c6dc52b20",
                "is_starred": false,
                "has_rich_preview": false
            }
        ],
        "upload": false,
        "user": "UJHD6A81H",
        "display_as_bot": false,
        "ts": "1600073737.036200"
    },
    {
        "client_msg_id": "6aeffb6c-5a5a-4638-84c9-69aef08505cc",
        "type": "message",
        "text": "<http:\/\/forums.fivetechsupport.com\/viewtopic.php?f=3&amp;t=39356>",
        "user": "UJHD6A81H",
        "ts": "1600076719.036600",
        "team": "TJH5YU202",
        "user_team": "TJH5YU202",
        "source_team": "TJH5YU202",
        "user_profile": {
            "avatar_hash": "g6b8073e00e9",
            "image_72": "https:\/\/secure.gravatar.com\/avatar\/b96b8073e00e9eb02bcf05bc1418eb3a.jpg?s=72&d=https%3A%2F%2Fa.slack-edge.com%2Fdf10d%2Fimg%2Favatars%2Fava_0021-72.png",
            "first_name": "Otto",
            "real_name": "Otto Atzwanger",
            "display_name": "Otto",
            "team": "TJH5YU202",
            "name": "otto",
            "is_restricted": false,
            "is_ultra_restricted": false
        },
        "blocks": [
            {
                "type": "rich_text",
                "block_id": "qOv",
                "elements": [
                    {
                        "type": "rich_text_section",
                        "elements": [
                            {
                                "type": "link",
                                "url": "http:\/\/forums.fivetechsupport.com\/viewtopic.php?f=3&t=39356"
                            }
                        ]
                    }
                ]
            }
        ]
    }
]