[
    {
        "client_msg_id": "1517f573-70de-444b-9861-8f8ad2425504",
        "type": "message",
        "text": "Muchas gracias a Charly por sus desarrollos de Mercury y TWeb pero para mi mucho mas agradecido por el manual, y ya se que hay muchos ejemplos y esta la wiki pero no existe un manual de mod_harbour. Hay gente muy adelantada como Otto y otros que no les hace falta, pero a gente como yo agradecemos un manual pequeño. La wiki para mi esta incompleta, siguiendo el curso de Mercury me encuentro con una funcion AP_Getenv, esta funcion no esta en la API de mod_harbour. Entonces como podemos usarla? si desconocemos que existe. ¿Cuantas funciones hay que desconocemos?, ¿Como podemos saber toda esta documentacion?. Con organizacion y dividiendo el trabajo el manual esta hecho en nada.",
        "user": "URQ8AJCQZ",
        "ts": "1602408670.230400",
        "team": "TJH5YU202",
        "user_team": "TJH5YU202",
        "source_team": "TJH5YU202",
        "user_profile": {
            "avatar_hash": "7ce81101b209",
            "image_72": "https:\/\/avatars.slack-edge.com\/2020-06-02\/1166191418788_7ce81101b20935b160c6_72.jpg",
            "first_name": "Jose",
            "real_name": "Jose Vte. Cheto",
            "display_name": "jvtecheto",
            "team": "TJH5YU202",
            "name": "jvtecheto",
            "is_restricted": false,
            "is_ultra_restricted": false
        },
        "blocks": [
            {
                "type": "rich_text",
                "block_id": "aDZtq",
                "elements": [
                    {
                        "type": "rich_text_section",
                        "elements": [
                            {
                                "type": "text",
                                "text": "Muchas gracias a Charly por sus desarrollos de Mercury y TWeb pero para mi mucho mas agradecido por el manual, y ya se que hay muchos ejemplos y esta la wiki pero no existe un manual de mod_harbour. Hay gente muy adelantada como Otto y otros que no les hace falta, pero a gente como yo agradecemos un manual pequeño. La wiki para mi esta incompleta, siguiendo el curso de Mercury me encuentro con una funcion AP_Getenv, esta funcion no esta en la API de mod_harbour. Entonces como podemos usarla? si desconocemos que existe. ¿Cuantas funciones hay que desconocemos?, ¿Como podemos saber toda esta documentacion?. Con organizacion y dividiendo el trabajo el manual esta hecho en nada."
                            }
                        ]
                    }
                ]
            }
        ],
        "reactions": [
            {
                "name": "+1",
                "users": [
                    "UJHD6A81H",
                    "UK28N3CER",
                    "UJXP7LS78"
                ],
                "count": 3
            }
        ]
    },
    {
        "client_msg_id": "b64ab4be-a284-4e70-9d07-c68c71f0c8b5",
        "type": "message",
        "text": "Es cierto que necesitamos un manual.\nPero también tenemos acceso al código fuente completo.\n\nCreo que es una gran ventaja.",
        "user": "UJHD6A81H",
        "ts": "1602439561.231100",
        "team": "TJH5YU202",
        "user_team": "TJH5YU202",
        "source_team": "TJH5YU202",
        "user_profile": {
            "avatar_hash": "g6b8073e00e9",
            "image_72": "https:\/\/secure.gravatar.com\/avatar\/b96b8073e00e9eb02bcf05bc1418eb3a.jpg?s=72&d=https%3A%2F%2Fa.slack-edge.com%2Fdf10d%2Fimg%2Favatars%2Fava_0021-72.png",
            "first_name": "Otto",
            "real_name": "Otto Atzwanger",
            "display_name": "Otto",
            "team": "TJH5YU202",
            "name": "otto",
            "is_restricted": false,
            "is_ultra_restricted": false
        },
        "blocks": [
            {
                "type": "rich_text",
                "block_id": "kL5a",
                "elements": [
                    {
                        "type": "rich_text_section",
                        "elements": [
                            {
                                "type": "text",
                                "text": "Es cierto que necesitamos un manual.\nPero también tenemos acceso al código fuente completo.\n\nCreo que es una gran ventaja."
                            }
                        ]
                    }
                ]
            }
        ]
    },
    {
        "type": "message",
        "text": "",
        "files": [
            {
                "id": "F01D2SFTHL0",
                "created": 1602439570,
                "timestamp": 1602439570,
                "name": "grafik.png",
                "title": "grafik.png",
                "mimetype": "image\/png",
                "filetype": "png",
                "pretty_type": "PNG",
                "user": "UJHD6A81H",
                "editable": false,
                "size": 40214,
                "mode": "hosted",
                "is_external": false,
                "external_type": "",
                "is_public": true,
                "public_url_shared": false,
                "display_as_bot": false,
                "username": "",
                "url_private": "https:\/\/files.slack.com\/files-pri\/TJH5YU202-F01D2SFTHL0\/grafik.png?t=xoxe-629202954002-1408710291175-1429611969940-666c705f8dd944d59ed88b8cd6be975e",
                "url_private_download": "https:\/\/files.slack.com\/files-pri\/TJH5YU202-F01D2SFTHL0\/download\/grafik.png?t=xoxe-629202954002-1408710291175-1429611969940-666c705f8dd944d59ed88b8cd6be975e",
                "thumb_64": "https:\/\/files.slack.com\/files-tmb\/TJH5YU202-F01D2SFTHL0-1f1f92340e\/grafik_64.png?t=xoxe-629202954002-1408710291175-1429611969940-666c705f8dd944d59ed88b8cd6be975e",
                "thumb_80": "https:\/\/files.slack.com\/files-tmb\/TJH5YU202-F01D2SFTHL0-1f1f92340e\/grafik_80.png?t=xoxe-629202954002-1408710291175-1429611969940-666c705f8dd944d59ed88b8cd6be975e",
                "thumb_360": "https:\/\/files.slack.com\/files-tmb\/TJH5YU202-F01D2SFTHL0-1f1f92340e\/grafik_360.png?t=xoxe-629202954002-1408710291175-1429611969940-666c705f8dd944d59ed88b8cd6be975e",
                "thumb_360_w": 334,
                "thumb_360_h": 360,
                "thumb_480": "https:\/\/files.slack.com\/files-tmb\/TJH5YU202-F01D2SFTHL0-1f1f92340e\/grafik_480.png?t=xoxe-629202954002-1408710291175-1429611969940-666c705f8dd944d59ed88b8cd6be975e",
                "thumb_480_w": 446,
                "thumb_480_h": 480,
                "thumb_160": "https:\/\/files.slack.com\/files-tmb\/TJH5YU202-F01D2SFTHL0-1f1f92340e\/grafik_160.png?t=xoxe-629202954002-1408710291175-1429611969940-666c705f8dd944d59ed88b8cd6be975e",
                "thumb_720": "https:\/\/files.slack.com\/files-tmb\/TJH5YU202-F01D2SFTHL0-1f1f92340e\/grafik_720.png?t=xoxe-629202954002-1408710291175-1429611969940-666c705f8dd944d59ed88b8cd6be975e",
                "thumb_720_w": 668,
                "thumb_720_h": 720,
                "thumb_800": "https:\/\/files.slack.com\/files-tmb\/TJH5YU202-F01D2SFTHL0-1f1f92340e\/grafik_800.png?t=xoxe-629202954002-1408710291175-1429611969940-666c705f8dd944d59ed88b8cd6be975e",
                "thumb_800_w": 800,
                "thumb_800_h": 862,
                "original_w": 879,
                "original_h": 947,
                "thumb_tiny": "AwAwACzRwvHH6UYX0\/Sl6DNH+etACbR6UbR6Clo4oAKMD0FHFLQAmAV5GaAB6CjtQBxQAuKSlpD1oAWiiigBO1Ao7UDpQAtIetLSHrQAtFFFAH\/\/2Q==",
                "permalink": "https:\/\/harbourproject.slack.com\/files\/UJHD6A81H\/F01D2SFTHL0\/grafik.png",
                "permalink_public": "https:\/\/slack-files.com\/TJH5YU202-F01D2SFTHL0-4dc1f40265",
                "is_starred": false,
                "has_rich_preview": false
            }
        ],
        "upload": false,
        "user": "UJHD6A81H",
        "display_as_bot": false,
        "ts": "1602439576.231200"
    }
]