[
    {
        "client_msg_id": "8E7C8297-DFAC-48BE-8F3C-6E9C905FD085",
        "type": "message",
        "text": "Me gusto",
        "user": "UJUSD6VB2",
        "ts": "1600783881.026100",
        "team": "TJH5YU202",
        "user_team": "TJH5YU202",
        "source_team": "TJH5YU202",
        "user_profile": {
            "avatar_hash": "g1677a02d0b6",
            "image_72": "https:\/\/secure.gravatar.com\/avatar\/bb1677a02d0b69ba91eb245090c7c83a.jpg?s=72&d=https%3A%2F%2Fa.slack-edge.com%2Fdf10d%2Fimg%2Favatars%2Fava_0015-72.png",
            "first_name": "",
            "real_name": "Osvaldo Ramirez",
            "display_name": "Osvaldo Ramirez",
            "team": "TJH5YU202",
            "name": "ramirezosvaldo",
            "is_restricted": false,
            "is_ultra_restricted": false
        },
        "blocks": [
            {
                "type": "rich_text",
                "block_id": "yIew",
                "elements": [
                    {
                        "type": "rich_text_section",
                        "elements": [
                            {
                                "type": "text",
                                "text": "Me gusto"
                            }
                        ]
                    }
                ]
            }
        ],
        "thread_ts": "1600706241.024200",
        "parent_user_id": "UJULQCHL5"
    },
    {
        "client_msg_id": "E4EC81D4-1B82-4CE2-8E65-05C706CCAE7B",
        "type": "message",
        "text": "Cancun?",
        "user": "UJUSD6VB2",
        "ts": "1600783898.026500",
        "team": "TJH5YU202",
        "user_team": "TJH5YU202",
        "source_team": "TJH5YU202",
        "user_profile": {
            "avatar_hash": "g1677a02d0b6",
            "image_72": "https:\/\/secure.gravatar.com\/avatar\/bb1677a02d0b69ba91eb245090c7c83a.jpg?s=72&d=https%3A%2F%2Fa.slack-edge.com%2Fdf10d%2Fimg%2Favatars%2Fava_0015-72.png",
            "first_name": "",
            "real_name": "Osvaldo Ramirez",
            "display_name": "Osvaldo Ramirez",
            "team": "TJH5YU202",
            "name": "ramirezosvaldo",
            "is_restricted": false,
            "is_ultra_restricted": false
        },
        "blocks": [
            {
                "type": "rich_text",
                "block_id": "pFN",
                "elements": [
                    {
                        "type": "rich_text_section",
                        "elements": [
                            {
                                "type": "text",
                                "text": "Cancun?"
                            }
                        ]
                    }
                ]
            }
        ],
        "thread_ts": "1600706499.025400",
        "parent_user_id": "UM81W8B0Q"
    },
    {
        "client_msg_id": "1e1f8f24-1fd1-4229-ae5f-f3c38f48a428",
        "type": "message",
        "text": "<https:\/\/modharbour.app\/tweb\/browse-ajax.prg>",
        "user": "UK28N3CER",
        "ts": "1600795449.026900",
        "team": "TJH5YU202",
        "user_team": "TJH5YU202",
        "source_team": "TJH5YU202",
        "user_profile": {
            "avatar_hash": "0eafa7153ff3",
            "image_72": "https:\/\/avatars.slack-edge.com\/2020-05-18\/1155120542496_0eafa7153ff35206c804_72.jpg",
            "first_name": "Cesar",
            "real_name": "Cesar SysCtrl Software",
            "display_name": "Cesar SysCtrl Software",
            "team": "TJH5YU202",
            "name": "sysctrlsoftware",
            "is_restricted": false,
            "is_ultra_restricted": false
        },
        "blocks": [
            {
                "type": "rich_text",
                "block_id": "B9WX",
                "elements": [
                    {
                        "type": "rich_text_section",
                        "elements": [
                            {
                                "type": "link",
                                "url": "https:\/\/modharbour.app\/tweb\/browse-ajax.prg"
                            }
                        ]
                    }
                ]
            }
        ],
        "reactions": [
            {
                "name": "+1",
                "users": [
                    "UJHD6A81H",
                    "U015CUP1T5Z"
                ],
                "count": 2
            }
        ]
    },
    {
        "type": "message",
        "text": "TWEB Responsive",
        "files": [
            {
                "id": "F01BJNQV97T",
                "created": 1600795670,
                "timestamp": 1600795670,
                "name": "Screenshot_20200922-122434.png",
                "title": "Screenshot_20200922-122434.png",
                "mimetype": "image\/png",
                "filetype": "png",
                "pretty_type": "PNG",
                "user": "UK28N3CER",
                "editable": false,
                "size": 96070,
                "mode": "hosted",
                "is_external": false,
                "external_type": "",
                "is_public": true,
                "public_url_shared": false,
                "display_as_bot": false,
                "username": "",
                "url_private": "https:\/\/files.slack.com\/files-pri\/TJH5YU202-F01BJNQV97T\/screenshot_20200922-122434.png?t=xoxe-629202954002-1408710291175-1429611969940-666c705f8dd944d59ed88b8cd6be975e",
                "url_private_download": "https:\/\/files.slack.com\/files-pri\/TJH5YU202-F01BJNQV97T\/download\/screenshot_20200922-122434.png?t=xoxe-629202954002-1408710291175-1429611969940-666c705f8dd944d59ed88b8cd6be975e",
                "thumb_64": "https:\/\/files.slack.com\/files-tmb\/TJH5YU202-F01BJNQV97T-c14352e463\/screenshot_20200922-122434_64.png?t=xoxe-629202954002-1408710291175-1429611969940-666c705f8dd944d59ed88b8cd6be975e",
                "thumb_80": "https:\/\/files.slack.com\/files-tmb\/TJH5YU202-F01BJNQV97T-c14352e463\/screenshot_20200922-122434_80.png?t=xoxe-629202954002-1408710291175-1429611969940-666c705f8dd944d59ed88b8cd6be975e",
                "thumb_360": "https:\/\/files.slack.com\/files-tmb\/TJH5YU202-F01BJNQV97T-c14352e463\/screenshot_20200922-122434_360.png?t=xoxe-629202954002-1408710291175-1429611969940-666c705f8dd944d59ed88b8cd6be975e",
                "thumb_360_w": 203,
                "thumb_360_h": 360,
                "thumb_480": "https:\/\/files.slack.com\/files-tmb\/TJH5YU202-F01BJNQV97T-c14352e463\/screenshot_20200922-122434_480.png?t=xoxe-629202954002-1408710291175-1429611969940-666c705f8dd944d59ed88b8cd6be975e",
                "thumb_480_w": 270,
                "thumb_480_h": 480,
                "thumb_160": "https:\/\/files.slack.com\/files-tmb\/TJH5YU202-F01BJNQV97T-c14352e463\/screenshot_20200922-122434_160.png?t=xoxe-629202954002-1408710291175-1429611969940-666c705f8dd944d59ed88b8cd6be975e",
                "thumb_720": "https:\/\/files.slack.com\/files-tmb\/TJH5YU202-F01BJNQV97T-c14352e463\/screenshot_20200922-122434_720.png?t=xoxe-629202954002-1408710291175-1429611969940-666c705f8dd944d59ed88b8cd6be975e",
                "thumb_720_w": 405,
                "thumb_720_h": 720,
                "thumb_800": "https:\/\/files.slack.com\/files-tmb\/TJH5YU202-F01BJNQV97T-c14352e463\/screenshot_20200922-122434_800.png?t=xoxe-629202954002-1408710291175-1429611969940-666c705f8dd944d59ed88b8cd6be975e",
                "thumb_800_w": 450,
                "thumb_800_h": 800,
                "thumb_960": "https:\/\/files.slack.com\/files-tmb\/TJH5YU202-F01BJNQV97T-c14352e463\/screenshot_20200922-122434_960.png?t=xoxe-629202954002-1408710291175-1429611969940-666c705f8dd944d59ed88b8cd6be975e",
                "thumb_960_w": 540,
                "thumb_960_h": 960,
                "thumb_1024": "https:\/\/files.slack.com\/files-tmb\/TJH5YU202-F01BJNQV97T-c14352e463\/screenshot_20200922-122434_1024.png?t=xoxe-629202954002-1408710291175-1429611969940-666c705f8dd944d59ed88b8cd6be975e",
                "thumb_1024_w": 576,
                "thumb_1024_h": 1024,
                "original_w": 720,
                "original_h": 1280,
                "thumb_tiny": "AwAwABu+XU\/xLRvB6stJ++zj5PyNH7\/\/AKZ\/rQA4Mh4yCfanYFR\/v\/8Apn+tH+kf9M\/1oAj82f8A54frR51x\/wA8P1qxwD1\/WkOMcHNAFfzrjP8Ax78eu6l864\/54frVjgLyaB0oAU57U0\/d5xVD+1UJ\/wBSfzFJ\/aiYOIT\/AN9UAaAHXBGfpTqzf7UTBzCcf71L\/ayf88m\/OgD\/2Q==",
                "permalink": "https:\/\/harbourproject.slack.com\/files\/UK28N3CER\/F01BJNQV97T\/screenshot_20200922-122434.png",
                "permalink_public": "https:\/\/slack-files.com\/TJH5YU202-F01BJNQV97T-7d85a414c9",
                "is_starred": false,
                "has_rich_preview": false
            }
        ],
        "upload": true,
        "blocks": [
            {
                "type": "rich_text",
                "block_id": "eU+",
                "elements": [
                    {
                        "type": "rich_text_section",
                        "elements": [
                            {
                                "type": "text",
                                "text": "TWEB Responsive"
                            }
                        ]
                    }
                ]
            }
        ],
        "user": "UK28N3CER",
        "display_as_bot": false,
        "ts": "1600795705.027900",
        "client_msg_id": "f05bbbf1-14e4-48a8-afad-ce4ce585fa94"
    },
    {
        "client_msg_id": "24d80a3d-f7d8-47b0-8c81-72f495c58448",
        "type": "message",
        "text": "Muy bieeen",
        "user": "UM81W8B0Q",
        "ts": "1600796448.028300",
        "team": "TJH5YU202",
        "user_team": "TJH5YU202",
        "source_team": "TJH5YU202",
        "user_profile": {
            "avatar_hash": "gab9279ee8c0",
            "image_72": "https:\/\/secure.gravatar.com\/avatar\/73ab9279ee8c00f66ce4904d30146c8f.jpg?s=72&d=https%3A%2F%2Fa.slack-edge.com%2Fdf10d%2Fimg%2Favatars%2Fava_0010-72.png",
            "first_name": "",
            "real_name": "Angel Pais",
            "display_name": "Angel Pais",
            "team": "TJH5YU202",
            "name": "amigosam",
            "is_restricted": false,
            "is_ultra_restricted": false
        },
        "blocks": [
            {
                "type": "rich_text",
                "block_id": "2I8u",
                "elements": [
                    {
                        "type": "rich_text_section",
                        "elements": [
                            {
                                "type": "text",
                                "text": "Muy bieeen"
                            }
                        ]
                    }
                ]
            }
        ]
    },
    {
        "client_msg_id": "6c455e3e-fdc9-4191-bc5d-787120d44247",
        "type": "message",
        "text": "Aruba",
        "user": "UM81W8B0Q",
        "ts": "1600796568.028400",
        "team": "TJH5YU202",
        "user_team": "TJH5YU202",
        "source_team": "TJH5YU202",
        "user_profile": {
            "avatar_hash": "gab9279ee8c0",
            "image_72": "https:\/\/secure.gravatar.com\/avatar\/73ab9279ee8c00f66ce4904d30146c8f.jpg?s=72&d=https%3A%2F%2Fa.slack-edge.com%2Fdf10d%2Fimg%2Favatars%2Fava_0010-72.png",
            "first_name": "",
            "real_name": "Angel Pais",
            "display_name": "Angel Pais",
            "team": "TJH5YU202",
            "name": "amigosam",
            "is_restricted": false,
            "is_ultra_restricted": false
        },
        "blocks": [
            {
                "type": "rich_text",
                "block_id": "8vrIP",
                "elements": [
                    {
                        "type": "rich_text_section",
                        "elements": [
                            {
                                "type": "text",
                                "text": "Aruba"
                            }
                        ]
                    }
                ]
            }
        ],
        "thread_ts": "1600706499.025400",
        "parent_user_id": "UM81W8B0Q"
    },
    {
        "client_msg_id": "bbe8a92b-59d5-49f7-9336-b349ca102cdd",
        "type": "message",
        "text": "variables publicas si?  o no",
        "user": "UK28N3CER",
        "ts": "1600804965.029000",
        "team": "TJH5YU202",
        "user_team": "TJH5YU202",
        "source_team": "TJH5YU202",
        "user_profile": {
            "avatar_hash": "0eafa7153ff3",
            "image_72": "https:\/\/avatars.slack-edge.com\/2020-05-18\/1155120542496_0eafa7153ff35206c804_72.jpg",
            "first_name": "Cesar",
            "real_name": "Cesar SysCtrl Software",
            "display_name": "Cesar SysCtrl Software",
            "team": "TJH5YU202",
            "name": "sysctrlsoftware",
            "is_restricted": false,
            "is_ultra_restricted": false
        },
        "blocks": [
            {
                "type": "rich_text",
                "block_id": "Knwt",
                "elements": [
                    {
                        "type": "rich_text_section",
                        "elements": [
                            {
                                "type": "text",
                                "text": "variables publicas si?  o no"
                            }
                        ]
                    }
                ]
            }
        ]
    },
    {
        "client_msg_id": "814ca05f-5f86-41a4-a9b0-c818d342d0a7",
        "type": "message",
        "text": "si",
        "user": "UM81W8B0Q",
        "ts": "1600806198.029200",
        "team": "TJH5YU202",
        "user_team": "TJH5YU202",
        "source_team": "TJH5YU202",
        "user_profile": {
            "avatar_hash": "gab9279ee8c0",
            "image_72": "https:\/\/secure.gravatar.com\/avatar\/73ab9279ee8c00f66ce4904d30146c8f.jpg?s=72&d=https%3A%2F%2Fa.slack-edge.com%2Fdf10d%2Fimg%2Favatars%2Fava_0010-72.png",
            "first_name": "",
            "real_name": "Angel Pais",
            "display_name": "Angel Pais",
            "team": "TJH5YU202",
            "name": "amigosam",
            "is_restricted": false,
            "is_ultra_restricted": false
        },
        "blocks": [
            {
                "type": "rich_text",
                "block_id": "Ccf",
                "elements": [
                    {
                        "type": "rich_text_section",
                        "elements": [
                            {
                                "type": "text",
                                "text": "si"
                            }
                        ]
                    }
                ]
            }
        ]
    },
    {
        "client_msg_id": "fdce416c-94bb-4fe9-9541-9a4b8625be97",
        "type": "message",
        "text": "publicas, privadas, locales y thread static",
        "user": "UM81W8B0Q",
        "ts": "1600806226.029700",
        "team": "TJH5YU202",
        "user_team": "TJH5YU202",
        "source_team": "TJH5YU202",
        "user_profile": {
            "avatar_hash": "gab9279ee8c0",
            "image_72": "https:\/\/secure.gravatar.com\/avatar\/73ab9279ee8c00f66ce4904d30146c8f.jpg?s=72&d=https%3A%2F%2Fa.slack-edge.com%2Fdf10d%2Fimg%2Favatars%2Fava_0010-72.png",
            "first_name": "",
            "real_name": "Angel Pais",
            "display_name": "Angel Pais",
            "team": "TJH5YU202",
            "name": "amigosam",
            "is_restricted": false,
            "is_ultra_restricted": false
        },
        "blocks": [
            {
                "type": "rich_text",
                "block_id": "Dlh",
                "elements": [
                    {
                        "type": "rich_text_section",
                        "elements": [
                            {
                                "type": "text",
                                "text": "publicas, privadas, locales y thread static"
                            }
                        ]
                    }
                ]
            }
        ]
    },
    {
        "client_msg_id": "84c1e400-a681-4c25-8bbf-8ab0caf54771",
        "type": "message",
        "text": "y acordarse del <http:\/\/hbclass.ch|hbclass.ch> modificado",
        "user": "UM81W8B0Q",
        "ts": "1600806239.030000",
        "team": "TJH5YU202",
        "user_team": "TJH5YU202",
        "source_team": "TJH5YU202",
        "user_profile": {
            "avatar_hash": "gab9279ee8c0",
            "image_72": "https:\/\/secure.gravatar.com\/avatar\/73ab9279ee8c00f66ce4904d30146c8f.jpg?s=72&d=https%3A%2F%2Fa.slack-edge.com%2Fdf10d%2Fimg%2Favatars%2Fava_0010-72.png",
            "first_name": "",
            "real_name": "Angel Pais",
            "display_name": "Angel Pais",
            "team": "TJH5YU202",
            "name": "amigosam",
            "is_restricted": false,
            "is_ultra_restricted": false
        },
        "blocks": [
            {
                "type": "rich_text",
                "block_id": "GMv",
                "elements": [
                    {
                        "type": "rich_text_section",
                        "elements": [
                            {
                                "type": "text",
                                "text": "y acordarse del "
                            },
                            {
                                "type": "link",
                                "url": "http:\/\/hbclass.ch",
                                "text": "hbclass.ch"
                            },
                            {
                                "type": "text",
                                "text": " modificado"
                            }
                        ]
                    }
                ]
            }
        ]
    },
    {
        "client_msg_id": "6e39bb60-0305-45b1-bd5b-5c3bdec64aa8",
        "type": "message",
        "text": "si se van a usar clases",
        "user": "UM81W8B0Q",
        "ts": "1600806256.030200",
        "team": "TJH5YU202",
        "user_team": "TJH5YU202",
        "source_team": "TJH5YU202",
        "user_profile": {
            "avatar_hash": "gab9279ee8c0",
            "image_72": "https:\/\/secure.gravatar.com\/avatar\/73ab9279ee8c00f66ce4904d30146c8f.jpg?s=72&d=https%3A%2F%2Fa.slack-edge.com%2Fdf10d%2Fimg%2Favatars%2Fava_0010-72.png",
            "first_name": "",
            "real_name": "Angel Pais",
            "display_name": "Angel Pais",
            "team": "TJH5YU202",
            "name": "amigosam",
            "is_restricted": false,
            "is_ultra_restricted": false
        },
        "blocks": [
            {
                "type": "rich_text",
                "block_id": "Xdt",
                "elements": [
                    {
                        "type": "rich_text_section",
                        "elements": [
                            {
                                "type": "text",
                                "text": "si se van a usar clases"
                            }
                        ]
                    }
                ]
            }
        ]
    },
    {
        "client_msg_id": "c76a7bb0-78d3-4514-9442-ad12b44f8df5",
        "type": "message",
        "text": "ok ok",
        "user": "UK28N3CER",
        "ts": "1600806582.030400",
        "team": "TJH5YU202",
        "user_team": "TJH5YU202",
        "source_team": "TJH5YU202",
        "user_profile": {
            "avatar_hash": "0eafa7153ff3",
            "image_72": "https:\/\/avatars.slack-edge.com\/2020-05-18\/1155120542496_0eafa7153ff35206c804_72.jpg",
            "first_name": "Cesar",
            "real_name": "Cesar SysCtrl Software",
            "display_name": "Cesar SysCtrl Software",
            "team": "TJH5YU202",
            "name": "sysctrlsoftware",
            "is_restricted": false,
            "is_ultra_restricted": false
        },
        "blocks": [
            {
                "type": "rich_text",
                "block_id": "zb=I",
                "elements": [
                    {
                        "type": "rich_text_section",
                        "elements": [
                            {
                                "type": "text",
                                "text": "ok ok"
                            }
                        ]
                    }
                ]
            }
        ]
    },
    {
        "client_msg_id": "803e33e6-afaf-470e-9394-78411f4f1a9a",
        "type": "message",
        "text": "Solo como nota:  un thread static es : \"STATIC &lt;xVar&gt;\"  y va a depender si dicha variable es publica o privada; se dice publica cuando su declaración esta fuera de todo procedimiento \/ clase  o función; se dice privada cuando su declaración esta dentro de un procedimiento \/ clase  o función.; Es correcta mi apreciación ?",
        "user": "UJUSD6VB2",
        "ts": "1600809483.033100",
        "team": "TJH5YU202",
        "user_team": "TJH5YU202",
        "source_team": "TJH5YU202",
        "user_profile": {
            "avatar_hash": "g1677a02d0b6",
            "image_72": "https:\/\/secure.gravatar.com\/avatar\/bb1677a02d0b69ba91eb245090c7c83a.jpg?s=72&d=https%3A%2F%2Fa.slack-edge.com%2Fdf10d%2Fimg%2Favatars%2Fava_0015-72.png",
            "first_name": "",
            "real_name": "Osvaldo Ramirez",
            "display_name": "Osvaldo Ramirez",
            "team": "TJH5YU202",
            "name": "ramirezosvaldo",
            "is_restricted": false,
            "is_ultra_restricted": false
        },
        "edited": {
            "user": "UJUSD6VB2",
            "ts": "1600810493.000000"
        },
        "blocks": [
            {
                "type": "rich_text",
                "block_id": "zXtWy",
                "elements": [
                    {
                        "type": "rich_text_section",
                        "elements": [
                            {
                                "type": "text",
                                "text": "Solo como nota:  un thread static es : \"STATIC <xVar>\"  y va a depender si dicha variable es publica o privada; se dice publica cuando su declaración esta fuera de todo procedimiento \/ clase  o función; se dice privada cuando su declaración esta dentro de un procedimiento \/ clase  o función.; Es correcta mi apreciación ?"
                            }
                        ]
                    }
                ]
            }
        ]
    },
    {
        "client_msg_id": "e492e2bb-2db2-4d6c-ae9f-853e3115e365",
        "type": "message",
        "text": "Ahora, que problema existe sin un static es publica ?, la puedes ver en cualquier PRG que ejecutes ?",
        "user": "UJUSD6VB2",
        "ts": "1600809567.034000",
        "team": "TJH5YU202",
        "user_team": "TJH5YU202",
        "source_team": "TJH5YU202",
        "user_profile": {
            "avatar_hash": "g1677a02d0b6",
            "image_72": "https:\/\/secure.gravatar.com\/avatar\/bb1677a02d0b69ba91eb245090c7c83a.jpg?s=72&d=https%3A%2F%2Fa.slack-edge.com%2Fdf10d%2Fimg%2Favatars%2Fava_0015-72.png",
            "first_name": "",
            "real_name": "Osvaldo Ramirez",
            "display_name": "Osvaldo Ramirez",
            "team": "TJH5YU202",
            "name": "ramirezosvaldo",
            "is_restricted": false,
            "is_ultra_restricted": false
        },
        "blocks": [
            {
                "type": "rich_text",
                "block_id": "wkK",
                "elements": [
                    {
                        "type": "rich_text_section",
                        "elements": [
                            {
                                "type": "text",
                                "text": "Ahora, que problema existe sin un static es publica ?, la puedes ver en cualquier PRG que ejecutes ?"
                            }
                        ]
                    }
                ]
            }
        ]
    },
    {
        "client_msg_id": "aa09f23e-b3d9-4e11-b254-420478631ae6",
        "type": "message",
        "text": "Osvaldo, estás haciendo afuera del pinico. Mezclaste como 8 conceptos distintos en una oración. Es para el guinnes ?",
        "user": "UM81W8B0Q",
        "ts": "1600809629.034900",
        "team": "TJH5YU202",
        "user_team": "TJH5YU202",
        "source_team": "TJH5YU202",
        "user_profile": {
            "avatar_hash": "gab9279ee8c0",
            "image_72": "https:\/\/secure.gravatar.com\/avatar\/73ab9279ee8c00f66ce4904d30146c8f.jpg?s=72&d=https%3A%2F%2Fa.slack-edge.com%2Fdf10d%2Fimg%2Favatars%2Fava_0010-72.png",
            "first_name": "",
            "real_name": "Angel Pais",
            "display_name": "Angel Pais",
            "team": "TJH5YU202",
            "name": "amigosam",
            "is_restricted": false,
            "is_ultra_restricted": false
        },
        "edited": {
            "user": "UM81W8B0Q",
            "ts": "1600809641.000000"
        },
        "blocks": [
            {
                "type": "rich_text",
                "block_id": "mN\/M",
                "elements": [
                    {
                        "type": "rich_text_section",
                        "elements": [
                            {
                                "type": "text",
                                "text": "Osvaldo, estás haciendo afuera del pinico. Mezclaste como 8 conceptos distintos en una oración. Es para el guinnes ?"
                            }
                        ]
                    }
                ]
            }
        ]
    },
    {
        "client_msg_id": "1ccf1e8d-cd7c-4c93-84aa-ec75742f3e84",
        "type": "message",
        "text": "hahahaha,",
        "user": "UJUSD6VB2",
        "ts": "1600810426.035600",
        "team": "TJH5YU202",
        "user_team": "TJH5YU202",
        "source_team": "TJH5YU202",
        "user_profile": {
            "avatar_hash": "g1677a02d0b6",
            "image_72": "https:\/\/secure.gravatar.com\/avatar\/bb1677a02d0b69ba91eb245090c7c83a.jpg?s=72&d=https%3A%2F%2Fa.slack-edge.com%2Fdf10d%2Fimg%2Favatars%2Fava_0015-72.png",
            "first_name": "",
            "real_name": "Osvaldo Ramirez",
            "display_name": "Osvaldo Ramirez",
            "team": "TJH5YU202",
            "name": "ramirezosvaldo",
            "is_restricted": false,
            "is_ultra_restricted": false
        },
        "blocks": [
            {
                "type": "rich_text",
                "block_id": "Fk6\/",
                "elements": [
                    {
                        "type": "rich_text_section",
                        "elements": [
                            {
                                "type": "text",
                                "text": "hahahaha,"
                            }
                        ]
                    }
                ]
            }
        ]
    },
    {
        "client_msg_id": "d1f995a2-0542-4fa6-aa5e-9ba3511c8079",
        "type": "message",
        "text": "Explicame porfa.",
        "user": "UJUSD6VB2",
        "ts": "1600810443.035900",
        "team": "TJH5YU202",
        "user_team": "TJH5YU202",
        "source_team": "TJH5YU202",
        "user_profile": {
            "avatar_hash": "g1677a02d0b6",
            "image_72": "https:\/\/secure.gravatar.com\/avatar\/bb1677a02d0b69ba91eb245090c7c83a.jpg?s=72&d=https%3A%2F%2Fa.slack-edge.com%2Fdf10d%2Fimg%2Favatars%2Fava_0015-72.png",
            "first_name": "",
            "real_name": "Osvaldo Ramirez",
            "display_name": "Osvaldo Ramirez",
            "team": "TJH5YU202",
            "name": "ramirezosvaldo",
            "is_restricted": false,
            "is_ultra_restricted": false
        },
        "blocks": [
            {
                "type": "rich_text",
                "block_id": "kI4h",
                "elements": [
                    {
                        "type": "rich_text_section",
                        "elements": [
                            {
                                "type": "text",
                                "text": "Explicame porfa."
                            }
                        ]
                    }
                ]
            }
        ]
    },
    {
        "client_msg_id": "9935F7C0-5442-418E-B342-BEF1611DEC3E",
        "type": "message",
        "text": "Buenas tardes ",
        "user": "UJXP7LS78",
        "ts": "1600816026.036300",
        "team": "TJH5YU202",
        "user_team": "TJH5YU202",
        "source_team": "TJH5YU202",
        "user_profile": {
            "avatar_hash": "gc4a0baebb72",
            "image_72": "https:\/\/secure.gravatar.com\/avatar\/a1c4a0baebb720b97e5a197259dbf409.jpg?s=72&d=https%3A%2F%2Fa.slack-edge.com%2Fdf10d%2Fimg%2Favatars%2Fava_0007-72.png",
            "first_name": "",
            "real_name": "wilson gamboa",
            "display_name": "wilson gamboa",
            "team": "TJH5YU202",
            "name": "wilson.josenet",
            "is_restricted": false,
            "is_ultra_restricted": false
        },
        "blocks": [
            {
                "type": "rich_text",
                "block_id": "U3bNj",
                "elements": [
                    {
                        "type": "rich_text_section",
                        "elements": [
                            {
                                "type": "text",
                                "text": "Buenas tardes "
                            }
                        ]
                    }
                ]
            }
        ]
    },
    {
        "client_msg_id": "047331FA-FCC5-418F-AF0A-0B811A055FB9",
        "type": "message",
        "text": "Las variables estáticas son visibles solo dentro de prg donde son declaradas ",
        "user": "UJXP7LS78",
        "ts": "1600818961.001000",
        "team": "TJH5YU202",
        "user_team": "TJH5YU202",
        "source_team": "TJH5YU202",
        "user_profile": {
            "avatar_hash": "gc4a0baebb72",
            "image_72": "https:\/\/secure.gravatar.com\/avatar\/a1c4a0baebb720b97e5a197259dbf409.jpg?s=72&d=https%3A%2F%2Fa.slack-edge.com%2Fdf10d%2Fimg%2Favatars%2Fava_0007-72.png",
            "first_name": "",
            "real_name": "wilson gamboa",
            "display_name": "wilson gamboa",
            "team": "TJH5YU202",
            "name": "wilson.josenet",
            "is_restricted": false,
            "is_ultra_restricted": false
        },
        "blocks": [
            {
                "type": "rich_text",
                "block_id": "shc",
                "elements": [
                    {
                        "type": "rich_text_section",
                        "elements": [
                            {
                                "type": "text",
                                "text": "Las variables estáticas son visibles solo dentro de prg donde son declaradas "
                            }
                        ]
                    }
                ]
            }
        ]
    },
    {
        "client_msg_id": "7417221F-935F-402C-A46D-E0A330802E8B",
        "type": "message",
        "text": "Las privates son visibles desde que son declaradas en adelante a su ejecución ",
        "user": "UJXP7LS78",
        "ts": "1600818993.001900",
        "team": "TJH5YU202",
        "user_team": "TJH5YU202",
        "source_team": "TJH5YU202",
        "user_profile": {
            "avatar_hash": "gc4a0baebb72",
            "image_72": "https:\/\/secure.gravatar.com\/avatar\/a1c4a0baebb720b97e5a197259dbf409.jpg?s=72&d=https%3A%2F%2Fa.slack-edge.com%2Fdf10d%2Fimg%2Favatars%2Fava_0007-72.png",
            "first_name": "",
            "real_name": "wilson gamboa",
            "display_name": "wilson gamboa",
            "team": "TJH5YU202",
            "name": "wilson.josenet",
            "is_restricted": false,
            "is_ultra_restricted": false
        },
        "blocks": [
            {
                "type": "rich_text",
                "block_id": "jDYA+",
                "elements": [
                    {
                        "type": "rich_text_section",
                        "elements": [
                            {
                                "type": "text",
                                "text": "Las privates son visibles desde que son declaradas en adelante a su ejecución "
                            }
                        ]
                    }
                ]
            }
        ]
    },
    {
        "client_msg_id": "4B7F7AFF-B418-4C37-867A-78DB150D5213",
        "type": "message",
        "text": "Las public Son Visibles en todo el programa ",
        "user": "UJXP7LS78",
        "ts": "1600819039.002800",
        "team": "TJH5YU202",
        "user_team": "TJH5YU202",
        "source_team": "TJH5YU202",
        "user_profile": {
            "avatar_hash": "gc4a0baebb72",
            "image_72": "https:\/\/secure.gravatar.com\/avatar\/a1c4a0baebb720b97e5a197259dbf409.jpg?s=72&d=https%3A%2F%2Fa.slack-edge.com%2Fdf10d%2Fimg%2Favatars%2Fava_0007-72.png",
            "first_name": "",
            "real_name": "wilson gamboa",
            "display_name": "wilson gamboa",
            "team": "TJH5YU202",
            "name": "wilson.josenet",
            "is_restricted": false,
            "is_ultra_restricted": false
        },
        "blocks": [
            {
                "type": "rich_text",
                "block_id": "OPUO",
                "elements": [
                    {
                        "type": "rich_text_section",
                        "elements": [
                            {
                                "type": "text",
                                "text": "Las public Son Visibles en todo el programa "
                            }
                        ]
                    }
                ]
            }
        ]
    },
    {
        "client_msg_id": "0d75a99d-4335-40b2-a977-e7c9c3e51c2a",
        "type": "message",
        "text": "Hola Wilson",
        "user": "UK28N3CER",
        "ts": "1600819059.003400",
        "team": "TJH5YU202",
        "user_team": "TJH5YU202",
        "source_team": "TJH5YU202",
        "user_profile": {
            "avatar_hash": "0eafa7153ff3",
            "image_72": "https:\/\/avatars.slack-edge.com\/2020-05-18\/1155120542496_0eafa7153ff35206c804_72.jpg",
            "first_name": "Cesar",
            "real_name": "Cesar SysCtrl Software",
            "display_name": "Cesar SysCtrl Software",
            "team": "TJH5YU202",
            "name": "sysctrlsoftware",
            "is_restricted": false,
            "is_ultra_restricted": false
        },
        "blocks": [
            {
                "type": "rich_text",
                "block_id": "DH8l",
                "elements": [
                    {
                        "type": "rich_text_section",
                        "elements": [
                            {
                                "type": "text",
                                "text": "Hola Wilson"
                            }
                        ]
                    }
                ]
            }
        ]
    },
    {
        "client_msg_id": "C1CA63BE-7AF0-4006-A003-5E685E5617AA",
        "type": "message",
        "text": "Las locales solo dentro de su función donde están declaradas ",
        "user": "UJXP7LS78",
        "ts": "1600819066.003800",
        "team": "TJH5YU202",
        "user_team": "TJH5YU202",
        "source_team": "TJH5YU202",
        "user_profile": {
            "avatar_hash": "gc4a0baebb72",
            "image_72": "https:\/\/secure.gravatar.com\/avatar\/a1c4a0baebb720b97e5a197259dbf409.jpg?s=72&d=https%3A%2F%2Fa.slack-edge.com%2Fdf10d%2Fimg%2Favatars%2Fava_0007-72.png",
            "first_name": "",
            "real_name": "wilson gamboa",
            "display_name": "wilson gamboa",
            "team": "TJH5YU202",
            "name": "wilson.josenet",
            "is_restricted": false,
            "is_ultra_restricted": false
        },
        "blocks": [
            {
                "type": "rich_text",
                "block_id": "zZFIp",
                "elements": [
                    {
                        "type": "rich_text_section",
                        "elements": [
                            {
                                "type": "text",
                                "text": "Las locales solo dentro de su función donde están declaradas "
                            }
                        ]
                    }
                ]
            }
        ]
    },
    {
        "client_msg_id": "d41e8334-3711-4421-b3ab-701793ef3074",
        "type": "message",
        "text": "veo que podemos usar todos los tipos de variables en modharbour ?",
        "user": "UK28N3CER",
        "ts": "1600819092.004300",
        "team": "TJH5YU202",
        "user_team": "TJH5YU202",
        "source_team": "TJH5YU202",
        "user_profile": {
            "avatar_hash": "0eafa7153ff3",
            "image_72": "https:\/\/avatars.slack-edge.com\/2020-05-18\/1155120542496_0eafa7153ff35206c804_72.jpg",
            "first_name": "Cesar",
            "real_name": "Cesar SysCtrl Software",
            "display_name": "Cesar SysCtrl Software",
            "team": "TJH5YU202",
            "name": "sysctrlsoftware",
            "is_restricted": false,
            "is_ultra_restricted": false
        },
        "blocks": [
            {
                "type": "rich_text",
                "block_id": "9ff",
                "elements": [
                    {
                        "type": "rich_text_section",
                        "elements": [
                            {
                                "type": "text",
                                "text": "veo que podemos usar todos los tipos de variables en modharbour ?"
                            }
                        ]
                    }
                ]
            }
        ]
    },
    {
        "client_msg_id": "66004563-97FC-4A40-8C29-2FF383B4CEB6",
        "type": "message",
        "text": "Claro que si ",
        "user": "UJXP7LS78",
        "ts": "1600819101.004500",
        "team": "TJH5YU202",
        "user_team": "TJH5YU202",
        "source_team": "TJH5YU202",
        "user_profile": {
            "avatar_hash": "gc4a0baebb72",
            "image_72": "https:\/\/secure.gravatar.com\/avatar\/a1c4a0baebb720b97e5a197259dbf409.jpg?s=72&d=https%3A%2F%2Fa.slack-edge.com%2Fdf10d%2Fimg%2Favatars%2Fava_0007-72.png",
            "first_name": "",
            "real_name": "wilson gamboa",
            "display_name": "wilson gamboa",
            "team": "TJH5YU202",
            "name": "wilson.josenet",
            "is_restricted": false,
            "is_ultra_restricted": false
        },
        "blocks": [
            {
                "type": "rich_text",
                "block_id": "WahP",
                "elements": [
                    {
                        "type": "rich_text_section",
                        "elements": [
                            {
                                "type": "text",
                                "text": "Claro que si "
                            }
                        ]
                    }
                ]
            }
        ]
    },
    {
        "client_msg_id": "9454B909-349E-423D-9E8C-230B59AD343E",
        "type": "message",
        "text": "Pero me parecen un poco peligrosas las static",
        "user": "UJXP7LS78",
        "ts": "1600819119.005200",
        "team": "TJH5YU202",
        "user_team": "TJH5YU202",
        "source_team": "TJH5YU202",
        "user_profile": {
            "avatar_hash": "gc4a0baebb72",
            "image_72": "https:\/\/secure.gravatar.com\/avatar\/a1c4a0baebb720b97e5a197259dbf409.jpg?s=72&d=https%3A%2F%2Fa.slack-edge.com%2Fdf10d%2Fimg%2Favatars%2Fava_0007-72.png",
            "first_name": "",
            "real_name": "wilson gamboa",
            "display_name": "wilson gamboa",
            "team": "TJH5YU202",
            "name": "wilson.josenet",
            "is_restricted": false,
            "is_ultra_restricted": false
        },
        "blocks": [
            {
                "type": "rich_text",
                "block_id": "m9Os9",
                "elements": [
                    {
                        "type": "rich_text_section",
                        "elements": [
                            {
                                "type": "text",
                                "text": "Pero me parecen un poco peligrosas las static"
                            }
                        ]
                    }
                ]
            }
        ]
    },
    {
        "client_msg_id": "9493583A-B251-43B8-B4B5-AA9074C791D5",
        "type": "message",
        "text": "Porque no tenemos un exe y en cada llamada ",
        "user": "UJXP7LS78",
        "ts": "1600819139.005800",
        "team": "TJH5YU202",
        "user_team": "TJH5YU202",
        "source_team": "TJH5YU202",
        "user_profile": {
            "avatar_hash": "gc4a0baebb72",
            "image_72": "https:\/\/secure.gravatar.com\/avatar\/a1c4a0baebb720b97e5a197259dbf409.jpg?s=72&d=https%3A%2F%2Fa.slack-edge.com%2Fdf10d%2Fimg%2Favatars%2Fava_0007-72.png",
            "first_name": "",
            "real_name": "wilson gamboa",
            "display_name": "wilson gamboa",
            "team": "TJH5YU202",
            "name": "wilson.josenet",
            "is_restricted": false,
            "is_ultra_restricted": false
        },
        "blocks": [
            {
                "type": "rich_text",
                "block_id": "DrOu",
                "elements": [
                    {
                        "type": "rich_text_section",
                        "elements": [
                            {
                                "type": "text",
                                "text": "Porque no tenemos un exe y en cada llamada "
                            }
                        ]
                    }
                ]
            }
        ]
    },
    {
        "client_msg_id": "88e5d2c7-dc57-4b6c-a27a-05827ed52390",
        "type": "message",
        "text": "\/\/  {% LoadHrb( 'lib\/tweb.hrb' ) %}\n\nfunction main()\n    PUBLIC hVars := {=&gt;}\n    ? 'Version:', twebversion() \n    \nretu nil",
        "user": "UK28N3CER",
        "ts": "1600819147.006000",
        "team": "TJH5YU202",
        "user_team": "TJH5YU202",
        "source_team": "TJH5YU202",
        "user_profile": {
            "avatar_hash": "0eafa7153ff3",
            "image_72": "https:\/\/avatars.slack-edge.com\/2020-05-18\/1155120542496_0eafa7153ff35206c804_72.jpg",
            "first_name": "Cesar",
            "real_name": "Cesar SysCtrl Software",
            "display_name": "Cesar SysCtrl Software",
            "team": "TJH5YU202",
            "name": "sysctrlsoftware",
            "is_restricted": false,
            "is_ultra_restricted": false
        },
        "blocks": [
            {
                "type": "rich_text",
                "block_id": "dt5xY",
                "elements": [
                    {
                        "type": "rich_text_section",
                        "elements": [
                            {
                                "type": "text",
                                "text": "\/\/  {% LoadHrb( 'lib\/tweb.hrb' ) %}\n\nfunction main()\n    PUBLIC hVars := {=>}\n    ? 'Version:', twebversion() \n    \nretu nil"
                            }
                        ]
                    }
                ]
            }
        ]
    },
    {
        "client_msg_id": "CF732C6C-09C1-47B0-9FE4-CF438262ED74",
        "type": "message",
        "text": "Pueden verse de diferente forma ",
        "user": "UJXP7LS78",
        "ts": "1600819154.006400",
        "team": "TJH5YU202",
        "user_team": "TJH5YU202",
        "source_team": "TJH5YU202",
        "user_profile": {
            "avatar_hash": "gc4a0baebb72",
            "image_72": "https:\/\/secure.gravatar.com\/avatar\/a1c4a0baebb720b97e5a197259dbf409.jpg?s=72&d=https%3A%2F%2Fa.slack-edge.com%2Fdf10d%2Fimg%2Favatars%2Fava_0007-72.png",
            "first_name": "",
            "real_name": "wilson gamboa",
            "display_name": "wilson gamboa",
            "team": "TJH5YU202",
            "name": "wilson.josenet",
            "is_restricted": false,
            "is_ultra_restricted": false
        },
        "blocks": [
            {
                "type": "rich_text",
                "block_id": "hi4Bm",
                "elements": [
                    {
                        "type": "rich_text_section",
                        "elements": [
                            {
                                "type": "text",
                                "text": "Pueden verse de diferente forma "
                            }
                        ]
                    }
                ]
            }
        ]
    },
    {
        "client_msg_id": "051d7b36-3033-4abd-9dcf-8d4a69a163a1",
        "type": "message",
        "text": "esto funciona bien !",
        "user": "UK28N3CER",
        "ts": "1600819155.006600",
        "team": "TJH5YU202",
        "user_team": "TJH5YU202",
        "source_team": "TJH5YU202",
        "user_profile": {
            "avatar_hash": "0eafa7153ff3",
            "image_72": "https:\/\/avatars.slack-edge.com\/2020-05-18\/1155120542496_0eafa7153ff35206c804_72.jpg",
            "first_name": "Cesar",
            "real_name": "Cesar SysCtrl Software",
            "display_name": "Cesar SysCtrl Software",
            "team": "TJH5YU202",
            "name": "sysctrlsoftware",
            "is_restricted": false,
            "is_ultra_restricted": false
        },
        "blocks": [
            {
                "type": "rich_text",
                "block_id": "Af2y",
                "elements": [
                    {
                        "type": "rich_text_section",
                        "elements": [
                            {
                                "type": "text",
                                "text": "esto funciona bien !"
                            }
                        ]
                    }
                ]
            }
        ]
    },
    {
        "client_msg_id": "CC69112F-94EC-4709-8F44-438CB4E114E6",
        "type": "message",
        "text": "Por lo que se van acoplando otros prg",
        "user": "UJXP7LS78",
        "ts": "1600819169.007100",
        "team": "TJH5YU202",
        "user_team": "TJH5YU202",
        "source_team": "TJH5YU202",
        "user_profile": {
            "avatar_hash": "gc4a0baebb72",
            "image_72": "https:\/\/secure.gravatar.com\/avatar\/a1c4a0baebb720b97e5a197259dbf409.jpg?s=72&d=https%3A%2F%2Fa.slack-edge.com%2Fdf10d%2Fimg%2Favatars%2Fava_0007-72.png",
            "first_name": "",
            "real_name": "wilson gamboa",
            "display_name": "wilson gamboa",
            "team": "TJH5YU202",
            "name": "wilson.josenet",
            "is_restricted": false,
            "is_ultra_restricted": false
        },
        "blocks": [
            {
                "type": "rich_text",
                "block_id": "pz6nw",
                "elements": [
                    {
                        "type": "rich_text_section",
                        "elements": [
                            {
                                "type": "text",
                                "text": "Por lo que se van acoplando otros prg"
                            }
                        ]
                    }
                ]
            }
        ]
    },
    {
        "client_msg_id": "B1E94B3B-71B3-4B85-9757-AEAEAA3F70A7",
        "type": "message",
        "text": "Claro",
        "user": "UJXP7LS78",
        "ts": "1600819181.007300",
        "team": "TJH5YU202",
        "user_team": "TJH5YU202",
        "source_team": "TJH5YU202",
        "user_profile": {
            "avatar_hash": "gc4a0baebb72",
            "image_72": "https:\/\/secure.gravatar.com\/avatar\/a1c4a0baebb720b97e5a197259dbf409.jpg?s=72&d=https%3A%2F%2Fa.slack-edge.com%2Fdf10d%2Fimg%2Favatars%2Fava_0007-72.png",
            "first_name": "",
            "real_name": "wilson gamboa",
            "display_name": "wilson gamboa",
            "team": "TJH5YU202",
            "name": "wilson.josenet",
            "is_restricted": false,
            "is_ultra_restricted": false
        },
        "blocks": [
            {
                "type": "rich_text",
                "block_id": "EGhKh",
                "elements": [
                    {
                        "type": "rich_text_section",
                        "elements": [
                            {
                                "type": "text",
                                "text": "Claro"
                            }
                        ]
                    }
                ]
            }
        ]
    },
    {
        "client_msg_id": "CE3C9489-29F9-4FED-ACFC-4F543A714D9E",
        "type": "message",
        "text": "Que si",
        "user": "UJXP7LS78",
        "ts": "1600819184.007500",
        "team": "TJH5YU202",
        "user_team": "TJH5YU202",
        "source_team": "TJH5YU202",
        "user_profile": {
            "avatar_hash": "gc4a0baebb72",
            "image_72": "https:\/\/secure.gravatar.com\/avatar\/a1c4a0baebb720b97e5a197259dbf409.jpg?s=72&d=https%3A%2F%2Fa.slack-edge.com%2Fdf10d%2Fimg%2Favatars%2Fava_0007-72.png",
            "first_name": "",
            "real_name": "wilson gamboa",
            "display_name": "wilson gamboa",
            "team": "TJH5YU202",
            "name": "wilson.josenet",
            "is_restricted": false,
            "is_ultra_restricted": false
        },
        "blocks": [
            {
                "type": "rich_text",
                "block_id": "pRAnb",
                "elements": [
                    {
                        "type": "rich_text_section",
                        "elements": [
                            {
                                "type": "text",
                                "text": "Que si"
                            }
                        ]
                    }
                ]
            }
        ]
    },
    {
        "client_msg_id": "1EC237A1-119F-4A7F-814E-0AD8DD34BBD4",
        "type": "message",
        "text": "Ojalá no nos salten al cuello los puristas de las variables ja ja ja ",
        "user": "UJXP7LS78",
        "ts": "1600819231.008200",
        "team": "TJH5YU202",
        "user_team": "TJH5YU202",
        "source_team": "TJH5YU202",
        "user_profile": {
            "avatar_hash": "gc4a0baebb72",
            "image_72": "https:\/\/secure.gravatar.com\/avatar\/a1c4a0baebb720b97e5a197259dbf409.jpg?s=72&d=https%3A%2F%2Fa.slack-edge.com%2Fdf10d%2Fimg%2Favatars%2Fava_0007-72.png",
            "first_name": "",
            "real_name": "wilson gamboa",
            "display_name": "wilson gamboa",
            "team": "TJH5YU202",
            "name": "wilson.josenet",
            "is_restricted": false,
            "is_ultra_restricted": false
        },
        "blocks": [
            {
                "type": "rich_text",
                "block_id": "A=1la",
                "elements": [
                    {
                        "type": "rich_text_section",
                        "elements": [
                            {
                                "type": "text",
                                "text": "Ojalá no nos salten al cuello los puristas de las variables ja ja ja "
                            }
                        ]
                    }
                ]
            }
        ]
    },
    {
        "client_msg_id": "AF05C44A-67F9-4144-A330-3A926B832C27",
        "type": "message",
        "text": "Perdón buenas noches Cesar ",
        "user": "UJXP7LS78",
        "ts": "1600819353.008700",
        "team": "TJH5YU202",
        "user_team": "TJH5YU202",
        "source_team": "TJH5YU202",
        "user_profile": {
            "avatar_hash": "gc4a0baebb72",
            "image_72": "https:\/\/secure.gravatar.com\/avatar\/a1c4a0baebb720b97e5a197259dbf409.jpg?s=72&d=https%3A%2F%2Fa.slack-edge.com%2Fdf10d%2Fimg%2Favatars%2Fava_0007-72.png",
            "first_name": "",
            "real_name": "wilson gamboa",
            "display_name": "wilson gamboa",
            "team": "TJH5YU202",
            "name": "wilson.josenet",
            "is_restricted": false,
            "is_ultra_restricted": false
        },
        "blocks": [
            {
                "type": "rich_text",
                "block_id": "5oX",
                "elements": [
                    {
                        "type": "rich_text_section",
                        "elements": [
                            {
                                "type": "text",
                                "text": "Perdón buenas noches Cesar "
                            }
                        ]
                    }
                ]
            }
        ]
    },
    {
        "client_msg_id": "ae2eed25-ad9d-4189-a61e-6ce01c29c7fd",
        "type": "message",
        "text": "saludos Wilson !!",
        "user": "UK28N3CER",
        "ts": "1600819385.009000",
        "team": "TJH5YU202",
        "user_team": "TJH5YU202",
        "source_team": "TJH5YU202",
        "user_profile": {
            "avatar_hash": "0eafa7153ff3",
            "image_72": "https:\/\/avatars.slack-edge.com\/2020-05-18\/1155120542496_0eafa7153ff35206c804_72.jpg",
            "first_name": "Cesar",
            "real_name": "Cesar SysCtrl Software",
            "display_name": "Cesar SysCtrl Software",
            "team": "TJH5YU202",
            "name": "sysctrlsoftware",
            "is_restricted": false,
            "is_ultra_restricted": false
        },
        "blocks": [
            {
                "type": "rich_text",
                "block_id": "0Otd",
                "elements": [
                    {
                        "type": "rich_text_section",
                        "elements": [
                            {
                                "type": "text",
                                "text": "saludos Wilson !!"
                            }
                        ]
                    }
                ]
            }
        ]
    },
    {
        "client_msg_id": "2b42ada4-ffc5-4840-aaac-1a1c236c9664",
        "type": "message",
        "text": "Uds deben tener en cuenta que estos no son programas compilados sino cuasi interpretados",
        "user": "UM81W8B0Q",
        "ts": "1600819883.009400",
        "team": "TJH5YU202",
        "user_team": "TJH5YU202",
        "source_team": "TJH5YU202",
        "user_profile": {
            "avatar_hash": "gab9279ee8c0",
            "image_72": "https:\/\/secure.gravatar.com\/avatar\/73ab9279ee8c00f66ce4904d30146c8f.jpg?s=72&d=https%3A%2F%2Fa.slack-edge.com%2Fdf10d%2Fimg%2Favatars%2Fava_0010-72.png",
            "first_name": "",
            "real_name": "Angel Pais",
            "display_name": "Angel Pais",
            "team": "TJH5YU202",
            "name": "amigosam",
            "is_restricted": false,
            "is_ultra_restricted": false
        },
        "blocks": [
            {
                "type": "rich_text",
                "block_id": "Ihd",
                "elements": [
                    {
                        "type": "rich_text_section",
                        "elements": [
                            {
                                "type": "text",
                                "text": "Uds deben tener en cuenta que estos no son programas compilados sino cuasi interpretados"
                            }
                        ]
                    }
                ]
            }
        ]
    },
    {
        "client_msg_id": "b319bb12-99da-4f1f-a525-879cc4021780",
        "type": "message",
        "text": "O sea que la conducta es mas parecida a lo que era dbase donde solo habian variables publicas y privadas",
        "user": "UM81W8B0Q",
        "ts": "1600819916.010000",
        "team": "TJH5YU202",
        "user_team": "TJH5YU202",
        "source_team": "TJH5YU202",
        "user_profile": {
            "avatar_hash": "gab9279ee8c0",
            "image_72": "https:\/\/secure.gravatar.com\/avatar\/73ab9279ee8c00f66ce4904d30146c8f.jpg?s=72&d=https%3A%2F%2Fa.slack-edge.com%2Fdf10d%2Fimg%2Favatars%2Fava_0010-72.png",
            "first_name": "",
            "real_name": "Angel Pais",
            "display_name": "Angel Pais",
            "team": "TJH5YU202",
            "name": "amigosam",
            "is_restricted": false,
            "is_ultra_restricted": false
        },
        "blocks": [
            {
                "type": "rich_text",
                "block_id": "UWn",
                "elements": [
                    {
                        "type": "rich_text_section",
                        "elements": [
                            {
                                "type": "text",
                                "text": "O sea que la conducta es mas parecida a lo que era dbase donde solo habian variables publicas y privadas"
                            }
                        ]
                    }
                ]
            }
        ]
    },
    {
        "client_msg_id": "89899044-8d29-4820-b0db-b10763cdea6e",
        "type": "message",
        "text": "La utilidad de las estáticas es muy discutible en este tipo de programas y ademas se comparten entre la threads cuando hay request simultáneos",
        "user": "UM81W8B0Q",
        "ts": "1600819975.011200",
        "team": "TJH5YU202",
        "user_team": "TJH5YU202",
        "source_team": "TJH5YU202",
        "user_profile": {
            "avatar_hash": "gab9279ee8c0",
            "image_72": "https:\/\/secure.gravatar.com\/avatar\/73ab9279ee8c00f66ce4904d30146c8f.jpg?s=72&d=https%3A%2F%2Fa.slack-edge.com%2Fdf10d%2Fimg%2Favatars%2Fava_0010-72.png",
            "first_name": "",
            "real_name": "Angel Pais",
            "display_name": "Angel Pais",
            "team": "TJH5YU202",
            "name": "amigosam",
            "is_restricted": false,
            "is_ultra_restricted": false
        },
        "edited": {
            "user": "UM81W8B0Q",
            "ts": "1600820098.000000"
        },
        "blocks": [
            {
                "type": "rich_text",
                "block_id": "BfKub",
                "elements": [
                    {
                        "type": "rich_text_section",
                        "elements": [
                            {
                                "type": "text",
                                "text": "La utilidad de las estáticas es muy discutible en este tipo de programas y ademas se comparten entre la threads cuando hay request simultáneos"
                            }
                        ]
                    }
                ]
            }
        ]
    },
    {
        "client_msg_id": "12fbd2ec-f3dd-4b83-bc24-f16f35e23b34",
        "type": "message",
        "text": "Por lo tanto si encuentran absolutamente necesario usarlas, usen las thread static, que se desvanecen al terminar el hilo de ejecución actual, ademas de ser sólo visibles en el hilo en ejecución en curso",
        "user": "UM81W8B0Q",
        "ts": "1600820084.012900",
        "team": "TJH5YU202",
        "user_team": "TJH5YU202",
        "source_team": "TJH5YU202",
        "user_profile": {
            "avatar_hash": "gab9279ee8c0",
            "image_72": "https:\/\/secure.gravatar.com\/avatar\/73ab9279ee8c00f66ce4904d30146c8f.jpg?s=72&d=https%3A%2F%2Fa.slack-edge.com%2Fdf10d%2Fimg%2Favatars%2Fava_0010-72.png",
            "first_name": "",
            "real_name": "Angel Pais",
            "display_name": "Angel Pais",
            "team": "TJH5YU202",
            "name": "amigosam",
            "is_restricted": false,
            "is_ultra_restricted": false
        },
        "edited": {
            "user": "UM81W8B0Q",
            "ts": "1600820206.000000"
        },
        "blocks": [
            {
                "type": "rich_text",
                "block_id": "MAhL",
                "elements": [
                    {
                        "type": "rich_text_section",
                        "elements": [
                            {
                                "type": "text",
                                "text": "Por lo tanto si encuentran absolutamente necesario usarlas, usen las thread static, que se desvanecen al terminar el hilo de ejecución actual, ademas de ser sólo visibles en el hilo en ejecución en curso"
                            }
                        ]
                    }
                ]
            }
        ]
    },
    {
        "client_msg_id": "179A4B54-B608-4E82-BB95-DB42FDB55CA7",
        "type": "message",
        "text": "Buen punto Angel buenas noches ",
        "user": "UJXP7LS78",
        "ts": "1600820332.013700",
        "team": "TJH5YU202",
        "user_team": "TJH5YU202",
        "source_team": "TJH5YU202",
        "user_profile": {
            "avatar_hash": "gc4a0baebb72",
            "image_72": "https:\/\/secure.gravatar.com\/avatar\/a1c4a0baebb720b97e5a197259dbf409.jpg?s=72&d=https%3A%2F%2Fa.slack-edge.com%2Fdf10d%2Fimg%2Favatars%2Fava_0007-72.png",
            "first_name": "",
            "real_name": "wilson gamboa",
            "display_name": "wilson gamboa",
            "team": "TJH5YU202",
            "name": "wilson.josenet",
            "is_restricted": false,
            "is_ultra_restricted": false
        },
        "blocks": [
            {
                "type": "rich_text",
                "block_id": "cy8Y3",
                "elements": [
                    {
                        "type": "rich_text_section",
                        "elements": [
                            {
                                "type": "text",
                                "text": "Buen punto Angel buenas noches "
                            }
                        ]
                    }
                ]
            }
        ]
    },
    {
        "client_msg_id": "ea067b01-48a6-410b-8cae-5ef6bf1569a2",
        "type": "message",
        "text": "bien Angel, empezaré por las public",
        "user": "UK28N3CER",
        "ts": "1600821355.014100",
        "team": "TJH5YU202",
        "user_team": "TJH5YU202",
        "source_team": "TJH5YU202",
        "user_profile": {
            "avatar_hash": "0eafa7153ff3",
            "image_72": "https:\/\/avatars.slack-edge.com\/2020-05-18\/1155120542496_0eafa7153ff35206c804_72.jpg",
            "first_name": "Cesar",
            "real_name": "Cesar SysCtrl Software",
            "display_name": "Cesar SysCtrl Software",
            "team": "TJH5YU202",
            "name": "sysctrlsoftware",
            "is_restricted": false,
            "is_ultra_restricted": false
        },
        "blocks": [
            {
                "type": "rich_text",
                "block_id": "WNYb",
                "elements": [
                    {
                        "type": "rich_text_section",
                        "elements": [
                            {
                                "type": "text",
                                "text": "bien Angel, empezaré por las public"
                            }
                        ]
                    }
                ]
            }
        ]
    }
]