[
    {
        "client_msg_id": "77485c55-c85d-453c-9a4d-a31f0a70daf5",
        "type": "message",
        "text": "Enhorabuena <@UJUSD6VB2>. A ver si me pongo al día con los videos que se han hecho. Siento no haber podido asistir \"en vivo\" estas últimas sesiones. Temas familiares ineludibles me lo han impedido.",
        "user": "UJUJLTWMT",
        "ts": "1598798221.183000",
        "team": "TJH5YU202",
        "user_team": "TJH5YU202",
        "source_team": "TJH5YU202",
        "user_profile": {
            "avatar_hash": "a60e3b1ef2d2",
            "image_72": "https:\/\/avatars.slack-edge.com\/2019-08-20\/726246109489_a60e3b1ef2d2c141969d_72.jpg",
            "first_name": "",
            "real_name": "Cristobal",
            "display_name": "Cristobal",
            "team": "TJH5YU202",
            "name": "navarro.cristobal",
            "is_restricted": false,
            "is_ultra_restricted": false
        },
        "blocks": [
            {
                "type": "rich_text",
                "block_id": "15ul",
                "elements": [
                    {
                        "type": "rich_text_section",
                        "elements": [
                            {
                                "type": "text",
                                "text": "Enhorabuena "
                            },
                            {
                                "type": "user",
                                "user_id": "UJUSD6VB2"
                            },
                            {
                                "type": "text",
                                "text": ". A ver si me pongo al día con los videos que se han hecho. Siento no haber podido asistir \"en vivo\" estas últimas sesiones. Temas familiares ineludibles me lo han impedido."
                            }
                        ]
                    }
                ]
            }
        ]
    },
    {
        "client_msg_id": "3658c69d-88bd-4616-9cd2-c5db745cebcf",
        "type": "message",
        "text": "Buen día harbuorianos, como integro en envío de email con SMPT desde el formulario HTML.  Alguna idea que ando mas refundido que el hijo  de Limber.",
        "user": "U016JJSHGKB",
        "ts": "1598799637.185200",
        "team": "TJH5YU202",
        "user_team": "TJH5YU202",
        "source_team": "TJH5YU202",
        "user_profile": {
            "avatar_hash": "g82054a3b3a7",
            "image_72": "https:\/\/secure.gravatar.com\/avatar\/82054a3b3a7d69e08f7077c46bcd79c3.jpg?s=72&d=https%3A%2F%2Fa.slack-edge.com%2Fdf10d%2Fimg%2Favatars%2Fava_0009-72.png",
            "first_name": "",
            "real_name": "Ribo Salamanca",
            "display_name": "Ribo Salamanca",
            "team": "TJH5YU202",
            "name": "ribosama",
            "is_restricted": false,
            "is_ultra_restricted": false
        },
        "edited": {
            "user": "U016JJSHGKB",
            "ts": "1598800012.000000"
        },
        "blocks": [
            {
                "type": "rich_text",
                "block_id": "Eg8YQ",
                "elements": [
                    {
                        "type": "rich_text_section",
                        "elements": [
                            {
                                "type": "text",
                                "text": "Buen día harbuorianos, como integro en envío de email con SMPT desde el formulario HTML.  Alguna idea que ando mas refundido que el hijo  de Limber."
                            }
                        ]
                    }
                ]
            }
        ]
    },
    {
        "client_msg_id": "C930FFC4-EF8E-4C32-A13A-2219DC9FD576",
        "type": "message",
        "text": "Felicitaciones <@UJUSD6VB2> !",
        "user": "UJRQZMTAM",
        "ts": "1598799699.185800",
        "team": "TJH5YU202",
        "user_team": "TJH5YU202",
        "source_team": "TJH5YU202",
        "user_profile": {
            "avatar_hash": "0d8c567df084",
            "image_72": "https:\/\/avatars.slack-edge.com\/2019-11-22\/834908722243_0d8c567df084bf59d639_72.png",
            "first_name": "Diego",
            "real_name": "Diego F",
            "display_name": "Diego F",
            "team": "TJH5YU202",
            "name": "diegohfazio",
            "is_restricted": false,
            "is_ultra_restricted": false
        },
        "blocks": [
            {
                "type": "rich_text",
                "block_id": "CTP",
                "elements": [
                    {
                        "type": "rich_text_section",
                        "elements": [
                            {
                                "type": "text",
                                "text": "Felicitaciones "
                            },
                            {
                                "type": "user",
                                "user_id": "UJUSD6VB2"
                            },
                            {
                                "type": "text",
                                "text": " !"
                            }
                        ]
                    }
                ]
            }
        ]
    },
    {
        "client_msg_id": "58ce718e-ccab-4ee1-a4b1-1fb676979e71",
        "type": "message",
        "text": "Hombre Diego, el merito es tuyo y de Angel, hahaha claro esta muchas gracias a Teo Founrouge por su programa para accesar mongodb.",
        "user": "UJUSD6VB2",
        "ts": "1598802875.196300",
        "team": "TJH5YU202",
        "user_team": "TJH5YU202",
        "source_team": "TJH5YU202",
        "user_profile": {
            "avatar_hash": "g1677a02d0b6",
            "image_72": "https:\/\/secure.gravatar.com\/avatar\/bb1677a02d0b69ba91eb245090c7c83a.jpg?s=72&d=https%3A%2F%2Fa.slack-edge.com%2Fdf10d%2Fimg%2Favatars%2Fava_0015-72.png",
            "first_name": "",
            "real_name": "Osvaldo Ramirez",
            "display_name": "Osvaldo Ramirez",
            "team": "TJH5YU202",
            "name": "ramirezosvaldo",
            "is_restricted": false,
            "is_ultra_restricted": false
        },
        "blocks": [
            {
                "type": "rich_text",
                "block_id": "TcB",
                "elements": [
                    {
                        "type": "rich_text_section",
                        "elements": [
                            {
                                "type": "text",
                                "text": "Hombre Diego, el merito es tuyo y de Angel, hahaha claro esta muchas gracias a Teo Founrouge por su programa para accesar mongodb."
                            }
                        ]
                    }
                ]
            }
        ]
    },
    {
        "client_msg_id": "27360601-4dda-4d84-a3ba-77c1975382c7",
        "type": "message",
        "text": "Osvaldo muchas gracias se ve muy bien ese trabajo !!",
        "user": "UJXP7LS78",
        "ts": "1598803378.198600",
        "team": "TJH5YU202",
        "user_team": "TJH5YU202",
        "source_team": "TJH5YU202",
        "user_profile": {
            "avatar_hash": "gc4a0baebb72",
            "image_72": "https:\/\/secure.gravatar.com\/avatar\/a1c4a0baebb720b97e5a197259dbf409.jpg?s=72&d=https%3A%2F%2Fa.slack-edge.com%2Fdf10d%2Fimg%2Favatars%2Fava_0007-72.png",
            "first_name": "",
            "real_name": "wilson gamboa",
            "display_name": "wilson gamboa",
            "team": "TJH5YU202",
            "name": "wilson.josenet",
            "is_restricted": false,
            "is_ultra_restricted": false
        },
        "blocks": [
            {
                "type": "rich_text",
                "block_id": "KFMu",
                "elements": [
                    {
                        "type": "rich_text_section",
                        "elements": [
                            {
                                "type": "text",
                                "text": "Osvaldo muchas gracias se ve muy bien ese trabajo !!"
                            }
                        ]
                    }
                ]
            }
        ]
    },
    {
        "client_msg_id": "0fd37ecb-22d7-45fe-9d7f-eb5a3b46bf60",
        "type": "message",
        "text": "Hombre lo mio no es nada, Gracias Antonio, Gracias Charly, Gracias Diego, Gracias Angel, Gracias a Teo, gracias a cada uno que ha hecho contribuciones;  Cada uno que ha aportado a todo este proyecto, y que creo que seguirá avanzando para ser competitivo con las nuevas tecnologías. Unos sembraran ideas y sueños, otros programaran, y otros disfrutaremos de estos logros. Un abrazo y feliz domingo.",
        "user": "UJUSD6VB2",
        "ts": "1598804125.204000",
        "team": "TJH5YU202",
        "user_team": "TJH5YU202",
        "source_team": "TJH5YU202",
        "user_profile": {
            "avatar_hash": "g1677a02d0b6",
            "image_72": "https:\/\/secure.gravatar.com\/avatar\/bb1677a02d0b69ba91eb245090c7c83a.jpg?s=72&d=https%3A%2F%2Fa.slack-edge.com%2Fdf10d%2Fimg%2Favatars%2Fava_0015-72.png",
            "first_name": "",
            "real_name": "Osvaldo Ramirez",
            "display_name": "Osvaldo Ramirez",
            "team": "TJH5YU202",
            "name": "ramirezosvaldo",
            "is_restricted": false,
            "is_ultra_restricted": false
        },
        "blocks": [
            {
                "type": "rich_text",
                "block_id": "Hgnsv",
                "elements": [
                    {
                        "type": "rich_text_section",
                        "elements": [
                            {
                                "type": "text",
                                "text": "Hombre lo mio no es nada, Gracias Antonio, Gracias Charly, Gracias Diego, Gracias Angel, Gracias a Teo, gracias a cada uno que ha hecho contribuciones;  Cada uno que ha aportado a todo este proyecto, y que creo que seguirá avanzando para ser competitivo con las nuevas tecnologías. Unos sembraran ideas y sueños, otros programaran, y otros disfrutaremos de estos logros. Un abrazo y feliz domingo."
                            }
                        ]
                    }
                ]
            }
        ]
    },
    {
        "client_msg_id": "a6f1077a-e851-477b-af95-144b2c3f4db4",
        "type": "message",
        "text": "<@UJUSD6VB2> súper ya tenemos una opción mas.",
        "user": "UK28N3CER",
        "ts": "1598804281.204900",
        "team": "TJH5YU202",
        "user_team": "TJH5YU202",
        "source_team": "TJH5YU202",
        "user_profile": {
            "avatar_hash": "0eafa7153ff3",
            "image_72": "https:\/\/avatars.slack-edge.com\/2020-05-18\/1155120542496_0eafa7153ff35206c804_72.jpg",
            "first_name": "Cesar",
            "real_name": "Cesar SysCtrl Software",
            "display_name": "Cesar SysCtrl Software",
            "team": "TJH5YU202",
            "name": "sysctrlsoftware",
            "is_restricted": false,
            "is_ultra_restricted": false
        },
        "blocks": [
            {
                "type": "rich_text",
                "block_id": "5dUd6",
                "elements": [
                    {
                        "type": "rich_text_section",
                        "elements": [
                            {
                                "type": "user",
                                "user_id": "UJUSD6VB2"
                            },
                            {
                                "type": "text",
                                "text": " súper ya tenemos una opción mas."
                            }
                        ]
                    }
                ]
            }
        ]
    }
]