[
    {
        "type": "message",
        "subtype": "thread_broadcast",
        "text": "menos mal que hay alguien más como yo, pensé que era el único bicho en el planeta que  conseguía una velocidad de 3  caracteres por hora en el celular",
        "user": "UMZ3LNV5Z",
        "ts": "1599131337.264600",
        "thread_ts": "1599051412.257300",
        "root": {
            "client_msg_id": "7eef572d-67cf-4af8-b852-a9d94790c959",
            "type": "message",
            "text": "Y porque soy torpe para escribir en celular :joy:",
            "user": "UK28N3CER",
            "ts": "1599051412.257300",
            "team": "TJH5YU202",
            "blocks": [
                {
                    "type": "rich_text",
                    "block_id": "iMn1",
                    "elements": [
                        {
                            "type": "rich_text_section",
                            "elements": [
                                {
                                    "type": "text",
                                    "text": "Y porque soy torpe para escribir en celular "
                                },
                                {
                                    "type": "emoji",
                                    "name": "joy"
                                }
                            ]
                        }
                    ]
                }
            ],
            "thread_ts": "1599051412.257300",
            "reply_count": 1,
            "reply_users_count": 1,
            "latest_reply": "1599131337.264600",
            "reply_users": [
                "UMZ3LNV5Z"
            ],
            "subscribed": false
        },
        "blocks": [
            {
                "type": "rich_text",
                "block_id": "\/ulTl",
                "elements": [
                    {
                        "type": "rich_text_section",
                        "elements": [
                            {
                                "type": "text",
                                "text": "menos mal que hay alguien más como yo, pensé que era el único bicho en el planeta que  conseguía una velocidad de 3  caracteres por hora en el celular"
                            }
                        ]
                    }
                ]
            }
        ],
        "client_msg_id": "82486ff5-5b83-434a-9fd7-6e914801970f"
    },
    {
        "client_msg_id": "60adbfe9-237f-4158-8beb-bbadb4cc008a",
        "type": "message",
        "text": ":joy:",
        "user": "UK28N3CER",
        "ts": "1599136089.265000",
        "team": "TJH5YU202",
        "user_team": "TJH5YU202",
        "source_team": "TJH5YU202",
        "user_profile": {
            "avatar_hash": "0eafa7153ff3",
            "image_72": "https:\/\/avatars.slack-edge.com\/2020-05-18\/1155120542496_0eafa7153ff35206c804_72.jpg",
            "first_name": "Cesar",
            "real_name": "Cesar SysCtrl Software",
            "display_name": "Cesar SysCtrl Software",
            "team": "TJH5YU202",
            "name": "sysctrlsoftware",
            "is_restricted": false,
            "is_ultra_restricted": false
        },
        "blocks": [
            {
                "type": "rich_text",
                "block_id": "+JA",
                "elements": [
                    {
                        "type": "rich_text_section",
                        "elements": [
                            {
                                "type": "emoji",
                                "name": "joy"
                            }
                        ]
                    }
                ]
            }
        ]
    },
    {
        "client_msg_id": "9f209da5-f83d-43f7-acb2-d1a893f9cc11",
        "type": "message",
        "text": "Buenas días :sunny::sunny::sunny:",
        "user": "UK28N3CER",
        "ts": "1599136115.265400",
        "team": "TJH5YU202",
        "user_team": "TJH5YU202",
        "source_team": "TJH5YU202",
        "user_profile": {
            "avatar_hash": "0eafa7153ff3",
            "image_72": "https:\/\/avatars.slack-edge.com\/2020-05-18\/1155120542496_0eafa7153ff35206c804_72.jpg",
            "first_name": "Cesar",
            "real_name": "Cesar SysCtrl Software",
            "display_name": "Cesar SysCtrl Software",
            "team": "TJH5YU202",
            "name": "sysctrlsoftware",
            "is_restricted": false,
            "is_ultra_restricted": false
        },
        "blocks": [
            {
                "type": "rich_text",
                "block_id": "gZ6",
                "elements": [
                    {
                        "type": "rich_text_section",
                        "elements": [
                            {
                                "type": "text",
                                "text": "Buenas días "
                            },
                            {
                                "type": "emoji",
                                "name": "sunny"
                            },
                            {
                                "type": "emoji",
                                "name": "sunny"
                            },
                            {
                                "type": "emoji",
                                "name": "sunny"
                            }
                        ]
                    }
                ]
            }
        ]
    },
    {
        "client_msg_id": "daa1118f-464a-4e26-b859-87968c8be033",
        "type": "message",
        "text": "Buenos dias a todos",
        "user": "UJUSD6VB2",
        "ts": "1599157114.265700",
        "team": "TJH5YU202",
        "user_team": "TJH5YU202",
        "source_team": "TJH5YU202",
        "user_profile": {
            "avatar_hash": "g1677a02d0b6",
            "image_72": "https:\/\/secure.gravatar.com\/avatar\/bb1677a02d0b69ba91eb245090c7c83a.jpg?s=72&d=https%3A%2F%2Fa.slack-edge.com%2Fdf10d%2Fimg%2Favatars%2Fava_0015-72.png",
            "first_name": "",
            "real_name": "Osvaldo Ramirez",
            "display_name": "Osvaldo Ramirez",
            "team": "TJH5YU202",
            "name": "ramirezosvaldo",
            "is_restricted": false,
            "is_ultra_restricted": false
        },
        "blocks": [
            {
                "type": "rich_text",
                "block_id": "juiHO",
                "elements": [
                    {
                        "type": "rich_text_section",
                        "elements": [
                            {
                                "type": "text",
                                "text": "Buenos dias a todos"
                            }
                        ]
                    }
                ]
            }
        ]
    },
    {
        "client_msg_id": "95f29227-262e-4f65-b9cc-1126b477d921",
        "type": "message",
        "text": "Mañana es viernes!!!!!, viernes de chuperamigos... Viva Villa!!!! ajua:fencer:",
        "user": "UJUSD6VB2",
        "ts": "1599157165.266400",
        "team": "TJH5YU202",
        "user_team": "TJH5YU202",
        "source_team": "TJH5YU202",
        "user_profile": {
            "avatar_hash": "g1677a02d0b6",
            "image_72": "https:\/\/secure.gravatar.com\/avatar\/bb1677a02d0b69ba91eb245090c7c83a.jpg?s=72&d=https%3A%2F%2Fa.slack-edge.com%2Fdf10d%2Fimg%2Favatars%2Fava_0015-72.png",
            "first_name": "",
            "real_name": "Osvaldo Ramirez",
            "display_name": "Osvaldo Ramirez",
            "team": "TJH5YU202",
            "name": "ramirezosvaldo",
            "is_restricted": false,
            "is_ultra_restricted": false
        },
        "blocks": [
            {
                "type": "rich_text",
                "block_id": "NQxU",
                "elements": [
                    {
                        "type": "rich_text_section",
                        "elements": [
                            {
                                "type": "text",
                                "text": "Mañana es viernes!!!!!, viernes de chuperamigos... Viva Villa!!!! ajua"
                            },
                            {
                                "type": "emoji",
                                "name": "fencer"
                            }
                        ]
                    }
                ]
            }
        ]
    },
    {
        "client_msg_id": "e0256548-b42b-4ae8-8e2b-896f5061a968",
        "type": "message",
        "text": "Eres un violento Osvaldo.",
        "user": "UM81W8B0Q",
        "ts": "1599157712.266800",
        "team": "TJH5YU202",
        "user_team": "TJH5YU202",
        "source_team": "TJH5YU202",
        "user_profile": {
            "avatar_hash": "gab9279ee8c0",
            "image_72": "https:\/\/secure.gravatar.com\/avatar\/73ab9279ee8c00f66ce4904d30146c8f.jpg?s=72&d=https%3A%2F%2Fa.slack-edge.com%2Fdf10d%2Fimg%2Favatars%2Fava_0010-72.png",
            "first_name": "",
            "real_name": "Angel Pais",
            "display_name": "Angel Pais",
            "team": "TJH5YU202",
            "name": "amigosam",
            "is_restricted": false,
            "is_ultra_restricted": false
        },
        "blocks": [
            {
                "type": "rich_text",
                "block_id": "v5N",
                "elements": [
                    {
                        "type": "rich_text_section",
                        "elements": [
                            {
                                "type": "text",
                                "text": "Eres un violento Osvaldo."
                            }
                        ]
                    }
                ]
            }
        ]
    },
    {
        "client_msg_id": "451fe0cf-7721-447e-b120-3810cd76eddf",
        "type": "message",
        "text": "Además Pancho Villa explotaba a los animales.",
        "user": "UM81W8B0Q",
        "ts": "1599157734.267200",
        "team": "TJH5YU202",
        "user_team": "TJH5YU202",
        "source_team": "TJH5YU202",
        "user_profile": {
            "avatar_hash": "gab9279ee8c0",
            "image_72": "https:\/\/secure.gravatar.com\/avatar\/73ab9279ee8c00f66ce4904d30146c8f.jpg?s=72&d=https%3A%2F%2Fa.slack-edge.com%2Fdf10d%2Fimg%2Favatars%2Fava_0010-72.png",
            "first_name": "",
            "real_name": "Angel Pais",
            "display_name": "Angel Pais",
            "team": "TJH5YU202",
            "name": "amigosam",
            "is_restricted": false,
            "is_ultra_restricted": false
        },
        "blocks": [
            {
                "type": "rich_text",
                "block_id": "UtU",
                "elements": [
                    {
                        "type": "rich_text_section",
                        "elements": [
                            {
                                "type": "text",
                                "text": "Además Pancho Villa explotaba a los animales."
                            }
                        ]
                    }
                ]
            }
        ]
    },
    {
        "client_msg_id": "0fc502de-25a1-49db-9d81-dc7ecbfbf60d",
        "type": "message",
        "text": "Te refieres a explotación laboral de la gente o que les ponía TNT adentro ?, pero si, hay sentimientos encontrados referente a este caudillo, en contra y a favor.; Aun asi  no deja de ser un personaje del cual se puede hablar, el primero que se metió a tirar balazos con el vecino pais, que después no lo pudieron atrapar; su paso en Hollywood, su casa en el vecino país, en fin; Todo un personaje en la parte norte de mexico. VIVA ZAPATA!!!!",
        "user": "UJUSD6VB2",
        "ts": "1599160214.271500",
        "team": "TJH5YU202",
        "user_team": "TJH5YU202",
        "source_team": "TJH5YU202",
        "user_profile": {
            "avatar_hash": "g1677a02d0b6",
            "image_72": "https:\/\/secure.gravatar.com\/avatar\/bb1677a02d0b69ba91eb245090c7c83a.jpg?s=72&d=https%3A%2F%2Fa.slack-edge.com%2Fdf10d%2Fimg%2Favatars%2Fava_0015-72.png",
            "first_name": "",
            "real_name": "Osvaldo Ramirez",
            "display_name": "Osvaldo Ramirez",
            "team": "TJH5YU202",
            "name": "ramirezosvaldo",
            "is_restricted": false,
            "is_ultra_restricted": false
        },
        "blocks": [
            {
                "type": "rich_text",
                "block_id": "uXBU",
                "elements": [
                    {
                        "type": "rich_text_section",
                        "elements": [
                            {
                                "type": "text",
                                "text": "Te refieres a explotación laboral de la gente o que les ponía TNT adentro ?, pero si, hay sentimientos encontrados referente a este caudillo, en contra y a favor.; Aun asi  no deja de ser un personaje del cual se puede hablar, el primero que se metió a tirar balazos con el vecino pais, que después no lo pudieron atrapar; su paso en Hollywood, su casa en el vecino país, en fin; Todo un personaje en la parte norte de mexico. VIVA ZAPATA!!!!"
                            }
                        ]
                    }
                ]
            }
        ]
    },
    {
        "client_msg_id": "3ff70b5e-72b0-4338-8590-2d5b2a1a2119",
        "type": "message",
        "text": "Andaba a caballo sin respetar su derecho de correr libres por les praderes.",
        "user": "UM81W8B0Q",
        "ts": "1599160308.272000",
        "team": "TJH5YU202",
        "user_team": "TJH5YU202",
        "source_team": "TJH5YU202",
        "user_profile": {
            "avatar_hash": "gab9279ee8c0",
            "image_72": "https:\/\/secure.gravatar.com\/avatar\/73ab9279ee8c00f66ce4904d30146c8f.jpg?s=72&d=https%3A%2F%2Fa.slack-edge.com%2Fdf10d%2Fimg%2Favatars%2Fava_0010-72.png",
            "first_name": "",
            "real_name": "Angel Pais",
            "display_name": "Angel Pais",
            "team": "TJH5YU202",
            "name": "amigosam",
            "is_restricted": false,
            "is_ultra_restricted": false
        },
        "edited": {
            "user": "UM81W8B0Q",
            "ts": "1599160334.000000"
        },
        "blocks": [
            {
                "type": "rich_text",
                "block_id": "d2Ab",
                "elements": [
                    {
                        "type": "rich_text_section",
                        "elements": [
                            {
                                "type": "text",
                                "text": "Andaba a caballo sin respetar su derecho de correr libres por les praderes."
                            }
                        ]
                    }
                ]
            }
        ]
    },
    {
        "client_msg_id": "bff29649-517d-4b3d-bbd6-f1e3da57176c",
        "type": "message",
        "text": "Hay problemas a la hora de \"dejar suelto\" un animal criado. Pero no sé hasta que punto eso se aplica al caballo.",
        "user": "UNAHBRTFA",
        "ts": "1599160490.272600",
        "team": "TJH5YU202",
        "user_team": "TJH5YU202",
        "source_team": "TJH5YU202",
        "user_profile": {
            "avatar_hash": "g3d2a3f4c28c",
            "image_72": "https:\/\/secure.gravatar.com\/avatar\/23d2a3f4c28cebb4cf07e48d02620517.jpg?s=72&d=https%3A%2F%2Fa.slack-edge.com%2Fdf10d%2Fimg%2Favatars%2Fava_0020-72.png",
            "first_name": "Andreu",
            "real_name": "Andreu Botella",
            "display_name": "Andreu Botella",
            "team": "TJH5YU202",
            "name": "andreu.132",
            "is_restricted": false,
            "is_ultra_restricted": false
        },
        "blocks": [
            {
                "type": "rich_text",
                "block_id": "LVu",
                "elements": [
                    {
                        "type": "rich_text_section",
                        "elements": [
                            {
                                "type": "text",
                                "text": "Hay problemas a la hora de \"dejar suelto\" un animal criado. Pero no sé hasta que punto eso se aplica al caballo."
                            }
                        ]
                    }
                ]
            }
        ]
    },
    {
        "client_msg_id": "b0ee8a6d-8f30-4bcb-ac80-c36aecd8b94a",
        "type": "message",
        "text": "Si si. Ojo con dejar a Osvaldo suelto por ahi los viernes.",
        "user": "UM81W8B0Q",
        "ts": "1599160548.273100",
        "team": "TJH5YU202",
        "user_team": "TJH5YU202",
        "source_team": "TJH5YU202",
        "user_profile": {
            "avatar_hash": "gab9279ee8c0",
            "image_72": "https:\/\/secure.gravatar.com\/avatar\/73ab9279ee8c00f66ce4904d30146c8f.jpg?s=72&d=https%3A%2F%2Fa.slack-edge.com%2Fdf10d%2Fimg%2Favatars%2Fava_0010-72.png",
            "first_name": "",
            "real_name": "Angel Pais",
            "display_name": "Angel Pais",
            "team": "TJH5YU202",
            "name": "amigosam",
            "is_restricted": false,
            "is_ultra_restricted": false
        },
        "blocks": [
            {
                "type": "rich_text",
                "block_id": "Uim",
                "elements": [
                    {
                        "type": "rich_text_section",
                        "elements": [
                            {
                                "type": "text",
                                "text": "Si si. Ojo con dejar a Osvaldo suelto por ahi los viernes."
                            }
                        ]
                    }
                ]
            }
        ]
    },
    {
        "client_msg_id": "26e40234-2df3-4c1a-ae21-967f74bbf628",
        "type": "message",
        "text": ":joy:",
        "user": "UNAHBRTFA",
        "ts": "1599160559.273300",
        "team": "TJH5YU202",
        "user_team": "TJH5YU202",
        "source_team": "TJH5YU202",
        "user_profile": {
            "avatar_hash": "g3d2a3f4c28c",
            "image_72": "https:\/\/secure.gravatar.com\/avatar\/23d2a3f4c28cebb4cf07e48d02620517.jpg?s=72&d=https%3A%2F%2Fa.slack-edge.com%2Fdf10d%2Fimg%2Favatars%2Fava_0020-72.png",
            "first_name": "Andreu",
            "real_name": "Andreu Botella",
            "display_name": "Andreu Botella",
            "team": "TJH5YU202",
            "name": "andreu.132",
            "is_restricted": false,
            "is_ultra_restricted": false
        },
        "blocks": [
            {
                "type": "rich_text",
                "block_id": "hlQ76",
                "elements": [
                    {
                        "type": "rich_text_section",
                        "elements": [
                            {
                                "type": "emoji",
                                "name": "joy"
                            }
                        ]
                    }
                ]
            }
        ]
    },
    {
        "client_msg_id": "140460ed-b644-4fae-ab28-c8f6b8176153",
        "type": "message",
        "text": ":fencer:",
        "user": "UJUSD6VB2",
        "ts": "1599161119.273500",
        "team": "TJH5YU202",
        "user_team": "TJH5YU202",
        "source_team": "TJH5YU202",
        "user_profile": {
            "avatar_hash": "g1677a02d0b6",
            "image_72": "https:\/\/secure.gravatar.com\/avatar\/bb1677a02d0b69ba91eb245090c7c83a.jpg?s=72&d=https%3A%2F%2Fa.slack-edge.com%2Fdf10d%2Fimg%2Favatars%2Fava_0015-72.png",
            "first_name": "",
            "real_name": "Osvaldo Ramirez",
            "display_name": "Osvaldo Ramirez",
            "team": "TJH5YU202",
            "name": "ramirezosvaldo",
            "is_restricted": false,
            "is_ultra_restricted": false
        },
        "blocks": [
            {
                "type": "rich_text",
                "block_id": "50t3",
                "elements": [
                    {
                        "type": "rich_text_section",
                        "elements": [
                            {
                                "type": "emoji",
                                "name": "fencer"
                            }
                        ]
                    }
                ]
            }
        ]
    },
    {
        "client_msg_id": "9e96e13f-c87c-4e44-80bb-8910b3f1c560",
        "type": "message",
        "text": "Por si un dia vienen a mexico y quieren un tema : <https:\/\/es.wikipedia.org\/wiki\/Emiliano_Zapata>",
        "user": "UJUSD6VB2",
        "ts": "1599161586.274000",
        "team": "TJH5YU202",
        "user_team": "TJH5YU202",
        "source_team": "TJH5YU202",
        "user_profile": {
            "avatar_hash": "g1677a02d0b6",
            "image_72": "https:\/\/secure.gravatar.com\/avatar\/bb1677a02d0b69ba91eb245090c7c83a.jpg?s=72&d=https%3A%2F%2Fa.slack-edge.com%2Fdf10d%2Fimg%2Favatars%2Fava_0015-72.png",
            "first_name": "",
            "real_name": "Osvaldo Ramirez",
            "display_name": "Osvaldo Ramirez",
            "team": "TJH5YU202",
            "name": "ramirezosvaldo",
            "is_restricted": false,
            "is_ultra_restricted": false
        },
        "attachments": [
            {
                "image_url": "https:\/\/upload.wikimedia.org\/wikipedia\/commons\/thumb\/6\/69\/116.-_MIX-3.2.56.0001_-_Emiliano_Zapata.tif\/lossy-page1-1200px-116.-_MIX-3.2.56.0001_-_Emiliano_Zapata.tif.jpg",
                "image_width": 1200,
                "image_height": 1501,
                "image_bytes": 372469,
                "title": "Emiliano Zapata",
                "title_link": "https:\/\/es.wikipedia.org\/wiki\/Emiliano_Zapata",
                "from_url": "https:\/\/es.wikipedia.org\/wiki\/Emiliano_Zapata",
                "author_name": "Wikipedia",
                "author_link": "https:\/\/es.wikipedia.org\/",
                "text": "Emiliano Zapata Salazar (Anenecuilco, Morelos, 8 de agosto de 1879-Chinameca, Morelos, 10 de abril de 1919), conocido como Emiliano Zapata, fue uno de los líderes militares y campesinos más importantes de la Revolución mexicana y un símbolo de la resistencia campesina en México. Como parte del movimiento revolucionario, estuvo al mando del Ejército Libertador del Sur. También fue conocido como el «Caudillo del Sur». Fue ideólogo e impulsor de las luchas sociales y las demandas agraristas, así como de justicia social, libertad, igualdad, democracia social, propiedad comunal de las tierras y el respeto a las comunidades indígenas, campesinas y obreras de México, víctimas de la oligarquía y el latifundismo de los hacendados del Porfiriato. Aunque Zapata fue excluido, junto con Pancho Villa, del Congreso Constituyente de 1917, a ellos se debe el constitucionalismo social que de ahí surgió, especialmente el artículo 27.[1]​",
                "fallback": "wikipedia: Emiliano Zapata",
                "service_icon": "https:\/\/a.slack-edge.com\/80588\/img\/unfurl_icons\/wikipedia.png",
                "id": 1,
                "original_url": "https:\/\/es.wikipedia.org\/wiki\/Emiliano_Zapata"
            }
        ],
        "blocks": [
            {
                "type": "rich_text",
                "block_id": "yDP",
                "elements": [
                    {
                        "type": "rich_text_section",
                        "elements": [
                            {
                                "type": "text",
                                "text": "Por si un dia vienen a mexico y quieren un tema : "
                            },
                            {
                                "type": "link",
                                "url": "https:\/\/es.wikipedia.org\/wiki\/Emiliano_Zapata"
                            }
                        ]
                    }
                ]
            }
        ],
        "thread_ts": "1599161586.274000",
        "reply_count": 8,
        "reply_users_count": 2,
        "latest_reply": "1599200299.277500",
        "reply_users": [
            "UJULQCHL5",
            "UJUSD6VB2"
        ],
        "replies": [
            {
                "user": "UJULQCHL5",
                "ts": "1599168368.274400"
            },
            {
                "user": "UJUSD6VB2",
                "ts": "1599171865.276100"
            },
            {
                "user": "UJUSD6VB2",
                "ts": "1599175091.276300"
            },
            {
                "user": "UJUSD6VB2",
                "ts": "1599175093.276500"
            },
            {
                "user": "UJULQCHL5",
                "ts": "1599175851.276700"
            },
            {
                "user": "UJUSD6VB2",
                "ts": "1599177904.276900"
            },
            {
                "user": "UJUSD6VB2",
                "ts": "1599177973.277100"
            },
            {
                "user": "UJULQCHL5",
                "ts": "1599200299.277500"
            }
        ],
        "subscribed": false
    },
    {
        "client_msg_id": "b70f5d9e-c1c5-4b22-bc33-98dbf7fe628a",
        "type": "message",
        "text": ":+1:",
        "user": "UK28N3CER",
        "ts": "1599167578.274300",
        "team": "TJH5YU202",
        "user_team": "TJH5YU202",
        "source_team": "TJH5YU202",
        "user_profile": {
            "avatar_hash": "0eafa7153ff3",
            "image_72": "https:\/\/avatars.slack-edge.com\/2020-05-18\/1155120542496_0eafa7153ff35206c804_72.jpg",
            "first_name": "Cesar",
            "real_name": "Cesar SysCtrl Software",
            "display_name": "Cesar SysCtrl Software",
            "team": "TJH5YU202",
            "name": "sysctrlsoftware",
            "is_restricted": false,
            "is_ultra_restricted": false
        },
        "blocks": [
            {
                "type": "rich_text",
                "block_id": "5AQ",
                "elements": [
                    {
                        "type": "rich_text_section",
                        "elements": [
                            {
                                "type": "emoji",
                                "name": "+1"
                            }
                        ]
                    }
                ]
            }
        ]
    },
    {
        "client_msg_id": "c79ca6f0-5717-44fb-8ebb-5173b724732b",
        "type": "message",
        "text": "Y este señor del gran bigote. ¿ Mató a muchos ? ¿ Cuantos disparos en la nuca dió ? ¿ Asesinó en nombre del pueblo y para el pueblo y tal y tal ? ¿ Como materializó el en su vida los ideales de libertad e igualdad ? ¿ Servía o era servido ? ¿ Respetó la propiedad privada ?\n\nEs por preguntar algo porque no conozco su historia. Aunque sí conozco la de Stalin, libertador del pueblo ruso, que mató de hambre en el holodomor a un mínimo de 5 millones de agricultores ucranianos para así apoderarse de sus posesiones y tierras. Se le trae un aire a Stalin este  Emiliano",
        "user": "UJULQCHL5",
        "ts": "1599168368.274400",
        "team": "TJH5YU202",
        "user_team": "TJH5YU202",
        "source_team": "TJH5YU202",
        "user_profile": {
            "avatar_hash": "g7659142325a",
            "image_72": "https:\/\/secure.gravatar.com\/avatar\/c87659142325a3facb661d85281ec091.jpg?s=72&d=https%3A%2F%2Fa.slack-edge.com%2Fdf10d%2Fimg%2Favatars%2Fava_0003-72.png",
            "first_name": "",
            "real_name": "Paquito",
            "display_name": "Paquito",
            "team": "TJH5YU202",
            "name": "hmpaquito",
            "is_restricted": false,
            "is_ultra_restricted": false
        },
        "blocks": [
            {
                "type": "rich_text",
                "block_id": "ctA+",
                "elements": [
                    {
                        "type": "rich_text_section",
                        "elements": [
                            {
                                "type": "text",
                                "text": "Y este señor del gran bigote. ¿ Mató a muchos ? ¿ Cuantos disparos en la nuca dió ? ¿ Asesinó en nombre del pueblo y para el pueblo y tal y tal ? ¿ Como materializó el en su vida los ideales de libertad e igualdad ? ¿ Servía o era servido ? ¿ Respetó la propiedad privada ?\n\nEs por preguntar algo porque no conozco su historia. Aunque sí conozco la de Stalin, libertador del pueblo ruso, que mató de hambre en el holodomor a un mínimo de 5 millones de agricultores ucranianos para así apoderarse de sus posesiones y tierras. Se le trae un aire a Stalin este  Emiliano"
                            }
                        ]
                    }
                ]
            }
        ],
        "thread_ts": "1599161586.274000",
        "parent_user_id": "UJUSD6VB2"
    },
    {
        "client_msg_id": "8ACF1BF4-80CD-4A14-B03C-148DB9680677",
        "type": "message",
        "text": "Jajajaja mi estimado, no te prometo que te respondere, pero intentaré hacer R&amp;D.",
        "user": "UJUSD6VB2",
        "ts": "1599171865.276100",
        "team": "TJH5YU202",
        "user_team": "TJH5YU202",
        "source_team": "TJH5YU202",
        "user_profile": {
            "avatar_hash": "g1677a02d0b6",
            "image_72": "https:\/\/secure.gravatar.com\/avatar\/bb1677a02d0b69ba91eb245090c7c83a.jpg?s=72&d=https%3A%2F%2Fa.slack-edge.com%2Fdf10d%2Fimg%2Favatars%2Fava_0015-72.png",
            "first_name": "",
            "real_name": "Osvaldo Ramirez",
            "display_name": "Osvaldo Ramirez",
            "team": "TJH5YU202",
            "name": "ramirezosvaldo",
            "is_restricted": false,
            "is_ultra_restricted": false
        },
        "blocks": [
            {
                "type": "rich_text",
                "block_id": "lYe",
                "elements": [
                    {
                        "type": "rich_text_section",
                        "elements": [
                            {
                                "type": "text",
                                "text": "Jajajaja mi estimado, no te prometo que te respondere, pero intentaré hacer R&D."
                            }
                        ]
                    }
                ]
            }
        ],
        "thread_ts": "1599161586.274000",
        "parent_user_id": "UJUSD6VB2"
    },
    {
        "client_msg_id": "92e57ff5-5c80-46c5-a95b-7d09f7bc375e",
        "type": "message",
        "text": "Texto tomado de un libro:",
        "user": "UJUSD6VB2",
        "ts": "1599175091.276300",
        "team": "TJH5YU202",
        "user_team": "TJH5YU202",
        "source_team": "TJH5YU202",
        "user_profile": {
            "avatar_hash": "g1677a02d0b6",
            "image_72": "https:\/\/secure.gravatar.com\/avatar\/bb1677a02d0b69ba91eb245090c7c83a.jpg?s=72&d=https%3A%2F%2Fa.slack-edge.com%2Fdf10d%2Fimg%2Favatars%2Fava_0015-72.png",
            "first_name": "",
            "real_name": "Osvaldo Ramirez",
            "display_name": "Osvaldo Ramirez",
            "team": "TJH5YU202",
            "name": "ramirezosvaldo",
            "is_restricted": false,
            "is_ultra_restricted": false
        },
        "blocks": [
            {
                "type": "rich_text",
                "block_id": "d+b",
                "elements": [
                    {
                        "type": "rich_text_section",
                        "elements": [
                            {
                                "type": "text",
                                "text": "Texto tomado de un libro:"
                            }
                        ]
                    }
                ]
            }
        ],
        "thread_ts": "1599161586.274000",
        "parent_user_id": "UJUSD6VB2"
    },
    {
        "client_msg_id": "ed36a603-9c5a-4597-9ce7-b9203060676c",
        "type": "message",
        "text": "Durante la conversación, Raúl Herrera no tiene palabras elogiosas para Pancho Villa, pero encuentra algo positivo en su \"enaltecimiento\".\n\"Muchas personas que tienen una profunda preocupación por la pobreza, por la desigualdad social necesitan encontrar un ícono que les represente el símbolo de esa lucha y lo encuentran en Villa\".",
        "user": "UJUSD6VB2",
        "ts": "1599175093.276500",
        "team": "TJH5YU202",
        "user_team": "TJH5YU202",
        "source_team": "TJH5YU202",
        "user_profile": {
            "avatar_hash": "g1677a02d0b6",
            "image_72": "https:\/\/secure.gravatar.com\/avatar\/bb1677a02d0b69ba91eb245090c7c83a.jpg?s=72&d=https%3A%2F%2Fa.slack-edge.com%2Fdf10d%2Fimg%2Favatars%2Fava_0015-72.png",
            "first_name": "",
            "real_name": "Osvaldo Ramirez",
            "display_name": "Osvaldo Ramirez",
            "team": "TJH5YU202",
            "name": "ramirezosvaldo",
            "is_restricted": false,
            "is_ultra_restricted": false
        },
        "blocks": [
            {
                "type": "rich_text",
                "block_id": "jRwf",
                "elements": [
                    {
                        "type": "rich_text_section",
                        "elements": [
                            {
                                "type": "text",
                                "text": "Durante la conversación, Raúl Herrera no tiene palabras elogiosas para Pancho Villa, pero encuentra algo positivo en su \"enaltecimiento\".\n\"Muchas personas que tienen una profunda preocupación por la pobreza, por la desigualdad social necesitan encontrar un ícono que les represente el símbolo de esa lucha y lo encuentran en Villa\"."
                            }
                        ]
                    }
                ]
            }
        ],
        "thread_ts": "1599161586.274000",
        "parent_user_id": "UJUSD6VB2"
    },
    {
        "client_msg_id": "0ebb33e3-ab15-421f-b883-dc5e4ff07554",
        "type": "message",
        "text": "Si. Muchas personas creyeron que Pol Pot sería el libertador de Camboya y por eso lo admiraban. Resultó la cosa que un cuarto de la poblacion fue asesinada por aquellos que se autoproclamaron sus libertadores. Ya leeré ya de D. Emiliano. Conozco de la revolución cristera y cómo la masonería estableció en México uno de sus fuertes, basado en el terror y la falta de libertades",
        "user": "UJULQCHL5",
        "ts": "1599175851.276700",
        "team": "TJH5YU202",
        "user_team": "TJH5YU202",
        "source_team": "TJH5YU202",
        "user_profile": {
            "avatar_hash": "g7659142325a",
            "image_72": "https:\/\/secure.gravatar.com\/avatar\/c87659142325a3facb661d85281ec091.jpg?s=72&d=https%3A%2F%2Fa.slack-edge.com%2Fdf10d%2Fimg%2Favatars%2Fava_0003-72.png",
            "first_name": "",
            "real_name": "Paquito",
            "display_name": "Paquito",
            "team": "TJH5YU202",
            "name": "hmpaquito",
            "is_restricted": false,
            "is_ultra_restricted": false
        },
        "blocks": [
            {
                "type": "rich_text",
                "block_id": "MCW",
                "elements": [
                    {
                        "type": "rich_text_section",
                        "elements": [
                            {
                                "type": "text",
                                "text": "Si. Muchas personas creyeron que Pol Pot sería el libertador de Camboya y por eso lo admiraban. Resultó la cosa que un cuarto de la poblacion fue asesinada por aquellos que se autoproclamaron sus libertadores. Ya leeré ya de D. Emiliano. Conozco de la revolución cristera y cómo la masonería estableció en México uno de sus fuertes, basado en el terror y la falta de libertades"
                            }
                        ]
                    }
                ]
            }
        ],
        "thread_ts": "1599161586.274000",
        "parent_user_id": "UJUSD6VB2"
    },
    {
        "client_msg_id": "29e312f0-29f2-40d4-8318-2801a698322f",
        "type": "message",
        "text": "Bueno, bueno, paquito, no quiero que te enojes, solo era un tema por si venían a mexico pues supieran algo de que hablar, pero no es para tanto,",
        "user": "UJUSD6VB2",
        "ts": "1599177904.276900",
        "team": "TJH5YU202",
        "user_team": "TJH5YU202",
        "source_team": "TJH5YU202",
        "user_profile": {
            "avatar_hash": "g1677a02d0b6",
            "image_72": "https:\/\/secure.gravatar.com\/avatar\/bb1677a02d0b69ba91eb245090c7c83a.jpg?s=72&d=https%3A%2F%2Fa.slack-edge.com%2Fdf10d%2Fimg%2Favatars%2Fava_0015-72.png",
            "first_name": "",
            "real_name": "Osvaldo Ramirez",
            "display_name": "Osvaldo Ramirez",
            "team": "TJH5YU202",
            "name": "ramirezosvaldo",
            "is_restricted": false,
            "is_ultra_restricted": false
        },
        "blocks": [
            {
                "type": "rich_text",
                "block_id": "u2e0A",
                "elements": [
                    {
                        "type": "rich_text_section",
                        "elements": [
                            {
                                "type": "text",
                                "text": "Bueno, bueno, paquito, no quiero que te enojes, solo era un tema por si venían a mexico pues supieran algo de que hablar, pero no es para tanto,"
                            }
                        ]
                    }
                ]
            }
        ],
        "thread_ts": "1599161586.274000",
        "parent_user_id": "UJUSD6VB2"
    },
    {
        "client_msg_id": "b2dd8cd6-0cd9-49cf-bd02-84e896198e93",
        "type": "message",
        "text": "Mejor sigamos siendo chuperamigos, Salud!!! ( Viva Villa, Viva Zapata) son expresiones coloquiales, como decir ( Salud , brindo por los mujeres, larga vida a la Reyna )",
        "user": "UJUSD6VB2",
        "ts": "1599177973.277100",
        "team": "TJH5YU202",
        "user_team": "TJH5YU202",
        "source_team": "TJH5YU202",
        "user_profile": {
            "avatar_hash": "g1677a02d0b6",
            "image_72": "https:\/\/secure.gravatar.com\/avatar\/bb1677a02d0b69ba91eb245090c7c83a.jpg?s=72&d=https%3A%2F%2Fa.slack-edge.com%2Fdf10d%2Fimg%2Favatars%2Fava_0015-72.png",
            "first_name": "",
            "real_name": "Osvaldo Ramirez",
            "display_name": "Osvaldo Ramirez",
            "team": "TJH5YU202",
            "name": "ramirezosvaldo",
            "is_restricted": false,
            "is_ultra_restricted": false
        },
        "edited": {
            "user": "UJUSD6VB2",
            "ts": "1599178611.000000"
        },
        "blocks": [
            {
                "type": "rich_text",
                "block_id": "+9Bc",
                "elements": [
                    {
                        "type": "rich_text_section",
                        "elements": [
                            {
                                "type": "text",
                                "text": "Mejor sigamos siendo chuperamigos, Salud!!! ( Viva Villa, Viva Zapata) son expresiones coloquiales, como decir ( Salud , brindo por los mujeres, larga vida a la Reyna )"
                            }
                        ]
                    }
                ]
            }
        ],
        "thread_ts": "1599161586.274000",
        "parent_user_id": "UJUSD6VB2"
    },
    {
        "client_msg_id": "ba471a5d-b1f7-4c14-a80c-d1a01706481c",
        "type": "message",
        "text": ":heart_eyes:",
        "user": "UJULQCHL5",
        "ts": "1599200299.277500",
        "team": "TJH5YU202",
        "user_team": "TJH5YU202",
        "source_team": "TJH5YU202",
        "user_profile": {
            "avatar_hash": "g7659142325a",
            "image_72": "https:\/\/secure.gravatar.com\/avatar\/c87659142325a3facb661d85281ec091.jpg?s=72&d=https%3A%2F%2Fa.slack-edge.com%2Fdf10d%2Fimg%2Favatars%2Fava_0003-72.png",
            "first_name": "",
            "real_name": "Paquito",
            "display_name": "Paquito",
            "team": "TJH5YU202",
            "name": "hmpaquito",
            "is_restricted": false,
            "is_ultra_restricted": false
        },
        "blocks": [
            {
                "type": "rich_text",
                "block_id": "ARlU=",
                "elements": [
                    {
                        "type": "rich_text_section",
                        "elements": [
                            {
                                "type": "emoji",
                                "name": "heart_eyes"
                            }
                        ]
                    }
                ]
            }
        ],
        "thread_ts": "1599161586.274000",
        "parent_user_id": "UJUSD6VB2"
    }
]