[
    {
        "client_msg_id": "26aa1b52-82a2-4afc-ad52-7bbf268ccdb0",
        "type": "message",
        "text": "<@UK28N3CER> por mi parte, ok :slightly_smiling_face:",
        "user": "UJN8D8U3B",
        "ts": "1598468600.124900",
        "team": "TJH5YU202",
        "user_team": "TJH5YU202",
        "source_team": "TJH5YU202",
        "user_profile": {
            "avatar_hash": "g92ad2abcc45",
            "image_72": "https:\/\/secure.gravatar.com\/avatar\/8492ad2abcc45ce53969adcf8420acde.jpg?s=72&d=https%3A%2F%2Fa.slack-edge.com%2Fdf10d%2Fimg%2Favatars%2Fava_0008-72.png",
            "first_name": "",
            "real_name": "Antonio Linares",
            "display_name": "Antonio Linares",
            "team": "TJH5YU202",
            "name": "alinares",
            "is_restricted": false,
            "is_ultra_restricted": false
        },
        "blocks": [
            {
                "type": "rich_text",
                "block_id": "uyoc",
                "elements": [
                    {
                        "type": "rich_text_section",
                        "elements": [
                            {
                                "type": "user",
                                "user_id": "UK28N3CER"
                            },
                            {
                                "type": "text",
                                "text": " por mi parte, ok "
                            },
                            {
                                "type": "emoji",
                                "name": "slightly_smiling_face"
                            }
                        ]
                    }
                ]
            }
        ]
    },
    {
        "client_msg_id": "695645b5-687b-4f97-9c41-5302db7f9dbf",
        "type": "message",
        "text": "excelente <@UJN8D8U3B> ojalá puedas el viernes ..  Gracias maestro !",
        "user": "UK28N3CER",
        "ts": "1598469015.125700",
        "team": "TJH5YU202",
        "user_team": "TJH5YU202",
        "source_team": "TJH5YU202",
        "user_profile": {
            "avatar_hash": "0eafa7153ff3",
            "image_72": "https:\/\/avatars.slack-edge.com\/2020-05-18\/1155120542496_0eafa7153ff35206c804_72.jpg",
            "first_name": "Cesar",
            "real_name": "Cesar SysCtrl Software",
            "display_name": "Cesar SysCtrl Software",
            "team": "TJH5YU202",
            "name": "sysctrlsoftware",
            "is_restricted": false,
            "is_ultra_restricted": false
        },
        "blocks": [
            {
                "type": "rich_text",
                "block_id": "6cN",
                "elements": [
                    {
                        "type": "rich_text_section",
                        "elements": [
                            {
                                "type": "text",
                                "text": "excelente "
                            },
                            {
                                "type": "user",
                                "user_id": "UJN8D8U3B"
                            },
                            {
                                "type": "text",
                                "text": " ojalá puedas el viernes ..  Gracias maestro !"
                            }
                        ]
                    }
                ]
            }
        ]
    },
    {
        "client_msg_id": "79f9d2f6-1f4d-4566-9c52-c4f9e9f4aaf1",
        "type": "message",
        "text": "el viernes no voy a poder, tengo una cita ineludible, pero cualquier otro dia podemos hacer una sesión sobre OpenAI GPT3",
        "user": "UJN8D8U3B",
        "ts": "1598469143.127100",
        "team": "TJH5YU202",
        "user_team": "TJH5YU202",
        "source_team": "TJH5YU202",
        "user_profile": {
            "avatar_hash": "g92ad2abcc45",
            "image_72": "https:\/\/secure.gravatar.com\/avatar\/8492ad2abcc45ce53969adcf8420acde.jpg?s=72&d=https%3A%2F%2Fa.slack-edge.com%2Fdf10d%2Fimg%2Favatars%2Fava_0008-72.png",
            "first_name": "",
            "real_name": "Antonio Linares",
            "display_name": "Antonio Linares",
            "team": "TJH5YU202",
            "name": "alinares",
            "is_restricted": false,
            "is_ultra_restricted": false
        },
        "blocks": [
            {
                "type": "rich_text",
                "block_id": "sTpr",
                "elements": [
                    {
                        "type": "rich_text_section",
                        "elements": [
                            {
                                "type": "text",
                                "text": "el viernes no voy a poder, tengo una cita ineludible, pero cualquier otro dia podemos hacer una sesión sobre OpenAI GPT3"
                            }
                        ]
                    }
                ]
            }
        ]
    },
    {
        "client_msg_id": "ed514e79-69be-4489-b909-b456b4f09dab",
        "type": "message",
        "text": "y ver las posibilidades que ya nos ofrece la inteligencia artificial como servicio en la nube",
        "user": "UJN8D8U3B",
        "ts": "1598469174.127600",
        "team": "TJH5YU202",
        "user_team": "TJH5YU202",
        "source_team": "TJH5YU202",
        "user_profile": {
            "avatar_hash": "g92ad2abcc45",
            "image_72": "https:\/\/secure.gravatar.com\/avatar\/8492ad2abcc45ce53969adcf8420acde.jpg?s=72&d=https%3A%2F%2Fa.slack-edge.com%2Fdf10d%2Fimg%2Favatars%2Fava_0008-72.png",
            "first_name": "",
            "real_name": "Antonio Linares",
            "display_name": "Antonio Linares",
            "team": "TJH5YU202",
            "name": "alinares",
            "is_restricted": false,
            "is_ultra_restricted": false
        },
        "blocks": [
            {
                "type": "rich_text",
                "block_id": "J5co",
                "elements": [
                    {
                        "type": "rich_text_section",
                        "elements": [
                            {
                                "type": "text",
                                "text": "y ver las posibilidades que ya nos ofrece la inteligencia artificial como servicio en la nube"
                            }
                        ]
                    }
                ]
            }
        ]
    },
    {
        "client_msg_id": "84172f20-9bc6-45ce-86f4-4045bc70135b",
        "type": "message",
        "text": "muy bien Antonio  nos tienes en tus manos,  tu avisas cuando puedes",
        "user": "UK28N3CER",
        "ts": "1598476681.128100",
        "team": "TJH5YU202",
        "user_team": "TJH5YU202",
        "source_team": "TJH5YU202",
        "user_profile": {
            "avatar_hash": "0eafa7153ff3",
            "image_72": "https:\/\/avatars.slack-edge.com\/2020-05-18\/1155120542496_0eafa7153ff35206c804_72.jpg",
            "first_name": "Cesar",
            "real_name": "Cesar SysCtrl Software",
            "display_name": "Cesar SysCtrl Software",
            "team": "TJH5YU202",
            "name": "sysctrlsoftware",
            "is_restricted": false,
            "is_ultra_restricted": false
        },
        "edited": {
            "user": "UK28N3CER",
            "ts": "1598477195.000000"
        },
        "blocks": [
            {
                "type": "rich_text",
                "block_id": "+sWf",
                "elements": [
                    {
                        "type": "rich_text_section",
                        "elements": [
                            {
                                "type": "text",
                                "text": "muy bien Antonio  nos tienes en tus manos,  tu avisas cuando puedes"
                            }
                        ]
                    }
                ]
            }
        ]
    },
    {
        "client_msg_id": "52aee997-3a66-4343-9dd1-4b86ce7c8dc2",
        "type": "message",
        "text": "Que va a haber en la siguiente reunion de los viernes de los chuperamigos ?",
        "user": "UJUSD6VB2",
        "ts": "1598478250.129000",
        "team": "TJH5YU202",
        "user_team": "TJH5YU202",
        "source_team": "TJH5YU202",
        "user_profile": {
            "avatar_hash": "g1677a02d0b6",
            "image_72": "https:\/\/secure.gravatar.com\/avatar\/bb1677a02d0b69ba91eb245090c7c83a.jpg?s=72&d=https%3A%2F%2Fa.slack-edge.com%2Fdf10d%2Fimg%2Favatars%2Fava_0015-72.png",
            "first_name": "",
            "real_name": "Osvaldo Ramirez",
            "display_name": "Osvaldo Ramirez",
            "team": "TJH5YU202",
            "name": "ramirezosvaldo",
            "is_restricted": false,
            "is_ultra_restricted": false
        },
        "blocks": [
            {
                "type": "rich_text",
                "block_id": "vv+Y",
                "elements": [
                    {
                        "type": "rich_text_section",
                        "elements": [
                            {
                                "type": "text",
                                "text": "Que va a haber en la siguiente reunion de los viernes de los chuperamigos ?"
                            }
                        ]
                    }
                ]
            }
        ],
        "thread_ts": "1598478250.129000",
        "reply_count": 4,
        "reply_users_count": 2,
        "latest_reply": "1598627636.143800",
        "reply_users": [
            "UJHKRACN7",
            "UJUSD6VB2"
        ],
        "replies": [
            {
                "user": "UJHKRACN7",
                "ts": "1598561944.138500"
            },
            {
                "user": "UJUSD6VB2",
                "ts": "1598621823.142200"
            },
            {
                "user": "UJUSD6VB2",
                "ts": "1598621850.142800"
            },
            {
                "user": "UJHKRACN7",
                "ts": "1598627636.143800"
            }
        ],
        "subscribed": false
    },
    {
        "client_msg_id": "89f1defe-bba1-447a-9fc1-3bfe306d40d1",
        "type": "message",
        "text": "Vino y tostadas",
        "user": "UM81W8B0Q",
        "ts": "1598479191.129200",
        "team": "TJH5YU202",
        "user_team": "TJH5YU202",
        "source_team": "TJH5YU202",
        "user_profile": {
            "avatar_hash": "gab9279ee8c0",
            "image_72": "https:\/\/secure.gravatar.com\/avatar\/73ab9279ee8c00f66ce4904d30146c8f.jpg?s=72&d=https%3A%2F%2Fa.slack-edge.com%2Fdf10d%2Fimg%2Favatars%2Fava_0010-72.png",
            "first_name": "",
            "real_name": "Angel Pais",
            "display_name": "Angel Pais",
            "team": "TJH5YU202",
            "name": "amigosam",
            "is_restricted": false,
            "is_ultra_restricted": false
        },
        "blocks": [
            {
                "type": "rich_text",
                "block_id": "ifH2B",
                "elements": [
                    {
                        "type": "rich_text_section",
                        "elements": [
                            {
                                "type": "text",
                                "text": "Vino y tostadas"
                            }
                        ]
                    }
                ]
            }
        ]
    },
    {
        "client_msg_id": "0e2763fe-25f9-4b15-935b-eb9b28f30eac",
        "type": "message",
        "text": "las tostadas a medio hacer por supuesto...",
        "user": "UM81W8B0Q",
        "ts": "1598479292.129800",
        "team": "TJH5YU202",
        "user_team": "TJH5YU202",
        "source_team": "TJH5YU202",
        "user_profile": {
            "avatar_hash": "gab9279ee8c0",
            "image_72": "https:\/\/secure.gravatar.com\/avatar\/73ab9279ee8c00f66ce4904d30146c8f.jpg?s=72&d=https%3A%2F%2Fa.slack-edge.com%2Fdf10d%2Fimg%2Favatars%2Fava_0010-72.png",
            "first_name": "",
            "real_name": "Angel Pais",
            "display_name": "Angel Pais",
            "team": "TJH5YU202",
            "name": "amigosam",
            "is_restricted": false,
            "is_ultra_restricted": false
        },
        "blocks": [
            {
                "type": "rich_text",
                "block_id": "n1Thn",
                "elements": [
                    {
                        "type": "rich_text_section",
                        "elements": [
                            {
                                "type": "text",
                                "text": "las tostadas a medio hacer por supuesto..."
                            }
                        ]
                    }
                ]
            }
        ]
    },
    {
        "client_msg_id": "a3fc80cc-25cf-47c9-86af-a0302a4b6a87",
        "type": "message",
        "text": "Aparte de Angel, Quien mas se va a puntar con algún tema ?",
        "user": "UJUSD6VB2",
        "ts": "1598479873.130900",
        "team": "TJH5YU202",
        "user_team": "TJH5YU202",
        "source_team": "TJH5YU202",
        "user_profile": {
            "avatar_hash": "g1677a02d0b6",
            "image_72": "https:\/\/secure.gravatar.com\/avatar\/bb1677a02d0b69ba91eb245090c7c83a.jpg?s=72&d=https%3A%2F%2Fa.slack-edge.com%2Fdf10d%2Fimg%2Favatars%2Fava_0015-72.png",
            "first_name": "",
            "real_name": "Osvaldo Ramirez",
            "display_name": "Osvaldo Ramirez",
            "team": "TJH5YU202",
            "name": "ramirezosvaldo",
            "is_restricted": false,
            "is_ultra_restricted": false
        },
        "blocks": [
            {
                "type": "rich_text",
                "block_id": "sar",
                "elements": [
                    {
                        "type": "rich_text_section",
                        "elements": [
                            {
                                "type": "text",
                                "text": "Aparte de Angel, Quien mas se va a puntar con algún tema ?"
                            }
                        ]
                    }
                ]
            }
        ]
    },
    {
        "client_msg_id": "d859ab1a-1424-436b-a5f2-f66b9d8c1dd7",
        "type": "message",
        "text": "Angel se apunta con un buen Vinito, y tostadas de tentempié.",
        "user": "UJUSD6VB2",
        "ts": "1598479939.131900",
        "team": "TJH5YU202",
        "user_team": "TJH5YU202",
        "source_team": "TJH5YU202",
        "user_profile": {
            "avatar_hash": "g1677a02d0b6",
            "image_72": "https:\/\/secure.gravatar.com\/avatar\/bb1677a02d0b69ba91eb245090c7c83a.jpg?s=72&d=https%3A%2F%2Fa.slack-edge.com%2Fdf10d%2Fimg%2Favatars%2Fava_0015-72.png",
            "first_name": "",
            "real_name": "Osvaldo Ramirez",
            "display_name": "Osvaldo Ramirez",
            "team": "TJH5YU202",
            "name": "ramirezosvaldo",
            "is_restricted": false,
            "is_ultra_restricted": false
        },
        "blocks": [
            {
                "type": "rich_text",
                "block_id": "xxL",
                "elements": [
                    {
                        "type": "rich_text_section",
                        "elements": [
                            {
                                "type": "text",
                                "text": "Angel se apunta con un buen Vinito, y tostadas de tentempié."
                            }
                        ]
                    }
                ]
            }
        ]
    },
    {
        "client_msg_id": "16507b6e-e602-4432-be3a-323b65242e27",
        "type": "message",
        "text": "Ya esta listos para iniciar el chupete.",
        "user": "UJUSD6VB2",
        "ts": "1598479960.132400",
        "team": "TJH5YU202",
        "user_team": "TJH5YU202",
        "source_team": "TJH5YU202",
        "user_profile": {
            "avatar_hash": "g1677a02d0b6",
            "image_72": "https:\/\/secure.gravatar.com\/avatar\/bb1677a02d0b69ba91eb245090c7c83a.jpg?s=72&d=https%3A%2F%2Fa.slack-edge.com%2Fdf10d%2Fimg%2Favatars%2Fava_0015-72.png",
            "first_name": "",
            "real_name": "Osvaldo Ramirez",
            "display_name": "Osvaldo Ramirez",
            "team": "TJH5YU202",
            "name": "ramirezosvaldo",
            "is_restricted": false,
            "is_ultra_restricted": false
        },
        "blocks": [
            {
                "type": "rich_text",
                "block_id": "Wu9m",
                "elements": [
                    {
                        "type": "rich_text_section",
                        "elements": [
                            {
                                "type": "text",
                                "text": "Ya esta listos para iniciar el chupete."
                            }
                        ]
                    }
                ]
            }
        ],
        "reactions": [
            {
                "name": "eyes",
                "users": [
                    "UJHKRACN7"
                ],
                "count": 1
            }
        ]
    },
    {
        "client_msg_id": "53cf1002-9039-4a97-a4fa-3e25c6bd0822",
        "type": "message",
        "text": "Venga, no sean tímidos, jejeje no duerman tanto!",
        "user": "UJUSD6VB2",
        "ts": "1598479984.132800",
        "team": "TJH5YU202",
        "user_team": "TJH5YU202",
        "source_team": "TJH5YU202",
        "user_profile": {
            "avatar_hash": "g1677a02d0b6",
            "image_72": "https:\/\/secure.gravatar.com\/avatar\/bb1677a02d0b69ba91eb245090c7c83a.jpg?s=72&d=https%3A%2F%2Fa.slack-edge.com%2Fdf10d%2Fimg%2Favatars%2Fava_0015-72.png",
            "first_name": "",
            "real_name": "Osvaldo Ramirez",
            "display_name": "Osvaldo Ramirez",
            "team": "TJH5YU202",
            "name": "ramirezosvaldo",
            "is_restricted": false,
            "is_ultra_restricted": false
        },
        "blocks": [
            {
                "type": "rich_text",
                "block_id": "8LH",
                "elements": [
                    {
                        "type": "rich_text_section",
                        "elements": [
                            {
                                "type": "text",
                                "text": "Venga, no sean tímidos, jejeje no duerman tanto!"
                            }
                        ]
                    }
                ]
            }
        ]
    },
    {
        "client_msg_id": "7ec8273c-4092-45a8-8029-0e48651c6aec",
        "type": "message",
        "text": "Pablo aporta el jamón crudo",
        "user": "UM81W8B0Q",
        "ts": "1598480769.133100",
        "team": "TJH5YU202",
        "user_team": "TJH5YU202",
        "source_team": "TJH5YU202",
        "user_profile": {
            "avatar_hash": "gab9279ee8c0",
            "image_72": "https:\/\/secure.gravatar.com\/avatar\/73ab9279ee8c00f66ce4904d30146c8f.jpg?s=72&d=https%3A%2F%2Fa.slack-edge.com%2Fdf10d%2Fimg%2Favatars%2Fava_0010-72.png",
            "first_name": "",
            "real_name": "Angel Pais",
            "display_name": "Angel Pais",
            "team": "TJH5YU202",
            "name": "amigosam",
            "is_restricted": false,
            "is_ultra_restricted": false
        },
        "blocks": [
            {
                "type": "rich_text",
                "block_id": "fG\/",
                "elements": [
                    {
                        "type": "rich_text_section",
                        "elements": [
                            {
                                "type": "text",
                                "text": "Pablo aporta el jamón crudo"
                            }
                        ]
                    }
                ]
            }
        ]
    },
    {
        "client_msg_id": "2190f6e7-02c3-4c39-9cc6-51611375afa4",
        "type": "message",
        "text": "yo solo hablar de mi pasado !",
        "user": "UK28N3CER",
        "ts": "1598486066.133400",
        "team": "TJH5YU202",
        "user_team": "TJH5YU202",
        "source_team": "TJH5YU202",
        "user_profile": {
            "avatar_hash": "0eafa7153ff3",
            "image_72": "https:\/\/avatars.slack-edge.com\/2020-05-18\/1155120542496_0eafa7153ff35206c804_72.jpg",
            "first_name": "Cesar",
            "real_name": "Cesar SysCtrl Software",
            "display_name": "Cesar SysCtrl Software",
            "team": "TJH5YU202",
            "name": "sysctrlsoftware",
            "is_restricted": false,
            "is_ultra_restricted": false
        },
        "blocks": [
            {
                "type": "rich_text",
                "block_id": "bnI8",
                "elements": [
                    {
                        "type": "rich_text_section",
                        "elements": [
                            {
                                "type": "text",
                                "text": "yo solo hablar de mi pasado !"
                            }
                        ]
                    }
                ]
            }
        ]
    }
]