[
    {
        "client_msg_id": "fc6bf8ef-7672-4d6c-9d92-a25f82136b15",
        "type": "message",
        "text": "-------------------------------------------------------- IMPORTANTE -----------------------------------------------------------\nBuenas tardes. Se está preparando todo lo necesario para retomar de nuevo los encuentros con Charly, Antonio y con todas las personas que estén interesadas en compartir conocimientos. Necesitamos aún algo más de una semana. Saludos.",
        "user": "UJUJLTWMT",
        "ts": "1601837055.200400",
        "team": "TJH5YU202",
        "user_team": "TJH5YU202",
        "source_team": "TJH5YU202",
        "user_profile": {
            "avatar_hash": "a60e3b1ef2d2",
            "image_72": "https:\/\/avatars.slack-edge.com\/2019-08-20\/726246109489_a60e3b1ef2d2c141969d_72.jpg",
            "first_name": "",
            "real_name": "Cristobal",
            "display_name": "Cristobal",
            "team": "TJH5YU202",
            "name": "navarro.cristobal",
            "is_restricted": false,
            "is_ultra_restricted": false
        },
        "blocks": [
            {
                "type": "rich_text",
                "block_id": "OSmQh",
                "elements": [
                    {
                        "type": "rich_text_section",
                        "elements": [
                            {
                                "type": "text",
                                "text": "-------------------------------------------------------- IMPORTANTE -----------------------------------------------------------\nBuenas tardes. Se está preparando todo lo necesario para retomar de nuevo los encuentros con Charly, Antonio y con todas las personas que estén interesadas en compartir conocimientos. Necesitamos aún algo más de una semana. Saludos."
                            }
                        ]
                    }
                ]
            }
        ],
        "reactions": [
            {
                "name": "+1",
                "users": [
                    "UJULQCHL5",
                    "UJHD6A81H",
                    "UJXP7LS78",
                    "UMZ3LNV5Z"
                ],
                "count": 4
            },
            {
                "name": "clap",
                "users": [
                    "UK28N3CER"
                ],
                "count": 1
            }
        ]
    },
    {
        "client_msg_id": "6240D67A-EAAD-4C91-9DD3-870FA38A7824",
        "type": "message",
        "text": ":ok_hand:",
        "user": "UJH8DPY58",
        "ts": "1601839150.200600",
        "team": "TJH5YU202",
        "user_team": "TJH5YU202",
        "source_team": "TJH5YU202",
        "user_profile": {
            "avatar_hash": "g1cac88c496c",
            "image_72": "https:\/\/secure.gravatar.com\/avatar\/451cac88c496c2cec0b934a281b6eb94.jpg?s=72&d=https%3A%2F%2Fa.slack-edge.com%2Fdf10d%2Fimg%2Favatars%2Fava_0020-72.png",
            "first_name": "",
            "real_name": "Juan Pastor",
            "display_name": "",
            "team": "TJH5YU202",
            "name": "jpastor68",
            "is_restricted": false,
            "is_ultra_restricted": false
        },
        "blocks": [
            {
                "type": "rich_text",
                "block_id": "Dnv",
                "elements": [
                    {
                        "type": "rich_text_section",
                        "elements": [
                            {
                                "type": "emoji",
                                "name": "ok_hand"
                            }
                        ]
                    }
                ]
            }
        ]
    },
    {
        "client_msg_id": "b67e9abe-3141-4091-8622-7a7dc77e3e1d",
        "type": "message",
        "text": "Estimado Charly, buenos dias ,própongo un curso como el curso  pasado (claro de paga) pero de tweb, se que ya algunos de nosotros vamos encaminados. Quedo a la espera de tus comentarios.",
        "user": "UJUSD6VB2",
        "ts": "1601840553.202100",
        "team": "TJH5YU202",
        "user_team": "TJH5YU202",
        "source_team": "TJH5YU202",
        "user_profile": {
            "avatar_hash": "g1677a02d0b6",
            "image_72": "https:\/\/secure.gravatar.com\/avatar\/bb1677a02d0b69ba91eb245090c7c83a.jpg?s=72&d=https%3A%2F%2Fa.slack-edge.com%2Fdf10d%2Fimg%2Favatars%2Fava_0015-72.png",
            "first_name": "",
            "real_name": "Osvaldo Ramirez",
            "display_name": "Osvaldo Ramirez",
            "team": "TJH5YU202",
            "name": "ramirezosvaldo",
            "is_restricted": false,
            "is_ultra_restricted": false
        },
        "blocks": [
            {
                "type": "rich_text",
                "block_id": "n=Uy",
                "elements": [
                    {
                        "type": "rich_text_section",
                        "elements": [
                            {
                                "type": "text",
                                "text": "Estimado Charly, buenos dias ,própongo un curso como el curso  pasado (claro de paga) pero de tweb, se que ya algunos de nosotros vamos encaminados. Quedo a la espera de tus comentarios."
                            }
                        ]
                    }
                ]
            }
        ]
    },
    {
        "client_msg_id": "9d783f62-ba44-4514-b093-4a87c50a5cdc",
        "type": "message",
        "text": "Un curso de los que está previsto es precisamente de TWeb",
        "user": "UJUJLTWMT",
        "ts": "1601842243.202500",
        "team": "TJH5YU202",
        "user_team": "TJH5YU202",
        "source_team": "TJH5YU202",
        "user_profile": {
            "avatar_hash": "a60e3b1ef2d2",
            "image_72": "https:\/\/avatars.slack-edge.com\/2019-08-20\/726246109489_a60e3b1ef2d2c141969d_72.jpg",
            "first_name": "",
            "real_name": "Cristobal",
            "display_name": "Cristobal",
            "team": "TJH5YU202",
            "name": "navarro.cristobal",
            "is_restricted": false,
            "is_ultra_restricted": false
        },
        "blocks": [
            {
                "type": "rich_text",
                "block_id": "BuIC",
                "elements": [
                    {
                        "type": "rich_text_section",
                        "elements": [
                            {
                                "type": "text",
                                "text": "Un curso de los que está previsto es precisamente de TWeb"
                            }
                        ]
                    }
                ]
            }
        ]
    },
    {
        "client_msg_id": "58976fec-2dbe-4a2b-ae8a-58f376d4b48e",
        "type": "message",
        "text": "Dear Cristobal, can you help me on this, please:",
        "user": "UJHD6A81H",
        "ts": "1601844636.203000",
        "team": "TJH5YU202",
        "user_team": "TJH5YU202",
        "source_team": "TJH5YU202",
        "user_profile": {
            "avatar_hash": "g6b8073e00e9",
            "image_72": "https:\/\/secure.gravatar.com\/avatar\/b96b8073e00e9eb02bcf05bc1418eb3a.jpg?s=72&d=https%3A%2F%2Fa.slack-edge.com%2Fdf10d%2Fimg%2Favatars%2Fava_0021-72.png",
            "first_name": "Otto",
            "real_name": "Otto Atzwanger",
            "display_name": "Otto",
            "team": "TJH5YU202",
            "name": "otto",
            "is_restricted": false,
            "is_ultra_restricted": false
        },
        "blocks": [
            {
                "type": "rich_text",
                "block_id": "q\/Mp",
                "elements": [
                    {
                        "type": "rich_text_section",
                        "elements": [
                            {
                                "type": "text",
                                "text": "Dear Cristobal, can you help me on this, please:"
                            }
                        ]
                    }
                ]
            }
        ]
    },
    {
        "client_msg_id": "14f91ece-38c3-4ff2-86be-dce4844e2c21",
        "type": "message",
        "text": "`var i;`\n        `var nlength=18;`\n        `var cmyDialogImg;`\n        `var ctest;`\n        `for (i = 1; i &lt; nlength; i++) {`\n            `ctest='test'+ i.toString()`\n            `cmyDialogImg = 'myDialogImg'+ i.toString();`\n            `$('#cmyDialogImg').dialog( {  width: 300,height:480, position: { my: 'top',  at: 'left',of: $('#ctest') }});`\n`            `\n        `}`",
        "user": "UJHD6A81H",
        "ts": "1601844654.203300",
        "team": "TJH5YU202",
        "user_team": "TJH5YU202",
        "source_team": "TJH5YU202",
        "user_profile": {
            "avatar_hash": "g6b8073e00e9",
            "image_72": "https:\/\/secure.gravatar.com\/avatar\/b96b8073e00e9eb02bcf05bc1418eb3a.jpg?s=72&d=https%3A%2F%2Fa.slack-edge.com%2Fdf10d%2Fimg%2Favatars%2Fava_0021-72.png",
            "first_name": "Otto",
            "real_name": "Otto Atzwanger",
            "display_name": "Otto",
            "team": "TJH5YU202",
            "name": "otto",
            "is_restricted": false,
            "is_ultra_restricted": false
        },
        "blocks": [
            {
                "type": "rich_text",
                "block_id": "Re6",
                "elements": [
                    {
                        "type": "rich_text_section",
                        "elements": [
                            {
                                "type": "text",
                                "text": "var i;",
                                "style": {
                                    "code": true
                                }
                            },
                            {
                                "type": "text",
                                "text": "\n"
                            },
                            {
                                "type": "text",
                                "text": "        var nlength=18;",
                                "style": {
                                    "code": true
                                }
                            },
                            {
                                "type": "text",
                                "text": "\n"
                            },
                            {
                                "type": "text",
                                "text": "        var cmyDialogImg;",
                                "style": {
                                    "code": true
                                }
                            },
                            {
                                "type": "text",
                                "text": "\n"
                            },
                            {
                                "type": "text",
                                "text": "        var ctest;",
                                "style": {
                                    "code": true
                                }
                            },
                            {
                                "type": "text",
                                "text": "\n"
                            },
                            {
                                "type": "text",
                                "text": "        for (i = 1; i < nlength; i++) {",
                                "style": {
                                    "code": true
                                }
                            },
                            {
                                "type": "text",
                                "text": "\n"
                            },
                            {
                                "type": "text",
                                "text": "            ctest='test'+ i.toString()",
                                "style": {
                                    "code": true
                                }
                            },
                            {
                                "type": "text",
                                "text": "\n"
                            },
                            {
                                "type": "text",
                                "text": "            cmyDialogImg = 'myDialogImg'+ i.toString();",
                                "style": {
                                    "code": true
                                }
                            },
                            {
                                "type": "text",
                                "text": "\n"
                            },
                            {
                                "type": "text",
                                "text": "            $('#cmyDialogImg').dialog( {  width: 300,height:480, position: { my: 'top',  at: 'left',of: $('#ctest') }});",
                                "style": {
                                    "code": true
                                }
                            },
                            {
                                "type": "text",
                                "text": "\n"
                            },
                            {
                                "type": "text",
                                "text": "            ",
                                "style": {
                                    "code": true
                                }
                            },
                            {
                                "type": "text",
                                "text": "\n"
                            },
                            {
                                "type": "text",
                                "text": "        }",
                                "style": {
                                    "code": true
                                }
                            }
                        ]
                    }
                ]
            }
        ]
    },
    {
        "client_msg_id": "36820525-3103-474a-ba2a-8482d12b4a8a",
        "type": "message",
        "text": "I think I need something like detached variables - but how can this be done in javascript?",
        "user": "UJHD6A81H",
        "ts": "1601844734.204900",
        "team": "TJH5YU202",
        "user_team": "TJH5YU202",
        "source_team": "TJH5YU202",
        "user_profile": {
            "avatar_hash": "g6b8073e00e9",
            "image_72": "https:\/\/secure.gravatar.com\/avatar\/b96b8073e00e9eb02bcf05bc1418eb3a.jpg?s=72&d=https%3A%2F%2Fa.slack-edge.com%2Fdf10d%2Fimg%2Favatars%2Fava_0021-72.png",
            "first_name": "Otto",
            "real_name": "Otto Atzwanger",
            "display_name": "Otto",
            "team": "TJH5YU202",
            "name": "otto",
            "is_restricted": false,
            "is_ultra_restricted": false
        },
        "blocks": [
            {
                "type": "rich_text",
                "block_id": "gq2",
                "elements": [
                    {
                        "type": "rich_text_section",
                        "elements": [
                            {
                                "type": "text",
                                "text": "I think I need something like detached variables - but how can this be done in javascript?"
                            }
                        ]
                    }
                ]
            }
        ]
    },
    {
        "client_msg_id": "aab0776f-bf51-4d76-99b2-b62c0b0ad5d2",
        "type": "message",
        "text": "Excelente noticia Cristobal!",
        "user": "UJRQZMTAM",
        "ts": "1601847271.205400",
        "team": "TJH5YU202",
        "user_team": "TJH5YU202",
        "source_team": "TJH5YU202",
        "user_profile": {
            "avatar_hash": "0d8c567df084",
            "image_72": "https:\/\/avatars.slack-edge.com\/2019-11-22\/834908722243_0d8c567df084bf59d639_72.png",
            "first_name": "Diego",
            "real_name": "Diego F",
            "display_name": "Diego F",
            "team": "TJH5YU202",
            "name": "diegohfazio",
            "is_restricted": false,
            "is_ultra_restricted": false
        },
        "blocks": [
            {
                "type": "rich_text",
                "block_id": "xHl",
                "elements": [
                    {
                        "type": "rich_text_section",
                        "elements": [
                            {
                                "type": "text",
                                "text": "Excelente noticia Cristobal!"
                            }
                        ]
                    }
                ]
            }
        ],
        "reactions": [
            {
                "name": "scream",
                "users": [
                    "UJULQCHL5"
                ],
                "count": 1
            }
        ]
    },
    {
        "client_msg_id": "3a7a5293-7fca-4285-82be-eb1dd3efb6a6",
        "type": "message",
        "text": "Gracias Jefe por traernos tan buenas noticias !!",
        "user": "UJXP7LS78",
        "ts": "1601850323.205800",
        "team": "TJH5YU202",
        "user_team": "TJH5YU202",
        "source_team": "TJH5YU202",
        "user_profile": {
            "avatar_hash": "gc4a0baebb72",
            "image_72": "https:\/\/secure.gravatar.com\/avatar\/a1c4a0baebb720b97e5a197259dbf409.jpg?s=72&d=https%3A%2F%2Fa.slack-edge.com%2Fdf10d%2Fimg%2Favatars%2Fava_0007-72.png",
            "first_name": "",
            "real_name": "wilson gamboa",
            "display_name": "wilson gamboa",
            "team": "TJH5YU202",
            "name": "wilson.josenet",
            "is_restricted": false,
            "is_ultra_restricted": false
        },
        "blocks": [
            {
                "type": "rich_text",
                "block_id": "+7r=",
                "elements": [
                    {
                        "type": "rich_text_section",
                        "elements": [
                            {
                                "type": "text",
                                "text": "Gracias Jefe por traernos tan buenas noticias !!"
                            }
                        ]
                    }
                ]
            }
        ]
    },
    {
        "client_msg_id": "7c0cbd6c-56c3-4da8-b13a-f4a7dee93bf0",
        "type": "message",
        "text": "Que bueno que terminaron sus meses sabáticos. La comunidad los esperará como siempre.",
        "user": "UM81W8B0Q",
        "ts": "1601850384.206500",
        "team": "TJH5YU202",
        "user_team": "TJH5YU202",
        "source_team": "TJH5YU202",
        "user_profile": {
            "avatar_hash": "gab9279ee8c0",
            "image_72": "https:\/\/secure.gravatar.com\/avatar\/73ab9279ee8c00f66ce4904d30146c8f.jpg?s=72&d=https%3A%2F%2Fa.slack-edge.com%2Fdf10d%2Fimg%2Favatars%2Fava_0010-72.png",
            "first_name": "",
            "real_name": "Angel Pais",
            "display_name": "Angel Pais",
            "team": "TJH5YU202",
            "name": "amigosam",
            "is_restricted": false,
            "is_ultra_restricted": false
        },
        "blocks": [
            {
                "type": "rich_text",
                "block_id": "ZUY",
                "elements": [
                    {
                        "type": "rich_text_section",
                        "elements": [
                            {
                                "type": "text",
                                "text": "Que bueno que terminaron sus meses sabáticos. La comunidad los esperará como siempre."
                            }
                        ]
                    }
                ]
            }
        ],
        "reactions": [
            {
                "name": "scream",
                "users": [
                    "UJULQCHL5"
                ],
                "count": 1
            }
        ]
    },
    {
        "client_msg_id": "9b46adbf-0c57-48b5-a634-c34636cba3e9",
        "type": "message",
        "text": "Dear <@UJHD6A81H>, detached variables?, not, I think I think that in javascript it is not the problem.\nThe problem will be that the variables are not declared.\nYou need something like this:\n```var 'myDialogImg'+ i.toString();```",
        "user": "UJUJLTWMT",
        "ts": "1601853894.207800",
        "team": "TJH5YU202",
        "user_team": "TJH5YU202",
        "source_team": "TJH5YU202",
        "user_profile": {
            "avatar_hash": "a60e3b1ef2d2",
            "image_72": "https:\/\/avatars.slack-edge.com\/2019-08-20\/726246109489_a60e3b1ef2d2c141969d_72.jpg",
            "first_name": "",
            "real_name": "Cristobal",
            "display_name": "Cristobal",
            "team": "TJH5YU202",
            "name": "navarro.cristobal",
            "is_restricted": false,
            "is_ultra_restricted": false
        },
        "blocks": [
            {
                "type": "rich_text",
                "block_id": "wrZdf",
                "elements": [
                    {
                        "type": "rich_text_section",
                        "elements": [
                            {
                                "type": "text",
                                "text": "Dear "
                            },
                            {
                                "type": "user",
                                "user_id": "UJHD6A81H"
                            },
                            {
                                "type": "text",
                                "text": ", detached variables?, not, I think I think that in javascript it is not the problem.\nThe problem will be that the variables are not declared.\nYou need something like this:\n"
                            }
                        ]
                    },
                    {
                        "type": "rich_text_preformatted",
                        "elements": [
                            {
                                "type": "text",
                                "text": "var 'myDialogImg'+ i.toString();"
                            }
                        ]
                    }
                ]
            }
        ]
    },
    {
        "client_msg_id": "795e444a-c0a7-412c-bd05-11b67363e945",
        "type": "message",
        "text": "I think I have something done on this topic. I will look for it and if I find it I will send it to you. But I advise you to form the function text (as a string) in harbour and send it to the page code.",
        "user": "UJUJLTWMT",
        "ts": "1601853982.208100",
        "team": "TJH5YU202",
        "user_team": "TJH5YU202",
        "source_team": "TJH5YU202",
        "user_profile": {
            "avatar_hash": "a60e3b1ef2d2",
            "image_72": "https:\/\/avatars.slack-edge.com\/2019-08-20\/726246109489_a60e3b1ef2d2c141969d_72.jpg",
            "first_name": "",
            "real_name": "Cristobal",
            "display_name": "Cristobal",
            "team": "TJH5YU202",
            "name": "navarro.cristobal",
            "is_restricted": false,
            "is_ultra_restricted": false
        },
        "blocks": [
            {
                "type": "rich_text",
                "block_id": "MAt7",
                "elements": [
                    {
                        "type": "rich_text_section",
                        "elements": [
                            {
                                "type": "text",
                                "text": "I think I have something done on this topic. I will look for it and if I find it I will send it to you. But I advise you to form the function text (as a string) in harbour and send it to the page code."
                            }
                        ]
                    }
                ]
            }
        ]
    },
    {
        "client_msg_id": "88d9d134-2a96-499a-a7e4-a48e76a58c36",
        "type": "message",
        "text": "Dear Cristobal, thank you I will try like you suggest with an array from harbour.",
        "user": "UJHD6A81H",
        "ts": "1601880042.209400",
        "team": "TJH5YU202",
        "user_team": "TJH5YU202",
        "source_team": "TJH5YU202",
        "user_profile": {
            "avatar_hash": "g6b8073e00e9",
            "image_72": "https:\/\/secure.gravatar.com\/avatar\/b96b8073e00e9eb02bcf05bc1418eb3a.jpg?s=72&d=https%3A%2F%2Fa.slack-edge.com%2Fdf10d%2Fimg%2Favatars%2Fava_0021-72.png",
            "first_name": "Otto",
            "real_name": "Otto Atzwanger",
            "display_name": "Otto",
            "team": "TJH5YU202",
            "name": "otto",
            "is_restricted": false,
            "is_ultra_restricted": false
        },
        "blocks": [
            {
                "type": "rich_text",
                "block_id": "5K\/5u",
                "elements": [
                    {
                        "type": "rich_text_section",
                        "elements": [
                            {
                                "type": "text",
                                "text": "Dear Cristobal, thank you I will try like you suggest with an array from harbour."
                            }
                        ]
                    }
                ]
            }
        ]
    }
]