[
    {
        "client_msg_id": "bbc56463-c2d8-45a7-a1ed-4b045d1a8ba0",
        "type": "message",
        "text": "GENESIS\nHola,\n¿Cuál es la mejor forma de extender el inicio de sesión?\n\nEn lugar de ir siempre a la default.view, solo me gustaría ir a la página que he seleccionado.\n\nPensé que tal vez usaría un hidden field .\n\nAllí lo haría entonces\nhPairs locales: = AP_PostPairs ()\nhPairs\n\nen vez de\n AP_RPuts( View( \"default\" ) )\na entregar.\n¿Es esa la mejor forma?",
        "user": "UJHD6A81H",
        "ts": "1598603851.141100",
        "team": "TJH5YU202",
        "user_team": "TJH5YU202",
        "source_team": "TJH5YU202",
        "user_profile": {
            "avatar_hash": "g6b8073e00e9",
            "image_72": "https:\/\/secure.gravatar.com\/avatar\/b96b8073e00e9eb02bcf05bc1418eb3a.jpg?s=72&d=https%3A%2F%2Fa.slack-edge.com%2Fdf10d%2Fimg%2Favatars%2Fava_0021-72.png",
            "first_name": "Otto",
            "real_name": "Otto Atzwanger",
            "display_name": "Otto",
            "team": "TJH5YU202",
            "name": "otto",
            "is_restricted": false,
            "is_ultra_restricted": false
        },
        "blocks": [
            {
                "type": "rich_text",
                "block_id": "J+2b",
                "elements": [
                    {
                        "type": "rich_text_section",
                        "elements": [
                            {
                                "type": "text",
                                "text": "GENESIS\nHola,\n¿Cuál es la mejor forma de extender el inicio de sesión?\n\nEn lugar de ir siempre a la default.view, solo me gustaría ir a la página que he seleccionado.\n\nPensé que tal vez usaría un hidden field .\n\nAllí lo haría entonces\nhPairs locales: = AP_PostPairs ()\nhPairs\n\nen vez de\n AP_RPuts( View( \"default\" ) )\na entregar.\n¿Es esa la mejor forma?"
                            }
                        ]
                    }
                ]
            }
        ]
    },
    {
        "client_msg_id": "6dfe668b-8ed9-4d74-af0e-761bf1f34135",
        "type": "message",
        "text": "son todos trabajadores portuarios ya en el fin de semana. ¿No podemos borrar el cargo?",
        "user": "UJHD6A81H",
        "ts": "1598609519.141800",
        "team": "TJH5YU202",
        "user_team": "TJH5YU202",
        "source_team": "TJH5YU202",
        "user_profile": {
            "avatar_hash": "g6b8073e00e9",
            "image_72": "https:\/\/secure.gravatar.com\/avatar\/b96b8073e00e9eb02bcf05bc1418eb3a.jpg?s=72&d=https%3A%2F%2Fa.slack-edge.com%2Fdf10d%2Fimg%2Favatars%2Fava_0021-72.png",
            "first_name": "Otto",
            "real_name": "Otto Atzwanger",
            "display_name": "Otto",
            "team": "TJH5YU202",
            "name": "otto",
            "is_restricted": false,
            "is_ultra_restricted": false
        },
        "blocks": [
            {
                "type": "rich_text",
                "block_id": "Jp0",
                "elements": [
                    {
                        "type": "rich_text_section",
                        "elements": [
                            {
                                "type": "text",
                                "text": "son todos trabajadores portuarios ya en el fin de semana. ¿No podemos borrar el cargo?"
                            }
                        ]
                    }
                ]
            }
        ]
    },
    {
        "client_msg_id": "6D864C37-B786-43A2-B0CD-F204B92C3B88",
        "type": "message",
        "text": "Tienes tu id skype?",
        "user": "UJUSD6VB2",
        "ts": "1598621823.142200",
        "team": "TJH5YU202",
        "user_team": "TJH5YU202",
        "source_team": "TJH5YU202",
        "user_profile": {
            "avatar_hash": "g1677a02d0b6",
            "image_72": "https:\/\/secure.gravatar.com\/avatar\/bb1677a02d0b69ba91eb245090c7c83a.jpg?s=72&d=https%3A%2F%2Fa.slack-edge.com%2Fdf10d%2Fimg%2Favatars%2Fava_0015-72.png",
            "first_name": "",
            "real_name": "Osvaldo Ramirez",
            "display_name": "Osvaldo Ramirez",
            "team": "TJH5YU202",
            "name": "ramirezosvaldo",
            "is_restricted": false,
            "is_ultra_restricted": false
        },
        "blocks": [
            {
                "type": "rich_text",
                "block_id": "oI+lz",
                "elements": [
                    {
                        "type": "rich_text_section",
                        "elements": [
                            {
                                "type": "text",
                                "text": "Tienes tu id skype?"
                            }
                        ]
                    }
                ]
            }
        ],
        "thread_ts": "1598478250.129000",
        "parent_user_id": "UJUSD6VB2"
    },
    {
        "client_msg_id": "CBD6C72E-A4B1-45B5-AE25-D809F59849AE",
        "type": "message",
        "text": "Charly puede agregarte ",
        "user": "UJUSD6VB2",
        "ts": "1598621850.142800",
        "team": "TJH5YU202",
        "user_team": "TJH5YU202",
        "source_team": "TJH5YU202",
        "user_profile": {
            "avatar_hash": "g1677a02d0b6",
            "image_72": "https:\/\/secure.gravatar.com\/avatar\/bb1677a02d0b69ba91eb245090c7c83a.jpg?s=72&d=https%3A%2F%2Fa.slack-edge.com%2Fdf10d%2Fimg%2Favatars%2Fava_0015-72.png",
            "first_name": "",
            "real_name": "Osvaldo Ramirez",
            "display_name": "Osvaldo Ramirez",
            "team": "TJH5YU202",
            "name": "ramirezosvaldo",
            "is_restricted": false,
            "is_ultra_restricted": false
        },
        "blocks": [
            {
                "type": "rich_text",
                "block_id": "2xF1",
                "elements": [
                    {
                        "type": "rich_text_section",
                        "elements": [
                            {
                                "type": "text",
                                "text": "Charly puede agregarte "
                            }
                        ]
                    }
                ]
            }
        ],
        "thread_ts": "1598478250.129000",
        "parent_user_id": "UJUSD6VB2"
    },
    {
        "client_msg_id": "ff6f00ba-eef8-455a-8ec1-ca8e7c25e975",
        "type": "message",
        "text": "buenos dias harbourianos !",
        "user": "UK28N3CER",
        "ts": "1598622798.143400",
        "team": "TJH5YU202",
        "user_team": "TJH5YU202",
        "source_team": "TJH5YU202",
        "user_profile": {
            "avatar_hash": "0eafa7153ff3",
            "image_72": "https:\/\/avatars.slack-edge.com\/2020-05-18\/1155120542496_0eafa7153ff35206c804_72.jpg",
            "first_name": "Cesar",
            "real_name": "Cesar SysCtrl Software",
            "display_name": "Cesar SysCtrl Software",
            "team": "TJH5YU202",
            "name": "sysctrlsoftware",
            "is_restricted": false,
            "is_ultra_restricted": false
        },
        "blocks": [
            {
                "type": "rich_text",
                "block_id": "4MQjG",
                "elements": [
                    {
                        "type": "rich_text_section",
                        "elements": [
                            {
                                "type": "text",
                                "text": "buenos dias harbourianos !"
                            }
                        ]
                    }
                ]
            }
        ]
    },
    {
        "client_msg_id": "1667ecaf-c0e3-40ff-a160-1026c4117af3",
        "type": "message",
        "text": ":boom::sunny:",
        "user": "UK28N3CER",
        "ts": "1598622817.143700",
        "team": "TJH5YU202",
        "user_team": "TJH5YU202",
        "source_team": "TJH5YU202",
        "user_profile": {
            "avatar_hash": "0eafa7153ff3",
            "image_72": "https:\/\/avatars.slack-edge.com\/2020-05-18\/1155120542496_0eafa7153ff35206c804_72.jpg",
            "first_name": "Cesar",
            "real_name": "Cesar SysCtrl Software",
            "display_name": "Cesar SysCtrl Software",
            "team": "TJH5YU202",
            "name": "sysctrlsoftware",
            "is_restricted": false,
            "is_ultra_restricted": false
        },
        "blocks": [
            {
                "type": "rich_text",
                "block_id": "Ked",
                "elements": [
                    {
                        "type": "rich_text_section",
                        "elements": [
                            {
                                "type": "emoji",
                                "name": "boom"
                            },
                            {
                                "type": "emoji",
                                "name": "sunny"
                            }
                        ]
                    }
                ]
            }
        ]
    },
    {
        "client_msg_id": "803212d7-ae61-4df1-b69d-7a2cb5c767fa",
        "type": "message",
        "text": "mi usuario skype es ralph.delcastillo",
        "user": "UJHKRACN7",
        "ts": "1598627636.143800",
        "team": "TJH5YU202",
        "user_team": "TJH5YU202",
        "source_team": "TJH5YU202",
        "user_profile": {
            "avatar_hash": "g6087e0bdbd8",
            "image_72": "https:\/\/secure.gravatar.com\/avatar\/786087e0bdbd8bbc28f97688006ef72b.jpg?s=72&d=https%3A%2F%2Fa.slack-edge.com%2Fdf10d%2Fimg%2Favatars%2Fava_0000-72.png",
            "first_name": "",
            "real_name": "Ralph del Castillo",
            "display_name": "Ralph del Castillo",
            "team": "TJH5YU202",
            "name": "rdelcastillo",
            "is_restricted": false,
            "is_ultra_restricted": false
        },
        "blocks": [
            {
                "type": "rich_text",
                "block_id": "h+bDh",
                "elements": [
                    {
                        "type": "rich_text_section",
                        "elements": [
                            {
                                "type": "text",
                                "text": "mi usuario skype es ralph.delcastillo"
                            }
                        ]
                    }
                ]
            }
        ],
        "thread_ts": "1598478250.129000",
        "parent_user_id": "UJUSD6VB2"
    },
    {
        "client_msg_id": "f61ef9fc-9d3e-43e4-9853-29346bb78e68",
        "type": "message",
        "text": "El dia de hoy, se hizo la pregunta de manejar indices en MongoDB, asi que pongo un link, esperando que ayude.",
        "user": "UJUSD6VB2",
        "ts": "1598639182.144600",
        "team": "TJH5YU202",
        "user_team": "TJH5YU202",
        "source_team": "TJH5YU202",
        "user_profile": {
            "avatar_hash": "g1677a02d0b6",
            "image_72": "https:\/\/secure.gravatar.com\/avatar\/bb1677a02d0b69ba91eb245090c7c83a.jpg?s=72&d=https%3A%2F%2Fa.slack-edge.com%2Fdf10d%2Fimg%2Favatars%2Fava_0015-72.png",
            "first_name": "",
            "real_name": "Osvaldo Ramirez",
            "display_name": "Osvaldo Ramirez",
            "team": "TJH5YU202",
            "name": "ramirezosvaldo",
            "is_restricted": false,
            "is_ultra_restricted": false
        },
        "blocks": [
            {
                "type": "rich_text",
                "block_id": "9AA",
                "elements": [
                    {
                        "type": "rich_text_section",
                        "elements": [
                            {
                                "type": "text",
                                "text": "El dia de hoy, se hizo la pregunta de manejar indices en MongoDB, asi que pongo un link, esperando que ayude."
                            }
                        ]
                    }
                ]
            }
        ]
    },
    {
        "client_msg_id": "73c6144c-d7f1-4ac0-b892-b4a98e720f6c",
        "type": "message",
        "text": "<https:\/\/www.genbeta.com\/desarrollo\/mongodb-creacion-y-utilizacion-de-indices>",
        "user": "UJUSD6VB2",
        "ts": "1598639184.144800",
        "team": "TJH5YU202",
        "user_team": "TJH5YU202",
        "source_team": "TJH5YU202",
        "user_profile": {
            "avatar_hash": "g1677a02d0b6",
            "image_72": "https:\/\/secure.gravatar.com\/avatar\/bb1677a02d0b69ba91eb245090c7c83a.jpg?s=72&d=https%3A%2F%2Fa.slack-edge.com%2Fdf10d%2Fimg%2Favatars%2Fava_0015-72.png",
            "first_name": "",
            "real_name": "Osvaldo Ramirez",
            "display_name": "Osvaldo Ramirez",
            "team": "TJH5YU202",
            "name": "ramirezosvaldo",
            "is_restricted": false,
            "is_ultra_restricted": false
        },
        "attachments": [
            {
                "title": "MongoDB: creación y utilización de índices",
                "title_link": "https:\/\/www.genbeta.com\/desarrollo\/mongodb-creacion-y-utilizacion-de-indices",
                "text": "Artículo dónde se explican los tipos de índices de MongoDB, como podemos crearlos y como pueden mejorar el rendimiento de las consultas",
                "fallback": "MongoDB: creación y utilización de índices",
                "ts": 1402898472,
                "from_url": "https:\/\/www.genbeta.com\/desarrollo\/mongodb-creacion-y-utilizacion-de-indices",
                "service_icon": "https:\/\/img.weblogssl.com\/css\/genbeta\/p\/common\/apple-touch-icon.png",
                "service_name": "Genbeta",
                "id": 1,
                "original_url": "https:\/\/www.genbeta.com\/desarrollo\/mongodb-creacion-y-utilizacion-de-indices"
            }
        ],
        "blocks": [
            {
                "type": "rich_text",
                "block_id": "Pv6R",
                "elements": [
                    {
                        "type": "rich_text_section",
                        "elements": [
                            {
                                "type": "link",
                                "url": "https:\/\/www.genbeta.com\/desarrollo\/mongodb-creacion-y-utilizacion-de-indices"
                            }
                        ]
                    }
                ]
            }
        ]
    }
]