[
    {
        "client_msg_id": "7e901dcb-a1bd-4b51-85a1-4be462ce06cf",
        "type": "message",
        "text": "Las líneas del browse deberían ser más suaves...",
        "user": "UJULQCHL5",
        "ts": "1601018695.049200",
        "team": "TJH5YU202",
        "user_team": "TJH5YU202",
        "source_team": "TJH5YU202",
        "user_profile": {
            "avatar_hash": "g7659142325a",
            "image_72": "https:\/\/secure.gravatar.com\/avatar\/c87659142325a3facb661d85281ec091.jpg?s=72&d=https%3A%2F%2Fa.slack-edge.com%2Fdf10d%2Fimg%2Favatars%2Fava_0003-72.png",
            "first_name": "",
            "real_name": "Paquito",
            "display_name": "Paquito",
            "team": "TJH5YU202",
            "name": "hmpaquito",
            "is_restricted": false,
            "is_ultra_restricted": false
        },
        "blocks": [
            {
                "type": "rich_text",
                "block_id": "Cc\/e",
                "elements": [
                    {
                        "type": "rich_text_section",
                        "elements": [
                            {
                                "type": "text",
                                "text": "Las líneas del browse deberían ser más suaves..."
                            }
                        ]
                    }
                ]
            }
        ]
    },
    {
        "client_msg_id": "8a720f6f-4dd7-4f8c-b17e-bfabdc6fd86e",
        "type": "message",
        "text": "<@UJULQCHL5> Lo que ves aquí es otro LISTBOX.\nActualmente estoy cambiando a xBrowse.",
        "user": "UJHD6A81H",
        "ts": "1601023278.049500",
        "team": "TJH5YU202",
        "user_team": "TJH5YU202",
        "source_team": "TJH5YU202",
        "user_profile": {
            "avatar_hash": "g6b8073e00e9",
            "image_72": "https:\/\/secure.gravatar.com\/avatar\/b96b8073e00e9eb02bcf05bc1418eb3a.jpg?s=72&d=https%3A%2F%2Fa.slack-edge.com%2Fdf10d%2Fimg%2Favatars%2Fava_0021-72.png",
            "first_name": "Otto",
            "real_name": "Otto Atzwanger",
            "display_name": "Otto",
            "team": "TJH5YU202",
            "name": "otto",
            "is_restricted": false,
            "is_ultra_restricted": false
        },
        "blocks": [
            {
                "type": "rich_text",
                "block_id": "CopW",
                "elements": [
                    {
                        "type": "rich_text_section",
                        "elements": [
                            {
                                "type": "user",
                                "user_id": "UJULQCHL5"
                            },
                            {
                                "type": "text",
                                "text": " Lo que ves aquí es otro LISTBOX.\nActualmente estoy cambiando a xBrowse."
                            }
                        ]
                    }
                ]
            }
        ]
    },
    {
        "client_msg_id": "797a7c6a-1785-45c5-934d-473b9e4754dc",
        "type": "message",
        "text": ":+1: :slightly_smiling_face:",
        "user": "UJULQCHL5",
        "ts": "1601024099.049600",
        "team": "TJH5YU202",
        "user_team": "TJH5YU202",
        "source_team": "TJH5YU202",
        "user_profile": {
            "avatar_hash": "g7659142325a",
            "image_72": "https:\/\/secure.gravatar.com\/avatar\/c87659142325a3facb661d85281ec091.jpg?s=72&d=https%3A%2F%2Fa.slack-edge.com%2Fdf10d%2Fimg%2Favatars%2Fava_0003-72.png",
            "first_name": "",
            "real_name": "Paquito",
            "display_name": "Paquito",
            "team": "TJH5YU202",
            "name": "hmpaquito",
            "is_restricted": false,
            "is_ultra_restricted": false
        },
        "blocks": [
            {
                "type": "rich_text",
                "block_id": "f0c",
                "elements": [
                    {
                        "type": "rich_text_section",
                        "elements": [
                            {
                                "type": "emoji",
                                "name": "+1"
                            },
                            {
                                "type": "text",
                                "text": " "
                            },
                            {
                                "type": "emoji",
                                "name": "slightly_smiling_face"
                            }
                        ]
                    }
                ]
            }
        ]
    },
    {
        "client_msg_id": "38293ae1-4e93-4482-9445-a678f38f98bc",
        "type": "message",
        "text": "y uso HARBOURINO para hacer que el código fuente sea más legible",
        "user": "UJHD6A81H",
        "ts": "1601026402.049800",
        "team": "TJH5YU202",
        "user_team": "TJH5YU202",
        "source_team": "TJH5YU202",
        "user_profile": {
            "avatar_hash": "g6b8073e00e9",
            "image_72": "https:\/\/secure.gravatar.com\/avatar\/b96b8073e00e9eb02bcf05bc1418eb3a.jpg?s=72&d=https%3A%2F%2Fa.slack-edge.com%2Fdf10d%2Fimg%2Favatars%2Fava_0021-72.png",
            "first_name": "Otto",
            "real_name": "Otto Atzwanger",
            "display_name": "Otto",
            "team": "TJH5YU202",
            "name": "otto",
            "is_restricted": false,
            "is_ultra_restricted": false
        },
        "blocks": [
            {
                "type": "rich_text",
                "block_id": "oMF",
                "elements": [
                    {
                        "type": "rich_text_section",
                        "elements": [
                            {
                                "type": "text",
                                "text": "y uso HARBOURINO para hacer que el código fuente sea más legible"
                            }
                        ]
                    }
                ]
            }
        ]
    },
    {
        "type": "message",
        "text": "",
        "files": [
            {
                "id": "F01BDE4FFUJ",
                "created": 1601026417,
                "timestamp": 1601026417,
                "name": "grafik.png",
                "title": "grafik.png",
                "mimetype": "image\/png",
                "filetype": "png",
                "pretty_type": "PNG",
                "user": "UJHD6A81H",
                "editable": false,
                "size": 41781,
                "mode": "hosted",
                "is_external": false,
                "external_type": "",
                "is_public": true,
                "public_url_shared": false,
                "display_as_bot": false,
                "username": "",
                "url_private": "https:\/\/files.slack.com\/files-pri\/TJH5YU202-F01BDE4FFUJ\/grafik.png?t=xoxe-629202954002-1408710291175-1429611969940-666c705f8dd944d59ed88b8cd6be975e",
                "url_private_download": "https:\/\/files.slack.com\/files-pri\/TJH5YU202-F01BDE4FFUJ\/download\/grafik.png?t=xoxe-629202954002-1408710291175-1429611969940-666c705f8dd944d59ed88b8cd6be975e",
                "thumb_64": "https:\/\/files.slack.com\/files-tmb\/TJH5YU202-F01BDE4FFUJ-4efba9b5b5\/grafik_64.png?t=xoxe-629202954002-1408710291175-1429611969940-666c705f8dd944d59ed88b8cd6be975e",
                "thumb_80": "https:\/\/files.slack.com\/files-tmb\/TJH5YU202-F01BDE4FFUJ-4efba9b5b5\/grafik_80.png?t=xoxe-629202954002-1408710291175-1429611969940-666c705f8dd944d59ed88b8cd6be975e",
                "thumb_360": "https:\/\/files.slack.com\/files-tmb\/TJH5YU202-F01BDE4FFUJ-4efba9b5b5\/grafik_360.png?t=xoxe-629202954002-1408710291175-1429611969940-666c705f8dd944d59ed88b8cd6be975e",
                "thumb_360_w": 360,
                "thumb_360_h": 109,
                "thumb_480": "https:\/\/files.slack.com\/files-tmb\/TJH5YU202-F01BDE4FFUJ-4efba9b5b5\/grafik_480.png?t=xoxe-629202954002-1408710291175-1429611969940-666c705f8dd944d59ed88b8cd6be975e",
                "thumb_480_w": 480,
                "thumb_480_h": 146,
                "thumb_160": "https:\/\/files.slack.com\/files-tmb\/TJH5YU202-F01BDE4FFUJ-4efba9b5b5\/grafik_160.png?t=xoxe-629202954002-1408710291175-1429611969940-666c705f8dd944d59ed88b8cd6be975e",
                "thumb_720": "https:\/\/files.slack.com\/files-tmb\/TJH5YU202-F01BDE4FFUJ-4efba9b5b5\/grafik_720.png?t=xoxe-629202954002-1408710291175-1429611969940-666c705f8dd944d59ed88b8cd6be975e",
                "thumb_720_w": 720,
                "thumb_720_h": 219,
                "thumb_800": "https:\/\/files.slack.com\/files-tmb\/TJH5YU202-F01BDE4FFUJ-4efba9b5b5\/grafik_800.png?t=xoxe-629202954002-1408710291175-1429611969940-666c705f8dd944d59ed88b8cd6be975e",
                "thumb_800_w": 800,
                "thumb_800_h": 243,
                "thumb_960": "https:\/\/files.slack.com\/files-tmb\/TJH5YU202-F01BDE4FFUJ-4efba9b5b5\/grafik_960.png?t=xoxe-629202954002-1408710291175-1429611969940-666c705f8dd944d59ed88b8cd6be975e",
                "thumb_960_w": 960,
                "thumb_960_h": 292,
                "thumb_1024": "https:\/\/files.slack.com\/files-tmb\/TJH5YU202-F01BDE4FFUJ-4efba9b5b5\/grafik_1024.png?t=xoxe-629202954002-1408710291175-1429611969940-666c705f8dd944d59ed88b8cd6be975e",
                "thumb_1024_w": 1024,
                "thumb_1024_h": 311,
                "original_w": 1642,
                "original_h": 499,
                "thumb_tiny": "AwAOADDRI5oAplySIsg4ORVQyOOjtSuBfIpu2qJkfA+c80ebJ\/fNMVzQ2im7T6U+igZ\/\/9k=",
                "permalink": "https:\/\/harbourproject.slack.com\/files\/UJHD6A81H\/F01BDE4FFUJ\/grafik.png",
                "permalink_public": "https:\/\/slack-files.com\/TJH5YU202-F01BDE4FFUJ-77cb12d683",
                "is_starred": false,
                "has_rich_preview": false
            }
        ],
        "upload": false,
        "user": "UJHD6A81H",
        "display_as_bot": false,
        "ts": "1601026423.049900"
    },
    {
        "client_msg_id": "6762ce1a-08a6-4e64-9aa9-96272ac89b68",
        "type": "message",
        "text": "Creo que puede simplificar enormemente el código fuente de sus programas.\nLos comentarios se pueden insertar en los archivos HARBOURINO y el flujo de lectura en el programa real no se ve afectado.\n\nQuiero mostrar lo fácil que es reorganizar el interruptor.\nCambias las líneas y no tienes que preocuparte por nada.\nCreo que incluso en preparación para el cambio de los propios programas a Harbour mod, esto puede traer algo.\nTal vez encontremos una manera de intercambiar los archivos HARBOURINO.",
        "user": "UJHD6A81H",
        "ts": "1601026778.050300",
        "team": "TJH5YU202",
        "user_team": "TJH5YU202",
        "source_team": "TJH5YU202",
        "user_profile": {
            "avatar_hash": "g6b8073e00e9",
            "image_72": "https:\/\/secure.gravatar.com\/avatar\/b96b8073e00e9eb02bcf05bc1418eb3a.jpg?s=72&d=https%3A%2F%2Fa.slack-edge.com%2Fdf10d%2Fimg%2Favatars%2Fava_0021-72.png",
            "first_name": "Otto",
            "real_name": "Otto Atzwanger",
            "display_name": "Otto",
            "team": "TJH5YU202",
            "name": "otto",
            "is_restricted": false,
            "is_ultra_restricted": false
        },
        "blocks": [
            {
                "type": "rich_text",
                "block_id": "W83",
                "elements": [
                    {
                        "type": "rich_text_section",
                        "elements": [
                            {
                                "type": "text",
                                "text": "Creo que puede simplificar enormemente el código fuente de sus programas.\nLos comentarios se pueden insertar en los archivos HARBOURINO y el flujo de lectura en el programa real no se ve afectado.\n\nQuiero mostrar lo fácil que es reorganizar el interruptor.\nCambias las líneas y no tienes que preocuparte por nada.\nCreo que incluso en preparación para el cambio de los propios programas a Harbour mod, esto puede traer algo.\nTal vez encontremos una manera de intercambiar los archivos HARBOURINO."
                            }
                        ]
                    }
                ]
            }
        ]
    },
    {
        "type": "message",
        "text": "",
        "files": [
            {
                "id": "F01BE7K9WCS",
                "created": 1601047426,
                "timestamp": 1601047426,
                "name": "grafik.png",
                "title": "grafik.png",
                "mimetype": "image\/png",
                "filetype": "png",
                "pretty_type": "PNG",
                "user": "UJHD6A81H",
                "editable": false,
                "size": 206149,
                "mode": "hosted",
                "is_external": false,
                "external_type": "",
                "is_public": true,
                "public_url_shared": false,
                "display_as_bot": false,
                "username": "",
                "url_private": "https:\/\/files.slack.com\/files-pri\/TJH5YU202-F01BE7K9WCS\/grafik.png?t=xoxe-629202954002-1408710291175-1429611969940-666c705f8dd944d59ed88b8cd6be975e",
                "url_private_download": "https:\/\/files.slack.com\/files-pri\/TJH5YU202-F01BE7K9WCS\/download\/grafik.png?t=xoxe-629202954002-1408710291175-1429611969940-666c705f8dd944d59ed88b8cd6be975e",
                "thumb_64": "https:\/\/files.slack.com\/files-tmb\/TJH5YU202-F01BE7K9WCS-f5a0b136ee\/grafik_64.png?t=xoxe-629202954002-1408710291175-1429611969940-666c705f8dd944d59ed88b8cd6be975e",
                "thumb_80": "https:\/\/files.slack.com\/files-tmb\/TJH5YU202-F01BE7K9WCS-f5a0b136ee\/grafik_80.png?t=xoxe-629202954002-1408710291175-1429611969940-666c705f8dd944d59ed88b8cd6be975e",
                "thumb_360": "https:\/\/files.slack.com\/files-tmb\/TJH5YU202-F01BE7K9WCS-f5a0b136ee\/grafik_360.png?t=xoxe-629202954002-1408710291175-1429611969940-666c705f8dd944d59ed88b8cd6be975e",
                "thumb_360_w": 360,
                "thumb_360_h": 271,
                "thumb_480": "https:\/\/files.slack.com\/files-tmb\/TJH5YU202-F01BE7K9WCS-f5a0b136ee\/grafik_480.png?t=xoxe-629202954002-1408710291175-1429611969940-666c705f8dd944d59ed88b8cd6be975e",
                "thumb_480_w": 480,
                "thumb_480_h": 361,
                "thumb_160": "https:\/\/files.slack.com\/files-tmb\/TJH5YU202-F01BE7K9WCS-f5a0b136ee\/grafik_160.png?t=xoxe-629202954002-1408710291175-1429611969940-666c705f8dd944d59ed88b8cd6be975e",
                "thumb_720": "https:\/\/files.slack.com\/files-tmb\/TJH5YU202-F01BE7K9WCS-f5a0b136ee\/grafik_720.png?t=xoxe-629202954002-1408710291175-1429611969940-666c705f8dd944d59ed88b8cd6be975e",
                "thumb_720_w": 720,
                "thumb_720_h": 542,
                "thumb_800": "https:\/\/files.slack.com\/files-tmb\/TJH5YU202-F01BE7K9WCS-f5a0b136ee\/grafik_800.png?t=xoxe-629202954002-1408710291175-1429611969940-666c705f8dd944d59ed88b8cd6be975e",
                "thumb_800_w": 800,
                "thumb_800_h": 602,
                "thumb_960": "https:\/\/files.slack.com\/files-tmb\/TJH5YU202-F01BE7K9WCS-f5a0b136ee\/grafik_960.png?t=xoxe-629202954002-1408710291175-1429611969940-666c705f8dd944d59ed88b8cd6be975e",
                "thumb_960_w": 960,
                "thumb_960_h": 722,
                "thumb_1024": "https:\/\/files.slack.com\/files-tmb\/TJH5YU202-F01BE7K9WCS-f5a0b136ee\/grafik_1024.png?t=xoxe-629202954002-1408710291175-1429611969940-666c705f8dd944d59ed88b8cd6be975e",
                "thumb_1024_w": 1024,
                "thumb_1024_h": 770,
                "original_w": 1151,
                "original_h": 866,
                "thumb_tiny": "AwAkADCyIU2gnPI9acIIz\/e\/Ok5wMMw4FJ83\/PR\/0oEP+zR\/7X50htkx36+tN+f\/AJ6P+lHzf89G\/SgB\/wBlj\/2vzpPs0fH3ufem\/P8A89H\/AEo+b\/no1AC9h9BRS4OBwego2n0NAxKKXB9DRtPoaAEopdp9DRtPoaAKueDQCc+v40djSCpQgBOOp\/OjJ9T+dJ2opsSFyfU\/nRk+p\/OkopDP\/9k=",
                "permalink": "https:\/\/harbourproject.slack.com\/files\/UJHD6A81H\/F01BE7K9WCS\/grafik.png",
                "permalink_public": "https:\/\/slack-files.com\/TJH5YU202-F01BE7K9WCS-bf61f5d06a",
                "is_starred": false,
                "has_rich_preview": false
            }
        ],
        "upload": false,
        "user": "UJHD6A81H",
        "display_as_bot": false,
        "ts": "1601047434.050400"
    },
    {
        "client_msg_id": "ba3935c5-e9b1-4fe6-b65b-9d27aa698210",
        "type": "message",
        "text": "Otto nice work, can we see any code of browse ( definition ) colors of buttons etc is posible ?",
        "user": "UJXP7LS78",
        "ts": "1601093219.051500",
        "team": "TJH5YU202",
        "user_team": "TJH5YU202",
        "source_team": "TJH5YU202",
        "user_profile": {
            "avatar_hash": "gc4a0baebb72",
            "image_72": "https:\/\/secure.gravatar.com\/avatar\/a1c4a0baebb720b97e5a197259dbf409.jpg?s=72&d=https%3A%2F%2Fa.slack-edge.com%2Fdf10d%2Fimg%2Favatars%2Fava_0007-72.png",
            "first_name": "",
            "real_name": "wilson gamboa",
            "display_name": "wilson gamboa",
            "team": "TJH5YU202",
            "name": "wilson.josenet",
            "is_restricted": false,
            "is_ultra_restricted": false
        },
        "blocks": [
            {
                "type": "rich_text",
                "block_id": "Htl3",
                "elements": [
                    {
                        "type": "rich_text_section",
                        "elements": [
                            {
                                "type": "text",
                                "text": "Otto nice work, can we see any code of browse ( definition ) colors of buttons etc is posible ?"
                            }
                        ]
                    }
                ]
            }
        ]
    },
    {
        "client_msg_id": "f1e090cc-981f-43d1-9a02-d9d824556462",
        "type": "message",
        "text": "Es el nuevo FWH?",
        "user": "UK28N3CER",
        "ts": "1601093882.052000",
        "team": "TJH5YU202",
        "user_team": "TJH5YU202",
        "source_team": "TJH5YU202",
        "user_profile": {
            "avatar_hash": "0eafa7153ff3",
            "image_72": "https:\/\/avatars.slack-edge.com\/2020-05-18\/1155120542496_0eafa7153ff35206c804_72.jpg",
            "first_name": "Cesar",
            "real_name": "Cesar SysCtrl Software",
            "display_name": "Cesar SysCtrl Software",
            "team": "TJH5YU202",
            "name": "sysctrlsoftware",
            "is_restricted": false,
            "is_ultra_restricted": false
        },
        "blocks": [
            {
                "type": "rich_text",
                "block_id": "5Jr",
                "elements": [
                    {
                        "type": "rich_text_section",
                        "elements": [
                            {
                                "type": "text",
                                "text": "Es el nuevo FWH?"
                            }
                        ]
                    }
                ]
            }
        ]
    },
    {
        "client_msg_id": "73851c40-2742-4694-8dac-e10d6fd223d7",
        "type": "message",
        "text": "buenas noches Cesar",
        "user": "UJXP7LS78",
        "ts": "1601094746.052200",
        "team": "TJH5YU202",
        "user_team": "TJH5YU202",
        "source_team": "TJH5YU202",
        "user_profile": {
            "avatar_hash": "gc4a0baebb72",
            "image_72": "https:\/\/secure.gravatar.com\/avatar\/a1c4a0baebb720b97e5a197259dbf409.jpg?s=72&d=https%3A%2F%2Fa.slack-edge.com%2Fdf10d%2Fimg%2Favatars%2Fava_0007-72.png",
            "first_name": "",
            "real_name": "wilson gamboa",
            "display_name": "wilson gamboa",
            "team": "TJH5YU202",
            "name": "wilson.josenet",
            "is_restricted": false,
            "is_ultra_restricted": false
        },
        "blocks": [
            {
                "type": "rich_text",
                "block_id": "ITd",
                "elements": [
                    {
                        "type": "rich_text_section",
                        "elements": [
                            {
                                "type": "text",
                                "text": "buenas noches Cesar"
                            }
                        ]
                    }
                ]
            }
        ]
    },
    {
        "client_msg_id": "e81e50da-bd0e-4de5-a08b-631ad6710a57",
        "type": "message",
        "text": "creo que si",
        "user": "UJXP7LS78",
        "ts": "1601094750.052400",
        "team": "TJH5YU202",
        "user_team": "TJH5YU202",
        "source_team": "TJH5YU202",
        "user_profile": {
            "avatar_hash": "gc4a0baebb72",
            "image_72": "https:\/\/secure.gravatar.com\/avatar\/a1c4a0baebb720b97e5a197259dbf409.jpg?s=72&d=https%3A%2F%2Fa.slack-edge.com%2Fdf10d%2Fimg%2Favatars%2Fava_0007-72.png",
            "first_name": "",
            "real_name": "wilson gamboa",
            "display_name": "wilson gamboa",
            "team": "TJH5YU202",
            "name": "wilson.josenet",
            "is_restricted": false,
            "is_ultra_restricted": false
        },
        "blocks": [
            {
                "type": "rich_text",
                "block_id": "iULf",
                "elements": [
                    {
                        "type": "rich_text_section",
                        "elements": [
                            {
                                "type": "text",
                                "text": "creo que si"
                            }
                        ]
                    }
                ]
            }
        ]
    },
    {
        "client_msg_id": "e12442c6-90ec-4891-a8fc-4b9b3703e0aa",
        "type": "message",
        "text": "yo tengo una version media ultima pero como soy novato en fwh",
        "user": "UJXP7LS78",
        "ts": "1601094767.052800",
        "team": "TJH5YU202",
        "user_team": "TJH5YU202",
        "source_team": "TJH5YU202",
        "user_profile": {
            "avatar_hash": "gc4a0baebb72",
            "image_72": "https:\/\/secure.gravatar.com\/avatar\/a1c4a0baebb720b97e5a197259dbf409.jpg?s=72&d=https%3A%2F%2Fa.slack-edge.com%2Fdf10d%2Fimg%2Favatars%2Fava_0007-72.png",
            "first_name": "",
            "real_name": "wilson gamboa",
            "display_name": "wilson gamboa",
            "team": "TJH5YU202",
            "name": "wilson.josenet",
            "is_restricted": false,
            "is_ultra_restricted": false
        },
        "blocks": [
            {
                "type": "rich_text",
                "block_id": "Qd\/SN",
                "elements": [
                    {
                        "type": "rich_text_section",
                        "elements": [
                            {
                                "type": "text",
                                "text": "yo tengo una version media ultima pero como soy novato en fwh"
                            }
                        ]
                    }
                ]
            }
        ]
    },
    {
        "type": "message",
        "text": "avanzando....",
        "files": [
            {
                "id": "F01BCAU1N5T",
                "created": 1601098144,
                "timestamp": 1601098144,
                "name": "sis01.png",
                "title": "sis01.png",
                "mimetype": "image\/png",
                "filetype": "png",
                "pretty_type": "PNG",
                "user": "UJHKRACN7",
                "editable": false,
                "size": 120905,
                "mode": "hosted",
                "is_external": false,
                "external_type": "",
                "is_public": true,
                "public_url_shared": false,
                "display_as_bot": false,
                "username": "",
                "url_private": "https:\/\/files.slack.com\/files-pri\/TJH5YU202-F01BCAU1N5T\/sis01.png?t=xoxe-629202954002-1408710291175-1429611969940-666c705f8dd944d59ed88b8cd6be975e",
                "url_private_download": "https:\/\/files.slack.com\/files-pri\/TJH5YU202-F01BCAU1N5T\/download\/sis01.png?t=xoxe-629202954002-1408710291175-1429611969940-666c705f8dd944d59ed88b8cd6be975e",
                "thumb_64": "https:\/\/files.slack.com\/files-tmb\/TJH5YU202-F01BCAU1N5T-111967f7be\/sis01_64.png?t=xoxe-629202954002-1408710291175-1429611969940-666c705f8dd944d59ed88b8cd6be975e",
                "thumb_80": "https:\/\/files.slack.com\/files-tmb\/TJH5YU202-F01BCAU1N5T-111967f7be\/sis01_80.png?t=xoxe-629202954002-1408710291175-1429611969940-666c705f8dd944d59ed88b8cd6be975e",
                "thumb_360": "https:\/\/files.slack.com\/files-tmb\/TJH5YU202-F01BCAU1N5T-111967f7be\/sis01_360.png?t=xoxe-629202954002-1408710291175-1429611969940-666c705f8dd944d59ed88b8cd6be975e",
                "thumb_360_w": 360,
                "thumb_360_h": 191,
                "thumb_480": "https:\/\/files.slack.com\/files-tmb\/TJH5YU202-F01BCAU1N5T-111967f7be\/sis01_480.png?t=xoxe-629202954002-1408710291175-1429611969940-666c705f8dd944d59ed88b8cd6be975e",
                "thumb_480_w": 480,
                "thumb_480_h": 255,
                "thumb_160": "https:\/\/files.slack.com\/files-tmb\/TJH5YU202-F01BCAU1N5T-111967f7be\/sis01_160.png?t=xoxe-629202954002-1408710291175-1429611969940-666c705f8dd944d59ed88b8cd6be975e",
                "thumb_720": "https:\/\/files.slack.com\/files-tmb\/TJH5YU202-F01BCAU1N5T-111967f7be\/sis01_720.png?t=xoxe-629202954002-1408710291175-1429611969940-666c705f8dd944d59ed88b8cd6be975e",
                "thumb_720_w": 720,
                "thumb_720_h": 383,
                "thumb_800": "https:\/\/files.slack.com\/files-tmb\/TJH5YU202-F01BCAU1N5T-111967f7be\/sis01_800.png?t=xoxe-629202954002-1408710291175-1429611969940-666c705f8dd944d59ed88b8cd6be975e",
                "thumb_800_w": 800,
                "thumb_800_h": 426,
                "thumb_960": "https:\/\/files.slack.com\/files-tmb\/TJH5YU202-F01BCAU1N5T-111967f7be\/sis01_960.png?t=xoxe-629202954002-1408710291175-1429611969940-666c705f8dd944d59ed88b8cd6be975e",
                "thumb_960_w": 960,
                "thumb_960_h": 511,
                "thumb_1024": "https:\/\/files.slack.com\/files-tmb\/TJH5YU202-F01BCAU1N5T-111967f7be\/sis01_1024.png?t=xoxe-629202954002-1408710291175-1429611969940-666c705f8dd944d59ed88b8cd6be975e",
                "thumb_1024_w": 1024,
                "thumb_1024_h": 545,
                "original_w": 1912,
                "original_h": 1017,
                "thumb_tiny": "AwAZADBTNcf89QB\/uijzZ\/8AnqP++BSUmBQA\/fc\/89P\/ACHR5lz\/AM9P\/IdXASAOTTufU0AUPNnP\/LUf98CjzZ\/+eo\/75FNwKUUAFFFFAFj7SMf6v9aQ3JJ4XAqCigAooooA\/9k=",
                "permalink": "https:\/\/harbourproject.slack.com\/files\/UJHKRACN7\/F01BCAU1N5T\/sis01.png",
                "permalink_public": "https:\/\/slack-files.com\/TJH5YU202-F01BCAU1N5T-4457d94d84",
                "is_starred": false,
                "has_rich_preview": false
            }
        ],
        "upload": false,
        "blocks": [
            {
                "type": "rich_text",
                "block_id": "xtcLu",
                "elements": [
                    {
                        "type": "rich_text_section",
                        "elements": [
                            {
                                "type": "text",
                                "text": "avanzando...."
                            }
                        ]
                    }
                ]
            }
        ],
        "user": "UJHKRACN7",
        "display_as_bot": false,
        "ts": "1601098239.053100",
        "reactions": [
            {
                "name": "+1",
                "users": [
                    "UJHD6A81H",
                    "UM81W8B0Q",
                    "UK28N3CER"
                ],
                "count": 3
            },
            {
                "name": "heart",
                "users": [
                    "UJHD6A81H"
                ],
                "count": 1
            }
        ]
    }
]