[
    {
        "client_msg_id": "d89debb4-eddf-445c-862d-d0a233efd295",
        "type": "message",
        "text": "mi unifi network usa mongodb.\nCuando olvidé la contraseña, tuve que instalar mongodb para volver a encontrar los datos de acceso.",
        "user": "UJHD6A81H",
        "ts": "1598714203.145200",
        "team": "TJH5YU202",
        "user_team": "TJH5YU202",
        "source_team": "TJH5YU202",
        "user_profile": {
            "avatar_hash": "g6b8073e00e9",
            "image_72": "https:\/\/secure.gravatar.com\/avatar\/b96b8073e00e9eb02bcf05bc1418eb3a.jpg?s=72&d=https%3A%2F%2Fa.slack-edge.com%2Fdf10d%2Fimg%2Favatars%2Fava_0021-72.png",
            "first_name": "Otto",
            "real_name": "Otto Atzwanger",
            "display_name": "Otto",
            "team": "TJH5YU202",
            "name": "otto",
            "is_restricted": false,
            "is_ultra_restricted": false
        },
        "blocks": [
            {
                "type": "rich_text",
                "block_id": "Bxa",
                "elements": [
                    {
                        "type": "rich_text_section",
                        "elements": [
                            {
                                "type": "text",
                                "text": "mi unifi network usa mongodb.\nCuando olvidé la contraseña, tuve que instalar mongodb para volver a encontrar los datos de acceso."
                            }
                        ]
                    }
                ]
            }
        ]
    },
    {
        "client_msg_id": "CFACF23A-8332-46FA-BCDA-1DDB53EC5D54",
        "type": "message",
        "text": "Ok",
        "user": "UJUSD6VB2",
        "ts": "1598723892.145500",
        "team": "TJH5YU202",
        "user_team": "TJH5YU202",
        "source_team": "TJH5YU202",
        "user_profile": {
            "avatar_hash": "g1677a02d0b6",
            "image_72": "https:\/\/secure.gravatar.com\/avatar\/bb1677a02d0b69ba91eb245090c7c83a.jpg?s=72&d=https%3A%2F%2Fa.slack-edge.com%2Fdf10d%2Fimg%2Favatars%2Fava_0015-72.png",
            "first_name": "",
            "real_name": "Osvaldo Ramirez",
            "display_name": "Osvaldo Ramirez",
            "team": "TJH5YU202",
            "name": "ramirezosvaldo",
            "is_restricted": false,
            "is_ultra_restricted": false
        },
        "blocks": [
            {
                "type": "rich_text",
                "block_id": "Qm8s",
                "elements": [
                    {
                        "type": "rich_text_section",
                        "elements": [
                            {
                                "type": "text",
                                "text": "Ok"
                            }
                        ]
                    }
                ]
            }
        ]
    },
    {
        "client_msg_id": "97b815d9-c1b8-4b3a-ad7e-e094182d4d46",
        "type": "message",
        "text": "Dear Cristobal, cuál es el estado de su desarrollo blockchain. ¿Es la fuente compatible con mod harbour?",
        "user": "UJHD6A81H",
        "ts": "1598731701.145800",
        "team": "TJH5YU202",
        "user_team": "TJH5YU202",
        "source_team": "TJH5YU202",
        "user_profile": {
            "avatar_hash": "g6b8073e00e9",
            "image_72": "https:\/\/secure.gravatar.com\/avatar\/b96b8073e00e9eb02bcf05bc1418eb3a.jpg?s=72&d=https%3A%2F%2Fa.slack-edge.com%2Fdf10d%2Fimg%2Favatars%2Fava_0021-72.png",
            "first_name": "Otto",
            "real_name": "Otto Atzwanger",
            "display_name": "Otto",
            "team": "TJH5YU202",
            "name": "otto",
            "is_restricted": false,
            "is_ultra_restricted": false
        },
        "blocks": [
            {
                "type": "rich_text",
                "block_id": "3Cj5",
                "elements": [
                    {
                        "type": "rich_text_section",
                        "elements": [
                            {
                                "type": "text",
                                "text": "Dear Cristobal, cuál es el estado de su desarrollo blockchain. ¿Es la fuente compatible con mod harbour?"
                            }
                        ]
                    }
                ]
            }
        ],
        "thread_ts": "1598731701.145800",
        "reply_count": 3,
        "reply_users_count": 1,
        "latest_reply": "1598738172.153100",
        "reply_users": [
            "UJUJLTWMT"
        ],
        "replies": [
            {
                "user": "UJUJLTWMT",
                "ts": "1598737458.152100"
            },
            {
                "user": "UJUJLTWMT",
                "ts": "1598737763.152800"
            },
            {
                "user": "UJUJLTWMT",
                "ts": "1598738172.153100"
            }
        ],
        "subscribed": false
    },
    {
        "client_msg_id": "BAD531EA-D09F-469E-B580-3A5A4DC01E89",
        "type": "message",
        "text": "Que es blockchain?",
        "user": "UJUSD6VB2",
        "ts": "1598733166.146200",
        "team": "TJH5YU202",
        "user_team": "TJH5YU202",
        "source_team": "TJH5YU202",
        "user_profile": {
            "avatar_hash": "g1677a02d0b6",
            "image_72": "https:\/\/secure.gravatar.com\/avatar\/bb1677a02d0b69ba91eb245090c7c83a.jpg?s=72&d=https%3A%2F%2Fa.slack-edge.com%2Fdf10d%2Fimg%2Favatars%2Fava_0015-72.png",
            "first_name": "",
            "real_name": "Osvaldo Ramirez",
            "display_name": "Osvaldo Ramirez",
            "team": "TJH5YU202",
            "name": "ramirezosvaldo",
            "is_restricted": false,
            "is_ultra_restricted": false
        },
        "blocks": [
            {
                "type": "rich_text",
                "block_id": "yec",
                "elements": [
                    {
                        "type": "rich_text_section",
                        "elements": [
                            {
                                "type": "text",
                                "text": "Que es blockchain?"
                            }
                        ]
                    }
                ]
            }
        ]
    },
    {
        "client_msg_id": "73b01d78-f941-40ea-8af2-2e984f5a0754",
        "type": "message",
        "text": "cuando protestan y se encadenan a un monumento",
        "user": "UM81W8B0Q",
        "ts": "1598733358.146700",
        "team": "TJH5YU202",
        "user_team": "TJH5YU202",
        "source_team": "TJH5YU202",
        "user_profile": {
            "avatar_hash": "gab9279ee8c0",
            "image_72": "https:\/\/secure.gravatar.com\/avatar\/73ab9279ee8c00f66ce4904d30146c8f.jpg?s=72&d=https%3A%2F%2Fa.slack-edge.com%2Fdf10d%2Fimg%2Favatars%2Fava_0010-72.png",
            "first_name": "",
            "real_name": "Angel Pais",
            "display_name": "Angel Pais",
            "team": "TJH5YU202",
            "name": "amigosam",
            "is_restricted": false,
            "is_ultra_restricted": false
        },
        "blocks": [
            {
                "type": "rich_text",
                "block_id": "uUni",
                "elements": [
                    {
                        "type": "rich_text_section",
                        "elements": [
                            {
                                "type": "text",
                                "text": "cuando protestan y se encadenan a un monumento"
                            }
                        ]
                    }
                ]
            }
        ]
    },
    {
        "client_msg_id": "daa3ea4f-c8a3-4989-8269-fc58a64aa6fa",
        "type": "message",
        "text": "es la tecnologia usada para llevar la contabilidad de los bitcoin",
        "user": "UM81W8B0Q",
        "ts": "1598733468.147400",
        "team": "TJH5YU202",
        "user_team": "TJH5YU202",
        "source_team": "TJH5YU202",
        "user_profile": {
            "avatar_hash": "gab9279ee8c0",
            "image_72": "https:\/\/secure.gravatar.com\/avatar\/73ab9279ee8c00f66ce4904d30146c8f.jpg?s=72&d=https%3A%2F%2Fa.slack-edge.com%2Fdf10d%2Fimg%2Favatars%2Fava_0010-72.png",
            "first_name": "",
            "real_name": "Angel Pais",
            "display_name": "Angel Pais",
            "team": "TJH5YU202",
            "name": "amigosam",
            "is_restricted": false,
            "is_ultra_restricted": false
        },
        "edited": {
            "user": "UM81W8B0Q",
            "ts": "1598733485.000000"
        },
        "blocks": [
            {
                "type": "rich_text",
                "block_id": "iRT8",
                "elements": [
                    {
                        "type": "rich_text_section",
                        "elements": [
                            {
                                "type": "text",
                                "text": "es la tecnologia usada para llevar la contabilidad de los bitcoin"
                            }
                        ]
                    }
                ]
            }
        ]
    },
    {
        "client_msg_id": "e084bf8c-c731-485b-92ff-bf55a721b4e0",
        "type": "message",
        "text": "es una estructura de datos descentralizada que, si se usa junto a un protocolo de proof-of-work, permite mantener un estado global mutable pero consistente de forma descentralizada",
        "user": "UNAHBRTFA",
        "ts": "1598733566.148600",
        "team": "TJH5YU202",
        "user_team": "TJH5YU202",
        "source_team": "TJH5YU202",
        "user_profile": {
            "avatar_hash": "g3d2a3f4c28c",
            "image_72": "https:\/\/secure.gravatar.com\/avatar\/23d2a3f4c28cebb4cf07e48d02620517.jpg?s=72&d=https%3A%2F%2Fa.slack-edge.com%2Fdf10d%2Fimg%2Favatars%2Fava_0020-72.png",
            "first_name": "Andreu",
            "real_name": "Andreu Botella",
            "display_name": "Andreu Botella",
            "team": "TJH5YU202",
            "name": "andreu.132",
            "is_restricted": false,
            "is_ultra_restricted": false
        },
        "edited": {
            "user": "UNAHBRTFA",
            "ts": "1598733622.000000"
        },
        "blocks": [
            {
                "type": "rich_text",
                "block_id": "QQC",
                "elements": [
                    {
                        "type": "rich_text_section",
                        "elements": [
                            {
                                "type": "text",
                                "text": "es una estructura de datos descentralizada que, si se usa junto a un protocolo de proof-of-work, permite mantener un estado global mutable pero consistente de forma descentralizada"
                            }
                        ]
                    }
                ]
            }
        ]
    },
    {
        "client_msg_id": "81d334cf-a678-417b-bff3-8215229c39a9",
        "type": "message",
        "text": "ese estado global puede ser una contabilidad, o cualquier otra cosa",
        "user": "UNAHBRTFA",
        "ts": "1598733581.149100",
        "team": "TJH5YU202",
        "user_team": "TJH5YU202",
        "source_team": "TJH5YU202",
        "user_profile": {
            "avatar_hash": "g3d2a3f4c28c",
            "image_72": "https:\/\/secure.gravatar.com\/avatar\/23d2a3f4c28cebb4cf07e48d02620517.jpg?s=72&d=https%3A%2F%2Fa.slack-edge.com%2Fdf10d%2Fimg%2Favatars%2Fava_0020-72.png",
            "first_name": "Andreu",
            "real_name": "Andreu Botella",
            "display_name": "Andreu Botella",
            "team": "TJH5YU202",
            "name": "andreu.132",
            "is_restricted": false,
            "is_ultra_restricted": false
        },
        "blocks": [
            {
                "type": "rich_text",
                "block_id": "sP+e",
                "elements": [
                    {
                        "type": "rich_text_section",
                        "elements": [
                            {
                                "type": "text",
                                "text": "ese estado global puede ser una contabilidad, o cualquier otra cosa"
                            }
                        ]
                    }
                ]
            }
        ]
    },
    {
        "client_msg_id": "dec4ec24-703d-40dc-8563-84a70246ab98",
        "type": "message",
        "text": "*descentralizada y distribuida",
        "user": "UNAHBRTFA",
        "ts": "1598733724.150000",
        "team": "TJH5YU202",
        "user_team": "TJH5YU202",
        "source_team": "TJH5YU202",
        "user_profile": {
            "avatar_hash": "g3d2a3f4c28c",
            "image_72": "https:\/\/secure.gravatar.com\/avatar\/23d2a3f4c28cebb4cf07e48d02620517.jpg?s=72&d=https%3A%2F%2Fa.slack-edge.com%2Fdf10d%2Fimg%2Favatars%2Fava_0020-72.png",
            "first_name": "Andreu",
            "real_name": "Andreu Botella",
            "display_name": "Andreu Botella",
            "team": "TJH5YU202",
            "name": "andreu.132",
            "is_restricted": false,
            "is_ultra_restricted": false
        },
        "blocks": [
            {
                "type": "rich_text",
                "block_id": "+D0C",
                "elements": [
                    {
                        "type": "rich_text_section",
                        "elements": [
                            {
                                "type": "text",
                                "text": "*descentralizada y distribuida"
                            }
                        ]
                    }
                ]
            }
        ]
    },
    {
        "client_msg_id": "07FFA680-2340-4B11-A389-931A3E92901B",
        "type": "message",
        "text": "Algun ejemplo o codigo?",
        "user": "UJUSD6VB2",
        "ts": "1598735021.151300",
        "team": "TJH5YU202",
        "user_team": "TJH5YU202",
        "source_team": "TJH5YU202",
        "user_profile": {
            "avatar_hash": "g1677a02d0b6",
            "image_72": "https:\/\/secure.gravatar.com\/avatar\/bb1677a02d0b69ba91eb245090c7c83a.jpg?s=72&d=https%3A%2F%2Fa.slack-edge.com%2Fdf10d%2Fimg%2Favatars%2Fava_0015-72.png",
            "first_name": "",
            "real_name": "Osvaldo Ramirez",
            "display_name": "Osvaldo Ramirez",
            "team": "TJH5YU202",
            "name": "ramirezosvaldo",
            "is_restricted": false,
            "is_ultra_restricted": false
        },
        "blocks": [
            {
                "type": "rich_text",
                "block_id": "gxbU",
                "elements": [
                    {
                        "type": "rich_text_section",
                        "elements": [
                            {
                                "type": "text",
                                "text": "Algun ejemplo o codigo?"
                            }
                        ]
                    }
                ]
            }
        ]
    },
    {
        "type": "message",
        "subtype": "thread_broadcast",
        "text": "Dear Otto, totalmente funcional desde que la incluí en la versión 18.10 de Fivewin. Está en las libs de Fivewin, y un ejemplo en la carpeta samples: blockchain.prg\n<http:\/\/forums.fivetechsupport.com\/viewtopic.php?f=17&amp;t=34973&amp;start=15#p211321>",
        "user": "UJUJLTWMT",
        "ts": "1598737458.152100",
        "thread_ts": "1598731701.145800",
        "root": {
            "client_msg_id": "97b815d9-c1b8-4b3a-ad7e-e094182d4d46",
            "type": "message",
            "text": "Dear Cristobal, cuál es el estado de su desarrollo blockchain. ¿Es la fuente compatible con mod harbour?",
            "user": "UJHD6A81H",
            "ts": "1598731701.145800",
            "team": "TJH5YU202",
            "blocks": [
                {
                    "type": "rich_text",
                    "block_id": "3Cj5",
                    "elements": [
                        {
                            "type": "rich_text_section",
                            "elements": [
                                {
                                    "type": "text",
                                    "text": "Dear Cristobal, cuál es el estado de su desarrollo blockchain. ¿Es la fuente compatible con mod harbour?"
                                }
                            ]
                        }
                    ]
                }
            ],
            "thread_ts": "1598731701.145800",
            "reply_count": 3,
            "reply_users_count": 1,
            "latest_reply": "1598738172.153100",
            "reply_users": [
                "UJUJLTWMT"
            ],
            "subscribed": false
        },
        "blocks": [
            {
                "type": "rich_text",
                "block_id": "tlw",
                "elements": [
                    {
                        "type": "rich_text_section",
                        "elements": [
                            {
                                "type": "text",
                                "text": "Dear Otto, totalmente funcional desde que la incluí en la versión 18.10 de Fivewin. Está en las libs de Fivewin, y un ejemplo en la carpeta samples: blockchain.prg\n"
                            },
                            {
                                "type": "link",
                                "url": "http:\/\/forums.fivetechsupport.com\/viewtopic.php?f=17&t=34973&start=15#p211321"
                            }
                        ]
                    }
                ]
            }
        ],
        "client_msg_id": "5c173517-29ef-4821-b0a5-1d3532c8a404"
    },
    {
        "type": "message",
        "subtype": "thread_broadcast",
        "text": "En cuanto a lo de la compatibilidad de la clase con Mod, no pensé en su diseño en su momento para que fuese independiente del GUI ( Fivewin ), pero no es nada difícil ponerme y si veo algún detalle solucionarlo. Para qué habías pensado utilizarla?",
        "user": "UJUJLTWMT",
        "ts": "1598737763.152800",
        "thread_ts": "1598731701.145800",
        "root": {
            "client_msg_id": "97b815d9-c1b8-4b3a-ad7e-e094182d4d46",
            "type": "message",
            "text": "Dear Cristobal, cuál es el estado de su desarrollo blockchain. ¿Es la fuente compatible con mod harbour?",
            "user": "UJHD6A81H",
            "ts": "1598731701.145800",
            "team": "TJH5YU202",
            "blocks": [
                {
                    "type": "rich_text",
                    "block_id": "3Cj5",
                    "elements": [
                        {
                            "type": "rich_text_section",
                            "elements": [
                                {
                                    "type": "text",
                                    "text": "Dear Cristobal, cuál es el estado de su desarrollo blockchain. ¿Es la fuente compatible con mod harbour?"
                                }
                            ]
                        }
                    ]
                }
            ],
            "thread_ts": "1598731701.145800",
            "reply_count": 3,
            "reply_users_count": 1,
            "latest_reply": "1598738172.153100",
            "reply_users": [
                "UJUJLTWMT"
            ],
            "subscribed": false
        },
        "blocks": [
            {
                "type": "rich_text",
                "block_id": "2D80m",
                "elements": [
                    {
                        "type": "rich_text_section",
                        "elements": [
                            {
                                "type": "text",
                                "text": "En cuanto a lo de la compatibilidad de la clase con Mod, no pensé en su diseño en su momento para que fuese independiente del GUI ( Fivewin ), pero no es nada difícil ponerme y si veo algún detalle solucionarlo. Para qué habías pensado utilizarla?"
                            }
                        ]
                    }
                ]
            }
        ],
        "client_msg_id": "7d66c67b-fb23-41a4-b5a7-210d9e5d1b3e"
    },
    {
        "type": "message",
        "subtype": "thread_broadcast",
        "text": "<@UJHD6A81H>, acabo de comprobar la clase y sustituyendo los DEFAULT de Fivewin por hb_default, funcionaría perfectamente",
        "user": "UJUJLTWMT",
        "ts": "1598738172.153100",
        "thread_ts": "1598731701.145800",
        "root": {
            "client_msg_id": "97b815d9-c1b8-4b3a-ad7e-e094182d4d46",
            "type": "message",
            "text": "Dear Cristobal, cuál es el estado de su desarrollo blockchain. ¿Es la fuente compatible con mod harbour?",
            "user": "UJHD6A81H",
            "ts": "1598731701.145800",
            "team": "TJH5YU202",
            "blocks": [
                {
                    "type": "rich_text",
                    "block_id": "3Cj5",
                    "elements": [
                        {
                            "type": "rich_text_section",
                            "elements": [
                                {
                                    "type": "text",
                                    "text": "Dear Cristobal, cuál es el estado de su desarrollo blockchain. ¿Es la fuente compatible con mod harbour?"
                                }
                            ]
                        }
                    ]
                }
            ],
            "thread_ts": "1598731701.145800",
            "reply_count": 3,
            "reply_users_count": 1,
            "latest_reply": "1598738172.153100",
            "reply_users": [
                "UJUJLTWMT"
            ],
            "subscribed": false
        },
        "blocks": [
            {
                "type": "rich_text",
                "block_id": "yydlO",
                "elements": [
                    {
                        "type": "rich_text_section",
                        "elements": [
                            {
                                "type": "user",
                                "user_id": "UJHD6A81H"
                            },
                            {
                                "type": "text",
                                "text": ", acabo de comprobar la clase y sustituyendo los DEFAULT de Fivewin por hb_default, funcionaría perfectamente"
                            }
                        ]
                    }
                ]
            }
        ],
        "client_msg_id": "de8d2ed5-b93d-41cc-bd01-ae70851d1356"
    },
    {
        "client_msg_id": "0bd2afe1-97cb-4031-9f79-8096ddade95a",
        "type": "message",
        "text": "Dear Cristobal, gracias. Comenzaré a probar mañana.",
        "user": "UJHD6A81H",
        "ts": "1598738257.154000",
        "team": "TJH5YU202",
        "user_team": "TJH5YU202",
        "source_team": "TJH5YU202",
        "user_profile": {
            "avatar_hash": "g6b8073e00e9",
            "image_72": "https:\/\/secure.gravatar.com\/avatar\/b96b8073e00e9eb02bcf05bc1418eb3a.jpg?s=72&d=https%3A%2F%2Fa.slack-edge.com%2Fdf10d%2Fimg%2Favatars%2Fava_0021-72.png",
            "first_name": "Otto",
            "real_name": "Otto Atzwanger",
            "display_name": "Otto",
            "team": "TJH5YU202",
            "name": "otto",
            "is_restricted": false,
            "is_ultra_restricted": false
        },
        "blocks": [
            {
                "type": "rich_text",
                "block_id": "Nxq",
                "elements": [
                    {
                        "type": "rich_text_section",
                        "elements": [
                            {
                                "type": "text",
                                "text": "Dear Cristobal, gracias. Comenzaré a probar mañana."
                            }
                        ]
                    }
                ]
            }
        ]
    },
    {
        "client_msg_id": "2b7f8377-874e-4f8e-8662-6e7ff2966f04",
        "type": "message",
        "text": "Hoy vi una publicación en la televisión sobre blockchain. Creo que será una técnica importante.",
        "user": "UJHD6A81H",
        "ts": "1598738315.154200",
        "team": "TJH5YU202",
        "user_team": "TJH5YU202",
        "source_team": "TJH5YU202",
        "user_profile": {
            "avatar_hash": "g6b8073e00e9",
            "image_72": "https:\/\/secure.gravatar.com\/avatar\/b96b8073e00e9eb02bcf05bc1418eb3a.jpg?s=72&d=https%3A%2F%2Fa.slack-edge.com%2Fdf10d%2Fimg%2Favatars%2Fava_0021-72.png",
            "first_name": "Otto",
            "real_name": "Otto Atzwanger",
            "display_name": "Otto",
            "team": "TJH5YU202",
            "name": "otto",
            "is_restricted": false,
            "is_ultra_restricted": false
        },
        "blocks": [
            {
                "type": "rich_text",
                "block_id": "Gzv",
                "elements": [
                    {
                        "type": "rich_text_section",
                        "elements": [
                            {
                                "type": "text",
                                "text": "Hoy vi una publicación en la televisión sobre blockchain. Creo que será una técnica importante."
                            }
                        ]
                    }
                ]
            }
        ]
    },
    {
        "client_msg_id": "26d8860e-1f48-4440-9742-ade36281a9ae",
        "type": "message",
        "text": "Cuando empecé con el tema y me puse a desarrollar la clase, esa fue mi sensación",
        "user": "UJUJLTWMT",
        "ts": "1598738351.154800",
        "team": "TJH5YU202",
        "user_team": "TJH5YU202",
        "source_team": "TJH5YU202",
        "user_profile": {
            "avatar_hash": "a60e3b1ef2d2",
            "image_72": "https:\/\/avatars.slack-edge.com\/2019-08-20\/726246109489_a60e3b1ef2d2c141969d_72.jpg",
            "first_name": "",
            "real_name": "Cristobal",
            "display_name": "Cristobal",
            "team": "TJH5YU202",
            "name": "navarro.cristobal",
            "is_restricted": false,
            "is_ultra_restricted": false
        },
        "blocks": [
            {
                "type": "rich_text",
                "block_id": "wLBE",
                "elements": [
                    {
                        "type": "rich_text_section",
                        "elements": [
                            {
                                "type": "text",
                                "text": "Cuando empecé con el tema y me puse a desarrollar la clase, esa fue mi sensación"
                            }
                        ]
                    }
                ]
            }
        ]
    },
    {
        "client_msg_id": "69fa4f1e-111b-48d0-8c6c-552730988f22",
        "type": "message",
        "text": "También creo que cambiará muchas cosas, formas de trabajar y profesiones (notarios, etc.).",
        "user": "UJHD6A81H",
        "ts": "1598738856.155100",
        "team": "TJH5YU202",
        "user_team": "TJH5YU202",
        "source_team": "TJH5YU202",
        "user_profile": {
            "avatar_hash": "g6b8073e00e9",
            "image_72": "https:\/\/secure.gravatar.com\/avatar\/b96b8073e00e9eb02bcf05bc1418eb3a.jpg?s=72&d=https%3A%2F%2Fa.slack-edge.com%2Fdf10d%2Fimg%2Favatars%2Fava_0021-72.png",
            "first_name": "Otto",
            "real_name": "Otto Atzwanger",
            "display_name": "Otto",
            "team": "TJH5YU202",
            "name": "otto",
            "is_restricted": false,
            "is_ultra_restricted": false
        },
        "blocks": [
            {
                "type": "rich_text",
                "block_id": "5P\/N",
                "elements": [
                    {
                        "type": "rich_text_section",
                        "elements": [
                            {
                                "type": "text",
                                "text": "También creo que cambiará muchas cosas, formas de trabajar y profesiones (notarios, etc.)."
                            }
                        ]
                    }
                ]
            }
        ]
    },
    {
        "client_msg_id": "21b77c8c-fed1-4e31-bf95-60cd730a1d22",
        "type": "message",
        "text": "Actas de nacimiento, actas de boda, venta de automóviles, venta de viviendas, etc., todo estará en una cadena de bloques.",
        "user": "UJHD6A81H",
        "ts": "1598738949.155400",
        "team": "TJH5YU202",
        "user_team": "TJH5YU202",
        "source_team": "TJH5YU202",
        "user_profile": {
            "avatar_hash": "g6b8073e00e9",
            "image_72": "https:\/\/secure.gravatar.com\/avatar\/b96b8073e00e9eb02bcf05bc1418eb3a.jpg?s=72&d=https%3A%2F%2Fa.slack-edge.com%2Fdf10d%2Fimg%2Favatars%2Fava_0021-72.png",
            "first_name": "Otto",
            "real_name": "Otto Atzwanger",
            "display_name": "Otto",
            "team": "TJH5YU202",
            "name": "otto",
            "is_restricted": false,
            "is_ultra_restricted": false
        },
        "blocks": [
            {
                "type": "rich_text",
                "block_id": "n5t",
                "elements": [
                    {
                        "type": "rich_text_section",
                        "elements": [
                            {
                                "type": "text",
                                "text": "Actas de nacimiento, actas de boda, venta de automóviles, venta de viviendas, etc., todo estará en una cadena de bloques."
                            }
                        ]
                    }
                ]
            }
        ]
    },
    {
        "client_msg_id": "ff424c29-1b58-4255-87d9-1cf9ab328565",
        "type": "message",
        "text": "Fundamentalmente bases de datos en las que la posibilidad de modificación sea algo de suma importancia, y por lo tanto el control de dichas modificaciones. Aunque su aplicación no se restringe sólo a ese tema.",
        "user": "UJUJLTWMT",
        "ts": "1598739047.157100",
        "team": "TJH5YU202",
        "user_team": "TJH5YU202",
        "source_team": "TJH5YU202",
        "user_profile": {
            "avatar_hash": "a60e3b1ef2d2",
            "image_72": "https:\/\/avatars.slack-edge.com\/2019-08-20\/726246109489_a60e3b1ef2d2c141969d_72.jpg",
            "first_name": "",
            "real_name": "Cristobal",
            "display_name": "Cristobal",
            "team": "TJH5YU202",
            "name": "navarro.cristobal",
            "is_restricted": false,
            "is_ultra_restricted": false
        },
        "blocks": [
            {
                "type": "rich_text",
                "block_id": "3xdM",
                "elements": [
                    {
                        "type": "rich_text_section",
                        "elements": [
                            {
                                "type": "text",
                                "text": "Fundamentalmente bases de datos en las que la posibilidad de modificación sea algo de suma importancia, y por lo tanto el control de dichas modificaciones. Aunque su aplicación no se restringe sólo a ese tema."
                            }
                        ]
                    }
                ]
            }
        ]
    },
    {
        "client_msg_id": "ee073eaf-0e4a-41cc-a754-9fe9eb1dad27",
        "type": "message",
        "text": "creo que el \"control\" no es lo importante: si cambias el protocolo proof-of-work por un sistema de control centralizado, el blockchain solo es realmente descentralizado para leer, y para eso hay opciones mejores",
        "user": "UNAHBRTFA",
        "ts": "1598740144.158600",
        "team": "TJH5YU202",
        "user_team": "TJH5YU202",
        "source_team": "TJH5YU202",
        "user_profile": {
            "avatar_hash": "g3d2a3f4c28c",
            "image_72": "https:\/\/secure.gravatar.com\/avatar\/23d2a3f4c28cebb4cf07e48d02620517.jpg?s=72&d=https%3A%2F%2Fa.slack-edge.com%2Fdf10d%2Fimg%2Favatars%2Fava_0020-72.png",
            "first_name": "Andreu",
            "real_name": "Andreu Botella",
            "display_name": "Andreu Botella",
            "team": "TJH5YU202",
            "name": "andreu.132",
            "is_restricted": false,
            "is_ultra_restricted": false
        },
        "edited": {
            "user": "UNAHBRTFA",
            "ts": "1598740207.000000"
        },
        "blocks": [
            {
                "type": "rich_text",
                "block_id": "eoN",
                "elements": [
                    {
                        "type": "rich_text_section",
                        "elements": [
                            {
                                "type": "text",
                                "text": "creo que el \"control\" no es lo importante: si cambias el protocolo proof-of-work por un sistema de control centralizado, el blockchain solo es realmente descentralizado para leer, y para eso hay opciones mejores"
                            }
                        ]
                    }
                ]
            }
        ]
    },
    {
        "client_msg_id": "5d7e56f8-7cd3-4011-bd4f-0280621b3d28",
        "type": "message",
        "text": "lo importante es el consenso (eventual) del sistema en su conjunto",
        "user": "UNAHBRTFA",
        "ts": "1598740180.159200",
        "team": "TJH5YU202",
        "user_team": "TJH5YU202",
        "source_team": "TJH5YU202",
        "user_profile": {
            "avatar_hash": "g3d2a3f4c28c",
            "image_72": "https:\/\/secure.gravatar.com\/avatar\/23d2a3f4c28cebb4cf07e48d02620517.jpg?s=72&d=https%3A%2F%2Fa.slack-edge.com%2Fdf10d%2Fimg%2Favatars%2Fava_0020-72.png",
            "first_name": "Andreu",
            "real_name": "Andreu Botella",
            "display_name": "Andreu Botella",
            "team": "TJH5YU202",
            "name": "andreu.132",
            "is_restricted": false,
            "is_ultra_restricted": false
        },
        "blocks": [
            {
                "type": "rich_text",
                "block_id": "9hDOY",
                "elements": [
                    {
                        "type": "rich_text_section",
                        "elements": [
                            {
                                "type": "text",
                                "text": "lo importante es el consenso (eventual) del sistema en su conjunto"
                            }
                        ]
                    }
                ]
            }
        ]
    },
    {
        "client_msg_id": "2f41a30f-8e3a-4612-bd37-32f508e7a693",
        "type": "message",
        "text": "Debe haber mejores opciones, no sé cuáles ( pregunto ), pero en el tema de transacciones económicas es muy utilizado.",
        "user": "UJUJLTWMT",
        "ts": "1598740520.160300",
        "team": "TJH5YU202",
        "user_team": "TJH5YU202",
        "source_team": "TJH5YU202",
        "user_profile": {
            "avatar_hash": "a60e3b1ef2d2",
            "image_72": "https:\/\/avatars.slack-edge.com\/2019-08-20\/726246109489_a60e3b1ef2d2c141969d_72.jpg",
            "first_name": "",
            "real_name": "Cristobal",
            "display_name": "Cristobal",
            "team": "TJH5YU202",
            "name": "navarro.cristobal",
            "is_restricted": false,
            "is_ultra_restricted": false
        },
        "blocks": [
            {
                "type": "rich_text",
                "block_id": "fe4",
                "elements": [
                    {
                        "type": "rich_text_section",
                        "elements": [
                            {
                                "type": "text",
                                "text": "Debe haber mejores opciones, no sé cuáles ( pregunto ), pero en el tema de transacciones económicas es muy utilizado."
                            }
                        ]
                    }
                ]
            }
        ]
    },
    {
        "client_msg_id": "c4224ab6-8c25-4f02-94c0-a39fa75bd6d3",
        "type": "message",
        "text": "si lo que quieres es controlar las modificaciones, puedes usar algo centralizado como un servidor que tú manejas, y todas las modificaciones de la base de datos son a través de ese servidor",
        "user": "UNAHBRTFA",
        "ts": "1598740609.161300",
        "team": "TJH5YU202",
        "user_team": "TJH5YU202",
        "source_team": "TJH5YU202",
        "user_profile": {
            "avatar_hash": "g3d2a3f4c28c",
            "image_72": "https:\/\/secure.gravatar.com\/avatar\/23d2a3f4c28cebb4cf07e48d02620517.jpg?s=72&d=https%3A%2F%2Fa.slack-edge.com%2Fdf10d%2Fimg%2Favatars%2Fava_0020-72.png",
            "first_name": "Andreu",
            "real_name": "Andreu Botella",
            "display_name": "Andreu Botella",
            "team": "TJH5YU202",
            "name": "andreu.132",
            "is_restricted": false,
            "is_ultra_restricted": false
        },
        "blocks": [
            {
                "type": "rich_text",
                "block_id": "EPh6",
                "elements": [
                    {
                        "type": "rich_text_section",
                        "elements": [
                            {
                                "type": "text",
                                "text": "si lo que quieres es controlar las modificaciones, puedes usar algo centralizado como un servidor que tú manejas, y todas las modificaciones de la base de datos son a través de ese servidor"
                            }
                        ]
                    }
                ]
            }
        ]
    },
    {
        "client_msg_id": "74745657-f946-459f-8211-2844a49dd17c",
        "type": "message",
        "text": "incluso puedes descentralizar las lecturas dejando que cualquiera se monte su caché",
        "user": "UNAHBRTFA",
        "ts": "1598740631.161800",
        "team": "TJH5YU202",
        "user_team": "TJH5YU202",
        "source_team": "TJH5YU202",
        "user_profile": {
            "avatar_hash": "g3d2a3f4c28c",
            "image_72": "https:\/\/secure.gravatar.com\/avatar\/23d2a3f4c28cebb4cf07e48d02620517.jpg?s=72&d=https%3A%2F%2Fa.slack-edge.com%2Fdf10d%2Fimg%2Favatars%2Fava_0020-72.png",
            "first_name": "Andreu",
            "real_name": "Andreu Botella",
            "display_name": "Andreu Botella",
            "team": "TJH5YU202",
            "name": "andreu.132",
            "is_restricted": false,
            "is_ultra_restricted": false
        },
        "blocks": [
            {
                "type": "rich_text",
                "block_id": "DmIGK",
                "elements": [
                    {
                        "type": "rich_text_section",
                        "elements": [
                            {
                                "type": "text",
                                "text": "incluso puedes descentralizar las lecturas dejando que cualquiera se monte su caché"
                            }
                        ]
                    }
                ]
            }
        ]
    },
    {
        "client_msg_id": "bfa33b82-1ebe-499e-8b52-b1ede1eb764d",
        "type": "message",
        "text": "pero si quieres descentralizar y distribuir las transacciones, estás dejando de lado el control",
        "user": "UNAHBRTFA",
        "ts": "1598740656.162200",
        "team": "TJH5YU202",
        "user_team": "TJH5YU202",
        "source_team": "TJH5YU202",
        "user_profile": {
            "avatar_hash": "g3d2a3f4c28c",
            "image_72": "https:\/\/secure.gravatar.com\/avatar\/23d2a3f4c28cebb4cf07e48d02620517.jpg?s=72&d=https%3A%2F%2Fa.slack-edge.com%2Fdf10d%2Fimg%2Favatars%2Fava_0020-72.png",
            "first_name": "Andreu",
            "real_name": "Andreu Botella",
            "display_name": "Andreu Botella",
            "team": "TJH5YU202",
            "name": "andreu.132",
            "is_restricted": false,
            "is_ultra_restricted": false
        },
        "blocks": [
            {
                "type": "rich_text",
                "block_id": "kdh2",
                "elements": [
                    {
                        "type": "rich_text_section",
                        "elements": [
                            {
                                "type": "text",
                                "text": "pero si quieres descentralizar y distribuir las transacciones, estás dejando de lado el control"
                            }
                        ]
                    }
                ]
            }
        ]
    },
    {
        "client_msg_id": "42e92bb0-3094-4bb6-9b4c-2a3005707e57",
        "type": "message",
        "text": "Estoy hablando de algo que se pueda \"auditar\", creía que te referías a técnicas serias",
        "user": "UJUJLTWMT",
        "ts": "1598740687.162900",
        "team": "TJH5YU202",
        "user_team": "TJH5YU202",
        "source_team": "TJH5YU202",
        "user_profile": {
            "avatar_hash": "a60e3b1ef2d2",
            "image_72": "https:\/\/avatars.slack-edge.com\/2019-08-20\/726246109489_a60e3b1ef2d2c141969d_72.jpg",
            "first_name": "",
            "real_name": "Cristobal",
            "display_name": "Cristobal",
            "team": "TJH5YU202",
            "name": "navarro.cristobal",
            "is_restricted": false,
            "is_ultra_restricted": false
        },
        "blocks": [
            {
                "type": "rich_text",
                "block_id": "lbW",
                "elements": [
                    {
                        "type": "rich_text_section",
                        "elements": [
                            {
                                "type": "text",
                                "text": "Estoy hablando de algo que se pueda \"auditar\", creía que te referías a técnicas serias"
                            }
                        ]
                    }
                ]
            }
        ]
    },
    {
        "client_msg_id": "6cddb1bc-c4ee-4820-9872-3c05adfeea42",
        "type": "message",
        "text": "los bancos online hacen eso",
        "user": "UNAHBRTFA",
        "ts": "1598740911.164500",
        "team": "TJH5YU202",
        "user_team": "TJH5YU202",
        "source_team": "TJH5YU202",
        "user_profile": {
            "avatar_hash": "g3d2a3f4c28c",
            "image_72": "https:\/\/secure.gravatar.com\/avatar\/23d2a3f4c28cebb4cf07e48d02620517.jpg?s=72&d=https%3A%2F%2Fa.slack-edge.com%2Fdf10d%2Fimg%2Favatars%2Fava_0020-72.png",
            "first_name": "Andreu",
            "real_name": "Andreu Botella",
            "display_name": "Andreu Botella",
            "team": "TJH5YU202",
            "name": "andreu.132",
            "is_restricted": false,
            "is_ultra_restricted": false
        },
        "blocks": [
            {
                "type": "rich_text",
                "block_id": "DxoP",
                "elements": [
                    {
                        "type": "rich_text_section",
                        "elements": [
                            {
                                "type": "text",
                                "text": "los bancos online hacen eso"
                            }
                        ]
                    }
                ]
            }
        ]
    },
    {
        "client_msg_id": "46a3dc9b-5f60-4d03-b56b-a33eede1d3e8",
        "type": "message",
        "text": "Además creo recordar que este concepto salió a la luz precisamente como una solucion al uso de bases de datos descentralizadas, o distribuídas, o no sé bien como definirlas exactamente, pero creo que se entiende.",
        "user": "UJUJLTWMT",
        "ts": "1598740925.164900",
        "team": "TJH5YU202",
        "user_team": "TJH5YU202",
        "source_team": "TJH5YU202",
        "user_profile": {
            "avatar_hash": "a60e3b1ef2d2",
            "image_72": "https:\/\/avatars.slack-edge.com\/2019-08-20\/726246109489_a60e3b1ef2d2c141969d_72.jpg",
            "first_name": "",
            "real_name": "Cristobal",
            "display_name": "Cristobal",
            "team": "TJH5YU202",
            "name": "navarro.cristobal",
            "is_restricted": false,
            "is_ultra_restricted": false
        },
        "blocks": [
            {
                "type": "rich_text",
                "block_id": "jyoG7",
                "elements": [
                    {
                        "type": "rich_text_section",
                        "elements": [
                            {
                                "type": "text",
                                "text": "Además creo recordar que este concepto salió a la luz precisamente como una solucion al uso de bases de datos descentralizadas, o distribuídas, o no sé bien como definirlas exactamente, pero creo que se entiende."
                            }
                        ]
                    }
                ]
            }
        ]
    },
    {
        "client_msg_id": "5af1a186-38e7-4079-a1ce-7a1d53cccbe6",
        "type": "message",
        "text": "Hay una escena blockchain muy activa en Zurich, Suiza.\n<https:\/\/www.nzz.ch\/zuerich\/blockchain-zuerich-ist-auf-dem-weg-zur-crypto-city-ld.1506367>",
        "user": "UJHD6A81H",
        "ts": "1598741048.165100",
        "team": "TJH5YU202",
        "user_team": "TJH5YU202",
        "source_team": "TJH5YU202",
        "user_profile": {
            "avatar_hash": "g6b8073e00e9",
            "image_72": "https:\/\/secure.gravatar.com\/avatar\/b96b8073e00e9eb02bcf05bc1418eb3a.jpg?s=72&d=https%3A%2F%2Fa.slack-edge.com%2Fdf10d%2Fimg%2Favatars%2Fava_0021-72.png",
            "first_name": "Otto",
            "real_name": "Otto Atzwanger",
            "display_name": "Otto",
            "team": "TJH5YU202",
            "name": "otto",
            "is_restricted": false,
            "is_ultra_restricted": false
        },
        "attachments": [
            {
                "service_name": "Neue Zürcher Zeitung",
                "title": "Blockchain: Zürich ist auf dem Weg zur «Crypto City»",
                "title_link": "https:\/\/www.nzz.ch\/zuerich\/blockchain-zuerich-ist-auf-dem-weg-zur-crypto-city-ld.1506367",
                "text": "In der Stadt Zürich wächst eine ganz eigene Blockchain-Szene heran. Hier stellen sich Startups vermehrt die Frage, wie die disruptive Technologie die Gesellschaft umkrempelt.",
                "fallback": "Neue Zürcher Zeitung: Blockchain: Zürich ist auf dem Weg zur «Crypto City»",
                "image_url": "https:\/\/img.nzz.ch\/C=W4699,H2639.272,X0,Y1029.8642\/S=W1200M,H674M\/O=75\/C=AR1200x674\/https:\/\/nzz-img.s3.amazonaws.com\/2019\/9\/6\/df807c3e-c6a1-4629-a1b4-f45d2a45e305.jpeg?wmark=nzz",
                "image_width": 445,
                "image_height": 250,
                "from_url": "https:\/\/www.nzz.ch\/zuerich\/blockchain-zuerich-ist-auf-dem-weg-zur-crypto-city-ld.1506367",
                "image_bytes": 82503,
                "service_icon": "https:\/\/assets.static-nzz.ch\/nzz\/app\/static\/favicon\/favicon-96x96.png?v=3",
                "id": 1,
                "original_url": "https:\/\/www.nzz.ch\/zuerich\/blockchain-zuerich-ist-auf-dem-weg-zur-crypto-city-ld.1506367"
            }
        ],
        "blocks": [
            {
                "type": "rich_text",
                "block_id": "JUAxv",
                "elements": [
                    {
                        "type": "rich_text_section",
                        "elements": [
                            {
                                "type": "text",
                                "text": "Hay una escena blockchain muy activa en Zurich, Suiza.\n"
                            },
                            {
                                "type": "link",
                                "url": "https:\/\/www.nzz.ch\/zuerich\/blockchain-zuerich-ist-auf-dem-weg-zur-crypto-city-ld.1506367"
                            }
                        ]
                    }
                ]
            }
        ]
    },
    {
        "client_msg_id": "99b5503e-fe4e-4fe4-b90d-b28a7d56de75",
        "type": "message",
        "text": "tecnología disruptiva",
        "user": "UJHD6A81H",
        "ts": "1598741079.165400",
        "team": "TJH5YU202",
        "user_team": "TJH5YU202",
        "source_team": "TJH5YU202",
        "user_profile": {
            "avatar_hash": "g6b8073e00e9",
            "image_72": "https:\/\/secure.gravatar.com\/avatar\/b96b8073e00e9eb02bcf05bc1418eb3a.jpg?s=72&d=https%3A%2F%2Fa.slack-edge.com%2Fdf10d%2Fimg%2Favatars%2Fava_0021-72.png",
            "first_name": "Otto",
            "real_name": "Otto Atzwanger",
            "display_name": "Otto",
            "team": "TJH5YU202",
            "name": "otto",
            "is_restricted": false,
            "is_ultra_restricted": false
        },
        "blocks": [
            {
                "type": "rich_text",
                "block_id": "fD88E",
                "elements": [
                    {
                        "type": "rich_text_section",
                        "elements": [
                            {
                                "type": "text",
                                "text": "tecnología disruptiva"
                            }
                        ]
                    }
                ]
            }
        ]
    },
    {
        "client_msg_id": "5ef93756-4609-4ebb-b155-de4b6d71bea5",
        "type": "message",
        "text": "no tengo muy claro yo la diferencia entre distribuido y descentralizado, pero al parecer distribuido significa que todos los nodos de la red son iguales (a lo P2P), mientras que en sistemas descentralizados tienes clientes y servidores, pero hay múltiples servidores",
        "user": "UNAHBRTFA",
        "ts": "1598741500.167900",
        "team": "TJH5YU202",
        "user_team": "TJH5YU202",
        "source_team": "TJH5YU202",
        "user_profile": {
            "avatar_hash": "g3d2a3f4c28c",
            "image_72": "https:\/\/secure.gravatar.com\/avatar\/23d2a3f4c28cebb4cf07e48d02620517.jpg?s=72&d=https%3A%2F%2Fa.slack-edge.com%2Fdf10d%2Fimg%2Favatars%2Fava_0020-72.png",
            "first_name": "Andreu",
            "real_name": "Andreu Botella",
            "display_name": "Andreu Botella",
            "team": "TJH5YU202",
            "name": "andreu.132",
            "is_restricted": false,
            "is_ultra_restricted": false
        },
        "blocks": [
            {
                "type": "rich_text",
                "block_id": "h+3",
                "elements": [
                    {
                        "type": "rich_text_section",
                        "elements": [
                            {
                                "type": "text",
                                "text": "no tengo muy claro yo la diferencia entre distribuido y descentralizado, pero al parecer distribuido significa que todos los nodos de la red son iguales (a lo P2P), mientras que en sistemas descentralizados tienes clientes y servidores, pero hay múltiples servidores"
                            }
                        ]
                    }
                ]
            }
        ]
    },
    {
        "client_msg_id": "9a66300a-eeb5-4c05-a994-fecb6114a83c",
        "type": "message",
        "text": "en este sentido, el blockchain típico sería descentralizado",
        "user": "UNAHBRTFA",
        "ts": "1598741516.168500",
        "team": "TJH5YU202",
        "user_team": "TJH5YU202",
        "source_team": "TJH5YU202",
        "user_profile": {
            "avatar_hash": "g3d2a3f4c28c",
            "image_72": "https:\/\/secure.gravatar.com\/avatar\/23d2a3f4c28cebb4cf07e48d02620517.jpg?s=72&d=https%3A%2F%2Fa.slack-edge.com%2Fdf10d%2Fimg%2Favatars%2Fava_0020-72.png",
            "first_name": "Andreu",
            "real_name": "Andreu Botella",
            "display_name": "Andreu Botella",
            "team": "TJH5YU202",
            "name": "andreu.132",
            "is_restricted": false,
            "is_ultra_restricted": false
        },
        "blocks": [
            {
                "type": "rich_text",
                "block_id": "e8b4c",
                "elements": [
                    {
                        "type": "rich_text_section",
                        "elements": [
                            {
                                "type": "text",
                                "text": "en este sentido, el blockchain típico sería descentralizado"
                            }
                        ]
                    }
                ]
            }
        ]
    },
    {
        "client_msg_id": "477b4fde-6da1-4b09-8ca1-637ec0892f54",
        "type": "message",
        "text": "pero si ponemos esto en términos de barreras a la entrada, un sistema centralizado no permite entidades que modifiquen la base de datos a parte de la entidad que controla el sistema en sí",
        "user": "UNAHBRTFA",
        "ts": "1598741588.169800",
        "team": "TJH5YU202",
        "user_team": "TJH5YU202",
        "source_team": "TJH5YU202",
        "user_profile": {
            "avatar_hash": "g3d2a3f4c28c",
            "image_72": "https:\/\/secure.gravatar.com\/avatar\/23d2a3f4c28cebb4cf07e48d02620517.jpg?s=72&d=https%3A%2F%2Fa.slack-edge.com%2Fdf10d%2Fimg%2Favatars%2Fava_0020-72.png",
            "first_name": "Andreu",
            "real_name": "Andreu Botella",
            "display_name": "Andreu Botella",
            "team": "TJH5YU202",
            "name": "andreu.132",
            "is_restricted": false,
            "is_ultra_restricted": false
        },
        "blocks": [
            {
                "type": "rich_text",
                "block_id": "b3vwM",
                "elements": [
                    {
                        "type": "rich_text_section",
                        "elements": [
                            {
                                "type": "text",
                                "text": "pero si ponemos esto en términos de barreras a la entrada, un sistema centralizado no permite entidades que modifiquen la base de datos a parte de la entidad que controla el sistema en sí"
                            }
                        ]
                    }
                ]
            }
        ]
    },
    {
        "client_msg_id": "d7f30a6d-e0d4-4d36-9db9-51d368e6e6b6",
        "type": "message",
        "text": "muchos sistemas descentralizados son descentralizados en el sentido de que una única entidad controla múltiples servidores, y el blockchain no es eso",
        "user": "UNAHBRTFA",
        "ts": "1598741622.170700",
        "team": "TJH5YU202",
        "user_team": "TJH5YU202",
        "source_team": "TJH5YU202",
        "user_profile": {
            "avatar_hash": "g3d2a3f4c28c",
            "image_72": "https:\/\/secure.gravatar.com\/avatar\/23d2a3f4c28cebb4cf07e48d02620517.jpg?s=72&d=https%3A%2F%2Fa.slack-edge.com%2Fdf10d%2Fimg%2Favatars%2Fava_0020-72.png",
            "first_name": "Andreu",
            "real_name": "Andreu Botella",
            "display_name": "Andreu Botella",
            "team": "TJH5YU202",
            "name": "andreu.132",
            "is_restricted": false,
            "is_ultra_restricted": false
        },
        "edited": {
            "user": "UNAHBRTFA",
            "ts": "1598741628.000000"
        },
        "blocks": [
            {
                "type": "rich_text",
                "block_id": "Anvp",
                "elements": [
                    {
                        "type": "rich_text_section",
                        "elements": [
                            {
                                "type": "text",
                                "text": "muchos sistemas descentralizados son descentralizados en el sentido de que una única entidad controla múltiples servidores, y el blockchain no es eso"
                            }
                        ]
                    }
                ]
            }
        ]
    },
    {
        "client_msg_id": "934a5304-8a4d-4ddf-bc62-5b4d5fc014b9",
        "type": "message",
        "text": "de nuevo, es relativamente sencillo tener un único proveedor de modificaciones (sea centralizado o no en términos absolutos) y que la lectura sea distribuida",
        "user": "UNAHBRTFA",
        "ts": "1598741706.171900",
        "team": "TJH5YU202",
        "user_team": "TJH5YU202",
        "source_team": "TJH5YU202",
        "user_profile": {
            "avatar_hash": "g3d2a3f4c28c",
            "image_72": "https:\/\/secure.gravatar.com\/avatar\/23d2a3f4c28cebb4cf07e48d02620517.jpg?s=72&d=https%3A%2F%2Fa.slack-edge.com%2Fdf10d%2Fimg%2Favatars%2Fava_0020-72.png",
            "first_name": "Andreu",
            "real_name": "Andreu Botella",
            "display_name": "Andreu Botella",
            "team": "TJH5YU202",
            "name": "andreu.132",
            "is_restricted": false,
            "is_ultra_restricted": false
        },
        "blocks": [
            {
                "type": "rich_text",
                "block_id": "TrdU",
                "elements": [
                    {
                        "type": "rich_text_section",
                        "elements": [
                            {
                                "type": "text",
                                "text": "de nuevo, es relativamente sencillo tener un único proveedor de modificaciones (sea centralizado o no en términos absolutos) y que la lectura sea distribuida"
                            }
                        ]
                    }
                ]
            }
        ]
    },
    {
        "client_msg_id": "af937360-d5d4-413b-b4fe-245963e65890",
        "type": "message",
        "text": "y eso es lo que hacen los bancos online, así que tiene que ser auditable",
        "user": "UNAHBRTFA",
        "ts": "1598741744.172800",
        "team": "TJH5YU202",
        "user_team": "TJH5YU202",
        "source_team": "TJH5YU202",
        "user_profile": {
            "avatar_hash": "g3d2a3f4c28c",
            "image_72": "https:\/\/secure.gravatar.com\/avatar\/23d2a3f4c28cebb4cf07e48d02620517.jpg?s=72&d=https%3A%2F%2Fa.slack-edge.com%2Fdf10d%2Fimg%2Favatars%2Fava_0020-72.png",
            "first_name": "Andreu",
            "real_name": "Andreu Botella",
            "display_name": "Andreu Botella",
            "team": "TJH5YU202",
            "name": "andreu.132",
            "is_restricted": false,
            "is_ultra_restricted": false
        },
        "blocks": [
            {
                "type": "rich_text",
                "block_id": "2UvWA",
                "elements": [
                    {
                        "type": "rich_text_section",
                        "elements": [
                            {
                                "type": "text",
                                "text": "y eso es lo que hacen los bancos online, así que tiene que ser auditable"
                            }
                        ]
                    }
                ]
            }
        ]
    },
    {
        "client_msg_id": "e90691d0-6444-4980-9f61-52bb0cdb430f",
        "type": "message",
        "text": "pero si quieres que la barrera de entrada para modificaciones no sea infinita, no puedes mantener tú el control",
        "user": "UNAHBRTFA",
        "ts": "1598741793.173500",
        "team": "TJH5YU202",
        "user_team": "TJH5YU202",
        "source_team": "TJH5YU202",
        "user_profile": {
            "avatar_hash": "g3d2a3f4c28c",
            "image_72": "https:\/\/secure.gravatar.com\/avatar\/23d2a3f4c28cebb4cf07e48d02620517.jpg?s=72&d=https%3A%2F%2Fa.slack-edge.com%2Fdf10d%2Fimg%2Favatars%2Fava_0020-72.png",
            "first_name": "Andreu",
            "real_name": "Andreu Botella",
            "display_name": "Andreu Botella",
            "team": "TJH5YU202",
            "name": "andreu.132",
            "is_restricted": false,
            "is_ultra_restricted": false
        },
        "blocks": [
            {
                "type": "rich_text",
                "block_id": "AEy\/i",
                "elements": [
                    {
                        "type": "rich_text_section",
                        "elements": [
                            {
                                "type": "text",
                                "text": "pero si quieres que la barrera de entrada para modificaciones no sea infinita, no puedes mantener tú el control"
                            }
                        ]
                    }
                ]
            }
        ]
    },
    {
        "client_msg_id": "63e373ca-0cdd-45be-9c24-0b8074229d75",
        "type": "message",
        "text": "ahora bien, el sistema proof-of-work que utilizan bitcoin, ethereum, etc. es esencialmente gastar ciclos de computación en nada útil",
        "user": "UNAHBRTFA",
        "ts": "1598741885.174400",
        "team": "TJH5YU202",
        "user_team": "TJH5YU202",
        "source_team": "TJH5YU202",
        "user_profile": {
            "avatar_hash": "g3d2a3f4c28c",
            "image_72": "https:\/\/secure.gravatar.com\/avatar\/23d2a3f4c28cebb4cf07e48d02620517.jpg?s=72&d=https%3A%2F%2Fa.slack-edge.com%2Fdf10d%2Fimg%2Favatars%2Fava_0020-72.png",
            "first_name": "Andreu",
            "real_name": "Andreu Botella",
            "display_name": "Andreu Botella",
            "team": "TJH5YU202",
            "name": "andreu.132",
            "is_restricted": false,
            "is_ultra_restricted": false
        },
        "blocks": [
            {
                "type": "rich_text",
                "block_id": "sQQFg",
                "elements": [
                    {
                        "type": "rich_text_section",
                        "elements": [
                            {
                                "type": "text",
                                "text": "ahora bien, el sistema proof-of-work que utilizan bitcoin, ethereum, etc. es esencialmente gastar ciclos de computación en nada útil"
                            }
                        ]
                    }
                ]
            }
        ]
    },
    {
        "client_msg_id": "dbd295a9-6443-4724-9671-776d9a238a00",
        "type": "message",
        "text": "Andreu, la pregunta que debes hacerte es cómo iniciamos la blockchain del puerto mod.\n177 miembros flojos pagan cada uno 1000 €. Entonces, ¿qué sigue?\n177.000 € de capital inicial. ¿Cómo continuamos?",
        "user": "UJHD6A81H",
        "ts": "1598741930.175200",
        "team": "TJH5YU202",
        "user_team": "TJH5YU202",
        "source_team": "TJH5YU202",
        "user_profile": {
            "avatar_hash": "g6b8073e00e9",
            "image_72": "https:\/\/secure.gravatar.com\/avatar\/b96b8073e00e9eb02bcf05bc1418eb3a.jpg?s=72&d=https%3A%2F%2Fa.slack-edge.com%2Fdf10d%2Fimg%2Favatars%2Fava_0021-72.png",
            "first_name": "Otto",
            "real_name": "Otto Atzwanger",
            "display_name": "Otto",
            "team": "TJH5YU202",
            "name": "otto",
            "is_restricted": false,
            "is_ultra_restricted": false
        },
        "blocks": [
            {
                "type": "rich_text",
                "block_id": "8gz",
                "elements": [
                    {
                        "type": "rich_text_section",
                        "elements": [
                            {
                                "type": "text",
                                "text": "Andreu, la pregunta que debes hacerte es cómo iniciamos la blockchain del puerto mod.\n177 miembros flojos pagan cada uno 1000 €. Entonces, ¿qué sigue?\n177.000 € de capital inicial. ¿Cómo continuamos?"
                            }
                        ]
                    }
                ]
            }
        ]
    },
    {
        "client_msg_id": "64023194-0bc9-47dc-9afc-e0ead637b384",
        "type": "message",
        "text": "hay alternativas, que usan esa computación para hacer cálculos de SETI u otros proyectos científicos",
        "user": "UNAHBRTFA",
        "ts": "1598741932.175300",
        "team": "TJH5YU202",
        "user_team": "TJH5YU202",
        "source_team": "TJH5YU202",
        "user_profile": {
            "avatar_hash": "g3d2a3f4c28c",
            "image_72": "https:\/\/secure.gravatar.com\/avatar\/23d2a3f4c28cebb4cf07e48d02620517.jpg?s=72&d=https%3A%2F%2Fa.slack-edge.com%2Fdf10d%2Fimg%2Favatars%2Fava_0020-72.png",
            "first_name": "Andreu",
            "real_name": "Andreu Botella",
            "display_name": "Andreu Botella",
            "team": "TJH5YU202",
            "name": "andreu.132",
            "is_restricted": false,
            "is_ultra_restricted": false
        },
        "blocks": [
            {
                "type": "rich_text",
                "block_id": "Jvu",
                "elements": [
                    {
                        "type": "rich_text_section",
                        "elements": [
                            {
                                "type": "text",
                                "text": "hay alternativas, que usan esa computación para hacer cálculos de SETI u otros proyectos científicos"
                            }
                        ]
                    }
                ]
            }
        ]
    },
    {
        "client_msg_id": "e5d557bb-5f01-49bc-836e-304483f3376a",
        "type": "message",
        "text": "el blockchain solo es una base de datos, aunque una un poco excéntrica",
        "user": "UNAHBRTFA",
        "ts": "1598742080.175900",
        "team": "TJH5YU202",
        "user_team": "TJH5YU202",
        "source_team": "TJH5YU202",
        "user_profile": {
            "avatar_hash": "g3d2a3f4c28c",
            "image_72": "https:\/\/secure.gravatar.com\/avatar\/23d2a3f4c28cebb4cf07e48d02620517.jpg?s=72&d=https%3A%2F%2Fa.slack-edge.com%2Fdf10d%2Fimg%2Favatars%2Fava_0020-72.png",
            "first_name": "Andreu",
            "real_name": "Andreu Botella",
            "display_name": "Andreu Botella",
            "team": "TJH5YU202",
            "name": "andreu.132",
            "is_restricted": false,
            "is_ultra_restricted": false
        },
        "blocks": [
            {
                "type": "rich_text",
                "block_id": "8eS",
                "elements": [
                    {
                        "type": "rich_text_section",
                        "elements": [
                            {
                                "type": "text",
                                "text": "el blockchain solo es una base de datos, aunque una un poco excéntrica"
                            }
                        ]
                    }
                ]
            }
        ]
    },
    {
        "client_msg_id": "b5c46fb3-eb4f-4b06-a1aa-5a952b7cc010",
        "type": "message",
        "text": "puede tener proyectos económicos.",
        "user": "UJHD6A81H",
        "ts": "1598742086.176300",
        "team": "TJH5YU202",
        "user_team": "TJH5YU202",
        "source_team": "TJH5YU202",
        "user_profile": {
            "avatar_hash": "g6b8073e00e9",
            "image_72": "https:\/\/secure.gravatar.com\/avatar\/b96b8073e00e9eb02bcf05bc1418eb3a.jpg?s=72&d=https%3A%2F%2Fa.slack-edge.com%2Fdf10d%2Fimg%2Favatars%2Fava_0021-72.png",
            "first_name": "Otto",
            "real_name": "Otto Atzwanger",
            "display_name": "Otto",
            "team": "TJH5YU202",
            "name": "otto",
            "is_restricted": false,
            "is_ultra_restricted": false
        },
        "blocks": [
            {
                "type": "rich_text",
                "block_id": "6BjAA",
                "elements": [
                    {
                        "type": "rich_text_section",
                        "elements": [
                            {
                                "type": "text",
                                "text": "puede tener proyectos económicos."
                            }
                        ]
                    }
                ]
            }
        ]
    },
    {
        "client_msg_id": "1d078c30-d043-4c81-be64-11b45a5a19ba",
        "type": "message",
        "text": "blockchain ≠ criptomoneda",
        "user": "UNAHBRTFA",
        "ts": "1598742091.176500",
        "team": "TJH5YU202",
        "user_team": "TJH5YU202",
        "source_team": "TJH5YU202",
        "user_profile": {
            "avatar_hash": "g3d2a3f4c28c",
            "image_72": "https:\/\/secure.gravatar.com\/avatar\/23d2a3f4c28cebb4cf07e48d02620517.jpg?s=72&d=https%3A%2F%2Fa.slack-edge.com%2Fdf10d%2Fimg%2Favatars%2Fava_0020-72.png",
            "first_name": "Andreu",
            "real_name": "Andreu Botella",
            "display_name": "Andreu Botella",
            "team": "TJH5YU202",
            "name": "andreu.132",
            "is_restricted": false,
            "is_ultra_restricted": false
        },
        "blocks": [
            {
                "type": "rich_text",
                "block_id": "ncjq",
                "elements": [
                    {
                        "type": "rich_text_section",
                        "elements": [
                            {
                                "type": "text",
                                "text": "blockchain ≠ criptomoneda"
                            }
                        ]
                    }
                ]
            }
        ]
    },
    {
        "client_msg_id": "dda8b1ae-5af0-4be7-be00-f542aa209daa",
        "type": "message",
        "text": "Blockchain = comunidades. Algo que los gobiernos y burócratas odian.",
        "user": "UM81W8B0Q",
        "ts": "1598742172.177600",
        "team": "TJH5YU202",
        "user_team": "TJH5YU202",
        "source_team": "TJH5YU202",
        "user_profile": {
            "avatar_hash": "gab9279ee8c0",
            "image_72": "https:\/\/secure.gravatar.com\/avatar\/73ab9279ee8c00f66ce4904d30146c8f.jpg?s=72&d=https%3A%2F%2Fa.slack-edge.com%2Fdf10d%2Fimg%2Favatars%2Fava_0010-72.png",
            "first_name": "",
            "real_name": "Angel Pais",
            "display_name": "Angel Pais",
            "team": "TJH5YU202",
            "name": "amigosam",
            "is_restricted": false,
            "is_ultra_restricted": false
        },
        "blocks": [
            {
                "type": "rich_text",
                "block_id": "KmCEI",
                "elements": [
                    {
                        "type": "rich_text_section",
                        "elements": [
                            {
                                "type": "text",
                                "text": "Blockchain = comunidades. Algo que los gobiernos y burócratas odian."
                            }
                        ]
                    }
                ]
            }
        ],
        "reactions": [
            {
                "name": "+1",
                "users": [
                    "UJHD6A81H"
                ],
                "count": 1
            }
        ]
    },
    {
        "client_msg_id": "c3779507-1e4f-4cf5-a966-ef3beee717cd",
        "type": "message",
        "text": "no creo que sea necesario, ni útil, crear un sistema basado en blockchain nosotros",
        "user": "UNAHBRTFA",
        "ts": "1598742184.177800",
        "team": "TJH5YU202",
        "user_team": "TJH5YU202",
        "source_team": "TJH5YU202",
        "user_profile": {
            "avatar_hash": "g3d2a3f4c28c",
            "image_72": "https:\/\/secure.gravatar.com\/avatar\/23d2a3f4c28cebb4cf07e48d02620517.jpg?s=72&d=https%3A%2F%2Fa.slack-edge.com%2Fdf10d%2Fimg%2Favatars%2Fava_0020-72.png",
            "first_name": "Andreu",
            "real_name": "Andreu Botella",
            "display_name": "Andreu Botella",
            "team": "TJH5YU202",
            "name": "andreu.132",
            "is_restricted": false,
            "is_ultra_restricted": false
        },
        "blocks": [
            {
                "type": "rich_text",
                "block_id": "cF9JN",
                "elements": [
                    {
                        "type": "rich_text_section",
                        "elements": [
                            {
                                "type": "text",
                                "text": "no creo que sea necesario, ni útil, crear un sistema basado en blockchain nosotros"
                            }
                        ]
                    }
                ]
            }
        ]
    },
    {
        "client_msg_id": "3f5c643f-0a27-4fbf-b976-fbedcde4d150",
        "type": "message",
        "text": "pero desarrollar herramientas que permitan usar blockchains (nuevas o existentes) en nuestros proyectos es otra cosa",
        "user": "UNAHBRTFA",
        "ts": "1598742203.178400",
        "team": "TJH5YU202",
        "user_team": "TJH5YU202",
        "source_team": "TJH5YU202",
        "user_profile": {
            "avatar_hash": "g3d2a3f4c28c",
            "image_72": "https:\/\/secure.gravatar.com\/avatar\/23d2a3f4c28cebb4cf07e48d02620517.jpg?s=72&d=https%3A%2F%2Fa.slack-edge.com%2Fdf10d%2Fimg%2Favatars%2Fava_0020-72.png",
            "first_name": "Andreu",
            "real_name": "Andreu Botella",
            "display_name": "Andreu Botella",
            "team": "TJH5YU202",
            "name": "andreu.132",
            "is_restricted": false,
            "is_ultra_restricted": false
        },
        "edited": {
            "user": "UNAHBRTFA",
            "ts": "1598742258.000000"
        },
        "blocks": [
            {
                "type": "rich_text",
                "block_id": "H+en1",
                "elements": [
                    {
                        "type": "rich_text_section",
                        "elements": [
                            {
                                "type": "text",
                                "text": "pero desarrollar herramientas que permitan usar blockchains (nuevas o existentes) en nuestros proyectos es otra cosa"
                            }
                        ]
                    }
                ]
            }
        ]
    },
    {
        "client_msg_id": "0A842AAD-7CC6-4028-93BE-14780073B9C4",
        "type": "message",
        "text": "Buenas noches. ",
        "user": "UJXP7LS78",
        "ts": "1598748160.179100",
        "team": "TJH5YU202",
        "user_team": "TJH5YU202",
        "source_team": "TJH5YU202",
        "user_profile": {
            "avatar_hash": "gc4a0baebb72",
            "image_72": "https:\/\/secure.gravatar.com\/avatar\/a1c4a0baebb720b97e5a197259dbf409.jpg?s=72&d=https%3A%2F%2Fa.slack-edge.com%2Fdf10d%2Fimg%2Favatars%2Fava_0007-72.png",
            "first_name": "",
            "real_name": "wilson gamboa",
            "display_name": "wilson gamboa",
            "team": "TJH5YU202",
            "name": "wilson.josenet",
            "is_restricted": false,
            "is_ultra_restricted": false
        },
        "blocks": [
            {
                "type": "rich_text",
                "block_id": "=Z+",
                "elements": [
                    {
                        "type": "rich_text_section",
                        "elements": [
                            {
                                "type": "text",
                                "text": "Buenas noches. "
                            }
                        ]
                    }
                ]
            }
        ]
    },
    {
        "client_msg_id": "605B66E3-18D2-49A5-A18E-EE9C4FE21E2F",
        "type": "message",
        "text": "Parece un gran tema te animas Andreu ?",
        "user": "UJXP7LS78",
        "ts": "1598748178.179700",
        "team": "TJH5YU202",
        "user_team": "TJH5YU202",
        "source_team": "TJH5YU202",
        "user_profile": {
            "avatar_hash": "gc4a0baebb72",
            "image_72": "https:\/\/secure.gravatar.com\/avatar\/a1c4a0baebb720b97e5a197259dbf409.jpg?s=72&d=https%3A%2F%2Fa.slack-edge.com%2Fdf10d%2Fimg%2Favatars%2Fava_0007-72.png",
            "first_name": "",
            "real_name": "wilson gamboa",
            "display_name": "wilson gamboa",
            "team": "TJH5YU202",
            "name": "wilson.josenet",
            "is_restricted": false,
            "is_ultra_restricted": false
        },
        "blocks": [
            {
                "type": "rich_text",
                "block_id": "uq6KT",
                "elements": [
                    {
                        "type": "rich_text_section",
                        "elements": [
                            {
                                "type": "text",
                                "text": "Parece un gran tema te animas Andreu ?"
                            }
                        ]
                    }
                ]
            }
        ]
    },
    {
        "type": "message",
        "text": "Sres les comparto esta pantalla, y quedo a la espera de sus preguntas, bueno si las hay, saludos!",
        "files": [
            {
                "id": "F019ARW4CVD",
                "created": 1598756299,
                "timestamp": 1598756299,
                "name": "image.png",
                "title": "image.png",
                "mimetype": "image\/png",
                "filetype": "png",
                "pretty_type": "PNG",
                "user": "UJUSD6VB2",
                "editable": false,
                "size": 566621,
                "mode": "hosted",
                "is_external": false,
                "external_type": "",
                "is_public": true,
                "public_url_shared": false,
                "display_as_bot": false,
                "username": "",
                "url_private": "https:\/\/files.slack.com\/files-pri\/TJH5YU202-F019ARW4CVD\/image.png?t=xoxe-629202954002-1408710291175-1429611969940-666c705f8dd944d59ed88b8cd6be975e",
                "url_private_download": "https:\/\/files.slack.com\/files-pri\/TJH5YU202-F019ARW4CVD\/download\/image.png?t=xoxe-629202954002-1408710291175-1429611969940-666c705f8dd944d59ed88b8cd6be975e",
                "thumb_64": "https:\/\/files.slack.com\/files-tmb\/TJH5YU202-F019ARW4CVD-ec392db9f9\/image_64.png?t=xoxe-629202954002-1408710291175-1429611969940-666c705f8dd944d59ed88b8cd6be975e",
                "thumb_80": "https:\/\/files.slack.com\/files-tmb\/TJH5YU202-F019ARW4CVD-ec392db9f9\/image_80.png?t=xoxe-629202954002-1408710291175-1429611969940-666c705f8dd944d59ed88b8cd6be975e",
                "thumb_360": "https:\/\/files.slack.com\/files-tmb\/TJH5YU202-F019ARW4CVD-ec392db9f9\/image_360.png?t=xoxe-629202954002-1408710291175-1429611969940-666c705f8dd944d59ed88b8cd6be975e",
                "thumb_360_w": 360,
                "thumb_360_h": 210,
                "thumb_480": "https:\/\/files.slack.com\/files-tmb\/TJH5YU202-F019ARW4CVD-ec392db9f9\/image_480.png?t=xoxe-629202954002-1408710291175-1429611969940-666c705f8dd944d59ed88b8cd6be975e",
                "thumb_480_w": 480,
                "thumb_480_h": 280,
                "thumb_160": "https:\/\/files.slack.com\/files-tmb\/TJH5YU202-F019ARW4CVD-ec392db9f9\/image_160.png?t=xoxe-629202954002-1408710291175-1429611969940-666c705f8dd944d59ed88b8cd6be975e",
                "thumb_720": "https:\/\/files.slack.com\/files-tmb\/TJH5YU202-F019ARW4CVD-ec392db9f9\/image_720.png?t=xoxe-629202954002-1408710291175-1429611969940-666c705f8dd944d59ed88b8cd6be975e",
                "thumb_720_w": 720,
                "thumb_720_h": 419,
                "thumb_800": "https:\/\/files.slack.com\/files-tmb\/TJH5YU202-F019ARW4CVD-ec392db9f9\/image_800.png?t=xoxe-629202954002-1408710291175-1429611969940-666c705f8dd944d59ed88b8cd6be975e",
                "thumb_800_w": 800,
                "thumb_800_h": 466,
                "thumb_960": "https:\/\/files.slack.com\/files-tmb\/TJH5YU202-F019ARW4CVD-ec392db9f9\/image_960.png?t=xoxe-629202954002-1408710291175-1429611969940-666c705f8dd944d59ed88b8cd6be975e",
                "thumb_960_w": 960,
                "thumb_960_h": 559,
                "thumb_1024": "https:\/\/files.slack.com\/files-tmb\/TJH5YU202-F019ARW4CVD-ec392db9f9\/image_1024.png?t=xoxe-629202954002-1408710291175-1429611969940-666c705f8dd944d59ed88b8cd6be975e",
                "thumb_1024_w": 1024,
                "thumb_1024_h": 596,
                "original_w": 2836,
                "original_h": 1652,
                "thumb_tiny": "AwAbADC35UWf9UtSgbgQR1pAGpQG\/wAmgBn2aL\/nmv5UfZov+ea\/lT8N\/k0Yb\/JoAb9mh\/55rR9mh\/55rTsN\/k0YOf8A69AD6KzmnlA4b9KQXEpUZf8ASgDSorME0hGd3P0pfPk\/vfpTsBpUVnSTSBAQ3OfSovtEp\/i\/SkB\/\/9k=",
                "permalink": "https:\/\/harbourproject.slack.com\/files\/UJUSD6VB2\/F019ARW4CVD\/image.png",
                "permalink_public": "https:\/\/slack-files.com\/TJH5YU202-F019ARW4CVD-95c87fbf43",
                "is_starred": false,
                "has_rich_preview": false
            }
        ],
        "upload": false,
        "blocks": [
            {
                "type": "rich_text",
                "block_id": "gXx",
                "elements": [
                    {
                        "type": "rich_text_section",
                        "elements": [
                            {
                                "type": "text",
                                "text": "Sres les comparto esta pantalla, y quedo a la espera de sus preguntas, bueno si las hay, saludos!"
                            }
                        ]
                    }
                ]
            }
        ],
        "user": "UJUSD6VB2",
        "display_as_bot": false,
        "ts": "1598756303.180500"
    },
    {
        "client_msg_id": "df03e760-ad0b-4847-9ea1-2c7082224646",
        "type": "message",
        "text": ":muscle:",
        "user": "UM81W8B0Q",
        "ts": "1598756417.181100",
        "team": "TJH5YU202",
        "user_team": "TJH5YU202",
        "source_team": "TJH5YU202",
        "user_profile": {
            "avatar_hash": "gab9279ee8c0",
            "image_72": "https:\/\/secure.gravatar.com\/avatar\/73ab9279ee8c00f66ce4904d30146c8f.jpg?s=72&d=https%3A%2F%2Fa.slack-edge.com%2Fdf10d%2Fimg%2Favatars%2Fava_0010-72.png",
            "first_name": "",
            "real_name": "Angel Pais",
            "display_name": "Angel Pais",
            "team": "TJH5YU202",
            "name": "amigosam",
            "is_restricted": false,
            "is_ultra_restricted": false
        },
        "blocks": [
            {
                "type": "rich_text",
                "block_id": "ttgL",
                "elements": [
                    {
                        "type": "rich_text_section",
                        "elements": [
                            {
                                "type": "emoji",
                                "name": "muscle"
                            }
                        ]
                    }
                ]
            }
        ]
    }
]