[
    {
        "client_msg_id": "367ed706-11cf-43a6-8857-06456dd7d72b",
        "type": "message",
        "text": "Mejor con una pistola. :joy::joy::laughing:",
        "user": "URQ8AJCQZ",
        "ts": "1597657244.186200",
        "team": "TJH5YU202",
        "user_team": "TJH5YU202",
        "source_team": "TJH5YU202",
        "user_profile": {
            "avatar_hash": "7ce81101b209",
            "image_72": "https:\/\/avatars.slack-edge.com\/2020-06-02\/1166191418788_7ce81101b20935b160c6_72.jpg",
            "first_name": "Jose",
            "real_name": "Jose Vte. Cheto",
            "display_name": "jvtecheto",
            "team": "TJH5YU202",
            "name": "jvtecheto",
            "is_restricted": false,
            "is_ultra_restricted": false
        },
        "blocks": [
            {
                "type": "rich_text",
                "block_id": "OgGGb",
                "elements": [
                    {
                        "type": "rich_text_section",
                        "elements": [
                            {
                                "type": "text",
                                "text": "Mejor con una pistola. "
                            },
                            {
                                "type": "emoji",
                                "name": "joy"
                            },
                            {
                                "type": "emoji",
                                "name": "joy"
                            },
                            {
                                "type": "emoji",
                                "name": "laughing"
                            }
                        ]
                    }
                ]
            }
        ]
    },
    {
        "client_msg_id": "3f34d534-c5f8-4fe6-bd49-53b84657f2e0",
        "type": "message",
        "text": "Good morning",
        "user": "UJHD6A81H",
        "ts": "1597658524.186400",
        "team": "TJH5YU202",
        "user_team": "TJH5YU202",
        "source_team": "TJH5YU202",
        "user_profile": {
            "avatar_hash": "g6b8073e00e9",
            "image_72": "https:\/\/secure.gravatar.com\/avatar\/b96b8073e00e9eb02bcf05bc1418eb3a.jpg?s=72&d=https%3A%2F%2Fa.slack-edge.com%2Fdf10d%2Fimg%2Favatars%2Fava_0021-72.png",
            "first_name": "Otto",
            "real_name": "Otto Atzwanger",
            "display_name": "Otto",
            "team": "TJH5YU202",
            "name": "otto",
            "is_restricted": false,
            "is_ultra_restricted": false
        },
        "blocks": [
            {
                "type": "rich_text",
                "block_id": "2tj",
                "elements": [
                    {
                        "type": "rich_text_section",
                        "elements": [
                            {
                                "type": "text",
                                "text": "Good morning"
                            }
                        ]
                    }
                ]
            }
        ]
    },
    {
        "client_msg_id": "d34a19d3-e723-4af4-865e-cd0adfb0f34a",
        "type": "message",
        "text": "METHOD View( cFile, ... )                  \nMETHOD Redirect     ( cRoute )       ¿Cuál es exactamente la diferencia entre los dos métodos?",
        "user": "UJHD6A81H",
        "ts": "1597658646.186900",
        "team": "TJH5YU202",
        "user_team": "TJH5YU202",
        "source_team": "TJH5YU202",
        "user_profile": {
            "avatar_hash": "g6b8073e00e9",
            "image_72": "https:\/\/secure.gravatar.com\/avatar\/b96b8073e00e9eb02bcf05bc1418eb3a.jpg?s=72&d=https%3A%2F%2Fa.slack-edge.com%2Fdf10d%2Fimg%2Favatars%2Fava_0021-72.png",
            "first_name": "Otto",
            "real_name": "Otto Atzwanger",
            "display_name": "Otto",
            "team": "TJH5YU202",
            "name": "otto",
            "is_restricted": false,
            "is_ultra_restricted": false
        },
        "blocks": [
            {
                "type": "rich_text",
                "block_id": "8r2GI",
                "elements": [
                    {
                        "type": "rich_text_section",
                        "elements": [
                            {
                                "type": "text",
                                "text": "METHOD View( cFile, ... )                  \nMETHOD Redirect     ( cRoute )       ¿Cuál es exactamente la diferencia entre los dos métodos?"
                            }
                        ]
                    }
                ]
            }
        ]
    },
    {
        "client_msg_id": "2649078c-7ee3-45f7-a553-69c8ccbf1043",
        "type": "message",
        "text": "El metodo View se diseñó con el objetivo de ejecutar Vistas, es decir, ficheros .view, mientras que con Redirect, usted ejecutará otro prg, por ejemplo o el principal ( index.prg ) con otros parámetros, dependiendo por ejemplo del metodo que usted utilice ( GET, POST, etc. )",
        "user": "UJUJLTWMT",
        "ts": "1597659288.189000",
        "team": "TJH5YU202",
        "user_team": "TJH5YU202",
        "source_team": "TJH5YU202",
        "user_profile": {
            "avatar_hash": "a60e3b1ef2d2",
            "image_72": "https:\/\/avatars.slack-edge.com\/2019-08-20\/726246109489_a60e3b1ef2d2c141969d_72.jpg",
            "first_name": "",
            "real_name": "Cristobal",
            "display_name": "Cristobal",
            "team": "TJH5YU202",
            "name": "navarro.cristobal",
            "is_restricted": false,
            "is_ultra_restricted": false
        },
        "blocks": [
            {
                "type": "rich_text",
                "block_id": "PKzf",
                "elements": [
                    {
                        "type": "rich_text_section",
                        "elements": [
                            {
                                "type": "text",
                                "text": "El metodo View se diseñó con el objetivo de ejecutar Vistas, es decir, ficheros .view, mientras que con Redirect, usted ejecutará otro prg, por ejemplo o el principal ( index.prg ) con otros parámetros, dependiendo por ejemplo del metodo que usted utilice ( GET, POST, etc. )"
                            }
                        ]
                    }
                ]
            }
        ]
    },
    {
        "client_msg_id": "33272519-67d5-41d8-85d4-c697aed7864c",
        "type": "message",
        "text": "Dear Cristobal, Gracias. Entiendo. Es lo que pensé. ¿Por qué no trasladar estos métodos \/ funciones al ROUTER?",
        "user": "UJHD6A81H",
        "ts": "1597659984.189300",
        "team": "TJH5YU202",
        "user_team": "TJH5YU202",
        "source_team": "TJH5YU202",
        "user_profile": {
            "avatar_hash": "g6b8073e00e9",
            "image_72": "https:\/\/secure.gravatar.com\/avatar\/b96b8073e00e9eb02bcf05bc1418eb3a.jpg?s=72&d=https%3A%2F%2Fa.slack-edge.com%2Fdf10d%2Fimg%2Favatars%2Fava_0021-72.png",
            "first_name": "Otto",
            "real_name": "Otto Atzwanger",
            "display_name": "Otto",
            "team": "TJH5YU202",
            "name": "otto",
            "is_restricted": false,
            "is_ultra_restricted": false
        },
        "edited": {
            "user": "UJHD6A81H",
            "ts": "1597660028.000000"
        },
        "blocks": [
            {
                "type": "rich_text",
                "block_id": "rxfiw",
                "elements": [
                    {
                        "type": "rich_text_section",
                        "elements": [
                            {
                                "type": "text",
                                "text": "Dear Cristobal, Gracias. Entiendo. Es lo que pensé. ¿Por qué no trasladar estos métodos \/ funciones al ROUTER?"
                            }
                        ]
                    }
                ]
            }
        ],
        "reactions": [
            {
                "name": "+1",
                "users": [
                    "U015CUP1T5Z"
                ],
                "count": 1
            }
        ]
    },
    {
        "client_msg_id": "cce20d95-518f-4fa5-8870-38d9a8ca5315",
        "type": "message",
        "text": "<@UJHD6A81H> La definición de la clase, y el por qué está así definida, quiero pensar que <@UJWR5N32S> ha pensado en ello, por lo que la respuesta a ese tema debe darla él, no?",
        "user": "UJUJLTWMT",
        "ts": "1597660827.191000",
        "team": "TJH5YU202",
        "user_team": "TJH5YU202",
        "source_team": "TJH5YU202",
        "user_profile": {
            "avatar_hash": "a60e3b1ef2d2",
            "image_72": "https:\/\/avatars.slack-edge.com\/2019-08-20\/726246109489_a60e3b1ef2d2c141969d_72.jpg",
            "first_name": "",
            "real_name": "Cristobal",
            "display_name": "Cristobal",
            "team": "TJH5YU202",
            "name": "navarro.cristobal",
            "is_restricted": false,
            "is_ultra_restricted": false
        },
        "blocks": [
            {
                "type": "rich_text",
                "block_id": "rEMq",
                "elements": [
                    {
                        "type": "rich_text_section",
                        "elements": [
                            {
                                "type": "user",
                                "user_id": "UJHD6A81H"
                            },
                            {
                                "type": "text",
                                "text": " La definición de la clase, y el por qué está así definida, quiero pensar que "
                            },
                            {
                                "type": "user",
                                "user_id": "UJWR5N32S"
                            },
                            {
                                "type": "text",
                                "text": " ha pensado en ello, por lo que la respuesta a ese tema debe darla él, no?"
                            }
                        ]
                    }
                ]
            }
        ]
    },
    {
        "client_msg_id": "aa7e5368-4b97-44e5-8671-6914fc1183ea",
        "type": "message",
        "text": "<@UJHD6A81H> Imaginate que tu tienes un prg que llama a otro prg para por ejemplo hacer una actualización y te muestra un resultado (una view). Si una vez que lo has ejecutado tu haces un refresh de la página (F5) vuelves a ejecutar la misma operación !!! Entonces imaginate si haces un pago, un trapaso de stock, un pedido,… cada vez que ejecutas F5 vuelves a procesar todo. Por que ?",
        "user": "UJWR5N32S",
        "ts": "1597661303.191500",
        "team": "TJH5YU202",
        "user_team": "TJH5YU202",
        "source_team": "TJH5YU202",
        "user_profile": {
            "avatar_hash": "273d3745f7ae",
            "image_72": "https:\/\/avatars.slack-edge.com\/2019-05-20\/634344238497_273d3745f7ae1b176b82_72.jpg",
            "first_name": "Charly",
            "real_name": "Charly",
            "display_name": "Charly",
            "team": "TJH5YU202",
            "name": "carles9000",
            "is_restricted": false,
            "is_ultra_restricted": false
        },
        "blocks": [
            {
                "type": "rich_text",
                "block_id": "CUwu",
                "elements": [
                    {
                        "type": "rich_text_section",
                        "elements": [
                            {
                                "type": "user",
                                "user_id": "UJHD6A81H"
                            },
                            {
                                "type": "text",
                                "text": " Imaginate que tu tienes un prg que llama a otro prg para por ejemplo hacer una actualización y te muestra un resultado (una view). Si una vez que lo has ejecutado tu haces un refresh de la página (F5) vuelves a ejecutar la misma operación !!! Entonces imaginate si haces un pago, un trapaso de stock, un pedido,… cada vez que ejecutas F5 vuelves a procesar todo. Por que ?"
                            }
                        ]
                    }
                ]
            }
        ],
        "reactions": [
            {
                "name": "+1",
                "users": [
                    "U015CUP1T5Z"
                ],
                "count": 1
            }
        ]
    },
    {
        "client_msg_id": "9907b3fa-633e-4223-8bde-c0597fb1de17",
        "type": "message",
        "text": "Porque cada vez que devuelves una view, el código devuelto por defecto es un 2xx (success) lo que habilitas el contenido para poder volver a ejecutar el utlimo post.",
        "user": "UJWR5N32S",
        "ts": "1597661318.191800",
        "team": "TJH5YU202",
        "user_team": "TJH5YU202",
        "source_team": "TJH5YU202",
        "user_profile": {
            "avatar_hash": "273d3745f7ae",
            "image_72": "https:\/\/avatars.slack-edge.com\/2019-05-20\/634344238497_273d3745f7ae1b176b82_72.jpg",
            "first_name": "Charly",
            "real_name": "Charly",
            "display_name": "Charly",
            "team": "TJH5YU202",
            "name": "carles9000",
            "is_restricted": false,
            "is_ultra_restricted": false
        },
        "blocks": [
            {
                "type": "rich_text",
                "block_id": "ku0y",
                "elements": [
                    {
                        "type": "rich_text_section",
                        "elements": [
                            {
                                "type": "text",
                                "text": "Porque cada vez que devuelves una view, el código devuelto por defecto es un 2xx (success) lo que habilitas el contenido para poder volver a ejecutar el utlimo post."
                            }
                        ]
                    }
                ]
            }
        ],
        "reactions": [
            {
                "name": "+1",
                "users": [
                    "U015CUP1T5Z"
                ],
                "count": 1
            }
        ]
    },
    {
        "client_msg_id": "685fb105-f9fb-4a19-a12d-204b6170929c",
        "type": "message",
        "text": "La buena práctica recomienda siempre que hagas una actualización en el backend usar el patron PRG (Post-Redirect-Get). El objetivo de este patron es que una vez has hecho la petición de actualización (POST), crear un REDIRECT (code 3xx) y que esta respuesta provoque en el cliente la nueva petición (GET) de la pagina que rediriges, con lo que el servidor de nuevo te muestra una pagina, pero esta vez devolviendo un código 2xx (success).",
        "user": "UJWR5N32S",
        "ts": "1597661349.192200",
        "team": "TJH5YU202",
        "user_team": "TJH5YU202",
        "source_team": "TJH5YU202",
        "user_profile": {
            "avatar_hash": "273d3745f7ae",
            "image_72": "https:\/\/avatars.slack-edge.com\/2019-05-20\/634344238497_273d3745f7ae1b176b82_72.jpg",
            "first_name": "Charly",
            "real_name": "Charly",
            "display_name": "Charly",
            "team": "TJH5YU202",
            "name": "carles9000",
            "is_restricted": false,
            "is_ultra_restricted": false
        },
        "edited": {
            "user": "UJWR5N32S",
            "ts": "1597661904.000000"
        },
        "blocks": [
            {
                "type": "rich_text",
                "block_id": "67toR",
                "elements": [
                    {
                        "type": "rich_text_section",
                        "elements": [
                            {
                                "type": "text",
                                "text": "La buena práctica recomienda siempre que hagas una actualización en el backend usar el patron PRG (Post-Redirect-Get). El objetivo de este patron es que una vez has hecho la petición de actualización (POST), crear un REDIRECT (code 3xx) y que esta respuesta provoque en el cliente la nueva petición (GET) de la pagina que rediriges, con lo que el servidor de nuevo te muestra una pagina, pero esta vez devolviendo un código 2xx (success)."
                            }
                        ]
                    }
                ]
            }
        ]
    },
    {
        "client_msg_id": "f7ec5d84-9637-4924-958a-9a7f00fc63cf",
        "type": "message",
        "text": "Date cuenta que hemos realizado 2 peticones al server: la del POST y la del GET. A partir de ese momento si haces un F5 recarga ( via GET) esta última página, pero no el primer proceso ejecutado. De esta manera protejes tu sistema de que repitan un transacción usando F5.",
        "user": "UJWR5N32S",
        "ts": "1597661388.192700",
        "team": "TJH5YU202",
        "user_team": "TJH5YU202",
        "source_team": "TJH5YU202",
        "user_profile": {
            "avatar_hash": "273d3745f7ae",
            "image_72": "https:\/\/avatars.slack-edge.com\/2019-05-20\/634344238497_273d3745f7ae1b176b82_72.jpg",
            "first_name": "Charly",
            "real_name": "Charly",
            "display_name": "Charly",
            "team": "TJH5YU202",
            "name": "carles9000",
            "is_restricted": false,
            "is_ultra_restricted": false
        },
        "blocks": [
            {
                "type": "rich_text",
                "block_id": "+E+GL",
                "elements": [
                    {
                        "type": "rich_text_section",
                        "elements": [
                            {
                                "type": "text",
                                "text": "Date cuenta que hemos realizado 2 peticones al server: la del POST y la del GET. A partir de ese momento si haces un F5 recarga ( via GET) esta última página, pero no el primer proceso ejecutado. De esta manera protejes tu sistema de que repitan un transacción usando F5."
                            }
                        ]
                    }
                ]
            }
        ]
    },
    {
        "client_msg_id": "d2bc2347-5d9a-4c84-aa6a-3632bbcfc356",
        "type": "message",
        "text": "Este tipo de programación se usa poco, por falta de técnica y al final el programador lo soluciona como puede, pero la forma correcta seria esta.",
        "user": "UJWR5N32S",
        "ts": "1597661415.192900",
        "team": "TJH5YU202",
        "user_team": "TJH5YU202",
        "source_team": "TJH5YU202",
        "user_profile": {
            "avatar_hash": "273d3745f7ae",
            "image_72": "https:\/\/avatars.slack-edge.com\/2019-05-20\/634344238497_273d3745f7ae1b176b82_72.jpg",
            "first_name": "Charly",
            "real_name": "Charly",
            "display_name": "Charly",
            "team": "TJH5YU202",
            "name": "carles9000",
            "is_restricted": false,
            "is_ultra_restricted": false
        },
        "blocks": [
            {
                "type": "rich_text",
                "block_id": "SAF",
                "elements": [
                    {
                        "type": "rich_text_section",
                        "elements": [
                            {
                                "type": "text",
                                "text": "Este tipo de programación se usa poco, por falta de técnica y al final el programador lo soluciona como puede, pero la forma correcta seria esta."
                            }
                        ]
                    }
                ]
            }
        ]
    },
    {
        "type": "message",
        "text": "",
        "files": [
            {
                "id": "F018S0MGGP8",
                "created": 1597661450,
                "timestamp": 1597661450,
                "name": "image.png",
                "title": "image.png",
                "mimetype": "image\/png",
                "filetype": "png",
                "pretty_type": "PNG",
                "user": "UJWR5N32S",
                "editable": false,
                "size": 64481,
                "mode": "hosted",
                "is_external": false,
                "external_type": "",
                "is_public": true,
                "public_url_shared": false,
                "display_as_bot": false,
                "username": "",
                "url_private": "https:\/\/files.slack.com\/files-pri\/TJH5YU202-F018S0MGGP8\/image.png?t=xoxe-629202954002-1408710291175-1429611969940-666c705f8dd944d59ed88b8cd6be975e",
                "url_private_download": "https:\/\/files.slack.com\/files-pri\/TJH5YU202-F018S0MGGP8\/download\/image.png?t=xoxe-629202954002-1408710291175-1429611969940-666c705f8dd944d59ed88b8cd6be975e",
                "thumb_64": "https:\/\/files.slack.com\/files-tmb\/TJH5YU202-F018S0MGGP8-a244d5c688\/image_64.png?t=xoxe-629202954002-1408710291175-1429611969940-666c705f8dd944d59ed88b8cd6be975e",
                "thumb_80": "https:\/\/files.slack.com\/files-tmb\/TJH5YU202-F018S0MGGP8-a244d5c688\/image_80.png?t=xoxe-629202954002-1408710291175-1429611969940-666c705f8dd944d59ed88b8cd6be975e",
                "thumb_360": "https:\/\/files.slack.com\/files-tmb\/TJH5YU202-F018S0MGGP8-a244d5c688\/image_360.png?t=xoxe-629202954002-1408710291175-1429611969940-666c705f8dd944d59ed88b8cd6be975e",
                "thumb_360_w": 360,
                "thumb_360_h": 294,
                "thumb_480": "https:\/\/files.slack.com\/files-tmb\/TJH5YU202-F018S0MGGP8-a244d5c688\/image_480.png?t=xoxe-629202954002-1408710291175-1429611969940-666c705f8dd944d59ed88b8cd6be975e",
                "thumb_480_w": 480,
                "thumb_480_h": 393,
                "thumb_160": "https:\/\/files.slack.com\/files-tmb\/TJH5YU202-F018S0MGGP8-a244d5c688\/image_160.png?t=xoxe-629202954002-1408710291175-1429611969940-666c705f8dd944d59ed88b8cd6be975e",
                "original_w": 653,
                "original_h": 534,
                "thumb_tiny": "AwAnADCzdswkUBiBio4ZHEnBL8dM1akhSQgtnI9DSLDHE24cfU1V1Ym2o4uwAwhNPByKOtJjnOakoWimk9uBRk4JBBxQA6msEcbWwR6Go5phGwUruyKSKdXfbs2mnZ7iuS\/KpAHU0YXPQZ60FQWDdxRn\/ZNIYP1HH4U04x9zHvilbORz9KDnactQBDcxuzqVGePWmRwMX+cYXHY1bakXrTuKwoUAUtFFIYEZ60mB6ClooA\/\/2Q==",
                "permalink": "https:\/\/harbourproject.slack.com\/files\/UJWR5N32S\/F018S0MGGP8\/image.png",
                "permalink_public": "https:\/\/slack-files.com\/TJH5YU202-F018S0MGGP8-67b21baf04",
                "is_starred": false,
                "has_rich_preview": false
            }
        ],
        "upload": false,
        "user": "UJWR5N32S",
        "display_as_bot": false,
        "ts": "1597661454.193200"
    },
    {
        "client_msg_id": "8cfbd560-f579-40e1-add4-b0f81b675edc",
        "type": "message",
        "text": "Es por esta razón que puedes usar el método View() o Redirect()",
        "user": "UJWR5N32S",
        "ts": "1597661468.193700",
        "team": "TJH5YU202",
        "user_team": "TJH5YU202",
        "source_team": "TJH5YU202",
        "user_profile": {
            "avatar_hash": "273d3745f7ae",
            "image_72": "https:\/\/avatars.slack-edge.com\/2019-05-20\/634344238497_273d3745f7ae1b176b82_72.jpg",
            "first_name": "Charly",
            "real_name": "Charly",
            "display_name": "Charly",
            "team": "TJH5YU202",
            "name": "carles9000",
            "is_restricted": false,
            "is_ultra_restricted": false
        },
        "blocks": [
            {
                "type": "rich_text",
                "block_id": "Wfi",
                "elements": [
                    {
                        "type": "rich_text_section",
                        "elements": [
                            {
                                "type": "text",
                                "text": "Es por esta razón que puedes usar el método View() o Redirect()"
                            }
                        ]
                    }
                ]
            }
        ]
    },
    {
        "client_msg_id": "56cac8a6-da50-4df0-be2d-f96231cd8644",
        "type": "message",
        "text": "Me voy de vacaciones",
        "user": "UJWR5N32S",
        "ts": "1597661480.193900",
        "team": "TJH5YU202",
        "user_team": "TJH5YU202",
        "source_team": "TJH5YU202",
        "user_profile": {
            "avatar_hash": "273d3745f7ae",
            "image_72": "https:\/\/avatars.slack-edge.com\/2019-05-20\/634344238497_273d3745f7ae1b176b82_72.jpg",
            "first_name": "Charly",
            "real_name": "Charly",
            "display_name": "Charly",
            "team": "TJH5YU202",
            "name": "carles9000",
            "is_restricted": false,
            "is_ultra_restricted": false
        },
        "blocks": [
            {
                "type": "rich_text",
                "block_id": "o8zY+",
                "elements": [
                    {
                        "type": "rich_text_section",
                        "elements": [
                            {
                                "type": "text",
                                "text": "Me voy de vacaciones"
                            }
                        ]
                    }
                ]
            }
        ]
    },
    {
        "client_msg_id": "f802ee7e-32df-4262-af0f-80ac6cc5ad68",
        "type": "message",
        "text": "Ciao",
        "user": "UJWR5N32S",
        "ts": "1597661482.194100",
        "team": "TJH5YU202",
        "user_team": "TJH5YU202",
        "source_team": "TJH5YU202",
        "user_profile": {
            "avatar_hash": "273d3745f7ae",
            "image_72": "https:\/\/avatars.slack-edge.com\/2019-05-20\/634344238497_273d3745f7ae1b176b82_72.jpg",
            "first_name": "Charly",
            "real_name": "Charly",
            "display_name": "Charly",
            "team": "TJH5YU202",
            "name": "carles9000",
            "is_restricted": false,
            "is_ultra_restricted": false
        },
        "blocks": [
            {
                "type": "rich_text",
                "block_id": "RfY",
                "elements": [
                    {
                        "type": "rich_text_section",
                        "elements": [
                            {
                                "type": "text",
                                "text": "Ciao"
                            }
                        ]
                    }
                ]
            }
        ]
    },
    {
        "client_msg_id": "edbc8a0c-38fd-4f9e-9ded-e6b19acbbbdd",
        "type": "message",
        "text": "que las disfrutes :+1::heart_eyes:",
        "user": "UJN8D8U3B",
        "ts": "1597661657.194700",
        "team": "TJH5YU202",
        "user_team": "TJH5YU202",
        "source_team": "TJH5YU202",
        "user_profile": {
            "avatar_hash": "g92ad2abcc45",
            "image_72": "https:\/\/secure.gravatar.com\/avatar\/8492ad2abcc45ce53969adcf8420acde.jpg?s=72&d=https%3A%2F%2Fa.slack-edge.com%2Fdf10d%2Fimg%2Favatars%2Fava_0008-72.png",
            "first_name": "",
            "real_name": "Antonio Linares",
            "display_name": "Antonio Linares",
            "team": "TJH5YU202",
            "name": "alinares",
            "is_restricted": false,
            "is_ultra_restricted": false
        },
        "blocks": [
            {
                "type": "rich_text",
                "block_id": "KOC",
                "elements": [
                    {
                        "type": "rich_text_section",
                        "elements": [
                            {
                                "type": "text",
                                "text": "que las disfrutes "
                            },
                            {
                                "type": "emoji",
                                "name": "+1"
                            },
                            {
                                "type": "emoji",
                                "name": "heart_eyes"
                            }
                        ]
                    }
                ]
            }
        ]
    },
    {
        "client_msg_id": "5ff67711-8fbf-46d5-9224-4aad90a64422",
        "type": "message",
        "text": "Que las disfutes mucho Big. Los compañeros hermanos martires aquí seguiremos, alicatando baños",
        "user": "UJULQCHL5",
        "ts": "1597663130.197100",
        "team": "TJH5YU202",
        "user_team": "TJH5YU202",
        "source_team": "TJH5YU202",
        "user_profile": {
            "avatar_hash": "g7659142325a",
            "image_72": "https:\/\/secure.gravatar.com\/avatar\/c87659142325a3facb661d85281ec091.jpg?s=72&d=https%3A%2F%2Fa.slack-edge.com%2Fdf10d%2Fimg%2Favatars%2Fava_0003-72.png",
            "first_name": "",
            "real_name": "Paquito",
            "display_name": "Paquito",
            "team": "TJH5YU202",
            "name": "hmpaquito",
            "is_restricted": false,
            "is_ultra_restricted": false
        },
        "blocks": [
            {
                "type": "rich_text",
                "block_id": "rRJuP",
                "elements": [
                    {
                        "type": "rich_text_section",
                        "elements": [
                            {
                                "type": "text",
                                "text": "Que las disfutes mucho Big. Los compañeros hermanos martires aquí seguiremos, alicatando baños"
                            }
                        ]
                    }
                ]
            }
        ]
    },
    {
        "client_msg_id": "8714694c-073e-4e23-bdb3-db5661de94b7",
        "type": "message",
        "text": "¡buen día amigos! No sé para ti, pero cuesta creer que ya sea agosto ... ¡el año pasa muy rápido! Felices vacaciones, Charly, disfruta!",
        "user": "U015CUP1T5Z",
        "ts": "1597664091.197300",
        "team": "TJH5YU202",
        "user_team": "TJH5YU202",
        "source_team": "TJH5YU202",
        "user_profile": {
            "avatar_hash": "2d5981129913",
            "image_72": "https:\/\/avatars.slack-edge.com\/2020-06-14\/1183376598323_2d5981129913ee85447d_72.jpg",
            "first_name": "ricardo",
            "real_name": "ricardo arraes",
            "display_name": "ricardo arraes",
            "team": "TJH5YU202",
            "name": "ricardo",
            "is_restricted": false,
            "is_ultra_restricted": false
        },
        "blocks": [
            {
                "type": "rich_text",
                "block_id": "otao",
                "elements": [
                    {
                        "type": "rich_text_section",
                        "elements": [
                            {
                                "type": "text",
                                "text": "¡buen día amigos! No sé para ti, pero cuesta creer que ya sea agosto ... ¡el año pasa muy rápido! Felices vacaciones, Charly, disfruta!"
                            }
                        ]
                    }
                ]
            }
        ]
    },
    {
        "client_msg_id": "123cea38-c7fb-40b5-887f-f72c2bb59554",
        "type": "message",
        "text": "muchas gracias por las explicaciones - haré algunas pruebas para entender todo exactamente.",
        "user": "UJHD6A81H",
        "ts": "1597664113.197500",
        "team": "TJH5YU202",
        "user_team": "TJH5YU202",
        "source_team": "TJH5YU202",
        "user_profile": {
            "avatar_hash": "g6b8073e00e9",
            "image_72": "https:\/\/secure.gravatar.com\/avatar\/b96b8073e00e9eb02bcf05bc1418eb3a.jpg?s=72&d=https%3A%2F%2Fa.slack-edge.com%2Fdf10d%2Fimg%2Favatars%2Fava_0021-72.png",
            "first_name": "Otto",
            "real_name": "Otto Atzwanger",
            "display_name": "Otto",
            "team": "TJH5YU202",
            "name": "otto",
            "is_restricted": false,
            "is_ultra_restricted": false
        },
        "blocks": [
            {
                "type": "rich_text",
                "block_id": "KKLC7",
                "elements": [
                    {
                        "type": "rich_text_section",
                        "elements": [
                            {
                                "type": "text",
                                "text": "muchas gracias por las explicaciones - haré algunas pruebas para entender todo exactamente."
                            }
                        ]
                    }
                ]
            }
        ]
    },
    {
        "client_msg_id": "5dfe02a7-ad4c-43aa-a64b-a24cced48b94",
        "type": "message",
        "text": "Hola Charly, ¿a dónde vas?",
        "user": "UJHD6A81H",
        "ts": "1597664176.197800",
        "team": "TJH5YU202",
        "user_team": "TJH5YU202",
        "source_team": "TJH5YU202",
        "user_profile": {
            "avatar_hash": "g6b8073e00e9",
            "image_72": "https:\/\/secure.gravatar.com\/avatar\/b96b8073e00e9eb02bcf05bc1418eb3a.jpg?s=72&d=https%3A%2F%2Fa.slack-edge.com%2Fdf10d%2Fimg%2Favatars%2Fava_0021-72.png",
            "first_name": "Otto",
            "real_name": "Otto Atzwanger",
            "display_name": "Otto",
            "team": "TJH5YU202",
            "name": "otto",
            "is_restricted": false,
            "is_ultra_restricted": false
        },
        "blocks": [
            {
                "type": "rich_text",
                "block_id": "YGv",
                "elements": [
                    {
                        "type": "rich_text_section",
                        "elements": [
                            {
                                "type": "text",
                                "text": "Hola Charly, ¿a dónde vas?"
                            }
                        ]
                    }
                ]
            }
        ]
    },
    {
        "client_msg_id": "fd847dab-0fe4-48f9-9dc0-7eff25d052b9",
        "type": "message",
        "text": "solo para complementar la explicación de Charly ... durante la producción del curso en inglés, terminé haciendo una prueba por accidente y descubrí que al llamar a una Vista, ya sea por el Router o por el método View (), no hay verificación de autenticación... por lo que es importante ser consciente de eso también",
        "user": "U015CUP1T5Z",
        "ts": "1597665268.198400",
        "team": "TJH5YU202",
        "user_team": "TJH5YU202",
        "source_team": "TJH5YU202",
        "user_profile": {
            "avatar_hash": "2d5981129913",
            "image_72": "https:\/\/avatars.slack-edge.com\/2020-06-14\/1183376598323_2d5981129913ee85447d_72.jpg",
            "first_name": "ricardo",
            "real_name": "ricardo arraes",
            "display_name": "ricardo arraes",
            "team": "TJH5YU202",
            "name": "ricardo",
            "is_restricted": false,
            "is_ultra_restricted": false
        },
        "blocks": [
            {
                "type": "rich_text",
                "block_id": "+n4b2",
                "elements": [
                    {
                        "type": "rich_text_section",
                        "elements": [
                            {
                                "type": "text",
                                "text": "solo para complementar la explicación de Charly ... durante la producción del curso en inglés, terminé haciendo una prueba por accidente y descubrí que al llamar a una Vista, ya sea por el Router o por el método View (), no hay verificación de autenticación... por lo que es importante ser consciente de eso también"
                            }
                        ]
                    }
                ]
            }
        ]
    },
    {
        "client_msg_id": "25602c62-5668-4936-a439-0366a070e17c",
        "type": "message",
        "text": "Ricardo, en la función de controlador de GENESIS, creo que se verifica cada vez.",
        "user": "UJHD6A81H",
        "ts": "1597665541.198600",
        "team": "TJH5YU202",
        "user_team": "TJH5YU202",
        "source_team": "TJH5YU202",
        "user_profile": {
            "avatar_hash": "g6b8073e00e9",
            "image_72": "https:\/\/secure.gravatar.com\/avatar\/b96b8073e00e9eb02bcf05bc1418eb3a.jpg?s=72&d=https%3A%2F%2Fa.slack-edge.com%2Fdf10d%2Fimg%2Favatars%2Fava_0021-72.png",
            "first_name": "Otto",
            "real_name": "Otto Atzwanger",
            "display_name": "Otto",
            "team": "TJH5YU202",
            "name": "otto",
            "is_restricted": false,
            "is_ultra_restricted": false
        },
        "blocks": [
            {
                "type": "rich_text",
                "block_id": "hiUy",
                "elements": [
                    {
                        "type": "rich_text_section",
                        "elements": [
                            {
                                "type": "text",
                                "text": "Ricardo, en la función de controlador de GENESIS, creo que se verifica cada vez."
                            }
                        ]
                    }
                ]
            }
        ]
    },
    {
        "type": "message",
        "text": "",
        "files": [
            {
                "id": "F0195150CJG",
                "created": 1597665560,
                "timestamp": 1597665560,
                "name": "grafik.png",
                "title": "grafik.png",
                "mimetype": "image\/png",
                "filetype": "png",
                "pretty_type": "PNG",
                "user": "UJHD6A81H",
                "editable": false,
                "size": 25468,
                "mode": "hosted",
                "is_external": false,
                "external_type": "",
                "is_public": true,
                "public_url_shared": false,
                "display_as_bot": false,
                "username": "",
                "url_private": "https:\/\/files.slack.com\/files-pri\/TJH5YU202-F0195150CJG\/grafik.png?t=xoxe-629202954002-1408710291175-1429611969940-666c705f8dd944d59ed88b8cd6be975e",
                "url_private_download": "https:\/\/files.slack.com\/files-pri\/TJH5YU202-F0195150CJG\/download\/grafik.png?t=xoxe-629202954002-1408710291175-1429611969940-666c705f8dd944d59ed88b8cd6be975e",
                "thumb_64": "https:\/\/files.slack.com\/files-tmb\/TJH5YU202-F0195150CJG-29a44c397d\/grafik_64.png?t=xoxe-629202954002-1408710291175-1429611969940-666c705f8dd944d59ed88b8cd6be975e",
                "thumb_80": "https:\/\/files.slack.com\/files-tmb\/TJH5YU202-F0195150CJG-29a44c397d\/grafik_80.png?t=xoxe-629202954002-1408710291175-1429611969940-666c705f8dd944d59ed88b8cd6be975e",
                "thumb_360": "https:\/\/files.slack.com\/files-tmb\/TJH5YU202-F0195150CJG-29a44c397d\/grafik_360.png?t=xoxe-629202954002-1408710291175-1429611969940-666c705f8dd944d59ed88b8cd6be975e",
                "thumb_360_w": 360,
                "thumb_360_h": 359,
                "thumb_480": "https:\/\/files.slack.com\/files-tmb\/TJH5YU202-F0195150CJG-29a44c397d\/grafik_480.png?t=xoxe-629202954002-1408710291175-1429611969940-666c705f8dd944d59ed88b8cd6be975e",
                "thumb_480_w": 480,
                "thumb_480_h": 478,
                "thumb_160": "https:\/\/files.slack.com\/files-tmb\/TJH5YU202-F0195150CJG-29a44c397d\/grafik_160.png?t=xoxe-629202954002-1408710291175-1429611969940-666c705f8dd944d59ed88b8cd6be975e",
                "original_w": 631,
                "original_h": 629,
                "thumb_tiny": "AwAvADCiScnk07HGcmmnqaVRmgAxx1NJ+NLgen60Y9v1oAT8afCT58fP8Qpn4U+H\/Xx\/7woAZ3\/GlwD\/APrpD1NFADiq+tG1fX9aQtxikzxigBdo9f1p0QHnx4\/vCo6kg\/18f+8KAGHqaBjPNTG0myfk\/UUfZZuyfqKAITjPFBx2qX7JN\/c\/UUfZJv7n6igCGpIP9fH\/ALwp32Sb+5+op8VtMsqEpwGHcUAf\/9k=",
                "permalink": "https:\/\/harbourproject.slack.com\/files\/UJHD6A81H\/F0195150CJG\/grafik.png",
                "permalink_public": "https:\/\/slack-files.com\/TJH5YU202-F0195150CJG-8c46c5ce1f",
                "is_starred": false,
                "has_rich_preview": false
            }
        ],
        "upload": false,
        "user": "UJHD6A81H",
        "display_as_bot": false,
        "ts": "1597665562.198700"
    },
    {
        "client_msg_id": "fa4de9ea-9978-45a4-9387-ac5f0433f7a3",
        "type": "message",
        "text": "Ricardo en el controlador es donde verificas la autenticacion",
        "user": "UJWR5N32S",
        "ts": "1597665709.200500",
        "team": "TJH5YU202",
        "user_team": "TJH5YU202",
        "source_team": "TJH5YU202",
        "user_profile": {
            "avatar_hash": "273d3745f7ae",
            "image_72": "https:\/\/avatars.slack-edge.com\/2019-05-20\/634344238497_273d3745f7ae1b176b82_72.jpg",
            "first_name": "Charly",
            "real_name": "Charly",
            "display_name": "Charly",
            "team": "TJH5YU202",
            "name": "carles9000",
            "is_restricted": false,
            "is_ultra_restricted": false
        },
        "edited": {
            "user": "UJWR5N32S",
            "ts": "1597665839.000000"
        },
        "blocks": [
            {
                "type": "rich_text",
                "block_id": "Sli",
                "elements": [
                    {
                        "type": "rich_text_section",
                        "elements": [
                            {
                                "type": "text",
                                "text": "Ricardo en el controlador es donde verificas la autenticacion"
                            }
                        ]
                    }
                ]
            }
        ]
    },
    {
        "client_msg_id": "7247c4d7-430c-4034-904b-dcd4c3cf504c",
        "type": "message",
        "text": "sí, sí, conozco a Charly, pero cuando llamo a una vista a través del método View o del enrutador, no llamo a un controlador, solo llamo a una vista. por lo tanto, no pasa por la autenticación. lo que quise decir, no creo que me expresé muy bien.",
        "user": "U015CUP1T5Z",
        "ts": "1597666165.200900",
        "team": "TJH5YU202",
        "user_team": "TJH5YU202",
        "source_team": "TJH5YU202",
        "user_profile": {
            "avatar_hash": "2d5981129913",
            "image_72": "https:\/\/avatars.slack-edge.com\/2020-06-14\/1183376598323_2d5981129913ee85447d_72.jpg",
            "first_name": "ricardo",
            "real_name": "ricardo arraes",
            "display_name": "ricardo arraes",
            "team": "TJH5YU202",
            "name": "ricardo",
            "is_restricted": false,
            "is_ultra_restricted": false
        },
        "blocks": [
            {
                "type": "rich_text",
                "block_id": "vbCQ6",
                "elements": [
                    {
                        "type": "rich_text_section",
                        "elements": [
                            {
                                "type": "text",
                                "text": "sí, sí, conozco a Charly, pero cuando llamo a una vista a través del método View o del enrutador, no llamo a un controlador, solo llamo a una vista. por lo tanto, no pasa por la autenticación. lo que quise decir, no creo que me expresé muy bien."
                            }
                        ]
                    }
                ]
            }
        ]
    },
    {
        "client_msg_id": "6482cf5b-d80f-48a8-bd15-11dded054e27",
        "type": "message",
        "text": "Voy a simular la prueba que hice y les mostraré aquí",
        "user": "U015CUP1T5Z",
        "ts": "1597666207.201100",
        "team": "TJH5YU202",
        "user_team": "TJH5YU202",
        "source_team": "TJH5YU202",
        "user_profile": {
            "avatar_hash": "2d5981129913",
            "image_72": "https:\/\/avatars.slack-edge.com\/2020-06-14\/1183376598323_2d5981129913ee85447d_72.jpg",
            "first_name": "ricardo",
            "real_name": "ricardo arraes",
            "display_name": "ricardo arraes",
            "team": "TJH5YU202",
            "name": "ricardo",
            "is_restricted": false,
            "is_ultra_restricted": false
        },
        "blocks": [
            {
                "type": "rich_text",
                "block_id": "Otq\/8",
                "elements": [
                    {
                        "type": "rich_text_section",
                        "elements": [
                            {
                                "type": "text",
                                "text": "Voy a simular la prueba que hice y les mostraré aquí"
                            }
                        ]
                    }
                ]
            }
        ]
    },
    {
        "client_msg_id": "215d5475-03a3-4bc8-80b4-25dc76ed46ac",
        "type": "message",
        "text": "Si el router llama directamente a una view nunca se verificara una autenticacion. ¿cuando usar este metodo? Cuando quieras llamar paginas que no necesiten verificarse, paginas publicas. En caso contrario habras de pasar por el controller para verificar y luego llamar la view. Ejemplo, cuando llamas pe. a la pagina google o una pagina por defecto que sea publica",
        "user": "UJWR5N32S",
        "ts": "1597666907.201200",
        "team": "TJH5YU202",
        "user_team": "TJH5YU202",
        "source_team": "TJH5YU202",
        "user_profile": {
            "avatar_hash": "273d3745f7ae",
            "image_72": "https:\/\/avatars.slack-edge.com\/2019-05-20\/634344238497_273d3745f7ae1b176b82_72.jpg",
            "first_name": "Charly",
            "real_name": "Charly",
            "display_name": "Charly",
            "team": "TJH5YU202",
            "name": "carles9000",
            "is_restricted": false,
            "is_ultra_restricted": false
        },
        "edited": {
            "user": "UJWR5N32S",
            "ts": "1597666952.000000"
        },
        "blocks": [
            {
                "type": "rich_text",
                "block_id": "HVsl",
                "elements": [
                    {
                        "type": "rich_text_section",
                        "elements": [
                            {
                                "type": "text",
                                "text": "Si el router llama directamente a una view nunca se verificara una autenticacion. ¿cuando usar este metodo? Cuando quieras llamar paginas que no necesiten verificarse, paginas publicas. En caso contrario habras de pasar por el controller para verificar y luego llamar la view. Ejemplo, cuando llamas pe. a la pagina google o una pagina por defecto que sea publica"
                            }
                        ]
                    }
                ]
            }
        ]
    },
    {
        "type": "message",
        "text": "Exacto Charly! ahí era donde quería ir. Estoy reenviando el ejemplo para que sea visible ... no sé si es tan obvio, pero pensé que valía la pena señalarlo porque como es posible ejecutar prg dentro de las vistas, es necesario observar esta situación ...",
        "files": [
            {
                "id": "F018Z2Y9FJ7",
                "mode": "tombstone"
            }
        ],
        "upload": false,
        "blocks": [
            {
                "type": "rich_text",
                "block_id": "R2m",
                "elements": [
                    {
                        "type": "rich_text_section",
                        "elements": [
                            {
                                "type": "text",
                                "text": "Exacto Charly! ahí era donde quería ir. Estoy reenviando el ejemplo para que sea visible ... no sé si es tan obvio, pero pensé que valía la pena señalarlo porque como es posible ejecutar prg dentro de las vistas, es necesario observar esta situación ..."
                            }
                        ]
                    }
                ]
            }
        ],
        "user": "U015CUP1T5Z",
        "display_as_bot": false,
        "ts": "1597667174.201500"
    },
    {
        "type": "message",
        "text": "pequeña corrección en el ejemplo",
        "files": [
            {
                "id": "F018Z3QNX8B",
                "created": 1597667896,
                "timestamp": 1597667896,
                "name": "go (2).zip",
                "title": "go (2).zip",
                "mimetype": "application\/zip",
                "filetype": "zip",
                "pretty_type": "Zip",
                "user": "U015CUP1T5Z",
                "editable": false,
                "size": 208496,
                "mode": "hosted",
                "is_external": false,
                "external_type": "",
                "is_public": true,
                "public_url_shared": false,
                "display_as_bot": false,
                "username": "",
                "url_private": "https:\/\/files.slack.com\/files-pri\/TJH5YU202-F018Z3QNX8B\/go__2_.zip?t=xoxe-629202954002-1408710291175-1429611969940-666c705f8dd944d59ed88b8cd6be975e",
                "url_private_download": "https:\/\/files.slack.com\/files-pri\/TJH5YU202-F018Z3QNX8B\/download\/go__2_.zip?t=xoxe-629202954002-1408710291175-1429611969940-666c705f8dd944d59ed88b8cd6be975e",
                "permalink": "https:\/\/harbourproject.slack.com\/files\/U015CUP1T5Z\/F018Z3QNX8B\/go__2_.zip",
                "permalink_public": "https:\/\/slack-files.com\/TJH5YU202-F018Z3QNX8B-7f2c7f785d",
                "is_starred": false,
                "has_rich_preview": false
            }
        ],
        "upload": false,
        "blocks": [
            {
                "type": "rich_text",
                "block_id": "yNR",
                "elements": [
                    {
                        "type": "rich_text_section",
                        "elements": [
                            {
                                "type": "text",
                                "text": "pequeña corrección en el ejemplo"
                            }
                        ]
                    }
                ]
            }
        ],
        "user": "U015CUP1T5Z",
        "display_as_bot": false,
        "ts": "1597667909.202000"
    },
    {
        "client_msg_id": "3e12fd4a-00fc-412f-a277-33bcbd329559",
        "type": "message",
        "text": "No tengo claro el término servicio web.\n¿Puedes llamar a los programas que ajax llama servicios web?",
        "user": "UJHD6A81H",
        "ts": "1597685263.202600",
        "team": "TJH5YU202",
        "user_team": "TJH5YU202",
        "source_team": "TJH5YU202",
        "user_profile": {
            "avatar_hash": "g6b8073e00e9",
            "image_72": "https:\/\/secure.gravatar.com\/avatar\/b96b8073e00e9eb02bcf05bc1418eb3a.jpg?s=72&d=https%3A%2F%2Fa.slack-edge.com%2Fdf10d%2Fimg%2Favatars%2Fava_0021-72.png",
            "first_name": "Otto",
            "real_name": "Otto Atzwanger",
            "display_name": "Otto",
            "team": "TJH5YU202",
            "name": "otto",
            "is_restricted": false,
            "is_ultra_restricted": false
        },
        "blocks": [
            {
                "type": "rich_text",
                "block_id": "ZkZg",
                "elements": [
                    {
                        "type": "rich_text_section",
                        "elements": [
                            {
                                "type": "text",
                                "text": "No tengo claro el término servicio web.\n¿Puedes llamar a los programas que ajax llama servicios web?"
                            }
                        ]
                    }
                ]
            }
        ]
    },
    {
        "client_msg_id": "289ea945-1678-47c5-a6f9-077f7c188eaa",
        "type": "message",
        "text": "Hola buen dia a todos",
        "user": "UK28N3CER",
        "ts": "1597685338.202900",
        "team": "TJH5YU202",
        "user_team": "TJH5YU202",
        "source_team": "TJH5YU202",
        "user_profile": {
            "avatar_hash": "0eafa7153ff3",
            "image_72": "https:\/\/avatars.slack-edge.com\/2020-05-18\/1155120542496_0eafa7153ff35206c804_72.jpg",
            "first_name": "Cesar",
            "real_name": "Cesar SysCtrl Software",
            "display_name": "Cesar SysCtrl Software",
            "team": "TJH5YU202",
            "name": "sysctrlsoftware",
            "is_restricted": false,
            "is_ultra_restricted": false
        },
        "blocks": [
            {
                "type": "rich_text",
                "block_id": "LygM",
                "elements": [
                    {
                        "type": "rich_text_section",
                        "elements": [
                            {
                                "type": "text",
                                "text": "Hola buen dia a todos"
                            }
                        ]
                    }
                ]
            }
        ]
    },
    {
        "client_msg_id": "702d089b-5efb-4918-bf08-427bb5fb7317",
        "type": "message",
        "text": "desde genessis por ejemplo puedes poner un BOTON que se conecte a otro servidor para extraer datos.  yo asi lo entiendo",
        "user": "UK28N3CER",
        "ts": "1597685408.203800",
        "team": "TJH5YU202",
        "user_team": "TJH5YU202",
        "source_team": "TJH5YU202",
        "user_profile": {
            "avatar_hash": "0eafa7153ff3",
            "image_72": "https:\/\/avatars.slack-edge.com\/2020-05-18\/1155120542496_0eafa7153ff35206c804_72.jpg",
            "first_name": "Cesar",
            "real_name": "Cesar SysCtrl Software",
            "display_name": "Cesar SysCtrl Software",
            "team": "TJH5YU202",
            "name": "sysctrlsoftware",
            "is_restricted": false,
            "is_ultra_restricted": false
        },
        "blocks": [
            {
                "type": "rich_text",
                "block_id": "Ist0a",
                "elements": [
                    {
                        "type": "rich_text_section",
                        "elements": [
                            {
                                "type": "text",
                                "text": "desde genessis por ejemplo puedes poner un BOTON que se conecte a otro servidor para extraer datos.  yo asi lo entiendo"
                            }
                        ]
                    }
                ]
            }
        ]
    },
    {
        "client_msg_id": "a4b3c1dd-12d4-4bdf-9f20-75cf7b7a1eb7",
        "type": "message",
        "text": "puede enviar solicitudes (post y get method) usando AJAX a una ruta definida en su servicio web, procesará los datos tal como fueron desarrollados y devolverá la respuesta.",
        "user": "U015CUP1T5Z",
        "ts": "1597687390.204200",
        "team": "TJH5YU202",
        "user_team": "TJH5YU202",
        "source_team": "TJH5YU202",
        "user_profile": {
            "avatar_hash": "2d5981129913",
            "image_72": "https:\/\/avatars.slack-edge.com\/2020-06-14\/1183376598323_2d5981129913ee85447d_72.jpg",
            "first_name": "ricardo",
            "real_name": "ricardo arraes",
            "display_name": "ricardo arraes",
            "team": "TJH5YU202",
            "name": "ricardo",
            "is_restricted": false,
            "is_ultra_restricted": false
        },
        "blocks": [
            {
                "type": "rich_text",
                "block_id": "Ere",
                "elements": [
                    {
                        "type": "rich_text_section",
                        "elements": [
                            {
                                "type": "text",
                                "text": "puede enviar solicitudes (post y get method) usando AJAX a una ruta definida en su servicio web, procesará los datos tal como fueron desarrollados y devolverá la respuesta."
                            }
                        ]
                    }
                ]
            }
        ]
    },
    {
        "client_msg_id": "ee7ba90c-6745-4822-acbc-20b5aec7d722",
        "type": "message",
        "text": "ejemplo:\n\n$.ajax({\n\n      type: \"POST\",\n      url: \"<http:\/\/localhost\/GOWS\/teste>\",\n      headers:{\n        Authorization: Cookies.get(\"testecookie\")\n      },\n      data: objpost\n\n    })",
        "user": "U015CUP1T5Z",
        "ts": "1597687613.204900",
        "team": "TJH5YU202",
        "user_team": "TJH5YU202",
        "source_team": "TJH5YU202",
        "user_profile": {
            "avatar_hash": "2d5981129913",
            "image_72": "https:\/\/avatars.slack-edge.com\/2020-06-14\/1183376598323_2d5981129913ee85447d_72.jpg",
            "first_name": "ricardo",
            "real_name": "ricardo arraes",
            "display_name": "ricardo arraes",
            "team": "TJH5YU202",
            "name": "ricardo",
            "is_restricted": false,
            "is_ultra_restricted": false
        },
        "blocks": [
            {
                "type": "rich_text",
                "block_id": "9kWt",
                "elements": [
                    {
                        "type": "rich_text_section",
                        "elements": [
                            {
                                "type": "text",
                                "text": "ejemplo:\n\n$.ajax({\n\n      type: \"POST\",\n      url: \""
                            },
                            {
                                "type": "link",
                                "url": "http:\/\/localhost\/GOWS\/teste"
                            },
                            {
                                "type": "text",
                                "text": "\",\n      headers:{\n        Authorization: Cookies.get(\"testecookie\")\n      },\n      data: objpost\n\n    })"
                            }
                        ]
                    }
                ]
            }
        ]
    },
    {
        "client_msg_id": "c9b6151b-c5bd-4909-a4cd-2b77a6f96746",
        "type": "message",
        "text": "pero también es posible enviar solicitudes de otras formas. a través de un form, por ejemplo",
        "user": "U015CUP1T5Z",
        "ts": "1597687692.205300",
        "team": "TJH5YU202",
        "user_team": "TJH5YU202",
        "source_team": "TJH5YU202",
        "user_profile": {
            "avatar_hash": "2d5981129913",
            "image_72": "https:\/\/avatars.slack-edge.com\/2020-06-14\/1183376598323_2d5981129913ee85447d_72.jpg",
            "first_name": "ricardo",
            "real_name": "ricardo arraes",
            "display_name": "ricardo arraes",
            "team": "TJH5YU202",
            "name": "ricardo",
            "is_restricted": false,
            "is_ultra_restricted": false
        },
        "blocks": [
            {
                "type": "rich_text",
                "block_id": "2U7YR",
                "elements": [
                    {
                        "type": "rich_text_section",
                        "elements": [
                            {
                                "type": "text",
                                "text": "pero también es posible enviar solicitudes de otras formas. a través de un form, por ejemplo"
                            }
                        ]
                    }
                ]
            }
        ]
    },
    {
        "client_msg_id": "5b2e15c6-673c-4b18-9b6d-1714833f5546",
        "type": "message",
        "text": "Utilizo servicios web pero el término no me queda claro",
        "user": "UJHD6A81H",
        "ts": "1597689405.205500",
        "team": "TJH5YU202",
        "user_team": "TJH5YU202",
        "source_team": "TJH5YU202",
        "user_profile": {
            "avatar_hash": "g6b8073e00e9",
            "image_72": "https:\/\/secure.gravatar.com\/avatar\/b96b8073e00e9eb02bcf05bc1418eb3a.jpg?s=72&d=https%3A%2F%2Fa.slack-edge.com%2Fdf10d%2Fimg%2Favatars%2Fava_0021-72.png",
            "first_name": "Otto",
            "real_name": "Otto Atzwanger",
            "display_name": "Otto",
            "team": "TJH5YU202",
            "name": "otto",
            "is_restricted": false,
            "is_ultra_restricted": false
        },
        "blocks": [
            {
                "type": "rich_text",
                "block_id": "Xq1C",
                "elements": [
                    {
                        "type": "rich_text_section",
                        "elements": [
                            {
                                "type": "text",
                                "text": "Utilizo servicios web pero el término no me queda claro"
                            }
                        ]
                    }
                ]
            }
        ]
    },
    {
        "client_msg_id": "2c8d84b4-2039-4845-8af4-498ebe6e63f9",
        "type": "message",
        "text": "¿Cuál es la diferencia entre un servidor XML (por ejemplo, <http:\/\/booking.com|booking.com> y OTA) y un servicio web?",
        "user": "UJHD6A81H",
        "ts": "1597689473.205700",
        "team": "TJH5YU202",
        "user_team": "TJH5YU202",
        "source_team": "TJH5YU202",
        "user_profile": {
            "avatar_hash": "g6b8073e00e9",
            "image_72": "https:\/\/secure.gravatar.com\/avatar\/b96b8073e00e9eb02bcf05bc1418eb3a.jpg?s=72&d=https%3A%2F%2Fa.slack-edge.com%2Fdf10d%2Fimg%2Favatars%2Fava_0021-72.png",
            "first_name": "Otto",
            "real_name": "Otto Atzwanger",
            "display_name": "Otto",
            "team": "TJH5YU202",
            "name": "otto",
            "is_restricted": false,
            "is_ultra_restricted": false
        },
        "blocks": [
            {
                "type": "rich_text",
                "block_id": "tYH1w",
                "elements": [
                    {
                        "type": "rich_text_section",
                        "elements": [
                            {
                                "type": "text",
                                "text": "¿Cuál es la diferencia entre un servidor XML (por ejemplo, "
                            },
                            {
                                "type": "link",
                                "url": "http:\/\/booking.com",
                                "text": "booking.com"
                            },
                            {
                                "type": "text",
                                "text": " y OTA) y un servicio web?"
                            }
                        ]
                    }
                ]
            }
        ]
    },
    {
        "client_msg_id": "0376c472-2c7f-4949-8a2d-a549ece0b555",
        "type": "message",
        "text": "Ricardo, me hiciste dudar con tu curso.\nTodo parece tan simple.\nPero creo que cuando tienes que resolver nuevas tareas, se complica. En cualquier caso, aprendo mucho de TWeb y Mercury para mi propia aplicación.",
        "user": "UJHD6A81H",
        "ts": "1597689818.205900",
        "team": "TJH5YU202",
        "user_team": "TJH5YU202",
        "source_team": "TJH5YU202",
        "user_profile": {
            "avatar_hash": "g6b8073e00e9",
            "image_72": "https:\/\/secure.gravatar.com\/avatar\/b96b8073e00e9eb02bcf05bc1418eb3a.jpg?s=72&d=https%3A%2F%2Fa.slack-edge.com%2Fdf10d%2Fimg%2Favatars%2Fava_0021-72.png",
            "first_name": "Otto",
            "real_name": "Otto Atzwanger",
            "display_name": "Otto",
            "team": "TJH5YU202",
            "name": "otto",
            "is_restricted": false,
            "is_ultra_restricted": false
        },
        "blocks": [
            {
                "type": "rich_text",
                "block_id": "Q4gAo",
                "elements": [
                    {
                        "type": "rich_text_section",
                        "elements": [
                            {
                                "type": "text",
                                "text": "Ricardo, me hiciste dudar con tu curso.\nTodo parece tan simple.\nPero creo que cuando tienes que resolver nuevas tareas, se complica. En cualquier caso, aprendo mucho de TWeb y Mercury para mi propia aplicación."
                            }
                        ]
                    }
                ]
            }
        ]
    },
    {
        "client_msg_id": "bbbc43ce-4e0d-4893-a5c2-29153231b346",
        "type": "message",
        "text": "De hecho, Otto, creo que todo esto es un web service, sin embargo, existen diferencias sobre el protocolo para el intercambio de información. En general, los web services que utilizan el protocolo SOAP intercambian solicitudes a través de XML, mientras que los web services que utilizan JSON suelen utilizar el protocolo REST.",
        "user": "U015CUP1T5Z",
        "ts": "1597699653.206400",
        "team": "TJH5YU202",
        "user_team": "TJH5YU202",
        "source_team": "TJH5YU202",
        "user_profile": {
            "avatar_hash": "2d5981129913",
            "image_72": "https:\/\/avatars.slack-edge.com\/2020-06-14\/1183376598323_2d5981129913ee85447d_72.jpg",
            "first_name": "ricardo",
            "real_name": "ricardo arraes",
            "display_name": "ricardo arraes",
            "team": "TJH5YU202",
            "name": "ricardo",
            "is_restricted": false,
            "is_ultra_restricted": false
        },
        "blocks": [
            {
                "type": "rich_text",
                "block_id": "vIaEP",
                "elements": [
                    {
                        "type": "rich_text_section",
                        "elements": [
                            {
                                "type": "text",
                                "text": "De hecho, Otto, creo que todo esto es un web service, sin embargo, existen diferencias sobre el protocolo para el intercambio de información. En general, los web services que utilizan el protocolo SOAP intercambian solicitudes a través de XML, mientras que los web services que utilizan JSON suelen utilizar el protocolo REST."
                            }
                        ]
                    }
                ]
            }
        ]
    },
    {
        "client_msg_id": "3cfd20d4-da20-4682-b3e5-c32e4bdfd072",
        "type": "message",
        "text": "el término correcto no es \"protocolo\", pero no sé cómo llamarlo en español ...",
        "user": "U015CUP1T5Z",
        "ts": "1597699726.206600",
        "team": "TJH5YU202",
        "user_team": "TJH5YU202",
        "source_team": "TJH5YU202",
        "user_profile": {
            "avatar_hash": "2d5981129913",
            "image_72": "https:\/\/avatars.slack-edge.com\/2020-06-14\/1183376598323_2d5981129913ee85447d_72.jpg",
            "first_name": "ricardo",
            "real_name": "ricardo arraes",
            "display_name": "ricardo arraes",
            "team": "TJH5YU202",
            "name": "ricardo",
            "is_restricted": false,
            "is_ultra_restricted": false
        },
        "blocks": [
            {
                "type": "rich_text",
                "block_id": "XRy",
                "elements": [
                    {
                        "type": "rich_text_section",
                        "elements": [
                            {
                                "type": "text",
                                "text": "el término correcto no es \"protocolo\", pero no sé cómo llamarlo en español ..."
                            }
                        ]
                    }
                ]
            }
        ]
    },
    {
        "client_msg_id": "1ff4060b-06e3-4fd1-9b28-7d55a13ad0ab",
        "type": "message",
        "text": "yo los llamaría protocolos",
        "user": "UNAHBRTFA",
        "ts": "1597699787.206800",
        "team": "TJH5YU202",
        "user_team": "TJH5YU202",
        "source_team": "TJH5YU202",
        "user_profile": {
            "avatar_hash": "g3d2a3f4c28c",
            "image_72": "https:\/\/secure.gravatar.com\/avatar\/23d2a3f4c28cebb4cf07e48d02620517.jpg?s=72&d=https%3A%2F%2Fa.slack-edge.com%2Fdf10d%2Fimg%2Favatars%2Fava_0020-72.png",
            "first_name": "Andreu",
            "real_name": "Andreu Botella",
            "display_name": "Andreu Botella",
            "team": "TJH5YU202",
            "name": "andreu.132",
            "is_restricted": false,
            "is_ultra_restricted": false
        },
        "blocks": [
            {
                "type": "rich_text",
                "block_id": "U2S",
                "elements": [
                    {
                        "type": "rich_text_section",
                        "elements": [
                            {
                                "type": "text",
                                "text": "yo los llamaría protocolos"
                            }
                        ]
                    }
                ]
            }
        ]
    },
    {
        "client_msg_id": "a80a8a7a-08e7-4e18-8d4c-641b1d6a1603",
        "type": "message",
        "text": "lo que define a SOAP y a REST no es que usen XML y JSON, respectivamente, sino el formato de los metadatos",
        "user": "UNAHBRTFA",
        "ts": "1597699883.207400",
        "team": "TJH5YU202",
        "user_team": "TJH5YU202",
        "source_team": "TJH5YU202",
        "user_profile": {
            "avatar_hash": "g3d2a3f4c28c",
            "image_72": "https:\/\/secure.gravatar.com\/avatar\/23d2a3f4c28cebb4cf07e48d02620517.jpg?s=72&d=https%3A%2F%2Fa.slack-edge.com%2Fdf10d%2Fimg%2Favatars%2Fava_0020-72.png",
            "first_name": "Andreu",
            "real_name": "Andreu Botella",
            "display_name": "Andreu Botella",
            "team": "TJH5YU202",
            "name": "andreu.132",
            "is_restricted": false,
            "is_ultra_restricted": false
        },
        "blocks": [
            {
                "type": "rich_text",
                "block_id": "EyHtu",
                "elements": [
                    {
                        "type": "rich_text_section",
                        "elements": [
                            {
                                "type": "text",
                                "text": "lo que define a SOAP y a REST no es que usen XML y JSON, respectivamente, sino el formato de los metadatos"
                            }
                        ]
                    }
                ]
            }
        ]
    },
    {
        "client_msg_id": "ae86c745-f537-4574-875b-e6c90f7822de",
        "type": "message",
        "text": "Creo que el rest es más por un modelo arquitectónico, en fin, creo que esa es la diferencia que estás encontrando, pero al final creo que todo es servicio web",
        "user": "U015CUP1T5Z",
        "ts": "1597699907.208100",
        "team": "TJH5YU202",
        "user_team": "TJH5YU202",
        "source_team": "TJH5YU202",
        "user_profile": {
            "avatar_hash": "2d5981129913",
            "image_72": "https:\/\/avatars.slack-edge.com\/2020-06-14\/1183376598323_2d5981129913ee85447d_72.jpg",
            "first_name": "ricardo",
            "real_name": "ricardo arraes",
            "display_name": "ricardo arraes",
            "team": "TJH5YU202",
            "name": "ricardo",
            "is_restricted": false,
            "is_ultra_restricted": false
        },
        "blocks": [
            {
                "type": "rich_text",
                "block_id": "=U7",
                "elements": [
                    {
                        "type": "rich_text_section",
                        "elements": [
                            {
                                "type": "text",
                                "text": "Creo que el rest es más por un modelo arquitectónico, en fin, creo que esa es la diferencia que estás encontrando, pero al final creo que todo es servicio web"
                            }
                        ]
                    }
                ]
            }
        ]
    },
    {
        "client_msg_id": "da8de614-dac6-423f-a097-c0cd85afdbc7",
        "type": "message",
        "text": "(en REST esos metadatos van en cabeceras y métodos HTTP, mientras que en SOAP son parte de la respuesta, pero siguen siendo metadatos)",
        "user": "UNAHBRTFA",
        "ts": "1597699915.208300",
        "team": "TJH5YU202",
        "user_team": "TJH5YU202",
        "source_team": "TJH5YU202",
        "user_profile": {
            "avatar_hash": "g3d2a3f4c28c",
            "image_72": "https:\/\/secure.gravatar.com\/avatar\/23d2a3f4c28cebb4cf07e48d02620517.jpg?s=72&d=https%3A%2F%2Fa.slack-edge.com%2Fdf10d%2Fimg%2Favatars%2Fava_0020-72.png",
            "first_name": "Andreu",
            "real_name": "Andreu Botella",
            "display_name": "Andreu Botella",
            "team": "TJH5YU202",
            "name": "andreu.132",
            "is_restricted": false,
            "is_ultra_restricted": false
        },
        "edited": {
            "user": "UNAHBRTFA",
            "ts": "1597699933.000000"
        },
        "blocks": [
            {
                "type": "rich_text",
                "block_id": "pYkm",
                "elements": [
                    {
                        "type": "rich_text_section",
                        "elements": [
                            {
                                "type": "text",
                                "text": "(en REST esos metadatos van en cabeceras y métodos HTTP, mientras que en SOAP son parte de la respuesta, pero siguen siendo metadatos)"
                            }
                        ]
                    }
                ]
            }
        ]
    },
    {
        "client_msg_id": "f9e70858-a501-40cb-bb2b-4de415aee721",
        "type": "message",
        "text": "sí sí es cierto, hay mucho más detrás de todo ... pero para resumir y llegar al punto que Otto está cuestionando, normalmente SOAP usa XML y REST no tiene un formato restringido, pero es común usar JSON.",
        "user": "U015CUP1T5Z",
        "ts": "1597700243.209000",
        "team": "TJH5YU202",
        "user_team": "TJH5YU202",
        "source_team": "TJH5YU202",
        "user_profile": {
            "avatar_hash": "2d5981129913",
            "image_72": "https:\/\/avatars.slack-edge.com\/2020-06-14\/1183376598323_2d5981129913ee85447d_72.jpg",
            "first_name": "ricardo",
            "real_name": "ricardo arraes",
            "display_name": "ricardo arraes",
            "team": "TJH5YU202",
            "name": "ricardo",
            "is_restricted": false,
            "is_ultra_restricted": false
        },
        "blocks": [
            {
                "type": "rich_text",
                "block_id": "VRy2t",
                "elements": [
                    {
                        "type": "rich_text_section",
                        "elements": [
                            {
                                "type": "text",
                                "text": "sí sí es cierto, hay mucho más detrás de todo ... pero para resumir y llegar al punto que Otto está cuestionando, normalmente SOAP usa XML y REST no tiene un formato restringido, pero es común usar JSON."
                            }
                        ]
                    }
                ]
            }
        ]
    },
    {
        "client_msg_id": "dc53b878-268d-4eab-a19f-af2b02fefb0b",
        "type": "message",
        "text": "yo no soy un experto en webservices ni mucho menos, pero nunca he visto un API REST que no use JSON",
        "user": "UNAHBRTFA",
        "ts": "1597701347.209500",
        "team": "TJH5YU202",
        "user_team": "TJH5YU202",
        "source_team": "TJH5YU202",
        "user_profile": {
            "avatar_hash": "g3d2a3f4c28c",
            "image_72": "https:\/\/secure.gravatar.com\/avatar\/23d2a3f4c28cebb4cf07e48d02620517.jpg?s=72&d=https%3A%2F%2Fa.slack-edge.com%2Fdf10d%2Fimg%2Favatars%2Fava_0020-72.png",
            "first_name": "Andreu",
            "real_name": "Andreu Botella",
            "display_name": "Andreu Botella",
            "team": "TJH5YU202",
            "name": "andreu.132",
            "is_restricted": false,
            "is_ultra_restricted": false
        },
        "blocks": [
            {
                "type": "rich_text",
                "block_id": "1mT+N",
                "elements": [
                    {
                        "type": "rich_text_section",
                        "elements": [
                            {
                                "type": "text",
                                "text": "yo no soy un experto en webservices ni mucho menos, pero nunca he visto un API REST que no use JSON"
                            }
                        ]
                    }
                ]
            }
        ]
    },
    {
        "client_msg_id": "f244c7be-e616-469c-b7db-7f26440ee529",
        "type": "message",
        "text": "yo tampoco, pero en teoría es posible utilizar otros formatos :sweat_smile:",
        "user": "U015CUP1T5Z",
        "ts": "1597701497.209700",
        "team": "TJH5YU202",
        "user_team": "TJH5YU202",
        "source_team": "TJH5YU202",
        "user_profile": {
            "avatar_hash": "2d5981129913",
            "image_72": "https:\/\/avatars.slack-edge.com\/2020-06-14\/1183376598323_2d5981129913ee85447d_72.jpg",
            "first_name": "ricardo",
            "real_name": "ricardo arraes",
            "display_name": "ricardo arraes",
            "team": "TJH5YU202",
            "name": "ricardo",
            "is_restricted": false,
            "is_ultra_restricted": false
        },
        "blocks": [
            {
                "type": "rich_text",
                "block_id": "aM7W",
                "elements": [
                    {
                        "type": "rich_text_section",
                        "elements": [
                            {
                                "type": "text",
                                "text": "yo tampoco, pero en teoría es posible utilizar otros formatos "
                            },
                            {
                                "type": "emoji",
                                "name": "sweat_smile"
                            }
                        ]
                    }
                ]
            }
        ]
    },
    {
        "client_msg_id": "d02028ee-ed54-4910-bd18-da8ee8a5cb57",
        "type": "message",
        "text": "Nada se encuentra escrito en piedra como si fueran los 10 mandamientos. Basta que 2 programadores se pongan de acuerdo y entonces se podrán comunicar. La raza humana no está acostumbrada a ello. Muchos ingenieron y reguladores se quedarían sin trabajo si la gente se comunicara así de bien.",
        "user": "UM81W8B0Q",
        "ts": "1597701858.213500",
        "team": "TJH5YU202",
        "user_team": "TJH5YU202",
        "source_team": "TJH5YU202",
        "user_profile": {
            "avatar_hash": "gab9279ee8c0",
            "image_72": "https:\/\/secure.gravatar.com\/avatar\/73ab9279ee8c00f66ce4904d30146c8f.jpg?s=72&d=https%3A%2F%2Fa.slack-edge.com%2Fdf10d%2Fimg%2Favatars%2Fava_0010-72.png",
            "first_name": "",
            "real_name": "Angel Pais",
            "display_name": "Angel Pais",
            "team": "TJH5YU202",
            "name": "amigosam",
            "is_restricted": false,
            "is_ultra_restricted": false
        },
        "blocks": [
            {
                "type": "rich_text",
                "block_id": "l8p",
                "elements": [
                    {
                        "type": "rich_text_section",
                        "elements": [
                            {
                                "type": "text",
                                "text": "Nada se encuentra escrito en piedra como si fueran los 10 mandamientos. Basta que 2 programadores se pongan de acuerdo y entonces se podrán comunicar. La raza humana no está acostumbrada a ello. Muchos ingenieron y reguladores se quedarían sin trabajo si la gente se comunicara así de bien."
                            }
                        ]
                    }
                ]
            }
        ]
    },
    {
        "client_msg_id": "3333cf13-6189-4ac3-aa5c-917e78335709",
        "type": "message",
        "text": "Conozco protocolos propietarios con un payload muy bajo. Casi como los antiguos protocolos telefónicos, que se usan para alto tráfico y bajo ancho de banda.",
        "user": "UM81W8B0Q",
        "ts": "1597701932.214700",
        "team": "TJH5YU202",
        "user_team": "TJH5YU202",
        "source_team": "TJH5YU202",
        "user_profile": {
            "avatar_hash": "gab9279ee8c0",
            "image_72": "https:\/\/secure.gravatar.com\/avatar\/73ab9279ee8c00f66ce4904d30146c8f.jpg?s=72&d=https%3A%2F%2Fa.slack-edge.com%2Fdf10d%2Fimg%2Favatars%2Fava_0010-72.png",
            "first_name": "",
            "real_name": "Angel Pais",
            "display_name": "Angel Pais",
            "team": "TJH5YU202",
            "name": "amigosam",
            "is_restricted": false,
            "is_ultra_restricted": false
        },
        "blocks": [
            {
                "type": "rich_text",
                "block_id": "LZF8",
                "elements": [
                    {
                        "type": "rich_text_section",
                        "elements": [
                            {
                                "type": "text",
                                "text": "Conozco protocolos propietarios con un payload muy bajo. Casi como los antiguos protocolos telefónicos, que se usan para alto tráfico y bajo ancho de banda."
                            }
                        ]
                    }
                ]
            }
        ]
    },
    {
        "client_msg_id": "6c6ce84e-0b86-486a-bd1d-05a86ec1336a",
        "type": "message",
        "text": "por otra parte, tener un formato más o menos estándar ayuda a traer programadores de fuera, a interoperar con más sistemas, a tener una implementación que te sirva para muchas cosas y herramientas que te detecten posibles errores",
        "user": "UNAHBRTFA",
        "ts": "1597703098.216000",
        "team": "TJH5YU202",
        "user_team": "TJH5YU202",
        "source_team": "TJH5YU202",
        "user_profile": {
            "avatar_hash": "g3d2a3f4c28c",
            "image_72": "https:\/\/secure.gravatar.com\/avatar\/23d2a3f4c28cebb4cf07e48d02620517.jpg?s=72&d=https%3A%2F%2Fa.slack-edge.com%2Fdf10d%2Fimg%2Favatars%2Fava_0020-72.png",
            "first_name": "Andreu",
            "real_name": "Andreu Botella",
            "display_name": "Andreu Botella",
            "team": "TJH5YU202",
            "name": "andreu.132",
            "is_restricted": false,
            "is_ultra_restricted": false
        },
        "blocks": [
            {
                "type": "rich_text",
                "block_id": "R5EKl",
                "elements": [
                    {
                        "type": "rich_text_section",
                        "elements": [
                            {
                                "type": "text",
                                "text": "por otra parte, tener un formato más o menos estándar ayuda a traer programadores de fuera, a interoperar con más sistemas, a tener una implementación que te sirva para muchas cosas y herramientas que te detecten posibles errores"
                            }
                        ]
                    }
                ]
            }
        ]
    },
    {
        "client_msg_id": "2e5f45e8-1b00-4ac9-9d8d-129d44ba7d99",
        "type": "message",
        "text": "Cierto. Cada proyecto requiere evaluar muchas cosas. Pero nadie te obliga a responder en xml, json o código morse",
        "user": "UM81W8B0Q",
        "ts": "1597703156.217200",
        "team": "TJH5YU202",
        "user_team": "TJH5YU202",
        "source_team": "TJH5YU202",
        "user_profile": {
            "avatar_hash": "gab9279ee8c0",
            "image_72": "https:\/\/secure.gravatar.com\/avatar\/73ab9279ee8c00f66ce4904d30146c8f.jpg?s=72&d=https%3A%2F%2Fa.slack-edge.com%2Fdf10d%2Fimg%2Favatars%2Fava_0010-72.png",
            "first_name": "",
            "real_name": "Angel Pais",
            "display_name": "Angel Pais",
            "team": "TJH5YU202",
            "name": "amigosam",
            "is_restricted": false,
            "is_ultra_restricted": false
        },
        "edited": {
            "user": "UM81W8B0Q",
            "ts": "1597703200.000000"
        },
        "blocks": [
            {
                "type": "rich_text",
                "block_id": "TPnG",
                "elements": [
                    {
                        "type": "rich_text_section",
                        "elements": [
                            {
                                "type": "text",
                                "text": "Cierto. Cada proyecto requiere evaluar muchas cosas. Pero nadie te obliga a responder en xml, json o código morse"
                            }
                        ]
                    }
                ]
            }
        ]
    },
    {
        "client_msg_id": "788759bc-1073-44f4-8c28-cc7688961f88",
        "type": "message",
        "text": "Basta que las 2 partes estén de acuerdo.",
        "user": "UM81W8B0Q",
        "ts": "1597703171.217500",
        "team": "TJH5YU202",
        "user_team": "TJH5YU202",
        "source_team": "TJH5YU202",
        "user_profile": {
            "avatar_hash": "gab9279ee8c0",
            "image_72": "https:\/\/secure.gravatar.com\/avatar\/73ab9279ee8c00f66ce4904d30146c8f.jpg?s=72&d=https%3A%2F%2Fa.slack-edge.com%2Fdf10d%2Fimg%2Favatars%2Fava_0010-72.png",
            "first_name": "",
            "real_name": "Angel Pais",
            "display_name": "Angel Pais",
            "team": "TJH5YU202",
            "name": "amigosam",
            "is_restricted": false,
            "is_ultra_restricted": false
        },
        "edited": {
            "user": "UM81W8B0Q",
            "ts": "1597703182.000000"
        },
        "blocks": [
            {
                "type": "rich_text",
                "block_id": "njIlE",
                "elements": [
                    {
                        "type": "rich_text_section",
                        "elements": [
                            {
                                "type": "text",
                                "text": "Basta que las 2 partes estén de acuerdo."
                            }
                        ]
                    }
                ]
            }
        ]
    },
    {
        "client_msg_id": "5e1963ac-ed32-4868-ac10-ee2132c20e15",
        "type": "message",
        "text": "&gt; Pero nadie te obliga a responder en xmlo o json o codigo morse\na menos que estés interoperando con cosas que esperen un formato determinado",
        "user": "UNAHBRTFA",
        "ts": "1597703214.218400",
        "team": "TJH5YU202",
        "user_team": "TJH5YU202",
        "source_team": "TJH5YU202",
        "user_profile": {
            "avatar_hash": "g3d2a3f4c28c",
            "image_72": "https:\/\/secure.gravatar.com\/avatar\/23d2a3f4c28cebb4cf07e48d02620517.jpg?s=72&d=https%3A%2F%2Fa.slack-edge.com%2Fdf10d%2Fimg%2Favatars%2Fava_0020-72.png",
            "first_name": "Andreu",
            "real_name": "Andreu Botella",
            "display_name": "Andreu Botella",
            "team": "TJH5YU202",
            "name": "andreu.132",
            "is_restricted": false,
            "is_ultra_restricted": false
        },
        "blocks": [
            {
                "type": "rich_text",
                "block_id": "TsQhC",
                "elements": [
                    {
                        "type": "rich_text_quote",
                        "elements": [
                            {
                                "type": "text",
                                "text": "Pero nadie te obliga a responder en xmlo o json o codigo morse"
                            }
                        ]
                    },
                    {
                        "type": "rich_text_section",
                        "elements": [
                            {
                                "type": "text",
                                "text": "a menos que estés interoperando con cosas que esperen un formato determinado"
                            }
                        ]
                    }
                ]
            }
        ]
    },
    {
        "client_msg_id": "7206c896-0d04-4bb0-a826-4975810edf07",
        "type": "message",
        "text": "ejem la web y javascript",
        "user": "UNAHBRTFA",
        "ts": "1597703218.218700",
        "team": "TJH5YU202",
        "user_team": "TJH5YU202",
        "source_team": "TJH5YU202",
        "user_profile": {
            "avatar_hash": "g3d2a3f4c28c",
            "image_72": "https:\/\/secure.gravatar.com\/avatar\/23d2a3f4c28cebb4cf07e48d02620517.jpg?s=72&d=https%3A%2F%2Fa.slack-edge.com%2Fdf10d%2Fimg%2Favatars%2Fava_0020-72.png",
            "first_name": "Andreu",
            "real_name": "Andreu Botella",
            "display_name": "Andreu Botella",
            "team": "TJH5YU202",
            "name": "andreu.132",
            "is_restricted": false,
            "is_ultra_restricted": false
        },
        "blocks": [
            {
                "type": "rich_text",
                "block_id": "K1fk",
                "elements": [
                    {
                        "type": "rich_text_section",
                        "elements": [
                            {
                                "type": "text",
                                "text": "ejem la web y javascript"
                            }
                        ]
                    }
                ]
            }
        ]
    },
    {
        "client_msg_id": "90912e01-479a-4567-960e-b1fc6473635c",
        "type": "message",
        "text": "O el gobierno",
        "user": "UM81W8B0Q",
        "ts": "1597703228.218900",
        "team": "TJH5YU202",
        "user_team": "TJH5YU202",
        "source_team": "TJH5YU202",
        "user_profile": {
            "avatar_hash": "gab9279ee8c0",
            "image_72": "https:\/\/secure.gravatar.com\/avatar\/73ab9279ee8c00f66ce4904d30146c8f.jpg?s=72&d=https%3A%2F%2Fa.slack-edge.com%2Fdf10d%2Fimg%2Favatars%2Fava_0010-72.png",
            "first_name": "",
            "real_name": "Angel Pais",
            "display_name": "Angel Pais",
            "team": "TJH5YU202",
            "name": "amigosam",
            "is_restricted": false,
            "is_ultra_restricted": false
        },
        "blocks": [
            {
                "type": "rich_text",
                "block_id": "NiE",
                "elements": [
                    {
                        "type": "rich_text_section",
                        "elements": [
                            {
                                "type": "text",
                                "text": "O el gobierno"
                            }
                        ]
                    }
                ]
            }
        ]
    }
]