[
    {
        "client_msg_id": "ed4f9519-6bdb-4068-a231-10bc867ace2a",
        "type": "message",
        "text": "¡Hola amigos! ¿como estan? Tengo algunos dolores de cabeza con mi desarrollo móvil usando Xamarin y C #, luego sentí curiosidad por el desarrollo móvil con harbour usando fivetouch, ¿cómo va fivetouch? :thinking_face:",
        "user": "U015CUP1T5Z",
        "ts": "1598036888.001400",
        "team": "TJH5YU202",
        "user_team": "TJH5YU202",
        "source_team": "TJH5YU202",
        "user_profile": {
            "avatar_hash": "2d5981129913",
            "image_72": "https:\/\/avatars.slack-edge.com\/2020-06-14\/1183376598323_2d5981129913ee85447d_72.jpg",
            "first_name": "ricardo",
            "real_name": "ricardo arraes",
            "display_name": "ricardo arraes",
            "team": "TJH5YU202",
            "name": "ricardo",
            "is_restricted": false,
            "is_ultra_restricted": false
        },
        "edited": {
            "user": "U015CUP1T5Z",
            "ts": "1598045296.000000"
        },
        "blocks": [
            {
                "type": "rich_text",
                "block_id": "kpvGv",
                "elements": [
                    {
                        "type": "rich_text_section",
                        "elements": [
                            {
                                "type": "text",
                                "text": "¡Hola amigos! ¿como estan? Tengo algunos dolores de cabeza con mi desarrollo móvil usando Xamarin y C #, luego sentí curiosidad por el desarrollo móvil con harbour usando fivetouch, ¿cómo va fivetouch? "
                            },
                            {
                                "type": "emoji",
                                "name": "thinking_face"
                            }
                        ]
                    }
                ]
            }
        ]
    },
    {
        "client_msg_id": "cc133e8a-f818-497d-bf8d-acf61b2e738d",
        "type": "message",
        "text": "Desarrollo Android ?",
        "user": "UM81W8B0Q",
        "ts": "1598040529.001900",
        "team": "TJH5YU202",
        "user_team": "TJH5YU202",
        "source_team": "TJH5YU202",
        "user_profile": {
            "avatar_hash": "gab9279ee8c0",
            "image_72": "https:\/\/secure.gravatar.com\/avatar\/73ab9279ee8c00f66ce4904d30146c8f.jpg?s=72&d=https%3A%2F%2Fa.slack-edge.com%2Fdf10d%2Fimg%2Favatars%2Fava_0010-72.png",
            "first_name": "",
            "real_name": "Angel Pais",
            "display_name": "Angel Pais",
            "team": "TJH5YU202",
            "name": "amigosam",
            "is_restricted": false,
            "is_ultra_restricted": false
        },
        "blocks": [
            {
                "type": "rich_text",
                "block_id": "9j3O",
                "elements": [
                    {
                        "type": "rich_text_section",
                        "elements": [
                            {
                                "type": "text",
                                "text": "Desarrollo Android ?"
                            }
                        ]
                    }
                ]
            }
        ]
    },
    {
        "client_msg_id": "2d6daa85-ef14-4f20-be4a-1abfaa1db347",
        "type": "message",
        "text": "si, si",
        "user": "U015CUP1T5Z",
        "ts": "1598043702.002100",
        "team": "TJH5YU202",
        "user_team": "TJH5YU202",
        "source_team": "TJH5YU202",
        "user_profile": {
            "avatar_hash": "2d5981129913",
            "image_72": "https:\/\/avatars.slack-edge.com\/2020-06-14\/1183376598323_2d5981129913ee85447d_72.jpg",
            "first_name": "ricardo",
            "real_name": "ricardo arraes",
            "display_name": "ricardo arraes",
            "team": "TJH5YU202",
            "name": "ricardo",
            "is_restricted": false,
            "is_ultra_restricted": false
        },
        "blocks": [
            {
                "type": "rich_text",
                "block_id": "w+oo",
                "elements": [
                    {
                        "type": "rich_text_section",
                        "elements": [
                            {
                                "type": "text",
                                "text": "si, si"
                            }
                        ]
                    }
                ]
            }
        ]
    },
    {
        "client_msg_id": "61b1ecbb-eb23-4a38-8466-b672ad4a2acb",
        "type": "message",
        "text": "Sin tomar en cuenta fivetouch que esta abandonado hace años, tienes 3 opciones: 1) PWA  2) html+electron 3) B4A",
        "user": "UM81W8B0Q",
        "ts": "1598043881.003200",
        "team": "TJH5YU202",
        "user_team": "TJH5YU202",
        "source_team": "TJH5YU202",
        "user_profile": {
            "avatar_hash": "gab9279ee8c0",
            "image_72": "https:\/\/secure.gravatar.com\/avatar\/73ab9279ee8c00f66ce4904d30146c8f.jpg?s=72&d=https%3A%2F%2Fa.slack-edge.com%2Fdf10d%2Fimg%2Favatars%2Fava_0010-72.png",
            "first_name": "",
            "real_name": "Angel Pais",
            "display_name": "Angel Pais",
            "team": "TJH5YU202",
            "name": "amigosam",
            "is_restricted": false,
            "is_ultra_restricted": false
        },
        "blocks": [
            {
                "type": "rich_text",
                "block_id": "O28",
                "elements": [
                    {
                        "type": "rich_text_section",
                        "elements": [
                            {
                                "type": "text",
                                "text": "Sin tomar en cuenta fivetouch que esta abandonado hace años, tienes 3 opciones: 1) PWA  2) html+electron 3) B4A"
                            }
                        ]
                    }
                ]
            }
        ]
    },
    {
        "client_msg_id": "86042e95-8f5d-4655-9f22-36cb7c8308ba",
        "type": "message",
        "text": "Ricardo Fivetouch funcionaba muy bien el problema es que esta basado en QT y qt es muy complejo de volverle a recompilar si te animas te ayudo porque a mi me interesa sobremanera y podemos pedirle a Antonio ayuda y hasta Pritpal que es autor de qtcontribs adaptacion de harbour para QT",
        "user": "UJXP7LS78",
        "ts": "1598045360.005300",
        "team": "TJH5YU202",
        "user_team": "TJH5YU202",
        "source_team": "TJH5YU202",
        "user_profile": {
            "avatar_hash": "gc4a0baebb72",
            "image_72": "https:\/\/secure.gravatar.com\/avatar\/a1c4a0baebb720b97e5a197259dbf409.jpg?s=72&d=https%3A%2F%2Fa.slack-edge.com%2Fdf10d%2Fimg%2Favatars%2Fava_0007-72.png",
            "first_name": "",
            "real_name": "wilson gamboa",
            "display_name": "wilson gamboa",
            "team": "TJH5YU202",
            "name": "wilson.josenet",
            "is_restricted": false,
            "is_ultra_restricted": false
        },
        "blocks": [
            {
                "type": "rich_text",
                "block_id": "GB9t",
                "elements": [
                    {
                        "type": "rich_text_section",
                        "elements": [
                            {
                                "type": "text",
                                "text": "Ricardo Fivetouch funcionaba muy bien el problema es que esta basado en QT y qt es muy complejo de volverle a recompilar si te animas te ayudo porque a mi me interesa sobremanera y podemos pedirle a Antonio ayuda y hasta Pritpal que es autor de qtcontribs adaptacion de harbour para QT"
                            }
                        ]
                    }
                ]
            }
        ],
        "reactions": [
            {
                "name": "clap",
                "users": [
                    "U015CUP1T5Z"
                ],
                "count": 1
            }
        ]
    },
    {
        "client_msg_id": "46e94f45-57b0-4ad4-8e5c-c2bbd336a645",
        "type": "message",
        "text": "saludos",
        "user": "UJXP7LS78",
        "ts": "1598045362.005500",
        "team": "TJH5YU202",
        "user_team": "TJH5YU202",
        "source_team": "TJH5YU202",
        "user_profile": {
            "avatar_hash": "gc4a0baebb72",
            "image_72": "https:\/\/secure.gravatar.com\/avatar\/a1c4a0baebb720b97e5a197259dbf409.jpg?s=72&d=https%3A%2F%2Fa.slack-edge.com%2Fdf10d%2Fimg%2Favatars%2Fava_0007-72.png",
            "first_name": "",
            "real_name": "wilson gamboa",
            "display_name": "wilson gamboa",
            "team": "TJH5YU202",
            "name": "wilson.josenet",
            "is_restricted": false,
            "is_ultra_restricted": false
        },
        "blocks": [
            {
                "type": "rich_text",
                "block_id": "l03",
                "elements": [
                    {
                        "type": "rich_text_section",
                        "elements": [
                            {
                                "type": "text",
                                "text": "saludos"
                            }
                        ]
                    }
                ]
            }
        ]
    },
    {
        "client_msg_id": "71723A57-B96A-4D1A-B095-FE8BFD1DA27A",
        "type": "message",
        "text": "Estimado Ricardo, q problema tienes con xamarin si no es indiscreción? Saludos",
        "user": "UJUSD6VB2",
        "ts": "1598056811.007000",
        "team": "TJH5YU202",
        "user_team": "TJH5YU202",
        "source_team": "TJH5YU202",
        "user_profile": {
            "avatar_hash": "g1677a02d0b6",
            "image_72": "https:\/\/secure.gravatar.com\/avatar\/bb1677a02d0b69ba91eb245090c7c83a.jpg?s=72&d=https%3A%2F%2Fa.slack-edge.com%2Fdf10d%2Fimg%2Favatars%2Fava_0015-72.png",
            "first_name": "",
            "real_name": "Osvaldo Ramirez",
            "display_name": "Osvaldo Ramirez",
            "team": "TJH5YU202",
            "name": "ramirezosvaldo",
            "is_restricted": false,
            "is_ultra_restricted": false
        },
        "blocks": [
            {
                "type": "rich_text",
                "block_id": "=NU",
                "elements": [
                    {
                        "type": "rich_text_section",
                        "elements": [
                            {
                                "type": "text",
                                "text": "Estimado Ricardo, q problema tienes con xamarin si no es indiscreción? Saludos"
                            }
                        ]
                    }
                ]
            }
        ]
    },
    {
        "client_msg_id": "CCA55B35-F25A-4043-B149-7B85B808E0C2",
        "type": "message",
        "text": "<@UJUSD6VB2> hola osvaldo! a decir verdad, no puedo decirte cuánto problema es con xamarin o visual studio, pero cada vez que actualizo a la última versión mi proyecto termina lastimándose con algunas incompatibilidades ... al final siempre es posible resolver y empezar a correr de nuevo, pero la pérdida de tiempo es considerable. esta semana he pasado casi 4 días resolviendo estas incompatibilidades y preveo más dolores de cabeza con la migración a AndroidX ... ¿también usáis xamarin?",
        "user": "U015CUP1T5Z",
        "ts": "1598062985.007300",
        "team": "TJH5YU202",
        "user_team": "TJH5YU202",
        "source_team": "TJH5YU202",
        "user_profile": {
            "avatar_hash": "2d5981129913",
            "image_72": "https:\/\/avatars.slack-edge.com\/2020-06-14\/1183376598323_2d5981129913ee85447d_72.jpg",
            "first_name": "ricardo",
            "real_name": "ricardo arraes",
            "display_name": "ricardo arraes",
            "team": "TJH5YU202",
            "name": "ricardo",
            "is_restricted": false,
            "is_ultra_restricted": false
        },
        "blocks": [
            {
                "type": "rich_text",
                "block_id": "\/VYl",
                "elements": [
                    {
                        "type": "rich_text_section",
                        "elements": [
                            {
                                "type": "user",
                                "user_id": "UJUSD6VB2"
                            },
                            {
                                "type": "text",
                                "text": " hola osvaldo! a decir verdad, no puedo decirte cuánto problema es con xamarin o visual studio, pero cada vez que actualizo a la última versión mi proyecto termina lastimándose con algunas incompatibilidades ... al final siempre es posible resolver y empezar a correr de nuevo, pero la pérdida de tiempo es considerable. esta semana he pasado casi 4 días resolviendo estas incompatibilidades y preveo más dolores de cabeza con la migración a AndroidX ... ¿también usáis xamarin?"
                            }
                        ]
                    }
                ]
            }
        ]
    },
    {
        "client_msg_id": "50D06C2F-3DD7-4491-93A4-9E1AC182F785",
        "type": "message",
        "text": "<@UJXP7LS78> ¡Lo encuentro muy interesante Wilson! de hecho nunca estudié mucho el fivetouch, así que no tengo experiencia con él, pero creo que sería fantástico rescatar esta iniciativa. una pregunta, ¿Fivetouch también se desarrolló para iOS?",
        "user": "U015CUP1T5Z",
        "ts": "1598063138.007700",
        "team": "TJH5YU202",
        "user_team": "TJH5YU202",
        "source_team": "TJH5YU202",
        "user_profile": {
            "avatar_hash": "2d5981129913",
            "image_72": "https:\/\/avatars.slack-edge.com\/2020-06-14\/1183376598323_2d5981129913ee85447d_72.jpg",
            "first_name": "ricardo",
            "real_name": "ricardo arraes",
            "display_name": "ricardo arraes",
            "team": "TJH5YU202",
            "name": "ricardo",
            "is_restricted": false,
            "is_ultra_restricted": false
        },
        "blocks": [
            {
                "type": "rich_text",
                "block_id": "mxl",
                "elements": [
                    {
                        "type": "rich_text_section",
                        "elements": [
                            {
                                "type": "user",
                                "user_id": "UJXP7LS78"
                            },
                            {
                                "type": "text",
                                "text": " ¡Lo encuentro muy interesante Wilson! de hecho nunca estudié mucho el fivetouch, así que no tengo experiencia con él, pero creo que sería fantástico rescatar esta iniciativa. una pregunta, ¿Fivetouch también se desarrolló para iOS?"
                            }
                        ]
                    }
                ]
            }
        ]
    },
    {
        "client_msg_id": "448DCA4D-706B-48C7-AC72-3F5E11508D16",
        "type": "message",
        "text": "<@UM81W8B0Q> ¿tienes experiencia con alguno, ángel? ¿Está ordenado según su sugerencia?",
        "user": "U015CUP1T5Z",
        "ts": "1598063290.008000",
        "team": "TJH5YU202",
        "user_team": "TJH5YU202",
        "source_team": "TJH5YU202",
        "user_profile": {
            "avatar_hash": "2d5981129913",
            "image_72": "https:\/\/avatars.slack-edge.com\/2020-06-14\/1183376598323_2d5981129913ee85447d_72.jpg",
            "first_name": "ricardo",
            "real_name": "ricardo arraes",
            "display_name": "ricardo arraes",
            "team": "TJH5YU202",
            "name": "ricardo",
            "is_restricted": false,
            "is_ultra_restricted": false
        },
        "blocks": [
            {
                "type": "rich_text",
                "block_id": "7qw6",
                "elements": [
                    {
                        "type": "rich_text_section",
                        "elements": [
                            {
                                "type": "user",
                                "user_id": "UM81W8B0Q"
                            },
                            {
                                "type": "text",
                                "text": " ¿tienes experiencia con alguno, ángel? ¿Está ordenado según su sugerencia?"
                            }
                        ]
                    }
                ]
            }
        ]
    },
    {
        "client_msg_id": "7E99E49A-E249-48BF-B4E3-51AB9A3475BC",
        "type": "message",
        "text": "Si Ricardo creo que si ",
        "user": "UJXP7LS78",
        "ts": "1598063468.008400",
        "team": "TJH5YU202",
        "user_team": "TJH5YU202",
        "source_team": "TJH5YU202",
        "user_profile": {
            "avatar_hash": "gc4a0baebb72",
            "image_72": "https:\/\/secure.gravatar.com\/avatar\/a1c4a0baebb720b97e5a197259dbf409.jpg?s=72&d=https%3A%2F%2Fa.slack-edge.com%2Fdf10d%2Fimg%2Favatars%2Fava_0007-72.png",
            "first_name": "",
            "real_name": "wilson gamboa",
            "display_name": "wilson gamboa",
            "team": "TJH5YU202",
            "name": "wilson.josenet",
            "is_restricted": false,
            "is_ultra_restricted": false
        },
        "blocks": [
            {
                "type": "rich_text",
                "block_id": "SPI",
                "elements": [
                    {
                        "type": "rich_text_section",
                        "elements": [
                            {
                                "type": "text",
                                "text": "Si Ricardo creo que si "
                            }
                        ]
                    }
                ]
            }
        ]
    },
    {
        "client_msg_id": "A1CF8E09-C8B1-4F89-92D3-1D6DF8A21583",
        "type": "message",
        "text": "De lo que entiendo hay que compilar para digamos iOS en Windows con compilación cruzada y luego cargar al dispositivo ",
        "user": "UJXP7LS78",
        "ts": "1598063518.009700",
        "team": "TJH5YU202",
        "user_team": "TJH5YU202",
        "source_team": "TJH5YU202",
        "user_profile": {
            "avatar_hash": "gc4a0baebb72",
            "image_72": "https:\/\/secure.gravatar.com\/avatar\/a1c4a0baebb720b97e5a197259dbf409.jpg?s=72&d=https%3A%2F%2Fa.slack-edge.com%2Fdf10d%2Fimg%2Favatars%2Fava_0007-72.png",
            "first_name": "",
            "real_name": "wilson gamboa",
            "display_name": "wilson gamboa",
            "team": "TJH5YU202",
            "name": "wilson.josenet",
            "is_restricted": false,
            "is_ultra_restricted": false
        },
        "blocks": [
            {
                "type": "rich_text",
                "block_id": "q\/hh1",
                "elements": [
                    {
                        "type": "rich_text_section",
                        "elements": [
                            {
                                "type": "text",
                                "text": "De lo que entiendo hay que compilar para digamos iOS en Windows con compilación cruzada y luego cargar al dispositivo "
                            }
                        ]
                    }
                ]
            }
        ]
    },
    {
        "client_msg_id": "7F587545-DC46-451E-BF15-2FBA1D4A406B",
        "type": "message",
        "text": "Había algo montado con eso por Antonio ",
        "user": "UJXP7LS78",
        "ts": "1598063529.010100",
        "team": "TJH5YU202",
        "user_team": "TJH5YU202",
        "source_team": "TJH5YU202",
        "user_profile": {
            "avatar_hash": "gc4a0baebb72",
            "image_72": "https:\/\/secure.gravatar.com\/avatar\/a1c4a0baebb720b97e5a197259dbf409.jpg?s=72&d=https%3A%2F%2Fa.slack-edge.com%2Fdf10d%2Fimg%2Favatars%2Fava_0007-72.png",
            "first_name": "",
            "real_name": "wilson gamboa",
            "display_name": "wilson gamboa",
            "team": "TJH5YU202",
            "name": "wilson.josenet",
            "is_restricted": false,
            "is_ultra_restricted": false
        },
        "blocks": [
            {
                "type": "rich_text",
                "block_id": "0j4Ya",
                "elements": [
                    {
                        "type": "rich_text_section",
                        "elements": [
                            {
                                "type": "text",
                                "text": "Había algo montado con eso por Antonio "
                            }
                        ]
                    }
                ]
            }
        ]
    },
    {
        "client_msg_id": "110D8B20-B216-4B09-A8CF-43991A20B00B",
        "type": "message",
        "text": "La ventaja escribes en Windows pruebas en Windows ",
        "user": "UJXP7LS78",
        "ts": "1598063545.010700",
        "team": "TJH5YU202",
        "user_team": "TJH5YU202",
        "source_team": "TJH5YU202",
        "user_profile": {
            "avatar_hash": "gc4a0baebb72",
            "image_72": "https:\/\/secure.gravatar.com\/avatar\/a1c4a0baebb720b97e5a197259dbf409.jpg?s=72&d=https%3A%2F%2Fa.slack-edge.com%2Fdf10d%2Fimg%2Favatars%2Fava_0007-72.png",
            "first_name": "",
            "real_name": "wilson gamboa",
            "display_name": "wilson gamboa",
            "team": "TJH5YU202",
            "name": "wilson.josenet",
            "is_restricted": false,
            "is_ultra_restricted": false
        },
        "blocks": [
            {
                "type": "rich_text",
                "block_id": "CEF",
                "elements": [
                    {
                        "type": "rich_text_section",
                        "elements": [
                            {
                                "type": "text",
                                "text": "La ventaja escribes en Windows pruebas en Windows "
                            }
                        ]
                    }
                ]
            }
        ]
    },
    {
        "client_msg_id": "D73B80FD-D2F8-47C6-A55A-2FADE5B97868",
        "type": "message",
        "text": "Recompilad  y funciona en teléfono ",
        "user": "UJXP7LS78",
        "ts": "1598063563.011200",
        "team": "TJH5YU202",
        "user_team": "TJH5YU202",
        "source_team": "TJH5YU202",
        "user_profile": {
            "avatar_hash": "gc4a0baebb72",
            "image_72": "https:\/\/secure.gravatar.com\/avatar\/a1c4a0baebb720b97e5a197259dbf409.jpg?s=72&d=https%3A%2F%2Fa.slack-edge.com%2Fdf10d%2Fimg%2Favatars%2Fava_0007-72.png",
            "first_name": "",
            "real_name": "wilson gamboa",
            "display_name": "wilson gamboa",
            "team": "TJH5YU202",
            "name": "wilson.josenet",
            "is_restricted": false,
            "is_ultra_restricted": false
        },
        "blocks": [
            {
                "type": "rich_text",
                "block_id": "XYa",
                "elements": [
                    {
                        "type": "rich_text_section",
                        "elements": [
                            {
                                "type": "text",
                                "text": "Recompilad  y funciona en teléfono "
                            }
                        ]
                    }
                ]
            }
        ]
    },
    {
        "client_msg_id": "20be5278-c76c-45a8-ba4e-01c45d14f60f",
        "type": "message",
        "text": "#include \"<http:\/\/FiveTouch.ch|FiveTouch.ch>\"\n#include \"<http:\/\/hbclass.ch|hbclass.ch>\"\nfunction Main()\n\n    local oDlg\n    local aBtn[ 10 ]\n    local oAndroid := tWg_Android():new()  \/\/es una clase para poner variables y metodos\n    local aSay[ 10 ]\n\n    public GLB_Work\n    public empresa\n\n    Set( _SET_DATEFORMAT, \"dd\/mm\/yyyy\" )\n    set delete on\n    set epoch to 1960\n\n\n    DEFINE DIALOG oAndroid:oDlg TITLE SISTEMA SIZE 800, 600\n\n\n    @ 05,  20 SAY aSay[01] PROMPT \"Sin conecci?n con server\" OF oAndroid:oDlg\n    aSay[ 01 ]:Resize( 280, 15 )\n\n\n    @ 050, 90 BUTTON aBtn[01 ] PROMPT \"Consulta Stocks\" OF oAndroid:oDlg ;\n      ACTION oAndroid:stock('stock') SIZE 200, 70\n\n    @ 150, 90 BUTTON aBtn[02 ] PROMPT \"Ventas\" OF oAndroid:oDlg ;\n      ACTION oAndroid:veaventas() SIZE 200, 70\n\n    @ 250, 90 BUTTON aBtn[03 ] PROMPT \"Estad\/Cta\" OF oAndroid:oDlg ;\n      ACTION oAndroid:estadodecuenta() SIZE 200, 70\n\n    @ 350, 90 BUTTON aBtn[04 ] PROMPT \"Conectar\/Remoto\" OF oAndroid:oDlg ;\n      ACTION aSay[01]:settext( if( oAndroid:conecta(), 'Conecci?n -&gt; ' + oAndroid:dataconect(),'Error en conecci?n' ) ) SIZE 200, 70\n\n    @ 450, 90 BUTTON aBtn[05 ] PROMPT \"Salir\" OF oAndroid:oDlg ;\n      ACTION oAndroid:desconectar() SIZE 200, 70\n\n    @ 550, 20 SAY oAndroid:oSayMsg PROMPT \".....................................................\" OF oAndroid:oDlg\n    oAndroid:oSayMsg:Resize( 380, 15 )\n\n\n    ACTIVATE DIALOG oAndroid:oDlg CENTERED\n\nreturn nil",
        "user": "UJXP7LS78",
        "ts": "1598064461.011400",
        "team": "TJH5YU202",
        "user_team": "TJH5YU202",
        "source_team": "TJH5YU202",
        "user_profile": {
            "avatar_hash": "gc4a0baebb72",
            "image_72": "https:\/\/secure.gravatar.com\/avatar\/a1c4a0baebb720b97e5a197259dbf409.jpg?s=72&d=https%3A%2F%2Fa.slack-edge.com%2Fdf10d%2Fimg%2Favatars%2Fava_0007-72.png",
            "first_name": "",
            "real_name": "wilson gamboa",
            "display_name": "wilson gamboa",
            "team": "TJH5YU202",
            "name": "wilson.josenet",
            "is_restricted": false,
            "is_ultra_restricted": false
        },
        "blocks": [
            {
                "type": "rich_text",
                "block_id": "gERl",
                "elements": [
                    {
                        "type": "rich_text_section",
                        "elements": [
                            {
                                "type": "text",
                                "text": "#include \""
                            },
                            {
                                "type": "link",
                                "url": "http:\/\/FiveTouch.ch",
                                "text": "FiveTouch.ch"
                            },
                            {
                                "type": "text",
                                "text": "\"\n#include \""
                            },
                            {
                                "type": "link",
                                "url": "http:\/\/hbclass.ch",
                                "text": "hbclass.ch"
                            },
                            {
                                "type": "text",
                                "text": "\"\nfunction Main()\n\n    local oDlg\n    local aBtn[ 10 ]\n    local oAndroid := tWg_Android():new()  \/\/es una clase para poner variables y metodos\n    local aSay[ 10 ]\n\n    public GLB_Work\n    public empresa\n\n    Set( _SET_DATEFORMAT, \"dd\/mm\/yyyy\" )\n    set delete on\n    set epoch to 1960\n\n\n    DEFINE DIALOG oAndroid:oDlg TITLE SISTEMA SIZE 800, 600\n\n\n    @ 05,  20 SAY aSay[01] PROMPT \"Sin conecci?n con server\" OF oAndroid:oDlg\n    aSay[ 01 ]:Resize( 280, 15 )\n\n\n    @ 050, 90 BUTTON aBtn[01 ] PROMPT \"Consulta Stocks\" OF oAndroid:oDlg ;\n      ACTION oAndroid:stock('stock') SIZE 200, 70\n\n    @ 150, 90 BUTTON aBtn[02 ] PROMPT \"Ventas\" OF oAndroid:oDlg ;\n      ACTION oAndroid:veaventas() SIZE 200, 70\n\n    @ 250, 90 BUTTON aBtn[03 ] PROMPT \"Estad\/Cta\" OF oAndroid:oDlg ;\n      ACTION oAndroid:estadodecuenta() SIZE 200, 70\n\n    @ 350, 90 BUTTON aBtn[04 ] PROMPT \"Conectar\/Remoto\" OF oAndroid:oDlg ;\n      ACTION aSay[01]:settext( if( oAndroid:conecta(), 'Conecci?n -> ' + oAndroid:dataconect(),'Error en conecci?n' ) ) SIZE 200, 70\n\n    @ 450, 90 BUTTON aBtn[05 ] PROMPT \"Salir\" OF oAndroid:oDlg ;\n      ACTION oAndroid:desconectar() SIZE 200, 70\n\n    @ 550, 20 SAY oAndroid:oSayMsg PROMPT \".....................................................\" OF oAndroid:oDlg\n    oAndroid:oSayMsg:Resize( 380, 15 )\n\n\n    ACTIVATE DIALOG oAndroid:oDlg CENTERED\n\nreturn nil"
                            }
                        ]
                    }
                ]
            }
        ]
    },
    {
        "client_msg_id": "33fb4450-d29b-4438-8ac9-405b5b2bab2c",
        "type": "message",
        "text": "Ricardo asi es la codificacion",
        "user": "UJXP7LS78",
        "ts": "1598064472.011700",
        "team": "TJH5YU202",
        "user_team": "TJH5YU202",
        "source_team": "TJH5YU202",
        "user_profile": {
            "avatar_hash": "gc4a0baebb72",
            "image_72": "https:\/\/secure.gravatar.com\/avatar\/a1c4a0baebb720b97e5a197259dbf409.jpg?s=72&d=https%3A%2F%2Fa.slack-edge.com%2Fdf10d%2Fimg%2Favatars%2Fava_0007-72.png",
            "first_name": "",
            "real_name": "wilson gamboa",
            "display_name": "wilson gamboa",
            "team": "TJH5YU202",
            "name": "wilson.josenet",
            "is_restricted": false,
            "is_ultra_restricted": false
        },
        "blocks": [
            {
                "type": "rich_text",
                "block_id": "e1KN",
                "elements": [
                    {
                        "type": "rich_text_section",
                        "elements": [
                            {
                                "type": "text",
                                "text": "Ricardo asi es la codificacion"
                            }
                        ]
                    }
                ]
            }
        ]
    },
    {
        "client_msg_id": "5940f3f2-a61b-49dc-b39d-0dc447b765e9",
        "type": "message",
        "text": "yo perdi la plataforma que tenia para compilar es decir Harbour, HBQT y fivetouch en una muda de disco duro",
        "user": "UJXP7LS78",
        "ts": "1598064535.012500",
        "team": "TJH5YU202",
        "user_team": "TJH5YU202",
        "source_team": "TJH5YU202",
        "user_profile": {
            "avatar_hash": "gc4a0baebb72",
            "image_72": "https:\/\/secure.gravatar.com\/avatar\/a1c4a0baebb720b97e5a197259dbf409.jpg?s=72&d=https%3A%2F%2Fa.slack-edge.com%2Fdf10d%2Fimg%2Favatars%2Fava_0007-72.png",
            "first_name": "",
            "real_name": "wilson gamboa",
            "display_name": "wilson gamboa",
            "team": "TJH5YU202",
            "name": "wilson.josenet",
            "is_restricted": false,
            "is_ultra_restricted": false
        },
        "blocks": [
            {
                "type": "rich_text",
                "block_id": "=cH+",
                "elements": [
                    {
                        "type": "rich_text_section",
                        "elements": [
                            {
                                "type": "text",
                                "text": "yo perdi la plataforma que tenia para compilar es decir Harbour, HBQT y fivetouch en una muda de disco duro"
                            }
                        ]
                    }
                ]
            }
        ]
    },
    {
        "client_msg_id": "0bb9a070-d91e-45f3-bce0-bc8f540e3efb",
        "type": "message",
        "text": "nunca pude volver a recompilar los programas",
        "user": "UJXP7LS78",
        "ts": "1598064552.012900",
        "team": "TJH5YU202",
        "user_team": "TJH5YU202",
        "source_team": "TJH5YU202",
        "user_profile": {
            "avatar_hash": "gc4a0baebb72",
            "image_72": "https:\/\/secure.gravatar.com\/avatar\/a1c4a0baebb720b97e5a197259dbf409.jpg?s=72&d=https%3A%2F%2Fa.slack-edge.com%2Fdf10d%2Fimg%2Favatars%2Fava_0007-72.png",
            "first_name": "",
            "real_name": "wilson gamboa",
            "display_name": "wilson gamboa",
            "team": "TJH5YU202",
            "name": "wilson.josenet",
            "is_restricted": false,
            "is_ultra_restricted": false
        },
        "blocks": [
            {
                "type": "rich_text",
                "block_id": "YN3L",
                "elements": [
                    {
                        "type": "rich_text_section",
                        "elements": [
                            {
                                "type": "text",
                                "text": "nunca pude volver a recompilar los programas"
                            }
                        ]
                    }
                ]
            }
        ]
    }
]