[
    {
        "client_msg_id": "7ab9387e-31c6-47bb-9f26-7a85722c0b47",
        "type": "message",
        "text": "Felicidades <@UJWR5N32S> que cumplas muchisimos más :birthday:",
        "user": "UJUJLTWMT",
        "ts": "1599310767.278800",
        "team": "TJH5YU202",
        "user_team": "TJH5YU202",
        "source_team": "TJH5YU202",
        "user_profile": {
            "avatar_hash": "a60e3b1ef2d2",
            "image_72": "https:\/\/avatars.slack-edge.com\/2019-08-20\/726246109489_a60e3b1ef2d2c141969d_72.jpg",
            "first_name": "",
            "real_name": "Cristobal",
            "display_name": "Cristobal",
            "team": "TJH5YU202",
            "name": "navarro.cristobal",
            "is_restricted": false,
            "is_ultra_restricted": false
        },
        "blocks": [
            {
                "type": "rich_text",
                "block_id": "cTJh",
                "elements": [
                    {
                        "type": "rich_text_section",
                        "elements": [
                            {
                                "type": "text",
                                "text": "Felicidades "
                            },
                            {
                                "type": "user",
                                "user_id": "UJWR5N32S"
                            },
                            {
                                "type": "text",
                                "text": " que cumplas muchisimos más "
                            },
                            {
                                "type": "emoji",
                                "name": "birthday"
                            }
                        ]
                    }
                ]
            }
        ]
    },
    {
        "client_msg_id": "2c079374-34da-4591-936b-2edab72ec676",
        "type": "message",
        "text": "Muchas felicidades <@UJWR5N32S> :tada::tada::confetti_ball::confetti_ball::peace_symbol: Grande!",
        "user": "UJN8D8U3B",
        "ts": "1599311180.279800",
        "team": "TJH5YU202",
        "user_team": "TJH5YU202",
        "source_team": "TJH5YU202",
        "user_profile": {
            "avatar_hash": "g92ad2abcc45",
            "image_72": "https:\/\/secure.gravatar.com\/avatar\/8492ad2abcc45ce53969adcf8420acde.jpg?s=72&d=https%3A%2F%2Fa.slack-edge.com%2Fdf10d%2Fimg%2Favatars%2Fava_0008-72.png",
            "first_name": "",
            "real_name": "Antonio Linares",
            "display_name": "Antonio Linares",
            "team": "TJH5YU202",
            "name": "alinares",
            "is_restricted": false,
            "is_ultra_restricted": false
        },
        "blocks": [
            {
                "type": "rich_text",
                "block_id": "Wii",
                "elements": [
                    {
                        "type": "rich_text_section",
                        "elements": [
                            {
                                "type": "text",
                                "text": "Muchas felicidades "
                            },
                            {
                                "type": "user",
                                "user_id": "UJWR5N32S"
                            },
                            {
                                "type": "text",
                                "text": " "
                            },
                            {
                                "type": "emoji",
                                "name": "tada"
                            },
                            {
                                "type": "emoji",
                                "name": "tada"
                            },
                            {
                                "type": "emoji",
                                "name": "confetti_ball"
                            },
                            {
                                "type": "emoji",
                                "name": "confetti_ball"
                            },
                            {
                                "type": "emoji",
                                "name": "peace_symbol"
                            },
                            {
                                "type": "text",
                                "text": " Grande!"
                            }
                        ]
                    }
                ]
            }
        ]
    },
    {
        "client_msg_id": "053C286C-6BC4-4C99-8FB9-108C22A38C4D",
        "type": "message",
        "text": "Feliz cumple charly,  te envio un fuerte saludo, vamos por mercury for node.js\n",
        "user": "UJUSD6VB2",
        "ts": "1599313555.282600",
        "team": "TJH5YU202",
        "user_team": "TJH5YU202",
        "source_team": "TJH5YU202",
        "user_profile": {
            "avatar_hash": "g1677a02d0b6",
            "image_72": "https:\/\/secure.gravatar.com\/avatar\/bb1677a02d0b69ba91eb245090c7c83a.jpg?s=72&d=https%3A%2F%2Fa.slack-edge.com%2Fdf10d%2Fimg%2Favatars%2Fava_0015-72.png",
            "first_name": "",
            "real_name": "Osvaldo Ramirez",
            "display_name": "Osvaldo Ramirez",
            "team": "TJH5YU202",
            "name": "ramirezosvaldo",
            "is_restricted": false,
            "is_ultra_restricted": false
        },
        "blocks": [
            {
                "type": "rich_text",
                "block_id": "iQ7u",
                "elements": [
                    {
                        "type": "rich_text_section",
                        "elements": [
                            {
                                "type": "text",
                                "text": "Feliz cumple charly,  te envio un fuerte saludo, vamos por mercury for node.js\n"
                            }
                        ]
                    }
                ]
            }
        ]
    },
    {
        "client_msg_id": "4BA9248A-0F81-4024-80FD-E44245770286",
        "type": "message",
        "text": "Charly feliz cumpleaños amigo que la vida te bendiga !!",
        "user": "UJXP7LS78",
        "ts": "1599314759.283300",
        "team": "TJH5YU202",
        "user_team": "TJH5YU202",
        "source_team": "TJH5YU202",
        "user_profile": {
            "avatar_hash": "gc4a0baebb72",
            "image_72": "https:\/\/secure.gravatar.com\/avatar\/a1c4a0baebb720b97e5a197259dbf409.jpg?s=72&d=https%3A%2F%2Fa.slack-edge.com%2Fdf10d%2Fimg%2Favatars%2Fava_0007-72.png",
            "first_name": "",
            "real_name": "wilson gamboa",
            "display_name": "wilson gamboa",
            "team": "TJH5YU202",
            "name": "wilson.josenet",
            "is_restricted": false,
            "is_ultra_restricted": false
        },
        "blocks": [
            {
                "type": "rich_text",
                "block_id": "iYIl6",
                "elements": [
                    {
                        "type": "rich_text_section",
                        "elements": [
                            {
                                "type": "text",
                                "text": "Charly feliz cumpleaños amigo que la vida te bendiga !!"
                            }
                        ]
                    }
                ]
            }
        ]
    },
    {
        "client_msg_id": "ea35143e-20a1-40c6-9967-2c301a529bac",
        "type": "message",
        "text": "<@UJWR5N32S> amigo muchas felicidades :confetti_ball: disfruta tu fin de semana",
        "user": "UK28N3CER",
        "ts": "1599316122.284500",
        "team": "TJH5YU202",
        "user_team": "TJH5YU202",
        "source_team": "TJH5YU202",
        "user_profile": {
            "avatar_hash": "0eafa7153ff3",
            "image_72": "https:\/\/avatars.slack-edge.com\/2020-05-18\/1155120542496_0eafa7153ff35206c804_72.jpg",
            "first_name": "Cesar",
            "real_name": "Cesar SysCtrl Software",
            "display_name": "Cesar SysCtrl Software",
            "team": "TJH5YU202",
            "name": "sysctrlsoftware",
            "is_restricted": false,
            "is_ultra_restricted": false
        },
        "blocks": [
            {
                "type": "rich_text",
                "block_id": "ERbeJ",
                "elements": [
                    {
                        "type": "rich_text_section",
                        "elements": [
                            {
                                "type": "user",
                                "user_id": "UJWR5N32S"
                            },
                            {
                                "type": "text",
                                "text": " amigo muchas felicidades "
                            },
                            {
                                "type": "emoji",
                                "name": "confetti_ball"
                            },
                            {
                                "type": "text",
                                "text": " disfruta tu fin de semana"
                            }
                        ]
                    }
                ]
            }
        ]
    },
    {
        "type": "message",
        "text": "",
        "files": [
            {
                "id": "F01A5JTG3NW",
                "created": 1599318982,
                "timestamp": 1599318982,
                "name": "20200905_170935.jpg",
                "title": "Imagen de Android",
                "mimetype": "image\/jpeg",
                "filetype": "jpg",
                "pretty_type": "JPEG",
                "user": "UJWR5N32S",
                "editable": false,
                "size": 615697,
                "mode": "hosted",
                "is_external": false,
                "external_type": "",
                "is_public": true,
                "public_url_shared": false,
                "display_as_bot": false,
                "username": "",
                "url_private": "https:\/\/files.slack.com\/files-pri\/TJH5YU202-F01A5JTG3NW\/20200905_170935.jpg?t=xoxe-629202954002-1408710291175-1429611969940-666c705f8dd944d59ed88b8cd6be975e",
                "url_private_download": "https:\/\/files.slack.com\/files-pri\/TJH5YU202-F01A5JTG3NW\/download\/20200905_170935.jpg?t=xoxe-629202954002-1408710291175-1429611969940-666c705f8dd944d59ed88b8cd6be975e",
                "thumb_64": "https:\/\/files.slack.com\/files-tmb\/TJH5YU202-F01A5JTG3NW-a3b8642851\/20200905_170935_64.jpg?t=xoxe-629202954002-1408710291175-1429611969940-666c705f8dd944d59ed88b8cd6be975e",
                "thumb_80": "https:\/\/files.slack.com\/files-tmb\/TJH5YU202-F01A5JTG3NW-a3b8642851\/20200905_170935_80.jpg?t=xoxe-629202954002-1408710291175-1429611969940-666c705f8dd944d59ed88b8cd6be975e",
                "thumb_360": "https:\/\/files.slack.com\/files-tmb\/TJH5YU202-F01A5JTG3NW-a3b8642851\/20200905_170935_360.jpg?t=xoxe-629202954002-1408710291175-1429611969940-666c705f8dd944d59ed88b8cd6be975e",
                "thumb_360_w": 360,
                "thumb_360_h": 175,
                "thumb_480": "https:\/\/files.slack.com\/files-tmb\/TJH5YU202-F01A5JTG3NW-a3b8642851\/20200905_170935_480.jpg?t=xoxe-629202954002-1408710291175-1429611969940-666c705f8dd944d59ed88b8cd6be975e",
                "thumb_480_w": 480,
                "thumb_480_h": 233,
                "thumb_160": "https:\/\/files.slack.com\/files-tmb\/TJH5YU202-F01A5JTG3NW-a3b8642851\/20200905_170935_160.jpg?t=xoxe-629202954002-1408710291175-1429611969940-666c705f8dd944d59ed88b8cd6be975e",
                "thumb_720": "https:\/\/files.slack.com\/files-tmb\/TJH5YU202-F01A5JTG3NW-a3b8642851\/20200905_170935_720.jpg?t=xoxe-629202954002-1408710291175-1429611969940-666c705f8dd944d59ed88b8cd6be975e",
                "thumb_720_w": 720,
                "thumb_720_h": 350,
                "thumb_800": "https:\/\/files.slack.com\/files-tmb\/TJH5YU202-F01A5JTG3NW-a3b8642851\/20200905_170935_800.jpg?t=xoxe-629202954002-1408710291175-1429611969940-666c705f8dd944d59ed88b8cd6be975e",
                "thumb_800_w": 800,
                "thumb_800_h": 389,
                "thumb_960": "https:\/\/files.slack.com\/files-tmb\/TJH5YU202-F01A5JTG3NW-a3b8642851\/20200905_170935_960.jpg?t=xoxe-629202954002-1408710291175-1429611969940-666c705f8dd944d59ed88b8cd6be975e",
                "thumb_960_w": 960,
                "thumb_960_h": 467,
                "thumb_1024": "https:\/\/files.slack.com\/files-tmb\/TJH5YU202-F01A5JTG3NW-a3b8642851\/20200905_170935_1024.jpg?t=xoxe-629202954002-1408710291175-1429611969940-666c705f8dd944d59ed88b8cd6be975e",
                "thumb_1024_w": 1024,
                "thumb_1024_h": 498,
                "original_w": 4032,
                "original_h": 1960,
                "thumb_tiny": "AwAXADBk7lE4OCTUQklPc0XLZkA9BRC\/PPP1pDH\/ALx8bzn0yaPLbHBz7VOrKqgYFM3c8cUhiRBjkMTtA6U\/YpbBH0p8YwufWkc4INK5oldWKBKszFs5J7UoKDu35Uw9aKoyLEbRlfnZt3alBNVx1qdaTGiXzQAAQRTTKrcZpj9KjXrSLUnc\/9k=",
                "permalink": "https:\/\/harbourproject.slack.com\/files\/UJWR5N32S\/F01A5JTG3NW\/20200905_170935.jpg",
                "permalink_public": "https:\/\/slack-files.com\/TJH5YU202-F01A5JTG3NW-d0bb8acbe1",
                "is_starred": false,
                "has_rich_preview": false
            }
        ],
        "upload": true,
        "user": "UJWR5N32S",
        "display_as_bot": false,
        "ts": "1599319000.284700",
        "client_msg_id": "3879ec69-2797-46d5-8201-5dcd13289bdb"
    },
    {
        "client_msg_id": "3007142c-adb4-473e-92e0-4593bd1f0f70",
        "type": "message",
        "text": "Es un regalo que te han hecho, una indirecta o una amenaza?",
        "user": "UJH8DPY58",
        "ts": "1599319044.286500",
        "team": "TJH5YU202",
        "user_team": "TJH5YU202",
        "source_team": "TJH5YU202",
        "user_profile": {
            "avatar_hash": "g1cac88c496c",
            "image_72": "https:\/\/secure.gravatar.com\/avatar\/451cac88c496c2cec0b934a281b6eb94.jpg?s=72&d=https%3A%2F%2Fa.slack-edge.com%2Fdf10d%2Fimg%2Favatars%2Fava_0020-72.png",
            "first_name": "",
            "real_name": "Juan Pastor",
            "display_name": "",
            "team": "TJH5YU202",
            "name": "jpastor68",
            "is_restricted": false,
            "is_ultra_restricted": false
        },
        "blocks": [
            {
                "type": "rich_text",
                "block_id": "zCU3",
                "elements": [
                    {
                        "type": "rich_text_section",
                        "elements": [
                            {
                                "type": "text",
                                "text": "Es un regalo que te han hecho, una indirecta o una amenaza?"
                            }
                        ]
                    }
                ]
            }
        ]
    },
    {
        "client_msg_id": "7ce1fc66-9160-407d-9c9d-f4959e346c1c",
        "type": "message",
        "text": "Gracias amigos. Me han regalado esto para ir dejando poco a poco la informatica. Me hago viejo :thinking_face:?",
        "user": "UJWR5N32S",
        "ts": "1599319071.287200",
        "team": "TJH5YU202",
        "user_team": "TJH5YU202",
        "source_team": "TJH5YU202",
        "user_profile": {
            "avatar_hash": "273d3745f7ae",
            "image_72": "https:\/\/avatars.slack-edge.com\/2019-05-20\/634344238497_273d3745f7ae1b176b82_72.jpg",
            "first_name": "Charly",
            "real_name": "Charly",
            "display_name": "Charly",
            "team": "TJH5YU202",
            "name": "carles9000",
            "is_restricted": false,
            "is_ultra_restricted": false
        },
        "edited": {
            "user": "UJWR5N32S",
            "ts": "1599319093.000000"
        },
        "blocks": [
            {
                "type": "rich_text",
                "block_id": "iNirA",
                "elements": [
                    {
                        "type": "rich_text_section",
                        "elements": [
                            {
                                "type": "text",
                                "text": "Gracias amigos. Me han regalado esto para ir dejando poco a poco la informatica. Me hago viejo "
                            },
                            {
                                "type": "emoji",
                                "name": "thinking_face"
                            },
                            {
                                "type": "text",
                                "text": "?"
                            }
                        ]
                    }
                ]
            }
        ],
        "thread_ts": "1599319071.287200",
        "reply_count": 4,
        "reply_users_count": 3,
        "latest_reply": "1599491034.296900",
        "reply_users": [
            "UJUJLTWMT",
            "UJXP7LS78",
            "UJWR5N32S"
        ],
        "replies": [
            {
                "user": "UJUJLTWMT",
                "ts": "1599350659.292000"
            },
            {
                "user": "UJXP7LS78",
                "ts": "1599410921.293800"
            },
            {
                "user": "UJWR5N32S",
                "ts": "1599411907.294400"
            },
            {
                "user": "UJXP7LS78",
                "ts": "1599491034.296900"
            }
        ],
        "subscribed": false
    },
    {
        "client_msg_id": "6e420d6a-cecf-4873-861f-f33a6961247f",
        "type": "message",
        "text": "Ya quieren que cambies de aires.",
        "user": "UJUSD6VB2",
        "ts": "1599320177.288000",
        "team": "TJH5YU202",
        "user_team": "TJH5YU202",
        "source_team": "TJH5YU202",
        "user_profile": {
            "avatar_hash": "g1677a02d0b6",
            "image_72": "https:\/\/secure.gravatar.com\/avatar\/bb1677a02d0b69ba91eb245090c7c83a.jpg?s=72&d=https%3A%2F%2Fa.slack-edge.com%2Fdf10d%2Fimg%2Favatars%2Fava_0015-72.png",
            "first_name": "",
            "real_name": "Osvaldo Ramirez",
            "display_name": "Osvaldo Ramirez",
            "team": "TJH5YU202",
            "name": "ramirezosvaldo",
            "is_restricted": false,
            "is_ultra_restricted": false
        },
        "blocks": [
            {
                "type": "rich_text",
                "block_id": "RkhGE",
                "elements": [
                    {
                        "type": "rich_text_section",
                        "elements": [
                            {
                                "type": "text",
                                "text": "Ya quieren que cambies de aires."
                            }
                        ]
                    }
                ]
            }
        ]
    },
    {
        "client_msg_id": "c6dc3b9a-fa36-4338-82c9-c68edd6df37d",
        "type": "message",
        "text": "Ahora la reunion de los viernes vamos a tener Charly Dj 3.0",
        "user": "UJUSD6VB2",
        "ts": "1599320252.288700",
        "team": "TJH5YU202",
        "user_team": "TJH5YU202",
        "source_team": "TJH5YU202",
        "user_profile": {
            "avatar_hash": "g1677a02d0b6",
            "image_72": "https:\/\/secure.gravatar.com\/avatar\/bb1677a02d0b69ba91eb245090c7c83a.jpg?s=72&d=https%3A%2F%2Fa.slack-edge.com%2Fdf10d%2Fimg%2Favatars%2Fava_0015-72.png",
            "first_name": "",
            "real_name": "Osvaldo Ramirez",
            "display_name": "Osvaldo Ramirez",
            "team": "TJH5YU202",
            "name": "ramirezosvaldo",
            "is_restricted": false,
            "is_ultra_restricted": false
        },
        "blocks": [
            {
                "type": "rich_text",
                "block_id": "abQW",
                "elements": [
                    {
                        "type": "rich_text_section",
                        "elements": [
                            {
                                "type": "text",
                                "text": "Ahora la reunion de los viernes vamos a tener Charly Dj 3.0"
                            }
                        ]
                    }
                ]
            }
        ]
    },
    {
        "client_msg_id": "adfd78ec-ec8e-4e2c-b58f-0c1aa7972065",
        "type": "message",
        "text": "Atentos al nuevo remix del tema de los auténticos decadentes: Entregá el marrón  por  CDJ !!!",
        "user": "UM81W8B0Q",
        "ts": "1599322824.289600",
        "team": "TJH5YU202",
        "user_team": "TJH5YU202",
        "source_team": "TJH5YU202",
        "user_profile": {
            "avatar_hash": "gab9279ee8c0",
            "image_72": "https:\/\/secure.gravatar.com\/avatar\/73ab9279ee8c00f66ce4904d30146c8f.jpg?s=72&d=https%3A%2F%2Fa.slack-edge.com%2Fdf10d%2Fimg%2Favatars%2Fava_0010-72.png",
            "first_name": "",
            "real_name": "Angel Pais",
            "display_name": "Angel Pais",
            "team": "TJH5YU202",
            "name": "amigosam",
            "is_restricted": false,
            "is_ultra_restricted": false
        },
        "blocks": [
            {
                "type": "rich_text",
                "block_id": "nA4n",
                "elements": [
                    {
                        "type": "rich_text_section",
                        "elements": [
                            {
                                "type": "text",
                                "text": "Atentos al nuevo remix del tema de los auténticos decadentes: Entregá el marrón  por  CDJ !!!"
                            }
                        ]
                    }
                ]
            }
        ]
    },
    {
        "client_msg_id": "8a55263f-4f6c-4669-8cdc-9203deb64317",
        "type": "message",
        "text": "rezará asi:",
        "user": "UM81W8B0Q",
        "ts": "1599322831.289900",
        "team": "TJH5YU202",
        "user_team": "TJH5YU202",
        "source_team": "TJH5YU202",
        "user_profile": {
            "avatar_hash": "gab9279ee8c0",
            "image_72": "https:\/\/secure.gravatar.com\/avatar\/73ab9279ee8c00f66ce4904d30146c8f.jpg?s=72&d=https%3A%2F%2Fa.slack-edge.com%2Fdf10d%2Fimg%2Favatars%2Fava_0010-72.png",
            "first_name": "",
            "real_name": "Angel Pais",
            "display_name": "Angel Pais",
            "team": "TJH5YU202",
            "name": "amigosam",
            "is_restricted": false,
            "is_ultra_restricted": false
        },
        "blocks": [
            {
                "type": "rich_text",
                "block_id": "7x7",
                "elements": [
                    {
                        "type": "rich_text_section",
                        "elements": [
                            {
                                "type": "text",
                                "text": "rezará asi:"
                            }
                        ]
                    }
                ]
            }
        ]
    },
    {
        "client_msg_id": "ae1b5603-310d-441c-a6d5-68b8395dcfdc",
        "type": "message",
        "text": "Yo quisiera saber\nHasta cuando, hasta cuando\nCon este nueva mod\nNos seguirán torturando\nMi cabeza no da mas\nNo nos sigan provocando\nYa que tienen todo eso\nY no me alcanza con mirarlo\nEntregá los fuentes, entregá los fuentes\nEntregá los fuentes, entregálos de una vez...",
        "user": "UM81W8B0Q",
        "ts": "1599322889.290700",
        "team": "TJH5YU202",
        "user_team": "TJH5YU202",
        "source_team": "TJH5YU202",
        "user_profile": {
            "avatar_hash": "gab9279ee8c0",
            "image_72": "https:\/\/secure.gravatar.com\/avatar\/73ab9279ee8c00f66ce4904d30146c8f.jpg?s=72&d=https%3A%2F%2Fa.slack-edge.com%2Fdf10d%2Fimg%2Favatars%2Fava_0010-72.png",
            "first_name": "",
            "real_name": "Angel Pais",
            "display_name": "Angel Pais",
            "team": "TJH5YU202",
            "name": "amigosam",
            "is_restricted": false,
            "is_ultra_restricted": false
        },
        "blocks": [
            {
                "type": "rich_text",
                "block_id": "3wm+",
                "elements": [
                    {
                        "type": "rich_text_section",
                        "elements": [
                            {
                                "type": "text",
                                "text": "Yo quisiera saber\nHasta cuando, hasta cuando\nCon este nueva mod\nNos seguirán torturando\nMi cabeza no da mas\nNo nos sigan provocando\nYa que tienen todo eso\nY no me alcanza con mirarlo\nEntregá los fuentes, entregá los fuentes\nEntregá los fuentes, entregálos de una vez..."
                            }
                        ]
                    }
                ]
            }
        ]
    },
    {
        "client_msg_id": "6554afed-ff10-47de-ab0c-d2eb2eea02fa",
        "type": "message",
        "text": "<https:\/\/www.youtube.com\/watch?v=HfhJJSMDGvA>",
        "user": "UM81W8B0Q",
        "ts": "1599323253.290900",
        "team": "TJH5YU202",
        "user_team": "TJH5YU202",
        "source_team": "TJH5YU202",
        "user_profile": {
            "avatar_hash": "gab9279ee8c0",
            "image_72": "https:\/\/secure.gravatar.com\/avatar\/73ab9279ee8c00f66ce4904d30146c8f.jpg?s=72&d=https%3A%2F%2Fa.slack-edge.com%2Fdf10d%2Fimg%2Favatars%2Fava_0010-72.png",
            "first_name": "",
            "real_name": "Angel Pais",
            "display_name": "Angel Pais",
            "team": "TJH5YU202",
            "name": "amigosam",
            "is_restricted": false,
            "is_ultra_restricted": false
        },
        "attachments": [
            {
                "service_name": "YouTube",
                "service_url": "https:\/\/www.youtube.com\/",
                "title": "Los Auténticos Decadentes, Entregá el Marrón, Festival de Viña 2013",
                "title_link": "https:\/\/www.youtube.com\/watch?v=HfhJJSMDGvA",
                "author_name": "FESTIVALDEVINACHILE",
                "author_link": "https:\/\/www.youtube.com\/user\/festivaldevinachile",
                "thumb_url": "https:\/\/i.ytimg.com\/vi\/HfhJJSMDGvA\/hqdefault.jpg",
                "thumb_width": 480,
                "thumb_height": 360,
                "fallback": "YouTube Video: Los Auténticos Decadentes, Entregá el Marrón, Festival de Viña 2013",
                "video_html": "<iframe width=\"400\" height=\"300\" src=\"https:\/\/www.youtube.com\/embed\/HfhJJSMDGvA?feature=oembed&autoplay=1&iv_load_policy=3\" frameborder=\"0\" allow=\"accelerometer; autoplay; encrypted-media; gyroscope; picture-in-picture\" allowfullscreen><\/iframe>",
                "video_html_width": 400,
                "video_html_height": 300,
                "from_url": "https:\/\/www.youtube.com\/watch?v=HfhJJSMDGvA",
                "service_icon": "https:\/\/a.slack-edge.com\/80588\/img\/unfurl_icons\/youtube.png",
                "id": 1,
                "original_url": "https:\/\/www.youtube.com\/watch?v=HfhJJSMDGvA"
            }
        ],
        "blocks": [
            {
                "type": "rich_text",
                "block_id": "8RG51",
                "elements": [
                    {
                        "type": "rich_text_section",
                        "elements": [
                            {
                                "type": "link",
                                "url": "https:\/\/www.youtube.com\/watch?v=HfhJJSMDGvA"
                            }
                        ]
                    }
                ]
            }
        ]
    },
    {
        "client_msg_id": "bff94525-d1d8-4c66-a7ac-4125a6c4ed8f",
        "type": "message",
        "text": "Esta música en estilo de \"VisualBasic6\" probablemente esté en todas partes del mundo",
        "user": "UJHD6A81H",
        "ts": "1599324645.291200",
        "team": "TJH5YU202",
        "user_team": "TJH5YU202",
        "source_team": "TJH5YU202",
        "user_profile": {
            "avatar_hash": "g6b8073e00e9",
            "image_72": "https:\/\/secure.gravatar.com\/avatar\/b96b8073e00e9eb02bcf05bc1418eb3a.jpg?s=72&d=https%3A%2F%2Fa.slack-edge.com%2Fdf10d%2Fimg%2Favatars%2Fava_0021-72.png",
            "first_name": "Otto",
            "real_name": "Otto Atzwanger",
            "display_name": "Otto",
            "team": "TJH5YU202",
            "name": "otto",
            "is_restricted": false,
            "is_ultra_restricted": false
        },
        "edited": {
            "user": "UJHD6A81H",
            "ts": "1599436447.000000"
        },
        "blocks": [
            {
                "type": "rich_text",
                "block_id": "Q1v",
                "elements": [
                    {
                        "type": "rich_text_section",
                        "elements": [
                            {
                                "type": "text",
                                "text": "Esta música en estilo de \"VisualBasic6\" probablemente esté en todas partes del mundo"
                            }
                        ]
                    }
                ]
            }
        ]
    },
    {
        "client_msg_id": "63b0a424-846e-4954-b7ef-93554e0b1531",
        "type": "message",
        "text": "Que vas a ir dejando poco a poco la informática?. No me creo NA DE NA!",
        "user": "UJUJLTWMT",
        "ts": "1599350659.292000",
        "team": "TJH5YU202",
        "user_team": "TJH5YU202",
        "source_team": "TJH5YU202",
        "user_profile": {
            "avatar_hash": "a60e3b1ef2d2",
            "image_72": "https:\/\/avatars.slack-edge.com\/2019-08-20\/726246109489_a60e3b1ef2d2c141969d_72.jpg",
            "first_name": "",
            "real_name": "Cristobal",
            "display_name": "Cristobal",
            "team": "TJH5YU202",
            "name": "navarro.cristobal",
            "is_restricted": false,
            "is_ultra_restricted": false
        },
        "blocks": [
            {
                "type": "rich_text",
                "block_id": "4dw",
                "elements": [
                    {
                        "type": "rich_text_section",
                        "elements": [
                            {
                                "type": "text",
                                "text": "Que vas a ir dejando poco a poco la informática?. No me creo NA DE NA!"
                            }
                        ]
                    }
                ]
            }
        ],
        "thread_ts": "1599319071.287200",
        "parent_user_id": "UJWR5N32S"
    }
]