[
    {
        "client_msg_id": "8d2cf8d0-1ee6-4732-b119-76369a5e1d0b",
        "type": "message",
        "text": "window.location.reload() ???",
        "user": "UJUJLTWMT",
        "ts": "1598266615.072000",
        "team": "TJH5YU202",
        "user_team": "TJH5YU202",
        "source_team": "TJH5YU202",
        "user_profile": {
            "avatar_hash": "a60e3b1ef2d2",
            "image_72": "https:\/\/avatars.slack-edge.com\/2019-08-20\/726246109489_a60e3b1ef2d2c141969d_72.jpg",
            "first_name": "",
            "real_name": "Cristobal",
            "display_name": "Cristobal",
            "team": "TJH5YU202",
            "name": "navarro.cristobal",
            "is_restricted": false,
            "is_ultra_restricted": false
        },
        "blocks": [
            {
                "type": "rich_text",
                "block_id": "xoXk=",
                "elements": [
                    {
                        "type": "rich_text_section",
                        "elements": [
                            {
                                "type": "text",
                                "text": "window.location.reload() ???"
                            }
                        ]
                    }
                ]
            }
        ]
    },
    {
        "client_msg_id": "ab1b7598-f2ea-4304-98ae-23499d40f3f0",
        "type": "message",
        "text": "In JavaScript, you refresh the page using *document.location.reload( true \/ false )*. You can add the true parameter to force the reloaded page to come from the server (instead of cache). Alternatively, you can use the false parameter to reload the page from the cache.\nEn JavaScript, actualiza la página usando document.location.reload (verdadero \/ falso). Puede agregar el parámetro true para forzar que la página recargada provenga del servidor (en lugar de la caché). Alternativamente, puede utilizar el parámetro false para volver a cargar la página desde el caché.",
        "user": "UJUJLTWMT",
        "ts": "1598266970.073300",
        "team": "TJH5YU202",
        "user_team": "TJH5YU202",
        "source_team": "TJH5YU202",
        "user_profile": {
            "avatar_hash": "a60e3b1ef2d2",
            "image_72": "https:\/\/avatars.slack-edge.com\/2019-08-20\/726246109489_a60e3b1ef2d2c141969d_72.jpg",
            "first_name": "",
            "real_name": "Cristobal",
            "display_name": "Cristobal",
            "team": "TJH5YU202",
            "name": "navarro.cristobal",
            "is_restricted": false,
            "is_ultra_restricted": false
        },
        "blocks": [
            {
                "type": "rich_text",
                "block_id": "XKRc",
                "elements": [
                    {
                        "type": "rich_text_section",
                        "elements": [
                            {
                                "type": "text",
                                "text": "In JavaScript, you refresh the page using "
                            },
                            {
                                "type": "text",
                                "text": "document.location.reload( true \/ false )",
                                "style": {
                                    "bold": true
                                }
                            },
                            {
                                "type": "text",
                                "text": ". You can add the true parameter to force the reloaded page to come from the server (instead of cache). Alternatively, you can use the false parameter to reload the page from the cache.\nEn JavaScript, actualiza la página usando document.location.reload (verdadero \/ falso). Puede agregar el parámetro true para forzar que la página recargada provenga del servidor (en lugar de la caché). Alternativamente, puede utilizar el parámetro false para volver a cargar la página desde el caché."
                            }
                        ]
                    }
                ]
            }
        ]
    },
    {
        "client_msg_id": "175fba79-11ff-4e84-af12-37e7cd053dc3",
        "type": "message",
        "text": "```&lt;meta http-equiv=\"Cache-control\" content=\"no-cache\"&gt;\n&lt;meta http-equiv=\"Expires\" content=\"-1\"&gt;```\n",
        "user": "UJUJLTWMT",
        "ts": "1598267077.073600",
        "team": "TJH5YU202",
        "user_team": "TJH5YU202",
        "source_team": "TJH5YU202",
        "user_profile": {
            "avatar_hash": "a60e3b1ef2d2",
            "image_72": "https:\/\/avatars.slack-edge.com\/2019-08-20\/726246109489_a60e3b1ef2d2c141969d_72.jpg",
            "first_name": "",
            "real_name": "Cristobal",
            "display_name": "Cristobal",
            "team": "TJH5YU202",
            "name": "navarro.cristobal",
            "is_restricted": false,
            "is_ultra_restricted": false
        },
        "blocks": [
            {
                "type": "rich_text",
                "block_id": "d\/iYR",
                "elements": [
                    {
                        "type": "rich_text_preformatted",
                        "elements": [
                            {
                                "type": "text",
                                "text": "<meta http-equiv=\"Cache-control\" content=\"no-cache\">\n<meta http-equiv=\"Expires\" content=\"-1\">"
                            }
                        ]
                    },
                    {
                        "type": "rich_text_section",
                        "elements": []
                    }
                ]
            }
        ]
    },
    {
        "client_msg_id": "aed64d2f-7b3f-4eda-a16e-d474a3e1a475",
        "type": "message",
        "text": "según la especificación de HTML, document.location.reload() no toma un parámetro",
        "user": "UNAHBRTFA",
        "ts": "1598267212.074500",
        "team": "TJH5YU202",
        "user_team": "TJH5YU202",
        "source_team": "TJH5YU202",
        "user_profile": {
            "avatar_hash": "g3d2a3f4c28c",
            "image_72": "https:\/\/secure.gravatar.com\/avatar\/23d2a3f4c28cebb4cf07e48d02620517.jpg?s=72&d=https%3A%2F%2Fa.slack-edge.com%2Fdf10d%2Fimg%2Favatars%2Fava_0020-72.png",
            "first_name": "Andreu",
            "real_name": "Andreu Botella",
            "display_name": "Andreu Botella",
            "team": "TJH5YU202",
            "name": "andreu.132",
            "is_restricted": false,
            "is_ultra_restricted": false
        },
        "blocks": [
            {
                "type": "rich_text",
                "block_id": "ojOa",
                "elements": [
                    {
                        "type": "rich_text_section",
                        "elements": [
                            {
                                "type": "text",
                                "text": "según la especificación de HTML, document.location.reload() no toma un parámetro"
                            }
                        ]
                    }
                ]
            }
        ]
    },
    {
        "client_msg_id": "aee5fe81-76ab-4e13-87b8-ef5d97e885d7",
        "type": "message",
        "text": "<https:\/\/html.spec.whatwg.org\/multipage\/history.html#the-location-interface:dom-location-reload>",
        "user": "UNAHBRTFA",
        "ts": "1598267213.074700",
        "team": "TJH5YU202",
        "user_team": "TJH5YU202",
        "source_team": "TJH5YU202",
        "user_profile": {
            "avatar_hash": "g3d2a3f4c28c",
            "image_72": "https:\/\/secure.gravatar.com\/avatar\/23d2a3f4c28cebb4cf07e48d02620517.jpg?s=72&d=https%3A%2F%2Fa.slack-edge.com%2Fdf10d%2Fimg%2Favatars%2Fava_0020-72.png",
            "first_name": "Andreu",
            "real_name": "Andreu Botella",
            "display_name": "Andreu Botella",
            "team": "TJH5YU202",
            "name": "andreu.132",
            "is_restricted": false,
            "is_ultra_restricted": false
        },
        "blocks": [
            {
                "type": "rich_text",
                "block_id": "qQd86",
                "elements": [
                    {
                        "type": "rich_text_section",
                        "elements": [
                            {
                                "type": "link",
                                "url": "https:\/\/html.spec.whatwg.org\/multipage\/history.html#the-location-interface:dom-location-reload"
                            }
                        ]
                    }
                ]
            }
        ]
    },
    {
        "client_msg_id": "0b853cc9-573a-40bf-bc9e-e985a15b8688",
        "type": "message",
        "text": "aunque puede que los navegadores hagan otra cosa",
        "user": "UNAHBRTFA",
        "ts": "1598267256.075700",
        "team": "TJH5YU202",
        "user_team": "TJH5YU202",
        "source_team": "TJH5YU202",
        "user_profile": {
            "avatar_hash": "g3d2a3f4c28c",
            "image_72": "https:\/\/secure.gravatar.com\/avatar\/23d2a3f4c28cebb4cf07e48d02620517.jpg?s=72&d=https%3A%2F%2Fa.slack-edge.com%2Fdf10d%2Fimg%2Favatars%2Fava_0020-72.png",
            "first_name": "Andreu",
            "real_name": "Andreu Botella",
            "display_name": "Andreu Botella",
            "team": "TJH5YU202",
            "name": "andreu.132",
            "is_restricted": false,
            "is_ultra_restricted": false
        },
        "blocks": [
            {
                "type": "rich_text",
                "block_id": "=61jA",
                "elements": [
                    {
                        "type": "rich_text_section",
                        "elements": [
                            {
                                "type": "text",
                                "text": "aunque puede que los navegadores hagan otra cosa"
                            }
                        ]
                    }
                ]
            }
        ]
    },
    {
        "client_msg_id": "5e3cea49-b8dc-40d5-8f4b-d55915391697",
        "type": "message",
        "text": "I made an update of mod harbour. Now I get following error: Error: Unknown or unregistered symbol\noperation: AP_METHOD\ncalled from: HB_HRBLOAD, line: 0\ncalled from: ..\\source\\exec.prg, EXECUTE, line: 62",
        "user": "UJHD6A81H",
        "ts": "1598302505.076400",
        "team": "TJH5YU202",
        "user_team": "TJH5YU202",
        "source_team": "TJH5YU202",
        "user_profile": {
            "avatar_hash": "g6b8073e00e9",
            "image_72": "https:\/\/secure.gravatar.com\/avatar\/b96b8073e00e9eb02bcf05bc1418eb3a.jpg?s=72&d=https%3A%2F%2Fa.slack-edge.com%2Fdf10d%2Fimg%2Favatars%2Fava_0021-72.png",
            "first_name": "Otto",
            "real_name": "Otto Atzwanger",
            "display_name": "Otto",
            "team": "TJH5YU202",
            "name": "otto",
            "is_restricted": false,
            "is_ultra_restricted": false
        },
        "blocks": [
            {
                "type": "rich_text",
                "block_id": "Ae4Xa",
                "elements": [
                    {
                        "type": "rich_text_section",
                        "elements": [
                            {
                                "type": "text",
                                "text": "I made an update of mod harbour. Now I get following error: Error: Unknown or unregistered symbol\noperation: AP_METHOD\ncalled from: HB_HRBLOAD, line: 0\ncalled from: ..\\source\\exec.prg, EXECUTE, line: 62"
                            }
                        ]
                    }
                ]
            }
        ]
    },
    {
        "client_msg_id": "81ecea2a-8bc6-4d62-8657-fdb06e14df51",
        "type": "message",
        "text": "I tried also MH_METHOD but the same   Error: Unknown or unregistered symbol\noperation: MH_METHOD\ncalled from: HB_HRBLOAD, line: 0\ncalled from: ..\\source\\exec.prg, EXECUTE, line: 62",
        "user": "UJHD6A81H",
        "ts": "1598302628.076900",
        "team": "TJH5YU202",
        "user_team": "TJH5YU202",
        "source_team": "TJH5YU202",
        "user_profile": {
            "avatar_hash": "g6b8073e00e9",
            "image_72": "https:\/\/secure.gravatar.com\/avatar\/b96b8073e00e9eb02bcf05bc1418eb3a.jpg?s=72&d=https%3A%2F%2Fa.slack-edge.com%2Fdf10d%2Fimg%2Favatars%2Fava_0021-72.png",
            "first_name": "Otto",
            "real_name": "Otto Atzwanger",
            "display_name": "Otto",
            "team": "TJH5YU202",
            "name": "otto",
            "is_restricted": false,
            "is_ultra_restricted": false
        },
        "blocks": [
            {
                "type": "rich_text",
                "block_id": "O+zej",
                "elements": [
                    {
                        "type": "rich_text_section",
                        "elements": [
                            {
                                "type": "text",
                                "text": "I tried also MH_METHOD but the same   Error: Unknown or unregistered symbol\noperation: MH_METHOD\ncalled from: HB_HRBLOAD, line: 0\ncalled from: ..\\source\\exec.prg, EXECUTE, line: 62"
                            }
                        ]
                    }
                ]
            }
        ]
    },
    {
        "client_msg_id": "e2d473f7-9dc3-4aca-b421-594812356cdc",
        "type": "message",
        "text": "Can someone help me, please.",
        "user": "UJHD6A81H",
        "ts": "1598302650.077400",
        "team": "TJH5YU202",
        "user_team": "TJH5YU202",
        "source_team": "TJH5YU202",
        "user_profile": {
            "avatar_hash": "g6b8073e00e9",
            "image_72": "https:\/\/secure.gravatar.com\/avatar\/b96b8073e00e9eb02bcf05bc1418eb3a.jpg?s=72&d=https%3A%2F%2Fa.slack-edge.com%2Fdf10d%2Fimg%2Favatars%2Fava_0021-72.png",
            "first_name": "Otto",
            "real_name": "Otto Atzwanger",
            "display_name": "Otto",
            "team": "TJH5YU202",
            "name": "otto",
            "is_restricted": false,
            "is_ultra_restricted": false
        },
        "blocks": [
            {
                "type": "rich_text",
                "block_id": "OwE9",
                "elements": [
                    {
                        "type": "rich_text_section",
                        "elements": [
                            {
                                "type": "text",
                                "text": "Can someone help me, please."
                            }
                        ]
                    }
                ]
            }
        ]
    },
    {
        "client_msg_id": "905be392-d190-4331-bd2b-1788cc571329",
        "type": "message",
        "text": "good morning :sunny:",
        "user": "UJN8D8U3B",
        "ts": "1598337225.077800",
        "team": "TJH5YU202",
        "user_team": "TJH5YU202",
        "source_team": "TJH5YU202",
        "user_profile": {
            "avatar_hash": "g92ad2abcc45",
            "image_72": "https:\/\/secure.gravatar.com\/avatar\/8492ad2abcc45ce53969adcf8420acde.jpg?s=72&d=https%3A%2F%2Fa.slack-edge.com%2Fdf10d%2Fimg%2Favatars%2Fava_0008-72.png",
            "first_name": "",
            "real_name": "Antonio Linares",
            "display_name": "Antonio Linares",
            "team": "TJH5YU202",
            "name": "alinares",
            "is_restricted": false,
            "is_ultra_restricted": false
        },
        "blocks": [
            {
                "type": "rich_text",
                "block_id": "D8s",
                "elements": [
                    {
                        "type": "rich_text_section",
                        "elements": [
                            {
                                "type": "text",
                                "text": "good morning "
                            },
                            {
                                "type": "emoji",
                                "name": "sunny"
                            }
                        ]
                    }
                ]
            }
        ]
    },
    {
        "client_msg_id": "7bb23f87-4d3a-4aa0-ac50-c421c286c319",
        "type": "message",
        "text": "Dear Otto, did you do a \"git pull\" and rebuild ?",
        "user": "UJN8D8U3B",
        "ts": "1598337248.078200",
        "team": "TJH5YU202",
        "user_team": "TJH5YU202",
        "source_team": "TJH5YU202",
        "user_profile": {
            "avatar_hash": "g92ad2abcc45",
            "image_72": "https:\/\/secure.gravatar.com\/avatar\/8492ad2abcc45ce53969adcf8420acde.jpg?s=72&d=https%3A%2F%2Fa.slack-edge.com%2Fdf10d%2Fimg%2Favatars%2Fava_0008-72.png",
            "first_name": "",
            "real_name": "Antonio Linares",
            "display_name": "Antonio Linares",
            "team": "TJH5YU202",
            "name": "alinares",
            "is_restricted": false,
            "is_ultra_restricted": false
        },
        "blocks": [
            {
                "type": "rich_text",
                "block_id": "=VN2",
                "elements": [
                    {
                        "type": "rich_text_section",
                        "elements": [
                            {
                                "type": "text",
                                "text": "Dear Otto, did you do a \"git pull\" and rebuild ?"
                            }
                        ]
                    }
                ]
            }
        ]
    },
    {
        "client_msg_id": "e8df188e-9a38-4ff2-906f-10ca865b171e",
        "type": "message",
        "text": "good morning",
        "user": "UJHD6A81H",
        "ts": "1598337265.078500",
        "team": "TJH5YU202",
        "user_team": "TJH5YU202",
        "source_team": "TJH5YU202",
        "user_profile": {
            "avatar_hash": "g6b8073e00e9",
            "image_72": "https:\/\/secure.gravatar.com\/avatar\/b96b8073e00e9eb02bcf05bc1418eb3a.jpg?s=72&d=https%3A%2F%2Fa.slack-edge.com%2Fdf10d%2Fimg%2Favatars%2Fava_0021-72.png",
            "first_name": "Otto",
            "real_name": "Otto Atzwanger",
            "display_name": "Otto",
            "team": "TJH5YU202",
            "name": "otto",
            "is_restricted": false,
            "is_ultra_restricted": false
        },
        "blocks": [
            {
                "type": "rich_text",
                "block_id": "Ta7",
                "elements": [
                    {
                        "type": "rich_text_section",
                        "elements": [
                            {
                                "type": "text",
                                "text": "good morning"
                            }
                        ]
                    }
                ]
            }
        ]
    },
    {
        "client_msg_id": "7c3d1f40-8baf-46a5-9fcf-a20a100ff47a",
        "type": "message",
        "text": "Dear Antonio, I downloaded the zip file.",
        "user": "UJHD6A81H",
        "ts": "1598337292.079100",
        "team": "TJH5YU202",
        "user_team": "TJH5YU202",
        "source_team": "TJH5YU202",
        "user_profile": {
            "avatar_hash": "g6b8073e00e9",
            "image_72": "https:\/\/secure.gravatar.com\/avatar\/b96b8073e00e9eb02bcf05bc1418eb3a.jpg?s=72&d=https%3A%2F%2Fa.slack-edge.com%2Fdf10d%2Fimg%2Favatars%2Fava_0021-72.png",
            "first_name": "Otto",
            "real_name": "Otto Atzwanger",
            "display_name": "Otto",
            "team": "TJH5YU202",
            "name": "otto",
            "is_restricted": false,
            "is_ultra_restricted": false
        },
        "blocks": [
            {
                "type": "rich_text",
                "block_id": "8XAZn",
                "elements": [
                    {
                        "type": "rich_text_section",
                        "elements": [
                            {
                                "type": "text",
                                "text": "Dear Antonio, I downloaded the zip file."
                            }
                        ]
                    }
                ]
            }
        ]
    },
    {
        "client_msg_id": "312efb0c-dcb7-415d-a8ec-3060d363f125",
        "type": "message",
        "text": "For the moment I switch back to the old version.",
        "user": "UJHD6A81H",
        "ts": "1598338216.079500",
        "team": "TJH5YU202",
        "user_team": "TJH5YU202",
        "source_team": "TJH5YU202",
        "user_profile": {
            "avatar_hash": "g6b8073e00e9",
            "image_72": "https:\/\/secure.gravatar.com\/avatar\/b96b8073e00e9eb02bcf05bc1418eb3a.jpg?s=72&d=https%3A%2F%2Fa.slack-edge.com%2Fdf10d%2Fimg%2Favatars%2Fava_0021-72.png",
            "first_name": "Otto",
            "real_name": "Otto Atzwanger",
            "display_name": "Otto",
            "team": "TJH5YU202",
            "name": "otto",
            "is_restricted": false,
            "is_ultra_restricted": false
        },
        "blocks": [
            {
                "type": "rich_text",
                "block_id": "rEW",
                "elements": [
                    {
                        "type": "rich_text_section",
                        "elements": [
                            {
                                "type": "text",
                                "text": "For the moment I switch back to the old version."
                            }
                        ]
                    }
                ]
            }
        ]
    },
    {
        "client_msg_id": "29648464-0cb4-457e-9cfd-123593a0af72",
        "type": "message",
        "text": "I do not know how to rebuild - I read the docs but it is not clear to me.",
        "user": "UJHD6A81H",
        "ts": "1598338261.080100",
        "team": "TJH5YU202",
        "user_team": "TJH5YU202",
        "source_team": "TJH5YU202",
        "user_profile": {
            "avatar_hash": "g6b8073e00e9",
            "image_72": "https:\/\/secure.gravatar.com\/avatar\/b96b8073e00e9eb02bcf05bc1418eb3a.jpg?s=72&d=https%3A%2F%2Fa.slack-edge.com%2Fdf10d%2Fimg%2Favatars%2Fava_0021-72.png",
            "first_name": "Otto",
            "real_name": "Otto Atzwanger",
            "display_name": "Otto",
            "team": "TJH5YU202",
            "name": "otto",
            "is_restricted": false,
            "is_ultra_restricted": false
        },
        "edited": {
            "user": "UJHD6A81H",
            "ts": "1598338974.000000"
        },
        "blocks": [
            {
                "type": "rich_text",
                "block_id": "S4d",
                "elements": [
                    {
                        "type": "rich_text_section",
                        "elements": [
                            {
                                "type": "text",
                                "text": "I do not know how to rebuild - I read the docs but it is not clear to me."
                            }
                        ]
                    }
                ]
            }
        ]
    }
]