[
    {
        "client_msg_id": "7bd4d374-1f00-468f-a205-be9aa185fb15",
        "type": "message",
        "text": "hola amigos, buenos dias! Me he ido un poco, el proyecto con el que estoy involucrado en modharbour se volvió un poco más complejo de lo que imaginamos...:sweat_smile: Tengo un pequeño problema al usar libcurl y httprequest. Expliqué la situación en esta publicación en el grupo.\n\n<https:\/\/groups.google.com\/g\/modharbour\/c\/JwXjsARZbiU>\n\nsi alguien puede ayudar, muchas gracias!",
        "user": "U015CUP1T5Z",
        "ts": "1598876204.205700",
        "team": "TJH5YU202",
        "user_team": "TJH5YU202",
        "source_team": "TJH5YU202",
        "user_profile": {
            "avatar_hash": "2d5981129913",
            "image_72": "https:\/\/avatars.slack-edge.com\/2020-06-14\/1183376598323_2d5981129913ee85447d_72.jpg",
            "first_name": "ricardo",
            "real_name": "ricardo arraes",
            "display_name": "ricardo arraes",
            "team": "TJH5YU202",
            "name": "ricardo",
            "is_restricted": false,
            "is_ultra_restricted": false
        },
        "blocks": [
            {
                "type": "rich_text",
                "block_id": "n+Ii",
                "elements": [
                    {
                        "type": "rich_text_section",
                        "elements": [
                            {
                                "type": "text",
                                "text": "hola amigos, buenos dias! Me he ido un poco, el proyecto con el que estoy involucrado en modharbour se volvió un poco más complejo de lo que imaginamos..."
                            },
                            {
                                "type": "emoji",
                                "name": "sweat_smile"
                            },
                            {
                                "type": "text",
                                "text": " Tengo un pequeño problema al usar libcurl y httprequest. Expliqué la situación en esta publicación en el grupo.\n\n"
                            },
                            {
                                "type": "link",
                                "url": "https:\/\/groups.google.com\/g\/modharbour\/c\/JwXjsARZbiU"
                            },
                            {
                                "type": "text",
                                "text": "\n\nsi alguien puede ayudar, muchas gracias!"
                            }
                        ]
                    }
                ]
            }
        ]
    }
]