[
    {
        "client_msg_id": "3cabdae9-eefc-4944-839e-9bcc1116a8e5",
        "type": "message",
        "text": "<@UJULQCHL5>, es gracioso. Pensé que la foto  era tú.",
        "user": "UJHD6A81H",
        "ts": "1600331811.051800",
        "team": "TJH5YU202",
        "user_team": "TJH5YU202",
        "source_team": "TJH5YU202",
        "user_profile": {
            "avatar_hash": "g6b8073e00e9",
            "image_72": "https:\/\/secure.gravatar.com\/avatar\/b96b8073e00e9eb02bcf05bc1418eb3a.jpg?s=72&d=https%3A%2F%2Fa.slack-edge.com%2Fdf10d%2Fimg%2Favatars%2Fava_0021-72.png",
            "first_name": "Otto",
            "real_name": "Otto Atzwanger",
            "display_name": "Otto",
            "team": "TJH5YU202",
            "name": "otto",
            "is_restricted": false,
            "is_ultra_restricted": false
        },
        "edited": {
            "user": "UJHD6A81H",
            "ts": "1600331849.000000"
        },
        "blocks": [
            {
                "type": "rich_text",
                "block_id": "iY0\/o",
                "elements": [
                    {
                        "type": "rich_text_section",
                        "elements": [
                            {
                                "type": "user",
                                "user_id": "UJULQCHL5"
                            },
                            {
                                "type": "text",
                                "text": ", es gracioso. Pensé que la foto  era tú."
                            }
                        ]
                    }
                ]
            }
        ]
    },
    {
        "client_msg_id": "9c4f6890-24cf-4db2-9590-378525d1b801",
        "type": "message",
        "text": "Bueno... yo no soy eugenésico",
        "user": "UJULQCHL5",
        "ts": "1600332856.052500",
        "team": "TJH5YU202",
        "user_team": "TJH5YU202",
        "source_team": "TJH5YU202",
        "user_profile": {
            "avatar_hash": "g7659142325a",
            "image_72": "https:\/\/secure.gravatar.com\/avatar\/c87659142325a3facb661d85281ec091.jpg?s=72&d=https%3A%2F%2Fa.slack-edge.com%2Fdf10d%2Fimg%2Favatars%2Fava_0003-72.png",
            "first_name": "",
            "real_name": "Paquito",
            "display_name": "Paquito",
            "team": "TJH5YU202",
            "name": "hmpaquito",
            "is_restricted": false,
            "is_ultra_restricted": false
        },
        "blocks": [
            {
                "type": "rich_text",
                "block_id": "W2IO",
                "elements": [
                    {
                        "type": "rich_text_section",
                        "elements": [
                            {
                                "type": "text",
                                "text": "Bueno... yo no soy eugenésico"
                            }
                        ]
                    }
                ]
            }
        ]
    },
    {
        "client_msg_id": "0ebf786d-a9e9-4945-8b5d-753c81af39a6",
        "type": "message",
        "text": "Buen día :sunny: :sunny: :sunny:",
        "user": "UK28N3CER",
        "ts": "1600349685.053300",
        "team": "TJH5YU202",
        "user_team": "TJH5YU202",
        "source_team": "TJH5YU202",
        "user_profile": {
            "avatar_hash": "0eafa7153ff3",
            "image_72": "https:\/\/avatars.slack-edge.com\/2020-05-18\/1155120542496_0eafa7153ff35206c804_72.jpg",
            "first_name": "Cesar",
            "real_name": "Cesar SysCtrl Software",
            "display_name": "Cesar SysCtrl Software",
            "team": "TJH5YU202",
            "name": "sysctrlsoftware",
            "is_restricted": false,
            "is_ultra_restricted": false
        },
        "blocks": [
            {
                "type": "rich_text",
                "block_id": "SO94",
                "elements": [
                    {
                        "type": "rich_text_section",
                        "elements": [
                            {
                                "type": "text",
                                "text": "Buen día "
                            },
                            {
                                "type": "emoji",
                                "name": "sunny"
                            },
                            {
                                "type": "text",
                                "text": " "
                            },
                            {
                                "type": "emoji",
                                "name": "sunny"
                            },
                            {
                                "type": "text",
                                "text": " "
                            },
                            {
                                "type": "emoji",
                                "name": "sunny"
                            }
                        ]
                    }
                ]
            }
        ]
    },
    {
        "client_msg_id": "7b2fe4a4-5834-4920-9525-df187d4702bf",
        "type": "message",
        "text": "<@UJUSD6VB2> ha de ser cosa de configuración.",
        "user": "UK28N3CER",
        "ts": "1600349737.054300",
        "team": "TJH5YU202",
        "user_team": "TJH5YU202",
        "source_team": "TJH5YU202",
        "user_profile": {
            "avatar_hash": "0eafa7153ff3",
            "image_72": "https:\/\/avatars.slack-edge.com\/2020-05-18\/1155120542496_0eafa7153ff35206c804_72.jpg",
            "first_name": "Cesar",
            "real_name": "Cesar SysCtrl Software",
            "display_name": "Cesar SysCtrl Software",
            "team": "TJH5YU202",
            "name": "sysctrlsoftware",
            "is_restricted": false,
            "is_ultra_restricted": false
        },
        "blocks": [
            {
                "type": "rich_text",
                "block_id": "d51vs",
                "elements": [
                    {
                        "type": "rich_text_section",
                        "elements": [
                            {
                                "type": "user",
                                "user_id": "UJUSD6VB2"
                            },
                            {
                                "type": "text",
                                "text": " ha de ser cosa de configuración."
                            }
                        ]
                    }
                ]
            }
        ]
    },
    {
        "client_msg_id": "a3686727-b35c-4778-b9f1-3699da5d50a8",
        "type": "message",
        "text": "Cesar buenos dias, es el avatar de Paquito !!",
        "user": "UJXP7LS78",
        "ts": "1600350741.054700",
        "team": "TJH5YU202",
        "user_team": "TJH5YU202",
        "source_team": "TJH5YU202",
        "user_profile": {
            "avatar_hash": "gc4a0baebb72",
            "image_72": "https:\/\/secure.gravatar.com\/avatar\/a1c4a0baebb720b97e5a197259dbf409.jpg?s=72&d=https%3A%2F%2Fa.slack-edge.com%2Fdf10d%2Fimg%2Favatars%2Fava_0007-72.png",
            "first_name": "",
            "real_name": "wilson gamboa",
            "display_name": "wilson gamboa",
            "team": "TJH5YU202",
            "name": "wilson.josenet",
            "is_restricted": false,
            "is_ultra_restricted": false
        },
        "blocks": [
            {
                "type": "rich_text",
                "block_id": "skw6",
                "elements": [
                    {
                        "type": "rich_text_section",
                        "elements": [
                            {
                                "type": "text",
                                "text": "Cesar buenos dias, es el avatar de Paquito !!"
                            }
                        ]
                    }
                ]
            }
        ]
    },
    {
        "client_msg_id": "4c31ac34-6145-42eb-92aa-e7001c3a1375",
        "type": "message",
        "text": "Buen dia, Cesar, copie el mercury el wdo .hrb de go.extended a seamap-4 en la carpeta de lib, pero el core.hrb no, pues bien ya me puso el login pero de ahi no paso, seguiré con las pruebas.",
        "user": "UJUSD6VB2",
        "ts": "1600352902.056200",
        "team": "TJH5YU202",
        "user_team": "TJH5YU202",
        "source_team": "TJH5YU202",
        "user_profile": {
            "avatar_hash": "g1677a02d0b6",
            "image_72": "https:\/\/secure.gravatar.com\/avatar\/bb1677a02d0b69ba91eb245090c7c83a.jpg?s=72&d=https%3A%2F%2Fa.slack-edge.com%2Fdf10d%2Fimg%2Favatars%2Fava_0015-72.png",
            "first_name": "",
            "real_name": "Osvaldo Ramirez",
            "display_name": "Osvaldo Ramirez",
            "team": "TJH5YU202",
            "name": "ramirezosvaldo",
            "is_restricted": false,
            "is_ultra_restricted": false
        },
        "blocks": [
            {
                "type": "rich_text",
                "block_id": "cKBmv",
                "elements": [
                    {
                        "type": "rich_text_section",
                        "elements": [
                            {
                                "type": "text",
                                "text": "Buen dia, Cesar, copie el mercury el wdo .hrb de go.extended a seamap-4 en la carpeta de lib, pero el core.hrb no, pues bien ya me puso el login pero de ahi no paso, seguiré con las pruebas."
                            }
                        ]
                    }
                ]
            }
        ]
    },
    {
        "client_msg_id": "1f1f27b1-af87-4abe-95cc-3e815ad622a9",
        "type": "message",
        "text": "Pregunta core_lib.hrb, que contiene y donde puedo recompilarlo ? ya que según yo ese me faltaría.",
        "user": "UJUSD6VB2",
        "ts": "1600353587.057200",
        "team": "TJH5YU202",
        "user_team": "TJH5YU202",
        "source_team": "TJH5YU202",
        "user_profile": {
            "avatar_hash": "g1677a02d0b6",
            "image_72": "https:\/\/secure.gravatar.com\/avatar\/bb1677a02d0b69ba91eb245090c7c83a.jpg?s=72&d=https%3A%2F%2Fa.slack-edge.com%2Fdf10d%2Fimg%2Favatars%2Fava_0015-72.png",
            "first_name": "",
            "real_name": "Osvaldo Ramirez",
            "display_name": "Osvaldo Ramirez",
            "team": "TJH5YU202",
            "name": "ramirezosvaldo",
            "is_restricted": false,
            "is_ultra_restricted": false
        },
        "blocks": [
            {
                "type": "rich_text",
                "block_id": "IYk",
                "elements": [
                    {
                        "type": "rich_text_section",
                        "elements": [
                            {
                                "type": "text",
                                "text": "Pregunta core_lib.hrb, que contiene y donde puedo recompilarlo ? ya que según yo ese me faltaría."
                            }
                        ]
                    }
                ]
            }
        ]
    },
    {
        "client_msg_id": "949374cb-d475-4171-b616-c4e59b99c6f4",
        "type": "message",
        "text": "EN el github de Charly",
        "user": "UM81W8B0Q",
        "ts": "1600353688.057500",
        "team": "TJH5YU202",
        "user_team": "TJH5YU202",
        "source_team": "TJH5YU202",
        "user_profile": {
            "avatar_hash": "gab9279ee8c0",
            "image_72": "https:\/\/secure.gravatar.com\/avatar\/73ab9279ee8c00f66ce4904d30146c8f.jpg?s=72&d=https%3A%2F%2Fa.slack-edge.com%2Fdf10d%2Fimg%2Favatars%2Fava_0010-72.png",
            "first_name": "",
            "real_name": "Angel Pais",
            "display_name": "Angel Pais",
            "team": "TJH5YU202",
            "name": "amigosam",
            "is_restricted": false,
            "is_ultra_restricted": false
        },
        "blocks": [
            {
                "type": "rich_text",
                "block_id": "LW3M",
                "elements": [
                    {
                        "type": "rich_text_section",
                        "elements": [
                            {
                                "type": "text",
                                "text": "EN el github de Charly"
                            }
                        ]
                    }
                ]
            }
        ]
    },
    {
        "client_msg_id": "b0272b6f-aa6c-4fe9-9f57-b504abbab484",
        "type": "message",
        "text": "Osvaldo deja pruebo",
        "user": "UK28N3CER",
        "ts": "1600354298.058100",
        "team": "TJH5YU202",
        "user_team": "TJH5YU202",
        "source_team": "TJH5YU202",
        "user_profile": {
            "avatar_hash": "0eafa7153ff3",
            "image_72": "https:\/\/avatars.slack-edge.com\/2020-05-18\/1155120542496_0eafa7153ff35206c804_72.jpg",
            "first_name": "Cesar",
            "real_name": "Cesar SysCtrl Software",
            "display_name": "Cesar SysCtrl Software",
            "team": "TJH5YU202",
            "name": "sysctrlsoftware",
            "is_restricted": false,
            "is_ultra_restricted": false
        },
        "blocks": [
            {
                "type": "rich_text",
                "block_id": "dpL",
                "elements": [
                    {
                        "type": "rich_text_section",
                        "elements": [
                            {
                                "type": "text",
                                "text": "Osvaldo deja pruebo"
                            }
                        ]
                    }
                ]
            }
        ]
    },
    {
        "client_msg_id": "5c0e6187-b432-4bb2-b123-410f8769940a",
        "type": "message",
        "text": "Osvaldo bajalo tu mismo y recompila",
        "user": "UJXP7LS78",
        "ts": "1600356838.058400",
        "team": "TJH5YU202",
        "user_team": "TJH5YU202",
        "source_team": "TJH5YU202",
        "user_profile": {
            "avatar_hash": "gc4a0baebb72",
            "image_72": "https:\/\/secure.gravatar.com\/avatar\/a1c4a0baebb720b97e5a197259dbf409.jpg?s=72&d=https%3A%2F%2Fa.slack-edge.com%2Fdf10d%2Fimg%2Favatars%2Fava_0007-72.png",
            "first_name": "",
            "real_name": "wilson gamboa",
            "display_name": "wilson gamboa",
            "team": "TJH5YU202",
            "name": "wilson.josenet",
            "is_restricted": false,
            "is_ultra_restricted": false
        },
        "blocks": [
            {
                "type": "rich_text",
                "block_id": "3u5Hu",
                "elements": [
                    {
                        "type": "rich_text_section",
                        "elements": [
                            {
                                "type": "text",
                                "text": "Osvaldo bajalo tu mismo y recompila"
                            }
                        ]
                    }
                ]
            }
        ]
    },
    {
        "client_msg_id": "0d7c1675-0981-4128-9cbd-770cae2f316e",
        "type": "message",
        "text": "\"c:\\program files\\git\\bin\\git.exe \" clone <https:\/\/github.com\/carles9000\/mercury.git> mercury",
        "user": "UJXP7LS78",
        "ts": "1600356842.058600",
        "team": "TJH5YU202",
        "user_team": "TJH5YU202",
        "source_team": "TJH5YU202",
        "user_profile": {
            "avatar_hash": "gc4a0baebb72",
            "image_72": "https:\/\/secure.gravatar.com\/avatar\/a1c4a0baebb720b97e5a197259dbf409.jpg?s=72&d=https%3A%2F%2Fa.slack-edge.com%2Fdf10d%2Fimg%2Favatars%2Fava_0007-72.png",
            "first_name": "",
            "real_name": "wilson gamboa",
            "display_name": "wilson gamboa",
            "team": "TJH5YU202",
            "name": "wilson.josenet",
            "is_restricted": false,
            "is_ultra_restricted": false
        },
        "blocks": [
            {
                "type": "rich_text",
                "block_id": "CzC",
                "elements": [
                    {
                        "type": "rich_text_section",
                        "elements": [
                            {
                                "type": "text",
                                "text": "\"c:\\program files\\git\\bin\\git.exe \" clone "
                            },
                            {
                                "type": "link",
                                "url": "https:\/\/github.com\/carles9000\/mercury.git"
                            },
                            {
                                "type": "text",
                                "text": " mercury"
                            }
                        ]
                    }
                ]
            }
        ]
    },
    {
        "client_msg_id": "b8780c03-bb00-466f-b768-327a3db68874",
        "type": "message",
        "text": "Mi estimado Wilson, y el core_lib.hrb, que trae ?",
        "user": "UJUSD6VB2",
        "ts": "1600357123.059300",
        "team": "TJH5YU202",
        "user_team": "TJH5YU202",
        "source_team": "TJH5YU202",
        "user_profile": {
            "avatar_hash": "g1677a02d0b6",
            "image_72": "https:\/\/secure.gravatar.com\/avatar\/bb1677a02d0b69ba91eb245090c7c83a.jpg?s=72&d=https%3A%2F%2Fa.slack-edge.com%2Fdf10d%2Fimg%2Favatars%2Fava_0015-72.png",
            "first_name": "",
            "real_name": "Osvaldo Ramirez",
            "display_name": "Osvaldo Ramirez",
            "team": "TJH5YU202",
            "name": "ramirezosvaldo",
            "is_restricted": false,
            "is_ultra_restricted": false
        },
        "blocks": [
            {
                "type": "rich_text",
                "block_id": "RW6zV",
                "elements": [
                    {
                        "type": "rich_text_section",
                        "elements": [
                            {
                                "type": "text",
                                "text": "Mi estimado Wilson, y el core_lib.hrb, que trae ?"
                            }
                        ]
                    }
                ]
            }
        ]
    },
    {
        "client_msg_id": "e4bb79e0-9539-4cee-90d9-724c2e8371fb",
        "type": "message",
        "text": "dejame revisar",
        "user": "UJXP7LS78",
        "ts": "1600357472.059500",
        "team": "TJH5YU202",
        "user_team": "TJH5YU202",
        "source_team": "TJH5YU202",
        "user_profile": {
            "avatar_hash": "gc4a0baebb72",
            "image_72": "https:\/\/secure.gravatar.com\/avatar\/a1c4a0baebb720b97e5a197259dbf409.jpg?s=72&d=https%3A%2F%2Fa.slack-edge.com%2Fdf10d%2Fimg%2Favatars%2Fava_0007-72.png",
            "first_name": "",
            "real_name": "wilson gamboa",
            "display_name": "wilson gamboa",
            "team": "TJH5YU202",
            "name": "wilson.josenet",
            "is_restricted": false,
            "is_ultra_restricted": false
        },
        "blocks": [
            {
                "type": "rich_text",
                "block_id": "cP4c+",
                "elements": [
                    {
                        "type": "rich_text_section",
                        "elements": [
                            {
                                "type": "text",
                                "text": "dejame revisar"
                            }
                        ]
                    }
                ]
            }
        ]
    },
    {
        "client_msg_id": "f80e06bb-2cd7-4bdc-8eaa-f4ad6a746e6b",
        "type": "message",
        "text": "----------------------------------------------------------------------------\n\tName:\t\t\tLIB Core - Libreria Harbour CORE (Funciones Internas)\n\tDescription: \tSeguridad\n\tAutor:\t\t\tCarles Aubia\n\tDate: \t\t\t11\/07\/06\/19\t\n--------------------------------------------------------------------------------\n\n\/\/\tSe han de definir estos comandos pues los usamos en algunos módulos...\n#xcommand ? [&lt;explist,...&gt;] =&gt; AP_RPuts( '&lt;br&gt;' [,&lt;explist&gt;] )\n#xcommand ?? [&lt;explist,...&gt;] =&gt; AP_RPuts( [&lt;explist&gt;] )\n#xcommand TEMPLATE [ USING &lt;x&gt; ] [ PARAMS [&lt;v1&gt;] [,&lt;vn&gt;] ] =&gt; #pragma __cstream | AP_RPuts( InlinePrg( %s, [@&lt;x&gt;] [,&lt;(v1)&gt;][+\",\"+&lt;(vn)&gt;] [, @&lt;v1&gt;][, @&lt;vn&gt;] ) )\n\/\/\t--------------------------------------------------------------------------------\n\n\n\n#include \"<http:\/\/hbclass.ch|hbclass.ch>\"\n#include \"<http:\/\/hboo.ch|hboo.ch>\"\n#include \"<http:\/\/hbhash.ch|hbhash.ch>\"\n\n#include \"preapache.prg\" \t\t\/\/\tFunciones test de apache.prg\n#include \"public.prg\" \t\t\t\/\/\tFunciones Públicas\n#include \"jwt.prg\" \t\t\t\t\/\/\tSoporte JWT\n\/\/\t---------------------------------------------------------------------------- \/\/",
        "user": "UJXP7LS78",
        "ts": "1600357686.059700",
        "team": "TJH5YU202",
        "user_team": "TJH5YU202",
        "source_team": "TJH5YU202",
        "user_profile": {
            "avatar_hash": "gc4a0baebb72",
            "image_72": "https:\/\/secure.gravatar.com\/avatar\/a1c4a0baebb720b97e5a197259dbf409.jpg?s=72&d=https%3A%2F%2Fa.slack-edge.com%2Fdf10d%2Fimg%2Favatars%2Fava_0007-72.png",
            "first_name": "",
            "real_name": "wilson gamboa",
            "display_name": "wilson gamboa",
            "team": "TJH5YU202",
            "name": "wilson.josenet",
            "is_restricted": false,
            "is_ultra_restricted": false
        },
        "blocks": [
            {
                "type": "rich_text",
                "block_id": "Z6r",
                "elements": [
                    {
                        "type": "rich_text_section",
                        "elements": [
                            {
                                "type": "text",
                                "text": "----------------------------------------------------------------------------\n\tName:\t\t\tLIB Core - Libreria Harbour CORE (Funciones Internas)\n\tDescription: \tSeguridad\n\tAutor:\t\t\tCarles Aubia\n\tDate: \t\t\t11\/07\/06\/19\t\n--------------------------------------------------------------------------------\n\n\/\/\tSe han de definir estos comandos pues los usamos en algunos módulos...\n#xcommand ? [<explist,...>] => AP_RPuts( '<br>' [,<explist>] )\n#xcommand ?? [<explist,...>] => AP_RPuts( [<explist>] )\n#xcommand TEMPLATE [ USING <x> ] [ PARAMS [<v1>] [,<vn>] ] => #pragma __cstream | AP_RPuts( InlinePrg( %s, [@<x>] [,<(v1)>][+\",\"+<(vn)>] [, @<v1>][, @<vn>] ) )\n\/\/\t--------------------------------------------------------------------------------\n\n\n\n#include \""
                            },
                            {
                                "type": "link",
                                "url": "http:\/\/hbclass.ch",
                                "text": "hbclass.ch"
                            },
                            {
                                "type": "text",
                                "text": "\"\n#include \""
                            },
                            {
                                "type": "link",
                                "url": "http:\/\/hboo.ch",
                                "text": "hboo.ch"
                            },
                            {
                                "type": "text",
                                "text": "\"\n#include \""
                            },
                            {
                                "type": "link",
                                "url": "http:\/\/hbhash.ch",
                                "text": "hbhash.ch"
                            },
                            {
                                "type": "text",
                                "text": "\"\n\n#include \"preapache.prg\" \t\t\/\/\tFunciones test de apache.prg\n#include \"public.prg\" \t\t\t\/\/\tFunciones Públicas\n#include \"jwt.prg\" \t\t\t\t\/\/\tSoporte JWT\n\/\/\t---------------------------------------------------------------------------- \/\/"
                            }
                        ]
                    }
                ]
            }
        ]
    },
    {
        "client_msg_id": "aea96993-b813-42c4-a14c-1588489d9fb2",
        "type": "message",
        "text": "eso",
        "user": "UJXP7LS78",
        "ts": "1600357693.059900",
        "team": "TJH5YU202",
        "user_team": "TJH5YU202",
        "source_team": "TJH5YU202",
        "user_profile": {
            "avatar_hash": "gc4a0baebb72",
            "image_72": "https:\/\/secure.gravatar.com\/avatar\/a1c4a0baebb720b97e5a197259dbf409.jpg?s=72&d=https%3A%2F%2Fa.slack-edge.com%2Fdf10d%2Fimg%2Favatars%2Fava_0007-72.png",
            "first_name": "",
            "real_name": "wilson gamboa",
            "display_name": "wilson gamboa",
            "team": "TJH5YU202",
            "name": "wilson.josenet",
            "is_restricted": false,
            "is_ultra_restricted": false
        },
        "blocks": [
            {
                "type": "rich_text",
                "block_id": "3SS",
                "elements": [
                    {
                        "type": "rich_text_section",
                        "elements": [
                            {
                                "type": "text",
                                "text": "eso"
                            }
                        ]
                    }
                ]
            }
        ]
    },
    {
        "client_msg_id": "560065a8-79dd-42f7-bb5c-c60c9e9806a0",
        "type": "message",
        "text": "core_lib.prg",
        "user": "UJXP7LS78",
        "ts": "1600357700.060100",
        "team": "TJH5YU202",
        "user_team": "TJH5YU202",
        "source_team": "TJH5YU202",
        "user_profile": {
            "avatar_hash": "gc4a0baebb72",
            "image_72": "https:\/\/secure.gravatar.com\/avatar\/a1c4a0baebb720b97e5a197259dbf409.jpg?s=72&d=https%3A%2F%2Fa.slack-edge.com%2Fdf10d%2Fimg%2Favatars%2Fava_0007-72.png",
            "first_name": "",
            "real_name": "wilson gamboa",
            "display_name": "wilson gamboa",
            "team": "TJH5YU202",
            "name": "wilson.josenet",
            "is_restricted": false,
            "is_ultra_restricted": false
        },
        "blocks": [
            {
                "type": "rich_text",
                "block_id": "lppZ",
                "elements": [
                    {
                        "type": "rich_text_section",
                        "elements": [
                            {
                                "type": "text",
                                "text": "core_lib.prg"
                            }
                        ]
                    }
                ]
            }
        ]
    },
    {
        "client_msg_id": "d08e646c-4efc-4cf4-887f-da98284a9f37",
        "type": "message",
        "text": "con eso generas el core_lib.hrb",
        "user": "UJXP7LS78",
        "ts": "1600357714.060400",
        "team": "TJH5YU202",
        "user_team": "TJH5YU202",
        "source_team": "TJH5YU202",
        "user_profile": {
            "avatar_hash": "gc4a0baebb72",
            "image_72": "https:\/\/secure.gravatar.com\/avatar\/a1c4a0baebb720b97e5a197259dbf409.jpg?s=72&d=https%3A%2F%2Fa.slack-edge.com%2Fdf10d%2Fimg%2Favatars%2Fava_0007-72.png",
            "first_name": "",
            "real_name": "wilson gamboa",
            "display_name": "wilson gamboa",
            "team": "TJH5YU202",
            "name": "wilson.josenet",
            "is_restricted": false,
            "is_ultra_restricted": false
        },
        "blocks": [
            {
                "type": "rich_text",
                "block_id": "CqgO0",
                "elements": [
                    {
                        "type": "rich_text_section",
                        "elements": [
                            {
                                "type": "text",
                                "text": "con eso generas el core_lib.hrb"
                            }
                        ]
                    }
                ]
            }
        ]
    },
    {
        "client_msg_id": "2edf54b8-eda7-424c-b000-7e3f18053e7c",
        "type": "message",
        "text": "@echo off\n@cls\n@set    path=c:\\harbour\\bin\n@set include=c:\\harbour\\include\n\ndel core_lib.hrb\n\n\n@echo =================\n@echo Building Lib Core\n@echo =================\n\nharbour core_lib.prg \/n \/w \/gh\n\npause",
        "user": "UJXP7LS78",
        "ts": "1600357759.060600",
        "team": "TJH5YU202",
        "user_team": "TJH5YU202",
        "source_team": "TJH5YU202",
        "user_profile": {
            "avatar_hash": "gc4a0baebb72",
            "image_72": "https:\/\/secure.gravatar.com\/avatar\/a1c4a0baebb720b97e5a197259dbf409.jpg?s=72&d=https%3A%2F%2Fa.slack-edge.com%2Fdf10d%2Fimg%2Favatars%2Fava_0007-72.png",
            "first_name": "",
            "real_name": "wilson gamboa",
            "display_name": "wilson gamboa",
            "team": "TJH5YU202",
            "name": "wilson.josenet",
            "is_restricted": false,
            "is_ultra_restricted": false
        },
        "blocks": [
            {
                "type": "rich_text",
                "block_id": "xOuRq",
                "elements": [
                    {
                        "type": "rich_text_section",
                        "elements": [
                            {
                                "type": "text",
                                "text": "@echo off\n@cls\n@set    path=c:\\harbour\\bin\n@set include=c:\\harbour\\include\n\ndel core_lib.hrb\n\n\n@echo =================\n@echo Building Lib Core\n@echo =================\n\nharbour core_lib.prg \/n \/w \/gh\n\npause"
                            }
                        ]
                    }
                ]
            }
        ]
    },
    {
        "client_msg_id": "ccf76a1f-0dda-49d3-acb6-f5de83b4736c",
        "type": "message",
        "text": "debes hacerlo estando en",
        "user": "UJXP7LS78",
        "ts": "1600357788.060800",
        "team": "TJH5YU202",
        "user_team": "TJH5YU202",
        "source_team": "TJH5YU202",
        "user_profile": {
            "avatar_hash": "gc4a0baebb72",
            "image_72": "https:\/\/secure.gravatar.com\/avatar\/a1c4a0baebb720b97e5a197259dbf409.jpg?s=72&d=https%3A%2F%2Fa.slack-edge.com%2Fdf10d%2Fimg%2Favatars%2Fava_0007-72.png",
            "first_name": "",
            "real_name": "wilson gamboa",
            "display_name": "wilson gamboa",
            "team": "TJH5YU202",
            "name": "wilson.josenet",
            "is_restricted": false,
            "is_ultra_restricted": false
        },
        "blocks": [
            {
                "type": "rich_text",
                "block_id": "NDn",
                "elements": [
                    {
                        "type": "rich_text_section",
                        "elements": [
                            {
                                "type": "text",
                                "text": "debes hacerlo estando en"
                            }
                        ]
                    }
                ]
            }
        ]
    },
    {
        "client_msg_id": "11186bbf-7916-4717-ac3a-ccfc92c42083",
        "type": "message",
        "text": "mercury\\lib\\core\\",
        "user": "UJXP7LS78",
        "ts": "1600357791.061000",
        "team": "TJH5YU202",
        "user_team": "TJH5YU202",
        "source_team": "TJH5YU202",
        "user_profile": {
            "avatar_hash": "gc4a0baebb72",
            "image_72": "https:\/\/secure.gravatar.com\/avatar\/a1c4a0baebb720b97e5a197259dbf409.jpg?s=72&d=https%3A%2F%2Fa.slack-edge.com%2Fdf10d%2Fimg%2Favatars%2Fava_0007-72.png",
            "first_name": "",
            "real_name": "wilson gamboa",
            "display_name": "wilson gamboa",
            "team": "TJH5YU202",
            "name": "wilson.josenet",
            "is_restricted": false,
            "is_ultra_restricted": false
        },
        "blocks": [
            {
                "type": "rich_text",
                "block_id": "0Oe",
                "elements": [
                    {
                        "type": "rich_text_section",
                        "elements": [
                            {
                                "type": "text",
                                "text": "mercury\\lib\\core\\"
                            }
                        ]
                    }
                ]
            }
        ]
    },
    {
        "client_msg_id": "d6266f9f-ac8c-4ed4-98af-e2eaa47303b8",
        "type": "message",
        "text": "Excelente, Wilson, gracias, lo intentare",
        "user": "UJUSD6VB2",
        "ts": "1600360941.061400",
        "team": "TJH5YU202",
        "user_team": "TJH5YU202",
        "source_team": "TJH5YU202",
        "user_profile": {
            "avatar_hash": "g1677a02d0b6",
            "image_72": "https:\/\/secure.gravatar.com\/avatar\/bb1677a02d0b69ba91eb245090c7c83a.jpg?s=72&d=https%3A%2F%2Fa.slack-edge.com%2Fdf10d%2Fimg%2Favatars%2Fava_0015-72.png",
            "first_name": "",
            "real_name": "Osvaldo Ramirez",
            "display_name": "Osvaldo Ramirez",
            "team": "TJH5YU202",
            "name": "ramirezosvaldo",
            "is_restricted": false,
            "is_ultra_restricted": false
        },
        "blocks": [
            {
                "type": "rich_text",
                "block_id": "Not2w",
                "elements": [
                    {
                        "type": "rich_text_section",
                        "elements": [
                            {
                                "type": "text",
                                "text": "Excelente, Wilson, gracias, lo intentare"
                            }
                        ]
                    }
                ]
            }
        ]
    },
    {
        "client_msg_id": "b67648df-6307-4527-a20c-19e0943a3433",
        "type": "message",
        "text": "ok suerte",
        "user": "UJXP7LS78",
        "ts": "1600361229.061600",
        "team": "TJH5YU202",
        "user_team": "TJH5YU202",
        "source_team": "TJH5YU202",
        "user_profile": {
            "avatar_hash": "gc4a0baebb72",
            "image_72": "https:\/\/secure.gravatar.com\/avatar\/a1c4a0baebb720b97e5a197259dbf409.jpg?s=72&d=https%3A%2F%2Fa.slack-edge.com%2Fdf10d%2Fimg%2Favatars%2Fava_0007-72.png",
            "first_name": "",
            "real_name": "wilson gamboa",
            "display_name": "wilson gamboa",
            "team": "TJH5YU202",
            "name": "wilson.josenet",
            "is_restricted": false,
            "is_ultra_restricted": false
        },
        "blocks": [
            {
                "type": "rich_text",
                "block_id": "BmQx",
                "elements": [
                    {
                        "type": "rich_text_section",
                        "elements": [
                            {
                                "type": "text",
                                "text": "ok suerte"
                            }
                        ]
                    }
                ]
            }
        ]
    },
    {
        "client_msg_id": "cc392865-91f8-49cc-8003-9851c65e2126",
        "type": "message",
        "text": "Don Cesar no tendrás tal vez una botella de mezcal acá no hay y hace par de años que no la pruebo saludos",
        "user": "UJXP7LS78",
        "ts": "1600361343.062900",
        "team": "TJH5YU202",
        "user_team": "TJH5YU202",
        "source_team": "TJH5YU202",
        "user_profile": {
            "avatar_hash": "gc4a0baebb72",
            "image_72": "https:\/\/secure.gravatar.com\/avatar\/a1c4a0baebb720b97e5a197259dbf409.jpg?s=72&d=https%3A%2F%2Fa.slack-edge.com%2Fdf10d%2Fimg%2Favatars%2Fava_0007-72.png",
            "first_name": "",
            "real_name": "wilson gamboa",
            "display_name": "wilson gamboa",
            "team": "TJH5YU202",
            "name": "wilson.josenet",
            "is_restricted": false,
            "is_ultra_restricted": false
        },
        "blocks": [
            {
                "type": "rich_text",
                "block_id": "incr",
                "elements": [
                    {
                        "type": "rich_text_section",
                        "elements": [
                            {
                                "type": "text",
                                "text": "Don Cesar no tendrás tal vez una botella de mezcal acá no hay y hace par de años que no la pruebo saludos"
                            }
                        ]
                    }
                ]
            }
        ]
    },
    {
        "client_msg_id": "c2315484-5b6b-47b5-823e-a26ad00a1d5e",
        "type": "message",
        "text": "Claro <@UJXP7LS78> aca hay botellas llenas jeje",
        "user": "UK28N3CER",
        "ts": "1600369983.064200",
        "team": "TJH5YU202",
        "user_team": "TJH5YU202",
        "source_team": "TJH5YU202",
        "user_profile": {
            "avatar_hash": "0eafa7153ff3",
            "image_72": "https:\/\/avatars.slack-edge.com\/2020-05-18\/1155120542496_0eafa7153ff35206c804_72.jpg",
            "first_name": "Cesar",
            "real_name": "Cesar SysCtrl Software",
            "display_name": "Cesar SysCtrl Software",
            "team": "TJH5YU202",
            "name": "sysctrlsoftware",
            "is_restricted": false,
            "is_ultra_restricted": false
        },
        "blocks": [
            {
                "type": "rich_text",
                "block_id": "Vmv",
                "elements": [
                    {
                        "type": "rich_text_section",
                        "elements": [
                            {
                                "type": "text",
                                "text": "Claro "
                            },
                            {
                                "type": "user",
                                "user_id": "UJXP7LS78"
                            },
                            {
                                "type": "text",
                                "text": " aca hay botellas llenas jeje"
                            }
                        ]
                    }
                ]
            }
        ]
    },
    {
        "client_msg_id": "f850cfb1-c061-44ed-ab37-a95a9dbbe75a",
        "type": "message",
        "text": "Es que WIlson se las toma antes de llegar a la estantería.",
        "user": "UM81W8B0Q",
        "ts": "1600371123.064900",
        "team": "TJH5YU202",
        "user_team": "TJH5YU202",
        "source_team": "TJH5YU202",
        "user_profile": {
            "avatar_hash": "gab9279ee8c0",
            "image_72": "https:\/\/secure.gravatar.com\/avatar\/73ab9279ee8c00f66ce4904d30146c8f.jpg?s=72&d=https%3A%2F%2Fa.slack-edge.com%2Fdf10d%2Fimg%2Favatars%2Fava_0010-72.png",
            "first_name": "",
            "real_name": "Angel Pais",
            "display_name": "Angel Pais",
            "team": "TJH5YU202",
            "name": "amigosam",
            "is_restricted": false,
            "is_ultra_restricted": false
        },
        "blocks": [
            {
                "type": "rich_text",
                "block_id": "oDtLr",
                "elements": [
                    {
                        "type": "rich_text_section",
                        "elements": [
                            {
                                "type": "text",
                                "text": "Es que WIlson se las toma antes de llegar a la estantería."
                            }
                        ]
                    }
                ]
            }
        ]
    },
    {
        "client_msg_id": "d1bcf5c3-8461-4fc5-9270-ab597e327c34",
        "type": "message",
        "text": "nop mas bien no he podido tomar mezcal va varias Lunas",
        "user": "UJXP7LS78",
        "ts": "1600379046.065300",
        "team": "TJH5YU202",
        "user_team": "TJH5YU202",
        "source_team": "TJH5YU202",
        "user_profile": {
            "avatar_hash": "gc4a0baebb72",
            "image_72": "https:\/\/secure.gravatar.com\/avatar\/a1c4a0baebb720b97e5a197259dbf409.jpg?s=72&d=https%3A%2F%2Fa.slack-edge.com%2Fdf10d%2Fimg%2Favatars%2Fava_0007-72.png",
            "first_name": "",
            "real_name": "wilson gamboa",
            "display_name": "wilson gamboa",
            "team": "TJH5YU202",
            "name": "wilson.josenet",
            "is_restricted": false,
            "is_ultra_restricted": false
        },
        "blocks": [
            {
                "type": "rich_text",
                "block_id": "Z+Kp",
                "elements": [
                    {
                        "type": "rich_text_section",
                        "elements": [
                            {
                                "type": "text",
                                "text": "nop mas bien no he podido tomar mezcal va varias Lunas"
                            }
                        ]
                    }
                ]
            }
        ]
    }
]