[
    {
        "type": "message",
        "text": "",
        "files": [
            {
                "id": "F01ARF2QKHS",
                "created": 1599905907,
                "timestamp": 1599905907,
                "name": "grafik.png",
                "title": "grafik.png",
                "mimetype": "image\/png",
                "filetype": "png",
                "pretty_type": "PNG",
                "user": "UJHD6A81H",
                "editable": false,
                "size": 74195,
                "mode": "hosted",
                "is_external": false,
                "external_type": "",
                "is_public": true,
                "public_url_shared": false,
                "display_as_bot": false,
                "username": "",
                "url_private": "https:\/\/files.slack.com\/files-pri\/TJH5YU202-F01ARF2QKHS\/grafik.png?t=xoxe-629202954002-1408710291175-1429611969940-666c705f8dd944d59ed88b8cd6be975e",
                "url_private_download": "https:\/\/files.slack.com\/files-pri\/TJH5YU202-F01ARF2QKHS\/download\/grafik.png?t=xoxe-629202954002-1408710291175-1429611969940-666c705f8dd944d59ed88b8cd6be975e",
                "thumb_64": "https:\/\/files.slack.com\/files-tmb\/TJH5YU202-F01ARF2QKHS-e76525d2a7\/grafik_64.png?t=xoxe-629202954002-1408710291175-1429611969940-666c705f8dd944d59ed88b8cd6be975e",
                "thumb_80": "https:\/\/files.slack.com\/files-tmb\/TJH5YU202-F01ARF2QKHS-e76525d2a7\/grafik_80.png?t=xoxe-629202954002-1408710291175-1429611969940-666c705f8dd944d59ed88b8cd6be975e",
                "thumb_360": "https:\/\/files.slack.com\/files-tmb\/TJH5YU202-F01ARF2QKHS-e76525d2a7\/grafik_360.png?t=xoxe-629202954002-1408710291175-1429611969940-666c705f8dd944d59ed88b8cd6be975e",
                "thumb_360_w": 360,
                "thumb_360_h": 290,
                "thumb_480": "https:\/\/files.slack.com\/files-tmb\/TJH5YU202-F01ARF2QKHS-e76525d2a7\/grafik_480.png?t=xoxe-629202954002-1408710291175-1429611969940-666c705f8dd944d59ed88b8cd6be975e",
                "thumb_480_w": 480,
                "thumb_480_h": 387,
                "thumb_160": "https:\/\/files.slack.com\/files-tmb\/TJH5YU202-F01ARF2QKHS-e76525d2a7\/grafik_160.png?t=xoxe-629202954002-1408710291175-1429611969940-666c705f8dd944d59ed88b8cd6be975e",
                "thumb_720": "https:\/\/files.slack.com\/files-tmb\/TJH5YU202-F01ARF2QKHS-e76525d2a7\/grafik_720.png?t=xoxe-629202954002-1408710291175-1429611969940-666c705f8dd944d59ed88b8cd6be975e",
                "thumb_720_w": 720,
                "thumb_720_h": 580,
                "thumb_800": "https:\/\/files.slack.com\/files-tmb\/TJH5YU202-F01ARF2QKHS-e76525d2a7\/grafik_800.png?t=xoxe-629202954002-1408710291175-1429611969940-666c705f8dd944d59ed88b8cd6be975e",
                "thumb_800_w": 800,
                "thumb_800_h": 644,
                "thumb_960": "https:\/\/files.slack.com\/files-tmb\/TJH5YU202-F01ARF2QKHS-e76525d2a7\/grafik_960.png?t=xoxe-629202954002-1408710291175-1429611969940-666c705f8dd944d59ed88b8cd6be975e",
                "thumb_960_w": 960,
                "thumb_960_h": 773,
                "thumb_1024": "https:\/\/files.slack.com\/files-tmb\/TJH5YU202-F01ARF2QKHS-e76525d2a7\/grafik_1024.png?t=xoxe-629202954002-1408710291175-1429611969940-666c705f8dd944d59ed88b8cd6be975e",
                "thumb_1024_w": 1024,
                "thumb_1024_h": 825,
                "original_w": 1167,
                "original_h": 940,
                "thumb_tiny": "AwAmADDPOO386v20qpboCkrHnlDx1qie30rW08\/6IvPc\/wA6EA1bwKc+TOfqM077eP8AnhN\/3zVrJoqrrsBV+3j\/AJ4Tf980ovgSB5Ev\/fNWaKLrsBz3atbTx\/oidep7+9Zex\/7j\/ka1tPBW0GQQeeCPepAnCc5y30zTqQM3cCl3YHagAopN+fSlPK\/4UAOooooAKKKKADFFFFAH\/9k=",
                "permalink": "https:\/\/harbourproject.slack.com\/files\/UJHD6A81H\/F01ARF2QKHS\/grafik.png",
                "permalink_public": "https:\/\/slack-files.com\/TJH5YU202-F01ARF2QKHS-a68f482234",
                "is_starred": false,
                "has_rich_preview": false
            }
        ],
        "upload": false,
        "user": "UJHD6A81H",
        "display_as_bot": false,
        "ts": "1599905913.032600"
    },
    {
        "client_msg_id": "d96e3d95-6a2c-493a-9399-281995441501",
        "type": "message",
        "text": "Programa de escritorio existente\n\nCambios en el código fuente: el servidor local Fivewin llama a fibu.exe si hay una solicitud.\n\nLas solicitudes se manejan con archivos. Si hay un nuevo archivo de solicitud en el directorio, se inicia el exe.\n\nSi fibu.exe se inicia con un parámetro, se llama directamente a la función que crea los informes.\n\nSolo son necesarios muy pocos cambios en el código fuente.\n\n\nEl código a partir de 1995 rock soild probado a lo largo de los años crea el informe web con muy pocos cambios.\nNo se necesitan pruebas. WOW.",
        "user": "UJHD6A81H",
        "ts": "1599910747.033100",
        "team": "TJH5YU202",
        "user_team": "TJH5YU202",
        "source_team": "TJH5YU202",
        "user_profile": {
            "avatar_hash": "g6b8073e00e9",
            "image_72": "https:\/\/secure.gravatar.com\/avatar\/b96b8073e00e9eb02bcf05bc1418eb3a.jpg?s=72&d=https%3A%2F%2Fa.slack-edge.com%2Fdf10d%2Fimg%2Favatars%2Fava_0021-72.png",
            "first_name": "Otto",
            "real_name": "Otto Atzwanger",
            "display_name": "Otto",
            "team": "TJH5YU202",
            "name": "otto",
            "is_restricted": false,
            "is_ultra_restricted": false
        },
        "blocks": [
            {
                "type": "rich_text",
                "block_id": "L=xN",
                "elements": [
                    {
                        "type": "rich_text_section",
                        "elements": [
                            {
                                "type": "text",
                                "text": "Programa de escritorio existente\n\nCambios en el código fuente: el servidor local Fivewin llama a fibu.exe si hay una solicitud.\n\nLas solicitudes se manejan con archivos. Si hay un nuevo archivo de solicitud en el directorio, se inicia el exe.\n\nSi fibu.exe se inicia con un parámetro, se llama directamente a la función que crea los informes.\n\nSolo son necesarios muy pocos cambios en el código fuente.\n\n\nEl código a partir de 1995 rock soild probado a lo largo de los años crea el informe web con muy pocos cambios.\nNo se necesitan pruebas. WOW."
                            }
                        ]
                    }
                ]
            }
        ]
    },
    {
        "type": "message",
        "text": "",
        "files": [
            {
                "id": "F01AKAPP1QA",
                "created": 1599910940,
                "timestamp": 1599910940,
                "name": "grafik.png",
                "title": "grafik.png",
                "mimetype": "image\/png",
                "filetype": "png",
                "pretty_type": "PNG",
                "user": "UJHD6A81H",
                "editable": false,
                "size": 49417,
                "mode": "hosted",
                "is_external": false,
                "external_type": "",
                "is_public": true,
                "public_url_shared": false,
                "display_as_bot": false,
                "username": "",
                "url_private": "https:\/\/files.slack.com\/files-pri\/TJH5YU202-F01AKAPP1QA\/grafik.png?t=xoxe-629202954002-1408710291175-1429611969940-666c705f8dd944d59ed88b8cd6be975e",
                "url_private_download": "https:\/\/files.slack.com\/files-pri\/TJH5YU202-F01AKAPP1QA\/download\/grafik.png?t=xoxe-629202954002-1408710291175-1429611969940-666c705f8dd944d59ed88b8cd6be975e",
                "thumb_64": "https:\/\/files.slack.com\/files-tmb\/TJH5YU202-F01AKAPP1QA-350ddc0c9a\/grafik_64.png?t=xoxe-629202954002-1408710291175-1429611969940-666c705f8dd944d59ed88b8cd6be975e",
                "thumb_80": "https:\/\/files.slack.com\/files-tmb\/TJH5YU202-F01AKAPP1QA-350ddc0c9a\/grafik_80.png?t=xoxe-629202954002-1408710291175-1429611969940-666c705f8dd944d59ed88b8cd6be975e",
                "thumb_360": "https:\/\/files.slack.com\/files-tmb\/TJH5YU202-F01AKAPP1QA-350ddc0c9a\/grafik_360.png?t=xoxe-629202954002-1408710291175-1429611969940-666c705f8dd944d59ed88b8cd6be975e",
                "thumb_360_w": 175,
                "thumb_360_h": 360,
                "thumb_480": "https:\/\/files.slack.com\/files-tmb\/TJH5YU202-F01AKAPP1QA-350ddc0c9a\/grafik_480.png?t=xoxe-629202954002-1408710291175-1429611969940-666c705f8dd944d59ed88b8cd6be975e",
                "thumb_480_w": 233,
                "thumb_480_h": 480,
                "thumb_160": "https:\/\/files.slack.com\/files-tmb\/TJH5YU202-F01AKAPP1QA-350ddc0c9a\/grafik_160.png?t=xoxe-629202954002-1408710291175-1429611969940-666c705f8dd944d59ed88b8cd6be975e",
                "thumb_720": "https:\/\/files.slack.com\/files-tmb\/TJH5YU202-F01AKAPP1QA-350ddc0c9a\/grafik_720.png?t=xoxe-629202954002-1408710291175-1429611969940-666c705f8dd944d59ed88b8cd6be975e",
                "thumb_720_w": 349,
                "thumb_720_h": 720,
                "original_w": 381,
                "original_h": 786,
                "thumb_tiny": "AwAwABe9IzqfljLD1DYpoeTGTC\/\/AH0KqX88kc6qjYG3PQVW+2XAORJ+gq1BsLmyv3ckEe1LWZZXc8tyqO+VOeMCtOpasAh69KKQ0tIAHWlpB1p1ADSMnpTX38bAPxqOZn8zC7AAoOWz70399wd0X5GgCaPfk78e2KkqvG8vmqrlCCD92rFAH\/\/Z",
                "permalink": "https:\/\/harbourproject.slack.com\/files\/UJHD6A81H\/F01AKAPP1QA\/grafik.png",
                "permalink_public": "https:\/\/slack-files.com\/TJH5YU202-F01AKAPP1QA-49d9dae0ac",
                "is_starred": false,
                "has_rich_preview": false
            }
        ],
        "upload": false,
        "user": "UJHD6A81H",
        "display_as_bot": false,
        "ts": "1599910944.033200"
    },
    {
        "type": "message",
        "text": "",
        "files": [
            {
                "id": "F01A4JDNDFH",
                "created": 1599911086,
                "timestamp": 1599911086,
                "name": "grafik.png",
                "title": "grafik.png",
                "mimetype": "image\/png",
                "filetype": "png",
                "pretty_type": "PNG",
                "user": "UJHD6A81H",
                "editable": false,
                "size": 8955,
                "mode": "hosted",
                "is_external": false,
                "external_type": "",
                "is_public": true,
                "public_url_shared": false,
                "display_as_bot": false,
                "username": "",
                "url_private": "https:\/\/files.slack.com\/files-pri\/TJH5YU202-F01A4JDNDFH\/grafik.png?t=xoxe-629202954002-1408710291175-1429611969940-666c705f8dd944d59ed88b8cd6be975e",
                "url_private_download": "https:\/\/files.slack.com\/files-pri\/TJH5YU202-F01A4JDNDFH\/download\/grafik.png?t=xoxe-629202954002-1408710291175-1429611969940-666c705f8dd944d59ed88b8cd6be975e",
                "thumb_64": "https:\/\/files.slack.com\/files-tmb\/TJH5YU202-F01A4JDNDFH-21015d7a8d\/grafik_64.png?t=xoxe-629202954002-1408710291175-1429611969940-666c705f8dd944d59ed88b8cd6be975e",
                "thumb_80": "https:\/\/files.slack.com\/files-tmb\/TJH5YU202-F01A4JDNDFH-21015d7a8d\/grafik_80.png?t=xoxe-629202954002-1408710291175-1429611969940-666c705f8dd944d59ed88b8cd6be975e",
                "thumb_360": "https:\/\/files.slack.com\/files-tmb\/TJH5YU202-F01A4JDNDFH-21015d7a8d\/grafik_360.png?t=xoxe-629202954002-1408710291175-1429611969940-666c705f8dd944d59ed88b8cd6be975e",
                "thumb_360_w": 360,
                "thumb_360_h": 245,
                "thumb_480": "https:\/\/files.slack.com\/files-tmb\/TJH5YU202-F01A4JDNDFH-21015d7a8d\/grafik_480.png?t=xoxe-629202954002-1408710291175-1429611969940-666c705f8dd944d59ed88b8cd6be975e",
                "thumb_480_w": 480,
                "thumb_480_h": 327,
                "thumb_160": "https:\/\/files.slack.com\/files-tmb\/TJH5YU202-F01A4JDNDFH-21015d7a8d\/grafik_160.png?t=xoxe-629202954002-1408710291175-1429611969940-666c705f8dd944d59ed88b8cd6be975e",
                "original_w": 617,
                "original_h": 420,
                "thumb_tiny": "AwAgADBWlYMR70nnP7UKUExMgyuTUpe27Ify\/wDr10Oy6HOlfqRea3rR5retSb7f+5+n\/wBelD2\/dP0\/+vRddh28yLzW9qWNiZV+tLM0RA8tSD3pkX+tX60WTWwrtPcRgTIwAzzRsf8Aut+VSqJI5Sypnr1qTz5\/+eYocuw1HuVtj\/3W\/KjY\/wDdb8qsebN\/zz\/nSiaYdIx+tHO\/L7w5UVSpHUEfUU6L\/Wr9allaWUAMmMHPFMjjcSKSp60+bTUVtdD\/2Q==",
                "permalink": "https:\/\/harbourproject.slack.com\/files\/UJHD6A81H\/F01A4JDNDFH\/grafik.png",
                "permalink_public": "https:\/\/slack-files.com\/TJH5YU202-F01A4JDNDFH-ab161635f8",
                "is_starred": false,
                "has_rich_preview": false
            }
        ],
        "upload": false,
        "user": "UJHD6A81H",
        "display_as_bot": false,
        "ts": "1599911094.033500"
    },
    {
        "type": "message",
        "text": "",
        "files": [
            {
                "id": "F01AY1234C9",
                "created": 1599915517,
                "timestamp": 1599915517,
                "name": "IMG-20200912-WA0026.jpg",
                "title": "Imagen de Android",
                "mimetype": "image\/jpeg",
                "filetype": "jpg",
                "pretty_type": "JPEG",
                "user": "UJULQCHL5",
                "editable": false,
                "size": 46421,
                "mode": "hosted",
                "is_external": false,
                "external_type": "",
                "is_public": true,
                "public_url_shared": false,
                "display_as_bot": false,
                "username": "",
                "url_private": "https:\/\/files.slack.com\/files-pri\/TJH5YU202-F01AY1234C9\/img-20200912-wa0026.jpg?t=xoxe-629202954002-1408710291175-1429611969940-666c705f8dd944d59ed88b8cd6be975e",
                "url_private_download": "https:\/\/files.slack.com\/files-pri\/TJH5YU202-F01AY1234C9\/download\/img-20200912-wa0026.jpg?t=xoxe-629202954002-1408710291175-1429611969940-666c705f8dd944d59ed88b8cd6be975e",
                "thumb_64": "https:\/\/files.slack.com\/files-tmb\/TJH5YU202-F01AY1234C9-1151e700a0\/img-20200912-wa0026_64.jpg?t=xoxe-629202954002-1408710291175-1429611969940-666c705f8dd944d59ed88b8cd6be975e",
                "thumb_80": "https:\/\/files.slack.com\/files-tmb\/TJH5YU202-F01AY1234C9-1151e700a0\/img-20200912-wa0026_80.jpg?t=xoxe-629202954002-1408710291175-1429611969940-666c705f8dd944d59ed88b8cd6be975e",
                "thumb_360": "https:\/\/files.slack.com\/files-tmb\/TJH5YU202-F01AY1234C9-1151e700a0\/img-20200912-wa0026_360.jpg?t=xoxe-629202954002-1408710291175-1429611969940-666c705f8dd944d59ed88b8cd6be975e",
                "thumb_360_w": 360,
                "thumb_360_h": 360,
                "thumb_480": "https:\/\/files.slack.com\/files-tmb\/TJH5YU202-F01AY1234C9-1151e700a0\/img-20200912-wa0026_480.jpg?t=xoxe-629202954002-1408710291175-1429611969940-666c705f8dd944d59ed88b8cd6be975e",
                "thumb_480_w": 480,
                "thumb_480_h": 480,
                "thumb_160": "https:\/\/files.slack.com\/files-tmb\/TJH5YU202-F01AY1234C9-1151e700a0\/img-20200912-wa0026_160.jpg?t=xoxe-629202954002-1408710291175-1429611969940-666c705f8dd944d59ed88b8cd6be975e",
                "thumb_720": "https:\/\/files.slack.com\/files-tmb\/TJH5YU202-F01AY1234C9-1151e700a0\/img-20200912-wa0026_720.jpg?t=xoxe-629202954002-1408710291175-1429611969940-666c705f8dd944d59ed88b8cd6be975e",
                "thumb_720_w": 720,
                "thumb_720_h": 720,
                "thumb_800": "https:\/\/files.slack.com\/files-tmb\/TJH5YU202-F01AY1234C9-1151e700a0\/img-20200912-wa0026_800.jpg?t=xoxe-629202954002-1408710291175-1429611969940-666c705f8dd944d59ed88b8cd6be975e",
                "thumb_800_w": 800,
                "thumb_800_h": 800,
                "thumb_960": "https:\/\/files.slack.com\/files-tmb\/TJH5YU202-F01AY1234C9-1151e700a0\/img-20200912-wa0026_960.jpg?t=xoxe-629202954002-1408710291175-1429611969940-666c705f8dd944d59ed88b8cd6be975e",
                "thumb_960_w": 960,
                "thumb_960_h": 960,
                "original_w": 960,
                "original_h": 960,
                "thumb_tiny": "AwAwADCtTgAeoP4U2nxKZHCBsZrRkBtX+61AVe4bPtT9qf8APx\/46aAqZ4nH\/fJqeZDsyMBe4PHWmnGeKfKpjcoWzimVSEFS2v8Ax8J+P8qiqW2BEyuQ20dwM0PYFuMO3HU5+lLhOzNntkVaFtC3ID\/rQbeFRnDnHbJrK5oV7v8A4+XqKprnLTM+1tp7kYqGtVsZvcKuWzoIQC4ByeCaqqUxyOacDHnkUpK6sNOxLc\/Ow2OvT+8Kh2Pj76\/99CjMeBxz3pcxf3TS5R3DBWJtzA5xj5s1HUmYsdDSOY8fKDmmtCWf\/9k=",
                "permalink": "https:\/\/harbourproject.slack.com\/files\/UJULQCHL5\/F01AY1234C9\/img-20200912-wa0026.jpg",
                "permalink_public": "https:\/\/slack-files.com\/TJH5YU202-F01AY1234C9-325641d970",
                "is_starred": false,
                "has_rich_preview": false
            }
        ],
        "upload": true,
        "user": "UJULQCHL5",
        "display_as_bot": false,
        "ts": "1599915519.033800",
        "client_msg_id": "f6d84467-bc06-4254-8e21-cbda6ea4a5e6"
    },
    {
        "client_msg_id": "ee470a0c-cb40-47e2-9e73-7380f90a75ad",
        "type": "message",
        "text": "<http:\/\/forums.fivetechsupport.com\/viewtopic.php?f=17&amp;t=39350#p234787>",
        "user": "UJUJLTWMT",
        "ts": "1599918483.034200",
        "team": "TJH5YU202",
        "user_team": "TJH5YU202",
        "source_team": "TJH5YU202",
        "user_profile": {
            "avatar_hash": "a60e3b1ef2d2",
            "image_72": "https:\/\/avatars.slack-edge.com\/2019-08-20\/726246109489_a60e3b1ef2d2c141969d_72.jpg",
            "first_name": "",
            "real_name": "Cristobal",
            "display_name": "Cristobal",
            "team": "TJH5YU202",
            "name": "navarro.cristobal",
            "is_restricted": false,
            "is_ultra_restricted": false
        },
        "blocks": [
            {
                "type": "rich_text",
                "block_id": "+MH",
                "elements": [
                    {
                        "type": "rich_text_section",
                        "elements": [
                            {
                                "type": "link",
                                "url": "http:\/\/forums.fivetechsupport.com\/viewtopic.php?f=17&t=39350#p234787"
                            }
                        ]
                    }
                ]
            }
        ],
        "reactions": [
            {
                "name": "clap",
                "users": [
                    "UM81W8B0Q"
                ],
                "count": 1
            },
            {
                "name": "heart",
                "users": [
                    "UJUSD6VB2"
                ],
                "count": 1
            }
        ]
    },
    {
        "client_msg_id": "54927076-7d27-4254-aa15-35c74a0de2d5",
        "type": "message",
        "text": "<http:\/\/forums.fivetechsupport.com\/viewtopic.php?f=3&amp;t=36990&amp;p=234827#p234827>    FIVEWIN &lt;-&gt; mod harbour SERVER",
        "user": "UJHD6A81H",
        "ts": "1599935378.034900",
        "team": "TJH5YU202",
        "user_team": "TJH5YU202",
        "source_team": "TJH5YU202",
        "user_profile": {
            "avatar_hash": "g6b8073e00e9",
            "image_72": "https:\/\/secure.gravatar.com\/avatar\/b96b8073e00e9eb02bcf05bc1418eb3a.jpg?s=72&d=https%3A%2F%2Fa.slack-edge.com%2Fdf10d%2Fimg%2Favatars%2Fava_0021-72.png",
            "first_name": "Otto",
            "real_name": "Otto Atzwanger",
            "display_name": "Otto",
            "team": "TJH5YU202",
            "name": "otto",
            "is_restricted": false,
            "is_ultra_restricted": false
        },
        "blocks": [
            {
                "type": "rich_text",
                "block_id": "ddZ",
                "elements": [
                    {
                        "type": "rich_text_section",
                        "elements": [
                            {
                                "type": "link",
                                "url": "http:\/\/forums.fivetechsupport.com\/viewtopic.php?f=3&t=36990&p=234827#p234827"
                            },
                            {
                                "type": "text",
                                "text": "    FIVEWIN <-> mod harbour SERVER"
                            }
                        ]
                    }
                ]
            }
        ]
    },
    {
        "client_msg_id": "621a1b58-43c5-4126-995b-ffc0744fe4a2",
        "type": "message",
        "text": "<http:\/\/forums.fivetechsupport.com\/viewtopic.php?f=3&amp;t=36990&amp;p=234828#p234828>",
        "user": "UJHD6A81H",
        "ts": "1599935892.035100",
        "team": "TJH5YU202",
        "user_team": "TJH5YU202",
        "source_team": "TJH5YU202",
        "user_profile": {
            "avatar_hash": "g6b8073e00e9",
            "image_72": "https:\/\/secure.gravatar.com\/avatar\/b96b8073e00e9eb02bcf05bc1418eb3a.jpg?s=72&d=https%3A%2F%2Fa.slack-edge.com%2Fdf10d%2Fimg%2Favatars%2Fava_0021-72.png",
            "first_name": "Otto",
            "real_name": "Otto Atzwanger",
            "display_name": "Otto",
            "team": "TJH5YU202",
            "name": "otto",
            "is_restricted": false,
            "is_ultra_restricted": false
        },
        "blocks": [
            {
                "type": "rich_text",
                "block_id": "qs35\/",
                "elements": [
                    {
                        "type": "rich_text_section",
                        "elements": [
                            {
                                "type": "link",
                                "url": "http:\/\/forums.fivetechsupport.com\/viewtopic.php?f=3&t=36990&p=234828#p234828"
                            }
                        ]
                    }
                ]
            }
        ]
    }
]