[
    {
        "client_msg_id": "57374d45-bc74-4f60-bfec-ae9b3ae1aa3b",
        "type": "message",
        "text": "Buenos días y felicidades a todos y especialmente a los padres de la criatura que cumple un añín :tada:",
        "user": "UJULQCHL5",
        "ts": "1589526665.198800",
        "team": "TJH5YU202",
        "user_team": "TJH5YU202",
        "source_team": "TJH5YU202",
        "user_profile": {
            "avatar_hash": "g7659142325a",
            "image_72": "https:\/\/secure.gravatar.com\/avatar\/c87659142325a3facb661d85281ec091.jpg?s=72&d=https%3A%2F%2Fa.slack-edge.com%2Fdf10d%2Fimg%2Favatars%2Fava_0003-72.png",
            "first_name": "",
            "real_name": "Paquito",
            "display_name": "Paquito",
            "team": "TJH5YU202",
            "name": "hmpaquito",
            "is_restricted": false,
            "is_ultra_restricted": false
        },
        "blocks": [
            {
                "type": "rich_text",
                "block_id": "wRc",
                "elements": [
                    {
                        "type": "rich_text_section",
                        "elements": [
                            {
                                "type": "text",
                                "text": "Buenos días y felicidades a todos y especialmente a los padres de la criatura que cumple un añín "
                            },
                            {
                                "type": "emoji",
                                "name": "tada"
                            }
                        ]
                    }
                ]
            }
        ]
    },
    {
        "client_msg_id": "fc60e381-ce54-4419-b928-adc51c2ebea5",
        "type": "message",
        "text": "He publicado el proceso de creación de mod_harbour en el foro, pero no veo mi entrada en el foro español, supongo que alguien lo debe validar. Así que además lo voy a publicar aquí.",
        "user": "UJWGTCNS3",
        "ts": "1589531902.200500",
        "team": "TJH5YU202",
        "user_team": "TJH5YU202",
        "source_team": "TJH5YU202",
        "user_profile": {
            "avatar_hash": "g5117c62f9fd",
            "image_72": "https:\/\/secure.gravatar.com\/avatar\/d65117c62f9fdee40568ff74546ff940.jpg?s=72&d=https%3A%2F%2Fa.slack-edge.com%2Fdf10d%2Fimg%2Favatars%2Fava_0021-72.png",
            "first_name": "Andrés",
            "real_name": "Andrés González Alonso",
            "display_name": "Andygon",
            "team": "TJH5YU202",
            "name": "zalezalon",
            "is_restricted": false,
            "is_ultra_restricted": false
        },
        "blocks": [
            {
                "type": "rich_text",
                "block_id": "Rgr",
                "elements": [
                    {
                        "type": "rich_text_section",
                        "elements": [
                            {
                                "type": "text",
                                "text": "He publicado el proceso de creación de mod_harbour en el foro, pero no veo mi entrada en el foro español, supongo que alguien lo debe validar. Así que además lo voy a publicar aquí."
                            }
                        ]
                    }
                ]
            }
        ]
    },
    {
        "client_msg_id": "80021e66-e654-4dd9-98bd-7a0954752360",
        "type": "message",
        "text": "FELIZ ANIVERSARIO",
        "user": "UJWGTCNS3",
        "ts": "1589531932.200900",
        "team": "TJH5YU202",
        "user_team": "TJH5YU202",
        "source_team": "TJH5YU202",
        "user_profile": {
            "avatar_hash": "g5117c62f9fd",
            "image_72": "https:\/\/secure.gravatar.com\/avatar\/d65117c62f9fdee40568ff74546ff940.jpg?s=72&d=https%3A%2F%2Fa.slack-edge.com%2Fdf10d%2Fimg%2Favatars%2Fava_0021-72.png",
            "first_name": "Andrés",
            "real_name": "Andrés González Alonso",
            "display_name": "Andygon",
            "team": "TJH5YU202",
            "name": "zalezalon",
            "is_restricted": false,
            "is_ultra_restricted": false
        },
        "blocks": [
            {
                "type": "rich_text",
                "block_id": "FRyz",
                "elements": [
                    {
                        "type": "rich_text_section",
                        "elements": [
                            {
                                "type": "text",
                                "text": "FELIZ ANIVERSARIO"
                            }
                        ]
                    }
                ]
            }
        ]
    },
    {
        "client_msg_id": "f4bd2258-44e4-47e0-bc4a-fd389751da77",
        "type": "message",
        "text": "Os dejo como anécdota, el inicio del proceso de creación para que veáis, con qué ilusión creamos este proyecto. Es un recopilado de los primeros mensajes, os sorprenderán muchos de los mensajes, pero así fue:\n\nTodo empieza en la reunión que se realizó en Calpe en 29 y 30 Marzo\/19, donde se expusieron numerosas inquietudes y gracias a estas se creó el grupo de Whatsapp Harbour Novelda. En este grupo se fraguó la idea de qué es lo que se tenía que hacer con los programas que manteníamos los programadores de Clipper\/harbour y el futuro de estos. Muchos fueron los comentarios, pero todos enfocaban sus inquietudes al tópico “Mantenemos lo viejo, pero no hacemos nada nuevo” dicho por uno de los grandes del lenguaje Manuel Calero Solís, que remató con el comentario de “Quiero hacer mi aplicación web y harbour no me da”. Otro de los también grandes Rafa Carmona “The Full” siguió en el mismo sentido con “Nosotros lamentablemente, nos obligan a ir a tecnologías web ... No puedes ignorarlo ...”. Ante este desanimo uno de los padres del lenguaje Antonio Linares vaticinó con una palabra de animo  “Son crisis que sientan muy bien Manolo” y indudablemente algo despertó su espíritu creativo como lo había hecho con tantos otros productos, animando a todos con sus inquietudes de mejora como “hay algún ranking en el que saber cuál es la herramienta web más popular ?”. Numerosas fueron las aportaciones como Python, Django, OpenErp, OpenBravo, Spring, entre otros. De repente uno de los que por su gran andadura en los temas Web le hace merecer ser uno de los “influencer” del grupo, Carles Aubia con su desarrollo de la tWeb,  dijo una aseveración que inspiró mucho “Php necesita el preprocesador de harbour, lo echo de menos” a lo que “the Full” le dijo “qué grande es el preprocesador y gran desconocido para muchos” y claro está, Manuel Calero no se lo podía creer “Estáis hablando en serio?”. Esta fue la semilla que hizo germinar  una de las ideas más brillantes posiblemente en la andadura del Harbour. Antonio linares propuso la primera astilla de nuestro gran buque enviando dos mensajes al grupo “[07:33, 15\/5\/2019] Antonio Linares: Disponer de un mod_harbour para Apache no sería el primer paso para pasar a la web ?\n[07:34, 15\/5\/2019] Antonio Linares: reconozco que siempre me enfoqué en CGIs pensando que era la solución más sencilla y obviamente estaba equivocado”.\n\nGracias a todos por hacer que nuestras ilusiones se transformen en realidades.",
        "user": "UJWGTCNS3",
        "ts": "1589531970.201400",
        "team": "TJH5YU202",
        "user_team": "TJH5YU202",
        "source_team": "TJH5YU202",
        "user_profile": {
            "avatar_hash": "g5117c62f9fd",
            "image_72": "https:\/\/secure.gravatar.com\/avatar\/d65117c62f9fdee40568ff74546ff940.jpg?s=72&d=https%3A%2F%2Fa.slack-edge.com%2Fdf10d%2Fimg%2Favatars%2Fava_0021-72.png",
            "first_name": "Andrés",
            "real_name": "Andrés González Alonso",
            "display_name": "Andygon",
            "team": "TJH5YU202",
            "name": "zalezalon",
            "is_restricted": false,
            "is_ultra_restricted": false
        },
        "edited": {
            "user": "UJWGTCNS3",
            "ts": "1589532984.000000"
        },
        "blocks": [
            {
                "type": "rich_text",
                "block_id": "pL=",
                "elements": [
                    {
                        "type": "rich_text_section",
                        "elements": [
                            {
                                "type": "text",
                                "text": "Os dejo como anécdota, el inicio del proceso de creación para que veáis, con qué ilusión creamos este proyecto. Es un recopilado de los primeros mensajes, os sorprenderán muchos de los mensajes, pero así fue:\n\nTodo empieza en la reunión que se realizó en Calpe en 29 y 30 Marzo\/19, donde se expusieron numerosas inquietudes y gracias a estas se creó el grupo de Whatsapp Harbour Novelda. En este grupo se fraguó la idea de qué es lo que se tenía que hacer con los programas que manteníamos los programadores de Clipper\/harbour y el futuro de estos. Muchos fueron los comentarios, pero todos enfocaban sus inquietudes al tópico “Mantenemos lo viejo, pero no hacemos nada nuevo” dicho por uno de los grandes del lenguaje Manuel Calero Solís, que remató con el comentario de “Quiero hacer mi aplicación web y harbour no me da”. Otro de los también grandes Rafa Carmona “The Full” siguió en el mismo sentido con “Nosotros lamentablemente, nos obligan a ir a tecnologías web ... No puedes ignorarlo ...”. Ante este desanimo uno de los padres del lenguaje Antonio Linares vaticinó con una palabra de animo  “Son crisis que sientan muy bien Manolo” y indudablemente algo despertó su espíritu creativo como lo había hecho con tantos otros productos, animando a todos con sus inquietudes de mejora como “hay algún ranking en el que saber cuál es la herramienta web más popular ?”. Numerosas fueron las aportaciones como Python, Django, OpenErp, OpenBravo, Spring, entre otros. De repente uno de los que por su gran andadura en los temas Web le hace merecer ser uno de los “influencer” del grupo, Carles Aubia con su desarrollo de la tWeb,  dijo una aseveración que inspiró mucho “Php necesita el preprocesador de harbour, lo echo de menos” a lo que “the Full” le dijo “qué grande es el preprocesador y gran desconocido para muchos” y claro está, Manuel Calero no se lo podía creer “Estáis hablando en serio?”. Esta fue la semilla que hizo germinar  una de las ideas más brillantes posiblemente en la andadura del Harbour. Antonio linares propuso la primera astilla de nuestro gran buque enviando dos mensajes al grupo “[07:33, 15\/5\/2019] Antonio Linares: Disponer de un mod_harbour para Apache no sería el primer paso para pasar a la web ?\n[07:34, 15\/5\/2019] Antonio Linares: reconozco que siempre me enfoqué en CGIs pensando que era la solución más sencilla y obviamente estaba equivocado”.\n\nGracias a todos por hacer que nuestras ilusiones se transformen en realidades."
                            }
                        ]
                    }
                ]
            }
        ]
    },
    {
        "client_msg_id": "b01441c5-849e-45a9-85e5-ddcbf9dae5a8",
        "type": "message",
        "text": "Si señor <@UJWGTCNS3>! Lo recuerdo muy bien y es un resumen muy bueno :clap:",
        "user": "UJWR5N32S",
        "ts": "1589532217.202500",
        "team": "TJH5YU202",
        "user_team": "TJH5YU202",
        "source_team": "TJH5YU202",
        "user_profile": {
            "avatar_hash": "273d3745f7ae",
            "image_72": "https:\/\/avatars.slack-edge.com\/2019-05-20\/634344238497_273d3745f7ae1b176b82_72.jpg",
            "first_name": "Charly",
            "real_name": "Charly",
            "display_name": "Charly",
            "team": "TJH5YU202",
            "name": "carles9000",
            "is_restricted": false,
            "is_ultra_restricted": false
        },
        "blocks": [
            {
                "type": "rich_text",
                "block_id": "i==",
                "elements": [
                    {
                        "type": "rich_text_section",
                        "elements": [
                            {
                                "type": "text",
                                "text": "Si señor "
                            },
                            {
                                "type": "user",
                                "user_id": "UJWGTCNS3"
                            },
                            {
                                "type": "text",
                                "text": "! Lo recuerdo muy bien y es un resumen muy bueno "
                            },
                            {
                                "type": "emoji",
                                "name": "clap"
                            }
                        ]
                    }
                ]
            }
        ]
    },
    {
        "client_msg_id": "2a9829fd-7bbc-4ec6-b0f1-aeed9fb11c86",
        "type": "message",
        "text": "Y para los que querais revivir otra vez el momento...",
        "user": "UJWR5N32S",
        "ts": "1589532233.202900",
        "team": "TJH5YU202",
        "user_team": "TJH5YU202",
        "source_team": "TJH5YU202",
        "user_profile": {
            "avatar_hash": "273d3745f7ae",
            "image_72": "https:\/\/avatars.slack-edge.com\/2019-05-20\/634344238497_273d3745f7ae1b176b82_72.jpg",
            "first_name": "Charly",
            "real_name": "Charly",
            "display_name": "Charly",
            "team": "TJH5YU202",
            "name": "carles9000",
            "is_restricted": false,
            "is_ultra_restricted": false
        },
        "blocks": [
            {
                "type": "rich_text",
                "block_id": "ABV",
                "elements": [
                    {
                        "type": "rich_text_section",
                        "elements": [
                            {
                                "type": "text",
                                "text": "Y para los que querais revivir otra vez el momento..."
                            }
                        ]
                    }
                ]
            }
        ]
    },
    {
        "client_msg_id": "8798fc7b-400e-43b9-9832-2d96ff312045",
        "type": "message",
        "text": "<https:\/\/youtu.be\/aOea2j40OyU>",
        "user": "UJWR5N32S",
        "ts": "1589532235.203100",
        "team": "TJH5YU202",
        "user_team": "TJH5YU202",
        "source_team": "TJH5YU202",
        "user_profile": {
            "avatar_hash": "273d3745f7ae",
            "image_72": "https:\/\/avatars.slack-edge.com\/2019-05-20\/634344238497_273d3745f7ae1b176b82_72.jpg",
            "first_name": "Charly",
            "real_name": "Charly",
            "display_name": "Charly",
            "team": "TJH5YU202",
            "name": "carles9000",
            "is_restricted": false,
            "is_ultra_restricted": false
        },
        "attachments": [
            {
                "service_name": "YouTube",
                "service_url": "https:\/\/www.youtube.com\/",
                "title": "Harbour Calpe2019 Full HD",
                "title_link": "https:\/\/youtu.be\/aOea2j40OyU",
                "author_name": "modHarbour",
                "author_link": "https:\/\/www.youtube.com\/channel\/UCSmT__qWc1XpY-86UU3zxHg",
                "thumb_url": "https:\/\/i.ytimg.com\/vi\/aOea2j40OyU\/hqdefault.jpg",
                "thumb_width": 480,
                "thumb_height": 360,
                "fallback": "YouTube Video: Harbour Calpe2019 Full HD",
                "video_html": "<iframe width=\"400\" height=\"225\" src=\"https:\/\/www.youtube.com\/embed\/aOea2j40OyU?feature=oembed&autoplay=1&iv_load_policy=3\" frameborder=\"0\" allow=\"accelerometer; autoplay; encrypted-media; gyroscope; picture-in-picture\" allowfullscreen><\/iframe>",
                "video_html_width": 400,
                "video_html_height": 225,
                "from_url": "https:\/\/youtu.be\/aOea2j40OyU",
                "service_icon": "https:\/\/a.slack-edge.com\/80588\/img\/unfurl_icons\/youtube.png",
                "id": 1,
                "original_url": "https:\/\/youtu.be\/aOea2j40OyU"
            }
        ],
        "blocks": [
            {
                "type": "rich_text",
                "block_id": "cZ=g",
                "elements": [
                    {
                        "type": "rich_text_section",
                        "elements": [
                            {
                                "type": "link",
                                "url": "https:\/\/youtu.be\/aOea2j40OyU"
                            }
                        ]
                    }
                ]
            }
        ]
    },
    {
        "client_msg_id": "3c8db516-d228-4a1b-9308-fa9bcac64ddc",
        "type": "message",
        "text": ":+1::heart::heart::heart:",
        "user": "UJWGTCNS3",
        "ts": "1589532549.203600",
        "team": "TJH5YU202",
        "user_team": "TJH5YU202",
        "source_team": "TJH5YU202",
        "user_profile": {
            "avatar_hash": "g5117c62f9fd",
            "image_72": "https:\/\/secure.gravatar.com\/avatar\/d65117c62f9fdee40568ff74546ff940.jpg?s=72&d=https%3A%2F%2Fa.slack-edge.com%2Fdf10d%2Fimg%2Favatars%2Fava_0021-72.png",
            "first_name": "Andrés",
            "real_name": "Andrés González Alonso",
            "display_name": "Andygon",
            "team": "TJH5YU202",
            "name": "zalezalon",
            "is_restricted": false,
            "is_ultra_restricted": false
        },
        "blocks": [
            {
                "type": "rich_text",
                "block_id": "gwBX",
                "elements": [
                    {
                        "type": "rich_text_section",
                        "elements": [
                            {
                                "type": "emoji",
                                "name": "+1"
                            },
                            {
                                "type": "emoji",
                                "name": "heart"
                            },
                            {
                                "type": "emoji",
                                "name": "heart"
                            },
                            {
                                "type": "emoji",
                                "name": "heart"
                            }
                        ]
                    }
                ]
            }
        ]
    },
    {
        "client_msg_id": "7b21ca67-775c-4a6f-b039-b331087ff864",
        "type": "message",
        "text": "Charly si tu das el visto bueno del foro, tengo que modificar un par de cosas, ya que me he levantado un poco espeso con la gramática.",
        "user": "UJWGTCNS3",
        "ts": "1589532611.204700",
        "team": "TJH5YU202",
        "user_team": "TJH5YU202",
        "source_team": "TJH5YU202",
        "user_profile": {
            "avatar_hash": "g5117c62f9fd",
            "image_72": "https:\/\/secure.gravatar.com\/avatar\/d65117c62f9fdee40568ff74546ff940.jpg?s=72&d=https%3A%2F%2Fa.slack-edge.com%2Fdf10d%2Fimg%2Favatars%2Fava_0021-72.png",
            "first_name": "Andrés",
            "real_name": "Andrés González Alonso",
            "display_name": "Andygon",
            "team": "TJH5YU202",
            "name": "zalezalon",
            "is_restricted": false,
            "is_ultra_restricted": false
        },
        "blocks": [
            {
                "type": "rich_text",
                "block_id": "=oyl",
                "elements": [
                    {
                        "type": "rich_text_section",
                        "elements": [
                            {
                                "type": "text",
                                "text": "Charly si tu das el visto bueno del foro, tengo que modificar un par de cosas, ya que me he levantado un poco espeso con la gramática."
                            }
                        ]
                    }
                ]
            }
        ]
    },
    {
        "client_msg_id": "fa31051b-7c70-48a2-8937-3714a61dde54",
        "type": "message",
        "text": "Voy aver, no se si puedo. Es q este foro no se tendria que validar cada tema, sino es lento del copon. Le dije a Angel q activara mejor el capcha...",
        "user": "UJWR5N32S",
        "ts": "1589532668.205500",
        "team": "TJH5YU202",
        "user_team": "TJH5YU202",
        "source_team": "TJH5YU202",
        "user_profile": {
            "avatar_hash": "273d3745f7ae",
            "image_72": "https:\/\/avatars.slack-edge.com\/2019-05-20\/634344238497_273d3745f7ae1b176b82_72.jpg",
            "first_name": "Charly",
            "real_name": "Charly",
            "display_name": "Charly",
            "team": "TJH5YU202",
            "name": "carles9000",
            "is_restricted": false,
            "is_ultra_restricted": false
        },
        "blocks": [
            {
                "type": "rich_text",
                "block_id": "jYr",
                "elements": [
                    {
                        "type": "rich_text_section",
                        "elements": [
                            {
                                "type": "text",
                                "text": "Voy aver, no se si puedo. Es q este foro no se tendria que validar cada tema, sino es lento del copon. Le dije a Angel q activara mejor el capcha..."
                            }
                        ]
                    }
                ]
            }
        ]
    },
    {
        "client_msg_id": "bbe5c7c0-23ae-4f62-acea-ba1e7700de0f",
        "type": "message",
        "text": "Voy a ver",
        "user": "UJWR5N32S",
        "ts": "1589532671.205800",
        "team": "TJH5YU202",
        "user_team": "TJH5YU202",
        "source_team": "TJH5YU202",
        "user_profile": {
            "avatar_hash": "273d3745f7ae",
            "image_72": "https:\/\/avatars.slack-edge.com\/2019-05-20\/634344238497_273d3745f7ae1b176b82_72.jpg",
            "first_name": "Charly",
            "real_name": "Charly",
            "display_name": "Charly",
            "team": "TJH5YU202",
            "name": "carles9000",
            "is_restricted": false,
            "is_ultra_restricted": false
        },
        "blocks": [
            {
                "type": "rich_text",
                "block_id": "8Xm",
                "elements": [
                    {
                        "type": "rich_text_section",
                        "elements": [
                            {
                                "type": "text",
                                "text": "Voy a ver"
                            }
                        ]
                    }
                ]
            }
        ]
    },
    {
        "client_msg_id": "fc08fd65-926a-4874-a6fa-256f7d65aea8",
        "type": "message",
        "text": "He hecho  una nueva aportación al foro, pero que aun no se puede ver, la publico aquí ya que considero que a pesar de que todos reconocemos su labor hay que tenerlo presente ya que fue el que hizo presente que muchos nos pudiéramos ver y hablar.",
        "user": "UJWGTCNS3",
        "ts": "1589537015.208400",
        "team": "TJH5YU202",
        "user_team": "TJH5YU202",
        "source_team": "TJH5YU202",
        "user_profile": {
            "avatar_hash": "g5117c62f9fd",
            "image_72": "https:\/\/secure.gravatar.com\/avatar\/d65117c62f9fdee40568ff74546ff940.jpg?s=72&d=https%3A%2F%2Fa.slack-edge.com%2Fdf10d%2Fimg%2Favatars%2Fava_0021-72.png",
            "first_name": "Andrés",
            "real_name": "Andrés González Alonso",
            "display_name": "Andygon",
            "team": "TJH5YU202",
            "name": "zalezalon",
            "is_restricted": false,
            "is_ultra_restricted": false
        },
        "blocks": [
            {
                "type": "rich_text",
                "block_id": "RI7",
                "elements": [
                    {
                        "type": "rich_text_section",
                        "elements": [
                            {
                                "type": "text",
                                "text": "He hecho  una nueva aportación al foro, pero que aun no se puede ver, la publico aquí ya que considero que a pesar de que todos reconocemos su labor hay que tenerlo presente ya que fue el que hizo presente que muchos nos pudiéramos ver y hablar."
                            }
                        ]
                    }
                ]
            }
        ]
    },
    {
        "client_msg_id": "13175cbe-69bd-42d3-a81e-cdac2e392ce3",
        "type": "message",
        "text": "Primero tuvimos el barco (Clipper) luego el puerto (Harbour) y ahora ya estamos navegando (Mod_harbour) ... al que le guste el mundo el mundo de la navegación, no se lo puede perder. Lo que tenga que venir, indudablemente llegarà y ahora con la incorporación de nuesvos grumetes esto no tiene fin. Quiero hacer una especial mención a *José Luís Sanchez* persona que hizo posible reunir a toda la tripulacion, haciendo que capitanes, grumetes y aprendices se pudieran ver y hablar ...\n\nUn abrazo José Luís.",
        "user": "UJWGTCNS3",
        "ts": "1589537028.208600",
        "team": "TJH5YU202",
        "user_team": "TJH5YU202",
        "source_team": "TJH5YU202",
        "user_profile": {
            "avatar_hash": "g5117c62f9fd",
            "image_72": "https:\/\/secure.gravatar.com\/avatar\/d65117c62f9fdee40568ff74546ff940.jpg?s=72&d=https%3A%2F%2Fa.slack-edge.com%2Fdf10d%2Fimg%2Favatars%2Fava_0021-72.png",
            "first_name": "Andrés",
            "real_name": "Andrés González Alonso",
            "display_name": "Andygon",
            "team": "TJH5YU202",
            "name": "zalezalon",
            "is_restricted": false,
            "is_ultra_restricted": false
        },
        "edited": {
            "user": "UJWGTCNS3",
            "ts": "1589537276.000000"
        },
        "blocks": [
            {
                "type": "rich_text",
                "block_id": "wtC",
                "elements": [
                    {
                        "type": "rich_text_section",
                        "elements": [
                            {
                                "type": "text",
                                "text": "Primero tuvimos el barco (Clipper) luego el puerto (Harbour) y ahora ya estamos navegando (Mod_harbour) ... al que le guste el mundo el mundo de la navegación, no se lo puede perder. Lo que tenga que venir, indudablemente llegarà y ahora con la incorporación de nuesvos grumetes esto no tiene fin. Quiero hacer una especial mención a "
                            },
                            {
                                "type": "text",
                                "text": "José Luís Sanchez",
                                "style": {
                                    "bold": true
                                }
                            },
                            {
                                "type": "text",
                                "text": " persona que hizo posible reunir a toda la tripulacion, haciendo que capitanes, grumetes y aprendices se pudieran ver y hablar ...\n\nUn abrazo José Luís."
                            }
                        ]
                    }
                ]
            }
        ]
    },
    {
        "client_msg_id": "4b7a7f90-c047-491d-9d22-281edcd7b293",
        "type": "message",
        "text": "Por favor Angel intenta que las aportaciones al foro sean rápidas, siempre estamos a tiempo de borrar las que san ofensivas.",
        "user": "UJWGTCNS3",
        "ts": "1589537149.209700",
        "team": "TJH5YU202",
        "user_team": "TJH5YU202",
        "source_team": "TJH5YU202",
        "user_profile": {
            "avatar_hash": "g5117c62f9fd",
            "image_72": "https:\/\/secure.gravatar.com\/avatar\/d65117c62f9fdee40568ff74546ff940.jpg?s=72&d=https%3A%2F%2Fa.slack-edge.com%2Fdf10d%2Fimg%2Favatars%2Fava_0021-72.png",
            "first_name": "Andrés",
            "real_name": "Andrés González Alonso",
            "display_name": "Andygon",
            "team": "TJH5YU202",
            "name": "zalezalon",
            "is_restricted": false,
            "is_ultra_restricted": false
        },
        "blocks": [
            {
                "type": "rich_text",
                "block_id": "RSrn6",
                "elements": [
                    {
                        "type": "rich_text_section",
                        "elements": [
                            {
                                "type": "text",
                                "text": "Por favor Angel intenta que las aportaciones al foro sean rápidas, siempre estamos a tiempo de borrar las que san ofensivas."
                            }
                        ]
                    }
                ]
            }
        ]
    },
    {
        "client_msg_id": "f8491d28-8dfd-4e05-9083-07ee445650cb",
        "type": "message",
        "text": "Que buenos recuerdos Andrés, muchas gracias. Con tu permiso los he copiado en la sección de mod_harbour en los foros de FiveTech para que queden para la posteridad :slightly_smiling_face:",
        "user": "UJN8D8U3B",
        "ts": "1589539707.210800",
        "team": "TJH5YU202",
        "user_team": "TJH5YU202",
        "source_team": "TJH5YU202",
        "user_profile": {
            "avatar_hash": "g92ad2abcc45",
            "image_72": "https:\/\/secure.gravatar.com\/avatar\/8492ad2abcc45ce53969adcf8420acde.jpg?s=72&d=https%3A%2F%2Fa.slack-edge.com%2Fdf10d%2Fimg%2Favatars%2Fava_0008-72.png",
            "first_name": "",
            "real_name": "Antonio Linares",
            "display_name": "Antonio Linares",
            "team": "TJH5YU202",
            "name": "alinares",
            "is_restricted": false,
            "is_ultra_restricted": false
        },
        "edited": {
            "user": "UJN8D8U3B",
            "ts": "1589539743.000000"
        },
        "blocks": [
            {
                "type": "rich_text",
                "block_id": "\/21",
                "elements": [
                    {
                        "type": "rich_text_section",
                        "elements": [
                            {
                                "type": "text",
                                "text": "Que buenos recuerdos Andrés, muchas gracias. Con tu permiso los he copiado en la sección de mod_harbour en los foros de FiveTech para que queden para la posteridad "
                            },
                            {
                                "type": "emoji",
                                "name": "slightly_smiling_face"
                            }
                        ]
                    }
                ]
            }
        ]
    },
    {
        "client_msg_id": "a1bd227f-9fdd-44a2-8146-6b956d6f709c",
        "type": "message",
        "text": "<http:\/\/forums.fivetechsupport.com\/viewtopic.php?f=46&amp;t=38962&amp;p=232406#p232406>",
        "user": "UJN8D8U3B",
        "ts": "1589539709.211000",
        "team": "TJH5YU202",
        "user_team": "TJH5YU202",
        "source_team": "TJH5YU202",
        "user_profile": {
            "avatar_hash": "g92ad2abcc45",
            "image_72": "https:\/\/secure.gravatar.com\/avatar\/8492ad2abcc45ce53969adcf8420acde.jpg?s=72&d=https%3A%2F%2Fa.slack-edge.com%2Fdf10d%2Fimg%2Favatars%2Fava_0008-72.png",
            "first_name": "",
            "real_name": "Antonio Linares",
            "display_name": "Antonio Linares",
            "team": "TJH5YU202",
            "name": "alinares",
            "is_restricted": false,
            "is_ultra_restricted": false
        },
        "blocks": [
            {
                "type": "rich_text",
                "block_id": "usHN",
                "elements": [
                    {
                        "type": "rich_text_section",
                        "elements": [
                            {
                                "type": "link",
                                "url": "http:\/\/forums.fivetechsupport.com\/viewtopic.php?f=46&t=38962&p=232406#p232406"
                            }
                        ]
                    }
                ]
            }
        ]
    },
    {
        "client_msg_id": "6babd208-326f-403e-8569-8a348f1da1a0",
        "type": "message",
        "text": "NO puedo abrir mas. Aun con todas las trances se me cuelan 50 spammers por dia",
        "user": "UM81W8B0Q",
        "ts": "1589544493.211600",
        "team": "TJH5YU202",
        "user_team": "TJH5YU202",
        "source_team": "TJH5YU202",
        "user_profile": {
            "avatar_hash": "gab9279ee8c0",
            "image_72": "https:\/\/secure.gravatar.com\/avatar\/73ab9279ee8c00f66ce4904d30146c8f.jpg?s=72&d=https%3A%2F%2Fa.slack-edge.com%2Fdf10d%2Fimg%2Favatars%2Fava_0010-72.png",
            "first_name": "",
            "real_name": "Angel Pais",
            "display_name": "Angel Pais",
            "team": "TJH5YU202",
            "name": "amigosam",
            "is_restricted": false,
            "is_ultra_restricted": false
        },
        "blocks": [
            {
                "type": "rich_text",
                "block_id": "kTi",
                "elements": [
                    {
                        "type": "rich_text_section",
                        "elements": [
                            {
                                "type": "text",
                                "text": "NO puedo abrir mas. Aun con todas las trances se me cuelan 50 spammers por dia"
                            }
                        ]
                    }
                ]
            }
        ]
    },
    {
        "client_msg_id": "b712b607-8cbb-4d49-a622-51b4c81a6e35",
        "type": "message",
        "text": "En los foros de FiveTech modifiqué los capchas a \"mano\" para detenerles. A veces entra alguno, pero comprobamos el email y por ahi les paramos... :slightly_smiling_face:",
        "user": "UJN8D8U3B",
        "ts": "1589545804.212800",
        "team": "TJH5YU202",
        "user_team": "TJH5YU202",
        "source_team": "TJH5YU202",
        "user_profile": {
            "avatar_hash": "g92ad2abcc45",
            "image_72": "https:\/\/secure.gravatar.com\/avatar\/8492ad2abcc45ce53969adcf8420acde.jpg?s=72&d=https%3A%2F%2Fa.slack-edge.com%2Fdf10d%2Fimg%2Favatars%2Fava_0008-72.png",
            "first_name": "",
            "real_name": "Antonio Linares",
            "display_name": "Antonio Linares",
            "team": "TJH5YU202",
            "name": "alinares",
            "is_restricted": false,
            "is_ultra_restricted": false
        },
        "edited": {
            "user": "UJN8D8U3B",
            "ts": "1589545828.000000"
        },
        "blocks": [
            {
                "type": "rich_text",
                "block_id": "eEs",
                "elements": [
                    {
                        "type": "rich_text_section",
                        "elements": [
                            {
                                "type": "text",
                                "text": "En los foros de FiveTech modifiqué los capchas a \"mano\" para detenerles. A veces entra alguno, pero comprobamos el email y por ahi les paramos... "
                            },
                            {
                                "type": "emoji",
                                "name": "slightly_smiling_face"
                            }
                        ]
                    }
                ]
            }
        ]
    },
    {
        "client_msg_id": "85d21622-66b0-48ec-aeca-9701b061a0f9",
        "type": "message",
        "text": "Además de ser el cumpleaños de Mod-Harbour, da la casualidad que:\n&gt; Universalmente, la familia sigue siendo considerada aún como la unidad básica de la sociedad. Es uno de los vínculos afectivos más poderosos. El *Día Internacional de la Familia,* que se celebra todos los años *el día 15 de mayo*, fue proclamado por la Asamblea General de las Naciones Unidas en su resolución 47\/237 del 20 de septiembre de 1993, con el objetivo de aumentar el grado de concienciación acerca de los temas relacionados con la <https:\/\/www.guiainfantil.com\/familia\/comunicacion\/34-frases-para-familias-unidas-y-felices-que-te-emocionaran\/|familia> y fomentar los lazos familiares.\n&gt; Felicidades a todos los que se consideran miembros de esta gran familia",
        "user": "UJUJLTWMT",
        "ts": "1589545992.214100",
        "team": "TJH5YU202",
        "user_team": "TJH5YU202",
        "source_team": "TJH5YU202",
        "user_profile": {
            "avatar_hash": "a60e3b1ef2d2",
            "image_72": "https:\/\/avatars.slack-edge.com\/2019-08-20\/726246109489_a60e3b1ef2d2c141969d_72.jpg",
            "first_name": "",
            "real_name": "Cristobal",
            "display_name": "Cristobal",
            "team": "TJH5YU202",
            "name": "navarro.cristobal",
            "is_restricted": false,
            "is_ultra_restricted": false
        },
        "attachments": [
            {
                "service_name": "Guiainfantil.com",
                "title": "34 frases para familias unidas y felices que te emocionarán",
                "title_link": "https:\/\/www.guiainfantil.com\/familia\/comunicacion\/34-frases-para-familias-unidas-y-felices-que-te-emocionaran\/",
                "text": "Te presentamos 34 frases para familias unidas y felices que te emocionarán y con las que podrás agradecerles a tus padres, abuelos, tíos, primos o hermanos lo que hacen por ti. Además hemos preparado para ti una selección de poemas cortos para recitar en familia.",
                "fallback": "Guiainfantil.com: 34 frases para familias unidas y felices que te emocionarán",
                "image_url": "https:\/\/static.guiainfantil.com\/media\/17055\/frases-familia.jpg",
                "from_url": "https:\/\/www.guiainfantil.com\/familia\/comunicacion\/34-frases-para-familias-unidas-y-felices-que-te-emocionaran\/",
                "image_width": 476,
                "image_height": 250,
                "image_bytes": 541464,
                "service_icon": "https:\/\/www.guiainfantil.com\/favicon.ico",
                "id": 1,
                "original_url": "https:\/\/www.guiainfantil.com\/familia\/comunicacion\/34-frases-para-familias-unidas-y-felices-que-te-emocionaran\/"
            }
        ],
        "blocks": [
            {
                "type": "rich_text",
                "block_id": "pUxMO",
                "elements": [
                    {
                        "type": "rich_text_section",
                        "elements": [
                            {
                                "type": "text",
                                "text": "Además de ser el cumpleaños de Mod-Harbour, da la casualidad que:\n"
                            }
                        ]
                    },
                    {
                        "type": "rich_text_quote",
                        "elements": [
                            {
                                "type": "text",
                                "text": "Universalmente, la familia sigue siendo considerada aún como la unidad básica de la sociedad. Es uno de los vínculos afectivos más poderosos. El "
                            },
                            {
                                "type": "text",
                                "text": "Día Internacional de la Familia, ",
                                "style": {
                                    "bold": true
                                }
                            },
                            {
                                "type": "text",
                                "text": "que se celebra todos los años "
                            },
                            {
                                "type": "text",
                                "text": "el día 15 de mayo",
                                "style": {
                                    "bold": true
                                }
                            },
                            {
                                "type": "text",
                                "text": ", fue proclamado por la Asamblea General de las Naciones Unidas en su resolución 47\/237 del 20 de septiembre de 1993, con el objetivo de aumentar el grado de concienciación acerca de los temas relacionados con la "
                            },
                            {
                                "type": "link",
                                "url": "https:\/\/www.guiainfantil.com\/familia\/comunicacion\/34-frases-para-familias-unidas-y-felices-que-te-emocionaran\/",
                                "text": "familia"
                            },
                            {
                                "type": "text",
                                "text": " y fomentar los lazos familiares.\nFelicidades a todos los que se consideran miembros de esta gran familia"
                            }
                        ]
                    }
                ]
            }
        ],
        "reactions": [
            {
                "name": "clap",
                "users": [
                    "UM81W8B0Q",
                    "UJULQCHL5"
                ],
                "count": 2
            }
        ]
    },
    {
        "client_msg_id": "ab0a0308-f314-40d5-a8db-f95eaec66fd7",
        "type": "message",
        "text": "Un buen dia para cambiar la licencia de mod_harbour:",
        "user": "UJN8D8U3B",
        "ts": "1589547106.214700",
        "team": "TJH5YU202",
        "user_team": "TJH5YU202",
        "source_team": "TJH5YU202",
        "user_profile": {
            "avatar_hash": "g92ad2abcc45",
            "image_72": "https:\/\/secure.gravatar.com\/avatar\/8492ad2abcc45ce53969adcf8420acde.jpg?s=72&d=https%3A%2F%2Fa.slack-edge.com%2Fdf10d%2Fimg%2Favatars%2Fava_0008-72.png",
            "first_name": "",
            "real_name": "Antonio Linares",
            "display_name": "Antonio Linares",
            "team": "TJH5YU202",
            "name": "alinares",
            "is_restricted": false,
            "is_ultra_restricted": false
        },
        "blocks": [
            {
                "type": "rich_text",
                "block_id": "Kluv",
                "elements": [
                    {
                        "type": "rich_text_section",
                        "elements": [
                            {
                                "type": "text",
                                "text": "Un buen dia para cambiar la licencia de mod_harbour:"
                            }
                        ]
                    }
                ]
            }
        ]
    },
    {
        "client_msg_id": "42fb778c-75ef-420b-9ede-c94f2cb188c1",
        "type": "message",
        "text": "(c) The Harbour Project, since the beginning - up to...\nThe seed was placed in Calpe, thanks to Jose Luis Sanchez.\nAntonio Linares supervised the technical side, Carles Aubia supervised its functionality and requirements\nand the new generations as Diego, Lorenzo, Andreu, and others provided strength, nice ideas and entusiasm!",
        "user": "UJN8D8U3B",
        "ts": "1589547109.214900",
        "team": "TJH5YU202",
        "user_team": "TJH5YU202",
        "source_team": "TJH5YU202",
        "user_profile": {
            "avatar_hash": "g92ad2abcc45",
            "image_72": "https:\/\/secure.gravatar.com\/avatar\/8492ad2abcc45ce53969adcf8420acde.jpg?s=72&d=https%3A%2F%2Fa.slack-edge.com%2Fdf10d%2Fimg%2Favatars%2Fava_0008-72.png",
            "first_name": "",
            "real_name": "Antonio Linares",
            "display_name": "Antonio Linares",
            "team": "TJH5YU202",
            "name": "alinares",
            "is_restricted": false,
            "is_ultra_restricted": false
        },
        "blocks": [
            {
                "type": "rich_text",
                "block_id": "IMZ6Y",
                "elements": [
                    {
                        "type": "rich_text_section",
                        "elements": [
                            {
                                "type": "text",
                                "text": "(c) The Harbour Project, since the beginning - up to...\nThe seed was placed in Calpe, thanks to Jose Luis Sanchez.\nAntonio Linares supervised the technical side, Carles Aubia supervised its functionality and requirements\nand the new generations as Diego, Lorenzo, Andreu, and others provided strength, nice ideas and entusiasm!"
                            }
                        ]
                    }
                ]
            }
        ],
        "reactions": [
            {
                "name": "+1",
                "users": [
                    "UMZ3LNV5Z"
                ],
                "count": 1
            }
        ]
    },
    {
        "client_msg_id": "4f6d9b3d-b870-4304-a3bb-f975a39e06c2",
        "type": "message",
        "text": "Buenos dias a todos y felicitaciones al equipo de ModHarbour aca en México :flag-mx: el dia de hoy se celebra el día del maestro.",
        "user": "UK28N3CER",
        "ts": "1589547493.217700",
        "team": "TJH5YU202",
        "user_team": "TJH5YU202",
        "source_team": "TJH5YU202",
        "user_profile": {
            "avatar_hash": "0eafa7153ff3",
            "image_72": "https:\/\/avatars.slack-edge.com\/2020-05-18\/1155120542496_0eafa7153ff35206c804_72.jpg",
            "first_name": "Cesar",
            "real_name": "Cesar SysCtrl Software",
            "display_name": "Cesar SysCtrl Software",
            "team": "TJH5YU202",
            "name": "sysctrlsoftware",
            "is_restricted": false,
            "is_ultra_restricted": false
        },
        "blocks": [
            {
                "type": "rich_text",
                "block_id": "IK3Fe",
                "elements": [
                    {
                        "type": "rich_text_section",
                        "elements": [
                            {
                                "type": "text",
                                "text": "Buenos dias a todos y felicitaciones al equipo de ModHarbour aca en México "
                            },
                            {
                                "type": "emoji",
                                "name": "flag-mx"
                            },
                            {
                                "type": "text",
                                "text": " el dia de hoy se celebra el día del maestro."
                            }
                        ]
                    }
                ]
            }
        ]
    },
    {
        "client_msg_id": "6cb27d94-e488-4abc-b0b1-220f55d90ef0",
        "type": "message",
        "text": "Buenos dias, Felicitaciones a todos los que forman parte de este fantastico proyecto un aniversario lleno de espectativas un abrazo a todos en horabuena !!",
        "user": "UJXP7LS78",
        "ts": "1589555320.218800",
        "team": "TJH5YU202",
        "user_team": "TJH5YU202",
        "source_team": "TJH5YU202",
        "user_profile": {
            "avatar_hash": "gc4a0baebb72",
            "image_72": "https:\/\/secure.gravatar.com\/avatar\/a1c4a0baebb720b97e5a197259dbf409.jpg?s=72&d=https%3A%2F%2Fa.slack-edge.com%2Fdf10d%2Fimg%2Favatars%2Fava_0007-72.png",
            "first_name": "",
            "real_name": "wilson gamboa",
            "display_name": "wilson gamboa",
            "team": "TJH5YU202",
            "name": "wilson.josenet",
            "is_restricted": false,
            "is_ultra_restricted": false
        },
        "blocks": [
            {
                "type": "rich_text",
                "block_id": "QjeK",
                "elements": [
                    {
                        "type": "rich_text_section",
                        "elements": [
                            {
                                "type": "text",
                                "text": "Buenos dias, Felicitaciones a todos los que forman parte de este fantastico proyecto un aniversario lleno de espectativas un abrazo a todos en horabuena !!"
                            }
                        ]
                    }
                ]
            }
        ]
    },
    {
        "type": "message",
        "text": "",
        "files": [
            {
                "id": "F014EUTJEFJ",
                "created": 1589560028,
                "timestamp": 1589560028,
                "name": "20200515_182653.jpg",
                "title": "Imagen de Android",
                "mimetype": "image\/jpeg",
                "filetype": "jpg",
                "pretty_type": "JPEG",
                "user": "UJWR5N32S",
                "editable": false,
                "size": 298290,
                "mode": "hosted",
                "is_external": false,
                "external_type": "",
                "is_public": true,
                "public_url_shared": false,
                "display_as_bot": false,
                "username": "",
                "url_private": "https:\/\/files.slack.com\/files-pri\/TJH5YU202-F014EUTJEFJ\/20200515_182653.jpg?t=xoxe-629202954002-1183293690563-1183293711699-bad0c83802ec68402d6030a1e442ae77",
                "url_private_download": "https:\/\/files.slack.com\/files-pri\/TJH5YU202-F014EUTJEFJ\/download\/20200515_182653.jpg?t=xoxe-629202954002-1183293690563-1183293711699-bad0c83802ec68402d6030a1e442ae77",
                "thumb_64": "https:\/\/files.slack.com\/files-tmb\/TJH5YU202-F014EUTJEFJ-17cb3442a2\/20200515_182653_64.jpg?t=xoxe-629202954002-1183293690563-1183293711699-bad0c83802ec68402d6030a1e442ae77",
                "thumb_80": "https:\/\/files.slack.com\/files-tmb\/TJH5YU202-F014EUTJEFJ-17cb3442a2\/20200515_182653_80.jpg?t=xoxe-629202954002-1183293690563-1183293711699-bad0c83802ec68402d6030a1e442ae77",
                "thumb_360": "https:\/\/files.slack.com\/files-tmb\/TJH5YU202-F014EUTJEFJ-17cb3442a2\/20200515_182653_360.jpg?t=xoxe-629202954002-1183293690563-1183293711699-bad0c83802ec68402d6030a1e442ae77",
                "thumb_360_w": 360,
                "thumb_360_h": 268,
                "thumb_480": "https:\/\/files.slack.com\/files-tmb\/TJH5YU202-F014EUTJEFJ-17cb3442a2\/20200515_182653_480.jpg?t=xoxe-629202954002-1183293690563-1183293711699-bad0c83802ec68402d6030a1e442ae77",
                "thumb_480_w": 480,
                "thumb_480_h": 358,
                "thumb_160": "https:\/\/files.slack.com\/files-tmb\/TJH5YU202-F014EUTJEFJ-17cb3442a2\/20200515_182653_160.jpg?t=xoxe-629202954002-1183293690563-1183293711699-bad0c83802ec68402d6030a1e442ae77",
                "thumb_720": "https:\/\/files.slack.com\/files-tmb\/TJH5YU202-F014EUTJEFJ-17cb3442a2\/20200515_182653_720.jpg?t=xoxe-629202954002-1183293690563-1183293711699-bad0c83802ec68402d6030a1e442ae77",
                "thumb_720_w": 720,
                "thumb_720_h": 537,
                "thumb_800": "https:\/\/files.slack.com\/files-tmb\/TJH5YU202-F014EUTJEFJ-17cb3442a2\/20200515_182653_800.jpg?t=xoxe-629202954002-1183293690563-1183293711699-bad0c83802ec68402d6030a1e442ae77",
                "thumb_800_w": 800,
                "thumb_800_h": 597,
                "thumb_960": "https:\/\/files.slack.com\/files-tmb\/TJH5YU202-F014EUTJEFJ-17cb3442a2\/20200515_182653_960.jpg?t=xoxe-629202954002-1183293690563-1183293711699-bad0c83802ec68402d6030a1e442ae77",
                "thumb_960_w": 960,
                "thumb_960_h": 716,
                "thumb_1024": "https:\/\/files.slack.com\/files-tmb\/TJH5YU202-F014EUTJEFJ-17cb3442a2\/20200515_182653_1024.jpg?t=xoxe-629202954002-1183293690563-1183293711699-bad0c83802ec68402d6030a1e442ae77",
                "thumb_1024_w": 1024,
                "thumb_1024_h": 764,
                "original_w": 2560,
                "original_h": 1909,
                "thumb_tiny": "AwAjADBAKeKYKcDSGSCnrjFRg09aAJFP0qQEGol6U8GgChmnCmiloAeOlPU1GDTgcUASg04HmolNOzzQBTyaNxpKKAHbj60u9vWm0tIY4O3rSNK\/979KSmtQB\/\/Z",
                "permalink": "https:\/\/harbourproject.slack.com\/files\/UJWR5N32S\/F014EUTJEFJ\/20200515_182653.jpg",
                "permalink_public": "https:\/\/slack-files.com\/TJH5YU202-F014EUTJEFJ-bfd5a2a0f0",
                "is_starred": false,
                "has_rich_preview": false
            }
        ],
        "upload": true,
        "user": "UJWR5N32S",
        "display_as_bot": false,
        "ts": "1589560032.219400",
        "client_msg_id": "d0cc01e9-5905-4d54-9858-2007830ff5a9"
    },
    {
        "client_msg_id": "2526f969-77d0-4839-8701-d789e1e61384",
        "type": "message",
        "text": "<https:\/\/modharbour.app\/>",
        "user": "UJWR5N32S",
        "ts": "1589560815.220000",
        "team": "TJH5YU202",
        "user_team": "TJH5YU202",
        "source_team": "TJH5YU202",
        "user_profile": {
            "avatar_hash": "273d3745f7ae",
            "image_72": "https:\/\/avatars.slack-edge.com\/2019-05-20\/634344238497_273d3745f7ae1b176b82_72.jpg",
            "first_name": "Charly",
            "real_name": "Charly",
            "display_name": "Charly",
            "team": "TJH5YU202",
            "name": "carles9000",
            "is_restricted": false,
            "is_ultra_restricted": false
        },
        "attachments": [
            {
                "title": "modHarbour App",
                "title_link": "https:\/\/modharbour.app\/",
                "text": "modharbour es un mod apache para ayudarnos a crear nuestro servidor web para ayudarnos a programar nuestras aplicaciones usando Harbour y comandos xBase, siendo la solución mas rápida implementar sus propias soluciones web",
                "fallback": "modHarbour App",
                "from_url": "https:\/\/modharbour.app\/",
                "service_icon": "https:\/\/modharbour.app\/web\/images\/favicon.ico",
                "service_name": "modharbour.app",
                "id": 1,
                "original_url": "https:\/\/modharbour.app\/"
            }
        ],
        "blocks": [
            {
                "type": "rich_text",
                "block_id": "5E9mn",
                "elements": [
                    {
                        "type": "rich_text_section",
                        "elements": [
                            {
                                "type": "link",
                                "url": "https:\/\/modharbour.app\/"
                            }
                        ]
                    }
                ]
            }
        ],
        "reactions": [
            {
                "name": "heavy_check_mark",
                "users": [
                    "UJUSD6VB2"
                ],
                "count": 1
            }
        ]
    },
    {
        "client_msg_id": "46508b21-5dab-4fa7-b9ce-4cb5df7e4055",
        "type": "message",
        "text": "<https:\/\/modharbour.app\/compass\/>",
        "user": "UJWR5N32S",
        "ts": "1589560827.220300",
        "team": "TJH5YU202",
        "user_team": "TJH5YU202",
        "source_team": "TJH5YU202",
        "user_profile": {
            "avatar_hash": "273d3745f7ae",
            "image_72": "https:\/\/avatars.slack-edge.com\/2019-05-20\/634344238497_273d3745f7ae1b176b82_72.jpg",
            "first_name": "Charly",
            "real_name": "Charly",
            "display_name": "Charly",
            "team": "TJH5YU202",
            "name": "carles9000",
            "is_restricted": false,
            "is_ultra_restricted": false
        },
        "attachments": [
            {
                "title": "Compass v0.1",
                "title_link": "https:\/\/modharbour.app\/compass\/",
                "text": "Compass is my site to shared with you all my experiences with mod Harbour",
                "fallback": "Compass v0.1",
                "from_url": "https:\/\/modharbour.app\/compass\/",
                "service_icon": "https:\/\/modharbour.app\/compass\/images\/brujula.ico",
                "service_name": "modharbour.app",
                "id": 1,
                "original_url": "https:\/\/modharbour.app\/compass\/"
            }
        ],
        "blocks": [
            {
                "type": "rich_text",
                "block_id": "Lbb",
                "elements": [
                    {
                        "type": "rich_text_section",
                        "elements": [
                            {
                                "type": "link",
                                "url": "https:\/\/modharbour.app\/compass\/"
                            }
                        ]
                    }
                ]
            }
        ]
    },
    {
        "client_msg_id": "b4e0d3cc-0e04-492b-9d4b-c5bc1331fe2b",
        "type": "message",
        "text": "buy bueno charly",
        "user": "UK28N3CER",
        "ts": "1589562685.220600",
        "team": "TJH5YU202",
        "user_team": "TJH5YU202",
        "source_team": "TJH5YU202",
        "user_profile": {
            "avatar_hash": "0eafa7153ff3",
            "image_72": "https:\/\/avatars.slack-edge.com\/2020-05-18\/1155120542496_0eafa7153ff35206c804_72.jpg",
            "first_name": "Cesar",
            "real_name": "Cesar SysCtrl Software",
            "display_name": "Cesar SysCtrl Software",
            "team": "TJH5YU202",
            "name": "sysctrlsoftware",
            "is_restricted": false,
            "is_ultra_restricted": false
        },
        "blocks": [
            {
                "type": "rich_text",
                "block_id": "qP26",
                "elements": [
                    {
                        "type": "rich_text_section",
                        "elements": [
                            {
                                "type": "text",
                                "text": "buy bueno charly"
                            }
                        ]
                    }
                ]
            }
        ]
    },
    {
        "client_msg_id": "3830086e-2852-4919-909c-e23525b74753",
        "type": "message",
        "text": "Hola.. hay alguna guia de como agregar una LIB de terceros a mod_harbour ?",
        "user": "UJU5KF40L",
        "ts": "1589562969.221300",
        "team": "TJH5YU202",
        "user_team": "TJH5YU202",
        "source_team": "TJH5YU202",
        "user_profile": {
            "avatar_hash": "g4ed10b5a0fa",
            "image_72": "https:\/\/secure.gravatar.com\/avatar\/7d4ed10b5a0fad78716e154511597ff9.jpg?s=72&d=https%3A%2F%2Fa.slack-edge.com%2Fdf10d%2Fimg%2Favatars%2Fava_0021-72.png",
            "first_name": "Gabriel",
            "real_name": "Gabriel Ornelas",
            "display_name": "GabO",
            "team": "TJH5YU202",
            "name": "gabrielornelasm",
            "is_restricted": false,
            "is_ultra_restricted": false
        },
        "blocks": [
            {
                "type": "rich_text",
                "block_id": "IxvKH",
                "elements": [
                    {
                        "type": "rich_text_section",
                        "elements": [
                            {
                                "type": "text",
                                "text": "Hola.. hay alguna guia de como agregar una LIB de terceros a mod_harbour ?"
                            }
                        ]
                    }
                ]
            }
        ]
    },
    {
        "client_msg_id": "8683907c-96bd-4189-86e9-3b89d537f160",
        "type": "message",
        "text": "Si puedes agregarla a un programa harbour, puedes cargar ese hrb con mod_harbour",
        "user": "UNAHBRTFA",
        "ts": "1589563109.222400",
        "team": "TJH5YU202",
        "user_team": "TJH5YU202",
        "source_team": "TJH5YU202",
        "user_profile": {
            "avatar_hash": "g3d2a3f4c28c",
            "image_72": "https:\/\/secure.gravatar.com\/avatar\/23d2a3f4c28cebb4cf07e48d02620517.jpg?s=72&d=https%3A%2F%2Fa.slack-edge.com%2Fdf10d%2Fimg%2Favatars%2Fava_0020-72.png",
            "first_name": "Andreu",
            "real_name": "Andreu Botella",
            "display_name": "Andreu Botella",
            "team": "TJH5YU202",
            "name": "andreu.132",
            "is_restricted": false,
            "is_ultra_restricted": false
        },
        "blocks": [
            {
                "type": "rich_text",
                "block_id": "SnxoO",
                "elements": [
                    {
                        "type": "rich_text_section",
                        "elements": [
                            {
                                "type": "text",
                                "text": "Si puedes agregarla a un programa harbour, puedes cargar ese hrb con mod_harbour"
                            }
                        ]
                    }
                ]
            }
        ]
    },
    {
        "client_msg_id": "ca608bc8-2460-45fb-a3f2-17125e7b27c2",
        "type": "message",
        "text": "Por ejemplo para usar SQLite con solo crear los modulos hrb ya la puedo usar ?",
        "user": "UJU5KF40L",
        "ts": "1589563904.223200",
        "team": "TJH5YU202",
        "user_team": "TJH5YU202",
        "source_team": "TJH5YU202",
        "user_profile": {
            "avatar_hash": "g4ed10b5a0fa",
            "image_72": "https:\/\/secure.gravatar.com\/avatar\/7d4ed10b5a0fad78716e154511597ff9.jpg?s=72&d=https%3A%2F%2Fa.slack-edge.com%2Fdf10d%2Fimg%2Favatars%2Fava_0021-72.png",
            "first_name": "Gabriel",
            "real_name": "Gabriel Ornelas",
            "display_name": "GabO",
            "team": "TJH5YU202",
            "name": "gabrielornelasm",
            "is_restricted": false,
            "is_ultra_restricted": false
        },
        "blocks": [
            {
                "type": "rich_text",
                "block_id": "RND",
                "elements": [
                    {
                        "type": "rich_text_section",
                        "elements": [
                            {
                                "type": "text",
                                "text": "Por ejemplo para usar SQLite con solo crear los modulos hrb ya la puedo usar ?"
                            }
                        ]
                    }
                ]
            }
        ]
    },
    {
        "client_msg_id": "0286f1ba-c596-4275-9b80-2eb666db2c55",
        "type": "message",
        "text": "si la incluyes como librería estática sí",
        "user": "UNAHBRTFA",
        "ts": "1589564024.224300",
        "team": "TJH5YU202",
        "user_team": "TJH5YU202",
        "source_team": "TJH5YU202",
        "user_profile": {
            "avatar_hash": "g3d2a3f4c28c",
            "image_72": "https:\/\/secure.gravatar.com\/avatar\/23d2a3f4c28cebb4cf07e48d02620517.jpg?s=72&d=https%3A%2F%2Fa.slack-edge.com%2Fdf10d%2Fimg%2Favatars%2Fava_0020-72.png",
            "first_name": "Andreu",
            "real_name": "Andreu Botella",
            "display_name": "Andreu Botella",
            "team": "TJH5YU202",
            "name": "andreu.132",
            "is_restricted": false,
            "is_ultra_restricted": false
        },
        "blocks": [
            {
                "type": "rich_text",
                "block_id": "fQb=",
                "elements": [
                    {
                        "type": "rich_text_section",
                        "elements": [
                            {
                                "type": "text",
                                "text": "si la incluyes como librería estática sí"
                            }
                        ]
                    }
                ]
            }
        ]
    },
    {
        "client_msg_id": "3a14488e-8591-494c-8e40-a107ff6f975c",
        "type": "message",
        "text": "como librería dinámica sospecho que también",
        "user": "UNAHBRTFA",
        "ts": "1589564031.224600",
        "team": "TJH5YU202",
        "user_team": "TJH5YU202",
        "source_team": "TJH5YU202",
        "user_profile": {
            "avatar_hash": "g3d2a3f4c28c",
            "image_72": "https:\/\/secure.gravatar.com\/avatar\/23d2a3f4c28cebb4cf07e48d02620517.jpg?s=72&d=https%3A%2F%2Fa.slack-edge.com%2Fdf10d%2Fimg%2Favatars%2Fava_0020-72.png",
            "first_name": "Andreu",
            "real_name": "Andreu Botella",
            "display_name": "Andreu Botella",
            "team": "TJH5YU202",
            "name": "andreu.132",
            "is_restricted": false,
            "is_ultra_restricted": false
        },
        "blocks": [
            {
                "type": "rich_text",
                "block_id": "c=n",
                "elements": [
                    {
                        "type": "rich_text_section",
                        "elements": [
                            {
                                "type": "text",
                                "text": "como librería dinámica sospecho que también"
                            }
                        ]
                    }
                ]
            }
        ]
    },
    {
        "client_msg_id": "44210eb7-c49c-4742-8f9e-719bb5d002f0",
        "type": "message",
        "text": "bueno lo intentare gracias",
        "user": "UJU5KF40L",
        "ts": "1589564061.225200",
        "team": "TJH5YU202",
        "user_team": "TJH5YU202",
        "source_team": "TJH5YU202",
        "user_profile": {
            "avatar_hash": "g4ed10b5a0fa",
            "image_72": "https:\/\/secure.gravatar.com\/avatar\/7d4ed10b5a0fad78716e154511597ff9.jpg?s=72&d=https%3A%2F%2Fa.slack-edge.com%2Fdf10d%2Fimg%2Favatars%2Fava_0021-72.png",
            "first_name": "Gabriel",
            "real_name": "Gabriel Ornelas",
            "display_name": "GabO",
            "team": "TJH5YU202",
            "name": "gabrielornelasm",
            "is_restricted": false,
            "is_ultra_restricted": false
        },
        "blocks": [
            {
                "type": "rich_text",
                "block_id": "QvUoP",
                "elements": [
                    {
                        "type": "rich_text_section",
                        "elements": [
                            {
                                "type": "text",
                                "text": "bueno lo intentare gracias"
                            }
                        ]
                    }
                ]
            }
        ]
    },
    {
        "client_msg_id": "f741cfca-d16f-4999-9408-b76e13b39b9e",
        "type": "message",
        "text": "pero ahí ya puede influir la configuración de apache y demás",
        "user": "UNAHBRTFA",
        "ts": "1589564062.225300",
        "team": "TJH5YU202",
        "user_team": "TJH5YU202",
        "source_team": "TJH5YU202",
        "user_profile": {
            "avatar_hash": "g3d2a3f4c28c",
            "image_72": "https:\/\/secure.gravatar.com\/avatar\/23d2a3f4c28cebb4cf07e48d02620517.jpg?s=72&d=https%3A%2F%2Fa.slack-edge.com%2Fdf10d%2Fimg%2Favatars%2Fava_0020-72.png",
            "first_name": "Andreu",
            "real_name": "Andreu Botella",
            "display_name": "Andreu Botella",
            "team": "TJH5YU202",
            "name": "andreu.132",
            "is_restricted": false,
            "is_ultra_restricted": false
        },
        "blocks": [
            {
                "type": "rich_text",
                "block_id": "\/tyCd",
                "elements": [
                    {
                        "type": "rich_text_section",
                        "elements": [
                            {
                                "type": "text",
                                "text": "pero ahí ya puede influir la configuración de apache y demás"
                            }
                        ]
                    }
                ]
            }
        ]
    },
    {
        "client_msg_id": "024e17d0-5c15-4a70-9cb0-9bb516b87e96",
        "type": "message",
        "text": "Veo que para en la creacion de mod_harbour se agrega ssl y curl.. En teoria no es lo mismo ?",
        "user": "UJU5KF40L",
        "ts": "1589564272.226200",
        "team": "TJH5YU202",
        "user_team": "TJH5YU202",
        "source_team": "TJH5YU202",
        "user_profile": {
            "avatar_hash": "g4ed10b5a0fa",
            "image_72": "https:\/\/secure.gravatar.com\/avatar\/7d4ed10b5a0fad78716e154511597ff9.jpg?s=72&d=https%3A%2F%2Fa.slack-edge.com%2Fdf10d%2Fimg%2Favatars%2Fava_0021-72.png",
            "first_name": "Gabriel",
            "real_name": "Gabriel Ornelas",
            "display_name": "GabO",
            "team": "TJH5YU202",
            "name": "gabrielornelasm",
            "is_restricted": false,
            "is_ultra_restricted": false
        },
        "blocks": [
            {
                "type": "rich_text",
                "block_id": "OO=7",
                "elements": [
                    {
                        "type": "rich_text_section",
                        "elements": [
                            {
                                "type": "text",
                                "text": "Veo que para en la creacion de mod_harbour se agrega ssl y curl.. En teoria no es lo mismo ?"
                            }
                        ]
                    }
                ]
            }
        ]
    },
    {
        "client_msg_id": "903c304a-7ac1-4640-9b14-5e342b93116b",
        "type": "message",
        "text": "creo que ssl y curl se incluyen como librerías estáticas",
        "user": "UNAHBRTFA",
        "ts": "1589564309.226600",
        "team": "TJH5YU202",
        "user_team": "TJH5YU202",
        "source_team": "TJH5YU202",
        "user_profile": {
            "avatar_hash": "g3d2a3f4c28c",
            "image_72": "https:\/\/secure.gravatar.com\/avatar\/23d2a3f4c28cebb4cf07e48d02620517.jpg?s=72&d=https%3A%2F%2Fa.slack-edge.com%2Fdf10d%2Fimg%2Favatars%2Fava_0020-72.png",
            "first_name": "Andreu",
            "real_name": "Andreu Botella",
            "display_name": "Andreu Botella",
            "team": "TJH5YU202",
            "name": "andreu.132",
            "is_restricted": false,
            "is_ultra_restricted": false
        },
        "blocks": [
            {
                "type": "rich_text",
                "block_id": "59szM",
                "elements": [
                    {
                        "type": "rich_text_section",
                        "elements": [
                            {
                                "type": "text",
                                "text": "creo que ssl y curl se incluyen como librerías estáticas"
                            }
                        ]
                    }
                ]
            }
        ]
    },
    {
        "client_msg_id": "0d914aca-9aaf-4999-b3c1-27c5c1a456a7",
        "type": "message",
        "text": "al menos en windows son librerías de importación, lo que pasa es que apache tambien usa las dll de openssl",
        "user": "UMZ3LNV5Z",
        "ts": "1589564869.227600",
        "team": "TJH5YU202",
        "user_team": "TJH5YU202",
        "source_team": "TJH5YU202",
        "user_profile": {
            "avatar_hash": "0705cbdb2dc9",
            "image_72": "https:\/\/avatars.slack-edge.com\/2020-02-24\/967980533062_0705cbdb2dc9cb3644bb_72.jpg",
            "first_name": "Pablo",
            "real_name": "Pablo Botella",
            "display_name": "Pablo Botella",
            "team": "TJH5YU202",
            "name": "pb",
            "is_restricted": false,
            "is_ultra_restricted": false
        },
        "edited": {
            "user": "UMZ3LNV5Z",
            "ts": "1589564991.000000"
        },
        "blocks": [
            {
                "type": "rich_text",
                "block_id": "aeZoj",
                "elements": [
                    {
                        "type": "rich_text_section",
                        "elements": [
                            {
                                "type": "text",
                                "text": "al menos en windows son librerías de importación, lo que pasa es que apache tambien usa las dll de openssl"
                            }
                        ]
                    }
                ]
            }
        ]
    },
    {
        "client_msg_id": "8bbe9870-5802-400c-9e6d-4da5dda8b134",
        "type": "message",
        "text": "buenas tardes",
        "user": "UJXP7LS78",
        "ts": "1589571324.228100",
        "team": "TJH5YU202",
        "user_team": "TJH5YU202",
        "source_team": "TJH5YU202",
        "user_profile": {
            "avatar_hash": "gc4a0baebb72",
            "image_72": "https:\/\/secure.gravatar.com\/avatar\/a1c4a0baebb720b97e5a197259dbf409.jpg?s=72&d=https%3A%2F%2Fa.slack-edge.com%2Fdf10d%2Fimg%2Favatars%2Fava_0007-72.png",
            "first_name": "",
            "real_name": "wilson gamboa",
            "display_name": "wilson gamboa",
            "team": "TJH5YU202",
            "name": "wilson.josenet",
            "is_restricted": false,
            "is_ultra_restricted": false
        },
        "blocks": [
            {
                "type": "rich_text",
                "block_id": "ebUYg",
                "elements": [
                    {
                        "type": "rich_text_section",
                        "elements": [
                            {
                                "type": "text",
                                "text": "buenas tardes"
                            }
                        ]
                    }
                ]
            }
        ]
    },
    {
        "client_msg_id": "3300a2e9-0400-4ea6-b4d4-851947dcf967",
        "type": "message",
        "text": "un trabajo que ya mismo me toca hacer es",
        "user": "UJXP7LS78",
        "ts": "1589571334.228400",
        "team": "TJH5YU202",
        "user_team": "TJH5YU202",
        "source_team": "TJH5YU202",
        "user_profile": {
            "avatar_hash": "gc4a0baebb72",
            "image_72": "https:\/\/secure.gravatar.com\/avatar\/a1c4a0baebb720b97e5a197259dbf409.jpg?s=72&d=https%3A%2F%2Fa.slack-edge.com%2Fdf10d%2Fimg%2Favatars%2Fava_0007-72.png",
            "first_name": "",
            "real_name": "wilson gamboa",
            "display_name": "wilson gamboa",
            "team": "TJH5YU202",
            "name": "wilson.josenet",
            "is_restricted": false,
            "is_ultra_restricted": false
        },
        "blocks": [
            {
                "type": "rich_text",
                "block_id": "koi",
                "elements": [
                    {
                        "type": "rich_text_section",
                        "elements": [
                            {
                                "type": "text",
                                "text": "un trabajo que ya mismo me toca hacer es"
                            }
                        ]
                    }
                ]
            }
        ]
    },
    {
        "client_msg_id": "b260b5dc-0642-4e98-a7f1-13f5a03939a3",
        "type": "message",
        "text": "teniendo las librerias .lib o .a insertarle en harbour.dll",
        "user": "UJXP7LS78",
        "ts": "1589571361.228900",
        "team": "TJH5YU202",
        "user_team": "TJH5YU202",
        "source_team": "TJH5YU202",
        "user_profile": {
            "avatar_hash": "gc4a0baebb72",
            "image_72": "https:\/\/secure.gravatar.com\/avatar\/a1c4a0baebb720b97e5a197259dbf409.jpg?s=72&d=https%3A%2F%2Fa.slack-edge.com%2Fdf10d%2Fimg%2Favatars%2Fava_0007-72.png",
            "first_name": "",
            "real_name": "wilson gamboa",
            "display_name": "wilson gamboa",
            "team": "TJH5YU202",
            "name": "wilson.josenet",
            "is_restricted": false,
            "is_ultra_restricted": false
        },
        "blocks": [
            {
                "type": "rich_text",
                "block_id": "uih8+",
                "elements": [
                    {
                        "type": "rich_text_section",
                        "elements": [
                            {
                                "type": "text",
                                "text": "teniendo las librerias .lib o .a insertarle en harbour.dll"
                            }
                        ]
                    }
                ]
            }
        ]
    },
    {
        "client_msg_id": "dc57052d-431c-49f6-9341-c86304070fc0",
        "type": "message",
        "text": "todo lo que no sean librerías con pcode lo mejor es cargarlas en el mod  fuera de harbour dll, porque estamos renombrando harbour y cargándolo varias veces en el mismo proceso",
        "user": "UMZ3LNV5Z",
        "ts": "1589572729.230700",
        "team": "TJH5YU202",
        "user_team": "TJH5YU202",
        "source_team": "TJH5YU202",
        "user_profile": {
            "avatar_hash": "0705cbdb2dc9",
            "image_72": "https:\/\/avatars.slack-edge.com\/2020-02-24\/967980533062_0705cbdb2dc9cb3644bb_72.jpg",
            "first_name": "Pablo",
            "real_name": "Pablo Botella",
            "display_name": "Pablo Botella",
            "team": "TJH5YU202",
            "name": "pb",
            "is_restricted": false,
            "is_ultra_restricted": false
        },
        "blocks": [
            {
                "type": "rich_text",
                "block_id": "82OC8",
                "elements": [
                    {
                        "type": "rich_text_section",
                        "elements": [
                            {
                                "type": "text",
                                "text": "todo lo que no sean librerías con pcode lo mejor es cargarlas en el mod  fuera de harbour dll, porque estamos renombrando harbour y cargándolo varias veces en el mismo proceso"
                            }
                        ]
                    }
                ]
            }
        ]
    },
    {
        "client_msg_id": "05cad8fc-4e69-40a5-8b8e-9600d2f0f0fb",
        "type": "message",
        "text": "La hacer eso se tiene que cargar la dll con\nhb_DynCall ?\nhay alguna otra forma de no hace eso ?",
        "user": "UJU5KF40L",
        "ts": "1589573409.232300",
        "team": "TJH5YU202",
        "user_team": "TJH5YU202",
        "source_team": "TJH5YU202",
        "user_profile": {
            "avatar_hash": "g4ed10b5a0fa",
            "image_72": "https:\/\/secure.gravatar.com\/avatar\/7d4ed10b5a0fad78716e154511597ff9.jpg?s=72&d=https%3A%2F%2Fa.slack-edge.com%2Fdf10d%2Fimg%2Favatars%2Fava_0021-72.png",
            "first_name": "Gabriel",
            "real_name": "Gabriel Ornelas",
            "display_name": "GabO",
            "team": "TJH5YU202",
            "name": "gabrielornelasm",
            "is_restricted": false,
            "is_ultra_restricted": false
        },
        "blocks": [
            {
                "type": "rich_text",
                "block_id": "b7tbF",
                "elements": [
                    {
                        "type": "rich_text_section",
                        "elements": [
                            {
                                "type": "text",
                                "text": "La hacer eso se tiene que cargar la dll con\nhb_DynCall ?\nhay alguna otra forma de no hace eso ?"
                            }
                        ]
                    }
                ]
            }
        ]
    },
    {
        "client_msg_id": "932e3a38-d619-4271-99b4-ed54648b9b00",
        "type": "message",
        "text": "Wow, no me habia percatado, hize la primera compilación de modharbour para raspberry pi  casi, un año, <https:\/\/github.com\/FiveTechSoft\/mod_harbour\/linux\/rasbperry> pi\/ si es cierto ya estamos caminando, pasito a pasito; Cuando Antonio me estaba dando instrucciones de como bajarlo, compilarlo y que se ejecutara apache ni yo me la creía, hasta que lo logramos. Saludos!",
        "user": "UJUSD6VB2",
        "ts": "1589601262.235800",
        "team": "TJH5YU202",
        "user_team": "TJH5YU202",
        "source_team": "TJH5YU202",
        "user_profile": {
            "avatar_hash": "g1677a02d0b6",
            "image_72": "https:\/\/secure.gravatar.com\/avatar\/bb1677a02d0b69ba91eb245090c7c83a.jpg?s=72&d=https%3A%2F%2Fa.slack-edge.com%2Fdf10d%2Fimg%2Favatars%2Fava_0015-72.png",
            "first_name": "",
            "real_name": "Osvaldo Ramirez",
            "display_name": "Osvaldo Ramirez",
            "team": "TJH5YU202",
            "name": "ramirezosvaldo",
            "is_restricted": false,
            "is_ultra_restricted": false
        },
        "blocks": [
            {
                "type": "rich_text",
                "block_id": "u1ei",
                "elements": [
                    {
                        "type": "rich_text_section",
                        "elements": [
                            {
                                "type": "text",
                                "text": "Wow, no me habia percatado, hize la primera compilación de modharbour para raspberry pi  casi, un año, "
                            },
                            {
                                "type": "link",
                                "url": "https:\/\/github.com\/FiveTechSoft\/mod_harbour\/linux\/rasbperry"
                            },
                            {
                                "type": "text",
                                "text": " pi\/ si es cierto ya estamos caminando, pasito a pasito; Cuando Antonio me estaba dando instrucciones de como bajarlo, compilarlo y que se ejecutara apache ni yo me la creía, hasta que lo logramos. Saludos!"
                            }
                        ]
                    }
                ]
            }
        ]
    }
]