[
    {
        "type": "message",
        "text": "Te adjunto los test para que lo pruebes. Sólo lo he probado en Windows 10, desde localhost y desde una IP de la red (wi-fi).",
        "files": [
            {
                "id": "F0141V806AK",
                "created": 1590745174,
                "timestamp": 1590745174,
                "name": "request.hrb",
                "title": "request.hrb",
                "mimetype": "application\/octet-stream",
                "filetype": "binary",
                "pretty_type": "Binary",
                "user": "UJURBDZ6U",
                "editable": false,
                "size": 398,
                "mode": "hosted",
                "is_external": false,
                "external_type": "",
                "is_public": true,
                "public_url_shared": false,
                "display_as_bot": false,
                "username": "",
                "url_private": "https:\/\/files.slack.com\/files-pri\/TJH5YU202-F0141V806AK\/request.hrb?t=xoxe-629202954002-1183293690563-1183293711699-bad0c83802ec68402d6030a1e442ae77",
                "url_private_download": "https:\/\/files.slack.com\/files-pri\/TJH5YU202-F0141V806AK\/download\/request.hrb?t=xoxe-629202954002-1183293690563-1183293711699-bad0c83802ec68402d6030a1e442ae77",
                "permalink": "https:\/\/harbourproject.slack.com\/files\/UJURBDZ6U\/F0141V806AK\/request.hrb",
                "permalink_public": "https:\/\/slack-files.com\/TJH5YU202-F0141V806AK-bc4a007f58",
                "is_starred": false,
                "has_rich_preview": false
            },
            {
                "id": "F014GTSUL03",
                "created": 1590745174,
                "timestamp": 1590745174,
                "name": "request.html",
                "title": "request.html",
                "mimetype": "text\/plain",
                "filetype": "html",
                "pretty_type": "HTML",
                "user": "UJURBDZ6U",
                "editable": true,
                "size": 3833,
                "mode": "snippet",
                "is_external": false,
                "external_type": "",
                "is_public": true,
                "public_url_shared": false,
                "display_as_bot": false,
                "username": "",
                "url_private": "https:\/\/files.slack.com\/files-pri\/TJH5YU202-F014GTSUL03\/request.html?t=xoxe-629202954002-1183293690563-1183293711699-bad0c83802ec68402d6030a1e442ae77",
                "url_private_download": "https:\/\/files.slack.com\/files-pri\/TJH5YU202-F014GTSUL03\/download\/request.html?t=xoxe-629202954002-1183293690563-1183293711699-bad0c83802ec68402d6030a1e442ae77",
                "permalink": "https:\/\/harbourproject.slack.com\/files\/UJURBDZ6U\/F014GTSUL03\/request.html",
                "permalink_public": "https:\/\/slack-files.com\/TJH5YU202-F014GTSUL03-05a392c851",
                "edit_link": "https:\/\/harbourproject.slack.com\/files\/UJURBDZ6U\/F014GTSUL03\/request.html\/edit",
                "is_starred": false,
                "has_rich_preview": false
            },
            {
                "id": "F014A03LDP0",
                "created": 1590745174,
                "timestamp": 1590745174,
                "name": "request.php",
                "title": "request.php",
                "mimetype": "text\/plain",
                "filetype": "php",
                "pretty_type": "PHP",
                "user": "UJURBDZ6U",
                "editable": true,
                "size": 611,
                "mode": "snippet",
                "is_external": false,
                "external_type": "",
                "is_public": true,
                "public_url_shared": false,
                "display_as_bot": false,
                "username": "",
                "url_private": "https:\/\/files.slack.com\/files-pri\/TJH5YU202-F014A03LDP0\/request.php?t=xoxe-629202954002-1183293690563-1183293711699-bad0c83802ec68402d6030a1e442ae77",
                "url_private_download": "https:\/\/files.slack.com\/files-pri\/TJH5YU202-F014A03LDP0\/download\/request.php?t=xoxe-629202954002-1183293690563-1183293711699-bad0c83802ec68402d6030a1e442ae77",
                "permalink": "https:\/\/harbourproject.slack.com\/files\/UJURBDZ6U\/F014A03LDP0\/request.php",
                "permalink_public": "https:\/\/slack-files.com\/TJH5YU202-F014A03LDP0-8ec64d1629",
                "edit_link": "https:\/\/harbourproject.slack.com\/files\/UJURBDZ6U\/F014A03LDP0\/request.php\/edit",
                "is_starred": false,
                "has_rich_preview": false
            },
            {
                "id": "F014FAH3GQ5",
                "created": 1590745174,
                "timestamp": 1590745174,
                "name": "request.prg",
                "title": "request.prg",
                "mimetype": "text\/plain",
                "filetype": "text",
                "pretty_type": "Plain Text",
                "user": "UJURBDZ6U",
                "editable": true,
                "size": 921,
                "mode": "snippet",
                "is_external": false,
                "external_type": "",
                "is_public": true,
                "public_url_shared": false,
                "display_as_bot": false,
                "username": "",
                "url_private": "https:\/\/files.slack.com\/files-pri\/TJH5YU202-F014FAH3GQ5\/request.prg?t=xoxe-629202954002-1183293690563-1183293711699-bad0c83802ec68402d6030a1e442ae77",
                "url_private_download": "https:\/\/files.slack.com\/files-pri\/TJH5YU202-F014FAH3GQ5\/download\/request.prg?t=xoxe-629202954002-1183293690563-1183293711699-bad0c83802ec68402d6030a1e442ae77",
                "permalink": "https:\/\/harbourproject.slack.com\/files\/UJURBDZ6U\/F014FAH3GQ5\/request.prg",
                "permalink_public": "https:\/\/slack-files.com\/TJH5YU202-F014FAH3GQ5-3e03db7e43",
                "edit_link": "https:\/\/harbourproject.slack.com\/files\/UJURBDZ6U\/F014FAH3GQ5\/request.prg\/edit",
                "is_starred": false,
                "has_rich_preview": false
            }
        ],
        "upload": true,
        "blocks": [
            {
                "type": "rich_text",
                "block_id": "0JJ",
                "elements": [
                    {
                        "type": "rich_text_section",
                        "elements": [
                            {
                                "type": "text",
                                "text": "Te adjunto los test para que lo pruebes. Sólo lo he probado en Windows 10, desde localhost y desde una IP de la red (wi-fi)."
                            }
                        ]
                    }
                ]
            }
        ],
        "user": "UJURBDZ6U",
        "ts": "1590745176.094000",
        "client_msg_id": "cac8b507-4fa8-4c9b-bd8e-22bdef9b027b",
        "thread_ts": "1590690013.078100",
        "parent_user_id": "UM81W8B0Q"
    },
    {
        "client_msg_id": "21f72f70-6f97-4100-b07b-72e1f945951c",
        "type": "message",
        "text": "El experimento también era para medir la velocidad de las distintas APIs en navegador de acceso a datos via Ajax",
        "user": "UJURBDZ6U",
        "ts": "1590745216.095000",
        "team": "TJH5YU202",
        "user_team": "TJH5YU202",
        "source_team": "TJH5YU202",
        "user_profile": {
            "avatar_hash": "g67538ae1907",
            "image_72": "https:\/\/secure.gravatar.com\/avatar\/b967538ae19073bca8ce8c34fefb13e2.jpg?s=72&d=https%3A%2F%2Fa.slack-edge.com%2Fdf10d%2Fimg%2Favatars%2Fava_0005-72.png",
            "first_name": "",
            "real_name": "Quim",
            "display_name": "Quim",
            "team": "TJH5YU202",
            "name": "qferrer63",
            "is_restricted": false,
            "is_ultra_restricted": false
        },
        "blocks": [
            {
                "type": "rich_text",
                "block_id": "USdm9",
                "elements": [
                    {
                        "type": "rich_text_section",
                        "elements": [
                            {
                                "type": "text",
                                "text": "El experimento también era para medir la velocidad de las distintas APIs en navegador de acceso a datos via Ajax"
                            }
                        ]
                    }
                ]
            }
        ],
        "thread_ts": "1590690013.078100",
        "parent_user_id": "UM81W8B0Q"
    },
    {
        "client_msg_id": "1fdf4c15-8f05-4925-b89c-34bb6e7eb862",
        "type": "message",
        "text": "De las muchas que existen, he probado XMLHttpRequest, jQuery, Axios i la nativa de HTML5 fetch",
        "user": "UJURBDZ6U",
        "ts": "1590745279.095200",
        "team": "TJH5YU202",
        "user_team": "TJH5YU202",
        "source_team": "TJH5YU202",
        "user_profile": {
            "avatar_hash": "g67538ae1907",
            "image_72": "https:\/\/secure.gravatar.com\/avatar\/b967538ae19073bca8ce8c34fefb13e2.jpg?s=72&d=https%3A%2F%2Fa.slack-edge.com%2Fdf10d%2Fimg%2Favatars%2Fava_0005-72.png",
            "first_name": "",
            "real_name": "Quim",
            "display_name": "Quim",
            "team": "TJH5YU202",
            "name": "qferrer63",
            "is_restricted": false,
            "is_ultra_restricted": false
        },
        "blocks": [
            {
                "type": "rich_text",
                "block_id": "FzR",
                "elements": [
                    {
                        "type": "rich_text_section",
                        "elements": [
                            {
                                "type": "text",
                                "text": "De las muchas que existen, he probado XMLHttpRequest, jQuery, Axios i la nativa de HTML5 fetch"
                            }
                        ]
                    }
                ]
            }
        ],
        "thread_ts": "1590690013.078100",
        "parent_user_id": "UM81W8B0Q"
    },
    {
        "client_msg_id": "5f8edd5a-da4d-4c76-ab30-5e2757d9ff65",
        "type": "message",
        "text": "Buen viernes",
        "user": "UK28N3CER",
        "ts": "1590756045.095700",
        "team": "TJH5YU202",
        "user_team": "TJH5YU202",
        "source_team": "TJH5YU202",
        "user_profile": {
            "avatar_hash": "0eafa7153ff3",
            "image_72": "https:\/\/avatars.slack-edge.com\/2020-05-18\/1155120542496_0eafa7153ff35206c804_72.jpg",
            "first_name": "Cesar",
            "real_name": "Cesar SysCtrl Software",
            "display_name": "Cesar SysCtrl Software",
            "team": "TJH5YU202",
            "name": "sysctrlsoftware",
            "is_restricted": false,
            "is_ultra_restricted": false
        },
        "blocks": [
            {
                "type": "rich_text",
                "block_id": "hvUxE",
                "elements": [
                    {
                        "type": "rich_text_section",
                        "elements": [
                            {
                                "type": "text",
                                "text": "Buen viernes"
                            }
                        ]
                    }
                ]
            }
        ]
    },
    {
        "client_msg_id": "f9ccec7b-ed62-4b6f-8a43-5b5e2a638d01",
        "type": "message",
        "text": "Gracias Quim !!",
        "user": "UM81W8B0Q",
        "ts": "1590756852.095800",
        "team": "TJH5YU202",
        "user_team": "TJH5YU202",
        "source_team": "TJH5YU202",
        "user_profile": {
            "avatar_hash": "gab9279ee8c0",
            "image_72": "https:\/\/secure.gravatar.com\/avatar\/73ab9279ee8c00f66ce4904d30146c8f.jpg?s=72&d=https%3A%2F%2Fa.slack-edge.com%2Fdf10d%2Fimg%2Favatars%2Fava_0010-72.png",
            "first_name": "",
            "real_name": "Angel Pais",
            "display_name": "Angel Pais",
            "team": "TJH5YU202",
            "name": "amigosam",
            "is_restricted": false,
            "is_ultra_restricted": false
        },
        "blocks": [
            {
                "type": "rich_text",
                "block_id": "O6Tjk",
                "elements": [
                    {
                        "type": "rich_text_section",
                        "elements": [
                            {
                                "type": "text",
                                "text": "Gracias Quim !!"
                            }
                        ]
                    }
                ]
            }
        ],
        "thread_ts": "1590690013.078100",
        "parent_user_id": "UM81W8B0Q"
    },
    {
        "client_msg_id": "1c0ed12f-2d7d-4191-8b16-2dcf16ca2c09",
        "type": "message",
        "text": "Estamos en Skype",
        "user": "UJULQCHL5",
        "ts": "1590767159.096800",
        "team": "TJH5YU202",
        "user_team": "TJH5YU202",
        "source_team": "TJH5YU202",
        "user_profile": {
            "avatar_hash": "g7659142325a",
            "image_72": "https:\/\/secure.gravatar.com\/avatar\/c87659142325a3facb661d85281ec091.jpg?s=72&d=https%3A%2F%2Fa.slack-edge.com%2Fdf10d%2Fimg%2Favatars%2Fava_0003-72.png",
            "first_name": "",
            "real_name": "Paquito",
            "display_name": "Paquito",
            "team": "TJH5YU202",
            "name": "hmpaquito",
            "is_restricted": false,
            "is_ultra_restricted": false
        },
        "blocks": [
            {
                "type": "rich_text",
                "block_id": "44d2I",
                "elements": [
                    {
                        "type": "rich_text_section",
                        "elements": [
                            {
                                "type": "text",
                                "text": "Estamos en Skype"
                            }
                        ]
                    }
                ]
            }
        ]
    },
    {
        "client_msg_id": "3c60aab4-329a-4bcd-abce-25479d49520d",
        "type": "message",
        "text": "Buen día y hasta mas tarde",
        "user": "UK28N3CER",
        "ts": "1590815913.097800",
        "team": "TJH5YU202",
        "user_team": "TJH5YU202",
        "source_team": "TJH5YU202",
        "user_profile": {
            "avatar_hash": "0eafa7153ff3",
            "image_72": "https:\/\/avatars.slack-edge.com\/2020-05-18\/1155120542496_0eafa7153ff35206c804_72.jpg",
            "first_name": "Cesar",
            "real_name": "Cesar SysCtrl Software",
            "display_name": "Cesar SysCtrl Software",
            "team": "TJH5YU202",
            "name": "sysctrlsoftware",
            "is_restricted": false,
            "is_ultra_restricted": false
        },
        "blocks": [
            {
                "type": "rich_text",
                "block_id": "mC6vA",
                "elements": [
                    {
                        "type": "rich_text_section",
                        "elements": [
                            {
                                "type": "text",
                                "text": "Buen día y hasta mas tarde"
                            }
                        ]
                    }
                ]
            }
        ]
    },
    {
        "client_msg_id": "f4a6eceb-1722-440d-8b70-4c3170573fa4",
        "type": "message",
        "text": "buenos dias :sunny:",
        "user": "UJN8D8U3B",
        "ts": "1590816838.098000",
        "team": "TJH5YU202",
        "user_team": "TJH5YU202",
        "source_team": "TJH5YU202",
        "user_profile": {
            "avatar_hash": "g92ad2abcc45",
            "image_72": "https:\/\/secure.gravatar.com\/avatar\/8492ad2abcc45ce53969adcf8420acde.jpg?s=72&d=https%3A%2F%2Fa.slack-edge.com%2Fdf10d%2Fimg%2Favatars%2Fava_0008-72.png",
            "first_name": "",
            "real_name": "Antonio Linares",
            "display_name": "Antonio Linares",
            "team": "TJH5YU202",
            "name": "alinares",
            "is_restricted": false,
            "is_ultra_restricted": false
        },
        "blocks": [
            {
                "type": "rich_text",
                "block_id": "slt",
                "elements": [
                    {
                        "type": "rich_text_section",
                        "elements": [
                            {
                                "type": "text",
                                "text": "buenos dias "
                            },
                            {
                                "type": "emoji",
                                "name": "sunny"
                            }
                        ]
                    }
                ]
            }
        ]
    },
    {
        "client_msg_id": "e7a6bc6f-0237-4fa8-9aae-3b36ea5e5003",
        "type": "message",
        "text": "Ep! :v:",
        "user": "UJWR5N32S",
        "ts": "1590817800.098400",
        "team": "TJH5YU202",
        "user_team": "TJH5YU202",
        "source_team": "TJH5YU202",
        "user_profile": {
            "avatar_hash": "273d3745f7ae",
            "image_72": "https:\/\/avatars.slack-edge.com\/2019-05-20\/634344238497_273d3745f7ae1b176b82_72.jpg",
            "first_name": "Charly",
            "real_name": "Charly",
            "display_name": "Charly",
            "team": "TJH5YU202",
            "name": "carles9000",
            "is_restricted": false,
            "is_ultra_restricted": false
        },
        "blocks": [
            {
                "type": "rich_text",
                "block_id": "+Tbu0",
                "elements": [
                    {
                        "type": "rich_text_section",
                        "elements": [
                            {
                                "type": "text",
                                "text": "Ep! "
                            },
                            {
                                "type": "emoji",
                                "name": "v"
                            }
                        ]
                    }
                ]
            }
        ]
    },
    {
        "type": "message",
        "text": "ya tenemos información simbólica en libharbour.dll ;-)",
        "files": [
            {
                "id": "F0158EBGP08",
                "created": 1590818356,
                "timestamp": 1590818356,
                "name": "image.png",
                "title": "image.png",
                "mimetype": "image\/png",
                "filetype": "png",
                "pretty_type": "PNG",
                "user": "UJN8D8U3B",
                "editable": false,
                "size": 25859,
                "mode": "hosted",
                "is_external": false,
                "external_type": "",
                "is_public": true,
                "public_url_shared": false,
                "display_as_bot": false,
                "username": "",
                "url_private": "https:\/\/files.slack.com\/files-pri\/TJH5YU202-F0158EBGP08\/image.png?t=xoxe-629202954002-1183293690563-1183293711699-bad0c83802ec68402d6030a1e442ae77",
                "url_private_download": "https:\/\/files.slack.com\/files-pri\/TJH5YU202-F0158EBGP08\/download\/image.png?t=xoxe-629202954002-1183293690563-1183293711699-bad0c83802ec68402d6030a1e442ae77",
                "thumb_64": "https:\/\/files.slack.com\/files-tmb\/TJH5YU202-F0158EBGP08-b0fb77e671\/image_64.png?t=xoxe-629202954002-1183293690563-1183293711699-bad0c83802ec68402d6030a1e442ae77",
                "thumb_80": "https:\/\/files.slack.com\/files-tmb\/TJH5YU202-F0158EBGP08-b0fb77e671\/image_80.png?t=xoxe-629202954002-1183293690563-1183293711699-bad0c83802ec68402d6030a1e442ae77",
                "thumb_360": "https:\/\/files.slack.com\/files-tmb\/TJH5YU202-F0158EBGP08-b0fb77e671\/image_360.png?t=xoxe-629202954002-1183293690563-1183293711699-bad0c83802ec68402d6030a1e442ae77",
                "thumb_360_w": 360,
                "thumb_360_h": 82,
                "thumb_480": "https:\/\/files.slack.com\/files-tmb\/TJH5YU202-F0158EBGP08-b0fb77e671\/image_480.png?t=xoxe-629202954002-1183293690563-1183293711699-bad0c83802ec68402d6030a1e442ae77",
                "thumb_480_w": 480,
                "thumb_480_h": 110,
                "thumb_160": "https:\/\/files.slack.com\/files-tmb\/TJH5YU202-F0158EBGP08-b0fb77e671\/image_160.png?t=xoxe-629202954002-1183293690563-1183293711699-bad0c83802ec68402d6030a1e442ae77",
                "thumb_720": "https:\/\/files.slack.com\/files-tmb\/TJH5YU202-F0158EBGP08-b0fb77e671\/image_720.png?t=xoxe-629202954002-1183293690563-1183293711699-bad0c83802ec68402d6030a1e442ae77",
                "thumb_720_w": 720,
                "thumb_720_h": 164,
                "thumb_800": "https:\/\/files.slack.com\/files-tmb\/TJH5YU202-F0158EBGP08-b0fb77e671\/image_800.png?t=xoxe-629202954002-1183293690563-1183293711699-bad0c83802ec68402d6030a1e442ae77",
                "thumb_800_w": 800,
                "thumb_800_h": 183,
                "original_w": 951,
                "original_h": 217,
                "thumb_tiny": "AwAKADCtxj7w\/Kjj+\/8ApSAdaMD0p3FYX\/gQpP8AgQowPSkIFFx2Fz\/tCjd6MPypuKKLisf\/2Q==",
                "permalink": "https:\/\/harbourproject.slack.com\/files\/UJN8D8U3B\/F0158EBGP08\/image.png",
                "permalink_public": "https:\/\/slack-files.com\/TJH5YU202-F0158EBGP08-68b5504be4",
                "is_starred": false,
                "has_rich_preview": false
            }
        ],
        "upload": true,
        "blocks": [
            {
                "type": "rich_text",
                "block_id": "ukj",
                "elements": [
                    {
                        "type": "rich_text_section",
                        "elements": [
                            {
                                "type": "text",
                                "text": "ya tenemos información simbólica en libharbour.dll ;-)"
                            }
                        ]
                    }
                ]
            }
        ],
        "user": "UJN8D8U3B",
        "display_as_bot": false,
        "ts": "1590818359.098500",
        "client_msg_id": "907c5f32-ec69-4b91-accc-02e56b036998",
        "reactions": [
            {
                "name": "+1",
                "users": [
                    "UJULQCHL5",
                    "UK28N3CER"
                ],
                "count": 2
            }
        ]
    },
    {
        "client_msg_id": "d1477161-3426-406f-9e86-aae60d6092b1",
        "type": "message",
        "text": "<https:\/\/github.com\/FiveTechSoft\/mod_harbour\/wiki\/debugging-IIS-libharbour.dll>",
        "user": "UJN8D8U3B",
        "ts": "1590818785.098900",
        "team": "TJH5YU202",
        "user_team": "TJH5YU202",
        "source_team": "TJH5YU202",
        "user_profile": {
            "avatar_hash": "g92ad2abcc45",
            "image_72": "https:\/\/secure.gravatar.com\/avatar\/8492ad2abcc45ce53969adcf8420acde.jpg?s=72&d=https%3A%2F%2Fa.slack-edge.com%2Fdf10d%2Fimg%2Favatars%2Fava_0008-72.png",
            "first_name": "",
            "real_name": "Antonio Linares",
            "display_name": "Antonio Linares",
            "team": "TJH5YU202",
            "name": "alinares",
            "is_restricted": false,
            "is_ultra_restricted": false
        },
        "blocks": [
            {
                "type": "rich_text",
                "block_id": "w+3bI",
                "elements": [
                    {
                        "type": "rich_text_section",
                        "elements": [
                            {
                                "type": "link",
                                "url": "https:\/\/github.com\/FiveTechSoft\/mod_harbour\/wiki\/debugging-IIS-libharbour.dll"
                            }
                        ]
                    }
                ]
            }
        ]
    }
]