[
    {
        "client_msg_id": "8f372be6-a911-4836-829b-16e11f613c73",
        "type": "message",
        "text": "<https:\/\/marketplace.visualstudio.com\/items?itemName=ritwickdey.LiveServer>",
        "user": "UJUJLTWMT",
        "ts": "1591691345.220400",
        "team": "TJH5YU202",
        "user_team": "TJH5YU202",
        "source_team": "TJH5YU202",
        "user_profile": {
            "avatar_hash": "a60e3b1ef2d2",
            "image_72": "https:\/\/avatars.slack-edge.com\/2019-08-20\/726246109489_a60e3b1ef2d2c141969d_72.jpg",
            "first_name": "",
            "real_name": "Cristobal",
            "display_name": "Cristobal",
            "team": "TJH5YU202",
            "name": "navarro.cristobal",
            "is_restricted": false,
            "is_ultra_restricted": false
        },
        "attachments": [
            {
                "title": "Live Server - Visual Studio Marketplace",
                "title_link": "https:\/\/marketplace.visualstudio.com\/items?itemName=ritwickdey.LiveServer",
                "text": "Extension for Visual Studio Code - Launch a development local Server with live reload feature for static &amp; dynamic pages",
                "fallback": "Live Server - Visual Studio Marketplace",
                "thumb_url": "https:\/\/ritwickdey.gallerycdn.vsassets.io\/extensions\/ritwickdey\/liveserver\/5.6.1\/1555497731217\/Microsoft.VisualStudio.Services.Icons.Default",
                "from_url": "https:\/\/marketplace.visualstudio.com\/items?itemName=ritwickdey.LiveServer",
                "thumb_width": 256,
                "thumb_height": 256,
                "service_icon": "https:\/\/marketplace.visualstudio.com\/favicon.ico",
                "service_name": "marketplace.visualstudio.com",
                "id": 1,
                "original_url": "https:\/\/marketplace.visualstudio.com\/items?itemName=ritwickdey.LiveServer"
            }
        ],
        "blocks": [
            {
                "type": "rich_text",
                "block_id": "SkOnd",
                "elements": [
                    {
                        "type": "rich_text_section",
                        "elements": [
                            {
                                "type": "link",
                                "url": "https:\/\/marketplace.visualstudio.com\/items?itemName=ritwickdey.LiveServer"
                            }
                        ]
                    }
                ]
            }
        ],
        "thread_ts": "1591680999.220000",
        "parent_user_id": "UJN8D8U3B"
    },
    {
        "client_msg_id": "3e29b6e3-5d8c-407a-ac6b-cf9ad29e17db",
        "type": "message",
        "text": "<https:\/\/www.kyocode.com\/2019\/05\/live-server-visual-studio-code\/>",
        "user": "UJUJLTWMT",
        "ts": "1591691357.220700",
        "team": "TJH5YU202",
        "user_team": "TJH5YU202",
        "source_team": "TJH5YU202",
        "user_profile": {
            "avatar_hash": "a60e3b1ef2d2",
            "image_72": "https:\/\/avatars.slack-edge.com\/2019-08-20\/726246109489_a60e3b1ef2d2c141969d_72.jpg",
            "first_name": "",
            "real_name": "Cristobal",
            "display_name": "Cristobal",
            "team": "TJH5YU202",
            "name": "navarro.cristobal",
            "is_restricted": false,
            "is_ultra_restricted": false
        },
        "attachments": [
            {
                "service_name": "Kyocode",
                "title": "Live server en Visual Studio Code",
                "title_link": "https:\/\/www.kyocode.com\/2019\/05\/live-server-visual-studio-code\/",
                "text": "Visualiza los cambios al desarrollar una pagina web en tiempo real con la extensión Live Server en Visual Studio Code de Microsoft.",
                "fallback": "Kyocode: Live server en Visual Studio Code",
                "image_url": "https:\/\/www.kyocode.com\/wp-content\/uploads\/2019\/03\/Prew5.png",
                "image_width": 250,
                "image_height": 250,
                "ts": 1557339216,
                "from_url": "https:\/\/www.kyocode.com\/2019\/05\/live-server-visual-studio-code\/",
                "image_bytes": 33515,
                "service_icon": "https:\/\/www.kyocode.com\/wp-content\/uploads\/2019\/05\/cropped-Kyocode-180x180.png",
                "id": 1,
                "original_url": "https:\/\/www.kyocode.com\/2019\/05\/live-server-visual-studio-code\/"
            }
        ],
        "blocks": [
            {
                "type": "rich_text",
                "block_id": "UUV",
                "elements": [
                    {
                        "type": "rich_text_section",
                        "elements": [
                            {
                                "type": "link",
                                "url": "https:\/\/www.kyocode.com\/2019\/05\/live-server-visual-studio-code\/"
                            }
                        ]
                    }
                ]
            }
        ],
        "thread_ts": "1591680999.220000",
        "parent_user_id": "UJN8D8U3B"
    },
    {
        "type": "message",
        "subtype": "thread_broadcast",
        "text": "Chorradas que la gente usa porque creen que les saldra un gran programa. Me recuerda todo al incio de Visual Basic....",
        "user": "UJWR5N32S",
        "ts": "1591707204.221000",
        "thread_ts": "1591680999.220000",
        "root": {
            "client_msg_id": "43c5b322-1cec-47ba-831f-7dd427b18455",
            "type": "message",
            "text": "que es el GoLive ?",
            "user": "UJN8D8U3B",
            "ts": "1591680999.220000",
            "team": "TJH5YU202",
            "blocks": [
                {
                    "type": "rich_text",
                    "block_id": "\/pcN",
                    "elements": [
                        {
                            "type": "rich_text_section",
                            "elements": [
                                {
                                    "type": "text",
                                    "text": "que es el GoLive ?"
                                }
                            ]
                        }
                    ]
                }
            ],
            "thread_ts": "1591680999.220000",
            "reply_count": 3,
            "reply_users_count": 2,
            "latest_reply": "1591707204.221000",
            "reply_users": [
                "UJUJLTWMT",
                "UJWR5N32S"
            ],
            "subscribed": false
        },
        "blocks": [
            {
                "type": "rich_text",
                "block_id": "pxs",
                "elements": [
                    {
                        "type": "rich_text_section",
                        "elements": [
                            {
                                "type": "text",
                                "text": "Chorradas que la gente usa porque creen que les saldra un gran programa. Me recuerda todo al incio de Visual Basic...."
                            }
                        ]
                    }
                ]
            }
        ],
        "client_msg_id": "4914da73-b479-4cd4-9034-72c79e3a3bad"
    },
    {
        "client_msg_id": "1e0e19c6-ca99-49a6-8147-9f1acab5eb43",
        "type": "message",
        "text": ":hushed:",
        "user": "UK28N3CER",
        "ts": "1591710622.221300",
        "team": "TJH5YU202",
        "user_team": "TJH5YU202",
        "source_team": "TJH5YU202",
        "user_profile": {
            "avatar_hash": "0eafa7153ff3",
            "image_72": "https:\/\/avatars.slack-edge.com\/2020-05-18\/1155120542496_0eafa7153ff35206c804_72.jpg",
            "first_name": "Cesar",
            "real_name": "Cesar SysCtrl Software",
            "display_name": "Cesar SysCtrl Software",
            "team": "TJH5YU202",
            "name": "sysctrlsoftware",
            "is_restricted": false,
            "is_ultra_restricted": false
        },
        "blocks": [
            {
                "type": "rich_text",
                "block_id": "xgz3",
                "elements": [
                    {
                        "type": "rich_text_section",
                        "elements": [
                            {
                                "type": "emoji",
                                "name": "hushed"
                            }
                        ]
                    }
                ]
            }
        ]
    },
    {
        "client_msg_id": "6c8d5021-b33d-49e9-8b61-8f4b53360e6f",
        "type": "message",
        "text": "Live long and prosper ! GoLive :spock-hand:",
        "user": "UM81W8B0Q",
        "ts": "1591714299.222000",
        "team": "TJH5YU202",
        "user_team": "TJH5YU202",
        "source_team": "TJH5YU202",
        "user_profile": {
            "avatar_hash": "gab9279ee8c0",
            "image_72": "https:\/\/secure.gravatar.com\/avatar\/73ab9279ee8c00f66ce4904d30146c8f.jpg?s=72&d=https%3A%2F%2Fa.slack-edge.com%2Fdf10d%2Fimg%2Favatars%2Fava_0010-72.png",
            "first_name": "",
            "real_name": "Angel Pais",
            "display_name": "Angel Pais",
            "team": "TJH5YU202",
            "name": "amigosam",
            "is_restricted": false,
            "is_ultra_restricted": false
        },
        "blocks": [
            {
                "type": "rich_text",
                "block_id": "wqDB",
                "elements": [
                    {
                        "type": "rich_text_section",
                        "elements": [
                            {
                                "type": "text",
                                "text": "Live long and prosper ! GoLive "
                            },
                            {
                                "type": "emoji",
                                "name": "spock-hand"
                            }
                        ]
                    }
                ]
            }
        ]
    },
    {
        "client_msg_id": "cc5df15d-7401-423d-b6fc-0570d418ed6e",
        "type": "message",
        "text": "habia uno que solo ejectuba como Q, y era muy extraño ya que era la pantalla negra y en la parte de  era puro instrucción con CTRL y TAB, lo use mucho tiempo hasta q migre con los osos.",
        "user": "UJUSD6VB2",
        "ts": "1591722571.222200",
        "team": "TJH5YU202",
        "user_team": "TJH5YU202",
        "source_team": "TJH5YU202",
        "user_profile": {
            "avatar_hash": "g1677a02d0b6",
            "image_72": "https:\/\/secure.gravatar.com\/avatar\/bb1677a02d0b69ba91eb245090c7c83a.jpg?s=72&d=https%3A%2F%2Fa.slack-edge.com%2Fdf10d%2Fimg%2Favatars%2Fava_0015-72.png",
            "first_name": "",
            "real_name": "Osvaldo Ramirez",
            "display_name": "Osvaldo Ramirez",
            "team": "TJH5YU202",
            "name": "ramirezosvaldo",
            "is_restricted": false,
            "is_ultra_restricted": false
        },
        "blocks": [
            {
                "type": "rich_text",
                "block_id": "==zP",
                "elements": [
                    {
                        "type": "rich_text_section",
                        "elements": [
                            {
                                "type": "text",
                                "text": "habia uno que solo ejectuba como Q, y era muy extraño ya que era la pantalla negra y en la parte de  era puro instrucción con CTRL y TAB, lo use mucho tiempo hasta q migre con los osos."
                            }
                        ]
                    }
                ]
            }
        ],
        "thread_ts": "1591645990.217900",
        "parent_user_id": "UMZ3LNV5Z"
    },
    {
        "client_msg_id": "9baf08cd-eec6-4319-8183-a1f716ffb0c1",
        "type": "message",
        "text": "Buenas tardes, se puede implementar en modelo vista los archivos twig generados por symfony ?\n<https:\/\/twig.symfony.com\/doc\/3.x\/>",
        "user": "UJX314PFY",
        "ts": "1591722829.223300",
        "team": "TJH5YU202",
        "user_team": "TJH5YU202",
        "source_team": "TJH5YU202",
        "user_profile": {
            "avatar_hash": "g7cce167a439",
            "image_72": "https:\/\/secure.gravatar.com\/avatar\/057cce167a439848e0296f371e3592b5.jpg?s=72&d=https%3A%2F%2Fa.slack-edge.com%2Fdf10d%2Fimg%2Favatars%2Fava_0026-72.png",
            "first_name": "",
            "real_name": "Antonio Valencia",
            "display_name": "Antonio Valencia",
            "team": "TJH5YU202",
            "name": "albeiroval",
            "is_restricted": false,
            "is_ultra_restricted": false
        },
        "attachments": [
            {
                "title": "Documentation - Twig - The flexible, fast, and secure PHP template engine",
                "title_link": "https:\/\/twig.symfony.com\/doc\/3.x\/",
                "text": "Twig - The flexible, fast, and secure template engine for PHP",
                "fallback": "Documentation - Twig - The flexible, fast, and secure PHP template engine",
                "from_url": "https:\/\/twig.symfony.com\/doc\/3.x\/",
                "service_icon": "https:\/\/twig.symfony.com\/favicon.ico",
                "service_name": "twig.symfony.com",
                "id": 1,
                "original_url": "https:\/\/twig.symfony.com\/doc\/3.x\/"
            }
        ],
        "blocks": [
            {
                "type": "rich_text",
                "block_id": "m2Lb",
                "elements": [
                    {
                        "type": "rich_text_section",
                        "elements": [
                            {
                                "type": "text",
                                "text": "Buenas tardes, se puede implementar en modelo vista los archivos twig generados por symfony ?\n"
                            },
                            {
                                "type": "link",
                                "url": "https:\/\/twig.symfony.com\/doc\/3.x\/"
                            }
                        ]
                    }
                ]
            }
        ]
    },
    {
        "client_msg_id": "2941c6f4-802f-4874-83df-c679f17c5e8d",
        "type": "message",
        "text": "Antonio si te refieres al uso de Mercury, el funcionamiento es muy similar",
        "user": "UJWR5N32S",
        "ts": "1591723075.224000",
        "team": "TJH5YU202",
        "user_team": "TJH5YU202",
        "source_team": "TJH5YU202",
        "user_profile": {
            "avatar_hash": "273d3745f7ae",
            "image_72": "https:\/\/avatars.slack-edge.com\/2019-05-20\/634344238497_273d3745f7ae1b176b82_72.jpg",
            "first_name": "Charly",
            "real_name": "Charly",
            "display_name": "Charly",
            "team": "TJH5YU202",
            "name": "carles9000",
            "is_restricted": false,
            "is_ultra_restricted": false
        },
        "blocks": [
            {
                "type": "rich_text",
                "block_id": "aKj",
                "elements": [
                    {
                        "type": "rich_text_section",
                        "elements": [
                            {
                                "type": "text",
                                "text": "Antonio si te refieres al uso de Mercury, el funcionamiento es muy similar"
                            }
                        ]
                    }
                ]
            }
        ]
    },
    {
        "client_msg_id": "ba368187-7f2e-4860-93d5-4480ac73e949",
        "type": "message",
        "text": "<https:\/\/modharbour.app\/compass\/search\/Manual>  , revisa pagina 25",
        "user": "UJWR5N32S",
        "ts": "1591723095.224400",
        "team": "TJH5YU202",
        "user_team": "TJH5YU202",
        "source_team": "TJH5YU202",
        "user_profile": {
            "avatar_hash": "273d3745f7ae",
            "image_72": "https:\/\/avatars.slack-edge.com\/2019-05-20\/634344238497_273d3745f7ae1b176b82_72.jpg",
            "first_name": "Charly",
            "real_name": "Charly",
            "display_name": "Charly",
            "team": "TJH5YU202",
            "name": "carles9000",
            "is_restricted": false,
            "is_ultra_restricted": false
        },
        "attachments": [
            {
                "title": "Compass v0.1",
                "title_link": "https:\/\/modharbour.app\/compass\/search\/Manual",
                "text": "Compass is my site to shared with you all my experiences with mod Harbour",
                "fallback": "Compass v0.1",
                "from_url": "https:\/\/modharbour.app\/compass\/search\/Manual",
                "service_icon": "https:\/\/modharbour.app\/compass\/images\/brujula.ico",
                "service_name": "modharbour.app",
                "id": 1,
                "original_url": "https:\/\/modharbour.app\/compass\/search\/Manual"
            }
        ],
        "blocks": [
            {
                "type": "rich_text",
                "block_id": "92hZY",
                "elements": [
                    {
                        "type": "rich_text_section",
                        "elements": [
                            {
                                "type": "link",
                                "url": "https:\/\/modharbour.app\/compass\/search\/Manual"
                            },
                            {
                                "type": "text",
                                "text": "  , revisa pagina 25"
                            }
                        ]
                    }
                ]
            }
        ]
    },
    {
        "client_msg_id": "cbcca2e9-db5e-4522-a4c0-0bd5048a1d8d",
        "type": "message",
        "text": "Quoting... \" Chorradas que la gente usa porque creen que les saldra un gran programa. Me recuerda todo al incio de Visual Basic....\"",
        "user": "UM81W8B0Q",
        "ts": "1591723896.224800",
        "team": "TJH5YU202",
        "user_team": "TJH5YU202",
        "source_team": "TJH5YU202",
        "user_profile": {
            "avatar_hash": "gab9279ee8c0",
            "image_72": "https:\/\/secure.gravatar.com\/avatar\/73ab9279ee8c00f66ce4904d30146c8f.jpg?s=72&d=https%3A%2F%2Fa.slack-edge.com%2Fdf10d%2Fimg%2Favatars%2Fava_0010-72.png",
            "first_name": "",
            "real_name": "Angel Pais",
            "display_name": "Angel Pais",
            "team": "TJH5YU202",
            "name": "amigosam",
            "is_restricted": false,
            "is_ultra_restricted": false
        },
        "blocks": [
            {
                "type": "rich_text",
                "block_id": "78L6",
                "elements": [
                    {
                        "type": "rich_text_section",
                        "elements": [
                            {
                                "type": "text",
                                "text": "Quoting... \" Chorradas que la gente usa porque creen que les saldra un gran programa. Me recuerda todo al incio de Visual Basic....\""
                            }
                        ]
                    }
                ]
            }
        ],
        "reactions": [
            {
                "name": "disappointed",
                "users": [
                    "UJUSD6VB2"
                ],
                "count": 1
            }
        ]
    },
    {
        "client_msg_id": "e55e3d75-7bee-40a1-8f80-e7056da0f370",
        "type": "message",
        "text": "Bon dia !",
        "user": "UJWR5N32S",
        "ts": "1591770061.225100",
        "team": "TJH5YU202",
        "user_team": "TJH5YU202",
        "source_team": "TJH5YU202",
        "user_profile": {
            "avatar_hash": "273d3745f7ae",
            "image_72": "https:\/\/avatars.slack-edge.com\/2019-05-20\/634344238497_273d3745f7ae1b176b82_72.jpg",
            "first_name": "Charly",
            "real_name": "Charly",
            "display_name": "Charly",
            "team": "TJH5YU202",
            "name": "carles9000",
            "is_restricted": false,
            "is_ultra_restricted": false
        },
        "blocks": [
            {
                "type": "rich_text",
                "block_id": "bjJE",
                "elements": [
                    {
                        "type": "rich_text_section",
                        "elements": [
                            {
                                "type": "text",
                                "text": "Bon dia !"
                            }
                        ]
                    }
                ]
            }
        ]
    },
    {
        "client_msg_id": "685d608b-8555-4045-98c4-aec9dd0d2b26",
        "type": "message",
        "text": "Good morning.",
        "user": "UJHD6A81H",
        "ts": "1591770284.225300",
        "team": "TJH5YU202",
        "user_team": "TJH5YU202",
        "source_team": "TJH5YU202",
        "user_profile": {
            "avatar_hash": "g6b8073e00e9",
            "image_72": "https:\/\/secure.gravatar.com\/avatar\/b96b8073e00e9eb02bcf05bc1418eb3a.jpg?s=72&d=https%3A%2F%2Fa.slack-edge.com%2Fdf10d%2Fimg%2Favatars%2Fava_0021-72.png",
            "first_name": "Otto",
            "real_name": "Otto Atzwanger",
            "display_name": "Otto",
            "team": "TJH5YU202",
            "name": "otto",
            "is_restricted": false,
            "is_ultra_restricted": false
        },
        "blocks": [
            {
                "type": "rich_text",
                "block_id": "TVxuz",
                "elements": [
                    {
                        "type": "rich_text_section",
                        "elements": [
                            {
                                "type": "text",
                                "text": "Good morning."
                            }
                        ]
                    }
                ]
            }
        ]
    },
    {
        "client_msg_id": "9bd3fbf0-1478-43cd-ac3a-e3978b31a952",
        "type": "message",
        "text": "<https:\/\/forum.mod-harbour.org\/>  -&gt; 404",
        "user": "UJHD6A81H",
        "ts": "1591770290.225500",
        "team": "TJH5YU202",
        "user_team": "TJH5YU202",
        "source_team": "TJH5YU202",
        "user_profile": {
            "avatar_hash": "g6b8073e00e9",
            "image_72": "https:\/\/secure.gravatar.com\/avatar\/b96b8073e00e9eb02bcf05bc1418eb3a.jpg?s=72&d=https%3A%2F%2Fa.slack-edge.com%2Fdf10d%2Fimg%2Favatars%2Fava_0021-72.png",
            "first_name": "Otto",
            "real_name": "Otto Atzwanger",
            "display_name": "Otto",
            "team": "TJH5YU202",
            "name": "otto",
            "is_restricted": false,
            "is_ultra_restricted": false
        },
        "blocks": [
            {
                "type": "rich_text",
                "block_id": "Gg45",
                "elements": [
                    {
                        "type": "rich_text_section",
                        "elements": [
                            {
                                "type": "link",
                                "url": "https:\/\/forum.mod-harbour.org\/"
                            },
                            {
                                "type": "text",
                                "text": "  -> 404"
                            }
                        ]
                    }
                ]
            }
        ]
    },
    {
        "client_msg_id": "39095979-57ef-4e0a-b955-cdae43789cb2",
        "type": "message",
        "text": "good morning :sunny:",
        "user": "UJN8D8U3B",
        "ts": "1591770415.225800",
        "team": "TJH5YU202",
        "user_team": "TJH5YU202",
        "source_team": "TJH5YU202",
        "user_profile": {
            "avatar_hash": "g92ad2abcc45",
            "image_72": "https:\/\/secure.gravatar.com\/avatar\/8492ad2abcc45ce53969adcf8420acde.jpg?s=72&d=https%3A%2F%2Fa.slack-edge.com%2Fdf10d%2Fimg%2Favatars%2Fava_0008-72.png",
            "first_name": "",
            "real_name": "Antonio Linares",
            "display_name": "Antonio Linares",
            "team": "TJH5YU202",
            "name": "alinares",
            "is_restricted": false,
            "is_ultra_restricted": false
        },
        "blocks": [
            {
                "type": "rich_text",
                "block_id": "TbcQI",
                "elements": [
                    {
                        "type": "rich_text_section",
                        "elements": [
                            {
                                "type": "text",
                                "text": "good morning "
                            },
                            {
                                "type": "emoji",
                                "name": "sunny"
                            }
                        ]
                    }
                ]
            }
        ]
    }
]