[
    {
        "type": "message",
        "text": "Conseguido :-)",
        "files": [
            {
                "id": "F013T0HTPEX",
                "created": 1589700882,
                "timestamp": 1589700882,
                "name": "image.png",
                "title": "image.png",
                "mimetype": "image\/png",
                "filetype": "png",
                "pretty_type": "PNG",
                "user": "UJN8D8U3B",
                "editable": false,
                "size": 90999,
                "mode": "hosted",
                "is_external": false,
                "external_type": "",
                "is_public": true,
                "public_url_shared": false,
                "display_as_bot": false,
                "username": "",
                "url_private": "https:\/\/files.slack.com\/files-pri\/TJH5YU202-F013T0HTPEX\/image.png?t=xoxe-629202954002-1183293690563-1183293711699-bad0c83802ec68402d6030a1e442ae77",
                "url_private_download": "https:\/\/files.slack.com\/files-pri\/TJH5YU202-F013T0HTPEX\/download\/image.png?t=xoxe-629202954002-1183293690563-1183293711699-bad0c83802ec68402d6030a1e442ae77",
                "thumb_64": "https:\/\/files.slack.com\/files-tmb\/TJH5YU202-F013T0HTPEX-c1a51ce50e\/image_64.png?t=xoxe-629202954002-1183293690563-1183293711699-bad0c83802ec68402d6030a1e442ae77",
                "thumb_80": "https:\/\/files.slack.com\/files-tmb\/TJH5YU202-F013T0HTPEX-c1a51ce50e\/image_80.png?t=xoxe-629202954002-1183293690563-1183293711699-bad0c83802ec68402d6030a1e442ae77",
                "thumb_360": "https:\/\/files.slack.com\/files-tmb\/TJH5YU202-F013T0HTPEX-c1a51ce50e\/image_360.png?t=xoxe-629202954002-1183293690563-1183293711699-bad0c83802ec68402d6030a1e442ae77",
                "thumb_360_w": 360,
                "thumb_360_h": 302,
                "thumb_480": "https:\/\/files.slack.com\/files-tmb\/TJH5YU202-F013T0HTPEX-c1a51ce50e\/image_480.png?t=xoxe-629202954002-1183293690563-1183293711699-bad0c83802ec68402d6030a1e442ae77",
                "thumb_480_w": 480,
                "thumb_480_h": 402,
                "thumb_160": "https:\/\/files.slack.com\/files-tmb\/TJH5YU202-F013T0HTPEX-c1a51ce50e\/image_160.png?t=xoxe-629202954002-1183293690563-1183293711699-bad0c83802ec68402d6030a1e442ae77",
                "thumb_720": "https:\/\/files.slack.com\/files-tmb\/TJH5YU202-F013T0HTPEX-c1a51ce50e\/image_720.png?t=xoxe-629202954002-1183293690563-1183293711699-bad0c83802ec68402d6030a1e442ae77",
                "thumb_720_w": 720,
                "thumb_720_h": 604,
                "thumb_800": "https:\/\/files.slack.com\/files-tmb\/TJH5YU202-F013T0HTPEX-c1a51ce50e\/image_800.png?t=xoxe-629202954002-1183293690563-1183293711699-bad0c83802ec68402d6030a1e442ae77",
                "thumb_800_w": 800,
                "thumb_800_h": 671,
                "thumb_960": "https:\/\/files.slack.com\/files-tmb\/TJH5YU202-F013T0HTPEX-c1a51ce50e\/image_960.png?t=xoxe-629202954002-1183293690563-1183293711699-bad0c83802ec68402d6030a1e442ae77",
                "thumb_960_w": 960,
                "thumb_960_h": 805,
                "thumb_1024": "https:\/\/files.slack.com\/files-tmb\/TJH5YU202-F013T0HTPEX-c1a51ce50e\/image_1024.png?t=xoxe-629202954002-1183293690563-1183293711699-bad0c83802ec68402d6030a1e442ae77",
                "thumb_1024_w": 1024,
                "thumb_1024_h": 858,
                "original_w": 1082,
                "original_h": 907,
                "thumb_tiny": "AwAoADCn16ADAox9KN6\/3B+dG9f7gqrLuTd9hMUu0+oo3A\/w4oAzSYxNvvQVx3pSMf8A6qSkMbRRRQADrUi1GOtSLQAjUlKQTSUANwfSjB9KkooAYAc9KeKKKADPsabg0+igD\/\/Z",
                "permalink": "https:\/\/harbourproject.slack.com\/files\/UJN8D8U3B\/F013T0HTPEX\/image.png",
                "permalink_public": "https:\/\/slack-files.com\/TJH5YU202-F013T0HTPEX-1bc32350ff",
                "is_starred": false,
                "has_rich_preview": false
            }
        ],
        "upload": true,
        "blocks": [
            {
                "type": "rich_text",
                "block_id": "egl",
                "elements": [
                    {
                        "type": "rich_text_section",
                        "elements": [
                            {
                                "type": "text",
                                "text": "Conseguido :-)"
                            }
                        ]
                    }
                ]
            }
        ],
        "user": "UJN8D8U3B",
        "display_as_bot": false,
        "ts": "1589700885.335500",
        "client_msg_id": "c71749d0-4a47-4127-8776-27c73c4f8443"
    },
    {
        "client_msg_id": "508dc0ad-521e-45a5-8ccf-8cf06df63e32",
        "type": "message",
        "text": "mod_harbour 64 bits con msvc64 se construye 100% solo... :slightly_smiling_face:",
        "user": "UJN8D8U3B",
        "ts": "1589700908.336100",
        "team": "TJH5YU202",
        "user_team": "TJH5YU202",
        "source_team": "TJH5YU202",
        "user_profile": {
            "avatar_hash": "g92ad2abcc45",
            "image_72": "https:\/\/secure.gravatar.com\/avatar\/8492ad2abcc45ce53969adcf8420acde.jpg?s=72&d=https%3A%2F%2Fa.slack-edge.com%2Fdf10d%2Fimg%2Favatars%2Fava_0008-72.png",
            "first_name": "",
            "real_name": "Antonio Linares",
            "display_name": "Antonio Linares",
            "team": "TJH5YU202",
            "name": "alinares",
            "is_restricted": false,
            "is_ultra_restricted": false
        },
        "blocks": [
            {
                "type": "rich_text",
                "block_id": "ra5u",
                "elements": [
                    {
                        "type": "rich_text_section",
                        "elements": [
                            {
                                "type": "text",
                                "text": "mod_harbour 64 bits con msvc64 se construye 100% solo... "
                            },
                            {
                                "type": "emoji",
                                "name": "slightly_smiling_face"
                            }
                        ]
                    }
                ]
            }
        ]
    },
    {
        "client_msg_id": "9a7ff445-173b-4228-aae3-dfa4f3ba988c",
        "type": "message",
        "text": "Ahora voy a modificarlo para que guarde el Harbour usado dentro del zip resultante también...",
        "user": "UJN8D8U3B",
        "ts": "1589701104.336700",
        "team": "TJH5YU202",
        "user_team": "TJH5YU202",
        "source_team": "TJH5YU202",
        "user_profile": {
            "avatar_hash": "g92ad2abcc45",
            "image_72": "https:\/\/secure.gravatar.com\/avatar\/8492ad2abcc45ce53969adcf8420acde.jpg?s=72&d=https%3A%2F%2Fa.slack-edge.com%2Fdf10d%2Fimg%2Favatars%2Fava_0008-72.png",
            "first_name": "",
            "real_name": "Antonio Linares",
            "display_name": "Antonio Linares",
            "team": "TJH5YU202",
            "name": "alinares",
            "is_restricted": false,
            "is_ultra_restricted": false
        },
        "blocks": [
            {
                "type": "rich_text",
                "block_id": "ZFW",
                "elements": [
                    {
                        "type": "rich_text_section",
                        "elements": [
                            {
                                "type": "text",
                                "text": "Ahora voy a modificarlo para que guarde el Harbour usado dentro del zip resultante también..."
                            }
                        ]
                    }
                ]
            }
        ],
        "reactions": [
            {
                "name": "+1",
                "users": [
                    "UK28N3CER"
                ],
                "count": 1
            }
        ]
    },
    {
        "client_msg_id": "23315f8f-efa8-4d46-bec5-4801a385b682",
        "type": "message",
        "text": "hasta podriamos guardar el \"workflow\" que lo ha construido",
        "user": "UJN8D8U3B",
        "ts": "1589701140.337100",
        "team": "TJH5YU202",
        "user_team": "TJH5YU202",
        "source_team": "TJH5YU202",
        "user_profile": {
            "avatar_hash": "g92ad2abcc45",
            "image_72": "https:\/\/secure.gravatar.com\/avatar\/8492ad2abcc45ce53969adcf8420acde.jpg?s=72&d=https%3A%2F%2Fa.slack-edge.com%2Fdf10d%2Fimg%2Favatars%2Fava_0008-72.png",
            "first_name": "",
            "real_name": "Antonio Linares",
            "display_name": "Antonio Linares",
            "team": "TJH5YU202",
            "name": "alinares",
            "is_restricted": false,
            "is_ultra_restricted": false
        },
        "blocks": [
            {
                "type": "rich_text",
                "block_id": "Ba0",
                "elements": [
                    {
                        "type": "rich_text_section",
                        "elements": [
                            {
                                "type": "text",
                                "text": "hasta podriamos guardar el \"workflow\" que lo ha construido"
                            }
                        ]
                    }
                ]
            }
        ]
    },
    {
        "client_msg_id": "64505f61-eb7a-48a5-b83b-df9db39c6202",
        "type": "message",
        "text": "<https:\/\/github.com\/FiveTechSoft\/mod_harbour\/releases>",
        "user": "UJN8D8U3B",
        "ts": "1589703421.337300",
        "team": "TJH5YU202",
        "user_team": "TJH5YU202",
        "source_team": "TJH5YU202",
        "user_profile": {
            "avatar_hash": "g92ad2abcc45",
            "image_72": "https:\/\/secure.gravatar.com\/avatar\/8492ad2abcc45ce53969adcf8420acde.jpg?s=72&d=https%3A%2F%2Fa.slack-edge.com%2Fdf10d%2Fimg%2Favatars%2Fava_0008-72.png",
            "first_name": "",
            "real_name": "Antonio Linares",
            "display_name": "Antonio Linares",
            "team": "TJH5YU202",
            "name": "alinares",
            "is_restricted": false,
            "is_ultra_restricted": false
        },
        "blocks": [
            {
                "type": "rich_text",
                "block_id": "fVpf",
                "elements": [
                    {
                        "type": "rich_text_section",
                        "elements": [
                            {
                                "type": "link",
                                "url": "https:\/\/github.com\/FiveTechSoft\/mod_harbour\/releases"
                            }
                        ]
                    }
                ]
            }
        ]
    },
    {
        "client_msg_id": "cfa0d909-c53f-4f7a-9715-dfaa7425830c",
        "type": "message",
        "text": "De lujo Antonio. Esta semana buscaremos ejemplos para usar el mail via tip y curl",
        "user": "UJWR5N32S",
        "ts": "1589706403.337900",
        "team": "TJH5YU202",
        "user_team": "TJH5YU202",
        "source_team": "TJH5YU202",
        "user_profile": {
            "avatar_hash": "273d3745f7ae",
            "image_72": "https:\/\/avatars.slack-edge.com\/2019-05-20\/634344238497_273d3745f7ae1b176b82_72.jpg",
            "first_name": "Charly",
            "real_name": "Charly",
            "display_name": "Charly",
            "team": "TJH5YU202",
            "name": "carles9000",
            "is_restricted": false,
            "is_ultra_restricted": false
        },
        "blocks": [
            {
                "type": "rich_text",
                "block_id": "2Oz",
                "elements": [
                    {
                        "type": "rich_text_section",
                        "elements": [
                            {
                                "type": "text",
                                "text": "De lujo Antonio. Esta semana buscaremos ejemplos para usar el mail via tip y curl"
                            }
                        ]
                    }
                ]
            }
        ]
    },
    {
        "client_msg_id": "247081d9-00d2-4347-a9c8-ca3386fdd4e8",
        "type": "message",
        "text": "tip no está incluida porque Viktor desaconseja su uso por inestable",
        "user": "UJN8D8U3B",
        "ts": "1589706799.338300",
        "team": "TJH5YU202",
        "user_team": "TJH5YU202",
        "source_team": "TJH5YU202",
        "user_profile": {
            "avatar_hash": "g92ad2abcc45",
            "image_72": "https:\/\/secure.gravatar.com\/avatar\/8492ad2abcc45ce53969adcf8420acde.jpg?s=72&d=https%3A%2F%2Fa.slack-edge.com%2Fdf10d%2Fimg%2Favatars%2Fava_0008-72.png",
            "first_name": "",
            "real_name": "Antonio Linares",
            "display_name": "Antonio Linares",
            "team": "TJH5YU202",
            "name": "alinares",
            "is_restricted": false,
            "is_ultra_restricted": false
        },
        "blocks": [
            {
                "type": "rich_text",
                "block_id": "6NxwQ",
                "elements": [
                    {
                        "type": "rich_text_section",
                        "elements": [
                            {
                                "type": "text",
                                "text": "tip no está incluida porque Viktor desaconseja su uso por inestable"
                            }
                        ]
                    }
                ]
            }
        ]
    },
    {
        "client_msg_id": "267e01d5-e130-4d2c-bdb0-025e4bf799ce",
        "type": "message",
        "text": "pero curl y curls si",
        "user": "UJN8D8U3B",
        "ts": "1589706807.338500",
        "team": "TJH5YU202",
        "user_team": "TJH5YU202",
        "source_team": "TJH5YU202",
        "user_profile": {
            "avatar_hash": "g92ad2abcc45",
            "image_72": "https:\/\/secure.gravatar.com\/avatar\/8492ad2abcc45ce53969adcf8420acde.jpg?s=72&d=https%3A%2F%2Fa.slack-edge.com%2Fdf10d%2Fimg%2Favatars%2Fava_0008-72.png",
            "first_name": "",
            "real_name": "Antonio Linares",
            "display_name": "Antonio Linares",
            "team": "TJH5YU202",
            "name": "alinares",
            "is_restricted": false,
            "is_ultra_restricted": false
        },
        "blocks": [
            {
                "type": "rich_text",
                "block_id": "a+z",
                "elements": [
                    {
                        "type": "rich_text_section",
                        "elements": [
                            {
                                "type": "text",
                                "text": "pero curl y curls si"
                            }
                        ]
                    }
                ]
            }
        ]
    },
    {
        "client_msg_id": "332d6a3f-50fe-4144-b2fc-40ad75108887",
        "type": "message",
        "text": "Vale !",
        "user": "UJWR5N32S",
        "ts": "1589707157.338700",
        "team": "TJH5YU202",
        "user_team": "TJH5YU202",
        "source_team": "TJH5YU202",
        "user_profile": {
            "avatar_hash": "273d3745f7ae",
            "image_72": "https:\/\/avatars.slack-edge.com\/2019-05-20\/634344238497_273d3745f7ae1b176b82_72.jpg",
            "first_name": "Charly",
            "real_name": "Charly",
            "display_name": "Charly",
            "team": "TJH5YU202",
            "name": "carles9000",
            "is_restricted": false,
            "is_ultra_restricted": false
        },
        "blocks": [
            {
                "type": "rich_text",
                "block_id": "qZt",
                "elements": [
                    {
                        "type": "rich_text_section",
                        "elements": [
                            {
                                "type": "text",
                                "text": "Vale !"
                            }
                        ]
                    }
                ]
            }
        ]
    },
    {
        "client_msg_id": "34fde76d-6536-4476-98d6-0f7438fd20b4",
        "type": "message",
        "text": "Recuerdo q en su dia ya puse el \"tip\" en el foro. Solo salto Enrico q decia q el siempre la usaba y ok... <https:\/\/forums.fivetechsupport.com\/viewtopic.php?f=6&amp;t=36278&amp;p=218066&amp;hilit=tip#p218066>",
        "user": "UJWR5N32S",
        "ts": "1589707239.339500",
        "team": "TJH5YU202",
        "user_team": "TJH5YU202",
        "source_team": "TJH5YU202",
        "user_profile": {
            "avatar_hash": "273d3745f7ae",
            "image_72": "https:\/\/avatars.slack-edge.com\/2019-05-20\/634344238497_273d3745f7ae1b176b82_72.jpg",
            "first_name": "Charly",
            "real_name": "Charly",
            "display_name": "Charly",
            "team": "TJH5YU202",
            "name": "carles9000",
            "is_restricted": false,
            "is_ultra_restricted": false
        },
        "blocks": [
            {
                "type": "rich_text",
                "block_id": "KTq",
                "elements": [
                    {
                        "type": "rich_text_section",
                        "elements": [
                            {
                                "type": "text",
                                "text": "Recuerdo q en su dia ya puse el \"tip\" en el foro. Solo salto Enrico q decia q el siempre la usaba y ok... "
                            },
                            {
                                "type": "link",
                                "url": "https:\/\/forums.fivetechsupport.com\/viewtopic.php?f=6&t=36278&p=218066&hilit=tip#p218066"
                            }
                        ]
                    }
                ]
            }
        ]
    },
    {
        "client_msg_id": "1435e025-7c2f-4a46-a042-2e77d12ab92a",
        "type": "message",
        "text": "podemos incluirla :slightly_smiling_face:",
        "user": "UJN8D8U3B",
        "ts": "1589707652.339800",
        "team": "TJH5YU202",
        "user_team": "TJH5YU202",
        "source_team": "TJH5YU202",
        "user_profile": {
            "avatar_hash": "g92ad2abcc45",
            "image_72": "https:\/\/secure.gravatar.com\/avatar\/8492ad2abcc45ce53969adcf8420acde.jpg?s=72&d=https%3A%2F%2Fa.slack-edge.com%2Fdf10d%2Fimg%2Favatars%2Fava_0008-72.png",
            "first_name": "",
            "real_name": "Antonio Linares",
            "display_name": "Antonio Linares",
            "team": "TJH5YU202",
            "name": "alinares",
            "is_restricted": false,
            "is_ultra_restricted": false
        },
        "blocks": [
            {
                "type": "rich_text",
                "block_id": "Ug4",
                "elements": [
                    {
                        "type": "rich_text_section",
                        "elements": [
                            {
                                "type": "text",
                                "text": "podemos incluirla "
                            },
                            {
                                "type": "emoji",
                                "name": "slightly_smiling_face"
                            }
                        ]
                    }
                ]
            }
        ]
    },
    {
        "client_msg_id": "57f2d8fd-d0c4-45c7-a123-595f3e0e12eb",
        "type": "message",
        "text": "Cambiando mi pobre maquina de 32 a 64... :disappointed:",
        "user": "UJWR5N32S",
        "ts": "1589713787.340500",
        "team": "TJH5YU202",
        "user_team": "TJH5YU202",
        "source_team": "TJH5YU202",
        "user_profile": {
            "avatar_hash": "273d3745f7ae",
            "image_72": "https:\/\/avatars.slack-edge.com\/2019-05-20\/634344238497_273d3745f7ae1b176b82_72.jpg",
            "first_name": "Charly",
            "real_name": "Charly",
            "display_name": "Charly",
            "team": "TJH5YU202",
            "name": "carles9000",
            "is_restricted": false,
            "is_ultra_restricted": false
        },
        "blocks": [
            {
                "type": "rich_text",
                "block_id": "zIlt",
                "elements": [
                    {
                        "type": "rich_text_section",
                        "elements": [
                            {
                                "type": "text",
                                "text": "Cambiando mi pobre maquina de 32 a 64... "
                            },
                            {
                                "type": "emoji",
                                "name": "disappointed"
                            }
                        ]
                    }
                ]
            }
        ]
    },
    {
        "client_msg_id": "f2cb7a86-321b-43e5-8900-ba63020c66ce",
        "type": "message",
        "text": "Con lo bien que se ha portado estos años...",
        "user": "UJWR5N32S",
        "ts": "1589713800.340900",
        "team": "TJH5YU202",
        "user_team": "TJH5YU202",
        "source_team": "TJH5YU202",
        "user_profile": {
            "avatar_hash": "273d3745f7ae",
            "image_72": "https:\/\/avatars.slack-edge.com\/2019-05-20\/634344238497_273d3745f7ae1b176b82_72.jpg",
            "first_name": "Charly",
            "real_name": "Charly",
            "display_name": "Charly",
            "team": "TJH5YU202",
            "name": "carles9000",
            "is_restricted": false,
            "is_ultra_restricted": false
        },
        "blocks": [
            {
                "type": "rich_text",
                "block_id": "Ek1b5",
                "elements": [
                    {
                        "type": "rich_text_section",
                        "elements": [
                            {
                                "type": "text",
                                "text": "Con lo bien que se ha portado estos años..."
                            }
                        ]
                    }
                ]
            }
        ]
    },
    {
        "client_msg_id": "e9b869cd-e7ed-423b-aa24-bd3bc9cdc0b2",
        "type": "message",
        "text": ":disappointed_relieved:",
        "user": "UJWR5N32S",
        "ts": "1589713823.341300",
        "team": "TJH5YU202",
        "user_team": "TJH5YU202",
        "source_team": "TJH5YU202",
        "user_profile": {
            "avatar_hash": "273d3745f7ae",
            "image_72": "https:\/\/avatars.slack-edge.com\/2019-05-20\/634344238497_273d3745f7ae1b176b82_72.jpg",
            "first_name": "Charly",
            "real_name": "Charly",
            "display_name": "Charly",
            "team": "TJH5YU202",
            "name": "carles9000",
            "is_restricted": false,
            "is_ultra_restricted": false
        },
        "blocks": [
            {
                "type": "rich_text",
                "block_id": "N70+y",
                "elements": [
                    {
                        "type": "rich_text_section",
                        "elements": [
                            {
                                "type": "emoji",
                                "name": "disappointed_relieved"
                            }
                        ]
                    }
                ]
            }
        ]
    },
    {
        "client_msg_id": "fe491ae6-1874-4f3f-8de0-c7959749fa31",
        "type": "message",
        "text": "Buena domingo",
        "user": "UK28N3CER",
        "ts": "1589734357.342200",
        "team": "TJH5YU202",
        "user_team": "TJH5YU202",
        "source_team": "TJH5YU202",
        "user_profile": {
            "avatar_hash": "0eafa7153ff3",
            "image_72": "https:\/\/avatars.slack-edge.com\/2020-05-18\/1155120542496_0eafa7153ff35206c804_72.jpg",
            "first_name": "Cesar",
            "real_name": "Cesar SysCtrl Software",
            "display_name": "Cesar SysCtrl Software",
            "team": "TJH5YU202",
            "name": "sysctrlsoftware",
            "is_restricted": false,
            "is_ultra_restricted": false
        },
        "blocks": [
            {
                "type": "rich_text",
                "block_id": "\/\/0c",
                "elements": [
                    {
                        "type": "rich_text_section",
                        "elements": [
                            {
                                "type": "text",
                                "text": "Buena domingo"
                            }
                        ]
                    }
                ]
            }
        ]
    },
    {
        "type": "message",
        "text": "",
        "files": [
            {
                "id": "F013TC4169H",
                "created": 1589752093,
                "timestamp": 1589752093,
                "name": "image.png",
                "title": "image.png",
                "mimetype": "image\/png",
                "filetype": "png",
                "pretty_type": "PNG",
                "user": "UJN8D8U3B",
                "editable": false,
                "size": 68606,
                "mode": "hosted",
                "is_external": false,
                "external_type": "",
                "is_public": true,
                "public_url_shared": false,
                "display_as_bot": false,
                "username": "",
                "url_private": "https:\/\/files.slack.com\/files-pri\/TJH5YU202-F013TC4169H\/image.png?t=xoxe-629202954002-1183293690563-1183293711699-bad0c83802ec68402d6030a1e442ae77",
                "url_private_download": "https:\/\/files.slack.com\/files-pri\/TJH5YU202-F013TC4169H\/download\/image.png?t=xoxe-629202954002-1183293690563-1183293711699-bad0c83802ec68402d6030a1e442ae77",
                "thumb_64": "https:\/\/files.slack.com\/files-tmb\/TJH5YU202-F013TC4169H-48a01ce95e\/image_64.png?t=xoxe-629202954002-1183293690563-1183293711699-bad0c83802ec68402d6030a1e442ae77",
                "thumb_80": "https:\/\/files.slack.com\/files-tmb\/TJH5YU202-F013TC4169H-48a01ce95e\/image_80.png?t=xoxe-629202954002-1183293690563-1183293711699-bad0c83802ec68402d6030a1e442ae77",
                "thumb_360": "https:\/\/files.slack.com\/files-tmb\/TJH5YU202-F013TC4169H-48a01ce95e\/image_360.png?t=xoxe-629202954002-1183293690563-1183293711699-bad0c83802ec68402d6030a1e442ae77",
                "thumb_360_w": 360,
                "thumb_360_h": 284,
                "thumb_480": "https:\/\/files.slack.com\/files-tmb\/TJH5YU202-F013TC4169H-48a01ce95e\/image_480.png?t=xoxe-629202954002-1183293690563-1183293711699-bad0c83802ec68402d6030a1e442ae77",
                "thumb_480_w": 480,
                "thumb_480_h": 379,
                "thumb_160": "https:\/\/files.slack.com\/files-tmb\/TJH5YU202-F013TC4169H-48a01ce95e\/image_160.png?t=xoxe-629202954002-1183293690563-1183293711699-bad0c83802ec68402d6030a1e442ae77",
                "thumb_720": "https:\/\/files.slack.com\/files-tmb\/TJH5YU202-F013TC4169H-48a01ce95e\/image_720.png?t=xoxe-629202954002-1183293690563-1183293711699-bad0c83802ec68402d6030a1e442ae77",
                "thumb_720_w": 720,
                "thumb_720_h": 568,
                "thumb_800": "https:\/\/files.slack.com\/files-tmb\/TJH5YU202-F013TC4169H-48a01ce95e\/image_800.png?t=xoxe-629202954002-1183293690563-1183293711699-bad0c83802ec68402d6030a1e442ae77",
                "thumb_800_w": 800,
                "thumb_800_h": 631,
                "thumb_960": "https:\/\/files.slack.com\/files-tmb\/TJH5YU202-F013TC4169H-48a01ce95e\/image_960.png?t=xoxe-629202954002-1183293690563-1183293711699-bad0c83802ec68402d6030a1e442ae77",
                "thumb_960_w": 960,
                "thumb_960_h": 757,
                "original_w": 1008,
                "original_h": 795,
                "thumb_tiny": "AwAlADCqEPoPzo2n0WoqKq67CsyTYfb86QHtxTKevWk7dA1An6UhOafnj\/P+FMpDG0UUUAFPXrTKeKAFbOO9NpxAPp+lNPWgBuKMUtFACYp4OKbSmgBdx7EikoFFAH\/\/2Q==",
                "permalink": "https:\/\/harbourproject.slack.com\/files\/UJN8D8U3B\/F013TC4169H\/image.png",
                "permalink_public": "https:\/\/slack-files.com\/TJH5YU202-F013TC4169H-59ce57217e",
                "is_starred": false,
                "has_rich_preview": false
            }
        ],
        "upload": true,
        "user": "UJN8D8U3B",
        "display_as_bot": false,
        "ts": "1589752095.342400",
        "client_msg_id": "296fd41b-079a-4bae-ade1-163dea40dca7"
    },
    {
        "client_msg_id": "deb9dd62-d613-4909-ab06-b265428a8f61",
        "type": "message",
        "text": "Charly aqui lo tienes por si te animas a probarlo :slightly_smiling_face:",
        "user": "UJN8D8U3B",
        "ts": "1589752278.343000",
        "team": "TJH5YU202",
        "user_team": "TJH5YU202",
        "source_team": "TJH5YU202",
        "user_profile": {
            "avatar_hash": "g92ad2abcc45",
            "image_72": "https:\/\/secure.gravatar.com\/avatar\/8492ad2abcc45ce53969adcf8420acde.jpg?s=72&d=https%3A%2F%2Fa.slack-edge.com%2Fdf10d%2Fimg%2Favatars%2Fava_0008-72.png",
            "first_name": "",
            "real_name": "Antonio Linares",
            "display_name": "Antonio Linares",
            "team": "TJH5YU202",
            "name": "alinares",
            "is_restricted": false,
            "is_ultra_restricted": false
        },
        "blocks": [
            {
                "type": "rich_text",
                "block_id": "zkZ4x",
                "elements": [
                    {
                        "type": "rich_text_section",
                        "elements": [
                            {
                                "type": "text",
                                "text": "Charly aqui lo tienes por si te animas a probarlo "
                            },
                            {
                                "type": "emoji",
                                "name": "slightly_smiling_face"
                            }
                        ]
                    }
                ]
            }
        ]
    },
    {
        "client_msg_id": "e7089966-9fa4-466e-84bd-179c2bf594d9",
        "type": "message",
        "text": "<https:\/\/github.com\/FiveTechSoft\/mod_harbour\/releases\/tag\/2.0>",
        "user": "UJN8D8U3B",
        "ts": "1589752282.343200",
        "team": "TJH5YU202",
        "user_team": "TJH5YU202",
        "source_team": "TJH5YU202",
        "user_profile": {
            "avatar_hash": "g92ad2abcc45",
            "image_72": "https:\/\/secure.gravatar.com\/avatar\/8492ad2abcc45ce53969adcf8420acde.jpg?s=72&d=https%3A%2F%2Fa.slack-edge.com%2Fdf10d%2Fimg%2Favatars%2Fava_0008-72.png",
            "first_name": "",
            "real_name": "Antonio Linares",
            "display_name": "Antonio Linares",
            "team": "TJH5YU202",
            "name": "alinares",
            "is_restricted": false,
            "is_ultra_restricted": false
        },
        "blocks": [
            {
                "type": "rich_text",
                "block_id": "mcnO",
                "elements": [
                    {
                        "type": "rich_text_section",
                        "elements": [
                            {
                                "type": "link",
                                "url": "https:\/\/github.com\/FiveTechSoft\/mod_harbour\/releases\/tag\/2.0"
                            }
                        ]
                    }
                ]
            }
        ]
    },
    {
        "client_msg_id": "46506483-08b7-452e-9c28-06c1a76ffd9c",
        "type": "message",
        "text": "porqué los binarios de windows son 20 veces mas grandes que los de linux ?",
        "user": "UM81W8B0Q",
        "ts": "1589752829.343600",
        "team": "TJH5YU202",
        "user_team": "TJH5YU202",
        "source_team": "TJH5YU202",
        "user_profile": {
            "avatar_hash": "gab9279ee8c0",
            "image_72": "https:\/\/secure.gravatar.com\/avatar\/73ab9279ee8c00f66ce4904d30146c8f.jpg?s=72&d=https%3A%2F%2Fa.slack-edge.com%2Fdf10d%2Fimg%2Favatars%2Fava_0010-72.png",
            "first_name": "",
            "real_name": "Angel Pais",
            "display_name": "Angel Pais",
            "team": "TJH5YU202",
            "name": "amigosam",
            "is_restricted": false,
            "is_ultra_restricted": false
        },
        "edited": {
            "user": "UM81W8B0Q",
            "ts": "1589752841.000000"
        },
        "blocks": [
            {
                "type": "rich_text",
                "block_id": "e+xuw",
                "elements": [
                    {
                        "type": "rich_text_section",
                        "elements": [
                            {
                                "type": "text",
                                "text": "porqué los binarios de windows son 20 veces mas grandes que los de linux ?"
                            }
                        ]
                    }
                ]
            }
        ]
    },
    {
        "client_msg_id": "50221740-8d7c-46f5-91ab-cc9064cf2211",
        "type": "message",
        "text": "creo que los de linux no incluyen libcrypto y libssl",
        "user": "UNAHBRTFA",
        "ts": "1589752901.344100",
        "team": "TJH5YU202",
        "user_team": "TJH5YU202",
        "source_team": "TJH5YU202",
        "user_profile": {
            "avatar_hash": "g3d2a3f4c28c",
            "image_72": "https:\/\/secure.gravatar.com\/avatar\/23d2a3f4c28cebb4cf07e48d02620517.jpg?s=72&d=https%3A%2F%2Fa.slack-edge.com%2Fdf10d%2Fimg%2Favatars%2Fava_0020-72.png",
            "first_name": "Andreu",
            "real_name": "Andreu Botella",
            "display_name": "Andreu Botella",
            "team": "TJH5YU202",
            "name": "andreu.132",
            "is_restricted": false,
            "is_ultra_restricted": false
        },
        "edited": {
            "user": "UNAHBRTFA",
            "ts": "1589752910.000000"
        },
        "blocks": [
            {
                "type": "rich_text",
                "block_id": "xzf",
                "elements": [
                    {
                        "type": "rich_text_section",
                        "elements": [
                            {
                                "type": "text",
                                "text": "creo que los de linux no incluyen libcrypto y libssl"
                            }
                        ]
                    }
                ]
            }
        ]
    },
    {
        "client_msg_id": "1eef9085-a879-4a0d-bb5a-83aa4a998aa2",
        "type": "message",
        "text": "ahh, gracias Andreu",
        "user": "UM81W8B0Q",
        "ts": "1589752938.344600",
        "team": "TJH5YU202",
        "user_team": "TJH5YU202",
        "source_team": "TJH5YU202",
        "user_profile": {
            "avatar_hash": "gab9279ee8c0",
            "image_72": "https:\/\/secure.gravatar.com\/avatar\/73ab9279ee8c00f66ce4904d30146c8f.jpg?s=72&d=https%3A%2F%2Fa.slack-edge.com%2Fdf10d%2Fimg%2Favatars%2Fava_0010-72.png",
            "first_name": "",
            "real_name": "Angel Pais",
            "display_name": "Angel Pais",
            "team": "TJH5YU202",
            "name": "amigosam",
            "is_restricted": false,
            "is_ultra_restricted": false
        },
        "blocks": [
            {
                "type": "rich_text",
                "block_id": "d2qDf",
                "elements": [
                    {
                        "type": "rich_text_section",
                        "elements": [
                            {
                                "type": "text",
                                "text": "ahh, gracias Andreu"
                            }
                        ]
                    }
                ]
            }
        ]
    },
    {
        "client_msg_id": "96ef5788-8b09-410d-a734-c793015561f6",
        "type": "message",
        "text": "está bueno como repositorio de harbour binaries que en el grupo de harbour users se pasan preguntando, ya que incluye los binarios de harbour y las contribs",
        "user": "UM81W8B0Q",
        "ts": "1589753268.345100",
        "team": "TJH5YU202",
        "user_team": "TJH5YU202",
        "source_team": "TJH5YU202",
        "user_profile": {
            "avatar_hash": "gab9279ee8c0",
            "image_72": "https:\/\/secure.gravatar.com\/avatar\/73ab9279ee8c00f66ce4904d30146c8f.jpg?s=72&d=https%3A%2F%2Fa.slack-edge.com%2Fdf10d%2Fimg%2Favatars%2Fava_0010-72.png",
            "first_name": "",
            "real_name": "Angel Pais",
            "display_name": "Angel Pais",
            "team": "TJH5YU202",
            "name": "amigosam",
            "is_restricted": false,
            "is_ultra_restricted": false
        },
        "blocks": [
            {
                "type": "rich_text",
                "block_id": "j3pZG",
                "elements": [
                    {
                        "type": "rich_text_section",
                        "elements": [
                            {
                                "type": "text",
                                "text": "está bueno como repositorio de harbour binaries que en el grupo de harbour users se pasan preguntando, ya que incluye los binarios de harbour y las contribs"
                            }
                        ]
                    }
                ]
            }
        ]
    },
    {
        "client_msg_id": "a5755057-f325-4582-871f-3fe6d850df26",
        "type": "message",
        "text": "hoy en dia los nuevos a harbour andan preguntando donde está la ultima versión, ese repo sirve",
        "user": "UM81W8B0Q",
        "ts": "1589753291.345300",
        "team": "TJH5YU202",
        "user_team": "TJH5YU202",
        "source_team": "TJH5YU202",
        "user_profile": {
            "avatar_hash": "gab9279ee8c0",
            "image_72": "https:\/\/secure.gravatar.com\/avatar\/73ab9279ee8c00f66ce4904d30146c8f.jpg?s=72&d=https%3A%2F%2Fa.slack-edge.com%2Fdf10d%2Fimg%2Favatars%2Fava_0010-72.png",
            "first_name": "",
            "real_name": "Angel Pais",
            "display_name": "Angel Pais",
            "team": "TJH5YU202",
            "name": "amigosam",
            "is_restricted": false,
            "is_ultra_restricted": false
        },
        "blocks": [
            {
                "type": "rich_text",
                "block_id": "+u4gr",
                "elements": [
                    {
                        "type": "rich_text_section",
                        "elements": [
                            {
                                "type": "text",
                                "text": "hoy en dia los nuevos a harbour andan preguntando donde está la ultima versión, ese repo sirve"
                            }
                        ]
                    }
                ]
            }
        ]
    },
    {
        "client_msg_id": "825d1761-a3cc-4df2-a41a-6c2c3498cb66",
        "type": "message",
        "text": "y de yapa se llevan el mod para que le vayan sitiendo el gustito",
        "user": "UM81W8B0Q",
        "ts": "1589753329.345500",
        "team": "TJH5YU202",
        "user_team": "TJH5YU202",
        "source_team": "TJH5YU202",
        "user_profile": {
            "avatar_hash": "gab9279ee8c0",
            "image_72": "https:\/\/secure.gravatar.com\/avatar\/73ab9279ee8c00f66ce4904d30146c8f.jpg?s=72&d=https%3A%2F%2Fa.slack-edge.com%2Fdf10d%2Fimg%2Favatars%2Fava_0010-72.png",
            "first_name": "",
            "real_name": "Angel Pais",
            "display_name": "Angel Pais",
            "team": "TJH5YU202",
            "name": "amigosam",
            "is_restricted": false,
            "is_ultra_restricted": false
        },
        "blocks": [
            {
                "type": "rich_text",
                "block_id": "4bK",
                "elements": [
                    {
                        "type": "rich_text_section",
                        "elements": [
                            {
                                "type": "text",
                                "text": "y de yapa se llevan el mod para que le vayan sitiendo el gustito"
                            }
                        ]
                    }
                ]
            }
        ]
    },
    {
        "client_msg_id": "f052dfa4-2cf4-4c46-a19e-3a98627d45bc",
        "type": "message",
        "text": "Ya que parece que los builds de <http:\/\/github.com\/FiveTechSoft\/Habrour_builder|github.com\/FiveTechSoft\/Habrour_builder> están completos y funcionan, se podría crear un pull request a harbour\/core",
        "user": "UNAHBRTFA",
        "ts": "1589753487.346500",
        "team": "TJH5YU202",
        "user_team": "TJH5YU202",
        "source_team": "TJH5YU202",
        "user_profile": {
            "avatar_hash": "g3d2a3f4c28c",
            "image_72": "https:\/\/secure.gravatar.com\/avatar\/23d2a3f4c28cebb4cf07e48d02620517.jpg?s=72&d=https%3A%2F%2Fa.slack-edge.com%2Fdf10d%2Fimg%2Favatars%2Fava_0020-72.png",
            "first_name": "Andreu",
            "real_name": "Andreu Botella",
            "display_name": "Andreu Botella",
            "team": "TJH5YU202",
            "name": "andreu.132",
            "is_restricted": false,
            "is_ultra_restricted": false
        },
        "blocks": [
            {
                "type": "rich_text",
                "block_id": "xw\/R",
                "elements": [
                    {
                        "type": "rich_text_section",
                        "elements": [
                            {
                                "type": "text",
                                "text": "Ya que parece que los builds de "
                            },
                            {
                                "type": "link",
                                "url": "http:\/\/github.com\/FiveTechSoft\/Habrour_builder",
                                "text": "github.com\/FiveTechSoft\/Habrour_builder"
                            },
                            {
                                "type": "text",
                                "text": " están completos y funcionan, se podría crear un pull request a harbour\/core"
                            }
                        ]
                    }
                ]
            }
        ]
    },
    {
        "client_msg_id": "1fb6b164-0509-4332-8638-85908441c20b",
        "type": "message",
        "text": "ojalá les den bola",
        "user": "UM81W8B0Q",
        "ts": "1589753666.346900",
        "team": "TJH5YU202",
        "user_team": "TJH5YU202",
        "source_team": "TJH5YU202",
        "user_profile": {
            "avatar_hash": "gab9279ee8c0",
            "image_72": "https:\/\/secure.gravatar.com\/avatar\/73ab9279ee8c00f66ce4904d30146c8f.jpg?s=72&d=https%3A%2F%2Fa.slack-edge.com%2Fdf10d%2Fimg%2Favatars%2Fava_0010-72.png",
            "first_name": "",
            "real_name": "Angel Pais",
            "display_name": "Angel Pais",
            "team": "TJH5YU202",
            "name": "amigosam",
            "is_restricted": false,
            "is_ultra_restricted": false
        },
        "blocks": [
            {
                "type": "rich_text",
                "block_id": "grf7",
                "elements": [
                    {
                        "type": "rich_text_section",
                        "elements": [
                            {
                                "type": "text",
                                "text": "ojalá les den bola"
                            }
                        ]
                    }
                ]
            }
        ]
    },
    {
        "client_msg_id": "89c7c49d-39bb-4d9b-9444-bea1d1a5cce6",
        "type": "message",
        "text": "Incluso se podria armar el .exe del nightly desde github Actions una vez finalizada la creacion de los binarios",
        "user": "UJRQZMTAM",
        "ts": "1589753897.347700",
        "team": "TJH5YU202",
        "user_team": "TJH5YU202",
        "source_team": "TJH5YU202",
        "user_profile": {
            "avatar_hash": "0d8c567df084",
            "image_72": "https:\/\/avatars.slack-edge.com\/2019-11-22\/834908722243_0d8c567df084bf59d639_72.png",
            "first_name": "Diego",
            "real_name": "Diego F",
            "display_name": "Diego F",
            "team": "TJH5YU202",
            "name": "diegohfazio",
            "is_restricted": false,
            "is_ultra_restricted": false
        },
        "blocks": [
            {
                "type": "rich_text",
                "block_id": "c7lxw",
                "elements": [
                    {
                        "type": "rich_text_section",
                        "elements": [
                            {
                                "type": "text",
                                "text": "Incluso se podria armar el .exe del nightly desde github Actions una vez finalizada la creacion de los binarios"
                            }
                        ]
                    }
                ]
            }
        ]
    },
    {
        "client_msg_id": "de08d560-9b14-4041-b6d6-97696336731a",
        "type": "message",
        "text": "@Angel los de Windows incluyen el Harbour usado con todos sus fuentes",
        "user": "UJN8D8U3B",
        "ts": "1589772249.348300",
        "team": "TJH5YU202",
        "user_team": "TJH5YU202",
        "source_team": "TJH5YU202",
        "user_profile": {
            "avatar_hash": "g92ad2abcc45",
            "image_72": "https:\/\/secure.gravatar.com\/avatar\/8492ad2abcc45ce53969adcf8420acde.jpg?s=72&d=https%3A%2F%2Fa.slack-edge.com%2Fdf10d%2Fimg%2Favatars%2Fava_0008-72.png",
            "first_name": "",
            "real_name": "Antonio Linares",
            "display_name": "Antonio Linares",
            "team": "TJH5YU202",
            "name": "alinares",
            "is_restricted": false,
            "is_ultra_restricted": false
        },
        "blocks": [
            {
                "type": "rich_text",
                "block_id": "sYdpr",
                "elements": [
                    {
                        "type": "rich_text_section",
                        "elements": [
                            {
                                "type": "text",
                                "text": "@Angel los de Windows incluyen el Harbour usado con todos sus fuentes"
                            }
                        ]
                    }
                ]
            }
        ]
    },
    {
        "client_msg_id": "3babbf27-fc35-46ad-a7f9-3d2f9cff53e7",
        "type": "message",
        "text": "el de Linux no",
        "user": "UJN8D8U3B",
        "ts": "1589772262.348600",
        "team": "TJH5YU202",
        "user_team": "TJH5YU202",
        "source_team": "TJH5YU202",
        "user_profile": {
            "avatar_hash": "g92ad2abcc45",
            "image_72": "https:\/\/secure.gravatar.com\/avatar\/8492ad2abcc45ce53969adcf8420acde.jpg?s=72&d=https%3A%2F%2Fa.slack-edge.com%2Fdf10d%2Fimg%2Favatars%2Fava_0008-72.png",
            "first_name": "",
            "real_name": "Antonio Linares",
            "display_name": "Antonio Linares",
            "team": "TJH5YU202",
            "name": "alinares",
            "is_restricted": false,
            "is_ultra_restricted": false
        },
        "blocks": [
            {
                "type": "rich_text",
                "block_id": "y7=fN",
                "elements": [
                    {
                        "type": "rich_text_section",
                        "elements": [
                            {
                                "type": "text",
                                "text": "el de Linux no"
                            }
                        ]
                    }
                ]
            }
        ]
    },
    {
        "client_msg_id": "ffb9236d-7a88-4604-bf90-cc617b6ca906",
        "type": "message",
        "text": "buenos dias :sunny:",
        "user": "UJN8D8U3B",
        "ts": "1589772273.348900",
        "team": "TJH5YU202",
        "user_team": "TJH5YU202",
        "source_team": "TJH5YU202",
        "user_profile": {
            "avatar_hash": "g92ad2abcc45",
            "image_72": "https:\/\/secure.gravatar.com\/avatar\/8492ad2abcc45ce53969adcf8420acde.jpg?s=72&d=https%3A%2F%2Fa.slack-edge.com%2Fdf10d%2Fimg%2Favatars%2Fava_0008-72.png",
            "first_name": "",
            "real_name": "Antonio Linares",
            "display_name": "Antonio Linares",
            "team": "TJH5YU202",
            "name": "alinares",
            "is_restricted": false,
            "is_ultra_restricted": false
        },
        "blocks": [
            {
                "type": "rich_text",
                "block_id": "keRGB",
                "elements": [
                    {
                        "type": "rich_text_section",
                        "elements": [
                            {
                                "type": "text",
                                "text": "buenos dias "
                            },
                            {
                                "type": "emoji",
                                "name": "sunny"
                            }
                        ]
                    }
                ]
            }
        ]
    },
    {
        "client_msg_id": "b373ffb1-3636-4398-bca4-1ae9e91326cb",
        "type": "message",
        "text": "todos incluyen libcrypto y libssl Andreu",
        "user": "UJN8D8U3B",
        "ts": "1589772316.349300",
        "team": "TJH5YU202",
        "user_team": "TJH5YU202",
        "source_team": "TJH5YU202",
        "user_profile": {
            "avatar_hash": "g92ad2abcc45",
            "image_72": "https:\/\/secure.gravatar.com\/avatar\/8492ad2abcc45ce53969adcf8420acde.jpg?s=72&d=https%3A%2F%2Fa.slack-edge.com%2Fdf10d%2Fimg%2Favatars%2Fava_0008-72.png",
            "first_name": "",
            "real_name": "Antonio Linares",
            "display_name": "Antonio Linares",
            "team": "TJH5YU202",
            "name": "alinares",
            "is_restricted": false,
            "is_ultra_restricted": false
        },
        "blocks": [
            {
                "type": "rich_text",
                "block_id": "QRjPZ",
                "elements": [
                    {
                        "type": "rich_text_section",
                        "elements": [
                            {
                                "type": "text",
                                "text": "todos incluyen libcrypto y libssl Andreu"
                            }
                        ]
                    }
                ]
            }
        ]
    },
    {
        "client_msg_id": "8837db11-92d3-435b-bfc1-3cfd18125b06",
        "type": "message",
        "text": "Buen día",
        "user": "UK28N3CER",
        "ts": "1589775394.349700",
        "team": "TJH5YU202",
        "user_team": "TJH5YU202",
        "source_team": "TJH5YU202",
        "user_profile": {
            "avatar_hash": "0eafa7153ff3",
            "image_72": "https:\/\/avatars.slack-edge.com\/2020-05-18\/1155120542496_0eafa7153ff35206c804_72.jpg",
            "first_name": "Cesar",
            "real_name": "Cesar SysCtrl Software",
            "display_name": "Cesar SysCtrl Software",
            "team": "TJH5YU202",
            "name": "sysctrlsoftware",
            "is_restricted": false,
            "is_ultra_restricted": false
        },
        "blocks": [
            {
                "type": "rich_text",
                "block_id": "czMx",
                "elements": [
                    {
                        "type": "rich_text_section",
                        "elements": [
                            {
                                "type": "text",
                                "text": "Buen día"
                            }
                        ]
                    }
                ]
            }
        ]
    },
    {
        "client_msg_id": "69d15a11-db84-47e2-96b6-339aa16d7115",
        "type": "message",
        "text": "Bon dia",
        "user": "UJWR5N32S",
        "ts": "1589785084.350100",
        "team": "TJH5YU202",
        "user_team": "TJH5YU202",
        "source_team": "TJH5YU202",
        "user_profile": {
            "avatar_hash": "273d3745f7ae",
            "image_72": "https:\/\/avatars.slack-edge.com\/2019-05-20\/634344238497_273d3745f7ae1b176b82_72.jpg",
            "first_name": "Charly",
            "real_name": "Charly",
            "display_name": "Charly",
            "team": "TJH5YU202",
            "name": "carles9000",
            "is_restricted": false,
            "is_ultra_restricted": false
        },
        "blocks": [
            {
                "type": "rich_text",
                "block_id": "UUp",
                "elements": [
                    {
                        "type": "rich_text_section",
                        "elements": [
                            {
                                "type": "text",
                                "text": "Bon dia"
                            }
                        ]
                    }
                ]
            }
        ]
    }
]