[
    {
        "client_msg_id": "b76c2f4a-8221-43dd-9ced-46c2a17a3673",
        "type": "message",
        "text": "Buenos dias",
        "user": "UJURBDZ6U",
        "ts": "1591945400.345400",
        "team": "TJH5YU202",
        "user_team": "TJH5YU202",
        "source_team": "TJH5YU202",
        "user_profile": {
            "avatar_hash": "g67538ae1907",
            "image_72": "https:\/\/secure.gravatar.com\/avatar\/b967538ae19073bca8ce8c34fefb13e2.jpg?s=72&d=https%3A%2F%2Fa.slack-edge.com%2Fdf10d%2Fimg%2Favatars%2Fava_0005-72.png",
            "first_name": "",
            "real_name": "Quim",
            "display_name": "Quim",
            "team": "TJH5YU202",
            "name": "qferrer63",
            "is_restricted": false,
            "is_ultra_restricted": false
        },
        "blocks": [
            {
                "type": "rich_text",
                "block_id": "+jM",
                "elements": [
                    {
                        "type": "rich_text_section",
                        "elements": [
                            {
                                "type": "text",
                                "text": "Buenos dias"
                            }
                        ]
                    }
                ]
            }
        ],
        "thread_ts": "1591942411.310500",
        "parent_user_id": "UJN8D8U3B"
    },
    {
        "client_msg_id": "36a6d880-d11d-4355-9b08-fd2f14775492",
        "type": "message",
        "text": "```&lt;script type=\"text\/javascript\" language=\"javascript\"&gt;\n    function RunFile() {\n    WshShell = new ActiveXObject(\"WScript.Shell\");\n    WshShell.Run(\"c:\/windows\/system32\/notepad.exe\", 1, false);\n    }\n&lt;\/script&gt;```\n",
        "user": "UJURBDZ6U",
        "ts": "1591945401.345600",
        "team": "TJH5YU202",
        "user_team": "TJH5YU202",
        "source_team": "TJH5YU202",
        "user_profile": {
            "avatar_hash": "g67538ae1907",
            "image_72": "https:\/\/secure.gravatar.com\/avatar\/b967538ae19073bca8ce8c34fefb13e2.jpg?s=72&d=https%3A%2F%2Fa.slack-edge.com%2Fdf10d%2Fimg%2Favatars%2Fava_0005-72.png",
            "first_name": "",
            "real_name": "Quim",
            "display_name": "Quim",
            "team": "TJH5YU202",
            "name": "qferrer63",
            "is_restricted": false,
            "is_ultra_restricted": false
        },
        "blocks": [
            {
                "type": "rich_text",
                "block_id": "41\/Vr",
                "elements": [
                    {
                        "type": "rich_text_preformatted",
                        "elements": [
                            {
                                "type": "text",
                                "text": "<script type=\"text\/javascript\" language=\"javascript\">\n    function RunFile() {\n    WshShell = new ActiveXObject(\"WScript.Shell\");\n    WshShell.Run(\"c:\/windows\/system32\/notepad.exe\", 1, false);\n    }\n<\/script>"
                            }
                        ]
                    },
                    {
                        "type": "rich_text_section",
                        "elements": []
                    }
                ]
            }
        ],
        "thread_ts": "1591942411.310500",
        "parent_user_id": "UJN8D8U3B"
    },
    {
        "client_msg_id": "5941ec53-6d17-4290-b76a-28fd558235b1",
        "type": "message",
        "text": "Mira si te funciona, así, a voleo :slightly_smiling_face:",
        "user": "UJURBDZ6U",
        "ts": "1591945423.345800",
        "team": "TJH5YU202",
        "user_team": "TJH5YU202",
        "source_team": "TJH5YU202",
        "user_profile": {
            "avatar_hash": "g67538ae1907",
            "image_72": "https:\/\/secure.gravatar.com\/avatar\/b967538ae19073bca8ce8c34fefb13e2.jpg?s=72&d=https%3A%2F%2Fa.slack-edge.com%2Fdf10d%2Fimg%2Favatars%2Fava_0005-72.png",
            "first_name": "",
            "real_name": "Quim",
            "display_name": "Quim",
            "team": "TJH5YU202",
            "name": "qferrer63",
            "is_restricted": false,
            "is_ultra_restricted": false
        },
        "blocks": [
            {
                "type": "rich_text",
                "block_id": "vq1",
                "elements": [
                    {
                        "type": "rich_text_section",
                        "elements": [
                            {
                                "type": "text",
                                "text": "Mira si te funciona, así, a voleo "
                            },
                            {
                                "type": "emoji",
                                "name": "slightly_smiling_face"
                            }
                        ]
                    }
                ]
            }
        ],
        "thread_ts": "1591942411.310500",
        "parent_user_id": "UJN8D8U3B"
    },
    {
        "client_msg_id": "706ad9d4-312d-4d70-b099-c5f0888df2d0",
        "type": "message",
        "text": "<https:\/\/www.codeproject.com\/articles\/113678\/how-to-execute-a-local-file-using-html-application>",
        "user": "UJURBDZ6U",
        "ts": "1591945518.346000",
        "team": "TJH5YU202",
        "user_team": "TJH5YU202",
        "source_team": "TJH5YU202",
        "user_profile": {
            "avatar_hash": "g67538ae1907",
            "image_72": "https:\/\/secure.gravatar.com\/avatar\/b967538ae19073bca8ce8c34fefb13e2.jpg?s=72&d=https%3A%2F%2Fa.slack-edge.com%2Fdf10d%2Fimg%2Favatars%2Fava_0005-72.png",
            "first_name": "",
            "real_name": "Quim",
            "display_name": "Quim",
            "team": "TJH5YU202",
            "name": "qferrer63",
            "is_restricted": false,
            "is_ultra_restricted": false
        },
        "attachments": [
            {
                "title": "How to execute a Local File using HTML Application?",
                "title_link": "https:\/\/www.codeproject.com\/articles\/113678\/how-to-execute-a-local-file-using-html-application",
                "text": "How to execute a Local File using HTML Application?",
                "fallback": "How to execute a Local File using HTML Application?",
                "from_url": "https:\/\/www.codeproject.com\/articles\/113678\/how-to-execute-a-local-file-using-html-application",
                "service_icon": "https:\/\/www.codeproject.com\/favicon\/apple-touch-icon.png",
                "service_name": "CodeProject",
                "id": 1,
                "original_url": "https:\/\/www.codeproject.com\/articles\/113678\/how-to-execute-a-local-file-using-html-application"
            }
        ],
        "blocks": [
            {
                "type": "rich_text",
                "block_id": "UCT+",
                "elements": [
                    {
                        "type": "rich_text_section",
                        "elements": [
                            {
                                "type": "link",
                                "url": "https:\/\/www.codeproject.com\/articles\/113678\/how-to-execute-a-local-file-using-html-application"
                            }
                        ]
                    }
                ]
            }
        ],
        "thread_ts": "1591942411.310500",
        "parent_user_id": "UJN8D8U3B"
    },
    {
        "client_msg_id": "372969f2-e61b-45a7-9846-ef9a92b1fdec",
        "type": "message",
        "text": "Ya podeis empezar a probar la versión para fastCGI:",
        "user": "UJN8D8U3B",
        "ts": "1591947783.347400",
        "team": "TJH5YU202",
        "user_team": "TJH5YU202",
        "source_team": "TJH5YU202",
        "user_profile": {
            "avatar_hash": "g92ad2abcc45",
            "image_72": "https:\/\/secure.gravatar.com\/avatar\/8492ad2abcc45ce53969adcf8420acde.jpg?s=72&d=https%3A%2F%2Fa.slack-edge.com%2Fdf10d%2Fimg%2Favatars%2Fava_0008-72.png",
            "first_name": "",
            "real_name": "Antonio Linares",
            "display_name": "Antonio Linares",
            "team": "TJH5YU202",
            "name": "alinares",
            "is_restricted": false,
            "is_ultra_restricted": false
        },
        "blocks": [
            {
                "type": "rich_text",
                "block_id": "9P3l8",
                "elements": [
                    {
                        "type": "rich_text_section",
                        "elements": [
                            {
                                "type": "text",
                                "text": "Ya podeis empezar a probar la versión para fastCGI:"
                            }
                        ]
                    }
                ]
            }
        ]
    },
    {
        "client_msg_id": "1201ad99-19af-482e-a19c-6b0880a61883",
        "type": "message",
        "text": "<https:\/\/github.com\/FiveTechSoft\/mod_harbour\/tree\/master\/fastcgi>",
        "user": "UJN8D8U3B",
        "ts": "1591947785.347600",
        "team": "TJH5YU202",
        "user_team": "TJH5YU202",
        "source_team": "TJH5YU202",
        "user_profile": {
            "avatar_hash": "g92ad2abcc45",
            "image_72": "https:\/\/secure.gravatar.com\/avatar\/8492ad2abcc45ce53969adcf8420acde.jpg?s=72&d=https%3A%2F%2Fa.slack-edge.com%2Fdf10d%2Fimg%2Favatars%2Fava_0008-72.png",
            "first_name": "",
            "real_name": "Antonio Linares",
            "display_name": "Antonio Linares",
            "team": "TJH5YU202",
            "name": "alinares",
            "is_restricted": false,
            "is_ultra_restricted": false
        },
        "blocks": [
            {
                "type": "rich_text",
                "block_id": "c79Mq",
                "elements": [
                    {
                        "type": "rich_text_section",
                        "elements": [
                            {
                                "type": "link",
                                "url": "https:\/\/github.com\/FiveTechSoft\/mod_harbour\/tree\/master\/fastcgi"
                            }
                        ]
                    }
                ]
            }
        ]
    },
    {
        "client_msg_id": "b62d32e1-37b5-44ac-803c-dc98a59c415e",
        "type": "message",
        "text": "Con vuestras preguntas y feedback, vamos a ir mejorando la documentación de como se instala, etc",
        "user": "UJN8D8U3B",
        "ts": "1591947838.348300",
        "team": "TJH5YU202",
        "user_team": "TJH5YU202",
        "source_team": "TJH5YU202",
        "user_profile": {
            "avatar_hash": "g92ad2abcc45",
            "image_72": "https:\/\/secure.gravatar.com\/avatar\/8492ad2abcc45ce53969adcf8420acde.jpg?s=72&d=https%3A%2F%2Fa.slack-edge.com%2Fdf10d%2Fimg%2Favatars%2Fava_0008-72.png",
            "first_name": "",
            "real_name": "Antonio Linares",
            "display_name": "Antonio Linares",
            "team": "TJH5YU202",
            "name": "alinares",
            "is_restricted": false,
            "is_ultra_restricted": false
        },
        "blocks": [
            {
                "type": "rich_text",
                "block_id": "OyhK",
                "elements": [
                    {
                        "type": "rich_text_section",
                        "elements": [
                            {
                                "type": "text",
                                "text": "Con vuestras preguntas y feedback, vamos a ir mejorando la documentación de como se instala, etc"
                            }
                        ]
                    }
                ]
            }
        ]
    },
    {
        "client_msg_id": "0bd0d170-4144-431e-967a-17fa4410cbc9",
        "type": "message",
        "text": "Seria bueno para probar q hubiera una version base en win64, porque el 98% usa win...",
        "user": "UJWR5N32S",
        "ts": "1591951920.349000",
        "team": "TJH5YU202",
        "user_team": "TJH5YU202",
        "source_team": "TJH5YU202",
        "user_profile": {
            "avatar_hash": "273d3745f7ae",
            "image_72": "https:\/\/avatars.slack-edge.com\/2019-05-20\/634344238497_273d3745f7ae1b176b82_72.jpg",
            "first_name": "Charly",
            "real_name": "Charly",
            "display_name": "Charly",
            "team": "TJH5YU202",
            "name": "carles9000",
            "is_restricted": false,
            "is_ultra_restricted": false
        },
        "blocks": [
            {
                "type": "rich_text",
                "block_id": "+Wwb",
                "elements": [
                    {
                        "type": "rich_text_section",
                        "elements": [
                            {
                                "type": "text",
                                "text": "Seria bueno para probar q hubiera una version base en win64, porque el 98% usa win..."
                            }
                        ]
                    }
                ]
            }
        ]
    },
    {
        "client_msg_id": "39af566b-46c8-4b8b-8aa6-c01273547779",
        "type": "message",
        "text": "Lamentablemente, sólo funciona en Internet Explotter :disappointed:",
        "user": "UJURBDZ6U",
        "ts": "1591954548.349100",
        "team": "TJH5YU202",
        "user_team": "TJH5YU202",
        "source_team": "TJH5YU202",
        "user_profile": {
            "avatar_hash": "g67538ae1907",
            "image_72": "https:\/\/secure.gravatar.com\/avatar\/b967538ae19073bca8ce8c34fefb13e2.jpg?s=72&d=https%3A%2F%2Fa.slack-edge.com%2Fdf10d%2Fimg%2Favatars%2Fava_0005-72.png",
            "first_name": "",
            "real_name": "Quim",
            "display_name": "Quim",
            "team": "TJH5YU202",
            "name": "qferrer63",
            "is_restricted": false,
            "is_ultra_restricted": false
        },
        "blocks": [
            {
                "type": "rich_text",
                "block_id": "V=7J",
                "elements": [
                    {
                        "type": "rich_text_section",
                        "elements": [
                            {
                                "type": "text",
                                "text": "Lamentablemente, sólo funciona en Internet Explotter "
                            },
                            {
                                "type": "emoji",
                                "name": "disappointed"
                            }
                        ]
                    }
                ]
            }
        ],
        "thread_ts": "1591942411.310500",
        "parent_user_id": "UJN8D8U3B"
    },
    {
        "client_msg_id": "49b17563-c820-4ccb-8a73-2e0505ee3603",
        "type": "message",
        "text": "+1... para que Charly pueda comprar Aceite de Oliva del bueno",
        "user": "UM81W8B0Q",
        "ts": "1591960218.349400",
        "team": "TJH5YU202",
        "user_team": "TJH5YU202",
        "source_team": "TJH5YU202",
        "user_profile": {
            "avatar_hash": "gab9279ee8c0",
            "image_72": "https:\/\/secure.gravatar.com\/avatar\/73ab9279ee8c00f66ce4904d30146c8f.jpg?s=72&d=https%3A%2F%2Fa.slack-edge.com%2Fdf10d%2Fimg%2Favatars%2Fava_0010-72.png",
            "first_name": "",
            "real_name": "Angel Pais",
            "display_name": "Angel Pais",
            "team": "TJH5YU202",
            "name": "amigosam",
            "is_restricted": false,
            "is_ultra_restricted": false
        },
        "blocks": [
            {
                "type": "rich_text",
                "block_id": "vjmAJ",
                "elements": [
                    {
                        "type": "rich_text_section",
                        "elements": [
                            {
                                "type": "text",
                                "text": "+1... para que Charly pueda comprar Aceite de Oliva del bueno"
                            }
                        ]
                    }
                ]
            }
        ],
        "thread_ts": "1591868078.239100",
        "parent_user_id": "UJULQCHL5"
    },
    {
        "client_msg_id": "d73837d5-7f5b-48b6-9a90-df2325653555",
        "type": "message",
        "text": "next... :slightly_smiling_face:",
        "user": "UJN8D8U3B",
        "ts": "1591960358.349700",
        "team": "TJH5YU202",
        "user_team": "TJH5YU202",
        "source_team": "TJH5YU202",
        "user_profile": {
            "avatar_hash": "g92ad2abcc45",
            "image_72": "https:\/\/secure.gravatar.com\/avatar\/8492ad2abcc45ce53969adcf8420acde.jpg?s=72&d=https%3A%2F%2Fa.slack-edge.com%2Fdf10d%2Fimg%2Favatars%2Fava_0008-72.png",
            "first_name": "",
            "real_name": "Antonio Linares",
            "display_name": "Antonio Linares",
            "team": "TJH5YU202",
            "name": "alinares",
            "is_restricted": false,
            "is_ultra_restricted": false
        },
        "blocks": [
            {
                "type": "rich_text",
                "block_id": "eGhTY",
                "elements": [
                    {
                        "type": "rich_text_section",
                        "elements": [
                            {
                                "type": "text",
                                "text": "next... "
                            },
                            {
                                "type": "emoji",
                                "name": "slightly_smiling_face"
                            }
                        ]
                    }
                ]
            }
        ]
    },
    {
        "client_msg_id": "3732d9e0-9c78-4707-be0c-b68c661a711f",
        "type": "message",
        "text": "Buenos días :sunny:",
        "user": "UK28N3CER",
        "ts": "1591965092.350300",
        "team": "TJH5YU202",
        "user_team": "TJH5YU202",
        "source_team": "TJH5YU202",
        "user_profile": {
            "avatar_hash": "0eafa7153ff3",
            "image_72": "https:\/\/avatars.slack-edge.com\/2020-05-18\/1155120542496_0eafa7153ff35206c804_72.jpg",
            "first_name": "Cesar",
            "real_name": "Cesar SysCtrl Software",
            "display_name": "Cesar SysCtrl Software",
            "team": "TJH5YU202",
            "name": "sysctrlsoftware",
            "is_restricted": false,
            "is_ultra_restricted": false
        },
        "blocks": [
            {
                "type": "rich_text",
                "block_id": "14vca",
                "elements": [
                    {
                        "type": "rich_text_section",
                        "elements": [
                            {
                                "type": "text",
                                "text": "Buenos días "
                            },
                            {
                                "type": "emoji",
                                "name": "sunny"
                            }
                        ]
                    }
                ]
            }
        ]
    },
    {
        "client_msg_id": "32e4f71b-6d84-4262-b74e-995d8bcbb9cd",
        "type": "message",
        "text": "Interesante el modelo fastcgi  es el que mas se acerca a la solución de ModHarbour web. Pinta muy bueno",
        "user": "UK28N3CER",
        "ts": "1591965210.352800",
        "team": "TJH5YU202",
        "user_team": "TJH5YU202",
        "source_team": "TJH5YU202",
        "user_profile": {
            "avatar_hash": "0eafa7153ff3",
            "image_72": "https:\/\/avatars.slack-edge.com\/2020-05-18\/1155120542496_0eafa7153ff35206c804_72.jpg",
            "first_name": "Cesar",
            "real_name": "Cesar SysCtrl Software",
            "display_name": "Cesar SysCtrl Software",
            "team": "TJH5YU202",
            "name": "sysctrlsoftware",
            "is_restricted": false,
            "is_ultra_restricted": false
        },
        "blocks": [
            {
                "type": "rich_text",
                "block_id": "zekmR",
                "elements": [
                    {
                        "type": "rich_text_section",
                        "elements": [
                            {
                                "type": "text",
                                "text": "Interesante el modelo fastcgi  es el que mas se acerca a la solución de ModHarbour web. Pinta muy bueno"
                            }
                        ]
                    }
                ]
            }
        ]
    },
    {
        "client_msg_id": "79d83290-541e-4758-a0fd-11854fc08dee",
        "type": "message",
        "text": "Vamos a probar",
        "user": "UK28N3CER",
        "ts": "1591965219.353100",
        "team": "TJH5YU202",
        "user_team": "TJH5YU202",
        "source_team": "TJH5YU202",
        "user_profile": {
            "avatar_hash": "0eafa7153ff3",
            "image_72": "https:\/\/avatars.slack-edge.com\/2020-05-18\/1155120542496_0eafa7153ff35206c804_72.jpg",
            "first_name": "Cesar",
            "real_name": "Cesar SysCtrl Software",
            "display_name": "Cesar SysCtrl Software",
            "team": "TJH5YU202",
            "name": "sysctrlsoftware",
            "is_restricted": false,
            "is_ultra_restricted": false
        },
        "blocks": [
            {
                "type": "rich_text",
                "block_id": "vnKFg",
                "elements": [
                    {
                        "type": "rich_text_section",
                        "elements": [
                            {
                                "type": "text",
                                "text": "Vamos a probar"
                            }
                        ]
                    }
                ]
            }
        ]
    },
    {
        "client_msg_id": "a60f502a-a873-48a7-9b59-466b99542503",
        "type": "message",
        "text": ":joy:",
        "user": "UK28N3CER",
        "ts": "1591965632.353200",
        "team": "TJH5YU202",
        "user_team": "TJH5YU202",
        "source_team": "TJH5YU202",
        "user_profile": {
            "avatar_hash": "0eafa7153ff3",
            "image_72": "https:\/\/avatars.slack-edge.com\/2020-05-18\/1155120542496_0eafa7153ff35206c804_72.jpg",
            "first_name": "Cesar",
            "real_name": "Cesar SysCtrl Software",
            "display_name": "Cesar SysCtrl Software",
            "team": "TJH5YU202",
            "name": "sysctrlsoftware",
            "is_restricted": false,
            "is_ultra_restricted": false
        },
        "blocks": [
            {
                "type": "rich_text",
                "block_id": "YTR",
                "elements": [
                    {
                        "type": "rich_text_section",
                        "elements": [
                            {
                                "type": "emoji",
                                "name": "joy"
                            }
                        ]
                    }
                ]
            }
        ],
        "thread_ts": "1591868078.239100",
        "parent_user_id": "UJULQCHL5"
    },
    {
        "client_msg_id": "ddaa3367-4e8e-4896-aaf8-4404ee9792eb",
        "type": "message",
        "text": "Pregunta tonta, hablando de fastcgi; Dado que se puede usar fastcg_wait() y cuando llegue una petición, es lanzada con thread o sin thread, es posible tener abierta una base de datos llámese dbf o coneccion a sql, y que cada petición use la coneccion ?",
        "user": "UJUSD6VB2",
        "ts": "1591984610.355500",
        "team": "TJH5YU202",
        "user_team": "TJH5YU202",
        "source_team": "TJH5YU202",
        "user_profile": {
            "avatar_hash": "g1677a02d0b6",
            "image_72": "https:\/\/secure.gravatar.com\/avatar\/bb1677a02d0b69ba91eb245090c7c83a.jpg?s=72&d=https%3A%2F%2Fa.slack-edge.com%2Fdf10d%2Fimg%2Favatars%2Fava_0015-72.png",
            "first_name": "",
            "real_name": "Osvaldo Ramirez",
            "display_name": "Osvaldo Ramirez",
            "team": "TJH5YU202",
            "name": "ramirezosvaldo",
            "is_restricted": false,
            "is_ultra_restricted": false
        },
        "blocks": [
            {
                "type": "rich_text",
                "block_id": "mvf",
                "elements": [
                    {
                        "type": "rich_text_section",
                        "elements": [
                            {
                                "type": "text",
                                "text": "Pregunta tonta, hablando de fastcgi; Dado que se puede usar fastcg_wait() y cuando llegue una petición, es lanzada con thread o sin thread, es posible tener abierta una base de datos llámese dbf o coneccion a sql, y que cada petición use la coneccion ?"
                            }
                        ]
                    }
                ]
            }
        ]
    },
    {
        "client_msg_id": "164a41c6-0fe3-4fa9-83b6-854b54fcbbdb",
        "type": "message",
        "text": "Dbf no creo. Se ha de probar. Reflexionando si tu haces una operacion el puntero al registro es uno, y si entra otra peticion estaria apuntando alla",
        "user": "UJWR5N32S",
        "ts": "1591985634.358900",
        "team": "TJH5YU202",
        "user_team": "TJH5YU202",
        "source_team": "TJH5YU202",
        "user_profile": {
            "avatar_hash": "273d3745f7ae",
            "image_72": "https:\/\/avatars.slack-edge.com\/2019-05-20\/634344238497_273d3745f7ae1b176b82_72.jpg",
            "first_name": "Charly",
            "real_name": "Charly",
            "display_name": "Charly",
            "team": "TJH5YU202",
            "name": "carles9000",
            "is_restricted": false,
            "is_ultra_restricted": false
        },
        "blocks": [
            {
                "type": "rich_text",
                "block_id": "NaI2\/",
                "elements": [
                    {
                        "type": "rich_text_section",
                        "elements": [
                            {
                                "type": "text",
                                "text": "Dbf no creo. Se ha de probar. Reflexionando si tu haces una operacion el puntero al registro es uno, y si entra otra peticion estaria apuntando alla"
                            }
                        ]
                    }
                ]
            }
        ]
    },
    {
        "client_msg_id": "54e97f3f-f42c-4b1f-8228-9b510a096893",
        "type": "message",
        "text": "Todo esto abre un  nuevo escenario",
        "user": "UJWR5N32S",
        "ts": "1591985651.359500",
        "team": "TJH5YU202",
        "user_team": "TJH5YU202",
        "source_team": "TJH5YU202",
        "user_profile": {
            "avatar_hash": "273d3745f7ae",
            "image_72": "https:\/\/avatars.slack-edge.com\/2019-05-20\/634344238497_273d3745f7ae1b176b82_72.jpg",
            "first_name": "Charly",
            "real_name": "Charly",
            "display_name": "Charly",
            "team": "TJH5YU202",
            "name": "carles9000",
            "is_restricted": false,
            "is_ultra_restricted": false
        },
        "blocks": [
            {
                "type": "rich_text",
                "block_id": "N7f",
                "elements": [
                    {
                        "type": "rich_text_section",
                        "elements": [
                            {
                                "type": "text",
                                "text": "Todo esto abre un  nuevo escenario"
                            }
                        ]
                    }
                ]
            }
        ]
    },
    {
        "client_msg_id": "304e473c-f1ee-49fa-bd5a-bb1920ef8d3a",
        "type": "message",
        "text": "Se ha de probar",
        "user": "UJWR5N32S",
        "ts": "1591985663.359800",
        "team": "TJH5YU202",
        "user_team": "TJH5YU202",
        "source_team": "TJH5YU202",
        "user_profile": {
            "avatar_hash": "273d3745f7ae",
            "image_72": "https:\/\/avatars.slack-edge.com\/2019-05-20\/634344238497_273d3745f7ae1b176b82_72.jpg",
            "first_name": "Charly",
            "real_name": "Charly",
            "display_name": "Charly",
            "team": "TJH5YU202",
            "name": "carles9000",
            "is_restricted": false,
            "is_ultra_restricted": false
        },
        "blocks": [
            {
                "type": "rich_text",
                "block_id": "b6mn\/",
                "elements": [
                    {
                        "type": "rich_text_section",
                        "elements": [
                            {
                                "type": "text",
                                "text": "Se ha de probar"
                            }
                        ]
                    }
                ]
            }
        ]
    },
    {
        "client_msg_id": "5b19da6e-db0b-481a-83ac-4dc6cf7af076",
        "type": "message",
        "text": "Quizas con la conexion a mysql si, pero insusto se ha d probar y recapacitar",
        "user": "UJWR5N32S",
        "ts": "1591985731.361000",
        "team": "TJH5YU202",
        "user_team": "TJH5YU202",
        "source_team": "TJH5YU202",
        "user_profile": {
            "avatar_hash": "273d3745f7ae",
            "image_72": "https:\/\/avatars.slack-edge.com\/2019-05-20\/634344238497_273d3745f7ae1b176b82_72.jpg",
            "first_name": "Charly",
            "real_name": "Charly",
            "display_name": "Charly",
            "team": "TJH5YU202",
            "name": "carles9000",
            "is_restricted": false,
            "is_ultra_restricted": false
        },
        "blocks": [
            {
                "type": "rich_text",
                "block_id": "dHi4",
                "elements": [
                    {
                        "type": "rich_text_section",
                        "elements": [
                            {
                                "type": "text",
                                "text": "Quizas con la conexion a mysql si, pero insusto se ha d probar y recapacitar"
                            }
                        ]
                    }
                ]
            }
        ]
    },
    {
        "client_msg_id": "70a9bc2a-9c47-47d4-a1aa-9d15cd72af11",
        "type": "message",
        "text": "Paquito me ha hecho pensar q es cierto q cada conexion usara el mismo exe pero diferentes clientes... :thinking_face:",
        "user": "UJWR5N32S",
        "ts": "1591985789.362500",
        "team": "TJH5YU202",
        "user_team": "TJH5YU202",
        "source_team": "TJH5YU202",
        "user_profile": {
            "avatar_hash": "273d3745f7ae",
            "image_72": "https:\/\/avatars.slack-edge.com\/2019-05-20\/634344238497_273d3745f7ae1b176b82_72.jpg",
            "first_name": "Charly",
            "real_name": "Charly",
            "display_name": "Charly",
            "team": "TJH5YU202",
            "name": "carles9000",
            "is_restricted": false,
            "is_ultra_restricted": false
        },
        "blocks": [
            {
                "type": "rich_text",
                "block_id": "G\/HN",
                "elements": [
                    {
                        "type": "rich_text_section",
                        "elements": [
                            {
                                "type": "text",
                                "text": "Paquito me ha hecho pensar q es cierto q cada conexion usara el mismo exe pero diferentes clientes... "
                            },
                            {
                                "type": "emoji",
                                "name": "thinking_face"
                            }
                        ]
                    }
                ]
            }
        ]
    },
    {
        "client_msg_id": "7588b79a-f93f-4a8d-8d5a-660e0ad18b08",
        "type": "message",
        "text": "Si, tienes razón, posiblemente dbf no, pero, pero tal vez una coneccion a mysql.",
        "user": "UJUSD6VB2",
        "ts": "1591985881.363300",
        "team": "TJH5YU202",
        "user_team": "TJH5YU202",
        "source_team": "TJH5YU202",
        "user_profile": {
            "avatar_hash": "g1677a02d0b6",
            "image_72": "https:\/\/secure.gravatar.com\/avatar\/bb1677a02d0b69ba91eb245090c7c83a.jpg?s=72&d=https%3A%2F%2Fa.slack-edge.com%2Fdf10d%2Fimg%2Favatars%2Fava_0015-72.png",
            "first_name": "",
            "real_name": "Osvaldo Ramirez",
            "display_name": "Osvaldo Ramirez",
            "team": "TJH5YU202",
            "name": "ramirezosvaldo",
            "is_restricted": false,
            "is_ultra_restricted": false
        },
        "blocks": [
            {
                "type": "rich_text",
                "block_id": "XQKrI",
                "elements": [
                    {
                        "type": "rich_text_section",
                        "elements": [
                            {
                                "type": "text",
                                "text": "Si, tienes razón, posiblemente dbf no, pero, pero tal vez una coneccion a mysql."
                            }
                        ]
                    }
                ]
            }
        ]
    },
    {
        "client_msg_id": "7e10f059-fefe-4808-8825-170bd9eee075",
        "type": "message",
        "text": "estamos todos inquietos,",
        "user": "UK28N3CER",
        "ts": "1591985888.363600",
        "team": "TJH5YU202",
        "user_team": "TJH5YU202",
        "source_team": "TJH5YU202",
        "user_profile": {
            "avatar_hash": "0eafa7153ff3",
            "image_72": "https:\/\/avatars.slack-edge.com\/2020-05-18\/1155120542496_0eafa7153ff35206c804_72.jpg",
            "first_name": "Cesar",
            "real_name": "Cesar SysCtrl Software",
            "display_name": "Cesar SysCtrl Software",
            "team": "TJH5YU202",
            "name": "sysctrlsoftware",
            "is_restricted": false,
            "is_ultra_restricted": false
        },
        "blocks": [
            {
                "type": "rich_text",
                "block_id": "InK",
                "elements": [
                    {
                        "type": "rich_text_section",
                        "elements": [
                            {
                                "type": "text",
                                "text": "estamos todos inquietos,"
                            }
                        ]
                    }
                ]
            }
        ]
    },
    {
        "client_msg_id": "acfdccf4-1de8-40e5-85c2-9e3a18c1cb72",
        "type": "message",
        "text": "pero vieron la velocidad ?",
        "user": "UK28N3CER",
        "ts": "1591985903.363900",
        "team": "TJH5YU202",
        "user_team": "TJH5YU202",
        "source_team": "TJH5YU202",
        "user_profile": {
            "avatar_hash": "0eafa7153ff3",
            "image_72": "https:\/\/avatars.slack-edge.com\/2020-05-18\/1155120542496_0eafa7153ff35206c804_72.jpg",
            "first_name": "Cesar",
            "real_name": "Cesar SysCtrl Software",
            "display_name": "Cesar SysCtrl Software",
            "team": "TJH5YU202",
            "name": "sysctrlsoftware",
            "is_restricted": false,
            "is_ultra_restricted": false
        },
        "blocks": [
            {
                "type": "rich_text",
                "block_id": "fuHA",
                "elements": [
                    {
                        "type": "rich_text_section",
                        "elements": [
                            {
                                "type": "text",
                                "text": "pero vieron la velocidad ?"
                            }
                        ]
                    }
                ]
            }
        ]
    },
    {
        "client_msg_id": "cc2b00de-085e-4a8f-ae23-0e3d59ed7aab",
        "type": "message",
        "text": "lento, pero rapido.",
        "user": "UJUSD6VB2",
        "ts": "1591985919.364200",
        "team": "TJH5YU202",
        "user_team": "TJH5YU202",
        "source_team": "TJH5YU202",
        "user_profile": {
            "avatar_hash": "g1677a02d0b6",
            "image_72": "https:\/\/secure.gravatar.com\/avatar\/bb1677a02d0b69ba91eb245090c7c83a.jpg?s=72&d=https%3A%2F%2Fa.slack-edge.com%2Fdf10d%2Fimg%2Favatars%2Fava_0015-72.png",
            "first_name": "",
            "real_name": "Osvaldo Ramirez",
            "display_name": "Osvaldo Ramirez",
            "team": "TJH5YU202",
            "name": "ramirezosvaldo",
            "is_restricted": false,
            "is_ultra_restricted": false
        },
        "blocks": [
            {
                "type": "rich_text",
                "block_id": "7oKG",
                "elements": [
                    {
                        "type": "rich_text_section",
                        "elements": [
                            {
                                "type": "text",
                                "text": "lento, pero rapido."
                            }
                        ]
                    }
                ]
            }
        ]
    },
    {
        "client_msg_id": "42eefeab-5594-4038-8ed5-f5426bd3461d",
        "type": "message",
        "text": "El mod actual ya es muy rapido. Cuando fmod este listo... pues mucho mas :slightly_smiling_face:",
        "user": "UJWR5N32S",
        "ts": "1591986888.365800",
        "team": "TJH5YU202",
        "user_team": "TJH5YU202",
        "source_team": "TJH5YU202",
        "user_profile": {
            "avatar_hash": "273d3745f7ae",
            "image_72": "https:\/\/avatars.slack-edge.com\/2019-05-20\/634344238497_273d3745f7ae1b176b82_72.jpg",
            "first_name": "Charly",
            "real_name": "Charly",
            "display_name": "Charly",
            "team": "TJH5YU202",
            "name": "carles9000",
            "is_restricted": false,
            "is_ultra_restricted": false
        },
        "blocks": [
            {
                "type": "rich_text",
                "block_id": "VOhU",
                "elements": [
                    {
                        "type": "rich_text_section",
                        "elements": [
                            {
                                "type": "text",
                                "text": "El mod actual ya es muy rapido. Cuando fmod este listo... pues mucho mas "
                            },
                            {
                                "type": "emoji",
                                "name": "slightly_smiling_face"
                            }
                        ]
                    }
                ]
            }
        ]
    },
    {
        "client_msg_id": "24c59a6c-5907-435d-a0ab-b74ac140ed4c",
        "type": "message",
        "text": "Como han dicho, ahora tenemos un servicio, en forma de .exe para atender.  Como el .exe esta dando vueltas esperando, no hay que levantar al mod en cada request y tampoco hay que hacer el copy de la .dll. Por eso el sistema se llama SIN CONTEMPLACIONES fast, por algo tan evidente de no estar levantando maquina para cada request.\n\nSi tuvieramos varias webApp, quiza pudiera ser mejor tener varios modHarbour.exe... Pero eso como diria Big, ha de verse.\nLo bueno del .exe es que tenemos estados, para usar o no, allá cada cual con su conciencia :wink:\n\nSi quiero mantener el estado de un workArea lo que haré es lo de toda la vida cuando hemos trabajado con aplicaciones MDI, abrir la .dbf con un alias distinto por cada sesion y chim-pun, que diría Big... el referenciado.\n\nQue la tabla de simbolos crezca en cada request no es problema. Es como funcionan nuestros .exe. Ahora mismo harbour soporta más de 3 millones de simbolos, es decir, el infinito.\n\nEste sistema abre muchas posibilidades, o eso me parece a mi, que el anterior. Eso si, no pretendais que un hosting shared os ponga un .exe, pero es que tampoco os iban a poner un modulo para Harbour. Con todo eso ya contamos.  Quizá si se pudiera hacer una pasarela del hosting shared a un servidor del modHarbour alojado en otro sitio. Eso ya lo vimos con GitHub pero no funcionaba en algun caso... no recuerdo por qué... el alzheimer me está matando... las células grises se están evaporando.\n\nTenemos muy buenas razones todos para estar contentos.\n\n\n===\nMañana vemos el otro tema con Charly. Mi propuesta es que Charly nos haga una entrada de pedidos como la que vimos el otro día... y para qué le voy a dar más vueltas: Que mejore progresivamente esa webApp y lleve aparejado un sistema de donaciones pongamos por caso semestral... Quizá en ese sistema de donaciones no debería ser el mismo precio el que lleva 4 donaciones que el que acaba de entrar... hay que premiar SIEMPRE el esfuerzo de ser suscriptor longevo, pero teniendo en cuenta que también hay que facilitar que otros se integren al proyecto.  Esa es mi percepción del asunto. Mañana, micro en mano que cada uno hable o calle para siempre.\nPor otra parte a mi me gustaria que el proyecto incluyera la forma TWeb de diseño de templates y no diseñarlas a pelo... Pero entiendo que esto hay que someterlo al juicio del Big creador y de la mayoría (la tiranía de la mayoría, llamada eufemísticamente democracia)\n\nPodría estar tecleando un año sin decir nada que merezca la pena... como el padre de Homer... pero eso es otro tema del que si quereis os hablo",
        "user": "UJULQCHL5",
        "ts": "1591988265.381000",
        "team": "TJH5YU202",
        "user_team": "TJH5YU202",
        "source_team": "TJH5YU202",
        "user_profile": {
            "avatar_hash": "g7659142325a",
            "image_72": "https:\/\/secure.gravatar.com\/avatar\/c87659142325a3facb661d85281ec091.jpg?s=72&d=https%3A%2F%2Fa.slack-edge.com%2Fdf10d%2Fimg%2Favatars%2Fava_0003-72.png",
            "first_name": "",
            "real_name": "Paquito",
            "display_name": "Paquito",
            "team": "TJH5YU202",
            "name": "hmpaquito",
            "is_restricted": false,
            "is_ultra_restricted": false
        },
        "edited": {
            "user": "UJULQCHL5",
            "ts": "1591988319.000000"
        },
        "blocks": [
            {
                "type": "rich_text",
                "block_id": "SzJIG",
                "elements": [
                    {
                        "type": "rich_text_section",
                        "elements": [
                            {
                                "type": "text",
                                "text": "Como han dicho, ahora tenemos un servicio, en forma de .exe para atender.  Como el .exe esta dando vueltas esperando, no hay que levantar al mod en cada request y tampoco hay que hacer el copy de la .dll. Por eso el sistema se llama SIN CONTEMPLACIONES fast, por algo tan evidente de no estar levantando maquina para cada request.\n\nSi tuvieramos varias webApp, quiza pudiera ser mejor tener varios modHarbour.exe... Pero eso como diria Big, ha de verse.\nLo bueno del .exe es que tenemos estados, para usar o no, allá cada cual con su conciencia "
                            },
                            {
                                "type": "emoji",
                                "name": "wink"
                            },
                            {
                                "type": "text",
                                "text": "\n\nSi quiero mantener el estado de un workArea lo que haré es lo de toda la vida cuando hemos trabajado con aplicaciones MDI, abrir la .dbf con un alias distinto por cada sesion y chim-pun, que diría Big... el referenciado.\n\nQue la tabla de simbolos crezca en cada request no es problema. Es como funcionan nuestros .exe. Ahora mismo harbour soporta más de 3 millones de simbolos, es decir, el infinito.\n\nEste sistema abre muchas posibilidades, o eso me parece a mi, que el anterior. Eso si, no pretendais que un hosting shared os ponga un .exe, pero es que tampoco os iban a poner un modulo para Harbour. Con todo eso ya contamos.  Quizá si se pudiera hacer una pasarela del hosting shared a un servidor del modHarbour alojado en otro sitio. Eso ya lo vimos con GitHub pero no funcionaba en algun caso... no recuerdo por qué... el alzheimer me está matando... las células grises se están evaporando.\n\nTenemos muy buenas razones todos para estar contentos.\n\n\n===\nMañana vemos el otro tema con Charly. Mi propuesta es que Charly nos haga una entrada de pedidos como la que vimos el otro día... y para qué le voy a dar más vueltas: Que mejore progresivamente esa webApp y lleve aparejado un sistema de donaciones pongamos por caso semestral... Quizá en ese sistema de donaciones no debería ser el mismo precio el que lleva 4 donaciones que el que acaba de entrar... hay que premiar SIEMPRE el esfuerzo de ser suscriptor longevo, pero teniendo en cuenta que también hay que facilitar que otros se integren al proyecto.  Esa es mi percepción del asunto. Mañana, micro en mano que cada uno hable o calle para siempre.\nPor otra parte a mi me gustaria que el proyecto incluyera la forma TWeb de diseño de templates y no diseñarlas a pelo... Pero entiendo que esto hay que someterlo al juicio del Big creador y de la mayoría (la tiranía de la mayoría, llamada eufemísticamente democracia)\n\nPodría estar tecleando un año sin decir nada que merezca la pena... como el padre de Homer... pero eso es otro tema del que si quereis os hablo"
                            }
                        ]
                    }
                ]
            }
        ]
    },
    {
        "type": "message",
        "text": "",
        "files": [
            {
                "id": "F015BLN5XBL",
                "created": 1591988273,
                "timestamp": 1591988273,
                "name": "687.gif",
                "title": "687.gif",
                "mimetype": "image\/gif",
                "filetype": "gif",
                "pretty_type": "GIF",
                "user": "UJULQCHL5",
                "editable": false,
                "size": 936328,
                "mode": "hosted",
                "is_external": false,
                "external_type": "",
                "is_public": true,
                "public_url_shared": false,
                "display_as_bot": false,
                "username": "",
                "url_private": "https:\/\/files.slack.com\/files-pri\/TJH5YU202-F015BLN5XBL\/687.gif?t=xoxe-629202954002-1183293690563-1183293711699-bad0c83802ec68402d6030a1e442ae77",
                "url_private_download": "https:\/\/files.slack.com\/files-pri\/TJH5YU202-F015BLN5XBL\/download\/687.gif?t=xoxe-629202954002-1183293690563-1183293711699-bad0c83802ec68402d6030a1e442ae77",
                "thumb_64": "https:\/\/files.slack.com\/files-tmb\/TJH5YU202-F015BLN5XBL-ec245749fb\/687_64.png?t=xoxe-629202954002-1183293690563-1183293711699-bad0c83802ec68402d6030a1e442ae77",
                "thumb_80": "https:\/\/files.slack.com\/files-tmb\/TJH5YU202-F015BLN5XBL-ec245749fb\/687_80.png?t=xoxe-629202954002-1183293690563-1183293711699-bad0c83802ec68402d6030a1e442ae77",
                "thumb_360": "https:\/\/files.slack.com\/files-tmb\/TJH5YU202-F015BLN5XBL-ec245749fb\/687_360.png?t=xoxe-629202954002-1183293690563-1183293711699-bad0c83802ec68402d6030a1e442ae77",
                "thumb_360_w": 360,
                "thumb_360_h": 270,
                "thumb_480": "https:\/\/files.slack.com\/files-tmb\/TJH5YU202-F015BLN5XBL-ec245749fb\/687_480.png?t=xoxe-629202954002-1183293690563-1183293711699-bad0c83802ec68402d6030a1e442ae77",
                "thumb_480_w": 480,
                "thumb_480_h": 360,
                "thumb_160": "https:\/\/files.slack.com\/files-tmb\/TJH5YU202-F015BLN5XBL-ec245749fb\/687_160.png?t=xoxe-629202954002-1183293690563-1183293711699-bad0c83802ec68402d6030a1e442ae77",
                "thumb_360_gif": "https:\/\/files.slack.com\/files-tmb\/TJH5YU202-F015BLN5XBL-ec245749fb\/687_360.gif?t=xoxe-629202954002-1183293690563-1183293711699-bad0c83802ec68402d6030a1e442ae77",
                "thumb_480_gif": "https:\/\/files.slack.com\/files-tmb\/TJH5YU202-F015BLN5XBL-ec245749fb\/687_480.gif?t=xoxe-629202954002-1183293690563-1183293711699-bad0c83802ec68402d6030a1e442ae77",
                "original_w": 500,
                "original_h": 375,
                "deanimate_gif": "https:\/\/files.slack.com\/files-tmb\/TJH5YU202-F015BLN5XBL-ec245749fb\/687_deanimate_gif.png?t=xoxe-629202954002-1183293690563-1183293711699-bad0c83802ec68402d6030a1e442ae77",
                "thumb_tiny": "AwAkADCvU0ERdjg4xSgASqEA4555qdG2r2H4VMmNLqQrBI\/RePfioWQqxUjBHUVZK5YnOKZEN7nPc0XKtF9SvRmrskCEEgYI\/WoOOwFClcnlXcApdgFOD61ZKqABjP1\/nVaB9rEdyPSrI5AyKbCJHcIdu5SRjqBRaIM5JPI4qR2wpOD0qGOVQFK8kYBoQPctSACFxknA6mqRG1ypP0qy86ONvbviq8jKz\/Kc4FMliW4xKfpTp2YMAGIGO1Jb\/wCtb6Utx98fSmHQljJMYJOTiqo4FWYv9UKrdqaBgoxnk9KRhlhTh3pD94UdAP\/Z",
                "permalink": "https:\/\/harbourproject.slack.com\/files\/UJULQCHL5\/F015BLN5XBL\/687.gif",
                "permalink_public": "https:\/\/slack-files.com\/TJH5YU202-F015BLN5XBL-303bd86764",
                "is_starred": false,
                "has_rich_preview": false
            }
        ],
        "upload": false,
        "user": "UJULQCHL5",
        "display_as_bot": false,
        "ts": "1591988283.381100"
    },
    {
        "type": "message",
        "text": "",
        "files": [
            {
                "id": "F015BT4QMDG",
                "created": 1591995293,
                "timestamp": 1591995293,
                "name": "image.png",
                "title": "image.png",
                "mimetype": "image\/png",
                "filetype": "png",
                "pretty_type": "PNG",
                "user": "UJN8D8U3B",
                "editable": false,
                "size": 39114,
                "mode": "hosted",
                "is_external": false,
                "external_type": "",
                "is_public": true,
                "public_url_shared": false,
                "display_as_bot": false,
                "username": "",
                "url_private": "https:\/\/files.slack.com\/files-pri\/TJH5YU202-F015BT4QMDG\/image.png?t=xoxe-629202954002-1183293690563-1183293711699-bad0c83802ec68402d6030a1e442ae77",
                "url_private_download": "https:\/\/files.slack.com\/files-pri\/TJH5YU202-F015BT4QMDG\/download\/image.png?t=xoxe-629202954002-1183293690563-1183293711699-bad0c83802ec68402d6030a1e442ae77",
                "thumb_64": "https:\/\/files.slack.com\/files-tmb\/TJH5YU202-F015BT4QMDG-bcc34a9b70\/image_64.png?t=xoxe-629202954002-1183293690563-1183293711699-bad0c83802ec68402d6030a1e442ae77",
                "thumb_80": "https:\/\/files.slack.com\/files-tmb\/TJH5YU202-F015BT4QMDG-bcc34a9b70\/image_80.png?t=xoxe-629202954002-1183293690563-1183293711699-bad0c83802ec68402d6030a1e442ae77",
                "thumb_360": "https:\/\/files.slack.com\/files-tmb\/TJH5YU202-F015BT4QMDG-bcc34a9b70\/image_360.png?t=xoxe-629202954002-1183293690563-1183293711699-bad0c83802ec68402d6030a1e442ae77",
                "thumb_360_w": 360,
                "thumb_360_h": 162,
                "thumb_480": "https:\/\/files.slack.com\/files-tmb\/TJH5YU202-F015BT4QMDG-bcc34a9b70\/image_480.png?t=xoxe-629202954002-1183293690563-1183293711699-bad0c83802ec68402d6030a1e442ae77",
                "thumb_480_w": 480,
                "thumb_480_h": 216,
                "thumb_160": "https:\/\/files.slack.com\/files-tmb\/TJH5YU202-F015BT4QMDG-bcc34a9b70\/image_160.png?t=xoxe-629202954002-1183293690563-1183293711699-bad0c83802ec68402d6030a1e442ae77",
                "thumb_720": "https:\/\/files.slack.com\/files-tmb\/TJH5YU202-F015BT4QMDG-bcc34a9b70\/image_720.png?t=xoxe-629202954002-1183293690563-1183293711699-bad0c83802ec68402d6030a1e442ae77",
                "thumb_720_w": 720,
                "thumb_720_h": 324,
                "original_w": 791,
                "original_h": 356,
                "thumb_tiny": "AwAVADC55g7Cl87HYVATzSjnvQBN53tSed\/s02PO\/g1Jlsjn9KTdgG+cfQUecfQU7LYHzfpSjJHJ\/Si4FY9aUDikPWlHSmA+MDf0p+BkcCmR\/fp\/cVEnqNAFXA4705VAHSgdB9aUfdoQH\/\/Z",
                "permalink": "https:\/\/harbourproject.slack.com\/files\/UJN8D8U3B\/F015BT4QMDG\/image.png",
                "permalink_public": "https:\/\/slack-files.com\/TJH5YU202-F015BT4QMDG-cb1d0eb721",
                "is_starred": false,
                "has_rich_preview": false
            }
        ],
        "upload": false,
        "user": "UJN8D8U3B",
        "display_as_bot": false,
        "ts": "1591995297.381500"
    },
    {
        "client_msg_id": "795f50a3-8bfc-43ad-9240-0e931875ac81",
        "type": "message",
        "text": "Resultados en Apache Windows:",
        "user": "UJN8D8U3B",
        "ts": "1592001563.382000",
        "team": "TJH5YU202",
        "user_team": "TJH5YU202",
        "source_team": "TJH5YU202",
        "user_profile": {
            "avatar_hash": "g92ad2abcc45",
            "image_72": "https:\/\/secure.gravatar.com\/avatar\/8492ad2abcc45ce53969adcf8420acde.jpg?s=72&d=https%3A%2F%2Fa.slack-edge.com%2Fdf10d%2Fimg%2Favatars%2Fava_0008-72.png",
            "first_name": "",
            "real_name": "Antonio Linares",
            "display_name": "Antonio Linares",
            "team": "TJH5YU202",
            "name": "alinares",
            "is_restricted": false,
            "is_ultra_restricted": false
        },
        "blocks": [
            {
                "type": "rich_text",
                "block_id": "HyZZq",
                "elements": [
                    {
                        "type": "rich_text_section",
                        "elements": [
                            {
                                "type": "text",
                                "text": "Resultados en Apache Windows:"
                            }
                        ]
                    }
                ]
            }
        ]
    },
    {
        "client_msg_id": "a82e7b54-ee4d-48eb-be8c-f6d3660b67f4",
        "type": "message",
        "text": "c:\\Apache24\\bin&gt;ab -n 100 -c 20 localhost\/modharbour_samples\/arrays.prg\nThis is ApacheBench, Version 2.3 &lt;$Revision: 1843412 $&gt;\nCopyright 1996 Adam Twiss, Zeus Technology Ltd, <http:\/\/www.zeustech.net\/>\nLicensed to The Apache Software Foundation, <http:\/\/www.apache.org\/>\n\nBenchmarking localhost (be patient).....done\n\n\nServer Software:        Apache\/2.4.39\nServer Hostname:        localhost\nServer Port:            80\n\nDocument Path:          \/modharbour_samples\/arrays.prg\nDocument Length:        1153 bytes\n\nConcurrency Level:      20\nTime taken for tests:   1.022 seconds\nComplete requests:      100\nFailed requests:        0\nTotal transferred:      131500 bytes\nHTML transferred:       115300 bytes\nRequests per second:    97.89 [#\/sec] (mean)\nTime per request:       204.318 [ms] (mean)\nTime per request:       10.216 [ms] (mean, across all concurrent requests)\nTransfer rate:          125.70 [Kbytes\/sec] received\n\nConnection Times (ms)\n              min  mean[+\/-sd] median   max\nConnect:        0    0   0.3      0       1\nProcessing:     3   97 289.6      6    1019\nWaiting:        2   97 289.6      6    1019\nTotal:          3   97 289.6      6    1019\n\nPercentage of the requests served within a certain time (ms)\n  50%      6\n  66%      6\n  75%      7\n  80%      7\n  90%     10\n  95%   1014\n  98%   1016\n  99%   1019\n 100%   1019 (longest request)",
        "user": "UJN8D8U3B",
        "ts": "1592001566.382200",
        "team": "TJH5YU202",
        "user_team": "TJH5YU202",
        "source_team": "TJH5YU202",
        "user_profile": {
            "avatar_hash": "g92ad2abcc45",
            "image_72": "https:\/\/secure.gravatar.com\/avatar\/8492ad2abcc45ce53969adcf8420acde.jpg?s=72&d=https%3A%2F%2Fa.slack-edge.com%2Fdf10d%2Fimg%2Favatars%2Fava_0008-72.png",
            "first_name": "",
            "real_name": "Antonio Linares",
            "display_name": "Antonio Linares",
            "team": "TJH5YU202",
            "name": "alinares",
            "is_restricted": false,
            "is_ultra_restricted": false
        },
        "edited": {
            "user": "UJN8D8U3B",
            "ts": "1592001806.000000"
        },
        "blocks": [
            {
                "type": "rich_text",
                "block_id": "MZG1",
                "elements": [
                    {
                        "type": "rich_text_section",
                        "elements": [
                            {
                                "type": "text",
                                "text": "c:\\Apache24\\bin>ab -n 100 -c 20 localhost\/modharbour_samples\/arrays.prg\nThis is ApacheBench, Version 2.3 <$Revision: 1843412 $>\nCopyright 1996 Adam Twiss, Zeus Technology Ltd, "
                            },
                            {
                                "type": "link",
                                "url": "http:\/\/www.zeustech.net\/"
                            },
                            {
                                "type": "text",
                                "text": "\nLicensed to The Apache Software Foundation, "
                            },
                            {
                                "type": "link",
                                "url": "http:\/\/www.apache.org\/"
                            },
                            {
                                "type": "text",
                                "text": "\n\nBenchmarking localhost (be patient).....done\n\n\nServer Software:        Apache\/2.4.39\nServer Hostname:        localhost\nServer Port:            80\n\nDocument Path:          \/modharbour_samples\/arrays.prg\nDocument Length:        1153 bytes\n\nConcurrency Level:      20\nTime taken for tests:   1.022 seconds\nComplete requests:      100\nFailed requests:        0\nTotal transferred:      131500 bytes\nHTML transferred:       115300 bytes\nRequests per second:    97.89 [#\/sec] (mean)\nTime per request:       204.318 [ms] (mean)\nTime per request:       10.216 [ms] (mean, across all concurrent requests)\nTransfer rate:          125.70 [Kbytes\/sec] received\n\nConnection Times (ms)\n              min  mean[+\/-sd] median   max\nConnect:        0    0   0.3      0       1\nProcessing:     3   97 289.6      6    1019\nWaiting:        2   97 289.6      6    1019\nTotal:          3   97 289.6      6    1019\n\nPercentage of the requests served within a certain time (ms)\n  50%      6\n  66%      6\n  75%      7\n  80%      7\n  90%     10\n  95%   1014\n  98%   1016\n  99%   1019\n 100%   1019 (longest request)"
                            }
                        ]
                    }
                ]
            }
        ]
    },
    {
        "client_msg_id": "c49414fb-a477-4049-92e9-c1b4687d7ce2",
        "type": "message",
        "text": "Aqui teneis las instrucciones para instalarlo en Windows:",
        "user": "UJN8D8U3B",
        "ts": "1592001792.382700",
        "team": "TJH5YU202",
        "user_team": "TJH5YU202",
        "source_team": "TJH5YU202",
        "user_profile": {
            "avatar_hash": "g92ad2abcc45",
            "image_72": "https:\/\/secure.gravatar.com\/avatar\/8492ad2abcc45ce53969adcf8420acde.jpg?s=72&d=https%3A%2F%2Fa.slack-edge.com%2Fdf10d%2Fimg%2Favatars%2Fava_0008-72.png",
            "first_name": "",
            "real_name": "Antonio Linares",
            "display_name": "Antonio Linares",
            "team": "TJH5YU202",
            "name": "alinares",
            "is_restricted": false,
            "is_ultra_restricted": false
        },
        "blocks": [
            {
                "type": "rich_text",
                "block_id": "hKU",
                "elements": [
                    {
                        "type": "rich_text_section",
                        "elements": [
                            {
                                "type": "text",
                                "text": "Aqui teneis las instrucciones para instalarlo en Windows:"
                            }
                        ]
                    }
                ]
            }
        ]
    },
    {
        "client_msg_id": "fd352906-df10-4e41-b8ff-3e124e0605f0",
        "type": "message",
        "text": "<https:\/\/github.com\/FiveTechSoft\/mod_harbour\/blob\/master\/fastcgi\/windows\/readme.md>",
        "user": "UJN8D8U3B",
        "ts": "1592001794.382900",
        "team": "TJH5YU202",
        "user_team": "TJH5YU202",
        "source_team": "TJH5YU202",
        "user_profile": {
            "avatar_hash": "g92ad2abcc45",
            "image_72": "https:\/\/secure.gravatar.com\/avatar\/8492ad2abcc45ce53969adcf8420acde.jpg?s=72&d=https%3A%2F%2Fa.slack-edge.com%2Fdf10d%2Fimg%2Favatars%2Fava_0008-72.png",
            "first_name": "",
            "real_name": "Antonio Linares",
            "display_name": "Antonio Linares",
            "team": "TJH5YU202",
            "name": "alinares",
            "is_restricted": false,
            "is_ultra_restricted": false
        },
        "edited": {
            "user": "UJN8D8U3B",
            "ts": "1592001802.000000"
        },
        "blocks": [
            {
                "type": "rich_text",
                "block_id": "0Nw",
                "elements": [
                    {
                        "type": "rich_text_section",
                        "elements": [
                            {
                                "type": "link",
                                "url": "https:\/\/github.com\/FiveTechSoft\/mod_harbour\/blob\/master\/fastcgi\/windows\/readme.md"
                            }
                        ]
                    }
                ]
            }
        ]
    },
    {
        "client_msg_id": "ab7fe783-453c-4ed4-ba5c-3e8480605387",
        "type": "message",
        "text": "y aqui los ficheros:",
        "user": "UJN8D8U3B",
        "ts": "1592001799.383200",
        "team": "TJH5YU202",
        "user_team": "TJH5YU202",
        "source_team": "TJH5YU202",
        "user_profile": {
            "avatar_hash": "g92ad2abcc45",
            "image_72": "https:\/\/secure.gravatar.com\/avatar\/8492ad2abcc45ce53969adcf8420acde.jpg?s=72&d=https%3A%2F%2Fa.slack-edge.com%2Fdf10d%2Fimg%2Favatars%2Fava_0008-72.png",
            "first_name": "",
            "real_name": "Antonio Linares",
            "display_name": "Antonio Linares",
            "team": "TJH5YU202",
            "name": "alinares",
            "is_restricted": false,
            "is_ultra_restricted": false
        },
        "blocks": [
            {
                "type": "rich_text",
                "block_id": "Ffjw",
                "elements": [
                    {
                        "type": "rich_text_section",
                        "elements": [
                            {
                                "type": "text",
                                "text": "y aqui los ficheros:"
                            }
                        ]
                    }
                ]
            }
        ]
    },
    {
        "client_msg_id": "cc525922-c4ac-4a44-8c92-c42478594730",
        "type": "message",
        "text": "<https:\/\/github.com\/FiveTechSoft\/mod_harbour\/tree\/master\/fastcgi\/windows\/win64>",
        "user": "UJN8D8U3B",
        "ts": "1592001825.383600",
        "team": "TJH5YU202",
        "user_team": "TJH5YU202",
        "source_team": "TJH5YU202",
        "user_profile": {
            "avatar_hash": "g92ad2abcc45",
            "image_72": "https:\/\/secure.gravatar.com\/avatar\/8492ad2abcc45ce53969adcf8420acde.jpg?s=72&d=https%3A%2F%2Fa.slack-edge.com%2Fdf10d%2Fimg%2Favatars%2Fava_0008-72.png",
            "first_name": "",
            "real_name": "Antonio Linares",
            "display_name": "Antonio Linares",
            "team": "TJH5YU202",
            "name": "alinares",
            "is_restricted": false,
            "is_ultra_restricted": false
        },
        "blocks": [
            {
                "type": "rich_text",
                "block_id": "I=Rz",
                "elements": [
                    {
                        "type": "rich_text_section",
                        "elements": [
                            {
                                "type": "link",
                                "url": "https:\/\/github.com\/FiveTechSoft\/mod_harbour\/tree\/master\/fastcgi\/windows\/win64"
                            }
                        ]
                    }
                ]
            }
        ]
    },
    {
        "client_msg_id": "37abdf26-ec53-42ea-a2bf-2cd106d52269",
        "type": "message",
        "text": "En Windows va tan rápido ó más que en Linux :+1:",
        "user": "UJN8D8U3B",
        "ts": "1592001856.384100",
        "team": "TJH5YU202",
        "user_team": "TJH5YU202",
        "source_team": "TJH5YU202",
        "user_profile": {
            "avatar_hash": "g92ad2abcc45",
            "image_72": "https:\/\/secure.gravatar.com\/avatar\/8492ad2abcc45ce53969adcf8420acde.jpg?s=72&d=https%3A%2F%2Fa.slack-edge.com%2Fdf10d%2Fimg%2Favatars%2Fava_0008-72.png",
            "first_name": "",
            "real_name": "Antonio Linares",
            "display_name": "Antonio Linares",
            "team": "TJH5YU202",
            "name": "alinares",
            "is_restricted": false,
            "is_ultra_restricted": false
        },
        "blocks": [
            {
                "type": "rich_text",
                "block_id": "XbG",
                "elements": [
                    {
                        "type": "rich_text_section",
                        "elements": [
                            {
                                "type": "text",
                                "text": "En Windows va tan rápido ó más que en Linux "
                            },
                            {
                                "type": "emoji",
                                "name": "+1"
                            }
                        ]
                    }
                ]
            }
        ]
    },
    {
        "client_msg_id": "9d6de4f6-b9ef-45e2-8f55-686a633fa110",
        "type": "message",
        "text": "Aún hay que afinar algunas cosas, pero ya podeis empezar a probarlo :slightly_smiling_face:",
        "user": "UJN8D8U3B",
        "ts": "1592002109.384600",
        "team": "TJH5YU202",
        "user_team": "TJH5YU202",
        "source_team": "TJH5YU202",
        "user_profile": {
            "avatar_hash": "g92ad2abcc45",
            "image_72": "https:\/\/secure.gravatar.com\/avatar\/8492ad2abcc45ce53969adcf8420acde.jpg?s=72&d=https%3A%2F%2Fa.slack-edge.com%2Fdf10d%2Fimg%2Favatars%2Fava_0008-72.png",
            "first_name": "",
            "real_name": "Antonio Linares",
            "display_name": "Antonio Linares",
            "team": "TJH5YU202",
            "name": "alinares",
            "is_restricted": false,
            "is_ultra_restricted": false
        },
        "blocks": [
            {
                "type": "rich_text",
                "block_id": "Txv",
                "elements": [
                    {
                        "type": "rich_text_section",
                        "elements": [
                            {
                                "type": "text",
                                "text": "Aún hay que afinar algunas cosas, pero ya podeis empezar a probarlo "
                            },
                            {
                                "type": "emoji",
                                "name": "slightly_smiling_face"
                            }
                        ]
                    }
                ]
            }
        ]
    },
    {
        "client_msg_id": "64c5849d-ee7e-4e69-a9ca-f0f3ecb6767b",
        "type": "message",
        "text": "Excelente <@UJN8D8U3B>",
        "user": "UK28N3CER",
        "ts": "1592012882.384900",
        "team": "TJH5YU202",
        "user_team": "TJH5YU202",
        "source_team": "TJH5YU202",
        "user_profile": {
            "avatar_hash": "0eafa7153ff3",
            "image_72": "https:\/\/avatars.slack-edge.com\/2020-05-18\/1155120542496_0eafa7153ff35206c804_72.jpg",
            "first_name": "Cesar",
            "real_name": "Cesar SysCtrl Software",
            "display_name": "Cesar SysCtrl Software",
            "team": "TJH5YU202",
            "name": "sysctrlsoftware",
            "is_restricted": false,
            "is_ultra_restricted": false
        },
        "blocks": [
            {
                "type": "rich_text",
                "block_id": "8zZv",
                "elements": [
                    {
                        "type": "rich_text_section",
                        "elements": [
                            {
                                "type": "text",
                                "text": "Excelente "
                            },
                            {
                                "type": "user",
                                "user_id": "UJN8D8U3B"
                            }
                        ]
                    }
                ]
            }
        ]
    },
    {
        "client_msg_id": "fb8af11a-1972-4dd6-8c01-59cf0a32738e",
        "type": "message",
        "text": "Egun On",
        "user": "UJWR5N32S",
        "ts": "1592031311.385300",
        "team": "TJH5YU202",
        "user_team": "TJH5YU202",
        "source_team": "TJH5YU202",
        "user_profile": {
            "avatar_hash": "273d3745f7ae",
            "image_72": "https:\/\/avatars.slack-edge.com\/2019-05-20\/634344238497_273d3745f7ae1b176b82_72.jpg",
            "first_name": "Charly",
            "real_name": "Charly",
            "display_name": "Charly",
            "team": "TJH5YU202",
            "name": "carles9000",
            "is_restricted": false,
            "is_ultra_restricted": false
        },
        "blocks": [
            {
                "type": "rich_text",
                "block_id": "Z+dXQ",
                "elements": [
                    {
                        "type": "rich_text_section",
                        "elements": [
                            {
                                "type": "text",
                                "text": "Egun On"
                            }
                        ]
                    }
                ]
            }
        ]
    }
]