[
    {
        "client_msg_id": "a40da4c2-0198-4a7f-bea2-5570bbc8082e",
        "type": "message",
        "text": "<@UMZ3LNV5Z> estás ?",
        "user": "UJN8D8U3B",
        "ts": "1591776247.226200",
        "team": "TJH5YU202",
        "user_team": "TJH5YU202",
        "source_team": "TJH5YU202",
        "user_profile": {
            "avatar_hash": "g92ad2abcc45",
            "image_72": "https:\/\/secure.gravatar.com\/avatar\/8492ad2abcc45ce53969adcf8420acde.jpg?s=72&d=https%3A%2F%2Fa.slack-edge.com%2Fdf10d%2Fimg%2Favatars%2Fava_0008-72.png",
            "first_name": "",
            "real_name": "Antonio Linares",
            "display_name": "Antonio Linares",
            "team": "TJH5YU202",
            "name": "alinares",
            "is_restricted": false,
            "is_ultra_restricted": false
        },
        "blocks": [
            {
                "type": "rich_text",
                "block_id": "Cht",
                "elements": [
                    {
                        "type": "rich_text_section",
                        "elements": [
                            {
                                "type": "user",
                                "user_id": "UMZ3LNV5Z"
                            },
                            {
                                "type": "text",
                                "text": " estás ?"
                            }
                        ]
                    }
                ]
            }
        ]
    },
    {
        "client_msg_id": "3e4a0e9f-24a2-4f40-9002-25a4971e333b",
        "type": "message",
        "text": "<http:\/\/modharbour.online|modharbour> <http:\/\/modharbour.online|modharbour.online>",
        "user": "UJHD6A81H",
        "ts": "1591778700.226400",
        "team": "TJH5YU202",
        "user_team": "TJH5YU202",
        "source_team": "TJH5YU202",
        "user_profile": {
            "avatar_hash": "g6b8073e00e9",
            "image_72": "https:\/\/secure.gravatar.com\/avatar\/b96b8073e00e9eb02bcf05bc1418eb3a.jpg?s=72&d=https%3A%2F%2Fa.slack-edge.com%2Fdf10d%2Fimg%2Favatars%2Fava_0021-72.png",
            "first_name": "Otto",
            "real_name": "Otto Atzwanger",
            "display_name": "Otto",
            "team": "TJH5YU202",
            "name": "otto",
            "is_restricted": false,
            "is_ultra_restricted": false
        },
        "edited": {
            "user": "UJHD6A81H",
            "ts": "1591778841.000000"
        },
        "blocks": [
            {
                "type": "rich_text",
                "block_id": "KbXFr",
                "elements": [
                    {
                        "type": "rich_text_section",
                        "elements": [
                            {
                                "type": "link",
                                "url": "http:\/\/modharbour.online",
                                "text": "modharbour"
                            },
                            {
                                "type": "text",
                                "text": " modharbour.online"
                            }
                        ]
                    }
                ]
            }
        ]
    },
    {
        "client_msg_id": "5d6bdfd2-9651-4aeb-930b-310ae4ece8de",
        "type": "message",
        "text": "Señores tenemos una primera beta usando el array de DLLs:",
        "user": "UJN8D8U3B",
        "ts": "1591786112.227300",
        "team": "TJH5YU202",
        "user_team": "TJH5YU202",
        "source_team": "TJH5YU202",
        "user_profile": {
            "avatar_hash": "g92ad2abcc45",
            "image_72": "https:\/\/secure.gravatar.com\/avatar\/8492ad2abcc45ce53969adcf8420acde.jpg?s=72&d=https%3A%2F%2Fa.slack-edge.com%2Fdf10d%2Fimg%2Favatars%2Fava_0008-72.png",
            "first_name": "",
            "real_name": "Antonio Linares",
            "display_name": "Antonio Linares",
            "team": "TJH5YU202",
            "name": "alinares",
            "is_restricted": false,
            "is_ultra_restricted": false
        },
        "blocks": [
            {
                "type": "rich_text",
                "block_id": "emV2k",
                "elements": [
                    {
                        "type": "rich_text_section",
                        "elements": [
                            {
                                "type": "text",
                                "text": "Señores tenemos una primera beta usando el array de DLLs:"
                            }
                        ]
                    }
                ]
            }
        ]
    },
    {
        "client_msg_id": "919b4f40-0ced-4b84-a426-2f6c97fa8029",
        "type": "message",
        "text": "<https:\/\/github.com\/FiveTechSoft\/mod_harbour\/tree\/master\/windows\/win64\/beta2>",
        "user": "UJN8D8U3B",
        "ts": "1591786127.227500",
        "team": "TJH5YU202",
        "user_team": "TJH5YU202",
        "source_team": "TJH5YU202",
        "user_profile": {
            "avatar_hash": "g92ad2abcc45",
            "image_72": "https:\/\/secure.gravatar.com\/avatar\/8492ad2abcc45ce53969adcf8420acde.jpg?s=72&d=https%3A%2F%2Fa.slack-edge.com%2Fdf10d%2Fimg%2Favatars%2Fava_0008-72.png",
            "first_name": "",
            "real_name": "Antonio Linares",
            "display_name": "Antonio Linares",
            "team": "TJH5YU202",
            "name": "alinares",
            "is_restricted": false,
            "is_ultra_restricted": false
        },
        "blocks": [
            {
                "type": "rich_text",
                "block_id": "F63Z",
                "elements": [
                    {
                        "type": "rich_text_section",
                        "elements": [
                            {
                                "type": "link",
                                "url": "https:\/\/github.com\/FiveTechSoft\/mod_harbour\/tree\/master\/windows\/win64\/beta2"
                            }
                        ]
                    }
                ]
            }
        ]
    },
    {
        "client_msg_id": "15d20347-81fa-4c71-9286-a102c520b63a",
        "type": "message",
        "text": "Para probarla solo teneis que reemplazar mod_harbour.so (proporcionado en la carpeta de la beta2)",
        "user": "UJN8D8U3B",
        "ts": "1591786140.227800",
        "team": "TJH5YU202",
        "user_team": "TJH5YU202",
        "source_team": "TJH5YU202",
        "user_profile": {
            "avatar_hash": "g92ad2abcc45",
            "image_72": "https:\/\/secure.gravatar.com\/avatar\/8492ad2abcc45ce53969adcf8420acde.jpg?s=72&d=https%3A%2F%2Fa.slack-edge.com%2Fdf10d%2Fimg%2Favatars%2Fava_0008-72.png",
            "first_name": "",
            "real_name": "Antonio Linares",
            "display_name": "Antonio Linares",
            "team": "TJH5YU202",
            "name": "alinares",
            "is_restricted": false,
            "is_ultra_restricted": false
        },
        "edited": {
            "user": "UJN8D8U3B",
            "ts": "1591786313.000000"
        },
        "blocks": [
            {
                "type": "rich_text",
                "block_id": "VnFuS",
                "elements": [
                    {
                        "type": "rich_text_section",
                        "elements": [
                            {
                                "type": "text",
                                "text": "Para probarla solo teneis que reemplazar mod_harbour.so (proporcionado en la carpeta de la beta2)"
                            }
                        ]
                    }
                ]
            }
        ]
    },
    {
        "client_msg_id": "fb99b58b-a31c-4d86-a15a-40e37e5efef9",
        "type": "message",
        "text": "Usa hasta 25 DLLs (correspondientes a los 25 threads que maneja Apache por defecto) y las copias se hacen de forma automática",
        "user": "UJN8D8U3B",
        "ts": "1591786203.228900",
        "team": "TJH5YU202",
        "user_team": "TJH5YU202",
        "source_team": "TJH5YU202",
        "user_profile": {
            "avatar_hash": "g92ad2abcc45",
            "image_72": "https:\/\/secure.gravatar.com\/avatar\/8492ad2abcc45ce53969adcf8420acde.jpg?s=72&d=https%3A%2F%2Fa.slack-edge.com%2Fdf10d%2Fimg%2Favatars%2Fava_0008-72.png",
            "first_name": "",
            "real_name": "Antonio Linares",
            "display_name": "Antonio Linares",
            "team": "TJH5YU202",
            "name": "alinares",
            "is_restricted": false,
            "is_ultra_restricted": false
        },
        "blocks": [
            {
                "type": "rich_text",
                "block_id": "fqKLR",
                "elements": [
                    {
                        "type": "rich_text_section",
                        "elements": [
                            {
                                "type": "text",
                                "text": "Usa hasta 25 DLLs (correspondientes a los 25 threads que maneja Apache por defecto) y las copias se hacen de forma automática"
                            }
                        ]
                    }
                ]
            }
        ]
    },
    {
        "client_msg_id": "dc981fde-e87c-479c-b14c-d104509b45bc",
        "type": "message",
        "text": "Si cargais el ejecutable dbgview.exe que está en la carpeta de la beta, podeis ver trabajando al mod :wink:",
        "user": "UJN8D8U3B",
        "ts": "1591786237.229500",
        "team": "TJH5YU202",
        "user_team": "TJH5YU202",
        "source_team": "TJH5YU202",
        "user_profile": {
            "avatar_hash": "g92ad2abcc45",
            "image_72": "https:\/\/secure.gravatar.com\/avatar\/8492ad2abcc45ce53969adcf8420acde.jpg?s=72&d=https%3A%2F%2Fa.slack-edge.com%2Fdf10d%2Fimg%2Favatars%2Fava_0008-72.png",
            "first_name": "",
            "real_name": "Antonio Linares",
            "display_name": "Antonio Linares",
            "team": "TJH5YU202",
            "name": "alinares",
            "is_restricted": false,
            "is_ultra_restricted": false
        },
        "blocks": [
            {
                "type": "rich_text",
                "block_id": "RhOEt",
                "elements": [
                    {
                        "type": "rich_text_section",
                        "elements": [
                            {
                                "type": "text",
                                "text": "Si cargais el ejecutable dbgview.exe que está en la carpeta de la beta, podeis ver trabajando al mod "
                            },
                            {
                                "type": "emoji",
                                "name": "wink"
                            }
                        ]
                    }
                ]
            }
        ]
    },
    {
        "type": "message",
        "text": "",
        "files": [
            {
                "id": "F014YPQ5V46",
                "created": 1591786465,
                "timestamp": 1591786465,
                "name": "image.png",
                "title": "image.png",
                "mimetype": "image\/png",
                "filetype": "png",
                "pretty_type": "PNG",
                "user": "UJN8D8U3B",
                "editable": false,
                "size": 445687,
                "mode": "hosted",
                "is_external": false,
                "external_type": "",
                "is_public": true,
                "public_url_shared": false,
                "display_as_bot": false,
                "username": "",
                "url_private": "https:\/\/files.slack.com\/files-pri\/TJH5YU202-F014YPQ5V46\/image.png?t=xoxe-629202954002-1183293690563-1183293711699-bad0c83802ec68402d6030a1e442ae77",
                "url_private_download": "https:\/\/files.slack.com\/files-pri\/TJH5YU202-F014YPQ5V46\/download\/image.png?t=xoxe-629202954002-1183293690563-1183293711699-bad0c83802ec68402d6030a1e442ae77",
                "thumb_64": "https:\/\/files.slack.com\/files-tmb\/TJH5YU202-F014YPQ5V46-dabffd87a3\/image_64.png?t=xoxe-629202954002-1183293690563-1183293711699-bad0c83802ec68402d6030a1e442ae77",
                "thumb_80": "https:\/\/files.slack.com\/files-tmb\/TJH5YU202-F014YPQ5V46-dabffd87a3\/image_80.png?t=xoxe-629202954002-1183293690563-1183293711699-bad0c83802ec68402d6030a1e442ae77",
                "thumb_360": "https:\/\/files.slack.com\/files-tmb\/TJH5YU202-F014YPQ5V46-dabffd87a3\/image_360.png?t=xoxe-629202954002-1183293690563-1183293711699-bad0c83802ec68402d6030a1e442ae77",
                "thumb_360_w": 360,
                "thumb_360_h": 183,
                "thumb_480": "https:\/\/files.slack.com\/files-tmb\/TJH5YU202-F014YPQ5V46-dabffd87a3\/image_480.png?t=xoxe-629202954002-1183293690563-1183293711699-bad0c83802ec68402d6030a1e442ae77",
                "thumb_480_w": 480,
                "thumb_480_h": 243,
                "thumb_160": "https:\/\/files.slack.com\/files-tmb\/TJH5YU202-F014YPQ5V46-dabffd87a3\/image_160.png?t=xoxe-629202954002-1183293690563-1183293711699-bad0c83802ec68402d6030a1e442ae77",
                "thumb_720": "https:\/\/files.slack.com\/files-tmb\/TJH5YU202-F014YPQ5V46-dabffd87a3\/image_720.png?t=xoxe-629202954002-1183293690563-1183293711699-bad0c83802ec68402d6030a1e442ae77",
                "thumb_720_w": 720,
                "thumb_720_h": 365,
                "thumb_800": "https:\/\/files.slack.com\/files-tmb\/TJH5YU202-F014YPQ5V46-dabffd87a3\/image_800.png?t=xoxe-629202954002-1183293690563-1183293711699-bad0c83802ec68402d6030a1e442ae77",
                "thumb_800_w": 800,
                "thumb_800_h": 406,
                "thumb_960": "https:\/\/files.slack.com\/files-tmb\/TJH5YU202-F014YPQ5V46-dabffd87a3\/image_960.png?t=xoxe-629202954002-1183293690563-1183293711699-bad0c83802ec68402d6030a1e442ae77",
                "thumb_960_w": 960,
                "thumb_960_h": 487,
                "thumb_1024": "https:\/\/files.slack.com\/files-tmb\/TJH5YU202-F014YPQ5V46-dabffd87a3\/image_1024.png?t=xoxe-629202954002-1183293690563-1183293711699-bad0c83802ec68402d6030a1e442ae77",
                "thumb_1024_w": 1024,
                "thumb_1024_h": 519,
                "original_w": 1384,
                "original_h": 702,
                "thumb_tiny": "AwAYADCp9quBwJW\/Om\/ap+8jfnUZPJpBikIl+1Tf89G\/OrQgviM+YP8AvqqGB61shm2jk9qYyt9nvv8AnqP++qsJbyBQGwfXmnb2\/vGlDMTyTQBQFmDzvP5Uv2Jef3hz9Ksr0NJ\/FWcZMCo1qi9XOfpV4dBVe461YFWmAuPalUHPSlHSnCmB\/9k=",
                "permalink": "https:\/\/harbourproject.slack.com\/files\/UJN8D8U3B\/F014YPQ5V46\/image.png",
                "permalink_public": "https:\/\/slack-files.com\/TJH5YU202-F014YPQ5V46-169da40cb2",
                "is_starred": false,
                "has_rich_preview": false
            }
        ],
        "upload": false,
        "user": "UJN8D8U3B",
        "display_as_bot": false,
        "ts": "1591786473.229700"
    },
    {
        "client_msg_id": "21af79aa-8eb9-4e11-b9d6-699a6a59b069",
        "type": "message",
        "text": "ab -n 100 -c 10 localhost\/modharbour_samples\/test.prg\nThis is ApacheBench, Version 2.3 &lt;$Revision: 1843412 $&gt;\nCopyright 1996 Adam Twiss, Zeus Technology Ltd, <http:\/\/www.zeustech.net\/>\nLicensed to The Apache Software Foundation, <http:\/\/www.apache.org\/>\n\nBenchmarking localhost (be patient).....done\n\n\nServer Software:        Apache\/2.4.39\nServer Hostname:        localhost\nServer Port:            80\n\nDocument Path:          \/modharbour_samples\/test.prg\nDocument Length:        55 bytes\n\nConcurrency Level:      10\nTime taken for tests:   8.597 seconds\nComplete requests:      100\nFailed requests:        0\nTotal transferred:      22100 bytes\nHTML transferred:       5500 bytes\nRequests per second:    11.63 [#\/sec] (mean)\nTime per request:       859.707 [ms] (mean)\nTime per request:       85.971 [ms] (mean, across all concurrent requests)\nTransfer rate:          2.51 [Kbytes\/sec] received\n\nConnection Times (ms)\n              min  mean[+\/-sd] median   max\nConnect:        0    0   0.4      0       1\nProcessing:   240  820 309.3    761    1915\nWaiting:      238  820 309.4    761    1915\nTotal:        241  821 309.3    761    1916\n\nPercentage of the requests served within a certain time (ms)\n  50%    761\n  66%    821\n  75%    887\n  80%    917\n  90%   1506\n  95%   1540\n  98%   1906\n  99%   1916\n 100%   1916 (longest request)",
        "user": "UJN8D8U3B",
        "ts": "1591786621.230100",
        "team": "TJH5YU202",
        "user_team": "TJH5YU202",
        "source_team": "TJH5YU202",
        "user_profile": {
            "avatar_hash": "g92ad2abcc45",
            "image_72": "https:\/\/secure.gravatar.com\/avatar\/8492ad2abcc45ce53969adcf8420acde.jpg?s=72&d=https%3A%2F%2Fa.slack-edge.com%2Fdf10d%2Fimg%2Favatars%2Fava_0008-72.png",
            "first_name": "",
            "real_name": "Antonio Linares",
            "display_name": "Antonio Linares",
            "team": "TJH5YU202",
            "name": "alinares",
            "is_restricted": false,
            "is_ultra_restricted": false
        },
        "attachments": [
            {
                "title": "Welcome to The Apache Software Foundation!",
                "title_link": "http:\/\/www.apache.org\/",
                "text": "Home page of The Apache Software Foundation",
                "fallback": "Welcome to The Apache Software Foundation!",
                "from_url": "http:\/\/www.apache.org\/",
                "service_icon": "http:\/\/www.apache.org\/favicons\/apple-touch-icon-57x57.png",
                "service_name": "apache.org",
                "id": 1,
                "original_url": "http:\/\/www.apache.org\/"
            }
        ],
        "blocks": [
            {
                "type": "rich_text",
                "block_id": "ilw9",
                "elements": [
                    {
                        "type": "rich_text_section",
                        "elements": [
                            {
                                "type": "text",
                                "text": "ab -n 100 -c 10 localhost\/modharbour_samples\/test.prg\nThis is ApacheBench, Version 2.3 <$Revision: 1843412 $>\nCopyright 1996 Adam Twiss, Zeus Technology Ltd, "
                            },
                            {
                                "type": "link",
                                "url": "http:\/\/www.zeustech.net\/"
                            },
                            {
                                "type": "text",
                                "text": "\nLicensed to The Apache Software Foundation, "
                            },
                            {
                                "type": "link",
                                "url": "http:\/\/www.apache.org\/"
                            },
                            {
                                "type": "text",
                                "text": "\n\nBenchmarking localhost (be patient).....done\n\n\nServer Software:        Apache\/2.4.39\nServer Hostname:        localhost\nServer Port:            80\n\nDocument Path:          \/modharbour_samples\/test.prg\nDocument Length:        55 bytes\n\nConcurrency Level:      10\nTime taken for tests:   8.597 seconds\nComplete requests:      100\nFailed requests:        0\nTotal transferred:      22100 bytes\nHTML transferred:       5500 bytes\nRequests per second:    11.63 [#\/sec] (mean)\nTime per request:       859.707 [ms] (mean)\nTime per request:       85.971 [ms] (mean, across all concurrent requests)\nTransfer rate:          2.51 [Kbytes\/sec] received\n\nConnection Times (ms)\n              min  mean[+\/-sd] median   max\nConnect:        0    0   0.4      0       1\nProcessing:   240  820 309.3    761    1915\nWaiting:      238  820 309.4    761    1915\nTotal:        241  821 309.3    761    1916\n\nPercentage of the requests served within a certain time (ms)\n  50%    761\n  66%    821\n  75%    887\n  80%    917\n  90%   1506\n  95%   1540\n  98%   1906\n  99%   1916\n 100%   1916 (longest request)"
                            }
                        ]
                    }
                ]
            }
        ]
    },
    {
        "client_msg_id": "fd9c010e-2a9b-452e-a689-914872d5e4a7",
        "type": "message",
        "text": "El array de handles está definido como volatile static asi:",
        "user": "UJN8D8U3B",
        "ts": "1591786797.230600",
        "team": "TJH5YU202",
        "user_team": "TJH5YU202",
        "source_team": "TJH5YU202",
        "user_profile": {
            "avatar_hash": "g92ad2abcc45",
            "image_72": "https:\/\/secure.gravatar.com\/avatar\/8492ad2abcc45ce53969adcf8420acde.jpg?s=72&d=https%3A%2F%2Fa.slack-edge.com%2Fdf10d%2Fimg%2Favatars%2Fava_0008-72.png",
            "first_name": "",
            "real_name": "Antonio Linares",
            "display_name": "Antonio Linares",
            "team": "TJH5YU202",
            "name": "alinares",
            "is_restricted": false,
            "is_ultra_restricted": false
        },
        "blocks": [
            {
                "type": "rich_text",
                "block_id": "Gmgt",
                "elements": [
                    {
                        "type": "rich_text_section",
                        "elements": [
                            {
                                "type": "text",
                                "text": "El array de handles está definido como volatile static asi:"
                            }
                        ]
                    }
                ]
            }
        ]
    },
    {
        "client_msg_id": "b0337001-731d-4119-b3c1-27482c23939e",
        "type": "message",
        "text": "volatile static HMODULE lib_harbour[ 25 ] = { NULL, NULL, NULL, NULL, NULL, NULL, NULL, NULL, NULL, NULL,\n                                                    NULL, NULL, NULL, NULL, NULL, NULL, NULL, NULL, NULL, NULL,\n                                                    NULL, NULL, NULL, NULL, NULL };",
        "user": "UJN8D8U3B",
        "ts": "1591786799.230800",
        "team": "TJH5YU202",
        "user_team": "TJH5YU202",
        "source_team": "TJH5YU202",
        "user_profile": {
            "avatar_hash": "g92ad2abcc45",
            "image_72": "https:\/\/secure.gravatar.com\/avatar\/8492ad2abcc45ce53969adcf8420acde.jpg?s=72&d=https%3A%2F%2Fa.slack-edge.com%2Fdf10d%2Fimg%2Favatars%2Fava_0008-72.png",
            "first_name": "",
            "real_name": "Antonio Linares",
            "display_name": "Antonio Linares",
            "team": "TJH5YU202",
            "name": "alinares",
            "is_restricted": false,
            "is_ultra_restricted": false
        },
        "blocks": [
            {
                "type": "rich_text",
                "block_id": "Xbd",
                "elements": [
                    {
                        "type": "rich_text_section",
                        "elements": [
                            {
                                "type": "text",
                                "text": "volatile static HMODULE lib_harbour[ 25 ] = { NULL, NULL, NULL, NULL, NULL, NULL, NULL, NULL, NULL, NULL,\n                                                    NULL, NULL, NULL, NULL, NULL, NULL, NULL, NULL, NULL, NULL,\n                                                    NULL, NULL, NULL, NULL, NULL };"
                            }
                        ]
                    }
                ]
            }
        ]
    },
    {
        "client_msg_id": "46d8822a-9eca-4e62-bd27-bb4aafcf3b34",
        "type": "message",
        "text": "y utilizamos funcion \"atomic\" de Apache para actualizar los valores:",
        "user": "UJN8D8U3B",
        "ts": "1591786829.231300",
        "team": "TJH5YU202",
        "user_team": "TJH5YU202",
        "source_team": "TJH5YU202",
        "user_profile": {
            "avatar_hash": "g92ad2abcc45",
            "image_72": "https:\/\/secure.gravatar.com\/avatar\/8492ad2abcc45ce53969adcf8420acde.jpg?s=72&d=https%3A%2F%2Fa.slack-edge.com%2Fdf10d%2Fimg%2Favatars%2Fava_0008-72.png",
            "first_name": "",
            "real_name": "Antonio Linares",
            "display_name": "Antonio Linares",
            "team": "TJH5YU202",
            "name": "alinares",
            "is_restricted": false,
            "is_ultra_restricted": false
        },
        "edited": {
            "user": "UJN8D8U3B",
            "ts": "1591787054.000000"
        },
        "blocks": [
            {
                "type": "rich_text",
                "block_id": "k5no",
                "elements": [
                    {
                        "type": "rich_text_section",
                        "elements": [
                            {
                                "type": "text",
                                "text": "y utilizamos funcion \"atomic\" de Apache para actualizar los valores:"
                            }
                        ]
                    }
                ]
            }
        ]
    },
    {
        "client_msg_id": "cda7242f-e8fa-4deb-a82b-efc05bd45e33",
        "type": "message",
        "text": "apr_atomic_xchgptr( &amp;lib_harbour[ iLib ], LoadLibrary( szTempFileName ) );",
        "user": "UJN8D8U3B",
        "ts": "1591786846.231500",
        "team": "TJH5YU202",
        "user_team": "TJH5YU202",
        "source_team": "TJH5YU202",
        "user_profile": {
            "avatar_hash": "g92ad2abcc45",
            "image_72": "https:\/\/secure.gravatar.com\/avatar\/8492ad2abcc45ce53969adcf8420acde.jpg?s=72&d=https%3A%2F%2Fa.slack-edge.com%2Fdf10d%2Fimg%2Favatars%2Fava_0008-72.png",
            "first_name": "",
            "real_name": "Antonio Linares",
            "display_name": "Antonio Linares",
            "team": "TJH5YU202",
            "name": "alinares",
            "is_restricted": false,
            "is_ultra_restricted": false
        },
        "blocks": [
            {
                "type": "rich_text",
                "block_id": "lEfd",
                "elements": [
                    {
                        "type": "rich_text_section",
                        "elements": [
                            {
                                "type": "text",
                                "text": "apr_atomic_xchgptr( &lib_harbour[ iLib ], LoadLibrary( szTempFileName ) );"
                            }
                        ]
                    }
                ]
            }
        ]
    },
    {
        "client_msg_id": "8619d481-14d7-4c3e-91a7-4ca8b6d00b0f",
        "type": "message",
        "text": "apr_atomic_xchgptr( &amp;lib_harbour[ iLib ], NULL );",
        "user": "UJN8D8U3B",
        "ts": "1591786900.231800",
        "team": "TJH5YU202",
        "user_team": "TJH5YU202",
        "source_team": "TJH5YU202",
        "user_profile": {
            "avatar_hash": "g92ad2abcc45",
            "image_72": "https:\/\/secure.gravatar.com\/avatar\/8492ad2abcc45ce53969adcf8420acde.jpg?s=72&d=https%3A%2F%2Fa.slack-edge.com%2Fdf10d%2Fimg%2Favatars%2Fava_0008-72.png",
            "first_name": "",
            "real_name": "Antonio Linares",
            "display_name": "Antonio Linares",
            "team": "TJH5YU202",
            "name": "alinares",
            "is_restricted": false,
            "is_ultra_restricted": false
        },
        "blocks": [
            {
                "type": "rich_text",
                "block_id": "nH6",
                "elements": [
                    {
                        "type": "rich_text_section",
                        "elements": [
                            {
                                "type": "text",
                                "text": "apr_atomic_xchgptr( &lib_harbour[ iLib ], NULL );"
                            }
                        ]
                    }
                ]
            }
        ]
    },
    {
        "client_msg_id": "b7c2cbd2-2a29-46eb-a4c3-3ce73abce19f",
        "type": "message",
        "text": "Parece ir bastante bien :slightly_smiling_face:",
        "user": "UJN8D8U3B",
        "ts": "1591786917.232100",
        "team": "TJH5YU202",
        "user_team": "TJH5YU202",
        "source_team": "TJH5YU202",
        "user_profile": {
            "avatar_hash": "g92ad2abcc45",
            "image_72": "https:\/\/secure.gravatar.com\/avatar\/8492ad2abcc45ce53969adcf8420acde.jpg?s=72&d=https%3A%2F%2Fa.slack-edge.com%2Fdf10d%2Fimg%2Favatars%2Fava_0008-72.png",
            "first_name": "",
            "real_name": "Antonio Linares",
            "display_name": "Antonio Linares",
            "team": "TJH5YU202",
            "name": "alinares",
            "is_restricted": false,
            "is_ultra_restricted": false
        },
        "blocks": [
            {
                "type": "rich_text",
                "block_id": "BR97",
                "elements": [
                    {
                        "type": "rich_text_section",
                        "elements": [
                            {
                                "type": "text",
                                "text": "Parece ir bastante bien "
                            },
                            {
                                "type": "emoji",
                                "name": "slightly_smiling_face"
                            }
                        ]
                    }
                ]
            }
        ]
    },
    {
        "client_msg_id": "d41e525e-3cf8-4b79-9704-67bfce2cfcf2",
        "type": "message",
        "text": "haciendo una prueba de concurrencia -n 100 -c 10 llega a usar hasta 10 DLLs",
        "user": "UJN8D8U3B",
        "ts": "1591787408.232900",
        "team": "TJH5YU202",
        "user_team": "TJH5YU202",
        "source_team": "TJH5YU202",
        "user_profile": {
            "avatar_hash": "g92ad2abcc45",
            "image_72": "https:\/\/secure.gravatar.com\/avatar\/8492ad2abcc45ce53969adcf8420acde.jpg?s=72&d=https%3A%2F%2Fa.slack-edge.com%2Fdf10d%2Fimg%2Favatars%2Fava_0008-72.png",
            "first_name": "",
            "real_name": "Antonio Linares",
            "display_name": "Antonio Linares",
            "team": "TJH5YU202",
            "name": "alinares",
            "is_restricted": false,
            "is_ultra_restricted": false
        },
        "blocks": [
            {
                "type": "rich_text",
                "block_id": "Oiy",
                "elements": [
                    {
                        "type": "rich_text_section",
                        "elements": [
                            {
                                "type": "text",
                                "text": "haciendo una prueba de concurrencia -n 100 -c 10 llega a usar hasta 10 DLLs"
                            }
                        ]
                    }
                ]
            }
        ]
    },
    {
        "client_msg_id": "d89e7b95-8399-46d1-a13e-b2851ac15b6e",
        "type": "message",
        "text": "Hasta que no ha copiado todas las que necesita, puede dar errores. Una vez copiadas ya va estable",
        "user": "UJN8D8U3B",
        "ts": "1591787524.233500",
        "team": "TJH5YU202",
        "user_team": "TJH5YU202",
        "source_team": "TJH5YU202",
        "user_profile": {
            "avatar_hash": "g92ad2abcc45",
            "image_72": "https:\/\/secure.gravatar.com\/avatar\/8492ad2abcc45ce53969adcf8420acde.jpg?s=72&d=https%3A%2F%2Fa.slack-edge.com%2Fdf10d%2Fimg%2Favatars%2Fava_0008-72.png",
            "first_name": "",
            "real_name": "Antonio Linares",
            "display_name": "Antonio Linares",
            "team": "TJH5YU202",
            "name": "alinares",
            "is_restricted": false,
            "is_ultra_restricted": false
        },
        "blocks": [
            {
                "type": "rich_text",
                "block_id": "GVl",
                "elements": [
                    {
                        "type": "rich_text_section",
                        "elements": [
                            {
                                "type": "text",
                                "text": "Hasta que no ha copiado todas las que necesita, puede dar errores. Una vez copiadas ya va estable"
                            }
                        ]
                    }
                ]
            }
        ]
    },
    {
        "client_msg_id": "dcc5358b-8cc5-45b7-8c80-08bf2a3c9558",
        "type": "message",
        "text": "Posiblemente podamos optimizar el código para que no haya demoras en los que otro thread pueda usar la misma DLL (y de ahi el error)",
        "user": "UJN8D8U3B",
        "ts": "1591787597.234200",
        "team": "TJH5YU202",
        "user_team": "TJH5YU202",
        "source_team": "TJH5YU202",
        "user_profile": {
            "avatar_hash": "g92ad2abcc45",
            "image_72": "https:\/\/secure.gravatar.com\/avatar\/8492ad2abcc45ce53969adcf8420acde.jpg?s=72&d=https%3A%2F%2Fa.slack-edge.com%2Fdf10d%2Fimg%2Favatars%2Fava_0008-72.png",
            "first_name": "",
            "real_name": "Antonio Linares",
            "display_name": "Antonio Linares",
            "team": "TJH5YU202",
            "name": "alinares",
            "is_restricted": false,
            "is_ultra_restricted": false
        },
        "edited": {
            "user": "UJN8D8U3B",
            "ts": "1591787619.000000"
        },
        "blocks": [
            {
                "type": "rich_text",
                "block_id": "k799x",
                "elements": [
                    {
                        "type": "rich_text_section",
                        "elements": [
                            {
                                "type": "text",
                                "text": "Posiblemente podamos optimizar el código para que no haya demoras en los que otro thread pueda usar la misma DLL (y de ahi el error)"
                            }
                        ]
                    }
                ]
            }
        ]
    },
    {
        "client_msg_id": "cd9a86a9-2eff-4162-b196-9371b0702305",
        "type": "message",
        "text": ":+1:",
        "user": "UK28N3CER",
        "ts": "1591793068.234400",
        "team": "TJH5YU202",
        "user_team": "TJH5YU202",
        "source_team": "TJH5YU202",
        "user_profile": {
            "avatar_hash": "0eafa7153ff3",
            "image_72": "https:\/\/avatars.slack-edge.com\/2020-05-18\/1155120542496_0eafa7153ff35206c804_72.jpg",
            "first_name": "Cesar",
            "real_name": "Cesar SysCtrl Software",
            "display_name": "Cesar SysCtrl Software",
            "team": "TJH5YU202",
            "name": "sysctrlsoftware",
            "is_restricted": false,
            "is_ultra_restricted": false
        },
        "blocks": [
            {
                "type": "rich_text",
                "block_id": "zB+",
                "elements": [
                    {
                        "type": "rich_text_section",
                        "elements": [
                            {
                                "type": "emoji",
                                "name": "+1"
                            }
                        ]
                    }
                ]
            }
        ]
    },
    {
        "client_msg_id": "47e9e66d-e137-4d74-b036-63d4ce7260ab",
        "type": "message",
        "text": "edit.como del mismo MSDOS jeje",
        "user": "UK28N3CER",
        "ts": "1591807227.234500",
        "team": "TJH5YU202",
        "user_team": "TJH5YU202",
        "source_team": "TJH5YU202",
        "user_profile": {
            "avatar_hash": "0eafa7153ff3",
            "image_72": "https:\/\/avatars.slack-edge.com\/2020-05-18\/1155120542496_0eafa7153ff35206c804_72.jpg",
            "first_name": "Cesar",
            "real_name": "Cesar SysCtrl Software",
            "display_name": "Cesar SysCtrl Software",
            "team": "TJH5YU202",
            "name": "sysctrlsoftware",
            "is_restricted": false,
            "is_ultra_restricted": false
        },
        "blocks": [
            {
                "type": "rich_text",
                "block_id": "6ZK",
                "elements": [
                    {
                        "type": "rich_text_section",
                        "elements": [
                            {
                                "type": "text",
                                "text": "edit.como del mismo MSDOS jeje"
                            }
                        ]
                    }
                ]
            }
        ],
        "thread_ts": "1591645990.217900",
        "parent_user_id": "UMZ3LNV5Z"
    },
    {
        "type": "message",
        "text": "en efecto <@UJN8D8U3B> el segundo test lo hace mas rapido.",
        "files": [
            {
                "id": "F015W83C47J",
                "created": 1591807931,
                "timestamp": 1591807931,
                "name": "image.png",
                "title": "image.png",
                "mimetype": "image\/png",
                "filetype": "png",
                "pretty_type": "PNG",
                "user": "UK28N3CER",
                "editable": false,
                "size": 66625,
                "mode": "hosted",
                "is_external": false,
                "external_type": "",
                "is_public": true,
                "public_url_shared": false,
                "display_as_bot": false,
                "username": "",
                "url_private": "https:\/\/files.slack.com\/files-pri\/TJH5YU202-F015W83C47J\/image.png?t=xoxe-629202954002-1183293690563-1183293711699-bad0c83802ec68402d6030a1e442ae77",
                "url_private_download": "https:\/\/files.slack.com\/files-pri\/TJH5YU202-F015W83C47J\/download\/image.png?t=xoxe-629202954002-1183293690563-1183293711699-bad0c83802ec68402d6030a1e442ae77",
                "thumb_64": "https:\/\/files.slack.com\/files-tmb\/TJH5YU202-F015W83C47J-077c7c38dd\/image_64.png?t=xoxe-629202954002-1183293690563-1183293711699-bad0c83802ec68402d6030a1e442ae77",
                "thumb_80": "https:\/\/files.slack.com\/files-tmb\/TJH5YU202-F015W83C47J-077c7c38dd\/image_80.png?t=xoxe-629202954002-1183293690563-1183293711699-bad0c83802ec68402d6030a1e442ae77",
                "thumb_360": "https:\/\/files.slack.com\/files-tmb\/TJH5YU202-F015W83C47J-077c7c38dd\/image_360.png?t=xoxe-629202954002-1183293690563-1183293711699-bad0c83802ec68402d6030a1e442ae77",
                "thumb_360_w": 360,
                "thumb_360_h": 342,
                "thumb_480": "https:\/\/files.slack.com\/files-tmb\/TJH5YU202-F015W83C47J-077c7c38dd\/image_480.png?t=xoxe-629202954002-1183293690563-1183293711699-bad0c83802ec68402d6030a1e442ae77",
                "thumb_480_w": 480,
                "thumb_480_h": 456,
                "thumb_160": "https:\/\/files.slack.com\/files-tmb\/TJH5YU202-F015W83C47J-077c7c38dd\/image_160.png?t=xoxe-629202954002-1183293690563-1183293711699-bad0c83802ec68402d6030a1e442ae77",
                "original_w": 620,
                "original_h": 589,
                "thumb_tiny": "AwAtADC8M5A2\/jmlORn5RnHrR2FL6fSgAGfTilJPOFo49R+VHHqPyoAXn0pD9KOPUflRxjt+VADf4RS+n0o\/hFHp9KAFx7fpRj2\/Skx\/nijH+eKAFx7fpR26fpR\/ntR2oAb\/AAilHUfSmb+2KPM9qAH\/AOe1H+e1M8z2o8z2oAf\/AJ7UHGKZ5ntS79wPFAH\/2Q==",
                "permalink": "https:\/\/harbourproject.slack.com\/files\/UK28N3CER\/F015W83C47J\/image.png",
                "permalink_public": "https:\/\/slack-files.com\/TJH5YU202-F015W83C47J-ff752b6a19",
                "is_starred": false,
                "has_rich_preview": false
            }
        ],
        "upload": false,
        "blocks": [
            {
                "type": "rich_text",
                "block_id": "xlr1X",
                "elements": [
                    {
                        "type": "rich_text_section",
                        "elements": [
                            {
                                "type": "text",
                                "text": "en efecto "
                            },
                            {
                                "type": "user",
                                "user_id": "UJN8D8U3B"
                            },
                            {
                                "type": "text",
                                "text": " el segundo test lo hace mas rapido."
                            }
                        ]
                    }
                ]
            }
        ],
        "user": "UK28N3CER",
        "display_as_bot": false,
        "ts": "1591807949.235000"
    },
    {
        "client_msg_id": "6577773d-ad68-4a5c-9557-fc7c761bc6ef",
        "type": "message",
        "text": "Aún no está bien",
        "user": "UJN8D8U3B",
        "ts": "1591857475.235500",
        "team": "TJH5YU202",
        "user_team": "TJH5YU202",
        "source_team": "TJH5YU202",
        "user_profile": {
            "avatar_hash": "g92ad2abcc45",
            "image_72": "https:\/\/secure.gravatar.com\/avatar\/8492ad2abcc45ce53969adcf8420acde.jpg?s=72&d=https%3A%2F%2Fa.slack-edge.com%2Fdf10d%2Fimg%2Favatars%2Fava_0008-72.png",
            "first_name": "",
            "real_name": "Antonio Linares",
            "display_name": "Antonio Linares",
            "team": "TJH5YU202",
            "name": "alinares",
            "is_restricted": false,
            "is_ultra_restricted": false
        },
        "blocks": [
            {
                "type": "rich_text",
                "block_id": "J3qFE",
                "elements": [
                    {
                        "type": "rich_text_section",
                        "elements": [
                            {
                                "type": "text",
                                "text": "Aún no está bien"
                            }
                        ]
                    }
                ]
            }
        ]
    },
    {
        "client_msg_id": "6640d0b3-7dd8-4630-8bba-8e6663ff590b",
        "type": "message",
        "text": "buenos dias :sunny:",
        "user": "UJN8D8U3B",
        "ts": "1591857487.235800",
        "team": "TJH5YU202",
        "user_team": "TJH5YU202",
        "source_team": "TJH5YU202",
        "user_profile": {
            "avatar_hash": "g92ad2abcc45",
            "image_72": "https:\/\/secure.gravatar.com\/avatar\/8492ad2abcc45ce53969adcf8420acde.jpg?s=72&d=https%3A%2F%2Fa.slack-edge.com%2Fdf10d%2Fimg%2Favatars%2Fava_0008-72.png",
            "first_name": "",
            "real_name": "Antonio Linares",
            "display_name": "Antonio Linares",
            "team": "TJH5YU202",
            "name": "alinares",
            "is_restricted": false,
            "is_ultra_restricted": false
        },
        "blocks": [
            {
                "type": "rich_text",
                "block_id": "2IL\/",
                "elements": [
                    {
                        "type": "rich_text_section",
                        "elements": [
                            {
                                "type": "text",
                                "text": "buenos dias "
                            },
                            {
                                "type": "emoji",
                                "name": "sunny"
                            }
                        ]
                    }
                ]
            }
        ]
    }
]