[
    {
        "type": "message",
        "subtype": "thread_broadcast",
        "text": "A mi me ha pasado con varios clientes que me ha pagado las horas de trabajo y luego me han pedido permiso para compartirlo ellos con la comunidad. No es exactamente software libre pero algo parecido",
        "user": "UMZ3LNV5Z",
        "ts": "1589843885.351200",
        "thread_ts": "1589667093.313400",
        "root": {
            "client_msg_id": "a529d50c-ad59-421b-a759-f0ec030da891",
            "type": "message",
            "text": "alguien necesita un software que no tiene por qué estar hecho a medida, y te pagan por hacerlo, pero al mismo tiempo lo publicas como software libre",
            "user": "UNAHBRTFA",
            "ts": "1589667093.313400",
            "team": "TJH5YU202",
            "blocks": [
                {
                    "type": "rich_text",
                    "block_id": "Oo7",
                    "elements": [
                        {
                            "type": "rich_text_section",
                            "elements": [
                                {
                                    "type": "text",
                                    "text": "alguien necesita un software que no tiene por qué estar hecho a medida, y te pagan por hacerlo, pero al mismo tiempo lo publicas como software libre"
                                }
                            ]
                        }
                    ]
                }
            ],
            "thread_ts": "1589667093.313400",
            "reply_count": 14,
            "reply_users_count": 2,
            "latest_reply": "1589845084.354400",
            "reply_users": [
                "UMZ3LNV5Z",
                "UNAHBRTFA"
            ],
            "subscribed": false
        },
        "blocks": [
            {
                "type": "rich_text",
                "block_id": "4=rU",
                "elements": [
                    {
                        "type": "rich_text_section",
                        "elements": [
                            {
                                "type": "text",
                                "text": "A mi me ha pasado con varios clientes que me ha pagado las horas de trabajo y luego me han pedido permiso para compartirlo ellos con la comunidad. No es exactamente software libre pero algo parecido"
                            }
                        ]
                    }
                ]
            }
        ],
        "client_msg_id": "97078875-f4e2-4e27-965c-11034537549c"
    },
    {
        "type": "message",
        "subtype": "thread_broadcast",
        "text": "Creo que es el espíritu del software libre, aunque no lleve una licencia libre.",
        "user": "UNAHBRTFA",
        "ts": "1589843991.351700",
        "thread_ts": "1589667093.313400",
        "root": {
            "client_msg_id": "a529d50c-ad59-421b-a759-f0ec030da891",
            "type": "message",
            "text": "alguien necesita un software que no tiene por qué estar hecho a medida, y te pagan por hacerlo, pero al mismo tiempo lo publicas como software libre",
            "user": "UNAHBRTFA",
            "ts": "1589667093.313400",
            "team": "TJH5YU202",
            "blocks": [
                {
                    "type": "rich_text",
                    "block_id": "Oo7",
                    "elements": [
                        {
                            "type": "rich_text_section",
                            "elements": [
                                {
                                    "type": "text",
                                    "text": "alguien necesita un software que no tiene por qué estar hecho a medida, y te pagan por hacerlo, pero al mismo tiempo lo publicas como software libre"
                                }
                            ]
                        }
                    ]
                }
            ],
            "thread_ts": "1589667093.313400",
            "reply_count": 14,
            "reply_users_count": 2,
            "latest_reply": "1589845084.354400",
            "reply_users": [
                "UMZ3LNV5Z",
                "UNAHBRTFA"
            ],
            "subscribed": false
        },
        "blocks": [
            {
                "type": "rich_text",
                "block_id": "nvCvF",
                "elements": [
                    {
                        "type": "rich_text_section",
                        "elements": [
                            {
                                "type": "text",
                                "text": "Creo que es el espíritu del software libre, aunque no lleve una licencia libre."
                            }
                        ]
                    }
                ]
            }
        ],
        "client_msg_id": "82f45e58-1ce3-415a-b007-11fd9478faad"
    },
    {
        "type": "message",
        "subtype": "thread_broadcast",
        "text": "Pero no por eso las licencias no son importantes.",
        "user": "UNAHBRTFA",
        "ts": "1589844036.352000",
        "thread_ts": "1589667093.313400",
        "root": {
            "client_msg_id": "a529d50c-ad59-421b-a759-f0ec030da891",
            "type": "message",
            "text": "alguien necesita un software que no tiene por qué estar hecho a medida, y te pagan por hacerlo, pero al mismo tiempo lo publicas como software libre",
            "user": "UNAHBRTFA",
            "ts": "1589667093.313400",
            "team": "TJH5YU202",
            "blocks": [
                {
                    "type": "rich_text",
                    "block_id": "Oo7",
                    "elements": [
                        {
                            "type": "rich_text_section",
                            "elements": [
                                {
                                    "type": "text",
                                    "text": "alguien necesita un software que no tiene por qué estar hecho a medida, y te pagan por hacerlo, pero al mismo tiempo lo publicas como software libre"
                                }
                            ]
                        }
                    ]
                }
            ],
            "thread_ts": "1589667093.313400",
            "reply_count": 14,
            "reply_users_count": 2,
            "latest_reply": "1589845084.354400",
            "reply_users": [
                "UMZ3LNV5Z",
                "UNAHBRTFA"
            ],
            "subscribed": false
        },
        "blocks": [
            {
                "type": "rich_text",
                "block_id": "m6Fik",
                "elements": [
                    {
                        "type": "rich_text_section",
                        "elements": [
                            {
                                "type": "text",
                                "text": "Pero no por eso las licencias no son importantes."
                            }
                        ]
                    }
                ]
            }
        ],
        "client_msg_id": "3f853f0f-b530-43db-9be5-ea62f696d522"
    },
    {
        "client_msg_id": "2c708513-4160-4bbd-ad42-ae498efd5a93",
        "type": "message",
        "text": "La única cosa a la que le he puesto licencia es el ot4xb y me la pasaste tú :slightly_smiling_face:",
        "user": "UMZ3LNV5Z",
        "ts": "1589844172.352300",
        "team": "TJH5YU202",
        "user_team": "TJH5YU202",
        "source_team": "TJH5YU202",
        "user_profile": {
            "avatar_hash": "0705cbdb2dc9",
            "image_72": "https:\/\/avatars.slack-edge.com\/2020-02-24\/967980533062_0705cbdb2dc9cb3644bb_72.jpg",
            "first_name": "Pablo",
            "real_name": "Pablo Botella",
            "display_name": "Pablo Botella",
            "team": "TJH5YU202",
            "name": "pb",
            "is_restricted": false,
            "is_ultra_restricted": false
        },
        "blocks": [
            {
                "type": "rich_text",
                "block_id": "fMM",
                "elements": [
                    {
                        "type": "rich_text_section",
                        "elements": [
                            {
                                "type": "text",
                                "text": "La única cosa a la que le he puesto licencia es el ot4xb y me la pasaste tú "
                            },
                            {
                                "type": "emoji",
                                "name": "slightly_smiling_face"
                            }
                        ]
                    }
                ]
            }
        ],
        "thread_ts": "1589667093.313400",
        "parent_user_id": "UNAHBRTFA"
    },
    {
        "client_msg_id": "e681e5bc-bcdf-4ceb-af67-2beb9368885d",
        "type": "message",
        "text": "Pero si imagino que habrá que a empezar a poner esas cosas.",
        "user": "UMZ3LNV5Z",
        "ts": "1589844320.352500",
        "team": "TJH5YU202",
        "user_team": "TJH5YU202",
        "source_team": "TJH5YU202",
        "user_profile": {
            "avatar_hash": "0705cbdb2dc9",
            "image_72": "https:\/\/avatars.slack-edge.com\/2020-02-24\/967980533062_0705cbdb2dc9cb3644bb_72.jpg",
            "first_name": "Pablo",
            "real_name": "Pablo Botella",
            "display_name": "Pablo Botella",
            "team": "TJH5YU202",
            "name": "pb",
            "is_restricted": false,
            "is_ultra_restricted": false
        },
        "blocks": [
            {
                "type": "rich_text",
                "block_id": "\/Zh98",
                "elements": [
                    {
                        "type": "rich_text_section",
                        "elements": [
                            {
                                "type": "text",
                                "text": "Pero si imagino que habrá que a empezar a poner esas cosas."
                            }
                        ]
                    }
                ]
            }
        ],
        "thread_ts": "1589667093.313400",
        "parent_user_id": "UNAHBRTFA"
    },
    {
        "client_msg_id": "0e2e2e9a-54ec-4b9d-b314-93ef2c9fb755",
        "type": "message",
        "text": "(está un a morrer e ainda está a aprender  )",
        "user": "UMZ3LNV5Z",
        "ts": "1589844338.352700",
        "team": "TJH5YU202",
        "user_team": "TJH5YU202",
        "source_team": "TJH5YU202",
        "user_profile": {
            "avatar_hash": "0705cbdb2dc9",
            "image_72": "https:\/\/avatars.slack-edge.com\/2020-02-24\/967980533062_0705cbdb2dc9cb3644bb_72.jpg",
            "first_name": "Pablo",
            "real_name": "Pablo Botella",
            "display_name": "Pablo Botella",
            "team": "TJH5YU202",
            "name": "pb",
            "is_restricted": false,
            "is_ultra_restricted": false
        },
        "blocks": [
            {
                "type": "rich_text",
                "block_id": "uFdf",
                "elements": [
                    {
                        "type": "rich_text_section",
                        "elements": [
                            {
                                "type": "text",
                                "text": "(está un a morrer e ainda está a aprender  )"
                            }
                        ]
                    }
                ]
            }
        ],
        "thread_ts": "1589667093.313400",
        "parent_user_id": "UNAHBRTFA"
    },
    {
        "client_msg_id": "46441ed1-7efd-4989-8615-79f93e55ee51",
        "type": "message",
        "text": "A ti aún te falta para morrer :slightly_smiling_face:",
        "user": "UNAHBRTFA",
        "ts": "1589844381.352900",
        "team": "TJH5YU202",
        "user_team": "TJH5YU202",
        "source_team": "TJH5YU202",
        "user_profile": {
            "avatar_hash": "g3d2a3f4c28c",
            "image_72": "https:\/\/secure.gravatar.com\/avatar\/23d2a3f4c28cebb4cf07e48d02620517.jpg?s=72&d=https%3A%2F%2Fa.slack-edge.com%2Fdf10d%2Fimg%2Favatars%2Fava_0020-72.png",
            "first_name": "Andreu",
            "real_name": "Andreu Botella",
            "display_name": "Andreu Botella",
            "team": "TJH5YU202",
            "name": "andreu.132",
            "is_restricted": false,
            "is_ultra_restricted": false
        },
        "blocks": [
            {
                "type": "rich_text",
                "block_id": "3=r",
                "elements": [
                    {
                        "type": "rich_text_section",
                        "elements": [
                            {
                                "type": "text",
                                "text": "A ti aún te falta para morrer "
                            },
                            {
                                "type": "emoji",
                                "name": "slightly_smiling_face"
                            }
                        ]
                    }
                ]
            }
        ],
        "thread_ts": "1589667093.313400",
        "parent_user_id": "UNAHBRTFA"
    },
    {
        "client_msg_id": "30e923ef-a7bc-4f02-8918-b2eacde84d87",
        "type": "message",
        "text": "es el dicho ( se me pegó de mi suegra que tenía un buen repertorio)",
        "user": "UMZ3LNV5Z",
        "ts": "1589844445.353100",
        "team": "TJH5YU202",
        "user_team": "TJH5YU202",
        "source_team": "TJH5YU202",
        "user_profile": {
            "avatar_hash": "0705cbdb2dc9",
            "image_72": "https:\/\/avatars.slack-edge.com\/2020-02-24\/967980533062_0705cbdb2dc9cb3644bb_72.jpg",
            "first_name": "Pablo",
            "real_name": "Pablo Botella",
            "display_name": "Pablo Botella",
            "team": "TJH5YU202",
            "name": "pb",
            "is_restricted": false,
            "is_ultra_restricted": false
        },
        "blocks": [
            {
                "type": "rich_text",
                "block_id": "UIo",
                "elements": [
                    {
                        "type": "rich_text_section",
                        "elements": [
                            {
                                "type": "text",
                                "text": "es el dicho ( se me pegó de mi suegra que tenía un buen repertorio)"
                            }
                        ]
                    }
                ]
            }
        ],
        "thread_ts": "1589667093.313400",
        "parent_user_id": "UNAHBRTFA"
    },
    {
        "client_msg_id": "ddc4db2d-97e9-4f44-9095-5eaf334403b5",
        "type": "message",
        "text": "Las tres licencias que necesitas conocer:\n1. MIT (o BSD 2-clause, que tiene distinto texto pero es básicamente idéntica). Cualquiera hace lo que le dé la gana con tu software.\n2. Apache. Casi como MIT, pero si te preocupan las patentes te da más protecciones.\n3. GPL. Puedes hacer lo que te dé la gana, mientras no le cambies la licencia o lo metas en software privativo.",
        "user": "UNAHBRTFA",
        "ts": "1589844483.353300",
        "team": "TJH5YU202",
        "user_team": "TJH5YU202",
        "source_team": "TJH5YU202",
        "user_profile": {
            "avatar_hash": "g3d2a3f4c28c",
            "image_72": "https:\/\/secure.gravatar.com\/avatar\/23d2a3f4c28cebb4cf07e48d02620517.jpg?s=72&d=https%3A%2F%2Fa.slack-edge.com%2Fdf10d%2Fimg%2Favatars%2Fava_0020-72.png",
            "first_name": "Andreu",
            "real_name": "Andreu Botella",
            "display_name": "Andreu Botella",
            "team": "TJH5YU202",
            "name": "andreu.132",
            "is_restricted": false,
            "is_ultra_restricted": false
        },
        "blocks": [
            {
                "type": "rich_text",
                "block_id": "yQvIp",
                "elements": [
                    {
                        "type": "rich_text_section",
                        "elements": [
                            {
                                "type": "text",
                                "text": "Las tres licencias que necesitas conocer:\n"
                            }
                        ]
                    },
                    {
                        "type": "rich_text_list",
                        "elements": [
                            {
                                "type": "rich_text_section",
                                "elements": [
                                    {
                                        "type": "text",
                                        "text": "MIT (o BSD 2-clause, que tiene distinto texto pero es básicamente idéntica). Cualquiera hace lo que le dé la gana con tu software."
                                    }
                                ]
                            },
                            {
                                "type": "rich_text_section",
                                "elements": [
                                    {
                                        "type": "text",
                                        "text": "Apache. Casi como MIT, pero si te preocupan las patentes te da más protecciones."
                                    }
                                ]
                            },
                            {
                                "type": "rich_text_section",
                                "elements": [
                                    {
                                        "type": "text",
                                        "text": "GPL. Puedes hacer lo que te dé la gana, mientras no le cambies la licencia o lo metas en software privativo."
                                    }
                                ]
                            }
                        ],
                        "style": "ordered",
                        "indent": 0
                    }
                ]
            }
        ],
        "thread_ts": "1589667093.313400",
        "parent_user_id": "UNAHBRTFA"
    },
    {
        "client_msg_id": "d320097d-474b-4a71-83b7-c814199fa978",
        "type": "message",
        "text": "La de ot4xb es la MIT",
        "user": "UNAHBRTFA",
        "ts": "1589844564.353500",
        "team": "TJH5YU202",
        "user_team": "TJH5YU202",
        "source_team": "TJH5YU202",
        "user_profile": {
            "avatar_hash": "g3d2a3f4c28c",
            "image_72": "https:\/\/secure.gravatar.com\/avatar\/23d2a3f4c28cebb4cf07e48d02620517.jpg?s=72&d=https%3A%2F%2Fa.slack-edge.com%2Fdf10d%2Fimg%2Favatars%2Fava_0020-72.png",
            "first_name": "Andreu",
            "real_name": "Andreu Botella",
            "display_name": "Andreu Botella",
            "team": "TJH5YU202",
            "name": "andreu.132",
            "is_restricted": false,
            "is_ultra_restricted": false
        },
        "blocks": [
            {
                "type": "rich_text",
                "block_id": "4Gmm0",
                "elements": [
                    {
                        "type": "rich_text_section",
                        "elements": [
                            {
                                "type": "text",
                                "text": "La de ot4xb es la MIT"
                            }
                        ]
                    }
                ]
            }
        ],
        "thread_ts": "1589667093.313400",
        "parent_user_id": "UNAHBRTFA"
    },
    {
        "client_msg_id": "683c814b-588e-4c12-b776-4a39fb1960a7",
        "type": "message",
        "text": "Si quieres más opciones o más detalles, github tiene montado <http:\/\/choosealicense.com|choosealicense.com>",
        "user": "UNAHBRTFA",
        "ts": "1589844686.353700",
        "team": "TJH5YU202",
        "user_team": "TJH5YU202",
        "source_team": "TJH5YU202",
        "user_profile": {
            "avatar_hash": "g3d2a3f4c28c",
            "image_72": "https:\/\/secure.gravatar.com\/avatar\/23d2a3f4c28cebb4cf07e48d02620517.jpg?s=72&d=https%3A%2F%2Fa.slack-edge.com%2Fdf10d%2Fimg%2Favatars%2Fava_0020-72.png",
            "first_name": "Andreu",
            "real_name": "Andreu Botella",
            "display_name": "Andreu Botella",
            "team": "TJH5YU202",
            "name": "andreu.132",
            "is_restricted": false,
            "is_ultra_restricted": false
        },
        "blocks": [
            {
                "type": "rich_text",
                "block_id": "bX3x",
                "elements": [
                    {
                        "type": "rich_text_section",
                        "elements": [
                            {
                                "type": "text",
                                "text": "Si quieres más opciones o más detalles, github tiene montado "
                            },
                            {
                                "type": "link",
                                "url": "http:\/\/choosealicense.com",
                                "text": "choosealicense.com"
                            }
                        ]
                    }
                ]
            }
        ],
        "thread_ts": "1589667093.313400",
        "parent_user_id": "UNAHBRTFA"
    },
    {
        "client_msg_id": "aa86ac52-2250-4500-a567-227c9f3f072e",
        "type": "message",
        "text": "<https:\/\/choosealicense.com\/no-permission\/>",
        "user": "UNAHBRTFA",
        "ts": "1589844780.353900",
        "team": "TJH5YU202",
        "user_team": "TJH5YU202",
        "source_team": "TJH5YU202",
        "user_profile": {
            "avatar_hash": "g3d2a3f4c28c",
            "image_72": "https:\/\/secure.gravatar.com\/avatar\/23d2a3f4c28cebb4cf07e48d02620517.jpg?s=72&d=https%3A%2F%2Fa.slack-edge.com%2Fdf10d%2Fimg%2Favatars%2Fava_0020-72.png",
            "first_name": "Andreu",
            "real_name": "Andreu Botella",
            "display_name": "Andreu Botella",
            "team": "TJH5YU202",
            "name": "andreu.132",
            "is_restricted": false,
            "is_ultra_restricted": false
        },
        "attachments": [
            {
                "service_name": "Choose a License",
                "title": "No License",
                "title_link": "https:\/\/choosealicense.com\/no-permission\/",
                "text": "You’re under no obligation to choose a license and it’s your right not to include one with your code or project. But please note that opting out of open source licenses doesn’t mean you’re opting out of copyright law.",
                "fallback": "Choose a License: No License",
                "from_url": "https:\/\/choosealicense.com\/no-permission\/",
                "service_icon": "https:\/\/choosealicense.com\/favicon.ico",
                "id": 1,
                "original_url": "https:\/\/choosealicense.com\/no-permission\/"
            }
        ],
        "blocks": [
            {
                "type": "rich_text",
                "block_id": "77YzR",
                "elements": [
                    {
                        "type": "rich_text_section",
                        "elements": [
                            {
                                "type": "link",
                                "url": "https:\/\/choosealicense.com\/no-permission\/"
                            }
                        ]
                    }
                ]
            }
        ],
        "thread_ts": "1589667093.313400",
        "parent_user_id": "UNAHBRTFA"
    },
    {
        "client_msg_id": "8d52029f-7f21-49a1-b5f4-44e5f5fb4f7a",
        "type": "message",
        "text": "Dev 007 Licencia para Cortar (y pegar)",
        "user": "UMZ3LNV5Z",
        "ts": "1589845069.354200",
        "team": "TJH5YU202",
        "user_team": "TJH5YU202",
        "source_team": "TJH5YU202",
        "user_profile": {
            "avatar_hash": "0705cbdb2dc9",
            "image_72": "https:\/\/avatars.slack-edge.com\/2020-02-24\/967980533062_0705cbdb2dc9cb3644bb_72.jpg",
            "first_name": "Pablo",
            "real_name": "Pablo Botella",
            "display_name": "Pablo Botella",
            "team": "TJH5YU202",
            "name": "pb",
            "is_restricted": false,
            "is_ultra_restricted": false
        },
        "blocks": [
            {
                "type": "rich_text",
                "block_id": "0ZWx",
                "elements": [
                    {
                        "type": "rich_text_section",
                        "elements": [
                            {
                                "type": "text",
                                "text": "Dev 007 Licencia para Cortar (y pegar)"
                            }
                        ]
                    }
                ]
            }
        ],
        "thread_ts": "1589667093.313400",
        "parent_user_id": "UNAHBRTFA"
    },
    {
        "client_msg_id": "79a8319f-a0eb-4b53-a544-2ca19538d7aa",
        "type": "message",
        "text": "mañana más",
        "user": "UMZ3LNV5Z",
        "ts": "1589845084.354400",
        "team": "TJH5YU202",
        "user_team": "TJH5YU202",
        "source_team": "TJH5YU202",
        "user_profile": {
            "avatar_hash": "0705cbdb2dc9",
            "image_72": "https:\/\/avatars.slack-edge.com\/2020-02-24\/967980533062_0705cbdb2dc9cb3644bb_72.jpg",
            "first_name": "Pablo",
            "real_name": "Pablo Botella",
            "display_name": "Pablo Botella",
            "team": "TJH5YU202",
            "name": "pb",
            "is_restricted": false,
            "is_ultra_restricted": false
        },
        "blocks": [
            {
                "type": "rich_text",
                "block_id": "cr2Og",
                "elements": [
                    {
                        "type": "rich_text_section",
                        "elements": [
                            {
                                "type": "text",
                                "text": "mañana más"
                            }
                        ]
                    }
                ]
            }
        ],
        "thread_ts": "1589667093.313400",
        "parent_user_id": "UNAHBRTFA"
    },
    {
        "client_msg_id": "adc7a2e8-42e7-4bba-9b4d-5b364223d8fd",
        "type": "message",
        "text": "<https:\/\/chrome.google.com\/webstore\/detail\/ripple-emulator-beta\/geelfhphabnejjhdalkjhgipohgpdnoc\/related?hl=es>\nUna interesante extension para chrome.. por si alguien quiere hacer pruebas de responsive en dispositivos moviles",
        "user": "UJU5KF40L",
        "ts": "1589861922.355900",
        "team": "TJH5YU202",
        "user_team": "TJH5YU202",
        "source_team": "TJH5YU202",
        "user_profile": {
            "avatar_hash": "g4ed10b5a0fa",
            "image_72": "https:\/\/secure.gravatar.com\/avatar\/7d4ed10b5a0fad78716e154511597ff9.jpg?s=72&d=https%3A%2F%2Fa.slack-edge.com%2Fdf10d%2Fimg%2Favatars%2Fava_0021-72.png",
            "first_name": "Gabriel",
            "real_name": "Gabriel Ornelas",
            "display_name": "GabO",
            "team": "TJH5YU202",
            "name": "gabrielornelasm",
            "is_restricted": false,
            "is_ultra_restricted": false
        },
        "attachments": [
            {
                "title": "Ripple Emulator (Beta)",
                "title_link": "https:\/\/chrome.google.com\/webstore\/detail\/ripple-emulator-beta\/geelfhphabnejjhdalkjhgipohgpdnoc\/related?hl=es",
                "text": "A browser based html5 mobile application development and testing tool",
                "fallback": "Ripple Emulator (Beta)",
                "from_url": "https:\/\/chrome.google.com\/webstore\/detail\/ripple-emulator-beta\/geelfhphabnejjhdalkjhgipohgpdnoc\/related?hl=es",
                "thumb_url": "https:\/\/lh3.googleusercontent.com\/yRgjJApTzh8tUZK4Gc__HASoYdpg81BFWSiEe_rmRqp-69sPURo4oh1mgamu2AIiCkXqiiezOlg",
                "thumb_width": 128,
                "thumb_height": 128,
                "service_icon": "https:\/\/www.google.com\/images\/icons\/product\/chrome_web_store-32.png",
                "service_name": "chrome.google.com",
                "id": 1,
                "original_url": "https:\/\/chrome.google.com\/webstore\/detail\/ripple-emulator-beta\/geelfhphabnejjhdalkjhgipohgpdnoc\/related?hl=es"
            }
        ],
        "blocks": [
            {
                "type": "rich_text",
                "block_id": "vcOf",
                "elements": [
                    {
                        "type": "rich_text_section",
                        "elements": [
                            {
                                "type": "link",
                                "url": "https:\/\/chrome.google.com\/webstore\/detail\/ripple-emulator-beta\/geelfhphabnejjhdalkjhgipohgpdnoc\/related?hl=es"
                            },
                            {
                                "type": "text",
                                "text": "\nUna interesante extension para chrome.. por si alguien quiere hacer pruebas de responsive en dispositivos moviles"
                            }
                        ]
                    }
                ]
            }
        ]
    },
    {
        "client_msg_id": "26a10149-55e0-4132-ab65-fde679d69279",
        "type": "message",
        "text": "En que se diferencia del que ya tiene Chrome ?",
        "user": "UJN8D8U3B",
        "ts": "1589862512.356300",
        "team": "TJH5YU202",
        "user_team": "TJH5YU202",
        "source_team": "TJH5YU202",
        "user_profile": {
            "avatar_hash": "g92ad2abcc45",
            "image_72": "https:\/\/secure.gravatar.com\/avatar\/8492ad2abcc45ce53969adcf8420acde.jpg?s=72&d=https%3A%2F%2Fa.slack-edge.com%2Fdf10d%2Fimg%2Favatars%2Fava_0008-72.png",
            "first_name": "",
            "real_name": "Antonio Linares",
            "display_name": "Antonio Linares",
            "team": "TJH5YU202",
            "name": "alinares",
            "is_restricted": false,
            "is_ultra_restricted": false
        },
        "blocks": [
            {
                "type": "rich_text",
                "block_id": "EIja",
                "elements": [
                    {
                        "type": "rich_text_section",
                        "elements": [
                            {
                                "type": "text",
                                "text": "En que se diferencia del que ya tiene Chrome ?"
                            }
                        ]
                    }
                ]
            }
        ]
    },
    {
        "client_msg_id": "8cc7f80a-d366-4752-9590-40f02969ea77",
        "type": "message",
        "text": "buenos dias :sunny:",
        "user": "UJN8D8U3B",
        "ts": "1589862529.356700",
        "team": "TJH5YU202",
        "user_team": "TJH5YU202",
        "source_team": "TJH5YU202",
        "user_profile": {
            "avatar_hash": "g92ad2abcc45",
            "image_72": "https:\/\/secure.gravatar.com\/avatar\/8492ad2abcc45ce53969adcf8420acde.jpg?s=72&d=https%3A%2F%2Fa.slack-edge.com%2Fdf10d%2Fimg%2Favatars%2Fava_0008-72.png",
            "first_name": "",
            "real_name": "Antonio Linares",
            "display_name": "Antonio Linares",
            "team": "TJH5YU202",
            "name": "alinares",
            "is_restricted": false,
            "is_ultra_restricted": false
        },
        "blocks": [
            {
                "type": "rich_text",
                "block_id": "NAq7",
                "elements": [
                    {
                        "type": "rich_text_section",
                        "elements": [
                            {
                                "type": "text",
                                "text": "buenos dias "
                            },
                            {
                                "type": "emoji",
                                "name": "sunny"
                            }
                        ]
                    }
                ]
            }
        ]
    },
    {
        "client_msg_id": "fa6a7ac7-d01b-45d9-9aa1-1edac86e8609",
        "type": "message",
        "text": "Bon dia",
        "user": "UJWR5N32S",
        "ts": "1589866643.357100",
        "team": "TJH5YU202",
        "user_team": "TJH5YU202",
        "source_team": "TJH5YU202",
        "user_profile": {
            "avatar_hash": "273d3745f7ae",
            "image_72": "https:\/\/avatars.slack-edge.com\/2019-05-20\/634344238497_273d3745f7ae1b176b82_72.jpg",
            "first_name": "Charly",
            "real_name": "Charly",
            "display_name": "Charly",
            "team": "TJH5YU202",
            "name": "carles9000",
            "is_restricted": false,
            "is_ultra_restricted": false
        },
        "blocks": [
            {
                "type": "rich_text",
                "block_id": "xtl",
                "elements": [
                    {
                        "type": "rich_text_section",
                        "elements": [
                            {
                                "type": "text",
                                "text": "Bon dia"
                            }
                        ]
                    }
                ]
            }
        ]
    }
]