[
    {
        "client_msg_id": "f3238f60-3630-466b-ba84-56a9ada733d6",
        "type": "message",
        "text": "buenos dias :sunny:",
        "user": "UJN8D8U3B",
        "ts": "1591340991.048200",
        "team": "TJH5YU202",
        "user_team": "TJH5YU202",
        "source_team": "TJH5YU202",
        "user_profile": {
            "avatar_hash": "g92ad2abcc45",
            "image_72": "https:\/\/secure.gravatar.com\/avatar\/8492ad2abcc45ce53969adcf8420acde.jpg?s=72&d=https%3A%2F%2Fa.slack-edge.com%2Fdf10d%2Fimg%2Favatars%2Fava_0008-72.png",
            "first_name": "",
            "real_name": "Antonio Linares",
            "display_name": "Antonio Linares",
            "team": "TJH5YU202",
            "name": "alinares",
            "is_restricted": false,
            "is_ultra_restricted": false
        },
        "blocks": [
            {
                "type": "rich_text",
                "block_id": "GOG3T",
                "elements": [
                    {
                        "type": "rich_text_section",
                        "elements": [
                            {
                                "type": "text",
                                "text": "buenos dias "
                            },
                            {
                                "type": "emoji",
                                "name": "sunny"
                            }
                        ]
                    }
                ]
            }
        ]
    },
    {
        "client_msg_id": "12b1edba-79d6-40b0-b332-ef28fc8c037c",
        "type": "message",
        "text": "la versión de linux esta funcionando, increible pero cierto",
        "user": "UJN8D8U3B",
        "ts": "1591341008.048600",
        "team": "TJH5YU202",
        "user_team": "TJH5YU202",
        "source_team": "TJH5YU202",
        "user_profile": {
            "avatar_hash": "g92ad2abcc45",
            "image_72": "https:\/\/secure.gravatar.com\/avatar\/8492ad2abcc45ce53969adcf8420acde.jpg?s=72&d=https%3A%2F%2Fa.slack-edge.com%2Fdf10d%2Fimg%2Favatars%2Fava_0008-72.png",
            "first_name": "",
            "real_name": "Antonio Linares",
            "display_name": "Antonio Linares",
            "team": "TJH5YU202",
            "name": "alinares",
            "is_restricted": false,
            "is_ultra_restricted": false
        },
        "blocks": [
            {
                "type": "rich_text",
                "block_id": "FOt",
                "elements": [
                    {
                        "type": "rich_text_section",
                        "elements": [
                            {
                                "type": "text",
                                "text": "la versión de linux esta funcionando, increible pero cierto"
                            }
                        ]
                    }
                ]
            }
        ]
    },
    {
        "client_msg_id": "7f718183-d0ab-45f6-be00-e4d8787df966",
        "type": "message",
        "text": "y ya podemos usar el gdb (debugger) desde Linux :+1:",
        "user": "UJN8D8U3B",
        "ts": "1591341033.049100",
        "team": "TJH5YU202",
        "user_team": "TJH5YU202",
        "source_team": "TJH5YU202",
        "user_profile": {
            "avatar_hash": "g92ad2abcc45",
            "image_72": "https:\/\/secure.gravatar.com\/avatar\/8492ad2abcc45ce53969adcf8420acde.jpg?s=72&d=https%3A%2F%2Fa.slack-edge.com%2Fdf10d%2Fimg%2Favatars%2Fava_0008-72.png",
            "first_name": "",
            "real_name": "Antonio Linares",
            "display_name": "Antonio Linares",
            "team": "TJH5YU202",
            "name": "alinares",
            "is_restricted": false,
            "is_ultra_restricted": false
        },
        "blocks": [
            {
                "type": "rich_text",
                "block_id": "jqMQk",
                "elements": [
                    {
                        "type": "rich_text_section",
                        "elements": [
                            {
                                "type": "text",
                                "text": "y ya podemos usar el gdb (debugger) desde Linux "
                            },
                            {
                                "type": "emoji",
                                "name": "+1"
                            }
                        ]
                    }
                ]
            }
        ]
    },
    {
        "client_msg_id": "c4c3159c-ec14-4636-a2b5-3f28d6113240",
        "type": "message",
        "text": "Esta tarde, si quereis, lo vemos",
        "user": "UJN8D8U3B",
        "ts": "1591341043.049400",
        "team": "TJH5YU202",
        "user_team": "TJH5YU202",
        "source_team": "TJH5YU202",
        "user_profile": {
            "avatar_hash": "g92ad2abcc45",
            "image_72": "https:\/\/secure.gravatar.com\/avatar\/8492ad2abcc45ce53969adcf8420acde.jpg?s=72&d=https%3A%2F%2Fa.slack-edge.com%2Fdf10d%2Fimg%2Favatars%2Fava_0008-72.png",
            "first_name": "",
            "real_name": "Antonio Linares",
            "display_name": "Antonio Linares",
            "team": "TJH5YU202",
            "name": "alinares",
            "is_restricted": false,
            "is_ultra_restricted": false
        },
        "blocks": [
            {
                "type": "rich_text",
                "block_id": "MKF",
                "elements": [
                    {
                        "type": "rich_text_section",
                        "elements": [
                            {
                                "type": "text",
                                "text": "Esta tarde, si quereis, lo vemos"
                            }
                        ]
                    }
                ]
            }
        ],
        "reactions": [
            {
                "name": "+1",
                "users": [
                    "UJUJLTWMT",
                    "UMZ3LNV5Z"
                ],
                "count": 2
            }
        ]
    },
    {
        "client_msg_id": "4795b2ff-f3d9-46b3-b361-3f8642161cb1",
        "type": "message",
        "text": "Bon dia!",
        "user": "UJWR5N32S",
        "ts": "1591341063.049600",
        "team": "TJH5YU202",
        "user_team": "TJH5YU202",
        "source_team": "TJH5YU202",
        "user_profile": {
            "avatar_hash": "273d3745f7ae",
            "image_72": "https:\/\/avatars.slack-edge.com\/2019-05-20\/634344238497_273d3745f7ae1b176b82_72.jpg",
            "first_name": "Charly",
            "real_name": "Charly",
            "display_name": "Charly",
            "team": "TJH5YU202",
            "name": "carles9000",
            "is_restricted": false,
            "is_ultra_restricted": false
        },
        "blocks": [
            {
                "type": "rich_text",
                "block_id": "Ais",
                "elements": [
                    {
                        "type": "rich_text_section",
                        "elements": [
                            {
                                "type": "text",
                                "text": "Bon dia!"
                            }
                        ]
                    }
                ]
            }
        ]
    },
    {
        "client_msg_id": "d9e7833d-1dfb-4044-9444-50beeb821acc",
        "type": "message",
        "text": "Me apunto :point_up:",
        "user": "UJWR5N32S",
        "ts": "1591341080.049900",
        "team": "TJH5YU202",
        "user_team": "TJH5YU202",
        "source_team": "TJH5YU202",
        "user_profile": {
            "avatar_hash": "273d3745f7ae",
            "image_72": "https:\/\/avatars.slack-edge.com\/2019-05-20\/634344238497_273d3745f7ae1b176b82_72.jpg",
            "first_name": "Charly",
            "real_name": "Charly",
            "display_name": "Charly",
            "team": "TJH5YU202",
            "name": "carles9000",
            "is_restricted": false,
            "is_ultra_restricted": false
        },
        "blocks": [
            {
                "type": "rich_text",
                "block_id": "Hd4Fz",
                "elements": [
                    {
                        "type": "rich_text_section",
                        "elements": [
                            {
                                "type": "text",
                                "text": "Me apunto "
                            },
                            {
                                "type": "emoji",
                                "name": "point_up"
                            }
                        ]
                    }
                ]
            }
        ]
    },
    {
        "client_msg_id": "99ec15ea-7547-46ce-9ed5-508ed7284b91",
        "type": "message",
        "text": "Bd. Magnífico Antonio. Felicidades ! Lo que tu no puedas es que no se ha inventado todavia :slightly_smiling_face:",
        "user": "UJULQCHL5",
        "ts": "1591341712.050800",
        "team": "TJH5YU202",
        "user_team": "TJH5YU202",
        "source_team": "TJH5YU202",
        "user_profile": {
            "avatar_hash": "g7659142325a",
            "image_72": "https:\/\/secure.gravatar.com\/avatar\/c87659142325a3facb661d85281ec091.jpg?s=72&d=https%3A%2F%2Fa.slack-edge.com%2Fdf10d%2Fimg%2Favatars%2Fava_0003-72.png",
            "first_name": "",
            "real_name": "Paquito",
            "display_name": "Paquito",
            "team": "TJH5YU202",
            "name": "hmpaquito",
            "is_restricted": false,
            "is_ultra_restricted": false
        },
        "blocks": [
            {
                "type": "rich_text",
                "block_id": "Yj\/V6",
                "elements": [
                    {
                        "type": "rich_text_section",
                        "elements": [
                            {
                                "type": "text",
                                "text": "Bd. Magnífico Antonio. Felicidades ! Lo que tu no puedas es que no se ha inventado todavia "
                            },
                            {
                                "type": "emoji",
                                "name": "slightly_smiling_face"
                            }
                        ]
                    }
                ]
            }
        ]
    },
    {
        "client_msg_id": "5bcb3d31-d543-44f3-a2af-81895094fd8f",
        "type": "message",
        "text": "Estamos teniendo mucha suerte... :slightly_smiling_face:",
        "user": "UJN8D8U3B",
        "ts": "1591342170.051200",
        "team": "TJH5YU202",
        "user_team": "TJH5YU202",
        "source_team": "TJH5YU202",
        "user_profile": {
            "avatar_hash": "g92ad2abcc45",
            "image_72": "https:\/\/secure.gravatar.com\/avatar\/8492ad2abcc45ce53969adcf8420acde.jpg?s=72&d=https%3A%2F%2Fa.slack-edge.com%2Fdf10d%2Fimg%2Favatars%2Fava_0008-72.png",
            "first_name": "",
            "real_name": "Antonio Linares",
            "display_name": "Antonio Linares",
            "team": "TJH5YU202",
            "name": "alinares",
            "is_restricted": false,
            "is_ultra_restricted": false
        },
        "blocks": [
            {
                "type": "rich_text",
                "block_id": "retS+",
                "elements": [
                    {
                        "type": "rich_text_section",
                        "elements": [
                            {
                                "type": "text",
                                "text": "Estamos teniendo mucha suerte... "
                            },
                            {
                                "type": "emoji",
                                "name": "slightly_smiling_face"
                            }
                        ]
                    }
                ]
            }
        ]
    },
    {
        "client_msg_id": "1af0707b-e765-4117-85d9-839c58f2aae6",
        "type": "message",
        "text": "la flauta, de momento, sigue sonando",
        "user": "UJN8D8U3B",
        "ts": "1591342193.051500",
        "team": "TJH5YU202",
        "user_team": "TJH5YU202",
        "source_team": "TJH5YU202",
        "user_profile": {
            "avatar_hash": "g92ad2abcc45",
            "image_72": "https:\/\/secure.gravatar.com\/avatar\/8492ad2abcc45ce53969adcf8420acde.jpg?s=72&d=https%3A%2F%2Fa.slack-edge.com%2Fdf10d%2Fimg%2Favatars%2Fava_0008-72.png",
            "first_name": "",
            "real_name": "Antonio Linares",
            "display_name": "Antonio Linares",
            "team": "TJH5YU202",
            "name": "alinares",
            "is_restricted": false,
            "is_ultra_restricted": false
        },
        "blocks": [
            {
                "type": "rich_text",
                "block_id": "tUHla",
                "elements": [
                    {
                        "type": "rich_text_section",
                        "elements": [
                            {
                                "type": "text",
                                "text": "la flauta, de momento, sigue sonando"
                            }
                        ]
                    }
                ]
            }
        ]
    },
    {
        "client_msg_id": "4cfa33ee-a6a3-4ae8-8d4c-9e82042fdb72",
        "type": "message",
        "text": "Claro, es un tema de flautas....",
        "user": "UJWR5N32S",
        "ts": "1591342211.051900",
        "team": "TJH5YU202",
        "user_team": "TJH5YU202",
        "source_team": "TJH5YU202",
        "user_profile": {
            "avatar_hash": "273d3745f7ae",
            "image_72": "https:\/\/avatars.slack-edge.com\/2019-05-20\/634344238497_273d3745f7ae1b176b82_72.jpg",
            "first_name": "Charly",
            "real_name": "Charly",
            "display_name": "Charly",
            "team": "TJH5YU202",
            "name": "carles9000",
            "is_restricted": false,
            "is_ultra_restricted": false
        },
        "blocks": [
            {
                "type": "rich_text",
                "block_id": "75U",
                "elements": [
                    {
                        "type": "rich_text_section",
                        "elements": [
                            {
                                "type": "text",
                                "text": "Claro, es un tema de flautas...."
                            }
                        ]
                    }
                ]
            }
        ]
    },
    {
        "client_msg_id": "497f3912-8a02-4936-af08-c8779f795509",
        "type": "message",
        "text": "perri flautas :joy::joy:",
        "user": "UJN8D8U3B",
        "ts": "1591342226.052200",
        "team": "TJH5YU202",
        "user_team": "TJH5YU202",
        "source_team": "TJH5YU202",
        "user_profile": {
            "avatar_hash": "g92ad2abcc45",
            "image_72": "https:\/\/secure.gravatar.com\/avatar\/8492ad2abcc45ce53969adcf8420acde.jpg?s=72&d=https%3A%2F%2Fa.slack-edge.com%2Fdf10d%2Fimg%2Favatars%2Fava_0008-72.png",
            "first_name": "",
            "real_name": "Antonio Linares",
            "display_name": "Antonio Linares",
            "team": "TJH5YU202",
            "name": "alinares",
            "is_restricted": false,
            "is_ultra_restricted": false
        },
        "blocks": [
            {
                "type": "rich_text",
                "block_id": "xIC+r",
                "elements": [
                    {
                        "type": "rich_text_section",
                        "elements": [
                            {
                                "type": "text",
                                "text": "perri flautas "
                            },
                            {
                                "type": "emoji",
                                "name": "joy"
                            },
                            {
                                "type": "emoji",
                                "name": "joy"
                            }
                        ]
                    }
                ]
            }
        ]
    },
    {
        "client_msg_id": "ed990222-ac09-4618-ba9c-a9c066ec49f9",
        "type": "message",
        "text": "Buenos días",
        "user": "UJULAGJG5",
        "ts": "1591344190.052500",
        "team": "TJH5YU202",
        "user_team": "TJH5YU202",
        "source_team": "TJH5YU202",
        "user_profile": {
            "avatar_hash": "g456e0b2cdb9",
            "image_72": "https:\/\/secure.gravatar.com\/avatar\/dc456e0b2cdb991048d487a08c4a8c7a.jpg?s=72&d=https%3A%2F%2Fa.slack-edge.com%2Fdf10d%2Fimg%2Favatars%2Fava_0004-72.png",
            "first_name": "",
            "real_name": "Gabriel",
            "display_name": "Gabriel",
            "team": "TJH5YU202",
            "name": "jgabri",
            "is_restricted": false,
            "is_ultra_restricted": false
        }
    },
    {
        "client_msg_id": "c0b65cda-4be5-4bae-8c0c-7f5e244295b0",
        "type": "message",
        "text": "Buen día amigos",
        "user": "UK28N3CER",
        "ts": "1591360373.053300",
        "team": "TJH5YU202",
        "user_team": "TJH5YU202",
        "source_team": "TJH5YU202",
        "user_profile": {
            "avatar_hash": "0eafa7153ff3",
            "image_72": "https:\/\/avatars.slack-edge.com\/2020-05-18\/1155120542496_0eafa7153ff35206c804_72.jpg",
            "first_name": "Cesar",
            "real_name": "Cesar SysCtrl Software",
            "display_name": "Cesar SysCtrl Software",
            "team": "TJH5YU202",
            "name": "sysctrlsoftware",
            "is_restricted": false,
            "is_ultra_restricted": false
        },
        "blocks": [
            {
                "type": "rich_text",
                "block_id": "hYwz",
                "elements": [
                    {
                        "type": "rich_text_section",
                        "elements": [
                            {
                                "type": "text",
                                "text": "Buen día amigos"
                            }
                        ]
                    }
                ]
            }
        ]
    },
    {
        "client_msg_id": "396860f0-d57c-4812-a27d-c59a6085fefd",
        "type": "message",
        "text": "Empezamos en skype",
        "user": "UJN8D8U3B",
        "ts": "1591369310.053700",
        "team": "TJH5YU202",
        "user_team": "TJH5YU202",
        "source_team": "TJH5YU202",
        "user_profile": {
            "avatar_hash": "g92ad2abcc45",
            "image_72": "https:\/\/secure.gravatar.com\/avatar\/8492ad2abcc45ce53969adcf8420acde.jpg?s=72&d=https%3A%2F%2Fa.slack-edge.com%2Fdf10d%2Fimg%2Favatars%2Fava_0008-72.png",
            "first_name": "",
            "real_name": "Antonio Linares",
            "display_name": "Antonio Linares",
            "team": "TJH5YU202",
            "name": "alinares",
            "is_restricted": false,
            "is_ultra_restricted": false
        },
        "blocks": [
            {
                "type": "rich_text",
                "block_id": "wXlq",
                "elements": [
                    {
                        "type": "rich_text_section",
                        "elements": [
                            {
                                "type": "text",
                                "text": "Empezamos en skype"
                            }
                        ]
                    }
                ]
            }
        ]
    },
    {
        "client_msg_id": "3ff34a82-75f7-494b-a5ae-a22b63355354",
        "type": "message",
        "text": "I installed a new server and now I get following error. mod_harbour version May 25 2020, 09:52:00\nc:\\Apache24\\htdocs\\libharbour.dll\nDas angegebene Modul wurde nicht gefunden.\nfailed to load hb_apache()",
        "user": "UJHD6A81H",
        "ts": "1591388365.054800",
        "team": "TJH5YU202",
        "user_team": "TJH5YU202",
        "source_team": "TJH5YU202",
        "user_profile": {
            "avatar_hash": "g6b8073e00e9",
            "image_72": "https:\/\/secure.gravatar.com\/avatar\/b96b8073e00e9eb02bcf05bc1418eb3a.jpg?s=72&d=https%3A%2F%2Fa.slack-edge.com%2Fdf10d%2Fimg%2Favatars%2Fava_0021-72.png",
            "first_name": "Otto",
            "real_name": "Otto Atzwanger",
            "display_name": "Otto",
            "team": "TJH5YU202",
            "name": "otto",
            "is_restricted": false,
            "is_ultra_restricted": false
        },
        "blocks": [
            {
                "type": "rich_text",
                "block_id": "U2Rc3",
                "elements": [
                    {
                        "type": "rich_text_section",
                        "elements": [
                            {
                                "type": "text",
                                "text": "I installed a new server and now I get following error. mod_harbour version May 25 2020, 09:52:00\nc:\\Apache24\\htdocs\\libharbour.dll\nDas angegebene Modul wurde nicht gefunden.\nfailed to load hb_apache()"
                            }
                        ]
                    }
                ]
            }
        ]
    },
    {
        "client_msg_id": "909a5cf3-c6b5-44a6-8369-6110fcefd833",
        "type": "message",
        "text": "you need to copy 2 aditional dll to apache\/bin folder",
        "user": "UM81W8B0Q",
        "ts": "1591393345.055200",
        "team": "TJH5YU202",
        "user_team": "TJH5YU202",
        "source_team": "TJH5YU202",
        "user_profile": {
            "avatar_hash": "gab9279ee8c0",
            "image_72": "https:\/\/secure.gravatar.com\/avatar\/73ab9279ee8c00f66ce4904d30146c8f.jpg?s=72&d=https%3A%2F%2Fa.slack-edge.com%2Fdf10d%2Fimg%2Favatars%2Fava_0010-72.png",
            "first_name": "",
            "real_name": "Angel Pais",
            "display_name": "Angel Pais",
            "team": "TJH5YU202",
            "name": "amigosam",
            "is_restricted": false,
            "is_ultra_restricted": false
        },
        "edited": {
            "user": "UM81W8B0Q",
            "ts": "1591393357.000000"
        },
        "blocks": [
            {
                "type": "rich_text",
                "block_id": "+BaGp",
                "elements": [
                    {
                        "type": "rich_text_section",
                        "elements": [
                            {
                                "type": "text",
                                "text": "you need to copy 2 aditional dll to apache\/bin folder"
                            }
                        ]
                    }
                ]
            }
        ]
    },
    {
        "client_msg_id": "65e7dd74-9a51-40d7-b4dc-b0ccbdf3a74d",
        "type": "message",
        "text": "1 for curls and another por opensll",
        "user": "UM81W8B0Q",
        "ts": "1591393376.055700",
        "team": "TJH5YU202",
        "user_team": "TJH5YU202",
        "source_team": "TJH5YU202",
        "user_profile": {
            "avatar_hash": "gab9279ee8c0",
            "image_72": "https:\/\/secure.gravatar.com\/avatar\/73ab9279ee8c00f66ce4904d30146c8f.jpg?s=72&d=https%3A%2F%2Fa.slack-edge.com%2Fdf10d%2Fimg%2Favatars%2Fava_0010-72.png",
            "first_name": "",
            "real_name": "Angel Pais",
            "display_name": "Angel Pais",
            "team": "TJH5YU202",
            "name": "amigosam",
            "is_restricted": false,
            "is_ultra_restricted": false
        },
        "edited": {
            "user": "UM81W8B0Q",
            "ts": "1591393390.000000"
        },
        "blocks": [
            {
                "type": "rich_text",
                "block_id": "HdR7V",
                "elements": [
                    {
                        "type": "rich_text_section",
                        "elements": [
                            {
                                "type": "text",
                                "text": "1 for curls and another por opensll"
                            }
                        ]
                    }
                ]
            }
        ]
    },
    {
        "client_msg_id": "22c52fbe-92e1-4a05-a8b9-60f28b8985fe",
        "type": "message",
        "text": "they are being distributed with the new mod_harbour binaries",
        "user": "UM81W8B0Q",
        "ts": "1591393501.056500",
        "team": "TJH5YU202",
        "user_team": "TJH5YU202",
        "source_team": "TJH5YU202",
        "user_profile": {
            "avatar_hash": "gab9279ee8c0",
            "image_72": "https:\/\/secure.gravatar.com\/avatar\/73ab9279ee8c00f66ce4904d30146c8f.jpg?s=72&d=https%3A%2F%2Fa.slack-edge.com%2Fdf10d%2Fimg%2Favatars%2Fava_0010-72.png",
            "first_name": "",
            "real_name": "Angel Pais",
            "display_name": "Angel Pais",
            "team": "TJH5YU202",
            "name": "amigosam",
            "is_restricted": false,
            "is_ultra_restricted": false
        },
        "blocks": [
            {
                "type": "rich_text",
                "block_id": "+Gn",
                "elements": [
                    {
                        "type": "rich_text_section",
                        "elements": [
                            {
                                "type": "text",
                                "text": "they are being distributed with the new mod_harbour binaries"
                            }
                        ]
                    }
                ]
            }
        ]
    },
    {
        "client_msg_id": "03a40a5e-053c-4832-83ae-a13239b2bc18",
        "type": "message",
        "text": "Thank you. Can you please tell me which files I have to download.",
        "user": "UJHD6A81H",
        "ts": "1591393825.058000",
        "team": "TJH5YU202",
        "user_team": "TJH5YU202",
        "source_team": "TJH5YU202",
        "user_profile": {
            "avatar_hash": "g6b8073e00e9",
            "image_72": "https:\/\/secure.gravatar.com\/avatar\/b96b8073e00e9eb02bcf05bc1418eb3a.jpg?s=72&d=https%3A%2F%2Fa.slack-edge.com%2Fdf10d%2Fimg%2Favatars%2Fava_0021-72.png",
            "first_name": "Otto",
            "real_name": "Otto Atzwanger",
            "display_name": "Otto",
            "team": "TJH5YU202",
            "name": "otto",
            "is_restricted": false,
            "is_ultra_restricted": false
        },
        "blocks": [
            {
                "type": "rich_text",
                "block_id": "URqdV",
                "elements": [
                    {
                        "type": "rich_text_section",
                        "elements": [
                            {
                                "type": "text",
                                "text": "Thank you. Can you please tell me which files I have to download."
                            }
                        ]
                    }
                ]
            }
        ]
    },
    {
        "client_msg_id": "ed8d20bc-5655-459e-9b05-609023c2fd48",
        "type": "message",
        "text": "Angel, I found the instruction. Thank you for helping me. Now it works.",
        "user": "UJHD6A81H",
        "ts": "1591394845.058600",
        "team": "TJH5YU202",
        "user_team": "TJH5YU202",
        "source_team": "TJH5YU202",
        "user_profile": {
            "avatar_hash": "g6b8073e00e9",
            "image_72": "https:\/\/secure.gravatar.com\/avatar\/b96b8073e00e9eb02bcf05bc1418eb3a.jpg?s=72&d=https%3A%2F%2Fa.slack-edge.com%2Fdf10d%2Fimg%2Favatars%2Fava_0021-72.png",
            "first_name": "Otto",
            "real_name": "Otto Atzwanger",
            "display_name": "Otto",
            "team": "TJH5YU202",
            "name": "otto",
            "is_restricted": false,
            "is_ultra_restricted": false
        },
        "blocks": [
            {
                "type": "rich_text",
                "block_id": "wO1g",
                "elements": [
                    {
                        "type": "rich_text_section",
                        "elements": [
                            {
                                "type": "text",
                                "text": "Angel, I found the instruction. Thank you for helping me. Now it works."
                            }
                        ]
                    }
                ]
            }
        ]
    },
    {
        "client_msg_id": "4ad4f17b-9315-40f4-ae46-11a9361c4902",
        "type": "message",
        "text": "Copy these DLLs (bin folder inside the modharbour zip) to c:\\Apache24\\bin: libcurl-x64.dll, libcrypto-1_1-x64.dll and libssl-1_1-x64.dll If you are using Xampp, then copy the DLLs to C:\\xampp\\apache\\bin",
        "user": "UJHD6A81H",
        "ts": "1591394847.058800",
        "team": "TJH5YU202",
        "user_team": "TJH5YU202",
        "source_team": "TJH5YU202",
        "user_profile": {
            "avatar_hash": "g6b8073e00e9",
            "image_72": "https:\/\/secure.gravatar.com\/avatar\/b96b8073e00e9eb02bcf05bc1418eb3a.jpg?s=72&d=https%3A%2F%2Fa.slack-edge.com%2Fdf10d%2Fimg%2Favatars%2Fava_0021-72.png",
            "first_name": "Otto",
            "real_name": "Otto Atzwanger",
            "display_name": "Otto",
            "team": "TJH5YU202",
            "name": "otto",
            "is_restricted": false,
            "is_ultra_restricted": false
        },
        "blocks": [
            {
                "type": "rich_text",
                "block_id": "WwB",
                "elements": [
                    {
                        "type": "rich_text_section",
                        "elements": [
                            {
                                "type": "text",
                                "text": "Copy these DLLs (bin folder inside the modharbour zip) to c:\\Apache24\\bin: libcurl-x64.dll, libcrypto-1_1-x64.dll and libssl-1_1-x64.dll If you are using Xampp, then copy the DLLs to C:\\xampp\\apache\\bin"
                            }
                        ]
                    }
                ]
            }
        ]
    },
    {
        "client_msg_id": "04009ea8-ec99-4621-980e-09b63882ea1f",
        "type": "message",
        "text": "Now when I start GENESIS from the modharbour_samples the program errors out",
        "user": "UJHD6A81H",
        "ts": "1591395207.059500",
        "team": "TJH5YU202",
        "user_team": "TJH5YU202",
        "source_team": "TJH5YU202",
        "user_profile": {
            "avatar_hash": "g6b8073e00e9",
            "image_72": "https:\/\/secure.gravatar.com\/avatar\/b96b8073e00e9eb02bcf05bc1418eb3a.jpg?s=72&d=https%3A%2F%2Fa.slack-edge.com%2Fdf10d%2Fimg%2Favatars%2Fava_0021-72.png",
            "first_name": "Otto",
            "real_name": "Otto Atzwanger",
            "display_name": "Otto",
            "team": "TJH5YU202",
            "name": "otto",
            "is_restricted": false,
            "is_ultra_restricted": false
        },
        "blocks": [
            {
                "type": "rich_text",
                "block_id": "Pauhr",
                "elements": [
                    {
                        "type": "rich_text_section",
                        "elements": [
                            {
                                "type": "text",
                                "text": "Now when I start GENESIS from the modharbour_samples the program errors out"
                            }
                        ]
                    }
                ]
            }
        ]
    },
    {
        "client_msg_id": "374226cb-cd5c-471c-813a-bd80b77dea30",
        "type": "message",
        "text": "Error: Unknown or unregistered symbol\noperation: AP_METHOD\ncalled from: HB_HRBLOAD, line: 0\ncalled from: ..\\source\\exec.prg, EXECUTE, line: 62\n\nSource:\n 0060:         hb_vfCopyFile( hb_GetEnv( \"PRGPATH\" ) + \"\/views\/form.view\", hb_GetEnv( \"PRGPATH\" ) + \"\/data\/\" + cUserName + \"\/views\/form.view\" )\n 0061:\n 0062 =&gt;         hb_vfCopyFile( hb_GetEnv( \"PRGPATH\" ) + \"\/views\/designer.view\", hb_GetEnv( \"PRGPATH\" ) + \"\/data\/\" + cUserName + \"\/views\/designer.view\" )\n 0063:      endif\n1.  0064:   endif",
        "user": "UJHD6A81H",
        "ts": "1591395452.059800",
        "team": "TJH5YU202",
        "user_team": "TJH5YU202",
        "source_team": "TJH5YU202",
        "user_profile": {
            "avatar_hash": "g6b8073e00e9",
            "image_72": "https:\/\/secure.gravatar.com\/avatar\/b96b8073e00e9eb02bcf05bc1418eb3a.jpg?s=72&d=https%3A%2F%2Fa.slack-edge.com%2Fdf10d%2Fimg%2Favatars%2Fava_0021-72.png",
            "first_name": "Otto",
            "real_name": "Otto Atzwanger",
            "display_name": "Otto",
            "team": "TJH5YU202",
            "name": "otto",
            "is_restricted": false,
            "is_ultra_restricted": false
        },
        "blocks": [
            {
                "type": "rich_text",
                "block_id": "M8g",
                "elements": [
                    {
                        "type": "rich_text_section",
                        "elements": [
                            {
                                "type": "text",
                                "text": "Error: Unknown or unregistered symbol\noperation: AP_METHOD\ncalled from: HB_HRBLOAD, line: 0\ncalled from: ..\\source\\exec.prg, EXECUTE, line: 62\n\nSource:\n 0060:         hb_vfCopyFile( hb_GetEnv( \"PRGPATH\" ) + \"\/views\/form.view\", hb_GetEnv( \"PRGPATH\" ) + \"\/data\/\" + cUserName + \"\/views\/form.view\" )\n 0061:\n 0062 =>         hb_vfCopyFile( hb_GetEnv( \"PRGPATH\" ) + \"\/views\/designer.view\", hb_GetEnv( \"PRGPATH\" ) + \"\/data\/\" + cUserName + \"\/views\/designer.view\" )\n 0063:      endif\n"
                            }
                        ]
                    },
                    {
                        "type": "rich_text_list",
                        "elements": [
                            {
                                "type": "rich_text_section",
                                "elements": [
                                    {
                                        "type": "text",
                                        "text": " 0064:   endif"
                                    }
                                ]
                            }
                        ],
                        "style": "ordered",
                        "indent": 0
                    }
                ]
            }
        ]
    },
    {
        "client_msg_id": "d81277a1-a1da-43c3-8495-f1ea0d459302",
        "type": "message",
        "text": "That's another thing. I can't help you on this one.",
        "user": "UM81W8B0Q",
        "ts": "1591400218.060200",
        "team": "TJH5YU202",
        "user_team": "TJH5YU202",
        "source_team": "TJH5YU202",
        "user_profile": {
            "avatar_hash": "gab9279ee8c0",
            "image_72": "https:\/\/secure.gravatar.com\/avatar\/73ab9279ee8c00f66ce4904d30146c8f.jpg?s=72&d=https%3A%2F%2Fa.slack-edge.com%2Fdf10d%2Fimg%2Favatars%2Fava_0010-72.png",
            "first_name": "",
            "real_name": "Angel Pais",
            "display_name": "Angel Pais",
            "team": "TJH5YU202",
            "name": "amigosam",
            "is_restricted": false,
            "is_ultra_restricted": false
        },
        "blocks": [
            {
                "type": "rich_text",
                "block_id": "oDt4",
                "elements": [
                    {
                        "type": "rich_text_section",
                        "elements": [
                            {
                                "type": "text",
                                "text": "That's another thing. I can't help you on this one."
                            }
                        ]
                    }
                ]
            }
        ]
    },
    {
        "client_msg_id": "f1984c3e-d9d1-44cc-8043-de8ea29e6fc3",
        "type": "message",
        "text": "Seems to be a configuration issue.",
        "user": "UM81W8B0Q",
        "ts": "1591400240.060600",
        "team": "TJH5YU202",
        "user_team": "TJH5YU202",
        "source_team": "TJH5YU202",
        "user_profile": {
            "avatar_hash": "gab9279ee8c0",
            "image_72": "https:\/\/secure.gravatar.com\/avatar\/73ab9279ee8c00f66ce4904d30146c8f.jpg?s=72&d=https%3A%2F%2Fa.slack-edge.com%2Fdf10d%2Fimg%2Favatars%2Fava_0010-72.png",
            "first_name": "",
            "real_name": "Angel Pais",
            "display_name": "Angel Pais",
            "team": "TJH5YU202",
            "name": "amigosam",
            "is_restricted": false,
            "is_ultra_restricted": false
        },
        "blocks": [
            {
                "type": "rich_text",
                "block_id": "m1m",
                "elements": [
                    {
                        "type": "rich_text_section",
                        "elements": [
                            {
                                "type": "text",
                                "text": "Seems to be a configuration issue."
                            }
                        ]
                    }
                ]
            }
        ]
    },
    {
        "client_msg_id": "7f23bf4f-3264-4883-a079-67b04c3e966e",
        "type": "message",
        "text": "Dear Otto, Please try with these versions:",
        "user": "UJN8D8U3B",
        "ts": "1591419924.060900",
        "team": "TJH5YU202",
        "user_team": "TJH5YU202",
        "source_team": "TJH5YU202",
        "user_profile": {
            "avatar_hash": "g92ad2abcc45",
            "image_72": "https:\/\/secure.gravatar.com\/avatar\/8492ad2abcc45ce53969adcf8420acde.jpg?s=72&d=https%3A%2F%2Fa.slack-edge.com%2Fdf10d%2Fimg%2Favatars%2Fava_0008-72.png",
            "first_name": "",
            "real_name": "Antonio Linares",
            "display_name": "Antonio Linares",
            "team": "TJH5YU202",
            "name": "alinares",
            "is_restricted": false,
            "is_ultra_restricted": false
        },
        "blocks": [
            {
                "type": "rich_text",
                "block_id": "\/6NL",
                "elements": [
                    {
                        "type": "rich_text_section",
                        "elements": [
                            {
                                "type": "text",
                                "text": "Dear Otto, Please try with these versions:"
                            }
                        ]
                    }
                ]
            }
        ]
    },
    {
        "client_msg_id": "65c03184-033e-4207-9542-2a2b98ed212a",
        "type": "message",
        "text": "<https:\/\/github.com\/FiveTechSoft\/mod_harbour\/releases>",
        "user": "UJN8D8U3B",
        "ts": "1591419926.061100",
        "team": "TJH5YU202",
        "user_team": "TJH5YU202",
        "source_team": "TJH5YU202",
        "user_profile": {
            "avatar_hash": "g92ad2abcc45",
            "image_72": "https:\/\/secure.gravatar.com\/avatar\/8492ad2abcc45ce53969adcf8420acde.jpg?s=72&d=https%3A%2F%2Fa.slack-edge.com%2Fdf10d%2Fimg%2Favatars%2Fava_0008-72.png",
            "first_name": "",
            "real_name": "Antonio Linares",
            "display_name": "Antonio Linares",
            "team": "TJH5YU202",
            "name": "alinares",
            "is_restricted": false,
            "is_ultra_restricted": false
        },
        "blocks": [
            {
                "type": "rich_text",
                "block_id": "K8P",
                "elements": [
                    {
                        "type": "rich_text_section",
                        "elements": [
                            {
                                "type": "link",
                                "url": "https:\/\/github.com\/FiveTechSoft\/mod_harbour\/releases"
                            }
                        ]
                    }
                ]
            }
        ]
    },
    {
        "client_msg_id": "e97359c3-e6de-4155-856c-facd4bd0618f",
        "type": "message",
        "text": "good morning :sunny:",
        "user": "UJN8D8U3B",
        "ts": "1591419941.061400",
        "team": "TJH5YU202",
        "user_team": "TJH5YU202",
        "source_team": "TJH5YU202",
        "user_profile": {
            "avatar_hash": "g92ad2abcc45",
            "image_72": "https:\/\/secure.gravatar.com\/avatar\/8492ad2abcc45ce53969adcf8420acde.jpg?s=72&d=https%3A%2F%2Fa.slack-edge.com%2Fdf10d%2Fimg%2Favatars%2Fava_0008-72.png",
            "first_name": "",
            "real_name": "Antonio Linares",
            "display_name": "Antonio Linares",
            "team": "TJH5YU202",
            "name": "alinares",
            "is_restricted": false,
            "is_ultra_restricted": false
        },
        "blocks": [
            {
                "type": "rich_text",
                "block_id": "zZ2+",
                "elements": [
                    {
                        "type": "rich_text_section",
                        "elements": [
                            {
                                "type": "text",
                                "text": "good morning "
                            },
                            {
                                "type": "emoji",
                                "name": "sunny"
                            }
                        ]
                    }
                ]
            }
        ]
    },
    {
        "client_msg_id": "6d49e025-b358-4a8a-8187-578b2edbb21f",
        "type": "message",
        "text": "Dear Antonio, thank you. which file is for xampp  installation?",
        "user": "UJHD6A81H",
        "ts": "1591423256.062100",
        "team": "TJH5YU202",
        "user_team": "TJH5YU202",
        "source_team": "TJH5YU202",
        "user_profile": {
            "avatar_hash": "g6b8073e00e9",
            "image_72": "https:\/\/secure.gravatar.com\/avatar\/b96b8073e00e9eb02bcf05bc1418eb3a.jpg?s=72&d=https%3A%2F%2Fa.slack-edge.com%2Fdf10d%2Fimg%2Favatars%2Fava_0021-72.png",
            "first_name": "Otto",
            "real_name": "Otto Atzwanger",
            "display_name": "Otto",
            "team": "TJH5YU202",
            "name": "otto",
            "is_restricted": false,
            "is_ultra_restricted": false
        },
        "edited": {
            "user": "UJHD6A81H",
            "ts": "1591427317.000000"
        },
        "blocks": [
            {
                "type": "rich_text",
                "block_id": "q=2",
                "elements": [
                    {
                        "type": "rich_text_section",
                        "elements": [
                            {
                                "type": "text",
                                "text": "Dear Antonio, thank you. which file is for xampp  installation?"
                            }
                        ]
                    }
                ]
            }
        ]
    },
    {
        "type": "message",
        "text": "",
        "files": [
            {
                "id": "F014X5P9C8M",
                "created": 1591423258,
                "timestamp": 1591423258,
                "name": "grafik.png",
                "title": "grafik.png",
                "mimetype": "image\/png",
                "filetype": "png",
                "pretty_type": "PNG",
                "user": "UJHD6A81H",
                "editable": false,
                "size": 22309,
                "mode": "hosted",
                "is_external": false,
                "external_type": "",
                "is_public": true,
                "public_url_shared": false,
                "display_as_bot": false,
                "username": "",
                "url_private": "https:\/\/files.slack.com\/files-pri\/TJH5YU202-F014X5P9C8M\/grafik.png?t=xoxe-629202954002-1183293690563-1183293711699-bad0c83802ec68402d6030a1e442ae77",
                "url_private_download": "https:\/\/files.slack.com\/files-pri\/TJH5YU202-F014X5P9C8M\/download\/grafik.png?t=xoxe-629202954002-1183293690563-1183293711699-bad0c83802ec68402d6030a1e442ae77",
                "thumb_64": "https:\/\/files.slack.com\/files-tmb\/TJH5YU202-F014X5P9C8M-09448e2830\/grafik_64.png?t=xoxe-629202954002-1183293690563-1183293711699-bad0c83802ec68402d6030a1e442ae77",
                "thumb_80": "https:\/\/files.slack.com\/files-tmb\/TJH5YU202-F014X5P9C8M-09448e2830\/grafik_80.png?t=xoxe-629202954002-1183293690563-1183293711699-bad0c83802ec68402d6030a1e442ae77",
                "thumb_360": "https:\/\/files.slack.com\/files-tmb\/TJH5YU202-F014X5P9C8M-09448e2830\/grafik_360.png?t=xoxe-629202954002-1183293690563-1183293711699-bad0c83802ec68402d6030a1e442ae77",
                "thumb_360_w": 360,
                "thumb_360_h": 172,
                "thumb_480": "https:\/\/files.slack.com\/files-tmb\/TJH5YU202-F014X5P9C8M-09448e2830\/grafik_480.png?t=xoxe-629202954002-1183293690563-1183293711699-bad0c83802ec68402d6030a1e442ae77",
                "thumb_480_w": 480,
                "thumb_480_h": 229,
                "thumb_160": "https:\/\/files.slack.com\/files-tmb\/TJH5YU202-F014X5P9C8M-09448e2830\/grafik_160.png?t=xoxe-629202954002-1183293690563-1183293711699-bad0c83802ec68402d6030a1e442ae77",
                "thumb_720": "https:\/\/files.slack.com\/files-tmb\/TJH5YU202-F014X5P9C8M-09448e2830\/grafik_720.png?t=xoxe-629202954002-1183293690563-1183293711699-bad0c83802ec68402d6030a1e442ae77",
                "thumb_720_w": 720,
                "thumb_720_h": 343,
                "thumb_800": "https:\/\/files.slack.com\/files-tmb\/TJH5YU202-F014X5P9C8M-09448e2830\/grafik_800.png?t=xoxe-629202954002-1183293690563-1183293711699-bad0c83802ec68402d6030a1e442ae77",
                "thumb_800_w": 800,
                "thumb_800_h": 382,
                "original_w": 935,
                "original_h": 446,
                "thumb_tiny": "AwAWADDRwcnmlA9zSHrRk0AOooooAKKKB0oAaetKAMUh60o6UwFooopAFFFFAH\/\/2Q==",
                "permalink": "https:\/\/harbourproject.slack.com\/files\/UJHD6A81H\/F014X5P9C8M\/grafik.png",
                "permalink_public": "https:\/\/slack-files.com\/TJH5YU202-F014X5P9C8M-0fe8ed10f1",
                "is_starred": false,
                "has_rich_preview": false
            }
        ],
        "upload": false,
        "user": "UJHD6A81H",
        "display_as_bot": false,
        "ts": "1591423266.062200"
    }
]