[
    {
        "client_msg_id": "14A51518-B6CB-40A7-91E3-F08949A35DC8",
        "type": "message",
        "text": "Faltan pocas horas Charly nos tienes en ascuas !!",
        "user": "UJXP7LS78",
        "ts": "1589477498.159900",
        "team": "TJH5YU202",
        "user_team": "TJH5YU202",
        "source_team": "TJH5YU202",
        "user_profile": {
            "avatar_hash": "gc4a0baebb72",
            "image_72": "https:\/\/secure.gravatar.com\/avatar\/a1c4a0baebb720b97e5a197259dbf409.jpg?s=72&d=https%3A%2F%2Fa.slack-edge.com%2Fdf10d%2Fimg%2Favatars%2Fava_0007-72.png",
            "first_name": "",
            "real_name": "wilson gamboa",
            "display_name": "wilson gamboa",
            "team": "TJH5YU202",
            "name": "wilson.josenet",
            "is_restricted": false,
            "is_ultra_restricted": false
        },
        "blocks": [
            {
                "type": "rich_text",
                "block_id": "DSC",
                "elements": [
                    {
                        "type": "rich_text_section",
                        "elements": [
                            {
                                "type": "text",
                                "text": "Faltan pocas horas Charly nos tienes en ascuas !!"
                            }
                        ]
                    }
                ]
            }
        ]
    },
    {
        "client_msg_id": "443449b5-05e6-4fe4-a052-19cd3fdaee0c",
        "type": "message",
        "text": "Se ve limpio el código, bonito, identado y entendible; Gracias Charly, Saludos",
        "user": "UJUSD6VB2",
        "ts": "1589478232.160000",
        "team": "TJH5YU202",
        "user_team": "TJH5YU202",
        "source_team": "TJH5YU202",
        "user_profile": {
            "avatar_hash": "g1677a02d0b6",
            "image_72": "https:\/\/secure.gravatar.com\/avatar\/bb1677a02d0b69ba91eb245090c7c83a.jpg?s=72&d=https%3A%2F%2Fa.slack-edge.com%2Fdf10d%2Fimg%2Favatars%2Fava_0015-72.png",
            "first_name": "",
            "real_name": "Osvaldo Ramirez",
            "display_name": "Osvaldo Ramirez",
            "team": "TJH5YU202",
            "name": "ramirezosvaldo",
            "is_restricted": false,
            "is_ultra_restricted": false
        },
        "blocks": [
            {
                "type": "rich_text",
                "block_id": "Me7c",
                "elements": [
                    {
                        "type": "rich_text_section",
                        "elements": [
                            {
                                "type": "text",
                                "text": "Se ve limpio el código, bonito, identado y entendible; Gracias Charly, Saludos"
                            }
                        ]
                    }
                ]
            }
        ],
        "thread_ts": "1589436111.158700",
        "parent_user_id": "UJWR5N32S"
    },
    {
        "client_msg_id": "0ddd8725-932f-41e3-9dcc-bff82e3a1420",
        "type": "message",
        "text": "Hay que denunciar a Charly por el estrés que nos está provocando, llevamos días con la nariz pegada a la pantalla a ver si pasan los segundos más rápido, esto es peor que descargar porno con un modem de 14Kb",
        "user": "UMZ3LNV5Z",
        "ts": "1589482873.161200",
        "team": "TJH5YU202",
        "user_team": "TJH5YU202",
        "source_team": "TJH5YU202",
        "user_profile": {
            "avatar_hash": "0705cbdb2dc9",
            "image_72": "https:\/\/avatars.slack-edge.com\/2020-02-24\/967980533062_0705cbdb2dc9cb3644bb_72.jpg",
            "first_name": "Pablo",
            "real_name": "Pablo Botella",
            "display_name": "Pablo Botella",
            "team": "TJH5YU202",
            "name": "pb",
            "is_restricted": false,
            "is_ultra_restricted": false
        },
        "edited": {
            "user": "UMZ3LNV5Z",
            "ts": "1589482998.000000"
        },
        "blocks": [
            {
                "type": "rich_text",
                "block_id": "NmI",
                "elements": [
                    {
                        "type": "rich_text_section",
                        "elements": [
                            {
                                "type": "text",
                                "text": "Hay que denunciar a Charly por el estrés que nos está provocando, llevamos días con la nariz pegada a la pantalla a ver si pasan los segundos más rápido, esto es peor que descargar porno con un modem de 14Kb"
                            }
                        ]
                    }
                ]
            }
        ],
        "reactions": [
            {
                "name": "grinning",
                "users": [
                    "UJUJLTWMT"
                ],
                "count": 1
            }
        ]
    },
    {
        "client_msg_id": "8bf36159-fb72-4f38-bc6e-05f0198ca30e",
        "type": "message",
        "text": "Jejeje, quizas alargo un par de dias... :stuck_out_tongue:",
        "user": "UJWR5N32S",
        "ts": "1589484389.162200",
        "team": "TJH5YU202",
        "user_team": "TJH5YU202",
        "source_team": "TJH5YU202",
        "user_profile": {
            "avatar_hash": "273d3745f7ae",
            "image_72": "https:\/\/avatars.slack-edge.com\/2019-05-20\/634344238497_273d3745f7ae1b176b82_72.jpg",
            "first_name": "Charly",
            "real_name": "Charly",
            "display_name": "Charly",
            "team": "TJH5YU202",
            "name": "carles9000",
            "is_restricted": false,
            "is_ultra_restricted": false
        },
        "blocks": [
            {
                "type": "rich_text",
                "block_id": "w62l",
                "elements": [
                    {
                        "type": "rich_text_section",
                        "elements": [
                            {
                                "type": "text",
                                "text": "Jejeje, quizas alargo un par de dias... "
                            },
                            {
                                "type": "emoji",
                                "name": "stuck_out_tongue"
                            }
                        ]
                    }
                ]
            }
        ]
    },
    {
        "client_msg_id": "7d433ea3-2cf1-4b78-a5fb-cdfb773bfab5",
        "type": "message",
        "text": "resetea el counter porfa",
        "user": "UJXP7LS78",
        "ts": "1589484912.162600",
        "team": "TJH5YU202",
        "user_team": "TJH5YU202",
        "source_team": "TJH5YU202",
        "user_profile": {
            "avatar_hash": "gc4a0baebb72",
            "image_72": "https:\/\/secure.gravatar.com\/avatar\/a1c4a0baebb720b97e5a197259dbf409.jpg?s=72&d=https%3A%2F%2Fa.slack-edge.com%2Fdf10d%2Fimg%2Favatars%2Fava_0007-72.png",
            "first_name": "",
            "real_name": "wilson gamboa",
            "display_name": "wilson gamboa",
            "team": "TJH5YU202",
            "name": "wilson.josenet",
            "is_restricted": false,
            "is_ultra_restricted": false
        },
        "blocks": [
            {
                "type": "rich_text",
                "block_id": "Wa=wt",
                "elements": [
                    {
                        "type": "rich_text_section",
                        "elements": [
                            {
                                "type": "text",
                                "text": "resetea el counter porfa"
                            }
                        ]
                    }
                ]
            }
        ]
    },
    {
        "client_msg_id": "cd68b5b4-7c93-48a2-87ed-c046b7770c65",
        "type": "message",
        "text": "He hecho un git pull i copiado los ficheros a xampp, ahora da un error, podeis mirar de que se trata",
        "user": "UJWGTCNS3",
        "ts": "1589491891.163600",
        "team": "TJH5YU202",
        "user_team": "TJH5YU202",
        "source_team": "TJH5YU202",
        "user_profile": {
            "avatar_hash": "g5117c62f9fd",
            "image_72": "https:\/\/secure.gravatar.com\/avatar\/d65117c62f9fdee40568ff74546ff940.jpg?s=72&d=https%3A%2F%2Fa.slack-edge.com%2Fdf10d%2Fimg%2Favatars%2Fava_0021-72.png",
            "first_name": "Andrés",
            "real_name": "Andrés González Alonso",
            "display_name": "Andygon",
            "team": "TJH5YU202",
            "name": "zalezalon",
            "is_restricted": false,
            "is_ultra_restricted": false
        },
        "edited": {
            "user": "UJWGTCNS3",
            "ts": "1589494993.000000"
        },
        "blocks": [
            {
                "type": "rich_text",
                "block_id": "eeJca",
                "elements": [
                    {
                        "type": "rich_text_section",
                        "elements": [
                            {
                                "type": "text",
                                "text": "He hecho un git pull i copiado los ficheros a xampp, ahora da un error, podeis mirar de que se trata"
                            }
                        ]
                    }
                ]
            }
        ]
    },
    {
        "client_msg_id": "7cd289e4-9bf8-4b09-b479-34502e33429e",
        "type": "message",
        "text": "mod_harbour version Apr 29 2020, 09:58:57\nc:\\Apache24\\htdocs\\libharbour.dll\nNo se puede encontrar el módulo especificado.\nfailed to load hb_apache()",
        "user": "UJWGTCNS3",
        "ts": "1589491894.163800",
        "team": "TJH5YU202",
        "user_team": "TJH5YU202",
        "source_team": "TJH5YU202",
        "user_profile": {
            "avatar_hash": "g5117c62f9fd",
            "image_72": "https:\/\/secure.gravatar.com\/avatar\/d65117c62f9fdee40568ff74546ff940.jpg?s=72&d=https%3A%2F%2Fa.slack-edge.com%2Fdf10d%2Fimg%2Favatars%2Fava_0021-72.png",
            "first_name": "Andrés",
            "real_name": "Andrés González Alonso",
            "display_name": "Andygon",
            "team": "TJH5YU202",
            "name": "zalezalon",
            "is_restricted": false,
            "is_ultra_restricted": false
        },
        "blocks": [
            {
                "type": "rich_text",
                "block_id": "SE+X",
                "elements": [
                    {
                        "type": "rich_text_section",
                        "elements": [
                            {
                                "type": "text",
                                "text": "mod_harbour version Apr 29 2020, 09:58:57\nc:\\Apache24\\htdocs\\libharbour.dll\nNo se puede encontrar el módulo especificado.\nfailed to load hb_apache()"
                            }
                        ]
                    }
                ]
            }
        ]
    },
    {
        "client_msg_id": "41492c2c-e63e-4094-9725-7c9e61ca1a65",
        "type": "message",
        "text": "a ver si vuelvo a poner la libharbour.dll antigua funciona, por lo tanto el error esta en la nueva libreria",
        "user": "UJWGTCNS3",
        "ts": "1589492003.164600",
        "team": "TJH5YU202",
        "user_team": "TJH5YU202",
        "source_team": "TJH5YU202",
        "user_profile": {
            "avatar_hash": "g5117c62f9fd",
            "image_72": "https:\/\/secure.gravatar.com\/avatar\/d65117c62f9fdee40568ff74546ff940.jpg?s=72&d=https%3A%2F%2Fa.slack-edge.com%2Fdf10d%2Fimg%2Favatars%2Fava_0021-72.png",
            "first_name": "Andrés",
            "real_name": "Andrés González Alonso",
            "display_name": "Andygon",
            "team": "TJH5YU202",
            "name": "zalezalon",
            "is_restricted": false,
            "is_ultra_restricted": false
        },
        "blocks": [
            {
                "type": "rich_text",
                "block_id": "Pevs",
                "elements": [
                    {
                        "type": "rich_text_section",
                        "elements": [
                            {
                                "type": "text",
                                "text": "a ver si vuelvo a poner la libharbour.dll antigua funciona, por lo tanto el error esta en la nueva libreria"
                            }
                        ]
                    }
                ]
            }
        ]
    },
    {
        "client_msg_id": "abaa8c20-aaf7-4d1a-957a-42ec6054bc34",
        "type": "message",
        "text": "la anterior que tengo yo y funciona es del 30\/04\/20, la de hoy 14\/05\/20  no funciona, como única referencia el error que pongo.",
        "user": "UJWGTCNS3",
        "ts": "1589492199.166900",
        "team": "TJH5YU202",
        "user_team": "TJH5YU202",
        "source_team": "TJH5YU202",
        "user_profile": {
            "avatar_hash": "g5117c62f9fd",
            "image_72": "https:\/\/secure.gravatar.com\/avatar\/d65117c62f9fdee40568ff74546ff940.jpg?s=72&d=https%3A%2F%2Fa.slack-edge.com%2Fdf10d%2Fimg%2Favatars%2Fava_0021-72.png",
            "first_name": "Andrés",
            "real_name": "Andrés González Alonso",
            "display_name": "Andygon",
            "team": "TJH5YU202",
            "name": "zalezalon",
            "is_restricted": false,
            "is_ultra_restricted": false
        },
        "blocks": [
            {
                "type": "rich_text",
                "block_id": "IWEm4",
                "elements": [
                    {
                        "type": "rich_text_section",
                        "elements": [
                            {
                                "type": "text",
                                "text": "la anterior que tengo yo y funciona es del 30\/04\/20, la de hoy 14\/05\/20  no funciona, como única referencia el error que pongo."
                            }
                        ]
                    }
                ]
            }
        ]
    },
    {
        "client_msg_id": "a45b9323-1b12-4191-9582-5335c9daee80",
        "type": "message",
        "text": "El error lo da con cualquier ejemplo.",
        "user": "UJWGTCNS3",
        "ts": "1589492334.167300",
        "team": "TJH5YU202",
        "user_team": "TJH5YU202",
        "source_team": "TJH5YU202",
        "user_profile": {
            "avatar_hash": "g5117c62f9fd",
            "image_72": "https:\/\/secure.gravatar.com\/avatar\/d65117c62f9fdee40568ff74546ff940.jpg?s=72&d=https%3A%2F%2Fa.slack-edge.com%2Fdf10d%2Fimg%2Favatars%2Fava_0021-72.png",
            "first_name": "Andrés",
            "real_name": "Andrés González Alonso",
            "display_name": "Andygon",
            "team": "TJH5YU202",
            "name": "zalezalon",
            "is_restricted": false,
            "is_ultra_restricted": false
        },
        "blocks": [
            {
                "type": "rich_text",
                "block_id": "UNji",
                "elements": [
                    {
                        "type": "rich_text_section",
                        "elements": [
                            {
                                "type": "text",
                                "text": "El error lo da con cualquier ejemplo."
                            }
                        ]
                    }
                ]
            }
        ]
    },
    {
        "client_msg_id": "6c3bdb9a-2d59-4a89-924b-e47a616f7846",
        "type": "message",
        "text": "el que he probado es el de 64bits",
        "user": "UJWGTCNS3",
        "ts": "1589492360.167600",
        "team": "TJH5YU202",
        "user_team": "TJH5YU202",
        "source_team": "TJH5YU202",
        "user_profile": {
            "avatar_hash": "g5117c62f9fd",
            "image_72": "https:\/\/secure.gravatar.com\/avatar\/d65117c62f9fdee40568ff74546ff940.jpg?s=72&d=https%3A%2F%2Fa.slack-edge.com%2Fdf10d%2Fimg%2Favatars%2Fava_0021-72.png",
            "first_name": "Andrés",
            "real_name": "Andrés González Alonso",
            "display_name": "Andygon",
            "team": "TJH5YU202",
            "name": "zalezalon",
            "is_restricted": false,
            "is_ultra_restricted": false
        },
        "blocks": [
            {
                "type": "rich_text",
                "block_id": "LSha0",
                "elements": [
                    {
                        "type": "rich_text_section",
                        "elements": [
                            {
                                "type": "text",
                                "text": "el que he probado es el de 64bits"
                            }
                        ]
                    }
                ]
            }
        ]
    },
    {
        "client_msg_id": "e7098a81-5a1d-42aa-b50c-31d69d3e9553",
        "type": "message",
        "text": "o sea, mi instalación es una maquina de 64bits y tengo instalado el mod_harbour de 64 bits",
        "user": "UJWGTCNS3",
        "ts": "1589492603.168400",
        "team": "TJH5YU202",
        "user_team": "TJH5YU202",
        "source_team": "TJH5YU202",
        "user_profile": {
            "avatar_hash": "g5117c62f9fd",
            "image_72": "https:\/\/secure.gravatar.com\/avatar\/d65117c62f9fdee40568ff74546ff940.jpg?s=72&d=https%3A%2F%2Fa.slack-edge.com%2Fdf10d%2Fimg%2Favatars%2Fava_0021-72.png",
            "first_name": "Andrés",
            "real_name": "Andrés González Alonso",
            "display_name": "Andygon",
            "team": "TJH5YU202",
            "name": "zalezalon",
            "is_restricted": false,
            "is_ultra_restricted": false
        },
        "blocks": [
            {
                "type": "rich_text",
                "block_id": "cxQ",
                "elements": [
                    {
                        "type": "rich_text_section",
                        "elements": [
                            {
                                "type": "text",
                                "text": "o sea, mi instalación es una maquina de 64bits y tengo instalado el mod_harbour de 64 bits"
                            }
                        ]
                    }
                ]
            }
        ]
    },
    {
        "client_msg_id": "651b5c51-f757-40bf-b633-d6d1dd02a318",
        "type": "message",
        "text": "Creo que debe ser un error en la compilación de la dll",
        "user": "UJWGTCNS3",
        "ts": "1589492640.169000",
        "team": "TJH5YU202",
        "user_team": "TJH5YU202",
        "source_team": "TJH5YU202",
        "user_profile": {
            "avatar_hash": "g5117c62f9fd",
            "image_72": "https:\/\/secure.gravatar.com\/avatar\/d65117c62f9fdee40568ff74546ff940.jpg?s=72&d=https%3A%2F%2Fa.slack-edge.com%2Fdf10d%2Fimg%2Favatars%2Fava_0021-72.png",
            "first_name": "Andrés",
            "real_name": "Andrés González Alonso",
            "display_name": "Andygon",
            "team": "TJH5YU202",
            "name": "zalezalon",
            "is_restricted": false,
            "is_ultra_restricted": false
        },
        "blocks": [
            {
                "type": "rich_text",
                "block_id": "3=p",
                "elements": [
                    {
                        "type": "rich_text_section",
                        "elements": [
                            {
                                "type": "text",
                                "text": "Creo que debe ser un error en la compilación de la dll"
                            }
                        ]
                    }
                ]
            }
        ]
    },
    {
        "client_msg_id": "b09ad135-8785-4e92-91e4-3721299a0482",
        "type": "message",
        "text": "he hecho un git pull de mod_harbour, he ido a wind64 y he copiado el .so y el .dll a sus sitios, y ha dejado de funcionar.",
        "user": "UJWGTCNS3",
        "ts": "1589492832.170300",
        "team": "TJH5YU202",
        "user_team": "TJH5YU202",
        "source_team": "TJH5YU202",
        "user_profile": {
            "avatar_hash": "g5117c62f9fd",
            "image_72": "https:\/\/secure.gravatar.com\/avatar\/d65117c62f9fdee40568ff74546ff940.jpg?s=72&d=https%3A%2F%2Fa.slack-edge.com%2Fdf10d%2Fimg%2Favatars%2Fava_0021-72.png",
            "first_name": "Andrés",
            "real_name": "Andrés González Alonso",
            "display_name": "Andygon",
            "team": "TJH5YU202",
            "name": "zalezalon",
            "is_restricted": false,
            "is_ultra_restricted": false
        },
        "blocks": [
            {
                "type": "rich_text",
                "block_id": "afk=k",
                "elements": [
                    {
                        "type": "rich_text_section",
                        "elements": [
                            {
                                "type": "text",
                                "text": "he hecho un git pull de mod_harbour, he ido a wind64 y he copiado el .so y el .dll a sus sitios, y ha dejado de funcionar."
                            }
                        ]
                    }
                ]
            }
        ]
    },
    {
        "client_msg_id": "749a0dc1-0a7a-4682-b670-06b58415222f",
        "type": "message",
        "text": "por cierto el mod_harbour.so no ha variado son los mismos bites.",
        "user": "UJWGTCNS3",
        "ts": "1589492858.170900",
        "team": "TJH5YU202",
        "user_team": "TJH5YU202",
        "source_team": "TJH5YU202",
        "user_profile": {
            "avatar_hash": "g5117c62f9fd",
            "image_72": "https:\/\/secure.gravatar.com\/avatar\/d65117c62f9fdee40568ff74546ff940.jpg?s=72&d=https%3A%2F%2Fa.slack-edge.com%2Fdf10d%2Fimg%2Favatars%2Fava_0021-72.png",
            "first_name": "Andrés",
            "real_name": "Andrés González Alonso",
            "display_name": "Andygon",
            "team": "TJH5YU202",
            "name": "zalezalon",
            "is_restricted": false,
            "is_ultra_restricted": false
        },
        "blocks": [
            {
                "type": "rich_text",
                "block_id": "NRH2g",
                "elements": [
                    {
                        "type": "rich_text_section",
                        "elements": [
                            {
                                "type": "text",
                                "text": "por cierto el mod_harbour.so no ha variado son los mismos bites."
                            }
                        ]
                    }
                ]
            }
        ]
    },
    {
        "client_msg_id": "6bcaabfc-7379-492a-9a72-015eb5d85500",
        "type": "message",
        "text": "con lo que entiendo que solo ha variado el .dll",
        "user": "UJWGTCNS3",
        "ts": "1589492995.171300",
        "team": "TJH5YU202",
        "user_team": "TJH5YU202",
        "source_team": "TJH5YU202",
        "user_profile": {
            "avatar_hash": "g5117c62f9fd",
            "image_72": "https:\/\/secure.gravatar.com\/avatar\/d65117c62f9fdee40568ff74546ff940.jpg?s=72&d=https%3A%2F%2Fa.slack-edge.com%2Fdf10d%2Fimg%2Favatars%2Fava_0021-72.png",
            "first_name": "Andrés",
            "real_name": "Andrés González Alonso",
            "display_name": "Andygon",
            "team": "TJH5YU202",
            "name": "zalezalon",
            "is_restricted": false,
            "is_ultra_restricted": false
        },
        "blocks": [
            {
                "type": "rich_text",
                "block_id": "pbqU3",
                "elements": [
                    {
                        "type": "rich_text_section",
                        "elements": [
                            {
                                "type": "text",
                                "text": "con lo que entiendo que solo ha variado el .dll"
                            }
                        ]
                    }
                ]
            }
        ]
    },
    {
        "client_msg_id": "086e7549-d31f-4609-897c-e21f17314754",
        "type": "message",
        "text": "Entiendo que esto es frustrante, pero hace ya tiempo que has dado más información de la necesaria",
        "user": "UNAHBRTFA",
        "ts": "1589493037.171900",
        "team": "TJH5YU202",
        "user_team": "TJH5YU202",
        "source_team": "TJH5YU202",
        "user_profile": {
            "avatar_hash": "g3d2a3f4c28c",
            "image_72": "https:\/\/secure.gravatar.com\/avatar\/23d2a3f4c28cebb4cf07e48d02620517.jpg?s=72&d=https%3A%2F%2Fa.slack-edge.com%2Fdf10d%2Fimg%2Favatars%2Fava_0020-72.png",
            "first_name": "Andreu",
            "real_name": "Andreu Botella",
            "display_name": "Andreu Botella",
            "team": "TJH5YU202",
            "name": "andreu.132",
            "is_restricted": false,
            "is_ultra_restricted": false
        },
        "blocks": [
            {
                "type": "rich_text",
                "block_id": "pLs",
                "elements": [
                    {
                        "type": "rich_text_section",
                        "elements": [
                            {
                                "type": "text",
                                "text": "Entiendo que esto es frustrante, pero hace ya tiempo que has dado más información de la necesaria"
                            }
                        ]
                    }
                ]
            }
        ]
    },
    {
        "client_msg_id": "d6675b8b-d650-474b-824d-0e65a193bf3a",
        "type": "message",
        "text": "Si nadie contesta es que nadie sabe qué hacer, o la gente que sabe no está activa ahora mismo",
        "user": "UNAHBRTFA",
        "ts": "1589493057.172500",
        "team": "TJH5YU202",
        "user_team": "TJH5YU202",
        "source_team": "TJH5YU202",
        "user_profile": {
            "avatar_hash": "g3d2a3f4c28c",
            "image_72": "https:\/\/secure.gravatar.com\/avatar\/23d2a3f4c28cebb4cf07e48d02620517.jpg?s=72&d=https%3A%2F%2Fa.slack-edge.com%2Fdf10d%2Fimg%2Favatars%2Fava_0020-72.png",
            "first_name": "Andreu",
            "real_name": "Andreu Botella",
            "display_name": "Andreu Botella",
            "team": "TJH5YU202",
            "name": "andreu.132",
            "is_restricted": false,
            "is_ultra_restricted": false
        },
        "blocks": [
            {
                "type": "rich_text",
                "block_id": "cnx",
                "elements": [
                    {
                        "type": "rich_text_section",
                        "elements": [
                            {
                                "type": "text",
                                "text": "Si nadie contesta es que nadie sabe qué hacer, o la gente que sabe no está activa ahora mismo"
                            }
                        ]
                    }
                ]
            }
        ]
    },
    {
        "client_msg_id": "8952bf0b-99a9-408c-a39e-b1038a631cba",
        "type": "message",
        "text": "?",
        "user": "UMZ3LNV5Z",
        "ts": "1589493110.173600",
        "team": "TJH5YU202",
        "user_team": "TJH5YU202",
        "source_team": "TJH5YU202",
        "user_profile": {
            "avatar_hash": "0705cbdb2dc9",
            "image_72": "https:\/\/avatars.slack-edge.com\/2020-02-24\/967980533062_0705cbdb2dc9cb3644bb_72.jpg",
            "first_name": "Pablo",
            "real_name": "Pablo Botella",
            "display_name": "Pablo Botella",
            "team": "TJH5YU202",
            "name": "pb",
            "is_restricted": false,
            "is_ultra_restricted": false
        },
        "blocks": [
            {
                "type": "rich_text",
                "block_id": "QYJ",
                "elements": [
                    {
                        "type": "rich_text_section",
                        "elements": [
                            {
                                "type": "text",
                                "text": "?"
                            }
                        ]
                    }
                ]
            }
        ]
    },
    {
        "client_msg_id": "db62a0e0-cf1c-4ffb-9af1-71e41d632ec2",
        "type": "message",
        "text": "perdona andreu eran reflexiones para ver de que podria tratarse, disculpas, ya habia parado.",
        "user": "UJWGTCNS3",
        "ts": "1589493122.173800",
        "team": "TJH5YU202",
        "user_team": "TJH5YU202",
        "source_team": "TJH5YU202",
        "user_profile": {
            "avatar_hash": "g5117c62f9fd",
            "image_72": "https:\/\/secure.gravatar.com\/avatar\/d65117c62f9fdee40568ff74546ff940.jpg?s=72&d=https%3A%2F%2Fa.slack-edge.com%2Fdf10d%2Fimg%2Favatars%2Fava_0021-72.png",
            "first_name": "Andrés",
            "real_name": "Andrés González Alonso",
            "display_name": "Andygon",
            "team": "TJH5YU202",
            "name": "zalezalon",
            "is_restricted": false,
            "is_ultra_restricted": false
        },
        "blocks": [
            {
                "type": "rich_text",
                "block_id": "RMiRq",
                "elements": [
                    {
                        "type": "rich_text_section",
                        "elements": [
                            {
                                "type": "text",
                                "text": "perdona andreu eran reflexiones para ver de que podria tratarse, disculpas, ya habia parado."
                            }
                        ]
                    }
                ]
            }
        ]
    },
    {
        "client_msg_id": "d5522470-c4d6-459c-bd2f-9c30a92acb79",
        "type": "message",
        "text": "eso no es spam",
        "user": "UMZ3LNV5Z",
        "ts": "1589493144.174200",
        "team": "TJH5YU202",
        "user_team": "TJH5YU202",
        "source_team": "TJH5YU202",
        "user_profile": {
            "avatar_hash": "0705cbdb2dc9",
            "image_72": "https:\/\/avatars.slack-edge.com\/2020-02-24\/967980533062_0705cbdb2dc9cb3644bb_72.jpg",
            "first_name": "Pablo",
            "real_name": "Pablo Botella",
            "display_name": "Pablo Botella",
            "team": "TJH5YU202",
            "name": "pb",
            "is_restricted": false,
            "is_ultra_restricted": false
        },
        "blocks": [
            {
                "type": "rich_text",
                "block_id": "goXI",
                "elements": [
                    {
                        "type": "rich_text_section",
                        "elements": [
                            {
                                "type": "text",
                                "text": "eso no es spam"
                            }
                        ]
                    }
                ]
            }
        ]
    },
    {
        "client_msg_id": "af358dee-e326-4458-8f4b-a46cd10bfb75",
        "type": "message",
        "text": "Los primeros mensajes no eran spam, los últimos creo que un poco sí",
        "user": "UNAHBRTFA",
        "ts": "1589493163.174600",
        "team": "TJH5YU202",
        "user_team": "TJH5YU202",
        "source_team": "TJH5YU202",
        "user_profile": {
            "avatar_hash": "g3d2a3f4c28c",
            "image_72": "https:\/\/secure.gravatar.com\/avatar\/23d2a3f4c28cebb4cf07e48d02620517.jpg?s=72&d=https%3A%2F%2Fa.slack-edge.com%2Fdf10d%2Fimg%2Favatars%2Fava_0020-72.png",
            "first_name": "Andreu",
            "real_name": "Andreu Botella",
            "display_name": "Andreu Botella",
            "team": "TJH5YU202",
            "name": "andreu.132",
            "is_restricted": false,
            "is_ultra_restricted": false
        },
        "blocks": [
            {
                "type": "rich_text",
                "block_id": "zpg",
                "elements": [
                    {
                        "type": "rich_text_section",
                        "elements": [
                            {
                                "type": "text",
                                "text": "Los primeros mensajes no eran spam, los últimos creo que un poco sí"
                            }
                        ]
                    }
                ]
            }
        ]
    },
    {
        "client_msg_id": "e3ccabb2-7939-435b-85a4-6208cb62e636",
        "type": "message",
        "text": "nah",
        "user": "UMZ3LNV5Z",
        "ts": "1589493178.174900",
        "team": "TJH5YU202",
        "user_team": "TJH5YU202",
        "source_team": "TJH5YU202",
        "user_profile": {
            "avatar_hash": "0705cbdb2dc9",
            "image_72": "https:\/\/avatars.slack-edge.com\/2020-02-24\/967980533062_0705cbdb2dc9cb3644bb_72.jpg",
            "first_name": "Pablo",
            "real_name": "Pablo Botella",
            "display_name": "Pablo Botella",
            "team": "TJH5YU202",
            "name": "pb",
            "is_restricted": false,
            "is_ultra_restricted": false
        },
        "blocks": [
            {
                "type": "rich_text",
                "block_id": "C4x",
                "elements": [
                    {
                        "type": "rich_text_section",
                        "elements": [
                            {
                                "type": "text",
                                "text": "nah"
                            }
                        ]
                    }
                ]
            }
        ]
    },
    {
        "client_msg_id": "9009caa4-317e-4753-9354-c2ae5296023a",
        "type": "message",
        "text": "Me molesta tener la lucecita azul de \"tienes mensajes sin leer\"",
        "user": "UNAHBRTFA",
        "ts": "1589493195.175500",
        "team": "TJH5YU202",
        "user_team": "TJH5YU202",
        "source_team": "TJH5YU202",
        "user_profile": {
            "avatar_hash": "g3d2a3f4c28c",
            "image_72": "https:\/\/secure.gravatar.com\/avatar\/23d2a3f4c28cebb4cf07e48d02620517.jpg?s=72&d=https%3A%2F%2Fa.slack-edge.com%2Fdf10d%2Fimg%2Favatars%2Fava_0020-72.png",
            "first_name": "Andreu",
            "real_name": "Andreu Botella",
            "display_name": "Andreu Botella",
            "team": "TJH5YU202",
            "name": "andreu.132",
            "is_restricted": false,
            "is_ultra_restricted": false
        },
        "blocks": [
            {
                "type": "rich_text",
                "block_id": "sIs",
                "elements": [
                    {
                        "type": "rich_text_section",
                        "elements": [
                            {
                                "type": "text",
                                "text": "Me molesta tener la lucecita azul de \"tienes mensajes sin leer\""
                            }
                        ]
                    }
                ]
            }
        ]
    },
    {
        "client_msg_id": "25844b33-0fcf-4d0d-8336-c0d40e38422e",
        "type": "message",
        "text": "gg silencialo",
        "user": "UMZ3LNV5Z",
        "ts": "1589493221.176000",
        "team": "TJH5YU202",
        "user_team": "TJH5YU202",
        "source_team": "TJH5YU202",
        "user_profile": {
            "avatar_hash": "0705cbdb2dc9",
            "image_72": "https:\/\/avatars.slack-edge.com\/2020-02-24\/967980533062_0705cbdb2dc9cb3644bb_72.jpg",
            "first_name": "Pablo",
            "real_name": "Pablo Botella",
            "display_name": "Pablo Botella",
            "team": "TJH5YU202",
            "name": "pb",
            "is_restricted": false,
            "is_ultra_restricted": false
        },
        "blocks": [
            {
                "type": "rich_text",
                "block_id": "0uwB",
                "elements": [
                    {
                        "type": "rich_text_section",
                        "elements": [
                            {
                                "type": "text",
                                "text": "gg silencialo"
                            }
                        ]
                    }
                ]
            }
        ]
    },
    {
        "client_msg_id": "4d8ebd27-f302-40ff-b887-d218f96e46fd",
        "type": "message",
        "text": "Es que Andreu siempre està al pie del cañon y lo entiendo, es molesto lo reconozco. Procuraré hacerlo en un solo mensaje.",
        "user": "UJWGTCNS3",
        "ts": "1589493303.177100",
        "team": "TJH5YU202",
        "user_team": "TJH5YU202",
        "source_team": "TJH5YU202",
        "user_profile": {
            "avatar_hash": "g5117c62f9fd",
            "image_72": "https:\/\/secure.gravatar.com\/avatar\/d65117c62f9fdee40568ff74546ff940.jpg?s=72&d=https%3A%2F%2Fa.slack-edge.com%2Fdf10d%2Fimg%2Favatars%2Fava_0021-72.png",
            "first_name": "Andrés",
            "real_name": "Andrés González Alonso",
            "display_name": "Andygon",
            "team": "TJH5YU202",
            "name": "zalezalon",
            "is_restricted": false,
            "is_ultra_restricted": false
        },
        "blocks": [
            {
                "type": "rich_text",
                "block_id": "2nm",
                "elements": [
                    {
                        "type": "rich_text_section",
                        "elements": [
                            {
                                "type": "text",
                                "text": "Es que Andreu siempre està al pie del cañon y lo entiendo, es molesto lo reconozco. Procuraré hacerlo en un solo mensaje."
                            }
                        ]
                    }
                ]
            }
        ],
        "thread_ts": "1589493303.177100",
        "reply_count": 1,
        "reply_users_count": 1,
        "latest_reply": "1589501310.192800",
        "reply_users": [
            "UJUJLTWMT"
        ],
        "replies": [
            {
                "user": "UJUJLTWMT",
                "ts": "1589501310.192800"
            }
        ],
        "subscribed": false
    },
    {
        "client_msg_id": "4b83ce5e-bc33-4d6c-8b86-237594c5e33b",
        "type": "message",
        "text": "No pasa nada por varios mensajes, pero llega un punto en el que dar más información no ayuda.",
        "user": "UNAHBRTFA",
        "ts": "1589493360.177900",
        "team": "TJH5YU202",
        "user_team": "TJH5YU202",
        "source_team": "TJH5YU202",
        "user_profile": {
            "avatar_hash": "g3d2a3f4c28c",
            "image_72": "https:\/\/secure.gravatar.com\/avatar\/23d2a3f4c28cebb4cf07e48d02620517.jpg?s=72&d=https%3A%2F%2Fa.slack-edge.com%2Fdf10d%2Fimg%2Favatars%2Fava_0020-72.png",
            "first_name": "Andreu",
            "real_name": "Andreu Botella",
            "display_name": "Andreu Botella",
            "team": "TJH5YU202",
            "name": "andreu.132",
            "is_restricted": false,
            "is_ultra_restricted": false
        },
        "edited": {
            "user": "UNAHBRTFA",
            "ts": "1589493378.000000"
        },
        "blocks": [
            {
                "type": "rich_text",
                "block_id": "7k3ZY",
                "elements": [
                    {
                        "type": "rich_text_section",
                        "elements": [
                            {
                                "type": "text",
                                "text": "No pasa nada por varios mensajes, pero llega un punto en el que dar más información no ayuda."
                            }
                        ]
                    }
                ]
            }
        ]
    },
    {
        "client_msg_id": "97c660ae-e8df-4feb-b665-45e4c703adeb",
        "type": "message",
        "text": ":sweat:",
        "user": "UJWGTCNS3",
        "ts": "1589493440.178200",
        "team": "TJH5YU202",
        "user_team": "TJH5YU202",
        "source_team": "TJH5YU202",
        "user_profile": {
            "avatar_hash": "g5117c62f9fd",
            "image_72": "https:\/\/secure.gravatar.com\/avatar\/d65117c62f9fdee40568ff74546ff940.jpg?s=72&d=https%3A%2F%2Fa.slack-edge.com%2Fdf10d%2Fimg%2Favatars%2Fava_0021-72.png",
            "first_name": "Andrés",
            "real_name": "Andrés González Alonso",
            "display_name": "Andygon",
            "team": "TJH5YU202",
            "name": "zalezalon",
            "is_restricted": false,
            "is_ultra_restricted": false
        },
        "blocks": [
            {
                "type": "rich_text",
                "block_id": "7WIU",
                "elements": [
                    {
                        "type": "rich_text_section",
                        "elements": [
                            {
                                "type": "emoji",
                                "name": "sweat"
                            }
                        ]
                    }
                ]
            }
        ]
    },
    {
        "client_msg_id": "33c972eb-cd5c-4ca3-89e1-4eb061ba325d",
        "type": "message",
        "text": "¿Has probado los artefactos de github actions? Porque puede que los binarios del repo no estén actualizados",
        "user": "UNAHBRTFA",
        "ts": "1589493546.179400",
        "team": "TJH5YU202",
        "user_team": "TJH5YU202",
        "source_team": "TJH5YU202",
        "user_profile": {
            "avatar_hash": "g3d2a3f4c28c",
            "image_72": "https:\/\/secure.gravatar.com\/avatar\/23d2a3f4c28cebb4cf07e48d02620517.jpg?s=72&d=https%3A%2F%2Fa.slack-edge.com%2Fdf10d%2Fimg%2Favatars%2Fava_0020-72.png",
            "first_name": "Andreu",
            "real_name": "Andreu Botella",
            "display_name": "Andreu Botella",
            "team": "TJH5YU202",
            "name": "andreu.132",
            "is_restricted": false,
            "is_ultra_restricted": false
        },
        "blocks": [
            {
                "type": "rich_text",
                "block_id": "eVa",
                "elements": [
                    {
                        "type": "rich_text_section",
                        "elements": [
                            {
                                "type": "text",
                                "text": "¿Has probado los artefactos de github actions? Porque puede que los binarios del repo no estén actualizados"
                            }
                        ]
                    }
                ]
            }
        ]
    },
    {
        "client_msg_id": "ceabdb0c-b3dc-41d9-a6d6-957256d87283",
        "type": "message",
        "text": "igual en el foro se ve mejor pirque va todo el hilo seguido",
        "user": "UMZ3LNV5Z",
        "ts": "1589493576.180400",
        "team": "TJH5YU202",
        "user_team": "TJH5YU202",
        "source_team": "TJH5YU202",
        "user_profile": {
            "avatar_hash": "0705cbdb2dc9",
            "image_72": "https:\/\/avatars.slack-edge.com\/2020-02-24\/967980533062_0705cbdb2dc9cb3644bb_72.jpg",
            "first_name": "Pablo",
            "real_name": "Pablo Botella",
            "display_name": "Pablo Botella",
            "team": "TJH5YU202",
            "name": "pb",
            "is_restricted": false,
            "is_ultra_restricted": false
        },
        "blocks": [
            {
                "type": "rich_text",
                "block_id": "Bb8",
                "elements": [
                    {
                        "type": "rich_text_section",
                        "elements": [
                            {
                                "type": "text",
                                "text": "igual en el foro se ve mejor pirque va todo el hilo seguido"
                            }
                        ]
                    }
                ]
            }
        ]
    },
    {
        "client_msg_id": "a2ace742-341b-4c09-b92b-29fcda361254",
        "type": "message",
        "text": "Hoy ne visto el mensaje que ha publicado Antonio y lo queria investigar, se que habló en el ultimo video y no hizo ninguna demostración con lo cual aun no sé como funciona pero me pongo a investigar, creo que algunos ya sabéis como compilar con action pero yo no lo he mirado, me quedan un par de PACS de la universidad y ya estaré mas atento cuando termine. Pero ahora lo miro. Ese mismo error que he puesto me lo ha reportado mi amigo Quique de mexico que recien empieza, por eso entiendo que es un error general.",
        "user": "UJWGTCNS3",
        "ts": "1589493743.183300",
        "team": "TJH5YU202",
        "user_team": "TJH5YU202",
        "source_team": "TJH5YU202",
        "user_profile": {
            "avatar_hash": "g5117c62f9fd",
            "image_72": "https:\/\/secure.gravatar.com\/avatar\/d65117c62f9fdee40568ff74546ff940.jpg?s=72&d=https%3A%2F%2Fa.slack-edge.com%2Fdf10d%2Fimg%2Favatars%2Fava_0021-72.png",
            "first_name": "Andrés",
            "real_name": "Andrés González Alonso",
            "display_name": "Andygon",
            "team": "TJH5YU202",
            "name": "zalezalon",
            "is_restricted": false,
            "is_ultra_restricted": false
        },
        "edited": {
            "user": "UJWGTCNS3",
            "ts": "1589493988.000000"
        },
        "blocks": [
            {
                "type": "rich_text",
                "block_id": "=oZtw",
                "elements": [
                    {
                        "type": "rich_text_section",
                        "elements": [
                            {
                                "type": "text",
                                "text": "Hoy ne visto el mensaje que ha publicado Antonio y lo queria investigar, se que habló en el ultimo video y no hizo ninguna demostración con lo cual aun no sé como funciona pero me pongo a investigar, creo que algunos ya sabéis como compilar con action pero yo no lo he mirado, me quedan un par de PACS de la universidad y ya estaré mas atento cuando termine. Pero ahora lo miro. Ese mismo error que he puesto me lo ha reportado mi amigo Quique de mexico que recien empieza, por eso entiendo que es un error general."
                            }
                        ]
                    }
                ]
            }
        ]
    },
    {
        "client_msg_id": "8315a689-6e65-4664-8ea1-e46162e9af6b",
        "type": "message",
        "text": "he visto que incluso los builds de los actions están fallando, así que Antonio probablemente ya sabe que fallan y los arreglará mañana",
        "user": "UNAHBRTFA",
        "ts": "1589493808.185000",
        "team": "TJH5YU202",
        "user_team": "TJH5YU202",
        "source_team": "TJH5YU202",
        "user_profile": {
            "avatar_hash": "g3d2a3f4c28c",
            "image_72": "https:\/\/secure.gravatar.com\/avatar\/23d2a3f4c28cebb4cf07e48d02620517.jpg?s=72&d=https%3A%2F%2Fa.slack-edge.com%2Fdf10d%2Fimg%2Favatars%2Fava_0020-72.png",
            "first_name": "Andreu",
            "real_name": "Andreu Botella",
            "display_name": "Andreu Botella",
            "team": "TJH5YU202",
            "name": "andreu.132",
            "is_restricted": false,
            "is_ultra_restricted": false
        },
        "blocks": [
            {
                "type": "rich_text",
                "block_id": "gq5M",
                "elements": [
                    {
                        "type": "rich_text_section",
                        "elements": [
                            {
                                "type": "text",
                                "text": "he visto que incluso los builds de los actions están fallando, así que Antonio probablemente ya sabe que fallan y los arreglará mañana"
                            }
                        ]
                    }
                ]
            }
        ]
    },
    {
        "client_msg_id": "8841e0c3-89ca-4b0d-bdc8-bef9b90b3829",
        "type": "message",
        "text": "Sí solo era para poner el aviso para que lo sepa",
        "user": "UJWGTCNS3",
        "ts": "1589493855.185800",
        "team": "TJH5YU202",
        "user_team": "TJH5YU202",
        "source_team": "TJH5YU202",
        "user_profile": {
            "avatar_hash": "g5117c62f9fd",
            "image_72": "https:\/\/secure.gravatar.com\/avatar\/d65117c62f9fdee40568ff74546ff940.jpg?s=72&d=https%3A%2F%2Fa.slack-edge.com%2Fdf10d%2Fimg%2Favatars%2Fava_0021-72.png",
            "first_name": "Andrés",
            "real_name": "Andrés González Alonso",
            "display_name": "Andygon",
            "team": "TJH5YU202",
            "name": "zalezalon",
            "is_restricted": false,
            "is_ultra_restricted": false
        },
        "blocks": [
            {
                "type": "rich_text",
                "block_id": "M\/a9L",
                "elements": [
                    {
                        "type": "rich_text_section",
                        "elements": [
                            {
                                "type": "text",
                                "text": "Sí solo era para poner el aviso para que lo sepa"
                            }
                        ]
                    }
                ]
            }
        ]
    },
    {
        "client_msg_id": "62ca7b99-094e-4dc3-9ebd-994dc8a86b8f",
        "type": "message",
        "text": "<@UJWGTCNS3> si estás mañana en el skype y puedes compartir la pantalla igual lo podemos ver entre todos y nos sirve de tutor",
        "user": "UMZ3LNV5Z",
        "ts": "1589494106.186900",
        "team": "TJH5YU202",
        "user_team": "TJH5YU202",
        "source_team": "TJH5YU202",
        "user_profile": {
            "avatar_hash": "0705cbdb2dc9",
            "image_72": "https:\/\/avatars.slack-edge.com\/2020-02-24\/967980533062_0705cbdb2dc9cb3644bb_72.jpg",
            "first_name": "Pablo",
            "real_name": "Pablo Botella",
            "display_name": "Pablo Botella",
            "team": "TJH5YU202",
            "name": "pb",
            "is_restricted": false,
            "is_ultra_restricted": false
        },
        "blocks": [
            {
                "type": "rich_text",
                "block_id": "tZa2R",
                "elements": [
                    {
                        "type": "rich_text_section",
                        "elements": [
                            {
                                "type": "user",
                                "user_id": "UJWGTCNS3"
                            },
                            {
                                "type": "text",
                                "text": " si estás mañana en el skype y puedes compartir la pantalla igual lo podemos ver entre todos y nos sirve de tutor"
                            }
                        ]
                    }
                ]
            }
        ]
    },
    {
        "client_msg_id": "70a96eca-b6f4-4945-ab69-a1a977f659e5",
        "type": "message",
        "text": "Ok Pablo, sí seguro sin problemas.",
        "user": "UJWGTCNS3",
        "ts": "1589494162.187700",
        "team": "TJH5YU202",
        "user_team": "TJH5YU202",
        "source_team": "TJH5YU202",
        "user_profile": {
            "avatar_hash": "g5117c62f9fd",
            "image_72": "https:\/\/secure.gravatar.com\/avatar\/d65117c62f9fdee40568ff74546ff940.jpg?s=72&d=https%3A%2F%2Fa.slack-edge.com%2Fdf10d%2Fimg%2Favatars%2Fava_0021-72.png",
            "first_name": "Andrés",
            "real_name": "Andrés González Alonso",
            "display_name": "Andygon",
            "team": "TJH5YU202",
            "name": "zalezalon",
            "is_restricted": false,
            "is_ultra_restricted": false
        },
        "blocks": [
            {
                "type": "rich_text",
                "block_id": "EExk",
                "elements": [
                    {
                        "type": "rich_text_section",
                        "elements": [
                            {
                                "type": "text",
                                "text": "Ok Pablo, sí seguro sin problemas."
                            }
                        ]
                    }
                ]
            }
        ]
    },
    {
        "client_msg_id": "ee086f41-e5e4-4657-a4f9-7b7fe562f359",
        "type": "message",
        "text": "a mi no me ha dado ningún error esta semana porque no he tenido tiempo de mirar nada :slightly_smiling_face:",
        "user": "UMZ3LNV5Z",
        "ts": "1589494194.188300",
        "team": "TJH5YU202",
        "user_team": "TJH5YU202",
        "source_team": "TJH5YU202",
        "user_profile": {
            "avatar_hash": "0705cbdb2dc9",
            "image_72": "https:\/\/avatars.slack-edge.com\/2020-02-24\/967980533062_0705cbdb2dc9cb3644bb_72.jpg",
            "first_name": "Pablo",
            "real_name": "Pablo Botella",
            "display_name": "Pablo Botella",
            "team": "TJH5YU202",
            "name": "pb",
            "is_restricted": false,
            "is_ultra_restricted": false
        },
        "blocks": [
            {
                "type": "rich_text",
                "block_id": "=1anC",
                "elements": [
                    {
                        "type": "rich_text_section",
                        "elements": [
                            {
                                "type": "text",
                                "text": "a mi no me ha dado ningún error esta semana porque no he tenido tiempo de mirar nada "
                            },
                            {
                                "type": "emoji",
                                "name": "slightly_smiling_face"
                            }
                        ]
                    }
                ]
            }
        ]
    },
    {
        "client_msg_id": "2bd439d0-df4e-4ccc-9c55-128f6abab28e",
        "type": "message",
        "text": "yo como lo sabia hice un renombrado de los ficheros antiguos a .old por eso sé que el que falla es la .dll",
        "user": "UJWGTCNS3",
        "ts": "1589494539.190000",
        "team": "TJH5YU202",
        "user_team": "TJH5YU202",
        "source_team": "TJH5YU202",
        "user_profile": {
            "avatar_hash": "g5117c62f9fd",
            "image_72": "https:\/\/secure.gravatar.com\/avatar\/d65117c62f9fdee40568ff74546ff940.jpg?s=72&d=https%3A%2F%2Fa.slack-edge.com%2Fdf10d%2Fimg%2Favatars%2Fava_0021-72.png",
            "first_name": "Andrés",
            "real_name": "Andrés González Alonso",
            "display_name": "Andygon",
            "team": "TJH5YU202",
            "name": "zalezalon",
            "is_restricted": false,
            "is_ultra_restricted": false
        },
        "blocks": [
            {
                "type": "rich_text",
                "block_id": "FjSIv",
                "elements": [
                    {
                        "type": "rich_text_section",
                        "elements": [
                            {
                                "type": "text",
                                "text": "yo como lo sabia hice un renombrado de los ficheros antiguos a .old por eso sé que el que falla es la .dll"
                            }
                        ]
                    }
                ]
            }
        ]
    },
    {
        "client_msg_id": "6fc59b3d-e815-4b44-8a02-f34d7a724bdc",
        "type": "message",
        "text": "actualizaste mod_harbour.so  en la carpeta de modulos de apache ?",
        "user": "UK28N3CER",
        "ts": "1589495680.191700",
        "team": "TJH5YU202",
        "user_team": "TJH5YU202",
        "source_team": "TJH5YU202",
        "user_profile": {
            "avatar_hash": "0eafa7153ff3",
            "image_72": "https:\/\/avatars.slack-edge.com\/2020-05-18\/1155120542496_0eafa7153ff35206c804_72.jpg",
            "first_name": "Cesar",
            "real_name": "Cesar SysCtrl Software",
            "display_name": "Cesar SysCtrl Software",
            "team": "TJH5YU202",
            "name": "sysctrlsoftware",
            "is_restricted": false,
            "is_ultra_restricted": false
        },
        "blocks": [
            {
                "type": "rich_text",
                "block_id": "tKFEh",
                "elements": [
                    {
                        "type": "rich_text_section",
                        "elements": [
                            {
                                "type": "text",
                                "text": "actualizaste mod_harbour.so  en la carpeta de modulos de apache ?"
                            }
                        ]
                    }
                ]
            }
        ]
    },
    {
        "client_msg_id": "e27973be-e9e8-4885-9a0b-f51f7e5c3457",
        "type": "message",
        "text": "Sip sin duda",
        "user": "UJWGTCNS3",
        "ts": "1589496515.192000",
        "team": "TJH5YU202",
        "user_team": "TJH5YU202",
        "source_team": "TJH5YU202",
        "user_profile": {
            "avatar_hash": "g5117c62f9fd",
            "image_72": "https:\/\/secure.gravatar.com\/avatar\/d65117c62f9fdee40568ff74546ff940.jpg?s=72&d=https%3A%2F%2Fa.slack-edge.com%2Fdf10d%2Fimg%2Favatars%2Fava_0021-72.png",
            "first_name": "Andrés",
            "real_name": "Andrés González Alonso",
            "display_name": "Andygon",
            "team": "TJH5YU202",
            "name": "zalezalon",
            "is_restricted": false,
            "is_ultra_restricted": false
        },
        "blocks": [
            {
                "type": "rich_text",
                "block_id": "VbnA",
                "elements": [
                    {
                        "type": "rich_text_section",
                        "elements": [
                            {
                                "type": "text",
                                "text": "Sip sin duda"
                            }
                        ]
                    }
                ]
            }
        ]
    },
    {
        "client_msg_id": "e14a9cbe-3558-4516-8d83-2fecf7ed5471",
        "type": "message",
        "text": "y son iguales la antigua y la nueva",
        "user": "UJWGTCNS3",
        "ts": "1589496530.192300",
        "team": "TJH5YU202",
        "user_team": "TJH5YU202",
        "source_team": "TJH5YU202",
        "user_profile": {
            "avatar_hash": "g5117c62f9fd",
            "image_72": "https:\/\/secure.gravatar.com\/avatar\/d65117c62f9fdee40568ff74546ff940.jpg?s=72&d=https%3A%2F%2Fa.slack-edge.com%2Fdf10d%2Fimg%2Favatars%2Fava_0021-72.png",
            "first_name": "Andrés",
            "real_name": "Andrés González Alonso",
            "display_name": "Andygon",
            "team": "TJH5YU202",
            "name": "zalezalon",
            "is_restricted": false,
            "is_ultra_restricted": false
        },
        "blocks": [
            {
                "type": "rich_text",
                "block_id": "sxq",
                "elements": [
                    {
                        "type": "rich_text_section",
                        "elements": [
                            {
                                "type": "text",
                                "text": "y son iguales la antigua y la nueva"
                            }
                        ]
                    }
                ]
            }
        ]
    },
    {
        "client_msg_id": "07bb6917-5487-461d-98b4-ce9f5cfd8bd9",
        "type": "message",
        "text": "el error en la .dll como he dicho",
        "user": "UJWGTCNS3",
        "ts": "1589496542.192600",
        "team": "TJH5YU202",
        "user_team": "TJH5YU202",
        "source_team": "TJH5YU202",
        "user_profile": {
            "avatar_hash": "g5117c62f9fd",
            "image_72": "https:\/\/secure.gravatar.com\/avatar\/d65117c62f9fdee40568ff74546ff940.jpg?s=72&d=https%3A%2F%2Fa.slack-edge.com%2Fdf10d%2Fimg%2Favatars%2Fava_0021-72.png",
            "first_name": "Andrés",
            "real_name": "Andrés González Alonso",
            "display_name": "Andygon",
            "team": "TJH5YU202",
            "name": "zalezalon",
            "is_restricted": false,
            "is_ultra_restricted": false
        },
        "blocks": [
            {
                "type": "rich_text",
                "block_id": "iipbL",
                "elements": [
                    {
                        "type": "rich_text_section",
                        "elements": [
                            {
                                "type": "text",
                                "text": "el error en la .dll como he dicho"
                            }
                        ]
                    }
                ]
            }
        ]
    },
    {
        "type": "message",
        "subtype": "thread_broadcast",
        "text": "Ninguna molestia. Para poder meter varias lineas en un mensaje, pulsa CTRL+INTRO.\nDicho esto, que cada uno escriba como considere siempre, en cuanto a las formas se refiere, y, en cuanto al contenido, ya está más que hablado.\nGrax.",
        "user": "UJUJLTWMT",
        "ts": "1589501310.192800",
        "thread_ts": "1589493303.177100",
        "root": {
            "client_msg_id": "4d8ebd27-f302-40ff-b887-d218f96e46fd",
            "type": "message",
            "text": "Es que Andreu siempre està al pie del cañon y lo entiendo, es molesto lo reconozco. Procuraré hacerlo en un solo mensaje.",
            "user": "UJWGTCNS3",
            "ts": "1589493303.177100",
            "team": "TJH5YU202",
            "blocks": [
                {
                    "type": "rich_text",
                    "block_id": "2nm",
                    "elements": [
                        {
                            "type": "rich_text_section",
                            "elements": [
                                {
                                    "type": "text",
                                    "text": "Es que Andreu siempre està al pie del cañon y lo entiendo, es molesto lo reconozco. Procuraré hacerlo en un solo mensaje."
                                }
                            ]
                        }
                    ]
                }
            ],
            "thread_ts": "1589493303.177100",
            "reply_count": 1,
            "reply_users_count": 1,
            "latest_reply": "1589501310.192800",
            "reply_users": [
                "UJUJLTWMT"
            ],
            "subscribed": false
        },
        "blocks": [
            {
                "type": "rich_text",
                "block_id": "9Dch",
                "elements": [
                    {
                        "type": "rich_text_section",
                        "elements": [
                            {
                                "type": "text",
                                "text": "Ninguna molestia. Para poder meter varias lineas en un mensaje, pulsa CTRL+INTRO.\nDicho esto, que cada uno escriba como considere siempre, en cuanto a las formas se refiere, y, en cuanto al contenido, ya está más que hablado.\nGrax."
                            }
                        ]
                    }
                ]
            }
        ],
        "client_msg_id": "6ac260fd-77c5-41c9-9d31-f351a194f061"
    },
    {
        "client_msg_id": "5074c341-a1ab-42d3-b10f-570169b319cd",
        "type": "message",
        "text": "buenos dias :sunny:",
        "user": "UJN8D8U3B",
        "ts": "1589520597.193400",
        "team": "TJH5YU202",
        "user_team": "TJH5YU202",
        "source_team": "TJH5YU202",
        "user_profile": {
            "avatar_hash": "g92ad2abcc45",
            "image_72": "https:\/\/secure.gravatar.com\/avatar\/8492ad2abcc45ce53969adcf8420acde.jpg?s=72&d=https%3A%2F%2Fa.slack-edge.com%2Fdf10d%2Fimg%2Favatars%2Fava_0008-72.png",
            "first_name": "",
            "real_name": "Antonio Linares",
            "display_name": "Antonio Linares",
            "team": "TJH5YU202",
            "name": "alinares",
            "is_restricted": false,
            "is_ultra_restricted": false
        },
        "blocks": [
            {
                "type": "rich_text",
                "block_id": "BIp\/J",
                "elements": [
                    {
                        "type": "rich_text_section",
                        "elements": [
                            {
                                "type": "text",
                                "text": "buenos dias "
                            },
                            {
                                "type": "emoji",
                                "name": "sunny"
                            }
                        ]
                    }
                ]
            }
        ]
    },
    {
        "client_msg_id": "68675601-9c2d-4fe9-bbda-697d342d2e64",
        "type": "message",
        "text": "Hoy, hace un año, una idea aparecía...",
        "user": "UJN8D8U3B",
        "ts": "1589520614.193800",
        "team": "TJH5YU202",
        "user_team": "TJH5YU202",
        "source_team": "TJH5YU202",
        "user_profile": {
            "avatar_hash": "g92ad2abcc45",
            "image_72": "https:\/\/secure.gravatar.com\/avatar\/8492ad2abcc45ce53969adcf8420acde.jpg?s=72&d=https%3A%2F%2Fa.slack-edge.com%2Fdf10d%2Fimg%2Favatars%2Fava_0008-72.png",
            "first_name": "",
            "real_name": "Antonio Linares",
            "display_name": "Antonio Linares",
            "team": "TJH5YU202",
            "name": "alinares",
            "is_restricted": false,
            "is_ultra_restricted": false
        },
        "blocks": [
            {
                "type": "rich_text",
                "block_id": "=e14F",
                "elements": [
                    {
                        "type": "rich_text_section",
                        "elements": [
                            {
                                "type": "text",
                                "text": "Hoy, hace un año, una idea aparecía..."
                            }
                        ]
                    }
                ]
            }
        ]
    },
    {
        "client_msg_id": "97ac97fc-aa60-46cd-ba0b-c1362ac129ca",
        "type": "message",
        "text": "Las ideas tienen el poder de transformar. De donde vienen ? Cual es la fuente ? Buena reflexión para celebrar un dia especial... :sparkles::sparkles:",
        "user": "UJN8D8U3B",
        "ts": "1589520679.194800",
        "team": "TJH5YU202",
        "user_team": "TJH5YU202",
        "source_team": "TJH5YU202",
        "user_profile": {
            "avatar_hash": "g92ad2abcc45",
            "image_72": "https:\/\/secure.gravatar.com\/avatar\/8492ad2abcc45ce53969adcf8420acde.jpg?s=72&d=https%3A%2F%2Fa.slack-edge.com%2Fdf10d%2Fimg%2Favatars%2Fava_0008-72.png",
            "first_name": "",
            "real_name": "Antonio Linares",
            "display_name": "Antonio Linares",
            "team": "TJH5YU202",
            "name": "alinares",
            "is_restricted": false,
            "is_ultra_restricted": false
        },
        "blocks": [
            {
                "type": "rich_text",
                "block_id": "q8KK",
                "elements": [
                    {
                        "type": "rich_text_section",
                        "elements": [
                            {
                                "type": "text",
                                "text": "Las ideas tienen el poder de transformar. De donde vienen ? Cual es la fuente ? Buena reflexión para celebrar un dia especial... "
                            },
                            {
                                "type": "emoji",
                                "name": "sparkles"
                            },
                            {
                                "type": "emoji",
                                "name": "sparkles"
                            }
                        ]
                    }
                ]
            }
        ]
    },
    {
        "client_msg_id": "4d718500-bde5-4821-87ca-c091709f2d5e",
        "type": "message",
        "text": "La última DLL para Windows publicada está mal <@UJWGTCNS3>",
        "user": "UJN8D8U3B",
        "ts": "1589520769.195400",
        "team": "TJH5YU202",
        "user_team": "TJH5YU202",
        "source_team": "TJH5YU202",
        "user_profile": {
            "avatar_hash": "g92ad2abcc45",
            "image_72": "https:\/\/secure.gravatar.com\/avatar\/8492ad2abcc45ce53969adcf8420acde.jpg?s=72&d=https%3A%2F%2Fa.slack-edge.com%2Fdf10d%2Fimg%2Favatars%2Fava_0008-72.png",
            "first_name": "",
            "real_name": "Antonio Linares",
            "display_name": "Antonio Linares",
            "team": "TJH5YU202",
            "name": "alinares",
            "is_restricted": false,
            "is_ultra_restricted": false
        },
        "blocks": [
            {
                "type": "rich_text",
                "block_id": "0XMT",
                "elements": [
                    {
                        "type": "rich_text_section",
                        "elements": [
                            {
                                "type": "text",
                                "text": "La última DLL para Windows publicada está mal "
                            },
                            {
                                "type": "user",
                                "user_id": "UJWGTCNS3"
                            }
                        ]
                    }
                ]
            }
        ]
    },
    {
        "client_msg_id": "61e4a24e-88c2-4344-a33d-7fb67658f76c",
        "type": "message",
        "text": "Vamos a arreglarla cuanto antes...",
        "user": "UJN8D8U3B",
        "ts": "1589520781.195700",
        "team": "TJH5YU202",
        "user_team": "TJH5YU202",
        "source_team": "TJH5YU202",
        "user_profile": {
            "avatar_hash": "g92ad2abcc45",
            "image_72": "https:\/\/secure.gravatar.com\/avatar\/8492ad2abcc45ce53969adcf8420acde.jpg?s=72&d=https%3A%2F%2Fa.slack-edge.com%2Fdf10d%2Fimg%2Favatars%2Fava_0008-72.png",
            "first_name": "",
            "real_name": "Antonio Linares",
            "display_name": "Antonio Linares",
            "team": "TJH5YU202",
            "name": "alinares",
            "is_restricted": false,
            "is_ultra_restricted": false
        },
        "blocks": [
            {
                "type": "rich_text",
                "block_id": "ADe",
                "elements": [
                    {
                        "type": "rich_text_section",
                        "elements": [
                            {
                                "type": "text",
                                "text": "Vamos a arreglarla cuanto antes..."
                            }
                        ]
                    }
                ]
            }
        ]
    },
    {
        "client_msg_id": "cd705ef1-71f8-4c38-81d1-c050bf743609",
        "type": "message",
        "text": "Bon dia y fantastico momento ! :slightly_smiling_face:",
        "user": "UJWR5N32S",
        "ts": "1589522697.196200",
        "team": "TJH5YU202",
        "user_team": "TJH5YU202",
        "source_team": "TJH5YU202",
        "user_profile": {
            "avatar_hash": "273d3745f7ae",
            "image_72": "https:\/\/avatars.slack-edge.com\/2019-05-20\/634344238497_273d3745f7ae1b176b82_72.jpg",
            "first_name": "Charly",
            "real_name": "Charly",
            "display_name": "Charly",
            "team": "TJH5YU202",
            "name": "carles9000",
            "is_restricted": false,
            "is_ultra_restricted": false
        },
        "blocks": [
            {
                "type": "rich_text",
                "block_id": "vIc2",
                "elements": [
                    {
                        "type": "rich_text_section",
                        "elements": [
                            {
                                "type": "text",
                                "text": "Bon dia y fantastico momento ! "
                            },
                            {
                                "type": "emoji",
                                "name": "slightly_smiling_face"
                            }
                        ]
                    }
                ]
            }
        ]
    },
    {
        "client_msg_id": "369502a9-81a6-4ef8-924e-8f86bc9e7eba",
        "type": "message",
        "text": "Felicidades al mod Harbour en su 1 añito y felicidades a todos los que confiais en el y aun estais aqui",
        "user": "UJWR5N32S",
        "ts": "1589522732.196900",
        "team": "TJH5YU202",
        "user_team": "TJH5YU202",
        "source_team": "TJH5YU202",
        "user_profile": {
            "avatar_hash": "273d3745f7ae",
            "image_72": "https:\/\/avatars.slack-edge.com\/2019-05-20\/634344238497_273d3745f7ae1b176b82_72.jpg",
            "first_name": "Charly",
            "real_name": "Charly",
            "display_name": "Charly",
            "team": "TJH5YU202",
            "name": "carles9000",
            "is_restricted": false,
            "is_ultra_restricted": false
        },
        "blocks": [
            {
                "type": "rich_text",
                "block_id": "O3O\/",
                "elements": [
                    {
                        "type": "rich_text_section",
                        "elements": [
                            {
                                "type": "text",
                                "text": "Felicidades al mod Harbour en su 1 añito y felicidades a todos los que confiais en el y aun estais aqui"
                            }
                        ]
                    }
                ]
            }
        ]
    },
    {
        "client_msg_id": "d89686e8-cf7b-4612-9674-48157b15693b",
        "type": "message",
        "text": "Esta tarde todos a las 17.00 para hablar de este 1 año.: Como lo habeis vivido, que esperais, como veis el proyecto,...",
        "user": "UJWR5N32S",
        "ts": "1589522774.197700",
        "team": "TJH5YU202",
        "user_team": "TJH5YU202",
        "source_team": "TJH5YU202",
        "user_profile": {
            "avatar_hash": "273d3745f7ae",
            "image_72": "https:\/\/avatars.slack-edge.com\/2019-05-20\/634344238497_273d3745f7ae1b176b82_72.jpg",
            "first_name": "Charly",
            "real_name": "Charly",
            "display_name": "Charly",
            "team": "TJH5YU202",
            "name": "carles9000",
            "is_restricted": false,
            "is_ultra_restricted": false
        },
        "blocks": [
            {
                "type": "rich_text",
                "block_id": "z2NcL",
                "elements": [
                    {
                        "type": "rich_text_section",
                        "elements": [
                            {
                                "type": "text",
                                "text": "Esta tarde todos a las 17.00 para hablar de este 1 año.: Como lo habeis vivido, que esperais, como veis el proyecto,..."
                            }
                        ]
                    }
                ]
            }
        ]
    },
    {
        "client_msg_id": "4b3b8125-4114-460f-90ae-9757578d5f49",
        "type": "message",
        "text": "Hasta luego !",
        "user": "UJWR5N32S",
        "ts": "1589522786.198000",
        "team": "TJH5YU202",
        "user_team": "TJH5YU202",
        "source_team": "TJH5YU202",
        "user_profile": {
            "avatar_hash": "273d3745f7ae",
            "image_72": "https:\/\/avatars.slack-edge.com\/2019-05-20\/634344238497_273d3745f7ae1b176b82_72.jpg",
            "first_name": "Charly",
            "real_name": "Charly",
            "display_name": "Charly",
            "team": "TJH5YU202",
            "name": "carles9000",
            "is_restricted": false,
            "is_ultra_restricted": false
        },
        "blocks": [
            {
                "type": "rich_text",
                "block_id": "wBI+",
                "elements": [
                    {
                        "type": "rich_text_section",
                        "elements": [
                            {
                                "type": "text",
                                "text": "Hasta luego !"
                            }
                        ]
                    }
                ]
            }
        ]
    }
]