[
    {
        "client_msg_id": "bf555f14-0c05-47aa-b08b-408fee5423c1",
        "type": "message",
        "text": "buenos dias :sunny:",
        "user": "UJN8D8U3B",
        "ts": "1589268273.090100",
        "team": "TJH5YU202",
        "user_team": "TJH5YU202",
        "source_team": "TJH5YU202",
        "user_profile": {
            "avatar_hash": "g92ad2abcc45",
            "image_72": "https:\/\/secure.gravatar.com\/avatar\/8492ad2abcc45ce53969adcf8420acde.jpg?s=72&d=https%3A%2F%2Fa.slack-edge.com%2Fdf10d%2Fimg%2Favatars%2Fava_0008-72.png",
            "first_name": "",
            "real_name": "Antonio Linares",
            "display_name": "Antonio Linares",
            "team": "TJH5YU202",
            "name": "alinares",
            "is_restricted": false,
            "is_ultra_restricted": false
        },
        "blocks": [
            {
                "type": "rich_text",
                "block_id": "9ta1o",
                "elements": [
                    {
                        "type": "rich_text_section",
                        "elements": [
                            {
                                "type": "text",
                                "text": "buenos dias "
                            },
                            {
                                "type": "emoji",
                                "name": "sunny"
                            }
                        ]
                    }
                ]
            }
        ]
    },
    {
        "client_msg_id": "5e157401-1f0c-4ebd-9d28-1d30f53fae42",
        "type": "message",
        "text": "Excelente <@UJXP7LS78> estás usando el ejemplo de Viktor si ?",
        "user": "UJN8D8U3B",
        "ts": "1589268299.090700",
        "team": "TJH5YU202",
        "user_team": "TJH5YU202",
        "source_team": "TJH5YU202",
        "user_profile": {
            "avatar_hash": "g92ad2abcc45",
            "image_72": "https:\/\/secure.gravatar.com\/avatar\/8492ad2abcc45ce53969adcf8420acde.jpg?s=72&d=https%3A%2F%2Fa.slack-edge.com%2Fdf10d%2Fimg%2Favatars%2Fava_0008-72.png",
            "first_name": "",
            "real_name": "Antonio Linares",
            "display_name": "Antonio Linares",
            "team": "TJH5YU202",
            "name": "alinares",
            "is_restricted": false,
            "is_ultra_restricted": false
        },
        "blocks": [
            {
                "type": "rich_text",
                "block_id": "Vj9",
                "elements": [
                    {
                        "type": "rich_text_section",
                        "elements": [
                            {
                                "type": "text",
                                "text": "Excelente "
                            },
                            {
                                "type": "user",
                                "user_id": "UJXP7LS78"
                            },
                            {
                                "type": "text",
                                "text": " estás usando el ejemplo de Viktor si ?"
                            }
                        ]
                    }
                ]
            }
        ]
    },
    {
        "client_msg_id": "a9bfbcfd-f110-4355-b484-c5d8d426bc40",
        "type": "message",
        "text": "Puedes poner aqui un ejemplo de como lo haces ? gracias :+1:",
        "user": "UJN8D8U3B",
        "ts": "1589268326.091200",
        "team": "TJH5YU202",
        "user_team": "TJH5YU202",
        "source_team": "TJH5YU202",
        "user_profile": {
            "avatar_hash": "g92ad2abcc45",
            "image_72": "https:\/\/secure.gravatar.com\/avatar\/8492ad2abcc45ce53969adcf8420acde.jpg?s=72&d=https%3A%2F%2Fa.slack-edge.com%2Fdf10d%2Fimg%2Favatars%2Fava_0008-72.png",
            "first_name": "",
            "real_name": "Antonio Linares",
            "display_name": "Antonio Linares",
            "team": "TJH5YU202",
            "name": "alinares",
            "is_restricted": false,
            "is_ultra_restricted": false
        },
        "blocks": [
            {
                "type": "rich_text",
                "block_id": "qJTl",
                "elements": [
                    {
                        "type": "rich_text_section",
                        "elements": [
                            {
                                "type": "text",
                                "text": "Puedes poner aqui un ejemplo de como lo haces ? gracias "
                            },
                            {
                                "type": "emoji",
                                "name": "+1"
                            }
                        ]
                    }
                ]
            }
        ]
    },
    {
        "client_msg_id": "43137434-a36e-415f-beef-f94fc9e5c258",
        "type": "message",
        "text": "bd nengs.\nMejor si además de aquí abre un hilo en el foro para que quede para la posteridad. La voracidad de slack acabará con él más temprano que tarde.\n<https:\/\/forum.mod-harbour.org\/>\nGrace mille !",
        "user": "UJULQCHL5",
        "ts": "1589269254.092900",
        "team": "TJH5YU202",
        "user_team": "TJH5YU202",
        "source_team": "TJH5YU202",
        "user_profile": {
            "avatar_hash": "g7659142325a",
            "image_72": "https:\/\/secure.gravatar.com\/avatar\/c87659142325a3facb661d85281ec091.jpg?s=72&d=https%3A%2F%2Fa.slack-edge.com%2Fdf10d%2Fimg%2Favatars%2Fava_0003-72.png",
            "first_name": "",
            "real_name": "Paquito",
            "display_name": "Paquito",
            "team": "TJH5YU202",
            "name": "hmpaquito",
            "is_restricted": false,
            "is_ultra_restricted": false
        },
        "blocks": [
            {
                "type": "rich_text",
                "block_id": "u56",
                "elements": [
                    {
                        "type": "rich_text_section",
                        "elements": [
                            {
                                "type": "text",
                                "text": "bd nengs.\nMejor si además de aquí abre un hilo en el foro para que quede para la posteridad. La voracidad de slack acabará con él más temprano que tarde.\n"
                            },
                            {
                                "type": "link",
                                "url": "https:\/\/forum.mod-harbour.org\/"
                            },
                            {
                                "type": "text",
                                "text": "\nGrace mille !"
                            }
                        ]
                    }
                ]
            }
        ]
    },
    {
        "client_msg_id": "f5433179-2fa8-4a59-ab17-8076a6093631",
        "type": "message",
        "text": "buenos dias",
        "user": "UJXP7LS78",
        "ts": "1589288200.093200",
        "team": "TJH5YU202",
        "user_team": "TJH5YU202",
        "source_team": "TJH5YU202",
        "user_profile": {
            "avatar_hash": "gc4a0baebb72",
            "image_72": "https:\/\/secure.gravatar.com\/avatar\/a1c4a0baebb720b97e5a197259dbf409.jpg?s=72&d=https%3A%2F%2Fa.slack-edge.com%2Fdf10d%2Fimg%2Favatars%2Fava_0007-72.png",
            "first_name": "",
            "real_name": "wilson gamboa",
            "display_name": "wilson gamboa",
            "team": "TJH5YU202",
            "name": "wilson.josenet",
            "is_restricted": false,
            "is_ultra_restricted": false
        },
        "blocks": [
            {
                "type": "rich_text",
                "block_id": "Egsir",
                "elements": [
                    {
                        "type": "rich_text_section",
                        "elements": [
                            {
                                "type": "text",
                                "text": "buenos dias"
                            }
                        ]
                    }
                ]
            }
        ]
    },
    {
        "client_msg_id": "13f9cc46-94e4-4296-b1e2-6a42108c11bc",
        "type": "message",
        "text": "ya esta creado una entrada en el foro",
        "user": "UJXP7LS78",
        "ts": "1589288210.093500",
        "team": "TJH5YU202",
        "user_team": "TJH5YU202",
        "source_team": "TJH5YU202",
        "user_profile": {
            "avatar_hash": "gc4a0baebb72",
            "image_72": "https:\/\/secure.gravatar.com\/avatar\/a1c4a0baebb720b97e5a197259dbf409.jpg?s=72&d=https%3A%2F%2Fa.slack-edge.com%2Fdf10d%2Fimg%2Favatars%2Fava_0007-72.png",
            "first_name": "",
            "real_name": "wilson gamboa",
            "display_name": "wilson gamboa",
            "team": "TJH5YU202",
            "name": "wilson.josenet",
            "is_restricted": false,
            "is_ultra_restricted": false
        },
        "blocks": [
            {
                "type": "rich_text",
                "block_id": "c9fNA",
                "elements": [
                    {
                        "type": "rich_text_section",
                        "elements": [
                            {
                                "type": "text",
                                "text": "ya esta creado una entrada en el foro"
                            }
                        ]
                    }
                ]
            }
        ]
    },
    {
        "client_msg_id": "9872fa5e-a44d-428f-953f-346d1d5da232",
        "type": "message",
        "text": "saludos",
        "user": "UJXP7LS78",
        "ts": "1589288212.093700",
        "team": "TJH5YU202",
        "user_team": "TJH5YU202",
        "source_team": "TJH5YU202",
        "user_profile": {
            "avatar_hash": "gc4a0baebb72",
            "image_72": "https:\/\/secure.gravatar.com\/avatar\/a1c4a0baebb720b97e5a197259dbf409.jpg?s=72&d=https%3A%2F%2Fa.slack-edge.com%2Fdf10d%2Fimg%2Favatars%2Fava_0007-72.png",
            "first_name": "",
            "real_name": "wilson gamboa",
            "display_name": "wilson gamboa",
            "team": "TJH5YU202",
            "name": "wilson.josenet",
            "is_restricted": false,
            "is_ultra_restricted": false
        },
        "edited": {
            "user": "UJXP7LS78",
            "ts": "1589288308.000000"
        },
        "blocks": [
            {
                "type": "rich_text",
                "block_id": "ehyg",
                "elements": [
                    {
                        "type": "rich_text_section",
                        "elements": [
                            {
                                "type": "text",
                                "text": "saludos"
                            }
                        ]
                    }
                ]
            }
        ]
    },
    {
        "client_msg_id": "fca46f53-63ef-488a-a7fd-cef635dc1172",
        "type": "message",
        "text": "<https:\/\/forum.mod-harbour.org\/viewtopic.php?f=7&amp;t=469>",
        "user": "UJXP7LS78",
        "ts": "1589288214.093900",
        "team": "TJH5YU202",
        "user_team": "TJH5YU202",
        "source_team": "TJH5YU202",
        "user_profile": {
            "avatar_hash": "gc4a0baebb72",
            "image_72": "https:\/\/secure.gravatar.com\/avatar\/a1c4a0baebb720b97e5a197259dbf409.jpg?s=72&d=https%3A%2F%2Fa.slack-edge.com%2Fdf10d%2Fimg%2Favatars%2Fava_0007-72.png",
            "first_name": "",
            "real_name": "wilson gamboa",
            "display_name": "wilson gamboa",
            "team": "TJH5YU202",
            "name": "wilson.josenet",
            "is_restricted": false,
            "is_ultra_restricted": false
        },
        "blocks": [
            {
                "type": "rich_text",
                "block_id": "yKf",
                "elements": [
                    {
                        "type": "rich_text_section",
                        "elements": [
                            {
                                "type": "link",
                                "url": "https:\/\/forum.mod-harbour.org\/viewtopic.php?f=7&t=469"
                            }
                        ]
                    }
                ]
            }
        ]
    },
    {
        "client_msg_id": "94dcd484-e2fe-46a0-ab5a-991536ce486c",
        "type": "message",
        "text": "Gracias Wilson :heart_eyes:",
        "user": "UJULQCHL5",
        "ts": "1589289767.095200",
        "team": "TJH5YU202",
        "user_team": "TJH5YU202",
        "source_team": "TJH5YU202",
        "user_profile": {
            "avatar_hash": "g7659142325a",
            "image_72": "https:\/\/secure.gravatar.com\/avatar\/c87659142325a3facb661d85281ec091.jpg?s=72&d=https%3A%2F%2Fa.slack-edge.com%2Fdf10d%2Fimg%2Favatars%2Fava_0003-72.png",
            "first_name": "",
            "real_name": "Paquito",
            "display_name": "Paquito",
            "team": "TJH5YU202",
            "name": "hmpaquito",
            "is_restricted": false,
            "is_ultra_restricted": false
        },
        "blocks": [
            {
                "type": "rich_text",
                "block_id": "k20cG",
                "elements": [
                    {
                        "type": "rich_text_section",
                        "elements": [
                            {
                                "type": "text",
                                "text": "Gracias Wilson "
                            },
                            {
                                "type": "emoji",
                                "name": "heart_eyes"
                            }
                        ]
                    }
                ]
            }
        ]
    },
    {
        "type": "message",
        "text": "mail desde linux xbhosts",
        "user": "UJXP7LS78",
        "ts": "1589301502.095500",
        "team": "TJH5YU202",
        "user_team": "TJH5YU202",
        "source_team": "TJH5YU202",
        "user_profile": {
            "avatar_hash": "gc4a0baebb72",
            "image_72": "https:\/\/secure.gravatar.com\/avatar\/a1c4a0baebb720b97e5a197259dbf409.jpg?s=72&d=https%3A%2F%2Fa.slack-edge.com%2Fdf10d%2Fimg%2Favatars%2Fava_0007-72.png",
            "first_name": "",
            "real_name": "wilson gamboa",
            "display_name": "wilson gamboa",
            "team": "TJH5YU202",
            "name": "wilson.josenet",
            "is_restricted": false,
            "is_ultra_restricted": false
        },
        "attachments": [
            {
                "fallback": "[May 12th, 2020 12:57 AM] carles9000: Bon dia",
                "ts": "1589263047.089300",
                "author_id": "UJWR5N32S",
                "author_subname": "Charly",
                "channel_id": "CJUHF8SBX",
                "channel_name": "modharbour",
                "is_msg_unfurl": true,
                "text": "Bon dia",
                "author_name": "Charly",
                "author_link": "https:\/\/harbourproject.slack.com\/team\/UJWR5N32S",
                "author_icon": "https:\/\/avatars.slack-edge.com\/2019-05-20\/634344238497_273d3745f7ae1b176b82_48.jpg",
                "mrkdwn_in": [
                    "text"
                ],
                "color": "D0D0D0",
                "from_url": "https:\/\/harbourproject.slack.com\/archives\/CJUHF8SBX\/p1589263047089300",
                "is_share": true,
                "footer": "Publicado en #modharbour"
            }
        ],
        "blocks": [
            {
                "type": "rich_text",
                "block_id": "qZ6V",
                "elements": [
                    {
                        "type": "rich_text_section",
                        "elements": [
                            {
                                "type": "text",
                                "text": "mail desde linux xbhosts"
                            }
                        ]
                    }
                ]
            }
        ]
    },
    {
        "client_msg_id": "d4f957d9-bd9d-4205-85d6-630ea6ea9e90",
        "type": "message",
        "text": "buen dia, deberiamos de acostumbrarnos a usar mas el foro,",
        "user": "UK28N3CER",
        "ts": "1589301955.096400",
        "team": "TJH5YU202",
        "user_team": "TJH5YU202",
        "source_team": "TJH5YU202",
        "user_profile": {
            "avatar_hash": "0eafa7153ff3",
            "image_72": "https:\/\/avatars.slack-edge.com\/2020-05-18\/1155120542496_0eafa7153ff35206c804_72.jpg",
            "first_name": "Cesar",
            "real_name": "Cesar SysCtrl Software",
            "display_name": "Cesar SysCtrl Software",
            "team": "TJH5YU202",
            "name": "sysctrlsoftware",
            "is_restricted": false,
            "is_ultra_restricted": false
        },
        "blocks": [
            {
                "type": "rich_text",
                "block_id": "af\/S",
                "elements": [
                    {
                        "type": "rich_text_section",
                        "elements": [
                            {
                                "type": "text",
                                "text": "buen dia, deberiamos de acostumbrarnos a usar mas el foro,"
                            }
                        ]
                    }
                ]
            }
        ]
    },
    {
        "client_msg_id": "99154e67-7a72-4ab2-8e34-c233cb141133",
        "type": "message",
        "text": "lastima que no tiene chat en linea",
        "user": "UK28N3CER",
        "ts": "1589301979.096700",
        "team": "TJH5YU202",
        "user_team": "TJH5YU202",
        "source_team": "TJH5YU202",
        "user_profile": {
            "avatar_hash": "0eafa7153ff3",
            "image_72": "https:\/\/avatars.slack-edge.com\/2020-05-18\/1155120542496_0eafa7153ff35206c804_72.jpg",
            "first_name": "Cesar",
            "real_name": "Cesar SysCtrl Software",
            "display_name": "Cesar SysCtrl Software",
            "team": "TJH5YU202",
            "name": "sysctrlsoftware",
            "is_restricted": false,
            "is_ultra_restricted": false
        },
        "blocks": [
            {
                "type": "rich_text",
                "block_id": "+USi",
                "elements": [
                    {
                        "type": "rich_text_section",
                        "elements": [
                            {
                                "type": "text",
                                "text": "lastima que no tiene chat en linea"
                            }
                        ]
                    }
                ]
            }
        ]
    },
    {
        "client_msg_id": "af7ac9af-fa71-4bcd-8a11-ee4d3e399628",
        "type": "message",
        "text": ":face_with_monocle:",
        "user": "UM81W8B0Q",
        "ts": "1589312552.097200",
        "team": "TJH5YU202",
        "user_team": "TJH5YU202",
        "source_team": "TJH5YU202",
        "user_profile": {
            "avatar_hash": "gab9279ee8c0",
            "image_72": "https:\/\/secure.gravatar.com\/avatar\/73ab9279ee8c00f66ce4904d30146c8f.jpg?s=72&d=https%3A%2F%2Fa.slack-edge.com%2Fdf10d%2Fimg%2Favatars%2Fava_0010-72.png",
            "first_name": "",
            "real_name": "Angel Pais",
            "display_name": "Angel Pais",
            "team": "TJH5YU202",
            "name": "amigosam",
            "is_restricted": false,
            "is_ultra_restricted": false
        },
        "blocks": [
            {
                "type": "rich_text",
                "block_id": "lmLF",
                "elements": [
                    {
                        "type": "rich_text_section",
                        "elements": [
                            {
                                "type": "emoji",
                                "name": "face_with_monocle"
                            }
                        ]
                    }
                ]
            }
        ]
    },
    {
        "client_msg_id": "9eafc75d-2dd9-4c40-b9e7-1328e3e9407e",
        "type": "message",
        "text": "Hola estoy intentando hechar andar seamap-3 del github de carles y me manda el siguiente mensaje\n<http:\/\/127.0.0.1:8080\/seamap-3\/autenticate>\nNot Found\nThe requested URL was not found on this server.\nAlguien que me pueda dar una luz que me hace falta\nTrate de exponerlo en el foro pero no me permite registrarme sin la autorizacion del administrador..",
        "user": "UJU5KF40L",
        "ts": "1589314205.098900",
        "team": "TJH5YU202",
        "user_team": "TJH5YU202",
        "source_team": "TJH5YU202",
        "user_profile": {
            "avatar_hash": "g4ed10b5a0fa",
            "image_72": "https:\/\/secure.gravatar.com\/avatar\/7d4ed10b5a0fad78716e154511597ff9.jpg?s=72&d=https%3A%2F%2Fa.slack-edge.com%2Fdf10d%2Fimg%2Favatars%2Fava_0021-72.png",
            "first_name": "Gabriel",
            "real_name": "Gabriel Ornelas",
            "display_name": "GabO",
            "team": "TJH5YU202",
            "name": "gabrielornelasm",
            "is_restricted": false,
            "is_ultra_restricted": false
        },
        "blocks": [
            {
                "type": "rich_text",
                "block_id": "U+B8",
                "elements": [
                    {
                        "type": "rich_text_section",
                        "elements": [
                            {
                                "type": "text",
                                "text": "Hola estoy intentando hechar andar seamap-3 del github de carles y me manda el siguiente mensaje\n"
                            },
                            {
                                "type": "link",
                                "url": "http:\/\/127.0.0.1:8080\/seamap-3\/autenticate"
                            },
                            {
                                "type": "text",
                                "text": "\nNot Found\nThe requested URL was not found on this server.\nAlguien que me pueda dar una luz que me hace falta\nTrate de exponerlo en el foro pero no me permite registrarme sin la autorizacion del administrador.."
                            }
                        ]
                    }
                ]
            }
        ]
    },
    {
        "client_msg_id": "2bf345fc-44d1-4779-91ba-c757322a7073",
        "type": "message",
        "text": "<@UJU5KF40L> ¿Has instalado correctamente Apache???  ¿te funciona cuando en el navegador llamas a localhost???",
        "user": "UJU3NMK0U",
        "ts": "1589316341.100000",
        "team": "TJH5YU202",
        "user_team": "TJH5YU202",
        "source_team": "TJH5YU202",
        "user_profile": {
            "avatar_hash": "48f1b9655122",
            "image_72": "https:\/\/avatars.slack-edge.com\/2019-05-20\/640143784356_48f1b96551220d9fdd4d_72.jpg",
            "first_name": "Xevi",
            "real_name": "Xevi",
            "display_name": "Xevi",
            "team": "TJH5YU202",
            "name": "xevicomas",
            "is_restricted": false,
            "is_ultra_restricted": false
        },
        "blocks": [
            {
                "type": "rich_text",
                "block_id": "Kjg",
                "elements": [
                    {
                        "type": "rich_text_section",
                        "elements": [
                            {
                                "type": "user",
                                "user_id": "UJU5KF40L"
                            },
                            {
                                "type": "text",
                                "text": " ¿Has instalado correctamente Apache???  ¿te funciona cuando en el navegador llamas a localhost???"
                            }
                        ]
                    }
                ]
            }
        ]
    },
    {
        "client_msg_id": "38923d3c-9542-4070-b348-08bbcb798361",
        "type": "message",
        "text": "Luego... si te funciona, en el navegador, apunta a <http:\/\/localhost\/seamap-3> y te va a redireccionar a <http:\/\/localhost\/seamap-3\/autenticate> automáticamente.",
        "user": "UJU3NMK0U",
        "ts": "1589316479.100800",
        "team": "TJH5YU202",
        "user_team": "TJH5YU202",
        "source_team": "TJH5YU202",
        "user_profile": {
            "avatar_hash": "48f1b9655122",
            "image_72": "https:\/\/avatars.slack-edge.com\/2019-05-20\/640143784356_48f1b96551220d9fdd4d_72.jpg",
            "first_name": "Xevi",
            "real_name": "Xevi",
            "display_name": "Xevi",
            "team": "TJH5YU202",
            "name": "xevicomas",
            "is_restricted": false,
            "is_ultra_restricted": false
        },
        "blocks": [
            {
                "type": "rich_text",
                "block_id": "IXjQq",
                "elements": [
                    {
                        "type": "rich_text_section",
                        "elements": [
                            {
                                "type": "text",
                                "text": "Luego... si te funciona, en el navegador, apunta a "
                            },
                            {
                                "type": "link",
                                "url": "http:\/\/localhost\/seamap-3"
                            },
                            {
                                "type": "text",
                                "text": " y te va a redireccionar a "
                            },
                            {
                                "type": "link",
                                "url": "http:\/\/localhost\/seamap-3\/autenticate"
                            },
                            {
                                "type": "text",
                                "text": " automáticamente."
                            }
                        ]
                    }
                ]
            }
        ]
    },
    {
        "client_msg_id": "e2d3b69a-e085-4ae5-baba-6917acb93913",
        "type": "message",
        "text": "Ya tenemos GIFs animados desde el instalador :+1:",
        "user": "UJN8D8U3B",
        "ts": "1589316590.101900",
        "team": "TJH5YU202",
        "user_team": "TJH5YU202",
        "source_team": "TJH5YU202",
        "user_profile": {
            "avatar_hash": "g92ad2abcc45",
            "image_72": "https:\/\/secure.gravatar.com\/avatar\/8492ad2abcc45ce53969adcf8420acde.jpg?s=72&d=https%3A%2F%2Fa.slack-edge.com%2Fdf10d%2Fimg%2Favatars%2Fava_0008-72.png",
            "first_name": "",
            "real_name": "Antonio Linares",
            "display_name": "Antonio Linares",
            "team": "TJH5YU202",
            "name": "alinares",
            "is_restricted": false,
            "is_ultra_restricted": false
        },
        "edited": {
            "user": "UJN8D8U3B",
            "ts": "1589317001.000000"
        },
        "blocks": [
            {
                "type": "rich_text",
                "block_id": "huRlh",
                "elements": [
                    {
                        "type": "rich_text_section",
                        "elements": [
                            {
                                "type": "text",
                                "text": "Ya tenemos GIFs animados desde el instalador "
                            },
                            {
                                "type": "emoji",
                                "name": "+1"
                            }
                        ]
                    }
                ]
            }
        ]
    },
    {
        "client_msg_id": "c75b26c3-457b-4fe6-986e-7d8346e8e0a9",
        "type": "message",
        "text": "<https:\/\/github.com\/FiveTechSoft\/mod_harbour\/suites\/676349120\/artifacts\/6173843>",
        "user": "UJN8D8U3B",
        "ts": "1589316593.102200",
        "team": "TJH5YU202",
        "user_team": "TJH5YU202",
        "source_team": "TJH5YU202",
        "user_profile": {
            "avatar_hash": "g92ad2abcc45",
            "image_72": "https:\/\/secure.gravatar.com\/avatar\/8492ad2abcc45ce53969adcf8420acde.jpg?s=72&d=https%3A%2F%2Fa.slack-edge.com%2Fdf10d%2Fimg%2Favatars%2Fava_0008-72.png",
            "first_name": "",
            "real_name": "Antonio Linares",
            "display_name": "Antonio Linares",
            "team": "TJH5YU202",
            "name": "alinares",
            "is_restricted": false,
            "is_ultra_restricted": false
        },
        "blocks": [
            {
                "type": "rich_text",
                "block_id": "DZB7",
                "elements": [
                    {
                        "type": "rich_text_section",
                        "elements": [
                            {
                                "type": "link",
                                "url": "https:\/\/github.com\/FiveTechSoft\/mod_harbour\/suites\/676349120\/artifacts\/6173843"
                            }
                        ]
                    }
                ]
            }
        ]
    },
    {
        "client_msg_id": "6e8e5a30-395a-4320-8cd8-4896dacbeef3",
        "type": "message",
        "text": "a mi <http:\/\/127.0.0.1:8080\/seamap-3> tampoco me funciona... si no vas por localhost, debes de ir por <http:\/\/127.0.0.1\/seamap-3> que es lo mismo",
        "user": "UJU3NMK0U",
        "ts": "1589316611.102700",
        "team": "TJH5YU202",
        "user_team": "TJH5YU202",
        "source_team": "TJH5YU202",
        "user_profile": {
            "avatar_hash": "48f1b9655122",
            "image_72": "https:\/\/avatars.slack-edge.com\/2019-05-20\/640143784356_48f1b96551220d9fdd4d_72.jpg",
            "first_name": "Xevi",
            "real_name": "Xevi",
            "display_name": "Xevi",
            "team": "TJH5YU202",
            "name": "xevicomas",
            "is_restricted": false,
            "is_ultra_restricted": false
        },
        "blocks": [
            {
                "type": "rich_text",
                "block_id": "owKm",
                "elements": [
                    {
                        "type": "rich_text_section",
                        "elements": [
                            {
                                "type": "text",
                                "text": "a mi "
                            },
                            {
                                "type": "text",
                                "text": "http:\/\/127.0.0.1:8080\/seamap-3 tampoco me funciona... si no vas por localhost, debes de ir por ",
                                "style": {
                                    "unlink": true
                                }
                            },
                            {
                                "type": "link",
                                "url": "http:\/\/127.0.0.1\/seamap-3"
                            },
                            {
                                "type": "text",
                                "text": " que es lo mismo"
                            }
                        ]
                    }
                ]
            }
        ]
    },
    {
        "client_msg_id": "b3a83ffe-696b-4031-833d-507ed2e842a1",
        "type": "message",
        "text": "Ojo, que este copia Apache ya a c:\\temp\\Apache24",
        "user": "UJN8D8U3B",
        "ts": "1589316628.102900",
        "team": "TJH5YU202",
        "user_team": "TJH5YU202",
        "source_team": "TJH5YU202",
        "user_profile": {
            "avatar_hash": "g92ad2abcc45",
            "image_72": "https:\/\/secure.gravatar.com\/avatar\/8492ad2abcc45ce53969adcf8420acde.jpg?s=72&d=https%3A%2F%2Fa.slack-edge.com%2Fdf10d%2Fimg%2Favatars%2Fava_0008-72.png",
            "first_name": "",
            "real_name": "Antonio Linares",
            "display_name": "Antonio Linares",
            "team": "TJH5YU202",
            "name": "alinares",
            "is_restricted": false,
            "is_ultra_restricted": false
        },
        "blocks": [
            {
                "type": "rich_text",
                "block_id": "HH+",
                "elements": [
                    {
                        "type": "rich_text_section",
                        "elements": [
                            {
                                "type": "text",
                                "text": "Ojo, que este copia Apache ya a c:\\temp\\Apache24"
                            }
                        ]
                    }
                ]
            }
        ]
    },
    {
        "client_msg_id": "4bc6d0e8-e808-4b51-8463-4ee9a9d5f405",
        "type": "message",
        "text": "de prueba, de momento :wink:",
        "user": "UJN8D8U3B",
        "ts": "1589316704.103200",
        "team": "TJH5YU202",
        "user_team": "TJH5YU202",
        "source_team": "TJH5YU202",
        "user_profile": {
            "avatar_hash": "g92ad2abcc45",
            "image_72": "https:\/\/secure.gravatar.com\/avatar\/8492ad2abcc45ce53969adcf8420acde.jpg?s=72&d=https%3A%2F%2Fa.slack-edge.com%2Fdf10d%2Fimg%2Favatars%2Fava_0008-72.png",
            "first_name": "",
            "real_name": "Antonio Linares",
            "display_name": "Antonio Linares",
            "team": "TJH5YU202",
            "name": "alinares",
            "is_restricted": false,
            "is_ultra_restricted": false
        },
        "blocks": [
            {
                "type": "rich_text",
                "block_id": "wfPa",
                "elements": [
                    {
                        "type": "rich_text_section",
                        "elements": [
                            {
                                "type": "text",
                                "text": "de prueba, de momento "
                            },
                            {
                                "type": "emoji",
                                "name": "wink"
                            }
                        ]
                    }
                ]
            }
        ]
    },
    {
        "client_msg_id": "4afa0898-51c5-421a-8154-d0edb58bdd7e",
        "type": "message",
        "text": "&gt; a mi <http:\/\/127.0.0.1:8080\/seamap-3> tampoco me funciona... si no vas por localhost, debes de ir por <http:\/\/127.0.0.1\/seamap-3> que es lo mismo\n127.0.0.1 es lo mismo que 127.0.0.1:80, no 127.0.0.1:8080",
        "user": "UNAHBRTFA",
        "ts": "1589321319.103900",
        "team": "TJH5YU202",
        "user_team": "TJH5YU202",
        "source_team": "TJH5YU202",
        "user_profile": {
            "avatar_hash": "g3d2a3f4c28c",
            "image_72": "https:\/\/secure.gravatar.com\/avatar\/23d2a3f4c28cebb4cf07e48d02620517.jpg?s=72&d=https%3A%2F%2Fa.slack-edge.com%2Fdf10d%2Fimg%2Favatars%2Fava_0020-72.png",
            "first_name": "Andreu",
            "real_name": "Andreu Botella",
            "display_name": "Andreu Botella",
            "team": "TJH5YU202",
            "name": "andreu.132",
            "is_restricted": false,
            "is_ultra_restricted": false
        },
        "blocks": [
            {
                "type": "rich_text",
                "block_id": "9Nz",
                "elements": [
                    {
                        "type": "rich_text_quote",
                        "elements": [
                            {
                                "type": "text",
                                "text": "a mi "
                            },
                            {
                                "type": "link",
                                "url": "http:\/\/127.0.0.1:8080\/seamap-3"
                            },
                            {
                                "type": "text",
                                "text": " tampoco me funciona... si no vas por localhost, debes de ir por "
                            },
                            {
                                "type": "link",
                                "url": "http:\/\/127.0.0.1\/seamap-3"
                            },
                            {
                                "type": "text",
                                "text": " que es lo mismo"
                            }
                        ]
                    },
                    {
                        "type": "rich_text_section",
                        "elements": [
                            {
                                "type": "text",
                                "text": "127.0.0.1 es lo mismo que 127.0.0.1:80, no 127.0.0.1:8080"
                            }
                        ]
                    }
                ]
            }
        ]
    },
    {
        "client_msg_id": "9e824730-4432-4781-acab-94f5269c9730",
        "type": "message",
        "text": "```\/*\n\n   harbour ubicado en\n   \/home\/usr\/harbour\n\n\n    este ejemplo esta funcionando en linux de 64 bits\n    de los servidores xbhosts\n    Linux 5.3.13-1-pve x86_64\n    GNU C 8.3 (64-bit)\n\n    actualizar harbour\n    cd \/home\/usr\/harbour\n    sudo git pull\n    bajar la libreria hbssl desde internet\n    con comando dado por Antonio Linares\n\n    sudo apt install libcurl4-openssl-dev libssl-dev\n\n    luego recostruir harbour la carga automaticamente\n    cd \/home\/usr\/harbour\n    sudo make\n\n    compilar\n    .\/harbour\/bin\/linux\/gcc\/hbmk2 email_linux.prg hbssl.hbc hbtip.hbc\n\n*\/\n\n#require \"hbssl\"\n#require \"hbtip\"\n\n#if ! defined( __HBSCRIPT__HBSHELL )\n    REQUEST __HBEXTERN__HBSSL__\n#endif\n\n\n#ifndef _SIMPLEIO_CH\n#define _SIMPLEIO_CH\n\n#command ?  [ &lt;xList,...&gt; ] =&gt; ( OutStd( hb_eol() ) [, OutStd( &lt;xList&gt; ) ] )\n#command ?? [ &lt;xList,...&gt; ] =&gt; OutStd( &lt;xList&gt; )\n\n#command ACCEPT TO &lt;idVar&gt; =&gt; &lt;idVar&gt; := StrTran( FReadStr( hb_GetStdIn(), 256 ), hb_eol() )\n#command ACCEPT &lt;cPrompt&gt; TO &lt;idVar&gt; =&gt; ? &lt;cPrompt&gt; ; ACCEPT TO &lt;idVar&gt;\n\n#endif\n\nfunction main()\n\n    local cFrom := <mailto:'ctamail@gmail.com|'ctamail@gmail.com>'\n    local cPassword := 'xxyyzz'\n    local cTo       := <mailto:'abcd@gmail.com|'abcd@gmail.com>'\n    local cHost     := 'localhost'\n    local cAdjunto  := '.\/mailtip.prg'\n\n    _Main( cFrom, cPassword, cTo, cHost, cAdjunto )\n\nreturn nil\n\nPROCEDURE _Main( cFrom, cPassword, cTo, cHost, cAdjunto )\n\n   LOCAL nPort\n   LOCAL lSTARTTLS := .F.\n\n   IF ! tip_SSL()\n      ? \"Error: Requires SSL support\"\n      RETURN\n   ENDIF\n\n   hb_default( @cFrom    , \"&lt;<mailto:from@example.net|from@example.net>&gt;\" )\n   hb_default( @cPassword, \"password\" )\n   hb_default( @cTo      , \"<mailto:to@example.com|to@example.com>\" )\n   hb_default( @cHost    , \"localhost\" )\n\n   cHost := Lower( cHost )\n\n   \/* SMTPS works with SSL\/TLS on port 465 and with STARTTLS\n      on port 587. STARTTLS mode is fully automatic and requires\n      SSL\/TLS be disabled at first (it will be activated on\n      request after STARTTLS command) *\/\n\n   DO CASE\n   CASE cHost == \"apple\" .OR. \"@icloud.com\" $ cFrom .OR. \"@mac.com\" $ cFrom .OR. \"@me.com\" $ cFrom\n      cHost := \"<http:\/\/smtp.mail.me.com|smtp.mail.me.com>\"; lSTARTTLS := .T.\n   CASE cHost == \"fastmail\" .OR. \"@fastmail.com\" $ cFrom .OR. \"@fastmail.fm\" $ cFrom\n      cHost := \"<http:\/\/smtp.fastmail.com|smtp.fastmail.com>\"\n   CASE cHost == \"<http:\/\/gmx.net|gmx.net>\" .OR. \"@gmx.net\" $ cFrom .OR. \"@gmx.ch\" $ cFrom .OR. \"@gmx.de\" $ cFrom\n      cHost := \"<http:\/\/mail.gmx.net|mail.gmx.net>\"; lSTARTTLS := .T.\n   CASE cHost == \"google\" .OR. \"@gmail.com\" $ cFrom .OR. \"@googlemail.com\" $ cFrom\n      cHost := \"<http:\/\/smtp.gmail.com|smtp.gmail.com>\"\n   CASE cHost == \"<http:\/\/mail.ru|mail.ru>\" .OR. \"@mail.ru\" $ cFrom\n      cHost := \"<http:\/\/smtp.mail.ru|smtp.mail.ru>\"\n   CASE cHost == \"netease\" .OR. \"@163.com\" $ cFrom\n      cHost := \"<http:\/\/smtp.163.com|smtp.163.com>\"\n   CASE cHost == \"office365\"\n      cHost := \"<http:\/\/smtp.office365.com|smtp.office365.com>\"; lSTARTTLS := .T.\n   CASE cHost == \"outlook\" .OR. \"@outlook.com\" $ cFrom .OR. \"@hotmail.com\" $ cFrom\n      cHost := \"<http:\/\/smtp-mail.outlook.com|smtp-mail.outlook.com>\"; lSTARTTLS := .T.\n   CASE cHost == \"sina\" .OR. \"@sina.com\" $ cFrom\n      cHost := \"<http:\/\/smtp.vip.sina.com|smtp.vip.sina.com>\"\n   CASE cHost == \"uol\" .OR. \"@uol.com.br\" $ cFrom\n      cHost := \"<http:\/\/smtps.uol.com.br|smtps.uol.com.br>\"\n   CASE cHost == \"yahoo\" .OR. \"@yahoo.com\" $ cFrom\n      cHost := \"<http:\/\/smtp.mail.yahoo.com|smtp.mail.yahoo.com>\"\n   CASE \":\" $ cHost\n      IF TUrl():New( cHost ):nPort != -1\n         nPort := TUrl():New( cHost ):nPort\n      ENDIF\n      lSTARTTLS := ( nPort == 587 )\n      cHost := TUrl():New( cHost ):cServer\n   ENDCASE\n\n   hb_default( @nPort, iif( lSTARTTLS, 587, 465 ) )\n\n   ? \"Host:\", cHost, hb_ntos( nPort ), iif( lSTARTTLS, \"(STARTTLS)\", \"\" )\n\n   ? tip_MailSend( ;\n      cHost, ;\n      nPort, ;\n      cFrom, ;\n      cTo, ;\n      NIL \/* CC *\/, ;\n      {} \/* BCC *\/, ;\n      \"test: body\", ;\n      \"test: subject\", ;\n      {cAdjunto} \/* attachment *\/, ;\n      cFrom, ;\n      cPassword, ;\n      \"\", ;\n      NIL \/* nPriority *\/, ;\n      NIL \/* lRead *\/, ;\n      .f. \/* lTrace *\/, ;\n      .F., ;\n      NIL \/* lNoAuth *\/, ;\n      NIL \/* nTimeOut *\/, ;\n      NIL \/* cReplyTo *\/, ;\n      nPort == 465 )\n\n   RETURN```",
        "user": "UJXP7LS78",
        "ts": "1589322754.104000",
        "team": "TJH5YU202",
        "user_team": "TJH5YU202",
        "source_team": "TJH5YU202",
        "user_profile": {
            "avatar_hash": "gc4a0baebb72",
            "image_72": "https:\/\/secure.gravatar.com\/avatar\/a1c4a0baebb720b97e5a197259dbf409.jpg?s=72&d=https%3A%2F%2Fa.slack-edge.com%2Fdf10d%2Fimg%2Favatars%2Fava_0007-72.png",
            "first_name": "",
            "real_name": "wilson gamboa",
            "display_name": "wilson gamboa",
            "team": "TJH5YU202",
            "name": "wilson.josenet",
            "is_restricted": false,
            "is_ultra_restricted": false
        },
        "blocks": [
            {
                "type": "rich_text",
                "block_id": "awyh",
                "elements": [
                    {
                        "type": "rich_text_preformatted",
                        "elements": [
                            {
                                "type": "text",
                                "text": "\/*\n\n   harbour ubicado en\n   \/home\/usr\/harbour\n\n\n    este ejemplo esta funcionando en linux de 64 bits\n    de los servidores xbhosts\n    Linux 5.3.13-1-pve x86_64\n    GNU C 8.3 (64-bit)\n\n    actualizar harbour\n    cd \/home\/usr\/harbour\n    sudo git pull\n    bajar la libreria hbssl desde internet\n    con comando dado por Antonio Linares\n\n    sudo apt install libcurl4-openssl-dev libssl-dev\n\n    luego recostruir harbour la carga automaticamente\n    cd \/home\/usr\/harbour\n    sudo make\n\n    compilar\n    .\/harbour\/bin\/linux\/gcc\/hbmk2 email_linux.prg hbssl.hbc hbtip.hbc\n\n*\/\n\n#require \"hbssl\"\n#require \"hbtip\"\n\n#if ! defined( __HBSCRIPT__HBSHELL )\n    REQUEST __HBEXTERN__HBSSL__\n#endif\n\n\n#ifndef _SIMPLEIO_CH\n#define _SIMPLEIO_CH\n\n#command ?  [ <xList,...> ] => ( OutStd( hb_eol() ) [, OutStd( <xList> ) ] )\n#command ?? [ <xList,...> ] => OutStd( <xList> )\n\n#command ACCEPT TO <idVar> => <idVar> := StrTran( FReadStr( hb_GetStdIn(), 256 ), hb_eol() )\n#command ACCEPT <cPrompt> TO <idVar> => ? <cPrompt> ; ACCEPT TO <idVar>\n\n#endif\n\nfunction main()\n\n    local cFrom := "
                            },
                            {
                                "type": "link",
                                "url": "mailto:'ctamail@gmail.com",
                                "text": "'ctamail@gmail.com"
                            },
                            {
                                "type": "text",
                                "text": "'\n    local cPassword := 'xxyyzz'\n    local cTo       := "
                            },
                            {
                                "type": "link",
                                "url": "mailto:'abcd@gmail.com",
                                "text": "'abcd@gmail.com"
                            },
                            {
                                "type": "text",
                                "text": "'\n    local cHost     := 'localhost'\n    local cAdjunto  := '.\/mailtip.prg'\n\n    _Main( cFrom, cPassword, cTo, cHost, cAdjunto )\n\nreturn nil\n\nPROCEDURE _Main( cFrom, cPassword, cTo, cHost, cAdjunto )\n\n   LOCAL nPort\n   LOCAL lSTARTTLS := .F.\n\n   IF ! tip_SSL()\n      ? \"Error: Requires SSL support\"\n      RETURN\n   ENDIF\n\n   hb_default( @cFrom    , \"<"
                            },
                            {
                                "type": "link",
                                "url": "mailto:from@example.net",
                                "text": "from@example.net"
                            },
                            {
                                "type": "text",
                                "text": ">\" )\n   hb_default( @cPassword, \"password\" )\n   hb_default( @cTo      , \""
                            },
                            {
                                "type": "link",
                                "url": "mailto:to@example.com",
                                "text": "to@example.com"
                            },
                            {
                                "type": "text",
                                "text": "\" )\n   hb_default( @cHost    , \"localhost\" )\n\n   cHost := Lower( cHost )\n\n   \/* SMTPS works with SSL\/TLS on port 465 and with STARTTLS\n      on port 587. STARTTLS mode is fully automatic and requires\n      SSL\/TLS be disabled at first (it will be activated on\n      request after STARTTLS command) *\/\n\n   DO CASE\n   CASE cHost == \"apple\" .OR. \"@icloud.com\" $ cFrom .OR. \"@mac.com\" $ cFrom .OR. \"@me.com\" $ cFrom\n      cHost := \""
                            },
                            {
                                "type": "link",
                                "url": "http:\/\/smtp.mail.me.com",
                                "text": "smtp.mail.me.com"
                            },
                            {
                                "type": "text",
                                "text": "\"; lSTARTTLS := .T.\n   CASE cHost == \"fastmail\" .OR. \"@fastmail.com\" $ cFrom .OR. \"@fastmail.fm\" $ cFrom\n      cHost := \""
                            },
                            {
                                "type": "link",
                                "url": "http:\/\/smtp.fastmail.com",
                                "text": "smtp.fastmail.com"
                            },
                            {
                                "type": "text",
                                "text": "\"\n   CASE cHost == \""
                            },
                            {
                                "type": "link",
                                "url": "http:\/\/gmx.net",
                                "text": "gmx.net"
                            },
                            {
                                "type": "text",
                                "text": "\" .OR. \"@gmx.net\" $ cFrom .OR. \"@gmx.ch\" $ cFrom .OR. \"@gmx.de\" $ cFrom\n      cHost := \""
                            },
                            {
                                "type": "link",
                                "url": "http:\/\/mail.gmx.net",
                                "text": "mail.gmx.net"
                            },
                            {
                                "type": "text",
                                "text": "\"; lSTARTTLS := .T.\n   CASE cHost == \"google\" .OR. \"@gmail.com\" $ cFrom .OR. \"@googlemail.com\" $ cFrom\n      cHost := \""
                            },
                            {
                                "type": "link",
                                "url": "http:\/\/smtp.gmail.com",
                                "text": "smtp.gmail.com"
                            },
                            {
                                "type": "text",
                                "text": "\"\n   CASE cHost == \""
                            },
                            {
                                "type": "link",
                                "url": "http:\/\/mail.ru",
                                "text": "mail.ru"
                            },
                            {
                                "type": "text",
                                "text": "\" .OR. \"@mail.ru\" $ cFrom\n      cHost := \""
                            },
                            {
                                "type": "link",
                                "url": "http:\/\/smtp.mail.ru",
                                "text": "smtp.mail.ru"
                            },
                            {
                                "type": "text",
                                "text": "\"\n   CASE cHost == \"netease\" .OR. \"@163.com\" $ cFrom\n      cHost := \""
                            },
                            {
                                "type": "link",
                                "url": "http:\/\/smtp.163.com",
                                "text": "smtp.163.com"
                            },
                            {
                                "type": "text",
                                "text": "\"\n   CASE cHost == \"office365\"\n      cHost := \""
                            },
                            {
                                "type": "link",
                                "url": "http:\/\/smtp.office365.com",
                                "text": "smtp.office365.com"
                            },
                            {
                                "type": "text",
                                "text": "\"; lSTARTTLS := .T.\n   CASE cHost == \"outlook\" .OR. \"@outlook.com\" $ cFrom .OR. \"@hotmail.com\" $ cFrom\n      cHost := \""
                            },
                            {
                                "type": "link",
                                "url": "http:\/\/smtp-mail.outlook.com",
                                "text": "smtp-mail.outlook.com"
                            },
                            {
                                "type": "text",
                                "text": "\"; lSTARTTLS := .T.\n   CASE cHost == \"sina\" .OR. \"@sina.com\" $ cFrom\n      cHost := \""
                            },
                            {
                                "type": "link",
                                "url": "http:\/\/smtp.vip.sina.com",
                                "text": "smtp.vip.sina.com"
                            },
                            {
                                "type": "text",
                                "text": "\"\n   CASE cHost == \"uol\" .OR. \"@uol.com.br\" $ cFrom\n      cHost := \""
                            },
                            {
                                "type": "link",
                                "url": "http:\/\/smtps.uol.com.br",
                                "text": "smtps.uol.com.br"
                            },
                            {
                                "type": "text",
                                "text": "\"\n   CASE cHost == \"yahoo\" .OR. \"@yahoo.com\" $ cFrom\n      cHost := \""
                            },
                            {
                                "type": "link",
                                "url": "http:\/\/smtp.mail.yahoo.com",
                                "text": "smtp.mail.yahoo.com"
                            },
                            {
                                "type": "text",
                                "text": "\"\n   CASE \":\" $ cHost\n      IF TUrl():New( cHost ):nPort != -1\n         nPort := TUrl():New( cHost ):nPort\n      ENDIF\n      lSTARTTLS := ( nPort == 587 )\n      cHost := TUrl():New( cHost ):cServer\n   ENDCASE\n\n   hb_default( @nPort, iif( lSTARTTLS, 587, 465 ) )\n\n   ? \"Host:\", cHost, hb_ntos( nPort ), iif( lSTARTTLS, \"(STARTTLS)\", \"\" )\n\n   ? tip_MailSend( ;\n      cHost, ;\n      nPort, ;\n      cFrom, ;\n      cTo, ;\n      NIL \/* CC *\/, ;\n      {} \/* BCC *\/, ;\n      \"test: body\", ;\n      \"test: subject\", ;\n      {cAdjunto} \/* attachment *\/, ;\n      cFrom, ;\n      cPassword, ;\n      \"\", ;\n      NIL \/* nPriority *\/, ;\n      NIL \/* lRead *\/, ;\n      .f. \/* lTrace *\/, ;\n      .F., ;\n      NIL \/* lNoAuth *\/, ;\n      NIL \/* nTimeOut *\/, ;\n      NIL \/* cReplyTo *\/, ;\n      nPort == 465 )\n\n   RETURN"
                            }
                        ]
                    }
                ]
            }
        ]
    },
    {
        "client_msg_id": "9e824730-4432-4781-acab-94f5269c9730",
        "type": "message",
        "text": "",
        "user": "UJXP7LS78",
        "ts": "1589322754.104100",
        "team": "TJH5YU202",
        "user_team": "TJH5YU202",
        "source_team": "TJH5YU202",
        "user_profile": {
            "avatar_hash": "gc4a0baebb72",
            "image_72": "https:\/\/secure.gravatar.com\/avatar\/a1c4a0baebb720b97e5a197259dbf409.jpg?s=72&d=https%3A%2F%2Fa.slack-edge.com%2Fdf10d%2Fimg%2Favatars%2Fava_0007-72.png",
            "first_name": "",
            "real_name": "wilson gamboa",
            "display_name": "wilson gamboa",
            "team": "TJH5YU202",
            "name": "wilson.josenet",
            "is_restricted": false,
            "is_ultra_restricted": false
        },
        "blocks": [
            {
                "type": "rich_text",
                "block_id": "awyh-b85O0",
                "elements": [
                    {
                        "type": "rich_text_section",
                        "elements": []
                    }
                ]
            }
        ]
    },
    {
        "client_msg_id": "75bcdf13-ea48-4be6-8a75-c61a44a67811",
        "type": "message",
        "text": "Mi estimado Wilson, y con esto ya forma parte del modharbour ?",
        "user": "UJUSD6VB2",
        "ts": "1589324322.104400",
        "team": "TJH5YU202",
        "user_team": "TJH5YU202",
        "source_team": "TJH5YU202",
        "user_profile": {
            "avatar_hash": "g1677a02d0b6",
            "image_72": "https:\/\/secure.gravatar.com\/avatar\/bb1677a02d0b69ba91eb245090c7c83a.jpg?s=72&d=https%3A%2F%2Fa.slack-edge.com%2Fdf10d%2Fimg%2Favatars%2Fava_0015-72.png",
            "first_name": "",
            "real_name": "Osvaldo Ramirez",
            "display_name": "Osvaldo Ramirez",
            "team": "TJH5YU202",
            "name": "ramirezosvaldo",
            "is_restricted": false,
            "is_ultra_restricted": false
        },
        "blocks": [
            {
                "type": "rich_text",
                "block_id": "ruq57",
                "elements": [
                    {
                        "type": "rich_text_section",
                        "elements": [
                            {
                                "type": "text",
                                "text": "Mi estimado Wilson, y con esto ya forma parte del modharbour ?"
                            }
                        ]
                    }
                ]
            }
        ]
    },
    {
        "client_msg_id": "f115745b-2494-41be-a388-ba48f2c24da9",
        "type": "message",
        "text": "Publicidad \"subliminal\" para mod_harbour que muchos van a ver :slightly_smiling_face:",
        "user": "UJN8D8U3B",
        "ts": "1589325427.105100",
        "team": "TJH5YU202",
        "user_team": "TJH5YU202",
        "source_team": "TJH5YU202",
        "user_profile": {
            "avatar_hash": "g92ad2abcc45",
            "image_72": "https:\/\/secure.gravatar.com\/avatar\/8492ad2abcc45ce53969adcf8420acde.jpg?s=72&d=https%3A%2F%2Fa.slack-edge.com%2Fdf10d%2Fimg%2Favatars%2Fava_0008-72.png",
            "first_name": "",
            "real_name": "Antonio Linares",
            "display_name": "Antonio Linares",
            "team": "TJH5YU202",
            "name": "alinares",
            "is_restricted": false,
            "is_ultra_restricted": false
        },
        "blocks": [
            {
                "type": "rich_text",
                "block_id": "TUJv5",
                "elements": [
                    {
                        "type": "rich_text_section",
                        "elements": [
                            {
                                "type": "text",
                                "text": "Publicidad \"subliminal\" para mod_harbour que muchos van a ver "
                            },
                            {
                                "type": "emoji",
                                "name": "slightly_smiling_face"
                            }
                        ]
                    }
                ]
            }
        ]
    },
    {
        "client_msg_id": "fb6e1add-30eb-47d1-8fa2-ce0c49bd6ff5",
        "type": "message",
        "text": "<https:\/\/stackoverflow.com\/questions\/61763574\/inno-setup-animated-gifs-using-gdi>",
        "user": "UJN8D8U3B",
        "ts": "1589325437.105300",
        "team": "TJH5YU202",
        "user_team": "TJH5YU202",
        "source_team": "TJH5YU202",
        "user_profile": {
            "avatar_hash": "g92ad2abcc45",
            "image_72": "https:\/\/secure.gravatar.com\/avatar\/8492ad2abcc45ce53969adcf8420acde.jpg?s=72&d=https%3A%2F%2Fa.slack-edge.com%2Fdf10d%2Fimg%2Favatars%2Fava_0008-72.png",
            "first_name": "",
            "real_name": "Antonio Linares",
            "display_name": "Antonio Linares",
            "team": "TJH5YU202",
            "name": "alinares",
            "is_restricted": false,
            "is_ultra_restricted": false
        },
        "attachments": [
            {
                "service_name": "Stack Overflow",
                "title": "Inno Setup animated GIFs using GDI+",
                "title_link": "https:\/\/stackoverflow.com\/questions\/61763574\/inno-setup-animated-gifs-using-gdi",
                "text": "Recently I had the need to display an animated GIF from InnoSetup so after searching for a way to do it, I decided to use Windows GDI+. I got it working and here I share it with you, because withou...",
                "fallback": "Stack Overflow: Inno Setup animated GIFs using GDI+",
                "thumb_url": "https:\/\/cdn.sstatic.net\/Sites\/stackoverflow\/Img\/apple-touch-icon@2.png?v=73d79a89bded",
                "from_url": "https:\/\/stackoverflow.com\/questions\/61763574\/inno-setup-animated-gifs-using-gdi",
                "thumb_width": 316,
                "thumb_height": 316,
                "service_icon": "https:\/\/cdn.sstatic.net\/Sites\/stackoverflow\/Img\/apple-touch-icon.png?v=c78bd457575a",
                "id": 1,
                "original_url": "https:\/\/stackoverflow.com\/questions\/61763574\/inno-setup-animated-gifs-using-gdi"
            }
        ],
        "blocks": [
            {
                "type": "rich_text",
                "block_id": "NdF",
                "elements": [
                    {
                        "type": "rich_text_section",
                        "elements": [
                            {
                                "type": "link",
                                "url": "https:\/\/stackoverflow.com\/questions\/61763574\/inno-setup-animated-gifs-using-gdi"
                            }
                        ]
                    }
                ]
            }
        ]
    },
    {
        "client_msg_id": "3bc0f081-dc7d-46d1-a318-0ff0982aaf87",
        "type": "message",
        "text": "Osvaldo",
        "user": "UJXP7LS78",
        "ts": "1589326262.105600",
        "team": "TJH5YU202",
        "user_team": "TJH5YU202",
        "source_team": "TJH5YU202",
        "user_profile": {
            "avatar_hash": "gc4a0baebb72",
            "image_72": "https:\/\/secure.gravatar.com\/avatar\/a1c4a0baebb720b97e5a197259dbf409.jpg?s=72&d=https%3A%2F%2Fa.slack-edge.com%2Fdf10d%2Fimg%2Favatars%2Fava_0007-72.png",
            "first_name": "",
            "real_name": "wilson gamboa",
            "display_name": "wilson gamboa",
            "team": "TJH5YU202",
            "name": "wilson.josenet",
            "is_restricted": false,
            "is_ultra_restricted": false
        },
        "blocks": [
            {
                "type": "rich_text",
                "block_id": "vfrDy",
                "elements": [
                    {
                        "type": "rich_text_section",
                        "elements": [
                            {
                                "type": "text",
                                "text": "Osvaldo"
                            }
                        ]
                    }
                ]
            }
        ]
    },
    {
        "client_msg_id": "f3c33e65-145a-495d-a132-580e4f6ab0d8",
        "type": "message",
        "text": "nop",
        "user": "UJXP7LS78",
        "ts": "1589326264.105800",
        "team": "TJH5YU202",
        "user_team": "TJH5YU202",
        "source_team": "TJH5YU202",
        "user_profile": {
            "avatar_hash": "gc4a0baebb72",
            "image_72": "https:\/\/secure.gravatar.com\/avatar\/a1c4a0baebb720b97e5a197259dbf409.jpg?s=72&d=https%3A%2F%2Fa.slack-edge.com%2Fdf10d%2Fimg%2Favatars%2Fava_0007-72.png",
            "first_name": "",
            "real_name": "wilson gamboa",
            "display_name": "wilson gamboa",
            "team": "TJH5YU202",
            "name": "wilson.josenet",
            "is_restricted": false,
            "is_ultra_restricted": false
        },
        "blocks": [
            {
                "type": "rich_text",
                "block_id": "CrJ",
                "elements": [
                    {
                        "type": "rich_text_section",
                        "elements": [
                            {
                                "type": "text",
                                "text": "nop"
                            }
                        ]
                    }
                ]
            }
        ]
    },
    {
        "client_msg_id": "8db811b7-6708-4a0f-ad9b-b7cc9a899de2",
        "type": "message",
        "text": "solo esta como un ejecutable",
        "user": "UJXP7LS78",
        "ts": "1589326270.106000",
        "team": "TJH5YU202",
        "user_team": "TJH5YU202",
        "source_team": "TJH5YU202",
        "user_profile": {
            "avatar_hash": "gc4a0baebb72",
            "image_72": "https:\/\/secure.gravatar.com\/avatar\/a1c4a0baebb720b97e5a197259dbf409.jpg?s=72&d=https%3A%2F%2Fa.slack-edge.com%2Fdf10d%2Fimg%2Favatars%2Fava_0007-72.png",
            "first_name": "",
            "real_name": "wilson gamboa",
            "display_name": "wilson gamboa",
            "team": "TJH5YU202",
            "name": "wilson.josenet",
            "is_restricted": false,
            "is_ultra_restricted": false
        },
        "blocks": [
            {
                "type": "rich_text",
                "block_id": "2Q7",
                "elements": [
                    {
                        "type": "rich_text_section",
                        "elements": [
                            {
                                "type": "text",
                                "text": "solo esta como un ejecutable"
                            }
                        ]
                    }
                ]
            }
        ]
    },
    {
        "client_msg_id": "e17a5951-41ae-4912-8a5b-c90175dbddee",
        "type": "message",
        "text": "me temo que para mod_harbour",
        "user": "UJXP7LS78",
        "ts": "1589326277.106400",
        "team": "TJH5YU202",
        "user_team": "TJH5YU202",
        "source_team": "TJH5YU202",
        "user_profile": {
            "avatar_hash": "gc4a0baebb72",
            "image_72": "https:\/\/secure.gravatar.com\/avatar\/a1c4a0baebb720b97e5a197259dbf409.jpg?s=72&d=https%3A%2F%2Fa.slack-edge.com%2Fdf10d%2Fimg%2Favatars%2Fava_0007-72.png",
            "first_name": "",
            "real_name": "wilson gamboa",
            "display_name": "wilson gamboa",
            "team": "TJH5YU202",
            "name": "wilson.josenet",
            "is_restricted": false,
            "is_ultra_restricted": false
        },
        "blocks": [
            {
                "type": "rich_text",
                "block_id": "uXs",
                "elements": [
                    {
                        "type": "rich_text_section",
                        "elements": [
                            {
                                "type": "text",
                                "text": "me temo que para mod_harbour"
                            }
                        ]
                    }
                ]
            }
        ]
    },
    {
        "client_msg_id": "1cb57530-237f-4d06-80b3-3c4f176d8962",
        "type": "message",
        "text": "tocara insertarle la hbssl",
        "user": "UJXP7LS78",
        "ts": "1589326289.106700",
        "team": "TJH5YU202",
        "user_team": "TJH5YU202",
        "source_team": "TJH5YU202",
        "user_profile": {
            "avatar_hash": "gc4a0baebb72",
            "image_72": "https:\/\/secure.gravatar.com\/avatar\/a1c4a0baebb720b97e5a197259dbf409.jpg?s=72&d=https%3A%2F%2Fa.slack-edge.com%2Fdf10d%2Fimg%2Favatars%2Fava_0007-72.png",
            "first_name": "",
            "real_name": "wilson gamboa",
            "display_name": "wilson gamboa",
            "team": "TJH5YU202",
            "name": "wilson.josenet",
            "is_restricted": false,
            "is_ultra_restricted": false
        },
        "blocks": [
            {
                "type": "rich_text",
                "block_id": "hf2A",
                "elements": [
                    {
                        "type": "rich_text_section",
                        "elements": [
                            {
                                "type": "text",
                                "text": "tocara insertarle la hbssl"
                            }
                        ]
                    }
                ]
            }
        ]
    },
    {
        "client_msg_id": "31d63b4e-7409-4331-ab40-7844c28e0f7f",
        "type": "message",
        "text": "en el .so",
        "user": "UJXP7LS78",
        "ts": "1589326293.106900",
        "team": "TJH5YU202",
        "user_team": "TJH5YU202",
        "source_team": "TJH5YU202",
        "user_profile": {
            "avatar_hash": "gc4a0baebb72",
            "image_72": "https:\/\/secure.gravatar.com\/avatar\/a1c4a0baebb720b97e5a197259dbf409.jpg?s=72&d=https%3A%2F%2Fa.slack-edge.com%2Fdf10d%2Fimg%2Favatars%2Fava_0007-72.png",
            "first_name": "",
            "real_name": "wilson gamboa",
            "display_name": "wilson gamboa",
            "team": "TJH5YU202",
            "name": "wilson.josenet",
            "is_restricted": false,
            "is_ultra_restricted": false
        },
        "blocks": [
            {
                "type": "rich_text",
                "block_id": "pu0",
                "elements": [
                    {
                        "type": "rich_text_section",
                        "elements": [
                            {
                                "type": "text",
                                "text": "en el .so"
                            }
                        ]
                    }
                ]
            }
        ]
    },
    {
        "client_msg_id": "cecad401-7544-4999-9c64-e2fe0e23384c",
        "type": "message",
        "text": "tarea que no se hacer",
        "user": "UJXP7LS78",
        "ts": "1589326299.107100",
        "team": "TJH5YU202",
        "user_team": "TJH5YU202",
        "source_team": "TJH5YU202",
        "user_profile": {
            "avatar_hash": "gc4a0baebb72",
            "image_72": "https:\/\/secure.gravatar.com\/avatar\/a1c4a0baebb720b97e5a197259dbf409.jpg?s=72&d=https%3A%2F%2Fa.slack-edge.com%2Fdf10d%2Fimg%2Favatars%2Fava_0007-72.png",
            "first_name": "",
            "real_name": "wilson gamboa",
            "display_name": "wilson gamboa",
            "team": "TJH5YU202",
            "name": "wilson.josenet",
            "is_restricted": false,
            "is_ultra_restricted": false
        },
        "blocks": [
            {
                "type": "rich_text",
                "block_id": "eRr4",
                "elements": [
                    {
                        "type": "rich_text_section",
                        "elements": [
                            {
                                "type": "text",
                                "text": "tarea que no se hacer"
                            }
                        ]
                    }
                ]
            }
        ]
    },
    {
        "client_msg_id": "081ef2bf-a88a-43e0-9389-d318dffcab79",
        "type": "message",
        "text": "Antonio Please habra la posibilidad que incluyan ssl en el .so de mod_harbour",
        "user": "UJXP7LS78",
        "ts": "1589326325.107700",
        "team": "TJH5YU202",
        "user_team": "TJH5YU202",
        "source_team": "TJH5YU202",
        "user_profile": {
            "avatar_hash": "gc4a0baebb72",
            "image_72": "https:\/\/secure.gravatar.com\/avatar\/a1c4a0baebb720b97e5a197259dbf409.jpg?s=72&d=https%3A%2F%2Fa.slack-edge.com%2Fdf10d%2Fimg%2Favatars%2Fava_0007-72.png",
            "first_name": "",
            "real_name": "wilson gamboa",
            "display_name": "wilson gamboa",
            "team": "TJH5YU202",
            "name": "wilson.josenet",
            "is_restricted": false,
            "is_ultra_restricted": false
        },
        "blocks": [
            {
                "type": "rich_text",
                "block_id": "aTe",
                "elements": [
                    {
                        "type": "rich_text_section",
                        "elements": [
                            {
                                "type": "text",
                                "text": "Antonio Please habra la posibilidad que incluyan ssl en el .so de mod_harbour"
                            }
                        ]
                    }
                ]
            }
        ]
    },
    {
        "client_msg_id": "5c62cd79-e33b-4d2e-9145-65f237a8475e",
        "type": "message",
        "text": "solo pregunto",
        "user": "UJXP7LS78",
        "ts": "1589326328.107900",
        "team": "TJH5YU202",
        "user_team": "TJH5YU202",
        "source_team": "TJH5YU202",
        "user_profile": {
            "avatar_hash": "gc4a0baebb72",
            "image_72": "https:\/\/secure.gravatar.com\/avatar\/a1c4a0baebb720b97e5a197259dbf409.jpg?s=72&d=https%3A%2F%2Fa.slack-edge.com%2Fdf10d%2Fimg%2Favatars%2Fava_0007-72.png",
            "first_name": "",
            "real_name": "wilson gamboa",
            "display_name": "wilson gamboa",
            "team": "TJH5YU202",
            "name": "wilson.josenet",
            "is_restricted": false,
            "is_ultra_restricted": false
        },
        "blocks": [
            {
                "type": "rich_text",
                "block_id": "Xxj",
                "elements": [
                    {
                        "type": "rich_text_section",
                        "elements": [
                            {
                                "type": "text",
                                "text": "solo pregunto"
                            }
                        ]
                    }
                ]
            }
        ]
    },
    {
        "client_msg_id": "5b8c51dd-4131-4ea7-96b9-e933a2a08a55",
        "type": "message",
        "text": "y creo que tambien la hbtip",
        "user": "UJXP7LS78",
        "ts": "1589326351.108200",
        "team": "TJH5YU202",
        "user_team": "TJH5YU202",
        "source_team": "TJH5YU202",
        "user_profile": {
            "avatar_hash": "gc4a0baebb72",
            "image_72": "https:\/\/secure.gravatar.com\/avatar\/a1c4a0baebb720b97e5a197259dbf409.jpg?s=72&d=https%3A%2F%2Fa.slack-edge.com%2Fdf10d%2Fimg%2Favatars%2Fava_0007-72.png",
            "first_name": "",
            "real_name": "wilson gamboa",
            "display_name": "wilson gamboa",
            "team": "TJH5YU202",
            "name": "wilson.josenet",
            "is_restricted": false,
            "is_ultra_restricted": false
        },
        "blocks": [
            {
                "type": "rich_text",
                "block_id": "6OR",
                "elements": [
                    {
                        "type": "rich_text_section",
                        "elements": [
                            {
                                "type": "text",
                                "text": "y creo que tambien la hbtip"
                            }
                        ]
                    }
                ]
            }
        ]
    },
    {
        "client_msg_id": "27ff981f-dee3-4ad8-9d8f-fd0f058719ba",
        "type": "message",
        "text": "ya me estaba ilusionando miren lo que encontre",
        "user": "UJXP7LS78",
        "ts": "1589327059.108600",
        "team": "TJH5YU202",
        "user_team": "TJH5YU202",
        "source_team": "TJH5YU202",
        "user_profile": {
            "avatar_hash": "gc4a0baebb72",
            "image_72": "https:\/\/secure.gravatar.com\/avatar\/a1c4a0baebb720b97e5a197259dbf409.jpg?s=72&d=https%3A%2F%2Fa.slack-edge.com%2Fdf10d%2Fimg%2Favatars%2Fava_0007-72.png",
            "first_name": "",
            "real_name": "wilson gamboa",
            "display_name": "wilson gamboa",
            "team": "TJH5YU202",
            "name": "wilson.josenet",
            "is_restricted": false,
            "is_ultra_restricted": false
        },
        "blocks": [
            {
                "type": "rich_text",
                "block_id": "vmQi",
                "elements": [
                    {
                        "type": "rich_text_section",
                        "elements": [
                            {
                                "type": "text",
                                "text": "ya me estaba ilusionando miren lo que encontre"
                            }
                        ]
                    }
                ]
            }
        ],
        "thread_ts": "1589327059.108600",
        "reply_count": 1,
        "reply_users_count": 1,
        "latest_reply": "1589369450.120100",
        "reply_users": [
            "UJWR5N32S"
        ],
        "replies": [
            {
                "user": "UJWR5N32S",
                "ts": "1589369450.120100"
            }
        ],
        "subscribed": false
    },
    {
        "client_msg_id": "1400f9bd-f2c4-4e25-91ec-48de1c04ee4f",
        "type": "message",
        "text": "WARNING for HBTIP users\n=======================\n\nDue to the excessive amount of problem reports and long known (and unfixed)\nproblems and due to the non-trivial nature of internet protocols, this document\n_strongly recommends to avoid_ using this library in anything production or\nin fact anything more serious than simple test code for educational purposes.\nPlease notice that even if something happens to work in some specific\nscenario, it's highly likely it's not a stable solution, nor is it a secure\nsolution.\n\nThe only reason hbtip hasn't been deleted altogether is compatibility\nwith 3.0, xHarbour and existing projects, plus the fact there are still some\nlow-level functions that do work fine (tip_MimeType()) or have no better\nreplacement yet (tip_MailAssemble()).\n\nFor internet protocol related tasks, the recommended and supported library\nis _hbcurl_, which is a thin wrapper over libcurl's 'easy' API. libcurl is\na highly ubiquitious, very stable, actively and professionally developed,\nsecure communications library:\n\n   <https:\/\/curl.haxx.se\/libcurl\/c\/>\n\nhbcurl's functionality covers _all_ hbtip protocol classes, and it does offer\nsupport for several protocols besides these.\n\nIf you're looking for all required static and dynamic libraries to use hbcurl,\nincluding OpenSSL and libssh2, both 32 and 64-bit. See this page about feature\nsupport and other details:\n\n   <https:\/\/github.com\/vszakats\/harbour-deps\/>\n\nUsage examples found on the internet for other languages are most of the time\ndirectly usable with minor modifications in Harbour. You can find several\nworking examples under the hbcurl tests directory as well. Live curl\ncommand-lines can also be converted into compilable\/adaptable API code using\nthe `--libcurl &lt;targe-source-file&gt;` curl option.\n\nIf you opt to use hbtip anyway, and find any problem with it (like very common\nSMTP or FTP incompatibilities with various live servers found on the internet),\nyour best bet is to address the problem yourself. Patches of sufficent quality\nwill be of course accepted.",
        "user": "UJXP7LS78",
        "ts": "1589327061.108700",
        "team": "TJH5YU202",
        "user_team": "TJH5YU202",
        "source_team": "TJH5YU202",
        "user_profile": {
            "avatar_hash": "gc4a0baebb72",
            "image_72": "https:\/\/secure.gravatar.com\/avatar\/a1c4a0baebb720b97e5a197259dbf409.jpg?s=72&d=https%3A%2F%2Fa.slack-edge.com%2Fdf10d%2Fimg%2Favatars%2Fava_0007-72.png",
            "first_name": "",
            "real_name": "wilson gamboa",
            "display_name": "wilson gamboa",
            "team": "TJH5YU202",
            "name": "wilson.josenet",
            "is_restricted": false,
            "is_ultra_restricted": false
        },
        "attachments": [
            {
                "service_name": "GitHub",
                "title": "curl\/curl-for-win",
                "title_link": "https:\/\/github.com\/vszakats\/harbour-deps\/",
                "text": "Reproducible curl\/libcurl (and OpenSSL) binaries for Windows - curl\/curl-for-win",
                "fallback": "GitHub: curl\/curl-for-win",
                "thumb_url": "https:\/\/avatars2.githubusercontent.com\/u\/16928085?s=400&v=4",
                "from_url": "https:\/\/github.com\/vszakats\/harbour-deps\/",
                "thumb_width": 400,
                "thumb_height": 400,
                "service_icon": "https:\/\/a.slack-edge.com\/80588\/img\/unfurl_icons\/github.png",
                "id": 1,
                "original_url": "https:\/\/github.com\/vszakats\/harbour-deps\/"
            }
        ],
        "blocks": [
            {
                "type": "rich_text",
                "block_id": "JQzKd",
                "elements": [
                    {
                        "type": "rich_text_section",
                        "elements": [
                            {
                                "type": "text",
                                "text": "WARNING for HBTIP users\n=======================\n\nDue to the excessive amount of problem reports and long known (and unfixed)\nproblems and due to the non-trivial nature of internet protocols, this document\n_strongly recommends to avoid_ using this library in anything production or\nin fact anything more serious than simple test code for educational purposes.\nPlease notice that even if something happens to work in some specific\nscenario, it's highly likely it's not a stable solution, nor is it a secure\nsolution.\n\nThe only reason hbtip hasn't been deleted altogether is compatibility\nwith 3.0, xHarbour and existing projects, plus the fact there are still some\nlow-level functions that do work fine (tip_MimeType()) or have no better\nreplacement yet (tip_MailAssemble()).\n\nFor internet protocol related tasks, the recommended and supported library\nis _hbcurl_, which is a thin wrapper over libcurl's 'easy' API. libcurl is\na highly ubiquitious, very stable, actively and professionally developed,\nsecure communications library:\n\n   "
                            },
                            {
                                "type": "link",
                                "url": "https:\/\/curl.haxx.se\/libcurl\/c\/"
                            },
                            {
                                "type": "text",
                                "text": "\n\nhbcurl's functionality covers _all_ hbtip protocol classes, and it does offer\nsupport for several protocols besides these.\n\nIf you're looking for all required static and dynamic libraries to use hbcurl,\nincluding OpenSSL and libssh2, both 32 and 64-bit. See this page about feature\nsupport and other details:\n\n   "
                            },
                            {
                                "type": "link",
                                "url": "https:\/\/github.com\/vszakats\/harbour-deps\/"
                            },
                            {
                                "type": "text",
                                "text": "\n\nUsage examples found on the internet for other languages are most of the time\ndirectly usable with minor modifications in Harbour. You can find several\nworking examples under the hbcurl tests directory as well. Live curl\ncommand-lines can also be converted into compilable\/adaptable API code using\nthe `--libcurl <targe-source-file>` curl option.\n\nIf you opt to use hbtip anyway, and find any problem with it (like very common\nSMTP or FTP incompatibilities with various live servers found on the internet),\nyour best bet is to address the problem yourself. Patches of sufficent quality\nwill be of course accepted."
                            }
                        ]
                    }
                ]
            }
        ]
    },
    {
        "client_msg_id": "18f41a67-07a7-4800-88e2-2e20667924a4",
        "type": "message",
        "text": "<@UJU3NMK0U> Todo me funciona bien excepto seamap-3 haciendo pruebas si comentas la siguiente linea de customercontroller.prg\noController:Middleware( 'jwt', 'autenticate'  ) \/\/\tView\/Route\nse pasa de largo y si funciona.. pero obviamente no puedes autenticar el usuario.. me imagino que para eso es..\napache lo tengo para el puerto 8080\nSeguiremos inventigando",
        "user": "UJU5KF40L",
        "ts": "1589332633.110500",
        "team": "TJH5YU202",
        "user_team": "TJH5YU202",
        "source_team": "TJH5YU202",
        "user_profile": {
            "avatar_hash": "g4ed10b5a0fa",
            "image_72": "https:\/\/secure.gravatar.com\/avatar\/7d4ed10b5a0fad78716e154511597ff9.jpg?s=72&d=https%3A%2F%2Fa.slack-edge.com%2Fdf10d%2Fimg%2Favatars%2Fava_0021-72.png",
            "first_name": "Gabriel",
            "real_name": "Gabriel Ornelas",
            "display_name": "GabO",
            "team": "TJH5YU202",
            "name": "gabrielornelasm",
            "is_restricted": false,
            "is_ultra_restricted": false
        },
        "edited": {
            "user": "UJU5KF40L",
            "ts": "1589332891.000000"
        },
        "blocks": [
            {
                "type": "rich_text",
                "block_id": "Q9rt",
                "elements": [
                    {
                        "type": "rich_text_section",
                        "elements": [
                            {
                                "type": "user",
                                "user_id": "UJU3NMK0U"
                            },
                            {
                                "type": "text",
                                "text": " Todo me funciona bien excepto seamap-3 haciendo pruebas si comentas la siguiente linea de customercontroller.prg\noController:Middleware( 'jwt', 'autenticate'  ) \/\/\tView\/Route\nse pasa de largo y si funciona.. pero obviamente no puedes autenticar el usuario.. me imagino que para eso es..\napache lo tengo para el puerto 8080\nSeguiremos inventigando"
                            }
                        ]
                    }
                ]
            }
        ]
    },
    {
        "client_msg_id": "673c594c-68aa-425d-8eca-9169e21f1ad7",
        "type": "message",
        "text": "<@UJU3NMK0U>\nModificando esa linea por esta otra\noController:Middleware( 'jwt', 'system\/login.view'  )\t\/\/\tView\/Route\nYa funciona y para quedarse con la boca abierta\nGracias <@UJWR5N32S> para los que iniciamos en esto de la web es extraordinario.",
        "user": "UJU5KF40L",
        "ts": "1589335172.112500",
        "team": "TJH5YU202",
        "user_team": "TJH5YU202",
        "source_team": "TJH5YU202",
        "user_profile": {
            "avatar_hash": "g4ed10b5a0fa",
            "image_72": "https:\/\/secure.gravatar.com\/avatar\/7d4ed10b5a0fad78716e154511597ff9.jpg?s=72&d=https%3A%2F%2Fa.slack-edge.com%2Fdf10d%2Fimg%2Favatars%2Fava_0021-72.png",
            "first_name": "Gabriel",
            "real_name": "Gabriel Ornelas",
            "display_name": "GabO",
            "team": "TJH5YU202",
            "name": "gabrielornelasm",
            "is_restricted": false,
            "is_ultra_restricted": false
        },
        "blocks": [
            {
                "type": "rich_text",
                "block_id": "GRblw",
                "elements": [
                    {
                        "type": "rich_text_section",
                        "elements": [
                            {
                                "type": "user",
                                "user_id": "UJU3NMK0U"
                            },
                            {
                                "type": "text",
                                "text": "\nModificando esa linea por esta otra\noController:Middleware( 'jwt', 'system\/login.view'  )\t\/\/\tView\/Route\nYa funciona y para quedarse con la boca abierta\nGracias "
                            },
                            {
                                "type": "user",
                                "user_id": "UJWR5N32S"
                            },
                            {
                                "type": "text",
                                "text": " para los que iniciamos en esto de la web es extraordinario."
                            }
                        ]
                    }
                ]
            }
        ]
    },
    {
        "client_msg_id": "831fc795-386d-4cdd-a6b4-20ea8c7c03ae",
        "type": "message",
        "text": "Egun on",
        "user": "UJWR5N32S",
        "ts": "1589349035.112900",
        "team": "TJH5YU202",
        "user_team": "TJH5YU202",
        "source_team": "TJH5YU202",
        "user_profile": {
            "avatar_hash": "273d3745f7ae",
            "image_72": "https:\/\/avatars.slack-edge.com\/2019-05-20\/634344238497_273d3745f7ae1b176b82_72.jpg",
            "first_name": "Charly",
            "real_name": "Charly",
            "display_name": "Charly",
            "team": "TJH5YU202",
            "name": "carles9000",
            "is_restricted": false,
            "is_ultra_restricted": false
        },
        "blocks": [
            {
                "type": "rich_text",
                "block_id": "VAcRS",
                "elements": [
                    {
                        "type": "rich_text_section",
                        "elements": [
                            {
                                "type": "text",
                                "text": "Egun on"
                            }
                        ]
                    }
                ]
            }
        ],
        "reactions": [
            {
                "name": "clap",
                "users": [
                    "UJULAGJG5"
                ],
                "count": 1
            }
        ]
    },
    {
        "client_msg_id": "04ed6499-9002-4e30-9807-758a7ef164a0",
        "type": "message",
        "text": "Mercury ya tiene comandos de procesado para definir rutas y tema autenticacion.",
        "user": "UJWR5N32S",
        "ts": "1589349107.114500",
        "team": "TJH5YU202",
        "user_team": "TJH5YU202",
        "source_team": "TJH5YU202",
        "user_profile": {
            "avatar_hash": "273d3745f7ae",
            "image_72": "https:\/\/avatars.slack-edge.com\/2019-05-20\/634344238497_273d3745f7ae1b176b82_72.jpg",
            "first_name": "Charly",
            "real_name": "Charly",
            "display_name": "Charly",
            "team": "TJH5YU202",
            "name": "carles9000",
            "is_restricted": false,
            "is_ultra_restricted": false
        },
        "blocks": [
            {
                "type": "rich_text",
                "block_id": "RWxIw",
                "elements": [
                    {
                        "type": "rich_text_section",
                        "elements": [
                            {
                                "type": "text",
                                "text": "Mercury ya tiene comandos de procesado para definir rutas y tema autenticacion."
                            }
                        ]
                    }
                ]
            }
        ]
    },
    {
        "client_msg_id": "c4385d17-2bb3-4056-8b6d-7db3736f85c8",
        "type": "message",
        "text": "Lo vemos pir encima l viernes",
        "user": "UJWR5N32S",
        "ts": "1589349123.115100",
        "team": "TJH5YU202",
        "user_team": "TJH5YU202",
        "source_team": "TJH5YU202",
        "user_profile": {
            "avatar_hash": "273d3745f7ae",
            "image_72": "https:\/\/avatars.slack-edge.com\/2019-05-20\/634344238497_273d3745f7ae1b176b82_72.jpg",
            "first_name": "Charly",
            "real_name": "Charly",
            "display_name": "Charly",
            "team": "TJH5YU202",
            "name": "carles9000",
            "is_restricted": false,
            "is_ultra_restricted": false
        },
        "blocks": [
            {
                "type": "rich_text",
                "block_id": "bx2e",
                "elements": [
                    {
                        "type": "rich_text_section",
                        "elements": [
                            {
                                "type": "text",
                                "text": "Lo vemos pir encima l viernes"
                            }
                        ]
                    }
                ]
            }
        ]
    },
    {
        "client_msg_id": "58e19e35-87f7-41c1-996e-fd989f1bf2b9",
        "type": "message",
        "text": "buenos dias :sunny:",
        "user": "UJN8D8U3B",
        "ts": "1589350157.115400",
        "team": "TJH5YU202",
        "user_team": "TJH5YU202",
        "source_team": "TJH5YU202",
        "user_profile": {
            "avatar_hash": "g92ad2abcc45",
            "image_72": "https:\/\/secure.gravatar.com\/avatar\/8492ad2abcc45ce53969adcf8420acde.jpg?s=72&d=https%3A%2F%2Fa.slack-edge.com%2Fdf10d%2Fimg%2Favatars%2Fava_0008-72.png",
            "first_name": "",
            "real_name": "Antonio Linares",
            "display_name": "Antonio Linares",
            "team": "TJH5YU202",
            "name": "alinares",
            "is_restricted": false,
            "is_ultra_restricted": false
        },
        "blocks": [
            {
                "type": "rich_text",
                "block_id": "973",
                "elements": [
                    {
                        "type": "rich_text_section",
                        "elements": [
                            {
                                "type": "text",
                                "text": "buenos dias "
                            },
                            {
                                "type": "emoji",
                                "name": "sunny"
                            }
                        ]
                    }
                ]
            }
        ]
    },
    {
        "client_msg_id": "c9bc3bb1-bca4-465d-b11b-f60f2b77500c",
        "type": "message",
        "text": "<@UJXP7LS78> el email usa tip ó curl ?",
        "user": "UJN8D8U3B",
        "ts": "1589350177.115900",
        "team": "TJH5YU202",
        "user_team": "TJH5YU202",
        "source_team": "TJH5YU202",
        "user_profile": {
            "avatar_hash": "g92ad2abcc45",
            "image_72": "https:\/\/secure.gravatar.com\/avatar\/8492ad2abcc45ce53969adcf8420acde.jpg?s=72&d=https%3A%2F%2Fa.slack-edge.com%2Fdf10d%2Fimg%2Favatars%2Fava_0008-72.png",
            "first_name": "",
            "real_name": "Antonio Linares",
            "display_name": "Antonio Linares",
            "team": "TJH5YU202",
            "name": "alinares",
            "is_restricted": false,
            "is_ultra_restricted": false
        },
        "blocks": [
            {
                "type": "rich_text",
                "block_id": "NAA6",
                "elements": [
                    {
                        "type": "rich_text_section",
                        "elements": [
                            {
                                "type": "user",
                                "user_id": "UJXP7LS78"
                            },
                            {
                                "type": "text",
                                "text": " el email usa tip ó curl ?"
                            }
                        ]
                    }
                ]
            }
        ]
    }
]