[
    {
        "client_msg_id": "40ff76e6-3f33-4626-8039-02ae42351c67",
        "type": "message",
        "text": "Buen dia amigos",
        "user": "UK28N3CER",
        "ts": "1592397672.079700",
        "team": "TJH5YU202",
        "user_team": "TJH5YU202",
        "source_team": "TJH5YU202",
        "user_profile": {
            "avatar_hash": "0eafa7153ff3",
            "image_72": "https:\/\/avatars.slack-edge.com\/2020-05-18\/1155120542496_0eafa7153ff35206c804_72.jpg",
            "first_name": "Cesar",
            "real_name": "Cesar SysCtrl Software",
            "display_name": "Cesar SysCtrl Software",
            "team": "TJH5YU202",
            "name": "sysctrlsoftware",
            "is_restricted": false,
            "is_ultra_restricted": false
        },
        "blocks": [
            {
                "type": "rich_text",
                "block_id": "ZWs",
                "elements": [
                    {
                        "type": "rich_text_section",
                        "elements": [
                            {
                                "type": "text",
                                "text": "Buen dia amigos"
                            }
                        ]
                    }
                ]
            }
        ]
    },
    {
        "client_msg_id": "a3fe4ea3-62e8-4584-b55e-77cf590ed03b",
        "type": "message",
        "text": "iniciamos la tecla",
        "user": "UK28N3CER",
        "ts": "1592407639.080000",
        "team": "TJH5YU202",
        "user_team": "TJH5YU202",
        "source_team": "TJH5YU202",
        "user_profile": {
            "avatar_hash": "0eafa7153ff3",
            "image_72": "https:\/\/avatars.slack-edge.com\/2020-05-18\/1155120542496_0eafa7153ff35206c804_72.jpg",
            "first_name": "Cesar",
            "real_name": "Cesar SysCtrl Software",
            "display_name": "Cesar SysCtrl Software",
            "team": "TJH5YU202",
            "name": "sysctrlsoftware",
            "is_restricted": false,
            "is_ultra_restricted": false
        },
        "blocks": [
            {
                "type": "rich_text",
                "block_id": "QAH",
                "elements": [
                    {
                        "type": "rich_text_section",
                        "elements": [
                            {
                                "type": "text",
                                "text": "iniciamos la tecla"
                            }
                        ]
                    }
                ]
            }
        ]
    },
    {
        "client_msg_id": "0ad6afcb-5dae-4ab6-a76c-dc1b10b52b71",
        "type": "message",
        "text": "demasiada info :slightly_smiling_face:",
        "user": "UMZ3LNV5Z",
        "ts": "1592408934.080100",
        "team": "TJH5YU202",
        "user_team": "TJH5YU202",
        "source_team": "TJH5YU202",
        "user_profile": {
            "avatar_hash": "0705cbdb2dc9",
            "image_72": "https:\/\/avatars.slack-edge.com\/2020-02-24\/967980533062_0705cbdb2dc9cb3644bb_72.jpg",
            "first_name": "Pablo",
            "real_name": "Pablo Botella",
            "display_name": "Pablo Botella",
            "team": "TJH5YU202",
            "name": "pb",
            "is_restricted": false,
            "is_ultra_restricted": false
        },
        "blocks": [
            {
                "type": "rich_text",
                "block_id": "OgTm",
                "elements": [
                    {
                        "type": "rich_text_section",
                        "elements": [
                            {
                                "type": "text",
                                "text": "demasiada info "
                            },
                            {
                                "type": "emoji",
                                "name": "slightly_smiling_face"
                            }
                        ]
                    }
                ]
            }
        ],
        "thread_ts": "1592346737.049800",
        "parent_user_id": "UNAHBRTFA"
    },
    {
        "client_msg_id": "625a708b-6cdb-4271-882a-74c47652c35a",
        "type": "message",
        "text": "¿Puedo preguntar si el código fuente de GetDataJWJ está disponible?",
        "user": "UJHD6A81H",
        "ts": "1592415373.081700",
        "team": "TJH5YU202",
        "user_team": "TJH5YU202",
        "source_team": "TJH5YU202",
        "user_profile": {
            "avatar_hash": "g6b8073e00e9",
            "image_72": "https:\/\/secure.gravatar.com\/avatar\/b96b8073e00e9eb02bcf05bc1418eb3a.jpg?s=72&d=https%3A%2F%2Fa.slack-edge.com%2Fdf10d%2Fimg%2Favatars%2Fava_0021-72.png",
            "first_name": "Otto",
            "real_name": "Otto Atzwanger",
            "display_name": "Otto",
            "team": "TJH5YU202",
            "name": "otto",
            "is_restricted": false,
            "is_ultra_restricted": false
        },
        "blocks": [
            {
                "type": "rich_text",
                "block_id": "B\/pD",
                "elements": [
                    {
                        "type": "rich_text_section",
                        "elements": [
                            {
                                "type": "text",
                                "text": "¿Puedo preguntar si el código fuente de GetDataJWJ está disponible?"
                            }
                        ]
                    }
                ]
            }
        ]
    },
    {
        "client_msg_id": "ad708f24-f250-4286-8c5b-ba2578cd9b84",
        "type": "message",
        "text": "Otto it's part of the Mercury library and is free source",
        "user": "UJWR5N32S",
        "ts": "1592415654.082100",
        "team": "TJH5YU202",
        "user_team": "TJH5YU202",
        "source_team": "TJH5YU202",
        "user_profile": {
            "avatar_hash": "273d3745f7ae",
            "image_72": "https:\/\/avatars.slack-edge.com\/2019-05-20\/634344238497_273d3745f7ae1b176b82_72.jpg",
            "first_name": "Charly",
            "real_name": "Charly",
            "display_name": "Charly",
            "team": "TJH5YU202",
            "name": "carles9000",
            "is_restricted": false,
            "is_ultra_restricted": false
        },
        "blocks": [
            {
                "type": "rich_text",
                "block_id": "ukGD",
                "elements": [
                    {
                        "type": "rich_text_section",
                        "elements": [
                            {
                                "type": "text",
                                "text": "Otto it's part of the Mercury library and is free source"
                            }
                        ]
                    }
                ]
            }
        ]
    },
    {
        "client_msg_id": "50d2c3c0-4bc5-4129-9e8d-0755765ba38c",
        "type": "message",
        "text": "```METHOD GetDataJWT() CLASS TMiddleware\n\n\tLOCAL oRequest \t\t\t:= App():oRequest\n\tLOCAL cToken \t\t\t:= oRequest:GetCookie( ::cId_Cookie )\n\tLOCAL oJWT \t\t\t\t:= JWT():New( ::cPsw )\t\n\tLOCAL lValid \t\t\t:= oJWT:Decode( cToken )\t\n\tLOCAL hData \t\t\t:= NIL\n\t\n\tIF lValid \n\t\thData := oJWT:GetData()\n\tENDIF\n\t\nRETU hData```",
        "user": "UJWR5N32S",
        "ts": "1592415663.082300",
        "team": "TJH5YU202",
        "user_team": "TJH5YU202",
        "source_team": "TJH5YU202",
        "user_profile": {
            "avatar_hash": "273d3745f7ae",
            "image_72": "https:\/\/avatars.slack-edge.com\/2019-05-20\/634344238497_273d3745f7ae1b176b82_72.jpg",
            "first_name": "Charly",
            "real_name": "Charly",
            "display_name": "Charly",
            "team": "TJH5YU202",
            "name": "carles9000",
            "is_restricted": false,
            "is_ultra_restricted": false
        },
        "blocks": [
            {
                "type": "rich_text",
                "block_id": "NBF",
                "elements": [
                    {
                        "type": "rich_text_preformatted",
                        "elements": [
                            {
                                "type": "text",
                                "text": "METHOD GetDataJWT() CLASS TMiddleware\n\n\tLOCAL oRequest \t\t\t:= App():oRequest\n\tLOCAL cToken \t\t\t:= oRequest:GetCookie( ::cId_Cookie )\n\tLOCAL oJWT \t\t\t\t:= JWT():New( ::cPsw )\t\n\tLOCAL lValid \t\t\t:= oJWT:Decode( cToken )\t\n\tLOCAL hData \t\t\t:= NIL\n\t\n\tIF lValid \n\t\thData := oJWT:GetData()\n\tENDIF\n\t\nRETU hData"
                            }
                        ]
                    }
                ]
            }
        ]
    },
    {
        "client_msg_id": "652c498c-27f3-4af1-b92d-45d53cf81471",
        "type": "message",
        "text": "los fuentes disponibles, que no queramos aprender es otra cosa, pero lo tenemos todo, Gracias <@UJWR5N32S> soy tu fan :pray:",
        "user": "UK28N3CER",
        "ts": "1592416287.083300",
        "team": "TJH5YU202",
        "user_team": "TJH5YU202",
        "source_team": "TJH5YU202",
        "user_profile": {
            "avatar_hash": "0eafa7153ff3",
            "image_72": "https:\/\/avatars.slack-edge.com\/2020-05-18\/1155120542496_0eafa7153ff35206c804_72.jpg",
            "first_name": "Cesar",
            "real_name": "Cesar SysCtrl Software",
            "display_name": "Cesar SysCtrl Software",
            "team": "TJH5YU202",
            "name": "sysctrlsoftware",
            "is_restricted": false,
            "is_ultra_restricted": false
        },
        "blocks": [
            {
                "type": "rich_text",
                "block_id": "Un7zu",
                "elements": [
                    {
                        "type": "rich_text_section",
                        "elements": [
                            {
                                "type": "text",
                                "text": "los fuentes disponibles, que no queramos aprender es otra cosa, pero lo tenemos todo, Gracias "
                            },
                            {
                                "type": "user",
                                "user_id": "UJWR5N32S"
                            },
                            {
                                "type": "text",
                                "text": " soy tu fan "
                            },
                            {
                                "type": "emoji",
                                "name": "pray"
                            }
                        ]
                    }
                ]
            }
        ]
    },
    {
        "client_msg_id": "46942b27-b77f-4950-89e4-4c8d0c6de7c3",
        "type": "message",
        "text": "Como saben, actualmente estoy trabajando en una función de inicio de sesión. Ciertamente podría aprender algo aquí.",
        "user": "UJHD6A81H",
        "ts": "1592416961.083500",
        "team": "TJH5YU202",
        "user_team": "TJH5YU202",
        "source_team": "TJH5YU202",
        "user_profile": {
            "avatar_hash": "g6b8073e00e9",
            "image_72": "https:\/\/secure.gravatar.com\/avatar\/b96b8073e00e9eb02bcf05bc1418eb3a.jpg?s=72&d=https%3A%2F%2Fa.slack-edge.com%2Fdf10d%2Fimg%2Favatars%2Fava_0021-72.png",
            "first_name": "Otto",
            "real_name": "Otto Atzwanger",
            "display_name": "Otto",
            "team": "TJH5YU202",
            "name": "otto",
            "is_restricted": false,
            "is_ultra_restricted": false
        },
        "blocks": [
            {
                "type": "rich_text",
                "block_id": "tWIzc",
                "elements": [
                    {
                        "type": "rich_text_section",
                        "elements": [
                            {
                                "type": "text",
                                "text": "Como saben, actualmente estoy trabajando en una función de inicio de sesión. Ciertamente podría aprender algo aquí."
                            }
                        ]
                    }
                ]
            }
        ]
    },
    {
        "type": "message",
        "text": "",
        "files": [
            {
                "id": "F015SFA0NJY",
                "created": 1592417005,
                "timestamp": 1592417005,
                "name": "grafik.png",
                "title": "grafik.png",
                "mimetype": "image\/png",
                "filetype": "png",
                "pretty_type": "PNG",
                "user": "UJHD6A81H",
                "editable": false,
                "size": 39192,
                "mode": "hosted",
                "is_external": false,
                "external_type": "",
                "is_public": true,
                "public_url_shared": false,
                "display_as_bot": false,
                "username": "",
                "url_private": "https:\/\/files.slack.com\/files-pri\/TJH5YU202-F015SFA0NJY\/grafik.png?t=xoxe-629202954002-1316365335585-1303739558562-bb0d767c5143c02b3f1039cae658c718",
                "url_private_download": "https:\/\/files.slack.com\/files-pri\/TJH5YU202-F015SFA0NJY\/download\/grafik.png?t=xoxe-629202954002-1316365335585-1303739558562-bb0d767c5143c02b3f1039cae658c718",
                "thumb_64": "https:\/\/files.slack.com\/files-tmb\/TJH5YU202-F015SFA0NJY-5dcad421ec\/grafik_64.png?t=xoxe-629202954002-1316365335585-1303739558562-bb0d767c5143c02b3f1039cae658c718",
                "thumb_80": "https:\/\/files.slack.com\/files-tmb\/TJH5YU202-F015SFA0NJY-5dcad421ec\/grafik_80.png?t=xoxe-629202954002-1316365335585-1303739558562-bb0d767c5143c02b3f1039cae658c718",
                "thumb_360": "https:\/\/files.slack.com\/files-tmb\/TJH5YU202-F015SFA0NJY-5dcad421ec\/grafik_360.png?t=xoxe-629202954002-1316365335585-1303739558562-bb0d767c5143c02b3f1039cae658c718",
                "thumb_360_w": 360,
                "thumb_360_h": 334,
                "thumb_480": "https:\/\/files.slack.com\/files-tmb\/TJH5YU202-F015SFA0NJY-5dcad421ec\/grafik_480.png?t=xoxe-629202954002-1316365335585-1303739558562-bb0d767c5143c02b3f1039cae658c718",
                "thumb_480_w": 480,
                "thumb_480_h": 445,
                "thumb_160": "https:\/\/files.slack.com\/files-tmb\/TJH5YU202-F015SFA0NJY-5dcad421ec\/grafik_160.png?t=xoxe-629202954002-1316365335585-1303739558562-bb0d767c5143c02b3f1039cae658c718",
                "thumb_720": "https:\/\/files.slack.com\/files-tmb\/TJH5YU202-F015SFA0NJY-5dcad421ec\/grafik_720.png?t=xoxe-629202954002-1316365335585-1303739558562-bb0d767c5143c02b3f1039cae658c718",
                "thumb_720_w": 720,
                "thumb_720_h": 667,
                "thumb_800": "https:\/\/files.slack.com\/files-tmb\/TJH5YU202-F015SFA0NJY-5dcad421ec\/grafik_800.png?t=xoxe-629202954002-1316365335585-1303739558562-bb0d767c5143c02b3f1039cae658c718",
                "thumb_800_w": 800,
                "thumb_800_h": 741,
                "thumb_960": "https:\/\/files.slack.com\/files-tmb\/TJH5YU202-F015SFA0NJY-5dcad421ec\/grafik_960.png?t=xoxe-629202954002-1316365335585-1303739558562-bb0d767c5143c02b3f1039cae658c718",
                "thumb_960_w": 960,
                "thumb_960_h": 889,
                "thumb_1024": "https:\/\/files.slack.com\/files-tmb\/TJH5YU202-F015SFA0NJY-5dcad421ec\/grafik_1024.png?t=xoxe-629202954002-1316365335585-1303739558562-bb0d767c5143c02b3f1039cae658c718",
                "thumb_1024_w": 1024,
                "thumb_1024_h": 949,
                "original_w": 1048,
                "original_h": 971,
                "thumb_tiny": "AwAsADDTpCM9yKUijtQAmPc0dOKUDFNK80AOooooAKKKKACiik5oAU5ooPSjmgAooooAKKTHNLQAmaWiigD\/2Q==",
                "permalink": "https:\/\/harbourproject.slack.com\/files\/UJHD6A81H\/F015SFA0NJY\/grafik.png",
                "permalink_public": "https:\/\/slack-files.com\/TJH5YU202-F015SFA0NJY-0ed96b7944",
                "is_starred": false,
                "has_rich_preview": false
            }
        ],
        "upload": false,
        "user": "UJHD6A81H",
        "display_as_bot": false,
        "ts": "1592417010.083600"
    },
    {
        "client_msg_id": "4a61b9d0-855e-405c-8e2a-72c5a522bbd7",
        "type": "message",
        "text": "OTTO: in MVC Model of <@UJWR5N32S> you have examples of sessions.",
        "user": "UK28N3CER",
        "ts": "1592418255.085000",
        "team": "TJH5YU202",
        "user_team": "TJH5YU202",
        "source_team": "TJH5YU202",
        "user_profile": {
            "avatar_hash": "0eafa7153ff3",
            "image_72": "https:\/\/avatars.slack-edge.com\/2020-05-18\/1155120542496_0eafa7153ff35206c804_72.jpg",
            "first_name": "Cesar",
            "real_name": "Cesar SysCtrl Software",
            "display_name": "Cesar SysCtrl Software",
            "team": "TJH5YU202",
            "name": "sysctrlsoftware",
            "is_restricted": false,
            "is_ultra_restricted": false
        },
        "blocks": [
            {
                "type": "rich_text",
                "block_id": "6Tg",
                "elements": [
                    {
                        "type": "rich_text_section",
                        "elements": [
                            {
                                "type": "text",
                                "text": "OTTO: in MVC Model of "
                            },
                            {
                                "type": "user",
                                "user_id": "UJWR5N32S"
                            },
                            {
                                "type": "text",
                                "text": " you have examples of sessions."
                            }
                        ]
                    }
                ]
            }
        ]
    },
    {
        "client_msg_id": "c5204e78-d646-436c-a46a-55545869b090",
        "type": "message",
        "text": "That chart is missing the landing page.",
        "user": "UM81W8B0Q",
        "ts": "1592418817.085400",
        "team": "TJH5YU202",
        "user_team": "TJH5YU202",
        "source_team": "TJH5YU202",
        "user_profile": {
            "avatar_hash": "gab9279ee8c0",
            "image_72": "https:\/\/secure.gravatar.com\/avatar\/73ab9279ee8c00f66ce4904d30146c8f.jpg?s=72&d=https%3A%2F%2Fa.slack-edge.com%2Fdf10d%2Fimg%2Favatars%2Fava_0010-72.png",
            "first_name": "",
            "real_name": "Angel Pais",
            "display_name": "Angel Pais",
            "team": "TJH5YU202",
            "name": "amigosam",
            "is_restricted": false,
            "is_ultra_restricted": false
        },
        "blocks": [
            {
                "type": "rich_text",
                "block_id": "oyB2",
                "elements": [
                    {
                        "type": "rich_text_section",
                        "elements": [
                            {
                                "type": "text",
                                "text": "That chart is missing the landing page."
                            }
                        ]
                    }
                ]
            }
        ]
    },
    {
        "client_msg_id": "556d061d-b85d-4daa-a56b-ea8eaf3debd2",
        "type": "message",
        "text": "Iniciando migracion de libreria a modharbour fastcgi",
        "user": "UJWR5N32S",
        "ts": "1592419231.086100",
        "team": "TJH5YU202",
        "user_team": "TJH5YU202",
        "source_team": "TJH5YU202",
        "user_profile": {
            "avatar_hash": "273d3745f7ae",
            "image_72": "https:\/\/avatars.slack-edge.com\/2019-05-20\/634344238497_273d3745f7ae1b176b82_72.jpg",
            "first_name": "Charly",
            "real_name": "Charly",
            "display_name": "Charly",
            "team": "TJH5YU202",
            "name": "carles9000",
            "is_restricted": false,
            "is_ultra_restricted": false
        },
        "blocks": [
            {
                "type": "rich_text",
                "block_id": "O5H",
                "elements": [
                    {
                        "type": "rich_text_section",
                        "elements": [
                            {
                                "type": "text",
                                "text": "Iniciando migracion de libreria a modharbour fastcgi"
                            }
                        ]
                    }
                ]
            }
        ]
    },
    {
        "type": "message",
        "text": "",
        "files": [
            {
                "id": "F015Z1JLSKB",
                "created": 1592419231,
                "timestamp": 1592419231,
                "name": "image.png",
                "title": "image.png",
                "mimetype": "image\/png",
                "filetype": "png",
                "pretty_type": "PNG",
                "user": "UJWR5N32S",
                "editable": false,
                "size": 15143,
                "mode": "hosted",
                "is_external": false,
                "external_type": "",
                "is_public": true,
                "public_url_shared": false,
                "display_as_bot": false,
                "username": "",
                "url_private": "https:\/\/files.slack.com\/files-pri\/TJH5YU202-F015Z1JLSKB\/image.png?t=xoxe-629202954002-1316365335585-1303739558562-bb0d767c5143c02b3f1039cae658c718",
                "url_private_download": "https:\/\/files.slack.com\/files-pri\/TJH5YU202-F015Z1JLSKB\/download\/image.png?t=xoxe-629202954002-1316365335585-1303739558562-bb0d767c5143c02b3f1039cae658c718",
                "thumb_64": "https:\/\/files.slack.com\/files-tmb\/TJH5YU202-F015Z1JLSKB-eaafb08a69\/image_64.png?t=xoxe-629202954002-1316365335585-1303739558562-bb0d767c5143c02b3f1039cae658c718",
                "thumb_80": "https:\/\/files.slack.com\/files-tmb\/TJH5YU202-F015Z1JLSKB-eaafb08a69\/image_80.png?t=xoxe-629202954002-1316365335585-1303739558562-bb0d767c5143c02b3f1039cae658c718",
                "thumb_360": "https:\/\/files.slack.com\/files-tmb\/TJH5YU202-F015Z1JLSKB-eaafb08a69\/image_360.png?t=xoxe-629202954002-1316365335585-1303739558562-bb0d767c5143c02b3f1039cae658c718",
                "thumb_360_w": 360,
                "thumb_360_h": 79,
                "thumb_480": "https:\/\/files.slack.com\/files-tmb\/TJH5YU202-F015Z1JLSKB-eaafb08a69\/image_480.png?t=xoxe-629202954002-1316365335585-1303739558562-bb0d767c5143c02b3f1039cae658c718",
                "thumb_480_w": 480,
                "thumb_480_h": 105,
                "thumb_160": "https:\/\/files.slack.com\/files-tmb\/TJH5YU202-F015Z1JLSKB-eaafb08a69\/image_160.png?t=xoxe-629202954002-1316365335585-1303739558562-bb0d767c5143c02b3f1039cae658c718",
                "original_w": 700,
                "original_h": 153,
                "thumb_tiny": "AwAKADDR49RRj0xS0UAJt+lGylooATZ9KTZ83bGKdRQB\/9k=",
                "permalink": "https:\/\/harbourproject.slack.com\/files\/UJWR5N32S\/F015Z1JLSKB\/image.png",
                "permalink_public": "https:\/\/slack-files.com\/TJH5YU202-F015Z1JLSKB-667193d729",
                "is_starred": false,
                "has_rich_preview": false
            }
        ],
        "upload": false,
        "user": "UJWR5N32S",
        "display_as_bot": false,
        "ts": "1592419233.086200"
    },
    {
        "client_msg_id": "6f9e0ee9-1c54-476e-a43f-aba6d426c400",
        "type": "message",
        "text": "Ha de ser transparente a los 2 sistemas",
        "user": "UJWR5N32S",
        "ts": "1592419271.086800",
        "team": "TJH5YU202",
        "user_team": "TJH5YU202",
        "source_team": "TJH5YU202",
        "user_profile": {
            "avatar_hash": "273d3745f7ae",
            "image_72": "https:\/\/avatars.slack-edge.com\/2019-05-20\/634344238497_273d3745f7ae1b176b82_72.jpg",
            "first_name": "Charly",
            "real_name": "Charly",
            "display_name": "Charly",
            "team": "TJH5YU202",
            "name": "carles9000",
            "is_restricted": false,
            "is_ultra_restricted": false
        },
        "blocks": [
            {
                "type": "rich_text",
                "block_id": "1yt",
                "elements": [
                    {
                        "type": "rich_text_section",
                        "elements": [
                            {
                                "type": "text",
                                "text": "Ha de ser transparente a los 2 sistemas"
                            }
                        ]
                    }
                ]
            }
        ]
    },
    {
        "client_msg_id": "49f0a376-fd5c-492b-9d09-ac22f1aab245",
        "type": "message",
        "text": "Pero esperaremos a que version fcgi este madurada y estable",
        "user": "UJWR5N32S",
        "ts": "1592419340.087300",
        "team": "TJH5YU202",
        "user_team": "TJH5YU202",
        "source_team": "TJH5YU202",
        "user_profile": {
            "avatar_hash": "273d3745f7ae",
            "image_72": "https:\/\/avatars.slack-edge.com\/2019-05-20\/634344238497_273d3745f7ae1b176b82_72.jpg",
            "first_name": "Charly",
            "real_name": "Charly",
            "display_name": "Charly",
            "team": "TJH5YU202",
            "name": "carles9000",
            "is_restricted": false,
            "is_ultra_restricted": false
        },
        "blocks": [
            {
                "type": "rich_text",
                "block_id": "DGJTE",
                "elements": [
                    {
                        "type": "rich_text_section",
                        "elements": [
                            {
                                "type": "text",
                                "text": "Pero esperaremos a que version fcgi este madurada y estable"
                            }
                        ]
                    }
                ]
            }
        ]
    },
    {
        "client_msg_id": "e42602ff-4f30-4d31-bdcb-6773aa7f81de",
        "type": "message",
        "text": "no creo que se pueda ser transparente de esa forma a menos que le metas una capa de indirección, porque vamos a cambiar el espacio de nombres de `AP_` a `MH_`",
        "user": "UNAHBRTFA",
        "ts": "1592419396.088100",
        "team": "TJH5YU202",
        "user_team": "TJH5YU202",
        "source_team": "TJH5YU202",
        "user_profile": {
            "avatar_hash": "g3d2a3f4c28c",
            "image_72": "https:\/\/secure.gravatar.com\/avatar\/23d2a3f4c28cebb4cf07e48d02620517.jpg?s=72&d=https%3A%2F%2Fa.slack-edge.com%2Fdf10d%2Fimg%2Favatars%2Fava_0020-72.png",
            "first_name": "Andreu",
            "real_name": "Andreu Botella",
            "display_name": "Andreu Botella",
            "team": "TJH5YU202",
            "name": "andreu.132",
            "is_restricted": false,
            "is_ultra_restricted": false
        },
        "blocks": [
            {
                "type": "rich_text",
                "block_id": "24YPr",
                "elements": [
                    {
                        "type": "rich_text_section",
                        "elements": [
                            {
                                "type": "text",
                                "text": "no creo que se pueda ser transparente de esa forma a menos que le metas una capa de indirección, porque vamos a cambiar el espacio de nombres de "
                            },
                            {
                                "type": "text",
                                "text": "AP_",
                                "style": {
                                    "code": true
                                }
                            },
                            {
                                "type": "text",
                                "text": " a "
                            },
                            {
                                "type": "text",
                                "text": "MH_",
                                "style": {
                                    "code": true
                                }
                            }
                        ]
                    }
                ]
            }
        ]
    },
    {
        "client_msg_id": "d8abb04a-b435-4807-bc0b-d46f0f7d863a",
        "type": "message",
        "text": "Ya lo se Andreu :slightly_smiling_face:",
        "user": "UJWR5N32S",
        "ts": "1592419434.088400",
        "team": "TJH5YU202",
        "user_team": "TJH5YU202",
        "source_team": "TJH5YU202",
        "user_profile": {
            "avatar_hash": "273d3745f7ae",
            "image_72": "https:\/\/avatars.slack-edge.com\/2019-05-20\/634344238497_273d3745f7ae1b176b82_72.jpg",
            "first_name": "Charly",
            "real_name": "Charly",
            "display_name": "Charly",
            "team": "TJH5YU202",
            "name": "carles9000",
            "is_restricted": false,
            "is_ultra_restricted": false
        },
        "blocks": [
            {
                "type": "rich_text",
                "block_id": "qcWky",
                "elements": [
                    {
                        "type": "rich_text_section",
                        "elements": [
                            {
                                "type": "text",
                                "text": "Ya lo se Andreu "
                            },
                            {
                                "type": "emoji",
                                "name": "slightly_smiling_face"
                            }
                        ]
                    }
                ]
            }
        ]
    },
    {
        "client_msg_id": "40abb205-5d8b-4281-ac8f-0f7b71000dfb",
        "type": "message",
        "text": "El programador no tendra de tocar codigo, por eso le sera transparente...",
        "user": "UJWR5N32S",
        "ts": "1592419455.088900",
        "team": "TJH5YU202",
        "user_team": "TJH5YU202",
        "source_team": "TJH5YU202",
        "user_profile": {
            "avatar_hash": "273d3745f7ae",
            "image_72": "https:\/\/avatars.slack-edge.com\/2019-05-20\/634344238497_273d3745f7ae1b176b82_72.jpg",
            "first_name": "Charly",
            "real_name": "Charly",
            "display_name": "Charly",
            "team": "TJH5YU202",
            "name": "carles9000",
            "is_restricted": false,
            "is_ultra_restricted": false
        },
        "blocks": [
            {
                "type": "rich_text",
                "block_id": "B2b",
                "elements": [
                    {
                        "type": "rich_text_section",
                        "elements": [
                            {
                                "type": "text",
                                "text": "El programador no tendra de tocar codigo, por eso le sera transparente..."
                            }
                        ]
                    }
                ]
            }
        ]
    },
    {
        "client_msg_id": "9a56c168-9dbe-478f-9b1a-c3e229e0dd1d",
        "type": "message",
        "text": "espacio de nombres es ineficiente, tiene 11 caracteres mas que prefijo",
        "user": "UM81W8B0Q",
        "ts": "1592419566.089600",
        "team": "TJH5YU202",
        "user_team": "TJH5YU202",
        "source_team": "TJH5YU202",
        "user_profile": {
            "avatar_hash": "gab9279ee8c0",
            "image_72": "https:\/\/secure.gravatar.com\/avatar\/73ab9279ee8c00f66ce4904d30146c8f.jpg?s=72&d=https%3A%2F%2Fa.slack-edge.com%2Fdf10d%2Fimg%2Favatars%2Fava_0010-72.png",
            "first_name": "",
            "real_name": "Angel Pais",
            "display_name": "Angel Pais",
            "team": "TJH5YU202",
            "name": "amigosam",
            "is_restricted": false,
            "is_ultra_restricted": false
        },
        "edited": {
            "user": "UM81W8B0Q",
            "ts": "1592419573.000000"
        },
        "blocks": [
            {
                "type": "rich_text",
                "block_id": "B1k3d",
                "elements": [
                    {
                        "type": "rich_text_section",
                        "elements": [
                            {
                                "type": "text",
                                "text": "espacio de nombres es ineficiente, tiene 11 caracteres mas que prefijo"
                            }
                        ]
                    }
                ]
            }
        ]
    },
    {
        "client_msg_id": "8d5ed963-76df-47a6-9ca6-ef8fae4e47f7",
        "type": "message",
        "text": "yo muchas veces pienso en inglés, y ahí solo tiene 3 caracteres más",
        "user": "UNAHBRTFA",
        "ts": "1592419626.090200",
        "team": "TJH5YU202",
        "user_team": "TJH5YU202",
        "source_team": "TJH5YU202",
        "user_profile": {
            "avatar_hash": "g3d2a3f4c28c",
            "image_72": "https:\/\/secure.gravatar.com\/avatar\/23d2a3f4c28cebb4cf07e48d02620517.jpg?s=72&d=https%3A%2F%2Fa.slack-edge.com%2Fdf10d%2Fimg%2Favatars%2Fava_0020-72.png",
            "first_name": "Andreu",
            "real_name": "Andreu Botella",
            "display_name": "Andreu Botella",
            "team": "TJH5YU202",
            "name": "andreu.132",
            "is_restricted": false,
            "is_ultra_restricted": false
        },
        "blocks": [
            {
                "type": "rich_text",
                "block_id": "qdSDI",
                "elements": [
                    {
                        "type": "rich_text_section",
                        "elements": [
                            {
                                "type": "text",
                                "text": "yo muchas veces pienso en inglés, y ahí solo tiene 3 caracteres más"
                            }
                        ]
                    }
                ]
            }
        ]
    },
    {
        "client_msg_id": "558ab5cf-cd92-4c43-983e-5af0aebb76d1",
        "type": "message",
        "text": "Angel, ¿Dónde debo insertar la página de destino y cómo iría desde allí?   Pensé en este caso, ya que es para el programa de chat, esta ya sería la página de inicio.",
        "user": "UJHD6A81H",
        "ts": "1592419998.091500",
        "team": "TJH5YU202",
        "user_team": "TJH5YU202",
        "source_team": "TJH5YU202",
        "user_profile": {
            "avatar_hash": "g6b8073e00e9",
            "image_72": "https:\/\/secure.gravatar.com\/avatar\/b96b8073e00e9eb02bcf05bc1418eb3a.jpg?s=72&d=https%3A%2F%2Fa.slack-edge.com%2Fdf10d%2Fimg%2Favatars%2Fava_0021-72.png",
            "first_name": "Otto",
            "real_name": "Otto Atzwanger",
            "display_name": "Otto",
            "team": "TJH5YU202",
            "name": "otto",
            "is_restricted": false,
            "is_ultra_restricted": false
        },
        "blocks": [
            {
                "type": "rich_text",
                "block_id": "qKSjI",
                "elements": [
                    {
                        "type": "rich_text_section",
                        "elements": [
                            {
                                "type": "text",
                                "text": "Angel, ¿Dónde debo insertar la página de destino y cómo iría desde allí?   Pensé en este caso, ya que es para el programa de chat, esta ya sería la página de inicio."
                            }
                        ]
                    }
                ]
            }
        ]
    },
    {
        "client_msg_id": "bd4077c8-f323-46e9-9564-4f246a1270f1",
        "type": "message",
        "text": "That's up to you. The landing page ussualy is the first page you get after typing the URL. From there you follow links and yes: you can have your. login form embebed in your LP",
        "user": "UM81W8B0Q",
        "ts": "1592420594.094400",
        "team": "TJH5YU202",
        "user_team": "TJH5YU202",
        "source_team": "TJH5YU202",
        "user_profile": {
            "avatar_hash": "gab9279ee8c0",
            "image_72": "https:\/\/secure.gravatar.com\/avatar\/73ab9279ee8c00f66ce4904d30146c8f.jpg?s=72&d=https%3A%2F%2Fa.slack-edge.com%2Fdf10d%2Fimg%2Favatars%2Fava_0010-72.png",
            "first_name": "",
            "real_name": "Angel Pais",
            "display_name": "Angel Pais",
            "team": "TJH5YU202",
            "name": "amigosam",
            "is_restricted": false,
            "is_ultra_restricted": false
        },
        "edited": {
            "user": "UM81W8B0Q",
            "ts": "1592420726.000000"
        },
        "blocks": [
            {
                "type": "rich_text",
                "block_id": "djqqg",
                "elements": [
                    {
                        "type": "rich_text_section",
                        "elements": [
                            {
                                "type": "text",
                                "text": "That's up to you. The landing page ussualy is the first page you get after typing the URL. From there you follow links and yes: you can have your. login form embebed in your LP"
                            }
                        ]
                    }
                ]
            }
        ]
    },
    {
        "client_msg_id": "5e7dbccc-972c-4b08-b713-ba2795caffd0",
        "type": "message",
        "text": "It just wasn't clear enough for me where was the landing page (the beginning) on that flowchart.",
        "user": "UM81W8B0Q",
        "ts": "1592420684.095500",
        "team": "TJH5YU202",
        "user_team": "TJH5YU202",
        "source_team": "TJH5YU202",
        "user_profile": {
            "avatar_hash": "gab9279ee8c0",
            "image_72": "https:\/\/secure.gravatar.com\/avatar\/73ab9279ee8c00f66ce4904d30146c8f.jpg?s=72&d=https%3A%2F%2Fa.slack-edge.com%2Fdf10d%2Fimg%2Favatars%2Fava_0010-72.png",
            "first_name": "",
            "real_name": "Angel Pais",
            "display_name": "Angel Pais",
            "team": "TJH5YU202",
            "name": "amigosam",
            "is_restricted": false,
            "is_ultra_restricted": false
        },
        "blocks": [
            {
                "type": "rich_text",
                "block_id": "tfG",
                "elements": [
                    {
                        "type": "rich_text_section",
                        "elements": [
                            {
                                "type": "text",
                                "text": "It just wasn't clear enough for me where was the landing page (the beginning) on that flowchart."
                            }
                        ]
                    }
                ]
            }
        ]
    },
    {
        "client_msg_id": "ab1b642f-a238-4195-91dc-60fe31292ee2",
        "type": "message",
        "text": "<@UNAHBRTFA>no te preocupes notros estamos acostumbrados hacer  function AP_() Return MH_() jeje",
        "user": "UK28N3CER",
        "ts": "1592420972.096800",
        "team": "TJH5YU202",
        "user_team": "TJH5YU202",
        "source_team": "TJH5YU202",
        "user_profile": {
            "avatar_hash": "0eafa7153ff3",
            "image_72": "https:\/\/avatars.slack-edge.com\/2020-05-18\/1155120542496_0eafa7153ff35206c804_72.jpg",
            "first_name": "Cesar",
            "real_name": "Cesar SysCtrl Software",
            "display_name": "Cesar SysCtrl Software",
            "team": "TJH5YU202",
            "name": "sysctrlsoftware",
            "is_restricted": false,
            "is_ultra_restricted": false
        },
        "blocks": [
            {
                "type": "rich_text",
                "block_id": "rfhc3",
                "elements": [
                    {
                        "type": "rich_text_section",
                        "elements": [
                            {
                                "type": "user",
                                "user_id": "UNAHBRTFA"
                            },
                            {
                                "type": "text",
                                "text": "no te preocupes notros estamos acostumbrados hacer  function AP_() Return MH_() jeje"
                            }
                        ]
                    }
                ]
            }
        ]
    },
    {
        "client_msg_id": "f80a738e-7072-4445-acd4-b96275cd76a6",
        "type": "message",
        "text": "¿eso no se puede hacer con el prepro?",
        "user": "UNAHBRTFA",
        "ts": "1592421119.097000",
        "team": "TJH5YU202",
        "user_team": "TJH5YU202",
        "source_team": "TJH5YU202",
        "user_profile": {
            "avatar_hash": "g3d2a3f4c28c",
            "image_72": "https:\/\/secure.gravatar.com\/avatar\/23d2a3f4c28cebb4cf07e48d02620517.jpg?s=72&d=https%3A%2F%2Fa.slack-edge.com%2Fdf10d%2Fimg%2Favatars%2Fava_0020-72.png",
            "first_name": "Andreu",
            "real_name": "Andreu Botella",
            "display_name": "Andreu Botella",
            "team": "TJH5YU202",
            "name": "andreu.132",
            "is_restricted": false,
            "is_ultra_restricted": false
        },
        "blocks": [
            {
                "type": "rich_text",
                "block_id": "aYpP",
                "elements": [
                    {
                        "type": "rich_text_section",
                        "elements": [
                            {
                                "type": "text",
                                "text": "¿eso no se puede hacer con el prepro?"
                            }
                        ]
                    }
                ]
            }
        ],
        "thread_ts": "1592421119.097000",
        "reply_count": 1,
        "reply_users_count": 1,
        "latest_reply": "1592432354.102000",
        "reply_users": [
            "UMZ3LNV5Z"
        ],
        "replies": [
            {
                "user": "UMZ3LNV5Z",
                "ts": "1592432354.102000"
            }
        ],
        "subscribed": false
    },
    {
        "client_msg_id": "e3a6fa69-1531-4d16-beb7-286cce28f162",
        "type": "message",
        "text": "no lo se Andreu pero el <@UJWR5N32S> hace magia",
        "user": "UK28N3CER",
        "ts": "1592422246.097400",
        "team": "TJH5YU202",
        "user_team": "TJH5YU202",
        "source_team": "TJH5YU202",
        "user_profile": {
            "avatar_hash": "0eafa7153ff3",
            "image_72": "https:\/\/avatars.slack-edge.com\/2020-05-18\/1155120542496_0eafa7153ff35206c804_72.jpg",
            "first_name": "Cesar",
            "real_name": "Cesar SysCtrl Software",
            "display_name": "Cesar SysCtrl Software",
            "team": "TJH5YU202",
            "name": "sysctrlsoftware",
            "is_restricted": false,
            "is_ultra_restricted": false
        },
        "blocks": [
            {
                "type": "rich_text",
                "block_id": "+XG",
                "elements": [
                    {
                        "type": "rich_text_section",
                        "elements": [
                            {
                                "type": "text",
                                "text": "no lo se Andreu pero el "
                            },
                            {
                                "type": "user",
                                "user_id": "UJWR5N32S"
                            },
                            {
                                "type": "text",
                                "text": " hace magia"
                            }
                        ]
                    }
                ]
            }
        ]
    },
    {
        "client_msg_id": "ba73c476-2829-4945-98b2-472a62f9d03a",
        "type": "message",
        "text": "Con el prepro hasta se puede hacer que parezca escrito en Rust :the_horns:",
        "user": "UM81W8B0Q",
        "ts": "1592423144.098400",
        "team": "TJH5YU202",
        "user_team": "TJH5YU202",
        "source_team": "TJH5YU202",
        "user_profile": {
            "avatar_hash": "gab9279ee8c0",
            "image_72": "https:\/\/secure.gravatar.com\/avatar\/73ab9279ee8c00f66ce4904d30146c8f.jpg?s=72&d=https%3A%2F%2Fa.slack-edge.com%2Fdf10d%2Fimg%2Favatars%2Fava_0010-72.png",
            "first_name": "",
            "real_name": "Angel Pais",
            "display_name": "Angel Pais",
            "team": "TJH5YU202",
            "name": "amigosam",
            "is_restricted": false,
            "is_ultra_restricted": false
        },
        "blocks": [
            {
                "type": "rich_text",
                "block_id": "Q+e",
                "elements": [
                    {
                        "type": "rich_text_section",
                        "elements": [
                            {
                                "type": "text",
                                "text": "Con el prepro hasta se puede hacer que parezca escrito en Rust "
                            },
                            {
                                "type": "emoji",
                                "name": "the_horns"
                            }
                        ]
                    }
                ]
            }
        ]
    },
    {
        "client_msg_id": "b080b5be-566d-4cd8-99e9-52c242765246",
        "type": "message",
        "text": ":hushed:",
        "user": "UK28N3CER",
        "ts": "1592423799.098600",
        "team": "TJH5YU202",
        "user_team": "TJH5YU202",
        "source_team": "TJH5YU202",
        "user_profile": {
            "avatar_hash": "0eafa7153ff3",
            "image_72": "https:\/\/avatars.slack-edge.com\/2020-05-18\/1155120542496_0eafa7153ff35206c804_72.jpg",
            "first_name": "Cesar",
            "real_name": "Cesar SysCtrl Software",
            "display_name": "Cesar SysCtrl Software",
            "team": "TJH5YU202",
            "name": "sysctrlsoftware",
            "is_restricted": false,
            "is_ultra_restricted": false
        },
        "blocks": [
            {
                "type": "rich_text",
                "block_id": "fg+z",
                "elements": [
                    {
                        "type": "rich_text_section",
                        "elements": [
                            {
                                "type": "emoji",
                                "name": "hushed"
                            }
                        ]
                    }
                ]
            }
        ]
    },
    {
        "client_msg_id": "a7cfe37f-eee4-4cd8-8fd4-ad4c0041f4e6",
        "type": "message",
        "text": "Quedaria visualmente sencillito al estilo :\n```namespace_rules! rpn {\n  ([ $($stack:expr),* ] $num:tt) =&gt; {\n    rpn!([ $AP_ $(, $MH_)* ])\n  };\n}```\n",
        "user": "UM81W8B0Q",
        "ts": "1592424169.101300",
        "team": "TJH5YU202",
        "user_team": "TJH5YU202",
        "source_team": "TJH5YU202",
        "user_profile": {
            "avatar_hash": "gab9279ee8c0",
            "image_72": "https:\/\/secure.gravatar.com\/avatar\/73ab9279ee8c00f66ce4904d30146c8f.jpg?s=72&d=https%3A%2F%2Fa.slack-edge.com%2Fdf10d%2Fimg%2Favatars%2Fava_0010-72.png",
            "first_name": "",
            "real_name": "Angel Pais",
            "display_name": "Angel Pais",
            "team": "TJH5YU202",
            "name": "amigosam",
            "is_restricted": false,
            "is_ultra_restricted": false
        },
        "blocks": [
            {
                "type": "rich_text",
                "block_id": "Hb\/43",
                "elements": [
                    {
                        "type": "rich_text_section",
                        "elements": [
                            {
                                "type": "text",
                                "text": "Quedaria visualmente sencillito al estilo :\n"
                            }
                        ]
                    },
                    {
                        "type": "rich_text_preformatted",
                        "elements": [
                            {
                                "type": "text",
                                "text": "namespace_rules! rpn {\n  ([ $($stack:expr),* ] $num:tt) => {\n    rpn!([ $AP_ $(, $MH_)* ])\n  };\n}"
                            }
                        ]
                    },
                    {
                        "type": "rich_text_section",
                        "elements": []
                    }
                ]
            }
        ]
    },
    {
        "client_msg_id": "cf29f8b3-db77-478e-a52a-29512bb571e5",
        "type": "message",
        "text": "NO se si me olvidé algún corchete en el camino",
        "user": "UM81W8B0Q",
        "ts": "1592424190.101600",
        "team": "TJH5YU202",
        "user_team": "TJH5YU202",
        "source_team": "TJH5YU202",
        "user_profile": {
            "avatar_hash": "gab9279ee8c0",
            "image_72": "https:\/\/secure.gravatar.com\/avatar\/73ab9279ee8c00f66ce4904d30146c8f.jpg?s=72&d=https%3A%2F%2Fa.slack-edge.com%2Fdf10d%2Fimg%2Favatars%2Fava_0010-72.png",
            "first_name": "",
            "real_name": "Angel Pais",
            "display_name": "Angel Pais",
            "team": "TJH5YU202",
            "name": "amigosam",
            "is_restricted": false,
            "is_ultra_restricted": false
        },
        "blocks": [
            {
                "type": "rich_text",
                "block_id": "beN",
                "elements": [
                    {
                        "type": "rich_text_section",
                        "elements": [
                            {
                                "type": "text",
                                "text": "NO se si me olvidé algún corchete en el camino"
                            }
                        ]
                    }
                ]
            }
        ],
        "reactions": [
            {
                "name": "+1",
                "users": [
                    "UJUSD6VB2"
                ],
                "count": 1
            }
        ]
    },
    {
        "client_msg_id": "2713fbcb-a813-4382-bb83-a3479881d6aa",
        "type": "message",
        "text": ":clap:",
        "user": "UK28N3CER",
        "ts": "1592424926.101800",
        "team": "TJH5YU202",
        "user_team": "TJH5YU202",
        "source_team": "TJH5YU202",
        "user_profile": {
            "avatar_hash": "0eafa7153ff3",
            "image_72": "https:\/\/avatars.slack-edge.com\/2020-05-18\/1155120542496_0eafa7153ff35206c804_72.jpg",
            "first_name": "Cesar",
            "real_name": "Cesar SysCtrl Software",
            "display_name": "Cesar SysCtrl Software",
            "team": "TJH5YU202",
            "name": "sysctrlsoftware",
            "is_restricted": false,
            "is_ultra_restricted": false
        },
        "blocks": [
            {
                "type": "rich_text",
                "block_id": "3hp6",
                "elements": [
                    {
                        "type": "rich_text_section",
                        "elements": [
                            {
                                "type": "emoji",
                                "name": "clap"
                            }
                        ]
                    }
                ]
            }
        ]
    },
    {
        "type": "message",
        "subtype": "thread_broadcast",
        "text": "<@UNAHBRTFA> si sin problemas tenemos un #xtranslate que hace milagros.  con eso me he pasado un montón de años haciendo  cosas como @kernel32:SleepEx( 0,1)  con un simple #xtranslate",
        "user": "UMZ3LNV5Z",
        "ts": "1592432354.102000",
        "thread_ts": "1592421119.097000",
        "root": {
            "client_msg_id": "f80a738e-7072-4445-acd4-b96275cd76a6",
            "type": "message",
            "text": "¿eso no se puede hacer con el prepro?",
            "user": "UNAHBRTFA",
            "ts": "1592421119.097000",
            "team": "TJH5YU202",
            "blocks": [
                {
                    "type": "rich_text",
                    "block_id": "aYpP",
                    "elements": [
                        {
                            "type": "rich_text_section",
                            "elements": [
                                {
                                    "type": "text",
                                    "text": "¿eso no se puede hacer con el prepro?"
                                }
                            ]
                        }
                    ]
                }
            ],
            "thread_ts": "1592421119.097000",
            "reply_count": 1,
            "reply_users_count": 1,
            "latest_reply": "1592432354.102000",
            "reply_users": [
                "UMZ3LNV5Z"
            ],
            "subscribed": false
        },
        "blocks": [
            {
                "type": "rich_text",
                "block_id": "w0Ux",
                "elements": [
                    {
                        "type": "rich_text_section",
                        "elements": [
                            {
                                "type": "user",
                                "user_id": "UNAHBRTFA"
                            },
                            {
                                "type": "text",
                                "text": " si sin problemas tenemos un #xtranslate que hace milagros.  con eso me he pasado un montón de años haciendo  cosas como @kernel32:SleepEx( 0,1)  con un simple #xtranslate"
                            }
                        ]
                    }
                ]
            }
        ],
        "client_msg_id": "0920eefd-db89-49d9-9610-40b250214d08"
    },
    {
        "client_msg_id": "958acc45-fbad-4ca5-8ac3-cc2f2cc481c1",
        "type": "message",
        "text": ":+1:",
        "user": "UK28N3CER",
        "ts": "1592434175.103000",
        "team": "TJH5YU202",
        "user_team": "TJH5YU202",
        "source_team": "TJH5YU202",
        "user_profile": {
            "avatar_hash": "0eafa7153ff3",
            "image_72": "https:\/\/avatars.slack-edge.com\/2020-05-18\/1155120542496_0eafa7153ff35206c804_72.jpg",
            "first_name": "Cesar",
            "real_name": "Cesar SysCtrl Software",
            "display_name": "Cesar SysCtrl Software",
            "team": "TJH5YU202",
            "name": "sysctrlsoftware",
            "is_restricted": false,
            "is_ultra_restricted": false
        },
        "blocks": [
            {
                "type": "rich_text",
                "block_id": "odfr+",
                "elements": [
                    {
                        "type": "rich_text_section",
                        "elements": [
                            {
                                "type": "emoji",
                                "name": "+1"
                            }
                        ]
                    }
                ]
            }
        ]
    },
    {
        "client_msg_id": "a9ed9617-2d5b-4f63-823f-55f7ed7efd02",
        "type": "message",
        "text": "Bon dia",
        "user": "UJWR5N32S",
        "ts": "1592459855.103200",
        "team": "TJH5YU202",
        "user_team": "TJH5YU202",
        "source_team": "TJH5YU202",
        "user_profile": {
            "avatar_hash": "273d3745f7ae",
            "image_72": "https:\/\/avatars.slack-edge.com\/2019-05-20\/634344238497_273d3745f7ae1b176b82_72.jpg",
            "first_name": "Charly",
            "real_name": "Charly",
            "display_name": "Charly",
            "team": "TJH5YU202",
            "name": "carles9000",
            "is_restricted": false,
            "is_ultra_restricted": false
        },
        "blocks": [
            {
                "type": "rich_text",
                "block_id": "1cP6",
                "elements": [
                    {
                        "type": "rich_text_section",
                        "elements": [
                            {
                                "type": "text",
                                "text": "Bon dia"
                            }
                        ]
                    }
                ]
            }
        ]
    },
    {
        "client_msg_id": "4ff22588-aa27-47a7-b0e3-ea682aaac60d",
        "type": "message",
        "text": "buenos dias :sunny:",
        "user": "UJN8D8U3B",
        "ts": "1592459886.103500",
        "team": "TJH5YU202",
        "user_team": "TJH5YU202",
        "source_team": "TJH5YU202",
        "user_profile": {
            "avatar_hash": "g92ad2abcc45",
            "image_72": "https:\/\/secure.gravatar.com\/avatar\/8492ad2abcc45ce53969adcf8420acde.jpg?s=72&d=https%3A%2F%2Fa.slack-edge.com%2Fdf10d%2Fimg%2Favatars%2Fava_0008-72.png",
            "first_name": "",
            "real_name": "Antonio Linares",
            "display_name": "Antonio Linares",
            "team": "TJH5YU202",
            "name": "alinares",
            "is_restricted": false,
            "is_ultra_restricted": false
        },
        "blocks": [
            {
                "type": "rich_text",
                "block_id": "aZXo",
                "elements": [
                    {
                        "type": "rich_text_section",
                        "elements": [
                            {
                                "type": "text",
                                "text": "buenos dias "
                            },
                            {
                                "type": "emoji",
                                "name": "sunny"
                            }
                        ]
                    }
                ]
            }
        ]
    }
]