[
    {
        "client_msg_id": "620C358D-8F17-4C7A-92C8-9257E9C3ABDA",
        "type": "message",
        "text": "gracias de nuevo, Otto! Espero que todos puedan disfrutar y que ayude mucho a la comunidad :pray::skin-tone-2:",
        "user": "U015CUP1T5Z",
        "ts": "1597486464.179300",
        "team": "TJH5YU202",
        "user_team": "TJH5YU202",
        "source_team": "TJH5YU202",
        "user_profile": {
            "avatar_hash": "2d5981129913",
            "image_72": "https:\/\/avatars.slack-edge.com\/2020-06-14\/1183376598323_2d5981129913ee85447d_72.jpg",
            "first_name": "ricardo",
            "real_name": "ricardo arraes",
            "display_name": "ricardo arraes",
            "team": "TJH5YU202",
            "name": "ricardo",
            "is_restricted": false,
            "is_ultra_restricted": false
        },
        "blocks": [
            {
                "type": "rich_text",
                "block_id": "cTNc6",
                "elements": [
                    {
                        "type": "rich_text_section",
                        "elements": [
                            {
                                "type": "text",
                                "text": "gracias de nuevo, Otto! Espero que todos puedan disfrutar y que ayude mucho a la comunidad "
                            },
                            {
                                "type": "emoji",
                                "name": "pray",
                                "skin_tone": 2
                            }
                        ]
                    }
                ]
            }
        ]
    },
    {
        "client_msg_id": "679a026c-0e9b-474c-afe9-84058135ddc7",
        "type": "message",
        "text": "estaba poniendo un mensaje en <https:\/\/github.com\/mod-harbour\/slack-logs\/issues\/4>, y me he dado cuenta de que no tengo ni idea de cómo traducir adecuadamente la construcción \"go ahead and &lt;verbo&gt;\"",
        "user": "UNAHBRTFA",
        "ts": "1597523694.179900",
        "team": "TJH5YU202",
        "user_team": "TJH5YU202",
        "source_team": "TJH5YU202",
        "user_profile": {
            "avatar_hash": "g3d2a3f4c28c",
            "image_72": "https:\/\/secure.gravatar.com\/avatar\/23d2a3f4c28cebb4cf07e48d02620517.jpg?s=72&d=https%3A%2F%2Fa.slack-edge.com%2Fdf10d%2Fimg%2Favatars%2Fava_0020-72.png",
            "first_name": "Andreu",
            "real_name": "Andreu Botella",
            "display_name": "Andreu Botella",
            "team": "TJH5YU202",
            "name": "andreu.132",
            "is_restricted": false,
            "is_ultra_restricted": false
        },
        "edited": {
            "user": "UNAHBRTFA",
            "ts": "1597523923.000000"
        },
        "blocks": [
            {
                "type": "rich_text",
                "block_id": "HvR=",
                "elements": [
                    {
                        "type": "rich_text_section",
                        "elements": [
                            {
                                "type": "text",
                                "text": "estaba poniendo un mensaje en "
                            },
                            {
                                "type": "link",
                                "url": "https:\/\/github.com\/mod-harbour\/slack-logs\/issues\/4"
                            },
                            {
                                "type": "text",
                                "text": ", y me he dado cuenta de que no tengo ni idea de cómo traducir adecuadamente la construcción \"go ahead and <verbo>\""
                            }
                        ]
                    }
                ]
            }
        ]
    },
    {
        "client_msg_id": "1ede066d-5e8c-46a8-853f-84fc007153c9",
        "type": "message",
        "text": "en jerga de internet, particularmente software libre, es hacer algo inmediatamente, sin esperar las respuestas de la gente que está observando el hilo en el que posteas",
        "user": "UNAHBRTFA",
        "ts": "1597523727.180900",
        "team": "TJH5YU202",
        "user_team": "TJH5YU202",
        "source_team": "TJH5YU202",
        "user_profile": {
            "avatar_hash": "g3d2a3f4c28c",
            "image_72": "https:\/\/secure.gravatar.com\/avatar\/23d2a3f4c28cebb4cf07e48d02620517.jpg?s=72&d=https%3A%2F%2Fa.slack-edge.com%2Fdf10d%2Fimg%2Favatars%2Fava_0020-72.png",
            "first_name": "Andreu",
            "real_name": "Andreu Botella",
            "display_name": "Andreu Botella",
            "team": "TJH5YU202",
            "name": "andreu.132",
            "is_restricted": false,
            "is_ultra_restricted": false
        },
        "blocks": [
            {
                "type": "rich_text",
                "block_id": "xzes=",
                "elements": [
                    {
                        "type": "rich_text_section",
                        "elements": [
                            {
                                "type": "text",
                                "text": "en jerga de internet, particularmente software libre, es hacer algo inmediatamente, sin esperar las respuestas de la gente que está observando el hilo en el que posteas"
                            }
                        ]
                    }
                ]
            }
        ]
    },
    {
        "client_msg_id": "4102d8c3-ecf7-4130-8d5e-e4e30919f24a",
        "type": "message",
        "text": "una traducción literal al español suena a non sequitur",
        "user": "UNAHBRTFA",
        "ts": "1597523776.181300",
        "team": "TJH5YU202",
        "user_team": "TJH5YU202",
        "source_team": "TJH5YU202",
        "user_profile": {
            "avatar_hash": "g3d2a3f4c28c",
            "image_72": "https:\/\/secure.gravatar.com\/avatar\/23d2a3f4c28cebb4cf07e48d02620517.jpg?s=72&d=https%3A%2F%2Fa.slack-edge.com%2Fdf10d%2Fimg%2Favatars%2Fava_0020-72.png",
            "first_name": "Andreu",
            "real_name": "Andreu Botella",
            "display_name": "Andreu Botella",
            "team": "TJH5YU202",
            "name": "andreu.132",
            "is_restricted": false,
            "is_ultra_restricted": false
        },
        "edited": {
            "user": "UNAHBRTFA",
            "ts": "1597523867.000000"
        },
        "blocks": [
            {
                "type": "rich_text",
                "block_id": "l4t",
                "elements": [
                    {
                        "type": "rich_text_section",
                        "elements": [
                            {
                                "type": "text",
                                "text": "una traducción literal al español suena a non sequitur"
                            }
                        ]
                    }
                ]
            }
        ]
    },
    {
        "client_msg_id": "24dea7be-642c-4643-bacb-a57e38604f86",
        "type": "message",
        "text": "No embromes Andreu. SOLO VE Y HAZLO !",
        "user": "UM81W8B0Q",
        "ts": "1597524310.182300",
        "team": "TJH5YU202",
        "user_team": "TJH5YU202",
        "source_team": "TJH5YU202",
        "user_profile": {
            "avatar_hash": "gab9279ee8c0",
            "image_72": "https:\/\/secure.gravatar.com\/avatar\/73ab9279ee8c00f66ce4904d30146c8f.jpg?s=72&d=https%3A%2F%2Fa.slack-edge.com%2Fdf10d%2Fimg%2Favatars%2Fava_0010-72.png",
            "first_name": "",
            "real_name": "Angel Pais",
            "display_name": "Angel Pais",
            "team": "TJH5YU202",
            "name": "amigosam",
            "is_restricted": false,
            "is_ultra_restricted": false
        },
        "blocks": [
            {
                "type": "rich_text",
                "block_id": "csMk",
                "elements": [
                    {
                        "type": "rich_text_section",
                        "elements": [
                            {
                                "type": "text",
                                "text": "No embromes Andreu. SOLO VE Y HAZLO !"
                            }
                        ]
                    }
                ]
            }
        ]
    },
    {
        "client_msg_id": "ebf36413-1b48-4c42-b098-50a3055fc4c5",
        "type": "message",
        "text": "A veces me paro mucho en las consideraciones linguosemánticas :sweat_smile:",
        "user": "UNAHBRTFA",
        "ts": "1597524986.183600",
        "team": "TJH5YU202",
        "user_team": "TJH5YU202",
        "source_team": "TJH5YU202",
        "user_profile": {
            "avatar_hash": "g3d2a3f4c28c",
            "image_72": "https:\/\/secure.gravatar.com\/avatar\/23d2a3f4c28cebb4cf07e48d02620517.jpg?s=72&d=https%3A%2F%2Fa.slack-edge.com%2Fdf10d%2Fimg%2Favatars%2Fava_0020-72.png",
            "first_name": "Andreu",
            "real_name": "Andreu Botella",
            "display_name": "Andreu Botella",
            "team": "TJH5YU202",
            "name": "andreu.132",
            "is_restricted": false,
            "is_ultra_restricted": false
        },
        "edited": {
            "user": "UNAHBRTFA",
            "ts": "1597524991.000000"
        },
        "blocks": [
            {
                "type": "rich_text",
                "block_id": "8xT",
                "elements": [
                    {
                        "type": "rich_text_section",
                        "elements": [
                            {
                                "type": "text",
                                "text": "A veces me paro mucho en las consideraciones linguosemánticas "
                            },
                            {
                                "type": "emoji",
                                "name": "sweat_smile"
                            }
                        ]
                    }
                ]
            }
        ]
    }
]