[
    {
        "client_msg_id": "f1d36cce-8e7b-449a-97bf-cb400f1e5c38",
        "type": "message",
        "text": "hola amigos, buenos días ¡Entendido! Estaba un poco confundido al ver los ejemplos, pensé que podría haber una razón específica para usar uno u otro. En cuanto a la pregunta de MVC y los bloques &lt;? Prg&gt;, está muy claro, ¡gracias! mi proyecto se está volviendo realmente interesante gracias a la flexibilidad de mod_harbour :blush:",
        "user": "U015CUP1T5Z",
        "ts": "1593088177.340600",
        "team": "TJH5YU202",
        "user_team": "TJH5YU202",
        "source_team": "TJH5YU202",
        "user_profile": {
            "avatar_hash": "2d5981129913",
            "image_72": "https:\/\/avatars.slack-edge.com\/2020-06-14\/1183376598323_2d5981129913ee85447d_72.jpg",
            "first_name": "ricardo",
            "real_name": "ricardo arraes",
            "display_name": "ricardo arraes",
            "team": "TJH5YU202",
            "name": "ricardo",
            "is_restricted": false,
            "is_ultra_restricted": false
        },
        "blocks": [
            {
                "type": "rich_text",
                "block_id": "=D\/1M",
                "elements": [
                    {
                        "type": "rich_text_section",
                        "elements": [
                            {
                                "type": "text",
                                "text": "hola amigos, buenos días ¡Entendido! Estaba un poco confundido al ver los ejemplos, pensé que podría haber una razón específica para usar uno u otro. En cuanto a la pregunta de MVC y los bloques <? Prg>, está muy claro, ¡gracias! mi proyecto se está volviendo realmente interesante gracias a la flexibilidad de mod_harbour "
                            },
                            {
                                "type": "emoji",
                                "name": "blush"
                            }
                        ]
                    }
                ]
            }
        ]
    },
    {
        "client_msg_id": "f83dab92-8f8a-4b70-90b2-b209f394d402",
        "type": "message",
        "text": "Hay unos ejemplos hblog en sus 4 versiones se explica muy birn el modelo MVC desde cero :zero:.",
        "user": "UK28N3CER",
        "ts": "1593090426.343900",
        "team": "TJH5YU202",
        "user_team": "TJH5YU202",
        "source_team": "TJH5YU202",
        "user_profile": {
            "avatar_hash": "0eafa7153ff3",
            "image_72": "https:\/\/avatars.slack-edge.com\/2020-05-18\/1155120542496_0eafa7153ff35206c804_72.jpg",
            "first_name": "Cesar",
            "real_name": "Cesar SysCtrl Software",
            "display_name": "Cesar SysCtrl Software",
            "team": "TJH5YU202",
            "name": "sysctrlsoftware",
            "is_restricted": false,
            "is_ultra_restricted": false
        },
        "blocks": [
            {
                "type": "rich_text",
                "block_id": "sz93",
                "elements": [
                    {
                        "type": "rich_text_section",
                        "elements": [
                            {
                                "type": "text",
                                "text": "Hay unos ejemplos hblog en sus 4 versiones se explica muy birn el modelo MVC desde cero "
                            },
                            {
                                "type": "emoji",
                                "name": "zero"
                            },
                            {
                                "type": "text",
                                "text": "."
                            }
                        ]
                    }
                ]
            }
        ]
    },
    {
        "client_msg_id": "334da4cd-6e1e-4672-8534-f49d366a727d",
        "type": "message",
        "text": "Buenos días",
        "user": "UK28N3CER",
        "ts": "1593090448.344200",
        "team": "TJH5YU202",
        "user_team": "TJH5YU202",
        "source_team": "TJH5YU202",
        "user_profile": {
            "avatar_hash": "0eafa7153ff3",
            "image_72": "https:\/\/avatars.slack-edge.com\/2020-05-18\/1155120542496_0eafa7153ff35206c804_72.jpg",
            "first_name": "Cesar",
            "real_name": "Cesar SysCtrl Software",
            "display_name": "Cesar SysCtrl Software",
            "team": "TJH5YU202",
            "name": "sysctrlsoftware",
            "is_restricted": false,
            "is_ultra_restricted": false
        },
        "blocks": [
            {
                "type": "rich_text",
                "block_id": "gZGU",
                "elements": [
                    {
                        "type": "rich_text_section",
                        "elements": [
                            {
                                "type": "text",
                                "text": "Buenos días"
                            }
                        ]
                    }
                ]
            }
        ]
    },
    {
        "client_msg_id": "a59ecdc5-6ac8-4f72-8149-f218706b2230",
        "type": "message",
        "text": "Hola, yo tengo instalado Xampp 7 4.  Y algo de 64 bits y la última versión de mod_harbour de 64 bits para Windows, que actualizo com git pull. Y harbour la versión de 32 bits construida con Bcc7. 4, creo que es la última, que utilizo con Fivewin 32 bits, los ejemplos me funcionan bien Para el curso hay que usar Una versión de Harbour de 64 bits?, o vale con mi versión actual. Gracias.",
        "user": "URQ8AJCQZ",
        "ts": "1593091296.344300",
        "team": "TJH5YU202",
        "user_team": "TJH5YU202",
        "source_team": "TJH5YU202",
        "user_profile": {
            "avatar_hash": "7ce81101b209",
            "image_72": "https:\/\/avatars.slack-edge.com\/2020-06-02\/1166191418788_7ce81101b20935b160c6_72.jpg",
            "first_name": "Jose",
            "real_name": "Jose Vte. Cheto",
            "display_name": "jvtecheto",
            "team": "TJH5YU202",
            "name": "jvtecheto",
            "is_restricted": false,
            "is_ultra_restricted": false
        },
        "blocks": [
            {
                "type": "rich_text",
                "block_id": "Id+",
                "elements": [
                    {
                        "type": "rich_text_section",
                        "elements": [
                            {
                                "type": "text",
                                "text": "Hola, yo tengo instalado Xampp 7 4.  Y algo de 64 bits y la última versión de mod_harbour de 64 bits para Windows, que actualizo com git pull. Y harbour la versión de 32 bits construida con Bcc7. 4, creo que es la última, que utilizo con Fivewin 32 bits, los ejemplos me funcionan bien Para el curso hay que usar Una versión de Harbour de 64 bits?, o vale con mi versión actual. Gracias."
                            }
                        ]
                    }
                ]
            }
        ],
        "thread_ts": "1593020851.324400",
        "parent_user_id": "UJWR5N32S"
    },
    {
        "client_msg_id": "d4125a0e-9fa7-42bd-960f-ccc1793ef845",
        "type": "message",
        "text": "Otra cosa en cuanto al Ide de código cual utilizáis vosotros.?",
        "user": "URQ8AJCQZ",
        "ts": "1593092105.344500",
        "team": "TJH5YU202",
        "user_team": "TJH5YU202",
        "source_team": "TJH5YU202",
        "user_profile": {
            "avatar_hash": "7ce81101b209",
            "image_72": "https:\/\/avatars.slack-edge.com\/2020-06-02\/1166191418788_7ce81101b20935b160c6_72.jpg",
            "first_name": "Jose",
            "real_name": "Jose Vte. Cheto",
            "display_name": "jvtecheto",
            "team": "TJH5YU202",
            "name": "jvtecheto",
            "is_restricted": false,
            "is_ultra_restricted": false
        },
        "blocks": [
            {
                "type": "rich_text",
                "block_id": "U71GO",
                "elements": [
                    {
                        "type": "rich_text_section",
                        "elements": [
                            {
                                "type": "text",
                                "text": "Otra cosa en cuanto al Ide de código cual utilizáis vosotros.?"
                            }
                        ]
                    }
                ]
            }
        ],
        "thread_ts": "1593020851.324400",
        "parent_user_id": "UJWR5N32S"
    },
    {
        "client_msg_id": "779dc084-8d25-469e-ab64-b53dff6eed4d",
        "type": "message",
        "text": "Buenas tardes",
        "user": "UJWR5N32S",
        "ts": "1593098337.345000",
        "team": "TJH5YU202",
        "user_team": "TJH5YU202",
        "source_team": "TJH5YU202",
        "user_profile": {
            "avatar_hash": "273d3745f7ae",
            "image_72": "https:\/\/avatars.slack-edge.com\/2019-05-20\/634344238497_273d3745f7ae1b176b82_72.jpg",
            "first_name": "Charly",
            "real_name": "Charly",
            "display_name": "Charly",
            "team": "TJH5YU202",
            "name": "carles9000",
            "is_restricted": false,
            "is_ultra_restricted": false
        },
        "blocks": [
            {
                "type": "rich_text",
                "block_id": "vT8T",
                "elements": [
                    {
                        "type": "rich_text_section",
                        "elements": [
                            {
                                "type": "text",
                                "text": "Buenas tardes"
                            }
                        ]
                    }
                ]
            }
        ]
    },
    {
        "client_msg_id": "402bdd3b-ec76-4920-a383-45299076871f",
        "type": "message",
        "text": "Sois ya *17* los inscritos. Mañana cerramos y os informo... :muscle:",
        "user": "UJWR5N32S",
        "ts": "1593098400.346000",
        "team": "TJH5YU202",
        "user_team": "TJH5YU202",
        "source_team": "TJH5YU202",
        "user_profile": {
            "avatar_hash": "273d3745f7ae",
            "image_72": "https:\/\/avatars.slack-edge.com\/2019-05-20\/634344238497_273d3745f7ae1b176b82_72.jpg",
            "first_name": "Charly",
            "real_name": "Charly",
            "display_name": "Charly",
            "team": "TJH5YU202",
            "name": "carles9000",
            "is_restricted": false,
            "is_ultra_restricted": false
        },
        "edited": {
            "user": "UJWR5N32S",
            "ts": "1593100331.000000"
        },
        "blocks": [
            {
                "type": "rich_text",
                "block_id": "l0ji",
                "elements": [
                    {
                        "type": "rich_text_section",
                        "elements": [
                            {
                                "type": "text",
                                "text": "Sois ya "
                            },
                            {
                                "type": "text",
                                "text": "17 ",
                                "style": {
                                    "bold": true
                                }
                            },
                            {
                                "type": "text",
                                "text": "los inscritos. Mañana cerramos y os informo... "
                            },
                            {
                                "type": "emoji",
                                "name": "muscle"
                            }
                        ]
                    }
                ]
            }
        ]
    },
    {
        "client_msg_id": "19c8f00a-0ae3-4bab-aefb-d2be5f3d6c49",
        "type": "message",
        "text": "Hay muchas ganas veo",
        "user": "UJWR5N32S",
        "ts": "1593098410.346300",
        "team": "TJH5YU202",
        "user_team": "TJH5YU202",
        "source_team": "TJH5YU202",
        "user_profile": {
            "avatar_hash": "273d3745f7ae",
            "image_72": "https:\/\/avatars.slack-edge.com\/2019-05-20\/634344238497_273d3745f7ae1b176b82_72.jpg",
            "first_name": "Charly",
            "real_name": "Charly",
            "display_name": "Charly",
            "team": "TJH5YU202",
            "name": "carles9000",
            "is_restricted": false,
            "is_ultra_restricted": false
        },
        "blocks": [
            {
                "type": "rich_text",
                "block_id": "YQ6T",
                "elements": [
                    {
                        "type": "rich_text_section",
                        "elements": [
                            {
                                "type": "text",
                                "text": "Hay muchas ganas veo"
                            }
                        ]
                    }
                ]
            }
        ]
    },
    {
        "client_msg_id": "8cc5dfbd-c60c-4141-86c5-458764487035",
        "type": "message",
        "text": "Algun usuario tambien quiere, peor no sabe o no ha podido instalarse el mod. En funcion de como vaya el curso montaremos otro",
        "user": "UJWR5N32S",
        "ts": "1593098460.347200",
        "team": "TJH5YU202",
        "user_team": "TJH5YU202",
        "source_team": "TJH5YU202",
        "user_profile": {
            "avatar_hash": "273d3745f7ae",
            "image_72": "https:\/\/avatars.slack-edge.com\/2019-05-20\/634344238497_273d3745f7ae1b176b82_72.jpg",
            "first_name": "Charly",
            "real_name": "Charly",
            "display_name": "Charly",
            "team": "TJH5YU202",
            "name": "carles9000",
            "is_restricted": false,
            "is_ultra_restricted": false
        },
        "blocks": [
            {
                "type": "rich_text",
                "block_id": "nBh",
                "elements": [
                    {
                        "type": "rich_text_section",
                        "elements": [
                            {
                                "type": "text",
                                "text": "Algun usuario tambien quiere, peor no sabe o no ha podido instalarse el mod. En funcion de como vaya el curso montaremos otro"
                            }
                        ]
                    }
                ]
            }
        ]
    },
    {
        "client_msg_id": "698faa5b-2bfe-4858-ba1a-8d6bcc98fcf6",
        "type": "message",
        "text": "por falta de confianza aqui nos apoyamos todos.",
        "user": "UK28N3CER",
        "ts": "1593100415.347600",
        "team": "TJH5YU202",
        "user_team": "TJH5YU202",
        "source_team": "TJH5YU202",
        "user_profile": {
            "avatar_hash": "0eafa7153ff3",
            "image_72": "https:\/\/avatars.slack-edge.com\/2020-05-18\/1155120542496_0eafa7153ff35206c804_72.jpg",
            "first_name": "Cesar",
            "real_name": "Cesar SysCtrl Software",
            "display_name": "Cesar SysCtrl Software",
            "team": "TJH5YU202",
            "name": "sysctrlsoftware",
            "is_restricted": false,
            "is_ultra_restricted": false
        },
        "blocks": [
            {
                "type": "rich_text",
                "block_id": "TaTY",
                "elements": [
                    {
                        "type": "rich_text_section",
                        "elements": [
                            {
                                "type": "text",
                                "text": "por falta de confianza aqui nos apoyamos todos."
                            }
                        ]
                    }
                ]
            }
        ]
    },
    {
        "client_msg_id": "a5f9756f-9786-4d16-ba6c-f6fe03396a77",
        "type": "message",
        "text": "cuantos más cursos y más información, mejor :blush:",
        "user": "U015CUP1T5Z",
        "ts": "1593101011.348000",
        "team": "TJH5YU202",
        "user_team": "TJH5YU202",
        "source_team": "TJH5YU202",
        "user_profile": {
            "avatar_hash": "2d5981129913",
            "image_72": "https:\/\/avatars.slack-edge.com\/2020-06-14\/1183376598323_2d5981129913ee85447d_72.jpg",
            "first_name": "ricardo",
            "real_name": "ricardo arraes",
            "display_name": "ricardo arraes",
            "team": "TJH5YU202",
            "name": "ricardo",
            "is_restricted": false,
            "is_ultra_restricted": false
        },
        "blocks": [
            {
                "type": "rich_text",
                "block_id": "QA\/p",
                "elements": [
                    {
                        "type": "rich_text_section",
                        "elements": [
                            {
                                "type": "text",
                                "text": "cuantos más cursos y más información, mejor "
                            },
                            {
                                "type": "emoji",
                                "name": "blush"
                            }
                        ]
                    }
                ]
            }
        ]
    },
    {
        "client_msg_id": "3d076822-83e5-4efb-840a-9e8ce30000a9",
        "type": "message",
        "text": "pasame  al usuario y le ayudo",
        "user": "UJXP7LS78",
        "ts": "1593112324.348500",
        "team": "TJH5YU202",
        "user_team": "TJH5YU202",
        "source_team": "TJH5YU202",
        "user_profile": {
            "avatar_hash": "gc4a0baebb72",
            "image_72": "https:\/\/secure.gravatar.com\/avatar\/a1c4a0baebb720b97e5a197259dbf409.jpg?s=72&d=https%3A%2F%2Fa.slack-edge.com%2Fdf10d%2Fimg%2Favatars%2Fava_0007-72.png",
            "first_name": "",
            "real_name": "wilson gamboa",
            "display_name": "wilson gamboa",
            "team": "TJH5YU202",
            "name": "wilson.josenet",
            "is_restricted": false,
            "is_ultra_restricted": false
        },
        "blocks": [
            {
                "type": "rich_text",
                "block_id": "GkUf=",
                "elements": [
                    {
                        "type": "rich_text_section",
                        "elements": [
                            {
                                "type": "text",
                                "text": "pasame  al usuario y le ayudo"
                            }
                        ]
                    }
                ]
            }
        ]
    },
    {
        "client_msg_id": "cbaaf267-9a10-4727-8617-5fa83adc159a",
        "type": "message",
        "text": "saludos",
        "user": "UJXP7LS78",
        "ts": "1593112326.348700",
        "team": "TJH5YU202",
        "user_team": "TJH5YU202",
        "source_team": "TJH5YU202",
        "user_profile": {
            "avatar_hash": "gc4a0baebb72",
            "image_72": "https:\/\/secure.gravatar.com\/avatar\/a1c4a0baebb720b97e5a197259dbf409.jpg?s=72&d=https%3A%2F%2Fa.slack-edge.com%2Fdf10d%2Fimg%2Favatars%2Fava_0007-72.png",
            "first_name": "",
            "real_name": "wilson gamboa",
            "display_name": "wilson gamboa",
            "team": "TJH5YU202",
            "name": "wilson.josenet",
            "is_restricted": false,
            "is_ultra_restricted": false
        },
        "blocks": [
            {
                "type": "rich_text",
                "block_id": "ZTD",
                "elements": [
                    {
                        "type": "rich_text_section",
                        "elements": [
                            {
                                "type": "text",
                                "text": "saludos"
                            }
                        ]
                    }
                ]
            }
        ]
    },
    {
        "client_msg_id": "83d0da70-0616-4a5f-92d9-80fc8503afc1",
        "type": "message",
        "text": "buenas tardes a todos",
        "user": "UJXP7LS78",
        "ts": "1593112330.349000",
        "team": "TJH5YU202",
        "user_team": "TJH5YU202",
        "source_team": "TJH5YU202",
        "user_profile": {
            "avatar_hash": "gc4a0baebb72",
            "image_72": "https:\/\/secure.gravatar.com\/avatar\/a1c4a0baebb720b97e5a197259dbf409.jpg?s=72&d=https%3A%2F%2Fa.slack-edge.com%2Fdf10d%2Fimg%2Favatars%2Fava_0007-72.png",
            "first_name": "",
            "real_name": "wilson gamboa",
            "display_name": "wilson gamboa",
            "team": "TJH5YU202",
            "name": "wilson.josenet",
            "is_restricted": false,
            "is_ultra_restricted": false
        },
        "blocks": [
            {
                "type": "rich_text",
                "block_id": "BpI",
                "elements": [
                    {
                        "type": "rich_text_section",
                        "elements": [
                            {
                                "type": "text",
                                "text": "buenas tardes a todos"
                            }
                        ]
                    }
                ]
            }
        ]
    },
    {
        "client_msg_id": "38ebf23f-ecfd-4f9e-9b3d-023754b34cb6",
        "type": "message",
        "text": "<https:\/\/forum.mod-harbour.org\/viewtopic.php?f=6&amp;t=477>",
        "user": "UJXP7LS78",
        "ts": "1593120148.349200",
        "team": "TJH5YU202",
        "user_team": "TJH5YU202",
        "source_team": "TJH5YU202",
        "user_profile": {
            "avatar_hash": "gc4a0baebb72",
            "image_72": "https:\/\/secure.gravatar.com\/avatar\/a1c4a0baebb720b97e5a197259dbf409.jpg?s=72&d=https%3A%2F%2Fa.slack-edge.com%2Fdf10d%2Fimg%2Favatars%2Fava_0007-72.png",
            "first_name": "",
            "real_name": "wilson gamboa",
            "display_name": "wilson gamboa",
            "team": "TJH5YU202",
            "name": "wilson.josenet",
            "is_restricted": false,
            "is_ultra_restricted": false
        },
        "blocks": [
            {
                "type": "rich_text",
                "block_id": "70o",
                "elements": [
                    {
                        "type": "rich_text_section",
                        "elements": [
                            {
                                "type": "link",
                                "url": "https:\/\/forum.mod-harbour.org\/viewtopic.php?f=6&t=477"
                            }
                        ]
                    }
                ]
            }
        ]
    },
    {
        "client_msg_id": "5ef1c509-1b80-4897-ae4b-f94cf769ac3a",
        "type": "message",
        "text": "saludos",
        "user": "UJXP7LS78",
        "ts": "1593120151.349400",
        "team": "TJH5YU202",
        "user_team": "TJH5YU202",
        "source_team": "TJH5YU202",
        "user_profile": {
            "avatar_hash": "gc4a0baebb72",
            "image_72": "https:\/\/secure.gravatar.com\/avatar\/a1c4a0baebb720b97e5a197259dbf409.jpg?s=72&d=https%3A%2F%2Fa.slack-edge.com%2Fdf10d%2Fimg%2Favatars%2Fava_0007-72.png",
            "first_name": "",
            "real_name": "wilson gamboa",
            "display_name": "wilson gamboa",
            "team": "TJH5YU202",
            "name": "wilson.josenet",
            "is_restricted": false,
            "is_ultra_restricted": false
        },
        "blocks": [
            {
                "type": "rich_text",
                "block_id": "+e=j",
                "elements": [
                    {
                        "type": "rich_text_section",
                        "elements": [
                            {
                                "type": "text",
                                "text": "saludos"
                            }
                        ]
                    }
                ]
            }
        ]
    },
    {
        "client_msg_id": "7dc6e0d1-1c63-4dc9-b1e4-0f25d5ea7c06",
        "type": "message",
        "text": "perdon mi spanglish",
        "user": "UJXP7LS78",
        "ts": "1593120159.349600",
        "team": "TJH5YU202",
        "user_team": "TJH5YU202",
        "source_team": "TJH5YU202",
        "user_profile": {
            "avatar_hash": "gc4a0baebb72",
            "image_72": "https:\/\/secure.gravatar.com\/avatar\/a1c4a0baebb720b97e5a197259dbf409.jpg?s=72&d=https%3A%2F%2Fa.slack-edge.com%2Fdf10d%2Fimg%2Favatars%2Fava_0007-72.png",
            "first_name": "",
            "real_name": "wilson gamboa",
            "display_name": "wilson gamboa",
            "team": "TJH5YU202",
            "name": "wilson.josenet",
            "is_restricted": false,
            "is_ultra_restricted": false
        },
        "blocks": [
            {
                "type": "rich_text",
                "block_id": "cHceU",
                "elements": [
                    {
                        "type": "rich_text_section",
                        "elements": [
                            {
                                "type": "text",
                                "text": "perdon mi spanglish"
                            }
                        ]
                    }
                ]
            }
        ]
    },
    {
        "client_msg_id": "0d97b495-36f4-43b5-8e19-cc8510173697",
        "type": "message",
        "text": "Good morning,",
        "user": "UJHD6A81H",
        "ts": "1593148412.349800",
        "team": "TJH5YU202",
        "user_team": "TJH5YU202",
        "source_team": "TJH5YU202",
        "user_profile": {
            "avatar_hash": "g6b8073e00e9",
            "image_72": "https:\/\/secure.gravatar.com\/avatar\/b96b8073e00e9eb02bcf05bc1418eb3a.jpg?s=72&d=https%3A%2F%2Fa.slack-edge.com%2Fdf10d%2Fimg%2Favatars%2Fava_0021-72.png",
            "first_name": "Otto",
            "real_name": "Otto Atzwanger",
            "display_name": "Otto",
            "team": "TJH5YU202",
            "name": "otto",
            "is_restricted": false,
            "is_ultra_restricted": false
        },
        "blocks": [
            {
                "type": "rich_text",
                "block_id": "w2n",
                "elements": [
                    {
                        "type": "rich_text_section",
                        "elements": [
                            {
                                "type": "text",
                                "text": "Good morning,"
                            }
                        ]
                    }
                ]
            }
        ]
    },
    {
        "client_msg_id": "eeb1d864-9abd-4e5a-830c-5ca537d3c73f",
        "type": "message",
        "text": "leemos un documento PDF fuera de htdocs,\nen una variable, descifre y guarde el PDF en el directorio htdocs.\nLuego mostramos el PDF en el navegador.\nNos gustaría eliminar el PDF temporal de inmediato.\nComo pudiste.",
        "user": "UJHD6A81H",
        "ts": "1593148449.350000",
        "team": "TJH5YU202",
        "user_team": "TJH5YU202",
        "source_team": "TJH5YU202",
        "user_profile": {
            "avatar_hash": "g6b8073e00e9",
            "image_72": "https:\/\/secure.gravatar.com\/avatar\/b96b8073e00e9eb02bcf05bc1418eb3a.jpg?s=72&d=https%3A%2F%2Fa.slack-edge.com%2Fdf10d%2Fimg%2Favatars%2Fava_0021-72.png",
            "first_name": "Otto",
            "real_name": "Otto Atzwanger",
            "display_name": "Otto",
            "team": "TJH5YU202",
            "name": "otto",
            "is_restricted": false,
            "is_ultra_restricted": false
        },
        "blocks": [
            {
                "type": "rich_text",
                "block_id": "7buK",
                "elements": [
                    {
                        "type": "rich_text_section",
                        "elements": [
                            {
                                "type": "text",
                                "text": "leemos un documento PDF fuera de htdocs,\nen una variable, descifre y guarde el PDF en el directorio htdocs.\nLuego mostramos el PDF en el navegador.\nNos gustaría eliminar el PDF temporal de inmediato.\nComo pudiste."
                            }
                        ]
                    }
                ]
            }
        ]
    },
    {
        "client_msg_id": "0d47f9e1-864c-4d87-95cd-12c257733474",
        "type": "message",
        "text": "static cSrc := \"c:\\secure\\pdf\\test.pdf\"\n\nfunction main\n    \n    local cPDF := memoread( cSrc )\n        \n    cPDF := Crypt(cPDF, \"securecode\")\n    \n    memowrit( \"c:\\www\\htdocs\\pdf\\temp.pdf\",  cPDF  )\n    \n    TEMPLATE\n    \n   \/\/ HERE WE SHOW THE PDF \n    \n    ENDTEXT\n\n    \/\/ferase (\"c:\\www\\htdocs\\pdf\\temp.pdf\")    \/\/ not working\n\nreturn",
        "user": "UJHD6A81H",
        "ts": "1593148478.350200",
        "team": "TJH5YU202",
        "user_team": "TJH5YU202",
        "source_team": "TJH5YU202",
        "user_profile": {
            "avatar_hash": "g6b8073e00e9",
            "image_72": "https:\/\/secure.gravatar.com\/avatar\/b96b8073e00e9eb02bcf05bc1418eb3a.jpg?s=72&d=https%3A%2F%2Fa.slack-edge.com%2Fdf10d%2Fimg%2Favatars%2Fava_0021-72.png",
            "first_name": "Otto",
            "real_name": "Otto Atzwanger",
            "display_name": "Otto",
            "team": "TJH5YU202",
            "name": "otto",
            "is_restricted": false,
            "is_ultra_restricted": false
        },
        "blocks": [
            {
                "type": "rich_text",
                "block_id": "k0vc",
                "elements": [
                    {
                        "type": "rich_text_section",
                        "elements": [
                            {
                                "type": "text",
                                "text": "static cSrc := \"c:\\secure\\pdf\\test.pdf\"\n\nfunction main\n    \n    local cPDF := memoread( cSrc )\n        \n    cPDF := Crypt(cPDF, \"securecode\")\n    \n    memowrit( \"c:\\www\\htdocs\\pdf\\temp.pdf\",  cPDF  )\n    \n    TEMPLATE\n    \n   \/\/ HERE WE SHOW THE PDF \n    \n    ENDTEXT\n\n    \/\/ferase (\"c:\\www\\htdocs\\pdf\\temp.pdf\")    \/\/ not working\n\nreturn"
                            }
                        ]
                    }
                ]
            }
        ]
    },
    {
        "client_msg_id": "fb5ec9ce-2176-45a8-9dab-40dbd0042f19",
        "type": "message",
        "text": "Bon dia",
        "user": "UJWR5N32S",
        "ts": "1593150560.350400",
        "team": "TJH5YU202",
        "user_team": "TJH5YU202",
        "source_team": "TJH5YU202",
        "user_profile": {
            "avatar_hash": "273d3745f7ae",
            "image_72": "https:\/\/avatars.slack-edge.com\/2019-05-20\/634344238497_273d3745f7ae1b176b82_72.jpg",
            "first_name": "Charly",
            "real_name": "Charly",
            "display_name": "Charly",
            "team": "TJH5YU202",
            "name": "carles9000",
            "is_restricted": false,
            "is_ultra_restricted": false
        },
        "blocks": [
            {
                "type": "rich_text",
                "block_id": "j6+",
                "elements": [
                    {
                        "type": "rich_text_section",
                        "elements": [
                            {
                                "type": "text",
                                "text": "Bon dia"
                            }
                        ]
                    }
                ]
            }
        ]
    },
    {
        "client_msg_id": "a05e4fe7-9f58-4dc7-8cfa-1f64eee4afc2",
        "type": "message",
        "text": "Viernes?",
        "user": "UJWR5N32S",
        "ts": "1593150567.350700",
        "team": "TJH5YU202",
        "user_team": "TJH5YU202",
        "source_team": "TJH5YU202",
        "user_profile": {
            "avatar_hash": "273d3745f7ae",
            "image_72": "https:\/\/avatars.slack-edge.com\/2019-05-20\/634344238497_273d3745f7ae1b176b82_72.jpg",
            "first_name": "Charly",
            "real_name": "Charly",
            "display_name": "Charly",
            "team": "TJH5YU202",
            "name": "carles9000",
            "is_restricted": false,
            "is_ultra_restricted": false
        },
        "blocks": [
            {
                "type": "rich_text",
                "block_id": "oxr2l",
                "elements": [
                    {
                        "type": "rich_text_section",
                        "elements": [
                            {
                                "type": "text",
                                "text": "Viernes?"
                            }
                        ]
                    }
                ]
            }
        ]
    },
    {
        "client_msg_id": "214e01b2-06dc-45fd-bff5-8e5cdee11ca1",
        "type": "message",
        "text": "Bon dia.",
        "user": "URQ8AJCQZ",
        "ts": "1593151158.351000",
        "team": "TJH5YU202",
        "user_team": "TJH5YU202",
        "source_team": "TJH5YU202",
        "user_profile": {
            "avatar_hash": "7ce81101b209",
            "image_72": "https:\/\/avatars.slack-edge.com\/2020-06-02\/1166191418788_7ce81101b20935b160c6_72.jpg",
            "first_name": "Jose",
            "real_name": "Jose Vte. Cheto",
            "display_name": "jvtecheto",
            "team": "TJH5YU202",
            "name": "jvtecheto",
            "is_restricted": false,
            "is_ultra_restricted": false
        },
        "blocks": [
            {
                "type": "rich_text",
                "block_id": "hQTp3",
                "elements": [
                    {
                        "type": "rich_text_section",
                        "elements": [
                            {
                                "type": "text",
                                "text": "Bon dia."
                            }
                        ]
                    }
                ]
            }
        ]
    },
    {
        "client_msg_id": "91dd02f7-083f-400b-9aa0-01b8a7714da5",
        "type": "message",
        "text": "buenos dias :sunny: si, por fín :slightly_smiling_face:",
        "user": "UJN8D8U3B",
        "ts": "1593153431.351400",
        "team": "TJH5YU202",
        "user_team": "TJH5YU202",
        "source_team": "TJH5YU202",
        "user_profile": {
            "avatar_hash": "g92ad2abcc45",
            "image_72": "https:\/\/secure.gravatar.com\/avatar\/8492ad2abcc45ce53969adcf8420acde.jpg?s=72&d=https%3A%2F%2Fa.slack-edge.com%2Fdf10d%2Fimg%2Favatars%2Fava_0008-72.png",
            "first_name": "",
            "real_name": "Antonio Linares",
            "display_name": "Antonio Linares",
            "team": "TJH5YU202",
            "name": "alinares",
            "is_restricted": false,
            "is_ultra_restricted": false
        },
        "blocks": [
            {
                "type": "rich_text",
                "block_id": "wwC1",
                "elements": [
                    {
                        "type": "rich_text_section",
                        "elements": [
                            {
                                "type": "text",
                                "text": "buenos dias "
                            },
                            {
                                "type": "emoji",
                                "name": "sunny"
                            },
                            {
                                "type": "text",
                                "text": " si, por fín "
                            },
                            {
                                "type": "emoji",
                                "name": "slightly_smiling_face"
                            }
                        ]
                    }
                ]
            }
        ]
    },
    {
        "client_msg_id": "9f1d50b5-c40c-4a89-aea2-c7b388222586",
        "type": "message",
        "text": "Viernes ? Qué me dices ? bd.",
        "user": "UJULQCHL5",
        "ts": "1593154221.352000",
        "team": "TJH5YU202",
        "user_team": "TJH5YU202",
        "source_team": "TJH5YU202",
        "user_profile": {
            "avatar_hash": "g7659142325a",
            "image_72": "https:\/\/secure.gravatar.com\/avatar\/c87659142325a3facb661d85281ec091.jpg?s=72&d=https%3A%2F%2Fa.slack-edge.com%2Fdf10d%2Fimg%2Favatars%2Fava_0003-72.png",
            "first_name": "",
            "real_name": "Paquito",
            "display_name": "Paquito",
            "team": "TJH5YU202",
            "name": "hmpaquito",
            "is_restricted": false,
            "is_ultra_restricted": false
        },
        "blocks": [
            {
                "type": "rich_text",
                "block_id": "HhZs",
                "elements": [
                    {
                        "type": "rich_text_section",
                        "elements": [
                            {
                                "type": "text",
                                "text": "Viernes ? Qué me dices ? bd."
                            }
                        ]
                    }
                ]
            }
        ]
    }
]