[
    {
        "client_msg_id": "ba2c977a-9c70-43a6-92c6-fbdf063d9192",
        "type": "message",
        "text": "Cierto Antonio en el correo que te llega con las novedades, aparece pero luego al pinchar en el link no está, claramente ha sido borrado. Yo no sé que pensar vosotros sabéis más que yo del tema y tendréis ideas.",
        "user": "URQ8AJCQZ",
        "ts": "1595748010.439800",
        "team": "TJH5YU202",
        "user_team": "TJH5YU202",
        "source_team": "TJH5YU202",
        "user_profile": {
            "avatar_hash": "7ce81101b209",
            "image_72": "https:\/\/avatars.slack-edge.com\/2020-06-02\/1166191418788_7ce81101b20935b160c6_72.jpg",
            "first_name": "Jose",
            "real_name": "Jose Vte. Cheto",
            "display_name": "jvtecheto",
            "team": "TJH5YU202",
            "name": "jvtecheto",
            "is_restricted": false,
            "is_ultra_restricted": false
        },
        "blocks": [
            {
                "type": "rich_text",
                "block_id": "oIb4",
                "elements": [
                    {
                        "type": "rich_text_section",
                        "elements": [
                            {
                                "type": "text",
                                "text": "Cierto Antonio en el correo que te llega con las novedades, aparece pero luego al pinchar en el link no está, claramente ha sido borrado. Yo no sé que pensar vosotros sabéis más que yo del tema y tendréis ideas."
                            }
                        ]
                    }
                ]
            }
        ],
        "thread_ts": "1595743490.439600",
        "parent_user_id": "UJN8D8U3B"
    },
    {
        "client_msg_id": "d0a2dd9e-c871-47ec-81cc-10b483b36855",
        "type": "message",
        "text": "Good morning",
        "user": "UJHD6A81H",
        "ts": "1595753270.440100",
        "team": "TJH5YU202",
        "user_team": "TJH5YU202",
        "source_team": "TJH5YU202",
        "user_profile": {
            "avatar_hash": "g6b8073e00e9",
            "image_72": "https:\/\/secure.gravatar.com\/avatar\/b96b8073e00e9eb02bcf05bc1418eb3a.jpg?s=72&d=https%3A%2F%2Fa.slack-edge.com%2Fdf10d%2Fimg%2Favatars%2Fava_0021-72.png",
            "first_name": "Otto",
            "real_name": "Otto Atzwanger",
            "display_name": "Otto",
            "team": "TJH5YU202",
            "name": "otto",
            "is_restricted": false,
            "is_ultra_restricted": false
        },
        "blocks": [
            {
                "type": "rich_text",
                "block_id": "lNM",
                "elements": [
                    {
                        "type": "rich_text_section",
                        "elements": [
                            {
                                "type": "text",
                                "text": "Good morning"
                            }
                        ]
                    }
                ]
            }
        ]
    },
    {
        "client_msg_id": "a8b9d788-6a58-408b-af34-78cea81a4840",
        "type": "message",
        "text": "¿Cuál es el curso de acción correcto?\n¿Debería instalar interruptores de línea usted mismo o delegar todo a bootstrap?\n        `&lt;div class=\"row\"&gt;`\n\n    `&lt;div class=\"col-md-4 col-sm-4 \"&gt;`\n\n    `&lt;\/div&gt;`\n    `&lt;div class=\"col-md-4 col-sm-4 \"&gt;`\n\n    `&lt;\/div&gt;`\n    `&lt;div class=\"col-md-4 col-sm-4 \"&gt;`\n\n    `&lt;\/div&gt;`\n\n`&lt;\/div&gt;`\n\n\n`&lt;div class=\"row\"&gt;`\n\n    `&lt;div class=\"col-md-4 col-sm-4 \"&gt;`\n\n    `&lt;\/div&gt;`\n    `&lt;div class=\"col-md-4 col-sm-4 \"&gt;`\n\n    `&lt;\/div&gt;`\n    `&lt;div class=\"col-md-4 col-sm-4 \"&gt;`\n\n    `&lt;\/div&gt;`\n\n`&lt;\/div&gt;`\n\n\n\n`div class=\"row\"&gt;`\n\n    `&lt;div class=\"col-md-4 col-sm-4 \"&gt;`\n\n    `&lt;\/div&gt;`\n    `&lt;div class=\"col-md-4 col-sm-4 \"&gt;`\n\n    `&lt;\/div&gt;`\n    `&lt;div class=\"col-md-4 col-sm-4 \"&gt;`\n\n    `&lt;\/div&gt;`\n\n    `&lt;div class=\"col-md-4 col-sm-4 \"&gt;`\n\n    `&lt;\/div&gt;`\n    `&lt;div class=\"col-md-4 col-sm-4 \"&gt;`\n\n    `&lt;\/div&gt;`\n    `&lt;div class=\"col-md-4 col-sm-4 \"&gt;`\n\n    `&lt;\/div&gt;`\n\n`&lt;\/div&gt;`",
        "user": "UJHD6A81H",
        "ts": "1595753419.441000",
        "team": "TJH5YU202",
        "user_team": "TJH5YU202",
        "source_team": "TJH5YU202",
        "user_profile": {
            "avatar_hash": "g6b8073e00e9",
            "image_72": "https:\/\/secure.gravatar.com\/avatar\/b96b8073e00e9eb02bcf05bc1418eb3a.jpg?s=72&d=https%3A%2F%2Fa.slack-edge.com%2Fdf10d%2Fimg%2Favatars%2Fava_0021-72.png",
            "first_name": "Otto",
            "real_name": "Otto Atzwanger",
            "display_name": "Otto",
            "team": "TJH5YU202",
            "name": "otto",
            "is_restricted": false,
            "is_ultra_restricted": false
        },
        "blocks": [
            {
                "type": "rich_text",
                "block_id": "Y\/A=",
                "elements": [
                    {
                        "type": "rich_text_section",
                        "elements": [
                            {
                                "type": "text",
                                "text": "¿Cuál es el curso de acción correcto?\n¿Debería instalar interruptores de línea usted mismo o delegar todo a bootstrap?\n"
                            },
                            {
                                "type": "text",
                                "text": "        <div class=\"row\">",
                                "style": {
                                    "code": true
                                }
                            },
                            {
                                "type": "text",
                                "text": "\n\n"
                            },
                            {
                                "type": "text",
                                "text": "    <div class=\"col-md-4 col-sm-4 \">",
                                "style": {
                                    "code": true
                                }
                            },
                            {
                                "type": "text",
                                "text": "\n\n"
                            },
                            {
                                "type": "text",
                                "text": "    <\/div>",
                                "style": {
                                    "code": true
                                }
                            },
                            {
                                "type": "text",
                                "text": "\n"
                            },
                            {
                                "type": "text",
                                "text": "    <div class=\"col-md-4 col-sm-4 \">",
                                "style": {
                                    "code": true
                                }
                            },
                            {
                                "type": "text",
                                "text": "\n\n"
                            },
                            {
                                "type": "text",
                                "text": "    <\/div>",
                                "style": {
                                    "code": true
                                }
                            },
                            {
                                "type": "text",
                                "text": "\n"
                            },
                            {
                                "type": "text",
                                "text": "    <div class=\"col-md-4 col-sm-4 \">",
                                "style": {
                                    "code": true
                                }
                            },
                            {
                                "type": "text",
                                "text": "\n\n"
                            },
                            {
                                "type": "text",
                                "text": "    <\/div>",
                                "style": {
                                    "code": true
                                }
                            },
                            {
                                "type": "text",
                                "text": "\n\n"
                            },
                            {
                                "type": "text",
                                "text": "<\/div>",
                                "style": {
                                    "code": true
                                }
                            },
                            {
                                "type": "text",
                                "text": "\n\n\n"
                            },
                            {
                                "type": "text",
                                "text": "<div class=\"row\">",
                                "style": {
                                    "code": true
                                }
                            },
                            {
                                "type": "text",
                                "text": "\n\n"
                            },
                            {
                                "type": "text",
                                "text": "    <div class=\"col-md-4 col-sm-4 \">",
                                "style": {
                                    "code": true
                                }
                            },
                            {
                                "type": "text",
                                "text": "\n\n"
                            },
                            {
                                "type": "text",
                                "text": "    <\/div>",
                                "style": {
                                    "code": true
                                }
                            },
                            {
                                "type": "text",
                                "text": "\n"
                            },
                            {
                                "type": "text",
                                "text": "    <div class=\"col-md-4 col-sm-4 \">",
                                "style": {
                                    "code": true
                                }
                            },
                            {
                                "type": "text",
                                "text": "\n\n"
                            },
                            {
                                "type": "text",
                                "text": "    <\/div>",
                                "style": {
                                    "code": true
                                }
                            },
                            {
                                "type": "text",
                                "text": "\n"
                            },
                            {
                                "type": "text",
                                "text": "    <div class=\"col-md-4 col-sm-4 \">",
                                "style": {
                                    "code": true
                                }
                            },
                            {
                                "type": "text",
                                "text": "\n\n"
                            },
                            {
                                "type": "text",
                                "text": "    <\/div>",
                                "style": {
                                    "code": true
                                }
                            },
                            {
                                "type": "text",
                                "text": "\n\n"
                            },
                            {
                                "type": "text",
                                "text": "<\/div>",
                                "style": {
                                    "code": true
                                }
                            },
                            {
                                "type": "text",
                                "text": "\n\n\n\n"
                            },
                            {
                                "type": "text",
                                "text": "div class=\"row\">",
                                "style": {
                                    "code": true
                                }
                            },
                            {
                                "type": "text",
                                "text": "\n\n"
                            },
                            {
                                "type": "text",
                                "text": "    <div class=\"col-md-4 col-sm-4 \">",
                                "style": {
                                    "code": true
                                }
                            },
                            {
                                "type": "text",
                                "text": "\n\n"
                            },
                            {
                                "type": "text",
                                "text": "    <\/div>",
                                "style": {
                                    "code": true
                                }
                            },
                            {
                                "type": "text",
                                "text": "\n"
                            },
                            {
                                "type": "text",
                                "text": "    <div class=\"col-md-4 col-sm-4 \">",
                                "style": {
                                    "code": true
                                }
                            },
                            {
                                "type": "text",
                                "text": "\n\n"
                            },
                            {
                                "type": "text",
                                "text": "    <\/div>",
                                "style": {
                                    "code": true
                                }
                            },
                            {
                                "type": "text",
                                "text": "\n"
                            },
                            {
                                "type": "text",
                                "text": "    <div class=\"col-md-4 col-sm-4 \">",
                                "style": {
                                    "code": true
                                }
                            },
                            {
                                "type": "text",
                                "text": "\n\n"
                            },
                            {
                                "type": "text",
                                "text": "    <\/div>",
                                "style": {
                                    "code": true
                                }
                            },
                            {
                                "type": "text",
                                "text": "\n\n"
                            },
                            {
                                "type": "text",
                                "text": "    <div class=\"col-md-4 col-sm-4 \">",
                                "style": {
                                    "code": true
                                }
                            },
                            {
                                "type": "text",
                                "text": "\n\n"
                            },
                            {
                                "type": "text",
                                "text": "    <\/div>",
                                "style": {
                                    "code": true
                                }
                            },
                            {
                                "type": "text",
                                "text": "\n"
                            },
                            {
                                "type": "text",
                                "text": "    <div class=\"col-md-4 col-sm-4 \">",
                                "style": {
                                    "code": true
                                }
                            },
                            {
                                "type": "text",
                                "text": "\n\n"
                            },
                            {
                                "type": "text",
                                "text": "    <\/div>",
                                "style": {
                                    "code": true
                                }
                            },
                            {
                                "type": "text",
                                "text": "\n"
                            },
                            {
                                "type": "text",
                                "text": "    <div class=\"col-md-4 col-sm-4 \">",
                                "style": {
                                    "code": true
                                }
                            },
                            {
                                "type": "text",
                                "text": "\n\n"
                            },
                            {
                                "type": "text",
                                "text": "    <\/div>",
                                "style": {
                                    "code": true
                                }
                            },
                            {
                                "type": "text",
                                "text": "\n\n"
                            },
                            {
                                "type": "text",
                                "text": "<\/div>",
                                "style": {
                                    "code": true
                                }
                            }
                        ]
                    }
                ]
            }
        ]
    },
    {
        "client_msg_id": "ee8f1adb-71cb-4d42-a8a8-76f94c9ec976",
        "type": "message",
        "text": "creo que como es la primera vez que publico está pendiente del moderador. Porque a mi tampoco me sale",
        "user": "UMZ3LNV5Z",
        "ts": "1595755671.441100",
        "team": "TJH5YU202",
        "user_team": "TJH5YU202",
        "source_team": "TJH5YU202",
        "user_profile": {
            "avatar_hash": "0705cbdb2dc9",
            "image_72": "https:\/\/avatars.slack-edge.com\/2020-02-24\/967980533062_0705cbdb2dc9cb3644bb_72.jpg",
            "first_name": "Pablo",
            "real_name": "Pablo Botella",
            "display_name": "Pablo Botella",
            "team": "TJH5YU202",
            "name": "pb",
            "is_restricted": false,
            "is_ultra_restricted": false
        },
        "edited": {
            "user": "UMZ3LNV5Z",
            "ts": "1595755691.000000"
        },
        "blocks": [
            {
                "type": "rich_text",
                "block_id": "sW0n",
                "elements": [
                    {
                        "type": "rich_text_section",
                        "elements": [
                            {
                                "type": "text",
                                "text": "creo que como es la primera vez que publico está pendiente del moderador. Porque a mi tampoco me sale"
                            }
                        ]
                    }
                ]
            }
        ],
        "thread_ts": "1595743490.439600",
        "parent_user_id": "UJN8D8U3B"
    },
    {
        "client_msg_id": "67f5c359-4888-40a1-a734-3e10dfb3e7c6",
        "type": "message",
        "text": "o igual me lo han borrado",
        "user": "UMZ3LNV5Z",
        "ts": "1595755722.441400",
        "team": "TJH5YU202",
        "user_team": "TJH5YU202",
        "source_team": "TJH5YU202",
        "user_profile": {
            "avatar_hash": "0705cbdb2dc9",
            "image_72": "https:\/\/avatars.slack-edge.com\/2020-02-24\/967980533062_0705cbdb2dc9cb3644bb_72.jpg",
            "first_name": "Pablo",
            "real_name": "Pablo Botella",
            "display_name": "Pablo Botella",
            "team": "TJH5YU202",
            "name": "pb",
            "is_restricted": false,
            "is_ultra_restricted": false
        },
        "blocks": [
            {
                "type": "rich_text",
                "block_id": "D3D",
                "elements": [
                    {
                        "type": "rich_text_section",
                        "elements": [
                            {
                                "type": "text",
                                "text": "o igual me lo han borrado"
                            }
                        ]
                    }
                ]
            }
        ],
        "thread_ts": "1595743490.439600",
        "parent_user_id": "UJN8D8U3B"
    },
    {
        "client_msg_id": "3b9a628b-5884-4615-bd77-eca5ee18e8d3",
        "type": "message",
        "text": "Le he enviado un mensaje a Vailton Renato en el linked in a ver si me contesta",
        "user": "UMZ3LNV5Z",
        "ts": "1595757249.441600",
        "team": "TJH5YU202",
        "user_team": "TJH5YU202",
        "source_team": "TJH5YU202",
        "user_profile": {
            "avatar_hash": "0705cbdb2dc9",
            "image_72": "https:\/\/avatars.slack-edge.com\/2020-02-24\/967980533062_0705cbdb2dc9cb3644bb_72.jpg",
            "first_name": "Pablo",
            "real_name": "Pablo Botella",
            "display_name": "Pablo Botella",
            "team": "TJH5YU202",
            "name": "pb",
            "is_restricted": false,
            "is_ultra_restricted": false
        },
        "blocks": [
            {
                "type": "rich_text",
                "block_id": "+szCD",
                "elements": [
                    {
                        "type": "rich_text_section",
                        "elements": [
                            {
                                "type": "text",
                                "text": "Le he enviado un mensaje a Vailton Renato en el linked in a ver si me contesta"
                            }
                        ]
                    }
                ]
            }
        ],
        "thread_ts": "1595743490.439600",
        "parent_user_id": "UJN8D8U3B"
    },
    {
        "client_msg_id": "874b0380-4e72-4519-b14c-972e2e549c28",
        "type": "message",
        "text": "Hoy hice esta galería basada en la base de datos DBF exactamente de acuerdo con mis instrucciones\n\n<https:\/\/winhotel.space\/harbourino\/htmlpublic\/faq---database-driven.html>\n\nTengo exactamente 47 min. segunda mano.",
        "user": "UJHD6A81H",
        "ts": "1595780313.442000",
        "team": "TJH5YU202",
        "user_team": "TJH5YU202",
        "source_team": "TJH5YU202",
        "user_profile": {
            "avatar_hash": "g6b8073e00e9",
            "image_72": "https:\/\/secure.gravatar.com\/avatar\/b96b8073e00e9eb02bcf05bc1418eb3a.jpg?s=72&d=https%3A%2F%2Fa.slack-edge.com%2Fdf10d%2Fimg%2Favatars%2Fava_0021-72.png",
            "first_name": "Otto",
            "real_name": "Otto Atzwanger",
            "display_name": "Otto",
            "team": "TJH5YU202",
            "name": "otto",
            "is_restricted": false,
            "is_ultra_restricted": false
        },
        "blocks": [
            {
                "type": "rich_text",
                "block_id": "t\/9",
                "elements": [
                    {
                        "type": "rich_text_section",
                        "elements": [
                            {
                                "type": "text",
                                "text": "Hoy hice esta galería basada en la base de datos DBF exactamente de acuerdo con mis instrucciones\n\n"
                            },
                            {
                                "type": "link",
                                "url": "https:\/\/winhotel.space\/harbourino\/htmlpublic\/faq---database-driven.html"
                            },
                            {
                                "type": "text",
                                "text": "\n\nTengo exactamente 47 min. segunda mano."
                            }
                        ]
                    }
                ]
            }
        ]
    },
    {
        "type": "message",
        "text": "",
        "files": [
            {
                "id": "F017RCL798S",
                "created": 1595780319,
                "timestamp": 1595780319,
                "name": "grafik.png",
                "title": "grafik.png",
                "mimetype": "image\/png",
                "filetype": "png",
                "pretty_type": "PNG",
                "user": "UJHD6A81H",
                "editable": false,
                "size": 350586,
                "mode": "hosted",
                "is_external": false,
                "external_type": "",
                "is_public": true,
                "public_url_shared": false,
                "display_as_bot": false,
                "username": "",
                "url_private": "https:\/\/files.slack.com\/files-pri\/TJH5YU202-F017RCL798S\/grafik.png?t=xoxe-629202954002-1316365335585-1303739558562-bb0d767c5143c02b3f1039cae658c718",
                "url_private_download": "https:\/\/files.slack.com\/files-pri\/TJH5YU202-F017RCL798S\/download\/grafik.png?t=xoxe-629202954002-1316365335585-1303739558562-bb0d767c5143c02b3f1039cae658c718",
                "thumb_64": "https:\/\/files.slack.com\/files-tmb\/TJH5YU202-F017RCL798S-e67d2ef49a\/grafik_64.png?t=xoxe-629202954002-1316365335585-1303739558562-bb0d767c5143c02b3f1039cae658c718",
                "thumb_80": "https:\/\/files.slack.com\/files-tmb\/TJH5YU202-F017RCL798S-e67d2ef49a\/grafik_80.png?t=xoxe-629202954002-1316365335585-1303739558562-bb0d767c5143c02b3f1039cae658c718",
                "thumb_360": "https:\/\/files.slack.com\/files-tmb\/TJH5YU202-F017RCL798S-e67d2ef49a\/grafik_360.png?t=xoxe-629202954002-1316365335585-1303739558562-bb0d767c5143c02b3f1039cae658c718",
                "thumb_360_w": 348,
                "thumb_360_h": 360,
                "thumb_480": "https:\/\/files.slack.com\/files-tmb\/TJH5YU202-F017RCL798S-e67d2ef49a\/grafik_480.png?t=xoxe-629202954002-1316365335585-1303739558562-bb0d767c5143c02b3f1039cae658c718",
                "thumb_480_w": 464,
                "thumb_480_h": 480,
                "thumb_160": "https:\/\/files.slack.com\/files-tmb\/TJH5YU202-F017RCL798S-e67d2ef49a\/grafik_160.png?t=xoxe-629202954002-1316365335585-1303739558562-bb0d767c5143c02b3f1039cae658c718",
                "thumb_720": "https:\/\/files.slack.com\/files-tmb\/TJH5YU202-F017RCL798S-e67d2ef49a\/grafik_720.png?t=xoxe-629202954002-1316365335585-1303739558562-bb0d767c5143c02b3f1039cae658c718",
                "thumb_720_w": 697,
                "thumb_720_h": 720,
                "thumb_800": "https:\/\/files.slack.com\/files-tmb\/TJH5YU202-F017RCL798S-e67d2ef49a\/grafik_800.png?t=xoxe-629202954002-1316365335585-1303739558562-bb0d767c5143c02b3f1039cae658c718",
                "thumb_800_w": 800,
                "thumb_800_h": 827,
                "thumb_960": "https:\/\/files.slack.com\/files-tmb\/TJH5YU202-F017RCL798S-e67d2ef49a\/grafik_960.png?t=xoxe-629202954002-1316365335585-1303739558562-bb0d767c5143c02b3f1039cae658c718",
                "thumb_960_w": 929,
                "thumb_960_h": 960,
                "thumb_1024": "https:\/\/files.slack.com\/files-tmb\/TJH5YU202-F017RCL798S-e67d2ef49a\/grafik_1024.png?t=xoxe-629202954002-1316365335585-1303739558562-bb0d767c5143c02b3f1039cae658c718",
                "thumb_1024_w": 991,
                "thumb_1024_h": 1024,
                "original_w": 1186,
                "original_h": 1226,
                "thumb_tiny": "AwAwAC7OpRjPOce1JS0ih+z\/AGWo2Z7N+lMz7UZ9qAA8HjP40lL+FJQBdsX2IxLAc9Nuc1dE+5FwBk+vFZ1tOYUIBxk+lONz82c59yKGT1KtJS0lBQUUUUAOXGOaU4A4plFABRUqwOwUgD5hkfMKd9km9F\/77FAEFFFFAH\/\/2Q==",
                "permalink": "https:\/\/harbourproject.slack.com\/files\/UJHD6A81H\/F017RCL798S\/grafik.png",
                "permalink_public": "https:\/\/slack-files.com\/TJH5YU202-F017RCL798S-4fde1f684d",
                "is_starred": false,
                "has_rich_preview": false
            }
        ],
        "upload": false,
        "user": "UJHD6A81H",
        "display_as_bot": false,
        "ts": "1595780325.442100"
    },
    {
        "client_msg_id": "bef45d55-6105-4ca2-aaf9-ac946639d653",
        "type": "message",
        "text": "Integré la galería en nuestro sitio web WORDPRESS con un iframe.\nMod Harbour y los archivos DBF finalmente permiten un trabajo flexible y rápido.",
        "user": "UJHD6A81H",
        "ts": "1595780541.442500",
        "team": "TJH5YU202",
        "user_team": "TJH5YU202",
        "source_team": "TJH5YU202",
        "user_profile": {
            "avatar_hash": "g6b8073e00e9",
            "image_72": "https:\/\/secure.gravatar.com\/avatar\/b96b8073e00e9eb02bcf05bc1418eb3a.jpg?s=72&d=https%3A%2F%2Fa.slack-edge.com%2Fdf10d%2Fimg%2Favatars%2Fava_0021-72.png",
            "first_name": "Otto",
            "real_name": "Otto Atzwanger",
            "display_name": "Otto",
            "team": "TJH5YU202",
            "name": "otto",
            "is_restricted": false,
            "is_ultra_restricted": false
        },
        "blocks": [
            {
                "type": "rich_text",
                "block_id": "ls2rC",
                "elements": [
                    {
                        "type": "rich_text_section",
                        "elements": [
                            {
                                "type": "text",
                                "text": "Integré la galería en nuestro sitio web WORDPRESS con un iframe.\nMod Harbour y los archivos DBF finalmente permiten un trabajo flexible y rápido."
                            }
                        ]
                    }
                ]
            }
        ]
    },
    {
        "type": "message",
        "text": "",
        "files": [
            {
                "id": "F017Q1QEMCM",
                "created": 1595780574,
                "timestamp": 1595780574,
                "name": "grafik.png",
                "title": "grafik.png",
                "mimetype": "image\/png",
                "filetype": "png",
                "pretty_type": "PNG",
                "user": "UJHD6A81H",
                "editable": false,
                "size": 381697,
                "mode": "hosted",
                "is_external": false,
                "external_type": "",
                "is_public": true,
                "public_url_shared": false,
                "display_as_bot": false,
                "username": "",
                "url_private": "https:\/\/files.slack.com\/files-pri\/TJH5YU202-F017Q1QEMCM\/grafik.png?t=xoxe-629202954002-1316365335585-1303739558562-bb0d767c5143c02b3f1039cae658c718",
                "url_private_download": "https:\/\/files.slack.com\/files-pri\/TJH5YU202-F017Q1QEMCM\/download\/grafik.png?t=xoxe-629202954002-1316365335585-1303739558562-bb0d767c5143c02b3f1039cae658c718",
                "thumb_64": "https:\/\/files.slack.com\/files-tmb\/TJH5YU202-F017Q1QEMCM-3d6c957b48\/grafik_64.png?t=xoxe-629202954002-1316365335585-1303739558562-bb0d767c5143c02b3f1039cae658c718",
                "thumb_80": "https:\/\/files.slack.com\/files-tmb\/TJH5YU202-F017Q1QEMCM-3d6c957b48\/grafik_80.png?t=xoxe-629202954002-1316365335585-1303739558562-bb0d767c5143c02b3f1039cae658c718",
                "thumb_360": "https:\/\/files.slack.com\/files-tmb\/TJH5YU202-F017Q1QEMCM-3d6c957b48\/grafik_360.png?t=xoxe-629202954002-1316365335585-1303739558562-bb0d767c5143c02b3f1039cae658c718",
                "thumb_360_w": 360,
                "thumb_360_h": 324,
                "thumb_480": "https:\/\/files.slack.com\/files-tmb\/TJH5YU202-F017Q1QEMCM-3d6c957b48\/grafik_480.png?t=xoxe-629202954002-1316365335585-1303739558562-bb0d767c5143c02b3f1039cae658c718",
                "thumb_480_w": 480,
                "thumb_480_h": 432,
                "thumb_160": "https:\/\/files.slack.com\/files-tmb\/TJH5YU202-F017Q1QEMCM-3d6c957b48\/grafik_160.png?t=xoxe-629202954002-1316365335585-1303739558562-bb0d767c5143c02b3f1039cae658c718",
                "thumb_720": "https:\/\/files.slack.com\/files-tmb\/TJH5YU202-F017Q1QEMCM-3d6c957b48\/grafik_720.png?t=xoxe-629202954002-1316365335585-1303739558562-bb0d767c5143c02b3f1039cae658c718",
                "thumb_720_w": 720,
                "thumb_720_h": 648,
                "thumb_800": "https:\/\/files.slack.com\/files-tmb\/TJH5YU202-F017Q1QEMCM-3d6c957b48\/grafik_800.png?t=xoxe-629202954002-1316365335585-1303739558562-bb0d767c5143c02b3f1039cae658c718",
                "thumb_800_w": 800,
                "thumb_800_h": 719,
                "thumb_960": "https:\/\/files.slack.com\/files-tmb\/TJH5YU202-F017Q1QEMCM-3d6c957b48\/grafik_960.png?t=xoxe-629202954002-1316365335585-1303739558562-bb0d767c5143c02b3f1039cae658c718",
                "thumb_960_w": 960,
                "thumb_960_h": 863,
                "thumb_1024": "https:\/\/files.slack.com\/files-tmb\/TJH5YU202-F017Q1QEMCM-3d6c957b48\/grafik_1024.png?t=xoxe-629202954002-1316365335585-1303739558562-bb0d767c5143c02b3f1039cae658c718",
                "thumb_1024_w": 1024,
                "thumb_1024_h": 921,
                "original_w": 1262,
                "original_h": 1135,
                "thumb_tiny": "AwArADCybu0LbjIpPTODR9qtP76\/karyWllG215WU+hP\/wBamfZ9P\/57H\/vr\/wCtQBb+1Wn99cfQ0farTGN64+hqp9n0\/wD57H\/vr\/61H2fT\/wDnsf8Avr\/61AFiS4tSQRIox7Ghbm3U\/wCtUd+9QeRYD\/lu3\/fX\/wBalW1sXYKsrEnoM\/8A1qVgsQ6l\/wAfjfQVVAJ6fzq1qX\/H430FVaChdp9vzo2H2\/MUu7\/d\/Kjd\/u\/lQA08VNZ\/8fcX+9UNTWf\/AB9xf71AEt+Ab8hjgHGTTzaWw25mf5unApl8M6hg\/wCzViGGMqxKA4PemlcluxSSFWZxk4U4HvTXi2gHnk4qeEDMh7huKW6PbjAcdqQyT+z4\/wC+\/wClVokEeoIgOQsgFaWazx\/yEx\/10pgf\/9k=",
                "permalink": "https:\/\/harbourproject.slack.com\/files\/UJHD6A81H\/F017Q1QEMCM\/grafik.png",
                "permalink_public": "https:\/\/slack-files.com\/TJH5YU202-F017Q1QEMCM-623cbc3f35",
                "is_starred": false,
                "has_rich_preview": false
            }
        ],
        "upload": false,
        "user": "UJHD6A81H",
        "display_as_bot": false,
        "ts": "1595780578.442600"
    },
    {
        "client_msg_id": "5b9a63c5-2ed0-4c23-8356-4c2bba8d1cdf",
        "type": "message",
        "text": "La galería está llena de código Fivewin. Los textos se agregan gradualmente a mano.",
        "user": "UJHD6A81H",
        "ts": "1595782411.443000",
        "team": "TJH5YU202",
        "user_team": "TJH5YU202",
        "source_team": "TJH5YU202",
        "user_profile": {
            "avatar_hash": "g6b8073e00e9",
            "image_72": "https:\/\/secure.gravatar.com\/avatar\/b96b8073e00e9eb02bcf05bc1418eb3a.jpg?s=72&d=https%3A%2F%2Fa.slack-edge.com%2Fdf10d%2Fimg%2Favatars%2Fava_0021-72.png",
            "first_name": "Otto",
            "real_name": "Otto Atzwanger",
            "display_name": "Otto",
            "team": "TJH5YU202",
            "name": "otto",
            "is_restricted": false,
            "is_ultra_restricted": false
        },
        "blocks": [
            {
                "type": "rich_text",
                "block_id": "OUZo6",
                "elements": [
                    {
                        "type": "rich_text_section",
                        "elements": [
                            {
                                "type": "text",
                                "text": "La galería está llena de código Fivewin. Los textos se agregan gradualmente a mano."
                            }
                        ]
                    }
                ]
            }
        ]
    },
    {
        "client_msg_id": "9d737f01-b9b0-4c51-acb1-698ca91736b8",
        "type": "message",
        "text": "`function Main()`\n\t`local cPath := \"c:\\fwh\\samples\\img2\\img\\\"`\n   `local I := 0`\n  \t`local aDir := directory(  cPath + \"*.jpg\",\"DHS\")`\n   `local cSrc := \"\"`\n   `*----------------------------------------------------------`\n   `use( \"c:\\fwh\\samples\\img2\\data\\gallery.dbf\" ) new`\n   \n   \n   `for I = 1 to len( aDir )`\n   \t`cSrc := aDir[I,1]`\n  \t\t\n \t\t`APPEND BLANK`\n \t\t`gallery-&gt;topic \t := STRTRAN( cSrc , \".jpg\", \"\")`\n \t\t`gallery-&gt;link\t\t := \"'\"+ \"<https:\/\/winhotel.space\/mh_ebiketouren\/>\" + ALLTRIM( cSrc ) + \"'\"`\n \t\t`gallery-&gt;topictext := \"Lorem ipsum dolor sit amet, consectetur adipiscing elit, sed do eiusmod tempor incididunt ut labore et dolore magna aliqua. Ut enim ad minim veniam, quis nostru\"`\n \n   `next`\n\n`? \"Ende\"`\n`return nil`",
        "user": "UJHD6A81H",
        "ts": "1595782433.443300",
        "team": "TJH5YU202",
        "user_team": "TJH5YU202",
        "source_team": "TJH5YU202",
        "user_profile": {
            "avatar_hash": "g6b8073e00e9",
            "image_72": "https:\/\/secure.gravatar.com\/avatar\/b96b8073e00e9eb02bcf05bc1418eb3a.jpg?s=72&d=https%3A%2F%2Fa.slack-edge.com%2Fdf10d%2Fimg%2Favatars%2Fava_0021-72.png",
            "first_name": "Otto",
            "real_name": "Otto Atzwanger",
            "display_name": "Otto",
            "team": "TJH5YU202",
            "name": "otto",
            "is_restricted": false,
            "is_ultra_restricted": false
        },
        "blocks": [
            {
                "type": "rich_text",
                "block_id": "5kGM",
                "elements": [
                    {
                        "type": "rich_text_section",
                        "elements": [
                            {
                                "type": "text",
                                "text": "function Main()",
                                "style": {
                                    "code": true
                                }
                            },
                            {
                                "type": "text",
                                "text": "\n"
                            },
                            {
                                "type": "text",
                                "text": "\tlocal cPath := \"c:\\fwh\\samples\\img2\\img\\\"",
                                "style": {
                                    "code": true
                                }
                            },
                            {
                                "type": "text",
                                "text": "\n"
                            },
                            {
                                "type": "text",
                                "text": "   local I := 0",
                                "style": {
                                    "code": true
                                }
                            },
                            {
                                "type": "text",
                                "text": "\n"
                            },
                            {
                                "type": "text",
                                "text": "  \tlocal aDir := directory(  cPath + \"*.jpg\",\"DHS\")",
                                "style": {
                                    "code": true
                                }
                            },
                            {
                                "type": "text",
                                "text": "\n"
                            },
                            {
                                "type": "text",
                                "text": "   local cSrc := \"\"",
                                "style": {
                                    "code": true
                                }
                            },
                            {
                                "type": "text",
                                "text": "\n"
                            },
                            {
                                "type": "text",
                                "text": "   *----------------------------------------------------------",
                                "style": {
                                    "code": true
                                }
                            },
                            {
                                "type": "text",
                                "text": "\n"
                            },
                            {
                                "type": "text",
                                "text": "   use( \"c:\\fwh\\samples\\img2\\data\\gallery.dbf\" ) new",
                                "style": {
                                    "code": true
                                }
                            },
                            {
                                "type": "text",
                                "text": "\n"
                            },
                            {
                                "type": "text",
                                "text": "   ",
                                "style": {
                                    "code": true
                                }
                            },
                            {
                                "type": "text",
                                "text": "\n"
                            },
                            {
                                "type": "text",
                                "text": "   ",
                                "style": {
                                    "code": true
                                }
                            },
                            {
                                "type": "text",
                                "text": "\n"
                            },
                            {
                                "type": "text",
                                "text": "   for I = 1 to len( aDir )",
                                "style": {
                                    "code": true
                                }
                            },
                            {
                                "type": "text",
                                "text": "\n"
                            },
                            {
                                "type": "text",
                                "text": "   \tcSrc := aDir[I,1]",
                                "style": {
                                    "code": true
                                }
                            },
                            {
                                "type": "text",
                                "text": "\n"
                            },
                            {
                                "type": "text",
                                "text": "  \t\t",
                                "style": {
                                    "code": true
                                }
                            },
                            {
                                "type": "text",
                                "text": "\n"
                            },
                            {
                                "type": "text",
                                "text": " \t\tAPPEND BLANK",
                                "style": {
                                    "code": true
                                }
                            },
                            {
                                "type": "text",
                                "text": "\n"
                            },
                            {
                                "type": "text",
                                "text": " \t\tgallery->topic \t := STRTRAN( cSrc , \".jpg\", \"\")",
                                "style": {
                                    "code": true
                                }
                            },
                            {
                                "type": "text",
                                "text": "\n"
                            },
                            {
                                "type": "text",
                                "text": " \t\tgallery->link\t\t := \"'\"+ \"",
                                "style": {
                                    "code": true
                                }
                            },
                            {
                                "type": "link",
                                "url": "https:\/\/winhotel.space\/mh_ebiketouren\/",
                                "style": {
                                    "code": true
                                }
                            },
                            {
                                "type": "text",
                                "text": "\" + ALLTRIM( cSrc ) + \"'\"",
                                "style": {
                                    "code": true
                                }
                            },
                            {
                                "type": "text",
                                "text": "\n"
                            },
                            {
                                "type": "text",
                                "text": " \t\tgallery->topictext := \"Lorem ipsum dolor sit amet, consectetur adipiscing elit, sed do eiusmod tempor incididunt ut labore et dolore magna aliqua. Ut enim ad minim veniam, quis nostru\"",
                                "style": {
                                    "code": true
                                }
                            },
                            {
                                "type": "text",
                                "text": "\n"
                            },
                            {
                                "type": "text",
                                "text": " ",
                                "style": {
                                    "code": true
                                }
                            },
                            {
                                "type": "text",
                                "text": "\n"
                            },
                            {
                                "type": "text",
                                "text": "   next",
                                "style": {
                                    "code": true
                                }
                            },
                            {
                                "type": "text",
                                "text": "\n\n"
                            },
                            {
                                "type": "text",
                                "text": "? \"Ende\"",
                                "style": {
                                    "code": true
                                }
                            },
                            {
                                "type": "text",
                                "text": "\n"
                            },
                            {
                                "type": "text",
                                "text": "return nil",
                                "style": {
                                    "code": true
                                }
                            }
                        ]
                    }
                ]
            }
        ]
    },
    {
        "type": "message",
        "text": "",
        "files": [
            {
                "id": "F017JM3UKAS",
                "created": 1595782586,
                "timestamp": 1595782586,
                "name": "galerie.gif",
                "title": "galerie.gif",
                "mimetype": "image\/gif",
                "filetype": "gif",
                "pretty_type": "GIF",
                "user": "UJHD6A81H",
                "editable": false,
                "size": 17255304,
                "mode": "hosted",
                "is_external": false,
                "external_type": "",
                "is_public": true,
                "public_url_shared": false,
                "display_as_bot": false,
                "username": "",
                "url_private": "https:\/\/files.slack.com\/files-pri\/TJH5YU202-F017JM3UKAS\/galerie.gif?t=xoxe-629202954002-1316365335585-1303739558562-bb0d767c5143c02b3f1039cae658c718",
                "url_private_download": "https:\/\/files.slack.com\/files-pri\/TJH5YU202-F017JM3UKAS\/download\/galerie.gif?t=xoxe-629202954002-1316365335585-1303739558562-bb0d767c5143c02b3f1039cae658c718",
                "thumb_64": "https:\/\/files.slack.com\/files-tmb\/TJH5YU202-F017JM3UKAS-d7bef66eef\/galerie_64.png?t=xoxe-629202954002-1316365335585-1303739558562-bb0d767c5143c02b3f1039cae658c718",
                "thumb_80": "https:\/\/files.slack.com\/files-tmb\/TJH5YU202-F017JM3UKAS-d7bef66eef\/galerie_80.png?t=xoxe-629202954002-1316365335585-1303739558562-bb0d767c5143c02b3f1039cae658c718",
                "thumb_360": "https:\/\/files.slack.com\/files-tmb\/TJH5YU202-F017JM3UKAS-d7bef66eef\/galerie_360.png?t=xoxe-629202954002-1316365335585-1303739558562-bb0d767c5143c02b3f1039cae658c718",
                "thumb_360_w": 360,
                "thumb_360_h": 258,
                "thumb_480": "https:\/\/files.slack.com\/files-tmb\/TJH5YU202-F017JM3UKAS-d7bef66eef\/galerie_480.png?t=xoxe-629202954002-1316365335585-1303739558562-bb0d767c5143c02b3f1039cae658c718",
                "thumb_480_w": 480,
                "thumb_480_h": 344,
                "thumb_160": "https:\/\/files.slack.com\/files-tmb\/TJH5YU202-F017JM3UKAS-d7bef66eef\/galerie_160.png?t=xoxe-629202954002-1316365335585-1303739558562-bb0d767c5143c02b3f1039cae658c718",
                "thumb_720": "https:\/\/files.slack.com\/files-tmb\/TJH5YU202-F017JM3UKAS-d7bef66eef\/galerie_720.png?t=xoxe-629202954002-1316365335585-1303739558562-bb0d767c5143c02b3f1039cae658c718",
                "thumb_720_w": 720,
                "thumb_720_h": 516,
                "thumb_800": "https:\/\/files.slack.com\/files-tmb\/TJH5YU202-F017JM3UKAS-d7bef66eef\/galerie_800.png?t=xoxe-629202954002-1316365335585-1303739558562-bb0d767c5143c02b3f1039cae658c718",
                "thumb_800_w": 800,
                "thumb_800_h": 574,
                "thumb_960": "https:\/\/files.slack.com\/files-tmb\/TJH5YU202-F017JM3UKAS-d7bef66eef\/galerie_960.png?t=xoxe-629202954002-1316365335585-1303739558562-bb0d767c5143c02b3f1039cae658c718",
                "thumb_960_w": 960,
                "thumb_960_h": 688,
                "thumb_1024": "https:\/\/files.slack.com\/files-tmb\/TJH5YU202-F017JM3UKAS-d7bef66eef\/galerie_1024.png?t=xoxe-629202954002-1316365335585-1303739558562-bb0d767c5143c02b3f1039cae658c718",
                "thumb_1024_w": 1024,
                "thumb_1024_h": 734,
                "thumb_360_gif": "https:\/\/files.slack.com\/files-tmb\/TJH5YU202-F017JM3UKAS-d7bef66eef\/galerie_360.gif?t=xoxe-629202954002-1316365335585-1303739558562-bb0d767c5143c02b3f1039cae658c718",
                "thumb_480_gif": "https:\/\/files.slack.com\/files-tmb\/TJH5YU202-F017JM3UKAS-d7bef66eef\/galerie_480.gif?t=xoxe-629202954002-1316365335585-1303739558562-bb0d767c5143c02b3f1039cae658c718",
                "original_w": 1361,
                "original_h": 976,
                "deanimate_gif": "https:\/\/files.slack.com\/files-tmb\/TJH5YU202-F017JM3UKAS-d7bef66eef\/galerie_deanimate_gif.png?t=xoxe-629202954002-1316365335585-1303739558562-bb0d767c5143c02b3f1039cae658c718",
                "thumb_tiny": "AwAiADCgBkUEYqe3tGnjLhwoBxyKJbURxFxMjY7CgZDj3pP4u1WksN+MTJk+xprWZWdYvMU7hnOKAuQYx3plXfsH\/TdPyNVGXa5X0OKBk0AOwkb+Afu0+RgYHAAwR\/UVXUsF+ViPoaRsgYyfzoFY0TIBg72OBjBGBULMHnTHPynpxVb5v7x\/OkBO7qfzpBYuu4A4OfzqlL\/rX\/3jS5f++fzpnegEHakpe1JTGKaB1oNA60AJRRRSA\/\/Z",
                "permalink": "https:\/\/harbourproject.slack.com\/files\/UJHD6A81H\/F017JM3UKAS\/galerie.gif",
                "permalink_public": "https:\/\/slack-files.com\/TJH5YU202-F017JM3UKAS-a07804c428",
                "is_starred": false,
                "has_rich_preview": false
            }
        ],
        "upload": false,
        "user": "UJHD6A81H",
        "display_as_bot": false,
        "ts": "1595782596.443400"
    },
    {
        "client_msg_id": "f11b69c5-82fe-4ddd-bf7b-cd3fee5c7ee7",
        "type": "message",
        "text": "excellent! :+1:",
        "user": "UJN8D8U3B",
        "ts": "1595787495.444000",
        "team": "TJH5YU202",
        "user_team": "TJH5YU202",
        "source_team": "TJH5YU202",
        "user_profile": {
            "avatar_hash": "g92ad2abcc45",
            "image_72": "https:\/\/secure.gravatar.com\/avatar\/8492ad2abcc45ce53969adcf8420acde.jpg?s=72&d=https%3A%2F%2Fa.slack-edge.com%2Fdf10d%2Fimg%2Favatars%2Fava_0008-72.png",
            "first_name": "",
            "real_name": "Antonio Linares",
            "display_name": "Antonio Linares",
            "team": "TJH5YU202",
            "name": "alinares",
            "is_restricted": false,
            "is_ultra_restricted": false
        },
        "blocks": [
            {
                "type": "rich_text",
                "block_id": "r4+=",
                "elements": [
                    {
                        "type": "rich_text_section",
                        "elements": [
                            {
                                "type": "text",
                                "text": "excellent! "
                            },
                            {
                                "type": "emoji",
                                "name": "+1"
                            }
                        ]
                    }
                ]
            }
        ]
    }
]