[
    {
        "type": "message",
        "text": "",
        "files": [
            {
                "id": "F018K3VDZEE",
                "created": 1597052691,
                "timestamp": 1597052691,
                "name": "image.png",
                "title": "image.png",
                "mimetype": "image\/png",
                "filetype": "png",
                "pretty_type": "PNG",
                "user": "UJUJLTWMT",
                "editable": false,
                "size": 151572,
                "mode": "hosted",
                "is_external": false,
                "external_type": "",
                "is_public": true,
                "public_url_shared": false,
                "display_as_bot": false,
                "username": "",
                "url_private": "https:\/\/files.slack.com\/files-pri\/TJH5YU202-F018K3VDZEE\/image.png?t=xoxe-629202954002-1316365335585-1303739558562-bb0d767c5143c02b3f1039cae658c718",
                "url_private_download": "https:\/\/files.slack.com\/files-pri\/TJH5YU202-F018K3VDZEE\/download\/image.png?t=xoxe-629202954002-1316365335585-1303739558562-bb0d767c5143c02b3f1039cae658c718",
                "thumb_64": "https:\/\/files.slack.com\/files-tmb\/TJH5YU202-F018K3VDZEE-15cba4ce77\/image_64.png?t=xoxe-629202954002-1316365335585-1303739558562-bb0d767c5143c02b3f1039cae658c718",
                "thumb_80": "https:\/\/files.slack.com\/files-tmb\/TJH5YU202-F018K3VDZEE-15cba4ce77\/image_80.png?t=xoxe-629202954002-1316365335585-1303739558562-bb0d767c5143c02b3f1039cae658c718",
                "thumb_360": "https:\/\/files.slack.com\/files-tmb\/TJH5YU202-F018K3VDZEE-15cba4ce77\/image_360.png?t=xoxe-629202954002-1316365335585-1303739558562-bb0d767c5143c02b3f1039cae658c718",
                "thumb_360_w": 360,
                "thumb_360_h": 182,
                "thumb_480": "https:\/\/files.slack.com\/files-tmb\/TJH5YU202-F018K3VDZEE-15cba4ce77\/image_480.png?t=xoxe-629202954002-1316365335585-1303739558562-bb0d767c5143c02b3f1039cae658c718",
                "thumb_480_w": 480,
                "thumb_480_h": 243,
                "thumb_160": "https:\/\/files.slack.com\/files-tmb\/TJH5YU202-F018K3VDZEE-15cba4ce77\/image_160.png?t=xoxe-629202954002-1316365335585-1303739558562-bb0d767c5143c02b3f1039cae658c718",
                "thumb_720": "https:\/\/files.slack.com\/files-tmb\/TJH5YU202-F018K3VDZEE-15cba4ce77\/image_720.png?t=xoxe-629202954002-1316365335585-1303739558562-bb0d767c5143c02b3f1039cae658c718",
                "thumb_720_w": 720,
                "thumb_720_h": 364,
                "thumb_800": "https:\/\/files.slack.com\/files-tmb\/TJH5YU202-F018K3VDZEE-15cba4ce77\/image_800.png?t=xoxe-629202954002-1316365335585-1303739558562-bb0d767c5143c02b3f1039cae658c718",
                "thumb_800_w": 800,
                "thumb_800_h": 404,
                "thumb_960": "https:\/\/files.slack.com\/files-tmb\/TJH5YU202-F018K3VDZEE-15cba4ce77\/image_960.png?t=xoxe-629202954002-1316365335585-1303739558562-bb0d767c5143c02b3f1039cae658c718",
                "thumb_960_w": 960,
                "thumb_960_h": 485,
                "thumb_1024": "https:\/\/files.slack.com\/files-tmb\/TJH5YU202-F018K3VDZEE-15cba4ce77\/image_1024.png?t=xoxe-629202954002-1316365335585-1303739558562-bb0d767c5143c02b3f1039cae658c718",
                "thumb_1024_w": 1024,
                "thumb_1024_h": 518,
                "original_w": 1751,
                "original_h": 885,
                "thumb_tiny": "AwAYADDSpN1LQaAG76Nx9BTsjHakz9O9AACT2paAeTxRQAUppKWgBPzo\/OlooABSUtJQB\/\/Z",
                "permalink": "https:\/\/harbourproject.slack.com\/files\/UJUJLTWMT\/F018K3VDZEE\/image.png",
                "permalink_public": "https:\/\/slack-files.com\/TJH5YU202-F018K3VDZEE-1a7ff895ee",
                "is_starred": false,
                "has_rich_preview": false
            }
        ],
        "upload": false,
        "user": "UJUJLTWMT",
        "display_as_bot": false,
        "ts": "1597052704.067700"
    },
    {
        "client_msg_id": "b05fc737-4e1c-4b78-9a90-701484ed5ccc",
        "type": "message",
        "text": "No creéis que es significativa esta estadística?",
        "user": "UJUJLTWMT",
        "ts": "1597052808.068400",
        "team": "TJH5YU202",
        "user_team": "TJH5YU202",
        "source_team": "TJH5YU202",
        "user_profile": {
            "avatar_hash": "a60e3b1ef2d2",
            "image_72": "https:\/\/avatars.slack-edge.com\/2019-08-20\/726246109489_a60e3b1ef2d2c141969d_72.jpg",
            "first_name": "",
            "real_name": "Cristobal",
            "display_name": "Cristobal",
            "team": "TJH5YU202",
            "name": "navarro.cristobal",
            "is_restricted": false,
            "is_ultra_restricted": false
        },
        "blocks": [
            {
                "type": "rich_text",
                "block_id": "UYqR",
                "elements": [
                    {
                        "type": "rich_text_section",
                        "elements": [
                            {
                                "type": "text",
                                "text": "No creéis que es significativa esta estadística?"
                            }
                        ]
                    }
                ]
            }
        ]
    },
    {
        "client_msg_id": "eeed9ea1-e112-4804-9e02-65b4e472b927",
        "type": "message",
        "text": "si",
        "user": "UM81W8B0Q",
        "ts": "1597057255.068600",
        "team": "TJH5YU202",
        "user_team": "TJH5YU202",
        "source_team": "TJH5YU202",
        "user_profile": {
            "avatar_hash": "gab9279ee8c0",
            "image_72": "https:\/\/secure.gravatar.com\/avatar\/73ab9279ee8c00f66ce4904d30146c8f.jpg?s=72&d=https%3A%2F%2Fa.slack-edge.com%2Fdf10d%2Fimg%2Favatars%2Fava_0010-72.png",
            "first_name": "",
            "real_name": "Angel Pais",
            "display_name": "Angel Pais",
            "team": "TJH5YU202",
            "name": "amigosam",
            "is_restricted": false,
            "is_ultra_restricted": false
        },
        "blocks": [
            {
                "type": "rich_text",
                "block_id": "a=vKL",
                "elements": [
                    {
                        "type": "rich_text_section",
                        "elements": [
                            {
                                "type": "text",
                                "text": "si"
                            }
                        ]
                    }
                ]
            }
        ]
    },
    {
        "client_msg_id": "d404e0f3-7eae-4b39-9830-b7afa877d82c",
        "type": "message",
        "text": "Con proyectos más grandes, las Routen y rápidamente se vuelven confusas. Tengo un ARRAY en Genesis, donde guardo  Requestla, Action y Route .\nAhora puedo administrar esta Array en una página WEB.\nTambién tengo un campo de texto donde puedo hacer comentarios sobre las rutas.",
        "user": "UJHD6A81H",
        "ts": "1597093790.068800",
        "team": "TJH5YU202",
        "user_team": "TJH5YU202",
        "source_team": "TJH5YU202",
        "user_profile": {
            "avatar_hash": "g6b8073e00e9",
            "image_72": "https:\/\/secure.gravatar.com\/avatar\/b96b8073e00e9eb02bcf05bc1418eb3a.jpg?s=72&d=https%3A%2F%2Fa.slack-edge.com%2Fdf10d%2Fimg%2Favatars%2Fava_0021-72.png",
            "first_name": "Otto",
            "real_name": "Otto Atzwanger",
            "display_name": "Otto",
            "team": "TJH5YU202",
            "name": "otto",
            "is_restricted": false,
            "is_ultra_restricted": false
        },
        "blocks": [
            {
                "type": "rich_text",
                "block_id": "rT8s",
                "elements": [
                    {
                        "type": "rich_text_section",
                        "elements": [
                            {
                                "type": "text",
                                "text": "Con proyectos más grandes, las Routen y rápidamente se vuelven confusas. Tengo un ARRAY en Genesis, donde guardo  Requestla, Action y Route .\nAhora puedo administrar esta Array en una página WEB.\nTambién tengo un campo de texto donde puedo hacer comentarios sobre las rutas."
                            }
                        ]
                    }
                ]
            }
        ]
    },
    {
        "type": "message",
        "text": "",
        "files": [
            {
                "id": "F018SPQU21J",
                "created": 1597093803,
                "timestamp": 1597093803,
                "name": "grafik.png",
                "title": "grafik.png",
                "mimetype": "image\/png",
                "filetype": "png",
                "pretty_type": "PNG",
                "user": "UJHD6A81H",
                "editable": false,
                "size": 79306,
                "mode": "hosted",
                "is_external": false,
                "external_type": "",
                "is_public": true,
                "public_url_shared": false,
                "display_as_bot": false,
                "username": "",
                "url_private": "https:\/\/files.slack.com\/files-pri\/TJH5YU202-F018SPQU21J\/grafik.png?t=xoxe-629202954002-1316365335585-1303739558562-bb0d767c5143c02b3f1039cae658c718",
                "url_private_download": "https:\/\/files.slack.com\/files-pri\/TJH5YU202-F018SPQU21J\/download\/grafik.png?t=xoxe-629202954002-1316365335585-1303739558562-bb0d767c5143c02b3f1039cae658c718",
                "thumb_64": "https:\/\/files.slack.com\/files-tmb\/TJH5YU202-F018SPQU21J-901d191190\/grafik_64.png?t=xoxe-629202954002-1316365335585-1303739558562-bb0d767c5143c02b3f1039cae658c718",
                "thumb_80": "https:\/\/files.slack.com\/files-tmb\/TJH5YU202-F018SPQU21J-901d191190\/grafik_80.png?t=xoxe-629202954002-1316365335585-1303739558562-bb0d767c5143c02b3f1039cae658c718",
                "thumb_360": "https:\/\/files.slack.com\/files-tmb\/TJH5YU202-F018SPQU21J-901d191190\/grafik_360.png?t=xoxe-629202954002-1316365335585-1303739558562-bb0d767c5143c02b3f1039cae658c718",
                "thumb_360_w": 360,
                "thumb_360_h": 182,
                "thumb_480": "https:\/\/files.slack.com\/files-tmb\/TJH5YU202-F018SPQU21J-901d191190\/grafik_480.png?t=xoxe-629202954002-1316365335585-1303739558562-bb0d767c5143c02b3f1039cae658c718",
                "thumb_480_w": 480,
                "thumb_480_h": 242,
                "thumb_160": "https:\/\/files.slack.com\/files-tmb\/TJH5YU202-F018SPQU21J-901d191190\/grafik_160.png?t=xoxe-629202954002-1316365335585-1303739558562-bb0d767c5143c02b3f1039cae658c718",
                "thumb_720": "https:\/\/files.slack.com\/files-tmb\/TJH5YU202-F018SPQU21J-901d191190\/grafik_720.png?t=xoxe-629202954002-1316365335585-1303739558562-bb0d767c5143c02b3f1039cae658c718",
                "thumb_720_w": 720,
                "thumb_720_h": 364,
                "thumb_800": "https:\/\/files.slack.com\/files-tmb\/TJH5YU202-F018SPQU21J-901d191190\/grafik_800.png?t=xoxe-629202954002-1316365335585-1303739558562-bb0d767c5143c02b3f1039cae658c718",
                "thumb_800_w": 800,
                "thumb_800_h": 404,
                "thumb_960": "https:\/\/files.slack.com\/files-tmb\/TJH5YU202-F018SPQU21J-901d191190\/grafik_960.png?t=xoxe-629202954002-1316365335585-1303739558562-bb0d767c5143c02b3f1039cae658c718",
                "thumb_960_w": 960,
                "thumb_960_h": 485,
                "thumb_1024": "https:\/\/files.slack.com\/files-tmb\/TJH5YU202-F018SPQU21J-901d191190\/grafik_1024.png?t=xoxe-629202954002-1316365335585-1303739558562-bb0d767c5143c02b3f1039cae658c718",
                "thumb_1024_w": 1024,
                "thumb_1024_h": 517,
                "original_w": 1679,
                "original_h": 848,
                "thumb_tiny": "AwAYADCrCT9pi5P3l71tKHDcspHpj\/69YkP\/AB8xf7y1u96AFzRSdqO9AC0hPGcZ9qO9IOtAGHBzcxf7wrd71g2\/\/HzF\/vj+db3egBO1L3FJ2pfSgA70g60vekHWgD\/\/2Q==",
                "permalink": "https:\/\/harbourproject.slack.com\/files\/UJHD6A81H\/F018SPQU21J\/grafik.png",
                "permalink_public": "https:\/\/slack-files.com\/TJH5YU202-F018SPQU21J-2d5ace22ae",
                "is_starred": false,
                "has_rich_preview": false
            }
        ],
        "upload": false,
        "user": "UJHD6A81H",
        "display_as_bot": false,
        "ts": "1597093807.068900"
    },
    {
        "client_msg_id": "30c6438d-8eb5-4416-b160-0075102d48c0",
        "type": "message",
        "text": "<https:\/\/github.com\/mod-harbour\/slack-logs>",
        "user": "UNAHBRTFA",
        "ts": "1597096836.069300",
        "team": "TJH5YU202",
        "user_team": "TJH5YU202",
        "source_team": "TJH5YU202",
        "user_profile": {
            "avatar_hash": "g3d2a3f4c28c",
            "image_72": "https:\/\/secure.gravatar.com\/avatar\/23d2a3f4c28cebb4cf07e48d02620517.jpg?s=72&d=https%3A%2F%2Fa.slack-edge.com%2Fdf10d%2Fimg%2Favatars%2Fava_0020-72.png",
            "first_name": "Andreu",
            "real_name": "Andreu Botella",
            "display_name": "Andreu Botella",
            "team": "TJH5YU202",
            "name": "andreu.132",
            "is_restricted": false,
            "is_ultra_restricted": false
        },
        "attachments": [
            {
                "fallback": "mod-harbour\/slack-logs",
                "text": "A viewer application for the logs of a Slack workspace",
                "title": "mod-harbour\/slack-logs",
                "footer": "<https:\/\/github.com\/mod-harbour\/slack-logs|mod-harbour\/slack-logs>",
                "id": 1,
                "footer_icon": "https:\/\/github.githubassets.com\/favicon.ico",
                "ts": 1597096779,
                "color": "24292f",
                "fields": [
                    {
                        "title": "Last updated",
                        "value": "a minute ago",
                        "short": true
                    }
                ],
                "mrkdwn_in": [
                    "text",
                    "fields"
                ],
                "bot_id": "B013M1D0ZKM",
                "app_unfurl_url": "https:\/\/github.com\/mod-harbour\/slack-logs",
                "is_app_unfurl": true
            }
        ],
        "blocks": [
            {
                "type": "rich_text",
                "block_id": "dk7nY",
                "elements": [
                    {
                        "type": "rich_text_section",
                        "elements": [
                            {
                                "type": "link",
                                "url": "https:\/\/github.com\/mod-harbour\/slack-logs"
                            }
                        ]
                    }
                ]
            }
        ]
    },
    {
        "client_msg_id": "c3abe65c-8606-4a04-b7f6-9475cb5aea21",
        "type": "message",
        "text": "¿Debería poner el léeme en inglés, los dos idiomas? ¿Qué hacemos con los pull requests y tal?",
        "user": "UNAHBRTFA",
        "ts": "1597096851.069800",
        "team": "TJH5YU202",
        "user_team": "TJH5YU202",
        "source_team": "TJH5YU202",
        "user_profile": {
            "avatar_hash": "g3d2a3f4c28c",
            "image_72": "https:\/\/secure.gravatar.com\/avatar\/23d2a3f4c28cebb4cf07e48d02620517.jpg?s=72&d=https%3A%2F%2Fa.slack-edge.com%2Fdf10d%2Fimg%2Favatars%2Fava_0020-72.png",
            "first_name": "Andreu",
            "real_name": "Andreu Botella",
            "display_name": "Andreu Botella",
            "team": "TJH5YU202",
            "name": "andreu.132",
            "is_restricted": false,
            "is_ultra_restricted": false
        },
        "blocks": [
            {
                "type": "rich_text",
                "block_id": "SSN",
                "elements": [
                    {
                        "type": "rich_text_section",
                        "elements": [
                            {
                                "type": "text",
                                "text": "¿Debería poner el léeme en inglés, los dos idiomas? ¿Qué hacemos con los pull requests y tal?"
                            }
                        ]
                    }
                ]
            }
        ]
    },
    {
        "client_msg_id": "ccaa8f81-0852-4a21-a40e-4744f3663b62",
        "type": "message",
        "text": "Gracias Andreu.",
        "user": "UJHD6A81H",
        "ts": "1597098082.070000",
        "team": "TJH5YU202",
        "user_team": "TJH5YU202",
        "source_team": "TJH5YU202",
        "user_profile": {
            "avatar_hash": "g6b8073e00e9",
            "image_72": "https:\/\/secure.gravatar.com\/avatar\/b96b8073e00e9eb02bcf05bc1418eb3a.jpg?s=72&d=https%3A%2F%2Fa.slack-edge.com%2Fdf10d%2Fimg%2Favatars%2Fava_0021-72.png",
            "first_name": "Otto",
            "real_name": "Otto Atzwanger",
            "display_name": "Otto",
            "team": "TJH5YU202",
            "name": "otto",
            "is_restricted": false,
            "is_ultra_restricted": false
        },
        "blocks": [
            {
                "type": "rich_text",
                "block_id": "h\/Jc4",
                "elements": [
                    {
                        "type": "rich_text_section",
                        "elements": [
                            {
                                "type": "text",
                                "text": "Gracias Andreu."
                            }
                        ]
                    }
                ]
            }
        ]
    },
    {
        "client_msg_id": "86e4b8f7-f4c2-4cf5-b744-1642ff4bae17",
        "type": "message",
        "text": "el repo está vacío todavía, ni siquiera le he puesto aún el boilerplate de mercury",
        "user": "UNAHBRTFA",
        "ts": "1597098331.070500",
        "team": "TJH5YU202",
        "user_team": "TJH5YU202",
        "source_team": "TJH5YU202",
        "user_profile": {
            "avatar_hash": "g3d2a3f4c28c",
            "image_72": "https:\/\/secure.gravatar.com\/avatar\/23d2a3f4c28cebb4cf07e48d02620517.jpg?s=72&d=https%3A%2F%2Fa.slack-edge.com%2Fdf10d%2Fimg%2Favatars%2Fava_0020-72.png",
            "first_name": "Andreu",
            "real_name": "Andreu Botella",
            "display_name": "Andreu Botella",
            "team": "TJH5YU202",
            "name": "andreu.132",
            "is_restricted": false,
            "is_ultra_restricted": false
        },
        "blocks": [
            {
                "type": "rich_text",
                "block_id": "W8ke",
                "elements": [
                    {
                        "type": "rich_text_section",
                        "elements": [
                            {
                                "type": "text",
                                "text": "el repo está vacío todavía, ni siquiera le he puesto aún el boilerplate de mercury"
                            }
                        ]
                    }
                ]
            }
        ]
    },
    {
        "client_msg_id": "f73c6dc4-647d-4f51-b88a-0ff7c85bad59",
        "type": "message",
        "text": "Lo he visto. Pero todo está listo.",
        "user": "UJHD6A81H",
        "ts": "1597098466.070700",
        "team": "TJH5YU202",
        "user_team": "TJH5YU202",
        "source_team": "TJH5YU202",
        "user_profile": {
            "avatar_hash": "g6b8073e00e9",
            "image_72": "https:\/\/secure.gravatar.com\/avatar\/b96b8073e00e9eb02bcf05bc1418eb3a.jpg?s=72&d=https%3A%2F%2Fa.slack-edge.com%2Fdf10d%2Fimg%2Favatars%2Fava_0021-72.png",
            "first_name": "Otto",
            "real_name": "Otto Atzwanger",
            "display_name": "Otto",
            "team": "TJH5YU202",
            "name": "otto",
            "is_restricted": false,
            "is_ultra_restricted": false
        },
        "blocks": [
            {
                "type": "rich_text",
                "block_id": "Y3ipt",
                "elements": [
                    {
                        "type": "rich_text_section",
                        "elements": [
                            {
                                "type": "text",
                                "text": "Lo he visto. Pero todo está listo."
                            }
                        ]
                    }
                ]
            }
        ]
    },
    {
        "client_msg_id": "310013ca-77fd-495d-8d13-fb3ac825c9c1",
        "type": "message",
        "text": "Buenos días, ¿alguien puede mostrarme cómo puedo pasar un valor a una vista?\n\nen .view trato de obtener el valor de color de esta manera:\n\n\n&lt;script&gt;\nvar cColor = {{GetColor1 ()}};\n&lt;\/script&gt;\n\n\nindex.prg? Routingtable: 373 Uncaught ReferenceError: mediumblue no está definido\n en index.prg? tabla de enrutamiento: 373",
        "user": "UJHD6A81H",
        "ts": "1597127990.070900",
        "team": "TJH5YU202",
        "user_team": "TJH5YU202",
        "source_team": "TJH5YU202",
        "user_profile": {
            "avatar_hash": "g6b8073e00e9",
            "image_72": "https:\/\/secure.gravatar.com\/avatar\/b96b8073e00e9eb02bcf05bc1418eb3a.jpg?s=72&d=https%3A%2F%2Fa.slack-edge.com%2Fdf10d%2Fimg%2Favatars%2Fava_0021-72.png",
            "first_name": "Otto",
            "real_name": "Otto Atzwanger",
            "display_name": "Otto",
            "team": "TJH5YU202",
            "name": "otto",
            "is_restricted": false,
            "is_ultra_restricted": false
        },
        "blocks": [
            {
                "type": "rich_text",
                "block_id": "YeZ",
                "elements": [
                    {
                        "type": "rich_text_section",
                        "elements": [
                            {
                                "type": "text",
                                "text": "Buenos días, ¿alguien puede mostrarme cómo puedo pasar un valor a una vista?\n\nen .view trato de obtener el valor de color de esta manera:\n\n\n<script>\nvar cColor = {{GetColor1 ()}};\n<\/script>\n\n\nindex.prg? Routingtable: 373 Uncaught ReferenceError: mediumblue no está definido\n en index.prg? tabla de enrutamiento: 373"
                            }
                        ]
                    }
                ]
            }
        ]
    },
    {
        "client_msg_id": "62e58968-f328-4730-8f65-67fa28bddbc2",
        "type": "message",
        "text": "```var cColor = {{hb_jsonencode(GetColor1())}};```",
        "user": "UNAHBRTFA",
        "ts": "1597128037.071400",
        "team": "TJH5YU202",
        "user_team": "TJH5YU202",
        "source_team": "TJH5YU202",
        "user_profile": {
            "avatar_hash": "g3d2a3f4c28c",
            "image_72": "https:\/\/secure.gravatar.com\/avatar\/23d2a3f4c28cebb4cf07e48d02620517.jpg?s=72&d=https%3A%2F%2Fa.slack-edge.com%2Fdf10d%2Fimg%2Favatars%2Fava_0020-72.png",
            "first_name": "Andreu",
            "real_name": "Andreu Botella",
            "display_name": "Andreu Botella",
            "team": "TJH5YU202",
            "name": "andreu.132",
            "is_restricted": false,
            "is_ultra_restricted": false
        },
        "blocks": [
            {
                "type": "rich_text",
                "block_id": "vtJ",
                "elements": [
                    {
                        "type": "rich_text_preformatted",
                        "elements": [
                            {
                                "type": "text",
                                "text": "var cColor = {{hb_jsonencode(GetColor1())}};"
                            }
                        ]
                    }
                ]
            }
        ]
    },
    {
        "client_msg_id": "11383e48-b3fa-4e17-a12b-e0b8deecf81f",
        "type": "message",
        "text": "el JSON es un subconjunto de la sintaxis de javascript, así que el JSON válido es JS válido (...más o menos)",
        "user": "UNAHBRTFA",
        "ts": "1597128098.072300",
        "team": "TJH5YU202",
        "user_team": "TJH5YU202",
        "source_team": "TJH5YU202",
        "user_profile": {
            "avatar_hash": "g3d2a3f4c28c",
            "image_72": "https:\/\/secure.gravatar.com\/avatar\/23d2a3f4c28cebb4cf07e48d02620517.jpg?s=72&d=https%3A%2F%2Fa.slack-edge.com%2Fdf10d%2Fimg%2Favatars%2Fava_0020-72.png",
            "first_name": "Andreu",
            "real_name": "Andreu Botella",
            "display_name": "Andreu Botella",
            "team": "TJH5YU202",
            "name": "andreu.132",
            "is_restricted": false,
            "is_ultra_restricted": false
        },
        "edited": {
            "user": "UNAHBRTFA",
            "ts": "1597128381.000000"
        },
        "blocks": [
            {
                "type": "rich_text",
                "block_id": "pot",
                "elements": [
                    {
                        "type": "rich_text_section",
                        "elements": [
                            {
                                "type": "text",
                                "text": "el JSON es un subconjunto de la sintaxis de javascript, así que el JSON válido es JS válido (..."
                            },
                            {
                                "type": "text",
                                "text": "más o menos",
                                "style": {
                                    "unlink": true
                                }
                            },
                            {
                                "type": "text",
                                "text": ")"
                            }
                        ]
                    }
                ]
            }
        ]
    }
]