[
    {
        "client_msg_id": "0d262a82-444f-4558-b529-787ae1446eff",
        "type": "message",
        "text": "good morning",
        "user": "UJHD6A81H",
        "ts": "1595922151.446200",
        "team": "TJH5YU202",
        "user_team": "TJH5YU202",
        "source_team": "TJH5YU202",
        "user_profile": {
            "avatar_hash": "g6b8073e00e9",
            "image_72": "https:\/\/secure.gravatar.com\/avatar\/b96b8073e00e9eb02bcf05bc1418eb3a.jpg?s=72&d=https%3A%2F%2Fa.slack-edge.com%2Fdf10d%2Fimg%2Favatars%2Fava_0021-72.png",
            "first_name": "Otto",
            "real_name": "Otto Atzwanger",
            "display_name": "Otto",
            "team": "TJH5YU202",
            "name": "otto",
            "is_restricted": false,
            "is_ultra_restricted": false
        },
        "blocks": [
            {
                "type": "rich_text",
                "block_id": "0R5",
                "elements": [
                    {
                        "type": "rich_text_section",
                        "elements": [
                            {
                                "type": "text",
                                "text": "good morning"
                            }
                        ]
                    }
                ]
            }
        ]
    },
    {
        "client_msg_id": "a5aebad6-d9ab-4cfa-a66e-5fe3b7aad2d2",
        "type": "message",
        "text": "buenos dias!",
        "user": "U015CUP1T5Z",
        "ts": "1595935529.446400",
        "team": "TJH5YU202",
        "user_team": "TJH5YU202",
        "source_team": "TJH5YU202",
        "user_profile": {
            "avatar_hash": "2d5981129913",
            "image_72": "https:\/\/avatars.slack-edge.com\/2020-06-14\/1183376598323_2d5981129913ee85447d_72.jpg",
            "first_name": "ricardo",
            "real_name": "ricardo arraes",
            "display_name": "ricardo arraes",
            "team": "TJH5YU202",
            "name": "ricardo",
            "is_restricted": false,
            "is_ultra_restricted": false
        },
        "blocks": [
            {
                "type": "rich_text",
                "block_id": "oKo=",
                "elements": [
                    {
                        "type": "rich_text_section",
                        "elements": [
                            {
                                "type": "text",
                                "text": "buenos dias!"
                            }
                        ]
                    }
                ]
            }
        ]
    },
    {
        "client_msg_id": "3d81e8d5-90c9-4bd3-8a82-6561279359c1",
        "type": "message",
        "text": "Good morning :sunny:",
        "user": "UK28N3CER",
        "ts": "1595941287.446800",
        "team": "TJH5YU202",
        "user_team": "TJH5YU202",
        "source_team": "TJH5YU202",
        "user_profile": {
            "avatar_hash": "0eafa7153ff3",
            "image_72": "https:\/\/avatars.slack-edge.com\/2020-05-18\/1155120542496_0eafa7153ff35206c804_72.jpg",
            "first_name": "Cesar",
            "real_name": "Cesar SysCtrl Software",
            "display_name": "Cesar SysCtrl Software",
            "team": "TJH5YU202",
            "name": "sysctrlsoftware",
            "is_restricted": false,
            "is_ultra_restricted": false
        },
        "blocks": [
            {
                "type": "rich_text",
                "block_id": "oW9i=",
                "elements": [
                    {
                        "type": "rich_text_section",
                        "elements": [
                            {
                                "type": "text",
                                "text": "Good morning "
                            },
                            {
                                "type": "emoji",
                                "name": "sunny"
                            }
                        ]
                    }
                ]
            }
        ]
    },
    {
        "client_msg_id": "1e57ac06-39a4-4d3a-9e39-1948b7c6e38d",
        "type": "message",
        "text": "good morning",
        "user": "UJHD6A81H",
        "ts": "1596001864.447400",
        "team": "TJH5YU202",
        "user_team": "TJH5YU202",
        "source_team": "TJH5YU202",
        "user_profile": {
            "avatar_hash": "g6b8073e00e9",
            "image_72": "https:\/\/secure.gravatar.com\/avatar\/b96b8073e00e9eb02bcf05bc1418eb3a.jpg?s=72&d=https%3A%2F%2Fa.slack-edge.com%2Fdf10d%2Fimg%2Favatars%2Fava_0021-72.png",
            "first_name": "Otto",
            "real_name": "Otto Atzwanger",
            "display_name": "Otto",
            "team": "TJH5YU202",
            "name": "otto",
            "is_restricted": false,
            "is_ultra_restricted": false
        },
        "blocks": [
            {
                "type": "rich_text",
                "block_id": "VJSnN",
                "elements": [
                    {
                        "type": "rich_text_section",
                        "elements": [
                            {
                                "type": "text",
                                "text": "good morning"
                            }
                        ]
                    }
                ]
            }
        ]
    },
    {
        "client_msg_id": "0da262f6-3d7f-4c54-91ee-4d1f4c3a15fe",
        "type": "message",
        "text": "alguien puede ayudarme a hacer esto con mod harbour.",
        "user": "UJHD6A81H",
        "ts": "1596001923.447600",
        "team": "TJH5YU202",
        "user_team": "TJH5YU202",
        "source_team": "TJH5YU202",
        "user_profile": {
            "avatar_hash": "g6b8073e00e9",
            "image_72": "https:\/\/secure.gravatar.com\/avatar\/b96b8073e00e9eb02bcf05bc1418eb3a.jpg?s=72&d=https%3A%2F%2Fa.slack-edge.com%2Fdf10d%2Fimg%2Favatars%2Fava_0021-72.png",
            "first_name": "Otto",
            "real_name": "Otto Atzwanger",
            "display_name": "Otto",
            "team": "TJH5YU202",
            "name": "otto",
            "is_restricted": false,
            "is_ultra_restricted": false
        },
        "blocks": [
            {
                "type": "rich_text",
                "block_id": "fBl",
                "elements": [
                    {
                        "type": "rich_text_section",
                        "elements": [
                            {
                                "type": "text",
                                "text": "alguien puede ayudarme a hacer esto con mod harbour."
                            }
                        ]
                    }
                ]
            }
        ]
    },
    {
        "client_msg_id": "783219c4-fef9-4ce9-bef0-369257c93582",
        "type": "message",
        "text": "loHyperlink:Open( \"POST\", cURL, .f. )\n\tloHyperlink:setRequestHeader(\"user\", \t\talltrim( cHotelCode ) )\n\tloHyperlink:setRequestHeader(\"password\", \talltrim( cMsgPassword ) )\n\tloHyperlink:setRequestHeader(\"Content-Type\", \"text\/xml\")\n   loHyperlink:Send( cXML )\n\t? loHyperlink:responseText",
        "user": "UJHD6A81H",
        "ts": "1596002039.447800",
        "team": "TJH5YU202",
        "user_team": "TJH5YU202",
        "source_team": "TJH5YU202",
        "user_profile": {
            "avatar_hash": "g6b8073e00e9",
            "image_72": "https:\/\/secure.gravatar.com\/avatar\/b96b8073e00e9eb02bcf05bc1418eb3a.jpg?s=72&d=https%3A%2F%2Fa.slack-edge.com%2Fdf10d%2Fimg%2Favatars%2Fava_0021-72.png",
            "first_name": "Otto",
            "real_name": "Otto Atzwanger",
            "display_name": "Otto",
            "team": "TJH5YU202",
            "name": "otto",
            "is_restricted": false,
            "is_ultra_restricted": false
        },
        "blocks": [
            {
                "type": "rich_text",
                "block_id": "o4O",
                "elements": [
                    {
                        "type": "rich_text_section",
                        "elements": [
                            {
                                "type": "text",
                                "text": "loHyperlink:Open( \"POST\", cURL, .f. )\n\tloHyperlink:setRequestHeader(\"user\", \t\talltrim( cHotelCode ) )\n\tloHyperlink:setRequestHeader(\"password\", \talltrim( cMsgPassword ) )\n\tloHyperlink:setRequestHeader(\"Content-Type\", \"text\/xml\")\n   loHyperlink:Send( cXML )\n\t? loHyperlink:responseText"
                            }
                        ]
                    }
                ]
            }
        ],
        "thread_ts": "1596002039.447800",
        "reply_count": 3,
        "reply_users_count": 2,
        "latest_reply": "1596011950.448400",
        "reply_users": [
            "UJURBDZ6U",
            "UJUJLTWMT"
        ],
        "replies": [
            {
                "user": "UJURBDZ6U",
                "ts": "1596010080.448000"
            },
            {
                "user": "UJUJLTWMT",
                "ts": "1596011810.448200"
            },
            {
                "user": "UJUJLTWMT",
                "ts": "1596011950.448400"
            }
        ],
        "subscribed": false
    }
]