[
    {
        "client_msg_id": "167f8b32-abdd-402f-b5e6-78c82a2f0e15",
        "type": "message",
        "text": "<http:\/\/forums.fivetechsupport.com\/viewtopic.php?f=3&amp;t=39270&amp;start=0>",
        "user": "UJN8D8U3B",
        "ts": "1597405932.171900",
        "team": "TJH5YU202",
        "user_team": "TJH5YU202",
        "source_team": "TJH5YU202",
        "user_profile": {
            "avatar_hash": "g92ad2abcc45",
            "image_72": "https:\/\/secure.gravatar.com\/avatar\/8492ad2abcc45ce53969adcf8420acde.jpg?s=72&d=https%3A%2F%2Fa.slack-edge.com%2Fdf10d%2Fimg%2Favatars%2Fava_0008-72.png",
            "first_name": "",
            "real_name": "Antonio Linares",
            "display_name": "Antonio Linares",
            "team": "TJH5YU202",
            "name": "alinares",
            "is_restricted": false,
            "is_ultra_restricted": false
        },
        "blocks": [
            {
                "type": "rich_text",
                "block_id": "xmk",
                "elements": [
                    {
                        "type": "rich_text_section",
                        "elements": [
                            {
                                "type": "link",
                                "url": "http:\/\/forums.fivetechsupport.com\/viewtopic.php?f=3&t=39270&start=0"
                            }
                        ]
                    }
                ]
            }
        ]
    },
    {
        "client_msg_id": "16c485f8-1d8d-4c16-8161-1b6156917b08",
        "type": "message",
        "text": "No se si habeis visto las demos de GPT3. Si esta tarde hay reunión podriamos dedicar un rato a inteligencia artificial :slightly_smiling_face:",
        "user": "UJN8D8U3B",
        "ts": "1597406513.172500",
        "team": "TJH5YU202",
        "user_team": "TJH5YU202",
        "source_team": "TJH5YU202",
        "user_profile": {
            "avatar_hash": "g92ad2abcc45",
            "image_72": "https:\/\/secure.gravatar.com\/avatar\/8492ad2abcc45ce53969adcf8420acde.jpg?s=72&d=https%3A%2F%2Fa.slack-edge.com%2Fdf10d%2Fimg%2Favatars%2Fava_0008-72.png",
            "first_name": "",
            "real_name": "Antonio Linares",
            "display_name": "Antonio Linares",
            "team": "TJH5YU202",
            "name": "alinares",
            "is_restricted": false,
            "is_ultra_restricted": false
        },
        "blocks": [
            {
                "type": "rich_text",
                "block_id": "uUNyJ",
                "elements": [
                    {
                        "type": "rich_text_section",
                        "elements": [
                            {
                                "type": "text",
                                "text": "No se si habeis visto las demos de GPT3. Si esta tarde hay reunión podriamos dedicar un rato a inteligencia artificial "
                            },
                            {
                                "type": "emoji",
                                "name": "slightly_smiling_face"
                            }
                        ]
                    }
                ]
            }
        ]
    },
    {
        "client_msg_id": "6c82aa0e-8824-4523-b8d1-6353d4e1d9d6",
        "type": "message",
        "text": "Buen dia, nos vemos en la reunion de los chuperamigos",
        "user": "UJUSD6VB2",
        "ts": "1597414542.173800",
        "team": "TJH5YU202",
        "user_team": "TJH5YU202",
        "source_team": "TJH5YU202",
        "user_profile": {
            "avatar_hash": "g1677a02d0b6",
            "image_72": "https:\/\/secure.gravatar.com\/avatar\/bb1677a02d0b69ba91eb245090c7c83a.jpg?s=72&d=https%3A%2F%2Fa.slack-edge.com%2Fdf10d%2Fimg%2Favatars%2Fava_0015-72.png",
            "first_name": "",
            "real_name": "Osvaldo Ramirez",
            "display_name": "Osvaldo Ramirez",
            "team": "TJH5YU202",
            "name": "ramirezosvaldo",
            "is_restricted": false,
            "is_ultra_restricted": false
        },
        "blocks": [
            {
                "type": "rich_text",
                "block_id": "Qk9",
                "elements": [
                    {
                        "type": "rich_text_section",
                        "elements": [
                            {
                                "type": "text",
                                "text": "Buen dia, nos vemos en la reunion de los chuperamigos"
                            }
                        ]
                    }
                ]
            }
        ]
    },
    {
        "client_msg_id": "87797950-792b-4150-893a-94b33d25bfb0",
        "type": "message",
        "text": "Que van a chupar ?",
        "user": "UM81W8B0Q",
        "ts": "1597420944.174100",
        "team": "TJH5YU202",
        "user_team": "TJH5YU202",
        "source_team": "TJH5YU202",
        "user_profile": {
            "avatar_hash": "gab9279ee8c0",
            "image_72": "https:\/\/secure.gravatar.com\/avatar\/73ab9279ee8c00f66ce4904d30146c8f.jpg?s=72&d=https%3A%2F%2Fa.slack-edge.com%2Fdf10d%2Fimg%2Favatars%2Fava_0010-72.png",
            "first_name": "",
            "real_name": "Angel Pais",
            "display_name": "Angel Pais",
            "team": "TJH5YU202",
            "name": "amigosam",
            "is_restricted": false,
            "is_ultra_restricted": false
        },
        "blocks": [
            {
                "type": "rich_text",
                "block_id": "prfQ",
                "elements": [
                    {
                        "type": "rich_text_section",
                        "elements": [
                            {
                                "type": "text",
                                "text": "Que van a chupar ?"
                            }
                        ]
                    }
                ]
            }
        ]
    },
    {
        "client_msg_id": "c6fee554-5849-4093-b933-3a56c7db8cfc",
        "type": "message",
        "text": "Hemos llegado a 100 en el groups\n<https:\/\/groups.google.com\/g\/modharbour>",
        "user": "UJUJLTWMT",
        "ts": "1597426488.174500",
        "team": "TJH5YU202",
        "user_team": "TJH5YU202",
        "source_team": "TJH5YU202",
        "user_profile": {
            "avatar_hash": "a60e3b1ef2d2",
            "image_72": "https:\/\/avatars.slack-edge.com\/2019-08-20\/726246109489_a60e3b1ef2d2c141969d_72.jpg",
            "first_name": "",
            "real_name": "Cristobal",
            "display_name": "Cristobal",
            "team": "TJH5YU202",
            "name": "navarro.cristobal",
            "is_restricted": false,
            "is_ultra_restricted": false
        },
        "blocks": [
            {
                "type": "rich_text",
                "block_id": "Sgk",
                "elements": [
                    {
                        "type": "rich_text_section",
                        "elements": [
                            {
                                "type": "text",
                                "text": "Hemos llegado a 100 en el groups\n"
                            },
                            {
                                "type": "link",
                                "url": "https:\/\/groups.google.com\/g\/modharbour"
                            }
                        ]
                    }
                ]
            }
        ],
        "reactions": [
            {
                "name": "+1",
                "users": [
                    "UJHD6A81H"
                ],
                "count": 1
            },
            {
                "name": "scream",
                "users": [
                    "UK28N3CER"
                ],
                "count": 1
            },
            {
                "name": "ok_hand",
                "users": [
                    "UJUSD6VB2",
                    "UMZ3LNV5Z"
                ],
                "count": 2
            },
            {
                "name": "clap",
                "users": [
                    "U015CUP1T5Z"
                ],
                "count": 1
            }
        ]
    },
    {
        "client_msg_id": "9e91d0cd-80db-4644-afc7-37ef76ac4f5e",
        "type": "message",
        "text": "Mod Harbour and Mercury course in English is out now! :pray:\nHope you guys enjoy it!\n\n<https:\/\/groups.google.com\/u\/2\/g\/modharbour\/c\/OEdCGJRklPk>",
        "user": "U015CUP1T5Z",
        "ts": "1597448037.175700",
        "team": "TJH5YU202",
        "user_team": "TJH5YU202",
        "source_team": "TJH5YU202",
        "user_profile": {
            "avatar_hash": "2d5981129913",
            "image_72": "https:\/\/avatars.slack-edge.com\/2020-06-14\/1183376598323_2d5981129913ee85447d_72.jpg",
            "first_name": "ricardo",
            "real_name": "ricardo arraes",
            "display_name": "ricardo arraes",
            "team": "TJH5YU202",
            "name": "ricardo",
            "is_restricted": false,
            "is_ultra_restricted": false
        },
        "blocks": [
            {
                "type": "rich_text",
                "block_id": "zWS",
                "elements": [
                    {
                        "type": "rich_text_section",
                        "elements": [
                            {
                                "type": "text",
                                "text": "Mod Harbour and Mercury course in English is out now! "
                            },
                            {
                                "type": "emoji",
                                "name": "pray"
                            },
                            {
                                "type": "text",
                                "text": "\nHope you guys enjoy it!\n\n"
                            },
                            {
                                "type": "link",
                                "url": "https:\/\/groups.google.com\/u\/2\/g\/modharbour\/c\/OEdCGJRklPk"
                            }
                        ]
                    }
                ]
            }
        ]
    },
    {
        "client_msg_id": "D6E79FE2-3965-4D6B-988C-A5100F1D990C",
        "type": "message",
        "text": "@buenas noches perdón la pregunta quién va a dictar el curso ?",
        "user": "UJXP7LS78",
        "ts": "1597459170.176600",
        "team": "TJH5YU202",
        "user_team": "TJH5YU202",
        "source_team": "TJH5YU202",
        "user_profile": {
            "avatar_hash": "gc4a0baebb72",
            "image_72": "https:\/\/secure.gravatar.com\/avatar\/a1c4a0baebb720b97e5a197259dbf409.jpg?s=72&d=https%3A%2F%2Fa.slack-edge.com%2Fdf10d%2Fimg%2Favatars%2Fava_0007-72.png",
            "first_name": "",
            "real_name": "wilson gamboa",
            "display_name": "wilson gamboa",
            "team": "TJH5YU202",
            "name": "wilson.josenet",
            "is_restricted": false,
            "is_ultra_restricted": false
        },
        "blocks": [
            {
                "type": "rich_text",
                "block_id": "szB2",
                "elements": [
                    {
                        "type": "rich_text_section",
                        "elements": [
                            {
                                "type": "text",
                                "text": "@buenas noches perdón la pregunta quién va a dictar el curso ?"
                            }
                        ]
                    }
                ]
            }
        ]
    },
    {
        "client_msg_id": "FF443471-99B2-4649-B677-7EA65391B033",
        "type": "message",
        "text": "hola wilson, buenas noches! Enseñé las clases y el curso está disponible en la plataforma hotmart, todas las clases se registran en secuencia siguiendo el manual de mercury. al comprar el curso en la plataforma, tendrás acceso inmediato al curso y podrás asistir a cada clase tantas veces como quieras. La plataforma hotmart me permite crear y actualizar el curso con nuevo contenido, ¡que tengo la intención de crear pronto! (dependiendo de la complejidad del contenido tendrá un costo extra, pero el contenido será opcional, por lo que podrás decidir si quieres comprar y cuando comprar).",
        "user": "U015CUP1T5Z",
        "ts": "1597461025.176900",
        "team": "TJH5YU202",
        "user_team": "TJH5YU202",
        "source_team": "TJH5YU202",
        "user_profile": {
            "avatar_hash": "2d5981129913",
            "image_72": "https:\/\/avatars.slack-edge.com\/2020-06-14\/1183376598323_2d5981129913ee85447d_72.jpg",
            "first_name": "ricardo",
            "real_name": "ricardo arraes",
            "display_name": "ricardo arraes",
            "team": "TJH5YU202",
            "name": "ricardo",
            "is_restricted": false,
            "is_ultra_restricted": false
        },
        "blocks": [
            {
                "type": "rich_text",
                "block_id": "jCjzt",
                "elements": [
                    {
                        "type": "rich_text_section",
                        "elements": [
                            {
                                "type": "text",
                                "text": "hola wilson, buenas noches! Enseñé las clases y el curso está disponible en la plataforma hotmart, todas las clases se registran en secuencia siguiendo el manual de mercury. al comprar el curso en la plataforma, tendrás acceso inmediato al curso y podrás asistir a cada clase tantas veces como quieras. La plataforma hotmart me permite crear y actualizar el curso con nuevo contenido, ¡que tengo la intención de crear pronto! (dependiendo de la complejidad del contenido tendrá un costo extra, pero el contenido será opcional, por lo que podrás decidir si quieres comprar y cuando comprar)."
                            }
                        ]
                    }
                ]
            }
        ]
    },
    {
        "client_msg_id": "B9885612-0047-4B61-B918-EA7A6924DAEA",
        "type": "message",
        "text": "Ricardo muchas gracias ",
        "user": "UJXP7LS78",
        "ts": "1597461498.177200",
        "team": "TJH5YU202",
        "user_team": "TJH5YU202",
        "source_team": "TJH5YU202",
        "user_profile": {
            "avatar_hash": "gc4a0baebb72",
            "image_72": "https:\/\/secure.gravatar.com\/avatar\/a1c4a0baebb720b97e5a197259dbf409.jpg?s=72&d=https%3A%2F%2Fa.slack-edge.com%2Fdf10d%2Fimg%2Favatars%2Fava_0007-72.png",
            "first_name": "",
            "real_name": "wilson gamboa",
            "display_name": "wilson gamboa",
            "team": "TJH5YU202",
            "name": "wilson.josenet",
            "is_restricted": false,
            "is_ultra_restricted": false
        },
        "blocks": [
            {
                "type": "rich_text",
                "block_id": "xjP=",
                "elements": [
                    {
                        "type": "rich_text_section",
                        "elements": [
                            {
                                "type": "text",
                                "text": "Ricardo muchas gracias "
                            }
                        ]
                    }
                ]
            }
        ]
    },
    {
        "client_msg_id": "BF76B7F0-967F-4432-8F48-D4B8D2742C5D",
        "type": "message",
        "text": "De nada, Wilson! :smile:",
        "user": "U015CUP1T5Z",
        "ts": "1597462448.177600",
        "team": "TJH5YU202",
        "user_team": "TJH5YU202",
        "source_team": "TJH5YU202",
        "user_profile": {
            "avatar_hash": "2d5981129913",
            "image_72": "https:\/\/avatars.slack-edge.com\/2020-06-14\/1183376598323_2d5981129913ee85447d_72.jpg",
            "first_name": "ricardo",
            "real_name": "ricardo arraes",
            "display_name": "ricardo arraes",
            "team": "TJH5YU202",
            "name": "ricardo",
            "is_restricted": false,
            "is_ultra_restricted": false
        },
        "blocks": [
            {
                "type": "rich_text",
                "block_id": "YZ3",
                "elements": [
                    {
                        "type": "rich_text_section",
                        "elements": [
                            {
                                "type": "text",
                                "text": "De nada, Wilson! "
                            },
                            {
                                "type": "emoji",
                                "name": "smile"
                            }
                        ]
                    }
                ]
            }
        ]
    },
    {
        "client_msg_id": "0952ec15-2ddb-4753-84e4-690797db69da",
        "type": "message",
        "text": "Good morning,",
        "user": "UJHD6A81H",
        "ts": "1597472509.177900",
        "team": "TJH5YU202",
        "user_team": "TJH5YU202",
        "source_team": "TJH5YU202",
        "user_profile": {
            "avatar_hash": "g6b8073e00e9",
            "image_72": "https:\/\/secure.gravatar.com\/avatar\/b96b8073e00e9eb02bcf05bc1418eb3a.jpg?s=72&d=https%3A%2F%2Fa.slack-edge.com%2Fdf10d%2Fimg%2Favatars%2Fava_0021-72.png",
            "first_name": "Otto",
            "real_name": "Otto Atzwanger",
            "display_name": "Otto",
            "team": "TJH5YU202",
            "name": "otto",
            "is_restricted": false,
            "is_ultra_restricted": false
        },
        "blocks": [
            {
                "type": "rich_text",
                "block_id": "6luT",
                "elements": [
                    {
                        "type": "rich_text_section",
                        "elements": [
                            {
                                "type": "text",
                                "text": "Good morning,"
                            }
                        ]
                    }
                ]
            }
        ]
    },
    {
        "client_msg_id": "9241b2e7-1b85-4e76-aa1e-6b87b50e7672",
        "type": "message",
        "text": "Hoy no dormí mucho.\nPero ahora estoy en forma en mod harbour.\nGracias Ricardo por este maravilloso curso. Eres un gran profesor.\nEl curso es un gran logro para nuestra comunidad.",
        "user": "UJHD6A81H",
        "ts": "1597472539.178300",
        "team": "TJH5YU202",
        "user_team": "TJH5YU202",
        "source_team": "TJH5YU202",
        "user_profile": {
            "avatar_hash": "g6b8073e00e9",
            "image_72": "https:\/\/secure.gravatar.com\/avatar\/b96b8073e00e9eb02bcf05bc1418eb3a.jpg?s=72&d=https%3A%2F%2Fa.slack-edge.com%2Fdf10d%2Fimg%2Favatars%2Fava_0021-72.png",
            "first_name": "Otto",
            "real_name": "Otto Atzwanger",
            "display_name": "Otto",
            "team": "TJH5YU202",
            "name": "otto",
            "is_restricted": false,
            "is_ultra_restricted": false
        },
        "blocks": [
            {
                "type": "rich_text",
                "block_id": "nyV",
                "elements": [
                    {
                        "type": "rich_text_section",
                        "elements": [
                            {
                                "type": "text",
                                "text": "Hoy no dormí mucho.\nPero ahora estoy en forma en mod harbour.\nGracias Ricardo por este maravilloso curso. Eres un gran profesor.\nEl curso es un gran logro para nuestra comunidad."
                            }
                        ]
                    }
                ]
            }
        ],
        "reactions": [
            {
                "name": "clap",
                "users": [
                    "U015CUP1T5Z"
                ],
                "count": 1
            }
        ]
    },
    {
        "client_msg_id": "89dbe3c5-0311-4c0f-aa15-83c288e46ac3",
        "type": "message",
        "text": "Veo en la TWeb que podemos tener\n&lt;% prg\ndevolver código de mod harbour\n%&gt;\nen vistas.\n¿Es posible esto sin la clase TView?",
        "user": "UJHD6A81H",
        "ts": "1597473803.178800",
        "team": "TJH5YU202",
        "user_team": "TJH5YU202",
        "source_team": "TJH5YU202",
        "user_profile": {
            "avatar_hash": "g6b8073e00e9",
            "image_72": "https:\/\/secure.gravatar.com\/avatar\/b96b8073e00e9eb02bcf05bc1418eb3a.jpg?s=72&d=https%3A%2F%2Fa.slack-edge.com%2Fdf10d%2Fimg%2Favatars%2Fava_0021-72.png",
            "first_name": "Otto",
            "real_name": "Otto Atzwanger",
            "display_name": "Otto",
            "team": "TJH5YU202",
            "name": "otto",
            "is_restricted": false,
            "is_ultra_restricted": false
        },
        "blocks": [
            {
                "type": "rich_text",
                "block_id": "Elq",
                "elements": [
                    {
                        "type": "rich_text_section",
                        "elements": [
                            {
                                "type": "text",
                                "text": "Veo en la TWeb que podemos tener\n<% prg\ndevolver código de mod harbour\n%>\nen vistas.\n¿Es posible esto sin la clase TView?"
                            }
                        ]
                    }
                ]
            }
        ]
    }
]