[
    {
        "client_msg_id": "7cf15adf-a0de-4983-b92b-f0d076f43a46",
        "type": "message",
        "text": "buenos dias :sunny:",
        "user": "UJN8D8U3B",
        "ts": "1594107091.033700",
        "team": "TJH5YU202",
        "user_team": "TJH5YU202",
        "source_team": "TJH5YU202",
        "user_profile": {
            "avatar_hash": "g92ad2abcc45",
            "image_72": "https:\/\/secure.gravatar.com\/avatar\/8492ad2abcc45ce53969adcf8420acde.jpg?s=72&d=https%3A%2F%2Fa.slack-edge.com%2Fdf10d%2Fimg%2Favatars%2Fava_0008-72.png",
            "first_name": "",
            "real_name": "Antonio Linares",
            "display_name": "Antonio Linares",
            "team": "TJH5YU202",
            "name": "alinares",
            "is_restricted": false,
            "is_ultra_restricted": false
        },
        "blocks": [
            {
                "type": "rich_text",
                "block_id": "0BtP",
                "elements": [
                    {
                        "type": "rich_text_section",
                        "elements": [
                            {
                                "type": "text",
                                "text": "buenos dias "
                            },
                            {
                                "type": "emoji",
                                "name": "sunny"
                            }
                        ]
                    }
                ]
            }
        ]
    },
    {
        "client_msg_id": "e873ab7c-9258-4f97-9707-70405344db0f",
        "type": "message",
        "text": "Hola Charly. no sé que tal te vendría ver esta tarde el problema que te comenté ayer en el curso sobre los cookies y la autentificación.",
        "user": "U016R6PA9TK",
        "ts": "1594118474.034500",
        "team": "TJH5YU202",
        "user_team": "TJH5YU202",
        "source_team": "TJH5YU202",
        "user_profile": {
            "avatar_hash": "g4d60dc1c020",
            "image_72": "https:\/\/secure.gravatar.com\/avatar\/4d60dc1c02078ca959d6375e555db8ae.jpg?s=72&d=https%3A%2F%2Fa.slack-edge.com%2Fdf10d%2Fimg%2Favatars%2Fava_0017-72.png",
            "first_name": "",
            "real_name": "Alfredo Sanz",
            "display_name": "Alfredo Sanz",
            "team": "TJH5YU202",
            "name": "alfredo",
            "is_restricted": false,
            "is_ultra_restricted": false
        },
        "blocks": [
            {
                "type": "rich_text",
                "block_id": "Usq4",
                "elements": [
                    {
                        "type": "rich_text_section",
                        "elements": [
                            {
                                "type": "text",
                                "text": "Hola Charly. no sé que tal te vendría ver esta tarde el problema que te comenté ayer en el curso sobre los cookies y la autentificación."
                            }
                        ]
                    }
                ]
            }
        ]
    },
    {
        "client_msg_id": "ff85bb03-255c-45c0-aff8-b2432217665d",
        "type": "message",
        "text": "Oks.",
        "user": "UJWR5N32S",
        "ts": "1594119509.034800",
        "team": "TJH5YU202",
        "user_team": "TJH5YU202",
        "source_team": "TJH5YU202",
        "user_profile": {
            "avatar_hash": "273d3745f7ae",
            "image_72": "https:\/\/avatars.slack-edge.com\/2019-05-20\/634344238497_273d3745f7ae1b176b82_72.jpg",
            "first_name": "Charly",
            "real_name": "Charly",
            "display_name": "Charly",
            "team": "TJH5YU202",
            "name": "carles9000",
            "is_restricted": false,
            "is_ultra_restricted": false
        },
        "blocks": [
            {
                "type": "rich_text",
                "block_id": "8Cp",
                "elements": [
                    {
                        "type": "rich_text_section",
                        "elements": [
                            {
                                "type": "text",
                                "text": "Oks."
                            }
                        ]
                    }
                ]
            }
        ]
    },
    {
        "client_msg_id": "04546235-fdd1-4915-ad8d-caf2add93ebb",
        "type": "message",
        "text": "Si quieres, sobre las 17:00 nos vemos por skype",
        "user": "U016R6PA9TK",
        "ts": "1594120536.035200",
        "team": "TJH5YU202",
        "user_team": "TJH5YU202",
        "source_team": "TJH5YU202",
        "user_profile": {
            "avatar_hash": "g4d60dc1c020",
            "image_72": "https:\/\/secure.gravatar.com\/avatar\/4d60dc1c02078ca959d6375e555db8ae.jpg?s=72&d=https%3A%2F%2Fa.slack-edge.com%2Fdf10d%2Fimg%2Favatars%2Fava_0017-72.png",
            "first_name": "",
            "real_name": "Alfredo Sanz",
            "display_name": "Alfredo Sanz",
            "team": "TJH5YU202",
            "name": "alfredo",
            "is_restricted": false,
            "is_ultra_restricted": false
        },
        "blocks": [
            {
                "type": "rich_text",
                "block_id": "aZv",
                "elements": [
                    {
                        "type": "rich_text_section",
                        "elements": [
                            {
                                "type": "text",
                                "text": "Si quieres, sobre las 17:00 nos vemos por skype"
                            }
                        ]
                    }
                ]
            }
        ]
    },
    {
        "client_msg_id": "95cf16ef-53fd-48b2-975c-e0a613cf8149",
        "type": "message",
        "text": "buenos dias amigos",
        "user": "U015CUP1T5Z",
        "ts": "1594125521.035400",
        "team": "TJH5YU202",
        "user_team": "TJH5YU202",
        "source_team": "TJH5YU202",
        "user_profile": {
            "avatar_hash": "2d5981129913",
            "image_72": "https:\/\/avatars.slack-edge.com\/2020-06-14\/1183376598323_2d5981129913ee85447d_72.jpg",
            "first_name": "ricardo",
            "real_name": "ricardo arraes",
            "display_name": "ricardo arraes",
            "team": "TJH5YU202",
            "name": "ricardo",
            "is_restricted": false,
            "is_ultra_restricted": false
        },
        "blocks": [
            {
                "type": "rich_text",
                "block_id": "0e1",
                "elements": [
                    {
                        "type": "rich_text_section",
                        "elements": [
                            {
                                "type": "text",
                                "text": "buenos dias amigos"
                            }
                        ]
                    }
                ]
            }
        ]
    },
    {
        "type": "message",
        "text": "Proyectos en marcha :+1::skin-tone-2::+1::skin-tone-2::+1::skin-tone-2:",
        "files": [
            {
                "id": "F016M918NUD",
                "created": 1594125606,
                "timestamp": 1594125606,
                "name": "Arquivo do iOS.MOV",
                "title": "Arquivo do iOS",
                "mimetype": "video\/quicktime",
                "filetype": "mov",
                "pretty_type": "QuickTime Movie",
                "user": "U015CUP1T5Z",
                "editable": false,
                "size": 34159838,
                "mode": "hosted",
                "is_external": false,
                "external_type": "",
                "is_public": true,
                "public_url_shared": false,
                "display_as_bot": false,
                "username": "",
                "url_private": "https:\/\/files.slack.com\/files-pri\/TJH5YU202-F016M918NUD\/arquivo_do_ios.mov?t=xoxe-629202954002-1316365335585-1303739558562-bb0d767c5143c02b3f1039cae658c718",
                "url_private_download": "https:\/\/files.slack.com\/files-pri\/TJH5YU202-F016M918NUD\/download\/arquivo_do_ios.mov?t=xoxe-629202954002-1316365335585-1303739558562-bb0d767c5143c02b3f1039cae658c718",
                "thumb_video": "https:\/\/files.slack.com\/files-tmb\/TJH5YU202-F016M918NUD-8e7363ecf5\/arquivo_do_ios_thumb_video.jpeg?t=xoxe-629202954002-1316365335585-1303739558562-bb0d767c5143c02b3f1039cae658c718",
                "permalink": "https:\/\/harbourproject.slack.com\/files\/U015CUP1T5Z\/F016M918NUD\/arquivo_do_ios.mov",
                "permalink_public": "https:\/\/slack-files.com\/TJH5YU202-F016M918NUD-16dda493ec",
                "is_starred": false,
                "has_rich_preview": false
            }
        ],
        "upload": true,
        "blocks": [
            {
                "type": "rich_text",
                "block_id": "5b6",
                "elements": [
                    {
                        "type": "rich_text_section",
                        "elements": [
                            {
                                "type": "text",
                                "text": "Proyectos en marcha "
                            },
                            {
                                "type": "emoji",
                                "name": "+1",
                                "skin_tone": 2
                            },
                            {
                                "type": "emoji",
                                "name": "+1",
                                "skin_tone": 2
                            },
                            {
                                "type": "emoji",
                                "name": "+1",
                                "skin_tone": 2
                            }
                        ]
                    }
                ]
            }
        ],
        "user": "U015CUP1T5Z",
        "display_as_bot": false,
        "ts": "1594125672.035900",
        "client_msg_id": "8A198D11-0F78-4B39-B5FD-8C6220021C3B",
        "reactions": [
            {
                "name": "+1",
                "users": [
                    "UJHD6A81H",
                    "UJN8D8U3B"
                ],
                "count": 2
            },
            {
                "name": "heavy_check_mark",
                "users": [
                    "UJUSD6VB2"
                ],
                "count": 1
            }
        ]
    },
    {
        "client_msg_id": "5b7a1c85-0aba-40d3-9155-d7329eaf9d41",
        "type": "message",
        "text": "mod_harbour y ajax, una excelente combinación",
        "user": "U015CUP1T5Z",
        "ts": "1594125747.036300",
        "team": "TJH5YU202",
        "user_team": "TJH5YU202",
        "source_team": "TJH5YU202",
        "user_profile": {
            "avatar_hash": "2d5981129913",
            "image_72": "https:\/\/avatars.slack-edge.com\/2020-06-14\/1183376598323_2d5981129913ee85447d_72.jpg",
            "first_name": "ricardo",
            "real_name": "ricardo arraes",
            "display_name": "ricardo arraes",
            "team": "TJH5YU202",
            "name": "ricardo",
            "is_restricted": false,
            "is_ultra_restricted": false
        },
        "blocks": [
            {
                "type": "rich_text",
                "block_id": "w5jg",
                "elements": [
                    {
                        "type": "rich_text_section",
                        "elements": [
                            {
                                "type": "text",
                                "text": "mod_harbour y ajax, una excelente combinación"
                            }
                        ]
                    }
                ]
            }
        ]
    },
    {
        "client_msg_id": "7eb21d22-ee1e-46cc-8f8a-d2f7eb5ac07d",
        "type": "message",
        "text": "Enhorabuena Ricardo",
        "user": "UJWR5N32S",
        "ts": "1594125970.037100",
        "team": "TJH5YU202",
        "user_team": "TJH5YU202",
        "source_team": "TJH5YU202",
        "user_profile": {
            "avatar_hash": "273d3745f7ae",
            "image_72": "https:\/\/avatars.slack-edge.com\/2019-05-20\/634344238497_273d3745f7ae1b176b82_72.jpg",
            "first_name": "Charly",
            "real_name": "Charly",
            "display_name": "Charly",
            "team": "TJH5YU202",
            "name": "carles9000",
            "is_restricted": false,
            "is_ultra_restricted": false
        },
        "blocks": [
            {
                "type": "rich_text",
                "block_id": "fEw",
                "elements": [
                    {
                        "type": "rich_text_section",
                        "elements": [
                            {
                                "type": "text",
                                "text": "Enhorabuena Ricardo"
                            }
                        ]
                    }
                ]
            }
        ]
    },
    {
        "client_msg_id": "b149f87d-7cba-4d45-aa98-235ef963422f",
        "type": "message",
        "text": ":muscle:",
        "user": "UJWR5N32S",
        "ts": "1594125973.037200",
        "team": "TJH5YU202",
        "user_team": "TJH5YU202",
        "source_team": "TJH5YU202",
        "user_profile": {
            "avatar_hash": "273d3745f7ae",
            "image_72": "https:\/\/avatars.slack-edge.com\/2019-05-20\/634344238497_273d3745f7ae1b176b82_72.jpg",
            "first_name": "Charly",
            "real_name": "Charly",
            "display_name": "Charly",
            "team": "TJH5YU202",
            "name": "carles9000",
            "is_restricted": false,
            "is_ultra_restricted": false
        },
        "blocks": [
            {
                "type": "rich_text",
                "block_id": "CT0",
                "elements": [
                    {
                        "type": "rich_text_section",
                        "elements": [
                            {
                                "type": "emoji",
                                "name": "muscle"
                            }
                        ]
                    }
                ]
            }
        ]
    },
    {
        "client_msg_id": "93c6d12d-4e30-4f15-ae6c-c18dff3601d6",
        "type": "message",
        "text": "Muy bueno <@U015CUP1T5Z> :clap:",
        "user": "UK28N3CER",
        "ts": "1594126086.038300",
        "team": "TJH5YU202",
        "user_team": "TJH5YU202",
        "source_team": "TJH5YU202",
        "user_profile": {
            "avatar_hash": "0eafa7153ff3",
            "image_72": "https:\/\/avatars.slack-edge.com\/2020-05-18\/1155120542496_0eafa7153ff35206c804_72.jpg",
            "first_name": "Cesar",
            "real_name": "Cesar SysCtrl Software",
            "display_name": "Cesar SysCtrl Software",
            "team": "TJH5YU202",
            "name": "sysctrlsoftware",
            "is_restricted": false,
            "is_ultra_restricted": false
        },
        "blocks": [
            {
                "type": "rich_text",
                "block_id": "pTDG",
                "elements": [
                    {
                        "type": "rich_text_section",
                        "elements": [
                            {
                                "type": "text",
                                "text": "Muy bueno "
                            },
                            {
                                "type": "user",
                                "user_id": "U015CUP1T5Z"
                            },
                            {
                                "type": "text",
                                "text": " "
                            },
                            {
                                "type": "emoji",
                                "name": "clap"
                            }
                        ]
                    }
                ]
            }
        ]
    },
    {
        "client_msg_id": "f5e0cc78-773f-4e30-a16e-47895e4c48b4",
        "type": "message",
        "text": "Muy bien Ricardo, ejemplos reales son lo que estamos necesitando para motivar la llegada de mas gente",
        "user": "UM81W8B0Q",
        "ts": "1594126090.038400",
        "team": "TJH5YU202",
        "user_team": "TJH5YU202",
        "source_team": "TJH5YU202",
        "user_profile": {
            "avatar_hash": "gab9279ee8c0",
            "image_72": "https:\/\/secure.gravatar.com\/avatar\/73ab9279ee8c00f66ce4904d30146c8f.jpg?s=72&d=https%3A%2F%2Fa.slack-edge.com%2Fdf10d%2Fimg%2Favatars%2Fava_0010-72.png",
            "first_name": "",
            "real_name": "Angel Pais",
            "display_name": "Angel Pais",
            "team": "TJH5YU202",
            "name": "amigosam",
            "is_restricted": false,
            "is_ultra_restricted": false
        },
        "blocks": [
            {
                "type": "rich_text",
                "block_id": "es7WA",
                "elements": [
                    {
                        "type": "rich_text_section",
                        "elements": [
                            {
                                "type": "text",
                                "text": "Muy bien Ricardo, ejemplos reales son lo que estamos necesitando para motivar la llegada de mas gente"
                            }
                        ]
                    }
                ]
            }
        ]
    },
    {
        "client_msg_id": "ae955d5c-7439-4c40-b2b7-bb34bd5832c8",
        "type": "message",
        "text": "Buen día",
        "user": "UK28N3CER",
        "ts": "1594126154.038800",
        "team": "TJH5YU202",
        "user_team": "TJH5YU202",
        "source_team": "TJH5YU202",
        "user_profile": {
            "avatar_hash": "0eafa7153ff3",
            "image_72": "https:\/\/avatars.slack-edge.com\/2020-05-18\/1155120542496_0eafa7153ff35206c804_72.jpg",
            "first_name": "Cesar",
            "real_name": "Cesar SysCtrl Software",
            "display_name": "Cesar SysCtrl Software",
            "team": "TJH5YU202",
            "name": "sysctrlsoftware",
            "is_restricted": false,
            "is_ultra_restricted": false
        },
        "blocks": [
            {
                "type": "rich_text",
                "block_id": "xVWQ",
                "elements": [
                    {
                        "type": "rich_text_section",
                        "elements": [
                            {
                                "type": "text",
                                "text": "Buen día"
                            }
                        ]
                    }
                ]
            }
        ]
    },
    {
        "client_msg_id": "88566d6d-61f8-4b37-b572-127c1e98a232",
        "type": "message",
        "text": "Gracias amigos. el sitio web se comunica con un webservice en otro servidor, ¡todo funciona muy bien! estamos entusiasmados con los resultados",
        "user": "U015CUP1T5Z",
        "ts": "1594126232.039100",
        "team": "TJH5YU202",
        "user_team": "TJH5YU202",
        "source_team": "TJH5YU202",
        "user_profile": {
            "avatar_hash": "2d5981129913",
            "image_72": "https:\/\/avatars.slack-edge.com\/2020-06-14\/1183376598323_2d5981129913ee85447d_72.jpg",
            "first_name": "ricardo",
            "real_name": "ricardo arraes",
            "display_name": "ricardo arraes",
            "team": "TJH5YU202",
            "name": "ricardo",
            "is_restricted": false,
            "is_ultra_restricted": false
        },
        "blocks": [
            {
                "type": "rich_text",
                "block_id": "Oh3",
                "elements": [
                    {
                        "type": "rich_text_section",
                        "elements": [
                            {
                                "type": "text",
                                "text": "Gracias amigos. el sitio web se comunica con un webservice en otro servidor, ¡todo funciona muy bien! estamos entusiasmados con los resultados"
                            }
                        ]
                    }
                ]
            }
        ]
    },
    {
        "client_msg_id": "5335d360-49e4-4381-9c5a-edc6bcdc9c75",
        "type": "message",
        "text": "Pues mañana la sesion va de webservices :shushing_face: :shushing_face: :shushing_face:",
        "user": "UJWR5N32S",
        "ts": "1594126418.040000",
        "team": "TJH5YU202",
        "user_team": "TJH5YU202",
        "source_team": "TJH5YU202",
        "user_profile": {
            "avatar_hash": "273d3745f7ae",
            "image_72": "https:\/\/avatars.slack-edge.com\/2019-05-20\/634344238497_273d3745f7ae1b176b82_72.jpg",
            "first_name": "Charly",
            "real_name": "Charly",
            "display_name": "Charly",
            "team": "TJH5YU202",
            "name": "carles9000",
            "is_restricted": false,
            "is_ultra_restricted": false
        },
        "blocks": [
            {
                "type": "rich_text",
                "block_id": "ZrtiS",
                "elements": [
                    {
                        "type": "rich_text_section",
                        "elements": [
                            {
                                "type": "text",
                                "text": "Pues mañana la sesion va de webservices "
                            },
                            {
                                "type": "emoji",
                                "name": "shushing_face"
                            },
                            {
                                "type": "text",
                                "text": " "
                            },
                            {
                                "type": "emoji",
                                "name": "shushing_face"
                            },
                            {
                                "type": "text",
                                "text": " "
                            },
                            {
                                "type": "emoji",
                                "name": "shushing_face"
                            }
                        ]
                    }
                ]
            }
        ]
    },
    {
        "client_msg_id": "6dccfc30-4d4c-48bb-b413-acc69488eedf",
        "type": "message",
        "text": "Lo hice en base al manual de mercury, muy tranquilo, Charly. ¡felicidades!",
        "user": "U015CUP1T5Z",
        "ts": "1594126613.040300",
        "team": "TJH5YU202",
        "user_team": "TJH5YU202",
        "source_team": "TJH5YU202",
        "user_profile": {
            "avatar_hash": "2d5981129913",
            "image_72": "https:\/\/avatars.slack-edge.com\/2020-06-14\/1183376598323_2d5981129913ee85447d_72.jpg",
            "first_name": "ricardo",
            "real_name": "ricardo arraes",
            "display_name": "ricardo arraes",
            "team": "TJH5YU202",
            "name": "ricardo",
            "is_restricted": false,
            "is_ultra_restricted": false
        },
        "blocks": [
            {
                "type": "rich_text",
                "block_id": "uDGM",
                "elements": [
                    {
                        "type": "rich_text_section",
                        "elements": [
                            {
                                "type": "text",
                                "text": "Lo hice en base al manual de mercury, muy tranquilo, Charly. ¡felicidades!"
                            }
                        ]
                    }
                ]
            }
        ]
    },
    {
        "client_msg_id": "67ad973d-2d27-461e-a083-a4c6e10b9426",
        "type": "message",
        "text": "Perfect ! Mañana rematas",
        "user": "UJWR5N32S",
        "ts": "1594126682.041000",
        "team": "TJH5YU202",
        "user_team": "TJH5YU202",
        "source_team": "TJH5YU202",
        "user_profile": {
            "avatar_hash": "273d3745f7ae",
            "image_72": "https:\/\/avatars.slack-edge.com\/2019-05-20\/634344238497_273d3745f7ae1b176b82_72.jpg",
            "first_name": "Charly",
            "real_name": "Charly",
            "display_name": "Charly",
            "team": "TJH5YU202",
            "name": "carles9000",
            "is_restricted": false,
            "is_ultra_restricted": false
        },
        "blocks": [
            {
                "type": "rich_text",
                "block_id": "b=ZA",
                "elements": [
                    {
                        "type": "rich_text_section",
                        "elements": [
                            {
                                "type": "text",
                                "text": "Perfect ! Mañana rematas"
                            }
                        ]
                    }
                ]
            }
        ]
    },
    {
        "client_msg_id": "f3b56a23-9c93-4d7b-b739-a02559afeb57",
        "type": "message",
        "text": ":+1:",
        "user": "UK28N3CER",
        "ts": "1594127137.041100",
        "team": "TJH5YU202",
        "user_team": "TJH5YU202",
        "source_team": "TJH5YU202",
        "user_profile": {
            "avatar_hash": "0eafa7153ff3",
            "image_72": "https:\/\/avatars.slack-edge.com\/2020-05-18\/1155120542496_0eafa7153ff35206c804_72.jpg",
            "first_name": "Cesar",
            "real_name": "Cesar SysCtrl Software",
            "display_name": "Cesar SysCtrl Software",
            "team": "TJH5YU202",
            "name": "sysctrlsoftware",
            "is_restricted": false,
            "is_ultra_restricted": false
        },
        "blocks": [
            {
                "type": "rich_text",
                "block_id": "=4eH",
                "elements": [
                    {
                        "type": "rich_text_section",
                        "elements": [
                            {
                                "type": "emoji",
                                "name": "+1"
                            }
                        ]
                    }
                ]
            }
        ]
    },
    {
        "client_msg_id": "663d754b-2a76-44ae-bd4f-4c45e14fb5fc",
        "type": "message",
        "text": "hola amigos ¿alguien puede explicarme cómo usar la biblioteca haru para generar pdf? Traté de ejecutar los ejemplos y mirar el foro, pero todavía no entiendo dónde encontrar \/ generar esta biblioteca.",
        "user": "U015CUP1T5Z",
        "ts": "1594150194.041800",
        "team": "TJH5YU202",
        "user_team": "TJH5YU202",
        "source_team": "TJH5YU202",
        "user_profile": {
            "avatar_hash": "2d5981129913",
            "image_72": "https:\/\/avatars.slack-edge.com\/2020-06-14\/1183376598323_2d5981129913ee85447d_72.jpg",
            "first_name": "ricardo",
            "real_name": "ricardo arraes",
            "display_name": "ricardo arraes",
            "team": "TJH5YU202",
            "name": "ricardo",
            "is_restricted": false,
            "is_ultra_restricted": false
        },
        "blocks": [
            {
                "type": "rich_text",
                "block_id": "raC",
                "elements": [
                    {
                        "type": "rich_text_section",
                        "elements": [
                            {
                                "type": "text",
                                "text": "hola amigos ¿alguien puede explicarme cómo usar la biblioteca haru para generar pdf? Traté de ejecutar los ejemplos y mirar el foro, pero todavía no entiendo dónde encontrar \/ generar esta biblioteca."
                            }
                        ]
                    }
                ]
            }
        ]
    },
    {
        "client_msg_id": "4a6894b0-1dcf-49e7-8a24-949d720981df",
        "type": "message",
        "text": "Saludos ... mira el ejemplo en samples\/invoice.prg alli aparece una clase tpdf basada en haru...",
        "user": "UJJNSR2V8",
        "ts": "1594150571.043200",
        "team": "TJH5YU202",
        "user_team": "TJH5YU202",
        "source_team": "TJH5YU202",
        "user_profile": {
            "avatar_hash": "g5c7770c1441",
            "image_72": "https:\/\/secure.gravatar.com\/avatar\/a95c7770c144160e668fb52dae4a4024.jpg?s=72&d=https%3A%2F%2Fa.slack-edge.com%2Fdf10d%2Fimg%2Favatars%2Fava_0010-72.png",
            "first_name": "",
            "real_name": "Mario Gonzalez",
            "display_name": "Mario Gonzalez",
            "team": "TJH5YU202",
            "name": "mag071",
            "is_restricted": false,
            "is_ultra_restricted": false
        },
        "blocks": [
            {
                "type": "rich_text",
                "block_id": "Vuut=",
                "elements": [
                    {
                        "type": "rich_text_section",
                        "elements": [
                            {
                                "type": "text",
                                "text": "Saludos ... mira el ejemplo en samples\/invoice.prg alli aparece una clase tpdf basada en haru..."
                            }
                        ]
                    }
                ]
            }
        ]
    },
    {
        "client_msg_id": "09603086-7e17-48da-8db7-a06ebc54e5db",
        "type": "message",
        "text": "<https:\/\/www.mod-harbour.com\/hmgweb>",
        "user": "UM81W8B0Q",
        "ts": "1594150612.043600",
        "team": "TJH5YU202",
        "user_team": "TJH5YU202",
        "source_team": "TJH5YU202",
        "user_profile": {
            "avatar_hash": "gab9279ee8c0",
            "image_72": "https:\/\/secure.gravatar.com\/avatar\/73ab9279ee8c00f66ce4904d30146c8f.jpg?s=72&d=https%3A%2F%2Fa.slack-edge.com%2Fdf10d%2Fimg%2Favatars%2Fava_0010-72.png",
            "first_name": "",
            "real_name": "Angel Pais",
            "display_name": "Angel Pais",
            "team": "TJH5YU202",
            "name": "amigosam",
            "is_restricted": false,
            "is_ultra_restricted": false
        },
        "blocks": [
            {
                "type": "rich_text",
                "block_id": "MG7",
                "elements": [
                    {
                        "type": "rich_text_section",
                        "elements": [
                            {
                                "type": "link",
                                "url": "https:\/\/www.mod-harbour.com\/hmgweb"
                            }
                        ]
                    }
                ]
            }
        ]
    },
    {
        "client_msg_id": "8f4a085c-3cb4-40cd-bb36-a864a4444dab",
        "type": "message",
        "text": "ahí también hay un ejemplo para generar pdf",
        "user": "UM81W8B0Q",
        "ts": "1594150626.044000",
        "team": "TJH5YU202",
        "user_team": "TJH5YU202",
        "source_team": "TJH5YU202",
        "user_profile": {
            "avatar_hash": "gab9279ee8c0",
            "image_72": "https:\/\/secure.gravatar.com\/avatar\/73ab9279ee8c00f66ce4904d30146c8f.jpg?s=72&d=https%3A%2F%2Fa.slack-edge.com%2Fdf10d%2Fimg%2Favatars%2Fava_0010-72.png",
            "first_name": "",
            "real_name": "Angel Pais",
            "display_name": "Angel Pais",
            "team": "TJH5YU202",
            "name": "amigosam",
            "is_restricted": false,
            "is_ultra_restricted": false
        },
        "edited": {
            "user": "UM81W8B0Q",
            "ts": "1594150651.000000"
        },
        "blocks": [
            {
                "type": "rich_text",
                "block_id": "Zg8",
                "elements": [
                    {
                        "type": "rich_text_section",
                        "elements": [
                            {
                                "type": "text",
                                "text": "ahí también hay un ejemplo para generar pdf"
                            }
                        ]
                    }
                ]
            }
        ]
    },
    {
        "client_msg_id": "81dbc20c-d1b9-4412-8f68-b9e9e59186c5",
        "type": "message",
        "text": "gracias amigos! :+1:",
        "user": "U015CUP1T5Z",
        "ts": "1594150688.044400",
        "team": "TJH5YU202",
        "user_team": "TJH5YU202",
        "source_team": "TJH5YU202",
        "user_profile": {
            "avatar_hash": "2d5981129913",
            "image_72": "https:\/\/avatars.slack-edge.com\/2020-06-14\/1183376598323_2d5981129913ee85447d_72.jpg",
            "first_name": "ricardo",
            "real_name": "ricardo arraes",
            "display_name": "ricardo arraes",
            "team": "TJH5YU202",
            "name": "ricardo",
            "is_restricted": false,
            "is_ultra_restricted": false
        },
        "blocks": [
            {
                "type": "rich_text",
                "block_id": "5b6v",
                "elements": [
                    {
                        "type": "rich_text_section",
                        "elements": [
                            {
                                "type": "text",
                                "text": "gracias amigos! "
                            },
                            {
                                "type": "emoji",
                                "name": "+1"
                            }
                        ]
                    }
                ]
            }
        ]
    },
    {
        "client_msg_id": "dbf0eac0-36f8-4320-ba1e-e286666039ee",
        "type": "message",
        "text": "Como no trabajaba viewer.exe en los servidores de WINDOWS 2012, descargué este proyecto como prueba.\n<https:\/\/github.com\/pmuellr\/AnyViewer>\nEste visor funciona para mí. Pero no sé cómo integrar su propio sitio web.",
        "user": "UJHD6A81H",
        "ts": "1594151028.044600",
        "team": "TJH5YU202",
        "user_team": "TJH5YU202",
        "source_team": "TJH5YU202",
        "user_profile": {
            "avatar_hash": "g6b8073e00e9",
            "image_72": "https:\/\/secure.gravatar.com\/avatar\/b96b8073e00e9eb02bcf05bc1418eb3a.jpg?s=72&d=https%3A%2F%2Fa.slack-edge.com%2Fdf10d%2Fimg%2Favatars%2Fava_0021-72.png",
            "first_name": "Otto",
            "real_name": "Otto Atzwanger",
            "display_name": "Otto",
            "team": "TJH5YU202",
            "name": "otto",
            "is_restricted": false,
            "is_ultra_restricted": false
        },
        "attachments": [
            {
                "fallback": "pmuellr\/AnyViewer",
                "text": "a programmable desktop file viewer built on Electron",
                "title": "pmuellr\/AnyViewer",
                "footer": "<https:\/\/github.com\/pmuellr\/AnyViewer|pmuellr\/AnyViewer>",
                "id": 1,
                "footer_icon": "https:\/\/github.githubassets.com\/favicon.ico",
                "ts": 1436849829,
                "color": "24292f",
                "fields": [
                    {
                        "title": "Stars",
                        "value": "11",
                        "short": true
                    },
                    {
                        "title": "Language",
                        "value": "JavaScript",
                        "short": true
                    }
                ],
                "mrkdwn_in": [
                    "text",
                    "fields"
                ],
                "bot_id": "B013M1D0ZKM",
                "app_unfurl_url": "https:\/\/github.com\/pmuellr\/AnyViewer",
                "is_app_unfurl": true
            }
        ],
        "blocks": [
            {
                "type": "rich_text",
                "block_id": "orv",
                "elements": [
                    {
                        "type": "rich_text_section",
                        "elements": [
                            {
                                "type": "text",
                                "text": "Como no trabajaba viewer.exe en los servidores de WINDOWS 2012, descargué este proyecto como prueba.\n"
                            },
                            {
                                "type": "link",
                                "url": "https:\/\/github.com\/pmuellr\/AnyViewer"
                            },
                            {
                                "type": "text",
                                "text": "\nEste visor funciona para mí. Pero no sé cómo integrar su propio sitio web."
                            }
                        ]
                    }
                ]
            }
        ]
    },
    {
        "type": "message",
        "text": "",
        "files": [
            {
                "id": "F016PND48GJ",
                "created": 1594151077,
                "timestamp": 1594151077,
                "name": "grafik.png",
                "title": "grafik.png",
                "mimetype": "image\/png",
                "filetype": "png",
                "pretty_type": "PNG",
                "user": "UJHD6A81H",
                "editable": false,
                "size": 48518,
                "mode": "hosted",
                "is_external": false,
                "external_type": "",
                "is_public": true,
                "public_url_shared": false,
                "display_as_bot": false,
                "username": "",
                "url_private": "https:\/\/files.slack.com\/files-pri\/TJH5YU202-F016PND48GJ\/grafik.png?t=xoxe-629202954002-1316365335585-1303739558562-bb0d767c5143c02b3f1039cae658c718",
                "url_private_download": "https:\/\/files.slack.com\/files-pri\/TJH5YU202-F016PND48GJ\/download\/grafik.png?t=xoxe-629202954002-1316365335585-1303739558562-bb0d767c5143c02b3f1039cae658c718",
                "thumb_64": "https:\/\/files.slack.com\/files-tmb\/TJH5YU202-F016PND48GJ-365d3d36a7\/grafik_64.png?t=xoxe-629202954002-1316365335585-1303739558562-bb0d767c5143c02b3f1039cae658c718",
                "thumb_80": "https:\/\/files.slack.com\/files-tmb\/TJH5YU202-F016PND48GJ-365d3d36a7\/grafik_80.png?t=xoxe-629202954002-1316365335585-1303739558562-bb0d767c5143c02b3f1039cae658c718",
                "thumb_360": "https:\/\/files.slack.com\/files-tmb\/TJH5YU202-F016PND48GJ-365d3d36a7\/grafik_360.png?t=xoxe-629202954002-1316365335585-1303739558562-bb0d767c5143c02b3f1039cae658c718",
                "thumb_360_w": 360,
                "thumb_360_h": 354,
                "thumb_480": "https:\/\/files.slack.com\/files-tmb\/TJH5YU202-F016PND48GJ-365d3d36a7\/grafik_480.png?t=xoxe-629202954002-1316365335585-1303739558562-bb0d767c5143c02b3f1039cae658c718",
                "thumb_480_w": 480,
                "thumb_480_h": 472,
                "thumb_160": "https:\/\/files.slack.com\/files-tmb\/TJH5YU202-F016PND48GJ-365d3d36a7\/grafik_160.png?t=xoxe-629202954002-1316365335585-1303739558562-bb0d767c5143c02b3f1039cae658c718",
                "thumb_720": "https:\/\/files.slack.com\/files-tmb\/TJH5YU202-F016PND48GJ-365d3d36a7\/grafik_720.png?t=xoxe-629202954002-1316365335585-1303739558562-bb0d767c5143c02b3f1039cae658c718",
                "thumb_720_w": 720,
                "thumb_720_h": 708,
                "thumb_800": "https:\/\/files.slack.com\/files-tmb\/TJH5YU202-F016PND48GJ-365d3d36a7\/grafik_800.png?t=xoxe-629202954002-1316365335585-1303739558562-bb0d767c5143c02b3f1039cae658c718",
                "thumb_800_w": 800,
                "thumb_800_h": 786,
                "original_w": 822,
                "original_h": 808,
                "thumb_tiny": "AwAvADC6I89V\/HNOES+lOHAFAPsadxWQnlJ6UeUnpTvwpfwoCyGeUnpR5SelPopXCyGY92\/OnZoHQUtAwzRmio3Zg6qmMkZ5oAkzRmoyXVCWKDH1ohdn3bhjFOwrkg6UUyJt0KN6qDT6QwqNv9en0NSU14wxByQR3FNCY0KZG3OMAdFpUOZHGBxjn1pPKP8Az0f86ciBM8kk9SaAP\/\/Z",
                "permalink": "https:\/\/harbourproject.slack.com\/files\/UJHD6A81H\/F016PND48GJ\/grafik.png",
                "permalink_public": "https:\/\/slack-files.com\/TJH5YU202-F016PND48GJ-ee7497eb56",
                "is_starred": false,
                "has_rich_preview": false
            }
        ],
        "upload": false,
        "user": "UJHD6A81H",
        "display_as_bot": false,
        "ts": "1594151080.044800"
    },
    {
        "client_msg_id": "fa97804a-1106-46ae-9495-bd1582fb5bcc",
        "type": "message",
        "text": "Gracias <@UM81W8B0Q> e <@UJJNSR2V8> ! tus ideas ayudaron mucho",
        "user": "U015CUP1T5Z",
        "ts": "1594172296.045600",
        "team": "TJH5YU202",
        "user_team": "TJH5YU202",
        "source_team": "TJH5YU202",
        "user_profile": {
            "avatar_hash": "2d5981129913",
            "image_72": "https:\/\/avatars.slack-edge.com\/2020-06-14\/1183376598323_2d5981129913ee85447d_72.jpg",
            "first_name": "ricardo",
            "real_name": "ricardo arraes",
            "display_name": "ricardo arraes",
            "team": "TJH5YU202",
            "name": "ricardo",
            "is_restricted": false,
            "is_ultra_restricted": false
        },
        "blocks": [
            {
                "type": "rich_text",
                "block_id": "jObt",
                "elements": [
                    {
                        "type": "rich_text_section",
                        "elements": [
                            {
                                "type": "text",
                                "text": "Gracias "
                            },
                            {
                                "type": "user",
                                "user_id": "UM81W8B0Q"
                            },
                            {
                                "type": "text",
                                "text": " e "
                            },
                            {
                                "type": "user",
                                "user_id": "UJJNSR2V8"
                            },
                            {
                                "type": "text",
                                "text": " ! tus ideas ayudaron mucho"
                            }
                        ]
                    }
                ]
            }
        ]
    },
    {
        "client_msg_id": "5977c0e4-8f84-4b93-9326-7953024ddd33",
        "type": "message",
        "text": "Bon dia",
        "user": "UJWR5N32S",
        "ts": "1594185003.045900",
        "team": "TJH5YU202",
        "user_team": "TJH5YU202",
        "source_team": "TJH5YU202",
        "user_profile": {
            "avatar_hash": "273d3745f7ae",
            "image_72": "https:\/\/avatars.slack-edge.com\/2019-05-20\/634344238497_273d3745f7ae1b176b82_72.jpg",
            "first_name": "Charly",
            "real_name": "Charly",
            "display_name": "Charly",
            "team": "TJH5YU202",
            "name": "carles9000",
            "is_restricted": false,
            "is_ultra_restricted": false
        },
        "blocks": [
            {
                "type": "rich_text",
                "block_id": "rOb3N",
                "elements": [
                    {
                        "type": "rich_text_section",
                        "elements": [
                            {
                                "type": "text",
                                "text": "Bon dia"
                            }
                        ]
                    }
                ]
            }
        ]
    }
]