[
    {
        "client_msg_id": "ff49ac7b-5cd5-4734-ae5a-96c2b6b23f21",
        "type": "message",
        "text": "buenos dias :sunny:",
        "user": "UJN8D8U3B",
        "ts": "1596097565.490800",
        "team": "TJH5YU202",
        "user_team": "TJH5YU202",
        "source_team": "TJH5YU202",
        "user_profile": {
            "avatar_hash": "g92ad2abcc45",
            "image_72": "https:\/\/secure.gravatar.com\/avatar\/8492ad2abcc45ce53969adcf8420acde.jpg?s=72&d=https%3A%2F%2Fa.slack-edge.com%2Fdf10d%2Fimg%2Favatars%2Fava_0008-72.png",
            "first_name": "",
            "real_name": "Antonio Linares",
            "display_name": "Antonio Linares",
            "team": "TJH5YU202",
            "name": "alinares",
            "is_restricted": false,
            "is_ultra_restricted": false
        },
        "blocks": [
            {
                "type": "rich_text",
                "block_id": "NT6xR",
                "elements": [
                    {
                        "type": "rich_text_section",
                        "elements": [
                            {
                                "type": "text",
                                "text": "buenos dias "
                            },
                            {
                                "type": "emoji",
                                "name": "sunny"
                            }
                        ]
                    }
                ]
            }
        ],
        "reactions": [
            {
                "name": "+1",
                "users": [
                    "UJUSD6VB2"
                ],
                "count": 1
            }
        ]
    },
    {
        "client_msg_id": "6a79e87f-a880-4de3-ab14-c5a25280c76b",
        "type": "message",
        "text": "Massimo Linossi está probando mod_harbour fastCGI + ADS y LoadHRB() y todo ok :+1:",
        "user": "UJN8D8U3B",
        "ts": "1596097633.491700",
        "team": "TJH5YU202",
        "user_team": "TJH5YU202",
        "source_team": "TJH5YU202",
        "user_profile": {
            "avatar_hash": "g92ad2abcc45",
            "image_72": "https:\/\/secure.gravatar.com\/avatar\/8492ad2abcc45ce53969adcf8420acde.jpg?s=72&d=https%3A%2F%2Fa.slack-edge.com%2Fdf10d%2Fimg%2Favatars%2Fava_0008-72.png",
            "first_name": "",
            "real_name": "Antonio Linares",
            "display_name": "Antonio Linares",
            "team": "TJH5YU202",
            "name": "alinares",
            "is_restricted": false,
            "is_ultra_restricted": false
        },
        "blocks": [
            {
                "type": "rich_text",
                "block_id": "ELf1",
                "elements": [
                    {
                        "type": "rich_text_section",
                        "elements": [
                            {
                                "type": "text",
                                "text": "Massimo Linossi está probando mod_harbour fastCGI + ADS y LoadHRB() y todo ok "
                            },
                            {
                                "type": "emoji",
                                "name": "+1"
                            }
                        ]
                    }
                ]
            }
        ]
    },
    {
        "client_msg_id": "03677d92-fc05-4788-ab31-9ccc2a87b358",
        "type": "message",
        "text": "buenos dias, amigos!",
        "user": "U015CUP1T5Z",
        "ts": "1596109324.492000",
        "team": "TJH5YU202",
        "user_team": "TJH5YU202",
        "source_team": "TJH5YU202",
        "user_profile": {
            "avatar_hash": "2d5981129913",
            "image_72": "https:\/\/avatars.slack-edge.com\/2020-06-14\/1183376598323_2d5981129913ee85447d_72.jpg",
            "first_name": "ricardo",
            "real_name": "ricardo arraes",
            "display_name": "ricardo arraes",
            "team": "TJH5YU202",
            "name": "ricardo",
            "is_restricted": false,
            "is_ultra_restricted": false
        },
        "blocks": [
            {
                "type": "rich_text",
                "block_id": "6b2o",
                "elements": [
                    {
                        "type": "rich_text_section",
                        "elements": [
                            {
                                "type": "text",
                                "text": "buenos dias, amigos!"
                            }
                        ]
                    }
                ]
            }
        ]
    },
    {
        "client_msg_id": "876872aa-2134-4d0d-b142-3fa88a660be2",
        "type": "message",
        "text": "<https:\/\/www.theverge.com\/2020\/7\/29\/21346392\/mac-os-8-electron-app-download-windows-linux-features>",
        "user": "UJUJLTWMT",
        "ts": "1596113788.492300",
        "team": "TJH5YU202",
        "user_team": "TJH5YU202",
        "source_team": "TJH5YU202",
        "user_profile": {
            "avatar_hash": "a60e3b1ef2d2",
            "image_72": "https:\/\/avatars.slack-edge.com\/2019-08-20\/726246109489_a60e3b1ef2d2c141969d_72.jpg",
            "first_name": "",
            "real_name": "Cristobal",
            "display_name": "Cristobal",
            "team": "TJH5YU202",
            "name": "navarro.cristobal",
            "is_restricted": false,
            "is_ultra_restricted": false
        },
        "attachments": [
            {
                "service_name": "The Verge",
                "title": "Mac OS 8 is now an app you can download and install on macOS, Windows, and Linux",
                "title_link": "https:\/\/www.theverge.com\/2020\/7\/29\/21346392\/mac-os-8-electron-app-download-windows-linux-features",
                "text": "It even includes classic games and apps from the ‘90s.",
                "fallback": "The Verge: Mac OS 8 is now an app you can download and install on macOS, Windows, and Linux",
                "image_url": "https:\/\/cdn.vox-cdn.com\/thumbor\/j2xrfURy6eigNvSUvQ1imRtKUEM=\/0x248:2024x1308\/fit-in\/1200x630\/cdn.vox-cdn.com\/uploads\/chorus_asset\/file\/20664587\/88612692_a1d81a00_d040_11ea_85c9_c64142c503d5.jpg",
                "image_width": 478,
                "image_height": 250,
                "ts": 1596026112,
                "from_url": "https:\/\/www.theverge.com\/2020\/7\/29\/21346392\/mac-os-8-electron-app-download-windows-linux-features",
                "image_bytes": 120685,
                "service_icon": "https:\/\/cdn.vox-cdn.com\/uploads\/chorus_asset\/file\/7395359\/ios-icon.0.png",
                "id": 1,
                "original_url": "https:\/\/www.theverge.com\/2020\/7\/29\/21346392\/mac-os-8-electron-app-download-windows-linux-features"
            }
        ],
        "blocks": [
            {
                "type": "rich_text",
                "block_id": "FcjFd",
                "elements": [
                    {
                        "type": "rich_text_section",
                        "elements": [
                            {
                                "type": "link",
                                "url": "https:\/\/www.theverge.com\/2020\/7\/29\/21346392\/mac-os-8-electron-app-download-windows-linux-features"
                            }
                        ]
                    }
                ]
            }
        ],
        "reactions": [
            {
                "name": "+1",
                "users": [
                    "UJUSD6VB2"
                ],
                "count": 1
            },
            {
                "name": "clap",
                "users": [
                    "U015CUP1T5Z"
                ],
                "count": 1
            }
        ]
    },
    {
        "client_msg_id": "fec7521f-e72d-4ad8-b738-3b904161883a",
        "type": "message",
        "text": "Buen día amigos :sunny:",
        "user": "UK28N3CER",
        "ts": "1596114438.492900",
        "team": "TJH5YU202",
        "user_team": "TJH5YU202",
        "source_team": "TJH5YU202",
        "user_profile": {
            "avatar_hash": "0eafa7153ff3",
            "image_72": "https:\/\/avatars.slack-edge.com\/2020-05-18\/1155120542496_0eafa7153ff35206c804_72.jpg",
            "first_name": "Cesar",
            "real_name": "Cesar SysCtrl Software",
            "display_name": "Cesar SysCtrl Software",
            "team": "TJH5YU202",
            "name": "sysctrlsoftware",
            "is_restricted": false,
            "is_ultra_restricted": false
        },
        "blocks": [
            {
                "type": "rich_text",
                "block_id": "ROA9",
                "elements": [
                    {
                        "type": "rich_text_section",
                        "elements": [
                            {
                                "type": "text",
                                "text": "Buen día amigos "
                            },
                            {
                                "type": "emoji",
                                "name": "sunny"
                            }
                        ]
                    }
                ]
            }
        ]
    },
    {
        "client_msg_id": "8445a2d9-3a5b-439e-914e-ea6dcfb1d09d",
        "type": "message",
        "text": "<@UJWR5N32S> <@UJN8D8U3B> como podemos colaborar para que el modelo MVC Mercury funcione en ModHarbour FastCGI ?",
        "user": "UK28N3CER",
        "ts": "1596132905.494300",
        "team": "TJH5YU202",
        "user_team": "TJH5YU202",
        "source_team": "TJH5YU202",
        "user_profile": {
            "avatar_hash": "0eafa7153ff3",
            "image_72": "https:\/\/avatars.slack-edge.com\/2020-05-18\/1155120542496_0eafa7153ff35206c804_72.jpg",
            "first_name": "Cesar",
            "real_name": "Cesar SysCtrl Software",
            "display_name": "Cesar SysCtrl Software",
            "team": "TJH5YU202",
            "name": "sysctrlsoftware",
            "is_restricted": false,
            "is_ultra_restricted": false
        },
        "blocks": [
            {
                "type": "rich_text",
                "block_id": "H14se",
                "elements": [
                    {
                        "type": "rich_text_section",
                        "elements": [
                            {
                                "type": "user",
                                "user_id": "UJWR5N32S"
                            },
                            {
                                "type": "text",
                                "text": " "
                            },
                            {
                                "type": "user",
                                "user_id": "UJN8D8U3B"
                            },
                            {
                                "type": "text",
                                "text": " como podemos colaborar para que el modelo MVC Mercury funcione en ModHarbour FastCGI ?"
                            }
                        ]
                    }
                ]
            }
        ],
        "reactions": [
            {
                "name": "clap",
                "users": [
                    "U015CUP1T5Z",
                    "UJUSD6VB2"
                ],
                "count": 2
            }
        ]
    }
]