[
    {
        "client_msg_id": "79529400-cde7-42c3-8689-5fc440f83674",
        "type": "message",
        "text": "Ya, 69, buen numerito :grinning:",
        "user": "UJUJLTWMT",
        "ts": "1596698523.031000",
        "team": "TJH5YU202",
        "user_team": "TJH5YU202",
        "source_team": "TJH5YU202",
        "user_profile": {
            "avatar_hash": "a60e3b1ef2d2",
            "image_72": "https:\/\/avatars.slack-edge.com\/2019-08-20\/726246109489_a60e3b1ef2d2c141969d_72.jpg",
            "first_name": "",
            "real_name": "Cristobal",
            "display_name": "Cristobal",
            "team": "TJH5YU202",
            "name": "navarro.cristobal",
            "is_restricted": false,
            "is_ultra_restricted": false
        },
        "blocks": [
            {
                "type": "rich_text",
                "block_id": "gKILS",
                "elements": [
                    {
                        "type": "rich_text_section",
                        "elements": [
                            {
                                "type": "text",
                                "text": "Ya, 69, buen numerito "
                            },
                            {
                                "type": "emoji",
                                "name": "grinning"
                            }
                        ]
                    }
                ]
            }
        ]
    },
    {
        "client_msg_id": "9b17bd63-8618-422c-b499-b55dc637f016",
        "type": "message",
        "text": "Cristoooobaaaal",
        "user": "UJHD6A81H",
        "ts": "1596703179.031300",
        "team": "TJH5YU202",
        "user_team": "TJH5YU202",
        "source_team": "TJH5YU202",
        "user_profile": {
            "avatar_hash": "g6b8073e00e9",
            "image_72": "https:\/\/secure.gravatar.com\/avatar\/b96b8073e00e9eb02bcf05bc1418eb3a.jpg?s=72&d=https%3A%2F%2Fa.slack-edge.com%2Fdf10d%2Fimg%2Favatars%2Fava_0021-72.png",
            "first_name": "Otto",
            "real_name": "Otto Atzwanger",
            "display_name": "Otto",
            "team": "TJH5YU202",
            "name": "otto",
            "is_restricted": false,
            "is_ultra_restricted": false
        },
        "blocks": [
            {
                "type": "rich_text",
                "block_id": "AID5v",
                "elements": [
                    {
                        "type": "rich_text_section",
                        "elements": [
                            {
                                "type": "text",
                                "text": "Cristoooobaaaal"
                            }
                        ]
                    }
                ]
            }
        ]
    },
    {
        "client_msg_id": "fd611c48-6002-4864-a003-dc50426998c1",
        "type": "message",
        "text": "OOOOOOOOOOOOOOOOOOttooooooooooooo!!!, dime",
        "user": "UJUJLTWMT",
        "ts": "1596705680.031700",
        "team": "TJH5YU202",
        "user_team": "TJH5YU202",
        "source_team": "TJH5YU202",
        "user_profile": {
            "avatar_hash": "a60e3b1ef2d2",
            "image_72": "https:\/\/avatars.slack-edge.com\/2019-08-20\/726246109489_a60e3b1ef2d2c141969d_72.jpg",
            "first_name": "",
            "real_name": "Cristobal",
            "display_name": "Cristobal",
            "team": "TJH5YU202",
            "name": "navarro.cristobal",
            "is_restricted": false,
            "is_ultra_restricted": false
        },
        "blocks": [
            {
                "type": "rich_text",
                "block_id": "KM4B",
                "elements": [
                    {
                        "type": "rich_text_section",
                        "elements": [
                            {
                                "type": "text",
                                "text": "OOOOOOOOOOOOOOOOOOttooooooooooooo!!!, dime"
                            }
                        ]
                    }
                ]
            }
        ]
    },
    {
        "client_msg_id": "41876738-739d-4adc-8c92-71bf1b31493e",
        "type": "message",
        "text": ":slightly_smiling_face:",
        "user": "UJHD6A81H",
        "ts": "1596707040.031900",
        "team": "TJH5YU202",
        "user_team": "TJH5YU202",
        "source_team": "TJH5YU202",
        "user_profile": {
            "avatar_hash": "g6b8073e00e9",
            "image_72": "https:\/\/secure.gravatar.com\/avatar\/b96b8073e00e9eb02bcf05bc1418eb3a.jpg?s=72&d=https%3A%2F%2Fa.slack-edge.com%2Fdf10d%2Fimg%2Favatars%2Fava_0021-72.png",
            "first_name": "Otto",
            "real_name": "Otto Atzwanger",
            "display_name": "Otto",
            "team": "TJH5YU202",
            "name": "otto",
            "is_restricted": false,
            "is_ultra_restricted": false
        },
        "blocks": [
            {
                "type": "rich_text",
                "block_id": "kSIT",
                "elements": [
                    {
                        "type": "rich_text_section",
                        "elements": [
                            {
                                "type": "emoji",
                                "name": "slightly_smiling_face"
                            }
                        ]
                    }
                ]
            }
        ]
    },
    {
        "client_msg_id": "33326d4b-fdbf-401e-bdcb-9e037f740377",
        "type": "message",
        "text": "Ya somos 75",
        "user": "UJUJLTWMT",
        "ts": "1596725775.032200",
        "team": "TJH5YU202",
        "user_team": "TJH5YU202",
        "source_team": "TJH5YU202",
        "user_profile": {
            "avatar_hash": "a60e3b1ef2d2",
            "image_72": "https:\/\/avatars.slack-edge.com\/2019-08-20\/726246109489_a60e3b1ef2d2c141969d_72.jpg",
            "first_name": "",
            "real_name": "Cristobal",
            "display_name": "Cristobal",
            "team": "TJH5YU202",
            "name": "navarro.cristobal",
            "is_restricted": false,
            "is_ultra_restricted": false
        },
        "blocks": [
            {
                "type": "rich_text",
                "block_id": "s\/c0j",
                "elements": [
                    {
                        "type": "rich_text_section",
                        "elements": [
                            {
                                "type": "text",
                                "text": "Ya somos 75"
                            }
                        ]
                    }
                ]
            }
        ]
    },
    {
        "client_msg_id": "01b2a27c-8bd3-4eba-af11-36d6f1c6c3e9",
        "type": "message",
        "text": "y contando!",
        "user": "U015CUP1T5Z",
        "ts": "1596725967.032400",
        "team": "TJH5YU202",
        "user_team": "TJH5YU202",
        "source_team": "TJH5YU202",
        "user_profile": {
            "avatar_hash": "2d5981129913",
            "image_72": "https:\/\/avatars.slack-edge.com\/2020-06-14\/1183376598323_2d5981129913ee85447d_72.jpg",
            "first_name": "ricardo",
            "real_name": "ricardo arraes",
            "display_name": "ricardo arraes",
            "team": "TJH5YU202",
            "name": "ricardo",
            "is_restricted": false,
            "is_ultra_restricted": false
        },
        "blocks": [
            {
                "type": "rich_text",
                "block_id": "PH6\/6",
                "elements": [
                    {
                        "type": "rich_text_section",
                        "elements": [
                            {
                                "type": "text",
                                "text": "y contando!"
                            }
                        ]
                    }
                ]
            }
        ],
        "reactions": [
            {
                "name": "+1",
                "users": [
                    "UJUJLTWMT"
                ],
                "count": 1
            }
        ]
    },
    {
        "client_msg_id": "a31e2760-a29d-44d3-983e-f35b8ab966ca",
        "type": "message",
        "text": ":clap:",
        "user": "U015CUP1T5Z",
        "ts": "1596725991.032800",
        "team": "TJH5YU202",
        "user_team": "TJH5YU202",
        "source_team": "TJH5YU202",
        "user_profile": {
            "avatar_hash": "2d5981129913",
            "image_72": "https:\/\/avatars.slack-edge.com\/2020-06-14\/1183376598323_2d5981129913ee85447d_72.jpg",
            "first_name": "ricardo",
            "real_name": "ricardo arraes",
            "display_name": "ricardo arraes",
            "team": "TJH5YU202",
            "name": "ricardo",
            "is_restricted": false,
            "is_ultra_restricted": false
        },
        "blocks": [
            {
                "type": "rich_text",
                "block_id": "sTE",
                "elements": [
                    {
                        "type": "rich_text_section",
                        "elements": [
                            {
                                "type": "emoji",
                                "name": "clap"
                            }
                        ]
                    }
                ]
            }
        ]
    },
    {
        "client_msg_id": "3f6e98c0-0758-48ca-9cdd-ca25eee53332",
        "type": "message",
        "text": "entonces continuaremos usando slack para offtopic y etc? Me gusta la dinámica de slack para hablar e interactuar, a pesar de la pérdida de contenido. :sweat_smile:",
        "user": "U015CUP1T5Z",
        "ts": "1596726047.033000",
        "team": "TJH5YU202",
        "user_team": "TJH5YU202",
        "source_team": "TJH5YU202",
        "user_profile": {
            "avatar_hash": "2d5981129913",
            "image_72": "https:\/\/avatars.slack-edge.com\/2020-06-14\/1183376598323_2d5981129913ee85447d_72.jpg",
            "first_name": "ricardo",
            "real_name": "ricardo arraes",
            "display_name": "ricardo arraes",
            "team": "TJH5YU202",
            "name": "ricardo",
            "is_restricted": false,
            "is_ultra_restricted": false
        },
        "edited": {
            "user": "U015CUP1T5Z",
            "ts": "1596726077.000000"
        },
        "blocks": [
            {
                "type": "rich_text",
                "block_id": "zOe",
                "elements": [
                    {
                        "type": "rich_text_section",
                        "elements": [
                            {
                                "type": "text",
                                "text": "entonces continuaremos usando slack para offtopic y etc? Me gusta la dinámica de slack para hablar e interactuar, a pesar de la pérdida de contenido. "
                            },
                            {
                                "type": "emoji",
                                "name": "sweat_smile"
                            }
                        ]
                    }
                ]
            }
        ],
        "thread_ts": "1596726047.033000",
        "reply_count": 2,
        "reply_users_count": 2,
        "latest_reply": "1596798913.036100",
        "reply_users": [
            "URQ8AJCQZ",
            "UM81W8B0Q"
        ],
        "replies": [
            {
                "user": "URQ8AJCQZ",
                "ts": "1596738973.035000"
            },
            {
                "user": "UM81W8B0Q",
                "ts": "1596798913.036100"
            }
        ],
        "subscribed": false
    },
    {
        "client_msg_id": "b9c3cb6c-ab20-41a0-925c-07a38a289731",
        "type": "message",
        "text": "De momento, si, evidentemente, pero mi intención es cerrarlo en un futuro no muy lejano",
        "user": "UJUJLTWMT",
        "ts": "1596726820.033800",
        "team": "TJH5YU202",
        "user_team": "TJH5YU202",
        "source_team": "TJH5YU202",
        "user_profile": {
            "avatar_hash": "a60e3b1ef2d2",
            "image_72": "https:\/\/avatars.slack-edge.com\/2019-08-20\/726246109489_a60e3b1ef2d2c141969d_72.jpg",
            "first_name": "",
            "real_name": "Cristobal",
            "display_name": "Cristobal",
            "team": "TJH5YU202",
            "name": "navarro.cristobal",
            "is_restricted": false,
            "is_ultra_restricted": false
        },
        "blocks": [
            {
                "type": "rich_text",
                "block_id": "E6yb",
                "elements": [
                    {
                        "type": "rich_text_section",
                        "elements": [
                            {
                                "type": "text",
                                "text": "De momento, si, evidentemente, pero mi intención es cerrarlo en un futuro no muy lejano"
                            }
                        ]
                    }
                ]
            }
        ],
        "thread_ts": "1596726820.033800",
        "reply_count": 2,
        "reply_users_count": 1,
        "latest_reply": "1596810248.036500",
        "reply_users": [
            "UMZ3LNV5Z"
        ],
        "replies": [
            {
                "user": "UMZ3LNV5Z",
                "ts": "1596810145.036300"
            },
            {
                "user": "UMZ3LNV5Z",
                "ts": "1596810248.036500"
            }
        ],
        "subscribed": false
    },
    {
        "client_msg_id": "803f9def-dc88-43f9-9fa4-b3164ae384e0",
        "type": "message",
        "text": "New groups de ModHarbour en Google groups. lo pongo por si hay alguien que no se haya enterado aún\n<https:\/\/groups.google.com\/forum\/#!forum\/modharbour>",
        "user": "UJUJLTWMT",
        "ts": "1596726923.034300",
        "team": "TJH5YU202",
        "user_team": "TJH5YU202",
        "source_team": "TJH5YU202",
        "user_profile": {
            "avatar_hash": "a60e3b1ef2d2",
            "image_72": "https:\/\/avatars.slack-edge.com\/2019-08-20\/726246109489_a60e3b1ef2d2c141969d_72.jpg",
            "first_name": "",
            "real_name": "Cristobal",
            "display_name": "Cristobal",
            "team": "TJH5YU202",
            "name": "navarro.cristobal",
            "is_restricted": false,
            "is_ultra_restricted": false
        },
        "edited": {
            "user": "UJUJLTWMT",
            "ts": "1596726952.000000"
        },
        "blocks": [
            {
                "type": "rich_text",
                "block_id": "+2Rq",
                "elements": [
                    {
                        "type": "rich_text_section",
                        "elements": [
                            {
                                "type": "text",
                                "text": "New groups de ModHarbour en Google groups. lo pongo por si hay alguien que no se haya enterado aún\n"
                            },
                            {
                                "type": "link",
                                "url": "https:\/\/groups.google.com\/forum\/#!forum\/modharbour"
                            }
                        ]
                    }
                ]
            }
        ]
    },
    {
        "client_msg_id": "c6a13582-3fa1-4daa-b73f-2921c5034f75",
        "type": "message",
        "text": "Ricardo, please look at this topic: <https:\/\/groups.google.com\/forum\/#!topic\/modharbour\/5jj88ynSI-Y>",
        "user": "UJHD6A81H",
        "ts": "1596734155.034900",
        "team": "TJH5YU202",
        "user_team": "TJH5YU202",
        "source_team": "TJH5YU202",
        "user_profile": {
            "avatar_hash": "g6b8073e00e9",
            "image_72": "https:\/\/secure.gravatar.com\/avatar\/b96b8073e00e9eb02bcf05bc1418eb3a.jpg?s=72&d=https%3A%2F%2Fa.slack-edge.com%2Fdf10d%2Fimg%2Favatars%2Fava_0021-72.png",
            "first_name": "Otto",
            "real_name": "Otto Atzwanger",
            "display_name": "Otto",
            "team": "TJH5YU202",
            "name": "otto",
            "is_restricted": false,
            "is_ultra_restricted": false
        },
        "blocks": [
            {
                "type": "rich_text",
                "block_id": "8tED",
                "elements": [
                    {
                        "type": "rich_text_section",
                        "elements": [
                            {
                                "type": "text",
                                "text": "Ricardo, please look at this topic: "
                            },
                            {
                                "type": "link",
                                "url": "https:\/\/groups.google.com\/forum\/#!topic\/modharbour\/5jj88ynSI-Y"
                            }
                        ]
                    }
                ]
            }
        ],
        "reactions": [
            {
                "name": "+1",
                "users": [
                    "U015CUP1T5Z"
                ],
                "count": 1
            }
        ]
    },
    {
        "client_msg_id": "01476137-5db5-4ddd-95ae-549630effa02",
        "type": "message",
        "text": "Si, yo pienso como tu es más inmediato Slack, preguntas cortas, son complementarios.",
        "user": "URQ8AJCQZ",
        "ts": "1596738973.035000",
        "team": "TJH5YU202",
        "user_team": "TJH5YU202",
        "source_team": "TJH5YU202",
        "user_profile": {
            "avatar_hash": "7ce81101b209",
            "image_72": "https:\/\/avatars.slack-edge.com\/2020-06-02\/1166191418788_7ce81101b20935b160c6_72.jpg",
            "first_name": "Jose",
            "real_name": "Jose Vte. Cheto",
            "display_name": "jvtecheto",
            "team": "TJH5YU202",
            "name": "jvtecheto",
            "is_restricted": false,
            "is_ultra_restricted": false
        },
        "blocks": [
            {
                "type": "rich_text",
                "block_id": "lq4r",
                "elements": [
                    {
                        "type": "rich_text_section",
                        "elements": [
                            {
                                "type": "text",
                                "text": "Si, yo pienso como tu es más inmediato Slack, preguntas cortas, son complementarios."
                            }
                        ]
                    }
                ]
            }
        ],
        "thread_ts": "1596726047.033000",
        "parent_user_id": "U015CUP1T5Z"
    },
    {
        "client_msg_id": "58a34cd4-cc91-4640-9717-efe45c86ef9a",
        "type": "message",
        "text": "just replied you in the topic, <@UJHD6A81H>!",
        "user": "U015CUP1T5Z",
        "ts": "1596744908.036000",
        "team": "TJH5YU202",
        "user_team": "TJH5YU202",
        "source_team": "TJH5YU202",
        "user_profile": {
            "avatar_hash": "2d5981129913",
            "image_72": "https:\/\/avatars.slack-edge.com\/2020-06-14\/1183376598323_2d5981129913ee85447d_72.jpg",
            "first_name": "ricardo",
            "real_name": "ricardo arraes",
            "display_name": "ricardo arraes",
            "team": "TJH5YU202",
            "name": "ricardo",
            "is_restricted": false,
            "is_ultra_restricted": false
        },
        "blocks": [
            {
                "type": "rich_text",
                "block_id": "s\/0hf",
                "elements": [
                    {
                        "type": "rich_text_section",
                        "elements": [
                            {
                                "type": "text",
                                "text": "just replied you in the topic, "
                            },
                            {
                                "type": "user",
                                "user_id": "UJHD6A81H"
                            },
                            {
                                "type": "text",
                                "text": "!"
                            }
                        ]
                    }
                ]
            }
        ]
    }
]