[
    {
        "client_msg_id": "15c3c862-9a69-4a28-8a2d-99e4cfee5f9d",
        "type": "message",
        "text": "intercooler es solo una tecnología para motores de combustión interna.\nPero el futuro es eléctrico.",
        "user": "UJHD6A81H",
        "ts": "1596870216.043800",
        "team": "TJH5YU202",
        "user_team": "TJH5YU202",
        "source_team": "TJH5YU202",
        "user_profile": {
            "avatar_hash": "g6b8073e00e9",
            "image_72": "https:\/\/secure.gravatar.com\/avatar\/b96b8073e00e9eb02bcf05bc1418eb3a.jpg?s=72&d=https%3A%2F%2Fa.slack-edge.com%2Fdf10d%2Fimg%2Favatars%2Fava_0021-72.png",
            "first_name": "Otto",
            "real_name": "Otto Atzwanger",
            "display_name": "Otto",
            "team": "TJH5YU202",
            "name": "otto",
            "is_restricted": false,
            "is_ultra_restricted": false
        },
        "blocks": [
            {
                "type": "rich_text",
                "block_id": "sMO",
                "elements": [
                    {
                        "type": "rich_text_section",
                        "elements": [
                            {
                                "type": "text",
                                "text": "intercooler es solo una tecnología para motores de combustión interna.\nPero el futuro es eléctrico."
                            }
                        ]
                    }
                ]
            }
        ]
    },
    {
        "client_msg_id": "58e7a259-58e0-46a2-8b42-e4f046e86f42",
        "type": "message",
        "text": "Did you ever new what a metafor is ?",
        "user": "UM81W8B0Q",
        "ts": "1596883583.044300",
        "team": "TJH5YU202",
        "user_team": "TJH5YU202",
        "source_team": "TJH5YU202",
        "user_profile": {
            "avatar_hash": "gab9279ee8c0",
            "image_72": "https:\/\/secure.gravatar.com\/avatar\/73ab9279ee8c00f66ce4904d30146c8f.jpg?s=72&d=https%3A%2F%2Fa.slack-edge.com%2Fdf10d%2Fimg%2Favatars%2Fava_0010-72.png",
            "first_name": "",
            "real_name": "Angel Pais",
            "display_name": "Angel Pais",
            "team": "TJH5YU202",
            "name": "amigosam",
            "is_restricted": false,
            "is_ultra_restricted": false
        },
        "edited": {
            "user": "UM81W8B0Q",
            "ts": "1596883955.000000"
        },
        "blocks": [
            {
                "type": "rich_text",
                "block_id": "kNQ",
                "elements": [
                    {
                        "type": "rich_text_section",
                        "elements": [
                            {
                                "type": "text",
                                "text": "Did you ever new what a metafor is ?"
                            }
                        ]
                    }
                ]
            }
        ]
    },
    {
        "client_msg_id": "e08f2a3b-98a1-4a1a-b985-a19d863fb87e",
        "type": "message",
        "text": "And let me tell you the \"intercooler\" is absolutely needed due the high temps this drivers are generating. They're fast !!",
        "user": "UM81W8B0Q",
        "ts": "1596883794.046100",
        "team": "TJH5YU202",
        "user_team": "TJH5YU202",
        "source_team": "TJH5YU202",
        "user_profile": {
            "avatar_hash": "gab9279ee8c0",
            "image_72": "https:\/\/secure.gravatar.com\/avatar\/73ab9279ee8c00f66ce4904d30146c8f.jpg?s=72&d=https%3A%2F%2Fa.slack-edge.com%2Fdf10d%2Fimg%2Favatars%2Fava_0010-72.png",
            "first_name": "",
            "real_name": "Angel Pais",
            "display_name": "Angel Pais",
            "team": "TJH5YU202",
            "name": "amigosam",
            "is_restricted": false,
            "is_ultra_restricted": false
        },
        "edited": {
            "user": "UM81W8B0Q",
            "ts": "1596884264.000000"
        },
        "blocks": [
            {
                "type": "rich_text",
                "block_id": "Hzgb",
                "elements": [
                    {
                        "type": "rich_text_section",
                        "elements": [
                            {
                                "type": "text",
                                "text": "And let me tell you the \"intercooler\" is absolutely needed due the high temps this drivers are generating. They're fast !!"
                            }
                        ]
                    }
                ]
            }
        ]
    },
    {
        "client_msg_id": "efe16ca1-98aa-4b87-8d36-7c2e9126f578",
        "type": "message",
        "text": "<@UM81W8B0Q> no escribas en inglés en este canal, o no te acuerdas ya de lo que pasó en su momento con este tema debido a tus comentarios?. Traduce tus mensajes. Grax",
        "user": "UJUJLTWMT",
        "ts": "1596889755.048200",
        "team": "TJH5YU202",
        "user_team": "TJH5YU202",
        "source_team": "TJH5YU202",
        "user_profile": {
            "avatar_hash": "a60e3b1ef2d2",
            "image_72": "https:\/\/avatars.slack-edge.com\/2019-08-20\/726246109489_a60e3b1ef2d2c141969d_72.jpg",
            "first_name": "",
            "real_name": "Cristobal",
            "display_name": "Cristobal",
            "team": "TJH5YU202",
            "name": "navarro.cristobal",
            "is_restricted": false,
            "is_ultra_restricted": false
        },
        "blocks": [
            {
                "type": "rich_text",
                "block_id": "NXKD\/",
                "elements": [
                    {
                        "type": "rich_text_section",
                        "elements": [
                            {
                                "type": "user",
                                "user_id": "UM81W8B0Q"
                            },
                            {
                                "type": "text",
                                "text": " no escribas en inglés en este canal, o no te acuerdas ya de lo que pasó en su momento con este tema debido a tus comentarios?. Traduce tus mensajes. Grax"
                            }
                        ]
                    }
                ]
            }
        ]
    },
    {
        "client_msg_id": "c518beeb-aecb-4fe2-b5ec-9c0df6804c68",
        "type": "message",
        "text": "Cristobal,",
        "user": "UJHD6A81H",
        "ts": "1596889976.048400",
        "team": "TJH5YU202",
        "user_team": "TJH5YU202",
        "source_team": "TJH5YU202",
        "user_profile": {
            "avatar_hash": "g6b8073e00e9",
            "image_72": "https:\/\/secure.gravatar.com\/avatar\/b96b8073e00e9eb02bcf05bc1418eb3a.jpg?s=72&d=https%3A%2F%2Fa.slack-edge.com%2Fdf10d%2Fimg%2Favatars%2Fava_0021-72.png",
            "first_name": "Otto",
            "real_name": "Otto Atzwanger",
            "display_name": "Otto",
            "team": "TJH5YU202",
            "name": "otto",
            "is_restricted": false,
            "is_ultra_restricted": false
        },
        "blocks": [
            {
                "type": "rich_text",
                "block_id": "SI6",
                "elements": [
                    {
                        "type": "rich_text_section",
                        "elements": [
                            {
                                "type": "text",
                                "text": "Cristobal,"
                            }
                        ]
                    }
                ]
            }
        ]
    },
    {
        "client_msg_id": "e473f636-a977-4db2-88b4-7eb79cafd471",
        "type": "message",
        "text": "Más o menos los grupos de google funcionan. Pero no es adecuado para conversaciones triviales tan simples.",
        "user": "UJHD6A81H",
        "ts": "1596889979.048600",
        "team": "TJH5YU202",
        "user_team": "TJH5YU202",
        "source_team": "TJH5YU202",
        "user_profile": {
            "avatar_hash": "g6b8073e00e9",
            "image_72": "https:\/\/secure.gravatar.com\/avatar\/b96b8073e00e9eb02bcf05bc1418eb3a.jpg?s=72&d=https%3A%2F%2Fa.slack-edge.com%2Fdf10d%2Fimg%2Favatars%2Fava_0021-72.png",
            "first_name": "Otto",
            "real_name": "Otto Atzwanger",
            "display_name": "Otto",
            "team": "TJH5YU202",
            "name": "otto",
            "is_restricted": false,
            "is_ultra_restricted": false
        },
        "blocks": [
            {
                "type": "rich_text",
                "block_id": "fQop+",
                "elements": [
                    {
                        "type": "rich_text_section",
                        "elements": [
                            {
                                "type": "text",
                                "text": "Más o menos los grupos de google funcionan. Pero no es adecuado para conversaciones triviales tan simples."
                            }
                        ]
                    }
                ]
            }
        ]
    },
    {
        "client_msg_id": "5ae9e087-47c0-4e49-8523-b344c80d9ab6",
        "type": "message",
        "text": "<@UJHD6A81H> Lo estuvimos hablando ayer en la charla de Skype: el grupo para las conversaciones técnicas, y el Slack para socializar, mostrar cosas y hacer preguntas sencillas",
        "user": "UNAHBRTFA",
        "ts": "1596890381.051300",
        "team": "TJH5YU202",
        "user_team": "TJH5YU202",
        "source_team": "TJH5YU202",
        "user_profile": {
            "avatar_hash": "g3d2a3f4c28c",
            "image_72": "https:\/\/secure.gravatar.com\/avatar\/23d2a3f4c28cebb4cf07e48d02620517.jpg?s=72&d=https%3A%2F%2Fa.slack-edge.com%2Fdf10d%2Fimg%2Favatars%2Fava_0020-72.png",
            "first_name": "Andreu",
            "real_name": "Andreu Botella",
            "display_name": "Andreu Botella",
            "team": "TJH5YU202",
            "name": "andreu.132",
            "is_restricted": false,
            "is_ultra_restricted": false
        },
        "blocks": [
            {
                "type": "rich_text",
                "block_id": "bYZhN",
                "elements": [
                    {
                        "type": "rich_text_section",
                        "elements": [
                            {
                                "type": "user",
                                "user_id": "UJHD6A81H"
                            },
                            {
                                "type": "text",
                                "text": " Lo estuvimos hablando ayer en la charla de Skype: el grupo para las conversaciones técnicas, y el Slack para socializar, mostrar cosas y hacer preguntas sencillas"
                            }
                        ]
                    }
                ]
            }
        ],
        "reactions": [
            {
                "name": "+1",
                "users": [
                    "UJUJLTWMT"
                ],
                "count": 1
            }
        ]
    },
    {
        "client_msg_id": "d3ad2bd2-e11a-4ab9-a812-deff85154862",
        "type": "message",
        "text": "Oh, no me di cuenta. Pero me queda bien.",
        "user": "UJHD6A81H",
        "ts": "1596890531.052600",
        "team": "TJH5YU202",
        "user_team": "TJH5YU202",
        "source_team": "TJH5YU202",
        "user_profile": {
            "avatar_hash": "g6b8073e00e9",
            "image_72": "https:\/\/secure.gravatar.com\/avatar\/b96b8073e00e9eb02bcf05bc1418eb3a.jpg?s=72&d=https%3A%2F%2Fa.slack-edge.com%2Fdf10d%2Fimg%2Favatars%2Fava_0021-72.png",
            "first_name": "Otto",
            "real_name": "Otto Atzwanger",
            "display_name": "Otto",
            "team": "TJH5YU202",
            "name": "otto",
            "is_restricted": false,
            "is_ultra_restricted": false
        },
        "blocks": [
            {
                "type": "rich_text",
                "block_id": "jpX",
                "elements": [
                    {
                        "type": "rich_text_section",
                        "elements": [
                            {
                                "type": "text",
                                "text": "Oh, no me di cuenta. Pero me queda bien."
                            }
                        ]
                    }
                ]
            }
        ]
    },
    {
        "client_msg_id": "7bc3799a-29ca-4379-b9bf-6befb6cd7052",
        "type": "message",
        "text": "¿Qué posibilidades hay para buscar textos en archivos txt?\nEstoy considerando si debo guardar los documentos en campos de notas o simplemente en un enlace y el documento en un archivo TXT.\nTendría que rugir el directorio aquí y luego leer todos los archivos.\n\nMe sorprende lo bien que funciona Tinymce.",
        "user": "UJHD6A81H",
        "ts": "1596890831.053000",
        "team": "TJH5YU202",
        "user_team": "TJH5YU202",
        "source_team": "TJH5YU202",
        "user_profile": {
            "avatar_hash": "g6b8073e00e9",
            "image_72": "https:\/\/secure.gravatar.com\/avatar\/b96b8073e00e9eb02bcf05bc1418eb3a.jpg?s=72&d=https%3A%2F%2Fa.slack-edge.com%2Fdf10d%2Fimg%2Favatars%2Fava_0021-72.png",
            "first_name": "Otto",
            "real_name": "Otto Atzwanger",
            "display_name": "Otto",
            "team": "TJH5YU202",
            "name": "otto",
            "is_restricted": false,
            "is_ultra_restricted": false
        },
        "blocks": [
            {
                "type": "rich_text",
                "block_id": "+vt",
                "elements": [
                    {
                        "type": "rich_text_section",
                        "elements": [
                            {
                                "type": "text",
                                "text": "¿Qué posibilidades hay para buscar textos en archivos txt?\nEstoy considerando si debo guardar los documentos en campos de notas o simplemente en un enlace y el documento en un archivo TXT.\nTendría que rugir el directorio aquí y luego leer todos los archivos.\n\nMe sorprende lo bien que funciona Tinymce."
                            }
                        ]
                    }
                ]
            }
        ]
    },
    {
        "client_msg_id": "65906659-1D8E-44BE-994E-3E621B2A4459",
        "type": "message",
        "text": "Otto buen dia... he oido q hay una utlieria para leer los archivos logs de apache y analisar los errores, buscare el nombre",
        "user": "UJUSD6VB2",
        "ts": "1596891321.055000",
        "team": "TJH5YU202",
        "user_team": "TJH5YU202",
        "source_team": "TJH5YU202",
        "user_profile": {
            "avatar_hash": "g1677a02d0b6",
            "image_72": "https:\/\/secure.gravatar.com\/avatar\/bb1677a02d0b69ba91eb245090c7c83a.jpg?s=72&d=https%3A%2F%2Fa.slack-edge.com%2Fdf10d%2Fimg%2Favatars%2Fava_0015-72.png",
            "first_name": "",
            "real_name": "Osvaldo Ramirez",
            "display_name": "Osvaldo Ramirez",
            "team": "TJH5YU202",
            "name": "ramirezosvaldo",
            "is_restricted": false,
            "is_ultra_restricted": false
        },
        "blocks": [
            {
                "type": "rich_text",
                "block_id": "PgAcp",
                "elements": [
                    {
                        "type": "rich_text_section",
                        "elements": [
                            {
                                "type": "text",
                                "text": "Otto buen dia... he oido q hay una utlieria para leer los archivos logs de apache y analisar los errores, buscare el nombre"
                            }
                        ]
                    }
                ]
            }
        ]
    },
    {
        "client_msg_id": "3d667075-7309-4a7c-92fc-8a7a5ac0ff36",
        "type": "message",
        "text": "<@UJHD6A81H>, son muy grandes los ficheros .TXT ?",
        "user": "UJUJLTWMT",
        "ts": "1596901248.055500",
        "team": "TJH5YU202",
        "user_team": "TJH5YU202",
        "source_team": "TJH5YU202",
        "user_profile": {
            "avatar_hash": "a60e3b1ef2d2",
            "image_72": "https:\/\/avatars.slack-edge.com\/2019-08-20\/726246109489_a60e3b1ef2d2c141969d_72.jpg",
            "first_name": "",
            "real_name": "Cristobal",
            "display_name": "Cristobal",
            "team": "TJH5YU202",
            "name": "navarro.cristobal",
            "is_restricted": false,
            "is_ultra_restricted": false
        },
        "blocks": [
            {
                "type": "rich_text",
                "block_id": "=OUqt",
                "elements": [
                    {
                        "type": "rich_text_section",
                        "elements": [
                            {
                                "type": "user",
                                "user_id": "UJHD6A81H"
                            },
                            {
                                "type": "text",
                                "text": ", son muy grandes los ficheros .TXT ?"
                            }
                        ]
                    }
                ]
            }
        ]
    },
    {
        "client_msg_id": "c634e208-c04e-41a7-8bb4-476e54fea277",
        "type": "message",
        "text": "YA somos 90 en el GROUPS de Google\n<https:\/\/groups.google.com\/g\/modharbour>",
        "user": "UJUJLTWMT",
        "ts": "1596901306.056200",
        "team": "TJH5YU202",
        "user_team": "TJH5YU202",
        "source_team": "TJH5YU202",
        "user_profile": {
            "avatar_hash": "a60e3b1ef2d2",
            "image_72": "https:\/\/avatars.slack-edge.com\/2019-08-20\/726246109489_a60e3b1ef2d2c141969d_72.jpg",
            "first_name": "",
            "real_name": "Cristobal",
            "display_name": "Cristobal",
            "team": "TJH5YU202",
            "name": "navarro.cristobal",
            "is_restricted": false,
            "is_ultra_restricted": false
        },
        "blocks": [
            {
                "type": "rich_text",
                "block_id": "oZGkf",
                "elements": [
                    {
                        "type": "rich_text_section",
                        "elements": [
                            {
                                "type": "text",
                                "text": "YA somos 90 en el GROUPS de Google\n"
                            },
                            {
                                "type": "link",
                                "url": "https:\/\/groups.google.com\/g\/modharbour"
                            }
                        ]
                    }
                ]
            }
        ]
    },
    {
        "client_msg_id": "4536de07-a057-4881-8958-f00af971279b",
        "type": "message",
        "text": "<@UJUJLTWMT>, Son letras y las imágenes se incluyen como LINK. En realidad, no es muy grande.",
        "user": "UJHD6A81H",
        "ts": "1596901368.056500",
        "team": "TJH5YU202",
        "user_team": "TJH5YU202",
        "source_team": "TJH5YU202",
        "user_profile": {
            "avatar_hash": "g6b8073e00e9",
            "image_72": "https:\/\/secure.gravatar.com\/avatar\/b96b8073e00e9eb02bcf05bc1418eb3a.jpg?s=72&d=https%3A%2F%2Fa.slack-edge.com%2Fdf10d%2Fimg%2Favatars%2Fava_0021-72.png",
            "first_name": "Otto",
            "real_name": "Otto Atzwanger",
            "display_name": "Otto",
            "team": "TJH5YU202",
            "name": "otto",
            "is_restricted": false,
            "is_ultra_restricted": false
        },
        "blocks": [
            {
                "type": "rich_text",
                "block_id": "9yZC0",
                "elements": [
                    {
                        "type": "rich_text_section",
                        "elements": [
                            {
                                "type": "user",
                                "user_id": "UJUJLTWMT"
                            },
                            {
                                "type": "text",
                                "text": ", Son letras y las imágenes se incluyen como LINK. En realidad, no es muy grande."
                            }
                        ]
                    }
                ]
            }
        ]
    },
    {
        "client_msg_id": "b877f025-a293-430e-8225-2cf23eb151cf",
        "type": "message",
        "text": "Simplemente un memoread y el uso de hb_at(), debería darte un buen rendimiento",
        "user": "UJUJLTWMT",
        "ts": "1596901410.057200",
        "team": "TJH5YU202",
        "user_team": "TJH5YU202",
        "source_team": "TJH5YU202",
        "user_profile": {
            "avatar_hash": "a60e3b1ef2d2",
            "image_72": "https:\/\/avatars.slack-edge.com\/2019-08-20\/726246109489_a60e3b1ef2d2c141969d_72.jpg",
            "first_name": "",
            "real_name": "Cristobal",
            "display_name": "Cristobal",
            "team": "TJH5YU202",
            "name": "navarro.cristobal",
            "is_restricted": false,
            "is_ultra_restricted": false
        },
        "blocks": [
            {
                "type": "rich_text",
                "block_id": "8Kxu",
                "elements": [
                    {
                        "type": "rich_text_section",
                        "elements": [
                            {
                                "type": "text",
                                "text": "Simplemente un memoread y el uso de hb_at(), debería darte un buen rendimiento"
                            }
                        ]
                    }
                ]
            }
        ]
    },
    {
        "client_msg_id": "b7cb379e-5cb5-4035-a105-7b23428e7079",
        "type": "message",
        "text": "y un directory () navegar?",
        "user": "UJHD6A81H",
        "ts": "1596901520.057400",
        "team": "TJH5YU202",
        "user_team": "TJH5YU202",
        "source_team": "TJH5YU202",
        "user_profile": {
            "avatar_hash": "g6b8073e00e9",
            "image_72": "https:\/\/secure.gravatar.com\/avatar\/b96b8073e00e9eb02bcf05bc1418eb3a.jpg?s=72&d=https%3A%2F%2Fa.slack-edge.com%2Fdf10d%2Fimg%2Favatars%2Fava_0021-72.png",
            "first_name": "Otto",
            "real_name": "Otto Atzwanger",
            "display_name": "Otto",
            "team": "TJH5YU202",
            "name": "otto",
            "is_restricted": false,
            "is_ultra_restricted": false
        },
        "edited": {
            "user": "UJHD6A81H",
            "ts": "1596901550.000000"
        },
        "blocks": [
            {
                "type": "rich_text",
                "block_id": "hvzBD",
                "elements": [
                    {
                        "type": "rich_text_section",
                        "elements": [
                            {
                                "type": "text",
                                "text": "y un directory () navegar?"
                            }
                        ]
                    }
                ]
            }
        ]
    },
    {
        "client_msg_id": "9121eb2d-5e04-49f6-9685-641cf4251504",
        "type": "message",
        "text": "Busca información de hb_dirscan(), yo uso esta function bastante con muy buenos resultados",
        "user": "UJUJLTWMT",
        "ts": "1596901626.058300",
        "team": "TJH5YU202",
        "user_team": "TJH5YU202",
        "source_team": "TJH5YU202",
        "user_profile": {
            "avatar_hash": "a60e3b1ef2d2",
            "image_72": "https:\/\/avatars.slack-edge.com\/2019-08-20\/726246109489_a60e3b1ef2d2c141969d_72.jpg",
            "first_name": "",
            "real_name": "Cristobal",
            "display_name": "Cristobal",
            "team": "TJH5YU202",
            "name": "navarro.cristobal",
            "is_restricted": false,
            "is_ultra_restricted": false
        },
        "blocks": [
            {
                "type": "rich_text",
                "block_id": "ktp0r",
                "elements": [
                    {
                        "type": "rich_text_section",
                        "elements": [
                            {
                                "type": "text",
                                "text": "Busca información de hb_dirscan(), yo uso esta function bastante con muy buenos resultados"
                            }
                        ]
                    }
                ]
            }
        ]
    },
    {
        "client_msg_id": "43899ab3-3c36-4480-b554-5ba169119703",
        "type": "message",
        "text": "gracias",
        "user": "UJHD6A81H",
        "ts": "1596901686.058500",
        "team": "TJH5YU202",
        "user_team": "TJH5YU202",
        "source_team": "TJH5YU202",
        "user_profile": {
            "avatar_hash": "g6b8073e00e9",
            "image_72": "https:\/\/secure.gravatar.com\/avatar\/b96b8073e00e9eb02bcf05bc1418eb3a.jpg?s=72&d=https%3A%2F%2Fa.slack-edge.com%2Fdf10d%2Fimg%2Favatars%2Fava_0021-72.png",
            "first_name": "Otto",
            "real_name": "Otto Atzwanger",
            "display_name": "Otto",
            "team": "TJH5YU202",
            "name": "otto",
            "is_restricted": false,
            "is_ultra_restricted": false
        },
        "blocks": [
            {
                "type": "rich_text",
                "block_id": "cLBR",
                "elements": [
                    {
                        "type": "rich_text_section",
                        "elements": [
                            {
                                "type": "text",
                                "text": "gracias"
                            }
                        ]
                    }
                ]
            }
        ]
    },
    {
        "client_msg_id": "e48a70fa-44f2-4d08-90de-6d43ce32088c",
        "type": "message",
        "text": "A ti",
        "user": "UJUJLTWMT",
        "ts": "1596901711.058700",
        "team": "TJH5YU202",
        "user_team": "TJH5YU202",
        "source_team": "TJH5YU202",
        "user_profile": {
            "avatar_hash": "a60e3b1ef2d2",
            "image_72": "https:\/\/avatars.slack-edge.com\/2019-08-20\/726246109489_a60e3b1ef2d2c141969d_72.jpg",
            "first_name": "",
            "real_name": "Cristobal",
            "display_name": "Cristobal",
            "team": "TJH5YU202",
            "name": "navarro.cristobal",
            "is_restricted": false,
            "is_ultra_restricted": false
        },
        "blocks": [
            {
                "type": "rich_text",
                "block_id": "Wmf8i",
                "elements": [
                    {
                        "type": "rich_text_section",
                        "elements": [
                            {
                                "type": "text",
                                "text": "A ti"
                            }
                        ]
                    }
                ]
            }
        ]
    },
    {
        "client_msg_id": "01d741de-f165-4f81-9a4b-c89a12abe8f5",
        "type": "message",
        "text": "Otto, este es el link que me pasaron unos colegas",
        "user": "UJUSD6VB2",
        "ts": "1596910482.059100",
        "team": "TJH5YU202",
        "user_team": "TJH5YU202",
        "source_team": "TJH5YU202",
        "user_profile": {
            "avatar_hash": "g1677a02d0b6",
            "image_72": "https:\/\/secure.gravatar.com\/avatar\/bb1677a02d0b69ba91eb245090c7c83a.jpg?s=72&d=https%3A%2F%2Fa.slack-edge.com%2Fdf10d%2Fimg%2Favatars%2Fava_0015-72.png",
            "first_name": "",
            "real_name": "Osvaldo Ramirez",
            "display_name": "Osvaldo Ramirez",
            "team": "TJH5YU202",
            "name": "ramirezosvaldo",
            "is_restricted": false,
            "is_ultra_restricted": false
        },
        "blocks": [
            {
                "type": "rich_text",
                "block_id": "MYtE9",
                "elements": [
                    {
                        "type": "rich_text_section",
                        "elements": [
                            {
                                "type": "text",
                                "text": "Otto, este es el link que me pasaron unos colegas"
                            }
                        ]
                    }
                ]
            }
        ]
    },
    {
        "client_msg_id": "311160ef-6224-46f5-b802-8d8f474739c2",
        "type": "message",
        "text": "<https:\/\/goaccess.io\/>",
        "user": "UJUSD6VB2",
        "ts": "1596910484.059300",
        "team": "TJH5YU202",
        "user_team": "TJH5YU202",
        "source_team": "TJH5YU202",
        "user_profile": {
            "avatar_hash": "g1677a02d0b6",
            "image_72": "https:\/\/secure.gravatar.com\/avatar\/bb1677a02d0b69ba91eb245090c7c83a.jpg?s=72&d=https%3A%2F%2Fa.slack-edge.com%2Fdf10d%2Fimg%2Favatars%2Fava_0015-72.png",
            "first_name": "",
            "real_name": "Osvaldo Ramirez",
            "display_name": "Osvaldo Ramirez",
            "team": "TJH5YU202",
            "name": "ramirezosvaldo",
            "is_restricted": false,
            "is_ultra_restricted": false
        },
        "attachments": [
            {
                "title": "GoAccess - Visual Web Log Analyzer",
                "title_link": "https:\/\/goaccess.io\/",
                "text": "GoAccess is an open source real-time web log analyzer and interactive viewer that runs in a terminal in *nix systems or through your browser.",
                "fallback": "GoAccess - Visual Web Log Analyzer",
                "image_url": "https:\/\/goaccess.io\/images\/goaccess-real-time-html-big.png?20200714222654",
                "from_url": "https:\/\/goaccess.io\/",
                "image_width": 401,
                "image_height": 250,
                "image_bytes": 84371,
                "service_icon": "https:\/\/goaccess.io\/assets\/ico\/favicon.ico",
                "service_name": "goaccess.io",
                "id": 1,
                "original_url": "https:\/\/goaccess.io\/"
            }
        ],
        "blocks": [
            {
                "type": "rich_text",
                "block_id": "YfX\/Y",
                "elements": [
                    {
                        "type": "rich_text_section",
                        "elements": [
                            {
                                "type": "link",
                                "url": "https:\/\/goaccess.io\/"
                            }
                        ]
                    }
                ]
            }
        ]
    },
    {
        "client_msg_id": "91c5fa13-8ac9-4a38-957c-f8ed24a8d67b",
        "type": "message",
        "text": "Hola Osvaldo,\nGracias por tu informacion Desafortunadamente, soy un usuario exclusivo de WINDOWS.\nCreo que mi pregunta no fue bien hecha. Lo que buscaba es lo que me respondió Cristóbal. Quiero buscar mis propios documentos de texto guardados.\n\nPero he instalado un software similar en mis servidores WINDOWS.",
        "user": "UJHD6A81H",
        "ts": "1596912205.059700",
        "team": "TJH5YU202",
        "user_team": "TJH5YU202",
        "source_team": "TJH5YU202",
        "user_profile": {
            "avatar_hash": "g6b8073e00e9",
            "image_72": "https:\/\/secure.gravatar.com\/avatar\/b96b8073e00e9eb02bcf05bc1418eb3a.jpg?s=72&d=https%3A%2F%2Fa.slack-edge.com%2Fdf10d%2Fimg%2Favatars%2Fava_0021-72.png",
            "first_name": "Otto",
            "real_name": "Otto Atzwanger",
            "display_name": "Otto",
            "team": "TJH5YU202",
            "name": "otto",
            "is_restricted": false,
            "is_ultra_restricted": false
        },
        "blocks": [
            {
                "type": "rich_text",
                "block_id": "=CT",
                "elements": [
                    {
                        "type": "rich_text_section",
                        "elements": [
                            {
                                "type": "text",
                                "text": "Hola Osvaldo,\nGracias por tu informacion Desafortunadamente, soy un usuario exclusivo de WINDOWS.\nCreo que mi pregunta no fue bien hecha. Lo que buscaba es lo que me respondió Cristóbal. Quiero buscar mis propios documentos de texto guardados.\n\nPero he instalado un software similar en mis servidores WINDOWS."
                            }
                        ]
                    }
                ]
            }
        ]
    },
    {
        "type": "message",
        "text": "",
        "files": [
            {
                "id": "F0197KJEU56",
                "created": 1596912233,
                "timestamp": 1596912233,
                "name": "grafik.png",
                "title": "grafik.png",
                "mimetype": "image\/png",
                "filetype": "png",
                "pretty_type": "PNG",
                "user": "UJHD6A81H",
                "editable": false,
                "size": 18077,
                "mode": "hosted",
                "is_external": false,
                "external_type": "",
                "is_public": true,
                "public_url_shared": false,
                "display_as_bot": false,
                "username": "",
                "url_private": "https:\/\/files.slack.com\/files-pri\/TJH5YU202-F0197KJEU56\/grafik.png?t=xoxe-629202954002-1316365335585-1303739558562-bb0d767c5143c02b3f1039cae658c718",
                "url_private_download": "https:\/\/files.slack.com\/files-pri\/TJH5YU202-F0197KJEU56\/download\/grafik.png?t=xoxe-629202954002-1316365335585-1303739558562-bb0d767c5143c02b3f1039cae658c718",
                "thumb_64": "https:\/\/files.slack.com\/files-tmb\/TJH5YU202-F0197KJEU56-be8c59a227\/grafik_64.png?t=xoxe-629202954002-1316365335585-1303739558562-bb0d767c5143c02b3f1039cae658c718",
                "thumb_80": "https:\/\/files.slack.com\/files-tmb\/TJH5YU202-F0197KJEU56-be8c59a227\/grafik_80.png?t=xoxe-629202954002-1316365335585-1303739558562-bb0d767c5143c02b3f1039cae658c718",
                "thumb_360": "https:\/\/files.slack.com\/files-tmb\/TJH5YU202-F0197KJEU56-be8c59a227\/grafik_360.png?t=xoxe-629202954002-1316365335585-1303739558562-bb0d767c5143c02b3f1039cae658c718",
                "thumb_360_w": 360,
                "thumb_360_h": 174,
                "thumb_160": "https:\/\/files.slack.com\/files-tmb\/TJH5YU202-F0197KJEU56-be8c59a227\/grafik_160.png?t=xoxe-629202954002-1316365335585-1303739558562-bb0d767c5143c02b3f1039cae658c718",
                "original_w": 452,
                "original_h": 218,
                "thumb_tiny": "AwAXADCU+Zk8ydewNH7z1l\/I1adWOCr7fakjdzIyuF49+a05yOQrfvPWX8qb++\/6afrWgelR7j6n8hRzhyeZT\/ff9NP1p0fm+Yu7fjPfNXFJPelb7po5\/IOTzDcBRlSc96YetKtZlj8imkKaKKAA8DC0mWx82KWkf7poA\/\/Z",
                "permalink": "https:\/\/harbourproject.slack.com\/files\/UJHD6A81H\/F0197KJEU56\/grafik.png",
                "permalink_public": "https:\/\/slack-files.com\/TJH5YU202-F0197KJEU56-91f46fb6f5",
                "is_starred": false,
                "has_rich_preview": false
            }
        ],
        "upload": false,
        "user": "UJHD6A81H",
        "display_as_bot": false,
        "ts": "1596912236.059900"
    },
    {
        "type": "message",
        "text": "",
        "files": [
            {
                "id": "F018GDBPLSH",
                "created": 1596912399,
                "timestamp": 1596912399,
                "name": "grafik.png",
                "title": "grafik.png",
                "mimetype": "image\/png",
                "filetype": "png",
                "pretty_type": "PNG",
                "user": "UJHD6A81H",
                "editable": false,
                "size": 29928,
                "mode": "hosted",
                "is_external": false,
                "external_type": "",
                "is_public": true,
                "public_url_shared": false,
                "display_as_bot": false,
                "username": "",
                "url_private": "https:\/\/files.slack.com\/files-pri\/TJH5YU202-F018GDBPLSH\/grafik.png?t=xoxe-629202954002-1316365335585-1303739558562-bb0d767c5143c02b3f1039cae658c718",
                "url_private_download": "https:\/\/files.slack.com\/files-pri\/TJH5YU202-F018GDBPLSH\/download\/grafik.png?t=xoxe-629202954002-1316365335585-1303739558562-bb0d767c5143c02b3f1039cae658c718",
                "thumb_64": "https:\/\/files.slack.com\/files-tmb\/TJH5YU202-F018GDBPLSH-cb656eece2\/grafik_64.png?t=xoxe-629202954002-1316365335585-1303739558562-bb0d767c5143c02b3f1039cae658c718",
                "thumb_80": "https:\/\/files.slack.com\/files-tmb\/TJH5YU202-F018GDBPLSH-cb656eece2\/grafik_80.png?t=xoxe-629202954002-1316365335585-1303739558562-bb0d767c5143c02b3f1039cae658c718",
                "thumb_360": "https:\/\/files.slack.com\/files-tmb\/TJH5YU202-F018GDBPLSH-cb656eece2\/grafik_360.png?t=xoxe-629202954002-1316365335585-1303739558562-bb0d767c5143c02b3f1039cae658c718",
                "thumb_360_w": 360,
                "thumb_360_h": 309,
                "thumb_480": "https:\/\/files.slack.com\/files-tmb\/TJH5YU202-F018GDBPLSH-cb656eece2\/grafik_480.png?t=xoxe-629202954002-1316365335585-1303739558562-bb0d767c5143c02b3f1039cae658c718",
                "thumb_480_w": 480,
                "thumb_480_h": 413,
                "thumb_160": "https:\/\/files.slack.com\/files-tmb\/TJH5YU202-F018GDBPLSH-cb656eece2\/grafik_160.png?t=xoxe-629202954002-1316365335585-1303739558562-bb0d767c5143c02b3f1039cae658c718",
                "thumb_720": "https:\/\/files.slack.com\/files-tmb\/TJH5YU202-F018GDBPLSH-cb656eece2\/grafik_720.png?t=xoxe-629202954002-1316365335585-1303739558562-bb0d767c5143c02b3f1039cae658c718",
                "thumb_720_w": 720,
                "thumb_720_h": 619,
                "original_w": 734,
                "original_h": 631,
                "thumb_tiny": "AwApADDQPWl245zSZwacelACZbPalBbuKTjPNL1FADSD2zSj8adRQA0DmlPSmFlz1FO3D1FACHlqf2ph+9T+1ABRRRQAw9ad2pjdakPSgBpznindqKKACiiigD\/\/2Q==",
                "permalink": "https:\/\/harbourproject.slack.com\/files\/UJHD6A81H\/F018GDBPLSH\/grafik.png",
                "permalink_public": "https:\/\/slack-files.com\/TJH5YU202-F018GDBPLSH-9e60a4ffa9",
                "is_starred": false,
                "has_rich_preview": false
            }
        ],
        "upload": false,
        "user": "UJHD6A81H",
        "display_as_bot": false,
        "ts": "1596912404.060200"
    },
    {
        "client_msg_id": "f515b746-dfe8-42f0-abec-f8045a9beb01",
        "type": "message",
        "text": "Me sorprende lo fácil y bien que funciona el editor de texto.",
        "user": "UJHD6A81H",
        "ts": "1596914871.060600",
        "team": "TJH5YU202",
        "user_team": "TJH5YU202",
        "source_team": "TJH5YU202",
        "user_profile": {
            "avatar_hash": "g6b8073e00e9",
            "image_72": "https:\/\/secure.gravatar.com\/avatar\/b96b8073e00e9eb02bcf05bc1418eb3a.jpg?s=72&d=https%3A%2F%2Fa.slack-edge.com%2Fdf10d%2Fimg%2Favatars%2Fava_0021-72.png",
            "first_name": "Otto",
            "real_name": "Otto Atzwanger",
            "display_name": "Otto",
            "team": "TJH5YU202",
            "name": "otto",
            "is_restricted": false,
            "is_ultra_restricted": false
        },
        "blocks": [
            {
                "type": "rich_text",
                "block_id": "u+wBw",
                "elements": [
                    {
                        "type": "rich_text_section",
                        "elements": [
                            {
                                "type": "text",
                                "text": "Me sorprende lo fácil y bien que funciona el editor de texto."
                            }
                        ]
                    }
                ]
            }
        ],
        "reactions": [
            {
                "name": "clap",
                "users": [
                    "UJUJLTWMT"
                ],
                "count": 1
            }
        ]
    },
    {
        "type": "message",
        "text": "",
        "files": [
            {
                "id": "F0197L5FLJC",
                "created": 1596914875,
                "timestamp": 1596914875,
                "name": "tinymce.gif",
                "title": "tinymce.gif",
                "mimetype": "image\/gif",
                "filetype": "gif",
                "pretty_type": "GIF",
                "user": "UJHD6A81H",
                "editable": false,
                "size": 3396505,
                "mode": "hosted",
                "is_external": false,
                "external_type": "",
                "is_public": true,
                "public_url_shared": false,
                "display_as_bot": false,
                "username": "",
                "url_private": "https:\/\/files.slack.com\/files-pri\/TJH5YU202-F0197L5FLJC\/tinymce.gif?t=xoxe-629202954002-1316365335585-1303739558562-bb0d767c5143c02b3f1039cae658c718",
                "url_private_download": "https:\/\/files.slack.com\/files-pri\/TJH5YU202-F0197L5FLJC\/download\/tinymce.gif?t=xoxe-629202954002-1316365335585-1303739558562-bb0d767c5143c02b3f1039cae658c718",
                "thumb_64": "https:\/\/files.slack.com\/files-tmb\/TJH5YU202-F0197L5FLJC-d73dcc9690\/tinymce_64.png?t=xoxe-629202954002-1316365335585-1303739558562-bb0d767c5143c02b3f1039cae658c718",
                "thumb_80": "https:\/\/files.slack.com\/files-tmb\/TJH5YU202-F0197L5FLJC-d73dcc9690\/tinymce_80.png?t=xoxe-629202954002-1316365335585-1303739558562-bb0d767c5143c02b3f1039cae658c718",
                "thumb_360": "https:\/\/files.slack.com\/files-tmb\/TJH5YU202-F0197L5FLJC-d73dcc9690\/tinymce_360.png?t=xoxe-629202954002-1316365335585-1303739558562-bb0d767c5143c02b3f1039cae658c718",
                "thumb_360_w": 360,
                "thumb_360_h": 211,
                "thumb_480": "https:\/\/files.slack.com\/files-tmb\/TJH5YU202-F0197L5FLJC-d73dcc9690\/tinymce_480.png?t=xoxe-629202954002-1316365335585-1303739558562-bb0d767c5143c02b3f1039cae658c718",
                "thumb_480_w": 480,
                "thumb_480_h": 282,
                "thumb_160": "https:\/\/files.slack.com\/files-tmb\/TJH5YU202-F0197L5FLJC-d73dcc9690\/tinymce_160.png?t=xoxe-629202954002-1316365335585-1303739558562-bb0d767c5143c02b3f1039cae658c718",
                "thumb_720": "https:\/\/files.slack.com\/files-tmb\/TJH5YU202-F0197L5FLJC-d73dcc9690\/tinymce_720.png?t=xoxe-629202954002-1316365335585-1303739558562-bb0d767c5143c02b3f1039cae658c718",
                "thumb_720_w": 720,
                "thumb_720_h": 423,
                "thumb_800": "https:\/\/files.slack.com\/files-tmb\/TJH5YU202-F0197L5FLJC-d73dcc9690\/tinymce_800.png?t=xoxe-629202954002-1316365335585-1303739558562-bb0d767c5143c02b3f1039cae658c718",
                "thumb_800_w": 800,
                "thumb_800_h": 470,
                "thumb_960": "https:\/\/files.slack.com\/files-tmb\/TJH5YU202-F0197L5FLJC-d73dcc9690\/tinymce_960.png?t=xoxe-629202954002-1316365335585-1303739558562-bb0d767c5143c02b3f1039cae658c718",
                "thumb_960_w": 960,
                "thumb_960_h": 563,
                "thumb_1024": "https:\/\/files.slack.com\/files-tmb\/TJH5YU202-F0197L5FLJC-d73dcc9690\/tinymce_1024.png?t=xoxe-629202954002-1316365335585-1303739558562-bb0d767c5143c02b3f1039cae658c718",
                "thumb_1024_w": 1024,
                "thumb_1024_h": 601,
                "thumb_360_gif": "https:\/\/files.slack.com\/files-tmb\/TJH5YU202-F0197L5FLJC-d73dcc9690\/tinymce_360.gif?t=xoxe-629202954002-1316365335585-1303739558562-bb0d767c5143c02b3f1039cae658c718",
                "thumb_480_gif": "https:\/\/files.slack.com\/files-tmb\/TJH5YU202-F0197L5FLJC-d73dcc9690\/tinymce_480.gif?t=xoxe-629202954002-1316365335585-1303739558562-bb0d767c5143c02b3f1039cae658c718",
                "original_w": 1663,
                "original_h": 976,
                "deanimate_gif": "https:\/\/files.slack.com\/files-tmb\/TJH5YU202-F0197L5FLJC-d73dcc9690\/tinymce_deanimate_gif.png?t=xoxe-629202954002-1316365335585-1303739558562-bb0d767c5143c02b3f1039cae658c718",
                "thumb_tiny": "AwAcADB6jLKOxNWokVOSuD7c1WX\/AFi\/UVdq5CQu4e\/5UAg0maM1Ax1FNzRmgCksmCPlXj2qx9qj9G\/KqlFW9Sblv7VH6N+VH2qP0b8qqUUrBct\/ao\/Rvyo+1R+jflVSiiwXP\/\/Z",
                "permalink": "https:\/\/harbourproject.slack.com\/files\/UJHD6A81H\/F0197L5FLJC\/tinymce.gif",
                "permalink_public": "https:\/\/slack-files.com\/TJH5YU202-F0197L5FLJC-bcd3841849",
                "is_starred": false,
                "has_rich_preview": false
            }
        ],
        "upload": false,
        "user": "UJHD6A81H",
        "display_as_bot": false,
        "ts": "1596914877.060700"
    },
    {
        "client_msg_id": "0D730E8C-D306-4172-96F1-AE61515DB39E",
        "type": "message",
        "text": "Gracia mi estimado Otto, creo que seria de mejor impacto que mostraras tambien codigo, asi de esa manera alguien se anima saludos",
        "user": "UJUSD6VB2",
        "ts": "1596940205.063400",
        "team": "TJH5YU202",
        "user_team": "TJH5YU202",
        "source_team": "TJH5YU202",
        "user_profile": {
            "avatar_hash": "g1677a02d0b6",
            "image_72": "https:\/\/secure.gravatar.com\/avatar\/bb1677a02d0b69ba91eb245090c7c83a.jpg?s=72&d=https%3A%2F%2Fa.slack-edge.com%2Fdf10d%2Fimg%2Favatars%2Fava_0015-72.png",
            "first_name": "",
            "real_name": "Osvaldo Ramirez",
            "display_name": "Osvaldo Ramirez",
            "team": "TJH5YU202",
            "name": "ramirezosvaldo",
            "is_restricted": false,
            "is_ultra_restricted": false
        },
        "blocks": [
            {
                "type": "rich_text",
                "block_id": "leA",
                "elements": [
                    {
                        "type": "rich_text_section",
                        "elements": [
                            {
                                "type": "text",
                                "text": "Gracia mi estimado Otto, creo que seria de mejor impacto que mostraras tambien codigo, asi de esa manera alguien se anima saludos"
                            }
                        ]
                    }
                ]
            }
        ]
    },
    {
        "client_msg_id": "8bfa9ab6-8497-4f11-81e2-e861d5ff0c3c",
        "type": "message",
        "text": "Good morning",
        "user": "UJHD6A81H",
        "ts": "1596954626.063600",
        "team": "TJH5YU202",
        "user_team": "TJH5YU202",
        "source_team": "TJH5YU202",
        "user_profile": {
            "avatar_hash": "g6b8073e00e9",
            "image_72": "https:\/\/secure.gravatar.com\/avatar\/b96b8073e00e9eb02bcf05bc1418eb3a.jpg?s=72&d=https%3A%2F%2Fa.slack-edge.com%2Fdf10d%2Fimg%2Favatars%2Fava_0021-72.png",
            "first_name": "Otto",
            "real_name": "Otto Atzwanger",
            "display_name": "Otto",
            "team": "TJH5YU202",
            "name": "otto",
            "is_restricted": false,
            "is_ultra_restricted": false
        },
        "blocks": [
            {
                "type": "rich_text",
                "block_id": "JVocZ",
                "elements": [
                    {
                        "type": "rich_text_section",
                        "elements": [
                            {
                                "type": "text",
                                "text": "Good morning"
                            }
                        ]
                    }
                ]
            }
        ]
    },
    {
        "client_msg_id": "b930079d-95ac-494b-89f2-d7694eb7c18b",
        "type": "message",
        "text": "Osvaldo, De hecho, ya he publicado el código en mod harbour_en y en el foro FIVEWIN.\nPero como saben, utilizo javascript y html en la interfaz.\nTambién publiqué videos con instrucciones 1: 1 allí.\n¿Qué es exactamente lo que le interesa? Entonces puedo dártelo de nuevo.",
        "user": "UJHD6A81H",
        "ts": "1596954685.064000",
        "team": "TJH5YU202",
        "user_team": "TJH5YU202",
        "source_team": "TJH5YU202",
        "user_profile": {
            "avatar_hash": "g6b8073e00e9",
            "image_72": "https:\/\/secure.gravatar.com\/avatar\/b96b8073e00e9eb02bcf05bc1418eb3a.jpg?s=72&d=https%3A%2F%2Fa.slack-edge.com%2Fdf10d%2Fimg%2Favatars%2Fava_0021-72.png",
            "first_name": "Otto",
            "real_name": "Otto Atzwanger",
            "display_name": "Otto",
            "team": "TJH5YU202",
            "name": "otto",
            "is_restricted": false,
            "is_ultra_restricted": false
        },
        "blocks": [
            {
                "type": "rich_text",
                "block_id": "=v9W",
                "elements": [
                    {
                        "type": "rich_text_section",
                        "elements": [
                            {
                                "type": "text",
                                "text": "Osvaldo, De hecho, ya he publicado el código en mod harbour_en y en el foro FIVEWIN.\nPero como saben, utilizo javascript y html en la interfaz.\nTambién publiqué videos con instrucciones 1: 1 allí.\n¿Qué es exactamente lo que le interesa? Entonces puedo dártelo de nuevo."
                            }
                        ]
                    }
                ]
            }
        ]
    }
]