[
    {
        "client_msg_id": "b14e9884-e0dc-4064-83d8-2141adc5a90c",
        "type": "message",
        "text": "Good morning",
        "user": "UJHD6A81H",
        "ts": "1593329699.382900",
        "team": "TJH5YU202",
        "user_team": "TJH5YU202",
        "source_team": "TJH5YU202",
        "user_profile": {
            "avatar_hash": "g6b8073e00e9",
            "image_72": "https:\/\/secure.gravatar.com\/avatar\/b96b8073e00e9eb02bcf05bc1418eb3a.jpg?s=72&d=https%3A%2F%2Fa.slack-edge.com%2Fdf10d%2Fimg%2Favatars%2Fava_0021-72.png",
            "first_name": "Otto",
            "real_name": "Otto Atzwanger",
            "display_name": "Otto",
            "team": "TJH5YU202",
            "name": "otto",
            "is_restricted": false,
            "is_ultra_restricted": false
        },
        "blocks": [
            {
                "type": "rich_text",
                "block_id": "fpMN6",
                "elements": [
                    {
                        "type": "rich_text_section",
                        "elements": [
                            {
                                "type": "text",
                                "text": "Good morning"
                            }
                        ]
                    }
                ]
            }
        ]
    },
    {
        "client_msg_id": "6fe39b7f-e0e7-4d81-b9bf-465ff6d223cb",
        "type": "message",
        "text": "Dear Antonio, it seems to me that these functions are not included in the latest release.       <http:\/\/forums.fivetechsupport.com\/viewforum.php?f=45&amp;sid=dd27a03e145dba08d9366a8fd07990fc>\n_Dear Otto,_\n \n _I have implemented a first version that is much easier to use (xbase style), you can download it from here:_\n _<https:\/\/github.com\/FiveTechSoft\/mod_harbour\/blob\/master\/windows\/win64\/libharbour.dll>_\n _<https:\/\/github.com\/FiveTechSoft\/mod_harbour\/blob\/master\/windows\/win64\/mod_harbour.so>_\n \n _The implementation is quite easy:_\n \n _MWrite( \"pwd\", \"my password\" ) \/\/ memory write_\n _? MRead( \"pwd\" ) \/\/ memory read_\n \n _from other browser tab or another user:_\n _? MRead( \"pwd\" )_\n \n _There is also a new MErase( \"pwd\" ) but it is not working fine yet_",
        "user": "UJHD6A81H",
        "ts": "1593329780.383800",
        "team": "TJH5YU202",
        "user_team": "TJH5YU202",
        "source_team": "TJH5YU202",
        "user_profile": {
            "avatar_hash": "g6b8073e00e9",
            "image_72": "https:\/\/secure.gravatar.com\/avatar\/b96b8073e00e9eb02bcf05bc1418eb3a.jpg?s=72&d=https%3A%2F%2Fa.slack-edge.com%2Fdf10d%2Fimg%2Favatars%2Fava_0021-72.png",
            "first_name": "Otto",
            "real_name": "Otto Atzwanger",
            "display_name": "Otto",
            "team": "TJH5YU202",
            "name": "otto",
            "is_restricted": false,
            "is_ultra_restricted": false
        },
        "edited": {
            "user": "UJHD6A81H",
            "ts": "1593329814.000000"
        },
        "blocks": [
            {
                "type": "rich_text",
                "block_id": "wDV0",
                "elements": [
                    {
                        "type": "rich_text_section",
                        "elements": [
                            {
                                "type": "text",
                                "text": "Dear Antonio, it seems to me that these functions are not included in the latest release.       "
                            },
                            {
                                "type": "link",
                                "url": "http:\/\/forums.fivetechsupport.com\/viewforum.php?f=45&sid=dd27a03e145dba08d9366a8fd07990fc"
                            },
                            {
                                "type": "text",
                                "text": "\n"
                            },
                            {
                                "type": "text",
                                "text": "Dear Otto,",
                                "style": {
                                    "italic": true
                                }
                            },
                            {
                                "type": "text",
                                "text": "\n"
                            },
                            {
                                "type": "text",
                                "text": " ",
                                "style": {
                                    "italic": true
                                }
                            },
                            {
                                "type": "text",
                                "text": "\n"
                            },
                            {
                                "type": "text",
                                "text": " I have implemented a first version that is much easier to use (xbase style), you can download it from here:",
                                "style": {
                                    "italic": true
                                }
                            },
                            {
                                "type": "text",
                                "text": "\n"
                            },
                            {
                                "type": "text",
                                "text": " ",
                                "style": {
                                    "italic": true
                                }
                            },
                            {
                                "type": "link",
                                "url": "https:\/\/github.com\/FiveTechSoft\/mod_harbour\/blob\/master\/windows\/win64\/libharbour.dll",
                                "style": {
                                    "italic": true
                                }
                            },
                            {
                                "type": "text",
                                "text": "\n"
                            },
                            {
                                "type": "text",
                                "text": " ",
                                "style": {
                                    "italic": true
                                }
                            },
                            {
                                "type": "link",
                                "url": "https:\/\/github.com\/FiveTechSoft\/mod_harbour\/blob\/master\/windows\/win64\/mod_harbour.so",
                                "style": {
                                    "italic": true
                                }
                            },
                            {
                                "type": "text",
                                "text": "\n"
                            },
                            {
                                "type": "text",
                                "text": " ",
                                "style": {
                                    "italic": true
                                }
                            },
                            {
                                "type": "text",
                                "text": "\n"
                            },
                            {
                                "type": "text",
                                "text": " The implementation is quite easy:",
                                "style": {
                                    "italic": true
                                }
                            },
                            {
                                "type": "text",
                                "text": "\n"
                            },
                            {
                                "type": "text",
                                "text": " ",
                                "style": {
                                    "italic": true
                                }
                            },
                            {
                                "type": "text",
                                "text": "\n"
                            },
                            {
                                "type": "text",
                                "text": " MWrite( \"pwd\", \"my password\" ) \/\/ memory write",
                                "style": {
                                    "italic": true
                                }
                            },
                            {
                                "type": "text",
                                "text": "\n"
                            },
                            {
                                "type": "text",
                                "text": " ? MRead( \"pwd\" ) \/\/ memory read",
                                "style": {
                                    "italic": true
                                }
                            },
                            {
                                "type": "text",
                                "text": "\n"
                            },
                            {
                                "type": "text",
                                "text": " ",
                                "style": {
                                    "italic": true
                                }
                            },
                            {
                                "type": "text",
                                "text": "\n"
                            },
                            {
                                "type": "text",
                                "text": " from other browser tab or another user:",
                                "style": {
                                    "italic": true
                                }
                            },
                            {
                                "type": "text",
                                "text": "\n"
                            },
                            {
                                "type": "text",
                                "text": " ? MRead( \"pwd\" )",
                                "style": {
                                    "italic": true
                                }
                            },
                            {
                                "type": "text",
                                "text": "\n"
                            },
                            {
                                "type": "text",
                                "text": " ",
                                "style": {
                                    "italic": true
                                }
                            },
                            {
                                "type": "text",
                                "text": "\n"
                            },
                            {
                                "type": "text",
                                "text": " There is also a new MErase( \"pwd\" ) but it is not working fine yet",
                                "style": {
                                    "italic": true
                                }
                            }
                        ]
                    }
                ]
            }
        ]
    },
    {
        "client_msg_id": "dcb9e954-46c5-4192-be57-1e41736c6fdb",
        "type": "message",
        "text": "good morning :sunny:",
        "user": "UJN8D8U3B",
        "ts": "1593330240.384200",
        "team": "TJH5YU202",
        "user_team": "TJH5YU202",
        "source_team": "TJH5YU202",
        "user_profile": {
            "avatar_hash": "g92ad2abcc45",
            "image_72": "https:\/\/secure.gravatar.com\/avatar\/8492ad2abcc45ce53969adcf8420acde.jpg?s=72&d=https%3A%2F%2Fa.slack-edge.com%2Fdf10d%2Fimg%2Favatars%2Fava_0008-72.png",
            "first_name": "",
            "real_name": "Antonio Linares",
            "display_name": "Antonio Linares",
            "team": "TJH5YU202",
            "name": "alinares",
            "is_restricted": false,
            "is_ultra_restricted": false
        },
        "blocks": [
            {
                "type": "rich_text",
                "block_id": "V21",
                "elements": [
                    {
                        "type": "rich_text_section",
                        "elements": [
                            {
                                "type": "text",
                                "text": "good morning "
                            },
                            {
                                "type": "emoji",
                                "name": "sunny"
                            }
                        ]
                    }
                ]
            }
        ]
    },
    {
        "client_msg_id": "6be58b95-0480-4e36-bf77-508ee2cd1537",
        "type": "message",
        "text": "Otto, yes you are right, I forgot to include them :slightly_smiling_face:",
        "user": "UJN8D8U3B",
        "ts": "1593330258.384600",
        "team": "TJH5YU202",
        "user_team": "TJH5YU202",
        "source_team": "TJH5YU202",
        "user_profile": {
            "avatar_hash": "g92ad2abcc45",
            "image_72": "https:\/\/secure.gravatar.com\/avatar\/8492ad2abcc45ce53969adcf8420acde.jpg?s=72&d=https%3A%2F%2Fa.slack-edge.com%2Fdf10d%2Fimg%2Favatars%2Fava_0008-72.png",
            "first_name": "",
            "real_name": "Antonio Linares",
            "display_name": "Antonio Linares",
            "team": "TJH5YU202",
            "name": "alinares",
            "is_restricted": false,
            "is_ultra_restricted": false
        },
        "blocks": [
            {
                "type": "rich_text",
                "block_id": "4\/qy",
                "elements": [
                    {
                        "type": "rich_text_section",
                        "elements": [
                            {
                                "type": "text",
                                "text": "Otto, yes you are right, I forgot to include them "
                            },
                            {
                                "type": "emoji",
                                "name": "slightly_smiling_face"
                            }
                        ]
                    }
                ]
            }
        ]
    },
    {
        "client_msg_id": "8f66533a-50e8-45f6-844e-9182f90df84e",
        "type": "message",
        "text": "Already added as MH_MRead() and MH_MWrite(), you may download the new modharbour.exe from here: <https:\/\/github.com\/FiveTechSoft\/mod_harbour\/blob\/master\/fastcgi\/windows\/win64\/modharbour.exe>",
        "user": "UJN8D8U3B",
        "ts": "1593330585.385200",
        "team": "TJH5YU202",
        "user_team": "TJH5YU202",
        "source_team": "TJH5YU202",
        "user_profile": {
            "avatar_hash": "g92ad2abcc45",
            "image_72": "https:\/\/secure.gravatar.com\/avatar\/8492ad2abcc45ce53969adcf8420acde.jpg?s=72&d=https%3A%2F%2Fa.slack-edge.com%2Fdf10d%2Fimg%2Favatars%2Fava_0008-72.png",
            "first_name": "",
            "real_name": "Antonio Linares",
            "display_name": "Antonio Linares",
            "team": "TJH5YU202",
            "name": "alinares",
            "is_restricted": false,
            "is_ultra_restricted": false
        },
        "blocks": [
            {
                "type": "rich_text",
                "block_id": "CON+",
                "elements": [
                    {
                        "type": "rich_text_section",
                        "elements": [
                            {
                                "type": "text",
                                "text": "Already added as MH_MRead() and MH_MWrite(), you may download the new modharbour.exe from here: "
                            },
                            {
                                "type": "link",
                                "url": "https:\/\/github.com\/FiveTechSoft\/mod_harbour\/blob\/master\/fastcgi\/windows\/win64\/modharbour.exe"
                            }
                        ]
                    }
                ]
            }
        ]
    },
    {
        "client_msg_id": "7e126e14-43b4-4ddd-b8e6-68acb729319d",
        "type": "message",
        "text": "Thank you so much.",
        "user": "UJHD6A81H",
        "ts": "1593331402.385500",
        "team": "TJH5YU202",
        "user_team": "TJH5YU202",
        "source_team": "TJH5YU202",
        "user_profile": {
            "avatar_hash": "g6b8073e00e9",
            "image_72": "https:\/\/secure.gravatar.com\/avatar\/b96b8073e00e9eb02bcf05bc1418eb3a.jpg?s=72&d=https%3A%2F%2Fa.slack-edge.com%2Fdf10d%2Fimg%2Favatars%2Fava_0021-72.png",
            "first_name": "Otto",
            "real_name": "Otto Atzwanger",
            "display_name": "Otto",
            "team": "TJH5YU202",
            "name": "otto",
            "is_restricted": false,
            "is_ultra_restricted": false
        },
        "blocks": [
            {
                "type": "rich_text",
                "block_id": "wp8y",
                "elements": [
                    {
                        "type": "rich_text_section",
                        "elements": [
                            {
                                "type": "text",
                                "text": "Thank you so much."
                            }
                        ]
                    }
                ]
            }
        ]
    },
    {
        "client_msg_id": "c28d1be2-345d-47c6-b668-b3aa99d0108e",
        "type": "message",
        "text": "you are welcome",
        "user": "UJN8D8U3B",
        "ts": "1593331485.385700",
        "team": "TJH5YU202",
        "user_team": "TJH5YU202",
        "source_team": "TJH5YU202",
        "user_profile": {
            "avatar_hash": "g92ad2abcc45",
            "image_72": "https:\/\/secure.gravatar.com\/avatar\/8492ad2abcc45ce53969adcf8420acde.jpg?s=72&d=https%3A%2F%2Fa.slack-edge.com%2Fdf10d%2Fimg%2Favatars%2Fava_0008-72.png",
            "first_name": "",
            "real_name": "Antonio Linares",
            "display_name": "Antonio Linares",
            "team": "TJH5YU202",
            "name": "alinares",
            "is_restricted": false,
            "is_ultra_restricted": false
        },
        "blocks": [
            {
                "type": "rich_text",
                "block_id": "WvXI",
                "elements": [
                    {
                        "type": "rich_text_section",
                        "elements": [
                            {
                                "type": "text",
                                "text": "you are welcome"
                            }
                        ]
                    }
                ]
            }
        ]
    },
    {
        "client_msg_id": "7346f0c6-c36c-43e8-bce0-eb57e68314e5",
        "type": "message",
        "text": "DMS\nLos datos en reposo se almacenan y generalmente están protegidos por un firewall o software antivirus.\nAunque estos métodos de protección de datos en reposo son buenos, la seguridad completa requiere agregar una capa adicional de defensa. Aquí es donde entra en juego el cifrado en reposo.\n*Quiero guardar la clave de cifrado \/ descifrado en la memoria.*\nEntonces, si alguien tiene el servidor completo en su mano, no puede acceder a los datos sin conocer la contraseña.",
        "user": "UJHD6A81H",
        "ts": "1593333299.386400",
        "team": "TJH5YU202",
        "user_team": "TJH5YU202",
        "source_team": "TJH5YU202",
        "user_profile": {
            "avatar_hash": "g6b8073e00e9",
            "image_72": "https:\/\/secure.gravatar.com\/avatar\/b96b8073e00e9eb02bcf05bc1418eb3a.jpg?s=72&d=https%3A%2F%2Fa.slack-edge.com%2Fdf10d%2Fimg%2Favatars%2Fava_0021-72.png",
            "first_name": "Otto",
            "real_name": "Otto Atzwanger",
            "display_name": "Otto",
            "team": "TJH5YU202",
            "name": "otto",
            "is_restricted": false,
            "is_ultra_restricted": false
        },
        "blocks": [
            {
                "type": "rich_text",
                "block_id": "\/3ZG",
                "elements": [
                    {
                        "type": "rich_text_section",
                        "elements": [
                            {
                                "type": "text",
                                "text": "DMS\nLos datos en reposo se almacenan y generalmente están protegidos por un firewall o software antivirus.\nAunque estos métodos de protección de datos en reposo son buenos, la seguridad completa requiere agregar una capa adicional de defensa. Aquí es donde entra en juego el cifrado en reposo.\n"
                            },
                            {
                                "type": "text",
                                "text": "Quiero guardar la clave de cifrado \/ descifrado en la memoria.",
                                "style": {
                                    "bold": true
                                }
                            },
                            {
                                "type": "text",
                                "text": "\nEntonces, si alguien tiene el servidor completo en su mano, no puede acceder a los datos sin conocer la contraseña."
                            }
                        ]
                    }
                ]
            }
        ]
    },
    {
        "client_msg_id": "a034cee6-e172-4086-bff4-adeb98d38d58",
        "type": "message",
        "text": "Imposible, porque si reinicias el servidor tienes que introducir la clave manualmente antes de poder servir nada",
        "user": "UNAHBRTFA",
        "ts": "1593339706.386900",
        "team": "TJH5YU202",
        "user_team": "TJH5YU202",
        "source_team": "TJH5YU202",
        "user_profile": {
            "avatar_hash": "g3d2a3f4c28c",
            "image_72": "https:\/\/secure.gravatar.com\/avatar\/23d2a3f4c28cebb4cf07e48d02620517.jpg?s=72&d=https%3A%2F%2Fa.slack-edge.com%2Fdf10d%2Fimg%2Favatars%2Fava_0020-72.png",
            "first_name": "Andreu",
            "real_name": "Andreu Botella",
            "display_name": "Andreu Botella",
            "team": "TJH5YU202",
            "name": "andreu.132",
            "is_restricted": false,
            "is_ultra_restricted": false
        },
        "blocks": [
            {
                "type": "rich_text",
                "block_id": "6B1dx",
                "elements": [
                    {
                        "type": "rich_text_section",
                        "elements": [
                            {
                                "type": "text",
                                "text": "Imposible, porque si reinicias el servidor tienes que introducir la clave manualmente antes de poder servir nada"
                            }
                        ]
                    }
                ]
            }
        ]
    },
    {
        "client_msg_id": "b3c72c45-6950-4ede-9d61-8bc8474a2a13",
        "type": "message",
        "text": "¿Qué problema ves aquí? He estado haciendo esto por mucho tiempo.",
        "user": "UJHD6A81H",
        "ts": "1593354982.387200",
        "team": "TJH5YU202",
        "user_team": "TJH5YU202",
        "source_team": "TJH5YU202",
        "user_profile": {
            "avatar_hash": "g6b8073e00e9",
            "image_72": "https:\/\/secure.gravatar.com\/avatar\/b96b8073e00e9eb02bcf05bc1418eb3a.jpg?s=72&d=https%3A%2F%2Fa.slack-edge.com%2Fdf10d%2Fimg%2Favatars%2Fava_0021-72.png",
            "first_name": "Otto",
            "real_name": "Otto Atzwanger",
            "display_name": "Otto",
            "team": "TJH5YU202",
            "name": "otto",
            "is_restricted": false,
            "is_ultra_restricted": false
        },
        "blocks": [
            {
                "type": "rich_text",
                "block_id": "Ua0",
                "elements": [
                    {
                        "type": "rich_text_section",
                        "elements": [
                            {
                                "type": "text",
                                "text": "¿Qué problema ves aquí? He estado haciendo esto por mucho tiempo."
                            }
                        ]
                    }
                ]
            }
        ]
    },
    {
        "client_msg_id": "4ec98f3c-6b4c-4750-9eba-2308622c9f40",
        "type": "message",
        "text": "Ese es exactamente el punto.",
        "user": "UJHD6A81H",
        "ts": "1593355117.387400",
        "team": "TJH5YU202",
        "user_team": "TJH5YU202",
        "source_team": "TJH5YU202",
        "user_profile": {
            "avatar_hash": "g6b8073e00e9",
            "image_72": "https:\/\/secure.gravatar.com\/avatar\/b96b8073e00e9eb02bcf05bc1418eb3a.jpg?s=72&d=https%3A%2F%2Fa.slack-edge.com%2Fdf10d%2Fimg%2Favatars%2Fava_0021-72.png",
            "first_name": "Otto",
            "real_name": "Otto Atzwanger",
            "display_name": "Otto",
            "team": "TJH5YU202",
            "name": "otto",
            "is_restricted": false,
            "is_ultra_restricted": false
        },
        "blocks": [
            {
                "type": "rich_text",
                "block_id": "CqN",
                "elements": [
                    {
                        "type": "rich_text_section",
                        "elements": [
                            {
                                "type": "text",
                                "text": "Ese es exactamente el punto."
                            }
                        ]
                    }
                ]
            }
        ]
    },
    {
        "client_msg_id": "40462d81-717f-49cc-92ad-614fcd5977a8",
        "type": "message",
        "text": "Feliz domingo nens",
        "user": "UJWR5N32S",
        "ts": "1593370217.387700",
        "team": "TJH5YU202",
        "user_team": "TJH5YU202",
        "source_team": "TJH5YU202",
        "user_profile": {
            "avatar_hash": "273d3745f7ae",
            "image_72": "https:\/\/avatars.slack-edge.com\/2019-05-20\/634344238497_273d3745f7ae1b176b82_72.jpg",
            "first_name": "Charly",
            "real_name": "Charly",
            "display_name": "Charly",
            "team": "TJH5YU202",
            "name": "carles9000",
            "is_restricted": false,
            "is_ultra_restricted": false
        },
        "blocks": [
            {
                "type": "rich_text",
                "block_id": "g1HKC",
                "elements": [
                    {
                        "type": "rich_text_section",
                        "elements": [
                            {
                                "type": "text",
                                "text": "Feliz domingo nens"
                            }
                        ]
                    }
                ]
            }
        ]
    },
    {
        "client_msg_id": "4a25b0c1-8c99-4a63-aa01-60f0123f2d63",
        "type": "message",
        "text": "Nos vemos la semana q viene",
        "user": "UJWR5N32S",
        "ts": "1593370226.387900",
        "team": "TJH5YU202",
        "user_team": "TJH5YU202",
        "source_team": "TJH5YU202",
        "user_profile": {
            "avatar_hash": "273d3745f7ae",
            "image_72": "https:\/\/avatars.slack-edge.com\/2019-05-20\/634344238497_273d3745f7ae1b176b82_72.jpg",
            "first_name": "Charly",
            "real_name": "Charly",
            "display_name": "Charly",
            "team": "TJH5YU202",
            "name": "carles9000",
            "is_restricted": false,
            "is_ultra_restricted": false
        },
        "blocks": [
            {
                "type": "rich_text",
                "block_id": "cfs",
                "elements": [
                    {
                        "type": "rich_text_section",
                        "elements": [
                            {
                                "type": "text",
                                "text": "Nos vemos la semana q viene"
                            }
                        ]
                    }
                ]
            }
        ]
    },
    {
        "client_msg_id": "d61e450f-2165-43c6-a870-c49ce05ea7ad",
        "type": "message",
        "text": ":wave:",
        "user": "UJWR5N32S",
        "ts": "1593370236.388100",
        "team": "TJH5YU202",
        "user_team": "TJH5YU202",
        "source_team": "TJH5YU202",
        "user_profile": {
            "avatar_hash": "273d3745f7ae",
            "image_72": "https:\/\/avatars.slack-edge.com\/2019-05-20\/634344238497_273d3745f7ae1b176b82_72.jpg",
            "first_name": "Charly",
            "real_name": "Charly",
            "display_name": "Charly",
            "team": "TJH5YU202",
            "name": "carles9000",
            "is_restricted": false,
            "is_ultra_restricted": false
        },
        "blocks": [
            {
                "type": "rich_text",
                "block_id": "9s3Z",
                "elements": [
                    {
                        "type": "rich_text_section",
                        "elements": [
                            {
                                "type": "emoji",
                                "name": "wave"
                            }
                        ]
                    }
                ]
            }
        ]
    },
    {
        "client_msg_id": "c1b4c0bf-b69e-4d39-aa87-30c482658266",
        "type": "message",
        "text": "Egun on",
        "user": "UJWR5N32S",
        "ts": "1593410762.388400",
        "team": "TJH5YU202",
        "user_team": "TJH5YU202",
        "source_team": "TJH5YU202",
        "user_profile": {
            "avatar_hash": "273d3745f7ae",
            "image_72": "https:\/\/avatars.slack-edge.com\/2019-05-20\/634344238497_273d3745f7ae1b176b82_72.jpg",
            "first_name": "Charly",
            "real_name": "Charly",
            "display_name": "Charly",
            "team": "TJH5YU202",
            "name": "carles9000",
            "is_restricted": false,
            "is_ultra_restricted": false
        },
        "blocks": [
            {
                "type": "rich_text",
                "block_id": "kmj",
                "elements": [
                    {
                        "type": "rich_text_section",
                        "elements": [
                            {
                                "type": "text",
                                "text": "Egun on"
                            }
                        ]
                    }
                ]
            }
        ]
    }
]