[
    {
        "client_msg_id": "653a45d8-f870-4d9a-a99e-5907ca4aaa9e",
        "type": "message",
        "text": "Good morning",
        "user": "UJHD6A81H",
        "ts": "1597304905.167800",
        "team": "TJH5YU202",
        "user_team": "TJH5YU202",
        "source_team": "TJH5YU202",
        "user_profile": {
            "avatar_hash": "g6b8073e00e9",
            "image_72": "https:\/\/secure.gravatar.com\/avatar\/b96b8073e00e9eb02bcf05bc1418eb3a.jpg?s=72&d=https%3A%2F%2Fa.slack-edge.com%2Fdf10d%2Fimg%2Favatars%2Fava_0021-72.png",
            "first_name": "Otto",
            "real_name": "Otto Atzwanger",
            "display_name": "Otto",
            "team": "TJH5YU202",
            "name": "otto",
            "is_restricted": false,
            "is_ultra_restricted": false
        },
        "blocks": [
            {
                "type": "rich_text",
                "block_id": "S+R",
                "elements": [
                    {
                        "type": "rich_text_section",
                        "elements": [
                            {
                                "type": "text",
                                "text": "Good morning"
                            }
                        ]
                    }
                ]
            }
        ]
    },
    {
        "client_msg_id": "a17094ab-de6d-406a-94c9-a3b959777bbc",
        "type": "message",
        "text": "A veces tienes la impresión de que no hay mucho movimiento. Pero la realidad es diferente.\nEl video que publiqué ayer ya se ha visto 81 veces, sin contar las vistas de SLACK.\nSolo de las estadísticas del servidor.",
        "user": "UJHD6A81H",
        "ts": "1597305379.168200",
        "team": "TJH5YU202",
        "user_team": "TJH5YU202",
        "source_team": "TJH5YU202",
        "user_profile": {
            "avatar_hash": "g6b8073e00e9",
            "image_72": "https:\/\/secure.gravatar.com\/avatar\/b96b8073e00e9eb02bcf05bc1418eb3a.jpg?s=72&d=https%3A%2F%2Fa.slack-edge.com%2Fdf10d%2Fimg%2Favatars%2Fava_0021-72.png",
            "first_name": "Otto",
            "real_name": "Otto Atzwanger",
            "display_name": "Otto",
            "team": "TJH5YU202",
            "name": "otto",
            "is_restricted": false,
            "is_ultra_restricted": false
        },
        "blocks": [
            {
                "type": "rich_text",
                "block_id": "nTWh8",
                "elements": [
                    {
                        "type": "rich_text_section",
                        "elements": [
                            {
                                "type": "text",
                                "text": "A veces tienes la impresión de que no hay mucho movimiento. Pero la realidad es diferente.\nEl video que publiqué ayer ya se ha visto 81 veces, sin contar las vistas de SLACK.\nSolo de las estadísticas del servidor."
                            }
                        ]
                    }
                ]
            }
        ]
    },
    {
        "type": "message",
        "text": "",
        "files": [
            {
                "id": "F019526EY3T",
                "created": 1597305507,
                "timestamp": 1597305507,
                "name": "grafik.png",
                "title": "grafik.png",
                "mimetype": "image\/png",
                "filetype": "png",
                "pretty_type": "PNG",
                "user": "UJHD6A81H",
                "editable": false,
                "size": 33098,
                "mode": "hosted",
                "is_external": false,
                "external_type": "",
                "is_public": true,
                "public_url_shared": false,
                "display_as_bot": false,
                "username": "",
                "url_private": "https:\/\/files.slack.com\/files-pri\/TJH5YU202-F019526EY3T\/grafik.png?t=xoxe-629202954002-1316365335585-1303739558562-bb0d767c5143c02b3f1039cae658c718",
                "url_private_download": "https:\/\/files.slack.com\/files-pri\/TJH5YU202-F019526EY3T\/download\/grafik.png?t=xoxe-629202954002-1316365335585-1303739558562-bb0d767c5143c02b3f1039cae658c718",
                "thumb_64": "https:\/\/files.slack.com\/files-tmb\/TJH5YU202-F019526EY3T-f1921b0cd8\/grafik_64.png?t=xoxe-629202954002-1316365335585-1303739558562-bb0d767c5143c02b3f1039cae658c718",
                "thumb_80": "https:\/\/files.slack.com\/files-tmb\/TJH5YU202-F019526EY3T-f1921b0cd8\/grafik_80.png?t=xoxe-629202954002-1316365335585-1303739558562-bb0d767c5143c02b3f1039cae658c718",
                "thumb_360": "https:\/\/files.slack.com\/files-tmb\/TJH5YU202-F019526EY3T-f1921b0cd8\/grafik_360.png?t=xoxe-629202954002-1316365335585-1303739558562-bb0d767c5143c02b3f1039cae658c718",
                "thumb_360_w": 360,
                "thumb_360_h": 51,
                "thumb_480": "https:\/\/files.slack.com\/files-tmb\/TJH5YU202-F019526EY3T-f1921b0cd8\/grafik_480.png?t=xoxe-629202954002-1316365335585-1303739558562-bb0d767c5143c02b3f1039cae658c718",
                "thumb_480_w": 480,
                "thumb_480_h": 68,
                "thumb_160": "https:\/\/files.slack.com\/files-tmb\/TJH5YU202-F019526EY3T-f1921b0cd8\/grafik_160.png?t=xoxe-629202954002-1316365335585-1303739558562-bb0d767c5143c02b3f1039cae658c718",
                "thumb_720": "https:\/\/files.slack.com\/files-tmb\/TJH5YU202-F019526EY3T-f1921b0cd8\/grafik_720.png?t=xoxe-629202954002-1316365335585-1303739558562-bb0d767c5143c02b3f1039cae658c718",
                "thumb_720_w": 720,
                "thumb_720_h": 102,
                "thumb_800": "https:\/\/files.slack.com\/files-tmb\/TJH5YU202-F019526EY3T-f1921b0cd8\/grafik_800.png?t=xoxe-629202954002-1316365335585-1303739558562-bb0d767c5143c02b3f1039cae658c718",
                "thumb_800_w": 800,
                "thumb_800_h": 113,
                "thumb_960": "https:\/\/files.slack.com\/files-tmb\/TJH5YU202-F019526EY3T-f1921b0cd8\/grafik_960.png?t=xoxe-629202954002-1316365335585-1303739558562-bb0d767c5143c02b3f1039cae658c718",
                "thumb_960_w": 960,
                "thumb_960_h": 135,
                "thumb_1024": "https:\/\/files.slack.com\/files-tmb\/TJH5YU202-F019526EY3T-f1921b0cd8\/grafik_1024.png?t=xoxe-629202954002-1316365335585-1303739558562-bb0d767c5143c02b3f1039cae658c718",
                "thumb_1024_w": 1024,
                "thumb_1024_h": 144,
                "original_w": 1397,
                "original_h": 197,
                "thumb_tiny": "AwAGADDRxgZzRyO9Kfu000wHYz3ox70o6UUgEx70Emlpp60Af\/\/Z",
                "permalink": "https:\/\/harbourproject.slack.com\/files\/UJHD6A81H\/F019526EY3T\/grafik.png",
                "permalink_public": "https:\/\/slack-files.com\/TJH5YU202-F019526EY3T-45c4707a24",
                "is_starred": false,
                "has_rich_preview": false
            }
        ],
        "upload": false,
        "user": "UJHD6A81H",
        "display_as_bot": false,
        "ts": "1597305537.168300"
    },
    {
        "type": "message",
        "text": "",
        "files": [
            {
                "id": "F019GGYDT7A",
                "created": 1597315968,
                "timestamp": 1597315968,
                "name": "grafik.png",
                "title": "grafik.png",
                "mimetype": "image\/png",
                "filetype": "png",
                "pretty_type": "PNG",
                "user": "UJHD6A81H",
                "editable": false,
                "size": 154188,
                "mode": "hosted",
                "is_external": false,
                "external_type": "",
                "is_public": true,
                "public_url_shared": false,
                "display_as_bot": false,
                "username": "",
                "url_private": "https:\/\/files.slack.com\/files-pri\/TJH5YU202-F019GGYDT7A\/grafik.png?t=xoxe-629202954002-1316365335585-1303739558562-bb0d767c5143c02b3f1039cae658c718",
                "url_private_download": "https:\/\/files.slack.com\/files-pri\/TJH5YU202-F019GGYDT7A\/download\/grafik.png?t=xoxe-629202954002-1316365335585-1303739558562-bb0d767c5143c02b3f1039cae658c718",
                "thumb_64": "https:\/\/files.slack.com\/files-tmb\/TJH5YU202-F019GGYDT7A-094859605b\/grafik_64.png?t=xoxe-629202954002-1316365335585-1303739558562-bb0d767c5143c02b3f1039cae658c718",
                "thumb_80": "https:\/\/files.slack.com\/files-tmb\/TJH5YU202-F019GGYDT7A-094859605b\/grafik_80.png?t=xoxe-629202954002-1316365335585-1303739558562-bb0d767c5143c02b3f1039cae658c718",
                "thumb_360": "https:\/\/files.slack.com\/files-tmb\/TJH5YU202-F019GGYDT7A-094859605b\/grafik_360.png?t=xoxe-629202954002-1316365335585-1303739558562-bb0d767c5143c02b3f1039cae658c718",
                "thumb_360_w": 234,
                "thumb_360_h": 360,
                "thumb_480": "https:\/\/files.slack.com\/files-tmb\/TJH5YU202-F019GGYDT7A-094859605b\/grafik_480.png?t=xoxe-629202954002-1316365335585-1303739558562-bb0d767c5143c02b3f1039cae658c718",
                "thumb_480_w": 312,
                "thumb_480_h": 480,
                "thumb_160": "https:\/\/files.slack.com\/files-tmb\/TJH5YU202-F019GGYDT7A-094859605b\/grafik_160.png?t=xoxe-629202954002-1316365335585-1303739558562-bb0d767c5143c02b3f1039cae658c718",
                "original_w": 322,
                "original_h": 495,
                "thumb_tiny": "AwAwAB+7wBSbh6fypwIwKTj3oATcPSl4K5pRjtmkY8UAIe30opee2Kd+FACD2pp706kOcHOKAFyAvNJ5if3h+dNb5lIzUJhyuN1AFgyKOrD86VjxVZod38VT5oA\/\/9k=",
                "permalink": "https:\/\/harbourproject.slack.com\/files\/UJHD6A81H\/F019GGYDT7A\/grafik.png",
                "permalink_public": "https:\/\/slack-files.com\/TJH5YU202-F019GGYDT7A-206151aa1b",
                "is_starred": false,
                "has_rich_preview": false
            }
        ],
        "upload": false,
        "user": "UJHD6A81H",
        "display_as_bot": false,
        "ts": "1597315970.168600"
    },
    {
        "client_msg_id": "1185b1d2-2af3-4dbc-bbda-e29085ad15f9",
        "type": "message",
        "text": "6 formas de apoyar a las pequeñas y medianas empresas\n\n\n\nescribe una reseña positiva 0.00 €\ncuéntaselo a tus amigos y familiares 0,00 €\nsígalos en las redes sociales 0,00 €\nresponder a sus mensajes 0,00 €\nmenciónalos en tus perfiles 0.00 €\nsuscríbete a su newsletter € 0,00\n\nTotal 0,00 €",
        "user": "UJHD6A81H",
        "ts": "1597316012.169000",
        "team": "TJH5YU202",
        "user_team": "TJH5YU202",
        "source_team": "TJH5YU202",
        "user_profile": {
            "avatar_hash": "g6b8073e00e9",
            "image_72": "https:\/\/secure.gravatar.com\/avatar\/b96b8073e00e9eb02bcf05bc1418eb3a.jpg?s=72&d=https%3A%2F%2Fa.slack-edge.com%2Fdf10d%2Fimg%2Favatars%2Fava_0021-72.png",
            "first_name": "Otto",
            "real_name": "Otto Atzwanger",
            "display_name": "Otto",
            "team": "TJH5YU202",
            "name": "otto",
            "is_restricted": false,
            "is_ultra_restricted": false
        },
        "blocks": [
            {
                "type": "rich_text",
                "block_id": "qrm\/",
                "elements": [
                    {
                        "type": "rich_text_section",
                        "elements": [
                            {
                                "type": "text",
                                "text": "6 formas de apoyar a las pequeñas y medianas empresas\n\n\n\nescribe una reseña positiva 0.00 €\ncuéntaselo a tus amigos y familiares 0,00 €\nsígalos en las redes sociales 0,00 €\nresponder a sus mensajes 0,00 €\nmenciónalos en tus perfiles 0.00 €\nsuscríbete a su newsletter € 0,00\n\nTotal 0,00 €"
                            }
                        ]
                    }
                ]
            }
        ]
    },
    {
        "client_msg_id": "9fc55c3d-2d3c-40f7-957d-d875201f3fa2",
        "type": "message",
        "text": "El siguiente texto no es mío, ¡pero me pareció genial!\nPara muchos, ni siquiera está claro qué significan estas pequeñas cosas para las pequeñas empresas.\nConstantemente se buscan reseñas en las redes sociales. Entonces, si está satisfecho, escriba dos oraciones pequeñas, que podrían ser el factor decisivo para el próximo pedido o la próxima compra.\nMe gusta o comenta las publicaciones que te gustan. Esto da alcance y, por lo tanto, amplía el radio de conocimiento de la empresa \/ trabajador autónomo sin publicidad costosa. Lo mismo se aplica a las recomendaciones orales. Las personas acuden a las personas que les recomiendan.\nPor último, pero no menos importante: hay mucho trabajo detrás de la mayoría de las publicaciones. Diseño de imagen, texto, etc. Lo reconoces con un me gusta.\nNo todos los días, no todas las veces, pero una y otra vez soy feliz y muy útil.",
        "user": "UJHD6A81H",
        "ts": "1597316042.169200",
        "team": "TJH5YU202",
        "user_team": "TJH5YU202",
        "source_team": "TJH5YU202",
        "user_profile": {
            "avatar_hash": "g6b8073e00e9",
            "image_72": "https:\/\/secure.gravatar.com\/avatar\/b96b8073e00e9eb02bcf05bc1418eb3a.jpg?s=72&d=https%3A%2F%2Fa.slack-edge.com%2Fdf10d%2Fimg%2Favatars%2Fava_0021-72.png",
            "first_name": "Otto",
            "real_name": "Otto Atzwanger",
            "display_name": "Otto",
            "team": "TJH5YU202",
            "name": "otto",
            "is_restricted": false,
            "is_ultra_restricted": false
        },
        "blocks": [
            {
                "type": "rich_text",
                "block_id": "W9OHJ",
                "elements": [
                    {
                        "type": "rich_text_section",
                        "elements": [
                            {
                                "type": "text",
                                "text": "El siguiente texto no es mío, ¡pero me pareció genial!\nPara muchos, ni siquiera está claro qué significan estas pequeñas cosas para las pequeñas empresas.\nConstantemente se buscan reseñas en las redes sociales. Entonces, si está satisfecho, escriba dos oraciones pequeñas, que podrían ser el factor decisivo para el próximo pedido o la próxima compra.\nMe gusta o comenta las publicaciones que te gustan. Esto da alcance y, por lo tanto, amplía el radio de conocimiento de la empresa \/ trabajador autónomo sin publicidad costosa. Lo mismo se aplica a las recomendaciones orales. Las personas acuden a las personas que les recomiendan.\nPor último, pero no menos importante: hay mucho trabajo detrás de la mayoría de las publicaciones. Diseño de imagen, texto, etc. Lo reconoces con un me gusta.\nNo todos los días, no todas las veces, pero una y otra vez soy feliz y muy útil."
                            }
                        ]
                    }
                ]
            }
        ],
        "reactions": [
            {
                "name": "heavy_check_mark",
                "users": [
                    "UJUSD6VB2"
                ],
                "count": 1
            }
        ]
    },
    {
        "client_msg_id": "217a9dcf-0b09-4935-9539-9eebdb6f049c",
        "type": "message",
        "text": "alguien recuerda que quiere decir error 3 al abrir una dbf",
        "user": "UM81W8B0Q",
        "ts": "1597343153.169900",
        "team": "TJH5YU202",
        "user_team": "TJH5YU202",
        "source_team": "TJH5YU202",
        "user_profile": {
            "avatar_hash": "gab9279ee8c0",
            "image_72": "https:\/\/secure.gravatar.com\/avatar\/73ab9279ee8c00f66ce4904d30146c8f.jpg?s=72&d=https%3A%2F%2Fa.slack-edge.com%2Fdf10d%2Fimg%2Favatars%2Fava_0010-72.png",
            "first_name": "",
            "real_name": "Angel Pais",
            "display_name": "Angel Pais",
            "team": "TJH5YU202",
            "name": "amigosam",
            "is_restricted": false,
            "is_ultra_restricted": false
        },
        "blocks": [
            {
                "type": "rich_text",
                "block_id": "O7a4b",
                "elements": [
                    {
                        "type": "rich_text_section",
                        "elements": [
                            {
                                "type": "text",
                                "text": "alguien recuerda que quiere decir error 3 al abrir una dbf"
                            }
                        ]
                    }
                ]
            }
        ]
    },
    {
        "client_msg_id": "C2A6A212-E706-4348-B88C-7F7D7D025590",
        "type": "message",
        "text": "Error en la el camino de la tabla ",
        "user": "UJXP7LS78",
        "ts": "1597344725.170400",
        "team": "TJH5YU202",
        "user_team": "TJH5YU202",
        "source_team": "TJH5YU202",
        "user_profile": {
            "avatar_hash": "gc4a0baebb72",
            "image_72": "https:\/\/secure.gravatar.com\/avatar\/a1c4a0baebb720b97e5a197259dbf409.jpg?s=72&d=https%3A%2F%2Fa.slack-edge.com%2Fdf10d%2Fimg%2Favatars%2Fava_0007-72.png",
            "first_name": "",
            "real_name": "wilson gamboa",
            "display_name": "wilson gamboa",
            "team": "TJH5YU202",
            "name": "wilson.josenet",
            "is_restricted": false,
            "is_ultra_restricted": false
        },
        "blocks": [
            {
                "type": "rich_text",
                "block_id": "4djZf",
                "elements": [
                    {
                        "type": "rich_text_section",
                        "elements": [
                            {
                                "type": "text",
                                "text": "Error en la el camino de la tabla "
                            }
                        ]
                    }
                ]
            }
        ]
    },
    {
        "client_msg_id": "3DEC4D3F-30FF-4F03-B3B0-B00ACE62FD86",
        "type": "message",
        "text": "buenas tardes perdón",
        "user": "UJXP7LS78",
        "ts": "1597344733.170700",
        "team": "TJH5YU202",
        "user_team": "TJH5YU202",
        "source_team": "TJH5YU202",
        "user_profile": {
            "avatar_hash": "gc4a0baebb72",
            "image_72": "https:\/\/secure.gravatar.com\/avatar\/a1c4a0baebb720b97e5a197259dbf409.jpg?s=72&d=https%3A%2F%2Fa.slack-edge.com%2Fdf10d%2Fimg%2Favatars%2Fava_0007-72.png",
            "first_name": "",
            "real_name": "wilson gamboa",
            "display_name": "wilson gamboa",
            "team": "TJH5YU202",
            "name": "wilson.josenet",
            "is_restricted": false,
            "is_ultra_restricted": false
        },
        "edited": {
            "user": "UJXP7LS78",
            "ts": "1597344829.000000"
        },
        "blocks": [
            {
                "type": "rich_text",
                "block_id": "X1h",
                "elements": [
                    {
                        "type": "rich_text_section",
                        "elements": [
                            {
                                "type": "text",
                                "text": "buenas tardes perdón"
                            }
                        ]
                    }
                ]
            }
        ]
    },
    {
        "client_msg_id": "0b747b82-7114-495a-ac22-5daa69350e19",
        "type": "message",
        "text": "posiblemente derechos de lectura o escritura",
        "user": "UJHD6A81H",
        "ts": "1597348234.171100",
        "team": "TJH5YU202",
        "user_team": "TJH5YU202",
        "source_team": "TJH5YU202",
        "user_profile": {
            "avatar_hash": "g6b8073e00e9",
            "image_72": "https:\/\/secure.gravatar.com\/avatar\/b96b8073e00e9eb02bcf05bc1418eb3a.jpg?s=72&d=https%3A%2F%2Fa.slack-edge.com%2Fdf10d%2Fimg%2Favatars%2Fava_0021-72.png",
            "first_name": "Otto",
            "real_name": "Otto Atzwanger",
            "display_name": "Otto",
            "team": "TJH5YU202",
            "name": "otto",
            "is_restricted": false,
            "is_ultra_restricted": false
        },
        "blocks": [
            {
                "type": "rich_text",
                "block_id": "K8f",
                "elements": [
                    {
                        "type": "rich_text_section",
                        "elements": [
                            {
                                "type": "text",
                                "text": "posiblemente derechos de lectura o escritura"
                            }
                        ]
                    }
                ]
            }
        ]
    },
    {
        "client_msg_id": "5c843862-6e71-4c5c-81fc-c4825046c577",
        "type": "message",
        "text": ":+1:",
        "user": "UM81W8B0Q",
        "ts": "1597348259.171300",
        "team": "TJH5YU202",
        "user_team": "TJH5YU202",
        "source_team": "TJH5YU202",
        "user_profile": {
            "avatar_hash": "gab9279ee8c0",
            "image_72": "https:\/\/secure.gravatar.com\/avatar\/73ab9279ee8c00f66ce4904d30146c8f.jpg?s=72&d=https%3A%2F%2Fa.slack-edge.com%2Fdf10d%2Fimg%2Favatars%2Fava_0010-72.png",
            "first_name": "",
            "real_name": "Angel Pais",
            "display_name": "Angel Pais",
            "team": "TJH5YU202",
            "name": "amigosam",
            "is_restricted": false,
            "is_ultra_restricted": false
        },
        "blocks": [
            {
                "type": "rich_text",
                "block_id": "EybcV",
                "elements": [
                    {
                        "type": "rich_text_section",
                        "elements": [
                            {
                                "type": "emoji",
                                "name": "+1"
                            }
                        ]
                    }
                ]
            }
        ]
    },
    {
        "client_msg_id": "C382ABFF-30EB-4449-A282-5F7FD59CA83F",
        "type": "message",
        "text": "Error de “ciego”",
        "user": "UJUSD6VB2",
        "ts": "1597373408.171700",
        "team": "TJH5YU202",
        "user_team": "TJH5YU202",
        "source_team": "TJH5YU202",
        "user_profile": {
            "avatar_hash": "g1677a02d0b6",
            "image_72": "https:\/\/secure.gravatar.com\/avatar\/bb1677a02d0b69ba91eb245090c7c83a.jpg?s=72&d=https%3A%2F%2Fa.slack-edge.com%2Fdf10d%2Fimg%2Favatars%2Fava_0015-72.png",
            "first_name": "",
            "real_name": "Osvaldo Ramirez",
            "display_name": "Osvaldo Ramirez",
            "team": "TJH5YU202",
            "name": "ramirezosvaldo",
            "is_restricted": false,
            "is_ultra_restricted": false
        },
        "blocks": [
            {
                "type": "rich_text",
                "block_id": "JBSr",
                "elements": [
                    {
                        "type": "rich_text_section",
                        "elements": [
                            {
                                "type": "text",
                                "text": "Error de “ciego”"
                            }
                        ]
                    }
                ]
            }
        ]
    }
]