[
    {
        "client_msg_id": "09230446-fd00-4e81-b8f0-142735f83648",
        "type": "message",
        "text": "Pues simplemente probándolo y reportando errores :slightly_smiling_face:",
        "user": "UJN8D8U3B",
        "ts": "1596197446.494900",
        "team": "TJH5YU202",
        "user_team": "TJH5YU202",
        "source_team": "TJH5YU202",
        "user_profile": {
            "avatar_hash": "g92ad2abcc45",
            "image_72": "https:\/\/secure.gravatar.com\/avatar\/8492ad2abcc45ce53969adcf8420acde.jpg?s=72&d=https%3A%2F%2Fa.slack-edge.com%2Fdf10d%2Fimg%2Favatars%2Fava_0008-72.png",
            "first_name": "",
            "real_name": "Antonio Linares",
            "display_name": "Antonio Linares",
            "team": "TJH5YU202",
            "name": "alinares",
            "is_restricted": false,
            "is_ultra_restricted": false
        },
        "blocks": [
            {
                "type": "rich_text",
                "block_id": "f6l",
                "elements": [
                    {
                        "type": "rich_text_section",
                        "elements": [
                            {
                                "type": "text",
                                "text": "Pues simplemente probándolo y reportando errores "
                            },
                            {
                                "type": "emoji",
                                "name": "slightly_smiling_face"
                            }
                        ]
                    }
                ]
            }
        ]
    },
    {
        "client_msg_id": "c132296a-17f6-46cb-aff8-75708a38e024",
        "type": "message",
        "text": "Buenos días amigos :sunny:",
        "user": "UK28N3CER",
        "ts": "1596198570.495400",
        "team": "TJH5YU202",
        "user_team": "TJH5YU202",
        "source_team": "TJH5YU202",
        "user_profile": {
            "avatar_hash": "0eafa7153ff3",
            "image_72": "https:\/\/avatars.slack-edge.com\/2020-05-18\/1155120542496_0eafa7153ff35206c804_72.jpg",
            "first_name": "Cesar",
            "real_name": "Cesar SysCtrl Software",
            "display_name": "Cesar SysCtrl Software",
            "team": "TJH5YU202",
            "name": "sysctrlsoftware",
            "is_restricted": false,
            "is_ultra_restricted": false
        },
        "blocks": [
            {
                "type": "rich_text",
                "block_id": "aii87",
                "elements": [
                    {
                        "type": "rich_text_section",
                        "elements": [
                            {
                                "type": "text",
                                "text": "Buenos días amigos "
                            },
                            {
                                "type": "emoji",
                                "name": "sunny"
                            }
                        ]
                    }
                ]
            }
        ]
    },
    {
        "client_msg_id": "fce0ae12-7aea-49d6-afe1-093a6ba37c6e",
        "type": "message",
        "text": "estamos en el Skype charla si Hay !",
        "user": "UK28N3CER",
        "ts": "1596212024.495800",
        "team": "TJH5YU202",
        "user_team": "TJH5YU202",
        "source_team": "TJH5YU202",
        "user_profile": {
            "avatar_hash": "0eafa7153ff3",
            "image_72": "https:\/\/avatars.slack-edge.com\/2020-05-18\/1155120542496_0eafa7153ff35206c804_72.jpg",
            "first_name": "Cesar",
            "real_name": "Cesar SysCtrl Software",
            "display_name": "Cesar SysCtrl Software",
            "team": "TJH5YU202",
            "name": "sysctrlsoftware",
            "is_restricted": false,
            "is_ultra_restricted": false
        },
        "blocks": [
            {
                "type": "rich_text",
                "block_id": "BslI",
                "elements": [
                    {
                        "type": "rich_text_section",
                        "elements": [
                            {
                                "type": "text",
                                "text": "estamos en el Skype charla si Hay !"
                            }
                        ]
                    }
                ]
            }
        ]
    },
    {
        "client_msg_id": "a0c5b307-e1b5-40a5-9c9c-3a15edc72da3",
        "type": "message",
        "text": "Hace unos días, un fabricante de un administrador de correspondencia me dejó entrar en la interfaz; no fueron de mucha ayuda.\nGracias a la ayuda aquí, lo hemos resuelto bien.\n\nPero estaba muy molesto.\n\nAsí que decidí clonar su sistema y luego reemplazar todo con el nuestro.\n\nGracias a la gran plantilla (GENESIS), funciona muy rápido y creo que estaré en línea en unos días.\nMod Harbour es genial.",
        "user": "UJHD6A81H",
        "ts": "1596221900.496000",
        "team": "TJH5YU202",
        "user_team": "TJH5YU202",
        "source_team": "TJH5YU202",
        "user_profile": {
            "avatar_hash": "g6b8073e00e9",
            "image_72": "https:\/\/secure.gravatar.com\/avatar\/b96b8073e00e9eb02bcf05bc1418eb3a.jpg?s=72&d=https%3A%2F%2Fa.slack-edge.com%2Fdf10d%2Fimg%2Favatars%2Fava_0021-72.png",
            "first_name": "Otto",
            "real_name": "Otto Atzwanger",
            "display_name": "Otto",
            "team": "TJH5YU202",
            "name": "otto",
            "is_restricted": false,
            "is_ultra_restricted": false
        },
        "blocks": [
            {
                "type": "rich_text",
                "block_id": "Jux0",
                "elements": [
                    {
                        "type": "rich_text_section",
                        "elements": [
                            {
                                "type": "text",
                                "text": "Hace unos días, un fabricante de un administrador de correspondencia me dejó entrar en la interfaz; no fueron de mucha ayuda.\nGracias a la ayuda aquí, lo hemos resuelto bien.\n\nPero estaba muy molesto.\n\nAsí que decidí clonar su sistema y luego reemplazar todo con el nuestro.\n\nGracias a la gran plantilla (GENESIS), funciona muy rápido y creo que estaré en línea en unos días.\nMod Harbour es genial."
                            }
                        ]
                    }
                ]
            }
        ],
        "reactions": [
            {
                "name": "clap",
                "users": [
                    "U015CUP1T5Z",
                    "UJUSD6VB2",
                    "UJUJLTWMT",
                    "UK28N3CER"
                ],
                "count": 4
            }
        ]
    },
    {
        "type": "message",
        "text": "",
        "files": [
            {
                "id": "F0189GDGH1A",
                "created": 1596221913,
                "timestamp": 1596221913,
                "name": "brandyQuots.gif",
                "title": "brandyQuots.gif",
                "mimetype": "image\/gif",
                "filetype": "gif",
                "pretty_type": "GIF",
                "user": "UJHD6A81H",
                "editable": false,
                "size": 1518083,
                "mode": "hosted",
                "is_external": false,
                "external_type": "",
                "is_public": true,
                "public_url_shared": false,
                "display_as_bot": false,
                "username": "",
                "url_private": "https:\/\/files.slack.com\/files-pri\/TJH5YU202-F0189GDGH1A\/brandyquots.gif?t=xoxe-629202954002-1316365335585-1303739558562-bb0d767c5143c02b3f1039cae658c718",
                "url_private_download": "https:\/\/files.slack.com\/files-pri\/TJH5YU202-F0189GDGH1A\/download\/brandyquots.gif?t=xoxe-629202954002-1316365335585-1303739558562-bb0d767c5143c02b3f1039cae658c718",
                "thumb_64": "https:\/\/files.slack.com\/files-tmb\/TJH5YU202-F0189GDGH1A-5b54fecee7\/brandyquots_64.png?t=xoxe-629202954002-1316365335585-1303739558562-bb0d767c5143c02b3f1039cae658c718",
                "thumb_80": "https:\/\/files.slack.com\/files-tmb\/TJH5YU202-F0189GDGH1A-5b54fecee7\/brandyquots_80.png?t=xoxe-629202954002-1316365335585-1303739558562-bb0d767c5143c02b3f1039cae658c718",
                "thumb_360": "https:\/\/files.slack.com\/files-tmb\/TJH5YU202-F0189GDGH1A-5b54fecee7\/brandyquots_360.png?t=xoxe-629202954002-1316365335585-1303739558562-bb0d767c5143c02b3f1039cae658c718",
                "thumb_360_w": 360,
                "thumb_360_h": 258,
                "thumb_480": "https:\/\/files.slack.com\/files-tmb\/TJH5YU202-F0189GDGH1A-5b54fecee7\/brandyquots_480.png?t=xoxe-629202954002-1316365335585-1303739558562-bb0d767c5143c02b3f1039cae658c718",
                "thumb_480_w": 480,
                "thumb_480_h": 344,
                "thumb_160": "https:\/\/files.slack.com\/files-tmb\/TJH5YU202-F0189GDGH1A-5b54fecee7\/brandyquots_160.png?t=xoxe-629202954002-1316365335585-1303739558562-bb0d767c5143c02b3f1039cae658c718",
                "thumb_720": "https:\/\/files.slack.com\/files-tmb\/TJH5YU202-F0189GDGH1A-5b54fecee7\/brandyquots_720.png?t=xoxe-629202954002-1316365335585-1303739558562-bb0d767c5143c02b3f1039cae658c718",
                "thumb_720_w": 720,
                "thumb_720_h": 516,
                "thumb_800": "https:\/\/files.slack.com\/files-tmb\/TJH5YU202-F0189GDGH1A-5b54fecee7\/brandyquots_800.png?t=xoxe-629202954002-1316365335585-1303739558562-bb0d767c5143c02b3f1039cae658c718",
                "thumb_800_w": 800,
                "thumb_800_h": 574,
                "thumb_960": "https:\/\/files.slack.com\/files-tmb\/TJH5YU202-F0189GDGH1A-5b54fecee7\/brandyquots_960.png?t=xoxe-629202954002-1316365335585-1303739558562-bb0d767c5143c02b3f1039cae658c718",
                "thumb_960_w": 960,
                "thumb_960_h": 688,
                "thumb_1024": "https:\/\/files.slack.com\/files-tmb\/TJH5YU202-F0189GDGH1A-5b54fecee7\/brandyquots_1024.png?t=xoxe-629202954002-1316365335585-1303739558562-bb0d767c5143c02b3f1039cae658c718",
                "thumb_1024_w": 1024,
                "thumb_1024_h": 734,
                "thumb_360_gif": "https:\/\/files.slack.com\/files-tmb\/TJH5YU202-F0189GDGH1A-5b54fecee7\/brandyquots_360.gif?t=xoxe-629202954002-1316365335585-1303739558562-bb0d767c5143c02b3f1039cae658c718",
                "thumb_480_gif": "https:\/\/files.slack.com\/files-tmb\/TJH5YU202-F0189GDGH1A-5b54fecee7\/brandyquots_480.gif?t=xoxe-629202954002-1316365335585-1303739558562-bb0d767c5143c02b3f1039cae658c718",
                "original_w": 1361,
                "original_h": 976,
                "deanimate_gif": "https:\/\/files.slack.com\/files-tmb\/TJH5YU202-F0189GDGH1A-5b54fecee7\/brandyquots_deanimate_gif.png?t=xoxe-629202954002-1316365335585-1303739558562-bb0d767c5143c02b3f1039cae658c718",
                "thumb_tiny": "AwAiADBxqYR7cERs3APGKgPSryfcT6VpIQ8AAADpRSYxjmjn1H5VmMWijNFAGeRgVej\/ANWv0FU9jnojflV1P9Wv0FXISA0DmlNJzUDFxRRzRQBmlj6mtBPuL9BWcetaKf6tfoKuQkOoooqBhRRRQB\/\/2Q==",
                "permalink": "https:\/\/harbourproject.slack.com\/files\/UJHD6A81H\/F0189GDGH1A\/brandyquots.gif",
                "permalink_public": "https:\/\/slack-files.com\/TJH5YU202-F0189GDGH1A-76b4358739",
                "is_starred": false,
                "has_rich_preview": false
            }
        ],
        "upload": false,
        "user": "UJHD6A81H",
        "display_as_bot": false,
        "ts": "1596221920.496100"
    },
    {
        "client_msg_id": "8e3ff329-182c-4332-99af-e7367c91c993",
        "type": "message",
        "text": "Excellent Otto, Good job!!!!",
        "user": "UJUSD6VB2",
        "ts": "1596223980.497000",
        "team": "TJH5YU202",
        "user_team": "TJH5YU202",
        "source_team": "TJH5YU202",
        "user_profile": {
            "avatar_hash": "g1677a02d0b6",
            "image_72": "https:\/\/secure.gravatar.com\/avatar\/bb1677a02d0b69ba91eb245090c7c83a.jpg?s=72&d=https%3A%2F%2Fa.slack-edge.com%2Fdf10d%2Fimg%2Favatars%2Fava_0015-72.png",
            "first_name": "",
            "real_name": "Osvaldo Ramirez",
            "display_name": "Osvaldo Ramirez",
            "team": "TJH5YU202",
            "name": "ramirezosvaldo",
            "is_restricted": false,
            "is_ultra_restricted": false
        },
        "blocks": [
            {
                "type": "rich_text",
                "block_id": "Cf0X",
                "elements": [
                    {
                        "type": "rich_text_section",
                        "elements": [
                            {
                                "type": "text",
                                "text": "Excellent Otto, Good job!!!!"
                            }
                        ]
                    }
                ]
            }
        ]
    },
    {
        "client_msg_id": "5a2ac35d-0dc7-4446-8c8c-8de8390d3993",
        "type": "message",
        "text": "Maybe you want to show us the entire process the next friday ?",
        "user": "UJUSD6VB2",
        "ts": "1596224095.497800",
        "team": "TJH5YU202",
        "user_team": "TJH5YU202",
        "source_team": "TJH5YU202",
        "user_profile": {
            "avatar_hash": "g1677a02d0b6",
            "image_72": "https:\/\/secure.gravatar.com\/avatar\/bb1677a02d0b69ba91eb245090c7c83a.jpg?s=72&d=https%3A%2F%2Fa.slack-edge.com%2Fdf10d%2Fimg%2Favatars%2Fava_0015-72.png",
            "first_name": "",
            "real_name": "Osvaldo Ramirez",
            "display_name": "Osvaldo Ramirez",
            "team": "TJH5YU202",
            "name": "ramirezosvaldo",
            "is_restricted": false,
            "is_ultra_restricted": false
        },
        "blocks": [
            {
                "type": "rich_text",
                "block_id": "h=8",
                "elements": [
                    {
                        "type": "rich_text_section",
                        "elements": [
                            {
                                "type": "text",
                                "text": "Maybe you want to show us the entire process the next friday ?"
                            }
                        ]
                    }
                ]
            }
        ]
    },
    {
        "client_msg_id": "82b8ea36-f5df-40ea-9393-cbfe5ff8ef84",
        "type": "message",
        "text": "buenas noches",
        "user": "UJXP7LS78",
        "ts": "1596250911.498300",
        "team": "TJH5YU202",
        "user_team": "TJH5YU202",
        "source_team": "TJH5YU202",
        "user_profile": {
            "avatar_hash": "gc4a0baebb72",
            "image_72": "https:\/\/secure.gravatar.com\/avatar\/a1c4a0baebb720b97e5a197259dbf409.jpg?s=72&d=https%3A%2F%2Fa.slack-edge.com%2Fdf10d%2Fimg%2Favatars%2Fava_0007-72.png",
            "first_name": "",
            "real_name": "wilson gamboa",
            "display_name": "wilson gamboa",
            "team": "TJH5YU202",
            "name": "wilson.josenet",
            "is_restricted": false,
            "is_ultra_restricted": false
        },
        "blocks": [
            {
                "type": "rich_text",
                "block_id": "ItAAv",
                "elements": [
                    {
                        "type": "rich_text_section",
                        "elements": [
                            {
                                "type": "text",
                                "text": "buenas noches"
                            }
                        ]
                    }
                ]
            }
        ]
    },
    {
        "client_msg_id": "bdf6e06f-91f2-424e-a08f-d0466a9a05a8",
        "type": "message",
        "text": "por favor donde esta",
        "user": "UJXP7LS78",
        "ts": "1596250916.498500",
        "team": "TJH5YU202",
        "user_team": "TJH5YU202",
        "source_team": "TJH5YU202",
        "user_profile": {
            "avatar_hash": "gc4a0baebb72",
            "image_72": "https:\/\/secure.gravatar.com\/avatar\/a1c4a0baebb720b97e5a197259dbf409.jpg?s=72&d=https%3A%2F%2Fa.slack-edge.com%2Fdf10d%2Fimg%2Favatars%2Fava_0007-72.png",
            "first_name": "",
            "real_name": "wilson gamboa",
            "display_name": "wilson gamboa",
            "team": "TJH5YU202",
            "name": "wilson.josenet",
            "is_restricted": false,
            "is_ultra_restricted": false
        },
        "blocks": [
            {
                "type": "rich_text",
                "block_id": "nZD",
                "elements": [
                    {
                        "type": "rich_text_section",
                        "elements": [
                            {
                                "type": "text",
                                "text": "por favor donde esta"
                            }
                        ]
                    }
                ]
            }
        ]
    },
    {
        "client_msg_id": "606d99ce-41fe-472d-8a01-8126481bee78",
        "type": "message",
        "text": "Copy mod_fcgid.so to c:\\Apache24\\modules\\mod_fcgid.so",
        "user": "UJXP7LS78",
        "ts": "1596250920.498700",
        "team": "TJH5YU202",
        "user_team": "TJH5YU202",
        "source_team": "TJH5YU202",
        "user_profile": {
            "avatar_hash": "gc4a0baebb72",
            "image_72": "https:\/\/secure.gravatar.com\/avatar\/a1c4a0baebb720b97e5a197259dbf409.jpg?s=72&d=https%3A%2F%2Fa.slack-edge.com%2Fdf10d%2Fimg%2Favatars%2Fava_0007-72.png",
            "first_name": "",
            "real_name": "wilson gamboa",
            "display_name": "wilson gamboa",
            "team": "TJH5YU202",
            "name": "wilson.josenet",
            "is_restricted": false,
            "is_ultra_restricted": false
        },
        "blocks": [
            {
                "type": "rich_text",
                "block_id": "evT",
                "elements": [
                    {
                        "type": "rich_text_section",
                        "elements": [
                            {
                                "type": "text",
                                "text": "Copy mod_fcgid.so to c:\\Apache24\\modules\\mod_fcgid.so"
                            }
                        ]
                    }
                ]
            }
        ]
    },
    {
        "client_msg_id": "6ebc72a3-ff37-4bd6-8830-be7a50925efd",
        "type": "message",
        "text": "no hallo ese archivo en fastcgi win32",
        "user": "UJXP7LS78",
        "ts": "1596250932.499000",
        "team": "TJH5YU202",
        "user_team": "TJH5YU202",
        "source_team": "TJH5YU202",
        "user_profile": {
            "avatar_hash": "gc4a0baebb72",
            "image_72": "https:\/\/secure.gravatar.com\/avatar\/a1c4a0baebb720b97e5a197259dbf409.jpg?s=72&d=https%3A%2F%2Fa.slack-edge.com%2Fdf10d%2Fimg%2Favatars%2Fava_0007-72.png",
            "first_name": "",
            "real_name": "wilson gamboa",
            "display_name": "wilson gamboa",
            "team": "TJH5YU202",
            "name": "wilson.josenet",
            "is_restricted": false,
            "is_ultra_restricted": false
        },
        "blocks": [
            {
                "type": "rich_text",
                "block_id": "Wlzv",
                "elements": [
                    {
                        "type": "rich_text_section",
                        "elements": [
                            {
                                "type": "text",
                                "text": "no hallo ese archivo en fastcgi win32"
                            }
                        ]
                    }
                ]
            }
        ]
    },
    {
        "client_msg_id": "7b790780-0b55-40b2-a813-84563d8c7316",
        "type": "message",
        "text": "veo que solo hay para win64",
        "user": "UJXP7LS78",
        "ts": "1596250999.499300",
        "team": "TJH5YU202",
        "user_team": "TJH5YU202",
        "source_team": "TJH5YU202",
        "user_profile": {
            "avatar_hash": "gc4a0baebb72",
            "image_72": "https:\/\/secure.gravatar.com\/avatar\/a1c4a0baebb720b97e5a197259dbf409.jpg?s=72&d=https%3A%2F%2Fa.slack-edge.com%2Fdf10d%2Fimg%2Favatars%2Fava_0007-72.png",
            "first_name": "",
            "real_name": "wilson gamboa",
            "display_name": "wilson gamboa",
            "team": "TJH5YU202",
            "name": "wilson.josenet",
            "is_restricted": false,
            "is_ultra_restricted": false
        },
        "blocks": [
            {
                "type": "rich_text",
                "block_id": "htIZw",
                "elements": [
                    {
                        "type": "rich_text_section",
                        "elements": [
                            {
                                "type": "text",
                                "text": "veo que solo hay para win64"
                            }
                        ]
                    }
                ]
            }
        ]
    },
    {
        "client_msg_id": "b0c42797-db2b-4f17-8f9d-12529d4d7339",
        "type": "message",
        "text": "Buenos días\n¿Puedo preguntar si alguien trabaja con el ejemplo GENESIS de mod harbour?\nEstoy considerando agregar un campo a la tabla de enrutamiento.\nEl ejemplo funciona tan bien que solo quiero hacer cambios estructurales con cuidado.\nUn intercambio de ideas sería bueno.",
        "user": "UJHD6A81H",
        "ts": "1596261249.499500",
        "team": "TJH5YU202",
        "user_team": "TJH5YU202",
        "source_team": "TJH5YU202",
        "user_profile": {
            "avatar_hash": "g6b8073e00e9",
            "image_72": "https:\/\/secure.gravatar.com\/avatar\/b96b8073e00e9eb02bcf05bc1418eb3a.jpg?s=72&d=https%3A%2F%2Fa.slack-edge.com%2Fdf10d%2Fimg%2Favatars%2Fava_0021-72.png",
            "first_name": "Otto",
            "real_name": "Otto Atzwanger",
            "display_name": "Otto",
            "team": "TJH5YU202",
            "name": "otto",
            "is_restricted": false,
            "is_ultra_restricted": false
        },
        "blocks": [
            {
                "type": "rich_text",
                "block_id": "dvvrk",
                "elements": [
                    {
                        "type": "rich_text_section",
                        "elements": [
                            {
                                "type": "text",
                                "text": "Buenos días\n¿Puedo preguntar si alguien trabaja con el ejemplo GENESIS de mod harbour?\nEstoy considerando agregar un campo a la tabla de enrutamiento.\nEl ejemplo funciona tan bien que solo quiero hacer cambios estructurales con cuidado.\nUn intercambio de ideas sería bueno."
                            }
                        ]
                    }
                ]
            }
        ]
    }
]