[
    {
        "client_msg_id": "7952f89d-8c08-41f9-bbdf-439ca6be4973",
        "type": "message",
        "text": "Hola: Yo creo que estamos hablando de herramientas diferentes y complementarias , salck es mas un chat , con sus caracteristicas, se pueden incluir bromas, off topic, etc y el foro es mas para plantear cuestiones mas amplias, yo creo que se complementan perfectamente y hay que usar las 2 lo cierto es que el foro para guardar mensajes valiosos que no se pierdan como dice Antonio es una herramienta, hoy por hoy insustituible, pero el slack que lo tienes en todos los dispositivos pues tambien triunfa ahi estan las cifras de usuarios. Pues eso, los dos, por favor.",
        "user": "URQ8AJCQZ",
        "ts": "1596443582.015100",
        "team": "TJH5YU202",
        "user_team": "TJH5YU202",
        "source_team": "TJH5YU202",
        "user_profile": {
            "avatar_hash": "7ce81101b209",
            "image_72": "https:\/\/avatars.slack-edge.com\/2020-06-02\/1166191418788_7ce81101b20935b160c6_72.jpg",
            "first_name": "Jose",
            "real_name": "Jose Vte. Cheto",
            "display_name": "jvtecheto",
            "team": "TJH5YU202",
            "name": "jvtecheto",
            "is_restricted": false,
            "is_ultra_restricted": false
        },
        "blocks": [
            {
                "type": "rich_text",
                "block_id": "4H2",
                "elements": [
                    {
                        "type": "rich_text_section",
                        "elements": [
                            {
                                "type": "text",
                                "text": "Hola: Yo creo que estamos hablando de herramientas diferentes y complementarias , salck es mas un chat , con sus caracteristicas, se pueden incluir bromas, off topic, etc y el foro es mas para plantear cuestiones mas amplias, yo creo que se complementan perfectamente y hay que usar las 2 lo cierto es que el foro para guardar mensajes valiosos que no se pierdan como dice Antonio es una herramienta, hoy por hoy insustituible, pero el slack que lo tienes en todos los dispositivos pues tambien triunfa ahi estan las cifras de usuarios. Pues eso, los dos, por favor."
                            }
                        ]
                    }
                ]
            }
        ],
        "thread_ts": "1596368682.003900",
        "parent_user_id": "UJUJLTWMT"
    },
    {
        "client_msg_id": "b71b11b9-f033-4443-aef3-cbac50b55319",
        "type": "message",
        "text": "buenos días amigos, entonces, ¿realmente vamos a migrar a los grupos de google? yo creo que es genial",
        "user": "U015CUP1T5Z",
        "ts": "1596455482.015600",
        "team": "TJH5YU202",
        "user_team": "TJH5YU202",
        "source_team": "TJH5YU202",
        "user_profile": {
            "avatar_hash": "2d5981129913",
            "image_72": "https:\/\/avatars.slack-edge.com\/2020-06-14\/1183376598323_2d5981129913ee85447d_72.jpg",
            "first_name": "ricardo",
            "real_name": "ricardo arraes",
            "display_name": "ricardo arraes",
            "team": "TJH5YU202",
            "name": "ricardo",
            "is_restricted": false,
            "is_ultra_restricted": false
        },
        "blocks": [
            {
                "type": "rich_text",
                "block_id": "jZEW",
                "elements": [
                    {
                        "type": "rich_text_section",
                        "elements": [
                            {
                                "type": "text",
                                "text": "buenos días amigos, entonces, ¿realmente vamos a migrar a los grupos de google? yo creo que es genial"
                            }
                        ]
                    }
                ]
            }
        ]
    },
    {
        "client_msg_id": "128b8a43-612c-4c27-9b4f-51abacb992ce",
        "type": "message",
        "text": "es lo más inteligente. Cuando empezamos ? :slightly_smiling_face:",
        "user": "UJN8D8U3B",
        "ts": "1596455529.016000",
        "team": "TJH5YU202",
        "user_team": "TJH5YU202",
        "source_team": "TJH5YU202",
        "user_profile": {
            "avatar_hash": "g92ad2abcc45",
            "image_72": "https:\/\/secure.gravatar.com\/avatar\/8492ad2abcc45ce53969adcf8420acde.jpg?s=72&d=https%3A%2F%2Fa.slack-edge.com%2Fdf10d%2Fimg%2Favatars%2Fava_0008-72.png",
            "first_name": "",
            "real_name": "Antonio Linares",
            "display_name": "Antonio Linares",
            "team": "TJH5YU202",
            "name": "alinares",
            "is_restricted": false,
            "is_ultra_restricted": false
        },
        "blocks": [
            {
                "type": "rich_text",
                "block_id": "1cc",
                "elements": [
                    {
                        "type": "rich_text_section",
                        "elements": [
                            {
                                "type": "text",
                                "text": "es lo más inteligente. Cuando empezamos ? "
                            },
                            {
                                "type": "emoji",
                                "name": "slightly_smiling_face"
                            }
                        ]
                    }
                ]
            }
        ]
    },
    {
        "client_msg_id": "f1eb7d69-2484-4d31-9d8f-e8e5120133b0",
        "type": "message",
        "text": "para mí, cuando quieras :sweat_smile:",
        "user": "U015CUP1T5Z",
        "ts": "1596455590.016200",
        "team": "TJH5YU202",
        "user_team": "TJH5YU202",
        "source_team": "TJH5YU202",
        "user_profile": {
            "avatar_hash": "2d5981129913",
            "image_72": "https:\/\/avatars.slack-edge.com\/2020-06-14\/1183376598323_2d5981129913ee85447d_72.jpg",
            "first_name": "ricardo",
            "real_name": "ricardo arraes",
            "display_name": "ricardo arraes",
            "team": "TJH5YU202",
            "name": "ricardo",
            "is_restricted": false,
            "is_ultra_restricted": false
        },
        "blocks": [
            {
                "type": "rich_text",
                "block_id": "z4n=\/",
                "elements": [
                    {
                        "type": "rich_text_section",
                        "elements": [
                            {
                                "type": "text",
                                "text": "para mí, cuando quieras "
                            },
                            {
                                "type": "emoji",
                                "name": "sweat_smile"
                            }
                        ]
                    }
                ]
            }
        ]
    },
    {
        "client_msg_id": "5a1f9ed9-0c74-47da-a2b0-994dd058cddd",
        "type": "message",
        "text": "El group está creado desde el 2019",
        "user": "UJUJLTWMT",
        "ts": "1596456458.016500",
        "team": "TJH5YU202",
        "user_team": "TJH5YU202",
        "source_team": "TJH5YU202",
        "user_profile": {
            "avatar_hash": "a60e3b1ef2d2",
            "image_72": "https:\/\/avatars.slack-edge.com\/2019-08-20\/726246109489_a60e3b1ef2d2c141969d_72.jpg",
            "first_name": "",
            "real_name": "Cristobal",
            "display_name": "Cristobal",
            "team": "TJH5YU202",
            "name": "navarro.cristobal",
            "is_restricted": false,
            "is_ultra_restricted": false
        },
        "blocks": [
            {
                "type": "rich_text",
                "block_id": "zYLon",
                "elements": [
                    {
                        "type": "rich_text_section",
                        "elements": [
                            {
                                "type": "text",
                                "text": "El group está creado desde el 2019"
                            }
                        ]
                    }
                ]
            }
        ]
    },
    {
        "client_msg_id": "ee561c52-99df-4479-9fc4-8f260393a53b",
        "type": "message",
        "text": "Cuando queráis ahí está",
        "user": "UJUJLTWMT",
        "ts": "1596456467.016800",
        "team": "TJH5YU202",
        "user_team": "TJH5YU202",
        "source_team": "TJH5YU202",
        "user_profile": {
            "avatar_hash": "a60e3b1ef2d2",
            "image_72": "https:\/\/avatars.slack-edge.com\/2019-08-20\/726246109489_a60e3b1ef2d2c141969d_72.jpg",
            "first_name": "",
            "real_name": "Cristobal",
            "display_name": "Cristobal",
            "team": "TJH5YU202",
            "name": "navarro.cristobal",
            "is_restricted": false,
            "is_ultra_restricted": false
        },
        "blocks": [
            {
                "type": "rich_text",
                "block_id": "wqvDF",
                "elements": [
                    {
                        "type": "rich_text_section",
                        "elements": [
                            {
                                "type": "text",
                                "text": "Cuando queráis ahí está"
                            }
                        ]
                    }
                ]
            }
        ]
    },
    {
        "client_msg_id": "a39f03f3-0e5b-40bb-86da-9030199797ef",
        "type": "message",
        "text": "Creo que ya estoy allí, pero como la holgura fue más activa, terminé no accediendo al otro. alguien puede enviarme el link de acceso nuevamente, por favor?",
        "user": "U015CUP1T5Z",
        "ts": "1596456558.017000",
        "team": "TJH5YU202",
        "user_team": "TJH5YU202",
        "source_team": "TJH5YU202",
        "user_profile": {
            "avatar_hash": "2d5981129913",
            "image_72": "https:\/\/avatars.slack-edge.com\/2020-06-14\/1183376598323_2d5981129913ee85447d_72.jpg",
            "first_name": "ricardo",
            "real_name": "ricardo arraes",
            "display_name": "ricardo arraes",
            "team": "TJH5YU202",
            "name": "ricardo",
            "is_restricted": false,
            "is_ultra_restricted": false
        },
        "blocks": [
            {
                "type": "rich_text",
                "block_id": "Xtr",
                "elements": [
                    {
                        "type": "rich_text_section",
                        "elements": [
                            {
                                "type": "text",
                                "text": "Creo que ya estoy allí, pero como la holgura fue más activa, terminé no accediendo al otro. alguien puede enviarme el link de acceso nuevamente, por favor?"
                            }
                        ]
                    }
                ]
            }
        ]
    },
    {
        "client_msg_id": "e810a51f-0cb0-4719-a2a5-ce19211745c6",
        "type": "message",
        "text": "<https:\/\/groups.google.com\/forum\/#!forum\/modharbour>",
        "user": "UJUJLTWMT",
        "ts": "1596457727.017200",
        "team": "TJH5YU202",
        "user_team": "TJH5YU202",
        "source_team": "TJH5YU202",
        "user_profile": {
            "avatar_hash": "a60e3b1ef2d2",
            "image_72": "https:\/\/avatars.slack-edge.com\/2019-08-20\/726246109489_a60e3b1ef2d2c141969d_72.jpg",
            "first_name": "",
            "real_name": "Cristobal",
            "display_name": "Cristobal",
            "team": "TJH5YU202",
            "name": "navarro.cristobal",
            "is_restricted": false,
            "is_ultra_restricted": false
        },
        "blocks": [
            {
                "type": "rich_text",
                "block_id": "msSG4",
                "elements": [
                    {
                        "type": "rich_text_section",
                        "elements": [
                            {
                                "type": "link",
                                "url": "https:\/\/groups.google.com\/forum\/#!forum\/modharbour"
                            }
                        ]
                    }
                ]
            }
        ]
    },
    {
        "client_msg_id": "7e72fb80-b2a1-4760-90c2-0dbda190444a",
        "type": "message",
        "text": "Buen día :sunny:",
        "user": "UK28N3CER",
        "ts": "1596458632.017700",
        "team": "TJH5YU202",
        "user_team": "TJH5YU202",
        "source_team": "TJH5YU202",
        "user_profile": {
            "avatar_hash": "0eafa7153ff3",
            "image_72": "https:\/\/avatars.slack-edge.com\/2020-05-18\/1155120542496_0eafa7153ff35206c804_72.jpg",
            "first_name": "Cesar",
            "real_name": "Cesar SysCtrl Software",
            "display_name": "Cesar SysCtrl Software",
            "team": "TJH5YU202",
            "name": "sysctrlsoftware",
            "is_restricted": false,
            "is_ultra_restricted": false
        },
        "blocks": [
            {
                "type": "rich_text",
                "block_id": "7Ny",
                "elements": [
                    {
                        "type": "rich_text_section",
                        "elements": [
                            {
                                "type": "text",
                                "text": "Buen día "
                            },
                            {
                                "type": "emoji",
                                "name": "sunny"
                            }
                        ]
                    }
                ]
            }
        ]
    },
    {
        "client_msg_id": "A76F47DD-3124-4FA1-BEF9-EF2418157F2F",
        "type": "message",
        "text": "Sabéis si existe App para los grupos de Google?",
        "user": "UJH8DPY58",
        "ts": "1596458777.018600",
        "team": "TJH5YU202",
        "user_team": "TJH5YU202",
        "source_team": "TJH5YU202",
        "user_profile": {
            "avatar_hash": "g1cac88c496c",
            "image_72": "https:\/\/secure.gravatar.com\/avatar\/451cac88c496c2cec0b934a281b6eb94.jpg?s=72&d=https%3A%2F%2Fa.slack-edge.com%2Fdf10d%2Fimg%2Favatars%2Fava_0020-72.png",
            "first_name": "",
            "real_name": "Juan Pastor",
            "display_name": "",
            "team": "TJH5YU202",
            "name": "jpastor68",
            "is_restricted": false,
            "is_ultra_restricted": false
        },
        "blocks": [
            {
                "type": "rich_text",
                "block_id": "+9AX",
                "elements": [
                    {
                        "type": "rich_text_section",
                        "elements": [
                            {
                                "type": "text",
                                "text": "Sabéis si existe App para los grupos de Google?"
                            }
                        ]
                    }
                ]
            }
        ]
    },
    {
        "client_msg_id": "da887985-1a88-43c8-b557-f76a690803ff",
        "type": "message",
        "text": "<@UJH8DPY58>, <https:\/\/googleknowledge.wordpress.com\/2014\/04\/24\/google-groups-desde-tu-dispositivo-movil\/>",
        "user": "UJUJLTWMT",
        "ts": "1596469912.018900",
        "team": "TJH5YU202",
        "user_team": "TJH5YU202",
        "source_team": "TJH5YU202",
        "user_profile": {
            "avatar_hash": "a60e3b1ef2d2",
            "image_72": "https:\/\/avatars.slack-edge.com\/2019-08-20\/726246109489_a60e3b1ef2d2c141969d_72.jpg",
            "first_name": "",
            "real_name": "Cristobal",
            "display_name": "Cristobal",
            "team": "TJH5YU202",
            "name": "navarro.cristobal",
            "is_restricted": false,
            "is_ultra_restricted": false
        },
        "attachments": [
            {
                "service_name": "Google Knowledge",
                "service_url": "http:\/\/googleknowledge.wordpress.com",
                "title": "Google Groups desde tu dispositivo móvil",
                "title_link": "https:\/\/googleknowledge.wordpress.com\/2014\/04\/24\/google-groups-desde-tu-dispositivo-movil\/",
                "author_name": "inesotiz50",
                "author_link": "https:\/\/googleknowledge.wordpress.com\/author\/deustokrew-2\/",
                "thumb_url": "http:\/\/googleknowledge.files.wordpress.com\/2014\/04\/paso-15.png?fit=200%2C150",
                "text": "Acceder a Google Groups desde tu dispositivo Android o iPhone\nIntroducci&oacute;n\nDebido al desarrollo de las nuevas tecnolog&iacute;as y al avance de las prestaciones de los dispositivos m&oacute;viles, cada vez m&aacute;s usuarios acceden a las aplicaciones a trav&eacute;s de sus dispositivos. Google nos ofrece la posibilidad de acceder a Google Groups a trav&eacute;s de los dispositivos m&oacute;viles y en este tutorial vamos a explicar c&oacute;mo se puede acceder a los foros de debate de Google Groups desde cualquier dispositivo Android o iPhone.\nPasos\nPaso 1:\nLo primero que debemos hacer es entrar en la aplicaci&oacute;n de Google Grupos. En la parte posterior de la pantalla, nos aparecer&aacute; un recuadro en el que pondr&aacute; &ldquo;Accede a los foros de debate desde cualquier lugar&rdquo;. Esta aplicaci&oacute;n como se nos muestra en ese cuadro nos permite dos manera de acceder a ella desde nuestro terminal. La primera de ellas es copiando la direcci&oacute;n que se nos especifica en el navegador de nuestro dispositivo. Otra manera m&aacute;s sencilla de acceder, es escaneando el c&oacute;digo QR que se nos indica. Para escanear este c&oacute;digo, debemos de tener en nuestro dispositivo con un lector de este tipo de c&oacute;digo (Lector QR).\n\nPaso 2:\nPara leer el c&oacute;digo con nuestro dispositivo debemos hacer clic en &ldquo;este c&oacute;digo QR&rdquo; y se nos mostrar&aacute; el c&oacute;digo que deberemos de leer con nuestro dispositivo, como podemos observar en la siguiente imagen.\n\nPaso 3:\nUna vez realizado el paso anterior y le&iacute;do el c&oacute;digo, nuestro dispositivo acceder&aacute; directamente a Google Groups.\n\nPaso 4:\nEn caso de no tener la sesi&oacute;n iniciada previamente&nbsp;en nuestro dispositivo, deberemos iniciar sesi&oacute;n con la cuenta con la que queremos acceder a Google Groups.\n\nPaso 5:\nUna vez iniciada la sesi&oacute;n el navegador nos mostrar&aacute; la p&aacute;gina principal de Google Groups, en la que nos aparecer&aacute; un listado de &ldquo;Mis grupos&rdquo;, &ldquo;Temas destacados&rdquo;, &ldquo;Vistos recientemente&rdquo;&hellip;\n\nFinalmente, si hacemos clic en alguno de los listado que podemos observar en la imagen anterior, accederemos al grupo que queramos y ya podremos trabajar como si estuvieran en nuestro PC.\n\nConclusi&oacute;n\nLas im&aacute;genes de este tutorial pertenecen a un dispositivo Apple iOS, pero los pasos a seguir para Android ser&iacute;an exactamente los mismos.",
                "fallback": "Google Knowledge Link: Google Groups desde tu dispositivo&nbsp;móvil",
                "from_url": "https:\/\/googleknowledge.wordpress.com\/2014\/04\/24\/google-groups-desde-tu-dispositivo-movil\/",
                "thumb_width": 200,
                "thumb_height": 83,
                "service_icon": "https:\/\/s2.wp.com\/i\/webclip.png",
                "id": 1,
                "original_url": "https:\/\/googleknowledge.wordpress.com\/2014\/04\/24\/google-groups-desde-tu-dispositivo-movil\/"
            }
        ],
        "blocks": [
            {
                "type": "rich_text",
                "block_id": "W5fvv",
                "elements": [
                    {
                        "type": "rich_text_section",
                        "elements": [
                            {
                                "type": "user",
                                "user_id": "UJH8DPY58"
                            },
                            {
                                "type": "text",
                                "text": ", "
                            },
                            {
                                "type": "link",
                                "url": "https:\/\/googleknowledge.wordpress.com\/2014\/04\/24\/google-groups-desde-tu-dispositivo-movil\/"
                            }
                        ]
                    }
                ]
            }
        ]
    },
    {
        "client_msg_id": "98d75792-22f4-42be-bd3e-d165b27effff",
        "type": "message",
        "text": "Ya hay 18 miembros en el group, espero que dentro de poco seamos muchos más",
        "user": "UJUJLTWMT",
        "ts": "1596471299.019600",
        "team": "TJH5YU202",
        "user_team": "TJH5YU202",
        "source_team": "TJH5YU202",
        "user_profile": {
            "avatar_hash": "a60e3b1ef2d2",
            "image_72": "https:\/\/avatars.slack-edge.com\/2019-08-20\/726246109489_a60e3b1ef2d2c141969d_72.jpg",
            "first_name": "",
            "real_name": "Cristobal",
            "display_name": "Cristobal",
            "team": "TJH5YU202",
            "name": "navarro.cristobal",
            "is_restricted": false,
            "is_ultra_restricted": false
        },
        "blocks": [
            {
                "type": "rich_text",
                "block_id": "9vu9",
                "elements": [
                    {
                        "type": "rich_text_section",
                        "elements": [
                            {
                                "type": "text",
                                "text": "Ya hay 18 miembros en el group, espero que dentro de poco seamos muchos más"
                            }
                        ]
                    }
                ]
            }
        ]
    },
    {
        "client_msg_id": "f28170cf-d6dc-42d7-b9e4-a739aa6aac6f",
        "type": "message",
        "text": "como se llama el grupo?",
        "user": "UK28N3CER",
        "ts": "1596471926.020000",
        "team": "TJH5YU202",
        "user_team": "TJH5YU202",
        "source_team": "TJH5YU202",
        "user_profile": {
            "avatar_hash": "0eafa7153ff3",
            "image_72": "https:\/\/avatars.slack-edge.com\/2020-05-18\/1155120542496_0eafa7153ff35206c804_72.jpg",
            "first_name": "Cesar",
            "real_name": "Cesar SysCtrl Software",
            "display_name": "Cesar SysCtrl Software",
            "team": "TJH5YU202",
            "name": "sysctrlsoftware",
            "is_restricted": false,
            "is_ultra_restricted": false
        },
        "blocks": [
            {
                "type": "rich_text",
                "block_id": "GzDI6",
                "elements": [
                    {
                        "type": "rich_text_section",
                        "elements": [
                            {
                                "type": "text",
                                "text": "como se llama el grupo?"
                            }
                        ]
                    }
                ]
            }
        ]
    },
    {
        "client_msg_id": "2359bef9-4923-4681-89d2-e5d89a467ea2",
        "type": "message",
        "text": "<https:\/\/groups.google.com\/forum\/#!forum\/modharbour>",
        "user": "UJUJLTWMT",
        "ts": "1596480487.020200",
        "team": "TJH5YU202",
        "user_team": "TJH5YU202",
        "source_team": "TJH5YU202",
        "user_profile": {
            "avatar_hash": "a60e3b1ef2d2",
            "image_72": "https:\/\/avatars.slack-edge.com\/2019-08-20\/726246109489_a60e3b1ef2d2c141969d_72.jpg",
            "first_name": "",
            "real_name": "Cristobal",
            "display_name": "Cristobal",
            "team": "TJH5YU202",
            "name": "navarro.cristobal",
            "is_restricted": false,
            "is_ultra_restricted": false
        },
        "blocks": [
            {
                "type": "rich_text",
                "block_id": "KUM",
                "elements": [
                    {
                        "type": "rich_text_section",
                        "elements": [
                            {
                                "type": "link",
                                "url": "https:\/\/groups.google.com\/forum\/#!forum\/modharbour"
                            }
                        ]
                    }
                ]
            }
        ]
    },
    {
        "client_msg_id": "41138251-2f6d-4173-bd13-e40a09989b82",
        "type": "message",
        "text": "creo que para que se adopte ese grupo, habría que clarificar que no es solo sobre mod_harbour en sí mismo, sino también sobre ayudar a la gente de xbase a aprender la plataforma web",
        "user": "UNAHBRTFA",
        "ts": "1596480657.021500",
        "team": "TJH5YU202",
        "user_team": "TJH5YU202",
        "source_team": "TJH5YU202",
        "user_profile": {
            "avatar_hash": "g3d2a3f4c28c",
            "image_72": "https:\/\/secure.gravatar.com\/avatar\/23d2a3f4c28cebb4cf07e48d02620517.jpg?s=72&d=https%3A%2F%2Fa.slack-edge.com%2Fdf10d%2Fimg%2Favatars%2Fava_0020-72.png",
            "first_name": "Andreu",
            "real_name": "Andreu Botella",
            "display_name": "Andreu Botella",
            "team": "TJH5YU202",
            "name": "andreu.132",
            "is_restricted": false,
            "is_ultra_restricted": false
        },
        "blocks": [
            {
                "type": "rich_text",
                "block_id": "D4rQ2",
                "elements": [
                    {
                        "type": "rich_text_section",
                        "elements": [
                            {
                                "type": "text",
                                "text": "creo que para que se adopte ese grupo, habría que clarificar que no es solo sobre mod_harbour en sí mismo, sino también sobre ayudar a la gente de xbase a aprender la plataforma web"
                            }
                        ]
                    }
                ]
            }
        ],
        "reactions": [
            {
                "name": "+1",
                "users": [
                    "UJUJLTWMT",
                    "UJUSD6VB2",
                    "UMZ3LNV5Z",
                    "UJULAGJG5"
                ],
                "count": 4
            }
        ]
    },
    {
        "client_msg_id": "127a4de8-7ec1-41bb-bceb-15e391e0cc19",
        "type": "message",
        "text": "para hacer una transición efectiva del slack al grupo",
        "user": "UNAHBRTFA",
        "ts": "1596480689.022200",
        "team": "TJH5YU202",
        "user_team": "TJH5YU202",
        "source_team": "TJH5YU202",
        "user_profile": {
            "avatar_hash": "g3d2a3f4c28c",
            "image_72": "https:\/\/secure.gravatar.com\/avatar\/23d2a3f4c28cebb4cf07e48d02620517.jpg?s=72&d=https%3A%2F%2Fa.slack-edge.com%2Fdf10d%2Fimg%2Favatars%2Fava_0020-72.png",
            "first_name": "Andreu",
            "real_name": "Andreu Botella",
            "display_name": "Andreu Botella",
            "team": "TJH5YU202",
            "name": "andreu.132",
            "is_restricted": false,
            "is_ultra_restricted": false
        },
        "blocks": [
            {
                "type": "rich_text",
                "block_id": "4RN",
                "elements": [
                    {
                        "type": "rich_text_section",
                        "elements": [
                            {
                                "type": "text",
                                "text": "para hacer una transición efectiva del slack al grupo"
                            }
                        ]
                    }
                ]
            }
        ]
    },
    {
        "client_msg_id": "5890FEFF-2844-4677-ADFA-3FEF9300852B",
        "type": "message",
        "text": "Gracias Cristobal ",
        "user": "UJH8DPY58",
        "ts": "1596482497.023200",
        "team": "TJH5YU202",
        "user_team": "TJH5YU202",
        "source_team": "TJH5YU202",
        "user_profile": {
            "avatar_hash": "g1cac88c496c",
            "image_72": "https:\/\/secure.gravatar.com\/avatar\/451cac88c496c2cec0b934a281b6eb94.jpg?s=72&d=https%3A%2F%2Fa.slack-edge.com%2Fdf10d%2Fimg%2Favatars%2Fava_0020-72.png",
            "first_name": "",
            "real_name": "Juan Pastor",
            "display_name": "",
            "team": "TJH5YU202",
            "name": "jpastor68",
            "is_restricted": false,
            "is_ultra_restricted": false
        },
        "blocks": [
            {
                "type": "rich_text",
                "block_id": "QpY13",
                "elements": [
                    {
                        "type": "rich_text_section",
                        "elements": [
                            {
                                "type": "text",
                                "text": "Gracias Cristobal "
                            }
                        ]
                    }
                ]
            }
        ]
    }
]