[
    {
        "client_msg_id": "67f1d63a-1600-4d76-b77d-12ed792039d5",
        "type": "message",
        "text": "Un grupo o foro jamás podrá sustituir la dinámica de un Chat. También es cierto que necesitábamos un foro mejor que el de phpbb que recibe toneladas de spam a diario.",
        "user": "UM81W8B0Q",
        "ts": "1596798913.036100",
        "team": "TJH5YU202",
        "user_team": "TJH5YU202",
        "source_team": "TJH5YU202",
        "user_profile": {
            "avatar_hash": "gab9279ee8c0",
            "image_72": "https:\/\/secure.gravatar.com\/avatar\/73ab9279ee8c00f66ce4904d30146c8f.jpg?s=72&d=https%3A%2F%2Fa.slack-edge.com%2Fdf10d%2Fimg%2Favatars%2Fava_0010-72.png",
            "first_name": "",
            "real_name": "Angel Pais",
            "display_name": "Angel Pais",
            "team": "TJH5YU202",
            "name": "amigosam",
            "is_restricted": false,
            "is_ultra_restricted": false
        },
        "blocks": [
            {
                "type": "rich_text",
                "block_id": "28jw",
                "elements": [
                    {
                        "type": "rich_text_section",
                        "elements": [
                            {
                                "type": "text",
                                "text": "Un grupo o foro jamás podrá sustituir la dinámica de un Chat. También es cierto que necesitábamos un foro mejor que el de phpbb que recibe toneladas de spam a diario."
                            }
                        ]
                    }
                ]
            }
        ],
        "thread_ts": "1596726047.033000",
        "parent_user_id": "U015CUP1T5Z"
    },
    {
        "client_msg_id": "fcbccd09-b463-44cc-bda5-d78049c9f36c",
        "type": "message",
        "text": "nooooo :disappointed:   lo que hay que hacer es separar el chit-chat  del contenido , pero para comentar cosas off topic o simplemente para decir buenos días, no funciona un foro",
        "user": "UMZ3LNV5Z",
        "ts": "1596810145.036300",
        "team": "TJH5YU202",
        "user_team": "TJH5YU202",
        "source_team": "TJH5YU202",
        "user_profile": {
            "avatar_hash": "0705cbdb2dc9",
            "image_72": "https:\/\/avatars.slack-edge.com\/2020-02-24\/967980533062_0705cbdb2dc9cb3644bb_72.jpg",
            "first_name": "Pablo",
            "real_name": "Pablo Botella",
            "display_name": "Pablo Botella",
            "team": "TJH5YU202",
            "name": "pb",
            "is_restricted": false,
            "is_ultra_restricted": false
        },
        "blocks": [
            {
                "type": "rich_text",
                "block_id": "wc3",
                "elements": [
                    {
                        "type": "rich_text_section",
                        "elements": [
                            {
                                "type": "text",
                                "text": "nooooo "
                            },
                            {
                                "type": "emoji",
                                "name": "disappointed"
                            },
                            {
                                "type": "text",
                                "text": "   lo que hay que hacer es separar el chit-chat  del contenido , pero para comentar cosas off topic o simplemente para decir buenos días, no funciona un foro"
                            }
                        ]
                    }
                ]
            }
        ],
        "thread_ts": "1596726820.033800",
        "parent_user_id": "UJUJLTWMT"
    },
    {
        "type": "message",
        "subtype": "thread_broadcast",
        "text": "Las comunidades se forman no solo a base de contenido serio. A veces el virtual beer  es lo que mantiene la comunidad. Eso si coincido que para material y preguntas es mejor el foro",
        "user": "UMZ3LNV5Z",
        "ts": "1596810248.036500",
        "thread_ts": "1596726820.033800",
        "root": {
            "client_msg_id": "b9c3cb6c-ab20-41a0-925c-07a38a289731",
            "type": "message",
            "text": "De momento, si, evidentemente, pero mi intención es cerrarlo en un futuro no muy lejano",
            "user": "UJUJLTWMT",
            "ts": "1596726820.033800",
            "team": "TJH5YU202",
            "blocks": [
                {
                    "type": "rich_text",
                    "block_id": "E6yb",
                    "elements": [
                        {
                            "type": "rich_text_section",
                            "elements": [
                                {
                                    "type": "text",
                                    "text": "De momento, si, evidentemente, pero mi intención es cerrarlo en un futuro no muy lejano"
                                }
                            ]
                        }
                    ]
                }
            ],
            "thread_ts": "1596726820.033800",
            "reply_count": 2,
            "reply_users_count": 1,
            "latest_reply": "1596810248.036500",
            "reply_users": [
                "UMZ3LNV5Z"
            ],
            "subscribed": false
        },
        "blocks": [
            {
                "type": "rich_text",
                "block_id": "UpATs",
                "elements": [
                    {
                        "type": "rich_text_section",
                        "elements": [
                            {
                                "type": "text",
                                "text": "Las comunidades se forman no solo a base de contenido serio. A veces el virtual beer  es lo que mantiene la comunidad. Eso si coincido que para material y preguntas es mejor el foro"
                            }
                        ]
                    }
                ]
            }
        ],
        "client_msg_id": "e0778c90-a8c3-4e5e-840c-60c7b90752c9",
        "reactions": [
            {
                "name": "+1",
                "users": [
                    "URQ8AJCQZ"
                ],
                "count": 1
            }
        ]
    },
    {
        "client_msg_id": "d60de41c-e091-42b0-8c8a-058d1580fe21",
        "type": "message",
        "text": ":beer::beer::beer:",
        "user": "UM81W8B0Q",
        "ts": "1596810693.037000",
        "team": "TJH5YU202",
        "user_team": "TJH5YU202",
        "source_team": "TJH5YU202",
        "user_profile": {
            "avatar_hash": "gab9279ee8c0",
            "image_72": "https:\/\/secure.gravatar.com\/avatar\/73ab9279ee8c00f66ce4904d30146c8f.jpg?s=72&d=https%3A%2F%2Fa.slack-edge.com%2Fdf10d%2Fimg%2Favatars%2Fava_0010-72.png",
            "first_name": "",
            "real_name": "Angel Pais",
            "display_name": "Angel Pais",
            "team": "TJH5YU202",
            "name": "amigosam",
            "is_restricted": false,
            "is_ultra_restricted": false
        },
        "blocks": [
            {
                "type": "rich_text",
                "block_id": "069M6",
                "elements": [
                    {
                        "type": "rich_text_section",
                        "elements": [
                            {
                                "type": "emoji",
                                "name": "beer"
                            },
                            {
                                "type": "emoji",
                                "name": "beer"
                            },
                            {
                                "type": "emoji",
                                "name": "beer"
                            }
                        ]
                    }
                ]
            }
        ],
        "reactions": [
            {
                "name": "sunglasses",
                "users": [
                    "UJUSD6VB2"
                ],
                "count": 1
            }
        ]
    },
    {
        "client_msg_id": "9d7059fb-f203-4a79-964d-bc67578e5954",
        "type": "message",
        "text": "diganme que 2 cosas interesantes notan en este test:",
        "user": "UM81W8B0Q",
        "ts": "1596846066.038000",
        "team": "TJH5YU202",
        "user_team": "TJH5YU202",
        "source_team": "TJH5YU202",
        "user_profile": {
            "avatar_hash": "gab9279ee8c0",
            "image_72": "https:\/\/secure.gravatar.com\/avatar\/73ab9279ee8c00f66ce4904d30146c8f.jpg?s=72&d=https%3A%2F%2Fa.slack-edge.com%2Fdf10d%2Fimg%2Favatars%2Fava_0010-72.png",
            "first_name": "",
            "real_name": "Angel Pais",
            "display_name": "Angel Pais",
            "team": "TJH5YU202",
            "name": "amigosam",
            "is_restricted": false,
            "is_ultra_restricted": false
        },
        "blocks": [
            {
                "type": "rich_text",
                "block_id": "hNmV0",
                "elements": [
                    {
                        "type": "rich_text_section",
                        "elements": [
                            {
                                "type": "text",
                                "text": "diganme que 2 cosas interesantes notan en este test:"
                            }
                        ]
                    }
                ]
            }
        ]
    },
    {
        "client_msg_id": "7dde6ec2-bcfe-4a47-a6ee-9d70e22484f1",
        "type": "message",
        "text": "```C:\\xampp\\apache\\bin&gt;ab -n 100 -c 50 \"<http:\/\/127.0.0.1\/info.prg>\"\nThis is ApacheBench, Version 2.3 &lt;$Revision: 1843412 $&gt;\nCopyright 1996 Adam Twiss, Zeus Technology Ltd, <http:\/\/www.zeustech.net\/>\nLicensed to The Apache Software Foundation, <http:\/\/www.apache.org\/>\n\nBenchmarking 127.0.0.1 (be patient).....done\n\nServer Software:        nginx\/1.18.0\nServer Hostname:        127.0.0.1\nServer Port:            80\n\nDocument Path:          \/info.prg\nDocument Length:        3056 bytes\n\nConcurrency Level:      50\nTime taken for tests:   0.258 seconds\nComplete requests:      100\nFailed requests:        0\nTotal transferred:      317800 bytes\nHTML transferred:       305600 bytes\nRequests per second:    386.95 [#\/sec] (mean)\nTime per request:       129.216 [ms] (mean)\nTime per request:       2.584 [ms] (mean, across all concurrent requests)\nTransfer rate:          1200.90 [Kbytes\/sec] received\n\nConnection Times (ms)\n              min  mean[+\/-sd] median   max\nConnect:        0    0   0.5      0       2\nProcessing:    25   92  31.4    106     126\nWaiting:       12   92  32.0    106     126\nTotal:         25   92  31.4    106     127\n\nPercentage of the requests served within a certain time (ms)\n  50%    106\n  66%    112\n  75%    117\n  80%    119\n  90%    124\n  95%    125\n  98%    126\n  99%    127\n 100%    127 (longest request)```\n",
        "user": "UM81W8B0Q",
        "ts": "1596846141.038300",
        "team": "TJH5YU202",
        "user_team": "TJH5YU202",
        "source_team": "TJH5YU202",
        "user_profile": {
            "avatar_hash": "gab9279ee8c0",
            "image_72": "https:\/\/secure.gravatar.com\/avatar\/73ab9279ee8c00f66ce4904d30146c8f.jpg?s=72&d=https%3A%2F%2Fa.slack-edge.com%2Fdf10d%2Fimg%2Favatars%2Fava_0010-72.png",
            "first_name": "",
            "real_name": "Angel Pais",
            "display_name": "Angel Pais",
            "team": "TJH5YU202",
            "name": "amigosam",
            "is_restricted": false,
            "is_ultra_restricted": false
        },
        "blocks": [
            {
                "type": "rich_text",
                "block_id": "kEKr",
                "elements": [
                    {
                        "type": "rich_text_preformatted",
                        "elements": [
                            {
                                "type": "text",
                                "text": "C:\\xampp\\apache\\bin>ab -n 100 -c 50 \""
                            },
                            {
                                "type": "link",
                                "url": "http:\/\/127.0.0.1\/info.prg"
                            },
                            {
                                "type": "text",
                                "text": "\"\nThis is ApacheBench, Version 2.3 <$Revision: 1843412 $>\nCopyright 1996 Adam Twiss, Zeus Technology Ltd, "
                            },
                            {
                                "type": "link",
                                "url": "http:\/\/www.zeustech.net\/"
                            },
                            {
                                "type": "text",
                                "text": "\nLicensed to The Apache Software Foundation, "
                            },
                            {
                                "type": "link",
                                "url": "http:\/\/www.apache.org\/"
                            },
                            {
                                "type": "text",
                                "text": "\n\nBenchmarking 127.0.0.1 (be patient).....done\n\nServer Software:        nginx\/1.18.0\nServer Hostname:        127.0.0.1\nServer Port:            80\n\nDocument Path:          \/info.prg\nDocument Length:        3056 bytes\n\nConcurrency Level:      50\nTime taken for tests:   0.258 seconds\nComplete requests:      100\nFailed requests:        0\nTotal transferred:      317800 bytes\nHTML transferred:       305600 bytes\nRequests per second:    386.95 [#\/sec] (mean)\nTime per request:       129.216 [ms] (mean)\nTime per request:       2.584 [ms] (mean, across all concurrent requests)\nTransfer rate:          1200.90 [Kbytes\/sec] received\n\nConnection Times (ms)\n              min  mean[+\/-sd] median   max\nConnect:        0    0   0.5      0       2\nProcessing:    25   92  31.4    106     126\nWaiting:       12   92  32.0    106     126\nTotal:         25   92  31.4    106     127\n\nPercentage of the requests served within a certain time (ms)\n  50%    106\n  66%    112\n  75%    117\n  80%    119\n  90%    124\n  95%    125\n  98%    126\n  99%    127\n 100%    127 (longest request)"
                            }
                        ]
                    },
                    {
                        "type": "rich_text_section",
                        "elements": []
                    }
                ]
            }
        ]
    },
    {
        "client_msg_id": "5d1e463c-c4f8-4f20-9d4f-6016623eabcd",
        "type": "message",
        "text": "1. que el enlace a la web de apache es HTTP, no HTTPS",
        "user": "UNAHBRTFA",
        "ts": "1596846191.038800",
        "team": "TJH5YU202",
        "user_team": "TJH5YU202",
        "source_team": "TJH5YU202",
        "user_profile": {
            "avatar_hash": "g3d2a3f4c28c",
            "image_72": "https:\/\/secure.gravatar.com\/avatar\/23d2a3f4c28cebb4cf07e48d02620517.jpg?s=72&d=https%3A%2F%2Fa.slack-edge.com%2Fdf10d%2Fimg%2Favatars%2Fava_0020-72.png",
            "first_name": "Andreu",
            "real_name": "Andreu Botella",
            "display_name": "Andreu Botella",
            "team": "TJH5YU202",
            "name": "andreu.132",
            "is_restricted": false,
            "is_ultra_restricted": false
        },
        "blocks": [
            {
                "type": "rich_text",
                "block_id": "pG6hV",
                "elements": [
                    {
                        "type": "rich_text_list",
                        "elements": [
                            {
                                "type": "rich_text_section",
                                "elements": [
                                    {
                                        "type": "text",
                                        "text": "que el enlace a la web de apache es HTTP, no HTTPS"
                                    }
                                ]
                            }
                        ],
                        "style": "ordered",
                        "indent": 0
                    }
                ]
            }
        ]
    },
    {
        "client_msg_id": "4be7a777-4cae-458f-9dde-6a102fcf274a",
        "type": "message",
        "text": "que mas",
        "user": "UM81W8B0Q",
        "ts": "1596846201.039000",
        "team": "TJH5YU202",
        "user_team": "TJH5YU202",
        "source_team": "TJH5YU202",
        "user_profile": {
            "avatar_hash": "gab9279ee8c0",
            "image_72": "https:\/\/secure.gravatar.com\/avatar\/73ab9279ee8c00f66ce4904d30146c8f.jpg?s=72&d=https%3A%2F%2Fa.slack-edge.com%2Fdf10d%2Fimg%2Favatars%2Fava_0010-72.png",
            "first_name": "",
            "real_name": "Angel Pais",
            "display_name": "Angel Pais",
            "team": "TJH5YU202",
            "name": "amigosam",
            "is_restricted": false,
            "is_ultra_restricted": false
        },
        "blocks": [
            {
                "type": "rich_text",
                "block_id": "d\/VmM",
                "elements": [
                    {
                        "type": "rich_text_section",
                        "elements": [
                            {
                                "type": "text",
                                "text": "que mas"
                            }
                        ]
                    }
                ]
            }
        ]
    },
    {
        "client_msg_id": "81b61667-a96e-4b0b-a480-21a05a5cf3dd",
        "type": "message",
        "text": "nginx?",
        "user": "UNAHBRTFA",
        "ts": "1596846247.039400",
        "team": "TJH5YU202",
        "user_team": "TJH5YU202",
        "source_team": "TJH5YU202",
        "user_profile": {
            "avatar_hash": "g3d2a3f4c28c",
            "image_72": "https:\/\/secure.gravatar.com\/avatar\/23d2a3f4c28cebb4cf07e48d02620517.jpg?s=72&d=https%3A%2F%2Fa.slack-edge.com%2Fdf10d%2Fimg%2Favatars%2Fava_0020-72.png",
            "first_name": "Andreu",
            "real_name": "Andreu Botella",
            "display_name": "Andreu Botella",
            "team": "TJH5YU202",
            "name": "andreu.132",
            "is_restricted": false,
            "is_ultra_restricted": false
        },
        "blocks": [
            {
                "type": "rich_text",
                "block_id": "8OZ66",
                "elements": [
                    {
                        "type": "rich_text_section",
                        "elements": [
                            {
                                "type": "text",
                                "text": "nginx?"
                            }
                        ]
                    }
                ]
            }
        ]
    },
    {
        "client_msg_id": "771b468d-d46f-4a43-abe2-2c2c0349676a",
        "type": "message",
        "text": "aún siguen quedando 2 cosas por descubrir",
        "user": "UM81W8B0Q",
        "ts": "1596846249.039500",
        "team": "TJH5YU202",
        "user_team": "TJH5YU202",
        "source_team": "TJH5YU202",
        "user_profile": {
            "avatar_hash": "gab9279ee8c0",
            "image_72": "https:\/\/secure.gravatar.com\/avatar\/73ab9279ee8c00f66ce4904d30146c8f.jpg?s=72&d=https%3A%2F%2Fa.slack-edge.com%2Fdf10d%2Fimg%2Favatars%2Fava_0010-72.png",
            "first_name": "",
            "real_name": "Angel Pais",
            "display_name": "Angel Pais",
            "team": "TJH5YU202",
            "name": "amigosam",
            "is_restricted": false,
            "is_ultra_restricted": false
        },
        "blocks": [
            {
                "type": "rich_text",
                "block_id": "sW3kJ",
                "elements": [
                    {
                        "type": "rich_text_section",
                        "elements": [
                            {
                                "type": "text",
                                "text": "aún siguen quedando 2 cosas por descubrir"
                            }
                        ]
                    }
                ]
            }
        ]
    },
    {
        "client_msg_id": "5c0d9d09-a37e-490d-984d-3ef4546b8d14",
        "type": "message",
        "text": "siiiiiiiiiiiiiiiiiiiii esa es una",
        "user": "UM81W8B0Q",
        "ts": "1596846254.039700",
        "team": "TJH5YU202",
        "user_team": "TJH5YU202",
        "source_team": "TJH5YU202",
        "user_profile": {
            "avatar_hash": "gab9279ee8c0",
            "image_72": "https:\/\/secure.gravatar.com\/avatar\/73ab9279ee8c00f66ce4904d30146c8f.jpg?s=72&d=https%3A%2F%2Fa.slack-edge.com%2Fdf10d%2Fimg%2Favatars%2Fava_0010-72.png",
            "first_name": "",
            "real_name": "Angel Pais",
            "display_name": "Angel Pais",
            "team": "TJH5YU202",
            "name": "amigosam",
            "is_restricted": false,
            "is_ultra_restricted": false
        },
        "blocks": [
            {
                "type": "rich_text",
                "block_id": "KiIGv",
                "elements": [
                    {
                        "type": "rich_text_section",
                        "elements": [
                            {
                                "type": "text",
                                "text": "siiiiiiiiiiiiiiiiiiiii esa es una"
                            }
                        ]
                    }
                ]
            }
        ]
    },
    {
        "client_msg_id": "f109471d-6cf5-4c36-9451-95358a45a591",
        "type": "message",
        "text": "ahora la otra",
        "user": "UM81W8B0Q",
        "ts": "1596846262.040000",
        "team": "TJH5YU202",
        "user_team": "TJH5YU202",
        "source_team": "TJH5YU202",
        "user_profile": {
            "avatar_hash": "gab9279ee8c0",
            "image_72": "https:\/\/secure.gravatar.com\/avatar\/73ab9279ee8c00f66ce4904d30146c8f.jpg?s=72&d=https%3A%2F%2Fa.slack-edge.com%2Fdf10d%2Fimg%2Favatars%2Fava_0010-72.png",
            "first_name": "",
            "real_name": "Angel Pais",
            "display_name": "Angel Pais",
            "team": "TJH5YU202",
            "name": "amigosam",
            "is_restricted": false,
            "is_ultra_restricted": false
        },
        "blocks": [
            {
                "type": "rich_text",
                "block_id": "ynuyY",
                "elements": [
                    {
                        "type": "rich_text_section",
                        "elements": [
                            {
                                "type": "text",
                                "text": "ahora la otra"
                            }
                        ]
                    }
                ]
            }
        ]
    },
    {
        "client_msg_id": "4f98b81b-a880-491d-81ca-731fce6c86e3",
        "type": "message",
        "text": "confieso que es un poco mas insidiosa jejejejeje",
        "user": "UM81W8B0Q",
        "ts": "1596846305.040500",
        "team": "TJH5YU202",
        "user_team": "TJH5YU202",
        "source_team": "TJH5YU202",
        "user_profile": {
            "avatar_hash": "gab9279ee8c0",
            "image_72": "https:\/\/secure.gravatar.com\/avatar\/73ab9279ee8c00f66ce4904d30146c8f.jpg?s=72&d=https%3A%2F%2Fa.slack-edge.com%2Fdf10d%2Fimg%2Favatars%2Fava_0010-72.png",
            "first_name": "",
            "real_name": "Angel Pais",
            "display_name": "Angel Pais",
            "team": "TJH5YU202",
            "name": "amigosam",
            "is_restricted": false,
            "is_ultra_restricted": false
        },
        "blocks": [
            {
                "type": "rich_text",
                "block_id": "SfJ",
                "elements": [
                    {
                        "type": "rich_text_section",
                        "elements": [
                            {
                                "type": "text",
                                "text": "confieso que es un poco mas insidiosa jejejejeje"
                            }
                        ]
                    }
                ]
            }
        ]
    },
    {
        "client_msg_id": "3af64ea3-c03b-41bf-9b32-05d4f76951d6",
        "type": "message",
        "text": "no recuerdo cuáles eran las medidas con apache",
        "user": "UNAHBRTFA",
        "ts": "1596846307.040600",
        "team": "TJH5YU202",
        "user_team": "TJH5YU202",
        "source_team": "TJH5YU202",
        "user_profile": {
            "avatar_hash": "g3d2a3f4c28c",
            "image_72": "https:\/\/secure.gravatar.com\/avatar\/23d2a3f4c28cebb4cf07e48d02620517.jpg?s=72&d=https%3A%2F%2Fa.slack-edge.com%2Fdf10d%2Fimg%2Favatars%2Fava_0020-72.png",
            "first_name": "Andreu",
            "real_name": "Andreu Botella",
            "display_name": "Andreu Botella",
            "team": "TJH5YU202",
            "name": "andreu.132",
            "is_restricted": false,
            "is_ultra_restricted": false
        },
        "blocks": [
            {
                "type": "rich_text",
                "block_id": "xUo",
                "elements": [
                    {
                        "type": "rich_text_section",
                        "elements": [
                            {
                                "type": "text",
                                "text": "no recuerdo cuáles eran las medidas con apache"
                            }
                        ]
                    }
                ]
            }
        ]
    },
    {
        "client_msg_id": "a1b72cba-71c6-4c57-8c24-c8af06c1a486",
        "type": "message",
        "text": "bueno: aun con 50 de concurrencia en windows no se cae y asi sin optimizar es 5 veces mas rápido que el fastcgi !!!!!",
        "user": "UM81W8B0Q",
        "ts": "1596846374.041600",
        "team": "TJH5YU202",
        "user_team": "TJH5YU202",
        "source_team": "TJH5YU202",
        "user_profile": {
            "avatar_hash": "gab9279ee8c0",
            "image_72": "https:\/\/secure.gravatar.com\/avatar\/73ab9279ee8c00f66ce4904d30146c8f.jpg?s=72&d=https%3A%2F%2Fa.slack-edge.com%2Fdf10d%2Fimg%2Favatars%2Fava_0010-72.png",
            "first_name": "",
            "real_name": "Angel Pais",
            "display_name": "Angel Pais",
            "team": "TJH5YU202",
            "name": "amigosam",
            "is_restricted": false,
            "is_ultra_restricted": false
        },
        "edited": {
            "user": "UM81W8B0Q",
            "ts": "1596846500.000000"
        },
        "blocks": [
            {
                "type": "rich_text",
                "block_id": "62LD9",
                "elements": [
                    {
                        "type": "rich_text_section",
                        "elements": [
                            {
                                "type": "text",
                                "text": "bueno: aun con 50 de concurrencia en windows no se cae y asi sin optimizar es 5 veces mas rápido que el fastcgi !!!!!"
                            }
                        ]
                    }
                ]
            }
        ]
    },
    {
        "client_msg_id": "62e9062f-ca9e-4340-89cb-5563e0c54d6e",
        "type": "message",
        "text": "cuando le pongamos el turbo con intercooler llega facilmente a las 1000 en windows y el doble o mas en linux  ( I hope )",
        "user": "UM81W8B0Q",
        "ts": "1596846460.042700",
        "team": "TJH5YU202",
        "user_team": "TJH5YU202",
        "source_team": "TJH5YU202",
        "user_profile": {
            "avatar_hash": "gab9279ee8c0",
            "image_72": "https:\/\/secure.gravatar.com\/avatar\/73ab9279ee8c00f66ce4904d30146c8f.jpg?s=72&d=https%3A%2F%2Fa.slack-edge.com%2Fdf10d%2Fimg%2Favatars%2Fava_0010-72.png",
            "first_name": "",
            "real_name": "Angel Pais",
            "display_name": "Angel Pais",
            "team": "TJH5YU202",
            "name": "amigosam",
            "is_restricted": false,
            "is_ultra_restricted": false
        },
        "blocks": [
            {
                "type": "rich_text",
                "block_id": "Lbuum",
                "elements": [
                    {
                        "type": "rich_text_section",
                        "elements": [
                            {
                                "type": "text",
                                "text": "cuando le pongamos el turbo con intercooler llega facilmente a las 1000 en windows y el doble o mas en linux  ( I hope )"
                            }
                        ]
                    }
                ]
            }
        ]
    },
    {
        "client_msg_id": "716b54e2-f24c-498c-b652-2298a2cfe8a8",
        "type": "message",
        "text": ":muscle:",
        "user": "UM81W8B0Q",
        "ts": "1596846545.043100",
        "team": "TJH5YU202",
        "user_team": "TJH5YU202",
        "source_team": "TJH5YU202",
        "user_profile": {
            "avatar_hash": "gab9279ee8c0",
            "image_72": "https:\/\/secure.gravatar.com\/avatar\/73ab9279ee8c00f66ce4904d30146c8f.jpg?s=72&d=https%3A%2F%2Fa.slack-edge.com%2Fdf10d%2Fimg%2Favatars%2Fava_0010-72.png",
            "first_name": "",
            "real_name": "Angel Pais",
            "display_name": "Angel Pais",
            "team": "TJH5YU202",
            "name": "amigosam",
            "is_restricted": false,
            "is_ultra_restricted": false
        },
        "blocks": [
            {
                "type": "rich_text",
                "block_id": "kNLI",
                "elements": [
                    {
                        "type": "rich_text_section",
                        "elements": [
                            {
                                "type": "emoji",
                                "name": "muscle"
                            }
                        ]
                    }
                ]
            }
        ]
    },
    {
        "type": "message",
        "text": "",
        "files": [
            {
                "id": "F018H989W8J",
                "created": 1596848187,
                "timestamp": 1596848187,
                "name": "imagen.png",
                "title": "imagen.png",
                "mimetype": "image\/png",
                "filetype": "png",
                "pretty_type": "PNG",
                "user": "UM81W8B0Q",
                "editable": false,
                "size": 39045,
                "mode": "hosted",
                "is_external": false,
                "external_type": "",
                "is_public": true,
                "public_url_shared": false,
                "display_as_bot": false,
                "username": "",
                "url_private": "https:\/\/files.slack.com\/files-pri\/TJH5YU202-F018H989W8J\/imagen.png?t=xoxe-629202954002-1316365335585-1303739558562-bb0d767c5143c02b3f1039cae658c718",
                "url_private_download": "https:\/\/files.slack.com\/files-pri\/TJH5YU202-F018H989W8J\/download\/imagen.png?t=xoxe-629202954002-1316365335585-1303739558562-bb0d767c5143c02b3f1039cae658c718",
                "thumb_64": "https:\/\/files.slack.com\/files-tmb\/TJH5YU202-F018H989W8J-9a9717ea95\/imagen_64.png?t=xoxe-629202954002-1316365335585-1303739558562-bb0d767c5143c02b3f1039cae658c718",
                "thumb_80": "https:\/\/files.slack.com\/files-tmb\/TJH5YU202-F018H989W8J-9a9717ea95\/imagen_80.png?t=xoxe-629202954002-1316365335585-1303739558562-bb0d767c5143c02b3f1039cae658c718",
                "thumb_360": "https:\/\/files.slack.com\/files-tmb\/TJH5YU202-F018H989W8J-9a9717ea95\/imagen_360.png?t=xoxe-629202954002-1316365335585-1303739558562-bb0d767c5143c02b3f1039cae658c718",
                "thumb_360_w": 360,
                "thumb_360_h": 190,
                "thumb_480": "https:\/\/files.slack.com\/files-tmb\/TJH5YU202-F018H989W8J-9a9717ea95\/imagen_480.png?t=xoxe-629202954002-1316365335585-1303739558562-bb0d767c5143c02b3f1039cae658c718",
                "thumb_480_w": 480,
                "thumb_480_h": 254,
                "thumb_160": "https:\/\/files.slack.com\/files-tmb\/TJH5YU202-F018H989W8J-9a9717ea95\/imagen_160.png?t=xoxe-629202954002-1316365335585-1303739558562-bb0d767c5143c02b3f1039cae658c718",
                "thumb_720": "https:\/\/files.slack.com\/files-tmb\/TJH5YU202-F018H989W8J-9a9717ea95\/imagen_720.png?t=xoxe-629202954002-1316365335585-1303739558562-bb0d767c5143c02b3f1039cae658c718",
                "thumb_720_w": 720,
                "thumb_720_h": 381,
                "thumb_800": "https:\/\/files.slack.com\/files-tmb\/TJH5YU202-F018H989W8J-9a9717ea95\/imagen_800.png?t=xoxe-629202954002-1316365335585-1303739558562-bb0d767c5143c02b3f1039cae658c718",
                "thumb_800_w": 800,
                "thumb_800_h": 423,
                "thumb_960": "https:\/\/files.slack.com\/files-tmb\/TJH5YU202-F018H989W8J-9a9717ea95\/imagen_960.png?t=xoxe-629202954002-1316365335585-1303739558562-bb0d767c5143c02b3f1039cae658c718",
                "thumb_960_w": 960,
                "thumb_960_h": 507,
                "thumb_1024": "https:\/\/files.slack.com\/files-tmb\/TJH5YU202-F018H989W8J-9a9717ea95\/imagen_1024.png?t=xoxe-629202954002-1316365335585-1303739558562-bb0d767c5143c02b3f1039cae658c718",
                "thumb_1024_w": 1024,
                "thumb_1024_h": 541,
                "original_w": 1561,
                "original_h": 825,
                "thumb_tiny": "AwAZADDS\/E0dqXFAwelACfjS0UUAH40UUUAIM5ORx2ox7UtFACc0c+lLRQAmT6frRz6UtFAH\/9k=",
                "permalink": "https:\/\/harbourproject.slack.com\/files\/UM81W8B0Q\/F018H989W8J\/imagen.png",
                "permalink_public": "https:\/\/slack-files.com\/TJH5YU202-F018H989W8J-af3078628b",
                "is_starred": false,
                "has_rich_preview": false
            }
        ],
        "upload": false,
        "user": "UM81W8B0Q",
        "display_as_bot": false,
        "ts": "1596848206.043200"
    }
]