[
    {
        "client_msg_id": "bd2bfbfd-e2c8-464e-b351-ad7306fb3b28",
        "type": "message",
        "text": "el principio de incertidumbre de Heisemberg ?",
        "user": "UJXP7LS78",
        "ts": "1588976633.052500",
        "team": "TJH5YU202",
        "user_team": "TJH5YU202",
        "source_team": "TJH5YU202",
        "user_profile": {
            "avatar_hash": "gc4a0baebb72",
            "image_72": "https:\/\/secure.gravatar.com\/avatar\/a1c4a0baebb720b97e5a197259dbf409.jpg?s=72&d=https%3A%2F%2Fa.slack-edge.com%2Fdf10d%2Fimg%2Favatars%2Fava_0007-72.png",
            "first_name": "",
            "real_name": "wilson gamboa",
            "display_name": "wilson gamboa",
            "team": "TJH5YU202",
            "name": "wilson.josenet",
            "is_restricted": false,
            "is_ultra_restricted": false
        },
        "blocks": [
            {
                "type": "rich_text",
                "block_id": "zISF",
                "elements": [
                    {
                        "type": "rich_text_section",
                        "elements": [
                            {
                                "type": "text",
                                "text": "el principio de incertidumbre de Heisemberg ?"
                            }
                        ]
                    }
                ]
            }
        ]
    },
    {
        "client_msg_id": "49aeaf2f-4e3b-468c-9bad-e943851beca5",
        "type": "message",
        "text": "SI. No tenía certeza que fuera a conseguir clientes para la meta que fabricaba.",
        "user": "UM81W8B0Q",
        "ts": "1588980026.053100",
        "team": "TJH5YU202",
        "user_team": "TJH5YU202",
        "source_team": "TJH5YU202",
        "user_profile": {
            "avatar_hash": "gab9279ee8c0",
            "image_72": "https:\/\/secure.gravatar.com\/avatar\/73ab9279ee8c00f66ce4904d30146c8f.jpg?s=72&d=https%3A%2F%2Fa.slack-edge.com%2Fdf10d%2Fimg%2Favatars%2Fava_0010-72.png",
            "first_name": "",
            "real_name": "Angel Pais",
            "display_name": "Angel Pais",
            "team": "TJH5YU202",
            "name": "amigosam",
            "is_restricted": false,
            "is_ultra_restricted": false
        },
        "blocks": [
            {
                "type": "rich_text",
                "block_id": "LG2Pl",
                "elements": [
                    {
                        "type": "rich_text_section",
                        "elements": [
                            {
                                "type": "text",
                                "text": "SI. No tenía certeza que fuera a conseguir clientes para la meta que fabricaba."
                            }
                        ]
                    }
                ]
            }
        ]
    },
    {
        "client_msg_id": "5e26519e-f66d-4355-a074-428a30f0ce49",
        "type": "message",
        "text": "<@UJXP7LS78> Estaba describiendo el entrelazamiento en términos de bits cuánticos",
        "user": "UNAHBRTFA",
        "ts": "1588999275.053700",
        "team": "TJH5YU202",
        "user_team": "TJH5YU202",
        "source_team": "TJH5YU202",
        "user_profile": {
            "avatar_hash": "g3d2a3f4c28c",
            "image_72": "https:\/\/secure.gravatar.com\/avatar\/23d2a3f4c28cebb4cf07e48d02620517.jpg?s=72&d=https%3A%2F%2Fa.slack-edge.com%2Fdf10d%2Fimg%2Favatars%2Fava_0020-72.png",
            "first_name": "Andreu",
            "real_name": "Andreu Botella",
            "display_name": "Andreu Botella",
            "team": "TJH5YU202",
            "name": "andreu.132",
            "is_restricted": false,
            "is_ultra_restricted": false
        },
        "blocks": [
            {
                "type": "rich_text",
                "block_id": "=kRJ5",
                "elements": [
                    {
                        "type": "rich_text_section",
                        "elements": [
                            {
                                "type": "user",
                                "user_id": "UJXP7LS78"
                            },
                            {
                                "type": "text",
                                "text": " Estaba describiendo el entrelazamiento en términos de bits cuánticos"
                            }
                        ]
                    }
                ]
            }
        ]
    },
    {
        "client_msg_id": "0c0587f9-521a-4d45-812e-861bd7883fc5",
        "type": "message",
        "text": "Cuando representas las amplitudes de los estados, tienes que representar las de los estados de todos los qubits, porque cuando entrelazas algunos, sus estados no son representables como combinación de los estados individuales.",
        "user": "UNAHBRTFA",
        "ts": "1588999336.054800",
        "team": "TJH5YU202",
        "user_team": "TJH5YU202",
        "source_team": "TJH5YU202",
        "user_profile": {
            "avatar_hash": "g3d2a3f4c28c",
            "image_72": "https:\/\/secure.gravatar.com\/avatar\/23d2a3f4c28cebb4cf07e48d02620517.jpg?s=72&d=https%3A%2F%2Fa.slack-edge.com%2Fdf10d%2Fimg%2Favatars%2Fava_0020-72.png",
            "first_name": "Andreu",
            "real_name": "Andreu Botella",
            "display_name": "Andreu Botella",
            "team": "TJH5YU202",
            "name": "andreu.132",
            "is_restricted": false,
            "is_ultra_restricted": false
        },
        "blocks": [
            {
                "type": "rich_text",
                "block_id": "xqu",
                "elements": [
                    {
                        "type": "rich_text_section",
                        "elements": [
                            {
                                "type": "text",
                                "text": "Cuando representas las amplitudes de los estados, tienes que representar las de los estados de todos los qubits, porque cuando entrelazas algunos, sus estados no son representables como combinación de los estados individuales."
                            }
                        ]
                    }
                ]
            }
        ]
    }
]