[
    {
        "client_msg_id": "9683963e-b304-4837-8ee6-7fcfffa13a45",
        "type": "message",
        "text": "<https:\/\/mod-harbour.org> updated ! New links to binary mod-harbour modules and genesis demo\n\nforum is partialy broken due lack of sll certificate proper install\nit works only in http now\nwe're working on the issue",
        "user": "UM81W8B0Q",
        "ts": "1576833155.000200",
        "team": "TJH5YU202",
        "user_team": "TJH5YU202",
        "source_team": "TJH5YU202",
        "user_profile": {
            "avatar_hash": "gab9279ee8c0",
            "image_72": "https:\/\/secure.gravatar.com\/avatar\/73ab9279ee8c00f66ce4904d30146c8f.jpg?s=72&d=https%3A%2F%2Fa.slack-edge.com%2Fdf10d%2Fimg%2Favatars%2Fava_0010-72.png",
            "first_name": "",
            "real_name": "Angel Pais",
            "display_name": "Angel Pais",
            "team": "TJH5YU202",
            "name": "amigosam",
            "is_restricted": false,
            "is_ultra_restricted": false
        },
        "blocks": [
            {
                "type": "rich_text",
                "block_id": "uxy",
                "elements": [
                    {
                        "type": "rich_text_section",
                        "elements": [
                            {
                                "type": "link",
                                "url": "https:\/\/mod-harbour.org"
                            },
                            {
                                "type": "text",
                                "text": " updated ! New links to binary mod-harbour modules and genesis demo\n\nforum is partialy broken due lack of sll certificate proper install\nit works only in http now\nwe're working on the issue"
                            }
                        ]
                    }
                ]
            }
        ]
    }
]