[
    {
        "user": "UJU2ZLJBW",
        "type": "message",
        "subtype": "channel_join",
        "ts": "1558363758.000200",
        "text": "<@UJU2ZLJBW> se ha unido al canal"
    },
    {
        "user": "UJN8D8U3B",
        "type": "message",
        "subtype": "channel_join",
        "ts": "1558364039.000400",
        "text": "<@UJN8D8U3B> se ha unido al canal"
    },
    {
        "user": "UJU3NMK0U",
        "type": "message",
        "subtype": "channel_join",
        "ts": "1558364736.000600",
        "text": "<@UJU3NMK0U> se ha unido al canal"
    },
    {
        "user": "UJUJLTWMT",
        "type": "message",
        "subtype": "channel_join",
        "ts": "1558365493.000800",
        "text": "<@UJUJLTWMT> se ha unido al canal"
    },
    {
        "user": "UJWR5N32S",
        "type": "message",
        "subtype": "channel_join",
        "ts": "1558366394.001000",
        "text": "<@UJWR5N32S> se ha unido al canal"
    },
    {
        "user": "UJULPE8RW",
        "type": "message",
        "subtype": "channel_join",
        "ts": "1558367077.001200",
        "text": "<@UJULPE8RW> se ha unido al canal"
    },
    {
        "user": "UJH8DPY58",
        "type": "message",
        "subtype": "channel_join",
        "ts": "1558367462.001400",
        "text": "<@UJH8DPY58> se ha unido al canal"
    },
    {
        "user": "UJH8HAJQ2",
        "type": "message",
        "subtype": "channel_join",
        "ts": "1558367623.001600",
        "text": "<@UJH8HAJQ2> se ha unido al canal"
    },
    {
        "user": "UJU5KF40L",
        "type": "message",
        "subtype": "channel_join",
        "ts": "1558367690.001800",
        "text": "<@UJU5KF40L> se ha unido al canal"
    },
    {
        "user": "UJUL6623X",
        "type": "message",
        "subtype": "channel_join",
        "ts": "1558367927.002000",
        "text": "<@UJUL6623X> se ha unido al canal"
    },
    {
        "user": "UJH8Q8JDQ",
        "type": "message",
        "subtype": "channel_join",
        "ts": "1558367947.002200",
        "text": "<@UJH8Q8JDQ> se ha unido al canal"
    },
    {
        "user": "UJULAGJG5",
        "type": "message",
        "subtype": "channel_join",
        "ts": "1558368095.002400",
        "text": "<@UJULAGJG5> se ha unido al canal"
    },
    {
        "user": "UJULFA021",
        "type": "message",
        "subtype": "channel_join",
        "ts": "1558368312.002600",
        "text": "<@UJULFA021> se ha unido al canal"
    },
    {
        "user": "UJNB76C9F",
        "type": "message",
        "subtype": "channel_join",
        "ts": "1558368315.002800",
        "text": "<@UJNB76C9F> se ha unido al canal"
    },
    {
        "user": "UJNB9FDSM",
        "type": "message",
        "subtype": "channel_join",
        "ts": "1558368426.003000",
        "text": "<@UJNB9FDSM> se ha unido al canal"
    },
    {
        "user": "UJH8KKHQB",
        "type": "message",
        "subtype": "channel_join",
        "ts": "1558368691.003200",
        "text": "<@UJH8KKHQB> se ha unido al canal"
    },
    {
        "user": "UJULQCHL5",
        "type": "message",
        "subtype": "channel_join",
        "ts": "1558368747.003400",
        "text": "<@UJULQCHL5> se ha unido al canal"
    },
    {
        "user": "UJULSF7E1",
        "type": "message",
        "subtype": "channel_join",
        "ts": "1558368852.003600",
        "text": "<@UJULSF7E1> se ha unido al canal"
    },
    {
        "user": "UJH8PDR35",
        "type": "message",
        "subtype": "channel_join",
        "ts": "1558368877.003800",
        "text": "<@UJH8PDR35> se ha unido al canal"
    },
    {
        "user": "UJWGS5U6T",
        "type": "message",
        "subtype": "channel_join",
        "ts": "1558368892.004000",
        "text": "<@UJWGS5U6T> se ha unido al canal"
    }
]