[
    {
        "client_msg_id": "bf1dfe28-59ce-4e15-baae-5c3b60848b0c",
        "type": "message",
        "text": "delphi",
        "user": "UJWU9P1LP",
        "ts": "1568253993.000200",
        "team": "TJH5YU202",
        "user_team": "TJH5YU202",
        "source_team": "TJH5YU202",
        "user_profile": {
            "avatar_hash": "gd5359cf0340",
            "image_72": "https:\/\/secure.gravatar.com\/avatar\/f0d5359cf034005e0313981a49adb150.jpg?s=72&d=https%3A%2F%2Fa.slack-edge.com%2F80588%2Fimg%2Favatars%2Fuser_shapes%2Fava_0001-72.png",
            "first_name": "",
            "real_name": "AbeBuch",
            "display_name": "AbeBuch",
            "team": "TJH5YU202",
            "name": "abe.buch",
            "is_restricted": false,
            "is_ultra_restricted": false
        }
    }
]