[
    {
        "client_msg_id": "432be32e-5a56-4075-a763-7281c0542eb7",
        "type": "message",
        "text": "I was just on field service to test our TWeb system. Everything still works perfectly.\nWe had a lot of snow this winter and therefore a lot of snow pressure in the forest.\nBut the forest workers have spared our TWeb shields.",
        "user": "UJHD6A81H",
        "ts": "1588876684.175900",
        "team": "TJH5YU202",
        "user_team": "TJH5YU202",
        "source_team": "TJH5YU202",
        "user_profile": {
            "avatar_hash": "g6b8073e00e9",
            "image_72": "https:\/\/secure.gravatar.com\/avatar\/b96b8073e00e9eb02bcf05bc1418eb3a.jpg?s=72&d=https%3A%2F%2Fa.slack-edge.com%2Fdf10d%2Fimg%2Favatars%2Fava_0021-72.png",
            "first_name": "Otto",
            "real_name": "Otto Atzwanger",
            "display_name": "Otto",
            "team": "TJH5YU202",
            "name": "otto",
            "is_restricted": false,
            "is_ultra_restricted": false
        },
        "blocks": [
            {
                "type": "rich_text",
                "block_id": "pGK8",
                "elements": [
                    {
                        "type": "rich_text_section",
                        "elements": [
                            {
                                "type": "text",
                                "text": "I was just on field service to test our TWeb system. Everything still works perfectly.\nWe had a lot of snow this winter and therefore a lot of snow pressure in the forest.\nBut the forest workers have spared our TWeb shields."
                            }
                        ]
                    }
                ]
            }
        ]
    },
    {
        "type": "message",
        "text": "",
        "files": [
            {
                "id": "F012TUH9LBH",
                "created": 1588876720,
                "timestamp": 1588876720,
                "name": "grafik.png",
                "title": "grafik.png",
                "mimetype": "image\/png",
                "filetype": "png",
                "pretty_type": "PNG",
                "user": "UJHD6A81H",
                "editable": false,
                "size": 33092438,
                "mode": "hosted",
                "is_external": false,
                "external_type": "",
                "is_public": true,
                "public_url_shared": false,
                "display_as_bot": false,
                "username": "",
                "url_private": "https:\/\/files.slack.com\/files-pri\/TJH5YU202-F012TUH9LBH\/grafik.png?t=xoxe-629202954002-1183293690563-1183293711699-bad0c83802ec68402d6030a1e442ae77",
                "url_private_download": "https:\/\/files.slack.com\/files-pri\/TJH5YU202-F012TUH9LBH\/download\/grafik.png?t=xoxe-629202954002-1183293690563-1183293711699-bad0c83802ec68402d6030a1e442ae77",
                "thumb_64": "https:\/\/files.slack.com\/files-tmb\/TJH5YU202-F012TUH9LBH-f6001fc270\/grafik_64.png?t=xoxe-629202954002-1183293690563-1183293711699-bad0c83802ec68402d6030a1e442ae77",
                "thumb_80": "https:\/\/files.slack.com\/files-tmb\/TJH5YU202-F012TUH9LBH-f6001fc270\/grafik_80.png?t=xoxe-629202954002-1183293690563-1183293711699-bad0c83802ec68402d6030a1e442ae77",
                "thumb_360": "https:\/\/files.slack.com\/files-tmb\/TJH5YU202-F012TUH9LBH-f6001fc270\/grafik_360.png?t=xoxe-629202954002-1183293690563-1183293711699-bad0c83802ec68402d6030a1e442ae77",
                "thumb_360_w": 360,
                "thumb_360_h": 270,
                "thumb_480": "https:\/\/files.slack.com\/files-tmb\/TJH5YU202-F012TUH9LBH-f6001fc270\/grafik_480.png?t=xoxe-629202954002-1183293690563-1183293711699-bad0c83802ec68402d6030a1e442ae77",
                "thumb_480_w": 480,
                "thumb_480_h": 360,
                "thumb_160": "https:\/\/files.slack.com\/files-tmb\/TJH5YU202-F012TUH9LBH-f6001fc270\/grafik_160.png?t=xoxe-629202954002-1183293690563-1183293711699-bad0c83802ec68402d6030a1e442ae77",
                "thumb_720": "https:\/\/files.slack.com\/files-tmb\/TJH5YU202-F012TUH9LBH-f6001fc270\/grafik_720.png?t=xoxe-629202954002-1183293690563-1183293711699-bad0c83802ec68402d6030a1e442ae77",
                "thumb_720_w": 720,
                "thumb_720_h": 540,
                "thumb_800": "https:\/\/files.slack.com\/files-tmb\/TJH5YU202-F012TUH9LBH-f6001fc270\/grafik_800.png?t=xoxe-629202954002-1183293690563-1183293711699-bad0c83802ec68402d6030a1e442ae77",
                "thumb_800_w": 800,
                "thumb_800_h": 600,
                "thumb_960": "https:\/\/files.slack.com\/files-tmb\/TJH5YU202-F012TUH9LBH-f6001fc270\/grafik_960.png?t=xoxe-629202954002-1183293690563-1183293711699-bad0c83802ec68402d6030a1e442ae77",
                "thumb_960_w": 960,
                "thumb_960_h": 720,
                "thumb_1024": "https:\/\/files.slack.com\/files-tmb\/TJH5YU202-F012TUH9LBH-f6001fc270\/grafik_1024.png?t=xoxe-629202954002-1183293690563-1183293711699-bad0c83802ec68402d6030a1e442ae77",
                "thumb_1024_w": 1024,
                "thumb_1024_h": 768,
                "original_w": 4032,
                "original_h": 3024,
                "thumb_tiny": "AwAkADCso+Vh7ihV3EDpTo\/vVPGoeQLwDg9aAEkXbbkZ6NVbncKtyRsIHyMYqqVOQaAEDYz9cUdCaCuSceuaCOc+1AD4QCeasRjM2AAcqevFV+c5BPFSDBB3c+lAFhgxVt4QYUjg81UCE5AOc\/n+VTJ9004wBuP0xQwsV1B6MDn6Ujqw7ceoqdoDjG8+2TUJDQths47GgBVAVwAO2amODLtIGNuai\/5aL9KlP+v\/AOA0AIOM4qsJ3U9c\/WrXrVFutAFhJ3YjOKmZtw+YBgfUVVi61ZPapGf\/2Q==",
                "permalink": "https:\/\/harbourproject.slack.com\/files\/UJHD6A81H\/F012TUH9LBH\/grafik.png",
                "permalink_public": "https:\/\/slack-files.com\/TJH5YU202-F012TUH9LBH-e6f265ed6b",
                "is_starred": false,
                "has_rich_preview": false
            }
        ],
        "upload": true,
        "user": "UJHD6A81H",
        "display_as_bot": false,
        "ts": "1588876740.176000",
        "client_msg_id": "167232c4-239f-44ad-8f11-75d78da12a86"
    },
    {
        "type": "message",
        "text": "",
        "files": [
            {
                "id": "F0138T49VNX",
                "created": 1588876776,
                "timestamp": 1588876776,
                "name": "grafik.png",
                "title": "grafik.png",
                "mimetype": "image\/png",
                "filetype": "png",
                "pretty_type": "PNG",
                "user": "UJHD6A81H",
                "editable": false,
                "size": 22652798,
                "mode": "hosted",
                "is_external": false,
                "external_type": "",
                "is_public": true,
                "public_url_shared": false,
                "display_as_bot": false,
                "username": "",
                "url_private": "https:\/\/files.slack.com\/files-pri\/TJH5YU202-F0138T49VNX\/grafik.png?t=xoxe-629202954002-1183293690563-1183293711699-bad0c83802ec68402d6030a1e442ae77",
                "url_private_download": "https:\/\/files.slack.com\/files-pri\/TJH5YU202-F0138T49VNX\/download\/grafik.png?t=xoxe-629202954002-1183293690563-1183293711699-bad0c83802ec68402d6030a1e442ae77",
                "thumb_64": "https:\/\/files.slack.com\/files-tmb\/TJH5YU202-F0138T49VNX-af6c606859\/grafik_64.png?t=xoxe-629202954002-1183293690563-1183293711699-bad0c83802ec68402d6030a1e442ae77",
                "thumb_80": "https:\/\/files.slack.com\/files-tmb\/TJH5YU202-F0138T49VNX-af6c606859\/grafik_80.png?t=xoxe-629202954002-1183293690563-1183293711699-bad0c83802ec68402d6030a1e442ae77",
                "thumb_360": "https:\/\/files.slack.com\/files-tmb\/TJH5YU202-F0138T49VNX-af6c606859\/grafik_360.png?t=xoxe-629202954002-1183293690563-1183293711699-bad0c83802ec68402d6030a1e442ae77",
                "thumb_360_w": 360,
                "thumb_360_h": 270,
                "thumb_480": "https:\/\/files.slack.com\/files-tmb\/TJH5YU202-F0138T49VNX-af6c606859\/grafik_480.png?t=xoxe-629202954002-1183293690563-1183293711699-bad0c83802ec68402d6030a1e442ae77",
                "thumb_480_w": 480,
                "thumb_480_h": 360,
                "thumb_160": "https:\/\/files.slack.com\/files-tmb\/TJH5YU202-F0138T49VNX-af6c606859\/grafik_160.png?t=xoxe-629202954002-1183293690563-1183293711699-bad0c83802ec68402d6030a1e442ae77",
                "thumb_720": "https:\/\/files.slack.com\/files-tmb\/TJH5YU202-F0138T49VNX-af6c606859\/grafik_720.png?t=xoxe-629202954002-1183293690563-1183293711699-bad0c83802ec68402d6030a1e442ae77",
                "thumb_720_w": 720,
                "thumb_720_h": 540,
                "thumb_800": "https:\/\/files.slack.com\/files-tmb\/TJH5YU202-F0138T49VNX-af6c606859\/grafik_800.png?t=xoxe-629202954002-1183293690563-1183293711699-bad0c83802ec68402d6030a1e442ae77",
                "thumb_800_w": 800,
                "thumb_800_h": 600,
                "thumb_960": "https:\/\/files.slack.com\/files-tmb\/TJH5YU202-F0138T49VNX-af6c606859\/grafik_960.png?t=xoxe-629202954002-1183293690563-1183293711699-bad0c83802ec68402d6030a1e442ae77",
                "thumb_960_w": 960,
                "thumb_960_h": 720,
                "thumb_1024": "https:\/\/files.slack.com\/files-tmb\/TJH5YU202-F0138T49VNX-af6c606859\/grafik_1024.png?t=xoxe-629202954002-1183293690563-1183293711699-bad0c83802ec68402d6030a1e442ae77",
                "thumb_1024_w": 1024,
                "thumb_1024_h": 768,
                "original_w": 4032,
                "original_h": 3024,
                "thumb_tiny": "AwAkADCwy5GMcVXnwQBjvn3pPtZeQqBhe3rSbaq4ioPvGlf+E5q0UHXA\/KgRqR90Y+lKwEtgVeNl\/i7\/AEqT7OORgHHQeoqk2beVZE4HpWsmHQMOhGaAMeHlx+dTj1qojlGyMGpjIBCX3ruH8ODQgJ6M4HPAqoJ5DwMD8KfE7GVA7fKTg44ouBMw3DB6Goo5JIJOCRjt2NQl5NxBc8cU9QGYbmwO5NAEIpzfcH1popzfcFIYLTs8frTRS0wGZJJPc09eTTKetAH\/2Q==",
                "permalink": "https:\/\/harbourproject.slack.com\/files\/UJHD6A81H\/F0138T49VNX\/grafik.png",
                "permalink_public": "https:\/\/slack-files.com\/TJH5YU202-F0138T49VNX-79cf3c5b33",
                "is_starred": false,
                "has_rich_preview": false
            }
        ],
        "upload": true,
        "user": "UJHD6A81H",
        "display_as_bot": false,
        "ts": "1588876792.176300",
        "client_msg_id": "5488df79-0243-4055-bd12-82b26a291221"
    },
    {
        "type": "message",
        "text": "",
        "files": [
            {
                "id": "F013YG83LF2",
                "created": 1588876817,
                "timestamp": 1588876817,
                "name": "grafik.png",
                "title": "grafik.png",
                "mimetype": "image\/png",
                "filetype": "png",
                "pretty_type": "PNG",
                "user": "UJHD6A81H",
                "editable": false,
                "size": 151532,
                "mode": "hosted",
                "is_external": false,
                "external_type": "",
                "is_public": true,
                "public_url_shared": false,
                "display_as_bot": false,
                "username": "",
                "url_private": "https:\/\/files.slack.com\/files-pri\/TJH5YU202-F013YG83LF2\/grafik.png?t=xoxe-629202954002-1183293690563-1183293711699-bad0c83802ec68402d6030a1e442ae77",
                "url_private_download": "https:\/\/files.slack.com\/files-pri\/TJH5YU202-F013YG83LF2\/download\/grafik.png?t=xoxe-629202954002-1183293690563-1183293711699-bad0c83802ec68402d6030a1e442ae77",
                "thumb_64": "https:\/\/files.slack.com\/files-tmb\/TJH5YU202-F013YG83LF2-88a07d9066\/grafik_64.png?t=xoxe-629202954002-1183293690563-1183293711699-bad0c83802ec68402d6030a1e442ae77",
                "thumb_80": "https:\/\/files.slack.com\/files-tmb\/TJH5YU202-F013YG83LF2-88a07d9066\/grafik_80.png?t=xoxe-629202954002-1183293690563-1183293711699-bad0c83802ec68402d6030a1e442ae77",
                "thumb_360": "https:\/\/files.slack.com\/files-tmb\/TJH5YU202-F013YG83LF2-88a07d9066\/grafik_360.png?t=xoxe-629202954002-1183293690563-1183293711699-bad0c83802ec68402d6030a1e442ae77",
                "thumb_360_w": 180,
                "thumb_360_h": 360,
                "thumb_480": "https:\/\/files.slack.com\/files-tmb\/TJH5YU202-F013YG83LF2-88a07d9066\/grafik_480.png?t=xoxe-629202954002-1183293690563-1183293711699-bad0c83802ec68402d6030a1e442ae77",
                "thumb_480_w": 240,
                "thumb_480_h": 480,
                "thumb_160": "https:\/\/files.slack.com\/files-tmb\/TJH5YU202-F013YG83LF2-88a07d9066\/grafik_160.png?t=xoxe-629202954002-1183293690563-1183293711699-bad0c83802ec68402d6030a1e442ae77",
                "thumb_720": "https:\/\/files.slack.com\/files-tmb\/TJH5YU202-F013YG83LF2-88a07d9066\/grafik_720.png?t=xoxe-629202954002-1183293690563-1183293711699-bad0c83802ec68402d6030a1e442ae77",
                "thumb_720_w": 360,
                "thumb_720_h": 720,
                "thumb_800": "https:\/\/files.slack.com\/files-tmb\/TJH5YU202-F013YG83LF2-88a07d9066\/grafik_800.png?t=xoxe-629202954002-1183293690563-1183293711699-bad0c83802ec68402d6030a1e442ae77",
                "thumb_800_w": 800,
                "thumb_800_h": 1600,
                "thumb_960": "https:\/\/files.slack.com\/files-tmb\/TJH5YU202-F013YG83LF2-88a07d9066\/grafik_960.png?t=xoxe-629202954002-1183293690563-1183293711699-bad0c83802ec68402d6030a1e442ae77",
                "thumb_960_w": 480,
                "thumb_960_h": 960,
                "thumb_1024": "https:\/\/files.slack.com\/files-tmb\/TJH5YU202-F013YG83LF2-88a07d9066\/grafik_1024.png?t=xoxe-629202954002-1183293690563-1183293711699-bad0c83802ec68402d6030a1e442ae77",
                "thumb_1024_w": 512,
                "thumb_1024_h": 1024,
                "original_w": 1080,
                "original_h": 2160,
                "thumb_tiny": "AwAwABjRIHt+VJj6flSnpzRkUAGOe35UtJRQAZXuRRlB0IqJoEdixJyaT7Mnq3509AJSemOaWkRQihR0HrS0gCilxRjnFACUUuKMUAf\/2Q==",
                "permalink": "https:\/\/harbourproject.slack.com\/files\/UJHD6A81H\/F013YG83LF2\/grafik.png",
                "permalink_public": "https:\/\/slack-files.com\/TJH5YU202-F013YG83LF2-1cf8098208",
                "is_starred": false,
                "has_rich_preview": false
            }
        ],
        "upload": true,
        "user": "UJHD6A81H",
        "display_as_bot": false,
        "ts": "1588876820.176600",
        "client_msg_id": "635ae946-6f7e-411d-a8a3-ffc2082dba90"
    },
    {
        "type": "message",
        "text": "",
        "files": [
            {
                "id": "F013M9YKL0H",
                "created": 1588876846,
                "timestamp": 1588876846,
                "name": "grafik.png",
                "title": "grafik.png",
                "mimetype": "image\/png",
                "filetype": "png",
                "pretty_type": "PNG",
                "user": "UJHD6A81H",
                "editable": false,
                "size": 3448713,
                "mode": "hosted",
                "is_external": false,
                "external_type": "",
                "is_public": true,
                "public_url_shared": false,
                "display_as_bot": false,
                "username": "",
                "url_private": "https:\/\/files.slack.com\/files-pri\/TJH5YU202-F013M9YKL0H\/grafik.png?t=xoxe-629202954002-1183293690563-1183293711699-bad0c83802ec68402d6030a1e442ae77",
                "url_private_download": "https:\/\/files.slack.com\/files-pri\/TJH5YU202-F013M9YKL0H\/download\/grafik.png?t=xoxe-629202954002-1183293690563-1183293711699-bad0c83802ec68402d6030a1e442ae77",
                "thumb_64": "https:\/\/files.slack.com\/files-tmb\/TJH5YU202-F013M9YKL0H-3e82af5e6e\/grafik_64.png?t=xoxe-629202954002-1183293690563-1183293711699-bad0c83802ec68402d6030a1e442ae77",
                "thumb_80": "https:\/\/files.slack.com\/files-tmb\/TJH5YU202-F013M9YKL0H-3e82af5e6e\/grafik_80.png?t=xoxe-629202954002-1183293690563-1183293711699-bad0c83802ec68402d6030a1e442ae77",
                "thumb_360": "https:\/\/files.slack.com\/files-tmb\/TJH5YU202-F013M9YKL0H-3e82af5e6e\/grafik_360.png?t=xoxe-629202954002-1183293690563-1183293711699-bad0c83802ec68402d6030a1e442ae77",
                "thumb_360_w": 180,
                "thumb_360_h": 360,
                "thumb_480": "https:\/\/files.slack.com\/files-tmb\/TJH5YU202-F013M9YKL0H-3e82af5e6e\/grafik_480.png?t=xoxe-629202954002-1183293690563-1183293711699-bad0c83802ec68402d6030a1e442ae77",
                "thumb_480_w": 240,
                "thumb_480_h": 480,
                "thumb_160": "https:\/\/files.slack.com\/files-tmb\/TJH5YU202-F013M9YKL0H-3e82af5e6e\/grafik_160.png?t=xoxe-629202954002-1183293690563-1183293711699-bad0c83802ec68402d6030a1e442ae77",
                "thumb_720": "https:\/\/files.slack.com\/files-tmb\/TJH5YU202-F013M9YKL0H-3e82af5e6e\/grafik_720.png?t=xoxe-629202954002-1183293690563-1183293711699-bad0c83802ec68402d6030a1e442ae77",
                "thumb_720_w": 360,
                "thumb_720_h": 720,
                "thumb_800": "https:\/\/files.slack.com\/files-tmb\/TJH5YU202-F013M9YKL0H-3e82af5e6e\/grafik_800.png?t=xoxe-629202954002-1183293690563-1183293711699-bad0c83802ec68402d6030a1e442ae77",
                "thumb_800_w": 800,
                "thumb_800_h": 1600,
                "thumb_960": "https:\/\/files.slack.com\/files-tmb\/TJH5YU202-F013M9YKL0H-3e82af5e6e\/grafik_960.png?t=xoxe-629202954002-1183293690563-1183293711699-bad0c83802ec68402d6030a1e442ae77",
                "thumb_960_w": 480,
                "thumb_960_h": 960,
                "thumb_1024": "https:\/\/files.slack.com\/files-tmb\/TJH5YU202-F013M9YKL0H-3e82af5e6e\/grafik_1024.png?t=xoxe-629202954002-1183293690563-1183293711699-bad0c83802ec68402d6030a1e442ae77",
                "thumb_1024_w": 512,
                "thumb_1024_h": 1024,
                "original_w": 1080,
                "original_h": 2160,
                "thumb_tiny": "AwAwABi9vHp+lG4en6UyigB+8Z6fpS+YPQ1HRQA1i4PAXB6ZNG2b+4n\/AH1T8IcbutDSkN8q7h65piGYlHLKuPZqXNKZGORswD3zTcUhjqKf5Z9qTyznHFADaKf5be1Hlt7UAf\/Z",
                "permalink": "https:\/\/harbourproject.slack.com\/files\/UJHD6A81H\/F013M9YKL0H\/grafik.png",
                "permalink_public": "https:\/\/slack-files.com\/TJH5YU202-F013M9YKL0H-0219ee5596",
                "is_starred": false,
                "has_rich_preview": false
            }
        ],
        "upload": true,
        "user": "UJHD6A81H",
        "display_as_bot": false,
        "ts": "1588876852.176900",
        "client_msg_id": "c1ad442b-4766-4b54-aee4-9434c88a2179",
        "reactions": [
            {
                "name": "+1",
                "users": [
                    "UJUJLTWMT"
                ],
                "count": 1
            }
        ]
    },
    {
        "type": "message",
        "text": "",
        "files": [
            {
                "id": "F0138M2V7BL",
                "created": 1588876869,
                "timestamp": 1588876869,
                "name": "grafik.png",
                "title": "grafik.png",
                "mimetype": "image\/png",
                "filetype": "png",
                "pretty_type": "PNG",
                "user": "UJHD6A81H",
                "editable": false,
                "size": 665198,
                "mode": "hosted",
                "is_external": false,
                "external_type": "",
                "is_public": true,
                "public_url_shared": false,
                "display_as_bot": false,
                "username": "",
                "url_private": "https:\/\/files.slack.com\/files-pri\/TJH5YU202-F0138M2V7BL\/grafik.png?t=xoxe-629202954002-1183293690563-1183293711699-bad0c83802ec68402d6030a1e442ae77",
                "url_private_download": "https:\/\/files.slack.com\/files-pri\/TJH5YU202-F0138M2V7BL\/download\/grafik.png?t=xoxe-629202954002-1183293690563-1183293711699-bad0c83802ec68402d6030a1e442ae77",
                "thumb_64": "https:\/\/files.slack.com\/files-tmb\/TJH5YU202-F0138M2V7BL-5328ffacc1\/grafik_64.png?t=xoxe-629202954002-1183293690563-1183293711699-bad0c83802ec68402d6030a1e442ae77",
                "thumb_80": "https:\/\/files.slack.com\/files-tmb\/TJH5YU202-F0138M2V7BL-5328ffacc1\/grafik_80.png?t=xoxe-629202954002-1183293690563-1183293711699-bad0c83802ec68402d6030a1e442ae77",
                "thumb_360": "https:\/\/files.slack.com\/files-tmb\/TJH5YU202-F0138M2V7BL-5328ffacc1\/grafik_360.png?t=xoxe-629202954002-1183293690563-1183293711699-bad0c83802ec68402d6030a1e442ae77",
                "thumb_360_w": 180,
                "thumb_360_h": 360,
                "thumb_480": "https:\/\/files.slack.com\/files-tmb\/TJH5YU202-F0138M2V7BL-5328ffacc1\/grafik_480.png?t=xoxe-629202954002-1183293690563-1183293711699-bad0c83802ec68402d6030a1e442ae77",
                "thumb_480_w": 240,
                "thumb_480_h": 480,
                "thumb_160": "https:\/\/files.slack.com\/files-tmb\/TJH5YU202-F0138M2V7BL-5328ffacc1\/grafik_160.png?t=xoxe-629202954002-1183293690563-1183293711699-bad0c83802ec68402d6030a1e442ae77",
                "thumb_720": "https:\/\/files.slack.com\/files-tmb\/TJH5YU202-F0138M2V7BL-5328ffacc1\/grafik_720.png?t=xoxe-629202954002-1183293690563-1183293711699-bad0c83802ec68402d6030a1e442ae77",
                "thumb_720_w": 360,
                "thumb_720_h": 720,
                "thumb_800": "https:\/\/files.slack.com\/files-tmb\/TJH5YU202-F0138M2V7BL-5328ffacc1\/grafik_800.png?t=xoxe-629202954002-1183293690563-1183293711699-bad0c83802ec68402d6030a1e442ae77",
                "thumb_800_w": 800,
                "thumb_800_h": 1600,
                "thumb_960": "https:\/\/files.slack.com\/files-tmb\/TJH5YU202-F0138M2V7BL-5328ffacc1\/grafik_960.png?t=xoxe-629202954002-1183293690563-1183293711699-bad0c83802ec68402d6030a1e442ae77",
                "thumb_960_w": 480,
                "thumb_960_h": 960,
                "thumb_1024": "https:\/\/files.slack.com\/files-tmb\/TJH5YU202-F0138M2V7BL-5328ffacc1\/grafik_1024.png?t=xoxe-629202954002-1183293690563-1183293711699-bad0c83802ec68402d6030a1e442ae77",
                "thumb_1024_w": 512,
                "thumb_1024_h": 1024,
                "original_w": 1080,
                "original_h": 2160,
                "thumb_tiny": "AwAwABinyO\/60hLetKaQ0XATJ9aTNBpKLhY1ILWJ4EZhksM\/eqX7Fb+h\/Oq0N+IolQx52jHWn\/2mv\/PI\/wDfVABdWcKWzuobKjI5rKya0J9QEsLR+WRuGM5qhigY7NFWPKQ\/wil8pMfdFAirRVnyk\/uijyk\/uigD\/9k=",
                "permalink": "https:\/\/harbourproject.slack.com\/files\/UJHD6A81H\/F0138M2V7BL\/grafik.png",
                "permalink_public": "https:\/\/slack-files.com\/TJH5YU202-F0138M2V7BL-90fcff6844",
                "is_starred": false,
                "has_rich_preview": false
            }
        ],
        "upload": true,
        "user": "UJHD6A81H",
        "display_as_bot": false,
        "ts": "1588876873.177200",
        "client_msg_id": "bb68410f-89ae-44bc-b965-13f09cab5847"
    },
    {
        "type": "message",
        "text": "",
        "files": [
            {
                "id": "F0138M4LCQJ",
                "created": 1588876910,
                "timestamp": 1588876910,
                "name": "grafik.png",
                "title": "grafik.png",
                "mimetype": "image\/png",
                "filetype": "png",
                "pretty_type": "PNG",
                "user": "UJHD6A81H",
                "editable": false,
                "size": 11087427,
                "mode": "hosted",
                "is_external": false,
                "external_type": "",
                "is_public": true,
                "public_url_shared": false,
                "display_as_bot": false,
                "username": "",
                "url_private": "https:\/\/files.slack.com\/files-pri\/TJH5YU202-F0138M4LCQJ\/grafik.png?t=xoxe-629202954002-1183293690563-1183293711699-bad0c83802ec68402d6030a1e442ae77",
                "url_private_download": "https:\/\/files.slack.com\/files-pri\/TJH5YU202-F0138M4LCQJ\/download\/grafik.png?t=xoxe-629202954002-1183293690563-1183293711699-bad0c83802ec68402d6030a1e442ae77",
                "thumb_64": "https:\/\/files.slack.com\/files-tmb\/TJH5YU202-F0138M4LCQJ-fce9f9da82\/grafik_64.png?t=xoxe-629202954002-1183293690563-1183293711699-bad0c83802ec68402d6030a1e442ae77",
                "thumb_80": "https:\/\/files.slack.com\/files-tmb\/TJH5YU202-F0138M4LCQJ-fce9f9da82\/grafik_80.png?t=xoxe-629202954002-1183293690563-1183293711699-bad0c83802ec68402d6030a1e442ae77",
                "thumb_360": "https:\/\/files.slack.com\/files-tmb\/TJH5YU202-F0138M4LCQJ-fce9f9da82\/grafik_360.png?t=xoxe-629202954002-1183293690563-1183293711699-bad0c83802ec68402d6030a1e442ae77",
                "thumb_360_w": 360,
                "thumb_360_h": 270,
                "thumb_480": "https:\/\/files.slack.com\/files-tmb\/TJH5YU202-F0138M4LCQJ-fce9f9da82\/grafik_480.png?t=xoxe-629202954002-1183293690563-1183293711699-bad0c83802ec68402d6030a1e442ae77",
                "thumb_480_w": 480,
                "thumb_480_h": 360,
                "thumb_160": "https:\/\/files.slack.com\/files-tmb\/TJH5YU202-F0138M4LCQJ-fce9f9da82\/grafik_160.png?t=xoxe-629202954002-1183293690563-1183293711699-bad0c83802ec68402d6030a1e442ae77",
                "thumb_720": "https:\/\/files.slack.com\/files-tmb\/TJH5YU202-F0138M4LCQJ-fce9f9da82\/grafik_720.png?t=xoxe-629202954002-1183293690563-1183293711699-bad0c83802ec68402d6030a1e442ae77",
                "thumb_720_w": 720,
                "thumb_720_h": 540,
                "thumb_800": "https:\/\/files.slack.com\/files-tmb\/TJH5YU202-F0138M4LCQJ-fce9f9da82\/grafik_800.png?t=xoxe-629202954002-1183293690563-1183293711699-bad0c83802ec68402d6030a1e442ae77",
                "thumb_800_w": 800,
                "thumb_800_h": 600,
                "thumb_960": "https:\/\/files.slack.com\/files-tmb\/TJH5YU202-F0138M4LCQJ-fce9f9da82\/grafik_960.png?t=xoxe-629202954002-1183293690563-1183293711699-bad0c83802ec68402d6030a1e442ae77",
                "thumb_960_w": 960,
                "thumb_960_h": 720,
                "thumb_1024": "https:\/\/files.slack.com\/files-tmb\/TJH5YU202-F0138M4LCQJ-fce9f9da82\/grafik_1024.png?t=xoxe-629202954002-1183293690563-1183293711699-bad0c83802ec68402d6030a1e442ae77",
                "thumb_1024_w": 1024,
                "thumb_1024_h": 768,
                "original_w": 4032,
                "original_h": 3024,
                "thumb_tiny": "AwAkADCHFLinYoxWxmIBSgU7FLigBu3IwelVngZAzD7oq4BTtuRg0mrjTsRsQiliRSJIrJkkLVf7OWlEavnk\/MRThBKANvz55wBUc7K5SfzIx\/FUgKEZ3D86oyBo2wwKn0NADHrwKfOLlL6lT0YH8akC1mE4IG7NOEjpyrEUcwcoyKRt\/B7Gh3ZAu1iPxpsX3\/wpZei\/jU9BhvcgsWJI7nmpQ5ZMn0qAfcapV\/1f4UIGEigPn3FMx1FSy\/e\/KojQB\/\/Z",
                "permalink": "https:\/\/harbourproject.slack.com\/files\/UJHD6A81H\/F0138M4LCQJ\/grafik.png",
                "permalink_public": "https:\/\/slack-files.com\/TJH5YU202-F0138M4LCQJ-1579600614",
                "is_starred": false,
                "has_rich_preview": false
            }
        ],
        "upload": true,
        "user": "UJHD6A81H",
        "display_as_bot": false,
        "ts": "1588876922.177500",
        "client_msg_id": "aaad646f-1d1a-4c6f-9673-3e8d8297e548"
    },
    {
        "client_msg_id": "2020fd35-bac7-4c8f-b76d-545e8693b44c",
        "type": "message",
        "text": ":+1::heart_eyes:",
        "user": "UJN8D8U3B",
        "ts": "1588877139.177900",
        "team": "TJH5YU202",
        "user_team": "TJH5YU202",
        "source_team": "TJH5YU202",
        "user_profile": {
            "avatar_hash": "g92ad2abcc45",
            "image_72": "https:\/\/secure.gravatar.com\/avatar\/8492ad2abcc45ce53969adcf8420acde.jpg?s=72&d=https%3A%2F%2Fa.slack-edge.com%2Fdf10d%2Fimg%2Favatars%2Fava_0008-72.png",
            "first_name": "",
            "real_name": "Antonio Linares",
            "display_name": "Antonio Linares",
            "team": "TJH5YU202",
            "name": "alinares",
            "is_restricted": false,
            "is_ultra_restricted": false
        },
        "blocks": [
            {
                "type": "rich_text",
                "block_id": "dqWp",
                "elements": [
                    {
                        "type": "rich_text_section",
                        "elements": [
                            {
                                "type": "emoji",
                                "name": "+1"
                            },
                            {
                                "type": "emoji",
                                "name": "heart_eyes"
                            }
                        ]
                    }
                ]
            }
        ]
    }
]