[
    {
        "client_msg_id": "ee4f3cb6-d0d4-44c4-847a-d2796958f4fa",
        "type": "message",
        "text": "<@UJN8D8U3B> Ya que has dicho cosas como que C es el segundo mejor lenguaje, tengo curiosidad por saber si crees que a C le faltan tipos de datos algebraicos.",
        "user": "UNAHBRTFA",
        "ts": "1590819213.016300",
        "team": "TJH5YU202",
        "user_team": "TJH5YU202",
        "source_team": "TJH5YU202",
        "user_profile": {
            "avatar_hash": "g3d2a3f4c28c",
            "image_72": "https:\/\/secure.gravatar.com\/avatar\/23d2a3f4c28cebb4cf07e48d02620517.jpg?s=72&d=https%3A%2F%2Fa.slack-edge.com%2Fdf10d%2Fimg%2Favatars%2Fava_0020-72.png",
            "first_name": "Andreu",
            "real_name": "Andreu Botella",
            "display_name": "Andreu Botella",
            "team": "TJH5YU202",
            "name": "andreu.132",
            "is_restricted": false,
            "is_ultra_restricted": false
        },
        "blocks": [
            {
                "type": "rich_text",
                "block_id": "0FGP",
                "elements": [
                    {
                        "type": "rich_text_section",
                        "elements": [
                            {
                                "type": "user",
                                "user_id": "UJN8D8U3B"
                            },
                            {
                                "type": "text",
                                "text": " Ya que has dicho cosas como que C es el segundo mejor lenguaje, tengo curiosidad por saber si crees que a C le faltan tipos de datos algebraicos."
                            }
                        ]
                    }
                ]
            }
        ]
    },
    {
        "client_msg_id": "7035197b-320d-45c4-8878-59044c6bbf2a",
        "type": "message",
        "text": "Son algo de lo que yo me enamoré con Rust y Haskell, y que a veces echo de menos en los demás lenguajes",
        "user": "UNAHBRTFA",
        "ts": "1590819244.017100",
        "team": "TJH5YU202",
        "user_team": "TJH5YU202",
        "source_team": "TJH5YU202",
        "user_profile": {
            "avatar_hash": "g3d2a3f4c28c",
            "image_72": "https:\/\/secure.gravatar.com\/avatar\/23d2a3f4c28cebb4cf07e48d02620517.jpg?s=72&d=https%3A%2F%2Fa.slack-edge.com%2Fdf10d%2Fimg%2Favatars%2Fava_0020-72.png",
            "first_name": "Andreu",
            "real_name": "Andreu Botella",
            "display_name": "Andreu Botella",
            "team": "TJH5YU202",
            "name": "andreu.132",
            "is_restricted": false,
            "is_ultra_restricted": false
        },
        "edited": {
            "user": "UNAHBRTFA",
            "ts": "1590819307.000000"
        },
        "blocks": [
            {
                "type": "rich_text",
                "block_id": "FYM",
                "elements": [
                    {
                        "type": "rich_text_section",
                        "elements": [
                            {
                                "type": "text",
                                "text": "Son algo de lo que yo me enamoré con Rust y Haskell, y que a veces echo de menos en los demás lenguajes"
                            }
                        ]
                    }
                ]
            }
        ]
    },
    {
        "client_msg_id": "61126473-f9ce-471c-b086-0d4503c661ee",
        "type": "message",
        "text": "O a lo mejor los tipos de datos algebraicos no son mucho más que uniones discriminadas",
        "user": "UNAHBRTFA",
        "ts": "1590819759.018200",
        "team": "TJH5YU202",
        "user_team": "TJH5YU202",
        "source_team": "TJH5YU202",
        "user_profile": {
            "avatar_hash": "g3d2a3f4c28c",
            "image_72": "https:\/\/secure.gravatar.com\/avatar\/23d2a3f4c28cebb4cf07e48d02620517.jpg?s=72&d=https%3A%2F%2Fa.slack-edge.com%2Fdf10d%2Fimg%2Favatars%2Fava_0020-72.png",
            "first_name": "Andreu",
            "real_name": "Andreu Botella",
            "display_name": "Andreu Botella",
            "team": "TJH5YU202",
            "name": "andreu.132",
            "is_restricted": false,
            "is_ultra_restricted": false
        },
        "blocks": [
            {
                "type": "rich_text",
                "block_id": "81H",
                "elements": [
                    {
                        "type": "rich_text_section",
                        "elements": [
                            {
                                "type": "text",
                                "text": "O a lo mejor los tipos de datos algebraicos no son mucho más que uniones discriminadas"
                            }
                        ]
                    }
                ]
            }
        ]
    },
    {
        "client_msg_id": "eb86553c-ed46-46cb-bc1a-9037bbf43df3",
        "type": "message",
        "text": "Cuando le metes templates (tipos de datos algebraicos _generalizados_), como en Rust y Haskell, ahí sí que brillan",
        "user": "UNAHBRTFA",
        "ts": "1590819801.018800",
        "team": "TJH5YU202",
        "user_team": "TJH5YU202",
        "source_team": "TJH5YU202",
        "user_profile": {
            "avatar_hash": "g3d2a3f4c28c",
            "image_72": "https:\/\/secure.gravatar.com\/avatar\/23d2a3f4c28cebb4cf07e48d02620517.jpg?s=72&d=https%3A%2F%2Fa.slack-edge.com%2Fdf10d%2Fimg%2Favatars%2Fava_0020-72.png",
            "first_name": "Andreu",
            "real_name": "Andreu Botella",
            "display_name": "Andreu Botella",
            "team": "TJH5YU202",
            "name": "andreu.132",
            "is_restricted": false,
            "is_ultra_restricted": false
        },
        "blocks": [
            {
                "type": "rich_text",
                "block_id": "LEz",
                "elements": [
                    {
                        "type": "rich_text_section",
                        "elements": [
                            {
                                "type": "text",
                                "text": "Cuando le metes templates (tipos de datos algebraicos "
                            },
                            {
                                "type": "text",
                                "text": "generalizados",
                                "style": {
                                    "italic": true
                                }
                            },
                            {
                                "type": "text",
                                "text": "), como en Rust y Haskell, ahí sí que brillan"
                            }
                        ]
                    }
                ]
            }
        ]
    }
]