[
    {
        "client_msg_id": "e1fe73bd-7e57-4622-b015-13a11d1e5ebc",
        "type": "message",
        "text": "Dear Andreu, \"A programming language is low level when its programs require attention to the irrelevant.\" thats a nonsense :slightly_smiling_face:",
        "user": "UJN8D8U3B",
        "ts": "1591859363.085700",
        "team": "TJH5YU202",
        "user_team": "TJH5YU202",
        "source_team": "TJH5YU202",
        "user_profile": {
            "avatar_hash": "g92ad2abcc45",
            "image_72": "https:\/\/secure.gravatar.com\/avatar\/8492ad2abcc45ce53969adcf8420acde.jpg?s=72&d=https%3A%2F%2Fa.slack-edge.com%2Fdf10d%2Fimg%2Favatars%2Fava_0008-72.png",
            "first_name": "",
            "real_name": "Antonio Linares",
            "display_name": "Antonio Linares",
            "team": "TJH5YU202",
            "name": "alinares",
            "is_restricted": false,
            "is_ultra_restricted": false
        },
        "blocks": [
            {
                "type": "rich_text",
                "block_id": "7n2xE",
                "elements": [
                    {
                        "type": "rich_text_section",
                        "elements": [
                            {
                                "type": "text",
                                "text": "Dear Andreu, \"A programming language is low level when its programs require attention to the irrelevant.\" thats a nonsense "
                            },
                            {
                                "type": "emoji",
                                "name": "slightly_smiling_face"
                            }
                        ]
                    }
                ]
            }
        ]
    },
    {
        "client_msg_id": "c49bcce1-6782-4ff3-a51d-bb3973712997",
        "type": "message",
        "text": "Yo tampoco estoy muy de acuerdo con esa definición, pero se matiza después en el artículo",
        "user": "UNAHBRTFA",
        "ts": "1591859394.086400",
        "team": "TJH5YU202",
        "user_team": "TJH5YU202",
        "source_team": "TJH5YU202",
        "user_profile": {
            "avatar_hash": "g3d2a3f4c28c",
            "image_72": "https:\/\/secure.gravatar.com\/avatar\/23d2a3f4c28cebb4cf07e48d02620517.jpg?s=72&d=https%3A%2F%2Fa.slack-edge.com%2Fdf10d%2Fimg%2Favatars%2Fava_0020-72.png",
            "first_name": "Andreu",
            "real_name": "Andreu Botella",
            "display_name": "Andreu Botella",
            "team": "TJH5YU202",
            "name": "andreu.132",
            "is_restricted": false,
            "is_ultra_restricted": false
        },
        "blocks": [
            {
                "type": "rich_text",
                "block_id": "nTjE",
                "elements": [
                    {
                        "type": "rich_text_section",
                        "elements": [
                            {
                                "type": "text",
                                "text": "Yo tampoco estoy muy de acuerdo con esa definición, pero se matiza después en el artículo"
                            }
                        ]
                    }
                ]
            }
        ]
    },
    {
        "client_msg_id": "2b50243f-42b1-4945-812d-36771d7ce30e",
        "type": "message",
        "text": "El compilador de C de Borland solia tener un flag que hacia que se viese el codigo assembler generado",
        "user": "UJN8D8U3B",
        "ts": "1591859427.087000",
        "team": "TJH5YU202",
        "user_team": "TJH5YU202",
        "source_team": "TJH5YU202",
        "user_profile": {
            "avatar_hash": "g92ad2abcc45",
            "image_72": "https:\/\/secure.gravatar.com\/avatar\/8492ad2abcc45ce53969adcf8420acde.jpg?s=72&d=https%3A%2F%2Fa.slack-edge.com%2Fdf10d%2Fimg%2Favatars%2Fava_0008-72.png",
            "first_name": "",
            "real_name": "Antonio Linares",
            "display_name": "Antonio Linares",
            "team": "TJH5YU202",
            "name": "alinares",
            "is_restricted": false,
            "is_ultra_restricted": false
        },
        "blocks": [
            {
                "type": "rich_text",
                "block_id": "qv2",
                "elements": [
                    {
                        "type": "rich_text_section",
                        "elements": [
                            {
                                "type": "text",
                                "text": "El compilador de C de Borland solia tener un flag que hacia que se viese el codigo assembler generado"
                            }
                        ]
                    }
                ]
            }
        ]
    },
    {
        "client_msg_id": "27209c95-ebe0-4d9c-a9a8-c6ab4c54bef5",
        "type": "message",
        "text": "Y ahi te dabas cuenta de que era una minima capa sobre el assembler",
        "user": "UJN8D8U3B",
        "ts": "1591859443.087400",
        "team": "TJH5YU202",
        "user_team": "TJH5YU202",
        "source_team": "TJH5YU202",
        "user_profile": {
            "avatar_hash": "g92ad2abcc45",
            "image_72": "https:\/\/secure.gravatar.com\/avatar\/8492ad2abcc45ce53969adcf8420acde.jpg?s=72&d=https%3A%2F%2Fa.slack-edge.com%2Fdf10d%2Fimg%2Favatars%2Fava_0008-72.png",
            "first_name": "",
            "real_name": "Antonio Linares",
            "display_name": "Antonio Linares",
            "team": "TJH5YU202",
            "name": "alinares",
            "is_restricted": false,
            "is_ultra_restricted": false
        },
        "blocks": [
            {
                "type": "rich_text",
                "block_id": "0Lh",
                "elements": [
                    {
                        "type": "rich_text_section",
                        "elements": [
                            {
                                "type": "text",
                                "text": "Y ahi te dabas cuenta de que era una minima capa sobre el assembler"
                            }
                        ]
                    }
                ]
            }
        ]
    },
    {
        "client_msg_id": "390bbf65-27a2-4462-8fbf-9c38cf5f313a",
        "type": "message",
        "text": "una forma elegante de no tener que escribir en assembler",
        "user": "UJN8D8U3B",
        "ts": "1591859464.087700",
        "team": "TJH5YU202",
        "user_team": "TJH5YU202",
        "source_team": "TJH5YU202",
        "user_profile": {
            "avatar_hash": "g92ad2abcc45",
            "image_72": "https:\/\/secure.gravatar.com\/avatar\/8492ad2abcc45ce53969adcf8420acde.jpg?s=72&d=https%3A%2F%2Fa.slack-edge.com%2Fdf10d%2Fimg%2Favatars%2Fava_0008-72.png",
            "first_name": "",
            "real_name": "Antonio Linares",
            "display_name": "Antonio Linares",
            "team": "TJH5YU202",
            "name": "alinares",
            "is_restricted": false,
            "is_ultra_restricted": false
        },
        "blocks": [
            {
                "type": "rich_text",
                "block_id": "IDoW",
                "elements": [
                    {
                        "type": "rich_text_section",
                        "elements": [
                            {
                                "type": "text",
                                "text": "una forma elegante de no tener que escribir en assembler"
                            }
                        ]
                    }
                ]
            }
        ]
    },
    {
        "client_msg_id": "114a037f-545f-4369-96aa-aa8b518ad5cc",
        "type": "message",
        "text": "eso y la velocidad a la que se ejecuta, puesto que no hay nada mas debajo de esa capa",
        "user": "UJN8D8U3B",
        "ts": "1591859479.088100",
        "team": "TJH5YU202",
        "user_team": "TJH5YU202",
        "source_team": "TJH5YU202",
        "user_profile": {
            "avatar_hash": "g92ad2abcc45",
            "image_72": "https:\/\/secure.gravatar.com\/avatar\/8492ad2abcc45ce53969adcf8420acde.jpg?s=72&d=https%3A%2F%2Fa.slack-edge.com%2Fdf10d%2Fimg%2Favatars%2Fava_0008-72.png",
            "first_name": "",
            "real_name": "Antonio Linares",
            "display_name": "Antonio Linares",
            "team": "TJH5YU202",
            "name": "alinares",
            "is_restricted": false,
            "is_ultra_restricted": false
        },
        "blocks": [
            {
                "type": "rich_text",
                "block_id": "VOgXl",
                "elements": [
                    {
                        "type": "rich_text_section",
                        "elements": [
                            {
                                "type": "text",
                                "text": "eso y la velocidad a la que se ejecuta, puesto que no hay nada mas debajo de esa capa"
                            }
                        ]
                    }
                ]
            }
        ]
    },
    {
        "client_msg_id": "77a316ea-527e-430e-ad65-507a10888788",
        "type": "message",
        "text": "el C es una especia de \"preprocesador\" de assembler :slightly_smiling_face:",
        "user": "UJN8D8U3B",
        "ts": "1591859522.088700",
        "team": "TJH5YU202",
        "user_team": "TJH5YU202",
        "source_team": "TJH5YU202",
        "user_profile": {
            "avatar_hash": "g92ad2abcc45",
            "image_72": "https:\/\/secure.gravatar.com\/avatar\/8492ad2abcc45ce53969adcf8420acde.jpg?s=72&d=https%3A%2F%2Fa.slack-edge.com%2Fdf10d%2Fimg%2Favatars%2Fava_0008-72.png",
            "first_name": "",
            "real_name": "Antonio Linares",
            "display_name": "Antonio Linares",
            "team": "TJH5YU202",
            "name": "alinares",
            "is_restricted": false,
            "is_ultra_restricted": false
        },
        "blocks": [
            {
                "type": "rich_text",
                "block_id": "5p0",
                "elements": [
                    {
                        "type": "rich_text_section",
                        "elements": [
                            {
                                "type": "text",
                                "text": "el C es una especia de \"preprocesador\" de assembler "
                            },
                            {
                                "type": "emoji",
                                "name": "slightly_smiling_face"
                            }
                        ]
                    }
                ]
            }
        ]
    },
    {
        "client_msg_id": "45c0a410-2c06-4e43-9a15-876938516a41",
        "type": "message",
        "text": "especie",
        "user": "UJN8D8U3B",
        "ts": "1591859526.088900",
        "team": "TJH5YU202",
        "user_team": "TJH5YU202",
        "source_team": "TJH5YU202",
        "user_profile": {
            "avatar_hash": "g92ad2abcc45",
            "image_72": "https:\/\/secure.gravatar.com\/avatar\/8492ad2abcc45ce53969adcf8420acde.jpg?s=72&d=https%3A%2F%2Fa.slack-edge.com%2Fdf10d%2Fimg%2Favatars%2Fava_0008-72.png",
            "first_name": "",
            "real_name": "Antonio Linares",
            "display_name": "Antonio Linares",
            "team": "TJH5YU202",
            "name": "alinares",
            "is_restricted": false,
            "is_ultra_restricted": false
        },
        "blocks": [
            {
                "type": "rich_text",
                "block_id": "UXGb",
                "elements": [
                    {
                        "type": "rich_text_section",
                        "elements": [
                            {
                                "type": "text",
                                "text": "especie"
                            }
                        ]
                    }
                ]
            }
        ]
    },
    {
        "client_msg_id": "e8a3676d-d519-44ea-89ef-7162a77ab1b9",
        "type": "message",
        "text": "no sé si el compilador de Borland es distinto al resto, pero ese no es el caso en compiladores modernos",
        "user": "UNAHBRTFA",
        "ts": "1591859560.089700",
        "team": "TJH5YU202",
        "user_team": "TJH5YU202",
        "source_team": "TJH5YU202",
        "user_profile": {
            "avatar_hash": "g3d2a3f4c28c",
            "image_72": "https:\/\/secure.gravatar.com\/avatar\/23d2a3f4c28cebb4cf07e48d02620517.jpg?s=72&d=https%3A%2F%2Fa.slack-edge.com%2Fdf10d%2Fimg%2Favatars%2Fava_0020-72.png",
            "first_name": "Andreu",
            "real_name": "Andreu Botella",
            "display_name": "Andreu Botella",
            "team": "TJH5YU202",
            "name": "andreu.132",
            "is_restricted": false,
            "is_ultra_restricted": false
        },
        "blocks": [
            {
                "type": "rich_text",
                "block_id": "X5fv",
                "elements": [
                    {
                        "type": "rich_text_section",
                        "elements": [
                            {
                                "type": "text",
                                "text": "no sé si el compilador de Borland es distinto al resto, pero ese no es el caso en compiladores modernos"
                            }
                        ]
                    }
                ]
            }
        ]
    },
    {
        "client_msg_id": "40b8b23d-621b-4836-812b-fd08d1925973",
        "type": "message",
        "text": "&gt; The Clang compiler, including the relevant parts of LLVM, is around 2 million lines of code. Even just counting the analysis and transform passes required to make C run quickly adds up to almost 200,000 lines (excluding comments and blank lines).",
        "user": "UNAHBRTFA",
        "ts": "1591859569.090100",
        "team": "TJH5YU202",
        "user_team": "TJH5YU202",
        "source_team": "TJH5YU202",
        "user_profile": {
            "avatar_hash": "g3d2a3f4c28c",
            "image_72": "https:\/\/secure.gravatar.com\/avatar\/23d2a3f4c28cebb4cf07e48d02620517.jpg?s=72&d=https%3A%2F%2Fa.slack-edge.com%2Fdf10d%2Fimg%2Favatars%2Fava_0020-72.png",
            "first_name": "Andreu",
            "real_name": "Andreu Botella",
            "display_name": "Andreu Botella",
            "team": "TJH5YU202",
            "name": "andreu.132",
            "is_restricted": false,
            "is_ultra_restricted": false
        },
        "blocks": [
            {
                "type": "rich_text",
                "block_id": "4nVd",
                "elements": [
                    {
                        "type": "rich_text_quote",
                        "elements": [
                            {
                                "type": "text",
                                "text": "The Clang compiler, including the relevant parts of LLVM, is around 2 million lines of code. Even just counting the analysis and transform passes required to make C run quickly adds up to almost 200,000 lines (excluding comments and blank lines)."
                            }
                        ]
                    }
                ]
            }
        ]
    },
    {
        "client_msg_id": "d7efb282-7b50-4277-a6f2-20c7609d1cea",
        "type": "message",
        "text": "pues era una maravilla ver como escriben assembler",
        "user": "UJN8D8U3B",
        "ts": "1591859585.090400",
        "team": "TJH5YU202",
        "user_team": "TJH5YU202",
        "source_team": "TJH5YU202",
        "user_profile": {
            "avatar_hash": "g92ad2abcc45",
            "image_72": "https:\/\/secure.gravatar.com\/avatar\/8492ad2abcc45ce53969adcf8420acde.jpg?s=72&d=https%3A%2F%2Fa.slack-edge.com%2Fdf10d%2Fimg%2Favatars%2Fava_0008-72.png",
            "first_name": "",
            "real_name": "Antonio Linares",
            "display_name": "Antonio Linares",
            "team": "TJH5YU202",
            "name": "alinares",
            "is_restricted": false,
            "is_ultra_restricted": false
        },
        "blocks": [
            {
                "type": "rich_text",
                "block_id": "+0G",
                "elements": [
                    {
                        "type": "rich_text_section",
                        "elements": [
                            {
                                "type": "text",
                                "text": "pues era una maravilla ver como escriben assembler"
                            }
                        ]
                    }
                ]
            }
        ]
    },
    {
        "client_msg_id": "553defab-e3a2-4941-a213-70aa5a071d9e",
        "type": "message",
        "text": "es una mínima capa \"humana\" sobre el lenguaje \"maquina\"",
        "user": "UJN8D8U3B",
        "ts": "1591859621.090900",
        "team": "TJH5YU202",
        "user_team": "TJH5YU202",
        "source_team": "TJH5YU202",
        "user_profile": {
            "avatar_hash": "g92ad2abcc45",
            "image_72": "https:\/\/secure.gravatar.com\/avatar\/8492ad2abcc45ce53969adcf8420acde.jpg?s=72&d=https%3A%2F%2Fa.slack-edge.com%2Fdf10d%2Fimg%2Favatars%2Fava_0008-72.png",
            "first_name": "",
            "real_name": "Antonio Linares",
            "display_name": "Antonio Linares",
            "team": "TJH5YU202",
            "name": "alinares",
            "is_restricted": false,
            "is_ultra_restricted": false
        },
        "blocks": [
            {
                "type": "rich_text",
                "block_id": "Pdjae",
                "elements": [
                    {
                        "type": "rich_text_section",
                        "elements": [
                            {
                                "type": "text",
                                "text": "es una mínima capa \"humana\" sobre el lenguaje \"maquina\""
                            }
                        ]
                    }
                ]
            }
        ]
    },
    {
        "client_msg_id": "8818b1cb-7feb-4c83-a3f1-2c558fc2acd4",
        "type": "message",
        "text": "Andreu, que tal te llevas con los mutex ?",
        "user": "UJN8D8U3B",
        "ts": "1591859648.091200",
        "team": "TJH5YU202",
        "user_team": "TJH5YU202",
        "source_team": "TJH5YU202",
        "user_profile": {
            "avatar_hash": "g92ad2abcc45",
            "image_72": "https:\/\/secure.gravatar.com\/avatar\/8492ad2abcc45ce53969adcf8420acde.jpg?s=72&d=https%3A%2F%2Fa.slack-edge.com%2Fdf10d%2Fimg%2Favatars%2Fava_0008-72.png",
            "first_name": "",
            "real_name": "Antonio Linares",
            "display_name": "Antonio Linares",
            "team": "TJH5YU202",
            "name": "alinares",
            "is_restricted": false,
            "is_ultra_restricted": false
        },
        "blocks": [
            {
                "type": "rich_text",
                "block_id": "+nU",
                "elements": [
                    {
                        "type": "rich_text_section",
                        "elements": [
                            {
                                "type": "text",
                                "text": "Andreu, que tal te llevas con los mutex ?"
                            }
                        ]
                    }
                ]
            }
        ]
    },
    {
        "client_msg_id": "e2b60273-54f6-4335-976c-ef799994e65b",
        "type": "message",
        "text": "vuelvo en un momento",
        "user": "UNAHBRTFA",
        "ts": "1591859666.091600",
        "team": "TJH5YU202",
        "user_team": "TJH5YU202",
        "source_team": "TJH5YU202",
        "user_profile": {
            "avatar_hash": "g3d2a3f4c28c",
            "image_72": "https:\/\/secure.gravatar.com\/avatar\/23d2a3f4c28cebb4cf07e48d02620517.jpg?s=72&d=https%3A%2F%2Fa.slack-edge.com%2Fdf10d%2Fimg%2Favatars%2Fava_0020-72.png",
            "first_name": "Andreu",
            "real_name": "Andreu Botella",
            "display_name": "Andreu Botella",
            "team": "TJH5YU202",
            "name": "andreu.132",
            "is_restricted": false,
            "is_ultra_restricted": false
        },
        "blocks": [
            {
                "type": "rich_text",
                "block_id": "F0Ca",
                "elements": [
                    {
                        "type": "rich_text_section",
                        "elements": [
                            {
                                "type": "text",
                                "text": "vuelvo en un momento"
                            }
                        ]
                    }
                ]
            }
        ]
    },
    {
        "client_msg_id": "1ff1c006-9a05-4c0c-928a-c421dcfbe3f5",
        "type": "message",
        "text": "no soy un experto en mutex, pero los he usado",
        "user": "UNAHBRTFA",
        "ts": "1591860217.091900",
        "team": "TJH5YU202",
        "user_team": "TJH5YU202",
        "source_team": "TJH5YU202",
        "user_profile": {
            "avatar_hash": "g3d2a3f4c28c",
            "image_72": "https:\/\/secure.gravatar.com\/avatar\/23d2a3f4c28cebb4cf07e48d02620517.jpg?s=72&d=https%3A%2F%2Fa.slack-edge.com%2Fdf10d%2Fimg%2Favatars%2Fava_0020-72.png",
            "first_name": "Andreu",
            "real_name": "Andreu Botella",
            "display_name": "Andreu Botella",
            "team": "TJH5YU202",
            "name": "andreu.132",
            "is_restricted": false,
            "is_ultra_restricted": false
        },
        "blocks": [
            {
                "type": "rich_text",
                "block_id": "zqG92",
                "elements": [
                    {
                        "type": "rich_text_section",
                        "elements": [
                            {
                                "type": "text",
                                "text": "no soy un experto en mutex, pero los he usado"
                            }
                        ]
                    }
                ]
            }
        ]
    },
    {
        "client_msg_id": "4b585f6e-508e-47e1-9642-898e2552d92f",
        "type": "message",
        "text": "y si quieres que hable sobre Rust, en Rust los mutex están en parte verificados por el compilador, con un tipo MutexGuard que puedes convertir en un LockResult (un puntero gordo al tipo subyacente) que tienes que destruir\/liberar para liberar el mutex :smile:",
        "user": "UNAHBRTFA",
        "ts": "1591860422.094000",
        "team": "TJH5YU202",
        "user_team": "TJH5YU202",
        "source_team": "TJH5YU202",
        "user_profile": {
            "avatar_hash": "g3d2a3f4c28c",
            "image_72": "https:\/\/secure.gravatar.com\/avatar\/23d2a3f4c28cebb4cf07e48d02620517.jpg?s=72&d=https%3A%2F%2Fa.slack-edge.com%2Fdf10d%2Fimg%2Favatars%2Fava_0020-72.png",
            "first_name": "Andreu",
            "real_name": "Andreu Botella",
            "display_name": "Andreu Botella",
            "team": "TJH5YU202",
            "name": "andreu.132",
            "is_restricted": false,
            "is_ultra_restricted": false
        },
        "edited": {
            "user": "UNAHBRTFA",
            "ts": "1591860495.000000"
        },
        "blocks": [
            {
                "type": "rich_text",
                "block_id": "tro",
                "elements": [
                    {
                        "type": "rich_text_section",
                        "elements": [
                            {
                                "type": "text",
                                "text": "y si quieres que hable sobre Rust, en Rust los mutex están en parte verificados por el compilador, con un tipo MutexGuard que puedes convertir en un LockResult (un puntero gordo al tipo subyacente) que tienes que destruir\/liberar para liberar el mutex "
                            },
                            {
                                "type": "emoji",
                                "name": "smile"
                            }
                        ]
                    }
                ]
            }
        ]
    },
    {
        "client_msg_id": "79f16fb5-8145-46b5-8cf8-ace30bb51fc4",
        "type": "message",
        "text": ":open_mouth:",
        "user": "UJN8D8U3B",
        "ts": "1591860506.094800",
        "team": "TJH5YU202",
        "user_team": "TJH5YU202",
        "source_team": "TJH5YU202",
        "user_profile": {
            "avatar_hash": "g92ad2abcc45",
            "image_72": "https:\/\/secure.gravatar.com\/avatar\/8492ad2abcc45ce53969adcf8420acde.jpg?s=72&d=https%3A%2F%2Fa.slack-edge.com%2Fdf10d%2Fimg%2Favatars%2Fava_0008-72.png",
            "first_name": "",
            "real_name": "Antonio Linares",
            "display_name": "Antonio Linares",
            "team": "TJH5YU202",
            "name": "alinares",
            "is_restricted": false,
            "is_ultra_restricted": false
        },
        "blocks": [
            {
                "type": "rich_text",
                "block_id": "1+O",
                "elements": [
                    {
                        "type": "rich_text_section",
                        "elements": [
                            {
                                "type": "emoji",
                                "name": "open_mouth"
                            }
                        ]
                    }
                ]
            }
        ]
    },
    {
        "client_msg_id": "3d50b41f-15d2-45d2-a9b7-83a8effc00c7",
        "type": "message",
        "text": "no se asegura de que liberes el LockResult, pero si haces el mutex en un bloque se hace automáticamente, a lo C++",
        "user": "UNAHBRTFA",
        "ts": "1591860640.096400",
        "team": "TJH5YU202",
        "user_team": "TJH5YU202",
        "source_team": "TJH5YU202",
        "user_profile": {
            "avatar_hash": "g3d2a3f4c28c",
            "image_72": "https:\/\/secure.gravatar.com\/avatar\/23d2a3f4c28cebb4cf07e48d02620517.jpg?s=72&d=https%3A%2F%2Fa.slack-edge.com%2Fdf10d%2Fimg%2Favatars%2Fava_0020-72.png",
            "first_name": "Andreu",
            "real_name": "Andreu Botella",
            "display_name": "Andreu Botella",
            "team": "TJH5YU202",
            "name": "andreu.132",
            "is_restricted": false,
            "is_ultra_restricted": false
        },
        "edited": {
            "user": "UNAHBRTFA",
            "ts": "1591860682.000000"
        },
        "blocks": [
            {
                "type": "rich_text",
                "block_id": "xvkhq",
                "elements": [
                    {
                        "type": "rich_text_section",
                        "elements": [
                            {
                                "type": "text",
                                "text": "no se asegura de que liberes el LockResult, pero si haces el mutex en un bloque se hace automáticamente, a lo C++"
                            }
                        ]
                    }
                ]
            }
        ]
    },
    {
        "client_msg_id": "86762e6d-8647-4258-8fb5-30df20a183ef",
        "type": "message",
        "text": "```\/\/ Arc es necesario para compartirlo entre threads, y\n\/\/ un clone de Arc simplemente te da dos \"nombres\" al mismo puntero\nlet mutex = Arc::new(Mutex::new(0));\nlet c_mutex = mutex.clone();\n\n\/\/ .unwrap y .expect son parte del mecanismo de errores de Rust,\n\/\/ hacen terminar el programa si el lock no se ha podido hacer o\n\/\/ si no se ha podido crear el thread\nthread::spawn(move || {\n    *c_mutex.lock().unwrap() = 10;\n}).join().expect(\"thread::spawn failed\");\nassert_eq!(*mutex.lock().unwrap(), 10);```",
        "user": "UNAHBRTFA",
        "ts": "1591860703.096800",
        "team": "TJH5YU202",
        "user_team": "TJH5YU202",
        "source_team": "TJH5YU202",
        "user_profile": {
            "avatar_hash": "g3d2a3f4c28c",
            "image_72": "https:\/\/secure.gravatar.com\/avatar\/23d2a3f4c28cebb4cf07e48d02620517.jpg?s=72&d=https%3A%2F%2Fa.slack-edge.com%2Fdf10d%2Fimg%2Favatars%2Fava_0020-72.png",
            "first_name": "Andreu",
            "real_name": "Andreu Botella",
            "display_name": "Andreu Botella",
            "team": "TJH5YU202",
            "name": "andreu.132",
            "is_restricted": false,
            "is_ultra_restricted": false
        },
        "edited": {
            "user": "UNAHBRTFA",
            "ts": "1591860998.000000"
        },
        "blocks": [
            {
                "type": "rich_text",
                "block_id": "h2f",
                "elements": [
                    {
                        "type": "rich_text_preformatted",
                        "elements": [
                            {
                                "type": "text",
                                "text": "\/\/ Arc es necesario para compartirlo entre threads, y\n\/\/ un clone de Arc simplemente te da dos \"nombres\" al mismo puntero\nlet mutex = Arc::new(Mutex::new(0));\nlet c_mutex = mutex.clone();\n\n\/\/ .unwrap y .expect son parte del mecanismo de errores de Rust,\n\/\/ hacen terminar el programa si el lock no se ha podido hacer o\n\/\/ si no se ha podido crear el thread\nthread::spawn(move || {\n    *c_mutex.lock().unwrap() = 10;\n}).join().expect(\"thread::spawn failed\");\nassert_eq!(*mutex.lock().unwrap(), 10);"
                            }
                        ]
                    }
                ]
            }
        ]
    },
    {
        "client_msg_id": "c921ff33-4774-41df-b8c1-6737fbd4168b",
        "type": "message",
        "text": "y me callo ya sobre Rust :joy:",
        "user": "UNAHBRTFA",
        "ts": "1591861076.097500",
        "team": "TJH5YU202",
        "user_team": "TJH5YU202",
        "source_team": "TJH5YU202",
        "user_profile": {
            "avatar_hash": "g3d2a3f4c28c",
            "image_72": "https:\/\/secure.gravatar.com\/avatar\/23d2a3f4c28cebb4cf07e48d02620517.jpg?s=72&d=https%3A%2F%2Fa.slack-edge.com%2Fdf10d%2Fimg%2Favatars%2Fava_0020-72.png",
            "first_name": "Andreu",
            "real_name": "Andreu Botella",
            "display_name": "Andreu Botella",
            "team": "TJH5YU202",
            "name": "andreu.132",
            "is_restricted": false,
            "is_ultra_restricted": false
        },
        "blocks": [
            {
                "type": "rich_text",
                "block_id": "+Zu6",
                "elements": [
                    {
                        "type": "rich_text_section",
                        "elements": [
                            {
                                "type": "text",
                                "text": "y me callo ya sobre Rust "
                            },
                            {
                                "type": "emoji",
                                "name": "joy"
                            }
                        ]
                    }
                ]
            }
        ]
    },
    {
        "client_msg_id": "9dd1e6b8-7dc8-424a-8052-b0e476777677",
        "type": "message",
        "text": "pero mola que cosas así se puedan detectar desde el compilador",
        "user": "UNAHBRTFA",
        "ts": "1591861093.097800",
        "team": "TJH5YU202",
        "user_team": "TJH5YU202",
        "source_team": "TJH5YU202",
        "user_profile": {
            "avatar_hash": "g3d2a3f4c28c",
            "image_72": "https:\/\/secure.gravatar.com\/avatar\/23d2a3f4c28cebb4cf07e48d02620517.jpg?s=72&d=https%3A%2F%2Fa.slack-edge.com%2Fdf10d%2Fimg%2Favatars%2Fava_0020-72.png",
            "first_name": "Andreu",
            "real_name": "Andreu Botella",
            "display_name": "Andreu Botella",
            "team": "TJH5YU202",
            "name": "andreu.132",
            "is_restricted": false,
            "is_ultra_restricted": false
        },
        "blocks": [
            {
                "type": "rich_text",
                "block_id": "E5q",
                "elements": [
                    {
                        "type": "rich_text_section",
                        "elements": [
                            {
                                "type": "text",
                                "text": "pero mola que cosas así se puedan detectar desde el compilador"
                            }
                        ]
                    }
                ]
            }
        ]
    },
    {
        "client_msg_id": "e41ae0f3-38de-4005-89ca-d7aa81ceeeec",
        "type": "message",
        "text": "<http:\/\/xthefull.blogspot.com\/2016\/07\/mutex.html>",
        "user": "UJULQCHL5",
        "ts": "1591861372.098000",
        "team": "TJH5YU202",
        "user_team": "TJH5YU202",
        "source_team": "TJH5YU202",
        "user_profile": {
            "avatar_hash": "g7659142325a",
            "image_72": "https:\/\/secure.gravatar.com\/avatar\/c87659142325a3facb661d85281ec091.jpg?s=72&d=https%3A%2F%2Fa.slack-edge.com%2Fdf10d%2Fimg%2Favatars%2Fava_0003-72.png",
            "first_name": "",
            "real_name": "Paquito",
            "display_name": "Paquito",
            "team": "TJH5YU202",
            "name": "hmpaquito",
            "is_restricted": false,
            "is_ultra_restricted": false
        },
        "attachments": [
            {
                "title": "Mutex.",
                "title_link": "http:\/\/xthefull.blogspot.com\/2016\/07\/mutex.html",
                "text": "Blog sobre desarrollo y programación",
                "fallback": "Mutex.",
                "image_url": "https:\/\/lh3.googleusercontent.com\/Z92ylznh9LUf2HPPw9lPcCOJ_PkV7O7DVl15xcyWwXJ-zpNIs1FCDJJ9Gyt5_H3hCWE0Q1clRteh_AI_FR92hkEFJ-5DZ-7BeowsGWfNumh6WtshBrzZBQrD2WPQlzsqQsE6UlUb",
                "from_url": "http:\/\/xthefull.blogspot.com\/2016\/07\/mutex.html",
                "image_width": 590,
                "image_height": 250,
                "image_bytes": 24352,
                "service_icon": "http:\/\/xthefull.blogspot.com\/favicon.ico",
                "service_name": "xthefull.blogspot.com",
                "id": 1,
                "original_url": "http:\/\/xthefull.blogspot.com\/2016\/07\/mutex.html"
            }
        ],
        "blocks": [
            {
                "type": "rich_text",
                "block_id": "sls",
                "elements": [
                    {
                        "type": "rich_text_section",
                        "elements": [
                            {
                                "type": "link",
                                "url": "http:\/\/xthefull.blogspot.com\/2016\/07\/mutex.html"
                            }
                        ]
                    }
                ]
            }
        ]
    },
    {
        "client_msg_id": "972ec542-8531-4853-8f32-96eaeccca901",
        "type": "message",
        "text": "<http:\/\/xthefull.blogspot.com\/2016\/07\/sincronizacion-de-threads-subscribe.html>",
        "user": "UJULQCHL5",
        "ts": "1591861424.098300",
        "team": "TJH5YU202",
        "user_team": "TJH5YU202",
        "source_team": "TJH5YU202",
        "user_profile": {
            "avatar_hash": "g7659142325a",
            "image_72": "https:\/\/secure.gravatar.com\/avatar\/c87659142325a3facb661d85281ec091.jpg?s=72&d=https%3A%2F%2Fa.slack-edge.com%2Fdf10d%2Fimg%2Favatars%2Fava_0003-72.png",
            "first_name": "",
            "real_name": "Paquito",
            "display_name": "Paquito",
            "team": "TJH5YU202",
            "name": "hmpaquito",
            "is_restricted": false,
            "is_ultra_restricted": false
        },
        "attachments": [
            {
                "title": "Sincronización de Threads. Subscribe &amp; Notify",
                "title_link": "http:\/\/xthefull.blogspot.com\/2016\/07\/sincronizacion-de-threads-subscribe.html",
                "text": "Blog sobre desarrollo y programación",
                "fallback": "Sincronización de Threads. Subscribe &amp; Notify",
                "image_url": "https:\/\/lh5.googleusercontent.com\/E-jtr-_Q-HxfEzV2lPxpGtSHtCFoVDgh2HdZ7G4aiSLCfKKNqUWrItgkbFF-e57d9gync3LbWgfBJKmIVWaxlL3jlQ8V1Lv0uy0gwBFw7WXyMaQM48Tnvn1AYULTQwejrvmCNXy0",
                "from_url": "http:\/\/xthefull.blogspot.com\/2016\/07\/sincronizacion-de-threads-subscribe.html",
                "image_width": 607,
                "image_height": 250,
                "image_bytes": 30046,
                "service_icon": "http:\/\/xthefull.blogspot.com\/favicon.ico",
                "service_name": "xthefull.blogspot.com",
                "id": 1,
                "original_url": "http:\/\/xthefull.blogspot.com\/2016\/07\/sincronizacion-de-threads-subscribe.html"
            }
        ],
        "blocks": [
            {
                "type": "rich_text",
                "block_id": "iJx2t",
                "elements": [
                    {
                        "type": "rich_text_section",
                        "elements": [
                            {
                                "type": "link",
                                "url": "http:\/\/xthefull.blogspot.com\/2016\/07\/sincronizacion-de-threads-subscribe.html"
                            }
                        ]
                    }
                ]
            }
        ]
    },
    {
        "client_msg_id": "7b114267-0080-4e77-90b1-fedf6c70c95e",
        "type": "message",
        "text": "<http:\/\/xthefull.blogspot.com\/2016\/07\/notas-finales-de-threads-en-harbour.html>",
        "user": "UJULQCHL5",
        "ts": "1591861446.098600",
        "team": "TJH5YU202",
        "user_team": "TJH5YU202",
        "source_team": "TJH5YU202",
        "user_profile": {
            "avatar_hash": "g7659142325a",
            "image_72": "https:\/\/secure.gravatar.com\/avatar\/c87659142325a3facb661d85281ec091.jpg?s=72&d=https%3A%2F%2Fa.slack-edge.com%2Fdf10d%2Fimg%2Favatars%2Fava_0003-72.png",
            "first_name": "",
            "real_name": "Paquito",
            "display_name": "Paquito",
            "team": "TJH5YU202",
            "name": "hmpaquito",
            "is_restricted": false,
            "is_ultra_restricted": false
        },
        "attachments": [
            {
                "title": "NOTAS FINALES de Threads en Harbour",
                "title_link": "http:\/\/xthefull.blogspot.com\/2016\/07\/notas-finales-de-threads-en-harbour.html",
                "text": "Blog sobre desarrollo y programación",
                "fallback": "NOTAS FINALES de Threads en Harbour",
                "from_url": "http:\/\/xthefull.blogspot.com\/2016\/07\/notas-finales-de-threads-en-harbour.html",
                "service_icon": "http:\/\/xthefull.blogspot.com\/favicon.ico",
                "service_name": "xthefull.blogspot.com",
                "id": 1,
                "original_url": "http:\/\/xthefull.blogspot.com\/2016\/07\/notas-finales-de-threads-en-harbour.html"
            }
        ],
        "blocks": [
            {
                "type": "rich_text",
                "block_id": "2jSeO",
                "elements": [
                    {
                        "type": "rich_text_section",
                        "elements": [
                            {
                                "type": "link",
                                "url": "http:\/\/xthefull.blogspot.com\/2016\/07\/notas-finales-de-threads-en-harbour.html"
                            }
                        ]
                    }
                ]
            }
        ]
    },
    {
        "client_msg_id": "89383b08-de44-4cb4-a048-a35d5b4afc7c",
        "type": "message",
        "text": "Gracias Paco. Lo necesitamos a bajo nivel",
        "user": "UJN8D8U3B",
        "ts": "1591861647.099700",
        "team": "TJH5YU202",
        "user_team": "TJH5YU202",
        "source_team": "TJH5YU202",
        "user_profile": {
            "avatar_hash": "g92ad2abcc45",
            "image_72": "https:\/\/secure.gravatar.com\/avatar\/8492ad2abcc45ce53969adcf8420acde.jpg?s=72&d=https%3A%2F%2Fa.slack-edge.com%2Fdf10d%2Fimg%2Favatars%2Fava_0008-72.png",
            "first_name": "",
            "real_name": "Antonio Linares",
            "display_name": "Antonio Linares",
            "team": "TJH5YU202",
            "name": "alinares",
            "is_restricted": false,
            "is_ultra_restricted": false
        },
        "blocks": [
            {
                "type": "rich_text",
                "block_id": "\/n8V",
                "elements": [
                    {
                        "type": "rich_text_section",
                        "elements": [
                            {
                                "type": "text",
                                "text": "Gracias Paco. Lo necesitamos a bajo nivel"
                            }
                        ]
                    }
                ]
            }
        ]
    },
    {
        "client_msg_id": "67d153ea-33b0-44d6-b2c0-854d9a399a2b",
        "type": "message",
        "text": "mod_harbour.c es el que tiene que lidiar con los mutexes",
        "user": "UJN8D8U3B",
        "ts": "1591861661.100000",
        "team": "TJH5YU202",
        "user_team": "TJH5YU202",
        "source_team": "TJH5YU202",
        "user_profile": {
            "avatar_hash": "g92ad2abcc45",
            "image_72": "https:\/\/secure.gravatar.com\/avatar\/8492ad2abcc45ce53969adcf8420acde.jpg?s=72&d=https%3A%2F%2Fa.slack-edge.com%2Fdf10d%2Fimg%2Favatars%2Fava_0008-72.png",
            "first_name": "",
            "real_name": "Antonio Linares",
            "display_name": "Antonio Linares",
            "team": "TJH5YU202",
            "name": "alinares",
            "is_restricted": false,
            "is_ultra_restricted": false
        },
        "blocks": [
            {
                "type": "rich_text",
                "block_id": "3McT",
                "elements": [
                    {
                        "type": "rich_text_section",
                        "elements": [
                            {
                                "type": "text",
                                "text": "mod_harbour.c es el que tiene que lidiar con los mutexes"
                            }
                        ]
                    }
                ]
            }
        ]
    },
    {
        "client_msg_id": "89be4ac0-1c8e-4ab3-8d70-d6e75a613d5a",
        "type": "message",
        "text": "necesitamos ejemplos de uso de mutexes con el API propio de Apache",
        "user": "UJN8D8U3B",
        "ts": "1591862024.100700",
        "team": "TJH5YU202",
        "user_team": "TJH5YU202",
        "source_team": "TJH5YU202",
        "user_profile": {
            "avatar_hash": "g92ad2abcc45",
            "image_72": "https:\/\/secure.gravatar.com\/avatar\/8492ad2abcc45ce53969adcf8420acde.jpg?s=72&d=https%3A%2F%2Fa.slack-edge.com%2Fdf10d%2Fimg%2Favatars%2Fava_0008-72.png",
            "first_name": "",
            "real_name": "Antonio Linares",
            "display_name": "Antonio Linares",
            "team": "TJH5YU202",
            "name": "alinares",
            "is_restricted": false,
            "is_ultra_restricted": false
        },
        "blocks": [
            {
                "type": "rich_text",
                "block_id": "DFP+",
                "elements": [
                    {
                        "type": "rich_text_section",
                        "elements": [
                            {
                                "type": "text",
                                "text": "necesitamos ejemplos de uso de mutexes con el API propio de Apache"
                            }
                        ]
                    }
                ]
            }
        ]
    },
    {
        "client_msg_id": "46c6b6f6-a049-4696-bed5-fe695b7aed7c",
        "type": "message",
        "text": "el problema que tienes es con el `apr_pool_t*`, ¿verdad?",
        "user": "UNAHBRTFA",
        "ts": "1591862232.101100",
        "team": "TJH5YU202",
        "user_team": "TJH5YU202",
        "source_team": "TJH5YU202",
        "user_profile": {
            "avatar_hash": "g3d2a3f4c28c",
            "image_72": "https:\/\/secure.gravatar.com\/avatar\/23d2a3f4c28cebb4cf07e48d02620517.jpg?s=72&d=https%3A%2F%2Fa.slack-edge.com%2Fdf10d%2Fimg%2Favatars%2Fava_0020-72.png",
            "first_name": "Andreu",
            "real_name": "Andreu Botella",
            "display_name": "Andreu Botella",
            "team": "TJH5YU202",
            "name": "andreu.132",
            "is_restricted": false,
            "is_ultra_restricted": false
        },
        "blocks": [
            {
                "type": "rich_text",
                "block_id": "1r\/",
                "elements": [
                    {
                        "type": "rich_text_section",
                        "elements": [
                            {
                                "type": "text",
                                "text": "el problema que tienes es con el "
                            },
                            {
                                "type": "text",
                                "text": "apr_pool_t*",
                                "style": {
                                    "code": true
                                }
                            },
                            {
                                "type": "text",
                                "text": ", ¿verdad?"
                            }
                        ]
                    }
                ]
            }
        ]
    },
    {
        "client_msg_id": "93774368-a407-46cd-87f1-7fad8b21b7ea",
        "type": "message",
        "text": "queremos dar numeros consecutivos como en el turno de un supermercado",
        "user": "UJN8D8U3B",
        "ts": "1591862443.102000",
        "team": "TJH5YU202",
        "user_team": "TJH5YU202",
        "source_team": "TJH5YU202",
        "user_profile": {
            "avatar_hash": "g92ad2abcc45",
            "image_72": "https:\/\/secure.gravatar.com\/avatar\/8492ad2abcc45ce53969adcf8420acde.jpg?s=72&d=https%3A%2F%2Fa.slack-edge.com%2Fdf10d%2Fimg%2Favatars%2Fava_0008-72.png",
            "first_name": "",
            "real_name": "Antonio Linares",
            "display_name": "Antonio Linares",
            "team": "TJH5YU202",
            "name": "alinares",
            "is_restricted": false,
            "is_ultra_restricted": false
        },
        "blocks": [
            {
                "type": "rich_text",
                "block_id": "TJgj",
                "elements": [
                    {
                        "type": "rich_text_section",
                        "elements": [
                            {
                                "type": "text",
                                "text": "queremos dar numeros consecutivos como en el turno de un supermercado"
                            }
                        ]
                    }
                ]
            }
        ]
    },
    {
        "client_msg_id": "63182a64-799f-4708-86a8-f9aa546a5571",
        "type": "message",
        "text": "a cada petición se le da un numero de DLL a usar",
        "user": "UJN8D8U3B",
        "ts": "1591862484.102500",
        "team": "TJH5YU202",
        "user_team": "TJH5YU202",
        "source_team": "TJH5YU202",
        "user_profile": {
            "avatar_hash": "g92ad2abcc45",
            "image_72": "https:\/\/secure.gravatar.com\/avatar\/8492ad2abcc45ce53969adcf8420acde.jpg?s=72&d=https%3A%2F%2Fa.slack-edge.com%2Fdf10d%2Fimg%2Favatars%2Fava_0008-72.png",
            "first_name": "",
            "real_name": "Antonio Linares",
            "display_name": "Antonio Linares",
            "team": "TJH5YU202",
            "name": "alinares",
            "is_restricted": false,
            "is_ultra_restricted": false
        },
        "blocks": [
            {
                "type": "rich_text",
                "block_id": "yfbw",
                "elements": [
                    {
                        "type": "rich_text_section",
                        "elements": [
                            {
                                "type": "text",
                                "text": "a cada petición se le da un numero de DLL a usar"
                            }
                        ]
                    }
                ]
            }
        ]
    },
    {
        "client_msg_id": "ac4b12a6-5b11-43d0-9f74-277db28bc37a",
        "type": "message",
        "text": "i = iLib++",
        "user": "UJN8D8U3B",
        "ts": "1591862491.102700",
        "team": "TJH5YU202",
        "user_team": "TJH5YU202",
        "source_team": "TJH5YU202",
        "user_profile": {
            "avatar_hash": "g92ad2abcc45",
            "image_72": "https:\/\/secure.gravatar.com\/avatar\/8492ad2abcc45ce53969adcf8420acde.jpg?s=72&d=https%3A%2F%2Fa.slack-edge.com%2Fdf10d%2Fimg%2Favatars%2Fava_0008-72.png",
            "first_name": "",
            "real_name": "Antonio Linares",
            "display_name": "Antonio Linares",
            "team": "TJH5YU202",
            "name": "alinares",
            "is_restricted": false,
            "is_ultra_restricted": false
        },
        "blocks": [
            {
                "type": "rich_text",
                "block_id": "7EU",
                "elements": [
                    {
                        "type": "rich_text_section",
                        "elements": [
                            {
                                "type": "text",
                                "text": "i = iLib++"
                            }
                        ]
                    }
                ]
            }
        ]
    },
    {
        "client_msg_id": "4e6cecf3-b15f-450b-b581-be626a0d603c",
        "type": "message",
        "text": "las funciones de mutex de apr toman un `apr_pool_t*`, que se puede crear, pero probablemente apache \/ el hilo ya viene con uno",
        "user": "UNAHBRTFA",
        "ts": "1591862585.103300",
        "team": "TJH5YU202",
        "user_team": "TJH5YU202",
        "source_team": "TJH5YU202",
        "user_profile": {
            "avatar_hash": "g3d2a3f4c28c",
            "image_72": "https:\/\/secure.gravatar.com\/avatar\/23d2a3f4c28cebb4cf07e48d02620517.jpg?s=72&d=https%3A%2F%2Fa.slack-edge.com%2Fdf10d%2Fimg%2Favatars%2Fava_0020-72.png",
            "first_name": "Andreu",
            "real_name": "Andreu Botella",
            "display_name": "Andreu Botella",
            "team": "TJH5YU202",
            "name": "andreu.132",
            "is_restricted": false,
            "is_ultra_restricted": false
        },
        "edited": {
            "user": "UNAHBRTFA",
            "ts": "1591862603.000000"
        },
        "blocks": [
            {
                "type": "rich_text",
                "block_id": "5uEO",
                "elements": [
                    {
                        "type": "rich_text_section",
                        "elements": [
                            {
                                "type": "text",
                                "text": "las funciones de mutex de apr toman un "
                            },
                            {
                                "type": "text",
                                "text": "apr_pool_t*",
                                "style": {
                                    "code": true
                                }
                            },
                            {
                                "type": "text",
                                "text": ", que se puede crear, pero probablemente apache \/ el hilo ya viene con uno"
                            }
                        ]
                    }
                ]
            }
        ]
    },
    {
        "client_msg_id": "e30467cc-4547-48c9-920a-2323d604cd0e",
        "type": "message",
        "text": "estaba pensando que si lo único que vas a usar con el mutex es un número, podrías usar operaciones atómicas en vez de mutex",
        "user": "UNAHBRTFA",
        "ts": "1591863746.104600",
        "team": "TJH5YU202",
        "user_team": "TJH5YU202",
        "source_team": "TJH5YU202",
        "user_profile": {
            "avatar_hash": "g3d2a3f4c28c",
            "image_72": "https:\/\/secure.gravatar.com\/avatar\/23d2a3f4c28cebb4cf07e48d02620517.jpg?s=72&d=https%3A%2F%2Fa.slack-edge.com%2Fdf10d%2Fimg%2Favatars%2Fava_0020-72.png",
            "first_name": "Andreu",
            "real_name": "Andreu Botella",
            "display_name": "Andreu Botella",
            "team": "TJH5YU202",
            "name": "andreu.132",
            "is_restricted": false,
            "is_ultra_restricted": false
        },
        "blocks": [
            {
                "type": "rich_text",
                "block_id": "3mFr",
                "elements": [
                    {
                        "type": "rich_text_section",
                        "elements": [
                            {
                                "type": "text",
                                "text": "estaba pensando que si lo único que vas a usar con el mutex es un número, podrías usar operaciones atómicas en vez de mutex"
                            }
                        ]
                    }
                ]
            }
        ]
    },
    {
        "client_msg_id": "bbb0a115-193b-40c3-aca7-aab3dd4eea94",
        "type": "message",
        "text": "pero no tengo el gusto de haber trabajado en ellas en C (solo un poco en Rust)",
        "user": "UNAHBRTFA",
        "ts": "1591863764.105000",
        "team": "TJH5YU202",
        "user_team": "TJH5YU202",
        "source_team": "TJH5YU202",
        "user_profile": {
            "avatar_hash": "g3d2a3f4c28c",
            "image_72": "https:\/\/secure.gravatar.com\/avatar\/23d2a3f4c28cebb4cf07e48d02620517.jpg?s=72&d=https%3A%2F%2Fa.slack-edge.com%2Fdf10d%2Fimg%2Favatars%2Fava_0020-72.png",
            "first_name": "Andreu",
            "real_name": "Andreu Botella",
            "display_name": "Andreu Botella",
            "team": "TJH5YU202",
            "name": "andreu.132",
            "is_restricted": false,
            "is_ultra_restricted": false
        },
        "blocks": [
            {
                "type": "rich_text",
                "block_id": "Goe",
                "elements": [
                    {
                        "type": "rich_text_section",
                        "elements": [
                            {
                                "type": "text",
                                "text": "pero no tengo el gusto de haber trabajado en ellas en C (solo un poco en Rust)"
                            }
                        ]
                    }
                ]
            }
        ]
    },
    {
        "client_msg_id": "bbf13aa7-566e-4563-97bb-6790792a016a",
        "type": "message",
        "text": "ayer probamos con funciones atómicas pero no van bien",
        "user": "UJN8D8U3B",
        "ts": "1591864801.105300",
        "team": "TJH5YU202",
        "user_team": "TJH5YU202",
        "source_team": "TJH5YU202",
        "user_profile": {
            "avatar_hash": "g92ad2abcc45",
            "image_72": "https:\/\/secure.gravatar.com\/avatar\/8492ad2abcc45ce53969adcf8420acde.jpg?s=72&d=https%3A%2F%2Fa.slack-edge.com%2Fdf10d%2Fimg%2Favatars%2Fava_0008-72.png",
            "first_name": "",
            "real_name": "Antonio Linares",
            "display_name": "Antonio Linares",
            "team": "TJH5YU202",
            "name": "alinares",
            "is_restricted": false,
            "is_ultra_restricted": false
        },
        "blocks": [
            {
                "type": "rich_text",
                "block_id": "1d96",
                "elements": [
                    {
                        "type": "rich_text_section",
                        "elements": [
                            {
                                "type": "text",
                                "text": "ayer probamos con funciones atómicas pero no van bien"
                            }
                        ]
                    }
                ]
            }
        ]
    },
    {
        "client_msg_id": "330cc786-6636-4136-8703-fc783d9dd5ce",
        "type": "message",
        "text": "Por otra parte vamos a construir un mod_harbour fastCGI",
        "user": "UJN8D8U3B",
        "ts": "1591864840.105900",
        "team": "TJH5YU202",
        "user_team": "TJH5YU202",
        "source_team": "TJH5YU202",
        "user_profile": {
            "avatar_hash": "g92ad2abcc45",
            "image_72": "https:\/\/secure.gravatar.com\/avatar\/8492ad2abcc45ce53969adcf8420acde.jpg?s=72&d=https%3A%2F%2Fa.slack-edge.com%2Fdf10d%2Fimg%2Favatars%2Fava_0008-72.png",
            "first_name": "",
            "real_name": "Antonio Linares",
            "display_name": "Antonio Linares",
            "team": "TJH5YU202",
            "name": "alinares",
            "is_restricted": false,
            "is_ultra_restricted": false
        },
        "blocks": [
            {
                "type": "rich_text",
                "block_id": "yAFL",
                "elements": [
                    {
                        "type": "rich_text_section",
                        "elements": [
                            {
                                "type": "text",
                                "text": "Por otra parte vamos a construir un mod_harbour fastCGI"
                            }
                        ]
                    }
                ]
            }
        ]
    },
    {
        "client_msg_id": "3e680315-7947-4c9a-a3a3-1ef77f77c95e",
        "type": "message",
        "text": "y evitarnos todo el tema de mutexes, etc",
        "user": "UJN8D8U3B",
        "ts": "1591864851.106200",
        "team": "TJH5YU202",
        "user_team": "TJH5YU202",
        "source_team": "TJH5YU202",
        "user_profile": {
            "avatar_hash": "g92ad2abcc45",
            "image_72": "https:\/\/secure.gravatar.com\/avatar\/8492ad2abcc45ce53969adcf8420acde.jpg?s=72&d=https%3A%2F%2Fa.slack-edge.com%2Fdf10d%2Fimg%2Favatars%2Fava_0008-72.png",
            "first_name": "",
            "real_name": "Antonio Linares",
            "display_name": "Antonio Linares",
            "team": "TJH5YU202",
            "name": "alinares",
            "is_restricted": false,
            "is_ultra_restricted": false
        },
        "blocks": [
            {
                "type": "rich_text",
                "block_id": "0MYmy",
                "elements": [
                    {
                        "type": "rich_text_section",
                        "elements": [
                            {
                                "type": "text",
                                "text": "y evitarnos todo el tema de mutexes, etc"
                            }
                        ]
                    }
                ]
            }
        ]
    },
    {
        "client_msg_id": "1c41a435-10b0-42ae-a52c-b453a14e0665",
        "type": "message",
        "text": "y llegar a la maxima velocidad",
        "user": "UJN8D8U3B",
        "ts": "1591864866.106500",
        "team": "TJH5YU202",
        "user_team": "TJH5YU202",
        "source_team": "TJH5YU202",
        "user_profile": {
            "avatar_hash": "g92ad2abcc45",
            "image_72": "https:\/\/secure.gravatar.com\/avatar\/8492ad2abcc45ce53969adcf8420acde.jpg?s=72&d=https%3A%2F%2Fa.slack-edge.com%2Fdf10d%2Fimg%2Favatars%2Fava_0008-72.png",
            "first_name": "",
            "real_name": "Antonio Linares",
            "display_name": "Antonio Linares",
            "team": "TJH5YU202",
            "name": "alinares",
            "is_restricted": false,
            "is_ultra_restricted": false
        },
        "blocks": [
            {
                "type": "rich_text",
                "block_id": "g9P",
                "elements": [
                    {
                        "type": "rich_text_section",
                        "elements": [
                            {
                                "type": "text",
                                "text": "y llegar a la maxima velocidad"
                            }
                        ]
                    }
                ]
            }
        ]
    },
    {
        "client_msg_id": "6c77d846-0b2e-4112-b0e9-ac8b8dd580d3",
        "type": "message",
        "text": "Ánimo Antonio... que llevas carrera :slightly_smiling_face:",
        "user": "UJULQCHL5",
        "ts": "1591864923.106900",
        "team": "TJH5YU202",
        "user_team": "TJH5YU202",
        "source_team": "TJH5YU202",
        "user_profile": {
            "avatar_hash": "g7659142325a",
            "image_72": "https:\/\/secure.gravatar.com\/avatar\/c87659142325a3facb661d85281ec091.jpg?s=72&d=https%3A%2F%2Fa.slack-edge.com%2Fdf10d%2Fimg%2Favatars%2Fava_0003-72.png",
            "first_name": "",
            "real_name": "Paquito",
            "display_name": "Paquito",
            "team": "TJH5YU202",
            "name": "hmpaquito",
            "is_restricted": false,
            "is_ultra_restricted": false
        },
        "blocks": [
            {
                "type": "rich_text",
                "block_id": "98i=i",
                "elements": [
                    {
                        "type": "rich_text_section",
                        "elements": [
                            {
                                "type": "text",
                                "text": "Ánimo Antonio... que llevas carrera "
                            },
                            {
                                "type": "emoji",
                                "name": "slightly_smiling_face"
                            }
                        ]
                    }
                ]
            }
        ]
    }
]