[
    {
        "client_msg_id": "a7a22492-be5e-4231-acd5-57856ed77f9e",
        "type": "message",
        "text": "Estaba pensando que si se intentara hacer un superconjunto de una máquina de Turing, el universo se convertiría en un agujero negro por exceso de entropía.",
        "user": "UNAHBRTFA",
        "ts": "1589414410.246100",
        "team": "TJH5YU202",
        "user_team": "TJH5YU202",
        "source_team": "TJH5YU202",
        "user_profile": {
            "avatar_hash": "g3d2a3f4c28c",
            "image_72": "https:\/\/secure.gravatar.com\/avatar\/23d2a3f4c28cebb4cf07e48d02620517.jpg?s=72&d=https%3A%2F%2Fa.slack-edge.com%2Fdf10d%2Fimg%2Favatars%2Fava_0020-72.png",
            "first_name": "Andreu",
            "real_name": "Andreu Botella",
            "display_name": "Andreu Botella",
            "team": "TJH5YU202",
            "name": "andreu.132",
            "is_restricted": false,
            "is_ultra_restricted": false
        },
        "edited": {
            "user": "UNAHBRTFA",
            "ts": "1589414501.000000"
        },
        "blocks": [
            {
                "type": "rich_text",
                "block_id": "HLFo",
                "elements": [
                    {
                        "type": "rich_text_section",
                        "elements": [
                            {
                                "type": "text",
                                "text": "Estaba pensando que si se intentara hacer un superconjunto de una máquina de Turing, el universo se convertiría en un agujero negro por exceso de entropía."
                            }
                        ]
                    }
                ]
            }
        ]
    },
    {
        "client_msg_id": "69a865d6-3bc1-4b55-9e43-159d2d39f7c3",
        "type": "message",
        "text": "¿Nadie más se plantea estas cosas?",
        "user": "UNAHBRTFA",
        "ts": "1589414540.246700",
        "team": "TJH5YU202",
        "user_team": "TJH5YU202",
        "source_team": "TJH5YU202",
        "user_profile": {
            "avatar_hash": "g3d2a3f4c28c",
            "image_72": "https:\/\/secure.gravatar.com\/avatar\/23d2a3f4c28cebb4cf07e48d02620517.jpg?s=72&d=https%3A%2F%2Fa.slack-edge.com%2Fdf10d%2Fimg%2Favatars%2Fava_0020-72.png",
            "first_name": "Andreu",
            "real_name": "Andreu Botella",
            "display_name": "Andreu Botella",
            "team": "TJH5YU202",
            "name": "andreu.132",
            "is_restricted": false,
            "is_ultra_restricted": false
        },
        "blocks": [
            {
                "type": "rich_text",
                "block_id": "jcL",
                "elements": [
                    {
                        "type": "rich_text_section",
                        "elements": [
                            {
                                "type": "text",
                                "text": "¿Nadie más se plantea estas cosas?"
                            }
                        ]
                    }
                ]
            }
        ]
    },
    {
        "client_msg_id": "9e79104e-88f1-4494-8344-1e39fa02884c",
        "type": "message",
        "text": "El δαίμων de Maxwell moriría por exceso de trabajo.",
        "user": "UNAHBRTFA",
        "ts": "1589414713.247000",
        "team": "TJH5YU202",
        "user_team": "TJH5YU202",
        "source_team": "TJH5YU202",
        "user_profile": {
            "avatar_hash": "g3d2a3f4c28c",
            "image_72": "https:\/\/secure.gravatar.com\/avatar\/23d2a3f4c28cebb4cf07e48d02620517.jpg?s=72&d=https%3A%2F%2Fa.slack-edge.com%2Fdf10d%2Fimg%2Favatars%2Fava_0020-72.png",
            "first_name": "Andreu",
            "real_name": "Andreu Botella",
            "display_name": "Andreu Botella",
            "team": "TJH5YU202",
            "name": "andreu.132",
            "is_restricted": false,
            "is_ultra_restricted": false
        },
        "blocks": [
            {
                "type": "rich_text",
                "block_id": "sKgo",
                "elements": [
                    {
                        "type": "rich_text_section",
                        "elements": [
                            {
                                "type": "text",
                                "text": "El δαίμων de Maxwell moriría por exceso de trabajo."
                            }
                        ]
                    }
                ]
            }
        ]
    },
    {
        "client_msg_id": "73a9941b-ad00-4933-addf-ec57f088263f",
        "type": "message",
        "text": "Andreu la verdad no, en mi caso aun tengo hijos en la escuela, y es pensar en como poder ayudarles, darles \"cafe cargado\", terapia, motivación y uno que otro regano para que se ponga a trabajar, asi que pensar en agujeros negros, pues... no mucho.",
        "user": "UJUSD6VB2",
        "ts": "1589416849.249300",
        "team": "TJH5YU202",
        "user_team": "TJH5YU202",
        "source_team": "TJH5YU202",
        "user_profile": {
            "avatar_hash": "g1677a02d0b6",
            "image_72": "https:\/\/secure.gravatar.com\/avatar\/bb1677a02d0b69ba91eb245090c7c83a.jpg?s=72&d=https%3A%2F%2Fa.slack-edge.com%2Fdf10d%2Fimg%2Favatars%2Fava_0015-72.png",
            "first_name": "",
            "real_name": "Osvaldo Ramirez",
            "display_name": "Osvaldo Ramirez",
            "team": "TJH5YU202",
            "name": "ramirezosvaldo",
            "is_restricted": false,
            "is_ultra_restricted": false
        },
        "blocks": [
            {
                "type": "rich_text",
                "block_id": "5HqP",
                "elements": [
                    {
                        "type": "rich_text_section",
                        "elements": [
                            {
                                "type": "text",
                                "text": "Andreu la verdad no, en mi caso aun tengo hijos en la escuela, y es pensar en como poder ayudarles, darles \"cafe cargado\", terapia, motivación y uno que otro regano para que se ponga a trabajar, asi que pensar en agujeros negros, pues... no mucho."
                            }
                        ]
                    }
                ]
            }
        ]
    },
    {
        "client_msg_id": "f79bf755-c1a5-4e14-88e9-8a88347a2f4f",
        "type": "message",
        "text": "Mi tren del pensamiento venía de intentar explicar el problema de la parada en con que Alan Turing fundó la ciencia de la computación en un único artículo científico, y a partir de ahí me planteé si sería posible hacer un superconjunto computacional de la máquina de Turing.",
        "user": "UNAHBRTFA",
        "ts": "1589417147.251200",
        "team": "TJH5YU202",
        "user_team": "TJH5YU202",
        "source_team": "TJH5YU202",
        "user_profile": {
            "avatar_hash": "g3d2a3f4c28c",
            "image_72": "https:\/\/secure.gravatar.com\/avatar\/23d2a3f4c28cebb4cf07e48d02620517.jpg?s=72&d=https%3A%2F%2Fa.slack-edge.com%2Fdf10d%2Fimg%2Favatars%2Fava_0020-72.png",
            "first_name": "Andreu",
            "real_name": "Andreu Botella",
            "display_name": "Andreu Botella",
            "team": "TJH5YU202",
            "name": "andreu.132",
            "is_restricted": false,
            "is_ultra_restricted": false
        },
        "blocks": [
            {
                "type": "rich_text",
                "block_id": "r4j",
                "elements": [
                    {
                        "type": "rich_text_section",
                        "elements": [
                            {
                                "type": "text",
                                "text": "Mi tren del pensamiento venía de intentar explicar el problema de la parada en con que Alan Turing fundó la ciencia de la computación en un único artículo científico, y a partir de ahí me planteé si sería posible hacer un superconjunto computacional de la máquina de Turing."
                            }
                        ]
                    }
                ]
            }
        ]
    },
    {
        "client_msg_id": "bccc3036-65b2-4856-9a94-3136f69feb9c",
        "type": "message",
        "text": "Pero probablemente (según la tesis de Turing-Churchill) el universo es equivalente a una máquina de Turing, así que sería imposible hacer algo así...",
        "user": "UNAHBRTFA",
        "ts": "1589417255.253200",
        "team": "TJH5YU202",
        "user_team": "TJH5YU202",
        "source_team": "TJH5YU202",
        "user_profile": {
            "avatar_hash": "g3d2a3f4c28c",
            "image_72": "https:\/\/secure.gravatar.com\/avatar\/23d2a3f4c28cebb4cf07e48d02620517.jpg?s=72&d=https%3A%2F%2Fa.slack-edge.com%2Fdf10d%2Fimg%2Favatars%2Fava_0020-72.png",
            "first_name": "Andreu",
            "real_name": "Andreu Botella",
            "display_name": "Andreu Botella",
            "team": "TJH5YU202",
            "name": "andreu.132",
            "is_restricted": false,
            "is_ultra_restricted": false
        },
        "blocks": [
            {
                "type": "rich_text",
                "block_id": "Uo3",
                "elements": [
                    {
                        "type": "rich_text_section",
                        "elements": [
                            {
                                "type": "text",
                                "text": "Pero probablemente (según la tesis de Turing-Churchill) el universo es equivalente a una máquina de Turing, así que sería imposible hacer algo así..."
                            }
                        ]
                    }
                ]
            }
        ]
    },
    {
        "client_msg_id": "3a7f1dcd-fb9d-40c1-8783-98d13d73cbef",
        "type": "message",
        "text": "...pero en la teoría del universo holográfico, si intentas hacer cosas que se salen de la \"capacidad\" del universo, lo conviertes un en agujero negro.",
        "user": "UNAHBRTFA",
        "ts": "1589417259.253400",
        "team": "TJH5YU202",
        "user_team": "TJH5YU202",
        "source_team": "TJH5YU202",
        "user_profile": {
            "avatar_hash": "g3d2a3f4c28c",
            "image_72": "https:\/\/secure.gravatar.com\/avatar\/23d2a3f4c28cebb4cf07e48d02620517.jpg?s=72&d=https%3A%2F%2Fa.slack-edge.com%2Fdf10d%2Fimg%2Favatars%2Fava_0020-72.png",
            "first_name": "Andreu",
            "real_name": "Andreu Botella",
            "display_name": "Andreu Botella",
            "team": "TJH5YU202",
            "name": "andreu.132",
            "is_restricted": false,
            "is_ultra_restricted": false
        },
        "blocks": [
            {
                "type": "rich_text",
                "block_id": "yfog",
                "elements": [
                    {
                        "type": "rich_text_section",
                        "elements": [
                            {
                                "type": "text",
                                "text": "...pero en la teoría del universo holográfico, si intentas hacer cosas que se salen de la \"capacidad\" del universo, lo conviertes un en agujero negro."
                            }
                        ]
                    }
                ]
            }
        ]
    },
    {
        "client_msg_id": "c9ff20f2-d4b3-4e62-9fc3-69712eb680ef",
        "type": "message",
        "text": "Y luego cojo la entropía y le doy el giro de 180º para acabar con el δαίμων (no \"demonio\") de Maxwell",
        "user": "UNAHBRTFA",
        "ts": "1589417362.254400",
        "team": "TJH5YU202",
        "user_team": "TJH5YU202",
        "source_team": "TJH5YU202",
        "user_profile": {
            "avatar_hash": "g3d2a3f4c28c",
            "image_72": "https:\/\/secure.gravatar.com\/avatar\/23d2a3f4c28cebb4cf07e48d02620517.jpg?s=72&d=https%3A%2F%2Fa.slack-edge.com%2Fdf10d%2Fimg%2Favatars%2Fava_0020-72.png",
            "first_name": "Andreu",
            "real_name": "Andreu Botella",
            "display_name": "Andreu Botella",
            "team": "TJH5YU202",
            "name": "andreu.132",
            "is_restricted": false,
            "is_ultra_restricted": false
        },
        "blocks": [
            {
                "type": "rich_text",
                "block_id": "t7=h",
                "elements": [
                    {
                        "type": "rich_text_section",
                        "elements": [
                            {
                                "type": "text",
                                "text": "Y luego cojo la entropía y le doy el giro de 180º para acabar con el δαίμων (no \"demonio\") de Maxwell"
                            }
                        ]
                    }
                ]
            }
        ]
    },
    {
        "client_msg_id": "d03920c8-6d60-479f-8b29-74640325fbcf",
        "type": "message",
        "text": "(Lord Kelvin y Laplace probablemente hablaban del _daimōn_ griego, un espíritu o dios menor asociado a un lugar físico. Pero los judíos y cristianos cogieron ese concepto helénico y lo pervirtieron, si me preguntas a mí. Posteriores interpretaciones del experimento mental de Maxwell probablemente desconocían este contexto y lo tomaron como un demonio en la interpretación cristiana.)",
        "user": "UNAHBRTFA",
        "ts": "1589417492.256400",
        "team": "TJH5YU202",
        "user_team": "TJH5YU202",
        "source_team": "TJH5YU202",
        "user_profile": {
            "avatar_hash": "g3d2a3f4c28c",
            "image_72": "https:\/\/secure.gravatar.com\/avatar\/23d2a3f4c28cebb4cf07e48d02620517.jpg?s=72&d=https%3A%2F%2Fa.slack-edge.com%2Fdf10d%2Fimg%2Favatars%2Fava_0020-72.png",
            "first_name": "Andreu",
            "real_name": "Andreu Botella",
            "display_name": "Andreu Botella",
            "team": "TJH5YU202",
            "name": "andreu.132",
            "is_restricted": false,
            "is_ultra_restricted": false
        },
        "edited": {
            "user": "UNAHBRTFA",
            "ts": "1589418180.000000"
        },
        "blocks": [
            {
                "type": "rich_text",
                "block_id": "lJa",
                "elements": [
                    {
                        "type": "rich_text_section",
                        "elements": [
                            {
                                "type": "text",
                                "text": "(Lord Kelvin y Laplace probablemente hablaban del "
                            },
                            {
                                "type": "text",
                                "text": "daimōn",
                                "style": {
                                    "italic": true
                                }
                            },
                            {
                                "type": "text",
                                "text": " griego, un espíritu o dios menor asociado a un lugar físico. Pero los judíos y cristianos cogieron ese concepto helénico y lo pervirtieron, si me preguntas a mí. Posteriores interpretaciones del experimento mental de Maxwell probablemente desconocían este contexto y lo tomaron como un demonio en la interpretación cristiana.)"
                            }
                        ]
                    }
                ]
            }
        ]
    },
    {
        "client_msg_id": "24ef4ab5-abad-42c6-9e58-edf6f6018fe3",
        "type": "message",
        "text": "42",
        "user": "UM81W8B0Q",
        "ts": "1589428390.257100",
        "team": "TJH5YU202",
        "user_team": "TJH5YU202",
        "source_team": "TJH5YU202",
        "user_profile": {
            "avatar_hash": "gab9279ee8c0",
            "image_72": "https:\/\/secure.gravatar.com\/avatar\/73ab9279ee8c00f66ce4904d30146c8f.jpg?s=72&d=https%3A%2F%2Fa.slack-edge.com%2Fdf10d%2Fimg%2Favatars%2Fava_0010-72.png",
            "first_name": "",
            "real_name": "Angel Pais",
            "display_name": "Angel Pais",
            "team": "TJH5YU202",
            "name": "amigosam",
            "is_restricted": false,
            "is_ultra_restricted": false
        },
        "blocks": [
            {
                "type": "rich_text",
                "block_id": "vkkj",
                "elements": [
                    {
                        "type": "rich_text_section",
                        "elements": [
                            {
                                "type": "text",
                                "text": "42"
                            }
                        ]
                    }
                ]
            }
        ]
    },
    {
        "client_msg_id": "ce3f1113-a8a2-40e3-bc12-4902a504d499",
        "type": "message",
        "text": "la respuesta siempre es 42",
        "user": "UM81W8B0Q",
        "ts": "1589428410.257500",
        "team": "TJH5YU202",
        "user_team": "TJH5YU202",
        "source_team": "TJH5YU202",
        "user_profile": {
            "avatar_hash": "gab9279ee8c0",
            "image_72": "https:\/\/secure.gravatar.com\/avatar\/73ab9279ee8c00f66ce4904d30146c8f.jpg?s=72&d=https%3A%2F%2Fa.slack-edge.com%2Fdf10d%2Fimg%2Favatars%2Fava_0010-72.png",
            "first_name": "",
            "real_name": "Angel Pais",
            "display_name": "Angel Pais",
            "team": "TJH5YU202",
            "name": "amigosam",
            "is_restricted": false,
            "is_ultra_restricted": false
        },
        "blocks": [
            {
                "type": "rich_text",
                "block_id": "Ovi",
                "elements": [
                    {
                        "type": "rich_text_section",
                        "elements": [
                            {
                                "type": "text",
                                "text": "la respuesta siempre es 42"
                            }
                        ]
                    }
                ]
            }
        ]
    },
    {
        "client_msg_id": "8e48e1a7-9072-4ca0-8021-befe8b481b45",
        "type": "message",
        "text": "_\"Pero los judíos y cristianos cogieron ese concepto helénico y lo pervirtieron,\"_\n\nAlgún ejemplo, for plis, especialmente de los cristianos",
        "user": "UJULQCHL5",
        "ts": "1589437788.258000",
        "team": "TJH5YU202",
        "user_team": "TJH5YU202",
        "source_team": "TJH5YU202",
        "user_profile": {
            "avatar_hash": "g7659142325a",
            "image_72": "https:\/\/secure.gravatar.com\/avatar\/c87659142325a3facb661d85281ec091.jpg?s=72&d=https%3A%2F%2Fa.slack-edge.com%2Fdf10d%2Fimg%2Favatars%2Fava_0003-72.png",
            "first_name": "",
            "real_name": "Paquito",
            "display_name": "Paquito",
            "team": "TJH5YU202",
            "name": "hmpaquito",
            "is_restricted": false,
            "is_ultra_restricted": false
        },
        "blocks": [
            {
                "type": "rich_text",
                "block_id": "SLJ",
                "elements": [
                    {
                        "type": "rich_text_section",
                        "elements": [
                            {
                                "type": "text",
                                "text": "\"Pero los judíos y cristianos cogieron ese concepto helénico y lo pervirtieron,\"",
                                "style": {
                                    "italic": true
                                }
                            },
                            {
                                "type": "text",
                                "text": "\n\nAlgún ejemplo, for plis, especialmente de los cristianos"
                            }
                        ]
                    }
                ]
            }
        ]
    }
]