[
    {
        "client_msg_id": "e48deb6a-becb-4af7-b665-0d65f890ac41",
        "type": "message",
        "text": "Ahora si, creo que ya funcional y operativa, aunque en un server provisional.\nUna web donde poder crear un fichero XML, cumpliendo los requisitos mínimos-básicos SEPA para domiciliaciones (norma19) o transferencias (norma34), a partir de una hoja Excel, desde donde se importan los datos.\n\nSe proporciona una plantilla 'Base' (descargable desde la propia web) para poder introducir\/guardar los datos, según esquema necesario que sirve para leer los datos de dicha hoja.\n\nLa intención es dejarla a disposición en la web para ofrecer a quien necesite de este servicio de creación de ficheros XML para enviar a la entidad bancaria.\n\n<https:\/\/xevicomas.ddns.net\/ExcelToSEPAxml>\n\n<https:\/\/forum.mod-harbour.org\/viewtopic.php?f=7&amp;t=470>",
        "user": "UJU3NMK0U",
        "ts": "1589302980.214500",
        "team": "TJH5YU202",
        "user_team": "TJH5YU202",
        "source_team": "TJH5YU202",
        "user_profile": {
            "avatar_hash": "48f1b9655122",
            "image_72": "https:\/\/avatars.slack-edge.com\/2019-05-20\/640143784356_48f1b96551220d9fdd4d_72.jpg",
            "first_name": "Xevi",
            "real_name": "Xevi",
            "display_name": "Xevi",
            "team": "TJH5YU202",
            "name": "xevicomas",
            "is_restricted": false,
            "is_ultra_restricted": false
        },
        "blocks": [
            {
                "type": "rich_text",
                "block_id": "ct+0",
                "elements": [
                    {
                        "type": "rich_text_section",
                        "elements": [
                            {
                                "type": "text",
                                "text": "Ahora si, creo que ya funcional y operativa, aunque en un server provisional.\nUna web donde poder crear un fichero XML, cumpliendo los requisitos mínimos-básicos SEPA para domiciliaciones (norma19) o transferencias (norma34), a partir de una hoja Excel, desde donde se importan los datos.\n\nSe proporciona una plantilla 'Base' (descargable desde la propia web) para poder introducir\/guardar los datos, según esquema necesario que sirve para leer los datos de dicha hoja.\n\nLa intención es dejarla a disposición en la web para ofrecer a quien necesite de este servicio de creación de ficheros XML para enviar a la entidad bancaria.\n\n"
                            },
                            {
                                "type": "link",
                                "url": "https:\/\/xevicomas.ddns.net\/ExcelToSEPAxml"
                            },
                            {
                                "type": "text",
                                "text": "\n\n"
                            },
                            {
                                "type": "link",
                                "url": "https:\/\/forum.mod-harbour.org\/viewtopic.php?f=7&t=470"
                            }
                        ]
                    }
                ]
            }
        ]
    },
    {
        "client_msg_id": "af5c1d32-0084-464e-a80e-a908e0b6855d",
        "type": "message",
        "text": "Una consulta... saber que se necesita hacer o poner en la web, donde, como... para que se localize esa web al buscar en Google.\nPor ejemplo, si se busca crear fichero SEPA desde excel\no... Excel to SEPA",
        "user": "UJU3NMK0U",
        "ts": "1589303101.216300",
        "team": "TJH5YU202",
        "user_team": "TJH5YU202",
        "source_team": "TJH5YU202",
        "user_profile": {
            "avatar_hash": "48f1b9655122",
            "image_72": "https:\/\/avatars.slack-edge.com\/2019-05-20\/640143784356_48f1b96551220d9fdd4d_72.jpg",
            "first_name": "Xevi",
            "real_name": "Xevi",
            "display_name": "Xevi",
            "team": "TJH5YU202",
            "name": "xevicomas",
            "is_restricted": false,
            "is_ultra_restricted": false
        },
        "blocks": [
            {
                "type": "rich_text",
                "block_id": "v+wb",
                "elements": [
                    {
                        "type": "rich_text_section",
                        "elements": [
                            {
                                "type": "text",
                                "text": "Una consulta... saber que se necesita hacer o poner en la web, donde, como... para que se localize esa web al buscar en Google.\nPor ejemplo, si se busca crear fichero SEPA desde excel\no... Excel to SEPA"
                            }
                        ]
                    }
                ]
            }
        ]
    },
    {
        "client_msg_id": "ea7a4e89-8ee5-485d-ba00-a5f4fa87ff5f",
        "type": "message",
        "text": "Veo por lo que leo... un script en el &lt;head&gt;\nes así ???",
        "user": "UJU3NMK0U",
        "ts": "1589304143.216900",
        "team": "TJH5YU202",
        "user_team": "TJH5YU202",
        "source_team": "TJH5YU202",
        "user_profile": {
            "avatar_hash": "48f1b9655122",
            "image_72": "https:\/\/avatars.slack-edge.com\/2019-05-20\/640143784356_48f1b96551220d9fdd4d_72.jpg",
            "first_name": "Xevi",
            "real_name": "Xevi",
            "display_name": "Xevi",
            "team": "TJH5YU202",
            "name": "xevicomas",
            "is_restricted": false,
            "is_ultra_restricted": false
        },
        "blocks": [
            {
                "type": "rich_text",
                "block_id": "gCW",
                "elements": [
                    {
                        "type": "rich_text_section",
                        "elements": [
                            {
                                "type": "text",
                                "text": "Veo por lo que leo... un script en el <head>\nes así ???"
                            }
                        ]
                    }
                ]
            }
        ]
    },
    {
        "client_msg_id": "f51f15de-c553-431f-9f9f-e215fab3fdba",
        "type": "message",
        "text": "¿para que google te lo detecte?",
        "user": "UNAHBRTFA",
        "ts": "1589304171.217200",
        "team": "TJH5YU202",
        "user_team": "TJH5YU202",
        "source_team": "TJH5YU202",
        "user_profile": {
            "avatar_hash": "g3d2a3f4c28c",
            "image_72": "https:\/\/secure.gravatar.com\/avatar\/23d2a3f4c28cebb4cf07e48d02620517.jpg?s=72&d=https%3A%2F%2Fa.slack-edge.com%2Fdf10d%2Fimg%2Favatars%2Fava_0020-72.png",
            "first_name": "Andreu",
            "real_name": "Andreu Botella",
            "display_name": "Andreu Botella",
            "team": "TJH5YU202",
            "name": "andreu.132",
            "is_restricted": false,
            "is_ultra_restricted": false
        },
        "blocks": [
            {
                "type": "rich_text",
                "block_id": "QIai",
                "elements": [
                    {
                        "type": "rich_text_section",
                        "elements": [
                            {
                                "type": "text",
                                "text": "¿para que google te lo detecte?"
                            }
                        ]
                    }
                ]
            }
        ]
    },
    {
        "client_msg_id": "c602f7d1-0041-4f99-87cb-0e311cc01e31",
        "type": "message",
        "text": "1. el crawler de google se pasa por todas las páginas que estén enlazadas desde una página que ya conoce, y probablemente se pasará por tu página en un par de días o como mucho semanas, según cuántos enlaces haya y de qué calidad",
        "user": "UNAHBRTFA",
        "ts": "1589304265.219200",
        "team": "TJH5YU202",
        "user_team": "TJH5YU202",
        "source_team": "TJH5YU202",
        "user_profile": {
            "avatar_hash": "g3d2a3f4c28c",
            "image_72": "https:\/\/secure.gravatar.com\/avatar\/23d2a3f4c28cebb4cf07e48d02620517.jpg?s=72&d=https%3A%2F%2Fa.slack-edge.com%2Fdf10d%2Fimg%2Favatars%2Fava_0020-72.png",
            "first_name": "Andreu",
            "real_name": "Andreu Botella",
            "display_name": "Andreu Botella",
            "team": "TJH5YU202",
            "name": "andreu.132",
            "is_restricted": false,
            "is_ultra_restricted": false
        },
        "blocks": [
            {
                "type": "rich_text",
                "block_id": "1c7",
                "elements": [
                    {
                        "type": "rich_text_list",
                        "elements": [
                            {
                                "type": "rich_text_section",
                                "elements": [
                                    {
                                        "type": "text",
                                        "text": "el crawler de google se pasa por todas las páginas que estén enlazadas desde una página que ya conoce, y probablemente se pasará por tu página en un par de días o como mucho semanas, según cuántos enlaces haya y de qué calidad"
                                    }
                                ]
                            }
                        ],
                        "style": "ordered",
                        "indent": 0
                    }
                ]
            }
        ]
    },
    {
        "client_msg_id": "50508ab2-5947-48c2-95e3-cc21414a0213",
        "type": "message",
        "text": "2. luego está en qué orden muestra a tu página en la lista de resultados",
        "user": "UNAHBRTFA",
        "ts": "1589304283.219900",
        "team": "TJH5YU202",
        "user_team": "TJH5YU202",
        "source_team": "TJH5YU202",
        "user_profile": {
            "avatar_hash": "g3d2a3f4c28c",
            "image_72": "https:\/\/secure.gravatar.com\/avatar\/23d2a3f4c28cebb4cf07e48d02620517.jpg?s=72&d=https%3A%2F%2Fa.slack-edge.com%2Fdf10d%2Fimg%2Favatars%2Fava_0020-72.png",
            "first_name": "Andreu",
            "real_name": "Andreu Botella",
            "display_name": "Andreu Botella",
            "team": "TJH5YU202",
            "name": "andreu.132",
            "is_restricted": false,
            "is_ultra_restricted": false
        },
        "blocks": [
            {
                "type": "rich_text",
                "block_id": "Ko3",
                "elements": [
                    {
                        "type": "rich_text_section",
                        "elements": [
                            {
                                "type": "text",
                                "text": "2. luego está en qué orden muestra a tu página en la lista de resultados"
                            }
                        ]
                    }
                ]
            }
        ]
    },
    {
        "client_msg_id": "18e8bf9b-bc9d-49b3-8e33-e4ad4145eb70",
        "type": "message",
        "text": "para que salga arriba de la lista tienes que ponerle tags `&lt;meta&gt;` con metadatos, como el título de la página, descripción, autores, palabras clave...",
        "user": "UNAHBRTFA",
        "ts": "1589304326.220800",
        "team": "TJH5YU202",
        "user_team": "TJH5YU202",
        "source_team": "TJH5YU202",
        "user_profile": {
            "avatar_hash": "g3d2a3f4c28c",
            "image_72": "https:\/\/secure.gravatar.com\/avatar\/23d2a3f4c28cebb4cf07e48d02620517.jpg?s=72&d=https%3A%2F%2Fa.slack-edge.com%2Fdf10d%2Fimg%2Favatars%2Fava_0020-72.png",
            "first_name": "Andreu",
            "real_name": "Andreu Botella",
            "display_name": "Andreu Botella",
            "team": "TJH5YU202",
            "name": "andreu.132",
            "is_restricted": false,
            "is_ultra_restricted": false
        },
        "blocks": [
            {
                "type": "rich_text",
                "block_id": "BrF86",
                "elements": [
                    {
                        "type": "rich_text_section",
                        "elements": [
                            {
                                "type": "text",
                                "text": "para que salga arriba de la lista tienes que ponerle tags "
                            },
                            {
                                "type": "text",
                                "text": "<meta>",
                                "style": {
                                    "code": true
                                }
                            },
                            {
                                "type": "text",
                                "text": " con metadatos, como el título de la página, descripción, autores, palabras clave..."
                            }
                        ]
                    }
                ]
            }
        ]
    },
    {
        "client_msg_id": "607bab50-c2bc-47d4-99a0-47f06ab67996",
        "type": "message",
        "text": "y luego también cuenta otra serie de factores, como cómo esté hecho el html, si la página tarda mucho en cargarse, si usa https...",
        "user": "UNAHBRTFA",
        "ts": "1589304371.221900",
        "team": "TJH5YU202",
        "user_team": "TJH5YU202",
        "source_team": "TJH5YU202",
        "user_profile": {
            "avatar_hash": "g3d2a3f4c28c",
            "image_72": "https:\/\/secure.gravatar.com\/avatar\/23d2a3f4c28cebb4cf07e48d02620517.jpg?s=72&d=https%3A%2F%2Fa.slack-edge.com%2Fdf10d%2Fimg%2Favatars%2Fava_0020-72.png",
            "first_name": "Andreu",
            "real_name": "Andreu Botella",
            "display_name": "Andreu Botella",
            "team": "TJH5YU202",
            "name": "andreu.132",
            "is_restricted": false,
            "is_ultra_restricted": false
        },
        "blocks": [
            {
                "type": "rich_text",
                "block_id": "hDKI",
                "elements": [
                    {
                        "type": "rich_text_section",
                        "elements": [
                            {
                                "type": "text",
                                "text": "y luego también cuenta otra serie de factores, como cómo esté hecho el html, si la página tarda mucho en cargarse, si usa https..."
                            }
                        ]
                    }
                ]
            }
        ]
    },
    {
        "client_msg_id": "dd31e8f7-3f49-4031-a432-9d04498280b8",
        "type": "message",
        "text": "y si eso no te sirve, siempre puedes pagar a google para que te ponga como un link patrocinado de esos",
        "user": "UNAHBRTFA",
        "ts": "1589304406.222700",
        "team": "TJH5YU202",
        "user_team": "TJH5YU202",
        "source_team": "TJH5YU202",
        "user_profile": {
            "avatar_hash": "g3d2a3f4c28c",
            "image_72": "https:\/\/secure.gravatar.com\/avatar\/23d2a3f4c28cebb4cf07e48d02620517.jpg?s=72&d=https%3A%2F%2Fa.slack-edge.com%2Fdf10d%2Fimg%2Favatars%2Fava_0020-72.png",
            "first_name": "Andreu",
            "real_name": "Andreu Botella",
            "display_name": "Andreu Botella",
            "team": "TJH5YU202",
            "name": "andreu.132",
            "is_restricted": false,
            "is_ultra_restricted": false
        },
        "blocks": [
            {
                "type": "rich_text",
                "block_id": "f\/nv",
                "elements": [
                    {
                        "type": "rich_text_section",
                        "elements": [
                            {
                                "type": "text",
                                "text": "y si eso no te sirve, siempre puedes pagar a google para que te ponga como un link patrocinado de esos"
                            }
                        ]
                    }
                ]
            }
        ]
    },
    {
        "client_msg_id": "59bdc71b-713a-4c2f-aa39-c98e8b8d610b",
        "type": "message",
        "text": "Muchas gracias, <@UNAHBRTFA>",
        "user": "UJU3NMK0U",
        "ts": "1589304430.223000",
        "team": "TJH5YU202",
        "user_team": "TJH5YU202",
        "source_team": "TJH5YU202",
        "user_profile": {
            "avatar_hash": "48f1b9655122",
            "image_72": "https:\/\/avatars.slack-edge.com\/2019-05-20\/640143784356_48f1b96551220d9fdd4d_72.jpg",
            "first_name": "Xevi",
            "real_name": "Xevi",
            "display_name": "Xevi",
            "team": "TJH5YU202",
            "name": "xevicomas",
            "is_restricted": false,
            "is_ultra_restricted": false
        },
        "blocks": [
            {
                "type": "rich_text",
                "block_id": "8oD\/s",
                "elements": [
                    {
                        "type": "rich_text_section",
                        "elements": [
                            {
                                "type": "text",
                                "text": "Muchas gracias, "
                            },
                            {
                                "type": "user",
                                "user_id": "UNAHBRTFA"
                            }
                        ]
                    }
                ]
            }
        ]
    },
    {
        "client_msg_id": "ae235bc1-b0e9-4d08-8e19-74eb5a8812fc",
        "type": "message",
        "text": "busca tutoriales de SEO por ahí, que yo aquí no he tocado tanto como me gustaría",
        "user": "UNAHBRTFA",
        "ts": "1589304483.223600",
        "team": "TJH5YU202",
        "user_team": "TJH5YU202",
        "source_team": "TJH5YU202",
        "user_profile": {
            "avatar_hash": "g3d2a3f4c28c",
            "image_72": "https:\/\/secure.gravatar.com\/avatar\/23d2a3f4c28cebb4cf07e48d02620517.jpg?s=72&d=https%3A%2F%2Fa.slack-edge.com%2Fdf10d%2Fimg%2Favatars%2Fava_0020-72.png",
            "first_name": "Andreu",
            "real_name": "Andreu Botella",
            "display_name": "Andreu Botella",
            "team": "TJH5YU202",
            "name": "andreu.132",
            "is_restricted": false,
            "is_ultra_restricted": false
        },
        "blocks": [
            {
                "type": "rich_text",
                "block_id": "0Lmuk",
                "elements": [
                    {
                        "type": "rich_text_section",
                        "elements": [
                            {
                                "type": "text",
                                "text": "busca tutoriales de SEO por ahí, que yo aquí no he tocado tanto como me gustaría"
                            }
                        ]
                    }
                ]
            }
        ]
    },
    {
        "client_msg_id": "11ab8361-daa8-4f2f-8329-85c63cfa8a5b",
        "type": "message",
        "text": "Solo una dudilla... Google \"rastrea\" webs. Lo que no me queda claro, es si la página principal debe de ser .html o nosotros con mod_harbour, al tener la página principal en un .prg... lo va a detectar igualmente ???",
        "user": "UJU3NMK0U",
        "ts": "1589304672.225300",
        "team": "TJH5YU202",
        "user_team": "TJH5YU202",
        "source_team": "TJH5YU202",
        "user_profile": {
            "avatar_hash": "48f1b9655122",
            "image_72": "https:\/\/avatars.slack-edge.com\/2019-05-20\/640143784356_48f1b96551220d9fdd4d_72.jpg",
            "first_name": "Xevi",
            "real_name": "Xevi",
            "display_name": "Xevi",
            "team": "TJH5YU202",
            "name": "xevicomas",
            "is_restricted": false,
            "is_ultra_restricted": false
        },
        "blocks": [
            {
                "type": "rich_text",
                "block_id": "l3C",
                "elements": [
                    {
                        "type": "rich_text_section",
                        "elements": [
                            {
                                "type": "text",
                                "text": "Solo una dudilla... Google \"rastrea\" webs. Lo que no me queda claro, es si la página principal debe de ser .html o nosotros con mod_harbour, al tener la página principal en un .prg... lo va a detectar igualmente ???"
                            }
                        ]
                    }
                ]
            }
        ]
    },
    {
        "client_msg_id": "0f3c3ea7-d49a-4fb5-8b1b-5523014c2d08",
        "type": "message",
        "text": ":thinking_face:",
        "user": "UJU3NMK0U",
        "ts": "1589304690.225500",
        "team": "TJH5YU202",
        "user_team": "TJH5YU202",
        "source_team": "TJH5YU202",
        "user_profile": {
            "avatar_hash": "48f1b9655122",
            "image_72": "https:\/\/avatars.slack-edge.com\/2019-05-20\/640143784356_48f1b96551220d9fdd4d_72.jpg",
            "first_name": "Xevi",
            "real_name": "Xevi",
            "display_name": "Xevi",
            "team": "TJH5YU202",
            "name": "xevicomas",
            "is_restricted": false,
            "is_ultra_restricted": false
        },
        "blocks": [
            {
                "type": "rich_text",
                "block_id": "ds1m",
                "elements": [
                    {
                        "type": "rich_text_section",
                        "elements": [
                            {
                                "type": "emoji",
                                "name": "thinking_face"
                            }
                        ]
                    }
                ]
            }
        ]
    },
    {
        "client_msg_id": "dfc71fcd-4e69-4b52-87b8-088f450f632d",
        "type": "message",
        "text": "... llevamos muchos meses con esto",
        "user": "UNAHBRTFA",
        "ts": "1589304704.225800",
        "team": "TJH5YU202",
        "user_team": "TJH5YU202",
        "source_team": "TJH5YU202",
        "user_profile": {
            "avatar_hash": "g3d2a3f4c28c",
            "image_72": "https:\/\/secure.gravatar.com\/avatar\/23d2a3f4c28cebb4cf07e48d02620517.jpg?s=72&d=https%3A%2F%2Fa.slack-edge.com%2Fdf10d%2Fimg%2Favatars%2Fava_0020-72.png",
            "first_name": "Andreu",
            "real_name": "Andreu Botella",
            "display_name": "Andreu Botella",
            "team": "TJH5YU202",
            "name": "andreu.132",
            "is_restricted": false,
            "is_ultra_restricted": false
        },
        "blocks": [
            {
                "type": "rich_text",
                "block_id": "BIo",
                "elements": [
                    {
                        "type": "rich_text_section",
                        "elements": [
                            {
                                "type": "text",
                                "text": "... llevamos muchos meses con esto"
                            }
                        ]
                    }
                ]
            }
        ]
    },
    {
        "client_msg_id": "dbe1bae1-77b2-4970-9fea-707d2aac7d78",
        "type": "message",
        "text": "al navegador le llega la página como html",
        "user": "UNAHBRTFA",
        "ts": "1589304719.226200",
        "team": "TJH5YU202",
        "user_team": "TJH5YU202",
        "source_team": "TJH5YU202",
        "user_profile": {
            "avatar_hash": "g3d2a3f4c28c",
            "image_72": "https:\/\/secure.gravatar.com\/avatar\/23d2a3f4c28cebb4cf07e48d02620517.jpg?s=72&d=https%3A%2F%2Fa.slack-edge.com%2Fdf10d%2Fimg%2Favatars%2Fava_0020-72.png",
            "first_name": "Andreu",
            "real_name": "Andreu Botella",
            "display_name": "Andreu Botella",
            "team": "TJH5YU202",
            "name": "andreu.132",
            "is_restricted": false,
            "is_ultra_restricted": false
        },
        "blocks": [
            {
                "type": "rich_text",
                "block_id": "Ny3a",
                "elements": [
                    {
                        "type": "rich_text_section",
                        "elements": [
                            {
                                "type": "text",
                                "text": "al navegador le llega la página como html"
                            }
                        ]
                    }
                ]
            }
        ]
    },
    {
        "client_msg_id": "59139aac-516b-4b6b-9ec8-7e267bad5943",
        "type": "message",
        "text": "la única pista de que no es html por dentro es que la url acaba en `.prg`, y a google eso le da bastante igual",
        "user": "UNAHBRTFA",
        "ts": "1589304739.226700",
        "team": "TJH5YU202",
        "user_team": "TJH5YU202",
        "source_team": "TJH5YU202",
        "user_profile": {
            "avatar_hash": "g3d2a3f4c28c",
            "image_72": "https:\/\/secure.gravatar.com\/avatar\/23d2a3f4c28cebb4cf07e48d02620517.jpg?s=72&d=https%3A%2F%2Fa.slack-edge.com%2Fdf10d%2Fimg%2Favatars%2Fava_0020-72.png",
            "first_name": "Andreu",
            "real_name": "Andreu Botella",
            "display_name": "Andreu Botella",
            "team": "TJH5YU202",
            "name": "andreu.132",
            "is_restricted": false,
            "is_ultra_restricted": false
        },
        "edited": {
            "user": "UNAHBRTFA",
            "ts": "1589304855.000000"
        },
        "blocks": [
            {
                "type": "rich_text",
                "block_id": "JvA",
                "elements": [
                    {
                        "type": "rich_text_section",
                        "elements": [
                            {
                                "type": "text",
                                "text": "la única pista de que no es html por dentro es que la url acaba en "
                            },
                            {
                                "type": "text",
                                "text": ".prg",
                                "style": {
                                    "code": true
                                }
                            },
                            {
                                "type": "text",
                                "text": ", y a google eso le da bastante igual"
                            }
                        ]
                    }
                ]
            }
        ]
    },
    {
        "client_msg_id": "74762418-ecf3-4dd9-a190-be5db4de1dcf",
        "type": "message",
        "text": "Ok",
        "user": "UJU3NMK0U",
        "ts": "1589304748.226900",
        "team": "TJH5YU202",
        "user_team": "TJH5YU202",
        "source_team": "TJH5YU202",
        "user_profile": {
            "avatar_hash": "48f1b9655122",
            "image_72": "https:\/\/avatars.slack-edge.com\/2019-05-20\/640143784356_48f1b96551220d9fdd4d_72.jpg",
            "first_name": "Xevi",
            "real_name": "Xevi",
            "display_name": "Xevi",
            "team": "TJH5YU202",
            "name": "xevicomas",
            "is_restricted": false,
            "is_ultra_restricted": false
        },
        "blocks": [
            {
                "type": "rich_text",
                "block_id": "npq",
                "elements": [
                    {
                        "type": "rich_text_section",
                        "elements": [
                            {
                                "type": "text",
                                "text": "Ok"
                            }
                        ]
                    }
                ]
            }
        ]
    },
    {
        "client_msg_id": "abc40179-b7e1-4189-8b7b-61d402f0b43d",
        "type": "message",
        "text": "Off Topic, haber si les ha tocado: Tengo una Tablet Lenovo con Android Conectada a la RED de la oficina, en la oficina tengo un webserver corriendo, pero si intento accesar con chrome la ip de ese webserver corriendo en la oficina no deja, otras paginas como yahoo o google si tengo acceso, pero no a la otra, alguno le ha tocado ?",
        "user": "UJUSD6VB2",
        "ts": "1589305054.230600",
        "team": "TJH5YU202",
        "user_team": "TJH5YU202",
        "source_team": "TJH5YU202",
        "user_profile": {
            "avatar_hash": "g1677a02d0b6",
            "image_72": "https:\/\/secure.gravatar.com\/avatar\/bb1677a02d0b69ba91eb245090c7c83a.jpg?s=72&d=https%3A%2F%2Fa.slack-edge.com%2Fdf10d%2Fimg%2Favatars%2Fava_0015-72.png",
            "first_name": "",
            "real_name": "Osvaldo Ramirez",
            "display_name": "Osvaldo Ramirez",
            "team": "TJH5YU202",
            "name": "ramirezosvaldo",
            "is_restricted": false,
            "is_ultra_restricted": false
        },
        "blocks": [
            {
                "type": "rich_text",
                "block_id": "tH+y",
                "elements": [
                    {
                        "type": "rich_text_section",
                        "elements": [
                            {
                                "type": "text",
                                "text": "Off Topic, haber si les ha tocado: Tengo una Tablet Lenovo con Android Conectada a la RED de la oficina, en la oficina tengo un webserver corriendo, pero si intento accesar con chrome la ip de ese webserver corriendo en la oficina no deja, otras paginas como yahoo o google si tengo acceso, pero no a la otra, alguno le ha tocado ?"
                            }
                        ]
                    }
                ]
            }
        ]
    },
    {
        "client_msg_id": "3f4608ad-b26b-46c1-8c8c-01b77b1c2903",
        "type": "message",
        "text": "¿le puedes hacer ping?",
        "user": "UNAHBRTFA",
        "ts": "1589305082.230900",
        "team": "TJH5YU202",
        "user_team": "TJH5YU202",
        "source_team": "TJH5YU202",
        "user_profile": {
            "avatar_hash": "g3d2a3f4c28c",
            "image_72": "https:\/\/secure.gravatar.com\/avatar\/23d2a3f4c28cebb4cf07e48d02620517.jpg?s=72&d=https%3A%2F%2Fa.slack-edge.com%2Fdf10d%2Fimg%2Favatars%2Fava_0020-72.png",
            "first_name": "Andreu",
            "real_name": "Andreu Botella",
            "display_name": "Andreu Botella",
            "team": "TJH5YU202",
            "name": "andreu.132",
            "is_restricted": false,
            "is_ultra_restricted": false
        },
        "blocks": [
            {
                "type": "rich_text",
                "block_id": "6dA",
                "elements": [
                    {
                        "type": "rich_text_section",
                        "elements": [
                            {
                                "type": "text",
                                "text": "¿le puedes hacer ping?"
                            }
                        ]
                    }
                ]
            }
        ]
    },
    {
        "client_msg_id": "d7d89f77-4a19-47b4-9a97-00d04f01cd87",
        "type": "message",
        "text": "no se, como hacerlo en android?",
        "user": "UJUSD6VB2",
        "ts": "1589305641.231400",
        "team": "TJH5YU202",
        "user_team": "TJH5YU202",
        "source_team": "TJH5YU202",
        "user_profile": {
            "avatar_hash": "g1677a02d0b6",
            "image_72": "https:\/\/secure.gravatar.com\/avatar\/bb1677a02d0b69ba91eb245090c7c83a.jpg?s=72&d=https%3A%2F%2Fa.slack-edge.com%2Fdf10d%2Fimg%2Favatars%2Fava_0015-72.png",
            "first_name": "",
            "real_name": "Osvaldo Ramirez",
            "display_name": "Osvaldo Ramirez",
            "team": "TJH5YU202",
            "name": "ramirezosvaldo",
            "is_restricted": false,
            "is_ultra_restricted": false
        },
        "blocks": [
            {
                "type": "rich_text",
                "block_id": "jGw",
                "elements": [
                    {
                        "type": "rich_text_section",
                        "elements": [
                            {
                                "type": "text",
                                "text": "no se, como hacerlo en android?"
                            }
                        ]
                    }
                ]
            }
        ]
    },
    {
        "client_msg_id": "954d649e-86c5-4026-b878-870a42f71380",
        "type": "message",
        "text": "<@UJU3NMK0U> Paso a paso se camina. Enhorabuena :muscle:",
        "user": "UJWR5N32S",
        "ts": "1589305666.231800",
        "team": "TJH5YU202",
        "user_team": "TJH5YU202",
        "source_team": "TJH5YU202",
        "user_profile": {
            "avatar_hash": "273d3745f7ae",
            "image_72": "https:\/\/avatars.slack-edge.com\/2019-05-20\/634344238497_273d3745f7ae1b176b82_72.jpg",
            "first_name": "Charly",
            "real_name": "Charly",
            "display_name": "Charly",
            "team": "TJH5YU202",
            "name": "carles9000",
            "is_restricted": false,
            "is_ultra_restricted": false
        },
        "blocks": [
            {
                "type": "rich_text",
                "block_id": "ihzYC",
                "elements": [
                    {
                        "type": "rich_text_section",
                        "elements": [
                            {
                                "type": "user",
                                "user_id": "UJU3NMK0U"
                            },
                            {
                                "type": "text",
                                "text": " Paso a paso se camina. Enhorabuena "
                            },
                            {
                                "type": "emoji",
                                "name": "muscle"
                            }
                        ]
                    }
                ]
            }
        ]
    },
    {
        "client_msg_id": "c7a0151f-1159-4d08-8418-9383b4007eb5",
        "type": "message",
        "text": "Bajare el terminal emultador y les comento como voy",
        "user": "UJUSD6VB2",
        "ts": "1589305970.232200",
        "team": "TJH5YU202",
        "user_team": "TJH5YU202",
        "source_team": "TJH5YU202",
        "user_profile": {
            "avatar_hash": "g1677a02d0b6",
            "image_72": "https:\/\/secure.gravatar.com\/avatar\/bb1677a02d0b69ba91eb245090c7c83a.jpg?s=72&d=https%3A%2F%2Fa.slack-edge.com%2Fdf10d%2Fimg%2Favatars%2Fava_0015-72.png",
            "first_name": "",
            "real_name": "Osvaldo Ramirez",
            "display_name": "Osvaldo Ramirez",
            "team": "TJH5YU202",
            "name": "ramirezosvaldo",
            "is_restricted": false,
            "is_ultra_restricted": false
        },
        "blocks": [
            {
                "type": "rich_text",
                "block_id": "kz3",
                "elements": [
                    {
                        "type": "rich_text_section",
                        "elements": [
                            {
                                "type": "text",
                                "text": "Bajare el terminal emultador y les comento como voy"
                            }
                        ]
                    }
                ]
            }
        ]
    },
    {
        "client_msg_id": "5ad058d9-8d38-4335-9cf9-708b57750403",
        "type": "message",
        "text": "Listo, una pc con windows conectada con cable, si puede hacer ping, pero la tablet con android conectada a la red inalámbrica no se dejo hacer ping.",
        "user": "UJUSD6VB2",
        "ts": "1589306400.233200",
        "team": "TJH5YU202",
        "user_team": "TJH5YU202",
        "source_team": "TJH5YU202",
        "user_profile": {
            "avatar_hash": "g1677a02d0b6",
            "image_72": "https:\/\/secure.gravatar.com\/avatar\/bb1677a02d0b69ba91eb245090c7c83a.jpg?s=72&d=https%3A%2F%2Fa.slack-edge.com%2Fdf10d%2Fimg%2Favatars%2Fava_0015-72.png",
            "first_name": "",
            "real_name": "Osvaldo Ramirez",
            "display_name": "Osvaldo Ramirez",
            "team": "TJH5YU202",
            "name": "ramirezosvaldo",
            "is_restricted": false,
            "is_ultra_restricted": false
        },
        "blocks": [
            {
                "type": "rich_text",
                "block_id": "c3DDq",
                "elements": [
                    {
                        "type": "rich_text_section",
                        "elements": [
                            {
                                "type": "text",
                                "text": "Listo, una pc con windows conectada con cable, si puede hacer ping, pero la tablet con android conectada a la red inalámbrica no se dejo hacer ping."
                            }
                        ]
                    }
                ]
            }
        ]
    },
    {
        "client_msg_id": "6e0277ee-6071-4d74-8f6c-2e51c85b42a9",
        "type": "message",
        "text": "Osvaldo, La conexion wifi no estara en una subred?",
        "user": "UJRQZMTAM",
        "ts": "1589306467.234100",
        "team": "TJH5YU202",
        "user_team": "TJH5YU202",
        "source_team": "TJH5YU202",
        "user_profile": {
            "avatar_hash": "0d8c567df084",
            "image_72": "https:\/\/avatars.slack-edge.com\/2019-11-22\/834908722243_0d8c567df084bf59d639_72.png",
            "first_name": "Diego",
            "real_name": "Diego F",
            "display_name": "Diego F",
            "team": "TJH5YU202",
            "name": "diegohfazio",
            "is_restricted": false,
            "is_ultra_restricted": false
        },
        "blocks": [
            {
                "type": "rich_text",
                "block_id": "K0Tp\/",
                "elements": [
                    {
                        "type": "rich_text_section",
                        "elements": [
                            {
                                "type": "text",
                                "text": "Osvaldo, La conexion wifi no estara en una subred?"
                            }
                        ]
                    }
                ]
            }
        ]
    },
    {
        "client_msg_id": "3e49f908-ea64-4869-afba-276f5aa4a740",
        "type": "message",
        "text": "podes verlo en la conexion wifi del telefono con el nro de ip asignado",
        "user": "UJRQZMTAM",
        "ts": "1589306487.234700",
        "team": "TJH5YU202",
        "user_team": "TJH5YU202",
        "source_team": "TJH5YU202",
        "user_profile": {
            "avatar_hash": "0d8c567df084",
            "image_72": "https:\/\/avatars.slack-edge.com\/2019-11-22\/834908722243_0d8c567df084bf59d639_72.png",
            "first_name": "Diego",
            "real_name": "Diego F",
            "display_name": "Diego F",
            "team": "TJH5YU202",
            "name": "diegohfazio",
            "is_restricted": false,
            "is_ultra_restricted": false
        },
        "blocks": [
            {
                "type": "rich_text",
                "block_id": "X8K1h",
                "elements": [
                    {
                        "type": "rich_text_section",
                        "elements": [
                            {
                                "type": "text",
                                "text": "podes verlo en la conexion wifi del telefono con el nro de ip asignado"
                            }
                        ]
                    }
                ]
            }
        ]
    },
    {
        "client_msg_id": "0b169ad6-85aa-47e8-953e-69253eff4145",
        "type": "message",
        "text": "comparandolo con el de la pc",
        "user": "UJRQZMTAM",
        "ts": "1589306495.235000",
        "team": "TJH5YU202",
        "user_team": "TJH5YU202",
        "source_team": "TJH5YU202",
        "user_profile": {
            "avatar_hash": "0d8c567df084",
            "image_72": "https:\/\/avatars.slack-edge.com\/2019-11-22\/834908722243_0d8c567df084bf59d639_72.png",
            "first_name": "Diego",
            "real_name": "Diego F",
            "display_name": "Diego F",
            "team": "TJH5YU202",
            "name": "diegohfazio",
            "is_restricted": false,
            "is_ultra_restricted": false
        },
        "blocks": [
            {
                "type": "rich_text",
                "block_id": "V1yD",
                "elements": [
                    {
                        "type": "rich_text_section",
                        "elements": [
                            {
                                "type": "text",
                                "text": "comparandolo con el de la pc"
                            }
                        ]
                    }
                ]
            }
        ]
    },
    {
        "client_msg_id": "fdec2f7a-caea-482b-860c-cdf19d107d92",
        "type": "message",
        "text": "deja veo un ifconfig en la table para ve si es la misma red, un minuto",
        "user": "UJUSD6VB2",
        "ts": "1589306495.235100",
        "team": "TJH5YU202",
        "user_team": "TJH5YU202",
        "source_team": "TJH5YU202",
        "user_profile": {
            "avatar_hash": "g1677a02d0b6",
            "image_72": "https:\/\/secure.gravatar.com\/avatar\/bb1677a02d0b69ba91eb245090c7c83a.jpg?s=72&d=https%3A%2F%2Fa.slack-edge.com%2Fdf10d%2Fimg%2Favatars%2Fava_0015-72.png",
            "first_name": "",
            "real_name": "Osvaldo Ramirez",
            "display_name": "Osvaldo Ramirez",
            "team": "TJH5YU202",
            "name": "ramirezosvaldo",
            "is_restricted": false,
            "is_ultra_restricted": false
        },
        "blocks": [
            {
                "type": "rich_text",
                "block_id": "39Bk",
                "elements": [
                    {
                        "type": "rich_text_section",
                        "elements": [
                            {
                                "type": "text",
                                "text": "deja veo un ifconfig en la table para ve si es la misma red, un minuto"
                            }
                        ]
                    }
                ]
            }
        ]
    },
    {
        "client_msg_id": "23dfa191-2a45-4c38-8181-8fd1481f6c98",
        "type": "message",
        "text": "Ya revise y esta dentro la misma red, la misma mascara y el mismo dns que las computadoras.",
        "user": "UJUSD6VB2",
        "ts": "1589306811.236000",
        "team": "TJH5YU202",
        "user_team": "TJH5YU202",
        "source_team": "TJH5YU202",
        "user_profile": {
            "avatar_hash": "g1677a02d0b6",
            "image_72": "https:\/\/secure.gravatar.com\/avatar\/bb1677a02d0b69ba91eb245090c7c83a.jpg?s=72&d=https%3A%2F%2Fa.slack-edge.com%2Fdf10d%2Fimg%2Favatars%2Fava_0015-72.png",
            "first_name": "",
            "real_name": "Osvaldo Ramirez",
            "display_name": "Osvaldo Ramirez",
            "team": "TJH5YU202",
            "name": "ramirezosvaldo",
            "is_restricted": false,
            "is_ultra_restricted": false
        },
        "blocks": [
            {
                "type": "rich_text",
                "block_id": "Ou8+",
                "elements": [
                    {
                        "type": "rich_text_section",
                        "elements": [
                            {
                                "type": "text",
                                "text": "Ya revise y esta dentro la misma red, la misma mascara y el mismo dns que las computadoras."
                            }
                        ]
                    }
                ]
            }
        ]
    },
    {
        "client_msg_id": "c18a11c5-8e8a-4ee2-b32c-4e97871e42b7",
        "type": "message",
        "text": "ya tienes instalado el EMULE ?",
        "user": "UK28N3CER",
        "ts": "1589306858.236300",
        "team": "TJH5YU202",
        "user_team": "TJH5YU202",
        "source_team": "TJH5YU202",
        "user_profile": {
            "avatar_hash": "0eafa7153ff3",
            "image_72": "https:\/\/avatars.slack-edge.com\/2020-05-18\/1155120542496_0eafa7153ff35206c804_72.jpg",
            "first_name": "Cesar",
            "real_name": "Cesar SysCtrl Software",
            "display_name": "Cesar SysCtrl Software",
            "team": "TJH5YU202",
            "name": "sysctrlsoftware",
            "is_restricted": false,
            "is_ultra_restricted": false
        },
        "blocks": [
            {
                "type": "rich_text",
                "block_id": "h6g",
                "elements": [
                    {
                        "type": "rich_text_section",
                        "elements": [
                            {
                                "type": "text",
                                "text": "ya tienes instalado el EMULE ?"
                            }
                        ]
                    }
                ]
            }
        ]
    },
    {
        "client_msg_id": "AE314C47-24DA-4AC2-A613-42D47C3F6072",
        "type": "message",
        "text": "Ping desde la pc a la tab?",
        "user": "UJRQZMTAM",
        "ts": "1589306892.236700",
        "team": "TJH5YU202",
        "user_team": "TJH5YU202",
        "source_team": "TJH5YU202",
        "user_profile": {
            "avatar_hash": "0d8c567df084",
            "image_72": "https:\/\/avatars.slack-edge.com\/2019-11-22\/834908722243_0d8c567df084bf59d639_72.png",
            "first_name": "Diego",
            "real_name": "Diego F",
            "display_name": "Diego F",
            "team": "TJH5YU202",
            "name": "diegohfazio",
            "is_restricted": false,
            "is_ultra_restricted": false
        },
        "blocks": [
            {
                "type": "rich_text",
                "block_id": "8c5",
                "elements": [
                    {
                        "type": "rich_text_section",
                        "elements": [
                            {
                                "type": "text",
                                "text": "Ping desde la pc a la tab?"
                            }
                        ]
                    }
                ]
            }
        ]
    },
    {
        "client_msg_id": "5a882dd5-a9f4-4d10-b1b1-655f3d6a9999",
        "type": "message",
        "text": "un min...",
        "user": "UJUSD6VB2",
        "ts": "1589306911.236900",
        "team": "TJH5YU202",
        "user_team": "TJH5YU202",
        "source_team": "TJH5YU202",
        "user_profile": {
            "avatar_hash": "g1677a02d0b6",
            "image_72": "https:\/\/secure.gravatar.com\/avatar\/bb1677a02d0b69ba91eb245090c7c83a.jpg?s=72&d=https%3A%2F%2Fa.slack-edge.com%2Fdf10d%2Fimg%2Favatars%2Fava_0015-72.png",
            "first_name": "",
            "real_name": "Osvaldo Ramirez",
            "display_name": "Osvaldo Ramirez",
            "team": "TJH5YU202",
            "name": "ramirezosvaldo",
            "is_restricted": false,
            "is_ultra_restricted": false
        },
        "blocks": [
            {
                "type": "rich_text",
                "block_id": "Nzv\/",
                "elements": [
                    {
                        "type": "rich_text_section",
                        "elements": [
                            {
                                "type": "text",
                                "text": "un min..."
                            }
                        ]
                    }
                ]
            }
        ]
    },
    {
        "client_msg_id": "e21c6262-93a6-4048-8a48-e8b86ce11057",
        "type": "message",
        "text": "si",
        "user": "UJUSD6VB2",
        "ts": "1589306931.237100",
        "team": "TJH5YU202",
        "user_team": "TJH5YU202",
        "source_team": "TJH5YU202",
        "user_profile": {
            "avatar_hash": "g1677a02d0b6",
            "image_72": "https:\/\/secure.gravatar.com\/avatar\/bb1677a02d0b69ba91eb245090c7c83a.jpg?s=72&d=https%3A%2F%2Fa.slack-edge.com%2Fdf10d%2Fimg%2Favatars%2Fava_0015-72.png",
            "first_name": "",
            "real_name": "Osvaldo Ramirez",
            "display_name": "Osvaldo Ramirez",
            "team": "TJH5YU202",
            "name": "ramirezosvaldo",
            "is_restricted": false,
            "is_ultra_restricted": false
        },
        "blocks": [
            {
                "type": "rich_text",
                "block_id": "NVY",
                "elements": [
                    {
                        "type": "rich_text_section",
                        "elements": [
                            {
                                "type": "text",
                                "text": "si"
                            }
                        ]
                    }
                ]
            }
        ]
    },
    {
        "client_msg_id": "3d0c5516-4f6d-4949-9fb2-b73a47984275",
        "type": "message",
        "text": "si hay ping",
        "user": "UJUSD6VB2",
        "ts": "1589306940.237400",
        "team": "TJH5YU202",
        "user_team": "TJH5YU202",
        "source_team": "TJH5YU202",
        "user_profile": {
            "avatar_hash": "g1677a02d0b6",
            "image_72": "https:\/\/secure.gravatar.com\/avatar\/bb1677a02d0b69ba91eb245090c7c83a.jpg?s=72&d=https%3A%2F%2Fa.slack-edge.com%2Fdf10d%2Fimg%2Favatars%2Fava_0015-72.png",
            "first_name": "",
            "real_name": "Osvaldo Ramirez",
            "display_name": "Osvaldo Ramirez",
            "team": "TJH5YU202",
            "name": "ramirezosvaldo",
            "is_restricted": false,
            "is_ultra_restricted": false
        },
        "blocks": [
            {
                "type": "rich_text",
                "block_id": "iu3",
                "elements": [
                    {
                        "type": "rich_text_section",
                        "elements": [
                            {
                                "type": "text",
                                "text": "si hay ping"
                            }
                        ]
                    }
                ]
            }
        ]
    },
    {
        "client_msg_id": "10a6900c-1184-49da-9637-73978eedf076",
        "type": "message",
        "text": "desde pc a tablet",
        "user": "UJUSD6VB2",
        "ts": "1589306954.237700",
        "team": "TJH5YU202",
        "user_team": "TJH5YU202",
        "source_team": "TJH5YU202",
        "user_profile": {
            "avatar_hash": "g1677a02d0b6",
            "image_72": "https:\/\/secure.gravatar.com\/avatar\/bb1677a02d0b69ba91eb245090c7c83a.jpg?s=72&d=https%3A%2F%2Fa.slack-edge.com%2Fdf10d%2Fimg%2Favatars%2Fava_0015-72.png",
            "first_name": "",
            "real_name": "Osvaldo Ramirez",
            "display_name": "Osvaldo Ramirez",
            "team": "TJH5YU202",
            "name": "ramirezosvaldo",
            "is_restricted": false,
            "is_ultra_restricted": false
        },
        "blocks": [
            {
                "type": "rich_text",
                "block_id": "J\/H2",
                "elements": [
                    {
                        "type": "rich_text_section",
                        "elements": [
                            {
                                "type": "text",
                                "text": "desde pc a tablet"
                            }
                        ]
                    }
                ]
            }
        ]
    },
    {
        "client_msg_id": "9226A5D5-B4FD-42EE-93AF-A244CAE9C39B",
        "type": "message",
        "text": "Estas poniendo la direccion en el google o en el chrome?",
        "user": "UJRQZMTAM",
        "ts": "1589307035.238200",
        "team": "TJH5YU202",
        "user_team": "TJH5YU202",
        "source_team": "TJH5YU202",
        "user_profile": {
            "avatar_hash": "0d8c567df084",
            "image_72": "https:\/\/avatars.slack-edge.com\/2019-11-22\/834908722243_0d8c567df084bf59d639_72.png",
            "first_name": "Diego",
            "real_name": "Diego F",
            "display_name": "Diego F",
            "team": "TJH5YU202",
            "name": "diegohfazio",
            "is_restricted": false,
            "is_ultra_restricted": false
        },
        "blocks": [
            {
                "type": "rich_text",
                "block_id": "Qn0",
                "elements": [
                    {
                        "type": "rich_text_section",
                        "elements": [
                            {
                                "type": "text",
                                "text": "Estas poniendo la direccion en el google o en el chrome?"
                            }
                        ]
                    }
                ]
            }
        ]
    },
    {
        "client_msg_id": "e87ecd42-f808-4379-861e-1414168ebfa5",
        "type": "message",
        "text": "Google",
        "user": "UJUSD6VB2",
        "ts": "1589307049.238400",
        "team": "TJH5YU202",
        "user_team": "TJH5YU202",
        "source_team": "TJH5YU202",
        "user_profile": {
            "avatar_hash": "g1677a02d0b6",
            "image_72": "https:\/\/secure.gravatar.com\/avatar\/bb1677a02d0b69ba91eb245090c7c83a.jpg?s=72&d=https%3A%2F%2Fa.slack-edge.com%2Fdf10d%2Fimg%2Favatars%2Fava_0015-72.png",
            "first_name": "",
            "real_name": "Osvaldo Ramirez",
            "display_name": "Osvaldo Ramirez",
            "team": "TJH5YU202",
            "name": "ramirezosvaldo",
            "is_restricted": false,
            "is_ultra_restricted": false
        },
        "blocks": [
            {
                "type": "rich_text",
                "block_id": "EPz37",
                "elements": [
                    {
                        "type": "rich_text_section",
                        "elements": [
                            {
                                "type": "text",
                                "text": "Google"
                            }
                        ]
                    }
                ]
            }
        ]
    },
    {
        "client_msg_id": "459CEF74-EBB5-4176-BB2C-C21F277B9B32",
        "type": "message",
        "text": "Proba en el chrome ",
        "user": "UJRQZMTAM",
        "ts": "1589307090.239000",
        "team": "TJH5YU202",
        "user_team": "TJH5YU202",
        "source_team": "TJH5YU202",
        "user_profile": {
            "avatar_hash": "0d8c567df084",
            "image_72": "https:\/\/avatars.slack-edge.com\/2019-11-22\/834908722243_0d8c567df084bf59d639_72.png",
            "first_name": "Diego",
            "real_name": "Diego F",
            "display_name": "Diego F",
            "team": "TJH5YU202",
            "name": "diegohfazio",
            "is_restricted": false,
            "is_ultra_restricted": false
        },
        "blocks": [
            {
                "type": "rich_text",
                "block_id": "BWcN",
                "elements": [
                    {
                        "type": "rich_text_section",
                        "elements": [
                            {
                                "type": "text",
                                "text": "Proba en el chrome "
                            }
                        ]
                    }
                ]
            }
        ]
    },
    {
        "client_msg_id": "E16CFFF7-AC68-46F6-8DAF-CBA0DC59BF44",
        "type": "message",
        "text": "Las tab suelen traer un navegador preinstaldo",
        "user": "UJRQZMTAM",
        "ts": "1589307168.239500",
        "team": "TJH5YU202",
        "user_team": "TJH5YU202",
        "source_team": "TJH5YU202",
        "user_profile": {
            "avatar_hash": "0d8c567df084",
            "image_72": "https:\/\/avatars.slack-edge.com\/2019-11-22\/834908722243_0d8c567df084bf59d639_72.png",
            "first_name": "Diego",
            "real_name": "Diego F",
            "display_name": "Diego F",
            "team": "TJH5YU202",
            "name": "diegohfazio",
            "is_restricted": false,
            "is_ultra_restricted": false
        },
        "blocks": [
            {
                "type": "rich_text",
                "block_id": "vej6s",
                "elements": [
                    {
                        "type": "rich_text_section",
                        "elements": [
                            {
                                "type": "text",
                                "text": "Las tab suelen traer un navegador preinstaldo"
                            }
                        ]
                    }
                ]
            }
        ]
    },
    {
        "client_msg_id": "01354B42-E5FF-493D-9EAD-F5EE9F9495A8",
        "type": "message",
        "text": "Proba dsd ahi tambien ",
        "user": "UJRQZMTAM",
        "ts": "1589307187.240100",
        "team": "TJH5YU202",
        "user_team": "TJH5YU202",
        "source_team": "TJH5YU202",
        "user_profile": {
            "avatar_hash": "0d8c567df084",
            "image_72": "https:\/\/avatars.slack-edge.com\/2019-11-22\/834908722243_0d8c567df084bf59d639_72.png",
            "first_name": "Diego",
            "real_name": "Diego F",
            "display_name": "Diego F",
            "team": "TJH5YU202",
            "name": "diegohfazio",
            "is_restricted": false,
            "is_ultra_restricted": false
        },
        "blocks": [
            {
                "type": "rich_text",
                "block_id": "YA+8",
                "elements": [
                    {
                        "type": "rich_text_section",
                        "elements": [
                            {
                                "type": "text",
                                "text": "Proba dsd ahi tambien "
                            }
                        ]
                    }
                ]
            }
        ]
    },
    {
        "client_msg_id": "265c932f-776a-465c-97a2-8d698e4a1c77",
        "type": "message",
        "text": "Ok, hay lo bajo",
        "user": "UJUSD6VB2",
        "ts": "1589307230.240300",
        "team": "TJH5YU202",
        "user_team": "TJH5YU202",
        "source_team": "TJH5YU202",
        "user_profile": {
            "avatar_hash": "g1677a02d0b6",
            "image_72": "https:\/\/secure.gravatar.com\/avatar\/bb1677a02d0b69ba91eb245090c7c83a.jpg?s=72&d=https%3A%2F%2Fa.slack-edge.com%2Fdf10d%2Fimg%2Favatars%2Fava_0015-72.png",
            "first_name": "",
            "real_name": "Osvaldo Ramirez",
            "display_name": "Osvaldo Ramirez",
            "team": "TJH5YU202",
            "name": "ramirezosvaldo",
            "is_restricted": false,
            "is_ultra_restricted": false
        },
        "blocks": [
            {
                "type": "rich_text",
                "block_id": "\/2lFw",
                "elements": [
                    {
                        "type": "rich_text_section",
                        "elements": [
                            {
                                "type": "text",
                                "text": "Ok, hay lo bajo"
                            }
                        ]
                    }
                ]
            }
        ]
    },
    {
        "client_msg_id": "d9e63191-b9c0-4dd1-92e4-a4356df0bd2b",
        "type": "message",
        "text": "Pregunta que el chrome no es de google y no es el mismo navegador ?",
        "user": "UJUSD6VB2",
        "ts": "1589307465.240700",
        "team": "TJH5YU202",
        "user_team": "TJH5YU202",
        "source_team": "TJH5YU202",
        "user_profile": {
            "avatar_hash": "g1677a02d0b6",
            "image_72": "https:\/\/secure.gravatar.com\/avatar\/bb1677a02d0b69ba91eb245090c7c83a.jpg?s=72&d=https%3A%2F%2Fa.slack-edge.com%2Fdf10d%2Fimg%2Favatars%2Fava_0015-72.png",
            "first_name": "",
            "real_name": "Osvaldo Ramirez",
            "display_name": "Osvaldo Ramirez",
            "team": "TJH5YU202",
            "name": "ramirezosvaldo",
            "is_restricted": false,
            "is_ultra_restricted": false
        },
        "blocks": [
            {
                "type": "rich_text",
                "block_id": "x8n5T",
                "elements": [
                    {
                        "type": "rich_text_section",
                        "elements": [
                            {
                                "type": "text",
                                "text": "Pregunta que el chrome no es de google y no es el mismo navegador ?"
                            }
                        ]
                    }
                ]
            }
        ]
    },
    {
        "client_msg_id": "dde24813-7c30-4940-bdce-6ada01b29e5b",
        "type": "message",
        "text": "Puedo decir cosas sobre Chromium vs Google Chrome, pero eso no es de lo que Diego está hablando",
        "user": "UNAHBRTFA",
        "ts": "1589307667.241300",
        "team": "TJH5YU202",
        "user_team": "TJH5YU202",
        "source_team": "TJH5YU202",
        "user_profile": {
            "avatar_hash": "g3d2a3f4c28c",
            "image_72": "https:\/\/secure.gravatar.com\/avatar\/23d2a3f4c28cebb4cf07e48d02620517.jpg?s=72&d=https%3A%2F%2Fa.slack-edge.com%2Fdf10d%2Fimg%2Favatars%2Fava_0020-72.png",
            "first_name": "Andreu",
            "real_name": "Andreu Botella",
            "display_name": "Andreu Botella",
            "team": "TJH5YU202",
            "name": "andreu.132",
            "is_restricted": false,
            "is_ultra_restricted": false
        },
        "blocks": [
            {
                "type": "rich_text",
                "block_id": "ebft",
                "elements": [
                    {
                        "type": "rich_text_section",
                        "elements": [
                            {
                                "type": "text",
                                "text": "Puedo decir cosas sobre Chromium vs Google Chrome, pero eso no es de lo que Diego está hablando"
                            }
                        ]
                    }
                ]
            }
        ]
    },
    {
        "client_msg_id": "1cb110ec-47b7-47e8-9695-33b3e45de3ba",
        "type": "message",
        "text": "Creo que estaba preguntando si pones la dirección en la barra de direcciones del navegador o en el buscador de google",
        "user": "UNAHBRTFA",
        "ts": "1589307689.242000",
        "team": "TJH5YU202",
        "user_team": "TJH5YU202",
        "source_team": "TJH5YU202",
        "user_profile": {
            "avatar_hash": "g3d2a3f4c28c",
            "image_72": "https:\/\/secure.gravatar.com\/avatar\/23d2a3f4c28cebb4cf07e48d02620517.jpg?s=72&d=https%3A%2F%2Fa.slack-edge.com%2Fdf10d%2Fimg%2Favatars%2Fava_0020-72.png",
            "first_name": "Andreu",
            "real_name": "Andreu Botella",
            "display_name": "Andreu Botella",
            "team": "TJH5YU202",
            "name": "andreu.132",
            "is_restricted": false,
            "is_ultra_restricted": false
        },
        "edited": {
            "user": "UNAHBRTFA",
            "ts": "1589307698.000000"
        },
        "blocks": [
            {
                "type": "rich_text",
                "block_id": "oHPJ",
                "elements": [
                    {
                        "type": "rich_text_section",
                        "elements": [
                            {
                                "type": "text",
                                "text": "Creo que estaba preguntando si pones la dirección en la barra de direcciones del navegador o en el buscador de google"
                            }
                        ]
                    }
                ]
            }
        ]
    },
    {
        "client_msg_id": "8b47ebf3-0bb7-4cf3-8c7f-28acab286fb6",
        "type": "message",
        "text": "Ok el google esta instalado, y baje firefox pero no accesar a dicho IP, voy a bajar chromiu",
        "user": "UJUSD6VB2",
        "ts": "1589307717.242700",
        "team": "TJH5YU202",
        "user_team": "TJH5YU202",
        "source_team": "TJH5YU202",
        "user_profile": {
            "avatar_hash": "g1677a02d0b6",
            "image_72": "https:\/\/secure.gravatar.com\/avatar\/bb1677a02d0b69ba91eb245090c7c83a.jpg?s=72&d=https%3A%2F%2Fa.slack-edge.com%2Fdf10d%2Fimg%2Favatars%2Fava_0015-72.png",
            "first_name": "",
            "real_name": "Osvaldo Ramirez",
            "display_name": "Osvaldo Ramirez",
            "team": "TJH5YU202",
            "name": "ramirezosvaldo",
            "is_restricted": false,
            "is_ultra_restricted": false
        },
        "blocks": [
            {
                "type": "rich_text",
                "block_id": "1m2c",
                "elements": [
                    {
                        "type": "rich_text_section",
                        "elements": [
                            {
                                "type": "text",
                                "text": "Ok el google esta instalado, y baje firefox pero no accesar a dicho IP, voy a bajar chromiu"
                            }
                        ]
                    }
                ]
            }
        ]
    },
    {
        "client_msg_id": "497122c4-cc6a-4e11-8753-f490d477a7bd",
        "type": "message",
        "text": "Chromium y Google Chrome son efectivamente el mismo navegador, ni te molestes",
        "user": "UNAHBRTFA",
        "ts": "1589307742.243100",
        "team": "TJH5YU202",
        "user_team": "TJH5YU202",
        "source_team": "TJH5YU202",
        "user_profile": {
            "avatar_hash": "g3d2a3f4c28c",
            "image_72": "https:\/\/secure.gravatar.com\/avatar\/23d2a3f4c28cebb4cf07e48d02620517.jpg?s=72&d=https%3A%2F%2Fa.slack-edge.com%2Fdf10d%2Fimg%2Favatars%2Fava_0020-72.png",
            "first_name": "Andreu",
            "real_name": "Andreu Botella",
            "display_name": "Andreu Botella",
            "team": "TJH5YU202",
            "name": "andreu.132",
            "is_restricted": false,
            "is_ultra_restricted": false
        },
        "blocks": [
            {
                "type": "rich_text",
                "block_id": "DVEOP",
                "elements": [
                    {
                        "type": "rich_text_section",
                        "elements": [
                            {
                                "type": "text",
                                "text": "Chromium y Google Chrome son efectivamente el mismo navegador, ni te molestes"
                            }
                        ]
                    }
                ]
            }
        ]
    },
    {
        "client_msg_id": "537c0524-77f9-4190-9ee4-79176d340336",
        "type": "message",
        "text": "mmm, ok",
        "user": "UJUSD6VB2",
        "ts": "1589308089.243300",
        "team": "TJH5YU202",
        "user_team": "TJH5YU202",
        "source_team": "TJH5YU202",
        "user_profile": {
            "avatar_hash": "g1677a02d0b6",
            "image_72": "https:\/\/secure.gravatar.com\/avatar\/bb1677a02d0b69ba91eb245090c7c83a.jpg?s=72&d=https%3A%2F%2Fa.slack-edge.com%2Fdf10d%2Fimg%2Favatars%2Fava_0015-72.png",
            "first_name": "",
            "real_name": "Osvaldo Ramirez",
            "display_name": "Osvaldo Ramirez",
            "team": "TJH5YU202",
            "name": "ramirezosvaldo",
            "is_restricted": false,
            "is_ultra_restricted": false
        },
        "blocks": [
            {
                "type": "rich_text",
                "block_id": "s8b",
                "elements": [
                    {
                        "type": "rich_text_section",
                        "elements": [
                            {
                                "type": "text",
                                "text": "mmm, ok"
                            }
                        ]
                    }
                ]
            }
        ]
    },
    {
        "client_msg_id": "E70B30AF-F11D-46E4-BB0C-FA99729F4D19",
        "type": "message",
        "text": "Es muy raro Osvaldo. Si estas poniendo correctamente la url deberia funcionar sin problema. Te da error 404?",
        "user": "UJRQZMTAM",
        "ts": "1589309084.244400",
        "team": "TJH5YU202",
        "user_team": "TJH5YU202",
        "source_team": "TJH5YU202",
        "user_profile": {
            "avatar_hash": "0d8c567df084",
            "image_72": "https:\/\/avatars.slack-edge.com\/2019-11-22\/834908722243_0d8c567df084bf59d639_72.png",
            "first_name": "Diego",
            "real_name": "Diego F",
            "display_name": "Diego F",
            "team": "TJH5YU202",
            "name": "diegohfazio",
            "is_restricted": false,
            "is_ultra_restricted": false
        },
        "blocks": [
            {
                "type": "rich_text",
                "block_id": "R5C",
                "elements": [
                    {
                        "type": "rich_text_section",
                        "elements": [
                            {
                                "type": "text",
                                "text": "Es muy raro Osvaldo. Si estas poniendo correctamente la url deberia funcionar sin problema. Te da error 404?"
                            }
                        ]
                    }
                ]
            }
        ]
    },
    {
        "client_msg_id": "f19c6c3e-ff6b-472f-a340-7d0bfe9937dc",
        "type": "message",
        "text": "Mi estimado Diego, En la table copie los mismos valores excepto el consecutivo de la red y pude lograrlo, muchas gracias!",
        "user": "UJUSD6VB2",
        "ts": "1589321263.245200",
        "team": "TJH5YU202",
        "user_team": "TJH5YU202",
        "source_team": "TJH5YU202",
        "user_profile": {
            "avatar_hash": "g1677a02d0b6",
            "image_72": "https:\/\/secure.gravatar.com\/avatar\/bb1677a02d0b69ba91eb245090c7c83a.jpg?s=72&d=https%3A%2F%2Fa.slack-edge.com%2Fdf10d%2Fimg%2Favatars%2Fava_0015-72.png",
            "first_name": "",
            "real_name": "Osvaldo Ramirez",
            "display_name": "Osvaldo Ramirez",
            "team": "TJH5YU202",
            "name": "ramirezosvaldo",
            "is_restricted": false,
            "is_ultra_restricted": false
        },
        "blocks": [
            {
                "type": "rich_text",
                "block_id": "nplf",
                "elements": [
                    {
                        "type": "rich_text_section",
                        "elements": [
                            {
                                "type": "text",
                                "text": "Mi estimado Diego, En la table copie los mismos valores excepto el consecutivo de la red y pude lograrlo, muchas gracias!"
                            }
                        ]
                    }
                ]
            }
        ]
    }
]