[
    {
        "client_msg_id": "ca0e024c-13a9-41aa-b769-3936dd748d00",
        "type": "message",
        "text": "The Windows Developer Platform team is releasing <https:\/\/blogs.windows.com\/windowsdeveloper\/2020\/05\/19\/developing-for-all-1-billion-windows-10-devices-and-beyond\/|previews of the first two official Reunion components: WinUI 3 and WebView 2>. <https:\/\/www.zdnet.com\/article\/microsoft-to-release-an-alpha-of-winui-3-0-next-week\/|WinUI i3, which has been in alpha testing since last fall,> is the modern, native UI framework for Windows 10, and WebView 2 is a control for integrating web content into an app. Both of these components should be generally available by year-end, officials said.",
        "user": "UM81W8B0Q",
        "ts": "1590356133.429600",
        "team": "TJH5YU202",
        "user_team": "TJH5YU202",
        "source_team": "TJH5YU202",
        "user_profile": {
            "avatar_hash": "gab9279ee8c0",
            "image_72": "https:\/\/secure.gravatar.com\/avatar\/73ab9279ee8c00f66ce4904d30146c8f.jpg?s=72&d=https%3A%2F%2Fa.slack-edge.com%2Fdf10d%2Fimg%2Favatars%2Fava_0010-72.png",
            "first_name": "",
            "real_name": "Angel Pais",
            "display_name": "Angel Pais",
            "team": "TJH5YU202",
            "name": "amigosam",
            "is_restricted": false,
            "is_ultra_restricted": false
        },
        "attachments": [
            {
                "service_name": "Windows Developer Blog",
                "title": "Developing for all 1 billion Windows 10 devices and beyond - Windows Developer Blog",
                "title_link": "https:\/\/blogs.windows.com\/windowsdeveloper\/2020\/05\/19\/developing-for-all-1-billion-windows-10-devices-and-beyond\/",
                "text": "This year, Microsoft Build 2020 is a digital-only event that we all get to experience from the comfort of our homes. We hope you enjoy learning about the new features and technologies that matter most to you. Today, I will have the privilege of sharing how developers can build apps for modern work using Microsoft …",
                "fallback": "Windows Developer Blog: Developing for all 1 billion Windows 10 devices and beyond - Windows Developer Blog",
                "image_url": "https:\/\/46c4ts1tskv22sdav81j9c69-wpengine.netdna-ssl.com\/wp-content\/uploads\/prod\/sites\/3\/2020\/05\/ecf45a69e39b3f659f83397d2d81cfd4.png",
                "image_width": 514,
                "image_height": 250,
                "ts": 1589900434,
                "from_url": "https:\/\/blogs.windows.com\/windowsdeveloper\/2020\/05\/19\/developing-for-all-1-billion-windows-10-devices-and-beyond\/",
                "image_bytes": 514318,
                "service_icon": "https:\/\/46c4ts1tskv22sdav81j9c69-wpengine.netdna-ssl.com\/wp-content\/uploads\/sites\/3\/2016\/12\/cropped-Windows-logo2-300x300.png",
                "id": 1,
                "original_url": "https:\/\/blogs.windows.com\/windowsdeveloper\/2020\/05\/19\/developing-for-all-1-billion-windows-10-devices-and-beyond\/"
            },
            {
                "service_name": "ZDNet",
                "title": "Microsoft to release an alpha of WinUI 3.0 next week | ZDNet",
                "title_link": "https:\/\/www.zdnet.com\/article\/microsoft-to-release-an-alpha-of-winui-3-0-next-week\/",
                "text": "Microsoft's plan to try to undo some of its past missteps around its Windows app development strategy is moving ahead.",
                "fallback": "ZDNet: Microsoft to release an alpha of WinUI 3.0 next week | ZDNet",
                "image_url": "https:\/\/zdnet3.cbsistatic.com\/hub\/i\/r\/2019\/10\/30\/968dacd1-8f02-4c2f-8fbe-64a62b4fbde9\/thumbnail\/770x578\/16382cf50e7bad743091f9965d8e5680\/winui3ignite.jpg",
                "from_url": "https:\/\/www.zdnet.com\/article\/microsoft-to-release-an-alpha-of-winui-3-0-next-week\/",
                "image_width": 333,
                "image_height": 250,
                "image_bytes": 24187,
                "service_icon": "https:\/\/zdnet2.cbsistatic.com\/fly\/bundles\/zdnetcss\/images\/logos\/logo-192x192.png",
                "id": 2,
                "original_url": "https:\/\/www.zdnet.com\/article\/microsoft-to-release-an-alpha-of-winui-3-0-next-week\/"
            }
        ],
        "blocks": [
            {
                "type": "rich_text",
                "block_id": "zEY39",
                "elements": [
                    {
                        "type": "rich_text_section",
                        "elements": [
                            {
                                "type": "text",
                                "text": "The Windows Developer Platform team is releasing "
                            },
                            {
                                "type": "link",
                                "url": "https:\/\/blogs.windows.com\/windowsdeveloper\/2020\/05\/19\/developing-for-all-1-billion-windows-10-devices-and-beyond\/",
                                "text": "previews of the first two official Reunion components: WinUI 3 and WebView 2"
                            },
                            {
                                "type": "text",
                                "text": ". "
                            },
                            {
                                "type": "link",
                                "url": "https:\/\/www.zdnet.com\/article\/microsoft-to-release-an-alpha-of-winui-3-0-next-week\/",
                                "text": "WinUI i3, which has been in alpha testing since last fall,"
                            },
                            {
                                "type": "text",
                                "text": " is the modern, native UI framework for Windows 10, and WebView 2 is a control for integrating web content into an app. Both of these components should be generally available by year-end, officials said."
                            }
                        ]
                    }
                ]
            }
        ],
        "reactions": [
            {
                "name": "+1",
                "users": [
                    "UJUJLTWMT"
                ],
                "count": 1
            }
        ]
    },
    {
        "client_msg_id": "eb764d8a-58d9-4e5d-b62d-1816fffa305a",
        "type": "message",
        "text": "Maybe, will we  be capable to integrate our mod_harbour apps into our desktop apps ?",
        "user": "UM81W8B0Q",
        "ts": "1590356232.431300",
        "team": "TJH5YU202",
        "user_team": "TJH5YU202",
        "source_team": "TJH5YU202",
        "user_profile": {
            "avatar_hash": "gab9279ee8c0",
            "image_72": "https:\/\/secure.gravatar.com\/avatar\/73ab9279ee8c00f66ce4904d30146c8f.jpg?s=72&d=https%3A%2F%2Fa.slack-edge.com%2Fdf10d%2Fimg%2Favatars%2Fava_0010-72.png",
            "first_name": "",
            "real_name": "Angel Pais",
            "display_name": "Angel Pais",
            "team": "TJH5YU202",
            "name": "amigosam",
            "is_restricted": false,
            "is_ultra_restricted": false
        },
        "blocks": [
            {
                "type": "rich_text",
                "block_id": "xc6P",
                "elements": [
                    {
                        "type": "rich_text_section",
                        "elements": [
                            {
                                "type": "text",
                                "text": "Maybe, will we  be capable to integrate our mod_harbour apps into our desktop apps ?"
                            }
                        ]
                    }
                ]
            }
        ],
        "reactions": [
            {
                "name": "grinning",
                "users": [
                    "UJUJLTWMT"
                ],
                "count": 1
            }
        ]
    },
    {
        "client_msg_id": "e8b7f7c5-3e1b-461c-886f-a7fdc9b424c2",
        "type": "message",
        "text": "Windows 10 ya tiene soporte para DNS sobre HTTPS\n<https:\/\/www.redeszone.net\/noticias\/seguridad\/windows-10-soporte-dns-sobre-https\/>",
        "user": "UJUJLTWMT",
        "ts": "1590369225.433000",
        "team": "TJH5YU202",
        "user_team": "TJH5YU202",
        "source_team": "TJH5YU202",
        "user_profile": {
            "avatar_hash": "a60e3b1ef2d2",
            "image_72": "https:\/\/avatars.slack-edge.com\/2019-08-20\/726246109489_a60e3b1ef2d2c141969d_72.jpg",
            "first_name": "",
            "real_name": "Cristobal",
            "display_name": "Cristobal",
            "team": "TJH5YU202",
            "name": "navarro.cristobal",
            "is_restricted": false,
            "is_ultra_restricted": false
        },
        "attachments": [
            {
                "service_name": "RedesZone",
                "title": "Windows 10 ya tiene soporte para DNS sobre HTTPS",
                "title_link": "https:\/\/www.redeszone.net\/noticias\/seguridad\/windows-10-soporte-dns-sobre-https\/",
                "text": "En este artículo nos hacemos eco de una noticia que indica cómo Windows 10 ha agregado soporte para DNS sobre HTTPS y mejora así la seguridad.",
                "fallback": "RedesZone: Windows 10 ya tiene soporte para DNS sobre HTTPS",
                "image_url": "https:\/\/www.redeszone.net\/app\/uploads-redeszone.net\/2020\/05\/dns-sobre-https-windows-10.jpg",
                "image_width": 477,
                "image_height": 250,
                "from_url": "https:\/\/www.redeszone.net\/noticias\/seguridad\/windows-10-soporte-dns-sobre-https\/",
                "image_bytes": 91871,
                "service_icon": "https:\/\/www.redeszone.net\/app\/uploads-redeszone.net\/2019\/09\/cropped-redeszone-180x180.png",
                "id": 1,
                "original_url": "https:\/\/www.redeszone.net\/noticias\/seguridad\/windows-10-soporte-dns-sobre-https\/"
            }
        ],
        "blocks": [
            {
                "type": "rich_text",
                "block_id": "Uoz5",
                "elements": [
                    {
                        "type": "rich_text_section",
                        "elements": [
                            {
                                "type": "text",
                                "text": "Windows 10 ya tiene soporte para DNS sobre HTTPS\n"
                            },
                            {
                                "type": "link",
                                "url": "https:\/\/www.redeszone.net\/noticias\/seguridad\/windows-10-soporte-dns-sobre-https\/"
                            }
                        ]
                    }
                ]
            }
        ],
        "reactions": [
            {
                "name": "+1",
                "users": [
                    "UM81W8B0Q",
                    "UK28N3CER"
                ],
                "count": 2
            }
        ]
    }
]