[
    {
        "client_msg_id": "f4dbee3d-dd00-4c18-9cad-6c67b534bd11",
        "type": "message",
        "text": "Hice el alioli de Charly. Quedó de rechupete.",
        "user": "UM81W8B0Q",
        "ts": "1589813422.375200",
        "team": "TJH5YU202",
        "user_team": "TJH5YU202",
        "source_team": "TJH5YU202",
        "user_profile": {
            "avatar_hash": "gab9279ee8c0",
            "image_72": "https:\/\/secure.gravatar.com\/avatar\/73ab9279ee8c00f66ce4904d30146c8f.jpg?s=72&d=https%3A%2F%2Fa.slack-edge.com%2Fdf10d%2Fimg%2Favatars%2Fava_0010-72.png",
            "first_name": "",
            "real_name": "Angel Pais",
            "display_name": "Angel Pais",
            "team": "TJH5YU202",
            "name": "amigosam",
            "is_restricted": false,
            "is_ultra_restricted": false
        },
        "blocks": [
            {
                "type": "rich_text",
                "block_id": "5DI",
                "elements": [
                    {
                        "type": "rich_text_section",
                        "elements": [
                            {
                                "type": "text",
                                "text": "Hice el alioli de Charly. Quedó de rechupete."
                            }
                        ]
                    }
                ]
            }
        ],
        "reactions": [
            {
                "name": "+1",
                "users": [
                    "UJUJLTWMT",
                    "UJWR5N32S",
                    "UJUSD6VB2"
                ],
                "count": 3
            }
        ]
    },
    {
        "client_msg_id": "261be7af-f310-467a-9dc4-4e03c688cf35",
        "type": "message",
        "text": "pasen la receta completa",
        "user": "UK28N3CER",
        "ts": "1589816118.375500",
        "team": "TJH5YU202",
        "user_team": "TJH5YU202",
        "source_team": "TJH5YU202",
        "user_profile": {
            "avatar_hash": "0eafa7153ff3",
            "image_72": "https:\/\/avatars.slack-edge.com\/2020-05-18\/1155120542496_0eafa7153ff35206c804_72.jpg",
            "first_name": "Cesar",
            "real_name": "Cesar SysCtrl Software",
            "display_name": "Cesar SysCtrl Software",
            "team": "TJH5YU202",
            "name": "sysctrlsoftware",
            "is_restricted": false,
            "is_ultra_restricted": false
        },
        "blocks": [
            {
                "type": "rich_text",
                "block_id": "Q4j5R",
                "elements": [
                    {
                        "type": "rich_text_section",
                        "elements": [
                            {
                                "type": "text",
                                "text": "pasen la receta completa"
                            }
                        ]
                    }
                ]
            }
        ]
    },
    {
        "client_msg_id": "00c72421-c9c3-46c0-a39b-37f91a90be14",
        "type": "message",
        "text": "no viste el video ?",
        "user": "UM81W8B0Q",
        "ts": "1589819356.375900",
        "team": "TJH5YU202",
        "user_team": "TJH5YU202",
        "source_team": "TJH5YU202",
        "user_profile": {
            "avatar_hash": "gab9279ee8c0",
            "image_72": "https:\/\/secure.gravatar.com\/avatar\/73ab9279ee8c00f66ce4904d30146c8f.jpg?s=72&d=https%3A%2F%2Fa.slack-edge.com%2Fdf10d%2Fimg%2Favatars%2Fava_0010-72.png",
            "first_name": "",
            "real_name": "Angel Pais",
            "display_name": "Angel Pais",
            "team": "TJH5YU202",
            "name": "amigosam",
            "is_restricted": false,
            "is_ultra_restricted": false
        },
        "blocks": [
            {
                "type": "rich_text",
                "block_id": "RQ5P",
                "elements": [
                    {
                        "type": "rich_text_section",
                        "elements": [
                            {
                                "type": "text",
                                "text": "no viste el video ?"
                            }
                        ]
                    }
                ]
            }
        ]
    },
    {
        "client_msg_id": "a0d9001a-9578-4ede-ade7-d3f310b7ec82",
        "type": "message",
        "text": "hire a verlo Angel",
        "user": "UK28N3CER",
        "ts": "1589820305.376200",
        "team": "TJH5YU202",
        "user_team": "TJH5YU202",
        "source_team": "TJH5YU202",
        "user_profile": {
            "avatar_hash": "0eafa7153ff3",
            "image_72": "https:\/\/avatars.slack-edge.com\/2020-05-18\/1155120542496_0eafa7153ff35206c804_72.jpg",
            "first_name": "Cesar",
            "real_name": "Cesar SysCtrl Software",
            "display_name": "Cesar SysCtrl Software",
            "team": "TJH5YU202",
            "name": "sysctrlsoftware",
            "is_restricted": false,
            "is_ultra_restricted": false
        },
        "blocks": [
            {
                "type": "rich_text",
                "block_id": "B59P",
                "elements": [
                    {
                        "type": "rich_text_section",
                        "elements": [
                            {
                                "type": "text",
                                "text": "hire a verlo Angel"
                            }
                        ]
                    }
                ]
            }
        ]
    },
    {
        "client_msg_id": "65cbe601-48c9-4be2-8cf4-4ea36ab4c40c",
        "type": "message",
        "text": "ya que lo veas, tradúcele las instrucciones a Osvaldo que no entendió nada.",
        "user": "UM81W8B0Q",
        "ts": "1589821297.376800",
        "team": "TJH5YU202",
        "user_team": "TJH5YU202",
        "source_team": "TJH5YU202",
        "user_profile": {
            "avatar_hash": "gab9279ee8c0",
            "image_72": "https:\/\/secure.gravatar.com\/avatar\/73ab9279ee8c00f66ce4904d30146c8f.jpg?s=72&d=https%3A%2F%2Fa.slack-edge.com%2Fdf10d%2Fimg%2Favatars%2Fava_0010-72.png",
            "first_name": "",
            "real_name": "Angel Pais",
            "display_name": "Angel Pais",
            "team": "TJH5YU202",
            "name": "amigosam",
            "is_restricted": false,
            "is_ultra_restricted": false
        },
        "blocks": [
            {
                "type": "rich_text",
                "block_id": "paDWw",
                "elements": [
                    {
                        "type": "rich_text_section",
                        "elements": [
                            {
                                "type": "text",
                                "text": "ya que lo veas, tradúcele las instrucciones a Osvaldo que no entendió nada."
                            }
                        ]
                    }
                ]
            }
        ]
    },
    {
        "client_msg_id": "e95f8c2d-f327-447a-a02c-7b73085a17a8",
        "type": "message",
        "text": "Si Charly por favor, \"recuerda que este for es español\", jejejejej",
        "user": "UJUSD6VB2",
        "ts": "1589822025.377500",
        "team": "TJH5YU202",
        "user_team": "TJH5YU202",
        "source_team": "TJH5YU202",
        "user_profile": {
            "avatar_hash": "g1677a02d0b6",
            "image_72": "https:\/\/secure.gravatar.com\/avatar\/bb1677a02d0b69ba91eb245090c7c83a.jpg?s=72&d=https%3A%2F%2Fa.slack-edge.com%2Fdf10d%2Fimg%2Favatars%2Fava_0015-72.png",
            "first_name": "",
            "real_name": "Osvaldo Ramirez",
            "display_name": "Osvaldo Ramirez",
            "team": "TJH5YU202",
            "name": "ramirezosvaldo",
            "is_restricted": false,
            "is_ultra_restricted": false
        },
        "blocks": [
            {
                "type": "rich_text",
                "block_id": "Yoz",
                "elements": [
                    {
                        "type": "rich_text_section",
                        "elements": [
                            {
                                "type": "text",
                                "text": "Si Charly por favor, \"recuerda que este for es español\", jejejejej"
                            }
                        ]
                    }
                ]
            }
        ]
    },
    {
        "client_msg_id": "77257517-d0d8-4fc2-8ecd-ee23bab16ade",
        "type": "message",
        "text": "jajaja",
        "user": "UK28N3CER",
        "ts": "1589824700.377800",
        "team": "TJH5YU202",
        "user_team": "TJH5YU202",
        "source_team": "TJH5YU202",
        "user_profile": {
            "avatar_hash": "0eafa7153ff3",
            "image_72": "https:\/\/avatars.slack-edge.com\/2020-05-18\/1155120542496_0eafa7153ff35206c804_72.jpg",
            "first_name": "Cesar",
            "real_name": "Cesar SysCtrl Software",
            "display_name": "Cesar SysCtrl Software",
            "team": "TJH5YU202",
            "name": "sysctrlsoftware",
            "is_restricted": false,
            "is_ultra_restricted": false
        },
        "blocks": [
            {
                "type": "rich_text",
                "block_id": "qxF1k",
                "elements": [
                    {
                        "type": "rich_text_section",
                        "elements": [
                            {
                                "type": "text",
                                "text": "jajaja"
                            }
                        ]
                    }
                ]
            }
        ]
    },
    {
        "client_msg_id": "9ab63a0b-8dde-49e5-a292-a8b0658f4931",
        "type": "message",
        "text": "buen ejercicio de muñeca y brazo, hay que hacerlo Osvaldo jeje",
        "user": "UK28N3CER",
        "ts": "1589824716.378200",
        "team": "TJH5YU202",
        "user_team": "TJH5YU202",
        "source_team": "TJH5YU202",
        "user_profile": {
            "avatar_hash": "0eafa7153ff3",
            "image_72": "https:\/\/avatars.slack-edge.com\/2020-05-18\/1155120542496_0eafa7153ff35206c804_72.jpg",
            "first_name": "Cesar",
            "real_name": "Cesar SysCtrl Software",
            "display_name": "Cesar SysCtrl Software",
            "team": "TJH5YU202",
            "name": "sysctrlsoftware",
            "is_restricted": false,
            "is_ultra_restricted": false
        },
        "blocks": [
            {
                "type": "rich_text",
                "block_id": "hyH",
                "elements": [
                    {
                        "type": "rich_text_section",
                        "elements": [
                            {
                                "type": "text",
                                "text": "buen ejercicio de muñeca y brazo, hay que hacerlo Osvaldo jeje"
                            }
                        ]
                    }
                ]
            }
        ]
    },
    {
        "client_msg_id": "5c0dcc10-afe2-4225-b7dd-6f476bb86a01",
        "type": "message",
        "text": "Si, cuenta con esto, solo que nos ponga los subtítulos de perdida",
        "user": "UJUSD6VB2",
        "ts": "1589825875.378600",
        "team": "TJH5YU202",
        "user_team": "TJH5YU202",
        "source_team": "TJH5YU202",
        "user_profile": {
            "avatar_hash": "g1677a02d0b6",
            "image_72": "https:\/\/secure.gravatar.com\/avatar\/bb1677a02d0b69ba91eb245090c7c83a.jpg?s=72&d=https%3A%2F%2Fa.slack-edge.com%2Fdf10d%2Fimg%2Favatars%2Fava_0015-72.png",
            "first_name": "",
            "real_name": "Osvaldo Ramirez",
            "display_name": "Osvaldo Ramirez",
            "team": "TJH5YU202",
            "name": "ramirezosvaldo",
            "is_restricted": false,
            "is_ultra_restricted": false
        },
        "blocks": [
            {
                "type": "rich_text",
                "block_id": "tgb",
                "elements": [
                    {
                        "type": "rich_text_section",
                        "elements": [
                            {
                                "type": "text",
                                "text": "Si, cuenta con esto, solo que nos ponga los subtítulos de perdida"
                            }
                        ]
                    }
                ]
            }
        ]
    },
    {
        "client_msg_id": "63f735af-b2a3-46f9-941b-c751594ae8df",
        "type": "message",
        "text": "jeje",
        "user": "UK28N3CER",
        "ts": "1589826683.378800",
        "team": "TJH5YU202",
        "user_team": "TJH5YU202",
        "source_team": "TJH5YU202",
        "user_profile": {
            "avatar_hash": "0eafa7153ff3",
            "image_72": "https:\/\/avatars.slack-edge.com\/2020-05-18\/1155120542496_0eafa7153ff35206c804_72.jpg",
            "first_name": "Cesar",
            "real_name": "Cesar SysCtrl Software",
            "display_name": "Cesar SysCtrl Software",
            "team": "TJH5YU202",
            "name": "sysctrlsoftware",
            "is_restricted": false,
            "is_ultra_restricted": false
        },
        "blocks": [
            {
                "type": "rich_text",
                "block_id": "pFz",
                "elements": [
                    {
                        "type": "rich_text_section",
                        "elements": [
                            {
                                "type": "text",
                                "text": "jeje"
                            }
                        ]
                    }
                ]
            }
        ]
    },
    {
        "client_msg_id": "7f7eb3c3-df44-4c6c-8db2-bcbea28472f8",
        "type": "message",
        "text": "Un all i oli es facil cachondos. Se echa ajo, un huevo (si no le echas toda la cabeza), aceite y .... a darle al manubrio",
        "user": "UJWR5N32S",
        "ts": "1589827058.380300",
        "team": "TJH5YU202",
        "user_team": "TJH5YU202",
        "source_team": "TJH5YU202",
        "user_profile": {
            "avatar_hash": "273d3745f7ae",
            "image_72": "https:\/\/avatars.slack-edge.com\/2019-05-20\/634344238497_273d3745f7ae1b176b82_72.jpg",
            "first_name": "Charly",
            "real_name": "Charly",
            "display_name": "Charly",
            "team": "TJH5YU202",
            "name": "carles9000",
            "is_restricted": false,
            "is_ultra_restricted": false
        },
        "blocks": [
            {
                "type": "rich_text",
                "block_id": "kV4E",
                "elements": [
                    {
                        "type": "rich_text_section",
                        "elements": [
                            {
                                "type": "text",
                                "text": "Un all i oli es facil cachondos. Se echa ajo, un huevo (si no le echas toda la cabeza), aceite y .... a darle al manubrio"
                            }
                        ]
                    }
                ]
            }
        ]
    },
    {
        "client_msg_id": "4a048e44-b5b3-42be-a991-1452cdae87f0",
        "type": "message",
        "text": "Seguro que sabeis darle",
        "user": "UJWR5N32S",
        "ts": "1589827067.380600",
        "team": "TJH5YU202",
        "user_team": "TJH5YU202",
        "source_team": "TJH5YU202",
        "user_profile": {
            "avatar_hash": "273d3745f7ae",
            "image_72": "https:\/\/avatars.slack-edge.com\/2019-05-20\/634344238497_273d3745f7ae1b176b82_72.jpg",
            "first_name": "Charly",
            "real_name": "Charly",
            "display_name": "Charly",
            "team": "TJH5YU202",
            "name": "carles9000",
            "is_restricted": false,
            "is_ultra_restricted": false
        },
        "blocks": [
            {
                "type": "rich_text",
                "block_id": "hu5",
                "elements": [
                    {
                        "type": "rich_text_section",
                        "elements": [
                            {
                                "type": "text",
                                "text": "Seguro que sabeis darle"
                            }
                        ]
                    }
                ]
            }
        ]
    },
    {
        "client_msg_id": "863bbb9b-b842-4415-b585-b96842a978cf",
        "type": "message",
        "text": "Con eso ya no necesitas el viagra?",
        "user": "UK28N3CER",
        "ts": "1589828572.381500",
        "team": "TJH5YU202",
        "user_team": "TJH5YU202",
        "source_team": "TJH5YU202",
        "user_profile": {
            "avatar_hash": "0eafa7153ff3",
            "image_72": "https:\/\/avatars.slack-edge.com\/2020-05-18\/1155120542496_0eafa7153ff35206c804_72.jpg",
            "first_name": "Cesar",
            "real_name": "Cesar SysCtrl Software",
            "display_name": "Cesar SysCtrl Software",
            "team": "TJH5YU202",
            "name": "sysctrlsoftware",
            "is_restricted": false,
            "is_ultra_restricted": false
        },
        "blocks": [
            {
                "type": "rich_text",
                "block_id": "w96u",
                "elements": [
                    {
                        "type": "rich_text_section",
                        "elements": [
                            {
                                "type": "text",
                                "text": "Con eso ya no necesitas el viagra?"
                            }
                        ]
                    }
                ]
            }
        ]
    },
    {
        "client_msg_id": "31a62826-caa0-490a-959f-473cc9463a16",
        "type": "message",
        "text": "Hoy gané como 10cm de bíceps",
        "user": "UM81W8B0Q",
        "ts": "1589830623.382200",
        "team": "TJH5YU202",
        "user_team": "TJH5YU202",
        "source_team": "TJH5YU202",
        "user_profile": {
            "avatar_hash": "gab9279ee8c0",
            "image_72": "https:\/\/secure.gravatar.com\/avatar\/73ab9279ee8c00f66ce4904d30146c8f.jpg?s=72&d=https%3A%2F%2Fa.slack-edge.com%2Fdf10d%2Fimg%2Favatars%2Fava_0010-72.png",
            "first_name": "",
            "real_name": "Angel Pais",
            "display_name": "Angel Pais",
            "team": "TJH5YU202",
            "name": "amigosam",
            "is_restricted": false,
            "is_ultra_restricted": false
        },
        "blocks": [
            {
                "type": "rich_text",
                "block_id": "nqe+P",
                "elements": [
                    {
                        "type": "rich_text_section",
                        "elements": [
                            {
                                "type": "text",
                                "text": "Hoy gané como 10cm de bíceps"
                            }
                        ]
                    }
                ]
            }
        ]
    },
    {
        "client_msg_id": "883059eb-f8d0-4b96-9f73-5dc454ed3bca",
        "type": "message",
        "text": "Mañana hago una con el otro brazo para emparejar.",
        "user": "UM81W8B0Q",
        "ts": "1589830705.382600",
        "team": "TJH5YU202",
        "user_team": "TJH5YU202",
        "source_team": "TJH5YU202",
        "user_profile": {
            "avatar_hash": "gab9279ee8c0",
            "image_72": "https:\/\/secure.gravatar.com\/avatar\/73ab9279ee8c00f66ce4904d30146c8f.jpg?s=72&d=https%3A%2F%2Fa.slack-edge.com%2Fdf10d%2Fimg%2Favatars%2Fava_0010-72.png",
            "first_name": "",
            "real_name": "Angel Pais",
            "display_name": "Angel Pais",
            "team": "TJH5YU202",
            "name": "amigosam",
            "is_restricted": false,
            "is_ultra_restricted": false
        },
        "blocks": [
            {
                "type": "rich_text",
                "block_id": "rm8",
                "elements": [
                    {
                        "type": "rich_text_section",
                        "elements": [
                            {
                                "type": "text",
                                "text": "Mañana hago una con el otro brazo para emparejar."
                            }
                        ]
                    }
                ]
            }
        ]
    },
    {
        "client_msg_id": "be745226-e276-4e4b-bb50-30c239eba092",
        "type": "message",
        "text": "jajajaja",
        "user": "UK28N3CER",
        "ts": "1589830812.382800",
        "team": "TJH5YU202",
        "user_team": "TJH5YU202",
        "source_team": "TJH5YU202",
        "user_profile": {
            "avatar_hash": "0eafa7153ff3",
            "image_72": "https:\/\/avatars.slack-edge.com\/2020-05-18\/1155120542496_0eafa7153ff35206c804_72.jpg",
            "first_name": "Cesar",
            "real_name": "Cesar SysCtrl Software",
            "display_name": "Cesar SysCtrl Software",
            "team": "TJH5YU202",
            "name": "sysctrlsoftware",
            "is_restricted": false,
            "is_ultra_restricted": false
        },
        "blocks": [
            {
                "type": "rich_text",
                "block_id": "0UuCf",
                "elements": [
                    {
                        "type": "rich_text_section",
                        "elements": [
                            {
                                "type": "text",
                                "text": "jajajaja"
                            }
                        ]
                    }
                ]
            }
        ]
    },
    {
        "client_msg_id": "044e96a8-0876-443c-b3ac-567ea70b6f00",
        "type": "message",
        "text": "se le acabara la venta a Osvaldo",
        "user": "UK28N3CER",
        "ts": "1589830827.383100",
        "team": "TJH5YU202",
        "user_team": "TJH5YU202",
        "source_team": "TJH5YU202",
        "user_profile": {
            "avatar_hash": "0eafa7153ff3",
            "image_72": "https:\/\/avatars.slack-edge.com\/2020-05-18\/1155120542496_0eafa7153ff35206c804_72.jpg",
            "first_name": "Cesar",
            "real_name": "Cesar SysCtrl Software",
            "display_name": "Cesar SysCtrl Software",
            "team": "TJH5YU202",
            "name": "sysctrlsoftware",
            "is_restricted": false,
            "is_ultra_restricted": false
        },
        "blocks": [
            {
                "type": "rich_text",
                "block_id": "pfFo",
                "elements": [
                    {
                        "type": "rich_text_section",
                        "elements": [
                            {
                                "type": "text",
                                "text": "se le acabara la venta a Osvaldo"
                            }
                        ]
                    }
                ]
            }
        ]
    },
    {
        "client_msg_id": "339278eb-9315-4d3b-ba70-3485f84f6ebb",
        "type": "message",
        "text": "igual ahora está dedicado al covid",
        "user": "UM81W8B0Q",
        "ts": "1589830849.383500",
        "team": "TJH5YU202",
        "user_team": "TJH5YU202",
        "source_team": "TJH5YU202",
        "user_profile": {
            "avatar_hash": "gab9279ee8c0",
            "image_72": "https:\/\/secure.gravatar.com\/avatar\/73ab9279ee8c00f66ce4904d30146c8f.jpg?s=72&d=https%3A%2F%2Fa.slack-edge.com%2Fdf10d%2Fimg%2Favatars%2Fava_0010-72.png",
            "first_name": "",
            "real_name": "Angel Pais",
            "display_name": "Angel Pais",
            "team": "TJH5YU202",
            "name": "amigosam",
            "is_restricted": false,
            "is_ultra_restricted": false
        },
        "blocks": [
            {
                "type": "rich_text",
                "block_id": "un7i4",
                "elements": [
                    {
                        "type": "rich_text_section",
                        "elements": [
                            {
                                "type": "text",
                                "text": "igual ahora está dedicado al covid"
                            }
                        ]
                    }
                ]
            }
        ]
    },
    {
        "client_msg_id": "0bf8697a-0cf9-4392-a88a-a3366baf174f",
        "type": "message",
        "text": ":grin:",
        "user": "UK28N3CER",
        "ts": "1589830861.383700",
        "team": "TJH5YU202",
        "user_team": "TJH5YU202",
        "source_team": "TJH5YU202",
        "user_profile": {
            "avatar_hash": "0eafa7153ff3",
            "image_72": "https:\/\/avatars.slack-edge.com\/2020-05-18\/1155120542496_0eafa7153ff35206c804_72.jpg",
            "first_name": "Cesar",
            "real_name": "Cesar SysCtrl Software",
            "display_name": "Cesar SysCtrl Software",
            "team": "TJH5YU202",
            "name": "sysctrlsoftware",
            "is_restricted": false,
            "is_ultra_restricted": false
        },
        "blocks": [
            {
                "type": "rich_text",
                "block_id": "zmI=",
                "elements": [
                    {
                        "type": "rich_text_section",
                        "elements": [
                            {
                                "type": "emoji",
                                "name": "grin"
                            }
                        ]
                    }
                ]
            }
        ]
    },
    {
        "client_msg_id": "4101d0f8-a4c3-4237-8ead-4c2e5d7363ee",
        "type": "message",
        "text": "Hombre amigos, me trane loco, cambios y luego no los quieren, en fin, pero es trabajo, saludos",
        "user": "UJUSD6VB2",
        "ts": "1589832950.384900",
        "team": "TJH5YU202",
        "user_team": "TJH5YU202",
        "source_team": "TJH5YU202",
        "user_profile": {
            "avatar_hash": "g1677a02d0b6",
            "image_72": "https:\/\/secure.gravatar.com\/avatar\/bb1677a02d0b69ba91eb245090c7c83a.jpg?s=72&d=https%3A%2F%2Fa.slack-edge.com%2Fdf10d%2Fimg%2Favatars%2Fava_0015-72.png",
            "first_name": "",
            "real_name": "Osvaldo Ramirez",
            "display_name": "Osvaldo Ramirez",
            "team": "TJH5YU202",
            "name": "ramirezosvaldo",
            "is_restricted": false,
            "is_ultra_restricted": false
        },
        "blocks": [
            {
                "type": "rich_text",
                "block_id": "Fx0h",
                "elements": [
                    {
                        "type": "rich_text_section",
                        "elements": [
                            {
                                "type": "text",
                                "text": "Hombre amigos, me trane loco, cambios y luego no los quieren, en fin, pero es trabajo, saludos"
                            }
                        ]
                    }
                ]
            }
        ]
    },
    {
        "client_msg_id": "69bbf25b-d82c-4556-be69-cfdda4151a36",
        "type": "message",
        "text": "cambio no querido es cambio hecho y se paga",
        "user": "UM81W8B0Q",
        "ts": "1589834274.385200",
        "team": "TJH5YU202",
        "user_team": "TJH5YU202",
        "source_team": "TJH5YU202",
        "user_profile": {
            "avatar_hash": "gab9279ee8c0",
            "image_72": "https:\/\/secure.gravatar.com\/avatar\/73ab9279ee8c00f66ce4904d30146c8f.jpg?s=72&d=https%3A%2F%2Fa.slack-edge.com%2Fdf10d%2Fimg%2Favatars%2Fava_0010-72.png",
            "first_name": "",
            "real_name": "Angel Pais",
            "display_name": "Angel Pais",
            "team": "TJH5YU202",
            "name": "amigosam",
            "is_restricted": false,
            "is_ultra_restricted": false
        },
        "blocks": [
            {
                "type": "rich_text",
                "block_id": "yKkYj",
                "elements": [
                    {
                        "type": "rich_text_section",
                        "elements": [
                            {
                                "type": "text",
                                "text": "cambio no querido es cambio hecho y se paga"
                            }
                        ]
                    }
                ]
            }
        ]
    },
    {
        "client_msg_id": "88977804-809c-4053-b327-24dca2faf2d3",
        "type": "message",
        "text": ":smile:",
        "user": "UM81W8B0Q",
        "ts": "1589834278.385400",
        "team": "TJH5YU202",
        "user_team": "TJH5YU202",
        "source_team": "TJH5YU202",
        "user_profile": {
            "avatar_hash": "gab9279ee8c0",
            "image_72": "https:\/\/secure.gravatar.com\/avatar\/73ab9279ee8c00f66ce4904d30146c8f.jpg?s=72&d=https%3A%2F%2Fa.slack-edge.com%2Fdf10d%2Fimg%2Favatars%2Fava_0010-72.png",
            "first_name": "",
            "real_name": "Angel Pais",
            "display_name": "Angel Pais",
            "team": "TJH5YU202",
            "name": "amigosam",
            "is_restricted": false,
            "is_ultra_restricted": false
        },
        "blocks": [
            {
                "type": "rich_text",
                "block_id": "AJfeH",
                "elements": [
                    {
                        "type": "rich_text_section",
                        "elements": [
                            {
                                "type": "emoji",
                                "name": "smile"
                            }
                        ]
                    }
                ]
            }
        ]
    },
    {
        "client_msg_id": "cb673c4c-c945-43d7-9890-7a73a731f59a",
        "type": "message",
        "text": "Bueno, como es cliente fijo, pues no hay tanto problema",
        "user": "UJUSD6VB2",
        "ts": "1589835405.385700",
        "team": "TJH5YU202",
        "user_team": "TJH5YU202",
        "source_team": "TJH5YU202",
        "user_profile": {
            "avatar_hash": "g1677a02d0b6",
            "image_72": "https:\/\/secure.gravatar.com\/avatar\/bb1677a02d0b69ba91eb245090c7c83a.jpg?s=72&d=https%3A%2F%2Fa.slack-edge.com%2Fdf10d%2Fimg%2Favatars%2Fava_0015-72.png",
            "first_name": "",
            "real_name": "Osvaldo Ramirez",
            "display_name": "Osvaldo Ramirez",
            "team": "TJH5YU202",
            "name": "ramirezosvaldo",
            "is_restricted": false,
            "is_ultra_restricted": false
        },
        "blocks": [
            {
                "type": "rich_text",
                "block_id": "Gz8o",
                "elements": [
                    {
                        "type": "rich_text_section",
                        "elements": [
                            {
                                "type": "text",
                                "text": "Bueno, como es cliente fijo, pues no hay tanto problema"
                            }
                        ]
                    }
                ]
            }
        ]
    },
    {
        "client_msg_id": "a1640050-5db3-4e84-abff-bf1e0c6183d9",
        "type": "message",
        "text": "cuando eres el cliente tu mismo no problem jeje",
        "user": "UK28N3CER",
        "ts": "1589842263.386100",
        "team": "TJH5YU202",
        "user_team": "TJH5YU202",
        "source_team": "TJH5YU202",
        "user_profile": {
            "avatar_hash": "0eafa7153ff3",
            "image_72": "https:\/\/avatars.slack-edge.com\/2020-05-18\/1155120542496_0eafa7153ff35206c804_72.jpg",
            "first_name": "Cesar",
            "real_name": "Cesar SysCtrl Software",
            "display_name": "Cesar SysCtrl Software",
            "team": "TJH5YU202",
            "name": "sysctrlsoftware",
            "is_restricted": false,
            "is_ultra_restricted": false
        },
        "blocks": [
            {
                "type": "rich_text",
                "block_id": "QMI",
                "elements": [
                    {
                        "type": "rich_text_section",
                        "elements": [
                            {
                                "type": "text",
                                "text": "cuando eres el cliente tu mismo no problem jeje"
                            }
                        ]
                    }
                ]
            }
        ]
    }
]