[
    {
        "client_msg_id": "4aac1863-87cb-4180-ae7b-b9d701235612",
        "type": "message",
        "text": "<https:\/\/youtu.be\/2WQIFoN3mSA|https:\/\/youtu.be\/2WQIFoN3mSA>",
        "user": "UJWR5N32S",
        "ts": "1589717373.359800",
        "team": "TJH5YU202",
        "user_team": "TJH5YU202",
        "source_team": "TJH5YU202",
        "user_profile": {
            "avatar_hash": "273d3745f7ae",
            "image_72": "https:\/\/avatars.slack-edge.com\/2019-05-20\/634344238497_273d3745f7ae1b176b82_72.jpg",
            "first_name": "Charly",
            "real_name": "Charly",
            "display_name": "Charly",
            "team": "TJH5YU202",
            "name": "carles9000",
            "is_restricted": false,
            "is_ultra_restricted": false
        },
        "attachments": [
            {
                "service_name": "YouTube",
                "service_url": "https:\/\/www.youtube.com\/",
                "title": "Confination - All i Oli",
                "title_link": "https:\/\/youtu.be\/2WQIFoN3mSA",
                "author_name": "Charly Nou mil",
                "author_link": "https:\/\/www.youtube.com\/channel\/UCv6TaNLxmHEGXEXJjFN40FA",
                "thumb_url": "https:\/\/i.ytimg.com\/vi\/2WQIFoN3mSA\/hqdefault.jpg",
                "thumb_width": 480,
                "thumb_height": 360,
                "fallback": "YouTube Video: Confination - All i Oli",
                "video_html": "<iframe width=\"400\" height=\"225\" src=\"https:\/\/www.youtube.com\/embed\/2WQIFoN3mSA?feature=oembed&autoplay=1&iv_load_policy=3\" frameborder=\"0\" allow=\"accelerometer; autoplay; encrypted-media; gyroscope; picture-in-picture\" allowfullscreen><\/iframe>",
                "video_html_width": 400,
                "video_html_height": 225,
                "from_url": "https:\/\/youtu.be\/2WQIFoN3mSA",
                "service_icon": "https:\/\/a.slack-edge.com\/80588\/img\/unfurl_icons\/youtube.png",
                "id": 1,
                "original_url": "https:\/\/youtu.be\/2WQIFoN3mSA"
            }
        ],
        "blocks": [
            {
                "type": "rich_text",
                "block_id": "W=SMh",
                "elements": [
                    {
                        "type": "rich_text_section",
                        "elements": [
                            {
                                "type": "link",
                                "url": "https:\/\/youtu.be\/2WQIFoN3mSA",
                                "text": "https:\/\/youtu.be\/2WQIFoN3mSA"
                            }
                        ]
                    }
                ]
            }
        ],
        "reactions": [
            {
                "name": "yum",
                "users": [
                    "UJUJLTWMT"
                ],
                "count": 1
            }
        ]
    },
    {
        "client_msg_id": "07350A70-5A4E-4EA9-98EE-3684250903F3",
        "type": "message",
        "text": "Que dijo?",
        "user": "UJUSD6VB2",
        "ts": "1589728625.360200",
        "team": "TJH5YU202",
        "user_team": "TJH5YU202",
        "source_team": "TJH5YU202",
        "user_profile": {
            "avatar_hash": "g1677a02d0b6",
            "image_72": "https:\/\/secure.gravatar.com\/avatar\/bb1677a02d0b69ba91eb245090c7c83a.jpg?s=72&d=https%3A%2F%2Fa.slack-edge.com%2Fdf10d%2Fimg%2Favatars%2Fava_0015-72.png",
            "first_name": "",
            "real_name": "Osvaldo Ramirez",
            "display_name": "Osvaldo Ramirez",
            "team": "TJH5YU202",
            "name": "ramirezosvaldo",
            "is_restricted": false,
            "is_ultra_restricted": false
        },
        "blocks": [
            {
                "type": "rich_text",
                "block_id": "L0L",
                "elements": [
                    {
                        "type": "rich_text_section",
                        "elements": [
                            {
                                "type": "text",
                                "text": "Que dijo?"
                            }
                        ]
                    }
                ]
            }
        ]
    },
    {
        "client_msg_id": "10d13468-752f-4f22-93c4-88b6f4054eb3",
        "type": "message",
        "text": "Que no sabe pelar los ajos =)",
        "user": "UM81W8B0Q",
        "ts": "1589728758.360500",
        "team": "TJH5YU202",
        "user_team": "TJH5YU202",
        "source_team": "TJH5YU202",
        "user_profile": {
            "avatar_hash": "gab9279ee8c0",
            "image_72": "https:\/\/secure.gravatar.com\/avatar\/73ab9279ee8c00f66ce4904d30146c8f.jpg?s=72&d=https%3A%2F%2Fa.slack-edge.com%2Fdf10d%2Fimg%2Favatars%2Fava_0010-72.png",
            "first_name": "",
            "real_name": "Angel Pais",
            "display_name": "Angel Pais",
            "team": "TJH5YU202",
            "name": "amigosam",
            "is_restricted": false,
            "is_ultra_restricted": false
        },
        "blocks": [
            {
                "type": "rich_text",
                "block_id": "mDQv",
                "elements": [
                    {
                        "type": "rich_text_section",
                        "elements": [
                            {
                                "type": "text",
                                "text": "Que no sabe pelar los ajos =)"
                            }
                        ]
                    }
                ]
            }
        ]
    },
    {
        "client_msg_id": "6f660ade-01fa-4c91-9503-4a9e776ac36e",
        "type": "message",
        "text": "Hay quien los aplasta con el cuchillo,,pero a mi me gusta cortarlos... :stuck_out_tongue:",
        "user": "UJWR5N32S",
        "ts": "1589728876.361300",
        "team": "TJH5YU202",
        "user_team": "TJH5YU202",
        "source_team": "TJH5YU202",
        "user_profile": {
            "avatar_hash": "273d3745f7ae",
            "image_72": "https:\/\/avatars.slack-edge.com\/2019-05-20\/634344238497_273d3745f7ae1b176b82_72.jpg",
            "first_name": "Charly",
            "real_name": "Charly",
            "display_name": "Charly",
            "team": "TJH5YU202",
            "name": "carles9000",
            "is_restricted": false,
            "is_ultra_restricted": false
        },
        "blocks": [
            {
                "type": "rich_text",
                "block_id": "c4C",
                "elements": [
                    {
                        "type": "rich_text_section",
                        "elements": [
                            {
                                "type": "text",
                                "text": "Hay quien los aplasta con el cuchillo,,pero a mi me gusta cortarlos... "
                            },
                            {
                                "type": "emoji",
                                "name": "stuck_out_tongue"
                            }
                        ]
                    }
                ]
            }
        ]
    },
    {
        "client_msg_id": "bbe6a780-3dc7-4279-a487-714dbefb46ad",
        "type": "message",
        "text": "YO los aplasto porque la cascara se sale sola",
        "user": "UM81W8B0Q",
        "ts": "1589728929.361600",
        "team": "TJH5YU202",
        "user_team": "TJH5YU202",
        "source_team": "TJH5YU202",
        "user_profile": {
            "avatar_hash": "gab9279ee8c0",
            "image_72": "https:\/\/secure.gravatar.com\/avatar\/73ab9279ee8c00f66ce4904d30146c8f.jpg?s=72&d=https%3A%2F%2Fa.slack-edge.com%2Fdf10d%2Fimg%2Favatars%2Fava_0010-72.png",
            "first_name": "",
            "real_name": "Angel Pais",
            "display_name": "Angel Pais",
            "team": "TJH5YU202",
            "name": "amigosam",
            "is_restricted": false,
            "is_ultra_restricted": false
        },
        "edited": {
            "user": "UM81W8B0Q",
            "ts": "1589728979.000000"
        },
        "blocks": [
            {
                "type": "rich_text",
                "block_id": "c9ri",
                "elements": [
                    {
                        "type": "rich_text_section",
                        "elements": [
                            {
                                "type": "text",
                                "text": "YO los aplasto porque la cascara se sale sola"
                            }
                        ]
                    }
                ]
            }
        ]
    },
    {
        "client_msg_id": "ea7e25f9-f166-47e8-a5ad-824bf540afef",
        "type": "message",
        "text": "Igualmente muy rico el pesto que presentaste",
        "user": "UM81W8B0Q",
        "ts": "1589728967.362200",
        "team": "TJH5YU202",
        "user_team": "TJH5YU202",
        "source_team": "TJH5YU202",
        "user_profile": {
            "avatar_hash": "gab9279ee8c0",
            "image_72": "https:\/\/secure.gravatar.com\/avatar\/73ab9279ee8c00f66ce4904d30146c8f.jpg?s=72&d=https%3A%2F%2Fa.slack-edge.com%2Fdf10d%2Fimg%2Favatars%2Fava_0010-72.png",
            "first_name": "",
            "real_name": "Angel Pais",
            "display_name": "Angel Pais",
            "team": "TJH5YU202",
            "name": "amigosam",
            "is_restricted": false,
            "is_ultra_restricted": false
        },
        "blocks": [
            {
                "type": "rich_text",
                "block_id": "7vq",
                "elements": [
                    {
                        "type": "rich_text_section",
                        "elements": [
                            {
                                "type": "text",
                                "text": "Igualmente muy rico el pesto que presentaste"
                            }
                        ]
                    }
                ]
            }
        ]
    },
    {
        "client_msg_id": "80a1b7c4-6d95-4b3d-b3c2-ca34712157dd",
        "type": "message",
        "text": "Decir que vio el video después que tenia pronto el tuco. Sino hubiera hecho uno para los tallarines del domingo.",
        "user": "UM81W8B0Q",
        "ts": "1589729037.363000",
        "team": "TJH5YU202",
        "user_team": "TJH5YU202",
        "source_team": "TJH5YU202",
        "user_profile": {
            "avatar_hash": "gab9279ee8c0",
            "image_72": "https:\/\/secure.gravatar.com\/avatar\/73ab9279ee8c00f66ce4904d30146c8f.jpg?s=72&d=https%3A%2F%2Fa.slack-edge.com%2Fdf10d%2Fimg%2Favatars%2Fava_0010-72.png",
            "first_name": "",
            "real_name": "Angel Pais",
            "display_name": "Angel Pais",
            "team": "TJH5YU202",
            "name": "amigosam",
            "is_restricted": false,
            "is_ultra_restricted": false
        },
        "blocks": [
            {
                "type": "rich_text",
                "block_id": "5MN",
                "elements": [
                    {
                        "type": "rich_text_section",
                        "elements": [
                            {
                                "type": "text",
                                "text": "Decir que vio el video después que tenia pronto el tuco. Sino hubiera hecho uno para los tallarines del domingo."
                            }
                        ]
                    }
                ]
            }
        ]
    },
    {
        "client_msg_id": "fdf505c8-55a6-45b9-979d-dda7b26a499c",
        "type": "message",
        "text": "Pesto no. Aqui lo llamamos all i oli -&gt; Ajo y aceite. Tipico",
        "user": "UJWR5N32S",
        "ts": "1589729110.364000",
        "team": "TJH5YU202",
        "user_team": "TJH5YU202",
        "source_team": "TJH5YU202",
        "user_profile": {
            "avatar_hash": "273d3745f7ae",
            "image_72": "https:\/\/avatars.slack-edge.com\/2019-05-20\/634344238497_273d3745f7ae1b176b82_72.jpg",
            "first_name": "Charly",
            "real_name": "Charly",
            "display_name": "Charly",
            "team": "TJH5YU202",
            "name": "carles9000",
            "is_restricted": false,
            "is_ultra_restricted": false
        },
        "blocks": [
            {
                "type": "rich_text",
                "block_id": "bLE8",
                "elements": [
                    {
                        "type": "rich_text_section",
                        "elements": [
                            {
                                "type": "text",
                                "text": "Pesto no. Aqui lo llamamos all i oli -> Ajo y aceite. Tipico"
                            }
                        ]
                    }
                ]
            }
        ],
        "reactions": [
            {
                "name": "yum",
                "users": [
                    "UJUJLTWMT"
                ],
                "count": 1
            }
        ]
    },
    {
        "client_msg_id": "1b5901db-589d-4dac-ac69-27ffe8e6f8c7",
        "type": "message",
        "text": "Para ligar despues...",
        "user": "UJWR5N32S",
        "ts": "1589729129.364600",
        "team": "TJH5YU202",
        "user_team": "TJH5YU202",
        "source_team": "TJH5YU202",
        "user_profile": {
            "avatar_hash": "273d3745f7ae",
            "image_72": "https:\/\/avatars.slack-edge.com\/2019-05-20\/634344238497_273d3745f7ae1b176b82_72.jpg",
            "first_name": "Charly",
            "real_name": "Charly",
            "display_name": "Charly",
            "team": "TJH5YU202",
            "name": "carles9000",
            "is_restricted": false,
            "is_ultra_restricted": false
        },
        "blocks": [
            {
                "type": "rich_text",
                "block_id": "8KZiT",
                "elements": [
                    {
                        "type": "rich_text_section",
                        "elements": [
                            {
                                "type": "text",
                                "text": "Para ligar despues..."
                            }
                        ]
                    }
                ]
            }
        ]
    },
    {
        "client_msg_id": "1335b899-01f9-4f05-a50d-246342393d13",
        "type": "message",
        "text": "Una receta nueva pra probar. Gracias !!!!",
        "user": "UM81W8B0Q",
        "ts": "1589729133.364700",
        "team": "TJH5YU202",
        "user_team": "TJH5YU202",
        "source_team": "TJH5YU202",
        "user_profile": {
            "avatar_hash": "gab9279ee8c0",
            "image_72": "https:\/\/secure.gravatar.com\/avatar\/73ab9279ee8c00f66ce4904d30146c8f.jpg?s=72&d=https%3A%2F%2Fa.slack-edge.com%2Fdf10d%2Fimg%2Favatars%2Fava_0010-72.png",
            "first_name": "",
            "real_name": "Angel Pais",
            "display_name": "Angel Pais",
            "team": "TJH5YU202",
            "name": "amigosam",
            "is_restricted": false,
            "is_ultra_restricted": false
        },
        "blocks": [
            {
                "type": "rich_text",
                "block_id": "SoCf",
                "elements": [
                    {
                        "type": "rich_text_section",
                        "elements": [
                            {
                                "type": "text",
                                "text": "Una receta nueva pra probar. Gracias !!!!"
                            }
                        ]
                    }
                ]
            }
        ]
    },
    {
        "client_msg_id": "ed60eeb6-4774-4aa3-80f9-fecf47548db8",
        "type": "message",
        "text": "Lo he puesto en varios....",
        "user": "UJWR5N32S",
        "ts": "1589729174.365500",
        "team": "TJH5YU202",
        "user_team": "TJH5YU202",
        "source_team": "TJH5YU202",
        "user_profile": {
            "avatar_hash": "273d3745f7ae",
            "image_72": "https:\/\/avatars.slack-edge.com\/2019-05-20\/634344238497_273d3745f7ae1b176b82_72.jpg",
            "first_name": "Charly",
            "real_name": "Charly",
            "display_name": "Charly",
            "team": "TJH5YU202",
            "name": "carles9000",
            "is_restricted": false,
            "is_ultra_restricted": false
        },
        "blocks": [
            {
                "type": "rich_text",
                "block_id": "knI",
                "elements": [
                    {
                        "type": "rich_text_section",
                        "elements": [
                            {
                                "type": "text",
                                "text": "Lo he puesto en varios...."
                            }
                        ]
                    }
                ]
            }
        ]
    },
    {
        "client_msg_id": "444fb8f8-8328-483b-8bc9-93f5597939af",
        "type": "message",
        "text": ":wink:",
        "user": "UJWR5N32S",
        "ts": "1589729183.365600",
        "team": "TJH5YU202",
        "user_team": "TJH5YU202",
        "source_team": "TJH5YU202",
        "user_profile": {
            "avatar_hash": "273d3745f7ae",
            "image_72": "https:\/\/avatars.slack-edge.com\/2019-05-20\/634344238497_273d3745f7ae1b176b82_72.jpg",
            "first_name": "Charly",
            "real_name": "Charly",
            "display_name": "Charly",
            "team": "TJH5YU202",
            "name": "carles9000",
            "is_restricted": false,
            "is_ultra_restricted": false
        },
        "blocks": [
            {
                "type": "rich_text",
                "block_id": "Lv3Xr",
                "elements": [
                    {
                        "type": "rich_text_section",
                        "elements": [
                            {
                                "type": "emoji",
                                "name": "wink"
                            }
                        ]
                    }
                ]
            }
        ]
    },
    {
        "client_msg_id": "c3df59ed-06cc-4618-94e0-f649e272daea",
        "type": "message",
        "text": "ggg",
        "user": "UM81W8B0Q",
        "ts": "1589729189.365800",
        "team": "TJH5YU202",
        "user_team": "TJH5YU202",
        "source_team": "TJH5YU202",
        "user_profile": {
            "avatar_hash": "gab9279ee8c0",
            "image_72": "https:\/\/secure.gravatar.com\/avatar\/73ab9279ee8c00f66ce4904d30146c8f.jpg?s=72&d=https%3A%2F%2Fa.slack-edge.com%2Fdf10d%2Fimg%2Favatars%2Fava_0010-72.png",
            "first_name": "",
            "real_name": "Angel Pais",
            "display_name": "Angel Pais",
            "team": "TJH5YU202",
            "name": "amigosam",
            "is_restricted": false,
            "is_ultra_restricted": false
        },
        "blocks": [
            {
                "type": "rich_text",
                "block_id": "fKO",
                "elements": [
                    {
                        "type": "rich_text_section",
                        "elements": [
                            {
                                "type": "text",
                                "text": "ggg"
                            }
                        ]
                    }
                ]
            }
        ]
    },
    {
        "client_msg_id": "da3524de-8491-4105-a110-b81d07edc0c5",
        "type": "message",
        "text": "A ver si me dicen q es spam jajaja",
        "user": "UJWR5N32S",
        "ts": "1589729203.366400",
        "team": "TJH5YU202",
        "user_team": "TJH5YU202",
        "source_team": "TJH5YU202",
        "user_profile": {
            "avatar_hash": "273d3745f7ae",
            "image_72": "https:\/\/avatars.slack-edge.com\/2019-05-20\/634344238497_273d3745f7ae1b176b82_72.jpg",
            "first_name": "Charly",
            "real_name": "Charly",
            "display_name": "Charly",
            "team": "TJH5YU202",
            "name": "carles9000",
            "is_restricted": false,
            "is_ultra_restricted": false
        },
        "blocks": [
            {
                "type": "rich_text",
                "block_id": "528Jv",
                "elements": [
                    {
                        "type": "rich_text_section",
                        "elements": [
                            {
                                "type": "text",
                                "text": "A ver si me dicen q es spam jajaja"
                            }
                        ]
                    }
                ]
            }
        ]
    },
    {
        "client_msg_id": "da2fccfd-c8be-414f-9f6a-f2526a47842f",
        "type": "message",
        "text": "Pero lo voy a hacer! Debe estar de chuparse los dedos. Me imagino el sabor parecido a una mayonesa de ajo",
        "user": "UM81W8B0Q",
        "ts": "1589729215.367000",
        "team": "TJH5YU202",
        "user_team": "TJH5YU202",
        "source_team": "TJH5YU202",
        "user_profile": {
            "avatar_hash": "gab9279ee8c0",
            "image_72": "https:\/\/secure.gravatar.com\/avatar\/73ab9279ee8c00f66ce4904d30146c8f.jpg?s=72&d=https%3A%2F%2Fa.slack-edge.com%2Fdf10d%2Fimg%2Favatars%2Fava_0010-72.png",
            "first_name": "",
            "real_name": "Angel Pais",
            "display_name": "Angel Pais",
            "team": "TJH5YU202",
            "name": "amigosam",
            "is_restricted": false,
            "is_ultra_restricted": false
        },
        "edited": {
            "user": "UM81W8B0Q",
            "ts": "1589729234.000000"
        },
        "blocks": [
            {
                "type": "rich_text",
                "block_id": "=wVwR",
                "elements": [
                    {
                        "type": "rich_text_section",
                        "elements": [
                            {
                                "type": "text",
                                "text": "Pero lo voy a hacer! Debe estar de chuparse los dedos. Me imagino el sabor parecido a una mayonesa de ajo"
                            }
                        ]
                    }
                ]
            }
        ]
    },
    {
        "client_msg_id": "d5663fb7-7d33-4ea8-b8eb-0b3d1f7ded60",
        "type": "message",
        "text": "Muyyyy bueno charly. Soy fan del alioli!",
        "user": "UJRQZMTAM",
        "ts": "1589729223.367200",
        "team": "TJH5YU202",
        "user_team": "TJH5YU202",
        "source_team": "TJH5YU202",
        "user_profile": {
            "avatar_hash": "0d8c567df084",
            "image_72": "https:\/\/avatars.slack-edge.com\/2019-11-22\/834908722243_0d8c567df084bf59d639_72.png",
            "first_name": "Diego",
            "real_name": "Diego F",
            "display_name": "Diego F",
            "team": "TJH5YU202",
            "name": "diegohfazio",
            "is_restricted": false,
            "is_ultra_restricted": false
        },
        "blocks": [
            {
                "type": "rich_text",
                "block_id": "lak=c",
                "elements": [
                    {
                        "type": "rich_text_section",
                        "elements": [
                            {
                                "type": "text",
                                "text": "Muyyyy bueno charly. Soy fan del alioli!"
                            }
                        ]
                    }
                ]
            }
        ]
    },
    {
        "client_msg_id": "783b4d98-5973-448f-9ecb-769ed4b970b4",
        "type": "message",
        "text": "Graciasssss :muscle:",
        "user": "UJWR5N32S",
        "ts": "1589729250.367500",
        "team": "TJH5YU202",
        "user_team": "TJH5YU202",
        "source_team": "TJH5YU202",
        "user_profile": {
            "avatar_hash": "273d3745f7ae",
            "image_72": "https:\/\/avatars.slack-edge.com\/2019-05-20\/634344238497_273d3745f7ae1b176b82_72.jpg",
            "first_name": "Charly",
            "real_name": "Charly",
            "display_name": "Charly",
            "team": "TJH5YU202",
            "name": "carles9000",
            "is_restricted": false,
            "is_ultra_restricted": false
        },
        "blocks": [
            {
                "type": "rich_text",
                "block_id": "rds",
                "elements": [
                    {
                        "type": "rich_text_section",
                        "elements": [
                            {
                                "type": "text",
                                "text": "Graciasssss "
                            },
                            {
                                "type": "emoji",
                                "name": "muscle"
                            }
                        ]
                    }
                ]
            }
        ]
    },
    {
        "client_msg_id": "13042823-8e2d-459c-86e9-b05cd453b156",
        "type": "message",
        "text": "El ajo purifica la sangre",
        "user": "UJWR5N32S",
        "ts": "1589729275.368000",
        "team": "TJH5YU202",
        "user_team": "TJH5YU202",
        "source_team": "TJH5YU202",
        "user_profile": {
            "avatar_hash": "273d3745f7ae",
            "image_72": "https:\/\/avatars.slack-edge.com\/2019-05-20\/634344238497_273d3745f7ae1b176b82_72.jpg",
            "first_name": "Charly",
            "real_name": "Charly",
            "display_name": "Charly",
            "team": "TJH5YU202",
            "name": "carles9000",
            "is_restricted": false,
            "is_ultra_restricted": false
        },
        "blocks": [
            {
                "type": "rich_text",
                "block_id": "wuh",
                "elements": [
                    {
                        "type": "rich_text_section",
                        "elements": [
                            {
                                "type": "text",
                                "text": "El ajo purifica la sangre"
                            }
                        ]
                    }
                ]
            }
        ]
    },
    {
        "client_msg_id": "8be0390c-6107-4e04-ae3d-247d9b9cb2c1",
        "type": "message",
        "text": "Y ahuyenta los vampiros.",
        "user": "UM81W8B0Q",
        "ts": "1589729292.368300",
        "team": "TJH5YU202",
        "user_team": "TJH5YU202",
        "source_team": "TJH5YU202",
        "user_profile": {
            "avatar_hash": "gab9279ee8c0",
            "image_72": "https:\/\/secure.gravatar.com\/avatar\/73ab9279ee8c00f66ce4904d30146c8f.jpg?s=72&d=https%3A%2F%2Fa.slack-edge.com%2Fdf10d%2Fimg%2Favatars%2Fava_0010-72.png",
            "first_name": "",
            "real_name": "Angel Pais",
            "display_name": "Angel Pais",
            "team": "TJH5YU202",
            "name": "amigosam",
            "is_restricted": false,
            "is_ultra_restricted": false
        },
        "blocks": [
            {
                "type": "rich_text",
                "block_id": "pqJg",
                "elements": [
                    {
                        "type": "rich_text_section",
                        "elements": [
                            {
                                "type": "text",
                                "text": "Y ahuyenta los vampiros."
                            }
                        ]
                    }
                ]
            }
        ]
    },
    {
        "client_msg_id": "22747c89-0083-4b61-9524-cb45157e6fa1",
        "type": "message",
        "text": "Y a la pareja tmb....",
        "user": "UJRQZMTAM",
        "ts": "1589729309.368600",
        "team": "TJH5YU202",
        "user_team": "TJH5YU202",
        "source_team": "TJH5YU202",
        "user_profile": {
            "avatar_hash": "0d8c567df084",
            "image_72": "https:\/\/avatars.slack-edge.com\/2019-11-22\/834908722243_0d8c567df084bf59d639_72.png",
            "first_name": "Diego",
            "real_name": "Diego F",
            "display_name": "Diego F",
            "team": "TJH5YU202",
            "name": "diegohfazio",
            "is_restricted": false,
            "is_ultra_restricted": false
        },
        "blocks": [
            {
                "type": "rich_text",
                "block_id": "8RzqJ",
                "elements": [
                    {
                        "type": "rich_text_section",
                        "elements": [
                            {
                                "type": "text",
                                "text": "Y a la pareja tmb...."
                            }
                        ]
                    }
                ]
            }
        ]
    },
    {
        "client_msg_id": "15ea6578-ede8-4c94-8f57-1922bd5b0be3",
        "type": "message",
        "text": "sinónimos :stuck_out_tongue:",
        "user": "UM81W8B0Q",
        "ts": "1589729317.368800",
        "team": "TJH5YU202",
        "user_team": "TJH5YU202",
        "source_team": "TJH5YU202",
        "user_profile": {
            "avatar_hash": "gab9279ee8c0",
            "image_72": "https:\/\/secure.gravatar.com\/avatar\/73ab9279ee8c00f66ce4904d30146c8f.jpg?s=72&d=https%3A%2F%2Fa.slack-edge.com%2Fdf10d%2Fimg%2Favatars%2Fava_0010-72.png",
            "first_name": "",
            "real_name": "Angel Pais",
            "display_name": "Angel Pais",
            "team": "TJH5YU202",
            "name": "amigosam",
            "is_restricted": false,
            "is_ultra_restricted": false
        },
        "blocks": [
            {
                "type": "rich_text",
                "block_id": "p+XV",
                "elements": [
                    {
                        "type": "rich_text_section",
                        "elements": [
                            {
                                "type": "text",
                                "text": "sinónimos "
                            },
                            {
                                "type": "emoji",
                                "name": "stuck_out_tongue"
                            }
                        ]
                    }
                ]
            }
        ]
    },
    {
        "client_msg_id": "a23f1768-52c2-4ee2-b4d6-71179f559640",
        "type": "message",
        "text": "Jajaja",
        "user": "UJWR5N32S",
        "ts": "1589729326.369000",
        "team": "TJH5YU202",
        "user_team": "TJH5YU202",
        "source_team": "TJH5YU202",
        "user_profile": {
            "avatar_hash": "273d3745f7ae",
            "image_72": "https:\/\/avatars.slack-edge.com\/2019-05-20\/634344238497_273d3745f7ae1b176b82_72.jpg",
            "first_name": "Charly",
            "real_name": "Charly",
            "display_name": "Charly",
            "team": "TJH5YU202",
            "name": "carles9000",
            "is_restricted": false,
            "is_ultra_restricted": false
        },
        "blocks": [
            {
                "type": "rich_text",
                "block_id": "Rv9b",
                "elements": [
                    {
                        "type": "rich_text_section",
                        "elements": [
                            {
                                "type": "text",
                                "text": "Jajaja"
                            }
                        ]
                    }
                ]
            }
        ]
    },
    {
        "client_msg_id": "ca9bc888-bdc8-413e-8f3a-73d0fdb0676f",
        "type": "message",
        "text": "Además es buen ejercicio aeróbico.",
        "user": "UM81W8B0Q",
        "ts": "1589729472.369400",
        "team": "TJH5YU202",
        "user_team": "TJH5YU202",
        "source_team": "TJH5YU202",
        "user_profile": {
            "avatar_hash": "gab9279ee8c0",
            "image_72": "https:\/\/secure.gravatar.com\/avatar\/73ab9279ee8c00f66ce4904d30146c8f.jpg?s=72&d=https%3A%2F%2Fa.slack-edge.com%2Fdf10d%2Fimg%2Favatars%2Fava_0010-72.png",
            "first_name": "",
            "real_name": "Angel Pais",
            "display_name": "Angel Pais",
            "team": "TJH5YU202",
            "name": "amigosam",
            "is_restricted": false,
            "is_ultra_restricted": false
        },
        "blocks": [
            {
                "type": "rich_text",
                "block_id": "AVyBL",
                "elements": [
                    {
                        "type": "rich_text_section",
                        "elements": [
                            {
                                "type": "text",
                                "text": "Además es buen ejercicio aeróbico."
                            }
                        ]
                    }
                ]
            }
        ]
    },
    {
        "client_msg_id": "5c0ade6a-8633-402a-9fdc-dc2a54cd2213",
        "type": "message",
        "text": "Antes me irritaba un poco que en castellano se le dijera \"a_*l*_ioli\" con una L, hasta que me di cuenta de que el español no tiene la \/ʎ\/ en posición de coda.",
        "user": "UNAHBRTFA",
        "ts": "1589731010.370400",
        "team": "TJH5YU202",
        "user_team": "TJH5YU202",
        "source_team": "TJH5YU202",
        "user_profile": {
            "avatar_hash": "g3d2a3f4c28c",
            "image_72": "https:\/\/secure.gravatar.com\/avatar\/23d2a3f4c28cebb4cf07e48d02620517.jpg?s=72&d=https%3A%2F%2Fa.slack-edge.com%2Fdf10d%2Fimg%2Favatars%2Fava_0020-72.png",
            "first_name": "Andreu",
            "real_name": "Andreu Botella",
            "display_name": "Andreu Botella",
            "team": "TJH5YU202",
            "name": "andreu.132",
            "is_restricted": false,
            "is_ultra_restricted": false
        },
        "blocks": [
            {
                "type": "rich_text",
                "block_id": "gBfu",
                "elements": [
                    {
                        "type": "rich_text_section",
                        "elements": [
                            {
                                "type": "text",
                                "text": "Antes me irritaba un poco que en castellano se le dijera \"a"
                            },
                            {
                                "type": "text",
                                "text": "l",
                                "style": {
                                    "bold": true,
                                    "italic": true
                                }
                            },
                            {
                                "type": "text",
                                "text": "ioli\" con una L, hasta que me di cuenta de que el español no tiene la \/ʎ\/ en posición de coda."
                            }
                        ]
                    }
                ]
            }
        ]
    },
    {
        "client_msg_id": "72b5faa9-2041-4a7e-8a6f-6f2ee5dbe4e3",
        "type": "message",
        "text": "Y sí, la \/l\/ resultante en español pasa a estar en el principio de la sílaba siguiente, pero al adaptar palabras eso importa poco.",
        "user": "UNAHBRTFA",
        "ts": "1589731286.371600",
        "team": "TJH5YU202",
        "user_team": "TJH5YU202",
        "source_team": "TJH5YU202",
        "user_profile": {
            "avatar_hash": "g3d2a3f4c28c",
            "image_72": "https:\/\/secure.gravatar.com\/avatar\/23d2a3f4c28cebb4cf07e48d02620517.jpg?s=72&d=https%3A%2F%2Fa.slack-edge.com%2Fdf10d%2Fimg%2Favatars%2Fava_0020-72.png",
            "first_name": "Andreu",
            "real_name": "Andreu Botella",
            "display_name": "Andreu Botella",
            "team": "TJH5YU202",
            "name": "andreu.132",
            "is_restricted": false,
            "is_ultra_restricted": false
        },
        "blocks": [
            {
                "type": "rich_text",
                "block_id": "2iMxw",
                "elements": [
                    {
                        "type": "rich_text_section",
                        "elements": [
                            {
                                "type": "text",
                                "text": "Y sí, la \/l\/ resultante en español pasa a estar en el principio de la sílaba siguiente, pero al adaptar palabras eso importa poco."
                            }
                        ]
                    }
                ]
            }
        ]
    },
    {
        "client_msg_id": "44141fd9-3208-452f-a11b-8da063d67d65",
        "type": "message",
        "text": "Uno de mis profesores de la uni pronunciaba \"workspace\" como \"huorespéis\", y estuve mucho tiempo preguntándome por qué, cuando había posibilidades válidas con la estructura silábica del español que se parecían más a los fonemas en inglés.",
        "user": "UNAHBRTFA",
        "ts": "1589731365.373100",
        "team": "TJH5YU202",
        "user_team": "TJH5YU202",
        "source_team": "TJH5YU202",
        "user_profile": {
            "avatar_hash": "g3d2a3f4c28c",
            "image_72": "https:\/\/secure.gravatar.com\/avatar\/23d2a3f4c28cebb4cf07e48d02620517.jpg?s=72&d=https%3A%2F%2Fa.slack-edge.com%2Fdf10d%2Fimg%2Favatars%2Fava_0020-72.png",
            "first_name": "Andreu",
            "real_name": "Andreu Botella",
            "display_name": "Andreu Botella",
            "team": "TJH5YU202",
            "name": "andreu.132",
            "is_restricted": false,
            "is_ultra_restricted": false
        },
        "blocks": [
            {
                "type": "rich_text",
                "block_id": "vdVyN",
                "elements": [
                    {
                        "type": "rich_text_section",
                        "elements": [
                            {
                                "type": "text",
                                "text": "Uno de mis profesores de la uni pronunciaba \"workspace\" como \"huorespéis\", y estuve mucho tiempo preguntándome por qué, cuando había posibilidades válidas con la estructura silábica del español que se parecían más a los fonemas en inglés."
                            }
                        ]
                    }
                ]
            }
        ]
    },
    {
        "client_msg_id": "ebaa4fae-2024-45f2-9b40-e5be3c7bf5c4",
        "type": "message",
        "text": "\"huorquespéis\" se parece más en fonemas, pero \/rk\/ no es válido como final de sílaba en español, aunque en el resultado la \/k\/ está en la sílaba siguiente",
        "user": "UNAHBRTFA",
        "ts": "1589731469.374300",
        "team": "TJH5YU202",
        "user_team": "TJH5YU202",
        "source_team": "TJH5YU202",
        "user_profile": {
            "avatar_hash": "g3d2a3f4c28c",
            "image_72": "https:\/\/secure.gravatar.com\/avatar\/23d2a3f4c28cebb4cf07e48d02620517.jpg?s=72&d=https%3A%2F%2Fa.slack-edge.com%2Fdf10d%2Fimg%2Favatars%2Fava_0020-72.png",
            "first_name": "Andreu",
            "real_name": "Andreu Botella",
            "display_name": "Andreu Botella",
            "team": "TJH5YU202",
            "name": "andreu.132",
            "is_restricted": false,
            "is_ultra_restricted": false
        },
        "blocks": [
            {
                "type": "rich_text",
                "block_id": "2lt",
                "elements": [
                    {
                        "type": "rich_text_section",
                        "elements": [
                            {
                                "type": "text",
                                "text": "\"huorquespéis\" se parece más en fonemas, pero \/rk\/ no es válido como final de sílaba en español, aunque en el resultado la \/k\/ está en la sílaba siguiente"
                            }
                        ]
                    }
                ]
            }
        ]
    },
    {
        "client_msg_id": "61e194a9-a4dd-406c-9694-bc71b961b828",
        "type": "message",
        "text": "y esa clase de cosas",
        "user": "UNAHBRTFA",
        "ts": "1589731475.374500",
        "team": "TJH5YU202",
        "user_team": "TJH5YU202",
        "source_team": "TJH5YU202",
        "user_profile": {
            "avatar_hash": "g3d2a3f4c28c",
            "image_72": "https:\/\/secure.gravatar.com\/avatar\/23d2a3f4c28cebb4cf07e48d02620517.jpg?s=72&d=https%3A%2F%2Fa.slack-edge.com%2Fdf10d%2Fimg%2Favatars%2Fava_0020-72.png",
            "first_name": "Andreu",
            "real_name": "Andreu Botella",
            "display_name": "Andreu Botella",
            "team": "TJH5YU202",
            "name": "andreu.132",
            "is_restricted": false,
            "is_ultra_restricted": false
        },
        "blocks": [
            {
                "type": "rich_text",
                "block_id": "EFl",
                "elements": [
                    {
                        "type": "rich_text_section",
                        "elements": [
                            {
                                "type": "text",
                                "text": "y esa clase de cosas"
                            }
                        ]
                    }
                ]
            }
        ]
    }
]