[
    {
        "client_msg_id": "151bbd82-4ddd-4214-a3f3-ac600e5b9ffc",
        "type": "message",
        "text": "Today the weather was just as lovely as yesterday, and we thought it is best if we check the system once more.",
        "user": "UJHD6A81H",
        "ts": "1588958196.178400",
        "team": "TJH5YU202",
        "user_team": "TJH5YU202",
        "source_team": "TJH5YU202",
        "user_profile": {
            "avatar_hash": "g6b8073e00e9",
            "image_72": "https:\/\/secure.gravatar.com\/avatar\/b96b8073e00e9eb02bcf05bc1418eb3a.jpg?s=72&d=https%3A%2F%2Fa.slack-edge.com%2Fdf10d%2Fimg%2Favatars%2Fava_0021-72.png",
            "first_name": "Otto",
            "real_name": "Otto Atzwanger",
            "display_name": "Otto",
            "team": "TJH5YU202",
            "name": "otto",
            "is_restricted": false,
            "is_ultra_restricted": false
        },
        "blocks": [
            {
                "type": "rich_text",
                "block_id": "v38",
                "elements": [
                    {
                        "type": "rich_text_section",
                        "elements": [
                            {
                                "type": "text",
                                "text": "Today the weather was just as lovely as yesterday, and we thought it is best if we check the system once more."
                            }
                        ]
                    }
                ]
            }
        ]
    },
    {
        "type": "message",
        "text": "",
        "files": [
            {
                "id": "F0140N3RP9N",
                "created": 1588958214,
                "timestamp": 1588958214,
                "name": "grafik.png",
                "title": "grafik.png",
                "mimetype": "image\/png",
                "filetype": "png",
                "pretty_type": "PNG",
                "user": "UJHD6A81H",
                "editable": false,
                "size": 25731406,
                "mode": "hosted",
                "is_external": false,
                "external_type": "",
                "is_public": true,
                "public_url_shared": false,
                "display_as_bot": false,
                "username": "",
                "url_private": "https:\/\/files.slack.com\/files-pri\/TJH5YU202-F0140N3RP9N\/grafik.png?t=xoxe-629202954002-1183293690563-1183293711699-bad0c83802ec68402d6030a1e442ae77",
                "url_private_download": "https:\/\/files.slack.com\/files-pri\/TJH5YU202-F0140N3RP9N\/download\/grafik.png?t=xoxe-629202954002-1183293690563-1183293711699-bad0c83802ec68402d6030a1e442ae77",
                "thumb_64": "https:\/\/files.slack.com\/files-tmb\/TJH5YU202-F0140N3RP9N-67a9ba8027\/grafik_64.png?t=xoxe-629202954002-1183293690563-1183293711699-bad0c83802ec68402d6030a1e442ae77",
                "thumb_80": "https:\/\/files.slack.com\/files-tmb\/TJH5YU202-F0140N3RP9N-67a9ba8027\/grafik_80.png?t=xoxe-629202954002-1183293690563-1183293711699-bad0c83802ec68402d6030a1e442ae77",
                "thumb_360": "https:\/\/files.slack.com\/files-tmb\/TJH5YU202-F0140N3RP9N-67a9ba8027\/grafik_360.png?t=xoxe-629202954002-1183293690563-1183293711699-bad0c83802ec68402d6030a1e442ae77",
                "thumb_360_w": 360,
                "thumb_360_h": 270,
                "thumb_480": "https:\/\/files.slack.com\/files-tmb\/TJH5YU202-F0140N3RP9N-67a9ba8027\/grafik_480.png?t=xoxe-629202954002-1183293690563-1183293711699-bad0c83802ec68402d6030a1e442ae77",
                "thumb_480_w": 480,
                "thumb_480_h": 360,
                "thumb_160": "https:\/\/files.slack.com\/files-tmb\/TJH5YU202-F0140N3RP9N-67a9ba8027\/grafik_160.png?t=xoxe-629202954002-1183293690563-1183293711699-bad0c83802ec68402d6030a1e442ae77",
                "thumb_720": "https:\/\/files.slack.com\/files-tmb\/TJH5YU202-F0140N3RP9N-67a9ba8027\/grafik_720.png?t=xoxe-629202954002-1183293690563-1183293711699-bad0c83802ec68402d6030a1e442ae77",
                "thumb_720_w": 720,
                "thumb_720_h": 540,
                "thumb_800": "https:\/\/files.slack.com\/files-tmb\/TJH5YU202-F0140N3RP9N-67a9ba8027\/grafik_800.png?t=xoxe-629202954002-1183293690563-1183293711699-bad0c83802ec68402d6030a1e442ae77",
                "thumb_800_w": 800,
                "thumb_800_h": 600,
                "thumb_960": "https:\/\/files.slack.com\/files-tmb\/TJH5YU202-F0140N3RP9N-67a9ba8027\/grafik_960.png?t=xoxe-629202954002-1183293690563-1183293711699-bad0c83802ec68402d6030a1e442ae77",
                "thumb_960_w": 960,
                "thumb_960_h": 720,
                "thumb_1024": "https:\/\/files.slack.com\/files-tmb\/TJH5YU202-F0140N3RP9N-67a9ba8027\/grafik_1024.png?t=xoxe-629202954002-1183293690563-1183293711699-bad0c83802ec68402d6030a1e442ae77",
                "thumb_1024_w": 1024,
                "thumb_1024_h": 768,
                "original_w": 4032,
                "original_h": 3024,
                "thumb_tiny": "AwAkADCNdwIA\/OpcVEky9MAD0JqyBuGfWtUQyLFGKl20baAIWUY5qJx3xj0q1szUDqDkEkfhUSQ0V19aekpT7pIoJG0YAFIFjxknBPSpTKJ0u2zhlB+nFPa5B+6MfWq6xoUJz07ZprRp6sPwp3FYsCeTrwR9KaX3dVpqxhRu8w\/QU7A56\/lSbHYjABYClPA4FIPvLSt92sxgvNOpE6UtAgHQmkLH1pR9002gZ\/\/Z",
                "permalink": "https:\/\/harbourproject.slack.com\/files\/UJHD6A81H\/F0140N3RP9N\/grafik.png",
                "permalink_public": "https:\/\/slack-files.com\/TJH5YU202-F0140N3RP9N-bb791b6a55",
                "is_starred": false,
                "has_rich_preview": false
            }
        ],
        "upload": true,
        "user": "UJHD6A81H",
        "display_as_bot": false,
        "ts": "1588958230.178700",
        "client_msg_id": "f21b9e0c-bb2b-4853-b586-c9c2eb927bf8",
        "reactions": [
            {
                "name": "heart_eyes",
                "users": [
                    "UJN8D8U3B"
                ],
                "count": 1
            }
        ]
    },
    {
        "type": "message",
        "text": "Here you see the history function of the TWeb system.\nLast time was the 19th of Okt. 2019 when we visit the \"Wichtelmeile\".",
        "files": [
            {
                "id": "F013PG0MNPK",
                "created": 1588958415,
                "timestamp": 1588958415,
                "name": "grafik.png",
                "title": "grafik.png",
                "mimetype": "image\/png",
                "filetype": "png",
                "pretty_type": "PNG",
                "user": "UJHD6A81H",
                "editable": false,
                "size": 40481,
                "mode": "hosted",
                "is_external": false,
                "external_type": "",
                "is_public": true,
                "public_url_shared": false,
                "display_as_bot": false,
                "username": "",
                "url_private": "https:\/\/files.slack.com\/files-pri\/TJH5YU202-F013PG0MNPK\/grafik.png?t=xoxe-629202954002-1183293690563-1183293711699-bad0c83802ec68402d6030a1e442ae77",
                "url_private_download": "https:\/\/files.slack.com\/files-pri\/TJH5YU202-F013PG0MNPK\/download\/grafik.png?t=xoxe-629202954002-1183293690563-1183293711699-bad0c83802ec68402d6030a1e442ae77",
                "thumb_64": "https:\/\/files.slack.com\/files-tmb\/TJH5YU202-F013PG0MNPK-b9796f5c8c\/grafik_64.png?t=xoxe-629202954002-1183293690563-1183293711699-bad0c83802ec68402d6030a1e442ae77",
                "thumb_80": "https:\/\/files.slack.com\/files-tmb\/TJH5YU202-F013PG0MNPK-b9796f5c8c\/grafik_80.png?t=xoxe-629202954002-1183293690563-1183293711699-bad0c83802ec68402d6030a1e442ae77",
                "thumb_360": "https:\/\/files.slack.com\/files-tmb\/TJH5YU202-F013PG0MNPK-b9796f5c8c\/grafik_360.png?t=xoxe-629202954002-1183293690563-1183293711699-bad0c83802ec68402d6030a1e442ae77",
                "thumb_360_w": 360,
                "thumb_360_h": 188,
                "thumb_480": "https:\/\/files.slack.com\/files-tmb\/TJH5YU202-F013PG0MNPK-b9796f5c8c\/grafik_480.png?t=xoxe-629202954002-1183293690563-1183293711699-bad0c83802ec68402d6030a1e442ae77",
                "thumb_480_w": 480,
                "thumb_480_h": 250,
                "thumb_160": "https:\/\/files.slack.com\/files-tmb\/TJH5YU202-F013PG0MNPK-b9796f5c8c\/grafik_160.png?t=xoxe-629202954002-1183293690563-1183293711699-bad0c83802ec68402d6030a1e442ae77",
                "thumb_720": "https:\/\/files.slack.com\/files-tmb\/TJH5YU202-F013PG0MNPK-b9796f5c8c\/grafik_720.png?t=xoxe-629202954002-1183293690563-1183293711699-bad0c83802ec68402d6030a1e442ae77",
                "thumb_720_w": 720,
                "thumb_720_h": 375,
                "thumb_800": "https:\/\/files.slack.com\/files-tmb\/TJH5YU202-F013PG0MNPK-b9796f5c8c\/grafik_800.png?t=xoxe-629202954002-1183293690563-1183293711699-bad0c83802ec68402d6030a1e442ae77",
                "thumb_800_w": 800,
                "thumb_800_h": 417,
                "thumb_960": "https:\/\/files.slack.com\/files-tmb\/TJH5YU202-F013PG0MNPK-b9796f5c8c\/grafik_960.png?t=xoxe-629202954002-1183293690563-1183293711699-bad0c83802ec68402d6030a1e442ae77",
                "thumb_960_w": 960,
                "thumb_960_h": 500,
                "original_w": 983,
                "original_h": 512,
                "thumb_tiny": "AwAZADC8P96gnvupwo7c0ANOR905NJ82Ooz9al9KaetACf8AA6P+B0vHpQMZ6UAJz6Uc+lO7UUAICw\/h\/Wk+b0p1FACZb0oy3pS0UAf\/2Q==",
                "permalink": "https:\/\/harbourproject.slack.com\/files\/UJHD6A81H\/F013PG0MNPK\/grafik.png",
                "permalink_public": "https:\/\/slack-files.com\/TJH5YU202-F013PG0MNPK-b99f1b4e1d",
                "is_starred": false,
                "has_rich_preview": false
            }
        ],
        "upload": true,
        "blocks": [
            {
                "type": "rich_text",
                "block_id": "Bfnqg",
                "elements": [
                    {
                        "type": "rich_text_section",
                        "elements": [
                            {
                                "type": "text",
                                "text": "Here you see the history function of the TWeb system.\nLast time was the 19th of Okt. 2019 when we visit the \"Wichtelmeile\"."
                            }
                        ]
                    }
                ]
            }
        ],
        "user": "UJHD6A81H",
        "display_as_bot": false,
        "ts": "1588958417.179100",
        "client_msg_id": "eb875475-1699-4c39-a3cd-300ee55e3d46"
    },
    {
        "type": "message",
        "text": "From the system you can open a link with a description of the place you vistit.",
        "files": [
            {
                "id": "F013H31CH7E",
                "created": 1588958483,
                "timestamp": 1588958483,
                "name": "grafik.png",
                "title": "grafik.png",
                "mimetype": "image\/png",
                "filetype": "png",
                "pretty_type": "PNG",
                "user": "UJHD6A81H",
                "editable": false,
                "size": 282067,
                "mode": "hosted",
                "is_external": false,
                "external_type": "",
                "is_public": true,
                "public_url_shared": false,
                "display_as_bot": false,
                "username": "",
                "url_private": "https:\/\/files.slack.com\/files-pri\/TJH5YU202-F013H31CH7E\/grafik.png?t=xoxe-629202954002-1183293690563-1183293711699-bad0c83802ec68402d6030a1e442ae77",
                "url_private_download": "https:\/\/files.slack.com\/files-pri\/TJH5YU202-F013H31CH7E\/download\/grafik.png?t=xoxe-629202954002-1183293690563-1183293711699-bad0c83802ec68402d6030a1e442ae77",
                "thumb_64": "https:\/\/files.slack.com\/files-tmb\/TJH5YU202-F013H31CH7E-11524d527b\/grafik_64.png?t=xoxe-629202954002-1183293690563-1183293711699-bad0c83802ec68402d6030a1e442ae77",
                "thumb_80": "https:\/\/files.slack.com\/files-tmb\/TJH5YU202-F013H31CH7E-11524d527b\/grafik_80.png?t=xoxe-629202954002-1183293690563-1183293711699-bad0c83802ec68402d6030a1e442ae77",
                "thumb_360": "https:\/\/files.slack.com\/files-tmb\/TJH5YU202-F013H31CH7E-11524d527b\/grafik_360.png?t=xoxe-629202954002-1183293690563-1183293711699-bad0c83802ec68402d6030a1e442ae77",
                "thumb_360_w": 360,
                "thumb_360_h": 332,
                "thumb_480": "https:\/\/files.slack.com\/files-tmb\/TJH5YU202-F013H31CH7E-11524d527b\/grafik_480.png?t=xoxe-629202954002-1183293690563-1183293711699-bad0c83802ec68402d6030a1e442ae77",
                "thumb_480_w": 480,
                "thumb_480_h": 442,
                "thumb_160": "https:\/\/files.slack.com\/files-tmb\/TJH5YU202-F013H31CH7E-11524d527b\/grafik_160.png?t=xoxe-629202954002-1183293690563-1183293711699-bad0c83802ec68402d6030a1e442ae77",
                "thumb_720": "https:\/\/files.slack.com\/files-tmb\/TJH5YU202-F013H31CH7E-11524d527b\/grafik_720.png?t=xoxe-629202954002-1183293690563-1183293711699-bad0c83802ec68402d6030a1e442ae77",
                "thumb_720_w": 720,
                "thumb_720_h": 663,
                "thumb_800": "https:\/\/files.slack.com\/files-tmb\/TJH5YU202-F013H31CH7E-11524d527b\/grafik_800.png?t=xoxe-629202954002-1183293690563-1183293711699-bad0c83802ec68402d6030a1e442ae77",
                "thumb_800_w": 800,
                "thumb_800_h": 737,
                "thumb_960": "https:\/\/files.slack.com\/files-tmb\/TJH5YU202-F013H31CH7E-11524d527b\/grafik_960.png?t=xoxe-629202954002-1183293690563-1183293711699-bad0c83802ec68402d6030a1e442ae77",
                "thumb_960_w": 960,
                "thumb_960_h": 884,
                "original_w": 1001,
                "original_h": 922,
                "thumb_tiny": "AwAsADDQO7PBowSKaGbA5bn0ApQ+Fyxxz34pJgO2mjafakWVWIAZST05p9MBu057UYPrTqKAKJkbJHkP9ealRFmiBdGXk8E9Ks0UrICFII0cOAcj3qXNLRTATPNLTec0ufagBaKKKACiiigCu7yB2CgYFORpCwyRjvTioLGhUAYdeKWoH\/\/Z",
                "permalink": "https:\/\/harbourproject.slack.com\/files\/UJHD6A81H\/F013H31CH7E\/grafik.png",
                "permalink_public": "https:\/\/slack-files.com\/TJH5YU202-F013H31CH7E-ea96842bd3",
                "is_starred": false,
                "has_rich_preview": false
            }
        ],
        "upload": true,
        "blocks": [
            {
                "type": "rich_text",
                "block_id": "leE",
                "elements": [
                    {
                        "type": "rich_text_section",
                        "elements": [
                            {
                                "type": "text",
                                "text": "From the system you can open a link with a description of the place you vistit."
                            }
                        ]
                    }
                ]
            }
        ],
        "user": "UJHD6A81H",
        "display_as_bot": false,
        "ts": "1588958485.179400",
        "client_msg_id": "8f69fc84-6d00-4ff8-bb6f-417f81deb4fe"
    },
    {
        "type": "message",
        "text": "And you can export all the history to EXCEL.",
        "files": [
            {
                "id": "F013PG5F7Q9",
                "created": 1588958540,
                "timestamp": 1588958540,
                "name": "grafik.png",
                "title": "grafik.png",
                "mimetype": "image\/png",
                "filetype": "png",
                "pretty_type": "PNG",
                "user": "UJHD6A81H",
                "editable": false,
                "size": 46252,
                "mode": "hosted",
                "is_external": false,
                "external_type": "",
                "is_public": true,
                "public_url_shared": false,
                "display_as_bot": false,
                "username": "",
                "url_private": "https:\/\/files.slack.com\/files-pri\/TJH5YU202-F013PG5F7Q9\/grafik.png?t=xoxe-629202954002-1183293690563-1183293711699-bad0c83802ec68402d6030a1e442ae77",
                "url_private_download": "https:\/\/files.slack.com\/files-pri\/TJH5YU202-F013PG5F7Q9\/download\/grafik.png?t=xoxe-629202954002-1183293690563-1183293711699-bad0c83802ec68402d6030a1e442ae77",
                "thumb_64": "https:\/\/files.slack.com\/files-tmb\/TJH5YU202-F013PG5F7Q9-c9dd926d6c\/grafik_64.png?t=xoxe-629202954002-1183293690563-1183293711699-bad0c83802ec68402d6030a1e442ae77",
                "thumb_80": "https:\/\/files.slack.com\/files-tmb\/TJH5YU202-F013PG5F7Q9-c9dd926d6c\/grafik_80.png?t=xoxe-629202954002-1183293690563-1183293711699-bad0c83802ec68402d6030a1e442ae77",
                "thumb_360": "https:\/\/files.slack.com\/files-tmb\/TJH5YU202-F013PG5F7Q9-c9dd926d6c\/grafik_360.png?t=xoxe-629202954002-1183293690563-1183293711699-bad0c83802ec68402d6030a1e442ae77",
                "thumb_360_w": 360,
                "thumb_360_h": 268,
                "thumb_480": "https:\/\/files.slack.com\/files-tmb\/TJH5YU202-F013PG5F7Q9-c9dd926d6c\/grafik_480.png?t=xoxe-629202954002-1183293690563-1183293711699-bad0c83802ec68402d6030a1e442ae77",
                "thumb_480_w": 480,
                "thumb_480_h": 358,
                "thumb_160": "https:\/\/files.slack.com\/files-tmb\/TJH5YU202-F013PG5F7Q9-c9dd926d6c\/grafik_160.png?t=xoxe-629202954002-1183293690563-1183293711699-bad0c83802ec68402d6030a1e442ae77",
                "thumb_720": "https:\/\/files.slack.com\/files-tmb\/TJH5YU202-F013PG5F7Q9-c9dd926d6c\/grafik_720.png?t=xoxe-629202954002-1183293690563-1183293711699-bad0c83802ec68402d6030a1e442ae77",
                "thumb_720_w": 720,
                "thumb_720_h": 537,
                "original_w": 798,
                "original_h": 595,
                "thumb_tiny": "AwAjADC+C2On5U2QswA8sMpPOad+dKOvegCLykPSJfyFNIhU4MaAj\/ZqYHH\/ANejIxQBEViBAMaZPT5ad5Sf88U\/75qXHvSHIHXP4UAFA69KTafWjafWgAPvTePenYx1NHA70AKDmg8ikJ9yaCc8UAOooooAKKKKACiiigD\/2Q==",
                "permalink": "https:\/\/harbourproject.slack.com\/files\/UJHD6A81H\/F013PG5F7Q9\/grafik.png",
                "permalink_public": "https:\/\/slack-files.com\/TJH5YU202-F013PG5F7Q9-b795760b69",
                "is_starred": false,
                "has_rich_preview": false
            }
        ],
        "upload": true,
        "blocks": [
            {
                "type": "rich_text",
                "block_id": "1LiYv",
                "elements": [
                    {
                        "type": "rich_text_section",
                        "elements": [
                            {
                                "type": "text",
                                "text": "And you can export all the history to EXCEL."
                            }
                        ]
                    }
                ]
            }
        ],
        "user": "UJHD6A81H",
        "display_as_bot": false,
        "ts": "1588958542.179700",
        "client_msg_id": "f2286d35-84d2-43d5-b940-4f7265b8bec3",
        "reactions": [
            {
                "name": "clap",
                "users": [
                    "UJUJLTWMT"
                ],
                "count": 1
            }
        ]
    },
    {
        "client_msg_id": "74d84d84-ec5a-4c5a-85f5-8616e385ac7f",
        "type": "message",
        "text": "Fantastic screens :slightly_smiling_face:.  For me the best  browser for web. Complex to coding but very powerful. Nice screens Otto :slightly_smiling_face:",
        "user": "UJWR5N32S",
        "ts": "1588960983.181600",
        "team": "TJH5YU202",
        "user_team": "TJH5YU202",
        "source_team": "TJH5YU202",
        "user_profile": {
            "avatar_hash": "273d3745f7ae",
            "image_72": "https:\/\/avatars.slack-edge.com\/2019-05-20\/634344238497_273d3745f7ae1b176b82_72.jpg",
            "first_name": "Charly",
            "real_name": "Charly",
            "display_name": "Charly",
            "team": "TJH5YU202",
            "name": "carles9000",
            "is_restricted": false,
            "is_ultra_restricted": false
        },
        "blocks": [
            {
                "type": "rich_text",
                "block_id": "V8HP",
                "elements": [
                    {
                        "type": "rich_text_section",
                        "elements": [
                            {
                                "type": "text",
                                "text": "Fantastic screens "
                            },
                            {
                                "type": "emoji",
                                "name": "slightly_smiling_face"
                            },
                            {
                                "type": "text",
                                "text": ".  For me the best  browser for web. Complex to coding but very powerful. Nice screens Otto "
                            },
                            {
                                "type": "emoji",
                                "name": "slightly_smiling_face"
                            }
                        ]
                    }
                ]
            }
        ]
    },
    {
        "client_msg_id": "51531609-9061-4898-ba2a-d500548b1476",
        "type": "message",
        "text": "¿ Se podría configurar la copia de la .dll ? ¿ Por qué ? Pues porque si el server está administrado por un solo administrador no hay problema de jaqueo y por tanto una sola copia es suficiente.",
        "user": "UJULQCHL5",
        "ts": "1588979179.183500",
        "team": "TJH5YU202",
        "user_team": "TJH5YU202",
        "source_team": "TJH5YU202",
        "user_profile": {
            "avatar_hash": "g7659142325a",
            "image_72": "https:\/\/secure.gravatar.com\/avatar\/c87659142325a3facb661d85281ec091.jpg?s=72&d=https%3A%2F%2Fa.slack-edge.com%2Fdf10d%2Fimg%2Favatars%2Fava_0003-72.png",
            "first_name": "",
            "real_name": "Paquito",
            "display_name": "Paquito",
            "team": "TJH5YU202",
            "name": "hmpaquito",
            "is_restricted": false,
            "is_ultra_restricted": false
        },
        "blocks": [
            {
                "type": "rich_text",
                "block_id": "dCbI",
                "elements": [
                    {
                        "type": "rich_text_section",
                        "elements": [
                            {
                                "type": "text",
                                "text": "¿ Se podría configurar la copia de la .dll ? ¿ Por qué ? Pues porque si el server está administrado por un solo administrador no hay problema de jaqueo y por tanto una sola copia es suficiente."
                            }
                        ]
                    }
                ]
            }
        ]
    }
]