[
    {
        "client_msg_id": "c70bb22c-94bc-4fa6-9929-d9621ef40cb0",
        "type": "message",
        "text": "Buena pregunta, sí",
        "user": "UJUJLTWMT",
        "ts": "1589015561.183700",
        "team": "TJH5YU202",
        "user_team": "TJH5YU202",
        "source_team": "TJH5YU202",
        "user_profile": {
            "avatar_hash": "a60e3b1ef2d2",
            "image_72": "https:\/\/avatars.slack-edge.com\/2019-08-20\/726246109489_a60e3b1ef2d2c141969d_72.jpg",
            "first_name": "",
            "real_name": "Cristobal",
            "display_name": "Cristobal",
            "team": "TJH5YU202",
            "name": "navarro.cristobal",
            "is_restricted": false,
            "is_ultra_restricted": false
        },
        "blocks": [
            {
                "type": "rich_text",
                "block_id": "H3uP",
                "elements": [
                    {
                        "type": "rich_text_section",
                        "elements": [
                            {
                                "type": "text",
                                "text": "Buena pregunta, sí"
                            }
                        ]
                    }
                ]
            }
        ]
    },
    {
        "client_msg_id": "464ddb1d-a4e2-49d8-85ac-d0c5813515ef",
        "type": "message",
        "text": "Antonio, grande como siempre en los vídeos, lo que nos enseña, hablaba ayer de que habria que hacer alguna pequeña aplicación para que todos pudiesemos partir de eso.\nYo en alguna herramienta ya utilicé ese concepto: tener una WebApp template y sobre ella modificar.\n¿ Qué tal montar una WebApp de pedidos ? No digo ya una tienda virtual, sino una grilla con líneas de artículo, con posibilidad de buscar artículos... y eso y pedido totalizado...",
        "user": "UJULQCHL5",
        "ts": "1589023017.186500",
        "team": "TJH5YU202",
        "user_team": "TJH5YU202",
        "source_team": "TJH5YU202",
        "user_profile": {
            "avatar_hash": "g7659142325a",
            "image_72": "https:\/\/secure.gravatar.com\/avatar\/c87659142325a3facb661d85281ec091.jpg?s=72&d=https%3A%2F%2Fa.slack-edge.com%2Fdf10d%2Fimg%2Favatars%2Fava_0003-72.png",
            "first_name": "",
            "real_name": "Paquito",
            "display_name": "Paquito",
            "team": "TJH5YU202",
            "name": "hmpaquito",
            "is_restricted": false,
            "is_ultra_restricted": false
        },
        "blocks": [
            {
                "type": "rich_text",
                "block_id": "AIA8q",
                "elements": [
                    {
                        "type": "rich_text_section",
                        "elements": [
                            {
                                "type": "text",
                                "text": "Antonio, grande como siempre en los vídeos, lo que nos enseña, hablaba ayer de que habria que hacer alguna pequeña aplicación para que todos pudiesemos partir de eso.\nYo en alguna herramienta ya utilicé ese concepto: tener una WebApp template y sobre ella modificar.\n¿ Qué tal montar una WebApp de pedidos ? No digo ya una tienda virtual, sino una grilla con líneas de artículo, con posibilidad de buscar artículos... y eso y pedido totalizado..."
                            }
                        ]
                    }
                ]
            }
        ]
    },
    {
        "client_msg_id": "27721a8c-7c51-41c8-a92a-0efe590a2ab1",
        "type": "message",
        "text": "Como controlar q una tarjeta d credito ea buena?",
        "user": "UJWR5N32S",
        "ts": "1589038753.187400",
        "team": "TJH5YU202",
        "user_team": "TJH5YU202",
        "source_team": "TJH5YU202",
        "user_profile": {
            "avatar_hash": "273d3745f7ae",
            "image_72": "https:\/\/avatars.slack-edge.com\/2019-05-20\/634344238497_273d3745f7ae1b176b82_72.jpg",
            "first_name": "Charly",
            "real_name": "Charly",
            "display_name": "Charly",
            "team": "TJH5YU202",
            "name": "carles9000",
            "is_restricted": false,
            "is_ultra_restricted": false
        },
        "blocks": [
            {
                "type": "rich_text",
                "block_id": "M1m",
                "elements": [
                    {
                        "type": "rich_text_section",
                        "elements": [
                            {
                                "type": "text",
                                "text": "Como controlar q una tarjeta d credito ea buena?"
                            }
                        ]
                    }
                ]
            }
        ]
    },
    {
        "client_msg_id": "f8947833-2fa0-46d6-8f65-15877e0fe0ff",
        "type": "message",
        "text": "Cual es el proc?",
        "user": "UJWR5N32S",
        "ts": "1589038765.187800",
        "team": "TJH5YU202",
        "user_team": "TJH5YU202",
        "source_team": "TJH5YU202",
        "user_profile": {
            "avatar_hash": "273d3745f7ae",
            "image_72": "https:\/\/avatars.slack-edge.com\/2019-05-20\/634344238497_273d3745f7ae1b176b82_72.jpg",
            "first_name": "Charly",
            "real_name": "Charly",
            "display_name": "Charly",
            "team": "TJH5YU202",
            "name": "carles9000",
            "is_restricted": false,
            "is_ultra_restricted": false
        },
        "blocks": [
            {
                "type": "rich_text",
                "block_id": "w6HVc",
                "elements": [
                    {
                        "type": "rich_text_section",
                        "elements": [
                            {
                                "type": "text",
                                "text": "Cual es el proc?"
                            }
                        ]
                    }
                ]
            }
        ]
    },
    {
        "client_msg_id": "50a97d2e-37a4-4b30-8684-366302b11127",
        "type": "message",
        "text": "Manejar numeros de tarjeta no es aconsejable. Usualmente los servicios de cobro de tercerizan a gente especializada.",
        "user": "UM81W8B0Q",
        "ts": "1589039154.188500",
        "team": "TJH5YU202",
        "user_team": "TJH5YU202",
        "source_team": "TJH5YU202",
        "user_profile": {
            "avatar_hash": "gab9279ee8c0",
            "image_72": "https:\/\/secure.gravatar.com\/avatar\/73ab9279ee8c00f66ce4904d30146c8f.jpg?s=72&d=https%3A%2F%2Fa.slack-edge.com%2Fdf10d%2Fimg%2Favatars%2Fava_0010-72.png",
            "first_name": "",
            "real_name": "Angel Pais",
            "display_name": "Angel Pais",
            "team": "TJH5YU202",
            "name": "amigosam",
            "is_restricted": false,
            "is_ultra_restricted": false
        },
        "edited": {
            "user": "UM81W8B0Q",
            "ts": "1589039163.000000"
        },
        "blocks": [
            {
                "type": "rich_text",
                "block_id": "e\/BW",
                "elements": [
                    {
                        "type": "rich_text_section",
                        "elements": [
                            {
                                "type": "text",
                                "text": "Manejar numeros de tarjeta no es aconsejable. Usualmente los servicios de cobro de tercerizan a gente especializada."
                            }
                        ]
                    }
                ]
            }
        ]
    },
    {
        "client_msg_id": "a414e8e7-72bd-4238-b5b6-1532a26eb48a",
        "type": "message",
        "text": "Para España preguntale a Pablo Botella que la tiene clara.",
        "user": "UM81W8B0Q",
        "ts": "1589039203.189200",
        "team": "TJH5YU202",
        "user_team": "TJH5YU202",
        "source_team": "TJH5YU202",
        "user_profile": {
            "avatar_hash": "gab9279ee8c0",
            "image_72": "https:\/\/secure.gravatar.com\/avatar\/73ab9279ee8c00f66ce4904d30146c8f.jpg?s=72&d=https%3A%2F%2Fa.slack-edge.com%2Fdf10d%2Fimg%2Favatars%2Fava_0010-72.png",
            "first_name": "",
            "real_name": "Angel Pais",
            "display_name": "Angel Pais",
            "team": "TJH5YU202",
            "name": "amigosam",
            "is_restricted": false,
            "is_ultra_restricted": false
        },
        "blocks": [
            {
                "type": "rich_text",
                "block_id": "RoI",
                "elements": [
                    {
                        "type": "rich_text_section",
                        "elements": [
                            {
                                "type": "text",
                                "text": "Para España preguntale a Pablo Botella que la tiene clara."
                            }
                        ]
                    }
                ]
            }
        ]
    },
    {
        "client_msg_id": "2abb8bdf-17c8-4a0f-bf0a-934b5d6cb60f",
        "type": "message",
        "text": "Me gustaria conocer el concepto, la manera d operar sea en España o en Uruguay. Estoy mirando el tema d pagos con tarjeta y me gustaria ver cual es el proc. Supongo q cada banco tiene su pasarela de pago y alla seguro  q chequeas, pero un chequeo previo existe? Tiene sentido?",
        "user": "UJWR5N32S",
        "ts": "1589039542.193600",
        "team": "TJH5YU202",
        "user_team": "TJH5YU202",
        "source_team": "TJH5YU202",
        "user_profile": {
            "avatar_hash": "273d3745f7ae",
            "image_72": "https:\/\/avatars.slack-edge.com\/2019-05-20\/634344238497_273d3745f7ae1b176b82_72.jpg",
            "first_name": "Charly",
            "real_name": "Charly",
            "display_name": "Charly",
            "team": "TJH5YU202",
            "name": "carles9000",
            "is_restricted": false,
            "is_ultra_restricted": false
        },
        "blocks": [
            {
                "type": "rich_text",
                "block_id": "5D8d",
                "elements": [
                    {
                        "type": "rich_text_section",
                        "elements": [
                            {
                                "type": "text",
                                "text": "Me gustaria conocer el concepto, la manera d operar sea en España o en Uruguay. Estoy mirando el tema d pagos con tarjeta y me gustaria ver cual es el proc. Supongo q cada banco tiene su pasarela de pago y alla seguro  q chequeas, pero un chequeo previo existe? Tiene sentido?"
                            }
                        ]
                    }
                ]
            }
        ]
    },
    {
        "client_msg_id": "8a050904-7120-4d93-b1b9-3b0b13b67b26",
        "type": "message",
        "text": "Alguien se h encontrado con leer datos de un Excel y que en las celdas de texto éstas contienen acentos, letra ñ ç...??? Que hay que hacer para que serecuperen correctamente esos valores o codificarlos a ascii???",
        "user": "UJU3NMK0U",
        "ts": "1589040107.195500",
        "team": "TJH5YU202",
        "user_team": "TJH5YU202",
        "source_team": "TJH5YU202",
        "user_profile": {
            "avatar_hash": "48f1b9655122",
            "image_72": "https:\/\/avatars.slack-edge.com\/2019-05-20\/640143784356_48f1b96551220d9fdd4d_72.jpg",
            "first_name": "Xevi",
            "real_name": "Xevi",
            "display_name": "Xevi",
            "team": "TJH5YU202",
            "name": "xevicomas",
            "is_restricted": false,
            "is_ultra_restricted": false
        },
        "blocks": [
            {
                "type": "rich_text",
                "block_id": "oR2",
                "elements": [
                    {
                        "type": "rich_text_section",
                        "elements": [
                            {
                                "type": "text",
                                "text": "Alguien se h encontrado con leer datos de un Excel y que en las celdas de texto éstas contienen acentos, letra ñ ç...??? Que hay que hacer para que serecuperen correctamente esos valores o codificarlos a ascii???"
                            }
                        ]
                    }
                ]
            }
        ],
        "thread_ts": "1589040107.195500",
        "reply_count": 1,
        "reply_users_count": 1,
        "latest_reply": "1589041861.212700",
        "reply_users": [
            "UJULQCHL5"
        ],
        "replies": [
            {
                "user": "UJULQCHL5",
                "ts": "1589041861.212700"
            }
        ],
        "subscribed": false
    },
    {
        "client_msg_id": "f547d0dd-d9fd-4ea6-b13f-99e6e416a761",
        "type": "message",
        "text": "oExcel:Range( \"B4\" ):Value\nEsto si hay caracteres como letras con acento o \"raros\" me recupera mal el valor.\nAlguna función que me convierta a Ascii() normal o Latin-1???",
        "user": "UJU3NMK0U",
        "ts": "1589040248.197700",
        "team": "TJH5YU202",
        "user_team": "TJH5YU202",
        "source_team": "TJH5YU202",
        "user_profile": {
            "avatar_hash": "48f1b9655122",
            "image_72": "https:\/\/avatars.slack-edge.com\/2019-05-20\/640143784356_48f1b96551220d9fdd4d_72.jpg",
            "first_name": "Xevi",
            "real_name": "Xevi",
            "display_name": "Xevi",
            "team": "TJH5YU202",
            "name": "xevicomas",
            "is_restricted": false,
            "is_ultra_restricted": false
        },
        "edited": {
            "user": "UJU3NMK0U",
            "ts": "1589040280.000000"
        },
        "blocks": [
            {
                "type": "rich_text",
                "block_id": "kCjZ",
                "elements": [
                    {
                        "type": "rich_text_section",
                        "elements": [
                            {
                                "type": "text",
                                "text": "oExcel:Range( \"B4\" ):Value\nEsto si hay caracteres como letras con acento o \"raros\" me recupera mal el valor.\nAlguna función que me convierta a Ascii() normal o Latin-1???"
                            }
                        ]
                    }
                ]
            }
        ]
    },
    {
        "client_msg_id": "75f2f3bf-e670-4ffd-b871-51296c0f2316",
        "type": "message",
        "text": "Depende del pais Charly y en materia financiera las legislaciones son muy diversas",
        "user": "UM81W8B0Q",
        "ts": "1589040495.198200",
        "team": "TJH5YU202",
        "user_team": "TJH5YU202",
        "source_team": "TJH5YU202",
        "user_profile": {
            "avatar_hash": "gab9279ee8c0",
            "image_72": "https:\/\/secure.gravatar.com\/avatar\/73ab9279ee8c00f66ce4904d30146c8f.jpg?s=72&d=https%3A%2F%2Fa.slack-edge.com%2Fdf10d%2Fimg%2Favatars%2Fava_0010-72.png",
            "first_name": "",
            "real_name": "Angel Pais",
            "display_name": "Angel Pais",
            "team": "TJH5YU202",
            "name": "amigosam",
            "is_restricted": false,
            "is_ultra_restricted": false
        },
        "blocks": [
            {
                "type": "rich_text",
                "block_id": "Wha5o",
                "elements": [
                    {
                        "type": "rich_text_section",
                        "elements": [
                            {
                                "type": "text",
                                "text": "Depende del pais Charly y en materia financiera las legislaciones son muy diversas"
                            }
                        ]
                    }
                ]
            }
        ]
    },
    {
        "client_msg_id": "c6eef6a8-2e56-47fa-ae44-c55be6aed68e",
        "type": "message",
        "text": "seguire investigando cual debe ser el proceso...",
        "user": "UJWR5N32S",
        "ts": "1589040536.199200",
        "team": "TJH5YU202",
        "user_team": "TJH5YU202",
        "source_team": "TJH5YU202",
        "user_profile": {
            "avatar_hash": "273d3745f7ae",
            "image_72": "https:\/\/avatars.slack-edge.com\/2019-05-20\/634344238497_273d3745f7ae1b176b82_72.jpg",
            "first_name": "Charly",
            "real_name": "Charly",
            "display_name": "Charly",
            "team": "TJH5YU202",
            "name": "carles9000",
            "is_restricted": false,
            "is_ultra_restricted": false
        },
        "blocks": [
            {
                "type": "rich_text",
                "block_id": "TZjU",
                "elements": [
                    {
                        "type": "rich_text_section",
                        "elements": [
                            {
                                "type": "text",
                                "text": "seguire investigando cual debe ser el proceso..."
                            }
                        ]
                    }
                ]
            }
        ]
    },
    {
        "client_msg_id": "6fcd315d-5d2e-429b-bf27-c10c543c0a40",
        "type": "message",
        "text": "La plata deotros es algo que a todos les gusta opinar. Especialmente a los de los Bancos Centrales.",
        "user": "UM81W8B0Q",
        "ts": "1589040579.199700",
        "team": "TJH5YU202",
        "user_team": "TJH5YU202",
        "source_team": "TJH5YU202",
        "user_profile": {
            "avatar_hash": "gab9279ee8c0",
            "image_72": "https:\/\/secure.gravatar.com\/avatar\/73ab9279ee8c00f66ce4904d30146c8f.jpg?s=72&d=https%3A%2F%2Fa.slack-edge.com%2Fdf10d%2Fimg%2Favatars%2Fava_0010-72.png",
            "first_name": "",
            "real_name": "Angel Pais",
            "display_name": "Angel Pais",
            "team": "TJH5YU202",
            "name": "amigosam",
            "is_restricted": false,
            "is_ultra_restricted": false
        },
        "blocks": [
            {
                "type": "rich_text",
                "block_id": "gs7Oq",
                "elements": [
                    {
                        "type": "rich_text_section",
                        "elements": [
                            {
                                "type": "text",
                                "text": "La plata deotros es algo que a todos les gusta opinar. Especialmente a los de los Bancos Centrales."
                            }
                        ]
                    }
                ]
            }
        ]
    },
    {
        "client_msg_id": "59cf4163-e07e-4cf7-96b4-647eb556e158",
        "type": "message",
        "text": "Por ejemplo en mi pais es casi imposible tener un método propio de cobranza. Las regulaciones te obligarán a ser casi un banco. Imagínate que si tu cliente no quiere pagar una pasarela de pagos menos va a armar un centro de datos con nivel de banco. Además de todo ello necesitarás la bendición de VISA que tiene el cuasi monopolio de las autorizaciones de tarjetas.",
        "user": "UM81W8B0Q",
        "ts": "1589040712.202100",
        "team": "TJH5YU202",
        "user_team": "TJH5YU202",
        "source_team": "TJH5YU202",
        "user_profile": {
            "avatar_hash": "gab9279ee8c0",
            "image_72": "https:\/\/secure.gravatar.com\/avatar\/73ab9279ee8c00f66ce4904d30146c8f.jpg?s=72&d=https%3A%2F%2Fa.slack-edge.com%2Fdf10d%2Fimg%2Favatars%2Fava_0010-72.png",
            "first_name": "",
            "real_name": "Angel Pais",
            "display_name": "Angel Pais",
            "team": "TJH5YU202",
            "name": "amigosam",
            "is_restricted": false,
            "is_ultra_restricted": false
        },
        "edited": {
            "user": "UM81W8B0Q",
            "ts": "1589040746.000000"
        },
        "blocks": [
            {
                "type": "rich_text",
                "block_id": "hOubV",
                "elements": [
                    {
                        "type": "rich_text_section",
                        "elements": [
                            {
                                "type": "text",
                                "text": "Por ejemplo en mi pais es casi imposible tener un método propio de cobranza. Las regulaciones te obligarán a ser casi un banco. Imagínate que si tu cliente no quiere pagar una pasarela de pagos menos va a armar un centro de datos con nivel de banco. Además de todo ello necesitarás la bendición de VISA que tiene el cuasi monopolio de las autorizaciones de tarjetas."
                            }
                        ]
                    }
                ]
            }
        ]
    },
    {
        "client_msg_id": "7ef30f15-1ee8-4cfa-ad34-50e4f9bb68db",
        "type": "message",
        "text": "Pero si descubres algo avisa. jej",
        "user": "UM81W8B0Q",
        "ts": "1589040724.202400",
        "team": "TJH5YU202",
        "user_team": "TJH5YU202",
        "source_team": "TJH5YU202",
        "user_profile": {
            "avatar_hash": "gab9279ee8c0",
            "image_72": "https:\/\/secure.gravatar.com\/avatar\/73ab9279ee8c00f66ce4904d30146c8f.jpg?s=72&d=https%3A%2F%2Fa.slack-edge.com%2Fdf10d%2Fimg%2Favatars%2Fava_0010-72.png",
            "first_name": "",
            "real_name": "Angel Pais",
            "display_name": "Angel Pais",
            "team": "TJH5YU202",
            "name": "amigosam",
            "is_restricted": false,
            "is_ultra_restricted": false
        },
        "blocks": [
            {
                "type": "rich_text",
                "block_id": "Byf8",
                "elements": [
                    {
                        "type": "rich_text_section",
                        "elements": [
                            {
                                "type": "text",
                                "text": "Pero si descubres algo avisa. jej"
                            }
                        ]
                    }
                ]
            }
        ]
    },
    {
        "client_msg_id": "db576205-c1cc-4163-b1e1-86f96413205b",
        "type": "message",
        "text": ":+1:",
        "user": "UJWR5N32S",
        "ts": "1589040754.202800",
        "team": "TJH5YU202",
        "user_team": "TJH5YU202",
        "source_team": "TJH5YU202",
        "user_profile": {
            "avatar_hash": "273d3745f7ae",
            "image_72": "https:\/\/avatars.slack-edge.com\/2019-05-20\/634344238497_273d3745f7ae1b176b82_72.jpg",
            "first_name": "Charly",
            "real_name": "Charly",
            "display_name": "Charly",
            "team": "TJH5YU202",
            "name": "carles9000",
            "is_restricted": false,
            "is_ultra_restricted": false
        },
        "blocks": [
            {
                "type": "rich_text",
                "block_id": "wgQ",
                "elements": [
                    {
                        "type": "rich_text_section",
                        "elements": [
                            {
                                "type": "emoji",
                                "name": "+1"
                            }
                        ]
                    }
                ]
            }
        ]
    },
    {
        "client_msg_id": "100b1a0d-7ae4-4b42-a127-1ba15690bd07",
        "type": "message",
        "text": "Ah y con el cuento del lavado de dinero las cosas se ha puesto aun peor.",
        "user": "UM81W8B0Q",
        "ts": "1589040764.203100",
        "team": "TJH5YU202",
        "user_team": "TJH5YU202",
        "source_team": "TJH5YU202",
        "user_profile": {
            "avatar_hash": "gab9279ee8c0",
            "image_72": "https:\/\/secure.gravatar.com\/avatar\/73ab9279ee8c00f66ce4904d30146c8f.jpg?s=72&d=https%3A%2F%2Fa.slack-edge.com%2Fdf10d%2Fimg%2Favatars%2Fava_0010-72.png",
            "first_name": "",
            "real_name": "Angel Pais",
            "display_name": "Angel Pais",
            "team": "TJH5YU202",
            "name": "amigosam",
            "is_restricted": false,
            "is_ultra_restricted": false
        },
        "edited": {
            "user": "UM81W8B0Q",
            "ts": "1589040782.000000"
        },
        "blocks": [
            {
                "type": "rich_text",
                "block_id": "mKtK",
                "elements": [
                    {
                        "type": "rich_text_section",
                        "elements": [
                            {
                                "type": "text",
                                "text": "Ah y con el cuento del lavado de dinero las cosas se ha puesto aun peor."
                            }
                        ]
                    }
                ]
            }
        ],
        "thread_ts": "1589040764.203100",
        "reply_count": 2,
        "reply_users_count": 2,
        "latest_reply": "1589041949.213100",
        "reply_users": [
            "UJULQCHL5",
            "UM81W8B0Q"
        ],
        "replies": [
            {
                "user": "UJULQCHL5",
                "ts": "1589041903.212900"
            },
            {
                "user": "UM81W8B0Q",
                "ts": "1589041949.213100"
            }
        ],
        "subscribed": false
    },
    {
        "client_msg_id": "91016640-c2b2-4f5c-bd50-999c42f12e07",
        "type": "message",
        "text": "Vamos a ver... yo soy novato en el tema de ventas, vale... pero crear una tienda y crear un metodo de pago \"standard\" deberia ser razonablemente facil, no?",
        "user": "UJWR5N32S",
        "ts": "1589040838.204500",
        "team": "TJH5YU202",
        "user_team": "TJH5YU202",
        "source_team": "TJH5YU202",
        "user_profile": {
            "avatar_hash": "273d3745f7ae",
            "image_72": "https:\/\/avatars.slack-edge.com\/2019-05-20\/634344238497_273d3745f7ae1b176b82_72.jpg",
            "first_name": "Charly",
            "real_name": "Charly",
            "display_name": "Charly",
            "team": "TJH5YU202",
            "name": "carles9000",
            "is_restricted": false,
            "is_ultra_restricted": false
        },
        "blocks": [
            {
                "type": "rich_text",
                "block_id": "iJQ",
                "elements": [
                    {
                        "type": "rich_text_section",
                        "elements": [
                            {
                                "type": "text",
                                "text": "Vamos a ver... yo soy novato en el tema de ventas, vale... pero crear una tienda y crear un metodo de pago \"standard\" deberia ser razonablemente facil, no?"
                            }
                        ]
                    }
                ]
            }
        ]
    },
    {
        "client_msg_id": "891ed6d5-d725-4d55-9686-d0f8f4c8f60e",
        "type": "message",
        "text": "no",
        "user": "UM81W8B0Q",
        "ts": "1589040846.204800",
        "team": "TJH5YU202",
        "user_team": "TJH5YU202",
        "source_team": "TJH5YU202",
        "user_profile": {
            "avatar_hash": "gab9279ee8c0",
            "image_72": "https:\/\/secure.gravatar.com\/avatar\/73ab9279ee8c00f66ce4904d30146c8f.jpg?s=72&d=https%3A%2F%2Fa.slack-edge.com%2Fdf10d%2Fimg%2Favatars%2Fava_0010-72.png",
            "first_name": "",
            "real_name": "Angel Pais",
            "display_name": "Angel Pais",
            "team": "TJH5YU202",
            "name": "amigosam",
            "is_restricted": false,
            "is_ultra_restricted": false
        },
        "blocks": [
            {
                "type": "rich_text",
                "block_id": "yVK",
                "elements": [
                    {
                        "type": "rich_text_section",
                        "elements": [
                            {
                                "type": "text",
                                "text": "no"
                            }
                        ]
                    }
                ]
            }
        ]
    },
    {
        "client_msg_id": "216ebc00-16dd-438c-ac3b-2cda2c96332d",
        "type": "message",
        "text": "es decir, a ver si nos vamos a liar",
        "user": "UJWR5N32S",
        "ts": "1589040846.204900",
        "team": "TJH5YU202",
        "user_team": "TJH5YU202",
        "source_team": "TJH5YU202",
        "user_profile": {
            "avatar_hash": "273d3745f7ae",
            "image_72": "https:\/\/avatars.slack-edge.com\/2019-05-20\/634344238497_273d3745f7ae1b176b82_72.jpg",
            "first_name": "Charly",
            "real_name": "Charly",
            "display_name": "Charly",
            "team": "TJH5YU202",
            "name": "carles9000",
            "is_restricted": false,
            "is_ultra_restricted": false
        },
        "blocks": [
            {
                "type": "rich_text",
                "block_id": "=DEZ",
                "elements": [
                    {
                        "type": "rich_text_section",
                        "elements": [
                            {
                                "type": "text",
                                "text": "es decir, a ver si nos vamos a liar"
                            }
                        ]
                    }
                ]
            }
        ]
    },
    {
        "client_msg_id": "a9b02c41-415d-4512-bb1b-5d0cae07dc10",
        "type": "message",
        "text": "o?",
        "user": "UJWR5N32S",
        "ts": "1589040850.205200",
        "team": "TJH5YU202",
        "user_team": "TJH5YU202",
        "source_team": "TJH5YU202",
        "user_profile": {
            "avatar_hash": "273d3745f7ae",
            "image_72": "https:\/\/avatars.slack-edge.com\/2019-05-20\/634344238497_273d3745f7ae1b176b82_72.jpg",
            "first_name": "Charly",
            "real_name": "Charly",
            "display_name": "Charly",
            "team": "TJH5YU202",
            "name": "carles9000",
            "is_restricted": false,
            "is_ultra_restricted": false
        },
        "blocks": [
            {
                "type": "rich_text",
                "block_id": "fxVYT",
                "elements": [
                    {
                        "type": "rich_text_section",
                        "elements": [
                            {
                                "type": "text",
                                "text": "o?"
                            }
                        ]
                    }
                ]
            }
        ]
    },
    {
        "client_msg_id": "6a653d9d-fca2-4e63-b832-6e1d4a4ec2a7",
        "type": "message",
        "text": "no?",
        "user": "UJWR5N32S",
        "ts": "1589040853.205500",
        "team": "TJH5YU202",
        "user_team": "TJH5YU202",
        "source_team": "TJH5YU202",
        "user_profile": {
            "avatar_hash": "273d3745f7ae",
            "image_72": "https:\/\/avatars.slack-edge.com\/2019-05-20\/634344238497_273d3745f7ae1b176b82_72.jpg",
            "first_name": "Charly",
            "real_name": "Charly",
            "display_name": "Charly",
            "team": "TJH5YU202",
            "name": "carles9000",
            "is_restricted": false,
            "is_ultra_restricted": false
        },
        "blocks": [
            {
                "type": "rich_text",
                "block_id": "xuo",
                "elements": [
                    {
                        "type": "rich_text_section",
                        "elements": [
                            {
                                "type": "text",
                                "text": "no?"
                            }
                        ]
                    }
                ]
            }
        ]
    },
    {
        "client_msg_id": "4b809009-8838-44d4-94ae-5c4797852e5e",
        "type": "message",
        "text": "vende todo lo que queras",
        "user": "UM81W8B0Q",
        "ts": "1589040856.205600",
        "team": "TJH5YU202",
        "user_team": "TJH5YU202",
        "source_team": "TJH5YU202",
        "user_profile": {
            "avatar_hash": "gab9279ee8c0",
            "image_72": "https:\/\/secure.gravatar.com\/avatar\/73ab9279ee8c00f66ce4904d30146c8f.jpg?s=72&d=https%3A%2F%2Fa.slack-edge.com%2Fdf10d%2Fimg%2Favatars%2Fava_0010-72.png",
            "first_name": "",
            "real_name": "Angel Pais",
            "display_name": "Angel Pais",
            "team": "TJH5YU202",
            "name": "amigosam",
            "is_restricted": false,
            "is_ultra_restricted": false
        },
        "blocks": [
            {
                "type": "rich_text",
                "block_id": "w2Yfp",
                "elements": [
                    {
                        "type": "rich_text_section",
                        "elements": [
                            {
                                "type": "text",
                                "text": "vende todo lo que queras"
                            }
                        ]
                    }
                ]
            }
        ]
    },
    {
        "client_msg_id": "d5821ffa-d116-4da0-9483-48d1c9514696",
        "type": "message",
        "text": "pero el dinero se mueve en una dimensión paralela",
        "user": "UM81W8B0Q",
        "ts": "1589040872.206000",
        "team": "TJH5YU202",
        "user_team": "TJH5YU202",
        "source_team": "TJH5YU202",
        "user_profile": {
            "avatar_hash": "gab9279ee8c0",
            "image_72": "https:\/\/secure.gravatar.com\/avatar\/73ab9279ee8c00f66ce4904d30146c8f.jpg?s=72&d=https%3A%2F%2Fa.slack-edge.com%2Fdf10d%2Fimg%2Favatars%2Fava_0010-72.png",
            "first_name": "",
            "real_name": "Angel Pais",
            "display_name": "Angel Pais",
            "team": "TJH5YU202",
            "name": "amigosam",
            "is_restricted": false,
            "is_ultra_restricted": false
        },
        "blocks": [
            {
                "type": "rich_text",
                "block_id": "wCT",
                "elements": [
                    {
                        "type": "rich_text_section",
                        "elements": [
                            {
                                "type": "text",
                                "text": "pero el dinero se mueve en una dimensión paralela"
                            }
                        ]
                    }
                ]
            }
        ]
    },
    {
        "client_msg_id": "1115ecda-1420-43c2-908c-4a8592f18973",
        "type": "message",
        "text": "totalmtne controlado por las mafias estatales",
        "user": "UM81W8B0Q",
        "ts": "1589040885.206500",
        "team": "TJH5YU202",
        "user_team": "TJH5YU202",
        "source_team": "TJH5YU202",
        "user_profile": {
            "avatar_hash": "gab9279ee8c0",
            "image_72": "https:\/\/secure.gravatar.com\/avatar\/73ab9279ee8c00f66ce4904d30146c8f.jpg?s=72&d=https%3A%2F%2Fa.slack-edge.com%2Fdf10d%2Fimg%2Favatars%2Fava_0010-72.png",
            "first_name": "",
            "real_name": "Angel Pais",
            "display_name": "Angel Pais",
            "team": "TJH5YU202",
            "name": "amigosam",
            "is_restricted": false,
            "is_ultra_restricted": false
        },
        "blocks": [
            {
                "type": "rich_text",
                "block_id": "W8x0",
                "elements": [
                    {
                        "type": "rich_text_section",
                        "elements": [
                            {
                                "type": "text",
                                "text": "totalmtne controlado por las mafias estatales"
                            }
                        ]
                    }
                ]
            }
        ]
    },
    {
        "client_msg_id": "57eb1879-c80d-403f-ad02-a0bd7f290d62",
        "type": "message",
        "text": "te pareces a <@UNAHBRTFA>",
        "user": "UJWR5N32S",
        "ts": "1589040886.206600",
        "team": "TJH5YU202",
        "user_team": "TJH5YU202",
        "source_team": "TJH5YU202",
        "user_profile": {
            "avatar_hash": "273d3745f7ae",
            "image_72": "https:\/\/avatars.slack-edge.com\/2019-05-20\/634344238497_273d3745f7ae1b176b82_72.jpg",
            "first_name": "Charly",
            "real_name": "Charly",
            "display_name": "Charly",
            "team": "TJH5YU202",
            "name": "carles9000",
            "is_restricted": false,
            "is_ultra_restricted": false
        },
        "blocks": [
            {
                "type": "rich_text",
                "block_id": "KtDw",
                "elements": [
                    {
                        "type": "rich_text_section",
                        "elements": [
                            {
                                "type": "text",
                                "text": "te pareces a "
                            },
                            {
                                "type": "user",
                                "user_id": "UNAHBRTFA"
                            }
                        ]
                    }
                ]
            }
        ]
    },
    {
        "client_msg_id": "dbd28933-57f5-4e8b-a547-b1281821a1ee",
        "type": "message",
        "text": "a mí no me metas en esto",
        "user": "UNAHBRTFA",
        "ts": "1589040905.207200",
        "team": "TJH5YU202",
        "user_team": "TJH5YU202",
        "source_team": "TJH5YU202",
        "user_profile": {
            "avatar_hash": "g3d2a3f4c28c",
            "image_72": "https:\/\/secure.gravatar.com\/avatar\/23d2a3f4c28cebb4cf07e48d02620517.jpg?s=72&d=https%3A%2F%2Fa.slack-edge.com%2Fdf10d%2Fimg%2Favatars%2Fava_0020-72.png",
            "first_name": "Andreu",
            "real_name": "Andreu Botella",
            "display_name": "Andreu Botella",
            "team": "TJH5YU202",
            "name": "andreu.132",
            "is_restricted": false,
            "is_ultra_restricted": false
        },
        "blocks": [
            {
                "type": "rich_text",
                "block_id": "K7j",
                "elements": [
                    {
                        "type": "rich_text_section",
                        "elements": [
                            {
                                "type": "text",
                                "text": "a mí no me metas en esto"
                            }
                        ]
                    }
                ]
            }
        ]
    },
    {
        "client_msg_id": "1b6f30ac-ecb7-4ca0-9009-b0ef9aa9913c",
        "type": "message",
        "text": ":stuck_out_tongue:",
        "user": "UJWR5N32S",
        "ts": "1589040905.207300",
        "team": "TJH5YU202",
        "user_team": "TJH5YU202",
        "source_team": "TJH5YU202",
        "user_profile": {
            "avatar_hash": "273d3745f7ae",
            "image_72": "https:\/\/avatars.slack-edge.com\/2019-05-20\/634344238497_273d3745f7ae1b176b82_72.jpg",
            "first_name": "Charly",
            "real_name": "Charly",
            "display_name": "Charly",
            "team": "TJH5YU202",
            "name": "carles9000",
            "is_restricted": false,
            "is_ultra_restricted": false
        },
        "blocks": [
            {
                "type": "rich_text",
                "block_id": "FmmY",
                "elements": [
                    {
                        "type": "rich_text_section",
                        "elements": [
                            {
                                "type": "emoji",
                                "name": "stuck_out_tongue"
                            }
                        ]
                    }
                ]
            }
        ]
    },
    {
        "client_msg_id": "e56a8283-e4f0-424b-906a-5eaf06f5c7af",
        "type": "message",
        "text": "ya te dije. si encuentras algo facil y seguro avisa y aprenderemos jaj",
        "user": "UM81W8B0Q",
        "ts": "1589040908.207400",
        "team": "TJH5YU202",
        "user_team": "TJH5YU202",
        "source_team": "TJH5YU202",
        "user_profile": {
            "avatar_hash": "gab9279ee8c0",
            "image_72": "https:\/\/secure.gravatar.com\/avatar\/73ab9279ee8c00f66ce4904d30146c8f.jpg?s=72&d=https%3A%2F%2Fa.slack-edge.com%2Fdf10d%2Fimg%2Favatars%2Fava_0010-72.png",
            "first_name": "",
            "real_name": "Angel Pais",
            "display_name": "Angel Pais",
            "team": "TJH5YU202",
            "name": "amigosam",
            "is_restricted": false,
            "is_ultra_restricted": false
        },
        "blocks": [
            {
                "type": "rich_text",
                "block_id": "COgsj",
                "elements": [
                    {
                        "type": "rich_text_section",
                        "elements": [
                            {
                                "type": "text",
                                "text": "ya te dije. si encuentras algo facil y seguro avisa y aprenderemos jaj"
                            }
                        ]
                    }
                ]
            }
        ]
    },
    {
        "client_msg_id": "fbc6e860-7ce5-411c-876b-33ea996d8742",
        "type": "message",
        "text": "por ahi creamos una fintech de alcance mundial y le ganamos el negocio a Mercado Pagos o al Citibank",
        "user": "UM81W8B0Q",
        "ts": "1589040971.208000",
        "team": "TJH5YU202",
        "user_team": "TJH5YU202",
        "source_team": "TJH5YU202",
        "user_profile": {
            "avatar_hash": "gab9279ee8c0",
            "image_72": "https:\/\/secure.gravatar.com\/avatar\/73ab9279ee8c00f66ce4904d30146c8f.jpg?s=72&d=https%3A%2F%2Fa.slack-edge.com%2Fdf10d%2Fimg%2Favatars%2Fava_0010-72.png",
            "first_name": "",
            "real_name": "Angel Pais",
            "display_name": "Angel Pais",
            "team": "TJH5YU202",
            "name": "amigosam",
            "is_restricted": false,
            "is_ultra_restricted": false
        },
        "blocks": [
            {
                "type": "rich_text",
                "block_id": "zcKPY",
                "elements": [
                    {
                        "type": "rich_text_section",
                        "elements": [
                            {
                                "type": "text",
                                "text": "por ahi creamos una fintech de alcance mundial y le ganamos el negocio a Mercado Pagos o al Citibank"
                            }
                        ]
                    }
                ]
            }
        ]
    },
    {
        "client_msg_id": "5dcc2cfd-e93e-4109-9235-0333761b49c5",
        "type": "message",
        "text": "asi Antonio tendrá  que dejar de sufrir vendiendo xbhosts de 15E",
        "user": "UM81W8B0Q",
        "ts": "1589040998.208600",
        "team": "TJH5YU202",
        "user_team": "TJH5YU202",
        "source_team": "TJH5YU202",
        "user_profile": {
            "avatar_hash": "gab9279ee8c0",
            "image_72": "https:\/\/secure.gravatar.com\/avatar\/73ab9279ee8c00f66ce4904d30146c8f.jpg?s=72&d=https%3A%2F%2Fa.slack-edge.com%2Fdf10d%2Fimg%2Favatars%2Fava_0010-72.png",
            "first_name": "",
            "real_name": "Angel Pais",
            "display_name": "Angel Pais",
            "team": "TJH5YU202",
            "name": "amigosam",
            "is_restricted": false,
            "is_ultra_restricted": false
        },
        "blocks": [
            {
                "type": "rich_text",
                "block_id": "jgc8",
                "elements": [
                    {
                        "type": "rich_text_section",
                        "elements": [
                            {
                                "type": "text",
                                "text": "asi Antonio tendrá  que dejar de sufrir vendiendo xbhosts de 15E"
                            }
                        ]
                    }
                ]
            }
        ]
    },
    {
        "client_msg_id": "4a31a810-86db-4823-ad57-48e8202817d5",
        "type": "message",
        "text": "jajajajaja",
        "user": "UM81W8B0Q",
        "ts": "1589041001.208800",
        "team": "TJH5YU202",
        "user_team": "TJH5YU202",
        "source_team": "TJH5YU202",
        "user_profile": {
            "avatar_hash": "gab9279ee8c0",
            "image_72": "https:\/\/secure.gravatar.com\/avatar\/73ab9279ee8c00f66ce4904d30146c8f.jpg?s=72&d=https%3A%2F%2Fa.slack-edge.com%2Fdf10d%2Fimg%2Favatars%2Fava_0010-72.png",
            "first_name": "",
            "real_name": "Angel Pais",
            "display_name": "Angel Pais",
            "team": "TJH5YU202",
            "name": "amigosam",
            "is_restricted": false,
            "is_ultra_restricted": false
        },
        "blocks": [
            {
                "type": "rich_text",
                "block_id": "JJZ",
                "elements": [
                    {
                        "type": "rich_text_section",
                        "elements": [
                            {
                                "type": "text",
                                "text": "jajajajaja"
                            }
                        ]
                    }
                ]
            }
        ]
    },
    {
        "client_msg_id": "d980ae22-4422-4923-bad6-72b7413db8ca",
        "type": "message",
        "text": "bueno, me tocara investigar... :slightly_smiling_face:",
        "user": "UJWR5N32S",
        "ts": "1589041006.209000",
        "team": "TJH5YU202",
        "user_team": "TJH5YU202",
        "source_team": "TJH5YU202",
        "user_profile": {
            "avatar_hash": "273d3745f7ae",
            "image_72": "https:\/\/avatars.slack-edge.com\/2019-05-20\/634344238497_273d3745f7ae1b176b82_72.jpg",
            "first_name": "Charly",
            "real_name": "Charly",
            "display_name": "Charly",
            "team": "TJH5YU202",
            "name": "carles9000",
            "is_restricted": false,
            "is_ultra_restricted": false
        },
        "blocks": [
            {
                "type": "rich_text",
                "block_id": "UQg",
                "elements": [
                    {
                        "type": "rich_text_section",
                        "elements": [
                            {
                                "type": "text",
                                "text": "bueno, me tocara investigar... "
                            },
                            {
                                "type": "emoji",
                                "name": "slightly_smiling_face"
                            }
                        ]
                    }
                ]
            }
        ]
    },
    {
        "client_msg_id": "fb2d9db6-ea47-4872-ae9d-974e6e4720aa",
        "type": "message",
        "text": "jue",
        "user": "UJWR5N32S",
        "ts": "1589041012.209200",
        "team": "TJH5YU202",
        "user_team": "TJH5YU202",
        "source_team": "TJH5YU202",
        "user_profile": {
            "avatar_hash": "273d3745f7ae",
            "image_72": "https:\/\/avatars.slack-edge.com\/2019-05-20\/634344238497_273d3745f7ae1b176b82_72.jpg",
            "first_name": "Charly",
            "real_name": "Charly",
            "display_name": "Charly",
            "team": "TJH5YU202",
            "name": "carles9000",
            "is_restricted": false,
            "is_ultra_restricted": false
        },
        "blocks": [
            {
                "type": "rich_text",
                "block_id": "VI3",
                "elements": [
                    {
                        "type": "rich_text_section",
                        "elements": [
                            {
                                "type": "text",
                                "text": "jue"
                            }
                        ]
                    }
                ]
            }
        ]
    },
    {
        "client_msg_id": "3a4a7de7-f77a-48fc-84bd-07c7d6b803fa",
        "type": "message",
        "text": "O capaz que tu segundo apellido es Roschild. QUien sabe.",
        "user": "UM81W8B0Q",
        "ts": "1589041047.209700",
        "team": "TJH5YU202",
        "user_team": "TJH5YU202",
        "source_team": "TJH5YU202",
        "user_profile": {
            "avatar_hash": "gab9279ee8c0",
            "image_72": "https:\/\/secure.gravatar.com\/avatar\/73ab9279ee8c00f66ce4904d30146c8f.jpg?s=72&d=https%3A%2F%2Fa.slack-edge.com%2Fdf10d%2Fimg%2Favatars%2Fava_0010-72.png",
            "first_name": "",
            "real_name": "Angel Pais",
            "display_name": "Angel Pais",
            "team": "TJH5YU202",
            "name": "amigosam",
            "is_restricted": false,
            "is_ultra_restricted": false
        },
        "blocks": [
            {
                "type": "rich_text",
                "block_id": "wbAd",
                "elements": [
                    {
                        "type": "rich_text_section",
                        "elements": [
                            {
                                "type": "text",
                                "text": "O capaz que tu segundo apellido es Roschild. QUien sabe."
                            }
                        ]
                    }
                ]
            }
        ]
    },
    {
        "client_msg_id": "a7798791-823b-464a-b53d-539b93199880",
        "type": "message",
        "text": ":joy:",
        "user": "UM81W8B0Q",
        "ts": "1589041056.209900",
        "team": "TJH5YU202",
        "user_team": "TJH5YU202",
        "source_team": "TJH5YU202",
        "user_profile": {
            "avatar_hash": "gab9279ee8c0",
            "image_72": "https:\/\/secure.gravatar.com\/avatar\/73ab9279ee8c00f66ce4904d30146c8f.jpg?s=72&d=https%3A%2F%2Fa.slack-edge.com%2Fdf10d%2Fimg%2Favatars%2Fava_0010-72.png",
            "first_name": "",
            "real_name": "Angel Pais",
            "display_name": "Angel Pais",
            "team": "TJH5YU202",
            "name": "amigosam",
            "is_restricted": false,
            "is_ultra_restricted": false
        },
        "blocks": [
            {
                "type": "rich_text",
                "block_id": "EBJM",
                "elements": [
                    {
                        "type": "rich_text_section",
                        "elements": [
                            {
                                "type": "emoji",
                                "name": "joy"
                            }
                        ]
                    }
                ]
            }
        ]
    },
    {
        "client_msg_id": "321cffde-ff6c-4d00-a938-f66bab14acd1",
        "type": "message",
        "text": "Te paso el dato que Osvaldo y WiInson estaban investigando el mismo tema tambien.",
        "user": "UM81W8B0Q",
        "ts": "1589041130.210400",
        "team": "TJH5YU202",
        "user_team": "TJH5YU202",
        "source_team": "TJH5YU202",
        "user_profile": {
            "avatar_hash": "gab9279ee8c0",
            "image_72": "https:\/\/secure.gravatar.com\/avatar\/73ab9279ee8c00f66ce4904d30146c8f.jpg?s=72&d=https%3A%2F%2Fa.slack-edge.com%2Fdf10d%2Fimg%2Favatars%2Fava_0010-72.png",
            "first_name": "",
            "real_name": "Angel Pais",
            "display_name": "Angel Pais",
            "team": "TJH5YU202",
            "name": "amigosam",
            "is_restricted": false,
            "is_ultra_restricted": false
        },
        "edited": {
            "user": "UM81W8B0Q",
            "ts": "1589041138.000000"
        },
        "blocks": [
            {
                "type": "rich_text",
                "block_id": "kIu",
                "elements": [
                    {
                        "type": "rich_text_section",
                        "elements": [
                            {
                                "type": "text",
                                "text": "Te paso el dato que Osvaldo y WiInson estaban investigando el mismo tema tambien."
                            }
                        ]
                    }
                ]
            }
        ]
    },
    {
        "client_msg_id": "a40ee97f-9d82-4533-b768-21906b05f82e",
        "type": "message",
        "text": "Y el capo ibérico es Botellón ( Botella grande )",
        "user": "UM81W8B0Q",
        "ts": "1589041164.211000",
        "team": "TJH5YU202",
        "user_team": "TJH5YU202",
        "source_team": "TJH5YU202",
        "user_profile": {
            "avatar_hash": "gab9279ee8c0",
            "image_72": "https:\/\/secure.gravatar.com\/avatar\/73ab9279ee8c00f66ce4904d30146c8f.jpg?s=72&d=https%3A%2F%2Fa.slack-edge.com%2Fdf10d%2Fimg%2Favatars%2Fava_0010-72.png",
            "first_name": "",
            "real_name": "Angel Pais",
            "display_name": "Angel Pais",
            "team": "TJH5YU202",
            "name": "amigosam",
            "is_restricted": false,
            "is_ultra_restricted": false
        },
        "blocks": [
            {
                "type": "rich_text",
                "block_id": "rNR\/",
                "elements": [
                    {
                        "type": "rich_text_section",
                        "elements": [
                            {
                                "type": "text",
                                "text": "Y el capo ibérico es Botellón ( Botella grande )"
                            }
                        ]
                    }
                ]
            }
        ]
    },
    {
        "client_msg_id": "e1672465-9873-4dde-9967-bae88ff7ed2a",
        "type": "message",
        "text": "Me he de situar primero... No quiero matar moscas a cañonazos",
        "user": "UJWR5N32S",
        "ts": "1589041251.211500",
        "team": "TJH5YU202",
        "user_team": "TJH5YU202",
        "source_team": "TJH5YU202",
        "user_profile": {
            "avatar_hash": "273d3745f7ae",
            "image_72": "https:\/\/avatars.slack-edge.com\/2019-05-20\/634344238497_273d3745f7ae1b176b82_72.jpg",
            "first_name": "Charly",
            "real_name": "Charly",
            "display_name": "Charly",
            "team": "TJH5YU202",
            "name": "carles9000",
            "is_restricted": false,
            "is_ultra_restricted": false
        },
        "blocks": [
            {
                "type": "rich_text",
                "block_id": "QdLj",
                "elements": [
                    {
                        "type": "rich_text_section",
                        "elements": [
                            {
                                "type": "text",
                                "text": "Me he de situar primero... No quiero matar moscas a cañonazos"
                            }
                        ]
                    }
                ]
            }
        ],
        "thread_ts": "1589041251.211500",
        "reply_count": 2,
        "reply_users_count": 2,
        "latest_reply": "1589042164.214000",
        "reply_users": [
            "UJULQCHL5",
            "UJWR5N32S"
        ],
        "replies": [
            {
                "user": "UJULQCHL5",
                "ts": "1589042036.213300"
            },
            {
                "user": "UJWR5N32S",
                "ts": "1589042164.214000"
            }
        ],
        "subscribed": false
    },
    {
        "client_msg_id": "8fcaf131-ae0e-4eac-b40a-e0606fee699d",
        "type": "message",
        "text": "Claro, porque si matas una mosca a cañonazos, luego no sabes el momento de la mosca",
        "user": "UNAHBRTFA",
        "ts": "1589041349.212200",
        "team": "TJH5YU202",
        "user_team": "TJH5YU202",
        "source_team": "TJH5YU202",
        "user_profile": {
            "avatar_hash": "g3d2a3f4c28c",
            "image_72": "https:\/\/secure.gravatar.com\/avatar\/23d2a3f4c28cebb4cf07e48d02620517.jpg?s=72&d=https%3A%2F%2Fa.slack-edge.com%2Fdf10d%2Fimg%2Favatars%2Fava_0020-72.png",
            "first_name": "Andreu",
            "real_name": "Andreu Botella",
            "display_name": "Andreu Botella",
            "team": "TJH5YU202",
            "name": "andreu.132",
            "is_restricted": false,
            "is_ultra_restricted": false
        },
        "blocks": [
            {
                "type": "rich_text",
                "block_id": "tzyRt",
                "elements": [
                    {
                        "type": "rich_text_section",
                        "elements": [
                            {
                                "type": "text",
                                "text": "Claro, porque si matas una mosca a cañonazos, luego no sabes el momento de la mosca"
                            }
                        ]
                    }
                ]
            }
        ]
    },
    {
        "client_msg_id": "0d057b6a-2afe-470c-94b7-1b97544319ec",
        "type": "message",
        "text": "Depende del spin de la bala del cañón",
        "user": "UM81W8B0Q",
        "ts": "1589041428.212600",
        "team": "TJH5YU202",
        "user_team": "TJH5YU202",
        "source_team": "TJH5YU202",
        "user_profile": {
            "avatar_hash": "gab9279ee8c0",
            "image_72": "https:\/\/secure.gravatar.com\/avatar\/73ab9279ee8c00f66ce4904d30146c8f.jpg?s=72&d=https%3A%2F%2Fa.slack-edge.com%2Fdf10d%2Fimg%2Favatars%2Fava_0010-72.png",
            "first_name": "",
            "real_name": "Angel Pais",
            "display_name": "Angel Pais",
            "team": "TJH5YU202",
            "name": "amigosam",
            "is_restricted": false,
            "is_ultra_restricted": false
        },
        "blocks": [
            {
                "type": "rich_text",
                "block_id": "EXAIv",
                "elements": [
                    {
                        "type": "rich_text_section",
                        "elements": [
                            {
                                "type": "text",
                                "text": "Depende del spin de la bala del cañón"
                            }
                        ]
                    }
                ]
            }
        ]
    },
    {
        "client_msg_id": "a2129271-0472-4219-a333-27f7a188c965",
        "type": "message",
        "text": "Prueba poniendo cOld:= hb_cdpselect(\"ESWIN\")",
        "user": "UJULQCHL5",
        "ts": "1589041861.212700",
        "team": "TJH5YU202",
        "user_team": "TJH5YU202",
        "source_team": "TJH5YU202",
        "user_profile": {
            "avatar_hash": "g7659142325a",
            "image_72": "https:\/\/secure.gravatar.com\/avatar\/c87659142325a3facb661d85281ec091.jpg?s=72&d=https%3A%2F%2Fa.slack-edge.com%2Fdf10d%2Fimg%2Favatars%2Fava_0003-72.png",
            "first_name": "",
            "real_name": "Paquito",
            "display_name": "Paquito",
            "team": "TJH5YU202",
            "name": "hmpaquito",
            "is_restricted": false,
            "is_ultra_restricted": false
        },
        "blocks": [
            {
                "type": "rich_text",
                "block_id": "kkdHg",
                "elements": [
                    {
                        "type": "rich_text_section",
                        "elements": [
                            {
                                "type": "text",
                                "text": "Prueba poniendo cOld:= hb_cdpselect(\"ESWIN\")"
                            }
                        ]
                    }
                ]
            }
        ],
        "thread_ts": "1589040107.195500",
        "parent_user_id": "UJU3NMK0U"
    },
    {
        "client_msg_id": "5dae9854-77d5-468b-95f2-608909c83fbc",
        "type": "message",
        "text": "Sí, ahora sólo pueden lavar los que ellos quieren que laven. Nomas",
        "user": "UJULQCHL5",
        "ts": "1589041903.212900",
        "team": "TJH5YU202",
        "user_team": "TJH5YU202",
        "source_team": "TJH5YU202",
        "user_profile": {
            "avatar_hash": "g7659142325a",
            "image_72": "https:\/\/secure.gravatar.com\/avatar\/c87659142325a3facb661d85281ec091.jpg?s=72&d=https%3A%2F%2Fa.slack-edge.com%2Fdf10d%2Fimg%2Favatars%2Fava_0003-72.png",
            "first_name": "",
            "real_name": "Paquito",
            "display_name": "Paquito",
            "team": "TJH5YU202",
            "name": "hmpaquito",
            "is_restricted": false,
            "is_ultra_restricted": false
        },
        "blocks": [
            {
                "type": "rich_text",
                "block_id": "isnX",
                "elements": [
                    {
                        "type": "rich_text_section",
                        "elements": [
                            {
                                "type": "text",
                                "text": "Sí, ahora sólo pueden lavar los que ellos quieren que laven. Nomas"
                            }
                        ]
                    }
                ]
            }
        ],
        "thread_ts": "1589040764.203100",
        "parent_user_id": "UM81W8B0Q"
    },
    {
        "client_msg_id": "a59b5317-4427-48c8-a31a-ff2133d44da5",
        "type": "message",
        "text": "Exacto. Solo funcionariops de alto rango jaj.",
        "user": "UM81W8B0Q",
        "ts": "1589041949.213100",
        "team": "TJH5YU202",
        "user_team": "TJH5YU202",
        "source_team": "TJH5YU202",
        "user_profile": {
            "avatar_hash": "gab9279ee8c0",
            "image_72": "https:\/\/secure.gravatar.com\/avatar\/73ab9279ee8c00f66ce4904d30146c8f.jpg?s=72&d=https%3A%2F%2Fa.slack-edge.com%2Fdf10d%2Fimg%2Favatars%2Fava_0010-72.png",
            "first_name": "",
            "real_name": "Angel Pais",
            "display_name": "Angel Pais",
            "team": "TJH5YU202",
            "name": "amigosam",
            "is_restricted": false,
            "is_ultra_restricted": false
        },
        "blocks": [
            {
                "type": "rich_text",
                "block_id": "oNy",
                "elements": [
                    {
                        "type": "rich_text_section",
                        "elements": [
                            {
                                "type": "text",
                                "text": "Exacto. Solo funcionariops de alto rango jaj."
                            }
                        ]
                    }
                ]
            }
        ],
        "thread_ts": "1589040764.203100",
        "parent_user_id": "UM81W8B0Q"
    },
    {
        "type": "message",
        "subtype": "thread_broadcast",
        "text": "Matar moscas a cañonazos, garvillar el agua, asar la manteca... son algunas de mis pasatiempos favoritos.",
        "user": "UJULQCHL5",
        "ts": "1589042036.213300",
        "thread_ts": "1589041251.211500",
        "root": {
            "client_msg_id": "e1672465-9873-4dde-9967-bae88ff7ed2a",
            "type": "message",
            "text": "Me he de situar primero... No quiero matar moscas a cañonazos",
            "user": "UJWR5N32S",
            "ts": "1589041251.211500",
            "team": "TJH5YU202",
            "blocks": [
                {
                    "type": "rich_text",
                    "block_id": "QdLj",
                    "elements": [
                        {
                            "type": "rich_text_section",
                            "elements": [
                                {
                                    "type": "text",
                                    "text": "Me he de situar primero... No quiero matar moscas a cañonazos"
                                }
                            ]
                        }
                    ]
                }
            ],
            "thread_ts": "1589041251.211500",
            "reply_count": 2,
            "reply_users_count": 2,
            "latest_reply": "1589042164.214000",
            "reply_users": [
                "UJULQCHL5",
                "UJWR5N32S"
            ],
            "subscribed": false
        },
        "blocks": [
            {
                "type": "rich_text",
                "block_id": "9iio",
                "elements": [
                    {
                        "type": "rich_text_section",
                        "elements": [
                            {
                                "type": "text",
                                "text": "Matar moscas a cañonazos, garvillar el agua, asar la manteca... son algunas de mis pasatiempos favoritos."
                            }
                        ]
                    }
                ]
            }
        ],
        "client_msg_id": "84013b21-5da1-4d81-84d7-0377926c00f6"
    },
    {
        "client_msg_id": "5b6a5d81-f1b1-4a80-b52b-eb5b5c72a2fe",
        "type": "message",
        "text": "la manteca asada queda muy rica....  si debajo tiene un pollo gggg",
        "user": "UM81W8B0Q",
        "ts": "1589042086.213900",
        "team": "TJH5YU202",
        "user_team": "TJH5YU202",
        "source_team": "TJH5YU202",
        "user_profile": {
            "avatar_hash": "gab9279ee8c0",
            "image_72": "https:\/\/secure.gravatar.com\/avatar\/73ab9279ee8c00f66ce4904d30146c8f.jpg?s=72&d=https%3A%2F%2Fa.slack-edge.com%2Fdf10d%2Fimg%2Favatars%2Fava_0010-72.png",
            "first_name": "",
            "real_name": "Angel Pais",
            "display_name": "Angel Pais",
            "team": "TJH5YU202",
            "name": "amigosam",
            "is_restricted": false,
            "is_ultra_restricted": false
        },
        "blocks": [
            {
                "type": "rich_text",
                "block_id": "JVjNB",
                "elements": [
                    {
                        "type": "rich_text_section",
                        "elements": [
                            {
                                "type": "text",
                                "text": "la manteca asada queda muy rica....  si debajo tiene un pollo gggg"
                            }
                        ]
                    }
                ]
            }
        ]
    },
    {
        "client_msg_id": "fbc4eaae-1b93-472b-b5d5-a23c52dbc075",
        "type": "message",
        "text": "ya te digo... Necesito los planos",
        "user": "UJWR5N32S",
        "ts": "1589042164.214000",
        "team": "TJH5YU202",
        "user_team": "TJH5YU202",
        "source_team": "TJH5YU202",
        "user_profile": {
            "avatar_hash": "273d3745f7ae",
            "image_72": "https:\/\/avatars.slack-edge.com\/2019-05-20\/634344238497_273d3745f7ae1b176b82_72.jpg",
            "first_name": "Charly",
            "real_name": "Charly",
            "display_name": "Charly",
            "team": "TJH5YU202",
            "name": "carles9000",
            "is_restricted": false,
            "is_ultra_restricted": false
        },
        "blocks": [
            {
                "type": "rich_text",
                "block_id": "TNu",
                "elements": [
                    {
                        "type": "rich_text_section",
                        "elements": [
                            {
                                "type": "text",
                                "text": "ya te digo... Necesito los planos"
                            }
                        ]
                    }
                ]
            }
        ],
        "thread_ts": "1589041251.211500",
        "parent_user_id": "UJWR5N32S"
    }
]