[
    {
        "client_msg_id": "805efc63-834a-4549-94a2-df70f321b457",
        "type": "message",
        "text": "En España, por antonomasia, \"la Pilarica\" sólo hay una, y es la imagen de la Vírgen del Pilar que se encuentra en la Basílica del mismo nombre, en Zaragoza.\nNunca he conocido a una Pilar a la que llamen Pilarica, pero si alguna a la que llaman Pili, como diminutivo afectuoso.",
        "user": "UJULQCHL5",
        "ts": "1589528434.356700",
        "team": "TJH5YU202",
        "user_team": "TJH5YU202",
        "source_team": "TJH5YU202",
        "user_profile": {
            "avatar_hash": "g7659142325a",
            "image_72": "https:\/\/secure.gravatar.com\/avatar\/c87659142325a3facb661d85281ec091.jpg?s=72&d=https%3A%2F%2Fa.slack-edge.com%2Fdf10d%2Fimg%2Favatars%2Fava_0003-72.png",
            "first_name": "",
            "real_name": "Paquito",
            "display_name": "Paquito",
            "team": "TJH5YU202",
            "name": "hmpaquito",
            "is_restricted": false,
            "is_ultra_restricted": false
        },
        "blocks": [
            {
                "type": "rich_text",
                "block_id": "jy6ji",
                "elements": [
                    {
                        "type": "rich_text_section",
                        "elements": [
                            {
                                "type": "text",
                                "text": "En España, por antonomasia, \"la Pilarica\" sólo hay una, y es la imagen de la Vírgen del Pilar que se encuentra en la Basílica del mismo nombre, en Zaragoza.\nNunca he conocido a una Pilar a la que llamen Pilarica, pero si alguna a la que llaman Pili, como diminutivo afectuoso."
                            }
                        ]
                    }
                ]
            }
        ]
    },
    {
        "client_msg_id": "B65FE6D7-5C9A-48D3-86A1-3B3056796B43",
        "type": "message",
        "text": "Lo de usar el diminutivo en ICO e ICA es muy típica en Aragón",
        "user": "UJH8DPY58",
        "ts": "1589563333.357800",
        "team": "TJH5YU202",
        "user_team": "TJH5YU202",
        "source_team": "TJH5YU202",
        "user_profile": {
            "avatar_hash": "g1cac88c496c",
            "image_72": "https:\/\/secure.gravatar.com\/avatar\/451cac88c496c2cec0b934a281b6eb94.jpg?s=72&d=https%3A%2F%2Fa.slack-edge.com%2Fdf10d%2Fimg%2Favatars%2Fava_0020-72.png",
            "first_name": "",
            "real_name": "Juan Pastor",
            "display_name": "",
            "team": "TJH5YU202",
            "name": "jpastor68",
            "is_restricted": false,
            "is_ultra_restricted": false
        },
        "blocks": [
            {
                "type": "rich_text",
                "block_id": "a+Ol",
                "elements": [
                    {
                        "type": "rich_text_section",
                        "elements": [
                            {
                                "type": "text",
                                "text": "Lo de usar el diminutivo en ICO e ICA es muy típica en Aragón"
                            }
                        ]
                    }
                ]
            }
        ]
    },
    {
        "client_msg_id": "03D9D27A-C870-4BF4-8085-D4CDCFAB7E2D",
        "type": "message",
        "text": "De ahi el nombre a la Basílica para la ciudadania ",
        "user": "UJH8DPY58",
        "ts": "1589563403.358600",
        "team": "TJH5YU202",
        "user_team": "TJH5YU202",
        "source_team": "TJH5YU202",
        "user_profile": {
            "avatar_hash": "g1cac88c496c",
            "image_72": "https:\/\/secure.gravatar.com\/avatar\/451cac88c496c2cec0b934a281b6eb94.jpg?s=72&d=https%3A%2F%2Fa.slack-edge.com%2Fdf10d%2Fimg%2Favatars%2Fava_0020-72.png",
            "first_name": "",
            "real_name": "Juan Pastor",
            "display_name": "",
            "team": "TJH5YU202",
            "name": "jpastor68",
            "is_restricted": false,
            "is_ultra_restricted": false
        },
        "blocks": [
            {
                "type": "rich_text",
                "block_id": "tgGjj",
                "elements": [
                    {
                        "type": "rich_text_section",
                        "elements": [
                            {
                                "type": "text",
                                "text": "De ahi el nombre a la Basílica para la ciudadania "
                            }
                        ]
                    }
                ]
            }
        ]
    },
    {
        "client_msg_id": "e47c335b-65bf-4583-8986-f82d947d36f5",
        "type": "message",
        "text": "Gracias, cada dia se aprende nuevas cosas.",
        "user": "UJUSD6VB2",
        "ts": "1589567693.359600",
        "team": "TJH5YU202",
        "user_team": "TJH5YU202",
        "source_team": "TJH5YU202",
        "user_profile": {
            "avatar_hash": "g1677a02d0b6",
            "image_72": "https:\/\/secure.gravatar.com\/avatar\/bb1677a02d0b69ba91eb245090c7c83a.jpg?s=72&d=https%3A%2F%2Fa.slack-edge.com%2Fdf10d%2Fimg%2Favatars%2Fava_0015-72.png",
            "first_name": "",
            "real_name": "Osvaldo Ramirez",
            "display_name": "Osvaldo Ramirez",
            "team": "TJH5YU202",
            "name": "ramirezosvaldo",
            "is_restricted": false,
            "is_ultra_restricted": false
        },
        "blocks": [
            {
                "type": "rich_text",
                "block_id": "LXaZ",
                "elements": [
                    {
                        "type": "rich_text_section",
                        "elements": [
                            {
                                "type": "text",
                                "text": "Gracias, cada dia se aprende nuevas cosas."
                            }
                        ]
                    }
                ]
            }
        ]
    }
]