[
    {
        "client_msg_id": "39a3c79b-f693-4939-b570-267739a84cd3",
        "type": "message",
        "text": "Buenos días,\n\nHe visto que la lista de suscriptores para que Charly nos diseñe una webApp de pedidos ha aumentado. <https:\/\/harbourproject.slack.com\/archives\/CJUHF8SBX\/p1591868078239100>\nImaginaros lo que sería una webApp funcionando con el superb FastCGI que nos ha diseñado Antonio, con lo último de MVC de Charly.\n\nHe contactado con Charly y me ha comentado de quedar el sabado por la tarde, supongo que será a una hora torera, a las 5 de la tarde o así. Y que allí expusieramos todos, a ser posible de viva voz, qué pretendemos y qué no.\n\nA mi me parece una muy buena oportunidad para todos... Por poco dinero, tener acceso a unos fuentes que nos posibilitará ofrecer YA un producto de calidad a nuestros clientes.\nAsí pues, TODOS, suscriptores o no, quedamos emplazados a mañana por la tarde a las 5.",
        "user": "UJULQCHL5",
        "ts": "1591948424.114000",
        "team": "TJH5YU202",
        "user_team": "TJH5YU202",
        "source_team": "TJH5YU202",
        "user_profile": {
            "avatar_hash": "g7659142325a",
            "image_72": "https:\/\/secure.gravatar.com\/avatar\/c87659142325a3facb661d85281ec091.jpg?s=72&d=https%3A%2F%2Fa.slack-edge.com%2Fdf10d%2Fimg%2Favatars%2Fava_0003-72.png",
            "first_name": "",
            "real_name": "Paquito",
            "display_name": "Paquito",
            "team": "TJH5YU202",
            "name": "hmpaquito",
            "is_restricted": false,
            "is_ultra_restricted": false
        },
        "attachments": [
            {
                "from_url": "https:\/\/harbourproject.slack.com\/archives\/CJUHF8SBX\/p1591868078239100",
                "fallback": "[June 11th, 2020 2:34 AM] hmpaquito: Con lo fácil que sería que hiciéramos entre todos una suscripción y Charly nos prepararía, seguro, una App base.... Con lo fácil que sería que pusiéramos cada uno 30 eur y hablar con Charly... Pero vivimos en la cultura del gratis total...",
                "ts": "1591868078.239100",
                "author_id": "UJULQCHL5",
                "author_subname": "Paquito",
                "channel_id": "CJUHF8SBX",
                "channel_name": "modharbour",
                "is_msg_unfurl": true,
                "is_thread_root_unfurl": true,
                "text": "Con lo fácil que sería que hiciéramos entre todos una suscripción y Charly nos prepararía, seguro, una App base.... Con lo fácil que sería que pusiéramos cada uno 30 eur y hablar con Charly... Pero vivimos en la cultura del gratis total...",
                "author_name": "Paquito",
                "author_link": "https:\/\/harbourproject.slack.com\/team\/UJULQCHL5",
                "author_icon": "https:\/\/secure.gravatar.com\/avatar\/c87659142325a3facb661d85281ec091.jpg?s=48&d=https%3A%2F%2Fa.slack-edge.com%2Fdf10d%2Fimg%2Favatars%2Fava_0003-48.png",
                "mrkdwn_in": [
                    "text"
                ],
                "id": 1,
                "original_url": "https:\/\/harbourproject.slack.com\/archives\/CJUHF8SBX\/p1591868078239100",
                "footer": "Hilo en #modharbour"
            }
        ],
        "blocks": [
            {
                "type": "rich_text",
                "block_id": "TpVG",
                "elements": [
                    {
                        "type": "rich_text_section",
                        "elements": [
                            {
                                "type": "text",
                                "text": "Buenos días,\n\nHe visto que la lista de suscriptores para que Charly nos diseñe una webApp de pedidos ha aumentado. "
                            },
                            {
                                "type": "link",
                                "url": "https:\/\/harbourproject.slack.com\/archives\/CJUHF8SBX\/p1591868078239100"
                            },
                            {
                                "type": "text",
                                "text": "\nImaginaros lo que sería una webApp funcionando con el superb FastCGI que nos ha diseñado Antonio, con lo último de MVC de Charly.\n\nHe contactado con Charly y me ha comentado de quedar el sabado por la tarde, supongo que será a una hora torera, a las 5 de la tarde o así. Y que allí expusieramos todos, a ser posible de viva voz, qué pretendemos y qué no.\n\nA mi me parece una muy buena oportunidad para todos... Por poco dinero, tener acceso a unos fuentes que nos posibilitará ofrecer YA un producto de calidad a nuestros clientes.\nAsí pues, TODOS, suscriptores o no, quedamos emplazados a mañana por la tarde a las 5."
                            }
                        ]
                    }
                ]
            }
        ]
    },
    {
        "client_msg_id": "640b8951-2191-4927-9eb5-5ceb8a1a6eba",
        "type": "message",
        "text": "Estoy de acuerdo!\nYo con la estructura que tiene el ejemplo, me basta, ya que todos tendremos que modificar las consultas para nuestras aplicaciones.\nEl tema de los pagos, no se, si lo tiene solucionado, pero de momento no me importa.",
        "user": "UL77SJTB2",
        "ts": "1591951040.115900",
        "team": "TJH5YU202",
        "user_team": "TJH5YU202",
        "source_team": "TJH5YU202",
        "user_profile": {
            "avatar_hash": "g083d53f16df",
            "image_72": "https:\/\/secure.gravatar.com\/avatar\/6e083d53f16dfeb8acae9b468b891210.jpg?s=72&d=https%3A%2F%2Fa.slack-edge.com%2Fdf10d%2Fimg%2Favatars%2Fava_0016-72.png",
            "first_name": "",
            "real_name": "Pere Cordonet",
            "display_name": "Pere Cordonet",
            "team": "TJH5YU202",
            "name": "perecordonet",
            "is_restricted": false,
            "is_ultra_restricted": false
        },
        "blocks": [
            {
                "type": "rich_text",
                "block_id": "kej",
                "elements": [
                    {
                        "type": "rich_text_section",
                        "elements": [
                            {
                                "type": "text",
                                "text": "Estoy de acuerdo!\nYo con la estructura que tiene el ejemplo, me basta, ya que todos tendremos que modificar las consultas para nuestras aplicaciones.\nEl tema de los pagos, no se, si lo tiene solucionado, pero de momento no me importa."
                            }
                        ]
                    }
                ]
            }
        ]
    },
    {
        "client_msg_id": "23d1d5b8-0391-42df-9fd9-8fa66c1a265f",
        "type": "message",
        "text": "Yo estuve suscrito a un Framework.... El desarrollador mejoraba el framework y los \"usuarios\" le haciamos de vez en cuando alguna donación... Yo hice dos donaciones de 20 merkeles c\/u hasta que lo abandoné. Fue mi segunda incursión en la web.\nEste sistema nos puede permitir ponernos en el top en muy poco tiempo con muy poco dinero. También, por qué no decirlo, devolvemos una infima parte de todo lo que Charly ha dado a la comunidad.\nEs de esta forma, como creo yo que las comunidades avanzan muchisimo... Lo contrario son proyectos que entran en via muerta porque los desarrrolladores pierden interes, usuarios que no le encuentran la punta para arrancar y que ven lejos la consecucion de objetivos...",
        "user": "UJULQCHL5",
        "ts": "1591951520.121200",
        "team": "TJH5YU202",
        "user_team": "TJH5YU202",
        "source_team": "TJH5YU202",
        "user_profile": {
            "avatar_hash": "g7659142325a",
            "image_72": "https:\/\/secure.gravatar.com\/avatar\/c87659142325a3facb661d85281ec091.jpg?s=72&d=https%3A%2F%2Fa.slack-edge.com%2Fdf10d%2Fimg%2Favatars%2Fava_0003-72.png",
            "first_name": "",
            "real_name": "Paquito",
            "display_name": "Paquito",
            "team": "TJH5YU202",
            "name": "hmpaquito",
            "is_restricted": false,
            "is_ultra_restricted": false
        },
        "blocks": [
            {
                "type": "rich_text",
                "block_id": "HMQ",
                "elements": [
                    {
                        "type": "rich_text_section",
                        "elements": [
                            {
                                "type": "text",
                                "text": "Yo estuve suscrito a un Framework.... El desarrollador mejoraba el framework y los \"usuarios\" le haciamos de vez en cuando alguna donación... Yo hice dos donaciones de 20 merkeles c\/u hasta que lo abandoné. Fue mi segunda incursión en la web.\nEste sistema nos puede permitir ponernos en el top en muy poco tiempo con muy poco dinero. También, por qué no decirlo, devolvemos una infima parte de todo lo que Charly ha dado a la comunidad.\nEs de esta forma, como creo yo que las comunidades avanzan muchisimo... Lo contrario son proyectos que entran en via muerta porque los desarrrolladores pierden interes, usuarios que no le encuentran la punta para arrancar y que ven lejos la consecucion de objetivos..."
                            }
                        ]
                    }
                ]
            }
        ]
    },
    {
        "client_msg_id": "da040895-98ce-409e-a725-6b97af7a1908",
        "type": "message",
        "text": "Comparto tu idea <@UJULQCHL5> debe de existir una forma para que los proyectos no mueran en el intento el maestro <@UJWR5N32S> nos ha dado mucho desde tweb.",
        "user": "UK28N3CER",
        "ts": "1591966106.124500",
        "team": "TJH5YU202",
        "user_team": "TJH5YU202",
        "source_team": "TJH5YU202",
        "user_profile": {
            "avatar_hash": "0eafa7153ff3",
            "image_72": "https:\/\/avatars.slack-edge.com\/2020-05-18\/1155120542496_0eafa7153ff35206c804_72.jpg",
            "first_name": "Cesar",
            "real_name": "Cesar SysCtrl Software",
            "display_name": "Cesar SysCtrl Software",
            "team": "TJH5YU202",
            "name": "sysctrlsoftware",
            "is_restricted": false,
            "is_ultra_restricted": false
        },
        "blocks": [
            {
                "type": "rich_text",
                "block_id": "pAT7J",
                "elements": [
                    {
                        "type": "rich_text_section",
                        "elements": [
                            {
                                "type": "text",
                                "text": "Comparto tu idea "
                            },
                            {
                                "type": "user",
                                "user_id": "UJULQCHL5"
                            },
                            {
                                "type": "text",
                                "text": " debe de existir una forma para que los proyectos no mueran en el intento el maestro "
                            },
                            {
                                "type": "user",
                                "user_id": "UJWR5N32S"
                            },
                            {
                                "type": "text",
                                "text": " nos ha dado mucho desde tweb."
                            }
                        ]
                    }
                ]
            }
        ]
    },
    {
        "client_msg_id": "51DA0D44-0D92-41C9-B2B2-40D001796DA2",
        "type": "message",
        "text": "Me apunto, 5 de la tarde sabado; me imagino 7am hra de mexico, Cesar es correcto?",
        "user": "UJUSD6VB2",
        "ts": "1591968708.126300",
        "team": "TJH5YU202",
        "user_team": "TJH5YU202",
        "source_team": "TJH5YU202",
        "user_profile": {
            "avatar_hash": "g1677a02d0b6",
            "image_72": "https:\/\/secure.gravatar.com\/avatar\/bb1677a02d0b69ba91eb245090c7c83a.jpg?s=72&d=https%3A%2F%2Fa.slack-edge.com%2Fdf10d%2Fimg%2Favatars%2Fava_0015-72.png",
            "first_name": "",
            "real_name": "Osvaldo Ramirez",
            "display_name": "Osvaldo Ramirez",
            "team": "TJH5YU202",
            "name": "ramirezosvaldo",
            "is_restricted": false,
            "is_ultra_restricted": false
        },
        "blocks": [
            {
                "type": "rich_text",
                "block_id": "u1Y",
                "elements": [
                    {
                        "type": "rich_text_section",
                        "elements": [
                            {
                                "type": "text",
                                "text": "Me apunto, 5 de la tarde sabado; me imagino 7am hra de mexico, Cesar es correcto?"
                            }
                        ]
                    }
                ]
            }
        ]
    },
    {
        "client_msg_id": "25017506-8750-408a-8895-04cfee1c869e",
        "type": "message",
        "text": "Ojo con la cruda Oswald !",
        "user": "UM81W8B0Q",
        "ts": "1591968851.126600",
        "team": "TJH5YU202",
        "user_team": "TJH5YU202",
        "source_team": "TJH5YU202",
        "user_profile": {
            "avatar_hash": "gab9279ee8c0",
            "image_72": "https:\/\/secure.gravatar.com\/avatar\/73ab9279ee8c00f66ce4904d30146c8f.jpg?s=72&d=https%3A%2F%2Fa.slack-edge.com%2Fdf10d%2Fimg%2Favatars%2Fava_0010-72.png",
            "first_name": "",
            "real_name": "Angel Pais",
            "display_name": "Angel Pais",
            "team": "TJH5YU202",
            "name": "amigosam",
            "is_restricted": false,
            "is_ultra_restricted": false
        },
        "blocks": [
            {
                "type": "rich_text",
                "block_id": "=XD",
                "elements": [
                    {
                        "type": "rich_text_section",
                        "elements": [
                            {
                                "type": "text",
                                "text": "Ojo con la cruda Oswald !"
                            }
                        ]
                    }
                ]
            }
        ]
    },
    {
        "client_msg_id": "a8bf20fc-ce3a-4d13-b437-32c14268d47d",
        "type": "message",
        "text": "<@UJUSD6VB2> las 5 de la tarde aca son las 10am",
        "user": "UK28N3CER",
        "ts": "1591969080.127900",
        "team": "TJH5YU202",
        "user_team": "TJH5YU202",
        "source_team": "TJH5YU202",
        "user_profile": {
            "avatar_hash": "0eafa7153ff3",
            "image_72": "https:\/\/avatars.slack-edge.com\/2020-05-18\/1155120542496_0eafa7153ff35206c804_72.jpg",
            "first_name": "Cesar",
            "real_name": "Cesar SysCtrl Software",
            "display_name": "Cesar SysCtrl Software",
            "team": "TJH5YU202",
            "name": "sysctrlsoftware",
            "is_restricted": false,
            "is_ultra_restricted": false
        },
        "blocks": [
            {
                "type": "rich_text",
                "block_id": "YqlN",
                "elements": [
                    {
                        "type": "rich_text_section",
                        "elements": [
                            {
                                "type": "user",
                                "user_id": "UJUSD6VB2"
                            },
                            {
                                "type": "text",
                                "text": " las 5 de la tarde aca son las 10am"
                            }
                        ]
                    }
                ]
            }
        ]
    },
    {
        "client_msg_id": "b15b9261-6501-449b-9553-68cf4aca78f8",
        "type": "message",
        "text": "Si amigo Angel, va a estar pesado, a esa hora apénelas voy a dormir, imagina.",
        "user": "UJUSD6VB2",
        "ts": "1591969121.128700",
        "team": "TJH5YU202",
        "user_team": "TJH5YU202",
        "source_team": "TJH5YU202",
        "user_profile": {
            "avatar_hash": "g1677a02d0b6",
            "image_72": "https:\/\/secure.gravatar.com\/avatar\/bb1677a02d0b69ba91eb245090c7c83a.jpg?s=72&d=https%3A%2F%2Fa.slack-edge.com%2Fdf10d%2Fimg%2Favatars%2Fava_0015-72.png",
            "first_name": "",
            "real_name": "Osvaldo Ramirez",
            "display_name": "Osvaldo Ramirez",
            "team": "TJH5YU202",
            "name": "ramirezosvaldo",
            "is_restricted": false,
            "is_ultra_restricted": false
        },
        "blocks": [
            {
                "type": "rich_text",
                "block_id": "xnvb",
                "elements": [
                    {
                        "type": "rich_text_section",
                        "elements": [
                            {
                                "type": "text",
                                "text": "Si amigo Angel, va a estar pesado, a esa hora apénelas voy a dormir, imagina."
                            }
                        ]
                    }
                ]
            }
        ]
    },
    {
        "client_msg_id": "464840df-ff1d-4649-b794-3621b4ebe71b",
        "type": "message",
        "text": "Listo Oswald te da tiempo para bañarte y tomar un jugo de tomate",
        "user": "UM81W8B0Q",
        "ts": "1591969134.129200",
        "team": "TJH5YU202",
        "user_team": "TJH5YU202",
        "source_team": "TJH5YU202",
        "user_profile": {
            "avatar_hash": "gab9279ee8c0",
            "image_72": "https:\/\/secure.gravatar.com\/avatar\/73ab9279ee8c00f66ce4904d30146c8f.jpg?s=72&d=https%3A%2F%2Fa.slack-edge.com%2Fdf10d%2Fimg%2Favatars%2Fava_0010-72.png",
            "first_name": "",
            "real_name": "Angel Pais",
            "display_name": "Angel Pais",
            "team": "TJH5YU202",
            "name": "amigosam",
            "is_restricted": false,
            "is_ultra_restricted": false
        },
        "edited": {
            "user": "UM81W8B0Q",
            "ts": "1591969147.000000"
        },
        "blocks": [
            {
                "type": "rich_text",
                "block_id": "vXF",
                "elements": [
                    {
                        "type": "rich_text_section",
                        "elements": [
                            {
                                "type": "text",
                                "text": "Listo Oswald te da tiempo para bañarte y tomar un jugo de tomate"
                            }
                        ]
                    }
                ]
            }
        ]
    },
    {
        "client_msg_id": "ef37c360-f4bd-4cf0-b5c9-129ab6e189ac",
        "type": "message",
        "text": "jajajaj, uno huevos rancheros amigo, mucho picante",
        "user": "UJUSD6VB2",
        "ts": "1591969158.129700",
        "team": "TJH5YU202",
        "user_team": "TJH5YU202",
        "source_team": "TJH5YU202",
        "user_profile": {
            "avatar_hash": "g1677a02d0b6",
            "image_72": "https:\/\/secure.gravatar.com\/avatar\/bb1677a02d0b69ba91eb245090c7c83a.jpg?s=72&d=https%3A%2F%2Fa.slack-edge.com%2Fdf10d%2Fimg%2Favatars%2Fava_0015-72.png",
            "first_name": "",
            "real_name": "Osvaldo Ramirez",
            "display_name": "Osvaldo Ramirez",
            "team": "TJH5YU202",
            "name": "ramirezosvaldo",
            "is_restricted": false,
            "is_ultra_restricted": false
        },
        "blocks": [
            {
                "type": "rich_text",
                "block_id": "qliy",
                "elements": [
                    {
                        "type": "rich_text_section",
                        "elements": [
                            {
                                "type": "text",
                                "text": "jajajaj, uno huevos rancheros amigo, mucho picante"
                            }
                        ]
                    }
                ]
            }
        ]
    },
    {
        "client_msg_id": "b94d20c9-68c2-4558-9fe9-cf3263eccdcd",
        "type": "message",
        "text": "Sin albur ojo",
        "user": "UJUSD6VB2",
        "ts": "1591969164.129900",
        "team": "TJH5YU202",
        "user_team": "TJH5YU202",
        "source_team": "TJH5YU202",
        "user_profile": {
            "avatar_hash": "g1677a02d0b6",
            "image_72": "https:\/\/secure.gravatar.com\/avatar\/bb1677a02d0b69ba91eb245090c7c83a.jpg?s=72&d=https%3A%2F%2Fa.slack-edge.com%2Fdf10d%2Fimg%2Favatars%2Fava_0015-72.png",
            "first_name": "",
            "real_name": "Osvaldo Ramirez",
            "display_name": "Osvaldo Ramirez",
            "team": "TJH5YU202",
            "name": "ramirezosvaldo",
            "is_restricted": false,
            "is_ultra_restricted": false
        },
        "blocks": [
            {
                "type": "rich_text",
                "block_id": "r8oet",
                "elements": [
                    {
                        "type": "rich_text_section",
                        "elements": [
                            {
                                "type": "text",
                                "text": "Sin albur ojo"
                            }
                        ]
                    }
                ]
            }
        ]
    },
    {
        "client_msg_id": "ee03fc14-281b-43c6-8fe7-a96e08d4db46",
        "type": "message",
        "text": "ggg",
        "user": "UM81W8B0Q",
        "ts": "1591969168.130100",
        "team": "TJH5YU202",
        "user_team": "TJH5YU202",
        "source_team": "TJH5YU202",
        "user_profile": {
            "avatar_hash": "gab9279ee8c0",
            "image_72": "https:\/\/secure.gravatar.com\/avatar\/73ab9279ee8c00f66ce4904d30146c8f.jpg?s=72&d=https%3A%2F%2Fa.slack-edge.com%2Fdf10d%2Fimg%2Favatars%2Fava_0010-72.png",
            "first_name": "",
            "real_name": "Angel Pais",
            "display_name": "Angel Pais",
            "team": "TJH5YU202",
            "name": "amigosam",
            "is_restricted": false,
            "is_ultra_restricted": false
        },
        "blocks": [
            {
                "type": "rich_text",
                "block_id": "9l7",
                "elements": [
                    {
                        "type": "rich_text_section",
                        "elements": [
                            {
                                "type": "text",
                                "text": "ggg"
                            }
                        ]
                    }
                ]
            }
        ]
    },
    {
        "client_msg_id": "a8e5078f-44ab-4564-b56f-2574e9bf574b",
        "type": "message",
        "text": "ya estoy disfrutando el sábado,",
        "user": "UJUSD6VB2",
        "ts": "1591969185.130600",
        "team": "TJH5YU202",
        "user_team": "TJH5YU202",
        "source_team": "TJH5YU202",
        "user_profile": {
            "avatar_hash": "g1677a02d0b6",
            "image_72": "https:\/\/secure.gravatar.com\/avatar\/bb1677a02d0b69ba91eb245090c7c83a.jpg?s=72&d=https%3A%2F%2Fa.slack-edge.com%2Fdf10d%2Fimg%2Favatars%2Fava_0015-72.png",
            "first_name": "",
            "real_name": "Osvaldo Ramirez",
            "display_name": "Osvaldo Ramirez",
            "team": "TJH5YU202",
            "name": "ramirezosvaldo",
            "is_restricted": false,
            "is_ultra_restricted": false
        },
        "blocks": [
            {
                "type": "rich_text",
                "block_id": "kwQ4l",
                "elements": [
                    {
                        "type": "rich_text_section",
                        "elements": [
                            {
                                "type": "text",
                                "text": "ya estoy disfrutando el sábado,"
                            }
                        ]
                    }
                ]
            }
        ]
    },
    {
        "client_msg_id": "9ca691c6-b178-4aea-b8fa-b64124a11013",
        "type": "message",
        "text": "Y pulque",
        "user": "UK28N3CER",
        "ts": "1591969189.130800",
        "team": "TJH5YU202",
        "user_team": "TJH5YU202",
        "source_team": "TJH5YU202",
        "user_profile": {
            "avatar_hash": "0eafa7153ff3",
            "image_72": "https:\/\/avatars.slack-edge.com\/2020-05-18\/1155120542496_0eafa7153ff35206c804_72.jpg",
            "first_name": "Cesar",
            "real_name": "Cesar SysCtrl Software",
            "display_name": "Cesar SysCtrl Software",
            "team": "TJH5YU202",
            "name": "sysctrlsoftware",
            "is_restricted": false,
            "is_ultra_restricted": false
        },
        "blocks": [
            {
                "type": "rich_text",
                "block_id": "fBe",
                "elements": [
                    {
                        "type": "rich_text_section",
                        "elements": [
                            {
                                "type": "text",
                                "text": "Y pulque"
                            }
                        ]
                    }
                ]
            }
        ]
    },
    {
        "client_msg_id": "37ec6a1b-2898-4bc7-bd3a-bd4facc91e9f",
        "type": "message",
        "text": "Ese ya mas tarde, en la mañana un buen cafe colombiano",
        "user": "UJUSD6VB2",
        "ts": "1591969218.131400",
        "team": "TJH5YU202",
        "user_team": "TJH5YU202",
        "source_team": "TJH5YU202",
        "user_profile": {
            "avatar_hash": "g1677a02d0b6",
            "image_72": "https:\/\/secure.gravatar.com\/avatar\/bb1677a02d0b69ba91eb245090c7c83a.jpg?s=72&d=https%3A%2F%2Fa.slack-edge.com%2Fdf10d%2Fimg%2Favatars%2Fava_0015-72.png",
            "first_name": "",
            "real_name": "Osvaldo Ramirez",
            "display_name": "Osvaldo Ramirez",
            "team": "TJH5YU202",
            "name": "ramirezosvaldo",
            "is_restricted": false,
            "is_ultra_restricted": false
        },
        "blocks": [
            {
                "type": "rich_text",
                "block_id": "NRD",
                "elements": [
                    {
                        "type": "rich_text_section",
                        "elements": [
                            {
                                "type": "text",
                                "text": "Ese ya mas tarde, en la mañana un buen cafe colombiano"
                            }
                        ]
                    }
                ]
            }
        ]
    },
    {
        "client_msg_id": "3573c3d7-5054-45d0-bdd4-77017806875d",
        "type": "message",
        "text": ":trophy:",
        "user": "UK28N3CER",
        "ts": "1591969233.131600",
        "team": "TJH5YU202",
        "user_team": "TJH5YU202",
        "source_team": "TJH5YU202",
        "user_profile": {
            "avatar_hash": "0eafa7153ff3",
            "image_72": "https:\/\/avatars.slack-edge.com\/2020-05-18\/1155120542496_0eafa7153ff35206c804_72.jpg",
            "first_name": "Cesar",
            "real_name": "Cesar SysCtrl Software",
            "display_name": "Cesar SysCtrl Software",
            "team": "TJH5YU202",
            "name": "sysctrlsoftware",
            "is_restricted": false,
            "is_ultra_restricted": false
        },
        "blocks": [
            {
                "type": "rich_text",
                "block_id": "KIOy",
                "elements": [
                    {
                        "type": "rich_text_section",
                        "elements": [
                            {
                                "type": "emoji",
                                "name": "trophy"
                            }
                        ]
                    }
                ]
            }
        ]
    },
    {
        "client_msg_id": "c04f67f9-1cfa-440a-8752-c8e4dc4cd435",
        "type": "message",
        "text": "o veracruzano.",
        "user": "UJUSD6VB2",
        "ts": "1591969235.131700",
        "team": "TJH5YU202",
        "user_team": "TJH5YU202",
        "source_team": "TJH5YU202",
        "user_profile": {
            "avatar_hash": "g1677a02d0b6",
            "image_72": "https:\/\/secure.gravatar.com\/avatar\/bb1677a02d0b69ba91eb245090c7c83a.jpg?s=72&d=https%3A%2F%2Fa.slack-edge.com%2Fdf10d%2Fimg%2Favatars%2Fava_0015-72.png",
            "first_name": "",
            "real_name": "Osvaldo Ramirez",
            "display_name": "Osvaldo Ramirez",
            "team": "TJH5YU202",
            "name": "ramirezosvaldo",
            "is_restricted": false,
            "is_ultra_restricted": false
        },
        "blocks": [
            {
                "type": "rich_text",
                "block_id": "ulRh",
                "elements": [
                    {
                        "type": "rich_text_section",
                        "elements": [
                            {
                                "type": "text",
                                "text": "o veracruzano."
                            }
                        ]
                    }
                ]
            }
        ]
    },
    {
        "client_msg_id": "fa95f2d5-0ea6-420d-b966-5fdc41f42a15",
        "type": "message",
        "text": "Oaxaqueño",
        "user": "UK28N3CER",
        "ts": "1591969256.132100",
        "team": "TJH5YU202",
        "user_team": "TJH5YU202",
        "source_team": "TJH5YU202",
        "user_profile": {
            "avatar_hash": "0eafa7153ff3",
            "image_72": "https:\/\/avatars.slack-edge.com\/2020-05-18\/1155120542496_0eafa7153ff35206c804_72.jpg",
            "first_name": "Cesar",
            "real_name": "Cesar SysCtrl Software",
            "display_name": "Cesar SysCtrl Software",
            "team": "TJH5YU202",
            "name": "sysctrlsoftware",
            "is_restricted": false,
            "is_ultra_restricted": false
        },
        "blocks": [
            {
                "type": "rich_text",
                "block_id": "K6F\/U",
                "elements": [
                    {
                        "type": "rich_text_section",
                        "elements": [
                            {
                                "type": "text",
                                "text": "Oaxaqueño"
                            }
                        ]
                    }
                ]
            }
        ]
    },
    {
        "client_msg_id": "b951c950-85ac-4e32-8931-9c1d5daf0853",
        "type": "message",
        "text": "excelente!",
        "user": "UJUSD6VB2",
        "ts": "1591969260.132300",
        "team": "TJH5YU202",
        "user_team": "TJH5YU202",
        "source_team": "TJH5YU202",
        "user_profile": {
            "avatar_hash": "g1677a02d0b6",
            "image_72": "https:\/\/secure.gravatar.com\/avatar\/bb1677a02d0b69ba91eb245090c7c83a.jpg?s=72&d=https%3A%2F%2Fa.slack-edge.com%2Fdf10d%2Fimg%2Favatars%2Fava_0015-72.png",
            "first_name": "",
            "real_name": "Osvaldo Ramirez",
            "display_name": "Osvaldo Ramirez",
            "team": "TJH5YU202",
            "name": "ramirezosvaldo",
            "is_restricted": false,
            "is_ultra_restricted": false
        },
        "blocks": [
            {
                "type": "rich_text",
                "block_id": "VF6D",
                "elements": [
                    {
                        "type": "rich_text_section",
                        "elements": [
                            {
                                "type": "text",
                                "text": "excelente!"
                            }
                        ]
                    }
                ]
            }
        ]
    },
    {
        "client_msg_id": "ebae231b-3fed-4382-93d9-f3d67a8011cc",
        "type": "message",
        "text": "CHe manden cafe que aca es una mierda. NO me importa si es colombiano, veracruceño o de Oaxaca",
        "user": "UM81W8B0Q",
        "ts": "1591969328.133100",
        "team": "TJH5YU202",
        "user_team": "TJH5YU202",
        "source_team": "TJH5YU202",
        "user_profile": {
            "avatar_hash": "gab9279ee8c0",
            "image_72": "https:\/\/secure.gravatar.com\/avatar\/73ab9279ee8c00f66ce4904d30146c8f.jpg?s=72&d=https%3A%2F%2Fa.slack-edge.com%2Fdf10d%2Fimg%2Favatars%2Fava_0010-72.png",
            "first_name": "",
            "real_name": "Angel Pais",
            "display_name": "Angel Pais",
            "team": "TJH5YU202",
            "name": "amigosam",
            "is_restricted": false,
            "is_ultra_restricted": false
        },
        "edited": {
            "user": "UM81W8B0Q",
            "ts": "1591969379.000000"
        },
        "blocks": [
            {
                "type": "rich_text",
                "block_id": "3n+",
                "elements": [
                    {
                        "type": "rich_text_section",
                        "elements": [
                            {
                                "type": "text",
                                "text": "CHe manden cafe que aca es una mierda. NO me importa si es colombiano, veracruceño o de Oaxaca"
                            }
                        ]
                    }
                ]
            }
        ]
    },
    {
        "client_msg_id": "39682783-d870-45d0-a5b6-98f3df6e70e0",
        "type": "message",
        "text": "Okok",
        "user": "UK28N3CER",
        "ts": "1591969357.133300",
        "team": "TJH5YU202",
        "user_team": "TJH5YU202",
        "source_team": "TJH5YU202",
        "user_profile": {
            "avatar_hash": "0eafa7153ff3",
            "image_72": "https:\/\/avatars.slack-edge.com\/2020-05-18\/1155120542496_0eafa7153ff35206c804_72.jpg",
            "first_name": "Cesar",
            "real_name": "Cesar SysCtrl Software",
            "display_name": "Cesar SysCtrl Software",
            "team": "TJH5YU202",
            "name": "sysctrlsoftware",
            "is_restricted": false,
            "is_ultra_restricted": false
        },
        "blocks": [
            {
                "type": "rich_text",
                "block_id": "F5p",
                "elements": [
                    {
                        "type": "rich_text_section",
                        "elements": [
                            {
                                "type": "text",
                                "text": "Okok"
                            }
                        ]
                    }
                ]
            }
        ]
    },
    {
        "client_msg_id": "7e25d0ef-ebce-4420-ba2b-042bff7c6830",
        "type": "message",
        "text": "Si pense amigo angel, ya te salió lo grunon",
        "user": "UJUSD6VB2",
        "ts": "1591969375.133600",
        "team": "TJH5YU202",
        "user_team": "TJH5YU202",
        "source_team": "TJH5YU202",
        "user_profile": {
            "avatar_hash": "g1677a02d0b6",
            "image_72": "https:\/\/secure.gravatar.com\/avatar\/bb1677a02d0b69ba91eb245090c7c83a.jpg?s=72&d=https%3A%2F%2Fa.slack-edge.com%2Fdf10d%2Fimg%2Favatars%2Fava_0015-72.png",
            "first_name": "",
            "real_name": "Osvaldo Ramirez",
            "display_name": "Osvaldo Ramirez",
            "team": "TJH5YU202",
            "name": "ramirezosvaldo",
            "is_restricted": false,
            "is_ultra_restricted": false
        },
        "blocks": [
            {
                "type": "rich_text",
                "block_id": "4z9",
                "elements": [
                    {
                        "type": "rich_text_section",
                        "elements": [
                            {
                                "type": "text",
                                "text": "Si pense amigo angel, ya te salió lo grunon"
                            }
                        ]
                    }
                ]
            }
        ]
    },
    {
        "client_msg_id": "581a3b59-59fb-4223-90b7-8d4317a2fe3d",
        "type": "message",
        "text": "pero te voy a enviar un dotación!",
        "user": "UJUSD6VB2",
        "ts": "1591969397.134300",
        "team": "TJH5YU202",
        "user_team": "TJH5YU202",
        "source_team": "TJH5YU202",
        "user_profile": {
            "avatar_hash": "g1677a02d0b6",
            "image_72": "https:\/\/secure.gravatar.com\/avatar\/bb1677a02d0b69ba91eb245090c7c83a.jpg?s=72&d=https%3A%2F%2Fa.slack-edge.com%2Fdf10d%2Fimg%2Favatars%2Fava_0015-72.png",
            "first_name": "",
            "real_name": "Osvaldo Ramirez",
            "display_name": "Osvaldo Ramirez",
            "team": "TJH5YU202",
            "name": "ramirezosvaldo",
            "is_restricted": false,
            "is_ultra_restricted": false
        },
        "blocks": [
            {
                "type": "rich_text",
                "block_id": "7=Z",
                "elements": [
                    {
                        "type": "rich_text_section",
                        "elements": [
                            {
                                "type": "text",
                                "text": "pero te voy a enviar un dotación!"
                            }
                        ]
                    }
                ]
            }
        ]
    },
    {
        "client_msg_id": "dd4931af-fdea-45b4-b69e-d6a551c12f90",
        "type": "message",
        "text": "Te juro que si vivieras enUruguay no tomas café mas en tu vida. Es una porqueria lo que venden aca.",
        "user": "UM81W8B0Q",
        "ts": "1591969406.134500",
        "team": "TJH5YU202",
        "user_team": "TJH5YU202",
        "source_team": "TJH5YU202",
        "user_profile": {
            "avatar_hash": "gab9279ee8c0",
            "image_72": "https:\/\/secure.gravatar.com\/avatar\/73ab9279ee8c00f66ce4904d30146c8f.jpg?s=72&d=https%3A%2F%2Fa.slack-edge.com%2Fdf10d%2Fimg%2Favatars%2Fava_0010-72.png",
            "first_name": "",
            "real_name": "Angel Pais",
            "display_name": "Angel Pais",
            "team": "TJH5YU202",
            "name": "amigosam",
            "is_restricted": false,
            "is_ultra_restricted": false
        },
        "edited": {
            "user": "UM81W8B0Q",
            "ts": "1591969418.000000"
        },
        "blocks": [
            {
                "type": "rich_text",
                "block_id": "9nKDz",
                "elements": [
                    {
                        "type": "rich_text_section",
                        "elements": [
                            {
                                "type": "text",
                                "text": "Te juro que si vivieras enUruguay no tomas café mas en tu vida. Es una porqueria lo que venden aca."
                            }
                        ]
                    }
                ]
            }
        ]
    },
    {
        "client_msg_id": "c107256e-7b1c-4705-b2c7-8c80358ab42e",
        "type": "message",
        "text": "Estamos en un mercado dominado por los brasileños de NESTLE",
        "user": "UM81W8B0Q",
        "ts": "1591969432.135200",
        "team": "TJH5YU202",
        "user_team": "TJH5YU202",
        "source_team": "TJH5YU202",
        "user_profile": {
            "avatar_hash": "gab9279ee8c0",
            "image_72": "https:\/\/secure.gravatar.com\/avatar\/73ab9279ee8c00f66ce4904d30146c8f.jpg?s=72&d=https%3A%2F%2Fa.slack-edge.com%2Fdf10d%2Fimg%2Favatars%2Fava_0010-72.png",
            "first_name": "",
            "real_name": "Angel Pais",
            "display_name": "Angel Pais",
            "team": "TJH5YU202",
            "name": "amigosam",
            "is_restricted": false,
            "is_ultra_restricted": false
        },
        "blocks": [
            {
                "type": "rich_text",
                "block_id": "uhX",
                "elements": [
                    {
                        "type": "rich_text_section",
                        "elements": [
                            {
                                "type": "text",
                                "text": "Estamos en un mercado dominado por los brasileños de NESTLE"
                            }
                        ]
                    }
                ]
            }
        ]
    },
    {
        "client_msg_id": "f028e5b9-56c1-4fc0-a532-de266cb7297b",
        "type": "message",
        "text": "Bueno, hay de cafe a cafe, aqui también hay marcas que te dan agruras.",
        "user": "UJUSD6VB2",
        "ts": "1591969434.135300",
        "team": "TJH5YU202",
        "user_team": "TJH5YU202",
        "source_team": "TJH5YU202",
        "user_profile": {
            "avatar_hash": "g1677a02d0b6",
            "image_72": "https:\/\/secure.gravatar.com\/avatar\/bb1677a02d0b69ba91eb245090c7c83a.jpg?s=72&d=https%3A%2F%2Fa.slack-edge.com%2Fdf10d%2Fimg%2Favatars%2Fava_0015-72.png",
            "first_name": "",
            "real_name": "Osvaldo Ramirez",
            "display_name": "Osvaldo Ramirez",
            "team": "TJH5YU202",
            "name": "ramirezosvaldo",
            "is_restricted": false,
            "is_ultra_restricted": false
        },
        "blocks": [
            {
                "type": "rich_text",
                "block_id": "0X\/",
                "elements": [
                    {
                        "type": "rich_text_section",
                        "elements": [
                            {
                                "type": "text",
                                "text": "Bueno, hay de cafe a cafe, aqui también hay marcas que te dan agruras."
                            }
                        ]
                    }
                ]
            }
        ]
    },
    {
        "client_msg_id": "cd3efe3e-9369-4095-b9a0-68a0c9269bab",
        "type": "message",
        "text": ":grin:",
        "user": "UK28N3CER",
        "ts": "1591969451.135400",
        "team": "TJH5YU202",
        "user_team": "TJH5YU202",
        "source_team": "TJH5YU202",
        "user_profile": {
            "avatar_hash": "0eafa7153ff3",
            "image_72": "https:\/\/avatars.slack-edge.com\/2020-05-18\/1155120542496_0eafa7153ff35206c804_72.jpg",
            "first_name": "Cesar",
            "real_name": "Cesar SysCtrl Software",
            "display_name": "Cesar SysCtrl Software",
            "team": "TJH5YU202",
            "name": "sysctrlsoftware",
            "is_restricted": false,
            "is_ultra_restricted": false
        },
        "blocks": [
            {
                "type": "rich_text",
                "block_id": "2voH",
                "elements": [
                    {
                        "type": "rich_text_section",
                        "elements": [
                            {
                                "type": "emoji",
                                "name": "grin"
                            }
                        ]
                    }
                ]
            }
        ]
    }
]