[
    {
        "type": "message",
        "subtype": "channel_join",
        "ts": "1585416296.000200",
        "user": "UJN8D8U3B",
        "text": "<@UJN8D8U3B> se ha unido al canal"
    },
    {
        "type": "message",
        "subtype": "channel_purpose",
        "ts": "1585416296.000300",
        "user": "UJN8D8U3B",
        "text": "<@UJN8D8U3B> ha definido la finalidad del canal: Eres un friki y lo sabes... vente!",
        "purpose": "Eres un friki y lo sabes... vente!"
    },
    {
        "type": "message",
        "subtype": "channel_join",
        "ts": "1585416615.000500",
        "user": "UMZ3LNV5Z",
        "text": "<@UMZ3LNV5Z> se ha unido al canal"
    },
    {
        "client_msg_id": "063a1d41-459e-4687-9cfe-819914ecb04f",
        "type": "message",
        "text": "A ver... buscamos imagenes de \"VirtualBox\" realmente sorprendentes",
        "user": "UJN8D8U3B",
        "ts": "1585416660.000900",
        "team": "TJH5YU202",
        "user_team": "TJH5YU202",
        "source_team": "TJH5YU202",
        "user_profile": {
            "avatar_hash": "g92ad2abcc45",
            "image_72": "https:\/\/secure.gravatar.com\/avatar\/8492ad2abcc45ce53969adcf8420acde.jpg?s=72&d=https%3A%2F%2Fa.slack-edge.com%2Fdf10d%2Fimg%2Favatars%2Fava_0008-72.png",
            "first_name": "",
            "real_name": "Antonio Linares",
            "display_name": "Antonio Linares",
            "team": "TJH5YU202",
            "name": "alinares",
            "is_restricted": false,
            "is_ultra_restricted": false
        },
        "blocks": [
            {
                "type": "rich_text",
                "block_id": "cOx",
                "elements": [
                    {
                        "type": "rich_text_section",
                        "elements": [
                            {
                                "type": "text",
                                "text": "A ver... buscamos imagenes de \"VirtualBox\" realmente sorprendentes"
                            }
                        ]
                    }
                ]
            }
        ]
    },
    {
        "client_msg_id": "dff3a197-e002-4602-a8ae-9a72e9047adf",
        "type": "message",
        "text": "Las mias: OpenStep42 (la versión del sistema operativo de Apple cuando Jobs sale de Apple y crea los ordenadores Next)",
        "user": "UJN8D8U3B",
        "ts": "1585416960.001700",
        "team": "TJH5YU202",
        "user_team": "TJH5YU202",
        "source_team": "TJH5YU202",
        "user_profile": {
            "avatar_hash": "g92ad2abcc45",
            "image_72": "https:\/\/secure.gravatar.com\/avatar\/8492ad2abcc45ce53969adcf8420acde.jpg?s=72&d=https%3A%2F%2Fa.slack-edge.com%2Fdf10d%2Fimg%2Favatars%2Fava_0008-72.png",
            "first_name": "",
            "real_name": "Antonio Linares",
            "display_name": "Antonio Linares",
            "team": "TJH5YU202",
            "name": "alinares",
            "is_restricted": false,
            "is_ultra_restricted": false
        },
        "blocks": [
            {
                "type": "rich_text",
                "block_id": "\/wgJF",
                "elements": [
                    {
                        "type": "rich_text_section",
                        "elements": [
                            {
                                "type": "text",
                                "text": "Las mias: OpenStep42 (la versión del sistema operativo de Apple cuando Jobs sale de Apple y crea los ordenadores Next)"
                            }
                        ]
                    }
                ]
            }
        ]
    },
    {
        "client_msg_id": "02d2ff18-dbb1-4076-9a89-94f0ff1d71bd",
        "type": "message",
        "text": "OS2Warp de IBM",
        "user": "UJN8D8U3B",
        "ts": "1585416988.002000",
        "team": "TJH5YU202",
        "user_team": "TJH5YU202",
        "source_team": "TJH5YU202",
        "user_profile": {
            "avatar_hash": "g92ad2abcc45",
            "image_72": "https:\/\/secure.gravatar.com\/avatar\/8492ad2abcc45ce53969adcf8420acde.jpg?s=72&d=https%3A%2F%2Fa.slack-edge.com%2Fdf10d%2Fimg%2Favatars%2Fava_0008-72.png",
            "first_name": "",
            "real_name": "Antonio Linares",
            "display_name": "Antonio Linares",
            "team": "TJH5YU202",
            "name": "alinares",
            "is_restricted": false,
            "is_ultra_restricted": false
        },
        "blocks": [
            {
                "type": "rich_text",
                "block_id": "pgK",
                "elements": [
                    {
                        "type": "rich_text_section",
                        "elements": [
                            {
                                "type": "text",
                                "text": "OS2Warp de IBM"
                            }
                        ]
                    }
                ]
            }
        ]
    },
    {
        "client_msg_id": "73206eed-1567-4a7c-a115-f7a2f127ee8f",
        "type": "message",
        "text": "Se presupone que también teneis DosBox aparte de VirtualBox",
        "user": "UJN8D8U3B",
        "ts": "1585417092.002500",
        "team": "TJH5YU202",
        "user_team": "TJH5YU202",
        "source_team": "TJH5YU202",
        "user_profile": {
            "avatar_hash": "g92ad2abcc45",
            "image_72": "https:\/\/secure.gravatar.com\/avatar\/8492ad2abcc45ce53969adcf8420acde.jpg?s=72&d=https%3A%2F%2Fa.slack-edge.com%2Fdf10d%2Fimg%2Favatars%2Fava_0008-72.png",
            "first_name": "",
            "real_name": "Antonio Linares",
            "display_name": "Antonio Linares",
            "team": "TJH5YU202",
            "name": "alinares",
            "is_restricted": false,
            "is_ultra_restricted": false
        },
        "edited": {
            "user": "UJN8D8U3B",
            "ts": "1585417102.000000"
        },
        "blocks": [
            {
                "type": "rich_text",
                "block_id": "xaol8",
                "elements": [
                    {
                        "type": "rich_text_section",
                        "elements": [
                            {
                                "type": "text",
                                "text": "Se presupone que también teneis DosBox aparte de VirtualBox"
                            }
                        ]
                    }
                ]
            }
        ]
    },
    {
        "client_msg_id": "c0e54b11-de4e-4cb7-8845-824c17d7e171",
        "type": "message",
        "text": "<https:\/\/www.theverge.com\/2019\/6\/22\/18701365\/microsoft-windows-terminal-10-download-store-features>",
        "user": "UJN8D8U3B",
        "ts": "1585436780.002800",
        "team": "TJH5YU202",
        "user_team": "TJH5YU202",
        "source_team": "TJH5YU202",
        "user_profile": {
            "avatar_hash": "g92ad2abcc45",
            "image_72": "https:\/\/secure.gravatar.com\/avatar\/8492ad2abcc45ce53969adcf8420acde.jpg?s=72&d=https%3A%2F%2Fa.slack-edge.com%2Fdf10d%2Fimg%2Favatars%2Fava_0008-72.png",
            "first_name": "",
            "real_name": "Antonio Linares",
            "display_name": "Antonio Linares",
            "team": "TJH5YU202",
            "name": "alinares",
            "is_restricted": false,
            "is_ultra_restricted": false
        },
        "attachments": [
            {
                "service_name": "The Verge",
                "title": "Microsoft’s new Windows Terminal now available to download for Windows 10",
                "title_link": "https:\/\/www.theverge.com\/2019\/6\/22\/18701365\/microsoft-windows-terminal-10-download-store-features",
                "text": "Available in the Windows Store",
                "fallback": "The Verge: Microsoft’s new Windows Terminal now available to download for Windows 10",
                "image_url": "https:\/\/cdn.vox-cdn.com\/thumbor\/lYY88L6hzQKe-5eaNhiqVS12RSI=\/0x50:2560x1390\/fit-in\/1200x630\/cdn.vox-cdn.com\/uploads\/chorus_asset\/file\/16447688\/vs3Tt4Y.jpg",
                "image_width": 478,
                "image_height": 250,
                "ts": 1561194564,
                "from_url": "https:\/\/www.theverge.com\/2019\/6\/22\/18701365\/microsoft-windows-terminal-10-download-store-features",
                "image_bytes": 178536,
                "service_icon": "https:\/\/cdn.vox-cdn.com\/uploads\/chorus_asset\/file\/7395359\/ios-icon.0.png",
                "id": 1,
                "original_url": "https:\/\/www.theverge.com\/2019\/6\/22\/18701365\/microsoft-windows-terminal-10-download-store-features"
            }
        ],
        "blocks": [
            {
                "type": "rich_text",
                "block_id": "xez8",
                "elements": [
                    {
                        "type": "rich_text_section",
                        "elements": [
                            {
                                "type": "link",
                                "url": "https:\/\/www.theverge.com\/2019\/6\/22\/18701365\/microsoft-windows-terminal-10-download-store-features"
                            }
                        ]
                    }
                ]
            }
        ]
    }
]