[
    {
        "client_msg_id": "bf380fd0-5acc-4765-b2b4-3173d20a504d",
        "type": "message",
        "text": "Hello friends,\nWe are currently preparing the new newsletter.\nCan you send me a few lines telling about your mod harbour project so that I can print it out in the newsletter?\nWith kind regards\nOtto",
        "user": "UJHD6A81H",
        "ts": "1582533841.034600",
        "team": "TJH5YU202",
        "user_team": "TJH5YU202",
        "source_team": "TJH5YU202",
        "user_profile": {
            "avatar_hash": "g6b8073e00e9",
            "image_72": "https:\/\/secure.gravatar.com\/avatar\/b96b8073e00e9eb02bcf05bc1418eb3a.jpg?s=72&d=https%3A%2F%2Fa.slack-edge.com%2Fdf10d%2Fimg%2Favatars%2Fava_0021-72.png",
            "first_name": "Otto",
            "real_name": "Otto Atzwanger",
            "display_name": "Otto",
            "team": "TJH5YU202",
            "name": "otto",
            "is_restricted": false,
            "is_ultra_restricted": false
        },
        "blocks": [
            {
                "type": "rich_text",
                "block_id": "7ApOe",
                "elements": [
                    {
                        "type": "rich_text_section",
                        "elements": [
                            {
                                "type": "text",
                                "text": "Hello friends,\nWe are currently preparing the new newsletter.\nCan you send me a few lines telling about your mod harbour project so that I can print it out in the newsletter?\nWith kind regards\nOtto"
                            }
                        ]
                    }
                ]
            }
        ]
    },
    {
        "client_msg_id": "cd7c8438-a038-49b7-90b0-07bedb637481",
        "type": "message",
        "text": "alguien me puede orientar a su manera de ve entender, cual es la diferencia entre un web.service &amp; servidor web ?",
        "user": "UK28N3CER",
        "ts": "1582572589.035700",
        "team": "TJH5YU202",
        "user_team": "TJH5YU202",
        "source_team": "TJH5YU202",
        "user_profile": {
            "avatar_hash": "bf50b53e78b3",
            "image_72": "https:\/\/avatars.slack-edge.com\/2020-04-13\/1058586385811_bf50b53e78b35822be35_72.png",
            "first_name": "Cesar",
            "real_name": "Cesar SysCtrl Software",
            "display_name": "Cesar SysCtrl Software",
            "team": "TJH5YU202",
            "name": "sysctrlsoftware",
            "is_restricted": false,
            "is_ultra_restricted": false
        },
        "blocks": [
            {
                "type": "rich_text",
                "block_id": "0SUix",
                "elements": [
                    {
                        "type": "rich_text_section",
                        "elements": [
                            {
                                "type": "text",
                                "text": "alguien me puede orientar a su manera de ve entender, cual es la diferencia entre un web.service & servidor web ?"
                            }
                        ]
                    }
                ]
            }
        ]
    },
    {
        "client_msg_id": "60dedd3d-e2c3-410d-8162-21f6e462a999",
        "type": "message",
        "text": "En el sentido más amplio, el servidor es el programa que se encarga de atender las peticiones HTTP, asegurarse de que la salida es HTTP y va a la dirección IP de respuesta, etcétera. El servidor le pasa la petición a un servicio que genera la respuesta, aunque sea un servicio que sirve un fichero del sistema de ficheros.",
        "user": "UNAHBRTFA",
        "ts": "1582572699.037100",
        "team": "TJH5YU202",
        "user_team": "TJH5YU202",
        "source_team": "TJH5YU202",
        "user_profile": {
            "avatar_hash": "g3d2a3f4c28c",
            "image_72": "https:\/\/secure.gravatar.com\/avatar\/23d2a3f4c28cebb4cf07e48d02620517.jpg?s=72&d=https%3A%2F%2Fa.slack-edge.com%2Fdf10d%2Fimg%2Favatars%2Fava_0020-72.png",
            "first_name": "Andreu",
            "real_name": "Andreu Botella",
            "display_name": "Andreu Botella",
            "team": "TJH5YU202",
            "name": "andreu.132",
            "is_restricted": false,
            "is_ultra_restricted": false
        },
        "edited": {
            "user": "UNAHBRTFA",
            "ts": "1582573339.000000"
        },
        "blocks": [
            {
                "type": "rich_text",
                "block_id": "1mNN5",
                "elements": [
                    {
                        "type": "rich_text_section",
                        "elements": [
                            {
                                "type": "text",
                                "text": "En el sentido más amplio, el servidor es el programa que se encarga de atender las peticiones HTTP, asegurarse de que la salida es HTTP y va a la dirección IP de respuesta, etcétera. El servidor le pasa la petición a un servicio que genera la respuesta, aunque sea un servicio que sirve un fichero del sistema de ficheros."
                            }
                        ]
                    }
                ]
            }
        ]
    },
    {
        "client_msg_id": "37a6cdab-bd1d-4f1d-97fa-4a68d214a2ef",
        "type": "message",
        "text": "Ahora bien, \"web service\" se suele usar para URLs interactivas que, en vez de servir una página HTML, sirven una respuesta en algún formato como JSON o XML",
        "user": "UNAHBRTFA",
        "ts": "1582572779.038500",
        "team": "TJH5YU202",
        "user_team": "TJH5YU202",
        "source_team": "TJH5YU202",
        "user_profile": {
            "avatar_hash": "g3d2a3f4c28c",
            "image_72": "https:\/\/secure.gravatar.com\/avatar\/23d2a3f4c28cebb4cf07e48d02620517.jpg?s=72&d=https%3A%2F%2Fa.slack-edge.com%2Fdf10d%2Fimg%2Favatars%2Fava_0020-72.png",
            "first_name": "Andreu",
            "real_name": "Andreu Botella",
            "display_name": "Andreu Botella",
            "team": "TJH5YU202",
            "name": "andreu.132",
            "is_restricted": false,
            "is_ultra_restricted": false
        },
        "blocks": [
            {
                "type": "rich_text",
                "block_id": "NbR",
                "elements": [
                    {
                        "type": "rich_text_section",
                        "elements": [
                            {
                                "type": "text",
                                "text": "Ahora bien, \"web service\" se suele usar para URLs interactivas que, en vez de servir una página HTML, sirven una respuesta en algún formato como JSON o XML"
                            }
                        ]
                    }
                ]
            }
        ]
    },
    {
        "client_msg_id": "b6aa71fc-6398-42e8-9df6-3d911ba5e262",
        "type": "message",
        "text": "Lo que es básicamente un API al que llamas a través de la web",
        "user": "UNAHBRTFA",
        "ts": "1582572848.039500",
        "team": "TJH5YU202",
        "user_team": "TJH5YU202",
        "source_team": "TJH5YU202",
        "user_profile": {
            "avatar_hash": "g3d2a3f4c28c",
            "image_72": "https:\/\/secure.gravatar.com\/avatar\/23d2a3f4c28cebb4cf07e48d02620517.jpg?s=72&d=https%3A%2F%2Fa.slack-edge.com%2Fdf10d%2Fimg%2Favatars%2Fava_0020-72.png",
            "first_name": "Andreu",
            "real_name": "Andreu Botella",
            "display_name": "Andreu Botella",
            "team": "TJH5YU202",
            "name": "andreu.132",
            "is_restricted": false,
            "is_ultra_restricted": false
        },
        "blocks": [
            {
                "type": "rich_text",
                "block_id": "R08n",
                "elements": [
                    {
                        "type": "rich_text_section",
                        "elements": [
                            {
                                "type": "text",
                                "text": "Lo que es básicamente un API al que llamas a través de la web"
                            }
                        ]
                    }
                ]
            }
        ]
    },
    {
        "client_msg_id": "b9349139-856d-4064-8a57-3f2daf150628",
        "type": "message",
        "text": "<@UK28N3CER> El web server despacha tanto web services como paginas web, los web services los visitan programas y las páginas las vistan humanos. Por eso las chicas en bikini se ven mejor en una página normal que en un web service",
        "user": "UMZ3LNV5Z",
        "ts": "1582572987.041400",
        "team": "TJH5YU202",
        "user_team": "TJH5YU202",
        "source_team": "TJH5YU202",
        "user_profile": {
            "avatar_hash": "0705cbdb2dc9",
            "image_72": "https:\/\/avatars.slack-edge.com\/2020-02-24\/967980533062_0705cbdb2dc9cb3644bb_72.jpg",
            "first_name": "Pablo",
            "real_name": "Pablo Botella",
            "display_name": "Pablo Botella",
            "team": "TJH5YU202",
            "name": "pb",
            "is_restricted": false,
            "is_ultra_restricted": false
        },
        "blocks": [
            {
                "type": "rich_text",
                "block_id": "noDl",
                "elements": [
                    {
                        "type": "rich_text_section",
                        "elements": [
                            {
                                "type": "user",
                                "user_id": "UK28N3CER"
                            },
                            {
                                "type": "text",
                                "text": " El web server despacha tanto web services como paginas web, los web services los visitan programas y las páginas las vistan humanos. Por eso las chicas en bikini se ven mejor en una página normal que en un web service"
                            }
                        ]
                    }
                ]
            }
        ]
    },
    {
        "client_msg_id": "2b9b6276-494c-4ccf-970b-503a6dd14110",
        "type": "message",
        "text": "upss mejor explicado no podria ser, Gracias Andreu,  Gracias Pablo",
        "user": "UK28N3CER",
        "ts": "1582573038.042100",
        "team": "TJH5YU202",
        "user_team": "TJH5YU202",
        "source_team": "TJH5YU202",
        "user_profile": {
            "avatar_hash": "bf50b53e78b3",
            "image_72": "https:\/\/avatars.slack-edge.com\/2020-04-13\/1058586385811_bf50b53e78b35822be35_72.png",
            "first_name": "Cesar",
            "real_name": "Cesar SysCtrl Software",
            "display_name": "Cesar SysCtrl Software",
            "team": "TJH5YU202",
            "name": "sysctrlsoftware",
            "is_restricted": false,
            "is_ultra_restricted": false
        },
        "blocks": [
            {
                "type": "rich_text",
                "block_id": "OJ6b",
                "elements": [
                    {
                        "type": "rich_text_section",
                        "elements": [
                            {
                                "type": "text",
                                "text": "upss mejor explicado no podria ser, Gracias Andreu,  Gracias Pablo"
                            }
                        ]
                    }
                ]
            }
        ]
    },
    {
        "client_msg_id": "23739968-2e0d-4250-84eb-7ab4d4565bd3",
        "type": "message",
        "text": "tenia esa duda y me la acaban de aclarar.",
        "user": "UK28N3CER",
        "ts": "1582573049.042500",
        "team": "TJH5YU202",
        "user_team": "TJH5YU202",
        "source_team": "TJH5YU202",
        "user_profile": {
            "avatar_hash": "bf50b53e78b3",
            "image_72": "https:\/\/avatars.slack-edge.com\/2020-04-13\/1058586385811_bf50b53e78b35822be35_72.png",
            "first_name": "Cesar",
            "real_name": "Cesar SysCtrl Software",
            "display_name": "Cesar SysCtrl Software",
            "team": "TJH5YU202",
            "name": "sysctrlsoftware",
            "is_restricted": false,
            "is_ultra_restricted": false
        },
        "blocks": [
            {
                "type": "rich_text",
                "block_id": "KS35",
                "elements": [
                    {
                        "type": "rich_text_section",
                        "elements": [
                            {
                                "type": "text",
                                "text": "tenia esa duda y me la acaban de aclarar."
                            }
                        ]
                    }
                ]
            }
        ]
    },
    {
        "client_msg_id": "4dd15f8b-04e3-4f50-89b9-8ec5ab98fbbe",
        "type": "message",
        "text": "alguien a trabajado con recolectores de datos como lo Handheld y despues llevar los datos a una base de datos sql o dbf ?",
        "user": "UK28N3CER",
        "ts": "1582573154.043700",
        "team": "TJH5YU202",
        "user_team": "TJH5YU202",
        "source_team": "TJH5YU202",
        "user_profile": {
            "avatar_hash": "bf50b53e78b3",
            "image_72": "https:\/\/avatars.slack-edge.com\/2020-04-13\/1058586385811_bf50b53e78b35822be35_72.png",
            "first_name": "Cesar",
            "real_name": "Cesar SysCtrl Software",
            "display_name": "Cesar SysCtrl Software",
            "team": "TJH5YU202",
            "name": "sysctrlsoftware",
            "is_restricted": false,
            "is_ultra_restricted": false
        },
        "blocks": [
            {
                "type": "rich_text",
                "block_id": "xmH",
                "elements": [
                    {
                        "type": "rich_text_section",
                        "elements": [
                            {
                                "type": "text",
                                "text": "alguien a trabajado con recolectores de datos como lo Handheld y despues llevar los datos a una base de datos sql o dbf ?"
                            }
                        ]
                    }
                ]
            }
        ]
    },
    {
        "client_msg_id": "bfc900d5-83f1-4db0-9920-9566ed3052ae",
        "type": "message",
        "text": "Si amigo Cesar tengo un app desde 2005 si mas bien me acuerdo, es un programa que hice son harbour y trabaja en una symbol serie mc",
        "user": "UJUSD6VB2",
        "ts": "1582574542.045100",
        "team": "TJH5YU202",
        "user_team": "TJH5YU202",
        "source_team": "TJH5YU202",
        "user_profile": {
            "avatar_hash": "g1677a02d0b6",
            "image_72": "https:\/\/secure.gravatar.com\/avatar\/bb1677a02d0b69ba91eb245090c7c83a.jpg?s=72&d=https%3A%2F%2Fa.slack-edge.com%2Fdf10d%2Fimg%2Favatars%2Fava_0015-72.png",
            "first_name": "",
            "real_name": "Osvaldo Ramirez",
            "display_name": "Osvaldo Ramirez",
            "team": "TJH5YU202",
            "name": "ramirezosvaldo",
            "is_restricted": false,
            "is_ultra_restricted": false
        },
        "blocks": [
            {
                "type": "rich_text",
                "block_id": "67eg",
                "elements": [
                    {
                        "type": "rich_text_section",
                        "elements": [
                            {
                                "type": "text",
                                "text": "Si amigo Cesar tengo un app desde 2005 si mas bien me acuerdo, es un programa que hice son harbour y trabaja en una symbol serie mc"
                            }
                        ]
                    }
                ]
            }
        ]
    },
    {
        "client_msg_id": "e750ba71-3366-4a8f-97b6-ca1ef95758f4",
        "type": "message",
        "text": "Deja busco el modelo....",
        "user": "UJUSD6VB2",
        "ts": "1582574552.045500",
        "team": "TJH5YU202",
        "user_team": "TJH5YU202",
        "source_team": "TJH5YU202",
        "user_profile": {
            "avatar_hash": "g1677a02d0b6",
            "image_72": "https:\/\/secure.gravatar.com\/avatar\/bb1677a02d0b69ba91eb245090c7c83a.jpg?s=72&d=https%3A%2F%2Fa.slack-edge.com%2Fdf10d%2Fimg%2Favatars%2Fava_0015-72.png",
            "first_name": "",
            "real_name": "Osvaldo Ramirez",
            "display_name": "Osvaldo Ramirez",
            "team": "TJH5YU202",
            "name": "ramirezosvaldo",
            "is_restricted": false,
            "is_ultra_restricted": false
        },
        "blocks": [
            {
                "type": "rich_text",
                "block_id": "3=iGm",
                "elements": [
                    {
                        "type": "rich_text_section",
                        "elements": [
                            {
                                "type": "text",
                                "text": "Deja busco el modelo...."
                            }
                        ]
                    }
                ]
            }
        ]
    },
    {
        "client_msg_id": "a9516b17-1ff7-48f8-a926-e40221a57827",
        "type": "message",
        "text": "mc3090",
        "user": "UJUSD6VB2",
        "ts": "1582574578.045700",
        "team": "TJH5YU202",
        "user_team": "TJH5YU202",
        "source_team": "TJH5YU202",
        "user_profile": {
            "avatar_hash": "g1677a02d0b6",
            "image_72": "https:\/\/secure.gravatar.com\/avatar\/bb1677a02d0b69ba91eb245090c7c83a.jpg?s=72&d=https%3A%2F%2Fa.slack-edge.com%2Fdf10d%2Fimg%2Favatars%2Fava_0015-72.png",
            "first_name": "",
            "real_name": "Osvaldo Ramirez",
            "display_name": "Osvaldo Ramirez",
            "team": "TJH5YU202",
            "name": "ramirezosvaldo",
            "is_restricted": false,
            "is_ultra_restricted": false
        },
        "blocks": [
            {
                "type": "rich_text",
                "block_id": "X4bC",
                "elements": [
                    {
                        "type": "rich_text_section",
                        "elements": [
                            {
                                "type": "text",
                                "text": "mc3090"
                            }
                        ]
                    }
                ]
            }
        ]
    },
    {
        "client_msg_id": "575bf4f0-395d-42f5-ad7d-69225140be1a",
        "type": "message",
        "text": "Basicamente lo que hace ( dado las limitante  del os  en abrir archivos compartidos ), es sacaner un SKU\/Barcode, ir a buscarlo en una computadora, leer informacion del SKU, presentarlo en la pantallita y grabar la informacion de inventario físico actual. Para Posteriormente descargarlo en otra PC como inventario físico tomado.",
        "user": "UJUSD6VB2",
        "ts": "1582574670.047500",
        "team": "TJH5YU202",
        "user_team": "TJH5YU202",
        "source_team": "TJH5YU202",
        "user_profile": {
            "avatar_hash": "g1677a02d0b6",
            "image_72": "https:\/\/secure.gravatar.com\/avatar\/bb1677a02d0b69ba91eb245090c7c83a.jpg?s=72&d=https%3A%2F%2Fa.slack-edge.com%2Fdf10d%2Fimg%2Favatars%2Fava_0015-72.png",
            "first_name": "",
            "real_name": "Osvaldo Ramirez",
            "display_name": "Osvaldo Ramirez",
            "team": "TJH5YU202",
            "name": "ramirezosvaldo",
            "is_restricted": false,
            "is_ultra_restricted": false
        },
        "blocks": [
            {
                "type": "rich_text",
                "block_id": "J8n",
                "elements": [
                    {
                        "type": "rich_text_section",
                        "elements": [
                            {
                                "type": "text",
                                "text": "Basicamente lo que hace ( dado las limitante  del os  en abrir archivos compartidos ), es sacaner un SKU\/Barcode, ir a buscarlo en una computadora, leer informacion del SKU, presentarlo en la pantallita y grabar la informacion de inventario físico actual. Para Posteriormente descargarlo en otra PC como inventario físico tomado."
                            }
                        ]
                    }
                ]
            }
        ]
    },
    {
        "client_msg_id": "c6fe8db5-ebde-4223-b311-7185dbdf0c34",
        "type": "message",
        "text": "Gracias Osvaldo,",
        "user": "UK28N3CER",
        "ts": "1582575576.048600",
        "team": "TJH5YU202",
        "user_team": "TJH5YU202",
        "source_team": "TJH5YU202",
        "user_profile": {
            "avatar_hash": "bf50b53e78b3",
            "image_72": "https:\/\/avatars.slack-edge.com\/2020-04-13\/1058586385811_bf50b53e78b35822be35_72.png",
            "first_name": "Cesar",
            "real_name": "Cesar SysCtrl Software",
            "display_name": "Cesar SysCtrl Software",
            "team": "TJH5YU202",
            "name": "sysctrlsoftware",
            "is_restricted": false,
            "is_ultra_restricted": false
        },
        "blocks": [
            {
                "type": "rich_text",
                "block_id": "rxfx",
                "elements": [
                    {
                        "type": "rich_text_section",
                        "elements": [
                            {
                                "type": "text",
                                "text": "Gracias Osvaldo,"
                            }
                        ]
                    }
                ]
            }
        ]
    },
    {
        "client_msg_id": "e8ce5b41-5ae0-47de-88c9-6c6c56369683",
        "type": "message",
        "text": "Las chicas en bikini me han desconcentrado :smile:",
        "user": "UJN8D8U3B",
        "ts": "1582576077.049000",
        "team": "TJH5YU202",
        "user_team": "TJH5YU202",
        "source_team": "TJH5YU202",
        "user_profile": {
            "avatar_hash": "g92ad2abcc45",
            "image_72": "https:\/\/secure.gravatar.com\/avatar\/8492ad2abcc45ce53969adcf8420acde.jpg?s=72&d=https%3A%2F%2Fa.slack-edge.com%2Fdf10d%2Fimg%2Favatars%2Fava_0008-72.png",
            "first_name": "",
            "real_name": "Antonio Linares",
            "display_name": "Antonio Linares",
            "team": "TJH5YU202",
            "name": "alinares",
            "is_restricted": false,
            "is_ultra_restricted": false
        },
        "blocks": [
            {
                "type": "rich_text",
                "block_id": "8f9",
                "elements": [
                    {
                        "type": "rich_text_section",
                        "elements": [
                            {
                                "type": "text",
                                "text": "Las chicas en bikini me han desconcentrado "
                            },
                            {
                                "type": "emoji",
                                "name": "smile"
                            }
                        ]
                    }
                ]
            }
        ]
    },
    {
        "client_msg_id": "a4a95456-87bd-4d66-bc70-bf38a57ebdd5",
        "type": "message",
        "text": "Pues es muy buena explicacion...",
        "user": "UJWR5N32S",
        "ts": "1582576113.049800",
        "team": "TJH5YU202",
        "user_team": "TJH5YU202",
        "source_team": "TJH5YU202",
        "user_profile": {
            "avatar_hash": "273d3745f7ae",
            "image_72": "https:\/\/avatars.slack-edge.com\/2019-05-20\/634344238497_273d3745f7ae1b176b82_72.jpg",
            "first_name": "Charly",
            "real_name": "Charly",
            "display_name": "Charly",
            "team": "TJH5YU202",
            "name": "carles9000",
            "is_restricted": false,
            "is_ultra_restricted": false
        },
        "blocks": [
            {
                "type": "rich_text",
                "block_id": "XJf16",
                "elements": [
                    {
                        "type": "rich_text_section",
                        "elements": [
                            {
                                "type": "text",
                                "text": "Pues es muy buena explicacion..."
                            }
                        ]
                    }
                ]
            }
        ]
    },
    {
        "client_msg_id": "d9f2186e-196f-48da-a648-a36938f04c42",
        "type": "message",
        "text": "buenisima",
        "user": "UJN8D8U3B",
        "ts": "1582576117.050000",
        "team": "TJH5YU202",
        "user_team": "TJH5YU202",
        "source_team": "TJH5YU202",
        "user_profile": {
            "avatar_hash": "g92ad2abcc45",
            "image_72": "https:\/\/secure.gravatar.com\/avatar\/8492ad2abcc45ce53969adcf8420acde.jpg?s=72&d=https%3A%2F%2Fa.slack-edge.com%2Fdf10d%2Fimg%2Favatars%2Fava_0008-72.png",
            "first_name": "",
            "real_name": "Antonio Linares",
            "display_name": "Antonio Linares",
            "team": "TJH5YU202",
            "name": "alinares",
            "is_restricted": false,
            "is_ultra_restricted": false
        },
        "blocks": [
            {
                "type": "rich_text",
                "block_id": "y\/83",
                "elements": [
                    {
                        "type": "rich_text_section",
                        "elements": [
                            {
                                "type": "text",
                                "text": "buenisima"
                            }
                        ]
                    }
                ]
            }
        ]
    },
    {
        "client_msg_id": "35c49d2d-988d-4cac-bc91-d4ae12e23a57",
        "type": "message",
        "text": "Se nota q es un tio maduro y no un bollicao... :stuck_out_tongue: :rolling_on_the_floor_laughing: :rolling_on_the_floor_laughing: :rolling_on_the_floor_laughing:",
        "user": "UJWR5N32S",
        "ts": "1582576148.050700",
        "team": "TJH5YU202",
        "user_team": "TJH5YU202",
        "source_team": "TJH5YU202",
        "user_profile": {
            "avatar_hash": "273d3745f7ae",
            "image_72": "https:\/\/avatars.slack-edge.com\/2019-05-20\/634344238497_273d3745f7ae1b176b82_72.jpg",
            "first_name": "Charly",
            "real_name": "Charly",
            "display_name": "Charly",
            "team": "TJH5YU202",
            "name": "carles9000",
            "is_restricted": false,
            "is_ultra_restricted": false
        },
        "blocks": [
            {
                "type": "rich_text",
                "block_id": "REmH",
                "elements": [
                    {
                        "type": "rich_text_section",
                        "elements": [
                            {
                                "type": "text",
                                "text": "Se nota q es un tio maduro y no un bollicao... "
                            },
                            {
                                "type": "emoji",
                                "name": "stuck_out_tongue"
                            },
                            {
                                "type": "text",
                                "text": " "
                            },
                            {
                                "type": "emoji",
                                "name": "rolling_on_the_floor_laughing"
                            },
                            {
                                "type": "text",
                                "text": " "
                            },
                            {
                                "type": "emoji",
                                "name": "rolling_on_the_floor_laughing"
                            },
                            {
                                "type": "text",
                                "text": " "
                            },
                            {
                                "type": "emoji",
                                "name": "rolling_on_the_floor_laughing"
                            }
                        ]
                    }
                ]
            }
        ],
        "reactions": [
            {
                "name": "sunglasses",
                "users": [
                    "UMZ3LNV5Z"
                ],
                "count": 1
            }
        ]
    },
    {
        "client_msg_id": "df2a67d3-e067-4b67-97e1-dc39a8882723",
        "type": "message",
        "text": "<@UMZ3LNV5Z> es el alumno mas avanzado de <@UM81W8B0Q>",
        "user": "UK28N3CER",
        "ts": "1582576331.051800",
        "team": "TJH5YU202",
        "user_team": "TJH5YU202",
        "source_team": "TJH5YU202",
        "user_profile": {
            "avatar_hash": "bf50b53e78b3",
            "image_72": "https:\/\/avatars.slack-edge.com\/2020-04-13\/1058586385811_bf50b53e78b35822be35_72.png",
            "first_name": "Cesar",
            "real_name": "Cesar SysCtrl Software",
            "display_name": "Cesar SysCtrl Software",
            "team": "TJH5YU202",
            "name": "sysctrlsoftware",
            "is_restricted": false,
            "is_ultra_restricted": false
        },
        "blocks": [
            {
                "type": "rich_text",
                "block_id": "KLdt",
                "elements": [
                    {
                        "type": "rich_text_section",
                        "elements": [
                            {
                                "type": "user",
                                "user_id": "UMZ3LNV5Z"
                            },
                            {
                                "type": "text",
                                "text": " es el alumno mas avanzado de "
                            },
                            {
                                "type": "user",
                                "user_id": "UM81W8B0Q"
                            }
                        ]
                    }
                ]
            }
        ]
    },
    {
        "client_msg_id": "30c91cfd-f991-4483-bc0b-136679969344",
        "type": "message",
        "text": "Y si es invierno ? Se ven mas pequeñas ?",
        "user": "UM81W8B0Q",
        "ts": "1582576879.052900",
        "team": "TJH5YU202",
        "user_team": "TJH5YU202",
        "source_team": "TJH5YU202",
        "user_profile": {
            "avatar_hash": "gab9279ee8c0",
            "image_72": "https:\/\/secure.gravatar.com\/avatar\/73ab9279ee8c00f66ce4904d30146c8f.jpg?s=72&d=https%3A%2F%2Fa.slack-edge.com%2Fdf10d%2Fimg%2Favatars%2Fava_0010-72.png",
            "first_name": "",
            "real_name": "Angel Pais",
            "display_name": "Angel Pais",
            "team": "TJH5YU202",
            "name": "amigosam",
            "is_restricted": false,
            "is_ultra_restricted": false
        },
        "blocks": [
            {
                "type": "rich_text",
                "block_id": "XMic",
                "elements": [
                    {
                        "type": "rich_text_section",
                        "elements": [
                            {
                                "type": "text",
                                "text": "Y si es invierno ? Se ven mas pequeñas ?"
                            }
                        ]
                    }
                ]
            }
        ]
    },
    {
        "client_msg_id": "d74d9eed-ca44-4486-9bd4-2313f7b2571a",
        "type": "message",
        "text": "O con rompevientos ?",
        "user": "UM81W8B0Q",
        "ts": "1582576902.053200",
        "team": "TJH5YU202",
        "user_team": "TJH5YU202",
        "source_team": "TJH5YU202",
        "user_profile": {
            "avatar_hash": "gab9279ee8c0",
            "image_72": "https:\/\/secure.gravatar.com\/avatar\/73ab9279ee8c00f66ce4904d30146c8f.jpg?s=72&d=https%3A%2F%2Fa.slack-edge.com%2Fdf10d%2Fimg%2Favatars%2Fava_0010-72.png",
            "first_name": "",
            "real_name": "Angel Pais",
            "display_name": "Angel Pais",
            "team": "TJH5YU202",
            "name": "amigosam",
            "is_restricted": false,
            "is_ultra_restricted": false
        },
        "blocks": [
            {
                "type": "rich_text",
                "block_id": "59U5",
                "elements": [
                    {
                        "type": "rich_text_section",
                        "elements": [
                            {
                                "type": "text",
                                "text": "O con rompevientos ?"
                            }
                        ]
                    }
                ]
            }
        ]
    },
    {
        "client_msg_id": "1b9950c8-2927-4881-9144-66eb9612187e",
        "type": "message",
        "text": "Amigo, angel se le aplica una función zip solamente.",
        "user": "UJUSD6VB2",
        "ts": "1582576953.053600",
        "team": "TJH5YU202",
        "user_team": "TJH5YU202",
        "source_team": "TJH5YU202",
        "user_profile": {
            "avatar_hash": "g1677a02d0b6",
            "image_72": "https:\/\/secure.gravatar.com\/avatar\/bb1677a02d0b69ba91eb245090c7c83a.jpg?s=72&d=https%3A%2F%2Fa.slack-edge.com%2Fdf10d%2Fimg%2Favatars%2Fava_0015-72.png",
            "first_name": "",
            "real_name": "Osvaldo Ramirez",
            "display_name": "Osvaldo Ramirez",
            "team": "TJH5YU202",
            "name": "ramirezosvaldo",
            "is_restricted": false,
            "is_ultra_restricted": false
        },
        "blocks": [
            {
                "type": "rich_text",
                "block_id": "Ge577",
                "elements": [
                    {
                        "type": "rich_text_section",
                        "elements": [
                            {
                                "type": "text",
                                "text": "Amigo, angel se le aplica una función zip solamente."
                            }
                        ]
                    }
                ]
            }
        ]
    },
    {
        "client_msg_id": "ec9c2fe8-637a-461a-87e8-2d8600790914",
        "type": "message",
        "text": "Ohh",
        "user": "UM81W8B0Q",
        "ts": "1582576961.053800",
        "team": "TJH5YU202",
        "user_team": "TJH5YU202",
        "source_team": "TJH5YU202",
        "user_profile": {
            "avatar_hash": "gab9279ee8c0",
            "image_72": "https:\/\/secure.gravatar.com\/avatar\/73ab9279ee8c00f66ce4904d30146c8f.jpg?s=72&d=https%3A%2F%2Fa.slack-edge.com%2Fdf10d%2Fimg%2Favatars%2Fava_0010-72.png",
            "first_name": "",
            "real_name": "Angel Pais",
            "display_name": "Angel Pais",
            "team": "TJH5YU202",
            "name": "amigosam",
            "is_restricted": false,
            "is_ultra_restricted": false
        },
        "blocks": [
            {
                "type": "rich_text",
                "block_id": "wAJw",
                "elements": [
                    {
                        "type": "rich_text_section",
                        "elements": [
                            {
                                "type": "text",
                                "text": "Ohh"
                            }
                        ]
                    }
                ]
            }
        ]
    },
    {
        "client_msg_id": "f5f80393-b200-4b34-b877-f8fbc47d7ba3",
        "type": "message",
        "text": ":grin:",
        "user": "UK28N3CER",
        "ts": "1582577006.054000",
        "team": "TJH5YU202",
        "user_team": "TJH5YU202",
        "source_team": "TJH5YU202",
        "user_profile": {
            "avatar_hash": "bf50b53e78b3",
            "image_72": "https:\/\/avatars.slack-edge.com\/2020-04-13\/1058586385811_bf50b53e78b35822be35_72.png",
            "first_name": "Cesar",
            "real_name": "Cesar SysCtrl Software",
            "display_name": "Cesar SysCtrl Software",
            "team": "TJH5YU202",
            "name": "sysctrlsoftware",
            "is_restricted": false,
            "is_ultra_restricted": false
        },
        "blocks": [
            {
                "type": "rich_text",
                "block_id": "p0Zmc",
                "elements": [
                    {
                        "type": "rich_text_section",
                        "elements": [
                            {
                                "type": "emoji",
                                "name": "grin"
                            }
                        ]
                    }
                ]
            }
        ]
    },
    {
        "client_msg_id": "8f3cac08-50b2-46e2-98d4-5bc879ffe1fe",
        "type": "message",
        "text": "Bon dia ! :muscle:",
        "user": "UJWR5N32S",
        "ts": "1582610758.054400",
        "team": "TJH5YU202",
        "user_team": "TJH5YU202",
        "source_team": "TJH5YU202",
        "user_profile": {
            "avatar_hash": "273d3745f7ae",
            "image_72": "https:\/\/avatars.slack-edge.com\/2019-05-20\/634344238497_273d3745f7ae1b176b82_72.jpg",
            "first_name": "Charly",
            "real_name": "Charly",
            "display_name": "Charly",
            "team": "TJH5YU202",
            "name": "carles9000",
            "is_restricted": false,
            "is_ultra_restricted": false
        },
        "blocks": [
            {
                "type": "rich_text",
                "block_id": "70H1f",
                "elements": [
                    {
                        "type": "rich_text_section",
                        "elements": [
                            {
                                "type": "text",
                                "text": "Bon dia ! "
                            },
                            {
                                "type": "emoji",
                                "name": "muscle"
                            }
                        ]
                    }
                ]
            }
        ]
    },
    {
        "client_msg_id": "0c5a02cf-1cdd-4cac-87e7-d5f62183deff",
        "type": "message",
        "text": "buenos dias :sunny:",
        "user": "UJN8D8U3B",
        "ts": "1582615222.054700",
        "team": "TJH5YU202",
        "user_team": "TJH5YU202",
        "source_team": "TJH5YU202",
        "user_profile": {
            "avatar_hash": "g92ad2abcc45",
            "image_72": "https:\/\/secure.gravatar.com\/avatar\/8492ad2abcc45ce53969adcf8420acde.jpg?s=72&d=https%3A%2F%2Fa.slack-edge.com%2Fdf10d%2Fimg%2Favatars%2Fava_0008-72.png",
            "first_name": "",
            "real_name": "Antonio Linares",
            "display_name": "Antonio Linares",
            "team": "TJH5YU202",
            "name": "alinares",
            "is_restricted": false,
            "is_ultra_restricted": false
        },
        "blocks": [
            {
                "type": "rich_text",
                "block_id": "=Cf",
                "elements": [
                    {
                        "type": "rich_text_section",
                        "elements": [
                            {
                                "type": "text",
                                "text": "buenos dias "
                            },
                            {
                                "type": "emoji",
                                "name": "sunny"
                            }
                        ]
                    }
                ]
            }
        ]
    }
]