[
    {
        "client_msg_id": "1471e846-a1e5-459b-b1a3-792b7497acd2",
        "type": "message",
        "text": "con el permiso de los srs voy a dormir",
        "user": "UJXP7LS78",
        "ts": "1584255949.111100",
        "team": "TJH5YU202",
        "user_team": "TJH5YU202",
        "source_team": "TJH5YU202",
        "user_profile": {
            "avatar_hash": "gc4a0baebb72",
            "image_72": "https:\/\/secure.gravatar.com\/avatar\/a1c4a0baebb720b97e5a197259dbf409.jpg?s=72&d=https%3A%2F%2Fa.slack-edge.com%2Fdf10d%2Fimg%2Favatars%2Fava_0007-72.png",
            "first_name": "",
            "real_name": "wilson gamboa",
            "display_name": "wilson gamboa",
            "team": "TJH5YU202",
            "name": "wilson.josenet",
            "is_restricted": false,
            "is_ultra_restricted": false
        },
        "blocks": [
            {
                "type": "rich_text",
                "block_id": "8MwPS",
                "elements": [
                    {
                        "type": "rich_text_section",
                        "elements": [
                            {
                                "type": "text",
                                "text": "con el permiso de los srs voy a dormir"
                            }
                        ]
                    }
                ]
            }
        ]
    },
    {
        "client_msg_id": "f45718c2-55fe-4e8b-95de-cc6e5ea91587",
        "type": "message",
        "text": "saludos",
        "user": "UJXP7LS78",
        "ts": "1584255951.111400",
        "team": "TJH5YU202",
        "user_team": "TJH5YU202",
        "source_team": "TJH5YU202",
        "user_profile": {
            "avatar_hash": "gc4a0baebb72",
            "image_72": "https:\/\/secure.gravatar.com\/avatar\/a1c4a0baebb720b97e5a197259dbf409.jpg?s=72&d=https%3A%2F%2Fa.slack-edge.com%2Fdf10d%2Fimg%2Favatars%2Fava_0007-72.png",
            "first_name": "",
            "real_name": "wilson gamboa",
            "display_name": "wilson gamboa",
            "team": "TJH5YU202",
            "name": "wilson.josenet",
            "is_restricted": false,
            "is_ultra_restricted": false
        },
        "blocks": [
            {
                "type": "rich_text",
                "block_id": "CQSHz",
                "elements": [
                    {
                        "type": "rich_text_section",
                        "elements": [
                            {
                                "type": "text",
                                "text": "saludos"
                            }
                        ]
                    }
                ]
            }
        ]
    },
    {
        "client_msg_id": "54a24e9f-c236-4b3a-ab69-ce8aa007f18e",
        "type": "message",
        "text": "<https:\/\/i47.servimg.com\/u\/f47\/12\/55\/71\/36\/corna10.png>",
        "user": "UJUJLTWMT",
        "ts": "1584285802.111900",
        "team": "TJH5YU202",
        "user_team": "TJH5YU202",
        "source_team": "TJH5YU202",
        "user_profile": {
            "avatar_hash": "a60e3b1ef2d2",
            "image_72": "https:\/\/avatars.slack-edge.com\/2019-08-20\/726246109489_a60e3b1ef2d2c141969d_72.jpg",
            "first_name": "",
            "real_name": "Cristobal",
            "display_name": "Cristobal",
            "team": "TJH5YU202",
            "name": "navarro.cristobal",
            "is_restricted": false,
            "is_ultra_restricted": false
        },
        "attachments": [
            {
                "fallback": "60x55px image",
                "image_url": "https:\/\/i47.servimg.com\/u\/f47\/12\/55\/71\/36\/corna10.png",
                "image_width": 60,
                "image_height": 55,
                "image_bytes": 8059,
                "from_url": "https:\/\/i47.servimg.com\/u\/f47\/12\/55\/71\/36\/corna10.png",
                "id": 1,
                "original_url": "https:\/\/i47.servimg.com\/u\/f47\/12\/55\/71\/36\/corna10.png"
            }
        ],
        "blocks": [
            {
                "type": "rich_text",
                "block_id": "n0O",
                "elements": [
                    {
                        "type": "rich_text_section",
                        "elements": [
                            {
                                "type": "link",
                                "url": "https:\/\/i47.servimg.com\/u\/f47\/12\/55\/71\/36\/corna10.png"
                            }
                        ]
                    }
                ]
            }
        ]
    }
]