[
    {
        "client_msg_id": "67891fd1-d71d-4332-a676-27f0c9348f97",
        "type": "message",
        "text": "Bon dia",
        "user": "UJWR5N32S",
        "ts": "1584774124.028900",
        "team": "TJH5YU202",
        "user_team": "TJH5YU202",
        "source_team": "TJH5YU202",
        "user_profile": {
            "avatar_hash": "273d3745f7ae",
            "image_72": "https:\/\/avatars.slack-edge.com\/2019-05-20\/634344238497_273d3745f7ae1b176b82_72.jpg",
            "first_name": "Charly",
            "real_name": "Charly",
            "display_name": "Charly",
            "team": "TJH5YU202",
            "name": "carles9000",
            "is_restricted": false,
            "is_ultra_restricted": false
        },
        "blocks": [
            {
                "type": "rich_text",
                "block_id": "Fh8",
                "elements": [
                    {
                        "type": "rich_text_section",
                        "elements": [
                            {
                                "type": "text",
                                "text": "Bon dia"
                            }
                        ]
                    }
                ]
            }
        ]
    },
    {
        "client_msg_id": "3910b846-f61d-47cf-b984-34f72c7d50ae",
        "type": "message",
        "text": "buenas",
        "user": "UNAHBRTFA",
        "ts": "1584775506.029100",
        "team": "TJH5YU202",
        "user_team": "TJH5YU202",
        "source_team": "TJH5YU202",
        "user_profile": {
            "avatar_hash": "g3d2a3f4c28c",
            "image_72": "https:\/\/secure.gravatar.com\/avatar\/23d2a3f4c28cebb4cf07e48d02620517.jpg?s=72&d=https%3A%2F%2Fa.slack-edge.com%2Fdf10d%2Fimg%2Favatars%2Fava_0020-72.png",
            "first_name": "Andreu",
            "real_name": "Andreu Botella",
            "display_name": "Andreu Botella",
            "team": "TJH5YU202",
            "name": "andreu.132",
            "is_restricted": false,
            "is_ultra_restricted": false
        },
        "blocks": [
            {
                "type": "rich_text",
                "block_id": "Ff43n",
                "elements": [
                    {
                        "type": "rich_text_section",
                        "elements": [
                            {
                                "type": "text",
                                "text": "buenas"
                            }
                        ]
                    }
                ]
            }
        ]
    },
    {
        "client_msg_id": "622fa427-eef5-4c42-9350-1e769dcd8d9e",
        "type": "message",
        "text": "Ayer, a un cliente, en medio de la charla de Charly: \"si quieres cambiamos los nameservers del dominio ya, aún no tengo el HTTPS en marcha y no podré ponerme con eso en un par de horas, pero en cuanto pueda me pongo\"",
        "user": "UNAHBRTFA",
        "ts": "1584775563.030100",
        "team": "TJH5YU202",
        "user_team": "TJH5YU202",
        "source_team": "TJH5YU202",
        "user_profile": {
            "avatar_hash": "g3d2a3f4c28c",
            "image_72": "https:\/\/secure.gravatar.com\/avatar\/23d2a3f4c28cebb4cf07e48d02620517.jpg?s=72&d=https%3A%2F%2Fa.slack-edge.com%2Fdf10d%2Fimg%2Favatars%2Fava_0020-72.png",
            "first_name": "Andreu",
            "real_name": "Andreu Botella",
            "display_name": "Andreu Botella",
            "team": "TJH5YU202",
            "name": "andreu.132",
            "is_restricted": false,
            "is_ultra_restricted": false
        },
        "blocks": [
            {
                "type": "rich_text",
                "block_id": "H8f",
                "elements": [
                    {
                        "type": "rich_text_section",
                        "elements": [
                            {
                                "type": "text",
                                "text": "Ayer, a un cliente, en medio de la charla de Charly: \"si quieres cambiamos los nameservers del dominio ya, aún no tengo el HTTPS en marcha y no podré ponerme con eso en un par de horas, pero en cuanto pueda me pongo\""
                            }
                        ]
                    }
                ]
            }
        ]
    },
    {
        "client_msg_id": "56412eb8-db4e-4490-9483-85fbde799519",
        "type": "message",
        "text": "Él: \"vale, los cambiamos ya\"",
        "user": "UNAHBRTFA",
        "ts": "1584775570.030300",
        "team": "TJH5YU202",
        "user_team": "TJH5YU202",
        "source_team": "TJH5YU202",
        "user_profile": {
            "avatar_hash": "g3d2a3f4c28c",
            "image_72": "https:\/\/secure.gravatar.com\/avatar\/23d2a3f4c28cebb4cf07e48d02620517.jpg?s=72&d=https%3A%2F%2Fa.slack-edge.com%2Fdf10d%2Fimg%2Favatars%2Fava_0020-72.png",
            "first_name": "Andreu",
            "real_name": "Andreu Botella",
            "display_name": "Andreu Botella",
            "team": "TJH5YU202",
            "name": "andreu.132",
            "is_restricted": false,
            "is_ultra_restricted": false
        },
        "blocks": [
            {
                "type": "rich_text",
                "block_id": "kBp",
                "elements": [
                    {
                        "type": "rich_text_section",
                        "elements": [
                            {
                                "type": "text",
                                "text": "Él: \"vale, los cambiamos ya\""
                            }
                        ]
                    }
                ]
            }
        ]
    },
    {
        "client_msg_id": "046a277e-d528-4e1b-812f-39a435882610",
        "type": "message",
        "text": "Dos horas después: todo se rompe",
        "user": "UNAHBRTFA",
        "ts": "1584775577.030600",
        "team": "TJH5YU202",
        "user_team": "TJH5YU202",
        "source_team": "TJH5YU202",
        "user_profile": {
            "avatar_hash": "g3d2a3f4c28c",
            "image_72": "https:\/\/secure.gravatar.com\/avatar\/23d2a3f4c28cebb4cf07e48d02620517.jpg?s=72&d=https%3A%2F%2Fa.slack-edge.com%2Fdf10d%2Fimg%2Favatars%2Fava_0020-72.png",
            "first_name": "Andreu",
            "real_name": "Andreu Botella",
            "display_name": "Andreu Botella",
            "team": "TJH5YU202",
            "name": "andreu.132",
            "is_restricted": false,
            "is_ultra_restricted": false
        },
        "blocks": [
            {
                "type": "rich_text",
                "block_id": "5NfY",
                "elements": [
                    {
                        "type": "rich_text_section",
                        "elements": [
                            {
                                "type": "text",
                                "text": "Dos horas después: todo se rompe"
                            }
                        ]
                    }
                ]
            }
        ]
    },
    {
        "client_msg_id": "b4fa8fee-9e12-4694-892a-e1358ab5ecc3",
        "type": "message",
        "text": "Hacer de sysadmin además de de programador está bien en cantidades pequeñas, pero me estoy hartando un poco~ :weary:",
        "user": "UNAHBRTFA",
        "ts": "1584775910.031500",
        "team": "TJH5YU202",
        "user_team": "TJH5YU202",
        "source_team": "TJH5YU202",
        "user_profile": {
            "avatar_hash": "g3d2a3f4c28c",
            "image_72": "https:\/\/secure.gravatar.com\/avatar\/23d2a3f4c28cebb4cf07e48d02620517.jpg?s=72&d=https%3A%2F%2Fa.slack-edge.com%2Fdf10d%2Fimg%2Favatars%2Fava_0020-72.png",
            "first_name": "Andreu",
            "real_name": "Andreu Botella",
            "display_name": "Andreu Botella",
            "team": "TJH5YU202",
            "name": "andreu.132",
            "is_restricted": false,
            "is_ultra_restricted": false
        },
        "blocks": [
            {
                "type": "rich_text",
                "block_id": "QP4ie",
                "elements": [
                    {
                        "type": "rich_text_section",
                        "elements": [
                            {
                                "type": "text",
                                "text": "Hacer de sysadmin además de de programador está bien en cantidades pequeñas, pero me estoy hartando un poco~ "
                            },
                            {
                                "type": "emoji",
                                "name": "weary"
                            }
                        ]
                    }
                ]
            }
        ],
        "thread_ts": "1584775910.031500",
        "reply_count": 1,
        "reply_users_count": 1,
        "latest_reply": "1584797137.034800",
        "reply_users": [
            "UMZ3LNV5Z"
        ],
        "replies": [
            {
                "user": "UMZ3LNV5Z",
                "ts": "1584797137.034800"
            }
        ],
        "subscribed": false
    },
    {
        "client_msg_id": "aa3fbf2c-a363-4e65-bea3-212c6836e49a",
        "type": "message",
        "text": "buenos dias Andreu",
        "user": "UJXP7LS78",
        "ts": "1584779179.031700",
        "team": "TJH5YU202",
        "user_team": "TJH5YU202",
        "source_team": "TJH5YU202",
        "user_profile": {
            "avatar_hash": "gc4a0baebb72",
            "image_72": "https:\/\/secure.gravatar.com\/avatar\/a1c4a0baebb720b97e5a197259dbf409.jpg?s=72&d=https%3A%2F%2Fa.slack-edge.com%2Fdf10d%2Fimg%2Favatars%2Fava_0007-72.png",
            "first_name": "",
            "real_name": "wilson gamboa",
            "display_name": "wilson gamboa",
            "team": "TJH5YU202",
            "name": "wilson.josenet",
            "is_restricted": false,
            "is_ultra_restricted": false
        },
        "blocks": [
            {
                "type": "rich_text",
                "block_id": "C\/om",
                "elements": [
                    {
                        "type": "rich_text_section",
                        "elements": [
                            {
                                "type": "text",
                                "text": "buenos dias Andreu"
                            }
                        ]
                    }
                ]
            }
        ]
    },
    {
        "client_msg_id": "8c109dfc-e4b6-48ff-bbe0-c763032dc92c",
        "type": "message",
        "text": "por lo menos a ti te han de pagar algo lo de Sysadmin supongo",
        "user": "UJXP7LS78",
        "ts": "1584779194.032100",
        "team": "TJH5YU202",
        "user_team": "TJH5YU202",
        "source_team": "TJH5YU202",
        "user_profile": {
            "avatar_hash": "gc4a0baebb72",
            "image_72": "https:\/\/secure.gravatar.com\/avatar\/a1c4a0baebb720b97e5a197259dbf409.jpg?s=72&d=https%3A%2F%2Fa.slack-edge.com%2Fdf10d%2Fimg%2Favatars%2Fava_0007-72.png",
            "first_name": "",
            "real_name": "wilson gamboa",
            "display_name": "wilson gamboa",
            "team": "TJH5YU202",
            "name": "wilson.josenet",
            "is_restricted": false,
            "is_ultra_restricted": false
        },
        "blocks": [
            {
                "type": "rich_text",
                "block_id": "FfQAN",
                "elements": [
                    {
                        "type": "rich_text_section",
                        "elements": [
                            {
                                "type": "text",
                                "text": "por lo menos a ti te han de pagar algo lo de Sysadmin supongo"
                            }
                        ]
                    }
                ]
            }
        ]
    },
    {
        "client_msg_id": "c44bbf6a-e85d-4570-9d14-25b2e1327a49",
        "type": "message",
        "text": "a mi me llamaron a culparme de que se ha caducado la firma electrónica de una empresa mejor me rei ja ja ja",
        "user": "UJXP7LS78",
        "ts": "1584779247.033100",
        "team": "TJH5YU202",
        "user_team": "TJH5YU202",
        "source_team": "TJH5YU202",
        "user_profile": {
            "avatar_hash": "gc4a0baebb72",
            "image_72": "https:\/\/secure.gravatar.com\/avatar\/a1c4a0baebb720b97e5a197259dbf409.jpg?s=72&d=https%3A%2F%2Fa.slack-edge.com%2Fdf10d%2Fimg%2Favatars%2Fava_0007-72.png",
            "first_name": "",
            "real_name": "wilson gamboa",
            "display_name": "wilson gamboa",
            "team": "TJH5YU202",
            "name": "wilson.josenet",
            "is_restricted": false,
            "is_ultra_restricted": false
        },
        "blocks": [
            {
                "type": "rich_text",
                "block_id": "Fz7G",
                "elements": [
                    {
                        "type": "rich_text_section",
                        "elements": [
                            {
                                "type": "text",
                                "text": "a mi me llamaron a culparme de que se ha caducado la firma electrónica de una empresa mejor me rei ja ja ja"
                            }
                        ]
                    }
                ]
            }
        ],
        "thread_ts": "1584779247.033100",
        "reply_count": 7,
        "reply_users_count": 3,
        "latest_reply": "1585156523.071000",
        "reply_users": [
            "UMZ3LNV5Z",
            "UJXP7LS78",
            "UM81W8B0Q"
        ],
        "replies": [
            {
                "user": "UMZ3LNV5Z",
                "ts": "1584797197.035000"
            },
            {
                "user": "UJXP7LS78",
                "ts": "1584803301.038900"
            },
            {
                "user": "UM81W8B0Q",
                "ts": "1584806001.040300"
            },
            {
                "user": "UJXP7LS78",
                "ts": "1585156408.070000"
            },
            {
                "user": "UJXP7LS78",
                "ts": "1585156503.070600"
            },
            {
                "user": "UJXP7LS78",
                "ts": "1585156506.070800"
            },
            {
                "user": "UM81W8B0Q",
                "ts": "1585156523.071000"
            }
        ],
        "subscribed": false
    },
    {
        "client_msg_id": "69228847-3072-4030-bbb5-ed8b9c00597c",
        "type": "message",
        "text": "Sesion Taller III Blog -&gt; <https:\/\/forum.mod-harbour.org\/viewtopic.php?f=7&amp;t=445>",
        "user": "UJWR5N32S",
        "ts": "1584792723.033700",
        "team": "TJH5YU202",
        "user_team": "TJH5YU202",
        "source_team": "TJH5YU202",
        "user_profile": {
            "avatar_hash": "273d3745f7ae",
            "image_72": "https:\/\/avatars.slack-edge.com\/2019-05-20\/634344238497_273d3745f7ae1b176b82_72.jpg",
            "first_name": "Charly",
            "real_name": "Charly",
            "display_name": "Charly",
            "team": "TJH5YU202",
            "name": "carles9000",
            "is_restricted": false,
            "is_ultra_restricted": false
        },
        "blocks": [
            {
                "type": "rich_text",
                "block_id": "04+aF",
                "elements": [
                    {
                        "type": "rich_text_section",
                        "elements": [
                            {
                                "type": "text",
                                "text": "Sesion Taller III Blog -> "
                            },
                            {
                                "type": "link",
                                "url": "https:\/\/forum.mod-harbour.org\/viewtopic.php?f=7&t=445"
                            }
                        ]
                    }
                ]
            }
        ]
    },
    {
        "client_msg_id": "b27346ad-bedb-49e6-8d3e-ee7e69095fcc",
        "type": "message",
        "text": "Para los que esteis aburridos y confinados... :muscle:",
        "user": "UJWR5N32S",
        "ts": "1584792755.034100",
        "team": "TJH5YU202",
        "user_team": "TJH5YU202",
        "source_team": "TJH5YU202",
        "user_profile": {
            "avatar_hash": "273d3745f7ae",
            "image_72": "https:\/\/avatars.slack-edge.com\/2019-05-20\/634344238497_273d3745f7ae1b176b82_72.jpg",
            "first_name": "Charly",
            "real_name": "Charly",
            "display_name": "Charly",
            "team": "TJH5YU202",
            "name": "carles9000",
            "is_restricted": false,
            "is_ultra_restricted": false
        },
        "blocks": [
            {
                "type": "rich_text",
                "block_id": "qfFJ",
                "elements": [
                    {
                        "type": "rich_text_section",
                        "elements": [
                            {
                                "type": "text",
                                "text": "Para los que esteis aburridos y confinados... "
                            },
                            {
                                "type": "emoji",
                                "name": "muscle"
                            }
                        ]
                    }
                ]
            }
        ],
        "thread_ts": "1584792755.034100",
        "reply_count": 1,
        "reply_users_count": 1,
        "latest_reply": "1584865088.071300",
        "reply_users": [
            "UJULQCHL5"
        ],
        "replies": [
            {
                "user": "UJULQCHL5",
                "ts": "1584865088.071300"
            }
        ],
        "subscribed": false,
        "reactions": [
            {
                "name": "clap",
                "users": [
                    "UMZ3LNV5Z",
                    "UJRQZMTAM",
                    "UK28N3CER",
                    "UJUSD6VB2"
                ],
                "count": 4
            }
        ]
    },
    {
        "client_msg_id": "2c11c5c9-013b-439f-856b-8b2f19b01664",
        "type": "message",
        "text": "Tremendo. SI que te la curraste. Gracias !",
        "user": "UM81W8B0Q",
        "ts": "1584794474.034600",
        "team": "TJH5YU202",
        "user_team": "TJH5YU202",
        "source_team": "TJH5YU202",
        "user_profile": {
            "avatar_hash": "gab9279ee8c0",
            "image_72": "https:\/\/secure.gravatar.com\/avatar\/73ab9279ee8c00f66ce4904d30146c8f.jpg?s=72&d=https%3A%2F%2Fa.slack-edge.com%2Fdf10d%2Fimg%2Favatars%2Fava_0010-72.png",
            "first_name": "",
            "real_name": "Angel Pais",
            "display_name": "Angel Pais",
            "team": "TJH5YU202",
            "name": "amigosam",
            "is_restricted": false,
            "is_ultra_restricted": false
        },
        "blocks": [
            {
                "type": "rich_text",
                "block_id": "NZRVT",
                "elements": [
                    {
                        "type": "rich_text_section",
                        "elements": [
                            {
                                "type": "text",
                                "text": "Tremendo. SI que te la curraste. Gracias !"
                            }
                        ]
                    }
                ]
            }
        ]
    },
    {
        "client_msg_id": "75a4ba79-62d7-435e-ab1c-8254e920b82e",
        "type": "message",
        "text": "Que te toque hacer de sysadmin son daños colaterales :slightly_smiling_face:",
        "user": "UMZ3LNV5Z",
        "ts": "1584797137.034800",
        "team": "TJH5YU202",
        "user_team": "TJH5YU202",
        "source_team": "TJH5YU202",
        "user_profile": {
            "avatar_hash": "0705cbdb2dc9",
            "image_72": "https:\/\/avatars.slack-edge.com\/2020-02-24\/967980533062_0705cbdb2dc9cb3644bb_72.jpg",
            "first_name": "Pablo",
            "real_name": "Pablo Botella",
            "display_name": "Pablo Botella",
            "team": "TJH5YU202",
            "name": "pb",
            "is_restricted": false,
            "is_ultra_restricted": false
        },
        "blocks": [
            {
                "type": "rich_text",
                "block_id": "hwsT",
                "elements": [
                    {
                        "type": "rich_text_section",
                        "elements": [
                            {
                                "type": "text",
                                "text": "Que te toque hacer de sysadmin son daños colaterales "
                            },
                            {
                                "type": "emoji",
                                "name": "slightly_smiling_face"
                            }
                        ]
                    }
                ]
            }
        ],
        "thread_ts": "1584775910.031500",
        "parent_user_id": "UNAHBRTFA"
    },
    {
        "client_msg_id": "7a2f1aeb-c352-4c27-a7d6-c4cc7721a794",
        "type": "message",
        "text": "que sería de las empresas sin un programador al que echarle la culpa de todo ?  :slightly_smiling_face:",
        "user": "UMZ3LNV5Z",
        "ts": "1584797197.035000",
        "team": "TJH5YU202",
        "user_team": "TJH5YU202",
        "source_team": "TJH5YU202",
        "user_profile": {
            "avatar_hash": "0705cbdb2dc9",
            "image_72": "https:\/\/avatars.slack-edge.com\/2020-02-24\/967980533062_0705cbdb2dc9cb3644bb_72.jpg",
            "first_name": "Pablo",
            "real_name": "Pablo Botella",
            "display_name": "Pablo Botella",
            "team": "TJH5YU202",
            "name": "pb",
            "is_restricted": false,
            "is_ultra_restricted": false
        },
        "blocks": [
            {
                "type": "rich_text",
                "block_id": "JUw",
                "elements": [
                    {
                        "type": "rich_text_section",
                        "elements": [
                            {
                                "type": "text",
                                "text": "que sería de las empresas sin un programador al que echarle la culpa de todo ?  "
                            },
                            {
                                "type": "emoji",
                                "name": "slightly_smiling_face"
                            }
                        ]
                    }
                ]
            }
        ],
        "thread_ts": "1584779247.033100",
        "parent_user_id": "UJXP7LS78"
    },
    {
        "client_msg_id": "528a16c3-fc10-4051-bbe1-1428b1ba420a",
        "type": "message",
        "text": "Buenos dias Maestros",
        "user": "UK28N3CER",
        "ts": "1584802489.036100",
        "team": "TJH5YU202",
        "user_team": "TJH5YU202",
        "source_team": "TJH5YU202",
        "user_profile": {
            "avatar_hash": "bf50b53e78b3",
            "image_72": "https:\/\/avatars.slack-edge.com\/2020-04-13\/1058586385811_bf50b53e78b35822be35_72.png",
            "first_name": "Cesar",
            "real_name": "Cesar SysCtrl Software",
            "display_name": "Cesar SysCtrl Software",
            "team": "TJH5YU202",
            "name": "sysctrlsoftware",
            "is_restricted": false,
            "is_ultra_restricted": false
        },
        "blocks": [
            {
                "type": "rich_text",
                "block_id": "B6SB",
                "elements": [
                    {
                        "type": "rich_text_section",
                        "elements": [
                            {
                                "type": "text",
                                "text": "Buenos dias Maestros"
                            }
                        ]
                    }
                ]
            }
        ]
    },
    {
        "client_msg_id": "288ccb7f-f777-4722-a235-65cd7bcfa1c4",
        "type": "message",
        "text": "Gracias <@UJWR5N32S> que bueno que lo del coronavirus no les ha afectado.  Andas con todo",
        "user": "UK28N3CER",
        "ts": "1584802879.038400",
        "team": "TJH5YU202",
        "user_team": "TJH5YU202",
        "source_team": "TJH5YU202",
        "user_profile": {
            "avatar_hash": "bf50b53e78b3",
            "image_72": "https:\/\/avatars.slack-edge.com\/2020-04-13\/1058586385811_bf50b53e78b35822be35_72.png",
            "first_name": "Cesar",
            "real_name": "Cesar SysCtrl Software",
            "display_name": "Cesar SysCtrl Software",
            "team": "TJH5YU202",
            "name": "sysctrlsoftware",
            "is_restricted": false,
            "is_ultra_restricted": false
        },
        "blocks": [
            {
                "type": "rich_text",
                "block_id": "E5c",
                "elements": [
                    {
                        "type": "rich_text_section",
                        "elements": [
                            {
                                "type": "text",
                                "text": "Gracias "
                            },
                            {
                                "type": "user",
                                "user_id": "UJWR5N32S"
                            },
                            {
                                "type": "text",
                                "text": " que bueno que lo del coronavirus no les ha afectado.  Andas con todo"
                            }
                        ]
                    }
                ]
            }
        ]
    },
    {
        "client_msg_id": "9FC71C1C-12C4-46DD-8D08-E376500B91C7",
        "type": "message",
        "text": "Ja ja ja así es ",
        "user": "UJXP7LS78",
        "ts": "1584803301.038900",
        "team": "TJH5YU202",
        "user_team": "TJH5YU202",
        "source_team": "TJH5YU202",
        "user_profile": {
            "avatar_hash": "gc4a0baebb72",
            "image_72": "https:\/\/secure.gravatar.com\/avatar\/a1c4a0baebb720b97e5a197259dbf409.jpg?s=72&d=https%3A%2F%2Fa.slack-edge.com%2Fdf10d%2Fimg%2Favatars%2Fava_0007-72.png",
            "first_name": "",
            "real_name": "wilson gamboa",
            "display_name": "wilson gamboa",
            "team": "TJH5YU202",
            "name": "wilson.josenet",
            "is_restricted": false,
            "is_ultra_restricted": false
        },
        "blocks": [
            {
                "type": "rich_text",
                "block_id": "szuI",
                "elements": [
                    {
                        "type": "rich_text_section",
                        "elements": [
                            {
                                "type": "text",
                                "text": "Ja ja ja así es "
                            }
                        ]
                    }
                ]
            }
        ],
        "thread_ts": "1584779247.033100",
        "parent_user_id": "UJXP7LS78"
    },
    {
        "client_msg_id": "605c7955-c7d2-432e-a90e-451cf50bef69",
        "type": "message",
        "text": "El coronavirus no ha afectado mucho a nuestra dinámica de grupo. A la dinámica personal de la mayoría de nosotros probablemente sí.",
        "user": "UNAHBRTFA",
        "ts": "1584803570.039700",
        "team": "TJH5YU202",
        "user_team": "TJH5YU202",
        "source_team": "TJH5YU202",
        "user_profile": {
            "avatar_hash": "g3d2a3f4c28c",
            "image_72": "https:\/\/secure.gravatar.com\/avatar\/23d2a3f4c28cebb4cf07e48d02620517.jpg?s=72&d=https%3A%2F%2Fa.slack-edge.com%2Fdf10d%2Fimg%2Favatars%2Fava_0020-72.png",
            "first_name": "Andreu",
            "real_name": "Andreu Botella",
            "display_name": "Andreu Botella",
            "team": "TJH5YU202",
            "name": "andreu.132",
            "is_restricted": false,
            "is_ultra_restricted": false
        },
        "blocks": [
            {
                "type": "rich_text",
                "block_id": "9uP",
                "elements": [
                    {
                        "type": "rich_text_section",
                        "elements": [
                            {
                                "type": "text",
                                "text": "El coronavirus no ha afectado mucho a nuestra dinámica de grupo. A la dinámica personal de la mayoría de nosotros probablemente sí."
                            }
                        ]
                    }
                ]
            }
        ]
    },
    {
        "client_msg_id": "07520949-3B90-459C-ACFD-7C0A598E7BA7",
        "type": "message",
        "text": "Charly muchas gracias !!",
        "user": "UJXP7LS78",
        "ts": "1584803678.040200",
        "team": "TJH5YU202",
        "user_team": "TJH5YU202",
        "source_team": "TJH5YU202",
        "user_profile": {
            "avatar_hash": "gc4a0baebb72",
            "image_72": "https:\/\/secure.gravatar.com\/avatar\/a1c4a0baebb720b97e5a197259dbf409.jpg?s=72&d=https%3A%2F%2Fa.slack-edge.com%2Fdf10d%2Fimg%2Favatars%2Fava_0007-72.png",
            "first_name": "",
            "real_name": "wilson gamboa",
            "display_name": "wilson gamboa",
            "team": "TJH5YU202",
            "name": "wilson.josenet",
            "is_restricted": false,
            "is_ultra_restricted": false
        },
        "blocks": [
            {
                "type": "rich_text",
                "block_id": "66v",
                "elements": [
                    {
                        "type": "rich_text_section",
                        "elements": [
                            {
                                "type": "text",
                                "text": "Charly muchas gracias !!"
                            }
                        ]
                    }
                ]
            }
        ]
    },
    {
        "client_msg_id": "07c517c3-b4fc-4e0a-9e57-51a76d496a95",
        "type": "message",
        "text": "Una vez me culparon que el programa se colgaba. Despues de 48 horas descubrimos que una rata se había comido un cable de red y eso tiraba abajo el switch. Obvio que nunca me pagaron esos 2 dias perdidos.",
        "user": "UM81W8B0Q",
        "ts": "1584806001.040300",
        "team": "TJH5YU202",
        "user_team": "TJH5YU202",
        "source_team": "TJH5YU202",
        "user_profile": {
            "avatar_hash": "gab9279ee8c0",
            "image_72": "https:\/\/secure.gravatar.com\/avatar\/73ab9279ee8c00f66ce4904d30146c8f.jpg?s=72&d=https%3A%2F%2Fa.slack-edge.com%2Fdf10d%2Fimg%2Favatars%2Fava_0010-72.png",
            "first_name": "",
            "real_name": "Angel Pais",
            "display_name": "Angel Pais",
            "team": "TJH5YU202",
            "name": "amigosam",
            "is_restricted": false,
            "is_ultra_restricted": false
        },
        "blocks": [
            {
                "type": "rich_text",
                "block_id": "DLp",
                "elements": [
                    {
                        "type": "rich_text_section",
                        "elements": [
                            {
                                "type": "text",
                                "text": "Una vez me culparon que el programa se colgaba. Despues de 48 horas descubrimos que una rata se había comido un cable de red y eso tiraba abajo el switch. Obvio que nunca me pagaron esos 2 dias perdidos."
                            }
                        ]
                    }
                ]
            }
        ],
        "thread_ts": "1584779247.033100",
        "parent_user_id": "UJXP7LS78"
    },
    {
        "client_msg_id": "6fd6dd14-a819-455a-9873-6963ffed3ee7",
        "type": "message",
        "text": "A mi no me cambió nada. Sigo odiando los corchetes {}.",
        "user": "UM81W8B0Q",
        "ts": "1584806060.040900",
        "team": "TJH5YU202",
        "user_team": "TJH5YU202",
        "source_team": "TJH5YU202",
        "user_profile": {
            "avatar_hash": "gab9279ee8c0",
            "image_72": "https:\/\/secure.gravatar.com\/avatar\/73ab9279ee8c00f66ce4904d30146c8f.jpg?s=72&d=https%3A%2F%2Fa.slack-edge.com%2Fdf10d%2Fimg%2Favatars%2Fava_0010-72.png",
            "first_name": "",
            "real_name": "Angel Pais",
            "display_name": "Angel Pais",
            "team": "TJH5YU202",
            "name": "amigosam",
            "is_restricted": false,
            "is_ultra_restricted": false
        },
        "edited": {
            "user": "UM81W8B0Q",
            "ts": "1584806067.000000"
        },
        "blocks": [
            {
                "type": "rich_text",
                "block_id": "IB7Sr",
                "elements": [
                    {
                        "type": "rich_text_section",
                        "elements": [
                            {
                                "type": "text",
                                "text": "A mi no me cambió nada. Sigo odiando los corchetes {}."
                            }
                        ]
                    }
                ]
            }
        ]
    },
    {
        "client_msg_id": "303b1152-8884-4b40-8338-539da35ce363",
        "type": "message",
        "text": "cajetita es sinónimo de cajita ? :face_with_monocle::grin::sunglasses:",
        "user": "UM81W8B0Q",
        "ts": "1584806479.041600",
        "team": "TJH5YU202",
        "user_team": "TJH5YU202",
        "source_team": "TJH5YU202",
        "user_profile": {
            "avatar_hash": "gab9279ee8c0",
            "image_72": "https:\/\/secure.gravatar.com\/avatar\/73ab9279ee8c00f66ce4904d30146c8f.jpg?s=72&d=https%3A%2F%2Fa.slack-edge.com%2Fdf10d%2Fimg%2Favatars%2Fava_0010-72.png",
            "first_name": "",
            "real_name": "Angel Pais",
            "display_name": "Angel Pais",
            "team": "TJH5YU202",
            "name": "amigosam",
            "is_restricted": false,
            "is_ultra_restricted": false
        },
        "blocks": [
            {
                "type": "rich_text",
                "block_id": "ZMk9",
                "elements": [
                    {
                        "type": "rich_text_section",
                        "elements": [
                            {
                                "type": "text",
                                "text": "cajetita es sinónimo de cajita ? "
                            },
                            {
                                "type": "emoji",
                                "name": "face_with_monocle"
                            },
                            {
                                "type": "emoji",
                                "name": "grin"
                            },
                            {
                                "type": "emoji",
                                "name": "sunglasses"
                            }
                        ]
                    }
                ]
            }
        ]
    },
    {
        "client_msg_id": "383827e6-7d99-4500-bc2d-da2e6b20279d",
        "type": "message",
        "text": "En ciertas partes de España sí, el diminutivo se expande en ciertos casos.",
        "user": "UNAHBRTFA",
        "ts": "1584806911.042300",
        "team": "TJH5YU202",
        "user_team": "TJH5YU202",
        "source_team": "TJH5YU202",
        "user_profile": {
            "avatar_hash": "g3d2a3f4c28c",
            "image_72": "https:\/\/secure.gravatar.com\/avatar\/23d2a3f4c28cebb4cf07e48d02620517.jpg?s=72&d=https%3A%2F%2Fa.slack-edge.com%2Fdf10d%2Fimg%2Favatars%2Fava_0020-72.png",
            "first_name": "Andreu",
            "real_name": "Andreu Botella",
            "display_name": "Andreu Botella",
            "team": "TJH5YU202",
            "name": "andreu.132",
            "is_restricted": false,
            "is_ultra_restricted": false
        },
        "blocks": [
            {
                "type": "rich_text",
                "block_id": "99Qi",
                "elements": [
                    {
                        "type": "rich_text_section",
                        "elements": [
                            {
                                "type": "text",
                                "text": "En ciertas partes de España sí, el diminutivo se expande en ciertos casos."
                            }
                        ]
                    }
                ]
            }
        ]
    },
    {
        "client_msg_id": "4bbd0eed-0840-4813-9d1d-3be0e344b5c1",
        "type": "message",
        "text": "aunque no me preguntes cuándo ni por qué, es todo opcional",
        "user": "UNAHBRTFA",
        "ts": "1584806925.042800",
        "team": "TJH5YU202",
        "user_team": "TJH5YU202",
        "source_team": "TJH5YU202",
        "user_profile": {
            "avatar_hash": "g3d2a3f4c28c",
            "image_72": "https:\/\/secure.gravatar.com\/avatar\/23d2a3f4c28cebb4cf07e48d02620517.jpg?s=72&d=https%3A%2F%2Fa.slack-edge.com%2Fdf10d%2Fimg%2Favatars%2Fava_0020-72.png",
            "first_name": "Andreu",
            "real_name": "Andreu Botella",
            "display_name": "Andreu Botella",
            "team": "TJH5YU202",
            "name": "andreu.132",
            "is_restricted": false,
            "is_ultra_restricted": false
        },
        "blocks": [
            {
                "type": "rich_text",
                "block_id": "1yK",
                "elements": [
                    {
                        "type": "rich_text_section",
                        "elements": [
                            {
                                "type": "text",
                                "text": "aunque no me preguntes cuándo ni por qué, es todo opcional"
                            }
                        ]
                    }
                ]
            }
        ]
    },
    {
        "client_msg_id": "50d16492-5c31-4e52-92ef-3ee1ccf68394",
        "type": "message",
        "text": "Amigos alguien tiene instalando MariaDB en Ubuntu 18.04.4 LTS  ?",
        "user": "UK28N3CER",
        "ts": "1584809646.044500",
        "team": "TJH5YU202",
        "user_team": "TJH5YU202",
        "source_team": "TJH5YU202",
        "user_profile": {
            "avatar_hash": "bf50b53e78b3",
            "image_72": "https:\/\/avatars.slack-edge.com\/2020-04-13\/1058586385811_bf50b53e78b35822be35_72.png",
            "first_name": "Cesar",
            "real_name": "Cesar SysCtrl Software",
            "display_name": "Cesar SysCtrl Software",
            "team": "TJH5YU202",
            "name": "sysctrlsoftware",
            "is_restricted": false,
            "is_ultra_restricted": false
        },
        "blocks": [
            {
                "type": "rich_text",
                "block_id": "3UCR3",
                "elements": [
                    {
                        "type": "rich_text_section",
                        "elements": [
                            {
                                "type": "text",
                                "text": "Amigos alguien tiene instalando MariaDB en Ubuntu 18.04.4 LTS  ?"
                            }
                        ]
                    }
                ]
            }
        ]
    },
    {
        "client_msg_id": "78c19e47-f008-4bc3-9863-813e99d475e1",
        "type": "message",
        "text": "algun manual ?",
        "user": "UK28N3CER",
        "ts": "1584809675.044800",
        "team": "TJH5YU202",
        "user_team": "TJH5YU202",
        "source_team": "TJH5YU202",
        "user_profile": {
            "avatar_hash": "bf50b53e78b3",
            "image_72": "https:\/\/avatars.slack-edge.com\/2020-04-13\/1058586385811_bf50b53e78b35822be35_72.png",
            "first_name": "Cesar",
            "real_name": "Cesar SysCtrl Software",
            "display_name": "Cesar SysCtrl Software",
            "team": "TJH5YU202",
            "name": "sysctrlsoftware",
            "is_restricted": false,
            "is_ultra_restricted": false
        },
        "blocks": [
            {
                "type": "rich_text",
                "block_id": "RlkZ",
                "elements": [
                    {
                        "type": "rich_text_section",
                        "elements": [
                            {
                                "type": "text",
                                "text": "algun manual ?"
                            }
                        ]
                    }
                ]
            }
        ]
    },
    {
        "client_msg_id": "dea3092c-3133-4a7a-a00f-6dde128bdbb4",
        "type": "message",
        "text": "listo ya está instalado, vamos poco a poco Gracias a los amigos <@UJUSD6VB2> y <@UJRQZMTAM> tengo un servidor de linux funcionando, en la red local ya funciona modharbour y MariaDB",
        "user": "UK28N3CER",
        "ts": "1584811387.046700",
        "team": "TJH5YU202",
        "user_team": "TJH5YU202",
        "source_team": "TJH5YU202",
        "user_profile": {
            "avatar_hash": "bf50b53e78b3",
            "image_72": "https:\/\/avatars.slack-edge.com\/2020-04-13\/1058586385811_bf50b53e78b35822be35_72.png",
            "first_name": "Cesar",
            "real_name": "Cesar SysCtrl Software",
            "display_name": "Cesar SysCtrl Software",
            "team": "TJH5YU202",
            "name": "sysctrlsoftware",
            "is_restricted": false,
            "is_ultra_restricted": false
        },
        "blocks": [
            {
                "type": "rich_text",
                "block_id": "m1=",
                "elements": [
                    {
                        "type": "rich_text_section",
                        "elements": [
                            {
                                "type": "text",
                                "text": "listo ya está instalado, vamos poco a poco Gracias a los amigos "
                            },
                            {
                                "type": "user",
                                "user_id": "UJUSD6VB2"
                            },
                            {
                                "type": "text",
                                "text": " y "
                            },
                            {
                                "type": "user",
                                "user_id": "UJRQZMTAM"
                            },
                            {
                                "type": "text",
                                "text": " tengo un servidor de linux funcionando, en la red local ya funciona modharbour y MariaDB"
                            }
                        ]
                    }
                ]
            }
        ]
    },
    {
        "client_msg_id": "381a407f-748c-4f70-9b1e-4dcbf673eb2f",
        "type": "message",
        "text": "a seguir aprendiendo.",
        "user": "UK28N3CER",
        "ts": "1584811409.046900",
        "team": "TJH5YU202",
        "user_team": "TJH5YU202",
        "source_team": "TJH5YU202",
        "user_profile": {
            "avatar_hash": "bf50b53e78b3",
            "image_72": "https:\/\/avatars.slack-edge.com\/2020-04-13\/1058586385811_bf50b53e78b35822be35_72.png",
            "first_name": "Cesar",
            "real_name": "Cesar SysCtrl Software",
            "display_name": "Cesar SysCtrl Software",
            "team": "TJH5YU202",
            "name": "sysctrlsoftware",
            "is_restricted": false,
            "is_ultra_restricted": false
        },
        "blocks": [
            {
                "type": "rich_text",
                "block_id": "rJR",
                "elements": [
                    {
                        "type": "rich_text_section",
                        "elements": [
                            {
                                "type": "text",
                                "text": "a seguir aprendiendo."
                            }
                        ]
                    }
                ]
            }
        ]
    },
    {
        "type": "message",
        "text": "Hola.\n\nEl año pasado me junté con unos amigos para tratar de analizar nuestro futuro en web con la programación xbase. Entre lo que analizamos fue modharbour, pero no nos convenció. Se veía muy verde. Le faltaba mucho para poder decir que podíamos utilizar nuestro codigo y sin tener que reprogramar casi todo el programa poder pasar nuestras aplicaciones a web. Actualmente estoy trabajando en un proyecto para poder pasar el código de un programa windows a la web tratando de eviatar mucho trabajo en la migración. Esto se lo comenté a un amigo que me invito a volver a mirar hacia modharbour. Ni siquiera vio mi trabajo, y prácticamente me dijo que mejor lo olvidara y migrara por acá. Llevo unos días viendo el grupo, y según parece en lo que leo, está mucho mas avanzado que cuano lo vimos por primera vez. Principalmente, parece que ya tienen solucionado el problema de poder conservar variables. Tengo un ejemplo de lo que estoy haciendo. Me gustaría si me pudieran dar un ejemplo similar en modharbour.\n\nSi compilan ejemplo.hbp crea un ejecutable main.exe en windows con fivewin.\n\nSi compilan qsWebSrv.hbp crea un ejecutable main.exe que es un servidor web. Ejecutan el exe y en el navegador ponen 127.0.0.1",
        "files": [
            {
                "id": "F010H2LFD6Z",
                "created": 1584820809,
                "timestamp": 1584820809,
                "name": "ejemplo.zip",
                "title": "ejemplo.zip",
                "mimetype": "application\/zip",
                "filetype": "zip",
                "pretty_type": "Zip",
                "user": "U0108QAGAUF",
                "editable": false,
                "size": 838759,
                "mode": "hosted",
                "is_external": false,
                "external_type": "",
                "is_public": true,
                "public_url_shared": false,
                "display_as_bot": false,
                "username": "",
                "url_private": "https:\/\/files.slack.com\/files-pri\/TJH5YU202-F010H2LFD6Z\/ejemplo.zip?t=xoxe-629202954002-1115206499825-1101204359349-48e7ea248bf98b7fac300966398406ac",
                "url_private_download": "https:\/\/files.slack.com\/files-pri\/TJH5YU202-F010H2LFD6Z\/download\/ejemplo.zip?t=xoxe-629202954002-1115206499825-1101204359349-48e7ea248bf98b7fac300966398406ac",
                "permalink": "https:\/\/harbourproject.slack.com\/files\/U0108QAGAUF\/F010H2LFD6Z\/ejemplo.zip",
                "permalink_public": "https:\/\/slack-files.com\/TJH5YU202-F010H2LFD6Z-7d76d4c2ae",
                "is_starred": false,
                "has_rich_preview": false
            }
        ],
        "upload": true,
        "blocks": [
            {
                "type": "rich_text",
                "block_id": "kRf",
                "elements": [
                    {
                        "type": "rich_text_section",
                        "elements": [
                            {
                                "type": "text",
                                "text": "Hola.\n\nEl año pasado me junté con unos amigos para tratar de analizar nuestro futuro en web con la programación xbase. Entre lo que analizamos fue modharbour, pero no nos convenció. Se veía muy verde. Le faltaba mucho para poder decir que podíamos utilizar nuestro codigo y sin tener que reprogramar casi todo el programa poder pasar nuestras aplicaciones a web. Actualmente estoy trabajando en un proyecto para poder pasar el código de un programa windows a la web tratando de eviatar mucho trabajo en la migración. Esto se lo comenté a un amigo que me invito a volver a mirar hacia modharbour. Ni siquiera vio mi trabajo, y prácticamente me dijo que mejor lo olvidara y migrara por acá. Llevo unos días viendo el grupo, y según parece en lo que leo, está mucho mas avanzado que cuano lo vimos por primera vez. Principalmente, parece que ya tienen solucionado el problema de poder conservar variables. Tengo un ejemplo de lo que estoy haciendo. Me gustaría si me pudieran dar un ejemplo similar en modharbour.\n\nSi compilan ejemplo.hbp crea un ejecutable main.exe en windows con fivewin.\n\nSi compilan qsWebSrv.hbp crea un ejecutable main.exe que es un servidor web. Ejecutan el exe y en el navegador ponen 127.0.0.1"
                            }
                        ]
                    }
                ]
            }
        ],
        "user": "U0108QAGAUF",
        "display_as_bot": false,
        "ts": "1584820811.047200",
        "client_msg_id": "aa7306a7-f57c-4833-9248-8328b2718024"
    },
    {
        "type": "message",
        "text": "Disculpen, me faltó incluir en el zip un archivo .ch que hay que habría que incluir al final del fivewin.ch o al principio de main.prg",
        "files": [
            {
                "id": "F01070B37KK",
                "created": 1584821144,
                "timestamp": 1584821144,
                "name": "qsWeb.ch",
                "title": "qsWeb.ch",
                "mimetype": "text\/plain",
                "filetype": "text",
                "pretty_type": "Plain Text",
                "user": "U0108QAGAUF",
                "editable": false,
                "size": 14238,
                "mode": "hosted",
                "is_external": false,
                "external_type": "",
                "is_public": true,
                "public_url_shared": false,
                "display_as_bot": false,
                "username": "",
                "url_private": "https:\/\/files.slack.com\/files-pri\/TJH5YU202-F01070B37KK\/qsweb.ch?t=xoxe-629202954002-1115206499825-1101204359349-48e7ea248bf98b7fac300966398406ac",
                "url_private_download": "https:\/\/files.slack.com\/files-pri\/TJH5YU202-F01070B37KK\/download\/qsweb.ch?t=xoxe-629202954002-1115206499825-1101204359349-48e7ea248bf98b7fac300966398406ac",
                "permalink": "https:\/\/harbourproject.slack.com\/files\/U0108QAGAUF\/F01070B37KK\/qsweb.ch",
                "permalink_public": "https:\/\/slack-files.com\/TJH5YU202-F01070B37KK-a95c44087f",
                "is_starred": false,
                "has_rich_preview": false
            }
        ],
        "upload": true,
        "blocks": [
            {
                "type": "rich_text",
                "block_id": "+19x",
                "elements": [
                    {
                        "type": "rich_text_section",
                        "elements": [
                            {
                                "type": "text",
                                "text": "Disculpen, me faltó incluir en el zip un archivo .ch que hay que habría que incluir al final del fivewin.ch o al principio de main.prg"
                            }
                        ]
                    }
                ]
            }
        ],
        "user": "U0108QAGAUF",
        "display_as_bot": false,
        "ts": "1584821146.048600",
        "client_msg_id": "9fee9e9f-6acd-47b8-ba0e-8e4c2b24913d"
    },
    {
        "client_msg_id": "501615ba-b545-4607-b251-395f171c5b01",
        "type": "message",
        "text": "ModHarbour va caminando falta muy poco, te invito a mirar el modelo MVC que nos ha enseñado <@UJWR5N32S> desde que inició esta aventura.",
        "user": "UK28N3CER",
        "ts": "1584823734.050000",
        "team": "TJH5YU202",
        "user_team": "TJH5YU202",
        "source_team": "TJH5YU202",
        "user_profile": {
            "avatar_hash": "bf50b53e78b3",
            "image_72": "https:\/\/avatars.slack-edge.com\/2020-04-13\/1058586385811_bf50b53e78b35822be35_72.png",
            "first_name": "Cesar",
            "real_name": "Cesar SysCtrl Software",
            "display_name": "Cesar SysCtrl Software",
            "team": "TJH5YU202",
            "name": "sysctrlsoftware",
            "is_restricted": false,
            "is_ultra_restricted": false
        },
        "blocks": [
            {
                "type": "rich_text",
                "block_id": "mYn",
                "elements": [
                    {
                        "type": "rich_text_section",
                        "elements": [
                            {
                                "type": "text",
                                "text": "ModHarbour va caminando falta muy poco, te invito a mirar el modelo MVC que nos ha enseñado "
                            },
                            {
                                "type": "user",
                                "user_id": "UJWR5N32S"
                            },
                            {
                                "type": "text",
                                "text": " desde que inició esta aventura."
                            }
                        ]
                    }
                ]
            }
        ]
    },
    {
        "client_msg_id": "041f8273-8ce3-46ad-8ac8-bb32dcaa085d",
        "type": "message",
        "text": "el Ejemplo HBBLOG es una estructura del cual debemos seguir los que queramos entrar en la web.",
        "user": "UK28N3CER",
        "ts": "1584823763.050600",
        "team": "TJH5YU202",
        "user_team": "TJH5YU202",
        "source_team": "TJH5YU202",
        "user_profile": {
            "avatar_hash": "bf50b53e78b3",
            "image_72": "https:\/\/avatars.slack-edge.com\/2020-04-13\/1058586385811_bf50b53e78b35822be35_72.png",
            "first_name": "Cesar",
            "real_name": "Cesar SysCtrl Software",
            "display_name": "Cesar SysCtrl Software",
            "team": "TJH5YU202",
            "name": "sysctrlsoftware",
            "is_restricted": false,
            "is_ultra_restricted": false
        },
        "blocks": [
            {
                "type": "rich_text",
                "block_id": "ysMB",
                "elements": [
                    {
                        "type": "rich_text_section",
                        "elements": [
                            {
                                "type": "text",
                                "text": "el Ejemplo HBBLOG es una estructura del cual debemos seguir los que queramos entrar en la web."
                            }
                        ]
                    }
                ]
            }
        ]
    },
    {
        "client_msg_id": "d120a180-a432-422a-8973-8d946e932165",
        "type": "message",
        "text": "<@U0108QAGAUF> ¿Conservar variables entre peticiones?",
        "user": "UNAHBRTFA",
        "ts": "1584824012.051200",
        "team": "TJH5YU202",
        "user_team": "TJH5YU202",
        "source_team": "TJH5YU202",
        "user_profile": {
            "avatar_hash": "g3d2a3f4c28c",
            "image_72": "https:\/\/secure.gravatar.com\/avatar\/23d2a3f4c28cebb4cf07e48d02620517.jpg?s=72&d=https%3A%2F%2Fa.slack-edge.com%2Fdf10d%2Fimg%2Favatars%2Fava_0020-72.png",
            "first_name": "Andreu",
            "real_name": "Andreu Botella",
            "display_name": "Andreu Botella",
            "team": "TJH5YU202",
            "name": "andreu.132",
            "is_restricted": false,
            "is_ultra_restricted": false
        },
        "blocks": [
            {
                "type": "rich_text",
                "block_id": "e5Ou",
                "elements": [
                    {
                        "type": "rich_text_section",
                        "elements": [
                            {
                                "type": "user",
                                "user_id": "U0108QAGAUF"
                            },
                            {
                                "type": "text",
                                "text": " ¿Conservar variables entre peticiones?"
                            }
                        ]
                    }
                ]
            }
        ]
    },
    {
        "client_msg_id": "1adb7611-cdf7-4785-8d20-fed3e353e1b0",
        "type": "message",
        "text": "Como creo que sabrás, HTTP es un protocolo sin estado aparte de cookies y quizá ETags",
        "user": "UNAHBRTFA",
        "ts": "1584824098.052000",
        "team": "TJH5YU202",
        "user_team": "TJH5YU202",
        "source_team": "TJH5YU202",
        "user_profile": {
            "avatar_hash": "g3d2a3f4c28c",
            "image_72": "https:\/\/secure.gravatar.com\/avatar\/23d2a3f4c28cebb4cf07e48d02620517.jpg?s=72&d=https%3A%2F%2Fa.slack-edge.com%2Fdf10d%2Fimg%2Favatars%2Fava_0020-72.png",
            "first_name": "Andreu",
            "real_name": "Andreu Botella",
            "display_name": "Andreu Botella",
            "team": "TJH5YU202",
            "name": "andreu.132",
            "is_restricted": false,
            "is_ultra_restricted": false
        },
        "blocks": [
            {
                "type": "rich_text",
                "block_id": "Van4",
                "elements": [
                    {
                        "type": "rich_text_section",
                        "elements": [
                            {
                                "type": "text",
                                "text": "Como creo que sabrás, HTTP es un protocolo sin estado aparte de cookies y quizá ETags"
                            }
                        ]
                    }
                ]
            }
        ]
    },
    {
        "client_msg_id": "c25669ff-085b-420c-a7fa-83a9c5c55a6f",
        "type": "message",
        "text": "Los lenguajes del lado del servidor normalmente dejan la responsabilidad de mantener el estado al desarrollador, porque según el tamaño de los datos te interesará guardarlos de una forma u otra.",
        "user": "UNAHBRTFA",
        "ts": "1584824165.053000",
        "team": "TJH5YU202",
        "user_team": "TJH5YU202",
        "source_team": "TJH5YU202",
        "user_profile": {
            "avatar_hash": "g3d2a3f4c28c",
            "image_72": "https:\/\/secure.gravatar.com\/avatar\/23d2a3f4c28cebb4cf07e48d02620517.jpg?s=72&d=https%3A%2F%2Fa.slack-edge.com%2Fdf10d%2Fimg%2Favatars%2Fava_0020-72.png",
            "first_name": "Andreu",
            "real_name": "Andreu Botella",
            "display_name": "Andreu Botella",
            "team": "TJH5YU202",
            "name": "andreu.132",
            "is_restricted": false,
            "is_ultra_restricted": false
        },
        "blocks": [
            {
                "type": "rich_text",
                "block_id": "unJ",
                "elements": [
                    {
                        "type": "rich_text_section",
                        "elements": [
                            {
                                "type": "text",
                                "text": "Los lenguajes del lado del servidor normalmente dejan la responsabilidad de mantener el estado al desarrollador, porque según el tamaño de los datos te interesará guardarlos de una forma u otra."
                            }
                        ]
                    }
                ]
            }
        ]
    },
    {
        "client_msg_id": "658a3fee-3379-482c-a6d8-9abdab80dbec",
        "type": "message",
        "text": "mod_harbour no es distinto en este aspecto",
        "user": "UNAHBRTFA",
        "ts": "1584824199.053300",
        "team": "TJH5YU202",
        "user_team": "TJH5YU202",
        "source_team": "TJH5YU202",
        "user_profile": {
            "avatar_hash": "g3d2a3f4c28c",
            "image_72": "https:\/\/secure.gravatar.com\/avatar\/23d2a3f4c28cebb4cf07e48d02620517.jpg?s=72&d=https%3A%2F%2Fa.slack-edge.com%2Fdf10d%2Fimg%2Favatars%2Fava_0020-72.png",
            "first_name": "Andreu",
            "real_name": "Andreu Botella",
            "display_name": "Andreu Botella",
            "team": "TJH5YU202",
            "name": "andreu.132",
            "is_restricted": false,
            "is_ultra_restricted": false
        },
        "blocks": [
            {
                "type": "rich_text",
                "block_id": "w8mAV",
                "elements": [
                    {
                        "type": "rich_text_section",
                        "elements": [
                            {
                                "type": "text",
                                "text": "mod_harbour no es distinto en este aspecto"
                            }
                        ]
                    }
                ]
            }
        ]
    },
    {
        "client_msg_id": "b97fa9ea-af18-457b-a79f-c1ef909ad9e7",
        "type": "message",
        "text": "Desde ahí empieza mi ignorancia. No se lo que son los ETags, pero conozco algo de php. Ahí se manejan variables de sesión. El ejemplo que mandé maneja una variable publica, y varias locales que se procesan según la página hrml. Mandé un ejemplo de lo que sería pasar mi aplicación a web. Porque la idea era poder aprovechar al máximo el código que ya tenemos. \n\n¿Si descargo modharbur viene el ejemplo de MVC?",
        "user": "U0108QAGAUF",
        "ts": "1584824735.063200",
        "team": "TJH5YU202",
        "user_team": "TJH5YU202",
        "source_team": "TJH5YU202",
        "user_profile": {
            "avatar_hash": "gab1204c8d95",
            "image_72": "https:\/\/secure.gravatar.com\/avatar\/ab1204c8d956de0d9979e3d755437c52.jpg?s=72&d=https%3A%2F%2Fa.slack-edge.com%2Fdf10d%2Fimg%2Favatars%2Fava_0009-72.png",
            "first_name": "",
            "real_name": "Quique",
            "display_name": "",
            "team": "TJH5YU202",
            "name": "quique",
            "is_restricted": false,
            "is_ultra_restricted": false
        },
        "blocks": [
            {
                "type": "rich_text",
                "block_id": "6nHEn",
                "elements": [
                    {
                        "type": "rich_text_section",
                        "elements": [
                            {
                                "type": "text",
                                "text": "Desde ahí empieza mi ignorancia. No se lo que son los ETags, pero conozco algo de php. Ahí se manejan variables de sesión. El ejemplo que mandé maneja una variable publica, y varias locales que se procesan según la página hrml. Mandé un ejemplo de lo que sería pasar mi aplicación a web. Porque la idea era poder aprovechar al máximo el código que ya tenemos. \n\n¿Si descargo modharbur viene el ejemplo de MVC?"
                            }
                        ]
                    }
                ]
            }
        ],
        "thread_ts": "1584824735.063200",
        "reply_count": 2,
        "reply_users_count": 1,
        "latest_reply": "1584954979.100800",
        "reply_users": [
            "UJWGTCNS3"
        ],
        "replies": [
            {
                "user": "UJWGTCNS3",
                "ts": "1584954685.100500"
            },
            {
                "user": "UJWGTCNS3",
                "ts": "1584954979.100800"
            }
        ],
        "subscribed": false
    },
    {
        "client_msg_id": "a6c26637-f5c6-4a94-b096-84be91b3baa8",
        "type": "message",
        "text": "Los ETags son un detalle sin importancia, solo lo mencionaba porque a veces se dice que las cookies son el único mecanismo de estado en HTTP, cosa que no es cierta.",
        "user": "UNAHBRTFA",
        "ts": "1584824856.065300",
        "team": "TJH5YU202",
        "user_team": "TJH5YU202",
        "source_team": "TJH5YU202",
        "user_profile": {
            "avatar_hash": "g3d2a3f4c28c",
            "image_72": "https:\/\/secure.gravatar.com\/avatar\/23d2a3f4c28cebb4cf07e48d02620517.jpg?s=72&d=https%3A%2F%2Fa.slack-edge.com%2Fdf10d%2Fimg%2Favatars%2Fava_0020-72.png",
            "first_name": "Andreu",
            "real_name": "Andreu Botella",
            "display_name": "Andreu Botella",
            "team": "TJH5YU202",
            "name": "andreu.132",
            "is_restricted": false,
            "is_ultra_restricted": false
        },
        "blocks": [
            {
                "type": "rich_text",
                "block_id": "jUgK",
                "elements": [
                    {
                        "type": "rich_text_section",
                        "elements": [
                            {
                                "type": "text",
                                "text": "Los ETags son un detalle sin importancia, solo lo mencionaba porque a veces se dice que las cookies son el único mecanismo de estado en HTTP, cosa que no es cierta."
                            }
                        ]
                    }
                ]
            }
        ]
    },
    {
        "client_msg_id": "817e754d-59ac-474f-97c6-6d840e7d7105",
        "type": "message",
        "text": "Si la idea es coger el código y cambiar el mínimo posible, creo que deberías mirar genesis (de <@UJWR5N32S> y <@UJN8D8U3B>)",
        "user": "UNAHBRTFA",
        "ts": "1584825007.067700",
        "team": "TJH5YU202",
        "user_team": "TJH5YU202",
        "source_team": "TJH5YU202",
        "user_profile": {
            "avatar_hash": "g3d2a3f4c28c",
            "image_72": "https:\/\/secure.gravatar.com\/avatar\/23d2a3f4c28cebb4cf07e48d02620517.jpg?s=72&d=https%3A%2F%2Fa.slack-edge.com%2Fdf10d%2Fimg%2Favatars%2Fava_0020-72.png",
            "first_name": "Andreu",
            "real_name": "Andreu Botella",
            "display_name": "Andreu Botella",
            "team": "TJH5YU202",
            "name": "andreu.132",
            "is_restricted": false,
            "is_ultra_restricted": false
        },
        "blocks": [
            {
                "type": "rich_text",
                "block_id": "fnm",
                "elements": [
                    {
                        "type": "rich_text_section",
                        "elements": [
                            {
                                "type": "text",
                                "text": "Si la idea es coger el código y cambiar el mínimo posible, creo que deberías mirar genesis (de "
                            },
                            {
                                "type": "user",
                                "user_id": "UJWR5N32S"
                            },
                            {
                                "type": "text",
                                "text": " y "
                            },
                            {
                                "type": "user",
                                "user_id": "UJN8D8U3B"
                            },
                            {
                                "type": "text",
                                "text": ")"
                            }
                        ]
                    }
                ]
            }
        ]
    },
    {
        "client_msg_id": "7ff14455-621d-4e14-9204-0fc7b5d8ec2a",
        "type": "message",
        "text": "<@U0108QAGAUF> <https:\/\/forum.mod-harbour.org\/viewtopic.php?f=7&amp;t=443>",
        "user": "UK28N3CER",
        "ts": "1584826558.068200",
        "team": "TJH5YU202",
        "user_team": "TJH5YU202",
        "source_team": "TJH5YU202",
        "user_profile": {
            "avatar_hash": "bf50b53e78b3",
            "image_72": "https:\/\/avatars.slack-edge.com\/2020-04-13\/1058586385811_bf50b53e78b35822be35_72.png",
            "first_name": "Cesar",
            "real_name": "Cesar SysCtrl Software",
            "display_name": "Cesar SysCtrl Software",
            "team": "TJH5YU202",
            "name": "sysctrlsoftware",
            "is_restricted": false,
            "is_ultra_restricted": false
        },
        "blocks": [
            {
                "type": "rich_text",
                "block_id": "V1Jq",
                "elements": [
                    {
                        "type": "rich_text_section",
                        "elements": [
                            {
                                "type": "user",
                                "user_id": "U0108QAGAUF"
                            },
                            {
                                "type": "text",
                                "text": " "
                            },
                            {
                                "type": "link",
                                "url": "https:\/\/forum.mod-harbour.org\/viewtopic.php?f=7&t=443"
                            }
                        ]
                    }
                ]
            }
        ]
    },
    {
        "client_msg_id": "3a02d88d-dc3b-4824-818e-8aec03f16d0c",
        "type": "message",
        "text": "<@UNAHBRTFA> si no quieres cookies lo mejor es localStorage",
        "user": "UMZ3LNV5Z",
        "ts": "1584830986.068700",
        "team": "TJH5YU202",
        "user_team": "TJH5YU202",
        "source_team": "TJH5YU202",
        "user_profile": {
            "avatar_hash": "0705cbdb2dc9",
            "image_72": "https:\/\/avatars.slack-edge.com\/2020-02-24\/967980533062_0705cbdb2dc9cb3644bb_72.jpg",
            "first_name": "Pablo",
            "real_name": "Pablo Botella",
            "display_name": "Pablo Botella",
            "team": "TJH5YU202",
            "name": "pb",
            "is_restricted": false,
            "is_ultra_restricted": false
        },
        "blocks": [
            {
                "type": "rich_text",
                "block_id": "oUZfZ",
                "elements": [
                    {
                        "type": "rich_text_section",
                        "elements": [
                            {
                                "type": "user",
                                "user_id": "UNAHBRTFA"
                            },
                            {
                                "type": "text",
                                "text": " si no quieres cookies lo mejor es localStorage"
                            }
                        ]
                    }
                ]
            }
        ]
    },
    {
        "client_msg_id": "44347e73-31e3-4dd2-ae4e-52f3cb7830c7",
        "type": "message",
        "text": "con el ETag te pueden servir como identificador pero no siempre te va a funcionar",
        "user": "UMZ3LNV5Z",
        "ts": "1584831082.069500",
        "team": "TJH5YU202",
        "user_team": "TJH5YU202",
        "source_team": "TJH5YU202",
        "user_profile": {
            "avatar_hash": "0705cbdb2dc9",
            "image_72": "https:\/\/avatars.slack-edge.com\/2020-02-24\/967980533062_0705cbdb2dc9cb3644bb_72.jpg",
            "first_name": "Pablo",
            "real_name": "Pablo Botella",
            "display_name": "Pablo Botella",
            "team": "TJH5YU202",
            "name": "pb",
            "is_restricted": false,
            "is_ultra_restricted": false
        },
        "blocks": [
            {
                "type": "rich_text",
                "block_id": "55r",
                "elements": [
                    {
                        "type": "rich_text_section",
                        "elements": [
                            {
                                "type": "text",
                                "text": "con el ETag te pueden servir como identificador pero no siempre te va a funcionar"
                            }
                        ]
                    }
                ]
            }
        ]
    },
    {
        "client_msg_id": "2948c9de-7c16-4809-b091-695af2cd4cd3",
        "type": "message",
        "text": "mejor no complicarse la vida cuando tienes cosas standard",
        "user": "UMZ3LNV5Z",
        "ts": "1584831125.070000",
        "team": "TJH5YU202",
        "user_team": "TJH5YU202",
        "source_team": "TJH5YU202",
        "user_profile": {
            "avatar_hash": "0705cbdb2dc9",
            "image_72": "https:\/\/avatars.slack-edge.com\/2020-02-24\/967980533062_0705cbdb2dc9cb3644bb_72.jpg",
            "first_name": "Pablo",
            "real_name": "Pablo Botella",
            "display_name": "Pablo Botella",
            "team": "TJH5YU202",
            "name": "pb",
            "is_restricted": false,
            "is_ultra_restricted": false
        },
        "blocks": [
            {
                "type": "rich_text",
                "block_id": "wU=",
                "elements": [
                    {
                        "type": "rich_text_section",
                        "elements": [
                            {
                                "type": "text",
                                "text": "mejor no complicarse la vida cuando tienes cosas standard"
                            }
                        ]
                    }
                ]
            }
        ]
    },
    {
        "client_msg_id": "7a746b6f-9662-4eaa-972c-bbff718c2129",
        "type": "message",
        "text": "( para sesion)",
        "user": "UMZ3LNV5Z",
        "ts": "1584831130.070200",
        "team": "TJH5YU202",
        "user_team": "TJH5YU202",
        "source_team": "TJH5YU202",
        "user_profile": {
            "avatar_hash": "0705cbdb2dc9",
            "image_72": "https:\/\/avatars.slack-edge.com\/2020-02-24\/967980533062_0705cbdb2dc9cb3644bb_72.jpg",
            "first_name": "Pablo",
            "real_name": "Pablo Botella",
            "display_name": "Pablo Botella",
            "team": "TJH5YU202",
            "name": "pb",
            "is_restricted": false,
            "is_ultra_restricted": false
        },
        "blocks": [
            {
                "type": "rich_text",
                "block_id": "qV0HL",
                "elements": [
                    {
                        "type": "rich_text_section",
                        "elements": [
                            {
                                "type": "text",
                                "text": "( para sesion)"
                            }
                        ]
                    }
                ]
            }
        ]
    },
    {
        "client_msg_id": "d494fadf-e7de-4584-86e4-863c4cd91d2a",
        "type": "message",
        "text": "buenos dias :sunny:",
        "user": "UJN8D8U3B",
        "ts": "1584859442.070500",
        "team": "TJH5YU202",
        "user_team": "TJH5YU202",
        "source_team": "TJH5YU202",
        "user_profile": {
            "avatar_hash": "g92ad2abcc45",
            "image_72": "https:\/\/secure.gravatar.com\/avatar\/8492ad2abcc45ce53969adcf8420acde.jpg?s=72&d=https%3A%2F%2Fa.slack-edge.com%2Fdf10d%2Fimg%2Favatars%2Fava_0008-72.png",
            "first_name": "",
            "real_name": "Antonio Linares",
            "display_name": "Antonio Linares",
            "team": "TJH5YU202",
            "name": "alinares",
            "is_restricted": false,
            "is_ultra_restricted": false
        },
        "blocks": [
            {
                "type": "rich_text",
                "block_id": "S6MM5",
                "elements": [
                    {
                        "type": "rich_text_section",
                        "elements": [
                            {
                                "type": "text",
                                "text": "buenos dias "
                            },
                            {
                                "type": "emoji",
                                "name": "sunny"
                            }
                        ]
                    }
                ]
            }
        ]
    }
]