[
    {
        "client_msg_id": "A9302A0D-C7F1-4CF2-9BF0-6D8A754FA909",
        "type": "message",
        "text": "Si está en una charla la rescataré del foro",
        "user": "UJH8DPY58",
        "ts": "1582100223.233500",
        "team": "TJH5YU202",
        "user_team": "TJH5YU202",
        "source_team": "TJH5YU202",
        "user_profile": {
            "avatar_hash": "g1cac88c496c",
            "image_72": "https:\/\/secure.gravatar.com\/avatar\/451cac88c496c2cec0b934a281b6eb94.jpg?s=72&d=https%3A%2F%2Fa.slack-edge.com%2Fdf10d%2Fimg%2Favatars%2Fava_0020-72.png",
            "first_name": "",
            "real_name": "Juan Pastor",
            "display_name": "",
            "team": "TJH5YU202",
            "name": "jpastor68",
            "is_restricted": false,
            "is_ultra_restricted": false
        },
        "blocks": [
            {
                "type": "rich_text",
                "block_id": "5Upx",
                "elements": [
                    {
                        "type": "rich_text_section",
                        "elements": [
                            {
                                "type": "text",
                                "text": "Si está en una charla la rescataré del foro"
                            }
                        ]
                    }
                ]
            }
        ]
    },
    {
        "client_msg_id": "7184D923-DE67-40C2-97D4-EF75719CBB9E",
        "type": "message",
        "text": ":+1:",
        "user": "UJH8DPY58",
        "ts": "1582100229.233700",
        "team": "TJH5YU202",
        "user_team": "TJH5YU202",
        "source_team": "TJH5YU202",
        "user_profile": {
            "avatar_hash": "g1cac88c496c",
            "image_72": "https:\/\/secure.gravatar.com\/avatar\/451cac88c496c2cec0b934a281b6eb94.jpg?s=72&d=https%3A%2F%2Fa.slack-edge.com%2Fdf10d%2Fimg%2Favatars%2Fava_0020-72.png",
            "first_name": "",
            "real_name": "Juan Pastor",
            "display_name": "",
            "team": "TJH5YU202",
            "name": "jpastor68",
            "is_restricted": false,
            "is_ultra_restricted": false
        },
        "blocks": [
            {
                "type": "rich_text",
                "block_id": "ECu1R",
                "elements": [
                    {
                        "type": "rich_text_section",
                        "elements": [
                            {
                                "type": "emoji",
                                "name": "+1"
                            }
                        ]
                    }
                ]
            }
        ]
    },
    {
        "client_msg_id": "f2ab587d-5a7e-407e-aa09-92391588bf29",
        "type": "message",
        "text": "Charly en cuanto tengas oportunidad nos comentas como manejar  a nivel prg una llamada como por ejemplo <http:\/\/localhost\/cliente\/1> o bien como resolver las diferentes formas de este tipo de llamadas. En lo particular yo estuve jugando con Xbase++, mas bien con xb2net viendo o separando el contenido, la ruta, el método, para lograr hacer esto.",
        "user": "UJUSD6VB2",
        "ts": "1582130671.236100",
        "team": "TJH5YU202",
        "user_team": "TJH5YU202",
        "source_team": "TJH5YU202",
        "user_profile": {
            "avatar_hash": "g1677a02d0b6",
            "image_72": "https:\/\/secure.gravatar.com\/avatar\/bb1677a02d0b69ba91eb245090c7c83a.jpg?s=72&d=https%3A%2F%2Fa.slack-edge.com%2Fdf10d%2Fimg%2Favatars%2Fava_0015-72.png",
            "first_name": "",
            "real_name": "Osvaldo Ramirez",
            "display_name": "Osvaldo Ramirez",
            "team": "TJH5YU202",
            "name": "ramirezosvaldo",
            "is_restricted": false,
            "is_ultra_restricted": false
        },
        "blocks": [
            {
                "type": "rich_text",
                "block_id": "vlZ",
                "elements": [
                    {
                        "type": "rich_text_section",
                        "elements": [
                            {
                                "type": "text",
                                "text": "Charly en cuanto tengas oportunidad nos comentas como manejar  a nivel prg una llamada como por ejemplo "
                            },
                            {
                                "type": "link",
                                "url": "http:\/\/localhost\/cliente\/1"
                            },
                            {
                                "type": "text",
                                "text": " o bien como resolver las diferentes formas de este tipo de llamadas. En lo particular yo estuve jugando con Xbase++, mas bien con xb2net viendo o separando el contenido, la ruta, el método, para lograr hacer esto."
                            }
                        ]
                    }
                ]
            }
        ]
    },
    {
        "client_msg_id": "a2251f9b-5b9d-41ac-a3fc-193b311440f1",
        "type": "message",
        "text": "Estas entrando en el mundo MVC. Todo esto esta resuelto en la libreria Mercury",
        "user": "UJWR5N32S",
        "ts": "1582133249.236800",
        "team": "TJH5YU202",
        "user_team": "TJH5YU202",
        "source_team": "TJH5YU202",
        "user_profile": {
            "avatar_hash": "273d3745f7ae",
            "image_72": "https:\/\/avatars.slack-edge.com\/2019-05-20\/634344238497_273d3745f7ae1b176b82_72.jpg",
            "first_name": "Charly",
            "real_name": "Charly",
            "display_name": "Charly",
            "team": "TJH5YU202",
            "name": "carles9000",
            "is_restricted": false,
            "is_ultra_restricted": false
        },
        "blocks": [
            {
                "type": "rich_text",
                "block_id": "HC5",
                "elements": [
                    {
                        "type": "rich_text_section",
                        "elements": [
                            {
                                "type": "text",
                                "text": "Estas entrando en el mundo MVC. Todo esto esta resuelto en la libreria Mercury"
                            }
                        ]
                    }
                ]
            }
        ]
    },
    {
        "client_msg_id": "a7363d1c-72df-413a-9802-0efaa0b6b86b",
        "type": "message",
        "text": "<https:\/\/github.com\/carles9000\/mercury>",
        "user": "UJWR5N32S",
        "ts": "1582133253.237000",
        "team": "TJH5YU202",
        "user_team": "TJH5YU202",
        "source_team": "TJH5YU202",
        "user_profile": {
            "avatar_hash": "273d3745f7ae",
            "image_72": "https:\/\/avatars.slack-edge.com\/2019-05-20\/634344238497_273d3745f7ae1b176b82_72.jpg",
            "first_name": "Charly",
            "real_name": "Charly",
            "display_name": "Charly",
            "team": "TJH5YU202",
            "name": "carles9000",
            "is_restricted": false,
            "is_ultra_restricted": false
        },
        "attachments": [
            {
                "service_name": "GitHub",
                "title": "carles9000\/mercury",
                "title_link": "https:\/\/github.com\/carles9000\/mercury",
                "text": "MVC Mercury - Model\/View\/Controller for Harbour for Web - carles9000\/mercury",
                "fallback": "GitHub: carles9000\/mercury",
                "thumb_url": "https:\/\/avatars3.githubusercontent.com\/u\/13433884?s=400&v=4",
                "from_url": "https:\/\/github.com\/carles9000\/mercury",
                "thumb_width": 170,
                "thumb_height": 170,
                "service_icon": "https:\/\/a.slack-edge.com\/80588\/img\/unfurl_icons\/github.png",
                "id": 1,
                "original_url": "https:\/\/github.com\/carles9000\/mercury"
            }
        ],
        "blocks": [
            {
                "type": "rich_text",
                "block_id": "0Azgu",
                "elements": [
                    {
                        "type": "rich_text_section",
                        "elements": [
                            {
                                "type": "link",
                                "url": "https:\/\/github.com\/carles9000\/mercury"
                            }
                        ]
                    }
                ]
            }
        ]
    },
    {
        "client_msg_id": "36fc282e-d2ba-419f-9bd3-00aacfc9d0bd",
        "type": "message",
        "text": "Si no te lo quiere bajar, aqui va el manual",
        "user": "UJWR5N32S",
        "ts": "1582133274.237600",
        "team": "TJH5YU202",
        "user_team": "TJH5YU202",
        "source_team": "TJH5YU202",
        "user_profile": {
            "avatar_hash": "273d3745f7ae",
            "image_72": "https:\/\/avatars.slack-edge.com\/2019-05-20\/634344238497_273d3745f7ae1b176b82_72.jpg",
            "first_name": "Charly",
            "real_name": "Charly",
            "display_name": "Charly",
            "team": "TJH5YU202",
            "name": "carles9000",
            "is_restricted": false,
            "is_ultra_restricted": false
        },
        "blocks": [
            {
                "type": "rich_text",
                "block_id": "XiDq",
                "elements": [
                    {
                        "type": "rich_text_section",
                        "elements": [
                            {
                                "type": "text",
                                "text": "Si no te lo quiere bajar, aqui va el manual"
                            }
                        ]
                    }
                ]
            }
        ]
    },
    {
        "type": "message",
        "text": "",
        "files": [
            {
                "id": "FU9FBRMAT",
                "created": 1582133280,
                "timestamp": 1582133280,
                "name": "hfw_mercury.pdf",
                "title": "hfw_mercury.pdf",
                "mimetype": "application\/pdf",
                "filetype": "pdf",
                "pretty_type": "PDF",
                "user": "UJWR5N32S",
                "editable": false,
                "size": 482340,
                "mode": "hosted",
                "is_external": false,
                "external_type": "",
                "is_public": true,
                "public_url_shared": false,
                "display_as_bot": false,
                "username": "",
                "url_private": "https:\/\/files.slack.com\/files-pri\/TJH5YU202-FU9FBRMAT\/hfw_mercury.pdf?t=xoxe-629202954002-1115206499825-1101204359349-48e7ea248bf98b7fac300966398406ac",
                "url_private_download": "https:\/\/files.slack.com\/files-pri\/TJH5YU202-FU9FBRMAT\/download\/hfw_mercury.pdf?t=xoxe-629202954002-1115206499825-1101204359349-48e7ea248bf98b7fac300966398406ac",
                "thumb_pdf": "https:\/\/files.slack.com\/files-tmb\/TJH5YU202-FU9FBRMAT-5c29f940b3\/hfw_mercury_thumb_pdf.png?t=xoxe-629202954002-1115206499825-1101204359349-48e7ea248bf98b7fac300966398406ac",
                "thumb_pdf_w": 909,
                "thumb_pdf_h": 1286,
                "permalink": "https:\/\/harbourproject.slack.com\/files\/UJWR5N32S\/FU9FBRMAT\/hfw_mercury.pdf",
                "permalink_public": "https:\/\/slack-files.com\/TJH5YU202-FU9FBRMAT-18d2a1a558",
                "is_starred": false,
                "has_rich_preview": false
            }
        ],
        "upload": true,
        "user": "UJWR5N32S",
        "display_as_bot": false,
        "ts": "1582133283.237700",
        "client_msg_id": "6ebfe742-f7b1-44f4-ba07-5f25c01d8877"
    },
    {
        "client_msg_id": "92575e7f-808a-41f1-a3c4-dc4990108ee8",
        "type": "message",
        "text": "Excelente!!!! a revisarlo!",
        "user": "UJUSD6VB2",
        "ts": "1582139582.238200",
        "team": "TJH5YU202",
        "user_team": "TJH5YU202",
        "source_team": "TJH5YU202",
        "user_profile": {
            "avatar_hash": "g1677a02d0b6",
            "image_72": "https:\/\/secure.gravatar.com\/avatar\/bb1677a02d0b69ba91eb245090c7c83a.jpg?s=72&d=https%3A%2F%2Fa.slack-edge.com%2Fdf10d%2Fimg%2Favatars%2Fava_0015-72.png",
            "first_name": "",
            "real_name": "Osvaldo Ramirez",
            "display_name": "Osvaldo Ramirez",
            "team": "TJH5YU202",
            "name": "ramirezosvaldo",
            "is_restricted": false,
            "is_ultra_restricted": false
        },
        "blocks": [
            {
                "type": "rich_text",
                "block_id": "NwhJ",
                "elements": [
                    {
                        "type": "rich_text_section",
                        "elements": [
                            {
                                "type": "text",
                                "text": "Excelente!!!! a revisarlo!"
                            }
                        ]
                    }
                ]
            }
        ]
    },
    {
        "client_msg_id": "abcd7263-c249-47ea-b581-94a917b2068b",
        "type": "message",
        "text": "Se puede hacer un prg, el nunca termine, y que cada cierto tiempo envíe pedacitos de informacion a la pagina web ?,  Con esto para evitar poner en javascript algún código que este llamando el prg para ver ciertos movimientos ?",
        "user": "UJUSD6VB2",
        "ts": "1582142892.240300",
        "team": "TJH5YU202",
        "user_team": "TJH5YU202",
        "source_team": "TJH5YU202",
        "user_profile": {
            "avatar_hash": "g1677a02d0b6",
            "image_72": "https:\/\/secure.gravatar.com\/avatar\/bb1677a02d0b69ba91eb245090c7c83a.jpg?s=72&d=https%3A%2F%2Fa.slack-edge.com%2Fdf10d%2Fimg%2Favatars%2Fava_0015-72.png",
            "first_name": "",
            "real_name": "Osvaldo Ramirez",
            "display_name": "Osvaldo Ramirez",
            "team": "TJH5YU202",
            "name": "ramirezosvaldo",
            "is_restricted": false,
            "is_ultra_restricted": false
        },
        "blocks": [
            {
                "type": "rich_text",
                "block_id": "=D0a",
                "elements": [
                    {
                        "type": "rich_text_section",
                        "elements": [
                            {
                                "type": "text",
                                "text": "Se puede hacer un prg, el nunca termine, y que cada cierto tiempo envíe pedacitos de informacion a la pagina web ?,  Con esto para evitar poner en javascript algún código que este llamando el prg para ver ciertos movimientos ?"
                            }
                        ]
                    }
                ]
            }
        ]
    },
    {
        "client_msg_id": "5b3cf14b-bbb0-4222-8e71-827a27ae9041",
        "type": "message",
        "text": "Pregunto porque lo que se ha estado platicando es que un prg, no lleve mucho tiempo en su proceso y si lleva mucho tiempo entonces de manera automática lo tumba.",
        "user": "UJUSD6VB2",
        "ts": "1582142930.241200",
        "team": "TJH5YU202",
        "user_team": "TJH5YU202",
        "source_team": "TJH5YU202",
        "user_profile": {
            "avatar_hash": "g1677a02d0b6",
            "image_72": "https:\/\/secure.gravatar.com\/avatar\/bb1677a02d0b69ba91eb245090c7c83a.jpg?s=72&d=https%3A%2F%2Fa.slack-edge.com%2Fdf10d%2Fimg%2Favatars%2Fava_0015-72.png",
            "first_name": "",
            "real_name": "Osvaldo Ramirez",
            "display_name": "Osvaldo Ramirez",
            "team": "TJH5YU202",
            "name": "ramirezosvaldo",
            "is_restricted": false,
            "is_ultra_restricted": false
        },
        "blocks": [
            {
                "type": "rich_text",
                "block_id": "eeAu",
                "elements": [
                    {
                        "type": "rich_text_section",
                        "elements": [
                            {
                                "type": "text",
                                "text": "Pregunto porque lo que se ha estado platicando es que un prg, no lleve mucho tiempo en su proceso y si lleva mucho tiempo entonces de manera automática lo tumba."
                            }
                        ]
                    }
                ]
            }
        ]
    },
    {
        "client_msg_id": "f7ade701-e5d7-424e-abb0-07bb637424f0",
        "type": "message",
        "text": "Es técnicamente posible hacerlo",
        "user": "UNAHBRTFA",
        "ts": "1582142959.241600",
        "team": "TJH5YU202",
        "user_team": "TJH5YU202",
        "source_team": "TJH5YU202",
        "user_profile": {
            "avatar_hash": "g3d2a3f4c28c",
            "image_72": "https:\/\/secure.gravatar.com\/avatar\/23d2a3f4c28cebb4cf07e48d02620517.jpg?s=72&d=https%3A%2F%2Fa.slack-edge.com%2Fdf10d%2Fimg%2Favatars%2Fava_0020-72.png",
            "first_name": "Andreu",
            "real_name": "Andreu Botella",
            "display_name": "Andreu Botella",
            "team": "TJH5YU202",
            "name": "andreu.132",
            "is_restricted": false,
            "is_ultra_restricted": false
        },
        "blocks": [
            {
                "type": "rich_text",
                "block_id": "k1i6",
                "elements": [
                    {
                        "type": "rich_text_section",
                        "elements": [
                            {
                                "type": "text",
                                "text": "Es técnicamente posible hacerlo"
                            }
                        ]
                    }
                ]
            }
        ]
    },
    {
        "client_msg_id": "b84ae901-1ac7-4435-bd85-844b16958b7f",
        "type": "message",
        "text": "pero no sé si se puede con mod_harbour tal y como está ahora, aunque se quitara el timeout",
        "user": "UNAHBRTFA",
        "ts": "1582143005.242400",
        "team": "TJH5YU202",
        "user_team": "TJH5YU202",
        "source_team": "TJH5YU202",
        "user_profile": {
            "avatar_hash": "g3d2a3f4c28c",
            "image_72": "https:\/\/secure.gravatar.com\/avatar\/23d2a3f4c28cebb4cf07e48d02620517.jpg?s=72&d=https%3A%2F%2Fa.slack-edge.com%2Fdf10d%2Fimg%2Favatars%2Fava_0020-72.png",
            "first_name": "Andreu",
            "real_name": "Andreu Botella",
            "display_name": "Andreu Botella",
            "team": "TJH5YU202",
            "name": "andreu.132",
            "is_restricted": false,
            "is_ultra_restricted": false
        },
        "blocks": [
            {
                "type": "rich_text",
                "block_id": "9ZADN",
                "elements": [
                    {
                        "type": "rich_text_section",
                        "elements": [
                            {
                                "type": "text",
                                "text": "pero no sé si se puede con mod_harbour tal y como está ahora, aunque se quitara el timeout"
                            }
                        ]
                    }
                ]
            }
        ]
    },
    {
        "client_msg_id": "30b809af-0e1d-480a-82ed-c1cf9aba2138",
        "type": "message",
        "text": "Ok",
        "user": "UJUSD6VB2",
        "ts": "1582143025.242600",
        "team": "TJH5YU202",
        "user_team": "TJH5YU202",
        "source_team": "TJH5YU202",
        "user_profile": {
            "avatar_hash": "g1677a02d0b6",
            "image_72": "https:\/\/secure.gravatar.com\/avatar\/bb1677a02d0b69ba91eb245090c7c83a.jpg?s=72&d=https%3A%2F%2Fa.slack-edge.com%2Fdf10d%2Fimg%2Favatars%2Fava_0015-72.png",
            "first_name": "",
            "real_name": "Osvaldo Ramirez",
            "display_name": "Osvaldo Ramirez",
            "team": "TJH5YU202",
            "name": "ramirezosvaldo",
            "is_restricted": false,
            "is_ultra_restricted": false
        },
        "blocks": [
            {
                "type": "rich_text",
                "block_id": "jqxb2",
                "elements": [
                    {
                        "type": "rich_text_section",
                        "elements": [
                            {
                                "type": "text",
                                "text": "Ok"
                            }
                        ]
                    }
                ]
            }
        ]
    },
    {
        "client_msg_id": "c9c8c3a7-2fac-46de-9695-82871c3cf32f",
        "type": "message",
        "text": "WebSockets es probablemente la manera más fácil desde javascript, y con la que tendrás más ejemplos, pero estoy casi seguro de que se le va a atragantar a mod_harbour",
        "user": "UNAHBRTFA",
        "ts": "1582143150.243800",
        "team": "TJH5YU202",
        "user_team": "TJH5YU202",
        "source_team": "TJH5YU202",
        "user_profile": {
            "avatar_hash": "g3d2a3f4c28c",
            "image_72": "https:\/\/secure.gravatar.com\/avatar\/23d2a3f4c28cebb4cf07e48d02620517.jpg?s=72&d=https%3A%2F%2Fa.slack-edge.com%2Fdf10d%2Fimg%2Favatars%2Fava_0020-72.png",
            "first_name": "Andreu",
            "real_name": "Andreu Botella",
            "display_name": "Andreu Botella",
            "team": "TJH5YU202",
            "name": "andreu.132",
            "is_restricted": false,
            "is_ultra_restricted": false
        },
        "blocks": [
            {
                "type": "rich_text",
                "block_id": "i1cr4",
                "elements": [
                    {
                        "type": "rich_text_section",
                        "elements": [
                            {
                                "type": "text",
                                "text": "WebSockets es probablemente la manera más fácil desde javascript, y con la que tendrás más ejemplos, pero estoy casi seguro de que se le va a atragantar a mod_harbour"
                            }
                        ]
                    }
                ]
            }
        ]
    },
    {
        "client_msg_id": "1f04af84-1043-47ac-938a-89f93e9e628c",
        "type": "message",
        "text": "Si, tienes razón, me olvide de websocket",
        "user": "UJUSD6VB2",
        "ts": "1582143185.244700",
        "team": "TJH5YU202",
        "user_team": "TJH5YU202",
        "source_team": "TJH5YU202",
        "user_profile": {
            "avatar_hash": "g1677a02d0b6",
            "image_72": "https:\/\/secure.gravatar.com\/avatar\/bb1677a02d0b69ba91eb245090c7c83a.jpg?s=72&d=https%3A%2F%2Fa.slack-edge.com%2Fdf10d%2Fimg%2Favatars%2Fava_0015-72.png",
            "first_name": "",
            "real_name": "Osvaldo Ramirez",
            "display_name": "Osvaldo Ramirez",
            "team": "TJH5YU202",
            "name": "ramirezosvaldo",
            "is_restricted": false,
            "is_ultra_restricted": false
        },
        "blocks": [
            {
                "type": "rich_text",
                "block_id": "=rwa",
                "elements": [
                    {
                        "type": "rich_text_section",
                        "elements": [
                            {
                                "type": "text",
                                "text": "Si, tienes razón, me olvide de websocket"
                            }
                        ]
                    }
                ]
            }
        ]
    },
    {
        "client_msg_id": "9ac96780-af51-4d8c-acc6-dc4ce4516133",
        "type": "message",
        "text": "Es posible que los server-sent events puedan funcionar",
        "user": "UNAHBRTFA",
        "ts": "1582143220.245200",
        "team": "TJH5YU202",
        "user_team": "TJH5YU202",
        "source_team": "TJH5YU202",
        "user_profile": {
            "avatar_hash": "g3d2a3f4c28c",
            "image_72": "https:\/\/secure.gravatar.com\/avatar\/23d2a3f4c28cebb4cf07e48d02620517.jpg?s=72&d=https%3A%2F%2Fa.slack-edge.com%2Fdf10d%2Fimg%2Favatars%2Fava_0020-72.png",
            "first_name": "Andreu",
            "real_name": "Andreu Botella",
            "display_name": "Andreu Botella",
            "team": "TJH5YU202",
            "name": "andreu.132",
            "is_restricted": false,
            "is_ultra_restricted": false
        },
        "blocks": [
            {
                "type": "rich_text",
                "block_id": "ImX4n",
                "elements": [
                    {
                        "type": "rich_text_section",
                        "elements": [
                            {
                                "type": "text",
                                "text": "Es posible que los server-sent events puedan funcionar"
                            }
                        ]
                    }
                ]
            }
        ]
    },
    {
        "client_msg_id": "742cec9b-b115-4a98-b933-b85e0500e066",
        "type": "message",
        "text": "<https:\/\/html.spec.whatwg.org\/multipage\/server-sent-events.html>",
        "user": "UNAHBRTFA",
        "ts": "1582143222.245300",
        "team": "TJH5YU202",
        "user_team": "TJH5YU202",
        "source_team": "TJH5YU202",
        "user_profile": {
            "avatar_hash": "g3d2a3f4c28c",
            "image_72": "https:\/\/secure.gravatar.com\/avatar\/23d2a3f4c28cebb4cf07e48d02620517.jpg?s=72&d=https%3A%2F%2Fa.slack-edge.com%2Fdf10d%2Fimg%2Favatars%2Fava_0020-72.png",
            "first_name": "Andreu",
            "real_name": "Andreu Botella",
            "display_name": "Andreu Botella",
            "team": "TJH5YU202",
            "name": "andreu.132",
            "is_restricted": false,
            "is_ultra_restricted": false
        },
        "blocks": [
            {
                "type": "rich_text",
                "block_id": "yYX",
                "elements": [
                    {
                        "type": "rich_text_section",
                        "elements": [
                            {
                                "type": "link",
                                "url": "https:\/\/html.spec.whatwg.org\/multipage\/server-sent-events.html"
                            }
                        ]
                    }
                ]
            }
        ]
    },
    {
        "client_msg_id": "bbbb18b8-cca3-4dff-8b29-6fdc255eda6d",
        "type": "message",
        "text": "al menos si sacas la cabecera `Transfer-Encoding: chunked`",
        "user": "UNAHBRTFA",
        "ts": "1582143249.245900",
        "team": "TJH5YU202",
        "user_team": "TJH5YU202",
        "source_team": "TJH5YU202",
        "user_profile": {
            "avatar_hash": "g3d2a3f4c28c",
            "image_72": "https:\/\/secure.gravatar.com\/avatar\/23d2a3f4c28cebb4cf07e48d02620517.jpg?s=72&d=https%3A%2F%2Fa.slack-edge.com%2Fdf10d%2Fimg%2Favatars%2Fava_0020-72.png",
            "first_name": "Andreu",
            "real_name": "Andreu Botella",
            "display_name": "Andreu Botella",
            "team": "TJH5YU202",
            "name": "andreu.132",
            "is_restricted": false,
            "is_ultra_restricted": false
        },
        "blocks": [
            {
                "type": "rich_text",
                "block_id": "P\/j",
                "elements": [
                    {
                        "type": "rich_text_section",
                        "elements": [
                            {
                                "type": "text",
                                "text": "al menos si sacas la cabecera "
                            },
                            {
                                "type": "text",
                                "text": "Transfer-Encoding: chunked",
                                "style": {
                                    "code": true
                                }
                            }
                        ]
                    }
                ]
            }
        ]
    },
    {
        "client_msg_id": "f81b0dd2-5c4c-4047-b03c-2cfcfc0a1848",
        "type": "message",
        "text": "pero no lo he probado",
        "user": "UNAHBRTFA",
        "ts": "1582143277.246500",
        "team": "TJH5YU202",
        "user_team": "TJH5YU202",
        "source_team": "TJH5YU202",
        "user_profile": {
            "avatar_hash": "g3d2a3f4c28c",
            "image_72": "https:\/\/secure.gravatar.com\/avatar\/23d2a3f4c28cebb4cf07e48d02620517.jpg?s=72&d=https%3A%2F%2Fa.slack-edge.com%2Fdf10d%2Fimg%2Favatars%2Fava_0020-72.png",
            "first_name": "Andreu",
            "real_name": "Andreu Botella",
            "display_name": "Andreu Botella",
            "team": "TJH5YU202",
            "name": "andreu.132",
            "is_restricted": false,
            "is_ultra_restricted": false
        },
        "blocks": [
            {
                "type": "rich_text",
                "block_id": "mgwtG",
                "elements": [
                    {
                        "type": "rich_text_section",
                        "elements": [
                            {
                                "type": "text",
                                "text": "pero no lo he probado"
                            }
                        ]
                    }
                ]
            }
        ]
    },
    {
        "client_msg_id": "0ae10c2b-7411-4297-9b75-a821ce530529",
        "type": "message",
        "text": "Ahora de igual forma si con modharbour, pues en el mismo server tenemos php",
        "user": "UJUSD6VB2",
        "ts": "1582143286.246700",
        "team": "TJH5YU202",
        "user_team": "TJH5YU202",
        "source_team": "TJH5YU202",
        "user_profile": {
            "avatar_hash": "g1677a02d0b6",
            "image_72": "https:\/\/secure.gravatar.com\/avatar\/bb1677a02d0b69ba91eb245090c7c83a.jpg?s=72&d=https%3A%2F%2Fa.slack-edge.com%2Fdf10d%2Fimg%2Favatars%2Fava_0015-72.png",
            "first_name": "",
            "real_name": "Osvaldo Ramirez",
            "display_name": "Osvaldo Ramirez",
            "team": "TJH5YU202",
            "name": "ramirezosvaldo",
            "is_restricted": false,
            "is_ultra_restricted": false
        },
        "blocks": [
            {
                "type": "rich_text",
                "block_id": "PN=",
                "elements": [
                    {
                        "type": "rich_text_section",
                        "elements": [
                            {
                                "type": "text",
                                "text": "Ahora de igual forma si con modharbour, pues en el mismo server tenemos php"
                            }
                        ]
                    }
                ]
            }
        ]
    },
    {
        "client_msg_id": "33d63e65-74c9-4802-bbc6-ea9d1ad3cb57",
        "type": "message",
        "text": "Inicio con una prueba  y les comento.",
        "user": "UJUSD6VB2",
        "ts": "1582143318.247100",
        "team": "TJH5YU202",
        "user_team": "TJH5YU202",
        "source_team": "TJH5YU202",
        "user_profile": {
            "avatar_hash": "g1677a02d0b6",
            "image_72": "https:\/\/secure.gravatar.com\/avatar\/bb1677a02d0b69ba91eb245090c7c83a.jpg?s=72&d=https%3A%2F%2Fa.slack-edge.com%2Fdf10d%2Fimg%2Favatars%2Fava_0015-72.png",
            "first_name": "",
            "real_name": "Osvaldo Ramirez",
            "display_name": "Osvaldo Ramirez",
            "team": "TJH5YU202",
            "name": "ramirezosvaldo",
            "is_restricted": false,
            "is_ultra_restricted": false
        },
        "blocks": [
            {
                "type": "rich_text",
                "block_id": "hVCiO",
                "elements": [
                    {
                        "type": "rich_text_section",
                        "elements": [
                            {
                                "type": "text",
                                "text": "Inicio con una prueba  y les comento."
                            }
                        ]
                    }
                ]
            }
        ]
    },
    {
        "client_msg_id": "e0f6f8af-3780-464d-bc6b-f12baa8b0112",
        "type": "message",
        "text": "Todo el dia liado con mod_harbour OSX... :slightly_smiling_face:",
        "user": "UJN8D8U3B",
        "ts": "1582144362.247500",
        "team": "TJH5YU202",
        "user_team": "TJH5YU202",
        "source_team": "TJH5YU202",
        "user_profile": {
            "avatar_hash": "g92ad2abcc45",
            "image_72": "https:\/\/secure.gravatar.com\/avatar\/8492ad2abcc45ce53969adcf8420acde.jpg?s=72&d=https%3A%2F%2Fa.slack-edge.com%2Fdf10d%2Fimg%2Favatars%2Fava_0008-72.png",
            "first_name": "",
            "real_name": "Antonio Linares",
            "display_name": "Antonio Linares",
            "team": "TJH5YU202",
            "name": "alinares",
            "is_restricted": false,
            "is_ultra_restricted": false
        },
        "blocks": [
            {
                "type": "rich_text",
                "block_id": "ci5e",
                "elements": [
                    {
                        "type": "rich_text_section",
                        "elements": [
                            {
                                "type": "text",
                                "text": "Todo el dia liado con mod_harbour OSX... "
                            },
                            {
                                "type": "emoji",
                                "name": "slightly_smiling_face"
                            }
                        ]
                    }
                ]
            }
        ]
    },
    {
        "client_msg_id": "0c6556ae-c3ed-416a-813f-7a5a4606f49e",
        "type": "message",
        "text": "ya casi está",
        "user": "UJN8D8U3B",
        "ts": "1582144371.247700",
        "team": "TJH5YU202",
        "user_team": "TJH5YU202",
        "source_team": "TJH5YU202",
        "user_profile": {
            "avatar_hash": "g92ad2abcc45",
            "image_72": "https:\/\/secure.gravatar.com\/avatar\/8492ad2abcc45ce53969adcf8420acde.jpg?s=72&d=https%3A%2F%2Fa.slack-edge.com%2Fdf10d%2Fimg%2Favatars%2Fava_0008-72.png",
            "first_name": "",
            "real_name": "Antonio Linares",
            "display_name": "Antonio Linares",
            "team": "TJH5YU202",
            "name": "alinares",
            "is_restricted": false,
            "is_ultra_restricted": false
        },
        "blocks": [
            {
                "type": "rich_text",
                "block_id": "=aJ",
                "elements": [
                    {
                        "type": "rich_text_section",
                        "elements": [
                            {
                                "type": "text",
                                "text": "ya casi está"
                            }
                        ]
                    }
                ]
            }
        ]
    },
    {
        "client_msg_id": "0fbe9675-33f7-4bc4-837a-382ffdaf049c",
        "type": "message",
        "text": "después de esto, quiero ir a por el multihilo... :wink:",
        "user": "UJN8D8U3B",
        "ts": "1582144389.248100",
        "team": "TJH5YU202",
        "user_team": "TJH5YU202",
        "source_team": "TJH5YU202",
        "user_profile": {
            "avatar_hash": "g92ad2abcc45",
            "image_72": "https:\/\/secure.gravatar.com\/avatar\/8492ad2abcc45ce53969adcf8420acde.jpg?s=72&d=https%3A%2F%2Fa.slack-edge.com%2Fdf10d%2Fimg%2Favatars%2Fava_0008-72.png",
            "first_name": "",
            "real_name": "Antonio Linares",
            "display_name": "Antonio Linares",
            "team": "TJH5YU202",
            "name": "alinares",
            "is_restricted": false,
            "is_ultra_restricted": false
        },
        "blocks": [
            {
                "type": "rich_text",
                "block_id": "qYSP0",
                "elements": [
                    {
                        "type": "rich_text_section",
                        "elements": [
                            {
                                "type": "text",
                                "text": "después de esto, quiero ir a por el multihilo... "
                            },
                            {
                                "type": "emoji",
                                "name": "wink"
                            }
                        ]
                    }
                ]
            }
        ]
    },
    {
        "client_msg_id": "14eb2e77-8a72-41d2-b5db-e933ac54a267",
        "type": "message",
        "text": "Como podriamos saber donde está instalado mod_harbour.so ?",
        "user": "UJN8D8U3B",
        "ts": "1582145354.249100",
        "team": "TJH5YU202",
        "user_team": "TJH5YU202",
        "source_team": "TJH5YU202",
        "user_profile": {
            "avatar_hash": "g92ad2abcc45",
            "image_72": "https:\/\/secure.gravatar.com\/avatar\/8492ad2abcc45ce53969adcf8420acde.jpg?s=72&d=https%3A%2F%2Fa.slack-edge.com%2Fdf10d%2Fimg%2Favatars%2Fava_0008-72.png",
            "first_name": "",
            "real_name": "Antonio Linares",
            "display_name": "Antonio Linares",
            "team": "TJH5YU202",
            "name": "alinares",
            "is_restricted": false,
            "is_ultra_restricted": false
        },
        "blocks": [
            {
                "type": "rich_text",
                "block_id": "IGZX",
                "elements": [
                    {
                        "type": "rich_text_section",
                        "elements": [
                            {
                                "type": "text",
                                "text": "Como podriamos saber donde está instalado mod_harbour.so ?"
                            }
                        ]
                    }
                ]
            }
        ]
    },
    {
        "client_msg_id": "e946860a-6e3f-410a-8892-7de5caba7522",
        "type": "message",
        "text": "Que función nos podría dar su path ?",
        "user": "UJN8D8U3B",
        "ts": "1582145380.249600",
        "team": "TJH5YU202",
        "user_team": "TJH5YU202",
        "source_team": "TJH5YU202",
        "user_profile": {
            "avatar_hash": "g92ad2abcc45",
            "image_72": "https:\/\/secure.gravatar.com\/avatar\/8492ad2abcc45ce53969adcf8420acde.jpg?s=72&d=https%3A%2F%2Fa.slack-edge.com%2Fdf10d%2Fimg%2Favatars%2Fava_0008-72.png",
            "first_name": "",
            "real_name": "Antonio Linares",
            "display_name": "Antonio Linares",
            "team": "TJH5YU202",
            "name": "alinares",
            "is_restricted": false,
            "is_ultra_restricted": false
        },
        "blocks": [
            {
                "type": "rich_text",
                "block_id": "hc9",
                "elements": [
                    {
                        "type": "rich_text_section",
                        "elements": [
                            {
                                "type": "text",
                                "text": "Que función nos podría dar su path ?"
                            }
                        ]
                    }
                ]
            }
        ]
    },
    {
        "client_msg_id": "f9bc4810-1dc0-4526-a279-1bda21d2fc52",
        "type": "message",
        "text": "Es que OSX trae un apache por defecto, pero sin ficheros de cabecera ni librerias...",
        "user": "UJN8D8U3B",
        "ts": "1582145442.250500",
        "team": "TJH5YU202",
        "user_team": "TJH5YU202",
        "source_team": "TJH5YU202",
        "user_profile": {
            "avatar_hash": "g92ad2abcc45",
            "image_72": "https:\/\/secure.gravatar.com\/avatar\/8492ad2abcc45ce53969adcf8420acde.jpg?s=72&d=https%3A%2F%2Fa.slack-edge.com%2Fdf10d%2Fimg%2Favatars%2Fava_0008-72.png",
            "first_name": "",
            "real_name": "Antonio Linares",
            "display_name": "Antonio Linares",
            "team": "TJH5YU202",
            "name": "alinares",
            "is_restricted": false,
            "is_ultra_restricted": false
        },
        "blocks": [
            {
                "type": "rich_text",
                "block_id": "g5+",
                "elements": [
                    {
                        "type": "rich_text_section",
                        "elements": [
                            {
                                "type": "text",
                                "text": "Es que OSX trae un apache por defecto, pero sin ficheros de cabecera ni librerias..."
                            }
                        ]
                    }
                ]
            }
        ]
    },
    {
        "client_msg_id": "6350ed2c-c1b6-450f-b6ae-0099f9989296",
        "type": "message",
        "text": "asi que para poder construir mod_harbour tenemos que hacer: brew install httpd",
        "user": "UJN8D8U3B",
        "ts": "1582145466.251000",
        "team": "TJH5YU202",
        "user_team": "TJH5YU202",
        "source_team": "TJH5YU202",
        "user_profile": {
            "avatar_hash": "g92ad2abcc45",
            "image_72": "https:\/\/secure.gravatar.com\/avatar\/8492ad2abcc45ce53969adcf8420acde.jpg?s=72&d=https%3A%2F%2Fa.slack-edge.com%2Fdf10d%2Fimg%2Favatars%2Fava_0008-72.png",
            "first_name": "",
            "real_name": "Antonio Linares",
            "display_name": "Antonio Linares",
            "team": "TJH5YU202",
            "name": "alinares",
            "is_restricted": false,
            "is_ultra_restricted": false
        },
        "blocks": [
            {
                "type": "rich_text",
                "block_id": "C4f",
                "elements": [
                    {
                        "type": "rich_text_section",
                        "elements": [
                            {
                                "type": "text",
                                "text": "asi que para poder construir mod_harbour tenemos que hacer: brew install httpd"
                            }
                        ]
                    }
                ]
            }
        ]
    },
    {
        "client_msg_id": "cd653e4b-f0ad-44ad-8959-601eb7f01f5a",
        "type": "message",
        "text": "brew es un manejador de paquetes para OSX al estilo de apt-get",
        "user": "UJN8D8U3B",
        "ts": "1582145482.251400",
        "team": "TJH5YU202",
        "user_team": "TJH5YU202",
        "source_team": "TJH5YU202",
        "user_profile": {
            "avatar_hash": "g92ad2abcc45",
            "image_72": "https:\/\/secure.gravatar.com\/avatar\/8492ad2abcc45ce53969adcf8420acde.jpg?s=72&d=https%3A%2F%2Fa.slack-edge.com%2Fdf10d%2Fimg%2Favatars%2Fava_0008-72.png",
            "first_name": "",
            "real_name": "Antonio Linares",
            "display_name": "Antonio Linares",
            "team": "TJH5YU202",
            "name": "alinares",
            "is_restricted": false,
            "is_ultra_restricted": false
        },
        "blocks": [
            {
                "type": "rich_text",
                "block_id": "pLjqm",
                "elements": [
                    {
                        "type": "rich_text_section",
                        "elements": [
                            {
                                "type": "text",
                                "text": "brew es un manejador de paquetes para OSX al estilo de apt-get"
                            }
                        ]
                    }
                ]
            }
        ]
    },
    {
        "client_msg_id": "ce18d9a5-1054-47af-a7f8-e10c30f760c1",
        "type": "message",
        "text": "la cuestión es que brew no quita el apache anterior, sino que instala otro en otro sitio",
        "user": "UJN8D8U3B",
        "ts": "1582145503.251800",
        "team": "TJH5YU202",
        "user_team": "TJH5YU202",
        "source_team": "TJH5YU202",
        "user_profile": {
            "avatar_hash": "g92ad2abcc45",
            "image_72": "https:\/\/secure.gravatar.com\/avatar\/8492ad2abcc45ce53969adcf8420acde.jpg?s=72&d=https%3A%2F%2Fa.slack-edge.com%2Fdf10d%2Fimg%2Favatars%2Fava_0008-72.png",
            "first_name": "",
            "real_name": "Antonio Linares",
            "display_name": "Antonio Linares",
            "team": "TJH5YU202",
            "name": "alinares",
            "is_restricted": false,
            "is_ultra_restricted": false
        },
        "blocks": [
            {
                "type": "rich_text",
                "block_id": "oCKU",
                "elements": [
                    {
                        "type": "rich_text_section",
                        "elements": [
                            {
                                "type": "text",
                                "text": "la cuestión es que brew no quita el apache anterior, sino que instala otro en otro sitio"
                            }
                        ]
                    }
                ]
            }
        ]
    },
    {
        "client_msg_id": "c54c8df3-de2c-4c73-b579-2c0e6e29cb90",
        "type": "message",
        "text": "de ahi el querer saber donde está el mod_harbour.so que está instalado",
        "user": "UJN8D8U3B",
        "ts": "1582145545.252600",
        "team": "TJH5YU202",
        "user_team": "TJH5YU202",
        "source_team": "TJH5YU202",
        "user_profile": {
            "avatar_hash": "g92ad2abcc45",
            "image_72": "https:\/\/secure.gravatar.com\/avatar\/8492ad2abcc45ce53969adcf8420acde.jpg?s=72&d=https%3A%2F%2Fa.slack-edge.com%2Fdf10d%2Fimg%2Favatars%2Fava_0008-72.png",
            "first_name": "",
            "real_name": "Antonio Linares",
            "display_name": "Antonio Linares",
            "team": "TJH5YU202",
            "name": "alinares",
            "is_restricted": false,
            "is_ultra_restricted": false
        },
        "blocks": [
            {
                "type": "rich_text",
                "block_id": "7xgS",
                "elements": [
                    {
                        "type": "rich_text_section",
                        "elements": [
                            {
                                "type": "text",
                                "text": "de ahi el querer saber donde está el mod_harbour.so que está instalado"
                            }
                        ]
                    }
                ]
            }
        ]
    },
    {
        "client_msg_id": "fa99be8d-cf91-4988-bff7-9439c326ae45",
        "type": "message",
        "text": "Si ya tienes mod_harbour.so en la carpeta de módulos de Apache no entiendo para qué quieres saber dónde está.",
        "user": "UNAHBRTFA",
        "ts": "1582146142.253800",
        "team": "TJH5YU202",
        "user_team": "TJH5YU202",
        "source_team": "TJH5YU202",
        "user_profile": {
            "avatar_hash": "g3d2a3f4c28c",
            "image_72": "https:\/\/secure.gravatar.com\/avatar\/23d2a3f4c28cebb4cf07e48d02620517.jpg?s=72&d=https%3A%2F%2Fa.slack-edge.com%2Fdf10d%2Fimg%2Favatars%2Fava_0020-72.png",
            "first_name": "Andreu",
            "real_name": "Andreu Botella",
            "display_name": "Andreu Botella",
            "team": "TJH5YU202",
            "name": "andreu.132",
            "is_restricted": false,
            "is_ultra_restricted": false
        },
        "blocks": [
            {
                "type": "rich_text",
                "block_id": "96\/",
                "elements": [
                    {
                        "type": "rich_text_section",
                        "elements": [
                            {
                                "type": "text",
                                "text": "Si ya tienes mod_harbour.so en la carpeta de módulos de Apache no entiendo para qué quieres saber dónde está."
                            }
                        ]
                    }
                ]
            }
        ]
    },
    {
        "client_msg_id": "cd4420a6-e084-41fd-90a7-4f405a8446f8",
        "type": "message",
        "text": "Si lo que quieres es saber dónde ponerlo, eso no te lo va a dar una función que puedas llamar desde mod_harbour",
        "user": "UNAHBRTFA",
        "ts": "1582146172.254400",
        "team": "TJH5YU202",
        "user_team": "TJH5YU202",
        "source_team": "TJH5YU202",
        "user_profile": {
            "avatar_hash": "g3d2a3f4c28c",
            "image_72": "https:\/\/secure.gravatar.com\/avatar\/23d2a3f4c28cebb4cf07e48d02620517.jpg?s=72&d=https%3A%2F%2Fa.slack-edge.com%2Fdf10d%2Fimg%2Favatars%2Fava_0020-72.png",
            "first_name": "Andreu",
            "real_name": "Andreu Botella",
            "display_name": "Andreu Botella",
            "team": "TJH5YU202",
            "name": "andreu.132",
            "is_restricted": false,
            "is_ultra_restricted": false
        },
        "blocks": [
            {
                "type": "rich_text",
                "block_id": "Vb8u4",
                "elements": [
                    {
                        "type": "rich_text_section",
                        "elements": [
                            {
                                "type": "text",
                                "text": "Si lo que quieres es saber dónde ponerlo, eso no te lo va a dar una función que puedas llamar desde mod_harbour"
                            }
                        ]
                    }
                ]
            }
        ]
    },
    {
        "client_msg_id": "3c5d8e71-064b-4ee3-9f59-778e612705fd",
        "type": "message",
        "text": "El caso es que puede estar en dos sitios diferentes, segun uses el apache por defecto ó el que instala brew",
        "user": "UJN8D8U3B",
        "ts": "1582146261.256400",
        "team": "TJH5YU202",
        "user_team": "TJH5YU202",
        "source_team": "TJH5YU202",
        "user_profile": {
            "avatar_hash": "g92ad2abcc45",
            "image_72": "https:\/\/secure.gravatar.com\/avatar\/8492ad2abcc45ce53969adcf8420acde.jpg?s=72&d=https%3A%2F%2Fa.slack-edge.com%2Fdf10d%2Fimg%2Favatars%2Fava_0008-72.png",
            "first_name": "",
            "real_name": "Antonio Linares",
            "display_name": "Antonio Linares",
            "team": "TJH5YU202",
            "name": "alinares",
            "is_restricted": false,
            "is_ultra_restricted": false
        },
        "blocks": [
            {
                "type": "rich_text",
                "block_id": "5zs3",
                "elements": [
                    {
                        "type": "rich_text_section",
                        "elements": [
                            {
                                "type": "text",
                                "text": "El caso es que puede estar en dos sitios diferentes, segun uses el apache por defecto ó el que instala brew"
                            }
                        ]
                    }
                ]
            }
        ]
    },
    {
        "client_msg_id": "e929d641-3dbb-40f0-997e-07b310e1d776",
        "type": "message",
        "text": "Eso no cambia nada",
        "user": "UNAHBRTFA",
        "ts": "1582146301.257200",
        "team": "TJH5YU202",
        "user_team": "TJH5YU202",
        "source_team": "TJH5YU202",
        "user_profile": {
            "avatar_hash": "g3d2a3f4c28c",
            "image_72": "https:\/\/secure.gravatar.com\/avatar\/23d2a3f4c28cebb4cf07e48d02620517.jpg?s=72&d=https%3A%2F%2Fa.slack-edge.com%2Fdf10d%2Fimg%2Favatars%2Fava_0020-72.png",
            "first_name": "Andreu",
            "real_name": "Andreu Botella",
            "display_name": "Andreu Botella",
            "team": "TJH5YU202",
            "name": "andreu.132",
            "is_restricted": false,
            "is_ultra_restricted": false
        },
        "blocks": [
            {
                "type": "rich_text",
                "block_id": "jb9",
                "elements": [
                    {
                        "type": "rich_text_section",
                        "elements": [
                            {
                                "type": "text",
                                "text": "Eso no cambia nada"
                            }
                        ]
                    }
                ]
            }
        ]
    },
    {
        "client_msg_id": "c9221a77-8325-43b2-a927-6fdf963bad1d",
        "type": "message",
        "text": "Estoy podría servir, pero no sirve: ? \"*\" + hb_argv( 0 ) + \"*\"",
        "user": "UJN8D8U3B",
        "ts": "1582146309.257700",
        "team": "TJH5YU202",
        "user_team": "TJH5YU202",
        "source_team": "TJH5YU202",
        "user_profile": {
            "avatar_hash": "g92ad2abcc45",
            "image_72": "https:\/\/secure.gravatar.com\/avatar\/8492ad2abcc45ce53969adcf8420acde.jpg?s=72&d=https%3A%2F%2Fa.slack-edge.com%2Fdf10d%2Fimg%2Favatars%2Fava_0008-72.png",
            "first_name": "",
            "real_name": "Antonio Linares",
            "display_name": "Antonio Linares",
            "team": "TJH5YU202",
            "name": "alinares",
            "is_restricted": false,
            "is_ultra_restricted": false
        },
        "blocks": [
            {
                "type": "rich_text",
                "block_id": "1OD",
                "elements": [
                    {
                        "type": "rich_text_section",
                        "elements": [
                            {
                                "type": "text",
                                "text": "Estoy podría servir, pero no sirve: ? \"*\" + hb_argv( 0 ) + \"*\""
                            }
                        ]
                    }
                ]
            }
        ]
    },
    {
        "client_msg_id": "93134e0b-e1f4-4fab-8623-f11f1ea2dade",
        "type": "message",
        "text": "la carpeta de modulos es diferente para cada uno de ellos",
        "user": "UJN8D8U3B",
        "ts": "1582146337.258300",
        "team": "TJH5YU202",
        "user_team": "TJH5YU202",
        "source_team": "TJH5YU202",
        "user_profile": {
            "avatar_hash": "g92ad2abcc45",
            "image_72": "https:\/\/secure.gravatar.com\/avatar\/8492ad2abcc45ce53969adcf8420acde.jpg?s=72&d=https%3A%2F%2Fa.slack-edge.com%2Fdf10d%2Fimg%2Favatars%2Fava_0008-72.png",
            "first_name": "",
            "real_name": "Antonio Linares",
            "display_name": "Antonio Linares",
            "team": "TJH5YU202",
            "name": "alinares",
            "is_restricted": false,
            "is_ultra_restricted": false
        },
        "blocks": [
            {
                "type": "rich_text",
                "block_id": "Vy+",
                "elements": [
                    {
                        "type": "rich_text_section",
                        "elements": [
                            {
                                "type": "text",
                                "text": "la carpeta de modulos es diferente para cada uno de ellos"
                            }
                        ]
                    }
                ]
            }
        ]
    },
    {
        "client_msg_id": "1e8928ab-19c8-40a8-8ded-2eeae00de5fc",
        "type": "message",
        "text": "Y evidentemente has instalado mod_harbour en uno de ellos",
        "user": "UNAHBRTFA",
        "ts": "1582146370.259000",
        "team": "TJH5YU202",
        "user_team": "TJH5YU202",
        "source_team": "TJH5YU202",
        "user_profile": {
            "avatar_hash": "g3d2a3f4c28c",
            "image_72": "https:\/\/secure.gravatar.com\/avatar\/23d2a3f4c28cebb4cf07e48d02620517.jpg?s=72&d=https%3A%2F%2Fa.slack-edge.com%2Fdf10d%2Fimg%2Favatars%2Fava_0020-72.png",
            "first_name": "Andreu",
            "real_name": "Andreu Botella",
            "display_name": "Andreu Botella",
            "team": "TJH5YU202",
            "name": "andreu.132",
            "is_restricted": false,
            "is_ultra_restricted": false
        },
        "blocks": [
            {
                "type": "rich_text",
                "block_id": "PVZA",
                "elements": [
                    {
                        "type": "rich_text_section",
                        "elements": [
                            {
                                "type": "text",
                                "text": "Y evidentemente has instalado mod_harbour en uno de ellos"
                            }
                        ]
                    }
                ]
            }
        ]
    },
    {
        "client_msg_id": "2eac3ceb-9dde-468e-a0a1-c8fe83cdca16",
        "type": "message",
        "text": "cuando llevas horas haciendo pruebas y en distintos ordenadores, empiezas a dudar de todo :smile:",
        "user": "UJN8D8U3B",
        "ts": "1582146391.259600",
        "team": "TJH5YU202",
        "user_team": "TJH5YU202",
        "source_team": "TJH5YU202",
        "user_profile": {
            "avatar_hash": "g92ad2abcc45",
            "image_72": "https:\/\/secure.gravatar.com\/avatar\/8492ad2abcc45ce53969adcf8420acde.jpg?s=72&d=https%3A%2F%2Fa.slack-edge.com%2Fdf10d%2Fimg%2Favatars%2Fava_0008-72.png",
            "first_name": "",
            "real_name": "Antonio Linares",
            "display_name": "Antonio Linares",
            "team": "TJH5YU202",
            "name": "alinares",
            "is_restricted": false,
            "is_ultra_restricted": false
        },
        "blocks": [
            {
                "type": "rich_text",
                "block_id": "fDCN",
                "elements": [
                    {
                        "type": "rich_text_section",
                        "elements": [
                            {
                                "type": "text",
                                "text": "cuando llevas horas haciendo pruebas y en distintos ordenadores, empiezas a dudar de todo "
                            },
                            {
                                "type": "emoji",
                                "name": "smile"
                            }
                        ]
                    }
                ]
            }
        ]
    },
    {
        "client_msg_id": "5f49c3cf-8709-43e2-8562-ca081ad040ca",
        "type": "message",
        "text": "es por asegurarte",
        "user": "UJN8D8U3B",
        "ts": "1582146415.260100",
        "team": "TJH5YU202",
        "user_team": "TJH5YU202",
        "source_team": "TJH5YU202",
        "user_profile": {
            "avatar_hash": "g92ad2abcc45",
            "image_72": "https:\/\/secure.gravatar.com\/avatar\/8492ad2abcc45ce53969adcf8420acde.jpg?s=72&d=https%3A%2F%2Fa.slack-edge.com%2Fdf10d%2Fimg%2Favatars%2Fava_0008-72.png",
            "first_name": "",
            "real_name": "Antonio Linares",
            "display_name": "Antonio Linares",
            "team": "TJH5YU202",
            "name": "alinares",
            "is_restricted": false,
            "is_ultra_restricted": false
        },
        "blocks": [
            {
                "type": "rich_text",
                "block_id": "UnA",
                "elements": [
                    {
                        "type": "rich_text_section",
                        "elements": [
                            {
                                "type": "text",
                                "text": "es por asegurarte"
                            }
                        ]
                    }
                ]
            }
        ]
    },
    {
        "client_msg_id": "c9b3a785-c8cb-454a-ac72-306adf865f63",
        "type": "message",
        "text": "Si tienes una carpeta de módulos con mod_harbour.so y en la otra no (o no sabes dónde está la otra), y un servidor en el que mod_harbour funciona y el otro no, no sé qué problema tienes.",
        "user": "UNAHBRTFA",
        "ts": "1582146444.260800",
        "team": "TJH5YU202",
        "user_team": "TJH5YU202",
        "source_team": "TJH5YU202",
        "user_profile": {
            "avatar_hash": "g3d2a3f4c28c",
            "image_72": "https:\/\/secure.gravatar.com\/avatar\/23d2a3f4c28cebb4cf07e48d02620517.jpg?s=72&d=https%3A%2F%2Fa.slack-edge.com%2Fdf10d%2Fimg%2Favatars%2Fava_0020-72.png",
            "first_name": "Andreu",
            "real_name": "Andreu Botella",
            "display_name": "Andreu Botella",
            "team": "TJH5YU202",
            "name": "andreu.132",
            "is_restricted": false,
            "is_ultra_restricted": false
        },
        "blocks": [
            {
                "type": "rich_text",
                "block_id": "R8z",
                "elements": [
                    {
                        "type": "rich_text_section",
                        "elements": [
                            {
                                "type": "text",
                                "text": "Si tienes una carpeta de módulos con mod_harbour.so y en la otra no (o no sabes dónde está la otra), y un servidor en el que mod_harbour funciona y el otro no, no sé qué problema tienes."
                            }
                        ]
                    }
                ]
            }
        ]
    },
    {
        "client_msg_id": "ca48d5c2-b6c5-473b-a69c-a37f15f34f73",
        "type": "message",
        "text": "bueno, salgo a recoger a mi novia, luego regreso :slightly_smiling_face:",
        "user": "UJN8D8U3B",
        "ts": "1582146463.261200",
        "team": "TJH5YU202",
        "user_team": "TJH5YU202",
        "source_team": "TJH5YU202",
        "user_profile": {
            "avatar_hash": "g92ad2abcc45",
            "image_72": "https:\/\/secure.gravatar.com\/avatar\/8492ad2abcc45ce53969adcf8420acde.jpg?s=72&d=https%3A%2F%2Fa.slack-edge.com%2Fdf10d%2Fimg%2Favatars%2Fava_0008-72.png",
            "first_name": "",
            "real_name": "Antonio Linares",
            "display_name": "Antonio Linares",
            "team": "TJH5YU202",
            "name": "alinares",
            "is_restricted": false,
            "is_ultra_restricted": false
        },
        "blocks": [
            {
                "type": "rich_text",
                "block_id": "UP4",
                "elements": [
                    {
                        "type": "rich_text_section",
                        "elements": [
                            {
                                "type": "text",
                                "text": "bueno, salgo a recoger a mi novia, luego regreso "
                            },
                            {
                                "type": "emoji",
                                "name": "slightly_smiling_face"
                            }
                        ]
                    }
                ]
            }
        ]
    },
    {
        "client_msg_id": "9e7ddb18-c1e0-446a-9ae8-cb32d98167db",
        "type": "message",
        "text": "<@UJUSD6VB2> He estado mirando lo de los server-sent events, y no va a funcionar a menos que convenzas a Antonio de que haga accesible desde mod_harbour la función `ap_rflush` de Apache",
        "user": "UNAHBRTFA",
        "ts": "1582146531.262200",
        "team": "TJH5YU202",
        "user_team": "TJH5YU202",
        "source_team": "TJH5YU202",
        "user_profile": {
            "avatar_hash": "g3d2a3f4c28c",
            "image_72": "https:\/\/secure.gravatar.com\/avatar\/23d2a3f4c28cebb4cf07e48d02620517.jpg?s=72&d=https%3A%2F%2Fa.slack-edge.com%2Fdf10d%2Fimg%2Favatars%2Fava_0020-72.png",
            "first_name": "Andreu",
            "real_name": "Andreu Botella",
            "display_name": "Andreu Botella",
            "team": "TJH5YU202",
            "name": "andreu.132",
            "is_restricted": false,
            "is_ultra_restricted": false
        },
        "edited": {
            "user": "UNAHBRTFA",
            "ts": "1582146566.000000"
        },
        "blocks": [
            {
                "type": "rich_text",
                "block_id": "pcA",
                "elements": [
                    {
                        "type": "rich_text_section",
                        "elements": [
                            {
                                "type": "user",
                                "user_id": "UJUSD6VB2"
                            },
                            {
                                "type": "text",
                                "text": " He estado mirando lo de los server-sent events, y no va a funcionar a menos que convenzas a Antonio de que haga accesible desde mod_harbour la función "
                            },
                            {
                                "type": "text",
                                "text": "ap_rflush",
                                "style": {
                                    "code": true
                                }
                            },
                            {
                                "type": "text",
                                "text": " de Apache"
                            }
                        ]
                    }
                ]
            }
        ]
    },
    {
        "client_msg_id": "768a147b-12ab-4031-a603-a63e165bb90e",
        "type": "message",
        "text": "<https:\/\/ci.apache.org\/projects\/httpd\/trunk\/doxygen\/group__APACHE__CORE__PROTO.html#ga01dbcd3ea8374b3265859aa1b3a2088a>",
        "user": "UNAHBRTFA",
        "ts": "1582146541.262400",
        "team": "TJH5YU202",
        "user_team": "TJH5YU202",
        "source_team": "TJH5YU202",
        "user_profile": {
            "avatar_hash": "g3d2a3f4c28c",
            "image_72": "https:\/\/secure.gravatar.com\/avatar\/23d2a3f4c28cebb4cf07e48d02620517.jpg?s=72&d=https%3A%2F%2Fa.slack-edge.com%2Fdf10d%2Fimg%2Favatars%2Fava_0020-72.png",
            "first_name": "Andreu",
            "real_name": "Andreu Botella",
            "display_name": "Andreu Botella",
            "team": "TJH5YU202",
            "name": "andreu.132",
            "is_restricted": false,
            "is_ultra_restricted": false
        },
        "blocks": [
            {
                "type": "rich_text",
                "block_id": "SkHT",
                "elements": [
                    {
                        "type": "rich_text_section",
                        "elements": [
                            {
                                "type": "link",
                                "url": "https:\/\/ci.apache.org\/projects\/httpd\/trunk\/doxygen\/group__APACHE__CORE__PROTO.html#ga01dbcd3ea8374b3265859aa1b3a2088a"
                            }
                        ]
                    }
                ]
            }
        ]
    },
    {
        "client_msg_id": "5f2c0af1-7828-4db3-b446-9e4f495dd2c7",
        "type": "message",
        "text": "Ah, se ha ido",
        "user": "UNAHBRTFA",
        "ts": "1582146545.262600",
        "team": "TJH5YU202",
        "user_team": "TJH5YU202",
        "source_team": "TJH5YU202",
        "user_profile": {
            "avatar_hash": "g3d2a3f4c28c",
            "image_72": "https:\/\/secure.gravatar.com\/avatar\/23d2a3f4c28cebb4cf07e48d02620517.jpg?s=72&d=https%3A%2F%2Fa.slack-edge.com%2Fdf10d%2Fimg%2Favatars%2Fava_0020-72.png",
            "first_name": "Andreu",
            "real_name": "Andreu Botella",
            "display_name": "Andreu Botella",
            "team": "TJH5YU202",
            "name": "andreu.132",
            "is_restricted": false,
            "is_ultra_restricted": false
        },
        "blocks": [
            {
                "type": "rich_text",
                "block_id": "oUO",
                "elements": [
                    {
                        "type": "rich_text_section",
                        "elements": [
                            {
                                "type": "text",
                                "text": "Ah, se ha ido"
                            }
                        ]
                    }
                ]
            }
        ]
    },
    {
        "client_msg_id": "caf1deac-8b9e-4055-a145-db2731a905b1",
        "type": "message",
        "text": "<@UJN8D8U3B>, podrias usar una variable de entorno y esta utilizarla en el .conf y con esto jugar de la manera que quieras....por ej.\n```export HBSO=\"\/modules\/mod_harbour.so\"```\nY luego en el .conf\n```LoadModule harbour_module ${HBSO}```",
        "user": "UJRQZMTAM",
        "ts": "1582146933.264500",
        "team": "TJH5YU202",
        "user_team": "TJH5YU202",
        "source_team": "TJH5YU202",
        "user_profile": {
            "avatar_hash": "0d8c567df084",
            "image_72": "https:\/\/avatars.slack-edge.com\/2019-11-22\/834908722243_0d8c567df084bf59d639_72.png",
            "first_name": "Diego",
            "real_name": "Diego F",
            "display_name": "Diego F",
            "team": "TJH5YU202",
            "name": "diegohfazio",
            "is_restricted": false,
            "is_ultra_restricted": false
        },
        "edited": {
            "user": "UJRQZMTAM",
            "ts": "1582151120.000000"
        },
        "blocks": [
            {
                "type": "rich_text",
                "block_id": "+mX",
                "elements": [
                    {
                        "type": "rich_text_section",
                        "elements": [
                            {
                                "type": "user",
                                "user_id": "UJN8D8U3B"
                            },
                            {
                                "type": "text",
                                "text": ", podrias usar una variable de entorno y esta utilizarla en el .conf y con esto jugar de la manera que quieras....por ej.\n"
                            }
                        ]
                    },
                    {
                        "type": "rich_text_preformatted",
                        "elements": [
                            {
                                "type": "text",
                                "text": "export HBSO=\"\/modules\/mod_harbour.so\""
                            }
                        ]
                    },
                    {
                        "type": "rich_text_section",
                        "elements": [
                            {
                                "type": "text",
                                "text": "Y luego en el .conf\n"
                            }
                        ]
                    },
                    {
                        "type": "rich_text_preformatted",
                        "elements": [
                            {
                                "type": "text",
                                "text": "LoadModule harbour_module ${HBSO}"
                            }
                        ]
                    }
                ]
            }
        ]
    },
    {
        "client_msg_id": "e3718b74-d623-457d-9baa-dc27e631adc4",
        "type": "message",
        "text": "Tambien le podrias agregar\n```Setenv HBSO ${HBSO} ```\n",
        "user": "UJRQZMTAM",
        "ts": "1582147026.265200",
        "team": "TJH5YU202",
        "user_team": "TJH5YU202",
        "source_team": "TJH5YU202",
        "user_profile": {
            "avatar_hash": "0d8c567df084",
            "image_72": "https:\/\/avatars.slack-edge.com\/2019-11-22\/834908722243_0d8c567df084bf59d639_72.png",
            "first_name": "Diego",
            "real_name": "Diego F",
            "display_name": "Diego F",
            "team": "TJH5YU202",
            "name": "diegohfazio",
            "is_restricted": false,
            "is_ultra_restricted": false
        },
        "blocks": [
            {
                "type": "rich_text",
                "block_id": "Y3s",
                "elements": [
                    {
                        "type": "rich_text_section",
                        "elements": [
                            {
                                "type": "text",
                                "text": "Tambien le podrias agregar\n"
                            }
                        ]
                    },
                    {
                        "type": "rich_text_preformatted",
                        "elements": [
                            {
                                "type": "text",
                                "text": "Setenv HBSO ${HBSO} "
                            }
                        ]
                    },
                    {
                        "type": "rich_text_section",
                        "elements": []
                    }
                ]
            }
        ]
    },
    {
        "client_msg_id": "39094ef0-2cea-472e-8066-e1c03a53ee1e",
        "type": "message",
        "text": "<@UJUSD6VB2> Para los reportes largos yo normalmente echo un proceso independiente que va actualizando un ficherito json a la carpeta de documentos, y enseguida devuelvo el html con un pequeño script que va haciendo fetch al json cada x segundos, y te va mostrando el progreso,  el json incluye un uuid de un evento, así que si te lo quieres cepillar pues haces otra llamada a tu prg que agarra el evento con el uuid y le hace signal. creo que harbour tiene una clasecita parecida a mi TRunProcess. Si que puedes usar websockets y todas esas cosas pero esto es mucho más sencillito, Y la tecnología más avanzada que usas es MemoWrit()",
        "user": "UMZ3LNV5Z",
        "ts": "1582150867.269400",
        "team": "TJH5YU202",
        "user_team": "TJH5YU202",
        "source_team": "TJH5YU202",
        "user_profile": {
            "avatar_hash": "0705cbdb2dc9",
            "image_72": "https:\/\/avatars.slack-edge.com\/2020-02-24\/967980533062_0705cbdb2dc9cb3644bb_72.jpg",
            "first_name": "Pablo",
            "real_name": "Pablo Botella",
            "display_name": "Pablo Botella",
            "team": "TJH5YU202",
            "name": "pb",
            "is_restricted": false,
            "is_ultra_restricted": false
        },
        "edited": {
            "user": "UMZ3LNV5Z",
            "ts": "1582151058.000000"
        },
        "blocks": [
            {
                "type": "rich_text",
                "block_id": "sLB9e",
                "elements": [
                    {
                        "type": "rich_text_section",
                        "elements": [
                            {
                                "type": "user",
                                "user_id": "UJUSD6VB2"
                            },
                            {
                                "type": "text",
                                "text": " Para los reportes largos yo normalmente echo un proceso independiente que va actualizando un ficherito json a la carpeta de documentos, y enseguida devuelvo el html con un pequeño script que va haciendo fetch al json cada x segundos, y te va mostrando el progreso,  el json incluye un uuid de un evento, así que si te lo quieres cepillar pues haces otra llamada a tu prg que agarra el evento con el uuid y le hace signal. creo que harbour tiene una clasecita parecida a mi TRunProcess. Si que puedes usar websockets y todas esas cosas pero esto es mucho más sencillito, Y la tecnología más avanzada que usas es MemoWrit()"
                            }
                        ]
                    }
                ]
            }
        ]
    },
    {
        "client_msg_id": "2247509f-4251-4afb-95ef-5f36e9b6b73b",
        "type": "message",
        "text": "Excelente!",
        "user": "UJUSD6VB2",
        "ts": "1582153278.269800",
        "team": "TJH5YU202",
        "user_team": "TJH5YU202",
        "source_team": "TJH5YU202",
        "user_profile": {
            "avatar_hash": "g1677a02d0b6",
            "image_72": "https:\/\/secure.gravatar.com\/avatar\/bb1677a02d0b69ba91eb245090c7c83a.jpg?s=72&d=https%3A%2F%2Fa.slack-edge.com%2Fdf10d%2Fimg%2Favatars%2Fava_0015-72.png",
            "first_name": "",
            "real_name": "Osvaldo Ramirez",
            "display_name": "Osvaldo Ramirez",
            "team": "TJH5YU202",
            "name": "ramirezosvaldo",
            "is_restricted": false,
            "is_ultra_restricted": false
        },
        "blocks": [
            {
                "type": "rich_text",
                "block_id": "XYa",
                "elements": [
                    {
                        "type": "rich_text_section",
                        "elements": [
                            {
                                "type": "text",
                                "text": "Excelente!"
                            }
                        ]
                    }
                ]
            }
        ]
    },
    {
        "client_msg_id": "24682187-821d-4d35-97cb-6181e7b23558",
        "type": "message",
        "text": "Gracias Pablo",
        "user": "UJUSD6VB2",
        "ts": "1582153281.270000",
        "team": "TJH5YU202",
        "user_team": "TJH5YU202",
        "source_team": "TJH5YU202",
        "user_profile": {
            "avatar_hash": "g1677a02d0b6",
            "image_72": "https:\/\/secure.gravatar.com\/avatar\/bb1677a02d0b69ba91eb245090c7c83a.jpg?s=72&d=https%3A%2F%2Fa.slack-edge.com%2Fdf10d%2Fimg%2Favatars%2Fava_0015-72.png",
            "first_name": "",
            "real_name": "Osvaldo Ramirez",
            "display_name": "Osvaldo Ramirez",
            "team": "TJH5YU202",
            "name": "ramirezosvaldo",
            "is_restricted": false,
            "is_ultra_restricted": false
        },
        "blocks": [
            {
                "type": "rich_text",
                "block_id": "ntEK",
                "elements": [
                    {
                        "type": "rich_text_section",
                        "elements": [
                            {
                                "type": "text",
                                "text": "Gracias Pablo"
                            }
                        ]
                    }
                ]
            }
        ]
    },
    {
        "client_msg_id": "2c92e0b7-ad48-4dc6-b118-4f0c6c3348a5",
        "type": "message",
        "text": "buenos dias :sunny:",
        "user": "UJN8D8U3B",
        "ts": "1582181972.270200",
        "team": "TJH5YU202",
        "user_team": "TJH5YU202",
        "source_team": "TJH5YU202",
        "user_profile": {
            "avatar_hash": "g92ad2abcc45",
            "image_72": "https:\/\/secure.gravatar.com\/avatar\/8492ad2abcc45ce53969adcf8420acde.jpg?s=72&d=https%3A%2F%2Fa.slack-edge.com%2Fdf10d%2Fimg%2Favatars%2Fava_0008-72.png",
            "first_name": "",
            "real_name": "Antonio Linares",
            "display_name": "Antonio Linares",
            "team": "TJH5YU202",
            "name": "alinares",
            "is_restricted": false,
            "is_ultra_restricted": false
        },
        "blocks": [
            {
                "type": "rich_text",
                "block_id": "btp4",
                "elements": [
                    {
                        "type": "rich_text_section",
                        "elements": [
                            {
                                "type": "text",
                                "text": "buenos dias "
                            },
                            {
                                "type": "emoji",
                                "name": "sunny"
                            }
                        ]
                    }
                ]
            }
        ]
    },
    {
        "client_msg_id": "2d3b9577-93af-455e-9cb3-01a022a85db7",
        "type": "message",
        "text": "find, locate or whereis...",
        "user": "UJN8D8U3B",
        "ts": "1582181983.270500",
        "team": "TJH5YU202",
        "user_team": "TJH5YU202",
        "source_team": "TJH5YU202",
        "user_profile": {
            "avatar_hash": "g92ad2abcc45",
            "image_72": "https:\/\/secure.gravatar.com\/avatar\/8492ad2abcc45ce53969adcf8420acde.jpg?s=72&d=https%3A%2F%2Fa.slack-edge.com%2Fdf10d%2Fimg%2Favatars%2Fava_0008-72.png",
            "first_name": "",
            "real_name": "Antonio Linares",
            "display_name": "Antonio Linares",
            "team": "TJH5YU202",
            "name": "alinares",
            "is_restricted": false,
            "is_ultra_restricted": false
        },
        "blocks": [
            {
                "type": "rich_text",
                "block_id": "7bUyo",
                "elements": [
                    {
                        "type": "rich_text_section",
                        "elements": [
                            {
                                "type": "text",
                                "text": "find, locate or whereis..."
                            }
                        ]
                    }
                ]
            }
        ]
    },
    {
        "client_msg_id": "e2b018e8-b6fb-4734-bb8a-69cf113a1218",
        "type": "message",
        "text": "a veces lo tenemos delante de la nariz y no lo vemos...",
        "user": "UJN8D8U3B",
        "ts": "1582181994.270800",
        "team": "TJH5YU202",
        "user_team": "TJH5YU202",
        "source_team": "TJH5YU202",
        "user_profile": {
            "avatar_hash": "g92ad2abcc45",
            "image_72": "https:\/\/secure.gravatar.com\/avatar\/8492ad2abcc45ce53969adcf8420acde.jpg?s=72&d=https%3A%2F%2Fa.slack-edge.com%2Fdf10d%2Fimg%2Favatars%2Fava_0008-72.png",
            "first_name": "",
            "real_name": "Antonio Linares",
            "display_name": "Antonio Linares",
            "team": "TJH5YU202",
            "name": "alinares",
            "is_restricted": false,
            "is_ultra_restricted": false
        },
        "blocks": [
            {
                "type": "rich_text",
                "block_id": "=Ak6",
                "elements": [
                    {
                        "type": "rich_text_section",
                        "elements": [
                            {
                                "type": "text",
                                "text": "a veces lo tenemos delante de la nariz y no lo vemos..."
                            }
                        ]
                    }
                ]
            }
        ]
    }
]