[
    {
        "client_msg_id": "af5a7476-837f-44f8-b629-72ea12e8deaf",
        "type": "message",
        "text": "siguiente video Parte 1: HTML -&gt; mod harbour   <https:\/\/mybergland.com\/fwforum\/part1.mp4>",
        "user": "UJHD6A81H",
        "ts": "1586080002.426100",
        "team": "TJH5YU202",
        "user_team": "TJH5YU202",
        "source_team": "TJH5YU202",
        "user_profile": {
            "avatar_hash": "g6b8073e00e9",
            "image_72": "https:\/\/secure.gravatar.com\/avatar\/b96b8073e00e9eb02bcf05bc1418eb3a.jpg?s=72&d=https%3A%2F%2Fa.slack-edge.com%2Fdf10d%2Fimg%2Favatars%2Fava_0021-72.png",
            "first_name": "Otto",
            "real_name": "Otto Atzwanger",
            "display_name": "Otto",
            "team": "TJH5YU202",
            "name": "otto",
            "is_restricted": false,
            "is_ultra_restricted": false
        },
        "blocks": [
            {
                "type": "rich_text",
                "block_id": "1RhA",
                "elements": [
                    {
                        "type": "rich_text_section",
                        "elements": [
                            {
                                "type": "text",
                                "text": "siguiente video Parte 1: HTML -> mod harbour   "
                            },
                            {
                                "type": "link",
                                "url": "https:\/\/mybergland.com\/fwforum\/part1.mp4"
                            }
                        ]
                    }
                ]
            }
        ],
        "reactions": [
            {
                "name": "clap",
                "users": [
                    "UJUJLTWMT",
                    "UJHD6A81H"
                ],
                "count": 2
            }
        ]
    },
    {
        "client_msg_id": "5a9c767c-47b9-4d25-a7e1-199f5f76ffd0",
        "type": "message",
        "text": ":clap::clap::clap::slightly_smiling_face:",
        "user": "UJN8D8U3B",
        "ts": "1586081104.426200",
        "team": "TJH5YU202",
        "user_team": "TJH5YU202",
        "source_team": "TJH5YU202",
        "user_profile": {
            "avatar_hash": "g92ad2abcc45",
            "image_72": "https:\/\/secure.gravatar.com\/avatar\/8492ad2abcc45ce53969adcf8420acde.jpg?s=72&d=https%3A%2F%2Fa.slack-edge.com%2Fdf10d%2Fimg%2Favatars%2Fava_0008-72.png",
            "first_name": "",
            "real_name": "Antonio Linares",
            "display_name": "Antonio Linares",
            "team": "TJH5YU202",
            "name": "alinares",
            "is_restricted": false,
            "is_ultra_restricted": false
        },
        "blocks": [
            {
                "type": "rich_text",
                "block_id": "5Mkch",
                "elements": [
                    {
                        "type": "rich_text_section",
                        "elements": [
                            {
                                "type": "emoji",
                                "name": "clap"
                            },
                            {
                                "type": "emoji",
                                "name": "clap"
                            },
                            {
                                "type": "emoji",
                                "name": "clap"
                            },
                            {
                                "type": "emoji",
                                "name": "slightly_smiling_face"
                            }
                        ]
                    }
                ]
            }
        ]
    },
    {
        "client_msg_id": "95592a14-b284-4930-baa4-d9707e83407c",
        "type": "message",
        "text": "<@UJN8D8U3B> Penaliza mucho el rendimiento si usamos el método  ERROR HANDLER para simular variables de instancia así como hace TDatabase de fw?",
        "user": "UMZ3LNV5Z",
        "ts": "1586095459.427700",
        "team": "TJH5YU202",
        "user_team": "TJH5YU202",
        "source_team": "TJH5YU202",
        "user_profile": {
            "avatar_hash": "0705cbdb2dc9",
            "image_72": "https:\/\/avatars.slack-edge.com\/2020-02-24\/967980533062_0705cbdb2dc9cb3644bb_72.jpg",
            "first_name": "Pablo",
            "real_name": "Pablo Botella",
            "display_name": "Pablo Botella",
            "team": "TJH5YU202",
            "name": "pb",
            "is_restricted": false,
            "is_ultra_restricted": false
        },
        "edited": {
            "user": "UMZ3LNV5Z",
            "ts": "1586096282.000000"
        },
        "blocks": [
            {
                "type": "rich_text",
                "block_id": "3xGv4",
                "elements": [
                    {
                        "type": "rich_text_section",
                        "elements": [
                            {
                                "type": "user",
                                "user_id": "UJN8D8U3B"
                            },
                            {
                                "type": "text",
                                "text": " Penaliza mucho el rendimiento si usamos el método  ERROR HANDLER para simular variables de instancia así como hace TDatabase de fw?"
                            }
                        ]
                    }
                ]
            }
        ]
    },
    {
        "client_msg_id": "b4388f4c-21c7-402d-a73d-92443c316bf5",
        "type": "message",
        "text": "no creo que sea apreciable salvo que sean decenas de miles los accesos virtuales",
        "user": "UM81W8B0Q",
        "ts": "1586104928.428500",
        "team": "TJH5YU202",
        "user_team": "TJH5YU202",
        "source_team": "TJH5YU202",
        "user_profile": {
            "avatar_hash": "gab9279ee8c0",
            "image_72": "https:\/\/secure.gravatar.com\/avatar\/73ab9279ee8c00f66ce4904d30146c8f.jpg?s=72&d=https%3A%2F%2Fa.slack-edge.com%2Fdf10d%2Fimg%2Favatars%2Fava_0010-72.png",
            "first_name": "",
            "real_name": "Angel Pais",
            "display_name": "Angel Pais",
            "team": "TJH5YU202",
            "name": "amigosam",
            "is_restricted": false,
            "is_ultra_restricted": false
        },
        "blocks": [
            {
                "type": "rich_text",
                "block_id": "7RjEb",
                "elements": [
                    {
                        "type": "rich_text_section",
                        "elements": [
                            {
                                "type": "text",
                                "text": "no creo que sea apreciable salvo que sean decenas de miles los accesos virtuales"
                            }
                        ]
                    }
                ]
            }
        ]
    },
    {
        "client_msg_id": "9ff9c50a-f685-460a-8550-ede3f3b0420d",
        "type": "message",
        "text": "<@UMZ3LNV5Z> opino como Angel :slightly_smiling_face:",
        "user": "UJN8D8U3B",
        "ts": "1586109639.429500",
        "team": "TJH5YU202",
        "user_team": "TJH5YU202",
        "source_team": "TJH5YU202",
        "user_profile": {
            "avatar_hash": "g92ad2abcc45",
            "image_72": "https:\/\/secure.gravatar.com\/avatar\/8492ad2abcc45ce53969adcf8420acde.jpg?s=72&d=https%3A%2F%2Fa.slack-edge.com%2Fdf10d%2Fimg%2Favatars%2Fava_0008-72.png",
            "first_name": "",
            "real_name": "Antonio Linares",
            "display_name": "Antonio Linares",
            "team": "TJH5YU202",
            "name": "alinares",
            "is_restricted": false,
            "is_ultra_restricted": false
        },
        "blocks": [
            {
                "type": "rich_text",
                "block_id": "rB=",
                "elements": [
                    {
                        "type": "rich_text_section",
                        "elements": [
                            {
                                "type": "user",
                                "user_id": "UMZ3LNV5Z"
                            },
                            {
                                "type": "text",
                                "text": " opino como Angel "
                            },
                            {
                                "type": "emoji",
                                "name": "slightly_smiling_face"
                            }
                        ]
                    }
                ]
            }
        ]
    },
    {
        "client_msg_id": "56d0fd53-24e8-4f96-92dd-c3d0aab13fc4",
        "type": "message",
        "text": "Además no conozco otra forma, que funcione, de crear, dinamicamente, datas asociadas a un objeto.",
        "user": "UJULQCHL5",
        "ts": "1586118323.430800",
        "team": "TJH5YU202",
        "user_team": "TJH5YU202",
        "source_team": "TJH5YU202",
        "user_profile": {
            "avatar_hash": "g7659142325a",
            "image_72": "https:\/\/secure.gravatar.com\/avatar\/c87659142325a3facb661d85281ec091.jpg?s=72&d=https%3A%2F%2Fa.slack-edge.com%2Fdf10d%2Fimg%2Favatars%2Fava_0003-72.png",
            "first_name": "",
            "real_name": "Paquito",
            "display_name": "Paquito",
            "team": "TJH5YU202",
            "name": "hmpaquito",
            "is_restricted": false,
            "is_ultra_restricted": false
        },
        "blocks": [
            {
                "type": "rich_text",
                "block_id": "56cX1",
                "elements": [
                    {
                        "type": "rich_text_section",
                        "elements": [
                            {
                                "type": "text",
                                "text": "Además no conozco otra forma, que funcione, de crear, dinamicamente, datas asociadas a un objeto."
                            }
                        ]
                    }
                ]
            }
        ]
    },
    {
        "client_msg_id": "32829922-12b0-45b9-8b9a-6696c4959c00",
        "type": "message",
        "text": "FUNCTION __objAddData( oObject, cSymbol )",
        "user": "UJN8D8U3B",
        "ts": "1586120940.431900",
        "team": "TJH5YU202",
        "user_team": "TJH5YU202",
        "source_team": "TJH5YU202",
        "user_profile": {
            "avatar_hash": "g92ad2abcc45",
            "image_72": "https:\/\/secure.gravatar.com\/avatar\/8492ad2abcc45ce53969adcf8420acde.jpg?s=72&d=https%3A%2F%2Fa.slack-edge.com%2Fdf10d%2Fimg%2Favatars%2Fava_0008-72.png",
            "first_name": "",
            "real_name": "Antonio Linares",
            "display_name": "Antonio Linares",
            "team": "TJH5YU202",
            "name": "alinares",
            "is_restricted": false,
            "is_ultra_restricted": false
        },
        "blocks": [
            {
                "type": "rich_text",
                "block_id": "4Ov\/A",
                "elements": [
                    {
                        "type": "rich_text_section",
                        "elements": [
                            {
                                "type": "text",
                                "text": "FUNCTION __objAddData( oObject, cSymbol )"
                            }
                        ]
                    }
                ]
            }
        ]
    },
    {
        "client_msg_id": "7977f61a-e22c-4583-be46-22144359ea50",
        "type": "message",
        "text": "<https:\/\/github.com\/harbour\/core\/blob\/master\/src\/rtl\/objfunc.prg>",
        "user": "UJN8D8U3B",
        "ts": "1586120990.432300",
        "team": "TJH5YU202",
        "user_team": "TJH5YU202",
        "source_team": "TJH5YU202",
        "user_profile": {
            "avatar_hash": "g92ad2abcc45",
            "image_72": "https:\/\/secure.gravatar.com\/avatar\/8492ad2abcc45ce53969adcf8420acde.jpg?s=72&d=https%3A%2F%2Fa.slack-edge.com%2Fdf10d%2Fimg%2Favatars%2Fava_0008-72.png",
            "first_name": "",
            "real_name": "Antonio Linares",
            "display_name": "Antonio Linares",
            "team": "TJH5YU202",
            "name": "alinares",
            "is_restricted": false,
            "is_ultra_restricted": false
        },
        "edited": {
            "user": "UJN8D8U3B",
            "ts": "1586120998.000000"
        },
        "blocks": [
            {
                "type": "rich_text",
                "block_id": "HLJ",
                "elements": [
                    {
                        "type": "rich_text_section",
                        "elements": [
                            {
                                "type": "link",
                                "url": "https:\/\/github.com\/harbour\/core\/blob\/master\/src\/rtl\/objfunc.prg"
                            }
                        ]
                    }
                ]
            }
        ]
    },
    {
        "client_msg_id": "05f18771-9837-40e0-8506-69a40e95e3b9",
        "type": "message",
        "text": "Hace un tiempo ya estuve viendo con Lorenzo como alojar PRGs en GitHub y conseguir ejecutarlos con mod_harbour",
        "user": "UJN8D8U3B",
        "ts": "1586121202.434700",
        "team": "TJH5YU202",
        "user_team": "TJH5YU202",
        "source_team": "TJH5YU202",
        "user_profile": {
            "avatar_hash": "g92ad2abcc45",
            "image_72": "https:\/\/secure.gravatar.com\/avatar\/8492ad2abcc45ce53969adcf8420acde.jpg?s=72&d=https%3A%2F%2Fa.slack-edge.com%2Fdf10d%2Fimg%2Favatars%2Fava_0008-72.png",
            "first_name": "",
            "real_name": "Antonio Linares",
            "display_name": "Antonio Linares",
            "team": "TJH5YU202",
            "name": "alinares",
            "is_restricted": false,
            "is_ultra_restricted": false
        },
        "blocks": [
            {
                "type": "rich_text",
                "block_id": "xPOE",
                "elements": [
                    {
                        "type": "rich_text_section",
                        "elements": [
                            {
                                "type": "text",
                                "text": "Hace un tiempo ya estuve viendo con Lorenzo como alojar PRGs en GitHub y conseguir ejecutarlos con mod_harbour"
                            }
                        ]
                    }
                ]
            }
        ],
        "thread_ts": "1586121202.434700",
        "reply_count": 1,
        "reply_users_count": 1,
        "latest_reply": "1586153277.437900",
        "reply_users": [
            "UJWR5N32S"
        ],
        "replies": [
            {
                "user": "UJWR5N32S",
                "ts": "1586153277.437900"
            }
        ],
        "subscribed": false
    },
    {
        "client_msg_id": "f65e42ce-13a9-4762-8831-a8edb8c0d837",
        "type": "message",
        "text": "la idea es poder usar GitHub como hosting para aplicaciones mod_harbour:",
        "user": "UJN8D8U3B",
        "ts": "1586121226.435300",
        "team": "TJH5YU202",
        "user_team": "TJH5YU202",
        "source_team": "TJH5YU202",
        "user_profile": {
            "avatar_hash": "g92ad2abcc45",
            "image_72": "https:\/\/secure.gravatar.com\/avatar\/8492ad2abcc45ce53969adcf8420acde.jpg?s=72&d=https%3A%2F%2Fa.slack-edge.com%2Fdf10d%2Fimg%2Favatars%2Fava_0008-72.png",
            "first_name": "",
            "real_name": "Antonio Linares",
            "display_name": "Antonio Linares",
            "team": "TJH5YU202",
            "name": "alinares",
            "is_restricted": false,
            "is_ultra_restricted": false
        },
        "blocks": [
            {
                "type": "rich_text",
                "block_id": "VPh",
                "elements": [
                    {
                        "type": "rich_text_section",
                        "elements": [
                            {
                                "type": "text",
                                "text": "la idea es poder usar GitHub como hosting para aplicaciones mod_harbour:"
                            }
                        ]
                    }
                ]
            }
        ],
        "reactions": [
            {
                "name": "clap",
                "users": [
                    "UM81W8B0Q"
                ],
                "count": 1
            }
        ]
    },
    {
        "client_msg_id": "2c4b20dd-2319-4f7d-8447-84e4a65cb707",
        "type": "message",
        "text": "<https:\/\/github.com\/lorenzodla\/mod_harbour_runner>",
        "user": "UJN8D8U3B",
        "ts": "1586121230.435500",
        "team": "TJH5YU202",
        "user_team": "TJH5YU202",
        "source_team": "TJH5YU202",
        "user_profile": {
            "avatar_hash": "g92ad2abcc45",
            "image_72": "https:\/\/secure.gravatar.com\/avatar\/8492ad2abcc45ce53969adcf8420acde.jpg?s=72&d=https%3A%2F%2Fa.slack-edge.com%2Fdf10d%2Fimg%2Favatars%2Fava_0008-72.png",
            "first_name": "",
            "real_name": "Antonio Linares",
            "display_name": "Antonio Linares",
            "team": "TJH5YU202",
            "name": "alinares",
            "is_restricted": false,
            "is_ultra_restricted": false
        },
        "attachments": [
            {
                "service_name": "GitHub",
                "title": "lorenzodla\/mod_harbour_runner",
                "title_link": "https:\/\/github.com\/lorenzodla\/mod_harbour_runner",
                "text": "A mod_harbour external runner. Contribute to lorenzodla\/mod_harbour_runner development by creating an account on GitHub.",
                "fallback": "GitHub: lorenzodla\/mod_harbour_runner",
                "thumb_url": "https:\/\/avatars3.githubusercontent.com\/u\/31767391?s=400&v=4",
                "from_url": "https:\/\/github.com\/lorenzodla\/mod_harbour_runner",
                "thumb_width": 400,
                "thumb_height": 400,
                "service_icon": "https:\/\/a.slack-edge.com\/80588\/img\/unfurl_icons\/github.png",
                "id": 1,
                "original_url": "https:\/\/github.com\/lorenzodla\/mod_harbour_runner"
            }
        ],
        "blocks": [
            {
                "type": "rich_text",
                "block_id": "Bhj7",
                "elements": [
                    {
                        "type": "rich_text_section",
                        "elements": [
                            {
                                "type": "link",
                                "url": "https:\/\/github.com\/lorenzodla\/mod_harbour_runner"
                            }
                        ]
                    }
                ]
            }
        ]
    },
    {
        "client_msg_id": "b7de6b2c-f799-4d30-abe7-704bc1ffcbc8",
        "type": "message",
        "text": "<https:\/\/lorenzodla.github.io\/mod_harbour_runner\/>",
        "user": "UJN8D8U3B",
        "ts": "1586121268.435900",
        "team": "TJH5YU202",
        "user_team": "TJH5YU202",
        "source_team": "TJH5YU202",
        "user_profile": {
            "avatar_hash": "g92ad2abcc45",
            "image_72": "https:\/\/secure.gravatar.com\/avatar\/8492ad2abcc45ce53969adcf8420acde.jpg?s=72&d=https%3A%2F%2Fa.slack-edge.com%2Fdf10d%2Fimg%2Favatars%2Fava_0008-72.png",
            "first_name": "",
            "real_name": "Antonio Linares",
            "display_name": "Antonio Linares",
            "team": "TJH5YU202",
            "name": "alinares",
            "is_restricted": false,
            "is_ultra_restricted": false
        },
        "blocks": [
            {
                "type": "rich_text",
                "block_id": "EfK8",
                "elements": [
                    {
                        "type": "rich_text_section",
                        "elements": [
                            {
                                "type": "link",
                                "url": "https:\/\/lorenzodla.github.io\/mod_harbour_runner\/"
                            }
                        ]
                    }
                ]
            }
        ]
    },
    {
        "client_msg_id": "c169b192-b26a-4362-8672-b5c23eb6a640",
        "type": "message",
        "text": "En la demo veis los tres casos posibles de usar un servidor mod_harbour remoto",
        "user": "UJN8D8U3B",
        "ts": "1586121308.436500",
        "team": "TJH5YU202",
        "user_team": "TJH5YU202",
        "source_team": "TJH5YU202",
        "user_profile": {
            "avatar_hash": "g92ad2abcc45",
            "image_72": "https:\/\/secure.gravatar.com\/avatar\/8492ad2abcc45ce53969adcf8420acde.jpg?s=72&d=https%3A%2F%2Fa.slack-edge.com%2Fdf10d%2Fimg%2Favatars%2Fava_0008-72.png",
            "first_name": "",
            "real_name": "Antonio Linares",
            "display_name": "Antonio Linares",
            "team": "TJH5YU202",
            "name": "alinares",
            "is_restricted": false,
            "is_ultra_restricted": false
        },
        "blocks": [
            {
                "type": "rich_text",
                "block_id": "Q19x",
                "elements": [
                    {
                        "type": "rich_text_section",
                        "elements": [
                            {
                                "type": "text",
                                "text": "En la demo veis los tres casos posibles de usar un servidor mod_harbour remoto"
                            }
                        ]
                    }
                ]
            }
        ]
    },
    {
        "client_msg_id": "4f439589-350f-4e86-921a-52830d14b410",
        "type": "message",
        "text": "<@UM81W8B0Q> <@UJN8D8U3B> Gracias. Para portar unas clasecitas que tengo para Xbase++  el ERROR HANDLER es justo lo que necesito para hacer lo mismo que con el NoIvar y el NoMethod",
        "user": "UMZ3LNV5Z",
        "ts": "1586121545.437500",
        "team": "TJH5YU202",
        "user_team": "TJH5YU202",
        "source_team": "TJH5YU202",
        "user_profile": {
            "avatar_hash": "0705cbdb2dc9",
            "image_72": "https:\/\/avatars.slack-edge.com\/2020-02-24\/967980533062_0705cbdb2dc9cb3644bb_72.jpg",
            "first_name": "Pablo",
            "real_name": "Pablo Botella",
            "display_name": "Pablo Botella",
            "team": "TJH5YU202",
            "name": "pb",
            "is_restricted": false,
            "is_ultra_restricted": false
        },
        "blocks": [
            {
                "type": "rich_text",
                "block_id": "YmN",
                "elements": [
                    {
                        "type": "rich_text_section",
                        "elements": [
                            {
                                "type": "user",
                                "user_id": "UM81W8B0Q"
                            },
                            {
                                "type": "text",
                                "text": " "
                            },
                            {
                                "type": "user",
                                "user_id": "UJN8D8U3B"
                            },
                            {
                                "type": "text",
                                "text": " Gracias. Para portar unas clasecitas que tengo para Xbase++  el ERROR HANDLER es justo lo que necesito para hacer lo mismo que con el NoIvar y el NoMethod"
                            }
                        ]
                    }
                ]
            }
        ]
    },
    {
        "client_msg_id": "1d4e4781-2c1d-43ec-8893-25f1c8833bd5",
        "type": "message",
        "text": "Bon dia !",
        "user": "UJWR5N32S",
        "ts": "1586153173.437800",
        "team": "TJH5YU202",
        "user_team": "TJH5YU202",
        "source_team": "TJH5YU202",
        "user_profile": {
            "avatar_hash": "273d3745f7ae",
            "image_72": "https:\/\/avatars.slack-edge.com\/2019-05-20\/634344238497_273d3745f7ae1b176b82_72.jpg",
            "first_name": "Charly",
            "real_name": "Charly",
            "display_name": "Charly",
            "team": "TJH5YU202",
            "name": "carles9000",
            "is_restricted": false,
            "is_ultra_restricted": false
        },
        "blocks": [
            {
                "type": "rich_text",
                "block_id": "1ZP",
                "elements": [
                    {
                        "type": "rich_text_section",
                        "elements": [
                            {
                                "type": "text",
                                "text": "Bon dia !"
                            }
                        ]
                    }
                ]
            }
        ]
    },
    {
        "client_msg_id": "2d2c7ae0-79e9-4b5a-9ce7-367d194aa805",
        "type": "message",
        "text": "A, puedes explotar un poco mas la idea ? :slightly_smiling_face:",
        "user": "UJWR5N32S",
        "ts": "1586153277.437900",
        "team": "TJH5YU202",
        "user_team": "TJH5YU202",
        "source_team": "TJH5YU202",
        "user_profile": {
            "avatar_hash": "273d3745f7ae",
            "image_72": "https:\/\/avatars.slack-edge.com\/2019-05-20\/634344238497_273d3745f7ae1b176b82_72.jpg",
            "first_name": "Charly",
            "real_name": "Charly",
            "display_name": "Charly",
            "team": "TJH5YU202",
            "name": "carles9000",
            "is_restricted": false,
            "is_ultra_restricted": false
        },
        "blocks": [
            {
                "type": "rich_text",
                "block_id": "0=Dm",
                "elements": [
                    {
                        "type": "rich_text_section",
                        "elements": [
                            {
                                "type": "text",
                                "text": "A, puedes explotar un poco mas la idea ? "
                            },
                            {
                                "type": "emoji",
                                "name": "slightly_smiling_face"
                            }
                        ]
                    }
                ]
            }
        ],
        "thread_ts": "1586121202.434700",
        "parent_user_id": "UJN8D8U3B"
    }
]