[
    {
        "client_msg_id": "c3dcc52d-0b34-4366-8e49-399d8ff0569f",
        "type": "message",
        "text": "Now I have to improve edit view of GENESIS for modHarbourPress.",
        "user": "UJHD6A81H",
        "ts": "1583657058.148000",
        "team": "TJH5YU202",
        "user_team": "TJH5YU202",
        "source_team": "TJH5YU202",
        "user_profile": {
            "avatar_hash": "g6b8073e00e9",
            "image_72": "https:\/\/secure.gravatar.com\/avatar\/b96b8073e00e9eb02bcf05bc1418eb3a.jpg?s=72&d=https%3A%2F%2Fa.slack-edge.com%2Fdf10d%2Fimg%2Favatars%2Fava_0021-72.png",
            "first_name": "Otto",
            "real_name": "Otto Atzwanger",
            "display_name": "Otto",
            "team": "TJH5YU202",
            "name": "otto",
            "is_restricted": false,
            "is_ultra_restricted": false
        },
        "blocks": [
            {
                "type": "rich_text",
                "block_id": "SdX",
                "elements": [
                    {
                        "type": "rich_text_section",
                        "elements": [
                            {
                                "type": "text",
                                "text": "Now I have to improve edit view of GENESIS for modHarbourPress."
                            }
                        ]
                    }
                ]
            }
        ]
    },
    {
        "type": "message",
        "text": "",
        "files": [
            {
                "id": "FV3JNPF55",
                "created": 1583657066,
                "timestamp": 1583657066,
                "name": "grafik.png",
                "title": "grafik.png",
                "mimetype": "image\/png",
                "filetype": "png",
                "pretty_type": "PNG",
                "user": "UJHD6A81H",
                "editable": false,
                "size": 130077,
                "mode": "hosted",
                "is_external": false,
                "external_type": "",
                "is_public": true,
                "public_url_shared": false,
                "display_as_bot": false,
                "username": "",
                "url_private": "https:\/\/files.slack.com\/files-pri\/TJH5YU202-FV3JNPF55\/grafik.png?t=xoxe-629202954002-1115206499825-1101204359349-48e7ea248bf98b7fac300966398406ac",
                "url_private_download": "https:\/\/files.slack.com\/files-pri\/TJH5YU202-FV3JNPF55\/download\/grafik.png?t=xoxe-629202954002-1115206499825-1101204359349-48e7ea248bf98b7fac300966398406ac",
                "thumb_64": "https:\/\/files.slack.com\/files-tmb\/TJH5YU202-FV3JNPF55-7c132a03e5\/grafik_64.png?t=xoxe-629202954002-1115206499825-1101204359349-48e7ea248bf98b7fac300966398406ac",
                "thumb_80": "https:\/\/files.slack.com\/files-tmb\/TJH5YU202-FV3JNPF55-7c132a03e5\/grafik_80.png?t=xoxe-629202954002-1115206499825-1101204359349-48e7ea248bf98b7fac300966398406ac",
                "thumb_360": "https:\/\/files.slack.com\/files-tmb\/TJH5YU202-FV3JNPF55-7c132a03e5\/grafik_360.png?t=xoxe-629202954002-1115206499825-1101204359349-48e7ea248bf98b7fac300966398406ac",
                "thumb_360_w": 360,
                "thumb_360_h": 349,
                "thumb_480": "https:\/\/files.slack.com\/files-tmb\/TJH5YU202-FV3JNPF55-7c132a03e5\/grafik_480.png?t=xoxe-629202954002-1115206499825-1101204359349-48e7ea248bf98b7fac300966398406ac",
                "thumb_480_w": 480,
                "thumb_480_h": 465,
                "thumb_160": "https:\/\/files.slack.com\/files-tmb\/TJH5YU202-FV3JNPF55-7c132a03e5\/grafik_160.png?t=xoxe-629202954002-1115206499825-1101204359349-48e7ea248bf98b7fac300966398406ac",
                "thumb_720": "https:\/\/files.slack.com\/files-tmb\/TJH5YU202-FV3JNPF55-7c132a03e5\/grafik_720.png?t=xoxe-629202954002-1115206499825-1101204359349-48e7ea248bf98b7fac300966398406ac",
                "thumb_720_w": 720,
                "thumb_720_h": 698,
                "thumb_800": "https:\/\/files.slack.com\/files-tmb\/TJH5YU202-FV3JNPF55-7c132a03e5\/grafik_800.png?t=xoxe-629202954002-1115206499825-1101204359349-48e7ea248bf98b7fac300966398406ac",
                "thumb_800_w": 800,
                "thumb_800_h": 775,
                "thumb_960": "https:\/\/files.slack.com\/files-tmb\/TJH5YU202-FV3JNPF55-7c132a03e5\/grafik_960.png?t=xoxe-629202954002-1115206499825-1101204359349-48e7ea248bf98b7fac300966398406ac",
                "thumb_960_w": 960,
                "thumb_960_h": 930,
                "image_exif_rotation": 1,
                "original_w": 1002,
                "original_h": 971,
                "thumb_tiny": "AwAuADDTprOFONwH1p1MAEhJZOR60APpoLdxTqKACkPQ0tIfumgBn7zzOq7c1JSEAc4oByM4oAagkDfMwIqME+d1fr+FTA57UjHB64pgOpD0P0paQ\/dNIBSMimkHaQp5o3j3o3j3oAbGHBO85pzde9G8e9NLAnqaAEmPI5YfSnj\/AFY69O9MfD4+Zhj0p28bcc9KAP\/Z",
                "permalink": "https:\/\/harbourproject.slack.com\/files\/UJHD6A81H\/FV3JNPF55\/grafik.png",
                "permalink_public": "https:\/\/slack-files.com\/TJH5YU202-FV3JNPF55-75a14acb4f",
                "is_starred": false,
                "has_rich_preview": false
            }
        ],
        "upload": true,
        "user": "UJHD6A81H",
        "display_as_bot": false,
        "ts": "1583657070.148100",
        "client_msg_id": "e8aa8a27-87c3-460e-b11a-04202f978f8e"
    },
    {
        "client_msg_id": "6fd2bca4-15f9-4499-a9f2-9c27c1e718f6",
        "type": "message",
        "text": "edit view changed",
        "user": "UJHD6A81H",
        "ts": "1583660492.148500",
        "team": "TJH5YU202",
        "user_team": "TJH5YU202",
        "source_team": "TJH5YU202",
        "user_profile": {
            "avatar_hash": "g6b8073e00e9",
            "image_72": "https:\/\/secure.gravatar.com\/avatar\/b96b8073e00e9eb02bcf05bc1418eb3a.jpg?s=72&d=https%3A%2F%2Fa.slack-edge.com%2Fdf10d%2Fimg%2Favatars%2Fava_0021-72.png",
            "first_name": "Otto",
            "real_name": "Otto Atzwanger",
            "display_name": "Otto",
            "team": "TJH5YU202",
            "name": "otto",
            "is_restricted": false,
            "is_ultra_restricted": false
        },
        "blocks": [
            {
                "type": "rich_text",
                "block_id": "9Z87",
                "elements": [
                    {
                        "type": "rich_text_section",
                        "elements": [
                            {
                                "type": "text",
                                "text": "edit view changed"
                            }
                        ]
                    }
                ]
            }
        ]
    },
    {
        "type": "message",
        "text": "",
        "files": [
            {
                "id": "FV1PB2A1E",
                "created": 1583660496,
                "timestamp": 1583660496,
                "name": "grafik.png",
                "title": "grafik.png",
                "mimetype": "image\/png",
                "filetype": "png",
                "pretty_type": "PNG",
                "user": "UJHD6A81H",
                "editable": false,
                "size": 37461,
                "mode": "hosted",
                "is_external": false,
                "external_type": "",
                "is_public": true,
                "public_url_shared": false,
                "display_as_bot": false,
                "username": "",
                "url_private": "https:\/\/files.slack.com\/files-pri\/TJH5YU202-FV1PB2A1E\/grafik.png?t=xoxe-629202954002-1115206499825-1101204359349-48e7ea248bf98b7fac300966398406ac",
                "url_private_download": "https:\/\/files.slack.com\/files-pri\/TJH5YU202-FV1PB2A1E\/download\/grafik.png?t=xoxe-629202954002-1115206499825-1101204359349-48e7ea248bf98b7fac300966398406ac",
                "thumb_64": "https:\/\/files.slack.com\/files-tmb\/TJH5YU202-FV1PB2A1E-1048e896bb\/grafik_64.png?t=xoxe-629202954002-1115206499825-1101204359349-48e7ea248bf98b7fac300966398406ac",
                "thumb_80": "https:\/\/files.slack.com\/files-tmb\/TJH5YU202-FV1PB2A1E-1048e896bb\/grafik_80.png?t=xoxe-629202954002-1115206499825-1101204359349-48e7ea248bf98b7fac300966398406ac",
                "thumb_360": "https:\/\/files.slack.com\/files-tmb\/TJH5YU202-FV1PB2A1E-1048e896bb\/grafik_360.png?t=xoxe-629202954002-1115206499825-1101204359349-48e7ea248bf98b7fac300966398406ac",
                "thumb_360_w": 360,
                "thumb_360_h": 205,
                "thumb_480": "https:\/\/files.slack.com\/files-tmb\/TJH5YU202-FV1PB2A1E-1048e896bb\/grafik_480.png?t=xoxe-629202954002-1115206499825-1101204359349-48e7ea248bf98b7fac300966398406ac",
                "thumb_480_w": 480,
                "thumb_480_h": 273,
                "thumb_160": "https:\/\/files.slack.com\/files-tmb\/TJH5YU202-FV1PB2A1E-1048e896bb\/grafik_160.png?t=xoxe-629202954002-1115206499825-1101204359349-48e7ea248bf98b7fac300966398406ac",
                "thumb_720": "https:\/\/files.slack.com\/files-tmb\/TJH5YU202-FV1PB2A1E-1048e896bb\/grafik_720.png?t=xoxe-629202954002-1115206499825-1101204359349-48e7ea248bf98b7fac300966398406ac",
                "thumb_720_w": 720,
                "thumb_720_h": 410,
                "thumb_800": "https:\/\/files.slack.com\/files-tmb\/TJH5YU202-FV1PB2A1E-1048e896bb\/grafik_800.png?t=xoxe-629202954002-1115206499825-1101204359349-48e7ea248bf98b7fac300966398406ac",
                "thumb_800_w": 800,
                "thumb_800_h": 455,
                "thumb_960": "https:\/\/files.slack.com\/files-tmb\/TJH5YU202-FV1PB2A1E-1048e896bb\/grafik_960.png?t=xoxe-629202954002-1115206499825-1101204359349-48e7ea248bf98b7fac300966398406ac",
                "thumb_960_w": 960,
                "thumb_960_h": 546,
                "thumb_1024": "https:\/\/files.slack.com\/files-tmb\/TJH5YU202-FV1PB2A1E-1048e896bb\/grafik_1024.png?t=xoxe-629202954002-1115206499825-1101204359349-48e7ea248bf98b7fac300966398406ac",
                "thumb_1024_w": 1024,
                "thumb_1024_h": 583,
                "image_exif_rotation": 1,
                "original_w": 1172,
                "original_h": 667,
                "thumb_tiny": "AwAbADCg3AB55GetaVptFmjPIU5I+9jvWa3QcdvatfT\/APjyX6n+dAFlFxzuJz6nNOpOc80tABRRRQBzpHA47ela+m\/8ea\/U\/wA6xq2tN\/481+p\/nQBaooooAKY0qLIEJ+Y9OKfTWjRmDMoLDoTTVuoH\/9k=",
                "permalink": "https:\/\/harbourproject.slack.com\/files\/UJHD6A81H\/FV1PB2A1E\/grafik.png",
                "permalink_public": "https:\/\/slack-files.com\/TJH5YU202-FV1PB2A1E-55f2e0c9c2",
                "is_starred": false,
                "has_rich_preview": false
            }
        ],
        "upload": true,
        "user": "UJHD6A81H",
        "display_as_bot": false,
        "ts": "1583660501.148600",
        "client_msg_id": "5a40505b-062b-4249-908b-515c811ea765"
    },
    {
        "client_msg_id": "8106adfe-6657-4431-9d96-e382ec387075",
        "type": "message",
        "text": "For better understanding of GENESIS, I  have built-in a lot of loggings.",
        "user": "UJHD6A81H",
        "ts": "1583661122.149700",
        "team": "TJH5YU202",
        "user_team": "TJH5YU202",
        "source_team": "TJH5YU202",
        "user_profile": {
            "avatar_hash": "g6b8073e00e9",
            "image_72": "https:\/\/secure.gravatar.com\/avatar\/b96b8073e00e9eb02bcf05bc1418eb3a.jpg?s=72&d=https%3A%2F%2Fa.slack-edge.com%2Fdf10d%2Fimg%2Favatars%2Fava_0021-72.png",
            "first_name": "Otto",
            "real_name": "Otto Atzwanger",
            "display_name": "Otto",
            "team": "TJH5YU202",
            "name": "otto",
            "is_restricted": false,
            "is_ultra_restricted": false
        },
        "blocks": [
            {
                "type": "rich_text",
                "block_id": "5VzbH",
                "elements": [
                    {
                        "type": "rich_text_section",
                        "elements": [
                            {
                                "type": "text",
                                "text": "For better understanding of GENESIS, I  have built-in a lot of loggings."
                            }
                        ]
                    }
                ]
            }
        ]
    },
    {
        "type": "message",
        "text": "",
        "files": [
            {
                "id": "FV1Q08W77",
                "created": 1583661173,
                "timestamp": 1583661173,
                "name": "grafik.png",
                "title": "grafik.png",
                "mimetype": "image\/png",
                "filetype": "png",
                "pretty_type": "PNG",
                "user": "UJHD6A81H",
                "editable": false,
                "size": 125451,
                "mode": "hosted",
                "is_external": false,
                "external_type": "",
                "is_public": true,
                "public_url_shared": false,
                "display_as_bot": false,
                "username": "",
                "url_private": "https:\/\/files.slack.com\/files-pri\/TJH5YU202-FV1Q08W77\/grafik.png?t=xoxe-629202954002-1115206499825-1101204359349-48e7ea248bf98b7fac300966398406ac",
                "url_private_download": "https:\/\/files.slack.com\/files-pri\/TJH5YU202-FV1Q08W77\/download\/grafik.png?t=xoxe-629202954002-1115206499825-1101204359349-48e7ea248bf98b7fac300966398406ac",
                "thumb_64": "https:\/\/files.slack.com\/files-tmb\/TJH5YU202-FV1Q08W77-aa948ce1fd\/grafik_64.png?t=xoxe-629202954002-1115206499825-1101204359349-48e7ea248bf98b7fac300966398406ac",
                "thumb_80": "https:\/\/files.slack.com\/files-tmb\/TJH5YU202-FV1Q08W77-aa948ce1fd\/grafik_80.png?t=xoxe-629202954002-1115206499825-1101204359349-48e7ea248bf98b7fac300966398406ac",
                "thumb_360": "https:\/\/files.slack.com\/files-tmb\/TJH5YU202-FV1Q08W77-aa948ce1fd\/grafik_360.png?t=xoxe-629202954002-1115206499825-1101204359349-48e7ea248bf98b7fac300966398406ac",
                "thumb_360_w": 360,
                "thumb_360_h": 151,
                "thumb_480": "https:\/\/files.slack.com\/files-tmb\/TJH5YU202-FV1Q08W77-aa948ce1fd\/grafik_480.png?t=xoxe-629202954002-1115206499825-1101204359349-48e7ea248bf98b7fac300966398406ac",
                "thumb_480_w": 480,
                "thumb_480_h": 202,
                "thumb_160": "https:\/\/files.slack.com\/files-tmb\/TJH5YU202-FV1Q08W77-aa948ce1fd\/grafik_160.png?t=xoxe-629202954002-1115206499825-1101204359349-48e7ea248bf98b7fac300966398406ac",
                "thumb_720": "https:\/\/files.slack.com\/files-tmb\/TJH5YU202-FV1Q08W77-aa948ce1fd\/grafik_720.png?t=xoxe-629202954002-1115206499825-1101204359349-48e7ea248bf98b7fac300966398406ac",
                "thumb_720_w": 720,
                "thumb_720_h": 303,
                "thumb_800": "https:\/\/files.slack.com\/files-tmb\/TJH5YU202-FV1Q08W77-aa948ce1fd\/grafik_800.png?t=xoxe-629202954002-1115206499825-1101204359349-48e7ea248bf98b7fac300966398406ac",
                "thumb_800_w": 800,
                "thumb_800_h": 336,
                "thumb_960": "https:\/\/files.slack.com\/files-tmb\/TJH5YU202-FV1Q08W77-aa948ce1fd\/grafik_960.png?t=xoxe-629202954002-1115206499825-1101204359349-48e7ea248bf98b7fac300966398406ac",
                "thumb_960_w": 960,
                "thumb_960_h": 403,
                "thumb_1024": "https:\/\/files.slack.com\/files-tmb\/TJH5YU202-FV1Q08W77-aa948ce1fd\/grafik_1024.png?t=xoxe-629202954002-1115206499825-1101204359349-48e7ea248bf98b7fac300966398406ac",
                "thumb_1024_w": 1024,
                "thumb_1024_h": 430,
                "image_exif_rotation": 1,
                "original_w": 1773,
                "original_h": 745,
                "thumb_tiny": "AwAUADCkOtKfrTc0lAC\/jSj8abTgaAAk+poXO4fWgn\/OKFJ3D60AP8oepo8oepp9FADPKHqacIhg8mlpy9D9KAIzGPU0LGNw5PWpGpB1H1oA\/9k=",
                "permalink": "https:\/\/harbourproject.slack.com\/files\/UJHD6A81H\/FV1Q08W77\/grafik.png",
                "permalink_public": "https:\/\/slack-files.com\/TJH5YU202-FV1Q08W77-ce2d83d4e8",
                "is_starred": false,
                "has_rich_preview": false
            }
        ],
        "upload": true,
        "user": "UJHD6A81H",
        "display_as_bot": false,
        "ts": "1583661178.149800",
        "client_msg_id": "09e99a09-28d7-4bca-9910-5e6938c693f4"
    },
    {
        "client_msg_id": "69e1aa4e-d585-4cfe-861d-0c3a5831d814",
        "type": "message",
        "text": "si incluyes <http:\/\/xhb.ch|xhb.ch> entonces harbour queda en forma compatible con xbase++ y puedes hacer string[i]",
        "user": "UM81W8B0Q",
        "ts": "1583668419.150100",
        "team": "TJH5YU202",
        "user_team": "TJH5YU202",
        "source_team": "TJH5YU202",
        "user_profile": {
            "avatar_hash": "gab9279ee8c0",
            "image_72": "https:\/\/secure.gravatar.com\/avatar\/73ab9279ee8c00f66ce4904d30146c8f.jpg?s=72&d=https%3A%2F%2Fa.slack-edge.com%2Fdf10d%2Fimg%2Favatars%2Fava_0010-72.png",
            "first_name": "",
            "real_name": "Angel Pais",
            "display_name": "Angel Pais",
            "team": "TJH5YU202",
            "name": "amigosam",
            "is_restricted": false,
            "is_ultra_restricted": false
        },
        "edited": {
            "user": "UM81W8B0Q",
            "ts": "1583668495.000000"
        },
        "blocks": [
            {
                "type": "rich_text",
                "block_id": "zaTh",
                "elements": [
                    {
                        "type": "rich_text_section",
                        "elements": [
                            {
                                "type": "text",
                                "text": "si incluyes xhb.ch entonces harbour queda en forma compatible con xbase++ y puedes hacer string[i]"
                            }
                        ]
                    }
                ]
            }
        ],
        "thread_ts": "1583651552.140400",
        "parent_user_id": "UNAHBRTFA",
        "reactions": [
            {
                "name": "clap",
                "users": [
                    "UNAHBRTFA"
                ],
                "count": 1
            }
        ]
    },
    {
        "client_msg_id": "7c919541-3be6-4a4d-8e6a-3fa1e776cee4",
        "type": "message",
        "text": "Necesito alguien que sepa editar videos. NO pude subir el de ayer a youtube pq dcen que es muy grande.",
        "user": "UM81W8B0Q",
        "ts": "1583668559.151000",
        "team": "TJH5YU202",
        "user_team": "TJH5YU202",
        "source_team": "TJH5YU202",
        "user_profile": {
            "avatar_hash": "gab9279ee8c0",
            "image_72": "https:\/\/secure.gravatar.com\/avatar\/73ab9279ee8c00f66ce4904d30146c8f.jpg?s=72&d=https%3A%2F%2Fa.slack-edge.com%2Fdf10d%2Fimg%2Favatars%2Fava_0010-72.png",
            "first_name": "",
            "real_name": "Angel Pais",
            "display_name": "Angel Pais",
            "team": "TJH5YU202",
            "name": "amigosam",
            "is_restricted": false,
            "is_ultra_restricted": false
        },
        "blocks": [
            {
                "type": "rich_text",
                "block_id": "gkte5",
                "elements": [
                    {
                        "type": "rich_text_section",
                        "elements": [
                            {
                                "type": "text",
                                "text": "Necesito alguien que sepa editar videos. NO pude subir el de ayer a youtube pq dcen que es muy grande."
                            }
                        ]
                    }
                ]
            }
        ]
    },
    {
        "client_msg_id": "35ca5b7c-0eeb-4a3a-b71c-b19a0e5c0914",
        "type": "message",
        "text": "We use Camtasia from  TechSmith.\nBut you have to  purchase the product.",
        "user": "UJHD6A81H",
        "ts": "1583669161.151400",
        "team": "TJH5YU202",
        "user_team": "TJH5YU202",
        "source_team": "TJH5YU202",
        "user_profile": {
            "avatar_hash": "g6b8073e00e9",
            "image_72": "https:\/\/secure.gravatar.com\/avatar\/b96b8073e00e9eb02bcf05bc1418eb3a.jpg?s=72&d=https%3A%2F%2Fa.slack-edge.com%2Fdf10d%2Fimg%2Favatars%2Fava_0021-72.png",
            "first_name": "Otto",
            "real_name": "Otto Atzwanger",
            "display_name": "Otto",
            "team": "TJH5YU202",
            "name": "otto",
            "is_restricted": false,
            "is_ultra_restricted": false
        },
        "blocks": [
            {
                "type": "rich_text",
                "block_id": "R5lv",
                "elements": [
                    {
                        "type": "rich_text_section",
                        "elements": [
                            {
                                "type": "text",
                                "text": "We use Camtasia from  TechSmith.\nBut you have to  purchase the product."
                            }
                        ]
                    }
                ]
            }
        ]
    },
    {
        "client_msg_id": "33c1a3f3-eea7-45ce-843e-9ce94cc8a246",
        "type": "message",
        "text": "Thank you Otto. I was asking for someone who was willing to edit\/trim\/upload it.",
        "user": "UM81W8B0Q",
        "ts": "1583669283.152300",
        "team": "TJH5YU202",
        "user_team": "TJH5YU202",
        "source_team": "TJH5YU202",
        "user_profile": {
            "avatar_hash": "gab9279ee8c0",
            "image_72": "https:\/\/secure.gravatar.com\/avatar\/73ab9279ee8c00f66ce4904d30146c8f.jpg?s=72&d=https%3A%2F%2Fa.slack-edge.com%2Fdf10d%2Fimg%2Favatars%2Fava_0010-72.png",
            "first_name": "",
            "real_name": "Angel Pais",
            "display_name": "Angel Pais",
            "team": "TJH5YU202",
            "name": "amigosam",
            "is_restricted": false,
            "is_ultra_restricted": false
        },
        "blocks": [
            {
                "type": "rich_text",
                "block_id": "JK\/6K",
                "elements": [
                    {
                        "type": "rich_text_section",
                        "elements": [
                            {
                                "type": "text",
                                "text": "Thank you Otto. I was asking for someone who was willing to edit\/trim\/upload it."
                            }
                        ]
                    }
                ]
            }
        ]
    },
    {
        "client_msg_id": "8f6d18d4-db56-4ad1-a371-70b8fb74d0fb",
        "type": "message",
        "text": "<@UM81W8B0Q> ¿Has probado a comprimirlo con `ffmpeg` o algo parecido?",
        "user": "UNAHBRTFA",
        "ts": "1583675834.153400",
        "team": "TJH5YU202",
        "user_team": "TJH5YU202",
        "source_team": "TJH5YU202",
        "user_profile": {
            "avatar_hash": "g3d2a3f4c28c",
            "image_72": "https:\/\/secure.gravatar.com\/avatar\/23d2a3f4c28cebb4cf07e48d02620517.jpg?s=72&d=https%3A%2F%2Fa.slack-edge.com%2Fdf10d%2Fimg%2Favatars%2Fava_0020-72.png",
            "first_name": "Andreu",
            "real_name": "Andreu Botella",
            "display_name": "Andreu Botella",
            "team": "TJH5YU202",
            "name": "andreu.132",
            "is_restricted": false,
            "is_ultra_restricted": false
        },
        "blocks": [
            {
                "type": "rich_text",
                "block_id": "yUcc",
                "elements": [
                    {
                        "type": "rich_text_section",
                        "elements": [
                            {
                                "type": "user",
                                "user_id": "UM81W8B0Q"
                            },
                            {
                                "type": "text",
                                "text": " ¿Has probado a comprimirlo con "
                            },
                            {
                                "type": "text",
                                "text": "ffmpeg",
                                "style": {
                                    "code": true
                                }
                            },
                            {
                                "type": "text",
                                "text": " o algo parecido?"
                            }
                        ]
                    }
                ]
            }
        ]
    },
    {
        "client_msg_id": "d466f05b-f0e9-4024-9a26-1dab9dc10954",
        "type": "message",
        "text": "<@UM81W8B0Q> en harbour funciona el operador [] para las cadenas igual que en Alaska?",
        "user": "UMZ3LNV5Z",
        "ts": "1583679304.153600",
        "team": "TJH5YU202",
        "user_team": "TJH5YU202",
        "source_team": "TJH5YU202",
        "user_profile": {
            "avatar_hash": "0705cbdb2dc9",
            "image_72": "https:\/\/avatars.slack-edge.com\/2020-02-24\/967980533062_0705cbdb2dc9cb3644bb_72.jpg",
            "first_name": "Pablo",
            "real_name": "Pablo Botella",
            "display_name": "Pablo Botella",
            "team": "TJH5YU202",
            "name": "pb",
            "is_restricted": false,
            "is_ultra_restricted": false
        },
        "blocks": [
            {
                "type": "rich_text",
                "block_id": "85mj",
                "elements": [
                    {
                        "type": "rich_text_section",
                        "elements": [
                            {
                                "type": "user",
                                "user_id": "UM81W8B0Q"
                            },
                            {
                                "type": "text",
                                "text": " en harbour funciona el operador [] para las cadenas igual que en Alaska?"
                            }
                        ]
                    }
                ]
            }
        ],
        "thread_ts": "1583651306.135100",
        "parent_user_id": "UNAHBRTFA"
    },
    {
        "client_msg_id": "6fc74d81-47a7-4b2e-b553-6fad03437007",
        "type": "message",
        "text": "Ángel ya me contestó eso cuando lo reposteé abajo",
        "user": "UNAHBRTFA",
        "ts": "1583679327.153800",
        "team": "TJH5YU202",
        "user_team": "TJH5YU202",
        "source_team": "TJH5YU202",
        "user_profile": {
            "avatar_hash": "g3d2a3f4c28c",
            "image_72": "https:\/\/secure.gravatar.com\/avatar\/23d2a3f4c28cebb4cf07e48d02620517.jpg?s=72&d=https%3A%2F%2Fa.slack-edge.com%2Fdf10d%2Fimg%2Favatars%2Fava_0020-72.png",
            "first_name": "Andreu",
            "real_name": "Andreu Botella",
            "display_name": "Andreu Botella",
            "team": "TJH5YU202",
            "name": "andreu.132",
            "is_restricted": false,
            "is_ultra_restricted": false
        },
        "blocks": [
            {
                "type": "rich_text",
                "block_id": "v\/DxE",
                "elements": [
                    {
                        "type": "rich_text_section",
                        "elements": [
                            {
                                "type": "text",
                                "text": "Ángel ya me contestó eso cuando lo reposteé abajo"
                            }
                        ]
                    }
                ]
            }
        ],
        "thread_ts": "1583651306.135100",
        "parent_user_id": "UNAHBRTFA"
    },
    {
        "client_msg_id": "aa25d8c4-5338-42cb-bd87-c4b9c5f0066e",
        "type": "message",
        "text": "Pero no es fácil encontrarlo",
        "user": "UNAHBRTFA",
        "ts": "1583679354.154000",
        "team": "TJH5YU202",
        "user_team": "TJH5YU202",
        "source_team": "TJH5YU202",
        "user_profile": {
            "avatar_hash": "g3d2a3f4c28c",
            "image_72": "https:\/\/secure.gravatar.com\/avatar\/23d2a3f4c28cebb4cf07e48d02620517.jpg?s=72&d=https%3A%2F%2Fa.slack-edge.com%2Fdf10d%2Fimg%2Favatars%2Fava_0020-72.png",
            "first_name": "Andreu",
            "real_name": "Andreu Botella",
            "display_name": "Andreu Botella",
            "team": "TJH5YU202",
            "name": "andreu.132",
            "is_restricted": false,
            "is_ultra_restricted": false
        },
        "edited": {
            "user": "UNAHBRTFA",
            "ts": "1583679368.000000"
        },
        "blocks": [
            {
                "type": "rich_text",
                "block_id": "Scz\/",
                "elements": [
                    {
                        "type": "rich_text_section",
                        "elements": [
                            {
                                "type": "text",
                                "text": "Pero no es fácil encontrarlo"
                            }
                        ]
                    }
                ]
            }
        ],
        "thread_ts": "1583651306.135100",
        "parent_user_id": "UNAHBRTFA"
    },
    {
        "client_msg_id": "1a91b42b-6b69-41d3-8d30-8ec88fec8b3d",
        "type": "message",
        "text": "Teóricamente es preferible el operador $, sin  embargo en Alaska algunas veces con la historia esta de la optimización en algunos sition no me ha funcionado bien mientras at() siempre me ha funcionado, pero probablemente harbour no tiene ese problema así que en principio usa $",
        "user": "UMZ3LNV5Z",
        "ts": "1583679526.154300",
        "team": "TJH5YU202",
        "user_team": "TJH5YU202",
        "source_team": "TJH5YU202",
        "user_profile": {
            "avatar_hash": "0705cbdb2dc9",
            "image_72": "https:\/\/avatars.slack-edge.com\/2020-02-24\/967980533062_0705cbdb2dc9cb3644bb_72.jpg",
            "first_name": "Pablo",
            "real_name": "Pablo Botella",
            "display_name": "Pablo Botella",
            "team": "TJH5YU202",
            "name": "pb",
            "is_restricted": false,
            "is_ultra_restricted": false
        },
        "blocks": [
            {
                "type": "rich_text",
                "block_id": "hN5e2",
                "elements": [
                    {
                        "type": "rich_text_section",
                        "elements": [
                            {
                                "type": "text",
                                "text": "Teóricamente es preferible el operador $, sin  embargo en Alaska algunas veces con la historia esta de la optimización en algunos sition no me ha funcionado bien mientras at() siempre me ha funcionado, pero probablemente harbour no tiene ese problema así que en principio usa $"
                            }
                        ]
                    }
                ]
            }
        ],
        "thread_ts": "1583652466.147000",
        "parent_user_id": "UNAHBRTFA"
    },
    {
        "client_msg_id": "fce0ac30-2930-4cbb-9ff4-c533de2449e7",
        "type": "message",
        "text": "C es puntero +0 , puntero +1 lo cual tiene sentido, en xbase es el ordinal en una lista y entonces obviamente el primero es el 1, realmente da igual mientras no te hagas la pi.. un lio",
        "user": "UMZ3LNV5Z",
        "ts": "1583679683.154500",
        "team": "TJH5YU202",
        "user_team": "TJH5YU202",
        "source_team": "TJH5YU202",
        "user_profile": {
            "avatar_hash": "0705cbdb2dc9",
            "image_72": "https:\/\/avatars.slack-edge.com\/2020-02-24\/967980533062_0705cbdb2dc9cb3644bb_72.jpg",
            "first_name": "Pablo",
            "real_name": "Pablo Botella",
            "display_name": "Pablo Botella",
            "team": "TJH5YU202",
            "name": "pb",
            "is_restricted": false,
            "is_ultra_restricted": false
        },
        "blocks": [
            {
                "type": "rich_text",
                "block_id": "y5Q",
                "elements": [
                    {
                        "type": "rich_text_section",
                        "elements": [
                            {
                                "type": "text",
                                "text": "C es puntero +0 , puntero +1 lo cual tiene sentido, en xbase es el ordinal en una lista y entonces obviamente el primero es el 1, realmente da igual mientras no te hagas la pi.. un lio"
                            }
                        ]
                    }
                ]
            }
        ],
        "thread_ts": "1583651713.143300",
        "parent_user_id": "UNAHBRTFA"
    },
    {
        "client_msg_id": "4561f4fd-fda6-4c24-91d2-57f9cde16b2d",
        "type": "message",
        "text": "es la primera vez que veo el operador &lt;= con ese símbolo :slightly_smiling_face: , funciona en harbour? bueno ni siquiera lo había visto en C",
        "user": "UMZ3LNV5Z",
        "ts": "1583679824.154700",
        "team": "TJH5YU202",
        "user_team": "TJH5YU202",
        "source_team": "TJH5YU202",
        "user_profile": {
            "avatar_hash": "0705cbdb2dc9",
            "image_72": "https:\/\/avatars.slack-edge.com\/2020-02-24\/967980533062_0705cbdb2dc9cb3644bb_72.jpg",
            "first_name": "Pablo",
            "real_name": "Pablo Botella",
            "display_name": "Pablo Botella",
            "team": "TJH5YU202",
            "name": "pb",
            "is_restricted": false,
            "is_ultra_restricted": false
        },
        "blocks": [
            {
                "type": "rich_text",
                "block_id": "4NMeN",
                "elements": [
                    {
                        "type": "rich_text_section",
                        "elements": [
                            {
                                "type": "text",
                                "text": "es la primera vez que veo el operador <= con ese símbolo "
                            },
                            {
                                "type": "emoji",
                                "name": "slightly_smiling_face"
                            },
                            {
                                "type": "text",
                                "text": " , funciona en harbour? bueno ni siquiera lo había visto en C"
                            }
                        ]
                    }
                ]
            }
        ],
        "thread_ts": "1583651912.144800",
        "parent_user_id": "UNAHBRTFA"
    },
    {
        "client_msg_id": "3ef8514e-3e37-4e91-8ab4-039712ce6e1f",
        "type": "message",
        "text": "Probablemente no, esto es una ligadura de la fuente Fira Code",
        "user": "UNAHBRTFA",
        "ts": "1583679877.155000",
        "team": "TJH5YU202",
        "user_team": "TJH5YU202",
        "source_team": "TJH5YU202",
        "user_profile": {
            "avatar_hash": "g3d2a3f4c28c",
            "image_72": "https:\/\/secure.gravatar.com\/avatar\/23d2a3f4c28cebb4cf07e48d02620517.jpg?s=72&d=https%3A%2F%2Fa.slack-edge.com%2Fdf10d%2Fimg%2Favatars%2Fava_0020-72.png",
            "first_name": "Andreu",
            "real_name": "Andreu Botella",
            "display_name": "Andreu Botella",
            "team": "TJH5YU202",
            "name": "andreu.132",
            "is_restricted": false,
            "is_ultra_restricted": false
        },
        "blocks": [
            {
                "type": "rich_text",
                "block_id": "oJpg",
                "elements": [
                    {
                        "type": "rich_text_section",
                        "elements": [
                            {
                                "type": "text",
                                "text": "Probablemente no, esto es una ligadura de la fuente Fira Code"
                            }
                        ]
                    }
                ]
            }
        ],
        "thread_ts": "1583651912.144800",
        "parent_user_id": "UNAHBRTFA"
    },
    {
        "client_msg_id": "fa4139b6-9e39-4a43-a6a9-ae73c2107768",
        "type": "message",
        "text": "Si le cambias la fuente te sale `&lt;=` tal cual",
        "user": "UNAHBRTFA",
        "ts": "1583679931.155200",
        "team": "TJH5YU202",
        "user_team": "TJH5YU202",
        "source_team": "TJH5YU202",
        "user_profile": {
            "avatar_hash": "g3d2a3f4c28c",
            "image_72": "https:\/\/secure.gravatar.com\/avatar\/23d2a3f4c28cebb4cf07e48d02620517.jpg?s=72&d=https%3A%2F%2Fa.slack-edge.com%2Fdf10d%2Fimg%2Favatars%2Fava_0020-72.png",
            "first_name": "Andreu",
            "real_name": "Andreu Botella",
            "display_name": "Andreu Botella",
            "team": "TJH5YU202",
            "name": "andreu.132",
            "is_restricted": false,
            "is_ultra_restricted": false
        },
        "blocks": [
            {
                "type": "rich_text",
                "block_id": "3XV",
                "elements": [
                    {
                        "type": "rich_text_section",
                        "elements": [
                            {
                                "type": "text",
                                "text": "Si le cambias la fuente te sale "
                            },
                            {
                                "type": "text",
                                "text": "<=",
                                "style": {
                                    "code": true
                                }
                            },
                            {
                                "type": "text",
                                "text": " tal cual"
                            }
                        ]
                    }
                ]
            }
        ],
        "thread_ts": "1583651912.144800",
        "parent_user_id": "UNAHBRTFA"
    },
    {
        "client_msg_id": "94a5d625-da57-40c2-909d-aad1ea029f96",
        "type": "message",
        "text": "uhmmm \"esta un a morrer e ainda esta a aprender\" :slightly_smiling_face:",
        "user": "UMZ3LNV5Z",
        "ts": "1583680753.155400",
        "team": "TJH5YU202",
        "user_team": "TJH5YU202",
        "source_team": "TJH5YU202",
        "user_profile": {
            "avatar_hash": "0705cbdb2dc9",
            "image_72": "https:\/\/avatars.slack-edge.com\/2020-02-24\/967980533062_0705cbdb2dc9cb3644bb_72.jpg",
            "first_name": "Pablo",
            "real_name": "Pablo Botella",
            "display_name": "Pablo Botella",
            "team": "TJH5YU202",
            "name": "pb",
            "is_restricted": false,
            "is_ultra_restricted": false
        },
        "blocks": [
            {
                "type": "rich_text",
                "block_id": "wLE",
                "elements": [
                    {
                        "type": "rich_text_section",
                        "elements": [
                            {
                                "type": "text",
                                "text": "uhmmm \"esta un a morrer e ainda esta a aprender\" "
                            },
                            {
                                "type": "emoji",
                                "name": "slightly_smiling_face"
                            }
                        ]
                    }
                ]
            }
        ],
        "thread_ts": "1583651912.144800",
        "parent_user_id": "UNAHBRTFA"
    },
    {
        "client_msg_id": "f93e9c16-3e1c-4848-966d-d897a60e2913",
        "type": "message",
        "text": "He tenido que coger el diccionario de galego que me regaló Rosa hará ya más de 15 años :sweat_smile:",
        "user": "UNAHBRTFA",
        "ts": "1583681454.156200",
        "team": "TJH5YU202",
        "user_team": "TJH5YU202",
        "source_team": "TJH5YU202",
        "user_profile": {
            "avatar_hash": "g3d2a3f4c28c",
            "image_72": "https:\/\/secure.gravatar.com\/avatar\/23d2a3f4c28cebb4cf07e48d02620517.jpg?s=72&d=https%3A%2F%2Fa.slack-edge.com%2Fdf10d%2Fimg%2Favatars%2Fava_0020-72.png",
            "first_name": "Andreu",
            "real_name": "Andreu Botella",
            "display_name": "Andreu Botella",
            "team": "TJH5YU202",
            "name": "andreu.132",
            "is_restricted": false,
            "is_ultra_restricted": false
        },
        "edited": {
            "user": "UNAHBRTFA",
            "ts": "1583681495.000000"
        },
        "blocks": [
            {
                "type": "rich_text",
                "block_id": "HEzmQ",
                "elements": [
                    {
                        "type": "rich_text_section",
                        "elements": [
                            {
                                "type": "text",
                                "text": "He tenido que coger el diccionario de galego que me regaló Rosa hará ya más de 15 años "
                            },
                            {
                                "type": "emoji",
                                "name": "sweat_smile"
                            }
                        ]
                    }
                ]
            }
        ],
        "thread_ts": "1583651912.144800",
        "parent_user_id": "UNAHBRTFA"
    },
    {
        "client_msg_id": "6e181179-5397-4764-a7dc-80567ced4623",
        "type": "message",
        "text": ":slightly_smiling_face:",
        "user": "UMZ3LNV5Z",
        "ts": "1583681861.156500",
        "team": "TJH5YU202",
        "user_team": "TJH5YU202",
        "source_team": "TJH5YU202",
        "user_profile": {
            "avatar_hash": "0705cbdb2dc9",
            "image_72": "https:\/\/avatars.slack-edge.com\/2020-02-24\/967980533062_0705cbdb2dc9cb3644bb_72.jpg",
            "first_name": "Pablo",
            "real_name": "Pablo Botella",
            "display_name": "Pablo Botella",
            "team": "TJH5YU202",
            "name": "pb",
            "is_restricted": false,
            "is_ultra_restricted": false
        },
        "blocks": [
            {
                "type": "rich_text",
                "block_id": "Ik46",
                "elements": [
                    {
                        "type": "rich_text_section",
                        "elements": [
                            {
                                "type": "emoji",
                                "name": "slightly_smiling_face"
                            }
                        ]
                    }
                ]
            }
        ],
        "thread_ts": "1583651912.144800",
        "parent_user_id": "UNAHBRTFA"
    },
    {
        "client_msg_id": "5ca82088-8fb5-4e6d-aee6-7c051456b4ce",
        "type": "message",
        "text": "Nope",
        "user": "UM81W8B0Q",
        "ts": "1583682763.156800",
        "team": "TJH5YU202",
        "user_team": "TJH5YU202",
        "source_team": "TJH5YU202",
        "user_profile": {
            "avatar_hash": "gab9279ee8c0",
            "image_72": "https:\/\/secure.gravatar.com\/avatar\/73ab9279ee8c00f66ce4904d30146c8f.jpg?s=72&d=https%3A%2F%2Fa.slack-edge.com%2Fdf10d%2Fimg%2Favatars%2Fava_0010-72.png",
            "first_name": "",
            "real_name": "Angel Pais",
            "display_name": "Angel Pais",
            "team": "TJH5YU202",
            "name": "amigosam",
            "is_restricted": false,
            "is_ultra_restricted": false
        },
        "blocks": [
            {
                "type": "rich_text",
                "block_id": "eEbv",
                "elements": [
                    {
                        "type": "rich_text_section",
                        "elements": [
                            {
                                "type": "text",
                                "text": "Nope"
                            }
                        ]
                    }
                ]
            }
        ]
    },
    {
        "client_msg_id": "53b2ee02-4803-41b7-9e34-9657b2b672a3",
        "type": "message",
        "text": "Genesis",
        "user": "UJHD6A81H",
        "ts": "1583707348.157000",
        "team": "TJH5YU202",
        "user_team": "TJH5YU202",
        "source_team": "TJH5YU202",
        "user_profile": {
            "avatar_hash": "g6b8073e00e9",
            "image_72": "https:\/\/secure.gravatar.com\/avatar\/b96b8073e00e9eb02bcf05bc1418eb3a.jpg?s=72&d=https%3A%2F%2Fa.slack-edge.com%2Fdf10d%2Fimg%2Favatars%2Fava_0021-72.png",
            "first_name": "Otto",
            "real_name": "Otto Atzwanger",
            "display_name": "Otto",
            "team": "TJH5YU202",
            "name": "otto",
            "is_restricted": false,
            "is_ultra_restricted": false
        },
        "blocks": [
            {
                "type": "rich_text",
                "block_id": "E8H",
                "elements": [
                    {
                        "type": "rich_text_section",
                        "elements": [
                            {
                                "type": "text",
                                "text": "Genesis"
                            }
                        ]
                    }
                ]
            }
        ]
    },
    {
        "client_msg_id": "3e610f22-59de-403d-8bf4-1f3ee1703264",
        "type": "message",
        "text": "Does any of us work with the Genesis version from the examples?\nIt seems to me that if the controller submits an action, the router does not recognize this.",
        "user": "UJHD6A81H",
        "ts": "1583707350.157200",
        "team": "TJH5YU202",
        "user_team": "TJH5YU202",
        "source_team": "TJH5YU202",
        "user_profile": {
            "avatar_hash": "g6b8073e00e9",
            "image_72": "https:\/\/secure.gravatar.com\/avatar\/b96b8073e00e9eb02bcf05bc1418eb3a.jpg?s=72&d=https%3A%2F%2Fa.slack-edge.com%2Fdf10d%2Fimg%2Favatars%2Fava_0021-72.png",
            "first_name": "Otto",
            "real_name": "Otto Atzwanger",
            "display_name": "Otto",
            "team": "TJH5YU202",
            "name": "otto",
            "is_restricted": false,
            "is_ultra_restricted": false
        },
        "blocks": [
            {
                "type": "rich_text",
                "block_id": "XZ=sp",
                "elements": [
                    {
                        "type": "rich_text_section",
                        "elements": [
                            {
                                "type": "text",
                                "text": "Does any of us work with the Genesis version from the examples?\nIt seems to me that if the controller submits an action, the router does not recognize this."
                            }
                        ]
                    }
                ]
            }
        ]
    },
    {
        "client_msg_id": "3c4df4b6-3d26-42ff-8962-13f1db229a6a",
        "type": "message",
        "text": "Bon dia !",
        "user": "UJWR5N32S",
        "ts": "1583734034.157400",
        "team": "TJH5YU202",
        "user_team": "TJH5YU202",
        "source_team": "TJH5YU202",
        "user_profile": {
            "avatar_hash": "273d3745f7ae",
            "image_72": "https:\/\/avatars.slack-edge.com\/2019-05-20\/634344238497_273d3745f7ae1b176b82_72.jpg",
            "first_name": "Charly",
            "real_name": "Charly",
            "display_name": "Charly",
            "team": "TJH5YU202",
            "name": "carles9000",
            "is_restricted": false,
            "is_ultra_restricted": false
        },
        "blocks": [
            {
                "type": "rich_text",
                "block_id": "8XEwl",
                "elements": [
                    {
                        "type": "rich_text_section",
                        "elements": [
                            {
                                "type": "text",
                                "text": "Bon dia !"
                            }
                        ]
                    }
                ]
            }
        ]
    },
    {
        "client_msg_id": "813c1495-63be-45db-8eb4-e8789ad88949",
        "type": "message",
        "text": "buenos dias Charly",
        "user": "UJXP7LS78",
        "ts": "1583735018.157600",
        "team": "TJH5YU202",
        "user_team": "TJH5YU202",
        "source_team": "TJH5YU202",
        "user_profile": {
            "avatar_hash": "gc4a0baebb72",
            "image_72": "https:\/\/secure.gravatar.com\/avatar\/a1c4a0baebb720b97e5a197259dbf409.jpg?s=72&d=https%3A%2F%2Fa.slack-edge.com%2Fdf10d%2Fimg%2Favatars%2Fava_0007-72.png",
            "first_name": "",
            "real_name": "wilson gamboa",
            "display_name": "wilson gamboa",
            "team": "TJH5YU202",
            "name": "wilson.josenet",
            "is_restricted": false,
            "is_ultra_restricted": false
        },
        "blocks": [
            {
                "type": "rich_text",
                "block_id": "OPow",
                "elements": [
                    {
                        "type": "rich_text_section",
                        "elements": [
                            {
                                "type": "text",
                                "text": "buenos dias Charly"
                            }
                        ]
                    }
                ]
            }
        ]
    },
    {
        "client_msg_id": "49d2d097-8de1-4a5b-8a2d-8632d48b7dcc",
        "type": "message",
        "text": "buenos dias :sunny:",
        "user": "UJN8D8U3B",
        "ts": "1583735307.157900",
        "team": "TJH5YU202",
        "user_team": "TJH5YU202",
        "source_team": "TJH5YU202",
        "user_profile": {
            "avatar_hash": "g92ad2abcc45",
            "image_72": "https:\/\/secure.gravatar.com\/avatar\/8492ad2abcc45ce53969adcf8420acde.jpg?s=72&d=https%3A%2F%2Fa.slack-edge.com%2Fdf10d%2Fimg%2Favatars%2Fava_0008-72.png",
            "first_name": "",
            "real_name": "Antonio Linares",
            "display_name": "Antonio Linares",
            "team": "TJH5YU202",
            "name": "alinares",
            "is_restricted": false,
            "is_ultra_restricted": false
        },
        "blocks": [
            {
                "type": "rich_text",
                "block_id": "Ql05",
                "elements": [
                    {
                        "type": "rich_text_section",
                        "elements": [
                            {
                                "type": "text",
                                "text": "buenos dias "
                            },
                            {
                                "type": "emoji",
                                "name": "sunny"
                            }
                        ]
                    }
                ]
            }
        ]
    }
]