[
    {
        "type": "message",
        "text": "",
        "files": [
            {
                "id": "FUC1CQ812",
                "created": 1582379526,
                "timestamp": 1582379526,
                "name": "imagen.png",
                "title": "imagen.png",
                "mimetype": "image\/png",
                "filetype": "png",
                "pretty_type": "PNG",
                "user": "UJUJLTWMT",
                "editable": false,
                "size": 183130,
                "mode": "hosted",
                "is_external": false,
                "external_type": "",
                "is_public": true,
                "public_url_shared": false,
                "display_as_bot": false,
                "username": "",
                "url_private": "https:\/\/files.slack.com\/files-pri\/TJH5YU202-FUC1CQ812\/imagen.png?t=xoxe-629202954002-1115206499825-1101204359349-48e7ea248bf98b7fac300966398406ac",
                "url_private_download": "https:\/\/files.slack.com\/files-pri\/TJH5YU202-FUC1CQ812\/download\/imagen.png?t=xoxe-629202954002-1115206499825-1101204359349-48e7ea248bf98b7fac300966398406ac",
                "thumb_64": "https:\/\/files.slack.com\/files-tmb\/TJH5YU202-FUC1CQ812-706af8df0b\/imagen_64.png?t=xoxe-629202954002-1115206499825-1101204359349-48e7ea248bf98b7fac300966398406ac",
                "thumb_80": "https:\/\/files.slack.com\/files-tmb\/TJH5YU202-FUC1CQ812-706af8df0b\/imagen_80.png?t=xoxe-629202954002-1115206499825-1101204359349-48e7ea248bf98b7fac300966398406ac",
                "thumb_360": "https:\/\/files.slack.com\/files-tmb\/TJH5YU202-FUC1CQ812-706af8df0b\/imagen_360.png?t=xoxe-629202954002-1115206499825-1101204359349-48e7ea248bf98b7fac300966398406ac",
                "thumb_360_w": 360,
                "thumb_360_h": 169,
                "thumb_480": "https:\/\/files.slack.com\/files-tmb\/TJH5YU202-FUC1CQ812-706af8df0b\/imagen_480.png?t=xoxe-629202954002-1115206499825-1101204359349-48e7ea248bf98b7fac300966398406ac",
                "thumb_480_w": 480,
                "thumb_480_h": 226,
                "thumb_160": "https:\/\/files.slack.com\/files-tmb\/TJH5YU202-FUC1CQ812-706af8df0b\/imagen_160.png?t=xoxe-629202954002-1115206499825-1101204359349-48e7ea248bf98b7fac300966398406ac",
                "image_exif_rotation": 1,
                "original_w": 640,
                "original_h": 301,
                "thumb_tiny": "AwAWADCBLYSKWWQ8HB4qJk2uV+Y49eKnjk2HCnH04\/GoZ2k84NLySPTtQAmz\/e\/X\/Ck2j0b8z\/hSb19P5UoZSOoH1x\/hQAuz6\/mf8KTAAzhvzNJvHp\/KkLAkADv7UAOy4JwRSPvcgsc4GKcepooAj2H2p3z+o\/KnUUANIZiMkUojGR836Uo604dqAP\/Z",
                "permalink": "https:\/\/harbourproject.slack.com\/files\/UJUJLTWMT\/FUC1CQ812\/imagen.png",
                "permalink_public": "https:\/\/slack-files.com\/TJH5YU202-FUC1CQ812-8c16335e28",
                "is_starred": false,
                "has_rich_preview": false
            }
        ],
        "upload": true,
        "user": "UJUJLTWMT",
        "display_as_bot": false,
        "ts": "1582379530.483400",
        "client_msg_id": "47e4bf2c-baad-4fdb-9814-3662fdaa3a09"
    },
    {
        "client_msg_id": "395c6165-1cce-49ce-893c-7236daffb5b9",
        "type": "message",
        "text": "Hay biólogos que definen \"vida\" como cualquier cosa que esté sujeta a la selección natural",
        "user": "UNAHBRTFA",
        "ts": "1582379646.484200",
        "team": "TJH5YU202",
        "user_team": "TJH5YU202",
        "source_team": "TJH5YU202",
        "user_profile": {
            "avatar_hash": "g3d2a3f4c28c",
            "image_72": "https:\/\/secure.gravatar.com\/avatar\/23d2a3f4c28cebb4cf07e48d02620517.jpg?s=72&d=https%3A%2F%2Fa.slack-edge.com%2Fdf10d%2Fimg%2Favatars%2Fava_0020-72.png",
            "first_name": "Andreu",
            "real_name": "Andreu Botella",
            "display_name": "Andreu Botella",
            "team": "TJH5YU202",
            "name": "andreu.132",
            "is_restricted": false,
            "is_ultra_restricted": false
        },
        "blocks": [
            {
                "type": "rich_text",
                "block_id": "RmXVz",
                "elements": [
                    {
                        "type": "rich_text_section",
                        "elements": [
                            {
                                "type": "text",
                                "text": "Hay biólogos que definen \"vida\" como cualquier cosa que esté sujeta a la selección natural"
                            }
                        ]
                    }
                ]
            }
        ]
    },
    {
        "client_msg_id": "a23157da-a758-4d7d-941a-5bb1b7c9b522",
        "type": "message",
        "text": "Los virus informáticos de momento no mutan al reproducirse, pero dale un par de décadas, supongo.",
        "user": "UNAHBRTFA",
        "ts": "1582379679.484900",
        "team": "TJH5YU202",
        "user_team": "TJH5YU202",
        "source_team": "TJH5YU202",
        "user_profile": {
            "avatar_hash": "g3d2a3f4c28c",
            "image_72": "https:\/\/secure.gravatar.com\/avatar\/23d2a3f4c28cebb4cf07e48d02620517.jpg?s=72&d=https%3A%2F%2Fa.slack-edge.com%2Fdf10d%2Fimg%2Favatars%2Fava_0020-72.png",
            "first_name": "Andreu",
            "real_name": "Andreu Botella",
            "display_name": "Andreu Botella",
            "team": "TJH5YU202",
            "name": "andreu.132",
            "is_restricted": false,
            "is_ultra_restricted": false
        },
        "blocks": [
            {
                "type": "rich_text",
                "block_id": "u7y5",
                "elements": [
                    {
                        "type": "rich_text_section",
                        "elements": [
                            {
                                "type": "text",
                                "text": "Los virus informáticos de momento no mutan al reproducirse, pero dale un par de décadas, supongo."
                            }
                        ]
                    }
                ]
            }
        ]
    },
    {
        "client_msg_id": "5130a17f-3730-4e76-b129-53ad6e0f04e6",
        "type": "message",
        "text": "Estaba pensando que eso implica que las ideas son literalmente vida, siguiendo el modelo de los memes de Dawkins...",
        "user": "UNAHBRTFA",
        "ts": "1582380143.485900",
        "team": "TJH5YU202",
        "user_team": "TJH5YU202",
        "source_team": "TJH5YU202",
        "user_profile": {
            "avatar_hash": "g3d2a3f4c28c",
            "image_72": "https:\/\/secure.gravatar.com\/avatar\/23d2a3f4c28cebb4cf07e48d02620517.jpg?s=72&d=https%3A%2F%2Fa.slack-edge.com%2Fdf10d%2Fimg%2Favatars%2Fava_0020-72.png",
            "first_name": "Andreu",
            "real_name": "Andreu Botella",
            "display_name": "Andreu Botella",
            "team": "TJH5YU202",
            "name": "andreu.132",
            "is_restricted": false,
            "is_ultra_restricted": false
        },
        "blocks": [
            {
                "type": "rich_text",
                "block_id": "WIzU",
                "elements": [
                    {
                        "type": "rich_text_section",
                        "elements": [
                            {
                                "type": "text",
                                "text": "Estaba pensando que eso implica que las ideas son literalmente vida, siguiendo el modelo de los memes de Dawkins..."
                            }
                        ]
                    }
                ]
            }
        ]
    },
    {
        "client_msg_id": "25ee2c16-0623-4160-b240-54cb67331344",
        "type": "message",
        "text": "Fundamentalmente las que son originales. Pero, hay tan pocas, y tan pocos que aportan \"vida\" a nuestra profesión........, y tantos que se suben al carro..., los segundos son peores que los virus.",
        "user": "UJUJLTWMT",
        "ts": "1582389451.001800",
        "team": "TJH5YU202",
        "user_team": "TJH5YU202",
        "source_team": "TJH5YU202",
        "user_profile": {
            "avatar_hash": "a60e3b1ef2d2",
            "image_72": "https:\/\/avatars.slack-edge.com\/2019-08-20\/726246109489_a60e3b1ef2d2c141969d_72.jpg",
            "first_name": "",
            "real_name": "Cristobal",
            "display_name": "Cristobal",
            "team": "TJH5YU202",
            "name": "navarro.cristobal",
            "is_restricted": false,
            "is_ultra_restricted": false
        },
        "blocks": [
            {
                "type": "rich_text",
                "block_id": "+eO8",
                "elements": [
                    {
                        "type": "rich_text_section",
                        "elements": [
                            {
                                "type": "text",
                                "text": "Fundamentalmente las que son originales. Pero, hay tan pocas, y tan pocos que aportan \"vida\" a nuestra profesión........, y tantos que se suben al carro..., los segundos son peores que los virus."
                            }
                        ]
                    }
                ]
            }
        ]
    },
    {
        "client_msg_id": "b1f8d7df-8935-46ec-8aa9-0bbaa0bd1216",
        "type": "message",
        "text": "No lo decía en ese sentido.",
        "user": "UNAHBRTFA",
        "ts": "1582389580.002500",
        "team": "TJH5YU202",
        "user_team": "TJH5YU202",
        "source_team": "TJH5YU202",
        "user_profile": {
            "avatar_hash": "g3d2a3f4c28c",
            "image_72": "https:\/\/secure.gravatar.com\/avatar\/23d2a3f4c28cebb4cf07e48d02620517.jpg?s=72&d=https%3A%2F%2Fa.slack-edge.com%2Fdf10d%2Fimg%2Favatars%2Fava_0020-72.png",
            "first_name": "Andreu",
            "real_name": "Andreu Botella",
            "display_name": "Andreu Botella",
            "team": "TJH5YU202",
            "name": "andreu.132",
            "is_restricted": false,
            "is_ultra_restricted": false
        },
        "blocks": [
            {
                "type": "rich_text",
                "block_id": "2TBY",
                "elements": [
                    {
                        "type": "rich_text_section",
                        "elements": [
                            {
                                "type": "text",
                                "text": "No lo decía en ese sentido."
                            }
                        ]
                    }
                ]
            }
        ]
    },
    {
        "client_msg_id": "30895965-c3b9-4889-acc1-ad2c6830d2ab",
        "type": "message",
        "text": "En _El Gen Egoísta_, Richard Dawkins, tras explicar cómo la selección natural a nivel del gen puede dar lugar a cosas como el altruismo, cambia totalmente de tercio y se pone a investigar la selección natural de ideas o \"memes\" (sí, el uso de ese término ha cambiado mucho en el medio siglo desde que se publicó el libro).",
        "user": "UNAHBRTFA",
        "ts": "1582389720.004400",
        "team": "TJH5YU202",
        "user_team": "TJH5YU202",
        "source_team": "TJH5YU202",
        "user_profile": {
            "avatar_hash": "g3d2a3f4c28c",
            "image_72": "https:\/\/secure.gravatar.com\/avatar\/23d2a3f4c28cebb4cf07e48d02620517.jpg?s=72&d=https%3A%2F%2Fa.slack-edge.com%2Fdf10d%2Fimg%2Favatars%2Fava_0020-72.png",
            "first_name": "Andreu",
            "real_name": "Andreu Botella",
            "display_name": "Andreu Botella",
            "team": "TJH5YU202",
            "name": "andreu.132",
            "is_restricted": false,
            "is_ultra_restricted": false
        },
        "edited": {
            "user": "UNAHBRTFA",
            "ts": "1582389877.000000"
        },
        "blocks": [
            {
                "type": "rich_text",
                "block_id": "cTXR",
                "elements": [
                    {
                        "type": "rich_text_section",
                        "elements": [
                            {
                                "type": "text",
                                "text": "En "
                            },
                            {
                                "type": "text",
                                "text": "El Gen Egoísta",
                                "style": {
                                    "italic": true
                                }
                            },
                            {
                                "type": "text",
                                "text": ", Richard Dawkins, tras explicar cómo la selección natural a nivel del gen puede dar lugar a cosas como el altruismo, cambia totalmente de tercio y se pone a investigar la selección natural de ideas o \"memes\" (sí, el uso de ese término ha cambiado mucho en el medio siglo desde que se publicó el libro)."
                            }
                        ]
                    }
                ]
            }
        ]
    },
    {
        "client_msg_id": "0f55a995-262f-4e73-a0b2-3626c6e85cee",
        "type": "message",
        "text": "Aunque creo que Dawkins se centra en cosas como frases populares, canciones y demás, que se repiten casi literalmente, esto se puede extender a la cultura en general.",
        "user": "UNAHBRTFA",
        "ts": "1582389777.005400",
        "team": "TJH5YU202",
        "user_team": "TJH5YU202",
        "source_team": "TJH5YU202",
        "user_profile": {
            "avatar_hash": "g3d2a3f4c28c",
            "image_72": "https:\/\/secure.gravatar.com\/avatar\/23d2a3f4c28cebb4cf07e48d02620517.jpg?s=72&d=https%3A%2F%2Fa.slack-edge.com%2Fdf10d%2Fimg%2Favatars%2Fava_0020-72.png",
            "first_name": "Andreu",
            "real_name": "Andreu Botella",
            "display_name": "Andreu Botella",
            "team": "TJH5YU202",
            "name": "andreu.132",
            "is_restricted": false,
            "is_ultra_restricted": false
        },
        "blocks": [
            {
                "type": "rich_text",
                "block_id": "\/lzu",
                "elements": [
                    {
                        "type": "rich_text_section",
                        "elements": [
                            {
                                "type": "text",
                                "text": "Aunque creo que Dawkins se centra en cosas como frases populares, canciones y demás, que se repiten casi literalmente, esto se puede extender a la cultura en general."
                            }
                        ]
                    }
                ]
            }
        ]
    },
    {
        "client_msg_id": "147de343-a2de-438f-8541-01d7a797ea54",
        "type": "message",
        "text": "Y entonces, si cualquier cosa que esté sujeta a la selección natural está viva, las ideas literalmente están vivas.",
        "user": "UNAHBRTFA",
        "ts": "1582389809.006200",
        "team": "TJH5YU202",
        "user_team": "TJH5YU202",
        "source_team": "TJH5YU202",
        "user_profile": {
            "avatar_hash": "g3d2a3f4c28c",
            "image_72": "https:\/\/secure.gravatar.com\/avatar\/23d2a3f4c28cebb4cf07e48d02620517.jpg?s=72&d=https%3A%2F%2Fa.slack-edge.com%2Fdf10d%2Fimg%2Favatars%2Fava_0020-72.png",
            "first_name": "Andreu",
            "real_name": "Andreu Botella",
            "display_name": "Andreu Botella",
            "team": "TJH5YU202",
            "name": "andreu.132",
            "is_restricted": false,
            "is_ultra_restricted": false
        },
        "blocks": [
            {
                "type": "rich_text",
                "block_id": "co8kp",
                "elements": [
                    {
                        "type": "rich_text_section",
                        "elements": [
                            {
                                "type": "text",
                                "text": "Y entonces, si cualquier cosa que esté sujeta a la selección natural está viva, las ideas literalmente están vivas."
                            }
                        ]
                    }
                ]
            }
        ]
    },
    {
        "client_msg_id": "da57fd6f-9bc8-45e0-832f-75ef11a86491",
        "type": "message",
        "text": "<https:\/\/github.com\/mod-harbour\/mod-harbour-http-api>\nAhí se fue el primer commit,  apenas tiene un cachito de readme y los proyectos más vacios que la barriga de Carpanta, pero por algo había que empezar, ahora ya no me vale la excusa de \"un día de estos tengo que sacar tiempo y montar el proyecto .... \" así que ahora que Antonio y Diego están  dejando el mod-habour como un coche de carreras, toca meterle mano a esto para que tengamos otro circuito más donde lucir nuestro mod harbour ( digo nuestro porque ya me he\nconvertido en fan acérrimo de mod harbour )",
        "user": "UMZ3LNV5Z",
        "ts": "1582414472.011100",
        "team": "TJH5YU202",
        "user_team": "TJH5YU202",
        "source_team": "TJH5YU202",
        "user_profile": {
            "avatar_hash": "0705cbdb2dc9",
            "image_72": "https:\/\/avatars.slack-edge.com\/2020-02-24\/967980533062_0705cbdb2dc9cb3644bb_72.jpg",
            "first_name": "Pablo",
            "real_name": "Pablo Botella",
            "display_name": "Pablo Botella",
            "team": "TJH5YU202",
            "name": "pb",
            "is_restricted": false,
            "is_ultra_restricted": false
        },
        "edited": {
            "user": "UMZ3LNV5Z",
            "ts": "1582414620.000000"
        },
        "blocks": [
            {
                "type": "rich_text",
                "block_id": "FeE",
                "elements": [
                    {
                        "type": "rich_text_section",
                        "elements": [
                            {
                                "type": "link",
                                "url": "https:\/\/github.com\/mod-harbour\/mod-harbour-http-api"
                            },
                            {
                                "type": "text",
                                "text": "\nAhí se fue el primer commit,  apenas tiene un cachito de readme y los proyectos más vacios que la barriga de Carpanta, pero por algo había que empezar, ahora ya no me vale la excusa de \"un día de estos tengo que sacar tiempo y montar el proyecto .... \" así que ahora que Antonio y Diego están  dejando el mod-habour como un coche de carreras, toca meterle mano a esto para que tengamos otro circuito más donde lucir nuestro mod harbour ( digo nuestro porque ya me he\nconvertido en fan acérrimo de mod harbour )"
                            }
                        ]
                    }
                ]
            }
        ],
        "reactions": [
            {
                "name": "stuck_out_tongue",
                "users": [
                    "UM81W8B0Q",
                    "UJUSD6VB2"
                ],
                "count": 2
            },
            {
                "name": "+1",
                "users": [
                    "UJUSD6VB2",
                    "UJUJLTWMT"
                ],
                "count": 2
            }
        ]
    },
    {
        "client_msg_id": "aa12d975-7caa-46d1-83d5-313b9540be30",
        "type": "message",
        "text": "bona nit",
        "user": "UMZ3LNV5Z",
        "ts": "1582414636.011900",
        "team": "TJH5YU202",
        "user_team": "TJH5YU202",
        "source_team": "TJH5YU202",
        "user_profile": {
            "avatar_hash": "0705cbdb2dc9",
            "image_72": "https:\/\/avatars.slack-edge.com\/2020-02-24\/967980533062_0705cbdb2dc9cb3644bb_72.jpg",
            "first_name": "Pablo",
            "real_name": "Pablo Botella",
            "display_name": "Pablo Botella",
            "team": "TJH5YU202",
            "name": "pb",
            "is_restricted": false,
            "is_ultra_restricted": false
        },
        "blocks": [
            {
                "type": "rich_text",
                "block_id": "Qyq",
                "elements": [
                    {
                        "type": "rich_text_section",
                        "elements": [
                            {
                                "type": "text",
                                "text": "bona nit"
                            }
                        ]
                    }
                ]
            }
        ]
    },
    {
        "client_msg_id": "6362dd7a-6c2d-4f83-874e-dc8a7a84bae4",
        "type": "message",
        "text": "Haber Pablo, una explicacion sencilla nos viene bien, saludos",
        "user": "UJUSD6VB2",
        "ts": "1582434189.012600",
        "team": "TJH5YU202",
        "user_team": "TJH5YU202",
        "source_team": "TJH5YU202",
        "user_profile": {
            "avatar_hash": "g1677a02d0b6",
            "image_72": "https:\/\/secure.gravatar.com\/avatar\/bb1677a02d0b69ba91eb245090c7c83a.jpg?s=72&d=https%3A%2F%2Fa.slack-edge.com%2Fdf10d%2Fimg%2Favatars%2Fava_0015-72.png",
            "first_name": "",
            "real_name": "Osvaldo Ramirez",
            "display_name": "Osvaldo Ramirez",
            "team": "TJH5YU202",
            "name": "ramirezosvaldo",
            "is_restricted": false,
            "is_ultra_restricted": false
        },
        "blocks": [
            {
                "type": "rich_text",
                "block_id": "qovpX",
                "elements": [
                    {
                        "type": "rich_text_section",
                        "elements": [
                            {
                                "type": "text",
                                "text": "Haber Pablo, una explicacion sencilla nos viene bien, saludos"
                            }
                        ]
                    }
                ]
            }
        ]
    },
    {
        "client_msg_id": "69d58aef-2d6f-4cb5-b9eb-6b23475d12f5",
        "type": "message",
        "text": "Es un wrapper para arreglar la situación problemática de mod_harbour con IIS",
        "user": "UNAHBRTFA",
        "ts": "1582434822.013300",
        "team": "TJH5YU202",
        "user_team": "TJH5YU202",
        "source_team": "TJH5YU202",
        "user_profile": {
            "avatar_hash": "g3d2a3f4c28c",
            "image_72": "https:\/\/secure.gravatar.com\/avatar\/23d2a3f4c28cebb4cf07e48d02620517.jpg?s=72&d=https%3A%2F%2Fa.slack-edge.com%2Fdf10d%2Fimg%2Favatars%2Fava_0020-72.png",
            "first_name": "Andreu",
            "real_name": "Andreu Botella",
            "display_name": "Andreu Botella",
            "team": "TJH5YU202",
            "name": "andreu.132",
            "is_restricted": false,
            "is_ultra_restricted": false
        },
        "blocks": [
            {
                "type": "rich_text",
                "block_id": "UxyUK",
                "elements": [
                    {
                        "type": "rich_text_section",
                        "elements": [
                            {
                                "type": "text",
                                "text": "Es un wrapper para arreglar la situación problemática de mod_harbour con IIS"
                            }
                        ]
                    }
                ]
            }
        ]
    },
    {
        "client_msg_id": "f7bda3dd-1961-4b45-873e-8449baf382a8",
        "type": "message",
        "text": "aunque el nombre puede dar lugar a confusión",
        "user": "UNAHBRTFA",
        "ts": "1582434919.013700",
        "team": "TJH5YU202",
        "user_team": "TJH5YU202",
        "source_team": "TJH5YU202",
        "user_profile": {
            "avatar_hash": "g3d2a3f4c28c",
            "image_72": "https:\/\/secure.gravatar.com\/avatar\/23d2a3f4c28cebb4cf07e48d02620517.jpg?s=72&d=https%3A%2F%2Fa.slack-edge.com%2Fdf10d%2Fimg%2Favatars%2Fava_0020-72.png",
            "first_name": "Andreu",
            "real_name": "Andreu Botella",
            "display_name": "Andreu Botella",
            "team": "TJH5YU202",
            "name": "andreu.132",
            "is_restricted": false,
            "is_ultra_restricted": false
        },
        "blocks": [
            {
                "type": "rich_text",
                "block_id": "Kil\/",
                "elements": [
                    {
                        "type": "rich_text_section",
                        "elements": [
                            {
                                "type": "text",
                                "text": "aunque el nombre puede dar lugar a confusión"
                            }
                        ]
                    }
                ]
            }
        ]
    },
    {
        "client_msg_id": "c293a4bd-20da-4341-aa0d-946f21b65b20",
        "type": "message",
        "text": "buenos dias :sunny:",
        "user": "UJN8D8U3B",
        "ts": "1582443826.014000",
        "team": "TJH5YU202",
        "user_team": "TJH5YU202",
        "source_team": "TJH5YU202",
        "user_profile": {
            "avatar_hash": "g92ad2abcc45",
            "image_72": "https:\/\/secure.gravatar.com\/avatar\/8492ad2abcc45ce53969adcf8420acde.jpg?s=72&d=https%3A%2F%2Fa.slack-edge.com%2Fdf10d%2Fimg%2Favatars%2Fava_0008-72.png",
            "first_name": "",
            "real_name": "Antonio Linares",
            "display_name": "Antonio Linares",
            "team": "TJH5YU202",
            "name": "alinares",
            "is_restricted": false,
            "is_ultra_restricted": false
        },
        "blocks": [
            {
                "type": "rich_text",
                "block_id": "OCol",
                "elements": [
                    {
                        "type": "rich_text_section",
                        "elements": [
                            {
                                "type": "text",
                                "text": "buenos dias "
                            },
                            {
                                "type": "emoji",
                                "name": "sunny"
                            }
                        ]
                    }
                ]
            }
        ]
    },
    {
        "client_msg_id": "6d06d1b8-4843-4b1c-8baf-adb372a70290",
        "type": "message",
        "text": "cual es la situación problemática de mod_harbour con IIS ???",
        "user": "UJN8D8U3B",
        "ts": "1582443843.014400",
        "team": "TJH5YU202",
        "user_team": "TJH5YU202",
        "source_team": "TJH5YU202",
        "user_profile": {
            "avatar_hash": "g92ad2abcc45",
            "image_72": "https:\/\/secure.gravatar.com\/avatar\/8492ad2abcc45ce53969adcf8420acde.jpg?s=72&d=https%3A%2F%2Fa.slack-edge.com%2Fdf10d%2Fimg%2Favatars%2Fava_0008-72.png",
            "first_name": "",
            "real_name": "Antonio Linares",
            "display_name": "Antonio Linares",
            "team": "TJH5YU202",
            "name": "alinares",
            "is_restricted": false,
            "is_ultra_restricted": false
        },
        "blocks": [
            {
                "type": "rich_text",
                "block_id": "KHv",
                "elements": [
                    {
                        "type": "rich_text_section",
                        "elements": [
                            {
                                "type": "text",
                                "text": "cual es la situación problemática de mod_harbour con IIS ???"
                            }
                        ]
                    }
                ]
            }
        ]
    }
]