[
    {
        "client_msg_id": "ab2ed214-0240-4a0e-bf93-0e54e5a9752e",
        "type": "message",
        "text": "<@UJXP7LS78>",
        "user": "UJHD6A81H",
        "ts": "1583056698.211300",
        "team": "TJH5YU202",
        "user_team": "TJH5YU202",
        "source_team": "TJH5YU202",
        "user_profile": {
            "avatar_hash": "g6b8073e00e9",
            "image_72": "https:\/\/secure.gravatar.com\/avatar\/b96b8073e00e9eb02bcf05bc1418eb3a.jpg?s=72&d=https%3A%2F%2Fa.slack-edge.com%2Fdf10d%2Fimg%2Favatars%2Fava_0021-72.png",
            "first_name": "Otto",
            "real_name": "Otto Atzwanger",
            "display_name": "Otto",
            "team": "TJH5YU202",
            "name": "otto",
            "is_restricted": false,
            "is_ultra_restricted": false
        },
        "blocks": [
            {
                "type": "rich_text",
                "block_id": "biU",
                "elements": [
                    {
                        "type": "rich_text_section",
                        "elements": [
                            {
                                "type": "user",
                                "user_id": "UJXP7LS78"
                            }
                        ]
                    }
                ]
            }
        ]
    },
    {
        "client_msg_id": "47d9fa35-6196-4b76-965f-86279bdc8e1c",
        "type": "message",
        "text": "Hello Wilson, I have now moved the page to <http:\/\/modharbour.club|modharbour.club>.\nSSL works\nAt the moment, I am still working on the download link.\n\nBut I am particularly pleased that I have come up with a right name for the project:\n\n_*modHarbourPress*_",
        "user": "UJHD6A81H",
        "ts": "1583056735.211700",
        "team": "TJH5YU202",
        "user_team": "TJH5YU202",
        "source_team": "TJH5YU202",
        "user_profile": {
            "avatar_hash": "g6b8073e00e9",
            "image_72": "https:\/\/secure.gravatar.com\/avatar\/b96b8073e00e9eb02bcf05bc1418eb3a.jpg?s=72&d=https%3A%2F%2Fa.slack-edge.com%2Fdf10d%2Fimg%2Favatars%2Fava_0021-72.png",
            "first_name": "Otto",
            "real_name": "Otto Atzwanger",
            "display_name": "Otto",
            "team": "TJH5YU202",
            "name": "otto",
            "is_restricted": false,
            "is_ultra_restricted": false
        },
        "blocks": [
            {
                "type": "rich_text",
                "block_id": "Sq+",
                "elements": [
                    {
                        "type": "rich_text_section",
                        "elements": [
                            {
                                "type": "text",
                                "text": "Hello Wilson, I have now moved the page to modharbour.club.\nSSL works\nAt the moment, I am still working on the download link.\n\nBut I am particularly pleased that I have come up with a right name for the project:\n\n"
                            },
                            {
                                "type": "text",
                                "text": "modHarbourPress",
                                "style": {
                                    "bold": true,
                                    "italic": true
                                }
                            }
                        ]
                    }
                ]
            }
        ]
    },
    {
        "client_msg_id": "db07da07-afdf-41bc-b4e2-938fea917c4f",
        "type": "message",
        "text": "<http:\/\/www.modharbour.club|www.modharbour.club>",
        "user": "UJHD6A81H",
        "ts": "1583056803.212000",
        "team": "TJH5YU202",
        "user_team": "TJH5YU202",
        "source_team": "TJH5YU202",
        "user_profile": {
            "avatar_hash": "g6b8073e00e9",
            "image_72": "https:\/\/secure.gravatar.com\/avatar\/b96b8073e00e9eb02bcf05bc1418eb3a.jpg?s=72&d=https%3A%2F%2Fa.slack-edge.com%2Fdf10d%2Fimg%2Favatars%2Fava_0021-72.png",
            "first_name": "Otto",
            "real_name": "Otto Atzwanger",
            "display_name": "Otto",
            "team": "TJH5YU202",
            "name": "otto",
            "is_restricted": false,
            "is_ultra_restricted": false
        },
        "blocks": [
            {
                "type": "rich_text",
                "block_id": "zWe+9",
                "elements": [
                    {
                        "type": "rich_text_section",
                        "elements": [
                            {
                                "type": "link",
                                "url": "http:\/\/www.modharbour.club",
                                "text": "www.modharbour.club"
                            }
                        ]
                    }
                ]
            }
        ]
    },
    {
        "client_msg_id": "8d520f26-ad7f-4eee-a545-f37c4889669a",
        "type": "message",
        "text": "Hello,",
        "user": "UJHD6A81H",
        "ts": "1583089312.212400",
        "team": "TJH5YU202",
        "user_team": "TJH5YU202",
        "source_team": "TJH5YU202",
        "user_profile": {
            "avatar_hash": "g6b8073e00e9",
            "image_72": "https:\/\/secure.gravatar.com\/avatar\/b96b8073e00e9eb02bcf05bc1418eb3a.jpg?s=72&d=https%3A%2F%2Fa.slack-edge.com%2Fdf10d%2Fimg%2Favatars%2Fava_0021-72.png",
            "first_name": "Otto",
            "real_name": "Otto Atzwanger",
            "display_name": "Otto",
            "team": "TJH5YU202",
            "name": "otto",
            "is_restricted": false,
            "is_ultra_restricted": false
        },
        "blocks": [
            {
                "type": "rich_text",
                "block_id": "7lDT",
                "elements": [
                    {
                        "type": "rich_text_section",
                        "elements": [
                            {
                                "type": "text",
                                "text": "Hello,"
                            }
                        ]
                    }
                ]
            }
        ]
    },
    {
        "client_msg_id": "99be1ddd-8c1f-4151-b82f-82acf0e9af65",
        "type": "message",
        "text": "<https:\/\/www.modharbour.club>",
        "user": "UJHD6A81H",
        "ts": "1583089315.212600",
        "team": "TJH5YU202",
        "user_team": "TJH5YU202",
        "source_team": "TJH5YU202",
        "user_profile": {
            "avatar_hash": "g6b8073e00e9",
            "image_72": "https:\/\/secure.gravatar.com\/avatar\/b96b8073e00e9eb02bcf05bc1418eb3a.jpg?s=72&d=https%3A%2F%2Fa.slack-edge.com%2Fdf10d%2Fimg%2Favatars%2Fava_0021-72.png",
            "first_name": "Otto",
            "real_name": "Otto Atzwanger",
            "display_name": "Otto",
            "team": "TJH5YU202",
            "name": "otto",
            "is_restricted": false,
            "is_ultra_restricted": false
        },
        "blocks": [
            {
                "type": "rich_text",
                "block_id": "YOyVz",
                "elements": [
                    {
                        "type": "rich_text_section",
                        "elements": [
                            {
                                "type": "link",
                                "url": "https:\/\/www.modharbour.club"
                            }
                        ]
                    }
                ]
            }
        ]
    },
    {
        "client_msg_id": "3f5cc236-23c5-40f4-ac67-0802dd920abd",
        "type": "message",
        "text": "Now the download link is active.",
        "user": "UJHD6A81H",
        "ts": "1583090761.213000",
        "team": "TJH5YU202",
        "user_team": "TJH5YU202",
        "source_team": "TJH5YU202",
        "user_profile": {
            "avatar_hash": "g6b8073e00e9",
            "image_72": "https:\/\/secure.gravatar.com\/avatar\/b96b8073e00e9eb02bcf05bc1418eb3a.jpg?s=72&d=https%3A%2F%2Fa.slack-edge.com%2Fdf10d%2Fimg%2Favatars%2Fava_0021-72.png",
            "first_name": "Otto",
            "real_name": "Otto Atzwanger",
            "display_name": "Otto",
            "team": "TJH5YU202",
            "name": "otto",
            "is_restricted": false,
            "is_ultra_restricted": false
        },
        "blocks": [
            {
                "type": "rich_text",
                "block_id": "Ezau",
                "elements": [
                    {
                        "type": "rich_text_section",
                        "elements": [
                            {
                                "type": "text",
                                "text": "Now the download link is active."
                            }
                        ]
                    }
                ]
            }
        ]
    },
    {
        "client_msg_id": "8852a721-d010-4f8e-8c84-7eaf3738d309",
        "type": "message",
        "text": "No it's not",
        "user": "UM81W8B0Q",
        "ts": "1583092052.213300",
        "team": "TJH5YU202",
        "user_team": "TJH5YU202",
        "source_team": "TJH5YU202",
        "user_profile": {
            "avatar_hash": "gab9279ee8c0",
            "image_72": "https:\/\/secure.gravatar.com\/avatar\/73ab9279ee8c00f66ce4904d30146c8f.jpg?s=72&d=https%3A%2F%2Fa.slack-edge.com%2Fdf10d%2Fimg%2Favatars%2Fava_0010-72.png",
            "first_name": "",
            "real_name": "Angel Pais",
            "display_name": "Angel Pais",
            "team": "TJH5YU202",
            "name": "amigosam",
            "is_restricted": false,
            "is_ultra_restricted": false
        },
        "blocks": [
            {
                "type": "rich_text",
                "block_id": "U1Sc",
                "elements": [
                    {
                        "type": "rich_text_section",
                        "elements": [
                            {
                                "type": "text",
                                "text": "No it's not"
                            }
                        ]
                    }
                ]
            }
        ]
    },
    {
        "client_msg_id": "b7425848-2f24-491f-ae9b-5ceb9209dc02",
        "type": "message",
        "text": "Keeps asking for a user \/ password",
        "user": "UM81W8B0Q",
        "ts": "1583092067.213600",
        "team": "TJH5YU202",
        "user_team": "TJH5YU202",
        "source_team": "TJH5YU202",
        "user_profile": {
            "avatar_hash": "gab9279ee8c0",
            "image_72": "https:\/\/secure.gravatar.com\/avatar\/73ab9279ee8c00f66ce4904d30146c8f.jpg?s=72&d=https%3A%2F%2Fa.slack-edge.com%2Fdf10d%2Fimg%2Favatars%2Fava_0010-72.png",
            "first_name": "",
            "real_name": "Angel Pais",
            "display_name": "Angel Pais",
            "team": "TJH5YU202",
            "name": "amigosam",
            "is_restricted": false,
            "is_ultra_restricted": false
        },
        "blocks": [
            {
                "type": "rich_text",
                "block_id": "=MZ",
                "elements": [
                    {
                        "type": "rich_text_section",
                        "elements": [
                            {
                                "type": "text",
                                "text": "Keeps asking for a user \/ password"
                            }
                        ]
                    }
                ]
            }
        ],
        "thread_ts": "1583092067.213600",
        "reply_count": 1,
        "reply_users_count": 1,
        "latest_reply": "1583093447.213700",
        "reply_users": [
            "UJHD6A81H"
        ],
        "replies": [
            {
                "user": "UJHD6A81H",
                "ts": "1583093447.213700"
            }
        ],
        "subscribed": false
    },
    {
        "client_msg_id": "06209685-68ea-4335-80da-98871eb0c7e4",
        "type": "message",
        "text": "I sent you an e-mail. So you got IT.",
        "user": "UJHD6A81H",
        "ts": "1583093447.213700",
        "team": "TJH5YU202",
        "user_team": "TJH5YU202",
        "source_team": "TJH5YU202",
        "user_profile": {
            "avatar_hash": "g6b8073e00e9",
            "image_72": "https:\/\/secure.gravatar.com\/avatar\/b96b8073e00e9eb02bcf05bc1418eb3a.jpg?s=72&d=https%3A%2F%2Fa.slack-edge.com%2Fdf10d%2Fimg%2Favatars%2Fava_0021-72.png",
            "first_name": "Otto",
            "real_name": "Otto Atzwanger",
            "display_name": "Otto",
            "team": "TJH5YU202",
            "name": "otto",
            "is_restricted": false,
            "is_ultra_restricted": false
        },
        "blocks": [
            {
                "type": "rich_text",
                "block_id": "etxHh",
                "elements": [
                    {
                        "type": "rich_text_section",
                        "elements": [
                            {
                                "type": "text",
                                "text": "I sent you an e-mail. So you got IT."
                            }
                        ]
                    }
                ]
            }
        ],
        "thread_ts": "1583092067.213600",
        "parent_user_id": "UM81W8B0Q"
    },
    {
        "client_msg_id": "7f41149f-886c-42fc-a992-95c7e541798c",
        "type": "message",
        "text": "modHarbourPress",
        "user": "UJHD6A81H",
        "ts": "1583133646.214300",
        "team": "TJH5YU202",
        "user_team": "TJH5YU202",
        "source_team": "TJH5YU202",
        "user_profile": {
            "avatar_hash": "g6b8073e00e9",
            "image_72": "https:\/\/secure.gravatar.com\/avatar\/b96b8073e00e9eb02bcf05bc1418eb3a.jpg?s=72&d=https%3A%2F%2Fa.slack-edge.com%2Fdf10d%2Fimg%2Favatars%2Fava_0021-72.png",
            "first_name": "Otto",
            "real_name": "Otto Atzwanger",
            "display_name": "Otto",
            "team": "TJH5YU202",
            "name": "otto",
            "is_restricted": false,
            "is_ultra_restricted": false
        },
        "blocks": [
            {
                "type": "rich_text",
                "block_id": "pCpFZ",
                "elements": [
                    {
                        "type": "rich_text_section",
                        "elements": [
                            {
                                "type": "text",
                                "text": "modHarbourPress"
                            }
                        ]
                    }
                ]
            }
        ]
    },
    {
        "client_msg_id": "8f8e1f6f-7f90-4d64-8211-cf8c35de9ef1",
        "type": "message",
        "text": "Good morning,",
        "user": "UJHD6A81H",
        "ts": "1583133653.214500",
        "team": "TJH5YU202",
        "user_team": "TJH5YU202",
        "source_team": "TJH5YU202",
        "user_profile": {
            "avatar_hash": "g6b8073e00e9",
            "image_72": "https:\/\/secure.gravatar.com\/avatar\/b96b8073e00e9eb02bcf05bc1418eb3a.jpg?s=72&d=https%3A%2F%2Fa.slack-edge.com%2Fdf10d%2Fimg%2Favatars%2Fava_0021-72.png",
            "first_name": "Otto",
            "real_name": "Otto Atzwanger",
            "display_name": "Otto",
            "team": "TJH5YU202",
            "name": "otto",
            "is_restricted": false,
            "is_ultra_restricted": false
        },
        "blocks": [
            {
                "type": "rich_text",
                "block_id": "OBjXf",
                "elements": [
                    {
                        "type": "rich_text_section",
                        "elements": [
                            {
                                "type": "text",
                                "text": "Good morning,"
                            }
                        ]
                    }
                ]
            }
        ]
    },
    {
        "client_msg_id": "4bd3e60d-f962-454f-bc6f-9b821cad855a",
        "type": "message",
        "text": "I saw that we face problems with\n\nvar object=&lt;?prg return hb_jsonEncode( hShowcases )?&gt;;\n\nobject[ cKey.trim() ]\n\nIf there is, for example, ENTER in your text, you get undefined.\n\nI change to:\n\n&lt;?prg  return hPageData[ \"...\" ] ?&gt;\n\nOr is there a function to convert to json compatible text.\n\nBTW what are these techniques called?\n\nI will upload an update soon.",
        "user": "UJHD6A81H",
        "ts": "1583133656.214700",
        "team": "TJH5YU202",
        "user_team": "TJH5YU202",
        "source_team": "TJH5YU202",
        "user_profile": {
            "avatar_hash": "g6b8073e00e9",
            "image_72": "https:\/\/secure.gravatar.com\/avatar\/b96b8073e00e9eb02bcf05bc1418eb3a.jpg?s=72&d=https%3A%2F%2Fa.slack-edge.com%2Fdf10d%2Fimg%2Favatars%2Fava_0021-72.png",
            "first_name": "Otto",
            "real_name": "Otto Atzwanger",
            "display_name": "Otto",
            "team": "TJH5YU202",
            "name": "otto",
            "is_restricted": false,
            "is_ultra_restricted": false
        },
        "blocks": [
            {
                "type": "rich_text",
                "block_id": "SkW",
                "elements": [
                    {
                        "type": "rich_text_section",
                        "elements": [
                            {
                                "type": "text",
                                "text": "I saw that we face problems with\n\nvar object=<?prg return hb_jsonEncode( hShowcases )?>;\n\nobject[ cKey.trim() ]\n\nIf there is, for example, ENTER in your text, you get undefined.\n\nI change to:\n\n<?prg  return hPageData[ \"...\" ] ?>\n\nOr is there a function to convert to json compatible text.\n\nBTW what are these techniques called?\n\nI will upload an update soon."
                            }
                        ]
                    }
                ]
            }
        ]
    },
    {
        "client_msg_id": "9d018785-0412-4982-b203-9bdbcfa27ccc",
        "type": "message",
        "text": "good morning :sunny:",
        "user": "UJN8D8U3B",
        "ts": "1583135315.215000",
        "team": "TJH5YU202",
        "user_team": "TJH5YU202",
        "source_team": "TJH5YU202",
        "user_profile": {
            "avatar_hash": "g92ad2abcc45",
            "image_72": "https:\/\/secure.gravatar.com\/avatar\/8492ad2abcc45ce53969adcf8420acde.jpg?s=72&d=https%3A%2F%2Fa.slack-edge.com%2Fdf10d%2Fimg%2Favatars%2Fava_0008-72.png",
            "first_name": "",
            "real_name": "Antonio Linares",
            "display_name": "Antonio Linares",
            "team": "TJH5YU202",
            "name": "alinares",
            "is_restricted": false,
            "is_ultra_restricted": false
        },
        "blocks": [
            {
                "type": "rich_text",
                "block_id": "5BOpH",
                "elements": [
                    {
                        "type": "rich_text_section",
                        "elements": [
                            {
                                "type": "text",
                                "text": "good morning "
                            },
                            {
                                "type": "emoji",
                                "name": "sunny"
                            }
                        ]
                    }
                ]
            }
        ]
    },
    {
        "client_msg_id": "4b449bac-1a20-4bc3-ad4d-4da75a323380",
        "type": "message",
        "text": "Dear Otto, please try it this way:",
        "user": "UJN8D8U3B",
        "ts": "1583135324.215300",
        "team": "TJH5YU202",
        "user_team": "TJH5YU202",
        "source_team": "TJH5YU202",
        "user_profile": {
            "avatar_hash": "g92ad2abcc45",
            "image_72": "https:\/\/secure.gravatar.com\/avatar\/8492ad2abcc45ce53969adcf8420acde.jpg?s=72&d=https%3A%2F%2Fa.slack-edge.com%2Fdf10d%2Fimg%2Favatars%2Fava_0008-72.png",
            "first_name": "",
            "real_name": "Antonio Linares",
            "display_name": "Antonio Linares",
            "team": "TJH5YU202",
            "name": "alinares",
            "is_restricted": false,
            "is_ultra_restricted": false
        },
        "blocks": [
            {
                "type": "rich_text",
                "block_id": "dsjhe",
                "elements": [
                    {
                        "type": "rich_text_section",
                        "elements": [
                            {
                                "type": "text",
                                "text": "Dear Otto, please try it this way:"
                            }
                        ]
                    }
                ]
            }
        ]
    },
    {
        "client_msg_id": "4d8dbb3e-79f1-4dd3-928a-75ac8ef6da11",
        "type": "message",
        "text": "&lt;?prg return hb_jsonEncode( hShowcases, .T. )?&gt;",
        "user": "UJN8D8U3B",
        "ts": "1583135334.215500",
        "team": "TJH5YU202",
        "user_team": "TJH5YU202",
        "source_team": "TJH5YU202",
        "user_profile": {
            "avatar_hash": "g92ad2abcc45",
            "image_72": "https:\/\/secure.gravatar.com\/avatar\/8492ad2abcc45ce53969adcf8420acde.jpg?s=72&d=https%3A%2F%2Fa.slack-edge.com%2Fdf10d%2Fimg%2Favatars%2Fava_0008-72.png",
            "first_name": "",
            "real_name": "Antonio Linares",
            "display_name": "Antonio Linares",
            "team": "TJH5YU202",
            "name": "alinares",
            "is_restricted": false,
            "is_ultra_restricted": false
        },
        "blocks": [
            {
                "type": "rich_text",
                "block_id": "idS4",
                "elements": [
                    {
                        "type": "rich_text_section",
                        "elements": [
                            {
                                "type": "text",
                                "text": "<?prg return hb_jsonEncode( hShowcases, .T. )?>"
                            }
                        ]
                    }
                ]
            }
        ]
    },
    {
        "client_msg_id": "caeb45ce-e77e-4f75-bf39-c4936c175577",
        "type": "message",
        "text": "notice the .T. use at the end",
        "user": "UJN8D8U3B",
        "ts": "1583135355.215900",
        "team": "TJH5YU202",
        "user_team": "TJH5YU202",
        "source_team": "TJH5YU202",
        "user_profile": {
            "avatar_hash": "g92ad2abcc45",
            "image_72": "https:\/\/secure.gravatar.com\/avatar\/8492ad2abcc45ce53969adcf8420acde.jpg?s=72&d=https%3A%2F%2Fa.slack-edge.com%2Fdf10d%2Fimg%2Favatars%2Fava_0008-72.png",
            "first_name": "",
            "real_name": "Antonio Linares",
            "display_name": "Antonio Linares",
            "team": "TJH5YU202",
            "name": "alinares",
            "is_restricted": false,
            "is_ultra_restricted": false
        },
        "edited": {
            "user": "UJN8D8U3B",
            "ts": "1583135364.000000"
        },
        "blocks": [
            {
                "type": "rich_text",
                "block_id": "Veb0",
                "elements": [
                    {
                        "type": "rich_text_section",
                        "elements": [
                            {
                                "type": "text",
                                "text": "notice the .T. use at the end"
                            }
                        ]
                    }
                ]
            }
        ]
    }
]