[
    {
        "client_msg_id": "4c1e02ce-ffee-4efa-a4ea-0eb6bb994b26",
        "type": "message",
        "text": "buenos dias :sunny:",
        "user": "UJN8D8U3B",
        "ts": "1585465670.373400",
        "team": "TJH5YU202",
        "user_team": "TJH5YU202",
        "source_team": "TJH5YU202",
        "user_profile": {
            "avatar_hash": "g92ad2abcc45",
            "image_72": "https:\/\/secure.gravatar.com\/avatar\/8492ad2abcc45ce53969adcf8420acde.jpg?s=72&d=https%3A%2F%2Fa.slack-edge.com%2Fdf10d%2Fimg%2Favatars%2Fava_0008-72.png",
            "first_name": "",
            "real_name": "Antonio Linares",
            "display_name": "Antonio Linares",
            "team": "TJH5YU202",
            "name": "alinares",
            "is_restricted": false,
            "is_ultra_restricted": false
        },
        "blocks": [
            {
                "type": "rich_text",
                "block_id": "AYQ",
                "elements": [
                    {
                        "type": "rich_text_section",
                        "elements": [
                            {
                                "type": "text",
                                "text": "buenos dias "
                            },
                            {
                                "type": "emoji",
                                "name": "sunny"
                            }
                        ]
                    }
                ]
            }
        ]
    },
    {
        "client_msg_id": "09f8b156-857d-4868-bc58-2dd8b8fb3509",
        "type": "message",
        "text": "Buenos días",
        "user": "UJWGTCNS3",
        "ts": "1585468507.373700",
        "team": "TJH5YU202",
        "user_team": "TJH5YU202",
        "source_team": "TJH5YU202",
        "user_profile": {
            "avatar_hash": "g5117c62f9fd",
            "image_72": "https:\/\/secure.gravatar.com\/avatar\/d65117c62f9fdee40568ff74546ff940.jpg?s=72&d=https%3A%2F%2Fa.slack-edge.com%2Fdf10d%2Fimg%2Favatars%2Fava_0021-72.png",
            "first_name": "Andrés",
            "real_name": "Andrés González Alonso",
            "display_name": "Andygon",
            "team": "TJH5YU202",
            "name": "zalezalon",
            "is_restricted": false,
            "is_ultra_restricted": false
        },
        "blocks": [
            {
                "type": "rich_text",
                "block_id": "Uyp",
                "elements": [
                    {
                        "type": "rich_text_section",
                        "elements": [
                            {
                                "type": "text",
                                "text": "Buenos días"
                            }
                        ]
                    }
                ]
            }
        ]
    },
    {
        "client_msg_id": "F5DC5439-DF02-4B8D-8D21-50CCE9F2627A",
        "type": "message",
        "text": "Bon día",
        "user": "UJH8DPY58",
        "ts": "1585485298.374100",
        "team": "TJH5YU202",
        "user_team": "TJH5YU202",
        "source_team": "TJH5YU202",
        "user_profile": {
            "avatar_hash": "g1cac88c496c",
            "image_72": "https:\/\/secure.gravatar.com\/avatar\/451cac88c496c2cec0b934a281b6eb94.jpg?s=72&d=https%3A%2F%2Fa.slack-edge.com%2Fdf10d%2Fimg%2Favatars%2Fava_0020-72.png",
            "first_name": "",
            "real_name": "Juan Pastor",
            "display_name": "",
            "team": "TJH5YU202",
            "name": "jpastor68",
            "is_restricted": false,
            "is_ultra_restricted": false
        },
        "blocks": [
            {
                "type": "rich_text",
                "block_id": "r70W",
                "elements": [
                    {
                        "type": "rich_text_section",
                        "elements": [
                            {
                                "type": "text",
                                "text": "Bon día"
                            }
                        ]
                    }
                ]
            }
        ]
    },
    {
        "client_msg_id": "bd71f73d-663c-4ea6-adaa-d909fbdf15c1",
        "type": "message",
        "text": "buenas tardes",
        "user": "UJXP7LS78",
        "ts": "1585502693.374700",
        "team": "TJH5YU202",
        "user_team": "TJH5YU202",
        "source_team": "TJH5YU202",
        "user_profile": {
            "avatar_hash": "gc4a0baebb72",
            "image_72": "https:\/\/secure.gravatar.com\/avatar\/a1c4a0baebb720b97e5a197259dbf409.jpg?s=72&d=https%3A%2F%2Fa.slack-edge.com%2Fdf10d%2Fimg%2Favatars%2Fava_0007-72.png",
            "first_name": "",
            "real_name": "wilson gamboa",
            "display_name": "wilson gamboa",
            "team": "TJH5YU202",
            "name": "wilson.josenet",
            "is_restricted": false,
            "is_ultra_restricted": false
        },
        "blocks": [
            {
                "type": "rich_text",
                "block_id": "kbSOw",
                "elements": [
                    {
                        "type": "rich_text_section",
                        "elements": [
                            {
                                "type": "text",
                                "text": "buenas tardes"
                            }
                        ]
                    }
                ]
            }
        ]
    },
    {
        "client_msg_id": "f4b8d74d-f104-4e9c-ac28-4fb111842a31",
        "type": "message",
        "text": "Buenas tardes.\nDespués de visionar los videos Blog (estupendo maestro Charly)\nEstoy repasando ejemplo4 para poder hacer mi primera mini aplicación web, para un proyecto futuro que posiblemente llegue a ser realidad, esperemos que en un tiempo prudencial.\nBien, repasando, viendo código, intentando averiguar\/entender la manera de poner en práctica. Una dudilla... el ficherete \"style.css\" de la carpeta css del proyecto, no se utiliza, por lo que puedo prescindir de ella, no???\nHe visto las llamadas a \"app.css\" pero no al fichero que digo.",
        "user": "UJU3NMK0U",
        "ts": "1585504007.378900",
        "team": "TJH5YU202",
        "user_team": "TJH5YU202",
        "source_team": "TJH5YU202",
        "user_profile": {
            "avatar_hash": "48f1b9655122",
            "image_72": "https:\/\/avatars.slack-edge.com\/2019-05-20\/640143784356_48f1b96551220d9fdd4d_72.jpg",
            "first_name": "Xevi",
            "real_name": "Xevi",
            "display_name": "Xevi",
            "team": "TJH5YU202",
            "name": "xevicomas",
            "is_restricted": false,
            "is_ultra_restricted": false
        },
        "blocks": [
            {
                "type": "rich_text",
                "block_id": "g3fU",
                "elements": [
                    {
                        "type": "rich_text_section",
                        "elements": [
                            {
                                "type": "text",
                                "text": "Buenas tardes.\nDespués de visionar los videos Blog (estupendo maestro Charly)\nEstoy repasando ejemplo4 para poder hacer mi primera mini aplicación web, para un proyecto futuro que posiblemente llegue a ser realidad, esperemos que en un tiempo prudencial.\nBien, repasando, viendo código, intentando averiguar\/entender la manera de poner en práctica. Una dudilla... el ficherete \"style.css\" de la carpeta css del proyecto, no se utiliza, por lo que puedo prescindir de ella, no???\nHe visto las llamadas a \"app.css\" pero no al fichero que digo."
                            }
                        ]
                    }
                ]
            }
        ]
    },
    {
        "client_msg_id": "9a45470d-608e-46b1-9acd-cf11bd488e98",
        "type": "message",
        "text": "Luego, una preguntilla... en lugar de visualizar una img, puedo visualizar un pdf ???\nasí, pues esta línea, ¿como quedaria???\n&lt;img class=\"card-img-top\" src=\"&lt;$ AppUrlRepository() + hRow[ 'photo' ] $&gt;\"&gt;\nNo se si voy bien por ahí... o sea, en lugar de ver una imagen, deseo ver una preliminar de un pdf, y que pulsando en ella, lo visualizara... se puede???  bien, seguro que se puede, pero alguien puede orientarme???",
        "user": "UJU3NMK0U",
        "ts": "1585504246.381300",
        "team": "TJH5YU202",
        "user_team": "TJH5YU202",
        "source_team": "TJH5YU202",
        "user_profile": {
            "avatar_hash": "48f1b9655122",
            "image_72": "https:\/\/avatars.slack-edge.com\/2019-05-20\/640143784356_48f1b96551220d9fdd4d_72.jpg",
            "first_name": "Xevi",
            "real_name": "Xevi",
            "display_name": "Xevi",
            "team": "TJH5YU202",
            "name": "xevicomas",
            "is_restricted": false,
            "is_ultra_restricted": false
        },
        "blocks": [
            {
                "type": "rich_text",
                "block_id": "md8",
                "elements": [
                    {
                        "type": "rich_text_section",
                        "elements": [
                            {
                                "type": "text",
                                "text": "Luego, una preguntilla... en lugar de visualizar una img, puedo visualizar un pdf ???\nasí, pues esta línea, ¿como quedaria???\n<img class=\"card-img-top\" src=\"<$ AppUrlRepository() + hRow[ 'photo' ] $>\">\nNo se si voy bien por ahí... o sea, en lugar de ver una imagen, deseo ver una preliminar de un pdf, y que pulsando en ella, lo visualizara... se puede???  bien, seguro que se puede, pero alguien puede orientarme???"
                            }
                        ]
                    }
                ]
            }
        ]
    },
    {
        "client_msg_id": "9319e584-d4aa-47d3-ada9-2abf3010b78c",
        "type": "message",
        "text": "img solo se puede usar para mostrar contenido sin scripts, de una página",
        "user": "UNAHBRTFA",
        "ts": "1585504283.382400",
        "team": "TJH5YU202",
        "user_team": "TJH5YU202",
        "source_team": "TJH5YU202",
        "user_profile": {
            "avatar_hash": "g3d2a3f4c28c",
            "image_72": "https:\/\/secure.gravatar.com\/avatar\/23d2a3f4c28cebb4cf07e48d02620517.jpg?s=72&d=https%3A%2F%2Fa.slack-edge.com%2Fdf10d%2Fimg%2Favatars%2Fava_0020-72.png",
            "first_name": "Andreu",
            "real_name": "Andreu Botella",
            "display_name": "Andreu Botella",
            "team": "TJH5YU202",
            "name": "andreu.132",
            "is_restricted": false,
            "is_ultra_restricted": false
        },
        "blocks": [
            {
                "type": "rich_text",
                "block_id": "a2cb9",
                "elements": [
                    {
                        "type": "rich_text_section",
                        "elements": [
                            {
                                "type": "text",
                                "text": "img solo se puede usar para mostrar contenido sin scripts, de una página"
                            }
                        ]
                    }
                ]
            }
        ]
    },
    {
        "client_msg_id": "416123b2-8ea7-4b93-8820-133ec65833fd",
        "type": "message",
        "text": "es posible que algún navegador te deje previsualizar PDFs de una página, o solo la primera página de un PDF",
        "user": "UNAHBRTFA",
        "ts": "1585504303.383100",
        "team": "TJH5YU202",
        "user_team": "TJH5YU202",
        "source_team": "TJH5YU202",
        "user_profile": {
            "avatar_hash": "g3d2a3f4c28c",
            "image_72": "https:\/\/secure.gravatar.com\/avatar\/23d2a3f4c28cebb4cf07e48d02620517.jpg?s=72&d=https%3A%2F%2Fa.slack-edge.com%2Fdf10d%2Fimg%2Favatars%2Fava_0020-72.png",
            "first_name": "Andreu",
            "real_name": "Andreu Botella",
            "display_name": "Andreu Botella",
            "team": "TJH5YU202",
            "name": "andreu.132",
            "is_restricted": false,
            "is_ultra_restricted": false
        },
        "blocks": [
            {
                "type": "rich_text",
                "block_id": "Xa32",
                "elements": [
                    {
                        "type": "rich_text_section",
                        "elements": [
                            {
                                "type": "text",
                                "text": "es posible que algún navegador te deje previsualizar PDFs de una página, o solo la primera página de un PDF"
                            }
                        ]
                    }
                ]
            }
        ]
    },
    {
        "client_msg_id": "0f6601b3-f1c5-47cb-86f3-6a9d9f50f2de",
        "type": "message",
        "text": "Comento para que esto que pido.\nSe me ha venido a la cabeza, que mis clientes pudieran conectar a una web de mi servidor, ofrecerles un listado de SUS facturas i que las pudieran visualizar, descargar...",
        "user": "UJU3NMK0U",
        "ts": "1585504324.383800",
        "team": "TJH5YU202",
        "user_team": "TJH5YU202",
        "source_team": "TJH5YU202",
        "user_profile": {
            "avatar_hash": "48f1b9655122",
            "image_72": "https:\/\/avatars.slack-edge.com\/2019-05-20\/640143784356_48f1b96551220d9fdd4d_72.jpg",
            "first_name": "Xevi",
            "real_name": "Xevi",
            "display_name": "Xevi",
            "team": "TJH5YU202",
            "name": "xevicomas",
            "is_restricted": false,
            "is_ultra_restricted": false
        },
        "blocks": [
            {
                "type": "rich_text",
                "block_id": "y3Hr",
                "elements": [
                    {
                        "type": "rich_text_section",
                        "elements": [
                            {
                                "type": "text",
                                "text": "Comento para que esto que pido.\nSe me ha venido a la cabeza, que mis clientes pudieran conectar a una web de mi servidor, ofrecerles un listado de SUS facturas i que las pudieran visualizar, descargar..."
                            }
                        ]
                    }
                ]
            }
        ]
    },
    {
        "client_msg_id": "fe346bdb-84f2-49e2-91de-163c7665fba2",
        "type": "message",
        "text": "te recomendaría un iframe y usar el visor de pdf que viene en los navegadores",
        "user": "UNAHBRTFA",
        "ts": "1585504333.384100",
        "team": "TJH5YU202",
        "user_team": "TJH5YU202",
        "source_team": "TJH5YU202",
        "user_profile": {
            "avatar_hash": "g3d2a3f4c28c",
            "image_72": "https:\/\/secure.gravatar.com\/avatar\/23d2a3f4c28cebb4cf07e48d02620517.jpg?s=72&d=https%3A%2F%2Fa.slack-edge.com%2Fdf10d%2Fimg%2Favatars%2Fava_0020-72.png",
            "first_name": "Andreu",
            "real_name": "Andreu Botella",
            "display_name": "Andreu Botella",
            "team": "TJH5YU202",
            "name": "andreu.132",
            "is_restricted": false,
            "is_ultra_restricted": false
        },
        "blocks": [
            {
                "type": "rich_text",
                "block_id": "yDLG",
                "elements": [
                    {
                        "type": "rich_text_section",
                        "elements": [
                            {
                                "type": "text",
                                "text": "te recomendaría un iframe y usar el visor de pdf que viene en los navegadores"
                            }
                        ]
                    }
                ]
            }
        ]
    },
    {
        "client_msg_id": "ca8ffff5-6dee-4f7f-b038-9addb49566ba",
        "type": "message",
        "text": "Igual me estoy avanzando a lo que hemos \"aprendido\", seguro, pero me seria de utilidad.\nDe momento, voy a hacer que visualize una imagen pequeña o logo del Pdf, los cuatro datos básicos (importe, fecha, número) y cuando tenga un poco hecho, ya iré preguntando más cosillas...",
        "user": "UJU3NMK0U",
        "ts": "1585504543.386700",
        "team": "TJH5YU202",
        "user_team": "TJH5YU202",
        "source_team": "TJH5YU202",
        "user_profile": {
            "avatar_hash": "48f1b9655122",
            "image_72": "https:\/\/avatars.slack-edge.com\/2019-05-20\/640143784356_48f1b96551220d9fdd4d_72.jpg",
            "first_name": "Xevi",
            "real_name": "Xevi",
            "display_name": "Xevi",
            "team": "TJH5YU202",
            "name": "xevicomas",
            "is_restricted": false,
            "is_ultra_restricted": false
        },
        "blocks": [
            {
                "type": "rich_text",
                "block_id": "OlVA",
                "elements": [
                    {
                        "type": "rich_text_section",
                        "elements": [
                            {
                                "type": "text",
                                "text": "Igual me estoy avanzando a lo que hemos \"aprendido\", seguro, pero me seria de utilidad.\nDe momento, voy a hacer que visualize una imagen pequeña o logo del Pdf, los cuatro datos básicos (importe, fecha, número) y cuando tenga un poco hecho, ya iré preguntando más cosillas..."
                            }
                        ]
                    }
                ]
            }
        ]
    },
    {
        "client_msg_id": "dcfa91fa-3598-4488-bfaf-35d52ac91dd1",
        "type": "message",
        "text": "Seguro que después se va ha hacer con un browse, pero por aprender y ir testeando\/aprendiendo, éste es un ejemplillo que le voy a dar alguna utilidad.",
        "user": "UJU3NMK0U",
        "ts": "1585504595.387700",
        "team": "TJH5YU202",
        "user_team": "TJH5YU202",
        "source_team": "TJH5YU202",
        "user_profile": {
            "avatar_hash": "48f1b9655122",
            "image_72": "https:\/\/avatars.slack-edge.com\/2019-05-20\/640143784356_48f1b96551220d9fdd4d_72.jpg",
            "first_name": "Xevi",
            "real_name": "Xevi",
            "display_name": "Xevi",
            "team": "TJH5YU202",
            "name": "xevicomas",
            "is_restricted": false,
            "is_ultra_restricted": false
        },
        "blocks": [
            {
                "type": "rich_text",
                "block_id": "UAk9",
                "elements": [
                    {
                        "type": "rich_text_section",
                        "elements": [
                            {
                                "type": "text",
                                "text": "Seguro que después se va ha hacer con un browse, pero por aprender y ir testeando\/aprendiendo, éste es un ejemplillo que le voy a dar alguna utilidad."
                            }
                        ]
                    }
                ]
            }
        ]
    },
    {
        "client_msg_id": "a78af56c-31fb-4aff-b291-e0fc5e8c8119",
        "type": "message",
        "text": "Style. Css solo se usa para hblog3",
        "user": "UK28N3CER",
        "ts": "1585508222.388900",
        "team": "TJH5YU202",
        "user_team": "TJH5YU202",
        "source_team": "TJH5YU202",
        "user_profile": {
            "avatar_hash": "bf50b53e78b3",
            "image_72": "https:\/\/avatars.slack-edge.com\/2020-04-13\/1058586385811_bf50b53e78b35822be35_72.png",
            "first_name": "Cesar",
            "real_name": "Cesar SysCtrl Software",
            "display_name": "Cesar SysCtrl Software",
            "team": "TJH5YU202",
            "name": "sysctrlsoftware",
            "is_restricted": false,
            "is_ultra_restricted": false
        },
        "blocks": [
            {
                "type": "rich_text",
                "block_id": "JyF+q",
                "elements": [
                    {
                        "type": "rich_text_section",
                        "elements": [
                            {
                                "type": "text",
                                "text": "Style. Css solo se usa para hblog3"
                            }
                        ]
                    }
                ]
            }
        ]
    },
    {
        "client_msg_id": "17ec03bd-ccc2-4210-8698-a028924988c2",
        "type": "message",
        "text": "<@UJU3NMK0U>, Por favor ver en modharbour_en",
        "user": "UJHD6A81H",
        "ts": "1585511338.389400",
        "team": "TJH5YU202",
        "user_team": "TJH5YU202",
        "source_team": "TJH5YU202",
        "user_profile": {
            "avatar_hash": "g6b8073e00e9",
            "image_72": "https:\/\/secure.gravatar.com\/avatar\/b96b8073e00e9eb02bcf05bc1418eb3a.jpg?s=72&d=https%3A%2F%2Fa.slack-edge.com%2Fdf10d%2Fimg%2Favatars%2Fava_0021-72.png",
            "first_name": "Otto",
            "real_name": "Otto Atzwanger",
            "display_name": "Otto",
            "team": "TJH5YU202",
            "name": "otto",
            "is_restricted": false,
            "is_ultra_restricted": false
        },
        "blocks": [
            {
                "type": "rich_text",
                "block_id": "r=Nf",
                "elements": [
                    {
                        "type": "rich_text_section",
                        "elements": [
                            {
                                "type": "user",
                                "user_id": "UJU3NMK0U"
                            },
                            {
                                "type": "text",
                                "text": ", Por favor ver en modharbour_en"
                            }
                        ]
                    }
                ]
            }
        ],
        "reactions": [
            {
                "name": "clap",
                "users": [
                    "UJUJLTWMT",
                    "UJXP7LS78"
                ],
                "count": 2
            }
        ]
    },
    {
        "client_msg_id": "41fac0bc-a70e-40f5-8015-efd639019752",
        "type": "message",
        "text": "buenas tardes",
        "user": "UJXP7LS78",
        "ts": "1585519407.389900",
        "team": "TJH5YU202",
        "user_team": "TJH5YU202",
        "source_team": "TJH5YU202",
        "user_profile": {
            "avatar_hash": "gc4a0baebb72",
            "image_72": "https:\/\/secure.gravatar.com\/avatar\/a1c4a0baebb720b97e5a197259dbf409.jpg?s=72&d=https%3A%2F%2Fa.slack-edge.com%2Fdf10d%2Fimg%2Favatars%2Fava_0007-72.png",
            "first_name": "",
            "real_name": "wilson gamboa",
            "display_name": "wilson gamboa",
            "team": "TJH5YU202",
            "name": "wilson.josenet",
            "is_restricted": false,
            "is_ultra_restricted": false
        },
        "blocks": [
            {
                "type": "rich_text",
                "block_id": "163",
                "elements": [
                    {
                        "type": "rich_text_section",
                        "elements": [
                            {
                                "type": "text",
                                "text": "buenas tardes"
                            }
                        ]
                    }
                ]
            }
        ]
    },
    {
        "client_msg_id": "31B4F647-66C5-46DD-AAE7-F07C72D8A9A2",
        "type": "message",
        "text": "Buenas Noches Wilson ",
        "user": "UJH8DPY58",
        "ts": "1585519586.390700",
        "team": "TJH5YU202",
        "user_team": "TJH5YU202",
        "source_team": "TJH5YU202",
        "user_profile": {
            "avatar_hash": "g1cac88c496c",
            "image_72": "https:\/\/secure.gravatar.com\/avatar\/451cac88c496c2cec0b934a281b6eb94.jpg?s=72&d=https%3A%2F%2Fa.slack-edge.com%2Fdf10d%2Fimg%2Favatars%2Fava_0020-72.png",
            "first_name": "",
            "real_name": "Juan Pastor",
            "display_name": "",
            "team": "TJH5YU202",
            "name": "jpastor68",
            "is_restricted": false,
            "is_ultra_restricted": false
        },
        "blocks": [
            {
                "type": "rich_text",
                "block_id": "7lQJ",
                "elements": [
                    {
                        "type": "rich_text_section",
                        "elements": [
                            {
                                "type": "text",
                                "text": "Buenas Noches Wilson "
                            }
                        ]
                    }
                ]
            }
        ]
    },
    {
        "client_msg_id": "76e4c03b-217d-4af6-8cb5-5b491d880c39",
        "type": "message",
        "text": "Hola juan",
        "user": "UJXP7LS78",
        "ts": "1585519730.390900",
        "team": "TJH5YU202",
        "user_team": "TJH5YU202",
        "source_team": "TJH5YU202",
        "user_profile": {
            "avatar_hash": "gc4a0baebb72",
            "image_72": "https:\/\/secure.gravatar.com\/avatar\/a1c4a0baebb720b97e5a197259dbf409.jpg?s=72&d=https%3A%2F%2Fa.slack-edge.com%2Fdf10d%2Fimg%2Favatars%2Fava_0007-72.png",
            "first_name": "",
            "real_name": "wilson gamboa",
            "display_name": "wilson gamboa",
            "team": "TJH5YU202",
            "name": "wilson.josenet",
            "is_restricted": false,
            "is_ultra_restricted": false
        },
        "blocks": [
            {
                "type": "rich_text",
                "block_id": "3CYR",
                "elements": [
                    {
                        "type": "rich_text_section",
                        "elements": [
                            {
                                "type": "text",
                                "text": "Hola juan"
                            }
                        ]
                    }
                ]
            }
        ]
    },
    {
        "client_msg_id": "445cbb43-0cd1-4826-b8a8-3879f87e7b18",
        "type": "message",
        "text": "donde se halla ese foro que indica Otto lo sabe",
        "user": "UJXP7LS78",
        "ts": "1585519756.391200",
        "team": "TJH5YU202",
        "user_team": "TJH5YU202",
        "source_team": "TJH5YU202",
        "user_profile": {
            "avatar_hash": "gc4a0baebb72",
            "image_72": "https:\/\/secure.gravatar.com\/avatar\/a1c4a0baebb720b97e5a197259dbf409.jpg?s=72&d=https%3A%2F%2Fa.slack-edge.com%2Fdf10d%2Fimg%2Favatars%2Fava_0007-72.png",
            "first_name": "",
            "real_name": "wilson gamboa",
            "display_name": "wilson gamboa",
            "team": "TJH5YU202",
            "name": "wilson.josenet",
            "is_restricted": false,
            "is_ultra_restricted": false
        },
        "blocks": [
            {
                "type": "rich_text",
                "block_id": "TvB",
                "elements": [
                    {
                        "type": "rich_text_section",
                        "elements": [
                            {
                                "type": "text",
                                "text": "donde se halla ese foro que indica Otto lo sabe"
                            }
                        ]
                    }
                ]
            }
        ]
    },
    {
        "client_msg_id": "a1e239d6-f997-4311-9649-dd951844243c",
        "type": "message",
        "text": "lo sabes",
        "user": "UJXP7LS78",
        "ts": "1585519764.391500",
        "team": "TJH5YU202",
        "user_team": "TJH5YU202",
        "source_team": "TJH5YU202",
        "user_profile": {
            "avatar_hash": "gc4a0baebb72",
            "image_72": "https:\/\/secure.gravatar.com\/avatar\/a1c4a0baebb720b97e5a197259dbf409.jpg?s=72&d=https%3A%2F%2Fa.slack-edge.com%2Fdf10d%2Fimg%2Favatars%2Fava_0007-72.png",
            "first_name": "",
            "real_name": "wilson gamboa",
            "display_name": "wilson gamboa",
            "team": "TJH5YU202",
            "name": "wilson.josenet",
            "is_restricted": false,
            "is_ultra_restricted": false
        },
        "blocks": [
            {
                "type": "rich_text",
                "block_id": "pRd",
                "elements": [
                    {
                        "type": "rich_text_section",
                        "elements": [
                            {
                                "type": "text",
                                "text": "lo sabes"
                            }
                        ]
                    }
                ]
            }
        ]
    },
    {
        "client_msg_id": "4E92A828-ABCD-4BE4-B562-326F62EDBC5A",
        "type": "message",
        "text": "Ni idea",
        "user": "UJH8DPY58",
        "ts": "1585519994.391700",
        "team": "TJH5YU202",
        "user_team": "TJH5YU202",
        "source_team": "TJH5YU202",
        "user_profile": {
            "avatar_hash": "g1cac88c496c",
            "image_72": "https:\/\/secure.gravatar.com\/avatar\/451cac88c496c2cec0b934a281b6eb94.jpg?s=72&d=https%3A%2F%2Fa.slack-edge.com%2Fdf10d%2Fimg%2Favatars%2Fava_0020-72.png",
            "first_name": "",
            "real_name": "Juan Pastor",
            "display_name": "",
            "team": "TJH5YU202",
            "name": "jpastor68",
            "is_restricted": false,
            "is_ultra_restricted": false
        },
        "blocks": [
            {
                "type": "rich_text",
                "block_id": "Z7HP",
                "elements": [
                    {
                        "type": "rich_text_section",
                        "elements": [
                            {
                                "type": "text",
                                "text": "Ni idea"
                            }
                        ]
                    }
                ]
            }
        ]
    },
    {
        "client_msg_id": "abcde0f5-f4bf-4a17-9200-5c8f12ea57ac",
        "type": "message",
        "text": "<#CL6HGTURE|modharbour_en> ?",
        "user": "UNAHBRTFA",
        "ts": "1585520016.391900",
        "team": "TJH5YU202",
        "user_team": "TJH5YU202",
        "source_team": "TJH5YU202",
        "user_profile": {
            "avatar_hash": "g3d2a3f4c28c",
            "image_72": "https:\/\/secure.gravatar.com\/avatar\/23d2a3f4c28cebb4cf07e48d02620517.jpg?s=72&d=https%3A%2F%2Fa.slack-edge.com%2Fdf10d%2Fimg%2Favatars%2Fava_0020-72.png",
            "first_name": "Andreu",
            "real_name": "Andreu Botella",
            "display_name": "Andreu Botella",
            "team": "TJH5YU202",
            "name": "andreu.132",
            "is_restricted": false,
            "is_ultra_restricted": false
        },
        "blocks": [
            {
                "type": "rich_text",
                "block_id": "G\/4E",
                "elements": [
                    {
                        "type": "rich_text_section",
                        "elements": [
                            {
                                "type": "channel",
                                "channel_id": "CL6HGTURE"
                            },
                            {
                                "type": "text",
                                "text": " ?"
                            }
                        ]
                    }
                ]
            }
        ]
    },
    {
        "client_msg_id": "9A4EE13C-67AF-4B1A-A390-5B7B59954595",
        "type": "message",
        "text": "Es un canal de este mismo Slack?",
        "user": "UJH8DPY58",
        "ts": "1585520142.392600",
        "team": "TJH5YU202",
        "user_team": "TJH5YU202",
        "source_team": "TJH5YU202",
        "user_profile": {
            "avatar_hash": "g1cac88c496c",
            "image_72": "https:\/\/secure.gravatar.com\/avatar\/451cac88c496c2cec0b934a281b6eb94.jpg?s=72&d=https%3A%2F%2Fa.slack-edge.com%2Fdf10d%2Fimg%2Favatars%2Fava_0020-72.png",
            "first_name": "",
            "real_name": "Juan Pastor",
            "display_name": "",
            "team": "TJH5YU202",
            "name": "jpastor68",
            "is_restricted": false,
            "is_ultra_restricted": false
        },
        "blocks": [
            {
                "type": "rich_text",
                "block_id": "qIJ",
                "elements": [
                    {
                        "type": "rich_text_section",
                        "elements": [
                            {
                                "type": "text",
                                "text": "Es un canal de este mismo Slack?"
                            }
                        ]
                    }
                ]
            }
        ]
    },
    {
        "client_msg_id": "1729b5e4-18ab-4fe2-b894-669ba5d70c10",
        "type": "message",
        "text": "sí",
        "user": "UNAHBRTFA",
        "ts": "1585520149.392800",
        "team": "TJH5YU202",
        "user_team": "TJH5YU202",
        "source_team": "TJH5YU202",
        "user_profile": {
            "avatar_hash": "g3d2a3f4c28c",
            "image_72": "https:\/\/secure.gravatar.com\/avatar\/23d2a3f4c28cebb4cf07e48d02620517.jpg?s=72&d=https%3A%2F%2Fa.slack-edge.com%2Fdf10d%2Fimg%2Favatars%2Fava_0020-72.png",
            "first_name": "Andreu",
            "real_name": "Andreu Botella",
            "display_name": "Andreu Botella",
            "team": "TJH5YU202",
            "name": "andreu.132",
            "is_restricted": false,
            "is_ultra_restricted": false
        },
        "blocks": [
            {
                "type": "rich_text",
                "block_id": "BMhw",
                "elements": [
                    {
                        "type": "rich_text_section",
                        "elements": [
                            {
                                "type": "text",
                                "text": "sí"
                            }
                        ]
                    }
                ]
            }
        ]
    },
    {
        "client_msg_id": "30251A0A-BF22-4F8C-8B60-64155C1E9C69",
        "type": "message",
        "text": "Pues Wilson preguntaba",
        "user": "UJH8DPY58",
        "ts": "1585520170.393300",
        "team": "TJH5YU202",
        "user_team": "TJH5YU202",
        "source_team": "TJH5YU202",
        "user_profile": {
            "avatar_hash": "g1cac88c496c",
            "image_72": "https:\/\/secure.gravatar.com\/avatar\/451cac88c496c2cec0b934a281b6eb94.jpg?s=72&d=https%3A%2F%2Fa.slack-edge.com%2Fdf10d%2Fimg%2Favatars%2Fava_0020-72.png",
            "first_name": "",
            "real_name": "Juan Pastor",
            "display_name": "",
            "team": "TJH5YU202",
            "name": "jpastor68",
            "is_restricted": false,
            "is_ultra_restricted": false
        },
        "blocks": [
            {
                "type": "rich_text",
                "block_id": "Kexjb",
                "elements": [
                    {
                        "type": "rich_text_section",
                        "elements": [
                            {
                                "type": "text",
                                "text": "Pues Wilson preguntaba"
                            }
                        ]
                    }
                ]
            }
        ]
    },
    {
        "client_msg_id": "89abbd68-6ac0-45ff-a459-77198f446c0e",
        "type": "message",
        "text": "ah gracias",
        "user": "UJXP7LS78",
        "ts": "1585520868.393500",
        "team": "TJH5YU202",
        "user_team": "TJH5YU202",
        "source_team": "TJH5YU202",
        "user_profile": {
            "avatar_hash": "gc4a0baebb72",
            "image_72": "https:\/\/secure.gravatar.com\/avatar\/a1c4a0baebb720b97e5a197259dbf409.jpg?s=72&d=https%3A%2F%2Fa.slack-edge.com%2Fdf10d%2Fimg%2Favatars%2Fava_0007-72.png",
            "first_name": "",
            "real_name": "wilson gamboa",
            "display_name": "wilson gamboa",
            "team": "TJH5YU202",
            "name": "wilson.josenet",
            "is_restricted": false,
            "is_ultra_restricted": false
        },
        "blocks": [
            {
                "type": "rich_text",
                "block_id": "oXin",
                "elements": [
                    {
                        "type": "rich_text_section",
                        "elements": [
                            {
                                "type": "text",
                                "text": "ah gracias"
                            }
                        ]
                    }
                ]
            }
        ]
    },
    {
        "client_msg_id": "308e6ddf-65e1-4851-92bc-7d16e72d0dfc",
        "type": "message",
        "text": "es que no lo tenia",
        "user": "UJXP7LS78",
        "ts": "1585520873.393700",
        "team": "TJH5YU202",
        "user_team": "TJH5YU202",
        "source_team": "TJH5YU202",
        "user_profile": {
            "avatar_hash": "gc4a0baebb72",
            "image_72": "https:\/\/secure.gravatar.com\/avatar\/a1c4a0baebb720b97e5a197259dbf409.jpg?s=72&d=https%3A%2F%2Fa.slack-edge.com%2Fdf10d%2Fimg%2Favatars%2Fava_0007-72.png",
            "first_name": "",
            "real_name": "wilson gamboa",
            "display_name": "wilson gamboa",
            "team": "TJH5YU202",
            "name": "wilson.josenet",
            "is_restricted": false,
            "is_ultra_restricted": false
        },
        "blocks": [
            {
                "type": "rich_text",
                "block_id": "9os",
                "elements": [
                    {
                        "type": "rich_text_section",
                        "elements": [
                            {
                                "type": "text",
                                "text": "es que no lo tenia"
                            }
                        ]
                    }
                ]
            }
        ]
    },
    {
        "client_msg_id": "89d1a28c-354f-48a8-b3f3-7cd0115c21de",
        "type": "message",
        "text": "di click y ya me aparece gracias Andreu",
        "user": "UJXP7LS78",
        "ts": "1585520887.394000",
        "team": "TJH5YU202",
        "user_team": "TJH5YU202",
        "source_team": "TJH5YU202",
        "user_profile": {
            "avatar_hash": "gc4a0baebb72",
            "image_72": "https:\/\/secure.gravatar.com\/avatar\/a1c4a0baebb720b97e5a197259dbf409.jpg?s=72&d=https%3A%2F%2Fa.slack-edge.com%2Fdf10d%2Fimg%2Favatars%2Fava_0007-72.png",
            "first_name": "",
            "real_name": "wilson gamboa",
            "display_name": "wilson gamboa",
            "team": "TJH5YU202",
            "name": "wilson.josenet",
            "is_restricted": false,
            "is_ultra_restricted": false
        },
        "blocks": [
            {
                "type": "rich_text",
                "block_id": "in+",
                "elements": [
                    {
                        "type": "rich_text_section",
                        "elements": [
                            {
                                "type": "text",
                                "text": "di click y ya me aparece gracias Andreu"
                            }
                        ]
                    }
                ]
            }
        ]
    },
    {
        "client_msg_id": "e7820af7-3b97-40fc-bd85-c2b932a8fd47",
        "type": "message",
        "text": "Bon dia",
        "user": "UJWR5N32S",
        "ts": "1585548725.394400",
        "team": "TJH5YU202",
        "user_team": "TJH5YU202",
        "source_team": "TJH5YU202",
        "user_profile": {
            "avatar_hash": "273d3745f7ae",
            "image_72": "https:\/\/avatars.slack-edge.com\/2019-05-20\/634344238497_273d3745f7ae1b176b82_72.jpg",
            "first_name": "Charly",
            "real_name": "Charly",
            "display_name": "Charly",
            "team": "TJH5YU202",
            "name": "carles9000",
            "is_restricted": false,
            "is_ultra_restricted": false
        },
        "blocks": [
            {
                "type": "rich_text",
                "block_id": "aYi",
                "elements": [
                    {
                        "type": "rich_text_section",
                        "elements": [
                            {
                                "type": "text",
                                "text": "Bon dia"
                            }
                        ]
                    }
                ]
            }
        ]
    },
    {
        "client_msg_id": "f33f1e8d-db6f-453e-8d7d-fbd71b559ab6",
        "type": "message",
        "text": "<@UJU3NMK0U> style.css es obsoleto. Del ejemplo hblog3 :slightly_smiling_face:",
        "user": "UJWR5N32S",
        "ts": "1585548903.395100",
        "team": "TJH5YU202",
        "user_team": "TJH5YU202",
        "source_team": "TJH5YU202",
        "user_profile": {
            "avatar_hash": "273d3745f7ae",
            "image_72": "https:\/\/avatars.slack-edge.com\/2019-05-20\/634344238497_273d3745f7ae1b176b82_72.jpg",
            "first_name": "Charly",
            "real_name": "Charly",
            "display_name": "Charly",
            "team": "TJH5YU202",
            "name": "carles9000",
            "is_restricted": false,
            "is_ultra_restricted": false
        },
        "blocks": [
            {
                "type": "rich_text",
                "block_id": "SuRva",
                "elements": [
                    {
                        "type": "rich_text_section",
                        "elements": [
                            {
                                "type": "user",
                                "user_id": "UJU3NMK0U"
                            },
                            {
                                "type": "text",
                                "text": " style.css es obsoleto. Del ejemplo hblog3 "
                            },
                            {
                                "type": "emoji",
                                "name": "slightly_smiling_face"
                            }
                        ]
                    }
                ]
            }
        ]
    },
    {
        "client_msg_id": "1d736310-4e6e-4c93-b011-53cdd7ed1ff9",
        "type": "message",
        "text": "Sobre visualizar un pdf es tan facil como esto",
        "user": "UJWR5N32S",
        "ts": "1585548970.395600",
        "team": "TJH5YU202",
        "user_team": "TJH5YU202",
        "source_team": "TJH5YU202",
        "user_profile": {
            "avatar_hash": "273d3745f7ae",
            "image_72": "https:\/\/avatars.slack-edge.com\/2019-05-20\/634344238497_273d3745f7ae1b176b82_72.jpg",
            "first_name": "Charly",
            "real_name": "Charly",
            "display_name": "Charly",
            "team": "TJH5YU202",
            "name": "carles9000",
            "is_restricted": false,
            "is_ultra_restricted": false
        },
        "edited": {
            "user": "UJWR5N32S",
            "ts": "1585549002.000000"
        },
        "blocks": [
            {
                "type": "rich_text",
                "block_id": "cSX+P",
                "elements": [
                    {
                        "type": "rich_text_section",
                        "elements": [
                            {
                                "type": "text",
                                "text": "Sobre visualizar un pdf es tan facil como esto"
                            }
                        ]
                    }
                ]
            }
        ]
    },
    {
        "client_msg_id": "6596dcb2-ee45-4c31-9de3-271939c4a03c",
        "type": "message",
        "text": "```&lt;html&gt;\n\t&lt;body style=\"margin:0px;\"&gt;\n\t&lt;iframe src=\"manual.pdf\" style=\"width:100%; height:100%;border:0px;\" &gt;&lt;\/iframe&gt;\n&lt;\/html&gt;```",
        "user": "UJWR5N32S",
        "ts": "1585548982.395800",
        "team": "TJH5YU202",
        "user_team": "TJH5YU202",
        "source_team": "TJH5YU202",
        "user_profile": {
            "avatar_hash": "273d3745f7ae",
            "image_72": "https:\/\/avatars.slack-edge.com\/2019-05-20\/634344238497_273d3745f7ae1b176b82_72.jpg",
            "first_name": "Charly",
            "real_name": "Charly",
            "display_name": "Charly",
            "team": "TJH5YU202",
            "name": "carles9000",
            "is_restricted": false,
            "is_ultra_restricted": false
        },
        "blocks": [
            {
                "type": "rich_text",
                "block_id": "77Yp",
                "elements": [
                    {
                        "type": "rich_text_preformatted",
                        "elements": [
                            {
                                "type": "text",
                                "text": "<html>\n\t<body style=\"margin:0px;\">\n\t<iframe src=\"manual.pdf\" style=\"width:100%; height:100%;border:0px;\" ><\/iframe>\n<\/html>"
                            }
                        ]
                    }
                ]
            }
        ]
    }
]