[
    {
        "client_msg_id": "7eadc601-5423-440a-b911-5bb01e70f5e2",
        "type": "message",
        "text": "buenos dias :sunny:",
        "user": "UJN8D8U3B",
        "ts": "1587022107.109300",
        "team": "TJH5YU202",
        "user_team": "TJH5YU202",
        "source_team": "TJH5YU202",
        "user_profile": {
            "avatar_hash": "g92ad2abcc45",
            "image_72": "https:\/\/secure.gravatar.com\/avatar\/8492ad2abcc45ce53969adcf8420acde.jpg?s=72&d=https%3A%2F%2Fa.slack-edge.com%2Fdf10d%2Fimg%2Favatars%2Fava_0008-72.png",
            "first_name": "",
            "real_name": "Antonio Linares",
            "display_name": "Antonio Linares",
            "team": "TJH5YU202",
            "name": "alinares",
            "is_restricted": false,
            "is_ultra_restricted": false
        },
        "blocks": [
            {
                "type": "rich_text",
                "block_id": "0RVey",
                "elements": [
                    {
                        "type": "rich_text_section",
                        "elements": [
                            {
                                "type": "text",
                                "text": "buenos dias "
                            },
                            {
                                "type": "emoji",
                                "name": "sunny"
                            }
                        ]
                    }
                ]
            }
        ]
    },
    {
        "client_msg_id": "c2fac774-f4a5-4dd7-b420-92bf2bc9df01",
        "type": "message",
        "text": "Buen día másters",
        "user": "UK28N3CER",
        "ts": "1587042720.109900",
        "team": "TJH5YU202",
        "user_team": "TJH5YU202",
        "source_team": "TJH5YU202",
        "user_profile": {
            "avatar_hash": "bf50b53e78b3",
            "image_72": "https:\/\/avatars.slack-edge.com\/2020-04-13\/1058586385811_bf50b53e78b35822be35_72.png",
            "first_name": "Cesar",
            "real_name": "Cesar SysCtrl Software",
            "display_name": "Cesar SysCtrl Software",
            "team": "TJH5YU202",
            "name": "sysctrlsoftware",
            "is_restricted": false,
            "is_ultra_restricted": false
        },
        "blocks": [
            {
                "type": "rich_text",
                "block_id": "ZJk",
                "elements": [
                    {
                        "type": "rich_text_section",
                        "elements": [
                            {
                                "type": "text",
                                "text": "Buen día másters"
                            }
                        ]
                    }
                ]
            }
        ]
    },
    {
        "client_msg_id": "18DD323F-251A-4E4B-BDCB-D63BD82610E8",
        "type": "message",
        "text": "Buenos dias ",
        "user": "UJXP7LS78",
        "ts": "1587043083.110200",
        "team": "TJH5YU202",
        "user_team": "TJH5YU202",
        "source_team": "TJH5YU202",
        "user_profile": {
            "avatar_hash": "gc4a0baebb72",
            "image_72": "https:\/\/secure.gravatar.com\/avatar\/a1c4a0baebb720b97e5a197259dbf409.jpg?s=72&d=https%3A%2F%2Fa.slack-edge.com%2Fdf10d%2Fimg%2Favatars%2Fava_0007-72.png",
            "first_name": "",
            "real_name": "wilson gamboa",
            "display_name": "wilson gamboa",
            "team": "TJH5YU202",
            "name": "wilson.josenet",
            "is_restricted": false,
            "is_ultra_restricted": false
        },
        "blocks": [
            {
                "type": "rich_text",
                "block_id": "JooVl",
                "elements": [
                    {
                        "type": "rich_text_section",
                        "elements": [
                            {
                                "type": "text",
                                "text": "Buenos dias "
                            }
                        ]
                    }
                ]
            }
        ]
    },
    {
        "client_msg_id": "7c372e4e-e605-4ffa-a1b0-b32fb8170ed7",
        "type": "message",
        "text": "<https:\/\/www.lavanguardia.com\/tecnologia\/20200416\/48547379801\/covid-19-demanda-programadores-cobol-antiguo-lenguaje-programacion-estados-unidos-crisis.html|https:\/\/www.lavanguardia.com\/tecnologia\/20200416\/48547379801\/covid-19-demanda-programadores-cobol-antiguo-lenguaje-programacion-estados-unidos-crisis.html>",
        "user": "UJWR5N32S",
        "ts": "1587047370.110400",
        "team": "TJH5YU202",
        "user_team": "TJH5YU202",
        "source_team": "TJH5YU202",
        "user_profile": {
            "avatar_hash": "273d3745f7ae",
            "image_72": "https:\/\/avatars.slack-edge.com\/2019-05-20\/634344238497_273d3745f7ae1b176b82_72.jpg",
            "first_name": "Charly",
            "real_name": "Charly",
            "display_name": "Charly",
            "team": "TJH5YU202",
            "name": "carles9000",
            "is_restricted": false,
            "is_ultra_restricted": false
        },
        "attachments": [
            {
                "service_name": "La Vanguardia",
                "title": "La crisis por Covid dispara la demanda de expertos en un lenguaje de 1959",
                "title_link": "https:\/\/www.lavanguardia.com\/tecnologia\/20200416\/48547379801\/covid-19-demanda-programadores-cobol-antiguo-lenguaje-programacion-estados-unidos-crisis.html",
                "text": "Algunos estados de Estados Unidos están haciendo un llamamiento desesperado al no poder procesar las solicitudes de desempleo por falta de...",
                "fallback": "La Vanguardia: La crisis por Covid dispara la demanda de expertos en un lenguaje de 1959",
                "image_url": "https:\/\/www.lavanguardia.com\/r\/GODO\/LV\/p7\/WebSite\/2020\/04\/15\/Recortada\/img_rpeco_20200415-230638_imagenes_lv_otras_fuentes_pandemia-kzmD-U48547379801qnE-992x558@LaVanguardia-Web.jpg",
                "image_width": 444,
                "image_height": 250,
                "from_url": "https:\/\/www.lavanguardia.com\/tecnologia\/20200416\/48547379801\/covid-19-demanda-programadores-cobol-antiguo-lenguaje-programacion-estados-unidos-crisis.html",
                "image_bytes": 52543,
                "service_icon": "https:\/\/www.lavanguardia.com\/rsc\/images\/ico\/apple-touch-icon-72x72.png",
                "id": 1,
                "original_url": "https:\/\/www.lavanguardia.com\/tecnologia\/20200416\/48547379801\/covid-19-demanda-programadores-cobol-antiguo-lenguaje-programacion-estados-unidos-crisis.html"
            }
        ],
        "blocks": [
            {
                "type": "rich_text",
                "block_id": "ekc",
                "elements": [
                    {
                        "type": "rich_text_section",
                        "elements": [
                            {
                                "type": "link",
                                "url": "https:\/\/www.lavanguardia.com\/tecnologia\/20200416\/48547379801\/covid-19-demanda-programadores-cobol-antiguo-lenguaje-programacion-estados-unidos-crisis.html",
                                "text": "https:\/\/www.lavanguardia.com\/tecnologia\/20200416\/48547379801\/covid-19-demanda-programadores-cobol-antiguo-lenguaje-programacion-estados-unidos-crisis.html"
                            }
                        ]
                    }
                ]
            }
        ]
    },
    {
        "client_msg_id": "90182530-f73c-4262-82c8-b019abe0f388",
        "type": "message",
        "text": "Ya lo decía mi profe: \"No seáis tonto, aprended cobol y triunfaréis\".\nNo me puedo ni imaginar el cacao que debe ser un gran programa hecho en cobol. Muchos programadores estarán en casa con dolor de cabeza. Espero que Cristóbal no se enfade por haber hecho este comentario off-topic",
        "user": "UJULQCHL5",
        "ts": "1587048597.112000",
        "team": "TJH5YU202",
        "user_team": "TJH5YU202",
        "source_team": "TJH5YU202",
        "user_profile": {
            "avatar_hash": "g7659142325a",
            "image_72": "https:\/\/secure.gravatar.com\/avatar\/c87659142325a3facb661d85281ec091.jpg?s=72&d=https%3A%2F%2Fa.slack-edge.com%2Fdf10d%2Fimg%2Favatars%2Fava_0003-72.png",
            "first_name": "",
            "real_name": "Paquito",
            "display_name": "Paquito",
            "team": "TJH5YU202",
            "name": "hmpaquito",
            "is_restricted": false,
            "is_ultra_restricted": false
        },
        "blocks": [
            {
                "type": "rich_text",
                "block_id": "\/56",
                "elements": [
                    {
                        "type": "rich_text_section",
                        "elements": [
                            {
                                "type": "text",
                                "text": "Ya lo decía mi profe: \"No seáis tonto, aprended cobol y triunfaréis\".\nNo me puedo ni imaginar el cacao que debe ser un gran programa hecho en cobol. Muchos programadores estarán en casa con dolor de cabeza. Espero que Cristóbal no se enfade por haber hecho este comentario off-topic"
                            }
                        ]
                    }
                ]
            }
        ],
        "thread_ts": "1587048597.112000",
        "reply_count": 1,
        "reply_users_count": 1,
        "latest_reply": "1587055799.121200",
        "reply_users": [
            "UJUJLTWMT"
        ],
        "replies": [
            {
                "user": "UJUJLTWMT",
                "ts": "1587055799.121200"
            }
        ],
        "subscribed": false
    },
    {
        "client_msg_id": "b17ddad8-2a2c-4d5a-b6e4-b8bc393b1261",
        "type": "message",
        "text": "Creo que si una empresa sigue desarrollando el mismo programa más de veinte años después, tiene un problema.",
        "user": "UNAHBRTFA",
        "ts": "1587048779.112700",
        "team": "TJH5YU202",
        "user_team": "TJH5YU202",
        "source_team": "TJH5YU202",
        "user_profile": {
            "avatar_hash": "g3d2a3f4c28c",
            "image_72": "https:\/\/secure.gravatar.com\/avatar\/23d2a3f4c28cebb4cf07e48d02620517.jpg?s=72&d=https%3A%2F%2Fa.slack-edge.com%2Fdf10d%2Fimg%2Favatars%2Fava_0020-72.png",
            "first_name": "Andreu",
            "real_name": "Andreu Botella",
            "display_name": "Andreu Botella",
            "team": "TJH5YU202",
            "name": "andreu.132",
            "is_restricted": false,
            "is_ultra_restricted": false
        },
        "edited": {
            "user": "UNAHBRTFA",
            "ts": "1587048919.000000"
        },
        "blocks": [
            {
                "type": "rich_text",
                "block_id": "ujv",
                "elements": [
                    {
                        "type": "rich_text_section",
                        "elements": [
                            {
                                "type": "text",
                                "text": "Creo que si una empresa sigue desarrollando el mismo programa más de veinte años después, tiene un problema."
                            }
                        ]
                    }
                ]
            }
        ]
    },
    {
        "client_msg_id": "8a542a3c-8a5e-4e83-a3c9-3d6e08cad38f",
        "type": "message",
        "text": "No digo que tengas que cambiar de lenguaje necesariamente, pero si vas a contratar desarrolladores nuevos para reescribir un sistema, ya podrías reescribirlo en un lenguaje que estos nuevos desarrolladores hablen fluido.",
        "user": "UNAHBRTFA",
        "ts": "1587048877.114200",
        "team": "TJH5YU202",
        "user_team": "TJH5YU202",
        "source_team": "TJH5YU202",
        "user_profile": {
            "avatar_hash": "g3d2a3f4c28c",
            "image_72": "https:\/\/secure.gravatar.com\/avatar\/23d2a3f4c28cebb4cf07e48d02620517.jpg?s=72&d=https%3A%2F%2Fa.slack-edge.com%2Fdf10d%2Fimg%2Favatars%2Fava_0020-72.png",
            "first_name": "Andreu",
            "real_name": "Andreu Botella",
            "display_name": "Andreu Botella",
            "team": "TJH5YU202",
            "name": "andreu.132",
            "is_restricted": false,
            "is_ultra_restricted": false
        },
        "blocks": [
            {
                "type": "rich_text",
                "block_id": "jkUxA",
                "elements": [
                    {
                        "type": "rich_text_section",
                        "elements": [
                            {
                                "type": "text",
                                "text": "No digo que tengas que cambiar de lenguaje necesariamente, pero si vas a contratar desarrolladores nuevos para reescribir un sistema, ya podrías reescribirlo en un lenguaje que estos nuevos desarrolladores hablen fluido."
                            }
                        ]
                    }
                ]
            }
        ]
    },
    {
        "client_msg_id": "0e1f2da9-18cf-4e26-bcfd-f59cbbcab38e",
        "type": "message",
        "text": "Que conste que aquí estoy hablando de arquitectura de sistemas, no de productos desde el punto de vista del usuario o cliente.",
        "user": "UNAHBRTFA",
        "ts": "1587048992.116500",
        "team": "TJH5YU202",
        "user_team": "TJH5YU202",
        "source_team": "TJH5YU202",
        "user_profile": {
            "avatar_hash": "g3d2a3f4c28c",
            "image_72": "https:\/\/secure.gravatar.com\/avatar\/23d2a3f4c28cebb4cf07e48d02620517.jpg?s=72&d=https%3A%2F%2Fa.slack-edge.com%2Fdf10d%2Fimg%2Favatars%2Fava_0020-72.png",
            "first_name": "Andreu",
            "real_name": "Andreu Botella",
            "display_name": "Andreu Botella",
            "team": "TJH5YU202",
            "name": "andreu.132",
            "is_restricted": false,
            "is_ultra_restricted": false
        },
        "blocks": [
            {
                "type": "rich_text",
                "block_id": "k6H\/S",
                "elements": [
                    {
                        "type": "rich_text_section",
                        "elements": [
                            {
                                "type": "text",
                                "text": "Que conste que aquí estoy hablando de arquitectura de sistemas, no de productos desde el punto de vista del usuario o cliente."
                            }
                        ]
                    }
                ]
            }
        ]
    },
    {
        "client_msg_id": "75b1141c-0b9b-40e1-8b5f-7c4c672321a7",
        "type": "message",
        "text": "Aunque no conozco, sospecho que las instituciones oficiales, al menos las USA, no actualizan tanto como las instituciones de por aquí. Ellos siguen la máxima informática \"Si funciona no lo toques\". Sería un buen momento para emigrar a un país con más futuro :zipper_mouth_face:",
        "user": "UJULQCHL5",
        "ts": "1587049033.117000",
        "team": "TJH5YU202",
        "user_team": "TJH5YU202",
        "source_team": "TJH5YU202",
        "user_profile": {
            "avatar_hash": "g7659142325a",
            "image_72": "https:\/\/secure.gravatar.com\/avatar\/c87659142325a3facb661d85281ec091.jpg?s=72&d=https%3A%2F%2Fa.slack-edge.com%2Fdf10d%2Fimg%2Favatars%2Fava_0003-72.png",
            "first_name": "",
            "real_name": "Paquito",
            "display_name": "Paquito",
            "team": "TJH5YU202",
            "name": "hmpaquito",
            "is_restricted": false,
            "is_ultra_restricted": false
        },
        "blocks": [
            {
                "type": "rich_text",
                "block_id": "SVCXD",
                "elements": [
                    {
                        "type": "rich_text_section",
                        "elements": [
                            {
                                "type": "text",
                                "text": "Aunque no conozco, sospecho que las instituciones oficiales, al menos las USA, no actualizan tanto como las instituciones de por aquí. Ellos siguen la máxima informática \"Si funciona no lo toques\". Sería un buen momento para emigrar a un país con más futuro "
                            },
                            {
                                "type": "emoji",
                                "name": "zipper_mouth_face"
                            }
                        ]
                    }
                ]
            }
        ]
    },
    {
        "client_msg_id": "83dc6974-23dd-4b1f-9737-ec7b3f4b8638",
        "type": "message",
        "text": "millones de millones de millones de dolares se gastan los gobiernos en cambiar y volver a cambiar los programas muchas veces por temas politicos en mi pais que dizque iba a ser todo con software libre se armo un relajo y quedo todo desconectado y a empezar de nuevo",
        "user": "UJXP7LS78",
        "ts": "1587049854.118200",
        "team": "TJH5YU202",
        "user_team": "TJH5YU202",
        "source_team": "TJH5YU202",
        "user_profile": {
            "avatar_hash": "gc4a0baebb72",
            "image_72": "https:\/\/secure.gravatar.com\/avatar\/a1c4a0baebb720b97e5a197259dbf409.jpg?s=72&d=https%3A%2F%2Fa.slack-edge.com%2Fdf10d%2Fimg%2Favatars%2Fava_0007-72.png",
            "first_name": "",
            "real_name": "wilson gamboa",
            "display_name": "wilson gamboa",
            "team": "TJH5YU202",
            "name": "wilson.josenet",
            "is_restricted": false,
            "is_ultra_restricted": false
        },
        "blocks": [
            {
                "type": "rich_text",
                "block_id": "rhkaX",
                "elements": [
                    {
                        "type": "rich_text_section",
                        "elements": [
                            {
                                "type": "text",
                                "text": "millones de millones de millones de dolares se gastan los gobiernos en cambiar y volver a cambiar los programas muchas veces por temas politicos en mi pais que dizque iba a ser todo con software libre se armo un relajo y quedo todo desconectado y a empezar de nuevo"
                            }
                        ]
                    }
                ]
            }
        ]
    },
    {
        "client_msg_id": "33aeb51d-3a17-42d6-b63b-0fe0c774917a",
        "type": "message",
        "text": "muchas gracias me va aclarando las cosas",
        "user": "UJXP7LS78",
        "ts": "1587053687.119200",
        "team": "TJH5YU202",
        "user_team": "TJH5YU202",
        "source_team": "TJH5YU202",
        "user_profile": {
            "avatar_hash": "gc4a0baebb72",
            "image_72": "https:\/\/secure.gravatar.com\/avatar\/a1c4a0baebb720b97e5a197259dbf409.jpg?s=72&d=https%3A%2F%2Fa.slack-edge.com%2Fdf10d%2Fimg%2Favatars%2Fava_0007-72.png",
            "first_name": "",
            "real_name": "wilson gamboa",
            "display_name": "wilson gamboa",
            "team": "TJH5YU202",
            "name": "wilson.josenet",
            "is_restricted": false,
            "is_ultra_restricted": false
        },
        "blocks": [
            {
                "type": "rich_text",
                "block_id": "JDT5",
                "elements": [
                    {
                        "type": "rich_text_section",
                        "elements": [
                            {
                                "type": "text",
                                "text": "muchas gracias me va aclarando las cosas"
                            }
                        ]
                    }
                ]
            }
        ],
        "thread_ts": "1586013403.362500",
        "parent_user_id": "UJXP7LS78"
    },
    {
        "client_msg_id": "51c1aa4c-a25a-4393-be7c-f6a620ccde6d",
        "type": "message",
        "text": "COBOL funciona bien porque no tiene corchetes !",
        "user": "UM81W8B0Q",
        "ts": "1587053806.119800",
        "team": "TJH5YU202",
        "user_team": "TJH5YU202",
        "source_team": "TJH5YU202",
        "user_profile": {
            "avatar_hash": "gab9279ee8c0",
            "image_72": "https:\/\/secure.gravatar.com\/avatar\/73ab9279ee8c00f66ce4904d30146c8f.jpg?s=72&d=https%3A%2F%2Fa.slack-edge.com%2Fdf10d%2Fimg%2Favatars%2Fava_0010-72.png",
            "first_name": "",
            "real_name": "Angel Pais",
            "display_name": "Angel Pais",
            "team": "TJH5YU202",
            "name": "amigosam",
            "is_restricted": false,
            "is_ultra_restricted": false
        },
        "blocks": [
            {
                "type": "rich_text",
                "block_id": "DIPT",
                "elements": [
                    {
                        "type": "rich_text_section",
                        "elements": [
                            {
                                "type": "text",
                                "text": "COBOL funciona bien porque no tiene corchetes !"
                            }
                        ]
                    }
                ]
            }
        ]
    },
    {
        "client_msg_id": "16cbc157-649c-466d-bb92-3d4bc00026a7",
        "type": "message",
        "text": "El español funciona bien porque no tiene la ç",
        "user": "UNAHBRTFA",
        "ts": "1587053855.120200",
        "team": "TJH5YU202",
        "user_team": "TJH5YU202",
        "source_team": "TJH5YU202",
        "user_profile": {
            "avatar_hash": "g3d2a3f4c28c",
            "image_72": "https:\/\/secure.gravatar.com\/avatar\/23d2a3f4c28cebb4cf07e48d02620517.jpg?s=72&d=https%3A%2F%2Fa.slack-edge.com%2Fdf10d%2Fimg%2Favatars%2Fava_0020-72.png",
            "first_name": "Andreu",
            "real_name": "Andreu Botella",
            "display_name": "Andreu Botella",
            "team": "TJH5YU202",
            "name": "andreu.132",
            "is_restricted": false,
            "is_ultra_restricted": false
        },
        "blocks": [
            {
                "type": "rich_text",
                "block_id": "rE+Sk",
                "elements": [
                    {
                        "type": "rich_text_section",
                        "elements": [
                            {
                                "type": "text",
                                "text": "El español funciona bien porque no tiene la ç"
                            }
                        ]
                    }
                ]
            }
        ]
    },
    {
        "client_msg_id": "28daae1d-9972-45c9-97c1-d31599536e85",
        "type": "message",
        "text": "Al español le sobra un corchete horizontal",
        "user": "UM81W8B0Q",
        "ts": "1587053953.120900",
        "team": "TJH5YU202",
        "user_team": "TJH5YU202",
        "source_team": "TJH5YU202",
        "user_profile": {
            "avatar_hash": "gab9279ee8c0",
            "image_72": "https:\/\/secure.gravatar.com\/avatar\/73ab9279ee8c00f66ce4904d30146c8f.jpg?s=72&d=https%3A%2F%2Fa.slack-edge.com%2Fdf10d%2Fimg%2Favatars%2Fava_0010-72.png",
            "first_name": "",
            "real_name": "Angel Pais",
            "display_name": "Angel Pais",
            "team": "TJH5YU202",
            "name": "amigosam",
            "is_restricted": false,
            "is_ultra_restricted": false
        },
        "blocks": [
            {
                "type": "rich_text",
                "block_id": "t7f\/=",
                "elements": [
                    {
                        "type": "rich_text_section",
                        "elements": [
                            {
                                "type": "text",
                                "text": "Al español le sobra un corchete horizontal"
                            }
                        ]
                    }
                ]
            }
        ]
    },
    {
        "type": "message",
        "subtype": "thread_broadcast",
        "text": "<@UJULQCHL5> aqui siempre ha habido y seguirá habiendo libertad de expresión siempre que no utilicemos expresiones inapropiadas que están fuera de lo que la educación y las \"buenas maneras\" nos mandan ( es lo que me enseñaron a mi ). Otro tema es no utilizar otros canales para estas cosas, que sería de agradecer por vuestra parte para que todo esté un poquito más organizado. Saludines",
        "user": "UJUJLTWMT",
        "ts": "1587055799.121200",
        "thread_ts": "1587048597.112000",
        "root": {
            "client_msg_id": "90182530-f73c-4262-82c8-b019abe0f388",
            "type": "message",
            "text": "Ya lo decía mi profe: \"No seáis tonto, aprended cobol y triunfaréis\".\nNo me puedo ni imaginar el cacao que debe ser un gran programa hecho en cobol. Muchos programadores estarán en casa con dolor de cabeza. Espero que Cristóbal no se enfade por haber hecho este comentario off-topic",
            "user": "UJULQCHL5",
            "ts": "1587048597.112000",
            "team": "TJH5YU202",
            "blocks": [
                {
                    "type": "rich_text",
                    "block_id": "\/56",
                    "elements": [
                        {
                            "type": "rich_text_section",
                            "elements": [
                                {
                                    "type": "text",
                                    "text": "Ya lo decía mi profe: \"No seáis tonto, aprended cobol y triunfaréis\".\nNo me puedo ni imaginar el cacao que debe ser un gran programa hecho en cobol. Muchos programadores estarán en casa con dolor de cabeza. Espero que Cristóbal no se enfade por haber hecho este comentario off-topic"
                                }
                            ]
                        }
                    ]
                }
            ],
            "thread_ts": "1587048597.112000",
            "reply_count": 1,
            "reply_users_count": 1,
            "latest_reply": "1587055799.121200",
            "reply_users": [
                "UJUJLTWMT"
            ],
            "subscribed": false
        },
        "blocks": [
            {
                "type": "rich_text",
                "block_id": "BjjK",
                "elements": [
                    {
                        "type": "rich_text_section",
                        "elements": [
                            {
                                "type": "user",
                                "user_id": "UJULQCHL5"
                            },
                            {
                                "type": "text",
                                "text": " aqui siempre ha habido y seguirá habiendo libertad de expresión siempre que no utilicemos expresiones inapropiadas que están fuera de lo que la educación y las \"buenas maneras\" nos mandan ( es lo que me enseñaron a mi ). Otro tema es no utilizar otros canales para estas cosas, que sería de agradecer por vuestra parte para que todo esté un poquito más organizado. Saludines"
                            }
                        ]
                    }
                ]
            }
        ],
        "client_msg_id": "c74d5de0-9bd3-4a09-92ff-b417fde68728"
    },
    {
        "client_msg_id": "e556ea0a-4311-4714-ab77-94882e37cacd",
        "type": "message",
        "text": "(Confination number XVII) Browse ya tiene el evento onchange",
        "user": "UJWR5N32S",
        "ts": "1587059413.121700",
        "team": "TJH5YU202",
        "user_team": "TJH5YU202",
        "source_team": "TJH5YU202",
        "user_profile": {
            "avatar_hash": "273d3745f7ae",
            "image_72": "https:\/\/avatars.slack-edge.com\/2019-05-20\/634344238497_273d3745f7ae1b176b82_72.jpg",
            "first_name": "Charly",
            "real_name": "Charly",
            "display_name": "Charly",
            "team": "TJH5YU202",
            "name": "carles9000",
            "is_restricted": false,
            "is_ultra_restricted": false
        },
        "edited": {
            "user": "UJWR5N32S",
            "ts": "1587059440.000000"
        },
        "blocks": [
            {
                "type": "rich_text",
                "block_id": "3Ae",
                "elements": [
                    {
                        "type": "rich_text_section",
                        "elements": [
                            {
                                "type": "text",
                                "text": "(Confination number XVII) Browse ya tiene el evento onchange"
                            }
                        ]
                    }
                ]
            }
        ]
    },
    {
        "client_msg_id": "40bb16be-6db3-45ef-8932-9327017b0ae9",
        "type": "message",
        "text": "```\/\/\t{% LoadHrb( 'lib\/tweb\/tweb.hrb' ) %}\n\n#define PATH_DATA \t\tHB_GetEnv( \"PRGPATH\" ) + '\/data\/'\n\n#include {% TWebInclude() %}\n\nfunction main()\n\n    local o, oWeb, oCol, oBrw\n\tlocal aRows := LoadData()\t\n\n\tDEFINE WEB oWeb TITLE 'Test Browse' ICON 'images\/favicon.ico' TABLES INIT\n\t\n\tDEFINE FORM o ID 'demo'\n\n\t\tHTML o INLINE '&lt;h3&gt;Test Browse - onchange event&lt;\/h3&gt;&lt;hr&gt;'\n\t\t\n\tINIT FORM o \n\n\t\tROW o\n\t\t\n\t\t\tCOL o GRID 6\n\n\t\t\t\tDEFINE BROWSE oBrw ID 'ringo' HEIGHT 400 ONCHANGE 'SelData' OF o\n\n\t\t\t\t\tADD oCol TO oBrw ID 'first' \tHEADER 'First' \tALIGN 'right'\n\t\t\t\t\tADD oCol TO oBrw ID 'last'\t\tHEADER 'Last'  \tSORT\t\t\t\n\t\t\t\t\tADD oCol TO oBrw ID 'age'\t\tHEADER 'Age' \tWIDTH 70 \n\n\t\t\t\tINIT BROWSE oBrw DATA aRows\n\t\t\n\t\t\tEND o\n\t\t\t\n\t\t\tCOL o GRID 6\n\t\t\t\n\t\t\t\tROWGROUP o\n\t\t\t\t\tGET ID 'city' VALUE '' GRID 12  LABEL 'City' OF o\n\t\t\t\tEND o\n\t\t\t\t\n\t\t\t\tROWGROUP o\n\t\t\t\t\tGET ID 'st'   VALUE '' GRID 4 LABEL 'State' OF o\n\t\t\t\t\tGET ID 'zip'  VALUE '' GRID 6 LABEL 'Zip'   OF o\n\t\t\t\tEND o\n\t\t\t\t\n\t\t\t\tROWGROUP o\n\t\t\t\t\tGET ID 'hiredate' VALUE '' GRID 6 LABEL 'Hiredate' OF o\n\t\t\t\tEND o  \n\t\t\t\t\n\t\t\t\tROWGROUP o\n\t\t\t\t\tCHECKBOX ID 'married' LABEL 'Married' GRID 6 OF o\t\t\t\t\t\n\t\t\t\tEND o  \t\t\t\t\t\n\t\t\t\t\t\n\t\t\t\tROWGROUP o\n\t\t\t\t\tGET ID 'notes' VALUE '' GRID 12 LABEL 'Notes' OF o\n\t\t\t\tEND o\t\t\t\t\n\n\t\t\tEND o\n\n\t\tEND o\n\n\t\tHTML o \n\t\t\n\t\t\t&lt;script&gt;\t\t\t\t\n\t\t\t\t\n\t\t\t\tfunction SelData( e, row ) {\n\t\t\t\t\t$('#city').val( row.city )\n\t\t\t\t\t$('#st').val( row.state )\n\t\t\t\t\t$('#zip').val( row.zip )\n\t\t\t\t\t$('#hiredate').val( row.hiredate )\n\t\t\t\t\t$('#married').prop('checked', row.married );\n\t\t\t\t\t$('#notes').val( row.notes )\n\t\t\t\t\t$('#married').prop('checked', row.married );\n\t\t\t\t}\t\t\t\t\t\n\t\t\t\t\n\t\t\t&lt;\/script&gt;\n\t\t\t\n\t\tENDTEXT\n\n\tEND FORM o\t\n\t\nretu nil\n\nfunction LoadData() \n\n\tlocal aRows := {}\n\tlocal cAlias, nI\n\n\tUSE ( PATH_DATA + 'test.dbf' ) SHARED NEW VIA 'DBFCDX'\n\t\n\tcAlias := Alias()\n\t\n\tfor nI := 1 to 100\n\t\n\t\tAadd( aRows,  {'first' \t=&gt; UHtmlEncode( (cAlias)-&gt;first  )\t,;\n\t\t\t\t\t\t'last' \t\t=&gt; UHtmlEncode( (cAlias)-&gt;last \t )\t,;\t\t\t\t\t\t\n\t\t\t\t\t\t'street'\t=&gt; UHtmlEncode( (cAlias)-&gt;street  )\t,;\t\t\t\t\t\t\n\t\t\t\t\t\t'city'\t\t=&gt; UHtmlEncode( (cAlias)-&gt;city \t )\t,;\t\t\t\t\t\t\n\t\t\t\t\t\t'state'\t\t=&gt; UHtmlEncode( (cAlias)-&gt;state \t )\t,;\t\t\t\t\t\t\n\t\t\t\t\t\t'zip'\t\t=&gt; UHtmlEncode( (cAlias)-&gt;zip \t )\t,;\t\t\t\t\t\t\n\t\t\t\t\t\t'hiredate'\t=&gt; DToC( (cAlias)-&gt;hiredate )\t\t\t,;\t\t\t\t\t\t\n\t\t\t\t\t\t'married'\t=&gt; (cAlias)-&gt;married \t \t\t\t\t,;\t\t\t\t\t\t\n\t\t\t\t\t\t'age' \t\t=&gt; (cAlias)-&gt;age \t\t\t\t\t\t,;\t\n\t\t\t\t\t\t'salary'\t=&gt; (cAlias)-&gt;salary\t\t\t\t\t,;\t\t\t\t\t\t\n\t\t\t\t\t\t'notes'\t\t=&gt; UHtmlEncode( (cAlias)-&gt;notes \t )\t ;\n\t\t\t\t\t})\n\t\t\n\t\t(cAlias)-&gt;( dbskip() )\n\tnext\n\nretu aRows```",
        "user": "UJWR5N32S",
        "ts": "1587059444.121900",
        "team": "TJH5YU202",
        "user_team": "TJH5YU202",
        "source_team": "TJH5YU202",
        "user_profile": {
            "avatar_hash": "273d3745f7ae",
            "image_72": "https:\/\/avatars.slack-edge.com\/2019-05-20\/634344238497_273d3745f7ae1b176b82_72.jpg",
            "first_name": "Charly",
            "real_name": "Charly",
            "display_name": "Charly",
            "team": "TJH5YU202",
            "name": "carles9000",
            "is_restricted": false,
            "is_ultra_restricted": false
        },
        "blocks": [
            {
                "type": "rich_text",
                "block_id": "maJ+f",
                "elements": [
                    {
                        "type": "rich_text_preformatted",
                        "elements": [
                            {
                                "type": "text",
                                "text": "\/\/\t{% LoadHrb( 'lib\/tweb\/tweb.hrb' ) %}\n\n#define PATH_DATA \t\tHB_GetEnv( \"PRGPATH\" ) + '\/data\/'\n\n#include {% TWebInclude() %}\n\nfunction main()\n\n    local o, oWeb, oCol, oBrw\n\tlocal aRows := LoadData()\t\n\n\tDEFINE WEB oWeb TITLE 'Test Browse' ICON 'images\/favicon.ico' TABLES INIT\n\t\n\tDEFINE FORM o ID 'demo'\n\n\t\tHTML o INLINE '<h3>Test Browse - onchange event<\/h3><hr>'\n\t\t\n\tINIT FORM o \n\n\t\tROW o\n\t\t\n\t\t\tCOL o GRID 6\n\n\t\t\t\tDEFINE BROWSE oBrw ID 'ringo' HEIGHT 400 ONCHANGE 'SelData' OF o\n\n\t\t\t\t\tADD oCol TO oBrw ID 'first' \tHEADER 'First' \tALIGN 'right'\n\t\t\t\t\tADD oCol TO oBrw ID 'last'\t\tHEADER 'Last'  \tSORT\t\t\t\n\t\t\t\t\tADD oCol TO oBrw ID 'age'\t\tHEADER 'Age' \tWIDTH 70 \n\n\t\t\t\tINIT BROWSE oBrw DATA aRows\n\t\t\n\t\t\tEND o\n\t\t\t\n\t\t\tCOL o GRID 6\n\t\t\t\n\t\t\t\tROWGROUP o\n\t\t\t\t\tGET ID 'city' VALUE '' GRID 12  LABEL 'City' OF o\n\t\t\t\tEND o\n\t\t\t\t\n\t\t\t\tROWGROUP o\n\t\t\t\t\tGET ID 'st'   VALUE '' GRID 4 LABEL 'State' OF o\n\t\t\t\t\tGET ID 'zip'  VALUE '' GRID 6 LABEL 'Zip'   OF o\n\t\t\t\tEND o\n\t\t\t\t\n\t\t\t\tROWGROUP o\n\t\t\t\t\tGET ID 'hiredate' VALUE '' GRID 6 LABEL 'Hiredate' OF o\n\t\t\t\tEND o  \n\t\t\t\t\n\t\t\t\tROWGROUP o\n\t\t\t\t\tCHECKBOX ID 'married' LABEL 'Married' GRID 6 OF o\t\t\t\t\t\n\t\t\t\tEND o  \t\t\t\t\t\n\t\t\t\t\t\n\t\t\t\tROWGROUP o\n\t\t\t\t\tGET ID 'notes' VALUE '' GRID 12 LABEL 'Notes' OF o\n\t\t\t\tEND o\t\t\t\t\n\n\t\t\tEND o\n\n\t\tEND o\n\n\t\tHTML o \n\t\t\n\t\t\t<script>\t\t\t\t\n\t\t\t\t\n\t\t\t\tfunction SelData( e, row ) {\n\t\t\t\t\t$('#city').val( row.city )\n\t\t\t\t\t$('#st').val( row.state )\n\t\t\t\t\t$('#zip').val( row.zip )\n\t\t\t\t\t$('#hiredate').val( row.hiredate )\n\t\t\t\t\t$('#married').prop('checked', row.married );\n\t\t\t\t\t$('#notes').val( row.notes )\n\t\t\t\t\t$('#married').prop('checked', row.married );\n\t\t\t\t}\t\t\t\t\t\n\t\t\t\t\n\t\t\t<\/script>\n\t\t\t\n\t\tENDTEXT\n\n\tEND FORM o\t\n\t\nretu nil\n\nfunction LoadData() \n\n\tlocal aRows := {}\n\tlocal cAlias, nI\n\n\tUSE ( PATH_DATA + 'test.dbf' ) SHARED NEW VIA 'DBFCDX'\n\t\n\tcAlias := Alias()\n\t\n\tfor nI := 1 to 100\n\t\n\t\tAadd( aRows,  {'first' \t=> UHtmlEncode( (cAlias)->first  )\t,;\n\t\t\t\t\t\t'last' \t\t=> UHtmlEncode( (cAlias)->last \t )\t,;\t\t\t\t\t\t\n\t\t\t\t\t\t'street'\t=> UHtmlEncode( (cAlias)->street  )\t,;\t\t\t\t\t\t\n\t\t\t\t\t\t'city'\t\t=> UHtmlEncode( (cAlias)->city \t )\t,;\t\t\t\t\t\t\n\t\t\t\t\t\t'state'\t\t=> UHtmlEncode( (cAlias)->state \t )\t,;\t\t\t\t\t\t\n\t\t\t\t\t\t'zip'\t\t=> UHtmlEncode( (cAlias)->zip \t )\t,;\t\t\t\t\t\t\n\t\t\t\t\t\t'hiredate'\t=> DToC( (cAlias)->hiredate )\t\t\t,;\t\t\t\t\t\t\n\t\t\t\t\t\t'married'\t=> (cAlias)->married \t \t\t\t\t,;\t\t\t\t\t\t\n\t\t\t\t\t\t'age' \t\t=> (cAlias)->age \t\t\t\t\t\t,;\t\n\t\t\t\t\t\t'salary'\t=> (cAlias)->salary\t\t\t\t\t,;\t\t\t\t\t\t\n\t\t\t\t\t\t'notes'\t\t=> UHtmlEncode( (cAlias)->notes \t )\t ;\n\t\t\t\t\t})\n\t\t\n\t\t(cAlias)->( dbskip() )\n\tnext\n\nretu aRows"
                            }
                        ]
                    }
                ]
            }
        ]
    },
    {
        "client_msg_id": "a90b5ff7-4257-47e2-8447-6a44f7bfd732",
        "type": "message",
        "text": "<https:\/\/54.37.60.33\/htweb\/tutor4e.prg>",
        "user": "UJWR5N32S",
        "ts": "1587059458.122100",
        "team": "TJH5YU202",
        "user_team": "TJH5YU202",
        "source_team": "TJH5YU202",
        "user_profile": {
            "avatar_hash": "273d3745f7ae",
            "image_72": "https:\/\/avatars.slack-edge.com\/2019-05-20\/634344238497_273d3745f7ae1b176b82_72.jpg",
            "first_name": "Charly",
            "real_name": "Charly",
            "display_name": "Charly",
            "team": "TJH5YU202",
            "name": "carles9000",
            "is_restricted": false,
            "is_ultra_restricted": false
        },
        "blocks": [
            {
                "type": "rich_text",
                "block_id": "86NE",
                "elements": [
                    {
                        "type": "rich_text_section",
                        "elements": [
                            {
                                "type": "link",
                                "url": "https:\/\/54.37.60.33\/htweb\/tutor4e.prg"
                            }
                        ]
                    }
                ]
            }
        ],
        "reactions": [
            {
                "name": "clap",
                "users": [
                    "UJUJLTWMT",
                    "UJUSD6VB2"
                ],
                "count": 2
            }
        ]
    },
    {
        "client_msg_id": "b04a7e59-ca33-4d49-898a-be244ccb0d0a",
        "type": "message",
        "text": "Gracias Charly siempre innovando",
        "user": "UJXP7LS78",
        "ts": "1587060562.122500",
        "team": "TJH5YU202",
        "user_team": "TJH5YU202",
        "source_team": "TJH5YU202",
        "user_profile": {
            "avatar_hash": "gc4a0baebb72",
            "image_72": "https:\/\/secure.gravatar.com\/avatar\/a1c4a0baebb720b97e5a197259dbf409.jpg?s=72&d=https%3A%2F%2Fa.slack-edge.com%2Fdf10d%2Fimg%2Favatars%2Fava_0007-72.png",
            "first_name": "",
            "real_name": "wilson gamboa",
            "display_name": "wilson gamboa",
            "team": "TJH5YU202",
            "name": "wilson.josenet",
            "is_restricted": false,
            "is_ultra_restricted": false
        },
        "blocks": [
            {
                "type": "rich_text",
                "block_id": "WnfW",
                "elements": [
                    {
                        "type": "rich_text_section",
                        "elements": [
                            {
                                "type": "text",
                                "text": "Gracias Charly siempre innovando"
                            }
                        ]
                    }
                ]
            }
        ]
    },
    {
        "client_msg_id": "0e23442e-5270-437c-9332-246a17a14137",
        "type": "message",
        "text": "podrias retomar manana hblog y crear un Ingreso de un registro sera posible ?",
        "user": "UJXP7LS78",
        "ts": "1587060662.123400",
        "team": "TJH5YU202",
        "user_team": "TJH5YU202",
        "source_team": "TJH5YU202",
        "user_profile": {
            "avatar_hash": "gc4a0baebb72",
            "image_72": "https:\/\/secure.gravatar.com\/avatar\/a1c4a0baebb720b97e5a197259dbf409.jpg?s=72&d=https%3A%2F%2Fa.slack-edge.com%2Fdf10d%2Fimg%2Favatars%2Fava_0007-72.png",
            "first_name": "",
            "real_name": "wilson gamboa",
            "display_name": "wilson gamboa",
            "team": "TJH5YU202",
            "name": "wilson.josenet",
            "is_restricted": false,
            "is_ultra_restricted": false
        },
        "blocks": [
            {
                "type": "rich_text",
                "block_id": "m+i",
                "elements": [
                    {
                        "type": "rich_text_section",
                        "elements": [
                            {
                                "type": "text",
                                "text": "podrias retomar manana hblog y crear un Ingreso de un registro sera posible ?"
                            }
                        ]
                    }
                ]
            }
        ]
    },
    {
        "client_msg_id": "affbc46e-0439-465d-a0bc-ad8857b68b75",
        "type": "message",
        "text": "Andreu para mañana podrá ser instalacion de un https en windows ? gracias",
        "user": "UJXP7LS78",
        "ts": "1587060724.124200",
        "team": "TJH5YU202",
        "user_team": "TJH5YU202",
        "source_team": "TJH5YU202",
        "user_profile": {
            "avatar_hash": "gc4a0baebb72",
            "image_72": "https:\/\/secure.gravatar.com\/avatar\/a1c4a0baebb720b97e5a197259dbf409.jpg?s=72&d=https%3A%2F%2Fa.slack-edge.com%2Fdf10d%2Fimg%2Favatars%2Fava_0007-72.png",
            "first_name": "",
            "real_name": "wilson gamboa",
            "display_name": "wilson gamboa",
            "team": "TJH5YU202",
            "name": "wilson.josenet",
            "is_restricted": false,
            "is_ultra_restricted": false
        },
        "blocks": [
            {
                "type": "rich_text",
                "block_id": "9OS",
                "elements": [
                    {
                        "type": "rich_text_section",
                        "elements": [
                            {
                                "type": "text",
                                "text": "Andreu para mañana podrá ser instalacion de un https en windows ? gracias"
                            }
                        ]
                    }
                ]
            }
        ]
    },
    {
        "client_msg_id": "fc51bfbc-d96e-4be1-931c-506faae0e1e6",
        "type": "message",
        "text": "hay alguna noticia de los websockets ? Angel ?",
        "user": "UJXP7LS78",
        "ts": "1587060746.124600",
        "team": "TJH5YU202",
        "user_team": "TJH5YU202",
        "source_team": "TJH5YU202",
        "user_profile": {
            "avatar_hash": "gc4a0baebb72",
            "image_72": "https:\/\/secure.gravatar.com\/avatar\/a1c4a0baebb720b97e5a197259dbf409.jpg?s=72&d=https%3A%2F%2Fa.slack-edge.com%2Fdf10d%2Fimg%2Favatars%2Fava_0007-72.png",
            "first_name": "",
            "real_name": "wilson gamboa",
            "display_name": "wilson gamboa",
            "team": "TJH5YU202",
            "name": "wilson.josenet",
            "is_restricted": false,
            "is_ultra_restricted": false
        },
        "blocks": [
            {
                "type": "rich_text",
                "block_id": "5gz2",
                "elements": [
                    {
                        "type": "rich_text_section",
                        "elements": [
                            {
                                "type": "text",
                                "text": "hay alguna noticia de los websockets ? Angel ?"
                            }
                        ]
                    }
                ]
            }
        ]
    },
    {
        "client_msg_id": "04ba95d6-53c8-4383-ad95-4e514d85eb17",
        "type": "message",
        "text": "Diego ?",
        "user": "UJXP7LS78",
        "ts": "1587060750.124800",
        "team": "TJH5YU202",
        "user_team": "TJH5YU202",
        "source_team": "TJH5YU202",
        "user_profile": {
            "avatar_hash": "gc4a0baebb72",
            "image_72": "https:\/\/secure.gravatar.com\/avatar\/a1c4a0baebb720b97e5a197259dbf409.jpg?s=72&d=https%3A%2F%2Fa.slack-edge.com%2Fdf10d%2Fimg%2Favatars%2Fava_0007-72.png",
            "first_name": "",
            "real_name": "wilson gamboa",
            "display_name": "wilson gamboa",
            "team": "TJH5YU202",
            "name": "wilson.josenet",
            "is_restricted": false,
            "is_ultra_restricted": false
        },
        "blocks": [
            {
                "type": "rich_text",
                "block_id": "5lF",
                "elements": [
                    {
                        "type": "rich_text_section",
                        "elements": [
                            {
                                "type": "text",
                                "text": "Diego ?"
                            }
                        ]
                    }
                ]
            }
        ]
    },
    {
        "client_msg_id": "040690de-25cd-4fc5-bc2b-e3fdb73aa835",
        "type": "message",
        "text": "Yo en su momento ayudé a Angel a instalar https con winacme, creo, y ya ni me acuerdo de cómo era",
        "user": "UNAHBRTFA",
        "ts": "1587060936.125400",
        "team": "TJH5YU202",
        "user_team": "TJH5YU202",
        "source_team": "TJH5YU202",
        "user_profile": {
            "avatar_hash": "g3d2a3f4c28c",
            "image_72": "https:\/\/secure.gravatar.com\/avatar\/23d2a3f4c28cebb4cf07e48d02620517.jpg?s=72&d=https%3A%2F%2Fa.slack-edge.com%2Fdf10d%2Fimg%2Favatars%2Fava_0020-72.png",
            "first_name": "Andreu",
            "real_name": "Andreu Botella",
            "display_name": "Andreu Botella",
            "team": "TJH5YU202",
            "name": "andreu.132",
            "is_restricted": false,
            "is_ultra_restricted": false
        },
        "blocks": [
            {
                "type": "rich_text",
                "block_id": "AQX",
                "elements": [
                    {
                        "type": "rich_text_section",
                        "elements": [
                            {
                                "type": "text",
                                "text": "Yo en su momento ayudé a Angel a instalar https con winacme, creo, y ya ni me acuerdo de cómo era"
                            }
                        ]
                    }
                ]
            }
        ]
    },
    {
        "client_msg_id": "303b973e-ba3e-4276-9074-cca09d1e30df",
        "type": "message",
        "text": "Pablo tiene más experiencia usándolo con IIS",
        "user": "UNAHBRTFA",
        "ts": "1587060943.125800",
        "team": "TJH5YU202",
        "user_team": "TJH5YU202",
        "source_team": "TJH5YU202",
        "user_profile": {
            "avatar_hash": "g3d2a3f4c28c",
            "image_72": "https:\/\/secure.gravatar.com\/avatar\/23d2a3f4c28cebb4cf07e48d02620517.jpg?s=72&d=https%3A%2F%2Fa.slack-edge.com%2Fdf10d%2Fimg%2Favatars%2Fava_0020-72.png",
            "first_name": "Andreu",
            "real_name": "Andreu Botella",
            "display_name": "Andreu Botella",
            "team": "TJH5YU202",
            "name": "andreu.132",
            "is_restricted": false,
            "is_ultra_restricted": false
        },
        "blocks": [
            {
                "type": "rich_text",
                "block_id": "DUjth",
                "elements": [
                    {
                        "type": "rich_text_section",
                        "elements": [
                            {
                                "type": "text",
                                "text": "Pablo tiene más experiencia usándolo con IIS"
                            }
                        ]
                    }
                ]
            }
        ]
    },
    {
        "client_msg_id": "01ffa99b-1283-4b83-ad92-61ee8023b27f",
        "type": "message",
        "text": "Luce muy bien. Habrá que esperar el visto bueno de País... que estará en estado de socket",
        "user": "UJULQCHL5",
        "ts": "1587062523.126400",
        "team": "TJH5YU202",
        "user_team": "TJH5YU202",
        "source_team": "TJH5YU202",
        "user_profile": {
            "avatar_hash": "g7659142325a",
            "image_72": "https:\/\/secure.gravatar.com\/avatar\/c87659142325a3facb661d85281ec091.jpg?s=72&d=https%3A%2F%2Fa.slack-edge.com%2Fdf10d%2Fimg%2Favatars%2Fava_0003-72.png",
            "first_name": "",
            "real_name": "Paquito",
            "display_name": "Paquito",
            "team": "TJH5YU202",
            "name": "hmpaquito",
            "is_restricted": false,
            "is_ultra_restricted": false
        },
        "blocks": [
            {
                "type": "rich_text",
                "block_id": "gHNZ",
                "elements": [
                    {
                        "type": "rich_text_section",
                        "elements": [
                            {
                                "type": "text",
                                "text": "Luce muy bien. Habrá que esperar el visto bueno de País... que estará en estado de socket"
                            }
                        ]
                    }
                ]
            }
        ],
        "thread_ts": "1587062523.126400",
        "reply_count": 1,
        "reply_users_count": 1,
        "latest_reply": "1587066214.135700",
        "reply_users": [
            "UM81W8B0Q"
        ],
        "replies": [
            {
                "user": "UM81W8B0Q",
                "ts": "1587066214.135700"
            }
        ],
        "subscribed": false
    },
    {
        "client_msg_id": "7a2c60de-097b-4e4a-9c1a-c31cc92070eb",
        "type": "message",
        "text": "Charly, me gusto!",
        "user": "UJUSD6VB2",
        "ts": "1587062610.126700",
        "team": "TJH5YU202",
        "user_team": "TJH5YU202",
        "source_team": "TJH5YU202",
        "user_profile": {
            "avatar_hash": "g1677a02d0b6",
            "image_72": "https:\/\/secure.gravatar.com\/avatar\/bb1677a02d0b69ba91eb245090c7c83a.jpg?s=72&d=https%3A%2F%2Fa.slack-edge.com%2Fdf10d%2Fimg%2Favatars%2Fava_0015-72.png",
            "first_name": "",
            "real_name": "Osvaldo Ramirez",
            "display_name": "Osvaldo Ramirez",
            "team": "TJH5YU202",
            "name": "ramirezosvaldo",
            "is_restricted": false,
            "is_ultra_restricted": false
        },
        "blocks": [
            {
                "type": "rich_text",
                "block_id": "d2K",
                "elements": [
                    {
                        "type": "rich_text_section",
                        "elements": [
                            {
                                "type": "text",
                                "text": "Charly, me gusto!"
                            }
                        ]
                    }
                ]
            }
        ]
    },
    {
        "client_msg_id": "f33a1778-b268-4a88-96c4-84d452c1f0a2",
        "type": "message",
        "text": "Hice una prueba con TWeb y Harbourino.\nFunciona.",
        "user": "UJHD6A81H",
        "ts": "1587063060.127000",
        "team": "TJH5YU202",
        "user_team": "TJH5YU202",
        "source_team": "TJH5YU202",
        "user_profile": {
            "avatar_hash": "g6b8073e00e9",
            "image_72": "https:\/\/secure.gravatar.com\/avatar\/b96b8073e00e9eb02bcf05bc1418eb3a.jpg?s=72&d=https%3A%2F%2Fa.slack-edge.com%2Fdf10d%2Fimg%2Favatars%2Fava_0021-72.png",
            "first_name": "Otto",
            "real_name": "Otto Atzwanger",
            "display_name": "Otto",
            "team": "TJH5YU202",
            "name": "otto",
            "is_restricted": false,
            "is_ultra_restricted": false
        },
        "blocks": [
            {
                "type": "rich_text",
                "block_id": "euPTo",
                "elements": [
                    {
                        "type": "rich_text_section",
                        "elements": [
                            {
                                "type": "text",
                                "text": "Hice una prueba con TWeb y Harbourino.\nFunciona."
                            }
                        ]
                    }
                ]
            }
        ],
        "thread_ts": "1587063060.127000",
        "reply_count": 1,
        "reply_users_count": 1,
        "latest_reply": "1587065996.134700",
        "reply_users": [
            "UJUSD6VB2"
        ],
        "replies": [
            {
                "user": "UJUSD6VB2",
                "ts": "1587065996.134700"
            }
        ],
        "subscribed": false,
        "reactions": [
            {
                "name": "clap",
                "users": [
                    "UJUJLTWMT"
                ],
                "count": 1
            }
        ]
    },
    {
        "type": "message",
        "text": "",
        "files": [
            {
                "id": "F011K0KSYSK",
                "created": 1587063069,
                "timestamp": 1587063069,
                "name": "SLIDER1.bmp",
                "title": "SLIDER1.bmp",
                "mimetype": "image\/bmp",
                "filetype": "bmp",
                "pretty_type": "Bitmap",
                "user": "UJHD6A81H",
                "editable": false,
                "size": 864918,
                "mode": "hosted",
                "is_external": false,
                "external_type": "",
                "is_public": true,
                "public_url_shared": false,
                "display_as_bot": false,
                "username": "",
                "url_private": "https:\/\/files.slack.com\/files-pri\/TJH5YU202-F011K0KSYSK\/slider1.bmp?t=xoxe-629202954002-1115206499825-1101204359349-48e7ea248bf98b7fac300966398406ac",
                "url_private_download": "https:\/\/files.slack.com\/files-pri\/TJH5YU202-F011K0KSYSK\/download\/slider1.bmp?t=xoxe-629202954002-1115206499825-1101204359349-48e7ea248bf98b7fac300966398406ac",
                "thumb_64": "https:\/\/files.slack.com\/files-tmb\/TJH5YU202-F011K0KSYSK-172b3384d8\/slider1_64.png?t=xoxe-629202954002-1115206499825-1101204359349-48e7ea248bf98b7fac300966398406ac",
                "thumb_80": "https:\/\/files.slack.com\/files-tmb\/TJH5YU202-F011K0KSYSK-172b3384d8\/slider1_80.png?t=xoxe-629202954002-1115206499825-1101204359349-48e7ea248bf98b7fac300966398406ac",
                "thumb_360": "https:\/\/files.slack.com\/files-tmb\/TJH5YU202-F011K0KSYSK-172b3384d8\/slider1_360.png?t=xoxe-629202954002-1115206499825-1101204359349-48e7ea248bf98b7fac300966398406ac",
                "thumb_360_w": 360,
                "thumb_360_h": 196,
                "thumb_480": "https:\/\/files.slack.com\/files-tmb\/TJH5YU202-F011K0KSYSK-172b3384d8\/slider1_480.png?t=xoxe-629202954002-1115206499825-1101204359349-48e7ea248bf98b7fac300966398406ac",
                "thumb_480_w": 480,
                "thumb_480_h": 261,
                "thumb_160": "https:\/\/files.slack.com\/files-tmb\/TJH5YU202-F011K0KSYSK-172b3384d8\/slider1_160.png?t=xoxe-629202954002-1115206499825-1101204359349-48e7ea248bf98b7fac300966398406ac",
                "thumb_720": "https:\/\/files.slack.com\/files-tmb\/TJH5YU202-F011K0KSYSK-172b3384d8\/slider1_720.png?t=xoxe-629202954002-1115206499825-1101204359349-48e7ea248bf98b7fac300966398406ac",
                "thumb_720_w": 720,
                "thumb_720_h": 392,
                "image_exif_rotation": 1,
                "original_w": 727,
                "original_h": 396,
                "thumb_tiny": "AwAaADDSOeMUmG9f0pSfTP5UA+x\/KgAw2fvfpS0mfr+VGfr+VAC0Umfr+VGR7\/lQAmOBkUoyPWlooATn0NHPoaWigBOfQ0HOOhpaKAP\/2Q==",
                "permalink": "https:\/\/harbourproject.slack.com\/files\/UJHD6A81H\/F011K0KSYSK\/slider1.bmp",
                "permalink_public": "https:\/\/slack-files.com\/TJH5YU202-F011K0KSYSK-4fd8f74e09",
                "is_starred": false,
                "has_rich_preview": false
            }
        ],
        "upload": true,
        "user": "UJHD6A81H",
        "display_as_bot": false,
        "ts": "1587063073.127100",
        "client_msg_id": "34ffb86d-6d73-45b4-89d5-2e26bd8e8407"
    },
    {
        "type": "message",
        "text": "",
        "files": [
            {
                "id": "F012CB78M1P",
                "created": 1587063126,
                "timestamp": 1587063126,
                "name": "Clip2.bmp",
                "title": "Clip2.bmp",
                "mimetype": "image\/bmp",
                "filetype": "bmp",
                "pretty_type": "Bitmap",
                "user": "UJHD6A81H",
                "editable": false,
                "size": 3056654,
                "mode": "hosted",
                "is_external": false,
                "external_type": "",
                "is_public": true,
                "public_url_shared": false,
                "display_as_bot": false,
                "username": "",
                "url_private": "https:\/\/files.slack.com\/files-pri\/TJH5YU202-F012CB78M1P\/clip2.bmp?t=xoxe-629202954002-1115206499825-1101204359349-48e7ea248bf98b7fac300966398406ac",
                "url_private_download": "https:\/\/files.slack.com\/files-pri\/TJH5YU202-F012CB78M1P\/download\/clip2.bmp?t=xoxe-629202954002-1115206499825-1101204359349-48e7ea248bf98b7fac300966398406ac",
                "thumb_64": "https:\/\/files.slack.com\/files-tmb\/TJH5YU202-F012CB78M1P-5882090711\/clip2_64.png?t=xoxe-629202954002-1115206499825-1101204359349-48e7ea248bf98b7fac300966398406ac",
                "thumb_80": "https:\/\/files.slack.com\/files-tmb\/TJH5YU202-F012CB78M1P-5882090711\/clip2_80.png?t=xoxe-629202954002-1115206499825-1101204359349-48e7ea248bf98b7fac300966398406ac",
                "thumb_360": "https:\/\/files.slack.com\/files-tmb\/TJH5YU202-F012CB78M1P-5882090711\/clip2_360.png?t=xoxe-629202954002-1115206499825-1101204359349-48e7ea248bf98b7fac300966398406ac",
                "thumb_360_w": 360,
                "thumb_360_h": 286,
                "thumb_480": "https:\/\/files.slack.com\/files-tmb\/TJH5YU202-F012CB78M1P-5882090711\/clip2_480.png?t=xoxe-629202954002-1115206499825-1101204359349-48e7ea248bf98b7fac300966398406ac",
                "thumb_480_w": 480,
                "thumb_480_h": 381,
                "thumb_160": "https:\/\/files.slack.com\/files-tmb\/TJH5YU202-F012CB78M1P-5882090711\/clip2_160.png?t=xoxe-629202954002-1115206499825-1101204359349-48e7ea248bf98b7fac300966398406ac",
                "thumb_720": "https:\/\/files.slack.com\/files-tmb\/TJH5YU202-F012CB78M1P-5882090711\/clip2_720.png?t=xoxe-629202954002-1115206499825-1101204359349-48e7ea248bf98b7fac300966398406ac",
                "thumb_720_w": 720,
                "thumb_720_h": 571,
                "thumb_800": "https:\/\/files.slack.com\/files-tmb\/TJH5YU202-F012CB78M1P-5882090711\/clip2_800.png?t=xoxe-629202954002-1115206499825-1101204359349-48e7ea248bf98b7fac300966398406ac",
                "thumb_800_w": 800,
                "thumb_800_h": 635,
                "thumb_960": "https:\/\/files.slack.com\/files-tmb\/TJH5YU202-F012CB78M1P-5882090711\/clip2_960.png?t=xoxe-629202954002-1115206499825-1101204359349-48e7ea248bf98b7fac300966398406ac",
                "thumb_960_w": 960,
                "thumb_960_h": 762,
                "thumb_1024": "https:\/\/files.slack.com\/files-tmb\/TJH5YU202-F012CB78M1P-5882090711\/clip2_1024.png?t=xoxe-629202954002-1115206499825-1101204359349-48e7ea248bf98b7fac300966398406ac",
                "thumb_1024_w": 1024,
                "thumb_1024_h": 813,
                "image_exif_rotation": 1,
                "original_w": 1133,
                "original_h": 899,
                "thumb_tiny": "AwAmADCl+NJzSjvzSYPpQAc0lLj2FHTsKAEpyf6xfqKSlT76\/UUAH40n40UUAH40UUlAC\/lSp\/rF+optOT76\/UUASGB89V\/OjyG9vzqwetFAFfyH9R+dHkN7fnViigCt5D+q\/nTkgcOvK9R3qelX7w+tAH\/\/2Q==",
                "permalink": "https:\/\/harbourproject.slack.com\/files\/UJHD6A81H\/F012CB78M1P\/clip2.bmp",
                "permalink_public": "https:\/\/slack-files.com\/TJH5YU202-F012CB78M1P-065a179212",
                "is_starred": false,
                "has_rich_preview": false
            }
        ],
        "upload": true,
        "user": "UJHD6A81H",
        "display_as_bot": false,
        "ts": "1587063132.127900",
        "client_msg_id": "15ca415a-4fed-43d6-910d-e70ffe673e8d"
    },
    {
        "client_msg_id": "ed44da9f-e338-4d9b-847f-a60354280fee",
        "type": "message",
        "text": "trmendo <@UJWR5N32S>",
        "user": "UK28N3CER",
        "ts": "1587063996.128600",
        "team": "TJH5YU202",
        "user_team": "TJH5YU202",
        "source_team": "TJH5YU202",
        "user_profile": {
            "avatar_hash": "bf50b53e78b3",
            "image_72": "https:\/\/avatars.slack-edge.com\/2020-04-13\/1058586385811_bf50b53e78b35822be35_72.png",
            "first_name": "Cesar",
            "real_name": "Cesar SysCtrl Software",
            "display_name": "Cesar SysCtrl Software",
            "team": "TJH5YU202",
            "name": "sysctrlsoftware",
            "is_restricted": false,
            "is_ultra_restricted": false
        },
        "blocks": [
            {
                "type": "rich_text",
                "block_id": "NEd",
                "elements": [
                    {
                        "type": "rich_text_section",
                        "elements": [
                            {
                                "type": "text",
                                "text": "trmendo "
                            },
                            {
                                "type": "user",
                                "user_id": "UJWR5N32S"
                            }
                        ]
                    }
                ]
            }
        ]
    },
    {
        "client_msg_id": "69fc932a-8dfb-4171-83d8-3948ac8e7674",
        "type": "message",
        "text": "Un detalle que no se si sabeis el porqué está ocurriendo.\nMe encontrava con algun \"error\" en mi miniaplicación que estoy tirando de pruebas... y veo que con iExplorer o Edge se queda \"atrancado\" y no pasa de un prg a otro.\nPor ejemplo, seamap-3, si lo lanzais con iExplorer o Edge, no pasa de la ventana del Logueo.\nAlguien sabe a que puede ser debido???",
        "user": "UJU3NMK0U",
        "ts": "1587064260.131200",
        "team": "TJH5YU202",
        "user_team": "TJH5YU202",
        "source_team": "TJH5YU202",
        "user_profile": {
            "avatar_hash": "48f1b9655122",
            "image_72": "https:\/\/avatars.slack-edge.com\/2019-05-20\/640143784356_48f1b96551220d9fdd4d_72.jpg",
            "first_name": "Xevi",
            "real_name": "Xevi",
            "display_name": "Xevi",
            "team": "TJH5YU202",
            "name": "xevicomas",
            "is_restricted": false,
            "is_ultra_restricted": false
        },
        "blocks": [
            {
                "type": "rich_text",
                "block_id": "ATpVr",
                "elements": [
                    {
                        "type": "rich_text_section",
                        "elements": [
                            {
                                "type": "text",
                                "text": "Un detalle que no se si sabeis el porqué está ocurriendo.\nMe encontrava con algun \"error\" en mi miniaplicación que estoy tirando de pruebas... y veo que con iExplorer o Edge se queda \"atrancado\" y no pasa de un prg a otro.\nPor ejemplo, seamap-3, si lo lanzais con iExplorer o Edge, no pasa de la ventana del Logueo.\nAlguien sabe a que puede ser debido???"
                            }
                        ]
                    }
                ]
            }
        ]
    },
    {
        "client_msg_id": "0dbc6b82-fd36-4a26-a317-c10937923641",
        "type": "message",
        "text": "¿En otros navegadores no pasa? ¿Qué versión de Edge?",
        "user": "UNAHBRTFA",
        "ts": "1587064362.131600",
        "team": "TJH5YU202",
        "user_team": "TJH5YU202",
        "source_team": "TJH5YU202",
        "user_profile": {
            "avatar_hash": "g3d2a3f4c28c",
            "image_72": "https:\/\/secure.gravatar.com\/avatar\/23d2a3f4c28cebb4cf07e48d02620517.jpg?s=72&d=https%3A%2F%2Fa.slack-edge.com%2Fdf10d%2Fimg%2Favatars%2Fava_0020-72.png",
            "first_name": "Andreu",
            "real_name": "Andreu Botella",
            "display_name": "Andreu Botella",
            "team": "TJH5YU202",
            "name": "andreu.132",
            "is_restricted": false,
            "is_ultra_restricted": false
        },
        "blocks": [
            {
                "type": "rich_text",
                "block_id": "6Bi",
                "elements": [
                    {
                        "type": "rich_text_section",
                        "elements": [
                            {
                                "type": "text",
                                "text": "¿En otros navegadores no pasa? ¿Qué versión de Edge?"
                            }
                        ]
                    }
                ]
            }
        ]
    },
    {
        "client_msg_id": "08f448ce-9f36-4b0b-85ea-9ec6e4e64c56",
        "type": "message",
        "text": "porque hace ya meses que Edge por dentro es básicamente Chrome\/Chromium",
        "user": "UNAHBRTFA",
        "ts": "1587064409.132400",
        "team": "TJH5YU202",
        "user_team": "TJH5YU202",
        "source_team": "TJH5YU202",
        "user_profile": {
            "avatar_hash": "g3d2a3f4c28c",
            "image_72": "https:\/\/secure.gravatar.com\/avatar\/23d2a3f4c28cebb4cf07e48d02620517.jpg?s=72&d=https%3A%2F%2Fa.slack-edge.com%2Fdf10d%2Fimg%2Favatars%2Fava_0020-72.png",
            "first_name": "Andreu",
            "real_name": "Andreu Botella",
            "display_name": "Andreu Botella",
            "team": "TJH5YU202",
            "name": "andreu.132",
            "is_restricted": false,
            "is_ultra_restricted": false
        },
        "blocks": [
            {
                "type": "rich_text",
                "block_id": "0Vsod",
                "elements": [
                    {
                        "type": "rich_text_section",
                        "elements": [
                            {
                                "type": "text",
                                "text": "porque hace ya meses que Edge por dentro es básicamente Chrome\/Chromium"
                            }
                        ]
                    }
                ]
            }
        ]
    },
    {
        "client_msg_id": "baa6362c-819b-4582-831b-9f6f0bbd424a",
        "type": "message",
        "text": "Yo tengo la versión de Windows10 64 con las últimas actualizaciones 1909\nY seamap-3 no pasa de la ventana de logueo",
        "user": "UJU3NMK0U",
        "ts": "1587065545.133600",
        "team": "TJH5YU202",
        "user_team": "TJH5YU202",
        "source_team": "TJH5YU202",
        "user_profile": {
            "avatar_hash": "48f1b9655122",
            "image_72": "https:\/\/avatars.slack-edge.com\/2019-05-20\/640143784356_48f1b96551220d9fdd4d_72.jpg",
            "first_name": "Xevi",
            "real_name": "Xevi",
            "display_name": "Xevi",
            "team": "TJH5YU202",
            "name": "xevicomas",
            "is_restricted": false,
            "is_ultra_restricted": false
        },
        "blocks": [
            {
                "type": "rich_text",
                "block_id": "RKu",
                "elements": [
                    {
                        "type": "rich_text_section",
                        "elements": [
                            {
                                "type": "text",
                                "text": "Yo tengo la versión de Windows10 64 con las últimas actualizaciones 1909\nY seamap-3 no pasa de la ventana de logueo"
                            }
                        ]
                    }
                ]
            }
        ]
    },
    {
        "client_msg_id": "f828bcd4-5455-4134-b9c0-a442f8eac6a8",
        "type": "message",
        "text": "Y por lo que he visto... no hace ninguna llamada a ninguna otra \"view\" que queramos abrir desde un MVC\nSi que funciona el enrutamiento... pero seamap-3 no pasa del logueo.",
        "user": "UJU3NMK0U",
        "ts": "1587065630.134600",
        "team": "TJH5YU202",
        "user_team": "TJH5YU202",
        "source_team": "TJH5YU202",
        "user_profile": {
            "avatar_hash": "48f1b9655122",
            "image_72": "https:\/\/avatars.slack-edge.com\/2019-05-20\/640143784356_48f1b96551220d9fdd4d_72.jpg",
            "first_name": "Xevi",
            "real_name": "Xevi",
            "display_name": "Xevi",
            "team": "TJH5YU202",
            "name": "xevicomas",
            "is_restricted": false,
            "is_ultra_restricted": false
        },
        "edited": {
            "user": "UJU3NMK0U",
            "ts": "1587068986.000000"
        },
        "blocks": [
            {
                "type": "rich_text",
                "block_id": "1u5",
                "elements": [
                    {
                        "type": "rich_text_section",
                        "elements": [
                            {
                                "type": "text",
                                "text": "Y por lo que he visto... no hace ninguna llamada a ninguna otra \"view\" que queramos abrir desde un MVC\nSi que funciona el enrutamiento... pero seamap-3 no pasa del logueo."
                            }
                        ]
                    }
                ]
            }
        ]
    },
    {
        "client_msg_id": "dd811106-19ce-4678-aea2-9a1fccc8c167",
        "type": "message",
        "text": "Excelente Otto!",
        "user": "UJUSD6VB2",
        "ts": "1587065996.134700",
        "team": "TJH5YU202",
        "user_team": "TJH5YU202",
        "source_team": "TJH5YU202",
        "user_profile": {
            "avatar_hash": "g1677a02d0b6",
            "image_72": "https:\/\/secure.gravatar.com\/avatar\/bb1677a02d0b69ba91eb245090c7c83a.jpg?s=72&d=https%3A%2F%2Fa.slack-edge.com%2Fdf10d%2Fimg%2Favatars%2Fava_0015-72.png",
            "first_name": "",
            "real_name": "Osvaldo Ramirez",
            "display_name": "Osvaldo Ramirez",
            "team": "TJH5YU202",
            "name": "ramirezosvaldo",
            "is_restricted": false,
            "is_ultra_restricted": false
        },
        "blocks": [
            {
                "type": "rich_text",
                "block_id": "biAG",
                "elements": [
                    {
                        "type": "rich_text_section",
                        "elements": [
                            {
                                "type": "text",
                                "text": "Excelente Otto!"
                            }
                        ]
                    }
                ]
            }
        ],
        "thread_ts": "1587063060.127000",
        "parent_user_id": "UJHD6A81H"
    },
    {
        "client_msg_id": "2c2d1ab2-2db0-493f-ac0a-eb9397757bc6",
        "type": "message",
        "text": "Xevi mañana lo miro contigo :slightly_smiling_face:",
        "user": "UJWR5N32S",
        "ts": "1587066070.135400",
        "team": "TJH5YU202",
        "user_team": "TJH5YU202",
        "source_team": "TJH5YU202",
        "user_profile": {
            "avatar_hash": "273d3745f7ae",
            "image_72": "https:\/\/avatars.slack-edge.com\/2019-05-20\/634344238497_273d3745f7ae1b176b82_72.jpg",
            "first_name": "Charly",
            "real_name": "Charly",
            "display_name": "Charly",
            "team": "TJH5YU202",
            "name": "carles9000",
            "is_restricted": false,
            "is_ultra_restricted": false
        },
        "blocks": [
            {
                "type": "rich_text",
                "block_id": "GvV",
                "elements": [
                    {
                        "type": "rich_text_section",
                        "elements": [
                            {
                                "type": "text",
                                "text": "Xevi mañana lo miro contigo "
                            },
                            {
                                "type": "emoji",
                                "name": "slightly_smiling_face"
                            }
                        ]
                    }
                ]
            }
        ]
    },
    {
        "client_msg_id": "6ac00044-d08c-4d35-9107-8c8a538f6f31",
        "type": "message",
        "text": "ok",
        "user": "UJU3NMK0U",
        "ts": "1587066188.135600",
        "team": "TJH5YU202",
        "user_team": "TJH5YU202",
        "source_team": "TJH5YU202",
        "user_profile": {
            "avatar_hash": "48f1b9655122",
            "image_72": "https:\/\/avatars.slack-edge.com\/2019-05-20\/640143784356_48f1b96551220d9fdd4d_72.jpg",
            "first_name": "Xevi",
            "real_name": "Xevi",
            "display_name": "Xevi",
            "team": "TJH5YU202",
            "name": "xevicomas",
            "is_restricted": false,
            "is_ultra_restricted": false
        },
        "blocks": [
            {
                "type": "rich_text",
                "block_id": "+sk7L",
                "elements": [
                    {
                        "type": "rich_text_section",
                        "elements": [
                            {
                                "type": "text",
                                "text": "ok"
                            }
                        ]
                    }
                ]
            }
        ]
    },
    {
        "client_msg_id": "ebf17252-ba53-49d4-8c0d-0016562a15d5",
        "type": "message",
        "text": "Visto bueno otorgado !",
        "user": "UM81W8B0Q",
        "ts": "1587066214.135700",
        "team": "TJH5YU202",
        "user_team": "TJH5YU202",
        "source_team": "TJH5YU202",
        "user_profile": {
            "avatar_hash": "gab9279ee8c0",
            "image_72": "https:\/\/secure.gravatar.com\/avatar\/73ab9279ee8c00f66ce4904d30146c8f.jpg?s=72&d=https%3A%2F%2Fa.slack-edge.com%2Fdf10d%2Fimg%2Favatars%2Fava_0010-72.png",
            "first_name": "",
            "real_name": "Angel Pais",
            "display_name": "Angel Pais",
            "team": "TJH5YU202",
            "name": "amigosam",
            "is_restricted": false,
            "is_ultra_restricted": false
        },
        "blocks": [
            {
                "type": "rich_text",
                "block_id": "P0ISA",
                "elements": [
                    {
                        "type": "rich_text_section",
                        "elements": [
                            {
                                "type": "text",
                                "text": "Visto bueno otorgado !"
                            }
                        ]
                    }
                ]
            }
        ],
        "thread_ts": "1587062523.126400",
        "parent_user_id": "UJULQCHL5"
    },
    {
        "type": "message",
        "text": "",
        "files": [
            {
                "id": "F011T6VPEHL",
                "created": 1587068297,
                "timestamp": 1587068297,
                "name": "chart1.jpg",
                "title": "chart1.jpg",
                "mimetype": "image\/jpeg",
                "filetype": "jpg",
                "pretty_type": "JPEG",
                "user": "UJHD6A81H",
                "editable": false,
                "size": 78487,
                "mode": "hosted",
                "is_external": false,
                "external_type": "",
                "is_public": true,
                "public_url_shared": false,
                "display_as_bot": false,
                "username": "",
                "url_private": "https:\/\/files.slack.com\/files-pri\/TJH5YU202-F011T6VPEHL\/chart1.jpg?t=xoxe-629202954002-1115206499825-1101204359349-48e7ea248bf98b7fac300966398406ac",
                "url_private_download": "https:\/\/files.slack.com\/files-pri\/TJH5YU202-F011T6VPEHL\/download\/chart1.jpg?t=xoxe-629202954002-1115206499825-1101204359349-48e7ea248bf98b7fac300966398406ac",
                "thumb_64": "https:\/\/files.slack.com\/files-tmb\/TJH5YU202-F011T6VPEHL-463df5c14b\/chart1_64.jpg?t=xoxe-629202954002-1115206499825-1101204359349-48e7ea248bf98b7fac300966398406ac",
                "thumb_80": "https:\/\/files.slack.com\/files-tmb\/TJH5YU202-F011T6VPEHL-463df5c14b\/chart1_80.jpg?t=xoxe-629202954002-1115206499825-1101204359349-48e7ea248bf98b7fac300966398406ac",
                "thumb_360": "https:\/\/files.slack.com\/files-tmb\/TJH5YU202-F011T6VPEHL-463df5c14b\/chart1_360.jpg?t=xoxe-629202954002-1115206499825-1101204359349-48e7ea248bf98b7fac300966398406ac",
                "thumb_360_w": 360,
                "thumb_360_h": 281,
                "thumb_480": "https:\/\/files.slack.com\/files-tmb\/TJH5YU202-F011T6VPEHL-463df5c14b\/chart1_480.jpg?t=xoxe-629202954002-1115206499825-1101204359349-48e7ea248bf98b7fac300966398406ac",
                "thumb_480_w": 480,
                "thumb_480_h": 374,
                "thumb_160": "https:\/\/files.slack.com\/files-tmb\/TJH5YU202-F011T6VPEHL-463df5c14b\/chart1_160.jpg?t=xoxe-629202954002-1115206499825-1101204359349-48e7ea248bf98b7fac300966398406ac",
                "thumb_720": "https:\/\/files.slack.com\/files-tmb\/TJH5YU202-F011T6VPEHL-463df5c14b\/chart1_720.jpg?t=xoxe-629202954002-1115206499825-1101204359349-48e7ea248bf98b7fac300966398406ac",
                "thumb_720_w": 720,
                "thumb_720_h": 561,
                "thumb_800": "https:\/\/files.slack.com\/files-tmb\/TJH5YU202-F011T6VPEHL-463df5c14b\/chart1_800.jpg?t=xoxe-629202954002-1115206499825-1101204359349-48e7ea248bf98b7fac300966398406ac",
                "thumb_800_w": 800,
                "thumb_800_h": 623,
                "thumb_960": "https:\/\/files.slack.com\/files-tmb\/TJH5YU202-F011T6VPEHL-463df5c14b\/chart1_960.jpg?t=xoxe-629202954002-1115206499825-1101204359349-48e7ea248bf98b7fac300966398406ac",
                "thumb_960_w": 960,
                "thumb_960_h": 748,
                "thumb_1024": "https:\/\/files.slack.com\/files-tmb\/TJH5YU202-F011T6VPEHL-463df5c14b\/chart1_1024.jpg?t=xoxe-629202954002-1115206499825-1101204359349-48e7ea248bf98b7fac300966398406ac",
                "thumb_1024_w": 1024,
                "thumb_1024_h": 798,
                "original_w": 1382,
                "original_h": 1077,
                "thumb_tiny": "AwAlADDSI4o2j0paKACiiigAo61HP\/qH+lR2X+qP+9TtpcRYoopghjAI2jB60hjmdV+8wH1NL1phhjKhSgwOlO2gU9AGT\/6h\/pUdn\/qj\/vVN5ac8detCIqDCjAp30sIdRRRUjCiiigAooooA\/9k=",
                "permalink": "https:\/\/harbourproject.slack.com\/files\/UJHD6A81H\/F011T6VPEHL\/chart1.jpg",
                "permalink_public": "https:\/\/slack-files.com\/TJH5YU202-F011T6VPEHL-ad6ac974ff",
                "is_starred": false,
                "has_rich_preview": false
            }
        ],
        "upload": true,
        "user": "UJHD6A81H",
        "display_as_bot": false,
        "ts": "1587068300.135900",
        "client_msg_id": "8ee3d9dd-dc37-4d35-a9e2-428b357dc365"
    },
    {
        "type": "message",
        "text": "",
        "files": [
            {
                "id": "F012057RU9Z",
                "created": 1587068310,
                "timestamp": 1587068310,
                "name": "chart2.jpg",
                "title": "chart2.jpg",
                "mimetype": "image\/jpeg",
                "filetype": "jpg",
                "pretty_type": "JPEG",
                "user": "UJHD6A81H",
                "editable": false,
                "size": 147816,
                "mode": "hosted",
                "is_external": false,
                "external_type": "",
                "is_public": true,
                "public_url_shared": false,
                "display_as_bot": false,
                "username": "",
                "url_private": "https:\/\/files.slack.com\/files-pri\/TJH5YU202-F012057RU9Z\/chart2.jpg?t=xoxe-629202954002-1115206499825-1101204359349-48e7ea248bf98b7fac300966398406ac",
                "url_private_download": "https:\/\/files.slack.com\/files-pri\/TJH5YU202-F012057RU9Z\/download\/chart2.jpg?t=xoxe-629202954002-1115206499825-1101204359349-48e7ea248bf98b7fac300966398406ac",
                "thumb_64": "https:\/\/files.slack.com\/files-tmb\/TJH5YU202-F012057RU9Z-508a7b8203\/chart2_64.jpg?t=xoxe-629202954002-1115206499825-1101204359349-48e7ea248bf98b7fac300966398406ac",
                "thumb_80": "https:\/\/files.slack.com\/files-tmb\/TJH5YU202-F012057RU9Z-508a7b8203\/chart2_80.jpg?t=xoxe-629202954002-1115206499825-1101204359349-48e7ea248bf98b7fac300966398406ac",
                "thumb_360": "https:\/\/files.slack.com\/files-tmb\/TJH5YU202-F012057RU9Z-508a7b8203\/chart2_360.jpg?t=xoxe-629202954002-1115206499825-1101204359349-48e7ea248bf98b7fac300966398406ac",
                "thumb_360_w": 360,
                "thumb_360_h": 287,
                "thumb_480": "https:\/\/files.slack.com\/files-tmb\/TJH5YU202-F012057RU9Z-508a7b8203\/chart2_480.jpg?t=xoxe-629202954002-1115206499825-1101204359349-48e7ea248bf98b7fac300966398406ac",
                "thumb_480_w": 480,
                "thumb_480_h": 382,
                "thumb_160": "https:\/\/files.slack.com\/files-tmb\/TJH5YU202-F012057RU9Z-508a7b8203\/chart2_160.jpg?t=xoxe-629202954002-1115206499825-1101204359349-48e7ea248bf98b7fac300966398406ac",
                "thumb_720": "https:\/\/files.slack.com\/files-tmb\/TJH5YU202-F012057RU9Z-508a7b8203\/chart2_720.jpg?t=xoxe-629202954002-1115206499825-1101204359349-48e7ea248bf98b7fac300966398406ac",
                "thumb_720_w": 720,
                "thumb_720_h": 573,
                "thumb_800": "https:\/\/files.slack.com\/files-tmb\/TJH5YU202-F012057RU9Z-508a7b8203\/chart2_800.jpg?t=xoxe-629202954002-1115206499825-1101204359349-48e7ea248bf98b7fac300966398406ac",
                "thumb_800_w": 800,
                "thumb_800_h": 637,
                "original_w": 914,
                "original_h": 728,
                "thumb_tiny": "AwAmADDSB4oPP\/6qT+HrQKAHZopM\/SgGgBaQ\/dNGRQSMGgBM\/LigE0DOOKPxoAMmjJpfxowaADNB+6fpRz7UEYU\/SgBocAY5pPM9qbTe1AEm8e9HmfWmdqQUASiQe9BcEHrUfaloA\/\/Z",
                "permalink": "https:\/\/harbourproject.slack.com\/files\/UJHD6A81H\/F012057RU9Z\/chart2.jpg",
                "permalink_public": "https:\/\/slack-files.com\/TJH5YU202-F012057RU9Z-78e74754d4",
                "is_starred": false,
                "has_rich_preview": false
            }
        ],
        "upload": true,
        "user": "UJHD6A81H",
        "display_as_bot": false,
        "ts": "1587068312.136200",
        "client_msg_id": "e926f8c7-678c-4a03-a2c2-c441c7bbfd23",
        "reactions": [
            {
                "name": "+1",
                "users": [
                    "UK28N3CER",
                    "UJN8D8U3B",
                    "UJULQCHL5",
                    "UJUSD6VB2"
                ],
                "count": 4
            },
            {
                "name": "clap",
                "users": [
                    "UJUJLTWMT",
                    "UJULQCHL5",
                    "UJUSD6VB2"
                ],
                "count": 3
            }
        ]
    },
    {
        "type": "message",
        "text": "",
        "files": [
            {
                "id": "F011KF08GG7",
                "created": 1587076431,
                "timestamp": 1587076431,
                "name": "Screenshot_20200416-173331.png",
                "title": "Screenshot_20200416-173331.png",
                "mimetype": "image\/png",
                "filetype": "png",
                "pretty_type": "PNG",
                "user": "UK28N3CER",
                "editable": false,
                "size": 101323,
                "mode": "hosted",
                "is_external": false,
                "external_type": "",
                "is_public": true,
                "public_url_shared": false,
                "display_as_bot": false,
                "username": "",
                "url_private": "https:\/\/files.slack.com\/files-pri\/TJH5YU202-F011KF08GG7\/screenshot_20200416-173331.png?t=xoxe-629202954002-1115206499825-1101204359349-48e7ea248bf98b7fac300966398406ac",
                "url_private_download": "https:\/\/files.slack.com\/files-pri\/TJH5YU202-F011KF08GG7\/download\/screenshot_20200416-173331.png?t=xoxe-629202954002-1115206499825-1101204359349-48e7ea248bf98b7fac300966398406ac",
                "thumb_64": "https:\/\/files.slack.com\/files-tmb\/TJH5YU202-F011KF08GG7-6f3c2b202e\/screenshot_20200416-173331_64.png?t=xoxe-629202954002-1115206499825-1101204359349-48e7ea248bf98b7fac300966398406ac",
                "thumb_80": "https:\/\/files.slack.com\/files-tmb\/TJH5YU202-F011KF08GG7-6f3c2b202e\/screenshot_20200416-173331_80.png?t=xoxe-629202954002-1115206499825-1101204359349-48e7ea248bf98b7fac300966398406ac",
                "thumb_360": "https:\/\/files.slack.com\/files-tmb\/TJH5YU202-F011KF08GG7-6f3c2b202e\/screenshot_20200416-173331_360.png?t=xoxe-629202954002-1115206499825-1101204359349-48e7ea248bf98b7fac300966398406ac",
                "thumb_360_w": 203,
                "thumb_360_h": 360,
                "thumb_480": "https:\/\/files.slack.com\/files-tmb\/TJH5YU202-F011KF08GG7-6f3c2b202e\/screenshot_20200416-173331_480.png?t=xoxe-629202954002-1115206499825-1101204359349-48e7ea248bf98b7fac300966398406ac",
                "thumb_480_w": 270,
                "thumb_480_h": 480,
                "thumb_160": "https:\/\/files.slack.com\/files-tmb\/TJH5YU202-F011KF08GG7-6f3c2b202e\/screenshot_20200416-173331_160.png?t=xoxe-629202954002-1115206499825-1101204359349-48e7ea248bf98b7fac300966398406ac",
                "thumb_720": "https:\/\/files.slack.com\/files-tmb\/TJH5YU202-F011KF08GG7-6f3c2b202e\/screenshot_20200416-173331_720.png?t=xoxe-629202954002-1115206499825-1101204359349-48e7ea248bf98b7fac300966398406ac",
                "thumb_720_w": 405,
                "thumb_720_h": 720,
                "thumb_800": "https:\/\/files.slack.com\/files-tmb\/TJH5YU202-F011KF08GG7-6f3c2b202e\/screenshot_20200416-173331_800.png?t=xoxe-629202954002-1115206499825-1101204359349-48e7ea248bf98b7fac300966398406ac",
                "thumb_800_w": 450,
                "thumb_800_h": 800,
                "thumb_960": "https:\/\/files.slack.com\/files-tmb\/TJH5YU202-F011KF08GG7-6f3c2b202e\/screenshot_20200416-173331_960.png?t=xoxe-629202954002-1115206499825-1101204359349-48e7ea248bf98b7fac300966398406ac",
                "thumb_960_w": 540,
                "thumb_960_h": 960,
                "thumb_1024": "https:\/\/files.slack.com\/files-tmb\/TJH5YU202-F011KF08GG7-6f3c2b202e\/screenshot_20200416-173331_1024.png?t=xoxe-629202954002-1115206499825-1101204359349-48e7ea248bf98b7fac300966398406ac",
                "thumb_1024_w": 576,
                "thumb_1024_h": 1024,
                "original_w": 720,
                "original_h": 1280,
                "thumb_tiny": "AwAwABuEW8vcfqKGtZTyF+p3CtA3USOylnJXg1JFcRylgucr1yKdx3MsW9wSMAZ7fMKU2dz\/AHP1FbFFFwuNIG7kD8qF4HA\/Kg9f\/wBVC9KQhR+NLSDnkiloAa33uv60gztPP49aof2qhP8Aq2\/76pRqqY\/1Tf8AfVAGgPr+lLWb\/aiY\/wBU3\/fVL\/ayf88m\/OgD\/9k=",
                "permalink": "https:\/\/harbourproject.slack.com\/files\/UK28N3CER\/F011KF08GG7\/screenshot_20200416-173331.png",
                "permalink_public": "https:\/\/slack-files.com\/TJH5YU202-F011KF08GG7-3d488ccb9b",
                "is_starred": false,
                "has_rich_preview": false
            }
        ],
        "upload": true,
        "user": "UK28N3CER",
        "display_as_bot": false,
        "ts": "1587076436.137200",
        "client_msg_id": "1c28a4ee-30ae-4d46-8dcc-b10df07bba5a"
    },
    {
        "client_msg_id": "78c36163-3ac2-4a5a-b14a-32e751dcb617",
        "type": "message",
        "text": ":+1:",
        "user": "UK28N3CER",
        "ts": "1587076454.137500",
        "team": "TJH5YU202",
        "user_team": "TJH5YU202",
        "source_team": "TJH5YU202",
        "user_profile": {
            "avatar_hash": "bf50b53e78b3",
            "image_72": "https:\/\/avatars.slack-edge.com\/2020-04-13\/1058586385811_bf50b53e78b35822be35_72.png",
            "first_name": "Cesar",
            "real_name": "Cesar SysCtrl Software",
            "display_name": "Cesar SysCtrl Software",
            "team": "TJH5YU202",
            "name": "sysctrlsoftware",
            "is_restricted": false,
            "is_ultra_restricted": false
        },
        "blocks": [
            {
                "type": "rich_text",
                "block_id": "73104",
                "elements": [
                    {
                        "type": "rich_text_section",
                        "elements": [
                            {
                                "type": "emoji",
                                "name": "+1"
                            }
                        ]
                    }
                ]
            }
        ],
        "reactions": [
            {
                "name": "+1",
                "users": [
                    "UM81W8B0Q",
                    "UJUSD6VB2"
                ],
                "count": 2
            }
        ]
    },
    {
        "client_msg_id": "0dd30dfc-86f2-43bb-9707-23239f060587",
        "type": "message",
        "text": "Bon dia. Friday!!!",
        "user": "UJWR5N32S",
        "ts": "1587102523.138500",
        "team": "TJH5YU202",
        "user_team": "TJH5YU202",
        "source_team": "TJH5YU202",
        "user_profile": {
            "avatar_hash": "273d3745f7ae",
            "image_72": "https:\/\/avatars.slack-edge.com\/2019-05-20\/634344238497_273d3745f7ae1b176b82_72.jpg",
            "first_name": "Charly",
            "real_name": "Charly",
            "display_name": "Charly",
            "team": "TJH5YU202",
            "name": "carles9000",
            "is_restricted": false,
            "is_ultra_restricted": false
        },
        "blocks": [
            {
                "type": "rich_text",
                "block_id": "tusXG",
                "elements": [
                    {
                        "type": "rich_text_section",
                        "elements": [
                            {
                                "type": "text",
                                "text": "Bon dia. Friday!!!"
                            }
                        ]
                    }
                ]
            }
        ]
    },
    {
        "client_msg_id": "8ad12b50-e6ea-4162-82a0-21ad72f19450",
        "type": "message",
        "text": "buenos dias :sunny:",
        "user": "UJN8D8U3B",
        "ts": "1587103411.138800",
        "team": "TJH5YU202",
        "user_team": "TJH5YU202",
        "source_team": "TJH5YU202",
        "user_profile": {
            "avatar_hash": "g92ad2abcc45",
            "image_72": "https:\/\/secure.gravatar.com\/avatar\/8492ad2abcc45ce53969adcf8420acde.jpg?s=72&d=https%3A%2F%2Fa.slack-edge.com%2Fdf10d%2Fimg%2Favatars%2Fava_0008-72.png",
            "first_name": "",
            "real_name": "Antonio Linares",
            "display_name": "Antonio Linares",
            "team": "TJH5YU202",
            "name": "alinares",
            "is_restricted": false,
            "is_ultra_restricted": false
        },
        "blocks": [
            {
                "type": "rich_text",
                "block_id": "cvL",
                "elements": [
                    {
                        "type": "rich_text_section",
                        "elements": [
                            {
                                "type": "text",
                                "text": "buenos dias "
                            },
                            {
                                "type": "emoji",
                                "name": "sunny"
                            }
                        ]
                    }
                ]
            }
        ]
    },
    {
        "client_msg_id": "0487805f-abf3-44a1-8eaa-c464d9a8a449",
        "type": "message",
        "text": "Bon dia",
        "user": "UJU3NMK0U",
        "ts": "1587105451.139100",
        "team": "TJH5YU202",
        "user_team": "TJH5YU202",
        "source_team": "TJH5YU202",
        "user_profile": {
            "avatar_hash": "48f1b9655122",
            "image_72": "https:\/\/avatars.slack-edge.com\/2019-05-20\/640143784356_48f1b96551220d9fdd4d_72.jpg",
            "first_name": "Xevi",
            "real_name": "Xevi",
            "display_name": "Xevi",
            "team": "TJH5YU202",
            "name": "xevicomas",
            "is_restricted": false,
            "is_ultra_restricted": false
        },
        "blocks": [
            {
                "type": "rich_text",
                "block_id": "1xb4B",
                "elements": [
                    {
                        "type": "rich_text_section",
                        "elements": [
                            {
                                "type": "text",
                                "text": "Bon dia"
                            }
                        ]
                    }
                ]
            }
        ]
    }
]