[
    {
        "client_msg_id": "b3ada7ac-3264-4f47-a45f-f3099af1d1b8",
        "type": "message",
        "text": "<@UJRQZMTAM> Hello Diego, respect for your APP.\nMay I post your video on the next modharbour newsletter.",
        "user": "UJHD6A81H",
        "ts": "1582792625.155200",
        "team": "TJH5YU202",
        "user_team": "TJH5YU202",
        "source_team": "TJH5YU202",
        "user_profile": {
            "avatar_hash": "g6b8073e00e9",
            "image_72": "https:\/\/secure.gravatar.com\/avatar\/b96b8073e00e9eb02bcf05bc1418eb3a.jpg?s=72&d=https%3A%2F%2Fa.slack-edge.com%2Fdf10d%2Fimg%2Favatars%2Fava_0021-72.png",
            "first_name": "Otto",
            "real_name": "Otto Atzwanger",
            "display_name": "Otto",
            "team": "TJH5YU202",
            "name": "otto",
            "is_restricted": false,
            "is_ultra_restricted": false
        },
        "blocks": [
            {
                "type": "rich_text",
                "block_id": "tq5M",
                "elements": [
                    {
                        "type": "rich_text_section",
                        "elements": [
                            {
                                "type": "user",
                                "user_id": "UJRQZMTAM"
                            },
                            {
                                "type": "text",
                                "text": " Hello Diego, respect for your APP.\nMay I post your video on the next modharbour newsletter."
                            }
                        ]
                    }
                ]
            }
        ]
    },
    {
        "client_msg_id": "3A5037CD-8B34-4E55-A2F2-5FF57448B5EB",
        "type": "message",
        "text": "Sure",
        "user": "UJRQZMTAM",
        "ts": "1582795133.155400",
        "team": "TJH5YU202",
        "user_team": "TJH5YU202",
        "source_team": "TJH5YU202",
        "user_profile": {
            "avatar_hash": "0d8c567df084",
            "image_72": "https:\/\/avatars.slack-edge.com\/2019-11-22\/834908722243_0d8c567df084bf59d639_72.png",
            "first_name": "Diego",
            "real_name": "Diego F",
            "display_name": "Diego F",
            "team": "TJH5YU202",
            "name": "diegohfazio",
            "is_restricted": false,
            "is_ultra_restricted": false
        },
        "blocks": [
            {
                "type": "rich_text",
                "block_id": "oMK",
                "elements": [
                    {
                        "type": "rich_text_section",
                        "elements": [
                            {
                                "type": "text",
                                "text": "Sure"
                            }
                        ]
                    }
                ]
            }
        ]
    },
    {
        "client_msg_id": "559a9c73-d20c-48ad-8d76-4381b0d246ca",
        "type": "message",
        "text": "Thank you so much. Maybe you have a short description, too.",
        "user": "UJHD6A81H",
        "ts": "1582796511.156100",
        "team": "TJH5YU202",
        "user_team": "TJH5YU202",
        "source_team": "TJH5YU202",
        "user_profile": {
            "avatar_hash": "g6b8073e00e9",
            "image_72": "https:\/\/secure.gravatar.com\/avatar\/b96b8073e00e9eb02bcf05bc1418eb3a.jpg?s=72&d=https%3A%2F%2Fa.slack-edge.com%2Fdf10d%2Fimg%2Favatars%2Fava_0021-72.png",
            "first_name": "Otto",
            "real_name": "Otto Atzwanger",
            "display_name": "Otto",
            "team": "TJH5YU202",
            "name": "otto",
            "is_restricted": false,
            "is_ultra_restricted": false
        },
        "blocks": [
            {
                "type": "rich_text",
                "block_id": "oXzjU",
                "elements": [
                    {
                        "type": "rich_text_section",
                        "elements": [
                            {
                                "type": "text",
                                "text": "Thank you so much. Maybe you have a short description, too."
                            }
                        ]
                    }
                ]
            }
        ]
    },
    {
        "client_msg_id": "8dfe586c-dc82-4143-8ff8-d35845a9907c",
        "type": "message",
        "text": "You also brought me an idea.\n\nFor security reason, I use a USB port switch.\nYou can simply switch the ports on and off with the included software.\nThis has the same effect as physically connecting\/disconnecting a device to a port on a typical USB hub.\nMaybe I can switch on\/off through mod harbour?",
        "user": "UJHD6A81H",
        "ts": "1582796898.156400",
        "team": "TJH5YU202",
        "user_team": "TJH5YU202",
        "source_team": "TJH5YU202",
        "user_profile": {
            "avatar_hash": "g6b8073e00e9",
            "image_72": "https:\/\/secure.gravatar.com\/avatar\/b96b8073e00e9eb02bcf05bc1418eb3a.jpg?s=72&d=https%3A%2F%2Fa.slack-edge.com%2Fdf10d%2Fimg%2Favatars%2Fava_0021-72.png",
            "first_name": "Otto",
            "real_name": "Otto Atzwanger",
            "display_name": "Otto",
            "team": "TJH5YU202",
            "name": "otto",
            "is_restricted": false,
            "is_ultra_restricted": false
        },
        "blocks": [
            {
                "type": "rich_text",
                "block_id": "4s29O",
                "elements": [
                    {
                        "type": "rich_text_section",
                        "elements": [
                            {
                                "type": "text",
                                "text": "You also brought me an idea.\n\nFor security reason, I use a USB port switch.\nYou can simply switch the ports on and off with the included software.\nThis has the same effect as physically connecting\/disconnecting a device to a port on a typical USB hub.\nMaybe I can switch on\/off through mod harbour?"
                            }
                        ]
                    }
                ]
            }
        ]
    },
    {
        "type": "message",
        "text": "",
        "files": [
            {
                "id": "FUKLSGNN4",
                "created": 1582796995,
                "timestamp": 1582796995,
                "name": "USBSchaltbar.jpg",
                "title": "USBSchaltbar.jpg",
                "mimetype": "image\/jpeg",
                "filetype": "jpg",
                "pretty_type": "JPEG",
                "user": "UJHD6A81H",
                "editable": false,
                "size": 88392,
                "mode": "hosted",
                "is_external": false,
                "external_type": "",
                "is_public": true,
                "public_url_shared": false,
                "display_as_bot": false,
                "username": "",
                "url_private": "https:\/\/files.slack.com\/files-pri\/TJH5YU202-FUKLSGNN4\/usbschaltbar.jpg?t=xoxe-629202954002-1115206499825-1101204359349-48e7ea248bf98b7fac300966398406ac",
                "url_private_download": "https:\/\/files.slack.com\/files-pri\/TJH5YU202-FUKLSGNN4\/download\/usbschaltbar.jpg?t=xoxe-629202954002-1115206499825-1101204359349-48e7ea248bf98b7fac300966398406ac",
                "thumb_64": "https:\/\/files.slack.com\/files-tmb\/TJH5YU202-FUKLSGNN4-b3bfb92993\/usbschaltbar_64.jpg?t=xoxe-629202954002-1115206499825-1101204359349-48e7ea248bf98b7fac300966398406ac",
                "thumb_80": "https:\/\/files.slack.com\/files-tmb\/TJH5YU202-FUKLSGNN4-b3bfb92993\/usbschaltbar_80.jpg?t=xoxe-629202954002-1115206499825-1101204359349-48e7ea248bf98b7fac300966398406ac",
                "thumb_360": "https:\/\/files.slack.com\/files-tmb\/TJH5YU202-FUKLSGNN4-b3bfb92993\/usbschaltbar_360.jpg?t=xoxe-629202954002-1115206499825-1101204359349-48e7ea248bf98b7fac300966398406ac",
                "thumb_360_w": 270,
                "thumb_360_h": 360,
                "thumb_480": "https:\/\/files.slack.com\/files-tmb\/TJH5YU202-FUKLSGNN4-b3bfb92993\/usbschaltbar_480.jpg?t=xoxe-629202954002-1115206499825-1101204359349-48e7ea248bf98b7fac300966398406ac",
                "thumb_480_w": 360,
                "thumb_480_h": 480,
                "thumb_160": "https:\/\/files.slack.com\/files-tmb\/TJH5YU202-FUKLSGNN4-b3bfb92993\/usbschaltbar_160.jpg?t=xoxe-629202954002-1115206499825-1101204359349-48e7ea248bf98b7fac300966398406ac",
                "image_exif_rotation": 1,
                "original_w": 454,
                "original_h": 605,
                "thumb_tiny": "AwAwACSvwKjYKDx941IKR8EY4zUI1exYS2BjVjuyRz81RTR+U6gZ5GeTmp\/skQ43SVDNCsRUqzHPHNUzNbkRopTSVJY9IWcZ6\/jUZwpDKOQeKkVmAwrED2qPGJEyeNwoQPYvG5k\/itX\/ADqC5uDJtVomTHPNXHQbgQucnk5qlfldybSDjI65qtTMizRSUVJqO+UfxfrTWf6Gn7f9r8qYyZ7mhWB3EByu79KT5cZwPwoKkDFOjXcCdyqR2aq6Ea31E3f5xRu\/zilwfVfzowfVfzqSrn\/\/2Q==",
                "permalink": "https:\/\/harbourproject.slack.com\/files\/UJHD6A81H\/FUKLSGNN4\/usbschaltbar.jpg",
                "permalink_public": "https:\/\/slack-files.com\/TJH5YU202-FUKLSGNN4-e3817e7111",
                "is_starred": false,
                "has_rich_preview": false
            }
        ],
        "upload": true,
        "user": "UJHD6A81H",
        "display_as_bot": false,
        "ts": "1582797000.156600",
        "client_msg_id": "67f2d054-e289-4478-a402-aa511231335d"
    },
    {
        "type": "message",
        "text": "",
        "files": [
            {
                "id": "FU9HKANC9",
                "created": 1582797004,
                "timestamp": 1582797004,
                "name": "ykush.png",
                "title": "ykush.png",
                "mimetype": "image\/png",
                "filetype": "png",
                "pretty_type": "PNG",
                "user": "UJHD6A81H",
                "editable": false,
                "size": 1330247,
                "mode": "hosted",
                "is_external": false,
                "external_type": "",
                "is_public": true,
                "public_url_shared": false,
                "display_as_bot": false,
                "username": "",
                "url_private": "https:\/\/files.slack.com\/files-pri\/TJH5YU202-FU9HKANC9\/ykush.png?t=xoxe-629202954002-1115206499825-1101204359349-48e7ea248bf98b7fac300966398406ac",
                "url_private_download": "https:\/\/files.slack.com\/files-pri\/TJH5YU202-FU9HKANC9\/download\/ykush.png?t=xoxe-629202954002-1115206499825-1101204359349-48e7ea248bf98b7fac300966398406ac",
                "thumb_64": "https:\/\/files.slack.com\/files-tmb\/TJH5YU202-FU9HKANC9-7f77bddfd5\/ykush_64.png?t=xoxe-629202954002-1115206499825-1101204359349-48e7ea248bf98b7fac300966398406ac",
                "thumb_80": "https:\/\/files.slack.com\/files-tmb\/TJH5YU202-FU9HKANC9-7f77bddfd5\/ykush_80.png?t=xoxe-629202954002-1115206499825-1101204359349-48e7ea248bf98b7fac300966398406ac",
                "thumb_360": "https:\/\/files.slack.com\/files-tmb\/TJH5YU202-FU9HKANC9-7f77bddfd5\/ykush_360.png?t=xoxe-629202954002-1115206499825-1101204359349-48e7ea248bf98b7fac300966398406ac",
                "thumb_360_w": 281,
                "thumb_360_h": 360,
                "thumb_480": "https:\/\/files.slack.com\/files-tmb\/TJH5YU202-FU9HKANC9-7f77bddfd5\/ykush_480.png?t=xoxe-629202954002-1115206499825-1101204359349-48e7ea248bf98b7fac300966398406ac",
                "thumb_480_w": 375,
                "thumb_480_h": 480,
                "thumb_160": "https:\/\/files.slack.com\/files-tmb\/TJH5YU202-FU9HKANC9-7f77bddfd5\/ykush_160.png?t=xoxe-629202954002-1115206499825-1101204359349-48e7ea248bf98b7fac300966398406ac",
                "thumb_720": "https:\/\/files.slack.com\/files-tmb\/TJH5YU202-FU9HKANC9-7f77bddfd5\/ykush_720.png?t=xoxe-629202954002-1115206499825-1101204359349-48e7ea248bf98b7fac300966398406ac",
                "thumb_720_w": 562,
                "thumb_720_h": 720,
                "thumb_800": "https:\/\/files.slack.com\/files-tmb\/TJH5YU202-FU9HKANC9-7f77bddfd5\/ykush_800.png?t=xoxe-629202954002-1115206499825-1101204359349-48e7ea248bf98b7fac300966398406ac",
                "thumb_800_w": 625,
                "thumb_800_h": 800,
                "image_exif_rotation": 1,
                "original_w": 648,
                "original_h": 830,
                "thumb_tiny": "AwAwACWMzytjaBzzkU8zsOmKgUY288Ec0vOfarsibk3nse4x9Ka\/7wYfBbselMxznJpwp2FcSzGGk6jp\/WrX41XthiSYeh\/xqxWZZRjdSpDHkcDinKVUtvJIxkcVHCu4sMZ5qRl3Oy47DinzMVgQqHJZiy44qRcMMqcio\/K+ZVHGR0qz5PlxMx4AGcU1IGiK3H76b6ip6hgGXkY98VPUjKkACyyg9mp4A80k\/wCeKleB1eRo1Db\/AFHSl8h1CleXA5yOM0AN4MqntVluYmxzwarx27hAScNnPTipLeN4w\/mHO49hQBXtuS\/bpxU\/41FBCys\/yNzjtU+xv7p\/KkgP\/9k=",
                "permalink": "https:\/\/harbourproject.slack.com\/files\/UJHD6A81H\/FU9HKANC9\/ykush.png",
                "permalink_public": "https:\/\/slack-files.com\/TJH5YU202-FU9HKANC9-f684b73153",
                "is_starred": false,
                "has_rich_preview": false
            }
        ],
        "upload": true,
        "user": "UJHD6A81H",
        "display_as_bot": false,
        "ts": "1582797009.156900",
        "client_msg_id": "9f9117ac-b718-49e2-865d-b20862e9126e"
    },
    {
        "client_msg_id": "44053bf8-fb65-438a-8906-13dc9f4f34cd",
        "type": "message",
        "text": "<@UJHD6A81H>\n\"IOT is not exempt from Mod-Harbour. Using a Raspberry PI with Apache installed we can, not only control or read device states but also serve the page and even store data. We would get all this for very little money\"",
        "user": "UJRQZMTAM",
        "ts": "1582808730.158100",
        "team": "TJH5YU202",
        "user_team": "TJH5YU202",
        "source_team": "TJH5YU202",
        "user_profile": {
            "avatar_hash": "0d8c567df084",
            "image_72": "https:\/\/avatars.slack-edge.com\/2019-11-22\/834908722243_0d8c567df084bf59d639_72.png",
            "first_name": "Diego",
            "real_name": "Diego F",
            "display_name": "Diego F",
            "team": "TJH5YU202",
            "name": "diegohfazio",
            "is_restricted": false,
            "is_ultra_restricted": false
        },
        "edited": {
            "user": "UJRQZMTAM",
            "ts": "1582809002.000000"
        },
        "blocks": [
            {
                "type": "rich_text",
                "block_id": "p7h",
                "elements": [
                    {
                        "type": "rich_text_section",
                        "elements": [
                            {
                                "type": "user",
                                "user_id": "UJHD6A81H"
                            },
                            {
                                "type": "text",
                                "text": "\n\"IOT is not exempt from Mod-Harbour. Using a Raspberry PI with Apache installed we can, not only control or read device states but also serve the page and even store data. We would get all this for very little money\""
                            }
                        ]
                    }
                ]
            }
        ]
    },
    {
        "client_msg_id": "0c122e2a-d119-47d3-b666-cda84d1c39ab",
        "type": "message",
        "text": "<@UJRQZMTAM> es un tema muy interesante.",
        "user": "UJUJLTWMT",
        "ts": "1582809483.158900",
        "team": "TJH5YU202",
        "user_team": "TJH5YU202",
        "source_team": "TJH5YU202",
        "user_profile": {
            "avatar_hash": "a60e3b1ef2d2",
            "image_72": "https:\/\/avatars.slack-edge.com\/2019-08-20\/726246109489_a60e3b1ef2d2c141969d_72.jpg",
            "first_name": "",
            "real_name": "Cristobal",
            "display_name": "Cristobal",
            "team": "TJH5YU202",
            "name": "navarro.cristobal",
            "is_restricted": false,
            "is_ultra_restricted": false
        },
        "blocks": [
            {
                "type": "rich_text",
                "block_id": "0Pz5",
                "elements": [
                    {
                        "type": "rich_text_section",
                        "elements": [
                            {
                                "type": "user",
                                "user_id": "UJRQZMTAM"
                            },
                            {
                                "type": "text",
                                "text": " es un tema muy interesante."
                            }
                        ]
                    }
                ]
            }
        ]
    },
    {
        "type": "message",
        "text": "",
        "files": [
            {
                "id": "FU9RSTULR",
                "created": 1582810211,
                "timestamp": 1582810211,
                "name": "78f23e12-57ab-441d-9127-94b57a3e0656.mov",
                "title": "78f23e12-57ab-441d-9127-94b57a3e0656.mov",
                "mimetype": "video\/quicktime",
                "filetype": "mov",
                "pretty_type": "QuickTime Movie",
                "user": "UJRQZMTAM",
                "editable": false,
                "size": 1744636,
                "mode": "hosted",
                "is_external": false,
                "external_type": "",
                "is_public": true,
                "public_url_shared": false,
                "display_as_bot": false,
                "username": "",
                "url_private": "https:\/\/files.slack.com\/files-pri\/TJH5YU202-FU9RSTULR\/78f23e12-57ab-441d-9127-94b57a3e0656.mov?t=xoxe-629202954002-1115206499825-1101204359349-48e7ea248bf98b7fac300966398406ac",
                "url_private_download": "https:\/\/files.slack.com\/files-pri\/TJH5YU202-FU9RSTULR\/download\/78f23e12-57ab-441d-9127-94b57a3e0656.mov?t=xoxe-629202954002-1115206499825-1101204359349-48e7ea248bf98b7fac300966398406ac",
                "thumb_video": "https:\/\/files.slack.com\/files-tmb\/TJH5YU202-FU9RSTULR-fe61e76596\/78f23e12-57ab-441d-9127-94b57a3e0656_thumb_video.jpeg?t=xoxe-629202954002-1115206499825-1101204359349-48e7ea248bf98b7fac300966398406ac",
                "permalink": "https:\/\/harbourproject.slack.com\/files\/UJRQZMTAM\/FU9RSTULR\/78f23e12-57ab-441d-9127-94b57a3e0656.mov",
                "permalink_public": "https:\/\/slack-files.com\/TJH5YU202-FU9RSTULR-9d1fa132ce",
                "is_starred": false,
                "has_rich_preview": false
            }
        ],
        "upload": true,
        "user": "UJRQZMTAM",
        "display_as_bot": false,
        "ts": "1582810214.159000",
        "client_msg_id": "1092f103-75eb-4e8c-9c41-c80cf0a9eace"
    },
    {
        "client_msg_id": "3d46025a-4557-4b9b-a44e-ba4472b8c08a",
        "type": "message",
        "text": "Lectura de datos.",
        "user": "UJRQZMTAM",
        "ts": "1582810248.159800",
        "team": "TJH5YU202",
        "user_team": "TJH5YU202",
        "source_team": "TJH5YU202",
        "user_profile": {
            "avatar_hash": "0d8c567df084",
            "image_72": "https:\/\/avatars.slack-edge.com\/2019-11-22\/834908722243_0d8c567df084bf59d639_72.png",
            "first_name": "Diego",
            "real_name": "Diego F",
            "display_name": "Diego F",
            "team": "TJH5YU202",
            "name": "diegohfazio",
            "is_restricted": false,
            "is_ultra_restricted": false
        },
        "blocks": [
            {
                "type": "rich_text",
                "block_id": "s5s",
                "elements": [
                    {
                        "type": "rich_text_section",
                        "elements": [
                            {
                                "type": "text",
                                "text": "Lectura de datos."
                            }
                        ]
                    }
                ]
            }
        ],
        "reactions": [
            {
                "name": "+1",
                "users": [
                    "UJUSD6VB2",
                    "UJUJLTWMT"
                ],
                "count": 2
            }
        ]
    },
    {
        "client_msg_id": "1d1d6349-64c0-41ae-8f2a-a73ad7e7d027",
        "type": "message",
        "text": "Diego buenos dias",
        "user": "UJXP7LS78",
        "ts": "1582814417.160000",
        "team": "TJH5YU202",
        "user_team": "TJH5YU202",
        "source_team": "TJH5YU202",
        "user_profile": {
            "avatar_hash": "gc4a0baebb72",
            "image_72": "https:\/\/secure.gravatar.com\/avatar\/a1c4a0baebb720b97e5a197259dbf409.jpg?s=72&d=https%3A%2F%2Fa.slack-edge.com%2Fdf10d%2Fimg%2Favatars%2Fava_0007-72.png",
            "first_name": "",
            "real_name": "wilson gamboa",
            "display_name": "wilson gamboa",
            "team": "TJH5YU202",
            "name": "wilson.josenet",
            "is_restricted": false,
            "is_ultra_restricted": false
        },
        "blocks": [
            {
                "type": "rich_text",
                "block_id": "Q5L",
                "elements": [
                    {
                        "type": "rich_text_section",
                        "elements": [
                            {
                                "type": "text",
                                "text": "Diego buenos dias"
                            }
                        ]
                    }
                ]
            }
        ]
    },
    {
        "client_msg_id": "be3765e3-0470-4089-8bda-6fdb975194f2",
        "type": "message",
        "text": "podrias hacer un peque resumen de que se trata",
        "user": "UJXP7LS78",
        "ts": "1582814427.160300",
        "team": "TJH5YU202",
        "user_team": "TJH5YU202",
        "source_team": "TJH5YU202",
        "user_profile": {
            "avatar_hash": "gc4a0baebb72",
            "image_72": "https:\/\/secure.gravatar.com\/avatar\/a1c4a0baebb720b97e5a197259dbf409.jpg?s=72&d=https%3A%2F%2Fa.slack-edge.com%2Fdf10d%2Fimg%2Favatars%2Fava_0007-72.png",
            "first_name": "",
            "real_name": "wilson gamboa",
            "display_name": "wilson gamboa",
            "team": "TJH5YU202",
            "name": "wilson.josenet",
            "is_restricted": false,
            "is_ultra_restricted": false
        },
        "blocks": [
            {
                "type": "rich_text",
                "block_id": "jVGq",
                "elements": [
                    {
                        "type": "rich_text_section",
                        "elements": [
                            {
                                "type": "text",
                                "text": "podrias hacer un peque resumen de que se trata"
                            }
                        ]
                    }
                ]
            }
        ]
    },
    {
        "client_msg_id": "91bb5159-7dfe-41a3-80b2-b35b93b57d51",
        "type": "message",
        "text": "porfa perdon la ignorancia",
        "user": "UJXP7LS78",
        "ts": "1582814435.160600",
        "team": "TJH5YU202",
        "user_team": "TJH5YU202",
        "source_team": "TJH5YU202",
        "user_profile": {
            "avatar_hash": "gc4a0baebb72",
            "image_72": "https:\/\/secure.gravatar.com\/avatar\/a1c4a0baebb720b97e5a197259dbf409.jpg?s=72&d=https%3A%2F%2Fa.slack-edge.com%2Fdf10d%2Fimg%2Favatars%2Fava_0007-72.png",
            "first_name": "",
            "real_name": "wilson gamboa",
            "display_name": "wilson gamboa",
            "team": "TJH5YU202",
            "name": "wilson.josenet",
            "is_restricted": false,
            "is_ultra_restricted": false
        },
        "blocks": [
            {
                "type": "rich_text",
                "block_id": "s7J",
                "elements": [
                    {
                        "type": "rich_text_section",
                        "elements": [
                            {
                                "type": "text",
                                "text": "porfa perdon la ignorancia"
                            }
                        ]
                    }
                ]
            }
        ]
    },
    {
        "client_msg_id": "7fe1b92f-72ec-4f0c-8cee-61e048daa340",
        "type": "message",
        "text": "Esta armando un automovil de conduccion autonoma con mod harbour. Por ahora solo llega a los 24 km\/h",
        "user": "UM81W8B0Q",
        "ts": "1582814601.161500",
        "team": "TJH5YU202",
        "user_team": "TJH5YU202",
        "source_team": "TJH5YU202",
        "user_profile": {
            "avatar_hash": "gab9279ee8c0",
            "image_72": "https:\/\/secure.gravatar.com\/avatar\/73ab9279ee8c00f66ce4904d30146c8f.jpg?s=72&d=https%3A%2F%2Fa.slack-edge.com%2Fdf10d%2Fimg%2Favatars%2Fava_0010-72.png",
            "first_name": "",
            "real_name": "Angel Pais",
            "display_name": "Angel Pais",
            "team": "TJH5YU202",
            "name": "amigosam",
            "is_restricted": false,
            "is_ultra_restricted": false
        },
        "blocks": [
            {
                "type": "rich_text",
                "block_id": "bDK",
                "elements": [
                    {
                        "type": "rich_text_section",
                        "elements": [
                            {
                                "type": "text",
                                "text": "Esta armando un automovil de conduccion autonoma con mod harbour. Por ahora solo llega a los 24 km\/h"
                            }
                        ]
                    }
                ]
            }
        ]
    },
    {
        "client_msg_id": "859d2918-06a7-40a6-94ae-34d278c7dd4c",
        "type": "message",
        "text": "Buen dia señores .... a mi me queda mas lejos, pero venga, si se puede, se puede!",
        "user": "UJUSD6VB2",
        "ts": "1582814670.162100",
        "team": "TJH5YU202",
        "user_team": "TJH5YU202",
        "source_team": "TJH5YU202",
        "user_profile": {
            "avatar_hash": "g1677a02d0b6",
            "image_72": "https:\/\/secure.gravatar.com\/avatar\/bb1677a02d0b69ba91eb245090c7c83a.jpg?s=72&d=https%3A%2F%2Fa.slack-edge.com%2Fdf10d%2Fimg%2Favatars%2Fava_0015-72.png",
            "first_name": "",
            "real_name": "Osvaldo Ramirez",
            "display_name": "Osvaldo Ramirez",
            "team": "TJH5YU202",
            "name": "ramirezosvaldo",
            "is_restricted": false,
            "is_ultra_restricted": false
        },
        "blocks": [
            {
                "type": "rich_text",
                "block_id": "h=R",
                "elements": [
                    {
                        "type": "rich_text_section",
                        "elements": [
                            {
                                "type": "text",
                                "text": "Buen dia señores .... a mi me queda mas lejos, pero venga, si se puede, se puede!"
                            }
                        ]
                    }
                ]
            }
        ]
    },
    {
        "client_msg_id": "a78faaac-7622-43d4-aa01-ce329f5f14cb",
        "type": "message",
        "text": "A la velocidad de 24km\/h va a demorar un poco en llegar al norte de Mexico",
        "user": "UM81W8B0Q",
        "ts": "1582814731.162900",
        "team": "TJH5YU202",
        "user_team": "TJH5YU202",
        "source_team": "TJH5YU202",
        "user_profile": {
            "avatar_hash": "gab9279ee8c0",
            "image_72": "https:\/\/secure.gravatar.com\/avatar\/73ab9279ee8c00f66ce4904d30146c8f.jpg?s=72&d=https%3A%2F%2Fa.slack-edge.com%2Fdf10d%2Fimg%2Favatars%2Fava_0010-72.png",
            "first_name": "",
            "real_name": "Angel Pais",
            "display_name": "Angel Pais",
            "team": "TJH5YU202",
            "name": "amigosam",
            "is_restricted": false,
            "is_ultra_restricted": false
        },
        "blocks": [
            {
                "type": "rich_text",
                "block_id": "yQqLr",
                "elements": [
                    {
                        "type": "rich_text_section",
                        "elements": [
                            {
                                "type": "text",
                                "text": "A la velocidad de 24km\/h va a demorar un poco en llegar al norte de Mexico"
                            }
                        ]
                    }
                ]
            }
        ]
    },
    {
        "client_msg_id": "ae53238c-af3f-496f-bfd7-dcf9b2d40d1e",
        "type": "message",
        "text": "Pero llega amigo, es lo que importa",
        "user": "UJUSD6VB2",
        "ts": "1582814744.163400",
        "team": "TJH5YU202",
        "user_team": "TJH5YU202",
        "source_team": "TJH5YU202",
        "user_profile": {
            "avatar_hash": "g1677a02d0b6",
            "image_72": "https:\/\/secure.gravatar.com\/avatar\/bb1677a02d0b69ba91eb245090c7c83a.jpg?s=72&d=https%3A%2F%2Fa.slack-edge.com%2Fdf10d%2Fimg%2Favatars%2Fava_0015-72.png",
            "first_name": "",
            "real_name": "Osvaldo Ramirez",
            "display_name": "Osvaldo Ramirez",
            "team": "TJH5YU202",
            "name": "ramirezosvaldo",
            "is_restricted": false,
            "is_ultra_restricted": false
        },
        "blocks": [
            {
                "type": "rich_text",
                "block_id": "r8m",
                "elements": [
                    {
                        "type": "rich_text_section",
                        "elements": [
                            {
                                "type": "text",
                                "text": "Pero llega amigo, es lo que importa"
                            }
                        ]
                    }
                ]
            }
        ]
    },
    {
        "client_msg_id": "cf39a6ef-c35f-4033-a8ee-4494046cc8e2",
        "type": "message",
        "text": "gran verdad",
        "user": "UM81W8B0Q",
        "ts": "1582814751.163800",
        "team": "TJH5YU202",
        "user_team": "TJH5YU202",
        "source_team": "TJH5YU202",
        "user_profile": {
            "avatar_hash": "gab9279ee8c0",
            "image_72": "https:\/\/secure.gravatar.com\/avatar\/73ab9279ee8c00f66ce4904d30146c8f.jpg?s=72&d=https%3A%2F%2Fa.slack-edge.com%2Fdf10d%2Fimg%2Favatars%2Fava_0010-72.png",
            "first_name": "",
            "real_name": "Angel Pais",
            "display_name": "Angel Pais",
            "team": "TJH5YU202",
            "name": "amigosam",
            "is_restricted": false,
            "is_ultra_restricted": false
        },
        "blocks": [
            {
                "type": "rich_text",
                "block_id": "zM4yb",
                "elements": [
                    {
                        "type": "rich_text_section",
                        "elements": [
                            {
                                "type": "text",
                                "text": "gran verdad"
                            }
                        ]
                    }
                ]
            }
        ]
    },
    {
        "client_msg_id": "1e25b3fa-b7e5-4008-887b-d3e6bafea4e7",
        "type": "message",
        "text": "se vienen los dos ?",
        "user": "UJUSD6VB2",
        "ts": "1582814751.163900",
        "team": "TJH5YU202",
        "user_team": "TJH5YU202",
        "source_team": "TJH5YU202",
        "user_profile": {
            "avatar_hash": "g1677a02d0b6",
            "image_72": "https:\/\/secure.gravatar.com\/avatar\/bb1677a02d0b69ba91eb245090c7c83a.jpg?s=72&d=https%3A%2F%2Fa.slack-edge.com%2Fdf10d%2Fimg%2Favatars%2Fava_0015-72.png",
            "first_name": "",
            "real_name": "Osvaldo Ramirez",
            "display_name": "Osvaldo Ramirez",
            "team": "TJH5YU202",
            "name": "ramirezosvaldo",
            "is_restricted": false,
            "is_ultra_restricted": false
        },
        "blocks": [
            {
                "type": "rich_text",
                "block_id": "jGSQ",
                "elements": [
                    {
                        "type": "rich_text_section",
                        "elements": [
                            {
                                "type": "text",
                                "text": "se vienen los dos ?"
                            }
                        ]
                    }
                ]
            }
        ]
    },
    {
        "client_msg_id": "2455c29d-cfa3-45cd-acc8-a86d810c7be6",
        "type": "message",
        "text": "vamos a hacer la version americana de la conferencia mod_harbour",
        "user": "UM81W8B0Q",
        "ts": "1582814778.165000",
        "team": "TJH5YU202",
        "user_team": "TJH5YU202",
        "source_team": "TJH5YU202",
        "user_profile": {
            "avatar_hash": "gab9279ee8c0",
            "image_72": "https:\/\/secure.gravatar.com\/avatar\/73ab9279ee8c00f66ce4904d30146c8f.jpg?s=72&d=https%3A%2F%2Fa.slack-edge.com%2Fdf10d%2Fimg%2Favatars%2Fava_0010-72.png",
            "first_name": "",
            "real_name": "Angel Pais",
            "display_name": "Angel Pais",
            "team": "TJH5YU202",
            "name": "amigosam",
            "is_restricted": false,
            "is_ultra_restricted": false
        },
        "blocks": [
            {
                "type": "rich_text",
                "block_id": "UScW",
                "elements": [
                    {
                        "type": "rich_text_section",
                        "elements": [
                            {
                                "type": "text",
                                "text": "vamos a hacer la version americana de la conferencia mod_harbour"
                            }
                        ]
                    }
                ]
            }
        ]
    },
    {
        "client_msg_id": "45ffce85-1e6f-4f35-af7a-cb34ce6dcaf4",
        "type": "message",
        "text": "Eso que es como un cuadradito con un tipo enrejado es un sensor de temperatura\/humedad. Este sensor esta conectado a un raspberry. Este raspberry dentro tiene corriendo un linux con apache y modharbour instalado. Desde un .prg comun leo el estado del sensor que basicamente me dice el valor de humedad y temperatura. Este valor lo muestro por modharbour, mediante un grafico.",
        "user": "UJRQZMTAM",
        "ts": "1582814865.166500",
        "team": "TJH5YU202",
        "user_team": "TJH5YU202",
        "source_team": "TJH5YU202",
        "user_profile": {
            "avatar_hash": "0d8c567df084",
            "image_72": "https:\/\/avatars.slack-edge.com\/2019-11-22\/834908722243_0d8c567df084bf59d639_72.png",
            "first_name": "Diego",
            "real_name": "Diego F",
            "display_name": "Diego F",
            "team": "TJH5YU202",
            "name": "diegohfazio",
            "is_restricted": false,
            "is_ultra_restricted": false
        },
        "blocks": [
            {
                "type": "rich_text",
                "block_id": "SAQcK",
                "elements": [
                    {
                        "type": "rich_text_section",
                        "elements": [
                            {
                                "type": "text",
                                "text": "Eso que es como un cuadradito con un tipo enrejado es un sensor de temperatura\/humedad. Este sensor esta conectado a un raspberry. Este raspberry dentro tiene corriendo un linux con apache y modharbour instalado. Desde un .prg comun leo el estado del sensor que basicamente me dice el valor de humedad y temperatura. Este valor lo muestro por modharbour, mediante un grafico."
                            }
                        ]
                    }
                ]
            }
        ]
    },
    {
        "client_msg_id": "77aa7f14-5e49-4ea4-9aa7-6515b307341d",
        "type": "message",
        "text": "La pagina hace un post cada 4seg actualizando el valor en el reloj",
        "user": "UJRQZMTAM",
        "ts": "1582814886.167000",
        "team": "TJH5YU202",
        "user_team": "TJH5YU202",
        "source_team": "TJH5YU202",
        "user_profile": {
            "avatar_hash": "0d8c567df084",
            "image_72": "https:\/\/avatars.slack-edge.com\/2019-11-22\/834908722243_0d8c567df084bf59d639_72.png",
            "first_name": "Diego",
            "real_name": "Diego F",
            "display_name": "Diego F",
            "team": "TJH5YU202",
            "name": "diegohfazio",
            "is_restricted": false,
            "is_ultra_restricted": false
        },
        "blocks": [
            {
                "type": "rich_text",
                "block_id": "qZghs",
                "elements": [
                    {
                        "type": "rich_text_section",
                        "elements": [
                            {
                                "type": "text",
                                "text": "La pagina hace un post cada 4seg actualizando el valor en el reloj"
                            }
                        ]
                    }
                ]
            }
        ]
    },
    {
        "client_msg_id": "04569a12-b3ac-454e-b9ef-6ae66772b890",
        "type": "message",
        "text": "El reloj es un js",
        "user": "UJRQZMTAM",
        "ts": "1582814929.167700",
        "team": "TJH5YU202",
        "user_team": "TJH5YU202",
        "source_team": "TJH5YU202",
        "user_profile": {
            "avatar_hash": "0d8c567df084",
            "image_72": "https:\/\/avatars.slack-edge.com\/2019-11-22\/834908722243_0d8c567df084bf59d639_72.png",
            "first_name": "Diego",
            "real_name": "Diego F",
            "display_name": "Diego F",
            "team": "TJH5YU202",
            "name": "diegohfazio",
            "is_restricted": false,
            "is_ultra_restricted": false
        },
        "blocks": [
            {
                "type": "rich_text",
                "block_id": "L1CAh",
                "elements": [
                    {
                        "type": "rich_text_section",
                        "elements": [
                            {
                                "type": "text",
                                "text": "El reloj es un js"
                            }
                        ]
                    }
                ]
            }
        ]
    },
    {
        "client_msg_id": "b07dd31e-5f1b-4873-bd97-6e85b45e1b3d",
        "type": "message",
        "text": "El siguiente paso es un monitor cardiaco para los CTI",
        "user": "UM81W8B0Q",
        "ts": "1582814935.167800",
        "team": "TJH5YU202",
        "user_team": "TJH5YU202",
        "source_team": "TJH5YU202",
        "user_profile": {
            "avatar_hash": "gab9279ee8c0",
            "image_72": "https:\/\/secure.gravatar.com\/avatar\/73ab9279ee8c00f66ce4904d30146c8f.jpg?s=72&d=https%3A%2F%2Fa.slack-edge.com%2Fdf10d%2Fimg%2Favatars%2Fava_0010-72.png",
            "first_name": "",
            "real_name": "Angel Pais",
            "display_name": "Angel Pais",
            "team": "TJH5YU202",
            "name": "amigosam",
            "is_restricted": false,
            "is_ultra_restricted": false
        },
        "blocks": [
            {
                "type": "rich_text",
                "block_id": "Z5pb",
                "elements": [
                    {
                        "type": "rich_text_section",
                        "elements": [
                            {
                                "type": "text",
                                "text": "El siguiente paso es un monitor cardiaco para los CTI"
                            }
                        ]
                    }
                ]
            }
        ]
    },
    {
        "client_msg_id": "3f9d2f2e-883a-4b5b-8753-6968205b5119",
        "type": "message",
        "text": "hay sensores para eso. Seria exactamente igual cambiando el sensor",
        "user": "UJRQZMTAM",
        "ts": "1582814963.168200",
        "team": "TJH5YU202",
        "user_team": "TJH5YU202",
        "source_team": "TJH5YU202",
        "user_profile": {
            "avatar_hash": "0d8c567df084",
            "image_72": "https:\/\/avatars.slack-edge.com\/2019-11-22\/834908722243_0d8c567df084bf59d639_72.png",
            "first_name": "Diego",
            "real_name": "Diego F",
            "display_name": "Diego F",
            "team": "TJH5YU202",
            "name": "diegohfazio",
            "is_restricted": false,
            "is_ultra_restricted": false
        },
        "blocks": [
            {
                "type": "rich_text",
                "block_id": "Q\/PG",
                "elements": [
                    {
                        "type": "rich_text_section",
                        "elements": [
                            {
                                "type": "text",
                                "text": "hay sensores para eso. Seria exactamente igual cambiando el sensor"
                            }
                        ]
                    }
                ]
            }
        ]
    },
    {
        "client_msg_id": "8305b5d0-c77b-460c-9087-4050eb0db47b",
        "type": "message",
        "text": "viste",
        "user": "UM81W8B0Q",
        "ts": "1582814984.168500",
        "team": "TJH5YU202",
        "user_team": "TJH5YU202",
        "source_team": "TJH5YU202",
        "user_profile": {
            "avatar_hash": "gab9279ee8c0",
            "image_72": "https:\/\/secure.gravatar.com\/avatar\/73ab9279ee8c00f66ce4904d30146c8f.jpg?s=72&d=https%3A%2F%2Fa.slack-edge.com%2Fdf10d%2Fimg%2Favatars%2Fava_0010-72.png",
            "first_name": "",
            "real_name": "Angel Pais",
            "display_name": "Angel Pais",
            "team": "TJH5YU202",
            "name": "amigosam",
            "is_restricted": false,
            "is_ultra_restricted": false
        },
        "blocks": [
            {
                "type": "rich_text",
                "block_id": "53bs",
                "elements": [
                    {
                        "type": "rich_text_section",
                        "elements": [
                            {
                                "type": "text",
                                "text": "viste"
                            }
                        ]
                    }
                ]
            }
        ]
    },
    {
        "client_msg_id": "7c704855-c3ff-492f-8fbf-4fda6c277bb5",
        "type": "message",
        "text": "hay que democratizar la medicina",
        "user": "UM81W8B0Q",
        "ts": "1582814992.168800",
        "team": "TJH5YU202",
        "user_team": "TJH5YU202",
        "source_team": "TJH5YU202",
        "user_profile": {
            "avatar_hash": "gab9279ee8c0",
            "image_72": "https:\/\/secure.gravatar.com\/avatar\/73ab9279ee8c00f66ce4904d30146c8f.jpg?s=72&d=https%3A%2F%2Fa.slack-edge.com%2Fdf10d%2Fimg%2Favatars%2Fava_0010-72.png",
            "first_name": "",
            "real_name": "Angel Pais",
            "display_name": "Angel Pais",
            "team": "TJH5YU202",
            "name": "amigosam",
            "is_restricted": false,
            "is_ultra_restricted": false
        },
        "blocks": [
            {
                "type": "rich_text",
                "block_id": "vNCS",
                "elements": [
                    {
                        "type": "rich_text_section",
                        "elements": [
                            {
                                "type": "text",
                                "text": "hay que democratizar la medicina"
                            }
                        ]
                    }
                ]
            }
        ]
    },
    {
        "client_msg_id": "c2958546-5db3-4969-bc4a-7114d8f13ded",
        "type": "message",
        "text": "hoy se sensa TODO",
        "user": "UJRQZMTAM",
        "ts": "1582814999.168900",
        "team": "TJH5YU202",
        "user_team": "TJH5YU202",
        "source_team": "TJH5YU202",
        "user_profile": {
            "avatar_hash": "0d8c567df084",
            "image_72": "https:\/\/avatars.slack-edge.com\/2019-11-22\/834908722243_0d8c567df084bf59d639_72.png",
            "first_name": "Diego",
            "real_name": "Diego F",
            "display_name": "Diego F",
            "team": "TJH5YU202",
            "name": "diegohfazio",
            "is_restricted": false,
            "is_ultra_restricted": false
        },
        "blocks": [
            {
                "type": "rich_text",
                "block_id": "+BL",
                "elements": [
                    {
                        "type": "rich_text_section",
                        "elements": [
                            {
                                "type": "text",
                                "text": "hoy se sensa TODO"
                            }
                        ]
                    }
                ]
            }
        ]
    },
    {
        "client_msg_id": "f87dbee1-5b9e-489b-a498-d8d59909a187",
        "type": "message",
        "text": "lo unico que no se sensa es el sentido com'un",
        "user": "UM81W8B0Q",
        "ts": "1582815023.169300",
        "team": "TJH5YU202",
        "user_team": "TJH5YU202",
        "source_team": "TJH5YU202",
        "user_profile": {
            "avatar_hash": "gab9279ee8c0",
            "image_72": "https:\/\/secure.gravatar.com\/avatar\/73ab9279ee8c00f66ce4904d30146c8f.jpg?s=72&d=https%3A%2F%2Fa.slack-edge.com%2Fdf10d%2Fimg%2Favatars%2Fava_0010-72.png",
            "first_name": "",
            "real_name": "Angel Pais",
            "display_name": "Angel Pais",
            "team": "TJH5YU202",
            "name": "amigosam",
            "is_restricted": false,
            "is_ultra_restricted": false
        },
        "blocks": [
            {
                "type": "rich_text",
                "block_id": "Q2W0s",
                "elements": [
                    {
                        "type": "rich_text_section",
                        "elements": [
                            {
                                "type": "text",
                                "text": "lo unico que no se sensa es el sentido com'un"
                            }
                        ]
                    }
                ]
            }
        ]
    },
    {
        "client_msg_id": "b3f8eb7a-86dc-4ec9-b435-f92ce2aef3f6",
        "type": "message",
        "text": "hahaha pero tienes buen sentido del \"humor\"",
        "user": "UJUSD6VB2",
        "ts": "1582815062.169600",
        "team": "TJH5YU202",
        "user_team": "TJH5YU202",
        "source_team": "TJH5YU202",
        "user_profile": {
            "avatar_hash": "g1677a02d0b6",
            "image_72": "https:\/\/secure.gravatar.com\/avatar\/bb1677a02d0b69ba91eb245090c7c83a.jpg?s=72&d=https%3A%2F%2Fa.slack-edge.com%2Fdf10d%2Fimg%2Favatars%2Fava_0015-72.png",
            "first_name": "",
            "real_name": "Osvaldo Ramirez",
            "display_name": "Osvaldo Ramirez",
            "team": "TJH5YU202",
            "name": "ramirezosvaldo",
            "is_restricted": false,
            "is_ultra_restricted": false
        },
        "blocks": [
            {
                "type": "rich_text",
                "block_id": "o7v7",
                "elements": [
                    {
                        "type": "rich_text_section",
                        "elements": [
                            {
                                "type": "text",
                                "text": "hahaha pero tienes buen sentido del \"humor\""
                            }
                        ]
                    }
                ]
            }
        ]
    },
    {
        "client_msg_id": "b208f9a6-f4e4-44c6-b12a-0713053c9b35",
        "type": "message",
        "text": "bueno ya dije mi cuota de pavadas del dia, voy a seguir trabajando jaj",
        "user": "UM81W8B0Q",
        "ts": "1582815104.170500",
        "team": "TJH5YU202",
        "user_team": "TJH5YU202",
        "source_team": "TJH5YU202",
        "user_profile": {
            "avatar_hash": "gab9279ee8c0",
            "image_72": "https:\/\/secure.gravatar.com\/avatar\/73ab9279ee8c00f66ce4904d30146c8f.jpg?s=72&d=https%3A%2F%2Fa.slack-edge.com%2Fdf10d%2Fimg%2Favatars%2Fava_0010-72.png",
            "first_name": "",
            "real_name": "Angel Pais",
            "display_name": "Angel Pais",
            "team": "TJH5YU202",
            "name": "amigosam",
            "is_restricted": false,
            "is_ultra_restricted": false
        },
        "blocks": [
            {
                "type": "rich_text",
                "block_id": "hZw",
                "elements": [
                    {
                        "type": "rich_text_section",
                        "elements": [
                            {
                                "type": "text",
                                "text": "bueno ya dije mi cuota de pavadas del dia, voy a seguir trabajando jaj"
                            }
                        ]
                    }
                ]
            }
        ]
    },
    {
        "client_msg_id": "193d101c-8960-4668-823a-7748b8f48fb3",
        "type": "message",
        "text": "Con unos cuantos IF\/ELSE te hago un sensor de sentido comun....",
        "user": "UJRQZMTAM",
        "ts": "1582815105.170600",
        "team": "TJH5YU202",
        "user_team": "TJH5YU202",
        "source_team": "TJH5YU202",
        "user_profile": {
            "avatar_hash": "0d8c567df084",
            "image_72": "https:\/\/avatars.slack-edge.com\/2019-11-22\/834908722243_0d8c567df084bf59d639_72.png",
            "first_name": "Diego",
            "real_name": "Diego F",
            "display_name": "Diego F",
            "team": "TJH5YU202",
            "name": "diegohfazio",
            "is_restricted": false,
            "is_ultra_restricted": false
        },
        "blocks": [
            {
                "type": "rich_text",
                "block_id": "y5Box",
                "elements": [
                    {
                        "type": "rich_text_section",
                        "elements": [
                            {
                                "type": "text",
                                "text": "Con unos cuantos IF\/ELSE te hago un sensor de sentido comun...."
                            }
                        ]
                    }
                ]
            }
        ]
    },
    {
        "client_msg_id": "8ee941bf-cfda-4257-9ba7-e2b87981c9e1",
        "type": "message",
        "text": "IF 'politico'",
        "user": "UM81W8B0Q",
        "ts": "1582815125.171000",
        "team": "TJH5YU202",
        "user_team": "TJH5YU202",
        "source_team": "TJH5YU202",
        "user_profile": {
            "avatar_hash": "gab9279ee8c0",
            "image_72": "https:\/\/secure.gravatar.com\/avatar\/73ab9279ee8c00f66ce4904d30146c8f.jpg?s=72&d=https%3A%2F%2Fa.slack-edge.com%2Fdf10d%2Fimg%2Favatars%2Fava_0010-72.png",
            "first_name": "",
            "real_name": "Angel Pais",
            "display_name": "Angel Pais",
            "team": "TJH5YU202",
            "name": "amigosam",
            "is_restricted": false,
            "is_ultra_restricted": false
        },
        "blocks": [
            {
                "type": "rich_text",
                "block_id": "uFA4+",
                "elements": [
                    {
                        "type": "rich_text_section",
                        "elements": [
                            {
                                "type": "text",
                                "text": "IF 'politico'"
                            }
                        ]
                    }
                ]
            }
        ]
    },
    {
        "client_msg_id": "f27471f7-71dd-4bd4-9b04-b7f43cd64e03",
        "type": "message",
        "text": "return .f.",
        "user": "UM81W8B0Q",
        "ts": "1582815131.171300",
        "team": "TJH5YU202",
        "user_team": "TJH5YU202",
        "source_team": "TJH5YU202",
        "user_profile": {
            "avatar_hash": "gab9279ee8c0",
            "image_72": "https:\/\/secure.gravatar.com\/avatar\/73ab9279ee8c00f66ce4904d30146c8f.jpg?s=72&d=https%3A%2F%2Fa.slack-edge.com%2Fdf10d%2Fimg%2Favatars%2Fava_0010-72.png",
            "first_name": "",
            "real_name": "Angel Pais",
            "display_name": "Angel Pais",
            "team": "TJH5YU202",
            "name": "amigosam",
            "is_restricted": false,
            "is_ultra_restricted": false
        },
        "blocks": [
            {
                "type": "rich_text",
                "block_id": "Eej=",
                "elements": [
                    {
                        "type": "rich_text_section",
                        "elements": [
                            {
                                "type": "text",
                                "text": "return .f."
                            }
                        ]
                    }
                ]
            }
        ]
    },
    {
        "client_msg_id": "747835ee-180b-4bb4-8822-e6e0e6363895",
        "type": "message",
        "text": "y le ponemos....SENSOR con AI!!!",
        "user": "UJRQZMTAM",
        "ts": "1582815134.171600",
        "team": "TJH5YU202",
        "user_team": "TJH5YU202",
        "source_team": "TJH5YU202",
        "user_profile": {
            "avatar_hash": "0d8c567df084",
            "image_72": "https:\/\/avatars.slack-edge.com\/2019-11-22\/834908722243_0d8c567df084bf59d639_72.png",
            "first_name": "Diego",
            "real_name": "Diego F",
            "display_name": "Diego F",
            "team": "TJH5YU202",
            "name": "diegohfazio",
            "is_restricted": false,
            "is_ultra_restricted": false
        },
        "blocks": [
            {
                "type": "rich_text",
                "block_id": "DC4",
                "elements": [
                    {
                        "type": "rich_text_section",
                        "elements": [
                            {
                                "type": "text",
                                "text": "y le ponemos....SENSOR con AI!!!"
                            }
                        ]
                    }
                ]
            }
        ]
    },
    {
        "client_msg_id": "d5d8f2c7-6982-416d-aeb9-9a0c5a48b500",
        "type": "message",
        "text": "elsif ...",
        "user": "UM81W8B0Q",
        "ts": "1582815135.171700",
        "team": "TJH5YU202",
        "user_team": "TJH5YU202",
        "source_team": "TJH5YU202",
        "user_profile": {
            "avatar_hash": "gab9279ee8c0",
            "image_72": "https:\/\/secure.gravatar.com\/avatar\/73ab9279ee8c00f66ce4904d30146c8f.jpg?s=72&d=https%3A%2F%2Fa.slack-edge.com%2Fdf10d%2Fimg%2Favatars%2Fava_0010-72.png",
            "first_name": "",
            "real_name": "Angel Pais",
            "display_name": "Angel Pais",
            "team": "TJH5YU202",
            "name": "amigosam",
            "is_restricted": false,
            "is_ultra_restricted": false
        },
        "blocks": [
            {
                "type": "rich_text",
                "block_id": "QFQV8",
                "elements": [
                    {
                        "type": "rich_text_section",
                        "elements": [
                            {
                                "type": "text",
                                "text": "elsif ..."
                            }
                        ]
                    }
                ]
            }
        ]
    },
    {
        "client_msg_id": "0af6ce5c-fb46-41b5-b0dd-29ab1e677a98",
        "type": "message",
        "text": "exacto...",
        "user": "UJRQZMTAM",
        "ts": "1582815165.172100",
        "team": "TJH5YU202",
        "user_team": "TJH5YU202",
        "source_team": "TJH5YU202",
        "user_profile": {
            "avatar_hash": "0d8c567df084",
            "image_72": "https:\/\/avatars.slack-edge.com\/2019-11-22\/834908722243_0d8c567df084bf59d639_72.png",
            "first_name": "Diego",
            "real_name": "Diego F",
            "display_name": "Diego F",
            "team": "TJH5YU202",
            "name": "diegohfazio",
            "is_restricted": false,
            "is_ultra_restricted": false
        },
        "blocks": [
            {
                "type": "rich_text",
                "block_id": "G4F",
                "elements": [
                    {
                        "type": "rich_text_section",
                        "elements": [
                            {
                                "type": "text",
                                "text": "exacto..."
                            }
                        ]
                    }
                ]
            }
        ]
    },
    {
        "client_msg_id": "3d3b7a7c-0fd4-4514-9c3d-4d142549f8d2",
        "type": "message",
        "text": "mejor ponele sensore para no hacer discriminacion de genero",
        "user": "UM81W8B0Q",
        "ts": "1582815176.172300",
        "team": "TJH5YU202",
        "user_team": "TJH5YU202",
        "source_team": "TJH5YU202",
        "user_profile": {
            "avatar_hash": "gab9279ee8c0",
            "image_72": "https:\/\/secure.gravatar.com\/avatar\/73ab9279ee8c00f66ce4904d30146c8f.jpg?s=72&d=https%3A%2F%2Fa.slack-edge.com%2Fdf10d%2Fimg%2Favatars%2Fava_0010-72.png",
            "first_name": "",
            "real_name": "Angel Pais",
            "display_name": "Angel Pais",
            "team": "TJH5YU202",
            "name": "amigosam",
            "is_restricted": false,
            "is_ultra_restricted": false
        },
        "blocks": [
            {
                "type": "rich_text",
                "block_id": "GItDM",
                "elements": [
                    {
                        "type": "rich_text_section",
                        "elements": [
                            {
                                "type": "text",
                                "text": "mejor ponele sensore para no hacer discriminacion de genero"
                            }
                        ]
                    }
                ]
            }
        ]
    },
    {
        "client_msg_id": "2573d7fd-1791-44a1-9f62-be0c88d8c1db",
        "type": "message",
        "text": "SensEr seria no?",
        "user": "UJRQZMTAM",
        "ts": "1582815193.172600",
        "team": "TJH5YU202",
        "user_team": "TJH5YU202",
        "source_team": "TJH5YU202",
        "user_profile": {
            "avatar_hash": "0d8c567df084",
            "image_72": "https:\/\/avatars.slack-edge.com\/2019-11-22\/834908722243_0d8c567df084bf59d639_72.png",
            "first_name": "Diego",
            "real_name": "Diego F",
            "display_name": "Diego F",
            "team": "TJH5YU202",
            "name": "diegohfazio",
            "is_restricted": false,
            "is_ultra_restricted": false
        },
        "blocks": [
            {
                "type": "rich_text",
                "block_id": "EARnJ",
                "elements": [
                    {
                        "type": "rich_text_section",
                        "elements": [
                            {
                                "type": "text",
                                "text": "SensEr seria no?"
                            }
                        ]
                    }
                ]
            }
        ]
    },
    {
        "client_msg_id": "78d2447a-6f66-4c03-a828-82dfcff5b71d",
        "type": "message",
        "text": "SensXr",
        "user": "UJRQZMTAM",
        "ts": "1582815200.172900",
        "team": "TJH5YU202",
        "user_team": "TJH5YU202",
        "source_team": "TJH5YU202",
        "user_profile": {
            "avatar_hash": "0d8c567df084",
            "image_72": "https:\/\/avatars.slack-edge.com\/2019-11-22\/834908722243_0d8c567df084bf59d639_72.png",
            "first_name": "Diego",
            "real_name": "Diego F",
            "display_name": "Diego F",
            "team": "TJH5YU202",
            "name": "diegohfazio",
            "is_restricted": false,
            "is_ultra_restricted": false
        },
        "blocks": [
            {
                "type": "rich_text",
                "block_id": "9zY19",
                "elements": [
                    {
                        "type": "rich_text_section",
                        "elements": [
                            {
                                "type": "text",
                                "text": "SensXr"
                            }
                        ]
                    }
                ]
            }
        ]
    },
    {
        "client_msg_id": "c811f20c-60e8-477c-8277-4a7252255d6b",
        "type": "message",
        "text": "algo asi",
        "user": "UM81W8B0Q",
        "ts": "1582815201.173000",
        "team": "TJH5YU202",
        "user_team": "TJH5YU202",
        "source_team": "TJH5YU202",
        "user_profile": {
            "avatar_hash": "gab9279ee8c0",
            "image_72": "https:\/\/secure.gravatar.com\/avatar\/73ab9279ee8c00f66ce4904d30146c8f.jpg?s=72&d=https%3A%2F%2Fa.slack-edge.com%2Fdf10d%2Fimg%2Favatars%2Fava_0010-72.png",
            "first_name": "",
            "real_name": "Angel Pais",
            "display_name": "Angel Pais",
            "team": "TJH5YU202",
            "name": "amigosam",
            "is_restricted": false,
            "is_ultra_restricted": false
        },
        "blocks": [
            {
                "type": "rich_text",
                "block_id": "5qVy",
                "elements": [
                    {
                        "type": "rich_text_section",
                        "elements": [
                            {
                                "type": "text",
                                "text": "algo asi"
                            }
                        ]
                    }
                ]
            }
        ]
    },
    {
        "client_msg_id": "1ab58f90-5289-436f-a690-a52e6e9236ba",
        "type": "message",
        "text": "sens@r",
        "user": "UM81W8B0Q",
        "ts": "1582815214.173200",
        "team": "TJH5YU202",
        "user_team": "TJH5YU202",
        "source_team": "TJH5YU202",
        "user_profile": {
            "avatar_hash": "gab9279ee8c0",
            "image_72": "https:\/\/secure.gravatar.com\/avatar\/73ab9279ee8c00f66ce4904d30146c8f.jpg?s=72&d=https%3A%2F%2Fa.slack-edge.com%2Fdf10d%2Fimg%2Favatars%2Fava_0010-72.png",
            "first_name": "",
            "real_name": "Angel Pais",
            "display_name": "Angel Pais",
            "team": "TJH5YU202",
            "name": "amigosam",
            "is_restricted": false,
            "is_ultra_restricted": false
        },
        "blocks": [
            {
                "type": "rich_text",
                "block_id": "Zvbkg",
                "elements": [
                    {
                        "type": "rich_text_section",
                        "elements": [
                            {
                                "type": "text",
                                "text": "sens@r"
                            }
                        ]
                    }
                ]
            }
        ]
    },
    {
        "client_msg_id": "a951dba5-b24e-403f-a18a-a208a65935b6",
        "type": "message",
        "text": "muchas gracias Diego",
        "user": "UJXP7LS78",
        "ts": "1582815620.173400",
        "team": "TJH5YU202",
        "user_team": "TJH5YU202",
        "source_team": "TJH5YU202",
        "user_profile": {
            "avatar_hash": "gc4a0baebb72",
            "image_72": "https:\/\/secure.gravatar.com\/avatar\/a1c4a0baebb720b97e5a197259dbf409.jpg?s=72&d=https%3A%2F%2Fa.slack-edge.com%2Fdf10d%2Fimg%2Favatars%2Fava_0007-72.png",
            "first_name": "",
            "real_name": "wilson gamboa",
            "display_name": "wilson gamboa",
            "team": "TJH5YU202",
            "name": "wilson.josenet",
            "is_restricted": false,
            "is_ultra_restricted": false
        },
        "blocks": [
            {
                "type": "rich_text",
                "block_id": "IlDC",
                "elements": [
                    {
                        "type": "rich_text_section",
                        "elements": [
                            {
                                "type": "text",
                                "text": "muchas gracias Diego"
                            }
                        ]
                    }
                ]
            }
        ]
    },
    {
        "client_msg_id": "960503fd-2a9b-4ca6-a640-6c8dd6ca0c0e",
        "type": "message",
        "text": "saludos",
        "user": "UJXP7LS78",
        "ts": "1582815622.173600",
        "team": "TJH5YU202",
        "user_team": "TJH5YU202",
        "source_team": "TJH5YU202",
        "user_profile": {
            "avatar_hash": "gc4a0baebb72",
            "image_72": "https:\/\/secure.gravatar.com\/avatar\/a1c4a0baebb720b97e5a197259dbf409.jpg?s=72&d=https%3A%2F%2Fa.slack-edge.com%2Fdf10d%2Fimg%2Favatars%2Fava_0007-72.png",
            "first_name": "",
            "real_name": "wilson gamboa",
            "display_name": "wilson gamboa",
            "team": "TJH5YU202",
            "name": "wilson.josenet",
            "is_restricted": false,
            "is_ultra_restricted": false
        },
        "blocks": [
            {
                "type": "rich_text",
                "block_id": "0RC",
                "elements": [
                    {
                        "type": "rich_text_section",
                        "elements": [
                            {
                                "type": "text",
                                "text": "saludos"
                            }
                        ]
                    }
                ]
            }
        ]
    },
    {
        "client_msg_id": "1d5a514b-f610-4583-9bf8-6cb9ed39f7ee",
        "type": "message",
        "text": "Estimado Diego, comentario, con tu script se bajo del git harbour, se compilo, bien!!! en un raspberry 3 (Ya había probado en un raspbery 4),",
        "user": "UJUSD6VB2",
        "ts": "1582820887.175100",
        "team": "TJH5YU202",
        "user_team": "TJH5YU202",
        "source_team": "TJH5YU202",
        "user_profile": {
            "avatar_hash": "g1677a02d0b6",
            "image_72": "https:\/\/secure.gravatar.com\/avatar\/bb1677a02d0b69ba91eb245090c7c83a.jpg?s=72&d=https%3A%2F%2Fa.slack-edge.com%2Fdf10d%2Fimg%2Favatars%2Fava_0015-72.png",
            "first_name": "",
            "real_name": "Osvaldo Ramirez",
            "display_name": "Osvaldo Ramirez",
            "team": "TJH5YU202",
            "name": "ramirezosvaldo",
            "is_restricted": false,
            "is_ultra_restricted": false
        },
        "blocks": [
            {
                "type": "rich_text",
                "block_id": "yel",
                "elements": [
                    {
                        "type": "rich_text_section",
                        "elements": [
                            {
                                "type": "text",
                                "text": "Estimado Diego, comentario, con tu script se bajo del git harbour, se compilo, bien!!! en un raspberry 3 (Ya había probado en un raspbery 4),"
                            }
                        ]
                    }
                ]
            }
        ]
    },
    {
        "client_msg_id": "eb796fb8-1605-4fbd-bf41-24d313156950",
        "type": "message",
        "text": "Buenisimo! Yo probe en un Pi 2 b+",
        "user": "UJRQZMTAM",
        "ts": "1582821703.175700",
        "team": "TJH5YU202",
        "user_team": "TJH5YU202",
        "source_team": "TJH5YU202",
        "user_profile": {
            "avatar_hash": "0d8c567df084",
            "image_72": "https:\/\/avatars.slack-edge.com\/2019-11-22\/834908722243_0d8c567df084bf59d639_72.png",
            "first_name": "Diego",
            "real_name": "Diego F",
            "display_name": "Diego F",
            "team": "TJH5YU202",
            "name": "diegohfazio",
            "is_restricted": false,
            "is_ultra_restricted": false
        },
        "blocks": [
            {
                "type": "rich_text",
                "block_id": "Bj2hx",
                "elements": [
                    {
                        "type": "rich_text_section",
                        "elements": [
                            {
                                "type": "text",
                                "text": "Buenisimo! Yo probe en un Pi 2 b+"
                            }
                        ]
                    }
                ]
            }
        ]
    },
    {
        "client_msg_id": "ec6474a0-c5b7-4220-b933-e70809dc932a",
        "type": "message",
        "text": "Yo prob'e en un 3.1415926",
        "user": "UM81W8B0Q",
        "ts": "1582822997.176200",
        "team": "TJH5YU202",
        "user_team": "TJH5YU202",
        "source_team": "TJH5YU202",
        "user_profile": {
            "avatar_hash": "gab9279ee8c0",
            "image_72": "https:\/\/secure.gravatar.com\/avatar\/73ab9279ee8c00f66ce4904d30146c8f.jpg?s=72&d=https%3A%2F%2Fa.slack-edge.com%2Fdf10d%2Fimg%2Favatars%2Fava_0010-72.png",
            "first_name": "",
            "real_name": "Angel Pais",
            "display_name": "Angel Pais",
            "team": "TJH5YU202",
            "name": "amigosam",
            "is_restricted": false,
            "is_ultra_restricted": false
        },
        "blocks": [
            {
                "type": "rich_text",
                "block_id": "gxqN",
                "elements": [
                    {
                        "type": "rich_text_section",
                        "elements": [
                            {
                                "type": "text",
                                "text": "Yo prob'e en un 3.1415926"
                            }
                        ]
                    }
                ]
            }
        ]
    },
    {
        "client_msg_id": "77d319ea-967f-4822-bd14-1bfe8a05a77e",
        "type": "message",
        "text": ":clap:",
        "user": "UJRQZMTAM",
        "ts": "1582823851.176400",
        "team": "TJH5YU202",
        "user_team": "TJH5YU202",
        "source_team": "TJH5YU202",
        "user_profile": {
            "avatar_hash": "0d8c567df084",
            "image_72": "https:\/\/avatars.slack-edge.com\/2019-11-22\/834908722243_0d8c567df084bf59d639_72.png",
            "first_name": "Diego",
            "real_name": "Diego F",
            "display_name": "Diego F",
            "team": "TJH5YU202",
            "name": "diegohfazio",
            "is_restricted": false,
            "is_ultra_restricted": false
        },
        "blocks": [
            {
                "type": "rich_text",
                "block_id": "bw7",
                "elements": [
                    {
                        "type": "rich_text_section",
                        "elements": [
                            {
                                "type": "emoji",
                                "name": "clap"
                            }
                        ]
                    }
                ]
            }
        ]
    },
    {
        "client_msg_id": "1cc0d8a9-b4ba-4413-8c63-7676fe3573e6",
        "type": "message",
        "text": "Yo probé en una tarta de frambuesa",
        "user": "UNAHBRTFA",
        "ts": "1582828249.176800",
        "team": "TJH5YU202",
        "user_team": "TJH5YU202",
        "source_team": "TJH5YU202",
        "user_profile": {
            "avatar_hash": "g3d2a3f4c28c",
            "image_72": "https:\/\/secure.gravatar.com\/avatar\/23d2a3f4c28cebb4cf07e48d02620517.jpg?s=72&d=https%3A%2F%2Fa.slack-edge.com%2Fdf10d%2Fimg%2Favatars%2Fava_0020-72.png",
            "first_name": "Andreu",
            "real_name": "Andreu Botella",
            "display_name": "Andreu Botella",
            "team": "TJH5YU202",
            "name": "andreu.132",
            "is_restricted": false,
            "is_ultra_restricted": false
        },
        "blocks": [
            {
                "type": "rich_text",
                "block_id": "XjPKw",
                "elements": [
                    {
                        "type": "rich_text_section",
                        "elements": [
                            {
                                "type": "text",
                                "text": "Yo probé en una tarta de frambuesa"
                            }
                        ]
                    }
                ]
            }
        ]
    },
    {
        "client_msg_id": "8cc19177-1374-4c24-9a06-e750c2044e0d",
        "type": "message",
        "text": "mod harbour es super versatil por lo que veo",
        "user": "UMZ3LNV5Z",
        "ts": "1582828328.177200",
        "team": "TJH5YU202",
        "user_team": "TJH5YU202",
        "source_team": "TJH5YU202",
        "user_profile": {
            "avatar_hash": "0705cbdb2dc9",
            "image_72": "https:\/\/avatars.slack-edge.com\/2020-02-24\/967980533062_0705cbdb2dc9cb3644bb_72.jpg",
            "first_name": "Pablo",
            "real_name": "Pablo Botella",
            "display_name": "Pablo Botella",
            "team": "TJH5YU202",
            "name": "pb",
            "is_restricted": false,
            "is_ultra_restricted": false
        },
        "blocks": [
            {
                "type": "rich_text",
                "block_id": "mfN",
                "elements": [
                    {
                        "type": "rich_text_section",
                        "elements": [
                            {
                                "type": "text",
                                "text": "mod harbour es super versatil por lo que veo"
                            }
                        ]
                    }
                ]
            }
        ]
    },
    {
        "client_msg_id": "d6579ec5-40d9-4d22-ac8e-5fd49d81663f",
        "type": "message",
        "text": "Una poco de ayuda, estoy atorado contruyendo hbmysql en raspberry: este es el msg:",
        "user": "UJUSD6VB2",
        "ts": "1582829778.177800",
        "team": "TJH5YU202",
        "user_team": "TJH5YU202",
        "source_team": "TJH5YU202",
        "user_profile": {
            "avatar_hash": "g1677a02d0b6",
            "image_72": "https:\/\/secure.gravatar.com\/avatar\/bb1677a02d0b69ba91eb245090c7c83a.jpg?s=72&d=https%3A%2F%2Fa.slack-edge.com%2Fdf10d%2Fimg%2Favatars%2Fava_0015-72.png",
            "first_name": "",
            "real_name": "Osvaldo Ramirez",
            "display_name": "Osvaldo Ramirez",
            "team": "TJH5YU202",
            "name": "ramirezosvaldo",
            "is_restricted": false,
            "is_ultra_restricted": false
        },
        "blocks": [
            {
                "type": "rich_text",
                "block_id": "Kqbbr",
                "elements": [
                    {
                        "type": "rich_text_section",
                        "elements": [
                            {
                                "type": "text",
                                "text": "Una poco de ayuda, estoy atorado contruyendo hbmysql en raspberry: este es el msg:"
                            }
                        ]
                    }
                ]
            }
        ]
    },
    {
        "client_msg_id": "53fce490-5177-4e49-ad07-203760600a5c",
        "type": "message",
        "text": "hbmk2: Compiling...\n..\/..\/..\/mysql.c: In function ‘HB_FUN_MYSQL_REAL_CONNECT’:\n..\/..\/..\/mysql.c:164:58: error: ‘MYSQL_PORT’ undeclared (first use in this function); did you mean ‘MYSQL_STMT’?\n    unsigned int port  = ( unsigned int ) hb_parnidef( 4, MYSQL_PORT );\n                                                          ^~~~~~~~~~\n                                                          MYSQL_STMT\n..\/..\/..\/mysql.c:164:58: note: each undeclared identifier is reported only once for each function it appears in\nhbmk2[hbmysql]: Error: Running C\/C++ compiler. 1\ngcc -c -O3  -DHBMK_HAS_MYSQL -W -Wall -pipe -I\/usr\/local\/include\/harbour -I\/usr\/include\/mariadb ..\/..\/..\/.hbmk\/linux\/gcc\/hbmysql.c ..\/..\/..\/.hbmk\/linux\/gcc\/tmysql.c ..\/..\/..\/.hbmk\/linux\/gcc\/tsqlbrw.c ..\/..\/..\/mysql.c",
        "user": "UJUSD6VB2",
        "ts": "1582829781.178000",
        "team": "TJH5YU202",
        "user_team": "TJH5YU202",
        "source_team": "TJH5YU202",
        "user_profile": {
            "avatar_hash": "g1677a02d0b6",
            "image_72": "https:\/\/secure.gravatar.com\/avatar\/bb1677a02d0b69ba91eb245090c7c83a.jpg?s=72&d=https%3A%2F%2Fa.slack-edge.com%2Fdf10d%2Fimg%2Favatars%2Fava_0015-72.png",
            "first_name": "",
            "real_name": "Osvaldo Ramirez",
            "display_name": "Osvaldo Ramirez",
            "team": "TJH5YU202",
            "name": "ramirezosvaldo",
            "is_restricted": false,
            "is_ultra_restricted": false
        },
        "blocks": [
            {
                "type": "rich_text",
                "block_id": "Oc=",
                "elements": [
                    {
                        "type": "rich_text_section",
                        "elements": [
                            {
                                "type": "text",
                                "text": "hbmk2: Compiling...\n..\/..\/..\/mysql.c: In function ‘HB_FUN_MYSQL_REAL_CONNECT’:\n..\/..\/..\/mysql.c:164:58: error: ‘MYSQL_PORT’ undeclared (first use in this function); did you mean ‘MYSQL_STMT’?\n    unsigned int port  = ( unsigned int ) hb_parnidef( 4, MYSQL_PORT );\n                                                          ^~~~~~~~~~\n                                                          MYSQL_STMT\n..\/..\/..\/mysql.c:164:58: note: each undeclared identifier is reported only once for each function it appears in\nhbmk2[hbmysql]: Error: Running C\/C++ compiler. 1\ngcc -c -O3  -DHBMK_HAS_MYSQL -W -Wall -pipe -I\/usr\/local\/include\/harbour -I\/usr\/include\/mariadb ..\/..\/..\/.hbmk\/linux\/gcc\/hbmysql.c ..\/..\/..\/.hbmk\/linux\/gcc\/tmysql.c ..\/..\/..\/.hbmk\/linux\/gcc\/tsqlbrw.c ..\/..\/..\/mysql.c"
                            }
                        ]
                    }
                ]
            }
        ]
    },
    {
        "client_msg_id": "588a5cea-36c5-4b10-9361-554fcc329017",
        "type": "message",
        "text": "La variable MYSQL_PORT no esta definida,",
        "user": "UJUSD6VB2",
        "ts": "1582829827.178600",
        "team": "TJH5YU202",
        "user_team": "TJH5YU202",
        "source_team": "TJH5YU202",
        "user_profile": {
            "avatar_hash": "g1677a02d0b6",
            "image_72": "https:\/\/secure.gravatar.com\/avatar\/bb1677a02d0b69ba91eb245090c7c83a.jpg?s=72&d=https%3A%2F%2Fa.slack-edge.com%2Fdf10d%2Fimg%2Favatars%2Fava_0015-72.png",
            "first_name": "",
            "real_name": "Osvaldo Ramirez",
            "display_name": "Osvaldo Ramirez",
            "team": "TJH5YU202",
            "name": "ramirezosvaldo",
            "is_restricted": false,
            "is_ultra_restricted": false
        },
        "blocks": [
            {
                "type": "rich_text",
                "block_id": "9M7q0",
                "elements": [
                    {
                        "type": "rich_text_section",
                        "elements": [
                            {
                                "type": "text",
                                "text": "La variable MYSQL_PORT no esta definida,"
                            }
                        ]
                    }
                ]
            }
        ]
    },
    {
        "client_msg_id": "ee362465-66b7-494c-8950-06fdf9a7b1b6",
        "type": "message",
        "text": "lo que hice fue entrar a harbour\/contrib\/hbmysql y ejecutar hbmk2 hbmysql.hbp, no se si es lo correcto.",
        "user": "UJUSD6VB2",
        "ts": "1582829854.179200",
        "team": "TJH5YU202",
        "user_team": "TJH5YU202",
        "source_team": "TJH5YU202",
        "user_profile": {
            "avatar_hash": "g1677a02d0b6",
            "image_72": "https:\/\/secure.gravatar.com\/avatar\/bb1677a02d0b69ba91eb245090c7c83a.jpg?s=72&d=https%3A%2F%2Fa.slack-edge.com%2Fdf10d%2Fimg%2Favatars%2Fava_0015-72.png",
            "first_name": "",
            "real_name": "Osvaldo Ramirez",
            "display_name": "Osvaldo Ramirez",
            "team": "TJH5YU202",
            "name": "ramirezosvaldo",
            "is_restricted": false,
            "is_ultra_restricted": false
        },
        "blocks": [
            {
                "type": "rich_text",
                "block_id": "XnAfl",
                "elements": [
                    {
                        "type": "rich_text_section",
                        "elements": [
                            {
                                "type": "text",
                                "text": "lo que hice fue entrar a harbour\/contrib\/hbmysql y ejecutar hbmk2 hbmysql.hbp, no se si es lo correcto."
                            }
                        ]
                    }
                ]
            }
        ]
    },
    {
        "client_msg_id": "cb7115a6-f57b-4e94-9ab7-c9c99e2a4eb5",
        "type": "message",
        "text": "```#ifndef MYSQL_PORT\n# ifdef MARIADB_PORT\n#  define MYSQL_PORT MARIADB_PORT\n# else\n#  define MYSQL_PORT 3306\n# endif\n#endif```\n",
        "user": "UJN8D8U3B",
        "ts": "1582831519.179500",
        "team": "TJH5YU202",
        "user_team": "TJH5YU202",
        "source_team": "TJH5YU202",
        "user_profile": {
            "avatar_hash": "g92ad2abcc45",
            "image_72": "https:\/\/secure.gravatar.com\/avatar\/8492ad2abcc45ce53969adcf8420acde.jpg?s=72&d=https%3A%2F%2Fa.slack-edge.com%2Fdf10d%2Fimg%2Favatars%2Fava_0008-72.png",
            "first_name": "",
            "real_name": "Antonio Linares",
            "display_name": "Antonio Linares",
            "team": "TJH5YU202",
            "name": "alinares",
            "is_restricted": false,
            "is_ultra_restricted": false
        },
        "blocks": [
            {
                "type": "rich_text",
                "block_id": "vevd",
                "elements": [
                    {
                        "type": "rich_text_preformatted",
                        "elements": [
                            {
                                "type": "text",
                                "text": "#ifndef MYSQL_PORT\n# ifdef MARIADB_PORT\n#  define MYSQL_PORT MARIADB_PORT\n# else\n#  define MYSQL_PORT 3306\n# endif\n#endif"
                            }
                        ]
                    },
                    {
                        "type": "rich_text_section",
                        "elements": []
                    }
                ]
            }
        ]
    },
    {
        "client_msg_id": "496f19fc-1f3b-4a81-bfab-060195106313",
        "type": "message",
        "text": "Gracias, Antonio por lo menos ya brinco, ahoira ver los ejemplos... saludos",
        "user": "UJUSD6VB2",
        "ts": "1582833689.180100",
        "team": "TJH5YU202",
        "user_team": "TJH5YU202",
        "source_team": "TJH5YU202",
        "user_profile": {
            "avatar_hash": "g1677a02d0b6",
            "image_72": "https:\/\/secure.gravatar.com\/avatar\/bb1677a02d0b69ba91eb245090c7c83a.jpg?s=72&d=https%3A%2F%2Fa.slack-edge.com%2Fdf10d%2Fimg%2Favatars%2Fava_0015-72.png",
            "first_name": "",
            "real_name": "Osvaldo Ramirez",
            "display_name": "Osvaldo Ramirez",
            "team": "TJH5YU202",
            "name": "ramirezosvaldo",
            "is_restricted": false,
            "is_ultra_restricted": false
        },
        "blocks": [
            {
                "type": "rich_text",
                "block_id": "8SZ+",
                "elements": [
                    {
                        "type": "rich_text_section",
                        "elements": [
                            {
                                "type": "text",
                                "text": "Gracias, Antonio por lo menos ya brinco, ahoira ver los ejemplos... saludos"
                            }
                        ]
                    }
                ]
            }
        ]
    }
]