[
    {
        "client_msg_id": "7fbe1b30-d956-44b1-968f-6df674722234",
        "type": "message",
        "text": "buenos dias Antonio",
        "user": "UJXP7LS78",
        "ts": "1584861407.070700",
        "team": "TJH5YU202",
        "user_team": "TJH5YU202",
        "source_team": "TJH5YU202",
        "user_profile": {
            "avatar_hash": "gc4a0baebb72",
            "image_72": "https:\/\/secure.gravatar.com\/avatar\/a1c4a0baebb720b97e5a197259dbf409.jpg?s=72&d=https%3A%2F%2Fa.slack-edge.com%2Fdf10d%2Fimg%2Favatars%2Fava_0007-72.png",
            "first_name": "",
            "real_name": "wilson gamboa",
            "display_name": "wilson gamboa",
            "team": "TJH5YU202",
            "name": "wilson.josenet",
            "is_restricted": false,
            "is_ultra_restricted": false
        },
        "blocks": [
            {
                "type": "rich_text",
                "block_id": "aZx2d",
                "elements": [
                    {
                        "type": "rich_text_section",
                        "elements": [
                            {
                                "type": "text",
                                "text": "buenos dias Antonio"
                            }
                        ]
                    }
                ]
            }
        ]
    },
    {
        "client_msg_id": "9390d2b8-1df7-4fa9-9fdf-6cb24b4f23c6",
        "type": "message",
        "text": "a todos un feliz dia",
        "user": "UJXP7LS78",
        "ts": "1584861416.070900",
        "team": "TJH5YU202",
        "user_team": "TJH5YU202",
        "source_team": "TJH5YU202",
        "user_profile": {
            "avatar_hash": "gc4a0baebb72",
            "image_72": "https:\/\/secure.gravatar.com\/avatar\/a1c4a0baebb720b97e5a197259dbf409.jpg?s=72&d=https%3A%2F%2Fa.slack-edge.com%2Fdf10d%2Fimg%2Favatars%2Fava_0007-72.png",
            "first_name": "",
            "real_name": "wilson gamboa",
            "display_name": "wilson gamboa",
            "team": "TJH5YU202",
            "name": "wilson.josenet",
            "is_restricted": false,
            "is_ultra_restricted": false
        },
        "blocks": [
            {
                "type": "rich_text",
                "block_id": "WPW\/",
                "elements": [
                    {
                        "type": "rich_text_section",
                        "elements": [
                            {
                                "type": "text",
                                "text": "a todos un feliz dia"
                            }
                        ]
                    }
                ]
            }
        ]
    },
    {
        "client_msg_id": "e8ba62f7-fa7b-4ba5-8af5-16122333ea6f",
        "type": "message",
        "text": "gracias Wilson :+1:",
        "user": "UJN8D8U3B",
        "ts": "1584861785.071200",
        "team": "TJH5YU202",
        "user_team": "TJH5YU202",
        "source_team": "TJH5YU202",
        "user_profile": {
            "avatar_hash": "g92ad2abcc45",
            "image_72": "https:\/\/secure.gravatar.com\/avatar\/8492ad2abcc45ce53969adcf8420acde.jpg?s=72&d=https%3A%2F%2Fa.slack-edge.com%2Fdf10d%2Fimg%2Favatars%2Fava_0008-72.png",
            "first_name": "",
            "real_name": "Antonio Linares",
            "display_name": "Antonio Linares",
            "team": "TJH5YU202",
            "name": "alinares",
            "is_restricted": false,
            "is_ultra_restricted": false
        },
        "blocks": [
            {
                "type": "rich_text",
                "block_id": "qbTV",
                "elements": [
                    {
                        "type": "rich_text_section",
                        "elements": [
                            {
                                "type": "text",
                                "text": "gracias Wilson "
                            },
                            {
                                "type": "emoji",
                                "name": "+1"
                            }
                        ]
                    }
                ]
            }
        ]
    },
    {
        "client_msg_id": "516e257a-9f06-452f-b9f4-e5be7c0dffeb",
        "type": "message",
        "text": "Gracias por tu tremendo esfuerzo",
        "user": "UJULQCHL5",
        "ts": "1584865088.071300",
        "team": "TJH5YU202",
        "user_team": "TJH5YU202",
        "source_team": "TJH5YU202",
        "user_profile": {
            "avatar_hash": "g7659142325a",
            "image_72": "https:\/\/secure.gravatar.com\/avatar\/c87659142325a3facb661d85281ec091.jpg?s=72&d=https%3A%2F%2Fa.slack-edge.com%2Fdf10d%2Fimg%2Favatars%2Fava_0003-72.png",
            "first_name": "",
            "real_name": "Paquito",
            "display_name": "Paquito",
            "team": "TJH5YU202",
            "name": "hmpaquito",
            "is_restricted": false,
            "is_ultra_restricted": false
        },
        "blocks": [
            {
                "type": "rich_text",
                "block_id": "T5a",
                "elements": [
                    {
                        "type": "rich_text_section",
                        "elements": [
                            {
                                "type": "text",
                                "text": "Gracias por tu tremendo esfuerzo"
                            }
                        ]
                    }
                ]
            }
        ],
        "thread_ts": "1584792755.034100",
        "parent_user_id": "UJWR5N32S"
    },
    {
        "type": "message",
        "text": "Bd. compañeros.\nAlguien me puede decir de donde sale el caption 'read' del button indicado en la imagen ?",
        "files": [
            {
                "id": "F010HCRMU0G",
                "created": 1584870654,
                "timestamp": 1584870654,
                "name": "image.png",
                "title": "image.png",
                "mimetype": "image\/png",
                "filetype": "png",
                "pretty_type": "PNG",
                "user": "UJULQCHL5",
                "editable": false,
                "size": 386089,
                "mode": "hosted",
                "is_external": false,
                "external_type": "",
                "is_public": true,
                "public_url_shared": false,
                "display_as_bot": false,
                "username": "",
                "url_private": "https:\/\/files.slack.com\/files-pri\/TJH5YU202-F010HCRMU0G\/image.png?t=xoxe-629202954002-1115206499825-1101204359349-48e7ea248bf98b7fac300966398406ac",
                "url_private_download": "https:\/\/files.slack.com\/files-pri\/TJH5YU202-F010HCRMU0G\/download\/image.png?t=xoxe-629202954002-1115206499825-1101204359349-48e7ea248bf98b7fac300966398406ac",
                "thumb_64": "https:\/\/files.slack.com\/files-tmb\/TJH5YU202-F010HCRMU0G-00b9452c13\/image_64.png?t=xoxe-629202954002-1115206499825-1101204359349-48e7ea248bf98b7fac300966398406ac",
                "thumb_80": "https:\/\/files.slack.com\/files-tmb\/TJH5YU202-F010HCRMU0G-00b9452c13\/image_80.png?t=xoxe-629202954002-1115206499825-1101204359349-48e7ea248bf98b7fac300966398406ac",
                "thumb_360": "https:\/\/files.slack.com\/files-tmb\/TJH5YU202-F010HCRMU0G-00b9452c13\/image_360.png?t=xoxe-629202954002-1115206499825-1101204359349-48e7ea248bf98b7fac300966398406ac",
                "thumb_360_w": 360,
                "thumb_360_h": 214,
                "thumb_480": "https:\/\/files.slack.com\/files-tmb\/TJH5YU202-F010HCRMU0G-00b9452c13\/image_480.png?t=xoxe-629202954002-1115206499825-1101204359349-48e7ea248bf98b7fac300966398406ac",
                "thumb_480_w": 480,
                "thumb_480_h": 286,
                "thumb_160": "https:\/\/files.slack.com\/files-tmb\/TJH5YU202-F010HCRMU0G-00b9452c13\/image_160.png?t=xoxe-629202954002-1115206499825-1101204359349-48e7ea248bf98b7fac300966398406ac",
                "thumb_720": "https:\/\/files.slack.com\/files-tmb\/TJH5YU202-F010HCRMU0G-00b9452c13\/image_720.png?t=xoxe-629202954002-1115206499825-1101204359349-48e7ea248bf98b7fac300966398406ac",
                "thumb_720_w": 720,
                "thumb_720_h": 428,
                "thumb_800": "https:\/\/files.slack.com\/files-tmb\/TJH5YU202-F010HCRMU0G-00b9452c13\/image_800.png?t=xoxe-629202954002-1115206499825-1101204359349-48e7ea248bf98b7fac300966398406ac",
                "thumb_800_w": 800,
                "thumb_800_h": 476,
                "image_exif_rotation": 1,
                "original_w": 928,
                "original_h": 552,
                "thumb_tiny": "AwAcADC\/uUAZFIzjYxA5ApyAHmiUDyn\/AN00AZLX7nrHGcU03x7wxflVY9T9aTJ9KALX24\/88Yvyq3YzC5Z98aDaBjArJzWjpH35foKANMbgOP1psm7ynzj7pqQdBSOMow9RQBzhbBP1o3e1a39nQEZ+b86T+zoMfxfnQBkE5NaOj\/fl+gp89jDFCzruyPU1XtebmLgDBoA\/\/9k=",
                "permalink": "https:\/\/harbourproject.slack.com\/files\/UJULQCHL5\/F010HCRMU0G\/image.png",
                "permalink_public": "https:\/\/slack-files.com\/TJH5YU202-F010HCRMU0G-c4ee62fcce",
                "is_starred": false,
                "has_rich_preview": false
            }
        ],
        "upload": true,
        "blocks": [
            {
                "type": "rich_text",
                "block_id": "97LJ",
                "elements": [
                    {
                        "type": "rich_text_section",
                        "elements": [
                            {
                                "type": "text",
                                "text": "Bd. compañeros.\nAlguien me puede decir de donde sale el caption 'read' del button indicado en la imagen ?"
                            }
                        ]
                    }
                ]
            }
        ],
        "user": "UJULQCHL5",
        "display_as_bot": false,
        "ts": "1584870661.072200",
        "client_msg_id": "fb29c8fb-6cc9-4e38-96f4-bde21511538e"
    },
    {
        "client_msg_id": "0094ec5f-e87a-4b41-9069-9272852014a4",
        "type": "message",
        "text": "<@UJULQCHL5>\n```cHtml += '\t&lt;button type=\"submit\" name=\"recno\" value=\"' + ltrim(str( hData[ 'rows'][ nI ][ '_recno'] )) + '\"&gt;Read&lt;\/button&gt;'```",
        "user": "UNAHBRTFA",
        "ts": "1584871446.072600",
        "team": "TJH5YU202",
        "user_team": "TJH5YU202",
        "source_team": "TJH5YU202",
        "user_profile": {
            "avatar_hash": "g3d2a3f4c28c",
            "image_72": "https:\/\/secure.gravatar.com\/avatar\/23d2a3f4c28cebb4cf07e48d02620517.jpg?s=72&d=https%3A%2F%2Fa.slack-edge.com%2Fdf10d%2Fimg%2Favatars%2Fava_0020-72.png",
            "first_name": "Andreu",
            "real_name": "Andreu Botella",
            "display_name": "Andreu Botella",
            "team": "TJH5YU202",
            "name": "andreu.132",
            "is_restricted": false,
            "is_ultra_restricted": false
        },
        "blocks": [
            {
                "type": "rich_text",
                "block_id": "ngzPx",
                "elements": [
                    {
                        "type": "rich_text_section",
                        "elements": [
                            {
                                "type": "user",
                                "user_id": "UJULQCHL5"
                            },
                            {
                                "type": "text",
                                "text": "\n"
                            }
                        ]
                    },
                    {
                        "type": "rich_text_preformatted",
                        "elements": [
                            {
                                "type": "text",
                                "text": "cHtml += '\t<button type=\"submit\" name=\"recno\" value=\"' + ltrim(str( hData[ 'rows'][ nI ][ '_recno'] )) + '\">Read<\/button>'"
                            }
                        ]
                    }
                ]
            }
        ]
    },
    {
        "client_msg_id": "051eb912-148b-4f05-aee0-c1903a5feb71",
        "type": "message",
        "text": "<https:\/\/github.com\/carles9000\/hblog3\/blob\/master\/src\/view\/root.view#L19>",
        "user": "UNAHBRTFA",
        "ts": "1584871457.072800",
        "team": "TJH5YU202",
        "user_team": "TJH5YU202",
        "source_team": "TJH5YU202",
        "user_profile": {
            "avatar_hash": "g3d2a3f4c28c",
            "image_72": "https:\/\/secure.gravatar.com\/avatar\/23d2a3f4c28cebb4cf07e48d02620517.jpg?s=72&d=https%3A%2F%2Fa.slack-edge.com%2Fdf10d%2Fimg%2Favatars%2Fava_0020-72.png",
            "first_name": "Andreu",
            "real_name": "Andreu Botella",
            "display_name": "Andreu Botella",
            "team": "TJH5YU202",
            "name": "andreu.132",
            "is_restricted": false,
            "is_ultra_restricted": false
        },
        "attachments": [
            {
                "service_name": "GitHub",
                "title": "carles9000\/hblog3",
                "title_link": "https:\/\/github.com\/carles9000\/hblog3\/blob\/master\/src\/view\/root.view#L19",
                "text": "Taller mod harbour. Creacion de un blog via MVC con Mercury. Parte III - carles9000\/hblog3",
                "fallback": "GitHub: carles9000\/hblog3",
                "thumb_url": "https:\/\/avatars3.githubusercontent.com\/u\/13433884?s=400&v=4",
                "from_url": "https:\/\/github.com\/carles9000\/hblog3\/blob\/master\/src\/view\/root.view#L19",
                "thumb_width": 170,
                "thumb_height": 170,
                "service_icon": "https:\/\/a.slack-edge.com\/80588\/img\/unfurl_icons\/github.png",
                "id": 1,
                "original_url": "https:\/\/github.com\/carles9000\/hblog3\/blob\/master\/src\/view\/root.view#L19"
            }
        ],
        "blocks": [
            {
                "type": "rich_text",
                "block_id": "Y4Iy9",
                "elements": [
                    {
                        "type": "rich_text_section",
                        "elements": [
                            {
                                "type": "link",
                                "url": "https:\/\/github.com\/carles9000\/hblog3\/blob\/master\/src\/view\/root.view#L19"
                            }
                        ]
                    }
                ]
            }
        ]
    },
    {
        "client_msg_id": "eb624960-eda6-4c73-a93d-fc1ebb329f62",
        "type": "message",
        "text": "ayyy  que no vi la parte finall.",
        "user": "UJULQCHL5",
        "ts": "1584871585.073400",
        "team": "TJH5YU202",
        "user_team": "TJH5YU202",
        "source_team": "TJH5YU202",
        "user_profile": {
            "avatar_hash": "g7659142325a",
            "image_72": "https:\/\/secure.gravatar.com\/avatar\/c87659142325a3facb661d85281ec091.jpg?s=72&d=https%3A%2F%2Fa.slack-edge.com%2Fdf10d%2Fimg%2Favatars%2Fava_0003-72.png",
            "first_name": "",
            "real_name": "Paquito",
            "display_name": "Paquito",
            "team": "TJH5YU202",
            "name": "hmpaquito",
            "is_restricted": false,
            "is_ultra_restricted": false
        },
        "blocks": [
            {
                "type": "rich_text",
                "block_id": "g3qUX",
                "elements": [
                    {
                        "type": "rich_text_section",
                        "elements": [
                            {
                                "type": "text",
                                "text": "ayyy  que no vi la parte finall."
                            }
                        ]
                    }
                ]
            }
        ]
    },
    {
        "client_msg_id": "bf6911f2-cb29-4638-8aae-8f0a6b769c8b",
        "type": "message",
        "text": "Gracias master",
        "user": "UJULQCHL5",
        "ts": "1584871589.073600",
        "team": "TJH5YU202",
        "user_team": "TJH5YU202",
        "source_team": "TJH5YU202",
        "user_profile": {
            "avatar_hash": "g7659142325a",
            "image_72": "https:\/\/secure.gravatar.com\/avatar\/c87659142325a3facb661d85281ec091.jpg?s=72&d=https%3A%2F%2Fa.slack-edge.com%2Fdf10d%2Fimg%2Favatars%2Fava_0003-72.png",
            "first_name": "",
            "real_name": "Paquito",
            "display_name": "Paquito",
            "team": "TJH5YU202",
            "name": "hmpaquito",
            "is_restricted": false,
            "is_ultra_restricted": false
        },
        "blocks": [
            {
                "type": "rich_text",
                "block_id": "idArW",
                "elements": [
                    {
                        "type": "rich_text_section",
                        "elements": [
                            {
                                "type": "text",
                                "text": "Gracias master"
                            }
                        ]
                    }
                ]
            }
        ]
    },
    {
        "client_msg_id": "a7e22227-f441-4767-a145-d048c1760444",
        "type": "message",
        "text": "Por cierto, en la charla del viernes comenté que Chrome no actualizaba la página antes de hacer `alert()`, y algunos comentasteis que era porque Chrome no seguía los estándares tanto como Firefox.",
        "user": "UNAHBRTFA",
        "ts": "1584876883.074800",
        "team": "TJH5YU202",
        "user_team": "TJH5YU202",
        "source_team": "TJH5YU202",
        "user_profile": {
            "avatar_hash": "g3d2a3f4c28c",
            "image_72": "https:\/\/secure.gravatar.com\/avatar\/23d2a3f4c28cebb4cf07e48d02620517.jpg?s=72&d=https%3A%2F%2Fa.slack-edge.com%2Fdf10d%2Fimg%2Favatars%2Fava_0020-72.png",
            "first_name": "Andreu",
            "real_name": "Andreu Botella",
            "display_name": "Andreu Botella",
            "team": "TJH5YU202",
            "name": "andreu.132",
            "is_restricted": false,
            "is_ultra_restricted": false
        },
        "blocks": [
            {
                "type": "rich_text",
                "block_id": "=KQEM",
                "elements": [
                    {
                        "type": "rich_text_section",
                        "elements": [
                            {
                                "type": "text",
                                "text": "Por cierto, en la charla del viernes comenté que Chrome no actualizaba la página antes de hacer "
                            },
                            {
                                "type": "text",
                                "text": "alert()",
                                "style": {
                                    "code": true
                                }
                            },
                            {
                                "type": "text",
                                "text": ", y algunos comentasteis que era porque Chrome no seguía los estándares tanto como Firefox."
                            }
                        ]
                    }
                ]
            }
        ]
    },
    {
        "type": "message",
        "text": "",
        "files": [
            {
                "id": "F0104LQEYEN",
                "created": 1584876910,
                "timestamp": 1584876910,
                "name": "image.png",
                "title": "image.png",
                "mimetype": "image\/png",
                "filetype": "png",
                "pretty_type": "PNG",
                "user": "UNAHBRTFA",
                "editable": false,
                "size": 28543,
                "mode": "hosted",
                "is_external": false,
                "external_type": "",
                "is_public": true,
                "public_url_shared": false,
                "display_as_bot": false,
                "username": "",
                "url_private": "https:\/\/files.slack.com\/files-pri\/TJH5YU202-F0104LQEYEN\/image.png?t=xoxe-629202954002-1115206499825-1101204359349-48e7ea248bf98b7fac300966398406ac",
                "url_private_download": "https:\/\/files.slack.com\/files-pri\/TJH5YU202-F0104LQEYEN\/download\/image.png?t=xoxe-629202954002-1115206499825-1101204359349-48e7ea248bf98b7fac300966398406ac",
                "thumb_64": "https:\/\/files.slack.com\/files-tmb\/TJH5YU202-F0104LQEYEN-832717a3cf\/image_64.png?t=xoxe-629202954002-1115206499825-1101204359349-48e7ea248bf98b7fac300966398406ac",
                "thumb_80": "https:\/\/files.slack.com\/files-tmb\/TJH5YU202-F0104LQEYEN-832717a3cf\/image_80.png?t=xoxe-629202954002-1115206499825-1101204359349-48e7ea248bf98b7fac300966398406ac",
                "thumb_360": "https:\/\/files.slack.com\/files-tmb\/TJH5YU202-F0104LQEYEN-832717a3cf\/image_360.png?t=xoxe-629202954002-1115206499825-1101204359349-48e7ea248bf98b7fac300966398406ac",
                "thumb_360_w": 360,
                "thumb_360_h": 27,
                "thumb_480": "https:\/\/files.slack.com\/files-tmb\/TJH5YU202-F0104LQEYEN-832717a3cf\/image_480.png?t=xoxe-629202954002-1115206499825-1101204359349-48e7ea248bf98b7fac300966398406ac",
                "thumb_480_w": 480,
                "thumb_480_h": 36,
                "thumb_160": "https:\/\/files.slack.com\/files-tmb\/TJH5YU202-F0104LQEYEN-832717a3cf\/image_160.png?t=xoxe-629202954002-1115206499825-1101204359349-48e7ea248bf98b7fac300966398406ac",
                "thumb_720": "https:\/\/files.slack.com\/files-tmb\/TJH5YU202-F0104LQEYEN-832717a3cf\/image_720.png?t=xoxe-629202954002-1115206499825-1101204359349-48e7ea248bf98b7fac300966398406ac",
                "thumb_720_w": 720,
                "thumb_720_h": 53,
                "thumb_800": "https:\/\/files.slack.com\/files-tmb\/TJH5YU202-F0104LQEYEN-832717a3cf\/image_800.png?t=xoxe-629202954002-1115206499825-1101204359349-48e7ea248bf98b7fac300966398406ac",
                "thumb_800_w": 800,
                "thumb_800_h": 59,
                "thumb_960": "https:\/\/files.slack.com\/files-tmb\/TJH5YU202-F0104LQEYEN-832717a3cf\/image_960.png?t=xoxe-629202954002-1115206499825-1101204359349-48e7ea248bf98b7fac300966398406ac",
                "thumb_960_w": 960,
                "thumb_960_h": 71,
                "thumb_1024": "https:\/\/files.slack.com\/files-tmb\/TJH5YU202-F0104LQEYEN-832717a3cf\/image_1024.png?t=xoxe-629202954002-1115206499825-1101204359349-48e7ea248bf98b7fac300966398406ac",
                "thumb_1024_w": 1024,
                "thumb_1024_h": 76,
                "image_exif_rotation": 1,
                "original_w": 1284,
                "original_h": 95,
                "thumb_tiny": "AwADADDQI56UdKD1NJQAoNGaB0pKAHLyadgU1etOoA\/\/2Q==",
                "permalink": "https:\/\/harbourproject.slack.com\/files\/UNAHBRTFA\/F0104LQEYEN\/image.png",
                "permalink_public": "https:\/\/slack-files.com\/TJH5YU202-F0104LQEYEN-050d0d1c66",
                "is_starred": false,
                "has_rich_preview": false
            }
        ],
        "upload": true,
        "user": "UNAHBRTFA",
        "display_as_bot": false,
        "ts": "1584876915.075200",
        "client_msg_id": "ec358d0e-5fec-4393-a15e-219445820d19"
    },
    {
        "client_msg_id": "9b883f5b-0958-4609-a767-b2be08e254e1",
        "type": "message",
        "text": "Se podría decir que no es estrictamente necesario actualizar la pantalla antes de hacer `alert()`, excepto para mostrar el diálogo, así que ninguno de los dos navegadores está incumpliendo el estándar aquí.",
        "user": "UNAHBRTFA",
        "ts": "1584876975.076700",
        "team": "TJH5YU202",
        "user_team": "TJH5YU202",
        "source_team": "TJH5YU202",
        "user_profile": {
            "avatar_hash": "g3d2a3f4c28c",
            "image_72": "https:\/\/secure.gravatar.com\/avatar\/23d2a3f4c28cebb4cf07e48d02620517.jpg?s=72&d=https%3A%2F%2Fa.slack-edge.com%2Fdf10d%2Fimg%2Favatars%2Fava_0020-72.png",
            "first_name": "Andreu",
            "real_name": "Andreu Botella",
            "display_name": "Andreu Botella",
            "team": "TJH5YU202",
            "name": "andreu.132",
            "is_restricted": false,
            "is_ultra_restricted": false
        },
        "blocks": [
            {
                "type": "rich_text",
                "block_id": "ab5XR",
                "elements": [
                    {
                        "type": "rich_text_section",
                        "elements": [
                            {
                                "type": "text",
                                "text": "Se podría decir que no es estrictamente necesario actualizar la pantalla antes de hacer "
                            },
                            {
                                "type": "text",
                                "text": "alert()",
                                "style": {
                                    "code": true
                                }
                            },
                            {
                                "type": "text",
                                "text": ", excepto para mostrar el diálogo, así que ninguno de los dos navegadores está incumpliendo el estándar aquí."
                            }
                        ]
                    }
                ]
            }
        ]
    },
    {
        "client_msg_id": "cfaecd36-123a-4e2b-a4ec-b00a36499163",
        "type": "message",
        "text": "Además, las reglas sobre cuándo se tiene que actualizar la pantalla en respuesta a cambios del DOM dejan muchas cosas a decisión de la implementación, mientras la diferencia sea de menos de un fotograma (a 60 Hz, si el sistema sigue ese frame rate).",
        "user": "UNAHBRTFA",
        "ts": "1584877095.078100",
        "team": "TJH5YU202",
        "user_team": "TJH5YU202",
        "source_team": "TJH5YU202",
        "user_profile": {
            "avatar_hash": "g3d2a3f4c28c",
            "image_72": "https:\/\/secure.gravatar.com\/avatar\/23d2a3f4c28cebb4cf07e48d02620517.jpg?s=72&d=https%3A%2F%2Fa.slack-edge.com%2Fdf10d%2Fimg%2Favatars%2Fava_0020-72.png",
            "first_name": "Andreu",
            "real_name": "Andreu Botella",
            "display_name": "Andreu Botella",
            "team": "TJH5YU202",
            "name": "andreu.132",
            "is_restricted": false,
            "is_ultra_restricted": false
        },
        "blocks": [
            {
                "type": "rich_text",
                "block_id": "V6YiT",
                "elements": [
                    {
                        "type": "rich_text_section",
                        "elements": [
                            {
                                "type": "text",
                                "text": "Además, las reglas sobre cuándo se tiene que actualizar la pantalla en respuesta a cambios del DOM dejan muchas cosas a decisión de la implementación, mientras la diferencia sea de menos de un fotograma (a 60 Hz, si el sistema sigue ese frame rate)."
                            }
                        ]
                    }
                ]
            }
        ]
    },
    {
        "client_msg_id": "8c174326-64dd-4800-93ea-e7ff5aa2360b",
        "type": "message",
        "text": "ya esta actualizado mi codigo con el maquetado y los cambios de Charly de la ultima sesion",
        "user": "UJXP7LS78",
        "ts": "1584908024.079100",
        "team": "TJH5YU202",
        "user_team": "TJH5YU202",
        "source_team": "TJH5YU202",
        "user_profile": {
            "avatar_hash": "gc4a0baebb72",
            "image_72": "https:\/\/secure.gravatar.com\/avatar\/a1c4a0baebb720b97e5a197259dbf409.jpg?s=72&d=https%3A%2F%2Fa.slack-edge.com%2Fdf10d%2Fimg%2Favatars%2Fava_0007-72.png",
            "first_name": "",
            "real_name": "wilson gamboa",
            "display_name": "wilson gamboa",
            "team": "TJH5YU202",
            "name": "wilson.josenet",
            "is_restricted": false,
            "is_ultra_restricted": false
        },
        "blocks": [
            {
                "type": "rich_text",
                "block_id": "8bJDw",
                "elements": [
                    {
                        "type": "rich_text_section",
                        "elements": [
                            {
                                "type": "text",
                                "text": "ya esta actualizado mi codigo con el maquetado y los cambios de Charly de la ultima sesion"
                            }
                        ]
                    }
                ]
            }
        ]
    },
    {
        "type": "message",
        "text": "",
        "files": [
            {
                "id": "F0107N9M0KB",
                "created": 1584908052,
                "timestamp": 1584908052,
                "name": "hblog.zip",
                "title": "hblog.zip",
                "mimetype": "application\/zip",
                "filetype": "zip",
                "pretty_type": "Zip",
                "user": "UJXP7LS78",
                "editable": false,
                "size": 2313624,
                "mode": "hosted",
                "is_external": false,
                "external_type": "",
                "is_public": true,
                "public_url_shared": false,
                "display_as_bot": false,
                "username": "",
                "url_private": "https:\/\/files.slack.com\/files-pri\/TJH5YU202-F0107N9M0KB\/hblog.zip?t=xoxe-629202954002-1115206499825-1101204359349-48e7ea248bf98b7fac300966398406ac",
                "url_private_download": "https:\/\/files.slack.com\/files-pri\/TJH5YU202-F0107N9M0KB\/download\/hblog.zip?t=xoxe-629202954002-1115206499825-1101204359349-48e7ea248bf98b7fac300966398406ac",
                "permalink": "https:\/\/harbourproject.slack.com\/files\/UJXP7LS78\/F0107N9M0KB\/hblog.zip",
                "permalink_public": "https:\/\/slack-files.com\/TJH5YU202-F0107N9M0KB-91855037bc",
                "is_starred": false,
                "has_rich_preview": false
            }
        ],
        "upload": true,
        "user": "UJXP7LS78",
        "display_as_bot": false,
        "ts": "1584908055.079200",
        "client_msg_id": "cabf79a9-ef97-43a8-95d3-eb1e29db0a1a"
    },
    {
        "client_msg_id": "a9dbafb7-2854-46ef-9cff-52c4178673e4",
        "type": "message",
        "text": "gracias Charly",
        "user": "UJXP7LS78",
        "ts": "1584908067.079600",
        "team": "TJH5YU202",
        "user_team": "TJH5YU202",
        "source_team": "TJH5YU202",
        "user_profile": {
            "avatar_hash": "gc4a0baebb72",
            "image_72": "https:\/\/secure.gravatar.com\/avatar\/a1c4a0baebb720b97e5a197259dbf409.jpg?s=72&d=https%3A%2F%2Fa.slack-edge.com%2Fdf10d%2Fimg%2Favatars%2Fava_0007-72.png",
            "first_name": "",
            "real_name": "wilson gamboa",
            "display_name": "wilson gamboa",
            "team": "TJH5YU202",
            "name": "wilson.josenet",
            "is_restricted": false,
            "is_ultra_restricted": false
        },
        "blocks": [
            {
                "type": "rich_text",
                "block_id": "GqR",
                "elements": [
                    {
                        "type": "rich_text_section",
                        "elements": [
                            {
                                "type": "text",
                                "text": "gracias Charly"
                            }
                        ]
                    }
                ]
            }
        ]
    },
    {
        "client_msg_id": "725a9173-9229-4757-8993-a8edcb84c688",
        "type": "message",
        "text": "y verlo en accion aca",
        "user": "UJXP7LS78",
        "ts": "1584911631.079800",
        "team": "TJH5YU202",
        "user_team": "TJH5YU202",
        "source_team": "TJH5YU202",
        "user_profile": {
            "avatar_hash": "gc4a0baebb72",
            "image_72": "https:\/\/secure.gravatar.com\/avatar\/a1c4a0baebb720b97e5a197259dbf409.jpg?s=72&d=https%3A%2F%2Fa.slack-edge.com%2Fdf10d%2Fimg%2Favatars%2Fava_0007-72.png",
            "first_name": "",
            "real_name": "wilson gamboa",
            "display_name": "wilson gamboa",
            "team": "TJH5YU202",
            "name": "wilson.josenet",
            "is_restricted": false,
            "is_ultra_restricted": false
        },
        "blocks": [
            {
                "type": "rich_text",
                "block_id": "Rtto",
                "elements": [
                    {
                        "type": "rich_text_section",
                        "elements": [
                            {
                                "type": "text",
                                "text": "y verlo en accion aca"
                            }
                        ]
                    }
                ]
            }
        ],
        "reactions": [
            {
                "name": "ok_hand",
                "users": [
                    "UM81W8B0Q"
                ],
                "count": 1
            }
        ]
    },
    {
        "client_msg_id": "8c9d998d-e05b-450d-9270-e9eb512e2f77",
        "type": "message",
        "text": "<http:\/\/54.37.60.38\/hblog>",
        "user": "UJXP7LS78",
        "ts": "1584911636.080000",
        "team": "TJH5YU202",
        "user_team": "TJH5YU202",
        "source_team": "TJH5YU202",
        "user_profile": {
            "avatar_hash": "gc4a0baebb72",
            "image_72": "https:\/\/secure.gravatar.com\/avatar\/a1c4a0baebb720b97e5a197259dbf409.jpg?s=72&d=https%3A%2F%2Fa.slack-edge.com%2Fdf10d%2Fimg%2Favatars%2Fava_0007-72.png",
            "first_name": "",
            "real_name": "wilson gamboa",
            "display_name": "wilson gamboa",
            "team": "TJH5YU202",
            "name": "wilson.josenet",
            "is_restricted": false,
            "is_ultra_restricted": false
        },
        "blocks": [
            {
                "type": "rich_text",
                "block_id": "cQNn",
                "elements": [
                    {
                        "type": "rich_text_section",
                        "elements": [
                            {
                                "type": "link",
                                "url": "http:\/\/54.37.60.38\/hblog"
                            }
                        ]
                    }
                ]
            }
        ]
    },
    {
        "client_msg_id": "71ff2a40-1dcc-4580-bfa7-d75023ea1d26",
        "type": "message",
        "text": "En un smartphone el btn read se ve muy pequeño",
        "user": "UK28N3CER",
        "ts": "1584912084.081400",
        "team": "TJH5YU202",
        "user_team": "TJH5YU202",
        "source_team": "TJH5YU202",
        "user_profile": {
            "avatar_hash": "bf50b53e78b3",
            "image_72": "https:\/\/avatars.slack-edge.com\/2020-04-13\/1058586385811_bf50b53e78b35822be35_72.png",
            "first_name": "Cesar",
            "real_name": "Cesar SysCtrl Software",
            "display_name": "Cesar SysCtrl Software",
            "team": "TJH5YU202",
            "name": "sysctrlsoftware",
            "is_restricted": false,
            "is_ultra_restricted": false
        },
        "blocks": [
            {
                "type": "rich_text",
                "block_id": "e4l",
                "elements": [
                    {
                        "type": "rich_text_section",
                        "elements": [
                            {
                                "type": "text",
                                "text": "En un smartphone el btn read se ve muy pequeño"
                            }
                        ]
                    }
                ]
            }
        ]
    },
    {
        "client_msg_id": "8d448736-19dd-44d6-9a59-2e547633de63",
        "type": "message",
        "text": "<@UK28N3CER> ahí es donde entra a jugar el css  junto con una cosa que se llama media que viene siendo el tamaño de pantalla o si por ejemplo es para imprimir. Los frameworks como bootstrap  cambian el tamaño dependiendo del tamaño de la ventana, pero no te preocupes que ya llegaremos a eso :slightly_smiling_face:",
        "user": "UMZ3LNV5Z",
        "ts": "1584912490.083900",
        "team": "TJH5YU202",
        "user_team": "TJH5YU202",
        "source_team": "TJH5YU202",
        "user_profile": {
            "avatar_hash": "0705cbdb2dc9",
            "image_72": "https:\/\/avatars.slack-edge.com\/2020-02-24\/967980533062_0705cbdb2dc9cb3644bb_72.jpg",
            "first_name": "Pablo",
            "real_name": "Pablo Botella",
            "display_name": "Pablo Botella",
            "team": "TJH5YU202",
            "name": "pb",
            "is_restricted": false,
            "is_ultra_restricted": false
        },
        "blocks": [
            {
                "type": "rich_text",
                "block_id": "YCRk",
                "elements": [
                    {
                        "type": "rich_text_section",
                        "elements": [
                            {
                                "type": "user",
                                "user_id": "UK28N3CER"
                            },
                            {
                                "type": "text",
                                "text": " ahí es donde entra a jugar el css  junto con una cosa que se llama media que viene siendo el tamaño de pantalla o si por ejemplo es para imprimir. Los frameworks como bootstrap  cambian el tamaño dependiendo del tamaño de la ventana, pero no te preocupes que ya llegaremos a eso "
                            },
                            {
                                "type": "emoji",
                                "name": "slightly_smiling_face"
                            }
                        ]
                    }
                ]
            }
        ]
    },
    {
        "client_msg_id": "10f94ee8-b587-4a0a-a5e6-ca3cfeefada4",
        "type": "message",
        "text": "el término común es \"media queries\"",
        "user": "UNAHBRTFA",
        "ts": "1584912528.084500",
        "team": "TJH5YU202",
        "user_team": "TJH5YU202",
        "source_team": "TJH5YU202",
        "user_profile": {
            "avatar_hash": "g3d2a3f4c28c",
            "image_72": "https:\/\/secure.gravatar.com\/avatar\/23d2a3f4c28cebb4cf07e48d02620517.jpg?s=72&d=https%3A%2F%2Fa.slack-edge.com%2Fdf10d%2Fimg%2Favatars%2Fava_0020-72.png",
            "first_name": "Andreu",
            "real_name": "Andreu Botella",
            "display_name": "Andreu Botella",
            "team": "TJH5YU202",
            "name": "andreu.132",
            "is_restricted": false,
            "is_ultra_restricted": false
        },
        "blocks": [
            {
                "type": "rich_text",
                "block_id": "uBx",
                "elements": [
                    {
                        "type": "rich_text_section",
                        "elements": [
                            {
                                "type": "text",
                                "text": "el término común es \"media queries\""
                            }
                        ]
                    }
                ]
            }
        ]
    },
    {
        "client_msg_id": "31feeaf1-a9ba-4987-8cd7-28674acdf4fa",
        "type": "message",
        "text": "y si no quieres medias se te enfrian los pies",
        "user": "UM81W8B0Q",
        "ts": "1584912589.085600",
        "team": "TJH5YU202",
        "user_team": "TJH5YU202",
        "source_team": "TJH5YU202",
        "user_profile": {
            "avatar_hash": "gab9279ee8c0",
            "image_72": "https:\/\/secure.gravatar.com\/avatar\/73ab9279ee8c00f66ce4904d30146c8f.jpg?s=72&d=https%3A%2F%2Fa.slack-edge.com%2Fdf10d%2Fimg%2Favatars%2Fava_0010-72.png",
            "first_name": "",
            "real_name": "Angel Pais",
            "display_name": "Angel Pais",
            "team": "TJH5YU202",
            "name": "amigosam",
            "is_restricted": false,
            "is_ultra_restricted": false
        },
        "blocks": [
            {
                "type": "rich_text",
                "block_id": "USio+",
                "elements": [
                    {
                        "type": "rich_text_section",
                        "elements": [
                            {
                                "type": "text",
                                "text": "y si no quieres medias se te enfrian los pies"
                            }
                        ]
                    }
                ]
            }
        ]
    },
    {
        "type": "message",
        "text": "<@UJXP7LS78>  te está sacando un cacho al principio que no debería estar ahí",
        "files": [
            {
                "id": "F010HRCD57A",
                "created": 1584912598,
                "timestamp": 1584912598,
                "name": "image.png",
                "title": "image.png",
                "mimetype": "image\/png",
                "filetype": "png",
                "pretty_type": "PNG",
                "user": "UMZ3LNV5Z",
                "editable": false,
                "size": 62784,
                "mode": "hosted",
                "is_external": false,
                "external_type": "",
                "is_public": true,
                "public_url_shared": false,
                "display_as_bot": false,
                "username": "",
                "url_private": "https:\/\/files.slack.com\/files-pri\/TJH5YU202-F010HRCD57A\/image.png?t=xoxe-629202954002-1115206499825-1101204359349-48e7ea248bf98b7fac300966398406ac",
                "url_private_download": "https:\/\/files.slack.com\/files-pri\/TJH5YU202-F010HRCD57A\/download\/image.png?t=xoxe-629202954002-1115206499825-1101204359349-48e7ea248bf98b7fac300966398406ac",
                "thumb_64": "https:\/\/files.slack.com\/files-tmb\/TJH5YU202-F010HRCD57A-2a77eacbef\/image_64.png?t=xoxe-629202954002-1115206499825-1101204359349-48e7ea248bf98b7fac300966398406ac",
                "thumb_80": "https:\/\/files.slack.com\/files-tmb\/TJH5YU202-F010HRCD57A-2a77eacbef\/image_80.png?t=xoxe-629202954002-1115206499825-1101204359349-48e7ea248bf98b7fac300966398406ac",
                "thumb_360": "https:\/\/files.slack.com\/files-tmb\/TJH5YU202-F010HRCD57A-2a77eacbef\/image_360.png?t=xoxe-629202954002-1115206499825-1101204359349-48e7ea248bf98b7fac300966398406ac",
                "thumb_360_w": 360,
                "thumb_360_h": 140,
                "thumb_480": "https:\/\/files.slack.com\/files-tmb\/TJH5YU202-F010HRCD57A-2a77eacbef\/image_480.png?t=xoxe-629202954002-1115206499825-1101204359349-48e7ea248bf98b7fac300966398406ac",
                "thumb_480_w": 480,
                "thumb_480_h": 186,
                "thumb_160": "https:\/\/files.slack.com\/files-tmb\/TJH5YU202-F010HRCD57A-2a77eacbef\/image_160.png?t=xoxe-629202954002-1115206499825-1101204359349-48e7ea248bf98b7fac300966398406ac",
                "thumb_720": "https:\/\/files.slack.com\/files-tmb\/TJH5YU202-F010HRCD57A-2a77eacbef\/image_720.png?t=xoxe-629202954002-1115206499825-1101204359349-48e7ea248bf98b7fac300966398406ac",
                "thumb_720_w": 720,
                "thumb_720_h": 279,
                "thumb_800": "https:\/\/files.slack.com\/files-tmb\/TJH5YU202-F010HRCD57A-2a77eacbef\/image_800.png?t=xoxe-629202954002-1115206499825-1101204359349-48e7ea248bf98b7fac300966398406ac",
                "thumb_800_w": 800,
                "thumb_800_h": 310,
                "image_exif_rotation": 1,
                "original_w": 954,
                "original_h": 370,
                "thumb_tiny": "AwASADC+Cx6AcelIy7\/vKD9aYCVJwOtLvegBfKQdUX8qXyoz\/Av5UqEsPmp2KdwsM8iP+4v5UvkRf3F\/KnnpQPpRcLFYnk0maD1NFICaL7p+tPpkP3T9afQAvalHSk7Uo6UAf\/\/Z",
                "permalink": "https:\/\/harbourproject.slack.com\/files\/UMZ3LNV5Z\/F010HRCD57A\/image.png",
                "permalink_public": "https:\/\/slack-files.com\/TJH5YU202-F010HRCD57A-cf67ed6192",
                "is_starred": false,
                "has_rich_preview": false
            }
        ],
        "upload": true,
        "blocks": [
            {
                "type": "rich_text",
                "block_id": "f84",
                "elements": [
                    {
                        "type": "rich_text_section",
                        "elements": [
                            {
                                "type": "user",
                                "user_id": "UJXP7LS78"
                            },
                            {
                                "type": "text",
                                "text": "  te está sacando un cacho al principio que no debería estar ahí"
                            }
                        ]
                    }
                ]
            }
        ],
        "user": "UMZ3LNV5Z",
        "display_as_bot": false,
        "ts": "1584912601.086000",
        "client_msg_id": "1cf24aed-c616-4372-99b5-55ca2de78eb8"
    },
    {
        "client_msg_id": "f26535ce-02a0-4e84-b7a2-697b9ce25cdb",
        "type": "message",
        "text": "Si eso nos falta que la pagina se vea birn en pcs, tables o teléfono :iphone:",
        "user": "UK28N3CER",
        "ts": "1584912612.086600",
        "team": "TJH5YU202",
        "user_team": "TJH5YU202",
        "source_team": "TJH5YU202",
        "user_profile": {
            "avatar_hash": "bf50b53e78b3",
            "image_72": "https:\/\/avatars.slack-edge.com\/2020-04-13\/1058586385811_bf50b53e78b35822be35_72.png",
            "first_name": "Cesar",
            "real_name": "Cesar SysCtrl Software",
            "display_name": "Cesar SysCtrl Software",
            "team": "TJH5YU202",
            "name": "sysctrlsoftware",
            "is_restricted": false,
            "is_ultra_restricted": false
        },
        "blocks": [
            {
                "type": "rich_text",
                "block_id": "mASm7",
                "elements": [
                    {
                        "type": "rich_text_section",
                        "elements": [
                            {
                                "type": "text",
                                "text": "Si eso nos falta que la pagina se vea birn en pcs, tables o teléfono "
                            },
                            {
                                "type": "emoji",
                                "name": "iphone"
                            }
                        ]
                    }
                ]
            }
        ]
    },
    {
        "client_msg_id": "451404a4-7504-458b-b45a-e9e124b931bf",
        "type": "message",
        "text": "<@UK28N3CER> Está claro, solo que si montas a un bebé que aún no sabe andar en una bicicleta se puede pegar un piñote de cuidado, nosotros estamos dando los primeros pasitos, no tengas prisa en agarrar la bicicleta",
        "user": "UMZ3LNV5Z",
        "ts": "1584912724.087700",
        "team": "TJH5YU202",
        "user_team": "TJH5YU202",
        "source_team": "TJH5YU202",
        "user_profile": {
            "avatar_hash": "0705cbdb2dc9",
            "image_72": "https:\/\/avatars.slack-edge.com\/2020-02-24\/967980533062_0705cbdb2dc9cb3644bb_72.jpg",
            "first_name": "Pablo",
            "real_name": "Pablo Botella",
            "display_name": "Pablo Botella",
            "team": "TJH5YU202",
            "name": "pb",
            "is_restricted": false,
            "is_ultra_restricted": false
        },
        "blocks": [
            {
                "type": "rich_text",
                "block_id": "b=3",
                "elements": [
                    {
                        "type": "rich_text_section",
                        "elements": [
                            {
                                "type": "user",
                                "user_id": "UK28N3CER"
                            },
                            {
                                "type": "text",
                                "text": " Está claro, solo que si montas a un bebé que aún no sabe andar en una bicicleta se puede pegar un piñote de cuidado, nosotros estamos dando los primeros pasitos, no tengas prisa en agarrar la bicicleta"
                            }
                        ]
                    }
                ]
            }
        ]
    },
    {
        "client_msg_id": "6f27a4e3-97f7-40e2-b87e-8f2f17a6e2bd",
        "type": "message",
        "text": "Ya ni me gasto en explicarlo <@UMZ3LNV5Z>",
        "user": "UM81W8B0Q",
        "ts": "1584912804.088200",
        "team": "TJH5YU202",
        "user_team": "TJH5YU202",
        "source_team": "TJH5YU202",
        "user_profile": {
            "avatar_hash": "gab9279ee8c0",
            "image_72": "https:\/\/secure.gravatar.com\/avatar\/73ab9279ee8c00f66ce4904d30146c8f.jpg?s=72&d=https%3A%2F%2Fa.slack-edge.com%2Fdf10d%2Fimg%2Favatars%2Fava_0010-72.png",
            "first_name": "",
            "real_name": "Angel Pais",
            "display_name": "Angel Pais",
            "team": "TJH5YU202",
            "name": "amigosam",
            "is_restricted": false,
            "is_ultra_restricted": false
        },
        "blocks": [
            {
                "type": "rich_text",
                "block_id": "Gha",
                "elements": [
                    {
                        "type": "rich_text_section",
                        "elements": [
                            {
                                "type": "text",
                                "text": "Ya ni me gasto en explicarlo "
                            },
                            {
                                "type": "user",
                                "user_id": "UMZ3LNV5Z"
                            }
                        ]
                    }
                ]
            }
        ],
        "thread_ts": "1584912804.088200",
        "reply_count": 4,
        "reply_users_count": 2,
        "latest_reply": "1584913070.091300",
        "reply_users": [
            "UMZ3LNV5Z",
            "UM81W8B0Q"
        ],
        "replies": [
            {
                "user": "UMZ3LNV5Z",
                "ts": "1584912886.088500"
            },
            {
                "user": "UM81W8B0Q",
                "ts": "1584912925.089700"
            },
            {
                "user": "UMZ3LNV5Z",
                "ts": "1584913048.090800"
            },
            {
                "user": "UM81W8B0Q",
                "ts": "1584913070.091300"
            }
        ],
        "subscribed": false
    },
    {
        "client_msg_id": "aaf3afe6-708d-4ac6-ae77-6929af908272",
        "type": "message",
        "text": "me perdí. hoy ando un poco tarugo",
        "user": "UMZ3LNV5Z",
        "ts": "1584912886.088500",
        "team": "TJH5YU202",
        "user_team": "TJH5YU202",
        "source_team": "TJH5YU202",
        "user_profile": {
            "avatar_hash": "0705cbdb2dc9",
            "image_72": "https:\/\/avatars.slack-edge.com\/2020-02-24\/967980533062_0705cbdb2dc9cb3644bb_72.jpg",
            "first_name": "Pablo",
            "real_name": "Pablo Botella",
            "display_name": "Pablo Botella",
            "team": "TJH5YU202",
            "name": "pb",
            "is_restricted": false,
            "is_ultra_restricted": false
        },
        "edited": {
            "user": "UMZ3LNV5Z",
            "ts": "1584912909.000000"
        },
        "blocks": [
            {
                "type": "rich_text",
                "block_id": "LxPoT",
                "elements": [
                    {
                        "type": "rich_text_section",
                        "elements": [
                            {
                                "type": "text",
                                "text": "me perdí. hoy ando un poco tarugo"
                            }
                        ]
                    }
                ]
            }
        ],
        "thread_ts": "1584912804.088200",
        "parent_user_id": "UM81W8B0Q"
    },
    {
        "client_msg_id": "13690687-04aa-4bd7-8efa-4a984af7f913",
        "type": "message",
        "text": "Ya explique verias veces en español e ingles que el resultado no es lo que importa sino el proceso",
        "user": "UM81W8B0Q",
        "ts": "1584912925.089700",
        "team": "TJH5YU202",
        "user_team": "TJH5YU202",
        "source_team": "TJH5YU202",
        "user_profile": {
            "avatar_hash": "gab9279ee8c0",
            "image_72": "https:\/\/secure.gravatar.com\/avatar\/73ab9279ee8c00f66ce4904d30146c8f.jpg?s=72&d=https%3A%2F%2Fa.slack-edge.com%2Fdf10d%2Fimg%2Favatars%2Fava_0010-72.png",
            "first_name": "",
            "real_name": "Angel Pais",
            "display_name": "Angel Pais",
            "team": "TJH5YU202",
            "name": "amigosam",
            "is_restricted": false,
            "is_ultra_restricted": false
        },
        "blocks": [
            {
                "type": "rich_text",
                "block_id": "hcDsH",
                "elements": [
                    {
                        "type": "rich_text_section",
                        "elements": [
                            {
                                "type": "text",
                                "text": "Ya explique verias veces en español e ingles que el resultado no es lo que importa sino el proceso"
                            }
                        ]
                    }
                ]
            }
        ],
        "thread_ts": "1584912804.088200",
        "parent_user_id": "UM81W8B0Q"
    },
    {
        "client_msg_id": "f4295076-4873-4559-9d14-d33f8d0c715e",
        "type": "message",
        "text": "Poco  a poquito como dice angel nos quedan como 364 días :+1: :grin:",
        "user": "UK28N3CER",
        "ts": "1584912930.089900",
        "team": "TJH5YU202",
        "user_team": "TJH5YU202",
        "source_team": "TJH5YU202",
        "user_profile": {
            "avatar_hash": "bf50b53e78b3",
            "image_72": "https:\/\/avatars.slack-edge.com\/2020-04-13\/1058586385811_bf50b53e78b35822be35_72.png",
            "first_name": "Cesar",
            "real_name": "Cesar SysCtrl Software",
            "display_name": "Cesar SysCtrl Software",
            "team": "TJH5YU202",
            "name": "sysctrlsoftware",
            "is_restricted": false,
            "is_ultra_restricted": false
        },
        "blocks": [
            {
                "type": "rich_text",
                "block_id": "N\/zq",
                "elements": [
                    {
                        "type": "rich_text_section",
                        "elements": [
                            {
                                "type": "text",
                                "text": "Poco  a poquito como dice angel nos quedan como 364 días "
                            },
                            {
                                "type": "emoji",
                                "name": "+1"
                            },
                            {
                                "type": "text",
                                "text": " "
                            },
                            {
                                "type": "emoji",
                                "name": "grin"
                            }
                        ]
                    }
                ]
            }
        ]
    },
    {
        "client_msg_id": "78a4c84f-84d4-4577-9d9f-625a1c8cd9f4",
        "type": "message",
        "text": "Eso para Beacon",
        "user": "UM81W8B0Q",
        "ts": "1584912958.090100",
        "team": "TJH5YU202",
        "user_team": "TJH5YU202",
        "source_team": "TJH5YU202",
        "user_profile": {
            "avatar_hash": "gab9279ee8c0",
            "image_72": "https:\/\/secure.gravatar.com\/avatar\/73ab9279ee8c00f66ce4904d30146c8f.jpg?s=72&d=https%3A%2F%2Fa.slack-edge.com%2Fdf10d%2Fimg%2Favatars%2Fava_0010-72.png",
            "first_name": "",
            "real_name": "Angel Pais",
            "display_name": "Angel Pais",
            "team": "TJH5YU202",
            "name": "amigosam",
            "is_restricted": false,
            "is_ultra_restricted": false
        },
        "blocks": [
            {
                "type": "rich_text",
                "block_id": "rOKZ",
                "elements": [
                    {
                        "type": "rich_text_section",
                        "elements": [
                            {
                                "type": "text",
                                "text": "Eso para Beacon"
                            }
                        ]
                    }
                ]
            }
        ]
    },
    {
        "client_msg_id": "1e8f6e63-a995-42a4-b896-9ea144bb6e4c",
        "type": "message",
        "text": "Para el Blog capaz que 363",
        "user": "UM81W8B0Q",
        "ts": "1584912981.090500",
        "team": "TJH5YU202",
        "user_team": "TJH5YU202",
        "source_team": "TJH5YU202",
        "user_profile": {
            "avatar_hash": "gab9279ee8c0",
            "image_72": "https:\/\/secure.gravatar.com\/avatar\/73ab9279ee8c00f66ce4904d30146c8f.jpg?s=72&d=https%3A%2F%2Fa.slack-edge.com%2Fdf10d%2Fimg%2Favatars%2Fava_0010-72.png",
            "first_name": "",
            "real_name": "Angel Pais",
            "display_name": "Angel Pais",
            "team": "TJH5YU202",
            "name": "amigosam",
            "is_restricted": false,
            "is_ultra_restricted": false
        },
        "blocks": [
            {
                "type": "rich_text",
                "block_id": "XKv",
                "elements": [
                    {
                        "type": "rich_text_section",
                        "elements": [
                            {
                                "type": "text",
                                "text": "Para el Blog capaz que 363"
                            }
                        ]
                    }
                ]
            }
        ]
    },
    {
        "client_msg_id": "d5a5357a-3980-4ee6-aad1-4879f65b3448",
        "type": "message",
        "text": ":joy:",
        "user": "UK28N3CER",
        "ts": "1584913009.090700",
        "team": "TJH5YU202",
        "user_team": "TJH5YU202",
        "source_team": "TJH5YU202",
        "user_profile": {
            "avatar_hash": "bf50b53e78b3",
            "image_72": "https:\/\/avatars.slack-edge.com\/2020-04-13\/1058586385811_bf50b53e78b35822be35_72.png",
            "first_name": "Cesar",
            "real_name": "Cesar SysCtrl Software",
            "display_name": "Cesar SysCtrl Software",
            "team": "TJH5YU202",
            "name": "sysctrlsoftware",
            "is_restricted": false,
            "is_ultra_restricted": false
        },
        "blocks": [
            {
                "type": "rich_text",
                "block_id": "9jB",
                "elements": [
                    {
                        "type": "rich_text_section",
                        "elements": [
                            {
                                "type": "emoji",
                                "name": "joy"
                            }
                        ]
                    }
                ]
            }
        ]
    },
    {
        "client_msg_id": "cd93efc8-d2f2-4dbd-9a86-a66edede1e90",
        "type": "message",
        "text": "ah, claro esa era  la idea de meternos en esto",
        "user": "UMZ3LNV5Z",
        "ts": "1584913048.090800",
        "team": "TJH5YU202",
        "user_team": "TJH5YU202",
        "source_team": "TJH5YU202",
        "user_profile": {
            "avatar_hash": "0705cbdb2dc9",
            "image_72": "https:\/\/avatars.slack-edge.com\/2020-02-24\/967980533062_0705cbdb2dc9cb3644bb_72.jpg",
            "first_name": "Pablo",
            "real_name": "Pablo Botella",
            "display_name": "Pablo Botella",
            "team": "TJH5YU202",
            "name": "pb",
            "is_restricted": false,
            "is_ultra_restricted": false
        },
        "blocks": [
            {
                "type": "rich_text",
                "block_id": "nQRjq",
                "elements": [
                    {
                        "type": "rich_text_section",
                        "elements": [
                            {
                                "type": "text",
                                "text": "ah, claro esa era  la idea de meternos en esto"
                            }
                        ]
                    }
                ]
            }
        ],
        "thread_ts": "1584912804.088200",
        "parent_user_id": "UM81W8B0Q"
    },
    {
        "client_msg_id": "b0896122-dd24-4a96-b8c0-a2b857ace429",
        "type": "message",
        "text": "perdon que es devtools",
        "user": "UJXP7LS78",
        "ts": "1584913069.091200",
        "team": "TJH5YU202",
        "user_team": "TJH5YU202",
        "source_team": "TJH5YU202",
        "user_profile": {
            "avatar_hash": "gc4a0baebb72",
            "image_72": "https:\/\/secure.gravatar.com\/avatar\/a1c4a0baebb720b97e5a197259dbf409.jpg?s=72&d=https%3A%2F%2Fa.slack-edge.com%2Fdf10d%2Fimg%2Favatars%2Fava_0007-72.png",
            "first_name": "",
            "real_name": "wilson gamboa",
            "display_name": "wilson gamboa",
            "team": "TJH5YU202",
            "name": "wilson.josenet",
            "is_restricted": false,
            "is_ultra_restricted": false
        },
        "blocks": [
            {
                "type": "rich_text",
                "block_id": "q3a5",
                "elements": [
                    {
                        "type": "rich_text_section",
                        "elements": [
                            {
                                "type": "text",
                                "text": "perdon que es devtools"
                            }
                        ]
                    }
                ]
            }
        ]
    },
    {
        "client_msg_id": "1d3b1dcc-33c4-4ae1-858b-ad6af4109f21",
        "type": "message",
        "text": "Hay que controlar la ansiedad y disfrutar el paseo",
        "user": "UM81W8B0Q",
        "ts": "1584913070.091300",
        "team": "TJH5YU202",
        "user_team": "TJH5YU202",
        "source_team": "TJH5YU202",
        "user_profile": {
            "avatar_hash": "gab9279ee8c0",
            "image_72": "https:\/\/secure.gravatar.com\/avatar\/73ab9279ee8c00f66ce4904d30146c8f.jpg?s=72&d=https%3A%2F%2Fa.slack-edge.com%2Fdf10d%2Fimg%2Favatars%2Fava_0010-72.png",
            "first_name": "",
            "real_name": "Angel Pais",
            "display_name": "Angel Pais",
            "team": "TJH5YU202",
            "name": "amigosam",
            "is_restricted": false,
            "is_ultra_restricted": false
        },
        "blocks": [
            {
                "type": "rich_text",
                "block_id": "LKSbx",
                "elements": [
                    {
                        "type": "rich_text_section",
                        "elements": [
                            {
                                "type": "text",
                                "text": "Hay que controlar la ansiedad y disfrutar el paseo"
                            }
                        ]
                    }
                ]
            }
        ],
        "thread_ts": "1584912804.088200",
        "parent_user_id": "UM81W8B0Q"
    },
    {
        "client_msg_id": "1562f4e0-6090-4bae-84b9-98228c80ef4b",
        "type": "message",
        "text": "?",
        "user": "UJXP7LS78",
        "ts": "1584913070.091600",
        "team": "TJH5YU202",
        "user_team": "TJH5YU202",
        "source_team": "TJH5YU202",
        "user_profile": {
            "avatar_hash": "gc4a0baebb72",
            "image_72": "https:\/\/secure.gravatar.com\/avatar\/a1c4a0baebb720b97e5a197259dbf409.jpg?s=72&d=https%3A%2F%2Fa.slack-edge.com%2Fdf10d%2Fimg%2Favatars%2Fava_0007-72.png",
            "first_name": "",
            "real_name": "wilson gamboa",
            "display_name": "wilson gamboa",
            "team": "TJH5YU202",
            "name": "wilson.josenet",
            "is_restricted": false,
            "is_ultra_restricted": false
        },
        "blocks": [
            {
                "type": "rich_text",
                "block_id": "QdIUE",
                "elements": [
                    {
                        "type": "rich_text_section",
                        "elements": [
                            {
                                "type": "text",
                                "text": "?"
                            }
                        ]
                    }
                ]
            }
        ]
    },
    {
        "client_msg_id": "150d4c24-56ed-4e58-904a-14027c879b97",
        "type": "message",
        "text": "referido a que",
        "user": "UM81W8B0Q",
        "ts": "1584913087.092100",
        "team": "TJH5YU202",
        "user_team": "TJH5YU202",
        "source_team": "TJH5YU202",
        "user_profile": {
            "avatar_hash": "gab9279ee8c0",
            "image_72": "https:\/\/secure.gravatar.com\/avatar\/73ab9279ee8c00f66ce4904d30146c8f.jpg?s=72&d=https%3A%2F%2Fa.slack-edge.com%2Fdf10d%2Fimg%2Favatars%2Fava_0010-72.png",
            "first_name": "",
            "real_name": "Angel Pais",
            "display_name": "Angel Pais",
            "team": "TJH5YU202",
            "name": "amigosam",
            "is_restricted": false,
            "is_ultra_restricted": false
        },
        "blocks": [
            {
                "type": "rich_text",
                "block_id": "t1l",
                "elements": [
                    {
                        "type": "rich_text_section",
                        "elements": [
                            {
                                "type": "text",
                                "text": "referido a que"
                            }
                        ]
                    }
                ]
            }
        ]
    },
    {
        "client_msg_id": "350edd60-20bc-4556-aa68-457907ca1824",
        "type": "message",
        "text": "si le das a F12 en el navegador ( casi todos lo tienen parecido ) te sale la ventanita esa",
        "user": "UMZ3LNV5Z",
        "ts": "1584913095.092400",
        "team": "TJH5YU202",
        "user_team": "TJH5YU202",
        "source_team": "TJH5YU202",
        "user_profile": {
            "avatar_hash": "0705cbdb2dc9",
            "image_72": "https:\/\/avatars.slack-edge.com\/2020-02-24\/967980533062_0705cbdb2dc9cb3644bb_72.jpg",
            "first_name": "Pablo",
            "real_name": "Pablo Botella",
            "display_name": "Pablo Botella",
            "team": "TJH5YU202",
            "name": "pb",
            "is_restricted": false,
            "is_ultra_restricted": false
        },
        "blocks": [
            {
                "type": "rich_text",
                "block_id": "3Qm",
                "elements": [
                    {
                        "type": "rich_text_section",
                        "elements": [
                            {
                                "type": "text",
                                "text": "si le das a F12 en el navegador ( casi todos lo tienen parecido ) te sale la ventanita esa"
                            }
                        ]
                    }
                ]
            }
        ]
    },
    {
        "client_msg_id": "be5c857c-0ff0-4618-85c7-b78ef90f4949",
        "type": "message",
        "text": "en la ventana que muestra pablo lo dice",
        "user": "UJXP7LS78",
        "ts": "1584913101.092600",
        "team": "TJH5YU202",
        "user_team": "TJH5YU202",
        "source_team": "TJH5YU202",
        "user_profile": {
            "avatar_hash": "gc4a0baebb72",
            "image_72": "https:\/\/secure.gravatar.com\/avatar\/a1c4a0baebb720b97e5a197259dbf409.jpg?s=72&d=https%3A%2F%2Fa.slack-edge.com%2Fdf10d%2Fimg%2Favatars%2Fava_0007-72.png",
            "first_name": "",
            "real_name": "wilson gamboa",
            "display_name": "wilson gamboa",
            "team": "TJH5YU202",
            "name": "wilson.josenet",
            "is_restricted": false,
            "is_ultra_restricted": false
        },
        "blocks": [
            {
                "type": "rich_text",
                "block_id": "qHjRZ",
                "elements": [
                    {
                        "type": "rich_text_section",
                        "elements": [
                            {
                                "type": "text",
                                "text": "en la ventana que muestra pablo lo dice"
                            }
                        ]
                    }
                ]
            }
        ]
    },
    {
        "client_msg_id": "a3d92da3-9846-4c0f-a18c-2f1c83fffff8",
        "type": "message",
        "text": "devtools = development tools = herramientas para el programador",
        "user": "UM81W8B0Q",
        "ts": "1584913141.093200",
        "team": "TJH5YU202",
        "user_team": "TJH5YU202",
        "source_team": "TJH5YU202",
        "user_profile": {
            "avatar_hash": "gab9279ee8c0",
            "image_72": "https:\/\/secure.gravatar.com\/avatar\/73ab9279ee8c00f66ce4904d30146c8f.jpg?s=72&d=https%3A%2F%2Fa.slack-edge.com%2Fdf10d%2Fimg%2Favatars%2Fava_0010-72.png",
            "first_name": "",
            "real_name": "Angel Pais",
            "display_name": "Angel Pais",
            "team": "TJH5YU202",
            "name": "amigosam",
            "is_restricted": false,
            "is_ultra_restricted": false
        },
        "blocks": [
            {
                "type": "rich_text",
                "block_id": "v24",
                "elements": [
                    {
                        "type": "rich_text_section",
                        "elements": [
                            {
                                "type": "text",
                                "text": "devtools = development tools = herramientas para el programador"
                            }
                        ]
                    }
                ]
            }
        ]
    },
    {
        "client_msg_id": "a7c77ba7-8c0a-4cb0-bb32-cebf75d7daea",
        "type": "message",
        "text": "Mirate el ultimo video de charly, ahí usa eso mismo para jugar con los atributos y los estilos. ( que por cierto tengo que traducir hoy el post y subirlo al blog en ingles )",
        "user": "UMZ3LNV5Z",
        "ts": "1584913280.095400",
        "team": "TJH5YU202",
        "user_team": "TJH5YU202",
        "source_team": "TJH5YU202",
        "user_profile": {
            "avatar_hash": "0705cbdb2dc9",
            "image_72": "https:\/\/avatars.slack-edge.com\/2020-02-24\/967980533062_0705cbdb2dc9cb3644bb_72.jpg",
            "first_name": "Pablo",
            "real_name": "Pablo Botella",
            "display_name": "Pablo Botella",
            "team": "TJH5YU202",
            "name": "pb",
            "is_restricted": false,
            "is_ultra_restricted": false
        },
        "blocks": [
            {
                "type": "rich_text",
                "block_id": "hkw+p",
                "elements": [
                    {
                        "type": "rich_text_section",
                        "elements": [
                            {
                                "type": "text",
                                "text": "Mirate el ultimo video de charly, ahí usa eso mismo para jugar con los atributos y los estilos. ( que por cierto tengo que traducir hoy el post y subirlo al blog en ingles )"
                            }
                        ]
                    }
                ]
            }
        ]
    },
    {
        "client_msg_id": "79c28ef3-3949-4f90-9387-e3235651101b",
        "type": "message",
        "text": "muy bien ya lo vi",
        "user": "UJXP7LS78",
        "ts": "1584913555.095600",
        "team": "TJH5YU202",
        "user_team": "TJH5YU202",
        "source_team": "TJH5YU202",
        "user_profile": {
            "avatar_hash": "gc4a0baebb72",
            "image_72": "https:\/\/secure.gravatar.com\/avatar\/a1c4a0baebb720b97e5a197259dbf409.jpg?s=72&d=https%3A%2F%2Fa.slack-edge.com%2Fdf10d%2Fimg%2Favatars%2Fava_0007-72.png",
            "first_name": "",
            "real_name": "wilson gamboa",
            "display_name": "wilson gamboa",
            "team": "TJH5YU202",
            "name": "wilson.josenet",
            "is_restricted": false,
            "is_ultra_restricted": false
        },
        "blocks": [
            {
                "type": "rich_text",
                "block_id": "HWB",
                "elements": [
                    {
                        "type": "rich_text_section",
                        "elements": [
                            {
                                "type": "text",
                                "text": "muy bien ya lo vi"
                            }
                        ]
                    }
                ]
            }
        ]
    },
    {
        "client_msg_id": "e5bb287d-e3cf-425a-bfe9-1e551ece856e",
        "type": "message",
        "text": "gracias",
        "user": "UJXP7LS78",
        "ts": "1584913557.095800",
        "team": "TJH5YU202",
        "user_team": "TJH5YU202",
        "source_team": "TJH5YU202",
        "user_profile": {
            "avatar_hash": "gc4a0baebb72",
            "image_72": "https:\/\/secure.gravatar.com\/avatar\/a1c4a0baebb720b97e5a197259dbf409.jpg?s=72&d=https%3A%2F%2Fa.slack-edge.com%2Fdf10d%2Fimg%2Favatars%2Fava_0007-72.png",
            "first_name": "",
            "real_name": "wilson gamboa",
            "display_name": "wilson gamboa",
            "team": "TJH5YU202",
            "name": "wilson.josenet",
            "is_restricted": false,
            "is_ultra_restricted": false
        },
        "blocks": [
            {
                "type": "rich_text",
                "block_id": "Rwrd7",
                "elements": [
                    {
                        "type": "rich_text_section",
                        "elements": [
                            {
                                "type": "text",
                                "text": "gracias"
                            }
                        ]
                    }
                ]
            }
        ]
    },
    {
        "client_msg_id": "236df4a5-3895-46e4-8a2a-378c72d89bc7",
        "type": "message",
        "text": "Pero el video no se grabó bien solo se escucha el audio",
        "user": "UK28N3CER",
        "ts": "1584914008.096800",
        "team": "TJH5YU202",
        "user_team": "TJH5YU202",
        "source_team": "TJH5YU202",
        "user_profile": {
            "avatar_hash": "bf50b53e78b3",
            "image_72": "https:\/\/avatars.slack-edge.com\/2020-04-13\/1058586385811_bf50b53e78b35822be35_72.png",
            "first_name": "Cesar",
            "real_name": "Cesar SysCtrl Software",
            "display_name": "Cesar SysCtrl Software",
            "team": "TJH5YU202",
            "name": "sysctrlsoftware",
            "is_restricted": false,
            "is_ultra_restricted": false
        },
        "blocks": [
            {
                "type": "rich_text",
                "block_id": "4yW4h",
                "elements": [
                    {
                        "type": "rich_text_section",
                        "elements": [
                            {
                                "type": "text",
                                "text": "Pero el video no se grabó bien solo se escucha el audio"
                            }
                        ]
                    }
                ]
            }
        ]
    },
    {
        "client_msg_id": "33c2a173-f9d3-410c-890f-b4c00987c2b0",
        "type": "message",
        "text": "Ojalá el próximo viernes se pueda volver a repetir la clase y grabarlo bien se me hace una de las pláticas mas interesantes.",
        "user": "UK28N3CER",
        "ts": "1584914282.099100",
        "team": "TJH5YU202",
        "user_team": "TJH5YU202",
        "source_team": "TJH5YU202",
        "user_profile": {
            "avatar_hash": "bf50b53e78b3",
            "image_72": "https:\/\/avatars.slack-edge.com\/2020-04-13\/1058586385811_bf50b53e78b35822be35_72.png",
            "first_name": "Cesar",
            "real_name": "Cesar SysCtrl Software",
            "display_name": "Cesar SysCtrl Software",
            "team": "TJH5YU202",
            "name": "sysctrlsoftware",
            "is_restricted": false,
            "is_ultra_restricted": false
        },
        "blocks": [
            {
                "type": "rich_text",
                "block_id": "qKxW",
                "elements": [
                    {
                        "type": "rich_text_section",
                        "elements": [
                            {
                                "type": "text",
                                "text": "Ojalá el próximo viernes se pueda volver a repetir la clase y grabarlo bien se me hace una de las pláticas mas interesantes."
                            }
                        ]
                    }
                ]
            }
        ]
    },
    {
        "client_msg_id": "0be3ca39-5a17-450f-a305-c0b3e9fe8703",
        "type": "message",
        "text": "ya fue regrabado",
        "user": "UM81W8B0Q",
        "ts": "1584914339.099300",
        "team": "TJH5YU202",
        "user_team": "TJH5YU202",
        "source_team": "TJH5YU202",
        "user_profile": {
            "avatar_hash": "gab9279ee8c0",
            "image_72": "https:\/\/secure.gravatar.com\/avatar\/73ab9279ee8c00f66ce4904d30146c8f.jpg?s=72&d=https%3A%2F%2Fa.slack-edge.com%2Fdf10d%2Fimg%2Favatars%2Fava_0010-72.png",
            "first_name": "",
            "real_name": "Angel Pais",
            "display_name": "Angel Pais",
            "team": "TJH5YU202",
            "name": "amigosam",
            "is_restricted": false,
            "is_ultra_restricted": false
        },
        "blocks": [
            {
                "type": "rich_text",
                "block_id": "py+",
                "elements": [
                    {
                        "type": "rich_text_section",
                        "elements": [
                            {
                                "type": "text",
                                "text": "ya fue regrabado"
                            }
                        ]
                    }
                ]
            }
        ]
    },
    {
        "client_msg_id": "ee3a4009-1e8d-4253-83ef-0c93cd409bfc",
        "type": "message",
        "text": "y subido",
        "user": "UM81W8B0Q",
        "ts": "1584914343.099500",
        "team": "TJH5YU202",
        "user_team": "TJH5YU202",
        "source_team": "TJH5YU202",
        "user_profile": {
            "avatar_hash": "gab9279ee8c0",
            "image_72": "https:\/\/secure.gravatar.com\/avatar\/73ab9279ee8c00f66ce4904d30146c8f.jpg?s=72&d=https%3A%2F%2Fa.slack-edge.com%2Fdf10d%2Fimg%2Favatars%2Fava_0010-72.png",
            "first_name": "",
            "real_name": "Angel Pais",
            "display_name": "Angel Pais",
            "team": "TJH5YU202",
            "name": "amigosam",
            "is_restricted": false,
            "is_ultra_restricted": false
        },
        "blocks": [
            {
                "type": "rich_text",
                "block_id": "p2yo",
                "elements": [
                    {
                        "type": "rich_text_section",
                        "elements": [
                            {
                                "type": "text",
                                "text": "y subido"
                            }
                        ]
                    }
                ]
            }
        ]
    },
    {
        "client_msg_id": "e9e045b4-2b4d-4950-be93-d111c57a658c",
        "type": "message",
        "text": "Ok",
        "user": "UK28N3CER",
        "ts": "1584920225.100200",
        "team": "TJH5YU202",
        "user_team": "TJH5YU202",
        "source_team": "TJH5YU202",
        "user_profile": {
            "avatar_hash": "bf50b53e78b3",
            "image_72": "https:\/\/avatars.slack-edge.com\/2020-04-13\/1058586385811_bf50b53e78b35822be35_72.png",
            "first_name": "Cesar",
            "real_name": "Cesar SysCtrl Software",
            "display_name": "Cesar SysCtrl Software",
            "team": "TJH5YU202",
            "name": "sysctrlsoftware",
            "is_restricted": false,
            "is_ultra_restricted": false
        },
        "blocks": [
            {
                "type": "rich_text",
                "block_id": "uIG5",
                "elements": [
                    {
                        "type": "rich_text_section",
                        "elements": [
                            {
                                "type": "text",
                                "text": "Ok"
                            }
                        ]
                    }
                ]
            }
        ]
    },
    {
        "client_msg_id": "14d887f1-972b-4433-a405-5bf4bc37cf18",
        "type": "message",
        "text": "Gracias",
        "user": "UK28N3CER",
        "ts": "1584920230.100400",
        "team": "TJH5YU202",
        "user_team": "TJH5YU202",
        "source_team": "TJH5YU202",
        "user_profile": {
            "avatar_hash": "bf50b53e78b3",
            "image_72": "https:\/\/avatars.slack-edge.com\/2020-04-13\/1058586385811_bf50b53e78b35822be35_72.png",
            "first_name": "Cesar",
            "real_name": "Cesar SysCtrl Software",
            "display_name": "Cesar SysCtrl Software",
            "team": "TJH5YU202",
            "name": "sysctrlsoftware",
            "is_restricted": false,
            "is_ultra_restricted": false
        },
        "blocks": [
            {
                "type": "rich_text",
                "block_id": "E9oPj",
                "elements": [
                    {
                        "type": "rich_text_section",
                        "elements": [
                            {
                                "type": "text",
                                "text": "Gracias"
                            }
                        ]
                    }
                ]
            }
        ]
    }
]