[
    {
        "client_msg_id": "fe58aa91-a5ef-4a60-8de9-eafb698a155a",
        "type": "message",
        "text": "Bon dia.\nUna consultilla, please!!!\nPor mas que leo, no consigo ver como...\n&lt;input type=\"submit\" name=\"action\" value=\"next\" &gt;\nDado esta línea correspondiente a un boton\n¿Como puedo hacer que el texto sea 'distinto' a value?\nporque si cambio value=\"siguiente\" si, me cambia el texto del boton, pero luego la llamada a los métodos que tengo en el controlador debo cambiar el case == \"next\" por case == \"siguiente\"",
        "user": "UJU3NMK0U",
        "ts": "1586423862.171400",
        "team": "TJH5YU202",
        "user_team": "TJH5YU202",
        "source_team": "TJH5YU202",
        "user_profile": {
            "avatar_hash": "48f1b9655122",
            "image_72": "https:\/\/avatars.slack-edge.com\/2019-05-20\/640143784356_48f1b96551220d9fdd4d_72.jpg",
            "first_name": "Xevi",
            "real_name": "Xevi",
            "display_name": "Xevi",
            "team": "TJH5YU202",
            "name": "xevicomas",
            "is_restricted": false,
            "is_ultra_restricted": false
        },
        "blocks": [
            {
                "type": "rich_text",
                "block_id": "ggWW",
                "elements": [
                    {
                        "type": "rich_text_section",
                        "elements": [
                            {
                                "type": "text",
                                "text": "Bon dia.\nUna consultilla, please!!!\nPor mas que leo, no consigo ver como...\n<input type=\"submit\" name=\"action\" value=\"next\" >\nDado esta línea correspondiente a un boton\n¿Como puedo hacer que el texto sea 'distinto' a value?\nporque si cambio value=\"siguiente\" si, me cambia el texto del boton, pero luego la llamada a los métodos que tengo en el controlador debo cambiar el case == \"next\" por case == \"siguiente\""
                            }
                        ]
                    }
                ]
            }
        ]
    },
    {
        "client_msg_id": "b469d54a-c069-4c6e-a3e6-eac8c92eb171",
        "type": "message",
        "text": "```&lt;button type=\"submit\" class=\"btn btn-outline-primary\" name=\"action\" value=\"gotop\" &gt;&lt;i class=\"fas fa-step-backward\"&gt;&lt;\/i&gt; GoTop&lt;\/button&gt;\n&lt;button type=\"submit\" class=\"btn btn-outline-primary\" name=\"action\" value=\"prev\" &gt;&lt;i class=\"fas fa-backward\"&gt;&lt;\/i&gt; Previous&lt;\/button&gt;\n&lt;button type=\"submit\" class=\"btn btn-outline-primary\" name=\"action\" value=\"next\" &gt;Next &lt;i class=\"fas fa-forward\"&gt;&lt;\/i&gt;&lt;\/button&gt;\n&lt;button type=\"submit\" class=\"btn btn-outline-primary\" name=\"action\" value=\"gobottom\" &gt;Older &lt;i class=\"fas fa-step-forward\"&gt;&lt;\/i&gt;&lt;\/button&gt;```",
        "user": "UJWR5N32S",
        "ts": "1586425435.171800",
        "team": "TJH5YU202",
        "user_team": "TJH5YU202",
        "source_team": "TJH5YU202",
        "user_profile": {
            "avatar_hash": "273d3745f7ae",
            "image_72": "https:\/\/avatars.slack-edge.com\/2019-05-20\/634344238497_273d3745f7ae1b176b82_72.jpg",
            "first_name": "Charly",
            "real_name": "Charly",
            "display_name": "Charly",
            "team": "TJH5YU202",
            "name": "carles9000",
            "is_restricted": false,
            "is_ultra_restricted": false
        },
        "blocks": [
            {
                "type": "rich_text",
                "block_id": "lrro",
                "elements": [
                    {
                        "type": "rich_text_preformatted",
                        "elements": [
                            {
                                "type": "text",
                                "text": "<button type=\"submit\" class=\"btn btn-outline-primary\" name=\"action\" value=\"gotop\" ><i class=\"fas fa-step-backward\"><\/i> GoTop<\/button>\n<button type=\"submit\" class=\"btn btn-outline-primary\" name=\"action\" value=\"prev\" ><i class=\"fas fa-backward\"><\/i> Previous<\/button>\n<button type=\"submit\" class=\"btn btn-outline-primary\" name=\"action\" value=\"next\" >Next <i class=\"fas fa-forward\"><\/i><\/button>\n<button type=\"submit\" class=\"btn btn-outline-primary\" name=\"action\" value=\"gobottom\" >Older <i class=\"fas fa-step-forward\"><\/i><\/button>"
                            }
                        ]
                    }
                ]
            }
        ]
    },
    {
        "client_msg_id": "5d863a40-a4e8-4bad-9b68-664496e8a8b0",
        "type": "message",
        "text": "Visto... Gracias.\n&lt;button type=\"submit\" name=\"action\" value=\"next\" &gt; Següent &lt;\/button&gt;\nDebo cambiar pues mis inputs por buttons en mis vista NO maquetadas.",
        "user": "UJU3NMK0U",
        "ts": "1586426465.172700",
        "team": "TJH5YU202",
        "user_team": "TJH5YU202",
        "source_team": "TJH5YU202",
        "user_profile": {
            "avatar_hash": "48f1b9655122",
            "image_72": "https:\/\/avatars.slack-edge.com\/2019-05-20\/640143784356_48f1b96551220d9fdd4d_72.jpg",
            "first_name": "Xevi",
            "real_name": "Xevi",
            "display_name": "Xevi",
            "team": "TJH5YU202",
            "name": "xevicomas",
            "is_restricted": false,
            "is_ultra_restricted": false
        },
        "blocks": [
            {
                "type": "rich_text",
                "block_id": "4vW2z",
                "elements": [
                    {
                        "type": "rich_text_section",
                        "elements": [
                            {
                                "type": "text",
                                "text": "Visto... Gracias.\n<button type=\"submit\" name=\"action\" value=\"next\" > Següent <\/button>\nDebo cambiar pues mis inputs por buttons en mis vista NO maquetadas."
                            }
                        ]
                    }
                ]
            }
        ]
    },
    {
        "client_msg_id": "161e0cb4-64de-48d3-9c4f-282e56b5c49c",
        "type": "message",
        "text": "Otra que me tiene estancado...\nEstoy intentando hacer que un boton se desabilite dependiendo si la pagina es la 1\nEl numero de página lo recibe correctamente, pero el codebloc no me lo está evaluando correctamente o es que me pone alguna ' que no deberia...\n\neste botoncillo me muestra correctamente la pagina actual...\n&lt;input type=\"submit\" name=\"action\" value={{ PARAM 1, 'pagenum' }}&gt;\n\npero este que se deberia de desabilitar si la pagina corresponde a la 1, no trabaja bien\n&lt;input type=\"submit\" name=\"action\" value=\"prev\" {{ PARAM 1, if( Val('pagenum') = 1, 'disabled', '' ) }} &gt;",
        "user": "UJU3NMK0U",
        "ts": "1586426875.176600",
        "team": "TJH5YU202",
        "user_team": "TJH5YU202",
        "source_team": "TJH5YU202",
        "user_profile": {
            "avatar_hash": "48f1b9655122",
            "image_72": "https:\/\/avatars.slack-edge.com\/2019-05-20\/640143784356_48f1b96551220d9fdd4d_72.jpg",
            "first_name": "Xevi",
            "real_name": "Xevi",
            "display_name": "Xevi",
            "team": "TJH5YU202",
            "name": "xevicomas",
            "is_restricted": false,
            "is_ultra_restricted": false
        },
        "blocks": [
            {
                "type": "rich_text",
                "block_id": "\/=jWm",
                "elements": [
                    {
                        "type": "rich_text_section",
                        "elements": [
                            {
                                "type": "text",
                                "text": "Otra que me tiene estancado...\nEstoy intentando hacer que un boton se desabilite dependiendo si la pagina es la 1\nEl numero de página lo recibe correctamente, pero el codebloc no me lo está evaluando correctamente o es que me pone alguna ' que no deberia...\n\neste botoncillo me muestra correctamente la pagina actual...\n<input type=\"submit\" name=\"action\" value={{ PARAM 1, 'pagenum' }}>\n\npero este que se deberia de desabilitar si la pagina corresponde a la 1, no trabaja bien\n<input type=\"submit\" name=\"action\" value=\"prev\" {{ PARAM 1, if( Val('pagenum') = 1, 'disabled', '' ) }} >"
                            }
                        ]
                    }
                ]
            }
        ]
    },
    {
        "client_msg_id": "7cb92946-a7fe-4b37-9db2-21a44f57fe83",
        "type": "message",
        "text": "conseguir esto\n&lt;input type=\"submit\" name=\"action\" value=\"prev\" disabled &gt;\no esto\n&lt;input type=\"submit\" name=\"action\" value=\"prev\" &gt;\ndependiendo del valor de pagenum\n¿?¿?¿?",
        "user": "UJU3NMK0U",
        "ts": "1586427810.177300",
        "team": "TJH5YU202",
        "user_team": "TJH5YU202",
        "source_team": "TJH5YU202",
        "user_profile": {
            "avatar_hash": "48f1b9655122",
            "image_72": "https:\/\/avatars.slack-edge.com\/2019-05-20\/640143784356_48f1b96551220d9fdd4d_72.jpg",
            "first_name": "Xevi",
            "real_name": "Xevi",
            "display_name": "Xevi",
            "team": "TJH5YU202",
            "name": "xevicomas",
            "is_restricted": false,
            "is_ultra_restricted": false
        },
        "blocks": [
            {
                "type": "rich_text",
                "block_id": "KqB",
                "elements": [
                    {
                        "type": "rich_text_section",
                        "elements": [
                            {
                                "type": "text",
                                "text": "conseguir esto\n<input type=\"submit\" name=\"action\" value=\"prev\" disabled >\no esto\n<input type=\"submit\" name=\"action\" value=\"prev\" >\ndependiendo del valor de pagenum\n¿?¿?¿?"
                            }
                        ]
                    }
                ]
            }
        ]
    },
    {
        "client_msg_id": "d2322b14-7f15-45d5-a92a-541590aaf189",
        "type": "message",
        "text": "Trasladada la consulta al Foro...",
        "user": "UJU3NMK0U",
        "ts": "1586431386.177700",
        "team": "TJH5YU202",
        "user_team": "TJH5YU202",
        "source_team": "TJH5YU202",
        "user_profile": {
            "avatar_hash": "48f1b9655122",
            "image_72": "https:\/\/avatars.slack-edge.com\/2019-05-20\/640143784356_48f1b96551220d9fdd4d_72.jpg",
            "first_name": "Xevi",
            "real_name": "Xevi",
            "display_name": "Xevi",
            "team": "TJH5YU202",
            "name": "xevicomas",
            "is_restricted": false,
            "is_ultra_restricted": false
        },
        "blocks": [
            {
                "type": "rich_text",
                "block_id": "Sxy",
                "elements": [
                    {
                        "type": "rich_text_section",
                        "elements": [
                            {
                                "type": "text",
                                "text": "Trasladada la consulta al Foro..."
                            }
                        ]
                    }
                ]
            }
        ]
    },
    {
        "client_msg_id": "5b4d73bc-a088-42b8-9e90-17e86e453111",
        "type": "message",
        "text": "Buenos dias como están?",
        "user": "UK28N3CER",
        "ts": "1586440666.178400",
        "team": "TJH5YU202",
        "user_team": "TJH5YU202",
        "source_team": "TJH5YU202",
        "user_profile": {
            "avatar_hash": "bf50b53e78b3",
            "image_72": "https:\/\/avatars.slack-edge.com\/2020-04-13\/1058586385811_bf50b53e78b35822be35_72.png",
            "first_name": "Cesar",
            "real_name": "Cesar SysCtrl Software",
            "display_name": "Cesar SysCtrl Software",
            "team": "TJH5YU202",
            "name": "sysctrlsoftware",
            "is_restricted": false,
            "is_ultra_restricted": false
        },
        "blocks": [
            {
                "type": "rich_text",
                "block_id": "Wbsn",
                "elements": [
                    {
                        "type": "rich_text_section",
                        "elements": [
                            {
                                "type": "text",
                                "text": "Buenos dias como están?"
                            }
                        ]
                    }
                ]
            }
        ]
    },
    {
        "client_msg_id": "02b5c4fb-1c13-43ce-b3d9-2139f5880e99",
        "type": "message",
        "text": "Saludos",
        "user": "UK28N3CER",
        "ts": "1586440705.179400",
        "team": "TJH5YU202",
        "user_team": "TJH5YU202",
        "source_team": "TJH5YU202",
        "user_profile": {
            "avatar_hash": "bf50b53e78b3",
            "image_72": "https:\/\/avatars.slack-edge.com\/2020-04-13\/1058586385811_bf50b53e78b35822be35_72.png",
            "first_name": "Cesar",
            "real_name": "Cesar SysCtrl Software",
            "display_name": "Cesar SysCtrl Software",
            "team": "TJH5YU202",
            "name": "sysctrlsoftware",
            "is_restricted": false,
            "is_ultra_restricted": false
        },
        "blocks": [
            {
                "type": "rich_text",
                "block_id": "qnmph",
                "elements": [
                    {
                        "type": "rich_text_section",
                        "elements": [
                            {
                                "type": "text",
                                "text": "Saludos"
                            }
                        ]
                    }
                ]
            }
        ]
    },
    {
        "client_msg_id": "85c2756a-e9cc-48a6-a97c-3161daebe337",
        "type": "message",
        "text": "Buenos dias ... Cesar, bien, todo bien; y tu ? como están por ese lado de país?",
        "user": "UJUSD6VB2",
        "ts": "1586441551.180600",
        "team": "TJH5YU202",
        "user_team": "TJH5YU202",
        "source_team": "TJH5YU202",
        "user_profile": {
            "avatar_hash": "g1677a02d0b6",
            "image_72": "https:\/\/secure.gravatar.com\/avatar\/bb1677a02d0b69ba91eb245090c7c83a.jpg?s=72&d=https%3A%2F%2Fa.slack-edge.com%2Fdf10d%2Fimg%2Favatars%2Fava_0015-72.png",
            "first_name": "",
            "real_name": "Osvaldo Ramirez",
            "display_name": "Osvaldo Ramirez",
            "team": "TJH5YU202",
            "name": "ramirezosvaldo",
            "is_restricted": false,
            "is_ultra_restricted": false
        },
        "blocks": [
            {
                "type": "rich_text",
                "block_id": "5016F",
                "elements": [
                    {
                        "type": "rich_text_section",
                        "elements": [
                            {
                                "type": "text",
                                "text": "Buenos dias ... Cesar, bien, todo bien; y tu ? como están por ese lado de país?"
                            }
                        ]
                    }
                ]
            }
        ]
    },
    {
        "client_msg_id": "61e5aa13-4102-4924-886f-dd0743a2e815",
        "type": "message",
        "text": "Quetal <@UJUSD6VB2> en la cuarentena solo salgo por las tortillas y el pulque",
        "user": "UK28N3CER",
        "ts": "1586441850.182600",
        "team": "TJH5YU202",
        "user_team": "TJH5YU202",
        "source_team": "TJH5YU202",
        "user_profile": {
            "avatar_hash": "bf50b53e78b3",
            "image_72": "https:\/\/avatars.slack-edge.com\/2020-04-13\/1058586385811_bf50b53e78b35822be35_72.png",
            "first_name": "Cesar",
            "real_name": "Cesar SysCtrl Software",
            "display_name": "Cesar SysCtrl Software",
            "team": "TJH5YU202",
            "name": "sysctrlsoftware",
            "is_restricted": false,
            "is_ultra_restricted": false
        },
        "blocks": [
            {
                "type": "rich_text",
                "block_id": "7nlpq",
                "elements": [
                    {
                        "type": "rich_text_section",
                        "elements": [
                            {
                                "type": "text",
                                "text": "Quetal "
                            },
                            {
                                "type": "user",
                                "user_id": "UJUSD6VB2"
                            },
                            {
                                "type": "text",
                                "text": " en la cuarentena solo salgo por las tortillas y el pulque"
                            }
                        ]
                    }
                ]
            }
        ]
    },
    {
        "client_msg_id": "9caa48c2-861a-4f36-8061-a1b957ce9ebb",
        "type": "message",
        "text": "Excelente que no falte el maiz",
        "user": "UJUSD6VB2",
        "ts": "1586441882.182900",
        "team": "TJH5YU202",
        "user_team": "TJH5YU202",
        "source_team": "TJH5YU202",
        "user_profile": {
            "avatar_hash": "g1677a02d0b6",
            "image_72": "https:\/\/secure.gravatar.com\/avatar\/bb1677a02d0b69ba91eb245090c7c83a.jpg?s=72&d=https%3A%2F%2Fa.slack-edge.com%2Fdf10d%2Fimg%2Favatars%2Fava_0015-72.png",
            "first_name": "",
            "real_name": "Osvaldo Ramirez",
            "display_name": "Osvaldo Ramirez",
            "team": "TJH5YU202",
            "name": "ramirezosvaldo",
            "is_restricted": false,
            "is_ultra_restricted": false
        },
        "blocks": [
            {
                "type": "rich_text",
                "block_id": "S5dLd",
                "elements": [
                    {
                        "type": "rich_text_section",
                        "elements": [
                            {
                                "type": "text",
                                "text": "Excelente que no falte el maiz"
                            }
                        ]
                    }
                ]
            }
        ]
    },
    {
        "client_msg_id": "0838728c-43d8-4eb4-8366-f1754f9bb5ae",
        "type": "message",
        "text": "Mas tarde quiero instalar modharbour en una pc de un cliente con windows, ya hare las preguntas para la instalación.",
        "user": "UJUSD6VB2",
        "ts": "1586441943.184200",
        "team": "TJH5YU202",
        "user_team": "TJH5YU202",
        "source_team": "TJH5YU202",
        "user_profile": {
            "avatar_hash": "g1677a02d0b6",
            "image_72": "https:\/\/secure.gravatar.com\/avatar\/bb1677a02d0b69ba91eb245090c7c83a.jpg?s=72&d=https%3A%2F%2Fa.slack-edge.com%2Fdf10d%2Fimg%2Favatars%2Fava_0015-72.png",
            "first_name": "",
            "real_name": "Osvaldo Ramirez",
            "display_name": "Osvaldo Ramirez",
            "team": "TJH5YU202",
            "name": "ramirezosvaldo",
            "is_restricted": false,
            "is_ultra_restricted": false
        },
        "blocks": [
            {
                "type": "rich_text",
                "block_id": "LlR7",
                "elements": [
                    {
                        "type": "rich_text_section",
                        "elements": [
                            {
                                "type": "text",
                                "text": "Mas tarde quiero instalar modharbour en una pc de un cliente con windows, ya hare las preguntas para la instalación."
                            }
                        ]
                    }
                ]
            }
        ]
    },
    {
        "client_msg_id": "121eed43-a754-4702-8c0e-308308e927b7",
        "type": "message",
        "text": "Muy bien es pc normal?",
        "user": "UK28N3CER",
        "ts": "1586442010.185300",
        "team": "TJH5YU202",
        "user_team": "TJH5YU202",
        "source_team": "TJH5YU202",
        "user_profile": {
            "avatar_hash": "bf50b53e78b3",
            "image_72": "https:\/\/avatars.slack-edge.com\/2020-04-13\/1058586385811_bf50b53e78b35822be35_72.png",
            "first_name": "Cesar",
            "real_name": "Cesar SysCtrl Software",
            "display_name": "Cesar SysCtrl Software",
            "team": "TJH5YU202",
            "name": "sysctrlsoftware",
            "is_restricted": false,
            "is_ultra_restricted": false
        },
        "blocks": [
            {
                "type": "rich_text",
                "block_id": "ggayT",
                "elements": [
                    {
                        "type": "rich_text_section",
                        "elements": [
                            {
                                "type": "text",
                                "text": "Muy bien es pc normal?"
                            }
                        ]
                    }
                ]
            }
        ]
    },
    {
        "client_msg_id": "a25dfa14-c2b5-4e6e-9216-92999f1306eb",
        "type": "message",
        "text": "O server",
        "user": "UK28N3CER",
        "ts": "1586442017.185700",
        "team": "TJH5YU202",
        "user_team": "TJH5YU202",
        "source_team": "TJH5YU202",
        "user_profile": {
            "avatar_hash": "bf50b53e78b3",
            "image_72": "https:\/\/avatars.slack-edge.com\/2020-04-13\/1058586385811_bf50b53e78b35822be35_72.png",
            "first_name": "Cesar",
            "real_name": "Cesar SysCtrl Software",
            "display_name": "Cesar SysCtrl Software",
            "team": "TJH5YU202",
            "name": "sysctrlsoftware",
            "is_restricted": false,
            "is_ultra_restricted": false
        },
        "blocks": [
            {
                "type": "rich_text",
                "block_id": "u97zH",
                "elements": [
                    {
                        "type": "rich_text_section",
                        "elements": [
                            {
                                "type": "text",
                                "text": "O server"
                            }
                        ]
                    }
                ]
            }
        ]
    },
    {
        "client_msg_id": "f01f2915-4889-4b91-997b-2c1be33829b9",
        "type": "message",
        "text": "Si Windows 10",
        "user": "UJUSD6VB2",
        "ts": "1586442019.185800",
        "team": "TJH5YU202",
        "user_team": "TJH5YU202",
        "source_team": "TJH5YU202",
        "user_profile": {
            "avatar_hash": "g1677a02d0b6",
            "image_72": "https:\/\/secure.gravatar.com\/avatar\/bb1677a02d0b69ba91eb245090c7c83a.jpg?s=72&d=https%3A%2F%2Fa.slack-edge.com%2Fdf10d%2Fimg%2Favatars%2Fava_0015-72.png",
            "first_name": "",
            "real_name": "Osvaldo Ramirez",
            "display_name": "Osvaldo Ramirez",
            "team": "TJH5YU202",
            "name": "ramirezosvaldo",
            "is_restricted": false,
            "is_ultra_restricted": false
        },
        "blocks": [
            {
                "type": "rich_text",
                "block_id": "lxAmk",
                "elements": [
                    {
                        "type": "rich_text_section",
                        "elements": [
                            {
                                "type": "text",
                                "text": "Si Windows 10"
                            }
                        ]
                    }
                ]
            }
        ]
    },
    {
        "client_msg_id": "923c8353-feca-4030-8604-0dd4f9a9e1aa",
        "type": "message",
        "text": "Ok funca sin problemas",
        "user": "UK28N3CER",
        "ts": "1586442044.186300",
        "team": "TJH5YU202",
        "user_team": "TJH5YU202",
        "source_team": "TJH5YU202",
        "user_profile": {
            "avatar_hash": "bf50b53e78b3",
            "image_72": "https:\/\/avatars.slack-edge.com\/2020-04-13\/1058586385811_bf50b53e78b35822be35_72.png",
            "first_name": "Cesar",
            "real_name": "Cesar SysCtrl Software",
            "display_name": "Cesar SysCtrl Software",
            "team": "TJH5YU202",
            "name": "sysctrlsoftware",
            "is_restricted": false,
            "is_ultra_restricted": false
        },
        "blocks": [
            {
                "type": "rich_text",
                "block_id": "dyw",
                "elements": [
                    {
                        "type": "rich_text_section",
                        "elements": [
                            {
                                "type": "text",
                                "text": "Ok funca sin problemas"
                            }
                        ]
                    }
                ]
            }
        ]
    },
    {
        "client_msg_id": "fd895172-2496-424d-a325-b4d7d9c4b3cf",
        "type": "message",
        "text": "Que sistema vas a instalar",
        "user": "UK28N3CER",
        "ts": "1586442066.186800",
        "team": "TJH5YU202",
        "user_team": "TJH5YU202",
        "source_team": "TJH5YU202",
        "user_profile": {
            "avatar_hash": "bf50b53e78b3",
            "image_72": "https:\/\/avatars.slack-edge.com\/2020-04-13\/1058586385811_bf50b53e78b35822be35_72.png",
            "first_name": "Cesar",
            "real_name": "Cesar SysCtrl Software",
            "display_name": "Cesar SysCtrl Software",
            "team": "TJH5YU202",
            "name": "sysctrlsoftware",
            "is_restricted": false,
            "is_ultra_restricted": false
        },
        "blocks": [
            {
                "type": "rich_text",
                "block_id": "gbGH",
                "elements": [
                    {
                        "type": "rich_text_section",
                        "elements": [
                            {
                                "type": "text",
                                "text": "Que sistema vas a instalar"
                            }
                        ]
                    }
                ]
            }
        ]
    },
    {
        "client_msg_id": "8ec5d1b7-6dc4-4901-8baf-5c995577035b",
        "type": "message",
        "text": "Hola Buen dia",
        "user": "UJRQZMTAM",
        "ts": "1586442099.187200",
        "team": "TJH5YU202",
        "user_team": "TJH5YU202",
        "source_team": "TJH5YU202",
        "user_profile": {
            "avatar_hash": "0d8c567df084",
            "image_72": "https:\/\/avatars.slack-edge.com\/2019-11-22\/834908722243_0d8c567df084bf59d639_72.png",
            "first_name": "Diego",
            "real_name": "Diego F",
            "display_name": "Diego F",
            "team": "TJH5YU202",
            "name": "diegohfazio",
            "is_restricted": false,
            "is_ultra_restricted": false
        },
        "blocks": [
            {
                "type": "rich_text",
                "block_id": "XtJu4",
                "elements": [
                    {
                        "type": "rich_text_section",
                        "elements": [
                            {
                                "type": "text",
                                "text": "Hola Buen dia"
                            }
                        ]
                    }
                ]
            }
        ]
    },
    {
        "client_msg_id": "161c3984-4d06-4e74-abca-ef949ffc4624",
        "type": "message",
        "text": "Buen dia Diego, como te va ?",
        "user": "UJUSD6VB2",
        "ts": "1586442111.187800",
        "team": "TJH5YU202",
        "user_team": "TJH5YU202",
        "source_team": "TJH5YU202",
        "user_profile": {
            "avatar_hash": "g1677a02d0b6",
            "image_72": "https:\/\/secure.gravatar.com\/avatar\/bb1677a02d0b69ba91eb245090c7c83a.jpg?s=72&d=https%3A%2F%2Fa.slack-edge.com%2Fdf10d%2Fimg%2Favatars%2Fava_0015-72.png",
            "first_name": "",
            "real_name": "Osvaldo Ramirez",
            "display_name": "Osvaldo Ramirez",
            "team": "TJH5YU202",
            "name": "ramirezosvaldo",
            "is_restricted": false,
            "is_ultra_restricted": false
        },
        "blocks": [
            {
                "type": "rich_text",
                "block_id": "N+c",
                "elements": [
                    {
                        "type": "rich_text_section",
                        "elements": [
                            {
                                "type": "text",
                                "text": "Buen dia Diego, como te va ?"
                            }
                        ]
                    }
                ]
            }
        ]
    },
    {
        "client_msg_id": "35bbf4a1-1987-4f28-9001-d05b5546d919",
        "type": "message",
        "text": "Todo bien por suerte",
        "user": "UJRQZMTAM",
        "ts": "1586442120.188300",
        "team": "TJH5YU202",
        "user_team": "TJH5YU202",
        "source_team": "TJH5YU202",
        "user_profile": {
            "avatar_hash": "0d8c567df084",
            "image_72": "https:\/\/avatars.slack-edge.com\/2019-11-22\/834908722243_0d8c567df084bf59d639_72.png",
            "first_name": "Diego",
            "real_name": "Diego F",
            "display_name": "Diego F",
            "team": "TJH5YU202",
            "name": "diegohfazio",
            "is_restricted": false,
            "is_ultra_restricted": false
        },
        "blocks": [
            {
                "type": "rich_text",
                "block_id": "I=pn",
                "elements": [
                    {
                        "type": "rich_text_section",
                        "elements": [
                            {
                                "type": "text",
                                "text": "Todo bien por suerte"
                            }
                        ]
                    }
                ]
            }
        ]
    },
    {
        "client_msg_id": "222b80b2-6e60-4379-86c3-9633294832e6",
        "type": "message",
        "text": "No te recomiendo WIndows 10",
        "user": "UJRQZMTAM",
        "ts": "1586442125.188500",
        "team": "TJH5YU202",
        "user_team": "TJH5YU202",
        "source_team": "TJH5YU202",
        "user_profile": {
            "avatar_hash": "0d8c567df084",
            "image_72": "https:\/\/avatars.slack-edge.com\/2019-11-22\/834908722243_0d8c567df084bf59d639_72.png",
            "first_name": "Diego",
            "real_name": "Diego F",
            "display_name": "Diego F",
            "team": "TJH5YU202",
            "name": "diegohfazio",
            "is_restricted": false,
            "is_ultra_restricted": false
        },
        "blocks": [
            {
                "type": "rich_text",
                "block_id": "+2Xcx",
                "elements": [
                    {
                        "type": "rich_text_section",
                        "elements": [
                            {
                                "type": "text",
                                "text": "No te recomiendo WIndows 10"
                            }
                        ]
                    }
                ]
            }
        ]
    },
    {
        "client_msg_id": "0b9ff402-79a2-4c5d-a0e0-a80778063716",
        "type": "message",
        "text": "para el mod",
        "user": "UJRQZMTAM",
        "ts": "1586442130.188800",
        "team": "TJH5YU202",
        "user_team": "TJH5YU202",
        "source_team": "TJH5YU202",
        "user_profile": {
            "avatar_hash": "0d8c567df084",
            "image_72": "https:\/\/avatars.slack-edge.com\/2019-11-22\/834908722243_0d8c567df084bf59d639_72.png",
            "first_name": "Diego",
            "real_name": "Diego F",
            "display_name": "Diego F",
            "team": "TJH5YU202",
            "name": "diegohfazio",
            "is_restricted": false,
            "is_ultra_restricted": false
        },
        "blocks": [
            {
                "type": "rich_text",
                "block_id": "nkK",
                "elements": [
                    {
                        "type": "rich_text_section",
                        "elements": [
                            {
                                "type": "text",
                                "text": "para el mod"
                            }
                        ]
                    }
                ]
            }
        ]
    },
    {
        "client_msg_id": "e3d3afb9-c507-4de9-bc86-f5abed9fb1df",
        "type": "message",
        "text": "Que bien!... Comenta",
        "user": "UJUSD6VB2",
        "ts": "1586442137.189100",
        "team": "TJH5YU202",
        "user_team": "TJH5YU202",
        "source_team": "TJH5YU202",
        "user_profile": {
            "avatar_hash": "g1677a02d0b6",
            "image_72": "https:\/\/secure.gravatar.com\/avatar\/bb1677a02d0b69ba91eb245090c7c83a.jpg?s=72&d=https%3A%2F%2Fa.slack-edge.com%2Fdf10d%2Fimg%2Favatars%2Fava_0015-72.png",
            "first_name": "",
            "real_name": "Osvaldo Ramirez",
            "display_name": "Osvaldo Ramirez",
            "team": "TJH5YU202",
            "name": "ramirezosvaldo",
            "is_restricted": false,
            "is_ultra_restricted": false
        },
        "blocks": [
            {
                "type": "rich_text",
                "block_id": "pZ3",
                "elements": [
                    {
                        "type": "rich_text_section",
                        "elements": [
                            {
                                "type": "text",
                                "text": "Que bien!... Comenta"
                            }
                        ]
                    }
                ]
            }
        ]
    },
    {
        "client_msg_id": "2363a3f8-be9c-46ab-a436-6a1909ad680b",
        "type": "message",
        "text": "win7 x64 va perfecto",
        "user": "UJRQZMTAM",
        "ts": "1586442142.189200",
        "team": "TJH5YU202",
        "user_team": "TJH5YU202",
        "source_team": "TJH5YU202",
        "user_profile": {
            "avatar_hash": "0d8c567df084",
            "image_72": "https:\/\/avatars.slack-edge.com\/2019-11-22\/834908722243_0d8c567df084bf59d639_72.png",
            "first_name": "Diego",
            "real_name": "Diego F",
            "display_name": "Diego F",
            "team": "TJH5YU202",
            "name": "diegohfazio",
            "is_restricted": false,
            "is_ultra_restricted": false
        },
        "blocks": [
            {
                "type": "rich_text",
                "block_id": "WA\/nu",
                "elements": [
                    {
                        "type": "rich_text_section",
                        "elements": [
                            {
                                "type": "text",
                                "text": "win7 x64 va perfecto"
                            }
                        ]
                    }
                ]
            }
        ]
    },
    {
        "client_msg_id": "073bf051-6ac0-45c6-8eff-8dd5ace09040",
        "type": "message",
        "text": "mucho mas rapido",
        "user": "UJRQZMTAM",
        "ts": "1586442145.189400",
        "team": "TJH5YU202",
        "user_team": "TJH5YU202",
        "source_team": "TJH5YU202",
        "user_profile": {
            "avatar_hash": "0d8c567df084",
            "image_72": "https:\/\/avatars.slack-edge.com\/2019-11-22\/834908722243_0d8c567df084bf59d639_72.png",
            "first_name": "Diego",
            "real_name": "Diego F",
            "display_name": "Diego F",
            "team": "TJH5YU202",
            "name": "diegohfazio",
            "is_restricted": false,
            "is_ultra_restricted": false
        },
        "blocks": [
            {
                "type": "rich_text",
                "block_id": "ABmHU",
                "elements": [
                    {
                        "type": "rich_text_section",
                        "elements": [
                            {
                                "type": "text",
                                "text": "mucho mas rapido"
                            }
                        ]
                    }
                ]
            }
        ]
    },
    {
        "client_msg_id": "0f413306-bbd1-463b-aad7-438d91ecc17b",
        "type": "message",
        "text": "y cuando digo mucho es MUCHO",
        "user": "UJRQZMTAM",
        "ts": "1586442150.189600",
        "team": "TJH5YU202",
        "user_team": "TJH5YU202",
        "source_team": "TJH5YU202",
        "user_profile": {
            "avatar_hash": "0d8c567df084",
            "image_72": "https:\/\/avatars.slack-edge.com\/2019-11-22\/834908722243_0d8c567df084bf59d639_72.png",
            "first_name": "Diego",
            "real_name": "Diego F",
            "display_name": "Diego F",
            "team": "TJH5YU202",
            "name": "diegohfazio",
            "is_restricted": false,
            "is_ultra_restricted": false
        },
        "blocks": [
            {
                "type": "rich_text",
                "block_id": "+aW",
                "elements": [
                    {
                        "type": "rich_text_section",
                        "elements": [
                            {
                                "type": "text",
                                "text": "y cuando digo mucho es MUCHO"
                            }
                        ]
                    }
                ]
            }
        ]
    },
    {
        "client_msg_id": "1a4b93b7-0543-48ed-a51a-ee268bdb9670",
        "type": "message",
        "text": "no se porque",
        "user": "UJRQZMTAM",
        "ts": "1586442154.189800",
        "team": "TJH5YU202",
        "user_team": "TJH5YU202",
        "source_team": "TJH5YU202",
        "user_profile": {
            "avatar_hash": "0d8c567df084",
            "image_72": "https:\/\/avatars.slack-edge.com\/2019-11-22\/834908722243_0d8c567df084bf59d639_72.png",
            "first_name": "Diego",
            "real_name": "Diego F",
            "display_name": "Diego F",
            "team": "TJH5YU202",
            "name": "diegohfazio",
            "is_restricted": false,
            "is_ultra_restricted": false
        },
        "blocks": [
            {
                "type": "rich_text",
                "block_id": "=JXLP",
                "elements": [
                    {
                        "type": "rich_text_section",
                        "elements": [
                            {
                                "type": "text",
                                "text": "no se porque"
                            }
                        ]
                    }
                ]
            }
        ]
    },
    {
        "client_msg_id": "c7535b7b-8397-41f7-918b-a7aa2c27282f",
        "type": "message",
        "text": "probe varias instalaciones y la dif de rendimiento es demasiada",
        "user": "UJRQZMTAM",
        "ts": "1586442196.190400",
        "team": "TJH5YU202",
        "user_team": "TJH5YU202",
        "source_team": "TJH5YU202",
        "user_profile": {
            "avatar_hash": "0d8c567df084",
            "image_72": "https:\/\/avatars.slack-edge.com\/2019-11-22\/834908722243_0d8c567df084bf59d639_72.png",
            "first_name": "Diego",
            "real_name": "Diego F",
            "display_name": "Diego F",
            "team": "TJH5YU202",
            "name": "diegohfazio",
            "is_restricted": false,
            "is_ultra_restricted": false
        },
        "blocks": [
            {
                "type": "rich_text",
                "block_id": "wN1Ak",
                "elements": [
                    {
                        "type": "rich_text_section",
                        "elements": [
                            {
                                "type": "text",
                                "text": "probe varias instalaciones y la dif de rendimiento es demasiada"
                            }
                        ]
                    }
                ]
            }
        ]
    },
    {
        "client_msg_id": "5bd18da6-5132-484c-bdbe-7d3488987de8",
        "type": "message",
        "text": "Posiblemente Win10 carge mas cosas que el 7?",
        "user": "UJUSD6VB2",
        "ts": "1586442218.191100",
        "team": "TJH5YU202",
        "user_team": "TJH5YU202",
        "source_team": "TJH5YU202",
        "user_profile": {
            "avatar_hash": "g1677a02d0b6",
            "image_72": "https:\/\/secure.gravatar.com\/avatar\/bb1677a02d0b69ba91eb245090c7c83a.jpg?s=72&d=https%3A%2F%2Fa.slack-edge.com%2Fdf10d%2Fimg%2Favatars%2Fava_0015-72.png",
            "first_name": "",
            "real_name": "Osvaldo Ramirez",
            "display_name": "Osvaldo Ramirez",
            "team": "TJH5YU202",
            "name": "ramirezosvaldo",
            "is_restricted": false,
            "is_ultra_restricted": false
        },
        "blocks": [
            {
                "type": "rich_text",
                "block_id": "yNw",
                "elements": [
                    {
                        "type": "rich_text_section",
                        "elements": [
                            {
                                "type": "text",
                                "text": "Posiblemente Win10 carge mas cosas que el 7?"
                            }
                        ]
                    }
                ]
            }
        ]
    },
    {
        "client_msg_id": "830c6f6d-dfae-4163-bcd3-96d34873bcde",
        "type": "message",
        "text": "Win7, Srv 2008\/2012 anda perfecto",
        "user": "UJRQZMTAM",
        "ts": "1586442235.191500",
        "team": "TJH5YU202",
        "user_team": "TJH5YU202",
        "source_team": "TJH5YU202",
        "user_profile": {
            "avatar_hash": "0d8c567df084",
            "image_72": "https:\/\/avatars.slack-edge.com\/2019-11-22\/834908722243_0d8c567df084bf59d639_72.png",
            "first_name": "Diego",
            "real_name": "Diego F",
            "display_name": "Diego F",
            "team": "TJH5YU202",
            "name": "diegohfazio",
            "is_restricted": false,
            "is_ultra_restricted": false
        },
        "blocks": [
            {
                "type": "rich_text",
                "block_id": "=Zur",
                "elements": [
                    {
                        "type": "rich_text_section",
                        "elements": [
                            {
                                "type": "text",
                                "text": "Win7, Srv 2008\/2012 anda perfecto"
                            }
                        ]
                    }
                ]
            }
        ]
    },
    {
        "client_msg_id": "61cbf05b-7ee1-4bdc-b170-53dc9215d644",
        "type": "message",
        "text": "No se si es un tema de cosas que carga",
        "user": "UJRQZMTAM",
        "ts": "1586442253.191800",
        "team": "TJH5YU202",
        "user_team": "TJH5YU202",
        "source_team": "TJH5YU202",
        "user_profile": {
            "avatar_hash": "0d8c567df084",
            "image_72": "https:\/\/avatars.slack-edge.com\/2019-11-22\/834908722243_0d8c567df084bf59d639_72.png",
            "first_name": "Diego",
            "real_name": "Diego F",
            "display_name": "Diego F",
            "team": "TJH5YU202",
            "name": "diegohfazio",
            "is_restricted": false,
            "is_ultra_restricted": false
        },
        "blocks": [
            {
                "type": "rich_text",
                "block_id": "VwCjN",
                "elements": [
                    {
                        "type": "rich_text_section",
                        "elements": [
                            {
                                "type": "text",
                                "text": "No se si es un tema de cosas que carga"
                            }
                        ]
                    }
                ]
            }
        ]
    },
    {
        "client_msg_id": "6fe564a1-725c-493e-84c5-f1e3c6e7e425",
        "type": "message",
        "text": "no investigue mucho. Pero si se que es demasiada la dif",
        "user": "UJRQZMTAM",
        "ts": "1586442273.192400",
        "team": "TJH5YU202",
        "user_team": "TJH5YU202",
        "source_team": "TJH5YU202",
        "user_profile": {
            "avatar_hash": "0d8c567df084",
            "image_72": "https:\/\/avatars.slack-edge.com\/2019-11-22\/834908722243_0d8c567df084bf59d639_72.png",
            "first_name": "Diego",
            "real_name": "Diego F",
            "display_name": "Diego F",
            "team": "TJH5YU202",
            "name": "diegohfazio",
            "is_restricted": false,
            "is_ultra_restricted": false
        },
        "blocks": [
            {
                "type": "rich_text",
                "block_id": "R5N",
                "elements": [
                    {
                        "type": "rich_text_section",
                        "elements": [
                            {
                                "type": "text",
                                "text": "no investigue mucho. Pero si se que es demasiada la dif"
                            }
                        ]
                    }
                ]
            }
        ]
    },
    {
        "client_msg_id": "ee523767-a174-4c71-b0b9-77a30750f749",
        "type": "message",
        "text": "hablo sin usar el WSL",
        "user": "UJRQZMTAM",
        "ts": "1586442296.193000",
        "team": "TJH5YU202",
        "user_team": "TJH5YU202",
        "source_team": "TJH5YU202",
        "user_profile": {
            "avatar_hash": "0d8c567df084",
            "image_72": "https:\/\/avatars.slack-edge.com\/2019-11-22\/834908722243_0d8c567df084bf59d639_72.png",
            "first_name": "Diego",
            "real_name": "Diego F",
            "display_name": "Diego F",
            "team": "TJH5YU202",
            "name": "diegohfazio",
            "is_restricted": false,
            "is_ultra_restricted": false
        },
        "blocks": [
            {
                "type": "rich_text",
                "block_id": "ISs",
                "elements": [
                    {
                        "type": "rich_text_section",
                        "elements": [
                            {
                                "type": "text",
                                "text": "hablo sin usar el WSL"
                            }
                        ]
                    }
                ]
            }
        ]
    },
    {
        "client_msg_id": "0595b1f4-2b06-4f8f-9a0a-5ed347955de4",
        "type": "message",
        "text": "Le preguntare al cliente si puede cambiar a win7:64, ya que no creo que tenga licencia para 2012",
        "user": "UJUSD6VB2",
        "ts": "1586442298.193200",
        "team": "TJH5YU202",
        "user_team": "TJH5YU202",
        "source_team": "TJH5YU202",
        "user_profile": {
            "avatar_hash": "g1677a02d0b6",
            "image_72": "https:\/\/secure.gravatar.com\/avatar\/bb1677a02d0b69ba91eb245090c7c83a.jpg?s=72&d=https%3A%2F%2Fa.slack-edge.com%2Fdf10d%2Fimg%2Favatars%2Fava_0015-72.png",
            "first_name": "",
            "real_name": "Osvaldo Ramirez",
            "display_name": "Osvaldo Ramirez",
            "team": "TJH5YU202",
            "name": "ramirezosvaldo",
            "is_restricted": false,
            "is_ultra_restricted": false
        },
        "blocks": [
            {
                "type": "rich_text",
                "block_id": "Faq8",
                "elements": [
                    {
                        "type": "rich_text_section",
                        "elements": [
                            {
                                "type": "text",
                                "text": "Le preguntare al cliente si puede cambiar a win7:64, ya que no creo que tenga licencia para 2012"
                            }
                        ]
                    }
                ]
            }
        ]
    },
    {
        "client_msg_id": "524c4a8e-4ab4-46c5-b96d-01cf9b4e2b9e",
        "type": "message",
        "text": "o sea windows puro puro",
        "user": "UJRQZMTAM",
        "ts": "1586442302.193300",
        "team": "TJH5YU202",
        "user_team": "TJH5YU202",
        "source_team": "TJH5YU202",
        "user_profile": {
            "avatar_hash": "0d8c567df084",
            "image_72": "https:\/\/avatars.slack-edge.com\/2019-11-22\/834908722243_0d8c567df084bf59d639_72.png",
            "first_name": "Diego",
            "real_name": "Diego F",
            "display_name": "Diego F",
            "team": "TJH5YU202",
            "name": "diegohfazio",
            "is_restricted": false,
            "is_ultra_restricted": false
        },
        "blocks": [
            {
                "type": "rich_text",
                "block_id": "zBzpg",
                "elements": [
                    {
                        "type": "rich_text_section",
                        "elements": [
                            {
                                "type": "text",
                                "text": "o sea windows puro puro"
                            }
                        ]
                    }
                ]
            }
        ]
    },
    {
        "client_msg_id": "74dca0ac-d303-4431-af51-617a08136692",
        "type": "message",
        "text": "Excelente, gracias por el dato o bien le digo que mejor ponga un ubuntu.",
        "user": "UJUSD6VB2",
        "ts": "1586442438.193900",
        "team": "TJH5YU202",
        "user_team": "TJH5YU202",
        "source_team": "TJH5YU202",
        "user_profile": {
            "avatar_hash": "g1677a02d0b6",
            "image_72": "https:\/\/secure.gravatar.com\/avatar\/bb1677a02d0b69ba91eb245090c7c83a.jpg?s=72&d=https%3A%2F%2Fa.slack-edge.com%2Fdf10d%2Fimg%2Favatars%2Fava_0015-72.png",
            "first_name": "",
            "real_name": "Osvaldo Ramirez",
            "display_name": "Osvaldo Ramirez",
            "team": "TJH5YU202",
            "name": "ramirezosvaldo",
            "is_restricted": false,
            "is_ultra_restricted": false
        },
        "blocks": [
            {
                "type": "rich_text",
                "block_id": "H1KzL",
                "elements": [
                    {
                        "type": "rich_text_section",
                        "elements": [
                            {
                                "type": "text",
                                "text": "Excelente, gracias por el dato o bien le digo que mejor ponga un ubuntu."
                            }
                        ]
                    }
                ]
            }
        ]
    },
    {
        "client_msg_id": "5ac56ce9-018a-47e3-a0cc-837f8948c138",
        "type": "message",
        "text": "Esa opción sería mejor linux",
        "user": "UK28N3CER",
        "ts": "1586442479.194600",
        "team": "TJH5YU202",
        "user_team": "TJH5YU202",
        "source_team": "TJH5YU202",
        "user_profile": {
            "avatar_hash": "bf50b53e78b3",
            "image_72": "https:\/\/avatars.slack-edge.com\/2020-04-13\/1058586385811_bf50b53e78b35822be35_72.png",
            "first_name": "Cesar",
            "real_name": "Cesar SysCtrl Software",
            "display_name": "Cesar SysCtrl Software",
            "team": "TJH5YU202",
            "name": "sysctrlsoftware",
            "is_restricted": false,
            "is_ultra_restricted": false
        },
        "blocks": [
            {
                "type": "rich_text",
                "block_id": "h1jgE",
                "elements": [
                    {
                        "type": "rich_text_section",
                        "elements": [
                            {
                                "type": "text",
                                "text": "Esa opción sería mejor linux"
                            }
                        ]
                    }
                ]
            }
        ]
    },
    {
        "client_msg_id": "eae88b9c-0719-4f5e-8756-b6fe67a95dab",
        "type": "message",
        "text": "<@UJRQZMTAM> tienes un test para provar???\nlo pondria a correr en mi Windows10 enterprise LTSC",
        "user": "UJU3NMK0U",
        "ts": "1586444198.196300",
        "team": "TJH5YU202",
        "user_team": "TJH5YU202",
        "source_team": "TJH5YU202",
        "user_profile": {
            "avatar_hash": "48f1b9655122",
            "image_72": "https:\/\/avatars.slack-edge.com\/2019-05-20\/640143784356_48f1b96551220d9fdd4d_72.jpg",
            "first_name": "Xevi",
            "real_name": "Xevi",
            "display_name": "Xevi",
            "team": "TJH5YU202",
            "name": "xevicomas",
            "is_restricted": false,
            "is_ultra_restricted": false
        },
        "edited": {
            "user": "UJU3NMK0U",
            "ts": "1586444620.000000"
        },
        "blocks": [
            {
                "type": "rich_text",
                "block_id": "+FH",
                "elements": [
                    {
                        "type": "rich_text_section",
                        "elements": [
                            {
                                "type": "user",
                                "user_id": "UJRQZMTAM"
                            },
                            {
                                "type": "text",
                                "text": " tienes un test para provar???\nlo pondria a correr en mi Windows10 enterprise LTSC"
                            }
                        ]
                    }
                ]
            }
        ]
    },
    {
        "client_msg_id": "6A2671D3-D7B6-4850-A2FB-57D4AD9ADB98",
        "type": "message",
        "text": "C:\\xampp\\apache\\bin\\ab -n 100 -c 10 \"ejemplo.prg\"",
        "user": "UJRQZMTAM",
        "ts": "1586444960.198700",
        "team": "TJH5YU202",
        "user_team": "TJH5YU202",
        "source_team": "TJH5YU202",
        "user_profile": {
            "avatar_hash": "0d8c567df084",
            "image_72": "https:\/\/avatars.slack-edge.com\/2019-11-22\/834908722243_0d8c567df084bf59d639_72.png",
            "first_name": "Diego",
            "real_name": "Diego F",
            "display_name": "Diego F",
            "team": "TJH5YU202",
            "name": "diegohfazio",
            "is_restricted": false,
            "is_ultra_restricted": false
        },
        "blocks": [
            {
                "type": "rich_text",
                "block_id": "+1h",
                "elements": [
                    {
                        "type": "rich_text_section",
                        "elements": [
                            {
                                "type": "text",
                                "text": "C:\\xampp\\apache\\bin\\ab -n 100 -c 10 \"ejemplo.prg\""
                            }
                        ]
                    }
                ]
            }
        ]
    },
    {
        "client_msg_id": "74e254f9-6903-42b0-8df4-75889dcb2332",
        "type": "message",
        "text": "Y ese \"ejemplo.prg\" ???",
        "user": "UJU3NMK0U",
        "ts": "1586445235.199100",
        "team": "TJH5YU202",
        "user_team": "TJH5YU202",
        "source_team": "TJH5YU202",
        "user_profile": {
            "avatar_hash": "48f1b9655122",
            "image_72": "https:\/\/avatars.slack-edge.com\/2019-05-20\/640143784356_48f1b96551220d9fdd4d_72.jpg",
            "first_name": "Xevi",
            "real_name": "Xevi",
            "display_name": "Xevi",
            "team": "TJH5YU202",
            "name": "xevicomas",
            "is_restricted": false,
            "is_ultra_restricted": false
        },
        "blocks": [
            {
                "type": "rich_text",
                "block_id": "3aAn=",
                "elements": [
                    {
                        "type": "rich_text_section",
                        "elements": [
                            {
                                "type": "text",
                                "text": "Y ese \"ejemplo.prg\" ???"
                            }
                        ]
                    }
                ]
            }
        ]
    },
    {
        "type": "message",
        "text": "",
        "files": [
            {
                "id": "F011LRMK05T",
                "created": 1586445277,
                "timestamp": 1586445277,
                "name": "Captura.JPG",
                "title": "Captura.JPG",
                "mimetype": "image\/jpeg",
                "filetype": "jpg",
                "pretty_type": "JPEG",
                "user": "UJU3NMK0U",
                "editable": false,
                "size": 74204,
                "mode": "hosted",
                "is_external": false,
                "external_type": "",
                "is_public": true,
                "public_url_shared": false,
                "display_as_bot": false,
                "username": "",
                "url_private": "https:\/\/files.slack.com\/files-pri\/TJH5YU202-F011LRMK05T\/captura.jpg?t=xoxe-629202954002-1115206499825-1101204359349-48e7ea248bf98b7fac300966398406ac",
                "url_private_download": "https:\/\/files.slack.com\/files-pri\/TJH5YU202-F011LRMK05T\/download\/captura.jpg?t=xoxe-629202954002-1115206499825-1101204359349-48e7ea248bf98b7fac300966398406ac",
                "thumb_64": "https:\/\/files.slack.com\/files-tmb\/TJH5YU202-F011LRMK05T-66f4343f40\/captura_64.jpg?t=xoxe-629202954002-1115206499825-1101204359349-48e7ea248bf98b7fac300966398406ac",
                "thumb_80": "https:\/\/files.slack.com\/files-tmb\/TJH5YU202-F011LRMK05T-66f4343f40\/captura_80.jpg?t=xoxe-629202954002-1115206499825-1101204359349-48e7ea248bf98b7fac300966398406ac",
                "thumb_360": "https:\/\/files.slack.com\/files-tmb\/TJH5YU202-F011LRMK05T-66f4343f40\/captura_360.jpg?t=xoxe-629202954002-1115206499825-1101204359349-48e7ea248bf98b7fac300966398406ac",
                "thumb_360_w": 360,
                "thumb_360_h": 273,
                "thumb_480": "https:\/\/files.slack.com\/files-tmb\/TJH5YU202-F011LRMK05T-66f4343f40\/captura_480.jpg?t=xoxe-629202954002-1115206499825-1101204359349-48e7ea248bf98b7fac300966398406ac",
                "thumb_480_w": 480,
                "thumb_480_h": 364,
                "thumb_160": "https:\/\/files.slack.com\/files-tmb\/TJH5YU202-F011LRMK05T-66f4343f40\/captura_160.jpg?t=xoxe-629202954002-1115206499825-1101204359349-48e7ea248bf98b7fac300966398406ac",
                "original_w": 622,
                "original_h": 472,
                "thumb_tiny": "AwAkADCgcbjx3pO\/3aOdx+tA+8aADGegpMe38qdSEEmgBPwP5U2nEHFNII60AOyQx6daF5JpeNxz60DG449KAFpPwzS0mPbNACFjntTSc04rnpSEEdRQA7GWb60AfMfpSj7zfWj+M\/SgBaCKO\/40HvQAAVGeuKkFRt940Af\/2Q==",
                "permalink": "https:\/\/harbourproject.slack.com\/files\/UJU3NMK0U\/F011LRMK05T\/captura.jpg",
                "permalink_public": "https:\/\/slack-files.com\/TJH5YU202-F011LRMK05T-473edc581c",
                "is_starred": false,
                "has_rich_preview": false
            }
        ],
        "upload": true,
        "user": "UJU3NMK0U",
        "display_as_bot": false,
        "ts": "1586445279.199200",
        "client_msg_id": "765d8416-ab7e-4334-90df-89a7de54c2c9"
    },
    {
        "client_msg_id": "93569821-0fb6-40c9-9dbc-cf6309dcd7a9",
        "type": "message",
        "text": "Config. Prg",
        "user": "UK28N3CER",
        "ts": "1586445385.200400",
        "team": "TJH5YU202",
        "user_team": "TJH5YU202",
        "source_team": "TJH5YU202",
        "user_profile": {
            "avatar_hash": "bf50b53e78b3",
            "image_72": "https:\/\/avatars.slack-edge.com\/2020-04-13\/1058586385811_bf50b53e78b35822be35_72.png",
            "first_name": "Cesar",
            "real_name": "Cesar SysCtrl Software",
            "display_name": "Cesar SysCtrl Software",
            "team": "TJH5YU202",
            "name": "sysctrlsoftware",
            "is_restricted": false,
            "is_ultra_restricted": false
        },
        "blocks": [
            {
                "type": "rich_text",
                "block_id": "nI7o",
                "elements": [
                    {
                        "type": "rich_text_section",
                        "elements": [
                            {
                                "type": "text",
                                "text": "Config. Prg"
                            }
                        ]
                    }
                ]
            }
        ]
    },
    {
        "client_msg_id": "0f3c66af-f1dc-4df6-9058-e51eef91682d",
        "type": "message",
        "text": "Test. Prg",
        "user": "UK28N3CER",
        "ts": "1586445394.200700",
        "team": "TJH5YU202",
        "user_team": "TJH5YU202",
        "source_team": "TJH5YU202",
        "user_profile": {
            "avatar_hash": "bf50b53e78b3",
            "image_72": "https:\/\/avatars.slack-edge.com\/2020-04-13\/1058586385811_bf50b53e78b35822be35_72.png",
            "first_name": "Cesar",
            "real_name": "Cesar SysCtrl Software",
            "display_name": "Cesar SysCtrl Software",
            "team": "TJH5YU202",
            "name": "sysctrlsoftware",
            "is_restricted": false,
            "is_ultra_restricted": false
        },
        "blocks": [
            {
                "type": "rich_text",
                "block_id": "GMEqh",
                "elements": [
                    {
                        "type": "rich_text_section",
                        "elements": [
                            {
                                "type": "text",
                                "text": "Test. Prg"
                            }
                        ]
                    }
                ]
            }
        ]
    },
    {
        "client_msg_id": "18713e8e-4074-4bc6-83aa-7ec5fbfe5ee5",
        "type": "message",
        "text": "De ModHarbour samples",
        "user": "UK28N3CER",
        "ts": "1586445411.201200",
        "team": "TJH5YU202",
        "user_team": "TJH5YU202",
        "source_team": "TJH5YU202",
        "user_profile": {
            "avatar_hash": "bf50b53e78b3",
            "image_72": "https:\/\/avatars.slack-edge.com\/2020-04-13\/1058586385811_bf50b53e78b35822be35_72.png",
            "first_name": "Cesar",
            "real_name": "Cesar SysCtrl Software",
            "display_name": "Cesar SysCtrl Software",
            "team": "TJH5YU202",
            "name": "sysctrlsoftware",
            "is_restricted": false,
            "is_ultra_restricted": false
        },
        "blocks": [
            {
                "type": "rich_text",
                "block_id": "zxv",
                "elements": [
                    {
                        "type": "rich_text_section",
                        "elements": [
                            {
                                "type": "text",
                                "text": "De ModHarbour samples"
                            }
                        ]
                    }
                ]
            }
        ]
    },
    {
        "type": "message",
        "text": "instalacion de Apache en win server, proporcionado por el amigo <@UJHD6A81H>",
        "files": [
            {
                "id": "F011HR3AQ7Q",
                "created": 1586449475,
                "timestamp": 1586449475,
                "name": "apache installlation.htm",
                "title": "apache installlation.htm",
                "mimetype": "text\/plain",
                "filetype": "html",
                "pretty_type": "HTML",
                "user": "UK28N3CER",
                "editable": false,
                "size": 103959,
                "mode": "hosted",
                "is_external": false,
                "external_type": "",
                "is_public": true,
                "public_url_shared": false,
                "display_as_bot": false,
                "username": "",
                "url_private": "https:\/\/files.slack.com\/files-pri\/TJH5YU202-F011HR3AQ7Q\/apache_installlation.htm?t=xoxe-629202954002-1115206499825-1101204359349-48e7ea248bf98b7fac300966398406ac",
                "url_private_download": "https:\/\/files.slack.com\/files-pri\/TJH5YU202-F011HR3AQ7Q\/download\/apache_installlation.htm?t=xoxe-629202954002-1115206499825-1101204359349-48e7ea248bf98b7fac300966398406ac",
                "permalink": "https:\/\/harbourproject.slack.com\/files\/UK28N3CER\/F011HR3AQ7Q\/apache_installlation.htm",
                "permalink_public": "https:\/\/slack-files.com\/TJH5YU202-F011HR3AQ7Q-27e84de6e0",
                "is_starred": false,
                "has_rich_preview": false
            }
        ],
        "upload": true,
        "blocks": [
            {
                "type": "rich_text",
                "block_id": "koxJ",
                "elements": [
                    {
                        "type": "rich_text_section",
                        "elements": [
                            {
                                "type": "text",
                                "text": "instalacion de Apache en win server, proporcionado por el amigo "
                            },
                            {
                                "type": "user",
                                "user_id": "UJHD6A81H"
                            }
                        ]
                    }
                ]
            }
        ],
        "user": "UK28N3CER",
        "display_as_bot": false,
        "ts": "1586449477.202100",
        "client_msg_id": "2e81bfb9-011d-4cab-bb8f-c6be5443fa52"
    },
    {
        "client_msg_id": "b8eac0e3-83fb-4a26-b35c-8a63ce466ad9",
        "type": "message",
        "text": "<@UJU5KF40L> hay tienes los pasos para instalar apache en winserver. cualquier duda me comentas.",
        "user": "UK28N3CER",
        "ts": "1586449517.203000",
        "team": "TJH5YU202",
        "user_team": "TJH5YU202",
        "source_team": "TJH5YU202",
        "user_profile": {
            "avatar_hash": "bf50b53e78b3",
            "image_72": "https:\/\/avatars.slack-edge.com\/2020-04-13\/1058586385811_bf50b53e78b35822be35_72.png",
            "first_name": "Cesar",
            "real_name": "Cesar SysCtrl Software",
            "display_name": "Cesar SysCtrl Software",
            "team": "TJH5YU202",
            "name": "sysctrlsoftware",
            "is_restricted": false,
            "is_ultra_restricted": false
        },
        "blocks": [
            {
                "type": "rich_text",
                "block_id": "GrVS",
                "elements": [
                    {
                        "type": "rich_text_section",
                        "elements": [
                            {
                                "type": "user",
                                "user_id": "UJU5KF40L"
                            },
                            {
                                "type": "text",
                                "text": " hay tienes los pasos para instalar apache en winserver. cualquier duda me comentas."
                            }
                        ]
                    }
                ]
            }
        ]
    },
    {
        "client_msg_id": "23a42e2b-71e2-4867-8ea0-7b4bffca8de7",
        "type": "message",
        "text": "buenos dias :sunny:",
        "user": "UJN8D8U3B",
        "ts": "1586498060.203200",
        "team": "TJH5YU202",
        "user_team": "TJH5YU202",
        "source_team": "TJH5YU202",
        "user_profile": {
            "avatar_hash": "g92ad2abcc45",
            "image_72": "https:\/\/secure.gravatar.com\/avatar\/8492ad2abcc45ce53969adcf8420acde.jpg?s=72&d=https%3A%2F%2Fa.slack-edge.com%2Fdf10d%2Fimg%2Favatars%2Fava_0008-72.png",
            "first_name": "",
            "real_name": "Antonio Linares",
            "display_name": "Antonio Linares",
            "team": "TJH5YU202",
            "name": "alinares",
            "is_restricted": false,
            "is_ultra_restricted": false
        },
        "blocks": [
            {
                "type": "rich_text",
                "block_id": "oLf\/Z",
                "elements": [
                    {
                        "type": "rich_text_section",
                        "elements": [
                            {
                                "type": "text",
                                "text": "buenos dias "
                            },
                            {
                                "type": "emoji",
                                "name": "sunny"
                            }
                        ]
                    }
                ]
            }
        ]
    }
]