[
    {
        "user": "UM99QAYNB",
        "type": "message",
        "subtype": "channel_join",
        "ts": "1565408056.000200",
        "text": "<@UM99QAYNB> se ha unido al canal"
    },
    {
        "client_msg_id": "efbb8d1d-465c-4898-a9fa-d6197596169b",
        "type": "message",
        "text": "Joined for English. I refer to Spanish channel and translate.",
        "user": "UM99QAYNB",
        "ts": "1565408218.001700",
        "team": "TJH5YU202",
        "user_team": "TJH5YU202",
        "source_team": "TJH5YU202",
        "user_profile": {
            "avatar_hash": "g6ec61250d91",
            "image_72": "https:\/\/secure.gravatar.com\/avatar\/246ec61250d91ef0909fcfab7e788886.jpg?s=72&d=https%3A%2F%2Fa.slack-edge.com%2F80588%2Fimg%2Favatars%2Fuser_shapes%2Fava_0024-72.png",
            "first_name": "",
            "real_name": "Jonathan Hodder",
            "display_name": "Jonathan Hodder",
            "team": "TJH5YU202",
            "name": "jonathan",
            "is_restricted": false,
            "is_ultra_restricted": false
        }
    }
]