[
    {
        "user": "UJU2ZLJBW",
        "type": "message",
        "subtype": "channel_join",
        "ts": "1562438212.000200",
        "text": "<@UJU2ZLJBW> se ha unido al canal"
    },
    {
        "user": "UJU2ZLJBW",
        "type": "message",
        "subtype": "channel_purpose",
        "ts": "1562438212.000300",
        "text": "<@UJU2ZLJBW> ha definido la finalidad del canal: For English speakers",
        "purpose": "For English speakers"
    },
    {
        "user": "UJU2ZLJBW",
        "type": "message",
        "subtype": "channel_name",
        "ts": "1562438443.000400",
        "text": "<@UJU2ZLJBW> ha cambiado el nombre del canal de \"modeharbour_en\" a \"modharbour_en\"",
        "old_name": "modeharbour_en",
        "name": "modharbour_en"
    }
]