[
    {
        "user": "UJK7SNX51",
        "type": "message",
        "subtype": "channel_join",
        "ts": "1562598868.000200",
        "text": "<@UJK7SNX51> se ha unido al canal"
    },
    {
        "user": "UJQPYC1AM",
        "type": "message",
        "subtype": "channel_join",
        "ts": "1562599886.000400",
        "text": "<@UJQPYC1AM> se ha unido al canal"
    },
    {
        "user": "UJKQTKEPL",
        "type": "message",
        "subtype": "channel_join",
        "ts": "1562600926.000600",
        "text": "<@UJKQTKEPL> se ha unido al canal"
    },
    {
        "user": "UJH8HAJQ2",
        "type": "message",
        "subtype": "channel_join",
        "ts": "1562603967.000800",
        "text": "<@UJH8HAJQ2> se ha unido al canal"
    },
    {
        "user": "UJWGS5U6T",
        "type": "message",
        "subtype": "channel_join",
        "ts": "1562609210.001000",
        "text": "<@UJWGS5U6T> se ha unido al canal"
    },
    {
        "user": "UJULQCHL5",
        "type": "message",
        "subtype": "channel_join",
        "ts": "1562612463.001200",
        "text": "<@UJULQCHL5> se ha unido al canal"
    }
]