[
{
    "id": "CJUHF8SBX",
    "name": "modharbour",
    "created": 1558363759,
    "creator": "UJU2ZLJBW",
    "is_archived": false,
    "is_general": false,
    "members": [
        "UJH8DPY58",
        "UJH8HAJQ2",
        "UJH8KKHQB",
        "UJH8PDR35",
        "UJH8Q8JDQ",
        "UJH8ZDJ2F",
        "UJHACB1M1",
        "UJHD0S3FU",
        "UJHD6A81H",
        "UJHGC7Q5R",
        "UJHJDGV6W",
        "UJHK2Q8UT",
        "UJHKRACN7",
        "UJHL77J03",
        "UJHU0DERY",
        "UJJ3A9TR9",
        "UJJ96K98T",
        "UJJD31ADQ",
        "UJJM91LLA",
        "UJJNSR2V8",
        "UJK7SNX51",
        "UJKQTKEPL",
        "UJLCXB75Y",
        "UJLMKK81Y",
        "UJMG94NRY",
        "UJMQNSKCK",
        "UJN8D8U3B",
        "UJNB76C9F",
        "UJNB9FDSM",
        "UJNBZP9KK",
        "UJNCB6NGZ",
        "UJNEM6G7K",
        "UJNFYADR7",
        "UJP03S59P",
        "UJP2S0JG3",
        "UJP3M5Z27",
        "UJP64AQN5",
        "UJPQ9BE9X",
        "UJQF5UK6E",
        "UJQPYC1AM",
        "UJQVBKB7U",
        "UJR3T68P3",
        "UJRBDNTLZ",
        "UJRQZMTAM",
        "UJU2ZLJBW",
        "UJU3NMK0U",
        "UJU5AHSKT",
        "UJU5KF40L",
        "UJU6CJX3N",
        "UJU6D66Q4",
        "UJU6EJHU4",
        "UJUEYPS76",
        "UJUFNFMFE",
        "UJUHTRR28",
        "UJUJ98L1J",
        "UJUJLTWMT",
        "UJUL6623X",
        "UJULAGJG5",
        "UJULFA021",
        "UJULPE8RW",
        "UJULQCHL5",
        "UJULSF7E1",
        "UJUM34LER",
        "UJUN0TLBW",
        "UJUN3GXNC",
        "UJUN8JZR6",
        "UJUNDNRAQ",
        "UJUP0N221",
        "UJUP7JU9E",
        "UJUPHEAPP",
        "UJUQE7X2R",
        "UJURBDZ6U",
        "UJUS0GT8D",
        "UJUSD6VB2",
        "UJUSQ34S0",
        "UJV10QJCC",
        "UJV12UW9W",
        "UJV1HRVB6",
        "UJV24GZT7",
        "UJV2VSQAZ",
        "UJV4XG3J4",
        "UJV598NFJ",
        "UJV76NZ8Q",
        "UJV90Q7HB",
        "UJVAZ9E2Y",
        "UJVB4M0DN",
        "UJVF4N84Q",
        "UJW281FMK",
        "UJW6NRHPA",
        "UJWGS5U6T",
        "UJWGTCNS3",
        "UJWJHT14P",
        "UJWJTJ65D",
        "UJWL69Z8X",
        "UJWMTB0T1",
        "UJWR5N32S",
        "UJWRL1Y77",
        "UJWU1NLQ6",
        "UJWU9P1LP",
        "UJWV3HUKH",
        "UJX314PFY",
        "UJX32B694",
        "UJX3VLXK8",
        "UJX4C0P1U",
        "UJX4HSRUP",
        "UJXA501RC",
        "UJXCA9VE2",
        "UJXD6MMFZ",
        "UJXFG9D2S",
        "UJXK6SVHU",
        "UJXP7LS78",
        "UJY1SQ6MB",
        "UJY3GFN2V",
        "UJY5ETCA1",
        "UJY5KM724",
        "UJY6ZUCSH",
        "UJYP33LDN",
        "UJYP5GGNL",
        "UJYQFNHFS",
        "UJYUK5THC",
        "UJZ7DQX8C",
        "UJZF4V51N",
        "UJZV0T6HZ",
        "UK07V2S6S",
        "UK0922GAC",
        "UK0BTDA3C",
        "UK0JHC0UW",
        "UK15KFSMT",
        "UK1AKPV0F",
        "UK1L4F0NS",
        "UK1UB15U6",
        "UK215QNLF",
        "UK28N3CER",
        "UK49CRGNT",
        "UK4BLGK8F",
        "UK88RQLJE",
        "UK8KRQ6JZ",
        "UK8QEFNGZ",
        "UKAU9T6ET",
        "UKDEXSQJ0",
        "UKE0GJWE8",
        "UKE79TB1D",
        "UKENHGVCZ",
        "UKGM5MTBQ",
        "UKMRM8K16",
        "UKZJJF8R1",
        "UL77SJTB2",
        "UM81W8B0Q",
        "UM99QAYNB",
        "UMEKEE1M5",
        "UMJ74NJAH",
        "UMZ3LNV5Z",
        "UN25G20BD",
        "UN7FXC1L1",
        "UNAHBRTFA",
        "UNG79HVT2",
        "UP07YM8GZ",
        "UPK8HA95J",
        "UPME0K7NG",
        "UPMFPTAFR",
        "URQ8AJCQZ",
        "USZ8E4MDZ",
        "UT5KSAR61",
        "UTRD7A0V6",
        "UTTF8FR8X",
        "UUUUV8BGW",
        "U0108QAGAUF",
        "U012Z9CPFHR",
        "U01369UAQNQ",
        "U015CUP1T5Z",
        "U015KJT22MP",
        "U01649VEZNH",
        "U0164TN9J2Z",
        "U0168K9UZUK",
        "U016JJSHGKB",
        "U016PSGT3S9",
        "U016R6PA9TK",
        "U01BLP4A4J3",
        "U01CSM826JC",
        "U01CSM83QTS"
    ],
    "pins": [
        {
            "id": "1572891319.190600",
            "type": "C",
            "created": 1572893139,
            "user": "UJUJLTWMT",
            "owner": "UJUJLTWMT"
        },
        {
            "id": "1584577053.443400",
            "type": "C",
            "created": 1584609404,
            "user": "UJUJLTWMT",
            "owner": "UJUJLTWMT"
        },
        {
            "id": "1584577081.443700",
            "type": "C",
            "created": 1584609417,
            "user": "UJUJLTWMT",
            "owner": "UJUJLTWMT"
        },
        {
            "id": "1584583792.444100",
            "type": "C",
            "created": 1584609435,
            "user": "UJUJLTWMT",
            "owner": "UJUJLTWMT"
        },
        {
            "id": "1584638109.483700",
            "type": "C",
            "created": 1584639789,
            "user": "U0108QAGAUF",
            "owner": "UJXP7LS78"
        },
        {
            "id": "1585151674.013300",
            "type": "C",
            "created": 1585151950,
            "user": "UJUJLTWMT",
            "owner": "UJUJLTWMT"
        },
        {
            "id": "1585151696.013600",
            "type": "C",
            "created": 1585151958,
            "user": "UJUJLTWMT",
            "owner": "UJUJLTWMT"
        },
        {
            "id": "1587544943.099400",
            "type": "C",
            "created": 1587569573,
            "user": "UJUJLTWMT",
            "owner": "USZ8E4MDZ"
        },
        {
            "id": "1595323832.243600",
            "type": "C",
            "created": 1595727993,
            "user": "U016JJSHGKB",
            "owner": "UJWR5N32S"
        }
    ],
    "topic": {
        "value": "",
        "creator": "",
        "last_set": 0
    },
    "purpose": {
        "value": "",
        "creator": "",
        "last_set": 0
    }
},
{
    "id": "CJUJGT1S4",
    "name": "varios",
    "created": 1558363758,
    "creator": "UJU2ZLJBW",
    "is_archived": false,
    "is_general": false,
    "members": [
        "UJH8DPY58",
        "UJH8HAJQ2",
        "UJH8KKHQB",
        "UJH8PDR35",
        "UJH8Q8JDQ",
        "UJH8ZDJ2F",
        "UJHACB1M1",
        "UJHD0S3FU",
        "UJHD6A81H",
        "UJHGC7Q5R",
        "UJHJDGV6W",
        "UJHK2Q8UT",
        "UJHKRACN7",
        "UJHL77J03",
        "UJHU0DERY",
        "UJJ3A9TR9",
        "UJJ96K98T",
        "UJJD31ADQ",
        "UJJM91LLA",
        "UJJNSR2V8",
        "UJK7SNX51",
        "UJKQTKEPL",
        "UJLCXB75Y",
        "UJLMKK81Y",
        "UJMG94NRY",
        "UJMQNSKCK",
        "UJN8D8U3B",
        "UJNB76C9F",
        "UJNB9FDSM",
        "UJNBZP9KK",
        "UJNCB6NGZ",
        "UJNEM6G7K",
        "UJNFYADR7",
        "UJP03S59P",
        "UJP2S0JG3",
        "UJP3M5Z27",
        "UJP64AQN5",
        "UJPQ9BE9X",
        "UJQF5UK6E",
        "UJQPYC1AM",
        "UJQVBKB7U",
        "UJR3T68P3",
        "UJRBDNTLZ",
        "UJRQZMTAM",
        "UJU2ZLJBW",
        "UJU3NMK0U",
        "UJU5AHSKT",
        "UJU5KF40L",
        "UJU6CJX3N",
        "UJU6D66Q4",
        "UJU6EJHU4",
        "UJUEYPS76",
        "UJUFNFMFE",
        "UJUHTRR28",
        "UJUJ98L1J",
        "UJUJLTWMT",
        "UJUL6623X",
        "UJULAGJG5",
        "UJULFA021",
        "UJULPE8RW",
        "UJULQCHL5",
        "UJULSF7E1",
        "UJUM34LER",
        "UJUN0TLBW",
        "UJUN3GXNC",
        "UJUN8JZR6",
        "UJUNDNRAQ",
        "UJUP0N221",
        "UJUP7JU9E",
        "UJUPHEAPP",
        "UJUQE7X2R",
        "UJURBDZ6U",
        "UJUS0GT8D",
        "UJUSD6VB2",
        "UJUSQ34S0",
        "UJV10QJCC",
        "UJV12UW9W",
        "UJV1HRVB6",
        "UJV24GZT7",
        "UJV2VSQAZ",
        "UJV4XG3J4",
        "UJV598NFJ",
        "UJV76NZ8Q",
        "UJV90Q7HB",
        "UJVAZ9E2Y",
        "UJVB4M0DN",
        "UJVF4N84Q",
        "UJW281FMK",
        "UJW6NRHPA",
        "UJWGS5U6T",
        "UJWGTCNS3",
        "UJWJHT14P",
        "UJWJTJ65D",
        "UJWL69Z8X",
        "UJWMTB0T1",
        "UJWR5N32S",
        "UJWRL1Y77",
        "UJWU1NLQ6",
        "UJWU9P1LP",
        "UJWV3HUKH",
        "UJX314PFY",
        "UJX32B694",
        "UJX3VLXK8",
        "UJX4C0P1U",
        "UJX4HSRUP",
        "UJXA501RC",
        "UJXCA9VE2",
        "UJXD6MMFZ",
        "UJXFG9D2S",
        "UJXK6SVHU",
        "UJXP7LS78",
        "UJY1SQ6MB",
        "UJY3GFN2V",
        "UJY5ETCA1",
        "UJY5KM724",
        "UJY6ZUCSH",
        "UJYP33LDN",
        "UJYP5GGNL",
        "UJYQFNHFS",
        "UJYUK5THC",
        "UJZ7DQX8C",
        "UJZF4V51N",
        "UJZV0T6HZ",
        "UK07V2S6S",
        "UK0922GAC",
        "UK0BTDA3C",
        "UK0JHC0UW",
        "UK15KFSMT",
        "UK1AKPV0F",
        "UK1L4F0NS",
        "UK1UB15U6",
        "UK215QNLF",
        "UK28N3CER",
        "UK49CRGNT",
        "UK4BLGK8F",
        "UK88RQLJE",
        "UK8KRQ6JZ",
        "UK8QEFNGZ",
        "UKAU9T6ET",
        "UKDEXSQJ0",
        "UKE0GJWE8",
        "UKE79TB1D",
        "UKENHGVCZ",
        "UKGM5MTBQ",
        "UKMRM8K16",
        "UKZJJF8R1",
        "UL77SJTB2",
        "UM81W8B0Q",
        "UM99QAYNB",
        "UMEKEE1M5",
        "UMJ74NJAH",
        "UMZ3LNV5Z",
        "UN25G20BD",
        "UN7FXC1L1",
        "UNAHBRTFA",
        "UNG79HVT2",
        "UP07YM8GZ",
        "UPK8HA95J",
        "UPME0K7NG",
        "UPMFPTAFR",
        "URQ8AJCQZ",
        "USZ8E4MDZ",
        "UT5KSAR61",
        "UTRD7A0V6",
        "UTTF8FR8X",
        "UUUUV8BGW",
        "U0108QAGAUF",
        "U012Z9CPFHR",
        "U01369UAQNQ",
        "U015CUP1T5Z",
        "U015KJT22MP",
        "U01649VEZNH",
        "U0164TN9J2Z",
        "U0168K9UZUK",
        "U016JJSHGKB",
        "U016PSGT3S9",
        "U016R6PA9TK",
        "U01BLP4A4J3",
        "U01CSM826JC",
        "U01CSM83QTS"
    ],
    "pins": [
        {
            "id": "1594644231.260900",
            "type": "C",
            "created": 1595077164,
            "user": "U016JJSHGKB",
            "owner": "UK28N3CER"
        }
    ],
    "topic": {
        "value": "Conversaciones ajenas al trabajo y charlas para socializar",
        "creator": "UJU2ZLJBW",
        "last_set": 1558363758
    },
    "purpose": {
        "value": "Un lugar para charlar, soltar tonterías y distraerte de otros canales más centrados en cuestiones relacionadas con el trabajo.",
        "creator": "UJU2ZLJBW",
        "last_set": 1558363758
    }
},
{
    "id": "CL6HGTURE",
    "name": "modharbour_en",
    "created": 1562438211,
    "creator": "UJU2ZLJBW",
    "is_archived": false,
    "is_general": false,
    "members": [
        "UJH8HAJQ2",
        "UJHD6A81H",
        "UJJNSR2V8",
        "UJK7SNX51",
        "UJKQTKEPL",
        "UJN8D8U3B",
        "UJNEM6G7K",
        "UJQPYC1AM",
        "UJRQZMTAM",
        "UJU2ZLJBW",
        "UJUJLTWMT",
        "UJULQCHL5",
        "UJV76NZ8Q",
        "UJVB4M0DN",
        "UJWGS5U6T",
        "UJWR5N32S",
        "UJWU9P1LP",
        "UJXP7LS78",
        "UK28N3CER",
        "UL77SJTB2",
        "UM81W8B0Q",
        "UM99QAYNB",
        "UMZ3LNV5Z",
        "UNAHBRTFA",
        "UP07YM8GZ",
        "UPK8HA95J",
        "UPMFPTAFR",
        "URQ8AJCQZ",
        "USZ8E4MDZ",
        "UT5KSAR61",
        "U015CUP1T5Z",
        "U016JJSHGKB",
        "U016PSGT3S9"
    ],
    "topic": {
        "value": "",
        "creator": "",
        "last_set": 0
    },
    "purpose": {
        "value": "For English speakers",
        "creator": "UJU2ZLJBW",
        "last_set": 1562438212
    }
}
]